/*--------------------------------*- C++ -*----------------------------------*\
| =========                 |                                                 |
| \\      /  F ield         | OpenFOAM: The Open Source CFD Toolbox           |
|  \\    /   O peration     | Version:  2412                                  |
|   \\  /    A nd           | Website:  www.openfoam.com                      |
|    \\/     M anipulation  |                                                 |
\*---------------------------------------------------------------------------*/
FoamFile
{
    version     2.0;
    format      ascii;
    arch        "LSB;label=32;scalar=64";
    class       volScalarField;
    location    "0.0019";
    object      p;
}
// * * * * * * * * * * * * * * * * * * * * * * * * * * * * * * * * * * * * * //

dimensions      [0 2 -2 0 0 0 0];

internalField   nonuniform List<scalar> 
32691
(
1.2796743623448
1.2815267031959
1.320278935803
1.2300671767299
1.2660229556371
1.2807465835959
1.2565974628518
1.3067912179792
1.2482528836622
1.2844444104806
1.3307716979633
1.3387460315636
1.2775437138292
1.2907675605271
1.3503699924428
1.3124370939187
1.3586040247346
1.3998861654467
1.3197221083974
1.2812869545098
1.3163228989421
1.3447155926782
1.2774214318204
1.3233142264211
1.3236333732034
1.2676086682554
1.2679417053416
1.3609593486619
1.3134094017183
1.269178484084
1.3679762020058
1.3109867098943
1.269154922392
1.3312644404661
1.2942982049571
1.2947500371657
1.2805518929122
1.3329855364152
1.3136872132923
1.2988085960065
1.2764476609592
1.2676634093761
1.3244243629644
1.3087517883864
1.2885232213519
1.3309443160596
1.3094920366504
1.3720963352922
1.367311706844
1.2645679763608
1.2793123702011
1.2792857262676
1.3098426079407
1.281209578027
1.3453834546935
1.2814372276784
1.3171054248205
1.2741344886282
1.2369183611068
1.3068915058659
1.3350170849947
1.2461663481314
1.2338823642399
1.2988561389327
1.2897112911496
1.3117756404645
1.2830312347275
1.3447623273414
1.4269015488413
1.2269832792094
1.3300299356635
1.3911277756988
1.2470471423178
1.3670906379548
1.2813002119155
1.26015809163
1.2565368084893
1.2771688406663
1.3175060397156
1.317814350464
1.3369605392735
1.3082731028402
1.2148338165217
1.244334826266
1.3307639065897
1.2715106310773
1.2248434684511
1.2589554792583
1.2296325526534
1.3128827955213
1.3323607542813
1.2893057008866
1.3212704440064
1.3045883132975
1.370225620008
1.3425023809417
1.3434662067464
1.2239246098379
1.2852422594209
1.3347469911431
1.3870769683431
1.2420409003967
1.2360354613449
1.3469709850587
1.2696448525028
1.2324206241197
1.2100153743851
1.233844738608
1.2727740471705
1.3067339929259
1.2680837065999
1.3786274098009
1.2810475801541
1.3657220904178
1.2721582157876
1.2473066865729
1.2374442263983
1.2729643063348
1.317389905253
1.3518202924302
1.2524610840248
1.2318783786134
1.2399565968607
1.2989239255451
1.2979452773579
1.3663730607428
1.3238150759764
1.262689891056
1.3092291556007
1.316980120871
1.3450407271091
1.3262484770198
1.3957169013205
1.3377152606158
1.2534310689101
1.2210426094454
1.2976164326399
1.3448310686478
1.3554726161419
1.3225278093538
1.206552510632
1.2070150623572
1.2966824405501
1.2947029634976
1.2632003843318
1.2341522765603
1.2669554621664
1.2111735761989
1.2204574905432
1.2274224103513
1.2283901433368
1.2947784687857
1.2890598345573
1.2605821034525
1.2577668581638
1.3316993715343
1.3627521847149
1.3454336878104
1.3171564065882
1.3466778440386
1.2843444522698
1.2484767776668
1.2406430297353
1.2141179140043
1.2810887820401
1.2990603935652
1.2212047581132
1.2842837973249
1.2543374775421
1.2099340338618
1.2939072584099
1.3234765082931
1.366163549419
1.2630778633827
1.2352423661764
1.2360093295037
1.3966479892049
1.3561690062867
1.4113693962881
1.3981312533022
1.352975168402
1.3319800160657
1.3146480417137
1.211131859429
1.1995443697064
1.2656203201179
1.3507852400802
1.3187130529826
1.3292092639716
1.3518860390664
1.240797213137
1.2206813874989
1.1631241154676
1.2577420759667
1.3159427658788
1.2793154297276
1.2189604728585
1.26167924998
1.197689363834
1.2039990110268
1.2437544954066
1.2813942469197
1.1499249834224
1.1948088101903
1.2078595374867
1.2089287837997
1.2123119822838
1.2077536015768
1.2527386974746
1.2352316428175
1.2929054453653
1.2445333901064
1.2639090306943
1.2219875593166
1.2279535780748
1.3354565199569
1.3532822514662
1.3494129817628
1.2508736834272
1.2825182863435
1.3212315687116
1.2656177188011
1.2541171311536
1.2069473813386
1.256059192861
1.2692942942145
1.2246674852204
1.2241517565127
1.2129988293173
1.2209149049619
1.1748401276819
1.2571275717966
1.2645478368686
1.314245280295
1.2851731955641
1.2103515804419
1.2755318383792
1.2565338485707
1.3103594662044
1.3865940419689
1.3390550262439
1.3115038996848
1.4207734314046
1.3431883118597
1.314574912756
1.3384705772548
1.3073328847147
1.2882389676593
1.2352668423413
1.1728820374116
1.3284054553289
1.3379995562472
1.3166564369951
1.3492687587023
1.3741702617093
1.2692378111823
1.1894859994189
1.1495960316634
1.1332403371595
1.2268001732301
1.2574101483562
1.2849663938947
1.2719606807283
1.2770988614629
1.2819195260148
1.1961732263336
1.206905347217
1.2099789070551
1.1733704710023
1.2143332893234
1.2397206751342
1.2250458256054
1.234520528591
1.1460289564247
1.1466809017391
1.1803079155378
1.1655878789394
1.2166732936803
1.1602864883412
1.210691762833
1.1807939903034
1.2423913768316
1.2191947005269
1.2691874873963
1.2522636731838
1.2187047899398
1.1975445251059
1.2108211440694
1.3076052764048
1.3117069982113
1.2735808586011
1.2727568165438
1.3251604324904
1.3356706007785
1.3470456552303
1.2976499205135
1.3253241774587
1.2543296296488
1.2994395385205
1.2545193832342
1.2742053424619
1.276328309692
1.3114033051945
1.238094634998
1.2628031990139
1.2213288948862
1.2870542130183
1.1410706807986
1.2816837022383
1.1721799644402
1.3096903629177
1.2803647742737
1.2286522377988
1.2143760693435
1.2464270383455
1.2416023559969
1.2555408757409
1.3595685141686
1.3076214136047
1.3526511713933
1.3066195191678
1.3397473254453
1.3265990532728
1.2947607362121
1.3040245915039
1.2691481465972
1.3360396990564
1.3327484705858
1.2893859591064
1.2607359499328
1.2165542864521
1.1941237430913
1.1390725069989
1.1425964230515
1.3883270997489
1.3227676685685
1.3322867180949
1.3204840931552
1.3729425969045
1.3459963747045
1.3262246902023
1.2437631959177
1.169834134462
1.1838266324294
1.1226179254784
1.1179088527595
1.1160573558227
1.2033475376673
1.2565273677653
1.2181729293709
1.2545888551049
1.3051093666847
1.2459200038194
1.2368283134303
1.2772457446546
1.2483515098191
1.1781531490152
1.1731578510534
1.1730157617721
1.2195819442953
1.2282843572068
1.1635509928142
1.1397056449867
1.1650335327368
1.2462847522098
1.1943697193311
1.1959289826926
1.1192544251316
1.1250556021482
1.1275976041577
1.1224176975971
1.1632083180864
1.1342344428765
1.19939791571
1.1823667112029
1.2172269955636
1.1842339722989
1.1615474349297
1.2250655927694
1.2476748560857
1.1890805977567
1.2592212376917
1.2304428308581
1.2052188009358
1.1856090361545
1.1957481818276
1.3259536233027
1.3000401352226
1.342477950356
1.3384905952399
1.3475018939017
1.3274564547669
1.3191585990205
1.3361651103691
1.2925114875128
1.2960127854707
1.2396065417969
1.2358991006935
1.2677278892179
1.2551470932111
1.1997002837666
1.2252158750412
1.1546183523226
1.2583338134291
1.2249168875758
1.1073116566356
1.2437593796201
1.3056700247014
1.2552919701733
1.2118748239472
1.2069177894452
1.2572746356395
1.2295090941145
1.2205805141849
1.3514177410696
1.3110916667663
1.3308238641362
1.2920850366557
1.2770900041462
1.2810110635166
1.2809412714352
1.2808758616589
1.2687301496771
1.2761390724221
1.3463519624275
1.2929283842259
1.2521348236563
1.2798965632654
1.2440674601168
1.1731354849821
1.1085636443016
1.3388951516146
1.3894640742027
1.3210057422913
1.2984699314612
1.327960666403
1.2847639786232
1.3910501929571
1.3034897128103
1.2371568696127
1.1023500436399
1.1318787954455
1.133922011623
1.0946960333086
1.124488523428
1.0723688717072
1.0359261292974
1.1846367452897
1.2740107475357
1.2093012992088
1.1840325414779
1.1900100892363
1.2541186619371
1.2679811241857
1.2120671774297
1.2339791536117
1.2319325012355
1.2353626105063
1.1455822078932
1.1946525448797
1.1799666463921
1.1340304041923
1.1343124905263
1.2069339965171
1.210788617753
1.2058336643379
1.119047062212
1.1056174630032
1.1427159201818
1.191785277092
1.2231363017193
1.1929432665616
1.1907481101676
1.0818266456464
1.0826570006314
1.117489023054
1.1432333469247
1.0988367659831
1.1551712588377
1.1292042015481
1.1818830636734
1.1159118890829
1.2105693696105
1.1058071615217
1.1772814494882
1.2167016000402
1.1597524867616
1.1359795572992
1.2313422973305
1.2100956349354
1.2090571263201
1.2679033224077
1.2369979328529
1.2576410121136
1.2242841287302
1.1765917569161
1.1810438152787
1.1832802470166
1.3000465413435
1.3227774065573
1.2837243292445
1.2575714806933
1.3341436252816
1.3437213204416
1.3577833187662
1.373498777673
1.3330525984239
1.3019033487005
1.2948615158751
1.3329566042546
1.2434485579367
1.2266505960221
1.2400252995493
1.2757803188523
1.306308815078
1.1445408352231
1.1450547193953
1.1785995443205
1.1425786438529
1.2413398918442
1.0995619684815
1.0685871195827
1.1622640352174
1.2564250247917
1.2390040909276
1.2020204338832
1.2137386174732
1.2210994200696
1.2221070007857
1.3487550648794
1.3393916331558
1.309856401596
1.3066602127997
1.296537128656
1.3023769196502
1.2815262235503
1.3338950059603
1.267833024035
1.3462691820726
1.3253434178126
1.3561678860215
1.3040598162394
1.286152037967
1.2581834642603
1.2642205960524
1.2295839623555
1.2562571319387
1.1459269682052
1.1340944560335
1.0624700089744
1.2952441979554
1.2981228442226
1.4226509222306
1.2952919025783
1.2628520693128
1.3206899290245
1.2918560556845
1.257335707801
1.3698914952723
1.2661630553862
1.2818311354837
1.1726553215903
1.0402700881602
1.0863715453426
1.0368190118524
1.0685368757779
1.0628504990763
1.0417131280297
1.0350692530976
1.1414522985764
1.2365146645968
1.1854039590534
1.2018010268135
1.1697445018784
1.1845986075852
1.2274464122992
1.2399721794153
1.1828011490173
1.2298038495509
1.20438638471
1.1086774921354
1.1330241108332
1.1819011286358
1.1673446278682
1.1533565959268
1.1048495449159
1.1021213841586
1.1883466829921
1.1061969459759
1.0827424570761
1.0780066235348
1.1499813626432
1.20887635479
1.1795487636656
1.0468877652179
1.1096228217426
1.1345110169159
1.0634185479202
1.123888814344
1.1214249530865
1.1762544666436
1.0846170355057
1.1338069345626
1.1796566953125
1.1875774355599
1.0666744197277
1.0708783837705
1.1644734727265
1.1835006274162
1.1029611846973
1.2677670139341
1.1426081115041
1.1494936320397
1.241511960896
1.247789399885
1.2548403313956
1.2735737919502
1.2297854275725
1.257327196767
1.1610472059134
1.1688976693062
1.3132190177119
1.2745139428429
1.2901446446598
1.2987326144479
1.3108857531844
1.2988061978033
1.3027286068054
1.3863990415764
1.3529465407451
1.2929362900656
1.357239301935
1.383807886906
1.2745386662077
1.3053031999983
1.2283859895129
1.2420611176652
1.2149480600686
1.0727697053735
1.1179087361866
1.1864122277074
1.1289368544233
1.1425349568075
1.2502921971921
1.0348755904182
0.98664193503603
1.1527413156335
1.2888292254283
1.2405774718056
1.1983485794285
1.2395994583975
1.2452298303238
1.2381041711559
1.2764659560687
1.3222987813603
1.3043368506142
1.3022596640844
1.247720530412
1.3424634181256
1.3693064859637
1.2757773978315
1.2449871122178
1.3153564629313
1.3419321969349
1.3154149668655
1.3018778392682
1.2992616726329
1.2760481912073
1.2444807028976
1.245112730485
1.2197113479263
1.2352790130966
1.07069639287
1.070160268459
1.3466153705933
1.398943383677
1.2691308326867
1.3397144286543
1.3084468064566
1.2917486891017
1.2680142523907
1.2462241491776
1.2212518611875
1.329648773711
1.2856932606921
1.2569240309872
1.238763683942
1.3413519556751
1.3163456154275
1.2406960872262
1.261867740614
1.1302155888887
0.99811963286421
0.99738448760298
1.0500159388323
1.0264473843462
1.0083980720716
1.0460270062678
1.0761443121072
1.0409459039689
0.99916913291602
0.99238892308744
1.0076249894142
0.98069237284688
1.1120384168307
1.2065780727629
1.1664325632249
1.1827615521773
1.1830248997199
1.1350802488232
1.1312666524467
1.2072543171358
1.2492568597017
1.1916460456572
1.1754338142566
1.2215016872999
1.1661357733444
1.0723908411299
1.0756519256836
1.0919530151525
1.1424629194835
1.1503121794528
1.1458595131743
1.1228575368587
1.0936255418972
1.0759481842089
1.1631081256937
1.1876847170279
1.0914511230028
1.0777570801856
1.0154706138329
0.98312125921169
1.1235066288114
1.2194031905435
1.1507380383981
1.0188613214041
1.0320434389293
1.1187197886958
1.1176028444797
1.0578139796225
1.1043067260538
1.0631221366154
1.1007700571252
1.1941356828959
1.1743169755782
1.1084042508109
1.0553382920471
1.1931678487139
1.1126974136011
1.0905396678136
1.2228698498163
1.1979491191015
1.0861095487813
1.2092537329712
1.1397097292244
1.130044329785
1.2403590308846
1.2277477578015
1.2574435310373
1.2600364530083
1.2326559935423
1.245361092388
1.1472188995999
1.1640170751208
1.3092286098787
1.2851523681868
1.3220919312543
1.2256343853157
1.2745823220609
1.336531235391
1.3224564377695
1.348595554482
1.3187582757674
1.319990455942
1.3254483420896
1.3253973561514
1.3177961487761
1.2984451164878
1.2307286875525
1.3020852466413
1.0636704270142
1.1350252683262
1.1314066437429
1.2205408450448
1.0471699168158
1.1188954277475
1.0026122161399
1.0049901911456
0.94349171439624
1.0469512002231
1.2775360616188
1.2964992589477
1.2034126428852
1.1521798676357
1.2207256609969
1.2726831074424
1.2305702285054
1.350114058486
1.2761059214334
1.2949219237547
1.3100346664776
1.3476254354489
1.3284986242649
1.2745769610787
1.3579451242063
1.3323440755821
1.2792986160254
1.2817842659039
1.2258596919585
1.2857429920649
1.3028571504231
1.2389619444271
1.2355211116626
1.1933906690529
1.2052334759939
1.226878503838
1.0030711872898
1.0063065692964
1.3118537015956
1.335806129058
1.3002250459155
1.263591589772
1.2928348568953
1.2959718954391
1.3230190591363
1.3088872680709
1.2661148221648
1.2727792840016
1.2542310646991
1.2474803690004
1.1989083821353
1.2216955711981
1.1896886901557
1.3103023067977
1.3240373845644
1.2623687024372
1.2467105666266
1.2489511580211
1.3049080265407
1.2791573875682
1.2145792456237
1.2617638205129
1.2384560892157
1.0368204210237
1.0892182029655
0.92743948623018
0.91311416623571
0.95660230159438
0.96158843741054
1.023500824183
0.93179423536972
0.99791204742763
1.0488557448388
1.0173484257667
0.95908241990252
0.95765105359998
0.9550819442436
1.0842828501636
1.1915038494208
1.1278013619773
1.137942789675
1.1490829307077
1.0954535559592
1.171635749688
1.1841801282145
1.2311245753905
1.1932882094088
1.1437773370966
1.2176887491155
1.1834954673577
1.1594739724548
1.0415512076292
1.1050489572212
1.0628395974023
1.1213968933648
1.1393576116894
1.060721936579
1.0371495219596
1.147834696686
1.1742928480378
1.0584411127754
1.0336979580175
0.973164522937
0.97794008600138
1.1181931773097
0.97884519502378
1.0496655086057
0.99136179617603
1.1037928195681
1.1001362687907
1.0628029398679
1.0222893873682
1.0691649065104
1.0875823913681
1.1307724658726
1.1827462537663
1.1881384062046
1.220492044567
1.1176667016616
1.0807226502753
1.033514389418
1.0521449328065
1.1858850718654
1.1376328613803
1.0265299282906
1.2801559646442
1.2651195289409
1.1444018822819
1.0486840108278
1.2011010585276
1.1048306462269
1.0860680278552
1.2580426924069
1.2601367038094
1.2540479518
1.2205813244707
1.2167735349506
1.1005700061178
1.1607785920125
1.2708567511135
1.2952967432513
1.3387417799145
1.2609958805489
1.3036807146131
1.240377511976
1.3297822970788
1.286482428579
1.3614954854537
1.3455425058464
1.3431433963511
1.3285332201719
1.2820820196922
1.3643444358357
1.2838829415383
1.2378860126544
0.99858243131278
1.0442844080263
1.0843472807361
1.1755113333148
1.1516990034728
1.0707569194303
1.2437598040251
1.2167526960874
1.0218840514773
1.0472003746469
1.1617843607849
0.91746166035273
0.91714654900321
0.89087495971029
0.86525041920496
0.9574324782317
1.0369368409744
1.2791253841937
1.2198509221537
1.1911570015903
1.2064358308234
1.1518874565122
1.2428153158339
1.2581731428867
1.300882559898
1.2496590909604
1.3192101117527
1.3091114236696
1.3368168053802
1.3245311404519
1.3598320467955
1.3780496832139
1.2584249711812
1.3077654400442
1.286479913632
1.3540357198396
1.1656283389581
1.2353143351299
1.2645121106007
1.2643571656234
1.2043625676212
1.2907672435476
1.2605796719122
1.2265648041797
1.2071111261129
1.1941948804223
1.1533259395161
1.1921413943949
1.0395467935893
0.91562028975764
0.89244639577999
1.3055373736123
1.2960535574027
1.3184006555786
1.321460576477
1.2826751960149
1.2873135359086
1.2872727095985
1.30373447218
1.2924815250582
1.2776397287049
1.253961915238
1.2509442869244
1.2426205056232
1.2024150065668
1.1804755445621
1.194335137279
1.1789333470478
1.2863866658219
1.3184043970135
1.2662430666553
1.2292273255689
1.2516108621818
1.3097779389448
1.3132661483488
1.2140606546245
1.1832132460047
1.2290404402845
1.2357927472996
0.94931755529694
0.98877955619208
1.1365318582438
0.85393787047196
0.89344523303633
0.90105836567814
0.89771803574324
0.87361391460313
0.92068347488469
0.99063859500498
0.91712041195517
0.94451678494972
1.0391223077984
0.95843859069917
0.94272590770586
0.9132301001982
0.93785662400321
0.90344662246055
0.96369536768492
1.0530149384783
1.1633878126253
1.1313500787465
1.1240273925783
1.1355442797269
1.1303120031118
1.0669611190375
1.1435089838562
1.2023670313783
1.1368122094022
1.2091842430577
1.1876910388234
1.1426771145699
1.2021164550483
1.1877157579572
1.1613334412122
1.114787167017
1.0280975965692
1.0509055839473
1.0991131800113
1.0829492491921
1.033359128654
1.0614016470248
1.1381538601207
1.1092040641416
1.0523270401808
0.99771348079648
1.1311673538773
1.1440806598905
1.0771915561838
0.96954749997747
0.94845606293189
0.93151582354719
0.9403712644803
1.0101182060266
1.0592373146659
0.94237981657957
1.0910598558757
1.0573371179679
0.98248115910977
1.0096758952364
1.0854465528631
1.1443723395256
1.151986003555
1.2037741325694
1.2354321098589
1.1940236499149
1.0920660717745
0.99748623005298
1.0257945127679
1.198857215846
1.1414004892236
0.94284675197575
1.1049890720623
1.2108674462096
1.1154569813506
1.0868608191805
0.98991786547713
1.0753553690776
1.1035851780372
1.2218892057201
1.2415089104371
1.2329876343577
1.2263991298534
1.0792423596492
1.1111275421679
1.1648091359038
1.2784631422276
1.344288793179
1.2841523480579
1.2558613857566
1.2708590706645
1.2703718900281
1.3178188052038
1.3391691347618
1.3223281787196
1.2998674434013
1.303257861395
1.307785427408
1.3193492433272
1.3447184754794
1.3507110687818
1.2533708385489
0.96410173232669
1.052834640184
1.0638303438319
1.1596926773104
1.1739944506126
1.1953709328128
1.1210520162903
1.0201791213
1.2263466600343
1.2856843337549
1.2482473859106
0.95152027523514
0.9753482629969
1.0483197906744
0.85625388380466
0.86905351555483
0.80844813906156
0.82067691716255
0.8857046841009
0.89127136786456
0.92217160893613
1.2768049202453
1.2293590673485
1.2647373072849
1.3024766529114
1.2638305446962
1.3083970316411
1.3176999803723
1.3476481640393
1.3481989686521
1.308176940979
1.3457505014646
1.333127246907
1.2855412952221
1.3304142656653
1.3392012291979
1.2829608111168
1.2248967064148
1.2271620622725
1.2207562453072
1.2597178149272
1.2339259700483
1.2127496237542
1.2141864611278
1.2467633044943
1.2045708819763
1.1907947798685
1.1877237669277
1.2098071934575
1.1414315224747
1.1512633135289
1.1533993526309
0.91966461781946
0.80435339988914
0.87431899664517
0.79331575352691
1.3362412465076
1.3759691914349
1.3448439060211
1.3147131578091
1.3320053046975
1.2660356554902
1.2867562635836
1.2758819488539
1.3076939414214
1.3090935578552
1.2616349293087
1.2283502789383
1.2374141568827
1.2137892668316
1.1784072937145
1.179264779632
1.1699282130753
1.1612490337388
1.1712571478218
1.1865378044005
1.3316078005411
1.2541627050994
1.2345634062026
1.19252256839
1.2434097288189
1.239118595342
1.3472956740259
1.1865037020265
1.1819760997997
1.2536175882987
1.2103268870891
1.2554405842244
1.2056443845026
0.87867521571892
0.90059204685127
1.036344444243
0.84590686038088
0.79134714599667
0.85219433391899
0.79600054198373
0.8476866489137
0.86017964176071
0.87419108262347
0.76416058752561
0.90371707949204
0.91528908389854
0.84793558771969
0.89292545024369
0.95145064058605
1.0042552908625
0.95683578100142
0.92943272672283
0.88830216651629
0.89402604122735
0.88470482686021
0.89054679058198
1.01718776535
1.1641508262073
1.11704169116
1.1069384831095
1.0895590451608
1.1311371206888
1.1077480004989
1.0993825020057
1.0866497576896
1.0777944398271
1.129244212195
1.1646922030108
1.1162443188763
1.190761842137
1.1779034218634
1.1190687835359
1.1728551931369
1.0726167190875
0.97776944879207
0.99403827267746
1.084787640514
1.0032682474554
1.0840757137075
1.0393452668435
1.087277247078
1.053472783753
0.97796066964071
1.1446314674596
0.9340617804298
0.90503642023726
0.90038819792461
0.97438417348481
1.0218951556895
1.0331835420304
1.0602302687087
0.93537445152444
0.9272050083125
0.97909692117713
0.9906962152377
1.040110554393
1.0848887748017
1.1161749583577
1.1619550469282
1.2455272523797
1.2836104922332
1.2249412868648
1.164139112084
0.99790585456713
1.1250581864287
0.88400725181706
0.91201985328356
1.0449408362172
1.1151431578847
1.0344187312278
0.9995952974059
0.91341601331388
1.0573744477534
1.0693611304248
1.2209109816313
1.2523077512939
1.2272838680043
1.2009521734721
1.0345842833059
1.0596761411761
1.0969684784702
1.1423801690863
1.2720464191441
1.3495801164846
1.3006874214453
1.2502292361922
1.2541308032661
1.2591578843189
1.3121422703751
1.3458917548548
1.2929817979991
1.2885014879362
1.3289884476273
1.3296406132195
1.3489143894024
1.2806421875534
1.3298468862939
1.2751134871652
1.3092233466331
0.88940880853556
0.89986064575274
0.92729027974988
1.0642275345888
1.0303653946852
1.1822862743924
1.1114856310063
1.1482930289383
1.2020668506153
1.0580973036997
1.1596061332316
1.0316190169322
0.97077075543487
1.2392865379337
1.2781650455856
0.89692799372289
0.90282492175403
0.93651449419485
0.84281625779241
0.81786353731548
0.74757599404359
0.71484506746708
0.82846833307264
0.71534139195798
0.82308203089799
0.75761317793138
0.79352120192316
1.3009476852759
1.2220708121589
1.2663058120191
1.2866736044152
1.2829586671181
1.3575246548185
1.3191311827849
1.2631097727602
1.3725421563376
1.3624620320316
1.3094027279432
1.2381248028306
1.2592898151054
1.2710069562373
1.2281202699559
1.1921285282423
1.2247443843726
1.2009420049287
1.2320719676948
1.1995623129233
1.2274195148256
1.243523581755
1.2307534010501
1.1629160279912
1.1809046953927
1.1838262151002
1.2110784099966
1.0875022299362
1.1111090539658
1.1452887407514
0.7884529108281
0.74477130397832
0.77959193296373
0.70521560640099
1.3336837699558
1.3463660717274
1.3026690218849
1.3401868411335
1.2967695364266
1.3378853197202
1.2821552409262
1.2257229571493
1.2700793511721
1.2668814852637
1.2823001836015
1.2968239473126
1.3075526255816
1.2510316314574
1.2022951364012
1.2356856045424
1.2397583618073
1.2092717702496
1.200779146823
1.1793496614794
1.1583734006984
1.1606218081068
1.1191019944773
1.1637486554995
1.1263917576153
1.1804919511519
1.1821249729983
1.2538034154212
1.2222637296766
1.2515025052163
1.195514612492
1.2230864702812
1.3129606239992
1.3140562935031
1.1746042219576
1.183427512067
1.1379857589977
1.2594699510585
1.1894434699638
1.2340723056203
1.190865116239
0.76838440006859
0.90417198319806
1.0182062577853
0.77068242658879
0.71910610554377
0.76904693917569
0.70913915476979
0.76625306618345
0.84248196998321
0.83612259854293
0.7141456184215
0.86128211093573
0.72357273993928
0.83797793434723
0.86538235658749
0.87664311291745
0.90713773988501
1.0037119590834
0.96094494032534
0.94194374488806
0.88656271422524
0.85987314200386
0.8772461183792
0.866710368969
1.0388122610772
1.0023695267937
1.1240616374225
1.089035419586
1.052742191773
1.1133497926915
1.1062044054866
1.0778942488482
1.0516728993978
1.0915511788121
1.0522386939203
1.0971390906898
1.1180738070894
1.0867851054088
1.1768815293905
1.1768924730921
1.1451396148261
1.0943063454991
1.1457535820496
1.0710598704439
1.0405844873881
0.9566057661269
0.98053064167825
0.97443984268509
1.0441330370281
0.99840225296401
1.0918517217221
0.91909664212694
0.88627166395041
0.89441666294331
0.88004611386304
0.94101397779589
1.0314912139984
0.94540777319176
0.88831706614411
0.89348629302954
0.90467032438477
0.93452795201587
0.91943833204886
0.96835479227079
1.035747680823
1.0065938655516
1.1142677513477
1.0675670911077
1.1569847475243
1.199574988107
1.289184236911
1.2125179497299
1.1622013116236
0.98662077523183
0.93230256480538
0.82540056885074
0.97991026575708
1.0317401589324
1.0117230430892
0.9800672550809
0.87514037859251
0.85439114041645
1.2200731623693
1.2464009826352
1.2103445015466
1.2073782868995
1.002675428484
1.0216936243188
1.0822750754886
1.2724963272283
1.2524020338479
1.224434619528
1.2507643750914
1.2899988660147
1.2287156140534
1.2896849674499
1.3189261480943
1.3441817312446
1.3229676748259
1.3504263207054
1.3199657294049
1.3036189426452
1.3292634224238
1.2912908658644
1.3565056042561
0.77635507817311
0.79577618014137
0.86556883920142
1.0463903695746
1.0958884907706
0.96649705091681
1.0599141002566
1.171206251663
1.1163762621128
1.1161770826585
1.2304006455632
1.1334177048305
0.96180961586661
1.1706771771349
0.94382686215805
0.91895070986508
0.90252117737198
0.85089513680285
0.83375747693591
0.89796561846499
0.7838277708958
0.75912333497618
0.81466151912803
0.67722368401748
0.74469970885312
0.64409649558748
0.69144816384088
0.74574889184703
0.84846782593502
0.69805956581054
0.69436311265715
1.2435074340157
1.2758421434573
1.2722078371589
1.2565313516018
1.2947574389291
1.2757183201335
1.277639197568
1.2413212690382
1.3339873867261
1.3153207144924
1.308701128006
1.211011340444
1.2204382291968
1.2313007200665
1.2356569215098
1.3119772985598
1.2030858951344
1.2069075517816
1.2042555335008
1.2213077927062
1.2380109180248
1.2086315534759
1.2404116354908
1.2783695543612
1.1775101074458
1.1836323003501
1.1505648823392
1.1522508301112
1.1895539632179
1.1464952252702
1.2250847834925
1.2252679924551
1.0913520248016
1.0987389763087
0.73193809599646
0.67069196666828
0.67978329302187
0.65786336168184
1.3347559654244
1.3578591567404
1.3248218736923
1.3815264203355
1.3540809441358
1.2926037629336
1.294535434913
1.2494396847602
1.2023946507711
1.2786693809451
1.2579605408588
1.2796565123597
1.316231839141
1.2813490175014
1.2237945452093
1.1728252052209
1.1850717577537
1.2251901282152
1.2082339950347
1.1836049494273
1.1309554732228
1.169115675747
1.113542811331
1.1235815285725
1.1875353526414
1.1300479572894
1.0921990956915
1.1301063296942
1.1408675761102
1.2277065460796
1.2810417621399
1.224089692027
1.155070109896
1.1901079596521
1.2812976630215
1.3353363171405
1.3199609088765
1.1410330787742
1.1276932841313
1.1573387746638
1.2057921055175
1.2561010358981
1.1802236606163
1.2423757443066
1.1981992782551
1.1761242955516
0.68790456085804
0.84681588610525
0.79066231985516
0.71943258804807
0.7052245600256
0.67872109166231
0.70033352359955
0.71777106004828
0.65837075959284
0.77646652308341
0.75863985743069
0.78748676940891
0.65456079975346
0.58783049615471
0.66981969624942
0.68941914435111
0.8071092174156
0.82170274525772
0.89870459772586
0.93359877799622
0.91466839427623
0.83191731979493
0.81651904352116
0.84778020615235
0.85855684271263
0.83848134460844
0.991349452046
0.96948248266527
0.96642484006581
1.0773693171185
1.0867832236469
1.050229225569
1.0961348502058
1.0196344360737
1.0591615275909
1.0465891143796
1.1206647275829
1.0887146362016
1.0671819009997
1.1366292351818
1.151893694874
1.1215464483436
1.0974761318146
1.152741158587
1.0345975567237
0.98695062302218
0.94923969426869
0.9346926809452
0.93821278825468
1.0131716226643
0.96822815057874
1.0870907451405
0.8794322548427
0.89042804628675
0.85914222270423
0.86638044037621
0.81350550066899
0.9338283106077
0.99448646566964
1.0293686422292
0.89238931854144
0.89672597282161
0.87238905694197
0.85031271982551
0.89910472228552
0.87974050293509
0.90621556409812
1.0541625360675
0.9885952026765
1.1370927380196
1.0180335035889
1.0973958688168
1.2039571379579
1.2388256251853
1.2779219031121
1.1957220603877
0.95032241570586
0.83654855046215
0.81426010667889
0.75088730712642
0.91239788059696
0.88557787148667
0.88275825910108
1.0159660350028
0.86986022607915
0.80077436669584
1.2269293725714
1.2893568091834
1.2098859787325
0.96561735843136
1.065896122664
1.3042276705959
1.22425682344
1.1891060585907
1.2719986896956
1.2493397438439
1.257149232828
1.3095370897346
1.2308634323933
1.3304597178141
1.2934720783654
1.3306205494835
1.3365649174787
1.3265217684139
1.3365973745008
1.3290167756042
0.76331678110972
0.99476684456814
1.0759343888371
0.94901378993977
0.97953157257396
1.1985617614221
1.1084396732934
1.1214696053849
1.2048022715366
1.0323272693976
0.96030358642021
0.86950787123384
0.87768296369391
0.75957302805956
0.7263005837996
0.74423797926553
0.75153132500809
0.77823953553532
0.76195761184358
0.69879044422594
0.60132925107894
0.64219851957559
0.60105688468063
0.75226176879562
0.6859052740814
0.8003719820072
0.57443769123052
0.66471620019665
0.57872918092629
1.3237319025113
1.3482616809631
1.2793324781112
1.2539730436942
1.3298213092761
1.3053794068357
1.274652239435
1.2423703322876
1.2135282546441
1.241981779489
1.2685144716482
1.2567668389945
1.246324487265
1.226581638038
1.2257097434074
1.2122777723722
1.2086596596237
1.2045945185641
1.168688977599
1.236072669649
1.174512715277
1.2223706902443
1.170789523542
1.141008961949
1.1481852293469
1.0978634016425
1.1586659382793
1.1134143658877
1.1449322220743
1.1999090109427
1.1119096361674
1.2253682411951
1.3256187810271
1.0615313125345
1.0855331173938
0.58828857660499
0.57575110866116
0.58026652945569
0.58913263442853
1.3120735165361
1.3208808557544
1.282216603912
1.3299012209204
1.2854168540522
1.224616146095
1.239560119617
1.1891875275345
1.2794584853866
1.2796371242055
1.2301706196192
1.3133178575317
1.2939873192758
1.2211757088871
1.1854859921962
1.188728716955
1.2076473492908
1.1629392797554
1.1115941458108
1.1305498972381
1.0932959334612
1.1074940577839
1.1516844460456
1.117837562661
1.0831881309104
1.0835812625487
1.1409984483213
1.1471444229611
1.2279153774077
1.2664606532688
1.2035255293495
1.1768909068572
1.1818007830719
1.2686068812654
1.3316155321282
1.2807313564706
1.3690630461643
1.1038952799209
1.1308236646166
1.212129389359
1.2335776479535
1.1823079840809
1.1414394526351
1.2088343882853
1.1924498656664
1.135150103115
0.5686900289263
0.71967325352872
0.75681618477563
0.77192806317656
0.70746565568451
0.6684514096718
0.64485014161786
0.6591288462466
0.60099195328856
0.63460335996637
0.64900113754733
0.59096181632623
0.75943162447468
0.72761472763215
0.69377338783655
0.55920498801744
0.58011532772942
0.68103244157683
0.63200665510618
0.79023321308165
0.78272430437935
0.81589604897224
0.85833255568204
0.89836057017846
0.86418559756768
0.92648158596587
0.82064794816348
0.80196599900025
0.85856273467086
0.79451493920664
0.78411746386658
1.0059577357142
0.95342906594215
0.94403567606192
1.0476585930043
1.0519852517364
1.0365645672473
1.0908740513507
0.99379621284227
1.0443331511377
1.1017292476565
1.0916244098303
1.0106308438733
1.1293332949862
1.17392616264
1.1465589745346
1.0665962993799
1.1255987417839
1.0625016966824
1.0011179341551
0.9766135888447
0.97119327393067
0.92871492865488
0.94267258204583
0.8935027133323
0.98766956269399
0.95003889276779
0.83213068704481
0.85467584857738
0.82032249503275
0.88070013293257
0.9541610186493
0.98852548585829
0.86560152302611
0.90551862593929
0.88881279917693
0.80176115235783
0.86453324177828
0.79094451787834
0.88357039058541
0.84003541397256
1.0449820094213
1.0372084150854
0.93181161361777
1.1201586128005
1.1832435434746
1.0004097778609
1.1086606617677
1.0910967783386
1.2040249823285
1.1883298194451
0.94011022449982
0.7183647562236
0.83361929365951
0.82320013331462
0.71934297194689
0.82166925063179
0.86570834371617
0.86333866988508
0.76199908269206
1.2765482782818
1.2024889186079
1.2872648543607
1.2513152682449
1.2223423407752
1.2018650421429
1.2852298068756
1.2562506743238
1.3137227249304
1.2648684945917
1.305583158987
1.3146639557012
1.3173568229902
1.3162483433744
1.3036091459897
1.3616906828491
1.2771468647577
0.63576678029721
0.94679455377112
0.99460123539062
0.99545821846215
0.95066903004763
0.89106116261051
1.0090704597256
1.2227484982053
1.0772186752495
1.1031250690286
1.1365955654234
1.0212536638606
1.1891882985782
0.88187998567799
0.91044043510681
0.76342850441928
0.86537940290396
0.82521825302048
0.74836789316765
0.70816843979566
0.64011273577606
0.69655480188435
0.74670366995814
0.70577466614858
0.75780430387143
0.66204039480199
0.61867087804575
0.54708703025479
0.57893617142846
0.61475743383825
0.58175671142008
0.52049791399783
0.68728911297889
0.76805834876695
0.46321657976587
0.55382544210469
0.48607655068357
1.3336373345641
1.3711252120627
1.2870085953913
1.2551331296445
1.3042393127939
1.2524972172714
1.2769692298969
1.3047596736201
1.2815870565756
1.2834799985613
1.3231837505215
1.2421069316941
1.2398399072541
1.270240060358
1.262147837858
1.232807802679
1.286868562137
1.2812567941618
1.2045313901484
1.2586952598009
1.2270022825984
1.1687546374704
1.1887618063488
1.1788776243122
1.1596817040034
1.2814981805367
1.1505002080261
1.1198195107585
1.0920395237278
1.128893592186
1.1144011669293
1.1312383029684
1.1589540350708
1.0696700294162
1.1974278298559
1.2588283121162
1.0471959715387
0.52451772078722
0.54366192661657
0.52078868277046
0.5545844122042
1.3295630118514
1.3597456215045
1.3043073208134
1.3360097488177
1.3407732670419
1.3531957991771
1.3328960869403
1.2696722840254
1.2462176053922
1.2386099879103
1.2079574646689
1.2306848349567
1.1854901917569
1.154962031709
1.2939194232388
1.2638023176728
1.2562406110452
1.2251916539632
1.2773180898224
1.2798533902604
1.1956470347511
1.170695814667
1.1829588415751
1.1837200595955
1.1682097964856
1.100384844637
1.1166598404351
1.0722033503471
1.1047154103621
1.0901685825161
1.1455817921296
1.0641754838464
1.0440521007342
1.1004998177055
1.113805783778
1.125017190502
1.2028098171308
1.2107094137055
1.2794662437937
1.1886096907057
1.1628234260558
1.1175319037959
1.2357644554739
1.3100439457599
1.3450467965555
1.3045911992286
1.3260842748847
1.2639820911675
1.0962093822987
1.2274951974434
1.2155714319574
1.1576225347055
1.1319878096311
1.1498316320498
1.2035885688867
1.1722873885872
1.1201232319211
0.47331367815176
0.74113035835212
0.66167835371522
0.63730404715676
0.58627453231086
0.58915572115695
0.53364456762349
0.57709273095372
0.51487330821887
0.71640460046805
0.66124485918202
0.62878761492834
0.46223476657388
0.49629601603274
0.55387110820011
0.59136214031123
0.58528995084597
0.77105858050644
0.76595877575846
0.78411468106223
0.85493698004544
0.82862161725617
0.86110132139202
0.87857579153839
0.80221301812831
0.77064519652626
0.79607698746583
0.96937080648934
0.97168299275203
0.89129843121965
1.0165008638299
1.0628548497914
1.0088005184155
1.0541792079156
1.0913782536019
0.97099899707168
1.0558061170884
1.015820497598
1.1079317583916
1.0508148214271
0.99299495633622
0.98090995504187
1.1231700662189
1.0894028689229
1.0551809333111
1.0278602236648
1.0957682898251
0.9797504133532
0.98386090467182
0.92206688086018
0.95163235490474
0.88107731298822
0.85433530350578
0.95185873809923
0.8939344173484
0.80922710038039
0.8418190779732
0.77165907549583
0.89510536998263
0.94731629433284
0.97736541472147
0.85278459635529
0.82761422809116
0.86393396826761
0.80631267961561
0.83026055822048
0.84483436695766
0.78911624058306
1.0552949236601
0.99200974719358
0.94059991124729
1.1695756713892
0.94257268632984
1.06732987928
1.1657379166748
1.17235498755
1.2114177114986
0.60641077743375
0.71102302333664
0.73950226475204
0.64069403277517
0.79958551611114
0.69613700812678
0.88172310285149
0.80259130150572
0.73109464971159
1.271064346252
1.1641988699337
1.2649495763644
1.2253873967053
1.1616992259083
1.2668255905869
1.2809619421314
1.212153213136
1.3035107301947
1.2885417164709
1.2576446712655
1.2869126482245
1.2784370897127
1.1769328598329
1.3331279499016
1.3360095837534
1.3564991113868
1.3418896752507
1.2797757425263
0.93192091757932
0.93637131096762
0.95202986318167
1.0005572427424
0.88009181694654
0.86181574531574
1.0028951947137
1.1444309036817
1.0402986358707
1.1150805431612
1.2100571189072
1.0340829968126
0.77955388502451
0.82554821124633
0.85724737143211
0.69509815074695
0.80063516635478
0.69526549673199
0.62030969970011
0.65664125236006
0.66012852945088
0.69370035839836
0.75069690787574
0.69826544735352
0.63062805776256
0.5589434422026
0.51358888542253
0.48417998379729
0.50652176852685
0.55105049953526
0.44887623531979
0.43995467794337
0.71166548267282
0.64684971810522
0.76354938458313
0.49153068325097
0.39419137876034
0.4124681493892
1.3020724747634
1.3344694932748
1.2806202191186
1.3128943939149
1.2256878800601
1.2749007343457
1.3117096249983
1.2448500040895
1.2504744120293
1.2645616711932
1.1979580577051
1.1702560081266
1.2819707000045
1.2862402969728
1.1322151876755
1.1807783190775
1.1930523975134
1.2392159085779
1.1612195559023
1.1321793339185
1.2862222498005
1.1077235344442
1.0645285598766
1.0880764434131
1.0804389885546
1.1104007933015
1.0304234856697
1.2368174658902
1.0193899120821
0.43327619892013
0.46921507188097
0.45118539652982
0.46955013155982
1.3134326704654
1.3252664594263
1.2928540400461
1.3071455491783
1.3263999634961
1.3062541514993
1.289081464457
1.2622523699886
1.2443847018303
1.2403673718372
1.1950999324675
1.2104964898547
1.1885295499642
1.2074931435885
1.1331196949954
1.1625138364139
1.2687157675262
1.2664556240097
1.2579841460488
1.2738842231827
1.2159109839724
1.1877612590358
1.301575752439
1.1669225774477
1.1416731327097
1.0371389269177
1.0691028548633
1.099348353319
1.0553305621856
1.116744169119
1.0238157777389
1.0196722407829
1.0836178523872
1.1122353837378
1.209004536464
1.1737534744066
1.2250942227854
1.2606590595891
1.2056395213023
1.1755154501847
1.1422576435613
1.1339925090991
1.0923593367636
1.2118794792675
1.3033788212793
1.3310197821577
1.3325923231068
1.2679178420079
1.3063165325361
1.3255007235165
1.3740768779386
1.0783793771348
1.1912502520721
1.1029513051076
1.1327807978467
1.215662890539
1.1835152176617
1.1381942574306
1.1170031612807
0.43663609800082
0.70388434955129
0.62974356325805
0.63603915870911
0.58345218476915
0.56040627646515
0.54705280701061
0.57579324072493
0.51658852507007
0.54272616485443
0.50452104472992
0.6695610891631
0.65919154925638
0.63018684329202
0.41161561062944
0.45924134987938
0.58213349351727
0.48810220683878
0.56138328437985
0.71890085881792
0.73639919394422
0.7479623522176
0.85078868092285
0.8101078469377
0.83147149341551
0.86830766901187
0.76340607331882
0.79135185198078
0.94769772503219
0.96826536689484
0.87174902228603
0.9891944168139
0.98121650647843
1.0736753501283
1.0430035668985
1.0269975809461
0.9816263090057
1.0925847703853
0.93991944821941
0.95348530966405
1.0306201500893
0.99662262708108
1.024424904213
0.94926346744984
0.95280134066573
1.0818577702282
1.0606897372263
1.0154693129403
0.99919832481979
1.0614773584872
0.92682760834545
0.96773210742161
0.94911290357106
0.93432528101594
0.88122360440821
0.89312895798484
0.87363303658556
0.84177391837705
0.90951274790307
0.80022115942981
0.84107875618156
0.7404430773325
0.86571777420657
0.86925629144253
0.93658297388881
0.84536710523744
0.79963372382932
0.7783865161328
0.90072293530537
0.84601222207477
0.75001703408024
0.80183168444661
0.77780200111236
0.83704765290383
0.77501206833326
0.73146949629814
1.1344394572928
0.99550820054981
0.98358289332713
0.88230487447302
1.1856726267736
0.97121675017132
0.9210189659601
1.0942252051128
1.162452589173
1.2157753302402
0.61247263454685
0.63683349188551
0.57521119993798
0.70442700144143
0.60163592611361
0.8366295880597
0.70494467361357
0.84833040103348
0.67680296318107
1.1905479766472
1.2705671362952
1.2643866946453
1.2116995694209
1.3055818935493
1.2559345622697
1.2156901106517
1.3042902967947
1.2935359677664
1.2574780467903
1.2879167375836
1.2822152087252
1.3391159721309
1.3431824391965
1.32477807805
0.90917741065546
0.84525044723162
1.0056634344957
0.89545915820156
0.84775596343569
0.99568445728272
0.88086721413568
0.81937436321032
0.8163199400801
0.95137122593118
1.058454354753
1.0089266730283
1.1274905041038
1.2296026750366
0.97117451951801
1.0196413320415
0.71046072055453
0.71275849240149
0.760154750528
0.57613714204143
0.72777781758324
0.6944330943262
0.64858844492286
0.52061811595289
0.55704589354139
0.69656509628965
0.67600866721605
0.66818785721461
0.59431887746991
0.51220524374827
0.52949160229721
0.44530836396858
0.49233230586673
0.43293713628167
0.43383472810014
0.48203703277049
0.49977657630585
0.58909616651111
0.41067346813712
0.37216327855922
0.68458807515862
0.72374587215114
0.41110398436368
0.37664109700006
1.3052637633728
1.3600359540054
1.1514310427662
1.2508315588054
1.2640799774167
1.3080237985299
1.2593438925805
1.245863908314
1.2722660301504
1.2567084809011
1.2393625654374
1.2160489858149
1.1598641459162
1.0755314950079
1.1214771422692
1.1765258394803
1.2306742478165
1.3028619302816
1.1669620064271
1.0964545582256
1.0721656034782
1.2447886489933
1.0704538760701
1.0530011372312
1.0764453170482
1.0067789549722
0.98017766206421
0.34642359041313
0.43662512306479
0.43701192700228
0.35061043363465
0.42179424489184
1.323728544318
1.380926722495
1.3219675085564
1.3460593166559
1.3624842415609
1.2986091628334
1.28344403456
1.2940822908768
1.2880782994492
1.2823665187958
1.2637345143845
1.2473141443185
1.2342669469426
1.2353603241144
1.2114692295656
1.2027262815055
1.1777404931633
1.1961824329915
1.1215653590292
1.1393216005195
1.2392677209283
1.223581756851
1.2504080401908
1.2423063305576
1.213325139557
1.1839334650426
1.2654283768772
1.176869056802
1.1396596211653
1.1289238329803
1.0189955575273
1.0843522865786
1.0465630003115
1.0629490034297
1.1234024279148
0.98692306557816
1.0015108991062
0.99484850765804
1.0435739570031
1.0926673368885
1.1028744854666
1.1899270456652
1.2163586082716
1.2278865165487
1.260334406172
1.1502617367857
1.2287221804978
1.2241198547938
1.2293266832887
1.1155165226836
1.1255970098453
1.1089558065592
1.1998136354787
1.2864239361561
1.3363255838097
1.3098634136099
1.2921268881861
1.3090349105702
1.2844419959725
1.3484745731801
1.314646824302
1.0356189364257
1.068386045229
1.1401326210846
1.1244240421711
1.164415840662
1.1865165447361
1.1078783016653
1.1317955116745
1.0561959778547
0.33984857931862
0.68112833863937
0.63199311509615
0.57344244329298
0.59636581571911
0.5737608556805
0.54438756924723
0.51107553445137
0.54550566473021
0.54797581212808
0.44841137208075
0.52322133510541
0.45433762413557
0.43618115283643
0.6010039278218
0.69176846000648
0.61961100212271
0.57080228053917
0.38435256639424
0.3902458452655
0.53282834750648
0.52462256523443
0.42167099509472
0.43872898312324
0.71027008528737
0.69236031552985
0.7374683219585
0.74428359673348
0.81241906048315
0.76342132302264
0.79016262684562
0.84360751198501
0.71747853052589
0.74594582815586
0.75191668713687
0.94917302075339
0.95813758569367
0.84945601976303
0.99371697419007
1.0048874680359
0.99753677578509
1.0510074624495
1.0264235027811
0.95243387192662
1.0631085670473
0.89400578272081
0.94989613215923
0.90038381739507
1.0155241440695
0.96310227497012
0.99496124211775
0.97206760790232
0.90948838549958
1.0403939485585
1.0056609818544
0.98614762357094
0.94305462832663
1.0209355605021
1.0593364388751
0.91979909563697
0.87503797813651
0.90032246673163
0.88737144404311
0.86581187883179
0.82985025806126
0.84817650786138
0.8850152653312
0.90271379631715
0.75615132217676
0.79638276895314
0.68793357898457
0.84414283141823
0.90211552617492
0.78505739376518
0.87235404004355
0.79787819884942
0.76762214605382
0.75132860766233
0.87150761976786
0.77907462752212
0.7593172478122
0.81977162672686
0.80141770986547
0.65906942139376
0.6716104368296
1.1108743914015
1.0112693276551
0.96980496904462
0.9121332938678
0.86473694124678
0.98949860878189
0.97716160232427
1.0622275068839
1.2192571186243
0.55992639758243
0.55868737293764
0.5296527144774
0.71501426428357
0.59467515430433
0.93762729583537
0.62337949623103
0.72778899487391
0.80787156895518
0.84680729846401
0.66236020861893
0.64000072019392
1.1371482862204
1.2724136143501
1.2192749146315
1.2709691219556
1.2753941230579
1.3054347387002
1.275017331326
1.3245757402334
1.2906434208379
1.3469342069403
1.314940890339
1.313644936269
0.84318596859999
0.80652035098401
0.84431168779643
0.98117091657188
0.90482964444349
0.88528466572136
0.78045613643498
0.85818654096279
0.8521269876355
0.87582598020827
0.74681885751663
0.73543702183342
0.81272537338477
1.0016321208094
1.1143023931075
0.87830667780561
0.94843487506058
0.63694825412191
0.57751622396262
0.68760728886809
0.6943324751595
0.73428879764169
0.46377146474536
0.64460596138451
0.66812386864306
0.56935848633948
0.42685224131563
0.52115907255673
0.46832433493509
0.65594470040269
0.62644517389734
0.56938718086928
0.50425248045831
0.46923190439827
0.47794072984995
0.53966618290727
0.4454304490049
0.41064441157499
0.3846791120318
0.34483170765545
0.41030395921463
0.40436823789192
0.47324757945209
0.42858869614248
0.49100522182994
0.55609448726736
0.54722736847549
0.36264771833457
0.28590795090928
0.68380452880018
0.62591514838889
0.7165852580562
0.34274593550458
0.26457412938453
1.2167627172421
1.2797937702165
1.3062151678898
1.2746144226169
1.2641828143522
1.2902142307863
1.2605433471474
1.2551257197334
1.2530343880656
1.2560674023652
1.2729770556969
1.2802091791696
1.2511136995369
1.2246530146474
1.1348600862838
1.0757346692757
1.1521568129232
1.1850330523431
1.2674464274186
1.1056414190384
1.0859618650427
1.051929690157
1.0333280971852
1.0728946399594
0.98629832218976
0.95425875645494
0.33041225474526
0.37899852605526
0.40248241142299
0.36133615335813
0.36541194864781
1.3102729338704
1.2700440182561
1.3159603159532
1.377287000814
1.3205862546151
1.2833018938046
1.2815986944502
1.2621310765359
1.3204580348843
1.2623732533421
1.2332864306589
1.2374825291384
1.1886679650867
1.2040068745599
1.1921362328768
1.153337824019
1.1882873353071
1.114525427788
1.2520718524619
1.2092447829397
1.2455619697243
1.1785265006983
1.1654457352436
1.2776749137432
1.2559732339469
1.1340167635604
1.1188901307163
1.0064390083582
1.068437226998
1.0722611962533
1.0042186551063
1.0705138679593
1.0403814656008
1.1066287718205
0.95816559205644
1.0260619245385
0.97463439207319
1.0556867209594
1.0241222838997
1.0853709202383
1.1334403825335
1.2163861234403
1.1735152017025
1.1982805807885
1.2308660147409
1.1827568963874
1.1994827029592
1.2621805055687
1.236517887005
1.2670535900505
1.2344195129237
1.2815767288186
1.0755823159945
1.1300699132982
1.0701204081827
1.13763681241
1.2226109166183
1.299367988102
1.3367848508045
1.3549633537257
1.2949921865322
1.3231735834266
1.2589780546433
1.2580497118883
1.3144363972019
1.336358997521
1.324710664996
1.003357757233
1.0434899860031
1.1163296795414
1.1868016893202
1.1854448775283
1.0661436682145
1.083429683225
0.28499697946248
0.65478692401391
0.66423696088361
0.58724209026894
0.55954367076287
0.56812802928946
0.60513484048897
0.5610642404204
0.52656946049788
0.45343748690612
0.51328501516482
0.49265962407554
0.49918527108086
0.39924098362137
0.44514595314247
0.51753218734135
0.56808787717848
0.5468399528526
0.66850606282468
0.68047356111796
0.58270194396672
0.53939945431154
0.37664683357577
0.31477518954798
0.41747510528405
0.43129576297608
0.36432959727771
0.36100984363414
0.70439106836158
0.68467565315859
0.72967720290634
0.81938752294491
0.76436261486974
0.74555888250105
0.77155089180404
0.79694891042584
0.87924171992595
0.68980886992842
0.70510122454604
0.7487894059611
0.89969910302295
0.90599061077451
0.80441181728508
0.95163239509334
0.97301988749855
0.94511868005143
0.90280090065484
0.87720474073378
0.90582486528276
0.87346012624088
1.013144617397
0.93123331197111
0.97180353929412
0.95115110707237
0.89775970453609
1.0186954586346
0.95581314693543
0.9236371050738
0.88072483745341
1.0194304883583
0.99152469232287
0.87431934864553
0.85794412668465
0.7822959387482
0.80014797178382
0.86668027781437
0.74613174623522
0.71832889204734
0.76732342666375
0.66399936163264
0.62985474843085
0.79644923714338
0.84668872250408
0.8715056107897
0.76534616174891
0.7860653295051
0.84852607363709
0.77455793331681
0.73755741940991
0.8445554801001
0.73258306961554
0.81369360744476
0.69331779038669
0.76366094559937
0.7227750046717
0.60941210019888
0.65982021720221
0.64822328660875
1.1056260346765
0.99888486095511
1.0060551462472
0.89349176184155
0.89431380715958
0.42744348081968
0.54275691466009
0.41298152106958
0.44961998417578
0.55175331845448
0.72920160559173
0.56380165525643
0.86373160123754
0.56633160744671
0.60979909927051
0.77642106330766
0.78760011971567
0.61273042983281
0.60101905316885
1.1516360513786
1.1776081821204
1.2816957134799
1.293553868955
1.2657878002451
1.295496516327
1.2346789343971
1.3012084059506
1.3145009583753
0.71858474530859
0.75392192875544
0.77326500385088
0.92162994024636
0.88683970783814
0.89559884537302
0.79952946992353
0.8149016972143
0.8273027298211
0.68033112380977
0.70387590165257
0.75441550653941
0.96219839945774
1.0655418012802
0.85864166062944
0.99069783883124
0.8839360389386
0.559409877536
0.64108731636834
0.70922677825259
0.53484076827827
0.39860263729621
0.57213912176077
0.66925383761452
0.61986772711933
0.34847173086871
0.45582197685557
0.55872056238433
0.4536915253268
0.41564970782437
0.44282622026739
0.48862189830893
0.43405273571377
0.40493119401207
0.42476639071269
0.37392658844999
0.31960273153212
0.29153077302355
0.32941527895345
0.34830333510412
0.39463729036973
0.39488698686496
0.44547382330833
0.5359743558495
0.5168147071699
0.27792600437226
0.25083013468559
0.63107478107857
0.71131652080222
0.29027254553311
0.22287675927684
1.2946761364498
1.2749462019338
1.2633449816238
1.2282819175377
1.2438355210838
1.2754039130582
1.2720593716719
1.2963201497544
1.2408459301503
1.2869306360283
1.2429386089962
1.2241838452525
1.2131865045373
1.1685603871244
1.0467568789211
1.1494254036477
1.1212501483024
1.1957013516758
1.2233215648786
1.2254128010704
1.1493823164258
1.0693983475469
1.0196300565609
0.98289114885058
0.25841638343883
0.35351757876111
0.36082395975655
0.28117397487704
0.30593392266884
1.349763903114
1.2730529913426
1.2422827332141
1.3232028812478
1.3061064498262
1.3300110970984
1.2670783388095
1.2617735706189
1.2469681466443
1.2554854144359
1.2966825206174
1.3016326598317
1.2459027618661
1.2029532135519
1.2141888445923
1.1969991489078
1.1553109591958
1.1336107911265
1.1860185132449
1.0785234488398
1.2227312153755
1.2150050760148
1.2285616958501
1.1945972510409
1.2485825422108
1.2139968887819
1.2255616675086
1.1346558966242
0.96786274133304
1.0348419286864
1.0599372758115
0.95895463892996
1.0501736514868
1.1152250235738
1.0641682098938
0.89614834519136
0.9588885265172
0.9785213819994
0.9199401508366
1.0186159214694
0.98251341811928
1.0619643729587
1.1316845423602
1.2356333248106
1.226832312568
1.1777424411319
1.2148736796269
1.2266594277957
1.1464698039587
1.2355946680931
1.1725465043327
1.2067414767776
1.2885972951484
1.0164631948736
1.0599861697094
1.115420081574
1.1067284978819
1.2588803539696
1.2995726560378
1.2631529665184
1.2868785486049
1.2572867936767
1.2738465096733
1.3071452997746
1.3256933585708
1.2517251223107
0.97159736629993
1.0098840427507
1.0795802800438
1.1592595334506
1.1882601894156
1.197598237286
1.1126010584163
1.0483232203636
1.0775507255627
0.27610112622798
0.60164813426161
0.60835678059846
0.54624148558972
0.52405596925703
0.54477192159709
0.5267197523294
0.58023567396274
0.58848990141765
0.51198881755772
0.49720039885279
0.43510906371447
0.46910809133038
0.43789687092376
0.49049638940997
0.49646826202842
0.33733706125726
0.40445718069123
0.40224879158405
0.43176207834306
0.53347837180941
0.50802966379355
0.67038860942732
0.67859409087334
0.55608728600688
0.55286377717046
0.27863221665151
0.25764906451387
0.35423196497708
0.37233002492406
0.38897722645652
0.40180496641675
0.34699460901165
0.3095159050578
0.70069657900322
0.63924492071646
0.79014793802673
0.75443692659958
0.73443931264823
0.7470679373122
0.78468820355458
0.84473853159744
0.65958901609779
0.67273212870789
0.72034466886888
0.88499623463535
0.90186427118329
0.77626161184804
0.90330375740612
0.96255700535548
0.90133583061869
0.85456801899889
0.8928533639875
0.85608702181655
0.9637776138336
0.92982563471141
0.9048949077086
0.8780592491204
0.98696409686306
0.98458392076389
0.88524904968887
0.87511817956788
0.85475924870991
1.0529643920013
0.92938732127375
0.91110128153836
0.82100860364544
0.80413157572904
0.80831656226785
0.78758948499908
0.72000054122142
0.69443511298626
0.6255964459965
0.58906581068872
0.80227334701804
0.82151367961992
0.75118446927371
0.78841210670664
0.76797637131094
0.87120603776319
0.77554825835478
0.74719313288436
0.68817361903551
0.73759071983565
0.87506183223656
0.80154465698427
0.68458839070432
0.74132905151167
0.69109124332022
0.78982439799696
0.72788156092144
0.5957313402846
0.63354060654205
0.60678452753581
1.0994902668861
0.93567879612479
0.9855867984212
0.85921595795603
0.44061453343675
0.34302945927098
0.42780589578145
0.4714806037867
0.42816456081156
0.59471267575165
0.43609849451287
0.67761659773517
0.79203224221603
0.81087770805159
0.61975626028345
0.54941301914145
1.224272156707
1.1137870565892
1.2812370890835
1.2769427934992
0.65748026257087
0.6806826550758
0.76497245773396
0.79603173917436
0.70957176928891
0.89110159805582
0.89739187167017
0.86117670776108
0.87265486381831
0.78267856290334
0.82231279986178
0.75479994479306
0.84607513327651
0.6346159258011
0.63130685845517
0.94764374369
1.1546188351528
0.88217256421609
1.0156662849907
0.82526242652482
0.84415621377906
0.48075977162754
0.5340386374813
0.56777809548497
0.63076176294052
0.45721713194637
0.55044845522524
0.41932695816698
0.42397099576911
0.55535078565504
0.53039343107437
0.62870321909079
0.58199394371522
0.63063851095634
0.28351303991089
0.39243108363474
0.51651478365774
0.40780771312834
0.46059725031337
0.37813658097471
0.39127089971104
0.44750168586235
0.4751888674449
0.48557737768076
0.40183693821343
0.38609201475137
0.35887656561932
0.32527659881086
0.29018438536946
0.27196574075576
0.28110086516424
0.30762924272889
0.34213889984312
0.34216966006533
0.40079363971719
0.41558917633872
0.46652218949875
0.48825296390705
0.54867685823636
0.24665675654971
0.58335195671339
0.65779966035306
0.2625737823872
0.20467920748099
1.2623549098323
1.2396319034953
1.2255343121425
1.2730504160344
1.2360795254704
1.2407159128238
1.2391255016506
1.1802801150556
0.99758630909953
1.08857865359
1.0611128916913
1.2193082024743
1.2267792511945
1.0679193593262
1.0331995887489
0.99868234441514
0.94432595363234
0.21492924055722
0.28991841604832
0.32900393831011
0.33166722292552
0.29538656299249
1.3024708762197
1.2571192149655
1.2336205280333
1.2171867348352
1.2878830037898
1.3131838385914
1.3275531660133
1.227687505369
1.2188232395202
1.2416653540966
1.2265643468933
1.2619835186638
1.287446388158
1.1597408410122
1.2399408011956
1.1945828453981
1.2100853452714
1.1755020306735
1.1355576206766
1.0978065803123
1.1473653866063
1.1723372612669
1.051991866161
1.2108258708748
1.1990093893554
1.2390649825635
1.1689611115384
1.2464163283174
1.2179047163338
1.239718201314
1.2316270393538
1.2357371231236
1.121170945514
0.95086976714481
0.95826522451362
0.9912680218189
0.93672417002506
1.0270500711385
1.0730132100239
1.0411117434203
0.87545943268424
0.97895311926195
0.90057026706161
0.94888304534554
0.89828369078236
1.0145927775438
1.013567244036
0.99775108300521
1.0918515753861
1.0960910715599
1.2681722943182
1.2610963702224
1.2103116788126
1.2015067488405
1.2849239522194
1.1954726732782
1.2833476573497
1.1273368034845
1.252171828362
1.1555918832868
0.95893161659571
1.0398028860481
0.99205144848298
1.1082882600695
1.0845757319721
1.2454653486307
1.3233049698968
1.2417323194838
1.3036445365204
1.1847741252461
1.2490584171477
1.2483875933137
1.2718370632628
1.2631118428211
0.93445974903403
0.9808628597525
1.0761396844403
1.1351016251393
1.1674481900091
1.1991965843683
1.2061399926047
1.1187643072011
1.1063737436914
1.0262875624649
1.0203570019189
0.28825802704189
0.21180580376935
0.5946683750172
0.58791834322565
0.55076383886102
0.48655351059378
0.52210940554998
0.4912780306137
0.56649530943912
0.56605967319601
0.49513033024378
0.52025368095637
0.40475747440272
0.4529560788053
0.39906632531955
0.49226259938472
0.44821810331738
0.45544519124688
0.30241345382155
0.36071207419754
0.41428508925145
0.48173284978088
0.46444249225988
0.63940118986971
0.65959132155204
0.52346486001688
0.55661415498984
0.24273328656747
0.25901235310133
0.33532155982226
0.34251740448347
0.35851576476737
0.34317247108598
0.34561025911695
0.27370217925074
0.27872909654864
0.66231036839809
0.62947480931948
0.62756992450137
0.7468971795482
0.69776624172254
0.68681554734742
0.69065634916065
0.75677121066871
0.8052801722028
0.61063536112624
0.68900130527446
0.85439121556102
0.88250897145588
0.91210721635016
0.88276997259289
0.8223743114143
0.85939148492894
0.79817540236775
0.92338992042712
0.89082087561
0.87540368846496
0.94737132326536
1.029843871457
0.93942668179342
0.85670944421556
0.82886861098727
0.95899592439933
0.90931293208604
0.86020927057787
0.78551367082661
0.81925711347676
0.77876387537501
0.76687885599886
0.73609494049592
0.66078972394864
0.59329998820835
0.57751639161235
0.75979166237611
0.73018048064107
0.7491416928439
0.82094778330853
0.75287451514605
0.74894914463421
0.69317133775069
0.74987403777685
0.65282851353293
0.67797879210271
0.80639470539771
0.78251749682441
0.67150821808027
0.65753260273441
0.75557861978706
0.75580417754033
0.63919061186394
0.55458414999606
0.58217621745044
0.54887690687498
1.040384282242
0.8468087331325
0.92274288541289
0.9320407571411
0.40067280011323
0.37686197092321
0.33030532244215
0.39057336954444
0.37315187901626
0.48496454496199
0.52561029185141
0.36967288522334
0.65598278412861
0.83810984378278
0.58835963339776
0.50745284592944
1.1590811478985
1.0814342300215
0.61331722621265
0.62556145006989
0.62033095757928
0.66861357720246
0.78312105552971
0.71794151558959
0.693698946927
0.64585087459595
0.84193605308784
0.89399804409378
0.77594139106894
0.88595126252684
0.69140157866189
0.74973766394171
0.78645563985284
0.7391058076252
0.79520956150261
0.6231085224127
0.54761709815617
0.5993018916761
0.95256209965405
1.0985694748054
0.82898965397854
0.90120552975344
0.745300469138
0.76503740417152
0.46100321858018
0.52096820650621
0.43122224598785
0.47177961819614
0.4833813519411
0.35388567390908
0.43316021467115
0.34453577158039
0.50010926320238
0.49242214857598
0.60001371735209
0.52870759955923
0.55758243843625
0.2767729266865
0.31779087591306
0.50029410687216
0.37083494192352
0.38987121925779
0.43359328960436
0.45955006738098
0.35756184417417
0.37745611005643
0.41754428271048
0.47449620421247
0.4214343654125
0.4654469571262
0.38122637190669
0.33904791388808
0.31882618990353
0.3125430875082
0.23977062653187
0.28818368894531
0.2283002010711
0.25455823154851
0.22508991320884
0.26524672574192
0.33689931882057
0.30097707386996
0.3032616049716
0.37476995737786
0.40615293611902
0.42110384614878
0.45491700964374
0.48498078320616
0.51509452428954
0.19963034329794
0.64288820030084
0.22104155202841
0.22809185004454
1.2326383320465
1.2313491985017
1.2808387620049
1.2176139143131
1.2384197450692
1.239077413636
1.2136806173313
1.2163642738578
1.152009382094
0.95174527838944
1.0478326778867
1.033483652922
1.0380199825027
1.2234627848313
1.2245641089232
1.1014529476856
0.94330763423441
0.95200103359991
0.21415051187504
0.2973990978287
0.26838731351721
1.261073886273
1.2751666722272
1.2645841596617
1.2386358582156
1.2439950783873
1.2565834760237
1.2776604584773
1.2780760897932
1.3071559193972
1.2634363755911
1.2210232187064
1.2639174745775
1.2611201431936
1.2720248324279
1.2148278193153
1.2001317192721
1.1910902230055
1.13369439001
1.1822672024748
1.0675587946779
1.1315690585069
1.1679640847916
1.0282115178298
1.212219585523
1.2225595544033
1.2104488939399
1.2105063054714
1.1837329563043
1.2444542653048
1.2494557126097
1.2646567137326
1.227267353982
1.249759662536
1.2388891049468
1.0901045017175
0.91621669515711
0.88564922359361
0.98448984197487
0.93683209480842
0.94571782866899
1.0864431614483
0.83512625834063
0.93410244727107
0.87890922259233
0.91686675931174
0.84476861648817
0.96556132704099
0.95522790337335
1.0022897746285
0.93268880866158
1.1213519140621
1.0651304688623
1.055522037224
1.2627995714864
1.2042390635293
1.2283367557387
1.2498437530646
1.1239400974327
1.1580112008528
1.1313735559762
0.84004404514154
0.99741379155402
1.081164402037
0.899341150947
1.0186612209231
1.1545944206291
1.2322522739471
1.2340770675722
1.2230404109543
1.3226860705193
0.90077193325722
0.95021080467408
1.0612903409655
1.0630683497134
1.1709730525278
1.2402219875612
1.2455841203115
1.1286940673121
1.1581005431586
1.1035736886785
0.97522596676418
0.94907336736804
0.23282703068152
0.18956387633937
0.57567718302973
0.57075341355644
0.52050963532457
0.46850744016718
0.48582356057129
0.50125085996008
0.5091098877697
0.45833040080478
0.51366637407222
0.56578508444297
0.47967720402275
0.49900956674574
0.49759821723143
0.36210779566992
0.41545475299349
0.35696170754683
0.41149681220313
0.45243167000104
0.42344398195818
0.28896719199048
0.31681971549215
0.37979667516925
0.43858973153558
0.46961473314123
0.62887317643602
0.48457294725953
0.5224229958271
0.24001203399556
0.25278419512481
0.22906859513379
0.25950561959606
0.27119459447176
0.30307267382823
0.34163315993044
0.29656171428637
0.23974172288608
0.23962992878892
0.30232881451573
0.64813575803544
0.59739878772877
0.6212223262486
0.57888290409797
0.74021278516842
0.68880673846893
0.66091152077653
0.66593111278459
0.7049234541777
0.78131838903856
0.58705915567618
0.81232790213927
0.81961665627871
0.88339922096121
0.85993903894687
0.79999712116422
0.79725453108671
0.80054914761198
0.7784932650072
0.88385051171465
0.81136199857467
0.87239573236323
0.9816271853968
0.88860668718331
0.82896083040204
0.97991554648443
0.86186807791982
0.72268294321539
0.79443883199917
0.73884878582915
0.70602073801873
0.69696997846516
0.64860959035715
0.57205739309938
0.52096324257539
0.73605911859366
0.69641543403113
0.8071444772098
0.6991443538498
0.76176866498224
0.68712906376883
0.67622469550447
0.69538166129081
0.63545749273489
0.66819074151788
0.81567799619121
0.76726580337075
0.64094156533204
0.60886830980876
0.69324803574911
0.7126693737289
0.58069300849651
0.53114230692887
0.57808867731473
0.49846269971892
0.54589023504578
0.90315929787108
0.31647703614353
0.35876339643544
0.25182259213158
0.33981644477713
0.42220407666517
0.35112762682174
0.36706162870858
0.46630544162169
0.44297660200383
0.53445402660447
0.37570166458177
0.59527298711876
0.77758107403785
0.57198832904369
1.0624699522053
0.53077073631514
0.54567167042904
0.53845562313307
0.64997358146853
0.70256810047903
0.67962406566739
0.71198665268865
0.62272278973829
0.59615541969581
0.80183136289272
0.80540545128437
0.75718930387908
0.74234033164999
0.80644486696192
0.66639178167334
0.75914703307214
0.69098386758326
0.53996210212414
0.58763392602899
0.54037821931742
0.88473353683597
0.74147019206418
0.65442164067472
0.43992549688399
0.47351533982298
0.30977857894709
0.56265151609496
0.43808436987017
0.44617584043689
0.27331492985881
0.36248558267822
0.32211440144067
0.40659510592341
0.60220942635688
0.51684246184322
0.21627248590905
0.47790329315001
0.34826792475996
0.35754372218372
0.41341029025648
0.41012035440848
0.42037576210261
0.31502907073764
0.367053495833
0.35641434424686
0.37037423583195
0.4042844667767
0.40897658273373
0.46437066955667
0.38800247727943
0.41962891982829
0.33555045978286
0.31608770280534
0.29234668059022
0.29820442702884
0.28560381080476
0.22324014368469
0.24771447684246
0.19532324944125
0.2176479525308
0.2299006973487
0.29785657094438
0.2617525950559
0.28260005752535
0.35454256160352
0.37176352722687
0.38812874998597
0.45070878989682
0.48934976347857
0.19876863363441
0.19166941180338
0.63818096284415
0.18892328233075
0.24288666396285
1.2689209343977
1.2742828272405
1.1853972564364
1.2634033703627
1.2310014020838
1.2126533978474
1.2172567709921
0.92182966880398
0.96608232337762
1.0424337612469
1.013468851849
1.0279460964536
0.8922963166557
0.24748025298401
1.2588121985145
1.2743754693129
1.2293979064425
1.2461835509435
1.2730812376306
1.2491460783558
1.2413187293192
1.2061962695955
1.1671723526363
1.137577963852
1.130655663005
1.1679100646828
1.0364416044097
1.1213771385935
1.1470248790327
0.97662458948716
1.1744134888517
1.2170835430932
1.2347916390338
1.20277306223
1.2335996125773
1.2388986690029
1.1065402773589
0.87758095413497
0.91844404863769
1.0879254080443
0.79103153812162
0.84254282309477
0.89557245480957
0.87456375952898
0.80023752160587
0.99963751718003
0.93307648292067
0.93023526514525
0.9709395715668
0.88805114797959
0.92298252094075
1.1069919011165
1.0919074638929
1.0731576862365
1.1729373232874
1.1606325303862
1.0747747478336
1.1142760159694
0.79605650361573
0.79692586870007
1.1064554192502
1.0252588826336
0.88007753789659
1.0654408146045
0.82986658601235
0.92644122239477
1.1706498290255
1.205485505287
1.242920530878
0.87536294396673
0.93054661583974
0.90431091502979
1.0435617935829
1.0097471359674
1.2674375316381
1.2838286013628
1.1121350816798
1.1308694873376
1.1559639572168
1.0517730114839
0.96770679836646
0.91766892625612
0.90252989325263
0.19071228571774
0.20266344278265
0.53787278782086
0.56860490883698
0.5204782276368
0.52288162972461
0.4916274887021
0.4645302988357
0.43408891944981
0.47197557727322
0.46132511029549
0.48602532278143
0.51245795485128
0.43940632333855
0.47876627947923
0.52414596226319
0.47438366791479
0.3280575377101
0.36169743886919
0.39372824872343
0.36897712203617
0.45362001068018
0.42426117410098
0.41789552366547
0.25162125473976
0.29497062594732
0.28259128390017
0.3032870996331
0.39406494545539
0.3430830782266
0.43342683530497
0.63393206417656
0.48352062646816
0.54071156318566
0.19290199925205
0.21217424013562
0.20504795883472
0.22720544119487
0.2592608680719
0.29048406314056
0.30386820820574
0.26272810612465
0.25435133135662
0.24489030432904
0.19163508213828
0.2754919181807
0.61027582519987
0.53838299853237
0.60167693074672
0.56917718375792
0.55541321135046
0.68582999910207
0.67438915727908
0.62422764979869
0.67472823713783
0.6762275675931
0.72954370281799
0.55205495432328
0.83889868241941
0.78405326786216
0.85013809293923
0.84144463681612
0.86960306890947
0.7606266216708
0.77447953985466
0.74788820232054
0.72221693867687
0.8038901136833
0.83560093396368
0.83263408333157
0.9339246057913
0.84862319085876
0.74256629946488
0.97698834339448
0.99009144162633
0.73662822648442
0.6768621112985
0.70598360433989
0.7436605137428
0.71391901617235
0.59522247450936
0.70624122853668
0.78659865001077
0.68306715413682
0.71162440793131
0.66818559461051
0.67672789449514
0.58874969794948
0.61785581761797
0.64843922767355
0.79265273441251
0.72675870350252
0.60070035458046
0.58256423663004
0.63556691696927
0.61181087237066
0.62729252493771
0.4428580571088
0.53658571128333
0.53599556184177
0.49185876538555
0.81635303491918
0.26191893209154
0.27041528961623
0.22197831111073
0.32267927173733
0.28897759211008
0.39916446628862
0.35329592137435
0.28922001408995
0.32221734251926
0.42038894272818
0.4085470306874
0.42060977235172
0.56096112795379
0.65169906239266
0.58563310805105
0.47633495961034
0.51172682953891
0.53276831011149
0.4799908782611
0.57518058038478
0.69355653502538
0.5914953852519
0.66268340979553
0.56851412509005
0.62075984600659
0.80263769536838
0.7958091901949
0.76193450282613
0.73164186605038
0.72831109748727
0.83232193774449
0.7758586694159
0.65858315251008
0.49405804568437
0.5230031031227
0.57732566828752
0.49378686913754
0.83486340288851
0.60573435722826
0.59402043697167
0.35644809681306
0.39174993275208
0.30194558134016
0.29741235818374
0.49866827937518
0.3315752977932
0.45039729937433
0.36403135976244
0.23103524555141
0.32101496224405
0.24694547826347
0.36768152451269
0.56445162636463
0.50181452797173
0.19772005203951
0.42660179803616
0.3147670301618
0.38088630633803
0.32990369215398
0.38110012408299
0.42750841066031
0.30077404413769
0.32658271420742
0.37082651993617
0.33706720639153
0.34924215750825
0.4038371229917
0.39926599754295
0.41959757605421
0.29208557710064
0.27082194442362
0.27445412179022
0.25675901400664
0.21437960099117
0.20021571457918
0.23523522596227
0.20543671619059
0.21241762362464
0.20866077805515
0.30909917094087
0.236490869273
0.22119968121467
0.22350221402351
0.27690309233507
0.36604549558607
0.38625359268066
0.34172885327072
0.42328059792108
0.46820916118037
0.18715155516102
0.19518472402659
0.58447522814051
0.18100772889121
0.22146827716873
1.2864708864519
1.2219224453449
1.2153645440064
1.2867383013397
1.2840795533575
1.2267556718631
1.2497305005111
0.89408704143555
0.92098796302864
0.91314271811573
1.010088060554
0.8177637684164
1.2615498863412
1.2641735222226
1.1841140381562
1.0678964253985
1.1429002347093
1.2161365737038
1.1340294225443
1.0243267160526
1.1668377389274
0.97323679644423
1.2437315298853
1.2964668916238
1.231584581853
1.1680893989754
1.2858425373857
1.2930602736438
0.8584538100036
1.0515448137259
0.78562036964144
0.87506212983895
0.83546956418555
0.76867469525608
0.95705435078928
0.96280886328338
0.87778684702014
0.98502771620554
0.84443781310075
0.94324915752844
0.86481276793667
1.110250880333
1.1305159667568
1.024182661024
1.0369112394204
0.69323629403379
0.79659549434387
0.70803663634815
1.0408631875362
0.89128379879586
0.80540269082317
0.90408638374063
0.96377499690792
1.1434795066388
0.74375462374751
0.86232738540754
1.2128002205131
0.86671861789876
0.93785631221879
0.84276157634441
1.0551172945167
1.0665444283838
1.1177608975983
1.0087795080909
0.94161783297847
0.98790860356096
0.90267684533665
0.82633059129571
0.83396211814977
0.20327381514311
0.18407026846099
0.50890682145742
0.51950422460759
0.4873175915035
0.52300266238191
0.45216820071029
0.48384668720965
0.42506442316336
0.39723564929521
0.44940613055502
0.42458896595097
0.43995897949833
0.47455028147493
0.49621438306457
0.44418953007222
0.50345948655168
0.32169904194521
0.37319205091384
0.34064773328654
0.37143664267431
0.42323733058452
0.37962051452083
0.41932364234984
0.24688519276393
0.2664174844943
0.26007453635891
0.27420622567186
0.3907233090817
0.34981311239387
0.49997622675666
0.44742697446174
0.53091401954196
0.18805194992595
0.2146443191264
0.208724394964
0.22938535871615
0.24749716863932
0.28510437947851
0.28016380312066
0.21238486125139
0.20754510378132
0.18491098125545
0.25649250742287
0.56994225943695
0.51553312585461
0.53338318813552
0.54241856603291
0.53929542495367
0.51792488463572
0.652964114685
0.58775900385803
0.65971604966715
0.51198010670616
0.83342738430799
0.81232157469965
0.74941819906003
0.74599428885554
0.6965422659343
0.67339650633743
0.80333601348554
0.81503013472706
0.91347634136812
0.91351103171645
0.89933343275155
0.72164673000331
0.64981979842499
0.66625056854601
0.71270201645751
0.67799694941998
0.56085603339761
0.61197227630044
0.72507020358065
0.67151041064272
0.69218551046049
0.69966588150888
0.63485329191878
0.64858708904607
0.63312360647704
0.5781035692321
0.55845010747565
0.58372076668413
0.75977920090565
0.72298669204336
0.57918561841579
0.53693232136656
0.62486508619754
0.56105901124187
0.61280784021144
0.42484755354181
0.47036847122956
0.50379906794911
0.46982985680704
0.22766960357042
0.27549636540435
0.34270757928712
0.24887981248431
0.3958109491377
0.26634356780643
0.23473900522093
0.34338598884474
0.3826701152259
0.42689170006089
0.3466950240813
0.37615479476274
0.64224438267856
0.51111571301196
0.56616489313551
0.49069530229229
0.51467367557757
0.47755513874428
0.45283046136192
0.52113840757163
0.53495748748131
0.62423997052812
0.55403638282214
0.67456048105422
0.52420279165267
0.56746515798401
0.5887111416315
0.77816620319298
0.75859180463068
0.75492608152258
0.73980807308149
0.65503494266465
0.78554194227224
0.81395257752232
0.74040242948982
0.51920173795699
0.47035666428262
0.45412058594335
0.55583365193131
0.36049711681285
0.29860733302981
0.22996168898301
0.29311580364067
0.45886812797654
0.3721862733396
0.33988482983914
0.23165536326878
0.27161951772726
0.34333390362004
0.51595275411837
0.19104675096107
0.41901237756741
0.30448737531203
0.29887438184286
0.35775473029785
0.3261139395013
0.36367319492183
0.30468731408522
0.27303379455834
0.32255051775928
0.32702819200139
0.35399113916157
0.3158475561396
0.36642862927476
0.37018407165839
0.40961119174762
0.26768477094845
0.23713120489769
0.24364432161425
0.27711439152785
0.24882245655174
0.23388282661294
0.19605701277866
0.20804124923911
0.18630824020641
0.23564867634366
0.18615747610793
0.20623101445809
0.30026748431249
0.29965716246263
0.23910448139205
0.19455456108213
0.20973010486768
0.21908193504702
0.2462326938191
0.36981745087551
0.35989763849644
0.43175433608544
0.19589981256484
0.18210407595375
0.19620500851409
1.2552612497618
1.2663416470811
1.2829359698437
0.82842551285969
0.86258197187501
0.92183188449943
0.77401540634025
0.77726261652942
1.1802895804074
1.0739077747411
1.176296496719
1.0694043899711
1.1870767494233
1.015354712157
1.2232300376553
1.2865280226473
1.191359626182
1.2205477865892
1.3009217945949
0.76431203159785
0.82194732660597
0.78082715801439
0.73770724985995
0.73102056967997
0.9775629572052
0.9659409019668
0.904965232875
0.86295311517519
0.95505131078446
0.7797879675621
0.85014107924442
0.82691522105748
1.0488746268362
1.1723738271558
1.0362369673971
1.0227101349267
0.71012491928959
0.63043010622222
0.87928172044383
0.67548328400324
0.65655074390444
0.68854281360271
0.81467990847457
0.9815435445472
1.0830816988074
0.75357030802594
0.84168340162872
0.89827881499597
0.80619404592183
0.99568717328995
1.1372882598693
1.0250714043257
1.0249714095862
0.93931440003317
0.89041976220762
0.89336498661845
0.82005943474759
0.78883938387349
0.18008220247986
0.176751264339
0.49588557842343
0.45941237171351
0.4915051055998
0.43219316004875
0.44858575620579
0.42734876864762
0.39811046190771
0.37231683484762
0.39906503173582
0.40491882043323
0.44422722302238
0.49293112498337
0.42561111107763
0.49023608646131
0.30038726134249
0.32340106395798
0.3585716692498
0.38559580289813
0.34849332167876
0.37850823979302
0.22802280751536
0.25557038134885
0.26104049201657
0.23277750112628
0.27680214175878
0.32282008281365
0.47335847653198
0.43438238295393
0.51441241716176
0.18184441588992
0.19353197843808
0.19903295158338
0.19691156149511
0.23007688932724
0.27209607371965
0.25333133768479
0.28875600821496
0.25678585573585
0.19418280357717
0.18929030550348
0.22156799997455
0.18344194528314
0.56159775851454
0.48427298653547
0.50686557536736
0.52876798749701
0.50701748050408
0.49763913710612
0.61156389797298
0.55943146919662
0.61469561714137
0.79208446882533
0.77196998213279
0.80398445387667
0.69906365318062
0.65112794434904
0.74549293375878
0.90856204516764
0.8384993216515
0.72583040173294
0.59495172626821
0.61613900208752
0.65020765998968
0.64242728639636
0.69616125528214
0.51845274669275
0.56581180805112
0.58638442327795
0.73329138081669
0.64603408811876
0.66221465826817
0.68410052721051
0.59823227379733
0.66809303434416
0.58639476118202
0.53449665900018
0.56006007573008
0.59332295120827
0.75809913923238
0.71586226294976
0.54137702126974
0.58926551874639
0.53758383369195
0.56557763848015
0.51194026014845
0.5401619859755
0.62858548561471
0.37131283270368
0.46446306800051
0.47253168057474
0.4833623994411
0.19379228975852
0.28667294586349
0.25177133032903
0.253277470613
0.3230649922413
0.20039499036944
0.35161420926096
0.42020915700227
0.23203359663852
0.28460845925837
0.32044423988548
0.35987380429521
0.39287624930782
0.33429407969198
0.41121135615815
0.55062110638578
0.48203366473616
0.40326584272324
0.46336339718319
0.3871463818616
0.49431040701865
0.49554895972588
0.6423199058738
0.60948318049847
0.51757234864267
0.63174343598113
0.6879109638765
0.47430859057857
0.57701205972705
0.5351210489625
0.74131859821164
0.62463462391928
0.77005631420452
0.66826195819915
0.76845886286681
0.49103986709863
0.50346779271894
0.4123855342728
0.3947819809768
0.33119506464572
0.31760762258315
0.23767702408711
0.19491128526551
0.20803126915942
0.35034018588001
0.3451802729529
0.31472661870252
0.30810271571878
0.34281259874056
0.23508818224127
0.25973646598384
0.28543022414998
0.39801302777819
0.2815613270969
0.27830699612913
0.29627950973448
0.3334125534495
0.36780235520113
0.30421269336003
0.2839244087011
0.24507793618454
0.30182784123524
0.32651238631127
0.31630710083678
0.33380021420323
0.30640981633703
0.35704895048401
0.35990802320652
0.25135328227136
0.22711597043197
0.22542323717215
0.2347811855395
0.28169088652366
0.25347398290441
0.23432550898553
0.22854203066422
0.19401003538906
0.2005136597025
0.19152683828294
0.21298984209878
0.18103949638181
0.18683805407746
0.27284158798211
0.27643688604592
0.27704721217346
0.20742125797631
0.18861707882262
0.19931690244857
0.20641674524012
0.20685128320799
0.24532783536136
0.34807661694929
0.36320699549933
0.32964000520528
0.39992304183959
0.42397253844319
0.18076186955655
0.17775647826008
1.1963430420746
0.78744283994472
0.73396121748272
0.74029230513907
1.2487979466836
1.0380367475485
1.1797817636854
1.2332006879724
1.1023692424773
1.1953926698889
0.76868663326024
0.75958991182582
0.68174218247707
0.6686993275147
0.92867734088526
0.8929014240343
0.81765464864395
0.82953078465902
0.89548059202686
0.77591281713171
0.79416388667523
1.1057668977751
1.1321857464816
1.0371279692356
0.95529810620542
1.0753799188743
0.58864465032454
0.72182592757014
0.56851622451536
0.55845314853302
0.7979961682644
0.67229028915617
0.68748276613547
0.56894639142851
0.6744286198865
0.8776027496135
0.84786817144065
0.79041111225256
0.94393206949887
0.87909314031132
1.0782375465934
0.97325094131291
1.1042852614423
0.8930278300689
0.81433565388625
0.82620275353851
0.81578788849174
0.76423816553194
0.80232160384156
0.70775303231583
0.17503992775719
0.18833106563243
0.45961819844909
0.46543352798613
0.43641361384537
0.49548840581045
0.41667174106923
0.43410631266046
0.39073826090634
0.40549906491207
0.35170926645416
0.35259634361649
0.37158543675664
0.37496385212721
0.41889684108649
0.45044288975017
0.4460045639127
0.40067277212905
0.29865392491023
0.27983470191108
0.32341713772647
0.36133000430519
0.32469660832204
0.34776363388112
0.37313648396157
0.23395059897326
0.20999313366422
0.24460476314925
0.23429402538814
0.25818534565014
0.20966049391252
0.26066164058208
0.3232512436819
0.482887446625
0.39866822370222
0.51193977920767
0.18300533471633
0.18759427523187
0.20592794391463
0.20783831781572
0.28204899391083
0.24578007309199
0.2653187696825
0.22832465617326
0.19393571445487
0.20854033665879
0.20128948066013
0.52291609162807
0.44939127422072
0.48306334982844
0.48860502033011
0.50271386875487
0.50582772473202
0.50721101328519
0.47355689361546
0.58591453593689
0.5099218984322
0.55555223275792
0.59601844623809
0.72359108936752
0.74146441007858
0.66648172102653
0.62862986642911
0.61228086676343
0.80225539482302
0.72430108392614
0.6156882574264
0.56790477140841
0.5732467527268
0.58267186889997
0.65616495898729
0.47931687190207
0.51764857424305
0.54591282027434
0.73193167309128
0.69149370833302
0.64607356096962
0.66476499331363
0.60183211071042
0.62120053194319
0.54200142728289
0.56028573535627
0.51768488469401
0.54329948024944
0.56053014149891
0.56482285845717
0.66471852377427
0.54261873932395
0.55898134103501
0.4805925092327
0.51994562264695
0.47049705153754
0.56218832538142
0.38430492985488
0.33621919545093
0.44259076778178
0.42792532554195
0.44646156322626
0.4528871511217
0.48006614729664
0.18807916127482
0.27534702237593
0.28540124651971
0.23310456413684
0.21998301884609
0.23716217397699
0.22231525332817
0.30082442631224
0.36220287210139
0.39466808404559
0.26125074463527
0.25291932139609
0.30558630845186
0.30658995379385
0.36367885121867
0.37729085480604
0.35155331918948
0.39458027435217
0.46497644296448
0.37605988869768
0.37145813322573
0.41024061297991
0.37289495611432
0.51250861268143
0.43388885452016
0.60668126297391
0.58670926177948
0.5515244986449
0.5454549302378
0.43922517209017
0.65105983124053
0.4278633488248
0.55834686394345
0.64498072368785
0.66712885431069
0.61414456141943
0.64246733131708
0.46306122796976
0.45396907062891
0.37499327248587
0.40911771932127
0.36751095282422
0.34077258538043
0.2860569460557
0.27371654325931
0.24024382174445
0.20568977744614
0.20857619638422
0.19891853474242
0.31940395762045
0.30061460237774
0.32817925608847
0.2435226342782
0.32943628403338
0.19471053907329
0.23018930167361
0.36858538910968
0.2566993427115
0.28554926809446
0.25354029654636
0.29661241749834
0.33791872788981
0.28301423250918
0.25703116919512
0.29172851234499
0.32143283115269
0.29603688333454
0.28603881766464
0.32296684972701
0.29436040981687
0.34550921297087
0.3328846737364
0.21634067101739
0.20904188911937
0.22953268644049
0.21701846772655
0.26230411466216
0.24715504770672
0.21857697266843
0.21146866626728
0.18662705387111
0.19641400196018
0.18716649382353
0.180837024956
0.18377668309061
0.19248220485169
0.25974212924178
0.29377614176445
0.20648319355136
0.18536531645216
0.19337216512112
0.18503601800256
0.19465423643787
0.22742807867602
0.19494078225585
0.25592448290192
0.34698523009631
0.33381614796572
0.38897174618392
0.40059798579431
0.18720821311361
0.1748878976233
1.2729546172427
0.6378050713328
0.67178059061201
1.2500927619226
0.99259679902704
1.2468082355829
1.281742874959
1.0751505645785
0.70817906250294
0.64509904442891
0.66297094201398
0.63834535706668
0.92545892615745
0.88163967942075
0.82817257067739
0.77158828162084
0.76977674729233
0.85309813583853
0.72727840637243
0.73265709460169
0.75467085527701
1.0920530122545
0.90115768356455
0.87122570589255
1.0046415554171
0.53613641491448
0.50808896592392
0.59761911417337
0.55340050917863
0.51210480268138
0.58391624163801
0.66115267757713
0.60900031785735
0.69196857068095
0.49901848938813
0.5951416995039
0.79692218447268
0.87528454087142
1.0573970739282
0.98577744244798
0.89979841577138
1.0745214747827
0.81676366942481
0.69135155384599
0.71054916400036
0.78947153366157
0.76698542097606
0.69903510973004
0.75870149583173
0.64578430798059
0.18132343765552
0.43527856863683
0.45327617489459
0.44421887808278
0.43001230459906
0.49121279184194
0.46431774864139
0.39371324727003
0.39589540993801
0.38012197218674
0.31989163731742
0.35653203556169
0.32703250913276
0.37336422531222
0.37300129876486
0.34702410033222
0.45370065721354
0.44241490397279
0.44628370983644
0.41283619801712
0.28855041883005
0.27722411841166
0.27880341522399
0.30352666641563
0.29443428535195
0.32026266609882
0.22086889495426
0.20759321736003
0.25022451946668
0.22214843002946
0.21927188978527
0.24362984222747
0.19842857314518
0.24692888772969
0.18865048470776
0.19125269190464
0.20960845952149
0.18712196541705
0.25876965238047
0.22625735051899
0.24889429693437
0.24744645052033
0.21716932736709
0.21418351668841
0.19424335616276
0.18491222961543
0.20237313819796
0.1978640259006
0.51530361729403
0.42753115853599
0.43301022858722
0.47642892558685
0.44659326612588
0.48469476055964
0.44657286276096
0.48506017667815
0.45093267696046
0.50654042751703
0.45632405964148
0.56388756491761
0.51356781169601
0.56854997882312
0.72972227260689
0.68955833555699
0.58541982647022
0.75814561761368
0.54267798842944
0.51217426968954
0.50406814396765
0.5662361911925
0.52497733157764
0.61232714117281
0.48386600678937
0.51065861733352
0.6801985008822
0.61002498426118
0.59986512306076
0.57151680657771
0.56182528482796
0.57688747544781
0.50953588183222
0.46643185659421
0.4874061174028
0.53825971270315
0.54130965256256
0.64218611067444
0.49694663840614
0.47890759464681
0.46031282796657
0.50719830327086
0.34367002618949
0.33112671627069
0.40215566225036
0.39473004915748
0.42096812368855
0.41663064204701
0.46138307845422
0.26001665042848
0.25410452587678
0.26998173835615
0.1898990136865
0.18647419315789
0.24017440846854
0.21565164687188
0.20220351929214
0.32075387423545
0.35002607120169
0.35397762075519
0.21708747275614
0.22199657955359
0.27567083626991
0.32213969445687
0.28397027605197
0.38619300230237
0.26869366225406
0.31936698223299
0.50102798375928
0.35523369870985
0.36226187229303
0.32892677191496
0.35965040848084
0.38789070808494
0.41344505585765
0.3849986051676
0.53663664757989
0.52119108338554
0.50815561653657
0.44578999520042
0.40364876025034
0.41188957235196
0.52652044846973
0.58976207516863
0.57450421104062
0.4662077008094
0.35232077498646
0.38121152658124
0.3938305766831
0.30429653168779
0.27006923815131
0.26467308583268
0.25252319661496
0.22143104025831
0.2159936041712
0.18026784103857
0.21341880221492
0.30658972347307
0.22370901406214
0.28633722560658
0.24486417302797
0.28182083059651
0.20402559492076
0.37336761387576
0.24058071029284
0.26441550662584
0.24651791424614
0.2841866145271
0.32781604556717
0.31380905332224
0.24199749006323
0.28697868947794
0.26964156143334
0.29358765866039
0.3119968257943
0.27650620274252
0.30075603744231
0.27287144908746
0.36116101690732
0.29992336945506
0.21826823570109
0.19761774539034
0.2113726017292
0.20377712858354
0.22947444209769
0.246662437369
0.24483664000174
0.20546331396785
0.21099432256668
0.20210221747002
0.19184825979983
0.18153279026909
0.18676651584318
0.18193285654551
0.17567123002961
0.18043311768257
0.18174607704368
0.18600607321068
0.23297888047511
0.26026868998517
0.27538913339523
0.19891534167073
0.19313571811996
0.18298513279902
0.18783595716857
0.21218954503332
0.19453448643206
0.24241894267491
0.35079211714859
0.35512734502658
0.30556736981147
0.17868859023061
0.18253782624663
1.1688477329405
0.6125580828163
0.56530989681772
0.98911195555993
1.1516895443938
0.58989219844211
0.62575993184195
0.59602194905766
0.86135951816699
0.83235753095363
0.78534761176212
0.75258363995962
0.72825081765569
0.89024202398132
0.68447310752309
0.65532034393201
0.7511322492619
1.0381849095914
0.83013403689856
0.95430537605371
0.3987647208508
0.47436205839122
0.47929093459627
0.43439420379879
0.53397930630386
0.57601991851495
0.52295237488439
0.58041052526836
0.43761493117393
0.84714117861031
0.78932056220229
0.92195971203893
0.89830734837162
1.0393950226748
0.82752868970433
0.78260496959897
0.59966304789848
0.66975789975717
0.73257782071767
0.73528670988034
0.67025784451077
0.64320773005013
0.75933264760723
0.69717120838221
0.61343811796311
0.17532268451955
0.42743568092094
0.39229402237612
0.37462191312722
0.40308842714079
0.35192085735063
0.31038868809264
0.32445097666076
0.30976881136868
0.31703340365365
0.33996622914833
0.36630819856158
0.35730798686805
0.33500965864911
0.43183570481436
0.42705172759491
0.41811691641615
0.39887608466388
0.27273888855517
0.25099643206469
0.25630566646795
0.28178314636325
0.29417429802458
0.27183116656073
0.30318788804524
0.20708201071426
0.22485756912914
0.22166853524578
0.24130437288994
0.23000735498378
0.19243531808513
0.17896244490321
0.18382311750599
0.1969035240224
0.19942751290946
0.18235760554263
0.24742186542472
0.22655906638363
0.22463333029459
0.20502902221491
0.20337905281902
0.18341609259248
0.18296916408439
0.18988747767076
0.18862376325893
0.50350447352871
0.39129549341151
0.41968609626242
0.39502614235399
0.43694377285745
0.44644915985711
0.42526900391922
0.44961711712509
0.43479709511604
0.46089240804279
0.40767548092915
0.44725504716362
0.52111380103265
0.48651729687742
0.51051958240763
0.5275147764664
0.67361084347248
0.55349192833599
0.47719650263602
0.46529584412626
0.50861802574642
0.48334807274231
0.50193497590909
0.57497625568456
0.5831791963393
0.52788144273124
0.51371911577194
0.57742458293372
0.471493732708
0.45519750378705
0.4699124170424
0.48850892353321
0.49737400747605
0.44840088517297
0.46453810811051
0.43796465080955
0.43840595421004
0.27960836780567
0.2845919271825
0.33878612240873
0.37602040673505
0.38069638315588
0.37554330717754
0.37020645286075
0.41867300405746
0.41395259967558
0.44498997150247
0.2532115057375
0.23613480228767
0.26588745608547
0.2519605361126
0.23438573783481
0.22478770039383
0.18147888147358
0.22430691414095
0.20133517259401
0.20442319063847
0.2143036010609
0.18558973337384
0.3076471943881
0.3389760070463
0.33147396795644
0.21180371512192
0.19828104453568
0.27837822886533
0.36583640391139
0.24772968880704
0.41702886921673
0.35990676642748
0.30484581253557
0.27223884356394
0.30325047471523
0.36412397206041
0.36839909959552
0.35241382431479
0.43197974485374
0.41842437820973
0.46936838925099
0.40240043696029
0.41165694436339
0.38469451547984
0.40044672831348
0.46845975363806
0.52263311586593
0.48386644078711
0.42822186331503
0.31232763061234
0.34750483546783
0.35608823958017
0.27705450349493
0.29825995711734
0.25071493975803
0.25774919877028
0.24714711671739
0.20620951964062
0.1961977801498
0.17587252262785
0.18123877818058
0.22674574960263
0.22642938492702
0.20558528136339
0.26231754556214
0.21958380140942
0.28011674685753
0.20333935392552
0.22182976060776
0.25729588959123
0.23343607579334
0.26767413453122
0.30651331668679
0.28956707141199
0.26501685713488
0.25671541062558
0.28064039763448
0.29458654539377
0.29783035716465
0.26467492355917
0.25114948537711
0.27978311415427
0.26359917487696
0.3309978160401
0.29541649468343
0.20341062543317
0.22221369170204
0.18320892190245
0.204551856004
0.2000427598178
0.18916471335663
0.2109989568461
0.23709662522489
0.22380236922087
0.20055335817883
0.20246253922903
0.18589290512442
0.181763270995
0.17859614630325
0.17564024436004
0.181501152724
0.17449632296823
0.16549412092218
0.16932828735699
0.17493417681734
0.21788606898354
0.23325808750926
0.2835515416565
0.18788112333126
0.17901979148843
0.17725401927252
0.17909065681391
0.18367051788203
0.21050320617454
0.21648745086425
0.20037642331055
0.18007530210972
0.24258802403787
0.32454125121333
0.32617731811597
0.30049814736173
0.17465497696647
1.1093543567928
0.56094038473562
0.51613054430223
0.62104983231321
0.52756069142464
0.78060825465472
0.73890196035106
0.67245621315751
0.67457019106001
0.81372249223479
0.65713036509132
0.60851170553872
0.7765859487857
0.63197939573254
0.90596327708098
0.89571101171514
0.42798531462433
0.3958826772268
0.39372864443911
0.40670612278346
0.46070781279355
0.39913363440895
0.34634091684455
0.37748063767532
0.51381482882534
0.50308600945735
0.48327269088426
0.39865119812021
0.40865198330041
0.77115680040728
0.84370530880484
0.81383600278109
0.89989278574281
0.79396006495483
0.53633996454404
0.59627831872231
0.64327256644087
0.73756767498642
0.66123795804756
0.60056900295332
0.59472400174441
0.68816393014526
0.55244127023881
0.17665580558056
0.36964299704914
0.37518310109348
0.30298324627945
0.28577744427838
0.32846092728587
0.3026936496245
0.28697627898402
0.30330782356323
0.3392164600782
0.35033870108133
0.34541312749188
0.36916428319833
0.32803620523552
0.31388283994944
0.39978607651022
0.36645973242666
0.25965604491648
0.260385418458
0.24619972731956
0.27408268327161
0.25087753737323
0.30162196301901
0.21336585576514
0.21333711280396
0.22086645873878
0.24255015799254
0.21903570581556
0.1819167744381
0.1783274275923
0.17674069956376
0.17662059364523
0.18918640257605
0.20794025397544
0.18482672666237
0.1883051096977
0.18911959261389
0.22553908588475
0.22275377447779
0.21181333592993
0.18951220371212
0.20457113973191
0.18779691274145
0.18280362310351
0.1760170152708
0.18444006844716
0.38343978265912
0.38771325812697
0.42399665995152
0.43558915521205
0.38309860618477
0.41049763569405
0.39516136032379
0.42058645076157
0.4233466118522
0.38813688510248
0.39170829464641
0.41066756683738
0.48541196389841
0.47547451652485
0.4475844775486
0.49595448270067
0.63092347799591
0.5087789494593
0.47547456788857
0.4460116455916
0.56379727198439
0.53133677023654
0.50117590107713
0.46667333518477
0.52381796511706
0.43298584637976
0.42566591147556
0.44262945473141
0.45484965580067
0.47339690120005
0.46671228830103
0.45216323950027
0.39467264191089
0.44884746249589
0.40403274847037
0.25228609877439
0.25358750954489
0.29873461722846
0.35122540415159
0.37180775950051
0.35167085155826
0.34791892582735
0.29114765566347
0.38407006609384
0.26165450784857
0.22028677370881
0.20940416689574
0.23265359669145
0.24706197718768
0.28820189184637
0.23337483341137
0.22199022124291
0.2138409297029
0.18089657086166
0.21594384570105
0.18979090414673
0.19788412286035
0.19216220575556
0.19077049006604
0.19845305294363
0.20142752695112
0.34310753260612
0.34458916611329
0.30665844628008
0.18756118262709
0.19369959907475
0.25648384091242
0.35739764246197
0.36734789921516
0.23168889756777
0.31770878622841
0.28414191979931
0.28951963960066
0.26204949767676
0.23212927972812
0.29588140544676
0.31942691872553
0.25347941835498
0.35915020906015
0.32438808538483
0.33684918122079
0.38702162947932
0.31905051566033
0.35609325407044
0.41946558735021
0.48488006004912
0.41336854876216
0.41767984597858
0.31703085383329
0.32512827223407
0.26417026556157
0.26888455893661
0.28535540654163
0.22155714562726
0.22934957398285
0.22067362725528
0.25973616478321
0.19199334630579
0.18078955439034
0.18441130286113
0.18805238139498
0.18358337896438
0.20094229457249
0.26258973828272
0.17616980096838
0.21925608757035
0.23731491298828
0.21607851446565
0.25107727693084
0.28028600585895
0.26922277271819
0.25539112963628
0.2542846463953
0.25931225381526
0.28063826997786
0.29147637071784
0.27193033189905
0.2456640806609
0.26573961303076
0.24972021005883
0.27035653351001
0.19424393334772
0.21019778904758
0.17568799835348
0.19860928935475
0.19868680410585
0.18516276677525
0.22118578646469
0.2158982589315
0.18558340454548
0.17254801954721
0.1738647837116
0.17214354396327
0.17583318081306
0.17685297988117
0.16335642759655
0.16344831349943
0.16276014793639
0.1723218498058
0.21361103777749
0.22225402859617
0.18939364852534
0.18192613016061
0.17937798847187
0.17338752404715
0.17546585012369
0.21514949559577
0.1924024134899
0.2159361151168
0.19016272350799
0.17226693951032
0.18034434889754
0.28434688339607
0.28948995986489
0.16719184141479
0.46165593378306
0.42989471569011
0.58383542929601
0.53200005692152
0.48417646495193
0.73917479730561
0.6615932415198
0.76271149287286
0.57191622885111
0.53109947065472
0.60119563327109
0.63620285375773
0.80782114854461
0.33983643225961
0.39928339329698
0.38518274996531
0.45463951732321
0.35688565872282
0.32522349770954
0.34149429928082
0.403517042806
0.49916231729037
0.41798054416926
0.5006368068584
0.33277573667136
0.36397407400698
0.3724185016138
0.7429991332921
0.62978851958086
0.76013105133985
0.48349521380012
0.51736447746353
0.58836015074894
0.61366042515844
0.63453260886461
0.63182980731401
0.53258176246676
0.53467343922514
0.1667271803247
0.35336089642393
0.2726671860025
0.26193662307133
0.31044888512666
0.3221208048469
0.27496406904583
0.30023765842201
0.26891746523841
0.27680660846461
0.31132401514383
0.32748131737836
0.35870424961257
0.35824618324991
0.32490878082763
0.3697741712665
0.3197757057273
0.3087604907876
0.30042581264912
0.34654198976971
0.36316090210195
0.24594546305333
0.2262236826871
0.25256788851799
0.22849031746958
0.28227011631955
0.20319602337752
0.20819940669452
0.21109202395748
0.23119135870924
0.20314219543512
0.18945345445042
0.17624065064964
0.16974476687443
0.16268401097552
0.16843737570568
0.17525838519416
0.18149990798247
0.19767396763175
0.1822693967011
0.18352332146937
0.18524982035754
0.21400078125174
0.20551636914563
0.20000555343295
0.18329900562715
0.18919246413677
0.19612386497244
0.17915717479403
0.17658277467392
0.17842925748453
0.36502003908133
0.40094524276158
0.39357744659178
0.36044142109592
0.37416560809465
0.36944785999687
0.37744375238796
0.39702662093668
0.36422622447477
0.35061327472089
0.45990532804386
0.43179006488737
0.40902504250934
0.60153698389512
0.51191957803523
0.53779817351937
0.50678230506331
0.42020940713971
0.45380092034156
0.39779705975586
0.37847150954206
0.39855573686802
0.4070652176877
0.44805332304934
0.4473263659435
0.43467604429934
0.37013077575824
0.41227292973168
0.23287294169129
0.29941514096137
0.28813194556355
0.32190421524478
0.29425148383556
0.25530457128781
0.23819047803604
0.20673590409752
0.20480753423164
0.20104617021051
0.21171575451753
0.23450758673256
0.25916478983106
0.2329114501547
0.27895274926544
0.23543673487526
0.21273511384694
0.2245774014006
0.20273878936329
0.18538821448045
0.18423835435375
0.18516808216659
0.19779131242062
0.18046166244397
0.18218911674372
0.18901441432284
0.19021624174954
0.34445407211167
0.32372910142639
0.29819238427865
0.25374825729274
0.36961725584187
0.25221630442738
0.2492723965192
0.27505483844416
0.23690966800848
0.24629019447038
0.29606941358011
0.3136884999873
0.28762314838312
0.33086944275384
0.31981212488669
0.38592420836836
0.36996185043423
0.32795816309239
0.37136746250461
0.29645650242583
0.29503763261968
0.29878686067542
0.23962831515818
0.24685270575855
0.25124664191714
0.21490554441536
0.22069153170298
0.22209384474538
0.23955927937391
0.19352700895699
0.17413790022183
0.19256578869537
0.18915338294577
0.20499229637401
0.1821243637629
0.23540954567004
0.17629312104762
0.21324746696074
0.20423815365472
0.22862886747527
0.23424346280968
0.21310049799644
0.2464993567095
0.26537282387048
0.2553071126183
0.23920622837367
0.23097828416881
0.24400260841089
0.26160562969702
0.27105339142269
0.25354384396574
0.24299517382012
0.23115162572489
0.25324722002443
0.2342465359494
0.26745957984323
0.19579550786162
0.18015255521294
0.21459090532564
0.1644491926685
0.18235585849372
0.18577119326583
0.18130077452867
0.17637835302995
0.20642165775058
0.21198342292329
0.16724896525078
0.16733819255401
0.16824607288741
0.16605689006495
0.1699212349918
0.16749150050096
0.15251493475944
0.15466876222313
0.15109566957442
0.15594010887193
0.19625948646121
0.17999316634585
0.17912444885265
0.17438240340901
0.16749281564535
0.19978556624762
0.18581915716319
0.18813190469365
0.20022649635497
0.17729615781031
0.17148098543328
0.16544647985538
0.25990675650647
0.26153622671099
0.44694353126647
0.49559378841332
0.76128450705684
0.63958773378483
0.61622704354139
0.63522943447
0.5457892626268
0.48508188073648
0.54592621265696
0.58406529192417
0.36989131586011
0.33700469280765
0.35718726477066
0.38993458259188
0.32653166324344
0.24286862949589
0.24580133079859
0.44641407418845
0.32502748073478
0.45600119274651
0.24979929050549
0.33421171724156
0.62562083625862
0.56289051848273
0.62659563504626
0.39685596205963
0.48704180409599
0.57049449761759
0.51286141716069
0.55097117672027
0.48696824470719
0.1559189135813
0.32563577449476
0.25434746564109
0.24822114996254
0.29421100178572
0.30162227633024
0.2632299872327
0.27508515895007
0.311897911948
0.25449630157022
0.26654235808266
0.2983626956518
0.31032207823883
0.34011866018624
0.33487692432447
0.30810503348798
0.29660417893706
0.2955876644719
0.28026500830397
0.34086607299484
0.22790684478813
0.21308995371233
0.22240717617038
0.23502162936291
0.22289806702567
0.22672274737069
0.26494128170708
0.18974716465738
0.21254277499615
0.19130806898081
0.18220559258203
0.18002373338977
0.16643867888369
0.17048424232917
0.16915353172174
0.16041404483663
0.15967608735442
0.17384586553224
0.17428663606875
0.15889228171398
0.18963844666933
0.17594006059598
0.17616883885504
0.17864415638361
0.20261183104828
0.2082674438844
0.18446255272458
0.17018904764074
0.17758865804218
0.17984997631573
0.1860980816462
0.16853200737266
0.17098387181607
0.16620659312031
0.34953351800662
0.36539551296283
0.34227564418367
0.35944560773167
0.34805682683832
0.34381763026194
0.36006612131058
0.3724359246301
0.34443462745895
0.32543271514662
0.38066031084295
0.36557814031141
0.50431059918865
0.4410208843767
0.38102130961826
0.4073754677031
0.41830870445827
0.3493446799606
0.37010763270899
0.36232167380391
0.38806794334263
0.38531962912248
0.38695156636134
0.40191631688281
0.34207429295229
0.19047401116323
0.24246495045622
0.28641914077668
0.26993258616503
0.29638650823547
0.30404460455301
0.26797804704187
0.23256384615796
0.24354245808401
0.21588627895833
0.19154094578369
0.19526745497342
0.18802678143714
0.20233994430316
0.21658277430294
0.20678674391687
0.23918733539727
0.21576129875747
0.247255492259
0.24775364872942
0.23329089736953
0.28422466527846
0.22152708183704
0.19742492591503
0.21168255651903
0.19075895979628
0.18226090464323
0.18109709682717
0.1819568295194
0.17753729639603
0.18455788215418
0.17920219334579
0.18526281491059
0.32553830098679
0.31308577666236
0.24765498429993
0.35690810468679
0.22546985843042
0.21270546739747
0.24882697598994
0.24262209550485
0.19079098907697
0.28457529651177
0.25275168006627
0.26230892418521
0.31201804400812
0.29950318548549
0.33280200738299
0.3078422998779
0.28914960164103
0.3732209298616
0.26434854384704
0.26596576775453
0.27249293258324
0.22915980750898
0.23947992937927
0.2353395998975
0.23904363516908
0.24219698028327
0.20264536383761
0.20796008549845
0.21148336996505
0.20543511910423
0.22903418955667
0.18289349790584
0.17426520661636
0.19051074789243
0.18320692494274
0.19774180333825
0.19384735067626
0.19226399867514
0.19441676106439
0.1941046855982
0.21519718049347
0.21778617382445
0.19580802047487
0.22402087965028
0.25391918485409
0.24048179840409
0.23297032512777
0.22595156762262
0.23379152053957
0.25638397406907
0.25812854899403
0.26630673920428
0.22624702435306
0.23355821229279
0.25285059428556
0.18351320066566
0.19524664279508
0.17162741858769
0.15189883482278
0.16478519925015
0.17722167441347
0.1731305905488
0.17649921845312
0.18213294151072
0.16696722186137
0.16665600313964
0.197129915739
0.19694629101834
0.16485576670951
0.1517706011769
0.15470976733681
0.16256519859038
0.15995455762925
0.15669728008515
0.14305296717697
0.15354239299139
0.14808485443535
0.14525841130693
0.15207261263613
0.19305164212283
0.17656550640359
0.17564610369709
0.1814941587022
0.16922069187564
0.18365452654525
0.19277241026151
0.21143549561528
0.17873414988182
0.17640357683064
0.17772727635622
0.17670015115459
0.16483434303841
0.15144031251413
0.25160663441179
0.35711094666922
0.64405737986359
0.58220677444497
0.45486848905957
0.46851987025376
0.28830233081955
0.37919521114545
0.28500055384945
0.32197685031779
0.33107614244803
0.37398813264897
0.27058269941714
0.22628277204943
0.21640288944321
0.2328229505515
0.37386589406328
0.25411109013886
0.28545098286881
0.55742920528183
0.34040058128477
0.49003592596459
0.38520879522853
0.44435827654778
0.51351341058599
0.41746464490866
0.43864985582619
0.15230002655071
0.31634553984662
0.23624629993182
0.2312838611911
0.26920251832736
0.29661395542144
0.3032570744174
0.25085769785992
0.26225190916687
0.26554141301549
0.29917646312665
0.23363192357622
0.25214841064088
0.27883714817593
0.31551431392546
0.30087361762152
0.31152145468173
0.29498113883735
0.27797606437665
0.29744980790059
0.27391567296871
0.27441706052745
0.26919269689117
0.3176281799837
0.21405634772617
0.19845364426517
0.20954857395651
0.21682967981105
0.20757264128103
0.21436202502864
0.18436304028505
0.1814840261857
0.18575890546973
0.17405145151087
0.16082418943453
0.15832528624951
0.15272128133803
0.15211412638453
0.14797292105122
0.16156153491613
0.16115521641751
0.15446966362936
0.17368824972594
0.16756019200357
0.16752959664112
0.1869727780121
0.18969116414018
0.16461532109288
0.16531841722898
0.17165949530875
0.17192213360402
0.17525994469944
0.1748267308317
0.15769171559066
0.1584430220039
0.15938059507807
0.32868809240283
0.34698271918321
0.31736542749448
0.33871232819096
0.3417842134235
0.3544470830186
0.31835751450911
0.33819121136956
0.31838654852832
0.33684812913358
0.33670662807449
0.31777730197653
0.30165752291256
0.34193159596907
0.44637340176053
0.36505339548185
0.34867912184938
0.36506488520627
0.33072524450513
0.32781334463789
0.33466254736841
0.34226342928279
0.33978080746675
0.35733112156903
0.34989117991417
0.31295096543411
0.20509494610799
0.26817531621945
0.26142224709303
0.27988581702471
0.27959252456942
0.30093701219612
0.25533057595286
0.24325411290902
0.19055039346525
0.23970724272461
0.23304500391816
0.20318453042046
0.20097856428818
0.18180179755232
0.18174034860385
0.19281565305282
0.18457151245086
0.20604220299123
0.20198359866746
0.19420855693559
0.22409065334723
0.26246115383797
0.23996796498814
0.21734333561316
0.29044570414653
0.20870807316631
0.18432526087454
0.20612541205476
0.19962197218894
0.18385176878803
0.17501350896462
0.17818732197483
0.17344702061392
0.18032260173134
0.16984278144598
0.18393554300628
0.17153713109163
0.32934025541573
0.22902122386578
0.21274147717795
0.19527054138385
0.20390397452137
0.23751140588089
0.27143181378411
0.1923975710903
0.2793203733912
0.21911914154063
0.26691724605015
0.30138571475316
0.23929638767592
0.32115445683654
0.25463811876717
0.26124313869753
0.25356927665375
0.22778151216016
0.21234900150493
0.23149109195452
0.21474736133684
0.23106711354352
0.23141011738276
0.19678715286605
0.20504624163182
0.23004106523208
0.17992121195108
0.18497240427702
0.18592224510979
0.1825170470282
0.18621637948068
0.18206796481263
0.17872076700527
0.18800599452892
0.19730121552868
0.22048363366304
0.1986322399583
0.19277158760684
0.21696843312106
0.2266829511938
0.23352576787763
0.22124473037789
0.20488587323105
0.23416835133604
0.20997471842486
0.24305857395165
0.23811618405005
0.25074580301968
0.22406175039242
0.22979790584489
0.2574110941544
0.16994555334625
0.18950220189237
0.15753741074993
0.14306545154113
0.14752453398465
0.14910000618637
0.17472380025664
0.16769098344977
0.17089021472087
0.16756915829648
0.15185990969345
0.1844096874001
0.19535368093899
0.18837703826919
0.15015752065934
0.15652139488302
0.15767259802139
0.14692483095347
0.1531738281435
0.15029178334001
0.14148807121492
0.13251134511195
0.14673480637255
0.13384097219667
0.14445042096953
0.13258687895473
0.14134254139072
0.18635026559846
0.16598229930027
0.1745977413661
0.17450428652594
0.17197436367334
0.15654412497144
0.17223676672643
0.20108641180409
0.16642234630461
0.16538409840994
0.16654592808013
0.17257664870365
0.18229840717447
0.16732424702667
0.15288662200244
0.14340013162915
0.40198519086331
0.40219029618317
0.34739801882888
0.25864959649227
0.24049124622656
0.26827537566514
0.28562306841545
0.25916724669714
0.20360003930158
0.18468582205651
0.20589547212023
0.32820363559443
0.23537613530848
0.27036451571318
0.40639736615284
0.38419624079077
0.39646201790769
0.37279983926332
0.13381929666994
0.29998592375394
0.22510595313095
0.22976568183879
0.25489147508691
0.27158873979826
0.23374064736779
0.24960855107963
0.25093095679083
0.27363225690156
0.22059865832812
0.23144652154664
0.27240600818268
0.30473489332215
0.30028121428164
0.26568840600503
0.2631290201318
0.30086020554017
0.27596323458344
0.25527017059966
0.24747876404233
0.2010512112073
0.20119773648157
0.1989333441841
0.19379936026588
0.19806207378101
0.17377971723966
0.18135898387623
0.16974034580127
0.17583609816502
0.17205352057711
0.1635069971825
0.15420345716592
0.15019770749217
0.14796212222735
0.15085603403739
0.14262756071688
0.1471251785967
0.13818738644323
0.15783010254713
0.15824098498158
0.15582747416083
0.1441926733043
0.16489670939454
0.16358350946273
0.18628694349626
0.18506513122137
0.15248261329197
0.16317480560764
0.16143868796004
0.1644344358953
0.17365882614887
0.17156295288723
0.14522622889167
0.14594988723993
0.15142195923874
0.31604304722008
0.32590441948417
0.29928230496984
0.31130513560263
0.31191053999078
0.31799480396046
0.3050108440529
0.29091317297926
0.29771162628491
0.29512690667932
0.30412962591061
0.28145184073889
0.31791443671846
0.38909286610769
0.32306637711187
0.36259354652805
0.30531952495415
0.30820653512458
0.30262134505615
0.28831822045403
0.29859751382153
0.29853076661922
0.29217071756657
0.31335440042755
0.27941031388451
0.30395379594728
0.21248381487879
0.18332933881301
0.25691639555882
0.25855563504488
0.26372827963468
0.2777526308636
0.30019367486414
0.23108146715697
0.21208500065819
0.22533851432531
0.19447021481271
0.18563596935877
0.17315914411207
0.18845355046009
0.18147737325718
0.1795486402176
0.17829656382078
0.19460180772435
0.21206997030345
0.19060942958018
0.19152842064541
0.21355625999557
0.22432312213955
0.26018709373615
0.24413156663291
0.21195160375928
0.28212215208284
0.20832169082925
0.19366284646547
0.18170923071907
0.1933262729269
0.17065368178698
0.18608618784975
0.16877556970735
0.16939592206485
0.16561058252427
0.16791294756018
0.16177576924181
0.16171140543765
0.17054231959061
0.16539110112133
0.21506966644291
0.22215965170326
0.19609016228782
0.18535017674238
0.22586165197155
0.27619601570006
0.23297600842338
0.17583202255228
0.19273675927515
0.27615549474457
0.24379422912029
0.20225352170808
0.24244313629818
0.25848438718106
0.29429185615578
0.25844920158157
0.29038409309857
0.23939249658012
0.2555001629965
0.24127713347431
0.24750969755373
0.20884032872339
0.19434734904989
0.21168959976187
0.20052793589859
0.21801487375776
0.21179686374709
0.20786852658786
0.17360063438406
0.18007663246789
0.17510195855416
0.18584887984781
0.17648003313311
0.17928703853076
0.1883481540224
0.21031644171806
0.19419782982298
0.18509845372872
0.20396239742116
0.20113834153229
0.21749288720036
0.21579478954542
0.20625806326398
0.1937165605624
0.21387889074317
0.20099661025398
0.21866883926736
0.22100118093746
0.25499993599505
0.2302027351854
0.22093987581749
0.22286221547738
0.22994157772517
0.15394334471336
0.17323361357971
0.1545915474031
0.13181470739881
0.13302043306437
0.16203764999062
0.15583659839872
0.17263588270582
0.15702399777404
0.14010106340979
0.17227040873966
0.18382979734418
0.198912702148
0.14235057912305
0.14698875938707
0.13907471591065
0.13561067519782
0.14074018554424
0.12956348009979
0.11778941549444
0.13497393436488
0.11549824524884
0.12787883478485
0.11818554435992
0.12844735612114
0.15064089818372
0.1725167902555
0.1623465741881
0.16427422173604
0.17620387227893
0.14573576832954
0.14713346499821
0.15318160692592
0.15251409768408
0.15712240676366
0.14926290726166
0.17619592807165
0.1683282715517
0.1656618875969
0.14020041939363
0.13664872774817
0.13047513940433
0.35543841711527
0.28386945463008
0.20867658828187
0.20851898473288
0.23093326959389
0.25520941211169
0.2393005622058
0.25243011675674
0.2247479625008
0.18876524960982
0.19157291376455
0.2619320737531
0.29942741764699
0.35520591865762
0.3517540677303
0.30525727040432
0.1283325022741
0.2732923665671
0.20674424292664
0.22456675543471
0.20772625252473
0.26539007204751
0.2257556943348
0.23098604669152
0.24082702736696
0.26169955224824
0.22304763603343
0.26693439737505
0.28070652068491
0.28061167246898
0.24339895717677
0.24626217867104
0.28135418953617
0.27050844007554
0.26381527998783
0.2579324803013
0.22867959875054
0.24960755351843
0.18851273929855
0.19239142999128
0.18873352804738
0.16272861787802
0.16899419999107
0.17619831508565
0.1633670250596
0.17273658775914
0.15990726977614
0.14501886960559
0.14389941973904
0.13799247004084
0.14722304103357
0.1352150064846
0.13272380095167
0.13314916562913
0.12575218918341
0.15246687060238
0.15535853073374
0.14742718600815
0.14327463333615
0.13156218367963
0.15572946575867
0.16154648636453
0.15242418922458
0.178574851272
0.13936955942606
0.15015379332735
0.15087546079154
0.15422220462748
0.15907883942997
0.15930083497089
0.13028977294868
0.14489015704028
0.13791615572086
0.13635297979495
0.29668821961579
0.31233361994211
0.30417232921867
0.2804000583334
0.29073267525922
0.29114550663175
0.27015560889635
0.26579120694205
0.28324698419112
0.27742027802983
0.28691027217627
0.26558665924722
0.25965514651246
0.29214418487108
0.34851877110301
0.31702068775363
0.30133993486262
0.28621868576814
0.29066160098027
0.27991302231971
0.27085832796014
0.27734116790206
0.28860826227614
0.25116214904098
0.27306856817011
0.26191108043028
0.27103113436075
0.19642650379367
0.23827560936139
0.26088497161803
0.23930469867874
0.27617383946129
0.22471850722643
0.21459177686491
0.19890404062314
0.18140547645587
0.18860664844171
0.17707537184421
0.18400215136479
0.17387547001175
0.17689349470686
0.17488057336145
0.1731058023772
0.20222025893828
0.18448077895739
0.20798147509696
0.18495448866732
0.1822539514392
0.17958062732112
0.20860162721206
0.21979052309778
0.2491347871489
0.22842369620276
0.20483074051845
0.19606472192175
0.18917632648987
0.16862406578276
0.18430234172184
0.16303227759962
0.17232154460931
0.15618276305822
0.15553467894094
0.16488719243578
0.1490558622485
0.14972691626509
0.16885002144182
0.1617304114386
0.15588254900388
0.20995676416073
0.21420429236198
0.20931913274684
0.18673627899366
0.20906590221817
0.23359563862393
0.2222519705469
0.19018592978233
0.16946365919336
0.18101628505882
0.24298060244635
0.2099546050249
0.2359701367205
0.24090043978754
0.2649739299582
0.23215377576622
0.22523824356574
0.25518481518092
0.22964341681075
0.22775236236569
0.22527564130304
0.19393430796769
0.18952095685335
0.20089592380367
0.20601307961362
0.20616345859723
0.20079634450911
0.17286528385207
0.1713818664308
0.17324458840042
0.18462467978845
0.17720484386936
0.18530745358992
0.17833659131949
0.20883766208525
0.20019854952393
0.1762931134059
0.1727110485283
0.20362953264698
0.18957643761591
0.20907904018817
0.21584853319395
0.20638198750796
0.19648802988313
0.1841244578163
0.20470997470211
0.18639087652587
0.20908205936613
0.22863168911432
0.21102503494727
0.21538950011898
0.15153468572093
0.16235876290344
0.15288330154299
0.13997075504114
0.11560422448175
0.11669519515082
0.16370026316981
0.15391403091944
0.14243077485027
0.1553445067367
0.16338352181442
0.15543214069949
0.14377987597431
0.12684747360094
0.13388899488783
0.16896051198062
0.1880788085795
0.17200439507602
0.19770551432316
0.13661260267856
0.12613696077757
0.13022645456839
0.12795671223146
0.11893341388188
0.12645049749039
0.10795179532172
0.10191736335135
0.11374019272696
0.10215163124761
0.11300674045545
0.12740766235469
0.14511736486219
0.16738468591925
0.15903178099565
0.15604447924239
0.1551350630495
0.16296385733842
0.13418470563207
0.14068025326196
0.14415577857
0.16302492715719
0.1369590228941
0.16797581548125
0.16001324701532
0.173096137922
0.16318498102882
0.12815579764701
0.11982147211603
0.11480458030846
0.28702520849655
0.22105422855914
0.21244054535774
0.20906289585769
0.24855879261816
0.23083988438791
0.23607813679782
0.21537439808545
0.21657601072102
0.24213132168963
0.20319606634444
0.24085053168676
0.26325409345116
0.27625862996405
0.11589855846974
0.27236969892828
0.20611296699838
0.21306852491034
0.26688816269971
0.21404362399532
0.22859591527661
0.22932566619925
0.23382422286832
0.24371220402369
0.24851649939054
0.24586228154769
0.22622264630459
0.2283218086588
0.24645416638011
0.24752598921659
0.21767687343758
0.23460500161695
0.18345399081094
0.18372107092497
0.16145772867347
0.17262588802324
0.15941879509922
0.15593909327226
0.16125652469421
0.1533369740062
0.136760410725
0.13235926816952
0.13020308530268
0.13503226260044
0.12113483980482
0.11610350099685
0.1270487985179
0.11314965209634
0.13971986223746
0.14504644347965
0.13672908886905
0.1301163666234
0.12351475770222
0.12829404362862
0.14969421901536
0.15155834557987
0.13725463899896
0.16566843136337
0.13542682792221
0.13656362629589
0.14568511436168
0.14736745337417
0.15258234227492
0.12576010694929
0.12084164163192
0.13098082551238
0.12786007720885
0.12465761727628
0.29088556646769
0.27396761499704
0.25545541854927
0.2777851170975
0.24655624773584
0.25798911853657
0.26666091116632
0.25540333959105
0.26745672056302
0.24649585100154
0.24386542787447
0.24435557824243
0.27204865614251
0.28471003358389
0.28292652519111
0.27011647940996
0.27288279843892
0.25872804102584
0.24395687699031
0.26000228193247
0.24414217340392
0.2406667607856
0.24445033949965
0.22806926933267
0.24824622612307
0.23398766842359
0.25574924669439
0.24047201081175
0.28110998341336
0.26279371856831
0.20687113012567
0.19999842010496
0.1872935331109
0.17375034771894
0.17331401404333
0.18462720963148
0.17221800055158
0.18524344530134
0.16329146241409
0.16646746691391
0.17403537679322
0.16838595712407
0.1685601717158
0.17030791238374
0.1879320818471
0.19688794047841
0.17556624732069
0.20444830131827
0.19156167595348
0.17495174044007
0.16566622659946
0.19134542425216
0.23511530822838
0.21680235815211
0.18975822535852
0.21747625051738
0.18655994090268
0.17272163587317
0.15552351021542
0.17117116387993
0.15095786318589
0.1564848311877
0.14532312651101
0.14395169935501
0.14559514846315
0.15210487960166
0.14488079613388
0.14426118178488
0.1590100457565
0.1936419936376
0.2179405555159
0.1957962963339
0.19232104260532
0.19717635277071
0.20511149471072
0.20810356592057
0.20474938625408
0.19280629403609
0.18595418103132
0.17548738515996
0.23940770061269
0.21773765797216
0.19156264085376
0.21438798132458
0.23211325817037
0.22134902084682
0.21753081757849
0.21693712213918
0.23382583670048
0.22179638988886
0.21705331085413
0.18109220758756
0.1838479531831
0.18670399311393
0.19091931269359
0.19397504297426
0.20364925234026
0.2000721948648
0.16895416283369
0.16271683387839
0.16782726438498
0.16870717256556
0.17480509196179
0.17280336040467
0.17767632040124
0.1624059416786
0.17069246901594
0.19209626282846
0.18700424065353
0.17523976099648
0.16771831358041
0.1860189336298
0.17653030690146
0.19422343695345
0.19710387679893
0.19673634376601
0.18790758881645
0.18274200625089
0.19040792442627
0.20205754558404
0.19643092588692
0.20126719215861
0.13745017300275
0.15731012219596
0.13688574045308
0.13088838106855
0.10557162867766
0.1030945649348
0.15472330338491
0.14135894978375
0.13394345631924
0.15842727533153
0.14137833971668
0.14023230550217
0.13801504895918
0.12576018520139
0.11115829811011
0.11822794621285
0.16017152102325
0.17994854795477
0.17278376284054
0.18909341396725
0.12381992217364
0.11527286575813
0.11459376192869
0.11971728991643
0.10767071897287
0.11314808405724
0.090566923682602
0.099679336530458
0.10321090772644
0.10232767923061
0.10201695330983
0.11092637755122
0.12587077842967
0.125790679811
0.14467250737411
0.1390336219831
0.15043860829974
0.146904940328
0.11582137589818
0.12017725544918
0.13450502897601
0.1404396299747
0.15338592000381
0.12782131551536
0.13187711163194
0.15651134797935
0.1634422090726
0.13969508565518
0.15656715517779
0.16192285492159
0.15406476801969
0.11210380395417
0.10721630250115
0.22688492249046
0.18572627163347
0.21767465880301
0.18825517934857
0.21553023676235
0.1903862931488
0.21734361258773
0.20462724575504
0.20395246664798
0.19744870598726
0.19636285170958
0.22327709805196
0.18675053925944
0.23058829997215
0.095735807959816
0.2514260250142
0.18873931351497
0.19635501536849
0.25304386977
0.19388517343036
0.22286171634174
0.21586920824425
0.22013293166633
0.23195920323412
0.21566542171935
0.210453572486
0.22867050249522
0.23107224610448
0.22269574927304
0.20032288506052
0.22565340507486
0.16727204861877
0.15524624430717
0.16683189064555
0.16401179434674
0.14459467396136
0.14282083626721
0.155276366339
0.14171266205957
0.1252180524529
0.12766542777811
0.11911157815327
0.1121480758493
0.11230634209155
0.10865624594142
0.1173049906225
0.10003302683984
0.13404621433108
0.13319199496698
0.13011827016326
0.11124754616192
0.11473136241833
0.13180165054665
0.13981391749115
0.14047105036828
0.12853427069509
0.15251631029323
0.13104852453013
0.12858701444978
0.13525761043702
0.13760098139123
0.10734030690249
0.1203469732033
0.11007182892901
0.11089001472393
0.25817996323428
0.24508084215938
0.26045929485462
0.22662336334739
0.23510171181816
0.23704640913755
0.23374350199793
0.24570543862525
0.23006904112006
0.23240180507578
0.25374960228436
0.26545191066268
0.22864046402039
0.23554298660083
0.22989990420874
0.21579614105908
0.23937466905553
0.22614539597974
0.215290941148
0.21426991745897
0.18234092281124
0.19661848310211
0.23667068803422
0.24334991325642
0.26258572720126
0.19565484907476
0.20824496521684
0.16628243846039
0.17242740808687
0.18484652551837
0.16751532794223
0.163019584061
0.16067155391625
0.15548709071568
0.15843154968451
0.15451568826533
0.18400947636929
0.16811641699896
0.18802997821998
0.16365542437672
0.17118214107715
0.16029564239061
0.18424195787889
0.23591493011627
0.20694971462753
0.1741448430331
0.18262155544549
0.21096002522066
0.17320266607067
0.18147788415319
0.16194013374985
0.16992019402269
0.13849404728949
0.14951387336902
0.14360667236379
0.1305826426031
0.1358058545977
0.13802647366146
0.13554855124114
0.13380061218815
0.13607334236862
0.14946051111702
0.20424485136389
0.18699641231461
0.1932962892932
0.18470041425224
0.1809738897906
0.19522548794568
0.19263034299805
0.20104018224275
0.19409885646858
0.17734709507982
0.20128880906307
0.21762251419637
0.18725587937503
0.20406797451606
0.21296516680223
0.21599226219176
0.20904663736185
0.20793464429699
0.21148063545316
0.18622170116924
0.16999759599154
0.16841319480809
0.17566428894385
0.18324847342045
0.18866050076458
0.18379313267771
0.15280808570012
0.153919109378
0.14769487090488
0.15307660514334
0.1725313110797
0.16428688898801
0.17273087905817
0.15707191722504
0.16780928873059
0.18346076799937
0.18787519538878
0.18281084227168
0.16433570073477
0.17706652406153
0.17114918541574
0.18989029814186
0.16886203036005
0.17748180553573
0.18934128850953
0.1886415084525
0.18616880450161
0.196923436618
0.20142160829059
0.13620114096609
0.15708920752946
0.14469136522172
0.14001671111871
0.11382351909539
0.097362041176428
0.084539033156653
0.084661218716447
0.14344991589543
0.13026814080295
0.1254866157193
0.14663098110292
0.13840670248814
0.13342379598565
0.12270404080124
0.11260776331123
0.10452523465107
0.11010876703615
0.15304724371846
0.16419472180887
0.17030505685666
0.11194179116443
0.10526097112058
0.10844009722106
0.091320410426179
0.095310210884862
0.076147136501024
0.086641156907078
0.08838370094494
0.090432943981239
0.088624786390564
0.10081132599505
0.11130329810807
0.10738344534576
0.12951534999995
0.14465478019703
0.12961702034988
0.10354853218281
0.10595118976631
0.11623399077656
0.12807886616187
0.1286837621998
0.14010651405908
0.13305507164093
0.15108768104586
0.11562110845104
0.11411149233204
0.14868526302448
0.15669881781671
0.15352712598219
0.1689642778179
0.13774115214935
0.13509395157589
0.15943709726096
0.14222612337103
0.16534516310087
0.095520009202378
0.091573512398252
0.19527683531055
0.18897886993151
0.18499423965517
0.19635469742225
0.20080227666413
0.21993559023634
0.2029997696629
0.19316617262818
0.19807327999845
0.21018011126112
0.18894567431752
0.19566658561486
0.18458264421638
0.19714143861795
0.092024640935079
0.24152979119025
0.24935847386278
0.18883694634939
0.20893328930867
0.21826393144896
0.21233281416763
0.19720006034135
0.21247337777202
0.22724696088914
0.21450754828445
0.2061900321293
0.21197275282825
0.22808889429535
0.14275756552082
0.15775054771757
0.14353621103621
0.13833493225762
0.14105492240882
0.11431885827228
0.13043548366816
0.11779876706595
0.092870384783072
0.09056661906491
0.10790526220124
0.09580433017114
0.12816313545017
0.11796502084538
0.10347355784562
0.12267400791644
0.12353145458972
0.11061934902628
0.12099709765241
0.12509188457826
0.11451548556256
0.12988830255821
0.12494921096218
0.10456354520647
0.10361547620851
0.1041697010084
0.098674959658433
0.093664747758243
0.24126419091573
0.25484730372626
0.2450514156785
0.21319666492347
0.22508012310239
0.21918843121662
0.22969552765393
0.21766915176128
0.24079585785135
0.21550003562034
0.21405315565711
0.2057840138774
0.21370048231597
0.19489662145533
0.20795852338482
0.18345396550894
0.21997646303966
0.19330583784055
0.17173986465819
0.1551496987786
0.16896713519599
0.1763219437744
0.15746856808414
0.16003374641218
0.15631268689523
0.15205680581695
0.14947844203112
0.14593708176534
0.14835390122644
0.18059542617448
0.15322965548657
0.18250180706905
0.17611704532213
0.1551122833163
0.15579802259311
0.15043707782334
0.22787423163844
0.20852296937561
0.19010231940343
0.16399160892934
0.1918734313201
0.16779604274279
0.20246137302257
0.16137048782549
0.16657889719673
0.15364840180144
0.15872138686599
0.1319673386327
0.13004137430504
0.13601076780665
0.13726672015394
0.11994207279821
0.12437134266622
0.1302825524321
0.11713754220298
0.12281539447164
0.14382296475744
0.17608677930034
0.18761748436062
0.17885241547768
0.18099886969192
0.17332124468279
0.1746547194664
0.19182223686274
0.18680563113208
0.18054616665956
0.17267591811296
0.18611543764025
0.20269493654618
0.18087780080761
0.20532637419586
0.20124541394858
0.19311742749159
0.18839174191033
0.19157141191738
0.15633784154035
0.1611788520171
0.17163571280019
0.17655940450086
0.14359677180947
0.13836590759019
0.14411601909359
0.1401825421239
0.15245761897017
0.16673154427343
0.15701653104613
0.16756686436493
0.14565343754128
0.16925038414137
0.15533310637055
0.17303407897587
0.17651254958633
0.17766522112561
0.15348820529847
0.16128137003141
0.15680842084358
0.17620779156432
0.16259723312885
0.17542811616498
0.17838022628153
0.18932239809115
0.17598310544916
0.176002903052
0.18065647686453
0.19246601834561
0.131123598044
0.1475631764681
0.14129862303863
0.13671610651917
0.10552658770948
0.077250965473436
0.069293207222695
0.069687744472116
0.1418128274315
0.1322162932642
0.1201966760861
0.1284000902867
0.11498312947857
0.13642724630094
0.12363240470239
0.13371788371506
0.11865766777484
0.10441904774025
0.093304554258037
0.10328674628966
0.1035329091581
0.1519451338098
0.14395711465858
0.16222157623381
0.10443573568762
0.091845596929996
0.094884408709526
0.085640498741831
0.077796931071392
0.070344198768017
0.068654523752535
0.076365249123403
0.075731231905757
0.071066260919861
0.089697432130924
0.098982290587867
0.11175934209619
0.093895410891215
0.12928060002145
0.13378486388893
0.11828416881744
0.09008106458021
0.095855171472745
0.10706488522968
0.13748089572622
0.11439362814476
0.11089103509968
0.1324813354239
0.12637622013332
0.11578242923687
0.10608904809341
0.14487371890943
0.14747697857044
0.1490973214995
0.15561225705942
0.12786531146879
0.12478747261506
0.16216887989097
0.16568757400673
0.14285997196313
0.15621859208984
0.090960782711277
0.068413686027308
0.18189795341592
0.18281553850369
0.17956316086936
0.18743922280182
0.19844855924766
0.20718868971906
0.21210152069111
0.19626006081889
0.18596720013009
0.18322399248004
0.18939372671328
0.18569938289683
0.20553093184398
0.18057062927836
0.1853509720934
0.18004426406413
0.074339052356088
0.22796380873881
0.23286558747826
0.1787061651584
0.18024913690741
0.199916287326
0.20320023514861
0.20230459582224
0.18269061682057
0.20234181332746
0.21161054111658
0.19680196415647
0.19525973943918
0.20426984805443
0.20197998007582
0.22164882496168
0.13724823134831
0.15420044684339
0.13799974230277
0.132500559914
0.11358082739495
0.11163123388058
0.12554726598146
0.11442036350624
0.088410237011981
0.09707200020187
0.081259617924177
0.1028029488613
0.085480200705272
0.11903120160134
0.10851573403272
0.092170609692633
0.10980485765702
0.093146647421695
0.1111162192038
0.11284561128269
0.099651383772715
0.12164879571867
0.11419797914135
0.12164276257571
0.092548303877059
0.095018681787011
0.089282437424469
0.097974048482683
0.099031140333025
0.086718738029812
0.22445977621845
0.23909765457083
0.22823065466998
0.19712288890143
0.20869563924573
0.19803078042034
0.19988491078176
0.21699980372105
0.20001035479239
0.21990171618882
0.2228627477052
0.19859814007566
0.18653624502389
0.18168162611617
0.18961062340055
0.21377150749197
0.18837769186724
0.18652301924171
0.16253944112215
0.14975471533218
0.15742329827893
0.1656808836199
0.17374099232069
0.14455979271535
0.14970196042012
0.14864924120862
0.13767988110265
0.14037151892452
0.13696827462994
0.1653738894594
0.14809257842989
0.17033797537369
0.14523923173257
0.14749550604488
0.14741753313775
0.19399207763382
0.17831212036484
0.16141544339685
0.15032336910988
0.19009471283616
0.18290015922964
0.15389520560917
0.17292569972504
0.19441609432651
0.15145525678711
0.15763590665002
0.13875034642732
0.15799713409173
0.11921844862554
0.13072105391664
0.11677924012935
0.12942230556142
0.103862184213
0.11104430488224
0.11498576809069
0.11586390440648
0.12852300036901
0.099656495057682
0.11762951624836
0.11025608946868
0.13128997238287
0.16034798934487
0.17799571474688
0.17565408826068
0.16960262411621
0.17551238682165
0.16179620239395
0.17112976231488
0.16627120705654
0.17008479116844
0.18060835300923
0.18128089476865
0.1813717292955
0.1787821725868
0.17241418275519
0.18964384673566
0.17570371739585
0.18839905043757
0.18806969704072
0.18121654173147
0.1849382174292
0.17735523178459
0.15729982733656
0.16514758947329
0.13330006161976
0.1357592286458
0.12685114901817
0.13420782181995
0.12920546818219
0.14185471274521
0.14575600750257
0.15640627542269
0.15601201184687
0.14287087572322
0.16063946606086
0.14830387198958
0.15505288544283
0.15113457227133
0.15945486127091
0.16133455831218
0.16536856775463
0.15226166576072
0.14881759674883
0.14585939283577
0.16205900029908
0.17304432183854
0.17600258222545
0.17705681468051
0.16518359701103
0.17151510281264
0.17490121439469
0.19466872587925
0.12181453719336
0.14338008446521
0.12802683683848
0.096626375462496
0.067179579510129
0.059168993658169
0.058920699383232
0.13138463601038
0.14185147275282
0.12888003436587
0.12143529925562
0.10949749819559
0.12209468019987
0.11256010126194
0.12562821711195
0.11106908970338
0.12275148839479
0.10527159320442
0.11876391269624
0.10582416753924
0.092759633800136
0.085052109977014
0.092035900375561
0.089756277577902
0.13936817823666
0.13624280966163
0.092173997905169
0.082074545120962
0.088473843016962
0.068179450593202
0.071931991793029
0.05428707734437
0.058350809379346
0.063482833586283
0.07625611097186
0.066325509727383
0.067896559741616
0.079679368199373
0.088700397025516
0.10498292732731
0.11790556566738
0.12358532504418
0.11639701832956
0.10562705918918
0.065695879025502
0.10167513361582
0.073284490151738
0.088697314547387
0.12822217577267
0.10773268978091
0.11684293063421
0.11259683111513
0.10560226133465
0.11021488414514
0.113076260094
0.13002394625572
0.13507686115918
0.13041870760091
0.14927226708465
0.1518752150148
0.14066186555201
0.13949865668662
0.14567088625131
0.072544904560608
0.064271352925922
0.17761298121116
0.17899056998304
0.1671681736551
0.18114274387021
0.18299618772602
0.19119468124969
0.19349783469734
0.18918498571831
0.18438009348975
0.17961706858173
0.17311890277202
0.17757656530109
0.17949632728057
0.1773397123167
0.072204812675583
0.073917096882692
0.22281722179485
0.22902621668596
0.18032955761184
0.16408794480331
0.16597388717711
0.19461258015272
0.20590017214759
0.18881170192779
0.16828239995705
0.19220239002479
0.18317969642346
0.19268556242412
0.20457668060047
0.1852060194612
0.19241492439859
0.21460882891362
0.13544340411006
0.14142675224892
0.12839892259806
0.1214601987319
0.10362100819028
0.11108487593644
0.10737256960181
0.10459627688288
0.076769023239117
0.085755345897333
0.078935108430358
0.067613909139804
0.090202321508231
0.077358934358566
0.11511426255072
0.090824066697936
0.086412682038277
0.094687195633072
0.10705153256767
0.1080065503884
0.10677831069403
0.10334953276807
0.10962720698127
0.13019867147816
0.086766073912943
0.092447997928988
0.094186422291917
0.088817754311649
0.071026994816228
0.21606751396891
0.18078337764136
0.19224530743901
0.19236767828098
0.18737661685374
0.18104313379756
0.19568891354097
0.19803344852601
0.21659200233524
0.18236927090247
0.19006042572727
0.18296343486031
0.18386875729128
0.16893419012306
0.16873732068106
0.16027246913619
0.14396388779505
0.13937440765194
0.14485883433773
0.15949218158804
0.16591664416611
0.139446069723
0.13454353297658
0.13855717119192
0.1358669171776
0.12398397368033
0.1260829106966
0.15457034618851
0.13686312097007
0.16870193078656
0.13321393610094
0.14777820790386
0.13629478433036
0.13465177342553
0.18061753977336
0.16937864078272
0.14807020612498
0.14161007075949
0.17807546464916
0.1795301406096
0.14749730789467
0.16361121783526
0.19870180003657
0.13743702979841
0.14856659001608
0.14453379269203
0.15521787822717
0.10922751720968
0.11542238045276
0.10814098406482
0.11503709845339
0.093236232765173
0.099281697254668
0.11374277205004
0.097162474788268
0.10684191336755
0.12266504815609
0.1585541799547
0.15463795624388
0.16696409564616
0.17773195936505
0.16337842186093
0.1669268385744
0.15464558827212
0.15260093442758
0.15732771864005
0.17306065672484
0.17372222577609
0.17448100742519
0.17592114220629
0.17713160994587
0.16588933158041
0.17374796565349
0.17761467999038
0.1635878301907
0.14716590196386
0.15095262507474
0.11832598253109
0.12629661042736
0.1355173199472
0.11565525523473
0.13378731459949
0.11429828878204
0.10742462585635
0.13814755483464
0.15188541501304
0.14205692208063
0.15331829171634
0.13896625452206
0.14671590925858
0.14473714091962
0.1491045376036
0.15644295430292
0.15209029136967
0.15395445343202
0.14784540786169
0.1394357900518
0.15268284718063
0.16344139283178
0.16660967996488
0.15486217762454
0.16230085936237
0.1668539143438
0.16934696991144
0.17922349696255
0.12096914600118
0.13622616392723
0.086716231099534
0.06028985034431
0.12449135215137
0.13233538861878
0.12076740948248
0.11284381488164
0.10315911192432
0.12083203311102
0.11099162583942
0.10462127427677
0.1260634588548
0.094900925160365
0.10944817028735
0.098879012858674
0.085489903977764
0.084824006023812
0.092742379773899
0.085717092034258
0.08657363625472
0.13511053068913
0.13259782726255
0.082636163279791
0.075132260723966
0.076721812696234
0.073941200831996
0.054160555973708
0.058628150221598
0.045946032183184
0.055990654754867
0.059079945478058
0.067021568433376
0.076915857647249
0.057004256712673
0.064623302975304
0.060317369829228
0.07920876587505
0.077177591014377
0.087234835165205
0.10011779079277
0.10332287677495
0.11628264985875
0.095876914497282
0.063754969955148
0.061900805557768
0.085252489345965
0.072155295327738
0.08546168642635
0.1299957141666
0.098388939538844
0.11774211438081
0.10182610874111
0.11156478798365
0.092498664363888
0.10306191193409
0.10558383230958
0.13312463992981
0.11967791558704
0.14027565510816
0.15078930507148
0.15469120894909
0.13760468591428
0.13198277644039
0.14260557740304
0.076062921067788
0.048873870614667
0.16767740866015
0.15902541669023
0.15991323159127
0.16676495353126
0.17542029100623
0.19617017522685
0.18001603519198
0.17665765012931
0.1681145013038
0.16694863547364
0.170497030468
0.073422155324812
0.057106811744272
0.21591496467733
0.16908250472636
0.16178381045436
0.19953626291678
0.17441249802113
0.16239790234812
0.16074672153556
0.16808349898777
0.18815663551056
0.17669711438056
0.19900687311322
0.18044456643945
0.19100017543474
0.12330037104458
0.13402838848842
0.12052249390972
0.11831746666527
0.11487811771839
0.10230384015202
0.10848967844912
0.10675781674467
0.09671687757383
0.092444093695347
0.067030049125352
0.067386268920715
0.081039704772885
0.06498956501151
0.057844359275337
0.083942115264235
0.065893937034418
0.074319388793691
0.070831322717585
0.081089876845706
0.088760901017365
0.097329996576249
0.1013560012026
0.1002330890754
0.10264050234603
0.11001599676078
0.12272990555101
0.078441595154835
0.083357209648554
0.081681317313663
0.095265148773722
0.082629526708162
0.077252474650954
0.060477748729562
0.20765740123444
0.17476048488136
0.17177129377229
0.1792103737782
0.17206380985655
0.18589842971739
0.17730092259434
0.17561205701566
0.17589085268125
0.1753504276343
0.15783318565708
0.14650448374883
0.16072849487934
0.13311146396779
0.12795434971515
0.13554494186537
0.1503343868036
0.15977193619597
0.12306431669181
0.11769191363704
0.12009058452426
0.12111463774645
0.11388204701165
0.12006723924939
0.14423685657475
0.1254857844735
0.12200578362646
0.13796647443629
0.12525230309869
0.12555188854708
0.15908184319403
0.14656618463367
0.1453401456954
0.14085281609307
0.13359864708561
0.16553714447148
0.18612516872741
0.16911503732532
0.13482460750099
0.15143380072293
0.15756377357119
0.1267641009698
0.1326820181584
0.1528711242839
0.14601390516934
0.12970090668918
0.09685605886907
0.10114455486366
0.11403750320053
0.10496650706244
0.11038345103297
0.075478812311482
0.083449109604323
0.11015258531776
0.074841084288477
0.10952871146756
0.089970428228195
0.11600503073903
0.14822315787898
0.14437258633533
0.16007035881568
0.16463535394297
0.15119164431951
0.1626617545877
0.14324229849211
0.14124778439394
0.14898700915137
0.16182035624034
0.14447368110986
0.17384724792928
0.16496947633825
0.1648167253788
0.1555517357156
0.16723638918428
0.14971724445237
0.13877978171954
0.10167640641287
0.11658495425056
0.11944640325234
0.096505692805908
0.11682476812491
0.10320121860206
0.097469961714344
0.14298191371253
0.12102598249315
0.13274900790226
0.14431616736223
0.13167972384553
0.13940053971581
0.13316599271713
0.14613870466397
0.15001623887401
0.14486192045113
0.13720643978699
0.12883246161065
0.15062285433334
0.1612212446579
0.15162895138105
0.14677324445871
0.15850794847627
0.16077521578493
0.15931584879453
0.12236301531332
0.084279742621038
0.047843343566811
0.12519012059496
0.11743511907543
0.1141777823813
0.10481017950769
0.11867886786286
0.10559212452008
0.10845399413767
0.10117693025794
0.12227910092841
0.096826371772692
0.088017164510383
0.09151235377545
0.1009634912578
0.085983277160093
0.081571604623023
0.088570047090227
0.087075371517943
0.076332182088039
0.083559804253934
0.078009696488063
0.13113910928773
0.065695780613201
0.065910958235559
0.075428786319022
0.055283531390262
0.059094747066083
0.047130993884576
0.051130589089457
0.046600843646383
0.055416195203982
0.061109889208515
0.067603606446893
0.067984084938517
0.047833799207868
0.057679701419526
0.071868812388355
0.055831889144191
0.078842695204309
0.078152079903387
0.087381015963061
0.091417867224381
0.098769983142004
0.097872149770812
0.098776634715223
0.10679695254875
0.088864281086824
0.083308257622303
0.04917116589455
0.062560507711494
0.061024459933302
0.065596605211763
0.079522536858678
0.088781143920808
0.093639675289116
0.1160000373603
0.11243194077187
0.099132403607273
0.10876726252281
0.085614844871391
0.10415091410863
0.091994702461537
0.10720828229237
0.12161454752987
0.11869845355274
0.13996278587253
0.14899615585561
0.1457733860667
0.1392604755647
0.12607781652582
0.12500706262244
0.13988875429044
0.1351867299618
0.069893283107433
0.043602638491581
0.15092470245943
0.15457437128946
0.15481437490384
0.14639438153615
0.15361039696949
0.16167780825252
0.15844614974964
0.17103688274498
0.17752864761736
0.16677312023253
0.16561841184538
0.16496294998473
0.16287663167174
0.059646482286981
0.05434277674428
0.1602040882868
0.14984087642318
0.16538523058136
0.17528634919361
0.15133982161024
0.14934525702213
0.15889512032947
0.17629353892788
0.16858264602676
0.17951166118598
0.1217144298063
0.12566940083647
0.11702689711551
0.1146176421144
0.10854144194584
0.10199704752157
0.096542117746599
0.10193195979513
0.096325466331675
0.089979503565044
0.062724319864868
0.055420672029351
0.082841081839656
0.069360848294541
0.062549726892173
0.048964598346229
0.077148454412043
0.061437411286104
0.07357312910506
0.060445991033891
0.086625918230309
0.098894769135214
0.087709181452423
0.098841047248355
0.10988928709118
0.10836816554758
0.12120230698293
0.068444189285781
0.076451457444904
0.07778068956668
0.086148356416155
0.08133692926812
0.076682266298237
0.089252774801018
0.06691976407056
0.058056837493832
0.15933680597643
0.15864095995072
0.15925579313956
0.16322528366869
0.16637300417818
0.15016243947266
0.13519649615262
0.14902047328629
0.12205629289685
0.12516331281907
0.12293680343954
0.13785630142138
0.12526287617947
0.14997191929475
0.099197113706419
0.11261552991639
0.099636807728005
0.11556852305759
0.10500769125897
0.12876368344416
0.12213234731793
0.11829232177457
0.11504463533626
0.12766253965329
0.13748205760775
0.11913427935988
0.12039196776521
0.13771838862406
0.1422047378384
0.14254284985697
0.13372295801585
0.1538755161585
0.16825348874407
0.139844489338
0.12459326462742
0.16079461372949
0.14269521650679
0.12539138880757
0.13403057646858
0.12505890594839
0.12318950472211
0.082038313340436
0.088661701827493
0.10497785398646
0.11107829545635
0.10105645731211
0.10508805435465
0.073869975335548
0.075769345006925
0.10374413989892
0.073652353148324
0.071633641570442
0.096514238416056
0.14898052080735
0.14104693145127
0.13547796078134
0.15272933046199
0.12993886821819
0.14063678191538
0.14029803843395
0.13029454062893
0.14802674590586
0.13641946762081
0.15635722231826
0.15083983859087
0.1402132262027
0.15873756128092
0.15775043123453
0.15703705054723
0.1451438866184
0.15319768583619
0.14245900046555
0.14357186616439
0.12402141988712
0.13645153810819
0.097406450014693
0.11319343086572
0.11071648681741
0.1035127749624
0.11642153799246
0.10923664878225
0.095872015147343
0.092852218743327
0.12974207241049
0.11746312864114
0.13771882742247
0.12996479920968
0.13060132887147
0.1266936057001
0.13558853055283
0.1373298968741
0.13506399650582
0.12811439536341
0.12011348233636
0.14136425673499
0.13767243771067
0.1444271869791
0.14921686923056
0.14861994400683
0.11495854001058
0.075027413386081
0.086896868927957
0.05104766515118
0.12051987065742
0.1182754521613
0.10581456309976
0.094755783627434
0.11066499103361
0.1015614116133
0.10024282536964
0.09458207061118
0.11391071139232
0.079922274310447
0.089487294403763
0.08722591937635
0.093812103697706
0.10284850394138
0.082700836545283
0.072546356730173
0.083114910718067
0.082871937204048
0.089269447123176
0.067753795982433
0.072165285661024
0.068927594274291
0.11913969563591
0.061817252938132
0.066389475118164
0.060054834065921
0.052125414911901
0.046100982004819
0.054225159907965
0.044236981308075
0.050230073903599
0.062237701020655
0.061914712301196
0.067044523912882
0.046002907743438
0.057206048252435
0.063568654227924
0.04949974776093
0.057151299055513
0.073525323576048
0.080721670724311
0.072699585417043
0.0837650567724
0.091171595985971
0.099721738276538
0.088114033345547
0.092025032243334
0.087219423305003
0.076342692269941
0.073104766481939
0.044501742462868
0.051528045328336
0.062197646348701
0.04453603371805
0.04995271091699
0.066659267283164
0.082309386711846
0.083110389638486
0.11231110974282
0.11054845560195
0.092138268547975
0.097114297636869
0.10140178960256
0.076185697801787
0.095742269147295
0.088586454176214
0.11328203767289
0.12705506823977
0.14009369964092
0.14452949671829
0.13884398390801
0.12650290502613
0.12114303835708
0.12095274716917
0.12780568947525
0.12678319906321
0.066413186428337
0.041741501215379
0.15248676022659
0.14354902807278
0.14507850765626
0.13744445934438
0.15182716077149
0.13311400313385
0.13465583081946
0.15778212149606
0.17200088599137
0.15577632735161
0.15128673700172
0.15797185493698
0.15609964584973
0.054588574299547
0.045174476543361
0.14799332256038
0.16142431280799
0.14231386714959
0.15023462439203
0.13987836329012
0.16503325669118
0.14598708442757
0.14857406110601
0.12140731366129
0.10562704734894
0.09788127169871
0.096525303867159
0.090963657374019
0.095175417757873
0.090367681761055
0.052038653617913
0.047481548720722
0.076048568991823
0.084156868994031
0.069693676387507
0.065148044124808
0.053435572170333
0.059223897667899
0.066995829026689
0.055669854232943
0.058378479392095
0.081132327945685
0.088440127629278
0.083904459913134
0.10572870261222
0.089541950725068
0.10549287832757
0.1026667635919
0.068249693790554
0.064592888849318
0.078153310958553
0.068185104266
0.080003239684326
0.069968537875196
0.076022626286203
0.072739749358431
0.090830966032973
0.086284273092111
0.062900549401292
0.046968659839366
0.15778547233958
0.1502013194942
0.1468602732426
0.15520210139661
0.16791490035139
0.13137529126637
0.13520309837673
0.12538477985524
0.11342361313837
0.11582077957554
0.10567336686818
0.12658162999868
0.1061036506599
0.13357931382679
0.092240662021699
0.093712536926948
0.087093335190023
0.10000843647892
0.11723233984579
0.11432772857289
0.11029528302443
0.11222059404518
0.12281064418964
0.12767005408324
0.11276153863243
0.10997433451281
0.11891470211753
0.12974999050243
0.13176722204345
0.13023950818611
0.12165719480746
0.14797402274487
0.15779744757514
0.13279447408953
0.11374554869761
0.15315356186989
0.13552190594501
0.12091677520844
0.12959522180998
0.11527884701012
0.11396163793234
0.085110466475185
0.099239852011801
0.10223465229232
0.091432096895065
0.096201450782613
0.05627351116984
0.06279769908038
0.094750561954572
0.062095427112843
0.057476082333822
0.065356585035377
0.088687856427157
0.12959522864265
0.12697374811199
0.13210375788667
0.13827460632713
0.12672220404674
0.11749872983646
0.13404201543961
0.1275847307094
0.11842767124969
0.13080243842837
0.13823747538218
0.1226783863816
0.15148240484982
0.1431128700664
0.13817824112291
0.12438543044679
0.14985348684497
0.13090379751897
0.13447187515533
0.11527484118501
0.12254567187102
0.10681919041229
0.097230878228751
0.098157908272621
0.11028377749375
0.10518375015829
0.080887635995083
0.078774222908348
0.11020402326794
0.12512525374738
0.1277100720523
0.1240335267401
0.13354489466914
0.1271835306293
0.11159519325897
0.12777242991491
0.1388695625822
0.14042997575392
0.14181133793399
0.069629556773925
0.082682903550563
0.045996365328795
0.052307390181375
0.11292434964468
0.10874963091811
0.096716477299389
0.089178817659218
0.10778383742532
0.10809471817401
0.095295480975398
0.093215067711156
0.10146235399609
0.11823024233136
0.085958222078315
0.08370621958519
0.08221090706104
0.091012447425013
0.096225887337733
0.075214952944848
0.071064960845032
0.074912013460077
0.084874678761209
0.076826194083287
0.084509405966724
0.065801799160638
0.067314182136014
0.071876684118507
0.062589327784047
0.066606047432107
0.061905154203918
0.06122706036275
0.055782652324986
0.043912215851941
0.046180591787427
0.049681323260681
0.044225928338687
0.052738880040171
0.058423451965818
0.061780120987795
0.06559578236277
0.064750489587186
0.044679390940154
0.058189265834687
0.065745393053087
0.063646757057186
0.047924283696945
0.051710299456538
0.058268465578267
0.075786807806269
0.071495333017903
0.074735165932478
0.086331415417479
0.089462902501645
0.094725005269436
0.075628237118449
0.082727998358795
0.080242040283149
0.068352175452886
0.070541838005747
0.06360387025156
0.042505372808614
0.045779380385532
0.053304732915993
0.050853414702409
0.042810562984167
0.052475191788539
0.06991953193488
0.062286376300417
0.053411205321193
0.073411105800337
0.084694797792087
0.073997647315568
0.084614573560178
0.10218195172692
0.10282248815406
0.11449199102433
0.094368834582679
0.086342961453684
0.087042433722366
0.1024429440366
0.096366559597634
0.070495737132388
0.096006226809923
0.092725145519921
0.084028892155065
0.11452867646225
0.1368693514892
0.12472544604253
0.12502616021432
0.11567427459192
0.1231732102805
0.060192821209078
0.049265712813093
0.14442564891645
0.15086459217949
0.12630073942146
0.13015065540536
0.12263684684675
0.12868977443512
0.13186790892274
0.11849813645944
0.13668405401443
0.12477643239634
0.14535546173442
0.16865324349734
0.14352160272636
0.15071837200521
0.14000378202179
0.14849433509019
0.045284948090324
0.043439255554131
0.14377230966498
0.14885924069132
0.13545801178378
0.13500160939482
0.14691763333774
0.13907381086902
0.14705453276438
0.11455004134468
0.1036281973757
0.087236042114467
0.092273747213813
0.047577163259928
0.057293166854548
0.045224753528045
0.072028664187545
0.074656467876514
0.064416802810137
0.065921200958262
0.064308238539425
0.057915454506054
0.045511655071553
0.049589328433578
0.047498900678081
0.047325051100736
0.073787397437048
0.085560234697944
0.076032628162363
0.07635057659884
0.09745117215425
0.088152111546055
0.10010671246122
0.097868456219513
0.10754596641702
0.060512671919992
0.058722836339794
0.072603635560094
0.080922323483199
0.066194223209625
0.076033795078438
0.081533709765987
0.070298663376631
0.07085063843662
0.078447945617263
0.063981406461009
0.08965748570154
0.085827633649717
0.083604181930456
0.056465613014459
0.14688148980131
0.13574323604464
0.13486402274333
0.15842691692288
0.116062251666
0.12691965314265
0.11397714212334
0.11889582688927
0.10022227748186
0.10058591178665
0.097349346015712
0.11309940152661
0.09527998860602
0.1284773203944
0.068804550263109
0.070392773578764
0.1056202816389
0.1061639040387
0.1002238949847
0.098267109385077
0.1144059506953
0.11829228763854
0.1046121575181
0.10339003764096
0.10855151241802
0.11980687070003
0.12764007592972
0.13298706123856
0.12182468655901
0.13625928305814
0.15161539841433
0.11801351945485
0.10505659173594
0.14204494490619
0.11205308640216
0.12870648855027
0.11828093562398
0.1086020015561
0.11094915268213
0.077181314724679
0.071514357485886
0.090541404921752
0.094515840485291
0.087792341649741
0.047651048264855
0.059377463395394
0.071577450889548
0.049928217067658
0.051513058018148
0.12019748439083
0.11651056800329
0.12249044354933
0.13273175925584
0.11100585991292
0.10358113406364
0.12077145996955
0.10763455047128
0.11611814457469
0.12473179065742
0.13868491390436
0.11711402318057
0.15092854778722
0.12581288518251
0.12301396948324
0.11693099848215
0.13730975091179
0.1209387625047
0.12973475411095
0.13183516748177
0.12337729633682
0.1040348983131
0.11591280215091
0.11805781863859
0.090795871552218
0.085087725322719
0.075388465491862
0.097195363359864
0.089531398353267
0.066623258182958
0.062751546081075
0.0920004018622
0.10783652053285
0.11810882884447
0.11506754221776
0.12189841101363
0.12386814125072
0.11957893586597
0.13457113981438
0.13440844564682
0.14213899661024
0.071459304207493
0.075283459215023
0.045686630301678
0.049168063302421
0.10610997637263
0.10529982498059
0.092585580827716
0.10569711121102
0.088335487139854
0.09598565125286
0.088861576325843
0.095545181033261
0.078969504140695
0.077574802081017
0.085738512520537
0.084053410890881
0.076397007034455
0.093525630018503
0.099096718650091
0.064385198143406
0.070321980755781
0.072557816575461
0.072894953058645
0.085266557304032
0.077116325847045
0.07893242203276
0.06740113833065
0.062328878826523
0.067992553721597
0.05970039316804
0.068045899159645
0.062049996168828
0.056359575617999
0.049882239136185
0.044120699207575
0.046540357861976
0.049429817914895
0.052012574393801
0.048767039101652
0.051372221669889
0.057815742907878
0.059296100776488
0.062464043348938
0.054746094345376
0.06223530563188
0.065110497421134
0.058084091085419
0.046668597394644
0.049745076796872
0.050720879737535
0.054987156855581
0.076445510297979
0.073938967075833
0.066660549101071
0.081319502035961
0.086933525381682
0.067948044196497
0.06814967669919
0.07526494962943
0.064878823533966
0.049025672453368
0.050077869632284
0.054917270253805
0.048659069147967
0.052964114088891
0.061741660560897
0.048196866067018
0.050692738199364
0.069178218493649
0.072268753028091
0.084279046405868
0.077402300028891
0.074375923103456
0.070657686856656
0.069181497347258
0.082755104477753
0.097609958872262
0.10425419519185
0.10388542234415
0.10896465709254
0.087698495477558
0.088068655081414
0.077156869898612
0.084817099183244
0.094398466577784
0.10466463968228
0.098966066466444
0.089879547669757
0.066468012941921
0.091886395149908
0.092998672434631
0.078299086997243
0.12282916616428
0.060173724429446
0.052531062851485
0.046332724377459
0.12837731471771
0.133979865093
0.11499829828979
0.11717633733737
0.12636603675964
0.10889102508198
0.11163569796882
0.12629492119483
0.10109750409304
0.10530638609842
0.11871795832859
0.13375393858087
0.14050520408816
0.13439985601212
0.13068611836874
0.13750882312542
0.14859981343582
0.047482651675834
0.12658107703848
0.1360410688792
0.12956503897082
0.13215439133318
0.11274133167883
0.096284593487651
0.10131418031723
0.085767808520505
0.053793193015699
0.053491039109785
0.045290455428912
0.073332844038509
0.073062691373114
0.060284684653109
0.06717366124811
0.057989092201075
0.053684520880663
0.049643733901239
0.051071547981976
0.052746333149193
0.045279821143328
0.065375795286707
0.082802871148114
0.077237655231964
0.070103897625904
0.069192986058001
0.097151327405743
0.09009672334419
0.093502486627279
0.10045722570492
0.091589807944206
0.10414289767759
0.056364718043117
0.059905612556264
0.067619087544777
0.072492809490281
0.076171098269417
0.066547583562537
0.077183742632934
0.072104368557727
0.065086374827583
0.075695107577708
0.061460303056085
0.060667169276868
0.08491267340815
0.086718153935419
0.078593508410523
0.050836891622508
0.13614912137189
0.12301703391784
0.11915576701195
0.10886183466258
0.10181177738614
0.10444588940305
0.091625693792628
0.095121779728945
0.087341343102736
0.088234960613374
0.054858572890613
0.059964584091135
0.097296217107354
0.1094686811707
0.096645828575716
0.098245037727974
0.093629014581604
0.10689312004679
0.11331415277809
0.10299473273021
0.11387287107327
0.11402087177104
0.12963393561802
0.1320857793974
0.12388017018857
0.11620379213219
0.13810777182599
0.11515125288769
0.087691268486807
0.10576224439315
0.10370138258819
0.10935456439497
0.11793216989953
0.11227514158389
0.10257367545969
0.10698403382042
0.065750752593475
0.078082384348481
0.074340908194382
0.087216089940294
0.086495502045585
0.091404542355371
0.051845822126915
0.052065248628043
0.057335394934415
0.11724030864106
0.11557278201163
0.11862744175764
0.10565996667134
0.11021550732185
0.089960737824713
0.10558362500723
0.12617783867615
0.13934287645095
0.10528222386344
0.11745368065992
0.10383932118583
0.1097319995112
0.13290966497547
0.12711953059409
0.11477399804641
0.1137032363695
0.1184745846501
0.13019375681689
0.12167994722291
0.10491876486101
0.094196869362305
0.11181785567043
0.086420841273412
0.072364847385685
0.067484497929917
0.073448131808024
0.08812411909493
0.091463890331683
0.058686098075525
0.10835921780884
0.11151610939566
0.11324569341125
0.11637066633122
0.11101079667535
0.12399136810491
0.12549554929906
0.070160380083469
0.073980044607716
0.046081965707705
0.049077029121885
0.1040805343297
0.083722210630722
0.090953901114441
0.0834207345908
0.092382279847232
0.075722352071588
0.075067936250658
0.083634521133925
0.090618292765423
0.097128218117673
0.060587622313601
0.064971200763408
0.070534795785035
0.07930587315296
0.077237297915067
0.062210956211489
0.056888546772327
0.063343389411907
0.055597729626631
0.062205401056285
0.057560171338126
0.055500286786561
0.051739297260795
0.048263358380843
0.049084765803845
0.049462467699146
0.051025144564183
0.050354557215907
0.047553370866775
0.053335637415539
0.057172109223635
0.059105152362563
0.059808375590081
0.055745857736991
0.051430266603992
0.059175941839609
0.059912995512492
0.05675316418108
0.047280841301314
0.051558197337074
0.04881859479347
0.05471026736753
0.073375929804036
0.068545827238406
0.064908337394364
0.078866919974612
0.081127380875025
0.065615577842806
0.061989563576982
0.07087981536987
0.065203917043304
0.046677058102304
0.046032444299593
0.053941692822156
0.043201963392787
0.048681517117222
0.056996730293707
0.043019643552136
0.050700598867895
0.064398533123995
0.067003519655928
0.088641308966741
0.077110847420314
0.0754290873085
0.072853903973353
0.065157804649437
0.064765149101593
0.066680786271301
0.097937529783017
0.10048875576187
0.098880135932965
0.081436603975667
0.081104465615952
0.074613801214029
0.075101704665542
0.090517726199371
0.09789092975434
0.092642440294224
0.083106414320744
0.085654601383117
0.085986245401518
0.11783215841365
0.057940187425937
0.059300757860923
0.050275611538123
0.048162498655357
0.12111240300732
0.12888913655043
0.12508533981082
0.10081045994878
0.10187734590784
0.08922690342281
0.10342000196208
0.10770359910871
0.097273675300921
0.091742577308535
0.094360359926305
0.13036193606832
0.12242984276087
0.11513024260123
0.12973033222461
0.13735620898658
0.045067594338056
0.12678377070876
0.12990662347859
0.10657787507862
0.090324513187152
0.094285921487835
0.086154010628319
0.079960179506164
0.051349600669909
0.04963363804894
0.052872423478564
0.0452304714112
0.071312710240328
0.056138946406527
0.06434461562061
0.057242176510764
0.046876555078561
0.050659630680491
0.054281151014914
0.047372236924125
0.063658388778504
0.084076427497223
0.076237310440141
0.070643375400749
0.06918864037314
0.063099120936558
0.089510155963972
0.096194159255582
0.087042248817841
0.088130317640002
0.099975041176387
0.093363060750221
0.088659454999582
0.09764104271052
0.057208156580383
0.051901255018492
0.056099140739528
0.059193320939938
0.067895125846228
0.063860582695009
0.07249805934552
0.075914058634743
0.073303241654155
0.06898297464594
0.063939304920028
0.07642332910983
0.069654865783224
0.062886252759566
0.072071178437442
0.06029820185371
0.057372947617393
0.079942321244946
0.086111494959953
0.07972282582323
0.075384321618577
0.12278344309154
0.11385262015463
0.10583539590482
0.1122229368637
0.097921164941949
0.093051876663183
0.086012372654655
0.086196066248097
0.073555401353635
0.071209183864201
0.056107335327147
0.058735819760095
0.057979849362727
0.086797397586293
0.092290046221784
0.10392948670532
0.091108222439561
0.093296788954528
0.086821887557943
0.10083466861205
0.10261943261694
0.096799779360709
0.10622879692519
0.10841059626562
0.11835338037461
0.12250762375252
0.10943509214321
0.1065796510386
0.076770964265485
0.080809815748258
0.093858496413907
0.10341601496874
0.10965874618634
0.10731599382015
0.096040086552807
0.098483269700758
0.1097778163932
0.062563549663817
0.071136033741447
0.064544149635186
0.080931676704139
0.085036008222649
0.044528369419598
0.044434685768925
0.058360544590049
0.050093597425855
0.10958278346033
0.094283655336305
0.087373344603223
0.11885618239226
0.081528500317214
0.10388681055207
0.095054482215782
0.097702959408697
0.10852524909943
0.10440390518849
0.10196895393415
0.11518856212665
0.11085517486385
0.11657779713883
0.11467364987623
0.09701109873325
0.091079921147328
0.10169186983568
0.076575171707494
0.069892933952685
0.066551527764161
0.069068089399738
0.077107652412898
0.081135330351204
0.054661407887231
0.10990957628975
0.11021282768771
0.11077782813997
0.116913217886
0.064721120042
0.047491004658809
0.095765578269077
0.077435231694972
0.084643587645848
0.092153482635197
0.085002936072815
0.076553583778015
0.070049025866968
0.080518762757953
0.085030311359588
0.091892501222804
0.093397817021324
0.064005359237283
0.063218830392066
0.073645110521913
0.067140956774286
0.077224229131389
0.057510685628935
0.061650405874061
0.054135062492114
0.055322959654505
0.063747865864267
0.056246498342484
0.06339598657616
0.054808718607675
0.054695269667314
0.053891598326008
0.04531566608523
0.047653695071585
0.047738964697355
0.048476424062145
0.049427557557875
0.048347830300183
0.047021107077004
0.053633700484998
0.058122190207518
0.055998793107896
0.055859133983314
0.062263381464409
0.052435366446697
0.05453289493341
0.049349739691472
0.061324740328119
0.057802930730788
0.05297599581577
0.046510277099034
0.047651371165136
0.050909496821976
0.04876412717946
0.046560724228059
0.070119723705355
0.077913699539993
0.080588088498883
0.059798363311608
0.062550076497997
0.051765021665281
0.063173287092013
0.045731254970057
0.048025955780648
0.046234791866731
0.049014764229162
0.04343879290384
0.04766549121207
0.042332963374032
0.061856469799336
0.067659826369141
0.082783094711277
0.078822309088821
0.073026327847701
0.07502255702183
0.071926396873303
0.071716565514932
0.058653357692808
0.066329887987159
0.058434912572519
0.060280128432029
0.09787110682636
0.092152229319785
0.094219749735903
0.10130673136452
0.083500801065098
0.079543820725815
0.068137754194428
0.071495797291774
0.092828407434437
0.091619084580582
0.084036566000184
0.076740062963785
0.085989334668832
0.087469653538614
0.11134102300456
0.057092610817964
0.05555697613278
0.049516198282587
0.047453798664705
0.10917025994909
0.12007853107914
0.11360253419633
0.090937591415856
0.090320696142031
0.084798387754549
0.072634392133618
0.10256947641708
0.073664514550962
0.075856560124107
0.10898722927191
0.11094857809647
0.10022749132587
0.10627284710538
0.047755451532471
0.11574037020191
0.098771422241041
0.091466137463494
0.092223593740185
0.080207389377172
0.047690556319526
0.049591203455357
0.047983790805248
0.049697947883069
0.053771819728968
0.073771176146838
0.066408875945856
0.059420847835796
0.053770232008406
0.047201133587254
0.049717721641834
0.049192229559049
0.046426763506321
0.060541374121953
0.078706381976517
0.071712552214445
0.074296348638816
0.067141642988257
0.065334223640601
0.057984695916474
0.088992741353509
0.08189420420442
0.082189887293921
0.092589996988567
0.082933441806562
0.093911095668821
0.053909620223942
0.049375341931795
0.056195601611023
0.059216436730487
0.057782250874715
0.064365639812812
0.061133031147766
0.067703147006265
0.074292701182409
0.072891892321975
0.065874235676134
0.067491655348577
0.066601347421544
0.061582944112126
0.05629277942404
0.059439648843551
0.053494897604069
0.078164136921097
0.080947231067601
0.074547567947274
0.10667375352504
0.10210669251904
0.091840403207948
0.096670070654995
0.087026205629812
0.072528695536189
0.087231001773517
0.073273592108752
0.071077225335704
0.058652334772398
0.044891691043751
0.048507308714541
0.076952322636691
0.079572582171509
0.082333648473081
0.094652595192826
0.10286851207697
0.089744430684177
0.083617465919999
0.084855583492023
0.076955933726439
0.098323072778382
0.10025393008149
0.09000209499068
0.10565801631269
0.11191986983627
0.11477038051906
0.10322753805772
0.097052539486898
0.11170906766607
0.081456597219972
0.06435844625501
0.072666618038425
0.06835930049448
0.095997103809942
0.10294655367013
0.09988148507907
0.091147864280438
0.095896938713974
0.093918276989756
0.1025174159419
0.055832968032015
0.066992119671622
0.067984113591844
0.077916116437534
0.084569628505302
0.082694702025546
0.075550788005374
0.045297982567278
0.049337796981702
0.053266185270737
0.05124684547667
0.050814761146112
0.10244644596676
0.08536153717519
0.069552204509659
0.10673695284434
0.080233924482343
0.077825571043601
0.091117581868119
0.086409184871721
0.089954726126353
0.095761022208411
0.098202689125067
0.10352928849019
0.10408606849068
0.11101936151994
0.10500936147949
0.079994701605131
0.069087016295795
0.060842052871474
0.048625600117041
0.050280202127987
0.067558821782696
0.07487564120686
0.0448805249799
0.057656972367928
0.099910616271785
0.1013770547848
0.063801653918601
0.045529817616736
0.075392902821927
0.084767783044191
0.078959944247062
0.088586497852405
0.072209517109912
0.068787287359261
0.077017809504409
0.080210505367334
0.083344685051615
0.096636434174191
0.063834863016902
0.060349586027182
0.063605003197696
0.069659797346809
0.053376677099708
0.056681090467461
0.061545849076158
0.051759777202708
0.052151628508616
0.062886006717405
0.054805639056796
0.062752573466791
0.058981306150974
0.051609710112439
0.052014426136537
0.050531310364717
0.047368824350901
0.048168081505994
0.047739950798902
0.049075159355376
0.049317764865135
0.048812649439159
0.046437394362078
0.044448650138203
0.05229705602218
0.051835617170793
0.054121893982967
0.052600652210734
0.057158666811462
0.052883378417381
0.049912803225676
0.051294423968239
0.051181475134041
0.057038138278407
0.047389886994232
0.054203226237399
0.051079867606641
0.04424280188416
0.046508211210163
0.045223149067979
0.049562088440511
0.0485183466739
0.045848600802932
0.067263145230151
0.070752467640747
0.051367073056155
0.056568787551782
0.048777126454505
0.061360384916879
0.047505073259367
0.048122539725507
0.047109447777198
0.048251391423362
0.052506586333218
0.04298524317157
0.040882847046595
0.061120957601954
0.064079342793843
0.078105042591778
0.073466583862073
0.071113562886542
0.07357667802704
0.066657085029601
0.058240781654084
0.062791405949072
0.054929417620319
0.056136699753063
0.061088930114131
0.092698766545095
0.089718151219434
0.083354012597689
0.076724040689069
0.080085028035029
0.066938739481826
0.065887958037717
0.089281191842154
0.088912503037911
0.082948489095332
0.079619308424136
0.075232000840036
0.081104265066453
0.08619396255156
0.10125779965316
0.052712179707384
0.047407855111699
0.046021771776483
0.099746838564919
0.10259849703132
0.07778366424868
0.077285744029508
0.069754363085063
0.05689421633745
0.085349805691964
0.062673297383558
0.09142885874181
0.047605569725262
0.088872270998432
0.077231040781763
0.047607988959822
0.047497642628327
0.046989649641279
0.049083744946341
0.050792546004925
0.068596980790734
0.049756795961555
0.048405229046022
0.046826914079288
0.050392952826334
0.047385847518478
0.061513197069652
0.05582345509701
0.077483154925217
0.067966077101036
0.069887075887228
0.074054573232257
0.061284830561916
0.061232733598797
0.057581875608424
0.084876472021677
0.080078589657073
0.080590132380653
0.080723859815558
0.085893285733399
0.078616303140707
0.082035668262991
0.091353488367221
0.050720962995289
0.053570913852534
0.04832525752006
0.053905733295074
0.058998640961467
0.055422996651247
0.063883475124385
0.063129700685535
0.061466704009832
0.067354589161262
0.070637092253283
0.073830688979859
0.068486578728989
0.063888252918935
0.067471277664368
0.058375060434977
0.055151680020056
0.055313272830139
0.052662471048327
0.052879746699194
0.070721746602418
0.093915586142488
0.093007976635405
0.078862975324809
0.086193754201076
0.065887741729636
0.069556981620353
0.076699520760924
0.068487158959046
0.060134308230488
0.048015247911508
0.041432668748303
0.050366458276793
0.073282354641031
0.065202613223727
0.065513062926172
0.079496543561106
0.093193602112301
0.08815223306326
0.092726844867849
0.10442544769367
0.082022539163606
0.078096613962596
0.078125828962633
0.072612447766538
0.092780354795435
0.092683915221747
0.084173036208888
0.096366514833889
0.09749994959631
0.095452986860027
0.091064640912119
0.10265071035594
0.072759174160641
0.080539361772875
0.061446316665276
0.05681498498071
0.06293621444174
0.076059800868816
0.063496399192831
0.055552958342263
0.096489537105866
0.089820176240161
0.085550870500839
0.090277425402885
0.095564433524996
0.06115774354901
0.070267983644684
0.062117926413517
0.075291928226535
0.078466302874122
0.071251905770489
0.074677199936377
0.048160597591352
0.047044257926157
0.050734913048318
0.051545166135474
0.046151292311386
0.04708701696705
0.097389256869285
0.094191720908159
0.072463784345578
0.061484901141542
0.077210502606405
0.091971658442719
0.084274121573595
0.083416591511579
0.084742184370259
0.08915301031371
0.091291484605487
0.10199784827146
0.096066986779702
0.09365617415938
0.095346249818595
0.078506177508831
0.067093095603351
0.051263000564053
0.044759063823561
0.052069171890415
0.065013274077648
0.067342241020216
0.049782511498782
0.093420503994074
0.062287286382923
0.069920289412239
0.079355911355415
0.07630562599088
0.082546202063119
0.068729348014216
0.07197424129943
0.068926714550462
0.075956318995729
0.078880257514864
0.078186515045312
0.060600597966544
0.057709223916605
0.060479580987008
0.067496362454713
0.051590321351263
0.051162698944373
0.053936813837316
0.057740684935115
0.04943039594093
0.058710472740066
0.051892032416361
0.066215682202171
0.05837444782118
0.055891200302119
0.048450843713346
0.049795052200245
0.048063354062436
0.046968987373928
0.047582700251697
0.045846303038885
0.047368337708202
0.048369364428808
0.045504947763254
0.043721838600211
0.042575728700351
0.050097716042751
0.054124283983764
0.051492807630751
0.05692754678478
0.050589087137538
0.048857248838882
0.050543753081775
0.057159060484605
0.045038442115114
0.05251149626513
0.049128655697898
0.049166976337251
0.041163045592848
0.0438472329696
0.043482722854734
0.043995476775827
0.046468769046504
0.04672624189862
0.044757012604211
0.04465069522442
0.067400426792786
0.068482180263948
0.070570946876944
0.051138409865201
0.05656558494821
0.047322660043791
0.046710615987374
0.045877551331698
0.045046695383892
0.048112118760185
0.050182950853553
0.051851419833419
0.048249953400971
0.047778313158175
0.056436941687775
0.05869524896841
0.076309374511521
0.066842909296235
0.068039831484556
0.06516649699977
0.054339815547133
0.056571172237618
0.060309684281557
0.050024001594292
0.058471926194668
0.089195124226982
0.089217901861931
0.083416695956293
0.080988573272557
0.074482381724692
0.074686882139931
0.062557269070461
0.067189395976319
0.091479707056728
0.080587206319074
0.081239765747766
0.074040709227832
0.075425558106587
0.070136174814296
0.077415883494503
0.08162194865562
0.051166822166278
0.050006548863418
0.045124697882587
0.043985922897995
0.089612196921385
0.087184333944551
0.071976893945135
0.05847760535868
0.064100126596033
0.06206673433835
0.04657877828565
0.047040123441063
0.047081008183864
0.046257236369562
0.046828977957539
0.046822068896601
0.051108731855491
0.047179292299169
0.047350383008854
0.04758335259954
0.048830638442701
0.048349551513882
0.057987001504331
0.0559464593837
0.076164427817708
0.062179491865602
0.066186678163512
0.070303218351081
0.058915931079307
0.060956422715883
0.055055040360977
0.080973038585364
0.075559078758404
0.076342972973883
0.075673750168111
0.078974517203018
0.075165129294977
0.079288464631267
0.083655225822682
0.047927412126788
0.050171061469649
0.053591178293781
0.050741417549895
0.047098085153662
0.054841964455428
0.057200255382569
0.057940943384567
0.063213898880087
0.063818740027002
0.066512908396281
0.070026400439634
0.070250483230648
0.067112796269924
0.062874830869242
0.064493043578792
0.056437900746411
0.059223230583997
0.054703076322418
0.050241391884142
0.050688904928168
0.084069793051443
0.059276301842511
0.065244847301877
0.062854938764404
0.065923754605643
0.06176949816053
0.055548250199256
0.043229771350831
0.047426138571794
0.062501408487224
0.073995982753708
0.056950420506105
0.072057526774716
0.087582419443283
0.080982779025372
0.085840446265876
0.094804880316093
0.077782610637868
0.073545084393707
0.07415398878029
0.074647715530416
0.090591840655791
0.084504934703038
0.090220339706938
0.091101024661407
0.091520381770113
0.090682410847587
0.085829248312457
0.093813110430252
0.065660188637509
0.077304203186157
0.04739498690121
0.050950370240901
0.052175135082725
0.051210072385166
0.071240403681053
0.059486198305457
0.059508636631218
0.046934915341484
0.091356441893415
0.082657881416711
0.082048516601087
0.080758164059915
0.083948528456172
0.057413053576791
0.059349098911318
0.064307344434964
0.059494193106467
0.076065211265328
0.067637491781323
0.07631741232198
0.070065117106267
0.04693501882737
0.047240201121876
0.04803094710479
0.054949646590784
0.049871174163394
0.044447150797446
0.04703642088302
0.090970145111595
0.066886331534045
0.058804038345853
0.065526810081749
0.086807399507549
0.080722113010419
0.075445173542522
0.076875146088573
0.080698488633782
0.093736306123709
0.090362473318346
0.087795484706161
0.07435463794485
0.0691242123334
0.06053244169815
0.045461012726209
0.049923350170929
0.054021420781565
0.051271439784358
0.067799399471644
0.076797286741754
0.071044812794748
0.066655120657847
0.068448051934645
0.0640970448208
0.070231203160757
0.076365968455771
0.077591520555447
0.057863252493562
0.062103640431556
0.065668499267483
0.047797783460058
0.048407374476296
0.054262164633693
0.056597093930939
0.048310261717576
0.047348026363734
0.060481915214607
0.047911031681219
0.05345847156967
0.064681163172973
0.060138731541944
0.055656451812705
0.046665874914833
0.047533375992774
0.046740835312037
0.043947800518278
0.045118576112448
0.044098969594744
0.043450472128206
0.045107426499784
0.046049928713505
0.040076722530507
0.039729485087486
0.050112318007588
0.052011901210666
0.052416839790898
0.048359759131128
0.053550825371522
0.057807854260771
0.046953441226503
0.045294773836737
0.047328240121567
0.054347123177495
0.049780461157985
0.042645781097383
0.051573740457303
0.045645791384478
0.046215809597791
0.041762286705839
0.042578723041527
0.039107144774088
0.040051418153115
0.041578096470219
0.04572723144312
0.04580202127941
0.043139045075205
0.041223722356803
0.04235325028225
0.062834843317251
0.067536132232593
0.068495874363828
0.049679493685792
0.059115735510368
0.049765994109482
0.044726175372039
0.046726612279256
0.044242744670933
0.043686499399281
0.048266083375386
0.04717491954681
0.046093060540902
0.054623463101053
0.057547096599134
0.059321108539988
0.071474013995711
0.066135125141973
0.0678259979067
0.064301621541662
0.050995583674257
0.055575563975036
0.052784663869702
0.061150264413755
0.04835890946864
0.05563362907654
0.083501039380362
0.082482936809025
0.0758641345539
0.078811862432896
0.070308582823211
0.05813128682758
0.062633670019645
0.083090279741588
0.07866759613075
0.075389021660238
0.075733041215166
0.069869435407469
0.068992241822743
0.066493782984077
0.079882041801571
0.073675813001589
0.047936900729951
0.051644927186659
0.047138916727347
0.042120779591325
0.077017641294423
0.072382116335889
0.061682863567749
0.060964427500063
0.048932484945613
0.045489204198802
0.046252081317351
0.043574825431646
0.043652699923348
0.046408335287072
0.043740460877923
0.049172263317206
0.049135595832922
0.043838437902637
0.046238448388414
0.044119628322118
0.0444546885902
0.047102429910672
0.04683940056926
0.056009915461046
0.05184250747305
0.07272715077544
0.062036761336686
0.067224468071509
0.064379462533006
0.05744874732181
0.057472501916033
0.051965630565204
0.075245649214272
0.077402298805734
0.07030699131621
0.081408041793316
0.046350809078313
0.048129061295722
0.050081444004267
0.04788820832457
0.047390093260943
0.045067782055216
0.055871181239747
0.05243936356592
0.060290369763653
0.057447168064186
0.060717106265205
0.062502589285014
0.068563409304696
0.067812396372894
0.065641892473545
0.061598804622004
0.053943804972225
0.057628933320076
0.051460773737999
0.047860382381606
0.074951366839345
0.056902060786015
0.058565166252116
0.060285194712768
0.050677930368707
0.054087825341021
0.048553528839821
0.044252705781974
0.050639059218464
0.06214013311641
0.066395229368541
0.051941819827248
0.051087582389595
0.066288734318613
0.08154938514897
0.073874338227815
0.079335462736506
0.067718992965672
0.071976172336123
0.067853483742422
0.069623152514665
0.08221754867687
0.086849285535525
0.084205793731094
0.08417044696387
0.083419733035413
0.072611831264436
0.055904064790451
0.071847214625986
0.052845579956034
0.043818238082551
0.050693012508668
0.044974205397131
0.06951511676798
0.06399641148995
0.052447977900632
0.056344915762123
0.084441007015192
0.080123957274077
0.07950496628602
0.077632250465441
0.055812934555717
0.063676765766193
0.063136028048123
0.059156949459265
0.069689050401969
0.078870501980667
0.072564324297303
0.068252833723551
0.067202661358303
0.046502384995545
0.051073239151238
0.048178119943438
0.047193979834639
0.046128904479893
0.084948954870483
0.058961547431265
0.047049090375451
0.068489257678864
0.082496161880354
0.082236059004562
0.074322661706351
0.070891623868338
0.079953342588884
0.088640955284903
0.083657734517578
0.06863556335878
0.064140976075307
0.056874517782888
0.055589658957304
0.049062772624569
0.044286095858793
0.043691368110945
0.050497448855912
0.071317842412447
0.06367400733549
0.066229068870821
0.070785808799814
0.072491647860827
0.059179433139671
0.054172061929958
0.04673163136283
0.045726816059429
0.053684659106097
0.057770369089528
0.046414427932514
0.0455327483048
0.045861050716018
0.04918903783418
0.058466162404451
0.052797679098178
0.044638653075759
0.044446482911665
0.042683559704623
0.043048091660209
0.043624117679315
0.042790643640508
0.043793983897659
0.038505989772384
0.038187155086886
0.04589953567211
0.048664767882308
0.048984744343991
0.046489252766406
0.050703885939954
0.053814276948602
0.044348507261037
0.047448335609256
0.043664292458334
0.047865008544396
0.044953364378002
0.052255949701628
0.046053828713405
0.041269139373305
0.047514792203676
0.044083735618888
0.04470222571206
0.038386299514907
0.039807043178835
0.036902330420637
0.038607325437304
0.039185309860103
0.04180701195322
0.044487056685935
0.041944636724812
0.04083750126703
0.061616490959019
0.062912080471297
0.064032712307901
0.04711855856088
0.054367498406929
0.047655948276441
0.043459100367645
0.044622944712737
0.042257084001243
0.041606988234947
0.046082936368689
0.046206282013638
0.048042603215051
0.052569137128795
0.057569009231789
0.053045288079964
0.054519417229077
0.066417414872742
0.065524749428541
0.061296480842677
0.047076760457533
0.050590626271728
0.050450627674614
0.053835550568402
0.052482777023995
0.061772571297938
0.059200237398651
0.046982303483978
0.047627518903688
0.053321092289619
0.057151189135438
0.080623766464987
0.072687515475262
0.066162163071226
0.058373156290862
0.061309537914037
0.078249375293151
0.075435080250505
0.073979906510854
0.071364350989385
0.075883845091846
0.069513948779208
0.066787885406549
0.065062746603932
0.075780163127565
0.071515324104952
0.045801204699892
0.045995622857965
0.047507584604412
0.039072865391497
0.069320804740209
0.047775584993143
0.04470721365433
0.043598177028453
0.043849036324102
0.040454326806528
0.042160558142807
0.043378697604521
0.040916260252157
0.047213352961991
0.050170616052741
0.041149304197759
0.043281941951945
0.047150789181016
0.043577587893011
0.042870314211406
0.046766530167009
0.046651035476854
0.044358392902241
0.0527123542265
0.050073699796009
0.070679984248661
0.058914757374276
0.066444860883242
0.065511892293132
0.061213074676766
0.054070236845702
0.057975710518258
0.056531452374362
0.05052401635124
0.050457245575502
0.070966351156718
0.077094182605404
0.07191106024318
0.067729483334848
0.046896063578325
0.043231830176249
0.048599292681904
0.049445251275209
0.046474195276242
0.043646676155783
0.042196890553516
0.054053353693962
0.059412090147853
0.05166991119331
0.061711771342911
0.054859506780992
0.060203611426437
0.063703271077517
0.066333048443313
0.059831982505885
0.0544772200415
0.046494175549252
0.068644420960218
0.056744884903856
0.058343553126772
0.046159212171529
0.061267098663312
0.052307983701153
0.045472824704535
0.046917783281633
0.049513122643166
0.057724528026993
0.05926732459356
0.044733586285547
0.044799069300631
0.075491218101798
0.075720129623584
0.063990454767246
0.065998433092542
0.066120331988474
0.078969272983401
0.079681592229238
0.078092866878315
0.077840944271317
0.063302773820737
0.055278623937546
0.064115894557874
0.071877227654947
0.047535643296812
0.044502800928308
0.051305485403903
0.047022693900949
0.070006546983406
0.061623481639317
0.06105324128572
0.052939032839641
0.048912164355194
0.051075607651917
0.075663836191309
0.075397482946185
0.076744132196205
0.072973752692803
0.058623395094389
0.051499342027002
0.059819778534714
0.063324994283682
0.056151911049653
0.067628885399448
0.075899377330048
0.066372410770853
0.065001084132087
0.064566154197214
0.046568165142873
0.047206379136485
0.045308638105306
0.061778034350114
0.051657314248969
0.065544158395752
0.06470054510666
0.0762988605058
0.069465789580591
0.064433391104656
0.079137073312334
0.081744592790171
0.077550371697876
0.064465377171411
0.058826632642975
0.049674542523781
0.055265260098401
0.048988953492679
0.045449132718418
0.047489026263512
0.044814604007364
0.043400470298487
0.068963426343532
0.062110035687141
0.066265152705932
0.064949658792609
0.0690094929682
0.072080615519816
0.056536216364406
0.052807534581838
0.043560353104829
0.044802459115909
0.050538090136982
0.055593945746365
0.043147431529374
0.04339475657898
0.047009885778819
0.049385873621835
0.056132590110262
0.051427940703022
0.042484950731714
0.043130017664941
0.039992144349125
0.042451502673881
0.040185421674608
0.035394994748556
0.037765216430329
0.038436707785663
0.035741734075241
0.045287406427904
0.049516686791267
0.044477765215841
0.051038677385169
0.055720799716277
0.042707455229556
0.0412994127477
0.044747297568275
0.046016747666926
0.042096351516019
0.045443202060671
0.041680745302129
0.043762521458254
0.052063154539215
0.038335834374066
0.045874992473216
0.045859105101329
0.042309259912545
0.044088458674879
0.04247521722225
0.035831612959999
0.038497038035618
0.034278523267702
0.035675887816149
0.036108334466811
0.039765227360899
0.041415375261197
0.040077803831933
0.060872207424799
0.064694772736515
0.046620132807471
0.040711407386964
0.042735507844651
0.038834793023507
0.037856059552145
0.04557651083406
0.048067766110289
0.048013718068342
0.045686903679048
0.047848563500969
0.053447392604315
0.060610333666626
0.051180365148551
0.05206581927552
0.05731250854619
0.066750308033483
0.062267958570912
0.045609822555953
0.043064511197139
0.047448803828732
0.050001376344077
0.046736161382545
0.049781988529498
0.056029157107111
0.049031513526063
0.059983756091347
0.044854634937813
0.045924808985164
0.050782696541524
0.055008598278832
0.056956154107131
0.075225395651962
0.071293747360709
0.06580432178711
0.056158935158282
0.059942863211024
0.072185709855462
0.070474411574542
0.069472192370413
0.068049291364722
0.072071979659997
0.065721051826695
0.066980427045382
0.063007929152579
0.066725855930571
0.068954519359744
0.042488030011694
0.043283407853161
0.042869450579972
0.04489812422088
0.047527729961043
0.035426629847874
0.061034603646971
0.044096648528233
0.052408183648033
0.049819139994885
0.040634192846018
0.040608319034623
0.038837566090959
0.040210099568426
0.039141847098133
0.041534902271636
0.044376735566734
0.041520605128222
0.038836651527536
0.047818256768534
0.041441901796515
0.038222276082732
0.040632488042276
0.044919094259435
0.042477969274919
0.039393230787885
0.044752478755988
0.044368996901148
0.041253578132691
0.050870420188674
0.048963280195283
0.046390625509678
0.057046404550641
0.06281430291364
0.061171023224647
0.051606070952051
0.052694420802373
0.054653227592501
0.052709290724448
0.047563002592744
0.048807776724631
0.049975336902917
0.047135265530619
0.067906643694528
0.069336999712747
0.066475462336705
0.063122441242487
0.04410043254241
0.041771284363597
0.041908021776057
0.047681882655936
0.047702046625705
0.048310136385074
0.043986198802815
0.04125197808475
0.040230596048185
0.051941907735484
0.054519239519377
0.057966186251029
0.049603030990832
0.050196726294695
0.059440234109535
0.05558347080329
0.058985551746681
0.061764297141537
0.060428776902585
0.062119969873397
0.058752506401654
0.051240018302178
0.04523042371912
0.044382289974914
0.061243521447738
0.046499786361268
0.048874112937074
0.043297092206609
0.048941158050535
0.046641101641323
0.045981309927074
0.047026582384002
0.047919639844972
0.055034205900636
0.059722682054701
0.055483008718606
0.044976422125959
0.072793609439946
0.062722779109419
0.065546980223373
0.076740959561974
0.074068227525422
0.075567380235503
0.065348886316416
0.058806960085201
0.070972038922347
0.046609462715663
0.047815780679563
0.047202169177416
0.071752843959595
0.064203953606502
0.060674176339396
0.051645738041844
0.048872419566053
0.048162381096549
0.049814868159752
0.070438400003466
0.070497415837808
0.071941962965923
0.069598257041497
0.054862615850344
0.049434791822804
0.057198139938865
0.058905892946749
0.052686766473853
0.055930017436686
0.071440918355061
0.065523476231423
0.063311528883029
0.062002301031523
0.067078635588041
0.060277767028698
0.060387987158804
0.045050854156752
0.045198632394201
0.046387454148304
0.043017535517799
0.055775815479698
0.051866032849464
0.061266915909494
0.059662984843871
0.072005710466431
0.065194404956014
0.058381610727163
0.073406710710432
0.059418180712278
0.049674632369889
0.044994817053246
0.048129511878868
0.0477351181616
0.057852706038151
0.065557899958095
0.060386226669588
0.040442198975275
0.042068948507982
0.050944596543997
0.040340285916977
0.041307605227656
0.046800834308917
0.047751433435083
0.052064734850909
0.056520506740661
0.039792460775604
0.040595233935714
0.036466869030266
0.039939489144327
0.032953715719138
0.035740380923894
0.035107241488522
0.038476011243299
0.036343936887991
0.034010167475948
0.043379868405465
0.047008814895879
0.041400786631633
0.04779683667018
0.053593204007022
0.053656235879018
0.039465766818007
0.03852117624534
0.044974862805988
0.041660011680738
0.042508364794752
0.039344340025127
0.042240812141806
0.046797069517896
0.038551759436658
0.03994250558885
0.035760815094105
0.036991832488933
0.044209115383751
0.042916165915673
0.03923087229043
0.041261354098785
0.039054467763117
0.033054170751685
0.036009777342582
0.03394652401269
0.032028899394431
0.032119145680149
0.033138249043978
0.035007771670824
0.032960333428244
0.037697027671247
0.039943937522394
0.037759198065226
0.062527604225038
0.044598651077516
0.038113087954803
0.040139603668455
0.042844318260606
0.037259524271679
0.035082119917468
0.048292584422687
0.046679549268193
0.047874585541808
0.045875065416379
0.053204995262825
0.056377295180793
0.049336398530595
0.047703388472056
0.051392631147985
0.054551558021372
0.067665124923467
0.064697580487491
0.042584314322351
0.043654316597935
0.040592891032988
0.046713072389458
0.04754234220051
0.044260959930002
0.051359597320957
0.05444891937217
0.057179081202921
0.042901629646919
0.045502680679764
0.049975363460188
0.052546743470948
0.055559141885827
0.066249955965467
0.062724414586191
0.052652743011973
0.057033433655613
0.062188597976163
0.06745945377509
0.06777209477831
0.0662837908543
0.064363185500822
0.070123227222682
0.061809243681116
0.063373285981339
0.06292428442776
0.040208559125309
0.043184968388526
0.039893018718825
0.04127451308153
0.045582165237837
0.045997166610586
0.049760908353445
0.053415098102253
0.039139156715019
0.038910806514073
0.035840173679846
0.037903317928301
0.039341288897244
0.03909366450249
0.036483115445565
0.048265014400848
0.046016498871132
0.038345810801952
0.034832332955133
0.036641438434356
0.03808719644698
0.040159855171103
0.043205120507059
0.045389471302387
0.043005107679563
0.03972937409622
0.036285921671294
0.043845149023524
0.041258724164156
0.049778633472435
0.045529132987281
0.045100924746162
0.043407926515169
0.053560474245371
0.061542501201617
0.060475051190964
0.05045536163359
0.048852635052202
0.05225071725693
0.052330260289226
0.046038888817438
0.046563632211145
0.044476548155296
0.06332474884725
0.067029823484768
0.062278886099582
0.067746119984376
0.061525803964723
0.043011514435745
0.039446192223715
0.04029135338367
0.039919111749757
0.044965009396712
0.045659103885961
0.046247199103999
0.039197601507042
0.036268692762226
0.052622348890289
0.049505358537998
0.05477276048593
0.052063503132456
0.047108482824161
0.047560837318949
0.054934938977107
0.059308203337666
0.058219757204326
0.053807770636608
0.049777814915694
0.042661826673634
0.042650931601044
0.043769617664709
0.051008956813095
0.047509497970796
0.048348067015588
0.045786879809992
0.04725643329488
0.046150762616035
0.047043523499245
0.051542396822282
0.056169059144128
0.051942727431975
0.045839161177363
0.068727053963983
0.058306509759879
0.061442991802517
0.069633420379951
0.069682065970273
0.060567472825782
0.055402254652866
0.066214338920883
0.047886616391781
0.067445241219488
0.065546474849566
0.061478883726527
0.063535431565488
0.056407239878639
0.049871950637933
0.050177749513072
0.047612228859937
0.046906600758666
0.047583294617216
0.047940595361145
0.067839395742112
0.068222667697043
0.069608771250972
0.051501226303139
0.049428087595236
0.053466002413814
0.057482224065358
0.052946490090596
0.05035154046441
0.05711702549134
0.066487519546849
0.061033855065066
0.059600557446099
0.062419404959742
0.058899634242455
0.058618457424027
0.043630802284642
0.044850683040117
0.043026877855337
0.040379198464854
0.055947449259048
0.050482265827457
0.061294449665291
0.058217209390144
0.057864154402517
0.052781410719762
0.06894147526927
0.056520076561958
0.047873693477636
0.046229001331226
0.045297325429581
0.045529886820074
0.057237960933801
0.061391428973419
0.05888699784894
0.039423428382907
0.049518948185811
0.039180030100863
0.039716207864071
0.043055575418154
0.052402145579235
0.037137296221894
0.037019976013829
0.032747557729382
0.032262247576891
0.035167405048193
0.032202859418919
0.036417781962065
0.036055679886697
0.036212230213437
0.032111683392651
0.040787645138646
0.043898429995461
0.04667955306291
0.047965842530516
0.051522753838062
0.052494807988616
0.038499735756342
0.038366233133247
0.042347423115872
0.037512822010877
0.041697628589913
0.03877712845417
0.045641766745714
0.037955506118937
0.035411001506759
0.03445669673414
0.036314613539248
0.044204959952333
0.04005846001523
0.039351599719625
0.037213038841595
0.037485384204307
0.03863416691491
0.037907213629495
0.035025963859742
0.034948099832644
0.032675856631108
0.032518078871197
0.031933881736911
0.028792387389198
0.028949137925005
0.031751097293591
0.03256352328224
0.034368707221451
0.038020171073823
0.037929095559184
0.058627548543505
0.042126957945946
0.03651010407349
0.038394350701538
0.039978001326745
0.034931496030412
0.04639268132919
0.047469242197728
0.047983418524866
0.044306830243457
0.049468885912739
0.051636461429966
0.055039806622214
0.056924264640446
0.045675248302283
0.052753998223549
0.047724132067949
0.064884972810724
0.06312350145375
0.040344231975514
0.041614093313855
0.040381038680351
0.038745778115312
0.038687838592112
0.042550582157029
0.047245843293898
0.048469096247265
0.045527566657726
0.044090252545199
0.050653522867439
0.059797113648364
0.040557875259341
0.047794552691498
0.048145658977648
0.053251218974223
0.062053289125327
0.059776841402981
0.053633049756966
0.049120279711499
0.058193304964942
0.054689999211985
0.062841105614823
0.0628283716938
0.064936274971985
0.062505359080169
0.068173662217951
0.062154372883284
0.058737981189903
0.038467942679047
0.038941746097052
0.040129664708854
0.044495415749516
0.0468796831548
0.035695594410222
0.035822958471078
0.032743170345012
0.036215424128198
0.035243583551674
0.037318344449788
0.037002362266071
0.033743671411828
0.04639066091525
0.044305963842147
0.035107562671601
0.033716842620451
0.033447806606864
0.036861700641981
0.037898833959041
0.041338206858344
0.042804387494641
0.043733947641338
0.040817744617287
0.038851890299884
0.038232029071984
0.033626905076754
0.040913964940069
0.046224334497567
0.044178193641313
0.042813714389673
0.042233644549027
0.042095526280679
0.051037819926193
0.050108382613522
0.046766947028268
0.046060394437785
0.048462435386746
0.050238414654579
0.050110183476053
0.044642144351148
0.044990541168176
0.06280730888546
0.061301883568368
0.063988775041091
0.058204155894365
0.040481414177346
0.03561239843225
0.038923847443575
0.035891109073231
0.037530641668119
0.042663119950357
0.043591644496472
0.047156711903153
0.036650075431394
0.033471424590722
0.050700616164673
0.047393024025724
0.052191285747721
0.049678495189469
0.045324562771997
0.046996505687053
0.053026497669354
0.054752116344927
0.051764793825907
0.051925052026781
0.040320809214485
0.040077487633524
0.048570753970086
0.050224329624494
0.04432148762165
0.048287192953414
0.04742097366579
0.048608737889818
0.046475746923524
0.045636174160696
0.04964160742272
0.052127424298128
0.048581890274004
0.056637035290438
0.058686964122627
0.068532745479365
0.061818782461276
0.055827662465607
0.054497616798567
0.047021847172009
0.04828690519527
0.067459141787173
0.063731905888436
0.057783473437185
0.063463356647969
0.058155671987947
0.051978004578672
0.04748661036729
0.04851974204895
0.050070275921435
0.046456488572676
0.044063271880248
0.046519270145894
0.044508157305454
0.04706244297725
0.047409480498978
0.046367034775546
0.064215560393538
0.064217162886338
0.066974877445792
0.053683717752849
0.05170223001067
0.050320607140954
0.047294105713356
0.055817561774343
0.061453689259514
0.059455128381022
0.060032716726439
0.057121208770227
0.056825787621543
0.040448130340781
0.042901546229234
0.039271220073768
0.036904347762757
0.053138782298401
0.046911902758814
0.059134527811357
0.057824856801879
0.054152169172583
0.053093895051981
0.049687233519161
0.046886617939142
0.045461126948181
0.053492754058323
0.058281068894623
0.054723456324345
0.039313496631423
0.039831732176369
0.03689021995075
0.036825026723285
0.03739668039155
0.043505617450404
0.050995834129833
0.034468486877644
0.035851023312318
0.029980946687136
0.031222282547204
0.032301477139709
0.031131458828674
0.034469811605711
0.035950088868006
0.033922698088572
0.0299425750702
0.032531210699539
0.04197388260733
0.047858825578788
0.045100358292941
0.051979918161092
0.048692396496727
0.037443438418031
0.036693464133611
0.039546079623876
0.042323400055456
0.043364859204003
0.03826960694926
0.036778343405683
0.035945994258728
0.032196572017424
0.032627829338661
0.033943091045077
0.033462841400865
0.040138259833759
0.03460011938895
0.034802207570525
0.037201325550026
0.034950746524967
0.035484978410927
0.035611308933717
0.030197683804764
0.030004420171618
0.029028839284904
0.026849199679669
0.027311317823563
0.029363309285436
0.029246519717549
0.031248107914966
0.058713573204575
0.039456003598286
0.032390126552648
0.035085845002143
0.031345171497431
0.045637407456957
0.046300779516082
0.040904134481003
0.044805272483229
0.046762132851745
0.047874828570425
0.052515913012568
0.055483753933673
0.054488049011918
0.044248681255367
0.052999974537454
0.049087312926914
0.046597568416074
0.062521149244925
0.03963891737464
0.041697771248076
0.038373250907204
0.040334262053829
0.035328937261253
0.035558227847391
0.041900481319984
0.04157756146184
0.044864034492507
0.047407680422983
0.049810066943013
0.044039611100841
0.048479526779228
0.037978245961192
0.047332878838957
0.045748621336991
0.046543670004817
0.052347756602338
0.06088771942892
0.055576984908922
0.05481634268309
0.051135437168331
0.048474418912208
0.057590091351504
0.053217244293796
0.063031934367884
0.061253786678821
0.060368731537348
0.066365738411605
0.058719542023395
0.037565755844253
0.035333460242968
0.035844922813975
0.041348679233853
0.044894904402572
0.032856062406107
0.032590582863591
0.031785212637925
0.032667177409603
0.034769248612213
0.034408394159108
0.032347607975464
0.044262835818861
0.043329629935216
0.033254803463915
0.032818516228798
0.032298490796144
0.032172893496102
0.032909613194005
0.034731558907658
0.037793610869203
0.034914245660025
0.040662695767091
0.041058884933307
0.042152009068634
0.041135764554274
0.041839540460892
0.037625709551658
0.036363491126046
0.046365841822843
0.042057427469673
0.040763769944651
0.043064820962069
0.039813924170787
0.038255471717801
0.046837215942792
0.044098840281031
0.04494654224206
0.046662607498151
0.042253031661911
0.045432784733031
0.060306539542239
0.058580478938026
0.05792640346529
0.054905001696822
0.03986358257922
0.037199162314982
0.033595413972627
0.034125171348348
0.035710050486597
0.039053351443806
0.034268766852265
0.035292395751647
0.040874547716245
0.042848887619684
0.045433034562612
0.047746527049466
0.033942268277484
0.032522784706129
0.050654573583509
0.045445934098377
0.051664097188711
0.050520354939697
0.049553960462199
0.045551973943483
0.044266039092528
0.050309823408381
0.050968035462216
0.037086779169713
0.036735309573029
0.046178909696824
0.049249761721286
0.047266174432812
0.046462123140023
0.046151086301154
0.044194580657683
0.043643393659731
0.046319173486154
0.050926080282554
0.046432574551751
0.053289591265634
0.054983753070372
0.058332409137858
0.057309138774458
0.052358478181268
0.055018666084206
0.048297026193211
0.048290715178597
0.04681043354424
0.060072624651591
0.053847771700157
0.058730776854258
0.055153689398394
0.050371018126742
0.045973865234194
0.045802532060946
0.049625879082277
0.047890326104761
0.043956641872123
0.040762479788226
0.042555747691117
0.042448370630006
0.04338607432919
0.044502253283788
0.043936531645814
0.060948346670768
0.061022188956707
0.062140301173589
0.052268156892334
0.049006288381219
0.047389138678915
0.050649131969871
0.044645547531095
0.052632905355075
0.057735494953677
0.0583784434486
0.054603030934291
0.053921521075119
0.037758827248765
0.040562748386291
0.041600276653451
0.03831320487066
0.035377714753092
0.050944978265804
0.04808164770512
0.052794899409795
0.050910702613688
0.049535331633396
0.051036023434107
0.04746304324736
0.053972061886896
0.039404871725841
0.03710456655376
0.034408642152759
0.033403788792765
0.034658135484074
0.042248322797272
0.032474667959126
0.031982576114668
0.028921134284476
0.029045616078333
0.030071200402609
0.029091726522951
0.033552625440891
0.034710993625613
0.031825296466782
0.028462086713999
0.031270547003877
0.040034466800702
0.044662692971425
0.045302845678381
0.042831086849188
0.048337207243409
0.036561524964232
0.035461428235651
0.039473870872692
0.040744841702661
0.038102255323797
0.037110892594771
0.033823477390503
0.033382524251039
0.036617713471385
0.030332154619481
0.030789633216441
0.032121926434276
0.03036013191134
0.031045864155919
0.032241713358982
0.031886872781291
0.03872429087425
0.038631244261363
0.032932696818696
0.034335149866783
0.033060716046495
0.033396290086063
0.033774620318465
0.028533213925923
0.029464994110949
0.028347270807923
0.028162973452212
0.02734964964684
0.02561930956557
0.025729316161745
0.027671892753955
0.028762828867058
0.055051942961627
0.036313370660853
0.03199645489805
0.030418629301181
0.034016255234857
0.044012894645141
0.044942915539039
0.04164060560872
0.045955223839838
0.046547115984899
0.047398471876881
0.049046495310077
0.052803615418879
0.051925656827003
0.052246411842902
0.05648495376057
0.041423272705709
0.049552701393419
0.047550114772895
0.045349156311563
0.059485754227861
0.037093932338521
0.042055760684863
0.039568572736499
0.03918892245079
0.035376549742303
0.037940685126063
0.034914380332837
0.034135056376369
0.034518943435558
0.033808975991509
0.039849132545347
0.044389734787813
0.040462443652622
0.044269467200566
0.047211746211274
0.048137174999479
0.037352003845306
0.045924874050257
0.044547801662813
0.044647280318395
0.049775176634405
0.053043779261293
0.057537500181319
0.053894548593156
0.05145639704936
0.046950005626401
0.05540768808305
0.050506057723269
0.059526496886337
0.05870829837682
0.057180298091374
0.061785761705964
0.034542476481757
0.03325746411887
0.041483324074353
0.031962814270138
0.032092399190615
0.029267451772845
0.032649421854213
0.033641031058286
0.030004594693283
0.043294509895314
0.030834841633837
0.030786431480961
0.030370901389374
0.030507496802496
0.032970475317005
0.029720042712538
0.029816202601954
0.034736731072995
0.0357745512882
0.038388974087548
0.035895262649596
0.040492918471684
0.039760049533375
0.040247577223313
0.040282585692918
0.038672773795865
0.038866059030525
0.04049875422125
0.040023236320663
0.038637251474871
0.036907648315363
0.044828188914012
0.042500603249011
0.041535230240087
0.043737634548775
0.04374851821937
0.044909208838619
0.04368608513936
0.05620287232952
0.052940656180782
0.053828532222042
0.037775267490429
0.036168133899186
0.032284400686032
0.032465754634927
0.033610807011248
0.034228147014344
0.03597383430726
0.034321238827471
0.039590826713668
0.040713024319686
0.043254159618345
0.046748672722951
0.032307600414115
0.029407579920565
0.048277361765622
0.045048259990518
0.050220164197615
0.047823918613406
0.04538776324338
0.045588959340335
0.042847429770966
0.047719722555811
0.048037743822885
0.0351943582375
0.048399676762862
0.049568861378218
0.047509126111496
0.043732085479809
0.042621204746017
0.043416289525329
0.047363400421978
0.04301440691723
0.051178375221842
0.052036314226995
0.0542506337967
0.05500933594303
0.051115110254838
0.051752032500267
0.046319108790535
0.045800038427599
0.044140818650415
0.057173501877888
0.050958915927686
0.052174170655404
0.047762965958914
0.041956344131988
0.045685210522992
0.042854691948612
0.046163121501461
0.047018359123596
0.048956398497629
0.044781622815494
0.040867658753146
0.039868450128495
0.040929495487311
0.040130316095537
0.041461285541145
0.042251979705599
0.041000596976935
0.059056324828523
0.05865156749321
0.059777465712922
0.050538702016754
0.04960175426478
0.04581049776618
0.047544983467766
0.044405628001405
0.04239133660707
0.054074014729338
0.054782608457393
0.052526949902667
0.052026214956993
0.037174022947375
0.039108125677897
0.040728552591377
0.035256908228069
0.03228989890083
0.050542926472237
0.046479245988024
0.051848687982987
0.037506487963314
0.035062870571674
0.033652022540008
0.03242024286522
0.032221913467156
0.039697437631834
0.030579268966828
0.02982283151546
0.027809816513002
0.026506169801755
0.027187492108611
0.029939025251357
0.027322164707984
0.032908357194965
0.03111275253832
0.031251343918182
0.026637633983589
0.029092749016149
0.030569593284716
0.04430048363147
0.040062850787353
0.042787181198403
0.048304991250082
0.034453563768367
0.033821534655369
0.035179802990382
0.039505609847613
0.036336570375267
0.0362170861883
0.031854135648643
0.033079698093598
0.031788012489902
0.032344685546428
0.03461230248986
0.028522978126414
0.029705801369372
0.03056184472202
0.029031902932764
0.030833675005419
0.031014730879899
0.029957775730364
0.03075634457424
0.030458314379853
0.031174202024415
0.030684132576813
0.037301422494484
0.031508980471727
0.031518759953986
0.032604848301769
0.031462750356105
0.028386760377702
0.02718990034478
0.029014051744593
0.027932629866608
0.028164316964854
0.028022046597121
0.026517338824447
0.026689970833723
0.025785927695521
0.026028385890252
0.054764317769322
0.056278764748058
0.035354953980984
0.041175648544167
0.04302549698302
0.041031755438975
0.0396078902001
0.044021287288967
0.047551334078667
0.045572516267329
0.045877378114656
0.049269940624208
0.049057953699576
0.054414065293021
0.050950997377254
0.05249318012816
0.05359786260412
0.042065947549665
0.039337533763165
0.049094348869851
0.047498758201448
0.046866741986582
0.042729715918778
0.03962578617844
0.040978964180134
0.036821894808143
0.034983690256999
0.033875193459381
0.037257062889433
0.034039889949934
0.032666513983939
0.031601827235065
0.031815295151839
0.033257824019789
0.031570451206135
0.032806558341342
0.03806281417297
0.04214625605655
0.040163024416228
0.044515367181988
0.039480197359355
0.043398709936551
0.048592198335056
0.045279868894293
0.044628491687727
0.042724286349214
0.041730867405243
0.044268059095462
0.047319889110623
0.050575283641211
0.052302188059012
0.045502119606428
0.046595488024879
0.04758242417479
0.057229062274665
0.033011347861695
0.031252094704121
0.029776685888991
0.029618588862383
0.027187603568414
0.03098528935366
0.031396556889796
0.028205358568874
0.041684833328331
0.029881312056862
0.030301688219884
0.029006771579209
0.028542513450557
0.029057772454975
0.030031801153394
0.031690206417172
0.032968898599167
0.027523668640131
0.027761261218569
0.035492061554879
0.035631668937848
0.036218638947574
0.036813512436652
0.041059259329066
0.038739544053405
0.038852421480704
0.037867318192048
0.036980899879566
0.038617014799112
0.039381352330195
0.03845185189489
0.038579904370757
0.036127330937768
0.037472781837497
0.043281981727988
0.040203202191733
0.03937703108355
0.042404500712506
0.041209481516562
0.045747095403888
0.042748419315592
0.040496325277191
0.051394246957268
0.052250339090066
0.035256227812751
0.033907853479928
0.029517124851168
0.030744086670046
0.032980100514735
0.030278266697257
0.03354847606423
0.035544072847954
0.031923498145125
0.037138091243854
0.040247767882707
0.042127159333606
0.043772067066472
0.030206334528616
0.028431318154715
0.046828921780998
0.042335313523562
0.04717152174467
0.046066519833156
0.04438742256707
0.044107999381292
0.042769520138714
0.04673352584607
0.046808326673196
0.032113129915945
0.047656490005001
0.047816505409548
0.046291757093985
0.03951835890494
0.040650591711101
0.041218662719579
0.048688403643588
0.045389906868669
0.041656959995659
0.050288590187727
0.050133200319858
0.051408448577994
0.053395843365871
0.047928558131185
0.046338759614474
0.043856595587567
0.044808514490217
0.048530126145081
0.048036195538774
0.045811987102538
0.039964043268702
0.040166504915698
0.045837925701661
0.042788688381746
0.041573755752038
0.043134726206044
0.044786531875571
0.046799873099803
0.047732943505969
0.044532504241469
0.035930829225028
0.039253380630317
0.039946635977167
0.035934770336342
0.040209167526204
0.039789024585935
0.040766319867499
0.040001282565277
0.055640949600055
0.055844290478449
0.047504711329472
0.046588513886758
0.044106925782911
0.045098111733077
0.043283045636984
0.041498040973567
0.052713206812103
0.053066842843603
0.050908948041808
0.034647265363782
0.036063505330729
0.038533869246263
0.033472152371072
0.030283087741897
0.047738355924001
0.049830845555625
0.03545318900025
0.035001712796072
0.032429566227475
0.031847449193595
0.030962526631432
0.029841590219893
0.036856828978277
0.02565618135569
0.025296052520755
0.026848651411344
0.028404644864764
0.031306867611161
0.032881995874042
0.028728097483179
0.030570900682159
0.025138013296526
0.026494731356577
0.027680674146457
0.029042812186734
0.029274268471455
0.041222392819632
0.045559866724642
0.037800731151043
0.040321835571491
0.033897164484165
0.031672439330286
0.032901170127077
0.039419503149416
0.037254917607746
0.034175331484582
0.033657719019343
0.030411558364153
0.03146608295469
0.030422953650725
0.030643826816188
0.032968778534669
0.033919298016194
0.033469835648018
0.026485365250314
0.027391460869167
0.027881121296782
0.027254692405172
0.029133667392782
0.029117844763671
0.028245681796993
0.027848039451407
0.03085001342471
0.030809769114261
0.029259743842426
0.029106284364313
0.034768576985178
0.03795041755732
0.029774606958153
0.029204715617728
0.029989816292253
0.029633410088296
0.026666884391702
0.025568659135682
0.027218159204019
0.026127858505615
0.026371315944855
0.026145157021893
0.024621172402221
0.025071368898189
0.024093832023833
0.023569423494621
0.038793289872205
0.040258810838552
0.039024903336707
0.043158915116038
0.04576765515659
0.047234387157191
0.042933561622755
0.049223471848128
0.048541316096331
0.051925789933337
0.051371180912021
0.053987031949296
0.051393936174457
0.041128240690854
0.041990139061183
0.03923706235754
0.050805102673399
0.046443672751477
0.046570779406984
0.044937969363723
0.041193509131535
0.040050727584708
0.038375516414226
0.038212964591309
0.034051322420304
0.033377174088217
0.031044074956718
0.031499704829654
0.033764431411092
0.031674720788738
0.031200689332149
0.032247140742216
0.032090172016084
0.029354963056484
0.030565290090479
0.028876055604824
0.030485727336523
0.035287235901333
0.038667689782971
0.040262760715143
0.036926085640004
0.043117534188125
0.041558535525504
0.037411694979401
0.046101179238669
0.045092981271899
0.043841548578034
0.041837398312359
0.039923162546269
0.041541990013091
0.045517378057092
0.048412219594441
0.048993421783227
0.044698833111517
0.047444070355468
0.030940949786809
0.030800423258891
0.033188209921301
0.029149245162137
0.028486780808287
0.027497836354825
0.026822840567436
0.028781604742744
0.029416810050557
0.026411500153603
0.041144959178882
0.029267483977981
0.027145827735169
0.028800175268658
0.027679398950111
0.02737120450147
0.027059272053824
0.027723161411974
0.027847101378723
0.03133216563189
0.028102868461535
0.030230555769829
0.032678181181984
0.031566490764262
0.026025741894759
0.035622456384315
0.034948070964196
0.034348880034427
0.037244554088442
0.039648573110237
0.037103569892892
0.038210902058895
0.036402411850043
0.036894983830011
0.038976746299154
0.038005238608542
0.035602389325052
0.035947342430139
0.034376140173351
0.038367977061009
0.035148744956783
0.040296851685644
0.039372630710064
0.039099258467589
0.037067279544097
0.039501246925422
0.040447523734536
0.044060925637427
0.043037914273794
0.039919346174518
0.048509419809055
0.035124233423975
0.032241158228313
0.029149589867754
0.029385455330659
0.030386394673831
0.031367538823336
0.029899613070937
0.031538875782079
0.034814487197359
0.037758343415102
0.042578704512678
0.028257041737103
0.027045519728926
0.026943787071938
0.045694464097287
0.043902415628926
0.041558307419801
0.047405890096752
0.04240685655806
0.041273264285869
0.045831899952508
0.045952672190003
0.045322147824073
0.046765364888514
0.045481786352028
0.039399662376296
0.045794387619375
0.044540237548657
0.042890301384433
0.039537976350525
0.047712242257547
0.047691303361821
0.050231442835
0.051309240707716
0.04661062374476
0.045500711650726
0.042357842058551
0.043010437609819
0.046386190062877
0.04811008986161
0.043250143505215
0.041160459534507
0.038353957808493
0.043379592988116
0.042171034095488
0.039062458686178
0.041852944277469
0.04433824013767
0.044419095178025
0.044935489557347
0.04227395049224
0.034869890853894
0.040478203060233
0.035524486547418
0.036308271513899
0.034807000652932
0.037134453733217
0.036996152235073
0.038579069644473
0.035878105713022
0.046641615173846
0.045137911582847
0.044834090958152
0.042884516647734
0.040287792343326
0.039667130946213
0.051575462215829
0.048019316521441
0.033718242599127
0.032352096978991
0.036334930876242
0.03442140996904
0.037009389591675
0.031096330623395
0.028473800029397
0.028737380579334
0.046781837254748
0.030832253879482
0.029431369965847
0.030099550573195
0.028378809506961
0.035505124117658
0.023691943702043
0.023808182202871
0.025185012042759
0.027482835787164
0.030173980253054
0.030864636804673
0.027144054280222
0.028769490351453
0.02343096513999
0.024988876288826
0.026747972437092
0.027395757761222
0.028644113246819
0.042408189401794
0.038159006834414
0.04024511186297
0.032576655627803
0.031605759474477
0.029207183290532
0.036280186051638
0.035315547740617
0.032478596568639
0.033108575301789
0.03076133255646
0.028247295834467
0.029470965798286
0.028370592657411
0.028975766077562
0.031239453317099
0.032145076878141
0.033101903116499
0.032949857303445
0.031433154714877
0.026039002201622
0.027562751832732
0.02687362593067
0.027365328692716
0.026498425234871
0.028482247815275
0.028696590961443
0.027177772156192
0.027205688361118
0.027116648993234
0.027959497382744
0.030912367687222
0.028776398006186
0.028656741870145
0.028108965134463
0.035760675819091
0.027901223597529
0.028578311900855
0.0272814768591
0.026491289842182
0.025040550841156
0.024080219502645
0.02419233475753
0.027227642653648
0.025797160626156
0.025822207142943
0.023985332846491
0.025552283663705
0.024719725477092
0.024547113226627
0.023064712013149
0.023286092241257
0.022772156610501
0.023134924961341
0.036253778933142
0.041661210610652
0.043770927343609
0.04494901858704
0.045376547773387
0.043076823945301
0.047467282815761
0.046585021561133
0.040137680912508
0.04119794558361
0.040927634460428
0.037230431375145
0.048168360434255
0.045997870122643
0.044848635137088
0.04131874821495
0.039044043736079
0.035784926117537
0.032740873756879
0.031164643415427
0.034927806316317
0.029092883316134
0.033160837289345
0.029925413295775
0.030887333676388
0.027900996093522
0.029237279797815
0.031837602434357
0.028714566460966
0.027659470966694
0.028855116529311
0.026800338959509
0.029090926412493
0.027824354256346
0.034406897393606
0.035668872478065
0.040185209078583
0.037198209520597
0.043477871721328
0.042281142558152
0.037607892982071
0.040613061282965
0.038846738477679
0.04040274460286
0.042125870202206
0.042827897167655
0.045028248822563
0.045025404887721
0.028595974149531
0.028221084783791
0.031259117658485
0.031800717544375
0.032357479206208
0.027464255274624
0.026858868140997
0.026916675407277
0.024999321189423
0.027513276406509
0.027607071929802
0.028332905619645
0.025511156668042
0.038615263341062
0.026794611113872
0.026605358540209
0.025081612490184
0.027722452304456
0.027018647569963
0.025633138866627
0.025451151067254
0.02587493436238
0.025971487714415
0.026513043079544
0.028259189220121
0.029380491718408
0.027269978978208
0.026530761963701
0.031051100507671
0.031921418711948
0.03087258377249
0.032927544690213
0.025438536111798
0.035157687305049
0.036669652324269
0.032503447797005
0.038611168943942
0.036241926501845
0.035152160754697
0.036815814656665
0.037062462413915
0.035246673127618
0.034929989815742
0.034018428197281
0.03245420680236
0.035840801450452
0.034140225780084
0.033900440613817
0.038402008057294
0.036985348380646
0.037053071399701
0.037058825162032
0.037695684429174
0.042435594992124
0.037922370671575
0.047075211213947
0.032501764476933
0.031524785047468
0.031618028362547
0.028222959544902
0.027305411608803
0.028117125830932
0.027190536756975
0.028999190604737
0.028763937457982
0.029822334113431
0.02817533344465
0.029950322984602
0.032454348010295
0.03666491288277
0.040567242014069
0.026613627631396
0.025324084065595
0.025417847777115
0.043056041742959
0.041873466154352
0.038955737478404
0.045735712648489
0.03928440302924
0.043128967139779
0.043339121944944
0.04302780506026
0.043457456247757
0.039280876869872
0.036739223738827
0.046038076010582
0.041861615819829
0.044668032585108
0.040844686238928
0.036647846763831
0.046931905284
0.04514934996348
0.046456731380249
0.047238634812715
0.04345859967309
0.038970844543713
0.041157564250543
0.044407954355786
0.045351862316744
0.042006072068742
0.039781134365427
0.036093675336677
0.039610653995144
0.036663475578299
0.041233062998283
0.043925373994598
0.040750752329955
0.032126630554736
0.037837375754183
0.032635530944768
0.035464954723808
0.034772995652325
0.032008438000404
0.035634660397574
0.035284942292259
0.036388395811317
0.037139425152475
0.034397534283514
0.04485702266512
0.043501231936549
0.040851874466044
0.03863295039367
0.037936877624983
0.048502794295194
0.032886550500843
0.031043186143886
0.030229774593907
0.032086976455584
0.034882670236819
0.033872830957747
0.029902934735461
0.029695801986161
0.028017844003258
0.027155249578884
0.028578052532248
0.028838359102712
0.027832948110388
0.027708347162006
0.026792206245747
0.022609422230012
0.022593315932422
0.025452102360193
0.024310606760129
0.027453580391082
0.027879392248728
0.02870962133542
0.027394806176338
0.026426858969226
0.028121942749897
0.022696086600686
0.023622318207771
0.025140603412199
0.026998753116579
0.042537821020168
0.037015742671889
0.041321872092465
0.03815260404926
0.030434072266015
0.035707065158019
0.034653913575999
0.034395211031576
0.033637565497096
0.031053037741579
0.031008013546393
0.031136052219691
0.029099972584782
0.026874662873644
0.02783374632514
0.027188424091792
0.028935888890115
0.028301613306635
0.027581394817715
0.027916926377514
0.028151054572915
0.029346898076034
0.030234494767733
0.033009344776109
0.030989664561047
0.031065746471559
0.029742957699503
0.025549524524038
0.026725447762104
0.026268683503971
0.026340454999366
0.025664355382341
0.024343538867777
0.027577722002384
0.027677736577365
0.027086899792565
0.027151048433656
0.026118011188612
0.02751474180467
0.025361337725026
0.0272216630089
0.028960444553589
0.028089385534286
0.027749028372455
0.027221114258565
0.033959115149282
0.034291739442456
0.026730515801735
0.027785810322651
0.025967498519873
0.024633915433429
0.023768052609648
0.023951695516481
0.023045918493172
0.023102753141968
0.022949776739394
0.025649879060034
0.026532174570054
0.023713699031174
0.024023847610536
0.025968102885064
0.022728148040012
0.023981109997981
0.023353614612022
0.022812081060015
0.021099416427132
0.020988706909887
0.022227428570332
0.035310281614038
0.042453016160415
0.043557200000726
0.04208698053589
0.042959659186331
0.04465608245943
0.044314673682265
0.037475738341234
0.039242932815502
0.039407206864513
0.037623643206119
0.039953971696908
0.039540756324858
0.035506998321188
0.030045783317487
0.032134207932701
0.031045318058417
0.028499243691536
0.033989122337761
0.033853180070042
0.027569625800479
0.031481867701895
0.027254244009765
0.027809630467402
0.026417457870083
0.028040777044332
0.028072053140978
0.029382959466975
0.026243928692315
0.025412791997644
0.026511485027603
0.026766979888446
0.02680851097064
0.024772073048795
0.026539971834991
0.033533257460247
0.034740670946563
0.037565052571309
0.039594228368284
0.035650192958384
0.036022307522254
0.040681353176796
0.036491884772528
0.041029254821802
0.041987662737642
0.042363598838613
0.027717963069597
0.027001725062504
0.027593821455274
0.029121901771275
0.029835566816071
0.030295707095067
0.025122207627451
0.025076366635966
0.023303359954703
0.025841623491556
0.026333080277575
0.023404902858156
0.025165569332862
0.026278993897273
0.024261436260169
0.024202577516019
0.023561954782313
0.025912922523189
0.026557190973918
0.024448608183397
0.023943217418307
0.024037344118201
0.025242968592825
0.027242433020801
0.027259896251098
0.029052769439405
0.025719908094582
0.027257768232458
0.026794269443549
0.029146022033996
0.029944565813417
0.033053031063019
0.029208495346665
0.03238518750351
0.033134541947145
0.023046183995235
0.036199003256292
0.031436797471393
0.035769581288117
0.035407537201083
0.036993496033455
0.034230666473949
0.033210336000615
0.032249054088915
0.035502647014009
0.032558390469724
0.032107853318358
0.038738663246871
0.036541480997798
0.03516549366749
0.037005402369274
0.035277875756609
0.042158644970527
0.040979238710513
0.038564214653404
0.032678922145695
0.029016835293516
0.030531741218741
0.029291287227566
0.025997504922586
0.025820454032414
0.025575163123424
0.025399286901462
0.026713866258889
0.026570381646003
0.032167869472762
0.038327021929598
0.024941924292824
0.023864583757938
0.023759945903685
0.040915121557415
0.037364319219629
0.041640394920775
0.041840089173917
0.042349930001772
0.041145431808023
0.036089925982509
0.034819364753697
0.045041765861947
0.039991950857027
0.042021947005247
0.039303115650556
0.034664482625196
0.036521626505209
0.044232543205506
0.0450056971027
0.043742585442192
0.0403709952903
0.039398474400211
0.042951391871516
0.040410287242097
0.038443766187264
0.033574292271594
0.037923938505239
0.035137759725044
0.039602856284742
0.040816293371956
0.041409326976446
0.043122903682479
0.038752437731245
0.039924500376055
0.029840778181166
0.036180567400168
0.031706112405413
0.034225191828616
0.032756601618789
0.02960289654229
0.033817787729921
0.033935820312652
0.034983734448969
0.03203302878262
0.033861040326197
0.042435169419369
0.041712258138564
0.040125090093281
0.038576407937933
0.036419394728868
0.035736379973359
0.030842684592319
0.02896471969159
0.029011194345201
0.029572407112304
0.032461044507121
0.031134022703758
0.028860960759386
0.025932229136529
0.025414017575089
0.026247108283099
0.028307508192418
0.026671458987263
0.025051589035917
0.020735494880354
0.021139614035178
0.024439476337658
0.022976166519813
0.025882349884661
0.027189109836882
0.027111420994438
0.026738150230432
0.024327464944316
0.027131982750993
0.02262516644163
0.021105362414512
0.024752995706049
0.023886767612644
0.025951528987884
0.034581197759147
0.040454118701077
0.036890225859777
0.029456921099904
0.033572818313026
0.034664651014565
0.037532471290688
0.033962708315077
0.032704817811147
0.031166761065385
0.029135215908608
0.029397595134234
0.029451126224057
0.0316923259873
0.028221472198987
0.026334388455969
0.027143046802031
0.026199332274115
0.027460230942354
0.027130198120095
0.026248129497045
0.027204647346167
0.027856015395961
0.029771532332081
0.028932911940599
0.030507531876832
0.029829826247171
0.029890516460135
0.02989201856836
0.028557289699977
0.023525763936704
0.024656095586623
0.024473229445454
0.024788908416045
0.02407957490257
0.023786618906879
0.025230904701463
0.02574177641227
0.025337521303528
0.026276873364214
0.025970415294123
0.024860957159619
0.025829461706724
0.02373790127382
0.025325659519251
0.026202597801182
0.027028057920058
0.033004113449888
0.025046063868148
0.025382765714029
0.024118156053112
0.023221077012949
0.022150597648898
0.023239237868061
0.022019837689457
0.021505193236631
0.021293902146511
0.02119467498656
0.025145139391196
0.022605743710844
0.023008528318589
0.025598828610797
0.021566127816035
0.022618905867751
0.021817064005775
0.021019840314698
0.019769422075142
0.020445949015122
0.033511193136025
0.041203716986118
0.040802255243526
0.041859350164795
0.036008707963299
0.038079489128047
0.040373895887766
0.036913986840975
0.039271648890646
0.035835964559389
0.04048409896336
0.038423204451088
0.033128109951802
0.02956502561526
0.032320480458549
0.028572603276419
0.027218766806809
0.032752462076964
0.032283905802167
0.025517526210868
0.028737031612885
0.026416822793534
0.027337345648365
0.025202068028208
0.025818476731659
0.028069234976916
0.02564611136531
0.029069213947796
0.024491297303514
0.024642217607998
0.024668328669159
0.023812457577713
0.02532572430654
0.025475942207148
0.030624426905217
0.03686330939287
0.033643530982793
0.039068662774613
0.03402536435045
0.039132983064361
0.035066581534938
0.024991206884117
0.026057517718768
0.028221938740265
0.02806743913384
0.029162783361124
0.030703253480572
0.023254538732678
0.023300286623401
0.022584518994925
0.025787685847187
0.024011887213954
0.025405888844483
0.021794687724102
0.024537793570761
0.024850564237132
0.025694937722676
0.025004224592166
0.022688269742539
0.021192081199036
0.023324029009547
0.022843975779813
0.022705641213396
0.023713688523668
0.025742077879202
0.028049109097117
0.026567494713873
0.024770454069465
0.025597455152849
0.025332769198657
0.029232927626875
0.029641336897373
0.033793606295213
0.028031795959065
0.031344462675287
0.032426744603314
0.021634895903393
0.030735172449538
0.035915785196764
0.033405874483008
0.035229474106803
0.032556370947152
0.033540584754951
0.031153210182786
0.030714659808771
0.031552392855769
0.035344596298926
0.034369393918033
0.033026345768651
0.029983554727475
0.038289553848176
0.034482207306856
0.034893756457872
0.034173449255342
0.040397590337826
0.036874464457319
0.031152523597933
0.02746191764711
0.028079889665918
0.027633592372837
0.024087829365903
0.024868209202246
0.025026446432159
0.026209723959411
0.026025176730076
0.038400064734403
0.023346337241919
0.0238617467366
0.021767110750335
0.04042862039119
0.03983188333963
0.034582978182973
0.033610164935358
0.042932650217778
0.041099561234829
0.041262463813882
0.033612154302159
0.035528430989107
0.036153965320109
0.042214723363001
0.039088086502752
0.036450754290661
0.040362135010725
0.038577797288302
0.036139111329151
0.032834615116072
0.035693585945421
0.036803525749948
0.038185152551756
0.038454398857627
0.037889979219608
0.036518756513009
0.038483810115365
0.029073536290457
0.029199732554298
0.032844854196023
0.031964870204713
0.0319949737862
0.030924073411326
0.029628081304559
0.031595478867928
0.031498405981335
0.032063949389729
0.029678628481176
0.031831658782535
0.040689531114482
0.041314742221388
0.039194874458475
0.039407002643822
0.036698842978034
0.035586592264074
0.034786147743643
0.029508504940728
0.027279196452558
0.028740823050248
0.027367467019256
0.02993609805838
0.029995077033609
0.027181076710425
0.029614955346874
0.024406156090882
0.023925496310099
0.024770001516352
0.025482381762554
0.026906546217876
0.025008348947428
0.023318774067071
0.019129832843708
0.019427144783058
0.023124521255025
0.02475338064844
0.021309755790749
0.025430806688227
0.0257574246358
0.023490746789562
0.025711601098236
0.020852462126563
0.019512757351237
0.023402204807075
0.022528155566139
0.034582738239478
0.032898390012064
0.038272035246931
0.027594821357464
0.030884355291743
0.034337308393174
0.031650724710209
0.03670689127683
0.037746983465016
0.031297044868665
0.030021745205898
0.031134158373553
0.029153960205665
0.027865694223132
0.028012564107979
0.027415342243623
0.026853760088543
0.025145963775526
0.025509230785363
0.02436141360121
0.025859288245387
0.025644126671388
0.024447610119519
0.02664692952101
0.025932776853095
0.026287935855238
0.028380845675994
0.027970216820273
0.029648628582746
0.029614211051983
0.028573326994831
0.02832953188442
0.028518559724809
0.028170268670546
0.026873964067426
0.022309123109549
0.023097947838202
0.024046218426607
0.023527997816368
0.022727281655594
0.022850304918273
0.024014392297947
0.024382662066873
0.025527528176654
0.024640683649531
0.02589382923884
0.024665090358419
0.022101682707038
0.023881446870677
0.02453399988503
0.026127269352292
0.032804178779055
0.023555558653246
0.02328029729374
0.02180027741199
0.023451649679989
0.021318015689415
0.020751553071486
0.020723991441915
0.020523927568564
0.02046062868926
0.019939526321878
0.019921943463389
0.020310231889679
0.023893432215189
0.021409070434859
0.024401773435989
0.022660116826912
0.020477979730642
0.021464279834426
0.019605236040745
0.018472049822579
0.019133256440769
0.031085104767144
0.033872056483259
0.040826368004939
0.035052251081251
0.036774909617581
0.03941447794275
0.036048786830616
0.034559613031651
0.03777279791862
0.03214291215191
0.033198836855905
0.028401200084487
0.028697267969775
0.029942804133246
0.032744829265438
0.029127204003167
0.027322191613332
0.025004157394494
0.030123130821892
0.030383121557403
0.02423354668635
0.024072137694199
0.025219727521607
0.024716335162927
0.023653614906447
0.024528533587469
0.023973049366666
0.02591094908534
0.027980960239378
0.024543247601719
0.022574661242697
0.023019613160688
0.023841405493528
0.022309653033215
0.024211115502658
0.031069137340667
0.035458419144717
0.036038769582166
0.034363833752519
0.032449105824666
0.024857869088056
0.026571951566396
0.025223228752463
0.026287458210052
0.028248182031202
0.028233703143693
0.030181976986792
0.022545114338384
0.022971082133368
0.020882995773234
0.024388014597209
0.023151106684698
0.023896594989396
0.020425309463466
0.022959396522351
0.023285607330987
0.023641722284635
0.023268327641675
0.021424232756542
0.021623702244388
0.020469430711017
0.020011668852423
0.021190179587406
0.021281646830822
0.021331955095078
0.020761765620685
0.023588530014332
0.026393340024435
0.025681557270174
0.027578485019945
0.024919108170408
0.02415525974562
0.023215517522996
0.02493985609144
0.025952615244258
0.026149244028908
0.024559338473842
0.027833220835597
0.028674945881419
0.026351711747893
0.031815185860331
0.028682478072905
0.033461439411753
0.032760448896704
0.030421206419763
0.031515020186484
0.030056374068001
0.029559987051203
0.029338299214987
0.029077925112578
0.033186032463361
0.032954648397522
0.031290603583262
0.028413618758928
0.036049670485281
0.032044387892147
0.03327216168309
0.031533962156865
0.038179398833535
0.035580962898626
0.029690591162078
0.026395060846305
0.027429268176239
0.026690793976063
0.023078959671014
0.023269970302225
0.024209918248034
0.02452250376239
0.02172503995982
0.022436373538364
0.021413952634243
0.037867107269719
0.036852501270304
0.031509280649528
0.040592349963058
0.031169086794391
0.034159464381262
0.034448957586452
0.034909680057853
0.035614505276386
0.034447623901866
0.038308643071042
0.033569940263036
0.030600205480312
0.033304322789074
0.035475216960389
0.03567015486124
0.03441988735639
0.035510203068408
0.027008861475438
0.028889427435595
0.027581045826775
0.029377732173906
0.031075912286782
0.030050987069956
0.031992133048745
0.029474707436319
0.027020234680413
0.030405181812327
0.03010894090498
0.030032944670336
0.029123885349778
0.030259564345534
0.030876124862439
0.039713044820353
0.037235545233508
0.037036486708453
0.035138197195079
0.03322085560556
0.027769538864537
0.027035582859327
0.02842774575618
0.025581791811127
0.029350994401776
0.025421758453133
0.027805368925063
0.023242740845752
0.023405449347049
0.023696082458294
0.024751530570211
0.023117955537341
0.017610811600959
0.01924960629265
0.018598848746403
0.017786184976511
0.022501859364641
0.021189045743363
0.023401148882594
0.020292279233
0.024923207788754
0.024129277237355
0.022464220092524
0.024296519839776
0.020797527180343
0.019483050075005
0.02210187771086
0.032598983649743
0.036943362348182
0.030189980788661
0.030290449139302
0.028445725485846
0.032494672459221
0.032717357747241
0.03530069293672
0.028687512101725
0.028629431212067
0.027231391190235
0.026164959080856
0.026170275736776
0.025894388331527
0.02557660198345
0.023718125922806
0.024637305550426
0.024240358770532
0.024823450414155
0.024819392896459
0.023896886533363
0.025301794688767
0.025256316436078
0.026981952453397
0.025934890205289
0.029558455184168
0.028644566727093
0.028766758922286
0.028279312392362
0.027030623177114
0.027771065471152
0.027247592081787
0.025489242385677
0.021203280870063
0.022237066058516
0.022765334121051
0.022472786446648
0.021329014770827
0.02336534996577
0.023575906836008
0.024035844994818
0.024670995336212
0.02180933185254
0.020387701430153
0.022548692434722
0.023564602459874
0.02314432211478
0.030818538752329
0.022933769571507
0.023042344467936
0.021755244427881
0.020292982081339
0.022422953462046
0.01968154717154
0.019588048295857
0.019289655060314
0.018869358740242
0.019840498926883
0.019641093794287
0.018487189459197
0.018681314919231
0.018733862720344
0.019493819889827
0.023203676652968
0.021053680621784
0.019371905071364
0.018426906031493
0.016835372488495
0.030122842651235
0.031201892460179
0.038091461729403
0.035393465005641
0.032000936241857
0.03752292020285
0.033977218527553
0.035030268208501
0.032246568277269
0.030069581469067
0.032646135288728
0.026601919430359
0.026486093237411
0.030728508629289
0.027732788697206
0.025506758132222
0.027507871314086
0.023754385987052
0.024546918698795
0.028711005840232
0.029513580504137
0.029472729927213
0.022974756803775
0.023135085965109
0.023125171220899
0.022282164529261
0.022403110157682
0.02220093901254
0.026146586676624
0.029275310438807
0.022740733783207
0.020993282364666
0.02181356016876
0.022082777338872
0.021036311944053
0.030021296300732
0.034062351299577
0.034629049374851
0.032186347439714
0.023937879387845
0.023648443042948
0.026322138337072
0.024503063473747
0.025108351337938
0.027332407751852
0.020854228259299
0.021389345507746
0.019305299098644
0.023444446285251
0.022086335361265
0.021807615881957
0.023212402552447
0.018728138059574
0.022035227057881
0.021411742942231
0.020070773673862
0.020965830186715
0.018609408190459
0.019507187357282
0.018619207842458
0.02016465739423
0.019833836453645
0.022121537130999
0.023107406648945
0.024189527750338
0.025820946303907
0.026549395892268
0.024702361192627
0.022774504709291
0.024741933101312
0.022091983495496
0.024231553408451
0.024753358233661
0.02260128300037
0.026040079094305
0.027602282886917
0.0290412243889
0.024618204704409
0.027308084803978
0.031994842501593
0.030391394530999
0.028598775870915
0.028223059450259
0.029440614504465
0.027695193620697
0.027419850207252
0.029147013491535
0.028718274828841
0.032067100978045
0.03385240539795
0.030331213735442
0.026775411561963
0.031147808721794
0.032140395767152
0.030391882248951
0.036935480829206
0.030100205097616
0.027534207529372
0.026267787766527
0.024600106366409
0.026335363230396
0.024354791325113
0.021566309031152
0.021686312044226
0.022852704286951
0.021216747765299
0.019219449036741
0.021254807491922
0.030196018426104
0.030412387495919
0.037862939658869
0.030519061185611
0.032585211487114
0.032348344012864
0.036551939522095
0.032730029793252
0.036066272277445
0.03335347111458
0.032732824207355
0.029155767626327
0.034376018414179
0.034779650780156
0.025300422980445
0.027070562150528
0.026975611929454
0.02663172291649
0.028020080311125
0.02749345891711
0.029783016614235
0.029727146466837
0.029706175823966
0.027644490390047
0.028808230067605
0.02881534124557
0.029208282268939
0.027078797101737
0.029615761585255
0.037538994889525
0.036202765293515
0.03380710090977
0.032728885447608
0.025753401407804
0.025228815075947
0.02615119023488
0.024459947584772
0.027338894509766
0.024996816118522
0.023546651133138
0.021109071090498
0.0225417098176
0.021260316332546
0.022295921894431
0.024551603075054
0.022954469972994
0.021951431201129
0.016918586941748
0.018061176882698
0.01874521747236
0.018408884266506
0.016836491654651
0.016943227827109
0.020831985030117
0.020331334796693
0.018811486728817
0.023711540465119
0.020669760100501
0.019793048070766
0.020716418273578
0.031264425572773
0.029801619847773
0.029487194079463
0.026525117945858
0.031836570539729
0.031356527575581
0.026716121881961
0.026747475512506
0.025470955494774
0.024814594236125
0.024768578348074
0.02463102286285
0.023423975749693
0.023725749698953
0.024176943691047
0.022974214854651
0.02474759729222
0.024210676209608
0.025545372485944
0.025131044727143
0.028368159163375
0.029824885213753
0.02663568078102
0.026007691884611
0.025495447532311
0.02585996452923
0.02588745216944
0.021557184655645
0.019339207389174
0.020522899987002
0.021371788716173
0.020691529270691
0.022320466670622
0.021812717353999
0.020371559548419
0.018998867368482
0.021417653174931
0.022480439215399
0.022424542487467
0.021295712650447
0.021913746598266
0.020346149715204
0.020792176358304
0.019499536161399
0.019131089034256
0.022928006740727
0.018100814777696
0.017885983280222
0.017744970186995
0.018745257488503
0.017532348189016
0.018520501053883
0.018882730873301
0.018339284196143
0.016651942046254
0.017322154548418
0.017900282219121
0.019103685356557
0.022096777782596
0.020759904987799
0.018842632041601
0.016950117160607
0.017760400532782
0.015383641637602
0.028582451615605
0.029877785578642
0.032847999937771
0.030633838069839
0.031285612093964
0.031861890168586
0.030114258772937
0.028678755569977
0.030478419981918
0.024756373060458
0.026811433585938
0.026758851249674
0.024125096998796
0.030350733633039
0.029195609286931
0.027093632944212
0.024703443047533
0.025814533965304
0.02234519259184
0.023182517392673
0.023496334178652
0.028104708444577
0.02902462931121
0.028240247101319
0.021594702297552
0.021103210907611
0.020964148508973
0.019992551769703
0.02185991595375
0.020731267023513
0.020407947199483
0.024318473056201
0.025673921409397
0.02760709023947
0.022737168584226
0.019465770618359
0.020390991666721
0.019955077993346
0.027806027487844
0.029418186982231
0.022535481463283
0.021783362378738
0.025136371187313
0.022810816569339
0.025994818863552
0.019098124290775
0.019388883385847
0.018454975768325
0.022972956716619
0.020997708947313
0.020490862162427
0.022539124132246
0.021679047795969
0.018894855645022
0.017165297028731
0.020678001956275
0.021027024377555
0.018286913794605
0.019282749579229
0.016915883614703
0.017659564957003
0.017029652401573
0.018653343979183
0.018454927034438
0.02106771201435
0.022160826720573
0.023561477379949
0.024185550961144
0.025706048604717
0.023869753276212
0.023617132797179
0.021781168819747
0.023794221417521
0.021136420682986
0.022642342978286
0.021726395053744
0.024453687287265
0.024935622066752
0.026072577428466
0.028001382870456
0.022644326346201
0.028432209760663
0.027188101023523
0.026208247581949
0.027020751282003
0.02596993822676
0.026551096134778
0.027405834089706
0.028313313265081
0.02645265280958
0.030613194429159
0.031619200196389
0.028676350091485
0.030441187242991
0.02879039335864
0.029685867102679
0.026516347482868
0.024248786132963
0.025941120303211
0.023360980662677
0.024448573043329
0.022885203411983
0.0223667437193
0.019387677394224
0.021015458753467
0.018369265029175
0.019428428953038
0.029207482011643
0.029593460641465
0.029751547772825
0.031692224206977
0.031066525184996
0.03125395207191
0.032760763025854
0.030830936154348
0.030410961502115
0.02846934223196
0.025554234126814
0.024508778561485
0.025560153039653
0.026175853504545
0.025024132013874
0.026600841948743
0.026651134562492
0.0278682057232
0.028783007746656
0.029452227099042
0.027562162814991
0.02600030022791
0.026613259776534
0.026804002371566
0.027197958842283
0.025331013301547
0.027628328841935
0.030743066085641
0.024916278918865
0.025286167234353
0.025522469394663
0.024209090242648
0.023132054811976
0.023405650086846
0.022232156527373
0.019158155717688
0.020565649453022
0.021320392868517
0.020107052887878
0.021277688541206
0.022922377360269
0.020578383037038
0.014922295900299
0.016575176744888
0.01734065203532
0.017784591863275
0.016913131542311
0.015377621659099
0.015377189265667
0.019163066537263
0.018856017564363
0.017192964697416
0.02241026617209
0.018669743347212
0.019068714284806
0.028055649888864
0.02623848594228
0.025193819186632
0.030309441161546
0.024760556053127
0.024464053659096
0.023910217285491
0.023228779064472
0.024419051891474
0.022569514476548
0.022504192138341
0.023082417571745
0.021987174031242
0.023269289642609
0.024798848630185
0.022598042246052
0.024467598465604
0.024024155467751
0.026771676743924
0.025800313132687
0.026109305371427
0.024876141470034
0.025216571534746
0.019953984826449
0.018981538761001
0.017976367313949
0.020123976453086
0.019944543000527
0.020296445892589
0.021747553659308
0.020359210977548
0.018424862349894
0.017618799251692
0.021284020308975
0.021172121941802
0.021739112917647
0.020212300900225
0.020683518527679
0.019622314489931
0.02057256299729
0.018936179105428
0.017906417040298
0.017566399056001
0.021954000858301
0.017165107223813
0.016892912928159
0.016848832790604
0.01735119958558
0.016328926916177
0.01710747159255
0.019826751345273
0.016852166606342
0.014685719406739
0.015852589998486
0.016691722439165
0.016894778283069
0.017528953384337
0.021520620175741
0.020432556804513
0.019726183066921
0.017775792318851
0.016241008060101
0.015146817411749
0.026951575185661
0.027835992919082
0.029689842284104
0.031070580058982
0.02938352683545
0.027986106138813
0.02417917781229
0.023014791296191
0.025288317132183
0.024989170047312
0.02270285221118
0.023576506969055
0.028683402974768
0.025690518817644
0.023572580184242
0.024135022600181
0.026318096888603
0.024586426379868
0.020454670884186
0.021331613936362
0.022025096195793
0.02697742987016
0.020811530835168
0.020208336713812
0.019928994951232
0.019729711426013
0.019208323218393
0.021916427110036
0.020242860884394
0.019315255286172
0.019700467693254
0.02411279153025
0.027491207779408
0.018752296160545
0.018849485245427
0.019744180673198
0.018011503815121
0.027426167208008
0.020570525269666
0.022489124765281
0.021855541411846
0.018148387744161
0.018464354685389
0.016774845455208
0.021209611363923
0.019487376088892
0.020261069631329
0.018998566255855
0.021726169567808
0.020757769683024
0.017236798335549
0.016091935487626
0.019288094211471
0.019272368101329
0.01667752284436
0.018065694177706
0.018280634116265
0.019549942616861
0.015463786576226
0.01727106036261
0.01663780874877
0.015535222583576
0.018371798020842
0.01685975134688
0.020805730493528
0.019627476688777
0.021159709015931
0.022648704319398
0.0241460793117
0.023960114602738
0.022358070796596
0.022330425960602
0.022299403162736
0.020895994851559
0.021596106206019
0.021543180595403
0.023006158820039
0.023257715446767
0.02731642372713
0.022058621669321
0.027767175444349
0.025674691154251
0.026788857514207
0.025149871766673
0.025989433528137
0.025959686133529
0.024524404343215
0.026729875443208
0.027111645218124
0.025262502543304
0.029098160741697
0.029475346283028
0.027784548534535
0.028860593666666
0.027737564550713
0.02809620502796
0.025147055804262
0.024004089173889
0.022068754459001
0.023532855418039
0.020270418572846
0.018435736349257
0.019231305912584
0.018362350166638
0.016799093824609
0.0270533889701
0.027997873940036
0.027892010188813
0.02910170222301
0.029436707619652
0.026056112506986
0.024840969544848
0.024261819824286
0.02303307491226
0.024880969877688
0.023231726418361
0.025040047790625
0.02653079872523
0.026854553433925
0.027582413189159
0.027405105850653
0.026167633108953
0.025201826172115
0.025216860964742
0.02552112684945
0.025360284017008
0.024998679434769
0.028905695929536
0.023312710929146
0.024886683065795
0.022325773122639
0.021398730802605
0.022448160651412
0.022628897635496
0.020796725937779
0.017753375458914
0.019173921330899
0.019746130182662
0.020208631582469
0.0194700530233
0.018736717243649
0.021363225677137
0.020481315987092
0.01927555813402
0.01495473996467
0.014458578366051
0.016629652024945
0.015435509586259
0.016128621201141
0.015927873516122
0.016679993559526
0.017097924138171
0.01622227208985
0.015476091604889
0.014764687743857
0.018226755989569
0.017161304786286
0.018194116478561
0.026214174640062
0.027991587541896
0.024574369777667
0.023349353896264
0.024329119305495
0.028315118748452
0.023217752263647
0.022933527930808
0.022571953031574
0.022270730685524
0.022796749861451
0.021853701980743
0.021688588583423
0.022253071111907
0.022245798856684
0.023227955970184
0.021458963239517
0.023242683272672
0.025421813927797
0.025709363838324
0.02500539381889
0.024299469760654
0.025008552910812
0.024430628706865
0.023246312509488
0.024310059377761
0.023331849457838
0.018271578092507
0.017412344084276
0.016804913547711
0.018264184081813
0.019071477759612
0.019323732917894
0.021167029574354
0.018434228640034
0.017133343113956
0.016432094328449
0.020014957549463
0.020392674775311
0.018404838239359
0.019584026998883
0.020294236209122
0.019132706183562
0.020343975418949
0.019911837316975
0.017482897224095
0.017241518715316
0.01644538117672
0.015918387776674
0.015510443140717
0.014730360019873
0.016443926586493
0.016608200207818
0.016095512415961
0.014910396327431
0.017389636446811
0.018761488798751
0.014577534462533
0.013552116380603
0.013842531634823
0.015065112081153
0.015195130875579
0.016901852341083
0.019071503619534
0.018537296263987
0.017896438045006
0.013594623314713
0.026694693355481
0.025569721797577
0.026914538354705
0.027744418964487
0.026073200654739
0.022243677631818
0.021578269221849
0.023718663044804
0.025599741228495
0.023729429572801
0.021035565326341
0.021620003981832
0.023958178986804
0.026629705303764
0.022204399825776
0.022262594597587
0.024534449562527
0.025615921703663
0.024149982585051
0.020116441818984
0.021015496142287
0.020156832864823
0.020517326082325
0.026143021945406
0.019600057131022
0.018995491425119
0.019000858883904
0.018498480075979
0.019542167797871
0.019033982313371
0.018344587329504
0.018188858640655
0.018199134018305
0.025397723850095
0.016876230164584
0.017729665995138
0.017963720385668
0.017013388565879
0.019082607362837
0.021815498130524
0.02073775046364
0.016709215457679
0.016682243532671
0.015157077441547
0.021112287525998
0.018383696396594
0.021192655242375
0.019178538120055
0.017691122567957
0.021140220724105
0.019344245772074
0.019724367072584
0.016536686313354
0.014648654514838
0.015154488614379
0.018349642266768
0.015852419883764
0.016668578527533
0.017809158767959
0.016904720419906
0.01835083720782
0.018851303861842
0.019428797865036
0.016277879237092
0.015287398119841
0.017013213001364
0.016261229480362
0.019413435431538
0.019806888878772
0.022041155041896
0.023285801637507
0.022772706345226
0.021399270037744
0.019996732174256
0.019972729258503
0.021438195373109
0.022603368684043
0.021767656198712
0.025968432188435
0.021567334364166
0.020068117915208
0.025932207186907
0.023789752089879
0.024698538911142
0.02342928380334
0.024697455995449
0.025268882758243
0.025391362175032
0.026818551341248
0.025836304925041
0.023779371532976
0.024651047464301
0.028020836882538
0.026219856466016
0.023783259123943
0.022565044790562
0.020357354123077
0.023087930855647
0.019454033472206
0.016949834574281
0.017774719693145
0.016959256860831
0.015209927625614
0.025633761906289
0.027018895331892
0.026298658995062
0.026750476303677
0.0272143148235
0.025571916500369
0.023268422598775
0.022343379757027
0.021397197240961
0.023576144399227
0.024690311715851
0.022088768146678
0.023248819341967
0.024317422542962
0.025439559278532
0.026296158563855
0.025837738067077
0.023816809109473
0.024177467388023
0.024322726785414
0.025001051703357
0.023283669303775
0.027541144330234
0.021918561285495
0.023259738817969
0.021403016175245
0.021658311700455
0.02106971010062
0.022876844485002
0.020924680522987
0.017324684534819
0.018187751228526
0.018709431906494
0.019290300425715
0.018867485445537
0.017829288679701
0.019292115909043
0.017018289002027
0.020893571259892
0.020134998271695
0.020164712170929
0.018839506332926
0.013635575760193
0.013314270288492
0.013943837602564
0.016720170166099
0.015766566508018
0.014569220027772
0.01514339858199
0.016418432514755
0.01495132013056
0.015822131860673
0.016557604452844
0.017101360588644
0.014958591682191
0.01608712184665
0.014551355068384
0.013218836694837
0.016788511618079
0.025100758874053
0.025966946753846
0.024717986082708
0.023008093116041
0.022205326604155
0.022719931058287
0.021684554387201
0.021918788745072
0.02151465643204
0.021195173072308
0.021758920156525
0.020198719586796
0.02074582383651
0.021282476517968
0.021091408714165
0.021488052467664
0.02419516667837
0.024796547717984
0.022919495245326
0.022597103648793
0.022971042892864
0.025405228523825
0.022782853671205
0.021644137321945
0.02270173506173
0.022233832641821
0.016848449256588
0.016243047685075
0.015281632223354
0.016935614148788
0.018217747255785
0.018731064629114
0.019782512655752
0.01737627432562
0.01587385588795
0.014442980031323
0.015802117218555
0.019242283322893
0.018469329642366
0.019207886474476
0.019701931461612
0.017534568029507
0.018970557340275
0.016856476459368
0.016709634970369
0.01595097368786
0.014503074356086
0.014394678188932
0.013684835173014
0.014810409590534
0.014800918582411
0.014341737871914
0.013178833037703
0.016499290747181
0.016681530058151
0.013485837788013
0.012294341218139
0.013492993740587
0.012744346875069
0.012914160274848
0.013995354031686
0.014850283366787
0.013781183421329
0.016308134564169
0.018178708033168
0.016800954875391
0.025609075473922
0.0247890719744
0.025662926962446
0.021973511642098
0.020662464899051
0.023861056182023
0.021781998538681
0.023160745595018
0.019499808778001
0.021351935548482
0.02253050202059
0.021739872501239
0.022860141744594
0.020107450797502
0.018761379571099
0.019695458379507
0.018543752983625
0.018878264022661
0.020504491953598
0.017964233434719
0.018362480329368
0.017591255296866
0.016728077003467
0.016474428324132
0.018705987473385
0.017696032673802
0.016667145111373
0.016485150386025
0.017716029491846
0.016852496289125
0.01649090729069
0.015804947293888
0.017151362027007
0.017158836468351
0.016252966325373
0.017698440255324
0.020746406044618
0.019374029285358
0.015168559729008
0.014960638753052
0.014189614815052
0.019632859693432
0.017009445674236
0.019909379644187
0.018699160507035
0.017976915824601
0.019680178374902
0.018437622622695
0.016199196705191
0.014912370768449
0.013191273291856
0.014085022698465
0.015155234802813
0.013387671624139
0.01664899937826
0.014213824975886
0.01529058178096
0.016372994056676
0.015497677145443
0.018141526020898
0.018588666357023
0.014916432272643
0.013448298283035
0.015982126726801
0.017402773678717
0.014680206972019
0.01852340725339
0.018916195700832
0.018865615065743
0.020941174099274
0.021626248740683
0.022012395377661
0.021810185924008
0.020435047542834
0.019770094095405
0.019923271184536
0.02069878542762
0.021001100016558
0.019847970064616
0.01913200821273
0.024362103075148
0.023439099531301
0.024260970257903
0.021863949209821
0.022895674115682
0.023836933925857
0.024763230040553
0.02551892185488
0.0252451433183
0.022265218519643
0.022922110411729
0.023421420370126
0.022605735245312
0.021584772044409
0.019209820145257
0.021768437411837
0.018863718753434
0.015325690524181
0.017501758675292
0.015107594555161
0.014215748712396
0.024316446844372
0.025004582124981
0.024395132186358
0.024696093207519
0.024119141677526
0.024948427086289
0.021622139488748
0.021383236159051
0.020660796646934
0.021944302351214
0.02324174844681
0.020920518980824
0.022140173229719
0.023804578543105
0.023393782602674
0.024142156451246
0.022489566168522
0.023532853308216
0.022108226616422
0.022856266767054
0.023269736305324
0.022381250883356
0.026024391996765
0.020972535085073
0.019919292462866
0.020267476196989
0.021423722376255
0.020230191645437
0.016041458380859
0.01670798631372
0.017316845545269
0.017836512701244
0.017436377557121
0.016866313470267
0.017779721152516
0.016025269343442
0.019547759101305
0.019186499502692
0.018304796394498
0.017097940597409
0.013205281525043
0.012993577370933
0.015645722269368
0.015188765885361
0.013196033426848
0.014178481988002
0.015110610119459
0.017117830668017
0.015413933090937
0.014717574419845
0.015046571150775
0.015450118125795
0.013235673440644
0.014691697219234
0.013237139108079
0.012486947198607
0.01518594028418
0.024088209217998
0.024173433854287
0.025411032704237
0.021982368163013
0.022567474791858
0.021220140752763
0.020522959671705
0.020843997782759
0.020772374824809
0.020508726269817
0.019630355850606
0.019403677784045
0.022547216510427
0.022704838761389
0.022090170953878
0.022035978503718
0.022341364996763
0.023569745146825
0.021556519574811
0.021893249216476
0.020160802663186
0.021249727900852
0.015436959456351
0.015963913345252
0.014999427961503
0.014074274308799
0.017437807663707
0.017258840865565
0.017621740219814
0.016064012142967
0.016445193896298
0.013946394560745
0.013780078894584
0.015842906401409
0.018074173480009
0.016968986938851
0.018786869196586
0.01921442273059
0.017586674586804
0.01693531003936
0.016561596530803
0.015616814939081
0.015451080263071
0.014377270401582
0.013379153299878
0.012931078908038
0.013084156071048
0.014164446908983
0.013009593863427
0.015821292573
0.012951220458577
0.012484980654551
0.010551355220183
0.012487463857764
0.011194524973766
0.012778573701367
0.011276177037752
0.013743677596886
0.023594967081759
0.023285312986331
0.024035365930444
0.021010593112442
0.020938394687613
0.01906151776703
0.022152023769724
0.021153418130429
0.018390691818178
0.020816435083191
0.022275953382856
0.022385455617091
0.018714520058276
0.017964862601396
0.018230211057165
0.02026555430528
0.018034126369286
0.016718685123229
0.017815453803395
0.019014219452775
0.01696584266482
0.016014742113527
0.015241146603876
0.017367713160039
0.017775860462869
0.015997711027378
0.015839254820291
0.015714669213531
0.015638928423697
0.015225353832889
0.016062028482124
0.017448593183126
0.015431121645592
0.014879627913184
0.014687121585972
0.015159227499476
0.016305643141177
0.014430281072057
0.01728166105963
0.016489814961258
0.019235417504342
0.01855302725757
0.014105771492852
0.012733805820322
0.017171381408402
0.01548426505186
0.020108537771358
0.01827890417721
0.017497616381945
0.01708616261947
0.01997040983466
0.018509097023297
0.014485532868562
0.013811752837285
0.012436549465467
0.012486175958617
0.014075559604284
0.01354824465747
0.012742411680353
0.015322858676639
0.013929430668829
0.013316260300715
0.015093142612166
0.017002289081591
0.018042524181222
0.019179135167795
0.014416393548523
0.013549511530707
0.01277541051091
0.014832727576334
0.015920386344066
0.016404924276322
0.017450326179659
0.013601101795943
0.013830068600098
0.018020063939806
0.01977384342608
0.020425581081014
0.021681274548674
0.018645906703623
0.019076364432863
0.019490882026541
0.020676913175301
0.019682590245836
0.018855434179393
0.018138085209406
0.023788216646675
0.023324445819623
0.021975768524155
0.021809932884996
0.02081311781777
0.02233288643703
0.022426248553576
0.021576934796862
0.02268856639351
0.021977852432879
0.02139992525666
0.019950448691797
0.021304548607908
0.020520347554345
0.017605637070347
0.018943609892442
0.014402827936374
0.0155294960382
0.013766802240503
0.012794526337655
0.023486793532526
0.023784764551404
0.02303727908742
0.02362212089539
0.022135644979989
0.022843506321704
0.020947983816619
0.019934864812975
0.020747041026695
0.01887443775964
0.022007747567237
0.022687711884104
0.021772198744465
0.019045630341897
0.020874990474587
0.021598373862593
0.021298303053828
0.021560978742928
0.021686392527347
0.022353755741408
0.021189362288784
0.02424259289138
0.019141903106427
0.021335066195835
0.019272385157988
0.02093562378932
0.019328643665118
0.019297622227906
0.015092993269614
0.014823737873059
0.01681856943274
0.016872045086451
0.017747490210809
0.01701524434722
0.016747029311273
0.016485262712199
0.015874330165332
0.017140032895475
0.014707472509417
0.019632402347891
0.018050571146123
0.017728076169032
0.017193060425375
0.017952940309224
0.016549865420637
0.011908642156366
0.011879452315509
0.012459932244781
0.015239673188077
0.014319162609415
0.01221761402193
0.013242710387425
0.014035164460557
0.014301473639433
0.016121484015545
0.013747931774802
0.01402608392181
0.014840427989695
0.013249850792984
0.012533085915181
0.013129223667273
0.011276636357544
0.022224123035773
0.023511043930935
0.020969496635432
0.021051822644844
0.021074113828988
0.019809235574322
0.019019912160543
0.019336871121788
0.019294579156937
0.021485398404126
0.022122870126927
0.021530491454379
0.021008322169549
0.021040389567062
0.021134397840816
0.021432275504077
0.021625682219168
0.022915610746921
0.020049325167255
0.01904481180077
0.01984992553581
0.013730894810572
0.01371288557878
0.013146807004948
0.016494195604075
0.016225342102685
0.014686782155318
0.014998662935843
0.012927696947688
0.013133356970261
0.01433244764383
0.017706379752421
0.016346116879036
0.017491295476492
0.018093504722114
0.017208671157323
0.0168001216963
0.015859682264832
0.015307550687428
0.013958100674189
0.015169849405746
0.013548166263749
0.013468175678863
0.011572696231884
0.011833795671147
0.014099675278428
0.014509135050813
0.016345263479058
0.011484973126971
0.010716239218272
0.0096829399702268
0.0094881525318442
0.0099456744529607
0.011073931264966
0.012545090451937
0.011565411848566
0.010136340276044
0.012761187270541
0.022849036543155
0.019592171638942
0.01940123734829
0.018223645166411
0.02153613731324
0.019496391799827
0.016872427931897
0.021193707232594
0.019194822389833
0.021392470331354
0.017897942399411
0.016497732552942
0.017450802993073
0.018658154421747
0.017519044647877
0.016595099988117
0.01541479022477
0.016354352286765
0.018385582669817
0.014899880435138
0.014739343399263
0.013984402791862
0.015464935179621
0.01595702589445
0.01494689145509
0.0146107326425
0.014443400157611
0.014597657708391
0.014743819109898
0.014893698047633
0.015735724642177
0.014066076847143
0.013299131440741
0.013586452204747
0.014425564348067
0.015917709614817
0.015111813582027
0.01268750248011
0.011359126033006
0.01570450749246
0.014335514309231
0.018908491483855
0.016428045130086
0.016000304817695
0.015765718887131
0.018688093938035
0.017983315976878
0.014408204578012
0.013534602596543
0.012554780196708
0.011112054868072
0.012202564108192
0.011751431655924
0.012781101805942
0.01137124977054
0.013126042400411
0.012687811869431
0.012026010603048
0.013800480423373
0.014773378647243
0.01621813018344
0.016370310051234
0.016796702549427
0.013101873734676
0.01136704156433
0.013904722824337
0.014810839385199
0.016877871801736
0.015466756506774
0.016124323090748
0.01299949098035
0.013874995985216
0.019671001470344
0.019969730619746
0.01938841024254
0.017606947354034
0.017736845977445
0.018144733948543
0.019113167470427
0.018755613693095
0.01801047148628
0.017136109050509
0.022388370086065
0.021743757031158
0.020498159667834
0.020192523361444
0.021251609657008
0.01992617529343
0.02162011321398
0.021689906669151
0.019867224829438
0.020099415356235
0.019354465201622
0.019549028004028
0.016094544182718
0.017668227905971
0.012923880569572
0.012112077408329
0.011522309871755
0.021561912439376
0.022434357809313
0.021247136422888
0.022106759833414
0.020886378814302
0.019123051522054
0.018791005537384
0.020961633197286
0.020672925820366
0.019349446959295
0.018205305416947
0.021544797326956
0.021100302605545
0.020616592251226
0.0172114227585
0.019044352502741
0.019688593282875
0.019665424269503
0.020620730958527
0.02021855919139
0.02116418951332
0.019322190541982
0.019700611133414
0.01961981560877
0.020197485750665
0.017745185163722
0.017816314920285
0.019251316443268
0.014674260846981
0.014005191001173
0.01606186592826
0.016322221387524
0.015320913378334
0.017215438179252
0.016988079886994
0.016437319074235
0.015395688408148
0.014906727202063
0.014036025889778
0.013058813262417
0.018200085571602
0.017284998143609
0.017122202391477
0.016914770829937
0.016692919531456
0.016523092055322
0.016984101432853
0.015048861915034
0.011225396556715
0.011548659114481
0.013859860074522
0.015595943797173
0.013189107762195
0.011112831274171
0.012149275352329
0.012342245669995
0.013338134985409
0.013854659746497
0.012709644337555
0.012746643296911
0.012319887959204
0.011318040883689
0.011933325318599
0.012355295960735
0.010101366458891
0.020627672532076
0.01972267947508
0.019658867423431
0.018940154990944
0.017798005711311
0.018757165814589
0.018154720832547
0.018278867810577
0.020692341879274
0.020391644161038
0.020700374366695
0.02041107958989
0.01974245558627
0.020216117750329
0.019893736491466
0.02058256581616
0.018612893586802
0.017665497493241
0.018982507747082
0.019483183332877
0.012629226137863
0.013626264921535
0.012796864138646
0.015220965182855
0.014897619251708
0.013373713267009
0.013881230527667
0.012129043966065
0.01208156741923
0.013926090169407
0.015766594845784
0.017360387264085
0.015399132126196
0.014834248630209
0.016243122338453
0.015029644612768
0.013089604978528
0.013731352594368
0.012826224914351
0.012047415138723
0.011064107506924
0.010706542793251
0.011767886214683
0.01315967062933
0.014365157273119
0.015564630219268
0.010387856320769
0.011321086646278
0.0085689820002544
0.0096565342759541
0.0082879199775701
0.0084936988501142
0.0089942998502619
0.010578871978879
0.011384591252332
0.010448304339464
0.0090593600062605
0.018551511550445
0.019790882031473
0.018871175712299
0.018648457507133
0.01696921590189
0.017650148589235
0.015242826479624
0.019794082775812
0.01840820711678
0.01980821510257
0.016503156540258
0.015165804383293
0.015797165484653
0.018706951874392
0.016102870914592
0.017619771532209
0.015577602643475
0.014831436808638
0.01529852214852
0.015564343045383
0.016619410017499
0.013213979475909
0.012904315717099
0.01204674159229
0.014645478263763
0.014980143394882
0.013863749357049
0.014162737322527
0.013342132203675
0.014203467712717
0.012864627225353
0.013055344591595
0.014364375595153
0.013233669027424
0.014220840052127
0.013066539550383
0.012222548119918
0.012590592355653
0.013683263953865
0.01482633096026
0.014348396470489
0.011479942141095
0.010361200710135
0.014823209616522
0.013746725677675
0.018072584027895
0.015672940924418
0.015276129848541
0.016469871860932
0.01787678176057
0.013948341567122
0.012406043051682
0.012343968867699
0.011570794135038
0.01080021168349
0.010173436936028
0.010978331841153
0.010682411934857
0.011263044782311
0.011123198131395
0.010741309854745
0.01355383554652
0.015424479125786
0.015429200329978
0.016421847275964
0.011751133867099
0.010137670367134
0.013312436959754
0.014519631664459
0.014101011009761
0.01643435623464
0.015459307471952
0.015179533813911
0.012025781585688
0.012925124606045
0.014273480265593
0.018564980742415
0.018819256254872
0.019252705059621
0.016873402173215
0.017543288420637
0.018716977311765
0.018080016742453
0.017833549200875
0.016990159989315
0.020561606266057
0.020786261460466
0.018674339834105
0.018567137322045
0.020402547833075
0.020379528159886
0.018958512672113
0.019076692607283
0.018424471139406
0.018381517441097
0.015488584546871
0.016723895170254
0.013006989857146
0.011530712413942
0.011185710441206
0.010461657872249
0.020836976141621
0.020203179181171
0.020428282144312
0.01954825462672
0.017538882575137
0.019399335876741
0.017778287006727
0.019038168810596
0.017869819261321
0.016939349105303
0.017204814744882
0.019576833215003
0.019672386760007
0.019358247095798
0.017234201324039
0.016810853882163
0.018710130939752
0.01806003642658
0.019192653032648
0.018704851136404
0.019297545744885
0.01799348717146
0.018060395481655
0.018118005642292
0.018675193547027
0.017304996710976
0.017652965086276
0.013094514110568
0.012845512272852
0.014365699364307
0.01510635540226
0.014512890275015
0.015936223576878
0.016490494482534
0.015818016529309
0.015058235807411
0.014431723944382
0.013389007515054
0.013309285261932
0.012699694453055
0.016943471551574
0.016475163574778
0.016224094710788
0.015052311614896
0.014898041457625
0.015407713764432
0.014268382676162
0.009989282746923
0.011237158223897
0.010412896778786
0.013461346011456
0.013013548761915
0.014573882663131
0.011024305226765
0.010066067866354
0.011876984143811
0.012218692938177
0.011334078657113
0.013009143020426
0.011674371743698
0.01170714995379
0.0111874051702
0.01094828569359
0.0098421562919588
0.018764316369715
0.017756724391531
0.017312356160945
0.017437523873643
0.019396873987486
0.019103425953756
0.019869886177981
0.01958445417187
0.019750729042881
0.019494311330989
0.018938954918928
0.018580517396413
0.019335103109032
0.019206737336578
0.019569969808627
0.017578018809714
0.017729262071633
0.016430742962201
0.018594313037396
0.012797321779295
0.012181813013074
0.01268824503327
0.012785098639272
0.013215221061648
0.011088696004597
0.010224063586809
0.013592458699195
0.014565003532627
0.016195467871799
0.017288575119513
0.014914644887461
0.015450479873021
0.014592085845167
0.013754411136357
0.01530945596241
0.013944352542024
0.011836250806074
0.012702662393172
0.013295907100475
0.013447821957263
0.011507269155508
0.011924585330146
0.011026476279247
0.0098555015893855
0.0096045637757967
0.010256584328813
0.013160425691381
0.013705166691196
0.0089510358266102
0.0099317462442826
0.0083366253406095
0.0086254401548394
0.0087817215492118
0.0080788693144465
0.006887599432799
0.0083784411883738
0.006988034218036
0.0093176257280934
0.010196169989895
0.0095362902293956
0.0087814188259495
0.01775574777021
0.017651752757442
0.019086943446677
0.01809883232487
0.016850267583916
0.015601988238883
0.016143687820142
0.014611501378563
0.018347100852113
0.019312058267779
0.015359220742849
0.014636252410419
0.015300113052454
0.018497528946858
0.016117178588946
0.014974494748247
0.017746559841193
0.016496330727457
0.01375512685251
0.01316306214676
0.014748112667431
0.014409964416119
0.014704925467518
0.014835702052345
0.01600845036928
0.012479360824159
0.012532655486215
0.01186499123804
0.011810023734366
0.013435580470489
0.013060162170665
0.014340941263934
0.012125925729641
0.013136063494159
0.01226319793319
0.012197601020931
0.012213979915211
0.01243816709538
0.013177671426508
0.01315161661427
0.011366902381945
0.011452379945474
0.01171180176193
0.010192042551887
0.012015131425222
0.016633536355845
0.015084177019012
0.015918173146138
0.016713112658384
0.01270439606626
0.01185205932726
0.011486741196127
0.011332126054162
0.010677746058667
0.010659866632382
0.0098743776632747
0.0096317080104152
0.009921943228344
0.010143393823926
0.010904898955335
0.010377910247518
0.010245690132093
0.010628213038484
0.010375016887124
0.012790280706052
0.013777921370532
0.015642436025649
0.014249553615189
0.015602181898213
0.0097266546727316
0.012136717723992
0.013346413833052
0.013850623197452
0.014619627874212
0.015485169743003
0.015058690882197
0.011710123488553
0.011563595086546
0.012061340266732
0.013289927263683
0.012290120761326
0.017401538080732
0.018398525427849
0.015776173358151
0.016598393616152
0.017577566005854
0.016967864971615
0.016297331556016
0.019563643734618
0.01973784866009
0.017767361010311
0.017687554267597
0.018555834598991
0.01821040006192
0.017003989996956
0.016997081600748
0.014592475963379
0.015767750052363
0.012025917105579
0.010498902516205
0.010088891322154
0.010126088312351
0.019329410038524
0.019005096198914
0.019288759576005
0.019592757145207
0.018080198921433
0.016679114502141
0.016765547930458
0.018711482983129
0.017874545237885
0.015484472955198
0.015796556574749
0.018181782763272
0.017084791908259
0.01692135657111
0.014947877173022
0.016869804380206
0.017655444733024
0.017441880721459
0.017979791585591
0.016726756050001
0.017862514662785
0.017536560326905
0.018135684086486
0.016547945623399
0.013285192890832
0.011505489731943
0.012590016877355
0.013987477906692
0.014009495443143
0.015138726309121
0.01464407152289
0.015598576644188
0.013368436720931
0.012920725398517
0.011531205030947
0.014915822102784
0.015019171511635
0.015145939049909
0.01356865853462
0.013792404596204
0.015058663226259
0.014153251283065
0.013041252548629
0.0089350056995171
0.01022098957403
0.012747060071834
0.013315403345614
0.014409873159885
0.010045237600449
0.0093206920261841
0.010659953716606
0.011243468639154
0.010567621492233
0.010983594869449
0.011954125162458
0.010679915829417
0.01067079230445
0.0099977996437571
0.010076825942543
0.0088521853567984
0.017993438593162
0.01670783085701
0.016437979180191
0.017722896092731
0.018843484626626
0.01899159207076
0.019145827330913
0.018939157376508
0.018668944940431
0.018349500101176
0.017717088104944
0.017568383664621
0.01668340428292
0.017746414831177
0.015670805502015
0.015474943197275
0.010910048962271
0.012429132412929
0.010443588960819
0.011531700092511
0.011304555654121
0.011777853348071
0.01072064706543
0.0099912624023066
0.0095673601725352
0.0096052257732991
0.012028283630443
0.014480213329726
0.015344981917642
0.01583700111293
0.013628746623297
0.014973982062063
0.014457712460382
0.01365221096133
0.014291203583032
0.01306048913535
0.013016867101288
0.015118376642075
0.010965836418237
0.011467002644351
0.011427997688083
0.012287357146891
0.012920813183409
0.012597196116941
0.010898572768262
0.010904938602475
0.011404229645127
0.0099875772004699
0.0091337864688285
0.0087360698022575
0.0091253712346081
0.012158296753665
0.012835905025344
0.0090526492796655
0.0080853874793393
0.0075343045599929
0.0077033777600145
0.0065106125585811
0.0059887103229824
0.0068671756059241
0.0061672583291884
0.0085540660239968
0.0091200486923241
0.0091356209636029
0.0085388972558434
0.00735489371016
0.016237352132162
0.017852822045159
0.016042616745221
0.015913058361196
0.01519110874143
0.014659377655061
0.014795397711521
0.013292474856048
0.017852031501117
0.013866489843362
0.013253291038071
0.017157388204965
0.014981751267224
0.013595075273732
0.015241522140559
0.016780516010614
0.016411867632483
0.012454566429067
0.013199492341158
0.013320009135343
0.013434929649287
0.013602599487861
0.01157587451834
0.011222328679872
0.011238338589039
0.010850059988014
0.012215275160543
0.01259498135603
0.013196391333716
0.011122984413649
0.012667610542046
0.01148272027217
0.01123951152947
0.011772468802217
0.011526110502381
0.011382946073433
0.010986929954535
0.011089014959285
0.012646201851584
0.012334226462145
0.010482046088372
0.010226984126569
0.010480315983503
0.008917274353121
0.016173788119953
0.013445082904584
0.014994765023988
0.016328450821119
0.012363914357795
0.011086672052207
0.010740939777449
0.010657580187963
0.010640919030251
0.0099138407717232
0.0088127010420182
0.0097169828412899
0.0086112884823504
0.0088368967179645
0.0088328264570019
0.0099109537364258
0.011740275450263
0.01008199303688
0.0098117491939976
0.009584032424482
0.010150485537532
0.0098046138563585
0.0098154902905259
0.013024988035518
0.013956280518663
0.014640460942296
0.0086834280527258
0.011649894807274
0.012126965937825
0.012564014026434
0.013945256509142
0.013016906609656
0.014567187195565
0.014163008627956
0.011235451170058
0.010707654052339
0.010560745910004
0.011668314881375
0.011404806087978
0.01331717648623
0.011972919232828
0.017473268817533
0.014762588767194
0.015709878485527
0.01659607668188
0.015836706530489
0.015540660511817
0.018489621958458
0.018283102753229
0.016662650887591
0.016614527634327
0.017223951511957
0.017030247567031
0.016452439849076
0.013417350261303
0.010775334324306
0.011280206068641
0.0085251723598781
0.01025953658749
0.0084402588992445
0.017819509231244
0.017522972507685
0.017918188759922
0.018116175023872
0.017211267222598
0.014973893436632
0.014968943625115
0.017370233176493
0.014595694739351
0.014751028375232
0.017395397496193
0.015324997605562
0.015289751335626
0.014199832667917
0.015373440170695
0.0166516716396
0.016427881835982
0.016743741374424
0.015095843903574
0.017164811406598
0.016333663375478
0.016909643553638
0.015925597695985
0.012812125417828
0.012311684205388
0.010529652092094
0.011568752665827
0.01358754792682
0.013725139331713
0.014220079346928
0.011972043503028
0.011406855677276
0.010206728127455
0.014170456913327
0.014254736786491
0.014260905799427
0.013037198230278
0.013157646896948
0.013467910982556
0.01305837700829
0.011734369420581
0.0089873334138121
0.011765026809882
0.01267324012562
0.014166288695307
0.0097566061991298
0.0086226699765189
0.0086353792853433
0.010423571177504
0.010386182875374
0.0098942337627519
0.0098407509230735
0.0094791457889796
0.00952854767388
0.0083283108679946
0.0089056272754257
0.016828253503966
0.016810271184538
0.017662063694315
0.01791780694294
0.01765341822471
0.017699395917733
0.017611598048063
0.01742060043438
0.017047502305622
0.016789743334817
0.015953640953504
0.01661964699436
0.014805604178678
0.014533723151255
0.010086826000131
0.010714003576246
0.010115430645251
0.009719964309192
0.010364519314827
0.0087468794057741
0.0089435105351098
0.0090846751970624
0.011054573836399
0.013523655153208
0.014230226843539
0.015189197934111
0.012805595918902
0.013810759174338
0.013500251751602
0.015524491739859
0.013215548366817
0.014525874413507
0.012025173012723
0.011903663294927
0.015136626262693
0.010101454465999
0.010282729323759
0.010945567737536
0.011941385414493
0.011531795087552
0.010350476877584
0.010346332041235
0.0096978413591951
0.00837207751356
0.0085983289906332
0.0078251050106561
0.0085995865977613
0.0085742045902553
0.0090741147157003
0.011675503689056
0.0084776687037372
0.0066292690241419
0.0065465337551183
0.0077543521312653
0.0067034351636746
0.006027054019253
0.0061755792328834
0.0053800691361026
0.0064253404454185
0.0065161376067592
0.0054432997511362
0.0081445601208566
0.0082518811893942
0.0093342123100765
0.0074585545943405
0.015216133646501
0.01609208675424
0.015220154153799
0.013337034843247
0.013589287633584
0.012039946206144
0.016775842752359
0.01274041709263
0.013714240060432
0.012491788225151
0.01678912940498
0.0150532175045
0.014252392778272
0.012119840683085
0.013457913988711
0.01515171900129
0.014521056032481
0.015751912794282
0.016068935154144
0.011699590624534
0.012698783550356
0.012843123717047
0.012946517745893
0.0099355805838698
0.0099997892922247
0.011408269995219
0.0099378429059641
0.011051220658049
0.011588828192908
0.010626299657951
0.009762008797233
0.011768275378502
0.010660271762683
0.011136245557735
0.010342652643195
0.010556399741166
0.010129831894567
0.0098582069121442
0.0095176003724136
0.011839865220039
0.0092287755899248
0.009293850746328
0.0095563390239879
0.0084011357814776
0.015041153443953
0.013395074307295
0.014039358153858
0.015390021324335
0.015476836013723
0.011170741236198
0.011841442302417
0.0095807866515594
0.0095982846199989
0.010769513121596
0.0091635521289034
0.0091248541614247
0.0090950848977743
0.0090636605111992
0.0077115629787151
0.008757891666648
0.0076284416917432
0.0083149000027512
0.0079418283453001
0.010782573944867
0.0090865670748214
0.0095609601700792
0.0090628691085617
0.0080966028595513
0.0080924171636805
0.00844792842589
0.0091665102243475
0.010034651288072
0.0093907760234002
0.012300826196649
0.012960140863892
0.0076039042543021
0.011543372336188
0.010875317217044
0.011672374605764
0.012989974371364
0.012576221937587
0.013932177915825
0.014592504301729
0.010162364689884
0.0098087486211881
0.0099176221512958
0.0105321634579
0.010509454413497
0.012561964217222
0.012679532176124
0.010721501929585
0.016193198582958
0.0149101991412
0.016237452796739
0.017324865301061
0.017236085691923
0.014976819824991
0.015462731664501
0.016181804233652
0.016413442676273
0.015298201562674
0.013110892532704
0.010043334570285
0.0077046091134132
0.0089167649227273
0.0074573843666008
0.016945155611871
0.016721923284886
0.016945781923991
0.015351344796785
0.013451791606954
0.015129047285241
0.013634609972265
0.01598085521042
0.013078670763327
0.013763225203595
0.015657020366768
0.014601153610089
0.014920414394738
0.012908622685142
0.013838927671289
0.014463677538048
0.013497609120644
0.015844797670727
0.015540127060737
0.015961294922214
0.014528659387241
0.011907940178824
0.011096041248664
0.0092040184883721
0.010191633074595
0.012828826296994
0.013390558656798
0.011237354519254
0.010190485860361
0.013018294092177
0.013310023152148
0.014780512625469
0.011323444115735
0.011701017563381
0.012700742012013
0.011345292726566
0.011111727409861
0.011757083497379
0.010854324722646
0.013056291055199
0.0086869652638005
0.0094819994162727
0.0076037686910564
0.0076259398022942
0.0097575182615718
0.0097781399562204
0.0094458852042321
0.009991776983677
0.0093862536077502
0.0089257422539212
0.0090258370786314
0.008437357287554
0.0082756831978571
0.0072577452020492
0.0085901773828405
0.017006031828058
0.015971013808215
0.017198038700846
0.017305878663504
0.016073699108632
0.01586674847258
0.014878057147278
0.015652581128554
0.01375675932361
0.01340124648757
0.0090789900313638
0.0098969935016307
0.0093220358027571
0.0092568577181765
0.0088561203875359
0.010423829311443
0.0091964141310722
0.0073532422699204
0.0076294860597963
0.007681363005923
0.01319031997158
0.014841668292992
0.011896125592434
0.013491893052645
0.01276608521201
0.015078626856967
0.013564507564332
0.011340504797456
0.011549785215152
0.012079833546563
0.011466833990802
0.014322370546567
0.010097520605093
0.0097059652652905
0.010383714564993
0.010390965238851
0.011836272013337
0.010890832185939
0.01087474904147
0.01024364123304
0.0086335225379729
0.0074420228404527
0.0075976294537769
0.0083303393561269
0.0077346385798012
0.0067990427284468
0.0080994436890679
0.0085214083896846
0.0077999300656528
0.0084230048144598
0.0073784296240893
0.0066820107700182
0.0067432195038167
0.0056886866543475
0.0056766196764155
0.0057859555605748
0.0054178034877753
0.0061412341727543
0.0055244429376362
0.0069725978983163
0.0086823473048606
0.0074031740347275
0.008937757089489
0.0069271962571039
0.014318404008005
0.014542081689011
0.012536267093143
0.011598219512745
0.015675347045215
0.011961254959299
0.01265515462282
0.01194692817782
0.015751808741416
0.014299843227728
0.014912112073571
0.013059161551822
0.012225100414523
0.011571393430398
0.012452457000345
0.013928265176348
0.013493718535658
0.014581705746781
0.010487991512206
0.011811810365236
0.011562857007613
0.012281170196939
0.011835026141196
0.012478766642522
0.0095938332847674
0.010682476981305
0.0089218745086489
0.010440811349301
0.010799128123856
0.0094491421015716
0.0098201436804798
0.01018382314962
0.0093421617438108
0.009793909766601
0.01068482043855
0.0098808258439647
0.0094483541644023
0.0096129052062593
0.0088300375409097
0.0086825865688769
0.0095240029569883
0.0081442305188128
0.0082920443867814
0.0088158298585019
0.0072346631189026
0.012944311153417
0.0125630128998
0.013475492752521
0.0130553446952
0.014071738592554
0.014221108832604
0.015413349372692
0.010062502318313
0.010531694429801
0.009169448909309
0.00917131256432
0.0098682592295324
0.0080973143583616
0.0084115339018854
0.0081932796263461
0.0071095683681844
0.0077743800346499
0.0071218866761115
0.0070973920569279
0.0078083838166289
0.0071653698932543
0.010536928832615
0.0091678967252365
0.0080957897707649
0.0097316785626719
0.0081824557354795
0.0082072630887044
0.0075677017018804
0.0076687179489096
0.0074867331640213
0.0076897246966492
0.0084147971923259
0.0093750921852183
0.0085569914382232
0.011251241830299
0.012355593162255
0.0070788613609381
0.011075429494738
0.010146928692471
0.010683971013277
0.013115669100793
0.013867841304322
0.0097920840423437
0.0094160008642945
0.0091876897678585
0.010152622469119
0.011947784473875
0.010903331160448
0.016152345538263
0.016219410691055
0.013734503941056
0.014825399181632
0.014340689277558
0.014865963843174
0.015572247881455
0.013991807189979
0.012307189723826
0.0089973661969333
0.007087510921773
0.0069249695273009
0.0087944328568799
0.00771713709822
0.015909936574366
0.016295155416123
0.015328680473194
0.014494581859077
0.012689145696962
0.01378594400389
0.012767662442737
0.011743637334293
0.013931453321053
0.012337868014272
0.012886258789952
0.011579953567336
0.012891756781299
0.01525273103227
0.01446328439025
0.015263422603395
0.010631253372999
0.0096710866367876
0.0081988556976465
0.0099442676181168
0.0091075612757252
0.011969007855642
0.0120684142564
0.010157515834685
0.0097589059371209
0.011120487078337
0.013754910664785
0.011390732423298
0.010235760147985
0.010513156366101
0.010862530758812
0.010239732159327
0.0098308049335778
0.01091539280696
0.012620043247704
0.0081293115537283
0.0086571447571595
0.008561235526707
0.0070463187577163
0.0069360838013275
0.0099093218334412
0.0087286324003856
0.008914861353443
0.0090264587268021
0.0080644121210992
0.0081634885820221
0.0072314644705298
0.006365906609089
0.0074100446594382
0.016021539649776
0.014838288540978
0.015585733560902
0.016232055117998
0.016359746341032
0.014261847950254
0.01470763604432
0.012921006567863
0.0078513619568859
0.009046944153079
0.0086634958847225
0.0085529829751923
0.0084286742206596
0.0091547216562825
0.0085382710620788
0.0069941715994252
0.0071936567509224
0.0071019646509958
0.007741915768244
0.013516315328408
0.013623184613883
0.012710189295559
0.011888137458214
0.012567403466292
0.010988397628988
0.010276715548778
0.011108843113963
0.0114437442572
0.011065608696608
0.010544870604287
0.0092456609359714
0.0091198761694394
0.0087792479143024
0.0096655145411985
0.0095468126680949
0.011343138625115
0.010318663011112
0.010460871811658
0.0093080905038327
0.0080372727068326
0.006778606604714
0.0073704653260973
0.0070465235877795
0.0064432160537868
0.0071568634201967
0.008719669508707
0.0078528995350892
0.0070375092043589
0.0076080006875902
0.0062153236536389
0.0061250823917619
0.0064143161221982
0.0051527407707108
0.0052008586526252
0.0047178256345442
0.0043922581428929
0.0064017669782156
0.005226232057696
0.0046034036995142
0.0065972882539997
0.0066474332112157
0.0082749966470301
0.0071067142963892
0.0085305019504416
0.0061773164342375
0.012898183992775
0.013118581595127
0.011339292259303
0.010271113667537
0.014162882556304
0.011696235783958
0.01068582674159
0.015133241781196
0.013235083088166
0.013983606443436
0.012595571390644
0.011761838645026
0.011370088141525
0.010423817336512
0.011626527198837
0.012693056525379
0.013473281351509
0.013927206692728
0.0097626952835213
0.010031053059716
0.010808173044905
0.010764064353399
0.011260727130305
0.011498411342923
0.0086061596637359
0.0080837851189349
0.0096219911344908
0.010399753198312
0.0090578848073636
0.0087019417940293
0.00946830139635
0.0099440672931803
0.0084679482710649
0.009150307155827
0.0086809712147559
0.0094313887424466
0.01001091849847
0.010123018445494
0.0093325298159029
0.0086795518759745
0.0086395700601748
0.0086423302215004
0.0077713602127969
0.007655099637263
0.0081131452975449
0.0093419966913606
0.0075238625596374
0.007569202220153
0.0079056040271292
0.0063454241046496
0.012094598114189
0.011780517286236
0.013664690332616
0.012575345861604
0.013594190512525
0.014056891825281
0.009497550074626
0.010210872343242
0.0091208161446948
0.0082904902395105
0.0083253954100926
0.0074330284366342
0.0076028366117281
0.0079148747836434
0.0074200121047583
0.0062020761623766
0.0061008099612845
0.006296253431778
0.0070164854429726
0.0065682160101132
0.0083114013180456
0.0076073152772735
0.0076592817151198
0.0086333022384757
0.0078610488789128
0.0072471056240591
0.0069647811589689
0.0071386906437293
0.0072798757791448
0.007459940177325
0.008116473115199
0.0087192745010991
0.0086200901875625
0.010681434129619
0.011760777819626
0.0060969273393266
0.010465222619868
0.010495768853828
0.0098957196942493
0.0092574320753204
0.010279023324854
0.013086312751247
0.0090439445834904
0.0084822491475774
0.012115105903816
0.0102098997351
0.01298764938469
0.013728363133987
0.013632165842545
0.014645931983464
0.013462939781175
0.011475203470125
0.0069735007477133
0.0060759006628073
0.0060187113458607
0.0077100659647818
0.0087674568702993
0.0072958662868281
0.014417236683806
0.014716281856834
0.014159237581969
0.013676384601724
0.011312677177649
0.013094694260686
0.01131473242581
0.010956457474487
0.012523893012155
0.011475255465757
0.011577918189024
0.01101400015796
0.011279119924852
0.014248311547994
0.013708078781596
0.014200699077054
0.010589108358797
0.0097127881789634
0.009157259831499
0.007688162665776
0.0090758629707753
0.010842108691151
0.0089836315037973
0.008464726043297
0.0099775386105369
0.010059201762397
0.013054800119053
0.01098334749315
0.0096252462476091
0.0098040003642061
0.01005751847438
0.0096546392661381
0.0087829027009862
0.010219121278304
0.011948042274365
0.0073223828119598
0.007763930269494
0.0079142021433489
0.0062203162462881
0.0066686205058074
0.0061871530640097
0.0089328018455415
0.0081595709792863
0.0084331335263023
0.008525909951696
0.0081641264206233
0.0076192955523941
0.0078044920475589
0.0073925384031149
0.0069033541770943
0.0064039230214421
0.0059890291778718
0.015205443234676
0.014467388210211
0.013928781393224
0.01342719269155
0.013625837206477
0.012269646657993
0.0072352194268972
0.0076612174778578
0.0075447567104374
0.0082894639873787
0.007467848349605
0.0081622804242596
0.0086592997160507
0.0081885256766872
0.0067029943506839
0.0067301157544504
0.0071999605208977
0.012600915633534
0.01254794777365
0.013101813042534
0.011664836151524
0.011514022172709
0.010204135611134
0.010815918520458
0.009394677663275
0.0098461056325034
0.010593832111288
0.010538317266592
0.0097048199059222
0.0090105383595199
0.0082161940130844
0.0091980214186764
0.01056615078066
0.0093708277778834
0.010987833257621
0.0095230915106412
0.0092148756047884
0.0079462580210682
0.0073242535025943
0.0063310109934264
0.0068546169416255
0.0066182790188648
0.0057233231743074
0.006954340478338
0.0080750520684349
0.0075691168190554
0.007153929358029
0.007665275108045
0.0053700638473668
0.0052419773248189
0.0056155500571165
0.0062840152052634
0.0043711978358471
0.0044768354461585
0.004207983401598
0.0046672884729722
0.0040284653419929
0.0058313325429755
0.0053393853644443
0.0044820172062187
0.0060578838009798
0.0059977923015978
0.0074580072815499
0.0063155642740054
0.0091657019957168
0.0078846191473382
0.01186428820296
0.012094514013178
0.010138819778294
0.010550337453114
0.014321303239583
0.012627177216916
0.012827290153762
0.010941841088632
0.011638785924546
0.011323389092424
0.011870442958748
0.010205675014345
0.010408745805111
0.0097525676557782
0.011874880470715
0.013277121475761
0.012205010535798
0.013316433845393
0.0089462661761722
0.010240407541895
0.0091982516611194
0.010686855145042
0.010155015542966
0.010891508418279
0.0073772516875928
0.0073996320168795
0.0089594472907294
0.0093334257189433
0.0082825400402236
0.0080440256922516
0.0088062795315773
0.0085959983218587
0.0090147588173132
0.0074698570473079
0.0077241740363569
0.0078128053216904
0.0081956364070157
0.0082491399810716
0.0092868686274274
0.0096362024375578
0.0096827791247715
0.0083051498217274
0.0079666276679731
0.0081011091138251
0.0078042520873412
0.0075913843231842
0.0069467507292184
0.0066578319128784
0.0068729088388034
0.0079063660635392
0.0063734927257981
0.006562255169526
0.0075808405625499
0.0058781983138982
0.011015906602431
0.012452706386554
0.010758629383658
0.012088229455916
0.012866584099122
0.012466132446693
0.0094944362324724
0.0084493258604976
0.00964425616125
0.0081883455504305
0.0076408300646053
0.0075105469841988
0.0064814720030282
0.0065736620397767
0.0071640371109321
0.0065004714686554
0.0054557633188152
0.0053151376848107
0.0061845617861165
0.0062716426596434
0.0056441532185908
0.0071962274413867
0.0071744976711467
0.0084287849065783
0.0076896053717194
0.0062530755322167
0.0061440021166733
0.0063489910996248
0.0066126883635935
0.0067707077689979
0.0079079831170307
0.0082336319477881
0.012473396658585
0.0053318133572018
0.010041972651738
0.0098038019395421
0.0090192045868844
0.0086137332949152
0.0090884167708871
0.0097662220931262
0.0082351607902588
0.011097566813596
0.011089877778041
0.013018839651654
0.013901677013098
0.012624116819735
0.014339944108906
0.010910622135742
0.006039636009254
0.0053602494633246
0.006628497310178
0.0073674551331531
0.0061465180229533
0.013822470223834
0.012294745293566
0.01063507530182
0.011663831732621
0.010638935989466
0.0097382316631232
0.010953048275742
0.0099300753416146
0.013482446547727
0.0099851163496118
0.0091032348773505
0.0081572111002956
0.0066271836133224
0.0078094814692405
0.01013969022372
0.0082836623692688
0.0075545739515089
0.0092542928608679
0.0099068478127008
0.012053055294986
0.010180557708844
0.008452581938076
0.0085299789142974
0.00915142122574
0.0085152711741101
0.0081447190226702
0.0070513357955538
0.0069682247438242
0.00708203488835
0.0055258596336409
0.0057203930357798
0.0064386822399573
0.0054689802382968
0.0074582442531365
0.0081980191596264
0.0076194196315862
0.0070113750827163
0.0071136355829861
0.0061890391755247
0.0067860432171699
0.0052581374575014
0.0059701159444255
0.01346017930746
0.012963065539398
0.011343492377557
0.0061854868266722
0.0073190767830605
0.007257756432933
0.0080689236330971
0.0074074209591815
0.0056315297709497
0.0056343690461668
0.0062472590802138
0.012236006619259
0.011506453314025
0.011804655608151
0.0099810406366235
0.0090418000354248
0.0096046090015189
0.0099630710648853
0.0096026852646803
0.010834736372785
0.0080943290053224
0.0095579794692071
0.0083724128056615
0.0088947806310861
0.010448368075627
0.0092525091885441
0.0085506415409769
0.007190086609775
0.0068118000909864
0.0056239255502709
0.0061206945750137
0.0058286108990773
0.0066238581666451
0.0052496233915848
0.0062617104082149
0.0078694283715494
0.0075493446308331
0.007435255213514
0.00685936216613
0.0069434160977102
0.006959918944336
0.0075068741166731
0.0052073393643974
0.0051072119563518
0.0066929901635044
0.0055207425926754
0.0044076031056643
0.0039732253445735
0.0041356033415742
0.0039395216781982
0.004207916020993
0.0033620156512203
0.0038402820843385
0.0051985537354343
0.0047036739719858
0.0040748660643946
0.0053492115159742
0.0062080232545161
0.0072951543357713
0.0070657230844002
0.0066251266881363
0.0054363903132201
0.0088393019522942
0.0079730292081864
0.011108830606884
0.010002536977806
0.0099014885033702
0.013322377452268
0.012626186672956
0.012405309036886
0.011865088494197
0.010795307122347
0.010187793661695
0.010544285732985
0.010166251212621
0.010754197019038
0.0095644103507631
0.010704280506092
0.0090367714281594
0.0093835919284666
0.012014269730811
0.011820573523461
0.0087360777905898
0.0082056216560565
0.0094001273983787
0.010127549687552
0.0085237487189393
0.010235346953695
0.0092754275897974
0.0070886292425142
0.006540651807556
0.0082964218213759
0.0068341015740434
0.0080350570114007
0.0065346949122837
0.0072175894444882
0.0076035812467505
0.0073937228691852
0.0081607289010751
0.0078963706298157
0.0085733889142051
0.0087109803160774
0.0077243347629065
0.0077882747439992
0.0074143720697583
0.0071439364648381
0.0071976687082709
0.0070255063009671
0.0058949843402985
0.0058906284296593
0.006199985126947
0.0066059066977146
0.0059403415901795
0.0058878464610152
0.0061449850602753
0.0070597050673749
0.006835645532629
0.0050797546925783
0.005801416909951
0.010826407632335
0.010239748482284
0.011622022139724
0.010164270349227
0.010930026200695
0.01170824564533
0.0085242832208008
0.0095225500870484
0.0079563396921024
0.0086238103594891
0.0078290449516466
0.0073773579404813
0.0075466767267474
0.0067370788148759
0.0072235904540207
0.0067310824853055
0.0058420277552652
0.005879788604992
0.0063099601493421
0.006384062844084
0.0061437900607307
0.0049757650631635
0.0047032219591198
0.0052776493548574
0.0060609404348532
0.0053628551241383
0.0051901906907093
0.0065328470759949
0.0073714863651987
0.0064155294065559
0.0071649657921063
0.005838916991961
0.0062491901060317
0.0055173315488278
0.0057192637050011
0.0059076326962134
0.0066333275738798
0.0071925303637573
0.0077148155370984
0.0047065502706607
0.0091085045303972
0.010922171915866
0.0089961783066701
0.0079579058364469
0.0084262560731713
0.0083200948893928
0.0074778289275903
0.010452107411608
0.010904671525834
0.011963803185321
0.013023605831373
0.01216800257202
0.013392543669577
0.005451699744608
0.0049704115986223
0.0065148138656907
0.0061342790521427
0.0053583851417204
0.012804142476891
0.011317694778819
0.0098498776916918
0.009491555410079
0.0092620572150642
0.0086493871599774
0.0098484382925798
0.008788656830607
0.012811895131399
0.0088843024280923
0.0095169349689673
0.0078907370040788
0.0075156481948756
0.0067152136941709
0.0073308625864926
0.0087683550128135
0.0072931437756615
0.0089626498596802
0.0080431079618337
0.0089265195311825
0.0090621524612822
0.0074522385306964
0.0075680585749914
0.0075747376189781
0.0070816527106647
0.0064950050661914
0.0067293464508968
0.0063651581890914
0.0048953288170291
0.0052703422645663
0.0059872174726287
0.004977980455635
0.0074540825629996
0.0062920426468608
0.0052663328904519
0.0060349656312522
0.0045535799052638
0.005178074403076
0.011958307224217
0.006553664359039
0.0081840628136133
0.0072697626703346
0.0065365217887149
0.0051936892065221
0.0054334118588043
0.0058900403379049
0.010479883828115
0.011107302169828
0.0091799431309669
0.00828251086211
0.0091389061896936
0.0090287398197592
0.0094693852198377
0.0093546454379957
0.0090221917445597
0.010219904028872
0.0076152834051523
0.0078718590752642
0.0086973221092595
0.0078972916166224
0.0079805359653958
0.0085444927107312
0.0096149810282061
0.008844734298538
0.0079592972434935
0.0069363177012589
0.006058614716341
0.0050085548069007
0.0057744656854833
0.0054755099338577
0.0059172560367403
0.0051453906114253
0.0043206614450367
0.0062131398987134
0.0074607151558827
0.0073331987977775
0.0073181921236154
0.0067647431891572
0.0064394698553996
0.0063361369011941
0.0068281548705753
0.0045591275990234
0.0050513669565191
0.005011068259421
0.0061615161705809
0.0056032531889143
0.0039752969563831
0.0040779543620758
0.0034105897476902
0.0036914081906823
0.0040229783642684
0.003231338418904
0.0035371440821861
0.002833421378721
0.0030784763966505
0.0041607398795602
0.0052982261554
0.0046667122835336
0.0057065724868543
0.0069121117367683
0.0059168121076386
0.005067394680451
0.007801918710252
0.0076287264437967
0.0093653796996022
0.0086131236366126
0.012534900957371
0.011704577478534
0.011538700075018
0.010050438110909
0.0091909386311953
0.010525551153795
0.009703821265123
0.0099528899635569
0.010328711088159
0.008943395400425
0.010297698609691
0.0079733594152822
0.0081559678646939
0.011818468371336
0.011294251308827
0.0079448981387706
0.0089220450152169
0.0080706523589644
0.0074940533800184
0.0088930148600283
0.0093807897341895
0.0084034781096832
0.0094623199078282
0.0088573897367433
0.0062990795834154
0.0073095585551318
0.0065397840293036
0.0063200108868079
0.0072882521410849
0.0060711357644484
0.0072382246282706
0.0064342808156509
0.0066409194662312
0.0073597050077437
0.0085699632991537
0.0071627461417356
0.0070895355982899
0.0066307916558702
0.0063574889668227
0.0062240534006834
0.0062769115908681
0.0057370382945292
0.0057082563019555
0.0057475259396167
0.0061510609597417
0.0056428149507687
0.0056013149165466
0.0057742180995027
0.0063426409890515
0.0044018440041771
0.0050891243173272
0.0097011667266259
0.0093963715623368
0.011459797370837
0.0096534998447506
0.010679685366421
0.011583447759069
0.0083160128512823
0.0087938429113161
0.0073752834590893
0.0078128278799419
0.0083879861744928
0.0072147750890289
0.0071281374727172
0.0064462722120317
0.0073128975622322
0.0066886351896746
0.0061506929212191
0.0064618921788934
0.0062439550384699
0.0060938110945929
0.0051624971338379
0.0052197986979739
0.0057096021821107
0.005488135028477
0.0057827009699162
0.005367953880264
0.0060137819543226
0.0045624854899147
0.004075000155739
0.0052010439525148
0.0048292311187173
0.0061490184459291
0.00683718678273
0.0062328393110888
0.0058991790685752
0.0058215734771817
0.0051761211988255
0.0051268837690276
0.0054036799138221
0.0052303805546819
0.0056920550481122
0.0061414619929201
0.006934183308901
0.0069213866364346
0.0079113043932655
0.0046888135444339
0.0092796133616701
0.0081720762228002
0.0076705089410455
0.0072982158979995
0.0079320219248593
0.0077156286339612
0.0091498329676184
0.010296003471691
0.010137498681949
0.011763716301156
0.0042405774435782
0.0060781026495368
0.0051860591728512
0.0087465546701997
0.0084531599547368
0.0077378590819942
0.0079609052528951
0.0079376263448256
0.0082987584441464
0.0060788406805365
0.0064715856228346
0.0071086985745029
0.0082920760752274
0.006306720223401
0.0076161728601573
0.0073293647268574
0.0087814813844533
0.0078146564153876
0.0091605622495935
0.0068320335772628
0.0068527969787546
0.0068991480333071
0.0061709657575349
0.0064115807853959
0.0056902069707008
0.0059308880909145
0.0047311856470152
0.0047449840118902
0.0052799325450306
0.0043731199007118
0.0072575420973094
0.0059380025485328
0.0052639745076214
0.0045130442404427
0.0050047120275452
0.0074784116837909
0.0070894246149961
0.0059007475645734
0.0052150960112043
0.010421952383384
0.010190680914652
0.0084141605310455
0.0078365181587224
0.0086310780300004
0.0085112292586179
0.0088971835163315
0.0092679495403965
0.0087791338343227
0.0085098438192279
0.0089260526096362
0.0093366399354636
0.0074566604111772
0.006800814501334
0.0074737704346305
0.0076328546847285
0.007792850376517
0.0080189007168059
0.0082045366116083
0.006779252832199
0.0056984307042951
0.005355971309333
0.0042480035948595
0.0047213304790342
0.0058846227324564
0.0044952620956417
0.0039372044931922
0.0057329454447125
0.0068426876882044
0.0073622100221747
0.0066279531101538
0.0066458961657012
0.0060970166208108
0.0062021109837583
0.0042656403595455
0.0043905747756181
0.0049641887552271
0.0048642433858033
0.0043986621189036
0.0059737889981161
0.0051805248040891
0.0054009201920459
0.0036146749627427
0.0034057292447037
0.003641283322884
0.0029290634207937
0.0030762747225874
0.0033367924557809
0.004227684812951
0.0028375607826646
0.003645571098708
0.0030871914626197
0.0024545738514527
0.002865383072817
0.0047422974256305
0.0043411521674624
0.0053025516869781
0.0062041619277953
0.006960427346658
0.0052190185389763
0.0045319217536872
0.0072653312534169
0.0074250894958311
0.0079795879917649
0.0084351851271343
0.008122956219983
0.0077984907575996
0.011617633912824
0.010812349470979
0.0091694389424057
0.008676017308336
0.010003349603506
0.0095050793715423
0.0091044294766798
0.0092975377455028
0.0078309499758214
0.0087997281409882
0.0075794360968866
0.0075262134365621
0.011050843611354
0.0080729826015988
0.0074605402764239
0.0074135846851222
0.0070017439014001
0.0086853750631335
0.0077806455450921
0.0091105428031272
0.0054236761287687
0.0066256099984081
0.006084349775058
0.0060027225198372
0.0067644453372963
0.005344323679193
0.0063402577875641
0.0057587305093213
0.0061629158231493
0.006477410523221
0.0077362617891235
0.0068396073920013
0.0064079064725501
0.0069193144238789
0.0064270756383779
0.0057356967878882
0.0055578345108682
0.0055457255421016
0.0049953221497588
0.0046990021275667
0.0049341854154282
0.0055729962707076
0.0045421722292454
0.0053640964878661
0.0049332789154862
0.0047105392198083
0.0060673915809193
0.0054885847152567
0.0039082887499367
0.0044538313977447
0.009548512164793
0.0092844418183566
0.010621341498159
0.0099576834709258
0.008926160129727
0.01069477746414
0.0081015969899038
0.0075973204199155
0.0080882921709959
0.0066285886594777
0.0075837253432755
0.0062089174640933
0.0060458069481862
0.0057425992114912
0.0065184962071227
0.0056516515344898
0.006008034599843
0.0053672686174825
0.0052471310431945
0.0044908684259889
0.0044051486255552
0.0049291048715132
0.0047727696224321
0.0049663854168954
0.0048313938298618
0.0052691856932106
0.0045647125346653
0.0036739460262874
0.003816319157774
0.0045729571211202
0.0042760592849445
0.0056214467840578
0.0062209535920851
0.0068689832550101
0.0055636249172368
0.0053147997371944
0.0058361903260464
0.0051821622118606
0.0044653010228097
0.0044994445598282
0.0046460965374595
0.0054052201093609
0.0047516625918507
0.0050596501780925
0.0057440546985673
0.0068170895092848
0.0068345742216825
0.0073705225169147
0.0038786725596823
0.0086679859993056
0.0075146347271388
0.0070074163244732
0.0074582479740274
0.0076908234321899
0.0080402285831978
0.0092276529630294
0.010251004609955
0.011029689641242
0.0036303325800359
0.0051289162058889
0.004454998759456
0.007747362403778
0.0076856994803199
0.0074607862591684
0.0069102656667451
0.0077414653112665
0.0054314803759938
0.0055838210490886
0.006226449695815
0.0073779932485887
0.0071117233509951
0.0066815881408944
0.0072676760812203
0.0088854615258505
0.007711110168646
0.0073349216090078
0.0093749656066561
0.0086234015607645
0.0059585396636024
0.0057791647001799
0.0067787280662558
0.0059919664613968
0.0054919676074297
0.0055929966141205
0.0051279870809377
0.0053051664391093
0.0038677160617452
0.0040366907742354
0.0047263015165387
0.0048542976953707
0.0050228197000423
0.0043620825176989
0.0037985551413081
0.0052972891597029
0.0044292483278155
0.0050017965111074
0.0075776114699875
0.0067910791323711
0.0063928307486697
0.0053173021806741
0.0043098864143138
0.0094581587584298
0.009313913860482
0.0082228286083299
0.0075768150259042
0.0081115729517344
0.0086824244694246
0.0077260568798212
0.0081315502830113
0.0083770220824691
0.0086325062485722
0.0090608496219022
0.006711330466252
0.0062686532909728
0.006809010393825
0.0069362347721394
0.0069805816041372
0.007661914684322
0.0078124363281792
0.0062280876651984
0.0049082010053213
0.0047784101237147
0.0036246897609485
0.003946804155321
0.005739725896302
0.005410613886669
0.0042897409957898
0.0035250795718278
0.0052594808632839
0.0065613287526547
0.0067418413570951
0.0076405109012519
0.0062607260986408
0.0063764730457692
0.0065082987937986
0.0061821616021083
0.0055250764362925
0.0059071728891846
0.0041818802133368
0.0041404092474163
0.0044280562284824
0.0042513588798268
0.0039461781848223
0.0057904023716788
0.0048298891760349
0.0048443634755565
0.0030652429601815
0.0029206144548712
0.0034784409324069
0.0033693131496296
0.0032175621091264
0.0024473189425733
0.0027849795333177
0.0030513638638846
0.0037337512334237
0.0026872627931634
0.0034574895304485
0.0032973051433939
0.0026082703668747
0.0024965080664204
0.0044549852332355
0.0047410911741528
0.003819960918531
0.0054231259543559
0.0060190601202924
0.0063695545657396
0.0046887089923691
0.0038670945114695
0.0069969820108103
0.0079742127282483
0.0070489636552669
0.0071469497422877
0.010802689837332
0.0087707086409334
0.0086204799259459
0.0079722162881714
0.0093412845928184
0.0087429924738578
0.0085180217354592
0.0092019225007406
0.0083007699341382
0.0072502976719455
0.0074215908811438
0.006980147299817
0.006998346637955
0.0078002113736655
0.0070074244426129
0.0072481642607924
0.0068295332606679
0.0063481033084889
0.0080288198380159
0.0076640864253797
0.0086757526127824
0.0063936770907706
0.0055154167052988
0.0053850771940476
0.0059738395670776
0.0046957863350401
0.0056495294571102
0.0053668214886993
0.0056851976690934
0.0056376120804935
0.0061538221280206
0.0058279826797464
0.0069709715885827
0.0062067799106597
0.0064429330306143
0.0062999814158424
0.0058642806664619
0.0048762475385362
0.004809673887161
0.0042303379509044
0.0041310018007998
0.0045649226848884
0.0048114745519829
0.0041142729474664
0.0047829236809812
0.0044745296420457
0.0043613848468073
0.0052981040658782
0.0048513916297669
0.0036752519174237
0.0085801933060584
0.010245927611244
0.0093175158988002
0.0086358072313563
0.010311107824537
0.007364480004541
0.0070808728609536
0.0064269088841186
0.0068959530960368
0.0076049213350341
0.0058065907878884
0.0058887643905729
0.0056674410105442
0.0051560687770667
0.0063121929817288
0.0048985959725978
0.0052526659119283
0.0057798269572619
0.0049509685298973
0.0047976713048746
0.0039110079705942
0.0038636541980227
0.0044174486615753
0.0047332760468604
0.0045153759739847
0.0044637996654432
0.0041410403776662
0.0046268035810121
0.0039053939867567
0.0032217390611729
0.0033337993525817
0.0038791490207709
0.0043898630220616
0.0040073639523309
0.0036796430321505
0.0050820372323869
0.00590844186538
0.0062751316188736
0.0052578794155392
0.0052595091668138
0.0048422088167011
0.0045089703025493
0.0041939365742736
0.0039086484993922
0.0042081611104442
0.004593991587422
0.0047692153853047
0.0040803260275954
0.0046331602060184
0.0051988353508006
0.0056127498519725
0.0061495243121179
0.0061601731368364
0.0068520729650959
0.0036144288546486
0.0081541470015516
0.0065818878532279
0.0076167072330616
0.0065757733134922
0.0067623579814435
0.0069320801728231
0.007184181660579
0.0074478680350208
0.0082707936216724
0.0031420837764542
0.0038626863717831
0.0064427265759949
0.0061946926686506
0.0061208189875898
0.0068851289338493
0.0051621372500736
0.0057175619835397
0.0056010213491836
0.0051355942224909
0.0058090383018816
0.0071789049649271
0.006171262905465
0.0055956333731318
0.0066665807630186
0.0068298320636809
0.0083391339343828
0.00730154112337
0.0078201252460032
0.0069326118570383
0.0087960192410506
0.0085864108463144
0.0052085523349628
0.0057246618587054
0.0065898386637139
0.0052463807771727
0.0052114096126156
0.0055208498955037
0.0046454041525699
0.0035227160599932
0.0037357571498028
0.0040807566788825
0.0047625444854373
0.0046657967805738
0.0039750843493541
0.0033034783337312
0.0037790366895604
0.0044300696034238
0.0071629061588863
0.006610932282468
0.006024662396293
0.0047258893025396
0.0041495711573805
0.0090606900747301
0.0089514675326686
0.007474449473565
0.0080655984804248
0.0069003186364916
0.0074553353791059
0.00831761082394
0.0076887682807059
0.0080247583383499
0.0062902761950476
0.0064844716288151
0.0063694984966479
0.0063367310014039
0.0066677817016231
0.0073659471854603
0.0048370898864559
0.0039654354395857
0.0029744933003317
0.0051913378098931
0.0050599844586546
0.0037399327022322
0.0040306782730356
0.0029833288791515
0.0048535911767052
0.0054079464465928
0.0061984519350422
0.0064351908364684
0.0073490189350301
0.0065859986658457
0.0059961382438575
0.0060878935676292
0.0060181553400532
0.0051567892042606
0.0059148339186499
0.0035876346305381
0.0044701605071263
0.0039524968892
0.0045098267391515
0.0040305295325689
0.0042613802027222
0.0036842318101706
0.0050814172712786
0.0048236586066841
0.00467738157372
0.0024586293191436
0.0027031070227168
0.0034514271938186
0.0031735899337761
0.0029741187793911
0.0031947391157133
0.0024735626794635
0.0023979199383111
0.0026017212846988
0.0031936911571192
0.002094656540936
0.0031648023446203
0.0027030125166778
0.0025324360811551
0.0019667944612044
0.0042963197283104
0.0039403114708015
0.004437744896172
0.0033565554479361
0.0048758307895089
0.0056776935324872
0.0036343141827228
0.0069672889118492
0.0077006580557154
0.0062180648126863
0.0061362031537074
0.0079877702055095
0.007996000648644
0.0076629558470881
0.0075424001093912
0.0094449523523331
0.0087361233288926
0.0080783718079416
0.0077263969909711
0.0064343935823762
0.0064915304618357
0.0062666735530707
0.0071612177133912
0.0062768365165051
0.0072884077189853
0.0072147732277465
0.0063735919949957
0.0069222424191144
0.0069614858186771
0.0062459673063027
0.0058208020699809
0.0080274920805757
0.0071857106631853
0.007368412405226
0.0056494078539638
0.0049708583955282
0.0046217588537719
0.0043917733140966
0.0053260487470547
0.0046683405156132
0.0049259917393386
0.0058671047077142
0.0049205359635294
0.0052972342144405
0.0052572979551808
0.0056118494238766
0.0057997092060454
0.005768414402538
0.0054327838122322
0.0047597785914085
0.0042300941895337
0.0042120167650467
0.0040907376458644
0.0043222619353081
0.0037819425253877
0.0043799833808943
0.0042466328340065
0.0039141669679719
0.0048504688038276
0.005175399127557
0.0029410805154929
0.008375128872427
0.0082136674319175
0.0071914097316146
0.0066892468193986
0.0066983515886737
0.0069398715405067
0.0053322044905383
0.0055447283136606
0.0052177281290316
0.0050754647224788
0.0046132356517022
0.0058173008621196
0.0045557044479205
0.0048514137872514
0.0048377378150113
0.0051299005628879
0.0056204738720482
0.0045886828080195
0.004150180733521
0.0032621050841272
0.0038187230411235
0.0038532930748194
0.0045561013740399
0.0044665175381733
0.0038049598653993
0.0042863517458949
0.0039536320817422
0.0036037990930275
0.003886583778938
0.0033298842977254
0.0031200170301102
0.0027595217582999
0.0033009423925148
0.0038375419312588
0.003494917054126
0.0053728627629376
0.0062098178062655
0.0051547172275647
0.004748204402723
0.0044109333205263
0.0042720904120011
0.0036058476718679
0.0036346877165974
0.0043431635433445
0.0037919050079086
0.0042021071620081
0.0041094782020668
0.0036661615061491
0.0047434515537808
0.0050610570753046
0.0057646490404286
0.0061109918642379
0.0061069712868443
0.0064481108027672
0.0030159891581919
0.0075314796785804
0.0083539835707704
0.0062781785053102
0.0070028366890703
0.0065151763100035
0.0069255204518724
0.0063855555699874
0.0062407373901344
0.0075011769644823
0.0030466806494817
0.0058730505361011
0.005423439063415
0.0052900419025827
0.0059616138779412
0.0052951438463792
0.0057233529409185
0.0053899334993
0.0051869730772158
0.004291785844188
0.0066053988157741
0.0053665213861545
0.0051353921168831
0.0056259278523826
0.006846521490196
0.0058942145478265
0.0083202317986089
0.0076859914624936
0.0067912314103661
0.0073639794770813
0.0074180170022794
0.0061010561335198
0.0088225652035386
0.0078130077703179
0.004502438972682
0.0050705771643059
0.005368309568481
0.0055877767024093
0.0045146459691113
0.004317875302941
0.0050998520356221
0.003983513471114
0.0046253756395583
0.0034015106739708
0.0029844828128159
0.0032365459172089
0.0040824827044175
0.0042108647010275
0.0034407794324353
0.0036575196362474
0.0037539734833028
0.006107659673944
0.0059156965664272
0.0041454193815654
0.0037949567573341
0.008029028763848
0.0068165406698593
0.0073329417305462
0.0066108380902384
0.0069575675822698
0.0075999871353596
0.0071742375517803
0.0073853300386416
0.0060068000977714
0.0060291222207853
0.0060884828802725
0.0059927565122959
0.006035469064272
0.0061635376756052
0.0042827096529057
0.0036231506664235
0.002497483571826
0.0054498895384301
0.0048596568125204
0.0033030840393791
0.0034893525848798
0.0029199042736066
0.002593217513591
0.0044203704662964
0.0047156351898025
0.0050147887356952
0.0057327581493974
0.0062458872497903
0.0068113119043366
0.0062700710470524
0.0054734550383354
0.0060565930182807
0.0054940120493005
0.0051243338332439
0.0053828010259442
0.0035064956237695
0.0039517159604191
0.0034635973884602
0.0041917088369601
0.0041683543284573
0.0044382648137453
0.0038563770469196
0.0041229459597619
0.0040261176437858
0.0038206159482103
0.0049715358623485
0.0048601311014457
0.0047908441161813
0.0043228012304887
0.0047127918437983
0.0020712686365547
0.0028386325272723
0.0027494803198721
0.0022165674119101
0.0030288536987298
0.0028921419343219
0.0025761494925386
0.0027044271226126
0.002029787817537
0.0019347795122074
0.0026622292217071
0.0021169358942032
0.0030319348665294
0.0017991706604132
0.0032845646842935
0.0026344676642903
0.0023050581799738
0.0022128089239192
0.0018776160812281
0.0044460454297411
0.0037456269050594
0.0035322269833027
0.0039417652985226
0.0032279540657549
0.0046235673521168
0.0048630270484729
0.0053087079569271
0.003416639007521
0.0065754615201003
0.0056580704260501
0.005560468986004
0.0075142901149028
0.0071907966232281
0.0080951626471614
0.0074766038961951
0.0071947936874236
0.0063839367780769
0.0058078314025187
0.0064584055352967
0.0055609055529323
0.0060832347316087
0.0065090429339065
0.0061011853970688
0.0072995521820607
0.0065571956963738
0.0068189854803653
0.006408998273021
0.0064064273223863
0.0064057752592491
0.0058785371601344
0.0061001075325024
0.0054037043079126
0.0064956375967412
0.0067064891409125
0.005443761996523
0.0046327883885635
0.004177541267987
0.0037456059149094
0.004464842773799
0.0040687151488156
0.004569210512308
0.0052249241551785
0.0046826212292437
0.0051009221873289
0.0045518461747871
0.0051967469487929
0.0057365502388919
0.0048649795733835
0.0040970641200272
0.0038685687402403
0.0036064867319335
0.0033630055938245
0.0039172945009541
0.0040035775092824
0.0031015056345281
0.0035948953339196
0.0033584867746419
0.0032925394380786
0.004842160929189
0.0029837629299394
0.0025662292559235
0.0078423253030965
0.0075300543744456
0.006796704458951
0.006075922753088
0.0067138390478353
0.0051018822649888
0.0055528297261958
0.0047764724271119
0.0049279187243539
0.0049396749298892
0.0052672146092628
0.0046651780893262
0.0041326119841793
0.0040736947681675
0.004458745292758
0.0044510533903389
0.0047116968457194
0.0057868126380794
0.0050026982634721
0.0039240714844287
0.0035974407262522
0.0031178520323002
0.0041574768285718
0.0031111179784212
0.0040527044064336
0.0039358501554409
0.0048221447976408
0.0030897262750231
0.0037603413354352
0.0033243901550705
0.0036182577712389
0.0031929020960903
0.0025409325559828
0.0025490499643982
0.0028444872971058
0.0031170957614941
0.0032779161974295
0.00368140605512
0.0032767181792448
0.0048309095170221
0.0046416459152359
0.0043378415235964
0.0040646719926436
0.0036875209203104
0.0030804625648814
0.0030865559597945
0.0039178727062646
0.0032398131319014
0.0038817242371956
0.003723195406647
0.0034232891406448
0.0043507937078904
0.0048551154168499
0.0053443714213262
0.0059710509609041
0.0025977934776063
0.0072544980723464
0.0077443255730195
0.0065855020635416
0.0060272100022985
0.0057713372655825
0.0054828867340532
0.0025060440676899
0.0029167890666774
0.0052968716883681
0.0052396190185377
0.005073487524283
0.0048305045763897
0.0053487040044642
0.0052185904628791
0.0042966933556404
0.0037274935929407
0.0058109080260624
0.0047137826708231
0.0045539305786063
0.0044987891819977
0.0051779656769389
0.0054192073073771
0.0059680333723017
0.0056538266783838
0.0077362733613976
0.0060905030779339
0.0070983468017331
0.0068850214590374
0.0060291824304679
0.0044563763152493
0.0048117687066876
0.0053298985167105
0.0039403550684346
0.0047320724529194
0.0036933665810874
0.0041519349920898
0.0028193004155195
0.002552455692821
0.0033484027628583
0.0026696460046929
0.0039073682422098
0.0038409498458776
0.003101761713313
0.0036509117707592
0.0054225422051285
0.0077595368804588
0.0064052782099179
0.0071919132264897
0.006803547023485
0.0065845030609081
0.0071697800071095
0.0065823249276455
0.0068122060663955
0.0056497235476976
0.0059619994819923
0.0055896916621586
0.0053137693737335
0.0054681564332949
0.005376637688936
0.0030825032853601
0.0021281022201078
0.0051146282617894
0.005339444046935
0.0029591470778425
0.0033957404263219
0.0032287365363954
0.0025250900395008
0.0021966382516642
0.0040726256716902
0.0042892061290604
0.0047822698361343
0.0050634914944585
0.0057865377867423
0.0054159165348791
0.0051912978370163
0.0055373043190116
0.0063198989924156
0.0050360529607771
0.0053756645856756
0.003267853744758
0.0034052813190084
0.0037442234138604
0.0038059887691539
0.0039687489405528
0.0033285678967548
0.0039234017285389
0.0033396338592944
0.0047394072171428
0.0048235331665102
0.0042957573729708
0.0042391373203352
0.0020058972379186
0.0018077720886557
0.0028829178070331
0.0026154805634925
0.0023908100397647
0.0020545922999516
0.0022736933526475
0.0025627181099917
0.0031012074599711
0.0027065385717237
0.0023210693740199
0.0016456576290975
0.0022560573061362
0.002042278039646
0.002605087121811
0.0017536068462045
0.0028403249217727
0.0025013676116403
0.0021373317889222
0.0018490691290775
0.0015480674266791
0.0041109079944848
0.0035421955639473
0.0036761510371563
0.0032124093616292
0.004045413011887
0.0027093319401116
0.0046052625257296
0.002922997876725
0.0049735363062617
0.0048936937015058
0.0069632486808825
0.0057006436125876
0.0051630072284848
0.0054795709569413
0.0057236528383309
0.0051730903192794
0.0049770430652372
0.0054755317722114
0.0056440794346258
0.0062137530242098
0.0056472880598732
0.0055968210199527
0.0065199557943767
0.005959091697739
0.0064929864968804
0.0060484259678421
0.0059246972507838
0.0061666892856127
0.006167020887938
0.0054750070478503
0.0057305593650788
0.0058644148305024
0.0048234647050638
0.0064135946721732
0.0050861046515189
0.0040923243703505
0.0032501778722172
0.0039092082750184
0.0037666952641503
0.0044379469106921
0.004890161485467
0.0041398416787219
0.0043232908330309
0.0039819689179033
0.0046387444889969
0.0052728688432545
0.0057461064280926
0.0046619184002167
0.0040424612214424
0.0036286563786305
0.0033842296251469
0.0032922570363564
0.0039614109863097
0.0036017783572717
0.0027620773490261
0.0031667840278786
0.0030696927701146
0.0030532467070468
0.0043447712669714
0.0047366793264831
0.0028617714859871
0.0023975402737667
0.0074426762177763
0.0074180783720414
0.0072648571039068
0.00704341638165
0.006165867008852
0.0058619749115858
0.0057704430523597
0.0068614623509217
0.0062249557713367
0.0051339445608939
0.0043571926622719
0.0050981664504061
0.0054259564872377
0.0042723609053254
0.0046957834105105
0.0046421232336164
0.0042017565404347
0.0049678815835604
0.0042394942275702
0.0039881838792362
0.0036850931289853
0.0039198065735531
0.0039194645391818
0.0043817072252617
0.0051999809022129
0.0047752393003256
0.0035753858477718
0.0036532054740896
0.0027729961767886
0.0035917510623018
0.0030282447928589
0.0036854714665436
0.0038598579471493
0.0037613917808862
0.0044672020948619
0.0029611705629767
0.0033019150594815
0.0032768603936968
0.0027826777950482
0.0033632745623591
0.0026806097201616
0.0023810280747968
0.0023038395231012
0.0026956946441302
0.0030551859338583
0.0028969142163502
0.0035181336617848
0.0032220722911678
0.0045951088866049
0.0041063813108624
0.0039214297457208
0.0031117337323109
0.0028606711776662
0.0026446414669533
0.0035094410552533
0.003053537837789
0.0031161881641524
0.0037527156683389
0.0034444826067007
0.0038149510954563
0.0033912505434823
0.0028695073215641
0.0041498120123556
0.0043485716182261
0.0049948969076587
0.0054579797077376
0.0024098802205246
0.0058345460197298
0.005567427445819
0.0048645392721068
0.0052936180862181
0.0024726280825798
0.0024277477642428
0.0045649832738333
0.004467740791242
0.0051948872226593
0.004306595921027
0.0049305294594794
0.0042444298289499
0.0047594285647326
0.0053849409433928
0.0046292697082266
0.0035453682460958
0.0056354378298288
0.0037683776503494
0.0046562822178749
0.0044799758335
0.0037417634966339
0.0049585458874443
0.0051333551379936
0.0050773281279875
0.0061161390089045
0.0056200892053553
0.0053490627623309
0.006518491068919
0.0060390376691235
0.0036752583477241
0.0041778449401143
0.0048671681266688
0.0034836603086418
0.0042403414030176
0.0037710754856533
0.0031386460963157
0.0034913584829192
0.0040687463476123
0.0026121177435563
0.0021564742547846
0.0030120917032312
0.0025339564809694
0.0036344673468478
0.0029392451810816
0.0032777974646722
0.0051715485707513
0.0071643170762501
0.0060072238149281
0.0067122574614725
0.0062402873575118
0.0066473409273273
0.0062899262690642
0.0065013283482435
0.0052004410280958
0.0054353698017746
0.0053430839881424
0.0050957264236424
0.0048933332595862
0.0051134428080949
0.0050266876057339
0.0050003302470432
0.0025037916617415
0.0030181928217853
0.0029886134963102
0.0029606789036306
0.0022024627833465
0.001758553957299
0.0036789885353168
0.004074549811818
0.004362731886117
0.0049286290599403
0.0055177945131073
0.0050990474936997
0.0050150274643424
0.0055053907389628
0.0060164728338116
0.0045851367112563
0.0028225400779334
0.0030740118588753
0.003665774638283
0.003252201559326
0.0039624923399341
0.0030430886194245
0.0039374062637227
0.0034779681222311
0.0042513922827908
0.0043284751942235
0.0040223160019689
0.0040387065578423
0.0040256483472833
0.0016232492370096
0.0017089708843045
0.0025320752913444
0.0024856745838782
0.0023109816413944
0.0017604508472408
0.001990989154844
0.0021467179213309
0.0021144812650698
0.0025675262189825
0.002807220061705
0.0023461243345369
0.0019652172009273
0.0016352779328416
0.0013493541253474
0.002580489714136
0.0023059295611979
0.0017100030363589
0.0022176368321948
0.0017367387053513
0.0012058006874171
0.0039809464176034
0.0033427151050328
0.0035712102807987
0.0035596204315312
0.0026616556771521
0.0033099543780277
0.0036778294062197
0.0024508440828913
0.0041436195155427
0.004269201616527
0.004105423071219
0.0064121866033229
0.0053066997165924
0.0053708196011403
0.0045265184615195
0.0047954019276387
0.0045531963268291
0.0044168707595854
0.0050745873621244
0.0056973634577919
0.0063658713836594
0.0052604060297868
0.0061377722794474
0.0054045917864938
0.0056325243761139
0.0059645035633845
0.004970542503838
0.0052116885540941
0.0053576300129553
0.0046078343548766
0.0049859575156143
0.0036351356409383
0.0029914163289951
0.003654055780711
0.003156564917552
0.0038722645743527
0.0041490472455858
0.0037003530593088
0.0036414267147109
0.003572474506595
0.0040597508447668
0.0049929277936246
0.0052358110760771
0.0043256909349973
0.0042922928449487
0.0035991608467927
0.0032602890080509
0.0028930504670919
0.0031676275495395
0.002807791323655
0.0030663969266483
0.0033945941259448
0.0032724802639048
0.0032317685491443
0.0024898059803738
0.002935526231872
0.0028611527692536
0.0032410750013445
0.0026088784567065
0.0040247828163297
0.0042729404443989
0.002638892064056
0.0019148698094373
0.0065510036943377
0.005598059936053
0.0054873168006295
0.0063839028758435
0.0058687540619886
0.0052082095373032
0.0045060871357536
0.0040961332283988
0.0048188961646971
0.0049284035333036
0.0040196137247068
0.003976895084248
0.0043083183579495
0.0045752915098988
0.0045016311525942
0.0041935828881097
0.0038518766850812
0.0044301818714684
0.0037967123365372
0.0034833385940194
0.0033007773112866
0.0034043612054749
0.0038408697878203
0.0043610928050491
0.0050665857237308
0.0033606005883136
0.0027113047267645
0.0034663630223306
0.0025259047956639
0.0029076984744419
0.0034847129177283
0.0031408867724711
0.0034758797068043
0.0039365700136359
0.0033319611319994
0.0026508189127488
0.0027976810987381
0.002515556785602
0.0028677462656768
0.0035715584929726
0.0020005373346291
0.0022804727279029
0.0018449161580615
0.0020551029400713
0.0025794084979355
0.0026343994220983
0.0030499211118406
0.0029124134295994
0.0041760975887813
0.0038975865041503
0.0035002637449213
0.0029943349154718
0.0024037714366639
0.0028245765367881
0.0024391123955132
0.0026783412744062
0.0029374689569704
0.0033355042141372
0.0036547629389163
0.0034485558267525
0.0028295146682018
0.0026203238435625
0.0041747847317052
0.0045058777663189
0.0019735146198404
0.0056843981240561
0.0043990678090846
0.0023031366849323
0.0020543515253733
0.0022952053062048
0.0041430233559977
0.0039054020348384
0.0042369062927444
0.0036639820732171
0.0043141199208893
0.0040291902372586
0.0042348339175819
0.004792033865321
0.0043350273825031
0.0029871729965191
0.0036756751784829
0.0041068617612247
0.0039067762270683
0.0035841672253561
0.0042652437232302
0.0045967473814242
0.0045434848166598
0.0059318255495873
0.0049726442885887
0.0048307486509053
0.0057333536489095
0.0037589361370169
0.0035080367925915
0.0041930602764964
0.0029284426717341
0.0039988560320191
0.0037071055028238
0.0027315037398956
0.0029855749961603
0.0036204934059702
0.0024418645454278
0.0021990774755221
0.0027165417803368
0.0032354435647895
0.0021077054920245
0.0025240661125464
0.0048753473447746
0.0065239446561389
0.0063097650295214
0.0055965588943637
0.0056862824828239
0.0062554876758995
0.0059686031829023
0.0050139979338426
0.0048106740232362
0.0045494242661552
0.0045121016983415
0.004616221873462
0.004889738543353
0.0044586824834599
0.0021783388381204
0.0024369118133309
0.0026800005892262
0.0031873738448416
0.0025725329219518
0.0017941711730694
0.0035821565739788
0.0032067445402221
0.0037424950990232
0.0038790052519355
0.0041558511543201
0.0045028000562223
0.0051755235410525
0.0046551619227886
0.0044466252377094
0.0052774105565946
0.0051538345070317
0.0041316983791333
0.0043822064454523
0.0026257702376141
0.002796127933797
0.0036968235863671
0.003180425246493
0.0036187759927139
0.0029212877249941
0.0034925377197886
0.0044000951647137
0.0041514000014397
0.0038418313115331
0.0039076862171962
0.0039295226054768
0.0012492769918835
0.0012714422642656
0.0024980408607215
0.0023396893612384
0.0015238519866088
0.0017238041327534
0.0019581135221562
0.0018670080483788
0.0022045564914024
0.0026392724244278
0.0020245479165118
0.0016460631601597
0.0014405414841098
0.0014781224388337
0.0011370958548688
0.0013802587068681
0.0018381889246828
0.0018044773586832
0.0013497019210583
0.001141019761783
0.0038728705548324
0.0028608312132721
0.0034242298927034
0.0032360855661177
0.0031997280362103
0.0024422154286617
0.0029908478347631
0.0037436507944863
0.002189110228211
0.0040548820299732
0.004107122836681
0.0037977982412013
0.0037391353444065
0.0046383917543246
0.0046680862490625
0.0055443817359132
0.0047480495656201
0.0043268321669155
0.0046577065884676
0.0040680418857726
0.0038487845977564
0.0048942651351473
0.0052627723382604
0.005980878036438
0.0050652371436
0.005891726462162
0.0056029617230833
0.0053906345348294
0.0049622566789396
0.0051409511415549
0.0053788619941745
0.0043180942322515
0.0041399156124754
0.0044728029499318
0.0024569344652242
0.0030014731967516
0.0026746282505918
0.0032201816582994
0.0037043880307658
0.0037038783516074
0.003467051702394
0.0034689355807033
0.0031042719931298
0.0038636060968419
0.0044842549576563
0.003978038272803
0.0036851231165508
0.0031844358307874
0.0027750479345493
0.0027481863236104
0.0026562041342383
0.0034941283114119
0.0031483846746926
0.0028624842116882
0.0027933416153205
0.0019798936767481
0.0024939899065507
0.0023533903508395
0.0022670582409513
0.0028041583553152
0.0022013116992402
0.0019103363135924
0.0016485756333005
0.0050284445941489
0.0049801956833768
0.0061376215104077
0.0061462175555176
0.005702746528212
0.0047279749354381
0.0044202401889006
0.004500287451841
0.0038011523042912
0.0044085062501278
0.0050881764968387
0.0037005151308383
0.0035538850801852
0.0039241700340216
0.0041876529729985
0.0039583745768935
0.0037375329205836
0.0039793860283118
0.0034533851962025
0.0044837302515601
0.0034980391228133
0.0032721849377694
0.0030457903715269
0.003236191913054
0.0035899225332214
0.0038977473236587
0.0044178222763053
0.0028358056763344
0.0021885344508004
0.0029474911077993
0.0023539748829692
0.0025041615028667
0.0025430737295802
0.0028444019475029
0.0027297340002774
0.0037141851932462
0.0030288900056905
0.0035024990258108
0.0038540957867906
0.002908563078824
0.0021798517099597
0.0025597026661443
0.0026326238773327
0.0023130887521937
0.0028559882236387
0.0032122006345244
0.0016909977762362
0.002398303505484
0.0018524166276467
0.0017301008652761
0.0019369072486165
0.0024995516888043
0.0023187283863678
0.0026966553129957
0.0030527182070205
0.002846509380916
0.0034763839584119
0.0031610204354447
0.0024885330333855
0.0019843601833907
0.0024125536880126
0.0019432636964081
0.0023500747231552
0.0024779181099981
0.003350454717069
0.003044104159089
0.0026560495164308
0.0025033918371706
0.0038120214414595
0.0016611010524515
0.0038506126691834
0.0022197031180892
0.0017491113074549
0.0018811037522571
0.0037436246239561
0.0036553512010385
0.0040691443700207
0.0034799092865031
0.00400004457682
0.0036721086043252
0.0038563162573764
0.0046448619483462
0.0044825522868499
0.0035159238786644
0.0031309211737564
0.0037141425516324
0.0033824848070008
0.0030218871139366
0.0042008744465584
0.0042827054596509
0.004223561618279
0.0047724932492498
0.0049687756255216
0.0045986358799667
0.0044467914696352
0.0051523872544075
0.0035432705158545
0.0029887479352489
0.0027524051711901
0.0036822913640656
0.0025431672639427
0.0029566479288371
0.0027558067870089
0.0030935367604972
0.0020706579588182
0.0017832535985967
0.0024079400686066
0.0020662786753045
0.0018960024980586
0.0051444101793342
0.0056456038443799
0.0053183031825254
0.0056117304482676
0.0046408421862108
0.0047382475326391
0.0044819579467073
0.0042773343093919
0.0040498498616964
0.0044144244139219
0.0043885507428231
0.0042741029452706
0.0043604061628911
0.0018136608286097
0.0021090921035712
0.0025356467514488
0.0029397001661448
0.0025105728673551
0.0015426184552261
0.0031264341393417
0.0037732880842808
0.0033026913611412
0.003408707467456
0.0039469336584301
0.0042960290559319
0.0044331422311415
0.00493551328481
0.0039315146526028
0.0039359352203139
0.0022629963228451
0.0026535384043868
0.0032107313487814
0.0031155708589406
0.0028549011485551
0.0031891366960863
0.0032228424472606
0.0026395299701722
0.0041892779835702
0.0041237377747545
0.0034246412068782
0.0034938375016796
0.0034143999088929
0.0010699652808885
0.0011416258899866
0.0021976507951402
0.0020573200952517
0.001523791010863
0.0012257768437161
0.0017299681979429
0.001630949407183
0.0019791809166801
0.00146429130241
0.0018959517935448
0.0023192950587786
0.0019591160903118
0.0022312835875728
0.0026193746599445
0.0016448857040077
0.0021033257547631
0.0011552788828828
0.0013029938493617
0.0013214159096644
0.0011019405803448
0.0012329344063926
0.0016234190464795
0.001717616173251
0.0016543156905797
0.0008056697155681
0.0011051860912198
0.0033793818802975
0.0027218639633856
0.0030562932612604
0.0029696123717566
0.0021922584710025
0.0026390866995856
0.0029788583295889
0.0036694183725138
0.0018102466920928
0.0039940317441723
0.0035721358922033
0.0034032868373573
0.003205944129992
0.0043251331827263
0.0043977590776827
0.0045721326754165
0.0041198176852692
0.0041706201799736
0.0036871749589886
0.0034420139166974
0.0043795082071687
0.0048445069259703
0.0054034951168072
0.005364086817918
0.0049502693472909
0.0051470870288517
0.0044232498778335
0.0039101736478512
0.0020615301989981
0.0025537989421868
0.0024586671931558
0.0027535939270789
0.0033357407250161
0.0035011672759302
0.0031807163401244
0.0029396818160576
0.0029392901009714
0.0027627576257314
0.0034484196910452
0.0040791243863489
0.003278800239406
0.0028024811368306
0.0025179384595428
0.0024759792403277
0.0023787953216001
0.0025472444934874
0.0025282061390463
0.0021747425351153
0.0032936682798697
0.0027652511681477
0.0026427592149241
0.0025593806620547
0.0025570629071352
0.0025158534320979
0.0020516196696902
0.002075997150781
0.0021008958983428
0.0018849406652236
0.0016447391781017
0.0015796926381067
0.0048705416620011
0.0051906287002449
0.004047023773598
0.0042071401392368
0.0042527453637681
0.0033854176259622
0.0040627801609874
0.0048498504072475
0.0034000540090959
0.0034890493740838
0.0038972571462865
0.0038347180232648
0.003644998569983
0.0036112822226966
0.0040328251196067
0.0030124831756733
0.0033045602179982
0.0034227506566391
0.0029632020254984
0.0029874144969428
0.0027650392932247
0.0028542913402456
0.0032540081806089
0.0037136137657167
0.0040757001554872
0.0019910803418631
0.0022203832239181
0.0028146932763463
0.0022386583887818
0.0020050996530615
0.0023128398007321
0.0027107114032478
0.0025508235566907
0.0025768010993996
0.0032097865613561
0.0026814271440517
0.0031802673045306
0.0033779057026957
0.0026838902291486
0.0021244658837432
0.0023348173926516
0.0023871891907766
0.00197606411119
0.0026590171328358
0.0026665232997894
0.0014252325768039
0.0020330561575097
0.0017410758794064
0.0015791275778848
0.0017380372155636
0.0015935377061087
0.0022008550660328
0.0022160226445278
0.0024209115957177
0.0027677830283653
0.002449600041141
0.003024250790495
0.0026762508825501
0.0020838654982357
0.0017509581384927
0.0022750767993791
0.0019250157217042
0.0023374063731714
0.0034070259956728
0.0029943696229172
0.0028277764918194
0.0021187293481364
0.0037836649504734
0.0014151155197023
0.0018200049432872
0.0016200355932954
0.0017350164898215
0.003086625158124
0.0037765320590616
0.0031522837496147
0.0029384978779122
0.0039863532018547
0.0032413325757744
0.0043663470181203
0.0030270945797736
0.0036820164909092
0.00309005506372
0.0029260399806332
0.003692492591543
0.0042096978993097
0.0037669326894993
0.0039972661308608
0.0044195385998721
0.0046779042401459
0.0043234653183218
0.0050434523839778
0.0030450480863265
0.0027923346734144
0.0023408228098795
0.0032536860787147
0.0021977697914855
0.0025634935184743
0.0024398770215936
0.0029074156266799
0.0017913239333066
0.0016261240211655
0.0022408760192702
0.0017385989824293
0.0016720947073542
0.0016129935050927
0.0048863358463499
0.0052542218676476
0.0049506653155999
0.0042945428677653
0.0044217276221793
0.0042358704226422
0.0041520713400365
0.0038905640948001
0.0036869264719505
0.0038747123859724
0.0040437105478341
0.0018132956382054
0.0020202449717388
0.0026712089297415
0.0022062000949061
0.0029919495744405
0.0022223833448192
0.0012325647813154
0.0028513858210352
0.0034614188197746
0.0031113507942462
0.0031914115384804
0.0034590064092155
0.0040972657886027
0.0042148993250661
0.0035332964195143
0.0035350645972019
0.0023970168050843
0.0018625380382355
0.0023613535679195
0.0026859347552501
0.0029088311077706
0.0032061675061628
0.0027779420708516
0.0027991022638922
0.0028738346355099
0.0031585409799809
0.0025330952693903
0.0037395286522017
0.0037107559251229
0.0032497282941628
0.0032401074732287
0.0032387942147909
0.0010429914146921
0.0008459263945958
0.0020026564633138
0.0019966770713496
0.0012108570809242
0.0015642481682198
0.00097370133949956
0.001700480581787
0.0013490571783458
0.0016564261956716
0.0020064248913108
0.0013174079877955
0.0015394226657792
0.002012638899576
0.0022215522688554
0.0015550851278392
0.0020797046828899
0.0021276601943814
0.0027116088057433
0.0023307242937691
0.0013914489438164
0.0015623381379036
0.0021815262254991
0.0018022932003543
0.00086609081320406
0.00094730881152549
0.0014161701167077
0.0014157357424421
0.0009533255934074
0.0007642481879295
0.00086914843811404
0.0014992243184708
0.0015552219496127
0.0005962187601923
0.00075165612583996
0.0032369559840359
0.0032283191160899
0.0024998666995747
0.0026072501987272
0.002984756424118
0.0023876471201119
0.0018513163899056
0.0024660669799611
0.0026297008847925
0.0015864415980205
0.0039317475276686
0.0034887888211485
0.003089076883022
0.0029411586335057
0.004085332573281
0.0043731297402001
0.0042388259247161
0.0035826428978019
0.0039461440010296
0.0032312144087635
0.0030673760312896
0.0030573309428706
0.0041109959603583
0.0049448057178747
0.0044206250255934
0.0047938182291426
0.0040878548275994
0.0036429106588682
0.0035014573990556
0.0018951655947098
0.0023744678055152
0.0020351262793349
0.0025126332878415
0.0026850127950811
0.0029608665246169
0.002959174117886
0.0027220730593994
0.0026838602413321
0.00243350018709
0.0025314666508047
0.0024010882009415
0.0029813495578241
0.0038662299833705
0.0030372690206869
0.0026462331490949
0.0025454353746378
0.0021667519447406
0.0022252313041951
0.0020997631543636
0.0029747459366843
0.0024245603552904
0.0022740651985902
0.0022557455155751
0.0022106501781524
0.0021398627283321
0.0017784379406055
0.0020405217804191
0.0016606609659227
0.00153255858993
0.0015786246196627
0.0012741231165815
0.0044273589525793
0.003648729731787
0.0037252561562879
0.0044263970103784
0.0037596165814365
0.0032593708854245
0.0030489779715238
0.0036786678261387
0.0030764003731142
0.0032953132294413
0.0031478672609867
0.0034420350659142
0.0035750099204239
0.0036881367375847
0.0032295706468481
0.003791687279931
0.0028820303833961
0.0027789794982189
0.0029747941802407
0.0026781067828279
0.0029234268188765
0.0024192680418548
0.0025402859152597
0.0033149988410497
0.0029000514536948
0.0015955919351471
0.0019986147252002
0.0024691655053573
0.0017801621118277
0.0016485087504616
0.00188355262641
0.0024712536162443
0.0023773050242409
0.0022538110844645
0.0030243537043844
0.0024979466801237
0.0027750741861344
0.003067471235727
0.0034931927167643
0.0024345668124508
0.0020393883563053
0.0018389524403901
0.0019399191664625
0.0024512212280931
0.0019918986740718
0.0017096796450133
0.0024083626829275
0.0024307387135679
0.0014490051757233
0.0018579467123767
0.0017942757312924
0.0012289471489918
0.0014982416306981
0.0019908884866388
0.0019151376080507
0.0019890824764872
0.0020419974045714
0.0024894577916698
0.0025774491071638
0.0024014412911388
0.0025711481503639
0.0019721144047085
0.0017675364850785
0.0017287828850927
0.0024147783615137
0.0020185607589819
0.003137684975994
0.002893666955177
0.002764761543366
0.0021062460956116
0.0033668129312478
0.0014594139747462
0.0012442640537374
0.0015638572955872
0.002934221952744
0.0032362907646027
0.0024392463698812
0.003491288394174
0.0030326826736076
0.0038961831006417
0.0025376231066445
0.0029150924532193
0.0032577944974722
0.0029054687637413
0.0027282337711911
0.0025870877460886
0.0033683319790338
0.0037125180596584
0.003457460122104
0.0034008587811501
0.0040067312478166
0.0041491822888405
0.0039103090281078
0.0023904659038712
0.0024921685474781
0.0019725058106914
0.0020760461215634
0.002016205591038
0.0016026899211201
0.0012272996768688
0.0018630244500751
0.0013228864229631
0.0017672623693062
0.0013150021932561
0.004442001888736
0.0045412817068625
0.0038488956863429
0.003735954190217
0.0036500581940046
0.0035291010419554
0.0034679106898975
0.0033758130557831
0.0036431610529684
0.0017151818846446
0.001909957280523
0.001834060926367
0.0023290083063192
0.002739127065081
0.0022033775459954
0.0032131442455132
0.0028149339030803
0.0029634158468768
0.0033452416923224
0.0036812108856599
0.0037608516246726
0.0035052513062737
0.0020786413951595
0.0016220056675883
0.0021965664044322
0.0024140180564843
0.0029111543993701
0.0031461400838506
0.0027307366624517
0.0028169596142231
0.0029663499347319
0.003169432546577
0.0024999106715026
0.0029239775761794
0.0030777705447732
0.0030895356818486
0.0011074147579616
0.00076132546914166
0.00065955254794478
0.002014577144955
0.0017124123692707
0.00097027948322378
0.0012309201784703
0.0008786056925826
0.0014910741586733
0.0011902463624756
0.0014433145116461
0.0018580188868858
0.0011250427420809
0.0014187202924308
0.0018446354209007
0.0020391010433772
0.0013432191535433
0.00182848899368
0.0019760016985409
0.0024204198633206
0.0022080187706043
0.001235167836164
0.0013334425595128
0.0018896597000812
0.0017111020041926
0.00071858518497466
0.00078180584638015
0.00084241958656836
0.0012270352533675
0.0015846632672838
0.0011070348391439
0.00087223637651633
0.00060584341731981
0.00078516480198463
0.0011161321666176
0.0011665154557067
0.00047451464973495
0.00072553490406203
0.0030410191095646
0.0021566004877306
0.0023315240289827
0.002602440781652
0.0020767593532436
0.001805764132071
0.0021734998618049
0.0027528568943372
0.0013000263718634
0.0033984944690168
0.0032564183534685
0.0031778106326051
0.0026946923426704
0.0028306425624911
0.003619300486986
0.0040289829129446
0.0038896455303415
0.0033663385082181
0.0033786019708909
0.0033649650649537
0.0031315421259553
0.0027764853488095
0.0026185392652681
0.0029768538980435
0.0025744012839634
0.0038953333032356
0.0045188124482632
0.004171136234707
0.0043087636425864
0.0038955417093828
0.0032399913937449
0.0036933617535168
0.0015396555735742
0.0019630936619508
0.0024580812616979
0.0019481694070381
0.0016793679469485
0.0021631734468337
0.0024650724931748
0.0027459682346367
0.0027390723276547
0.0024123259440723
0.0025092803286445
0.0021112331636691
0.0019962983215532
0.0024017375316379
0.0029823744235026
0.002752252643556
0.0033028258807301
0.0024634798084795
0.002269603857355
0.0017717266845489
0.0017965272562025
0.0017412323023743
0.0026418072960032
0.0024171922116238
0.0023339626992301
0.0021657914269994
0.002020357179146
0.0021631632789722
0.0019654743546744
0.0018654312701216
0.0014719938910323
0.0016458096764189
0.0015360894348047
0.0014419128630195
0.0012932153678156
0.0010422765228514
0.0040677129835516
0.0035256325403757
0.0034193990960359
0.0036412871006913
0.0039637365600574
0.0035855040510879
0.0031912365238153
0.002917706727868
0.0027912298812126
0.0028324956087138
0.0028395784101454
0.0029534146684132
0.0031081790747092
0.0032704349631895
0.0033008650003802
0.0028328599897941
0.0033638762690027
0.0025542237172398
0.002391587571692
0.0028625232002109
0.0026293174136453
0.0023004341611464
0.0030717810565364
0.0026243153210644
0.0013116249190456
0.0016760981508734
0.0020841868753424
0.0020804665861868
0.0015787261589027
0.001701928367145
0.0015247243389059
0.0020518311086127
0.0019744210714798
0.0019791393781573
0.0026638427351612
0.0021278592143327
0.0024743173677232
0.0025613254244639
0.0032001028543298
0.0032728415546648
0.002320338659994
0.0020536223383621
0.0016632223820215
0.001510185055894
0.0017850080518636
0.0021011795250088
0.0018619524620724
0.0021337125370438
0.0023369040070403
0.0025414252660496
0.0010755570745684
0.0014910074289689
0.0017623452872654
0.00159635715527
0.0011585279518664
0.0013694433982908
0.0012707015745955
0.0018719429046791
0.0017229583456585
0.0019169551942248
0.0017183576056616
0.0021173791440599
0.0019137232162187
0.0021331267314115
0.0022100675933042
0.0022401104172834
0.0016431566843902
0.0014028716448618
0.0014362691432602
0.0021093914815276
0.0018796698854943
0.0030032335591337
0.0028233594609345
0.0024215241934218
0.0019332779413807
0.0020365975730353
0.0011436033594414
0.0010004994271308
0.0016268565264844
0.0012785551888605
0.0024752556521261
0.0031856204983348
0.0035852521953458
0.0026359081444055
0.002358859653802
0.002548760774832
0.0030018217166707
0.0024137953125772
0.0024045688616549
0.0023817539159557
0.002912954114986
0.0036803923615079
0.0031251677850086
0.0031691332101132
0.0038450622901595
0.0021733694175714
0.0018309474980844
0.001786762370379
0.0017315446372574
0.0013155370917043
0.00096895723760826
0.0012702499594485
0.0014893351855096
0.0012030031750849
0.0040504330323899
0.0036328921237375
0.0035170350788103
0.0035033826489002
0.0032605239721418
0.0034363546706691
0.0030381530596294
0.0030215513779734
0.0014235167186163
0.0015809416322181
0.0019614579002241
0.0015356793504707
0.0021926070847146
0.002253753000728
0.0023847062453952
0.0025233972088469
0.0026039746730879
0.0033860836579476
0.0019727278652127
0.0017164561349734
0.0013226294954851
0.0013879146498174
0.002152966135703
0.0020774663175861
0.0022657388123459
0.0026015885429285
0.0027819661569007
0.0025335268740306
0.0027203688719231
0.0027931061941525
0.0022058005732743
0.0026821844487464
0.0027213486592313
0.00084623205179653
0.00066747188110142
0.00048186142727122
0.0017790879468958
0.0014993563207482
0.00080374980837274
0.0011761813855394
0.0011666591260609
0.00067431892456129
0.00086580508867969
0.0013362942369113
0.0012302018909832
0.00090457444251273
0.0014499451724411
0.0016273343455543
0.00088395598718526
0.0012152779534108
0.0012620066308281
0.0015844099205545
0.0019133815495485
0.001845351567277
0.001180493299118
0.0015122988083107
0.00203217606945
0.00175006039473
0.0022891866227128
0.0021283389804662
0.00094517864870518
0.0013214225211324
0.0014512771406586
0.0017520873093909
0.00067102470273472
0.00070550958997182
0.00071535763012262
0.00097467313449626
0.0011689815965001
0.0013225050067161
0.0010238088595127
0.00075408648138743
0.00059723267877073
0.00098668162125111
0.0011768959915299
0.00051687124075432
0.000624955543275
0.0027089457374797
0.0021815365527735
0.0017712409724749
0.002036188828836
0.0022881888373139
0.0025081190536127
0.002457339404132
0.0015817199125356
0.0021762084041495
0.0025659232613949
0.0029571104551575
0.0022789062904257
0.0024328389136268
0.0032991893908369
0.0035710650472071
0.0034541171415511
0.0031678271516228
0.0029916938915023
0.003012752469214
0.0032287682806521
0.0027608423388131
0.0029945736725547
0.0025051074587908
0.0025386373282592
0.002427231385051
0.0021628940657289
0.0036035469375948
0.0038579975528903
0.0033946850868519
0.0037935801993572
0.0029546249713234
0.0033956281678815
0.0012555334785069
0.0016789067423641
0.0020424103454644
0.0016100167900087
0.0016123983593672
0.0019224456124732
0.0020618485107573
0.0019942325134466
0.0021118141469641
0.0018650854855403
0.0017693918062304
0.0019962689044175
0.0027714533844989
0.002389708422283
0.0030912848598205
0.0022958386344592
0.0019177213810206
0.001557048806951
0.001681459935105
0.00221119281586
0.0022306023598524
0.0019937298586932
0.0022308992527117
0.0020521996535621
0.0018580122888731
0.0018456521302756
0.0017924461010056
0.0018651760094874
0.0016309199545345
0.0013593545316544
0.0011610210271727
0.0010006547939488
0.0030970081231476
0.0035296712446193
0.0031102846530632
0.0032233498064829
0.0031864538667235
0.0028627303572665
0.0028531360356842
0.0027102841067367
0.0024056097769237
0.0027284234458919
0.0024805290514973
0.0024568171031315
0.0026927998801928
0.0030368753164792
0.002516533533697
0.0022942829296506
0.0021903892401076
0.0025785498357943
0.0022753685419223
0.0019832220978307
0.0021554043635454
0.0027564792694474
0.0013771552415892
0.0012188586010383
0.0017682673365983
0.0019070428694522
0.001544897923202
0.0015106914429658
0.001592609676331
0.0012035307729328
0.0018694517399078
0.0017118304546936
0.0024115067353827
0.002107538640488
0.002231559088107
0.002271196016232
0.002392145510378
0.0028952739525638
0.0030266589021075
0.0019612178545773
0.0015160644185903
0.001558420139457
0.0014212934745629
0.0016163757753464
0.0019436412901241
0.0016442175986797
0.0019364489143071
0.0019845854070207
0.0024634192427341
0.0024976053973933
0.0026283461643066
0.0010353346538087
0.0012507414399263
0.001457014411162
0.0013421049075364
0.0010338899771771
0.0012025528157203
0.0016244824509299
0.0015440443086414
0.0020418143254166
0.0016742872123966
0.00158509727607
0.0019628066253903
0.0016616120685828
0.002031291059816
0.0013660723400533
0.0012582790965469
0.0014948815057646
0.0011559042480174
0.0017543855942867
0.0021585837087971
0.001714873210259
0.0018422500692746
0.0010934804832487
0.00094761391384889
0.0010874300699053
0.0013532437904726
0.0022036152884042
0.0027676111833793
0.0019975159876523
0.0026353118603054
0.0021814183898398
0.0020452025337414
0.0020269871056602
0.002625390765188
0.0019577680943919
0.0027259208604749
0.0035603392853065
0.0029119606979858
0.0019740644268493
0.0019257106961056
0.0014867579573547
0.0014144608153828
0.0017050772383824
0.0010798945592379
0.0010010338156477
0.0012115652953606
0.0013206757036998
0.0009670780861122
0.0033667947372048
0.0029248739761171
0.0029310916266265
0.0027560248069631
0.0028677218617468
0.0027452010313168
0.0013795107365571
0.0015450439598055
0.0017561336948364
0.0021043099909177
0.0019514346092079
0.0022672905813207
0.0024491377284758
0.0032630661026504
0.0016466963038101
0.0020308193291798
0.0015183088760611
0.0011072017692552
0.0013034787199901
0.0011535041483099
0.0020133998874398
0.0018293069057145
0.0022728657060494
0.0021628410975895
0.0023307128085887
0.0024864169779905
0.0025651688583522
0.0027469792188344
0.002461021029837
0.0026164514630981
0.0022283057914542
0.0025100566266416
0.0026688478467508
0.00053361584572211
0.00050382056530906
0.0015353763195375
0.0016707300445336
0.00058649482356744
0.00080271335492742
0.00095345393602126
0.0011099221787267
0.0009388385325546
0.00050635928070722
0.00064950262852841
0.0013897890222356
0.0010601348488307
0.0009478487374565
0.0012490803125411
0.0007617979138859
0.0014160961415123
0.0015848838676954
0.001478382936581
0.00097947987495592
0.0012667032627218
0.0013975578101754
0.00097137944678917
0.0016464945646761
0.0019396644470834
0.0015952637659632
0.0019625537758081
0.00090753259214603
0.001191151302008
0.0013294347954583
0.0018042997491695
0.0016539717676603
0.0021270150391749
0.00084854812719222
0.0011375007305845
0.001485837341176
0.0003893849373239
0.00044260898024167
0.00045224713345736
0.00094367960393674
0.0013472235478681
0.00095039147418406
0.00083804094293676
0.0005181281851487
0.00032579293650805
0.00026683004338456
0.00055763378596409
0.00041836630936277
0.00081911111198126
0.0025161730371363
0.0021721278352925
0.0020425559267736
0.0017861645218562
0.002008635698096
0.0023085474259183
0.0024166310212604
0.0021291286749966
0.0013952327029864
0.0025176080386756
0.0021514387225793
0.0033823885490092
0.003154920859322
0.0027140994946764
0.0024824474095423
0.0026484170668336
0.0029409421344105
0.0023724249767997
0.002452418714352
0.0022812346213218
0.0022841882711375
0.002359466488198
0.0021920057899652
0.0020612678674035
0.0018382327907284
0.0035030092607617
0.0032036834515992
0.0033146444112852
0.0025659370897576
0.0030365275139193
0.0013355358705402
0.0011422972828843
0.0018366440741235
0.0015556188178526
0.0013235692555362
0.0019147839866217
0.0020167235811149
0.0019138336038336
0.0016575796951203
0.0017728123797381
0.0014405853617708
0.0023527726852287
0.0021636579365214
0.0028575659399771
0.0016915846943661
0.0014848762752081
0.001464928045905
0.0019680059139773
0.0019039465097421
0.0018097487735596
0.0019319377631641
0.0017649813792474
0.0017925215186743
0.0015661612736424
0.0014350628031227
0.0014074582407051
0.0013343255603013
0.00092165683197778
0.00094771202552258
0.00074201978744094
0.002955054171348
0.0031780170654104
0.0028133809421869
0.0030097190171506
0.0028264102006032
0.0026780419726957
0.0025242491947299
0.0024719621890149
0.0024344747185459
0.0022983323048601
0.0028014714020714
0.0024001688697272
0.0024238752975254
0.0021881509759675
0.0025637469128286
0.0026859205275599
0.0023171872444662
0.0020056745534332
0.002032933499393
0.0020415993679072
0.0022395454253962
0.0020754712708236
0.0017653725978891
0.0018613716944552
0.0012799054071428
0.00096813470707362
0.0012419023846632
0.0011606815429487
0.0012964136139887
0.00098576499131208
0.0018428867716463
0.001533344145862
0.0019854932431397
0.0020999804704649
0.0021139121145848
0.0024837774162417
0.0021964930501787
0.0032494536595105
0.0027062556532101
0.0017040674565047
0.0014113548409391
0.0014245589788656
0.0011892318860367
0.0013714721372313
0.0017002170258869
0.0018695348372
0.0014007384709166
0.0017050101058776
0.0020353657022779
0.0017345894729924
0.0022731343907035
0.00080095149040405
0.0014266796667183
0.0012366838223243
0.00083537484329343
0.00098504749788237
0.0010887539643141
0.0014512098798682
0.0012923719197218
0.0018973040081275
0.0014850727238182
0.0016398798074435
0.001400391582264
0.0019051321923818
0.0017603276183062
0.0014321995781
0.00097355633142193
0.0012222972736859
0.0013876917525986
0.0012538985514658
0.0010793126253161
0.0014086473703464
0.0017616161044666
0.0016490279447022
0.0019468408838946
0.00084518124362489
0.0010000742244451
0.00071266750304763
0.001197006010608
0.0019412190752667
0.0019651210708277
0.0024812350358372
0.0016691091465409
0.002286027083942
0.002009180987225
0.0016901107176485
0.0023330877879449
0.0016548654418656
0.0025292887677768
0.0024108892461508
0.0016379784182701
0.0015766088086983
0.0011890084509778
0.0012971385312662
0.0014173560515972
0.00099480107464458
0.00081927334478493
0.0009138564239704
0.00075300219177588
0.0029872117971472
0.0033228109692807
0.0028244240102145
0.0025447619653206
0.0025762466511174
0.0012838682029384
0.0013631523563822
0.0014724260437797
0.0016947437210024
0.0015613229780157
0.0021935011076068
0.001825002871567
0.0020585041073259
0.0029041034985315
0.0015254532534872
0.0017092282067889
0.0012706882119888
0.00091665023781227
0.0010093254919065
0.00084982124418297
0.0017836129677341
0.0017161026558969
0.0022186140665592
0.0018074404928404
0.0021730555433314
0.0022610874564528
0.0021970190014371
0.0024693805888501
0.0024859081734479
0.002558483962623
0.0023683167835057
0.00032075269740221
0.00032211033228642
0.0014443138840776
0.00051415696596831
0.00059498266364451
0.00089584891759223
0.00072371475887798
0.00086709240903962
0.00074716252292724
0.00036316612591859
0.00046729443628049
0.0011576091347758
0.00096354667402417
0.00081392432281255
0.0011256443209276
0.00057590924533315
0.0012275966198399
0.0014951294973456
0.0014522519713196
0.00087942176614197
0.0011497960278124
0.0011745506483602
0.00091515178288426
0.0015676692939285
0.0017341467602244
0.0014619838227722
0.0017700805800052
0.00077649072145079
0.00091829441928473
0.0011361346467797
0.0017057929734659
0.0018945934306877
0.00067565159825199
0.0011956626145152
0.00093090787479361
0.0014429911732101
0.00024875077732726
0.00032456834427235
0.00038077056548033
0.00045351491206402
0.0006684184476822
0.00059824447824474
0.00026397053719008
0.00026681925355611
0.00019560877551486
0.0003403623253969
0.00046261861295718
0.0006722006074203
0.0018967256555108
0.001727620252654
0.0016808135690079
0.0019561649172985
0.0023753549721121
0.002090796127877
0.0018093164624443
0.0013539884223898
0.0022121779572678
0.0030737198465749
0.0029389256600613
0.0027465192261347
0.002377444284166
0.0023142624383301
0.0025134051142292
0.002238314088058
0.0022057168418772
0.0022660255224199
0.0020897365303479
0.0020913757882226
0.0016161611193712
0.0014667800966787
0.0031920476982867
0.0029816013496809
0.0024789997355236
0.0027664151180044
0.0012231554155735
0.00088655443130458
0.0012317762745181
0.0010575087823227
0.001689541825714
0.0017960855786991
0.001815967940296
0.001709322207623
0.0013196674135674
0.0014768018153235
0.00115596697749
0.002251815532211
0.002014750748818
0.0019203495461706
0.0024790073062651
0.0016463895775892
0.0011674085540156
0.0011624977196574
0.0018418045845744
0.0017577833765421
0.0015233547131569
0.0017163388935896
0.0015498859274702
0.0014354437896854
0.0013238241052762
0.0012922964731249
0.0010964094217797
0.00073148302962618
0.00094498214370061
0.00072772728146144
0.00071217072282125
0.0027448906874119
0.0026387823423691
0.0025844823565397
0.0026697650119551
0.0026885514052384
0.0025919070607591
0.0024113852665286
0.0025124879900324
0.0022174900408953
0.0023807495073589
0.0020630852958537
0.0022865328966212
0.0024819221204891
0.0022250089466668
0.0022304792267224
0.0021344911436558
0.0022328620070342
0.0020001557999561
0.0019170918260096
0.0017490053947961
0.0019763142683302
0.0017649151521889
0.0022420044098684
0.001597550110906
0.0015972623282587
0.00094545768064328
0.00076885391215272
0.001071942575964
0.0010810797181683
0.0012513468227407
0.00083024777879671
0.0015437625179904
0.0012545489543373
0.0016707567585629
0.0021685559832329
0.001676885431146
0.0017625762200922
0.002194182719798
0.002361960574338
0.0024015963983331
0.0018265906598492
0.0014604511626732
0.0011510984784662
0.0011461148370686
0.0010518984248177
0.0012655464469126
0.0014501342594889
0.0015437617450272
0.0012947558084532
0.0017627310275296
0.0014798152103128
0.0023369000493332
0.00072387168730028
0.0012944429942145
0.0012272386643819
0.0011385588897671
0.00096012506897374
0.00093716309828259
0.0012411724347956
0.001637562662522
0.001358627225711
0.0015118863321886
0.0014477762561794
0.001185651766252
0.0016929716743595
0.0015728841130394
0.0013036866334801
0.00075392713504846
0.00095142511942147
0.0012100391385535
0.0011322967094267
0.0011352547542984
0.00083793289973799
0.0012794319223971
0.0013467342444472
0.0014960270058864
0.0016133931883454
0.0017881907121178
0.0019152118260288
0.00070939468815686
0.00082469947710086
0.00055450709878769
0.00075171022186624
0.0011349002014224
0.0015726190737865
0.0019181619244366
0.0015891615679953
0.0016619501333237
0.0021770212368869
0.0016259389606052
0.0013825420931752
0.0018766312183874
0.0014454812242539
0.0013203748312084
0.0011371388825877
0.0010304087847602
0.0012689009066129
0.00076078744275571
0.00084233873964546
0.00067205064629633
0.0029991386158618
0.0022029939019673
0.0022745384933682
0.00101930680046
0.0012886839549668
0.001380241912348
0.0015469231123053
0.0015813315408125
0.0014622078312067
0.0018519542173544
0.0013190246238717
0.0016604121984656
0.001278093321205
0.0010051598756375
0.00076763858847377
0.00070525567428748
0.00089680070785898
0.0016440956930478
0.0015482683076489
0.0019437671139801
0.0016760757813123
0.001890251738075
0.0019696501244794
0.0020750419468711
0.0022233866990139
0.0021205905361598
0.0022810460231829
0.0021637034943169
0.00023562574362748
0.00022095956974146
0.0012027000254357
0.00029204306838642
0.00037728895491247
0.00054466714409333
0.00058083844110468
0.00075129091430863
0.00071892165806062
0.00076481323327487
0.00088422392455472
0.00053605696991414
0.00034003703428215
0.0012125311926629
0.00085484312975103
0.00058464079272551
0.00095464874217194
0.00034906791322343
0.00064947896344699
0.001316938138817
0.0011545637174931
0.0012851133032273
0.00099971600699056
0.00084218874519858
0.0012402003007522
0.00072665056689839
0.0014350554666244
0.0016870781854665
0.0015249387514882
0.0018594182891093
0.00064024653562398
0.0008150935609509
0.00086820020176627
0.0010994455415592
0.001588889447913
0.001809931150564
0.00101122671415
0.00086192926519675
0.0012251026725531
0.00022859782332447
0.00027333639145661
0.00037522495453277
0.00034640769740616
0.00035368965622705
0.00053102010521768
0.00051836369687032
0.00010063857532868
0.00019890480998988
-5.367935262169e-06
0.00040515077752711
0.00043904785340564
0.0015160459476873
0.0016154259874019
0.0017169087324136
0.0020848245167455
0.0018332913094661
0.002061413226037
0.0011092216827116
0.0020091225779329
0.0026301828516471
0.0024895925282286
0.0020809493798004
0.0021810096604575
0.0023028051086824
0.0023997967608296
0.0020938840698763
0.0020775717266978
0.0018881124960554
0.0017738591595799
0.0016365135646259
0.0013570666495253
0.0012309929075485
0.0014169815737957
0.0028853056045845
0.0026774143760772
0.0021578486062155
0.0010253058091221
0.00067759317056182
0.0010113020340541
0.001019817738297
0.0015921680089534
0.0015708278915418
0.0013926932075928
0.0012173074116511
0.00089875475393716
0.001997258074817
0.0021104054060489
0.0017068568604579
0.0017924241962699
0.0016919044871283
0.002269951485204
0.0014274995462861
0.0011481621539626
0.001578137535107
0.0015610811848263
0.0015445227035284
0.0013327296049529
0.0014180157057607
0.0012510817641053
0.001177764024862
0.0010467910444692
0.00068067233782212
0.00077994662481714
0.00071157179408299
0.00051903488618885
0.00069018782893231
0.0026017154803239
0.0023268815170555
0.0022834568571816
0.0023750089251589
0.0023271399164325
0.002144026071366
0.0023953199033237
0.0020780854607873
0.0020397523832268
0.0021159895119938
0.001805030681514
0.0020199782891709
0.0020303208662313
0.0020439839088895
0.0020868354414888
0.001912926883065
0.0017091858974433
0.0016492434209781
0.0016413564902421
0.001679205501137
0.0017460343040916
0.0016730620629944
0.0021295560991022
0.0013629015584563
0.0013872430204098
0.00093011585226926
0.00064461154578604
0.00082808456550466
0.0010061191327122
0.0010458047934516
0.0012218740776736
0.0017970885687052
0.0015308526883803
0.0015133821996587
0.0015578006823027
0.0020822635138881
0.0022205701652841
0.0022679664478142
0.0011841859811725
0.0010285282195309
0.0010437289151896
0.00075307655915001
0.001163089535049
0.0014773732106294
0.0016925621784815
0.0015354377209885
0.0013492797480089
0.00065473272855354
0.00052647374372877
0.0010389944451497
0.00099363053464049
0.00087060085735187
0.0008596229217715
0.00074293253850945
0.0013718142702051
0.0011326203034316
0.0013191837764262
0.0013025540246766
0.0011167771354279
0.0015529597179011
0.0015166931522147
0.00076070862542557
0.00060063094804324
0.00088987565331547
0.00099326067053408
0.0008898679558002
0.00085428142936313
0.00065846287676299
0.0011995662218801
0.0011850243744006
0.0013777299300276
0.0013393666377487
0.0018770249013047
0.0016356560193253
0.0017647401929867
0.00053776092555186
0.00093143331381208
0.00063832293259937
0.00052906222009448
0.00056783469552445
0.001571181054542
0.0013443119329643
0.0015688837197994
0.0018105401878122
0.0013407055785848
0.0012539628710864
0.00087859447237397
0.00089853468250212
0.0010068463311918
0.00054136117697517
0.0006844682980305
0.00046153327836382
0.0019686894748362
0.0021010099767536
0.00097297582614456
0.0011552513908163
0.0014724472293287
0.0016509470899198
0.0010764645941207
0.0013855797776345
0.0013461879268855
0.00094707117800366
0.00081008546131765
0.00089525198457606
0.00053726731073882
0.00057011257450016
0.00067885263764693
0.0015266648038363
0.0012622023482549
0.0019311825433896
0.0017924869718544
0.0015713413151169
0.0018819812712586
0.0019191929893947
0.0020559051078068
0.0021946465666062
0.0020592248180047
0.00019899522438134
3.8746837063319e-05
0.00018097894221776
0.0011025281038111
0.0001654078131014
0.00023862135934735
0.00038260182290046
0.00044297617557784
0.00042460852493667
0.00050562557411045
0.00071925381103698
0.0004880173703929
0.00075187931155191
0.00058860580250336
0.00077444644636233
0.00036791978992305
0.00091508814271943
0.00063424048236548
0.00064733333694666
0.00039434308873415
0.00085222599493293
0.0009591198090478
0.00025915075550764
0.00026260094720089
0.00053880948535734
0.0012317571453175
0.0011194501164434
0.0012586327243934
0.0010563401589415
0.0010152690495322
0.00066844486878541
0.0011669310584635
0.00070046915588465
0.0015100932661963
0.0013223596558226
0.0015335706106352
0.0017013569352968
0.0018256383406116
0.00074602580431402
0.00083861451287232
0.001067788785579
0.0013633112950892
0.0017343813243557
0.0015485565211786
0.00065874701659044
0.0010078978390562
0.00118663288282
2.9052197948026e-05
7.8927647372401e-05
0.00034861346903867
0.00018093732087711
0.00021070803152132
0.00041486866782348
0.00023833884242586
0.00046259245361774
-6.2834241619614e-05
-1.6696097611931e-05
-0.00013330430759782
0.00022581661664833
0.00032502961313202
0.0013433883442235
0.0016273637018525
0.0017443101881035
0.0015082033816181
0.0019906116476515
0.0015807572012622
0.0022724817056078
0.0018039302036889
0.0018843121591334
0.0021387367217465
0.0021896890612924
0.0018007055140671
0.0018196409144369
0.0016919249048456
0.0014935692339818
0.0016450186240247
0.0013829903684418
0.0012329993779713
0.00094082365114901
0.0011048905050555
0.0023942760698937
0.0021329222351672
0.00074965798622204
0.00051105132385486
0.00098917696119157
0.00078920320238337
0.001325872908524
0.0015525383824802
0.0013579787902136
0.0012831074847453
0.0010017839125251
0.0008974164789687
0.0017449754539291
0.0020380317259173
0.0018017816862787
0.0015738574546824
0.0014943847187141
0.0015615577341682
0.0014934509173513
0.0021320184085928
0.00090455528353943
0.0013515582970209
0.0012366891366521
0.0013667456279657
0.0011306456015412
0.00096784901175678
0.00083611281026966
0.00072335109344323
0.00042803449424407
0.00050373857768829
0.0005027880810461
0.00045842677244218
0.00053387850236108
0.002207082763062
0.0021692057261646
0.0019725476659082
0.0018334999779539
0.001791774889077
0.0019237182857708
0.001821743168399
0.0016471572218315
0.0017815993416165
0.0017815061486948
0.0018840169707694
0.001982739214276
0.001667465695023
0.0015694853560585
0.0014920645512685
0.0014735139679525
0.0015656925000726
0.0014846656538952
0.0015380262655494
0.0015163292546612
0.0014328581924946
0.0012100947196951
0.0012080971769797
0.00081797100278713
0.00067371910358176
0.00056785091935033
0.00077643733550607
0.0007696885545665
0.0010259461459573
0.001679331291049
0.0013311881166101
0.0012676669007085
0.0012960839211735
0.0013215932724459
0.0014516894358769
0.0016320334567334
0.0019028317855985
0.0019080842929141
0.00093260714562522
0.00084786470912738
0.00060087439001766
0.00098998231682548
0.0013207562111878
0.0014743649513034
0.0010768514776905
0.00050520604510478
0.00072251916716859
0.00097895454677098
0.00080343309664902
0.00074902474479555
0.00074844805611327
0.0011315008711367
0.00098288376608473
0.0010942979968783
0.0011769076847326
0.0010041398612343
0.001259245468676
0.00072131932284143
0.00055094819339008
0.00079635745708968
0.00071601637380533
0.00078957060542409
0.00067484743534481
0.00058000509033115
0.0011739892942198
0.00099159841229425
0.0011000916491898
0.0012358668649124
0.0012580400047766
0.00181898674511
0.0017471341095266
0.0013668812335529
0.001578010217963
0.00038959043764095
0.00080077405869081
0.00059315372474418
0.00052124405223176
0.00035337831327549
0.0014471915904559
0.0013523118595142
0.0013005772828892
0.0016530308000239
0.0010090033013797
0.00089659972235989
0.0006894720474885
0.00072446049941284
0.00053027952274378
0.00056117145649249
0.00031422690184181
0.0017994401740398
0.0017802212763051
0.001854530812292
0.00094249523355051
0.0011213418912511
0.0012753795840495
0.0015645574251686
0.00092607254289705
0.0012425483151148
0.001208789678066
0.00075141621137906
0.00057863344738561
0.00063395588627333
0.00032476173908692
0.00033981543138141
0.0004879883104308
0.0013154688272112
0.0011791250533014
0.0017980445528227
0.0016213892432489
0.0017086946080357
0.0013695768238036
0.0017232069848629
0.0018418947625035
0.0018532410972591
0.0019468389022353
2.414860736963e-05
-6.81920561279e-05
3.2220311963036e-06
0.0010787781324793
0.00011383717375605
0.00010525463406017
0.00020924386463452
0.00025207896365721
0.00037334451023577
0.00045371417348776
0.00031327140748648
0.00059484432032132
0.00049359435798482
0.00055598718788909
0.00017637471820007
0.00090846665428945
0.00056957238536333
0.00048932581067754
0.00036675470308173
0.00079334298890909
0.00094533165933861
6.2570608151587e-05
9.9208668707333e-05
0.00049520168725627
0.0011591237849242
0.0011919386131057
0.0010095750167594
0.00089468673682322
0.00063736397813596
0.00096081772898526
0.00060904698858176
0.0013124103458123
0.001171026109135
0.0013772433877153
0.001621608433901
0.0016613702825709
0.00056555479393053
0.00079706139727756
0.00069992507191235
0.00081224678805092
0.0012626628704194
0.001270560276761
0.0014784475786216
0.0013927418879301
0.0009095838773513
0.00095292406479787
-6.9226664405699e-05
6.5072762612428e-05
-5.0643747540979e-06
2.513837003191e-05
0.00016814311993689
9.5811538548909e-05
0.00024339697061922
5.1661904083909e-05
0.00036876220574192
0.00019039200805595
-0.00010521890924035
-3.9969806592497e-05
-0.00021386838174956
0.00017370399296099
0.00024210551873368
0.00034032486558079
0.0011989434727226
0.0013710935935917
0.0015013738616771
0.0017613652318062
0.001516925881991
0.0019626896933723
0.0016158409649652
0.0018305031470979
0.0019114337498092
0.0016131071373709
0.0016759844767339
0.001538475189764
0.0012330145269189
0.0014608321326214
0.0011293681638149
0.00095117551269633
0.00093574083628513
0.0011258038764882
0.00095878742035207
0.00069057559135646
0.00058944445909347
0.00041825571417836
0.00070773062285941
0.00064528432243568
0.00089026829277414
0.001288988725218
0.0011772464082483
0.0011237926277594
0.0007442766130379
0.00063707182619317
0.0017755815403641
0.0016757120393394
0.0017053152695384
0.0013802222246273
0.0015181544066696
0.0013084871803237
0.0012758486362888
0.0021105610860566
0.0018383814867952
0.0010072833748373
0.0012009017312753
0.00081422426188147
0.00080311646641938
0.00047474420236743
0.00029688930924721
0.00050299573642937
0.00033808198990741
0.0004532045734632
0.00032139914355837
0.00032795557724114
0.00056245510813235
0.0019190319973874
0.0017755024028729
0.0017360011703741
0.0016884853398622
0.0016710322434577
0.0014762957534367
0.001626203379059
0.0016859561840811
0.0016753894712143
0.0017767444975199
0.0014971217257581
0.0012970992159008
0.0012565170591452
0.0012995391509128
0.001350456075408
0.0012448159780187
0.0013405996810553
0.0013552756799169
0.0014431376954219
0.0010929413564278
0.0010304201831621
0.0010019161559054
0.00065657444798937
0.00052659258152532
0.00052244167760528
0.00057861993582322
0.00072762240277226
0.00087366694674218
0.0014161633078636
0.00098353277465343
0.00091803788467741
0.0012863911188527
0.0010028198875139
0.0012599954506137
0.0011178456740416
0.0012094953831499
0.0015284623007419
0.0013961470966184
0.0017663347517408
0.0008578927735461
0.00085246638252838
0.00080561804872431
0.0004820891643905
0.00092326102975067
0.0011455761365878
0.001460542327311
0.0010482693605986
0.0009018175349858
0.00039292613051907
0.00039632945432199
0.00054368796805663
0.00079303285605571
0.00065256987963903
0.00076238574995415
0.00054952344945526
0.00079096912401225
0.0010841232607684
0.00092682457162286
0.0010585980922496
0.00088568433043683
0.0011120166203186
0.00065168567639648
0.0005359973676643
0.00036057505480193
0.00060450342602396
0.0005286093649564
0.00038577927483964
0.00095931404972922
0.00087849922826103
0.0011031938997313
0.0011423179521969
0.0016286890783899
0.001573186115685
0.0013725667061853
0.0012521727596683
0.00077042232508054
0.00043513913404669
0.00036665073789887
0.00030608705195032
0.0012041248899362
0.001031277068674
0.0012133580600594
0.0013709862386258
0.00080253841896638
0.00070839621873441
0.00062555893225854
0.00051639024259891
0.00037510268830325
0.00046381380790146
0.00049802040821872
0.0015246685640526
0.0015130980493644
0.00084963338977619
0.0010997627296608
0.0013510753672941
0.0010193590938842
0.00065318717000943
0.00093171400509334
0.00069647889583149
0.00052472475416882
0.00041310556448012
0.00030473210794289
0.00020010830094301
0.00043021247231199
0.0011032265619692
0.0015815390644241
0.001405988327808
0.0014405997416677
0.0014524532719711
0.0016808086223704
-5.6469260118938e-05
-0.00019089208996676
-6.3191525610296e-05
-2.2868329396207e-05
0.00019527878733658
-3.1408948351868e-05
0.00012099126422991
0.00016992942787242
0.00037823638110687
0.00030311669640757
0.00039300885632302
0.00017830948053083
0.00042749709113908
0.00065867942790054
0.00048564714502501
0.00026001367176409
0.00084539786602117
0.00068971434719412
0.00046100260095439
0.00061245316626351
0.00038567444302944
0.00020090180802505
0.00088604086873873
0.00087786062906592
-5.9837548372346e-06
4.9472619380209e-05
-6.1055627841638e-05
0.00038972938523141
0.00097909697396033
0.00092608704799994
0.00071058748211163
0.00059313190891755
0.00079176928510628
0.00099002940253422
0.00044684622846644
0.0012444740600829
0.0011101823018874
0.0012305533915792
0.0014445483096172
0.001480240298962
0.00051138584607583
0.00064222329353008
0.00059215984994833
0.00076945119975043
0.0011797669018021
0.0014968196341084
0.0013691794066527
0.00068156053875856
0.0010080111458512
-3.0420439401997e-05
-3.9173563919984e-05
4.7294284525855e-06
9.9847274167795e-05
5.5619051528553e-05
0.0002662257811661
0.00033081759535897
9.5785453507804e-05
1.6078100969865e-06
0.00023513323020692
-0.00010334373914622
-0.00013268614754073
-0.00020107953060168
0.00018150141982905
-1.8916683040218e-05
0.00011712364652379
0.001289049312637
0.001335648519966
0.0016576406247825
0.0013987050230648
0.0018015621268268
0.0014218353922931
0.001736695372825
0.0015115808642224
0.0015188297317856
0.0012932613884251
0.0012751343737279
0.0012288139868251
0.0011965334346625
0.00088071715119569
0.00093078600651128
0.00070409168634742
0.00097726556881913
0.00076030891380232
0.00095068296453352
0.00049567931323674
0.00044068204473725
0.00046403797348735
0.00066215399359101
0.00089098163667523
0.0004570402620641
0.0016337288509144
0.001711498879313
0.0015657657715374
0.0014516105426454
0.0013539372017187
0.0011917221680736
0.0012779089688251
0.0010757785330504
0.0012321092480273
0.0010755254864373
0.0018175626029012
0.00090857453328292
0.0008415859475764
0.0010220524561747
0.00052319050647431
0.00077064119711963
0.0005332018058754
0.00029006918532241
0.00032279795627813
0.00018347044245625
0.00031588963133165
0.00039842756932767
0.00020200255843057
0.00031107534188423
0.00046749714759321
0.00046255689840257
0.0017334873531584
0.0016709845476684
0.0014890064965236
0.0014759300680847
0.0014662742045397
0.0012530019328741
0.0015724079172863
0.001473813608229
0.0014874568977741
0.0016607776291788
0.0017017327245084
0.0012914703837818
0.0011310877152071
0.0011340597204176
0.0012047045800359
0.0012315161714016
0.0012699281438251
0.0012364037303643
0.0011689299038415
0.0013564184607604
0.0012764383445097
0.00092002974870726
0.0010182442300185
0.00088068608691589
0.0008323778939724
0.00071588825972239
0.00035051138720739
0.00047135090530344
0.00051701292834548
0.00032802962198035
0.00053331897312043
0.00064982854873929
0.001243153684078
0.0014964614843333
0.00084356793194757
0.00089685310315098
0.00085852841551017
0.0010204544019344
0.0010180191690843
0.0009432695969591
0.0011330142043519
0.0013128403599205
0.0012244111296087
0.00072950527603485
0.00079086271911984
0.00065975440866638
0.00053903915238073
0.00033371734166982
0.00097547181655139
0.001229387924275
0.00089236257648218
0.00079989576691879
0.00035204893526369
0.00027395652341236
0.00048708201863312
0.00070930412160982
0.00064514265357339
0.00078445519136191
0.00056153661532981
0.00045615106542551
0.00056293292880356
0.00097096767149823
0.00077075668158726
0.00087894984393566
0.00073046533229278
0.0010717434088766
0.00034837718728455
0.00035460689193456
0.00061551248420881
0.00042901650418912
0.00054111399868881
0.00034299164481116
0.00036233674211144
0.00026220851762013
0.0008086584745592
0.00081629130298116
0.000913684132428
0.00096975152737972
0.0013372853284756
0.0012603581554182
0.0011668243506205
0.0005495282528422
0.00031063979467344
0.00017299942953563
0.00099136238692851
0.00076600081070592
0.00064004782619018
0.00044185844046541
0.00042140517522096
0.00031376725382497
0.0014160820279367
0.0013908221040689
0.001366797496926
0.00079198490804124
0.00096011811398412
0.0010369300627345
0.00080490826690494
0.00056919492290226
0.00052186306644458
0.000435672175933
0.00024510331331841
0.00023080768847982
0.0001834408791903
0.00024984406692469
0.00094221354091147
0.0014031547610455
0.0013306144043194
-0.00016286954365324
-0.00019245832083029
-2.6760076242419e-05
-0.0001458083472145
0.0001753087286374
-0.00012067224782088
-5.0981860419426e-05
7.8524972879635e-05
0.00011641711762014
0.00027479602967285
0.00018059849280482
0.00038498479609973
0.0002177733482007
0.00025264488745757
0.00047458990075987
0.00059926961919241
0.00061896530505716
0.00033063972419511
0.00018579735191411
0.00054237999947792
0.00069548602113109
0.00029033029217851
0.00049583018964234
0.00056227743436634
0.00027371923678133
0.00017633634205597
0.00017485134350576
0.00082635632207758
-1.1554872785839e-06
-6.6165152241034e-05
2.5570312000603e-05
-0.00017590006000073
0.00045424700357889
0.00026585983433387
0.0009949797282648
0.0010030103551444
0.00066605493337838
0.00060189045829669
0.00070402489704774
0.00082260872908425
0.00037925798702673
0.0011312419290933
0.0012204127208092
0.00091942700013859
0.0011590906254701
0.0013071726195315
0.0014763337286152
0.0012841254879783
0.00042273024024947
0.00061894965332888
0.00069077646447304
0.0011935723743261
0.0012861143498785
0.00083765892357456
-8.7452135522923e-05
-1.3153704708569e-05
-0.00017540528378491
-0.00012054823065313
-0.0001038267213145
0.00015187263879745
0.00015357850518782
0.00020276470967101
7.8270538680668e-05
6.1079553568658e-05
-7.0487861164319e-05
0.00016356911843337
-0.00024273990324221
-0.00025597913350916
-0.00032942901459715
7.7255219681208e-05
-8.460155755012e-05
6.4313872739605e-05
0.001228108703579
0.0011225065591912
0.0014989602468259
0.0011495605602026
0.0013898140750996
0.0015129470058889
0.0012507640760083
0.0012806712991573
0.001070697209743
0.00094968294830648
0.00075357919670204
0.0006968438973193
0.00073276172197794
0.00047152865093552
0.0008142439009428
0.00062079275774906
0.000721740451243
0.00031924119761777
0.00025194127822889
0.00052535891375955
0.00083802062907589
0.00043561360905859
0.0015745174539305
0.0014374790405543
0.001304801460144
0.0011924798506602
0.0011863267410756
0.0011178718452146
0.0010247250651649
0.0011345529447156
0.00090459419856222
0.00096886522011902
0.00076682669348719
0.00098246510942311
0.00058487494634832
0.00041603488177685
0.00011212169319275
0.00021340670602464
0.0001660603311415
0.00018819904751693
0.00023825104702532
0.00016063566658247
0.00019634559319828
0.00038674292145087
0.0003689498795506
0.0015064456500756
0.0014951834530228
0.0014872701159768
0.0012336786307415
0.0012609419967074
0.0013697950883728
0.0011502180070752
0.001375261471772
0.0013963420411769
0.001336645822716
0.0015846777205241
0.0014794605291555
0.0014772034060531
0.0010594293854848
0.0010781894203667
0.001174711084706
0.0011482995076478
0.00099396511273463
0.0011590077065983
0.0010986637453562
0.0011724169142778
0.00079825180282483
0.00083359811587383
0.0007671377296953
0.00065563271365614
0.00062058499252231
0.00031816872112027
0.00052244546372642
0.0003056483943202
0.00019484556962703
0.00032751779949021
0.00042026346801372
0.00096907334179604
0.0010689503339102
0.0012913464661322
0.0007016542042169
0.00072861274136157
0.00074859831454994
0.00086425499694109
0.00097339397387858
0.00088009143441148
0.00091930497578222
0.0010803095748757
0.001178380479079
0.0012270919041077
0.0010487088835714
0.0005954127353756
0.00051248941739399
0.00050827014429078
0.00054314735137247
0.00040522897553465
0.00018712051128333
0.0008738485511013
0.0007482943060479
0.00061791573526723
0.00028210260993312
0.00043255564614702
0.00055723367612981
0.00071006457265694
0.00051109474001601
0.00061126854462943
0.00049216782395535
0.00048123184192243
0.00040925118237603
0.00049512700196638
0.00079713925511116
0.00068588003571558
0.00068402002033576
0.0007393529051841
0.00068132865678037
0.00091918238761669
0.00030408388061122
0.00025516868127435
0.00023598715066121
0.00045374475231247
0.00026047888930179
0.0004147105501665
0.00025081249741091
0.0002240974112889
0.00026303264681577
0.00018853254126485
0.00074647485081992
0.00090796890701923
0.0008110670903064
0.00081927075599403
0.0010106896626377
0.0012597986022435
0.0010006616856414
0.0012045801752709
0.00018524519283751
6.7200034133114e-05
0.00079598439395925
0.0008528168900173
0.00076278315208451
0.00054321782212561
0.00045260234392202
0.0003285270576851
0.00026712680511879
0.00016300469283631
0.0013005974399323
0.0012859103641544
0.0012299530766602
0.0013081424274342
0.00082647816251469
0.00086167994994843
0.00093507765267331
0.00086565198080019
0.00071772245185541
0.00045524731606443
0.00041884342588464
0.00039400471396097
0.00027795170016185
0.00013638796695474
0.0002122163702242
3.574269825907e-05
0.00018102094536728
-0.00029227326006076
-0.00031289333062513
-0.00012439609695262
-0.00023311135069325
0.00012953265409895
5.0182352892841e-05
-0.00021419549872742
-4.2636652295232e-05
-0.00018635160661168
0.00015881713505767
-6.9811499763863e-05
-2.2425941753109e-05
6.8939081899473e-05
0.00020890148116491
0.00012492190761992
0.00016933407958974
0.00037699149658693
0.00058419774469775
0.00049131485578683
0.00053909713714512
0.0003579866563561
0.00022322445005192
0.00043169021484221
0.00061632402314024
0.00028064000502183
0.00040295338788128
0.00067643514792678
0.00043596941037061
0.00031719886715425
0.00020525940674836
5.0669799142901e-05
0.00012865727549532
0.00082938778933642
-0.00011332024061193
-0.00013329704397102
-4.2794351914469e-05
-0.0002914773361226
0.00039237536746292
0.00025591717161408
0.00092910246168174
0.00091180805787266
0.00050964777944252
0.00047743342084716
0.00052547233273416
0.00078588929066946
0.00069318762870894
0.00030524061459799
0.0010295609021354
0.0010676054948365
0.00086011624295617
0.00099985055347273
0.001219248679984
0.00036052751614066
0.00048468125568482
0.00053124390665296
0.00072693280663849
0.0010365008004508
0.0010963290994371
0.0007498432665836
-0.00021030871569274
-0.00012731487435203
3.7893481117799e-05
-0.00024077081748291
-0.00021717610416724
-0.00017486674791231
-8.9621671834111e-05
1.8385611792991e-05
0.00018425791874067
0.00023288924918412
4.3036595889647e-05
-2.6964498658109e-05
3.1996503831441e-05
-0.00018383663267768
-0.00021343563173913
-0.00029902997512276
-0.00025653511411401
-0.00039064178354487
-9.7178727286799e-06
-5.470935853071e-05
0.00015192951319809
0.0010275388056784
0.0010187021605732
0.0010897066800376
0.001143130585238
0.0012959268028914
0.0011119545120534
0.00093282804132548
0.00074283141845364
0.00055515944201284
0.00056040364632123
0.00062006924006413
0.00045484359991583
0.00064574778379581
0.00048709930780892
0.00060667688060046
0.00074978131377772
0.00023571853556934
0.00036697788051544
0.00027411285887454
0.00070494867480354
0.0004337526518866
0.00024830777097539
0.001344983931842
0.0012717934953852
0.001202468064183
0.0011278171813448
0.0010522565075966
0.0009454987196482
0.00088792831916951
0.000807112454023
0.00074212574446925
0.00086904769459533
0.00056884033146821
0.00079512775984359
0.00053638255204705
1.21756699676e-05
0.00015842306926666
0.00018833292472216
5.2150486327736e-05
0.00013314454797241
0.00024693775690157
0.00039224598891447
0.00024016097553286
0.0013282303432297
0.001212858872575
0.0011249449229029
0.0012072133683645
0.0012023479832844
0.0011880378446951
0.0013334910755289
0.0012617868779135
0.0012425137946637
0.00091969445619977
0.00094166996266921
0.00098733381825258
0.00097853041984409
0.00086998972815413
0.0010649928956382
0.0011129427056394
0.00094286019228677
0.00098803453537922
0.00080221891833511
0.00074077794020838
0.00061829263840958
0.00051854830057701
0.00050108438102942
0.00018947406516942
0.00027237383759088
0.00037019648971695
0.00031405757310752
0.00020873871192997
0.00017703063028275
0.00033452414895873
0.00083692641511313
0.0005071293696006
0.00056575636268034
0.00052088491966933
0.00070492422540404
0.00082240572361839
0.00079170225625195
0.00078308803972071
0.00087867344324738
0.00087790196187388
0.0010277092454213
0.0010586605767741
0.0008808345628971
0.00044533107649763
0.00048725503823073
0.00041997043295943
0.00035645311598619
0.0001214278484741
0.00078099524162952
0.00061514569144672
0.00054655673655205
0.00055018349971217
0.00015179241163441
0.00030435461508189
0.00041117044779285
0.00050349405466662
0.00045898432881829
0.00057669242769905
0.0004299147290831
0.0005984177745253
0.00042858930930589
0.00045289042442391
0.00026650875124585
0.00078654680261624
0.00061810541232793
0.00055913991452542
0.00073649606364975
0.00061796656386753
0.00055057135153724
0.00085543930462523
0.00019230521426666
0.00017840261290622
0.00036054850308803
0.00018247474138255
0.0003033351602931
0.00016332213399349
0.00015097687571676
0.00014034488529944
0.0001357252379592
0.00014279821506108
7.7845581485286e-05
0.00079310329663353
0.00073492461848387
0.00069617670208885
0.00092342996238677
0.0010784036812666
0.0010351413244431
8.6472784442712e-05
0.00023567804347597
2.0048187905184e-05
0.00065322043266446
0.00056362850249266
0.00043689946892463
0.00040200290684048
0.00028243868923698
4.2305943151718e-05
0.0010787968652222
0.0010956042024052
0.0010376403207828
0.00068389293816166
0.00083458551150465
0.00055378267885029
0.00034235641601123
0.00040651184896209
0.00026098022957636
0.00021354491987667
0.00015337946684397
0.00021625118096429
-1.6750163935976e-05
0.00010083552229132
1.6845546386863e-05
-0.00038471052080418
-0.00022432492935975
1.696216786318e-05
-0.0003487914858048
-0.00012091224416498
-0.00019501780117245
-0.00026841551025231
2.3858814117464e-05
-0.00011323993790555
-0.00010960066845111
-4.255321384109e-05
-8.76020433e-05
0.00016381883895519
1.4785509198648e-05
6.4336702435065e-05
8.3244810340098e-05
0.0002282633362373
0.00029173810454097
0.00042569678570414
0.00052542896005637
0.00053926265676067
0.00057862912602267
0.00047920845369424
0.00033520418713759
0.00028792341903199
0.00020588239875333
0.00047520096937096
0.00069721545274055
0.00019021797382263
0.00032267205154127
0.00070072185493022
0.00030224321546852
0.00049440448059352
0.00013217328785158
0.00018653859216103
3.687277480114e-06
2.1828238308687e-05
0.00086514367843691
-0.00017851272463679
-0.0001409180601332
-0.00024977106557929
-0.00014252879257601
-0.0001148569711169
-0.00031244779847951
-0.00036590878868473
0.00033656177534947
0.00075916033044166
0.00048652222130431
0.00051329018386216
0.00041380198941096
0.00074587633818008
0.00068216834873663
0.0003189540090915
0.00093969190691404
0.00096970422343774
0.0008285925738346
0.00095254160620012
0.0010356643000169
0.00046201337861156
0.00041551222605515
0.00056526898751386
0.00094958647313503
0.0010011073360881
0.00061220926158852
0.0007670950231249
-0.000292378255577
-0.00015076637031091
-5.9263296286286e-05
-0.00029438670279447
-0.00022491705825661
-0.00018055295985307
-0.00013300875260586
-4.0169613933e-05
0.00011327663230528
0.0002063197414124
0.00012706882297848
-5.9972002266453e-05
-0.00012000707610482
-9.3450933909037e-05
-0.00019522136694491
-0.00022672108493381
-0.00029172703378838
-0.00034075647353738
-0.0004032568097171
-0.00011109423521175
-6.2894439957793e-05
8.1889307835774e-05
0.00092605388141754
0.00084168894074955
0.00097002508425927
0.00087131381808813
0.001158310584494
0.0006771920045145
0.00053774206707014
0.00056133727848938
0.0003119798421591
0.00058886963788796
0.00031606234217503
0.00052908753396405
0.00064156487081916
0.00024916405197609
0.00029857419176194
9.5597169518236e-05
0.00028120378707164
0.00020687704811008
0.0012340826751805
0.0011722076152297
0.0011380183859744
0.00094905244901754
0.0010486256295096
0.00094027461390234
0.00079979951586983
0.00071597343087745
0.00065504357044378
0.00055782813579974
0.00067647224127737
0.00069716715298039
0.00052845373412216
0.0004516891905501
-5.9501532592161e-05
4.457901733022e-05
6.6401987887923e-05
-3.471049723961e-05
0.00018954049306651
2.5725841393893e-05
0.0001012217506232
0.00028384317188854
0.0001903350881277
0.001183316053205
0.0010299393865849
0.00091902543793737
0.0010167635088799
0.0010512584461196
0.0010536065802977
0.00081265702665731
0.00086977617751551
0.00090808110382668
0.00084790179394998
0.00093140061227757
0.00086013942147433
0.00083344217448616
0.00088609716153581
0.00073087655272803
0.00066890664109909
0.00058358501521219
0.0007058690148583
0.00037109105958618
0.00016416174315802
0.00033675465394297
0.00023662535884849
0.00023276193517022
0.00018137988638545
4.2220585218568e-05
0.00072315815989622
0.00041656638329716
0.00050926373467134
0.00046236251442063
0.00051981416432785
0.00062373388112747
0.00061362996644692
0.00074586795691369
0.00089170226098104
0.00094375140318016
0.00078072711974452
0.00037783922893696
0.00047766210102948
1.3246516334005e-05
0.00013288714292192
0.00065070680223642
0.00054762988017716
0.00049479889359703
0.00049129047641345
0.00044091538350134
0.00021796681197757
0.00031591953087015
0.00027591430187246
0.00042912599100658
0.00047489778487196
0.00058143511302825
0.00051122175137553
0.00032152091147455
0.00031313830654438
0.00021209358952815
0.0006551563375254
0.00059547212369935
0.00044579345890415
0.00059429224860641
0.00044702187956047
0.0004188407687663
0.00070156365432763
2.8112148909345e-05
4.9986058501306e-05
0.00023168431012504
3.6038029234958e-05
0.00021120180403817
4.3562356233842e-05
9.2881263890733e-06
6.4460968828227e-06
1.3521644891335e-05
0.0001044572705907
-2.3022776016812e-05
0.00064878514986292
0.00081855895722154
0.00066876565701109
0.00075901185169714
0.00096968902934957
3.7487775608042e-05
0.00021355961302876
0.00016216954614313
-8.0219870711736e-05
0.00048949507837866
0.00045225330618722
0.00027405640941464
0.00032175900050438
0.00028986370805877
0.0001450935137402
0.0009651961331215
0.001001834478437
0.00043856729590142
0.00025164704880502
0.00042276343489507
0.00025824648869534
0.00018543513735557
0.00023226623422455
9.4250881665681e-05
-3.2223536637927e-06
0.00014633027279498
3.5728958343711e-05
-0.00015757654068885
-9.572439617035e-05
4.6705130310737e-05
-8.1576893409044e-05
-0.00039760556451363
-0.00020957928695703
4.1118102702012e-06
-0.00036972897255071
-0.00023512613077396
-0.00012729053238942
-0.00027418730640033
-0.00019004847347367
-0.00019292581869317
-0.00013123592898584
-7.2678116838507e-05
-8.5610189006131e-05
7.8612096884832e-05
-8.362135161466e-05
-6.5626951939403e-05
0.00012860724190556
0.00021742686701361
0.00034105170615476
0.00021112336614525
0.00041020926068746
0.00051749123569745
0.00035834477396418
0.00026017903609124
8.8094090432057e-05
0.00073181939236832
0.00010818739545871
0.00029181135584862
0.00064582621708644
0.00062159578815031
0.00028120058781895
0.000384674132231
0.00011068498114695
4.3109991487957e-05
0.00016676858962627
-9.6984168756677e-05
1.2668509547232e-05
1.7835284378022e-05
-0.00014867762966514
-0.00029644509065697
-0.00025801587253142
-0.00031849645635367
-0.00024264758834585
-0.00011624674364264
-7.2005108993095e-05
-0.00023020536006821
-0.00040099817859448
-0.00037745823848152
0.00074406388027225
0.0003813784082858
0.00038922840439105
0.00034092292264224
0.00062792198488454
0.00056688386729256
0.0001733192533273
0.0003534428148333
0.00089735761249256
0.00087805689171201
0.00071238031808218
0.00082257154681463
0.00098768405142729
0.00034182219929811
0.00051960023616818
0.00051879571611728
0.00085313432184655
0.00053675823723582
0.00061712457482283
-0.00028387704807743
-0.00028370904728489
-0.00028300853520926
-0.00030885806842598
-0.00014130877687972
-0.00028929085206837
-0.00025314407438802
5.1904751003306e-05
0.00012844917161326
0.00010111080906552
-7.8693130006074e-05
-0.00014597291412998
-0.00017197084079384
-7.6299046022709e-05
-0.00023558900777595
-0.00039105331053225
-0.00039774511888928
-0.00038991358132531
-0.0004983075192474
-0.00015584830277607
0.00084193324015828
0.00075870908127046
0.00066623622628219
0.00076683078458673
0.00098653621849991
0.00044509307820272
0.00029581162826299
0.00032471474616928
0.00016844534577155
0.0005543258773315
0.00020381628274068
0.00032131849187144
0.00046896517786867
0.00014972953604875
0.00018771004235861
6.2764499265477e-05
0.00018594286362269
0.00016281847017181
7.5554443034668e-05
0.00097927279501968
0.00080257465498802
0.00087393933778876
0.00080499018611176
0.0006637880045259
0.00054826087715095
0.00056134573440466
0.00042528866139741
0.00059336588035475
0.00040722610434157
0.00033959559527513
-0.00021064358763778
-5.5719454640425e-05
9.7116834929478e-05
-3.0704847080096e-05
-0.00010835634508442
8.869146699017e-05
-7.5116190941843e-06
-2.8029464966991e-05
0.00027445056108881
9.1921067443406e-05
0.0010211427839923
0.00087311482881547
0.00092888755811529
0.00094312002613442
0.00097411114894222
0.00071537728373542
0.00072787966139547
0.00075534915799903
0.00067894951319429
0.00087400891771971
0.00068305109857908
0.00068892628434567
0.00082219481194381
0.00074705156728471
0.00084994382537196
0.00057725470208086
0.00053991820866757
0.0004773933649168
0.00054741414807006
0.00032717405478279
4.782551717615e-05
0.00030912671068766
0.00012587325802584
0.00012991687156995
3.45059489003e-05
1.9677918964096e-05
0.00048107733916996
0.00029019640283261
0.00049900349643351
0.00035614908718438
0.00038816366644394
0.00036883233343485
0.00060968254351935
0.00061281602309166
0.00082946552949282
0.00091967832734833
0.00073580288498392
0.00039929840144215
-6.8675651373711e-05
3.1937229017676e-05
0.00058146260408606
0.00041758475383787
0.00051148068185704
0.00036860638271633
0.0005169550366539
0.00037035691068386
0.00034592393806192
0.00015614934416752
0.00021290992968429
0.00024915029212978
0.00038559738806282
0.00034082599320174
0.00040325576069823
0.00053503254988793
0.00056387058248927
0.0003944596955004
0.00023832966136845
0.00031227714062078
0.0002560550228512
0.00029004023162705
0.00010148103911872
0.00018382903784906
0.00049634100246077
0.00043771821017003
0.00036191425199921
0.0004942820387178
0.0004200382443603
0.00038288355665691
0.00061204658359067
-3.4217620107926e-05
-7.7081989291473e-05
0.00013782067527202
-3.1976179525848e-05
-1.935630002991e-05
-2.0787245741799e-05
-6.0442852875051e-05
-6.5410631910668e-05
-1.4501917332703e-05
-6.8935656712504e-05
0.00066292481108293
0.00071592591812767
0.0007337471424331
0.00061424844962562
7.1604732123578e-05
-5.7279012680817e-05
0.00011944269372795
8.6367893378985e-05
0.00018907820142899
-0.000151353489527
0.00030393770105187
0.00027953560395851
0.00015009169554917
0.00019017517259812
0.00015332099676514
1.7670931418901e-05
0.00090740947302562
0.00041895658745013
0.00022143462328547
0.00027345254963966
0.00016827813276334
4.7206059556929e-05
-9.9835797062968e-05
3.8908751946208e-05
-6.4014242506268e-05
-0.00024677087339524
-0.00019883121942216
-1.4955499949245e-05
-0.00046671934683431
-0.00032182457195148
-0.00044201930191251
-0.00023634644827207
-0.00027416844211573
-0.00035910467343089
-0.00021778353257333
-0.00027820497650792
-0.00015922672393461
-0.00014263695923996
4.6812716563591e-05
-8.2159656391659e-05
-0.00018341503801718
0.0001210666507708
-4.6115008407606e-05
-0.00010957301402445
-0.00013093913041345
0.00013209924985475
0.00030677445166472
0.00016042393172117
0.00034053402440545
0.00039525039280823
4.9700664439844e-05
7.295166603405e-05
0.00071687854433779
0.00011389426555548
0.00017816146493407
0.00059959507828786
0.00058151523296786
0.00032598992585434
0.00017331924638645
0.0004617699415079
0.00033237884353651
0.00012100996856322
-6.5567465617111e-05
0.00014276537201421
-0.00018396442267248
1.5845989098523e-05
2.6004924513782e-05
-0.00020523767245001
-0.00031311373925436
-0.00034508257132048
-0.00030000382136524
-0.00030766181755403
-0.00025792930110248
-0.00019011429514126
-9.4916271013488e-05
-0.00024095342251874
-0.00047407210512018
-0.00043951371388874
0.00062043047080753
0.00031276947801954
0.00037323097237733
0.00043093915411679
0.0001849894338838
0.00061838589185365
0.00056128521594486
0.00021185246163585
0.00073947712429759
0.00069486408266954
0.00069950882761892
0.00039791915676002
0.00020434700936141
0.00044613959554757
0.0004280398688386
0.00071389174885705
0.00044865335497144
0.00058427827500202
-0.00035823563270558
-0.0002641064059365
-0.00040062190456656
-0.00035715251202951
-0.00035204694966768
-0.00025803893979473
-0.00033376284894405
-0.0002896840543327
0.00010800540853955
0.00017567667046556
-0.0001583694529334
-0.00017317316110453
-0.00011146968392069
-0.00032990404588737
-0.00043697997378099
-0.00041448107373853
-0.00048764899854079
-0.0004823004873873
-0.00034066246059722
-0.00053841943187242
0.00069447013579714
0.00077945899156122
0.0005485015831568
0.0005910229443864
0.00051847686268851
0.00091367544579497
0.00025233225195479
0.00037452744081243
0.00019828658016354
0.00014141423009122
0.00035436066557518
0.00023477756969506
0.00029819203902076
2.0165774296286e-05
0.00011033568095154
-8.0819941992348e-05
0.00018398911902987
4.6828441673924e-05
3.2566766702517e-05
-2.2275617535971e-05
0.00084062748016882
0.00075960982520907
0.00065754755209344
0.00058115906947664
0.00061800028707944
0.00046367715066659
0.00053954492073813
0.00040162684442451
0.00042071166489426
0.00029451711756506
0.0002923041099559
-0.00011043682163662
8.1130019913222e-06
9.4642722208029e-05
-5.135488558167e-05
-0.00011896505022479
-5.6164790533734e-05
-6.7343997309556e-05
0.00026534354720208
0.00010183750964924
0.0009295436914718
0.00080320090050861
0.00073973573726828
0.00076524988911634
0.00078943473094523
0.00082266011975796
0.00068405488717706
0.0005792716293872
0.0006175010659554
0.00061662058722911
0.00065373751517845
0.00059313142004516
0.00068276439838594
0.00062396497928601
0.0007065587538555
0.00070574653750655
0.0005324273026081
0.0004861454540599
0.00049075726937497
0.00019663842723305
0.00016690333266981
3.4670175263858e-05
0.00014992604870463
6.5974723658217e-06
-7.320883649237e-05
0.00041834056305938
0.00012074439915198
0.00031808376111685
0.00034989683414311
0.00035637057123475
0.00017446485888239
0.00025278811148766
0.00022260350739675
0.0006320362652051
0.00046707883827499
0.00083585182171898
0.00052459193802311
0.00032816828117427
-6.2158084363109e-05
1.855627838169e-05
0.00046532109220157
0.00033562775533501
0.00043791458230323
0.00052638320879176
0.00038695015370817
0.00037727845252659
0.00031393577556852
0.00029032218975974
0.00017051119678132
2.4360494340625e-05
0.00023461046667119
0.00029065791680242
0.0004526191411764
0.00045701992586236
0.00037409514890838
0.00017934027593376
0.00023295974821902
0.00029399939991283
0.00024110047506166
1.8835726634327e-05
0.00011556506216906
0.00021953881941851
0.00037988289858251
0.00046793092519378
0.00037360533290408
0.00033662792985583
0.00025296144566377
0.00053825224881953
0.00055565822239994
-7.9281619955843e-05
1.2741272517304e-05
-8.9326675703562e-05
-0.00010144054848083
-8.395378279202e-05
-0.00014232345309953
-0.00016506296332025
0.00054545866835673
0.00058847895204085
0.0005481067740222
-3.4542040396552e-05
-8.8794215431636e-05
-0.00014200618516621
0.00013662068848613
-2.1444298114377e-05
0.00018961641049156
-0.00017861383651506
0.000196379403312
3.2450171109849e-05
9.2515429664178e-05
4.9601955640237e-05
-5.4594054359119e-05
0.00076660549419103
0.00030032795397106
7.9100866026675e-05
0.00024750195191457
0.00011008461901872
5.1675911131709e-05
0.00026955885885672
-9.0734115857912e-05
-0.00019769956728553
-7.2526025374572e-05
-0.00019309820064659
-0.00029131408179975
-0.000365229483275
-4.0970443582567e-05
-0.00051491989318232
-0.00038331922086318
-0.00050800359617961
-0.00026955311262615
-0.00035965593936722
-0.0002081881113149
-0.00029960497433318
-0.0003212378857713
-0.00015033011571955
-0.00019215659668291
5.7788526448774e-05
1.1250273972367e-05
-0.00015398523000189
-1.4022955117646e-05
-0.00021816721728258
4.4137155099457e-05
-5.9081936771216e-05
-0.00018025886269731
-0.0001851019841882
0.00017112347953027
0.00026612982559574
6.5838266261269e-05
0.00020521659903898
0.00031123419910696
0.00035038473348133
5.4368900555265e-05
5.5544933967754e-05
0.00064954719173939
0.00013398635778112
0.00012787854556237
0.0002121804409748
0.00044334741902933
0.00021354150602079
0.00040945926192264
0.00035984681219249
0.00022873897125957
0.00011122954463196
-8.6187424636611e-05
0.00020553058652136
-0.00021468163299342
3.7578781868445e-05
-3.291902455741e-05
-3.4769808085664e-05
-0.00020990401681353
-0.00029748127586036
-0.00038044742263151
-0.00040569471005951
-0.00036083747108474
-0.00036403551772294
-0.00032915047579952
-0.000229128212919
-0.00011563342507624
-9.078994656356e-05
-0.0001657388240331
-0.00030503762034493
-0.00051926144821989
-0.00044506508818871
0.00029963211573755
0.00033462298609009
0.00035105349619806
0.00055475921751275
0.00049236152741531
0.00044252998415398
0.00055817986039617
0.00064029084314241
0.00058727586199849
0.00063156075967931
0.00034460631012924
0.00017518462518274
0.00029937612486415
0.00063670614625676
0.000319072346737
0.0004731601671968
-0.00033134166705062
-0.00040679119440509
-0.00038393423729159
-0.0003781333415537
-0.00029625447309953
-0.0004144209294792
-0.00039342211015225
5.0339180100641e-05
0.00014138467217379
-0.0002543897111398
-0.00012290839758054
-0.00017442408314212
-0.00026957599988749
-5.2253007275559e-05
-0.0001769084742593
-0.00036055379638803
-0.00044098505935988
-0.00046909893707666
-0.00049899733085639
-0.00050254932985623
-0.00041371539769452
-0.00052228817748906
0.00057762747296115
0.00063731523688982
0.00040932824345227
0.00044023164940671
0.00039673392562521
0.00077422026981056
0.00014698698677623
0.00018803016809617
0.00018255082440108
0.00030389360452735
0.0001951965888657
0.00024925823358077
-5.5098408273857e-05
0.00017385708080169
-2.017379298004e-05
-0.00013566411949932
9.4931776091324e-05
-6.1542226477782e-05
-2.5987918917176e-05
-7.0256756290646e-05
0.00071980014085142
0.00068113332506863
0.00044788697471955
0.0004659885507485
0.00033520865460952
0.00041794548064101
0.0003280481102209
0.00018607644268774
0.00024114030906868
-0.00011203745144873
-2.5931920433808e-05
-5.6475550369371e-06
-0.00012251923176645
-0.00020804399087367
-0.00014769114545144
-3.3967833477483e-05
-0.00016993065477257
4.0593334736755e-05
0.00078775473881585
0.00064902677545801
0.0005737372817514
0.00066411041507385
0.00074914240097298
0.00065776020561516
0.00056040394926779
0.0004874200048273
0.00055501941571953
0.00053173493268571
0.00053211172665796
0.00049553451801697
0.00060590769896929
0.00062205490104397
0.00059122294285595
0.00044491492068939
0.0003817267957662
0.00042536091084455
9.4604177467589e-05
0.00015503459836589
-6.6880464383891e-06
-7.2312849578014e-05
4.3622838154745e-05
-9.5006084647331e-05
-0.00014777311065888
0.0003208878630352
6.847899426832e-06
5.8662994740081e-05
0.00018371461646765
0.00019709376212419
0.00033271685642657
0.00031779858322144
0.0001323132986272
0.0001015965479614
0.000182217866035
0.00055947507700538
0.00044371159583118
0.00067987006637426
0.00049331945237413
0.0002081272531328
-6.2765333853789e-05
0.00034300836541504
0.00029335827496183
0.00026095680813605
0.00034283998398877
0.00039348026542809
0.00023198741289008
0.00020831492940413
2.888422220394e-06
0.00044862864883655
0.00043403005670156
0.00028403446487387
0.00011079454712046
0.00014308887803059
0.00019634278598745
0.00016279835609733
5.3456926930223e-05
5.2837019773482e-06
0.00014762824496818
0.00033568829047211
0.00036914004330572
0.00031550110141107
0.00025419949515267
0.0002007975321504
0.00043248315193791
0.00045081863305172
-0.00018795718317511
-2.6973630082026e-05
-0.00020279023169041
-9.0460139772892e-05
-0.00021216003101048
-0.00017416148116726
-0.00022217162612042
-0.0002635139984624
0.00052081864230533
0.00042467111582
-7.2797211017285e-05
-0.0001601117765455
-7.8385439098382e-05
6.4945136261969e-05
-3.7684372684273e-05
0.00014171759075178
-0.00019217395923903
4.3664922105272e-05
-2.2217849398596e-05
-6.6173967840281e-05
0.00066263102203053
0.0002335958851339
8.2509857222049e-05
-2.3482471281709e-06
0.00017722151162434
-2.9394794301957e-05
-6.0895105114327e-05
-0.0001624313801204
-0.00027612835330472
-0.00019703169843267
-0.00027725338528249
-0.00020468250432508
-0.0003583537176695
3.3515772257553e-05
-0.00049485419369589
-0.00041781660796239
-0.00049038150935045
-0.00034559872825702
-0.00043290977323938
-0.00040014454163633
-0.00030580584832614
-0.00037298523994037
-0.00040628820860873
-0.00028446111082791
-0.00040073571178508
-0.00020010575506858
-0.00010568662679661
4.8732641714568e-05
1.4198327963831e-05
-0.0001290226437414
-5.3606073181512e-05
-0.0003047874454685
-0.00021799153304207
-0.00013264585863262
-0.00027051895231986
-0.00026045441738732
0.0001475062634413
0.00014656478118918
6.3845030637121e-05
0.00016147466990567
-5.7332545303507e-06
-5.0279306349603e-06
6.2523523057514e-05
0.00010405368102784
0.00015472767235188
0.00040208107452869
0.00015916324468697
0.00018118238966661
0.00036140329024517
0.00026274781222615
0.00019782910920589
3.1950751516636e-05
-0.00015729261723621
-0.000283960993938
-1.724413174625e-05
-1.0816090081005e-05
-5.5628247983575e-05
-2.6475613235375e-05
-0.00027715071680811
-0.00031819226398138
-0.00045566508887903
-0.00039376744864101
-0.00040906521631704
-0.0004247194835095
-0.00035932140772894
-0.00030952204636353
-0.00035157728838577
-0.00020735296230461
-0.00013495118138084
-0.00016601565641191
-0.00015153036939862
-0.00019742534463008
-0.00017810911484148
-0.00025998325458383
-0.000519584993605
-0.00048077164500078
0.00020312203189128
0.00032304980768765
0.00022504232820491
0.00037477641422558
0.00031511297261103
0.00043691088083811
0.00040566994355583
0.00044705557472273
0.00056075405872093
0.00046006135682782
0.00048951906247922
0.00026003115122057
8.9724948867382e-05
0.00023473302839221
0.00052388812879307
0.00028686817090069
0.00037465643112125
-0.0003756409875846
-0.00049143810559288
-0.00040731949180937
-0.00045849195702587
-0.00046147742088748
-0.00037748404020871
-0.00041216037406342
-0.00033003283305858
-0.00012801335872132
-0.0002308135927205
-0.00025138956489323
-0.0002960825552189
-6.3747665691606e-05
-6.9187173796533e-05
-0.00025383891873845
-0.0005145990808444
-0.00052126589002831
-0.00055087463762417
-0.0005161921477566
-0.00057775376198081
0.00059091929139765
0.00056040264169422
0.00045991261729588
0.00033731010212751
0.00035172267300841
0.00030560904378321
0.00065128013195494
-7.5186576829877e-06
3.3536836758695e-05
9.2680516075271e-05
0.00022881069154719
0.00010989590591108
0.00015011471322045
-0.0001068408011735
0.00010586266839479
-7.2617349118465e-05
-0.00016459432364353
-0.00021685684352863
-2.6905525849252e-05
-8.9146288310471e-05
-0.00011462377256532
1.6039114400324e-05
-0.00017010030922707
0.0005111085683356
0.00041099324318196
0.0003649800397665
0.00036828292394089
0.00030404533624809
0.00025558611102983
9.7258707489233e-05
0.00023498824200628
0.0001282904509862
-0.00020115372266002
-2.5303661951265e-06
-0.00011907446921046
3.4141645123188e-05
-0.00017036815489196
-0.00022305063405984
-0.00022589301213949
-0.00013356254835048
-0.00020865631518176
0.0005619110089297
0.00056089877113583
0.0006091520546619
0.00062969777675648
0.00046580615085897
0.00041134551149685
0.00044163885695772
0.0004136811017825
0.00042683844642887
0.00050763669556633
0.00038206153528273
0.00057641729549396
0.00047162941649543
0.00031568146085265
0.00028810448215714
0.00046916155874032
7.7474465433317e-05
-8.8897437683321e-05
6.4592186995286e-05
-3.8976424285893e-05
-0.00012743925782471
-0.00012313478224429
-0.00015733812002105
0.00020310393136668
-5.926971525139e-06
-6.2848542631689e-05
-2.356722125742e-05
0.00016413997720204
0.00019564409987052
0.00025257264484094
0.00024792533101765
1.1844169704533e-05
0.00016434982964798
2.3666828961966e-05
3.7908048847463e-05
0.00037918397260752
0.00039789288415855
0.00013389707147059
0.00029316757430432
0.00035275878927174
0.00020302351967236
0.00030547607094268
0.00019256316726289
0.00011783414686575
-5.5430848192819e-05
0.00036025199663147
0.00021599772975383
0.00011543589946195
8.2669585357339e-05
0.00018689087507044
0.00014900179022774
7.8263817065474e-05
-5.4870007338867e-05
0.00025153890040586
0.00029488300842585
0.00019531906858454
0.00017201407005479
0.00012296908647372
0.00038574242470345
0.00039345081336628
-0.00025813155230312
-0.0001770685497063
-0.00025824441874188
-0.00025342632459423
-0.00029100317758855
-0.00032216023969618
0.00036658785226797
-5.3947697348273e-05
-0.00013998637174044
-0.00017149251304753
-0.00021584958355033
-0.00015191061797511
6.9728224346505e-05
-8.3958722040129e-05
9.389824865168e-05
-0.0002037866597202
-0.00027404776904476
-7.4659477972153e-05
-0.0001852829294037
0.00059602332852306
0.00023332363150219
2.6024294624715e-05
-9.0707085905165e-06
6.6254667323674e-05
-5.1185899701956e-05
-7.9420015861981e-05
-0.00023497225762526
-0.00018497573542884
-0.00032298352209417
-0.00028498636190225
-0.00043778016146194
-0.00037421051102215
1.4479008737961e-05
-0.0005390582242284
-0.00048685388728492
-0.00053803841552902
-0.00041713359468568
-0.00034046489636322
-0.00046154648849687
-0.00039060498175445
-0.00037688295036926
-0.00039259779825648
-0.00046064326355051
-0.00032198185454496
-0.00026492388878589
-0.00018224534233963
-0.00014231209819435
-2.1080166189203e-05
-5.155945123091e-05
-0.00017517902060987
-0.00015694842260501
-6.1328179501499e-05
-7.2164178042453e-05
-0.00033783134696875
-0.00030095646806145
-0.00018878853422053
-0.00030638205021216
-0.0002922871439713
9.2559921880245e-05
0.00020114224317119
9.4223084200859e-05
-8.3907851527022e-06
6.5973926145563e-05
1.4336072599132e-05
9.3287365586458e-05
0.00010936206189482
2.4386462214905e-05
0.00012048969776723
0.00014818814206402
0.00026030126866413
0.00043599173474502
0.00021346113947016
0.0002603545277856
0.00013481691686192
0.00016901019740101
5.91079957296e-06
-0.00020871562511515
-0.00013319086760335
-0.00026286570591741
-0.00032723219187382
1.6214063065016e-05
-1.4695447224977e-05
-0.00012984189525432
-4.968392705347e-05
-0.00032757954275614
-0.00037758708826916
-0.00037376186721178
-0.00044203800595814
-0.00042654659191759
-0.00046064101312476
-0.00041073053558296
-0.00035245308473873
-0.00032434383621313
-0.00035910176408786
-0.00035459577098586
-0.000407977475341
-0.00024657558353265
-0.0001758562651615
-0.00017674147450422
-0.00019435998767715
-0.00011517361138325
-0.00020141768567781
-0.0002528360319914
-0.00029659268584469
-0.00056788756294508
-0.0005383820400599
0.00018455809153329
0.00022084393079211
0.00017570377460712
0.00016850537123617
0.00037946336453851
0.00024619737729962
0.00033842926042368
0.00037845213113424
0.00034687767498264
0.00045223284243074
0.00041964169392205
0.00044284445334123
0.00020845276197469
0.0001213589651943
0.00017161399221287
0.00021603019602096
-0.00044881501095836
-0.00035697669296039
-0.00052178176205978
-0.00053726631955258
-0.00048922195518055
-0.00049690524151809
-0.00044482106042255
-0.00038134465920329
-0.00032903266703942
-0.00018800203622221
-0.00025158234586313
-0.00028831089840934
-0.00033999269543264
-7.8397638946386e-05
-7.8171309414535e-05
-0.00027158126468391
-0.00055003146638949
-0.00051510868544849
-0.0005913909902656
-0.00056122529800162
0.00056806108626971
0.00048472073036407
0.00044471511335123
0.00038048100098647
0.00023176690718633
0.00027751035900687
0.00022843816810604
0.00054450286743831
1.1452089458449e-06
-4.5161804629253e-05
0.00012506790113267
0.00014160157015861
7.3065743727656e-05
4.4806131481037e-05
0.00015018945970916
-0.00022673943334369
-9.905949954892e-06
-0.00012506626941763
-0.00024104734334538
-0.00028557950441134
-8.359007270617e-05
-0.0001011014978716
-0.00019654400073095
-5.2950822140328e-05
-0.00021387935934549
-3.4167305476848e-05
-0.00024064908454779
0.00051702337774696
0.00033899061122321
0.00030714826768581
0.00031735856471645
0.00015113382961768
-1.5069331853223e-06
0.00013046787084399
3.5735956945153e-05
-0.00023055759654042
-7.2734173861107e-05
3.122947056803e-05
-0.00016619639106007
-0.00014951380220649
5.9323883903901e-06
-0.00023598723361102
-0.00025395466580286
-0.00030337130577069
-0.00030289843548755
-0.00014208369859098
-0.00018211342924018
-0.00028841413431263
0.00046745449991907
0.00050373486293987
0.00029402782352331
0.00039858116737685
0.00038844610675602
0.00035403077558828
0.00034279331472172
0.00039628169260334
0.00033415395820647
0.0003283645687175
0.00047408667924652
0.00042318685832304
0.00027313434358971
-1.801837040127e-05
-0.00016945004721084
-0.00010353195936088
1.3132786010092e-05
-6.6184030311679e-05
-0.00015708309561903
-0.00023927115384585
0.00016766242329434
0.0001273099805656
-7.9251879867123e-05
-0.00014170621220624
-0.00010448381624435
6.3341597652532e-05
0.00016855811150264
0.00028268732706163
-3.0152698967319e-05
8.8647051645044e-06
4.8305051909577e-05
-5.6545677387458e-05
-6.4017802272517e-05
0.00034215220147525
0.00033783264378237
0.00012755788983857
0.00028242925001288
0.00015321753692661
0.00011262480451646
-0.00012652171423058
4.5795003565168e-05
0.00014622735521059
0.00010454515832697
0.00012532421142346
-7.2347302772008e-05
0.00015245333470349
0.00020034033366805
0.00021431674470314
0.00029135733428117
0.00012483209410024
3.8375191347073e-05
8.845064902064e-05
0.00033746170992338
-0.00033395879998505
-0.00029637956325457
-0.00029791587743011
-0.00034873184282939
0.00028843355238473
-0.00010104593800954
-0.00019331025229834
-0.00023150391367448
-0.00021976253508447
-3.4471243545853e-05
-0.00011156364216869
8.7061557621494e-05
-0.00027683903611375
-0.00027745888138197
-0.0003064780619689
-0.0001248220457182
-0.00023352021148009
0.00048978954606133
0.00014108928112519
-2.7617871154933e-05
-7.9623305585885e-05
5.3536927765574e-05
7.4619152416806e-05
-0.00019196406217678
-0.00032948631770888
-0.00024061838364595
-0.0002750288623214
-0.00033859256490312
-0.00042529018877632
-0.00029540302837687
-0.0004737611682365
-0.000459849162092
4.2041921101154e-05
-0.000556075628903
-0.00052237767164673
-0.00052821088263844
-0.00055008035655175
-0.0003986151722094
-0.00043974319927048
-0.00037437385675586
-0.00043764925771765
-0.00050136099939641
-0.00033189775676906
-0.00028728382770358
-0.00024183351489364
-0.00011108202908319
-0.00018093300450676
2.5828817167126e-06
-4.0971423436884e-05
-0.00022286038918882
-0.00021058757111131
-0.00012131479321095
-3.8548727990131e-05
-4.4560246212643e-05
-0.00039537165715892
-0.00034926656453527
-0.00029825857697581
-0.00025565720537454
-0.00035122966293423
-0.00036336110705405
-0.00032778779439605
0.00015620918069412
3.4388402122198e-08
0.00011515442230668
3.5691398225331e-05
-1.0330373194845e-05
3.4141662429376e-05
0.00012172282568389
5.4263871381024e-05
0.00025778851070072
0.00036603008197889
0.00015704542030514
0.00015851462503392
0.00025153558782655
0.00017768493368237
6.3522492379487e-05
8.4189808076134e-05
-0.00018836540516683
-0.00014855099139788
-0.00029495090421348
-0.0002912291077505
-0.00038179746517585
-0.00033283419212683
-1.5243096596956e-05
-6.9006382382019e-05
-0.00013697368036629
-0.00033203742841971
-0.00039584859806986
-0.00039601085258821
-0.00049346531973474
-0.00047484603754644
-0.00044694978853294
-0.000500283613393
-0.0004601188940349
-0.00040025745588748
-0.00036330163460345
-0.00035313705764865
-0.00037886091380572
-0.00045330263132535
-0.00023499157012394
-0.0002881875780591
-0.00024292521683075
-0.00014838227449073
-0.00015489973137696
-0.00015532088743065
-0.00012213329384964
-0.00025444858094212
-0.00016440978172756
-0.0003002392752411
-0.00060936783340819
-0.00053740267798261
0.00015479361833888
0.00022151270410548
0.00016155978714264
0.00016561438395975
0.00032093995905957
0.00021053131658834
0.00025288540327457
0.00030494045974187
0.00024950037469585
0.00036740381017896
0.00031491666567243
0.00035799095594688
0.00016802575666321
9.6085174015542e-05
0.00013560060945015
-0.00046856599866744
-0.0003757959051638
-0.00050015656537185
-0.00052451851735058
-0.0005006397535117
-0.00049202471735101
-0.0004316230171475
-0.00038396458005318
-0.00026967499197612
-0.0001536899388693
-0.00033473997560785
-0.00031743683136976
-1.376857671569e-05
-0.00053796017204433
-0.00054475185658086
-0.00056270256199445
-0.00059333112757208
-0.00054737168569268
0.00043981627645189
0.00039863273895533
0.00040113799695681
0.00037264730021413
0.00030140200077798
0.00017641972090978
0.00020154509028456
0.0004181174874774
-5.6541412582713e-05
-9.94700434002e-05
1.7266288434444e-06
0.00010239418223107
8.1691395964012e-05
5.2892072271772e-05
-5.627816922136e-05
-0.00027557836572664
-5.8524642984423e-05
-0.00021252036331694
-0.00029946156118118
-0.00034642064274077
-0.00015885562624374
-0.00015179163617933
-0.00028017818468868
-0.00016776764378356
-0.00024653567510303
-0.00013007186579634
-0.00031533266197413
0.00045189917391191
0.0002216745508584
0.00017753211585039
0.00018526992480962
0.00011987435298265
4.0109251380361e-05
9.9876150091204e-06
-0.0002945931268629
-0.0001003045165679
6.4990026894236e-06
-0.00022608914562668
-0.0001996869334029
-0.00015473131106801
-5.5390214820759e-05
-0.00029551338275499
-0.0003344268745773
-0.00020608558332816
-0.00035488725211541
-0.000159970813396
-0.0001981111222037
-0.00028672469199215
-0.00036073512658372
0.00038446488711924
0.00021839497103178
0.00029171473952556
0.00032051011645233
0.00030789782922728
0.00027922401102527
0.00040050011662912
0.0002376859623123
0.0003421032984622
0.00019908312246989
-0.00022728120469536
-0.00019415714022976
-4.671427851014e-05
-3.1833083172116e-05
-5.2452068316024e-05
-0.00014339843736792
-0.00021888010961412
-0.00028451270346764
0.00011380148755741
4.8067579477857e-05
-1.7616740011581e-05
-0.00017365143145249
-0.00020618038790859
-0.0001488963496995
6.6942394006071e-05
1.8284497413579e-05
0.00016525930613056
0.00024080399892993
-0.00011455396952448
-6.9102369241616e-05
-6.4798611634805e-05
7.3449729929625e-05
-0.00014764732936657
-9.2537979337814e-05
0.00022543235531417
0.00017238903347983
6.4217247829104e-05
8.4835576529873e-05
-0.00015379032816854
-3.9432525833231e-05
8.1126995096615e-05
4.6883195646197e-05
5.619769915188e-05
-0.00010935270354006
-0.00012423091921057
0.00010998373728383
0.00012960034662886
0.00014750952218188
0.00019166876251843
3.4792393204979e-05
-3.4456114856407e-05
-8.6084618404025e-07
0.00023616501789524
-0.00036064089575236
-0.0003684836696143
-0.0003672298124086
0.00018937345853595
-0.00017080607539174
-0.00023378596355389
-0.00024259069567804
-0.00026114564612067
-9.6836721382211e-05
-0.00017930689306904
-5.2679283646256e-06
-0.000298736158611
-0.00028514214296223
-0.00031769357903927
-0.00018800976766155
-0.00022931450837599
0.00037277964395085
-9.2267201690241e-05
-6.6054374251152e-05
1.2160045965094e-05
-0.00019783611458993
-0.00015980847364096
-0.00029892486210269
-0.00031541424502293
-0.00041125529211452
-0.00036816421579434
-0.00048942342178462
-0.00048276472542152
-0.00060039509009228
-0.000480868030726
-0.0005575770629197
-0.00057037173082455
-0.00058584549931486
-0.00042660033932258
-0.00047761593509107
-0.00043966809270729
-0.00049273107032191
-0.00043100184360561
-0.00050379466144299
-0.00038395630410483
-0.00025037973946714
-0.00026382770619094
-0.00015742093449317
-0.00019091950158173
-1.0104929880892e-07
-0.00011831169683786
-8.4808119122618e-06
-0.00018972615915383
-0.00018568361538969
-9.7413424681843e-05
-0.00010061303528249
-0.00044298027056454
-0.00031786835956174
-0.0003980690686138
-0.00030137432778996
-0.00030375008871165
-0.00043216323485639
-0.0004250929990958
-0.00038338972097865
-7.054306760041e-05
9.2115007446475e-05
-1.7297616134497e-05
-6.1309614478898e-05
4.4024065786475e-05
0.00020660589905695
0.0001872614072775
0.00030869439329478
7.6410898702662e-05
0.00021117224720555
8.1533473373694e-05
0.0001986941599252
2.547731382137e-06
-0.0001429625110163
-0.00024340364802974
-0.00033442716267376
-0.00027615734369987
-0.00033872594481929
-0.0004101349123086
-0.00036947411403492
-6.3385145387526e-05
2.5162748655043e-05
-8.0547049776208e-05
-0.00039275038176319
-0.00034151820115153
-0.00040737581554396
-0.00045062507775162
-0.00040122804653266
-0.00051456471273364
-0.00050796206620184
-0.00045980937968714
-0.00045302604396079
-0.00050824721157631
-0.00050978606054215
-0.00046112934173376
-0.00038741503860667
-0.00040881562154079
-0.0003880225174842
-0.00037636544589255
-0.0004156929556449
-0.0004410834197067
-0.00028462211356767
-0.00024282646965083
-0.00028417263403031
-0.00025795799352536
-0.00020252141957264
-0.00014302174620215
-0.00014342799299996
-0.00021194208402083
-0.00015797264255532
-0.00012858767919781
-0.00025861603345381
-0.00020788280423216
-0.00034676622537642
-0.00027436592027736
-0.00061855359570486
-0.00058172306748495
0.00013293499966317
0.00014707917136685
8.5796340283961e-05
6.6339066411597e-05
0.00018838908050469
0.00020583715097872
0.00019113350782264
0.00021482135697687
0.00022885430064707
0.00011185925509734
-0.00042775602059806
-0.00039416819678323
-0.00055813837708189
-0.00049356292078649
-0.00058771466721591
-0.0004477563047696
-0.00056390134582289
-0.0004690014805429
-0.00044989808938709
-0.00029759657927958
-0.00037566138297531
-0.00038460754022804
-2.164040817081e-05
-0.00059674683964073
-0.0005815470119462
-0.00056487129007596
-0.00060880890770474
-0.00057714893858094
0.00031766885993319
0.00038038905862296
0.00022001721278639
0.00011263729195394
8.8340865547555e-05
0.00015002443604439
-0.00012934312642273
-7.8340547833356e-05
-3.3496571304821e-07
-3.6993313012532e-05
-0.00010940587989446
-0.00033527104947667
-0.00012919982806379
-0.0002297542008728
-0.00031095930232062
-0.00035457266516597
-0.00024237953659127
-0.00024038114835173
-0.00032858985812251
-0.00029460053927928
-0.00031020062361038
-0.00010183208771402
-0.00021471285315425
0.00037469338388354
0.00015974730538718
0.00011367448438633
0.0001531761778564
4.1584141132989e-05
4.2128467708765e-06
-0.00032668073614261
-6.3718905513231e-05
-6.3960275475151e-05
-0.00023534143884393
-0.00024229578556661
-0.00018384631982331
-0.00019864711152915
-0.00031666156281053
-0.00035270674778587
-0.00025180437704504
-0.00038989126319174
-0.00022113417725053
-0.00018467646800059
-0.00028287005375059
-0.00035741895847302
-0.00040735652701267
0.00028116031284822
0.00015552496830901
0.00027497823888961
0.00023087253229048
0.00023388212328579
0.00020890016646385
0.00015211505558055
-0.00023178522051323
-0.00021069361269242
-0.00013534469261376
-0.00011440680090421
-0.00020197715651417
-0.00022892109450184
-0.00026657316552875
6.7988702006354e-05
1.728456338289e-05
-8.089971506723e-05
-0.00020472528583329
-0.00025885125481024
-0.00021476693197034
-0.00023352868738986
2.0469710435074e-05
-4.9084612649777e-05
0.00021728349992052
6.4888986918781e-05
0.00017729064704595
-0.00015383932550561
-0.00014870046248542
-4.7940794021193e-05
-0.00016082817316778
-5.5464182315837e-05
-4.6982737186691e-06
-0.00021078366146453
-0.00019205519855883
0.00010998758575067
-2.0992593293177e-05
-9.333645260743e-05
6.3956750903446e-05
3.8354739892375e-05
3.4542624921155e-05
5.9362734844393e-05
-7.2206735770349e-05
-0.00017410520247829
-0.00016743328541356
4.2295606520616e-05
7.8835531621267e-05
0.00017843508254804
-3.3148100362882e-06
4.6934873891046e-05
-3.8623496069788e-05
-9.306554000412e-05
-5.197582975383e-05
0.00018009337715034
-0.00042236005387825
-0.00036849642160234
9.4497229657242e-05
-0.0002010088278523
-0.00029098453607232
-0.00024205624827535
-0.00025765570950629
-0.00016670887413053
-0.00022001538034068
-1.1986542693147e-05
-0.00033797030487632
-0.0003085102422407
-0.00037008415122184
-0.00031478239678464
0.00031921659919417
-9.8168468549698e-05
-7.9784434509153e-05
-9.4558975351612e-05
4.6385511993398e-05
-0.00024370332264308
-0.00019911096692376
-0.0002729044507149
-0.00036150231153858
-0.00030522723467687
-0.00038672150130212
-0.00044053952909486
-0.000427977917583
-0.00045915040006252
-0.00049262944860574
-0.0006226231501518
-0.00050755328012911
-0.00049693926154572
-0.00058924697387053
-0.00052706514932593
-0.00055457972234555
-0.00062565434317442
-0.0004293575406804
-0.00047802182128299
-0.00042085902832434
-0.00048323771225169
-0.00056258390841372
-0.0002574100522437
-0.00026100063715794
-0.00021168571182454
-5.4233957203927e-05
-0.00014969001312449
-7.5182078274422e-05
-0.00023823711745752
-0.00016889361658341
-0.00010568049844551
-0.00047215734809819
-0.00043895483320476
-0.00035008540121607
-0.000396287430228
-0.00033725580942227
-0.00027997793389006
-0.00033645522279966
-0.00047337765623421
-0.00040652379559625
-7.893209722794e-05
-9.6413098756773e-06
-6.7060201477921e-05
-2.684074020879e-06
0.00015370206069512
0.00012572301970359
2.4152602509074e-05
0.00011238710510934
3.9939278647273e-05
2.4502839853942e-05
0.00011047935122588
9.5146646541685e-06
-0.00014436472363248
-0.00023453698683689
-0.00031420176474417
-0.00034506928826744
-0.00037490192137
-0.00045809056101207
-0.00038698956808582
-5.4611388365685e-05
4.1581181801288e-05
-8.6909222231267e-05
-0.00040910569287755
-0.00039044262456406
-0.00046303775191548
-0.0004953130647206
-0.00048045794920712
-0.00055189069619447
-0.00049433062871495
-0.00048046128178708
-0.00056122725990462
-0.00056894498252048
-0.00045316563336168
-0.00040740387020505
-0.00040707417076071
-0.00038359302569902
-0.00041755910285503
-0.00040330641891206
-0.00045892363511068
-0.00031220998758755
-0.00029234737676031
-0.00034304619967344
-0.0002936583099175
-0.00021036112067741
-0.00016463158936769
-0.00019055942385406
-0.00014354806674055
-0.00021774332826057
-0.00018060064255723
-0.00034217987501662
-0.00031216250111833
-0.00058095118988732
6.9379421352685e-05
4.5108145180362e-05
9.7120564778682e-05
9.5372487404707e-06
0.00013381080953282
0.00013926385345471
0.00017296657207903
0.00021930440183767
-0.00045629322568563
-0.00058086783860555
-0.0005884569033311
-0.00055586424213107
-0.0004871100736129
-0.00061879454928808
-0.00050274492144887
-0.00054855921268826
-0.00043797580075125
-0.00036402085633932
-0.00038813467486037
-0.00042127062131522
1.5160924040542e-05
-0.00061934987396831
-0.00059374324001807
-0.0006171428284851
-0.00061679410163983
0.00028154542787456
0.00015941988282679
8.4248493083204e-06
4.2261600057137e-05
-0.00025322737674768
-0.0001000806306975
-9.1180370603896e-05
-2.8653030131145e-05
-0.00019032101879938
-0.00032172802746712
-0.00026129393966494
-0.00028810331265183
-0.00028500404684472
-0.00033984774161802
-0.00031503217751007
-0.00037359070025122
-0.00036693366767648
-0.00015388315468253
-0.00021209963181388
0.00028281572066066
7.9012070148977e-05
0.00011048949407324
3.5898385967682e-05
8.901111499765e-05
-2.8024413622066e-05
-7.9402966198137e-05
-0.00037304709753344
-0.00012422318524125
-0.00012168119121155
-0.00029753630654372
-0.00029017856668798
-0.00023351792594642
-0.0001802482851923
-0.00021324706804505
-0.00037590195383904
-0.00031089691221053
-0.00039878874991944
-0.00040159230467031
-0.00024209362703798
-0.00024218249221141
-0.00023673178534821
-0.00028970955420379
-0.00035519669367869
-0.00030607430484728
-0.00040017928507856
0.0002248833461472
0.00019591017794816
6.9306477507369e-05
0.00022770820353972
0.00017621234810498
0.00011131851618267
-0.00029716113184966
-0.00024942932303793
-0.00019851295359159
-0.00012563236068439
-0.0001880349214937
-0.00025502427675531
-0.00033275533600958
-3.1040848331311e-05
-0.00026280998350852
-0.00028729604849206
-0.00022087317980498
-0.00029687174257696
-0.00026163261186889
-5.3894515528887e-05
0.00010430733609272
6.0158908789579e-06
8.1741053064688e-05
-0.00020766250535632
-0.00019472867707949
-0.00022792890120025
-5.7879711294882e-05
-0.00014853996686431
-0.00017226495097883
-0.00010835871961681
-5.0992935792267e-05
-0.00027112319422513
3.7973561900383e-05
-3.7991106071473e-05
-2.9417336087077e-05
-0.00012603399845392
3.4859007630123e-06
2.0495739401891e-05
2.6154913387912e-05
-0.00012680687730974
-0.00019056451792284
-0.00020062166546971
9.2668090121757e-05
0.00014263519858206
-3.1152886268989e-05
-6.1323501109929e-05
9.1451453693213e-06
-4.0003005881957e-06
-7.3220024268777e-05
-9.8683260995968e-05
-0.00016531035549971
-0.00047368594965869
-0.00042533267455231
-0.00018269429538058
-0.00026299403214292
-0.00031354042158347
-0.0002866729274409
-0.00030524470248726
-0.00025795220210284
-0.00037672585424101
-0.00038512048331989
-0.00034851101423925
-0.00035439775075562
0.00022966606904549
-0.00017513627835459
-9.6730190390832e-06
-9.5085335312036e-05
5.9250998818959e-05
-0.00023460083956919
-0.00014460562709623
-0.00027190418825426
-0.00031443352855449
-0.00041760604007762
-0.00034974957818139
-0.00033447958911343
-0.00039815088247894
-0.00045000956635464
-0.00049373467536745
-0.00047337477996031
-0.00046160351238499
-0.00046838191164997
-0.00063577584058012
-0.00052890967580476
-0.00047237980995845
-0.00052975934600501
-0.00057145074859534
-0.00052075194974536
-0.00056978594603717
-0.00063744612485066
-0.00051512155334578
-0.00044998940052632
-0.0005104751144478
-0.00059060085165504
-0.00030506509191999
-0.00020136530161358
-0.00011904984727657
-3.0737427901956e-05
-0.00025464474698966
-0.00017189300540937
-7.9819136959525e-05
-0.00048106181552004
-0.00045950072243063
-0.0003696214911839
-0.00033882959386988
-0.00041576748130682
-0.00043588517157344
-0.00038912952345698
-0.00031458855275697
-0.00037628995086071
-0.00038561647783032
-0.00045567755086243
-7.2033636609192e-05
-6.4614901104571e-05
-5.6471015041404e-05
0.00017795310238382
0.00012989732954145
5.5484804263098e-05
-2.9154815844051e-05
1.0415620459079e-05
-0.00018202423203017
-0.00023394444317319
-0.00027170999026842
-0.00035556145388227
-0.0003063955703581
-0.00035149577777931
-0.00037155069850127
-0.0004476581480751
-0.0003880265682631
-0.00011921198613043
-2.330236883211e-06
-0.00017144064750094
-0.00046376929996755
-0.0004089039473021
-0.00037802693786798
-0.00047203230686092
-0.00051420911140344
-0.00048904748069086
-0.00058745247510468
-0.00051744203414809
-0.00050375998596139
-0.00058046949556514
-0.0005817922882454
-0.0005781736908545
-0.00046486188308647
-0.0004383012109302
-0.00044192157547297
-0.00038976358203297
-0.00041520770109818
-0.00038855444200228
-0.00042919452713322
-0.00046190215549098
-0.00031830559948331
-0.00029096938631023
-0.00035106964967513
-0.00035229516399825
-0.00026553208064772
-0.00035033545115708
-0.00020818894113745
-0.00014926372511971
-0.00023046487082062
-0.00018279931054169
-0.00022313070303836
-0.00034891647452075
-0.00030993106736008
-0.00060898153612731
4.8351928976274e-05
3.7452707385111e-05
-3.8514467429099e-05
3.0575838790309e-05
0.0001145144096364
-1.3093174284591e-05
0.00019208632674005
9.8162668433448e-05
-0.00044827763324108
-0.00058141309638412
-0.00054704709406822
-0.00054909947425816
-0.00047120218731354
-0.00055941822813584
-0.00036828202124186
-0.0004310283929585
-0.00041224238815123
-3.2327043267992e-05
-0.0006130848065258
-0.00057122170711286
-0.00057910137237681
-0.00063000799462662
7.2984907766389e-05
-4.5310356981134e-05
-0.00030777887192363
-0.00017390609986315
-0.000160488859791
-8.3213341151776e-05
-0.00037695124779176
-0.00021251582748286
-0.00033629496040458
-0.00035832999339198
-0.00035165835689851
-0.0004148939877368
-0.00036918390032623
-0.00039789434665151
-0.00040101181892194
-0.00016773538976276
-0.00030488853998138
1.9658499118638e-06
1.3855308923978e-05
-3.5753720822384e-05
-3.5329465958749e-06
-9.7841567801745e-05
-0.00011379414186667
-0.00028214767675353
-0.00032993720507005
-0.00033560050674711
-0.00023142007448684
-0.00020797438839463
-0.00022127908687162
-0.00039279542463038
-0.00042623635991509
-0.0003449685383216
-0.00045242692345784
-0.00039792954219843
-0.00044783439651381
-0.00029552691201171
-0.0002853287588003
-0.00025189931203033
-0.00024615606394539
-0.00032957291501874
-0.00029732831471157
-0.00037655265236022
-0.00040424029402958
0.00011707895002541
0.000146469707078
3.4157265232683e-05
0.00017036328044237
4.3372182967822e-05
-0.00033911574917845
-0.00030942393722441
-0.00019830796908326
-0.00024547302234735
-0.00029805908408287
-0.00036165673241949
-6.4926922833063e-05
-0.00033002984849197
-0.00036682379393657
-0.0003078337620103
-0.00035057091581948
-0.00035576069828487
-9.5784294152628e-06
-0.00024476325406556
-0.00030158121728363
-0.0001301961171716
-0.00014535396514911
-0.00020018900669548
-0.00023593109099015
-0.00015909041938332
-2.300339382693e-05
-4.1709929323832e-05
-5.0944426579308e-05
-7.2563907087473e-05
-0.00017868856510505
-8.899295459639e-05
-0.00017308868390404
-0.00022026748514729
-0.00024589621350895
7.1537755203685e-05
-8.8457132360708e-05
-2.4509792293389e-05
-2.5439621827324e-05
-0.00014498629289239
-0.0001801419581668
-0.00021871315236799
-0.00047861753658177
-0.00045723296383612
-0.00023457273498143
-0.00033573157149241
-0.0003078193005001
-0.00033391033400147
-0.00034467622403203
-0.00031614310496618
-0.00025661101924609
-0.0004088097758118
-0.00037653570678549
-0.00041890527660348
-0.00037608542653839
-0.0003507918853214
-0.00021893754517484
-0.00017422102412839
-1.0949851746149e-06
-0.00027412759473272
-0.00019645379293536
-0.00015144277085957
-0.00031521258052804
-0.00034491576360024
-0.00046716402568919
-0.00043617881303254
-0.00034630149340691
-0.00036923887324805
-0.00034090525227679
-0.00035079117877893
-0.00044684565275485
-0.00043696139634343
-0.00051305841344105
-0.00049826141937248
-0.00045847147305621
-0.00042150147296193
-0.00052514697773242
-0.00061799285694116
-0.0005119664898337
-0.00047526716280569
-0.00052188817899529
-0.00062079192042195
-0.00056669692333343
-0.00058866559424146
-0.00062012179173615
-0.00048673686212515
-0.00050202796428922
-0.00055760618867058
-0.00060287867588181
-0.00028833622040809
-0.00017808714267052
-0.00023930209077043
-0.00021565088771765
-0.00029222238217139
-0.00012835659762987
-0.00046238922447538
-0.00053953262764952
-0.00040415266337206
-0.0003630755554149
-0.00039432205151606
-0.00044501417905772
-0.00046757712245842
-0.00041209383139727
-0.00039043013414089
-0.00032663365649311
-0.00037861031250803
-0.0004735491368164
-0.00010534461339443
-0.00012157796822881
-5.5788479066198e-05
5.3608041324979e-05
-8.4672284308945e-05
-5.4160973227039e-05
4.1568254839196e-05
-0.00015816187592839
-0.00020030068196922
-0.00027350917066335
-0.00020933878253025
-0.0002570191772841
-0.00033535722116644
-0.00033222211218847
-0.00037486045657693
-0.00039180509508281
-0.00046870042821125
-0.00042772036674685
-0.00014323659461817
-0.00011075641087207
-3.5828430413272e-05
-0.00018207368953916
-0.00049577578410961
-0.00045767307363833
-0.00039981479995349
-0.00050588365744787
-0.0005443123808731
-0.00053040429965406
-0.00052566402137356
-0.0004877898597788
-0.00058577243474932
-0.00051845455785155
-0.00055074352145232
-0.00051024523080142
-0.0005943301990538
-0.00061853492046795
-0.00057045348283915
-0.00057122269626238
-0.00042688324741026
-0.00041356532624336
-0.00044709681543447
-0.00040070622813361
-0.0004080542087187
-0.00045322794083325
-0.00037156841712373
-0.00031747900685285
-0.00032557563186455
-0.00038205839737967
-0.0003671807474438
-0.00026889385591369
-0.00028998511252174
-0.0002105432943258
-0.00022614454185764
-0.00017087643523917
-0.00020931080580915
-0.00027843473966602
-0.00037537590842419
-0.00033347855137745
-0.00034419720158481
-0.00059928354558945
-6.5660508428136e-06
-3.9526789747682e-05
-8.597560416799e-05
3.0065611272027e-06
6.2512843991766e-05
-8.1605085788988e-05
9.0873680058006e-05
4.5496359591323e-05
-0.00047799178543001
-0.00055102377873715
-0.00056254040920014
-0.00058521217642366
-0.00054132767748942
-0.00050669545287103
-0.00038501498769413
-0.00047262296088351
-0.00039023595129454
-0.00045034555038031
-0.00058649372116344
-0.00060122580004451
-0.00062033306909822
-0.00062754084314672
-0.00010372475197104
-0.00034818021048744
-0.00015768012311378
-0.00022725513127269
-0.00029023907456062
-0.00041970291723717
-0.00032779569931355
-0.00043567233191815
-0.00042287021852035
-0.00044625857535906
-0.00044531315393101
-0.0002385837430525
-0.00031029252411012
-3.991437225338e-05
-0.00010892436976284
-0.00018233129091052
-0.00032334498947281
-0.00036787703761628
-0.00035918241833326
-0.00026303407451598
-0.00022703363867564
-0.00025703562970224
-0.00042488472757894
-0.00044491483897208
-0.00034831351118531
-0.00045328491383666
-0.00043434066722169
-0.00046149751191234
-0.00032482723970081
-0.00031363936416957
-0.00029905309426549
-0.00033535974968482
-0.00031555973641459
-0.0004189059823548
-0.0004429567396198
4.502284117894e-05
6.9027664275101e-05
9.1380341178976e-05
-0.00034141342207413
-0.00032615151155522
-0.00026355868417959
-0.00030113285109793
-0.00025682033142557
-0.00037188261142529
-0.00033357179960254
-0.00039760103275292
-0.00035979486116712
-0.00038261487510098
-0.00038505265340321
-0.00031946220070643
-7.3158826244571e-05
-0.00025569230349413
-0.00035419263515757
-0.00033112965758908
-0.00013396046912126
-0.00017173734634732
-0.00022464867319318
-0.00026745934427934
-0.00020149416329066
-8.1636677242994e-05
-7.1168073712578e-05
-0.00011143111532568
-0.00022703806456927
-0.00017687425054832
-0.00012172659709161
-0.00017036836008968
-0.00025773109708643
-0.00018976117256128
-0.00028751401183275
-0.00011501661976594
-7.6847699243243e-05
-2.8756500998054e-05
-8.6911463696764e-05
-0.00015559423200816
-0.00020868850689698
-0.00051042955856425
-0.00048353100620267
-0.0004345086038475
-0.00023215634122365
-0.00025618686251426
-0.00039878979857534
-0.00038842754319255
-0.00040124852213087
-0.00035221779197845
-0.00038846781384632
-0.00038273113489043
-0.00032341040736025
-0.00044112548357882
-0.00041340862502221
-0.0004155698262855
-0.00047208389659539
-0.00039794586386526
-0.0004243413888586
-0.00021933649497349
-0.00021063818678064
-0.00027608301686668
-0.00018619639940178
-0.00030620456323153
-0.00032337082514966
-0.00051505048992832
-0.00047291916839345
-0.00040713304761918
-0.00036967404137895
-0.00038605200776789
-0.00040318568972299
-0.0003712429997478
-0.00041531616580125
-0.00037216853296992
-0.00045986732384982
-0.00046862218921979
-0.00054843202967586
-0.00049730980987427
-0.00050289566898385
-0.00043484486309351
-0.00053369082518154
-0.00062513547829817
-0.00053122533656888
-0.0005247005515831
-0.00062356517337548
-0.00064291309572889
-0.00056004714909144
-0.00050836538443888
-0.00054385501025117
-0.00057020164117715
-0.00030863079429519
-0.00022782967175074
-0.00019467011181761
-0.00024902102069952
-0.00032048778133436
-0.00029040553699912
-0.00012727589445641
-0.00042655159507155
-0.00048947226625185
-0.00054846936465956
-0.00043903208381786
-0.00035964018140693
-0.00039659153229379
-0.00041358907909884
-0.00045100888773567
-0.00048748261387314
-0.00047759528394651
-0.0004239322604691
-0.00041157933595753
-0.0003420747262329
-0.00040708571214139
-0.00050812473731123
-0.00012797088663655
-0.00012818189266913
1.9389851409063e-05
-0.00010115640440727
-0.00014264574829508
-0.00017358675874379
-0.00019374385791934
-0.00027993175754527
-0.00030832806738183
-0.0002465868898203
-0.00028973990450762
-0.00025172466645161
-0.00033462208443532
-0.00035779469853223
-0.00032581061798005
-0.00035666102459384
-0.00037839196283304
-0.00038015798876032
-0.00048071358703892
-0.00044784481493262
-0.00014928874149777
-0.00021083955099501
-0.00013915173358066
-0.00051844866313418
-0.00046550684290138
-0.00042614517573375
-0.00048194654688166
-0.0005444082865456
-0.00054004840428828
-0.00054807708201591
-0.0005093031494801
-0.00051641064577643
-0.00052686595287743
-0.00059788094624878
-0.00053376754474224
-0.00048422311657837
-0.00055723994478105
-0.00057479490617892
-0.00059278357352346
-0.00058298785530466
-0.00054552855347548
-0.00060161765194473
-0.00044818362430782
-0.00044065016962656
-0.00041603580359591
-0.00043617042954563
-0.00041065065336339
-0.00044001733017879
-0.00038511032288502
-0.00034446964537813
-0.00030129003322202
-0.00035043839648341
-0.00041031017396504
-0.00039225881926232
-0.0002996009837464
-0.00025502478181989
-0.00026229170267945
-0.00017512085694862
-0.0002445247014773
-0.00017499389964114
-0.00027971575479961
-0.00036584087956495
-0.00037627628840109
-0.00032489618896279
-0.00063461850628651
-6.6666613401967e-05
-9.9022041987379e-05
-3.3864260021061e-05
-5.1515792206178e-05
-0.00013796670384801
3.141661810863e-05
-0.00048994475072635
-0.00051984560729252
-0.00059791649820435
-0.00052871934624525
-0.00060568085148252
-0.00040791314173968
-0.00050993686235905
-0.0004221965421192
-0.00045230296387735
-0.00063608907284735
-0.00057828152981884
-0.00063253534819495
-0.00019263024965745
-0.00022636459598509
-0.0002760136786103
-0.00030107266084528
-0.00043715253440968
-0.00040059926115051
-0.00045532268845824
-0.00043225066117887
-0.00045554927197311
-0.00038197344183924
-9.9446748123202e-05
-0.00017380605753753
-0.00020748584642199
-0.00030000014552795
-0.00041100764973456
-0.0003630567923538
-0.00039620640496855
-0.0003503268500575
-0.00025945261736345
-0.00021402818281441
-0.00029561861495208
-0.00045353174145632
-0.0004975998153441
-0.00039059309595071
-0.0004496150077078
-0.00049432840235948
-0.00045677646500094
-0.00048969710993337
-0.00036664026932401
-0.00034816643636266
-0.00039842569935724
-0.00048008589760814
-0.00039871919258058
-0.00037254266938183
-0.00032139120834065
-0.00033391363539543
-0.00030914975218311
-0.00025438300347829
-0.00042603070359899
-0.00039861701789857
-0.00043603931312006
-0.00039505631143696
-0.00045107726297674
-0.00041256531733356
-0.00034288316253222
-0.00010091987156463
-0.0003081779507662
-0.00042252873277712
-0.00040718813990402
-0.00018319837349888
-0.00020540383116469
-0.00024973204990072
-0.00013490716186321
-0.00029592533340973
-0.0003126548910942
-0.00025256489637965
-4.6846621443322e-05
-0.00024689811597748
-0.00021805490296541
-0.00028298611949419
-0.00025718187733023
-0.00023286844448848
-0.00030050799166023
-0.00017859507882497
-0.00012276657753476
-8.6980873397344e-05
-0.0002089556295854
-0.00022786978314112
-0.00053996594721997
-0.00048773697470965
-0.00041339131791143
-0.00045998986555417
-0.00026159672163167
-0.00030867635181737
-0.00045814026717273
-0.00042821445275992
-0.00041209994147983
-0.00039177590417696
-0.00043337936016387
-0.00038131641998467
-0.00032648080518946
-0.00046596151841206
-0.00044004390333894
-0.00045074612695325
-0.00048566193810798
-0.00046661741997444
-0.00046408556851826
-0.00026634881671864
-0.00019339775213999
-0.00025601806782433
-0.00029142508538972
-0.00022847470402056
-0.0002938471345553
-0.0003558460973386
-0.00035128530074751
-0.00050477827049545
-0.00047466965108142
-0.00049894429032955
-0.00044150582665364
-0.00033645107298398
-0.00043243794712856
-0.00037985556689031
-0.00041920280905357
-0.00041860556074046
-0.00035730789919711
-0.00046835995917414
-0.0004321664754064
-0.00049400068757237
-0.000537357919996
-0.00053377946484504
-0.00049965596432167
-0.00047477303329321
-0.00052767256427759
-0.00063207386372841
-0.00054846174483286
-0.00050489590456101
-0.00058971481950848
-0.00063989426929047
-0.00059836115716125
-0.00055454219700238
-0.00056366467722266
-0.00056332231059978
-0.0003514705662487
-0.00021659465183861
-0.00033290521909941
-0.00032039519140426
-0.00018332659156768
-0.0004690628747508
-0.00049530070132218
-0.0005189661704274
-0.00057228123184579
-0.00048545054217263
-0.00043504560033815
-0.00038084443030877
-0.00039755264265395
-0.00047595761706339
-0.000539553309945
-0.0005251997553841
-0.00041368409336992
-0.00044516501909546
-0.00038694944435536
-0.000377954293773
-0.0004171856842042
-0.00015663903621274
-0.00023119766883313
-0.000271337556585
-0.0003098132319991
-0.00025426296242563
-0.00026993877380398
-0.00036661263212313
-0.00034637029938723
-0.00043503701797919
-0.00039419860471729
-0.00039746939783613
-0.00048999055294454
-0.00046577819774921
-0.00021502314485259
-0.00013709530654676
-0.00025832004452062
-0.00017769055075745
-0.00052504452226904
-0.00049256496538548
-0.00047276082281306
-0.00054580956575385
-0.00054694609916047
-0.00057321424029234
-0.00050747789490066
-0.00050886360478316
-0.00051875031647876
-0.00063581005783428
-0.00052925024900234
-0.00048598821623944
-0.00055865102641425
-0.00055328367188551
-0.00062039164795019
-0.00058547741358269
-0.00057062766039818
-0.00058276249928134
-0.00048614574694478
-0.00044373288048077
-0.00041975375013227
-0.00041763613142251
-0.00045937247984302
-0.0004662586973105
-0.0004177398813884
-0.00035107186663655
-0.00040038108628414
-0.00036793814703256
-0.00043514186456347
-0.00027812940300491
-0.00022589603360944
-0.00022777865585103
-0.00026445057059546
-0.00038171670513693
-0.00039036129714476
-0.00035549529875622
-0.00064286285902387
-9.185930972969e-05
-9.6554154380402e-05
-0.00014847520535485
-0.00051727025823061
-0.00054216260806364
-0.0005996537334356
-0.00052720153949273
-0.0006060928754859
-0.00046101793833171
-0.00043764881232034
-0.00043289606712186
-0.00045345836794163
-0.00061875233232413
-0.00058979826868585
-0.00061701656146572
-0.00023040800109364
-0.00028786925396786
-0.00035868351747134
-0.00046960863723669
-0.00044659163305893
-0.00042629006845712
-0.00049954149736243
-0.00047568849109702
-0.00048940476601714
-0.00039738431223022
-0.00041473141260979
-0.00016560820757785
-0.00022997877668105
-0.00032320560845584
-0.00033169533517263
-0.00042277987064428
-0.00042797311252548
-0.00039733052114474
-0.00041606306405122
-0.00039619950058004
-0.00030447408352345
-0.00049396274855518
-0.00040219124483549
-0.00048380873791649
-0.00050951094813348
-0.00043775730293859
-0.00049019551931872
-0.00052277054076838
-0.00033990562224803
-0.00050564101018222
-0.00043067471097417
-0.00041419091437944
-0.00038275650470493
-0.00034014250050674
-0.00038500059535945
-0.00032041027981022
-0.00028054546086981
-0.00046189367536222
-0.00039499696665546
-0.00046833348148189
-0.00045504499998913
-0.00049070719711524
-0.00051498954662294
-0.00039573184678586
-0.00040108554344072
-0.00014870926174354
-0.0001375107331242
-0.00032495775304105
-0.00045727586887
-0.00023940470505271
-0.00024690905900014
-0.00021095120838385
-0.00030507283811137
-0.00029249905489124
-0.00029292795882051
-0.00028609306881281
-0.00024142579217497
-0.00023844096291408
-0.00031397610347251
-0.00029463816962149
-0.00032541606658586
-0.00020334522523458
-0.00012804606101225
-0.00018498604127759
-0.00024916608208477
-0.00018908377634068
-0.00026764699702308
-0.00053754187643895
-0.00052097704146879
-0.00043821186545158
-0.00046206246402495
-0.00030746402912928
-0.00032921882449029
-0.00046503794931201
-0.00047464531749874
-0.00043036163091563
-0.00041539144049257
-0.00041427395098974
-0.00037330971400721
-0.00044805701607505
-0.00039299745501518
-0.00033490167901264
-0.00037396988756543
-0.00050868912727444
-0.00044385322515094
-0.00047151948205516
-0.00047975024083069
-0.00053079244525677
-0.00048891340966525
-0.00025327446127195
-0.00028267000264489
-0.0003226158965912
-0.0002671898684272
-0.00032608862167294
-0.00033464641456289
-0.00038574225644509
-0.00037698186672821
-0.00053173868627758
-0.00048974085474803
-0.00047010784257365
-0.00050529499240102
-0.0004300982783373
-0.00034851152539077
-0.00043381587856007
-0.00041750264514942
-0.00043249950924866
-0.00049147917749689
-0.00050574526779732
-0.00046605346808671
-0.00053679942664985
-0.00052157163823112
-0.00046484612961249
-0.0005575450085581
-0.00062087113086712
-0.00054155280988613
-0.0005808260200458
-0.00050038977032356
-0.00061898296259592
-0.00063172522510205
-0.00060336685254612
-0.00056415823992065
-0.00058380605316853
-0.00055784122336261
-0.00059620360901832
-0.00035076457577647
-0.00036296232158011
-0.00032116393354298
-0.00021593986884349
-0.00045694345734637
-0.00051568569366167
-0.00047697940038359
-0.00054593102913736
-0.00059023285466236
-0.00048287636320003
-0.00051376275367488
-0.00046563162198711
-0.0004073515808834
-0.00044522982853354
-0.00049274734484933
-0.00053587141219315
-0.00052360891141264
-0.00043705435486263
-0.00039476933368034
-0.00044779695721315
-0.0003752912632374
-0.00039144923829848
-0.00040216338521573
-0.00044487519019297
-0.00020678822448912
-0.00023941450729854
-0.00030484541920308
-0.00033610651672411
-0.00031460555555501
-0.00026030178484119
-0.00029579899002913
-0.00029773222595451
-0.00036300405755013
-0.00037552889780663
-0.00032964080880513
-0.00046127747734037
-0.00042898023788609
-0.00042603170782567
-0.00045271406906678
-0.00020259669994872
-0.00023089397295192
-0.00052436204085086
-0.00050192525135662
-0.00049443923920039
-0.00051370292778343
-0.00054277395707081
-0.00053045436838353
-0.00055620674199304
-0.00058205305379495
-0.00050099281139022
-0.00049773448015346
-0.00049717273214733
-0.00050883153782925
-0.00059239172303822
-0.00055532304308268
-0.00053570479543787
-0.00049870556832529
-0.00047731349232606
-0.00055587583187014
-0.00058115358545658
-0.00058306268761822
-0.00061777271772367
-0.00061965689269015
-0.00058779432038806
-0.00061225394240455
-0.00047708407585192
-0.00047468938600709
-0.00044863494458018
-0.00042429808866143
-0.00044890187252907
-0.00045624276025616
-0.00038425639620195
-0.00032326224091659
-0.00040032521299324
-0.00044364370499451
-0.00027286413618239
-0.00023089825049205
-0.00030130358351666
-0.00039120065697737
-0.0004130462775303
-0.00038725030826408
-0.00034136497766727
-0.00062841567217918
-0.00020317512304946
-0.00052589701674705
-0.00048472310098384
-0.00055987612167343
-0.00060147674011884
-0.00056432281849495
-0.00045181354383058
-0.00046863198960176
-0.00061361413008994
-0.00058676547903897
-0.00026603498606538
-0.00033901107581361
-0.0003653747966208
-0.00048791078640352
-0.00045952012873665
-0.00045740165163933
-0.00050035871762086
-0.0005028903891828
-0.00041073368000001
-0.00040798604044255
-0.000213538765455
-0.0002806655653033
-0.00034968841233986
-0.00034437769520779
-0.0004473901762296
-0.00045648697361995
-0.00041442395975351
-0.00038444140358867
-0.00041235344094479
-0.00044080195306016
-0.00040541746754454
-0.00033225819392699
-0.0004946641562298
-0.00051796536528873
-0.00047128276472565
-0.0005123719429002
-0.00054310108207701
-0.00046234658278347
-0.00048951701917684
-0.00052450129185168
-0.00034978905848818
-0.00053374910166495
-0.00047317628748927
-0.00046124852246931
-0.00041633392126647
-0.00038638918692691
-0.00037498853680365
-0.00031795814325249
-0.00050001828147177
-0.00045201053568619
-0.00045577435041268
-0.0005531181021742
-0.00049243737956588
-0.00051656767464855
-0.00051645025457211
-0.00039629474108978
-0.00046161103436135
-0.00038833033235074
-0.00044491194170168
-0.00020031385132925
-0.00018592871513913
-0.00035692919174736
-0.00049711850810231
-0.00023409602892012
-0.00028697939422282
-0.0002607754694824
-0.00024847998320613
-0.00030691501808099
-0.00034125757180031
-0.00033223005875673
-0.00031271337163981
-0.00030159966684453
-0.00027859126722817
-0.00027552166307489
-0.00024631715190737
-0.00030807372908939
-0.00033064210520108
-0.00024177845781059
-0.00022572992503195
-0.0002860733263914
-0.0002522273251001
-0.00022108919387748
-0.00029947057930471
-0.0005536315706393
-0.00052913203537526
-0.00047422028931341
-0.00046318188308861
-0.00045865264107274
-0.00049937692907761
-0.00031096885123279
-0.00033625485130339
-0.00049625448139318
-0.00050658469410618
-0.00045958495226036
-0.00045601814277781
-0.00040656446283653
-0.00038725597718735
-0.00047201353553013
-0.00042646312117737
-0.00038726437410884
-0.00032260639795595
-0.00040334839071797
-0.00052350471188362
-0.00047983196834051
-0.00047479183728926
-0.00050369347264864
-0.00056268298019507
-0.0004819442956044
-0.00029517743002873
-0.00032610737655431
-0.00034213154285724
-0.00037460472270458
-0.00042573619703786
-0.00036653101572018
-0.00056321471859685
-0.0004925944152202
-0.00049996854549579
-0.00048590232121199
-0.0005369565912107
-0.00045582551976923
-0.00043269976608295
-0.00043554139568332
-0.00045620776308381
-0.00051685813632968
-0.0005259800670501
-0.000525151528728
-0.00046466962207644
-0.00056659488469326
-0.00051642805412473
-0.00047657821333689
-0.0006526141569461
-0.00052970566929006
-0.00055927637336387
-0.00051704983079775
-0.00062490243778118
-0.00061127880546099
-0.00057421688613204
-0.00055673474571505
-0.00056477005308395
-0.00060472512048134
-0.00061097003426936
-0.00037167336454506
-0.00036049957968528
-0.00047401503239779
-0.00046382574505018
-0.00051298946552422
-0.00048906168860978
-0.00053903988745142
-0.00056941843366388
-0.00050322888749114
-0.00052009804801102
-0.00048626675795148
-0.00039103058774348
-0.00044820730254874
-0.00054011533618244
-0.00051829832414638
-0.00054186923425801
-0.00042629243254015
-0.00045299421941878
-0.0003809385146839
-0.00038295545395884
-0.00042841108547387
-0.00044564313097354
-0.00029299992547547
-0.0003308466464256
-0.00033764123337489
-0.00029236426506084
-0.00035181757107665
-0.0003887139836962
-0.00036574433498799
-0.00045671015598317
-0.00044981317383302
-0.00044600700246166
-0.00041675187639302
-0.00042992903793917
-0.00046455317041893
-0.00021225779054776
-0.00023609724470141
-0.00025418926313484
-0.00056953269060288
-0.00050633298683416
-0.00047779093163737
-0.00052645356084428
-0.00053231538654856
-0.0005423943879345
-0.00056726263470578
-0.00055010416244807
-0.00054242280786718
-0.00054091030864672
-0.00057412769317383
-0.00059250284404302
-0.00056923922371138
-0.00051493326732592
-0.00048349768001131
-0.0005053679359431
-0.000503714492122
-0.00051760818208367
-0.00061336887133074
-0.00056826747113211
-0.00052505143136024
-0.0005137132703896
-0.00048720427233273
-0.00057804904220239
-0.00059002883494657
-0.00061782435434152
-0.00060607323430305
-0.00059973257422847
-0.00048769170947657
-0.00047809409854223
-0.0004708549101865
-0.00046178338729292
-0.00044073769722093
-0.00046382698059987
-0.00041521780418654
-0.00037667461769435
-0.00041350512411278
-0.00044675262796599
-0.0002643397122153
-0.00030005169639248
-0.00042000669304799
-0.00043384391858166
-0.00037791707925619
-0.00036359333733809
-0.00060124951299266
-0.00055231460754356
-0.00052108160951245
-0.00050037530314657
-0.00057524947557949
-0.00059813497505502
-0.00047435963621992
-0.00057850049525631
-0.0006108182957836
-0.00036135358504681
-0.0004155811593453
-0.00050061971019279
-0.0005056620656249
-0.00051824600025267
-0.00050943846320306
-0.0004594137765396
-0.00042745405545319
-0.00028993880715319
-0.0003664192226313
-0.00047990596144284
-0.00048133864642829
-0.00045801284159233
-0.00042340046043945
-0.00041826362688444
-0.0003917682334979
-0.00038620746370882
-0.00040980935063719
-0.00042670529342598
-0.00033888618207901
-0.00051452617817766
-0.00048245875850617
-0.00051744575605976
-0.00056827824181496
-0.00045382984926233
-0.00050927134767111
-0.0005400789998378
-0.00037214847253939
-0.00052690397235784
-0.00045753864409948
-0.00049550300289265
-0.00043874327388264
-0.00036769133175335
-0.00040779269414784
-0.00034014173495399
-0.00051045095397591
-0.00048550050525678
-0.00058036854322274
-0.00051856954695956
-0.00057074370290499
-0.00043343199443896
-0.0004478315782255
-0.0004146932473594
-0.00043477348226943
-0.00050896320494577
-0.00020443817459055
-0.00039950038801555
-0.00054461713837262
-0.00026736081514565
-0.00023418281521683
-0.00032112894071885
-0.0002542074993229
-0.00028163147689788
-0.00033869749576488
-0.00037200431474342
-0.00034359029705484
-0.0002882291124987
-0.00032936311342945
-0.00036162608769198
-0.0002645707918656
-0.00031511318189425
-0.0003302484211416
-0.00029490623421087
-0.00025647601268428
-0.00033385562230774
-0.00054710027031917
-0.00054947114550624
-0.00046923918409658
-0.00051710091440047
-0.00047762285376586
-0.00046309607022473
-0.00050376015044228
-0.00053005074055666
-0.00033015527023416
-0.0003719263708715
-0.00051121161134934
-0.00046346767345658
-0.00047012147811576
-0.00042980776902354
-0.00039865773144145
-0.00049141535652066
-0.00043005777098902
-0.00037405951181324
-0.0005145087136323
-0.00054780783228976
-0.00048929874427779
-0.00050375238793723
-0.00054104246246076
-0.00051063580430395
-0.000330169696121
-0.00034826853038635
-0.00039589288319362
-0.00043820759825073
-0.00039926602681831
-0.00056701731953159
-0.00056420298844551
-0.00052631253879272
-0.00047613279669768
-0.00051989636576379
-0.00051331758936081
-0.00049196454460462
-0.00055341149638853
-0.00057490425388919
-0.00046088847971706
-0.00045875039444171
-0.00044248558267393
-0.00044098928305468
-0.00048041589466192
-0.00053630901206164
-0.00050201758264468
-0.00052735553845007
-0.00048044500232249
-0.00047187290970388
-0.00057945039132803
-0.000518256599507
-0.00050036607024033
-0.00064309266358247
-0.00052385126558629
-0.00053342139123967
-0.00056161399684894
-0.00050967109557662
-0.00060779524058424
-0.00063344222181401
-0.00057093540904492
-0.00060414875802212
-0.00059838724972275
-0.00060493111515093
-0.00062231610517196
-0.00037379736967916
-0.00048509000524501
-0.00048487722183776
-0.00052665756173689
-0.00049966546137391
-0.00054306339269767
-0.00061357659756913
-0.00059698931432094
-0.00049979105959758
-0.00051209674180821
-0.00050446002212482
-0.00042915524643465
-0.00053622528149192
-0.00055359992924077
-0.00052971059133571
-0.00042435116642512
-0.00047130139581257
-0.00040753728611043
-0.00039976359634484
-0.00042244445790417
-0.00043765834356412
-0.00046088648162295
-0.00032719931635554
-0.00029404739423756
-0.00031373919475023
-0.0003819288753135
-0.00039204510690333
-0.00046885834531723
-0.00045023349317727
-0.0004531281984085
-0.00041327181906523
-0.00042970052075808
-0.00043539062714927
-0.00048500200850442
-0.00026063837397082
-0.00027601705229732
-0.00028598842048953
-0.00058596650670818
-0.0005862189689412
-0.00050967613073425
-0.00048432105006392
-0.00048180565306516
-0.00052570015170144
-0.00054900415344647
-0.00056964695401515
-0.00054695421884498
-0.00052493340761672
-0.00051907377199439
-0.00054558058760526
-0.00059472776003989
-0.00058666973143856
-0.0005616865300106
-0.00052204111802637
-0.00051724235719359
-0.00049685586087414
-0.000512238186177
-0.00050900886478312
-0.00061799033800823
-0.00054564454631781
-0.00052666099844144
-0.00052667876920824
-0.00050811025810134
-0.0005856834627805
-0.00059466523615829
-0.00062380568845171
-0.00060803556487961
-0.0005889030437415
-0.00050215379468939
-0.00048298546625808
-0.00047486855653328
-0.00046725599769907
-0.00045138083026743
-0.00047210888756144
-0.0004442215752913
-0.00043517495118955
-0.00038331536418889
-0.00034814235403872
-0.0004159394312841
-0.00046756268967188
-0.0003028458414542
-0.00034460743180382
-0.00043898824805672
-0.00040405406045384
-0.00039966601227938
-0.0006301656788056
-0.00056624411087194
-0.00052083983155477
-0.00062003733937467
-0.00046736577274943
-0.00058323396943573
-0.00059456326281173
-0.00038328782681843
-0.00051904245445694
-0.00054157076519997
-0.00051885664545526
-0.00046975605111135
-0.00041944030818987
-0.000469142148947
-0.00031056550029486
-0.00031935106992409
-0.00048989373407841
-0.00048415154738003
-0.00043956408736734
-0.00043517467908903
-0.00039747618301521
-0.00039140377866971
-0.00036849724282765
-0.00043345488119239
-0.00055709209712888
-0.00048853432562309
-0.00052548495448957
-0.00056790799252219
-0.00046533523954744
-0.0005243830053927
-0.00054163102750328
-0.00055405046245735
-0.00049262802098266
-0.0005170193047077
-0.00043972858376536
-0.00040797919541301
-0.0004100621719009
-0.00039079521246578
-0.00052639280147752
-0.00045576182461919
-0.00050777713153184
-0.00058507049812258
-0.00054857942972251
-0.00055921317169361
-0.00058675042349425
-0.00058953518446588
-0.00047061732753884
-0.00042382404836478
-0.00043897499288208
-0.00042530442114606
-0.00046874149937179
-0.00054237984657004
-0.00025987143894744
-0.00039873334290321
-0.00056223981933925
-0.00030559262922047
-0.00028846246048308
-0.00033205755227921
-0.00031351076713788
-0.00032188993858566
-0.0003672400323037
-0.00037386165179944
-0.00036349506673923
-0.00032320006432659
-0.00037128855379388
-0.0003062895582752
-0.00030899045220379
-0.00035315191895345
-0.00034935186966789
-0.00031867758840496
-0.00037435552986132
-0.00057633979805629
-0.00056587682206294
-0.00049014336331489
-0.00045638020544017
-0.00051019864103846
-0.00050439708215572
-0.00047968531478943
-0.00052252513106831
-0.00053328720563018
-0.0003666501329156
-0.00053889637531313
-0.00048576584453294
-0.00048639961024528
-0.00044932965508259
-0.00049263182260279
-0.00043586098157967
-0.00037915589352149
-0.00051866629559366
-0.00046591647881045
-0.00038528091137769
-0.00053152332763848
-0.00051599643823583
-0.00056351267030458
-0.00052490127191401
-0.00051739125168193
-0.00037039351311351
-0.00042352104237609
-0.00039866526557633
-0.00042146030737857
-0.00043924598370631
-0.00056726104733828
-0.0005918849766174
-0.00055750002417455
-0.00047260675310918
-0.00048402136778514
-0.00050043977621275
-0.00056726530279535
-0.00049923905250608
-0.00048808704426927
-0.00055236916046756
-0.000578473732419
-0.00055884389667676
-0.00046598205274531
-0.00044835691884041
-0.00047064095825251
-0.00047902012948656
-0.00051680627658714
-0.00053711116736749
-0.00052005543968828
-0.00053376838748842
-0.00051489367743275
-0.00050328104203278
-0.00053876437888363
-0.0006033882986266
-0.00053847716207344
-0.00054532042462899
-0.00056960634027648
-0.00055548612997168
-0.00056998237113654
-0.0005237512365576
-0.00060311211840958
-0.00062362117223757
-0.00060177508992836
-0.00057961809309608
-0.00062410446562996
-0.00062675770580868
-0.00059040757335444
-0.0006079398778439
-0.00037207246255829
-0.00048792500024697
-0.00051888766788047
-0.00054611360648387
-0.00050784298120053
-0.00054766119376344
-0.00062446720026943
-0.00060749504390627
-0.00059023623698906
-0.00050038973190827
-0.00043994149786526
-0.00042878411159777
-0.00055020630072043
-0.00057011477080105
-0.00056224093455508
-0.00055460444863224
-0.00042132431446183
-0.00047863301051239
-0.00046945155596862
-0.00042365139607693
-0.00040317258752905
-0.00043446535201079
-0.00043838563772039
-0.00045462226271817
-0.00047720122766908
-0.00034533597749203
-0.0003375907609379
-0.00034153701152039
-0.00036393854953687
-0.00040725453727607
-0.00040954612536448
-0.00046855248735664
-0.00046128454294398
-0.00046879778930964
-0.00042824511427026
-0.00043565138946094
-0.0004505385468557
-0.0004528342298541
-0.00030139609859433
-0.00061100976503732
-0.00055784625534577
-0.00052562196768451
-0.0004937200037641
-0.00050406935554829
-0.00048135472133796
-0.00052954838291524
-0.0005385721511921
-0.00055116268141836
-0.00057781444193083
-0.00051744087889413
-0.00055062411229187
-0.0005167567785053
-0.00051476980563667
-0.00054764551480645
-0.00058439856333967
-0.00061212656781894
-0.00058959403335104
-0.00051659009300782
-0.000509894844571
-0.00049055502633878
-0.00050457904181295
-0.00051011216432216
-0.00060845191283911
-0.00053279663873353
-0.00053225394739271
-0.00050409499776425
-0.00056901759960705
-0.00059411825916464
-0.00061994628434185
-0.00062800942555863
-0.00061079637261152
-0.00058556905882997
-0.00049503278093852
-0.00048568202496356
-0.00046370931188673
-0.00045542584368959
-0.00044704116865102
-0.00040585566364113
-0.00037372852456128
-0.00033964956190042
-0.00042888645321111
-0.00049183405597132
-0.00033965494315932
-0.00035823479410024
-0.00044616640884703
-0.00042237217737193
-0.00045793218618055
-0.00041280335911866
-0.00040207044055014
-0.00058755020400843
-0.00047850330740392
-0.00057479772251539
-0.00058503937757578
-0.00052902486658867
-0.00050907156379872
-0.00052299045247935
-0.00048930714164045
-0.00044269462359583
-0.00047785846351854
-0.00033369824336225
-0.00048456058133163
-0.0005114488137854
-0.00049953741872485
-0.00045768728069894
-0.00045434730297791
-0.00044704656118363
-0.00041584317510118
-0.00043251881361181
-0.00057160026086924
-0.00047390120568001
-0.00050382194972591
-0.0005385783402809
-0.00057722640789908
-0.00051508054770663
-0.00053689007045382
-0.00056427016692627
-0.00050956421851404
-0.00054057346197568
-0.00048280297506231
-0.00045035008775595
-0.0004045858035196
-0.00038241846468
-0.00054694067319831
-0.00047253508406119
-0.00051058067352261
-0.0005439430636164
-0.00057820160360351
-0.00057694376195186
-0.00049912037242998
-0.00057739507785321
-0.00058416184240134
-0.00046132682728774
-0.00047865380818776
-0.00044735996287584
-0.0003948408143545
-0.00044667243310886
-0.00048793257544107
-0.00054966465604949
-0.00030569247503778
-0.00042106201772045
-0.00057086376755517
-0.0003528808176109
-0.00036347800768308
-0.00039816048003252
-0.0003622352433578
-0.0003474659611328
-0.00037278666750648
-0.00037916046122145
-0.00034472189057311
-0.000387473711027
-0.00058776149089519
-0.00056824499657382
-0.00047401901856935
-0.00049957359814401
-0.00051865917292802
-0.00051167016005444
-0.00050295870908473
-0.00055585063314961
-0.00055899058941459
-0.00050931737094297
-0.00046791325734214
-0.00051258925268204
-0.00048098431538884
-0.00051603746006718
-0.00044357710061449
-0.0004580927848346
-0.0004101626230889
-0.00054129111643337
-0.00048307058628437
-0.00041462063348076
-0.00055512501739788
-0.0005278302926997
-0.0005659787426873
-0.00055161988197866
-0.00053506932372908
-0.00045653074756649
-0.00042254126958575
-0.00039006373037591
-0.00043234901734135
-0.00045981115162301
-0.00060723055098276
-0.00056307274665592
-0.00060828708681952
-0.00052834158602211
-0.00056585143224807
-0.00048372452622885
-0.00048499118335351
-0.0005075950494446
-0.00049062828636444
-0.00054659723996939
-0.00051449774317678
-0.00051540944976025
-0.00055317374376038
-0.00057787043847888
-0.0005626055993291
-0.00048450881608132
-0.00046628134336166
-0.00045543399004969
-0.00047699229407676
-0.00047361136454664
-0.0005032946931008
-0.00052502375235504
-0.00053556864472131
-0.00053830771742464
-0.00052338709026996
-0.00051771799793553
-0.00060191018744361
-0.00062532148962848
-0.00053106788976094
-0.00052957423649232
-0.00056020750727649
-0.0005861736095886
-0.00053007008017467
-0.00054710933382333
-0.00059164003548634
-0.00063161182337074
-0.00060050503048894
-0.00059464522498485
-0.00058626534899518
-0.00062109740103078
-0.00063842944879112
-0.00036510275169528
-0.00039976142742456
-0.0004866837676074
-0.00052623310202604
-0.00053570823792771
-0.00051787799437822
-0.00055886574834749
-0.00054450957160024
-0.00061586922255801
-0.00060826764783827
-0.00058385484298797
-0.00051312114832379
-0.00049236667524955
-0.00046615034977903
-0.00043229270836952
-0.00053907875799757
-0.00056522980005665
-0.00059539593191358
-0.00047478061508126
-0.00042006891030121
-0.00043136560483875
-0.00045852242221722
-0.00043654289707513
-0.00047873421335582
-0.00045426314763896
-0.00049388486977575
-0.00047768195933379
-0.00039754538766497
-0.00038388348933556
-0.00042038607192726
-0.00044397790110696
-0.00040936799908261
-0.00047665736428008
-0.00047899156529043
-0.00046295441571223
-0.00046435798783568
-0.00044159916508998
-0.00043711182919996
-0.00043956450142667
-0.00060383285854245
-0.00055852272231321
-0.00055125830749192
-0.00051593769905405
-0.00049235375452827
-0.00050649756047626
-0.00049925048287934
-0.00050050189343154
-0.00054264597103212
-0.00050034709596238
-0.00052067993020415
-0.00054104221756971
-0.00052020172207093
-0.00051413715458606
-0.00051689288253586
-0.00054368955459695
-0.00051794530101049
-0.00053488955568859
-0.00056949146160627
-0.00058841497315248
-0.00062179857751555
-0.00060771696248398
-0.00050609381276367
-0.00051017271154594
-0.00049515562935273
-0.00050451575924717
-0.00051182015963833
-0.00060814591586095
-0.0005495104930532
-0.00051974011190786
-0.0004985129035437
-0.00055242802901121
-0.00058529650976981
-0.00059439382552061
-0.00062859794946224
-0.00060221637028994
-0.00058328513010478
-0.00046861811770546
-0.00044800754210655
-0.00046566153738941
-0.00041646119476738
-0.00039500665269085
-0.00044615243441587
-0.00044678623495418
-0.00049250770170861
-0.00037652274161856
-0.00045973248419164
-0.00045026661987189
-0.00045282043217139
-0.00042030364185598
-0.00047590688591656
-0.00044883641959713
-0.0004323647905117
-0.00041441213976772
-0.00047868317639295
-0.00056253157569105
-0.00057231306561235
-0.00059151563267216
-0.00053743389607892
-0.00052483873240935
-0.00052750015495316
-0.00050249224022245
-0.00045436665829517
-0.00049303321798126
-0.00036274398762298
-0.00051431460547453
-0.00053822660144934
-0.00051699739825731
-0.00045694721372696
-0.00046436594379742
-0.00045439481165356
-0.0004436902050844
-0.00058976531458034
-0.00049329523636785
-0.00051738410333584
-0.00054591638442362
-0.00057409853637796
-0.00053946032957628
-0.0005590778888253
-0.0005510189607674
-0.00052998984105208
-0.00054266678327512
-0.00048186020077187
-0.00046154953012146
-0.00043335486570569
-0.00039451971704085
-0.00057227544908807
-0.00054849713610538
-0.00055423241127242
-0.00055232031658625
-0.00054100183928845
-0.00057752410945303
-0.00054077072087437
-0.00058351045436758
-0.00048458756911642
-0.0005971530374307
-0.00046689743412784
-0.00046006204959468
-0.0004700469331132
-0.0005246496693238
-0.00047355581469567
-0.00040891816958264
-0.00042611207935063
-0.00051034783647858
-0.00043593435786039
-0.00054989458195865
-0.0003673830831042
-0.00039765420917188
-0.00038261108830955
-0.00038676365823981
-0.00040143113501218
-0.00038430691097082
-0.00056954034921954
-0.00046976053798447
-0.00049571015325767
-0.00051330030469546
-0.00055631670583755
-0.00056551716892199
-0.00051101717127372
-0.00051748167583065
-0.00052103910748366
-0.00049568844974099
-0.00049397073121756
-0.00051433342689318
-0.0004399642136783
-0.00046064373479818
-0.00046173844576729
-0.00050091795199698
-0.00042807682063769
-0.0005632688713336
-0.00054943744392574
-0.00054693241088878
-0.00057449139240606
-0.00056891535510618
-0.00055894588790373
-0.00046417268633959
-0.00043968208591783
-0.00063510186255952
-0.00057484677855429
-0.000602333367951
-0.00053308842964964
-0.00054170948478616
-0.00049030220746324
-0.00048693056711033
-0.00051020284353896
-0.00049162516793908
-0.00048412160919737
-0.00054806464369055
-0.00049986818116613
-0.00058097939119733
-0.00055232115912659
-0.00049919661515423
-0.00046567654693827
-0.00045322634743377
-0.00048392550354
-0.00047468231540555
-0.00046716675431597
-0.00051764327018121
-0.00052580035448342
-0.00054868908613959
-0.00052813049191717
-0.00050408460385041
-0.00052327856072627
-0.00061689792761406
-0.00062538450544039
-0.00052367959749047
-0.0005284622219214
-0.00052844329050553
-0.00053744508919187
-0.00054111288836774
-0.00053559872825232
-0.00052104702320042
-0.00052340880135634
-0.00055462332479843
-0.00057282540004379
-0.00059111962273978
-0.00057011937783888
-0.000618501850277
-0.00061457190174119
-0.0006316651701083
-0.00038772249890766
-0.00041571004614482
-0.00049413044321965
-0.00051907824582632
-0.00053869871421091
-0.00050571460206065
-0.00055189669034264
-0.00055009281371493
-0.00059281364797361
-0.0006088090906841
-0.00058016824271668
-0.00057004569134525
-0.0005592930802987
-0.00052685167882424
-0.0005100740149484
-0.00048800208102747
-0.00055473177134178
-0.00055009819497645
-0.00060564597875385
-0.0004825675007832
-0.00043776433319234
-0.00042858616688268
-0.00045397325073656
-0.00047533823468472
-0.00050150661474112
-0.0004865535348105
-0.00050102766818518
-0.00050303408636839
-0.000422682221302
-0.00039578433925936
-0.00043843037162984
-0.00047977777061407
-0.00049334584846764
-0.0004710456986665
-0.00046292955113671
-0.00045570631214839
-0.00061527345036652
-0.00056010965779448
-0.00050616597803989
-0.00050057229361114
-0.00049430919496151
-0.00048682423350533
-0.00053314249579997
-0.00051652943147216
-0.00051307049063835
-0.00052039022115713
-0.00054436519650596
-0.00055160968916482
-0.00052058425255694
-0.00050008270740166
-0.00051682920413316
-0.0005237374537201
-0.00050536538556419
-0.00053448223056827
-0.00052022021812027
-0.00057190565545625
-0.00059085538826777
-0.00058942331324952
-0.00058095819602261
-0.00050254179117126
-0.00050363109951294
-0.0004926815243674
-0.00050584927786868
-0.00054674905055075
-0.0005369327335507
-0.00051368788756432
-0.00057075319717968
-0.00057471853906879
-0.00060502766476809
-0.00060553680211224
-0.00058825933123585
-0.00057201710271237
-0.00049120226291704
-0.0004773675961263
-0.00047601328632861
-0.00043497850467014
-0.00043589996539515
-0.00046181331299383
-0.0004551211914501
-0.00049113337774196
-0.00047843592191517
-0.00047765087018433
-0.00046622805274696
-0.00045603509412649
-0.00044711848012848
-0.00048370375437319
-0.00049191310628697
-0.00048018248065933
-0.00045006555055913
-0.0004091941476815
-0.00044015525094204
-0.00056423004251396
-0.00056415202111662
-0.00056588816214563
-0.00053380128042756
-0.00053830722248697
-0.00047861109450301
-0.00049221419266673
-0.00049666455976932
-0.00053048712794483
-0.00051959385992618
-0.00051009432859376
-0.00047389959651228
-0.00049019699806394
-0.0004564580607352
-0.00058306281606036
-0.00049668074861832
-0.00055473452522399
-0.00056843517815733
-0.00054711981030225
-0.00055481818007276
-0.00056664836546836
-0.00052702081849351
-0.00056749390912904
-0.00050094141288205
-0.00047570204948416
-0.00042292363923351
-0.00043328577575703
-0.00056610751663755
-0.00055926139696409
-0.00052534406828658
-0.00058249477152541
-0.00056786723714022
-0.00055217062189945
-0.00056247936779375
-0.00053890941898674
-0.00060485788580485
-0.00056241810620272
-0.00048696867611859
-0.0005852773289818
-0.00046842584070701
-0.00045927398562575
-0.00047549343404945
-0.00053607532648215
-0.00049647008718151
-0.000520622880414
-0.00054044342555077
-0.0004443989673799
-0.00041199625512144
-0.00040989428862349
-0.00040952918273087
-0.00042010747487325
-0.00058013849943487
-0.00051805035084801
-0.00050460191106084
-0.00053331557983593
-0.00056631699028915
-0.00056618573758602
-0.00049952395530151
-0.00051706829876401
-0.00052095504641297
-0.00054211740276445
-0.00053616234771955
-0.00048665308634967
-0.00051104434301443
-0.00045896347264484
-0.00047532810166979
-0.00047866253939425
-0.00044854299280414
-0.00048659950160339
-0.00056457894510669
-0.00057437225751109
-0.0005593980688312
-0.00057837502455154
-0.00059653967698937
-0.0005506387554452
-0.00046508735477421
-0.00064738902526456
-0.00057436360627078
-0.00061583029688322
-0.00053264498499742
-0.00053184211456057
-0.00053558036076958
-0.00049875157499848
-0.00047216286299196
-0.00050778925803148
-0.00048975598151065
-0.00049699479996862
-0.00052840691003352
-0.00057446323891275
-0.00052307402372313
-0.00055654953967441
-0.00052037532713971
-0.00046674259474013
-0.00046870322694881
-0.00049524074999104
-0.00047686580282138
-0.00047606034883365
-0.00051661438505278
-0.00055824307383662
-0.00054583717713134
-0.00053542405740099
-0.00052153136182656
-0.00052159461204946
-0.00054034060959221
-0.00057509169396231
-0.00058564994650315
-0.00051394925995776
-0.00051751944571064
-0.00051567787076544
-0.00054171143630342
-0.00052756177541776
-0.00052290891895402
-0.00052459204274326
-0.00050855128263884
-0.00052868331869558
-0.00051154953417651
-0.00055497807834799
-0.00062893102900806
-0.00059577530796795
-0.00043541903906717
-0.00049280854653498
-0.00048683252207183
-0.0005181679394108
-0.0005359420833837
-0.00054341547190793
-0.00051044042442
-0.00051633295442056
-0.00058316461263585
-0.00059107740876012
-0.00059691539485054
-0.00059677354343588
-0.00055803216031775
-0.00055837214336973
-0.00054913028269556
-0.00054433947995681
-0.00050949901151768
-0.00056918340923611
-0.00054413400092337
-0.00048766102714191
-0.00045392936764963
-0.00044131827339639
-0.00048073394829911
-0.0004880347461903
-0.00049215028456672
-0.0005205225666975
-0.00050707877648398
-0.0004442894393444
-0.00044769621564134
-0.00048751766696928
-0.00048982087564162
-0.00047350291697585
-0.00046588509731433
-0.00059319473867865
-0.0005742460532527
-0.00051680169230541
-0.00050326549225629
-0.00049665080004554
-0.00050014959744134
-0.00054388226581146
-0.0005308231119665
-0.00052155048291706
-0.00051095029534221
-0.00050899696466154
-0.00052628094682772
-0.00053047639772996
-0.00055051447480912
-0.00051597919283003
-0.00048578617197411
-0.0005115302966355
-0.00054844518124884
-0.0005148464497102
-0.00055850487286407
-0.00056024088733795
-0.00058765424447897
-0.0005696313684467
-0.00057557995278474
-0.00050391395887399
-0.00050365931010817
-0.00050568480291071
-0.00049069322838993
-0.00050762862335534
-0.00052797208773898
-0.00055646735655624
-0.00057559882071181
-0.00062668215049096
-0.0005873826511378
-0.00058492282812126
-0.00056132495689508
-0.00056582033135828
-0.00047975586414256
-0.00049422428391793
-0.00048086494263004
-0.00048327139978713
-0.00045761687612586
-0.00045384500974274
-0.00047982303685992
-0.00046590003627277
-0.00047595762323511
-0.00046584321461832
-0.00046973338644229
-0.00046506601107199
-0.00049559234475413
-0.00047422083549107
-0.0004918379636022
-0.00045174082094271
-0.00043576139430586
-0.0004520051677325
-0.00055423621856708
-0.00055482331914675
-0.00053473477260971
-0.00049311624294812
-0.0004992768900514
-0.00051197339160318
-0.00050956534319353
-0.00053890387961778
-0.00049525700222107
-0.00047120577788016
-0.00047546072022662
-0.00047299026963983
-0.00057513997719045
-0.00056212505763098
-0.00054526076066165
-0.00056721597414373
-0.00054352270555514
-0.00055243256954587
-0.00058335682621067
-0.00051381227819337
-0.00054035653622928
-0.00055566540476774
-0.00050291514356897
-0.00044765090707263
-0.00048177215431834
-0.00042927072230554
-0.00055846472885019
-0.00055515050063608
-0.00052167941345375
-0.00056782683890596
-0.00057628585993045
-0.00056431449057858
-0.00057123551692146
-0.00054663930669162
-0.0004910238506453
-0.00053392428918115
-0.00059511958871969
-0.00056484031864407
-0.00055174733126697
-0.00049183167735017
-0.00057074253961573
-0.0004615702200919
-0.00046319537879681
-0.00049692286814827
-0.00054108754186606
-0.00054944907558211
-0.00056359782083524
-0.0004251997883701
-0.00042819309584315
-0.00057363310220139
-0.00052964525436286
-0.00052565071957063
-0.00053195330540026
-0.00057880420292008
-0.00051702900976639
-0.00052493586267332
-0.00049552585986562
-0.00050889946749874
-0.00053865963199956
-0.00052556005226309
-0.00048054689173949
-0.0005039007493805
-0.00043873410613591
-0.00048086509125294
-0.0004607857321318
-0.00057303935069174
-0.00055691181378745
-0.00055755558477684
-0.00054888373890475
-0.00057162313769151
-0.00060485301619442
-0.00056783672981824
-0.00057004426957683
-0.00047440246041941
-0.00063697900359542
-0.00056941796738206
-0.00053717658226603
-0.000623699481045
-0.00052442049197813
-0.00052584257112938
-0.00053326395474653
-0.00052076680440801
-0.00051606852544019
-0.00048085801716559
-0.00049229870639574
-0.00051838068303363
-0.00048935329823988
-0.00055930767216614
-0.00055416596646443
-0.00056297726080693
-0.00052292616743927
-0.00049757929688437
-0.00048842247463882
-0.00047615794483756
-0.00050378230495687
-0.00048605851607645
-0.00048318167925433
-0.00052956704330438
-0.00055173455675498
-0.00054337134630286
-0.00054383787349536
-0.00054003110750499
-0.00050653445190376
-0.00054325277424516
-0.0005762962930213
-0.00056033201801919
-0.0005737031696635
-0.00051466078030664
-0.0005229851142163
-0.00050717760135805
-0.00051929904101888
-0.00051315238051745
-0.00054384840437383
-0.00053963531099795
-0.00055062436864481
-0.00054824184460663
-0.0005340040334993
-0.0005064976426176
-0.00052399825030264
-0.00051777250375255
-0.00052506244194658
-0.00051299849975494
-0.00055446016490117
-0.00057037164177997
-0.00061371390403935
-0.0005962196464828
-0.00050315569659892
-0.00048030896352091
-0.00052963572030466
-0.00053966373153716
-0.00055378657239284
-0.00053551363290548
-0.00051647838443504
-0.00051893527638799
-0.00052390235141617
-0.00057041996598055
-0.00057178735430944
-0.00059076449906415
-0.00060285602728686
-0.00055359554516695
-0.00055743260865664
-0.00053726017599963
-0.00054756991001077
-0.00052233619097247
-0.00054741528414165
-0.00054103819747909
-0.00052130644940927
-0.00049246333582329
-0.00046739073183034
-0.00046438185826687
-0.00047562500262543
-0.00048421218581432
-0.0004983298356113
-0.00048288495079534
-0.00050708097781035
-0.00051444138479333
-0.00044114961837703
-0.00046253664549763
-0.0004870743670942
-0.00048432147236552
-0.00047767329062346
-0.00047152577446373
-0.00060124410340277
-0.00053725813013908
-0.00051448394912249
-0.00048714741436543
-0.0005012444521017
-0.00052801034012476
-0.00053011183892597
-0.0005029665396128
-0.00051355094231764
-0.00050565624359822
-0.00049157960826619
-0.00051073211852166
-0.00051883317699364
-0.00054160394902263
-0.00049569806771853
-0.00050131623369037
-0.00050526376340059
-0.0005539887418795
-0.00051169918317979
-0.00054202439174578
-0.00057012066352638
-0.00055734707576001
-0.00051419478895828
-0.0004926248557557
-0.00050052833087497
-0.0004881957660979
-0.00049548004684627
-0.00050648320473835
-0.00051103695300628
-0.00055355700457995
-0.00055796586960061
-0.00058035807281775
-0.00063226832202421
-0.00057255084749742
-0.00057454975027226
-0.00055176584779967
-0.0005415976105239
-0.00047603546487666
-0.00048107190828617
-0.00048121763177957
-0.00049381302895244
-0.00048493842837219
-0.00047875284618128
-0.00046917276571148
-0.00048554400134126
-0.0004781788040657
-0.00047005362243853
-0.00047012611748373
-0.00046733632225491
-0.00050232389448821
-0.00049513366374904
-0.0005006191899471
-0.00047092789748744
-0.00046666747409114
-0.0004442183781691
-0.00046260160204569
-0.00052521204754698
-0.00054415405849154
-0.00054331118571473
-0.0005332180805177
-0.00050783951154821
-0.00051644230464571
-0.00052191435073135
-0.00051405685561065
-0.00054168948863791
-0.00051537140776476
-0.00047941709331849
-0.0005784644685198
-0.00054179155889151
-0.00054343952415999
-0.00058366223287056
-0.00053890481739869
-0.00054547398873783
-0.00054717775305396
-0.00052773154745831
-0.00056041461944313
-0.00055457238280504
-0.00051973056014984
-0.00049768799119332
-0.00045925789651421
-0.00047597892985566
-0.0004503547226605
-0.00057660065790933
-0.00056689895443865
-0.00053900795158723
-0.00053203845496514
-0.00055316080360575
-0.00056207052772268
-0.00055675063241339
-0.00057978044391824
-0.00052186852024223
-0.00052275289236493
-0.00047965799005944
-0.00049530523692283
-0.00052164119187436
-0.00058244864640546
-0.00055897703836439
-0.00058023099835947
-0.00053517374548115
-0.00053307066954738
-0.00049769992586318
-0.00052007754284571
-0.00055808232190439
-0.000474837811388
-0.00045974819109789
-0.00051177056575629
-0.00053496656925626
-0.00053146231017469
-0.00052327338025741
-0.00054414579152236
-0.00043885182956342
-0.00045073022677121
-0.00057139902297635
-0.00059746374946161
-0.00053343561991067
-0.000522303379122
-0.00054647299508646
-0.00058181574207092
-0.00052366162921507
-0.00052883457238986
-0.00053618944243804
-0.00050988008485031
-0.00050525780559519
-0.00051901686057844
-0.00054407767619879
-0.00053457867312007
-0.00053943500547815
-0.00048483143571429
-0.00053352698454515
-0.00045802211225365
-0.00049607908752251
-0.00049132763858451
-0.00056716032109754
-0.00055299391725917
-0.00057241302091839
-0.00052184964816316
-0.00058416037222261
-0.00060678790065359
-0.00057563863163318
-0.00057709443826414
-0.00057792159690446
-0.00054081822879616
-0.00058909813775971
-0.00053681306630597
-0.00052617495125224
-0.00055266967118898
-0.00051536539211244
-0.00053139115968132
-0.00052396542015231
-0.00051571621514553
-0.00051331370837867
-0.00048961389967797
-0.00050502035546978
-0.0005323100598999
-0.00050008223505496
-0.00057382116385586
-0.00055038208727068
-0.00056821286703661
-0.00058221785949643
-0.0005271378603052
-0.00051287637567237
-0.00048626171900704
-0.00048608012110612
-0.00051036326585155
-0.00049800797716081
-0.00049340740936625
-0.00054333489695515
-0.00057739102376711
-0.0005468606831511
-0.00056527261814603
-0.00054649172537309
-0.00051752431319812
-0.00051463184158801
-0.00055185844244497
-0.00055850890049016
-0.00057178340623647
-0.00051935042839472
-0.00050475077309087
-0.00049583652780906
-0.0005170573329946
-0.00052005282452783
-0.00050352224122938
-0.00052926877930724
-0.00054257880448344
-0.00054635688516526
-0.00054075546367409
-0.000512268708739
-0.00052621776580219
-0.00051775016567495
-0.00051029613641722
-0.00052189631495054
-0.00053994026678132
-0.00055462194246558
-0.00049641366648234
-0.00050659573228749
-0.00048443991965931
-0.00052207631617039
-0.00052978611795076
-0.00056034766490329
-0.00055354952680019
-0.0005212681159361
-0.00054343769033915
-0.00055803678591131
-0.00055687148467171
-0.0005962557962159
-0.00058617050818281
-0.00054506932493206
-0.0005320906053438
-0.00054984870217045
-0.00051785020529342
-0.00054069581060301
-0.00055829903316095
-0.00054911745267406
-0.00054576247510409
-0.00052475417563311
-0.00050846781971504
-0.00047474590590423
-0.00047581753467632
-0.00045903046707988
-0.00048788482009183
-0.0004950275103203
-0.00050236690889404
-0.00049393589240801
-0.00049720123074064
-0.00051843657961849
-0.00047610382318313
-0.00048560883193563
-0.00057216815805711
-0.00048762150685722
-0.00048635538254097
-0.0005206952113221
-0.00053064719107666
-0.00051506961728438
-0.00051894718348986
-0.00049754613285548
-0.00049215438444888
-0.00050259592220509
-0.00049861981528807
-0.00050072841742089
-0.00047924270317699
-0.00049991268465439
-0.00050584086987948
-0.00053539118320946
-0.00050599473843388
-0.00048847450177109
-0.00051447685153943
-0.00055337184937921
-0.00053081084261319
-0.00050511681080797
-0.0005409716920707
-0.00054207104396081
-0.0004973661804438
-0.00050262965180593
-0.00049831332711444
-0.00049401676386318
-0.0005006017144399
-0.00050777800317823
-0.00052018490239825
-0.00056387191661927
-0.00054620851865328
-0.00056972920755291
-0.00057737550259558
-0.00056184908620447
-0.00055489013132045
-0.00054674202053719
-0.00052718951123921
-0.00047528825725232
-0.00048922472017759
-0.00047666193501501
-0.00050001933456006
-0.00049150591214636
-0.00048720186022691
-0.00047561957884784
-0.0004748928747845
-0.00048305063020876
-0.00047087934964011
-0.00046608790426679
-0.00048629762282606
-0.00050637525602581
-0.00049205507335896
-0.000492659316867
-0.00049265199069432
-0.00048206229015778
-0.00048148760704097
-0.00048363542075571
-0.00051017704668288
-0.00050434209182293
-0.00051121719680709
-0.000537987435571
-0.00051675948898083
-0.00054879090443733
-0.0004875145918435
-0.00047110823028058
-0.00056078815420686
-0.00052999421783893
-0.00054039399314981
-0.00056470823291594
-0.00054830710958709
-0.00054526915180226
-0.00055071029749527
-0.00055873564178963
-0.00054031080115795
-0.00055562987743412
-0.00057876499845757
-0.00054337427578193
-0.00051468916307914
-0.00050335563367889
-0.00046963183479291
-0.00048050327748267
-0.000574091839993
-0.00058125870053454
-0.00054602120280523
-0.00055918966240824
-0.00057919748895407
-0.000552690194174
-0.00059070105817604
-0.00050256579885067
-0.00054524312260709
-0.00051576934257567
-0.00048868789337857
-0.0005044773887288
-0.00050604420723673
-0.00054029945206598
-0.00056093870911074
-0.00057914987661535
-0.00055784641139587
-0.00052570049563438
-0.00049417305458663
-0.00051727495278796
-0.00056630347585926
-0.00051149553063223
-0.00053014825813807
-0.00053929745468527
-0.00056530243242719
-0.0005150417155931
-0.00055221583984511
-0.00057732318831913
-0.00046820601153672
-0.00048549376179579
-0.00057155922674155
-0.0005846342759064
-0.00054389304843816
-0.00053052106203925
-0.00058558450772656
-0.0005316162164603
-0.00053817329962812
-0.00052754371865799
-0.00052100376547874
-0.00052366444914085
-0.00052577261877046
-0.00053598334772315
-0.00056422443284875
-0.00055900011877833
-0.00053280335226917
-0.00055847124065222
-0.00049885076332686
-0.00056793575148178
-0.00055327748296502
-0.00054131494235235
-0.00057504168437972
-0.00054145166355044
-0.00056875195170126
-0.00060049486986704
-0.00058355077538291
-0.00057046421924413
-0.00058170912030511
-0.00056766110369479
-0.00057111206577968
-0.00053496833840235
-0.00053145659690799
-0.00052950558781733
-0.00054038870303366
-0.00052824741794041
-0.00051677139893873
-0.0005349238547573
-0.00053420030037067
-0.00051261406599944
-0.00049881352188266
-0.00050491867069216
-0.00050083410495212
-0.00051455656502348
-0.00053514068434259
-0.00049723565971031
-0.00057392122478501
-0.00057960351277338
-0.0005569311889575
-0.00056878103357131
-0.0005800843727895
-0.00053552532344269
-0.0004978954486775
-0.00048867684450328
-0.00051219248240243
-0.00051415884323142
-0.00050700171187613
-0.00056889662281794
-0.00055534073517332
-0.00053598095012168
-0.00058244219539544
-0.00053871451300871
-0.00052428450516735
-0.0005400689439637
-0.00056767918213413
-0.00052041938593534
-0.00050289097025949
-0.00049378021497433
-0.00051498619919367
-0.00051035888088393
-0.0005099353449271
-0.00049707884595889
-0.00053078707908467
-0.00052923811787198
-0.00051159759439546
-0.0005252814605276
-0.00053247367247517
-0.00052277347544288
-0.00051783480667061
-0.00050052335660983
-0.00052223885029913
-0.00051468969863737
-0.00050772433486138
-0.00050205525330361
-0.00050891138573765
-0.00053696083828888
-0.00049904194629171
-0.0004999928831071
-0.0005106551940559
-0.00051716548500429
-0.00052565660574401
-0.0005366664485294
-0.00050452847134588
-0.00051777142032328
-0.00056789077491007
-0.00054560905974498
-0.00058438378202779
-0.00058832662208179
-0.0005233815072036
-0.00050994509327051
-0.00053250741062779
-0.00055525036609108
-0.00052671158140307
-0.00052353096080079
-0.0005676475395481
-0.00055131212137049
-0.00054396274464417
-0.00052041359720473
-0.00050190571431234
-0.00049031257839828
-0.00050524871154621
-0.00048957363408706
-0.00051311868435648
-0.00050097080156762
-0.00053077394933328
-0.00052028215994314
-0.00047830692287073
-0.00046679831753232
-0.00048917766383542
-0.00050891244638539
-0.00051658945287323
-0.0005261192318182
-0.00051310101910625
-0.00049844770191135
-0.00049822756480181
-0.00049958621713135
-0.00049288535392897
-0.00049534610802999
-0.00050307205536116
-0.00047904126803077
-0.00050369696326002
-0.00049642665403414
-0.00050540423996609
-0.00050776982195888
-0.00049530098678761
-0.0005296915603018
-0.00053634862686334
-0.00053930430561108
-0.00050498057930346
-0.00054071931768332
-0.00051947351918195
-0.00050804730489022
-0.00050063455271166
-0.00051828527252851
-0.00050252265534
-0.00055687921667625
-0.00053058535238134
-0.00054246113578369
-0.00057176138152569
-0.00056114124102001
-0.00053078622109985
-0.00054604986385417
-0.00054592941068139
-0.00051616733374071
-0.00047726081090913
-0.00048211357323203
-0.00048934735637163
-0.00049013479947864
-0.00050471360541771
-0.00049815388775179
-0.00048496949773363
-0.00047327154205489
-0.00048724915790699
-0.00048596981820787
-0.00048858198709185
-0.00048808657774205
-0.00049013018758849
-0.00049696526721877
-0.00049082072659938
-0.00049300709440529
-0.00048955335058821
-0.00049231758760197
-0.00049392510510689
-0.0004926796839072
-0.00050781328647139
-0.0004907175673677
-0.00050621182113806
-0.00051665120089768
-0.00051084488689805
-0.00050425434188715
-0.00055695177886938
-0.00050358268079235
-0.00048679655677603
-0.00055488884926371
-0.00053493973638484
-0.0005305258353708
-0.00056621454516335
-0.00054816214713021
-0.00056390986772495
-0.00055885459368568
-0.00055818535303877
-0.00055952066204913
-0.00058021775644752
-0.00059503625684911
-0.00054911361055831
-0.00053220682186534
-0.00050080917918219
-0.00058063328524351
-0.00057305506443658
-0.00053281288468671
-0.00058493049006392
-0.00059045936876052
-0.00058333172964845
-0.00049683401487099
-0.00051481552248603
-0.00054184589664658
-0.00057699226730921
-0.00048855688826271
-0.00049197035118887
-0.00050267458480023
-0.00050582249730123
-0.00053962843626477
-0.00055062990047733
-0.00056160229491768
-0.0005888178804916
-0.00056817291814216
-0.0005734932022662
-0.00052703606280703
-0.00052068437797083
-0.00052305046695343
-0.00056803599642145
-0.00050895453802769
-0.00054402488283559
-0.00057081177454633
-0.00058193864046708
-0.00057525110820801
-0.00051855818999268
-0.00054113737397615
-0.00059720494411811
-0.00048671021089908
-0.00049504804712643
-0.00056000651799235
-0.00057903774408079
-0.000539579811909
-0.00053549270392869
-0.00058088775775618
-0.00052637487918584
-0.00051914606211936
-0.00054214476142578
-0.00055528848730913
-0.00053928374118155
-0.00052452772954101
-0.00052010754606241
-0.00052023757548757
-0.00052463913034578
-0.00054900789863659
-0.0005480936920089
-0.00054772385735811
-0.00050305532870332
-0.0004959609552496
-0.00056373927436511
-0.00056210038196214
-0.0005631575464616
-0.00055102715393244
-0.00056318926936265
-0.00055055847989783
-0.00057523396897988
-0.00059907972820936
-0.00058479005264993
-0.00057423686901697
-0.00055588577936985
-0.00056281745760846
-0.0005393344939747
-0.00056150287176241
-0.00055323382091312
-0.00053704919096899
-0.000521065314097
-0.00051970452359943
-0.00051768088195755
-0.00054702673647686
-0.00052570221248942
-0.00053502620645416
-0.00053424215464906
-0.00052445092724753
-0.00050425159621413
-0.00051837341638838
-0.00051562560674429
-0.00050256670188064
-0.00048662925741603
-0.00051836669254666
-0.00056093077071846
-0.00057231596426198
-0.00056981226119008
-0.00055314505725784
-0.00058452892518285
-0.0005820513221766
-0.00053727960938923
-0.00051164208159577
-0.00051387967139786
-0.00052067314953113
-0.00060355303532023
-0.00056757451125946
-0.00061590868848879
-0.00054716387159295
-0.00054144519416753
-0.00052314798019752
-0.00048458653120776
-0.00048986731641412
-0.00051107390683852
-0.00051558170904896
-0.00050378471042047
-0.00053146466977193
-0.00050550926025169
-0.00050964875407458
-0.00051323860668316
-0.00049060228031288
-0.0004919964826362
-0.00051924360079638
-0.000491028325585
-0.00049462229998167
-0.00050631471992994
-0.00048890116087927
-0.00049410873419215
-0.00050522756756643
-0.00050778554340549
-0.00049365340076751
-0.0005019697615514
-0.00050642621613774
-0.00052922751335133
-0.00051135484956351
-0.00051377600998721
-0.0005348060292603
-0.00052389220262093
-0.00049294446304708
-0.0005135981275572
-0.00052644448593869
-0.00051192206978996
-0.00057024960098456
-0.00052639758172778
-0.0005863314108462
-0.0005154650023468
-0.00050720493718566
-0.00052608650868716
-0.00054940159256792
-0.00052900877406022
-0.00052146299909862
-0.00051729304767247
-0.00054992871225566
-0.00055758941599119
-0.00054566540717721
-0.00051096757090185
-0.00051671154180462
-0.00048877644709303
-0.00050393857206766
-0.00050078664232978
-0.00051281480210685
-0.00050773805626606
-0.00053332521542844
-0.00054535648067721
-0.00051375895323677
-0.00051940550863803
-0.00048715283941638
-0.00051762978413725
-0.00048600002657212
-0.00049732490897256
-0.00050164520351705
-0.00049359075713922
-0.00049968098041068
-0.00050815323214354
-0.00049633789459891
-0.0004807245433491
-0.00047500066320336
-0.00049361789514777
-0.00048681824929501
-0.00049223174626337
-0.00048873816621777
-0.00050135361253479
-0.00049648709217546
-0.00050668601697523
-0.00052813636497304
-0.00052750428115994
-0.00049620891104096
-0.00052326295081204
-0.00048964411807685
-0.00050901333904543
-0.00049920335470798
-0.00049240118700031
-0.00048274093623567
-0.00052613641848514
-0.00052009594438088
-0.00052839378100914
-0.00051790761549307
-0.0005241441425942
-0.00053545356878901
-0.00052435950123998
-0.00051411043039737
-0.00049728463479244
-0.000488342970857
-0.0004989701373609
-0.00050767912548978
-0.00051186658513988
-0.00050743146140405
-0.00049161451882911
-0.00048452515828853
-0.00048478945870648
-0.00048848497821964
-0.00048693975635172
-0.00049280237535679
-0.00049196786984738
-0.0004986729426601
-0.00048913882101131
-0.00048764833131491
-0.00049883425256141
-0.00050192836966907
-0.00048441919831076
-0.00049882292824284
-0.00048929340848791
-0.00047338415025426
-0.00048790312030595
-0.00051662465475953
-0.00049915240236148
-0.00050291619727742
-0.00054872934694104
-0.00050004895184701
-0.00054006946989081
-0.00055913901469032
-0.00054832695594694
-0.00054518234232594
-0.00055998207943766
-0.00053137433568726
-0.00055820023952937
-0.00055815802720265
-0.00054761269104119
-0.0005497215554467
-0.00056902497575523
-0.00058012131697367
-0.000524599385519
-0.00055286993398786
-0.00058351537086685
-0.00058187887264759
-0.00057841594868269
-0.00053957014813344
-0.00057924624521102
-0.00060452486212323
-0.00058421504661742
-0.00062406644824531
-0.00048697218155822
-0.00048318366865706
-0.00050964642669461
-0.00053502972338401
-0.00055603377811704
-0.00049119666629309
-0.00050506762225334
-0.00050811573730112
-0.00055124642542201
-0.00056024943523123
-0.00055212316217761
-0.00057070448798998
-0.00058352567631
-0.0005591599049259
-0.00057555388893921
-0.00054209215483628
-0.00057718895599702
-0.0005077617347203
-0.00056157502581086
-0.00057357473373334
-0.00057620121719561
-0.00056674363712934
-0.00054533369543727
-0.00055515719633789
-0.00056736948634485
-0.00060467158393476
-0.00056327333614527
-0.00055927658884068
-0.00058118658582487
-0.0005406491460415
-0.00058375979476987
-0.00052176896252956
-0.00052456985174583
-0.00055986162255931
-0.00055962915352956
-0.00052732314797384
-0.00055568977878884
-0.00052674255317367
-0.00051776763142864
-0.00052387527323237
-0.0005150561195211
-0.00056183446248126
-0.00055232627988317
-0.0005602336244731
-0.00050751017894668
-0.00055273903198966
-0.00056079830105437
-0.00055852238266373
-0.00057451624685839
-0.00056991410486663
-0.0005963216837437
-0.00058827448331251
-0.00058642132772137
-0.00056050299641007
-0.00053902367441592
-0.00055438116058436
-0.00051704703331741
-0.00052059402890218
-0.00054886482212855
-0.00052982584541355
-0.00051912237430271
-0.00051202407770067
-0.00051063790868003
-0.00051672118285883
-0.00050616196529507
-0.00049643158119159
-0.00051622162935929
-0.00050646053018809
-0.00051336131427087
-0.00050903047315684
-0.00052706804337008
-0.00051099024527428
-0.00048464800840552
-0.00050660603152714
-0.00048634714049496
-0.00050685832686284
-0.00057544088275598
-0.00056805306516188
-0.00057472531253738
-0.00057912292633011
-0.00058675530268748
-0.00051773646735107
-0.00049834130842252
-0.00060371934178135
-0.00048896749580233
-0.00048953149996188
-0.00048137413473665
-0.00049637455716578
-0.00051393006495592
-0.0005148645146694
-0.00049453629230414
-0.00050823678627162
-0.00053027497464068
-0.00051417835785587
-0.00050101591864507
-0.00048779888038285
-0.00047243892233268
-0.00047331439083616
-0.00048840281492827
-0.00048847632216777
-0.00048068201239699
-0.00047309871892479
-0.0004887007828806
-0.00048928916457938
-0.00050095759510209
-0.00049903734673773
-0.00048018985139267
-0.0004828777974272
-0.00049506963672124
-0.00052716845098582
-0.0004845109737343
-0.00051024618325494
-0.00053663633629904
-0.00053433738417535
-0.00049741778709334
-0.00051479439861406
-0.00051920063846226
-0.00054834196136284
-0.000567354854664
-0.00049782120906904
-0.00049779002532167
-0.00051966761946327
-0.00053779076851308
-0.00055703408496713
-0.00055270873359
-0.00054743727947611
-0.00053076826401985
-0.00051305592381094
-0.00048504136741787
-0.00055950157623648
-0.00054210392431309
-0.00050477634192805
-0.00049508110111471
-0.00048762971438871
-0.00049201899608671
-0.00049476857409297
-0.00051731030229819
-0.00050038970004115
-0.00055093717845736
-0.00052794136382452
-0.00054677500935401
-0.00050715490704504
-0.0005121270185131
-0.00049873638454175
-0.00049173184078106
-0.0004788267292979
-0.00050182057558929
-0.00048888344197426
-0.00048785650197036
-0.00048721098747563
-0.00050924938508238
-0.00050058156367616
-0.00046974692789338
-0.00047362340266098
-0.00046894786114655
-0.00047943415410668
-0.00045854880501754
-0.00047922933838711
-0.00047812731155115
-0.00049171153747755
-0.00049335395170165
-0.00048769556116233
-0.00049035816716534
-0.00049794795971392
-0.00049407930525297
-0.00049165785094482
-0.000521122086199
-0.00046868382109576
-0.00050291792797308
-0.0004847729931137
-0.00049964814566834
-0.00048845375143252
-0.00047345670215244
-0.00052478871116339
-0.00051578392694797
-0.00051671222852661
-0.00050749837961252
-0.00051323063182222
-0.00051662180905749
-0.00050114123837436
-0.00048671374899611
-0.00050891866361518
-0.00049366097251948
-0.00049852733294522
-0.00049173239956886
-0.00050768732083718
-0.00048962372439535
-0.00050171146905758
-0.00049699557886783
-0.00049312063933272
-0.00048453272065368
-0.00048981317083826
-0.00050044151763332
-0.00048996825328836
-0.00049316698935644
-0.00049701570156416
-0.00048956193706913
-0.00048518942105142
-0.00049404640139926
-0.00047986157490908
-0.00047962153116225
-0.00047554119554913
-0.00048768082225001
-0.00048444979746704
-0.00047999960931094
-0.00054763201521559
-0.00054543854500869
-0.00053944102747799
-0.00055879322883789
-0.00056882807503073
-0.00053451084340343
-0.00056072840965323
-0.00055046089645035
-0.00055053167907787
-0.00056370816436288
-0.00053201379974566
-0.00055979203655653
-0.00058103452101487
-0.0005363109291083
-0.00059046038961026
-0.00058110111557367
-0.00058579391488907
-0.00056024709425295
-0.00054702731723651
-0.00060618164544522
-0.00058881162588869
-0.000603713474534
-0.00063072648848734
-0.00062878605638538
-0.00061815310952004
-0.00048489856851748
-0.00050628835302045
-0.00049428785996709
-0.00052886127181852
-0.00053356795951228
-0.00053615425804372
-0.00055764258449017
-0.00049670914053581
-0.00052307243270801
-0.00051178095818577
-0.00053418648072321
-0.00058681153824304
-0.0005583413023219
-0.00058212041138428
-0.00056966573940945
-0.00054041123123637
-0.00056719634407472
-0.00053569892563083
-0.000524945198842
-0.00059330931436753
-0.00053710061276688
-0.00055035862252843
-0.00058668997947858
-0.00056364754592485
-0.0005857870349514
-0.00057419701460222
-0.00052536784012862
-0.0005896840316187
-0.00057856259655452
-0.00061619365786623
-0.00056835075315056
-0.00056662254202878
-0.00057494665614053
-0.00053850021713152
-0.00059616725052002
-0.00053520278182959
-0.00054273051602273
-0.00054363721933009
-0.00055724430080418
-0.0005643821200116
-0.00057103812305353
-0.00052709511098351
-0.00054842032162376
-0.00053583976917215
-0.00054179318705677
-0.00051788147116728
-0.00052585519482193
-0.00052143960992337
-0.00054080870106903
-0.00054392613234544
-0.00052306731355038
-0.00055001685364891
-0.00053863984893945
-0.00058038343870955
-0.00055499233845484
-0.00057239430375372
-0.00057555549276594
-0.00057378664316781
-0.00050059078993298
-0.00053506627775558
-0.0005011101613665
-0.0004990866861942
-0.00055239939475768
-0.00052998105986849
-0.00052186959844307
-0.00051781703656095
-0.00051143281708543
-0.00051264209300173
-0.00050634941791133
-0.00050363310153924
-0.00050409773539567
-0.00050791295749375
-0.00050691694682711
-0.0005086179444245
-0.00050938754138843
-0.00052071570211935
-0.00050493394314364
-0.00049257734476607
-0.00048716049364978
-0.00051096176134467
-0.00056418342888989
-0.0005568651906823
-0.00059095725862381
-0.00052097055528905
-0.0004943287519097
-0.0006127070742849
-0.00060680934140604
-0.00049802965245287
-0.00048623366129805
-0.00046595265918528
-0.00050427873831927
-0.00049165529538198
-0.00049618814326437
-0.00052576238546432
-0.00048305596970136
-0.00050560176244609
-0.00047749468692575
-0.0004661298012956
-0.00046249874029002
-0.0004823760904889
-0.00047764144936316
-0.00047039010228114
-0.00047735145658567
-0.00048119662431085
-0.0004948499959533
-0.00050246288936689
-0.00048915301849092
-0.00048759041117938
-0.00046800959462507
-0.0005028328672385
-0.00047851565528928
-0.00051854237565011
-0.00053699430535754
-0.00051027602164007
-0.00052132534128569
-0.0005043063998192
-0.00055863633401439
-0.00047329118996918
-0.00047948815137169
-0.00051042698901761
-0.00053116566902064
-0.00056180650470775
-0.00051381053235511
-0.00052501275756128
-0.00047374667459205
-0.0004819359998273
-0.00054315008213975
-0.00053071015935506
-0.00049567218986296
-0.00050285482666765
-0.00049086603960873
-0.00049271545791079
-0.0005158171528027
-0.0005051858367624
-0.00052582224930685
-0.00053243231793628
-0.00054265208947222
-0.00051635051490102
-0.00049843827720099
-0.00046578711119658
-0.00047404177624381
-0.00048960568726541
-0.00049212837499594
-0.00047751542186279
-0.00050385396369714
-0.00050938562774765
-0.000494477419179
-0.00049070425410841
-0.00048048256287453
-0.0004684318631327
-0.00047210855855386
-0.00047261384972388
-0.00047257553264145
-0.00048594041351617
-0.00047638709307491
-0.00047005612515926
-0.00046803357722455
-0.00047886410538732
-0.00047147566434463
-0.00047698863503337
-0.00049252959236325
-0.00050067220637523
-0.00048289277257346
-0.00049729859554112
-0.00048885285925234
-0.00050000949281494
-0.00047112874589974
-0.00049353195575594
-0.00045525570688285
-0.00047808805877691
-0.00049780751750722
-0.00048802486414888
-0.00049624319986493
-0.00049432153810495
-0.00049576297452723
-0.00049243872159633
-0.00049788728759789
-0.00048853341614529
-0.00048202129102652
-0.00050152143350749
-0.00049853248572511
-0.00050135147283536
-0.00049847557003965
-0.00050954320283507
-0.00050562433677115
-0.00049824555458345
-0.00050444095686745
-0.00049685380212234
-0.00050248639943889
-0.00050440899540206
-0.00050977996448513
-0.00048726850681676
-0.00050707222058589
-0.0004982680849743
-0.00047599595755089
-0.00047061346705398
-0.00045910623203355
-0.0004710017618002
-0.00046622114197748
-0.00047508135396792
-0.00046862476905634
-0.00044236837216317
-0.00056489613107961
-0.00056459818758325
-0.00056404649487901
-0.00052822833954448
-0.00056191412516001
-0.00056924693697491
-0.00054903314835062
-0.00056215534800524
-0.00056076996085646
-0.00053175734164898
-0.00056863787829354
-0.00053673064132652
-0.0005782102824638
-0.00057315288240347
-0.00058708363797799
-0.00057427351582216
-0.0005803484488349
-0.00058030092468831
-0.00055576283030887
-0.00060372930291803
-0.00055795605945133
-0.00059296673811982
-0.00060466956156978
-0.00060879280184108
-0.00060013541067599
-0.00050234552999005
-0.00051217719651537
-0.00051529416094436
-0.00050448678301793
-0.00052098077212522
-0.00052803560288572
-0.00053797626833837
-0.00054785932177435
-0.0005335209913286
-0.00057564822018992
-0.00052753838659427
-0.00052909237499616
-0.00054121649651938
-0.00059834904278023
-0.00057975964040349
-0.00058033452696452
-0.00060733379568833
-0.00054687362576361
-0.00054729509945925
-0.00058469666418277
-0.00059149625933133
-0.00051979302842139
-0.00054654617731679
-0.00050950250216835
-0.00060100558786758
-0.00054005401684213
-0.00054386225988688
-0.00054976721582652
-0.00056486069280735
-0.00056438440552945
-0.00055700510511897
-0.00057731567443602
-0.00051966692563736
-0.00056422588361508
-0.00057235469765982
-0.0005637092960486
-0.00054628074280174
-0.00055694550518672
-0.00055735034164632
-0.00057528934091007
-0.00052777511102872
-0.00056624445129322
-0.00054328712924013
-0.00057823953137387
-0.00053079315812694
-0.00053016735014958
-0.00054449045220933
-0.00053899024499624
-0.00053663157561394
-0.000539809126276
-0.00051770893316781
-0.00051805378985105
-0.0005219953822235
-0.00053994345893906
-0.00054724236545097
-0.00051059481109268
-0.00056990866279501
-0.00056026850407615
-0.00057136983801394
-0.00057365824591161
-0.000486760023718
-0.0005025809626239
-0.00048528402044443
-0.00050375858335006
-0.00055212755684922
-0.00050591331408952
-0.00054234673476402
-0.00050460824140616
-0.0005217060715326
-0.00050573256217706
-0.00049747195111938
-0.0005083699534912
-0.00050160139746019
-0.0004852373075443
-0.00050511605539678
-0.00049610894371191
-0.00049989218095165
-0.00051055632089908
-0.00051308933453338
-0.00050551491539537
-0.00050325355908151
-0.00049916707682303
-0.00049852320368835
-0.00058033059605712
-0.00058215043978869
-0.00048692053332141
-0.00063014628073416
-0.00050846594730607
-0.00046649154389965
-0.00045053807041641
-0.00049897375506291
-0.00050141632660551
-0.00049625466997675
-0.00049735885998101
-0.0005148475159603
-0.00049959649545668
-0.00048347716715185
-0.00050046809409187
-0.00049001252543897
-0.00046646289789853
-0.00047391752640975
-0.00045464707753936
-0.00044228139334842
-0.00046969300962647
-0.00045935369908109
-0.00046164963486265
-0.00047407143348757
-0.00047013126114065
-0.00047750985664697
-0.00049166902574538
-0.00049166947718295
-0.00045617311675068
-0.00048225316195649
-0.00048359206706451
-0.00051880098309726
-0.00052213219389533
-0.00050648237120999
-0.00051088469846168
-0.00049520910411855
-0.0005520257224928
-0.00047339349350377
-0.00046907222020687
-0.00051401506756377
-0.00052754316696618
-0.00054416648802207
-0.00052208349063646
-0.0005025536157735
-0.0005302908279485
-0.00047950591923868
-0.00047272733305562
-0.0004822135377228
-0.00047943510145077
-0.00050603705279516
-0.00053161364973058
-0.00052116253182447
-0.00053906607943826
-0.00051119527314743
-0.00051088821511752
-0.00050327772700962
-0.00052961408196262
-0.0005224736255112
-0.00053832723257935
-0.00052650008667549
-0.00050067272525538
-0.00046374763456081
-0.00046300405748242
-0.00045567683456568
-0.00047518261862227
-0.00049828902324373
-0.00049725972722498
-0.00050043063829434
-0.00049702587620547
-0.00049145629161446
-0.00048958814468528
-0.00048585520373824
-0.00047468336923391
-0.00047236089999948
-0.0004746436155267
-0.00045758729234258
-0.00047041388769973
-0.00046961295110848
-0.00046182488504131
-0.00045195268766751
-0.00046995558695214
-0.00046604062609605
-0.00047681557705592
-0.00047479734175225
-0.00046603301564754
-0.00047585644834856
-0.00049073098438263
-0.00050218680011879
-0.00048362288920065
-0.00050253476354098
-0.00048490569933485
-0.00046682873866783
-0.0004315463654257
-0.00045459449214356
-0.00049684071760005
-0.00049295197743734
-0.00048741217756316
-0.00049625790797394
-0.00047496798636901
-0.00047856909388935
-0.00048552875063338
-0.00046579242975668
-0.00049330078822105
-0.00050887250278798
-0.0005025141828591
-0.00050215117767456
-0.00050574128128819
-0.00051496277704329
-0.00051619520322158
-0.00050446015866955
-0.00050115581898117
-0.00049738242697819
-0.00049912979567854
-0.00049294530909413
-0.0004529511190133
-0.00044271202718645
-0.000445756152702
-0.00045064531290543
-0.0004566210527984
-0.00044652570496158
-0.0004617211633822
-0.00043981422986059
-0.000438633072106
-0.00057494686645271
-0.00056858438352806
-0.00056146197818516
-0.00054833834648353
-0.00055072533922193
-0.00053867286443904
-0.00057762279885012
-0.0005505957290784
-0.00054319938184251
-0.00057712750456807
-0.00057935527659749
-0.00057330824314399
-0.00057637023074724
-0.00056444724672662
-0.00061611678179822
-0.00055830222251639
-0.00057501202259075
-0.00058721152773381
-0.00060890615163521
-0.00060810972255038
-0.00062452816873888
-0.00050963329356713
-0.00052033053214971
-0.00050897537233747
-0.0005129724201009
-0.00051279880815169
-0.00052268051371454
-0.0005353565358712
-0.00052615457860652
-0.00053935800409882
-0.00056022088121948
-0.00055433470624952
-0.00056952540626102
-0.00052971739491296
-0.00053781730172584
-0.00054561102963927
-0.00060363446768612
-0.00059563349643969
-0.00059150518148031
-0.00062989696804846
-0.00053857213665884
-0.00052499123282548
-0.0005346263764519
-0.00056899761576046
-0.00059154151139301
-0.00058273774153754
-0.00052845288361783
-0.00052546980145026
-0.0005159090310895
-0.00062175389919363
-0.00055187115178297
-0.00053699384857527
-0.00055504334576114
-0.0005890568592344
-0.00055486783312006
-0.00057967021866702
-0.00055360161566374
-0.00061080254015324
-0.00051859211153219
-0.00052998529203906
-0.00056755967293387
-0.00056071380356373
-0.00055575800878938
-0.00056332210068291
-0.00055777275333401
-0.00054930673061776
-0.00057225666265276
-0.00053515210266411
-0.00053845273677415
-0.00053311111708648
-0.00054743070936811
-0.00054679052982519
-0.00055284620249281
-0.00052371486570746
-0.00054077616977276
-0.00054235890794775
-0.00052874338410157
-0.00050138026500692
-0.00050235996107132
-0.00051510344853543
-0.00051721703516488
-0.0005324616559869
-0.0005214939930092
-0.00056419873009742
-0.00056114981209029
-0.00057229809747347
-0.00057503883575709
-0.00057821910675966
-0.00058491825063439
-0.00046886183423927
-0.00049560045210836
-0.00047274012281336
-0.0004978352966116
-0.00056002824279349
-0.00049957248084069
-0.00052939399298314
-0.00051763553810387
-0.00050628723839826
-0.00052405718174447
-0.00048638835344196
-0.00050575173370496
-0.00046479880059335
-0.00048527009681017
-0.00048808811511252
-0.00048625255104937
-0.00049588106190664
-0.00050326087434854
-0.00049910734877589
-0.0005093623992617
-0.00051717228381972
-0.0004975373788509
-0.00050059611679884
-0.00049755968404707
-0.00049232449338171
-0.00048357507311233
-0.00057592588838117
-0.00059200569469965
-0.00047481004168319
-0.00045358413979762
-0.00043555176081184
-0.00050090574443417
-0.00049961869007068
-0.00049819554074568
-0.00051819007653186
-0.00050512377059813
-0.00050214392823173
-0.00048956326268129
-0.00048310031746158
-0.00049036291948975
-0.00047670344839431
-0.00044722431894094
-0.00046789095312334
-0.00043913162564648
-0.00043136691137023
-0.00045388446667101
-0.00045024045603674
-0.00045557538864496
-0.00044916407221383
-0.00047136123061135
-0.00046843003088102
-0.00048095086541118
-0.00048037881802869
-0.00049177504523446
-0.00048129786776116
-0.00044822397703331
-0.00047284584524407
-0.00045389698816867
-0.00050954487986645
-0.00052285470588353
-0.0005334605298135
-0.00050700990921583
-0.00052073506877644
-0.00050195158733745
-0.00050687417604017
-0.00047446006377634
-0.00045432837219156
-0.00046858640517303
-0.00053450305192871
-0.00051235629549388
-0.00053666003123321
-0.00047257820434148
-0.0004583083787895
-0.00048345599961831
-0.000466334398644
-0.00047181057293354
-0.00048605646089091
-0.00050101332899839
-0.00053522951936117
-0.00052182756653126
-0.00053360905949558
-0.00051156319956047
-0.00050468416390841
-0.00047077366563574
-0.00046368428795521
-0.00045238751505663
-0.00046330805364387
-0.00047550569622216
-0.00050044767638459
-0.00048671483236183
-0.00049758147287238
-0.0004927866631259
-0.00048392434220873
-0.00047283336879095
-0.00046895043461734
-0.0004776368124121
-0.00045803107140673
-0.00046090294109989
-0.00045080323629805
-0.00043671829054901
-0.00045099055513346
-0.00044741074312022
-0.00044164141194709
-0.00045155494353844
-0.00046698865759896
-0.00045924417304022
-0.00045295777061988
-0.00046726145604051
-0.00045900021532921
-0.00046435263684279
-0.000483141765771
-0.00048767711452219
-0.00048865984868291
-0.00045773709260488
-0.00042104592598263
-0.00041225968690697
-0.00048456696983046
-0.00048906502585878
-0.00047177721298212
-0.00049130044203143
-0.00045825552000516
-0.00049800477337977
-0.00049649632903439
-0.00049523060029023
-0.00049368533009033
-0.00049509389749383
-0.00049902670494248
-0.00049851547967459
-0.00049610791059131
-0.00049516282274123
-0.0005010229867984
-0.00044044813097703
-0.00042476110349797
-0.00043587437945393
-0.00043926074810265
-0.00042703543880641
-0.00043033786905877
-0.00044925937391071
-0.00043611445883501
-0.00043769379871692
-0.00041822918537969
-0.00041055646691037
-0.00056622468675013
-0.00056265927999055
-0.00057513452904467
-0.00056378974586479
-0.00054088355281304
-0.00054624160862111
-0.00055275694058922
-0.00056436608410285
-0.00055247597248241
-0.00059320523993299
-0.00059355103056453
-0.00059943542873379
-0.00059822674724387
-0.00058431261358082
-0.0005800555383166
-0.00056110406155649
-0.00063462127588316
-0.00056057765926727
-0.00060848319981386
-0.00060488125305838
-0.00059222642079439
-0.00062501817883303
-0.00050998227152345
-0.00051507592534422
-0.00050804486825518
-0.00051185276100063
-0.00051498005757495
-0.00053589783231663
-0.00051574668065857
-0.00052878627589882
-0.00053800147616973
-0.00053750333692905
-0.00056971741221349
-0.0005293182264927
-0.00053630138790221
-0.00060718789416521
-0.00059918937517032
-0.00061689038007378
-0.00062140664704388
-0.00051156643075188
-0.00052719222564943
-0.00051087196590289
-0.00052360071264482
-0.00051633908685107
-0.00057024569816901
-0.00059201297535575
-0.0005721595261721
-0.00053802515654833
-0.00052576011058014
-0.00050830747004783
-0.00052887342328901
-0.00050635176270312
-0.0005180466523337
-0.00063225187860687
-0.00053865871077506
-0.00054021858840275
-0.00054075467431945
-0.00058551829155084
-0.00056527605558984
-0.00057054783890361
-0.00057143734914087
-0.00054179065043991
-0.00055362949093667
-0.00058114162335876
-0.00055853715925821
-0.0005365225082509
-0.00054505426416385
-0.00054912007385417
-0.00056238214426602
-0.0005504901747305
-0.00056284830955369
-0.0005189942179396
-0.00052126215302204
-0.00052132661501245
-0.00052346300612597
-0.00052998322882803
-0.00051209400617971
-0.00050761828182429
-0.00049667734468921
-0.00052735546230137
-0.00055895965315288
-0.00058300147385577
-0.00056356746524211
-0.00060767254036391
-0.0006083235485654
-0.00059193123224425
-0.00045778912145697
-0.00046694121978246
-0.00045289161752498
-0.00055780521361113
-0.00053592698764358
-0.00046577385994416
-0.00050867452814783
-0.00050259786583217
-0.00048933023986795
-0.00051467048730591
-0.00047734115517981
-0.00050522015097095
-0.00046358756481839
-0.00045536868616414
-0.000477345101385
-0.00047799848425779
-0.0004780277194069
-0.00046622102700103
-0.00049064030210369
-0.00050898801151571
-0.00049948348411225
-0.00051770664712036
-0.00049416347620092
-0.00050102235236172
-0.0004846763446728
-0.00048401180629463
-0.0004751399342245
-0.00048730671164843
-0.0005846487807452
-0.00059269955060023
-0.00044603336365342
-0.00043273561905735
-0.00040228799157123
-0.00052288290654429
-0.00050734356710975
-0.00048134382735747
-0.00050112780295162
-0.00047160352836305
-0.00049423451864557
-0.00047401158721738
-0.00048313332006779
-0.00044849774023338
-0.00044136706054338
-0.00045390438798692
-0.00042316727114979
-0.00042770778077081
-0.00041646743216262
-0.00042693506222238
-0.00045017597983469
-0.00045582791544834
-0.00044682822444372
-0.00042780409699805
-0.00047269386337619
-0.00046956971878366
-0.00048515575055628
-0.00048897770154695
-0.00050099409158589
-0.00044395860499366
-0.00043050789600061
-0.00044988879333923
-0.00041875081467967
-0.00051383098823956
-0.00051861809801672
-0.0005357923110765
-0.00051734387446812
-0.00051110363175648
-0.00049078086408098
-0.00045789463238239
-0.00043370131090339
-0.00052108010219336
-0.00050264266138478
-0.00049440801392144
-0.00054350785963552
-0.00044130351973571
-0.00047616483477268
-0.00043979546328671
-0.00047686859456841
-0.00046588696630338
-0.00046404027227189
-0.00047743754099014
-0.00047325521799087
-0.00050751189344863
-0.00052966222736914
-0.00052516033720334
-0.00051263606200991
-0.00053130523317963
-0.00051059068929669
-0.00050839354536549
-0.00047226118644025
-0.0004536907618856
-0.00045221788997867
-0.00045259742736769
-0.00045119042151631
-0.00044631043504581
-0.00045936883770288
-0.00048045326671209
-0.00048470715887811
-0.00048072542624807
-0.00048666490984824
-0.00046991886194078
-0.00047022122938331
-0.00046559267545914
-0.00047289205935524
-0.00044905665522677
-0.00044475519225181
-0.00044326782631396
-0.00042668091218803
-0.00044029177647697
-0.0004418468571826
-0.00044775172600179
-0.00045001303415794
-0.00046041682035679
-0.00045435104195003
-0.00045007154541873
-0.0004487004740975
-0.00045463140774398
-0.0004584412441594
-0.00045522755411673
-0.0004569869931647
-0.00047934479025098
-0.00048452040120429
-0.00048504596248274
-0.00048556932938294
-0.00039996023189958
-0.00038149280720656
-0.00040985258113061
-0.00048768225495502
-0.00046762680852973
-0.00047188091321744
-0.00047022736110699
-0.00043150143206871
-0.00050377341481287
-0.00049356035272165
-0.0005043842761871
-0.00048891042550525
-0.0005054517654552
-0.0005047358950745
-0.0005082965147727
-0.00050835078379692
-0.00048151374481205
-0.00048033560439358
-0.00049422036605011
-0.00041350526040294
-0.00040982974028576
-0.00043358866544807
-0.00043415809406232
-0.00043793081812519
-0.00041704007951499
-0.00041638292046695
-0.00044884933903262
-0.00041376877594378
-0.00039521907034503
-0.00038556038243019
-0.00060106038687461
-0.00058647772291403
-0.00056163496831757
-0.00056238334018551
-0.00053125643774254
-0.00054731057222239
-0.00053091327030514
-0.00059348171006557
-0.00057060326919794
-0.00058999086555548
-0.00059247747470752
-0.00060563766157264
-0.0005857072326811
-0.00061402021129437
-0.00061194635174315
-0.00055177319006401
-0.00059934298298874
-0.00059149304219586
-0.00058569751274187
-0.00063149251631408
-0.00051862905154421
-0.00051218785302334
-0.00050974467133608
-0.00050872333512307
-0.0005213936392635
-0.00051669570008358
-0.00050598803139689
-0.00052138598460488
-0.00053699669133822
-0.00052473247753145
-0.00052388516293993
-0.00055062874727956
-0.00053131393316468
-0.0006285130413763
-0.00058425142102721
-0.00061433227763592
-0.00063487511130198
-0.00060701374741354
-0.00062308222606907
-0.00050311931548733
-0.00050096150976244
-0.00052740141994597
-0.0005047309370705
-0.00050415382196982
-0.00050538778947335
-0.00051977274594939
-0.00052862327576056
-0.00053340801020202
-0.00055965500833858
-0.00056073398939901
-0.00054904537302232
-0.00050451288980642
-0.00049606225006623
-0.00052550703976134
-0.00051306161384422
-0.00049884525338494
-0.00050441007226003
-0.00064003804643328
-0.00055638904541899
-0.00053332662753355
-0.00052575016270396
-0.00057883410051604
-0.00057364717355307
-0.00057162740405686
-0.0005479561490063
-0.00053676063599228
-0.00054019674362638
-0.00053215276802389
-0.00055437104168985
-0.0005312113996192
-0.00053698578073805
-0.00053435845544121
-0.00055942961892097
-0.00055880582538356
-0.00054435864238674
-0.00059359474025629
-0.00051454818741139
-0.00052183713121795
-0.0005331981959066
-0.00053203803994125
-0.00052207985985602
-0.00050080299438972
-0.00052122129759898
-0.00057031415782425
-0.00058871231754234
-0.0005834283733838
-0.00059901375445256
-0.00059183647498929
-0.00045149625425323
-0.00045151761068386
-0.00055478482264214
-0.00055957390158836
-0.00049337346081389
-0.0004557119252171
-0.00048051268158674
-0.00047506073197719
-0.00048684684005917
-0.00050357094494644
-0.00045934463299363
-0.00050719400862185
-0.00052187144645993
-0.00046827089597372
-0.00046957456737051
-0.0004602750433316
-0.00047297084176092
-0.00046977075821515
-0.00046956592739891
-0.00047487381832639
-0.00044812910522053
-0.00047700544333165
-0.00049198868225727
-0.00049942215576032
-0.00047682531279728
-0.0004774354237841
-0.00055451377238832
-0.00042961078514106
-0.00040912651176301
-0.00040065022807557
-0.00037598191376931
-0.0005117290561547
-0.00049879715510042
-0.00047747219413799
-0.00047802541828785
-0.0004842789428933
-0.00046006909178495
-0.00046771319701006
-0.00048933642326713
-0.00047074610059297
-0.0004419434891459
-0.00044074938327991
-0.00043103315092393
-0.00044046040793182
-0.00046002655502043
-0.00045163012703923
-0.00041732241723017
-0.0004090858656898
-0.00042626621698355
-0.0004072563983122
-0.00042518304188139
-0.00045645079135431
-0.00042868940019906
-0.00041886055730264
-0.00046800621696926
-0.00047110720538196
-0.00050074567079896
-0.00044330859600375
-0.00043447411060819
-0.00041732996616046
-0.00041206628518025
-0.00041550530869084
-0.00051794935496119
-0.00050505986940555
-0.00049684054396357
-0.00043098913363663
-0.00046201584987094
-0.00042913351081657
-0.00043214972068524
-0.00050102749192037
-0.00051600896794338
-0.00049138981506404
-0.00042243782835099
-0.00043860902599351
-0.00045065812508028
-0.00047544058217049
-0.00042841202136098
-0.00047057953772763
-0.00044242092521411
-0.00047042209597905
-0.00044828900045593
-0.00049123181279782
-0.00052980542894241
-0.00053225318716986
-0.00052664663494245
-0.00052185377375853
-0.00050699134169565
-0.00051867544506857
-0.00050713651834463
-0.00044104248127155
-0.00044367506315821
-0.00043857571490107
-0.00042734075525019
-0.00045252415328594
-0.00043421794076366
-0.00043263383419461
-0.00045214618785348
-0.00046210549501194
-0.00047973132921482
-0.00048493665636762
-0.00047191287524019
-0.00046283623923086
-0.00046406831677785
-0.00046897839289035
-0.0004539753657333
-0.00044337071776184
-0.00043360226945007
-0.00042583003913088
-0.00044223120837557
-0.00042603033084959
-0.00044402102798792
-0.00043669792183819
-0.00043665328565294
-0.00045460439045716
-0.00045914875014548
-0.00044779772453029
-0.00044142783529586
-0.000454745945241
-0.00046522465152524
-0.0004537807144824
-0.00045271436649772
-0.00047293047189068
-0.0004792071433627
-0.00048986472635581
-0.00048865823914041
-0.00036664631459595
-0.00039474493512283
-0.00039180498938267
-0.00037436092246768
-0.00045774328752359
-0.00044764474751673
-0.00046212683749232
-0.00040175494357992
-0.00041014725839477
-0.00047964780197364
-0.00050790815690424
-0.00050450941675871
-0.00049098942378931
-0.00049888831696955
-0.00048405596761583
-0.00048418349899318
-0.00040008736882994
-0.00041162633894975
-0.00039392968493086
-0.00042004674501545
-0.00044157065906193
-0.00040117145788074
-0.00040185316453229
-0.00041848666872736
-0.0003974104906964
-0.00036656327344475
-0.00037148820534315
-0.00061022355541035
-0.00063671015328228
-0.00058250193964357
-0.00056692085438596
-0.00056898215371357
-0.00052192601624038
-0.0005683906582031
-0.00052418970093037
-0.00056529151954458
-0.0005698986618867
-0.0005755482476047
-0.00060444034114421
-0.0005927994747814
-0.00059592723319574
-0.00059299462805593
-0.00062098843788625
-0.00055622170644279
-0.00053071688784689
-0.00059340130347079
-0.00057116602078487
-0.00058133775222035
-0.00051883759081141
-0.00049445168854509
-0.00050592754025182
-0.00052165692843486
-0.0005059662549744
-0.00050658477392402
-0.0005387724185387
-0.00053117703715143
-0.00055590565719674
-0.00063524360095307
-0.00058999344455551
-0.00060429992962762
-0.00062368005168408
-0.00064175061708805
-0.00059976583996872
-0.00049703792678016
-0.00049750433794302
-0.00050134725315821
-0.00050714602160277
-0.00050985784288373
-0.00051021642759999
-0.00050472835072107
-0.00051578706504951
-0.00051189638710987
-0.0005224045959462
-0.0005248128886779
-0.00057636873342992
-0.00052209859618897
-0.00055942644638227
-0.0005148133311788
-0.00050308554191973
-0.00048598581522113
-0.00047995695633427
-0.00048500690664519
-0.00064150471244007
-0.00055994225440843
-0.00051955094109411
-0.00056736527120302
-0.00057772586826971
-0.00056978379018993
-0.00054861398565478
-0.00052186754627433
-0.00052386164433971
-0.00055497572923194
-0.00053546414126641
-0.00056282738736676
-0.00056097691704036
-0.00057958520321068
-0.00050101044819096
-0.00050338084787606
-0.00052179896338661
-0.00052756355748725
-0.00051547994068594
-0.00050113804636669
-0.0004931781494333
-0.00050827682432724
-0.00052243117974403
-0.00058394279536616
-0.00058489464185276
-0.00061665025792996
-0.00044132667264229
-0.00044443220165592
-0.00055024710006723
-0.00054291627028561
-0.00046811603676876
-0.00045955430248779
-0.00049716132639319
-0.000477492872076
-0.00048293169434105
-0.00048518902792067
-0.00052667988000265
-0.0004800158822046
-0.00044479349012591
-0.00051882809435847
-0.00046716800341196
-0.00046615292505394
-0.0004559740200211
-0.00046113369832579
-0.00044007955023344
-0.00047048274059235
-0.00046504804745878
-0.00047230529048908
-0.00044687854336174
-0.00045133253631892
-0.00042582098901941
-0.00048381447831454
-0.00055973211826789
-0.00040328262020876
-0.00040083526391603
-0.00040035963958998
-0.00037132319675553
-0.00036139988621456
-0.00037116069754119
-0.00048753593149747
-0.0005207402235486
-0.00049151007882153
-0.00048211219350616
-0.00048009887333249
-0.00048864784870402
-0.00048711279040717
-0.00045132548856373
-0.00045994744806849
-0.00049490240247355
-0.00046754926067543
-0.00046177760653004
-0.00042754887105552
-0.00044596125452146
-0.00042274668950981
-0.00043038083371444
-0.00044463477993623
-0.00044956794048304
-0.00043425541924884
-0.00045089789567201
-0.00040326432993725
-0.00041426003247437
-0.00039508574109878
-0.00040361523299014
-0.00045265010534247
-0.0004190698714539
-0.00042714884564205
-0.00040098292076309
-0.00048479356001458
-0.00043060771812329
-0.00041461425630304
-0.00040048108094215
-0.00039971287173356
-0.00039177307852257
-0.00040092110889151
-0.00052692576061334
-0.00050882253165375
-0.00045954655772151
-0.0004013698723781
-0.00042919928936422
-0.00045255502150247
-0.00047618235093055
-0.00050248192574439
-0.00052496691217288
-0.00050337644752543
-0.00042554592596258
-0.00041865655445081
-0.00042988140679286
-0.00045725452110832
-0.00042425140787399
-0.00047310343947744
-0.0004397081791575
-0.00045219261036575
-0.00044334305510967
-0.00047999533193975
-0.00052038547692708
-0.00052127772099765
-0.00050814722141006
-0.00051670755765056
-0.00041405101574541
-0.00042500936872131
-0.00040671191499335
-0.00043006065357645
-0.00043273811738346
-0.00045149242495674
-0.00042005862560348
-0.00041389148859644
-0.0004849189712421
-0.00047164146743898
-0.00048649569484599
-0.0004701061458913
-0.00045202856507934
-0.0004613868741267
-0.00044983655873654
-0.00044070650254144
-0.00043297296945757
-0.00044493528908056
-0.00041949165425423
-0.00042533699531383
-0.00042405057391393
-0.00043275394564218
-0.00042306651431555
-0.0004105898665933
-0.00040788383501648
-0.0004552774852786
-0.00043659909178676
-0.00046356147324462
-0.0004393450531433
-0.00042457290886361
-0.00046677896985287
-0.00046665711050871
-0.00048987795901793
-0.00048399745894093
-0.00034523016410083
-0.0003739358453026
-0.00037056045117459
-0.00033901488894239
-0.0004597264252943
-0.00044078339788618
-0.00037470625160624
-0.00038461874242351
-0.00041023818359714
-0.00048499792401898
-0.00049027030791867
-0.00049625136082231
-0.00048829650465686
-0.00039399876923488
-0.00038471472770065
-0.00038562382224511
-0.00037086353295491
-0.00038953984187304
-0.00042580240867114
-0.00042317487273656
-0.00040748874749754
-0.00037305834414538
-0.00040014385047527
-0.0004064928368851
-0.00038234108354507
-0.00034588990305574
-0.00035503259036796
-0.00035001709621992
-0.00062275461777776
-0.00065572851438461
-0.00060684595658796
-0.00056010229232886
-0.00057191908102539
-0.00054838014752928
-0.00052123683485617
-0.00054360460667035
-0.00055027160113247
-0.00057150112642933
-0.00055398412224666
-0.00059284315685442
-0.00058599847974127
-0.00059188055696185
-0.00059564190674831
-0.00057213499785388
-0.00061916419401076
-0.00055355145057088
-0.00051855144229423
-0.00056424584609556
-0.00054497406237321
-0.00055896075999477
-0.00050255991533979
-0.00049621962885197
-0.00050089058728835
-0.00050124330639218
-0.0005161700285362
-0.00051828152318599
-0.00053025060299487
-0.00062222209689643
-0.00059395163644566
-0.00060261591219907
-0.00062662187632129
-0.0006488099808179
-0.00058191806512141
-0.00048057090845736
-0.00049315016342321
-0.00050846541419608
-0.00050506819164877
-0.00049471046897737
-0.00048835415374455
-0.00048423278017344
-0.00050018948666254
-0.00049999843503896
-0.00056804407489923
-0.00051466329675092
-0.00051673624051134
-0.00049909162344621
-0.00048351874661158
-0.0004871411998583
-0.0004867273550373
-0.00047516041379495
-0.00056090882366467
-0.00050929908856532
-0.00053777297596509
-0.00058144361994733
-0.00052409709002003
-0.00051255188200729
-0.00050516860232644
-0.00053485860148467
-0.00055196580139897
-0.0005494005295215
-0.00050955050440233
-0.00050328439728012
-0.00051750302236698
-0.0005239091806924
-0.00051469995013455
-0.00050579533647798
-0.00049187953593819
-0.00049340598371216
-0.00047721365068197
-0.00048964589815624
-0.00060111504922104
-0.00062352363548479
-0.0004368523055396
-0.00044241039181658
-0.00054930476884748
-0.00049549392036468
-0.00044805112450741
-0.00044046449698411
-0.00043391445851797
-0.0004731635367068
-0.00044738250473227
-0.00048388377936368
-0.000478009174996
-0.00047932293037079
-0.00048757860846382
-0.00044354796944772
-0.00042972962003789
-0.00044066606171506
-0.00052466920419946
-0.00045990853786549
-0.00045180180952169
-0.00045223601089204
-0.0004668956093258
-0.00045192965722527
-0.00044084844044502
-0.00043719082795979
-0.00041577076860948
-0.00044233849140397
-0.00043420719426808
-0.00042714541936849
-0.00040586235217897
-0.00053905607794029
-0.00037928701051655
-0.00036545814838623
-0.00035643729837876
-0.0003399567310006
-0.00034099479503555
-0.0003500149546352
-0.00049255613073972
-0.00050442010531575
-0.00047591889833407
-0.00048519437623805
-0.00046492811827025
-0.00049744295314434
-0.00044714008725381
-0.00045806089080651
-0.00047329014308066
-0.00046413301824069
-0.00047887246571944
-0.00042080968670652
-0.00042337403759729
-0.00041116103100507
-0.00042169733663598
-0.00042360985213055
-0.00043010118801645
-0.00041891156641253
-0.00043474445043848
-0.00037546583172313
-0.00039923835719927
-0.00037638385646972
-0.00045145208082506
-0.00039958293859535
-0.00041321189691669
-0.00038165076614411
-0.00041562618526341
-0.00038995847147902
-0.00036859893397114
-0.00037917885933588
-0.00035451683601961
-0.00037284798865957
-0.00037608112301707
-0.00040221817884187
-0.00042935035059355
-0.00045115376624231
-0.00046656528467217
-0.00051203361026155
-0.00052479190811874
-0.00049340125061672
-0.00049718797947606
-0.00040428508658958
-0.00040450693966692
-0.00042366807794265
-0.00042178541933888
-0.00044788745715201
-0.00038030716940521
-0.00045246196802709
-0.00044080120916228
-0.00042519505988918
-0.00052599684548682
-0.00051158887151432
-0.00049549693712467
-0.00050687736757527
-0.00039755799137849
-0.00040754577212352
-0.00040430589438683
-0.0004110051950321
-0.00040995104029774
-0.00041203576876397
-0.00040757563583549
-0.00039882751697725
-0.00047449333422006
-0.00047363689467558
-0.00048751720596391
-0.00044508680717544
-0.00044582241229336
-0.00044401621878614
-0.00042676811312099
-0.00041342007178549
-0.00042100656588366
-0.00044319204895659
-0.00040310714335503
-0.00040832425318577
-0.00039635578275713
-0.00041193862902326
-0.00039938975588304
-0.00039792210201473
-0.00046519692833479
-0.00044003168111986
-0.00041670864531872
-0.000448469975586
-0.00047390923362049
-0.00048182731547542
-0.00049014120859383
-0.00048190263338657
-0.00032078882346466
-0.00033519568623491
-0.00036100274950627
-0.00030167235189174
-0.00044198744849985
-0.0003515811219935
-0.00037306429053046
-0.0003869968435733
-0.00047380777947796
-0.00048556425039807
-0.00049226826936879
-0.00049615790853979
-0.00038322230559852
-0.0003847455196336
-0.00038133071427489
-0.00035638861533539
-0.00035432319593405
-0.00038815547153775
-0.0003945283709209
-0.00041378837128715
-0.00041739115094362
-0.00039482019896634
-0.00035754029369945
-0.00035262779517023
-0.0003952474801952
-0.00039585883107096
-0.00034695565816224
-0.00034895441124235
-0.00032783599873244
-0.00033101426556117
-0.00055847844443744
-0.00063446703736011
-0.00057440683599371
-0.00056279753185689
-0.00053798513451058
-0.00051303816230999
-0.00054359230922618
-0.0005436237653925
-0.000537531950276
-0.00055291380685254
-0.00057331300305457
-0.00055513701281353
-0.00057298224174496
-0.0005818617290501
-0.00057989378573961
-0.00056207676783598
-0.00053726486563758
-0.00055297456785796
-0.00049949981097465
-0.00053371929960747
-0.00054406620827236
-0.00053747390439985
-0.00049395802081179
-0.00049804945788297
-0.00051553321941552
-0.00050357386820318
-0.0006258725103731
-0.00057096057106256
-0.00059475701765328
-0.00059513335517829
-0.00063224905413348
-0.00064417826064976
-0.00055630454897965
-0.00046928605072218
-0.00048059112560471
-0.00049617277251151
-0.00050953645385534
-0.00050117201679792
-0.00047814863258761
-0.00047481598920955
-0.00047161784949748
-0.0004775492585946
-0.00049850487508913
-0.00052866897342416
-0.00048878611855537
-0.00052068979735467
-0.00048469940184169
-0.00046617847188778
-0.00047560392850395
-0.00046095570503088
-0.00050327877813359
-0.00051964641944082
-0.00053133147607021
-0.00057369598668342
-0.00051904672347188
-0.00051244661572899
-0.00050846014230625
-0.00053931403675359
-0.00050546087383112
-0.00051020766295562
-0.00048984002545823
-0.0005064176274465
-0.00051359589436645
-0.00048301191522245
-0.00048516826028477
-0.00048327207667298
-0.00057003644595524
-0.00062159808034684
-0.00043330812647897
-0.00042250363279155
-0.00052633084529262
-0.00048921519540976
-0.00045506705832483
-0.00043993762257284
-0.00041704569753317
-0.00041208982254252
-0.00044175657265622
-0.00043542977861128
-0.00045428301150688
-0.00046636994196026
-0.0004527783479026
-0.00046666050855833
-0.00047252332576241
-0.00042938123077507
-0.00043290924405554
-0.00043637354358352
-0.00042913539337764
-0.00049860750529765
-0.000473761492517
-0.00045203989034101
-0.0004526294971901
-0.00043408911306272
-0.0004421470148627
-0.00045975224446579
-0.00044566677451411
-0.00042225107679321
-0.00042535596696793
-0.00043052784101021
-0.00041049462474295
-0.00040591398250154
-0.00052421915184925
-0.00035865047808647
-0.00034323695915336
-0.00035341439485423
-0.00033222528777524
-0.00035342544586091
-0.0003362567024213
-0.00034594206099269
-0.00031433679831256
-0.00050268689929944
-0.0005071402629214
-0.00047883293871506
-0.00048041454785822
-0.00045878694727794
-0.00048383067054188
-0.00042594229299016
-0.00045560733735158
-0.00048121262924285
-0.00047821805472762
-0.0004150243977303
-0.0004126994851035
-0.0003827469017783
-0.0003993707953235
-0.00041394985196412
-0.00043062366066072
-0.00043367489472213
-0.00044341741800965
-0.00037295991866625
-0.00038338372054264
-0.00036002347029699
-0.00039806356366163
-0.00040301929784693
-0.00039767656166823
-0.000380145815416
-0.00036491338304249
-0.00035656285624652
-0.00036243023565106
-0.00035242847506858
-0.0003423009965871
-0.00037982792293709
-0.00037544421161058
-0.00041089810560937
-0.00044351508931477
-0.00044477485565814
-0.00047601391702276
-0.00049035936869706
-0.00050639651223646
-0.00048854998813857
-0.00047956654097513
-0.00049912235083719
-0.00039798898158106
-0.00039159523969955
-0.00040920853056236
-0.00038670927042799
-0.00042071156376671
-0.00040269388513468
-0.00043132812457226
-0.00041151277534351
-0.00036949713393293
-0.00046800302392454
-0.00041705503359227
-0.00052239046246932
-0.00051871855370268
-0.00049718377074881
-0.00038308712548457
-0.00039812200797511
-0.00039720211659886
-0.00038267061727813
-0.00039985517307911
-0.00039642183476017
-0.00039208580670982
-0.00039481883794848
-0.00039040503515407
-0.00045456771950481
-0.00046537919659142
-0.00045743432164463
-0.00048828634465216
-0.00041954701231064
-0.00044719470004264
-0.00043594740326224
-0.00042430185622476
-0.00039673436973304
-0.00041191408301501
-0.00041790067375793
-0.0003941688500076
-0.00039390914642014
-0.00039038931785574
-0.00040014513257857
-0.00046099043765342
-0.00043659571161439
-0.00041030028100595
-0.00042792632368698
-0.00041259636540141
-0.00048234329861224
-0.00047815410034488
-0.00034156805105103
-0.00031587192938331
-0.00033116087218723
-0.00031311032546286
-0.00031837418990526
-0.00040912847631682
-0.00033944261436854
-0.00037753075288774
-0.00039134446296338
-0.00047112285000414
-0.00049984664460668
-0.00048689525172849
-0.00035493583237107
-0.00039044466109779
-0.00037133231100581
-0.0003642238087641
-0.00033353870705787
-0.00032228199968057
-0.0003908214777175
-0.00039046453714846
-0.00037939636041017
-0.00034955121306776
-0.00037443205867178
-0.00033951366773968
-0.00032330792276629
-0.00030384557872238
-0.00032719087441386
-0.00055390597388446
-0.00052660066257428
-0.00057786755506296
-0.00057011305674262
-0.00055684141160485
-0.00054395510129465
-0.00050480927757431
-0.00052989133780729
-0.00052516451630875
-0.00055237610518515
-0.0005222614506362
-0.00054644808412576
-0.00055637541640174
-0.00055451442107157
-0.00057459537003885
-0.00059092768894186
-0.00056439774942365
-0.00057099801302908
-0.00056018873166699
-0.00050893396742973
-0.00055430066940289
-0.00052849523530045
-0.0005156783238686
-0.00051719262698256
-0.00049378683496459
-0.00049998175995932
-0.00050617116365984
-0.00049953291042598
-0.00058471754273707
-0.00059277662709296
-0.00056614257860503
-0.0005614714308734
-0.00061896257719935
-0.00054214288253139
-0.00054479989817052
-0.00046908145380502
-0.00047629899608307
-0.00047060778007774
-0.00047965705539218
-0.00049374352458688
-0.00047904476677016
-0.00046544632758085
-0.00045997248577431
-0.00046407054782201
-0.00046315729382393
-0.00046432954035122
-0.00047149305540697
-0.00050149421918408
-0.00052380594605483
-0.00050046413269724
-0.00046503672607494
-0.00051067646104465
-0.00049481928439687
-0.00045640435156289
-0.00044570973488085
-0.00045189800403552
-0.00044802936007382
-0.00049134042279428
-0.00051288047021659
-0.00051623285436364
-0.00055184364458309
-0.0005120227608948
-0.00051077813570733
-0.00050293810554371
-0.00049404672430088
-0.00051814060010969
-0.00047767282547878
-0.00049582924112272
-0.00047836603238459
-0.00047503873352134
-0.0004828151237645
-0.00050673288241719
-0.00049224017647779
-0.00048113812889574
-0.00047893731285378
-0.00057531451079691
-0.00042390060840824
-0.00041531130221611
-0.00046634611922854
-0.00045207618965567
-0.0004314395011837
-0.00039900171918016
-0.00041979346478706
-0.00040843681968485
-0.00039327793115425
-0.00044453304455597
-0.0004512038813038
-0.00043627745707487
-0.00043438618315811
-0.00044739228232297
-0.00046399642152084
-0.00046168757975627
-0.00044998822402722
-0.00047566298392015
-0.00041508259490927
-0.00043721586539681
-0.00041878902006083
-0.00040441608703534
-0.00050708727339376
-0.00047180485552955
-0.00045704591224418
-0.00042045445020502
-0.00045641587315648
-0.00040960664458469
-0.00042991570211751
-0.00047085054962863
-0.00040944095841613
-0.0004165266548518
-0.00040561845975905
-0.00035113256751253
-0.00034202741717629
-0.00034067465327642
-0.00032574817591963
-0.00033500561166076
-0.00033843950504795
-0.00035914078436081
-0.00032111348065645
-0.0003255803733783
-0.00031977450456606
-0.00030263206779124
-0.00049215236169052
-0.00049275372210382
-0.00046646780715402
-0.00046750695546872
-0.00043065240876902
-0.00041784575103457
-0.00047860129318071
-0.00046150941574575
-0.00041805331031728
-0.00039442708094042
-0.00041567986806109
-0.00037837530071837
-0.00037739212656775
-0.00039293454310944
-0.00043189888619886
-0.00042776908341173
-0.00044657416291136
-0.00038051341453314
-0.0003636065684668
-0.00035298675614826
-0.00039331027456044
-0.00038034683725136
-0.00037082521767381
-0.00035612247080266
-0.00032760303175714
-0.00035073216741785
-0.00032817088120035
-0.00035269359454831
-0.00032954878084987
-0.00034687233292134
-0.00034805077528635
-0.00035814940606888
-0.00038888278363079
-0.00039584065021554
-0.00043540066597849
-0.00045293580876981
-0.00048203067278467
-0.0004674689513246
-0.00046118474689125
-0.00050216964728316
-0.00049362538601734
-0.00052361353506811
-0.00044103658050665
-0.00039631458533494
-0.00039244604584527
-0.00039844187447469
-0.00040063945683656
-0.00038841149966779
-0.0003940503199962
-0.00041704576631758
-0.00042420609193221
-0.00046175224267802
-0.00045294113394201
-0.00051319018684444
-0.00037261040213311
-0.00035560294183391
-0.00037249610111261
-0.00035857865754287
-0.00038825950156935
-0.00036837821337988
-0.00036685030697379
-0.00036278870451984
-0.00037028716941677
-0.00045090103602906
-0.00046242055959774
-0.00040990242768921
-0.00043257995988857
-0.00042601949930783
-0.00040797198762299
-0.00038110393226983
-0.00039401469080809
-0.00045478632745463
-0.00044106658385002
-0.00039993300869627
-0.0003955556650028
-0.00041925034705959
-0.00042022091451663
-0.0004774964764732
-0.00046985990002058
-0.0003201550331089
-0.00029138278784805
-0.00031102471587075
-0.00030335047244399
-0.00031349719733877
-0.00033911350153801
-0.00039693411524914
-0.00036327812508942
-0.00034464649406768
-0.00035627205630482
-0.0003689543594286
-0.00033368162842338
-0.00031527562689
-0.00032105654959075
-0.0003740782161537
-0.00036702780647579
-0.00033905098355475
-0.00033181067130173
-0.00030028049512773
-0.00029534583183531
-0.00054603548891897
-0.00053655107206392
-0.00056659122718766
-0.00055296467149147
-0.00051637160360467
-0.00049835355279634
-0.00052818945752745
-0.00050882252649791
-0.00051748253581567
-0.00052218455570527
-0.00055400705202213
-0.00052405299905652
-0.00055579194712678
-0.00055300708620649
-0.00052697192693919
-0.0005649660166755
-0.00057840901940159
-0.00056978143599087
-0.00052940238307538
-0.00052131693878237
-0.00047100053437774
-0.00050251693501584
-0.00048387854841543
-0.00048092923245004
-0.00048659089845186
-0.00049952136150417
-0.00046753603914729
-0.00057323122448168
-0.00056644027476564
-0.00058469962610131
-0.00057848860424326
-0.00056334489949044
-0.00053686739949415
-0.00053369073364128
-0.0005749661658256
-0.0004997379007878
-0.00050720595812933
-0.00046514018547978
-0.0004644999436341
-0.00044686031321459
-0.00045544074059095
-0.0004633474028625
-0.00048066109544428
-0.00046844851686305
-0.00043643380647191
-0.00045582039361569
-0.00044147031054108
-0.00044334052329708
-0.0004392581045014
-0.00044896174882052
-0.00046421689428952
-0.00048480842797126
-0.00048689106408804
-0.00046628523467416
-0.00049741921549566
-0.00045054922445245
-0.00052776424375421
-0.00046746033134722
-0.00042905931403685
-0.00043518598203467
-0.00047033872510639
-0.00050077297264851
-0.00050450752499247
-0.00052619293489608
-0.00050987448156447
-0.00050890295154902
-0.00050762688823471
-0.0004882201109615
-0.00047471647463335
-0.00047369669712793
-0.00047689596621186
-0.00048178304317801
-0.00046968244850303
-0.000476350983748
-0.00048137188286138
-0.00048448376081854
-0.00048698347594387
-0.0004707090618187
-0.00046123427341968
-0.00058700393169133
-0.00042579328465625
-0.00041458126150261
-0.00039630957593628
-0.00043617557056645
-0.00042762267008222
-0.00039402769564233
-0.0004102892934606
-0.0003732686182935
-0.00039197484412114
-0.00035405664680799
-0.00043940623918396
-0.00043843710396643
-0.00042577368994179
-0.00041421602090044
-0.00044410712046085
-0.00046464702239924
-0.00045729940952122
-0.00046338490428616
-0.00039601166209691
-0.00042927320555053
-0.0003992644850778
-0.00038090252882256
-0.00045720861081842
-0.00044289791992673
-0.00039408120712218
-0.00040698467578177
-0.00044293809397749
-0.00038389375316272
-0.00041498475842603
-0.00043715075536676
-0.00039204069536481
-0.00039623934810005
-0.00034247279271312
-0.00033230918740608
-0.00030508496883392
-0.00031811328361824
-0.00032727926613425
-0.00033685324329144
-0.00030485202372628
-0.00028836839716841
-0.00028685318813816
-0.00047899595922847
-0.00044213054027455
-0.00041622051781602
-0.00040852664252412
-0.00039152455365109
-0.00040655503516993
-0.0003803865088538
-0.00037491993782717
-0.00039659882721696
-0.00041850675872018
-0.00044161182903396
-0.00043641590756867
-0.00044408149836091
-0.00035796020134459
-0.00035711351427457
-0.00037383287588411
-0.00036212193249042
-0.00033481138410762
-0.00030189013634199
-0.00032276987738983
-0.00028336409754729
-0.00032212660545913
-0.00029609477823229
-0.00035732834343687
-0.00036049511255614
-0.00034377710232286
-0.00037406651971664
-0.00039788694165315
-0.00043038463219845
-0.00042221707613304
-0.00045243451290425
-0.0004212248243308
-0.00043849400442902
-0.00048900038739269
-0.00050030183038228
-0.00044782601203008
-0.00039742916636279
-0.00037826408291961
-0.00038721366328488
-0.0003880551181457
-0.0003841617726043
-0.00038100057330623
-0.0003781165324131
-0.00039279931282547
-0.00040750853532619
-0.00046556614762483
-0.00044702827444726
-0.00035986560067029
-0.0003624560622795
-0.00036035655663458
-0.00035766979967676
-0.00036045927054708
-0.00033297528087145
-0.00035173211189157
-0.00035340327624286
-0.00034675287502405
-0.00034149155532872
-0.00045583118572417
-0.00041804759462155
-0.00042875497025167
-0.00043397032109527
-0.0004175635587323
-0.00038732225677851
-0.00036272554718984
-0.00037946386998189
-0.00042666611176783
-0.00038560546282051
-0.00038731629598115
-0.00039246673101326
-0.00039812831034716
-0.00047011405054764
-0.00046402996252654
-0.00046752292110252
-0.00031632628549881
-0.00027238558130247
-0.00029680539089313
-0.00027974618867246
-0.00028629273664342
-0.00032035008236593
-0.00034283156952972
-0.00035482627054859
-0.00032990721991317
-0.0003436059595905
-0.00033387766515979
-0.00035687292392669
-0.00031580238567535
-0.00030136550735727
-0.00029055128610245
-0.0003614045269163
-0.00036530884697171
-0.00035112385368427
-0.00035433979442017
-0.00030818294436153
-0.00031344594304941
-0.000272190866519
-0.00029820663915259
-0.00028186992195273
-0.00054522332446088
-0.00050977739684058
-0.00051111865411948
-0.00053376635960457
-0.00050264486043509
-0.00051420162288271
-0.00051679209928103
-0.00050804154644438
-0.0005064019992329
-0.00050390185656412
-0.00052699584898972
-0.00051117938421529
-0.00050985840659494
-0.00052917230068763
-0.00053123899625651
-0.0005582279105184
-0.00051301201288726
-0.00051981406363929
-0.00052103806626945
-0.0004936208109251
-0.00048683095640272
-0.00046342632868046
-0.00045627438666184
-0.0004725319474212
-0.00044539429214932
-0.00045889483565056
-0.00044275018091811
-0.00055610217546459
-0.00054768553380773
-0.00055559805835834
-0.00058380149457139
-0.00052930265866201
-0.00052407365583363
-0.00049118133951926
-0.00052235930636648
-0.00056873518931914
-0.00047719747758578
-0.00047185381493122
-0.00044810975457021
-0.00045535134135444
-0.00044323543815293
-0.00043664709520497
-0.00043795483191492
-0.00044332026347578
-0.00047175497007937
-0.00046011067612407
-0.0004558414193931
-0.0004297247168745
-0.00043614825111914
-0.00043252910210315
-0.00042370197145925
-0.00043489112476299
-0.00042340920169122
-0.00043784176111194
-0.00043084380565709
-0.00046638419517285
-0.00044489402573205
-0.0004619167372014
-0.00041719488727644
-0.00049816413832335
-0.0004372414462117
-0.00044638469305481
-0.00039997655207945
-0.00042983637726346
-0.00042298753656885
-0.0004738828784257
-0.00047385147897122
-0.00048718460253915
-0.00048431433111774
-0.00049157767843969
-0.00048583081513863
-0.00048607830329264
-0.00047426560752951
-0.00046554356907904
-0.00046508067395236
-0.00046518434127937
-0.00046931866637551
-0.00047096173288754
-0.00047367975332134
-0.00044191135814863
-0.00044078404897823
-0.00054316655095873
-0.00037734055125628
-0.00036775164283195
-0.00041577602674796
-0.00041315924511012
-0.00035006850031908
-0.00038996058818032
-0.00033667431759299
-0.00035674745793472
-0.00040412096999408
-0.0003735280686339
-0.00031650115191729
-0.00042211858578647
-0.00042130028354198
-0.00040016499043601
-0.00041344811476814
-0.00039336794489676
-0.00044376512099542
-0.0004245864942754
-0.00042665171102
-0.00045304672609655
-0.00037815093580291
-0.00040950379997896
-0.00037026901950749
-0.00038171459656135
-0.00037399081313095
-0.00043263652257829
-0.0004330355656388
-0.00038558589028848
-0.00039862653760666
-0.00041976349953276
-0.00041734261147861
-0.00038681358523782
-0.00038757474582374
-0.00041154694644697
-0.00040889668037324
-0.00043151000924748
-0.00037273731017079
-0.00031290647394174
-0.00031424425558623
-0.00031023441126503
-0.00029146574925523
-0.00031088583706094
-0.00030928318294892
-0.00034641811930998
-0.00032715760432204
-0.0002830332315574
-0.00027801010755518
-0.0002723131392236
-0.00027432487675869
-0.00043575097829064
-0.00041029967899634
-0.00040183185677748
-0.00039518044910887
-0.00036656956990049
-0.00035840212715042
-0.00038018056715401
-0.00040961782830717
-0.0004293985197601
-0.00042262227234162
-0.00035257777827896
-0.00036545058994374
-0.00034227816124313
-0.00031320975475182
-0.00027909743725709
-0.00029235905538796
-0.00031528271361144
-0.00026995059994089
-0.0003256951458172
-0.00030093079677632
-0.00032295233948972
-0.00036006212754939
-0.00035667271306078
-0.00036210343188064
-0.00041102346918226
-0.00039961234989671
-0.00038070105195979
-0.00041750827019665
-0.00046767584952415
-0.000416455200295
-0.00039944990122665
-0.00042869083921232
-0.00044866088497438
-0.00047367287177258
-0.00037150736149365
-0.00035490659048022
-0.00036122693863574
-0.00038890364939112
-0.00038110656498632
-0.00036175315575949
-0.00036719287140919
-0.00036325734644713
-0.00038234494357982
-0.00036936578317687
-0.00038998588274855
-0.00044335976368045
-0.000428206110211
-0.00033094939983757
-0.00035842851844871
-0.00032797496825272
-0.00035475316369969
-0.00035011627878188
-0.00032838550661502
-0.0003672417436581
-0.00031900627963055
-0.00034578385741084
-0.00034742077811519
-0.00035439450372174
-0.00035498232243742
-0.0003248110310497
-0.00038687083447751
-0.00042205159475503
-0.00043023931614807
-0.00042945133744119
-0.00039050166934743
-0.00036453044806623
-0.00038340242103302
-0.0004187808819456
-0.00037930450509017
-0.00036949922402141
-0.00039564593379786
-0.00037993657785291
-0.00040648067445211
-0.00045633529943448
-0.0003034430892767
-0.00025842569241653
-0.00024720647902438
-0.00029823283238644
-0.00026932780610124
-0.00026302260021295
-0.00031078070998384
-0.0003467173083219
-0.00032493968811357
-0.00030566880859078
-0.00033188345088971
-0.0003385514003031
-0.00033133789762349
-0.00027674196165407
-0.00035140824288403
-0.0003601569649882
-0.00035748637973882
-0.00033973826639412
-0.00034594575441954
-0.00031612845191815
-0.00025454045921246
-0.00028866713975605
-0.00028775737805974
-0.00045701133104139
-0.00049864787898471
-0.00045839420532709
-0.00051249462940109
-0.0004659613609395
-0.00049826601492386
-0.00049095554582343
-0.00048400081598791
-0.00051340420932189
-0.00047720176865482
-0.00051268240187854
-0.00050744091330201
-0.00050995119337133
-0.00051464368983128
-0.00053221719291076
-0.00050937228419439
-0.00048689925190274
-0.00050699470281197
-0.00046606326741056
-0.00043992721809657
-0.00046379148359842
-0.00043349545484098
-0.00043830231424597
-0.00044043780722953
-0.00043626818222367
-0.00053392655729652
-0.00050512409543796
-0.0005127337490504
-0.00051200552001032
-0.00047633880199213
-0.00047688553852201
-0.00045190043318372
-0.00050383907945693
-0.00051333792100727
-0.00046127714747775
-0.00044848304240725
-0.00043268725489276
-0.00044328742039633
-0.00043262863929389
-0.00043881078343978
-0.00045839882633662
-0.00043861646690738
-0.00042404133704577
-0.0004368616720489
-0.0004156106202649
-0.00043190612546356
-0.00041065515163475
-0.00040819667064255
-0.00042588010235429
-0.00040430651410429
-0.00041365155155757
-0.00041649148173551
-0.00042251066202302
-0.00044836195759038
-0.00041736097117453
-0.00044210192748225
-0.00045780208897518
-0.00048024862769894
-0.00042919042554016
-0.0004256073002271
-0.0003997571435042
-0.00041373331421182
-0.00042888304945011
-0.00041117788490056
-0.00046389848559806
-0.00044703554388478
-0.00047010512182903
-0.00046491093073597
-0.00044851484237121
-0.00048625584145475
-0.00045436580826639
-0.00044564445618773
-0.00044511089026908
-0.00043934468184055
-0.00046475762672177
-0.00045381420675115
-0.0004435716190043
-0.00044442598520597
-0.00053140690223793
-0.0003748538137246
-0.00033313455325886
-0.00041493558357787
-0.00039916738695214
-0.00036197928413955
-0.00032197159051973
-0.00034685797538328
-0.00033631586518858
-0.0003802010435303
-0.00039717672003593
-0.00035290562893963
-0.00030985812206844
-0.0003062170348366
-0.00041639137389919
-0.00039932402173562
-0.00039126988810281
-0.00040203288758096
-0.00039910439241072
-0.00039973220620806
-0.00037908924895669
-0.00041422562482106
-0.00041946611441844
-0.00039330669265264
-0.00035569285240322
-0.00038661499880554
-0.00036879172576152
-0.00036618460199568
-0.00035072873352486
-0.00042624637340113
-0.00040479983620953
-0.00044079007712696
-0.00035138318397708
-0.00039787577400555
-0.0003693098729627
-0.00038857668417945
-0.00034319808901064
-0.00038285059525299
-0.00040077633144306
-0.00039726749470705
-0.00040859388086876
-0.00027236850210998
-0.00027366012520735
-0.00029246889917701
-0.00026830958350306
-0.00027711693809089
-0.0003193730984207
-0.00028932057626643
-0.00032701242869503
-0.00026020655030669
-0.00024407364873267
-0.00025301610232723
-0.00042189229666818
-0.00038998960724028
-0.00039227886600613
-0.00039471323569642
-0.0003590874324534
-0.00034517775845506
-0.00042050889090869
-0.00039564629402962
-0.00035095450897641
-0.00034654425893431
-0.00034261033793972
-0.00032270863587185
-0.00029659428236852
-0.00032170410428428
-0.00025553528236897
-0.00029235283329746
-0.00025293643479567
-0.00030187698096073
-0.00028843510207656
-0.0002505372890004
-0.00032122662508528
-0.00029801488841245
-0.00032007205375704
-0.00033318906715843
-0.00034637869584299
-0.00040375348196699
-0.0003977299507403
-0.000375275549468
-0.00039699169124341
-0.00041798666015483
-0.00045191161857658
-0.00039660786449803
-0.00039177129791156
-0.0004067192895835
-0.00041842860208882
-0.00043412542546194
-0.00045221620780256
-0.00036005852596111
-0.00033714378984194
-0.00035929828449516
-0.00036952754684989
-0.00035681014201185
-0.00037840518728976
-0.0003464121019624
-0.00034453359045502
-0.0003627906791342
-0.00036551211336108
-0.00036313541143986
-0.00037217425644186
-0.00042955938663212
-0.00032520644554132
-0.00032414226227019
-0.00031578726433961
-0.00029870953909051
-0.00034153551984276
-0.00033971280714844
-0.00031270585044077
-0.00037028337229522
-0.00030613365338757
-0.00030256990269568
-0.00035046993392016
-0.00035529013004173
-0.00035528090076141
-0.00035898913169526
-0.00031598486961888
-0.00030432769901308
-0.00039149176195295
-0.00037973367687143
-0.00040152744185688
-0.00042636695272539
-0.00035497731021975
-0.00037489868592582
-0.0003556787564195
-0.00038432157567425
-0.00040702781234181
-0.00036326930262243
-0.00044179780241066
-0.00027319923011216
-0.00029192712565378
-0.00024550051069622
-0.0002409926784947
-0.00023348854395325
-0.00029314647306171
-0.00027159931293478
-0.00025525725677509
-0.00026457960018623
-0.00025690125247911
-0.00029898240549639
-0.00032724082229571
-0.00031865148686967
-0.00031226984144907
-0.00028940816738409
-0.00030509185908842
-0.00033567938936556
-0.00032019511281936
-0.00031171985133065
-0.00026166521066331
-0.00025831769400675
-0.00035954943791736
-0.00034070717149309
-0.0003545338194549
-0.00024334049687919
-0.00025809670605398
-0.00025866161797022
-0.00045406196352998
-0.00050830828125688
-0.00045657478674478
-0.00045511929049653
-0.00046698478511052
-0.00044455603743389
-0.0004618485119559
-0.00047658053776157
-0.00049076341014428
-0.00046504712310476
-0.00045339428327858
-0.00047147865486722
-0.0005067440154058
-0.00050544985640014
-0.00049237665103126
-0.0004880170418902
-0.00049525209472533
-0.00044329110793958
-0.00051849473038146
-0.00045162973322266
-0.00040910795643142
-0.0004276733768784
-0.0004277198388012
-0.00044448252930837
-0.00043375053125288
-0.0004979200860119
-0.00049394295519268
-0.00046294488621034
-0.00048016262242633
-0.00048641788046303
-0.00045968677367806
-0.00044399293900418
-0.00044097996489997
-0.0004896783706833
-0.00042984656352265
-0.00041938610873127
-0.00041062115606822
-0.00041308128673656
-0.00042831922290605
-0.00041461909695153
-0.00042992318504898
-0.000405913501402
-0.00041658030091627
-0.00040519234723785
-0.00040188910189634
-0.00041368331379748
-0.0004112353876326
-0.00042437147282384
-0.00041309033033701
-0.00040605359138888
-0.00040635790240756
-0.00043892176492757
-0.00043279500634018
-0.00044781866195309
-0.00043771411892754
-0.0004683042040814
-0.00041980747095
-0.00040405934373648
-0.00038578111650076
-0.00040595060491764
-0.00041584835152353
-0.00040320631546553
-0.00043902066358422
-0.00042678576859119
-0.00044387904088749
-0.00044490883322525
-0.00044487907053945
-0.00044873536874552
-0.00045911393819
-0.00043071138364851
-0.00044282995355682
-0.00043265902445101
-0.00035228016289954
-0.00033079920983457
-0.00039441046555001
-0.00032992444820549
-0.00034650223310358
-0.00031946010130606
-0.00035868932888893
-0.00037250946448164
-0.00029538058896484
-0.00026640852186174
-0.00031723967070354
-0.00038429887648802
-0.00038320504545744
-0.00041175249420466
-0.00039432862186803
-0.00040177981575388
-0.00037246726933945
-0.00037990780946892
-0.00036465649124638
-0.00040615448854736
-0.00033940854628143
-0.00037547358149455
-0.00036494426723219
-0.00035530036045935
-0.00035547297712365
-0.00034795271246308
-0.00033812843787298
-0.00040492734975257
-0.00040488073177776
-0.00041308754493735
-0.00032368307020463
-0.00034978395499906
-0.0003893661946758
-0.0003731523078261
-0.00036807581631356
-0.00035477584809132
-0.00034866662007169
-0.00032194218011143
-0.0003826962817446
-0.00036622637576229
-0.00040267010488724
-0.00040053528116035
-0.00038406864524105
-0.00027687581370148
-0.00028229334507631
-0.0002739849570751
-0.00025507476821778
-0.00025554900889349
-0.00024957687698729
-0.00025657625063957
-0.00027513948287739
-0.00031444524322654
-0.00028780686988883
-0.00031658935746381
-0.00024957330349565
-0.00024345517695253
-0.00023554701691834
-0.00023582041205995
-0.00025250900820565
-0.00037006521842753
-0.00037376651987068
-0.00034843271357284
-0.00033837966196777
-0.00042405973516047
-0.00039079528405207
-0.0003433193877079
-0.00034467223131342
-0.00029858512774937
-0.00032057770968454
-0.00030209013964869
-0.00030584525597832
-0.00023979550691747
-0.00026670361091726
-0.00023038081043796
-0.00028547818432629
-0.00029953645610863
-0.00032230364924415
-0.00027189560679379
-0.0003013653117966
-0.00032676744127118
-0.00033849112823916
-0.00037802957336579
-0.00038562690467341
-0.0003536488842703
-0.00035788738366286
-0.00035944551628143
-0.00040944884945909
-0.00036450043115799
-0.00037141844520558
-0.00040827498696663
-0.00037654787285956
-0.00039819179291738
-0.00044837258819967
-0.00033878379680346
-0.00032948611621106
-0.00033851500893234
-0.00034918773870548
-0.00035964129568525
-0.00034167344969944
-0.00033800955063141
-0.00033055781295466
-0.00032601324827832
-0.00033920562958651
-0.0003483480599585
-0.00038536366119645
-0.00041669252021863
-0.0003203500415386
-0.00031716875152908
-0.00030905684449653
-0.00029043024012562
-0.00029017744031575
-0.00032410658995801
-0.00034424039895374
-0.00032034558625697
-0.00035620211747784
-0.00025927926089229
-0.0003128564244663
-0.00028321729450557
-0.00034717883229592
-0.00032963950584621
-0.00028020197919709
-0.00027168672209228
-0.00036683380431473
-0.00039956822658751
-0.00035789986180801
-0.00035795841290234
-0.00034907310200856
-0.00038136767902323
-0.00035711897072177
-0.0004049430466963
-0.00026784421570151
-0.00027435648612327
-0.00023018252139007
-0.00023503566539025
-0.00024377403492533
-0.00022508669823598
-0.00021874910091772
-0.00027425995026157
-0.00023691852529599
-0.00024883648852711
-0.00026286935865793
-0.00029337758972736
-0.00030679629644986
-0.00029476304438693
-0.00026260440215773
-0.0002973237828348
-0.00029874951329286
-0.00032900702909121
-0.00030590556329716
-0.00030474014010083
-0.00023999783160522
-0.00026533937251403
-0.00034222191306528
-0.0003187772764031
-0.00023602895879818
-0.0002313961005967
-0.00024312330103643
-0.00045533735945455
-0.00046717232522553
-0.00042175961784137
-0.00044672664745126
-0.00047850882893923
-0.00043342108869029
-0.00043781527123725
-0.00043724544440062
-0.00046707229491126
-0.00044691649199177
-0.00042531245790769
-0.00044609088655497
-0.00045611334393394
-0.00046607611907206
-0.00046347147142499
-0.00045546618129597
-0.00044917378497559
-0.00046508753146759
-0.00044060802695204
-0.00042988055461515
-0.00041437793297092
-0.00039536040619925
-0.00043351397707921
-0.00040956261563955
-0.00042176057428558
-0.00042190443305035
-0.00041563463846673
-0.00047819240065721
-0.00047725799375892
-0.00044636754242477
-0.00046397312250065
-0.00046093606036672
-0.00044207985119689
-0.00041696214944039
-0.00047290710776952
-0.00039817039599185
-0.00041441038061533
-0.00042516166894817
-0.00041355555681746
-0.00040054152526745
-0.00039812749048555
-0.00039899849113832
-0.00040555247760422
-0.00039830959140314
-0.00040159675433419
-0.00040636669313239
-0.00039562057481428
-0.00039808956815759
-0.00038009942332396
-0.00038815868264833
-0.00041153082052819
-0.00039718479718789
-0.00042094627367655
-0.00041444107897405
-0.00041485097824423
-0.00044223554072242
-0.00037294462784985
-0.00039231711415594
-0.0003776286040418
-0.00039312852913261
-0.00043435156439087
-0.00043241745741737
-0.00043416319895259
-0.00043836825766369
-0.00042494730378073
-0.00043300113276345
-0.00045110391468065
-0.00043576484791416
-0.0004253503105041
-0.00043619501526952
-0.0004062691689341
-0.00031294260699916
-0.00029953457783464
-0.00035593041790834
-0.00032657121403371
-0.00030272198542603
-0.00033531070072329
-0.00032235166475443
-0.00030392156742204
-0.00029862206569386
-0.0003412506539025
-0.00035337193128838
-0.00023706899004585
-0.00022667867819447
-0.00028307460020034
-0.00023805203201192
-0.00035918710735923
-0.00038415146987201
-0.00037260826427094
-0.00038595200833612
-0.00037534287272287
-0.00037168788748649
-0.00036868969729243
-0.00032784131700852
-0.00035548627929278
-0.00036846745037774
-0.00035342558361914
-0.00035214804238914
-0.00035767188531298
-0.00040640834754702
-0.00039130100354804
-0.00028422918254058
-0.00033447642473278
-0.0003744485022336
-0.00035594170691877
-0.00035224327507846
-0.00034594780818669
-0.00034292329802594
-0.00031885045638664
-0.00028756786028178
-0.0003954458577845
-0.00036096365441329
-0.00035540175265229
-0.0003784119478222
-0.00028634078401049
-0.00027423114808194
-0.00027092033998606
-0.0002611532120144
-0.00021744371824428
-0.00021772175695403
-0.00024650257633844
-0.00025219319285163
-0.00027940646861975
-0.00030119928897796
-0.00027426619113995
-0.00027200147468617
-0.00031477540602926
-0.00030106941736918
-0.00025287538814695
-0.00022861443225021
-0.00023620945672424
-0.00021727940554817
-0.00037189652030596
-0.00031866346223422
-0.00033089343076191
-0.00041168415589223
-0.00038549044231688
-0.00038196628221461
-0.00029677659141967
-0.00031728323345915
-0.00030514910503782
-0.00028585250359511
-0.00022892354123514
-0.00026782132934399
-0.0002423095493983
-0.00022931072831909
-0.000294842426005
-0.00029155002903917
-0.00030207544363795
-0.00026157300248122
-0.00030545189563181
-0.00030881513217941
-0.00037917886393336
-0.0003655531438186
-0.00039162053548934
-0.00034748823141259
-0.00032677590354963
-0.00035479383971677
-0.00033883975517531
-0.00033972884455829
-0.00034848131540236
-0.00033847907609596
-0.00037709073467301
-0.00040689274755817
-0.00036682700588166
-0.00044145872384585
-0.00032067156259833
-0.00030365339161323
-0.0003396369465829
-0.00032959394630508
-0.0003177511572811
-0.00033540257581624
-0.00030642374725421
-0.00030361844198685
-0.00032577952106957
-0.00041480281687219
-0.00028715607535578
-0.00029216484875145
-0.00027125198358124
-0.00026575801854031
-0.00025857232742794
-0.0003305692451983
-0.00033375161313293
-0.00035732175648556
-0.00024643530192831
-0.00025636497366382
-0.00026624065630153
-0.00027768494346388
-0.00033886062070183
-0.0003054628417255
-0.00026743173099136
-0.000282744814828
-0.00035780728799448
-0.00039153890359752
-0.00034852872966805
-0.00034096662977905
-0.00031559539882085
-0.00035390143833006
-0.00034424055435546
-0.00027750329922085
-0.00024384837856967
-0.00021444847222442
-0.00020363193350411
-0.00021401431004525
-0.00022099373981646
-0.00021635125710187
-0.00027205474064893
-0.00022462195269082
-0.00023358107920039
-0.00021923246045464
-0.00025613407110304
-0.00029638178268708
-0.00029045895617335
-0.00024800484415199
-0.0002703020694935
-0.00029492815619049
-0.00030753723470096
-0.00023139592284791
-0.00019651842828754
-0.00027557948478573
-0.00024910373566609
-0.00031106630656055
-0.00031576971131912
-0.00030104135893246
-0.00020393268413534
-0.00021883752793635
-0.00034907907587906
-0.00035404622738383
-0.00045113199402084
-0.000406600402263
-0.00043388708100978
-0.00043006687588483
-0.00043010808863756
-0.00042397255208697
-0.00041976664922824
-0.00040996649555051
-0.00044820190861886
-0.00044052269465967
-0.0004592058164821
-0.00042873926794019
-0.00044129848137047
-0.00042537543438393
-0.00037935414049753
-0.00037542155115743
-0.0004150740462409
-0.00040154957060219
-0.00040560269909187
-0.00042328860238362
-0.00040749874712194
-0.00046968261689426
-0.0004291345288077
-0.00040430353708818
-0.00041420120010998
-0.0004214688505308
-0.00040554451756949
-0.00039569669496288
-0.00046526362888166
-0.00038392246749833
-0.00040635619893553
-0.00037805094564432
-0.00036868446459265
-0.00037829810258368
-0.00037253510353276
-0.00038462356596846
-0.00037007674890818
-0.00036916628176451
-0.00038007150040192
-0.00039042616516234
-0.00037824612933727
-0.00037181867161608
-0.00038178218565476
-0.00038724942647173
-0.00033761579804577
-0.00038288588702517
-0.00038749026175738
-0.00039075731203166
-0.0004243176309266
-0.00041211840255765
-0.00041294156142984
-0.00034273511978642
-0.00037409365439249
-0.00036071536578811
-0.00037641842925578
-0.00039468671283288
-0.00040875026868356
-0.00040737601524174
-0.00040340362907282
-0.00042901931387018
-0.00041019213812362
-0.0004198027956109
-0.00040908650207924
-0.0002875500371639
-0.00026925754699021
-0.00029922660651027
-0.00033071955124771
-0.00029543656962071
-0.00029575074657897
-0.0003138612188249
-0.00027546216205979
-0.00028521618055857
-0.00024326561239642
-0.00022556962588682
-0.00019973053805705
-0.00024301448920379
-0.0002501246751764
-0.00023334827956403
-0.00036722737273703
-0.0003553691518491
-0.00035108082955102
-0.00035729584914108
-0.00030148006172731
-0.00034360149781759
-0.00036040244353413
-0.00035656984130056
-0.00031790085765833
-0.00035511444088933
-0.000321565731568
-0.00033832692607015
-0.00039828017288158
-0.00038667557962018
-0.00028019936758947
-0.00027338206574123
-0.00029584546870054
-0.00035881463693357
-0.00034149322906286
-0.00032534088297226
-0.00032726728474613
-0.00030652352352656
-0.00029203269664159
-0.00028811830243439
-0.00028001460143296
-0.00038717342660806
-0.00035123202993469
-0.0003331168695477
-0.00036980059022045
-0.00026168919904624
-0.00025779349473877
-0.00022393624181347
-0.00022694530684683
-0.00019889399454704
-0.0002332781600029
-0.00020586246581817
-0.00023275717930409
-0.00023676429476047
-0.00022298612716786
-0.00024462485235144
-0.00029632490360476
-0.00028488296571369
-0.00025023657874569
-0.00027864722581345
-0.00025001730460784
-0.00029272362753861
-0.00023074307391834
-0.00018832336770525
-0.00021038923843305
-0.00020132193353411
-0.00036854611550413
-0.00034465405704071
-0.0003152635227134
-0.0003310733714046
-0.00039042914787812
-0.00037727731392448
-0.00027233254787736
-0.00029280808721973
-0.00030542653045877
-0.00030857479470963
-0.00029145079533911
-0.00027235100931848
-0.00019103332633185
-0.00023657113856453
-0.00024349484256984
-0.00018540589780232
-0.00027990546243452
-0.00029664591517282
-0.00027474167877912
-0.00029706028235159
-0.00029431791314973
-0.00038958866157726
-0.00036239424637359
-0.00034601645512726
-0.00037738776008685
-0.00034464757462919
-0.00031401538501395
-0.00033349822749273
-0.00032745104545824
-0.00032343028111897
-0.00033875970417788
-0.0003279728047931
-0.00035079543921936
-0.0003561790831421
-0.00037728621518408
-0.00040747411897618
-0.00034972705949498
-0.00040185787161336
-0.0003059886989264
-0.00030066693480481
-0.00030719479083951
-0.00030343986188009
-0.00030013596178059
-0.00032289587430261
-0.00029556275915607
-0.00029369149995992
-0.00042350415726151
-0.00027197094844783
-0.00025792083302636
-0.00027290150815479
-0.00025464246349658
-0.00025120944683011
-0.00024643860196927
-0.00030632395206191
-0.00033750900488826
-0.00024466517053949
-0.00024749723132423
-0.0002390315521279
-0.00026635828272385
-0.00026400487558737
-0.00027910015841041
-0.00031720466178343
-0.00030577345325464
-0.00026301104531624
-0.00028328215179583
-0.0003627163822269
-0.00036445782246582
-0.00034678837528361
-0.00033166678999591
-0.00030004607866454
-0.00031443801329849
-0.00035311825878947
-0.00032677769314133
-0.00026371145345757
-0.00024056257553695
-0.00019704732735631
-0.00019836716957924
-0.00018123757779527
-0.00019733531040868
-0.00019282327195643
-0.00021436595394865
-0.00020696445775416
-0.00025240346740142
-0.00020462933505064
-0.00019025097491645
-0.00024601904124242
-0.00026545577155662
-0.00029541721948474
-0.0002429929412534
-0.00025722785827171
-0.00027420632839309
-0.00020698840016404
-0.00022038708554388
-0.00020011855643969
-0.00026429084416865
-0.0002448164843442
-0.00029724266232225
-0.00029359236658553
-0.00017773738507717
-0.00018893769760749
-0.00022987451748034
-0.00034483196787494
-0.00035054753778014
-0.00037948019567706
-0.00035414790550356
-0.00041249300893981
-0.0004194609996827
-0.00042113098164729
-0.00041311829813439
-0.00038428248864681
-0.00041957832194329
-0.00041747051885404
-0.00044308097421667
-0.00040243706455699
-0.00040440237634194
-0.00041649153787342
-0.00038896705697269
-0.00035543206222263
-0.0003666253673297
-0.0003809504788447
-0.00040369121779294
-0.00039078021794821
-0.00037794660413967
-0.0003916183881169
-0.00043141790557225
-0.00040016320290151
-0.00036984957543805
-0.0003929473108073
-0.00037955551011588
-0.00042411393944065
-0.00037835745135693
-0.00038379520448504
-0.00035489099617843
-0.00037027871591364
-0.00035181051720739
-0.00036017757318018
-0.00035030731860028
-0.00035786666583703
-0.0003623719537844
-0.00037419359005009
-0.00034578802310906
-0.00034716972363962
-0.00037134140462252
-0.00038742374977522
-0.00032535605693537
-0.00032040531068834
-0.00035954635044271
-0.00035477818509656
-0.00036603603943566
-0.00039172293619145
-0.0003564068683873
-0.00038447254105749
-0.00038968804005229
-0.00040122678868303
-0.00032593818822917
-0.00034677361791704
-0.00037224657563729
-0.00038324393068315
-0.00038516175566221
-0.0003887678757319
-0.00039194327362399
-0.00039595494514306
-0.00039512634499623
-0.00038540460437647
-0.00025539196358726
-0.00025828295822817
-0.00031461661479157
-0.00029045589773093
-0.00030577084837728
-0.00028086306703636
-0.00029873636796698
-0.00025229267487775
-0.00024872865130606
-0.00021572452841906
-0.00026680139135375
-0.00020970949391452
-0.00021489982717139
-0.00015343083847176
-0.00016262315964577
-0.0001984020818027
-0.00033575508180411
-0.00034097381164393
-0.00032765108541629
-0.00028583541675763
-0.00028085834101904
-0.00029900440361269
-0.00031952184520878
-0.00034177609929409
-0.00033025252359938
-0.00030122076140136
-0.00030823639922551
-0.00033608756720917
-0.000321935077984
-0.00032365013362712
-0.00039192341227875
-0.00037125739082186
-0.00026470704843386
-0.00027276364037652
-0.00030733734008148
-0.00034447032667127
-0.00031818702518188
-0.00030186553286684
-0.00034503162546541
-0.00028875995280863
-0.00029515169718549
-0.00028165346419167
-0.00026930415877642
-0.00035195753574454
-0.00030552922555058
-0.00024272858917194
-0.00023589324560496
-0.00021748508833368
-0.00021970092281061
-0.00021773824577179
-0.0002014437295795
-0.00019386504164054
-0.00021704089422677
-0.00022497103944168
-0.00016143157586793
-0.0001956392656476
-0.00018084126066422
-0.00022406325087019
-0.00028591389886127
-0.00026680725565999
-0.00023382179194874
-0.00026870175026262
-0.00023438968086952
-0.00028480546759401
-0.00019151310800547
-0.00018961188784693
-0.00017897881657298
-0.00018272026754159
-0.000354429286698
-0.00033300336596987
-0.0002879711452577
-0.00030832609087759
-0.00030836442914673
-0.00029778932084833
-0.00026533753804333
-0.00030933780780568
-0.00030525844213271
-0.00027318725058416
-0.00025571099215032
-0.00015646283453106
-0.00023127052915482
-0.00016095942094305
-0.00028301590176757
-0.0002579567438319
-0.00027411987772883
-0.00037269354531117
-0.00035425566918139
-0.00034426096967768
-0.0003685563215304
-0.00033215869121795
-0.00031035720838674
-0.00033611580065036
-0.00031762250591448
-0.00031180669102949
-0.00032002673791925
-0.00030954858429284
-0.00033638304238501
-0.00037629433134018
-0.00038126846887024
-0.00039707204388393
-0.00034378988871276
-0.00034279422566368
-0.00028944257037654
-0.0002841440416482
-0.00030633875224629
-0.00028919954683283
-0.00027756272409013
-0.00027773935046726
-0.00040490145540877
-0.00026225171961413
-0.00025267951506681
-0.00025004926360184
-0.00023754659987696
-0.00032220437017554
-0.00021914879166171
-0.00023344912775826
-0.00021869071449189
-0.00023646133347732
-0.0002635682984287
-0.00027022249745175
-0.00027615360435813
-0.00025928441857296
-0.00023567912988758
-0.00024859425093818
-0.00035809600364693
-0.00033366326809746
-0.0003296536351237
-0.0002947979142807
-0.00031587245241162
-0.0003316353864661
-0.00032423396688953
-0.00031951246759665
-0.00025245890134859
-0.00017777467550511
-0.00018479766484379
-0.00017716687359898
-0.00017419973527078
-0.00018224290563699
-0.00018827052371803
-0.00019042928600792
-0.00016055439181024
-0.00020460773345729
-0.00020269056261111
-0.00020130397472575
-0.00019126917649209
-0.00016904394453226
-0.00019461133341522
-0.00026354271955918
-0.00026769931367715
-0.00021994920179258
-0.00024098562450616
-0.00021926228155284
-0.00022038965490376
-0.0002042902701993
-0.00018760396538066
-0.00027741848035175
-0.00025558271011955
-0.00028027241718311
-0.00017363982909607
-0.00019895782977357
-0.00033708238690775
-0.00036241358594099
-0.00036350672871817
-0.00035766925945323
-0.00038889137733581
-0.00039160552517584
-0.00038352235109256
-0.00037390184796468
-0.00037934601240415
-0.00036907928180131
-0.00039259686602222
-0.00038426635042366
-0.00036977731652867
-0.00036557015167011
-0.00035320447573474
-0.0003468478309909
-0.00035287900786774
-0.00036389571893026
-0.00035122283974784
-0.0003754595543002
-0.00038970995597997
-0.00042113872092129
-0.00038284979406925
-0.00035610777018561
-0.0003530053873336
-0.00035211647564359
-0.00036953663689669
-0.00034820954627108
-0.00034256264885257
-0.00034860835340696
-0.00035352378674781
-0.00035166736085389
-0.00033505751652158
-0.00034604129671924
-0.00034715597824421
-0.00035043865463944
-0.00035090336286385
-0.00031883731307799
-0.00032603675216912
-0.00032825091982284
-0.0003594952793288
-0.00036157897017459
-0.00031771495905434
-0.00032522562218228
-0.00031906794938841
-0.00032896417617702
-0.00035144241634707
-0.00034717136080388
-0.0003478498708016
-0.00035761663012182
-0.00036331384363467
-0.00035313365690098
-0.00038813030526613
-0.00036209210720946
-0.00031104368157693
-0.00033110576439861
-0.00032512241406639
-0.00035719343053807
-0.00038375100400941
-0.00037922831724615
-0.00038576200183913
-0.00038298288942346
-0.00037029035597299
-0.00037443028409322
-0.00022484230037207
-0.00031774690863536
-0.00027969260675445
-0.00029832219915502
-0.00025636508982078
-0.00028549432192154
-0.00031354453177841
-0.00025633125514218
-0.00023572547595888
-0.00022994109255792
-0.00018385766341256
-0.00019704639668562
-0.00019500143037563
-0.0001692920194866
-0.00017713508803685
-0.00014246510816816
-0.00013805433886544
-0.00013839999131529
-0.0002073337261852
-0.00033592357335416
-0.00026000070690318
-0.00029719752532923
-0.00025845400113105
-0.00028837235707132
-0.00030056754039548
-0.0003270228624126
-0.00031738578991341
-0.00029121777075359
-0.00029461607641336
-0.00031504827200739
-0.00032379640128806
-0.000249203738719
-0.0002203381075634
-0.0002571101932789
-0.00024882985163277
-0.00033514241392177
-0.00028906492149391
-0.00028263050548148
-0.00033077874865538
-0.0002715191239752
-0.00027651014667368
-0.00022486528384376
-0.00034533182219261
-0.00030958383214858
-0.00023869586002557
-0.00023261101885327
-0.00020887995346954
-0.00021358903686072
-0.00020824656387487
-0.00020181277797389
-0.00017242355167837
-0.0001638526169158
-0.0001482867052527
-0.00021565666437549
-0.00022117676250975
-0.00022570042455432
-0.00013771604558142
-0.00017815062464401
-0.00017452304975153
-0.00026016204469954
-0.00022707294429934
-0.00022495886272825
-0.00024139934651219
-0.00028530057433096
-0.00016648778073631
-0.00016133754524326
-0.00016123920470464
-0.00032616653727176
-0.0003447965692777
-0.00031987724249717
-0.00027376451067891
-0.00028321622601275
-0.00027645359795224
-0.00027844995708392
-0.00029274338504924
-0.00025664507308254
-0.00028845835503044
-0.00026155521625992
-0.00026865248041161
-0.00013012077950617
-0.00019017380001567
-0.00013799879970373
-0.00016200171209811
-0.00026026976706565
-0.00023929602080908
-0.00025041452044767
-0.00024967851432771
-0.00037172217320007
-0.0003294169610044
-0.0003688742683766
-0.00031148037203288
-0.00030157019105296
-0.00032426500165038
-0.00030795852299624
-0.0002975615291686
-0.00030344622928712
-0.00028892287627714
-0.00030500278272245
-0.00035968667041437
-0.00032111425421923
-0.00030912993530043
-0.00025952138698244
-0.00027762542799462
-0.00026738089539638
-0.0002686672569873
-0.00025958201015139
-0.00025909102099817
-0.0002441004564319
-0.00022866322142184
-0.00022679950854175
-0.00021564160747005
-0.0002067402721599
-0.00019995102642318
-0.00023691489406869
-0.00018841382482344
-0.0002598989775203
-0.00023415518519301
-0.00023609086884363
-0.00025630196060908
-0.00033704213471247
-0.00032447453489093
-0.00032106442610193
-0.00028858992460085
-0.00029024828975655
-0.0003311203372647
-0.00029900897734102
-0.00029714417377686
-0.00022821777441241
-0.00024642340201275
-0.00015185918882198
-0.00016559358220742
-0.00016410042579555
-0.00016083794053128
-0.00016161634123686
-0.00017054679488368
-0.00016147752405162
-0.00013703794356619
-0.00020010312329604
-0.00016792540979378
-0.00019758143679996
-0.00019284399823628
-0.00017336835840267
-0.00013419330932462
-0.00016816765962738
-0.00019289401408663
-0.00026288788380131
-0.00026830251254808
-0.00021370983338172
-0.0002297194370098
-0.00020486343281705
-0.00021721137518389
-0.00017721139011705
-0.00015823369044216
-0.00023568606640694
-0.00014427696101182
-0.00019713187915244
-0.00027180095454728
-0.00034067454122195
-0.00033993137598172
-0.00034243611172756
-0.00035941801360736
-0.00036438463980516
-0.00034813954047956
-0.00036508668598474
-0.00036470665328171
-0.0003563112448719
-0.00034295254877736
-0.00035216878375182
-0.00033662113518707
-0.00032654599131435
-0.00033918072500159
-0.00034889484976718
-0.00034964607861219
-0.00035676880497792
-0.00037127711815899
-0.00039204702427659
-0.00035649609958856
-0.00034835227078336
-0.00034820031007275
-0.00034247923104706
-0.00037371735993328
-0.00035124735603637
-0.0003225226553497
-0.00032395851148131
-0.00031820953844751
-0.00031892242167833
-0.00032848752971294
-0.00033148646382826
-0.00032592757339826
-0.00032198085835045
-0.00030816293266355
-0.00028851918573574
-0.00030575934295134
-0.00029264525976914
-0.00034903571324576
-0.00035511935657689
-0.00028808997300518
-0.0003310805283852
-0.00029262639318887
-0.00029046249153795
-0.00029087315277892
-0.00034344691429675
-0.00032306075786171
-0.00031618957523866
-0.00032263593384512
-0.0003424596880993
-0.00034919537227953
-0.00033871931581065
-0.00036109403495421
-0.00034035956289489
-0.00028597027186446
-0.00031056823106836
-0.00031540544759127
-0.0003336402819174
-0.0003665559814908
-0.00036005440820988
-0.00035104399114781
-0.00034826096674751
-0.00019270238208014
-0.0002880920639767
-0.00027768215774734
-0.00025125396757179
-0.00030595603962718
-0.00030850105834179
-0.00022800881454665
-0.00024531960317451
-0.00023631465208489
-0.00022190766629409
-0.00020355675629267
-0.00015175697237366
-0.00018540303990946
-0.00018983769199874
-0.00014972071792105
-0.00014792359609225
-0.00013178470049168
-0.0001886659861871
-0.00015630332333012
-0.00010767799249138
-0.00011141270144441
-0.00014604538087975
-0.00011655609378164
-0.00017572572012769
-0.00024209677538427
-0.00026464325265077
-0.0003004335091972
-0.0002673186929088
-0.00028840456586696
-0.00027271474541228
-0.00027412594875277
-0.00031022553784291
-0.0002115991820375
-0.00020113840217033
-0.00024672770407961
-0.0002382162349453
-0.00028849031493734
-0.000294352038399
-0.00026788825142132
-0.00032902399193823
-0.00023984643361924
-0.00021693309287382
-0.00032752445213751
-0.00027776897713822
-0.00029850803356586
-0.00022715692071135
-0.00022660304893779
-0.00022714590760409
-0.00018554231267941
-0.00019640489843334
-0.00018542738163667
-0.00016859533740953
-0.00014505425770626
-0.00014689231462977
-0.00015934191040943
-0.00014839487062561
-0.00015967515180721
-0.00019133589189324
-0.0001977532222622
-0.00020420644806794
-0.0001256496024091
-0.00012392698691233
-0.00016531390116932
-0.00025868505808305
-0.00022486060523157
-0.00022493466527174
-0.00023263122461055
-0.00027599797758373
-0.00011860086082308
-0.00014491669873409
-0.00013368030046357
-0.00032097966356962
-0.00029910445085017
-0.00026787110802475
-0.00027048716917827
-0.00027077379153759
-0.00028055848943829
-0.00028820505408404
-0.00028465870541981
-0.00026026360399389
-0.00024099868085388
-0.0002551165341202
-0.00028271160900456
-0.00012029487740149
-0.00013417857262522
-8.3816474082597e-05
-0.00014639571187705
-0.00023874021331602
-0.00024634949488114
-0.00030767589374443
-0.00035902059235397
-0.00029281725064069
-0.00029016840227538
-0.00028223054473508
-0.00028408468210769
-0.00026841364541742
-0.00027456549564436
-0.00026566796343295
-0.00027885089681993
-0.0003471819502301
-0.00032588524790404
-0.00030422024082838
-0.00029730722595291
-0.00028371745474982
-0.00026060040398806
-0.00023707478941839
-0.00024325228957715
-0.00025474352963316
-0.00024875513532106
-0.00023256292941842
-0.00021216445299553
-0.0001998942287005
-0.0001941299412377
-0.00019364492283853
-0.00021579349499855
-0.00017110907085397
-0.00023700202842993
-0.00025783730937399
-0.00021226022605386
-0.00021326315272688
-0.00023645631438028
-0.00025259425471073
-0.00031975100861027
-0.00030796348121798
-0.00029317132030956
-0.0002749548918713
-0.00027387467851718
-0.0003243675655927
-0.00031057606878807
-0.00027573566622902
-0.00023511207925382
-0.00026321654938516
-0.00014576746340825
-0.00014495649207573
-0.00014002062137096
-0.00013601445332982
-0.00013702493697121
-0.00013108103409642
-0.00015402860448261
-0.00014758983743202
-0.00012968547725887
-0.00012742184614328
-0.0001740742093876
-0.00016535605328919
-0.00018075235117419
-0.00021903297566406
-0.00017632834903856
-0.00013576176294827
-0.00011474122741136
-0.00015611122333503
-0.00017309186935489
-0.00026202115159636
-0.00017825863981138
-0.00020220984191578
-0.00016108285672962
-0.00015620095085559
-0.00012854131655748
-0.00021363680787904
-0.00013800338167659
-0.00017324257213834
-0.00027114482234768
-0.00025106605602308
-0.00033480355921518
-0.00033782301266327
-0.00034285909905101
-0.00035683550136999
-0.00033387622648589
-0.00035166780512821
-0.00035055665082718
-0.00035254944947977
-0.00034308025364157
-0.0003056193014049
-0.00033959865079151
-0.00031721751186123
-0.0003202009115783
-0.00034481375745551
-0.00034083715311805
-0.00034868952740046
-0.00034360262597703
-0.00033353391137893
-0.00033837798536702
-0.0003325362138322
-0.00033943683027907
-0.00031148772797621
-0.0003113279136156
-0.00030487238145369
-0.00031867756505936
-0.00031021056199309
-0.00032058995887206
-0.00030787167813097
-0.0002863514331537
-0.00027643693673187
-0.00028674251855484
-0.0003027455558354
-0.00028282529850291
-0.00033531141657723
-0.00033689183227787
-0.00026947594295428
-0.00027151288829989
-0.00032400142017936
-0.00027709583393112
-0.00027285042102811
-0.00025366970076578
-0.00029240207217559
-0.00028795853196874
-0.00031870744186795
-0.00031758648994213
-0.00028484270885865
-0.00033669858093516
-0.00029377225794724
-0.00031478468800839
-0.00033359595876498
-0.00030959587125276
-0.00026783904384125
-0.00028904258436343
-0.00028997213287667
-0.00028799444917906
-0.00031075974617142
-0.00032832070996681
-0.00034250712432944
-0.00033725292918295
-0.00033538649449831
-0.00033032826682333
-0.00027532513613358
-0.00024798412660557
-0.0002823000789692
-0.00029298329229184
-0.00022309305056026
-0.0002041589652831
-0.0001982958790916
-0.00018235313364265
-0.0001211331300013
-0.00011512539129797
-0.0001355620514283
-0.000159289111208
-0.00012843420015795
-0.00013202674200146
-0.0001367252440775
-0.00011095140362397
-0.00014225178612993
-0.00016376040717977
-0.00011558152493718
-9.5622544289662e-05
-8.8618133609338e-05
-0.00013062076270739
-0.00011852886465172
-7.3909443410094e-05
-0.00017294326899922
-0.00022822671778721
-0.00025410381882925
-0.00029063343180446
-0.00025799232830742
-0.00026927183601367
-0.00024434197163945
-0.00026716788044681
-0.00020536229813587
-0.00019429235673413
-0.00019184611220556
-0.00021757486244339
-0.00020535626951459
-0.00027445643618336
-0.00030171302365096
-0.00023882823176748
-0.00022407896602082
-0.00021792148376559
-0.00029521960757335
-0.0003231549417606
-0.00025591706277274
-0.00025528254715507
-0.00021315148904883
-0.00020499611645416
-0.00022791970937691
-0.00021157479739185
-0.00017519929282116
-0.00016731481356856
-0.0001985000656656
-0.00019345840962575
-0.00017510410613748
-0.00013128838316493
-0.00012143257677401
-0.00014436010748773
-0.00014940573300082
-0.00014671114922091
-0.0001271936635228
-0.00014610492542792
-0.00018113444703308
-0.00015804463129287
-0.00019530900112582
-0.00021955824018349
-0.00011388369473193
-0.00013390105243553
-9.9337017013118e-05
-0.00012604131126559
-0.00024277622323199
-0.00019269245564805
-0.0002322660907285
-0.00021756659092622
-0.00026778660588488
-0.00010681208740481
-0.00012111051517227
-0.00011323062013781
-0.0003077200342691
-0.00029926139889866
-0.00024471945194616
-0.00026856210107287
-0.00027629120447173
-0.00027350867487479
-0.00028476343712755
-0.00025938898432257
-0.00023906848640858
-0.00023732252113112
-0.00022778066362853
-0.00024946486665166
-0.00024455516099464
-0.00025829467705142
-0.00010821908200934
-9.4453840970075e-05
-0.00011205885798466
-5.5245577554027e-05
-0.00012904139263294
-0.00020933295426952
-0.00029956151628344
-0.0003412877585327
-0.00027249486469359
-0.00026395246287135
-0.00027105626621426
-0.00024848940685794
-0.00024657530791707
-0.00024483488291859
-0.00024702268972028
-0.00025970970439788
-0.00030913402207079
-0.00031402286800671
-0.00028498455343028
-0.00029790217685997
-0.00030660247236616
-0.0002653072924881
-0.00026165519791182
-0.00023795313642926
-0.00022778447484892
-0.00023097626192797
-0.00022254860502469
-0.00022658525530687
-0.00019060551152703
-0.00018089333214204
-0.00017232010345878
-0.00016885478800078
-0.00014489414186424
-0.00022240709503657
-0.00023047030041542
-0.00020156323926628
-0.00019074170409297
-0.0002153230658981
-0.00024511359479533
-0.00029700989346347
-0.00027309273637185
-0.00027287993029826
-0.00030317684044651
-0.00028241626324431
-0.00028184492728476
-0.00025174989724097
-0.0001097995436139
-0.0001270940793187
-0.00011080418945377
-0.00011200704040297
-0.00012419266922054
-0.00012280584914452
-0.0001099874278604
-0.00013276964925742
-0.0001477782222982
-0.00013054774893727
-9.2935153653011e-05
-9.5110957261393e-05
-0.00016178796982925
-0.00017044234663724
-0.00013993137250095
-0.0001610844107631
-0.00018271782163521
-0.00020521017178871
-0.00017414359560534
-0.0001235482093017
-0.00010603920347118
-0.00011698555935316
-0.00016214312732398
-0.00014840535246073
-0.0002469526511751
-0.00015904911183348
-0.00019563695090056
-0.00015296378304777
-0.00014792488923912
-0.00014236649984791
-0.00012191995340442
-0.00012686971471185
-0.00012807335015059
-0.00010927502537155
-0.00026917914568743
-0.00026267147723327
-0.00025550320438448
-0.00025518142997697
-0.00028442805129522
-0.00031920766435089
-0.00033300869771783
-0.00030354382143221
-0.00032706481759165
-0.00033111820049191
-0.00032593689305886
-0.00032778423157086
-0.00029234634328247
-0.00030616924095811
-0.00032068621332812
-0.0002842364570345
-0.00033451193615524
-0.00031287050531322
-0.00033336147192319
-0.0003271381859894
-0.00030279813434586
-0.00028945399100324
-0.00032292590133265
-0.00029579400240849
-0.00029294099130146
-0.00028724802327901
-0.00030067888755962
-0.00029261932750831
-0.00026562760908574
-0.000263934340221
-0.00028748700513699
-0.00026924697845626
-0.00030938522001148
-0.00031423008993103
-0.00024715487790536
-0.00025488327502664
-0.00025038607014622
-0.00029691397739959
-0.00023153008507265
-0.00027570355874771
-0.00025182621383252
-0.00023419084316409
-0.00023406957142494
-0.00026553940881663
-0.00025160967250973
-0.00029658328567643
-0.00027971098601663
-0.00029502056289618
-0.00026088103630993
-0.00026605196358129
-0.00027877390325105
-0.00030582438383221
-0.00031305270579676
-0.00028387783564199
-0.00025013199748916
-0.00025417613129148
-0.00027138823050541
-0.00027252703957309
-0.00029180407748709
-0.00031144100837236
-0.00032435876129215
-0.00033012121012111
-0.00032972365127623
-0.00032299573357542
-0.00027470739090308
-0.00023319217525396
-0.00028580657442994
-0.00019389490008281
-0.00019142569832111
-0.00014357869166325
-9.195190802669e-05
-0.00012401551465726
-7.4140148054638e-05
-8.4526189756061e-05
-0.00011052660876352
-0.00016262186581452
-8.4741253351536e-05
-0.0001114544474468
-0.00015734684439236
-8.8296755745366e-05
-0.00013093755460125
-7.4323016242685e-05
-0.00010746551539108
-0.00012326662510167
-0.0001262789737852
-0.00011112248857054
-7.337438639852e-05
-6.9155598559594e-05
-8.1015907868708e-05
-6.8788051008547e-05
-5.8306255529392e-05
-4.1817609681534e-05
-5.2204146317515e-05
-0.00021012758661891
-0.00023436760625774
-0.00024537786267339
-0.00026628582450986
-0.00024989038875402
-0.00023107325236303
-0.00023719997116131
-0.00019423917323758
-0.00018871996486611
-0.00018228123747263
-0.0001515752846966
-0.00018937790438264
-0.00023438004780634
-0.00028717076387875
-0.00022442969535357
-0.00018168353494554
-0.0002843647101839
-0.00030345118896205
-0.00025441297811941
-0.00024037130890325
-0.00019196337280081
-0.00022348449426583
-0.00020570326839886
-0.00018286289799073
-0.00022975741972015
-0.00021236433766102
-0.00015814631252533
-0.00018265788219399
-0.00014750578508558
-0.00019762717771272
-9.377450032238e-05
-8.297845829548e-05
-0.00012081342334412
-0.00013075317721031
-0.00013983002320108
-0.00010506509598583
-0.0001567607793222
-0.00010866197924359
-0.00017251654474648
-0.00011952771973226
-0.00017426172748883
-0.00020031993167683
-0.0001982618221221
-8.1547533755674e-05
-0.00014503830670322
-9.9923618059211e-05
-7.743607897894e-05
-8.3882885072598e-05
-0.00010125866655712
-0.00022772357324033
-0.00017743567586725
-0.00023820694569208
-0.00020446813984174
-6.4257621631384e-05
-0.00010463734216724
-8.3320474004568e-05
-0.00029508963487569
-0.00022184636903937
-0.00025204221193583
-0.00023922480663626
-0.00025504234977084
-0.00025460640924476
-0.00028436653421333
-0.00025608379230488
-0.00023302557462689
-0.00022639015458739
-0.00023400044002284
-0.00025701266560273
-7.2069140015243e-05
-7.8435901044269e-05
-0.00010403473833994
-8.7564083685073e-05
-5.8712004312548e-05
-6.0428748145368e-05
-0.00013820642369955
-0.0002006024010901
-0.00028070292241382
-0.00032355222229892
-0.00025610663065
-0.00022548111324574
-0.0002452960879588
-0.00023520755462656
-0.00024245557332765
-0.00023572100323234
-0.00024194147610256
-0.00030123114551172
-0.00030525336284364
-0.0002701832409343
-0.00027219911169913
-0.00029425745693381
-0.00029330010706181
-0.00026237038705392
-0.00025141612820231
-0.00025694025241731
-0.00022672712592847
-0.00020017458535682
-0.00021408600092987
-0.00022590431649537
-0.00020318430909007
-0.00015286942752229
-0.00017039766936974
-0.00023169549137474
-0.00018450946026183
-0.00022686302018038
-0.00025679098278817
-0.00030116286736156
-0.00027422800839166
-0.0002580765421092
-9.6693336095596e-05
-0.00010325688374538
-9.0340812480437e-05
-0.00010096924470623
-0.0001137729892053
-0.00010071736572175
-0.00010535887601038
-8.8112428266366e-05
-0.00011856339480147
-0.0001417018234849
-0.00012439255718668
-0.00010278343817521
-5.8435954695605e-05
-8.4559454994407e-05
-5.7109906318268e-05
-0.00015300223113502
-0.00015880821690294
-0.00010641312854322
-0.00013162871220446
-0.00017586256552767
-0.00016453902718941
-7.4123845843056e-05
-0.00010390111239048
-0.00012044710906639
-0.00014019914110766
-0.00014277349816846
-0.00013651999485371
-0.00012434803602886
-0.00010663701939616
-0.00010112793564133
-0.00011433231965448
-9.6624198674102e-05
-0.00010701010959664
-0.00027354498730728
-0.00022171259185256
-0.00022294008641391
-0.00029390758457648
-0.00027886420759479
-0.00029223596952725
-0.00030589742561619
-0.00031650797511665
-0.00027912848530685
-0.00028171433912977
-0.00029835420490648
-0.00028444472353056
-0.00025567462570516
-0.00029728768056073
-0.00030408971663191
-0.00027222706923928
-0.00026987082295573
-0.00027194749699469
-0.00026167126374846
-0.00025170827546848
-0.00027289979819061
-0.00022904384770116
-0.00023413529727951
-0.00026092802120388
-0.00022258533550029
-0.00029628718229476
-0.00030078793813273
-0.00022220545980995
-0.00023339444792836
-0.00023659836237227
-0.00028514315364524
-0.00022118942714982
-0.00025404997209402
-0.00025045396734322
-0.00022661329464358
-0.00021423275751372
-0.00020255407819352
-0.00022159065945814
-0.00024653338220256
-0.00022240447620786
-0.00028213363417702
-0.0002405634821149
-0.00025065148661759
-0.0002470673264363
-0.00025655055007581
-0.00025332514117768
-0.00026873576725327
-0.0002892641772187
-0.00026025583834017
-0.00023023890684013
-0.00023572471612373
-0.00026271966227103
-0.00025055953926011
-0.00025495985985737
-0.00028655731026683
-0.00031232852184456
-0.00030237729468741
-0.00030375201467545
-0.00026275247164553
-0.00022640412116734
-0.00017042327351812
-0.00017641604934608
-0.0001822082036979
-0.00013904370891123
-0.00013625996061257
-7.3198383718718e-05
-5.9331462539834e-05
-9.9780302149591e-05
-5.8396940022279e-05
-5.7049575447999e-05
-0.00011512666258015
-0.00012038688642698
-0.00016543762407278
-6.1345264735412e-05
-9.0407542596196e-05
-0.0001515527068893
-0.00014158825285655
-7.9732008837763e-05
-5.0954365724762e-05
-7.5987818206459e-05
-4.1028890684951e-05
-4.5649632445286e-05
-0.00010266696930606
-7.8488112444235e-05
-0.00010206066043444
-9.6341839482703e-05
-0.00010159444769691
-9.0010376931819e-05
-4.2247697085124e-05
-5.2512665074341e-05
-4.7862625617718e-05
-4.8921147647413e-05
-4.4659616446558e-05
-4.4238090703463e-05
-3.0491404194873e-05
-2.3947031902205e-05
-3.8244584615041e-05
-0.00022016611403609
-0.00020018604382677
-0.00025376686203861
-0.00023024346144348
-0.00023035306072175
-0.00021300828610176
-0.00021254376200968
-0.00015756658336639
-0.00021776611695228
-0.00015547886550543
-0.00021395867298698
-0.00014114579488614
-0.00017864616730472
-0.0002082493223948
-0.00027065356050505
-0.00018899020144463
-0.00019039550807453
-0.00030579382951897
-0.0002079721911057
-0.00018312649865725
-0.0002174479554158
-0.00019268177616197
-0.00017551562368647
-0.00021691094847093
-0.00019526379468826
-0.00014865650386865
-0.00017045748356135
-0.00012935935499068
-0.00018019517302765
-9.5920841009703e-05
-7.6768078384043e-05
-8.9011542145811e-05
-8.619460263957e-05
-0.00012601927461237
-0.00013601111839743
-0.00010003354998325
-0.00015288749259827
-0.00016793980356209
-0.00013645046388516
-9.4868791153519e-05
-0.00011996974533879
-0.00012995728544838
-9.2949654720389e-05
-0.00016095875326906
-0.00018572092701775
-6.9707772355618e-05
-0.0001273743623178
-9.360311035447e-05
-7.2723167306354e-05
-4.9036456152134e-05
-6.9647169142791e-05
-5.8879711422838e-05
-0.00021512773121663
-0.00018225473260376
-0.00022027398711081
-4.6077869395287e-05
-4.3760762812497e-05
-8.0732327399684e-05
-5.7132484605943e-05
-0.00020649223557024
-0.00022504152361995
-0.00023833651736462
-0.00023254713380204
-0.00025193359941758
-0.00024054459945778
-0.00023299960547816
-0.00027208938275406
-0.00024981498894004
-0.00021817863883908
-0.00023611440464265
-0.00024668125417716
-0.00024783531477441
-4.5694951155232e-05
-4.5161682309778e-05
-0.00011036322620594
-8.6398395538444e-05
-6.4947821422902e-05
-3.9784009614542e-05
-4.8319519574922e-05
-0.00012572530969735
-0.00026088957956355
-0.00022246801465204
-0.0001986267645445
-0.00022584660886535
-0.00020229157837984
-0.00023946728400482
-0.00023314639855633
-0.00021260086385215
-0.00028057189067621
-0.00028779179887386
-0.00025790883984302
-0.00026726636219456
-0.00026595099398345
-0.00028017164905466
-0.00025356921180914
-0.00024018659106294
-0.00023694616355832
-0.00017330419715989
-0.00017498640166502
-0.00018698565436678
-0.00015516555512045
-0.00023664010113404
-0.00028862481040465
-0.0002297159818666
-7.9956769275922e-05
-7.2095663438847e-05
-8.2403137145957e-05
-8.1174343780995e-05
-0.00010065230110406
-8.309353752408e-05
-8.7760649789727e-05
-7.4515506010055e-05
-0.00010926235198818
-0.00012364120100976
-0.00010611220109359
-0.00012275730466558
-9.1944444009316e-05
-3.6100687193028e-05
-5.5056511141875e-05
-8.7940365625935e-05
-3.7237822625838e-05
-5.0049082851341e-05
-0.00013195918526206
-0.00013234449891621
-0.00010417063361393
-0.00010583581489444
-0.00014552973300442
-7.9910615611771e-05
-7.0309403718346e-05
-0.00011026308573679
-0.0001208032725621
-0.00011667130009271
-0.00011257687874514
-8.6352926975799e-05
-8.1406720442917e-05
-8.5971486147108e-05
-7.6341545870675e-05
-7.9462216711061e-05
-0.00010406510483069
-0.00027882380916143
-0.00023220058604362
-0.00017854919092934
-0.00021234600701818
-0.00020081446436888
-0.00029326934802676
-0.00027294146131779
-0.00026912759104511
-0.00028555427265644
-0.00024384896631404
-0.000256124803172
-0.00026880405814817
-0.00025795324338689
-0.00024617752999993
-0.00028802795904671
-0.00023978608877315
-0.00025416570954925
-0.00026207584201133
-0.00024286183270107
-0.00024317561744409
-0.00025134402933956
-0.00022287088719295
-0.00021014639895883
-0.00022046784925622
-0.00021088701197003
-0.00028702317838421
-0.00028448191001663
-0.00020468191995036
-0.00019734106875809
-0.00021903289061428
-0.00022785005243003
-0.00024282462516976
-0.00019696118996198
-0.00019286304145362
-0.00022203927533031
-0.00020579883346533
-0.00018591838266202
-0.00021462560809969
-0.00015409524131957
-0.00020367149782153
-0.00020362976382779
-0.00022549444369855
-0.00017887282182469
-0.00022822756529004
-0.00023396088963215
-0.00020611523608273
-0.00021542405390106
-0.00022164875726496
-0.00024298460583438
-0.00023670954671847
-0.00027752177726607
-0.00026761687528346
-0.00023821698324912
-0.00021556820914162
-0.00021252943504913
-0.00023450336704347
-0.00021769386114283
-0.00024446652994433
-0.00025487676274494
-0.00026997192021118
-0.00018694534912517
-0.00014651932748718
-0.00016477597213719
-0.00013117961776798
-0.00012194019340141
-7.2608573271094e-05
-4.1284377230023e-05
-5.8621854440046e-05
-3.963087905938e-05
-8.8513706381729e-05
-2.7465027302721e-05
-2.4732176920554e-05
-2.1077380333465e-05
-0.00011896752534148
-7.6035097856024e-05
-0.00015709793761647
-3.3736350773656e-05
-3.2993022196516e-05
-8.3116307164392e-05
-0.00013167083206754
-0.00013204630778009
-0.00012441149084102
-4.9166565092192e-05
-3.2228272340362e-05
-2.1463212193839e-05
-6.0139430426774e-05
-5.4024349854393e-05
-2.1811600275427e-05
-2.1634253366369e-05
-2.6542121021478e-05
-7.8830266091952e-05
-7.7874357500463e-05
-0.00010482294645661
-8.830163256319e-05
-7.9056105682636e-05
-2.0770429603992e-05
-3.993873036821e-05
-3.588278728483e-05
-2.859827360307e-05
-3.0756176646733e-05
-2.3878473442441e-05
-2.450620679595e-05
-2.1498289092985e-05
-0.00021828531158764
-0.00019051862582724
-0.00024769243529211
-0.00019435767188696
-0.00019125300425447
-0.00015674145945272
-0.00022858303678298
-0.00018708976878407
-0.00015430531467444
-0.0001923722021729
-0.000141245456552
-0.00018197930384043
-0.00027865181545798
-0.00018668396446937
-0.0001694484174469
-0.00028706687156774
-0.00016891012454802
-0.00020573022160665
-0.00020540780645832
-0.0001720600086452
-0.00012810708595572
-0.00018345464950514
-0.00015344250378881
-9.3223750354597e-05
-7.8197527513236e-05
-6.4586596265994e-05
-7.9095435127148e-05
-7.4469016799353e-05
-0.00013712839790161
-9.3133332583134e-05
-0.00015162144450526
-0.00011143931078745
-9.0143192747353e-05
-0.00014922760356859
-0.00012877865208491
-7.1010832394632e-05
-9.7034638120432e-05
-0.00013711070422419
-9.8454931772401e-05
-8.8031369202459e-05
-0.00013800008036334
-0.00017931121915413
-0.00017038326403012
-3.7689689664655e-05
-8.576908423516e-05
-4.1910066539401e-05
-3.0711637218421e-05
-3.8904425080793e-05
-4.0130410078409e-05
-3.7519310574341e-05
-4.2729445032219e-05
-0.00021564308781557
-0.00018254538073418
-2.4360714540223e-05
-2.821800550533e-05
-2.078404929843e-05
-4.991370136662e-05
-3.6391228968423e-05
-0.00021274326527237
-0.00021712027892282
-0.0002348076957668
-0.00022111248219237
-0.00023795505592439
-0.00023791390720724
-0.00024704373988188
-0.00022085636456541
-0.00019215165279102
-0.0002125186862999
-0.00024357747782683
-3.1034164928278e-05
-2.6326753297191e-05
-1.7026039223031e-05
-7.0462467770758e-05
-5.668124525409e-05
-5.6336927141839e-05
-1.5216265376766e-05
-1.3836858888887e-05
-2.8083667277821e-05
-0.00011117413967934
-0.00018275617459035
-0.00019213736667388
-0.00020305871317273
-0.00019504235775682
-0.00016356657506289
-0.00020439288266721
-0.00020679683838066
-0.00018791096125048
-0.00024169483351508
-0.00026326925034014
-0.00025485521050817
-0.0002019204577911
-0.00021076336866362
-0.00016447944263692
-0.00014661762894505
-0.00015021921368752
-0.00018416991058899
-0.00013828443295261
-5.5268696779055e-05
-4.8992368821868e-05
-4.4594594691014e-05
-6.0787358984388e-05
-7.6097046435405e-05
-5.0593404958501e-05
-8.0806725728809e-05
-8.5935898865991e-05
-4.8135933674901e-05
-7.3095152410749e-05
-5.6525169250992e-05
-7.4436214610419e-05
-6.4638833884969e-05
-4.7697745834717e-05
-8.9406683775768e-05
-0.00011475524834918
-7.3968543795264e-05
-2.104762663193e-05
-3.5044890477243e-05
-5.1229240538177e-05
-1.4910948013768e-05
-3.4906987725961e-05
-0.00011477058717754
-0.00011754759996078
-0.00012954729894414
-8.76230436551e-05
-0.00013884623940945
-6.5798410560748e-05
-6.2757625850312e-05
-8.6350573581055e-05
-8.7118179607001e-05
-6.4694577576746e-05
-6.2505936402426e-05
-8.101220953587e-05
-0.00025132303230269
-0.00021615892363759
-0.00016983657325372
-0.00016828031383881
-0.00018113987401995
-0.00025685488856121
-0.00022414699092806
-0.00024780169468131
-0.00021148323384779
-0.0002364764909841
-0.00023146433846076
-0.00021615064391825
-0.00023908248709894
-0.00027105837113229
-0.00019752297961326
-0.00025400319311903
-0.00024535585005632
-0.00022834424421986
-0.00019220085650957
-0.00018852195066358
-0.0002026517020122
-0.00018556373318393
-0.00024075690776627
-0.00024842098913699
-0.0001645667701011
-0.00014550350293311
-0.0002001610426775
-0.00020494335273678
-0.00020876854755664
-0.00012652472781872
-0.00014448128526108
-0.00019210716731782
-0.00018145894786213
-0.00015192352359864
-0.00011631142367625
-0.0001741149830484
-0.00018818818625968
-0.00013174255868493
-0.00016562119685525
-0.00019088963588491
-0.00019654657538704
-0.00019425904420499
-0.00017551613420773
-0.00019007422544245
-0.00026154085958674
-0.00021495909305377
-0.00020155098238501
-0.00018913765129744
-0.00020319998208218
-0.00018343952342329
-0.00021219076688047
-0.00023125477705521
-0.00020439585456381
-0.00020457509576587
-0.00025398358670369
-0.00017147014328226
-0.00012705921013315
-0.00015717218014161
-0.00010174821199585
-0.00010632404639797
-4.1759720909641e-05
-1.3794970382411e-05
-3.5598189604453e-05
-1.8626334495737e-05
-1.3724731650639e-05
-5.2966599499579e-05
-7.7810365878288e-05
-9.1189146888798e-05
-6.3379406728912e-05
-8.258361523032e-05
-0.0001353572079671
-5.4110958523258e-05
-1.3289666981255e-05
-9.0625996872954e-05
-0.00011933956893183
-0.00015342380162057
-0.0001024586511922
-6.2545858164444e-05
-2.2726753001478e-05
-2.1145448130631e-05
-3.0437434388e-05
-4.1717539549447e-05
-3.3235375666809e-05
-2.2439968109604e-05
-6.5469293019942e-05
-7.0725794994864e-05
-5.0498777335586e-05
-8.8182983729836e-05
-6.8742138792978e-05
-5.1971850450128e-05
-3.6951501047989e-05
-2.4262492406774e-05
-2.330006130284e-05
-0.00020017265260929
-0.00019415894120731
-0.00017026034511595
-0.00018671103558236
-0.00015110340674696
-0.00020792534569831
-0.00016652990383339
-0.00012679130973219
-0.00010952383110526
-0.0001402934092488
-0.00024097451145802
-0.00014763595988934
-0.00024738965930573
-0.00015995103327816
-0.00019211521287723
-0.00020052007398185
-0.00015163244836974
-0.00015762061112211
-0.00010779386633528
-0.00012831467838993
-0.0001585594328035
-7.3559088044579e-05
-6.7571740971435e-05
-3.8753542466347e-05
-4.5681811636394e-05
-4.0612911750476e-05
-0.00012880927380967
-8.1055663001438e-05
-0.00014279315314585
-0.00012277035461377
-9.3551411395221e-05
-0.00011682737766941
-4.0830222958356e-05
-6.2749513060875e-05
-0.00012649775373137
-0.00010767893397005
-8.5662283362577e-05
-8.5702457331878e-05
-5.6211144850956e-05
-0.00014446663668981
-0.00016266460484222
-0.00015655625471768
-2.6450604308606e-05
-7.6049252187451e-05
-2.669849270773e-05
-2.827802179723e-05
-1.4333167207763e-05
-1.7996019022031e-05
-2.4833801975179e-05
-2.5909288993894e-05
-1.9229068624392e-05
-2.0175162253323e-05
-0.00018920700832674
-0.00015625974638753
-4.0393016914558e-05
-1.6725946797969e-05
-1.8206628904056e-05
-0.00019739115688545
-0.00020151135037601
-0.00019831293685671
-0.00022275177290293
-0.00020724067922818
-0.0002466889547775
-0.00019852595983232
-0.00018215372198457
-0.00021537491069947
-1.8524508459104e-05
-1.2437771169059e-05
-4.2985961144828e-05
-7.0178622939284e-05
-3.136914188056e-05
-2.0940937342396e-05
-1.2677180417324e-05
-0.000110457016358
-0.00015713275496369
-0.00016545029698108
-0.0001685992236055
-0.00018744379160949
-0.00017538926063051
-0.00014544500488268
-0.00019376687797495
-0.00016711731484926
-0.00021389353012286
-0.00025608957031879
-0.00021438014352549
-0.00018367596116906
-0.0001394373234683
-0.00013515484628779
-0.0001191373700428
-0.00016290591967258
-3.0814630375453e-05
-4.2563371929574e-05
-2.8442740872951e-05
-4.6696270759413e-05
-4.2526345222217e-05
-2.8733426712249e-05
-5.3117804157927e-05
-7.3648991983655e-05
-5.3417517442578e-05
-3.8426043174499e-05
-3.9038041704533e-05
-3.7911920435341e-05
-4.4027041555372e-05
-4.5037559054956e-05
-3.1741987985257e-05
-7.9642765139499e-05
-9.9811303443883e-05
-4.7092538933244e-05
-7.5759160744269e-05
-2.2651960226332e-05
-1.5825438010956e-05
-2.7408635947652e-05
-9.3105415492024e-06
-0.00010986867943243
-0.00011117374848041
-7.2899931866398e-05
-0.0001165692954712
-0.00013524148386982
-4.640348391774e-05
-3.9218587819674e-05
-6.9969852472601e-05
-6.8334188247518e-05
-4.126853657133e-05
-4.0488945515286e-05
-0.00023004989987833
-0.00017560783689598
-0.0001401963064921
-0.0001411281628321
-0.00015414723907617
-0.00015897265604893
-0.00016220898958683
-0.00016833021956326
-0.00018666186694677
-0.0001869301868845
-0.00018325478419921
-0.00020161358424238
-0.00017163928719768
-0.00019407149229428
-0.00016368527783762
-0.00015174984723819
-0.00017086178354978
-0.00013987092796972
-0.00021922586587764
-0.00021605497385515
-0.00013634441446291
-0.0001719114175566
-0.00012033850682384
-0.00017510923775682
-0.00017411763608361
-0.00011631361588418
-9.4982303495578e-05
-0.00014087711975201
-0.0001587221805951
-0.00015005211760761
-0.00013352980649208
-0.00013009245589841
-0.00011488193217525
-8.2201029037294e-05
-0.00013684632013836
-0.00014085878336904
-8.7238855317584e-05
-0.0001066369659329
-0.00016600411240621
-0.00018787595054641
-0.0001686792772896
-0.00014119607831133
-0.00014998627980946
-0.00017891297425962
-0.00016784480821823
-0.00016491794353795
-0.00015200045509221
-0.00020370048824806
-0.0001690119165222
-0.00017533767993866
-0.00023229082874355
-0.00013923960388066
-0.00012621719908698
-8.2903780283077e-05
-0.00010345546973601
-8.1958702856696e-05
-4.8364106876257e-05
-1.3538954080448e-05
-3.9253156655901e-05
-2.8936077699975e-05
-2.9044931058201e-05
-5.7095409967434e-05
-4.7347455604203e-05
-6.9106539193477e-05
-6.706502723428e-05
-7.8677970525543e-05
-6.2513458794998e-05
-8.0947995119321e-05
-0.00013805672390261
-0.00010170049607196
-4.2491935327128e-05
-4.6609931363551e-05
-2.5761186866128e-05
-2.4347459436837e-05
-3.3590735112171e-05
-1.3663480744427e-05
-2.5070111085016e-05
-6.0502637097508e-05
-2.862304888234e-05
-5.1451475130056e-05
-5.9707249146699e-05
-5.0538232499914e-05
-3.617033243245e-05
-2.0178965891728e-05
-0.00018710391810019
-0.00016624022103948
-0.00012446383956799
-0.0001733252989128
-0.00013842249645144
-9.2264963489355e-05
-0.0001154852901469
-9.7154509240538e-05
-0.00022285960923563
-0.00016796076574119
-0.00015323659584964
-0.00015784401272591
-0.00011497390403328
-0.00015944246176736
-0.00013987237867203
-9.0268594579384e-05
-4.6426056443009e-05
-4.0998578283349e-05
-2.7704680930375e-05
-2.9512782621015e-05
-3.8412114895307e-05
-5.5716676612887e-05
-0.00012671330252295
-9.8787218102619e-05
-0.00011764771944024
-7.0532292734116e-05
-7.2372074636901e-05
-3.7726771382143e-05
-9.452032213828e-05
-0.00011078086026397
-5.9501307184871e-05
-9.7989887862373e-05
-6.0073554175867e-05
-3.4857793577068e-05
-0.00015265908252881
-0.0001135823113952
-1.0733477512557e-05
-4.8766065591694e-05
-9.156169396859e-05
-1.4785370877922e-05
-1.297309995402e-05
-1.289928511379e-05
-1.1210524030052e-05
-0.00018346758221113
-2.0237495524036e-05
-0.00018679122671909
-0.00020534977159192
-0.00019288748775157
-0.00023224606556917
-0.00017580533367426
-0.00016179419311236
-0.00020363897250308
-3.2622848578163e-05
-2.2993520969105e-05
-4.9057882706416e-05
-7.4791939816144e-05
-0.00012109129970598
-0.00012400005457458
-0.00016324583591388
-0.00013918628634499
-0.00016220138703991
-0.00018595611830402
-0.00013358704622714
-0.00010582078205858
-0.00019898783494819
-0.0002028092635287
-0.00016023193437258
-0.00010634980591204
-8.902200557408e-05
-8.2575663289672e-05
-0.00010512662981615
-0.00015114987057592
-0.00015542007775083
-1.4017332290467e-05
-2.2159470351226e-05
-2.840160215622e-05
-1.4540611423073e-05
-1.9338723151031e-05
-2.7944172908485e-05
-1.5843888847414e-05
-2.647633722584e-05
-4.9409789113913e-05
-2.1535578652499e-05
-1.8827721768853e-05
-3.1532432384193e-05
-2.9918476241686e-05
-1.5353931242003e-05
-5.1259450053263e-05
-6.9855199281574e-05
-3.0998009042599e-05
-4.6964087212302e-05
-1.0601670092056e-05
-1.2647521582231e-05
-9.0816890667219e-05
-6.4295707281672e-05
-4.3733528941205e-05
-9.7016547808788e-05
-9.7200208510096e-05
-3.2512300579079e-05
-2.9491872279716e-05
-5.7026519430668e-05
-2.7570804604583e-05
-0.0001945601120209
-0.00013281701919264
-8.761550391809e-05
-0.00011488889858544
-0.00014232559256708
-0.00015895360713365
-0.00014738635662603
-0.00015176779169896
-0.0001616862108011
-0.00018222056570079
-0.00021038301039096
-0.00017640943939358
-0.00010820751050571
-0.00018807753703289
-0.00019218728944469
-0.00012416596240457
-0.0001799554852819
-0.00011737124460861
-0.00018516158456422
-0.00017127137065919
-0.00011388452204359
-7.7115029893675e-05
-0.00011222324239304
-7.4702143664823e-05
-5.444371238767e-05
-5.6879455242035e-05
-8.3644662440669e-05
-0.00014204503281985
-0.00012600708807922
-0.00012962541697483
-8.9240057532747e-05
-8.4263194334135e-05
-6.6136841458528e-05
-5.1793299085651e-05
-5.7586524143176e-05
-9.0425483987139e-05
-8.6222758405008e-05
-5.5541918981663e-05
-6.7969869657888e-05
-7.5856083420652e-05
-0.00014930660839826
-0.00015808866534964
-0.00016909084064537
-8.7925083134914e-05
-0.00013325244818182
-0.00015654285918997
-0.00010985065713894
-0.00014259094848852
-0.00011969561143937
-0.00015509425918423
-0.00017356720786785
-0.00014351368828609
-0.00011322990464834
-0.000133187173473
-9.5571643487711e-05
-8.5962433012695e-05
-4.0525247006168e-05
-1.7375190310107e-05
-1.0037407174526e-05
-1.5043189052016e-05
-4.6627378288997e-05
-3.1005695532977e-05
-3.1045421378751e-05
-9.5521215364861e-05
-3.9388521210832e-05
-3.9797121471923e-05
-3.5267731228495e-05
-6.036714561084e-05
-0.0001140787182497
-9.3040101621115e-05
-6.4113890203647e-05
-1.6141873365259e-05
-1.829569614027e-05
-1.2012590415434e-05
-1.1852210556258e-05
-3.9046086918876e-05
-1.504379008725e-05
-3.9904973414154e-05
-2.7814362284402e-05
-1.5861056618055e-05
-0.0001609885868943
-0.00017914602155302
-8.7322666322551e-05
-6.2366994024343e-05
-9.7986187394363e-05
-6.2020797964263e-05
-0.00013646690251009
-0.00013805387998048
-7.8177317845455e-05
-4.4498680540498e-05
-3.0287154384035e-05
-1.6764540062434e-05
-1.9651499199545e-05
-2.4260299250745e-05
-1.5400100874943e-05
-3.6417356559518e-05
-9.5834065519935e-05
-8.296047216238e-05
-0.00010177343745289
-5.9484257302651e-05
-4.9805298456457e-05
-7.4854668723057e-05
-0.00011392836858099
-9.5332273554783e-05
-5.3715406674749e-05
-3.7286911600783e-05
-8.0468878309472e-05
-4.8360593648231e-05
-2.4103592440489e-05
-9.79043296139e-05
-3.1010706094366e-05
-7.825239470257e-05
-0.0001804109561825
-0.00018842163342174
-0.00021162024114486
-0.00016004723818812
-0.00014672724822576
-0.00018712624079519
-0.00010230077304889
-0.00010603679946544
-0.00013638264772692
-0.00013022801877952
-0.00010570894117616
-0.00015522211903214
-7.9856685911178e-05
-0.00012338895492661
-7.5133803149661e-05
-6.7598269821644e-05
-0.00012653258681824
-8.2025703355661e-05
-5.760702731052e-05
-6.2831920873127e-05
-7.3554795769508e-05
-0.00013277386705243
-0.00013019624324599
-2.5723465679512e-05
-1.8311139625465e-05
-1.5614903698566e-05
-2.7073140646675e-05
-1.0894392310136e-05
-2.7465483458784e-05
-3.9759121131743e-05
-8.6336513994625e-05
-9.0767010417497e-05
-1.5200076360515e-05
-4.0472642615172e-05
-1.6580937635146e-05
-0.00016316887424866
-8.475725839136e-05
-5.2020276356829e-05
-6.5484983946733e-05
-8.8403874723192e-05
-0.00011801458760015
-0.00011609646669744
-8.758767899714e-05
-0.00012492989846735
-0.00013560515271574
-0.00015598087860087
-0.00017848399856172
-6.1969347699819e-05
-0.00010055693912246
-0.00011235282886611
-0.0001076091285328
-7.5817570111192e-05
-7.8542855246443e-05
-5.480305571071e-05
-5.6949683036839e-05
-2.3819683416205e-05
-3.2100130099422e-05
-4.0792170345237e-05
-4.9481270026228e-05
-9.5080099218881e-05
-8.1833084607748e-05
-7.5840490111933e-05
-7.9534636354283e-05
-5.3299617973233e-05
-4.6150701188714e-05
-4.3467466669737e-05
-1.7515703635991e-05
-2.8513630544711e-05
-5.3196116946187e-05
-5.1711635412347e-05
-3.2656679185405e-05
-2.4170850465026e-05
-3.6130564098047e-05
-3.2430890798439e-05
-0.00011899522065739
-0.00012670481471646
-0.00015212436580599
-6.0508911601324e-05
-7.8434844292219e-05
-0.00011099508870966
-5.5947790799603e-05
-0.00012176973471839
-0.00010579777100025
-0.0001253681456597
-0.00013818187632715
-0.00012134413157575
-0.00010052386433462
-0.00011313802654528
-8.0039593980879e-05
-1.4972520101195e-05
-1.4208021195061e-05
-2.7126934797967e-05
-6.6150244254851e-05
-1.523646410078e-05
-2.7009070943216e-05
-5.4489372050047e-05
-6.1019189862991e-05
-2.5802054650827e-05
-7.4669609100078e-05
-6.9536401022179e-05
-4.2632924607174e-05
-1.1705628844757e-05
-2.7060275556727e-05
-0.00013104406291828
-0.00011212658147105
-3.6991976838787e-05
-6.4907428639293e-05
-3.3567600493995e-05
-0.00011625586346992
-0.00011818756542036
-2.515465513752e-05
-1.6568424757147e-05
-5.100699577535e-05
-2.0219924596823e-05
-0.00010077760450905
-8.1180328656578e-05
-7.9732289240579e-05
-4.0048154830616e-05
-2.8615633806191e-05
-8.7227411836691e-05
-4.7631723249755e-05
-9.9050145754777e-05
-7.0784052967814e-05
-4.5931858600003e-05
-3.9285256494809e-05
-1.5611268939277e-05
-7.9510313448488e-05
-4.7123217965154e-05
-0.00016318355609598
-0.00015941510356922
-0.00014967449590989
-0.00011705256942326
-0.0001317305537357
-0.00014618179843582
-5.9766627260138e-05
-8.6464113716584e-05
-8.0405505370613e-05
-8.8045254553947e-05
-6.7732577467804e-05
-5.543375792875e-05
-7.287038492475e-05
-3.9709601290903e-05
-5.3092035034184e-05
-3.3407471624086e-05
-4.8462863640722e-05
-2.1815802573129e-05
-3.2254027403411e-05
-4.4063716358699e-05
-1.0731449088602e-05
-1.3355009528764e-05
-2.7269072882901e-05
-7.9133241965709e-05
-8.241208483083e-05
-6.3713227244904e-05
-2.6778926606368e-05
-2.4838472669989e-05
-5.918520672441e-05
-5.2282899102451e-05
-6.8597651317275e-05
-6.9343396967171e-05
-4.8628753799255e-05
-7.0936682903103e-05
-9.1643139839993e-05
-8.5771565557401e-05
-3.2143197294762e-05
-3.354344152493e-05
-6.5099311407169e-05
-7.156514857641e-05
-6.9213891531196e-05
-4.7098513323743e-05
-4.0193062223165e-05
-3.5604036956165e-05
-2.7433232599626e-05
-1.7837795330509e-05
-4.4276931516142e-05
-7.9212371231538e-05
-4.2660703804759e-05
-3.753538255391e-05
-2.4591332882243e-05
-3.1759538865826e-05
-2.0694500984304e-05
-2.7847572731947e-05
-0.00010261085993321
-0.00012586159953195
-0.00010302067700156
-6.3456011291321e-05
-3.4487466712655e-05
-4.7031104762172e-05
-6.5325224346105e-05
-2.7893691891607e-05
-6.1881135800508e-05
-0.00011408508280167
-0.00013865996764265
-0.0001011010691289
-1.7757236074913e-05
-3.5947296083784e-05
-4.2574488433338e-05
-5.1172679101401e-05
-6.7833717193442e-05
-3.7742243504045e-05
-2.2457472753208e-05
-6.5205913652185e-05
-1.5148618988559e-05
-0.0001064723368049
-3.2073141755527e-05
-8.3563418369624e-05
-5.0205997219558e-05
-5.7658275848196e-05
-5.5645528293714e-05
-2.8282093796419e-05
-3.442034802158e-05
-3.5274247220216e-05
-1.8541565398318e-05
-0.0001357176098303
-0.00012304004366765
-0.00010793893410446
-9.6346651257436e-05
-3.026066048932e-05
-4.4398656090734e-05
-5.3514091551321e-05
-3.3638731265798e-05
-2.4793110264499e-05
-3.1672259256265e-05
-4.8781117029635e-05
-1.4383287366645e-05
-2.5172286722993e-05
-9.8797914361863e-06
-1.6309934112589e-05
-1.1603461160607e-05
-4.9629802387132e-05
-2.5870672972187e-05
-2.091469173139e-05
-1.9770616323454e-05
-3.2923702528135e-05
-2.2274906425257e-05
-4.6660783942353e-05
-4.6058935839891e-05
-4.4627664347545e-05
-1.3807165275772e-05
-5.4698593391309e-05
-6.7441990516128e-05
-5.4213760590722e-05
-4.3742862574828e-05
-4.2351836559662e-05
-4.4825397497682e-05
-1.837221456922e-05
-1.8392107066417e-05
-5.8745196896871e-05
-0.00011468664667294
-0.00010338941103756
-9.108749615395e-05
-3.2936591990368e-05
-2.0567242451713e-05
-1.2296062679637e-05
-4.1997730622971e-05
-2.1704353029923e-05
-1.9634580013369e-05
-3.5146940702951e-05
-5.8888331753884e-05
-3.3752350869252e-05
-1.5021474668929e-05
-4.5277545492475e-05
-2.7628345694327e-05
-3.3504258662323e-05
-3.9558793123181e-05
-1.4862189565197e-05
-1.8735332859139e-05
-8.4911093974902e-05
-7.8696298607704e-05
-4.6860186073081e-06
-1.5158226671028e-05
-4.1628731053138e-05
-1.6648605155884e-05
-2.4805565858079e-05
-2.4881564973192e-05
-2.349519768528e-05
-3.0888193882474e-05
-3.3122449584449e-05
-3.8659594730173e-05
-1.9284008140245e-05
-4.3455314453825e-05
-4.9893730512947e-05
-2.3902766037956e-05
-2.3682701066834e-05
-5.6862433383442e-05
)
;

boundaryField
{
    auto0
    {
        type            uniformFixedValue;
        uniformValue    table;
        uniformValueCoeffs
        {
            values          
4
(
(0 1.3332)
(0.003 1.3332)
(0.0031 0)
(0.01 0)
)
;
        }
        value           uniform 1.3332;
    }
    interface
    {
        type            zeroGradient;
    }
    auto2
    {
        type            fixedValue;
        value           uniform 0;
    }
}


// ************************************************************************* //
