/*--------------------------------*- C++ -*----------------------------------*\
| =========                 |                                                 |
| \\      /  F ield         | OpenFOAM: The Open Source CFD Toolbox           |
|  \\    /   O peration     | Version:  2412                                  |
|   \\  /    A nd           | Website:  www.openfoam.com                      |
|    \\/     M anipulation  |                                                 |
\*---------------------------------------------------------------------------*/
FoamFile
{
    version     2.0;
    format      ascii;
    arch        "LSB;label=32;scalar=64";
    class       volVectorField;
    location    "0.0089";
    object      Force;
}
// * * * * * * * * * * * * * * * * * * * * * * * * * * * * * * * * * * * * * //

dimensions      [1 1 -2 0 0 0 0];

internalField   uniform (0 0 0);

boundaryField
{
    auto0
    {
        type            calculated;
        value           uniform (0 0 0);
    }
    interface
    {
        type            calculated;
        value           nonuniform List<vector> 
3658
(
(6.3673855118451e-06 5.7372318118899e-06 1.0609243807531e-08)
(6.0496702754927e-06 -6.0377839623171e-05 1.4192988367722e-07)
(0.00018010076682741 4.7755851719446e-05 1.588134024838e-06)
(-1.1326882792371e-05 0.00021203883673328 2.1131170917666e-06)
(9.7121733175282e-06 -1.2869688860054e-05 2.5079153873218e-08)
(9.8771364777784e-05 -4.5609383126044e-05 8.0439059188097e-07)
(1.3446730417604e-05 1.3705454466752e-05 2.7622358364468e-07)
(-1.2027827991413e-05 -6.6858441726645e-06 4.6527841267027e-07)
(-0.00043767777240652 -3.4922905959703e-05 -6.4709087864934e-06)
(-3.2122740459198e-07 -5.1906009316638e-07 3.7810153007102e-08)
(-0.00028158035095298 -0.00041701352094974 4.569582325483e-06)
(-1.0074815133363e-05 0.00018804778661963 1.6859700780597e-06)
(-2.3022937086003e-08 2.050879485618e-08 1.8895038102805e-08)
(0.00020186798996458 0.0001407774606864 2.2348260307673e-06)
(-1.0401826555677e-06 1.7116106458015e-07 2.3327705261126e-07)
(0.00015854509028754 0.00022778665239546 2.67236304621e-06)
(-1.3538962949331e-05 -5.8389563085082e-06 -3.5204396169203e-07)
(-6.1572927576547e-05 8.4942433494099e-05 7.6405705934435e-07)
(2.504486926044e-05 -1.5565045039979e-05 -5.4096549336017e-07)
(0.00043191686167629 -0.00020040723922429 -3.9465539705423e-06)
(3.5494568562908e-07 -1.3196311247917e-06 -2.1656363339382e-07)
(-8.4818807302773e-05 5.7067212827395e-05 -1.9372428365706e-06)
(-5.2661227774773e-07 -6.1396227133339e-07 1.6407478526292e-07)
(-4.7454595815243e-07 3.3194402522466e-07 3.9666438222943e-08)
(9.3588285623135e-06 -6.5488025030517e-06 1.0773395320173e-07)
(-9.0570713552076e-06 -8.9846986883728e-07 -2.0135430200288e-07)
(7.6247515796438e-05 -6.6986787606553e-06 5.0501996799438e-07)
(-0.00045961356801302 4.6864667414216e-05 6.1140042131774e-06)
(-0.00029886027025559 -0.00044114699672906 1.6334992691381e-06)
(-4.7128324348139e-06 -2.0007945829966e-06 6.4284852546164e-07)
(-7.8515558226734e-06 -4.3634935627405e-06 -2.0785091297358e-07)
(-0.00018380692660555 5.4843265681778e-05 1.6088002987645e-07)
(1.6765103105976e-05 -1.1377418875493e-05 1.0075743139253e-07)
(3.4752508812204e-07 1.9545104061711e-07 -6.6276155711873e-08)
(1.1747082545853e-05 -3.2501326393898e-05 -2.3913881255438e-08)
(0.00036081597746262 -0.00035727398295992 -1.6692984452644e-06)
(4.1131019123753e-05 0.00041237674167493 4.912664556675e-06)
(9.8137056189698e-06 -9.9842273142055e-06 2.6614202592278e-07)
(0.0003976926263464 -0.00027544868226645 -4.3138029588584e-06)
(1.9183533148931e-05 -2.6721330455051e-05 1.5653416857302e-07)
(-6.4707592822524e-07 -4.8460308823078e-07 1.7917205791411e-07)
(-6.4221800541257e-05 0.00032076965596025 -5.1108482750523e-06)
(5.0682931819827e-05 0.00018978487051765 1.8267952726133e-06)
(9.511115089469e-05 0.000354922146024 4.7307302350185e-06)
(0.00015854191157563 -0.00022290721684325 2.8504240881605e-06)
(-2.647180705152e-06 -1.3087613927242e-06 -1.7122210775453e-07)
(-2.5337503740922e-07 4.6701947502903e-07 1.7161349012063e-07)
(0.00047300021882179 -0.00021939514621221 5.7322980990879e-07)
(2.0290693570794e-06 -5.5420444818713e-06 -1.4440574643595e-07)
(0.00037443957528556 -0.00026006531934439 -4.4742665877095e-06)
(0.00043286253631827 0.00030160389214549 -5.1271512031819e-07)
(-1.7394471603543e-05 -2.4871366810428e-05 4.1326508539664e-08)
(-4.61431655382e-05 0.00013086824696005 1.347678859822e-06)
(2.3857481128154e-06 3.7768679756032e-06 -5.0499692989966e-07)
(-3.6637591958531e-05 -1.715316871185e-05 -6.2394258529331e-08)
(9.4920451458703e-06 3.6653223955622e-05 -1.1005735473643e-06)
(-6.077399564911e-05 -0.00013086349618934 1.7547014690712e-06)
(-1.0855099444274e-06 3.2622034596577e-07 -7.5315693549388e-08)
(-2.0172120694868e-05 -3.1798634727226e-05 -7.6279843885933e-07)
(0.00026783996909905 -0.00037709493612182 5.0702577364869e-06)
(-2.8263590163983e-07 4.4718242175653e-08 -8.5498805074563e-08)
(8.3804639160871e-06 -3.8470638448907e-06 -8.9248320005961e-09)
(0.00027337813386504 -2.3786414313548e-05 2.6537999232308e-06)
(7.7725112969631e-07 -1.4571186800161e-06 -2.004617178174e-07)
(-0.00051777943701451 0.00015095110306185 1.9735587789726e-06)
(-0.00015221999838782 -6.8881806857329e-05 3.1584393399477e-08)
(2.1416330133576e-06 -3.0276446665717e-05 -4.6349137361045e-07)
(1.486306603175e-05 -5.2155492491275e-05 7.8098593130503e-08)
(2.2394761109799e-06 -3.7372157005317e-05 -4.8637021496693e-07)
(9.2839014967728e-07 -9.9035544139105e-07 -1.9544654200889e-08)
(6.350789659322e-05 -1.6843949948499e-05 4.8810063228453e-07)
(4.5964478651743e-07 1.8537555185052e-07 6.0526522315533e-08)
(-2.6405202955773e-06 4.5757631743612e-05 4.906926602493e-07)
(1.6140581050621e-07 7.7887156835126e-07 -6.2589180908918e-08)
(-3.3970391923653e-06 -4.0271980628243e-05 1.1767955743657e-07)
(-9.3835249665134e-05 -0.00020879789647632 2.1902087805851e-06)
(0.0003518972202392 0.00024525425377761 -6.0312979850773e-06)
(-3.1091259773865e-06 8.4335853952246e-06 2.948134477002e-07)
(9.4620057503742e-06 9.4003548998566e-05 8.7318265896162e-07)
(-6.4890183034042e-05 -1.4408143023659e-05 -1.6679050346213e-06)
(0.00019784854517993 0.00042863756123343 -4.8750293863277e-06)
(0.00032275218643483 2.7998605322111e-05 3.7964228500223e-06)
(0.00030398372608263 -0.00042839529929105 1.9826464890295e-06)
(-0.00010510047056932 -2.5098201751354e-06 -7.5052716455633e-07)
(-1.3959125482923e-05 -2.8250164466174e-06 -3.0758459482368e-07)
(-5.5188543256319e-05 -3.1810897957087e-05 2.0761338919181e-06)
(-2.369893638142e-05 0.00045157279421945 4.6200088359222e-08)
(4.0114846197688e-05 -1.0547309555175e-05 3.1707163873806e-07)
(-3.0236306259555e-05 -2.1257364372345e-05 -2.0527122297209e-07)
(-3.6297543951021e-05 9.4670077548376e-06 -2.2172154749213e-07)
(1.9646909913448e-05 9.3300081304943e-06 -3.7063162133398e-07)
(3.0421281023216e-05 1.4103630755877e-05 1.746292925865e-07)
(-1.8022592723763e-05 3.8209160113876e-05 2.0575708190845e-07)
(4.3097675040129e-07 1.3474035811463e-07 3.2934473986239e-08)
(9.5804115067361e-05 8.3743305422791e-06 7.3794320431994e-07)
(2.742414277311e-06 5.3420214554725e-06 1.8349552928331e-07)
(4.3833716517118e-07 -1.7835404197609e-07 -3.4526225322086e-07)
(0.00051131172684164 4.4765838055639e-05 3.0518402817521e-06)
(0.00016428099395508 1.4195792046554e-05 1.480632352107e-06)
(0.00044967274494001 0.00012003520623894 -4.8288606877699e-06)
(0.00017380189159703 -0.00017174066574547 2.2671605475514e-06)
(-2.3740424508728e-05 0.0001181768701728 1.1594468661609e-06)
(9.9596872950121e-07 1.1471483258374e-06 9.5767978290379e-08)
(0.0001422230411261 -0.0001997428313418 2.3210586872472e-06)
(-0.00017773695735114 0.00013052115225977 2.0670906406134e-06)
(0.00043898393939355 0.00030549685053872 8.815266863977e-07)
(0.00011161766073467 5.1605952561371e-05 1.0479206469869e-06)
(-3.2511335675097e-06 -7.8772404717988e-06 2.358224808474e-07)
(-5.6887682423985e-06 -8.6644155184607e-06 2.9978636672266e-07)
(3.4225149607133e-06 2.0089149994465e-05 6.2744623531371e-07)
(-0.00031790731236328 -2.5666732932149e-05 -5.2708714369512e-06)
(-1.0751743127802e-06 -3.1594364961769e-07 -2.0950375698508e-07)
(-2.253748214852e-06 7.350325613849e-07 -1.6500593497485e-07)
(-6.5503783433564e-05 5.6866894192949e-05 -1.0538100654624e-06)
(-5.7149963620309e-05 0.00016250934970897 1.6610556617612e-06)
(-0.00021543426816335 -5.990889127801e-05 3.077974158014e-06)
(0.00020991995277398 0.00020968862749623 2.9871076530554e-06)
(-0.00036305490981697 0.00026414145429421 4.7527896492581e-06)
(-2.1286015861778e-07 5.7944049667293e-07 4.0919354512166e-08)
(0.00049441195123859 -0.0001311132979572 3.0447310571088e-06)
(-0.00011798960239987 0.00033467267008733 -3.8372664446503e-06)
(-5.6040740228865e-07 1.3831918697247e-07 -2.549270275856e-07)
(0.00010584647861366 -0.00014896680092306 1.7306183380808e-06)
(-6.2931983670821e-07 4.1563825644132e-06 -9.1013512465296e-08)
(-1.8276998729317e-07 1.2845431422034e-07 1.4206723673259e-07)
(0.00014106583645808 -0.00050390468946164 1.1964814898522e-06)
(8.4759463978632e-05 8.4655787140712e-05 -1.9262113123456e-06)
(2.4390608708634e-06 -1.0803035376185e-05 3.6823342782738e-07)
(3.917652759407e-06 4.4634040234776e-05 7.0845823599055e-09)
(-1.694303799116e-05 0.0003163765831889 4.3695172460967e-06)
(-1.1299393920644e-05 2.3145649102114e-06 4.2774647174737e-07)
(0.00011272358419107 0.00041971546907583 -4.917760568063e-06)
(-0.00014737387867438 -0.00032945527849982 4.7456513530208e-06)
(-1.6828105199727e-06 -5.7107033027625e-09 -2.8880013101623e-07)
(1.7974373251994e-06 2.3121835122075e-05 5.1658384389367e-08)
(-3.0750445902253e-06 6.4684123571538e-07 -6.7380982228729e-08)
(3.2112326917397e-05 -4.0160846679321e-06 -1.3444439448481e-06)
(-0.00010417357160355 0.00029639093319112 4.3877926774559e-06)
(2.1651629367279e-05 -2.1964102599262e-05 -7.4445284383828e-07)
(0.00034398551021884 -0.00034053944652537 -3.3028793372893e-06)
(0.00028750062700615 -0.00019962288572806 -5.9700867235641e-06)
(-2.5427686621167e-05 -0.00034145270809711 4.0776288485693e-06)
(-2.6209898170322e-06 -3.1720102306155e-05 1.5280254695399e-07)
(-7.1454041328175e-05 0.00035622329781337 -3.9950152996897e-06)
(0.00025780667622016 2.2393055142568e-05 2.4863851104483e-06)
(-8.4661333001256e-05 -3.9053389099945e-05 3.1762628756061e-06)
(7.9624558990468e-05 -0.00016700295944453 1.6524176101327e-06)
(-1.8397244559265e-05 2.3531556764815e-05 -6.4757956141626e-07)
(3.5482153668659e-05 -7.4557650379305e-05 7.9129243624109e-07)
(-0.00011172448016935 -2.0524219305727e-05 2.9760495475218e-06)
(-2.6312278640072e-06 -7.1273058436502e-06 -1.7742689118464e-07)
(5.8826642288993e-06 -3.5984199026929e-05 9.3852423975929e-07)
(2.3602628468298e-05 2.3713609357406e-05 2.5840149023416e-07)
(6.5487380692898e-06 -5.990826222676e-07 3.7248891740963e-08)
(1.977171121114e-05 1.5916948306456e-05 -6.2275294767887e-07)
(-3.0935938526697e-05 -6.3931086014766e-05 1.3004271267421e-06)
(3.7646007823117e-06 6.3174356323041e-06 -1.2082010552117e-07)
(-1.2095979153366e-06 -1.5618866363504e-06 -4.0567027410788e-08)
(-7.4434900521384e-05 0.00037131364864997 4.3585421554654e-06)
(-0.00053773018608686 5.5958084518207e-05 5.6524100741475e-07)
(0.0004651001838635 0.00012337223924073 -3.5813492495312e-06)
(-0.00025884762600786 0.00026190821779112 -5.366719917875e-06)
(-0.00034716894514007 0.00017154950075975 -6.1028229346336e-06)
(1.3512030139181e-05 -1.9237546860242e-05 3.4933759612928e-07)
(-1.0325752013377e-05 5.7279816126106e-06 -2.5199608139306e-07)
(-8.5308955393167e-06 1.7508459660481e-06 2.9422061796221e-07)
(-4.8489617567898e-07 1.1484088105671e-05 3.6828081797615e-07)
(-0.00011891682849431 0.00022822370130199 3.1757881016272e-06)
(-6.4502006276087e-05 8.925710762434e-05 1.2389776279015e-06)
(-0.00031778858030845 0.0002322959955138 -5.287827015036e-06)
(1.6210022711033e-05 1.6421791483237e-05 2.3755327281408e-07)
(-4.0376083287328e-06 -3.3878861664909e-10 -8.4691002367137e-08)
(-1.1146580323799e-05 -1.6310380546611e-05 -2.0902663762736e-07)
(-1.1603590093047e-05 1.4433569586072e-05 -3.9247699097478e-07)
(-5.5829683069231e-06 -1.6173118869978e-09 1.8902559696901e-07)
(-7.8463593017784e-05 6.959391144103e-05 3.1594917983246e-06)
(0.00020006335115421 -1.7339529806237e-05 1.7208563477545e-06)
(-0.00038410901084658 -3.0366480911913e-05 5.4821632876138e-06)
(-0.00045549747296888 -0.0001221425570246 -5.9857473795924e-06)
(-0.00043095016333228 0.00012480111135019 5.4657962720414e-06)
(-4.5197216455118e-05 0.00022487079955336 -4.375239681318e-06)
(-2.0962703898833e-07 7.3131141848233e-07 -4.896123661456e-08)
(0.00018879378487751 0.00027149633970306 3.7743905423126e-06)
(-1.3041233338745e-05 1.8497106833765e-05 -1.5238043775865e-07)
(-4.3274553430568e-05 3.7053143649354e-05 1.1399292297529e-06)
(1.8938883807984e-05 -1.3130416255454e-05 -3.1422923518254e-07)
(-0.00019077218181038 2.1815559881076e-05 3.3823450709087e-06)
(0.00027105686637745 0.00027052632216867 4.5461316951731e-06)
(-1.4088819165942e-05 6.9450482017518e-05 7.9088262236982e-07)
(8.5761476770891e-07 -2.2029508426232e-06 -5.9396994088813e-08)
(0.00010955033908167 -0.00010843891860727 1.3207041244684e-06)
(0.00018322545993975 1.6009828580602e-05 1.6405306522114e-06)
(0.00032629851222257 -0.00022595180049001 5.0262395721516e-06)
(0.00029942109778469 -0.00042009904337031 3.5142073931047e-06)
(-2.2616331945018e-06 -9.9036756785709e-06 -1.2137107856494e-07)
(-0.00052424539650476 -0.00014063591970193 3.3327152981919e-06)
(3.5660936626834e-07 1.6238749246963e-06 5.9200373366276e-08)
(-7.5169934295154e-05 -1.6872748663934e-05 3.0316677050428e-06)
(0.00024348194256911 0.0001698288581793 2.9920651576356e-06)
(-0.00029172994499503 -0.00043099209938189 -1.8991323684376e-06)
(3.4560365636513e-05 0.0003470949517853 -5.5753622271788e-06)
(4.2015840783998e-06 -3.6328779325593e-06 2.0360724759355e-07)
(1.9014008759951e-05 -1.6018259765535e-06 9.4050202390275e-08)
(-2.4856566871795e-05 0.00012514162808249 -2.4310966428633e-06)
(-8.0950315546117e-05 0.00023047904862276 2.9093006566407e-06)
(4.3896214231924e-05 0.00016405172443803 1.4064990833041e-06)
(0.00014646824502388 -1.2407266173342e-05 -2.300135695597e-06)
(-1.0620203062204e-05 -4.5734477250004e-06 4.3548350850441e-07)
(0.00030724965825325 0.00044205778840564 2.081649864648e-06)
(6.9321559870627e-05 -0.00024866010832677 2.3333086100068e-06)
(-8.7283813120281e-06 3.7832832311305e-05 3.9229659968547e-08)
(-9.5261947963028e-05 3.3019534714651e-05 -1.2766734609686e-06)
(0.00021513900602297 -1.8628681087053e-05 1.999023589622e-06)
(-1.7016465585679e-05 1.6610209710394e-05 -5.3049597378685e-08)
(1.0021898706454e-06 -7.5342322042306e-07 -1.4783702543903e-08)
(2.3929333801107e-06 -2.8038730510385e-05 8.5437430437125e-08)
(-4.9377068305899e-06 9.2029063255083e-05 8.7294737419436e-07)
(-0.00016083880381125 0.00022270369599444 3.3953669130154e-06)
(1.0185024247809e-05 -8.5566227309801e-07 5.3786274911635e-08)
(-3.8494023153292e-05 0.00019373330092235 -3.7114491700646e-06)
(-3.4960546549568e-07 -1.2047937245906e-06 1.1737378726416e-07)
(-7.2386368404983e-06 1.4843424762837e-06 -1.6625503011625e-07)
(-7.2555054844853e-06 -1.4799284241865e-06 -1.8145234140248e-07)
(4.0377549658816e-07 -1.0930816879697e-06 -1.4202028381933e-08)
(4.3059453448418e-05 -2.9645819835912e-05 1.756036208061e-07)
(3.3316164873446e-07 1.7297298514692e-06 3.1548820046817e-08)
(0.00013480814706324 0.00013532498923045 -2.9717053047773e-06)
(-6.6796937529197e-07 4.2577887926479e-07 -3.2498338560809e-08)
(-0.00040229971253837 -3.2355267479973e-05 -5.8773796490218e-06)
(1.9929461156724e-05 -8.4406239651859e-06 5.0196577199656e-07)
(-1.6242327753364e-06 7.1407333463185e-08 -5.3145527210069e-08)
(6.4690937678621e-07 1.1097072421295e-06 2.8524889958785e-08)
(1.4781839457032e-06 -4.8036108494697e-07 -1.1595248760027e-07)
(8.5694438644591e-07 -5.1673323561914e-07 -1.6833644202361e-07)
(1.0683988651305e-06 1.0784809634923e-06 -2.0587850724535e-07)
(-1.4914125988561e-05 -3.2029243516042e-05 2.3254255170097e-07)
(0.00012544669776583 -0.00026319272484276 3.0840781104439e-06)
(-4.0901164369727e-06 8.0047456954594e-05 -9.0193916273381e-07)
(-5.4315514398647e-07 2.2201158546605e-07 -8.1603458682058e-08)
(-1.924951682323e-07 -2.5089606117482e-07 -1.4884791673073e-07)
(-7.6620063661073e-07 -2.593149655062e-07 -5.4232630548501e-08)
(8.4135624680128e-06 -3.7362749303536e-05 -4.5095125895509e-07)
(-4.6026106061666e-07 -8.176137047456e-08 6.5798656182586e-08)
(-3.7232593528996e-06 7.3999336106044e-06 -8.2433660971317e-08)
(3.0806296937351e-07 1.3453888383724e-06 -3.0722777266463e-07)
(2.113246970298e-07 1.2842345770758e-07 -9.9037876048013e-08)
(-6.2595788998093e-06 -6.2798520973648e-06 -4.5233470532054e-07)
(-2.3198096842288e-06 1.0695219823754e-06 3.0422995967406e-07)
(-0.0002998258783119 0.0003044437649535 -4.2083124656487e-06)
(-0.00011545772608244 0.00015953431726133 -3.5537493093152e-06)
(-1.6972755498228e-06 -2.7398093575459e-07 -4.6582952540269e-09)
(0.00015523813951493 -0.0001080364576346 -3.4445898109834e-06)
(-1.0023369987463e-05 1.4292049150706e-05 -2.5544787647112e-07)
(-2.2730757066338e-05 -5.8554414757527e-06 1.6946522423859e-07)
(2.3577446888832e-07 -1.0726032279505e-06 -7.3883474067458e-08)
(-0.00024981404633211 -0.00018005840344351 -5.2349571313531e-06)
(-0.00010911902295552 0.00031046621738494 -5.0341718986116e-06)
(3.1591517231885e-06 9.0351976450458e-07 3.7794018739131e-08)
(-1.9429489812961e-05 1.3511631792942e-05 -2.0944893774067e-07)
(0.00043197827953209 0.00020060609468897 -3.870523876703e-06)
(3.9954561780041e-05 1.0869541548086e-05 -6.6630758123797e-07)
(-2.0237690588454e-06 2.1479101541918e-07 -1.2102295316759e-07)
(0.00027920157519757 -0.00027588745917741 5.3082847148837e-06)
(-3.3911117577914e-05 1.589866080502e-05 4.7759277210931e-08)
(-4.5963898374522e-05 0.00013071083252877 -2.3140645874581e-06)
(0.00025054544464267 -0.00024709108588114 -5.9855725095009e-06)
(0.00018703763003557 1.6532774502147e-05 -3.1917141349503e-06)
(2.7382936346998e-05 3.9541207255511e-05 -7.5681940918115e-07)
(3.5940157836898e-06 3.6656681106238e-05 -6.3643013689568e-07)
(0.00011434827781016 0.00016491692358059 -3.8572489650448e-06)
(1.6446290054724e-05 -3.3980132659173e-05 -7.561273695876e-07)
(3.1723243434541e-05 -6.6540889884275e-05 5.6729666641662e-07)
(0.00028768361350131 -0.00013311231588984 -6.0036740577395e-06)
(7.4235617245698e-05 -3.4334712825398e-05 6.1608557935251e-07)
(4.6958971086472e-05 0.00046845186981098 -2.0342224399309e-06)
(9.3480609888056e-05 -0.00033414011374896 -5.6395717088012e-06)
(0.00036096947136422 0.00036007664221829 4.0751483751043e-06)
(0.00042866740217316 -0.00029771798085681 -2.186475674666e-07)
(-7.6481944826625e-06 0.00014558995250767 -2.5465284541775e-06)
(-9.3481313502668e-05 -0.00020765285074054 -3.8465783478439e-06)
(-5.2988145501446e-06 2.9316784235444e-06 -1.4540236492601e-07)
(-5.8184316488889e-06 3.2256872341473e-06 2.3271044878051e-07)
(-3.9315227692689e-06 1.6802328515839e-06 -1.043547179924e-07)
(-1.8644162612949e-05 9.2041373432591e-05 9.4696445768731e-07)
(-3.5398062218447e-06 1.1112865229595e-06 1.2432893638688e-07)
(-5.3091679534887e-06 1.0962165484899e-06 1.953999425829e-07)
(-0.00045512958894233 -0.0002175354355964 5.4862152260979e-06)
(0.00042463693570503 -0.00011261428659962 5.7853539053828e-06)
(5.2870368556475e-05 4.5556561128664e-06 2.9435893273817e-07)
(3.3823806556891e-05 3.3783347787536e-05 3.2163707115065e-07)
(-0.0001879988394393 -0.00041942108710543 5.2224181722414e-06)
(0.00012386644165992 -0.00044560117047062 5.2991243395374e-06)
(-1.2771459130206e-07 7.9470497437676e-07 -4.4246603410496e-08)
(0.00039055870048467 3.4139550470482e-05 5.1279131102607e-06)
(-0.000272949964838 -7.2793031820344e-05 2.5323371652789e-06)
(-0.00037146034327598 0.00018353886372254 5.2430228031568e-06)
(2.8073100598958e-06 -1.9472959623887e-06 1.2988149960054e-07)
(-3.0605420297369e-05 3.1230146275927e-06 -6.878359642692e-07)
(-7.0499372695505e-05 1.4816189235656e-05 3.1012633068808e-06)
(1.0191514909922e-06 -7.1019174741357e-07 -1.8525898450572e-08)
(-0.0003835457788277 0.00011126561542084 -6.2308806692422e-06)
(0.00011842863369759 -3.1396939417484e-05 1.0869637280255e-06)
(-1.6177185300824e-05 0.00030285915203362 4.2201724624275e-06)
(-7.3443762857815e-06 7.6751510174448e-06 -2.5334057499615e-07)
(-8.5047520753512e-06 5.9362396683429e-06 -2.4299809795306e-07)
(0.00012220290719955 -8.4776313245348e-05 1.326719321179e-06)
(-1.3748913290489e-06 9.1759693157612e-06 3.0155241934109e-07)
(0.00014564428812745 0.00014567909160223 1.7185908016228e-06)
(4.1203406586131e-05 -3.649510923811e-06 3.4492925764563e-07)
(-8.1298234045818e-05 -5.0220284863959e-05 5.6048717833664e-07)
(-0.00014298479004493 -6.3545380575715e-06 -3.9071986706391e-09)
(1.0593683742172e-06 -4.1167255928985e-06 -9.674550451538e-08)
(-5.8187786228016e-06 -5.8556745792711e-07 -1.3759819881111e-07)
(4.4435524299474e-06 6.0170140004703e-06 -1.5146845246657e-07)
(-7.7500402970492e-05 3.9618472278432e-05 2.641546153623e-06)
(5.5782600976003e-05 -7.8203607696734e-05 7.4284656889064e-07)
(0.00013978912369767 6.4833924663411e-05 1.3083493232609e-06)
(-9.2040651987779e-06 6.4021524728863e-06 3.7374121280323e-07)
(6.7769331442723e-06 -3.2317676702383e-06 -3.4640521196012e-08)
(-6.1225920979705e-05 -5.6829735139219e-05 8.4870237098552e-07)
(0.0001247433542199 0.00017903759118056 1.8625937953526e-06)
(8.8709082918912e-05 0.00019239553709437 1.6885184180669e-06)
(4.8780956008098e-06 -3.6080231981664e-06 -1.2518455696185e-07)
(9.3253231799076e-06 -1.6398072069481e-05 1.1088781524562e-07)
(-0.00012571498071525 0.00012675427787675 -2.932102669542e-06)
(0.00022876522411173 0.00032780068260147 5.0369989464969e-06)
(-5.1724205541096e-05 9.9298029868982e-05 -2.0334831290639e-06)
(0.00012733098187068 8.8575277092798e-05 1.2707704181637e-06)
(2.2249037594474e-05 -1.0154002729602e-05 9.6941669095592e-08)
(8.0973971301632e-05 -5.6083043468303e-05 6.71026088392e-07)
(5.6936707101202e-05 0.00012325480219013 1.0985297389986e-06)
(-0.00028679594236604 3.0035503679412e-05 3.1261042439648e-06)
(4.8396402183278e-05 -3.3445509245552e-05 4.3902728507686e-07)
(-2.4556389067974e-05 3.4500170814625e-05 -4.9942158690402e-07)
(4.4502296660981e-05 6.4005057232173e-05 4.6206182693309e-07)
(-1.8981628824746e-05 -2.420758248813e-05 -6.4882096731291e-07)
(1.2345656725094e-05 -1.1861393813072e-05 1.4677880011641e-07)
(-0.00025921414766804 0.00012939393510523 3.049840104253e-06)
(0.00013551281861667 -6.260191721876e-05 1.3502630349577e-06)
(0.00011223743595048 -7.7695471391395e-05 1.2513761897752e-06)
(0.00016294923552397 -4.3274143794436e-05 1.5569063567866e-06)
(1.224574409678e-05 -1.0847592181071e-06 7.9249085626168e-08)
(4.9079906879339e-06 -1.1040684357303e-05 3.1762824735477e-07)
(-5.6995041974294e-06 -3.2601254466229e-05 9.0687721791095e-07)
(2.1501132092858e-05 3.0928918834144e-05 2.0784451937152e-07)
(-1.1412095461118e-06 -3.4389352793478e-05 -7.3152556591885e-07)
(-9.0479058984909e-06 4.2281563676402e-05 1.1056638242299e-07)
(-2.7389932441671e-05 5.5987954662924e-06 9.8758389977188e-07)
(3.4692669046944e-07 -1.1040840920571e-05 3.7851222692228e-07)
(1.7465348691437e-05 8.1489006873185e-06 1.5718784529105e-07)
(-0.00019781637807597 2.0455090783644e-05 -3.3622502741599e-06)
(8.9657042258837e-06 4.0225108173632e-06 1.0234515770227e-08)
(-7.8308579735137e-05 0.00015059632805005 1.4362497755668e-06)
(1.1783382238568e-05 5.312667017134e-06 -2.7949892626017e-08)
(-3.9244303826876e-05 2.8366439437048e-05 -5.6401766646398e-07)
(-2.2565203119507e-05 4.6129310497707e-06 -5.4678767444923e-07)
(1.3892055719161e-05 -9.456293214405e-06 2.7687920674043e-08)
(-2.3389873552207e-05 -2.9729799155562e-05 1.1976039844545e-06)
(-0.00018759406113413 0.00036154549247664 -3.0802054753847e-06)
(9.2444410132464e-06 2.8220301775703e-06 2.8499889071367e-09)
(-0.00023539957612707 0.00032533592571025 -3.5372319126304e-06)
(-2.3225237093003e-05 1.3824893705717e-08 -5.6678699273559e-07)
(-0.00013100539236121 0.00037090803125738 -3.2327789905351e-06)
(-5.7015650933934e-06 7.3921029627365e-06 -2.3580653077814e-07)
(-0.00040566673920131 4.1399884465441e-05 5.8063520627619e-06)
(9.0308972441496e-07 5.8425335901996e-06 -1.2956984218496e-07)
(-0.00015490778914239 1.605414059075e-05 -3.0634268880122e-06)
(-0.0002250593376764 6.5386471318885e-05 -3.8654386441453e-06)
(8.0998647637643e-07 1.2590227736981e-05 -2.9949361572115e-07)
(6.6493957933198e-08 -2.6053714763883e-07 -1.2690055407251e-07)
(1.265406460337e-07 -6.6717870545779e-07 -1.0702011693091e-07)
(-5.2372068586301e-07 5.5092976707025e-07 4.3124850424943e-08)
(1.3373067111027e-05 -4.6469881050868e-06 5.9966623567269e-07)
(-3.7378855436664e-05 -0.00049647473206482 4.1087425006842e-06)
(0.00039889601251047 0.00027768899948248 -4.130222910026e-06)
(5.8974729161243e-05 0.00022013860531787 1.9083252170175e-06)
(-0.00023747545976215 2.3932143108586e-05 -4.2708055329031e-06)
(-0.00023565458734938 -6.4043850122614e-05 8.0823819927471e-07)
(-1.5379569301234e-05 0.00029044520419215 -5.1921264448894e-06)
(-0.0001730417397842 -0.00012406451674276 2.3157928409256e-06)
(-3.8920704733064e-05 0.00011004383587346 -2.2366144270693e-06)
(-0.00025623838482728 0.00035548022228014 -1.7463907392248e-06)
(-2.9267920914398e-05 -2.9077234142922e-05 -4.2387199293877e-07)
(-1.2408297972042e-05 -1.2435869713007e-05 1.0879480894935e-07)
(1.1977636023654e-05 -0.00012443105829606 1.1541971482916e-06)
(-1.6278008709225e-05 -3.6723813020257e-05 -1.4761076532741e-07)
(-0.0002211951562789 0.00011039698335834 2.5997010548496e-06)
(3.8797616554731e-05 3.4104260635875e-06 8.5844128341476e-07)
(-0.00018934853218631 0.00013901314848036 2.0246600666956e-06)
(7.0248425944305e-06 -6.8061979046599e-08 1.1598434835361e-07)
(2.8561709407858e-06 -1.2126691418559e-06 -1.4251155788093e-08)
(-1.9199250848266e-06 -2.1263122308713e-06 -1.2878727999754e-07)
(-1.1995272837967e-06 -1.3772901396504e-06 -7.9653110889236e-08)
(-7.7845398462506e-06 -5.293823411075e-06 -1.2029799937688e-07)
(8.9850400266e-06 -4.897649155783e-06 -3.3369994102968e-07)
(0.00013123594257215 0.00048744460822959 1.2268816505271e-06)
(-1.9602468798989e-06 1.3856022112527e-06 -2.4013395537662e-08)
(-7.6935959802452e-07 -5.1764207499385e-07 1.6227721441883e-07)
(-6.7037975722986e-05 -0.00026421576916596 2.6137390239848e-06)
(1.0862013885553e-06 -1.0839150103124e-05 -1.7152141002336e-07)
(7.2917370016687e-06 7.3999598609314e-05 5.9257716040319e-07)
(-0.0001203294359692 -4.7477066579228e-05 -6.8319106807118e-07)
(-7.4193764028835e-07 -1.0444767160605e-05 -2.9510285934943e-07)
(-5.3393510914982e-06 5.6006867077552e-06 -2.0180161289272e-07)
(3.2309759288828e-07 6.4341873183385e-06 -1.436588564371e-07)
(-6.7014685536492e-05 0.00033728497325555 -4.7439168978285e-06)
(-3.008037691307e-05 8.4571484579357e-05 7.4660927406194e-07)
(-5.0066425828699e-05 5.0315404259166e-06 -1.2827548288672e-06)
(-1.2723273366301e-05 0.00024712072635248 -4.2695803476673e-06)
(-9.4698346973616e-05 0.00018193697019906 1.8072760503755e-06)
(-1.2373026624382e-05 3.2657934851854e-05 1.0020234935783e-06)
(-2.7294084757815e-07 -6.4226647254728e-07 3.5621257521059e-08)
(-1.8728059828399e-05 0.0003470947549117 4.3776422747708e-06)
(-0.00024439839173081 0.0002470409101042 4.5082280444558e-06)
(-3.9304851893882e-05 -0.00015146490324009 1.8531848426545e-06)
(-8.3601933711161e-05 0.00041575219281569 1.2898187412816e-06)
(-4.5837805586769e-05 0.0002286571110416 2.5370078246076e-06)
(-3.6068047362322e-05 -0.00013736059268732 9.6713431094975e-07)
(2.1796787005826e-05 4.7042192544385e-05 2.9506058348328e-07)
(1.1932140266288e-05 4.4169201458926e-05 1.3130613035352e-07)
(-7.38230241734e-06 1.773673555294e-05 -3.1176199760328e-07)
(-0.00021114451318957 -0.00015169140888127 2.2356102105479e-06)
(3.184121416795e-06 1.3049187623316e-05 8.4726245150714e-08)
(-4.5057613326679e-07 4.4443669038396e-07 -6.9148787438411e-08)
(-2.7501145769115e-05 -2.8927707910638e-05 1.5369860737833e-06)
(1.0209295055511e-05 1.6315631741739e-05 8.1798592372013e-07)
(5.2732911785607e-06 -1.460796710106e-05 9.8849365126965e-09)
(-1.9782154335975e-05 -2.0599093519248e-05 9.4201039962862e-07)
(4.8830658774242e-06 1.6055789663271e-05 6.6445986436566e-07)
(5.9468898813917e-06 5.884811435214e-06 3.3649972668426e-07)
(1.4965999139876e-05 4.4069994721237e-05 1.089918935849e-06)
(0.00036613185523091 -3.152320214722e-05 4.7933059265147e-06)
(0.0002332317390875 0.00023384491329002 -6.0897397159368e-06)
(0.00013497561124197 0.00019447335424907 -3.990774570801e-06)
(-3.1430504723782e-07 2.5030532817574e-07 -9.2764076492609e-08)
(-0.00012283757426825 -0.00048705221679331 -3.0054966081989e-06)
(2.3235335078865e-07 -4.7902751418717e-07 -1.0030500435981e-07)
(-0.00014112284684195 -9.8650042530444e-05 6.404269614084e-07)
(-0.00054771316753433 -4.363849865187e-05 -1.1049055944901e-06)
(0.00013132089148748 -0.00027514865300222 3.5766975655087e-06)
(-8.7243342882068e-05 -8.2856230250299e-05 1.9276488520892e-06)
(3.8844510430388e-06 4.8519992675191e-06 2.3116685081012e-07)
(1.2203483894287e-05 -4.0544497470491e-05 -9.4604569066544e-08)
(1.9525946658605e-05 -2.6492244434852e-05 -4.499444310424e-07)
(-1.3191493458451e-06 -1.3881733386722e-06 3.0042782792292e-08)
(-1.6114659205514e-05 -6.0701837068027e-05 -3.4908438768118e-07)
(-7.0472917515255e-05 -4.4188188126162e-05 -1.7788847769811e-06)
(-0.00034527306437342 -0.00024930591594066 5.800270862257e-06)
(6.1874088342714e-07 -3.0612626955093e-07 -3.8516554775045e-09)
(-0.00030962970755989 -0.00031998135877941 5.7090836177331e-06)
(7.5829907802737e-06 -3.5502834891966e-05 -1.1977775980515e-07)
(1.3726461954673e-05 3.6562702259287e-06 -8.4681055497059e-08)
(8.9315732699083e-05 -0.00012541839950043 1.2893913219075e-06)
(0.00045053867702751 -0.00020814100116167 4.0947286190118e-06)
(-0.00026904335581927 -0.00039804396664397 4.8045264742701e-06)
(-0.0003373680616101 -0.00034885978427943 4.8715216608566e-06)
(-1.4808056973579e-05 0.00027900803502166 3.542415703301e-06)
(-3.0371164232828e-05 -2.1477128290678e-05 8.3266127041303e-08)
(-2.1158467471161e-06 2.0686304808334e-05 -3.3991294132053e-07)
(-3.4106091638652e-05 -1.5409887177102e-05 1.1421781277014e-07)
(4.848142683018e-06 -1.4163799949773e-05 2.2699270783393e-07)
(8.2944165664129e-07 1.2204958348705e-06 -2.8293149113413e-08)
(-3.71190185986e-05 3.3998295466446e-06 -1.8607996314286e-07)
(-5.6829503789112e-07 2.1088363366079e-07 -1.5492048322646e-07)
(0.00012053928426015 8.4642601666474e-05 -2.0248669089582e-06)
(0.00021007577082361 0.00030134804767359 4.8413022286651e-06)
(2.641831136698e-05 2.6445311466414e-05 2.8244926866375e-07)
(1.9631302809275e-05 5.1969546299484e-06 2.981444432467e-08)
(6.0693840015225e-05 -2.805034946011e-05 4.6548204384096e-07)
(-0.00016844863790609 0.00017111591405752 2.1554411150374e-06)
(1.1313408460767e-06 -9.431355472045e-07 -2.0801140937698e-07)
(7.6973012418773e-06 3.6135015142543e-06 -8.9766248264802e-08)
(-0.0002036729131033 0.00014949123600511 2.4467690293435e-06)
(-7.0549526107736e-06 -4.9108994072997e-06 2.8447384758326e-07)
(-4.1495872028684e-05 1.0827771184564e-05 1.4459479490084e-09)
(-6.3161500067913e-05 -8.6391235623491e-05 1.4749229515238e-06)
(-7.6848434503413e-05 -7.1948911274425e-05 2.122379877705e-07)
(-6.0331120006355e-05 -8.1167079780958e-05 -6.4478887221047e-08)
(1.8422407453051e-07 -8.2065899245207e-07 -1.9050556879015e-07)
(2.6545487671194e-05 2.7012898638434e-05 1.2466820565335e-07)
(3.0768068298707e-05 2.1039910320015e-05 1.6166384840269e-07)
(6.0724810579227e-08 -7.1062653853526e-07 1.8663953817565e-07)
(4.041637127702e-05 -3.9741967033365e-05 3.4095534598906e-07)
(5.9309179050719e-05 -5.8486241217844e-05 6.7333352362546e-07)
(0.00042903052279533 -0.00029684261413745 6.1635246172052e-07)
(-0.00031340777961205 0.00015520564980842 4.47579833349e-06)
(-0.00015217004669624 -0.00010985085125379 -3.1526792983199e-06)
(-0.00014296309375245 -0.00031945679708424 -5.8132766264516e-06)
(-7.1996659805662e-08 -2.6601600174129e-06 -3.7617390405182e-07)
(-0.00028495870958267 -0.00013550845884496 -5.2831905379903e-06)
(-3.3173316373156e-05 8.7403618538674e-06 -3.8011540141368e-07)
(0.00022041069459904 0.00022014787471755 3.7827325754586e-06)
(0.0001672676087505 -1.4414345607228e-05 1.5536803046732e-06)
(0.00021564585525926 0.00015008370282172 2.5848340538411e-06)
(-7.0794474497622e-05 2.977530355131e-05 -1.5892676924111e-06)
(-0.00025717290810253 -0.00026553196117277 4.8125508420703e-06)
(-6.4679080204836e-06 0.00012231977563239 9.9772198928923e-07)
(0.00022210536094082 0.00047936463231343 1.9234208366144e-06)
(0.0004060747292682 0.0001085089879435 -5.7495698930248e-06)
(0.00030375259431697 2.6240475319155e-05 3.5133681548251e-06)
(9.2253320018094e-05 -2.4472073227437e-05 8.0128820605312e-07)
(0.00022053733552754 0.00010216629582026 -4.4172220091515e-06)
(2.1620609246047e-07 4.2414767499386e-06 -9.1241897369622e-08)
(-7.7963343273737e-05 7.8644729626825e-05 1.447851194573e-06)
(-8.6289487825087e-06 1.1058463129861e-05 4.5248116171752e-07)
(-2.4124660130477e-05 6.5880653088202e-06 -2.6984098300133e-07)
(0.00013023257320442 -0.00012859102767753 1.7184235710588e-06)
(-4.2461879587799e-06 1.1525039015421e-05 3.9406457240997e-07)
(1.6528174059977e-05 -1.4691197129764e-06 7.7786301576807e-08)
(-3.2950689425692e-06 1.9665370173244e-05 6.6694219967872e-07)
(-3.9665715947097e-06 -2.3203156653622e-05 -4.3738260681935e-07)
(-6.1785557493871e-05 -2.8497461274982e-05 -1.6686919163164e-06)
(2.2731508960481e-08 -1.0632371500739e-07 -3.3625268305602e-07)
(-0.00018516220756523 -0.00013304403165909 1.8408176051814e-06)
(-5.0984015055707e-06 -1.3075136671106e-05 -2.8131835652841e-07)
(-2.4660361042415e-06 7.472874848316e-06 -2.6466072282214e-07)
(7.9618479040369e-06 2.3119601830036e-05 -5.9906924596001e-07)
(0.00041507241942106 -3.5813980008187e-05 5.532229605278e-06)
(0.00022024287902985 -0.00046249488511115 3.2530805757658e-06)
(-0.0002332985913625 -0.00034496281244825 6.0105528914945e-06)
(-5.9412835706002e-06 5.7120913528461e-06 -1.5266214789696e-07)
(-4.0218209299664e-07 1.5534137283576e-06 -2.4941353968129e-08)
(-4.9209730313376e-06 -1.7190240503532e-05 -3.0147099796264e-07)
(0.00013158908632471 -0.00047034503097849 -3.8846674036609e-06)
(9.0657716043352e-06 -1.23118246638e-05 1.8526882034828e-07)
(-3.4167212957394e-06 1.2681315932911e-05 -3.0825050002567e-07)
(-1.0546615179413e-06 3.3267513856117e-07 -1.6113980605211e-08)
(0.00010900991059823 0.00040826131219123 -5.6155161161974e-06)
(4.3570005140964e-06 -9.0285880394702e-06 3.0794212800548e-07)
(-6.7746956186097e-05 -9.3725010749329e-05 3.8822858825613e-07)
(-2.0270334838356e-05 1.1109685468013e-05 7.8532513755625e-07)
(-0.000115227535805 -0.0001684298303971 1.4837956394067e-06)
(-1.1860774992492e-05 0.00022525622394198 -4.4749386318484e-06)
(9.8892627995103e-05 -0.00035555827409776 4.4889784406519e-06)
(0.00021066600229597 9.7557666709911e-05 2.2855915721402e-06)
(-4.7760973120456e-06 -4.9949264528321e-06 -2.3660671318189e-07)
(3.3798705879412e-05 -0.00034186883827112 4.2550375338401e-06)
(-3.4051346418535e-05 -0.00045700409948798 5.5681543277881e-06)
(-9.0234470006476e-06 -0.00011004002929113 1.0880368796888e-06)
(-1.6904780113005e-05 -1.4468350351069e-05 7.8472265246377e-07)
(-4.520882764085e-06 -9.1894772216736e-06 3.5821952448423e-07)
(-0.00013629032677302 -6.5718349812668e-05 -2.8307341658248e-06)
(1.3257397685203e-05 1.5533872881121e-06 2.6089499431412e-07)
(0.00045613438687376 -0.00021052595307306 -2.9306943703547e-06)
(3.0362235594003e-05 -0.00031153267294117 -5.4993487237915e-06)
(9.3091014409592e-07 9.5991197694539e-07 -1.8336509605658e-08)
(0.00041799098451461 3.5903050619819e-05 -5.8177312978609e-06)
(-6.3700355198973e-05 -0.00025118739122007 2.1879348376668e-06)
(-0.00021095210978504 0.00015341501880745 -4.8583826893955e-06)
(-7.794583238571e-05 -0.00017161728782514 1.5419583771688e-06)
(-8.8604321297396e-05 0.00025168235020929 3.4847430000533e-06)
(-0.00013846529685468 0.00039408134937304 1.3198404256519e-06)
(-0.00054199738051992 5.559662251695e-05 4.5925150855654e-08)
(-0.00021596778798432 -0.00048035793078751 -1.4013884082229e-07)
(1.2182021840314e-05 -2.9334130426929e-05 1.6838932359091e-07)
(-4.5391796248734e-05 -9.4740576481154e-06 1.5944938338898e-06)
(-2.1376475577987e-05 -2.168795911381e-06 7.7905946219887e-07)
(-6.2313697136692e-05 1.2908140460959e-05 2.6659324537943e-06)
(-8.5256467338104e-05 4.5732715900047e-05 5.3409504676237e-07)
(4.1483511898039e-05 1.1576055311133e-05 1.0024805374097e-06)
(-0.00012310926955997 0.00023769085824904 -4.4558493607373e-06)
(7.2385799990321e-06 5.5285695441634e-06 1.5550674689906e-07)
(6.7145178544405e-06 -3.3051349806082e-05 1.0629147635401e-07)
(-2.9470012136631e-07 5.9845635602176e-06 -1.4833771422302e-07)
(-0.00015866946224005 2.2334299941061e-05 3.8209978204296e-06)
(-1.8628943632986e-05 -1.9117890322267e-06 -4.3422314414535e-07)
(-1.6813977662126e-06 -1.0280323260981e-05 -2.2633945876199e-07)
(-1.310089324493e-06 6.7592738719549e-07 6.7094387436261e-09)
(-6.6147553749097e-05 0.00012720645079725 1.2933493025968e-06)
(-0.00012518673847286 -8.4772626249304e-05 2.0706096978501e-07)
(0.00011342026075001 0.00024604044798925 2.5464540447916e-06)
(-1.0198567799092e-05 -1.0212839549933e-06 3.6137846490028e-07)
(-0.00053315864062498 5.4945839379301e-05 -3.5335542886863e-06)
(8.7705844571985e-06 8.7944919033315e-05 6.6693860270611e-07)
(1.195742319271e-06 5.5109447666479e-07 -1.8464533431195e-07)
(-1.1478925845073e-05 -4.0380731966778e-09 3.9264007801285e-07)
(-5.8670409533628e-05 1.2304807964538e-05 -1.541471218422e-06)
(-7.6276551124724e-05 0.00038005343903634 4.0270045469384e-06)
(-0.00028028588773855 -2.1546089192425e-05 3.3686425488399e-06)
(-0.00041511912069091 0.00012028426642923 5.3172069515219e-06)
(-1.2771928633582e-05 3.9878856842822e-06 5.0688388076905e-07)
(-7.6885199379275e-05 3.3125391903776e-05 3.0531792834474e-06)
(-3.7448102108479e-05 2.616122574717e-05 1.623174263144e-06)
(-0.00018460820009242 -8.930004343508e-05 1.7384981253808e-06)
(-4.7384670788277e-05 2.6828445348558e-05 1.9494011247008e-06)
(1.1776117281636e-07 -1.7782209537468e-06 3.0227765421303e-08)
(-2.2892571113032e-05 -3.296532498268e-05 -4.7814754621454e-07)
(-3.3379018680861e-07 1.1463898797655e-06 -2.4747911894296e-08)
(6.1371204543973e-08 5.962436728707e-07 1.5126556486784e-07)
(-3.639741736715e-07 1.159406268458e-07 2.7817756001937e-08)
(-1.9014076022765e-06 6.7691582353338e-07 -3.1993170767842e-07)
(-0.00035606418118944 0.00017593829566698 5.3470084789209e-06)
(-3.1575996022283e-05 -2.5979947538212e-06 -1.1011833829171e-07)
(4.1624575098497e-07 -1.5631735314456e-06 2.1639508457239e-08)
(-2.972047008541e-05 -2.9426674661574e-05 9.9356509242595e-08)
(-0.00019781535671231 9.8944561784769e-05 1.7961390733429e-06)
(-1.1852214763283e-05 1.0167842100101e-06 -4.1556817510943e-09)
(3.1103008009997e-05 -9.6014815329625e-06 6.7739074120241e-07)
(-2.9665144921358e-05 1.386635496231e-05 -4.4692906232683e-07)
(-7.0176593796467e-05 7.2699405757301e-06 -1.704123961097e-06)
(-4.513813944138e-05 -3.8760738264892e-06 -1.7489926437054e-07)
(-9.1517570808846e-05 -3.0802149950427e-05 -2.698487221939e-06)
(1.769154957354e-05 -2.5152193198235e-05 -2.2168698172014e-07)
(1.1819635815122e-05 -3.3859360204953e-05 -6.4635390771928e-08)
(1.1043643573209e-05 -0.00011342920901924 -1.7587146837514e-06)
(1.9328606446339e-05 -0.0001913552296549 -3.4872082132338e-06)
(8.1570512778124e-05 -0.00011521785303344 -1.8013968744217e-06)
(2.2101790738219e-05 -1.7463853250585e-05 4.9297884215548e-07)
(-8.6709472223813e-05 6.3532138380595e-05 3.6214194791896e-07)
(0.00039649506417225 -0.00018370363983873 -5.0296234024301e-06)
(3.5470451237746e-05 0.00035438894816505 4.6643918300906e-06)
(0.00041742536810346 0.0001932607476139 4.9001073343654e-06)
(4.0886734128347e-05 -0.00040861556791877 -5.4399354844624e-06)
(0.00050411610308099 0.00013368089098381 1.0364715044872e-06)
(-1.0032320492555e-06 7.6336109367762e-07 -1.1848882348605e-07)
(0.0003532205795265 -9.368585357002e-05 4.8867102086857e-06)
(-0.00012888325202277 0.00024764434214057 3.428647760681e-06)
(0.00029852705802069 0.00042780382153755 2.9049763826525e-06)
(0.00036586525423995 3.1602005076343e-05 4.806219960397e-06)
(-1.5162144022632e-05 -0.00020151934204699 1.8752563796939e-06)
(1.2065694101533e-05 -1.5526443345607e-05 5.3023265577608e-08)
(1.3617543028226e-05 -2.5643391160612e-05 4.4197906912285e-07)
(4.5170087778462e-05 -0.00016270086100966 1.6819574162536e-06)
(-8.4732630551856e-06 -9.9957123099658e-05 6.6501285318484e-07)
(-1.374504993089e-05 6.3808787700945e-06 -1.5108497330429e-07)
(8.3550776547358e-05 -7.214895647722e-06 6.2430751553586e-07)
(1.8958297548179e-05 -2.0744575981293e-05 -6.6834717282228e-07)
(-5.6271369709274e-05 4.084319132829e-05 -9.3861996970874e-07)
(2.15495787216e-05 5.7701826543779e-06 1.3363816915639e-07)
(2.7627383409186e-05 7.3087635870651e-06 1.7351523978556e-07)
(3.7030509340405e-05 9.8199103273019e-06 1.8023603528237e-07)
(-1.9074304570817e-06 3.0626392925604e-06 -8.2204467617684e-08)
(-6.3705541495391e-07 -4.1517714725779e-06 -9.5253276156248e-08)
(-0.00017862094313906 -0.00026425596303503 -5.7415186714209e-06)
(-0.00043653202829261 -0.00031581924027295 2.2730172206068e-06)
(2.6362480702341e-05 2.6944370579276e-05 -5.1992597678334e-07)
(0.00012360250464484 0.00045933635909568 -3.5655035742226e-06)
(4.4832704937259e-06 -4.4936057163096e-06 -2.2124098938122e-07)
(5.9400968726372e-06 -5.0032173474545e-06 -4.8437293859377e-07)
(-0.00036251061106232 -0.00026156520372761 5.3438248309957e-06)
(8.2043594177323e-06 -1.7239140895223e-06 3.3070580860536e-07)
(-0.00013373020307824 0.00025690289165943 3.8068189863328e-06)
(-0.00021210117777395 0.0002148531549544 3.3645247431624e-06)
(1.3673419442678e-05 5.1223608255031e-05 4.4496454672797e-07)
(-2.0342558877096e-05 5.5375235681991e-05 7.1982169255394e-07)
(-9.2987090455476e-05 0.00017938540522029 -3.5196546732863e-06)
(-1.7456000876517e-05 -0.00023065749143233 2.0518613429725e-06)
(-9.5624797568613e-06 1.8355945425179e-05 7.1112485242586e-07)
(2.7169903960955e-05 1.9063581172691e-05 2.5627273883221e-07)
(8.554521454623e-06 -9.9373405173197e-07 -2.4361854951287e-07)
(-0.00023602063218371 2.2368024650072e-05 -1.6283096393241e-06)
(2.7084043029097e-05 -1.3715752739538e-05 6.3631996148047e-07)
(1.5486771062867e-06 -8.7672227662876e-06 1.166475668048e-07)
(0.00010211751936696 -0.0002134197891315 -4.6444915563267e-06)
(-0.0001705817247974 -1.22509230052e-05 -4.9911628733959e-07)
(-0.00012586670329316 -3.7042902918586e-06 1.9395281010237e-06)
(-2.6778184785846e-05 1.4744311958824e-05 -6.4728145023574e-07)
(0.00018151491138635 -0.00037992222541993 -5.6246689074169e-06)
(-5.2599903373958e-05 1.6806789231276e-05 2.0193813586605e-06)
(0.00019417821362811 -5.169732250391e-05 1.620565364728e-06)
(3.0616746130625e-05 1.4467022458093e-05 -7.2617457651976e-07)
(-1.3477772808356e-05 -1.7240842945778e-05 7.7015329704381e-07)
(-3.21480004203e-05 -2.8275319369347e-05 -8.3001510684939e-07)
(9.6837376017769e-05 -9.5728352876374e-05 1.1575446131556e-06)
(-9.8983916919601e-06 3.9783813547826e-05 4.7875194390659e-07)
(-7.3475278298818e-08 3.6412913655627e-07 -2.5667807931562e-08)
(-1.8541591822521e-05 3.0226425548199e-05 -6.0547754585383e-07)
(5.2675736858756e-05 -4.5495785190176e-06 3.233729905546e-07)
(5.614338234144e-05 -1.4939473540753e-05 5.0128156606061e-07)
(0.00024216892563779 0.0003480444595075 -5.7162311277965e-06)
(-0.00022423945466736 -0.00016195284066371 -5.0872479269998e-06)
(-0.00012278617088651 -0.00048730910293233 4.280456626866e-06)
(-0.00028940470382714 -0.00042735917013461 3.5474318250541e-06)
(-0.00012783359596498 -0.00050556501419998 -1.6095081937113e-06)
(3.2539381658569e-05 0.0003232666251651 4.5015605011294e-06)
(0.00012837633896043 0.00047764757331081 3.4081605990023e-06)
(5.9199027672321e-08 -1.0606243220012e-06 -4.3363248620182e-08)
(1.3186128344569e-07 -5.5579229834819e-07 4.3579484467382e-08)
(8.2639449124936e-07 9.8306243360051e-07 -1.8946921982239e-07)
(2.5289405483533e-05 -5.2706281436264e-05 2.4599842361097e-07)
(-1.2545712714204e-05 -3.1578007621174e-05 -6.0100292748582e-07)
(-4.3074325951077e-05 -8.8734090669614e-05 1.5018504974233e-06)
(0.00028451205063868 0.0004078284945683 -3.6042279761703e-06)
(0.00017801807505722 -0.00037386831731081 5.6759228202471e-06)
(2.3370759781931e-06 -3.0547023929819e-06 -8.2762089734469e-08)
(3.1151872017968e-05 -1.2546577382711e-05 -7.0373238580563e-07)
(-1.5978497861275e-05 1.642398245729e-05 -5.0202829868563e-07)
(2.4370142716196e-05 3.5010350622796e-05 2.0018244917905e-07)
(-1.2071485698388e-05 -0.00016032559216904 -3.0006463998597e-06)
(-3.1540844260219e-05 3.1457780189233e-05 1.1848120020855e-07)
(-0.0001764621620144 0.00024472289115473 -4.8188457379046e-06)
(-0.00025386803364633 0.00035103995830383 -1.981449604728e-06)
(-3.4672417857511e-06 2.4203837605641e-06 -1.0561960361176e-07)
(-4.5309912784995e-05 1.4438506043058e-05 -1.169430845027e-06)
(-8.6115791229821e-05 -0.00012736389453172 -2.8523830580458e-06)
(-1.3027872106758e-05 -0.00016913168179261 1.8672021697623e-06)
(-9.2058509659701e-06 8.9909995815988e-06 -1.5288195444086e-07)
(2.551162841007e-05 -9.2103028067173e-05 7.8588341907379e-07)
(3.3598068912294e-05 9.9673782764442e-06 7.6162321090965e-07)
(-2.3390896276811e-05 -4.7755411183626e-06 -5.7807468359699e-07)
(6.7552169515243e-05 -3.1169043020833e-05 5.9742323170575e-07)
(-2.7459802768266e-05 -5.6592838331102e-06 1.0353348806008e-06)
(4.5492985527498e-06 1.8300183146592e-06 -3.7243601338206e-07)
(-3.5818356642361e-05 -3.8780477388713e-06 1.0660519471193e-06)
(-6.6062816128782e-05 3.7323153993696e-05 -1.8268571233095e-06)
(1.2251501148876e-05 -5.7686340710563e-06 1.6585716016351e-07)
(0.00012389246732922 -0.00017442188143549 1.9511916673282e-06)
(8.4944265426328e-05 3.9295567440464e-05 7.5366138477499e-07)
(1.3719522191749e-05 1.3662037510655e-06 -3.025755745447e-07)
(5.551272912352e-06 -2.9723582223888e-06 2.4393077159873e-07)
(-1.4965248635314e-05 1.0352999583772e-05 -1.3107665829137e-07)
(-3.4108252917559e-05 2.3522300321046e-05 -1.7995493598407e-07)
(-3.046713138532e-05 2.081542464941e-05 1.3377408369524e-07)
(-3.7509244756675e-07 1.4385314965825e-06 7.5742119713264e-08)
(5.0792781346324e-06 9.7951990780908e-07 -8.3636195984002e-08)
(-0.00016706838932679 2.0231436552566e-05 -2.1823842578937e-07)
(-1.1281757376926e-07 -7.3769343778949e-07 4.2689761771686e-08)
(-3.6610133017937e-06 -5.2342826409698e-05 -1.37760728588e-07)
(0.00051904415039699 -4.4748940435729e-05 2.1767409703421e-06)
(1.4776095630891e-06 -1.323277239485e-06 -4.7851144318467e-08)
(1.4057590578293e-05 1.4669869679385e-05 -7.8736822439107e-07)
(2.8881159825472e-05 2.2317961332681e-05 -1.7330503607158e-07)
(1.3092619589346e-05 3.8992116372168e-06 2.3910153801296e-07)
(7.2945416880155e-06 7.7169187822445e-06 8.4907255948886e-08)
(-0.00013243044274864 0.00037687994055084 -2.4800433352946e-06)
(-7.0023407201477e-07 -7.8490451330076e-07 -3.0532116238945e-08)
(6.7102375225975e-07 -9.7128852369423e-07 -1.0586233054527e-07)
(-1.5112514708136e-06 -7.8506408088402e-06 1.0427083413366e-07)
(1.0952931961854e-05 -2.870389550546e-05 -4.3628216180535e-07)
(1.5849248448069e-07 6.6703367608153e-07 -1.0015705065137e-07)
(4.5378381691833e-07 4.7683730883889e-07 1.9653682123737e-07)
(-8.8228768706694e-06 7.2390095723496e-07 1.7500315863037e-08)
(-3.956845681619e-05 -0.00052621399304866 -4.3082231358632e-08)
(-8.0415499221771e-06 3.7262650059692e-06 -2.5009343671379e-07)
(2.0302438017226e-07 -2.907764235238e-06 -1.3185795458594e-07)
(-3.8105540586542e-05 -0.00051945452457184 -1.7069148358909e-06)
(-2.5107531181832e-05 -3.5893816794566e-05 -1.3927510965922e-07)
(-3.5289823188235e-05 1.1091128862103e-05 1.2134646587456e-06)
(-1.0450654819588e-05 -1.5791964435189e-05 3.066868798764e-09)
(-2.9776687081214e-05 2.5354172472135e-05 1.2682344241881e-06)
(-1.9758588215324e-05 2.7824795496954e-05 -3.2481485062741e-07)
(2.6022908251611e-06 -2.2504622087162e-07 -3.8643047884558e-08)
(-1.5551293249586e-06 -2.6002350044317e-06 3.1688015666218e-07)
(-3.3878984207406e-06 -1.5571639002956e-05 3.5409030536132e-08)
(1.8087232118416e-06 -3.4045433560386e-05 -6.5119331010643e-08)
(-1.9550002703017e-05 2.006481462024e-05 8.8381181698884e-07)
(-1.2590322601578e-05 1.925237809997e-05 -5.1791676564718e-07)
(-0.00012528626663526 9.2864373192195e-05 1.653027638542e-06)
(-0.00013248842629157 9.7880912988689e-05 1.1179315832568e-06)
(-8.4034060311689e-05 0.00023814742779736 -4.832266319446e-06)
(-2.7095126706551e-05 3.8169788358253e-05 -2.2435550971112e-07)
(1.1242523822977e-05 4.2786586764382e-05 2.4155265664187e-07)
(1.5777398557984e-05 -2.8121969417446e-05 1.9976699236943e-07)
(1.6963067635063e-05 -4.6886056941186e-06 -1.9186338733303e-07)
(3.7439641733679e-05 1.4574929621011e-05 9.5080704010246e-07)
(6.6421274371324e-06 -6.8664388662627e-05 5.5482153282619e-07)
(-2.0063930039208e-05 2.8248810401925e-05 1.5203723630937e-07)
(-1.904424511858e-06 1.9334383693649e-05 -1.4908767694987e-07)
(-1.0850448070658e-05 5.2133358763996e-05 4.0450672642439e-07)
(-1.950594267469e-05 -1.9460444897852e-05 1.0699523116718e-07)
(-1.1543881563866e-05 5.8030274631954e-05 -8.8182884993293e-07)
(0.00041628906350491 -0.0001925378659587 5.2313459288769e-06)
(0.00030774907413403 0.00044127926792259 1.2620876508797e-06)
(-1.6872623846395e-05 8.5181590025212e-05 -1.12090533549e-06)
(-0.00017160028716622 0.00012531405130294 -3.866197937486e-06)
(0.00046832537332317 -3.9650948323478e-05 -4.4411646946043e-06)
(0.00018732235491174 -1.6659932875728e-05 -3.119474163832e-06)
(1.1342244218522e-05 4.2667899838967e-05 2.5022852881714e-07)
(-1.8489595638074e-05 -7.3233901632336e-05 -1.1838761804474e-06)
(-2.1439576281311e-05 -0.00028320870729064 -5.4939658063697e-06)
(4.0695163611391e-05 -1.8599370963387e-05 -6.8812115753256e-07)
(-1.1682843254951e-05 5.2389972716998e-06 7.7252241953765e-08)
(3.409460373734e-05 -0.00034277562991261 -5.234853495563e-06)
(8.0955382012172e-05 0.00030133983438278 -5.2075571813066e-06)
(5.4084378799555e-06 -4.3722952797528e-05 7.1408752039061e-07)
(-2.0162541584837e-06 -1.9851877139799e-05 4.6731007403532e-07)
(0.00036932354970317 0.00036905121055252 2.9181059124057e-06)
(0.00048417425888072 0.00012933564901782 4.2874324724901e-06)
(-0.00050752589175552 0.00014704001801185 -1.5538963881808e-06)
(-0.00010404204355253 0.00029514717261017 -5.0943749640852e-06)
(0.0003942631668335 0.00018256369260103 4.8062628834358e-06)
(1.1631302730152e-07 -2.5383228507627e-08 9.5790694924343e-08)
(-0.00015932935590408 -4.7280930445538e-05 1.0583131585382e-06)
(-0.00017132951782739 -4.9529262049356e-05 -1.3998626230066e-06)
(-0.0002036605896331 -2.3210988191815e-05 5.3619029792446e-06)
(-0.00043804980317642 -3.5085923972e-05 5.9656415625376e-06)
(-0.00046337947944167 -3.7471081507713e-05 6.3427343771007e-06)
(2.5530160744567e-06 -1.2335011269867e-05 -6.6455393041661e-09)
(1.6821248604915e-05 -7.7483932619334e-06 1.165360707361e-07)
(0.00046787259919107 -0.00012418786421956 5.2406921041308e-06)
(-0.00010842183396278 3.7490741276155e-05 2.9166709980385e-06)
(1.0533989781394e-05 -3.1945668277794e-05 -3.5459962132735e-07)
(-0.0001066203031818 7.9422921780424e-05 7.846228141378e-07)
(0.00047155432255144 -0.0002175199117755 2.0170783918547e-06)
(-0.00055284130244918 -4.265299731903e-05 9.4181088892016e-08)
(-0.00023211169813717 -0.00011042960266067 1.8558386715313e-06)
(-0.00029982311168957 -2.3207406694272e-05 3.1943514680156e-06)
(-0.00020047404840318 0.00020319962011822 3.3550808064642e-06)
(0.00028761981948012 -0.00040451713022154 4.1439067120897e-06)
(0.00018338069517765 0.00039649915089502 5.9579784600447e-06)
(0.00010774046198595 0.00040180186111849 5.103742836494e-06)
(5.2392793044779e-05 -2.4114988886686e-05 3.792860265566e-07)
(-4.563371074017e-06 1.0227413710438e-06 1.1550704448345e-08)
(0.00013829703112646 -0.00028988254865314 3.6007448114787e-06)
(-9.1456683806025e-05 0.00026000075562681 3.4647060674762e-06)
(1.9448385740039e-05 -1.6164849226505e-05 4.9364178322161e-07)
(2.3701521514069e-05 6.276946944941e-06 1.7716827819934e-07)
(1.6631360715487e-05 0.00016548885137362 1.4090378100762e-06)
(-1.043199356772e-05 7.7807395350362e-06 8.6030328541136e-09)
(0.0001777903521204 0.00025519936069458 3.3053416044813e-06)
(4.1913505893584e-06 -3.4371135133046e-06 3.0501311550486e-07)
(1.046115397672e-05 2.6943642702655e-06 4.1127870429369e-08)
(0.00037035092089006 0.00036959499604208 1.8419783307841e-06)
(0.00019829562409918 -0.00013740701030165 2.0034150078535e-06)
(0.00016391616026959 0.00011408269142395 1.7484709551125e-06)
(0.00015542929113175 0.00015536757036671 2.0147050432417e-06)
(-6.0791079653732e-05 -0.0002392495860334 2.1070169162229e-06)
(0.00018163431345522 -8.3969746676412e-05 1.6664986073706e-06)
(-0.00041028354539966 -0.00029509610448547 -4.1572093690706e-06)
(-0.00042397909163668 -0.00030574353522134 -3.1555906963683e-06)
(9.7185244114862e-05 -0.00013658248703651 1.7575342972991e-06)
(0.00020410632277549 -5.4213098462815e-05 1.7181574461145e-06)
(-0.00010807448286707 -0.00015677933151919 2.1402710784422e-06)
(-1.9241915822374e-05 -0.00025848567971136 2.6758494457278e-06)
(-0.0001798491900344 -0.00026565710188475 3.6922524155862e-06)
(-0.00022185202022831 -0.0003276124690235 5.2464372586898e-06)
(-0.00015591100431672 0.00021581367841465 -4.5729058765976e-06)
(-0.00014092858269626 0.00019468679447623 -4.6020993738636e-06)
(-0.00011426512455614 0.00022032408964324 -4.6479464264964e-06)
(-1.6950144642394e-05 8.3596652977234e-05 7.0639367541463e-07)
(-0.00034713811203262 -9.2858690029102e-05 4.744159855654e-06)
(-7.7375410753805e-05 -0.00017179466937501 -3.5384673822309e-06)
(2.1307068880939e-05 -1.8984786081044e-06 1.4031082801441e-07)
(-6.162790778082e-05 -0.00013643842709398 -2.4452930182742e-06)
(-9.8305637734162e-08 -9.5043203784107e-08 -2.6830560491064e-07)
(4.2606716750742e-05 1.622863561019e-05 -1.4608960807407e-06)
(-3.1405740984817e-05 8.9081268943318e-05 1.0702037382189e-06)
(-2.6304114109252e-05 3.343009382975e-05 1.1132405552989e-06)
(4.8093763296507e-05 6.9076577820026e-05 7.1339608661635e-07)
(-2.9903620456717e-05 3.2162338101827e-05 1.8431502185242e-06)
(7.8868554048083e-05 -0.00011079680620383 1.1651480261457e-06)
(-4.7802384074578e-06 -6.1717874413645e-05 6.162392530114e-07)
(1.7553831525947e-05 1.7930282758067e-05 6.4884156556562e-07)
(6.4139569624204e-06 6.8135656368401e-06 3.0428068619361e-07)
(4.6384943125941e-05 3.9410255295539e-06 3.808530719506e-07)
(-5.4968792574254e-05 0.00010538126008554 1.1688695022598e-06)
(-0.00019406562702228 0.00037332402001008 -1.2845311812995e-06)
(4.2414587361127e-05 4.2334872749136e-05 4.6621995938359e-07)
(5.8851801119828e-05 5.8901776459051e-05 6.7743449919474e-07)
(-8.0405268451403e-05 0.00040214591673334 -2.3855299823834e-06)
(-2.4905552422185e-06 3.7062876447256e-05 2.3846021741813e-07)
(6.8145281351168e-06 8.2487286671036e-06 2.6125357333471e-07)
(3.7810291343794e-05 8.2058989497154e-05 6.7752505281836e-07)
(1.2646612225085e-05 -2.4609271190949e-05 -8.9928920899723e-08)
(3.290882032312e-06 4.3244067410296e-06 1.4445335904717e-07)
(-3.8954227351292e-05 -4.8408914333305e-08 -9.1055847101409e-07)
(-3.57148663257e-05 3.6214870498458e-06 1.2627100358635e-06)
(-3.895948963551e-05 8.161314400426e-06 -9.4014900191576e-07)
(-4.4289883238393e-05 9.1619385421163e-06 1.6818422684345e-06)
(-0.00010519339105965 -0.00023464727144098 2.4408491799992e-06)
(-8.3976649356105e-06 -1.6686567920218e-05 -3.7833472569578e-07)
(9.4304058827664e-06 -4.3676223860652e-06 8.1166674529005e-08)
(5.3451052891497e-07 9.4847031831815e-06 2.9443334370293e-07)
(-2.7111652386728e-06 1.0625581556046e-05 3.6374669848385e-07)
(1.0900247194375e-05 -3.4206364090823e-05 5.9480302481155e-07)
(1.3728507127543e-05 -3.6646530412221e-06 7.4201057299198e-08)
(-1.9513967764945e-05 -1.0806961242194e-05 8.1912185660185e-07)
(1.5362859876388e-06 -1.0559527214507e-05 3.3651849513768e-07)
(3.4172489129195e-06 -9.5943009969534e-06 -2.4086068695248e-07)
(3.0244821636724e-06 -1.5127682880523e-05 -1.6319594588743e-07)
(9.3145366292383e-07 -4.5299955999584e-06 3.0042284258522e-07)
(3.463920603806e-05 3.1344786156498e-06 8.2152872423797e-07)
(4.0248225497295e-06 4.0939922738416e-06 -2.8142556578641e-07)
(3.2951366826726e-05 -2.6258798783808e-07 -1.4238412513693e-06)
(1.8354788928211e-05 -1.2234661959272e-05 5.8620479660813e-07)
(-0.00018242446523897 -0.00040805467475244 -5.4331915679623e-06)
(-5.6226054021676e-07 -9.7961708883561e-06 -2.5706997548409e-07)
(6.916162706746e-06 -3.238135970716e-06 1.0344329349073e-07)
(-0.00030505975657046 -8.1293023391833e-05 3.7244344690444e-06)
(5.3669891257174e-06 -4.8546311442306e-05 -2.5039580351597e-08)
(-4.7005848098377e-06 -7.5372498798509e-06 2.9162597713105e-07)
(0.00011033587124259 -0.00039527478645532 -5.6111109175225e-06)
(-3.2159664588827e-06 -2.2379193080232e-06 -8.6590957743646e-08)
(-2.1427492199126e-05 0.00040161243580656 4.7361447703367e-06)
(-2.0632215162133e-05 0.00038986086192904 4.7369191060058e-06)
(-1.8198495648552e-07 -3.5454755083279e-06 1.2543987386614e-07)
(6.5803716884948e-06 -1.0615675348316e-05 -3.7898772936467e-07)
(-2.2231226368773e-06 -3.5734041981687e-06 -9.9648343567163e-08)
(5.5978625435758e-07 -3.6473046255088e-06 1.2628352804666e-07)
(-2.0080154535445e-06 -5.3947516341529e-06 1.9426521646162e-07)
(-0.00051231369593235 -4.1415951033438e-05 -3.9808792408142e-06)
(-8.2030344606688e-05 0.00040697292482858 2.7410974548499e-06)
(-0.00045256313632453 0.0002238013445633 4.3153944083091e-06)
(8.4512104744124e-06 -8.1859935644545e-06 2.4971975423892e-08)
(-0.00016319326185351 0.00031358964699721 4.4623924789024e-06)
(8.6892353986637e-06 -7.3282328466307e-06 4.6415924114543e-07)
(7.3295132036546e-05 0.00027379648629699 3.0846782641338e-06)
(-6.7427729955142e-05 -0.00026710542136506 -5.200325171775e-06)
(4.051272862103e-06 5.011534899716e-07 7.6147668457864e-08)
(-0.00036597987672962 0.00010623602080249 4.9845208633291e-06)
(-0.00025560322696153 -0.00012116291256948 2.7117547577526e-06)
(7.45088959322e-05 0.00027931269211786 -5.5113976191034e-06)
(4.0522479917696e-05 0.00040288786692857 -5.3961404236873e-06)
(2.8545571197744e-05 -0.00028690839134426 -5.4696140536297e-06)
(0.00010245197648611 0.00022253982451923 -4.2465088509534e-06)
(-0.00011329912862427 -0.0004488015240359 5.46260030224e-06)
(-1.8540403067725e-06 1.9712300560266e-08 -1.3768440743321e-07)
(3.3629050847774e-06 -5.7806696234248e-07 -2.6637307585011e-07)
(0.00021363034475214 -0.00044688564346716 -2.751980313096e-06)
(-1.5132384065011e-06 -5.2174873591588e-07 -7.183940925563e-08)
(2.1462362901722e-06 2.5137966836337e-05 -7.9414584801489e-08)
(8.0817230263248e-08 -1.3198427592975e-06 -3.397366234934e-08)
(2.8991617689094e-06 -7.4092128520288e-06 2.030847644561e-07)
(-1.9319772736521e-07 -1.7894016580227e-06 2.630579367479e-09)
(5.809644294864e-06 5.7928864911369e-05 4.2679720626647e-07)
(-1.2210264671852e-05 -0.00015485333518127 1.255561369371e-06)
(1.2949805496126e-05 0.00013205567106634 -2.248444186876e-06)
(3.3064029657084e-05 0.00012354569153803 -2.442985730264e-06)
(-2.6035697182232e-05 -0.00034550461020785 -5.506189821611e-06)
(-0.00035665664681745 -2.7831939846999e-05 4.5332913876378e-06)
(-0.00012137126722637 0.00016848915608611 1.8538628681487e-06)
(0.00019339688188242 -0.00040578773746143 -5.5939404790208e-06)
(9.9339365358804e-05 -0.00035486474040382 -5.3682184011149e-06)
(-8.1373185804271e-05 5.688937207107e-05 3.3837531812013e-06)
(-8.0750615800249e-05 4.006035243417e-05 -9.6728278736355e-07)
(4.2313034826224e-05 -0.00043061463577925 -4.8674651993681e-06)
(5.0666599286787e-06 -6.0829630111419e-06 -3.6356372664656e-07)
(6.9124947003343e-05 0.00025786575811931 2.7116107674063e-06)
(-3.1033031477621e-06 -1.6370109489586e-05 4.5337366859078e-07)
(-1.5285735244045e-06 -1.6189752299432e-05 -2.639133633288e-07)
(2.8649049751103e-05 -0.0001034740693758 8.8758489652258e-07)
(-0.00019094502918928 -0.00028243034662154 4.2135333594646e-06)
(-0.0002283304762144 -0.00023567389535339 3.9541094256837e-06)
(-0.00032911196150935 -0.000237491489267 5.4234436499577e-06)
(3.6863737363133e-05 0.00013760468655269 1.1119902329895e-06)
(2.6520048975722e-05 1.9893997533194e-05 -4.8114579378686e-07)
(-9.4734669052752e-06 -6.6108321556932e-06 3.9489101945698e-07)
(-3.2571013141206e-05 5.724913513925e-05 3.6795811117189e-07)
(0.00022285882484725 0.00048221589462747 -2.8191632361999e-07)
(-5.1658887545175e-06 1.7767504689266e-05 7.3601562316222e-07)
(-1.2982131153019e-06 2.7613670791295e-05 6.0852146503182e-07)
(-6.8517558556393e-06 -2.5685849358432e-05 -1.9684200911114e-07)
(-7.9556285157e-06 -3.4252584935242e-06 2.9082810754227e-07)
(-9.8792938269927e-06 -4.2364179256534e-06 -2.8575874673647e-07)
(-1.5865199360428e-06 -3.2302624369149e-06 1.2416640385814e-07)
(-8.8897074735819e-05 6.5697806222603e-05 1.4147617986104e-06)
(-8.4674232980831e-06 3.0783085237587e-05 -1.1803478504854e-07)
(6.9432447126625e-06 4.6509609539967e-06 1.1372613718397e-07)
(-7.1596282907094e-07 -2.974708107109e-06 -1.486290525598e-07)
(-2.0379151214847e-05 9.2227065047219e-06 -1.4051547941601e-07)
(1.9697728448319e-06 2.9415698990912e-05 -9.6081941286142e-08)
(-2.0426868735781e-07 -2.1116121790462e-06 -8.7298582836376e-08)
(-0.00032337929306879 -0.00023270107191445 -6.5573252216619e-06)
(-1.8436587536274e-06 -1.1200913939655e-05 3.4382667823277e-07)
(-0.00033690151936309 0.00024535849941209 -4.5366630738589e-06)
(1.2673008007692e-07 3.33828323943e-06 -1.1907200676398e-07)
(-7.6867967717039e-07 -1.3098021112621e-06 -6.1943240669434e-08)
(-9.3076160669679e-07 -1.1019307266911e-05 -1.9667309385401e-07)
(-7.2700781559678e-06 9.3312853065173e-06 -2.8801825721356e-07)
(-0.00012623627699333 -0.000497778853587 3.5072175961756e-06)
(-3.4971795704116e-05 -0.00046469120861231 -4.2652785196003e-06)
(0.00037018224455273 -0.00036647378104671 1.0128010785725e-06)
(0.00011130693124898 -0.00023313175664681 2.4521536806175e-06)
(3.9831392889915e-06 -2.2938946106923e-06 1.7527705661965e-07)
(7.4212396765767e-06 -1.3818744714231e-05 2.3319427106248e-07)
(-2.3350419586856e-05 1.6045399543432e-05 9.7058117569581e-07)
(-7.0928648543138e-06 -1.4600597308293e-05 -1.0177689710245e-07)
(0.00030909806783856 0.0004440006817165 -5.2986994019977e-07)
(-3.1758639176632e-06 -6.480126840784e-06 3.6327402552234e-07)
(-0.00019133312065569 -0.00019723565965173 -4.9880732150367e-06)
(-0.00035062386693671 -0.00036194516179454 4.3274398568378e-06)
(-9.6234427756844e-06 -1.4300659032167e-05 -1.2953494571529e-07)
(-0.00027559597637258 0.0002785178973798 5.1144357181106e-06)
(0.00018423414159399 -0.00018204983790044 2.4756010980438e-06)
(-8.7893055065701e-05 -9.7679437312126e-06 3.3124739346743e-06)
(-6.8143880699097e-06 -5.8439283600971e-06 -2.0494522722178e-07)
(-3.6684631389952e-05 1.8108845862004e-05 -8.6175089526277e-07)
(3.0396120896285e-06 3.7416441331164e-05 -5.7575342237274e-08)
(-0.00037059827499628 -2.9419096055126e-05 -6.402843403611e-06)
(-2.3359578758105e-05 3.3273872962926e-05 -1.7012446698041e-08)
(-0.00016726772043931 -4.4821234706193e-05 -4.8796512375142e-07)
(-0.00017980931321123 0.00018257477524035 2.7498542151724e-06)
(-0.00023333077926981 6.7419160884163e-05 2.0581670208121e-06)
(-0.00049796598678518 0.00014494146283746 4.2051953667981e-06)
(-1.0061008444652e-05 -1.0597167675293e-05 -3.484328407224e-07)
(7.7966835409216e-06 -1.3952919264943e-05 2.7545722121177e-07)
(2.4341193571746e-05 -2.3390568857134e-05 6.6930992112995e-08)
(2.8249907272917e-05 -2.7325303913964e-05 4.8380667830717e-07)
(3.3674425873693e-07 4.3527906366545e-07 3.5056559648572e-08)
(2.263380760935e-05 -3.0683506797811e-05 6.587735814228e-08)
(-1.9070087963484e-05 8.7978611072039e-06 1.6491087386314e-07)
(1.0668858928351e-06 -2.3581842229002e-07 -1.0197748796847e-08)
(-3.3090557461945e-05 -2.2742020892793e-05 4.3715865121369e-08)
(-1.7802891639141e-05 1.5973943929037e-06 2.542202635307e-07)
(0.00016691939828563 0.00024011264738417 -5.5771422536711e-06)
(0.00010901070932748 0.00010890223698948 1.5983635825631e-06)
(3.3078725225497e-06 -1.1235198823076e-05 3.6882490273616e-07)
(-6.075062484046e-07 -3.3346424231957e-06 2.6538294618788e-07)
(0.00021032025644326 0.0004544437182021 4.4566291358258e-06)
(-3.1560095317289e-05 6.0510475298643e-05 -9.0333234975228e-07)
(-3.3092469703409e-05 -2.3229069178549e-05 -3.8194552245146e-07)
(-5.9974421056265e-07 -6.2341708226337e-07 -1.1283778418551e-07)
(-2.1530949918171e-06 -1.4970301142216e-06 4.2866385009178e-08)
(-7.8832586376655e-07 -7.0652701785428e-07 -2.7858313009532e-07)
(6.5082645392363e-06 2.4158769945796e-05 8.990546057196e-08)
(2.0912921924578e-07 -2.3933228275707e-07 -1.1422920154049e-07)
(3.0724196879315e-06 -2.662837320092e-06 -9.5321428680675e-08)
(2.1113971398127e-06 5.528384006349e-07 4.9202425512336e-09)
(5.8689405902327e-06 5.432329100489e-06 1.0855135541742e-07)
(3.9246519326207e-06 -4.2444363844415e-06 -1.2270138501176e-07)
(-8.9606561681363e-06 -7.6955775428745e-06 -2.4889854706606e-07)
(-3.5880655647991e-06 3.7708845877174e-06 1.8453795178763e-07)
(1.8161935470635e-05 -6.5480500819274e-05 3.2102078526527e-07)
(-9.2819846389173e-07 5.1361249197837e-07 -1.1547935030777e-08)
(-1.4610063414603e-06 -3.9570072483963e-06 -9.9819607103014e-08)
(-3.2639523233661e-07 -6.1846576891827e-06 -1.5034172210826e-07)
(-3.7575992274696e-07 -4.6720984464061e-08 7.4767995901963e-09)
(3.3716818568411e-05 -4.6951059110424e-05 5.1961617221274e-07)
(-1.6117907787331e-07 1.0375002209032e-06 1.4653026193873e-08)
(0.00051988785788543 4.4951019242469e-05 2.0116439195696e-06)
(4.0741417354724e-06 -1.1129740812651e-06 -8.5096773269782e-08)
(-8.9195432681361e-07 2.2913279336194e-07 -3.5079039457757e-08)
(-4.1414973262077e-06 -9.3294186763525e-06 -5.8872105239139e-07)
(0.00025032663208625 -0.0001158507631337 2.5387650313541e-06)
(-3.4443167715796e-05 2.3889345223882e-05 -2.2665542153262e-07)
(6.0380342577966e-07 1.1134780046038e-07 -2.0554634634365e-08)
(1.1378577621009e-07 -1.3274494778164e-06 1.0652055290346e-07)
(-8.4420965947663e-06 -1.896967985525e-05 2.2490795303371e-07)
(-4.5561161947737e-06 2.0398187938884e-06 -5.3774385544395e-08)
(1.8176025263039e-05 1.2839057298458e-05 1.6151064685461e-07)
(2.1123324413278e-05 1.4835591549295e-05 2.5205969685354e-07)
(0.00020771623381074 0.0004500900346189 -4.1455674936584e-06)
(-2.6034000341526e-06 1.8910126168097e-06 -1.4807315286838e-07)
(-1.6149959938034e-05 7.4853995986853e-06 -1.929978663181e-07)
(-2.4318648754819e-05 1.7118682492357e-05 -1.6691739119434e-07)
(-1.8720142763268e-05 -4.9060286410967e-06 1.4260412643177e-07)
(9.6851661940324e-06 9.2465977762995e-05 -1.3148091740726e-06)
(0.00012164148311094 5.6392184798061e-05 1.1976528995788e-06)
(3.9674286498813e-05 1.8390588411461e-05 1.849554031087e-07)
(0.00014201510102836 0.00020413993667532 2.4941798770359e-06)
(0.00038163990066943 0.00026638434832959 -4.6175613009143e-06)
(0.00024211146660048 -2.1067754130113e-05 2.1315648327768e-06)
(0.00022140772283148 -5.8933758582771e-05 1.9887310348419e-06)
(2.7210771793082e-05 -2.9857867071671e-06 -1.0019526560562e-06)
(-7.7045115891083e-07 4.4035703340938e-07 -6.917072846319e-08)
(4.6170351242483e-06 4.6170252555157e-05 4.4404132862943e-07)
(-1.3393274020982e-06 -2.1581487030149e-06 -2.1436234084504e-07)
(2.4994188000621e-05 -1.147205420902e-05 1.5856302333146e-07)
(2.0547728818805e-05 2.5189481640654e-05 -1.1458103979886e-06)
(5.6476242542215e-07 3.112407631172e-07 -1.8707050550705e-07)
(9.974626667275e-05 4.5897616328167e-05 -1.9188322749601e-06)
(-2.1200347610672e-05 -3.0361843087671e-05 -1.049426772943e-07)
(8.9875744641433e-06 1.1663258277868e-05 -3.960678794989e-07)
(0.00019931944991473 -0.00041654319284303 -4.3773027298442e-06)
(0.00033360634648303 -0.00032928895180477 -4.8345982030573e-06)
(6.5741334978838e-07 -2.7491567249292e-06 2.7200664370482e-07)
(-1.1476253198845e-06 1.0217485878244e-06 -7.7471526641292e-08)
(4.8978195053721e-05 3.4201770147237e-05 4.3062558023207e-07)
(-4.1489949018204e-07 -7.6918388937822e-08 -3.2494036771943e-08)
(7.7344394779966e-07 -7.1312148336781e-07 -2.0915413212544e-07)
(-6.8580734634881e-05 5.1601918451398e-05 3.7617029332498e-06)
(-2.7081308151834e-06 -5.5205620213959e-06 -1.4858987431014e-07)
(-0.00015281245941191 -4.2350593563835e-05 4.7920731406392e-06)
(0.00042461567471565 -0.00019632395213421 -4.7878047559791e-06)
(0.00047940220013633 -0.00012769632245168 3.7811041524969e-06)
(-2.5815683901532e-06 7.0032499444651e-06 -1.6971996727354e-07)
(-2.864487985854e-05 -2.9130245048417e-05 -3.4662942522455e-08)
(0.00021772476629222 0.00047200002437496 -1.6651364602088e-06)
(1.5344850936566e-05 -7.0810906375422e-06 7.8628096195271e-08)
(1.133468757195e-06 8.5242805134375e-07 -1.2157511709252e-07)
(-9.7424423584252e-06 4.1784068635985e-06 -2.2533923168072e-07)
(-4.3129739288281e-05 1.1360409684946e-05 -4.1592145190366e-07)
(-8.5071253803851e-07 7.7810208952222e-07 9.5706533153903e-08)
(-1.8028814735534e-06 -2.5665131224975e-06 -2.2335863790654e-07)
(0.00035846774897965 -0.0002484172404037 -4.9515193714633e-06)
(2.2037529431117e-05 -1.4937002622031e-05 2.322332960977e-07)
(-5.4872307741417e-06 -5.6253879496699e-07 -2.067856106273e-07)
(7.6764080062524e-05 5.3501102070441e-05 7.0353379350501e-07)
(9.0024799003969e-05 6.2819984527285e-05 9.0803407093454e-07)
(-1.4548513168447e-06 1.45713078531e-05 -2.8854462629369e-07)
(0.00016106062340668 -0.00033813463395172 -5.531965114312e-06)
(0.00041388797042583 0.00028828026256623 3.8703780963698e-06)
(0.00042103418478854 0.00029281518204651 3.1458466341322e-06)
(0.00045627672557818 0.00021091499603937 3.987348049091e-06)
(-2.7674577776994e-05 -1.9135432213302e-05 -3.5508205013776e-07)
(-3.1758639875589e-05 2.2117655462903e-05 3.1424870565439e-07)
(7.017768021818e-05 1.878571489426e-05 -8.9372131594396e-07)
(5.6669624828851e-08 4.0592191080694e-08 5.7791101683645e-09)
(-3.5193244652094e-08 -2.6576137908951e-08 -1.2217141034496e-07)
(5.4453479139428e-05 0.00020372688740364 1.866549016799e-06)
(-0.00027241651373242 7.8788663677784e-05 -5.3872686901288e-06)
(1.9204629583078e-07 -4.8541935470122e-08 -5.2898901447628e-08)
(-2.1411377733632e-05 -0.00028765377950344 2.9976295660747e-06)
(-5.1957940119464e-07 8.7606682218717e-07 -4.2600074564678e-08)
(1.682242489592e-05 -2.2062925976317e-05 -2.9736913026971e-08)
(1.3997906460167e-05 3.0128265244375e-05 1.024149479293e-07)
(-3.9445966300851e-05 -7.9934069606596e-05 5.9657176581765e-07)
(-0.00024646783877458 0.0001221023571941 -4.9877316876223e-06)
(0.00037900514379889 -0.00010055417048458 5.2819675658429e-06)
(2.8020427040598e-05 -0.00028571411904539 3.1904880017832e-06)
(0.00040001456424738 -0.00010606092415621 5.4373785403115e-06)
(0.00029188699744659 -0.00028859801191135 5.1644171086064e-06)
(0.00019913677329409 -0.00028003009190117 4.2612940631477e-06)
(-1.5506751228469e-06 -6.0191370086735e-06 -1.4674153437885e-07)
(-0.00030759893642013 8.8920524207581e-05 -5.324641292583e-06)
(0.00019143923935536 0.00013337018649363 2.304656260289e-06)
(0.00024619408718433 -6.5269611757626e-05 2.364210666873e-06)
(3.9639483036786e-05 0.000399036911985 5.0137382572067e-06)
(4.353862474242e-05 9.4433502151324e-05 8.8009876630981e-07)
(3.8506056118164e-05 3.84913209316e-05 2.7595544331119e-07)
(-2.0187740151276e-06 -1.8979440150251e-06 -4.4123748441859e-08)
(0.00033455452361136 -8.8796136918331e-05 4.5209470056165e-06)
(3.5794094882625e-05 6.5379552861561e-06 -1.3826457879997e-06)
(-0.00026970765130386 -0.00019411087274745 3.7677892329083e-06)
(-0.00013116250937856 -0.00051658578249351 1.8040142413965e-06)
(-0.00012016757649825 -0.00047576867940427 -3.8680796191317e-06)
(-0.00021469995245174 -0.00048041738299463 1.2000681566004e-06)
(6.6497598985566e-06 -1.2318008354595e-05 1.7379621910434e-07)
(-8.9524894525958e-05 0.00025506503039568 -4.4423252717137e-06)
(-2.103626979512e-05 0.0004065248104399 -3.6803917708504e-06)
(2.7918910583346e-05 0.00027777100894298 -4.9223933982905e-06)
(-0.00018798041635671 0.00019081482069611 3.0064616951377e-06)
(2.730763904083e-05 -2.4035934132122e-06 1.8073942072535e-07)
(-1.1970353607402e-06 2.4686905053862e-05 -3.1177445486113e-07)
(0.00027256077074043 2.3623936542883e-05 2.6532491024666e-06)
(0.00036875067250495 9.7966567968045e-05 -5.2783090947559e-06)
(0.00034217066107911 2.9604378008677e-05 -5.4435337754082e-06)
(1.3734120131133e-05 4.9882238371501e-05 -5.5131390815662e-07)
(-3.502257541817e-07 3.6859741141296e-07 1.2009385859856e-07)
(0.00033719028269484 -2.9479610392538e-05 -5.6576937780454e-06)
(-0.00019887833792414 0.00027536596528562 4.4009584464282e-06)
(-4.147474744577e-06 -8.5986403163101e-07 -9.9935015152048e-08)
(-2.4936049532273e-06 3.9608887729491e-05 5.3337932047183e-07)
(0.00030906958496071 2.6762446217164e-05 -5.6170365659252e-06)
(5.2432910212096e-06 5.3249115760438e-05 4.2151050366474e-07)
(5.5086945160306e-05 -3.8112133040356e-05 3.6116229136352e-07)
(-1.4210652130008e-05 -3.801817031336e-06 -3.8436852618166e-07)
(-6.448377105102e-06 -2.0244303922735e-06 2.3142459288382e-07)
(4.2377121409618e-05 -5.9374301787437e-05 6.0530140330897e-07)
(2.5457893864977e-06 -3.8442535308672e-05 7.4781398002245e-08)
(2.9244901234455e-06 3.9951811796231e-06 5.6123786691919e-08)
(-0.00053293057485116 -0.00014307166937207 -6.565099423188e-07)
(5.7114707123254e-06 -4.9862391301378e-07 -7.1616617950097e-09)
(-6.1323752527373e-05 -2.4499308878478e-07 -1.500230993128e-06)
(-3.0897069277804e-05 -3.1576982448162e-06 -7.7327873684529e-07)
(0.0003600516111065 -0.00016663126004183 5.0289151531124e-06)
(1.0758916784238e-05 -3.890979612538e-05 -7.7345270515028e-07)
(0.00037840996653078 -0.00017481079224655 5.4722642531037e-06)
(0.00029426380078082 -7.8257915075734e-05 3.850170353812e-06)
(0.00016430095771608 7.6034644569837e-05 1.5893392782647e-06)
(-0.0001600809022821 0.00016302295048342 2.0809497760957e-06)
(-8.3637260845732e-05 0.00016052159149653 1.6039640663354e-06)
(-0.00025075557421864 -6.7134468881693e-05 2.8025479232824e-06)
(-1.7354377600432e-06 -1.1864442478764e-06 1.1673116008579e-07)
(-9.2256113384557e-05 -6.6842137411035e-05 -2.0968013709695e-06)
(-1.0179078934703e-05 1.0176297833767e-06 3.6141180352865e-07)
(2.3219857711822e-05 3.1642683881702e-05 -6.5929407947727e-07)
(1.9452098011786e-05 -1.5373023960202e-05 -1.0513569002404e-06)
(-4.5305227564315e-07 3.8098330853652e-09 -1.4550407063373e-08)
(1.6318631073409e-05 -1.863008865894e-05 -7.4744477132304e-07)
(-5.7901663111445e-06 -2.357105935512e-05 1.5008079158015e-09)
(-1.731721752316e-05 4.8379690242054e-05 -7.6875931616524e-07)
(-9.4727717487892e-06 0.00017822235712461 -3.3870458702062e-06)
(-0.00023326189176012 0.00032232878122647 4.6742614075914e-06)
(-3.8199878567917e-06 7.2658303396297e-05 6.9726532881922e-07)
(1.527840015089e-06 -1.224675573263e-05 -3.3130122749072e-07)
(-0.00055406880186669 -4.3805672582253e-05 1.6789309828999e-06)
(1.5638127510485e-05 -2.2407798820075e-05 -2.1531597135294e-07)
(-5.3202663427764e-06 -1.2645858148171e-05 -7.6282197827836e-09)
(-5.6730795831414e-06 -5.7117599275563e-06 -1.6391788725311e-07)
(-9.3740470051149e-06 4.4373317946131e-05 4.1498762513635e-07)
(-1.4453798484633e-05 3.9274401363616e-05 -1.1032758369024e-08)
(-0.00048169058233404 -3.8491567463424e-05 4.7633518985092e-06)
(-0.00051238371262878 0.00014890005876394 3.3683425752797e-06)
(-0.00032598647621905 0.00032946099418798 3.4070539283448e-06)
(7.5191052862175e-05 0.0001625894703181 1.7934458332055e-06)
(-6.9694022491282e-05 0.00019773003581686 2.1165306699193e-06)
(-7.3483024160642e-07 -1.5030211925316e-06 -2.8948311906236e-08)
(-2.1628951602798e-07 -5.8547277227437e-07 3.9498816577682e-08)
(0.0001294513145506 0.00048348345116726 2.3437849467471e-06)
(3.6925400632488e-06 -1.5948912844154e-06 1.2081882999252e-07)
(-7.4683851857632e-05 1.1079779605101e-05 -5.8797391167704e-07)
(-9.1483746863684e-08 1.818239544017e-06 -3.3693028685872e-08)
(-4.6260876440322e-05 5.8893052081346e-05 -6.1628365643106e-07)
(1.1941174636194e-06 -1.0895991343788e-06 -5.3430317336102e-08)
(-9.4142671464925e-08 6.0920121070171e-07 3.7823451150564e-08)
(-0.00027216465517004 -2.4583065746342e-05 4.2333343563786e-08)
(1.1646991288825e-07 -1.2570798253825e-06 -8.3794455200815e-08)
(3.136903621841e-06 -5.075117255636e-06 -2.106846833252e-08)
(-9.0501223587913e-08 2.2101002621098e-07 -1.5145858064687e-07)
(9.1108212098228e-07 1.4437410740023e-06 -3.2402058040033e-08)
(-9.8170071267014e-08 -6.5975275860983e-07 1.7973434831701e-07)
(-9.4219467808341e-06 -9.66736478436e-06 8.9811668759707e-08)
(-1.7633687301544e-06 1.7923406218847e-07 -3.5293717180493e-08)
(4.6700766964943e-07 -4.647203487617e-08 -1.9700613366691e-07)
(2.2504553226554e-05 3.3320633040224e-05 -2.8485691906041e-08)
(4.0710170222266e-06 6.8926082149926e-06 1.0064494632466e-07)
(1.2028795105716e-05 -3.1831323040969e-06 1.1879849504178e-07)
(4.2178201372826e-06 5.5951617125166e-06 2.4193948911091e-07)
(1.1449079712541e-05 -9.5570811575134e-07 7.5110406778603e-08)
(0.00033282564358626 0.00033214265345427 5.3981252697952e-06)
(0.00038174345497055 0.00026580229400177 5.0060125063975e-06)
(0.0001976696059144 1.7259532630401e-05 1.8378493036973e-06)
(-2.0854146769896e-05 1.8093126552441e-06 -1.1935096988802e-07)
(-3.5971968508611e-05 2.4932531032224e-05 8.0984249640365e-08)
(-1.6588390063538e-05 1.5374739177846e-06 2.4805821092893e-09)
(0.00048581344782148 -4.2451008117808e-05 -3.2010030980195e-06)
(-8.8065739410657e-06 -6.1229522835267e-06 -2.5531321664844e-07)
(0.00043832728385951 3.809724842318e-05 -4.6938758950305e-06)
(0.00040665500638001 -0.00028271139414214 -2.8463601856204e-06)
(0.00050171577065286 -4.3281601609493e-05 -2.5741509318021e-06)
(0.00018846978834655 0.00040823881359507 -5.334733623388e-06)
(-1.6627801729158e-05 -9.1706780304726e-06 -4.3936385476492e-07)
(-4.1562599412357e-05 -1.1225057424954e-05 -2.4811691842375e-07)
(4.3421661440355e-06 -3.639330007888e-07 2.9116900014713e-08)
(0.00037727703581533 0.00017461768271124 -5.8318205880797e-06)
(0.00025561639494047 -2.2140517943185e-05 2.2261668195007e-06)
(0.00044282805586409 0.00011790046805202 5.2553770596511e-06)
(6.1918519062351e-05 -8.6957604889485e-05 1.0390677618731e-06)
(-0.0001153733001801 -7.6205475755442e-05 2.6681270263642e-06)
(-2.4203414084867e-05 -0.00032200908060356 3.8410543703251e-06)
(-0.00020134936044142 -0.00020740417448371 3.122281820984e-06)
(0.00011575121618173 -0.00016282276558802 1.8487931873631e-06)
(-8.6422866366252e-06 0.00016223027364738 1.4725802470052e-06)
(-1.6238958364512e-05 -1.6899401975517e-05 -5.3702166791595e-07)
(0.00021671389418965 1.8877799185102e-05 1.8523806306892e-06)
(2.2647031422265e-08 -3.9702801359514e-08 -6.5717170410109e-08)
(3.2263427630003e-05 -0.0001161069630503 1.0510705120137e-06)
(3.7318680753645e-05 3.2819269048023e-06 1.8759740683271e-07)
(6.8774461656241e-05 6.8753746255045e-05 7.0809830313925e-07)
(0.00028677032877166 -2.5082428274234e-05 3.1230653641673e-06)
(0.00010289517929967 -7.1220789426195e-05 9.5347315974241e-07)
(2.3163272291525e-05 -6.0899359704643e-06 2.0914406440372e-07)
(-7.9489048702129e-05 1.8248594289885e-06 -1.3934134184497e-06)
(1.9317593636104e-06 7.4390223761526e-06 -1.5776603529539e-07)
(3.1716965840585e-05 -2.7013157854981e-06 1.9837864711136e-07)
(5.4294349855771e-06 9.2257677227427e-06 4.2107860535671e-07)
(3.4132581030875e-07 2.3938577559655e-07 1.3251202052417e-07)
(-3.6694264560853e-07 -3.9112169853641e-07 -1.7472442246828e-07)
(-0.0003713614282525 -0.00038322524109221 -7.9425760724399e-07)
(-0.00047430270727154 -0.00022630670329015 4.1822274957453e-06)
(-0.00043068898523415 -0.00031044537694895 3.7128009673102e-06)
(-0.00013978768490713 0.00039558455258359 5.07548884742e-07)
(-8.4371724266581e-05 -8.7563826326037e-05 -1.6327684522401e-06)
(-0.00013421190908241 -0.00013834697614106 -3.1229354237312e-06)
(-3.541847636457e-05 3.5321817635765e-05 -5.1731041844379e-07)
(-0.00014622684269047 4.2586801541129e-05 -2.3857001346917e-06)
(-7.4449972826486e-05 -6.758337209388e-06 -2.2472781602934e-06)
(0.0001402384645864 -6.4871546398535e-05 -2.9391742340228e-06)
(-7.2349616761837e-07 -1.5989993706122e-07 -2.2949171150569e-07)
(2.6716956097084e-05 -1.0615336766634e-05 5.3163145654527e-07)
(4.2207773670681e-06 1.1860569754668e-06 -2.2062864576109e-07)
(-1.7693023610642e-06 -2.298510669196e-05 -8.8292093502402e-08)
(8.1372048333628e-05 -5.6602874498699e-05 -1.1271008997661e-06)
(-3.6579106233136e-05 -9.7408459798275e-06 -2.3841414548806e-07)
(2.2997206484e-05 2.8410681225633e-05 7.3939210373983e-07)
(-1.8941376061742e-06 -1.8145229566346e-06 -3.2238077744298e-07)
(-9.7756289601687e-07 -2.816531518859e-06 -6.4274036663284e-08)
(5.0979729717784e-05 -0.00051076817304767 -5.8753656601661e-07)
(4.4780646281596e-05 3.1316063953639e-05 2.9312972291552e-07)
(4.9691270759345e-06 -2.7200930215183e-05 -3.3920604881134e-07)
(-0.00014613353227165 4.6333131750352e-05 -3.5378965308613e-07)
(-0.00021394522593923 0.00015655563292751 2.4405046767143e-06)
(-0.00013530458593494 -5.9073052417229e-05 2.9449697870673e-06)
(5.605604862641e-05 2.5935084650757e-05 3.3101280874052e-07)
(-8.512649344782e-06 -1.7433241146479e-06 2.8827020648731e-07)
(-5.3026787228602e-06 1.895169786016e-05 -1.1675980921114e-07)
(-2.6540044162982e-06 2.7095817224092e-05 -1.6017232189058e-07)
(-1.2799839127601e-05 -2.0135090617692e-05 -4.9912036042455e-07)
(-2.5261495648405e-05 8.1619503870332e-07 -9.8949706072083e-07)
(-2.5337074947621e-05 -1.8436552358162e-06 -1.8474667942652e-07)
(9.1767494314263e-07 3.9714525969895e-07 -6.0036321287846e-09)
(0.00015007297931414 -0.00031396933921723 -5.9820248156518e-06)
(0.00039390504207102 -0.00027262193762328 4.7392171951035e-06)
(0.00021078078179107 -0.00029637441303884 4.4871588822436e-06)
(2.0575720725443e-05 9.5560709384666e-06 7.447567226166e-08)
(8.1978215811779e-06 1.4192890662432e-05 -5.0624854138154e-07)
(9.2459719213335e-06 2.4845525858553e-06 -2.0594944876512e-08)
(3.8555766834567e-06 7.7728376788647e-08 -1.4289919146616e-07)
(9.7006404257328e-06 8.0084153717169e-07 -5.0320212440209e-07)
(-1.671119094483e-06 8.2518270300557e-07 -7.6419072139546e-08)
(-1.3262155416214e-05 1.6606313935171e-05 7.3462802485404e-07)
(-1.047140092069e-05 -8.9764131561107e-06 4.6123655703319e-07)
(-4.296148093891e-06 8.911511943927e-07 -1.0806081895331e-07)
(-6.0808969424889e-07 -9.2565726076567e-10 4.0354337544216e-08)
(-0.00010446859743666 -6.5770933075632e-05 2.6131483268711e-06)
(-0.00019842666100297 -0.00044318234153648 5.0712694262257e-06)
(0.00012078351960655 1.0551283941886e-05 1.0158439904925e-06)
(3.107924329129e-07 -5.9115216762884e-07 -2.1395428098097e-07)
(-0.00037768213613021 -0.00027265073110052 5.0537820706324e-06)
(2.8846519697021e-07 5.3868140291125e-06 1.8888677347933e-07)
(1.9627480047469e-05 -0.0001989345072516 1.695661630691e-06)
(-3.3631047594577e-05 -4.2721654265241e-05 -1.2359577963474e-06)
(-2.6093991970674e-05 -5.5333306786108e-05 -1.5784214174713e-06)
(3.383243090387e-05 1.5634054124705e-05 2.5388889759559e-07)
(-0.00021476508186167 -0.0003174334107248 -6.2080277887395e-06)
(-0.00020080537079061 -0.00044875449359473 -3.8036590273706e-06)
(2.0024007563705e-06 -2.413486215449e-06 1.5630123823235e-07)
(1.5372236460629e-05 -1.0435970027199e-05 1.5945672422805e-07)
(1.3337056263466e-05 -1.2688975792161e-05 5.4206889575125e-08)
(-0.00019724510553563 -0.00014179760707473 1.7572257705682e-06)
(-8.6975421180546e-07 -7.4739972536682e-07 -1.6243337063315e-08)
(-3.3066208172705e-07 8.3907865323193e-07 -4.7911533675615e-08)
(-2.0004013652967e-06 -2.5834722677066e-06 1.2303233598673e-07)
(1.6591512551491e-07 -4.5211273117326e-06 1.008666019493e-07)
(1.2199505668614e-05 0.00012115181784234 1.0832023536571e-06)
(-5.7015641644658e-06 -7.3907656937782e-06 -2.3153314084287e-07)
(-4.4661255113622e-06 -3.1035054961592e-06 1.8640965508689e-07)
(-2.4784614175306e-06 -2.1264949797357e-06 1.2015308392932e-07)
(-0.00017075119446956 -0.00037991712344785 -5.2280651344079e-06)
(-7.4231555376279e-06 -7.8256693014471e-06 -2.8724113811172e-07)
(6.0714483076093e-05 0.00013129660121833 1.2679459938706e-06)
(1.6781565216019e-07 -8.93181729577e-07 -1.1598657956229e-07)
(2.8043878853314e-07 -9.3359114793064e-07 -5.3895942362359e-08)
(-0.00035666922680136 -0.00036829514256568 -3.1324872178473e-06)
(2.1271605579053e-06 -1.6352392401281e-07 -9.1376821862373e-09)
(1.7105881128795e-06 -1.4494273004794e-05 -1.0398999187732e-07)
(0.00016606392244319 -0.00034817053671937 4.8772266636164e-06)
(-9.3498387837839e-06 -3.4766605296682e-05 -9.7600748630084e-07)
(2.1501807734134e-05 -2.0475776979712e-05 3.178851835569e-07)
(2.1279494248441e-06 -4.8644927504518e-07 5.4580963848802e-08)
(4.7763821300762e-05 -0.00048463713817527 -4.1430187824814e-06)
(0.00050739062785313 -0.00013530184631367 -3.6271534724946e-07)
(0.0005155593864895 -4.4840512666764e-05 -1.5164305970217e-06)
(0.00052361825088709 -4.5628752782018e-05 1.1210303033747e-06)
(-5.4491802633019e-05 6.5813397541937e-05 2.4993810866295e-06)
(0.0005210268441189 -4.4715744987938e-05 -3.9184976375735e-07)
(-1.0805279235138e-07 -6.2902067664944e-07 -7.9338902227106e-09)
(1.0544486056413e-05 -2.7781238916168e-06 7.5020599585832e-08)
(-2.1647121956403e-06 -5.8201471977676e-08 -6.4650456000268e-08)
(-1.7147026157834e-06 3.4912007288492e-07 -1.4132594376373e-07)
(-0.00034645070013202 0.00025207250310643 5.6028813358014e-06)
(3.7341808985618e-05 -2.5665039345336e-05 2.699844619745e-07)
(7.2077915019924e-05 -1.9122766046394e-05 5.14200835121e-07)
(1.8645723721537e-05 4.0585856368363e-05 -4.2327570138804e-07)
(8.5304148947614e-07 -2.0052760224721e-06 2.0478195723134e-08)
(-2.2491330811767e-07 6.7655450833009e-07 -8.1657965096252e-09)
(-7.3235380488432e-07 -1.2848502022781e-07 -1.3977585696201e-07)
(-6.2931988684477e-06 -8.1341689851124e-06 3.6175884508343e-07)
(1.307496279089e-07 -1.6472902619334e-07 -4.1030662035917e-08)
(0.00017970222007704 -0.00012490021766885 -3.6510486928913e-06)
(0.00013684115550958 -0.00013500924914532 -3.7871659542863e-06)
(2.1086724906884e-07 1.377460487316e-07 -6.1630701201735e-08)
(-7.9875009118347e-06 3.635255452299e-05 6.3180255465617e-07)
(-1.2268902415504e-05 3.0305979425127e-05 2.8401084166517e-07)
(-0.00028733958345614 0.00014214074419563 -5.9649499450961e-06)
(-4.6346842922939e-08 1.1569498007207e-06 -6.7604328362366e-08)
(-0.00016750965841469 0.00016975994004757 -4.78427021256e-06)
(1.5546910881432e-05 4.113024554202e-06 1.1160288512866e-07)
(0.00017962766017959 -0.00025289096815471 -5.0608567792421e-06)
(0.00041017905026752 -3.5250720445665e-05 -5.2087193102638e-06)
(-0.00026918128299355 0.00027323711539323 -4.8975579719924e-06)
(-0.0001136034010391 1.2185709314531e-05 -9.87705521534e-07)
(-0.00028335042614272 -2.2614413301234e-05 -5.2550837573689e-06)
(1.8612796015804e-05 -2.066857271347e-05 5.126126059564e-07)
(0.00041366524673436 3.5874779087534e-05 5.5072958163447e-06)
(2.2468999363367e-08 4.1581895233092e-07 -2.4144393378819e-08)
(-0.00036318942446413 -0.00037578200380783 -1.4747338035185e-06)
(0.00043681844766125 3.8262504378564e-05 5.3734680378743e-06)
(-8.3837264008049e-05 0.00041616791827207 1.0785616950196e-06)
(-1.3784916434734e-05 3.5184362020763e-06 -3.8131205663903e-08)
(-8.0144253798631e-06 5.5230264457929e-06 -1.5273749082054e-07)
(-3.3684827682509e-06 3.0251141285345e-06 -9.1561023348515e-08)
(7.4398633663675e-08 9.5163339268415e-07 -8.9770286224067e-09)
(0.00028675808976762 -0.00019865730519769 4.0922534955876e-06)
(-1.6191924968462e-06 -5.107973787604e-07 -2.9199254206793e-08)
(6.3867135391301e-06 -1.0545654446297e-07 -4.4469791252084e-07)
(7.1532564954727e-07 1.9145534560588e-06 -4.2576765083448e-08)
(0.00026370370340442 -0.00018263009956711 3.6738243383248e-06)
(0.00029732045700354 -0.00013733984672633 3.8160116790971e-06)
(-4.2950828732358e-06 2.9907229312093e-06 1.8347390674094e-07)
(-7.337131772816e-07 1.6143472211743e-05 5.7188257862407e-07)
(-5.2809746098394e-06 1.3495359626935e-05 -3.081671921e-07)
(1.0934264795413e-05 9.6714067320413e-07 7.4942114739924e-08)
(1.0854961411484e-05 2.8028390288624e-06 9.2613388818212e-08)
(0.00045985806166275 0.00021263979810024 -3.0421102347604e-06)
(3.2903572873658e-07 1.7837091233472e-07 7.0850737270397e-08)
(-2.2429887818715e-06 2.4683062447613e-07 -9.3208541748675e-08)
(0.00042584547846526 0.00029640619697614 -1.6933937274917e-06)
(3.4655222076772e-07 2.2018230557855e-07 -1.1874936032405e-07)
(-0.00012100795081941 -8.719525102261e-05 -2.4124714505891e-06)
(3.1183515509872e-07 -6.2524079846806e-07 -1.0209131318036e-07)
(0.00040396787653471 -0.00010779507427324 -5.9011109373433e-06)
(-3.90206991265e-07 3.5452536290324e-07 -7.5703804847205e-08)
(-5.5468632298774e-08 2.0771798636828e-07 -5.533909184941e-08)
(6.2273949514065e-05 0.00023164093262952 -4.0688144911129e-06)
(-2.8016506419405e-05 -2.8127385155751e-05 2.636071095314e-08)
(-4.2199280674801e-05 -1.1201244595553e-05 -6.9859148953355e-08)
(2.5887610988559e-07 -3.350763037484e-07 -9.224997288176e-08)
(-5.1422740211354e-07 6.1858803672289e-07 1.6692998948508e-07)
(-1.0293260014956e-06 -6.6341792553412e-07 -1.0591882960072e-07)
(1.2798488933322e-05 -1.2677685008195e-05 -4.2533200163053e-07)
(-3.6239651269935e-06 2.6339103296105e-06 1.5176969176752e-07)
(-4.2279328048568e-06 -6.0454736525807e-06 -6.8333996087314e-08)
(-4.1411587263807e-06 5.1347890824071e-07 -1.77188961367e-07)
(-0.00024655343464486 -0.00036482588437416 5.5874551070851e-06)
(3.8490842970854e-05 -2.7150467602051e-05 -8.3923383914234e-07)
(-1.1547189607572e-06 -8.3737289140258e-07 1.4549607453672e-07)
(2.0330770019943e-06 2.1928030789507e-05 -1.0973155108188e-06)
(-3.9123728457664e-06 1.0466821220834e-06 -1.6246131926367e-07)
(1.1455232254894e-05 1.8264743878367e-05 -8.1716267141357e-07)
(1.0739742113452e-05 2.312419144421e-05 -5.0868058848788e-07)
(0.00031484575118001 -0.00031132770191569 5.5323791465156e-06)
(-0.00028748518253653 -0.00020708114217816 4.5147623315398e-06)
(-1.6515448590183e-05 -1.1421810656078e-05 -2.9185836018312e-07)
(2.4099380169004e-06 -4.9442879781324e-06 1.9256601402068e-07)
(0.00035280360683934 0.00035304545873399 -4.3393779987783e-06)
(-5.881200533636e-06 5.8962615127907e-07 -1.4246159575761e-07)
(-7.0938749056609e-06 7.2576389254911e-07 2.3750557168918e-07)
(-7.0554582452249e-06 -7.2206649820609e-07 2.3476901207836e-07)
(-5.78516542459e-06 0.00010291260380479 -1.4510652028912e-06)
(3.8067496555331e-05 7.3215034344933e-06 9.5049655464593e-07)
(4.4181850824619e-06 -4.4112143947832e-05 -7.2794026586979e-07)
(6.3950171830388e-05 -0.0002294011527386 -4.6487599204629e-06)
(-0.00029301525554772 -0.00030289121111757 6.0954071480691e-06)
(-1.278580493295e-05 -4.0101014385761e-06 4.9763426689222e-07)
(-3.6017044061809e-07 6.0863057808936e-07 -2.0042203100329e-07)
(-3.5717638617146e-05 2.4757833652822e-05 4.9003811672548e-08)
(2.1256756901109e-05 4.6170932241951e-05 -6.6003358859448e-07)
(7.0810208766567e-06 2.7055824444941e-05 -1.4206914077991e-07)
(0.0002212021970366 -0.0003107690048228 -5.2810711536765e-06)
(-3.537794947955e-05 3.5081874111516e-05 -2.4731042590817e-07)
(1.1454813537009e-05 1.6405356230295e-05 -1.4848494451387e-07)
(-0.0001226022747605 -4.9533439989513e-05 2.8138491533386e-06)
(-3.2060120240817e-05 3.1582909031028e-05 -4.556141963045e-08)
(-0.00012956322795386 -5.5266831314659e-05 -6.4406584057463e-08)
(0.00010577080589362 0.00022951744767014 2.3929165882157e-06)
(4.2102610302038e-05 0.00042362783443653 -3.8287970022194e-06)
(-2.6300844856207e-05 2.5765620108759e-05 -3.3925549783222e-08)
(-8.3848775388108e-05 0.0004175127645146 -1.2385201177588e-06)
(0.00022672284636187 0.00015806953022127 2.7735129966436e-06)
(0.00019140571413729 5.0980794309153e-05 1.624750676742e-06)
(0.00034165657034385 0.00015851863211953 -5.5090064312953e-06)
(0.00042422886059511 -0.00029392405384254 -1.8001862863825e-06)
(0.00046575494397872 0.00021613211232452 3.0369828366178e-06)
(-1.3437500331636e-05 -6.1619135446527e-06 -1.0479983213726e-07)
(6.3893509633137e-06 4.2554019830555e-06 7.6102533077263e-09)
(6.4697674314693e-07 -1.1227475314246e-06 2.2115623801091e-07)
(7.3690520655791e-06 3.3686148613479e-06 9.8964482279014e-08)
(-8.6055081543527e-07 7.3770605024856e-07 -1.64102062619e-08)
(-1.1002778582104e-05 -0.00013908540926418 1.5222592007092e-06)
(-0.00041782599859384 0.00020619963857988 -4.4341182647656e-06)
(7.4561207055866e-07 -2.8695578351189e-07 -2.7531824286646e-07)
(8.636535645079e-07 -2.9602599418174e-07 -4.5234845421171e-08)
(0.00022077465705841 -5.8943780917889e-05 -3.7541742825101e-06)
(0.00032214515014799 0.0003228373920323 -5.1301022563364e-06)
(-4.1727651428098e-06 -8.4465592166824e-06 -2.343748936613e-07)
(0.00011914457904869 0.00025866130358288 2.9285274770509e-06)
(7.1519790521647e-07 -9.2438224462486e-07 5.2007279088746e-08)
(0.00024846102592181 6.5868965951899e-05 2.2998973652982e-06)
(0.00033345922066683 0.00015447995489366 4.523849224413e-06)
(-3.8250569954141e-05 -0.00051801501383523 3.5310931567188e-06)
(-0.00044001818228414 0.0002181190128236 4.4816816064851e-06)
(-2.2273118721196e-05 0.00042176188099412 3.5290020328734e-06)
(1.2463143964072e-06 -1.3202317409081e-06 -2.9733924310267e-08)
(0.00020008436469244 0.00028758194545736 4.6291684409418e-06)
(7.7054995509832e-06 4.3157867269889e-06 -1.1096124738152e-07)
(0.00011715976489084 -0.00042004827380093 5.3428186407187e-06)
(3.6477936945449e-05 -0.00036847830561667 4.5774944391807e-06)
(6.5082121926742e-06 -1.8571869864463e-06 6.4197804614468e-08)
(3.010010870985e-05 -0.00030529543055979 3.3992147257472e-06)
(-7.5763260557162e-07 1.3825079066312e-05 -2.9637066823088e-07)
(-3.7564082986056e-07 2.1171100518358e-07 -6.7263541351931e-08)
(0.00030566783150581 -2.6646247719557e-05 3.4553397156186e-06)
(3.0392210075831e-05 -8.0323834202874e-06 1.7793122053484e-07)
(7.7078165319615e-05 0.00028724917024661 3.6731709582048e-06)
(2.1003720964415e-05 -0.00021323574947757 1.9009500084094e-06)
(0.00021145269236757 -0.00014641199385375 2.3121651844145e-06)
(1.656383073555e-05 -0.00016841475900124 1.4716349157217e-06)
(-1.7755932663459e-06 1.1598624394785e-05 -2.7392894341082e-07)
(0.00014882669812775 -0.00020892858178836 2.337474192775e-06)
(-4.6311819428581e-06 8.5464989902889e-05 7.6878162123173e-07)
(-2.5072386098739e-06 5.106805594186e-06 -1.3941326713001e-07)
(0.00015170626838302 -0.00010506817802138 1.5553404355769e-06)
(9.9632319471403e-05 6.9546872735643e-05 1.1285388523932e-06)
(5.7409275950445e-05 1.528805790901e-05 3.9858040178714e-07)
(7.0173100916292e-05 3.2486557576743e-05 4.7044805637688e-07)
(-0.00033783837677493 0.00034198680406495 1.5242056600569e-06)
(-2.4021005871103e-05 6.5903443619214e-05 5.5603766017232e-07)
(0.00034133900796587 -9.1133414024308e-05 -6.1881474870535e-06)
(0.00038231768582617 3.3083199132197e-05 -5.6390152492363e-06)
(3.260341115285e-05 -2.2295869389875e-05 1.0762695310198e-07)
(3.7222207736882e-05 -3.2896020453331e-06 1.6072628640462e-07)
(-0.00010852858017492 -3.7722378625185e-05 4.1693965279707e-06)
(-0.00039822860515447 0.00028989084135356 -1.9258038395579e-06)
(3.1235099026095e-05 8.2845627568066e-06 2.6143178437141e-07)
(3.9207178790683e-05 2.7306459227706e-05 2.2324430684633e-07)
(-4.116814046307e-05 1.9025569573637e-05 1.0331124641742e-07)
(1.5197798848287e-05 -1.9613497899239e-05 2.0053395173261e-07)
(5.3548004232049e-06 6.5739616309912e-06 2.0476007313122e-08)
(0.00010552051094353 9.0926399226594e-06 8.8268561244815e-07)
(-1.9286536081886e-05 -1.3673207669518e-05 -1.1418580437069e-08)
(-4.5499629349216e-06 -3.918100231134e-06 -1.5130234820454e-07)
(-3.7082670938772e-05 -9.7947618854507e-06 -7.8125315081083e-08)
(1.8807096758846e-06 -7.4839101853135e-06 -1.7625485041968e-07)
(0.00046954497575846 -0.0002173781212567 -1.780413874991e-06)
(0.00048216648294846 -4.1741231527877e-05 4.8497974584222e-06)
(0.00050344660549995 -4.3122265083919e-05 4.6722637585667e-06)
(-4.691283281533e-06 9.6577973953652e-06 3.6083769831322e-07)
(0.00016433619886709 0.00016443608977878 2.0770610773488e-06)
(-6.341921322201e-06 1.6492755416442e-05 5.622892804924e-07)
(9.8221600629606e-06 -4.5341586976878e-06 7.0164531065139e-08)
(-1.1480193240358e-05 3.5769169740061e-06 -3.1159887326099e-07)
(6.2936280672308e-06 5.1127469658667e-06 2.629706869505e-07)
(7.3408608547358e-06 1.6047500277456e-05 -1.0790877840639e-07)
(0.00016772636852637 -0.00023569264198516 3.2031341413971e-06)
(3.5160199697433e-06 -7.2882836440804e-06 -1.7535204936866e-07)
(-1.1542123221781e-05 -1.4724696721236e-05 -3.9456731350151e-07)
(0.00017597730633253 -0.00024769442075487 3.8054984088349e-06)
(3.8854028675544e-06 3.1550362855559e-06 -1.2472676571045e-07)
(-5.4847079560525e-06 -1.7208830206309e-06 -1.2902377218921e-07)
(6.6461857697689e-06 6.1714830455333e-06 2.8721121135322e-08)
(-7.5734869046685e-06 -1.1999493398613e-05 -2.9127777747217e-07)
(4.0492894079163e-05 -3.8381983706819e-06 -4.7884159089905e-07)
(1.3972533002233e-05 -9.5026436841693e-07 8.5152373273061e-08)
(-0.00046224929255284 0.00022921173755245 3.3858060506377e-06)
(-0.00046421252115405 -0.00022150663279437 -4.4905378450804e-06)
(-0.00035714948108074 3.6811094031537e-05 5.0972436573659e-06)
(-0.00047531490839011 0.00013767003539974 -3.8201475045354e-06)
(-0.00052193544795817 0.00015134227104328 1.185214828533e-06)
(-0.00020063817880628 0.00038700087360458 1.1572911436441e-06)
(-0.000119396825625 0.00033939359263396 -3.9682255458552e-06)
(-0.00018953972598393 0.0002627046432195 -5.0023148552109e-06)
(-0.00047531906393032 -0.00012803979632894 -4.9023515158953e-06)
(-7.2586191501621e-06 2.0653399235284e-05 -3.6748152513647e-07)
(1.0365953394873e-05 -9.9874900513344e-06 2.175801989665e-08)
(1.3786648122118e-05 -2.18462273372e-05 3.6407047870921e-07)
(2.4784552855632e-05 -1.802250101706e-05 -7.5090435995273e-07)
(-1.7294203381833e-05 -3.7680764166955e-05 -3.2211054683124e-08)
(3.6730573933288e-05 -7.7916705302693e-06 -1.0650873160402e-06)
(6.2586727616124e-06 -3.0992641515093e-05 -1.4718409314814e-07)
(1.2441780406286e-05 -2.0095803491558e-05 -6.2561518216843e-07)
(1.260802162222e-05 -3.3106211230569e-05 2.2649510973031e-07)
(-6.927179791535e-07 5.1142316395613e-07 -2.1209251437666e-07)
(1.2284746321043e-05 -3.9210471253145e-06 4.2507923525154e-07)
(-2.1421727843584e-07 1.1209600502032e-06 -1.3114040720998e-07)
(-1.7395494869844e-05 -3.802255307494e-05 3.3089615567929e-08)
(0.00027436069381971 0.00039514441679233 -4.4854547391708e-06)
(1.0506357102189e-07 -3.2728225307479e-07 -1.8863361753171e-07)
(6.0338034921486e-06 -1.2080757129899e-05 2.5084900974762e-07)
(6.529101096678e-06 1.6723526151545e-05 -3.3145130444244e-07)
(-6.8394164980934e-07 9.2967276685437e-07 1.552564491515e-07)
(-0.00010678062343231 -0.00010441694528761 2.1383158116744e-06)
(-6.7019076637454e-05 2.0276113761433e-05 -8.9220794173242e-07)
(-0.00013538768806728 -3.0142111745113e-05 2.8141168528202e-06)
(1.9358409250214e-05 0.00019342991240714 1.7168473097265e-06)
(-7.1242243077821e-05 0.00013681471508192 1.2185687613466e-06)
(2.0248146969956e-05 -4.1088432957119e-05 -2.852227836565e-10)
(-4.2404846569419e-05 5.6239684951407e-05 2.3766880061892e-06)
(-4.2789416861411e-05 -1.8597386035571e-05 1.5693879729914e-06)
(-3.5646803298561e-05 1.5353169509961e-05 -8.8852952215123e-07)
(-3.6988756292054e-06 3.9315015118414e-05 -2.0001561338562e-07)
(-7.3639553742598e-05 7.3498563646548e-06 3.0854260783429e-06)
(0.00021681846459549 -0.00045330466060927 4.1560314225074e-06)
(-0.0001747235311361 0.00024185783639311 3.723582176089e-06)
(-0.00032445863199775 -0.0001545231252283 4.1772243660898e-06)
(-0.00029035202589979 0.00014419260630273 3.6563727863442e-06)
(2.043697207974e-05 -5.3791907810267e-06 1.4556537029241e-07)
(4.7065741779154e-05 -2.1717599169734e-05 4.2201109705075e-07)
(0.00012373723216993 0.0004623705544165 4.7676968987294e-06)
(1.9133399129025e-05 2.7612448090575e-05 1.4068792459196e-07)
(-8.3552029347808e-06 -1.8791174737659e-05 -7.53813465108e-08)
(-6.5509119970387e-06 2.7423322426011e-05 -3.6802142227128e-07)
(-6.2314146129424e-06 -1.6122843445123e-05 5.0824636705492e-07)
(-1.1491680425225e-06 7.7250873671511e-06 -1.8372872176529e-07)
(6.1150097962619e-05 0.00022782285313712 2.1356920634068e-06)
(3.5538138585377e-07 -2.5756091447004e-05 5.984324101675e-07)
(-5.3082724795127e-08 5.349043141724e-07 -4.3622782784086e-08)
(-3.2345525238645e-05 -0.00044246743114049 -5.2894527460318e-06)
(-0.00025037496434841 -0.00036957590847244 -5.522436546471e-06)
(-0.00032779310039767 -0.00033807621726005 -4.5033521884661e-06)
(9.9055832268032e-06 2.1614268048268e-05 1.4366057672147e-07)
(-7.3950651391651e-05 -0.00029297239317645 3.5299345084804e-06)
(0.0003070272918874 -2.6512417097344e-05 -5.2795020795842e-06)
(-0.00040618782491238 0.00029632661708325 1.3109566683074e-06)
(-6.7450083967919e-06 -7.884424005576e-05 7.6493256880266e-07)
(7.9430924751436e-06 -2.1083214640303e-05 5.7118283775877e-07)
(-2.8962804841035e-06 -8.2428337888947e-08 -3.0564418246441e-07)
(-1.1608865306435e-06 3.0853066905628e-07 -2.0451995238354e-07)
(-6.1532506673584e-07 1.2651299191707e-07 3.7291400818814e-08)
(8.3253692687352e-06 1.7550151077342e-06 3.0000836410304e-07)
(-3.9347375208746e-07 -1.5572205383116e-05 3.9698234773201e-07)
(4.1048604938952e-05 0.00015388888987549 -2.6043800837623e-06)
(0.00041973191473948 0.0002926968591832 -2.9992042326398e-06)
(0.00024498887065283 2.1227594762188e-05 2.134879056719e-06)
(0.00016058085713197 4.2626623805336e-05 1.6012179270097e-06)
(-6.4375145826528e-06 8.3460074162903e-06 3.3491834511437e-07)
(-3.2911443259774e-06 -3.1799975008829e-05 -8.6130042753521e-08)
(-2.3973216245912e-06 -2.2622369488383e-05 -2.7054376207427e-08)
(-4.7262030014866e-07 9.0029539215568e-07 -3.1937399959988e-08)
(-1.1008905693037e-06 4.7666166522233e-09 1.1684351843339e-07)
(4.6273114219425e-05 0.00046424219553432 2.260930565286e-06)
(4.6667269642593e-05 0.00047438791667135 1.9452751287329e-06)
(1.1294789590354e-05 0.00011278233440772 9.113137432364e-07)
(0.00014186807537239 -3.805954375293e-05 -2.5220733186947e-06)
(2.5057610957972e-05 7.5202792619687e-06 -7.5853028492501e-07)
(1.7830578992586e-05 -1.5052459803985e-05 -3.4752061714685e-07)
(-0.00010835540098087 3.1747056431636e-05 -1.5609953583495e-06)
(-2.4093184628191e-06 2.2704748813346e-06 3.7755789977973e-08)
(3.3258381461063e-07 -2.8024308186412e-07 1.9444864538696e-07)
(9.517120356802e-06 3.087554845742e-06 -5.9103224512016e-07)
(7.4370572270425e-06 -1.9998442272262e-06 1.8437922786486e-08)
(1.7088365873537e-05 0.0001746370330066 -3.5339540829974e-06)
(-2.6532212930226e-06 1.4747463409042e-06 1.1067348605319e-07)
(-5.6553550242045e-07 -1.1531054988258e-07 3.6213684982932e-08)
(3.0889473832994e-05 0.00031176310590098 4.2721383174939e-06)
(1.7540603883702e-07 -6.7937810162063e-07 4.4338052526953e-08)
(3.0450587463354e-05 -0.00010858091966173 -1.9672542663597e-06)
(-2.7623710875037e-06 4.3931590646737e-05 1.7014456373365e-07)
(0.00022169313161172 0.00010252818159138 2.1970612026786e-06)
(0.00027752885032678 7.3583805610107e-05 3.0069364446486e-06)
(1.520719400243e-07 4.5806386036812e-08 -2.6720323340524e-08)
(3.904707624968e-07 -6.6005378441855e-07 -9.6652990303714e-08)
(4.3885426685294e-06 4.4489512570385e-05 2.4617633280191e-07)
(-1.9596208552108e-07 2.2504336785537e-08 -9.9946572398658e-08)
(1.693911189775e-05 -3.4555735369296e-06 -6.0351863541205e-07)
(4.2669354987572e-06 -2.3214842853761e-06 -1.4154409913946e-07)
(1.1056560198205e-06 7.5806209957966e-07 -1.3249611154391e-08)
(5.9630741772649e-07 -3.3209065845048e-07 3.9348897240604e-08)
(-2.8203758247381e-06 -4.7087071597031e-05 5.9430626433123e-07)
(5.2930683647487e-06 1.1842216938862e-05 -4.9232167592718e-07)
(-8.539900793809e-07 3.3019594666452e-06 1.2722862762699e-07)
(1.2004876390546e-06 3.207051292388e-06 1.2948930331241e-07)
(3.1080897577756e-06 6.4818266077742e-06 -1.5216671569937e-07)
(-6.1511453659185e-06 -3.4164411538484e-06 2.3418151392338e-07)
(2.7219160155725e-07 6.1515476486747e-08 -1.1719994772044e-07)
(5.1334838423865e-06 1.641138858372e-06 -1.7048887624551e-07)
(2.6619859588696e-06 3.7412640137274e-05 -5.0017276763158e-07)
(-1.8846106115886e-05 3.9838073213898e-05 -3.1455107838324e-07)
(9.3306872524341e-05 2.4758613411455e-05 7.9291516019047e-07)
(7.9140385706614e-06 4.7473167259976e-06 5.5181323522598e-07)
(2.9275162020902e-05 -4.0502075996442e-05 2.3702816988948e-07)
(-3.0965192562749e-05 1.7156461105138e-05 1.2659067812374e-06)
(-3.0917103050708e-06 -3.7211449165341e-07 6.7572646424775e-08)
(-1.0546797846264e-06 -2.6421361970241e-07 -6.1055879724789e-08)
(-0.00013865965653098 0.00039436479123508 -1.0876787312453e-06)
(-0.0001382323057346 0.00039283939704322 -1.4622489003943e-06)
(4.7709613656599e-06 -6.2752227823515e-06 -1.759489520405e-07)
(1.5623688655918e-05 -3.0409017139149e-05 -2.187417753013e-07)
(9.1719623062768e-06 -2.4060118699445e-06 3.4899637754581e-08)
(2.0237034761232e-05 -2.7027166734082e-05 4.3444186339895e-07)
(1.8719487380509e-05 -8.5663313264133e-06 1.4209452499196e-07)
(4.0656908440162e-05 -1.0810336113179e-05 -4.3652745676417e-07)
(1.9215266920472e-05 4.1562330582638e-05 2.0371663467314e-07)
(-3.2332129648156e-05 -1.4696676565396e-05 -3.6429463349538e-07)
(0.00047436877203714 0.00021926969410702 1.8754816159119e-06)
(2.6856797615277e-05 2.5207161136913e-05 -1.3183792145297e-06)
(0.00021901135582847 0.00031491492872965 -5.8833787168728e-06)
(-0.00010394972989142 -0.00041305449464239 -6.2519488131173e-06)
(-0.00010903913681126 -0.00042938024356705 -5.3172844707443e-06)
(3.3818759114744e-05 7.4228721703643e-05 -1.2932544016529e-06)
(0.0005046995137478 0.00013464698842886 2.1156625428366e-06)
(0.00020843675615479 5.5292750228448e-05 1.9336960989793e-06)
(0.00018063741625058 -1.5740398151592e-05 1.6370852585347e-06)
(0.00019858267502818 9.2151357465583e-05 1.867878401524e-06)
(0.00018832421776082 0.00018830033437115 2.3684710779094e-06)
(0.00022304562180214 5.9183982691702e-05 2.149585969241e-06)
(1.7548034019092e-07 6.826661277802e-07 4.3785472389964e-08)
(2.3206420136929e-05 1.6260437263924e-05 1.3586884917575e-07)
(7.4385827061817e-06 2.2062557055378e-06 -8.3606709877986e-08)
(-5.4635410929197e-07 -2.3672232847283e-07 3.5772829242874e-08)
(0.0003575861977465 -0.00024786747183756 5.0516218730453e-06)
(0.00036767880391948 -0.00036358540732391 3.8506201816375e-06)
(0.00042201042009563 -0.00029235711194593 3.2273122893148e-06)
(6.654558480107e-07 1.1067396728017e-06 -8.9312613795976e-08)
(4.5065712373524e-07 1.1306680530981e-06 -7.6421040305378e-08)
(1.0875279393774e-07 8.4625504078424e-07 9.1583812572727e-08)
(-3.128554764803e-05 -1.4660923616632e-05 -4.6597637816219e-07)
(0.00042904616175991 0.00029934566291989 2.2024300233269e-06)
(0.0004694012349798 0.00021706208563594 -4.4564488543331e-07)
(0.00049119692272516 0.00013031508632786 -1.6950507817351e-06)
(0.00011344414241924 0.0001628311765134 1.8031648680043e-06)
(1.0253965212513e-05 6.9241773586644e-06 1.2199110212285e-07)
(0.00050142445721892 0.00013330353401847 3.4110693351008e-06)
(0.00044814182187586 -0.00011927699510821 5.3995392731972e-06)
(0.0003798266127299 0.00010077009168075 5.189830937081e-06)
(-9.0043472028359e-05 0.00017304057051229 1.7848696100829e-06)
(2.3261531894068e-05 4.9099803654555e-05 -3.1934420385801e-07)
(-3.8294276142869e-07 -4.0102155781964e-07 3.5895141262564e-08)
(-3.4008981569403e-05 4.102202183081e-05 -3.8578741279388e-07)
(4.9903316676323e-05 -1.3205598161015e-05 3.9675235994989e-07)
(0.00014233046234291 -0.00014063393571692 1.8294521434503e-06)
(4.7078810138366e-05 -0.00048180664688735 4.9618634851581e-06)
(-3.2905593375625e-05 2.8209381269849e-05 -8.0558155012709e-07)
(0.00015343540397879 0.00010664126915911 -3.1578731461352e-06)
(-2.1290322642838e-05 2.9194331688701e-05 -6.9274428368883e-07)
(0.00013111694503624 6.0468546742239e-05 -2.0057275300493e-06)
(0.00014939225895649 0.00032394336132591 4.724657665195e-06)
(-7.7675033148275e-06 1.4594863051357e-05 5.8730932914607e-08)
(0.000161504757265 0.00035023462754736 4.9992910755816e-06)
(-2.8998423581958e-06 5.454156789972e-06 -2.9478003239251e-07)
(-3.5852018745278e-05 4.9299948130282e-05 -5.7381946831562e-07)
(4.6413148911372e-06 1.2401514268176e-05 2.2543862641249e-07)
(-2.1229416982743e-05 4.1504593494056e-05 -6.7805543868766e-07)
(-0.00018129985984332 0.00034896898282824 4.1532544233005e-06)
(-6.6804755504448e-06 -2.8772181487938e-06 -1.7510336877723e-07)
(-0.00018762053051697 0.00035987056372184 3.7869421239964e-06)
(-0.00022300379299129 0.0003086968626882 4.9276932600282e-06)
(0.00011909643273671 -0.00011776474843265 1.7464765506781e-06)
(4.9481576859841e-05 -0.0004942467716886 -2.5889580926898e-06)
(0.0004366096332751 -0.00020226398068979 4.8335965718636e-06)
(-2.6104026764714e-05 -2.5935931983851e-05 -1.7363382927709e-07)
(-7.4491963884859e-06 -2.8934828519265e-05 -4.9008783094076e-07)
(-3.6830168717276e-05 7.0065840349634e-05 1.0253171516214e-06)
(-1.0204698663122e-05 -0.00012510556319603 9.402919798757e-07)
(0.00018124436657109 0.00012610561485696 1.8658823778458e-06)
(-0.00010335876660468 -0.0001065239417731 -2.710669844154e-06)
(-3.0981886513392e-05 3.0515432125983e-05 -5.5378170704821e-07)
(-1.3903786997367e-06 -1.8558772097937e-07 -3.0965983651987e-07)
(4.7516498151846e-07 -2.0485330342143e-06 -1.6119573028707e-07)
(-2.3507457514288e-05 2.0030292236484e-05 -7.1447177385134e-07)
(-8.3165745211156e-06 3.5726286527767e-06 2.8802265842069e-07)
(-9.8683310961477e-06 3.1135291964427e-06 3.9088506762398e-07)
(3.8567171069579e-06 -1.1521872733864e-05 -5.2162506981162e-08)
(7.7678090754186e-06 -1.134918482871e-05 -3.5681235531058e-08)
(0.00027170399604977 -0.00038286446585641 -4.8801250914876e-06)
(-0.00034536560717315 -0.00035723853100653 -3.9599490322541e-06)
(-2.4013426150458e-06 -1.7500430484747e-06 2.3751358191349e-07)
(-2.0359435498632e-06 -4.3577050962612e-07 -1.0491034099187e-07)
(8.1362000069044e-05 -0.00029195879294346 3.3722326427848e-06)
(-0.00033863005577555 0.00034412210191701 2.4008006836942e-07)
(-2.0404273878868e-05 -0.00027019785986337 2.6586790644224e-06)
(1.9020927975835e-06 -1.1497954344839e-05 -1.3957569636132e-07)
(-8.931056103067e-06 -4.9714140186556e-06 3.4532960174023e-07)
(1.0921757225186e-06 1.8935752984194e-07 -8.5575282883808e-08)
(-0.00026235994338381 0.0003628972277437 -3.3065750342013e-07)
(-2.8122613816483e-06 2.226618189683e-08 -2.0300518119021e-07)
(8.6236435537825e-06 -5.9545780313494e-06 1.7283233192841e-08)
(4.6543222682242e-06 -1.0635696824236e-05 -1.9289964276346e-07)
(1.1468938116985e-05 2.4941458004757e-05 2.0460402986193e-07)
(1.4740684369405e-05 3.1958883514781e-05 1.8194388362162e-07)
(1.1121751992697e-05 4.1151868885757e-05 2.5810455222361e-07)
(-0.00044140050213386 -0.00021069339381446 5.3591563272792e-06)
(6.2139377478744e-05 -0.00022246336567431 2.0753690175794e-06)
(-7.3544991718063e-05 -0.00016077588874576 1.9804466394842e-06)
(-8.2900570295825e-05 -0.0001833871828008 2.0267654819781e-06)
(9.3722788993694e-06 -9.8561548463087e-05 8.3562264178653e-07)
(-6.1241391187472e-06 -1.2294345032186e-05 4.6091316449144e-07)
(-2.3604961452404e-05 -1.6376369573668e-05 1.0168648439334e-06)
(-1.4106692863453e-07 -1.5171567281664e-05 3.8261640538762e-07)
(-2.7314335356852e-06 1.5874004976715e-05 -3.4500018042664e-07)
(9.68657728884e-06 -2.0886348274493e-05 2.4474958234904e-07)
(-0.00014007007113241 0.00014269743630399 2.0894579300971e-06)
(-5.4522774124506e-05 0.00015470332675987 1.3894646720308e-06)
(-0.00014653348917694 0.0001493854831909 1.8704592379642e-06)
(-2.3013716612911e-05 0.00043260754630073 -2.7853748851386e-06)
(6.1495709970791e-05 8.8208225547947e-05 9.0228607606628e-07)
(-0.00029104079454752 0.00029485669226352 5.0537274596576e-06)
(-1.041560551087e-05 0.0001970588398924 1.9515279429433e-06)
(6.9083115304027e-05 9.9331686461549e-05 1.1248630350064e-06)
(-0.00018013133383857 -0.00018551390787084 2.4165462113818e-06)
(1.6907226543762e-05 2.7563715940164e-05 7.4864071584152e-07)
(-1.0869759327951e-07 1.4405401096973e-07 -2.7771848649219e-07)
(1.3003567259376e-05 -6.3795368701473e-06 1.2289520936279e-07)
(5.9315824819461e-05 -0.00012447165698724 1.2044612936398e-06)
(1.7961789806704e-05 -0.00018369271674293 1.6401812387698e-06)
(-1.3907911034047e-05 -0.00018378948380797 1.5342008764983e-06)
(1.3373427841398e-05 -1.032977593442e-05 -1.3363116669298e-07)
(1.2699470411042e-05 -9.7100191522847e-06 4.9790487300959e-07)
(1.582197718723e-05 -1.5608407702577e-05 3.4885132382869e-07)
(2.3379472078969e-07 -1.0568068021115e-07 1.0549886873193e-07)
(-0.0003557569239729 -9.542984669705e-05 -6.0614292400174e-06)
(3.6855568684107e-05 -7.528871095502e-06 6.7606409520826e-07)
(-7.9265036381587e-05 -0.00031297113403323 3.8139386354621e-06)
(-2.9179380331728e-05 -0.00038786393767572 5.4583734705203e-06)
(-9.526285846888e-05 0.00013207773689845 -2.6534460488632e-06)
(-0.00041060447469147 0.00029909012211318 -1.0921092592566e-06)
(-2.3642813179236e-06 9.2975557628403e-06 -2.2292314036355e-07)
(-9.6973489830648e-05 -1.6962072963499e-05 -1.5811560838947e-06)
(-3.2958552919938e-06 1.1988503512139e-05 -9.0095708474451e-09)
(8.8341056839288e-07 1.5400108778244e-05 1.5592374702506e-07)
(1.1378651841942e-08 6.9654334659366e-08 -6.0029427572056e-08)
(-6.9303096181995e-06 2.6065126859286e-05 1.9684261572212e-07)
(-3.5970708616477e-08 1.7521329288575e-07 4.0168985416205e-08)
(8.9851920188033e-06 -2.5679023331066e-05 -2.8031630513508e-09)
(-0.0002254804840009 0.0001649488116008 3.1560793583399e-06)
(-1.4628103749793e-05 2.9856415253611e-05 -9.9157749461858e-07)
(-1.3492477981508e-05 2.7942217339215e-06 -3.1514971302011e-07)
(-0.00020100838548898 5.9102309103765e-05 2.1898444420747e-06)
(-0.00022702364285846 6.606286818043e-05 1.7584747720604e-06)
(-0.00045982888692288 -3.7079975206935e-05 -5.4208577490476e-06)
(-6.1118292629676e-08 -1.2019746344048e-05 -1.7629367317423e-07)
(-0.00049239081774591 -3.9274051048904e-05 -5.4699047917765e-06)
(-8.5403899203336e-06 -3.8218563758019e-05 2.0918297710526e-07)
(-8.8688491314874e-06 -3.4123748702321e-05 1.5955834127128e-06)
(-1.2737745693914e-06 -2.2018656729025e-05 2.1019771653185e-07)
(1.0970233904403e-05 -1.5659481573129e-05 5.7155634285183e-08)
(-0.00012689861785587 0.00036005796715733 4.2467982024643e-06)
(-4.0721756810427e-05 0.00020282101914324 2.0088533074874e-06)
(3.8428454128803e-05 2.5388413868553e-05 1.2500861489192e-06)
(1.4887135726382e-05 -0.00015263625963389 1.4346985838985e-06)
(3.8439618051529e-05 -0.00038703022839289 -6.1716868348941e-06)
(6.6901583670009e-06 2.5631471200606e-05 1.9713453759167e-07)
(-8.0956160273511e-05 0.00015559652771946 -3.4909093657808e-06)
(-0.00033231845003497 0.00024217502899769 5.1494984936024e-06)
(-0.00014037032770399 0.00026983839623477 -4.8349983907913e-06)
(-0.00020511284672676 -0.0003036319313775 4.7846557579317e-06)
(-2.6150936423772e-05 1.1138875879867e-05 9.5717607948158e-07)
(-0.00024253680753621 -0.00025060414767406 -5.9985790217351e-06)
(2.3306311218479e-05 -1.7391243343246e-05 3.6200927006921e-07)
(1.0061028818477e-05 -1.9784465946049e-05 -2.0427553475787e-07)
(0.00014878535231708 0.00021361341401903 2.4988894759444e-06)
(-6.2346123710081e-05 -5.7112685396766e-05 -8.9881612798993e-07)
(-7.7912385940853e-05 -0.00010913733034726 1.7291162566992e-06)
(-0.00041009088418012 0.00029810842416846 8.2497356137855e-07)
(-0.00052335911864583 0.00015261789322113 -2.5088069715891e-07)
(-0.00011661321142778 -9.9105226073987e-06 -1.4270511257438e-06)
(-0.00039299193974462 -0.00010520724971378 -6.6249565882015e-06)
(-1.084204490533e-05 -1.5956115055255e-05 -1.1132139305869e-07)
(-0.00033404830832687 0.0003382880640313 -1.1694628660475e-06)
(-0.00013442736465451 -0.00013623950210275 1.118457968555e-06)
(-0.00010062160910631 7.5204028064948e-05 7.934759884917e-07)
(-0.00047535498675176 0.00023479557281605 2.3137995885458e-06)
(-0.00017840932282484 8.926866542375e-05 1.1820676413734e-06)
(-4.8609070566907e-05 0.00013792338244828 1.4735229909389e-06)
(-3.171712910217e-06 -1.2632381426186e-05 -3.1463471573652e-07)
(-0.00055410882537427 -4.3661969927691e-05 9.9836373748058e-07)
(-0.00040548006792576 -0.00029230467338305 4.9189021368314e-06)
(-8.8729686837475e-07 -1.0291703624208e-06 1.2787702210658e-07)
(-9.2390321166799e-05 0.00012835381950882 1.30981107631e-06)
(-0.00023232523074228 0.0001161800490108 2.4671668415135e-06)
(-0.00026504624806309 2.660048191008e-05 1.7934135227296e-06)
(-0.00027782446117117 2.8592892142775e-05 3.3175488055193e-06)
(-0.00028659422517857 2.6517782540898e-05 5.4496222717359e-06)
(-0.0001467270545818 -3.5193929695292e-05 -1.8866253488426e-07)
(-0.00016131326004968 -0.00016563597486488 2.1248765045884e-06)
(-8.9827109457752e-05 2.7598927470836e-05 1.6403045787935e-06)
(7.1167226171122e-07 7.8395725350086e-07 -2.3284657702036e-07)
(-2.126329342767e-06 4.1612715632881e-06 2.594952352747e-09)
(5.4839407580041e-07 1.0647111285563e-07 1.0922891586788e-08)
(-9.7667303316346e-08 -2.5813909674277e-06 -3.3031237550383e-07)
(4.5777257301126e-07 -1.9382696423505e-07 9.0454037100122e-08)
(1.4447666256018e-06 -6.8017446149644e-07 2.3101675291301e-07)
(-4.3849392551829e-05 3.9573135596871e-06 -4.8710803613653e-07)
(-1.1182442785829e-05 -9.8897638604694e-07 -1.9054760819833e-07)
(1.2399707813813e-07 8.8607557292492e-09 -1.5871308877146e-07)
(-2.7595084922873e-05 1.256438432983e-05 -1.7143892296725e-07)
(0.0002808523555432 -0.00039458451041042 4.7593139409099e-06)
(-4.1019737993446e-06 -1.7100549571546e-07 -5.5308841954e-09)
(1.0565556031993e-05 6.999676886081e-06 -2.2389593105744e-07)
(0.00010986514179045 9.8386582618878e-06 -1.6027404528614e-06)
(0.00049737818641083 -0.00013189485830532 -1.0401721581977e-06)
(0.00012073162470823 0.00044926745673704 4.5603671764711e-06)
(0.00013601093568326 0.00029603296801613 -5.5559040376518e-06)
(-1.9560991688067e-05 -9.1338581769636e-06 -1.1536676767396e-07)
(0.00031260929914656 -0.00030926840323702 -4.7433494777057e-06)
(0.0003445326775742 -2.9955688836319e-05 4.3927431686317e-06)
(0.00050653328436111 0.00013511803637684 -5.7165615255824e-07)
(0.0003907816164052 -3.4033635990316e-05 5.0494527177676e-06)
(0.0003105665251437 -8.2300458953803e-05 3.9968153025009e-06)
(-0.00010376358584826 0.00010606288777873 1.3369728205353e-06)
(1.6452821283734e-06 1.0191884463156e-05 -2.2413047250999e-07)
(9.9504104944124e-05 -0.0002086262992101 2.0579558651794e-06)
(0.00025652084470124 0.00017854399374162 3.4072959804421e-06)
(-0.00013178166349746 -9.0548494101443e-05 2.8389029837452e-06)
(0.00014948832379499 0.00010422332468233 1.6059823830137e-06)
(0.00023298457617044 1.9856699445488e-05 -4.3388969249267e-06)
(-3.0839982644731e-05 -4.8641135443146e-05 1.4363707810234e-06)
(3.5070256112509e-05 2.4474998868455e-05 3.4047143196557e-07)
(2.5978404592728e-06 7.0032014343423e-06 2.3863775022056e-07)
(2.9100265191633e-07 1.8891512240213e-06 -3.3149003920671e-08)
(-4.1528067541972e-06 8.5228792953763e-06 -2.3282301580866e-07)
(-1.0405342923271e-05 -2.1390724187153e-06 -2.6849667361729e-07)
(9.6565362422664e-05 0.00020891824768941 1.8669929535085e-06)
(-2.4041983105868e-05 0.00044758077115076 1.9553203096009e-06)
(-0.00025491481285627 0.00018603137119964 3.7929104209816e-06)
(0.00018475645864074 0.00026510851782239 -5.4990762081484e-06)
(-0.00048889431610227 4.985536937958e-05 -5.5498760923379e-06)
(1.780683147857e-06 -2.8653530994331e-06 1.2693097808558e-07)
(1.5202681303964e-05 -2.8652971968401e-05 -4.2700082828387e-07)
(-5.1067787887546e-06 2.1866951776502e-06 2.0202716044309e-07)
(5.1508883797964e-06 -2.0332958796505e-06 -2.6740166557913e-07)
(-1.2949078146552e-05 0.00024667694284488 2.6916019414835e-06)
(-0.00015027720277081 -0.00015381608491321 1.3656189999453e-06)
(0.00017663098445421 0.0001767005759892 2.2493980504303e-06)
(5.1355366881424e-07 4.3739125336194e-07 4.1356447434729e-08)
(2.6981104204241e-06 2.7803909128567e-06 1.2647333413938e-07)
(-0.00051878575257059 5.2927636690244e-05 4.2688034511986e-06)
(3.518628344292e-05 -9.4636136027378e-07 1.0917870112828e-06)
(-2.7035486208269e-07 -3.3707412658879e-07 1.0522827865848e-07)
(-1.6882826470643e-05 7.1654727721425e-06 6.0706215486352e-07)
(1.7510271386401e-05 3.7825099409139e-05 1.8666326578602e-07)
(-4.7568074692388e-07 9.940782572717e-06 -2.2550324204059e-07)
(-6.1471165378118e-06 9.8446490167319e-06 4.3056137859165e-07)
(1.3505014115694e-05 1.9571824346956e-05 1.3750565867462e-07)
(-1.7801393479115e-05 9.7894927672533e-06 -5.2632312678848e-07)
(-4.7021978940862e-05 -7.192882415326e-08 1.6325848863549e-06)
(-5.816965632136e-05 -7.5403688621969e-05 2.6667777475467e-06)
(-2.9410302809963e-07 1.5798424697385e-07 -1.8084823806376e-08)
(-3.4786366021448e-06 -1.0919542278489e-06 1.2592829405323e-07)
(-6.0290065070636e-06 5.7075933850121e-07 -1.6559218033728e-07)
(0.00014337741537132 1.2107591714543e-05 -2.1706899032878e-06)
(5.4339438798399e-05 -3.7784111807863e-05 -8.7845085130511e-07)
(4.5898071631549e-05 -3.9470529936473e-06 3.3536206979257e-07)
(1.2263852382577e-05 1.7877565349923e-05 2.5517615445167e-08)
(-1.9582240095277e-06 -2.9584745158508e-06 2.2799173290748e-07)
(-3.602681067676e-07 3.7302915172503e-07 8.9874278113141e-08)
(-0.00010173332728735 -0.00014712400832233 9.5122222881061e-07)
(-0.00019706069178277 -0.00014205027595687 -4.675902712579e-06)
(-0.00022338554201264 -0.00010627599432029 -4.9797214463757e-06)
(-0.00021418768411874 -0.00022084095635578 3.4320084521773e-06)
(-0.00027607318746759 -0.00040756578442865 -3.9577968773474e-06)
(0.00036059917125713 0.00016689964472971 4.9657098458659e-06)
(0.00036971304157704 0.00025716790604816 -4.9413129664064e-06)
(-0.00054464955420491 5.6084910115388e-05 2.5944679236182e-06)
(-0.00011421941503962 -0.0001132828359178 7.4519423063684e-07)
(6.3216422833518e-07 2.4774548346952e-07 -5.7960637730383e-08)
(8.2148122536148e-07 7.6362042881389e-07 -9.5986160811562e-08)
(0.00010519542122248 -9.5121484637063e-06 -1.4708238860776e-06)
(-0.00016170081731615 -0.00023874203457757 3.1220742119858e-06)
(-9.6160020778442e-06 -1.5195673271132e-05 5.5046042854254e-07)
(2.1888135043114e-05 0.00022050326422773 1.9969126667613e-06)
(6.6003999928419e-05 0.00024654751621932 2.3174989537311e-06)
(0.00021461825004348 0.00046501257107467 3.2834990974526e-06)
(8.0882896787708e-05 0.00017543127849339 1.7300363429745e-06)
(1.8332595150724e-07 6.1591235141344e-07 -1.4552355205141e-07)
(3.8042172445641e-07 1.4811446775907e-06 5.2131265458104e-08)
(0.0002229056816149 0.00048299291935152 1.6570675688221e-06)
(-1.2598018664601e-05 1.776067596323e-05 -1.8098599682482e-07)
(-2.578960400071e-06 2.8426219663362e-05 -3.6132952572776e-07)
(-1.4731653279802e-05 3.1348028063261e-05 8.3477758100273e-08)
(-1.4902967128478e-05 3.1308173248933e-05 -3.3013597029449e-07)
(0.00029889898099425 -0.0002949207315519 -5.7628901100302e-06)
(4.8843511018413e-05 -0.00017581683545035 1.7072839793347e-06)
(0.00013345208050371 -0.00047959822375564 -2.6451783037852e-06)
(0.00013765397034505 -0.00049220557950128 -1.8115497285701e-06)
(0.0001295660051455 -0.00018243283155022 -3.8582498693678e-06)
(4.1274529995067e-05 -0.00041446392599711 5.3569257384628e-06)
(0.00013556107349663 0.00029329826962695 3.6629404850718e-06)
(0.00011200371359556 -0.00040267093575014 5.2204129149629e-06)
(4.7345541632725e-06 -9.0753511157101e-06 1.6781237206529e-07)
(0.00018789816643855 -0.0002641633485269 3.7042504045674e-06)
(9.368760595918e-05 -0.00033557051790288 4.1616990023962e-06)
(0.00034214990352384 2.9521844481711e-05 4.2219908531922e-06)
(-0.00015636518019937 0.00011551183418691 1.641061813294e-06)
(-0.00014262906362792 0.00019828456874289 2.5348556946593e-06)
(1.1250798381001e-05 9.2996667028156e-07 7.2031098203451e-08)
(4.0372057694967e-05 3.8714653869524e-06 -3.8644225933706e-07)
(3.4826516074246e-07 -1.3056001341568e-07 -8.2207729837911e-08)
(-7.9949078720779e-08 7.2130694230072e-08 -4.3408391937291e-08)
(-0.00018255863911458 0.00025282945468917 4.1338468778744e-06)
(3.1582619442087e-05 -1.2457011242013e-05 -1.063116801698e-06)
(-0.00027606381145408 0.00013737887366601 4.0550168534312e-06)
(2.5261014476374e-06 2.8149474549785e-05 9.3972790114492e-07)
(0.00035763047535143 -0.00035306043892148 -3.138496225415e-06)
(0.00034268709487997 -0.0002376013049936 5.4135900488187e-06)
(5.0351135439539e-06 -3.3629121024358e-06 -1.685638823504e-08)
(8.5004818356199e-06 -8.7360051911796e-06 1.6774516526776e-07)
(0.00012366606803823 -5.729525418142e-05 1.2946357540333e-06)
(0.00022796500655426 -1.9456208812955e-05 -4.0022425210007e-06)
(0.00036808868508489 -9.7664535816175e-05 -5.6579252298516e-06)
(0.00034176103368107 9.1142898879635e-05 -5.9986029344443e-06)
(-9.4761024708317e-06 2.4349466779732e-06 -2.0090798660237e-07)
(-3.8503841700744e-07 8.6150395288051e-08 -2.6324826231345e-07)
(2.6276308376257e-05 -1.6706050801112e-05 -1.1442437072388e-06)
(-3.3883798570515e-06 3.4022693449355e-07 1.2565436779122e-07)
(3.1642497933535e-08 6.4173109531309e-07 3.9098349728243e-08)
(0.00044848806167722 -3.8760615610435e-05 -5.8647931820884e-06)
(2.7633344066016e-05 -1.4427507059011e-05 8.6163402714842e-07)
(-2.1850522704445e-07 6.7522486247982e-07 -1.704994219529e-07)
(-7.1006209543346e-06 -3.0171366532499e-06 1.7739449156961e-07)
(3.702905880827e-07 1.4463044878606e-07 2.305754849462e-08)
(2.9196325356664e-07 1.2715644743102e-06 -1.650383851702e-07)
(1.6227197628053e-07 1.1292414441541e-06 -1.0852627252076e-07)
(1.0932731689806e-06 -7.1877653785296e-06 2.454881859148e-07)
(-5.9073791808249e-07 -2.7966443013397e-07 2.9664646519082e-08)
(-2.8115717722836e-06 -1.1559596144043e-06 -1.456580255652e-07)
(-4.2820086244833e-07 -3.0174427299174e-06 6.5289674048013e-09)
(-1.8665262891822e-06 -2.2694126501507e-06 -3.3004740403526e-08)
(1.0404070394686e-06 -5.6777635055496e-07 -3.5350109450071e-08)
(1.7808019605045e-07 -1.2288652210685e-07 -1.1793718904863e-07)
(1.8185530736415e-07 -4.5301725530199e-07 -8.7537668052946e-08)
(3.4343504649791e-07 4.9936312985838e-09 -3.8982381593701e-08)
(-1.6099299964714e-05 2.2903871302456e-05 -2.1629994960823e-07)
(0.0002962661714431 -7.8939129193668e-05 -4.9932741568976e-06)
(0.00027305367470824 -2.3812722684252e-05 -4.9848721322672e-06)
(-0.00017074863399529 0.00032926016977785 -4.2062743624795e-06)
(0.00022113207802946 -0.0002183996836921 -5.0327925431179e-06)
(0.00026948537449987 2.2990063119629e-05 -4.4776346907461e-06)
(-1.0979911678949e-05 2.2916987174268e-05 -2.5475792134319e-07)
(3.3272598683236e-07 4.9069201648012e-07 -2.103836948614e-08)
(3.0608917474692e-08 1.1550586533403e-06 -1.9252831890464e-08)
(-8.25728576475e-06 4.553992144556e-06 -2.3809888093622e-07)
(-3.5939414360692e-05 -9.5391316989501e-06 -2.4828479639163e-07)
(-8.0877349108543e-06 8.4769656730995e-06 3.8387069151173e-07)
(-2.2649320968927e-06 8.4666400601075e-06 -5.1213917482544e-08)
(-4.8259483960932e-07 1.1057447441044e-06 -1.499149140936e-08)
(-4.6711428205801e-05 -4.1164923972248e-06 6.4674376329346e-08)
(3.3004196142486e-05 2.1186690171833e-05 8.2005278046143e-07)
(-9.6574060710734e-06 -3.8515049129033e-05 -3.5394384485587e-07)
(-0.000158458599533 -0.00035386795927624 -6.20250977247e-06)
(-4.1175879058862e-06 4.1053164475209e-05 -2.2718541174462e-07)
(0.00034253215019032 -0.0002381359582362 -6.0151136994145e-06)
(0.00010264738449423 -4.7483748181431e-05 -1.6974935460187e-06)
(0.00037551290485884 -0.00017332078307871 -5.9145809318374e-06)
(0.00010438987975117 -2.7873784271071e-05 -1.4531339542825e-06)
(7.2391360807269e-05 5.8720721330753e-06 -8.2778208215153e-07)
(1.2631351224377e-05 1.3457063008225e-05 1.276851537532e-07)
(4.141857164523e-05 5.9372519708179e-05 -1.2216767473095e-06)
(2.0456238052989e-05 4.4186591708068e-05 2.0044139001731e-07)
(0.00018591597692173 -0.00012888589195934 1.8997092098813e-06)
(0.0002656967506191 7.0599368764388e-05 2.7762572492178e-06)
(2.4141213606243e-05 0.00024355849292784 2.5448977837155e-06)
(-4.6943621911347e-05 -0.00018620048325457 -3.6258575496426e-06)
(0.00033088446847755 0.00033031285913701 -4.5511363416445e-06)
(0.00012166027216788 0.0002642133761409 -5.4950702231332e-06)
(0.00030571176724495 0.00030585566733975 -6.0969276983977e-06)
(0.00041240727755719 0.00019140123032743 -5.6443266006575e-06)
(4.5334967940278e-05 0.00045749813934064 -3.0478993692249e-06)
(0.00022526641538725 -0.00047291332175668 1.1472300461927e-06)
(0.00030998178056616 -0.00014307248431959 4.1360706752104e-06)
(2.6941408525378e-05 -0.00027233874160416 2.6913872561297e-06)
(-0.00025980650474563 -0.0003848665587931 5.2258692406508e-06)
(-7.0752053061934e-05 -0.00027916168869422 3.1034187672542e-06)
(-2.2831501450325e-05 -0.0003018313285133 3.4357985509491e-06)
(0.00023632219142924 -0.00010917497504027 2.2020799228175e-06)
(0.00022131901026833 -0.00010226613219926 2.0151812861071e-06)
(0.00017836977582216 -0.00012362152856318 2.0787313088348e-06)
(0.00013410108999248 0.00019294245115883 1.9198854503871e-06)
(-1.0691607756999e-05 2.192245953323e-06 -2.8382274366925e-07)
(-9.0136023784449e-06 -2.8301006744057e-06 -2.482163643326e-07)
(-1.8024750458586e-05 5.5925338250891e-06 -4.2752063267669e-07)
(7.2278296772702e-06 -1.1539463043663e-05 4.8676276695356e-07)
(-0.00019804277831286 -9.530893130454e-05 6.6980025745048e-07)
(-4.763290598374e-06 7.6459124524127e-06 2.9129644298379e-07)
(0.00013471663826584 -0.00048468787109313 3.9781610822519e-06)
(3.665416144605e-05 1.8172547200242e-05 9.5015786427132e-07)
(3.5152918529819e-05 1.7642169730189e-05 -1.3157718219392e-06)
(-0.00013021949491241 -0.00051642072474058 -3.8261574804377e-07)
(4.4378803223379e-05 -1.1776526149252e-05 3.3676035992109e-07)
(0.00011477597137098 8.0143132301647e-05 1.1968363086487e-06)
(-5.9019416764001e-06 0.00011017479733605 8.9791677885331e-07)
(3.6091242123194e-05 -9.4661665220688e-06 1.635963523323e-07)
(4.1493070248107e-05 3.5842669229772e-06 2.7600184038821e-07)
(5.0222728579614e-06 -3.7189736147094e-05 -2.8895342277105e-07)
(-1.9015135512484e-06 -4.2627272614482e-05 9.6445677229576e-07)
(2.7735547417506e-05 3.9819654164438e-05 1.9214490510687e-07)
(3.4836220942942e-05 7.5358537506582e-05 5.6279211374049e-07)
(7.0705335447423e-06 -1.929991510993e-05 1.4133440609372e-07)
(1.526032358335e-05 -1.448659341648e-05 1.272797051622e-07)
(1.0927483429959e-05 1.6129955206576e-05 3.4963038653341e-07)
(1.3628248341784e-05 1.3893441944899e-05 1.6724136784825e-07)
(9.4794844624978e-07 1.4163296074683e-05 4.8991753295542e-07)
(-8.4973063005767e-06 -1.0971607027716e-05 4.5900191024855e-07)
(-3.8056920975679e-06 -4.0007598858267e-06 1.8297437158086e-07)
(-8.9646254699002e-06 -2.3042364524868e-05 -5.2633738213297e-07)
(-2.6225516248793e-06 -2.7634646615591e-06 -9.0150903417939e-08)
(-3.7357350133878e-06 -4.8071210209881e-06 -1.5386724054049e-07)
(-2.3701640160982e-06 -9.0408799125735e-06 -2.0628761671632e-07)
(2.380552307479e-06 -1.0660059919245e-05 -1.9467007019479e-07)
(-0.00030194241330148 8.8717756519729e-05 3.461112419891e-06)
(-0.00053531926043548 -0.00014318912591323 7.4019793072904e-07)
(-0.00033655588775215 3.4307196205367e-05 -6.0429452202658e-06)
(-5.7850871256339e-05 2.8443525707705e-05 -9.1181366646899e-07)
(0.00022634506636101 -0.00015696878968614 -5.1238260124055e-06)
(9.6077080845442e-06 8.034430186923e-06 -3.8901315460787e-07)
(-0.00010508070778752 -0.00015548044633394 -3.0750998793699e-06)
(-0.00015074467283936 -0.00022246708063629 -4.6869028094674e-06)
(-1.667700504938e-06 3.0748313925167e-05 -4.9667421617239e-07)
(2.1083840431701e-05 -1.1188829485552e-05 -5.3369839540989e-07)
(1.7538678669844e-05 -2.2061117205509e-05 -3.7766761354658e-07)
(1.7537325581734e-05 -1.7615259896312e-05 3.2828523435177e-07)
(-3.3728215364224e-05 2.969918400429e-06 -7.7211805189899e-08)
(9.8820174420215e-07 -6.5266875986593e-07 -1.3382535723e-07)
(-2.3652644183535e-05 -1.7028062320042e-06 -2.9370386266072e-08)
(-3.5405115242287e-05 -3.1914246764985e-06 1.3663062092338e-07)
(5.6780853155185e-08 2.2267806488151e-07 -1.8150519436796e-07)
(-0.00010049460057696 -0.00022382652996913 2.0896287774574e-06)
(-0.00027453569930036 8.0854182198279e-05 3.018910228291e-06)
(-0.00032103477115652 9.3810350842634e-05 4.2845080958163e-06)
(-2.1763816823433e-05 -9.3233991368935e-06 -5.5606208031433e-07)
(-1.0169818299298e-05 2.4425655933922e-05 4.8739619708047e-07)
(-0.00014231955695818 -0.00014504948188242 2.4632223090844e-06)
(-0.00016363959570837 -0.00011685162731142 1.0763716781059e-06)
(-0.00015352976485346 -0.00022664917268897 2.6409754413362e-06)
(-1.3765409557903e-05 3.7810041070246e-05 1.418535255783e-07)
(-1.0930290574997e-05 4.7159592199796e-06 4.1043015853894e-07)
(-3.9677856783302e-05 -8.070178931789e-05 4.5918451215636e-07)
(1.8460060809666e-05 3.637187531685e-05 -1.4211051885972e-06)
(-1.6027355433675e-07 4.2538120621602e-06 -1.8946768928229e-07)
(2.6346556660812e-06 2.5128156323395e-05 -1.5832619862368e-07)
(-1.0016954831609e-05 -1.9788943241275e-05 6.859541773083e-07)
(-2.3444594403868e-05 0.00044454905372786 1.7120022120302e-06)
(3.1317176718529e-07 5.7031226337707e-07 -1.0442428655591e-07)
(-5.0744706213471e-06 -5.3357897738888e-06 -1.7700918946716e-07)
(5.0260953055522e-07 -1.4914251068397e-06 -8.7192433448225e-08)
(1.1676652842019e-06 -6.7400567301281e-07 1.1007123236549e-07)
(1.2034055039022e-07 -2.4706300207375e-07 -1.2744661242424e-07)
(2.4496947347404e-05 -2.0810349872319e-06 1.3547288471813e-07)
(0.00010076836391762 0.00021804947057465 2.2816173209287e-06)
(2.6295765358524e-07 -3.942088065344e-09 -2.5024680413728e-08)
(-4.5337619511933e-07 1.0222369719158e-06 9.3017626969913e-08)
(-0.00012854830013403 0.00036424132695378 3.7232103442122e-06)
(-0.00013309701413813 9.6526561672548e-05 -2.4808020547012e-06)
(-8.0012606504836e-05 0.00039970302725389 3.2412411211951e-06)
(0.00025468239650192 0.00017792000435604 -4.8830465061497e-06)
(0.00026078021531065 6.9548471733477e-05 -4.3820479538753e-06)
(0.00017953945617995 8.3465958917348e-05 -3.5387919744335e-06)
(-0.00026057994167178 0.00026357059041144 4.9978443276579e-06)
(-1.7814547674358e-06 6.8946588101209e-06 2.4046693796111e-07)
(9.1353134548317e-05 0.00013147164433316 -2.7079079462013e-06)
(5.0066683877013e-07 -1.5098508059129e-05 4.1281572644928e-09)
(-4.993148726571e-06 -7.7386865525773e-06 3.9283060641672e-07)
(6.1492195073314e-06 -4.4755433633649e-06 4.567522120174e-08)
(-0.00049954556885241 0.00014565843057178 -3.1088162288647e-06)
(-0.0004349067289352 4.4052565648852e-05 5.6338994858033e-06)
(-0.00025526445973947 -0.00012102655630179 -5.1455767906005e-06)
(-3.4666984917196e-05 1.0229012490083e-05 8.2656035769451e-08)
(-0.00029737592995534 0.00021676132137145 -5.7443137461936e-06)
(-1.3428292835389e-06 -2.6016011526323e-06 -3.0247216467283e-07)
(-3.1242986105285e-06 3.3436430052796e-05 1.5208543463769e-08)
(-8.2421946686243e-05 -0.00032659967118061 -5.168456124929e-06)
(-9.1332828207894e-07 -4.4116808903046e-07 -1.7741442483088e-07)
(4.8807025728202e-07 3.1571748164719e-06 1.2527234511689e-07)
(2.7250432260271e-07 5.506093907703e-07 3.8112293703218e-08)
(7.4873787248703e-07 4.1544631025054e-07 5.0282412481413e-08)
(-6.2931410330826e-06 4.3988965482618e-06 -1.9023832218547e-07)
(-3.1492470963264e-07 5.0256380752497e-07 3.7649346218878e-08)
(-9.6871922222898e-06 3.4945367703618e-05 3.5020169952981e-08)
(4.090944047166e-07 -5.1058865113843e-07 -2.3753796191026e-10)
(-6.2651314531183e-06 -4.1773680732033e-06 -1.1218389287114e-07)
(0.00043840904692378 -3.8147674512989e-05 5.5083391796358e-06)
(0.00034009084046282 -0.00033648889696793 4.7048453508322e-06)
(3.8062983164921e-05 -5.332104512871e-05 3.6028266067536e-07)
(1.3036668695487e-06 -9.3079676350361e-08 1.9088577747906e-08)
(9.1855112483446e-06 3.3629820439076e-05 1.4725016235934e-07)
(-9.0459293825466e-08 4.3375598691066e-07 -1.6625299823286e-07)
(3.5215671949535e-07 -7.63618889979e-07 6.2142612572985e-08)
(7.7506233170263e-08 -4.6955830037962e-07 1.1528547676742e-07)
(7.7142481870657e-07 -6.4478923058619e-07 -7.6793801447492e-08)
(1.6236564539936e-05 2.3472677487328e-05 9.5317197807635e-08)
(-2.6408456292704e-06 3.7148015667984e-06 -3.6167249679557e-08)
(2.8418152268496e-06 1.2477842260721e-06 5.9472846053879e-08)
(-2.7134722284673e-05 -2.8377859612501e-05 -8.5341724250357e-07)
(-3.4236406482843e-06 -3.4528283277687e-07 1.2594735772145e-07)
(3.074404623121e-06 -5.0152744664013e-06 -1.2183014288706e-07)
(-3.9538722449153e-05 1.8305978171368e-05 -3.0681248341932e-08)
(-2.8333475457758e-05 2.7502732661335e-05 -1.9002755008852e-07)
(-6.7475294203799e-06 1.3914170867968e-05 -2.628743311845e-07)
(-3.2604975840272e-05 1.541675586506e-05 -1.5391372794358e-08)
(8.0272159759742e-05 -2.1298667806564e-05 7.1936822177841e-07)
(-7.000562352256e-08 4.0610376695212e-07 -1.1715110570168e-07)
(2.4222176419651e-07 4.8739331965586e-07 -1.0024201868657e-07)
(-9.177091588086e-07 4.7409058040516e-07 -1.6359474658131e-07)
(0.0004824866821974 0.00012886700889632 -2.9530157204985e-06)
(0.0001340565904146 1.1688729462367e-05 1.2947191842216e-06)
(7.6251083636424e-05 -6.4706102370812e-06 -8.5449371374007e-07)
(6.6021304569465e-05 -1.7580210755968e-05 -1.400821277463e-06)
(-1.7984674979358e-06 1.2473184388977e-05 4.6133397596766e-07)
(3.3915180186241e-06 5.3905878668925e-06 -1.6294175232144e-07)
(3.852503486322e-06 6.0890815686733e-06 2.5479383980879e-07)
(-3.5634875223856e-07 1.5223069939019e-07 2.9600084942666e-08)
(-5.5054614516883e-06 4.7299358942742e-06 2.338696079192e-07)
(-6.8663126720318e-06 2.1483488187328e-06 2.3690014417968e-07)
(2.2039925170266e-06 -2.3228610626438e-06 1.2673820955856e-07)
(3.9601084672608e-06 -6.4940848949895e-06 2.2756510719748e-07)
(0.00016484134796946 -7.6115538481552e-05 1.573232131608e-06)
(2.4474011386623e-07 6.730284046421e-07 -3.254807512754e-08)
(3.4891014836742e-07 -2.5338032160584e-06 -1.2289574759887e-07)
(0.00027009880163653 0.00027044334544599 -5.6305352233265e-06)
(0.00019328828344527 5.1043640299387e-05 -3.5458048201412e-06)
(4.0452306944151e-05 1.0711037493783e-05 2.6080225570935e-07)
(3.1954649756151e-05 2.233213643836e-05 1.4375484301834e-07)
(4.3666522873857e-05 2.0222719508453e-05 3.148985727525e-07)
(0.00012035660798233 -0.00043027530132182 -5.4035932134758e-06)
(2.4661879430092e-05 2.1109344384835e-06 1.4086868910605e-07)
(4.5400298478654e-07 -9.0711925419041e-06 3.004290498246e-07)
(2.5615990533668e-06 -6.9491802861737e-06 2.3187047588839e-07)
(1.0825059723229e-05 -9.5859914104274e-07 5.5847368805823e-08)
(2.4672672237309e-05 -1.667966905839e-05 1.648920042784e-07)
(-2.3102637063519e-06 -2.6288884947335e-06 -1.9607402719722e-07)
(-2.5517398629004e-06 1.0437623759034e-06 1.8464786939456e-07)
(-7.0446276820381e-06 -4.9330247271193e-06 2.0452501149894e-08)
(0.00016926663980567 -7.8002358405477e-05 -3.3379945620037e-06)
(-1.5461878508352e-06 1.4652116499555e-06 1.277912623018e-07)
(1.9425328540626e-06 1.1893442067405e-05 3.7697865321859e-07)
(5.9687402590682e-06 1.0658755423324e-05 -9.9087672238451e-08)
(2.4429428482187e-06 9.4737817721037e-06 2.7781105134832e-07)
(-3.9009309108432e-06 -1.6669340519442e-06 -9.8306636462788e-08)
(8.4243626919314e-06 -2.2703733506363e-06 6.9738923553965e-08)
(0.00046481582207029 -0.00021513607494502 3.3033719886766e-06)
(0.00040918962409364 -0.00028369152329719 4.0253132791902e-06)
(4.6525232845898e-05 -9.7758332153867e-05 9.3272173659438e-07)
(-1.9826839153946e-05 1.9299497535187e-05 -2.419586764783e-07)
(-6.630501332065e-06 2.3666521363551e-05 7.8501379995106e-08)
(-1.2286364179423e-05 -2.7292751196655e-05 -6.218913000962e-08)
(-1.3074885379027e-05 -2.8639717122022e-05 -1.2169076117303e-07)
(0.00037635345222111 0.00037674270844774 1.0969910401193e-06)
(0.00037954761698594 0.00037861554277577 9.8894227442746e-08)
(7.8496386449043e-05 7.8353802394075e-05 8.8311635816451e-07)
(5.8909757400837e-06 5.9587814708451e-06 -2.6214253131148e-07)
(8.8576366307536e-06 5.2178782530347e-06 -3.7509907175282e-07)
(8.8378710623391e-07 1.0199474583444e-06 -9.5357648417356e-08)
(-1.1677562655256e-05 -1.1539391467454e-06 -2.5380246800082e-07)
(7.4645257462679e-06 -3.399206414998e-06 2.7708255397934e-08)
(7.8548993263521e-06 -5.364796604818e-06 6.7937717120837e-08)
(5.9402600947782e-06 5.3609299784719e-06 4.6224448563299e-08)
(4.7634866640233e-06 5.8105863561069e-06 -1.0086982357299e-08)
(-3.0884092887533e-07 6.6106896760884e-07 -1.3135578904742e-07)
(-7.7983968150903e-08 8.9697205964559e-07 -7.3381289954331e-08)
(0.00032099429027548 -2.7848691448685e-05 3.7361765801854e-06)
(-2.583769683587e-06 -2.678053588887e-06 2.2534134590072e-07)
(0.00033723675453147 8.9685477001902e-05 4.1565447691012e-06)
(0.00034624499142705 0.00024115845879501 5.3385075560299e-06)
(-6.8725377770246e-07 -1.8382103294927e-06 -3.7430962031427e-08)
(2.791836634913e-05 0.00010414018796773 9.3994605726463e-07)
(2.4688347531647e-05 5.35382656324e-05 2.5171120374617e-07)
(-2.9478981821409e-06 6.7998701811413e-07 -2.8083230151496e-08)
(2.0324572707486e-07 3.0713218071988e-07 -5.4054259816537e-08)
(-1.2493182484743e-06 2.5889105162285e-07 -8.2686670926586e-08)
(-3.9278160336933e-06 6.2903208399563e-06 -1.858968756944e-07)
(-4.3130785743667e-06 5.5881916758256e-06 2.4617109369995e-07)
(-3.0561603029396e-06 -4.9188778118481e-06 1.9376711848888e-07)
(3.6991901464431e-07 -7.5477337034354e-06 -1.7324609905855e-07)
(3.1361757137125e-06 -1.0978044890405e-05 -1.6147816079741e-07)
(-2.9890447606738e-06 -1.1059654275675e-05 -2.3370324078524e-07)
(0.00050322431621081 4.3405262844644e-05 4.3206107502692e-06)
(1.7057969317593e-07 -1.9231670968896e-06 -1.2191558330876e-07)
(1.4544481386138e-06 -7.1101029290444e-07 6.6605130742418e-08)
(-1.6732822219901e-07 1.2761357549234e-07 -1.2482270400056e-08)
(6.8818895716729e-06 -1.2915165660731e-05 -7.4077151740077e-08)
(0.00024444212977649 0.00035146483647512 5.2901215991678e-06)
(5.0356658348569e-07 1.6351274380018e-06 2.8365785399502e-07)
(-9.6972459059445e-06 -3.038468024125e-06 3.7364490161765e-07)
(-1.9121364915696e-05 4.005954688965e-05 -2.1591434049205e-07)
(5.7681972644423e-10 6.3572290029145e-07 8.2489051750234e-08)
(-3.3298089878005e-07 1.3205352150342e-06 -1.2315764014804e-07)
(1.8130756330114e-05 -6.6290534844519e-05 -7.669286996017e-07)
(0.00019713063309157 -0.00019436515279184 -5.3622512797853e-06)
(-0.00010190990721027 -0.00040308021526817 5.0763448760707e-06)
(3.5385072567368e-06 3.6835753354466e-05 2.023839941988e-07)
(2.7259040016762e-05 5.9244259230144e-05 4.5999900544314e-07)
(-1.1396922859052e-06 -1.8626639997964e-06 -5.7573918239909e-08)
(1.3136419637766e-05 -1.6931147365777e-05 1.2117135366253e-07)
(-1.4521238425012e-05 3.0680207411359e-05 -1.8104691853585e-07)
(-1.147416455047e-05 4.1318174775997e-05 -1.2991451363287e-07)
(-0.00035953894151736 0.0002622857923446 -4.8031546433183e-06)
(-1.8652935382206e-05 0.00034742716074588 -5.1956113906038e-06)
(-1.8927767619561e-05 0.0003585650919298 -4.8410517377185e-06)
(-2.0980227995109e-05 0.00039542810577263 -4.2586522825408e-06)
(-1.6242955637667e-05 0.0003103536310774 -5.0410848336341e-06)
(2.1414614217711e-06 -2.0864527087467e-05 -3.2182736088596e-07)
(2.5602342990125e-05 0.00025739883968182 2.6059988287807e-06)
(-1.2695972231379e-05 0.00023802076496875 2.4367090680616e-06)
(8.3683748167708e-05 0.00031225851455159 3.9620411907886e-06)
(7.5594817014111e-06 1.6316310835622e-05 6.558655254808e-08)
(1.3334469079394e-06 8.6610500076432e-06 2.4730041310425e-07)
(3.8424177991863e-07 8.7069883778059e-06 -3.6326144424123e-07)
(-1.6973057831781e-05 -3.3485132748183e-05 1.1911597626264e-06)
(-1.0276935487503e-05 -2.6515175757012e-05 9.7587563774218e-07)
(6.311519691395e-05 -2.8772122574532e-05 -6.5036259871082e-07)
(1.2852045185716e-05 -4.4011385716636e-05 6.1030942471779e-07)
(-1.8492246129697e-05 -0.00024652537364099 2.0592575048509e-06)
(0.00013193773503648 -0.00018524096375819 1.9812823894152e-06)
(2.2927922777312e-05 -0.00023265160017612 1.9614127964252e-06)
(-3.2442701159758e-05 -2.2787229904889e-05 -8.9016688159601e-07)
(-1.3627140840888e-05 -2.6851987238505e-05 -5.9231494581756e-07)
(-1.5238223237535e-05 -2.3975231870079e-05 9.3536917309615e-07)
(-3.2703697279328e-05 -0.00043919646347722 5.2422725023652e-06)
(-0.00011802290452054 -0.0004657765579327 4.9694333698996e-06)
(0.00010488157823799 -0.00037649263742282 5.1030548240879e-06)
(-3.0460268356114e-05 -0.00040669660088475 5.3331037391846e-06)
(-3.0814104062185e-05 3.2866255706945e-05 -1.1988915886495e-06)
(-4.3578651977112e-06 4.5590196108958e-05 -8.7631086827071e-08)
(2.4285761844509e-06 1.0784501263128e-05 -5.6975026786062e-07)
(-1.1754500155557e-05 0.00022021040289366 2.2881022399413e-06)
(-8.9843340281395e-05 -0.00035402744389459 4.7049444253413e-06)
(6.5782197170487e-05 -0.00013795288618693 1.6021145044442e-06)
(-1.627423200072e-05 -0.0002156857949507 2.0294246306796e-06)
(-4.2170641080249e-05 -0.00016384062101159 1.2937294761815e-06)
(-4.6314253201594e-05 -0.00018038689589357 1.8460981404747e-06)
(-8.3979101957586e-05 -0.00033136392773809 4.1632794352305e-06)
(4.1684472826509e-05 -7.0036415339142e-07 -1.3256270493785e-06)
(-5.6768484911645e-05 0.00028198523787183 -4.8477300853964e-06)
(-0.00012749181018986 0.00017683505692417 2.0554420709214e-06)
(1.5972309827118e-05 -1.6315145389815e-06 7.8463377876295e-07)
(-2.4088038672855e-05 -8.7791040821761e-05 6.8862855821925e-07)
(-6.020325011791e-06 -6.320384677463e-06 2.9130280031064e-07)
(-2.6451794906215e-05 -9.7844585568929e-05 1.1906579910181e-06)
(-2.1834431859447e-05 2.2074317421412e-06 8.013510165517e-07)
(3.8817304323911e-05 -4.1665152253178e-06 9.5096261844057e-07)
(7.2724366511677e-06 -3.5128801228021e-05 -2.2431794275901e-08)
(-4.1482903065649e-06 1.1191908487953e-05 -2.3585717191987e-07)
(-0.00023024085853831 0.00023343673374919 -4.8469629560339e-06)
(6.6225644101907e-06 6.6549275013835e-05 5.6583406765049e-07)
(-1.9824430953956e-05 5.3151011268972e-05 4.4585348022327e-07)
(-4.1150462829372e-05 4.9243882397465e-05 -8.3412904120604e-07)
(-5.4160667027162e-05 -0.00011539989870442 7.5738679679215e-07)
(-0.0001691597944854 -0.00025015970329741 3.3402540767824e-06)
(-8.9144050968666e-05 -0.00012755646798686 2.0793602135817e-06)
(3.5977288800193e-06 8.3595996525617e-06 4.2069948590706e-07)
(1.8829449092432e-05 7.0245153431506e-05 5.8086054027247e-07)
(-0.00037093862363707 -0.00038413732620459 1.5701005445222e-06)
(0.00016264904832863 0.00035259376078449 -5.940717177733e-06)
(-2.2884195357649e-05 0.00042775117824681 3.3718553872285e-06)
(3.8005470108085e-05 6.4680403941661e-06 -9.1105943168623e-07)
(-0.00036192591606388 -0.00037430774107039 3.5074160857657e-06)
(-0.00016328622903549 -0.00016870104098746 -4.7046944495678e-06)
(-0.00026881777698613 0.00037186978779908 1.361710265114e-07)
(-2.9529030657366e-05 0.0001484950221449 -2.6286441859205e-06)
(-9.0225485081595e-05 9.1691506176222e-05 1.2197035910279e-06)
(-6.2676840865214e-05 0.00017830994901137 1.6493457517434e-06)
(-4.6432258952031e-05 8.8870774797212e-05 7.7635958109106e-07)
(-2.7015178260049e-06 2.3183331441156e-06 1.2096374093678e-07)
(-3.2849304968902e-05 6.0104382585895e-05 1.5667030754251e-06)
(2.9287044863367e-05 3.0189467584643e-05 -8.28314634529e-07)
(-9.0324454133415e-06 -2.6099477350241e-06 -1.5624190689862e-07)
(-0.00029288343801986 -0.00021096181797488 -6.0236811267557e-06)
(-0.00016460777749419 8.1257145066834e-05 -3.4267814138635e-06)
(-0.00015288153614235 4.7453352247589e-05 2.4839129983123e-06)
(-0.00017161282805193 0.00032955048889918 4.69025617602e-06)
(-9.0536508382452e-05 4.7893654885239e-05 -4.5370851404919e-07)
(2.9953827953845e-05 -9.6462460327346e-06 -8.1786657745413e-07)
(-3.2166785486397e-05 3.980747131663e-06 1.0079354195312e-06)
(-0.0001011521079581 0.00028703833007063 3.939342038242e-06)
(-0.00041693604103086 -0.0003009328596314 4.8836221044486e-06)
(-0.00039468238053633 -0.00018812910972799 5.5258203378652e-06)
(-0.000371284385352 3.8217961479846e-05 -6.5807785812544e-06)
(-0.00019393597248065 -0.00019982589814988 2.469762065249e-06)
(-0.00041720755660835 0.00020578273263404 5.5056393775261e-06)
(-2.0963795676033e-05 4.8104120772162e-06 -1.1136572740578e-06)
(-0.00040280578365859 0.00029305787740445 3.110802985958e-06)
(-6.4682909804995e-05 0.00018400534201602 1.8168999951533e-06)
(-4.2544940044385e-05 -5.4398884065784e-05 -4.6196814525035e-07)
(-4.4307996189794e-05 6.1275975125402e-05 2.9043890864851e-07)
(-0.00024670874023519 -2.0982713208037e-05 3.8190305709555e-06)
(-0.00015344685540351 0.00029452153125324 4.4226170490377e-06)
(4.3955565710407e-05 9.6326065239254e-05 -1.2856617246078e-06)
(0.00014022940759628 3.7515359878977e-05 -2.1595164699754e-06)
(5.5472196115984e-05 5.5126987414347e-05 -1.0371566160603e-06)
(0.00052059460200029 4.4747388866085e-05 -1.7219351903278e-07)
(0.00046515760323401 0.00021596380189644 -1.3296860900667e-06)
(0.00047163279204559 -0.00012524025800284 -3.0576735427411e-06)
(-4.5991781741232e-05 1.2126915364896e-05 -4.3390383312329e-07)
(8.802076064126e-05 -0.00031536290121601 3.5590808053583e-06)
(-1.2666511589878e-06 -3.166516102154e-06 -1.1205744561308e-07)
(1.1374937660087e-05 7.9013814891789e-06 -1.1092570044455e-07)
(-1.7114218353512e-06 -3.1880361949907e-06 -1.6634911210733e-07)
(0.00023596907497178 6.2769387198513e-05 2.2133813041021e-06)
(0.00013061211695739 3.4657817652728e-05 1.2847490873675e-06)
(-0.00022617703262193 0.00022901795843602 4.0097468147683e-06)
(-7.809222523751e-07 -2.8046695135402e-06 4.1702179284396e-08)
(0.00018204522613544 8.4269742406245e-05 1.7045642148039e-06)
(-0.00015409967821124 0.00021360486344173 3.199740518225e-06)
(1.8548018521737e-05 -3.689333052978e-05 4.7329323582762e-07)
(1.6988860708185e-05 -1.591940017898e-05 1.2540263151191e-07)
(1.8698954810127e-05 -1.7747311352303e-05 7.7324098626371e-08)
(8.323721472488e-06 -1.5119446724232e-05 2.5046732098661e-08)
(-2.1128118662683e-05 -6.6249833438378e-06 8.1923892452456e-07)
(1.1907967844742e-06 -1.1538339788527e-05 3.3115803248539e-07)
(3.768626945352e-06 -1.0566489435941e-05 3.4532050217551e-07)
(1.3729041530825e-05 -1.1674583425274e-06 9.2789054110214e-08)
(-4.6805177922354e-05 4.210973310654e-06 -4.7254166138724e-07)
(-3.9800271932265e-05 3.7927193291042e-06 3.121931522906e-07)
(0.00046754304458173 4.0312043461691e-05 -4.7392283476971e-06)
(-0.00034899693987871 -0.00016654884774503 5.271556229658e-06)
(-0.00040695791752882 -3.2479284836821e-05 5.3293602785362e-06)
(6.5482750555342e-07 -6.268820012582e-08 -8.593473989828e-08)
(-1.5553102153119e-07 -1.1703649496793e-07 -2.138646906474e-08)
(7.413262874376e-08 1.8476396283259e-07 -2.0146585968408e-07)
(-0.00029333682419866 0.00029675160518744 -4.888687469434e-06)
(3.7585182753976e-07 -1.2123738514138e-07 -1.7050193970606e-07)
(-0.0002889160914564 -7.6674474452004e-05 3.5254353182726e-06)
(1.044251076416e-05 -7.3034931987397e-06 1.14435244431e-07)
(1.0940132816872e-05 -7.603459123936e-06 2.9148674622151e-08)
(9.2730144158068e-06 -9.225140116401e-06 -7.2677897436245e-09)
(-0.00012613965311006 6.2257879090991e-05 -2.121029743837e-06)
(-9.5676456201433e-05 4.70915606422e-05 -1.4327165692956e-06)
(0.00029559126180975 -0.00041548762117453 -1.8540496254661e-06)
(0.00030371331793752 -0.00042793372908956 -6.3349026871192e-07)
(-0.00025952773170422 0.00036035988461216 2.8652517429781e-06)
(1.7129172448972e-05 7.0026612171795e-06 -7.2594035154491e-07)
(-0.00019747329146974 0.00037871679723071 2.9885161713899e-06)
(-1.4419871683648e-06 -7.493700693639e-07 -1.1845360721834e-07)
(2.042489007138e-05 -2.0852639358149e-05 -5.8477394434143e-08)
(-6.1501591238592e-05 -4.8105253208653e-05 4.3055450612908e-06)
(1.1648772534024e-06 -1.2116487661088e-06 -1.03647134178e-07)
(-1.7003945311826e-05 -3.4730826183932e-06 5.9457578363999e-07)
(-0.00024614841116457 0.00012292648773407 3.0152292791872e-06)
(-0.00026236849404275 7.7064188542092e-05 2.2249212792661e-06)
(0.000248318054419 -0.00017224330770607 3.4817512483398e-06)
(-6.6590756705163e-05 0.00033140382400086 4.3542181889275e-06)
(-5.4616347052599e-06 1.8092716631633e-05 -3.5005361997714e-07)
(-1.235702110111e-05 1.2804505129196e-05 5.7048299809978e-07)
(-9.7216817838836e-05 9.9171916905612e-05 1.2237423748196e-06)
(3.1457339796902e-05 1.9665048488501e-06 -9.8138643336979e-07)
(-0.00016533212286666 -7.9195762330241e-05 -2.4042247034831e-06)
(-0.00028356711214843 2.9270807376978e-05 -5.1006914307185e-06)
(-7.8271639574314e-05 -2.2307767894085e-05 -2.2589661282622e-07)
(-2.6477443427547e-05 3.6683634700384e-05 6.714920247256e-08)
(-2.5631506004762e-06 -6.7492070098409e-07 -1.8798090196111e-07)
(0.00016036216018896 -0.00022604421799978 -5.3488992855287e-06)
(0.00038568334317312 -3.3929834820226e-05 -6.1028636568646e-06)
(-0.00024657080690279 0.00034162069948118 -3.8134292590791e-06)
(-0.0003186948345169 0.00032287987230517 -2.5199954926249e-06)
(0.00013015696141673 0.00048416566858279 -1.257086844774e-06)
(-1.2929743601782e-05 9.0817353492816e-06 2.9079000247584e-07)
(-3.7962763698535e-05 1.0087256965783e-05 -6.7460384981378e-08)
(8.3791962115992e-05 7.2286087250205e-06 6.3010217251938e-07)
(7.7283291263447e-05 3.5859697712574e-05 6.7816325976524e-07)
(3.1976821477286e-05 2.7302050466556e-06 1.8005855298887e-07)
(2.8227477241667e-05 2.5034840655536e-06 1.6591723901172e-07)
(1.423262859288e-05 5.2411911600491e-05 -3.4005452613638e-07)
(-5.9899905559489e-05 1.7650549458257e-05 -5.1189187405054e-07)
(-0.00018019784412203 -4.8283841945474e-05 -3.2037487087991e-06)
(7.8762978785208e-06 -8.400572095256e-05 6.5854074164692e-07)
(7.3374777978172e-06 -7.6980100545183e-05 5.8493197094533e-07)
(0.00047357466341782 -0.00021871865473239 -2.0617383667016e-07)
(0.00037135668625362 -0.00036648028587524 -5.4834911523935e-07)
(-0.00041610230445749 -0.00011197635816396 -5.5616052132697e-06)
(-6.0898184218007e-05 -1.9909364541467e-05 2.1121190403113e-06)
(0.00030235375943319 -0.00042459808299632 1.0542263031562e-06)
(-4.0232520709108e-05 -3.4311077602257e-06 1.5934626502314e-07)
(9.8053758960027e-06 8.6992198758323e-07 1.052166593298e-07)
(9.9045558006778e-06 2.587493946029e-06 1.0483807322745e-07)
(0.00032054073127063 0.0001482895061016 -6.0125916543421e-06)
(0.00028935702717146 0.00020223327807294 -5.9782401795889e-06)
(0.00027986937581967 0.00012953880912237 -4.8239090891567e-06)
(-1.101971117183e-07 1.5020744658901e-06 -1.8441951459894e-07)
(-0.0004462206914218 -0.00012032745637507 5.9994872909353e-06)
(-0.00042655684010172 -0.0001151976622468 5.5983120332939e-06)
(0.00019362348944177 0.00041896832095191 5.4321465886006e-06)
(0.00011194055932294 0.00041754348581718 5.3290288832434e-06)
(-8.5720336879337e-06 -0.00011523008146563 -1.8085106066733e-06)
(-2.0281044403008e-06 4.1694732870631e-05 -7.0914206045576e-07)
(-3.7970746897525e-05 -2.6495500937854e-05 1.4896831506798e-06)
(-1.0308176811531e-05 -5.6906339470836e-06 -2.7640267256008e-07)
(6.4581113954246e-06 -8.5780993149166e-06 2.8135013091207e-07)
(4.4849866487119e-07 6.3888677931098e-07 2.2207643725626e-07)
(1.6094701729245e-05 -0.00016138897027628 -2.9559449432718e-06)
(-1.4687512081616e-05 -0.00019194201536651 -3.5742231259007e-06)
(-2.7518488332294e-05 -0.00036896716060702 4.5920082018605e-06)
(-2.9441822212942e-05 -0.00010984557626201 6.9726324822615e-07)
(-2.2687406986906e-05 -8.2283157408158e-05 5.4849495549497e-07)
(1.0141888296737e-06 1.1525010849861e-06 5.496417488404e-08)
(1.1926047699457e-05 4.4758770877906e-05 2.1698780615229e-07)
(-0.00016468217422138 0.00031674877532287 -4.823278902677e-06)
(0.00014663970492571 0.00031795907048905 -5.52627633108e-06)
(0.00012811193171281 0.00047901390864636 -2.1909917805805e-06)
(0.00022532108852512 -0.00047158571182893 1.7340110900161e-06)
(1.2856183899683e-06 -5.8903153572775e-06 -2.1308357382072e-07)
(0.00017125207556858 0.00017104245156538 -4.2912056997816e-06)
(0.00020196244023097 0.00029029740361705 -5.5818797624732e-06)
(-1.2179187647178e-05 4.3421781417974e-05 -1.6886689196726e-07)
(-1.269456736975e-05 3.0759831272164e-05 -1.5719934631284e-07)
(8.603469027021e-06 3.1356344018166e-05 2.0427693837584e-07)
(2.8273149743101e-06 2.7585894549163e-05 -1.7168561622258e-07)
(3.0283483421605e-07 -1.0656239274498e-05 -2.4077756038536e-07)
(-7.9786259929164e-05 0.00039780502392843 -2.7240545590271e-06)
(-1.431713890218e-05 0.00026657936533581 3.2147475042605e-06)
(-7.7767917857953e-05 0.00022098925194939 2.6194298688417e-06)
(-4.7611475628521e-05 0.0002373327455508 2.829084645301e-06)
(2.9020167906061e-05 0.00029164662771722 3.359717202559e-06)
(-1.949323951194e-05 3.1404790465186e-05 1.5518502024986e-07)
(-2.9561663130738e-05 4.8931978001732e-05 1.1980078445645e-06)
(0.00026693377704527 0.0001235697445081 2.8902156661479e-06)
(0.00013628540275544 -9.4453293890402e-05 1.3827600346096e-06)
(-5.7174926559322e-05 5.7682005852079e-05 -1.469536145259e-06)
(-7.4870151624498e-05 5.4047367874435e-05 -1.0399681303909e-06)
(-0.00010799364918206 0.00015013320955259 1.6221146288585e-06)
(-2.228060344867e-06 3.4657962805094e-05 5.4954307181562e-08)
(9.2594456335309e-08 7.134938176875e-07 -9.5362539436171e-08)
(-2.7856989608073e-07 8.7479902693219e-07 -6.799688975885e-08)
(1.0249221577426e-05 -1.8672156975649e-05 -3.5965150943676e-07)
(0.00023158634081385 -0.00022891448121863 3.9128723761903e-06)
(0.00020581256545221 -0.00020344541076253 3.2315583278299e-06)
(2.2679272033496e-05 -8.1686100258137e-05 7.7172334031522e-07)
(2.1814885960293e-07 -1.6584785673174e-06 -7.508830992249e-08)
(3.194105463775e-08 3.5530688648157e-08 -3.1051538515087e-08)
(3.8908728566158e-05 0.00014486480616877 1.4167432774651e-06)
(7.1866858931631e-06 -2.1349927543642e-05 -9.6980369557841e-08)
(-1.375881774285e-06 6.1564482360984e-07 1.3722109349024e-07)
(1.2244605067308e-05 -1.2037370675477e-05 4.633847081786e-07)
(0.00022692497921673 -0.00015705667640745 2.4662600539735e-06)
(-6.284043506857e-06 3.156378454002e-05 -1.6369202962865e-07)
(-3.2829080878996e-06 1.747488678835e-05 -1.9404508256877e-07)
(-0.00023959822621184 0.00017493147448531 3.2130620051758e-06)
(-0.00038053718830829 3.9021557253804e-05 4.9648636974593e-06)
(-0.00027078575471667 0.00019712322879849 3.7085308776219e-06)
(1.7914781248881e-05 1.8088895775909e-05 2.0498936029003e-07)
(0.0005177901673776 4.5321055364948e-05 7.4879521611925e-07)
(-3.9895492494377e-05 1.032174378125e-05 2.5708733644879e-07)
(2.8050337261826e-07 -4.6731515335141e-07 -3.3312049196194e-08)
(-1.4687931576454e-06 5.6991088050077e-06 -1.3146405293597e-07)
(-8.2130213788413e-07 5.3584768774157e-06 1.9112880285651e-07)
(6.3878446191212e-06 2.4139608995871e-05 4.2095551994852e-07)
(6.8551681728752e-07 -2.1519607765708e-07 3.9102210008879e-08)
(-1.371572302949e-06 -5.0633267270866e-08 2.1649822463342e-07)
(-1.7526417380317e-06 -4.2044620621143e-07 -1.8345658314592e-07)
(4.4845356459557e-06 -4.8920206257257e-06 2.1498710275871e-07)
(1.9593100868667e-06 -4.017133280203e-06 -1.0386837378536e-07)
(-4.5017987017532e-07 4.6818996878002e-07 -1.3990791737047e-07)
(3.8091692923902e-06 -7.1881190027673e-06 -9.4376547105828e-08)
(1.4812583512518e-06 -3.6826581602447e-06 -2.6107310512441e-07)
(8.1187624635398e-05 -0.00029135990624919 -4.8182098444819e-06)
(4.5902292640732e-05 -0.00046112833531379 -4.5400659799691e-06)
(9.4032213477002e-05 0.00035102872014664 -6.0274127039885e-06)
(9.932297694148e-05 0.0003696292611454 -5.4893994572435e-06)
(8.3329307701617e-07 1.4115167396676e-07 -3.8145269567267e-07)
(-9.8064458571763e-08 -5.9172383112279e-07 -1.2722839062566e-07)
(-1.3428446499589e-06 -3.0508837916089e-06 -2.1289650994683e-07)
(5.3826926100969e-08 1.7041022646816e-06 -1.5401135781764e-07)
(2.5747255627565e-07 -3.3627574317491e-06 2.4081799364963e-07)
(-3.2266771833682e-06 3.8256540267346e-07 8.9668290541138e-08)
(-1.2940480163444e-06 8.1160534764116e-07 1.9883409291863e-07)
(6.20675572691e-05 8.8756972288183e-05 -1.2172281135451e-06)
(3.4959069130799e-07 -1.2734438627829e-06 -1.3991285017471e-07)
(-0.00020858671303298 0.00010435923525848 2.1580881751149e-06)
(4.1275822372809e-05 -5.7806870040949e-05 -1.3179586929626e-06)
(-9.4624114069382e-05 -0.00037409637258088 5.2275373255084e-06)
(-0.0001308520124852 -0.00019295598551896 -4.5620170458303e-06)
(-4.3056246252664e-07 4.9894183130173e-07 2.2204650384195e-07)
(-5.9335641923258e-06 -1.5757848446913e-06 -1.9442950892765e-07)
(-2.6324582091591e-07 -1.0198134517556e-07 6.1275202576018e-08)
(-5.0722756769434e-06 1.1047239034686e-05 -5.832235948545e-08)
(1.7124447677828e-07 -5.1803047643813e-07 -8.750722431279e-08)
(-0.00023245365101899 -0.00034427743816089 -5.4303597236934e-06)
(3.2107351205216e-05 -0.00032703674365904 3.7102793341911e-06)
(-3.2927866761819e-05 3.0620305492841e-06 -2.9116718647581e-07)
(-0.00015727360588562 -0.00035110688733829 5.1715237739874e-06)
(8.675673127026e-05 8.6647087572599e-05 1.1254344983004e-06)
(-1.6006276240995e-06 -7.4633061600259e-07 -8.4579731328882e-08)
(-7.7718388114812e-06 -5.6030991294281e-07 -5.0669602633492e-08)
(-2.6910936370111e-06 -6.6563559904123e-06 1.783438778526e-07)
(0.00010308857050843 4.7712981327029e-05 7.708182936827e-07)
(0.000119061822935 3.1585841882589e-05 1.029417494076e-06)
(-3.9720387015747e-06 -4.0838774244465e-05 -2.273083584285e-07)
(-7.259064733812e-05 0.00010008780121565 -2.3121984756271e-06)
(0.00028429202989378 0.00040737128884906 4.5656534258791e-06)
(0.00042262122106553 0.00011248792128808 -4.6344948992298e-06)
(0.00035095265913601 0.00035102321944628 4.4947760884261e-06)
(-0.00034446912510699 -0.00024863730671144 -5.5485129615962e-06)
(-0.0001950462835014 -0.0002877542392156 -5.8103855495603e-06)
(-4.2519228809955e-05 3.9598576048106e-06 6.6190370423989e-08)
(-0.00030326710943283 -0.00021879973780259 4.6803571744746e-06)
(-4.3337491112364e-05 2.0025579584117e-05 7.0923600924021e-08)
(-8.3116241173502e-05 0.00041692805570392 -7.1687869516863e-07)
(-0.0001725425556328 -8.2974846215744e-05 2.2269553674968e-06)
(-1.6446017322452e-05 -1.6429138722684e-05 -2.8741974008445e-07)
(-1.2855299616391e-05 -1.3186635740329e-05 -3.5680313301032e-07)
(-0.00044055182509078 -0.00021027334441033 -4.7208548068856e-06)
(7.3928193315659e-06 -7.2875542764389e-05 -8.6588624607709e-07)
(-2.755880713368e-07 -8.4320120050258e-06 -3.5133472019541e-07)
(-5.3695422511005e-05 -3.9364273132318e-05 -6.0328957441599e-07)
(-2.9260501397805e-05 -8.2674562371761e-06 -1.686911061856e-07)
(1.0719566575638e-05 5.4229215469372e-06 1.4067235655253e-07)
(-2.3434712684247e-06 -1.2213729747477e-06 -3.4994510483479e-07)
(2.49909300717e-05 -1.1582135699345e-05 -3.0680352181491e-07)
(-0.0001625367004635 -7.7294847915459e-05 6.7161943541334e-07)
(-0.00015040067863586 -0.00010620700771806 2.4786718618671e-06)
(0.00028923028566686 2.5055472528349e-05 2.9919817228402e-06)
(0.00025025360616564 0.00025000552127662 -5.7862789826375e-06)
(0.0002534295788216 -0.00035630591695873 -4.7694025224182e-06)
(-0.0003874531925223 -0.00018470358784197 -5.848006963563e-06)
(0.00036307839191107 0.00036239795783211 -2.5046111631454e-06)
(-0.00019374279102528 0.00037175273332621 -1.4569086933845e-06)
(-2.2273737706243e-06 -3.9857361419347e-07 1.3014836540172e-07)
(-1.9308951021395e-06 -6.4898734237827e-07 -1.3394473055518e-07)
(-1.8664729126493e-06 -9.4704466061346e-08 -1.5528481975044e-07)
(-3.8951457405058e-05 -0.00052719086075953 5.9688473812835e-07)
(-0.00010228762325048 -6.6333683016385e-05 2.2206363599479e-08)
(-4.2128334400511e-05 -9.4571377818043e-05 -1.3133688876201e-06)
(4.4634517476177e-05 0.00044351560447212 4.0725710119856e-06)
(4.4988520738213e-05 0.0004533273413644 3.9715045783367e-06)
(0.00022646722190927 -0.00047327061928724 -6.0821462310892e-07)
(-7.7802947017423e-05 -7.8853787076582e-06 -1.8691690303895e-06)
(-9.7272966148661e-05 1.3158824630329e-06 2.6886138836948e-06)
(0.00014037324428408 -0.00050365183316539 2.071499522971e-06)
(-1.9287366466152e-05 0.00036162704124308 5.0123684308893e-06)
(7.0090759824017e-05 0.00015154986824404 1.4584198328891e-06)
(-7.8121357982196e-06 -6.683288722946e-06 3.468886385387e-07)
(-0.00030083520699187 -0.00014292131902229 4.4767751403983e-06)
(2.0679143932231e-05 8.8731820118766e-06 4.0547920338012e-07)
(-4.1584767316449e-06 4.383458560943e-05 3.7459752084048e-08)
(0.00015222753531793 -7.0411461362761e-05 1.5024888260573e-06)
(2.1818977273357e-05 1.1637604895446e-05 -6.4804469368259e-07)
(-0.00022333431156726 -0.00016025910487663 2.3834875070615e-06)
(0.00015221091002043 7.055411582739e-05 1.6612906754098e-06)
(-1.1224562577501e-05 7.7425310973079e-06 -3.0825517352192e-07)
(-1.4346968486534e-05 9.9084416518132e-06 5.8095429191213e-07)
(-0.0001115027343197 -0.00024864628866057 2.7715435137092e-06)
(6.5129577574375e-05 -0.000136843991026 -2.7845616798798e-06)
(0.00011779112042384 0.00011782944912388 1.5474281347734e-06)
(0.00010475848393939 -0.00021952812990503 2.3958281391895e-06)
(0.00015217312858318 -0.00015016822857746 1.8767286027417e-06)
(5.7154253389454e-05 -4.9441641557907e-06 3.9228008322664e-07)
(1.9751338918282e-05 1.3522656033881e-05 4.6145443770493e-07)
(1.5395781594898e-05 1.3307684596213e-06 6.5748196393076e-08)
(-0.0002514387281587 -0.00018085976173018 3.8486233038727e-06)
(2.6406285235571e-05 -3.6221176864364e-05 4.6251590351455e-07)
(1.5567620904324e-05 7.1722304096749e-06 -2.3704988740105e-09)
(-0.0002496085159565 -2.007869217227e-05 -5.0252977247588e-06)
(8.2228979090647e-06 -1.1228512519487e-05 -4.6995883700151e-08)
(4.5147589145833e-06 5.5206425874986e-06 -2.3874408677538e-08)
(2.518932731651e-08 -3.3968891933472e-07 -1.3363149396665e-07)
(1.5738656431908e-05 1.1078969004677e-05 1.5160252256704e-07)
(-0.00032457497982167 -8.6396565199491e-05 3.694900092843e-06)
(0.00046238370230018 0.00012280769804461 4.6520824238346e-06)
(-1.3821186387583e-05 -9.6199125300002e-06 6.0943398293762e-07)
(1.0141270222514e-05 -1.0023986036612e-05 1.7370402136105e-07)
(6.8350615919292e-05 4.7596942888838e-05 -1.2958221792465e-06)
(4.3096729415854e-06 2.3391166859226e-06 2.0801035448193e-07)
(3.6450449830841e-06 2.4838798102822e-06 -5.4583483048572e-07)
(3.7422433231891e-05 -4.2080721428016e-06 -8.2994027038794e-07)
(4.0673225546888e-07 7.9052387894314e-06 -1.7593032693144e-07)
(4.2458809127504e-06 3.5412919576011e-06 2.8773286859197e-07)
(-0.00053808097783142 5.5806523750993e-05 3.3776433988572e-06)
(-0.00052975725296723 -4.1831605111476e-05 4.9280936784932e-06)
(-2.792685593529e-05 -2.38676562312e-05 1.2052548487223e-06)
(-0.00039090232273221 0.00028474618078913 3.5358825641439e-06)
(-0.00049213417986922 -0.00023420757744614 -4.6123482914421e-07)
(-0.00033264738485724 0.00033736674290948 2.5144664568633e-06)
(9.0965874149037e-05 6.3674821096778e-05 -1.7945570485987e-06)
(-0.00044450797124864 0.00012850749338212 -5.9321153272137e-06)
(-0.00050748010125075 5.2589540312769e-05 -3.6552477636622e-06)
(-0.00022166755512704 0.00030723099435092 -4.7960233089373e-06)
(-0.00032926915518843 -0.00015691883110371 -6.1693756226189e-06)
(6.0608264766831e-06 5.6537631939424e-07 -1.8436412961149e-08)
(2.0408199784988e-05 -2.5742316626462e-05 4.7839907393898e-07)
(1.5082169433424e-05 1.1100021550145e-06 5.7126827228104e-07)
(-1.8065522635111e-06 -2.6707348902491e-06 -6.9737544661602e-08)
(-1.1367374505058e-06 -4.1993508365933e-07 -1.0293972708342e-07)
(-1.8005324552545e-06 6.7053337293892e-07 -1.7144761466364e-07)
(-2.34064522386e-06 6.8146959856178e-07 -1.14282659451e-07)
(-1.6052210351788e-06 8.3467417293686e-07 9.4497969327194e-08)
(8.5419294225292e-05 0.00018516478496345 -3.8804712539144e-06)
(0.00013894948296537 9.6782918108706e-05 1.6339698414567e-06)
(-0.00021987461476584 -1.7021201308153e-05 4.9558830139309e-06)
(-0.00024011416672075 -0.00017243108959396 3.061827519755e-06)
(-1.1533353037902e-05 -2.3873072027472e-06 3.8437580588966e-07)
(9.0959501343598e-06 1.8584333012404e-05 3.2331631567621e-07)
(-3.2395808152441e-05 -0.00012237460724152 1.4628868908051e-06)
(-4.230886171635e-05 2.3928389585037e-05 -1.1004870109388e-06)
(-4.0734081727675e-05 1.7638687790084e-05 1.6582865033634e-06)
(-0.00039566919259709 -0.00010664392195266 5.4467251650712e-06)
(-0.00011841256004281 0.000336052866662 4.6606206396619e-06)
(-7.061530405615e-05 0.00034965474382741 4.6155265029746e-06)
(-7.6436574762001e-06 1.1971578983822e-05 -3.2234046440929e-07)
(-1.2999208559275e-05 5.5135512290659e-06 -3.0775389316424e-07)
(-9.1327624951791e-06 0.0001710164248457 1.5839458655609e-06)
(1.6452464146018e-05 3.6408167547188e-05 2.1237197452362e-07)
(-8.3613708904936e-05 -0.00011828052571649 7.9060485509689e-07)
(2.2417797270121e-05 3.2680919178909e-05 2.7160014978633e-08)
(-8.915684062533e-05 -0.00019762428009649 1.7661283484189e-06)
(-7.3233391429807e-06 -8.669374505614e-05 7.4114683053644e-07)
(1.0269929288822e-05 -0.00010806232036928 9.6158422408563e-07)
(-0.00023954867794364 -0.00024734369104167 4.1445824683542e-06)
(-3.9081075087078e-05 -0.00051778725236624 2.3825748046609e-06)
(3.3299066341519e-06 8.9292609341071e-07 -3.6449115020381e-08)
(-0.00012778711998761 -0.00050703720570083 2.6398474194774e-06)
(9.690071012023e-06 2.7860795078681e-06 2.9311299860919e-07)
(6.9228998361966e-06 4.6459665580029e-06 5.5926388674126e-08)
(3.119096346545e-06 2.8462771792001e-07 6.5917101823541e-08)
(6.9741325166018e-06 6.6725419360024e-07 4.2529602896921e-08)
(5.1659040632992e-05 -0.00051883368449257 1.9407482989417e-06)
(8.2197587038792e-06 7.5838465846498e-07 5.240597868999e-08)
(-9.3101338538421e-06 1.9671722474302e-05 -1.0214084286419e-07)
(-0.00014740106400987 -3.9699082882339e-05 -2.2281273495161e-06)
(1.6206765949837e-05 -5.7258906186138e-05 5.4106695885011e-07)
(1.3771753074518e-05 9.6945179357001e-06 2.0892673210239e-07)
(-3.1050301619902e-05 -8.3021532587881e-06 -2.2110232817214e-07)
(-1.1183484831885e-05 -7.811190199355e-06 -2.6408703362824e-08)
(-1.7193373870099e-05 -4.458622598792e-06 -4.1327645050344e-07)
(-4.5468593360686e-05 -3.7126794317058e-06 -7.1454796822346e-08)
(-3.4722458939108e-05 -1.6188899308288e-05 -4.3154241656898e-07)
(6.1395445612881e-05 -4.2552620239458e-05 5.9349337285045e-07)
(0.00015489065921347 1.3546768237819e-05 1.2845765462325e-06)
(-3.6710439620667e-06 6.8253247982102e-05 5.5244982637294e-07)
(1.4828097888592e-05 0.00014779143110835 1.4552556903297e-06)
(4.3154113745e-06 1.4372771245745e-05 -3.8832715855182e-07)
(-1.3361928022079e-05 1.3302346286868e-06 4.5944936452569e-07)
(-3.9591508081026e-05 -8.3221169321092e-06 -9.614758588953e-07)
(-3.7031576775848e-05 -1.6093726471498e-05 -8.9727374154501e-07)
(-6.0110723099492e-06 1.2164866212337e-05 5.1621558695774e-07)
(8.656638731598e-05 0.00012421430786271 1.3143340379843e-06)
(-3.5738312897188e-05 -1.1240924435476e-05 1.2523518573516e-06)
(-0.00038878305178164 -0.00028054597473501 -4.7635533336858e-06)
(-1.7791731692123e-07 -3.4040165557864e-07 1.715911788428e-08)
(-1.5151577136358e-05 -1.3216269365419e-06 -2.0195750746115e-07)
(-0.00048902940634817 -0.00023344645500887 -1.4822913748095e-06)
(-5.5619826290631e-05 -8.1492703831892e-05 -1.2968460490086e-06)
(-3.7581881722715e-05 -5.5306096546749e-05 -1.1427331032041e-06)
(-0.0002936494459754 0.00021386948320231 4.7054600196914e-06)
(-0.00021237719821801 0.00021512763106201 -5.1190983602632e-06)
(-0.00030148685497727 0.0003052799578902 4.5303148987258e-06)
(-0.0003496101007291 0.00010155899111559 -5.9545396817612e-06)
(-0.00047310774424775 0.00023476777009046 7.8227091161071e-07)
(-0.00045707241801305 0.00022648764610912 -2.0011191041832e-06)
(-7.4918211523889e-05 0.00010376152738808 1.2542714186272e-06)
(1.1122896328286e-06 8.0883320013966e-07 -2.5362654671337e-07)
(1.0048598849151e-06 3.8313333275739e-06 -9.2035332057702e-08)
(-1.157499133806e-05 6.4015814048644e-06 4.9489272007075e-07)
(3.3044707116259e-07 -3.1703205540238e-07 -2.4119664533575e-07)
(-2.4688963156499e-05 2.4383802141423e-05 -3.4310963291155e-07)
(0.00050056835990178 4.3152885373545e-05 -2.0835674545611e-06)
(0.00046092798675051 -3.953435166449e-05 5.0685495987551e-06)
(0.00051416690916939 -4.4835656555246e-05 3.1717021778139e-06)
(0.00014610906704834 -3.8831345458299e-05 1.7294616757598e-06)
(9.667633363724e-06 -2.5457128168524e-06 6.4585850618806e-08)
(-0.00036597117852166 -0.00017476127663139 -6.4295394656911e-06)
(-2.7095994548732e-07 -6.7968654378004e-07 -8.0774705256532e-08)
(0.00029441028548415 7.8264224990191e-05 3.3428103154229e-06)
(4.6883617098391e-07 2.5487128669404e-07 -1.760008978838e-07)
(-3.5127371302967e-07 -6.8983080113898e-06 2.4839139398124e-07)
(2.4887855909972e-08 -5.2579454079684e-07 3.4235688239178e-08)
(-8.7350392870863e-07 -5.7088722233948e-06 1.9468424948335e-07)
(-5.4245194136185e-07 -3.3586126625344e-06 -1.2113523603569e-07)
(-7.7982654163007e-07 -2.5572145706013e-06 1.9096349980843e-08)
(-6.6733212982048e-07 -3.2250157292594e-06 -1.2215699488001e-07)
(4.1043529718525e-06 3.5308217241598e-07 2.8567353348745e-08)
(2.6009161842424e-07 -1.6948796898163e-06 -3.1848379061454e-08)
(-4.6276604947243e-06 3.2097882244561e-06 -6.6230545615042e-08)
(-1.5987642394009e-05 4.3110017642293e-06 -1.3073902827111e-07)
(-2.4910694063056e-05 -1.7197279601844e-05 -1.8005337590852e-07)
(0.00016199206256377 -0.00016002573503043 1.9475839461833e-06)
(5.8311909801404e-07 2.3406485198453e-07 -8.0510478539051e-08)
(-0.00023884332204254 0.00017375435403261 -4.8984781293587e-06)
(0.00042029231742936 0.00019437501992043 -4.6658825948624e-06)
(0.00029975677087852 7.9778962134152e-05 -5.4210716763364e-06)
(0.00022796742969431 1.9717529540313e-05 2.0664837329258e-06)
(0.00023074162501173 -2.0007988198002e-05 2.0502109070716e-06)
(-4.5605911892469e-07 -2.9748406624113e-06 -2.4214637426906e-07)
(5.0759303287729e-06 1.9622788398044e-05 2.0176734225615e-07)
(2.1196615658046e-05 1.8025793883471e-06 1.6134715722003e-07)
(2.8876634812622e-05 -1.9651419496283e-05 2.1218441048166e-07)
(-2.6865641688185e-05 2.3647369681366e-06 -5.8733375800425e-08)
(0.00023601758685444 -6.2743807110714e-05 2.4613141299191e-06)
(2.0990515772591e-07 4.3141821830356e-07 1.2010808560501e-07)
(3.2173151493833e-07 5.6253707876346e-07 -2.2378756832415e-08)
(0.00017122803476267 0.00024603253556106 2.8417815221757e-06)
(7.1090286842321e-07 1.3505258918269e-06 3.7941217943172e-08)
(-6.7986914266418e-06 2.9127357544705e-06 -1.8309629269375e-07)
(-1.764592438909e-06 -1.3221216092253e-06 -1.1490376711151e-07)
(8.6609283984622e-07 -5.7094803055232e-06 -1.3487975740912e-07)
(1.3351362121564e-06 -9.4603579822505e-06 -2.0135077702192e-07)
(9.9765834707067e-07 -3.1365473140886e-07 1.1456708786057e-07)
(-3.1551549625431e-06 -7.4119830918302e-07 9.5401304595858e-08)
(-2.5952390611051e-06 -3.3840475101781e-07 -9.9030958918972e-08)
(7.1904626300616e-07 6.1106219590972e-07 1.1966953737328e-08)
(1.0080881815268e-06 2.2028818352527e-07 1.9059023727532e-07)
(2.1260552104413e-07 1.3055715418055e-07 -2.8108198164e-07)
(1.5375957459512e-06 7.5693103041304e-07 -4.1470860688013e-08)
(0.00026989218538531 0.00018794086334846 4.1082882185267e-06)
(0.00037835482436901 0.00017508828097777 5.2537311253741e-06)
(0.00013867318585911 -0.00049638645277948 3.4719317931892e-06)
(0.00010200106744729 -2.7017886502287e-05 9.8255248093456e-07)
(4.9214263315631e-05 -0.00049589342780312 4.320818670594e-06)
(-1.3822490253091e-06 3.7483877134564e-06 -8.8106502373602e-08)
(5.0596310373743e-05 -0.00051293769870776 3.2376272641757e-06)
(-1.0536109740757e-05 1.0943684285558e-09 -2.1615525992568e-07)
(-2.5432296561248e-06 -9.7286953901251e-06 3.723542424675e-07)
(-3.7047600607486e-06 -9.8786473006955e-06 -2.5418127786862e-07)
(-9.0741782982803e-07 -3.5090426052679e-06 1.2746258845962e-07)
(4.8369471224277e-05 -6.8011933545828e-05 5.9429448924279e-07)
(4.6001425757759e-05 -4.5384508568157e-05 5.6890623234487e-07)
(-2.8806940797922e-06 -3.8687946329821e-06 -2.6347030540051e-07)
(4.8233717032727e-07 1.1173962518519e-06 2.9157520311664e-08)
(1.1145511743443e-07 -1.9121697901354e-06 -1.5830872988905e-07)
(9.4199153680505e-07 5.4969317681926e-07 4.8459842577324e-08)
(3.1896305248624e-05 0.00031779580735656 -5.5495793983171e-06)
(-3.9948480239726e-06 -1.9876275488029e-06 -9.3544898035523e-08)
(6.107389566988e-07 9.8645505235943e-07 -6.7476852108272e-08)
(-1.0130367474574e-06 -4.4824279355097e-07 1.0235588985332e-08)
(3.2072670305115e-08 -3.12107437503e-08 -9.1697066769138e-08)
(0.00028308424507964 0.00019734754292277 4.1286221910411e-06)
(0.00029632322352667 0.00013726566309811 4.0299365337493e-06)
(0.00032838676144196 0.00022893538388475 5.4364399354834e-06)
(0.00035429783510466 9.4024556202533e-05 4.7971095900764e-06)
(4.7529944875728e-05 2.2042870830642e-05 3.1369837752474e-07)
(-7.6345591967361e-07 6.2691846771316e-07 -2.4244027567435e-07)
(0.0002606438123896 -0.00012079210670057 3.1826217656804e-06)
(0.00019448897994284 -0.00019201115634788 2.9640800415513e-06)
(-5.1548123665528e-06 1.5039164114836e-06 2.4152016622581e-07)
(-1.9086595747397e-05 -1.5403639739096e-06 -2.8632284733577e-07)
(-8.9605424238905e-06 2.8366990690868e-06 -2.3450234578333e-07)
(2.284420484557e-06 -8.9919623119043e-06 2.9858386919662e-07)
(3.6280352176366e-05 -0.00013076247465019 1.2183466395406e-06)
(0.00039560828320778 -0.00018287065389817 5.0573318001844e-06)
(0.00017750333166368 -4.7228013965172e-05 1.8839574140607e-06)
(0.00016501675311362 -0.0001141785521346 1.6898499983151e-06)
(5.7574282189797e-06 1.4081799698203e-05 6.3842271785206e-07)
(1.2174782372264e-05 3.1745841749983e-06 5.7394866243702e-08)
(1.1974283401886e-05 -8.2539300976195e-06 1.7511451137963e-07)
(-4.3348259133691e-06 3.7211970280908e-06 -1.3920908659781e-07)
(-3.6065453518636e-06 1.384169389889e-05 5.4105113006253e-07)
(1.3600661613812e-05 0.0001367245966341 1.3006175198017e-06)
(2.3362313163273e-05 -3.280467637793e-05 -3.2600953901703e-07)
(0.0004898580719761 4.2982734187587e-05 -3.8765244472715e-06)
(-5.9946715364744e-06 -6.1108666382222e-06 -1.2318164658849e-07)
(8.9315265973628e-06 9.3535279187924e-06 -2.5572918535387e-07)
(1.0931201621775e-07 1.4632595000929e-06 -3.0949018632307e-07)
(0.00010561232150778 0.00015177694558295 1.8687157388295e-06)
(6.1573490928131e-08 3.9061292701421e-07 -2.5189828625902e-07)
(7.9685781579735e-05 -0.00016675679453961 -2.9227263798937e-06)
(1.067125816505e-05 -1.4965743165066e-05 -4.0971907969663e-07)
(2.2702064480365e-07 1.6951790356787e-06 -1.9684245671962e-07)
(-1.3618807560596e-07 6.8522400767644e-07 -1.3367219634385e-07)
(-2.5606039248354e-05 6.7442588411767e-06 -3.0880699665778e-07)
(2.0953440569153e-05 7.8630819078582e-05 -1.0367535037301e-06)
(4.8231532296672e-05 0.00010445636982107 1.1084372890484e-06)
(2.4234960834148e-05 9.0073236182545e-05 7.935271711259e-07)
(2.9600702241079e-05 6.4005932976857e-05 4.9688985122954e-07)
(6.7445302692135e-06 -2.923981764911e-06 2.4977977732408e-07)
(7.427124782568e-06 -2.3790007422545e-06 -6.2310486444923e-07)
(-2.0808909711418e-05 6.483703495444e-06 7.8577668752736e-07)
(-3.3962455266652e-06 -1.2353799237486e-05 4.2973125433308e-07)
(-4.9079540521863e-07 8.7147638111706e-06 3.9158626991062e-07)
(-2.8458082759916e-07 6.5880325967214e-07 -1.417711819569e-07)
(4.3146811974028e-07 -5.9861878492251e-07 -2.8543199400427e-07)
(-3.8265817203424e-06 1.0343493899227e-05 -2.3364042391506e-07)
(3.3898057264139e-06 8.9256066771938e-06 -1.8068562978315e-07)
(-1.8941257953375e-07 -3.5243797909631e-06 -1.8762908029645e-07)
(2.9176247326834e-05 -6.0588353023436e-05 -7.9130062538397e-07)
(-2.9045367319592e-06 -1.1359715402397e-05 1.4634928712139e-07)
(-1.6629668515462e-05 -3.607951999978e-05 -2.8055406330461e-07)
(-1.1786553498529e-05 -4.3308678408586e-05 -3.2205230960875e-07)
(-1.8774213460021e-05 -4.1029096500101e-05 -1.3994835599186e-07)
(-4.1330297378074e-06 1.4338787126574e-05 -7.5793352252859e-09)
(5.7136182888435e-06 -5.3748708920991e-05 5.3978795283684e-07)
(-4.2085143485658e-05 8.0562613523168e-05 6.5425141206137e-07)
(-9.8696584117484e-06 8.4308706425147e-06 4.8918025732569e-07)
(-9.8901133966448e-07 -1.207342949023e-05 4.0201753155399e-07)
(-1.34268185455e-06 2.7387776102698e-06 1.1604718463109e-07)
(8.4755649163131e-05 -0.00017784133982333 1.7173905911813e-06)
(-3.2297561238965e-06 3.5454122105562e-05 1.2037807774504e-08)
(-9.3044696895312e-06 3.3165724458816e-05 1.3391991049578e-07)
(0.00020777396818042 -9.6177061068576e-05 2.0124230950822e-06)
(-9.2015815731144e-06 1.4383528438111e-05 5.6708630034132e-07)
(0.00019541430210293 -9.0502152105214e-05 1.984629226017e-06)
(3.7055991577301e-05 0.00037273574369658 4.9099064976781e-06)
(-3.088181939701e-06 5.4210707463009e-05 3.0705617608381e-07)
(-7.5782924426844e-07 9.8038706396559e-07 -1.9159614337834e-08)
(-2.0524354249736e-05 -1.4255585594404e-05 -6.1831802885411e-07)
(-7.3605012699537e-06 0.00013611808871019 1.3589037522917e-06)
(-1.6419792393091e-05 -7.0360677801509e-06 5.863821945984e-07)
(1.2296821302019e-05 -6.781736049787e-06 3.3513033351106e-07)
(0.00023557578143223 -0.00033099626029119 4.9947946008908e-06)
(3.3210248110823e-05 -3.4102780483819e-06 7.3290869448488e-07)
(-3.215198269903e-05 -0.00042699016923023 -6.279733127231e-06)
(-0.00021393885204284 -0.0004780595621956 -1.5178918135633e-06)
(5.045285903132e-05 -0.00051220963505788 -1.514759777999e-06)
(4.5595204743818e-05 -0.00045911700771833 5.103162706332e-06)
(8.0615906227577e-06 -3.4035642890428e-05 1.3769819068754e-07)
(-3.1908355682799e-06 -3.5957731067569e-05 -6.8990062627135e-07)
(3.7864333577431e-05 0.00037741168088224 -5.2164765144499e-06)
(-7.564262914551e-05 0.00037749922672733 -4.0350281127635e-06)
(2.044082759324e-05 0.00020389622135148 1.8960148050473e-06)
(-1.7114558974729e-05 3.4946945207536e-06 5.6390487835862e-07)
(-2.8566769814057e-05 -8.9795222528901e-06 -7.0255541062244e-07)
(7.9627623454227e-06 1.6637157614021e-05 -1.7887625151313e-07)
(-0.00014041446537717 -0.00031339253520693 4.4320547852743e-06)
(-0.00013742911970759 -0.00020255723194221 2.3119566915195e-06)
(2.0910974368564e-06 -3.9970954546324e-05 -1.2322638626558e-08)
(9.9458714215236e-05 0.0003712690772411 5.214684824099e-06)
(-5.3303780343448e-05 -0.00020989904793788 2.160008423927e-06)
(4.065252658005e-05 -8.5339706434732e-05 8.1404066751876e-07)
(-1.6642325581093e-06 1.5774114124062e-05 4.219041986624e-07)
(0.00031702451721303 -0.00014622030441883 -5.6901053826389e-06)
(-2.5070473415006e-06 2.3152318470874e-05 -1.3929414957975e-07)
(-0.00019099558362666 -0.00042514158065579 -4.3015006034977e-06)
(-0.00020933907644861 0.00028933191330413 4.6140316136305e-06)
(0.00024100506592185 -0.00011153187027124 -4.8616527644124e-06)
(-4.4361385261138e-05 -9.2373464869092e-05 4.8831275099183e-07)
(-5.0411947133681e-05 -0.00010630488796472 1.4433666211563e-06)
(-2.9201117892471e-05 9.2202602511134e-06 -6.6676248054201e-07)
(-0.00031064630144781 0.00031421328285353 -2.7890937807655e-06)
(-3.2794821886099e-05 2.2984304274187e-05 -9.7929267876557e-07)
(-5.520425719693e-05 -5.7078371184173e-05 -1.1564799131525e-06)
(-0.00037700143457459 0.00027494410478177 -3.0285465338388e-06)
(-6.540858987316e-05 -0.00014197415260134 1.1473025384815e-06)
(1.5384707650802e-05 -2.6820395355276e-05 -5.3786848360597e-07)
(-0.000260031165201 -0.00038515044473566 -4.4893603230018e-06)
(-2.8964172693382e-05 0.00014362527736281 1.3413134562381e-06)
(-0.0001154591619847 0.00032803191663007 4.4231061184742e-06)
(-3.0501343673073e-06 5.6824757151908e-05 5.1007656438363e-07)
(-4.7429668101692e-05 -1.5495655203314e-05 -1.2574268419416e-06)
(-4.564619748917e-05 -2.630568015645e-05 -1.2626621207762e-06)
(-0.00018225610127187 0.00035012735908381 -3.6252119917115e-06)
(-4.6168450702825e-05 -4.0381054522287e-05 8.7560506484017e-07)
(-9.1288184588512e-06 -1.5552731293368e-06 -3.9900876601606e-07)
(3.1044308055156e-05 1.9396564164258e-05 -1.3007171404838e-06)
(7.3469680138669e-06 9.0153722872404e-07 1.5111802716937e-07)
(-0.00036597067503451 -0.00017448951802129 5.7241991303603e-06)
(-0.00027749167241621 -0.00028720747171838 5.2029792388446e-06)
(-2.7222623128176e-05 -1.5134745087894e-05 -7.2784083101887e-07)
(-0.00012660540327387 -2.7372496951023e-05 -6.7579108744433e-07)
(-0.00044008189995046 -0.00031683430907457 9.7239580471014e-07)
(0.00045441568139597 -0.00012183900117454 -4.3589142666021e-06)
(-0.00053934258275699 -4.3495335395305e-05 3.5792980478253e-06)
(-0.00048200586372167 0.00013946352670642 5.3330453021544e-06)
(-0.00021318439322347 0.00029500859084094 -5.078486555429e-06)
(-0.00014703480083293 0.00028304145600035 -4.8147342205717e-06)
(0.00033350071754113 -0.00015416855923577 4.5654352592168e-06)
(-6.3156218897158e-05 -3.05222610205e-05 -1.229095803148e-06)
(-9.3989629742374e-05 -9.079163940109e-05 4.9986403105543e-07)
(-0.00015576454988438 -1.2937786225995e-05 -3.1534523100942e-06)
(-0.00028585023832088 -0.00013547723028888 3.451045417546e-06)
(0.00026568996970478 -7.1002053563471e-05 -5.1915586299109e-06)
(-0.00019349183278725 -1.579651091025e-05 -3.0235045079567e-06)
(-0.00053933495650152 -4.2594752752081e-05 -2.7525160668344e-06)
(-0.00033755227116172 9.8443968216178e-05 4.135774760475e-06)
(-0.00031888185244757 3.3423352726878e-05 3.8576616885846e-06)
(1.2074422689682e-06 -1.9231636773513e-06 2.8056480385953e-07)
(1.1242110508712e-06 -8.651330994123e-07 -1.7803130535196e-07)
(1.6416189775583e-05 -1.7556536982577e-05 -1.0870286086766e-07)
(-1.4906439421528e-05 -2.1877293678338e-05 -1.8218282238291e-07)
(2.0789557272461e-05 -1.5191808565343e-05 -6.835097939499e-07)
(-1.4103610008084e-06 -1.5276012515702e-06 -1.4558661885541e-07)
(4.9173319224901e-07 1.3685481092147e-07 -2.8588977683126e-07)
(-1.9073946439626e-07 -1.5234626825981e-07 -6.145499072175e-08)
(2.0099997021031e-05 -1.2293107704002e-05 6.8773756466229e-07)
(3.8385819188617e-07 3.6328081239169e-08 -1.4281319597774e-07)
(-1.4212974153973e-05 -3.1030734582332e-05 -3.3252030701821e-07)
(-0.00024609069751967 0.00034058054407809 4.0233883930701e-06)
(2.8045166201214e-06 -1.1493566456276e-05 2.9971024415865e-07)
(0.00011374527347674 -0.00016013337794863 -3.7286843813316e-06)
(0.00029161776468579 0.00041861870742064 4.4962808891007e-06)
(-1.9096143797735e-06 1.7401738479665e-06 -1.562371643086e-07)
(0.00020666585471149 -0.00043316277828608 4.8259955788965e-06)
(0.00026968184028668 0.00038712098606239 5.5018419790265e-06)
(5.4493759278165e-09 1.1556523074184e-06 -5.492601217486e-08)
(9.8574278648509e-06 -1.3871755705037e-05 -4.9175526433077e-07)
(-8.4182810303848e-06 1.6174652335211e-05 -3.8160573241231e-07)
(7.1817923898258e-05 1.9113361942346e-05 6.7727715201353e-07)
(3.740874264441e-05 -1.7165837991048e-05 2.3032756624595e-07)
(5.5523624060803e-05 3.8789572489016e-05 4.3088509075336e-07)
(2.6479649282246e-05 -6.9770103474369e-06 2.0573430070905e-07)
(-0.00038356244025784 0.00011123689097075 5.0784798218127e-06)
(-0.00047567130746557 4.8670874930213e-05 5.4835342850652e-06)
(1.9160680190069e-05 1.618560239932e-06 9.3189225984487e-08)
(-0.0005003939761602 5.1375724894594e-05 4.7122770965013e-06)
(7.8030480799005e-06 7.7368780769321e-06 -3.912845195201e-07)
(-0.00026571942225206 -0.00012587023074426 3.0202289456449e-06)
(-0.0003153160556443 -2.4211879535727e-05 3.406091946375e-06)
(7.3547179225157e-07 -7.5409587462765e-08 3.9959323883079e-08)
(-0.00038110082732631 0.00027688312463934 4.5859691378889e-06)
(-0.00046086408117099 0.00013380610808712 5.5687327311363e-06)
(-0.00053084934255499 -0.00014183838950951 -2.0802622824378e-06)
(-0.00039687806521524 0.00019595232416316 5.2747515799949e-06)
(-0.00019295273367771 0.00037076614221239 2.6133757708564e-06)
(-0.00027567839675556 -7.4289478119004e-05 -5.1864171759301e-06)
(-2.4678921048868e-05 6.9592511261303e-05 -9.8768257995578e-07)
(1.4412455322735e-06 1.4843052531022e-05 -2.0931932886491e-08)
(1.9616944382068e-06 7.4138474625682e-06 -3.1906995366338e-07)
(0.00024114583599496 -0.00033966848894657 -5.5452397493444e-06)
(-6.8213350159852e-05 7.8761017936372e-06 -1.9114285481462e-06)
(3.2278524028568e-05 2.3891193980958e-05 7.4970426303454e-07)
(-3.1413388482465e-05 -2.3322412046941e-05 -7.2234302002452e-07)
(-9.8339840116305e-05 1.441538894722e-05 -3.1806787048104e-07)
(-0.00031206653646602 -8.3530116142361e-05 -5.3080797509826e-06)
(-4.1598935467549e-06 -5.3610535206681e-06 2.3763928349185e-07)
(-0.00016542158381477 -8.5733086194886e-06 3.4100760155728e-06)
(-0.00015568873466609 -3.8577173811082e-05 3.2990290813419e-06)
(-0.00042196747817231 -0.00020174783162138 -5.6528276323218e-06)
(-0.00025511183524604 2.2356126104821e-05 2.5738262971814e-06)
(-0.00030726068349162 0.00022372976498516 5.2682686550409e-06)
(1.4887585082567e-05 5.5510576961088e-05 4.0326739765415e-07)
(-5.1190907408655e-06 -4.4019046594056e-06 2.3911148697176e-07)
(-7.0007085277497e-05 -5.3842333121897e-07 2.6328144610708e-06)
(-3.6223049810096e-05 -3.6943259714271e-06 1.3391360090148e-06)
(-0.00032322827655076 -0.00033371434978484 5.4024629485466e-06)
(-1.3874043276264e-05 -9.0816648349931e-09 -2.5949447453916e-07)
(-6.7889713689742e-05 2.1694248571384e-05 3.1785971712239e-06)
(-6.6160436777486e-05 2.110188556473e-05 -1.7339307111415e-06)
(-7.6367132660469e-07 1.0978528582207e-07 5.0669350591302e-08)
(-8.2309512715324e-06 5.2144663991573e-07 2.1371270834374e-07)
(9.7894942362e-05 9.7825042674837e-05 1.197477319281e-06)
(-7.4754696892943e-06 1.2704406304649e-08 -1.81491293869e-07)
(-0.00018735231414918 0.00019045027687311 -4.5085426141027e-06)
(-0.00053336519141243 -0.00014355366113217 2.1498383576694e-06)
(-6.2517186574665e-05 -7.8958812432181e-05 5.5536775427233e-07)
(-1.9802392354007e-05 -7.3044771865912e-05 7.6828410553996e-07)
(-1.4758213569342e-05 -3.654344387403e-05 9.1219116763641e-07)
(4.2400377122558e-05 3.5047853256247e-06 -1.458536179874e-06)
(1.3121447550853e-05 -0.00013604948441979 1.2785023423712e-06)
(-0.00012045638372963 -0.00012083459687316 2.3754485228861e-06)
(-5.8146462084468e-06 9.2587142595932e-06 -2.7264862100267e-07)
(-7.1024030303527e-05 4.0781498069271e-05 3.3250789026412e-06)
(-6.2485979248397e-05 2.7744924262774e-05 2.7935441905076e-06)
(-8.8263690536148e-07 -1.1976731960538e-05 2.2769235399705e-07)
(-7.8084048391654e-06 6.6964443767608e-06 3.7714238839159e-07)
(-9.769764913373e-05 -4.7301921095558e-05 -1.3839072874098e-06)
(-5.8052554248696e-06 -4.6252658932817e-06 1.5597563095097e-07)
(-0.00010025270477575 0.00019282948916765 2.1151318499888e-06)
(-0.00011309263186563 0.00015721973845761 1.7788349087027e-06)
(-6.1329768285855e-06 -7.6941681355469e-05 -1.0649234495241e-06)
(1.6008161680603e-05 2.3773084688188e-05 1.2175947261623e-07)
(-1.9960142526789e-05 -2.8934242114873e-05 -2.2789894542437e-07)
(4.3905354341486e-05 0.00044055453474832 -4.1842055740517e-06)
(-2.1961077135265e-05 3.954134447773e-05 -6.6097325623601e-07)
(-0.00011321634164339 0.00021719790346724 2.8054271339433e-06)
(6.0000862493088e-06 6.2390353741947e-05 -5.0561294171814e-07)
(-1.1102948678906e-05 -4.2090693920514e-05 -4.0098938780741e-07)
(-1.0029459327855e-05 -3.8716160455898e-05 -4.1146781564539e-07)
(2.0009143398754e-05 -1.7922120376753e-05 -4.2689027325613e-07)
(-1.3919914155541e-05 2.850791815024e-05 1.6118594416518e-06)
(-5.7901169878724e-05 5.877339745172e-05 -1.1190561024452e-06)
(-6.1305099142644e-05 6.2001436477247e-05 1.2911141124978e-06)
(6.6737523117396e-07 -1.5771040756361e-06 -1.8542842039536e-08)
(5.1498120811665e-05 -0.0001080112200929 1.2336139953751e-06)
(2.088285412036e-06 2.1076895093658e-05 5.8214312086878e-07)
(3.4990260694164e-06 3.469352749748e-05 2.7345898953565e-07)
(-4.2692661938688e-05 5.9007239053268e-05 2.5411297675582e-07)
(6.071949984569e-06 -2.5901570199883e-05 -4.2880211301119e-07)
(-1.4717712830904e-05 2.2531934983221e-05 8.2493816386578e-07)
(0.00025530232936134 -0.00035848889612752 5.3714184826426e-06)
(0.00014964909359315 -0.00031374164747396 4.2828199244092e-06)
(9.2684461456927e-05 -0.00019436020069572 1.8999710249174e-06)
(5.7880139843689e-05 -0.00020738256658815 1.8778262067733e-06)
(-2.2260266831978e-05 2.254865284068e-05 -2.6736763507679e-07)
(0.00022051205798634 -0.00046277558765589 -1.7680760652718e-06)
(-3.4913590064219e-05 -0.00047686561007019 -3.6704879102516e-06)
(-1.4768332809988e-05 3.7279886234727e-05 -2.773972158543e-08)
(-1.3820000406416e-05 6.7054520598833e-05 5.4727392847814e-07)
(3.0010206404388e-05 -1.5301069933447e-05 -7.1107624704343e-07)
(-0.00037339049389321 -0.00026873756403194 -5.6929117263616e-06)
(-3.9914514314906e-05 0.00011365619084909 1.1567575548491e-06)
(-7.7119296268787e-06 0.00014432318082345 1.3725765361943e-06)
(-2.7883803522875e-06 4.4864866114202e-06 1.8150034347589e-07)
(1.1909795984548e-05 -5.4814050154449e-06 6.9369694422593e-08)
(5.1822079108956e-05 -5.1103970294914e-05 5.5314154952236e-07)
(-5.8072019538382e-05 0.00028937311173718 3.8719352758227e-06)
(-6.1856566695707e-05 0.00030679812839613 4.0085562729124e-06)
(-5.4193830089882e-05 0.00026973282509606 3.4263248132266e-06)
(-1.0927092898013e-05 5.3193172705391e-05 4.5479204696843e-07)
(-2.86688368178e-05 1.9703756311563e-05 -4.2014795515682e-07)
(-6.7314364879835e-05 0.00019116165985665 -3.5449141149939e-06)
(-1.3272611790451e-05 -1.3313772522456e-06 4.6063002746184e-07)
(-6.1483268756495e-05 0.00017423031001436 -3.5665652159628e-06)
(-2.0113331907622e-05 1.3837246187462e-05 -5.8507213020837e-07)
(-1.6897948941007e-05 1.4259670380137e-05 7.6634745827381e-07)
(-7.8391905122856e-05 7.9399513768489e-05 -1.4609671477515e-06)
(-6.2993749277126e-05 0.00012130388989825 -2.2411575052567e-06)
(1.9741004586248e-05 -1.3399119369592e-05 1.135251096008e-07)
(3.2481552789379e-05 -1.4866536395874e-05 1.9996997322869e-07)
(-0.00020400603807395 -0.00045519462850331 4.4699794450682e-06)
(3.2935580242056e-05 -1.3707129112925e-05 6.655377896073e-07)
(-0.00029281264667748 -0.0004339371538936 2.2915254178323e-06)
(1.0623118205243e-05 -4.9263000618656e-06 6.1167721421189e-08)
(1.4121941274895e-05 -9.6566520929522e-06 -5.5966955320904e-07)
(2.2363404102842e-05 -2.0397188176171e-05 7.1388635472271e-07)
(-2.2029416790317e-05 5.7672920222161e-06 -2.415179306781e-07)
(0.0001407470339348 -0.0005054828655788 -7.2952559206883e-07)
(4.6013429090102e-06 -1.6925320240407e-05 -4.60001973897e-07)
(0.00026982979290617 -0.00026664628111294 -5.2842422164014e-06)
(4.972689868033e-06 -1.5794317791359e-05 1.8927730040864e-07)
(2.3802072980095e-06 -1.8135119237614e-05 1.0023639556595e-07)
(2.4430160016835e-05 4.8758157123824e-06 5.771645254189e-07)
(2.5796193682137e-05 3.7183012953163e-05 -3.2892099674748e-07)
(2.4478174075496e-05 3.4302816279073e-05 2.4476228505508e-07)
(2.3259223483458e-05 -5.1202922125498e-08 6.0706555215038e-07)
(-1.9473054227297e-06 2.6296705262907e-06 -1.2035168222361e-07)
(-2.8361393315388e-07 2.9179922340803e-06 -1.2521994085031e-08)
(2.7344256783208e-05 2.7278516209631e-06 -9.7529334082566e-07)
(2.3490015121898e-05 -4.8806470411154e-06 5.2930498886919e-07)
(2.2941462326704e-05 -4.7255305396712e-05 4.85192966378e-07)
(-2.5796890784611e-06 2.7183901609629e-05 7.1033220069692e-07)
(-2.678587487724e-05 -5.9743453171138e-05 -1.2348534593883e-06)
(9.5052448333055e-07 -1.5246749549346e-06 -2.7673360031216e-08)
(-1.7064701239906e-05 -0.00022679702287911 -3.7656469703923e-06)
(1.3296645554215e-05 1.1511598393049e-05 4.7370691854111e-07)
(7.2290499448941e-06 3.3677944336685e-06 1.8006226244824e-07)
(1.5679568297457e-05 1.074249090605e-05 -1.0582679620715e-06)
(-4.8825796572069e-07 6.5124248431235e-07 -9.5618945652802e-08)
(3.3935455921437e-06 -3.6207327085962e-06 -3.5929595582066e-07)
(2.7400516210714e-06 -4.3079602759616e-06 -1.8489461637491e-07)
(3.9983228651488e-05 2.5846544131738e-05 -1.6953032429179e-06)
(7.4576320182498e-06 -8.6832759956588e-06 3.6980155587933e-07)
(2.3338207504287e-06 -2.8988347103094e-06 2.8730256107341e-08)
(6.6052887113981e-05 -0.00023705517262905 2.3740920009548e-06)
(2.5286328555633e-05 -0.00025673514351159 2.4864182149344e-06)
(2.4256977030628e-05 -0.00024357086806826 2.3747263189194e-06)
(-2.3964925051438e-06 3.8734638438254e-07 9.618937893599e-08)
(-2.9429582790343e-06 -9.3206410177074e-07 1.4734339693537e-07)
(7.3304117366353e-05 -0.0002633340529648 2.700859398956e-06)
(-2.2952156948176e-05 -1.9560514382586e-05 -6.6073038382108e-07)
(2.2598133369802e-07 -4.3709572264364e-06 -1.0354143101266e-07)
(-2.0024304733697e-06 -9.3113876156243e-07 -2.2185682255094e-07)
(-7.3332465763451e-06 -9.4198095244678e-06 -2.5398081212066e-07)
(-7.9123909949842e-06 -8.3103342986877e-06 4.286612628338e-07)
(-5.8132235185312e-06 -6.9993036156374e-05 1.7353472342124e-07)
(-0.00010741045287975 -0.00042363457314383 5.4085812825682e-06)
(2.668562885435e-06 2.3452496832864e-05 1.0724353210609e-07)
(7.3173468577507e-06 2.6783113477544e-05 2.5797235240488e-07)
(2.8107449086949e-05 -5.8795618263967e-05 6.3470492364099e-07)
(2.0044851858489e-05 -7.1971070489792e-05 6.5654097115716e-07)
(0.00012648023826099 0.00027451562129205 3.2585641602876e-06)
(4.372839618687e-07 -1.7568526773941e-07 -5.6907843937117e-09)
(-5.0387985718417e-07 -8.8704875302566e-08 -3.2415808784525e-07)
(3.3509116303594e-06 -4.3861562506998e-06 1.8916323677102e-07)
(0.00012967124266656 -0.0004647053102055 5.0616637137171e-06)
(1.097643938578e-05 1.4487570092483e-05 3.6437894287799e-07)
(-0.00021025236717394 -0.00047075814587423 3.4607295340302e-06)
(-0.00051119897433519 -0.00013762141240692 4.0763825609945e-06)
(-1.0228546467572e-06 9.2629778529445e-06 -2.0207433598738e-08)
(-1.1070710009037e-06 4.1297633780416e-06 -1.2353083733792e-07)
(4.0530958730727e-05 -0.0001456184655115 1.3162638061925e-06)
(-6.7877533049846e-06 9.4774619716382e-06 -7.5902055769175e-08)
(-2.2124754962811e-05 -3.2381143735795e-05 -3.5517274304393e-07)
(-2.74497647648e-05 3.8646519388501e-05 -8.0665512810603e-08)
(-1.9441753036119e-05 4.0754340273178e-05 3.2821771754978e-08)
(6.8674414419579e-05 -9.6663029569743e-05 1.0531287251135e-06)
(0.00020409866238365 0.00044253768924135 4.8604726219089e-06)
(1.2280237572089e-06 2.2783654823623e-05 6.9900054131022e-07)
(0.00011797570007175 -0.00024593151443774 -4.9113714986306e-06)
(2.4970578797258e-06 1.506911457455e-05 -3.5201174887591e-07)
(0.00013049696430298 -0.00027327129385212 -4.7459309146707e-06)
(4.2780414006276e-05 -0.00043291438710255 5.3778365188643e-06)
(7.45374180759e-06 -1.069730933772e-05 2.5354672212906e-07)
(-1.171609446371e-05 1.1517640181548e-06 -2.5202985598808e-07)
(5.2132308696998e-05 -0.00018654455440729 -3.4487183629953e-06)
(0.00015878629822497 -0.00033272122104928 5.0042763619856e-06)
(0.00022370805881544 5.9620131891657e-05 -4.2674681632855e-06)
(3.3833780328809e-05 4.8675851143907e-05 4.2732721108154e-07)
(1.4674506943779e-05 -6.1581631681572e-06 -7.9782270391228e-07)
(6.7207999289989e-05 0.0001450864260694 -2.7385352536208e-06)
(0.00020663425195738 -0.00043430373353271 -3.5706314415766e-06)
(1.109333652338e-07 1.5239210748547e-07 -6.8145700270699e-08)
(-2.264725799104e-05 -0.0003076539683147 -5.414294098213e-06)
(0.00043739941620537 0.00020300173207645 4.6024995059329e-06)
(0.00027983296678842 -0.00039304934357388 -3.5699610829429e-06)
(0.0002876977051096 -0.00040525828224238 -2.6944956268457e-06)
(-5.3853769200297e-07 4.6215081062135e-07 -1.1522809260435e-08)
(-2.8283763188538e-07 3.0054082188346e-07 -1.651307404105e-08)
(-8.7292754452046e-06 -3.4773715179666e-05 -6.9436962398547e-08)
(3.9134646986346e-05 5.6165760590093e-05 4.1878956074717e-07)
(0.00030005789130256 0.00029966250858763 5.500263811592e-06)
(0.00028388955953068 0.00028350773091901 5.4661970721918e-06)
(0.00035352531555786 -0.00034879629715655 4.2078734492089e-06)
(0.00032653242659286 -0.00032245611964776 5.2804243712427e-06)
(0.00037918848402782 -0.00026295289488746 5.1556267565944e-06)
(-8.8205516562512e-06 -1.6029919907139e-09 3.0318543260069e-07)
(-3.2852512787423e-05 5.8061161793149e-05 -9.3458610804105e-09)
(3.6699179421657e-06 4.3894956825236e-05 -9.0730941859137e-08)
(0.00040063264847405 0.00027830407408938 4.843899611301e-06)
(-2.3852697374827e-06 -1.0939693554137e-06 1.231718219014e-08)
(6.7791162398541e-05 -6.708365044059e-05 6.9577213153922e-07)
(7.5972134209657e-05 -7.5145043582719e-05 1.0760019380084e-06)
(6.9432028872827e-05 -4.8148488789247e-05 6.0118505120266e-07)
(0.0002641856619292 -0.00026106224308505 4.6389546125842e-06)
(0.00020318207686657 -0.00028624717622656 -6.0245559723391e-06)
(5.239666278406e-06 -4.8167687606768e-06 1.1568285878644e-07)
(5.8694503935011e-06 -3.9461766545877e-06 -7.7901773859419e-08)
(0.00022699343115498 -0.00031906445534418 4.9181265002735e-06)
(5.7359071188517e-07 -3.7201522971335e-07 -1.0533424171779e-07)
(-7.9514940173251e-07 4.7401306421331e-07 -2.3021399278915e-07)
(-0.0003748106346941 -0.00010056179406063 4.4592355435893e-06)
(1.8904820027095e-07 -1.3339163613516e-07 -9.6617480809426e-08)
(7.5817089216588e-06 4.9999646184645e-06 8.6989426237424e-08)
(6.676031026187e-06 6.0652221414467e-06 1.3718582774782e-07)
(9.0930965748424e-06 6.0202628577905e-06 -3.1635091090411e-08)
(0.00013012080371267 0.00013003551050585 1.5547391797327e-06)
(-1.1965625515626e-05 4.3225321755488e-05 1.0171105282845e-08)
(-2.2618812727535e-05 -2.2717744187789e-05 -5.0532940145143e-08)
(1.769341858036e-05 0.00017688588848837 1.7056934852565e-06)
(1.0238589917592e-05 -1.3363538930574e-05 2.1813775794803e-07)
(0.00011284449963347 -5.2255588297519e-05 9.5696483683491e-07)
(-3.1428775451367e-05 0.00015671273965658 1.3764951948133e-06)
(0.00019711312160634 0.00019693596156915 2.8493346614155e-06)
(8.0984265925574e-06 -8.0836669457584e-06 -2.8056226403357e-07)
(0.00017589829348426 0.00038116620166485 -5.7862401994385e-06)
(-9.1019353155344e-06 9.0074747056746e-07 -2.0519653948656e-07)
(0.00042769452887148 -0.00029729254765686 1.7475339569024e-06)
(7.6973317086815e-05 -0.0002759873992888 2.9834186991967e-06)
(0.00012022950754888 0.00044916919221534 -4.3471622926414e-06)
(0.00037387788944761 -0.00036901857796005 2.1703912357046e-06)
(8.4403095838266e-05 -8.3297317401562e-05 1.0450835600517e-06)
(4.5922335288792e-06 -3.3403562045835e-06 2.0432177041883e-07)
(5.4441359385686e-07 -4.6903195978295e-07 4.3537443669757e-08)
(2.5648697689139e-05 1.1911653597436e-05 2.2062028086004e-07)
(2.2933790966708e-05 1.0729244141492e-05 1.8494892437634e-07)
(0.00024842799841889 0.00011487507972661 2.7999795660004e-06)
(0.00023626729047155 0.00010940301638831 2.5148711505959e-06)
(0.00030851051883583 0.0002152150316871 -5.481417711764e-06)
(-1.6961073232119e-05 -7.9685625577264e-06 -1.7804870707742e-07)
(-3.3715786557785e-07 7.5406556697512e-07 -1.6880763543213e-07)
(6.1533993297161e-05 4.2973725518529e-05 6.7417255111346e-07)
(-5.5842577657644e-07 1.2396319671972e-06 -1.149208028334e-07)
(0.00025722591617332 0.00036917159817541 6.0066642111807e-06)
(-2.0574511326479e-07 9.4808673765985e-07 -6.1396748010864e-08)
(-2.5108945131118e-06 -7.6259468642335e-07 -2.0838328262351e-07)
(3.0342079155161e-05 4.3569357105283e-05 3.9097157242591e-07)
(2.2304294797168e-05 8.3128186550143e-05 6.8955663060319e-07)
(5.3716214885874e-05 7.7245383522575e-05 8.3100612987094e-07)
(0.00031565964749354 -0.00021860283637467 -5.5633398996367e-06)
(-6.3164546366297e-05 -4.9517297771229e-05 -2.6587125390099e-06)
(0.00017616321666853 0.00038061532524879 5.1383787207434e-06)
(0.00033762296966399 -0.00015646256539774 -5.3769865037063e-06)
(2.7525732929471e-07 -5.4048740483754e-06 1.9251116116678e-07)
(8.8547944504993e-05 -6.1313648267772e-05 8.7850094446986e-07)
(-2.319680962656e-06 -1.2456758120849e-05 -2.0092811443415e-07)
(-5.8730684123366e-06 -2.0496112645028e-05 6.6453157258959e-07)
(5.9325459107084e-07 -4.5517915128879e-07 -5.4841613083055e-08)
(-2.9909944646369e-07 -2.9805853902465e-07 4.228028768739e-08)
(-7.0828997783922e-09 -5.8909760071998e-09 -7.0784602728547e-08)
(4.2991141967278e-05 -1.9736059726621e-05 1.8798984781288e-07)
(-0.00013040784326207 -0.00029124308625757 3.8254828347613e-06)
(-0.00012468599182969 -0.00027790830790759 3.4462812952814e-06)
(4.3043991534521e-06 -3.914659112257e-06 -9.7575403022966e-08)
(0.00024750392564621 0.00011417208143156 -4.8433635046007e-06)
(8.1864683239347e-06 5.3488320669001e-06 3.309640002754e-08)
(4.1540339799967e-06 2.0831601722584e-06 -1.0037434100138e-07)
(-2.5678824410981e-05 -2.6741401876955e-05 -1.2647778448944e-07)
(0.00019280728010682 0.00019301194278445 -4.8481768313512e-06)
(-2.8256277455928e-05 -0.00011236094897544 -2.032195821472e-06)
(-6.6855818463429e-07 -8.8907386159071e-07 -1.2878541910065e-07)
(-2.545489161017e-07 -1.1577837158893e-06 -1.1905971842306e-07)
(2.3163800490646e-07 -4.7351731159239e-07 3.5152606390626e-08)
(2.0056866062761e-06 4.0221734116306e-06 -1.0505848975801e-07)
(-2.6467675093159e-07 1.3218761301415e-06 -3.3508161940125e-07)
(2.6363529331593e-08 1.2054213899156e-06 1.3048569486267e-08)
(-3.785078052847e-06 -6.0875347241419e-06 -1.7822177715058e-07)
(2.0780841436129e-06 3.2829317374481e-06 1.4021350857556e-07)
(6.9219513637851e-06 3.5234077802363e-06 1.4353678986309e-07)
(3.3395185313863e-06 2.2894751726247e-06 1.1307729565269e-07)
(0.00013552932079359 -1.1830413191133e-05 1.3216843216114e-06)
(-3.0574541093259e-06 -6.2188379352468e-06 2.5070750144442e-07)
(1.2063849243549e-05 1.0039318103208e-06 9.35572438231e-08)
(5.5515902257965e-06 -1.1289373665092e-05 -8.7884115885348e-08)
(9.0646687572246e-07 -1.4708570744661e-05 2.5462128835508e-07)
(-0.00043099524666953 -0.00030996162190702 -1.2509658948732e-06)
(-0.00044818135090976 0.00022125637046339 -3.1423650591545e-06)
(-0.00013670755375269 0.00038853910229931 2.5530681473927e-06)
(1.3733805070616e-05 1.1456888357228e-06 8.6878453967007e-08)
(-0.00049466517812786 -0.00023540704778566 2.2804157437633e-06)
(-0.00049913380083794 -0.00023848776582904 8.9551508348362e-07)
(0.00048958415586118 -0.00013067999197346 -2.6832847689512e-06)
(-0.00032888663477061 0.00016284639889904 4.4631825618116e-06)
(-0.00020617115364368 -0.00045897998758756 -2.261388215531e-06)
(-0.00027946579989524 -0.00041402359796355 -2.5865586088549e-06)
(-3.9491352133893e-05 -3.5450812625402e-06 -2.6585401248788e-07)
(8.9003941378182e-08 2.1504404171569e-08 2.1167742803644e-08)
(3.13853230178e-07 -3.6208941158719e-07 -3.3465294191965e-07)
(-8.8535168857879e-06 7.5456822435343e-06 -2.437209960471e-07)
(0.00026267141324831 0.00037726067434669 -6.0596871686537e-06)
(1.0178205130806e-07 3.1308957016277e-07 -1.868280804152e-07)
(0.00014676512797055 3.8980404052623e-05 1.3208456796561e-06)
(3.4208529990494e-05 -6.652519497393e-06 -1.314924772571e-06)
(0.00012141276587664 -1.0630158083126e-05 1.0166457434381e-06)
(9.2464979919583e-06 -2.2404068450115e-05 -5.2221688286668e-07)
(3.9808336746332e-06 -2.5001892196021e-06 -1.6784423044944e-07)
(0.00013241929591951 -3.5196978927969e-05 1.2210625754901e-06)
(0.00015130096112943 -1.3191643204311e-05 1.4261519991559e-06)
(4.7214337532977e-08 -1.7289104847234e-07 -5.8254869535933e-08)
(2.8808765721047e-05 -1.3182850959917e-05 1.6404802227696e-07)
(1.2823641277377e-06 -3.4779237142495e-06 1.2558004665018e-07)
(1.3159481534094e-06 -5.1090730973718e-06 1.8820347049291e-07)
(-0.00015880922899162 8.0343839425961e-05 1.7410723124241e-06)
(4.8009425684196e-05 4.7884608519859e-05 4.2839262207164e-07)
(5.3364414443327e-05 5.3185359092517e-05 6.8043292061769e-07)
(-5.6235115897242e-05 5.6233410805186e-06 2.102332805414e-06)
(-0.00016540026351707 0.00012187808555869 1.8075933383131e-06)
(-0.00012683375831847 0.00012943038563456 1.5827285397355e-06)
(-3.7922002227854e-05 0.00010769039240686 1.04472267089e-06)
(-0.00022451717197151 -0.00023140449200699 -5.794405588727e-06)
(-5.6987963826529e-05 -0.0002247095913607 1.7734718804139e-06)
(-0.00014698635115544 0.00028233602754079 4.1250377140684e-06)
(-0.000274946261409 -0.00028370014990934 -6.2859096274728e-06)
(-5.3576035609998e-06 2.2873075036917e-05 -2.1930369022646e-07)
(3.9108722902052e-06 8.1592238547877e-06 2.5217212928334e-07)
(7.5727954407597e-07 2.0003167944346e-05 -5.2294020936488e-07)
(7.6803007830124e-07 5.6396999888137e-06 -1.8075272055295e-07)
(9.6269762752283e-07 3.3840685632442e-06 9.5240655146178e-08)
(2.1374136029586e-06 5.2332391277442e-06 -1.9296139172531e-07)
(-1.2840829195894e-06 -3.2297957656685e-06 -1.3961226752621e-07)
(5.1426294563847e-05 -0.000521284825396 3.8887820418454e-07)
(-3.7233600546176e-05 -0.0004983958788119 -2.9782382322213e-06)
(8.2251458101358e-06 -7.0739178510689e-07 4.0805153980822e-08)
(-5.0470495848051e-05 -0.00019772651198992 1.624600317054e-06)
(-9.3110477232947e-06 -3.9347329425155e-05 -5.5999445972266e-07)
(2.6646876598567e-07 4.7979889080783e-07 -2.1825001364067e-07)
(9.5414548022493e-05 -8.3757899604682e-06 7.666827442536e-07)
(-1.465143322599e-06 -1.0232123791941e-06 2.9686350462825e-09)
(-8.9601891452624e-07 -1.1245365211769e-07 1.3312649756184e-07)
(-5.9444901808417e-06 -4.1241798136556e-06 -1.7518405834281e-07)
(0.00011772648509038 -0.00024650100144496 2.9699129905046e-06)
(0.00019897309332014 -0.00041684360700479 5.126966677495e-06)
(0.00010536692671883 -9.087549874989e-06 8.8551894982204e-07)
(0.00021633826492935 -0.00021362691486204 3.7911734820304e-06)
(0.00024395153800059 -0.00024091868438832 4.608926136749e-06)
(0.00019029298664743 -0.00039935486121912 6.1792505347227e-06)
(-2.7895648309762e-05 -1.4229276421408e-05 2.9284573269092e-07)
(7.2931171901226e-05 -0.00026272930935687 -4.7020569091078e-06)
(-3.0760861023778e-07 -1.0198005415384e-06 -2.136965501275e-07)
(5.1509677707279e-06 1.9627393345732e-05 2.5778142699411e-07)
(-3.2351081863392e-05 -1.7915405849475e-05 1.2038713147896e-06)
(-1.1679557657642e-05 -3.630378321156e-06 -2.9727583980696e-07)
(-9.6747007317747e-07 4.1565998808636e-07 -4.4591936397975e-08)
(-3.6413291473283e-05 0.00018165487895627 1.7247897800698e-06)
(-3.393855607364e-05 0.00016819983576726 1.4113942702532e-06)
(-6.7720445203092e-06 9.109011209296e-06 -4.1197170224374e-09)
(-0.00010850953369897 7.8600288454125e-05 -2.4905363679959e-06)
(-2.9999424472652e-07 -1.1547777792576e-06 -1.8011383113434e-08)
(-5.8265520817214e-08 -1.1555339359123e-06 -1.7884745381623e-08)
(6.5453827256192e-07 7.9290379618134e-07 -5.5385157179425e-08)
(8.9245989799405e-07 -1.0207496912681e-06 -4.300856877468e-08)
(-5.8519505912646e-06 6.162221975229e-06 3.0438551689984e-07)
(-2.8375783711431e-06 -1.5750134598608e-06 1.1956104154752e-07)
(7.5483521238094e-06 -2.1261919195715e-06 1.4192444726675e-07)
(1.7105323194038e-06 -7.3337185902551e-07 -3.1858888919222e-08)
(-4.3513993031783e-07 -6.7418701335528e-07 -1.6363960600367e-07)
(-0.00031318898056263 -0.00032390511872527 -5.7368547400643e-06)
(3.0495828040494e-06 3.8474345365186e-06 -1.2287553295029e-07)
(-1.0048951117103e-06 -5.575447653063e-07 -1.5242220429989e-08)
(-0.00012062033048742 -0.00017720806908033 2.1180804570765e-06)
(-0.0001715281147019 -0.00017638130767123 1.9619183704586e-06)
(-7.674609534013e-07 1.5618563904877e-06 -3.2808602341328e-08)
(-1.3252267934282e-05 -5.289557124039e-05 9.1629158269457e-07)
(8.8150648373279e-07 -1.7428329697902e-06 -8.9864274666122e-08)
(0.0005081777112119 -0.00013460062204766 1.3037350674578e-06)
(1.1192591240712e-05 -2.9568758543923e-06 4.335690214123e-08)
(-2.4656996305471e-06 -1.1401018061345e-06 -2.5646931312998e-07)
(-1.2328142319589e-06 -8.552093378874e-07 -1.0416230142468e-07)
(-4.3169160429738e-06 -1.0562576980107e-06 -1.6943074855409e-07)
(7.3892403748954e-08 -1.0078990550011e-07 2.1906476745335e-08)
(0.00018251212248017 -4.8845346768859e-05 -3.5773283810037e-06)
(0.00010982806575438 2.9356347369148e-05 -1.8432487217751e-06)
(5.7536529386975e-05 4.9784357654343e-06 3.2214049874613e-07)
(7.5157005269128e-05 6.5955345413731e-06 5.1716735596121e-07)
(-0.0001515718236295 -6.9996250566023e-05 3.4894681865521e-06)
(6.5973131956255e-05 1.7552152338366e-05 4.0043234448128e-07)
(-2.8104638031297e-06 -4.4261071096766e-07 -1.6518493341265e-08)
(0.00045847096793259 3.958652580946e-05 4.9753246328061e-06)
(9.4750500296237e-06 -8.4452303114241e-07 6.1911036560121e-08)
(-1.0965513382567e-07 -9.841134010676e-07 1.8531341448103e-07)
(-1.4436769531481e-05 1.2232672349905e-05 -4.0993348230809e-07)
(1.7391673052776e-05 6.5062516950427e-05 4.8291331201692e-07)
(-3.0780033895074e-06 6.3100090580145e-06 2.3762608109526e-07)
(-6.3198570363794e-07 -4.4039227923885e-07 4.5506486065411e-08)
(1.919164705471e-07 3.517786775512e-08 -8.6945036639059e-08)
(6.4274589055782e-07 -4.5106091351394e-07 -2.8583231850305e-07)
(0.00051680922362961 4.5264963022719e-05 -1.7458470435294e-06)
(1.6212394438397e-05 -4.2646443807056e-06 6.7889526657311e-08)
(1.1021344071051e-06 1.3330477245092e-06 -3.6344969415347e-08)
(8.1759747301321e-07 1.2085706180185e-06 -1.7034701307746e-07)
(-2.1390649484813e-07 -7.9343771705493e-10 -9.4599336272979e-08)
(7.2527058119987e-07 1.1186836539727e-06 -2.0979907311917e-07)
(2.6242976139505e-05 -2.5943165372e-05 -2.8038246224682e-07)
(-2.8139549455609e-05 -7.402750349522e-06 -7.1017885702481e-08)
(0.00047865508352203 0.000222217015025 5.6834880136611e-07)
(2.4827538228481e-05 2.3106908887043e-05 8.9597970061211e-07)
(0.00023752122290201 -0.00016435838776784 3.1399410652858e-06)
(0.00028077512896851 -7.4613463689398e-05 3.0058180578458e-06)
(-2.5244593905272e-06 -1.9398194613813e-06 -8.66124520816e-08)
(2.1140827638924e-06 5.6710021050056e-06 -1.4402173892245e-07)
(1.4027618643224e-06 5.3666192289584e-06 1.9405579820976e-07)
(-1.8246582620765e-07 3.6527895698357e-06 1.3363591408614e-07)
(2.5100329095585e-06 5.0334755002224e-06 1.996163334782e-07)
(1.1596816536198e-06 7.4134759970158e-06 2.4094774543173e-07)
(-5.276425352075e-06 -1.087803694702e-06 1.9750143437999e-07)
(-4.9450533971512e-06 -2.1179672269244e-06 1.9898129009936e-07)
(-5.0848023467843e-06 -2.8292120847572e-06 -1.3821161720235e-07)
(-4.1070613169144e-05 1.8869480864483e-05 -1.3759295063045e-07)
(0.00027439717384609 -0.00012671765349505 3.4567827397824e-06)
(0.00012814428764128 -8.9089622642671e-05 -2.8751058150531e-06)
(1.326555125991e-05 6.0795865429095e-06 1.1656463878132e-07)
(0.00016043852906178 -0.00015834500812158 -3.9266958008865e-06)
(-2.1278584460806e-06 -1.3154491332991e-06 -1.0240183834344e-07)
(-1.6282062284445e-05 1.5942412461886e-05 -2.2421256079511e-07)
(-1.1274150184557e-05 7.7614674292852e-06 -2.1814058348711e-07)
(-1.2468915740334e-05 1.1997070770014e-05 -2.9976206945821e-07)
(3.9182665808259e-05 1.8064876343182e-05 -4.2348163309863e-07)
(7.139306146484e-05 3.3174613899001e-05 -1.2255239580501e-06)
(0.00010879820994207 0.00010936965738217 -2.6921952411925e-06)
(0.00035894467542494 0.0002498482069935 4.6760217013802e-06)
(0.00031835846666702 0.00031793189174171 5.4807782458744e-06)
(8.0386558583839e-05 2.1278959655726e-05 7.2948300704802e-07)
(-1.646961860753e-05 -1.3164172715427e-08 6.4171570943538e-07)
(6.8476219357552e-05 4.7672211902657e-05 6.8100839245058e-07)
(-6.6576349984616e-06 1.7904198139417e-06 -1.3172507589704e-07)
(-6.5022987107446e-06 3.0740481242466e-06 -1.1960423000021e-07)
(-3.6266928732651e-07 7.5115669972168e-06 2.3977253237726e-07)
(-1.4049469372701e-06 -8.9332211628244e-06 3.0466429466329e-07)
(2.5861749553468e-07 2.0584866633351e-07 -5.2456264580661e-08)
(-6.0519461843154e-07 -1.0401287364928e-05 3.5668255527648e-07)
(-2.2078414923535e-07 3.0658006571321e-07 -5.070763104323e-08)
(6.3633650510256e-07 9.2149389985031e-07 -1.5224557794324e-07)
(-5.0977052917155e-06 -2.3599649833243e-06 -9.3792813201652e-08)
(-6.7572155548173e-07 -1.0781567458311e-06 -9.2390154549653e-08)
(0.00022741975496997 0.00015936567997001 -4.982114392658e-06)
(0.00020146290925294 0.00014079585271468 -4.6395184866822e-06)
(0.00024855183612745 0.00024829468625375 4.28467519023e-06)
(2.5673755119617e-06 -8.1288415171661e-07 -3.229790994994e-08)
(2.1168252035491e-05 2.1304399307994e-05 1.9809401279774e-07)
(3.0554810303086e-05 3.0548735767489e-05 2.6332266464219e-07)
(-1.8502488959293e-05 1.8988594338929e-06 -4.3299197427336e-07)
(-5.4272270959749e-06 1.0965172608077e-05 -2.8982671351784e-07)
(-5.5064442387075e-06 -1.105165059743e-05 -3.136761094699e-07)
(-4.1041805786283e-06 -1.0941035461582e-05 3.8379881426769e-07)
(6.5117114719448e-07 1.2677969296241e-06 -3.0635398995307e-08)
(6.4423059757364e-07 1.2744378532812e-06 -2.2944619834332e-07)
(2.9976414569051e-07 9.2735147601542e-07 3.5026172529244e-08)
(3.6187165913135e-05 -3.5515526991518e-05 5.0785442123967e-07)
(3.1162009793721e-06 -9.6592426377702e-06 1.0240759846927e-07)
(3.129417175752e-05 -3.0508621346333e-05 1.5252991420383e-07)
(-2.0902286747274e-05 -9.4706130868651e-06 -1.419816349565e-07)
(-0.00010870847046339 0.00011035275455507 -2.7397737008381e-06)
(0.00037526875171715 0.0003757227371208 -1.9612443902979e-06)
(0.00029190442226963 0.00041977495238801 -3.1697532937072e-06)
(0.00021350836345411 0.00046127854019368 -3.1955647259379e-06)
(7.4325796596865e-07 8.9045975156254e-07 -1.5704774599064e-07)
(8.6234743841514e-07 8.9696269002789e-07 -4.6400956323746e-09)
(-1.2101415134784e-05 -8.4174928728688e-06 -3.2601622298884e-07)
(1.2992058980251e-05 -5.9825559148592e-06 1.0020368146317e-07)
(3.8401149477104e-05 -0.00038737826303836 5.3377268863717e-06)
(0.00029927543655245 -0.00020707122905243 4.7609829804004e-06)
(-2.0195695736884e-07 1.0689031062949e-06 -8.7399701462424e-08)
(9.9348767416675e-07 -3.413791055701e-06 4.2705798878408e-08)
(3.6372544753222e-07 8.4368900169735e-09 -1.7654920233427e-07)
(-1.1242363606378e-05 -4.1630717061257e-05 -1.4194814599995e-07)
(-3.5271235157352e-05 -1.6483909325475e-05 1.5277796216833e-07)
(0.00030453623171817 0.00043639645340735 -2.1287902276559e-06)
(0.00010058324219125 -9.8910844643572e-05 -1.9190944292202e-06)
(6.10485875065e-05 -8.6187510319575e-05 -1.7582965625749e-06)
(-5.5985303268347e-06 -8.9591508010007e-06 -2.5732864118703e-07)
(-6.2657563172592e-06 -9.9892244789437e-06 4.0599748092941e-07)
(7.6031842182766e-07 -9.9239653520101e-07 -1.6694168343367e-08)
(-3.5442901679914e-05 -0.00048247756699533 4.8372543817879e-06)
(1.2629376459429e-06 -2.4775625930852e-06 -1.9470768369389e-08)
(1.5143193510595e-08 1.2369217567627e-08 -2.4371982260373e-09)
(-1.9139937599317e-05 -2.7650849173278e-05 -1.779756239045e-07)
(-4.4409961950146e-06 -1.9000329519407e-05 -3.679871257447e-07)
(5.3590199178926e-05 -0.00019249212444209 1.8077053335872e-06)
(4.4196232901959e-06 1.6788889896545e-05 -2.6893157812939e-07)
(3.4450883797634e-07 -1.0607994838004e-09 -2.2764750874847e-07)
(8.1017126596129e-07 -1.260181026251e-05 -1.7067842468011e-07)
(-4.7779892312692e-06 6.879175089085e-06 -1.825022189227e-07)
(-1.0480154012205e-05 3.7556013117146e-05 -1.0374359893476e-07)
(-4.0694318360763e-06 -4.2102083911721e-05 -1.6570900156943e-07)
(-2.4104119631658e-05 0.000443709372192 -1.1715303225488e-06)
(0.00013128137832257 0.00049073372350786 9.415236431299e-08)
(-0.00020019169339552 0.0003844289293056 -1.845766721174e-08)
(-0.00049317579825116 -0.00013255067924407 5.1066017034159e-06)
(4.3932112097647e-06 -2.2663527263177e-05 1.338003970278e-07)
(-1.0143048233424e-05 1.0514794508162e-05 -3.4477081761121e-07)
(-7.5757671435359e-05 -0.00029900153427446 -5.2382921219457e-06)
(4.2494047263716e-06 1.1200415376352e-05 2.9552187039009e-07)
(2.9013275746284e-06 -1.4165757944892e-05 -6.8025825873228e-08)
(1.9371507822804e-06 -1.1454618802823e-05 3.4449208130422e-07)
(-2.2220372289538e-05 9.4952691888747e-06 -5.7341203831821e-07)
(1.0453962906297e-05 3.9658440048921e-05 -2.6257484834581e-07)
(3.5361426162316e-06 4.4960654123363e-05 -3.9428260727352e-08)
(1.9814582323199e-05 0.0002002190993364 -3.5978994193865e-06)
(-5.2245632366693e-05 0.00026245855653114 -4.5842989320945e-06)
(1.2112066068387e-06 -2.5393521213306e-05 2.9802332699678e-08)
(-8.8428584377426e-06 3.6630171620842e-05 9.0523480502242e-07)
(-2.7408349969604e-06 -4.8382524849233e-05 4.1416197327442e-07)
(7.2320801048664e-06 -1.9110648783842e-05 -3.5609164082878e-08)
(-5.0857882172992e-05 -5.4545073617354e-06 -1.2470301073604e-06)
(-2.8318092022959e-05 1.2221486689872e-08 1.0094672452901e-06)
(2.3866303897356e-05 -7.2196849366015e-06 -7.9490599374496e-07)
(3.5248585956011e-05 -1.0615756966386e-05 -6.9900648578737e-07)
(-5.5147356691086e-05 -0.00021880894127106 -3.7720947155667e-06)
(-0.00012605834200279 -0.00028060517830154 -5.3442901390479e-06)
(-0.00012884605896329 -0.00018954833342403 1.7963187208091e-06)
(1.5627012987585e-05 -2.9896084855623e-05 -1.7797200087944e-08)
(4.805126123441e-05 0.00047846462453957 4.1569330580537e-07)
(-0.00014488267760509 -0.00021359258784543 2.2733975454191e-06)
(-1.4564941239061e-05 -1.248847111622e-05 -4.4090445356948e-07)
(-3.1241075222935e-06 -8.4646088968408e-06 2.9822619676214e-07)
(-9.5363922156164e-05 -0.00037760099331649 -5.9851686841678e-06)
(-0.00011152436913578 -0.00024927816992261 -5.0482441437955e-06)
(-0.00024116537297847 -6.4594292630171e-05 -4.8465582727853e-06)
(-8.5448132300043e-06 -3.2618873155255e-05 1.4071304008703e-07)
(-3.6948168504634e-06 -3.6801070259543e-05 -1.1970435601722e-07)
(4.7566849407159e-05 0.00047449450942945 -3.1528691430285e-07)
(-5.7391086422656e-05 0.00011048267450868 1.2453922591704e-06)
(-5.2587044416302e-05 6.1925811406079e-05 5.9792359736796e-07)
(-3.6766972890506e-05 -0.00014576940635464 -2.4038027481025e-06)
(2.3980966696557e-05 -1.2554834472474e-05 -9.3671212466557e-07)
(2.725484372447e-05 -1.7094242650727e-05 4.0016890782655e-07)
(3.9456987214968e-05 -1.4978978736133e-08 1.0214403567242e-06)
(-4.3053247981179e-05 0.00021375252573933 2.2553362973294e-06)
(-3.7732241754193e-05 0.00018837232345952 1.8568716503362e-06)
(-7.2416091765026e-05 0.00020572732151458 2.4102449654365e-06)
(-0.00011357698618933 -0.00045132547944595 -4.353477546109e-06)
(2.1518816269895e-05 4.3218165091426e-05 8.8739693586899e-07)
(2.5004895799005e-05 2.4840952031257e-05 1.2105713790642e-06)
(5.6331606554478e-06 1.5619865566258e-06 6.3535971088096e-08)
(3.4274530860922e-05 3.3971765853922e-05 -6.1745312667183e-07)
(-0.00037021381971064 -0.00038180787845179 2.386474424185e-06)
(-0.00029703059692466 -0.00043998890845547 -7.105494444493e-07)
(-0.00044049293369765 -0.00031764286697673 -6.7352784235128e-07)
(-0.00018464274979276 5.3717303623333e-05 -3.7791649647333e-06)
(-5.7872349871854e-05 7.9725371569162e-05 -1.5912115016134e-06)
(-2.2554275773465e-05 0.00042389126073809 -2.5848887514522e-06)
(-5.7393632717862e-05 4.2762905177928e-05 -2.17453836238e-06)
(3.8140496786713e-05 1.0760260432695e-05 -7.8527738431233e-07)
(3.3610462913833e-05 1.3022627720402e-05 6.0895715958187e-07)
(3.0472467761974e-05 1.6069859106177e-05 7.1120456362767e-07)
(3.2646308682657e-05 1.2781047716716e-05 -1.4751953393006e-06)
(3.2832010066157e-05 -6.596923211186e-06 8.5354886972357e-07)
(3.2780568571627e-05 5.4282113695216e-06 1.0905145060608e-06)
(-0.00013454619703288 0.0003824508405094 2.7115252032945e-06)
(-0.00026678106666353 0.0001941734655424 -5.4281778819772e-06)
(2.2530783029101e-05 -0.0002248197980349 -3.821647982856e-06)
(1.3787380746389e-06 1.3941241430792e-07 2.3923382118259e-08)
(0.00012388535990515 -0.00044526709563283 -4.2718789879778e-06)
(-7.9421763454632e-05 8.0605475831416e-05 7.6699885767178e-07)
(-0.00011690669124135 -0.00026100914408131 3.1776151042987e-06)
(-2.9130669791733e-05 -0.00038968521825601 -5.9139553637555e-06)
(-5.9140666062121e-05 -6.4343842149272e-06 2.1307473235852e-06)
(-0.00025208681280043 0.00034872967698694 3.7624823128001e-06)
(-0.0001228046879609 0.00012538062805497 1.3270023324585e-06)
(-9.5846343720118e-05 0.00013340308902228 1.3954952759389e-06)
(-7.8386591564741e-05 0.00010887244148496 1.3053870413039e-06)
(3.1398062232952e-05 8.0329767285418e-06 -9.4555176542019e-07)
(1.2290595975161e-05 3.5627837302166e-06 6.8979071456594e-07)
(-3.3996147168796e-05 6.3161270028757e-05 2.9828267004107e-07)
(-0.00047275562604515 -0.00022454109593556 -2.7848851356393e-06)
(-0.00050804756196248 -4.0397538289089e-05 5.3599500641873e-06)
(2.7376335108414e-05 2.2381202949636e-05 7.758814611143e-07)
(-0.00019047855781907 -2.2456480344519e-05 -2.31980753908e-06)
(-0.00040912807429174 0.00011900801151251 -5.5320547997429e-06)
(-0.00031439745970835 0.00015493005220629 -5.3682939551326e-06)
(1.343125463259e-05 3.4985651601148e-06 7.5948452551053e-08)
(-0.00045858437318174 4.7080110850982e-05 -5.2622195865834e-06)
(-0.00047532135037142 0.0002350274631838 -4.6505700765564e-07)
(-3.056247560794e-06 -4.0654535543797e-05 -1.3790117299839e-07)
(-0.00030114501154006 3.195197066177e-05 3.2163327413735e-06)
(-0.0002874224241492 8.4609557673468e-05 3.3134721719181e-06)
(-0.00027555778510316 -2.1638512783388e-05 1.7253049638784e-06)
(-5.142757049572e-07 5.4547125516384e-07 -6.7416142752231e-08)
(0.00042416964722846 0.00011267379750332 5.6128864917292e-06)
(-3.1720210930651e-07 -8.7387271968542e-07 -9.1513147297084e-08)
(-1.2298077633875e-05 -1.2913912440174e-05 5.6659528910135e-07)
(0.00040029645172763 0.00010629794281269 5.498718311168e-06)
(7.7479940623315e-07 2.6313080580054e-07 -1.3788861493887e-07)
(5.4961493380305e-07 -2.7879060344695e-07 1.2781037666483e-07)
(1.7910165275353e-05 -4.7149815238037e-06 1.2821095729692e-07)
(-2.0277526984555e-05 -1.3631096186674e-05 1.9534610579155e-07)
(2.5212367730586e-05 0.00025384940468365 -4.813000549504e-06)
(5.355104217673e-05 0.0001995447731596 -3.9969742339618e-06)
(0.00050023959944296 -0.00013334994179187 1.9126150412124e-06)
(0.00043511040234335 -0.00011583673880973 -5.820422442438e-06)
(-0.00041322443544275 -0.0001975491709712 5.4867890807976e-06)
(0.00047816296386833 4.1727964889838e-05 4.5154251881445e-06)
(0.00028237068897536 0.00013093806206092 3.4283378615291e-06)
(0.0003135705108649 8.3316983592733e-05 3.6832727907343e-06)
(2.7415167884144e-05 0.00027494406281122 3.1820385010687e-06)
(9.7531488878679e-05 0.00014038338053538 1.4793540991058e-06)
(0.00010286638913135 2.7205371992376e-05 8.9408104846601e-07)
(4.7047152140948e-05 1.2532224856839e-05 2.2924977615544e-07)
(6.7533104871108e-05 5.8717453091365e-06 3.9651546243516e-07)
(-5.5698367427623e-05 2.4572875957993e-05 -1.5921528339948e-06)
(-2.3891722957326e-05 4.3108072219042e-05 8.0885190821228e-07)
(-0.00048467462033745 -0.00023153391825119 3.2447366997808e-06)
(-0.00047567242079166 -0.00012859981989138 5.570901882237e-06)
(7.7896301412303e-06 -7.1225899991531e-07 6.0070867187275e-08)
(8.5583968247854e-06 7.8340946731362e-07 6.595664916705e-08)
(1.4962988598187e-05 3.0342461013535e-06 -2.7443555077522e-07)
(-2.4429527894446e-05 6.8429071262411e-05 9.9439372220986e-07)
(-0.00025523242635193 7.4408443446422e-05 3.0193302734522e-06)
(2.5169670729315e-06 -3.65768733312e-05 1.8509780703705e-07)
(-7.4973617016654e-05 1.6039922878766e-05 -1.667098272922e-06)
(-0.00010533227647126 0.00020241647735823 2.1030136819726e-06)
(-0.00013822577655994 0.0001915210528002 2.148160209692e-06)
(-5.15453353926e-05 0.00025599412515575 3.1818433524225e-06)
(-0.00013504325057553 1.9852613288391e-05 7.0042562427086e-08)
(-5.7170480495684e-06 1.7929996299991e-06 -1.3536540487406e-07)
(-8.9313308456765e-06 4.9377733495954e-06 3.855367737712e-07)
(-2.0764220975371e-06 1.4257192426141e-07 -2.1873158487412e-07)
(3.7173047295864e-05 -1.1166089952723e-05 9.1156097862005e-07)
(-0.00033639489615914 3.4941664310442e-05 3.8369836070205e-06)
(-0.00033671768476426 -2.6052689233943e-05 4.2778242565864e-06)
(-0.00028842697529602 -0.0002979185310419 -5.7203475728669e-06)
(-1.7997663944927e-05 -5.7005408253062e-06 -4.3595470854471e-07)
(-7.098773321678e-06 6.0647733657585e-06 -2.4565257564489e-07)
(5.1363344790944e-05 1.3620908332366e-05 3.680680230506e-07)
(-7.4205113545582e-06 5.1864192262474e-06 2.9378406634002e-07)
(1.4115134973064e-05 -1.4621802692479e-06 3.2221330409936e-07)
(-2.8229262138261e-05 -1.3031718325793e-05 -2.3282448256303e-07)
(-8.3374627305884e-06 -2.2549366948e-06 1.9376615201302e-07)
(6.0586393874778e-05 2.8136263981506e-05 4.6237660650445e-07)
(1.023700168197e-05 4.5786588620116e-06 5.9121091536474e-08)
(1.014627129494e-05 8.5522454517098e-07 5.0306867462735e-08)
(-0.0005001211202604 -0.00013392129247617 -4.2050537632565e-06)
(-0.00050948287480617 -0.00013700327323604 -3.1412747143815e-06)
(-0.00017020094916907 -0.00037983918340483 5.4758164404778e-06)
(-0.00022108602984206 -0.00010546176679531 2.5281380639814e-06)
(-2.6004118160113e-05 -1.1147779456955e-05 9.4866991232353e-07)
(4.7154473878239e-07 -2.1583349867698e-05 -3.772893902534e-07)
(1.4501817324743e-05 8.013540978447e-06 3.8485985632193e-07)
(0.00023168814926064 0.00023182266008175 3.9545400580504e-06)
(0.00031189299102818 0.00021739939033116 4.5849980527228e-06)
(0.00031120389369211 0.00014386587360096 4.0435358933996e-06)
(9.2130886022871e-06 4.0965583920046e-06 5.8523245210641e-08)
(-3.2323387225778e-05 -2.2861110421128e-05 1.3064952797021e-07)
(-2.3259046775034e-05 -3.345305962548e-05 1.235678426207e-07)
(8.0166512199072e-05 0.00011523911006832 1.0767608363802e-06)
(-1.1651560426614e-06 -7.4590008923729e-06 -1.7622858987667e-07)
(-2.6301023060772e-05 0.00013093562264315 1.1596695593796e-06)
(4.6598131075549e-05 0.00017409825396287 1.8032681372965e-06)
(6.5979304221953e-07 1.6152422981546e-06 -1.31255654227e-07)
(3.1189807664361e-07 7.573454585604e-07 1.0928283673127e-07)
(-1.8299514229299e-06 -7.0524060627147e-06 2.3875937571405e-07)
(-0.00017968906207927 -0.00040141163114147 6.0562866850779e-06)
(8.7243094444313e-05 0.00032494656653826 4.3788311922791e-06)
(0.00014186663062914 0.00030676538220041 4.4443374141693e-06)
(-1.1938071383987e-05 2.4353352787794e-05 1.2503264867874e-07)
(5.1102550229006e-06 -9.8432286670585e-06 3.7063697927742e-07)
(-4.2434643900581e-06 9.6918355380729e-06 -3.7504289475083e-07)
(-3.6350657638015e-06 5.0160955395208e-06 1.0905504176222e-07)
(6.3962753200306e-06 -2.403328224278e-05 1.2330928865203e-07)
(-0.00031565072892079 0.00032021480927288 3.7581546481435e-06)
(1.7577516375013e-05 -9.8878372526812e-08 -6.2025014510613e-07)
(3.0794181907035e-06 -9.5033552742634e-06 -3.8083903283902e-07)
(7.2208518790379e-06 -1.5479898165639e-05 -4.0270825622803e-07)
(9.1022294270231e-05 -4.2109517505626e-05 6.6550949057221e-07)
(-0.00026518433527966 0.0003664391177266 2.5787471752184e-06)
(3.1472345639766e-05 0.00011791272571057 1.0201475561288e-06)
(-2.2233538842611e-05 0.00011015988350721 9.8362620805311e-07)
(-1.8725159894754e-06 5.0806321019497e-06 1.8769871676589e-07)
(7.1043731227088e-05 -0.00014913239035464 1.5229939815365e-06)
(4.3986419641558e-07 -1.3908863889619e-06 -1.35853743302e-08)
(8.4285813866878e-07 -1.0883073412164e-06 1.6931126611396e-07)
(-3.4710216705087e-07 1.7030581047148e-06 1.2416069787005e-07)
(-0.00039446038432642 0.00019536619318971 -4.7188575511062e-06)
(-6.9619343800069e-07 -1.5360874138849e-05 -1.3389127395137e-07)
(6.5943220657702e-05 -5.7346719248228e-06 4.9216142022498e-07)
(0.00026522396127794 -7.0441344522891e-05 2.7541863812207e-06)
(0.00020049923884526 -9.2605666277788e-05 -3.6041202785322e-06)
(0.00026504729607311 -0.00018414921357324 -5.8054777996424e-06)
(4.0425048404266e-05 -0.00014454931333746 -2.2937571977111e-06)
(5.1186885294298e-05 -0.0001068217394861 -2.0648119092972e-06)
(5.0210154307461e-05 -4.9602192320329e-05 -1.1024765004924e-06)
(7.3246002359496e-05 -7.1781311453385e-05 -1.7910163141535e-06)
(-1.6013681778361e-06 -1.628583779089e-07 -2.9524846915862e-08)
(-3.7845216219506e-06 4.891157439305e-06 -1.6417054425558e-07)
(-2.8665742211372e-06 3.0086976286544e-06 -1.0152063140983e-07)
(-1.7726914688622e-06 2.2884634712375e-06 1.0679124631302e-07)
(-0.000202000313173 9.9670909316576e-05 -3.7895218476182e-06)
(-1.574333531441e-06 -1.3344238541421e-06 1.1061169444484e-07)
(-0.00021457107964657 -0.00047886002408615 2.0074204675923e-06)
(2.2958984970749e-05 0.00022868502083398 2.4562317261898e-06)
(1.8078338105012e-07 3.9528938058629e-08 -9.9707082780597e-08)
(-0.00012003311950157 6.2069127315906e-05 1.8348498697776e-06)
(-0.00013454992459218 6.859753237142e-05 3.7737661673344e-07)
(-1.8596905865558e-07 7.4230223360227e-07 -1.7616052352993e-07)
(-1.5216138455331e-06 6.4141028490296e-07 -1.7426946622336e-07)
(-0.00011213066930943 -3.0819407929697e-05 -2.3897806170653e-06)
(-1.6602874296602e-06 -6.5201209599062e-07 -8.9202383709635e-08)
(-2.6743501153633e-06 7.3814082916951e-07 1.1142556685848e-07)
(-1.1781134087944e-07 -3.9086392379377e-07 -8.1059644897952e-08)
(-1.8025667268878e-06 -3.6128049890611e-06 -2.6569709241407e-07)
(-1.2936895378898e-06 -3.8848493634307e-06 2.0379050715191e-07)
(-3.173061913941e-07 -2.0955252559546e-06 -9.8467558810538e-08)
(1.1715589555626e-06 -9.86266172784e-08 -4.758365654697e-08)
(3.7813799605506e-07 -1.3704739701985e-07 -8.8466880416062e-08)
(-0.00037302037576051 0.00018383312772868 -5.253972398367e-06)
(-0.00043071011292247 4.4138247197215e-05 -5.6595944825328e-06)
(-0.00040182182317036 4.1263433484062e-05 -6.1823367215435e-06)
(1.1921618598411e-05 1.2058337449949e-05 2.7106715559626e-07)
(1.0488391435839e-05 1.5927157428907e-05 -2.0522023411365e-08)
(-0.00045741264278256 0.00013324504862051 -4.4528192211122e-06)
(-0.00042922457165001 0.00021262296504774 -3.6091627292832e-06)
(-0.00053539849519186 5.6248113280323e-05 -9.2837650824336e-07)
(-0.00037010239392797 0.00026910137303345 -3.5525279305205e-06)
)
;
    }
    auto2
    {
        type            calculated;
        value           uniform (0 0 0);
    }
}


// ************************************************************************* //
