<?xml version="1.0"?>
<VTKFile type="UnstructuredGrid" version="0.1" byte_order="LittleEndian">
   <UnstructuredGrid>
      <Piece NumberOfPoints="1860" NumberOfCells="0" > 
         <Points> 
            <DataArray type="Float64" Name="Position" NumberOfComponents="3" format="ascii"> 
               0.00393152  0.0030892  0.0459533  
               0.00396239  0.0030495  0.0449854  
               0.00344778  0.00362116  0.0454235  
               3.52163e-05  -0.00499988  0.0375369  
               0.000927385  -0.00491324  0.0379942  
               8.53008e-05  -0.00499927  0.0385509  
               0.0047027  0.0016984  0.0330002  
               0.00492519  0.000861677  0.0335  
               0.00492519  0.000861677  0.0325  
               0.00010328  0.00499893  0.0311787  
               0.000103281  0.00499893  0.0301787  
               -0.000634882  0.00495953  0.0309712  
               0.0033417  -0.00371928  0.0422555  
               0.00329222  -0.00376315  0.0432429  
               0.00270032  -0.00420812  0.042578  
               0.0043402  -0.00248247  0.0354995  
               0.00470301  -0.00169754  0.0349999  
               0.00470306  -0.0016974  0.0359997  
               0.00315967  0.00387511  0.0426558  
               0.00310295  0.00392067  0.0437896  
               0.0038143  0.00323282  0.0430745  
               -0.00437187  -0.00242627  0.0430721  
               -0.00410378  -0.0028564  0.0439379  
               -0.00459475  -0.00197186  0.0439381  
               -0.00499968  5.67561e-05  0.0200332  
               -0.00499958  6.48598e-05  0.0190389  
               -0.0049272  -0.000850125  0.0195317  
               -0.00264482  -0.00424322  0.049134  
               -0.00220197  -0.00448902  0.05  
               -0.00306053  -0.00395388  0.05  
               -0.00314878  -0.00388396  0.0245002  
               -0.00243042  -0.00436956  0.024  
               -0.00243043  -0.00436956  0.025  
               -0.000634962  0.00495952  0.0319713  
               0.000103254  0.00499893  0.0321787  
               0.00250521  -0.00432712  0.00521212  
               0.00323558  -0.00381196  0.00557712  
               0.00261278  -0.00426303  0.00617279  
               0.00383537  0.00320779  0.0310124  
               0.00433723  0.00248766  0.0315023  
               0.00433723  0.00248766  0.0305023  
               -0.005  -8.02058e-13  0.000866  
               -0.00489765  0.00100649  0.000866  
               -0.00497435  0.000505842  0  
               0.00248188  0.00434054  0.0301146  
               0.00320902  0.00383434  0.0305436  
               0.00320902  0.00383434  0.0295436  
               -0.00477061  -0.00149708  0.043072  
               -0.00262253  0.00425703  0.035274  
               -0.00262168  0.00425756  0.0343521  
               -0.00323464  0.00381276  0.0349979  
               -0.00404013  0.00294574  0.0119475  
               -0.00424673  0.00263918  0.0111794  
               -0.00445961  0.00226095  0.0119997  
               0.00434009  -0.00248266  0.0205  
               0.00470301  -0.00169757  0.021  
               0.00434009  -0.00248266  0.0215  
               0.00216845  -0.00450531  0.00259882  
               0.00123403  -0.00484533  0.0025985  
               0.00171717  -0.00469588  0.00172994  
               -0.00406276  0.00291444  0.0368639  
               -0.00381329  0.00323401  0.0357652  
               -0.00438883  0.00239545  0.0361157  
               -0.00306053  -0.00395388  0  
               -0.00264489  -0.00424317  0.00086599  
               -0.00344484  -0.00362396  0.000865997  
               -0.00410377  0.00285641  0.049134  
               -0.00437173  0.00242651  0.05  
               -0.00379379  0.00325686  0.05  
               0.004344  -0.00247582  0.0453914  
               0.00381897  -0.0032273  0.044879  
               0.00433613  -0.00248957  0.0444157  
               -0.00497435  -0.000505836  0.046536  
               -0.005  -5.92073e-08  0.04567  
               -0.00489764  -0.00100652  0.04567  
               0.0049252  -0.000861606  0.0364999  
               0.005  -1.22465e-18  0.037  
               0.00492524  -0.000861386  0.0374997  
               -0.00490788  0.000955381  0.0255264  
               -0.00499972  5.30687e-05  0.026032  
               -0.004908  0.00095474  0.0265263  
               -0.00314849  -0.0038842  0.0235002  
               -0.00314879  -0.00388396  0.0225001  
               -0.00243042  -0.00436956  0.023  
               0.00433722  0.00248768  0.0135022  
               0.0047027  0.0016984  0.0140002  
               0.0047027  0.0016984  0.0130001  
               -0.00459479  -0.00197179  0.04567  
               -0.00410382  -0.00285634  0.04567  
               -0.00437173  -0.00242651  0.046536  
               -0.00490774  0.000956084  0.0326078  
               -0.00488832  0.00105089  0.0336226  
               -0.0046422  0.00185742  0.0329761  
               0.00435224  -0.00246131  0.042433  
               0.00389506  -0.00313505  0.0418704  
               0.00435617  -0.00245435  0.0414449  
               0.0047252  0.00163479  0.00087573  
               0.00492213  0.000878992  0.00139901  
               0.00489765  0.00100649  0  
               -0.00201853  0.00457444  0.0116109  
               -0.00135488  0.00481293  0.0117748  
               -0.00142071  0.00479391  0.0107724  
               0.00323939  -0.00380872  0.0215  
               0.0038473  -0.00319347  0.022  
               0.00323939  -0.00380872  0.0225  
               0.000103281  0.00499893  0.0261787  
               0.000885924  0.00492089  0.0254316  
               0.000103281  0.00499893  0.0251787  
               0.00310694  -0.00391751  0.0454434  
               0.00321727  -0.00382742  0.0442731  
               0.0038473  -0.00319347  0.021  
               -0.00314733  0.00388514  0.0121977  
               -0.00264235  0.00424476  0.0114415  
               -0.00322223  0.00382325  0.011256  
               -0.00379379  -0.00325686  0  
               -0.00410382  -0.00285634  0.000865999  
               -0.00132852  0.00482027  0.0197913  
               -0.000634869  0.00495953  0.0189712  
               -0.00132854  0.00482027  0.0187912  
               0.00169225  0.00470492  0.0327417  
               0.00169225  0.00470492  0.0317417  
               0.000885921  0.00492089  0.0324316  
               0.00169225  0.00470492  0.0267417  
               0.000885924  0.00492089  0.0274316  
               0.00169225  0.00470492  0.0277417  
               0.00323939  -0.00380872  0.0295  
               0.00323939  -0.00380872  0.0305  
               0.00253455  -0.00430999  0.03  
               -0.00410384  -0.00285631  0.002598  
               -0.00437175  -0.00242648  0.00346401  
               -0.00459479  -0.00197178  0.002598  
               -0.0026449  0.00424317  0.000865995  
               -0.00173684  0.00468864  0.000865991  
               -0.00220197  0.00448902  0  
               0.00470301  -0.00169757  0.023  
               0.00434009  -0.00248266  0.0235  
               0.00434009  -0.00248266  0.0225  
               0.00172968  -0.00469129  0.0482605  
               0.00124513  -0.00484248  0.0473869  
               0.00218194  -0.00449879  0.0473747  
               0.0038473  -0.00319347  0.02  
               0.00433723  0.00248766  0.0225023  
               0.00383537  0.00320779  0.0220124  
               0.00383537  0.00320779  0.0230124  
               0.00320862  0.00383468  0.012542  
               0.00248064  0.00434125  0.0121104  
               0.00248151  0.00434075  0.0131128  
               -0.00198716  0.00458816  0.0336066  
               -0.00132879  0.0048202  0.0337915  
               -0.00132893  0.00482016  0.032792  
               -0.0030543  -0.00395869  0.00699747  
               -0.00264416  -0.00424363  0.00609484  
               -0.00219136  -0.00449421  0.00700902  
               0.00433714  0.00248781  0.0115017  
               0.0047027  0.0016984  0.0120001  
               0.00470271  0.00169838  0.0109999  
               -0.000754093  -0.00494281  0.00997518  
               -0.00173856  -0.00468801  0.0101337  
               -0.00103772  -0.00489113  0.00895741  
               -0.00248625  -0.00433804  0.0340199  
               -0.00169164  -0.00470514  0.0345302  
               -0.00252138  -0.00431771  0.0350499  
               -0.0047707  0.00149682  0  
               -0.00226561  -0.00445724  0.0395066  
               -0.00268821  -0.00421587  0.0404151  
               -0.00307285  -0.00394432  0.0395372  
               0.00253455  -0.00430999  0.026  
               0.00253455  -0.00430999  0.025  
               0.00323939  -0.00380872  0.0255  
               -0.00437173  0.00242651  0  
               -0.00410382  0.00285634  0.000866  
               -0.00379379  0.00325686  0  
               0.00436599  -0.00243682  0.0463467  
               0.00470819  -0.00168314  0.0459332  
               0.005  -1.22465e-18  0.03  
               0.00492519  -0.000861677  0.0305  
               0.00492519  -0.000861677  0.0295  
               0.00170801  -0.00469922  0.00346397  
               0.00261414  -0.00426219  0.00348303  
               -0.00465663  0.00182094  0.023  
               -0.00490679  0.000960932  0.0235277  
               -0.00465712  0.00181968  0.024  
               -0.00433472  -0.00249203  0.0333876  
               -0.00437937  -0.0024127  0.0343855  
               -0.00472278  -0.00164175  0.033757  
               -4.35569e-05  0.00499981  0.00913116  
               -0.000763773  0.00494132  0.00994309  
               3.86972e-05  0.00499985  0.010146  
               0.0017832  -0.00467121  0.0384502  
               0.000979422  -0.00490313  0.0389993  
               -0.000687625  0.00495249  0.0109468  
               7.92285e-05  0.00499937  0.0111585  
               0.00385716  -0.00318156  0.00409423  
               0.00312189  -0.00390561  0.00445379  
               0.00337609  -0.00368809  0.00341255  
               0.00470396  -0.00169493  0.0379966  
               0.0047033  -0.00169674  0.0369986  
               0.005  -1.22465e-18  0.004  
               0.0049247  -0.000864463  0.00450451  
               0.00492199  -0.000879799  0.00348813  
               -0.000659212  0.00495635  0.0378848  
               -0.000698561  0.00495096  0.0388357  
               9.3638e-05  0.00499912  0.0381481  
               0.00124614  0.00484222  0.000870072  
               0.00170805  0.00469921  0.00174419  
               0.002194  0.00449293  0.000881538  
               0.000858677  0.00492572  0.010404  
               -0.00243544  -0.00436677  0.0309967  
               -0.00164521  -0.00472158  0.031499  
               -0.00244226  -0.00436295  0.031997  
               0.00433723  0.00248766  0.0195023  
               0.00383537  0.00320779  0.0190124  
               0.00383537  0.00320779  0.0200124  
               -0.00172556  0.00469281  0.0456327  
               -0.00219597  0.00449196  0.0465227  
               -0.00124091  0.00484357  0.0465042  
               0.00088559  0.00492095  0.0354318  
               0.00010191  0.00499896  0.0351797  
               0.000102846  0.00499894  0.0361782  
               -0.00496903  -0.000555686  0.0377755  
               -0.00473652  -0.00160168  0.0377047  
               -0.00488734  -0.00105541  0.0386549  
               0.00169225  0.00470492  0.0207417  
               0.00248188  0.00434054  0.0211146  
               0.00248188  0.00434054  0.0201146  
               0.005  -1.22465e-18  0.028  
               0.00492519  0.000861677  0.0285  
               0.005  -1.22465e-18  0.029  
               0.00323939  -0.00380872  0.0235  
               0.00253455  -0.00430999  0.024  
               0.00253455  -0.00430999  0.023  
               -0.00498509  -0.00038582  0.0360068  
               -0.00499  0.00031607  0.0352692  
               -0.00496421  -0.000597191  0.0350237  
               -0.00497424  -0.00050689  0.0430719  
               -0.00489758  -0.00100684  0.043938  
               -0.00456552  -0.00203864  0.038646  
               -0.00428607  -0.0025748  0.0377422  
               -0.0040522  -0.00292911  0.0386618  
               -0.000634872  0.00495953  0.0229712  
               0.000103282  0.00499893  0.0231787  
               0.000103282  0.00499893  0.0221787  
               0.0047053  -0.00169121  0.0389912  
               0.0049255  -0.000859893  0.0394981  
               0.00470633  -0.00168834  0.0399876  
               0.00383362  0.00320988  0.0100075  
               0.00433703  0.002488  0.0105011  
               0.00433691  0.00248821  0.00950016  
               0.0049252  -0.000861647  0.0105  
               0.00470315  -0.00169716  0.0100004  
               0.00492521  -0.000861578  0.00950008  
               0.00433722  0.00248767  0.0145022  
               0.00470236  0.00169935  0.0400009  
               0.00433379  0.00249365  0.0405076  
               0.00470151  0.00170171  0.0410021  
               0.00174734  -0.00468474  0.0124952  
               0.00174389  -0.00468603  0.011495  
               0.00253166  -0.0043117  0.0119995  
               0.00473815  0.00159686  0.0492008  
               0.00459479  0.00197178  0.05  
               0.00489765  0.00100649  0.05  
               0.005  -1.22465e-18  0.036  
               0.00492519  0.000861677  0.0355  
               0.00492519  0.000861677  0.0365  
               -0.00174272  -0.00468646  0.0060834  
               0.00468645  -0.00174276  0.00299386  
               0.00470333  -0.00169668  0.00402868  
               0.00435733  -0.00245228  0.00360629  
               0.00492519  0.000861677  0.0245  
               0.005  -1.22465e-18  0.024  
               0.00492519  0.000861677  0.0235  
               0.005  -1.22465e-18  0.033  
               0.005  -1.22465e-18  0.034  
               0.0047027  0.0016984  0.0200002  
               0.0047027  0.0016984  0.0210002  
               0.00492519  0.000861677  0.0205  
               0.0038473  -0.00319347  0.031  
               0.00323939  -0.00380872  0.0315  
               -0.000635871  0.0049594  0.0339724  
               -0.00133019  0.00481981  0.0347869  
               0.00261041  0.00426448  0.00177697  
               0.00341974  0.00364766  0.00185245  
               0.0030527  0.00395993  0.000909389  
               0.00253455  -0.00430999  0.031  
               -0.00376844  0.00328616  0.0318045  
               -0.00377126  0.00328292  0.0308144  
               -0.00425989  0.00261788  0.0314293  
               0.00433723  0.00248766  0.0235023  
               0.00433723  0.00248766  0.0345023  
               0.00433723  0.00248766  0.0355023  
               0.0047027  0.0016984  0.0350002  
               0.00142459  0.00479276  0.00637511  
               0.00155019  0.00475362  0.00758845  
               0.00240381  0.00438426  0.00698279  
               0.00318861  0.00385133  0.00749993  
               0.00242928  0.00437019  0.00803832  
               0.00134022  0.00481703  0.0435222  
               0.000781921  0.00493848  0.0424899  
               0.000289014  0.00499164  0.0436214  
               -0.00492776  -0.000846861  0.0175249  
               -0.00492771  -0.000847128  0.018531  
               -0.00499965  5.88181e-05  0.0180282  
               -0.00437133  -0.00242723  0.00519912  
               -0.00477052  -0.00149737  0.00519738  
               -0.00459474  -0.00197188  0.00433038  
               -0.00459479  0.00197178  0.002598  
               -0.0047707  0.00149682  0.001732  
               -0.00489765  0.00100649  0.002598  
               -0.00362007  0.00344893  0.0377216  
               -0.00341263  0.00365431  0.0366245  
               -0.00132867  0.00482023  0.0317916  
               -0.00198701  0.00458822  0.031612  
               -0.00198708  0.00458819  0.0326116  
               -0.00491792  -0.000902249  0.0314501  
               -0.0046874  -0.00174019  0.0309466  
               -0.00466857  -0.00179009  0.031877  
               0.00383537  0.00320779  0.0300124  
               0.00383537  0.00320779  0.0290124  
               -0.00378247  0.00327  0.0258189  
               -0.00378161  0.00327099  0.0248189  
               -0.00427276  0.00259683  0.0254351  
               -0.00173517  0.00468926  0.0491327  
               -0.00220197  0.00448902  0.05  
               -0.00125326  0.00484039  0.05  
               0.00492519  -0.000861677  0.0235  
               0.00492519  -0.000861677  0.0245  
               0.00470301  -0.00169757  0.024  
               -0.00198698  0.00458823  0.0196115  
               -0.00198695  0.00458825  0.0206117  
               -0.00459479  0.00197178  0.000866  
               0.00253451  -0.00431002  0.0329997  
               0.0032394  -0.00380871  0.0325  
               0.00323941  -0.0038087  0.0334996  
               -0.00075418  0.00494279  0.0491307  
               -0.000246181  0.00499394  0.0482548  
               -0.00124912  0.00484146  0.0482616  
               0.000920698  -0.0049145  0.023  
               0.00175386  -0.0046823  0.0225  
               0.00175386  -0.0046823  0.0235  
               0.00320901  0.00383435  0.0155435  
               0.00383537  0.00320779  0.0160123  
               0.00383536  0.0032078  0.0150123  
               0.000624886  -0.0049608  0.0447793  
               0.000963028  -0.00490638  0.0439022  
               0.00155871  -0.00475083  0.0447047  
               4.41721e-05  -0.0049998  0.0104737  
               2.47263e-05  -0.00499994  0.0114644  
               -0.00086053  -0.00492539  0.0109144  
               0.000103281  0.00499893  0.0271787  
               -0.000634872  0.00495953  0.0269712  
               -0.000634872  0.00495953  0.0279712  
               -0.0049744  0.000505336  0.0448041  
               -0.00477104  0.0014957  0.0448042  
               -0.0048981  0.0010043  0.0439383  
               0.00169225  0.00470492  0.0197417  
               0.000885925  0.00492089  0.0204316  
               -0.00164102  -0.00472304  0.0274999  
               -0.0024307  -0.0043694  0.0279998  
               -0.00243053  -0.0043695  0.027  
               -0.00489765  0.00100647  0.00432998  
               -0.00497435  0.000505842  0.003464  
               -0.005  -3.45539e-08  0.00433003  
               4.62894e-05  -0.00499979  0.0134847  
               -0.000829259  -0.00493075  0.0129706  
               3.38718e-05  -0.00499989  0.012474  
               0.00492484  -0.000863705  0.00550448  
               0.0047017  -0.00170119  0.0060143  
               0.00470182  -0.00170084  0.00502214  
               -0.00499755  0.000156487  0.0129884  
               -0.00487734  0.00110071  0.0130012  
               -0.0049664  0.000578682  0.0121255  
               -0.00198694  0.00458825  0.0266118  
               -0.00198694  0.00458825  0.0276118  
               -0.00132851  0.00482028  0.0267914  
               -0.00340658  0.00365995  0.0103956  
               -0.00377105  0.00328317  0.0111587  
               0.00323939  -0.00380872  0.0205  
               0.0038473  -0.00319347  0.018  
               0.00434009  -0.00248266  0.0185  
               0.0038473  -0.00319347  0.019  
               -0.000802519  -0.00493518  0.0279999  
               5.99834e-05  -0.00499964  0.0275  
               5.99898e-05  -0.00499964  0.0285  
               0.000816439  0.00493289  0.00938085  
               -0.00132851  0.00482027  0.0207913  
               -0.000634871  0.00495953  0.0199712  
               0.00492519  0.000861677  0.0305  
               0.005  -1.22465e-18  0.031  
               -0.00450569  -0.00216766  0.0366332  
               0.00175309  -0.00468259  0.0334995  
               0.00175367  -0.00468238  0.0324998  
               -0.00312221  0.00390535  0.0413305  
               -0.00269213  0.00421337  0.0404876  
               -0.00345906  0.00361039  0.040437  
               0.00175068  -0.00468349  0.0364885  
               0.00253503  -0.00430971  0.0359909  
               0.00253826  -0.00430781  0.0369792  
               -0.00480671  -0.0013768  0.0357829  
               -0.00220242  -0.0044888  0.0465363  
               -0.00125616  -0.00483963  0.046537  
               -0.00173667  -0.00468871  0.0474021  
               0.00134694  -0.00481516  0.0410968  
               0.000336888  -0.00498864  0.0406423  
               0.00109888  -0.00487775  0.0400167  
               0.00383029  0.00321386  0.0400203  
               0.00319972  0.00384211  0.0405659  
               0.0038234  0.00322205  0.0410334  
               0.005  -1.22465e-18  0.048  
               0.00491817  -0.000900867  0.0474994  
               0.005  -1.22465e-18  0.047  
               -0.0035408  -0.00353026  0.00967178  
               -0.00417256  -0.00275495  0.00958311  
               -0.00382618  -0.00321875  0.00875122  
               -0.00165157  -0.00471935  0.0387105  
               -0.00264889  -0.00424068  0.0384383  
               -0.00176732  -0.00467724  0.0376872  
               0.00289425  0.00407717  0.0457443  
               0.00219334  0.00449325  0.0455668  
               0.002586  0.00427932  0.0464925  
               -0.00344483  -0.00362396  0.049134  
               -0.000634872  0.00495953  0.0259712  
               -0.000634872  0.00495953  0.0249712  
               -0.00132851  0.00482028  0.0257914  
               -0.00499955  6.74002e-05  0.0230416  
               -0.00490661  0.000961874  0.0225275  
               0.00492519  0.000861677  0.0215  
               -0.00378151  0.00327111  0.0188185  
               -0.00378155  0.00327106  0.0198184  
               -0.0032213  0.00382404  0.0191407  
               -0.00427147  0.00259894  0.018436  
               -0.00465729  0.00181925  0.0190006  
               -0.00427164  0.00259868  0.0194354  
               -0.00324284  0.00380579  0.00868208  
               -0.00298807  0.00400892  0.00957799  
               -0.00251133  0.00432357  0.00873156  
               -0.00437286  0.00242447  0.0448039  
               -0.00410957  0.00284805  0.0439379  
               -0.00459677  0.00196715  0.0439385  
               -0.00489767  0.00100637  0.04567  
               -0.00497434  0.000505867  0.046536  
               -0.00477067  0.00149691  0.046536  
               -0.000732463  0.00494606  0.0455897  
               0.0002952  0.00499128  0.0455335  
               -0.000212623  0.00499548  0.044633  
               -0.00261811  0.00425975  0.0284021  
               -0.00261764  0.00426004  0.0294017  
               -0.00198694  0.00458825  0.0286118  
               -0.00321995  0.00382517  0.034071  
               0.00381369  0.00323354  0.0420558  
               0.00318991  0.00385026  0.0415942  
               -0.005  3.24688e-09  0.049134  
               -0.00497435  0.000505857  0.048268  
               -0.00497435  -0.000505837  0.048268  
               0.00245593  0.00435527  0.00907446  
               0.00319333  0.00384742  0.00851488  
               -0.00272791  0.00419029  0.0421902  
               -0.00348713  0.00358329  0.0421999  
               -0.00310056  0.00392257  0.0430617  
               -0.005  1.58647e-08  0.047402  
               0.005  -1.22465e-18  0.032  
               0.00492519  -0.000861677  0.0325  
               -0.0049996  6.32936e-05  0.0280316  
               -0.00499969  5.59519e-05  0.0270337  
               -0.00492739  -0.000849026  0.0275293  
               -0.00468844  -0.0017374  0.020018  
               -0.00492697  -0.000851478  0.0205318  
               -0.00465907  0.00181468  0.0259988  
               -0.000634864  0.00495953  0.0179711  
               -0.000634855  0.00495953  0.0169709  
               -0.00132861  0.00482025  0.0177909  
               -0.00125326  0.00484039  0  
               0.00248188  0.00434054  0.0281146  
               0.00248188  0.00434054  0.0291146  
               0.00320902  0.00383434  0.0285436  
               0.00323926  -0.00380883  0.0135  
               0.00253303  -0.00431089  0.0129991  
               0.00323907  -0.00380899  0.0125002  
               -0.00407948  0.00289099  0.0386775  
               -0.00348017  0.00359005  0.0387279  
               0.0038473  -0.00319347  0.014  
               0.00434009  -0.00248266  0.0135  
               0.00434009  -0.00248266  0.0145  
               -0.00499883  0.000107989  0.0333044  
               0.00383537  0.00320779  0.0280124  
               0.00383537  0.00320779  0.0270124  
               0.00320902  0.00383434  0.0275436  
               -0.00134163  0.00481664  0.0357695  
               -0.00136578  0.00480985  0.0367175  
               -0.000639647  0.00495892  0.0359664  
               0.00216576  -0.0045066  0.00432912  
               0.0032395  -0.00380863  0.0344988  
               0.00384732  -0.00319345  0.0339998  
               0.00434009  -0.00248266  0.0275  
               0.0038473  -0.00319347  0.027  
               0.00434009  -0.00248266  0.0265  
               0.00323939  -0.00380872  0.0245  
               0.000571382  0.00496724  0.0072821  
               -0.00492717  -0.000850274  0.0245309  
               -0.0049273  -0.000849523  0.0235318  
               -0.0046886  -0.00173697  0.0240171  
               0.000231174  0.00499465  0.0026092  
               0.00120565  0.00485247  0.00260769  
               0.000739144  0.00494506  0.00173671  
               -0.00488779  -0.00105334  0.0368103  
               0.00433723  0.00248766  0.0295023  
               -0.00314869  -0.00388404  0.0215002  
               -0.00243042  -0.00436956  0.022  
               0.000885927  0.00492089  0.0184315  
               0.000103284  0.00499893  0.0191787  
               0.000885926  0.00492089  0.0194316  
               0.00409734  -0.00286563  0.0482337  
               0.00341972  -0.00364768  0.0482704  
               0.0037214  -0.00333934  0.0474414  
               0.005  -1.22465e-18  0.042  
               0.005  -1.22465e-18  0.043  
               0.00492552  -0.000859788  0.0424911  
               -0.00132886  0.00482018  0.0167906  
               -0.000634851  0.00495953  0.0159705  
               -0.00132935  0.00482004  0.0157901  
               -0.00198694  0.00458825  0.0296118  
               -0.00132851  0.00482028  0.0287914  
               0.00169225  0.00470492  0.0337417  
               0.000885884  0.0049209  0.0334316  
               0.00492519  -0.000861677  0.0165  
               0.00492519  -0.000861677  0.0155  
               0.005  -1.22465e-18  0.016  
               -0.00437172  -0.00242653  0.044804  
               -0.00477067  -0.00149689  0.044804  
               0.00248188  0.00434054  0.0241146  
               0.00320902  0.00383434  0.0235436  
               0.00248188  0.00434054  0.0231146  
               0.000920673  -0.00491451  0.0309999  
               0.000920708  -0.0049145  0.03  
               0.00175387  -0.0046823  0.0305  
               -0.000758638  0.00494211  0.0398177  
               -0.00150582  0.00476786  0.0394054  
               -0.00485379  0.00120031  0.034648  
               -0.00464845  0.00184172  0.035436  
               -0.00455573  0.00206043  0.0346815  
               0.00492519  -0.000861677  0.0315  
               0.00384731  -0.00319347  0.0130002  
               0.00434004  -0.00248276  0.00456202  
               -0.000898182  0.00491867  0.00894951  
               -0.00063696  0.00495926  0.0349732  
               -0.00322119  0.00382413  0.02814  
               -0.00321953  0.00382552  0.0291389  
               0.005  -1.22465e-18  0.046  
               0.00492611  -0.000856414  0.0454746  
               0.005  -1.22465e-18  0.045  
               -0.00220232  -0.00448885  0.00173197  
               -0.00173678  -0.00468867  0.000865965  
               -0.00125481  -0.00483998  0.00173195  
               -0.00489764  0.00100654  0.047402  
               -0.0047707  -0.00149681  0.046536  
               -0.00489765  -0.00100649  0.047402  
               0.00219804  -0.00449095  0.0491322  
               0.00173653  -0.00468876  0.05  
               0.00125239  -0.00484061  0.0491328  
               0.00385519  -0.00318394  0.0379766  
               0.00434595  -0.0024724  0.0384817  
               0.00386697  -0.00316963  0.0389498  
               0.00120684  0.00485217  0.00438051  
               0.00164013  0.00472334  0.00346957  
               0.000715693  0.00494851  0.00349185  
               0.00320902  0.00383435  0.0165436  
               0.00383537  0.00320779  0.0170123  
               -0.00410381  0.00285636  0.00259804  
               -0.00379379  0.00325686  0.00173201  
               -0.00437173  0.00242651  0.001732  
               -0.00462183  0.00190753  0.00951233  
               -0.00440515  0.0023653  0.00865182  
               -0.00477721  0.00147591  0.00865338  
               0.00492513  0.000862006  0.0054828  
               0.005  -1.22465e-18  0.005  
               0.00492542  0.000860395  0.0044728  
               0.00212304  0.00452688  0.00261191  
               0.00248294  0.00433993  0.00344204  
               0.00462692  -0.00189516  0.00185288  
               0.00491465  -0.00091989  0.00244386  
               0.00435173  -0.0024622  0.000888363  
               0.00407759  -0.00289366  0.00173516  
               -0.00344255  -0.00362613  0.00608909  
               -0.00410233  -0.00285848  0.00607657  
               -0.00379321  -0.00325754  0.00520313  
               0.00168891  0.00470612  0.0117333  
               0.00169132  0.00470526  0.012738  
               0.00175387  -0.0046823  0.0295  
               0.00253455  -0.00430999  0.029  
               -0.000634906  0.00495953  0.0149694  
               0.000103272  0.00499893  0.0151776  
               -0.00437171  0.00242654  0.00346404  
               -0.00410393  0.00285618  0.00433  
               -0.0037937  0.00325697  0.00346427  
               -0.0030614  -0.00395321  0.00520491  
               -0.00220761  -0.00448625  0.00520284  
               -0.00459479  -0.00197178  0.000866  
               -0.0047707  -0.00149682  0  
               -0.00437173  -0.00242651  0  
               -0.00459418  -0.00197321  0.00606854  
               -0.0048975  -0.00100724  0.00606426  
               0.0017615  -0.00467943  0.00755861  
               0.00182827  -0.00465375  0.00663421  
               0.00257318  -0.00428704  0.0071065  
               0.00386782  0.00316859  0.00390759  
               0.00388619  0.00314603  0.00498121  
               0.00435106  0.00246338  0.00439481  
               0.00383934  0.00320304  0.00699824  
               0.00383182  0.00321203  0.00799987  
               -0.0047707  0.00149682  0.003464  
               -0.00322125  0.00382407  0.0201409  
               -0.0037815  0.00327112  0.020818  
               -0.00322119  0.00382413  0.0211408  
               -0.00261984  0.00425869  0.0174  
               -0.0026229  0.00425681  0.016399  
               -0.00322388  0.00382186  0.0171383  
               0.00470532  0.00169116  0.00597982  
               0.00492529  0.000861101  0.00649154  
               0.0038473  -0.00319347  0.017  
               0.0038473  -0.00319347  0.016  
               0.00434009  -0.00248266  0.0165  
               0.00325832  -0.00379253  0.0075639  
               0.00324767  -0.00380166  0.00853691  
               0.00254666  -0.00430285  0.00805738  
               0.00492524  0.000861399  0.00849849  
               0.00470287  0.00169793  0.0089988  
               0.00492521  0.000861574  0.00949938  
               0.000747077  -0.00494387  0.00173183  
               -0.00429948  -0.00255235  0.0185072  
               -0.00430038  -0.00255083  0.0175075  
               -0.00377868  -0.00327439  0.0180012  
               -0.00477101  -0.00149582  0.00693556  
               0.00385535  -0.00318376  0.00803191  
               0.00434271  -0.00247807  0.00851069  
               0.00385141  -0.00318852  0.00901663  
               0.00433723  0.00248766  0.0205023  
               0.00433723  0.00248766  0.0215023  
               0.0047027  0.0016984  0.0150002  
               0.00492519  0.000861677  0.0145  
               0.005  -1.22465e-18  0.006  
               0.00323939  -0.00380872  0.0265  
               0.00323939  -0.00380872  0.0275  
               0.00434048  -0.00248199  0.0105012  
               0.00434136  -0.00248045  0.00950426  
               -0.00198887  0.00458742  0.0166099  
               0.00323939  -0.00380872  0.0185  
               0.005  -1.22465e-18  0.017  
               0.00492519  0.000861677  0.0165  
               0.00248178  0.0043406  0.0141138  
               0.00248185  0.00434055  0.0151143  
               0.00320898  0.00383438  0.0145433  
               0.000885837  0.0049209  0.0144303  
               0.000103002  0.00499894  0.0141762  
               0.00248188  0.00434054  0.0161145  
               0.00248188  0.00434054  0.0171145  
               0.00175286  -0.00468268  0.0144989  
               0.00253409  -0.00431027  0.0139996  
               0.00253447  -0.00431004  0.0149999  
               0.00175755  -0.00468092  0.0374743  
               0.00434009  -0.00248266  0.0175  
               0.00470301  -0.00169757  0.018  
               0.00434082  -0.00248138  0.036497  
               0.000885925  0.00492089  0.0214316  
               0.000885924  0.00492089  0.0224316  
               0.000920693  -0.0049145  0.018  
               0.00175386  -0.0046823  0.0185  
               0.000920697  -0.0049145  0.019  
               0.00383537  0.00320779  0.0240124  
               0.00320902  0.00383434  0.0245436  
               0.00383537  0.00320779  0.0250124  
               0.0038473  -0.00319347  0.023  
               0.000103302  0.00499893  0.0161783  
               -0.00164139  -0.0047229  0.0174993  
               -0.0024311  -0.00436918  0.0169988  
               -0.00164204  -0.00472268  0.0164983  
               -0.00410356  0.00285671  0.0474017  
               -0.00459473  0.00197192  0.0474019  
               -0.00437167  0.00242663  0.048268  
               -0.00437157  0.00242681  0.0465357  
               -0.00477068  0.00149686  0.048268  
               -0.00459478  0.00197181  0.049134  
               -0.00489765  0.0010065  0.049134  
               -0.00429734  -0.00255596  0.0255063  
               -0.00468903  -0.00173581  0.0250179  
               -0.00429887  -0.00255337  0.0245073  
               0.00470301  -0.00169757  0.026  
               0.00492519  -0.000861677  0.0255  
               0.00492519  -0.000861677  0.0265  
               0.005  -1.22465e-18  0.039  
               0.005  -1.22465e-18  0.038  
               0.00492519  0.000861677  0.0385  
               0.00320785  0.00383532  0.0385455  
               0.00320515  0.00383758  0.0395514  
               0.00383396  0.00320948  0.0390144  
               -0.00243043  -0.00436955  0.026  
               -0.00164103  -0.00472303  0.0255  
               0.000920698  -0.0049145  0.025  
               0.00175386  -0.0046823  0.0255  
               0.000920698  -0.0049145  0.026  
               -0.000253246  0.00499358  0  
               0.000249928  0.00499375  0.000866606  
               0.000757139  0.00494234  0  
               0.00492519  0.000861677  0.0265  
               0.00492519  0.000861677  0.0275  
               0.005  -1.22465e-18  0.027  
               -0.00469452  -0.00172088  0.0299883  
               -0.00492822  -0.000844183  0.0304979  
               -0.00493015  -0.000832818  0.0295178  
               -0.00427358  0.00259548  0.026434  
               -0.00465876  0.00181548  0.026998  
               0.00379185  -0.00325912  0.0491202  
               0.00437752  -0.00241605  0.0490923  
               -0.0049745  0.000504334  0.0413311  
               -0.00489719  0.00100872  0.0404526  
               -0.005  -9.35813e-07  0.040452  
               -0.00488133  0.00108287  0.0355482  
               -0.00496807  0.000564135  0.0361993  
               -0.00476837  0.00150421  0.0362554  
               0.00410382  -0.00285634  0.05  
               -0.00490693  0.000960226  0.0185263  
               -0.00490713  0.000959181  0.0195273  
               0.00492519  -0.000861676  0.0345  
               0.00492519  -0.000861674  0.0355  
               0.000103281  0.00499893  0.0281787  
               -0.00344414  0.00362462  0.045666  
               -0.00306404  0.00395116  0.0447937  
               -0.00379632  0.00325392  0.044802  
               -0.00410385  0.0028563  0.0456692  
               0.00434009  -0.00248266  0.0335  
               0.00434012  -0.00248262  0.0344998  
               -0.000234532  0.0049945  0.0464758  
               0.00320902  0.00383434  0.0325436  
               0.00383537  0.00320779  0.0330124  
               0.00383537  0.00320779  0.0320124  
               0.005  -1.22465e-18  0.04  
               -0.00395361  -0.00306088  0.036015  
               -0.00396344  -0.00304813  0.0369667  
               -0.00494871  -0.000714333  0.0340464  
               -0.00499453  0.000233817  0.0343119  
               0.000755765  -0.00494255  0.0482648  
               0.00309388  0.00392784  0.0472843  
               0.00336222  0.00370074  0.0463668  
               -0.00424984  0.00263417  0.0351921  
               0.00323998  -0.00380822  0.0354966  
               0.00324181  -0.00380666  0.036488  
               0.00433723  0.00248766  0.0335023  
               0.0047027  0.0016984  0.0340002  
               0.00430418  -0.00254442  0.047329  
               0.00469369  -0.00172317  0.0469612  
               0.00464303  -0.00185535  0.048104  
               -0.00333751  -0.00372304  0.036611  
               0.00320902  0.00383434  0.0315436  
               0.00248188  0.00434054  0.0321146  
               0.00276058  -0.00416884  0.0416577  
               0.00217164  -0.00450378  0.0411403  
               0.00274315  -0.00418032  0.0407414  
               -0.00322856  0.0038179  0.0161366  
               -0.00378421  0.00326799  0.0168166  
               0.00320902  0.00383434  0.0265436  
               0.00248188  0.00434054  0.0271146  
               -0.00262719  0.00425416  0.0153995  
               -0.00199093  0.00458652  0.0156099  
               0.00383537  0.00320779  0.0340124  
               0.00470591  -0.00168949  0.0419778  
               0.00470683  -0.00168694  0.0409805  
               0.00384809  -0.00319252  0.0359967  
               0.00248188  0.00434054  0.0351146  
               0.00248188  0.00434054  0.0341146  
               0.00169225  0.00470492  0.0347417  
               -0.0049995  7.08172e-05  0.0300381  
               -0.00490495  0.000970305  0.0305472  
               -0.00490364  0.000976896  0.0295328  
               0.00434207  -0.0024792  0.0374934  
               0.0025302  -0.00431255  0.0110024  
               0.00253134  -0.00431188  0.0100107  
               0.00323927  -0.00380882  0.0105071  
               0.00320882  0.00383451  0.0375439  
               0.00320902  0.00383434  0.0365436  
               0.00248146  0.00434078  0.0371149  
               -0.0030883  -0.00393223  0.0413097  
               -0.00346188  -0.00360769  0.0404393  
               0.00387705  -0.0031573  0.042863  
               -0.00465018  0.00183734  0.0300056  
               -0.0042648  0.00260989  0.0294335  
               -0.00465256  0.0018313  0.0290004  
               0.00470301  -0.00169757  0.034  
               0.00384749  -0.00319325  0.0349989  
               0.00492519  -0.000861677  0.0335  
               0.00470301  -0.00169757  0.033  
               0.00492581  -0.00085813  0.0444793  
               0.0049255  -0.000859916  0.0434871  
               0.005  -1.22465e-18  0.044  
               0.00244428  -0.00436182  0.0445612  
               0.00182265  -0.00465596  0.0437721  
               -0.000377051  -0.00498576  0.0413501  
               -0.00133392  -0.00481878  0.0412694  
               -0.000736104  -0.00494552  0.0402955  
               0.00248288  0.00433997  0.0401271  
               -0.00140859  0.00479749  0.0385078  
               -0.00477266  0.00149053  0.0413286  
               -0.000331374  -0.00498901  0.0448063  
               5.6489e-05  -0.00499968  0.0439487  
               0.00470132  0.00170224  0.042001  
               0.00433051  0.00249933  0.042515  
               0.00470552  0.00169058  0.0429939  
               -0.00499968  5.62595e-05  0.0159815  
               -0.00499961  6.27616e-05  0.0170215  
               -0.00490659  0.000961987  0.0165217  
               0.00471834  0.00165447  0.0449882  
               0.00438372  0.00240479  0.045454  
               0.00470409  0.00169455  0.0460151  
               -0.00261557  0.00426132  0.032398  
               0.00471417  0.00166632  0.0439858  
               0.00435086  0.00246375  0.0434985  
               0.0043802  0.0024112  0.0444772  
               -0.00429001  0.00256823  0.014421  
               -0.00379677  0.00325339  0.0148104  
               -0.00378779  0.00326384  0.0138146  
               -0.00489869  0.00100142  0.042203  
               0.00434371  -0.00247632  0.0434291  
               -0.00261817  0.00425972  0.0214022  
               -0.00198695  0.00458825  0.0216118  
               0.00460029  0.00195892  0.0471699  
               0.00491047  0.000941952  0.0476007  
               0.00491503  0.000917875  0.0465579  
               -0.0026182  0.0042597  0.0204022  
               -0.00497429  -0.000506427  0.041332  
               -0.005  -1.89636e-06  0.0422039  
               -0.00305823  0.00395566  0.0465315  
               -0.00264119  0.00424548  0.0456561  
               -0.00490697  0.000960001  0.0275266  
               0.00126055  0.00483849  0.0473537  
               0.000264123  0.00499302  0.0473645  
               0.000767833  0.00494069  0.048246  
               -0.00490432  0.000973457  0.0155317  
               -0.00490705  0.000959594  0.0175235  
               -0.00465682  0.00182045  0.0170022  
               0.000856938  0.00492602  0.0445375  
               -0.00126174  0.00483818  0.00524448  
               -0.000809634  0.00493401  0.00616586  
               -0.000251267  0.00499368  0.00529281  
               -0.00178771  0.00466949  0.0061081  
               -0.00344466  0.00362413  0.0491339  
               -0.00306053  0.00395388  0.05  
               -0.00469761  0.00171244  0.013902  
               -0.00460181  0.00195534  0.0128886  
               5.99802e-05  -0.00499964  0.0245  
               -0.000802532  -0.00493517  0.025  
               -0.000802532  -0.00493517  0.024  
               0.00383537  0.00320779  0.0210124  
               0.00169225  0.00470492  0.0307417  
               0.000885924  0.00492089  0.0314316  
               0.000103288  0.00499893  0.0181786  
               -0.00429904  -0.00255309  0.0314378  
               -0.0037924  -0.00325848  0.0319615  
               -0.00430507  -0.0025429  0.0324085  
               -0.003221  0.00382429  0.0221408  
               -0.00261811  0.00425975  0.0224022  
               0.00320573  0.0038371  0.0105356  
               0.00320782  0.00383535  0.0115399  
               0.00383465  0.00320866  0.0110099  
               0.00383528  0.0032079  0.0130119  
               0.00320889  0.00383445  0.0135429  
               0.000911498  -0.00491622  0.0350015  
               3.22824e-05  -0.0049999  0.035515  
               4.31557e-05  -0.00499981  0.0345083  
               -0.00242973  -0.00436994  0.0140037  
               -0.00164658  -0.0047211  0.0144932  
               -0.00243145  -0.00436899  0.015  
               -0.0042614  0.00261543  0.0304353  
               -0.00465169  0.00183352  0.0310119  
               -0.00492139  -0.000883103  0.0112738  
               -0.00498667  -0.000364802  0.0121209  
               -0.00499951  7.01382e-05  0.0112586  
               -0.0049744  -0.00050536  0.0069296  
               -0.005  3.39116e-06  0.00779369  
               -0.00497448  0.000504513  0.0069276  
               0.00470301  -0.00169757  0.013  
               0.00470301  -0.00169757  0.014  
               -0.00264747  -0.00424157  0.00433048  
               -0.00344529  -0.00362353  0.00433115  
               0.00433937  0.00248392  0.00749669  
               -0.00438016  0.00241126  0.00692435  
               -0.0046037  0.00195088  0.00778903  
               -0.00413692  0.00280818  0.00778928  
               0.000885924  0.00492089  0.0234316  
               0.00169225  0.00470492  0.0237417  
               0.00169225  0.00470492  0.0227417  
               -0.000802569  -0.00493517  0.0299996  
               -0.00164197  -0.0047227  0.0304987  
               -0.00164108  -0.00472301  0.0294993  
               0.000102931  0.00499894  0.0371689  
               0.000885621  0.00492094  0.0364319  
               -0.00443389  -0.00231099  0.0354359  
               5.5105e-05  -0.0049997  0.0144935  
               -0.000813815  -0.00493333  0.0139866  
               -0.00379309  0.00325768  0.0465348  
               -0.00344396  0.00362479  0.0474009  
               -0.00200368  0.00458097  0.0355492  
               -0.00497414  0.000507854  0.0395722  
               -0.0048952  0.00101836  0.0387028  
               -0.00499996  -1.87568e-05  0.0386863  
               0.000103295  0.00499893  0.0171785  
               -0.0026162  0.00426092  0.0314009  
               -0.00198696  0.00458825  0.0306118  
               -0.00261697  0.00426045  0.0304014  
               -0.0020213  0.00457322  0.038139  
               -0.00221992  0.00448018  0.038927  
               0.00177826  0.00467309  0.00524764  
               0.00247731  0.00434315  0.00595376  
               0.00263757  0.00424773  0.00499725  
               -0.00378292  0.00326949  0.0268179  
               -0.00378194  0.00327062  0.0278163  
               -0.00322183  0.00382359  0.0271411  
               -0.00166718  -0.00471386  0.03351  
               -0.000824524  -0.00493155  0.0340107  
               -0.00132851  0.00482028  0.0237914  
               -0.000634872  0.00495953  0.0239712  
               -0.000634872  0.00495953  0.0289712  
               -0.00132851  0.00482028  0.0297914  
               -0.000634872  0.00495953  0.0299712  
               -0.000843976  -0.00492826  0.0350276  
               0.00248118  0.00434094  0.0381158  
               0.00169575  0.00470366  0.0387399  
               0.00248239  0.00434025  0.0391185  
               -0.00085059  -0.00492712  0.0119437  
               -0.00171383  -0.0046971  0.0113855  
               -0.00232159  0.00442834  0.0413224  
               -0.00188095  0.00463271  0.0421633  
               -0.00151158  0.00476604  0.0413517  
               -0.00378534  -0.00326668  0.0299895  
               -0.00378529  -0.00326674  0.0309769  
               -0.00430429  -0.00254422  0.0304725  
               -0.0016572  -0.00471738  0.0134832  
               -0.00379352  -0.00325718  0.0395809  
               -0.00344179  -0.00362685  0.0387725  
               0.00235243  0.00441204  0.0432363  
               0.00200399  0.00458083  0.0444214  
               0.00135467  -0.00481299  0.0421176  
               0.00206739  -0.00455257  0.0419217  
               0.00198798  -0.0045878  0.0428308  
               -0.0038039  -0.00324505  0.0413261  
               0.0039203  0.00310342  0.0470848  
               -0.00215932  -0.0045097  0.00895569  
               0.00492519  -0.000861677  0.0275  
               0.00320902  0.00383434  0.0185436  
               0.00383537  0.00320779  0.0180124  
               0.00320902  0.00383434  0.0175436  
               -0.00344484  0.00362396  0.000865999  
               -0.000802532  -0.00493517  0.022  
               -0.00164103  -0.00472303  0.0215  
               -0.000802532  -0.00493517  0.021  
               0.000757139  -0.00494234  0  
               0.00173653  -0.00468876  0  
               0.00124571  -0.00484234  0.000864495  
               -0.00381334  -0.00323396  0.0329535  
               -0.00384982  -0.00319043  0.0339587  
               -0.00492775  -0.000846928  0.021533  
               -0.00492792  -0.000845927  0.0225334  
               -0.00499955  6.6887e-05  0.0220402  
               0.00175386  -0.0046823  0.0285  
               -0.00389773  -0.00313172  0.0349821  
               -0.00328543  -0.00376908  0.0355525  
               0.00351878  0.00355221  0.048133  
               0.00268367  0.00421876  0.0482004  
               0.00184733  -0.00464622  0.0394133  
               -0.00278805  0.00415052  0.0104916  
               0.0038606  0.00317739  0.00599744  
               0.00327452  0.00377856  0.00551407  
               0.00321123  0.0038325  0.00649596  
               -0.000832168  -0.00493026  0.038107  
               -0.00377777  -0.00327543  0.0260021  
               -0.00377787  -0.00327532  0.0270023  
               -0.00429847  -0.00255405  0.0265078  
               0.00472354  -0.00163957  0.000841295  
               -0.00314864  -0.00388408  0.0265002  
               -0.00314864  -0.00388408  0.0255002  
               0.00492519  0.000861677  0.0135  
               0.00253444  -0.00431006  0.033999  
               0.00470301  -0.00169757  0.025  
               0.00434009  -0.00248266  0.0245  
               -0.00377692  -0.00327641  0.0250013  
               0.00383511  0.00320811  0.0120112  
               0.0043372  0.00248771  0.012502  
               -0.00094917  0.00490908  0.0420026  
               -0.000323513  0.00498952  0.0427775  
               -2.23125e-05  0.00499995  0.0417701  
               0.00123206  -0.00484583  0.0430421  
               0.00324611  0.00380299  0.0035779  
               0.00297225  0.00402066  0.00267711  
               0.005  -1.22465e-18  0.01  
               0.00433723  0.00248766  0.0165023  
               0.00433723  0.00248766  0.0155023  
               0.00492558  0.000859461  0.0424974  
               -0.00377497  0.00327866  0.0298153  
               -0.00321721  0.00382747  0.0301385  
               0.00340144  -0.00366473  0.00170325  
               0.00370547  -0.003357  0.00252008  
               0.00435046  0.00246445  0.0463697  
               -0.00379379  -0.00325686  0.046536  
               0.00470305  -0.00169746  0.0110002  
               0.00492519  -0.000861674  0.0115  
               -0.0025661  -0.00429129  0.0361055  
               -0.00263541  -0.00424907  0.0372195  
               0.000250272  -0.00499373  0.000865583  
               -0.000253246  -0.00499358  0  
               0.00383534  0.00320782  0.0140122  
               0.00326092  -0.00379031  0.0384447  
               0.00324754  -0.00380178  0.0374727  
               0.00385038  -0.00318976  0.0369886  
               -0.00465632  0.00182173  0.0279981  
               -0.00426943  0.00260229  0.028432  
               -0.00427274  0.00259687  0.0274326  
               -0.00377538  -0.00327819  0.0160014  
               -0.00377918  -0.00327381  0.0170019  
               -0.00429804  -0.00255477  0.0165066  
               -0.0016411  -0.00472301  0.0184998  
               -0.00243049  -0.00436952  0.0189998  
               -0.0024307  -0.00436941  0.0179994  
               -0.000282088  -0.00499204  0.00517783  
               -0.000773915  -0.00493974  0.00432096  
               0.000221784  -0.00499508  0.00431084  
               -0.00469053  -0.00173175  0.0180182  
               0.00470346  -0.00169631  0.00900181  
               -0.00458075  0.00200418  0.0370061  
               -0.00314944  -0.00388343  0.0275005  
               -0.00377921  -0.00327377  0.0280025  
               0.000102565  0.00499895  0.0341793  
               0.00492519  0.000861677  0.0195  
               0.0047027  0.0016984  0.0190002  
               0.00492519  0.000861677  0.0295  
               0.00433723  0.00248766  0.0175023  
               0.0047027  0.0016984  0.0170002  
               0.000259047  0.00499328  0.0491272  
               -0.00377444  0.00327927  0.0346899  
               -0.00345771  0.00361168  0.0439333  
               -0.00266612  0.00422987  0.043916  
               0.00492519  -0.000861677  0.0125  
               0.00492519  -0.000861677  0.0135  
               0.00384731  -0.00319346  0.0329999  
               -0.00220265  0.00448869  0.0447693  
               -0.00124225  0.00484322  0.0447187  
               -0.00176044  0.00467983  0.0438654  
               -0.00133415  0.00481872  0.0429458  
               -0.000923202  -0.00491403  0.0421902  
               0.00382487  -0.00322031  0.00504835  
               -0.00224064  -0.00446985  0.0430596  
               -0.00135784  -0.0048121  0.0430626  
               -0.00177643  -0.00467379  0.0439375  
               0.000909932  -0.00491651  0.0129897  
               0.00175059  -0.00468353  0.0134968  
               0.000915742  -0.00491543  0.0139941  
               -0.00168792  -0.00470648  0.00795534  
               0.005  -1.22465e-18  0.026  
               0.00175386  -0.0046823  0.0245  
               0.00326851  -0.00378376  0.00658991  
               0.00385787  -0.0031807  0.00704731  
               -0.00181592  -0.00465859  0.0421696  
               0.00175386  -0.0046823  0.0215  
               0.000920698  -0.0049145  0.021  
               0.00175386  -0.0046823  0.0205  
               0.00260463  -0.00426801  0.0435503  
               -0.000766208  0.00494094  0.0437685  
               -0.0047707  0.00149682  0.05  
               0.00214823  -0.00451499  0.0455494  
               0.0026182  -0.0042597  0.0464569  
               0.00171303  -0.0046974  0.0464875  
               -0.00459993  0.00195976  0.042202  
               -0.00412122  0.00283117  0.0422006  
               -0.00438087  0.00240997  0.0413271  
               -0.00245843  -0.00435387  0.0330029  
               -0.00317397  -0.00386341  0.0324865  
               0.000920698  -0.0049145  0.027  
               0.00175386  -0.0046823  0.0275  
               0.000920699  -0.0049145  0.028  
               0.0047027  0.0016984  0.0310002  
               0.0047027  0.0016984  0.0320002  
               -0.00314154  -0.00388983  0.0145095  
               -0.00375519  -0.00330129  0.0140023  
               -0.00312227  -0.00390531  0.0135354  
               -0.000802531  -0.00493517  0.026  
               5.99803e-05  -0.00499964  0.0255  
               -0.000864696  -0.00492466  0.0360489  
               -0.00345566  -0.00361364  0.0421963  
               -0.0041064  -0.00285263  0.0422036  
               -0.00221049  -0.00448483  0.0448056  
               -0.00174248  -0.00468655  0.0456721  
               -0.00264561  -0.00424273  0.0456704  
               -0.00468494  -0.00174681  0.0160105  
               -0.00428759  -0.00257227  0.0155019  
               -0.00497643  -0.000484964  0.00866147  
               -0.00489933  -0.00099826  0.00779892  
               0.00470301  -0.00169757  0.022  
               5.99746e-05  -0.00499964  0.0185  
               5.99394e-05  -0.00499964  0.0174999  
               0.00382879  0.00321564  0.0490656  
               0.00309322  0.00392836  0.0490831  
               0.00344483  0.00362396  0.05  
               0.005  -1.22465e-18  0.02  
               0.005  -1.22465e-18  0.019  
               -0.000803326  -0.00493504  0.0309993  
               -0.00427171  0.00259856  0.0174363  
               -0.00378208  0.00327045  0.017818  
               -0.00165201  -0.0047192  0.0325009  
               -0.00132851  0.00482028  0.0277914  
               -0.00132851  0.00482028  0.0227914  
               -0.00198694  0.00458825  0.0236118  
               -0.00164103  -0.00472303  0.0225  
               -0.00154254  0.00475611  0.00978632  
               -0.00229167  0.0044439  0.00966633  
               -0.00212093  0.00452788  0.010624  
               -0.00476325  -0.00152035  0.0395562  
               -0.00497296  -0.000519307  0.0395642  
               -0.00489755  -0.00100698  0.0422045  
               -0.00476115  0.0015269  0.037852  
               -0.00489533  0.00101773  0.0370308  
               -0.00497524  0.000496937  0.0378379  
               -0.00422098  0.00268018  0.0342534  
               -0.00466208  -0.00180694  0.0113046  
               -0.00482243  -0.00132068  0.0121497  
               -0.00198759  0.00458797  0.0176106  
               -0.00261859  0.00425946  0.0184012  
               -0.00198712  0.00458818  0.0186112  
               -0.0042567  -0.00262307  0.0132907  
               -0.00368271  -0.00338196  0.0131019  
               -0.000651151  0.00495742  0.0119547  
               -0.000748043  0.00494373  0.0473799  
               -0.000777428  -0.00493919  0.0456723  
               -0.0012861  -0.00483176  0.0448085  
               -0.00459484  0.00197167  0.00432994  
               -0.00477088  0.00149624  0.00519576  
               -0.00261682  0.00426055  0.0333862  
               0.00169225  0.00470492  0.0297417  
               -0.00497433  -0.000506044  0.044804  
               -0.00490679  0.000960946  0.0215276  
               -0.00499966  5.83069e-05  0.0210351  
               -0.005  -9.25041e-07  0.0439381  
               -0.00132851  0.00482028  0.0247914  
               -0.00477263  0.00149065  0.0430718  
               -0.00436456  0.00243939  0.0395701  
               -0.00378968  0.00326164  0.0395747  
               -0.00458084  0.00200396  0.0386961  
               -0.00432761  0.00250436  0.0378086  
               0.00069565  -0.00495137  0.00514887  
               0.00247118  0.00434664  0.0100947  
               0.00247804  0.00434273  0.0111053  
               -0.00125559  0.00483978  0.00173339  
               -0.00173784  0.00468827  0.00260197  
               -0.000763229  0.0049414  0.00260567  
               0.005  -1.22465e-18  0.009  
               0.00120228  -0.0048533  0.00429541  
               0.00161905  -0.00473061  0.00509889  
               -0.0046522  0.00183222  0.0320068  
               -0.00425652  0.00262337  0.0324032  
               0.005  -1.22465e-18  0.007  
               0.005  -1.22465e-18  0.008  
               0.00492517  -0.0008618  0.0075009  
               -0.00489942  0.000997849  0.00951863  
               -0.00478439  0.00145247  0.0103753  
               -0.005  -3.98445e-06  0.0369511  
               0.0049252  0.000861647  0.0104997  
               0.005  -1.22465e-18  0.011  
               -0.00259462  0.0042741  0.0124287  
               -0.00198339  0.00458979  0.0126148  
               0.000920302  -0.00491457  0.0159992  
               5.83031e-05  -0.00499966  0.0154971  
               0.000919404  -0.00491474  0.0149981  
               0.00092066  -0.00491451  0.0169999  
               5.96771e-05  -0.00499964  0.0164993  
               0.00253453  -0.00431001  0.016  
               0.00323939  -0.00380872  0.0155  
               0.00323939  -0.00380872  0.0165  
               -0.00397629  0.00303135  0.0103541  
               -0.00363689  0.00343119  0.0095288  
               -0.0041863  0.00273402  0.00951066  
               0.00470301  -0.00169757  0.02  
               0.00434009  -0.00248266  0.0195  
               0.000885924  0.00492089  0.0264316  
               0.00433723  0.00248766  0.0255023  
               0.0047027  0.0016984  0.0260002  
               0.0047027  0.0016984  0.0250002  
               0.000920698  -0.0049145  0.02  
               5.99795e-05  -0.00499964  0.0195  
               0.0047027  0.0016984  0.0230002  
               0.00492519  0.000861677  0.0225  
               -0.00344517  0.00362364  0.00433124  
               0.00470301  -0.00169757  0.028  
               0.00470301  -0.00169757  0.027  
               -0.000806083  -0.0049346  0.032  
               5.72812e-05  -0.00499967  0.0325004  
               -0.000811857  -0.00493365  0.0330022  
               0.00335811  -0.00370447  0.0412903  
               0.0019689  -0.00459602  0.040342  
               0.00264743  -0.00424159  0.0398424  
               0.000919224  -0.00491478  0.033  
               0.000915857  -0.0049154  0.034001  
               2.433e-05  -0.00499994  0.0365226  
               -0.00426841  0.00260398  0.0134713  
               -0.00376225  0.00329325  0.0127728  
               -0.00359843  0.0034715  0.0118846  
               -0.00427616  0.00259123  0.0154308  
               0.0049251  0.000862198  0.0414999  
               0.00492514  0.000861986  0.0405002  
               0.00492519  0.000861687  0.0395  
               -0.00305977  0.00395447  0.0482672  
               -0.00264429  0.00424355  0.0491336  
               -0.0022  0.00448999  0.0482655  
               -0.00125327  -0.00484038  0.048268  
               -0.00025332  -0.00499358  0.0482674  
               -0.000757124  -0.00494234  0.049134  
               -0.00314948  -0.0038834  0.0174992  
               -0.00314894  -0.00388384  0.0184996  
               -0.00377695  -0.00327637  0.0230012  
               -0.00377792  -0.00327526  0.0240018  
               -0.00429769  -0.00255535  0.0235061  
               -0.00319207  -0.00384846  0.0115958  
               -0.00374109  -0.00331726  0.0112433  
               -0.00329581  -0.00376001  0.0106034  
               0.00169225  0.00470492  0.0217417  
               -0.00351933  0.00355167  0.00779632  
               -0.00311538  0.0039108  0.00693515  
               -0.00382049  0.00322551  0.00692549  
               -0.00477224  0.00149187  0.00692612  
               -0.00489861  0.0010018  0.0077914  
               -0.0026183  0.00425963  0.0274024  
               -0.00377901  0.003274  0.0288151  
               0.000886193  0.00492084  0.038422  
               0.00169159  0.00470516  0.0377424  
               -0.00205617  0.00455765  0.0364906  
               -0.00211133  0.00453236  0.0373729  
               5.93614e-05  -0.00499965  0.0314997  
               -0.00499941  -7.71106e-05  0.0322011  
               -0.00463996  0.00186301  0.0112119  
               -0.00111033  0.00487516  0.00797508  
               -0.000443489  0.00498029  0.00712606  
               -0.00140395  0.00479885  0.00702346  
               0.00175383  -0.00468232  0.0164999  
               0.00253455  -0.00431  0.017  
               0.00175386  -0.0046823  0.0175  
               -0.00492802  -0.000845372  0.0331046  
               -0.00459535  0.00197047  0.0404502  
               -0.00411097  0.00284604  0.0404502  
               0.00175386  -0.0046823  0.0195  
               0.00253455  -0.00430999  0.019  
               0.00253455  -0.00430999  0.02  
               0.00470301  -0.00169757  0.032  
               -0.00446289  -0.00225446  0.0122252  
               -0.00469684  -0.00171456  0.0130362  
               -0.00267821  -0.00422223  0.0421827  
               -0.00168398  0.00470789  0.0404427  
               -0.000692447  0.00495182  0.0408916  
               0.005  -1.22465e-18  0  
               0.005  -1.22465e-18  0.001  
               0.00489765  -0.00100649  0  
               -0.00224781  0.00446624  0.0397634  
               -0.0030055  0.00399587  0.0394645  
               0.0049254  -0.000860477  0.0384987  
               0.00248188  0.00434054  0.0191146  
               0.00320902  0.00383434  0.0195436  
               -0.00164103  -0.00472303  0.0245  
               0.000885924  0.00492089  0.0244316  
               0.00169225  0.00470492  0.0247417  
               0.000232359  -0.0049946  0.0060372  
               -0.00221256  0.00448381  0.00521445  
               0.00255022  -0.00430074  0.0379531  
               -0.00144414  -0.00478691  0.0396118  
               -0.0018122  -0.00466003  0.040415  
               -0.00175851  -0.00468056  0.0366129  
               0.00320902  0.00383434  0.0215436  
               0.00320902  0.00383434  0.0205436  
               0.00175386  -0.0046823  0.0265  
               0.00253455  -0.00430999  0.027  
               0.002627  -0.00425428  0.0482618  
               0.00305395  -0.00395896  0.0491318  
               -0.00478105  0.00146342  0.0120891  
               -0.00382061  0.00322536  0.0413251  
               -0.00080385  -0.00493496  0.0159977  
               0.00323879  -0.00380923  0.0115018  
               0.00384777  -0.00319291  0.0110027  
               -0.00322184  0.00382358  0.0181398  
               -0.00379354  0.00325715  0.0482678  
               -0.00476663  0.00150971  0.0395734  
               -0.0024315  -0.00436896  0.0159988  
               -0.00314948  -0.0038834  0.0164999  
               -0.00314754  -0.00388497  0.0155013  
               5.29345e-05  -0.00499972  0.0335021  
               0.000907298  -0.00491699  0.0360004  
               0.00175086  -0.00468343  0.0354958  
               -0.00480417  -0.00138561  0.0104131  
               -0.0049089  -0.00095012  0.00953335  
               -0.00463009  -0.0018874  0.00955089  
               -0.00477086  -0.00149631  0.0413329  
               -0.00489688  -0.00101023  0.040452  
               -0.00437158  -0.00242678  0.00694804  
               -0.00499091  -0.000301353  0.0138343  
               -0.00490214  -0.000984392  0.014525  
               -0.00499939  7.81475e-05  0.0148581  
               0.00253455  -0.00431  0.032  
               0.0047027  0.0016984  0.0360002  
               0.00433723  0.00248766  0.0365023  
               0.005  -1.22465e-18  0.014  
               0.00434339  -0.00247689  0.00751929  
               0.00434023  -0.00248243  0.0115006  
               0.00384879  -0.00319168  0.0100065  
               -0.000259963  0.00499324  0.00173432  
               -0.000758631  0.00494211  0.000866116  
               -0.00125326  -0.00484039  0.05  
               -0.000253246  -0.00499358  0.05  
               -0.00072321  -0.00494742  0.0391268  
               0.005  -1.22465e-18  0.023  
               -0.00379663  0.00325356  0.00519585  
               -0.0041103  0.002847  0.00605988  
               -0.00345923  0.00361023  0.00606231  
               -0.00344681  -0.00362209  0.00789162  
               -0.00308014  -0.00393862  0.00884395  
               -0.00387923  -0.00315462  0.0121888  
               -0.00459995  -0.00195971  0.00781295  
               -0.00478124  -0.00146279  0.00867229  
               -0.00132851  0.00482028  0.0217913  
               -0.0037938  -0.00325685  0.001732  
               0.00300105  -0.00399921  0.00257374  
               0.000236632  0.0049944  0.00625868  
               0.00378673  0.00326507  0.000947815  
               0.00344483  0.00362396  0  
               0.00492499  -0.000862826  0.00650281  
               -0.000802532  -0.00493517  0.023  
               5.99802e-05  -0.00499964  0.0225  
               0.00434059  -0.00248178  0.00652727  
               0.00470304  -0.00169748  0.00700774  
               0.000241707  -0.00499415  0.0025963  
               0.0007323  -0.00494608  0.00345438  
               5.99802e-05  -0.00499964  0.0215  
               0.00324189  -0.0038066  0.00951714  
               0.00253659  -0.0043088  0.00902891  
               -0.005  -3.70017e-07  0.00606233  
               -0.00489792  0.0010052  0.00606165  
               0.000731523  0.0049462  0.00834186  
               -0.000637841  0.00495915  0.0129626  
               9.60432e-05  0.00499908  0.0121675  
               -0.0037654  0.00328964  0.0327761  
               -0.00424504  0.0026419  0.0333466  
               -0.00376154  0.00329406  0.0337273  
               0.00492519  -0.000861677  0.0145  
               -0.00445362  -0.00227272  0.0104333  
               0.000907924  -0.00491688  0.0369994  
               0.0009432  -0.00491023  0.00803757  
               0.000904704  -0.00491747  0.00900851  
               3.00356e-05  -0.00499991  0.00851297  
               -0.000644682  0.00495826  0.0369359  
               -0.00137368  0.0048076  0.0376083  
               0.00320105  0.003841  0.00952763  
               0.00383205  0.00321176  0.00900385  
               -0.0013297  0.00481995  0.0147896  
               0.00434009  -0.00248266  0.0255  
               0.00320902  0.00383434  0.0225436  
               -0.00427254  0.00259719  0.016436  
               0.005  -1.22465e-18  0.021  
               0.00492519  -0.000861677  0.0205  
               -0.00167917  -0.00470961  0.0124562  
               -0.000806803  -0.00493448  0.0149938  
               -0.00164347  -0.00472218  0.0154966  
               -0.000802889  -0.00493512  0.0169994  
               -0.000802623  -0.00493516  0.0179998  
               0.00470301  -0.00169757  0.015  
               0.00470373  -0.00169555  0.00800513  
               0.00169225  0.00470492  0.0187417  
               0.00169225  0.00470492  0.0177417  
               0.000159324  -0.00499746  0.0396045  
               -6.13317e-05  -0.00499962  0.0422781  
               0.0047027  0.0016984  0.0240002  
               -0.00465675  0.00182062  0.0219997  
               0.00433723  0.00248766  0.0265023  
               -0.00306058  0.00395384  0.00173204  
               -0.00488503  -0.00106606  0.0322907  
               -0.00468138  -0.00175634  0.0328208  
               -0.00492642  -0.000854603  0.02653  
               -0.00492652  -0.000854047  0.0255303  
               0.000696203  -0.00495129  0.0424239  
               0.00470468  -0.00169291  0.0429684  
               -0.00461619  0.00192114  0.0338943  
               -0.00499951  6.98954e-05  0.0290301  
               0.00248188  0.00434054  0.0261146  
               0.00169225  0.00470492  0.0257417  
               -0.00495774  0.000648676  0.013867  
               0.00253455  -0.00430999  0.028  
               0.00010309  0.00499894  0.0331789  
               0.00492616  0.000856143  0.045513  
               0.00492812  0.000844782  0.0444961  
               0.00434009  -0.00248266  0.0305  
               0.00434009  -0.00248266  0.0315  
               0.00433723  0.00248766  0.0325023  
               0.00434009  -0.00248266  0.0325  
               -0.00429795  -0.00255492  0.0205071  
               -0.00377841  -0.0032747  0.0210023  
               -0.00430005  -0.00255138  0.0215084  
               -0.00377806  -0.0032751  0.0220017  
               -0.00320045  -0.0038415  0.0334935  
               5.995e-05  -0.00499964  0.0304998  
               -0.00315025  -0.00388277  0.0285001  
               -0.00243102  -0.00436923  0.0289993  
               -0.00469142  -0.00172934  0.0280166  
               -0.00492905  -0.000839302  0.0285248  
               0.00492552  -0.000859811  0.0414953  
               -0.00497436  0.000505718  0.00519599  
               -0.00198803  0.00458778  0.0345862  
               0.00248181  0.00434058  0.0361146  
               0.00253445  -0.00431006  0.0349974  
               -0.00379165  -0.00325935  0.00697229  
               -0.00198694  0.00458825  0.0226118  
               0.00383519  0.003208  0.0380126  
               0.00383538  0.00320778  0.0370124  
               0.00383537  0.00320779  0.0360124  
               -0.000634872  0.00495953  0.0219712  
               -0.000634872  0.00495953  0.0209712  
               8.36869e-05  0.0049993  0.0400529  
               7.52127e-05  0.00499943  0.0391147  
               0.00282718  0.00412396  0.0448768  
               0.00346228  0.0036073  0.0445947  
               0.00169211  0.00470497  0.0357419  
               0.00169156  0.00470517  0.0367423  
               -0.00243217  -0.00436859  0.029998  
               0.00470486  -0.00169242  0.0449438  
               0.000773919  0.00493974  0.0464483  
               0.00470345  -0.00169633  0.0439606  
               -0.00437427  -0.00242193  0.0413328  
               -0.00459517  -0.00197089  0.0422051  
               0.00119101  -0.00485608  0.0456224  
               0.000210394  -0.00499557  0.0456605  
               -0.00133095  0.0048196  0.0127834  
               -0.00132952  0.00482  0.013788  
               -0.000635335  0.00495947  0.0139672  
               -0.00499992  2.84408e-05  0.00952425  
               -0.00498093  -0.000436234  0.0103968  
               -0.00497247  0.000524002  0.0103863  
               -0.00387787  0.00315628  0.00865658  
               -0.00243043  -0.00436955  0.0199999  
               -0.00164104  -0.00472303  0.0195  
               -0.00164103  -0.00472303  0.0205  
               -0.000262106  -0.00499313  0.0465341  
               -0.00469483  -0.00172004  0.0290077  
               -0.00306053  -0.00395388  0.046536  
               -0.00379379  -0.00325686  0.048268  
               -0.00410382  -0.00285634  0.049134  
               -0.00437173  -0.00242651  0.048268  
               0.000253269  -0.00499358  0.0491337  
               -0.00306053  -0.00395388  0.048268  
               -0.00220197  -0.00448902  0.048268  
               -0.00465812  0.00181711  0.0249996  
               -0.0042716  0.00259874  0.0244353  
               -0.00261829  0.00425964  0.0264025  
               -0.00198694  0.00458825  0.0256118  
               0.000885924  0.00492089  0.0294316  
               0.00169225  0.00470492  0.0287417  
               -0.00430654  -0.00254041  0.0294934  
               0.00088593  0.00492089  0.0174315  
               0.000103283  0.00499893  0.0201787  
               0.00169225  0.00470492  0.0167416  
               -0.00489764  -0.00100654  0.0043301  
               -0.00497435  -0.000505842  0.003464  
               0.00253455  -0.00430999  0.021  
               0.00253455  -0.00430999  0.022  
               -0.0047707  -0.00149681  0.003464  
               0.00089957  0.00491841  0.0413535  
               -0.000257171  -0.00499338  0.0017318  
               -0.000758281  -0.00494217  0.000865895  
               -0.00197954  0.00459145  0.00787756  
               -0.00230697  0.00443598  0.00696652  
               0.000886195  0.00492084  0.0374306  
               0.000885926  0.00492089  0.015431  
               0.000885934  0.00492089  0.0164314  
               0.00169224  0.00470493  0.0157415  
               -0.000802538  -0.00493517  0.019  
               -0.0032148  0.0038295  0.0311372  
               5.99802e-05  -0.00499964  0.0205  
               -0.00279699  0.0041445  0.00782497  
               0.000885924  0.00492089  0.0304316  
               -0.000470464  -0.00497782  0.0430911  
               -0.00378283  -0.00326959  0.0289994  
               -0.00429887  -0.00255337  0.027508  
               0.000885766  0.00492092  0.0344317  
               -0.00424456  -0.00264266  0.0113187  
               -0.00395124  -0.00306393  0.0104505  
               -0.00379374  -0.00325692  0.0448039  
               -0.00282332  0.0041266  0.0371374  
               -0.00281209  0.00413427  0.038192  
               0.00248188  0.00434054  0.0221146  
               0.000217631  0.00499526  0.0408923  
               0.000883468  0.00492133  0.0124248  
               0.000885375  0.00492099  0.0134285  
               -0.00173653  -0.00468876  0.049134  
               0.00174458  -0.00468577  0.00951153  
               0.000899231  -0.00491847  0.00998954  
               -0.0041104  -0.00284685  0.00784187  
               -0.00126716  -0.00483677  0.00519167  
               -0.00174325  -0.00468626  0.00432733  
               1.80009e-05  -0.00499997  0.00947217  
               -0.000266554  -0.00499289  0.00345855  
               -0.00429821  -0.00255448  0.0195068  
               -0.00377767  -0.00327554  0.0190011  
               -0.00086147  -0.00492523  0.0439439  
               -0.00427168  0.0025986  0.0204348  
               -0.000261149  -0.00499318  0.00688384  
               -0.00077344  -0.00493982  0.00605224  
               -0.00306064  -0.00395379  0.00173199  
               -0.00164103  -0.00472303  0.0235  
               -0.000802532  -0.00493517  0.02  
               -0.00459613  0.00196865  0.00606069  
               0.00169202  0.00470501  0.0137402  
               -0.0032217  0.0038237  0.0261415  
               0.0038473  -0.00319347  0.03  
               -0.00344482  -0.00362398  0.04567  
               -0.00465343  0.00182909  0.0149959  
               -0.00491087  0.000939869  0.0315798  
               -0.00490725  0.000958568  0.024527  
               -0.00307047  -0.00394616  0.0430663  
               -0.0034458  -0.00362305  0.0439374  
               -0.0037953  -0.0032551  0.0430709  
               0.00388496  -0.00314756  0.0399143  
               0.00333557  -0.00372478  0.0403364  
               0.00329084  -0.00376436  0.0393958  
               0.00264482  0.00424322  0.05  
               0.00258192  -0.00428179  0.0389095  
               0.0043401  -0.00248264  0.0125001  
               0.00495301  -0.000683887  0.0493202  
               0.00489765  -0.00100649  0.05  
               0.00476426  -0.00151719  0.0491529  
               0.005  -1.22465e-18  0.013  
               0.00248188  0.00434054  0.0181145  
               0.00320902  0.00383434  0.0345436  
               0.00320902  0.00383434  0.0335436  
               -0.00126004  -0.00483863  0.00346096  
               -0.000761698  -0.00494164  0.00259717  
               0.00248188  0.00434054  0.0251146  
               -0.00199186  0.00458612  0.0146113  
               0.00434493  0.00247418  0.00649053  
               0.00435209  0.00246156  0.00546789  
               0.00168515  0.00470747  0.04173  
               0.00170769  0.00469934  0.0407326  
               0.00394524  -0.00307166  0.00325279  
               0.0049253  0.00086107  0.0486565  
               0.00301586  -0.00398805  0.0473917  
               0.000250322  -0.00499373  0.047398  
               -0.00075798  -0.00494221  0.0474018  
               0.00492789  -0.000846129  0.0484713  
               0.00434009  -0.00248266  0.0295  
               0.00470301  -0.00169757  0.03  
               0.00473993  0.00159156  0.00297304  
               0.00492957  0.000836252  0.00347385  
               0.00492397  0.000868618  0.00244523  
               0.00162367  0.00472903  0.00866706  
               0.00433482  -0.00249185  0.00553494  
               0.00432987  0.00250044  0.0415133  
               0.00384771  -0.00319298  0.00605102  
               0.00492519  0.000861676  0.0125  
               0.00433631  0.00248927  0.0395038  
               0.00470268  0.00169847  0.0390003  
               0.00248188  0.00434054  0.0311146  
               0.00470301  -0.00169757  0.031  
               -0.00497394  0.000509779  0.00865677  
               -0.00437245  0.00242522  0.00519534  
               -0.00220403  -0.00448801  0.00346311  
               -0.00306128  -0.00395329  0.00346374  
               0.00435635  -0.00245402  0.0404516  
               -0.00273726  -0.00418418  0.00984893  
               0.00333999  0.00372081  0.00454706  
               0.0047027  0.0016984  0.0160002  
               -0.00262789  -0.00425373  0.00794413  
               -0.00344481  0.00362399  0.00259819  
               0.00433712  0.00248784  0.0385024  
               0.00433723  0.00248766  0.0375023  
               -0.00264482  -0.00424322  0.047402  
               -0.00173118  0.00469074  0.0473919  
               0.00434074  0.00248153  0.00313619  
               0.0037173  0.00334391  0.00284551  
               -0.00459486  0.00197161  0.0456699  
               0.00389736  -0.00313218  0.0408882  
               0.00383537  0.00320779  0.0350124  
               0.000174815  -0.00499694  0.00763511  
               0.00433723  0.00248766  0.0245023  
               0.00384737  -0.00319339  0.0120006  
               0.00492519  0.000861677  0.0155  
               0.00435536  0.00245577  0.000962045  
               0.00463789  0.00186815  0.00195285  
               -0.00465712  0.00181969  0.0180009  
               -0.000802507  -0.00493518  0.0289998  
               5.99987e-05  -0.00499964  0.0294999  
               -0.00306016  0.00395416  0.00346568  
               -0.00264486  0.0042432  0.00259903  
               0.00247723  0.00434319  0.0411428  
               0.000920702  -0.0049145  0.029  
               0.0038473  -0.00319347  0.026  
               0.00323939  -0.00380872  0.0285  
               -0.00344493  -0.00362387  0.00259801  
               0.00492519  -0.000861677  0.0285  
               -0.00430326  -0.00254598  0.0285053  
               0.000103282  0.00499893  0.0211787  
               0.005  -1.22465e-18  0.041  
               0.00492563  -0.000859139  0.0404961  
               0.00492519  0.000861677  0.0185  
               0.005  -1.22465e-18  0.018  
               0.0016922  0.00470494  0.0147411  
               0.00492519  -0.000861677  0.0185  
               -0.0047707  -0.00149681  0.048268  
               -0.00489765  -0.00100649  0.049134  
               0.00492519  0.000861677  0.0175  
               0.00492529  0.000861124  0.00749632  
               0.0047033  0.00169674  0.00799701  
               -0.00459479  -0.00197178  0.047402  
               -0.00244373  -0.00436213  0.012998  
               -0.00469013  -0.00173282  0.0220195  
               -0.00468946  -0.00173465  0.0230183  
               0.00470301  -0.00169757  0.029  
               -0.00410381  -0.00285635  0.00433091  
               -0.00376768  -0.00328703  0.0150001  
               -0.00253785  -0.00430805  0.010916  
               -0.0032213  0.00382404  0.0251415  
               -0.0026182  0.0042597  0.0254024  
               -0.000192166  0.00499631  0.00811849  
               -0.00499966  5.79819e-05  0.0240344  
               -0.00321519  0.00382917  0.0131497  
               -0.00499962  6.13431e-05  0.0250386  
               -0.003781  0.0032717  0.0238185  
               -0.00322096  0.00382432  0.0241412  
               0.00248188  0.00434054  0.0331146  
               -0.00132853  0.00482027  0.0307914  
               -0.000253246  0.00499358  0.05  
               -0.00268111  0.00422039  0.0362017  
               -0.00306575  0.00394983  0.00519944  
               -0.00499985  3.93374e-05  0.0310627  
               -0.0017359  0.00468899  0.00434915  
               0.00222278  0.00447876  0.0491072  
               -0.00125326  -0.00484039  0  
               -0.00497435  0.000505842  0.05  
               -0.00247558  -0.00434414  0.0119807  
               -0.00316108  -0.00387396  0.0125506  
               0.00320902  0.00383434  0.0255436  
               0.00383537  0.00320779  0.0260124  
               0.00492524  -0.000861379  0.00850057  
               0.00492519  -0.000861677  0.0215  
               0.005  -1.22465e-18  0.022  
               0.00492519  0.00086167  0.0114999  
               0.005  -1.22465e-18  0.049  
               0.00492519  0.000861677  0.0255  
               -0.00315231  -0.0038811  0.0294978  
               -0.00063524  0.00495948  0.0329716  
               0.00492519  0.000861677  0.0315  
               0.00218841  -0.00449565  0.000860738  
               0.00304153  -0.00396852  0.000855631  
               0.00261072  -0.00426429  0.00171983  
               0.00175203  -0.00468299  0.0344986  
               0.00320902  0.00383434  0.0355436  
               0.00172669  0.00469239  0.0464534  
               0.00410382  0.00285634  0  
               -0.00323259  0.0038145  0.0141415  
               -0.00323462  0.00381277  0.0151365  
               -0.00465497  0.00182517  0.0160073  
               -0.00492332  -0.000872298  0.0154949  
               0.00434009  -0.00248266  0.0155  
               0.00470301  -0.00169757  0.016  
               -0.00489765  -0.00100649  0.000866  
               -0.00463821  -0.00186734  0.0140206  
               -0.00486842  -0.00113953  0.0136798  
               0.0038473  -0.00319347  0.015  
               0.00470274  0.0016983  0.00999956  
               0.000920698  -0.0049145  0.022  
               0.000556122  -0.00496898  0.0415994  
               -0.00475944  -0.00153223  0.0347436  
               0.0047027  0.0016984  0.0380002  
               0.00175674  -0.00468122  0.0085349  
               -0.00225884  -0.00446068  0.0412912  
               0.00438488  0.00240267  0.0490988  
               0.00253455  -0.00430999  0.018  
               0.0038473  -0.00319347  0.025  
               -0.00497435  -0.000505842  0.05  
               0.005  -1.22465e-18  0.035  
               0.00492519  0.000861677  0.0345  
               0.000920226  -0.00491459  0.0319999  
               -0.00314844  -0.00388424  0.0194999  
               -0.00243042  -0.00436956  0.021  
               -0.00261937  0.00425898  0.0134119  
               -0.00379379  -0.00325686  0.05  
               -0.00220132  0.00448934  0.00346965  
               -0.00264466  0.00424332  0.0043357  
               -0.00410382  -0.00285634  0.047402  
               -0.00306145  -0.00395317  0.044804  
               0.00492519  -0.000861677  0.0225  
               -0.00497435  -0.000505841  0.001732  
               -0.00497435  0.000505842  0.001732  
               0.00435111  -0.00246329  0.0394694  
               0.00196199  -0.00459898  0.00581739  
               -0.00497435  -0.000505842  0  
               0.0042908  -0.00256691  0.00262877  
               0.00470588  0.0016896  0.00391714  
               -0.000264684  0.00499299  0.00349004  
               0.00492694  0.000851644  0.043494  
               0.00323939  -0.00380872  0.0175  
               0.00492519  -0.000861677  0.0195  
               0.00434009  -0.00248266  0.0285  
               0.0038473  -0.00319347  0.028  
               -0.0047707  -0.00149682  0.05  
               -0.00459479  -0.00197178  0.049134  
               0.00126438  0.00483749  0.0491208  
               0.00173653  0.00468876  0.05  
               0.0038473  -0.00319347  0.029  
               -0.00226736  0.00445635  0.0430333  
               0.0047027  0.0016984  0.0220002  
               -0.005  1.05495e-10  0.002598  
               0.00470301  -0.00169757  0.019  
               0.00323938  -0.00380873  0.0145  
               -0.00379397  -0.00325666  0.00346401  
               -0.000713046  -0.0049489  0.00783189  
               0.00433723  0.00248766  0.00849879  
               0.00323939  -0.00380872  0.0195  
               0.00433723  0.00248766  0.0185023  
               -0.00465748  0.00181876  0.0200001  
               -0.00465724  0.00181936  0.0209997  
               0.00470301  -0.00169757  0.017  
               0.00492519  -0.000861677  0.0175  
               0.00344483  -0.00362396  0.05  
               0.00264482  -0.00424322  0.05  
               0.0047027  0.0016984  0.0300002  
               0.0047027  0.0016984  0.0280002  
               0.0047027  0.0016984  0.0270002  
               0.00433723  0.00248766  0.0275023  
               5.99802e-05  -0.00499964  0.0235  
               0.000103281  0.00499893  0.0241787  
               0.000885924  0.00492089  0.0284316  
               -0.00264242  0.00424472  0.0473983  
               0.00492519  0.000861677  0.0375  
               0.0047027  0.0016984  0.0370002  
               -0.00322086  0.0038244  0.023141  
               -0.00378088  0.00327184  0.0228181  
               -0.00427087  0.00259993  0.0224346  
               -0.00378117  0.0032715  0.0218179  
               -0.00427132  0.0025992  0.0214344  
               0.00470301  -0.00169755  0.012  
               -0.00344483  -0.00362396  0.047402  
               0.000739912  -0.00494495  0.0465193  
               0.005  -1.22465e-18  0.025  
               0.00420294  0.00270837  0.0481103  
               0.00246821  0.00434833  0.0421603  
               0.0017249  0.00469305  0.0426374  
               -0.00265433  -0.00423728  0.0439365  
               0.005  -1.22465e-18  0.015  
               -0.0042709  0.00259989  0.023435  
               -0.00468994  -0.00173334  0.0210197  
               -0.0049051  0.00096952  0.0285279  
               -0.00490713  0.000959195  0.0205277  
               -0.00261808  0.00425977  0.0234023  
               -0.00261826  0.00425966  0.0194019  
               0.0038486  -0.00319191  0.043861  
               0.00168167  0.00470871  0.0107237  
               -0.00489834  0.00100313  0.0112456  
               -0.00306053  0.00395388  0  
               -0.000757791  0.00494224  0.00437274  
               0.000244784  0.004994  0.00439454  
               0.00166329  0.00471524  0.00970453  
               -0.00324066  -0.00380764  0.0345146  
               -0.00319069  0.00384961  0.0357983  
               -0.00436065  -0.00244637  0.0395604  
               0.000901934  -0.00491798  0.0109857  
               0.00117341  -0.00486036  0.00596519  
               -0.00314885  -0.0038839  0.0205003  
               -0.00377686  -0.00327649  0.0200013  
               -0.00164101  -0.00472304  0.0284997  
               -0.000874306  -0.00492297  0.0370768  
               0.000101608  0.00499897  0.0131731  
               -0.00220235  0.00448884  0.00173238  
               0.00344483  -0.00362396  0  
               0.00377606  -0.0032774  0.000863025  
               0.00492393  -0.000868864  0.0464817  
               0.000757139  -0.00494234  0.05  
               0.00175362  -0.00468239  0.0154996  
               0.0047027  0.0016984  0.0290002  
               0.00410353  0.00285675  0.00195689  
               0.000892982  0.00491961  0.039397  
               0.00492004  -0.000890636  0.00138119  
               0.00410382  0.00285634  0.05  
               0.00459479  -0.00197178  0.05  
               0.00175485  0.00468194  0.0482333  
               0.00220686  0.00448662  0.0473467  
               0.00174224  -0.00468664  0.0104987  
               -0.00489765  -0.00100649  0.002598  
               0.00338362  -0.00368118  0.0465354  
               0.00170663  0.00469973  0.0397329  
               0.000757139  0.00494234  0.05  
               0.00467363  0.00177685  0.0482704  
               -0.00437173  -0.00242651  0.05  
               0.0038473  -0.00319347  0.024  
               0.00389415  0.00313618  0.0440248  
               0.0038473  -0.00319347  0.032  
               -0.0026279  0.00425372  0.0144035  
               -0.00198908  0.00458733  0.0136136  
               0.0013054  0.00482659  0.045487  
               -0.00198694  0.00458825  0.0246118  
               -0.00261811  0.00425975  0.0244024  
               0.000390545  -0.00498472  0.043134  
               -0.00497432  -0.00050615  0.00519642  
               0.00386036  -0.00317768  0.0458484  
               -0.00468807  -0.0017384  0.0260174  
               0.00175385  -0.00468231  0.0314999  
               -0.00410822  -0.00285001  0.0404533  
               -0.00173067  0.00469092  0.00882192  
               -0.00321279  0.00383118  0.03213  
               -0.00315501  -0.0038789  0.0304927  
               -0.00267625  0.00422347  0.0060748  
               -0.00424024  0.0026496  0.0126539  
               -0.00468954  -0.00173441  0.0190186  
               -0.000802529  -0.00493517  0.027  
               5.99804e-05  -0.00499964  0.0265  
               0.000853539  -0.00492661  0.00695287  
               -0.00497461  0.000503201  0.0430718  
               -0.00352073  -0.00355028  0.0377661  
               -0.00321271  0.00383125  0.0331093  
               -0.00315961  -0.00387516  0.0314887  
               0.005  -1.22465e-18  0.003  
               0.00459479  -0.00197178  0  
               0.00433723  0.00248766  0.0285023  
               0.000103281  0.00499893  0.0291787  
               -0.00220197  -0.00448902  0  
               -0.00437877  0.00241379  0.0430717  
               -0.00264544  -0.00424283  0.00259792  
               -0.00469015  -0.00173278  0.017015  
               0.00410382  -0.00285634  0  
               0.00470508  0.00169181  0.00495287  
               -0.00444105  0.00229718  0.0103608  
               0.00395573  -0.00305814  0.0467009  
               0.0047027  0.0016984  0.0180002  
               0.00470424  0.00169414  0.00699224  
               0.00264482  -0.00424322  0  
               0.0020721  0.00455043  0.00429783  
               0.005  -1.22465e-18  0.012  
               0.000920698  -0.0049145  0.024  
               0.000928021  0.00491312  0.040351  
               0.00173653  0.00468876  0  
               -0.00378928  0.00326211  0.0158136  
               -0.00488567  0.00106312  0.01464  
               -0.0017385  -0.00468803  0.00259753  
               0.005  -1.22465e-18  0.05  
               0.00264482  0.00424322  0  
               0.000786972  0.00493768  0.00533548  
               -0.00164102  -0.00472303  0.0265  
               -0.00124905  -0.00484147  0.00696773  
               0.000902616  -0.00491785  0.0119847  
               -0.00172217  -0.00469405  0.0355613  
               -0.0046883  -0.00173776  0.0270179  
               0.005  -1.22465e-18  0.002  
               -0.00439448  -0.00238507  0.008697  
               -0.00437174  -0.0024265  0.001732  
               -0.00381226  0.00323523  0.0430704  
               -0.00493959  -0.000774914  0.0129463  
               -0.00466609  -0.00179656  0.0150145  
               -0.0047707  -0.00149682  0.001732  
               -0.00492708  -0.000850789  0.016511  
               0.00277625  0.00415841  0.00417606  
               -0.00125488  0.00483997  0.00347944  
               0.000876916  0.0049225  0.0114174  
               -0.0042681  -0.00260448  0.0144726  
               -0.00429896  -0.00255323  0.0225073  
               -0.00459372  -0.00197426  0.0404517  
               0.00459479  0.00197178  0  
            </DataArray>
         </Points> 

         <Cells>
            <DataArray type="Int32" Name="connectivity" NumberOfComponents="1" format="ascii">
               
            </DataArray> 
            <DataArray type="Int32" Name="offsets" NumberOfComponents="1" format="ascii">
               
            </DataArray>
            <DataArray type="UInt8"  Name="types" NumberOfComponents="1" format="ascii">
               
            </DataArray>
         </Cells>
         <PointData Scalars="Rank " Vectors="DisplacementDelta ">
            <DataArray type="UInt32" Name="Rank" NumberOfComponents="1" format="ascii">
               0 0 0 0 0 0 0 0 0 0 0 0 0 0 0 0 0 0 0 0 0 0 0 0 0 0 0 0 0 0 0 0 0 0 0 0 0 0 0 0 0 0 0 0 0 0 0 0 0 0 0 0 0 0 0 0 0 0 0 0 0 0 0 0 0 0 0 0 0 0 0 0 0 0 0 0 0 0 0 0 0 0 0 0 0 0 0 0 0 0 0 0 0 0 0 0 0 0 0 0 0 0 0 0 0 0 0 0 0 0 0 0 0 0 0 0 0 0 0 0 0 0 0 0 0 0 0 0 0 0 0 0 0 0 0 0 0 0 0 0 0 0 0 0 0 0 0 0 0 0 0 0 0 0 0 0 0 0 0 0 0 0 0 0 0 0 0 0 0 0 0 0 0 0 0 0 0 0 0 0 0 0 0 0 0 0 0 0 0 0 0 0 0 0 0 0 0 0 0 0 0 0 0 0 0 0 0 0 0 0 0 0 0 0 0 0 0 0 0 0 0 0 0 0 0 0 0 0 0 0 0 0 0 0 0 0 0 0 0 0 0 0 0 0 0 0 0 0 0 0 0 0 0 0 0 0 0 0 0 0 0 0 0 0 0 0 0 0 0 0 0 0 0 0 0 0 0 0 0 0 0 0 0 0 0 0 0 0 0 0 0 0 0 0 0 0 0 0 0 0 0 0 0 0 0 0 0 0 0 0 0 0 0 0 0 0 0 0 0 0 0 0 0 0 0 0 0 0 0 0 0 0 0 0 0 0 0 0 0 0 0 0 0 0 0 0 0 0 0 0 0 0 0 0 0 0 0 0 0 0 0 0 0 0 0 0 0 0 0 0 0 0 0 0 0 0 0 0 0 0 0 0 0 0 0 0 0 0 0 0 0 0 0 0 0 0 0 0 0 0 0 0 0 0 0 0 0 0 0 0 0 0 0 0 0 0 0 0 0 0 0 0 0 0 0 0 0 0 0 0 0 0 0 0 0 0 0 0 0 0 0 0 0 0 0 0 0 0 0 0 0 0 0 0 0 0 0 0 0 0 0 0 0 0 0 0 0 0 0 0 0 0 0 0 0 0 0 0 0 0 0 0 0 0 0 0 0 0 0 0 0 0 0 0 0 0 0 0 0 0 0 0 0 0 0 0 0 0 0 0 0 0 0 0 0 0 0 0 0 0 0 0 0 0 0 0 0 0 0 0 0 0 0 0 0 0 0 0 0 0 0 0 0 0 0 0 0 0 0 0 0 0 0 0 0 0 0 0 0 0 0 0 0 0 0 0 0 0 0 0 0 0 0 0 0 0 0 0 0 0 0 0 0 0 0 0 0 0 0 0 0 0 0 0 0 0 0 0 0 0 0 0 0 0 0 0 0 0 0 0 0 0 0 0 0 0 0 0 0 0 0 0 0 0 0 0 0 0 0 0 0 0 0 0 0 0 0 0 0 0 0 0 0 0 0 0 0 0 0 0 0 0 0 0 0 0 0 0 0 0 0 0 0 0 0 0 0 0 0 0 0 0 0 0 0 0 0 0 0 0 0 0 0 0 0 0 0 0 0 0 0 0 0 0 0 0 0 0 0 0 0 0 0 0 0 0 0 0 0 0 0 0 0 0 0 0 0 0 0 0 0 0 0 0 0 0 0 0 0 0 0 0 0 0 0 0 0 0 0 0 0 0 0 0 0 0 0 0 0 0 0 0 0 0 0 0 0 0 0 0 0 0 0 0 0 0 0 0 0 0 0 0 0 0 0 0 0 0 0 0 0 0 0 0 0 0 0 0 0 0 0 0 0 0 0 0 0 0 0 0 0 0 0 0 0 0 0 0 0 0 0 0 0 0 0 0 0 0 0 0 0 0 0 0 0 0 0 0 0 0 0 0 0 0 0 0 0 0 0 0 0 0 0 0 0 0 0 0 0 0 0 0 0 0 0 0 0 0 0 0 0 0 0 0 0 0 0 0 0 0 0 0 0 0 0 0 0 0 0 0 0 0 0 0 0 0 0 0 0 0 0 0 0 0 0 0 0 0 0 0 0 0 0 0 0 0 0 0 0 0 0 0 0 0 0 0 0 0 0 0 0 0 0 0 0 0 0 0 0 0 0 0 0 0 0 0 0 0 0 0 0 0 0 0 0 0 0 0 0 0 0 0 0 0 0 0 0 0 0 0 0 0 0 0 0 0 0 0 0 0 0 0 0 0 0 0 0 0 0 0 0 0 0 0 0 0 0 0 0 0 0 0 0 0 0 0 0 0 0 0 0 0 0 0 0 0 0 0 0 0 0 0 0 0 0 0 0 0 0 0 0 0 0 0 0 0 0 0 0 0 0 0 0 0 0 0 0 0 0 0 0 0 0 0 0 0 0 0 0 0 0 0 0 0 0 0 0 0 0 0 0 0 0 0 0 0 0 0 0 0 0 0 0 0 0 0 0 0 0 0 0 0 0 0 0 0 0 0 0 0 0 0 0 0 0 0 0 0 0 0 0 0 0 0 0 0 0 0 0 0 0 0 0 0 0 0 0 0 0 0 0 0 0 0 0 0 0 0 0 0 0 0 0 0 0 0 0 0 0 0 0 0 0 0 0 0 0 0 0 0 0 0 0 0 0 0 0 0 0 0 0 0 0 0 0 0 0 0 0 0 0 0 0 0 0 0 0 0 0 0 0 0 0 0 0 0 0 0 0 0 0 0 0 0 0 0 0 0 0 0 0 0 0 0 0 0 0 0 0 0 0 0 0 0 0 0 0 0 0 0 0 0 0 0 0 0 0 0 0 0 0 0 0 0 0 0 0 0 0 0 0 0 0 0 0 0 0 0 0 0 0 0 0 0 0 0 0 0 0 0 0 0 0 0 0 0 0 0 0 0 0 0 0 0 0 0 0 0 0 0 0 0 0 0 0 0 0 0 0 0 0 0 0 0 0 0 0 0 0 0 0 0 0 0 0 0 0 0 0 0 0 0 0 0 0 0 0 0 0 0 0 0 0 0 0 0 0 0 0 0 0 0 0 0 0 0 0 0 0 0 0 0 0 0 0 0 0 0 0 0 0 0 0 0 0 0 0 0 0 0 0 0 0 0 0 0 0 0 0 0 0 0 0 0 0 0 0 0 0 0 0 0 0 0 0 0 0 0 0 0 0 0 0 0 0 0 0 0 0 0 0 0 0 0 0 0 0 0 0 0 0 0 0 0 0 0 0 0 0 0 0 0 0 0 0 0 0 0 0 0 0 0 0 0 0 0 0 0 0 0 0 0 0 0 0 0 0 0 0 0 0 0 0 0 0 0 0 0 0 0 0 0 0 0 0 0 0 0 0 0 0 0 0 0 0 0 0 0 0 0 0 0 0 0 0 0 0 0 0 0 0 0 0 0 0 0 0 0 0 0 0 0 0 0 0 0 0 0 0 0 0 0 0 0 0 0 0 0 0 0 0 0 0 0 0 0 0 0 0 0 0 0 0 0 0 0 0 0 0 0 0 0 0 0 0 0 0 0 0 0 0 0 0 0 0 0 0 0 0 0 0 0 0 0 0 0 0 0 0 0 0 0 0 0 0 0 0 0 0 0 0 0 0 0 0 0 0 0 0 0 0 0 0 0 0 0 0 0 0 0 0 0 0 0 0 0 0 0 0 0 0 0 0 0 0 0 0 0 0 0 0 0 0 0 0 0 0 0 0 0 0 0 0 0 0 0 0 0 0 0 0 0 0 0 0 0 0 0 0 0 0 0 0 0 0 0 0 0 0 0 0 0 0 0 0 0 0 0 0 0 0 0 0 0 0 0 0 0 0 0 0 0 0 0 0 0 0 0 0 0 0 0 0 0 0 0 0 0 0 0 0 0 0 0 0 0 0 0 0 0 0 0 0 0 0 0 0 0 0 0 0 0 0 0 0 0 0 0 0 0 0 0 0 0 0 0 0 0 0 0 0 0 0 0 0 0 0 0 0 0 0 0 0 0 0 0 0 0 0 0 0 0 0 0 0 0 0 0 0 0 0 0 0 0 0 0 0 0 0 0 0 0 0 0 0 0 0 0 0 0 0 0 0 0 0 0 0 0 0 0 0 0 0 0 0 0 0 0 0 0 0 0 0 0 0 0 0 0 0 0 0 0 0 0 0 0 0 0 0 0 0 0 0 0 0 0 0 0 0 0 0 0 0 0 0 0 0 0 0 0 0 0 0 0 0 0 0 0 0 0 
            </DataArray>
            <DataArray type="Float64" Name="DisplacementDelta" NumberOfComponents="3" format="ascii">
               -4.00932e-10 -3.57757e-10 1.66529e-10  1.3287e-09 1.21162e-09 3.7789e-11  -7.3774e-10 -9.35061e-10 4.25467e-11  -3.52826e-10 -1.45562e-09 3.37127e-10  -1.15616e-10 -2.95412e-09 1.09328e-10  3.85067e-11 -1.35335e-09 -1.7148e-10  -9.41688e-10 -6.29912e-10 -3.83727e-10  -2.06809e-10 2.62055e-11 -7.17129e-10  9.09464e-10 -2.7286e-10 -2.76418e-10  -3.59267e-11 1.53303e-09 -7.65918e-10  -9.66615e-11 2.79952e-09 -8.17223e-10  1.30908e-09 1.62443e-09 -7.63993e-10  -1.523e-09 3.3553e-09 -1.99779e-10  -2.20078e-09 3.88314e-09 -1.5895e-10  -7.3867e-10 3.22415e-09 -1.93214e-10  3.36185e-09 -2.26251e-09 -3.19819e-10  -3.1939e-11 -1.9024e-10 -4.75411e-10  -7.73085e-11 -1.89567e-11 -3.8489e-10  1.90628e-09 2.59094e-09 -3.93411e-10  -1.02948e-10 -2.31311e-10 -2.18249e-10  1.01108e-10 6.10286e-10 -2.33637e-10  1.71667e-09 1.79047e-09 -3.99926e-11  3.39968e-10 8.01202e-10 -4.76935e-10  1.55594e-09 1.02074e-09 -5.51854e-10  -4.53916e-09 -3.09728e-10 -7.5311e-09  -8.15797e-09 -3.28078e-09 -1.7903e-08  -7.79908e-09 -3.65905e-09 -8.47994e-09  7.80251e-10 1.7865e-09 4.08534e-10  1.69661e-09 3.87286e-09 4.89078e-10  8.67262e-10 1.40931e-09 2.68535e-10  -2.70614e-09 -5.10338e-09 -1.79869e-09  -2.59635e-09 -4.74355e-09 -2.72542e-09  -3.09449e-09 -5.10782e-09 -1.61627e-09  1.66767e-09 6.33444e-11 -6.85676e-10  1.60865e-10 2.74096e-10 -6.72046e-10  2.73213e-06 -4.47812e-06 -2.0729e-06  1.60741e-06 -1.84688e-06 -2.00872e-06  1.28179e-06 -1.94537e-06 -2.00685e-06  5.79416e-11 -3.8624e-10 -1.05407e-09  -5.17674e-10 -5.77542e-10 -7.57448e-10  9.82973e-10 4.27873e-10 -9.56641e-10  -2.32882e-06 4.76764e-08 1.19462e-06  -2.52347e-06 6.81765e-07 1.21842e-06  -2.1991e-06 3.59036e-07 1.19699e-06  1.06864e-09 2.54321e-09 -1.0393e-09  -1.09438e-09 -1.01892e-09 -9.77228e-10  3.57854e-10 6.56308e-10 -1.11337e-09  -3.08506e-09 -1.87076e-10 -2.70937e-10  7.73784e-10 -1.02747e-09 -1.01807e-10  1.13292e-09 -1.01684e-09 -4.37768e-10  1.45413e-09 -3.51806e-10 -3.11635e-11  -9.5849e-08 7.4899e-08 -1.83335e-07  -3.17415e-07 1.76789e-07 -3.67593e-07  -9.88384e-08 5.18887e-08 -1.83362e-07  1.11241e-08 -4.32472e-09 -1.09341e-08  6.79496e-09 -9.33092e-10 -6.01425e-09  8.22591e-09 -5.07842e-09 -5.34232e-09  3.1386e-06 -7.42148e-06 9.77986e-08  2.09871e-06 -7.55025e-06 1.06559e-07  2.28491e-06 -5.37243e-06 1.18473e-06  2.48337e-10 -1.07994e-10 4.44749e-10  1.05625e-09 1.5585e-10 -5.75834e-11  1.67123e-09 -4.60642e-10 -3.91135e-11  -1.13487e-06 -1.39797e-06 1.11656e-06  -9.75536e-07 -1.71953e-06 1.14151e-06  -1.5755e-06 -1.42667e-06 1.15118e-06  -1.62624e-09 1.53448e-09 -7.76502e-11  -3.05638e-10 4.10514e-10 1.7488e-11  -1.62624e-09 1.53448e-09 -7.76502e-11  -6.74864e-09 4.73491e-09 7.60911e-11  -4.55272e-09 4.475e-09 1.38525e-10  -4.76357e-09 3.65948e-09 -4.53066e-10  5.6226e-12 2.16418e-10 2.97436e-11  1.52419e-10 3.08855e-10 2.94988e-11  4.45899e-10 4.40479e-10 8.92437e-11  -4.16059e-10 4.08974e-10 -5.29836e-10  7.57985e-10 4.80147e-10 -3.57912e-10  -1.4586e-09 7.46822e-10 -3.45481e-10  -3.47329e-09 -1.0524e-09 -1.8784e-09  -6.7078e-09 -9.81208e-12 -1.87412e-09  -3.01659e-09 -9.96355e-10 -1.18714e-09  -2.781e-09 -4.23027e-09 -2.51538e-09  -3.67598e-09 -5.12832e-09 -3.42829e-09  -3.41366e-09 -6.14553e-09 -3.5344e-09  1.08758e-07 6.79534e-08 -9.03585e-08  1.05839e-07 4.49645e-08 -8.94548e-08  1.37522e-07 6.08729e-08 -1.18625e-07  1.01407e-09 8.49387e-10 1.11133e-10  2.11518e-09 2.12153e-09 2.044e-10  5.21492e-10 9.30523e-10 7.70568e-11  2.83129e-09 -1.21466e-09 -2.00605e-10  2.05552e-09 3.65284e-10 4.30015e-10  3.21143e-09 3.36467e-10 -3.24564e-10  -1.94361e-09 1.52906e-09 -4.83836e-10  -1.27472e-09 2.19588e-09 -4.34971e-10  -1.03053e-09 1.1988e-09 -2.53799e-10  2.53669e-06 9.80496e-07 1.43012e-06  2.59862e-06 3.97604e-07 1.45342e-06  2.549e-06 6.56571e-07 1.45313e-06  -4.88966e-08 1.44196e-07 -1.99442e-07  -3.46813e-08 1.50744e-07 -2.04318e-07  -8.90253e-08 3.77122e-07 -3.82627e-07  1.08449e-08 -1.05083e-08 -5.98748e-09  8.49856e-09 -9.63064e-09 -4.16909e-09  1.07211e-08 -7.92672e-09 -5.10478e-09  -9.61738e-10 7.21734e-09 -1.6249e-09  1.01512e-09 8.69063e-09 -2.08274e-09  -1.04343e-09 7.84663e-09 -2.02713e-09  -3.91692e-09 6.0566e-09 -1.16396e-10  -2.20643e-09 3.74401e-09 -5.26226e-10  4.19709e-09 -6.20358e-09 -5.19124e-09  -7.13905e-08 1.05497e-07 -1.91908e-07  -1.88984e-07 3.34044e-07 -3.7269e-07  -2.26366e-07 3.03122e-07 -3.69792e-07  -1.86336e-06 -1.33436e-06 1.16672e-06  -1.86336e-06 -1.33436e-06 1.16672e-06  -6.13192e-09 2.33518e-08 -1.22716e-08  -6.32481e-09 2.29207e-08 -1.7087e-08  -6.36401e-09 2.67465e-08 -1.71891e-08  -5.94012e-10 -1.7334e-09 -8.76244e-11  -5.63103e-10 -1.27621e-09 -4.92429e-10  -7.00892e-10 -1.11876e-09 -5.82296e-10  2.61017e-09 5.75668e-09 -1.399e-09  3.28018e-10 6.11921e-09 -1.42465e-09  2.24371e-09 4.27893e-09 -1.07755e-09  5.19466e-09 -6.51043e-09 -1.31133e-09  3.62839e-09 -4.55772e-09 -7.42458e-10  1.89708e-09 -4.76371e-09 -7.09765e-10  -6.33352e-06 -4.76477e-06 6.73895e-08  -6.72277e-06 -3.84314e-06 3.21623e-08  -7.15176e-06 -2.93522e-06 4.82791e-08  -8.76731e-07 1.77095e-06 1.11296e-06  -6.28428e-07 1.93647e-06 1.1402e-06  -6.28428e-07 1.93647e-06 1.1402e-06  6.81139e-09 -1.24309e-10 -3.79643e-09  6.56502e-09 -3.48396e-09 -4.35155e-09  6.56502e-09 -3.48396e-09 -4.35155e-09  -1.43234e-09 4.16166e-09 4.81918e-11  -8.1964e-10 3.47521e-09 3.32184e-10  -2.10269e-09 5.65877e-09 3.56317e-10  4.71625e-09 -5.27194e-09 -1.11897e-08  8.76808e-09 5.50317e-09 -3.48214e-09  6.68826e-09 6.67629e-09 -5.26983e-09  6.03858e-09 5.60968e-09 -3.76668e-09  9.92582e-08 1.07739e-07 -1.12718e-07  1.14255e-07 1.62839e-07 -2.19308e-07  8.32639e-08 1.21226e-07 -1.09694e-07  6.60149e-10 -2.37907e-09 -3.66489e-10  1.76144e-09 -3.74162e-09 -2.80169e-10  1.75108e-09 -3.36387e-09 -5.01157e-10  -2.46648e-07 -2.94555e-07 -1.19614e-06  -1.04786e-06 -1.88243e-06 -1.95879e-06  -1.1786e-07 -3.90862e-07 -1.18948e-06  1.852e-07 1.10006e-07 -2.07292e-07  1.74775e-07 7.68738e-08 -2.07093e-07  3.60473e-07 1.46653e-07 -3.35159e-07  -9.8283e-08 -8.35472e-07 -3.84577e-07  -3.10234e-07 -7.77572e-07 -3.94628e-07  -2.039e-07 -7.73665e-07 -2.49508e-07  -1.66247e-09 -4.62401e-09 -8.49852e-10  -8.66553e-11 -1.5558e-09 -8.07979e-11  -9.4818e-10 -3.57894e-09 -2.47319e-10  -2.52347e-06 6.81765e-07 1.21842e-06  -1.04619e-09 -2.63979e-09 -8.15846e-11  -1.04619e-09 -2.63979e-09 -8.15846e-11  2.20844e-10 -8.28085e-10 -1.43367e-10  1.98345e-09 -6.06109e-09 -8.6115e-10  7.86576e-10 -4.2749e-09 -1.6403e-09  5.27009e-09 -5.2033e-09 -1.28069e-09  -1.67538e-06 9.06161e-07 1.19837e-06  -1.77743e-06 1.29336e-06 1.1617e-06  -1.77743e-06 1.29336e-06 1.1617e-06  -3.39246e-09 2.66858e-09 3.78575e-10  -6.5432e-09 3.41855e-09 4.15462e-10  4.12668e-09 -4.2889e-10 -6.73989e-10  4.36283e-09 -1.14912e-09 -5.07923e-10  3.25726e-09 -6.04839e-11 -5.64652e-10  3.1386e-06 -7.42148e-06 9.77986e-08  3.89684e-06 -6.67451e-06 9.44402e-08  -8.11473e-09 2.35604e-09 -3.35347e-09  -8.66415e-09 7.10805e-10 -2.90332e-09  -8.14717e-09 2.65794e-09 -2.73357e-09  -3.16689e-09 -1.89398e-09 -6.31661e-10  8.72868e-10 -1.06113e-10 -3.16076e-10  4.82178e-10 1.66955e-10 -1.14027e-10  9.00249e-09 9.64364e-07 -2.97899e-07  -8.05996e-08 8.4518e-07 -4.35615e-07  1.66332e-08 9.03461e-07 -4.39336e-07  1.31494e-09 -7.80543e-10 -9.19484e-11  8.6966e-10 -9.6821e-10 1.34824e-10  -4.03235e-08 3.89876e-07 -3.9112e-07  1.12616e-08 3.89922e-07 -3.9886e-07  5.99792e-06 -4.42773e-06 -1.1782e-06  4.72192e-06 -5.97395e-06 -1.20658e-06  5.50935e-06 -5.35968e-06 8.80859e-08  -9.8749e-10 7.00182e-10 -2.85277e-10  -6.98247e-10 1.89229e-10 -4.44786e-10  7.80511e-06 1.06068e-07 -1.43132e-06  5.29364e-06 -6.96968e-07 -2.16247e-06  8.47806e-06 -7.97313e-07 1.48023e-09  -1.37598e-10 2.28017e-09 4.39469e-10  3.64112e-10 1.50304e-09 5.00469e-10  -6.66764e-11 -9.15352e-10 4.38321e-10  5.4129e-07 2.22456e-06 1.19752e-06  2.28208e-06 5.19966e-06 1.17013e-06  7.77935e-07 1.8043e-06 1.17788e-06  1.1164e-07 8.88583e-07 -4.30271e-07  -2.43533e-09 -2.69885e-09 -8.28977e-10  -1.71114e-09 -2.97991e-09 -3.29572e-10  -3.1496e-09 -5.49696e-09 -1.73e-10  1.15547e-08 7.8095e-09 -1.0474e-08  9.13398e-09 9.11488e-09 -1.56564e-08  7.62897e-09 7.15071e-09 -1.07154e-08  -2.28508e-09 5.94086e-09 -1.72466e-10  -1.70539e-09 4.97811e-09 -3.29871e-10  -6.63728e-10 3.1079e-09 -1.7975e-10  -6.37121e-11 -1.90898e-09 -4.46622e-11  6.84335e-10 -1.52855e-09 -1.88376e-10  6.57442e-10 -2.006e-09 -2.33377e-10  4.30927e-10 4.86424e-10 -6.14443e-10  -2.17304e-09 -6.74159e-10 -4.27153e-10  -2.4704e-09 -8.77688e-10 -1.77161e-10  3.5449e-09 1.03467e-08 -7.38178e-09  6.89856e-09 1.30554e-08 -7.22476e-09  7.98194e-09 1.48972e-08 -1.11382e-08  6.51363e-09 -1.58778e-10 -1.26612e-09  2.84672e-09 3.53455e-10 -1.06024e-09  4.25995e-09 3.6764e-10 -9.00477e-10  5.65172e-09 -5.13605e-09 -4.88597e-09  6.15535e-10 -4.81791e-09 -2.64616e-09  1.05147e-09 -3.34987e-09 -3.81534e-09  -2.43887e-09 -4.48982e-10 -1.42025e-10  -1.29086e-10 -7.72212e-10 -2.36011e-10  -5.3047e-10 -3.95738e-10 -2.0008e-10  1.92499e-09 1.08553e-09 -3.26216e-10  -1.41226e-09 2.09973e-11 -4.61055e-10  -1.31481e-09 -8.95147e-10 -7.63838e-11  -8.39684e-10 -1.12349e-09 1.46397e-12  -2.66734e-09 -2.00616e-09 -5.34654e-10  -2.67549e-09 1.38049e-08 -3.93877e-09  -1.14471e-09 7.98903e-09 -3.8537e-09  -1.01738e-09 7.9936e-09 -5.43295e-09  -1.27372e-09 1.14475e-09 -2.05399e-10  -4.75484e-10 7.38988e-10 -3.55028e-10  -2.42652e-10 8.18622e-10 -3.02054e-10  5.73252e-07 4.74656e-07 -3.34416e-07  3.51144e-07 2.15145e-07 -3.32402e-07  6.17646e-07 3.65192e-07 -3.3928e-07  4.11774e-07 -9.7728e-08 -3.79444e-07  8.44869e-07 -3.7796e-07 -4.02692e-07  8.34298e-07 -1.81697e-07 -4.05084e-07  6.69571e-08 4.15293e-08 -6.95418e-08  -1.25559e-09 -2.03996e-10 -3.50896e-11  8.34416e-10 9.92193e-10 -4.56145e-11  -1.07981e-09 1.77623e-10 -2.30029e-10  6.57249e-08 -1.24001e-07 -1.99545e-07  1.69096e-07 -3.55877e-07 -3.67054e-07  1.05125e-07 -1.49068e-07 -2.00581e-07  -7.63421e-10 1.28081e-11 2.15222e-10  -8.14304e-11 1.69778e-10 1.43098e-10  -7.63421e-10 1.28081e-11 2.15222e-10  2.23104e-10 2.75945e-10 -5.55359e-10  -1.01668e-09 3.85034e-10 -4.9361e-10  -1.57596e-09 1.23469e-10 -6.41947e-10  -7.55062e-07 -2.01759e-06 -1.97221e-06  7.04142e-06 -2.548e-06 5.91383e-08  7.16927e-06 -2.7117e-06 -1.21916e-06  6.62599e-06 -3.60789e-06 -1.18914e-06  5.68895e-09 1.35606e-09 -1.87346e-09  4.12294e-09 -2.28489e-10 -3.25029e-09  5.41133e-09 9.91265e-10 -3.57729e-09  1.68632e-09 -2.08554e-10 -8.1466e-10  1.37647e-09 4.61609e-11 -6.89309e-10  8.49772e-09 3.56428e-09 -1.05121e-08  6.95113e-09 3.06637e-09 -7.00955e-09  7.95409e-09 2.28981e-09 -1.05305e-08  4.68661e-09 -2.98285e-09 1.19212e-11  3.46076e-09 -4.38868e-09 -1.75847e-10  1.81701e-09 -1.93744e-09 -2.89696e-10  1.58062e-09 -3.05102e-09 2.58678e-11  2.9602e-06 4.64575e-06 1.23124e-06  4.63646e-06 4.12635e-06 1.34623e-06  1.42318e-06 1.54324e-06 1.2919e-06  1.94714e-09 -4.68145e-09 -2.83744e-10  1.27179e-09 -8.93423e-10 -7.70873e-10  -2.95976e-10 -1.43028e-11 -7.82099e-10  -2.48861e-09 1.17318e-09 -8.30625e-10  8.85711e-09 5.44289e-09 -2.85905e-09  -6.65926e-10 2.43795e-10 -2.22069e-10  1.21368e-10 8.25109e-10 -4.91735e-10  -1.523e-09 -1.40286e-10 -4.3706e-10  7.50617e-07 1.85057e-06 -2.01995e-06  4.52354e-08 2.44251e-07 -4.52056e-07  3.24296e-07 3.14881e-07 -1.28184e-06  3.71395e-07 3.29369e-07 -1.29413e-06  9.51578e-08 1.2804e-07 -4.90579e-07  1.39089e-09 3.58214e-09 4.74358e-11  1.32246e-09 4.24168e-09 -4.37534e-11  4.34344e-10 7.63411e-09 -2.61885e-10  -3.42234e-08 -7.10902e-09 -2.46417e-08  -1.54285e-08 -7.30878e-09 -1.82745e-08  -2.68065e-08 -3.17826e-09 -2.50191e-08  -4.41125e-06 -2.59662e-06 -2.02893e-06  -4.74215e-06 -1.31663e-06 -2.03406e-06  -6.84484e-06 -2.85775e-06 -1.28139e-06  -7.28132e-06 3.15668e-06 7.15147e-08  -5.73104e-06 1.62216e-06 1.13291e-06  -7.68185e-06 2.24067e-06 2.81904e-08  -3.11863e-09 3.7114e-09 1.03117e-10  -1.87236e-10 8.73958e-10 1.6117e-10  1.72362e-09 -2.43418e-09 -6.19724e-10  6.02996e-12 -1.51076e-09 -6.40639e-10  3.15309e-10 -2.05594e-09 -5.60837e-10  -2.7824e-09 1.13681e-09 -9.09686e-10  -2.12003e-09 -2.40191e-09 -5.9256e-10  -2.12806e-09 -1.56955e-09 -7.46955e-10  1.41276e-09 1.02706e-09 -1.03258e-09  2.42577e-09 2.30073e-09 -9.43642e-10  -3.94861e-09 5.58599e-09 -1.50765e-09  -5.72854e-09 7.0612e-09 -2.22405e-09  -4.52521e-09 3.23429e-09 -2.16029e-09  -1.01184e-09 2.83211e-09 -3.75932e-10  -1.01184e-09 2.83211e-09 -3.75932e-10  -4.1064e-10 1.59083e-09 -3.37666e-10  8.8984e-09 -2.46987e-09 -3.68705e-09  5.69034e-09 -1.17616e-09 -3.76571e-09  5.09291e-09 -6.16621e-10 -3.3282e-09  -4.12293e-09 2.15093e-08 -1.1702e-08  -3.63373e-09 1.66169e-08 -8.52121e-09  -2.12329e-06 7.96797e-07 1.22984e-06  8.47175e-10 -3.84823e-09 -1.85288e-10  2.88718e-09 -4.0365e-09 -4.31582e-10  1.91972e-09 -3.39678e-09 -2.25682e-10  -6.74063e-11 1.50285e-09 -3.85981e-10  1.38413e-10 3.29292e-09 -3.43461e-10  -5.41981e-10 2.48782e-09 -4.04597e-10  1.99919e-09 -8.20075e-09 -3.40907e-09  1.10591e-09 -7.34437e-09 -5.4633e-09  1.29296e-09 -7.08688e-09 -3.21436e-09  2.6607e-08 2.55331e-08 -5.12145e-08  3.27237e-08 2.49496e-08 -4.88699e-08  5.64742e-08 4.95522e-08 -7.07535e-08  -2.04261e-10 5.42476e-09 2.31616e-11  -9.33757e-10 6.21456e-09 -6.89115e-11  -1.08653e-09 4.98306e-09 2.92408e-10  7.75375e-09 -8.68772e-07 -3.79569e-07  1.22435e-08 -4.02202e-07 -3.78277e-07  -3.51409e-08 -3.97808e-07 -3.80896e-07  -8.44153e-10 6.29758e-09 -1.3747e-09  -6.95592e-10 8.59864e-09 -1.34345e-09  -1.29719e-11 6.80564e-09 -1.21075e-09  8.54077e-10 4.25734e-10 -4.01926e-10  -5.08575e-09 1.93873e-09 -2.55744e-10  -4.28167e-09 1.72773e-09 -3.60092e-10  4.208e-09 1.16837e-08 -1.12202e-08  3.56606e-09 1.73146e-08 -1.14026e-08  -1.80763e-09 -4.26411e-09 -1.33328e-09  -3.7911e-09 -4.93791e-09 -4.60235e-10  -2.70859e-09 -4.71937e-09 -1.3047e-09  -7.21263e-06 2.13772e-06 -1.28221e-06  -7.5134e-06 1.16148e-06 9.9853e-09  -7.16607e-06 6.13977e-08 -1.26834e-06  1.47885e-08 -9.47301e-08 -9.91351e-08  -9.3987e-09 -9.00742e-08 -9.99802e-08  1.49539e-08 -1.3108e-07 -2.11014e-07  2.31131e-06 -3.61227e-07 -2.05917e-06  2.35684e-06 -9.96125e-07 -2.0425e-06  5.03822e-06 -1.98488e-06 -2.06996e-06  -1.11656e-07 -3.37781e-09 -8.39417e-08  -1.37635e-07 4.63481e-08 -8.24107e-08  -1.03308e-07 1.82794e-08 -1.90849e-07  -3.07145e-09 6.95172e-09 -1.22448e-09  -2.28632e-09 4.48945e-09 -1.14579e-09  -1.11699e-09 7.01543e-09 -1.29076e-09  -5.92272e-07 5.8671e-07 -3.82393e-07  -2.86206e-07 2.17566e-07 -3.68105e-07  1.09795e-08 -1.01417e-08 -1.11911e-08  2.41839e-08 -2.18448e-08 -2.12473e-08  1.56183e-08 -7.98436e-09 -1.5962e-08  8.02529e-09 -9.66163e-09 -1.71277e-08  2.08451e-10 -7.53586e-09 -8.35635e-10  -3.14816e-10 -7.18822e-09 -1.2869e-09  -8.85029e-10 -7.04157e-09 -9.44751e-10  8.95473e-08 9.29991e-07 -2.86721e-07  -4.51198e-09 1.83658e-08 -8.79541e-09  -5.88039e-09 1.94335e-08 -1.21256e-08  1.24481e-09 6.35933e-10 -9.77652e-10  1.71228e-09 5.32388e-11 -3.08558e-10  -3.22829e-09 -1.44003e-09 -5.22335e-10  2.49328e-09 -5.26692e-09 -2.59126e-10  2.41392e-09 -4.46531e-09 -1.04738e-10  -4.30171e-10 2.36171e-09 -2.56512e-10  -2.60779e-09 5.54812e-09 2.0888e-10  -1.2988e-09 3.08078e-09 -2.77047e-10  1.37635e-09 -2.30729e-09 -1.84e-10  4.4608e-10 -1.65601e-09 -4.02959e-10  3.49096e-10 -1.10486e-09 -1.40211e-10  -1.48475e-09 -4.7101e-10 -2.20236e-10  1.98819e-09 4.39407e-09 7.24624e-11  1.30015e-09 3.13718e-09 -4.02387e-13  1.98819e-09 4.39407e-09 7.24624e-11  -1.03009e-10 2.1664e-09 -2.00384e-10  6.32023e-10 1.78777e-10 -1.54495e-10  4.08907e-10 1.2454e-09 -2.7956e-11  -5.59272e-10 -7.46841e-11 1.74834e-10  6.28501e-10 1.34091e-09 2.74891e-10  2.19884e-10 6.09761e-10 1.07484e-10  -2.06904e-09 1.56741e-10 3.26543e-10  -3.23151e-09 5.12376e-10 3.10301e-10  -4.60225e-09 9.0178e-11 3.26465e-10  -5.8032e-07 -6.02061e-07 -3.85453e-07  -7.09716e-07 -4.15534e-07 -3.87544e-07  -6.54055e-07 -5.10574e-07 -2.5402e-07  -6.85207e-10 -1.8993e-09 3.66364e-11  -7.00364e-10 -1.22727e-09 -2.37608e-10  2.80226e-10 1.8774e-10 -1.44614e-10  8.2245e-10 8.54987e-10 1.5667e-10  1.65437e-09 3.7422e-09 1.00321e-10  2.88312e-10 5.87091e-10 5.19722e-11  7.74696e-10 9.5264e-10 2.65448e-10  -1.19631e-09 1.02463e-08 -1.5494e-09  -1.60676e-09 1.15907e-08 -2.01891e-09  -1.62407e-09 8.68344e-09 -1.38652e-09  -7.97604e-09 6.12971e-10 -4.25911e-09  -1.03165e-08 1.36487e-09 -4.27226e-09  7.3607e-09 2.44073e-09 -6.75237e-09  -1.88895e-08 1.73276e-08 -1.72763e-08  -1.51801e-08 1.46894e-08 -9.9851e-09  -1.19396e-08 1.19424e-08 -1.65342e-08  -1.81579e-08 1.16029e-08 -2.46917e-08  -1.30901e-08 4.41585e-09 -1.69025e-08  -9.02658e-09 6.53479e-09 -1.69031e-08  -5.07851e-07 6.56494e-07 -2.55608e-07  -5.14878e-07 6.59369e-07 -3.85616e-07  -4.09354e-07 7.05391e-07 -2.67238e-07  -7.44281e-10 1.22695e-09 -3.59367e-10  -4.88818e-09 4.21902e-09 6.75161e-11  2.17719e-09 -1.28084e-10 -3.37355e-10  -1.68181e-09 1.03399e-09 -2.5867e-10  -1.31514e-10 7.45742e-11 -7.52596e-11  -1.08867e-09 4.43812e-10 -1.47344e-10  -2.71295e-10 3.594e-09 5.34958e-11  -5.52019e-12 5.88586e-09 -1.12046e-10  2.52273e-10 6.40449e-09 -3.07782e-11  -3.17374e-09 4.50631e-09 -1.13252e-09  -2.6485e-09 3.47275e-09 -9.57176e-10  -1.58673e-09 2.35196e-09 -8.88292e-10  2.23798e-09 -7.78833e-10 -2.95531e-10  2.88974e-10 7.34137e-10 -8.04459e-11  1.11626e-09 1.98006e-09 -5.7821e-11  -3.55246e-10 -5.58125e-11 8.81631e-13  -3.55253e-10 -4.94891e-11 -8.14068e-11  -2.12952e-10 6.06384e-11 -5.91621e-11  3.34218e-07 6.66143e-07 -2.40496e-07  4.0002e-07 5.66199e-07 -2.40039e-07  -4.94663e-09 9.97879e-09 -1.38983e-10  -6.19446e-10 1.05984e-09 9.82691e-11  2.08187e-09 -1.89473e-09 2.51938e-10  -6.77701e-10 9.1076e-11 -8.73717e-11  3.73263e-09 1.2107e-10 -2.78625e-10  2.0352e-09 -4.42528e-10 -4.03301e-10  -5.82476e-09 -3.30149e-10 -6.12099e-10  -6.0855e-09 1.24831e-10 -1.18275e-09  -4.37439e-09 1.15219e-09 -3.63263e-10  -1.19621e-08 -4.45759e-09 -1.02634e-08  -1.29657e-08 1.97236e-10 -5.06961e-09  -4.13527e-09 2.15289e-09 -1.44308e-09  -7.52388e-09 2.80674e-08 -2.28681e-08  -1.1284e-08 3.25179e-08 -3.00054e-08  -8.95647e-09 3.33366e-08 -2.39948e-08  -4.45011e-07 2.25046e-06 1.19026e-06  2.60386e-09 5.35437e-09 -1.02339e-09  1.88694e-09 3.73765e-09 -1.00844e-09  1.60076e-09 2.08001e-09 -1.02349e-09  9.47669e-08 -1.06268e-07 -8.07571e-08  7.01574e-08 -9.23267e-08 -9.85164e-08  1.10361e-07 -1.20116e-07 -9.78161e-08  -3.52821e-09 3.82323e-09 -1.73493e-10  -9.78358e-11 1.49793e-09 1.76114e-10  9.34524e-08 -7.23269e-08 -8.06018e-08  1.17608e-07 -6.34819e-08 -7.88657e-08  7.96585e-08 -3.3742e-08 -6.62277e-08  1.55985e-09 -4.2352e-10 2.32869e-11  3.37389e-09 3.23249e-09 -8.27012e-10  3.24638e-09 3.51889e-09 -1.01514e-09  1.99326e-09 2.64885e-09 -9.53291e-10  7.42952e-10 -6.45619e-10 1.80141e-10  9.6162e-10 -1.93679e-09 2.34791e-10  1.15165e-09 -1.42061e-09 -4.35678e-11  3.02428e-06 -7.07038e-06 -1.2518e-06  2.10745e-09 -3.31997e-09 -7.38428e-11  2.29643e-09 -1.33877e-09 -1.5058e-10  7.91352e-09 -6.9697e-09 -9.42548e-10  6.64948e-09 -6.55951e-09 1.73133e-10  5.085e-09 -5.61648e-09 4.36754e-10  3.07025e-09 -3.52112e-09 -2.74493e-09  8.81067e-08 1.89908e-07 -1.18036e-06  -5.44552e-09 1.71626e-09 -2.07933e-09  -5.81645e-09 1.71798e-09 -2.53337e-09  -4.13932e-09 -4.26437e-09 -2.76465e-09  -1.15578e-08 7.87426e-06 -2.74824e-08  2.13509e-06 7.25511e-06 6.5239e-08  6.79881e-07 5.57621e-06 1.10224e-06  6.06432e-10 1.18393e-09 -4.1679e-10  2.26118e-09 1.42787e-09 -8.94003e-10  -4.43069e-09 -4.66995e-09 -4.30999e-09  -2.95629e-09 -5.7729e-09 -4.50225e-09  6.32422e-09 2.89966e-08 -2.14181e-08  -1.39012e-09 1.0996e-08 -1.67491e-08  4.67443e-09 2.22425e-08 -1.6562e-08  -3.76376e-09 3.22951e-09 8.15905e-11  -1.6376e-09 1.66489e-09 1.34183e-10  -3.30759e-09 3.70979e-09 3.38704e-10  -2.93389e-09 3.11474e-10 -4.0664e-10  -3.63555e-09 6.37869e-10 -3.35769e-10  -2.82575e-09 1.05348e-09 -4.59686e-10  -1.49167e-08 4.2456e-08 -3.1122e-08  -1.24095e-08 3.98148e-08 -4.32246e-08  -1.70715e-08 5.09348e-08 -4.31876e-08  -1.1327e-09 1.00909e-09 -8.18411e-10  3.60621e-10 2.34305e-09 -9.31295e-10  -1.03988e-10 -1.47023e-09 9.12284e-11  -6.0332e-10 -2.33424e-09 -3.61352e-10  2.00133e-08 -3.68134e-09 -3.2254e-08  3.54263e-08 -1.04438e-08 -4.74657e-08  4.33184e-08 -9.35938e-10 -4.64335e-08  1.92892e-09 1.82433e-09 -3.91698e-10  -1.85553e-09 9.53955e-11 -3.23106e-10  5.53295e-09 1.08907e-08 -2.866e-09  4.34485e-09 5.65137e-09 -2.95956e-09  5.89978e-09 1.13071e-08 -3.81265e-09  -3.53199e-12 -4.45923e-09 -5.61572e-10  -4.72658e-11 -5.22443e-09 -1.00983e-09  2.75959e-09 -5.60689e-09 -6.47099e-10  -3.15347e-10 4.97058e-09 1.85397e-10  2.68793e-10 3.25227e-09 4.97758e-10  1.59797e-09 7.89232e-10 2.77749e-11  2.39837e-10 6.01697e-10 -2.92287e-10  2.39837e-10 6.01697e-10 -2.92287e-10  1.29722e-09 6.40712e-10 -1.08031e-10  1.16294e-07 -9.10772e-08 -1.02597e-07  4.69854e-06 -2.58805e-06 -2.02737e-06  -8.91377e-08 9.27958e-07 -3.01355e-07  1.71326e-09 -1.53406e-09 -9.81459e-11  -4.17562e-09 6.82098e-09 -1.16944e-09  -3.11933e-09 5.76402e-09 -1.0921e-09  -4.56886e-09 4.65412e-10 2.15275e-11  -3.79584e-09 1.4836e-09 4.34886e-11  -3.21357e-09 8.27275e-10 7.02202e-11  -2.10372e-06 -5.29226e-06 1.20281e-06  -6.22886e-07 -1.64296e-06 1.138e-06  -1.34515e-06 -5.32592e-06 1.2164e-06  -1.08867e-09 4.43812e-10 -1.47344e-10  2.70896e-11 2.29493e-10 5.4003e-11  2.70896e-11 2.29493e-10 5.4003e-11  -1.68367e-09 4.31675e-09 3.3471e-10  -1.68367e-09 4.31675e-09 3.3471e-10  -6.41278e-10 2.63129e-09 3.18875e-10  1.66615e-11 1.14535e-09 -3.70718e-10  1.33846e-09 -3.70693e-10 -3.38019e-10  -5.03008e-10 1.98094e-09 -2.29514e-10  2.21702e-06 7.02083e-06 -1.28447e-06  3.26727e-06 7.19917e-06 1.04503e-07  1.0322e-06 7.47633e-06 -1.05248e-08  1.53885e-08 1.22287e-08 -3.09873e-08  2.09871e-08 1.49282e-08 -3.20245e-08  -6.57659e-06 4.98687e-06 1.43339e-07  -4.66088e-06 3.44238e-06 1.1978e-06  -4.9888e-06 2.83927e-06 1.22061e-06  -7.76257e-07 3.30457e-07 -3.81726e-07  -7.36452e-07 4.23836e-07 -2.41172e-07  -8.01681e-07 2.47735e-07 -2.47185e-07  5.07681e-06 6.93073e-07 -2.2193e-06  5.26562e-06 -2.40296e-08 -2.18689e-06  7.86214e-06 1.12436e-06 -1.46217e-06  3.26727e-06 7.19917e-06 1.04503e-07  4.23726e-06 6.69619e-06 1.23083e-07  5.44881e-06 -1.92996e-06 1.15258e-06  6.30756e-06 -5.5092e-07 1.25012e-06  2.1089e-06 -1.13932e-06 1.20065e-06  4.4091e-06 -3.2295e-06 1.10127e-06  -1.59464e-06 -1.58396e-06 -1.95312e-06  -1.77421e-06 -1.35694e-06 -1.95395e-06  -4.07266e-06 -3.15132e-06 -2.02014e-06  7.84483e-08 1.43203e-07 -2.17803e-07  5.52712e-08 1.15666e-07 -1.06058e-07  3.25476e-09 -5.98068e-09 -1.24541e-09  3.12484e-09 -5.94017e-09 -1.36955e-09  -9.33429e-09 6.39503e-08 -6.40584e-08  7.01112e-09 5.26363e-08 -6.59523e-08  -6.91795e-06 4.0837e-06 8.50256e-08  -6.33188e-06 4.94002e-06 -1.23068e-06  -6.57659e-06 4.98687e-06 1.43339e-07  -3.07096e-06 -4.08327e-06 -2.01755e-06  -1.90446e-06 -4.8194e-06 -2.053e-06  -2.183e-06 -8.5216e-07 1.21709e-06  -2.30265e-06 -6.24026e-07 1.19645e-06  -1.84354e-06 -1.00073e-06 1.18829e-06  -2.0602e-06 -8.98777e-07 -1.94307e-06  -2.06035e-06 -5.95551e-07 -1.93633e-06  2.05474e-07 -2.77238e-07 -4.7234e-07  2.64858e-07 -4.16249e-07 -1.22928e-06  3.55428e-07 -3.98821e-07 -1.23825e-06  6.52645e-06 4.83779e-06 -1.41303e-06  4.42538e-06 3.35983e-06 -2.21678e-06  7.50162e-06 4.33937e-06 -1.42239e-06  4.51726e-07 3.21707e-07 -1.29523e-06  1.48432e-07 8.42569e-08 -5.24221e-07  -7.68185e-06 2.24067e-06 2.81904e-08  -1.13651e-08 1.26736e-08 -1.02474e-08  -1.28693e-08 1.35827e-08 -7.30876e-09  -1.14804e-08 1.2064e-08 -7.6487e-09  -9.24251e-09 2.29707e-08 -2.99091e-08  -6.82724e-09 2.80641e-08 -4.28682e-08  -2.70647e-08 3.0274e-08 -2.82767e-08  2.08024e-06 9.56873e-07 -2.05696e-06  2.12238e-06 2.94304e-07 -2.04234e-06  2.09834e-08 -1.54647e-08 -2.87131e-08  3.03605e-08 -1.69678e-08 -4.54235e-08  3.2587e-08 -1.65611e-08 -3.06219e-08  3.56602e-07 -3.56681e-07 -4.96043e-07  6.21143e-07 -7.50048e-07 -2.88156e-07  2.78548e-07 -3.0733e-07 -4.81137e-07  2.97147e-07 1.47692e-08 -5.18017e-07  6.14834e-07 2.08152e-07 -2.84805e-07  7.62873e-07 2.92902e-08 -3.01642e-07  7.8147e-07 -5.62864e-06 1.20732e-06  -1.28388e-08 -7.40758e-09 -1.57792e-08  -1.49021e-08 -7.2168e-09 -2.26134e-08  -2.79261e-08 -2.29949e-08 -2.18567e-08  -4.33739e-07 -1.44514e-07 -1.19427e-06  3.77767e-07 -2.91838e-07 -5.3166e-07  7.79417e-07 -4.79606e-07 -2.95163e-07  7.41218e-07 -5.84246e-07 -2.97512e-07  1.08275e-08 7.6615e-09 -7.15788e-09  9.03247e-09 6.16368e-09 -4.9902e-09  6.52847e-08 2.71443e-08 -6.87294e-08  1.12786e-07 1.59147e-08 -8.50968e-08  2.1981e-06 -3.49242e-08 -2.05207e-06  6.65816e-09 -8.14131e-09 -6.35046e-10  4.44643e-09 -5.46977e-09 -8.57654e-10  4.16817e-07 -2.39128e-07 -3.81269e-07  7.97992e-07 -4.6323e-07 -3.99484e-07  -1.3345e-08 4.34316e-08 -3.11381e-08  1.97027e-08 -1.70109e-08 -1.75209e-08  3.16776e-08 1.66315e-09 -3.18321e-08  3.64799e-08 6.67144e-09 -4.65148e-08  7.24489e-08 1.13866e-07 -8.21107e-08  4.96286e-08 7.37154e-08 -7.22269e-08  5.29911e-08 6.27417e-08 -7.23841e-08  3.27471e-08 1.31711e-07 -8.14604e-08  1.24779e-08 1.03335e-07 -8.06656e-08  2.61079e-08 3.5925e-08 -5.0955e-08  1.55549e-08 2.29444e-08 -3.04146e-08  4.41322e-08 -8.59846e-08 -8.03633e-08  6.81012e-08 -8.70785e-08 -7.93803e-08  4.17747e-08 -4.71146e-08 -6.87822e-08  1.04991e-09 -1.36445e-09 -2.3585e-10  2.04566e-08 -1.14236e-08 -2.13677e-08  1.75336e-08 -3.64175e-09 -2.14517e-08  2.62137e-09 -1.35436e-09 -4.27823e-10  3.13344e-09 1.54131e-08 -7.58197e-09  2.61661e-09 1.37071e-08 -5.37718e-09  9.3505e-09 -3.10669e-08 -2.3815e-08  5.22136e-09 -1.59401e-08 -2.32461e-08  6.1768e-09 -2.20676e-08 -1.65953e-08  6.25017e-09 5.14364e-09 -2.96639e-09  3.65874e-09 5.32615e-09 -2.38154e-09  4.9069e-09 4.32691e-09 -2.54842e-09  3.84165e-09 -4.52643e-09 -5.16598e-09  -2.69873e-10 2.17465e-08 -4.37621e-08  -1.50554e-08 -3.68439e-08 -2.93024e-08  -1.04497e-08 -1.46738e-08 -2.99923e-08  -1.49081e-08 -4.26644e-08 -4.63878e-08  -1.92407e-09 2.16712e-09 -2.68428e-10  -4.75891e-10 5.40959e-10 -2.77355e-10  -2.14712e-10 4.94412e-10 -1.25179e-10  -1.57957e-10 6.79915e-10 -2.50939e-10  -6.51399e-10 1.64817e-10 -5.87434e-11  -4.1252e-10 2.1715e-10 1.33185e-11  -7.69919e-10 1.71351e-10 3.32446e-11  -6.10506e-09 -2.91192e-09 -1.70398e-09  -3.19588e-09 -4.08024e-09 -2.13479e-09  -6.83544e-09 -4.28674e-09 -2.40592e-09  5.12311e-09 -1.23083e-10 -1.16653e-09  4.05474e-09 -1.12666e-09 -1.83758e-09  6.84674e-09 -9.74885e-10 -7.90992e-10  1.21534e-09 2.32091e-10 -3.88266e-10  -1.12128e-09 1.63251e-10 -1.26047e-10  -1.08476e-09 -6.61694e-11 -2.09554e-10  -6.49822e-10 -2.88914e-10 2.64723e-10  5.6947e-11 7.00299e-10 3.17086e-10  -1.25014e-09 -7.497e-10 4.30818e-11  -3.18968e-09 -5.90023e-09 -1.40881e-09  -1.74106e-09 -4.3808e-09 -1.78228e-09  1.49538e-09 -6.30321e-09 -1.85123e-09  2.51329e-09 -7.94061e-09 -1.19772e-09  9.93206e-10 -7.00633e-09 -1.49577e-09  -8.68462e-09 2.77914e-06 1.22084e-06  -8.68462e-09 2.77914e-06 1.22084e-06  2.26159e-07 2.34318e-06 1.20524e-06  4.41368e-09 5.23569e-10 -1.42348e-09  2.84672e-09 3.53455e-10 -1.06024e-09  6.16605e-09 -3.62951e-10 -1.27302e-09  -1.64614e-09 -3.95163e-09 -6.65457e-10  -3.52629e-09 2.03743e-09 -6.60541e-10  -3.52629e-09 2.03743e-09 -6.60541e-10  -3.5514e-09 2.84016e-09 -1.35062e-09  -3.70085e-09 2.32371e-09 -8.33562e-10  -2.45056e-09 2.31644e-09 4.01433e-10  1.00337e-10 2.80154e-10 2.47499e-10  -1.65404e-09 4.85931e-10 -1.41715e-10  -4.71349e-09 1.82797e-09 1.08171e-10  -2.45809e-09 6.04112e-10 -3.43814e-11  -1.92279e-09 5.65067e-10 -5.5629e-11  2.17773e-09 -7.88798e-11 3.84074e-10  -1.92279e-09 5.65067e-10 -5.5629e-11  -2.45056e-09 2.31644e-09 4.01433e-10  -1.85315e-08 4.36825e-09 -1.76019e-08  -1.53173e-08 5.04989e-09 -7.57846e-09  -3.12864e-10 -1.40593e-10 -8.39267e-10  -5.20569e-10 4.24326e-10 -5.18797e-10  -5.70324e-10 5.01965e-09 -1.14906e-09  -8.57853e-10 1.7278e-09 -3.27435e-10  -1.34765e-09 2.32002e-09 -2.25795e-10  -6.74332e-09 5.86486e-09 -1.51698e-10  -2.57029e-09 2.78764e-09 -4.12463e-10  3.66259e-09 -1.72947e-09 -5.76753e-10  2.99483e-09 -1.92502e-09 -4.14354e-10  -5.52019e-12 5.88586e-09 -1.12046e-10  -2.32077e-09 -2.315e-09 -4.45965e-12  -1.78474e-09 -1.36243e-09 -2.18037e-10  -1.76147e-09 -1.66553e-09 -7.07989e-10  -7.25668e-10 2.23031e-10 -4.3485e-10  1.06004e-09 1.46948e-09 -3.25753e-10  -3.54266e-09 -2.66865e-09 1.13928e-10  -1.1214e-09 4.27194e-10 1.14723e-10  1.92496e-10 -8.24747e-10 -4.56084e-11  1.08648e-10 2.77647e-09 5.99899e-11  4.59602e-10 5.27739e-10 7.72983e-11  7.8901e-10 6.78238e-10 2.29124e-10  1.68636e-09 -7.09019e-10 -5.70848e-10  1.92505e-09 -2.97288e-09 -4.04059e-10  1.19759e-09 -1.90979e-09 -4.1817e-10  -1.34136e-09 -5.55342e-10 -1.84189e-10  -1.36171e-09 -5.30799e-10 -3.4327e-10  -4.10702e-09 2.89016e-09 2.02622e-10  -2.71589e-09 1.858e-09 5.21106e-10  -3.64605e-11 3.21764e-10 1.18841e-10  4.91336e-10 1.02973e-09 -1.38916e-10  -1.96365e-09 -1.93524e-09 -5.25839e-10  -1.34262e-09 -1.04956e-09 -5.04231e-10  -1.59393e-09 3.61257e-09 -3.39008e-11  -6.23508e-10 1.54801e-09 -3.03351e-10  -1.45807e-09 2.36169e-09 -3.26142e-10  -1.96728e-08 3.03745e-08 -4.22847e-08  -3.49751e-08 3.16717e-08 -2.70829e-08  2.33896e-09 3.28023e-09 -1.17959e-09  2.81514e-09 6.1536e-09 -1.30436e-09  -2.21464e-08 4.7041e-08 -6.7987e-08  -1.4489e-08 5.13398e-08 -4.32461e-08  -1.73628e-09 -9.37141e-10 -8.67291e-12  -3.57412e-09 1.95025e-09 -4.42764e-10  -1.84443e-09 1.34823e-09 -4.28104e-10  1.34606e-09 9.74622e-11 -4.61236e-10  -2.18473e-11 1.61556e-11 -1.1666e-11  -1.04311e-09 -1.11529e-09 1.60156e-10  1.88224e-10 -1.34799e-09 1.82459e-11  -6.13441e-09 -4.62158e-10 -8.71588e-10  -1.38536e-10 -1.21101e-09 -9.70547e-10  6.35213e-10 4.41457e-10 -5.15778e-10  2.1741e-09 -1.13164e-09 -4.51396e-10  2.25141e-07 -3.55699e-07 -3.6726e-07  4.65161e-07 -7.40159e-07 -3.95054e-07  2.65222e-07 -3.21226e-07 -3.70163e-07  -1.12937e-09 -1.03448e-09 -3.21271e-11  -1.12692e-09 -1.10534e-09 -3.36002e-10  -4.13543e-11 -4.14967e-11 -2.39958e-10  9.03431e-10 6.97951e-10 -3.12658e-10  5.90067e-10 -8.56985e-11 -4.61392e-10  -2.84001e-09 3.00379e-09 -6.57504e-10  -2.41089e-09 2.59125e-09 -5.66811e-10  -3.70389e-09 1.97198e-09 -7.65566e-10  -3.43063e-09 2.6402e-09 -7.59709e-10  1.08996e-09 -2.27211e-10 -7.35776e-10  2.20461e-09 -8.60566e-10 -3.44225e-10  -3.12864e-10 -1.40593e-10 -8.39267e-10  2.19158e-09 -2.83281e-10 -8.00795e-11  -4.09239e-09 1.22977e-09 -1.23042e-10  -3.62497e-09 1.23365e-09 -3.86763e-10  -4.72802e-09 7.17797e-10 -4.27927e-11  -2.99508e-09 6.32039e-09 -3.17491e-10  -1.13426e-09 5.29898e-09 -4.12314e-10  -3.19676e-10 1.02825e-09 -1.44642e-10  -1.56426e-10 -1.34294e-09 -2.7349e-10  -4.05849e-10 -3.22729e-09 -1.52531e-10  1.79582e-09 3.35046e-09 3.77317e-10  2.68793e-10 3.25227e-09 4.97758e-10  -4.26506e-09 1.59118e-09 -4.74494e-11  6.75491e-10 5.88053e-09 -2.02827e-10  -2.4802e-10 3.01448e-09 -3.15326e-10  -1.82511e-09 1.00597e-10 -2.55615e-10  1.18819e-09 1.32354e-09 -2.37142e-10  -1.37068e-10 1.00012e-09 -1.63695e-10  -8.45419e-11 -7.27045e-10 -4.63244e-08  -3.14741e-08 -1.42768e-09 -2.76172e-08  -4.82836e-08 9.25457e-09 -2.7995e-08  -1.06191e-09 1.31171e-10 7.98769e-11  -5.52902e-10 1.35282e-10 1.1559e-10  -1.29221e-09 1.25483e-10 8.67323e-11  -2.79285e-10 4.40695e-10 -7.93381e-10  -1.02869e-09 2.11756e-10 -2.1172e-11  1.18819e-09 1.32354e-09 -2.37142e-10  -1.16077e-09 -1.02216e-10 -4.64084e-11  -1.21575e-07 6.4861e-08 -8.31023e-08  -5.47981e-08 4.12598e-08 -7.60786e-08  -1.23008e-07 8.74227e-08 -8.24873e-08  -9.66768e-09 2.8001e-09 -5.65723e-11  -3.51145e-09 2.53881e-09 -5.89517e-10  -1.82082e-09 5.73455e-09 -7.93992e-09  -3.40095e-09 1.37996e-08 -5.61029e-09  -1.34123e-09 8.86843e-11 2.17066e-10  -1.53377e-09 -4.21714e-11 4.09837e-10  -3.59102e-09 -1.41297e-10 3.34115e-10  -5.79612e-10 7.17878e-09 -1.07714e-08  -1.32812e-09 3.51254e-10 -1.89677e-11  -2.00978e-09 4.82441e-10 -7.25304e-11  -9.91656e-10 2.36783e-09 -2.14078e-10  -1.49402e-09 3.7336e-09 5.22806e-11  -2.49167e-09 -1.08385e-09 -8.40508e-10  8.35643e-10 2.24546e-09 -2.20946e-10  7.45725e-11 5.10423e-09 -2.33442e-10  3.25393e-10 1.9351e-09 -3.39106e-10  -1.82464e-08 9.43378e-09 -4.68413e-08  -3.75518e-08 4.88115e-09 -2.53444e-08  -3.07572e-08 8.25924e-09 -2.9098e-08  5.98336e-10 3.1909e-09 7.38948e-11  -1.41071e-06 4.67057e-06 -2.09752e-06  -2.88743e-07 1.82234e-06 -1.95509e-06  7.33628e-08 4.71106e-06 -2.10528e-06  -9.36423e-07 1.88938e-06 -1.96044e-06  -7.68468e-10 1.05555e-09 -1.52811e-10  -5.5407e-10 1.14206e-09 -1.54093e-10  -1.35258e-07 5.493e-08 -8.15402e-08  -1.2865e-07 5.65775e-08 -8.0522e-08  -3.65401e-10 -5.4735e-09 -1.8169e-09  -6.12882e-10 -6.61129e-09 -1.95477e-09  -9.24957e-10 -6.3248e-09 -2.25411e-09  7.58604e-09 7.11412e-09 -7.31667e-09  1.57579e-10 -7.21334e-11 -8.4881e-10  -5.52473e-10 1.6048e-10 -7.3467e-10  -8.46627e-10 1.51265e-08 -2.18044e-08  -3.86987e-09 -2.1752e-09 -1.49299e-09  -6.2214e-10 1.67012e-10 -7.16213e-10  -1.45096e-09 -1.30394e-11 -7.72255e-10  -1.0631e-08 1.09919e-08 -5.5126e-09  -2.58983e-09 5.38066e-09 -5.3705e-09  2.76849e-07 3.8014e-07 -3.52603e-07  1.32434e-07 1.56235e-07 -2.17146e-07  3.24283e-07 2.75399e-07 -3.33712e-07  1.28701e-07 9.76497e-08 -1.18083e-07  8.25514e-08 9.76648e-08 -8.40702e-08  -2.78634e-10 -4.89071e-09 -3.61289e-10  9.34256e-10 -4.95028e-09 -8.03605e-10  -5.83086e-10 -3.61755e-09 -7.27088e-10  -4.89613e-08 -8.57731e-08 -8.24582e-08  -4.49773e-08 -1.17197e-07 -8.0166e-08  -1.89463e-08 -3.9771e-08 -6.81285e-08  -3.07224e-09 1.63791e-09 -6.72137e-10  -2.19733e-09 2.30929e-09 -7.64083e-10  -3.60569e-07 -4.09367e-08 -3.67132e-07  -1.38921e-07 -1.43217e-08 -1.92201e-07  -3.59767e-07 9.34554e-09 -3.66342e-07  -3.6987e-07 -6.6386e-08 -1.18876e-06  -2.29613e-07 1.50667e-08 -4.54175e-07  -3.59225e-07 9.59269e-08 -1.18773e-06  1.31137e-07 -6.21469e-08 -1.02255e-07  1.20859e-07 -4.90775e-08 -7.66609e-08  -3.60463e-06 -6.50476e-06 -1.21226e-06  -5.18443e-06 -5.17801e-06 -1.21411e-06  4.38579e-07 2.62749e-07 -1.28095e-06  -3.71863e-07 2.59941e-07 -1.21523e-06  -2.74331e-07 1.29306e-07 -4.48177e-07  -2.9492e-07 2.33205e-07 -4.46901e-07  1.93497e-09 1.17864e-08 -3.88913e-09  3.82526e-09 9.03626e-09 -2.83583e-09  3.78831e-09 9.44017e-09 -3.87913e-09  6.27387e-10 -5.1982e-09 -1.26854e-09  -2.78095e-09 -3.11188e-09 -1.37433e-09  -2.85887e-09 -4.50881e-09 -7.16543e-10  4.08082e-10 -2.63699e-09 1.58475e-10  2.95748e-10 -1.42071e-09 -1.18701e-10  -2.82752e-10 -5.48907e-10 2.284e-10  5.34575e-09 -9.7308e-08 -7.90055e-08  -1.5573e-08 -9.46899e-08 -7.77367e-08  -1.92407e-09 2.16712e-09 -2.68428e-10  -1.09361e-09 2.00218e-09 -3.43287e-10  8.77795e-10 -2.18591e-09 1.09462e-10  -2.2497e-09 6.94338e-10 2.04555e-10  -2.34763e-09 1.24782e-09 1.15903e-10  7.58727e-11 5.50466e-10 2.01442e-12  -1.38313e-09 1.60096e-08 -2.87277e-08  -1.05759e-09 1.49534e-09 -8.98675e-10  -4.00267e-10 -4.68677e-10 -7.95147e-10  -1.99544e-09 2.6568e-09 -9.61728e-10  1.46745e-09 -2.27203e-09 1.75983e-10  -2.08013e-09 4.02718e-09 4.31129e-10  2.33424e-06 4.74163e-06 -2.12806e-06  1.38028e-06 1.97222e-06 -2.0644e-06  2.92742e-06 4.49258e-06 -2.14515e-06  -3.74064e-09 4.91726e-09 -1.03244e-09  -2.79983e-09 3.50711e-09 -9.55442e-10  -5.27504e-09 8.30443e-09 -1.32308e-09  2.82602e-10 -6.12531e-11 -3.40168e-10  8.62059e-10 -4.04653e-09 1.8304e-10  -2.28269e-09 1.16936e-08 -2.76798e-09  -2.10102e-09 1.27224e-08 -2.80874e-09  6.27016e-10 4.5207e-09 -9.87501e-10  8.66871e-10 4.51633e-10 -7.88413e-10  1.02611e-09 2.93215e-09 -8.12666e-10  4.59798e-10 -4.23166e-09 -8.37231e-10  2.89731e-10 6.73313e-10 6.92732e-11  5.37553e-10 9.95554e-11 3.73835e-10  9.0279e-10 1.79955e-09 3.4307e-10  -6.60441e-09 -1.14235e-07 -2.11504e-07  -1.42436e-07 -3.59018e-07 -3.78277e-07  -2.5864e-09 6.01484e-09 -1.20392e-11  4.87234e-11 1.56111e-09 -5.15712e-11  -9.33708e-10 7.45356e-09 1.80044e-11  -4.17242e-09 -4.71982e-10 -5.06194e-10  -2.16627e-09 -5.72903e-10 -1.43017e-09  -7.0414e-09 -4.16851e-09 -7.8287e-10  -5.51717e-08 -1.22187e-07 -1.00229e-07  -1.02843e-09 -7.56729e-10 -4.64356e-10  -3.52629e-11 -3.37773e-10 -3.95181e-10  7.93864e-10 8.51563e-10 -2.52013e-10  1.38756e-09 2.3528e-09 -5.17355e-10  -1.17194e-11 2.28259e-09 -5.44577e-10  -8.16887e-10 3.04126e-09 -3.53862e-10  -1.09868e-09 5.67595e-09 -4.83487e-10  -6.23201e-10 -7.26475e-11 9.53127e-11  -4.32098e-10 -2.1456e-10 1.77837e-10  -3.38926e-07 -8.58277e-07 -2.48817e-07  6.61133e-09 -7.2214e-10 -1.30255e-09  8.6701e-09 9.0394e-09 -1.57077e-08  1.33238e-08 1.17996e-08 -2.20231e-08  1.20405e-08 1.15792e-08 -2.05994e-08  -1.52234e-06 1.40912e-06 1.13768e-06  -1.92042e-09 -3.74842e-09 -5.4429e-09  -2.66908e-09 -1.15117e-08 -8.36638e-09  -2.45046e-09 -5.0553e-09 -8.09072e-09  2.87218e-07 -2.03366e-06 1.20619e-06  8.36644e-07 -1.84645e-06 1.18836e-06  6.12681e-07 -2.13174e-06 1.21375e-06  1.2909e-12 8.19797e-10 -2.42857e-10  6.24442e-11 3.66636e-10 -1.42256e-10  -9.35695e-09 1.64491e-10 -5.73513e-09  -5.77683e-09 5.95182e-10 -4.15817e-09  -1.11439e-08 4.68296e-10 -6.13462e-09  4.13399e-09 -7.75339e-09 -1.35676e-09  -2.07731e-09 -1.18621e-09 -2.86039e-11  -1.23499e-09 -2.17298e-09 -9.6003e-11  4.73333e-10 5.44242e-10 -2.00438e-11  1.16486e-09 1.88071e-09 -1.01465e-10  7.05494e-10 8.61451e-11 9.01316e-12  -5.14878e-07 6.59369e-07 -3.85616e-07  1.95815e-06 1.50958e-06 -2.07766e-06  1.60357e-06 1.86241e-06 -2.07524e-06  1.60357e-06 1.86241e-06 -2.07524e-06  3.12865e-10 -2.31421e-09 3.07879e-10  -2.849e-09 3.83739e-10 -1.61335e-09  -3.07456e-09 -2.98292e-10 -3.02613e-10  -6.50673e-09 -3.51719e-09 -4.95439e-10  1.93811e-06 -6.65203e-07 1.22678e-06  -1.83304e-09 -5.24154e-09 -8.03571e-10  -1.24322e-09 -5.15597e-09 -1.35804e-09  1.3787e-07 1.7237e-08 -1.12582e-07  1.1633e-09 -3.42014e-09 -3.41252e-10  2.1541e-09 2.85001e-10 -2.11945e-09  4.17423e-09 -2.66588e-09 -3.04936e-09  -4.32074e-09 -1.38497e-09 -2.49646e-09  1.60617e-07 1.26002e-07 -2.08958e-07  1.44714e-07 8.68797e-08 -1.19316e-07  -3.83367e-10 1.02563e-08 1.29674e-10  2.13279e-10 9.81301e-09 -6.09674e-11  8.23934e-10 2.86572e-09 4.37541e-10  -5.65969e-10 4.84594e-09 -6.5255e-10  5.16075e-06 6.24016e-06 -1.29989e-06  5.26813e-06 6.19816e-06 1.35067e-07  8.07656e-07 -7.38158e-08 -3.97908e-07  2.83317e-08 1.58528e-08 -3.22465e-08  4.3078e-08 2.519e-08 -4.7812e-08  -3.13722e-09 2.48407e-11 -3.51829e-10  -8.17249e-10 7.43315e-10 -8.27182e-10  -1.38565e-09 3.83262e-09 -1.08927e-09  4.17336e-06 -3.9986e-06 1.10538e-06  5.50935e-06 -5.35968e-06 8.80859e-08  -5.65127e-10 -2.4748e-11 1.12167e-10  1.18137e-09 1.49193e-09 8.39312e-11  4.25062e-07 -1.97919e-07 -3.86206e-07  1.60879e-07 -3.58213e-08 -2.11757e-07  3.23176e-10 -8.57902e-10 -6.17707e-11  -2.85885e-10 -1.52387e-09 -1.11783e-10  4.90826e-08 -2.29114e-06 1.19967e-06  4.90826e-08 -2.29114e-06 1.19967e-06  9.57052e-08 8.03298e-08 -8.9386e-08  4.0269e-10 -1.04497e-09 -1.71638e-10  9.26687e-10 -1.26066e-09 -1.60533e-10  5.31986e-10 5.80117e-10 -3.83611e-10  -3.77456e-09 2.55098e-09 -6.72732e-10  -3.61411e-09 2.37873e-09 -7.26652e-10  -3.37468e-09 2.67212e-09 -8.31975e-10  -3.67136e-08 -3.5316e-08 -4.60331e-08  -2.93627e-08 -2.75935e-08 -3.00499e-08  -1.70967e-08 -8.06216e-09 -2.9524e-08  -1.04987e-08 -3.27027e-08 -2.12054e-08  -3.26516e-09 -1.01999e-08 -1.53227e-08  -5.29138e-09 -1.14424e-08 -2.14001e-08  2.53042e-08 -5.34202e-06 -2.06485e-06  -9.37348e-07 -7.557e-06 -1.24112e-06  4.24002e-08 -7.6723e-06 -1.24219e-06  -2.34635e-08 -2.46511e-09 -2.41495e-08  8.18613e-07 -3.76374e-07 -2.94075e-07  3.46649e-09 -5.91239e-10 -1.0482e-10  -2.46822e-09 -4.92975e-09 -6.33834e-10  -4.09657e-09 -1.00758e-09 -8.86056e-10  5.57788e-10 -1.50202e-09 -2.47883e-10  8.78221e-09 1.09294e-09 -1.59609e-08  9.67537e-09 4.105e-09 -1.56166e-08  3.1822e-09 8.30481e-10 -1.00105e-09  1.94277e-08 1.23308e-08 -2.24335e-08  2.37728e-08 8.75721e-09 -3.21596e-08  1.26925e-10 2.68512e-09 -3.77004e-10  1.44541e-09 -5.17871e-10 -3.63696e-10  1.98035e-09 -1.26118e-09 4.02608e-11  -6.11766e-09 1.2161e-08 1.75188e-10  1.32688e-07 -2.50745e-08 -1.04364e-07  1.12553e-07 -2.32117e-08 -7.87279e-08  2.33352e-09 -9.189e-10 -6.60875e-10  -2.98562e-09 7.68605e-09 -5.2325e-11  -7.14872e-10 2.7131e-09 1.0784e-11  -4.05248e-10 2.26906e-09 1.54506e-10  1.25116e-09 -2.85744e-09 9.91569e-13  -1.46383e-10 9.50204e-10 -2.06558e-10  4.35359e-06 -3.19315e-06 -2.01821e-06  8.11979e-11 2.12389e-10 2.0807e-10  2.82928e-10 2.27719e-09 -1.09967e-10  3.34789e-10 1.66129e-09 -5.91807e-10  3.32348e-08 -1.34037e-07 -9.79774e-08  4.93422e-08 -1.05195e-07 -9.91577e-08  2.10003e-08 -1.18575e-07 -8.13529e-08  -1.08227e-07 -3.16056e-07 -4.33537e-07  7.08463e-09 9.25041e-11 -1.02784e-09  2.45602e-09 -8.87954e-09 -2.44674e-09  4.82779e-07 -4.39144e-07 -1.25272e-06  6.11945e-07 -4.05852e-07 -1.29418e-06  1.06692e-09 1.3367e-09 -9.02054e-11  2.54164e-09 -1.07661e-08 -7.15589e-09  4.68475e-09 -1.49154e-08 -7.86025e-09  6.02248e-10 -9.61931e-09 -1.01289e-08  -2.73619e-09 6.58313e-09 -5.09412e-10  -1.17859e-10 2.78368e-09 1.47526e-10  -7.69919e-10 1.71351e-10 3.32446e-11  -2.89025e-09 7.16517e-09 3.43454e-10  -2.83794e-09 5.81522e-09 5.76965e-10  -2.89025e-09 7.16517e-09 3.43454e-10  -1.32476e-09 7.35031e-10 8.38447e-12  -8.43304e-09 6.8907e-09 -7.4908e-11  -1.83846e-09 1.70196e-09 -1.07664e-10  -4.85241e-10 -1.01156e-09 -1.02954e-09  -3.30856e-10 -3.66596e-09 -4.02634e-10  8.51019e-10 -7.32429e-09 -1.42445e-09  3.43529e-09 -8.55996e-09 -9.69901e-10  2.63164e-10 -6.44341e-09 -1.109e-09  6.89209e-10 7.04201e-10 -8.02233e-10  -4.54233e-10 -2.00077e-10 -5.75386e-10  -4.07234e-08 -3.72848e-08 -6.94209e-08  -1.06972e-07 -8.72188e-08 -7.9869e-08  -7.19451e-08 -7.51255e-08 -8.17423e-08  1.83881e-10 -6.54918e-09 -1.52469e-09  -3.65401e-10 -5.4735e-09 -1.8169e-09  1.08001e-09 4.36207e-10 -9.5683e-10  1.21894e-09 1.35201e-09 2.42964e-10  -1.41247e-09 -5.32138e-10 1.62729e-10  2.17389e-09 5.54698e-09 -4.70042e-10  2.24864e-09 5.39989e-09 1.54713e-10  1.47071e-09 3.40745e-09 1.19079e-10  -2.53166e-08 -5.04177e-09 -4.54449e-08  -1.69844e-08 -1.29551e-08 -4.59554e-08  -7.78116e-07 -1.09303e-07 -2.55353e-07  -3.73801e-07 -1.08061e-07 -4.6211e-07  6.22826e-09 -1.09998e-09 -3.63749e-09  2.72577e-09 -1.03036e-08 -2.21633e-08  5.62037e-09 -1.53252e-08 -2.99225e-08  2.52526e-10 2.20962e-10 -3.2126e-11  -1.38739e-10 -8.88992e-11 -1.55316e-10  6.71001e-10 6.34568e-10 -8.95368e-11  9.10462e-09 -7.57852e-10 -1.11472e-08  2.84544e-08 -2.06054e-09 -1.59172e-08  1.5642e-10 -6.04536e-09 -3.95567e-10  -2.26922e-08 1.37621e-08 -2.811e-08  -3.11711e-08 2.69855e-08 -2.46525e-08  -2.97331e-09 -4.89737e-09 -8.37452e-10  -1.69884e-10 4.25066e-09 -1.19397e-09  -2.7529e-09 1.35525e-08 -3.90599e-09  -3.36582e-09 1.05143e-08 -2.51656e-09  -3.05192e-09 -8.68525e-09 -5.0771e-09  -1.93061e-07 8.06413e-07 -4.22448e-07  -4.15779e-07 7.13321e-07 -3.91784e-07  -1.35226e-07 3.47371e-07 -3.75833e-07  -3.19958e-09 -4.64314e-10 6.74611e-12  -1.49651e-09 5.26471e-10 2.52044e-10  -6.01677e-09 -8.27951e-10 -1.04819e-10  -4.27725e-09 1.90469e-09 -5.33061e-10  -1.01883e-09 4.67365e-10 -4.35345e-10  1.8432e-09 -4.86534e-10 -7.55203e-10  -1.81803e-10 6.40134e-10 -4.92728e-12  -3.29128e-07 -1.30966e-07 -3.76448e-07  -1.12479e-07 -1.83002e-08 -1.90901e-07  -6.95325e-09 3.16158e-08 -2.43592e-08  -3.55611e-09 1.21136e-08 -2.41891e-08  -3.4672e-09 2.4414e-08 -1.68022e-08  -1.06379e-07 -5.64414e-08 -8.25934e-08  -9.80702e-08 -9.63314e-08 -9.32004e-08  -1.65738e-08 1.48973e-07 -2.07453e-07  -2.28284e-10 3.51651e-09 -3.70689e-10  5.77994e-10 4.52912e-09 1.97315e-10  1.18829e-09 4.58445e-09 -3.83445e-10  -6.93285e-06 3.09223e-06 -1.29264e-06  -4.80955e-06 1.45932e-06 -2.05847e-06  3.88217e-10 -8.82122e-11 -7.75451e-10  1.13481e-09 1.61916e-09 -9.58006e-10  1.16944e-09 7.06459e-10 -3.41697e-10  -1.44409e-08 1.5506e-09 -6.36411e-09  -1.46033e-08 9.95327e-10 -4.82827e-09  2.37265e-09 5.21382e-10 -6.13508e-10  -1.89707e-09 1.00246e-08 -1.90611e-09  -5.0457e-09 1.55961e-09 -3.14101e-10  -2.18065e-09 1.80813e-09 1.38281e-10  -3.56391e-09 3.69506e-09 -1.30652e-10  -1.2196e-10 9.80635e-10 2.02007e-11  -1.09892e-09 1.69211e-09 -2.44909e-10  6.92263e-07 -5.24478e-06 -2.07541e-06  3.94952e-07 7.52879e-07 -3.54106e-07  2.35875e-07 4.04492e-07 -3.65439e-07  -1.33854e-06 5.50506e-06 1.13821e-06  -2.97567e-06 7.34075e-06 9.29156e-08  -1.01077e-06 7.65407e-06 2.55329e-10  8.32143e-07 -6.83581e-08 -3.02283e-07  2.01241e-06 -7.26457e-06 -1.26534e-06  2.06681e-06 -4.76075e-06 -2.07931e-06  6.56181e-10 9.6829e-10 -1.39271e-09  -8.18502e-10 7.33707e-10 -1.16889e-09  4.47825e-07 -4.92241e-09 -1.26072e-06  3.39348e-07 -2.31275e-08 -5.1552e-07  3.01099e-07 -7.35595e-08 -5.19446e-07  -7.94132e-07 2.32764e-07 -3.77311e-07  -7.94132e-07 2.32764e-07 -3.77311e-07  2.3679e-09 1.41877e-10 -3.41982e-10  7.5853e-07 3.35604e-08 -3.85354e-07  4.06647e-07 -3.9754e-08 -3.68515e-07  -5.42068e-08 1.15566e-07 -1.96322e-07  -5.04182e-08 1.30328e-07 -9.6599e-08  1.13022e-08 -3.98144e-08 -4.48919e-08  -1.73843e-09 -4.75973e-08 -6.87776e-08  1.16249e-08 -6.33475e-08 -6.86749e-08  1.23581e-08 -3.92725e-08 -3.074e-08  2.05705e-09 -2.00243e-08 -4.57862e-08  1.98218e-08 -2.09811e-08 -4.60645e-08  6.06791e-08 -6.51871e-08 -6.8953e-08  3.53975e-08 -3.55973e-08 -4.60797e-08  -6.65973e-07 5.05662e-07 -3.79568e-07  -5.92272e-07 5.8671e-07 -3.82393e-07  -7.27362e-07 4.15946e-07 -3.81021e-07  8.81551e-09 1.29898e-09 -1.10684e-08  1.56183e-08 -7.98436e-09 -1.5962e-08  6.7372e-10 7.9525e-09 -1.72032e-09  4.41484e-09 3.0273e-09 -1.90429e-09  4.11702e-09 8.91338e-10 -1.89061e-09  5.83963e-09 2.01885e-09 -2.37118e-09  5.68702e-09 -1.93036e-08 -1.08693e-08  6.08289e-10 -5.80228e-09 -1.58341e-08  7.67461e-09 3.58782e-09 -3.54594e-09  7.3302e-09 1.59372e-09 -4.81953e-09  -5.55932e-06 5.48974e-06 -1.20544e-06  3.53312e-09 -2.14334e-09 -8.14341e-10  3.08555e-09 -1.18954e-09 -4.26864e-10  2.03173e-10 -3.59283e-09 -7.5616e-10  2.1226e-10 -4.21163e-09 -4.43064e-10  9.5365e-10 -3.7995e-09 -5.71238e-10  -3.85115e-10 2.49967e-09 -1.07341e-10  8.89009e-10 -1.79965e-09 -1.97039e-10  -1.26961e-09 1.39041e-09 -4.24564e-10  6.08792e-10 -6.61445e-09 -2.95811e-10  -2.51659e-10 -4.49152e-09 -4.08424e-10  5.78267e-10 -3.91682e-09 1.06689e-10  -1.32155e-07 7.30743e-08 -7.94946e-08  -1.23372e-07 8.55055e-08 -7.98964e-08  -7.96705e-08 8.65712e-08 -1.86451e-07  -4.80276e-08 2.2865e-08 -7.70711e-08  -2.67374e-09 -3.66161e-11 -3.48286e-10  -2.67374e-09 -3.66161e-11 -3.48286e-10  -1.66041e-09 4.39942e-11 -3.68567e-10  -7.03281e-10 1.80363e-09 -3.13109e-10  -4.45676e-10 1.35709e-09 -3.08963e-10  -1.20262e-09 3.65205e-09 -3.02427e-10  1.21411e-09 2.87201e-09 5.77045e-11  3.81413e-10 4.59513e-09 -4.00809e-11  3.83608e-10 2.67921e-09 4.02186e-10  -2.26032e-08 -1.96239e-08 -2.97017e-08  -1.49998e-08 -1.02398e-08 -2.20947e-08  -7.09943e-09 -3.11529e-09 -3.64986e-09  -5.92172e-09 -2.43046e-09 -2.57026e-09  -6.99806e-09 -4.40638e-09 -2.72633e-09  -7.92564e-08 -1.18778e-07 -2.04964e-07  -2.58543e-07 -2.87197e-07 -3.76597e-07  -2.32105e-07 -3.27886e-07 -3.76415e-07  3.88146e-09 1.04402e-08 -5.19485e-09  -2.09275e-07 2.17376e-07 -4.49826e-07  -3.21502e-07 3.69915e-07 -1.21121e-06  -3.91485e-07 3.44224e-07 -1.2199e-06  -4.14102e-07 1.7272e-07 -1.19084e-06  -3.73933e-07 1.36271e-07 -4.46404e-07  -3.82274e-09 6.0473e-09 -1.24501e-09  -1.70368e-09 1.87352e-09 -9.31176e-10  3.54973e-10 4.58972e-10 2.33233e-10  -1.62196e-10 -1.13182e-09 1.30871e-10  8.77795e-10 -2.18591e-09 1.09462e-10  -3.58936e-10 1.82894e-09 -5.48421e-11  -1.12293e-09 -3.88721e-09 -5.88045e-10  1.0644e-09 4.71883e-11 -1.16885e-09  -3.36382e-07 1.344e-07 -3.65768e-07  -7.67042e-08 3.07637e-07 -4.51241e-07  -6.12847e-08 2.33666e-07 -1.15503e-06  -1.52012e-07 3.55773e-07 -1.16826e-06  1.28341e-08 -2.3665e-08 -4.54851e-08  1.29337e-08 -1.31704e-08 -2.93584e-08  6.67037e-09 -2.03888e-08 -3.03912e-08  6.23454e-10 4.83092e-10 5.66518e-11  -2.26282e-09 1.4895e-09 6.41187e-12  -3.56391e-09 3.69506e-09 -1.30652e-10  1.77661e-09 -9.2381e-09 -1.66568e-08  6.30777e-09 -4.09955e-09 -1.67588e-08  1.77035e-09 -2.84937e-09 -1.04608e-08  -3.45915e-10 -4.74531e-10 -7.82216e-11  -8.97592e-08 -4.75866e-08 -1.93394e-07  -1.45866e-07 -4.82812e-08 -8.13375e-08  3.49363e-10 1.49633e-10 1.46673e-10  3.87198e-10 1.10841e-09 1.78595e-10  5.69488e-10 -1.74345e-09 3.60224e-10  2.70685e-06 1.22959e-07 1.38675e-06  2.70685e-06 1.22959e-07 1.38675e-06  2.17734e-06 -4.00254e-07 1.30774e-06  -2.60779e-09 5.54812e-09 2.0888e-10  -9.48622e-10 2.62224e-09 2.2242e-10  1.05965e-10 6.88457e-10 -8.84462e-11  1.11791e-08 1.9621e-08 -1.56589e-08  5.73838e-09 5.6013e-09 -1.10392e-08  -1.42975e-09 -4.89378e-09 -2.82887e-09  1.41163e-09 1.05131e-08 -2.77246e-09  3.56423e-09 8.55167e-09 -2.27713e-09  3.32764e-08 -2.28947e-06 -1.99953e-06  -2.7054e-06 4.39619e-06 -2.07289e-06  4.04796e-10 -9.38255e-10 -2.32495e-11  4.75642e-10 -1.02891e-10 2.50336e-10  4.58136e-10 2.04744e-10 5.82798e-11  -1.03051e-09 -1.64891e-09 -2.53828e-10  5.4102e-09 5.97352e-09 -5.14659e-09  5.60005e-09 5.62723e-09 -7.20595e-09  2.51329e-09 -7.94061e-09 -1.19772e-09  2.1355e-09 -6.07694e-09 -6.6108e-10  -8.51223e-10 2.44629e-09 1.35329e-10  -1.23563e-09 1.849e-09 1.95555e-10  -1.36271e-07 3.76659e-08 -1.8775e-07  -4.07827e-09 3.48677e-09 6.29987e-11  -8.20999e-09 -2.51338e-08 -4.69694e-08  1.09306e-07 -1.15305e-07 -1.98307e-07  3.66541e-07 -2.60936e-07 -3.74777e-07  -2.10953e-08 1.97459e-08 -2.4281e-08  -1.09251e-09 1.39772e-09 -1.19397e-10  -4.71349e-09 1.82797e-09 1.08171e-10  -2.15663e-08 -3.51575e-08 -4.49333e-08  -2.25396e-08 -1.90866e-08 -4.51052e-08  -2.25396e-08 -1.90866e-08 -4.51052e-08  -4.43841e-10 -4.81143e-09 -1.26084e-10  2.43357e-10 -9.61791e-10 -4.19322e-10  1.48789e-09 -1.58124e-09 -4.35734e-10  -7.82767e-07 -2.17296e-07 -3.82632e-07  -7.84256e-07 -1.00753e-07 -3.80237e-07  -7.57698e-07 -3.20732e-07 -3.88032e-07  -3.59663e-09 -4.08058e-10 1.61321e-10  -3.19958e-09 -4.64314e-10 6.74611e-12  -3.94255e-07 -2.27561e-07 -1.21155e-06  -1.39153e-07 -3.1347e-09 -7.7455e-08  -8.43062e-08 -2.32991e-08 -7.26554e-08  -5.76933e-08 -2.85112e-09 -7.59003e-08  1.38199e-09 -3.99171e-09 -3.16769e-10  -1.88665e-09 1.18545e-10 -5.70908e-10  -9.00971e-10 -5.68142e-11 -5.58835e-10  1.21512e-07 -2.5206e-09 -8.19787e-08  3.95089e-07 -2.67294e-07 -5.42083e-07  1.75321e-07 -1.08495e-07 -2.1249e-07  7.2429e-07 -5.43938e-07 -4.00881e-07  -1.04724e-08 5.90388e-06 1.07408e-06  -2.04745e-07 2.43761e-06 1.22615e-06  8.96102e-10 2.3647e-09 3.56715e-10  1.2994e-10 4.8344e-09 3.86615e-10  8.07775e-10 -7.02016e-10 -1.47477e-10  9.34264e-09 -1.1557e-09 -3.5533e-09  -4.30404e-06 3.44041e-06 -2.08932e-06  -1.86363e-06 1.52069e-06 -2.0134e-06  -1.74362e-06 1.74699e-06 -2.01221e-06  -2.03182e-07 -2.00904e-07 -4.54886e-07  -4.7662e-07 -6.52193e-07 -2.49247e-07  -6.66045e-08 -6.89578e-08 -1.96707e-07  -2.58919e-07 -1.05792e-07 -4.66792e-07  -7.55655e-07 -2.11034e-07 -2.58004e-07  -3.2526e-09 1.49513e-08 -5.82585e-09  -4.63761e-06 -3.40963e-06 1.13354e-06  4.70426e-06 -5.99571e-06 1.11263e-07  5.52794e-08 1.74433e-06 -1.96936e-06  2.03246e-06 1.36006e-06 1.40114e-06  1.80494e-06 1.50542e-06 1.33776e-06  4.69542e-07 -1.01771e-07 -1.28071e-06  -1.05899e-09 -4.39634e-09 -3.28236e-09  8.34245e-10 -4.0054e-09 -5.34373e-09  6.73521e-07 -4.05512e-07 -1.30994e-06  5.74533e-07 -3.0489e-07 -1.30998e-06  6.56117e-08 -8.15692e-06 9.3612e-08  1.06872e-06 -7.80247e-06 7.5656e-08  9.9406e-10 -5.99219e-09 -7.80117e-09  5.66205e-07 -6.99516e-07 -4.01539e-07  5.13178e-07 -7.7042e-07 -2.77344e-07  -2.10616e-06 3.14982e-08 -1.93632e-06  -2.04894e-06 6.54202e-07 -1.95654e-06  3.11172e-08 3.66304e-07 -4.43027e-07  -1.65929e-08 1.34527e-07 -1.00835e-07  4.76683e-09 1.36679e-07 -2.09649e-07  1.66806e-09 -5.35757e-10 -4.20939e-10  2.04863e-09 2.93119e-10 -3.78817e-10  1.48032e-09 -1.07417e-09 -1.35694e-10  6.67515e-08 -1.85359e-08 -6.54757e-08  -7.09716e-07 -4.15534e-07 -3.87544e-07  1.58034e-10 -7.24143e-11 -1.07867e-10  8.82766e-08 -2.78511e-07 -4.5743e-07  1.38684e-07 -8.23793e-07 -2.47596e-07  1.7284e-08 -8.0535e-07 -2.37206e-07  6.98558e-11 1.61603e-09 3.16673e-10  1.95497e-10 1.6782e-09 3.11493e-10  4.65908e-07 6.71818e-07 -3.38866e-07  5.20918e-07 4.09365e-07 -2.56863e-07  -1.97803e-08 7.08493e-08 -6.40368e-08  2.52973e-09 -2.5658e-09 -1.01478e-09  5.15145e-09 6.21902e-09 -3.8798e-09  -1.6289e-08 6.04467e-09 -4.46742e-08  9.45811e-09 8.17902e-10 -6.83084e-09  1.10852e-08 -3.58635e-09 -1.14554e-08  -5.85093e-08 -1.36359e-07 -2.08121e-07  -1.60763e-08 -5.66599e-08 -6.83089e-08  -2.33263e-08 -7.82865e-08 -6.87146e-08  -4.97546e-09 -1.29079e-08 -2.94175e-08  -6.80032e-09 -1.15061e-08 -2.07857e-08  8.54181e-08 -3.00172e-08 -6.58233e-08  3.31474e-07 -1.91532e-07 -5.37593e-07  5.7628e-09 1.50581e-08 -1.58722e-08  7.07972e-09 1.84882e-08 -2.05526e-08  -1.14647e-10 8.06098e-10 -1.97897e-10  -7.35342e-11 2.93436e-09 -3.24112e-10  6.81383e-09 3.2681e-09 -2.77968e-09  -8.16882e-09 8.5853e-10 -5.33242e-09  3.73884e-09 3.09257e-09 -9.93032e-10  -3.13061e-06 4.07111e-06 1.17577e-06  -4.7098e-10 -7.74447e-10 -7.48037e-10  6.94361e-10 -1.02765e-09 -8.49298e-10  -3.45345e-09 1.71314e-09 -8.25411e-10  -4.5244e-09 1.66881e-09 -1.69051e-09  4.29448e-11 3.27836e-09 -5.06082e-10  -3.91471e-09 2.11644e-09 -4.07509e-10  1.1654e-09 8.95215e-10 4.04889e-10  -6.54188e-09 -6.55211e-10 -5.59941e-10  3.51319e-09 7.83542e-09 -1.86098e-09  2.91782e-09 6.97536e-09 -1.90228e-09  -1.13596e-07 2.26295e-08 -7.85625e-08  3.35352e-09 -7.56689e-09 -1.05446e-09  3.52908e-10 -6.86303e-10 -5.10859e-10  -3.49986e-09 5.81655e-11 -2.76632e-11  -3.69545e-09 3.09536e-10 3.48514e-11  5.27361e-09 -3.9931e-09 -1.9807e-10  5.27361e-09 -3.9931e-09 -1.9807e-10  -1.18049e-09 -8.15967e-10 -3.71722e-10  4.80002e-09 -3.68688e-09 -4.7006e-10  -5.7964e-09 -3.28566e-09 -6.90568e-09  -1.09568e-08 -7.87195e-09 -7.26259e-09  -7.27224e-09 -4.05642e-09 -4.58023e-09  -9.1943e-09 -5.82059e-09 -4.91789e-09  -7.95832e-10 -3.69328e-09 -8.44057e-10  -8.01945e-10 -5.15568e-09 -1.2669e-09  -1.35556e-09 -5.90185e-09 -5.21106e-10  -4.03484e-09 -6.2568e-09 -4.26377e-10  -4.09149e-09 -4.45327e-09 -4.93641e-10  -4.85166e-09 1.51587e-09 -6.7963e-10  -1.79519e-09 9.11138e-10 -3.74744e-10  -4.88581e-06 7.62037e-07 -2.03907e-06  2.61225e-10 -1.49825e-09 -9.57694e-11  -5.75519e-12 1.95781e-11 -2.5842e-10  1.30942e-09 -2.73634e-09 -4.87929e-10  -3.82588e-07 -2.86036e-07 -1.20635e-06  -3.12831e-09 1.16149e-08 -3.65026e-09  -1.78284e-09 -1.16654e-09 -2.38588e-10  -1.79647e-09 -1.04216e-09 -5.18804e-10  -1.06454e-09 -3.77516e-10 -4.22742e-10  -3.29622e-09 1.51687e-08 -5.69607e-09  -4.41629e-09 1.68037e-08 -8.4004e-09  6.72526e-11 6.74203e-10 5.23127e-10  -2.00973e-10 1.00269e-09 3.65041e-10  9.12338e-10 1.27961e-09 -1.714e-11  -7.3774e-10 -9.35061e-10 4.25467e-11  1.34664e-10 -1.17763e-09 -1.21448e-10  -6.92409e-11 -1.07778e-09 -1.18562e-10  -4.55982e-09 -5.78602e-09 -1.55373e-09  -4.72409e-09 2.86326e-09 -1.00105e-10  3.73535e-10 2.88305e-09 -1.89959e-10  -4.50338e-09 2.68822e-09 -3.23937e-10  3.22087e-10 8.82113e-10 3.80848e-11  -2.78259e-10 7.19624e-10 7.60103e-11  -1.18717e-09 4.74815e-09 1.24127e-10  2.84888e-10 6.46819e-09 2.67966e-10  -3.54996e-08 1.34672e-07 -9.92638e-08  -3.31921e-08 1.1377e-07 -7.87184e-08  -1.25504e-08 1.0921e-07 -7.95265e-08  -7.95907e-07 1.44611e-08 -3.76479e-07  -7.84256e-07 -1.00753e-07 -3.80237e-07  -8.05776e-07 1.27545e-07 -3.73883e-07  -6.46538e-07 4.92627e-07 -2.41061e-07  2.5679e-09 -3.2126e-10 -1.13239e-08  -7.62784e-09 -2.60753e-08 -1.62743e-08  -5.97668e-09 -2.0186e-08 -1.23373e-08  3.06646e-10 5.80371e-09 1.78469e-10  -3.8555e-09 -4.12834e-09 -8.72481e-10  9.2129e-10 1.7043e-09 -1.89242e-11  1.3692e-09 1.51999e-09 1.18157e-11  1.13487e-09 1.15715e-09 2.14646e-10  5.84697e-10 8.61015e-10 4.33159e-12  1.2994e-10 4.8344e-09 3.86615e-10  9.16937e-10 1.65555e-09 5.23862e-11  1.91886e-09 4.24202e-09 4.95956e-12  -5.70905e-09 2.21685e-09 -2.33582e-09  -6.15997e-09 3.79458e-09 -2.63972e-09  -4.08583e-09 6.56743e-09 -1.27983e-09  -3.38419e-09 8.2396e-09 -1.24205e-09  6.29902e-11 3.17646e-09 -8.76263e-10  1.86193e-09 3.12713e-09 -9.82696e-10  -5.7757e-09 -2.30203e-09 -6.73773e-10  8.01808e-09 3.18967e-08 -2.83601e-08  -1.7322e-09 7.99407e-09 -1.16633e-08  8.38856e-09 1.993e-08 -2.96972e-08  -7.17529e-06 -1.96268e-06 -1.27781e-06  -7.50583e-06 -1.03364e-06 1.42708e-08  3.02722e-09 -4.86034e-09 -6.43456e-09  2.68956e-09 -3.07276e-09 -5.15781e-09  -7.67656e-06 -2.08335e-06 2.78592e-08  9.97687e-10 4.83903e-09 4.96929e-10  7.76966e-08 -5.91072e-06 1.18334e-06  -1.85997e-07 -2.22336e-06 1.19839e-06  -1.39992e-07 3.33688e-07 -4.58944e-07  -2.88137e-07 4.01672e-07 -1.19269e-06  6.4562e-10 -6.31269e-10 7.4413e-11  2.21747e-08 7.50185e-08 -6.88887e-08  1.16626e-08 3.84415e-08 -4.52059e-08  1.69154e-08 3.0368e-08 -4.9427e-08  -6.81094e-09 -7.65567e-09 -1.58698e-08  4.41155e-12 2.33251e-09 -9.37726e-10  1.17784e-09 -5.04431e-09 -1.0822e-08  -2.38951e-07 3.20849e-07 -4.49514e-07  -2.76686e-10 1.3528e-09 -8.22192e-10  -1.07405e-10 2.11151e-09 -1.90062e-10  -3.1776e-09 5.67719e-10 -6.64169e-10  -7.52202e-09 -4.17804e-09 -7.28327e-10  -3.22126e-10 -2.5025e-09 -1.12309e-10  -3.0376e-07 -1.78059e-07 -3.76931e-07  -6.49275e-07 -5.12419e-07 -3.86382e-07  1.90983e-09 1.98563e-09 -3.87842e-10  1.92563e-09 -1.19126e-09 -1.72385e-10  9.3907e-11 7.33733e-10 2.45071e-10  6.62335e-09 1.26276e-08 -5.08196e-09  2.62145e-10 8.14708e-09 2.31232e-10  2.77789e-08 1.49869e-07 -2.11534e-07  2.70217e-08 1.43677e-07 -1.01881e-07  1.69661e-09 3.87286e-09 4.89078e-10  3.54209e-07 -7.69945e-07 -3.88715e-07  1.22473e-07 -8.13633e-07 -3.7975e-07  -2.94956e-07 -2.35485e-07 -4.59645e-07  -1.28117e-06 -5.08506e-06 -2.06099e-06  -2.84365e-06 -7.13045e-06 -1.21968e-06  1.7284e-08 -8.0535e-07 -2.37206e-07  6.56117e-08 -8.15692e-06 9.3612e-08  -9.40892e-09 -5.11593e-09 -1.07118e-08  -2.30808e-08 -1.7278e-08 -1.5659e-08  1.91462e-10 4.70338e-09 -4.32365e-10  -7.67641e-09 4.59648e-09 -9.5216e-09  2.76474e-08 -5.16923e-07 -1.23064e-06  -2.38096e-07 -2.33241e-06 -1.99404e-06  -3.21928e-06 -4.16781e-06 1.15986e-06  -2.97708e-09 -7.05209e-09 -3.7906e-09  -4.56406e-09 -5.94975e-09 -1.14851e-08  -2.03524e-06 9.72159e-07 -1.97647e-06  5.03328e-08 1.12599e-07 -8.15349e-08  -6.42281e-09 9.50918e-09 -1.51416e-09  6.73366e-09 -4.33315e-09 -3.22209e-10  1.69835e-09 1.88182e-09 1.33217e-10  -6.31767e-08 2.05202e-08 -7.70731e-08  2.80144e-09 -5.6503e-10 -1.09589e-09  -6.86532e-09 -2.85128e-10 -2.61677e-09  1.24996e-09 1.67902e-09 1.89974e-10  1.40154e-09 1.60239e-09 -5.10197e-10  -5.05389e-10 5.73909e-11 3.26736e-11  -5.28683e-10 1.94877e-09 -3.66373e-11  -7.73441e-10 2.38039e-09 -1.08791e-10  -5.29238e-10 8.09553e-11 -3.62213e-10  9.40209e-10 1.67659e-09 -2.20042e-10  -7.65191e-11 -4.97014e-10 -2.40786e-10  1.36493e-07 -8.29456e-08 -1.03367e-07  -1.19113e-09 2.991e-10 2.1452e-10  -2.26806e-09 6.11807e-10 2.40865e-10  -2.26806e-09 6.11807e-10 2.40865e-10  1.48906e-07 -3.92708e-09 -1.08582e-07  1.3328e-08 2.17611e-08 -2.02488e-08  -1.07347e-09 -9.31307e-10 7.82131e-12  -1.70761e-09 -1.5941e-09 2.13584e-10  -1.97432e-06 -7.56076e-06 1.11092e-07  -9.38039e-07 -7.75293e-06 1.24549e-07  4.70717e-09 9.88506e-09 -2.33272e-09  -2.36913e-08 6.99054e-08 -6.55375e-08  2.00455e-06 1.23191e-06 -2.07276e-06  4.69067e-06 2.79858e-06 -2.2426e-06  1.05155e-09 2.02489e-09 -2.96644e-11  1.50621e-09 2.73436e-09 4.39386e-10  6.04668e-06 -4.45255e-06 7.88409e-08  -1.08282e-09 2.03949e-12 2.18722e-10  -1.72329e-09 2.78791e-09 5.87153e-10  3.06646e-10 5.80371e-09 1.78469e-10  6.12208e-10 3.32306e-09 2.09041e-10  -1.90838e-09 4.14217e-10 2.01083e-10  5.92572e-09 -3.40738e-09 -2.73596e-10  4.67255e-09 -1.70565e-09 -3.65495e-10  8.54302e-06 2.35366e-06 4.02957e-09  8.66841e-06 1.24781e-06 -2.62656e-08  6.48157e-06 9.27344e-07 1.30278e-06  2.57458e-07 7.77444e-07 -2.50675e-07  2.28734e-06 -1.27942e-06 -2.0234e-06  1.1332e-09 1.45497e-09 -1.39241e-10  2.13947e-06 -1.51994e-06 -2.01476e-06  1.69206e-07 1.52779e-08 -2.07921e-07  7.23914e-10 7.61035e-10 6.37152e-11  -1.84979e-09 -4.27197e-10 -7.70836e-11  -3.75063e-10 2.99535e-10 -9.24923e-10  4.5774e-09 -2.7779e-09 -7.63419e-10  -7.70158e-07 1.38997e-07 -2.47069e-07  -4.53834e-06 2.8356e-06 -2.09195e-06  -2.99855e-06 -7.49012e-06 1.33447e-07  -4.50452e-06 -5.94643e-06 1.04779e-07  -9.08549e-10 1.35627e-09 -1.70042e-10  -4.1961e-07 -7.574e-07 -3.91073e-07  3.9897e-06 3.83429e-06 -2.18648e-06  3.7048e-08 1.51552e-08 -4.74663e-08  -9.20112e-08 -1.84635e-07 -4.36114e-07  -5.56664e-06 5.39471e-06 1.89776e-07  -7.29096e-11 2.80875e-10 -5.33319e-11  -4.60965e-10 1.08525e-10 -3.11181e-10  1.16545e-09 2.74386e-09 8.32542e-11  -1.70539e-09 4.97811e-09 -3.29871e-10  7.34913e-06 4.18494e-06 3.28998e-08  6.49045e-06 5.94646e-06 9.75646e-08  -8.55481e-10 9.44258e-10 -2.50722e-10  -5.99644e-10 1.91428e-09 -1.15534e-10  -1.57495e-09 -5.9926e-10 -9.64292e-11  2.36828e-08 -2.30519e-07 -4.60045e-07  6.9231e-09 4.12244e-09 -2.62162e-09  1.498e-07 -1.08957e-07 -2.06615e-07  6.59084e-08 1.16569e-08 -6.7253e-08  2.07749e-06 1.09986e-06 1.4701e-06  5.72368e-06 2.32328e-06 1.35912e-06  -2.4556e-08 6.71261e-09 -2.49301e-08  1.67845e-10 -7.78174e-09 -1.27067e-09  -1.04343e-09 -7.01998e-09 -1.06594e-09  -4.61811e-06 5.9616e-06 1.65369e-07  -3.73034e-06 6.60957e-06 1.65483e-07  2.04788e-09 3.70753e-09 3.34306e-10  -2.91883e-10 -6.12745e-09 -8.62474e-10  4.66698e-09 -6.09099e-09 -8.7539e-10  4.44643e-09 -5.46977e-09 -8.57654e-10  -5.36455e-06 -5.26395e-06 1.11219e-07  4.599e-09 -4.27054e-10 -1.43151e-09  -5.7757e-09 -2.30203e-09 -6.73773e-10  -1.29115e-09 7.91355e-09 -7.8162e-09  -5.61768e-10 2.96687e-10 -3.39172e-10  -1.21075e-09 6.88431e-10 -4.30029e-10  1.65295e-08 3.01655e-09 -2.28253e-08  2.23594e-08 4.24273e-10 -2.22823e-08  3.52641e-08 6.75587e-08 -7.18059e-08  1.27111e-08 -2.77741e-09 -1.56255e-08  1.20065e-10 1.59274e-10 -2.54954e-11  2.3679e-10 1.31948e-10 1.59771e-11  2.52429e-08 5.25043e-09 -3.17247e-08  4.33127e-07 7.50592e-08 -1.24924e-06  2.32006e-07 6.71808e-08 -5.27496e-07  7.85397e-11 3.54002e-10 9.864e-11  -6.3256e-08 -1.07049e-07 -1.00045e-07  -7.71038e-09 -3.78886e-09 -4.60595e-09  -6.28197e-09 -4.66771e-09 -3.8143e-09  2.99423e-09 -1.15452e-09 -5.64946e-10  -5.96624e-06 -4.56793e-06 -1.22981e-06  -5.02272e-08 -4.19254e-08 -7.29465e-08  -2.05532e-07 -3.6705e-07 -3.78212e-07  -7.50803e-09 9.75173e-09 -1.93979e-09  -3.96409e-09 6.22237e-09 -1.66342e-09  -3.98365e-09 3.23003e-07 -4.41892e-07  -8.84924e-09 8.98816e-10 -2.65321e-09  -8.84212e-08 1.04664e-07 -8.64679e-08  -8.24732e-09 3.39843e-10 -2.35866e-09  -7.4297e-09 8.09675e-09 -2.76315e-09  -8.8311e-09 1.01128e-08 -2.54656e-09  -1.59138e-09 -1.57593e-09 -1.61742e-11  1.41709e-09 -1.17455e-09 -7.39292e-10  1.26925e-10 2.68512e-09 -3.77004e-10  -2.23924e-10 9.45083e-10 -2.67062e-10  -3.37738e-06 4.24328e-06 -2.06893e-06  -3.26854e-09 -4.22163e-10 -1.40638e-09  -3.03583e-06 7.04873e-06 -1.26498e-06  9.40209e-10 1.67659e-09 -2.20042e-10  -3.98487e-07 -1.86225e-06 1.1678e-06  -1.06871e-10 -5.80207e-11 3.76268e-11  -5.79826e-08 -1.07804e-07 -2.07328e-07  -7.5729e-08 -9.47107e-08 -9.85134e-08  2.59557e-09 3.98919e-09 -1.79425e-09  3.55972e-09 3.77663e-09 -1.7911e-09  8.2403e-07 -1.69561e-07 -2.99445e-07  5.61326e-09 -1.42159e-09 -7.20714e-09  9.24435e-09 2.63512e-11 -4.29932e-09  3.8092e-07 1.99353e-08 -3.5659e-07  -1.35673e-09 8.19502e-11 2.00987e-10  6.10069e-09 9.33835e-10 -1.36138e-09  -1.35556e-09 -5.90185e-09 -5.21106e-10  1.76896e-09 -1.13021e-09 -5.46154e-10  1.16182e-09 1.84832e-10 -2.79872e-10  8.36644e-07 -1.84645e-06 1.18836e-06  1.472e-06 -1.76836e-06 1.19581e-06  2.80989e-06 -4.73425e-06 1.17296e-06  2.26863e-09 -3.64516e-09 -6.70478e-10  -8.53422e-10 -7.11738e-10 -3.13691e-10  1.65437e-09 3.7422e-09 1.00321e-10  2.03246e-06 1.36006e-06 1.40114e-06  -8.97767e-08 9.6542e-08 -8.01673e-08  -4.0351e-08 4.97357e-08 -7.07557e-08  -2.91506e-08 5.56492e-09 -4.57617e-08  -6.47706e-08 -1.50091e-08 -7.48495e-08  4.85925e-08 -1.87426e-08 -4.64641e-08  4.84012e-08 -1.55939e-08 -4.8146e-08  -2.30265e-06 -6.24026e-07 1.19645e-06  -1.14087e-07 -3.71444e-08 -7.71629e-08  -1.54523e-07 -3.89348e-08 -7.70987e-08  5.12246e-08 -3.51551e-08 -6.70223e-08  6.40517e-07 2.41952e-07 -3.51027e-07  3.27982e-09 -1.18922e-08 -5.54773e-09  4.29448e-11 3.27836e-09 -5.06082e-10  -4.96178e-10 6.33896e-10 -1.66439e-11  -2.08542e-09 -4.4607e-10 -3.30564e-10  3.89801e-07 -7.70118e-07 -2.65056e-07  4.33122e-10 -4.40433e-10 -3.13576e-10  1.0959e-10 1.67649e-10 5.59287e-11  1.08815e-08 -1.03481e-08 -2.19864e-08  3.11847e-09 -3.64339e-09 -1.76054e-09  -1.25101e-10 3.12209e-11 1.86313e-11  4.10701e-10 4.81346e-10 -4.28746e-10  -1.77547e-09 4.50396e-10 -5.49129e-10  -4.97749e-10 -1.28338e-09 -2.44189e-11  -9.18098e-09 -6.10932e-09 -1.4833e-08  -2.55403e-09 -6.44795e-09 -7.61915e-09  -6.02826e-08 1.05665e-07 -9.17364e-08  1.13487e-09 1.15715e-09 2.14646e-10  -2.97567e-06 7.34075e-06 9.29156e-08  -3.87249e-06 6.56827e-06 -1.22424e-06  1.18137e-09 1.49193e-09 8.39312e-11  1.7484e-09 2.75708e-09 -3.61609e-10  7.46596e-09 -1.33093e-09 -3.79322e-09  -5.4831e-06 -7.435e-07 1.13722e-06  -5.54291e-06 8.55502e-07 1.12795e-06  1.31116e-09 1.58689e-10 -2.25345e-10  9.35525e-07 -2.02804e-06 -2.00113e-06  -2.01087e-06 -2.72896e-07 1.18071e-06  6.82864e-06 -3.68048e-06 9.07701e-08  7.33775e-06 3.15818e-06 -1.46919e-06  -1.15578e-08 7.87426e-06 -2.74824e-08  -3.16976e-09 1.11001e-10 -2.46707e-10  2.56966e-08 -2.30097e-08 -2.15335e-08  1.27111e-08 -2.77741e-09 -1.56255e-08  5.37952e-09 -4.25705e-09 -1.37267e-09  8.04474e-09 -6.72267e-09 -1.19423e-09  2.3679e-10 1.31948e-10 1.59771e-11  1.16366e-10 1.75928e-10 5.93559e-11  3.21136e-10 9.68812e-10 -2.86196e-10  5.50745e-10 1.03499e-09 -1.89802e-10  4.7524e-09 -4.16681e-09 -1.77054e-09  -2.4991e-09 5.5648e-09 3.31369e-10  7.02744e-09 2.61299e-09 -4.77315e-09  -7.48514e-06 5.84504e-08 4.12035e-08  2.2896e-08 -5.33549e-09 -1.56218e-08  9.47669e-08 -1.06268e-07 -8.07571e-08  -6.33352e-06 -4.76477e-06 6.73895e-08  -2.91591e-08 -2.65291e-07 -4.50049e-07  2.35717e-07 1.06994e-07 -5.28419e-07  1.97027e-08 -1.70109e-08 -1.75209e-08  1.423e-08 9.61284e-09 -1.555e-08  -1.21695e-08 3.06732e-09 -8.93954e-09  -1.18986e-08 7.54016e-10 -6.67455e-09  2.72491e-08 -9.36007e-09 -3.2104e-08  1.71316e-08 -2.86881e-09 -2.18572e-08  -1.77882e-09 1.85296e-09 2.31847e-10  -1.01382e-09 2.35893e-09 2.04668e-10  1.97122e-09 1.31335e-09 -9.41997e-10  3.17776e-09 1.60362e-09 -7.05878e-10  3.04829e-09 1.14826e-09 -1.10593e-09  4.00285e-09 2.99736e-09 -7.11296e-10  3.81901e-10 -4.64744e-09 -3.19391e-09  -1.10535e-09 7.84663e-09 -2.73868e-09  1.16526e-10 3.55216e-09 -1.07992e-09  -1.0932e-09 2.97703e-09 -4.48738e-10  -1.94598e-09 1.04772e-10 -3.6703e-10  -2.0671e-09 -1.562e-10 -5.30325e-10  -9.46945e-09 1.00139e-08 -3.59907e-09  -9.09886e-09 9.71584e-09 -3.55492e-09  -4.35886e-09 3.09615e-09 -5.01032e-09  -9.72414e-09 1.11792e-08 -5.37382e-09  -6.25439e-09 3.23105e-09 -6.9357e-09  1.61693e-07 -8.43746e-08 -2.14994e-07  1.13833e-09 1.43147e-09 9.42233e-11  -2.23295e-11 3.65124e-09 8.17606e-11  6.85657e-09 4.8634e-10 -1.8888e-09  -3.46802e-10 8.16968e-11 1.51429e-10  3.51648e-09 6.18863e-09 -9.43265e-11  2.99903e-09 6.23622e-09 -1.74454e-10  6.25932e-10 1.59224e-09 -5.21172e-10  7.22261e-08 -2.11116e-09 -6.61832e-08  -5.77806e-09 3.86045e-09 -3.21201e-09  -7.6367e-09 -1.93381e-09 -6.45764e-09  -1.56214e-09 -1.66059e-09 -6.99347e-10  -2.16167e-08 3.20751e-09 -5.49494e-09  -3.07178e-09 5.29741e-09 -3.44865e-09  1.13256e-09 6.61169e-09 -1.63328e-08  -4.38253e-09 4.17662e-09 -5.60559e-10  1.80144e-07 4.05184e-07 -3.794e-07  -3.54608e-07 9.53382e-08 -3.65054e-07  -1.01778e-06 1.34224e-06 1.098e-06  -1.00259e-06 7.19076e-06 -1.3428e-06  3.98072e-08 7.24678e-06 -1.32839e-06  3.09389e-07 8.20774e-07 -3.80408e-07  1.36033e-09 3.47017e-10 -1.50387e-10  1.18666e-09 9.478e-11 -3.69246e-10  -4.82087e-10 1.76672e-10 -2.9578e-10  5.85559e-08 -3.90102e-07 -3.72751e-07  6.0494e-07 -2.15514e-06 -2.00119e-06  -3.66967e-09 -2.57199e-09 -7.40433e-09  -1.58967e-08 -1.2075e-08 -1.10781e-08  -1.14647e-09 -2.75215e-09 -5.7318e-10  6.4689e-10 4.63995e-10 3.41932e-10  6.34364e-09 1.23657e-07 -1.0143e-07  -2.00899e-06 5.35595e-06 1.1396e-06  1.62249e-06 -1.48903e-06 1.17638e-06  2.01424e-06 -1.44723e-06 1.17977e-06  -3.621e-09 1.18121e-09 2.02251e-10  -1.29889e-10 3.19011e-09 2.64585e-10  2.76787e-08 -4.35551e-08 -6.78297e-08  2.80545e-09 1.17399e-09 -8.65185e-10  5.55111e-06 3.97119e-06 1.34288e-06  1.02171e-10 6.72245e-10 4.39855e-10  2.27077e-06 -1.42758e-07 1.37224e-06  2.52526e-10 2.20962e-10 -3.2126e-11  -2.04257e-09 7.53475e-10 1.36204e-10  4.6342e-10 9.97534e-10 -2.59768e-10  1.50527e-09 3.45906e-09 -9.16516e-11  3.54209e-07 -7.69945e-07 -3.88715e-07  -7.67656e-06 -2.08335e-06 2.78592e-08  -3.30759e-09 3.70979e-09 3.38704e-10  9.28194e-10 8.78148e-10 5.08345e-10  2.27627e-10 1.52778e-09 -3.16763e-10  -5.76265e-10 1.10504e-10 2.97715e-10  3.59723e-10 5.17507e-10 1.19932e-10  3.79777e-09 -4.00895e-09 -3.00229e-09  1.03809e-09 9.01129e-10 -2.13187e-10  4.0673e-09 -2.15315e-09 -7.11068e-10  -5.86777e-08 9.21027e-08 -7.94098e-08  -4.80956e-08 1.13478e-07 -7.89988e-08  1.08357e-09 3.17459e-09 -2.48728e-10  -3.40688e-09 9.28978e-09 -1.70398e-09  -3.7841e-09 6.04885e-09 -2.36278e-09  -6.57779e-10 5.20603e-09 -3.87732e-10  -4.88415e-06 -6.51697e-07 -2.03059e-06  -3.26672e-09 3.39847e-09 4.96062e-10  -3.15961e-09 -3.74567e-09 -1.56999e-09  3.06547e-09 -4.99842e-09 -3.68001e-10  -1.02843e-09 -7.56729e-10 -4.64356e-10  -3.03622e-07 7.79407e-07 -2.8071e-07  8.72807e-10 1.32052e-09 -8.58431e-10  -2.11018e-09 -5.71138e-09 -1.10986e-09  -1.24093e-06 1.88994e-06 -1.97968e-06  -1.32155e-07 7.30743e-08 -7.94946e-08  -1.67211e-08 -5.33521e-09 -1.66225e-08  2.39443e-10 -7.20906e-09 -1.11236e-09  -1.11977e-10 -6.6222e-09 -1.46187e-09  8.13857e-08 -4.07121e-07 -1.22959e-06  1.7861e-09 -2.28459e-11 -3.12217e-10  -1.11947e-09 -6.08923e-10 1.12684e-10  2.11048e-09 -4.56293e-10 -8.12148e-10  -1.72303e-09 -4.09812e-09 -1.11248e-09  8.78982e-06 1.78091e-07 -9.17218e-09  1.93811e-06 -6.65203e-07 1.22678e-06  3.22745e-09 2.26678e-09 -8.27579e-10  -2.1603e-10 3.66251e-09 -9.36135e-10  -6.22886e-07 -1.64296e-06 1.138e-06  2.21951e-09 -1.12282e-09 1.03276e-11  -3.68091e-06 -6.6528e-06 1.49206e-07  -2.99131e-08 -4.45214e-09 -2.93714e-08  2.01424e-06 -1.44723e-06 1.17977e-06  4.85294e-06 2.15779e-06 -2.23993e-06  -7.27362e-07 4.15946e-07 -3.81021e-07  -2.08748e-09 2.03217e-09 6.84602e-11  1.46141e-08 5.59507e-09 -2.26262e-08  4.42022e-07 2.09884e-07 -1.26826e-06  1.14431e-06 -1.81591e-06 1.18019e-06  3.29856e-06 7.00628e-06 -1.25999e-06  1.78628e-07 -1.02638e-08 -2.09633e-07  1.73609e-09 -6.57647e-09 -2.28785e-09  1.11828e-09 7.35949e-09 6.54834e-10  7.77935e-07 1.8043e-06 1.17788e-06  -2.54435e-08 2.37187e-08 -4.32968e-08  -7.47535e-08 2.23423e-08 -7.57365e-08  -2.99855e-06 -7.49012e-06 1.33447e-07  -1.35673e-09 8.19502e-11 2.00987e-10  1.18227e-06 1.82513e-06 1.21403e-06  8.45941e-07 4.69312e-06 -2.10641e-06  -1.97983e-09 -3.93122e-09 -1.43292e-09  -4.84987e-08 -3.91962e-07 -1.20099e-06  3.32088e-08 -1.21775e-07 -2.05124e-07  -9.17386e-10 -1.43283e-09 -2.6147e-10  -3.17171e-09 -3.97375e-09 -5.13819e-10  6.77301e-06 1.82212e-07 1.29269e-06  -6.96919e-07 -4.1182e-07 -2.54826e-07  -4.92628e-06 -2.76236e-06 1.15623e-06  -4.18756e-09 3.53847e-09 -7.4735e-11  -1.43083e-07 -2.42981e-08 -8.15198e-08  -6.51004e-08 -2.22378e-08 -7.17258e-08  -5.63365e-06 -1.5175e-06 1.1293e-06  -3.27107e-08 -7.67595e-09 -2.88379e-08  4.22257e-06 6.64701e-06 -1.26208e-06  -2.01501e-06 7.53299e-06 1.06257e-08  6.4919e-08 3.91607e-07 -3.97511e-07  -1.17368e-07 -6.29466e-08 -7.71077e-08  -8.12745e-09 -4.35625e-09 -3.64057e-09  -8.69462e-10 4.87561e-11 -3.04481e-10  2.53669e-06 9.80496e-07 1.43012e-06  
            </DataArray>
         </PointData> 
      </Piece>
   </UnstructuredGrid> 
</VTKFile>
