<?xml version="1.0"?>
<VTKFile type="UnstructuredGrid" version="0.1" byte_order="LittleEndian">
   <UnstructuredGrid>
      <Piece NumberOfPoints="1860" NumberOfCells="0" > 
         <Points> 
            <DataArray type="Float64" Name="Position" NumberOfComponents="3" format="ascii"> 
               0.00393152  0.0030892  0.0459533  
               0.00396239  0.0030495  0.0449854  
               0.00344778  0.00362116  0.0454235  
               3.52163e-05  -0.00499988  0.0375369  
               0.000927385  -0.00491324  0.0379942  
               8.53008e-05  -0.00499927  0.0385509  
               0.0047027  0.0016984  0.0330002  
               0.00492519  0.000861677  0.0335  
               0.00492519  0.000861677  0.0325  
               0.00010328  0.00499893  0.0311787  
               0.000103281  0.00499893  0.0301787  
               -0.000634882  0.00495953  0.0309712  
               0.0033417  -0.00371928  0.0422555  
               0.00329222  -0.00376315  0.0432429  
               0.00270032  -0.00420812  0.042578  
               0.0043402  -0.00248247  0.0354995  
               0.00470301  -0.00169754  0.0349999  
               0.00470306  -0.0016974  0.0359997  
               0.00315967  0.00387511  0.0426558  
               0.00310295  0.00392067  0.0437896  
               0.0038143  0.00323282  0.0430745  
               -0.00437187  -0.00242627  0.0430721  
               -0.00410378  -0.0028564  0.0439379  
               -0.00459475  -0.00197186  0.0439381  
               -0.00499968  5.67561e-05  0.0200332  
               -0.00499958  6.48598e-05  0.0190389  
               -0.0049272  -0.000850125  0.0195317  
               -0.00264482  -0.00424322  0.049134  
               -0.00220197  -0.00448902  0.05  
               -0.00306053  -0.00395388  0.05  
               -0.00314878  -0.00388396  0.0245002  
               -0.00243042  -0.00436956  0.024  
               -0.00243043  -0.00436956  0.025  
               -0.000634962  0.00495952  0.0319713  
               0.000103254  0.00499893  0.0321787  
               0.00250521  -0.00432712  0.00521212  
               0.00323558  -0.00381196  0.00557712  
               0.00261278  -0.00426303  0.00617279  
               0.00383537  0.00320779  0.0310124  
               0.00433723  0.00248766  0.0315023  
               0.00433723  0.00248766  0.0305023  
               -0.005  -8.02058e-13  0.000866  
               -0.00489765  0.00100649  0.000866  
               -0.00497435  0.000505842  0  
               0.00248188  0.00434054  0.0301146  
               0.00320902  0.00383434  0.0305436  
               0.00320902  0.00383434  0.0295436  
               -0.00477061  -0.00149708  0.043072  
               -0.00262253  0.00425703  0.035274  
               -0.00262168  0.00425756  0.0343521  
               -0.00323464  0.00381276  0.0349979  
               -0.00404013  0.00294574  0.0119475  
               -0.00424673  0.00263918  0.0111794  
               -0.00445961  0.00226095  0.0119997  
               0.00434009  -0.00248266  0.0205  
               0.00470301  -0.00169757  0.021  
               0.00434009  -0.00248266  0.0215  
               0.00216845  -0.00450531  0.00259882  
               0.00123403  -0.00484533  0.0025985  
               0.00171717  -0.00469588  0.00172994  
               -0.00406276  0.00291444  0.0368639  
               -0.00381329  0.00323401  0.0357652  
               -0.00438883  0.00239545  0.0361157  
               -0.00306053  -0.00395388  0  
               -0.00264489  -0.00424317  0.00086599  
               -0.00344484  -0.00362396  0.000865997  
               -0.00410377  0.00285641  0.049134  
               -0.00437173  0.00242651  0.05  
               -0.00379379  0.00325686  0.05  
               0.004344  -0.00247582  0.0453914  
               0.00381897  -0.0032273  0.044879  
               0.00433613  -0.00248957  0.0444157  
               -0.00497435  -0.000505836  0.046536  
               -0.005  -5.92073e-08  0.04567  
               -0.00489764  -0.00100652  0.04567  
               0.0049252  -0.000861606  0.0364999  
               0.005  -1.22465e-18  0.037  
               0.00492524  -0.000861386  0.0374997  
               -0.00490788  0.000955381  0.0255264  
               -0.00499972  5.30687e-05  0.026032  
               -0.004908  0.00095474  0.0265263  
               -0.00314849  -0.0038842  0.0235002  
               -0.00314879  -0.00388396  0.0225001  
               -0.00243042  -0.00436956  0.023  
               0.00433722  0.00248768  0.0135022  
               0.0047027  0.0016984  0.0140002  
               0.0047027  0.0016984  0.0130001  
               -0.00459479  -0.00197179  0.04567  
               -0.00410382  -0.00285634  0.04567  
               -0.00437173  -0.00242651  0.046536  
               -0.00490774  0.000956084  0.0326078  
               -0.00488832  0.00105089  0.0336226  
               -0.0046422  0.00185742  0.0329761  
               0.00435224  -0.00246131  0.042433  
               0.00389506  -0.00313505  0.0418704  
               0.00435617  -0.00245435  0.0414449  
               0.0047252  0.00163479  0.00087573  
               0.00492213  0.000878992  0.00139901  
               0.00489765  0.00100649  0  
               -0.00201853  0.00457444  0.0116109  
               -0.00135488  0.00481293  0.0117748  
               -0.00142071  0.00479391  0.0107724  
               0.00323939  -0.00380872  0.0215  
               0.0038473  -0.00319347  0.022  
               0.00323939  -0.00380872  0.0225  
               0.000103281  0.00499893  0.0261787  
               0.000885924  0.00492089  0.0254316  
               0.000103281  0.00499893  0.0251787  
               0.00310694  -0.00391751  0.0454434  
               0.00321727  -0.00382742  0.0442731  
               0.0038473  -0.00319347  0.021  
               -0.00314733  0.00388514  0.0121977  
               -0.00264235  0.00424476  0.0114415  
               -0.00322223  0.00382325  0.011256  
               -0.00379379  -0.00325686  0  
               -0.00410382  -0.00285634  0.000865999  
               -0.00132852  0.00482027  0.0197913  
               -0.000634869  0.00495953  0.0189712  
               -0.00132854  0.00482027  0.0187912  
               0.00169225  0.00470492  0.0327417  
               0.00169225  0.00470492  0.0317417  
               0.000885921  0.00492089  0.0324316  
               0.00169225  0.00470492  0.0267417  
               0.000885924  0.00492089  0.0274316  
               0.00169225  0.00470492  0.0277417  
               0.00323939  -0.00380872  0.0295  
               0.00323939  -0.00380872  0.0305  
               0.00253455  -0.00430999  0.03  
               -0.00410384  -0.00285631  0.002598  
               -0.00437175  -0.00242648  0.00346401  
               -0.00459479  -0.00197178  0.002598  
               -0.0026449  0.00424317  0.000865995  
               -0.00173684  0.00468864  0.000865991  
               -0.00220197  0.00448902  0  
               0.00470301  -0.00169757  0.023  
               0.00434009  -0.00248266  0.0235  
               0.00434009  -0.00248266  0.0225  
               0.00172968  -0.00469129  0.0482605  
               0.00124513  -0.00484248  0.0473869  
               0.00218194  -0.00449879  0.0473747  
               0.0038473  -0.00319347  0.02  
               0.00433723  0.00248766  0.0225023  
               0.00383537  0.00320779  0.0220124  
               0.00383537  0.00320779  0.0230124  
               0.00320862  0.00383468  0.012542  
               0.00248064  0.00434125  0.0121104  
               0.00248151  0.00434075  0.0131128  
               -0.00198716  0.00458816  0.0336066  
               -0.00132879  0.0048202  0.0337915  
               -0.00132893  0.00482016  0.032792  
               -0.0030543  -0.00395869  0.00699747  
               -0.00264416  -0.00424363  0.00609484  
               -0.00219136  -0.00449421  0.00700902  
               0.00433714  0.00248781  0.0115017  
               0.0047027  0.0016984  0.0120001  
               0.00470271  0.00169838  0.0109999  
               -0.000754093  -0.00494281  0.00997518  
               -0.00173856  -0.00468801  0.0101337  
               -0.00103772  -0.00489113  0.00895741  
               -0.00248625  -0.00433804  0.0340199  
               -0.00169164  -0.00470514  0.0345302  
               -0.00252138  -0.00431771  0.0350499  
               -0.0047707  0.00149682  0  
               -0.00226561  -0.00445724  0.0395066  
               -0.00268821  -0.00421587  0.0404151  
               -0.00307285  -0.00394432  0.0395372  
               0.00253455  -0.00430999  0.026  
               0.00253455  -0.00430999  0.025  
               0.00323939  -0.00380872  0.0255  
               -0.00437173  0.00242651  0  
               -0.00410382  0.00285634  0.000866  
               -0.00379379  0.00325686  0  
               0.00436599  -0.00243682  0.0463467  
               0.00470819  -0.00168314  0.0459332  
               0.005  -1.22465e-18  0.03  
               0.00492519  -0.000861677  0.0305  
               0.00492519  -0.000861677  0.0295  
               0.00170801  -0.00469922  0.00346397  
               0.00261414  -0.00426219  0.00348303  
               -0.00465663  0.00182094  0.023  
               -0.00490679  0.000960932  0.0235277  
               -0.00465712  0.00181968  0.024  
               -0.00433472  -0.00249203  0.0333876  
               -0.00437937  -0.0024127  0.0343855  
               -0.00472278  -0.00164175  0.033757  
               -4.35569e-05  0.00499981  0.00913116  
               -0.000763773  0.00494132  0.00994309  
               3.86972e-05  0.00499985  0.010146  
               0.0017832  -0.00467121  0.0384502  
               0.000979422  -0.00490313  0.0389993  
               -0.000687625  0.00495249  0.0109468  
               7.92285e-05  0.00499937  0.0111585  
               0.00385716  -0.00318156  0.00409423  
               0.00312189  -0.00390561  0.00445379  
               0.00337609  -0.00368809  0.00341255  
               0.00470396  -0.00169493  0.0379966  
               0.0047033  -0.00169674  0.0369986  
               0.005  -1.22465e-18  0.004  
               0.0049247  -0.000864463  0.00450451  
               0.00492199  -0.000879799  0.00348813  
               -0.000659212  0.00495635  0.0378848  
               -0.000698561  0.00495096  0.0388357  
               9.3638e-05  0.00499912  0.0381481  
               0.00124614  0.00484222  0.000870072  
               0.00170805  0.00469921  0.00174419  
               0.002194  0.00449293  0.000881538  
               0.000858677  0.00492572  0.010404  
               -0.00243544  -0.00436677  0.0309967  
               -0.00164521  -0.00472158  0.031499  
               -0.00244226  -0.00436295  0.031997  
               0.00433723  0.00248766  0.0195023  
               0.00383537  0.00320779  0.0190124  
               0.00383537  0.00320779  0.0200124  
               -0.00172556  0.00469281  0.0456327  
               -0.00219597  0.00449196  0.0465227  
               -0.00124091  0.00484357  0.0465042  
               0.00088559  0.00492095  0.0354318  
               0.00010191  0.00499896  0.0351797  
               0.000102846  0.00499894  0.0361782  
               -0.00496903  -0.000555686  0.0377755  
               -0.00473652  -0.00160168  0.0377047  
               -0.00488734  -0.00105541  0.0386549  
               0.00169225  0.00470492  0.0207417  
               0.00248188  0.00434054  0.0211146  
               0.00248188  0.00434054  0.0201146  
               0.005  -1.22465e-18  0.028  
               0.00492519  0.000861677  0.0285  
               0.005  -1.22465e-18  0.029  
               0.00323939  -0.00380872  0.0235  
               0.00253455  -0.00430999  0.024  
               0.00253455  -0.00430999  0.023  
               -0.00498509  -0.00038582  0.0360068  
               -0.00499  0.00031607  0.0352692  
               -0.00496421  -0.000597191  0.0350237  
               -0.00497424  -0.00050689  0.0430719  
               -0.00489758  -0.00100684  0.043938  
               -0.00456552  -0.00203864  0.038646  
               -0.00428607  -0.0025748  0.0377422  
               -0.0040522  -0.00292911  0.0386618  
               -0.000634872  0.00495953  0.0229712  
               0.000103282  0.00499893  0.0231787  
               0.000103282  0.00499893  0.0221787  
               0.0047053  -0.00169121  0.0389912  
               0.0049255  -0.000859893  0.0394981  
               0.00470633  -0.00168834  0.0399876  
               0.00383362  0.00320988  0.0100075  
               0.00433703  0.002488  0.0105011  
               0.00433691  0.00248821  0.00950016  
               0.0049252  -0.000861647  0.0105  
               0.00470315  -0.00169716  0.0100004  
               0.00492521  -0.000861578  0.00950008  
               0.00433722  0.00248767  0.0145022  
               0.00470236  0.00169935  0.0400009  
               0.00433379  0.00249365  0.0405076  
               0.00470151  0.00170171  0.0410021  
               0.00174734  -0.00468474  0.0124952  
               0.00174389  -0.00468603  0.011495  
               0.00253166  -0.0043117  0.0119995  
               0.00473815  0.00159686  0.0492008  
               0.00459479  0.00197178  0.05  
               0.00489765  0.00100649  0.05  
               0.005  -1.22465e-18  0.036  
               0.00492519  0.000861677  0.0355  
               0.00492519  0.000861677  0.0365  
               -0.00174272  -0.00468646  0.0060834  
               0.00468645  -0.00174276  0.00299386  
               0.00470333  -0.00169668  0.00402868  
               0.00435733  -0.00245228  0.00360629  
               0.00492519  0.000861677  0.0245  
               0.005  -1.22465e-18  0.024  
               0.00492519  0.000861677  0.0235  
               0.005  -1.22465e-18  0.033  
               0.005  -1.22465e-18  0.034  
               0.0047027  0.0016984  0.0200002  
               0.0047027  0.0016984  0.0210002  
               0.00492519  0.000861677  0.0205  
               0.0038473  -0.00319347  0.031  
               0.00323939  -0.00380872  0.0315  
               -0.000635871  0.0049594  0.0339724  
               -0.00133019  0.00481981  0.0347869  
               0.00261041  0.00426448  0.00177697  
               0.00341974  0.00364766  0.00185245  
               0.0030527  0.00395993  0.000909389  
               0.00253455  -0.00430999  0.031  
               -0.00376844  0.00328616  0.0318045  
               -0.00377126  0.00328292  0.0308144  
               -0.00425989  0.00261788  0.0314293  
               0.00433723  0.00248766  0.0235023  
               0.00433723  0.00248766  0.0345023  
               0.00433723  0.00248766  0.0355023  
               0.0047027  0.0016984  0.0350002  
               0.00142459  0.00479276  0.00637511  
               0.00155019  0.00475362  0.00758845  
               0.00240381  0.00438426  0.00698279  
               0.00318861  0.00385133  0.00749993  
               0.00242928  0.00437019  0.00803832  
               0.00134022  0.00481703  0.0435222  
               0.000781921  0.00493848  0.0424899  
               0.000289014  0.00499164  0.0436214  
               -0.00492776  -0.000846861  0.0175249  
               -0.00492771  -0.000847128  0.018531  
               -0.00499965  5.88181e-05  0.0180282  
               -0.00437133  -0.00242723  0.00519912  
               -0.00477052  -0.00149737  0.00519738  
               -0.00459474  -0.00197188  0.00433038  
               -0.00459479  0.00197178  0.002598  
               -0.0047707  0.00149682  0.001732  
               -0.00489765  0.00100649  0.002598  
               -0.00362007  0.00344893  0.0377216  
               -0.00341263  0.00365431  0.0366245  
               -0.00132867  0.00482023  0.0317916  
               -0.00198701  0.00458822  0.031612  
               -0.00198708  0.00458819  0.0326116  
               -0.00491792  -0.000902249  0.0314501  
               -0.0046874  -0.00174019  0.0309466  
               -0.00466857  -0.00179009  0.031877  
               0.00383537  0.00320779  0.0300124  
               0.00383537  0.00320779  0.0290124  
               -0.00378247  0.00327  0.0258189  
               -0.00378161  0.00327099  0.0248189  
               -0.00427276  0.00259683  0.0254351  
               -0.00173517  0.00468926  0.0491327  
               -0.00220197  0.00448902  0.05  
               -0.00125326  0.00484039  0.05  
               0.00492519  -0.000861677  0.0235  
               0.00492519  -0.000861677  0.0245  
               0.00470301  -0.00169757  0.024  
               -0.00198698  0.00458823  0.0196115  
               -0.00198695  0.00458825  0.0206117  
               -0.00459479  0.00197178  0.000866  
               0.00253451  -0.00431002  0.0329997  
               0.0032394  -0.00380871  0.0325  
               0.00323941  -0.0038087  0.0334996  
               -0.00075418  0.00494279  0.0491307  
               -0.000246181  0.00499394  0.0482548  
               -0.00124912  0.00484146  0.0482616  
               0.000920698  -0.0049145  0.023  
               0.00175386  -0.0046823  0.0225  
               0.00175386  -0.0046823  0.0235  
               0.00320901  0.00383435  0.0155435  
               0.00383537  0.00320779  0.0160123  
               0.00383536  0.0032078  0.0150123  
               0.000624886  -0.0049608  0.0447793  
               0.000963028  -0.00490638  0.0439022  
               0.00155871  -0.00475083  0.0447047  
               4.41721e-05  -0.0049998  0.0104737  
               2.47263e-05  -0.00499994  0.0114644  
               -0.00086053  -0.00492539  0.0109144  
               0.000103281  0.00499893  0.0271787  
               -0.000634872  0.00495953  0.0269712  
               -0.000634872  0.00495953  0.0279712  
               -0.0049744  0.000505336  0.0448041  
               -0.00477104  0.0014957  0.0448042  
               -0.0048981  0.0010043  0.0439383  
               0.00169225  0.00470492  0.0197417  
               0.000885925  0.00492089  0.0204316  
               -0.00164102  -0.00472304  0.0274999  
               -0.0024307  -0.0043694  0.0279998  
               -0.00243053  -0.0043695  0.027  
               -0.00489765  0.00100647  0.00432998  
               -0.00497435  0.000505842  0.003464  
               -0.005  -3.45539e-08  0.00433003  
               4.62894e-05  -0.00499979  0.0134847  
               -0.000829259  -0.00493075  0.0129706  
               3.38718e-05  -0.00499989  0.012474  
               0.00492484  -0.000863705  0.00550448  
               0.0047017  -0.00170119  0.0060143  
               0.00470182  -0.00170084  0.00502214  
               -0.00499755  0.000156487  0.0129884  
               -0.00487734  0.00110071  0.0130012  
               -0.0049664  0.000578682  0.0121255  
               -0.00198694  0.00458825  0.0266118  
               -0.00198694  0.00458825  0.0276118  
               -0.00132851  0.00482028  0.0267914  
               -0.00340658  0.00365995  0.0103956  
               -0.00377105  0.00328317  0.0111587  
               0.00323939  -0.00380872  0.0205  
               0.0038473  -0.00319347  0.018  
               0.00434009  -0.00248266  0.0185  
               0.0038473  -0.00319347  0.019  
               -0.000802519  -0.00493518  0.0279999  
               5.99834e-05  -0.00499964  0.0275  
               5.99898e-05  -0.00499964  0.0285  
               0.000816439  0.00493289  0.00938085  
               -0.00132851  0.00482027  0.0207913  
               -0.000634871  0.00495953  0.0199712  
               0.00492519  0.000861677  0.0305  
               0.005  -1.22465e-18  0.031  
               -0.00450569  -0.00216766  0.0366332  
               0.00175309  -0.00468259  0.0334995  
               0.00175367  -0.00468238  0.0324998  
               -0.00312221  0.00390535  0.0413305  
               -0.00269213  0.00421337  0.0404876  
               -0.00345906  0.00361039  0.040437  
               0.00175068  -0.00468349  0.0364885  
               0.00253503  -0.00430971  0.0359909  
               0.00253826  -0.00430781  0.0369792  
               -0.00480671  -0.0013768  0.0357829  
               -0.00220242  -0.0044888  0.0465363  
               -0.00125616  -0.00483963  0.046537  
               -0.00173667  -0.00468871  0.0474021  
               0.00134694  -0.00481516  0.0410968  
               0.000336888  -0.00498864  0.0406423  
               0.00109888  -0.00487775  0.0400167  
               0.00383029  0.00321386  0.0400203  
               0.00319972  0.00384211  0.0405659  
               0.0038234  0.00322205  0.0410334  
               0.005  -1.22465e-18  0.048  
               0.00491817  -0.000900867  0.0474994  
               0.005  -1.22465e-18  0.047  
               -0.0035408  -0.00353026  0.00967178  
               -0.00417256  -0.00275495  0.00958311  
               -0.00382618  -0.00321875  0.00875122  
               -0.00165157  -0.00471935  0.0387105  
               -0.00264889  -0.00424068  0.0384383  
               -0.00176732  -0.00467724  0.0376872  
               0.00289425  0.00407717  0.0457443  
               0.00219334  0.00449325  0.0455668  
               0.002586  0.00427932  0.0464925  
               -0.00344483  -0.00362396  0.049134  
               -0.000634872  0.00495953  0.0259712  
               -0.000634872  0.00495953  0.0249712  
               -0.00132851  0.00482028  0.0257914  
               -0.00499955  6.74002e-05  0.0230416  
               -0.00490661  0.000961874  0.0225275  
               0.00492519  0.000861677  0.0215  
               -0.00378151  0.00327111  0.0188185  
               -0.00378155  0.00327106  0.0198184  
               -0.0032213  0.00382404  0.0191407  
               -0.00427147  0.00259894  0.018436  
               -0.00465729  0.00181925  0.0190006  
               -0.00427164  0.00259868  0.0194354  
               -0.00324284  0.00380579  0.00868208  
               -0.00298807  0.00400892  0.00957799  
               -0.00251133  0.00432357  0.00873156  
               -0.00437286  0.00242447  0.0448039  
               -0.00410957  0.00284805  0.0439379  
               -0.00459677  0.00196715  0.0439385  
               -0.00489767  0.00100637  0.04567  
               -0.00497434  0.000505867  0.046536  
               -0.00477067  0.00149691  0.046536  
               -0.000732463  0.00494606  0.0455897  
               0.0002952  0.00499128  0.0455335  
               -0.000212623  0.00499548  0.044633  
               -0.00261811  0.00425975  0.0284021  
               -0.00261764  0.00426004  0.0294017  
               -0.00198694  0.00458825  0.0286118  
               -0.00321995  0.00382517  0.034071  
               0.00381369  0.00323354  0.0420558  
               0.00318991  0.00385026  0.0415942  
               -0.005  3.24688e-09  0.049134  
               -0.00497435  0.000505857  0.048268  
               -0.00497435  -0.000505837  0.048268  
               0.00245593  0.00435527  0.00907446  
               0.00319333  0.00384742  0.00851488  
               -0.00272791  0.00419029  0.0421902  
               -0.00348713  0.00358329  0.0421999  
               -0.00310056  0.00392257  0.0430617  
               -0.005  1.58647e-08  0.047402  
               0.005  -1.22465e-18  0.032  
               0.00492519  -0.000861677  0.0325  
               -0.0049996  6.32936e-05  0.0280316  
               -0.00499969  5.59519e-05  0.0270337  
               -0.00492739  -0.000849026  0.0275293  
               -0.00468844  -0.0017374  0.020018  
               -0.00492697  -0.000851478  0.0205318  
               -0.00465907  0.00181468  0.0259988  
               -0.000634864  0.00495953  0.0179711  
               -0.000634855  0.00495953  0.0169709  
               -0.00132861  0.00482025  0.0177909  
               -0.00125326  0.00484039  0  
               0.00248188  0.00434054  0.0281146  
               0.00248188  0.00434054  0.0291146  
               0.00320902  0.00383434  0.0285436  
               0.00323926  -0.00380883  0.0135  
               0.00253303  -0.00431089  0.0129991  
               0.00323907  -0.00380899  0.0125002  
               -0.00407948  0.00289099  0.0386775  
               -0.00348017  0.00359005  0.0387279  
               0.0038473  -0.00319347  0.014  
               0.00434009  -0.00248266  0.0135  
               0.00434009  -0.00248266  0.0145  
               -0.00499883  0.000107989  0.0333044  
               0.00383537  0.00320779  0.0280124  
               0.00383537  0.00320779  0.0270124  
               0.00320902  0.00383434  0.0275436  
               -0.00134163  0.00481664  0.0357695  
               -0.00136578  0.00480985  0.0367175  
               -0.000639647  0.00495892  0.0359664  
               0.00216576  -0.0045066  0.00432912  
               0.0032395  -0.00380863  0.0344988  
               0.00384732  -0.00319345  0.0339998  
               0.00434009  -0.00248266  0.0275  
               0.0038473  -0.00319347  0.027  
               0.00434009  -0.00248266  0.0265  
               0.00323939  -0.00380872  0.0245  
               0.000571382  0.00496724  0.0072821  
               -0.00492717  -0.000850274  0.0245309  
               -0.0049273  -0.000849523  0.0235318  
               -0.0046886  -0.00173697  0.0240171  
               0.000231174  0.00499465  0.0026092  
               0.00120565  0.00485247  0.00260769  
               0.000739144  0.00494506  0.00173671  
               -0.00488779  -0.00105334  0.0368103  
               0.00433723  0.00248766  0.0295023  
               -0.00314869  -0.00388404  0.0215002  
               -0.00243042  -0.00436956  0.022  
               0.000885927  0.00492089  0.0184315  
               0.000103284  0.00499893  0.0191787  
               0.000885926  0.00492089  0.0194316  
               0.00409734  -0.00286563  0.0482337  
               0.00341972  -0.00364768  0.0482704  
               0.0037214  -0.00333934  0.0474414  
               0.005  -1.22465e-18  0.042  
               0.005  -1.22465e-18  0.043  
               0.00492552  -0.000859788  0.0424911  
               -0.00132886  0.00482018  0.0167906  
               -0.000634851  0.00495953  0.0159705  
               -0.00132935  0.00482004  0.0157901  
               -0.00198694  0.00458825  0.0296118  
               -0.00132851  0.00482028  0.0287914  
               0.00169225  0.00470492  0.0337417  
               0.000885884  0.0049209  0.0334316  
               0.00492519  -0.000861677  0.0165  
               0.00492519  -0.000861677  0.0155  
               0.005  -1.22465e-18  0.016  
               -0.00437172  -0.00242653  0.044804  
               -0.00477067  -0.00149689  0.044804  
               0.00248188  0.00434054  0.0241146  
               0.00320902  0.00383434  0.0235436  
               0.00248188  0.00434054  0.0231146  
               0.000920673  -0.00491451  0.0309999  
               0.000920708  -0.0049145  0.03  
               0.00175387  -0.0046823  0.0305  
               -0.000758638  0.00494211  0.0398177  
               -0.00150582  0.00476786  0.0394054  
               -0.00485379  0.00120031  0.034648  
               -0.00464845  0.00184172  0.035436  
               -0.00455573  0.00206043  0.0346815  
               0.00492519  -0.000861677  0.0315  
               0.00384731  -0.00319347  0.0130002  
               0.00434004  -0.00248276  0.00456202  
               -0.000898182  0.00491867  0.00894951  
               -0.00063696  0.00495926  0.0349732  
               -0.00322119  0.00382413  0.02814  
               -0.00321953  0.00382552  0.0291389  
               0.005  -1.22465e-18  0.046  
               0.00492611  -0.000856414  0.0454746  
               0.005  -1.22465e-18  0.045  
               -0.00220232  -0.00448885  0.00173197  
               -0.00173678  -0.00468867  0.000865965  
               -0.00125481  -0.00483998  0.00173195  
               -0.00489764  0.00100654  0.047402  
               -0.0047707  -0.00149681  0.046536  
               -0.00489765  -0.00100649  0.047402  
               0.00219804  -0.00449095  0.0491322  
               0.00173653  -0.00468876  0.05  
               0.00125239  -0.00484061  0.0491328  
               0.00385519  -0.00318394  0.0379766  
               0.00434595  -0.0024724  0.0384817  
               0.00386697  -0.00316963  0.0389498  
               0.00120684  0.00485217  0.00438051  
               0.00164013  0.00472334  0.00346957  
               0.000715693  0.00494851  0.00349185  
               0.00320902  0.00383435  0.0165436  
               0.00383537  0.00320779  0.0170123  
               -0.00410381  0.00285636  0.00259804  
               -0.00379379  0.00325686  0.00173201  
               -0.00437173  0.00242651  0.001732  
               -0.00462183  0.00190753  0.00951233  
               -0.00440515  0.0023653  0.00865182  
               -0.00477721  0.00147591  0.00865338  
               0.00492513  0.000862006  0.0054828  
               0.005  -1.22465e-18  0.005  
               0.00492542  0.000860395  0.0044728  
               0.00212304  0.00452688  0.00261191  
               0.00248294  0.00433993  0.00344204  
               0.00462692  -0.00189516  0.00185288  
               0.00491465  -0.00091989  0.00244386  
               0.00435173  -0.0024622  0.000888363  
               0.00407759  -0.00289366  0.00173516  
               -0.00344255  -0.00362613  0.00608909  
               -0.00410233  -0.00285848  0.00607657  
               -0.00379321  -0.00325754  0.00520313  
               0.00168891  0.00470612  0.0117333  
               0.00169132  0.00470526  0.012738  
               0.00175387  -0.0046823  0.0295  
               0.00253455  -0.00430999  0.029  
               -0.000634906  0.00495953  0.0149694  
               0.000103272  0.00499893  0.0151776  
               -0.00437171  0.00242654  0.00346404  
               -0.00410393  0.00285618  0.00433  
               -0.0037937  0.00325697  0.00346427  
               -0.0030614  -0.00395321  0.00520491  
               -0.00220761  -0.00448625  0.00520284  
               -0.00459479  -0.00197178  0.000866  
               -0.0047707  -0.00149682  0  
               -0.00437173  -0.00242651  0  
               -0.00459418  -0.00197321  0.00606854  
               -0.0048975  -0.00100724  0.00606426  
               0.0017615  -0.00467943  0.00755861  
               0.00182827  -0.00465375  0.00663421  
               0.00257318  -0.00428704  0.0071065  
               0.00386782  0.00316859  0.00390759  
               0.00388619  0.00314603  0.00498121  
               0.00435106  0.00246338  0.00439481  
               0.00383934  0.00320304  0.00699824  
               0.00383182  0.00321203  0.00799987  
               -0.0047707  0.00149682  0.003464  
               -0.00322125  0.00382407  0.0201409  
               -0.0037815  0.00327112  0.020818  
               -0.00322119  0.00382413  0.0211408  
               -0.00261984  0.00425869  0.0174  
               -0.0026229  0.00425681  0.016399  
               -0.00322388  0.00382186  0.0171383  
               0.00470532  0.00169116  0.00597982  
               0.00492529  0.000861101  0.00649154  
               0.0038473  -0.00319347  0.017  
               0.0038473  -0.00319347  0.016  
               0.00434009  -0.00248266  0.0165  
               0.00325832  -0.00379253  0.0075639  
               0.00324767  -0.00380166  0.00853691  
               0.00254666  -0.00430285  0.00805738  
               0.00492524  0.000861399  0.00849849  
               0.00470287  0.00169793  0.0089988  
               0.00492521  0.000861574  0.00949938  
               0.000747077  -0.00494387  0.00173183  
               -0.00429948  -0.00255235  0.0185072  
               -0.00430038  -0.00255083  0.0175075  
               -0.00377868  -0.00327439  0.0180012  
               -0.00477101  -0.00149582  0.00693556  
               0.00385535  -0.00318376  0.00803191  
               0.00434271  -0.00247807  0.00851069  
               0.00385141  -0.00318852  0.00901663  
               0.00433723  0.00248766  0.0205023  
               0.00433723  0.00248766  0.0215023  
               0.0047027  0.0016984  0.0150002  
               0.00492519  0.000861677  0.0145  
               0.005  -1.22465e-18  0.006  
               0.00323939  -0.00380872  0.0265  
               0.00323939  -0.00380872  0.0275  
               0.00434048  -0.00248199  0.0105012  
               0.00434136  -0.00248045  0.00950426  
               -0.00198887  0.00458742  0.0166099  
               0.00323939  -0.00380872  0.0185  
               0.005  -1.22465e-18  0.017  
               0.00492519  0.000861677  0.0165  
               0.00248178  0.0043406  0.0141138  
               0.00248185  0.00434055  0.0151143  
               0.00320898  0.00383438  0.0145433  
               0.000885837  0.0049209  0.0144303  
               0.000103002  0.00499894  0.0141762  
               0.00248188  0.00434054  0.0161145  
               0.00248188  0.00434054  0.0171145  
               0.00175286  -0.00468268  0.0144989  
               0.00253409  -0.00431027  0.0139996  
               0.00253447  -0.00431004  0.0149999  
               0.00175755  -0.00468092  0.0374743  
               0.00434009  -0.00248266  0.0175  
               0.00470301  -0.00169757  0.018  
               0.00434082  -0.00248138  0.036497  
               0.000885925  0.00492089  0.0214316  
               0.000885924  0.00492089  0.0224316  
               0.000920693  -0.0049145  0.018  
               0.00175386  -0.0046823  0.0185  
               0.000920697  -0.0049145  0.019  
               0.00383537  0.00320779  0.0240124  
               0.00320902  0.00383434  0.0245436  
               0.00383537  0.00320779  0.0250124  
               0.0038473  -0.00319347  0.023  
               0.000103302  0.00499893  0.0161783  
               -0.00164139  -0.0047229  0.0174993  
               -0.0024311  -0.00436918  0.0169988  
               -0.00164204  -0.00472268  0.0164983  
               -0.00410356  0.00285671  0.0474017  
               -0.00459473  0.00197192  0.0474019  
               -0.00437167  0.00242663  0.048268  
               -0.00437157  0.00242681  0.0465357  
               -0.00477068  0.00149686  0.048268  
               -0.00459478  0.00197181  0.049134  
               -0.00489765  0.0010065  0.049134  
               -0.00429734  -0.00255596  0.0255063  
               -0.00468903  -0.00173581  0.0250179  
               -0.00429887  -0.00255337  0.0245073  
               0.00470301  -0.00169757  0.026  
               0.00492519  -0.000861677  0.0255  
               0.00492519  -0.000861677  0.0265  
               0.005  -1.22465e-18  0.039  
               0.005  -1.22465e-18  0.038  
               0.00492519  0.000861677  0.0385  
               0.00320785  0.00383532  0.0385455  
               0.00320515  0.00383758  0.0395514  
               0.00383396  0.00320948  0.0390144  
               -0.00243043  -0.00436955  0.026  
               -0.00164103  -0.00472303  0.0255  
               0.000920698  -0.0049145  0.025  
               0.00175386  -0.0046823  0.0255  
               0.000920698  -0.0049145  0.026  
               -0.000253246  0.00499358  0  
               0.000249928  0.00499375  0.000866606  
               0.000757139  0.00494234  0  
               0.00492519  0.000861677  0.0265  
               0.00492519  0.000861677  0.0275  
               0.005  -1.22465e-18  0.027  
               -0.00469452  -0.00172088  0.0299883  
               -0.00492822  -0.000844183  0.0304979  
               -0.00493015  -0.000832818  0.0295178  
               -0.00427358  0.00259548  0.026434  
               -0.00465876  0.00181548  0.026998  
               0.00379185  -0.00325912  0.0491202  
               0.00437752  -0.00241605  0.0490923  
               -0.0049745  0.000504334  0.0413311  
               -0.00489719  0.00100872  0.0404526  
               -0.005  -9.35813e-07  0.040452  
               -0.00488133  0.00108287  0.0355482  
               -0.00496807  0.000564135  0.0361993  
               -0.00476837  0.00150421  0.0362554  
               0.00410382  -0.00285634  0.05  
               -0.00490693  0.000960226  0.0185263  
               -0.00490713  0.000959181  0.0195273  
               0.00492519  -0.000861676  0.0345  
               0.00492519  -0.000861674  0.0355  
               0.000103281  0.00499893  0.0281787  
               -0.00344414  0.00362462  0.045666  
               -0.00306404  0.00395116  0.0447937  
               -0.00379632  0.00325392  0.044802  
               -0.00410385  0.0028563  0.0456692  
               0.00434009  -0.00248266  0.0335  
               0.00434012  -0.00248262  0.0344998  
               -0.000234532  0.0049945  0.0464758  
               0.00320902  0.00383434  0.0325436  
               0.00383537  0.00320779  0.0330124  
               0.00383537  0.00320779  0.0320124  
               0.005  -1.22465e-18  0.04  
               -0.00395361  -0.00306088  0.036015  
               -0.00396344  -0.00304813  0.0369667  
               -0.00494871  -0.000714333  0.0340464  
               -0.00499453  0.000233817  0.0343119  
               0.000755765  -0.00494255  0.0482648  
               0.00309388  0.00392784  0.0472843  
               0.00336222  0.00370074  0.0463668  
               -0.00424984  0.00263417  0.0351921  
               0.00323998  -0.00380822  0.0354966  
               0.00324181  -0.00380666  0.036488  
               0.00433723  0.00248766  0.0335023  
               0.0047027  0.0016984  0.0340002  
               0.00430418  -0.00254442  0.047329  
               0.00469369  -0.00172317  0.0469612  
               0.00464303  -0.00185535  0.048104  
               -0.00333751  -0.00372304  0.036611  
               0.00320902  0.00383434  0.0315436  
               0.00248188  0.00434054  0.0321146  
               0.00276058  -0.00416884  0.0416577  
               0.00217164  -0.00450378  0.0411403  
               0.00274315  -0.00418032  0.0407414  
               -0.00322856  0.0038179  0.0161366  
               -0.00378421  0.00326799  0.0168166  
               0.00320902  0.00383434  0.0265436  
               0.00248188  0.00434054  0.0271146  
               -0.00262719  0.00425416  0.0153995  
               -0.00199093  0.00458652  0.0156099  
               0.00383537  0.00320779  0.0340124  
               0.00470591  -0.00168949  0.0419778  
               0.00470683  -0.00168694  0.0409805  
               0.00384809  -0.00319252  0.0359967  
               0.00248188  0.00434054  0.0351146  
               0.00248188  0.00434054  0.0341146  
               0.00169225  0.00470492  0.0347417  
               -0.0049995  7.08172e-05  0.0300381  
               -0.00490495  0.000970305  0.0305472  
               -0.00490364  0.000976896  0.0295328  
               0.00434207  -0.0024792  0.0374934  
               0.0025302  -0.00431255  0.0110024  
               0.00253134  -0.00431188  0.0100107  
               0.00323927  -0.00380882  0.0105071  
               0.00320882  0.00383451  0.0375439  
               0.00320902  0.00383434  0.0365436  
               0.00248146  0.00434078  0.0371149  
               -0.0030883  -0.00393223  0.0413097  
               -0.00346188  -0.00360769  0.0404393  
               0.00387705  -0.0031573  0.042863  
               -0.00465018  0.00183734  0.0300056  
               -0.0042648  0.00260989  0.0294335  
               -0.00465256  0.0018313  0.0290004  
               0.00470301  -0.00169757  0.034  
               0.00384749  -0.00319325  0.0349989  
               0.00492519  -0.000861677  0.0335  
               0.00470301  -0.00169757  0.033  
               0.00492581  -0.00085813  0.0444793  
               0.0049255  -0.000859916  0.0434871  
               0.005  -1.22465e-18  0.044  
               0.00244428  -0.00436182  0.0445612  
               0.00182265  -0.00465596  0.0437721  
               -0.000377051  -0.00498576  0.0413501  
               -0.00133392  -0.00481878  0.0412694  
               -0.000736104  -0.00494552  0.0402955  
               0.00248288  0.00433997  0.0401271  
               -0.00140859  0.00479749  0.0385078  
               -0.00477266  0.00149053  0.0413286  
               -0.000331374  -0.00498901  0.0448063  
               5.6489e-05  -0.00499968  0.0439487  
               0.00470132  0.00170224  0.042001  
               0.00433051  0.00249933  0.042515  
               0.00470552  0.00169058  0.0429939  
               -0.00499968  5.62595e-05  0.0159815  
               -0.00499961  6.27616e-05  0.0170215  
               -0.00490659  0.000961987  0.0165217  
               0.00471834  0.00165447  0.0449882  
               0.00438372  0.00240479  0.045454  
               0.00470409  0.00169455  0.0460151  
               -0.00261557  0.00426132  0.032398  
               0.00471417  0.00166632  0.0439858  
               0.00435086  0.00246375  0.0434985  
               0.0043802  0.0024112  0.0444772  
               -0.00429001  0.00256823  0.014421  
               -0.00379677  0.00325339  0.0148104  
               -0.00378779  0.00326384  0.0138146  
               -0.00489869  0.00100142  0.042203  
               0.00434371  -0.00247632  0.0434291  
               -0.00261817  0.00425972  0.0214022  
               -0.00198695  0.00458825  0.0216118  
               0.00460029  0.00195892  0.0471699  
               0.00491047  0.000941952  0.0476007  
               0.00491503  0.000917875  0.0465579  
               -0.0026182  0.0042597  0.0204022  
               -0.00497429  -0.000506427  0.041332  
               -0.005  -1.89636e-06  0.0422039  
               -0.00305823  0.00395566  0.0465315  
               -0.00264119  0.00424548  0.0456561  
               -0.00490697  0.000960001  0.0275266  
               0.00126055  0.00483849  0.0473537  
               0.000264123  0.00499302  0.0473645  
               0.000767833  0.00494069  0.048246  
               -0.00490432  0.000973457  0.0155317  
               -0.00490705  0.000959594  0.0175235  
               -0.00465682  0.00182045  0.0170022  
               0.000856938  0.00492602  0.0445375  
               -0.00126174  0.00483818  0.00524448  
               -0.000809634  0.00493401  0.00616586  
               -0.000251267  0.00499368  0.00529281  
               -0.00178771  0.00466949  0.0061081  
               -0.00344466  0.00362413  0.0491339  
               -0.00306053  0.00395388  0.05  
               -0.00469761  0.00171244  0.013902  
               -0.00460181  0.00195534  0.0128886  
               5.99802e-05  -0.00499964  0.0245  
               -0.000802532  -0.00493517  0.025  
               -0.000802532  -0.00493517  0.024  
               0.00383537  0.00320779  0.0210124  
               0.00169225  0.00470492  0.0307417  
               0.000885924  0.00492089  0.0314316  
               0.000103288  0.00499893  0.0181786  
               -0.00429904  -0.00255309  0.0314378  
               -0.0037924  -0.00325848  0.0319615  
               -0.00430507  -0.0025429  0.0324085  
               -0.003221  0.00382429  0.0221408  
               -0.00261811  0.00425975  0.0224022  
               0.00320573  0.0038371  0.0105356  
               0.00320782  0.00383535  0.0115399  
               0.00383465  0.00320866  0.0110099  
               0.00383528  0.0032079  0.0130119  
               0.00320889  0.00383445  0.0135429  
               0.000911498  -0.00491622  0.0350015  
               3.22824e-05  -0.0049999  0.035515  
               4.31557e-05  -0.00499981  0.0345083  
               -0.00242973  -0.00436994  0.0140037  
               -0.00164658  -0.0047211  0.0144932  
               -0.00243145  -0.00436899  0.015  
               -0.0042614  0.00261543  0.0304353  
               -0.00465169  0.00183352  0.0310119  
               -0.00492139  -0.000883103  0.0112738  
               -0.00498667  -0.000364802  0.0121209  
               -0.00499951  7.01382e-05  0.0112586  
               -0.0049744  -0.00050536  0.0069296  
               -0.005  3.39116e-06  0.00779369  
               -0.00497448  0.000504513  0.0069276  
               0.00470301  -0.00169757  0.013  
               0.00470301  -0.00169757  0.014  
               -0.00264747  -0.00424157  0.00433048  
               -0.00344529  -0.00362353  0.00433115  
               0.00433937  0.00248392  0.00749669  
               -0.00438016  0.00241126  0.00692435  
               -0.0046037  0.00195088  0.00778903  
               -0.00413692  0.00280818  0.00778928  
               0.000885924  0.00492089  0.0234316  
               0.00169225  0.00470492  0.0237417  
               0.00169225  0.00470492  0.0227417  
               -0.000802569  -0.00493517  0.0299996  
               -0.00164197  -0.0047227  0.0304987  
               -0.00164108  -0.00472301  0.0294993  
               0.000102931  0.00499894  0.0371689  
               0.000885621  0.00492094  0.0364319  
               -0.00443389  -0.00231099  0.0354359  
               5.5105e-05  -0.0049997  0.0144935  
               -0.000813815  -0.00493333  0.0139866  
               -0.00379309  0.00325768  0.0465348  
               -0.00344396  0.00362479  0.0474009  
               -0.00200368  0.00458097  0.0355492  
               -0.00497414  0.000507854  0.0395722  
               -0.0048952  0.00101836  0.0387028  
               -0.00499996  -1.87568e-05  0.0386863  
               0.000103295  0.00499893  0.0171785  
               -0.0026162  0.00426092  0.0314009  
               -0.00198696  0.00458825  0.0306118  
               -0.00261697  0.00426045  0.0304014  
               -0.0020213  0.00457322  0.038139  
               -0.00221992  0.00448018  0.038927  
               0.00177826  0.00467309  0.00524764  
               0.00247731  0.00434315  0.00595376  
               0.00263757  0.00424773  0.00499725  
               -0.00378292  0.00326949  0.0268179  
               -0.00378194  0.00327062  0.0278163  
               -0.00322183  0.00382359  0.0271411  
               -0.00166718  -0.00471386  0.03351  
               -0.000824524  -0.00493155  0.0340107  
               -0.00132851  0.00482028  0.0237914  
               -0.000634872  0.00495953  0.0239712  
               -0.000634872  0.00495953  0.0289712  
               -0.00132851  0.00482028  0.0297914  
               -0.000634872  0.00495953  0.0299712  
               -0.000843976  -0.00492826  0.0350276  
               0.00248118  0.00434094  0.0381158  
               0.00169575  0.00470366  0.0387399  
               0.00248239  0.00434025  0.0391185  
               -0.00085059  -0.00492712  0.0119437  
               -0.00171383  -0.0046971  0.0113855  
               -0.00232159  0.00442834  0.0413224  
               -0.00188095  0.00463271  0.0421633  
               -0.00151158  0.00476604  0.0413517  
               -0.00378534  -0.00326668  0.0299895  
               -0.00378529  -0.00326674  0.0309769  
               -0.00430429  -0.00254422  0.0304725  
               -0.0016572  -0.00471738  0.0134832  
               -0.00379352  -0.00325718  0.0395809  
               -0.00344179  -0.00362685  0.0387725  
               0.00235243  0.00441204  0.0432363  
               0.00200399  0.00458083  0.0444214  
               0.00135467  -0.00481299  0.0421176  
               0.00206739  -0.00455257  0.0419217  
               0.00198798  -0.0045878  0.0428308  
               -0.0038039  -0.00324505  0.0413261  
               0.0039203  0.00310342  0.0470848  
               -0.00215932  -0.0045097  0.00895569  
               0.00492519  -0.000861677  0.0275  
               0.00320902  0.00383434  0.0185436  
               0.00383537  0.00320779  0.0180124  
               0.00320902  0.00383434  0.0175436  
               -0.00344484  0.00362396  0.000865999  
               -0.000802532  -0.00493517  0.022  
               -0.00164103  -0.00472303  0.0215  
               -0.000802532  -0.00493517  0.021  
               0.000757139  -0.00494234  0  
               0.00173653  -0.00468876  0  
               0.00124571  -0.00484234  0.000864495  
               -0.00381334  -0.00323396  0.0329535  
               -0.00384982  -0.00319043  0.0339587  
               -0.00492775  -0.000846928  0.021533  
               -0.00492792  -0.000845927  0.0225334  
               -0.00499955  6.6887e-05  0.0220402  
               0.00175386  -0.0046823  0.0285  
               -0.00389773  -0.00313172  0.0349821  
               -0.00328543  -0.00376908  0.0355525  
               0.00351878  0.00355221  0.048133  
               0.00268367  0.00421876  0.0482004  
               0.00184733  -0.00464622  0.0394133  
               -0.00278805  0.00415052  0.0104916  
               0.0038606  0.00317739  0.00599744  
               0.00327452  0.00377856  0.00551407  
               0.00321123  0.0038325  0.00649596  
               -0.000832168  -0.00493026  0.038107  
               -0.00377777  -0.00327543  0.0260021  
               -0.00377787  -0.00327532  0.0270023  
               -0.00429847  -0.00255405  0.0265078  
               0.00472354  -0.00163957  0.000841295  
               -0.00314864  -0.00388408  0.0265002  
               -0.00314864  -0.00388408  0.0255002  
               0.00492519  0.000861677  0.0135  
               0.00253444  -0.00431006  0.033999  
               0.00470301  -0.00169757  0.025  
               0.00434009  -0.00248266  0.0245  
               -0.00377692  -0.00327641  0.0250013  
               0.00383511  0.00320811  0.0120112  
               0.0043372  0.00248771  0.012502  
               -0.00094917  0.00490908  0.0420026  
               -0.000323513  0.00498952  0.0427775  
               -2.23125e-05  0.00499995  0.0417701  
               0.00123206  -0.00484583  0.0430421  
               0.00324611  0.00380299  0.0035779  
               0.00297225  0.00402066  0.00267711  
               0.005  -1.22465e-18  0.01  
               0.00433723  0.00248766  0.0165023  
               0.00433723  0.00248766  0.0155023  
               0.00492558  0.000859461  0.0424974  
               -0.00377497  0.00327866  0.0298153  
               -0.00321721  0.00382747  0.0301385  
               0.00340144  -0.00366473  0.00170325  
               0.00370547  -0.003357  0.00252008  
               0.00435046  0.00246445  0.0463697  
               -0.00379379  -0.00325686  0.046536  
               0.00470305  -0.00169746  0.0110002  
               0.00492519  -0.000861674  0.0115  
               -0.0025661  -0.00429129  0.0361055  
               -0.00263541  -0.00424907  0.0372195  
               0.000250272  -0.00499373  0.000865583  
               -0.000253246  -0.00499358  0  
               0.00383534  0.00320782  0.0140122  
               0.00326092  -0.00379031  0.0384447  
               0.00324754  -0.00380178  0.0374727  
               0.00385038  -0.00318976  0.0369886  
               -0.00465632  0.00182173  0.0279981  
               -0.00426943  0.00260229  0.028432  
               -0.00427274  0.00259687  0.0274326  
               -0.00377538  -0.00327819  0.0160014  
               -0.00377918  -0.00327381  0.0170019  
               -0.00429804  -0.00255477  0.0165066  
               -0.0016411  -0.00472301  0.0184998  
               -0.00243049  -0.00436952  0.0189998  
               -0.0024307  -0.00436941  0.0179994  
               -0.000282088  -0.00499204  0.00517783  
               -0.000773915  -0.00493974  0.00432096  
               0.000221784  -0.00499508  0.00431084  
               -0.00469053  -0.00173175  0.0180182  
               0.00470346  -0.00169631  0.00900181  
               -0.00458075  0.00200418  0.0370061  
               -0.00314944  -0.00388343  0.0275005  
               -0.00377921  -0.00327377  0.0280025  
               0.000102565  0.00499895  0.0341793  
               0.00492519  0.000861677  0.0195  
               0.0047027  0.0016984  0.0190002  
               0.00492519  0.000861677  0.0295  
               0.00433723  0.00248766  0.0175023  
               0.0047027  0.0016984  0.0170002  
               0.000259047  0.00499328  0.0491272  
               -0.00377444  0.00327927  0.0346899  
               -0.00345771  0.00361168  0.0439333  
               -0.00266612  0.00422987  0.043916  
               0.00492519  -0.000861677  0.0125  
               0.00492519  -0.000861677  0.0135  
               0.00384731  -0.00319346  0.0329999  
               -0.00220265  0.00448869  0.0447693  
               -0.00124225  0.00484322  0.0447187  
               -0.00176044  0.00467983  0.0438654  
               -0.00133415  0.00481872  0.0429458  
               -0.000923202  -0.00491403  0.0421902  
               0.00382487  -0.00322031  0.00504835  
               -0.00224064  -0.00446985  0.0430596  
               -0.00135784  -0.0048121  0.0430626  
               -0.00177643  -0.00467379  0.0439375  
               0.000909932  -0.00491651  0.0129897  
               0.00175059  -0.00468353  0.0134968  
               0.000915742  -0.00491543  0.0139941  
               -0.00168792  -0.00470648  0.00795534  
               0.005  -1.22465e-18  0.026  
               0.00175386  -0.0046823  0.0245  
               0.00326851  -0.00378376  0.00658991  
               0.00385787  -0.0031807  0.00704731  
               -0.00181592  -0.00465859  0.0421696  
               0.00175386  -0.0046823  0.0215  
               0.000920698  -0.0049145  0.021  
               0.00175386  -0.0046823  0.0205  
               0.00260463  -0.00426801  0.0435503  
               -0.000766208  0.00494094  0.0437685  
               -0.0047707  0.00149682  0.05  
               0.00214823  -0.00451499  0.0455494  
               0.0026182  -0.0042597  0.0464569  
               0.00171303  -0.0046974  0.0464875  
               -0.00459993  0.00195976  0.042202  
               -0.00412122  0.00283117  0.0422006  
               -0.00438087  0.00240997  0.0413271  
               -0.00245843  -0.00435387  0.0330029  
               -0.00317397  -0.00386341  0.0324865  
               0.000920698  -0.0049145  0.027  
               0.00175386  -0.0046823  0.0275  
               0.000920699  -0.0049145  0.028  
               0.0047027  0.0016984  0.0310002  
               0.0047027  0.0016984  0.0320002  
               -0.00314154  -0.00388983  0.0145095  
               -0.00375519  -0.00330129  0.0140023  
               -0.00312227  -0.00390531  0.0135354  
               -0.000802531  -0.00493517  0.026  
               5.99803e-05  -0.00499964  0.0255  
               -0.000864696  -0.00492466  0.0360489  
               -0.00345566  -0.00361364  0.0421963  
               -0.0041064  -0.00285263  0.0422036  
               -0.00221049  -0.00448483  0.0448056  
               -0.00174248  -0.00468655  0.0456721  
               -0.00264561  -0.00424273  0.0456704  
               -0.00468494  -0.00174681  0.0160105  
               -0.00428759  -0.00257227  0.0155019  
               -0.00497643  -0.000484964  0.00866147  
               -0.00489933  -0.00099826  0.00779892  
               0.00470301  -0.00169757  0.022  
               5.99746e-05  -0.00499964  0.0185  
               5.99394e-05  -0.00499964  0.0174999  
               0.00382879  0.00321564  0.0490656  
               0.00309322  0.00392836  0.0490831  
               0.00344483  0.00362396  0.05  
               0.005  -1.22465e-18  0.02  
               0.005  -1.22465e-18  0.019  
               -0.000803326  -0.00493504  0.0309993  
               -0.00427171  0.00259856  0.0174363  
               -0.00378208  0.00327045  0.017818  
               -0.00165201  -0.0047192  0.0325009  
               -0.00132851  0.00482028  0.0277914  
               -0.00132851  0.00482028  0.0227914  
               -0.00198694  0.00458825  0.0236118  
               -0.00164103  -0.00472303  0.0225  
               -0.00154254  0.00475611  0.00978632  
               -0.00229167  0.0044439  0.00966633  
               -0.00212093  0.00452788  0.010624  
               -0.00476325  -0.00152035  0.0395562  
               -0.00497296  -0.000519307  0.0395642  
               -0.00489755  -0.00100698  0.0422045  
               -0.00476115  0.0015269  0.037852  
               -0.00489533  0.00101773  0.0370308  
               -0.00497524  0.000496937  0.0378379  
               -0.00422098  0.00268018  0.0342534  
               -0.00466208  -0.00180694  0.0113046  
               -0.00482243  -0.00132068  0.0121497  
               -0.00198759  0.00458797  0.0176106  
               -0.00261859  0.00425946  0.0184012  
               -0.00198712  0.00458818  0.0186112  
               -0.0042567  -0.00262307  0.0132907  
               -0.00368271  -0.00338196  0.0131019  
               -0.000651151  0.00495742  0.0119547  
               -0.000748043  0.00494373  0.0473799  
               -0.000777428  -0.00493919  0.0456723  
               -0.0012861  -0.00483176  0.0448085  
               -0.00459484  0.00197167  0.00432994  
               -0.00477088  0.00149624  0.00519576  
               -0.00261682  0.00426055  0.0333862  
               0.00169225  0.00470492  0.0297417  
               -0.00497433  -0.000506044  0.044804  
               -0.00490679  0.000960946  0.0215276  
               -0.00499966  5.83069e-05  0.0210351  
               -0.005  -9.25041e-07  0.0439381  
               -0.00132851  0.00482028  0.0247914  
               -0.00477263  0.00149065  0.0430718  
               -0.00436456  0.00243939  0.0395701  
               -0.00378968  0.00326164  0.0395747  
               -0.00458084  0.00200396  0.0386961  
               -0.00432761  0.00250436  0.0378086  
               0.00069565  -0.00495137  0.00514887  
               0.00247118  0.00434664  0.0100947  
               0.00247804  0.00434273  0.0111053  
               -0.00125559  0.00483978  0.00173339  
               -0.00173784  0.00468827  0.00260197  
               -0.000763229  0.0049414  0.00260567  
               0.005  -1.22465e-18  0.009  
               0.00120228  -0.0048533  0.00429541  
               0.00161905  -0.00473061  0.00509889  
               -0.0046522  0.00183222  0.0320068  
               -0.00425652  0.00262337  0.0324032  
               0.005  -1.22465e-18  0.007  
               0.005  -1.22465e-18  0.008  
               0.00492517  -0.0008618  0.0075009  
               -0.00489942  0.000997849  0.00951863  
               -0.00478439  0.00145247  0.0103753  
               -0.005  -3.98445e-06  0.0369511  
               0.0049252  0.000861647  0.0104997  
               0.005  -1.22465e-18  0.011  
               -0.00259462  0.0042741  0.0124287  
               -0.00198339  0.00458979  0.0126148  
               0.000920302  -0.00491457  0.0159992  
               5.83031e-05  -0.00499966  0.0154971  
               0.000919404  -0.00491474  0.0149981  
               0.00092066  -0.00491451  0.0169999  
               5.96771e-05  -0.00499964  0.0164993  
               0.00253453  -0.00431001  0.016  
               0.00323939  -0.00380872  0.0155  
               0.00323939  -0.00380872  0.0165  
               -0.00397629  0.00303135  0.0103541  
               -0.00363689  0.00343119  0.0095288  
               -0.0041863  0.00273402  0.00951066  
               0.00470301  -0.00169757  0.02  
               0.00434009  -0.00248266  0.0195  
               0.000885924  0.00492089  0.0264316  
               0.00433723  0.00248766  0.0255023  
               0.0047027  0.0016984  0.0260002  
               0.0047027  0.0016984  0.0250002  
               0.000920698  -0.0049145  0.02  
               5.99795e-05  -0.00499964  0.0195  
               0.0047027  0.0016984  0.0230002  
               0.00492519  0.000861677  0.0225  
               -0.00344517  0.00362364  0.00433124  
               0.00470301  -0.00169757  0.028  
               0.00470301  -0.00169757  0.027  
               -0.000806083  -0.0049346  0.032  
               5.72812e-05  -0.00499967  0.0325004  
               -0.000811857  -0.00493365  0.0330022  
               0.00335811  -0.00370447  0.0412903  
               0.0019689  -0.00459602  0.040342  
               0.00264743  -0.00424159  0.0398424  
               0.000919224  -0.00491478  0.033  
               0.000915857  -0.0049154  0.034001  
               2.433e-05  -0.00499994  0.0365226  
               -0.00426841  0.00260398  0.0134713  
               -0.00376225  0.00329325  0.0127728  
               -0.00359843  0.0034715  0.0118846  
               -0.00427616  0.00259123  0.0154308  
               0.0049251  0.000862198  0.0414999  
               0.00492514  0.000861986  0.0405002  
               0.00492519  0.000861687  0.0395  
               -0.00305977  0.00395447  0.0482672  
               -0.00264429  0.00424355  0.0491336  
               -0.0022  0.00448999  0.0482655  
               -0.00125327  -0.00484038  0.048268  
               -0.00025332  -0.00499358  0.0482674  
               -0.000757124  -0.00494234  0.049134  
               -0.00314948  -0.0038834  0.0174992  
               -0.00314894  -0.00388384  0.0184996  
               -0.00377695  -0.00327637  0.0230012  
               -0.00377792  -0.00327526  0.0240018  
               -0.00429769  -0.00255535  0.0235061  
               -0.00319207  -0.00384846  0.0115958  
               -0.00374109  -0.00331726  0.0112433  
               -0.00329581  -0.00376001  0.0106034  
               0.00169225  0.00470492  0.0217417  
               -0.00351933  0.00355167  0.00779632  
               -0.00311538  0.0039108  0.00693515  
               -0.00382049  0.00322551  0.00692549  
               -0.00477224  0.00149187  0.00692612  
               -0.00489861  0.0010018  0.0077914  
               -0.0026183  0.00425963  0.0274024  
               -0.00377901  0.003274  0.0288151  
               0.000886193  0.00492084  0.038422  
               0.00169159  0.00470516  0.0377424  
               -0.00205617  0.00455765  0.0364906  
               -0.00211133  0.00453236  0.0373729  
               5.93614e-05  -0.00499965  0.0314997  
               -0.00499941  -7.71106e-05  0.0322011  
               -0.00463996  0.00186301  0.0112119  
               -0.00111033  0.00487516  0.00797508  
               -0.000443489  0.00498029  0.00712606  
               -0.00140395  0.00479885  0.00702346  
               0.00175383  -0.00468232  0.0164999  
               0.00253455  -0.00431  0.017  
               0.00175386  -0.0046823  0.0175  
               -0.00492802  -0.000845372  0.0331046  
               -0.00459535  0.00197047  0.0404502  
               -0.00411097  0.00284604  0.0404502  
               0.00175386  -0.0046823  0.0195  
               0.00253455  -0.00430999  0.019  
               0.00253455  -0.00430999  0.02  
               0.00470301  -0.00169757  0.032  
               -0.00446289  -0.00225446  0.0122252  
               -0.00469684  -0.00171456  0.0130362  
               -0.00267821  -0.00422223  0.0421827  
               -0.00168398  0.00470789  0.0404427  
               -0.000692447  0.00495182  0.0408916  
               0.005  -1.22465e-18  0  
               0.005  -1.22465e-18  0.001  
               0.00489765  -0.00100649  0  
               -0.00224781  0.00446624  0.0397634  
               -0.0030055  0.00399587  0.0394645  
               0.0049254  -0.000860477  0.0384987  
               0.00248188  0.00434054  0.0191146  
               0.00320902  0.00383434  0.0195436  
               -0.00164103  -0.00472303  0.0245  
               0.000885924  0.00492089  0.0244316  
               0.00169225  0.00470492  0.0247417  
               0.000232359  -0.0049946  0.0060372  
               -0.00221256  0.00448381  0.00521445  
               0.00255022  -0.00430074  0.0379531  
               -0.00144414  -0.00478691  0.0396118  
               -0.0018122  -0.00466003  0.040415  
               -0.00175851  -0.00468056  0.0366129  
               0.00320902  0.00383434  0.0215436  
               0.00320902  0.00383434  0.0205436  
               0.00175386  -0.0046823  0.0265  
               0.00253455  -0.00430999  0.027  
               0.002627  -0.00425428  0.0482618  
               0.00305395  -0.00395896  0.0491318  
               -0.00478105  0.00146342  0.0120891  
               -0.00382061  0.00322536  0.0413251  
               -0.00080385  -0.00493496  0.0159977  
               0.00323879  -0.00380923  0.0115018  
               0.00384777  -0.00319291  0.0110027  
               -0.00322184  0.00382358  0.0181398  
               -0.00379354  0.00325715  0.0482678  
               -0.00476663  0.00150971  0.0395734  
               -0.0024315  -0.00436896  0.0159988  
               -0.00314948  -0.0038834  0.0164999  
               -0.00314754  -0.00388497  0.0155013  
               5.29345e-05  -0.00499972  0.0335021  
               0.000907298  -0.00491699  0.0360004  
               0.00175086  -0.00468343  0.0354958  
               -0.00480417  -0.00138561  0.0104131  
               -0.0049089  -0.00095012  0.00953335  
               -0.00463009  -0.0018874  0.00955089  
               -0.00477086  -0.00149631  0.0413329  
               -0.00489688  -0.00101023  0.040452  
               -0.00437158  -0.00242678  0.00694804  
               -0.00499091  -0.000301353  0.0138343  
               -0.00490214  -0.000984392  0.014525  
               -0.00499939  7.81475e-05  0.0148581  
               0.00253455  -0.00431  0.032  
               0.0047027  0.0016984  0.0360002  
               0.00433723  0.00248766  0.0365023  
               0.005  -1.22465e-18  0.014  
               0.00434339  -0.00247689  0.00751929  
               0.00434023  -0.00248243  0.0115006  
               0.00384879  -0.00319168  0.0100065  
               -0.000259963  0.00499324  0.00173432  
               -0.000758631  0.00494211  0.000866116  
               -0.00125326  -0.00484039  0.05  
               -0.000253246  -0.00499358  0.05  
               -0.00072321  -0.00494742  0.0391268  
               0.005  -1.22465e-18  0.023  
               -0.00379663  0.00325356  0.00519585  
               -0.0041103  0.002847  0.00605988  
               -0.00345923  0.00361023  0.00606231  
               -0.00344681  -0.00362209  0.00789162  
               -0.00308014  -0.00393862  0.00884395  
               -0.00387923  -0.00315462  0.0121888  
               -0.00459995  -0.00195971  0.00781295  
               -0.00478124  -0.00146279  0.00867229  
               -0.00132851  0.00482028  0.0217913  
               -0.0037938  -0.00325685  0.001732  
               0.00300105  -0.00399921  0.00257374  
               0.000236632  0.0049944  0.00625868  
               0.00378673  0.00326507  0.000947815  
               0.00344483  0.00362396  0  
               0.00492499  -0.000862826  0.00650281  
               -0.000802532  -0.00493517  0.023  
               5.99802e-05  -0.00499964  0.0225  
               0.00434059  -0.00248178  0.00652727  
               0.00470304  -0.00169748  0.00700774  
               0.000241707  -0.00499415  0.0025963  
               0.0007323  -0.00494608  0.00345438  
               5.99802e-05  -0.00499964  0.0215  
               0.00324189  -0.0038066  0.00951714  
               0.00253659  -0.0043088  0.00902891  
               -0.005  -3.70017e-07  0.00606233  
               -0.00489792  0.0010052  0.00606165  
               0.000731523  0.0049462  0.00834186  
               -0.000637841  0.00495915  0.0129626  
               9.60432e-05  0.00499908  0.0121675  
               -0.0037654  0.00328964  0.0327761  
               -0.00424504  0.0026419  0.0333466  
               -0.00376154  0.00329406  0.0337273  
               0.00492519  -0.000861677  0.0145  
               -0.00445362  -0.00227272  0.0104333  
               0.000907924  -0.00491688  0.0369994  
               0.0009432  -0.00491023  0.00803757  
               0.000904704  -0.00491747  0.00900851  
               3.00356e-05  -0.00499991  0.00851297  
               -0.000644682  0.00495826  0.0369359  
               -0.00137368  0.0048076  0.0376083  
               0.00320105  0.003841  0.00952763  
               0.00383205  0.00321176  0.00900385  
               -0.0013297  0.00481995  0.0147896  
               0.00434009  -0.00248266  0.0255  
               0.00320902  0.00383434  0.0225436  
               -0.00427254  0.00259719  0.016436  
               0.005  -1.22465e-18  0.021  
               0.00492519  -0.000861677  0.0205  
               -0.00167917  -0.00470961  0.0124562  
               -0.000806803  -0.00493448  0.0149938  
               -0.00164347  -0.00472218  0.0154966  
               -0.000802889  -0.00493512  0.0169994  
               -0.000802623  -0.00493516  0.0179998  
               0.00470301  -0.00169757  0.015  
               0.00470373  -0.00169555  0.00800513  
               0.00169225  0.00470492  0.0187417  
               0.00169225  0.00470492  0.0177417  
               0.000159324  -0.00499746  0.0396045  
               -6.13317e-05  -0.00499962  0.0422781  
               0.0047027  0.0016984  0.0240002  
               -0.00465675  0.00182062  0.0219997  
               0.00433723  0.00248766  0.0265023  
               -0.00306058  0.00395384  0.00173204  
               -0.00488503  -0.00106606  0.0322907  
               -0.00468138  -0.00175634  0.0328208  
               -0.00492642  -0.000854603  0.02653  
               -0.00492652  -0.000854047  0.0255303  
               0.000696203  -0.00495129  0.0424239  
               0.00470468  -0.00169291  0.0429684  
               -0.00461619  0.00192114  0.0338943  
               -0.00499951  6.98954e-05  0.0290301  
               0.00248188  0.00434054  0.0261146  
               0.00169225  0.00470492  0.0257417  
               -0.00495774  0.000648676  0.013867  
               0.00253455  -0.00430999  0.028  
               0.00010309  0.00499894  0.0331789  
               0.00492616  0.000856143  0.045513  
               0.00492812  0.000844782  0.0444961  
               0.00434009  -0.00248266  0.0305  
               0.00434009  -0.00248266  0.0315  
               0.00433723  0.00248766  0.0325023  
               0.00434009  -0.00248266  0.0325  
               -0.00429795  -0.00255492  0.0205071  
               -0.00377841  -0.0032747  0.0210023  
               -0.00430005  -0.00255138  0.0215084  
               -0.00377806  -0.0032751  0.0220017  
               -0.00320045  -0.0038415  0.0334935  
               5.995e-05  -0.00499964  0.0304998  
               -0.00315025  -0.00388277  0.0285001  
               -0.00243102  -0.00436923  0.0289993  
               -0.00469142  -0.00172934  0.0280166  
               -0.00492905  -0.000839302  0.0285248  
               0.00492552  -0.000859811  0.0414953  
               -0.00497436  0.000505718  0.00519599  
               -0.00198803  0.00458778  0.0345862  
               0.00248181  0.00434058  0.0361146  
               0.00253445  -0.00431006  0.0349974  
               -0.00379165  -0.00325935  0.00697229  
               -0.00198694  0.00458825  0.0226118  
               0.00383519  0.003208  0.0380126  
               0.00383538  0.00320778  0.0370124  
               0.00383537  0.00320779  0.0360124  
               -0.000634872  0.00495953  0.0219712  
               -0.000634872  0.00495953  0.0209712  
               8.36869e-05  0.0049993  0.0400529  
               7.52127e-05  0.00499943  0.0391147  
               0.00282718  0.00412396  0.0448768  
               0.00346228  0.0036073  0.0445947  
               0.00169211  0.00470497  0.0357419  
               0.00169156  0.00470517  0.0367423  
               -0.00243217  -0.00436859  0.029998  
               0.00470486  -0.00169242  0.0449438  
               0.000773919  0.00493974  0.0464483  
               0.00470345  -0.00169633  0.0439606  
               -0.00437427  -0.00242193  0.0413328  
               -0.00459517  -0.00197089  0.0422051  
               0.00119101  -0.00485608  0.0456224  
               0.000210394  -0.00499557  0.0456605  
               -0.00133095  0.0048196  0.0127834  
               -0.00132952  0.00482  0.013788  
               -0.000635335  0.00495947  0.0139672  
               -0.00499992  2.84408e-05  0.00952425  
               -0.00498093  -0.000436234  0.0103968  
               -0.00497247  0.000524002  0.0103863  
               -0.00387787  0.00315628  0.00865658  
               -0.00243043  -0.00436955  0.0199999  
               -0.00164104  -0.00472303  0.0195  
               -0.00164103  -0.00472303  0.0205  
               -0.000262106  -0.00499313  0.0465341  
               -0.00469483  -0.00172004  0.0290077  
               -0.00306053  -0.00395388  0.046536  
               -0.00379379  -0.00325686  0.048268  
               -0.00410382  -0.00285634  0.049134  
               -0.00437173  -0.00242651  0.048268  
               0.000253269  -0.00499358  0.0491337  
               -0.00306053  -0.00395388  0.048268  
               -0.00220197  -0.00448902  0.048268  
               -0.00465812  0.00181711  0.0249996  
               -0.0042716  0.00259874  0.0244353  
               -0.00261829  0.00425964  0.0264025  
               -0.00198694  0.00458825  0.0256118  
               0.000885924  0.00492089  0.0294316  
               0.00169225  0.00470492  0.0287417  
               -0.00430654  -0.00254041  0.0294934  
               0.00088593  0.00492089  0.0174315  
               0.000103283  0.00499893  0.0201787  
               0.00169225  0.00470492  0.0167416  
               -0.00489764  -0.00100654  0.0043301  
               -0.00497435  -0.000505842  0.003464  
               0.00253455  -0.00430999  0.021  
               0.00253455  -0.00430999  0.022  
               -0.0047707  -0.00149681  0.003464  
               0.00089957  0.00491841  0.0413535  
               -0.000257171  -0.00499338  0.0017318  
               -0.000758281  -0.00494217  0.000865895  
               -0.00197954  0.00459145  0.00787756  
               -0.00230697  0.00443598  0.00696652  
               0.000886195  0.00492084  0.0374306  
               0.000885926  0.00492089  0.015431  
               0.000885934  0.00492089  0.0164314  
               0.00169224  0.00470493  0.0157415  
               -0.000802538  -0.00493517  0.019  
               -0.0032148  0.0038295  0.0311372  
               5.99802e-05  -0.00499964  0.0205  
               -0.00279699  0.0041445  0.00782497  
               0.000885924  0.00492089  0.0304316  
               -0.000470464  -0.00497782  0.0430911  
               -0.00378283  -0.00326959  0.0289994  
               -0.00429887  -0.00255337  0.027508  
               0.000885766  0.00492092  0.0344317  
               -0.00424456  -0.00264266  0.0113187  
               -0.00395124  -0.00306393  0.0104505  
               -0.00379374  -0.00325692  0.0448039  
               -0.00282332  0.0041266  0.0371374  
               -0.00281209  0.00413427  0.038192  
               0.00248188  0.00434054  0.0221146  
               0.000217631  0.00499526  0.0408923  
               0.000883468  0.00492133  0.0124248  
               0.000885375  0.00492099  0.0134285  
               -0.00173653  -0.00468876  0.049134  
               0.00174458  -0.00468577  0.00951153  
               0.000899231  -0.00491847  0.00998954  
               -0.0041104  -0.00284685  0.00784187  
               -0.00126716  -0.00483677  0.00519167  
               -0.00174325  -0.00468626  0.00432733  
               1.80009e-05  -0.00499997  0.00947217  
               -0.000266554  -0.00499289  0.00345855  
               -0.00429821  -0.00255448  0.0195068  
               -0.00377767  -0.00327554  0.0190011  
               -0.00086147  -0.00492523  0.0439439  
               -0.00427168  0.0025986  0.0204348  
               -0.000261149  -0.00499318  0.00688384  
               -0.00077344  -0.00493982  0.00605224  
               -0.00306064  -0.00395379  0.00173199  
               -0.00164103  -0.00472303  0.0235  
               -0.000802532  -0.00493517  0.02  
               -0.00459613  0.00196865  0.00606069  
               0.00169202  0.00470501  0.0137402  
               -0.0032217  0.0038237  0.0261415  
               0.0038473  -0.00319347  0.03  
               -0.00344482  -0.00362398  0.04567  
               -0.00465343  0.00182909  0.0149959  
               -0.00491087  0.000939869  0.0315798  
               -0.00490725  0.000958568  0.024527  
               -0.00307047  -0.00394616  0.0430663  
               -0.0034458  -0.00362305  0.0439374  
               -0.0037953  -0.0032551  0.0430709  
               0.00388496  -0.00314756  0.0399143  
               0.00333557  -0.00372478  0.0403364  
               0.00329084  -0.00376436  0.0393958  
               0.00264482  0.00424322  0.05  
               0.00258192  -0.00428179  0.0389095  
               0.0043401  -0.00248264  0.0125001  
               0.00495301  -0.000683887  0.0493202  
               0.00489765  -0.00100649  0.05  
               0.00476426  -0.00151719  0.0491529  
               0.005  -1.22465e-18  0.013  
               0.00248188  0.00434054  0.0181145  
               0.00320902  0.00383434  0.0345436  
               0.00320902  0.00383434  0.0335436  
               -0.00126004  -0.00483863  0.00346096  
               -0.000761698  -0.00494164  0.00259717  
               0.00248188  0.00434054  0.0251146  
               -0.00199186  0.00458612  0.0146113  
               0.00434493  0.00247418  0.00649053  
               0.00435209  0.00246156  0.00546789  
               0.00168515  0.00470747  0.04173  
               0.00170769  0.00469934  0.0407326  
               0.00394524  -0.00307166  0.00325279  
               0.0049253  0.00086107  0.0486565  
               0.00301586  -0.00398805  0.0473917  
               0.000250322  -0.00499373  0.047398  
               -0.00075798  -0.00494221  0.0474018  
               0.00492789  -0.000846129  0.0484713  
               0.00434009  -0.00248266  0.0295  
               0.00470301  -0.00169757  0.03  
               0.00473993  0.00159156  0.00297304  
               0.00492957  0.000836252  0.00347385  
               0.00492397  0.000868618  0.00244523  
               0.00162367  0.00472903  0.00866706  
               0.00433482  -0.00249185  0.00553494  
               0.00432987  0.00250044  0.0415133  
               0.00384771  -0.00319298  0.00605102  
               0.00492519  0.000861676  0.0125  
               0.00433631  0.00248927  0.0395038  
               0.00470268  0.00169847  0.0390003  
               0.00248188  0.00434054  0.0311146  
               0.00470301  -0.00169757  0.031  
               -0.00497394  0.000509779  0.00865677  
               -0.00437245  0.00242522  0.00519534  
               -0.00220403  -0.00448801  0.00346311  
               -0.00306128  -0.00395329  0.00346374  
               0.00435635  -0.00245402  0.0404516  
               -0.00273726  -0.00418418  0.00984893  
               0.00333999  0.00372081  0.00454706  
               0.0047027  0.0016984  0.0160002  
               -0.00262789  -0.00425373  0.00794413  
               -0.00344481  0.00362399  0.00259819  
               0.00433712  0.00248784  0.0385024  
               0.00433723  0.00248766  0.0375023  
               -0.00264482  -0.00424322  0.047402  
               -0.00173118  0.00469074  0.0473919  
               0.00434074  0.00248153  0.00313619  
               0.0037173  0.00334391  0.00284551  
               -0.00459486  0.00197161  0.0456699  
               0.00389736  -0.00313218  0.0408882  
               0.00383537  0.00320779  0.0350124  
               0.000174815  -0.00499694  0.00763511  
               0.00433723  0.00248766  0.0245023  
               0.00384737  -0.00319339  0.0120006  
               0.00492519  0.000861677  0.0155  
               0.00435536  0.00245577  0.000962045  
               0.00463789  0.00186815  0.00195285  
               -0.00465712  0.00181969  0.0180009  
               -0.000802507  -0.00493518  0.0289998  
               5.99987e-05  -0.00499964  0.0294999  
               -0.00306016  0.00395416  0.00346568  
               -0.00264486  0.0042432  0.00259903  
               0.00247723  0.00434319  0.0411428  
               0.000920702  -0.0049145  0.029  
               0.0038473  -0.00319347  0.026  
               0.00323939  -0.00380872  0.0285  
               -0.00344493  -0.00362387  0.00259801  
               0.00492519  -0.000861677  0.0285  
               -0.00430326  -0.00254598  0.0285053  
               0.000103282  0.00499893  0.0211787  
               0.005  -1.22465e-18  0.041  
               0.00492563  -0.000859139  0.0404961  
               0.00492519  0.000861677  0.0185  
               0.005  -1.22465e-18  0.018  
               0.0016922  0.00470494  0.0147411  
               0.00492519  -0.000861677  0.0185  
               -0.0047707  -0.00149681  0.048268  
               -0.00489765  -0.00100649  0.049134  
               0.00492519  0.000861677  0.0175  
               0.00492529  0.000861124  0.00749632  
               0.0047033  0.00169674  0.00799701  
               -0.00459479  -0.00197178  0.047402  
               -0.00244373  -0.00436213  0.012998  
               -0.00469013  -0.00173282  0.0220195  
               -0.00468946  -0.00173465  0.0230183  
               0.00470301  -0.00169757  0.029  
               -0.00410381  -0.00285635  0.00433091  
               -0.00376768  -0.00328703  0.0150001  
               -0.00253785  -0.00430805  0.010916  
               -0.0032213  0.00382404  0.0251415  
               -0.0026182  0.0042597  0.0254024  
               -0.000192166  0.00499631  0.00811849  
               -0.00499966  5.79819e-05  0.0240344  
               -0.00321519  0.00382917  0.0131497  
               -0.00499962  6.13431e-05  0.0250386  
               -0.003781  0.0032717  0.0238185  
               -0.00322096  0.00382432  0.0241412  
               0.00248188  0.00434054  0.0331146  
               -0.00132853  0.00482027  0.0307914  
               -0.000253246  0.00499358  0.05  
               -0.00268111  0.00422039  0.0362017  
               -0.00306575  0.00394983  0.00519944  
               -0.00499985  3.93374e-05  0.0310627  
               -0.0017359  0.00468899  0.00434915  
               0.00222278  0.00447876  0.0491072  
               -0.00125326  -0.00484039  0  
               -0.00497435  0.000505842  0.05  
               -0.00247558  -0.00434414  0.0119807  
               -0.00316108  -0.00387396  0.0125506  
               0.00320902  0.00383434  0.0255436  
               0.00383537  0.00320779  0.0260124  
               0.00492524  -0.000861379  0.00850057  
               0.00492519  -0.000861677  0.0215  
               0.005  -1.22465e-18  0.022  
               0.00492519  0.00086167  0.0114999  
               0.005  -1.22465e-18  0.049  
               0.00492519  0.000861677  0.0255  
               -0.00315231  -0.0038811  0.0294978  
               -0.00063524  0.00495948  0.0329716  
               0.00492519  0.000861677  0.0315  
               0.00218841  -0.00449565  0.000860738  
               0.00304153  -0.00396852  0.000855631  
               0.00261072  -0.00426429  0.00171983  
               0.00175203  -0.00468299  0.0344986  
               0.00320902  0.00383434  0.0355436  
               0.00172669  0.00469239  0.0464534  
               0.00410382  0.00285634  0  
               -0.00323259  0.0038145  0.0141415  
               -0.00323462  0.00381277  0.0151365  
               -0.00465497  0.00182517  0.0160073  
               -0.00492332  -0.000872298  0.0154949  
               0.00434009  -0.00248266  0.0155  
               0.00470301  -0.00169757  0.016  
               -0.00489765  -0.00100649  0.000866  
               -0.00463821  -0.00186734  0.0140206  
               -0.00486842  -0.00113953  0.0136798  
               0.0038473  -0.00319347  0.015  
               0.00470274  0.0016983  0.00999956  
               0.000920698  -0.0049145  0.022  
               0.000556122  -0.00496898  0.0415994  
               -0.00475944  -0.00153223  0.0347436  
               0.0047027  0.0016984  0.0380002  
               0.00175674  -0.00468122  0.0085349  
               -0.00225884  -0.00446068  0.0412912  
               0.00438488  0.00240267  0.0490988  
               0.00253455  -0.00430999  0.018  
               0.0038473  -0.00319347  0.025  
               -0.00497435  -0.000505842  0.05  
               0.005  -1.22465e-18  0.035  
               0.00492519  0.000861677  0.0345  
               0.000920226  -0.00491459  0.0319999  
               -0.00314844  -0.00388424  0.0194999  
               -0.00243042  -0.00436956  0.021  
               -0.00261937  0.00425898  0.0134119  
               -0.00379379  -0.00325686  0.05  
               -0.00220132  0.00448934  0.00346965  
               -0.00264466  0.00424332  0.0043357  
               -0.00410382  -0.00285634  0.047402  
               -0.00306145  -0.00395317  0.044804  
               0.00492519  -0.000861677  0.0225  
               -0.00497435  -0.000505841  0.001732  
               -0.00497435  0.000505842  0.001732  
               0.00435111  -0.00246329  0.0394694  
               0.00196199  -0.00459898  0.00581739  
               -0.00497435  -0.000505842  0  
               0.0042908  -0.00256691  0.00262877  
               0.00470588  0.0016896  0.00391714  
               -0.000264684  0.00499299  0.00349004  
               0.00492694  0.000851644  0.043494  
               0.00323939  -0.00380872  0.0175  
               0.00492519  -0.000861677  0.0195  
               0.00434009  -0.00248266  0.0285  
               0.0038473  -0.00319347  0.028  
               -0.0047707  -0.00149682  0.05  
               -0.00459479  -0.00197178  0.049134  
               0.00126438  0.00483749  0.0491208  
               0.00173653  0.00468876  0.05  
               0.0038473  -0.00319347  0.029  
               -0.00226736  0.00445635  0.0430333  
               0.0047027  0.0016984  0.0220002  
               -0.005  1.05495e-10  0.002598  
               0.00470301  -0.00169757  0.019  
               0.00323938  -0.00380873  0.0145  
               -0.00379397  -0.00325666  0.00346401  
               -0.000713046  -0.0049489  0.00783189  
               0.00433723  0.00248766  0.00849879  
               0.00323939  -0.00380872  0.0195  
               0.00433723  0.00248766  0.0185023  
               -0.00465748  0.00181876  0.0200001  
               -0.00465724  0.00181936  0.0209997  
               0.00470301  -0.00169757  0.017  
               0.00492519  -0.000861677  0.0175  
               0.00344483  -0.00362396  0.05  
               0.00264482  -0.00424322  0.05  
               0.0047027  0.0016984  0.0300002  
               0.0047027  0.0016984  0.0280002  
               0.0047027  0.0016984  0.0270002  
               0.00433723  0.00248766  0.0275023  
               5.99802e-05  -0.00499964  0.0235  
               0.000103281  0.00499893  0.0241787  
               0.000885924  0.00492089  0.0284316  
               -0.00264242  0.00424472  0.0473983  
               0.00492519  0.000861677  0.0375  
               0.0047027  0.0016984  0.0370002  
               -0.00322086  0.0038244  0.023141  
               -0.00378088  0.00327184  0.0228181  
               -0.00427087  0.00259993  0.0224346  
               -0.00378117  0.0032715  0.0218179  
               -0.00427132  0.0025992  0.0214344  
               0.00470301  -0.00169755  0.012  
               -0.00344483  -0.00362396  0.047402  
               0.000739912  -0.00494495  0.0465193  
               0.005  -1.22465e-18  0.025  
               0.00420294  0.00270837  0.0481103  
               0.00246821  0.00434833  0.0421603  
               0.0017249  0.00469305  0.0426374  
               -0.00265433  -0.00423728  0.0439365  
               0.005  -1.22465e-18  0.015  
               -0.0042709  0.00259989  0.023435  
               -0.00468994  -0.00173334  0.0210197  
               -0.0049051  0.00096952  0.0285279  
               -0.00490713  0.000959195  0.0205277  
               -0.00261808  0.00425977  0.0234023  
               -0.00261826  0.00425966  0.0194019  
               0.0038486  -0.00319191  0.043861  
               0.00168167  0.00470871  0.0107237  
               -0.00489834  0.00100313  0.0112456  
               -0.00306053  0.00395388  0  
               -0.000757791  0.00494224  0.00437274  
               0.000244784  0.004994  0.00439454  
               0.00166329  0.00471524  0.00970453  
               -0.00324066  -0.00380764  0.0345146  
               -0.00319069  0.00384961  0.0357983  
               -0.00436065  -0.00244637  0.0395604  
               0.000901934  -0.00491798  0.0109857  
               0.00117341  -0.00486036  0.00596519  
               -0.00314885  -0.0038839  0.0205003  
               -0.00377686  -0.00327649  0.0200013  
               -0.00164101  -0.00472304  0.0284997  
               -0.000874306  -0.00492297  0.0370768  
               0.000101608  0.00499897  0.0131731  
               -0.00220235  0.00448884  0.00173238  
               0.00344483  -0.00362396  0  
               0.00377606  -0.0032774  0.000863025  
               0.00492393  -0.000868864  0.0464817  
               0.000757139  -0.00494234  0.05  
               0.00175362  -0.00468239  0.0154996  
               0.0047027  0.0016984  0.0290002  
               0.00410353  0.00285675  0.00195689  
               0.000892982  0.00491961  0.039397  
               0.00492004  -0.000890636  0.00138119  
               0.00410382  0.00285634  0.05  
               0.00459479  -0.00197178  0.05  
               0.00175485  0.00468194  0.0482333  
               0.00220686  0.00448662  0.0473467  
               0.00174224  -0.00468664  0.0104987  
               -0.00489765  -0.00100649  0.002598  
               0.00338362  -0.00368118  0.0465354  
               0.00170663  0.00469973  0.0397329  
               0.000757139  0.00494234  0.05  
               0.00467363  0.00177685  0.0482704  
               -0.00437173  -0.00242651  0.05  
               0.0038473  -0.00319347  0.024  
               0.00389415  0.00313618  0.0440248  
               0.0038473  -0.00319347  0.032  
               -0.0026279  0.00425372  0.0144035  
               -0.00198908  0.00458733  0.0136136  
               0.0013054  0.00482659  0.045487  
               -0.00198694  0.00458825  0.0246118  
               -0.00261811  0.00425975  0.0244024  
               0.000390545  -0.00498472  0.043134  
               -0.00497432  -0.00050615  0.00519642  
               0.00386036  -0.00317768  0.0458484  
               -0.00468807  -0.0017384  0.0260174  
               0.00175385  -0.00468231  0.0314999  
               -0.00410822  -0.00285001  0.0404533  
               -0.00173067  0.00469092  0.00882192  
               -0.00321279  0.00383118  0.03213  
               -0.00315501  -0.0038789  0.0304927  
               -0.00267625  0.00422347  0.0060748  
               -0.00424024  0.0026496  0.0126539  
               -0.00468954  -0.00173441  0.0190186  
               -0.000802529  -0.00493517  0.027  
               5.99804e-05  -0.00499964  0.0265  
               0.000853539  -0.00492661  0.00695287  
               -0.00497461  0.000503201  0.0430718  
               -0.00352073  -0.00355028  0.0377661  
               -0.00321271  0.00383125  0.0331093  
               -0.00315961  -0.00387516  0.0314887  
               0.005  -1.22465e-18  0.003  
               0.00459479  -0.00197178  0  
               0.00433723  0.00248766  0.0285023  
               0.000103281  0.00499893  0.0291787  
               -0.00220197  -0.00448902  0  
               -0.00437877  0.00241379  0.0430717  
               -0.00264544  -0.00424283  0.00259792  
               -0.00469015  -0.00173278  0.017015  
               0.00410382  -0.00285634  0  
               0.00470508  0.00169181  0.00495287  
               -0.00444105  0.00229718  0.0103608  
               0.00395573  -0.00305814  0.0467009  
               0.0047027  0.0016984  0.0180002  
               0.00470424  0.00169414  0.00699224  
               0.00264482  -0.00424322  0  
               0.0020721  0.00455043  0.00429783  
               0.005  -1.22465e-18  0.012  
               0.000920698  -0.0049145  0.024  
               0.000928021  0.00491312  0.040351  
               0.00173653  0.00468876  0  
               -0.00378928  0.00326211  0.0158136  
               -0.00488567  0.00106312  0.01464  
               -0.0017385  -0.00468803  0.00259753  
               0.005  -1.22465e-18  0.05  
               0.00264482  0.00424322  0  
               0.000786972  0.00493768  0.00533548  
               -0.00164102  -0.00472303  0.0265  
               -0.00124905  -0.00484147  0.00696773  
               0.000902616  -0.00491785  0.0119847  
               -0.00172217  -0.00469405  0.0355613  
               -0.0046883  -0.00173776  0.0270179  
               0.005  -1.22465e-18  0.002  
               -0.00439448  -0.00238507  0.008697  
               -0.00437174  -0.0024265  0.001732  
               -0.00381226  0.00323523  0.0430704  
               -0.00493959  -0.000774914  0.0129463  
               -0.00466609  -0.00179656  0.0150145  
               -0.0047707  -0.00149682  0.001732  
               -0.00492708  -0.000850789  0.016511  
               0.00277625  0.00415841  0.00417606  
               -0.00125488  0.00483997  0.00347944  
               0.000876916  0.0049225  0.0114174  
               -0.0042681  -0.00260448  0.0144726  
               -0.00429896  -0.00255323  0.0225073  
               -0.00459372  -0.00197426  0.0404517  
               0.00459479  0.00197178  0  
            </DataArray>
         </Points> 

         <Cells>
            <DataArray type="Int32" Name="connectivity" NumberOfComponents="1" format="ascii">
               
            </DataArray> 
            <DataArray type="Int32" Name="offsets" NumberOfComponents="1" format="ascii">
               
            </DataArray>
            <DataArray type="UInt8"  Name="types" NumberOfComponents="1" format="ascii">
               
            </DataArray>
         </Cells>
         <PointData Scalars="Rank " Vectors="DisplacementDelta ">
            <DataArray type="UInt32" Name="Rank" NumberOfComponents="1" format="ascii">
               0 0 0 0 0 0 0 0 0 0 0 0 0 0 0 0 0 0 0 0 0 0 0 0 0 0 0 0 0 0 0 0 0 0 0 0 0 0 0 0 0 0 0 0 0 0 0 0 0 0 0 0 0 0 0 0 0 0 0 0 0 0 0 0 0 0 0 0 0 0 0 0 0 0 0 0 0 0 0 0 0 0 0 0 0 0 0 0 0 0 0 0 0 0 0 0 0 0 0 0 0 0 0 0 0 0 0 0 0 0 0 0 0 0 0 0 0 0 0 0 0 0 0 0 0 0 0 0 0 0 0 0 0 0 0 0 0 0 0 0 0 0 0 0 0 0 0 0 0 0 0 0 0 0 0 0 0 0 0 0 0 0 0 0 0 0 0 0 0 0 0 0 0 0 0 0 0 0 0 0 0 0 0 0 0 0 0 0 0 0 0 0 0 0 0 0 0 0 0 0 0 0 0 0 0 0 0 0 0 0 0 0 0 0 0 0 0 0 0 0 0 0 0 0 0 0 0 0 0 0 0 0 0 0 0 0 0 0 0 0 0 0 0 0 0 0 0 0 0 0 0 0 0 0 0 0 0 0 0 0 0 0 0 0 0 0 0 0 0 0 0 0 0 0 0 0 0 0 0 0 0 0 0 0 0 0 0 0 0 0 0 0 0 0 0 0 0 0 0 0 0 0 0 0 0 0 0 0 0 0 0 0 0 0 0 0 0 0 0 0 0 0 0 0 0 0 0 0 0 0 0 0 0 0 0 0 0 0 0 0 0 0 0 0 0 0 0 0 0 0 0 0 0 0 0 0 0 0 0 0 0 0 0 0 0 0 0 0 0 0 0 0 0 0 0 0 0 0 0 0 0 0 0 0 0 0 0 0 0 0 0 0 0 0 0 0 0 0 0 0 0 0 0 0 0 0 0 0 0 0 0 0 0 0 0 0 0 0 0 0 0 0 0 0 0 0 0 0 0 0 0 0 0 0 0 0 0 0 0 0 0 0 0 0 0 0 0 0 0 0 0 0 0 0 0 0 0 0 0 0 0 0 0 0 0 0 0 0 0 0 0 0 0 0 0 0 0 0 0 0 0 0 0 0 0 0 0 0 0 0 0 0 0 0 0 0 0 0 0 0 0 0 0 0 0 0 0 0 0 0 0 0 0 0 0 0 0 0 0 0 0 0 0 0 0 0 0 0 0 0 0 0 0 0 0 0 0 0 0 0 0 0 0 0 0 0 0 0 0 0 0 0 0 0 0 0 0 0 0 0 0 0 0 0 0 0 0 0 0 0 0 0 0 0 0 0 0 0 0 0 0 0 0 0 0 0 0 0 0 0 0 0 0 0 0 0 0 0 0 0 0 0 0 0 0 0 0 0 0 0 0 0 0 0 0 0 0 0 0 0 0 0 0 0 0 0 0 0 0 0 0 0 0 0 0 0 0 0 0 0 0 0 0 0 0 0 0 0 0 0 0 0 0 0 0 0 0 0 0 0 0 0 0 0 0 0 0 0 0 0 0 0 0 0 0 0 0 0 0 0 0 0 0 0 0 0 0 0 0 0 0 0 0 0 0 0 0 0 0 0 0 0 0 0 0 0 0 0 0 0 0 0 0 0 0 0 0 0 0 0 0 0 0 0 0 0 0 0 0 0 0 0 0 0 0 0 0 0 0 0 0 0 0 0 0 0 0 0 0 0 0 0 0 0 0 0 0 0 0 0 0 0 0 0 0 0 0 0 0 0 0 0 0 0 0 0 0 0 0 0 0 0 0 0 0 0 0 0 0 0 0 0 0 0 0 0 0 0 0 0 0 0 0 0 0 0 0 0 0 0 0 0 0 0 0 0 0 0 0 0 0 0 0 0 0 0 0 0 0 0 0 0 0 0 0 0 0 0 0 0 0 0 0 0 0 0 0 0 0 0 0 0 0 0 0 0 0 0 0 0 0 0 0 0 0 0 0 0 0 0 0 0 0 0 0 0 0 0 0 0 0 0 0 0 0 0 0 0 0 0 0 0 0 0 0 0 0 0 0 0 0 0 0 0 0 0 0 0 0 0 0 0 0 0 0 0 0 0 0 0 0 0 0 0 0 0 0 0 0 0 0 0 0 0 0 0 0 0 0 0 0 0 0 0 0 0 0 0 0 0 0 0 0 0 0 0 0 0 0 0 0 0 0 0 0 0 0 0 0 0 0 0 0 0 0 0 0 0 0 0 0 0 0 0 0 0 0 0 0 0 0 0 0 0 0 0 0 0 0 0 0 0 0 0 0 0 0 0 0 0 0 0 0 0 0 0 0 0 0 0 0 0 0 0 0 0 0 0 0 0 0 0 0 0 0 0 0 0 0 0 0 0 0 0 0 0 0 0 0 0 0 0 0 0 0 0 0 0 0 0 0 0 0 0 0 0 0 0 0 0 0 0 0 0 0 0 0 0 0 0 0 0 0 0 0 0 0 0 0 0 0 0 0 0 0 0 0 0 0 0 0 0 0 0 0 0 0 0 0 0 0 0 0 0 0 0 0 0 0 0 0 0 0 0 0 0 0 0 0 0 0 0 0 0 0 0 0 0 0 0 0 0 0 0 0 0 0 0 0 0 0 0 0 0 0 0 0 0 0 0 0 0 0 0 0 0 0 0 0 0 0 0 0 0 0 0 0 0 0 0 0 0 0 0 0 0 0 0 0 0 0 0 0 0 0 0 0 0 0 0 0 0 0 0 0 0 0 0 0 0 0 0 0 0 0 0 0 0 0 0 0 0 0 0 0 0 0 0 0 0 0 0 0 0 0 0 0 0 0 0 0 0 0 0 0 0 0 0 0 0 0 0 0 0 0 0 0 0 0 0 0 0 0 0 0 0 0 0 0 0 0 0 0 0 0 0 0 0 0 0 0 0 0 0 0 0 0 0 0 0 0 0 0 0 0 0 0 0 0 0 0 0 0 0 0 0 0 0 0 0 0 0 0 0 0 0 0 0 0 0 0 0 0 0 0 0 0 0 0 0 0 0 0 0 0 0 0 0 0 0 0 0 0 0 0 0 0 0 0 0 0 0 0 0 0 0 0 0 0 0 0 0 0 0 0 0 0 0 0 0 0 0 0 0 0 0 0 0 0 0 0 0 0 0 0 0 0 0 0 0 0 0 0 0 0 0 0 0 0 0 0 0 0 0 0 0 0 0 0 0 0 0 0 0 0 0 0 0 0 0 0 0 0 0 0 0 0 0 0 0 0 0 0 0 0 0 0 0 0 0 0 0 0 0 0 0 0 0 0 0 0 0 0 0 0 0 0 0 0 0 0 0 0 0 0 0 0 0 0 0 0 0 0 0 0 0 0 0 0 0 0 0 0 0 0 0 0 0 0 0 0 0 0 0 0 0 0 0 0 0 0 0 0 0 0 0 0 0 0 0 0 0 0 0 0 0 0 0 0 0 0 0 0 0 0 0 0 0 0 0 0 0 0 0 0 0 0 0 0 0 0 0 0 0 0 0 0 0 0 0 0 0 0 0 0 0 0 0 0 0 0 0 0 0 0 0 0 0 0 0 0 0 0 0 0 0 0 0 0 0 0 0 0 0 0 0 0 0 0 0 0 0 0 0 0 0 0 0 0 0 0 0 0 0 0 0 0 0 0 0 0 0 0 0 0 0 0 0 0 0 0 0 0 0 0 0 0 0 0 0 0 0 0 0 0 0 0 0 0 0 0 0 0 0 0 0 0 0 0 0 0 0 0 0 0 0 0 0 0 0 0 0 0 0 0 0 0 0 0 0 0 0 0 0 0 0 0 0 0 0 0 0 0 0 0 0 0 0 0 0 0 0 0 0 0 0 0 0 0 0 0 0 0 0 0 0 0 0 0 0 0 0 0 0 0 0 0 0 0 0 0 0 0 0 0 0 0 0 0 0 0 0 0 0 0 0 0 0 0 0 0 0 0 0 0 0 0 0 0 0 0 0 0 0 0 0 0 0 0 0 0 0 0 0 0 0 0 0 0 0 0 0 0 0 0 0 0 0 0 0 0 0 0 0 0 0 0 0 0 0 0 0 0 0 0 0 0 0 0 0 0 0 0 0 0 0 0 0 0 0 0 0 0 0 0 0 0 0 0 0 0 0 0 0 0 0 0 0 0 0 0 0 0 0 0 0 0 0 0 0 0 0 0 0 0 0 0 0 0 0 0 0 0 0 0 0 0 0 0 0 
            </DataArray>
            <DataArray type="Float64" Name="DisplacementDelta" NumberOfComponents="3" format="ascii">
               -4.15692e-10 3.87673e-11 -1.29692e-09  9.65997e-11 1.63199e-10 -1.68784e-09  1.33331e-11 2.1028e-10 -1.69731e-09  -5.28265e-10 -2.24109e-09 -1.54226e-08  -4.5874e-10 -1.78181e-09 -1.52154e-08  -3.36335e-10 -7.52676e-10 -1.08813e-08  6.18007e-09 3.18326e-09 -8.23597e-08  5.47304e-09 1.20874e-09 -8.22454e-08  7.82849e-09 1.88575e-09 -1.16633e-07  9.7764e-10 1.28344e-08 -1.64587e-07  1.27069e-09 1.55808e-08 -2.28038e-07  -1.26869e-09 1.20719e-08 -1.64303e-07  2.78874e-10 -1.06328e-09 -3.67249e-09  1.3407e-10 -1.05287e-09 -2.62432e-09  1.84457e-10 -1.09763e-09 -2.59612e-09  1.51422e-09 -1.48279e-09 -4.1261e-08  2.86985e-09 -1.59444e-09 -4.13462e-08  2.22329e-09 -1.34843e-09 -2.95497e-08  2.04909e-10 3.86799e-10 -2.97197e-09  1.18493e-10 4.04154e-10 -2.22721e-09  9.9532e-10 5.60564e-10 -2.95571e-09  -4.48823e-10 -4.95448e-10 -2.54067e-09  -1.57241e-09 -1.13657e-09 -1.77755e-09  -5.69165e-10 -5.85258e-10 -1.74979e-09  -2.94572e-08 -2.12246e-09 -1.53857e-06  -6.08962e-08 -3.28315e-09 -1.66001e-06  -3.28479e-08 -1.4574e-08 -1.54046e-06  -1.70778e-10 -1.54264e-10 -2.76351e-10  -1.2583e-10 -1.07885e-10 -2.40008e-10  -3.72391e-10 -3.76917e-10 -2.66506e-10  -1.02005e-08 -3.23496e-09 -8.49691e-07  -1.81348e-09 3.33103e-09 -1.03929e-06  -4.22397e-09 -3.94701e-09 -8.50457e-07  -9.0169e-10 7.46271e-09 -1.16947e-07  7.13484e-10 8.17235e-09 -1.17207e-07  3.1298e-06 -6.35084e-06 3.97683e-07  4.84744e-06 -6.97721e-06 -4.827e-07  3.81696e-06 -7.43499e-06 -5.23063e-07  1.04737e-08 8.88924e-09 -1.65149e-07  6.65326e-09 4.56148e-09 -1.17167e-07  9.92717e-09 6.74925e-09 -1.64963e-07  -1.01948e-06 -4.39502e-08 3.18509e-07  -1.23614e-06 2.85454e-07 3.19207e-07  -8.6034e-07 -1.0489e-08 3.39643e-07  8.22578e-09 1.2738e-08 -2.29453e-07  8.39157e-09 1.12093e-08 -1.65173e-07  1.04595e-08 1.32332e-08 -2.29628e-07  -1.26167e-09 -8.77798e-10 -2.56527e-09  -2.10134e-09 2.85783e-09 -4.18628e-08  -3.35767e-09 4.24627e-09 -5.84596e-08  -2.52347e-09 2.31617e-09 -4.20841e-08  -6.49211e-07 3.80288e-07 -1.85081e-06  -7.78869e-07 3.94226e-07 -2.16108e-06  -6.90575e-07 3.41723e-07 -1.85355e-06  5.43486e-08 -2.46912e-08 -1.48372e-06  8.11799e-08 -3.10982e-08 -1.37668e-06  7.13313e-08 -4.08889e-08 -1.37787e-06  7.88097e-07 -2.67741e-06 8.16167e-07  4.68454e-07 -2.82308e-06 8.46487e-07  3.29249e-07 -1.2133e-06 5.51942e-07  -1.84496e-09 8.89933e-10 -2.16e-08  -1.6217e-09 8.36271e-10 -2.99667e-08  -2.30991e-09 8.79043e-10 -2.99039e-08  -5.10794e-07 -6.23485e-07 3.00269e-07  -5.44994e-07 -7.60466e-07 2.90601e-07  -5.88163e-07 -6.42811e-07 2.88262e-07  -8.88379e-10 5.66598e-10 -3.40475e-10  -5.86671e-10 3.04265e-10 -3.49497e-10  -8.88379e-10 5.66598e-10 -3.40475e-10  -4.12515e-10 -8.47811e-11 -1.50401e-09  -2.49182e-10 -2.16006e-10 -1.50739e-09  3.18334e-10 -4.04098e-10 -1.92719e-09  -1.30954e-09 -2.86175e-10 -4.61239e-10  -1.05852e-09 -1.99809e-10 -6.13549e-10  -1.65988e-09 -6.93624e-10 -7.72865e-10  2.91914e-09 -5.32928e-10 -2.96021e-08  2.3206e-09 -1.50945e-10 -2.13242e-08  1.98407e-09 -4.70934e-10 -2.13036e-08  -4.65692e-08 9.20106e-09 -6.87546e-07  -4.20992e-08 4.35079e-09 -6.86831e-07  -4.22474e-08 7.82075e-09 -5.54242e-07  -9.16254e-09 7.18743e-10 -1.03985e-06  -5.34592e-08 -4.95094e-08 -1.21161e-06  -3.8675e-08 -5.00866e-08 -1.21005e-06  7.32751e-07 4.22981e-07 -1.74367e-06  7.75127e-07 2.93244e-07 -1.73939e-06  6.46051e-07 2.44148e-07 -1.7014e-06  -1.05087e-09 -4.92754e-10 -8.1832e-10  -1.14567e-09 -9.38237e-10 -8.36556e-10  -9.0505e-10 -6.57442e-10 -4.36546e-10  -6.70547e-09 1.01758e-09 -8.07712e-08  -5.4615e-09 5.89447e-10 -5.8218e-08  -5.79983e-09 1.53851e-09 -8.10646e-08  1.29361e-10 -5.33324e-10 -3.68604e-09  8.70981e-11 -7.51496e-10 -3.70067e-09  2.99089e-10 -6.96531e-10 -5.36618e-09  7.68289e-07 4.80212e-07 3.53176e-07  1.06901e-06 5.33709e-08 2.76924e-07  1.15304e-06 4.17145e-07 2.80352e-07  -2.86901e-07 4.08391e-07 -1.78641e-06  -2.07946e-07 4.4849e-07 -1.76037e-06  -2.76632e-07 5.27908e-07 -2.10437e-06  5.66991e-08 -6.53347e-08 -1.38544e-06  8.86683e-08 -7.38625e-08 -1.29323e-06  7.14226e-08 -8.95031e-08 -1.29926e-06  4.96434e-09 3.89466e-08 -6.93639e-07  9.18369e-09 1.1966e-08 -8.48406e-07  7.13331e-09 5.39651e-09 -8.47737e-07  -3.451e-10 -2.61517e-10 -1.6499e-09  4.16212e-11 -9.86679e-10 -2.09305e-09  7.27904e-08 -5.74064e-08 -1.37993e-06  -4.89435e-07 3.94506e-07 -1.82215e-06  -4.9114e-07 5.20203e-07 -2.12616e-06  -6.0952e-07 5.21247e-07 -2.14602e-06  -1.13992e-06 -7.40725e-07 3.03124e-07  -1.13992e-06 -7.40725e-07 3.03124e-07  -1.02186e-08 2.80236e-08 -1.51189e-06  -8.99511e-09 3.54201e-08 -1.62224e-06  -1.72822e-08 5.58889e-08 -1.62807e-06  2.41571e-09 6.28553e-09 -8.29295e-08  3.76022e-09 9.30866e-09 -1.17513e-07  1.83704e-09 8.94055e-09 -1.17398e-07  1.53994e-08 3.30672e-08 -5.58928e-07  8.63752e-09 3.65583e-08 -5.59163e-07  9.40048e-09 1.87549e-08 -4.29834e-07  1.20343e-08 -1.00562e-08 -3.1453e-07  1.11097e-08 -1.1094e-08 -2.26925e-07  8.4005e-09 -1.15384e-08 -2.26536e-07  -2.24176e-06 -1.52008e-06 7.9943e-07  -2.46019e-06 -1.22217e-06 8.06352e-07  -2.72156e-06 -9.92987e-07 8.22623e-07  -5.7818e-07 8.06866e-07 3.22215e-07  -6.03166e-07 1.48718e-06 3.35642e-07  -6.03166e-07 1.48718e-06 3.35642e-07  4.79545e-08 -2.36875e-08 -1.18374e-06  4.14833e-08 -2.79555e-08 -1.18528e-06  4.14833e-08 -2.79555e-08 -1.18528e-06  -4.94522e-10 6.57469e-10 -4.88039e-10  -4.67321e-10 5.07106e-10 -8.08356e-10  -5.8499e-10 6.31315e-10 -8.20194e-10  5.85083e-08 -3.79988e-08 -1.48627e-06  5.14182e-08 3.29388e-08 -1.18432e-06  9.72363e-08 7.14804e-08 -1.29405e-06  5.31536e-08 4.15483e-08 -1.18352e-06  5.70543e-07 7.40075e-07 -1.68713e-06  3.55394e-07 5.57584e-07 -1.74316e-06  5.01335e-07 8.09134e-07 -1.67495e-06  -2.0491e-09 4.01951e-09 -5.84232e-08  -1.53096e-09 4.71606e-09 -5.84014e-08  -1.7722e-09 5.81575e-09 -8.22645e-08  -4.57096e-06 -6.01126e-06 -1.69196e-06  -4.12743e-06 -7.3208e-06 -5.95106e-07  -3.14831e-06 -7.77354e-06 -1.6994e-06  4.52073e-07 2.69055e-07 -1.79401e-06  4.25251e-07 1.48963e-07 -1.8015e-06  5.33975e-07 1.66201e-07 -2.12375e-06  -2.09673e-07 -1.70004e-06 -2.51879e-06  -6.93643e-07 -1.64431e-06 -2.53771e-06  -1.01436e-06 -3.67186e-06 -2.79675e-06  -2.85478e-09 -4.52225e-09 -5.79954e-08  -2.57905e-09 -5.26703e-09 -4.17855e-08  -2.68835e-09 -5.43892e-09 -4.18918e-08  -1.23614e-06 2.85454e-07 3.19207e-07  -8.26655e-10 -6.88276e-10 -7.57442e-09  -8.26655e-10 -6.88276e-10 -7.57442e-09  -6.18194e-10 -8.00545e-10 -7.55813e-09  1.56338e-08 -2.34351e-08 -6.90008e-07  -2.17057e-10 3.27819e-09 -8.48508e-07  4.20927e-10 -6.24468e-12 -8.48285e-07  -7.16457e-07 2.90564e-07 2.99072e-07  -1.14007e-06 7.57989e-07 3.01581e-07  -1.14007e-06 7.57989e-07 3.01581e-07  -3.23388e-10 -6.70817e-11 -1.08363e-09  -7.96974e-10 1.0251e-10 -1.04169e-09  1.12732e-08 1.40941e-09 -2.29078e-07  1.35106e-08 -7.50222e-10 -2.29097e-07  1.64853e-08 -1.76737e-09 -3.16191e-07  7.88097e-07 -2.67741e-06 8.16167e-07  1.07868e-06 -2.45423e-06 7.71393e-07  -6.57095e-08 2.20883e-08 -1.20594e-06  -8.10718e-09 5.50822e-09 -1.03699e-06  -1.37236e-09 -1.15662e-09 -1.03614e-06  -4.92221e-09 -2.9058e-09 -8.08722e-08  -4.72916e-09 -2.18501e-09 -5.77628e-08  -5.6397e-09 -1.75714e-09 -5.75043e-08  -2.36485e-07 4.02247e-06 -2.90361e-06  -3.81133e-07 1.65506e-06 -2.60068e-06  -1.49952e-07 1.61102e-06 -2.59365e-06  -9.82771e-11 -1.26619e-09 -1.5183e-08  -3.88928e-10 -1.16321e-09 -1.07419e-08  -1.73123e-07 5.3257e-07 -2.097e-06  -7.70153e-08 5.17395e-07 -2.08065e-06  3.10914e-06 -2.89437e-06 8.38551e-07  2.44785e-06 -3.9323e-06 8.52553e-07  1.53209e-06 -2.04448e-06 7.03948e-07  1.41806e-09 -1.22757e-09 -1.51391e-08  1.60012e-09 -1.33432e-09 -2.11567e-08  4.06072e-06 2.30054e-07 8.94349e-07  6.18487e-06 -6.9842e-07 4.86375e-07  1.94925e-06 -1.99778e-07 6.61044e-07  -1.794e-10 1.32641e-09 -1.52421e-08  -2.72695e-10 7.80183e-10 -1.08457e-08  -1.81331e-10 1.61446e-09 -1.51409e-08  1.85818e-07 9.076e-07 3.18035e-07  5.53439e-07 1.28699e-06 5.78453e-07  6.22486e-07 1.50381e-06 3.49954e-07  7.41018e-08 1.65148e-06 -2.5761e-06  -6.1782e-09 -9.02383e-09 -1.61566e-07  -4.73674e-09 -9.55509e-09 -1.61967e-07  -3.86306e-09 -4.9722e-09 -1.15318e-07  3.43617e-08 2.89146e-08 -1.47868e-06  7.19403e-08 6.4172e-08 -1.59652e-06  4.51668e-08 4.41713e-08 -1.48403e-06  5.97136e-11 -5.15407e-10 -1.22862e-09  4.46132e-11 -5.71474e-10 -8.79034e-10  6.53129e-11 -5.16392e-10 -9.05602e-10  1.15242e-10 3.84434e-09 -4.15528e-08  -2.52277e-10 3.8142e-09 -4.16586e-08  -3.57182e-10 2.7749e-09 -2.96982e-08  -1.85659e-09 -4.81634e-10 -1.49198e-08  -5.40695e-10 -9.07208e-11 -1.48055e-08  -1.21026e-09 -7.50826e-10 -1.0335e-08  4.13356e-08 9.95662e-08 -1.38799e-06  5.17386e-08 8.81535e-08 -1.38767e-06  3.84075e-08 4.62748e-08 -1.49103e-06  1.78013e-08 2.92264e-09 -4.28347e-07  2.24048e-08 5.57221e-09 -4.29076e-07  1.34315e-08 1.40232e-09 -3.16434e-07  3.82515e-08 -4.60856e-08 -1.19253e-06  -2.2851e-09 8.71934e-09 -1.03192e-06  2.9812e-08 -4.82249e-08 -1.19532e-06  -3.47214e-09 -4.24617e-10 -2.97021e-08  -4.97986e-09 6.17062e-11 -4.1506e-08  -4.00156e-09 -1.98262e-10 -4.13542e-08  -1.70625e-10 -6.45641e-10 -2.5254e-09  -1.57301e-09 -8.73917e-10 -1.66575e-09  -1.05042e-09 -6.51961e-10 -1.02793e-08  -6.40578e-10 -7.15298e-10 -1.52218e-08  -8.42638e-10 -9.34376e-10 -1.04078e-08  -3.02881e-09 5.27932e-08 -1.20221e-06  6.80727e-09 5.73736e-08 -1.20121e-06  6.37184e-09 1.25669e-07 -1.31074e-06  1.26276e-09 -1.07608e-09 -1.07749e-08  2.10373e-09 -4.34135e-10 -1.07536e-08  1.53842e-09 -9.47845e-10 -7.69832e-09  1.22272e-06 9.55456e-07 -2.49225e-06  5.16508e-07 2.87537e-07 -2.10001e-06  1.28993e-06 7.06597e-07 -2.51705e-06  7.49126e-07 -3.57941e-07 -2.17988e-06  1.82675e-06 -1.05844e-06 -2.59323e-06  1.77829e-06 -5.23699e-07 -2.60973e-06  6.50069e-07 3.63166e-07 -1.7926e-06  2.23006e-09 9.69318e-10 -7.80682e-09  2.61945e-09 1.32643e-09 -5.59088e-09  2.19026e-09 9.00865e-10 -5.53819e-09  3.88545e-07 -6.33465e-07 -1.78805e-06  4.49677e-07 -8.33636e-07 -2.09973e-06  4.78523e-07 -6.45183e-07 -1.79398e-06  -3.95666e-10 -1.39351e-11 -7.91532e-11  -4.91408e-11 6.52248e-11 -1.10193e-10  -3.95666e-10 -1.39351e-11 -7.91532e-11  2.81179e-09 -1.55226e-10 -2.95795e-08  3.74649e-09 5.77782e-10 -4.14569e-08  3.07935e-09 2.56991e-10 -2.96164e-08  -3.37034e-06 -8.20168e-06 -5.74152e-07  1.72633e-06 -9.00781e-07 6.47061e-07  3.48694e-06 -1.7002e-06 8.32986e-07  3.3516e-06 -2.33888e-06 8.32129e-07  8.2998e-09 1.08416e-08 -8.45375e-07  -1.50477e-08 7.52884e-09 -1.02141e-06  4.65002e-08 1.65329e-08 -1.18434e-06  4.29626e-09 2.33994e-10 -8.20871e-08  2.62273e-09 2.62493e-10 -5.81615e-08  3.72435e-08 2.02455e-08 -1.47434e-06  9.41499e-08 4.1931e-08 -1.37123e-06  4.96604e-08 4.11227e-09 -1.47135e-06  1.1682e-08 -8.37964e-09 -1.64265e-07  8.40368e-09 -9.55223e-09 -1.63681e-07  -1.15305e-09 4.67971e-09 -5.83928e-08  -1.25948e-09 3.55597e-09 -4.18384e-08  7.44445e-07 1.34024e-06 5.82679e-07  9.88562e-07 1.15746e-06 6.1701e-07  4.58181e-07 7.49097e-07 3.37585e-07  6.50258e-09 -9.50267e-09 -1.63448e-07  -6.33786e-09 5.3381e-09 -1.15381e-07  -1.02681e-08 8.4759e-09 -1.62477e-07  -1.11463e-08 6.70791e-09 -1.62224e-07  6.32829e-09 1.02714e-08 -1.02369e-06  3.24256e-09 2.02056e-09 -4.14814e-08  2.59117e-09 1.61429e-09 -2.95123e-08  3.96463e-09 1.84025e-09 -4.15179e-08  1.86823e-06 8.41823e-06 -4.8976e-07  1.20157e-06 6.29584e-06 -2.54099e-06  3.38204e-06 6.66775e-06 -1.70305e-06  4.38911e-06 6.1333e-06 -1.73645e-06  2.62423e-06 5.33741e-06 -2.4704e-06  -1.50509e-10 3.7324e-10 -2.28998e-09  -1.14127e-10 3.33591e-10 -3.99466e-09  -1.19782e-10 -2.13704e-10 -2.23694e-09  -1.69932e-07 -3.89066e-08 -1.7471e-06  -6.48181e-08 -2.15458e-08 -1.6613e-06  -1.74281e-07 -5.71974e-09 -1.74245e-06  -6.32887e-06 -3.40087e-06 3.41472e-07  -7.69663e-06 -1.99704e-06 3.34824e-07  -4.75578e-06 -1.8101e-06 9.23125e-07  -2.57815e-06 8.55861e-07 8.06895e-07  -1.28067e-06 2.02337e-07 5.40455e-07  -2.81083e-06 5.60547e-07 8.01002e-07  1.36558e-10 -3.37638e-10 -1.52824e-08  -3.99977e-10 -4.60592e-10 -2.1431e-08  -2.03242e-09 7.9678e-09 -1.16703e-07  -2.75141e-09 7.10918e-09 -1.1645e-07  -2.20353e-09 5.09964e-09 -8.2115e-08  -1.31408e-08 -1.45988e-09 -1.60981e-07  -1.12535e-08 -4.04735e-09 -1.60994e-07  -6.08128e-09 -2.68955e-09 -1.14347e-07  1.33554e-08 1.12588e-08 -2.29594e-07  1.29784e-08 1.12997e-08 -3.16898e-07  -2.93417e-08 2.9302e-08 -6.90973e-07  -4.29877e-09 1.06031e-08 -8.47737e-07  2.68381e-12 4.69683e-09 -8.47666e-07  -4.90556e-11 -1.27068e-10 -1.62123e-10  -4.90556e-11 -1.27068e-10 -1.62123e-10  4.24848e-11 -4.28353e-10 -1.44504e-10  3.98027e-08 -4.21597e-09 -1.1823e-06  -1.41314e-08 4.67256e-09 -1.02181e-06  -8.40093e-09 4.01916e-09 -1.02631e-06  -1.10379e-08 2.18317e-08 -1.51754e-06  -3.01957e-08 7.27529e-08 -1.40402e-06  -8.62908e-07 3.29651e-07 2.93182e-07  1.94058e-09 -3.8271e-09 -8.18082e-08  4.52049e-09 -5.31441e-09 -1.16487e-07  2.47734e-09 -3.81264e-09 -8.18525e-08  3.06333e-12 -4.96687e-10 -1.1378e-10  -1.62324e-11 -7.73865e-10 -5.40168e-10  2.16524e-11 -5.66153e-10 -5.20339e-10  9.49797e-09 -5.73098e-08 -1.20079e-06  3.79316e-08 -1.02906e-07 -1.30551e-06  1.8438e-08 -5.15767e-08 -1.19765e-06  3.50578e-07 4.41451e-07 -1.81895e-06  4.61329e-07 3.3388e-07 -1.7965e-06  6.28146e-07 4.82883e-07 -1.80352e-06  -4.67548e-10 -4.06509e-10 -1.64759e-09  -1.27146e-10 -8.29282e-10 -1.9542e-09  -3.85532e-10 -2.82766e-10 -1.71138e-09  3.93214e-08 -1.74544e-06 -2.5256e-06  5.72327e-08 -6.47742e-07 -2.08035e-06  -6.07598e-08 -6.92516e-07 -2.08961e-06  4.39427e-09 3.46349e-08 -5.59085e-07  -1.11265e-09 3.34526e-08 -5.58785e-07  9.08681e-10 1.52365e-08 -4.28529e-07  -9.3035e-10 -1.6917e-12 -1.20168e-09  -1.8881e-09 1.29418e-10 -1.23824e-09  -8.95644e-10 -2.09011e-10 -1.70602e-09  3.5012e-08 5.34239e-08 -1.49022e-06  1.7573e-08 2.92175e-08 -1.49145e-06  -1.53699e-08 -3.25551e-08 -5.53343e-07  -1.15966e-08 -1.69036e-08 -4.23411e-07  -2.10766e-08 -3.13744e-08 -5.52393e-07  -4.97969e-06 1.122e-06 9.04515e-07  -2.89299e-06 2.0593e-07 7.96685e-07  -5.09135e-06 -1.16306e-07 8.8488e-07  7.4166e-08 -7.13049e-07 -1.68045e-06  -5.24499e-08 -7.00219e-07 -1.68415e-06  7.20506e-08 -5.24208e-07 -1.75761e-06  7.82744e-06 -9.8477e-07 -4.37596e-07  7.04438e-06 -3.17404e-06 -4.42134e-07  5.57649e-06 -2.55135e-06 4.48875e-07  -8.36538e-07 -1.42238e-08 -1.74692e-06  -8.2813e-07 2.0714e-07 -1.76549e-06  -6.40948e-07 1.05109e-07 -1.8354e-06  -9.46121e-09 3.05255e-08 -5.58163e-07  -2.8699e-09 1.34247e-08 -4.27708e-07  -5.42564e-09 3.35007e-08 -5.58526e-07  -1.39614e-06 1.20991e-06 -2.59318e-06  -7.9127e-07 4.82897e-07 -2.15794e-06  3.93001e-08 -2.77642e-08 -1.4922e-06  2.03567e-07 -1.38314e-07 -1.63688e-06  1.13095e-07 -5.15786e-08 -1.57906e-06  1.2327e-07 -7.68051e-08 -1.58401e-06  -2.96873e-09 -1.5171e-08 -4.24475e-07  2.09492e-09 -3.03171e-08 -5.54903e-07  1.27233e-09 -1.53269e-08 -4.25023e-07  2.28703e-07 3.89721e-06 -2.86344e-06  -2.04756e-08 8.27341e-08 -1.40038e-06  -5.2586e-09 2.07089e-08 -1.5042e-06  1.44065e-08 3.50973e-09 -2.29156e-07  9.81906e-09 6.11447e-10 -1.64397e-07  -1.06828e-09 -1.16548e-09 -2.10752e-08  6.39658e-10 -3.9967e-09 -8.18969e-08  2.0841e-09 -6.49042e-09 -1.16252e-07  -3.9378e-10 -1.50241e-10 -5.51901e-09  -2.66375e-10 -7.50746e-10 -7.70797e-09  -2.38014e-10 -5.13445e-10 -7.50712e-09  -1.28484e-10 -2.15615e-09 -2.97847e-08  4.3642e-10 -1.88611e-09 -2.9687e-08  2.65245e-10 -1.60979e-09 -2.10371e-08  -2.18391e-09 -3.58626e-10 -2.97374e-08  -4.37519e-10 -6.16341e-10 -6.22662e-10  -3.62737e-10 -2.51667e-10 -6.88024e-10  -4.37519e-10 -6.16341e-10 -6.22662e-10  -4.50038e-10 -4.68266e-10 -5.30812e-09  -3.93218e-10 -7.75664e-10 -5.26002e-09  -7.12023e-11 -8.98735e-10 -7.5802e-09  2.00381e-09 1.40194e-09 -7.78002e-09  7.13943e-10 1.10998e-09 -5.66987e-09  1.86365e-09 1.08618e-09 -5.64442e-09  -9.77547e-10 -1.48189e-10 -3.97789e-10  -4.77774e-10 -1.68742e-10 -8.10505e-10  -7.34014e-10 -2.5124e-10 -8.38246e-10  -1.13805e-06 -1.21701e-06 -2.54666e-06  -1.35026e-06 -8.17331e-07 -2.56881e-06  -2.86207e-06 -2.20372e-06 -2.81535e-06  -6.14374e-10 -1.04138e-09 -1.07529e-08  -1.33319e-09 -1.82912e-09 -1.52448e-08  -6.5232e-10 -1.75164e-09 -1.53442e-08  -2.63613e-10 9.41868e-11 -1.26618e-09  -3.9712e-10 -2.04571e-10 -1.26531e-09  -2.37386e-10 1.43579e-10 -1.25242e-09  -4.04475e-10 -2.90673e-10 -3.07583e-10  -1.35391e-09 3.82367e-08 -6.93132e-07  3.9021e-09 5.26622e-09 -8.47609e-07  -5.93891e-09 3.76077e-08 -6.92889e-07  -7.23568e-08 5.36688e-09 -1.21004e-06  -7.60227e-08 1.32629e-08 -1.20899e-06  9.68018e-08 2.00828e-08 -1.37065e-06  -6.99415e-08 4.84229e-08 -1.64353e-06  -3.46013e-08 2.88455e-08 -1.53217e-06  -4.36177e-08 3.93906e-08 -1.63709e-06  -1.76596e-07 9.49447e-08 -1.71974e-06  -8.60199e-08 3.21878e-08 -1.65275e-06  -7.92668e-08 4.3833e-08 -1.64883e-06  -2.42113e-06 2.99175e-06 -2.85163e-06  -1.23466e-06 1.36589e-06 -2.59494e-06  -2.03722e-06 3.3276e-06 -2.88453e-06  -7.32391e-10 4.3461e-11 -1.41872e-09  -6.79667e-10 -1.21778e-10 -1.96273e-09  -3.43669e-10 -2.78643e-10 -1.83167e-09  -1.36288e-09 1.4545e-10 -7.30806e-10  -1.53387e-09 1.90659e-10 -4.72192e-10  -2.23562e-09 4.14725e-10 -5.05597e-10  5.16312e-11 -2.62213e-10 -1.35936e-09  -6.13099e-11 -4.7308e-10 -1.36476e-09  -1.8633e-11 -1.38519e-10 -1.73475e-09  -6.44557e-09 1.35664e-08 -4.27422e-07  -5.73377e-09 1.1426e-08 -3.12417e-07  -2.8959e-09 1.10347e-08 -3.12843e-07  -3.62925e-09 3.62787e-09 -5.84548e-08  1.51598e-09 7.75977e-10 -4.1154e-09  6.02443e-10 9.39748e-10 -4.11284e-09  -5.62545e-10 -3.98793e-11 -3.46402e-10  -1.21713e-09 1.84043e-10 -6.09591e-10  -1.06615e-09 -1.83906e-10 -5.26494e-10  1.51596e-06 3.1896e-06 -2.7357e-06  1.88367e-06 2.79043e-06 -2.7063e-06  -4.5551e-11 -7.69403e-10 -3.99936e-09  -4.92089e-10 -4.1362e-10 -3.79902e-09  -4.3429e-10 -1.99851e-10 -2.79583e-09  -1.3188e-09 -5.59214e-11 -5.4668e-10  5.05473e-09 3.02695e-10 -1.1646e-07  5.04583e-09 -5.74093e-10 -8.23019e-08  -1.67055e-08 1.83002e-09 -4.24277e-07  -3.95266e-08 3.27472e-09 -5.53329e-07  -1.67171e-08 -2.17413e-09 -4.23744e-07  -3.59326e-08 -2.07738e-08 -1.54436e-06  -9.12613e-08 -1.82486e-08 -1.42032e-06  -3.45496e-08 1.27769e-08 -6.8889e-07  -1.20099e-08 1.40131e-07 -1.71339e-06  -1.12153e-08 3.02923e-07 -1.78301e-06  -3.04994e-08 1.54026e-07 -1.71303e-06  -2.15539e-07 7.00866e-07 3.21935e-07  1.1306e-08 1.6725e-08 -4.29751e-07  8.39444e-09 1.19975e-08 -3.16881e-07  1.06079e-08 1.29177e-08 -3.17023e-07  6.21339e-07 -6.99092e-07 -1.73083e-06  5.22535e-07 -7.217e-07 -1.69964e-06  6.28732e-07 -7.07102e-07 -1.70904e-06  -3.62684e-11 -6.94215e-10 -1.0567e-08  -5.62715e-10 -4.54135e-10 -1.07384e-08  7.76938e-07 -5.87103e-07 -1.73443e-06  8.17943e-07 -4.92159e-07 -1.73976e-06  6.80595e-07 -3.85158e-07 -1.76886e-06  -7.24169e-09 8.60879e-11 -8.10144e-08  1.73958e-08 1.43937e-08 -4.29898e-07  3.04835e-08 2.37198e-08 -5.5949e-07  1.40336e-08 1.72012e-08 -4.29798e-07  -5.18748e-10 1.68464e-09 -2.98178e-08  -7.07279e-10 2.13306e-09 -2.12674e-08  -6.14063e-10 2.91196e-09 -2.96979e-08  1.54891e-06 -4.82114e-06 9.22193e-07  1.97595e-09 -3.31392e-09 -5.79001e-08  2.77195e-09 -3.04073e-09 -5.79306e-08  1.96542e-08 -1.09857e-08 -4.27616e-07  3.05494e-08 -2.39354e-08 -5.54054e-07  3.04055e-08 -1.58857e-08 -5.54061e-07  7.69655e-10 3.1557e-09 -1.03109e-06  6.85767e-07 8.63955e-06 -1.65645e-06  -5.85913e-09 1.37643e-09 -8.45969e-07  -1.10927e-09 2.50049e-09 -1.03781e-06  5.77003e-11 2.43692e-09 -1.03846e-06  -7.84939e-08 2.56094e-06 7.82207e-07  6.94215e-07 2.56213e-06 7.90051e-07  1.57383e-07 1.21957e-06 5.30526e-07  -2.11954e-09 -9.71528e-10 -2.10829e-08  1.19905e-08 8.35254e-09 -2.2938e-07  -8.9065e-08 -8.69493e-08 -1.32527e-06  -6.76905e-08 -9.07133e-08 -1.32338e-06  3.21357e-08 1.22939e-07 -1.70679e-06  4.75263e-09 3.0041e-08 -1.61546e-06  1.89294e-08 2.41628e-08 -1.6083e-06  -1.0424e-09 5.19955e-10 -4.67868e-10  -6.61055e-10 2.2019e-10 -4.63059e-10  -9.19596e-10 3.80854e-10 -7.96416e-10  1.77957e-09 -1.20156e-10 -3.94671e-09  1.34613e-09 -2.70529e-10 -2.68606e-09  1.33315e-09 -2.88908e-10 -3.82877e-09  -4.57058e-08 2.95012e-07 -1.77794e-06  -1.81801e-08 5.30698e-07 -1.83248e-06  -7.90988e-08 4.9126e-07 -1.8275e-06  -5.08729e-09 1.43287e-08 -2.26448e-07  -1.33891e-09 1.226e-08 -3.13466e-07  1.77144e-09 4.81002e-09 -5.84919e-08  9.8828e-10 6.19665e-09 -8.27636e-08  3.49981e-07 -3.6828e-08 -1.71081e-06  5.46376e-07 -6.7844e-08 -1.76974e-06  5.36159e-07 -9.3352e-11 -1.77605e-06  -1.08455e-09 -7.75587e-10 -1.34071e-09  -2.63055e-09 -1.07338e-09 -1.20593e-09  1.0607e-08 6.00575e-09 -1.02637e-06  1.56042e-08 1.37136e-08 -1.02511e-06  3.26499e-08 5.25942e-08 -1.18712e-06  1.81563e-09 -1.05906e-08 -1.63019e-07  2.45223e-09 -1.43701e-08 -2.25664e-07  5.20446e-09 -1.25533e-08 -2.26197e-07  -2.37255e-10 2.79397e-10 -7.73682e-09  -3.77445e-10 2.82267e-10 -1.07314e-08  -3.94584e-09 3.30636e-10 -4.16413e-08  -2.81948e-09 7.51568e-10 -4.17137e-08  -2.81948e-09 7.51568e-10 -4.17137e-08  8.69689e-09 -1.16492e-09 -1.16662e-07  7.58378e-07 -6.1311e-07 -1.72386e-06  5.35577e-06 -3.50362e-06 4.32075e-07  -6.98915e-07 3.92511e-06 -2.9028e-06  -9.43235e-10 3.45298e-09 -4.17171e-08  -9.26793e-09 1.35009e-08 -4.27106e-07  -7.82635e-09 1.12915e-08 -3.11976e-07  -2.27208e-10 -1.56509e-10 -1.12134e-09  2.45595e-10 -2.18031e-10 -1.41925e-09  3.73845e-10 -1.53832e-10 -1.44719e-09  -4.97972e-07 -1.13119e-06 5.52117e-07  -5.57647e-07 -1.41975e-06 3.18106e-07  -3.90006e-07 -1.28319e-06 5.56869e-07  -2.23562e-09 4.14725e-10 -5.05597e-10  -2.04081e-09 -5.25711e-10 -4.74067e-10  -2.04081e-09 -5.25711e-10 -4.74067e-10  -4.19776e-10 6.63345e-10 -1.13379e-10  -4.19776e-10 6.63345e-10 -1.13379e-10  -2.92564e-10 5.3103e-10 -1.03783e-10  1.09143e-09 -1.66574e-09 -1.51105e-08  1.34168e-09 -1.48988e-09 -1.51151e-08  7.13963e-10 -1.10563e-09 -1.09521e-08  1.17521e-06 4.55083e-06 9.25683e-07  1.15536e-06 2.61711e-06 7.96321e-07  3.19133e-07 2.5596e-06 7.81127e-07  2.21892e-07 2.56055e-07 -1.75514e-06  3.06018e-07 2.1249e-07 -1.74706e-06  -2.17491e-06 1.46076e-06 7.89108e-07  -9.40899e-07 5.97037e-07 5.30344e-07  -1.09663e-06 4.82644e-07 5.14157e-07  -1.75485e-06 7.02608e-07 -2.61561e-06  -3.43842e-06 1.87737e-06 -2.8495e-06  -3.81828e-06 1.00386e-06 -2.87576e-06  6.66174e-06 1.12373e-06 4.75816e-07  6.62504e-06 2.22578e-07 4.59378e-07  4.23201e-06 8.83768e-07 9.12022e-07  1.15536e-06 2.61711e-06 7.96321e-07  1.54247e-06 2.51229e-06 7.96321e-07  8.49901e-07 -5.01535e-07 4.15662e-07  8.8894e-07 -8.47836e-08 3.91297e-07  7.58415e-07 -4.6504e-07 2.57265e-07  7.05951e-07 -7.66372e-07 4.73721e-07  -5.66699e-06 -5.51131e-06 -6.0783e-07  -6.83351e-06 -5.04285e-06 -6.18331e-07  -5.98161e-06 -4.30516e-06 3.39905e-07  2.79885e-07 5.7757e-07 -1.73585e-06  4.0584e-07 8.44059e-07 -1.66423e-06  4.82073e-09 -1.01461e-08 -3.13063e-07  8.45963e-09 -8.9556e-09 -3.13524e-07  -4.36958e-08 7.66178e-07 -1.82361e-06  6.49085e-08 8.1912e-07 -1.82664e-06  -2.35791e-06 1.13343e-06 7.90671e-07  -3.9454e-06 2.77273e-06 9.0377e-07  -2.17491e-06 1.46076e-06 7.89108e-07  -4.18701e-06 -5.39545e-06 3.65761e-07  -2.8564e-06 -7.12303e-06 4.06725e-07  -8.95655e-07 -3.64289e-07 3.16033e-07  -1.40141e-06 -3.74363e-07 3.41291e-07  -7.26265e-07 -3.01509e-07 3.18414e-07  -7.76265e-06 -3.04439e-06 -6.54475e-07  -8.59657e-06 -2.24865e-06 -6.56832e-07  2.32176e-06 -6.04069e-06 -2.44393e-06  2.83633e-06 -7.60139e-06 -1.61116e-06  3.85865e-06 -7.20183e-06 -1.59916e-06  3.92966e-06 3.32429e-06 8.88806e-07  5.69374e-06 4.59631e-06 3.21986e-07  4.44968e-06 2.91903e-06 8.40261e-07  6.00962e-06 4.62429e-06 -1.7491e-06  4.4064e-06 3.3646e-06 -2.50921e-06  -2.81083e-06 5.60547e-07 8.01002e-07  -2.92758e-08 2.203e-08 -1.52472e-06  -6.73201e-08 5.81587e-08 -1.4146e-06  -5.94221e-08 6.76599e-08 -1.40994e-06  -1.31872e-07 2.53136e-07 -1.77108e-06  -2.20833e-07 4.09666e-07 -1.82087e-06  -1.71581e-07 2.21315e-07 -1.77031e-06  7.64871e-06 3.2532e-06 -5.9145e-07  8.15095e-06 1.18227e-06 -5.03113e-07  3.1296e-07 -2.11549e-07 -1.68183e-06  4.60559e-07 -3.21139e-07 -1.74102e-06  3.09111e-07 -1.6271e-07 -1.68402e-06  3.89093e-06 -5.40278e-06 -2.43337e-06  2.49814e-06 -3.44003e-06 -2.7521e-06  3.09941e-06 -5.7243e-06 -2.43592e-06  6.13366e-06 6.32571e-07 -2.53323e-06  3.25677e-06 1.20456e-06 -2.78799e-06  3.66853e-06 2.59675e-07 -2.82764e-06  3.16251e-08 -1.31666e-06 5.61705e-07  -6.55109e-08 -5.14232e-08 -1.66952e-06  -1.59291e-07 -1.09764e-07 -1.75367e-06  -1.44246e-07 -1.2172e-07 -1.75578e-06  -8.1036e-06 -2.08842e-06 -1.74573e-06  4.95848e-06 -4.21108e-06 -2.44044e-06  3.40112e-06 -2.28912e-06 -2.7646e-06  3.20931e-06 -2.7787e-06 -2.75955e-06  8.14898e-08 4.90761e-08 -1.37488e-06  1.00599e-07 5.69703e-08 -1.29286e-06  7.09597e-07 2.67314e-07 -1.78751e-06  8.37856e-07 3.98279e-08 -1.73851e-06  8.18686e-06 1.004e-07 -4.49637e-07  2.71506e-08 -2.85837e-08 -5.54274e-07  1.95114e-08 -1.69037e-08 -4.28189e-07  8.85716e-07 -7.20329e-07 -2.17633e-06  1.7582e-06 -1.29109e-06 -2.58069e-06  -7.92662e-08 2.64288e-07 -1.77308e-06  7.63168e-08 -5.68923e-08 -1.59273e-06  3.2795e-07 9.9755e-09 -1.72136e-06  5.65834e-07 7.00493e-08 -1.77947e-06  5.41022e-07 9.07836e-07 -1.75706e-06  4.36329e-07 7.43941e-07 -1.83582e-06  5.13054e-07 6.75381e-07 -1.82893e-06  1.99357e-07 9.67563e-07 -1.74034e-06  6.11477e-08 9.15676e-07 -1.73794e-06  2.85659e-07 4.79724e-07 -1.82944e-06  1.68387e-07 2.58517e-07 -1.76291e-06  3.87435e-07 -7.70951e-07 -1.72942e-06  5.06392e-07 -7.25718e-07 -1.73209e-06  4.0324e-07 -5.75584e-07 -1.76775e-06  -5.94466e-11 -2.01302e-09 -2.11553e-08  2.08333e-07 -1.12344e-07 -1.63461e-06  2.29445e-07 -9.11342e-08 -1.63363e-06  1.38571e-09 -1.29584e-09 -2.95473e-08  2.15058e-08 1.03917e-07 -1.38884e-06  2.14438e-08 1.29563e-07 -1.3088e-06  3.61663e-09 -1.131e-07 -1.69422e-06  7.05065e-08 -1.24863e-07 -1.66865e-06  -1.00336e-08 -3.13693e-08 -1.62105e-06  1.14641e-08 1.27074e-08 -1.02387e-06  1.70123e-08 1.51943e-08 -8.51158e-07  1.77959e-08 1.60514e-08 -8.5005e-07  4.88538e-08 -4.16067e-08 -1.18769e-06  4.7952e-08 5.72072e-07 -1.83852e-06  -1.27446e-07 -2.48144e-07 -1.79137e-06  -1.73008e-07 -2.56308e-07 -1.79791e-06  -1.87745e-07 -4.19762e-07 -1.83755e-06  -1.11566e-09 4.27947e-10 -6.50161e-10  -1.48264e-09 3.21578e-10 -5.75065e-10  -1.04781e-09 3.93203e-10 -6.19339e-10  -1.34477e-09 4.88773e-10 -5.43548e-10  -1.66639e-09 3.91681e-10 -5.86809e-10  -6.85596e-10 2.21717e-10 -3.98966e-10  -1.32831e-09 3.46273e-10 -3.94319e-10  -3.66791e-08 -2.20563e-08 -6.86881e-07  -6.8284e-09 -5.53996e-10 -8.46389e-07  -7.46247e-09 -5.77753e-09 -8.47169e-07  2.20179e-08 -6.63621e-09 -6.88588e-07  8.38986e-10 8.81361e-09 -8.45767e-07  2.90742e-08 4.86154e-09 -6.91677e-07  2.53033e-09 -2.34783e-10 -1.06952e-08  1.49785e-09 -1.83806e-10 -1.50929e-08  2.18899e-09 3.71666e-10 -1.50658e-08  1.37019e-09 2.07012e-09 -1.0748e-08  1.22035e-09 1.72114e-09 -7.81522e-09  2.05795e-09 1.44106e-09 -1.08188e-08  -2.09545e-08 -3.18602e-08 -6.89981e-07  -4.82234e-09 -1.02197e-08 -8.51175e-07  2.16245e-09 -7.47518e-09 -8.50916e-07  1.12622e-08 -3.02671e-08 -6.91147e-07  7.26522e-09 -3.53713e-08 -6.92614e-07  -6.6332e-09 1.26159e-06 3.20217e-07  -6.6332e-09 1.26159e-06 3.20217e-07  1.35967e-07 7.48483e-07 3.20786e-07  3.54721e-08 1.03901e-08 -5.57938e-07  2.24048e-08 5.57221e-09 -4.29076e-07  3.24912e-08 5.43553e-09 -5.5661e-07  -1.64527e-08 -6.05219e-09 -2.2315e-07  -1.68616e-08 -2.73327e-09 -2.22374e-07  -1.68616e-08 -2.73327e-09 -2.22374e-07  -2.91533e-08 2.04888e-08 -6.89857e-07  -3.32159e-08 1.23346e-08 -5.55069e-07  -8.15777e-10 5.73823e-10 -6.8929e-11  -1.09477e-10 4.49286e-11 -1.1559e-10  -5.18045e-10 -3.0797e-10 -5.45174e-09  -7.54481e-10 -2.74246e-10 -7.41757e-09  -7.71191e-10 -4.58184e-10 -7.40757e-09  -2.02972e-09 4.43148e-10 -2.98067e-08  -3.2044e-09 5.57655e-11 -2.98379e-08  -2.02972e-09 4.43148e-10 -2.98067e-08  -8.15777e-10 5.73823e-10 -6.8929e-11  -6.57346e-08 1.09244e-08 -1.65764e-06  -3.81092e-08 5.44298e-09 -1.53763e-06  4.61445e-09 -3.09639e-10 -5.80514e-08  3.2928e-09 -5.56969e-10 -4.14062e-08  4.05859e-09 1.64491e-08 -4.28989e-07  -5.57698e-10 1.70349e-11 -1.03697e-09  -3.9918e-10 -1.52385e-10 -1.63085e-09  -8.33087e-10 2.41726e-10 -1.49003e-09  -9.39318e-10 3.58869e-10 -9.49873e-10  3.16086e-09 -2.03228e-09 -8.21414e-08  2.25724e-09 -1.85839e-09 -5.7964e-08  -6.13099e-11 -4.7308e-10 -1.36476e-09  3.87447e-09 5.53112e-09 -8.28128e-08  5.2909e-09 4.34491e-09 -8.26023e-08  7.54571e-09 6.17596e-09 -1.17323e-07  2.64466e-09 -2.51637e-10 -7.7244e-09  -1.6087e-09 -2.1135e-09 -2.9591e-08  -1.76947e-09 -1.38929e-09 -2.11714e-08  -5.32043e-09 -9.90297e-10 -5.77512e-08  -5.72484e-09 3.60065e-10 -5.7519e-08  -3.24713e-10 5.11819e-10 -4.708e-10  -3.19641e-10 7.4027e-11 -9.73126e-10  -4.18014e-10 5.45851e-11 -1.25343e-09  -3.38455e-09 1.72191e-09 -4.2035e-08  1.45947e-09 -2.72965e-09 -4.15118e-08  8.28374e-10 -2.08729e-09 -2.96603e-08  3.93392e-09 2.47793e-09 -5.82767e-08  5.20694e-09 2.63883e-09 -5.82599e-08  -9.97287e-10 2.45004e-10 -7.52181e-10  -5.96119e-10 3.35906e-11 -7.17916e-10  -9.56706e-11 -1.7446e-10 -4.3806e-10  -1.60515e-09 -2.512e-09 -2.1437e-08  5.52236e-09 8.03157e-09 -1.17485e-07  4.31052e-09 7.85332e-09 -1.17468e-07  -9.69481e-11 -7.9598e-10 -3.64517e-09  -2.40819e-10 -5.39839e-10 -5.35794e-09  -1.41498e-10 -1.00698e-09 -5.24723e-09  -2.85656e-07 3.68365e-07 -1.82037e-06  -2.4154e-07 1.79102e-07 -1.76941e-06  2.31723e-08 2.84026e-08 -5.59073e-07  1.94399e-08 3.0211e-08 -5.58793e-07  -3.46281e-07 5.96326e-07 -1.82888e-06  -1.4108e-07 4.38074e-07 -1.82227e-06  4.53059e-09 3.58479e-09 -5.83706e-08  8.68135e-10 -6.41415e-10 -3.74452e-09  1.05181e-09 -8.68923e-10 -5.47357e-09  1.33353e-09 -1.73701e-09 -2.96114e-08  1.60779e-09 3.10667e-09 -4.14616e-08  2.20523e-09 4.02018e-09 -5.84266e-08  1.31032e-09 3.7549e-09 -4.14764e-08  -1.63757e-08 6.05002e-10 -2.22421e-07  -1.48054e-08 2.1854e-09 -1.61325e-07  -1.71773e-08 3.7349e-09 -2.22944e-07  1.22412e-09 -1.34329e-09 -2.11297e-08  5.55287e-07 -8.04953e-07 -2.11318e-06  1.07305e-06 -1.82711e-06 -2.53513e-06  7.25033e-07 -8.98041e-07 -2.12815e-06  1.33794e-09 2.14839e-09 -1.49384e-08  1.32667e-09 2.24407e-09 -2.09633e-08  9.41618e-10 2.24552e-09 -2.09669e-08  -4.02826e-10 -3.42952e-10 -5.29699e-09  -7.02119e-10 -7.3489e-10 -7.5485e-09  1.05422e-10 -6.24166e-10 -2.59324e-09  -1.48824e-08 5.77003e-09 -2.23479e-07  -8.46123e-09 7.13755e-09 -3.10448e-07  -1.00096e-08 4.19628e-09 -3.10023e-07  3.22077e-09 -1.80218e-09 -5.79237e-08  2.27665e-09 -2.59658e-09 -4.13107e-08  4.61445e-09 -3.09639e-10 -5.80514e-08  4.34462e-09 -1.96369e-09 -8.22119e-08  7.24117e-10 -3.47492e-10 -1.94873e-09  1.21731e-09 -3.2811e-10 -2.64299e-09  7.85492e-10 -1.97887e-10 -1.95832e-09  -4.00175e-10 -2.07152e-10 -1.78668e-09  -9.74704e-11 -9.56367e-10 -2.07999e-09  -3.96176e-10 -2.7556e-10 -5.19337e-09  -4.62106e-10 -1.81049e-10 -5.103e-09  -3.85821e-10 -1.9745e-10 -7.55585e-09  9.54451e-10 1.5419e-09 -7.78734e-09  -3.77445e-10 2.82267e-10 -1.07314e-08  -5.68397e-10 -3.94554e-10 -5.47017e-09  -4.0349e-10 -8.59861e-10 -1.4924e-09  -4.26651e-10 -5.08184e-10 -1.91196e-09  2.17789e-09 5.5289e-10 -3.98053e-09  1.68322e-09 5.63439e-10 -2.9713e-09  2.12949e-09 6.71312e-10 -2.95336e-09  -5.43925e-07 -3.25911e-08 -1.85204e-06  -3.21115e-07 -1.61941e-08 -1.79889e-06  -3.12468e-07 2.69224e-08 -1.79096e-06  3.22432e-10 -6.03648e-13 -1.65028e-09  2.65911e-10 1.5477e-10 -1.62855e-09  -2.05921e-10 -7.9342e-11 -1.30987e-09  -4.03274e-09 6.9708e-09 -1.16259e-07  1.09334e-09 1.45085e-10 -2.14688e-09  1.68322e-09 5.63439e-10 -2.9713e-09  5.32994e-10 1.89616e-10 -2.17462e-09  -7.65194e-07 4.15446e-07 -1.80846e-06  -5.68151e-07 4.2829e-07 -1.83999e-06  -7.14847e-07 5.13229e-07 -1.80434e-06  -3.39169e-10 -4.13031e-10 -3.7844e-09  6.22895e-10 -6.76174e-10 -2.53458e-09  -4.60584e-08 7.00107e-08 -1.40712e-06  -4.06396e-08 1.00857e-07 -1.31532e-06  -5.23814e-10 -9.9519e-12 -8.3406e-10  -7.47519e-10 -8.00776e-11 -3.56789e-10  -8.07549e-10 -2.75582e-10 -8.4463e-10  -2.01012e-08 2.15723e-08 -1.52174e-06  -7.50761e-10 -7.8864e-10 -5.31726e-09  -4.01845e-10 -6.27521e-10 -3.73201e-09  -3.76055e-10 -3.80978e-11 -7.69886e-10  -5.16137e-11 -2.95057e-10 -1.15078e-09  -1.82531e-08 3.8959e-09 -4.24942e-07  -1.97508e-10 -1.93814e-10 -9.26389e-10  -3.0273e-11 -7.71256e-10 -9.65476e-10  -1.05659e-10 -5.194e-10 -5.49071e-10  -5.25553e-07 3.8185e-08 -1.84129e-06  -1.75336e-07 2.08399e-08 -1.73767e-06  -3.06643e-07 1.05905e-07 -1.77422e-06  -1.09547e-10 2.88751e-10 -1.79865e-09  -2.00562e-06 6.90389e-06 5.26667e-07  -1.39058e-06 8.88126e-06 -4.24436e-07  -2.26611e-07 7.27723e-06 5.37869e-07  -3.39953e-06 8.15293e-06 -4.73486e-07  -3.08211e-10 9.54552e-11 -3.05878e-10  -1.23249e-10 -3.95095e-11 -2.39159e-10  -8.07829e-07 2.9913e-07 -1.81072e-06  -8.04058e-07 3.04463e-07 -1.77109e-06  1.01745e-09 -1.62771e-09 -8.51648e-07  -3.2861e-09 -2.23034e-09 -8.52035e-07  -3.233e-09 3.26236e-09 -1.0366e-06  8.27653e-08 6.38703e-08 -1.37987e-06  5.21738e-09 1.27224e-08 -1.64896e-07  2.56624e-09 1.36209e-08 -1.64724e-07  1.02899e-08 1.41816e-07 -1.71202e-06  -1.033e-08 -6.31295e-09 -1.60912e-07  -6.08771e-09 -4.63935e-09 -1.14791e-07  -6.48795e-09 -3.98553e-09 -1.14464e-07  -7.70276e-08 9.48361e-08 -1.31838e-06  -6.10189e-08 9.9179e-08 -1.31701e-06  4.27115e-07 5.79471e-07 -2.06206e-06  4.27573e-07 5.38396e-07 -1.7602e-06  5.27014e-07 4.1486e-07 -2.09046e-06  6.39091e-07 5.11065e-07 -1.70146e-06  6.16041e-07 8.14068e-07 -1.75871e-06  2.21138e-10 -4.95125e-09 -4.20944e-08  -7.90492e-10 -3.56803e-09 -2.98992e-08  -5.37818e-10 -4.30625e-09 -4.18984e-08  -3.98586e-07 -6.90942e-07 -1.78523e-06  -2.97466e-07 -7.50347e-07 -1.77731e-06  -3.48363e-07 -5.87173e-07 -1.84726e-06  -1.36624e-08 9.08201e-09 -2.24065e-07  -1.29949e-08 4.40655e-09 -1.61831e-07  -6.27914e-07 -5.58797e-08 -2.13393e-06  -5.73415e-07 -7.43896e-08 -1.8166e-06  -6.9654e-07 3.60578e-08 -2.14029e-06  -7.89056e-06 -1.03166e-06 -1.75068e-06  -6.21725e-06 2.19981e-08 -2.57306e-06  -7.91935e-06 9.92856e-07 -1.728e-06  8.05963e-07 -4.407e-07 -1.72828e-06  8.64144e-07 -4.03476e-07 -1.74495e-06  -2.39208e-06 -4.1819e-06 9.26069e-07  -3.44906e-06 -3.24422e-06 9.08507e-07  6.79526e-06 3.8716e-06 -1.73751e-06  -6.87458e-06 3.76543e-06 -1.67488e-06  -5.93046e-06 2.32064e-06 -2.54275e-06  -5.22785e-06 3.87808e-06 -2.51833e-06  1.48296e-08 6.00255e-08 -1.19867e-06  1.04957e-08 9.1887e-09 -1.02796e-06  2.78239e-08 6.28468e-08 -1.19097e-06  -2.68131e-09 -1.20865e-08 -2.25113e-07  -6.15407e-09 -1.23938e-08 -2.24497e-07  -5.97935e-09 -1.22063e-08 -3.10871e-07  -2.22764e-10 2.34967e-09 -2.11166e-08  1.09215e-10 3.0088e-09 -2.96077e-08  -3.64708e-09 -1.65781e-09 -4.16785e-08  6.20645e-08 -8.00531e-07 -1.74275e-06  -6.84533e-08 -7.80517e-07 -1.75277e-06  -1.11566e-09 4.27947e-10 -6.50161e-10  -6.42036e-10 1.24738e-10 -7.31408e-10  -1.42484e-09 2.20319e-09 -2.98517e-08  -1.02639e-09 -1.24321e-10 -7.39051e-09  -7.08897e-10 -2.65056e-10 -1.05812e-08  -9.90083e-10 -3.26188e-10 -1.05639e-08  2.68032e-08 3.23611e-07 -1.78731e-06  -6.55466e-09 1.17095e-08 -1.63517e-07  -4.28705e-09 1.15644e-08 -1.63716e-07  -8.07648e-09 1.46348e-08 -2.26167e-07  -8.51394e-10 1.23697e-09 -1.51984e-08  -1.51243e-10 6.29653e-11 -1.08139e-08  2.63462e-06 6.62483e-06 4.09105e-07  3.92586e-06 7.29641e-06 -6.40964e-07  3.52186e-06 6.26392e-06 3.5716e-07  -2.57916e-08 2.47478e-08 -5.56499e-07  -1.05921e-08 1.22821e-08 -4.26265e-07  -2.16742e-08 2.97125e-08 -5.5785e-07  -2.91397e-09 -5.81117e-09 -5.84457e-08  -1.32333e-09 -5.16801e-09 -5.84517e-08  5.20916e-09 -4.61859e-09 -1.03296e-06  5.64251e-09 -9.39928e-09 -1.03232e-06  3.09671e-10 1.20951e-08 -3.14081e-07  -3.28633e-09 1.54331e-08 -2.26947e-07  -1.27496e-09 1.50059e-08 -2.27465e-07  -1.4577e-09 -4.58109e-09 -4.18913e-08  1.00397e-09 2.16007e-09 -1.49497e-08  6.36189e-10 1.65634e-09 -1.07866e-08  1.21214e-09 2.11847e-09 -1.07544e-08  -2.82495e-08 -5.22473e-07 -1.77517e-06  -2.73259e-07 -6.58812e-07 -2.11298e-06  -2.98242e-10 -3.96554e-10 -5.46632e-09  -4.14311e-10 6.00619e-11 -3.95449e-09  -2.83574e-10 -2.87084e-10 -5.49623e-09  -1.43384e-08 -1.11051e-08 -2.23959e-07  -1.08131e-08 -7.91227e-09 -1.61097e-07  -1.38695e-08 -8.32153e-09 -2.23491e-07  -2.60715e-07 -6.72118e-07 -1.70927e-06  -8.24889e-10 -8.77375e-10 -7.53701e-09  -7.39404e-10 -7.8735e-10 -1.05415e-08  1.04061e-10 7.82554e-10 -2.94554e-09  -2.1551e-11 6.77749e-10 -2.27631e-09  -2.86037e-10 -4.54609e-10 -3.61222e-09  -1.48943e-10 -8.7985e-10 -3.63895e-09  -1.12976e-10 -7.31059e-10 -2.5733e-09  -1.00915e-09 -6.58962e-10 -5.18645e-09  -1.55741e-10 2.1714e-10 -9.07611e-10  -1.46785e-06 -3.5965e-06 -2.76764e-06  3.27593e-08 9.15302e-11 -5.5551e-07  7.43346e-08 7.90419e-08 -1.59734e-06  1.70695e-07 1.24651e-07 -1.68337e-06  1.36588e-07 1.47725e-07 -1.68212e-06  -5.74051e-07 6.58933e-07 2.99623e-07  -1.86403e-08 -9.22867e-08 -1.31789e-06  -3.53226e-08 -5.8731e-08 -1.41945e-06  -1.72267e-08 -5.44362e-08 -1.41449e-06  7.30252e-08 -8.08846e-07 3.24081e-07  4.61382e-07 -1.36179e-06 3.26452e-07  1.22721e-07 -9.06136e-07 3.08701e-07  -5.593e-09 -4.10515e-09 -8.11724e-08  -3.68612e-09 -2.80716e-09 -5.79204e-08  -1.29166e-07 -1.85896e-08 -1.32529e-06  -7.16478e-08 -7.58979e-09 -1.21106e-06  -1.3372e-07 2.86768e-09 -1.32363e-06  6.68326e-09 -1.42997e-08 -4.26944e-07  -2.59422e-09 -1.68207e-09 -4.16881e-08  -2.73839e-09 -4.1002e-09 -2.97058e-08  -5.12358e-10 -2.3144e-10 -5.36617e-10  -5.45068e-10 -4.98474e-10 -5.85825e-10  -1.0465e-10 -1.07424e-09 -1.06626e-08  -1.23466e-06 1.36589e-06 -2.59494e-06  6.48142e-06 5.09639e-06 -6.75043e-07  4.83501e-06 6.58151e-06 -6.87364e-07  4.83501e-06 6.58151e-06 -6.87364e-07  -6.74906e-10 -1.93552e-09 -1.53963e-08  -3.87054e-08 -2.97918e-08 -6.87703e-07  -3.62735e-08 -2.82674e-08 -5.52089e-07  -3.50526e-08 -2.17197e-08 -5.51853e-07  6.88805e-07 -3.47255e-07 2.5835e-07  -2.82751e-08 -2.92566e-08 -5.52227e-07  -2.94042e-08 -2.92142e-08 -6.88838e-07  6.88297e-07 -1.57913e-08 -1.70448e-06  1.46617e-09 -3.65733e-09 -5.80422e-08  -7.38263e-09 7.72298e-09 -8.47035e-07  -8.79474e-09 4.54213e-09 -1.02846e-06  -1.52641e-08 -1.19697e-08 -8.47955e-07  4.67409e-07 3.74341e-07 -1.78367e-06  6.33907e-07 3.72432e-07 -1.70436e-06  -4.01016e-10 -1.55387e-10 -3.97852e-09  -1.75628e-10 -5.92744e-11 -2.94665e-09  -4.56598e-10 4.16994e-10 -4.00065e-09  -1.19136e-10 -9.89228e-10 -2.55168e-09  3.18533e-06 4.14865e-06 8.76287e-07  1.7864e-06 2.44451e-06 8.76098e-07  1.66808e-06 -2.5974e-07 -2.60562e-06  3.10687e-07 1.65583e-07 -1.74436e-06  4.84141e-07 2.60504e-07 -1.78788e-06  1.88032e-09 1.87045e-10 -3.94566e-09  -1.26812e-08 1.13517e-08 -2.24769e-07  -1.03268e-08 1.39199e-08 -2.25847e-07  8.44542e-07 -1.07733e-06 4.52648e-07  1.53209e-06 -2.04448e-06 7.03948e-07  -1.57803e-10 6.7912e-11 -1.2641e-09  -1.39085e-09 -1.12782e-09 -4.78549e-10  8.78499e-07 -6.19385e-07 -2.18342e-06  5.7935e-07 -2.77629e-07 -1.84345e-06  -2.23846e-09 -3.71609e-09 -3.00744e-08  -1.37617e-09 -2.89193e-09 -2.14293e-08  -4.58608e-08 -1.40735e-06 3.31747e-07  -4.58608e-08 -1.40735e-06 3.31747e-07  7.16442e-07 5.68932e-07 -1.75194e-06  1.02215e-09 -2.38358e-09 -1.51145e-08  8.68546e-10 -2.05029e-09 -2.10162e-08  1.05862e-09 -1.68088e-09 -2.10608e-08  -1.38507e-08 5.29958e-09 -4.2557e-07  -1.05141e-08 8.63555e-09 -4.25884e-07  -2.77557e-08 1.85329e-08 -5.55674e-07  -4.10111e-07 -3.0382e-07 -1.85642e-06  -2.65132e-07 -2.06705e-07 -1.81006e-06  -2.88655e-07 -1.80293e-07 -1.81316e-06  -8.32779e-08 -1.40218e-07 -1.73589e-06  -4.44573e-08 -4.9977e-08 -1.66996e-06  -1.08218e-07 -1.48606e-07 -1.74456e-06  -2.42763e-07 -7.96059e-06 4.0688e-07  -7.88722e-07 -5.20037e-06 9.86967e-07  -2.26066e-07 -5.40252e-06 9.82141e-07  -1.67308e-07 -8.64159e-08 -1.75136e-06  3.64278e-06 -1.82391e-06 -2.78077e-06  -2.42423e-09 4.48941e-10 -2.12074e-08  -1.61277e-08 -1.69279e-08 -4.23144e-07  -1.95467e-08 -1.60245e-08 -4.22423e-07  -2.99425e-10 4.98092e-09 -5.83931e-08  8.65335e-08 5.39108e-09 -1.5814e-06  6.53375e-08 3.19619e-08 -1.59187e-06  1.50025e-08 4.40329e-09 -3.16616e-07  1.61154e-07 9.13055e-08 -1.68403e-06  3.55453e-07 1.41059e-07 -1.74253e-06  -2.88329e-11 -8.47052e-10 -1.13083e-10  -2.7343e-09 1.91706e-09 -4.20735e-08  -5.25876e-10 -1.45143e-10 -2.06739e-09  -2.61511e-11 -6.96277e-10 -2.20557e-09  7.68516e-07 -2.36865e-07 -1.7211e-06  8.82749e-07 -1.92181e-07 -1.74531e-06  3.87836e-09 -3.2385e-09 -8.21266e-08  1.53722e-10 -6.33218e-10 -1.69384e-09  -8.01445e-11 -3.91756e-12 -1.76708e-09  -3.81905e-10 7.24463e-11 -2.26618e-09  -5.10221e-10 5.87129e-10 -3.00319e-09  -5.81886e-10 -4.36962e-10 -3.54466e-09  4.8594e-06 -4.28984e-06 4.27594e-07  -1.00536e-09 -1.2157e-09 -2.43196e-09  -4.63242e-10 -3.31779e-10 -2.51929e-09  -6.36365e-10 -4.78919e-10 -1.77754e-09  1.9175e-07 -7.37751e-07 -1.67837e-06  4.02803e-07 -7.38807e-07 -1.68982e-06  1.80258e-07 -8.23141e-07 -1.73536e-06  -2.44681e-06 -5.97955e-06 -2.52064e-06  3.27087e-08 9.35304e-09 -6.92519e-07  -5.86444e-09 6.8457e-09 -1.03295e-06  4.8142e-06 -6.77164e-06 -1.57365e-06  6.13125e-06 -5.18994e-06 -1.56022e-06  -5.43196e-10 -3.78562e-10 -3.52576e-09  2.20599e-08 -6.85667e-08 -1.39241e-06  8.3728e-09 -7.43831e-08 -1.40342e-06  3.52722e-09 -1.50727e-08 -1.5011e-06  -9.88305e-11 -7.40424e-10 -2.10366e-09  -1.8301e-10 1.76151e-10 -2.28041e-09  -1.32831e-09 3.46273e-10 -3.94319e-10  -6.6097e-10 5.86335e-10 -1.25321e-09  -5.76164e-10 2.92467e-10 -1.19262e-09  -6.6097e-10 5.86335e-10 -1.25321e-09  -3.67523e-10 -3.64752e-10 -3.74779e-09  -7.3376e-11 -6.24633e-10 -3.81497e-09  -4.39508e-10 -3.14691e-10 -5.39527e-09  -2.82379e-09 -4.73557e-09 -8.14188e-08  -5.62568e-09 -5.32794e-09 -1.15019e-07  7.13454e-09 -3.39093e-08 -5.55532e-07  1.39481e-08 -2.9609e-08 -5.55828e-07  4.10902e-09 -1.72899e-08 -4.258e-07  1.1873e-08 6.07342e-09 -1.64879e-07  8.10605e-09 4.33381e-09 -1.16996e-07  -4.37117e-07 -5.344e-07 -1.85506e-06  -6.3118e-07 -5.83285e-07 -1.81358e-06  -5.1492e-07 -6.30125e-07 -1.79781e-06  -6.01262e-09 -2.95263e-08 -6.9245e-07  1.01745e-09 -1.62771e-09 -8.51648e-07  -1.19787e-09 -3.9176e-09 -3.00543e-08  -9.6801e-10 -4.75945e-10 -3.48204e-09  -1.73464e-09 -1.27088e-09 -3.58734e-09  -8.91119e-10 -1.37328e-09 -1.38551e-09  -4.83667e-10 -7.17743e-10 -1.02203e-09  -3.49721e-10 -5.85785e-10 -9.007e-10  -5.10118e-07 -2.09224e-07 -1.86339e-06  -4.60955e-07 -2.6036e-07 -1.85918e-06  -3.68592e-06 -4.39964e-07 -2.8808e-06  -6.23254e-06 -1.61665e-06 -2.583e-06  9.60702e-08 -4.32604e-08 -1.28887e-06  -2.22656e-08 -1.29901e-07 -1.70583e-06  -9.64223e-09 -2.56564e-07 -1.76166e-06  -2.29191e-10 -9.08239e-11 -1.52491e-10  -1.42489e-10 -4.90463e-11 -1.54586e-10  -2.71462e-10 -1.53887e-10 -1.73802e-10  5.86187e-08 -2.7163e-09 -1.47309e-06  6.75759e-08 -5.97299e-09 -1.57637e-06  -2.20476e-09 -9.36765e-09 -1.62636e-07  -2.79115e-07 1.49676e-07 -1.76949e-06  -1.48602e-07 1.04882e-07 -1.7161e-06  -2.0651e-09 -5.3749e-09 -8.15629e-08  -1.2176e-09 1.55825e-08 -4.28202e-07  -1.09508e-08 5.39056e-08 -1.20285e-06  6.72579e-09 -9.22717e-09 -1.03324e-06  -5.04606e-08 -9.33763e-08 -1.32223e-06  -5.84508e-07 1.58095e-06 -2.60418e-06  -9.99833e-07 1.42888e-06 -2.60012e-06  -3.97278e-07 5.55305e-07 -2.12264e-06  -1.31567e-09 -6.96082e-10 -7.40459e-09  -1.09572e-09 -7.75296e-10 -7.39737e-09  -1.58378e-09 -8.98018e-10 -3.72034e-09  -9.65214e-10 5.3994e-11 -1.50422e-08  -1.45649e-09 -3.00148e-10 -2.11597e-08  -2.35494e-09 3.03647e-10 -1.5095e-08  -4.85101e-09 2.67654e-09 -5.82677e-08  -5.76125e-07 -2.64749e-07 -2.10742e-06  -5.75729e-07 -1.62872e-07 -1.80623e-06  -4.54581e-08 1.40862e-07 -1.71267e-06  -7.67886e-08 1.3987e-07 -1.7133e-06  -1.94446e-08 4.91682e-08 -1.63232e-06  -7.40769e-07 -4.17691e-07 -1.75453e-06  -5.864e-07 -5.42869e-07 -1.74176e-06  -1.12524e-07 4.31001e-07 -1.74843e-06  4.57222e-11 -5.54077e-10 -9.33278e-10  -3.11708e-10 -1.36358e-10 -1.14675e-09  -5.88575e-10 -7.62855e-10 -1.47275e-09  -4.61658e-06 1.65345e-06 9.0496e-07  -7.50906e-06 1.78934e-06 3.42542e-07  -3.39385e-09 4.93113e-09 -8.19641e-08  6.31541e-09 1.41066e-08 -2.29197e-07  -8.40655e-10 -6.75505e-10 -1.19274e-09  -1.36787e-07 1.84124e-08 -1.32227e-06  -9.26068e-08 -4.78914e-10 -1.4184e-06  -1.07198e-10 -4.35406e-10 -1.73501e-09  2.86504e-09 5.9761e-09 -8.47856e-07  -4.77293e-10 -2.23023e-10 -2.53848e-09  -8.25714e-10 -2.4898e-10 -7.5015e-09  -3.04176e-10 -5.35308e-10 -7.60762e-09  -1.1587e-09 -1.81659e-10 -1.07355e-08  -1.57081e-09 -1.29775e-10 -1.5204e-08  6.29663e-07 -7.46234e-06 4.15104e-07  6.86814e-07 1.44213e-06 -2.50322e-06  3.13399e-07 5.74911e-07 -2.05811e-06  -4.32901e-07 1.24477e-06 5.21511e-07  -1.16219e-06 2.47174e-06 7.71381e-07  -4.53325e-07 2.51568e-06 7.86518e-07  3.75102e-06 -2.50898e-07 -2.8234e-06  9.5405e-07 -4.99493e-06 9.53592e-07  2.43072e-06 -7.08375e-06 3.73785e-07  -7.62863e-09 2.62252e-09 -1.15027e-07  -6.24003e-09 3.70601e-09 -1.15218e-07  8.04098e-06 -5.61025e-08 -1.61621e-06  6.25194e-06 -1.83632e-07 -2.51472e-06  6.14626e-06 -1.00794e-06 -2.49405e-06  -1.74849e-06 4.88341e-07 -2.62244e-06  -1.74849e-06 4.88341e-07 -2.62244e-06  -2.78885e-09 1.11583e-10 -2.10693e-08  1.63131e-06 -4.14331e-09 -2.59861e-06  6.41939e-07 -2.28707e-07 -2.16866e-06  -3.96663e-07 4.09635e-07 -1.8057e-06  -3.2477e-07 6.33453e-07 -1.69665e-06  7.61176e-08 -4.35655e-07 -1.79519e-06  3.88356e-08 -6.74556e-07 -1.80589e-06  1.3401e-07 -6.79455e-07 -1.79626e-06  3.10938e-08 -2.4419e-07 -1.74891e-06  1.34166e-08 -4.43899e-07 -1.80743e-06  2.78135e-07 -3.79857e-07 -1.74917e-06  5.06366e-07 -5.50819e-07 -1.76362e-06  3.49024e-07 -3.61275e-07 -1.74305e-06  -1.58429e-06 1.08079e-06 -2.59909e-06  -1.39614e-06 1.20991e-06 -2.59318e-06  -1.67304e-06 8.85353e-07 -2.6044e-06  7.51311e-08 -2.59105e-08 -1.48242e-06  1.13095e-07 -5.15786e-08 -1.57906e-06  9.93738e-09 4.20243e-08 -6.9435e-07  3.45877e-08 2.19732e-08 -6.95928e-07  4.00196e-08 2.01988e-08 -6.95235e-07  1.45741e-08 1.24249e-08 -8.47523e-07  -6.63144e-09 -1.44396e-08 -1.51364e-06  -2.1721e-08 -3.79979e-08 -1.63253e-06  5.65771e-08 2.96937e-08 -1.1855e-06  1.1009e-07 2.58597e-08 -1.29106e-06  -3.46792e-06 3.22324e-06 9.16717e-07  2.11731e-08 -7.94844e-09 -4.2758e-07  3.3096e-08 -1.19143e-08 -5.53976e-07  -1.22006e-09 -5.23313e-09 -1.15691e-07  -3.94079e-10 -5.84845e-09 -8.16955e-08  -1.70835e-09 -4.47335e-09 -8.1574e-08  1.9627e-10 -8.01146e-10 -5.26161e-09  -1.29968e-10 -1.22235e-09 -7.57198e-09  -3.09937e-10 -9.97799e-10 -7.59537e-09  -1.28567e-10 -4.95925e-09 -8.1626e-08  2.11723e-10 -6.10825e-09 -5.82834e-08  -6.6405e-10 -2.90941e-09 -2.14333e-08  -7.59481e-07 3.99336e-07 -1.77226e-06  -7.3379e-07 4.92524e-07 -1.7631e-06  -5.9311e-07 4.07752e-07 -1.83932e-06  -6.12434e-07 3.34227e-07 -1.84123e-06  2.16448e-09 -1.2379e-10 -5.46789e-09  2.16448e-09 -1.2379e-10 -5.46789e-09  2.07683e-09 -7.04006e-11 -7.83227e-09  -2.73792e-10 -5.55039e-11 -5.85066e-10  -3.60237e-11 -1.29552e-10 -2.01535e-10  3.41189e-11 -4.79303e-10 -5.18121e-10  -2.43676e-10 5.5088e-11 -4.97132e-10  -2.61007e-10 5.65878e-10 -4.67314e-10  -7.78228e-11 2.3442e-10 -1.59193e-10  -2.13871e-07 -2.41297e-07 -1.80424e-06  -1.336e-07 -1.43799e-07 -1.7498e-06  -6.54469e-08 -4.86655e-08 -1.21344e-06  -1.03203e-08 -7.62361e-09 -1.03933e-06  -3.71796e-09 -3.64372e-09 -1.03906e-06  -3.57736e-07 -4.51213e-07 -1.81514e-06  -4.77781e-07 -5.32318e-07 -2.10914e-06  -4.4482e-07 -6.13047e-07 -2.12673e-06  4.51894e-08 1.18445e-07 -1.30251e-06  -4.51737e-06 4.40125e-06 -2.53432e-06  -4.81412e-06 6.30324e-06 -1.66119e-06  -6.56839e-06 4.83355e-06 -1.65796e-06  -8.20197e-06 2.04565e-06 -1.70173e-06  -6.4471e-06 1.66928e-06 -2.55808e-06  -1.59739e-08 3.00821e-08 -5.58067e-07  -8.78934e-09 9.93701e-09 -3.11043e-07  9.43509e-11 1.97484e-09 -1.50694e-08  5.93665e-10 2.17632e-09 -1.49964e-08  -1.42484e-09 2.20319e-09 -2.98517e-08  -5.62823e-10 4.41973e-10 -2.1297e-08  1.60408e-10 -1.02277e-08 -1.62789e-07  -7.64738e-09 1.00462e-10 -1.1469e-07  -8.33768e-07 3.39358e-07 -2.16272e-06  -1.89567e-06 6.58624e-06 -2.62441e-06  -1.39527e-06 9.01518e-06 -1.66965e-06  -2.33045e-06 8.41629e-06 -1.6665e-06  1.99176e-07 -4.05769e-07 -1.76409e-06  1.84883e-07 -2.35277e-07 -1.70061e-06  1.24245e-07 -2.3644e-07 -1.71573e-06  -5.96839e-09 -6.53773e-10 -8.06409e-08  -9.60971e-10 -3.75871e-10 -7.42898e-09  -3.04176e-10 -5.35308e-10 -7.60762e-09  2.38921e-08 -3.86399e-08 -1.60448e-06  5.56412e-08 -5.19398e-08 -1.59829e-06  2.36363e-08 -1.96858e-08 -1.4966e-06  8.58439e-09 -3.48981e-09 -1.17121e-07  -5.19384e-07 -3.18914e-07 -1.80514e-06  -7.87915e-07 -3.30711e-07 -1.75172e-06  -9.21731e-10 -9.53912e-10 -3.54189e-09  -3.97327e-10 1.55488e-10 -7.70904e-09  -3.85629e-10 6.67857e-10 -5.50481e-09  6.37915e-07 2.72569e-08 2.57818e-07  6.37915e-07 2.72569e-08 2.57818e-07  1.22234e-06 -4.01401e-07 2.35562e-07  -2.66375e-10 -7.50746e-10 -7.70797e-09  8.41079e-11 -3.40775e-10 -1.06666e-08  1.50892e-09 -6.72059e-10 -1.50969e-08  5.48394e-08 5.68538e-08 -1.59799e-06  5.04032e-08 5.83801e-08 -1.49093e-06  -3.10858e-09 -2.91382e-09 -1.03825e-06  9.44587e-09 -2.00289e-09 -1.03027e-06  1.07916e-08 1.2917e-08 -8.50471e-07  -2.58768e-07 -9.0813e-06 -5.84419e-07  -3.78078e-06 6.32933e-06 4.72627e-07  5.84912e-10 -1.62082e-09 -1.50823e-08  -4.08539e-10 -2.06304e-10 -7.62005e-09  -7.18022e-10 -3.01403e-10 -7.62689e-09  -1.17754e-09 -3.2528e-09 -2.16223e-08  7.06161e-08 9.21912e-08 -1.29694e-06  6.33687e-08 8.13816e-08 -1.3868e-06  1.12622e-08 -3.02671e-08 -6.91147e-07  2.17597e-08 -2.85045e-08 -5.55114e-07  -4.6006e-10 3.65994e-10 -4.77511e-10  -4.85577e-10 3.48914e-10 -1.20658e-10  -6.49554e-07 1.86438e-07 -1.84587e-06  -3.50446e-10 -5.38588e-10 -5.41364e-09  -5.8773e-08 -4.35279e-07 -1.81766e-06  5.82588e-07 -6.7628e-07 -1.81408e-06  8.89062e-07 -8.20032e-07 -2.16115e-06  -9.77903e-08 1.16852e-07 -1.71372e-06  -1.17837e-09 5.92652e-10 -5.679e-10  -7.54481e-10 -2.74246e-10 -7.41757e-09  -2.41615e-07 -3.89499e-07 -1.84319e-06  -3.18953e-07 -3.78468e-07 -1.8487e-06  -3.18953e-07 -3.78468e-07 -1.8487e-06  -3.54078e-10 -5.28837e-09 -5.85667e-08  -5.23796e-10 -3.30141e-09 -3.00706e-08  -2.88446e-11 -3.75307e-09 -4.17818e-08  -1.54516e-06 -3.93538e-07 -2.5984e-06  -1.58849e-06 -1.7209e-07 -2.60104e-06  -1.43073e-06 -5.97753e-07 -2.57731e-06  -1.25521e-09 -7.38911e-10 -5.30078e-09  -1.31567e-09 -6.96082e-10 -7.40459e-09  -6.79157e-06 -3.75761e-06 -1.72615e-06  -9.2679e-07 -3.3675e-08 -1.80555e-06  -7.72095e-07 -2.09997e-07 -1.86914e-06  -7.74807e-07 -3.61247e-08 -1.86326e-06  3.30442e-09 -5.73514e-09 -1.16297e-07  2.92637e-09 1.29259e-09 -2.95756e-08  2.46625e-09 1.5253e-09 -2.09721e-08  8.51186e-07 -7.89544e-08 -1.74143e-06  5.36914e-06 -3.46591e-06 -2.44156e-06  6.92763e-07 -5.40835e-07 -1.84998e-06  1.68199e-06 -1.51383e-06 -2.56968e-06  -5.00215e-08 1.23278e-06 5.31829e-07  -2.45085e-07 9.69274e-07 3.09011e-07  -6.88993e-11 6.89284e-11 -2.00961e-10  -1.41591e-10 6.04156e-10 -1.37595e-10  -6.23806e-10 -7.7034e-10 -1.08879e-08  3.56129e-08 6.51619e-09 -1.18312e-06  -5.91351e-06 4.24772e-06 3.57966e-07  -6.7833e-06 5.00264e-06 -5.83926e-07  -5.75727e-06 5.61109e-06 -5.6426e-07  -4.24867e-06 -4.19627e-06 -2.51573e-06  -2.16481e-06 -2.911e-06 -2.75566e-06  -4.9453e-07 -3.82947e-07 -1.81116e-06  -5.69386e-06 -2.27179e-06 -2.58301e-06  -3.54261e-06 -9.05955e-07 -2.87062e-06  -2.6315e-08 1.11321e-07 -1.31393e-06  -9.78252e-07 -6.07907e-07 5.37971e-07  1.33304e-06 -2.27599e-06 7.59766e-07  -3.07965e-07 9.18181e-06 -4.11983e-07  1.1808e-06 9.18832e-07 3.58649e-07  5.33417e-07 7.26857e-07 4.05457e-07  7.77396e-06 -1.10558e-06 -1.59252e-06  -1.15061e-08 -4.9769e-08 -1.20352e-06  1.60613e-09 -9.81834e-08 -1.31573e-06  6.70606e-06 -4.26028e-06 -1.54619e-06  7.09994e-06 -3.21058e-06 -1.55777e-06  -1.73678e-07 -2.95948e-06 8.70841e-07  1.54988e-07 -2.88757e-06 8.61903e-07  -2.06455e-09 -6.17509e-08 -1.40922e-06  1.30253e-06 -1.74523e-06 -2.5465e-06  2.01623e-06 -3.62301e-06 -2.7359e-06  -8.30476e-06 -6.84126e-08 -6.43595e-07  -8.53738e-06 2.11565e-06 -6.19729e-07  4.8617e-07 6.78446e-06 -2.57433e-06  -9.80565e-08 7.111e-07 -1.66788e-06  -8.79621e-09 4.69749e-07 -1.73578e-06  -5.21879e-09 4.02988e-09 -8.12554e-08  -5.63421e-09 3.10457e-09 -8.0966e-08  -5.00213e-09 3.29176e-09 -5.83348e-08  7.72516e-07 -1.2863e-07 -1.7862e-06  -1.35026e-06 -8.17331e-07 -2.56881e-06  -5.50297e-10 -2.50109e-09 -2.12427e-08  7.20546e-07 -6.52199e-06 -2.49362e-06  5.16296e-07 -3.88446e-06 -2.75354e-06  -1.41783e-08 -3.8235e-06 -2.77633e-06  -3.52767e-10 1.31411e-09 -2.11719e-08  -5.94021e-11 2.88558e-10 -1.51732e-08  8.80312e-07 1.28438e-06 -2.48156e-06  2.69316e-06 2.06133e-06 -2.71052e-06  -1.42642e-07 7.13292e-07 -1.82337e-06  2.29801e-08 -1.28358e-08 -6.87831e-07  4.26501e-08 5.27741e-08 -1.1844e-06  -4.2216e-07 2.29943e-07 -1.81888e-06  8.42535e-08 6.53309e-09 -1.37256e-06  6.7201e-08 -9.03218e-09 -1.4761e-06  -1.87203e-07 -4.91324e-07 -1.78887e-06  -6.72479e-08 -6.53782e-07 -1.81898e-06  -2.54124e-07 -6.19222e-07 -1.83941e-06  -5.54864e-08 -2.6067e-07 -1.77216e-06  -5.07391e-08 -1.38578e-07 -1.71737e-06  7.35733e-07 -3.09602e-07 -1.77664e-06  5.72702e-06 -2.67329e-06 -2.45504e-06  4.96566e-08 6.40251e-08 -1.59969e-06  8.39135e-08 1.48302e-07 -1.69155e-06  -5.13707e-10 -6.76165e-10 -7.48986e-09  -4.93254e-10 -2.52353e-10 -3.60287e-09  3.27226e-09 9.30036e-09 -1.02343e-06  -1.14348e-07 3.89045e-08 -1.31905e-06  3.09122e-08 1.89754e-08 -5.59459e-07  -7.82851e-07 9.39182e-07 5.43401e-07  -6.17056e-09 -1.12066e-09 -1.14355e-07  -5.92002e-09 -2.60914e-09 -8.05156e-08  -3.8156e-08 -3.93761e-09 -5.52582e-07  -3.98329e-08 -3.53702e-09 -6.86419e-07  -2.34312e-10 -4.84839e-10 -3.68648e-09  5.99632e-10 -4.83392e-10 -2.56588e-09  -4.92467e-09 1.9449e-09 -5.81926e-08  -1.16087e-08 1.38764e-09 -3.08933e-07  2.2481e-08 3.25038e-08 -6.95999e-07  1.7052e-08 3.5182e-08 -6.95613e-07  -9.13989e-07 7.91157e-08 -1.8032e-06  1.26356e-08 -1.27369e-08 -4.27665e-07  9.87561e-11 5.79352e-09 -8.25693e-08  -7.71051e-11 -1.61544e-10 -1.22818e-09  8.88459e-10 -6.3976e-11 -1.99337e-09  1.18701e-08 -6.10291e-09 -1.64321e-07  1.18701e-08 -6.10291e-09 -1.64321e-07  4.99588e-09 3.23905e-09 -8.24841e-08  5.61495e-09 -3.21056e-09 -1.1685e-07  -8.67652e-08 -5.29284e-08 -1.42361e-06  -8.80824e-08 -6.22793e-08 -1.42379e-06  -1.18019e-07 -7.04713e-08 -1.32897e-06  -1.16196e-07 -8.52296e-08 -1.32861e-06  -3.65675e-09 -3.52327e-09 -8.13768e-08  4.87062e-10 -1.27656e-08 -2.25392e-07  -1.25389e-08 -1.06148e-08 -3.10139e-07  -8.08754e-09 -1.12077e-08 -3.10797e-07  -1.79409e-08 -7.6117e-09 -4.226e-07  -1.08554e-08 -2.2011e-09 -3.08516e-07  1.73476e-09 -4.84544e-11 -5.49414e-09  -7.28211e-06 8.09918e-07 3.41136e-07  -1.27465e-09 2.64539e-09 -4.18536e-08  1.15534e-09 2.54165e-09 -2.95039e-08  8.38376e-10 -2.64337e-09 -4.16613e-08  -6.49715e-06 -4.80025e-06 -1.69617e-06  -1.75082e-08 4.67685e-08 -1.20346e-06  2.2515e-09 1.63167e-09 -1.50188e-08  2.32323e-09 1.79259e-09 -2.09701e-08  2.53606e-09 2.07919e-09 -2.94877e-08  -1.13092e-08 1.16735e-07 -1.31225e-06  -8.84411e-09 8.5731e-08 -1.39553e-06  -9.7318e-11 9.41137e-10 -7.73069e-09  1.10849e-10 8.52217e-10 -1.07929e-08  -1.87673e-10 2.10883e-10 -1.65903e-09  1.33331e-11 2.1028e-10 -1.69731e-09  9.15668e-10 3.05598e-09 -2.94777e-08  6.64695e-10 2.56873e-09 -2.0962e-08  -7.83624e-09 -1.12478e-08 -2.24116e-07  6.74021e-11 -2.78591e-10 -1.48669e-09  -1.29392e-10 -1.73615e-10 -1.33248e-09  3.86779e-10 -4.03967e-10 -1.92474e-09  -6.68913e-10 -6.27482e-10 -5.21624e-09  -1.10678e-09 -7.23927e-10 -3.61283e-09  -4.71947e-10 2.05735e-10 -1.25992e-09  -3.63917e-10 1.40926e-10 -1.24285e-09  -2.18389e-07 6.86248e-07 -1.68385e-06  -2.00843e-07 8.16213e-07 -1.7527e-06  -7.72469e-08 8.65015e-07 -1.7424e-06  -1.67634e-06 5.12377e-08 -2.61641e-06  -1.58849e-06 -1.7209e-07 -2.60104e-06  -1.76e-06 2.74096e-07 -2.61907e-06  -3.15692e-06 2.27659e-06 -2.84469e-06  -1.77178e-08 -6.1573e-09 -1.54828e-06  -3.85719e-08 -4.89686e-08 -1.66232e-06  -1.3722e-08 -8.8735e-09 -1.54421e-06  -3.1878e-10 4.56619e-10 -8.10878e-10  -1.21512e-08 -5.53701e-09 -3.08626e-07  -5.99532e-10 -7.99265e-10 -4.99151e-10  -1.08837e-09 -9.03738e-10 -4.10772e-10  -1.14365e-09 -8.44136e-10 -3.01929e-10  -8.20878e-10 -5.69903e-10 -4.02626e-10  -1.41591e-10 6.04156e-10 -1.37595e-10  -4.30566e-10 -5.52012e-10 -5.16216e-10  -4.77909e-10 -7.78467e-10 -4.99961e-10  -3.55575e-09 6.19863e-10 -8.47242e-07  4.7856e-09 4.33804e-10 -1.03537e-06  -1.81798e-08 3.32771e-08 -6.9237e-07  -1.05437e-08 3.40729e-08 -6.92481e-07  4.06705e-09 1.43153e-08 -3.1556e-07  6.84669e-09 1.36609e-08 -3.16767e-07  -1.4257e-08 -1.03412e-08 -3.08998e-07  6.18388e-08 3.0318e-07 -1.78736e-06  6.22694e-09 1.97605e-08 -1.49676e-06  1.37142e-07 2.9746e-07 -1.77293e-06  -5.11769e-06 -1.3142e-06 9.19849e-07  -2.97098e-06 -4.04648e-07 8.03928e-07  3.91898e-08 -6.17207e-08 -1.3887e-06  5.53932e-08 -9.30518e-08 -1.30185e-06  -2.91699e-06 -7.28841e-07 8.12982e-07  -2.11721e-10 8.50046e-10 -5.6315e-09  -1.20698e-07 -1.29417e-06 5.8699e-07  -2.37287e-07 -9.01831e-07 3.18368e-07  -2.59287e-06 6.12348e-06 -2.61237e-06  -4.25581e-06 7.40721e-06 -1.66426e-06  1.55315e-11 2.40951e-09 -2.10708e-08  1.70174e-07 8.56079e-07 -1.83164e-06  1.11257e-07 5.7206e-07 -1.84322e-06  2.32791e-07 5.36454e-07 -1.83832e-06  -3.52489e-08 -4.86437e-08 -1.64305e-06  -7.78661e-09 1.02863e-08 -1.6328e-07  -1.16727e-08 -8.75656e-09 -1.52302e-06  -4.07747e-06 5.22065e-06 -2.54596e-06  3.01362e-09 1.61248e-08 -2.28485e-07  -4.34837e-10 -9.12445e-10 -2.53584e-09  -1.47069e-08 -1.25357e-08 -3.09274e-07  -1.73508e-08 -1.1887e-08 -4.22468e-07  3.69163e-10 4.86533e-09 -5.84357e-08  -5.38053e-07 -3.49448e-07 -2.11224e-06  -1.26569e-06 -1.02897e-06 -2.55563e-06  -2.11861e-09 -1.59413e-09 -1.31299e-09  -8.27078e-10 1.18231e-09 -2.14487e-08  -6.5016e-10 4.0111e-10 -1.52605e-08  5.5096e-08 9.98942e-08 -1.29934e-06  -1.39631e-10 -8.52381e-11 -5.60025e-09  9.13741e-08 4.84228e-07 -1.72844e-06  1.69794e-07 8.05293e-07 -1.65293e-06  -1.2583e-10 -1.07885e-10 -2.40008e-10  8.08469e-07 -1.8444e-06 -2.52299e-06  2.81937e-07 -1.79886e-06 -2.51998e-06  -4.99934e-06 -3.75435e-06 -2.52776e-06  -1.94369e-06 -7.23272e-06 4.08882e-07  -1.89721e-06 -4.67137e-06 9.40264e-07  -1.41783e-08 -3.8235e-06 -2.77633e-06  -1.73678e-07 -2.95948e-06 8.70841e-07  -3.70072e-08 -2.68458e-08 -1.54634e-06  -6.09643e-08 -5.165e-08 -1.67175e-06  -6.17028e-10 -8.2416e-10 -1.88817e-09  -3.20496e-08 2.08207e-08 -1.53572e-06  -1.69059e-07 -8.70593e-06 -1.68232e-06  -1.23288e-06 -8.54548e-06 -5.81928e-07  -7.12296e-07 -8.59049e-07 5.44079e-07  -2.94619e-08 -5.36306e-08 -1.20749e-06  -2.02901e-08 -1.02678e-08 -1.53194e-06  -7.70573e-06 2.93509e-06 -6.12952e-07  4.40195e-07 9.64734e-07 -1.75247e-06  -2.61321e-08 3.4988e-08 -6.9215e-07  1.43348e-08 -9.86744e-09 -2.2799e-07  -6.41722e-10 -5.15692e-10 -8.14145e-10  -6.63011e-07 2.31247e-07 -1.8429e-06  -1.05024e-08 8.62371e-10 -1.15057e-07  -1.33722e-08 5.69381e-09 -8.46285e-07  -5.29855e-10 -1.84711e-10 -2.39564e-09  -5.77925e-10 -4.80007e-10 -1.83698e-09  -1.64653e-09 -1.38414e-09 -2.60834e-09  2.18109e-11 -7.09374e-10 -7.64785e-09  2.87969e-10 -1.10719e-09 -7.60105e-09  4.25641e-10 -1.62701e-09 -1.09487e-08  -4.71195e-10 -6.29991e-10 -1.51433e-10  2.26891e-10 -1.19778e-09 -1.08236e-08  7.80925e-07 -5.24758e-07 -1.72532e-06  -3.82867e-10 -1.70444e-11 -8.79002e-11  -6.6617e-10 4.70151e-11 -1.20901e-10  -6.6617e-10 4.70151e-11 -1.20901e-10  7.15442e-07 -1.28772e-07 -1.71464e-06  1.00877e-07 1.31355e-07 -1.68523e-06  2.30368e-09 3.56056e-09 -4.14806e-08  3.08123e-09 4.44793e-09 -5.84257e-08  -7.71107e-07 -2.75551e-06 8.52971e-07  -4.90456e-07 -2.89703e-06 8.75489e-07  1.40041e-08 1.276e-08 -8.50856e-07  -2.36069e-07 6.41258e-07 -1.82523e-06  7.28082e-06 4.2879e-06 -6.28061e-07  6.17633e-06 3.81852e-06 3.53796e-07  1.49035e-10 9.47877e-10 -3.99736e-09  4.69645e-10 8.82248e-10 -5.57569e-09  1.65988e-06 -1.69802e-06 6.68914e-07  -3.48575e-10 -8.26303e-12 -6.6128e-11  -6.02387e-10 1.78096e-10 -7.71193e-10  -3.1878e-10 4.56619e-10 -8.10878e-10  -3.52085e-10 4.71252e-11 -7.53121e-10  -5.50116e-10 -1.17169e-10 -4.40299e-10  1.46408e-08 -8.97457e-09 -2.28062e-07  1.39545e-08 -6.60678e-09 -2.28422e-07  2.20838e-06 9.02702e-07 7.7292e-07  2.1476e-06 4.76638e-07 7.18827e-07  9.44806e-07 2.92793e-07 4.49425e-07  1.1157e-06 3.50659e-06 -2.77151e-06  6.71772e-06 -4.29809e-06 -4.37064e-07  2.30827e-09 9.56204e-10 -4.03296e-09  6.09867e-06 -5.22202e-06 -4.63304e-07  4.52698e-07 -8.52546e-08 -1.82212e-06  2.71513e-09 1.48286e-09 -7.78834e-09  2.41042e-09 1.10837e-09 -1.08754e-08  6.40729e-09 1.08915e-08 -1.64996e-07  1.1638e-08 -4.76999e-09 -1.64012e-07  -3.79618e-06 5.30298e-07 -2.88394e-06  -6.22235e-06 3.30201e-06 3.50792e-07  -1.05739e-06 -2.55577e-06 8.24973e-07  -1.61769e-06 -2.01781e-06 8.05061e-07  5.47818e-10 -6.29886e-10 -7.74866e-09  -8.51298e-07 -1.51463e-06 -2.55018e-06  5.18373e-06 5.37322e-06 3.03928e-07  5.3895e-07 2.06431e-07 -1.78351e-06  -2.95323e-06 -5.27429e-06 -2.50648e-06  -1.91458e-06 1.75551e-06 7.86636e-07  2.98131e-09 1.68706e-09 -1.08532e-08  2.57144e-09 1.48493e-09 -1.50397e-08  -4.98087e-10 -7.01724e-10 -5.7537e-10  4.46132e-11 -5.71474e-10 -8.79034e-10  2.00252e-06 1.49206e-06 8.31073e-07  2.17187e-06 2.31389e-06 8.1551e-07  -9.6137e-10 2.07731e-11 -7.75621e-10  2.60172e-10 -8.787e-10 -5.27853e-09  3.39726e-09 2.695e-09 -4.1486e-08  -1.10626e-07 -6.34386e-06 -2.52231e-06  1.45437e-08 1.32524e-08 -8.48809e-07  6.95217e-07 -6.095e-07 -1.84219e-06  7.67604e-07 6.58554e-08 -1.78572e-06  5.38832e-07 3.30901e-07 2.95323e-07  7.50198e-07 4.78874e-07 5.25503e-07  -1.9102e-07 7.04059e-08 -1.72467e-06  -2.75086e-09 -1.09773e-08 -3.11438e-07  4.5807e-10 -1.14267e-08 -3.11795e-07  -1.6946e-06 2.0433e-06 7.87122e-07  -1.43539e-06 2.24499e-06 7.75449e-07  8.16485e-10 1.45548e-09 -5.65061e-09  2.32925e-09 -1.28662e-08 -3.1218e-07  2.44798e-08 -1.83414e-08 -6.87617e-07  1.95114e-08 -1.69037e-08 -4.28189e-07  -1.89685e-06 -1.7502e-06 7.97957e-07  2.20536e-08 -1.81421e-10 -4.27919e-07  -1.4257e-08 -1.03412e-08 -3.08998e-07  7.29594e-09 9.45536e-08 -1.39122e-06  4.04319e-09 -5.84717e-11 -5.53053e-09  1.83387e-09 -3.75215e-10 -7.75874e-09  1.99392e-07 2.91744e-08 -1.66704e-06  1.85848e-07 8.91973e-10 -1.6553e-06  3.57042e-07 8.14784e-07 -1.83919e-06  1.24716e-07 -2.30594e-08 -1.57377e-06  -1.47702e-09 -4.01972e-10 -4.22768e-10  -1.44915e-09 -4.73602e-10 -2.99133e-10  3.59911e-07 5.63713e-08 -1.7318e-06  7.91333e-06 9.85228e-07 -1.65728e-06  5.5327e-06 2.13656e-06 -2.54437e-06  -9.80528e-10 -3.79939e-10 -5.19215e-10  -3.52843e-07 -6.14133e-07 -1.72275e-06  -1.25041e-07 -5.21216e-08 -1.32858e-06  -6.69872e-08 -2.61892e-08 -1.21312e-06  1.80922e-08 -5.82013e-09 -3.15793e-07  -3.97637e-06 -2.81571e-06 9.06121e-07  -6.05142e-07 -4.38963e-07 -1.87138e-06  -3.50546e-07 -6.21897e-07 -2.11812e-06  -7.18828e-09 7.78591e-09 -8.47347e-07  -1.7416e-09 2.97821e-09 -8.47459e-07  -3.01196e-07 6.86196e-06 -2.61518e-06  -1.07552e-09 5.66435e-09 -1.03756e-06  -5.60973e-07 5.59503e-07 -1.73117e-06  -6.96495e-09 5.0274e-09 -8.45966e-07  1.3117e-09 4.0376e-09 -1.03433e-06  4.39618e-10 -6.16989e-09 -1.03346e-06  2.85665e-09 5.27459e-09 -8.28931e-08  -2.95065e-09 1.25716e-08 -1.64027e-07  -2.88329e-11 -8.47052e-10 -1.13083e-10  -1.4187e-09 1.5823e-09 -2.9839e-08  -4.32255e-06 5.48546e-06 4.25633e-07  -1.46031e-08 1.00528e-09 -1.60776e-07  -1.97275e-06 4.39937e-06 9.47639e-07  -4.71195e-10 -6.29991e-10 -1.51433e-10  -2.17595e-07 -7.4995e-07 3.26422e-07  -7.56184e-10 1.25827e-10 -3.49226e-10  -2.78138e-07 -4.81324e-07 -1.80343e-06  -4.72016e-07 -5.72054e-07 -1.73492e-06  2.72398e-08 3.10644e-08 -6.96646e-07  3.48309e-08 2.71764e-08 -6.96602e-07  3.78383e-06 -7.71243e-07 -2.81697e-06  9.09415e-08 -7.22125e-09 -1.37407e-06  9.33408e-08 8.6787e-09 -1.29017e-06  6.02607e-07 -1.02857e-07 -2.1609e-06  -5.46075e-10 -1.40096e-11 -7.23281e-11  3.87347e-08 1.33017e-08 -6.93843e-07  -1.25389e-08 -1.06148e-08 -3.10139e-07  -1.1174e-09 5.49626e-09 -8.23957e-08  9.90276e-09 3.01219e-09 -1.64524e-07  4.61382e-07 -1.36179e-06 3.26452e-07  5.42807e-07 -8.23279e-07 3.09154e-07  4.96534e-07 -1.26377e-06 5.12502e-07  4.1646e-10 -4.43722e-09 -5.80621e-08  1.63384e-09 2.74371e-09 -2.95041e-08  -3.9712e-10 -2.04571e-10 -1.26531e-09  1.1808e-06 9.18832e-07 3.58649e-07  -5.61168e-07 6.42087e-07 -1.78189e-06  -4.43336e-07 5.4553e-07 -1.83359e-06  -4.59401e-07 1.58502e-07 -1.82301e-06  -7.98965e-07 -1.31038e-07 -1.86938e-06  4.65793e-07 -2.51272e-07 -1.74338e-06  5.12727e-07 -2.02073e-07 -1.75289e-06  -1.40141e-06 -3.74363e-07 3.41291e-07  -8.49218e-07 -3.39903e-07 -1.82155e-06  -9.07796e-07 -2.3885e-07 -1.81479e-06  6.55821e-07 -4.75728e-07 -1.76343e-06  1.45612e-06 5.03292e-07 -2.55103e-06  1.66085e-08 -1.06355e-07 -1.31307e-06  -2.34312e-10 -4.84839e-10 -3.68648e-09  -3.76702e-09 -1.53338e-09 -4.17349e-08  2.53109e-09 1.08585e-09 -1.50532e-08  1.49686e-06 -3.76239e-06 -2.74089e-06  -4.88126e-10 -3.23323e-10 -5.29776e-09  -1.98403e-10 -6.9525e-11 -1.22609e-10  1.20416e-07 -1.35e-07 -1.65836e-06  -7.60961e-09 5.33705e-09 -8.47263e-07  -7.42212e-10 -2.13271e-10 -2.93357e-10  3.31938e-09 -7.39339e-11 -4.15011e-08  5.00427e-09 7.83838e-10 -5.81728e-08  8.51402e-10 -7.03306e-09 -1.16016e-07  -5.56567e-08 -4.74021e-08 -1.67384e-06  -4.12406e-08 -4.55949e-08 -1.41982e-06  -4.42913e-07 5.94449e-07 -1.71497e-06  -1.14365e-09 -8.44136e-10 -3.01929e-10  -1.16219e-06 2.47174e-06 7.71381e-07  -2.47274e-06 4.04194e-06 9.3784e-07  -1.39085e-09 -1.12782e-09 -4.78549e-10  -5.90363e-10 -7.14392e-10 -1.4328e-09  9.84023e-08 -9.10371e-09 -1.28997e-06  -1.51288e-06 -2.39908e-07 5.43282e-07  -1.42481e-06 8.63431e-08 5.33135e-07  1.26931e-09 -1.20287e-09 -1.09208e-08  2.91739e-06 -8.11013e-06 -5.46397e-07  -9.31776e-07 -7.30076e-08 3.55836e-07  1.75873e-06 -1.32685e-06 6.37845e-07  4.23722e-06 2.10286e-06 9.2946e-07  -7.84939e-08 2.56094e-06 7.82207e-07  1.33009e-09 -9.39316e-11 -2.80856e-09  1.58356e-07 -1.3998e-07 -1.64863e-06  1.24716e-07 -2.30594e-08 -1.57377e-06  1.41082e-08 -6.42905e-09 -3.15326e-07  2.22689e-08 -1.62131e-08 -4.27756e-07  -1.44915e-09 -4.73602e-10 -2.99133e-10  -7.55794e-10 -3.46066e-10 -2.8651e-10  -1.76081e-10 -3.57683e-10 -1.66427e-10  -2.90293e-10 -3.99274e-10 -1.7086e-10  1.54848e-08 -1.07851e-08 -3.15326e-07  -1.25607e-10 -2.23003e-10 -2.88702e-09  1.16095e-07 5.12439e-08 -1.29237e-06  -2.98884e-06 -1.04251e-07 8.2037e-07  1.21973e-07 -4.34582e-08 -1.57516e-06  6.21339e-07 -6.99092e-07 -1.73083e-06  -2.24176e-06 -1.52008e-06 7.9943e-07  -8.93175e-07 -6.28066e-06 -2.53696e-06  5.12173e-06 2.83241e-06 -2.51329e-06  7.63168e-08 -5.68923e-08 -1.59273e-06  5.3784e-08 4.04754e-08 -1.59473e-06  -3.91768e-08 1.22926e-08 -1.53752e-06  -7.90174e-08 2.4971e-08 -1.41563e-06  3.35908e-07 -1.29907e-07 -1.69024e-06  2.12853e-07 -2.85209e-08 -1.64546e-06  -6.68633e-10 4.34877e-10 -1.03705e-10  -3.76288e-10 3.96884e-10 -1.27943e-10  1.46401e-08 7.65304e-09 -2.29406e-07  2.01691e-08 1.04902e-08 -4.29929e-07  3.62607e-08 1.72404e-08 -5.59547e-07  1.68405e-08 1.12137e-08 -4.29839e-07  1.28319e-09 -5.12998e-08 -1.20213e-06  8.02306e-09 -8.44803e-09 -1.03147e-06  6.24455e-09 1.87757e-08 -4.29354e-07  -1.38906e-10 -3.25927e-10 -8.29284e-10  2.492e-09 1.65978e-10 -2.12034e-08  2.66699e-09 1.26355e-09 -2.10093e-08  -3.88097e-08 4.41101e-08 -1.20484e-06  -4.77508e-08 4.00849e-08 -1.20433e-06  -9.93754e-08 5.73534e-08 -1.31883e-06  -9.00162e-08 7.44056e-08 -1.31913e-06  -6.93365e-08 4.1964e-08 -1.41544e-06  6.83394e-07 -4.667e-07 -1.85189e-06  -6.99913e-10 -7.16791e-10 -5.29568e-10  -3.61393e-10 4.3633e-10 -8.36704e-10  7.1606e-10 8.97089e-09 -8.44624e-07  -3.25429e-10 2.22266e-11 -4.76955e-10  3.94055e-10 1.08126e-09 -4.11994e-09  1.20651e-11 7.77428e-10 -2.97066e-09  -1.13795e-09 -1.26831e-09 -1.79004e-09  7.60106e-07 -3.271e-08 -1.78497e-06  -5.30709e-08 3.09498e-08 -1.20485e-06  -9.21393e-08 -4.06545e-08 -1.42281e-06  -1.28766e-08 2.61419e-09 -3.09233e-07  -1.00396e-07 1.19867e-08 -1.41693e-06  -2.94551e-08 4.5884e-08 -1.20452e-06  -3.39621e-08 5.01251e-08 -1.63541e-06  8.50568e-11 -4.33952e-10 -1.95799e-09  2.47137e-07 6.47642e-07 -2.06246e-06  -7.65755e-07 2.38069e-07 -2.15902e-06  -5.4385e-07 6.7902e-07 3.17941e-07  -7.60415e-07 4.62501e-06 9.66479e-07  -1.34995e-07 4.78047e-06 9.50736e-07  4.78432e-07 1.5385e-06 -2.52566e-06  -2.0301e-09 -3.90253e-09 -4.16612e-08  -1.52017e-09 1.58604e-09 -3.0046e-08  -8.68135e-10 -7.17091e-10 -7.44272e-09  1.91867e-07 -7.49916e-07 -2.08814e-06  1.84216e-06 -8.34143e-06 -5.68105e-07  -6.28181e-08 -4.81267e-08 -1.42091e-06  -3.77449e-08 -2.65584e-08 -1.54747e-06  -9.89291e-09 -1.83309e-08 -4.23664e-07  -8.99095e-10 -3.3013e-09 -2.14927e-08  3.63217e-08 7.41956e-07 -1.65745e-06  -5.74967e-07 1.16246e-06 5.29022e-07  4.30098e-07 -6.52344e-07 3.01972e-07  1.04365e-06 -9.09822e-07 2.96336e-07  3.28587e-11 -1.67897e-10 -1.05479e-09  -2.1968e-10 5.75207e-10 -1.38125e-10  3.04858e-07 -6.281e-07 -1.77673e-06  1.49815e-08 7.77574e-09 -3.16629e-07  9.31818e-07 9.53512e-07 6.305e-07  7.98308e-11 1.87233e-09 -1.08279e-08  1.09789e-06 -6.29915e-08 2.64784e-07  -2.29191e-10 -9.08239e-11 -1.52491e-10  -6.47394e-10 1.54008e-10 -1.33592e-10  -3.32092e-10 -2.83308e-10 -5.82499e-10  -4.49788e-10 -4.58661e-10 -9.6261e-10  8.08469e-07 -1.8444e-06 -2.52299e-06  -2.91699e-06 -7.28841e-07 8.12982e-07  -9.19596e-10 3.80854e-10 -7.96416e-10  5.07627e-10 1.16157e-09 -7.79273e-09  -3.44307e-11 -1.99096e-10 -1.47443e-10  -7.20816e-10 -1.61253e-10 -4.04265e-10  -7.00517e-10 -4.62536e-10 -2.50609e-10  -4.58007e-09 2.16633e-09 -1.03022e-06  7.19174e-10 6.12293e-10 -2.1766e-09  6.21924e-09 -4.92874e-09 -1.16655e-07  -4.43028e-07 6.89521e-07 -1.77109e-06  -3.16071e-07 7.45104e-07 -1.76181e-06  -2.6922e-10 1.44859e-10 -1.70901e-09  2.14988e-09 3.13908e-09 -8.47609e-07  3.94523e-09 -9.78111e-09 -1.0335e-06  -3.28411e-10 -6.92856e-10 -2.51571e-09  -7.37896e-06 -1.02202e-06 3.35064e-07  -5.89036e-10 2.00882e-11 -1.12897e-09  -3.96946e-08 -1.45266e-08 -6.86484e-07  4.06805e-09 -1.08105e-08 -1.63064e-07  -8.24889e-10 -8.77375e-10 -7.53701e-09  -1.60129e-06 3.57718e-06 -2.88518e-06  -4.73853e-09 5.80455e-09 -1.15933e-07  -1.0908e-08 -1.05359e-08 -2.23983e-07  -4.36891e-06 7.65894e-06 -4.96816e-07  -7.59481e-07 3.99336e-07 -1.77226e-06  -6.01067e-08 -3.69279e-08 -1.66689e-06  -5.26369e-09 -2.97095e-08 -5.5432e-07  1.93408e-09 -3.10311e-08 -6.92667e-07  8.10349e-07 -8.06842e-06 -1.68226e-06  1.35395e-10 -5.06548e-10 -2.50009e-09  -5.69809e-10 -1.71204e-09 -1.51097e-08  -4.3467e-09 4.55369e-09 -8.16473e-08  -8.13345e-09 -7.86215e-09 -1.61276e-07  2.10999e-06 2.01446e-07 7.06421e-07  6.88805e-07 -3.47255e-07 2.5835e-07  1.19489e-08 8.40988e-09 -3.16695e-07  2.62561e-09 1.31642e-08 -3.14785e-07  -5.57647e-07 -1.41975e-06 3.18106e-07  -2.83068e-10 -2.93298e-10 -2.62125e-09  -1.33412e-06 -2.26784e-06 8.0096e-07  -3.08515e-07 -1.40689e-07 -1.81482e-06  1.04365e-06 -9.09822e-07 2.96336e-07  6.50945e-06 2.94869e-06 3.93914e-07  -1.67304e-06 8.85353e-07 -2.6044e-06  -5.88517e-10 4.49894e-11 -8.09794e-10  1.8942e-07 7.92368e-08 -1.68242e-06  7.28619e-06 2.94883e-06 -1.70245e-06  3.5784e-07 -6.20229e-07 3.23349e-07  1.90366e-06 4.54438e-06 8.96414e-07  4.99542e-07 -1.84814e-07 -1.83184e-06  8.85398e-10 -1.60907e-09 -1.03454e-06  -1.35291e-10 1.09639e-09 -7.80031e-09  6.22486e-07 1.50381e-06 3.49954e-07  -3.80462e-07 2.88297e-07 -1.81932e-06  -7.25164e-07 1.4312e-07 -1.84656e-06  -1.05739e-06 -2.55577e-06 8.24973e-07  -5.46075e-10 -1.40096e-11 -7.23281e-11  4.82151e-07 6.96126e-07 3.90298e-07  6.91493e-07 7.04992e-06 5.07128e-07  -1.67827e-08 -3.65753e-08 -6.91224e-07  -2.11367e-06 -7.80994e-06 -1.6995e-06  1.70305e-07 -5.78945e-07 -1.76309e-06  -1.69403e-09 -4.25456e-09 -3.00072e-08  -3.68686e-08 -1.43446e-08 -5.51855e-07  1.03394e-06 3.81699e-08 4.09975e-07  -3.13394e-06 -1.79205e-06 -2.83287e-06  -1.17579e-06 -5.36403e-07 5.31753e-07  -6.5168e-10 3.40654e-11 -2.75102e-09  -8.38908e-07 -1.25101e-07 -1.74497e-06  -7.34503e-07 -2.88725e-07 -1.87014e-06  -1.41e-06 -3.32585e-07 5.62004e-07  -3.27232e-07 -6.617e-08 -1.80677e-06  2.58132e-06 4.42497e-06 9.0269e-07  -7.85814e-07 2.44946e-06 7.83461e-07  3.3428e-08 5.97575e-07 -2.07282e-06  -7.8513e-07 -4.43117e-07 -1.82587e-06  -6.57265e-08 -3.94258e-08 -1.21351e-06  -1.19574e-09 -5.21894e-10 -7.40625e-09  7.68289e-07 4.80212e-07 3.53176e-07  
            </DataArray>
         </PointData> 
      </Piece>
   </UnstructuredGrid> 
</VTKFile>
