<?xml version="1.0"?>
<VTKFile type="UnstructuredGrid" version="0.1" byte_order="LittleEndian">
   <UnstructuredGrid>
      <Piece NumberOfPoints="1860" NumberOfCells="0" > 
         <Points> 
            <DataArray type="Float64" Name="Position" NumberOfComponents="3" format="ascii"> 
               0.00393152  0.0030892  0.0459533  
               0.00396239  0.0030495  0.0449854  
               0.00344778  0.00362116  0.0454235  
               3.52163e-05  -0.00499988  0.0375369  
               0.000927385  -0.00491324  0.0379942  
               8.53008e-05  -0.00499927  0.0385509  
               0.0047027  0.0016984  0.0330002  
               0.00492519  0.000861677  0.0335  
               0.00492519  0.000861677  0.0325  
               0.00010328  0.00499893  0.0311787  
               0.000103281  0.00499893  0.0301787  
               -0.000634882  0.00495953  0.0309712  
               0.0033417  -0.00371928  0.0422555  
               0.00329222  -0.00376315  0.0432429  
               0.00270032  -0.00420812  0.042578  
               0.0043402  -0.00248247  0.0354995  
               0.00470301  -0.00169754  0.0349999  
               0.00470306  -0.0016974  0.0359997  
               0.00315967  0.00387511  0.0426558  
               0.00310295  0.00392067  0.0437896  
               0.0038143  0.00323282  0.0430745  
               -0.00437187  -0.00242627  0.0430721  
               -0.00410378  -0.0028564  0.0439379  
               -0.00459475  -0.00197186  0.0439381  
               -0.00499968  5.67561e-05  0.0200332  
               -0.00499958  6.48598e-05  0.0190389  
               -0.0049272  -0.000850125  0.0195317  
               -0.00264482  -0.00424322  0.049134  
               -0.00220197  -0.00448902  0.05  
               -0.00306053  -0.00395388  0.05  
               -0.00314878  -0.00388396  0.0245002  
               -0.00243042  -0.00436956  0.024  
               -0.00243043  -0.00436956  0.025  
               -0.000634962  0.00495952  0.0319713  
               0.000103254  0.00499893  0.0321787  
               0.00250521  -0.00432712  0.00521212  
               0.00323558  -0.00381196  0.00557712  
               0.00261278  -0.00426303  0.00617279  
               0.00383537  0.00320779  0.0310124  
               0.00433723  0.00248766  0.0315023  
               0.00433723  0.00248766  0.0305023  
               -0.005  -8.02058e-13  0.000866  
               -0.00489765  0.00100649  0.000866  
               -0.00497435  0.000505842  0  
               0.00248188  0.00434054  0.0301146  
               0.00320902  0.00383434  0.0305436  
               0.00320902  0.00383434  0.0295436  
               -0.00477061  -0.00149708  0.043072  
               -0.00262253  0.00425703  0.035274  
               -0.00262168  0.00425756  0.0343521  
               -0.00323464  0.00381276  0.0349979  
               -0.00404013  0.00294574  0.0119475  
               -0.00424673  0.00263918  0.0111794  
               -0.00445961  0.00226095  0.0119997  
               0.00434009  -0.00248266  0.0205  
               0.00470301  -0.00169757  0.021  
               0.00434009  -0.00248266  0.0215  
               0.00216845  -0.00450531  0.00259882  
               0.00123403  -0.00484533  0.0025985  
               0.00171717  -0.00469588  0.00172994  
               -0.00406276  0.00291444  0.0368639  
               -0.00381329  0.00323401  0.0357652  
               -0.00438883  0.00239545  0.0361157  
               -0.00306053  -0.00395388  0  
               -0.00264489  -0.00424317  0.00086599  
               -0.00344484  -0.00362396  0.000865997  
               -0.00410377  0.00285641  0.049134  
               -0.00437173  0.00242651  0.05  
               -0.00379379  0.00325686  0.05  
               0.004344  -0.00247582  0.0453914  
               0.00381897  -0.0032273  0.044879  
               0.00433613  -0.00248957  0.0444157  
               -0.00497435  -0.000505836  0.046536  
               -0.005  -5.92073e-08  0.04567  
               -0.00489764  -0.00100652  0.04567  
               0.0049252  -0.000861606  0.0364999  
               0.005  -1.22465e-18  0.037  
               0.00492524  -0.000861386  0.0374997  
               -0.00490788  0.000955381  0.0255264  
               -0.00499972  5.30687e-05  0.026032  
               -0.004908  0.00095474  0.0265263  
               -0.00314849  -0.0038842  0.0235002  
               -0.00314879  -0.00388396  0.0225001  
               -0.00243042  -0.00436956  0.023  
               0.00433722  0.00248768  0.0135022  
               0.0047027  0.0016984  0.0140002  
               0.0047027  0.0016984  0.0130001  
               -0.00459479  -0.00197179  0.04567  
               -0.00410382  -0.00285634  0.04567  
               -0.00437173  -0.00242651  0.046536  
               -0.00490774  0.000956084  0.0326078  
               -0.00488832  0.00105089  0.0336226  
               -0.0046422  0.00185742  0.0329761  
               0.00435224  -0.00246131  0.042433  
               0.00389506  -0.00313505  0.0418704  
               0.00435617  -0.00245435  0.0414449  
               0.0047252  0.00163479  0.00087573  
               0.00492213  0.000878992  0.00139901  
               0.00489765  0.00100649  0  
               -0.00201853  0.00457444  0.0116109  
               -0.00135488  0.00481293  0.0117748  
               -0.00142071  0.00479391  0.0107724  
               0.00323939  -0.00380872  0.0215  
               0.0038473  -0.00319347  0.022  
               0.00323939  -0.00380872  0.0225  
               0.000103281  0.00499893  0.0261787  
               0.000885924  0.00492089  0.0254316  
               0.000103281  0.00499893  0.0251787  
               0.00310694  -0.00391751  0.0454434  
               0.00321727  -0.00382742  0.0442731  
               0.0038473  -0.00319347  0.021  
               -0.00314733  0.00388514  0.0121977  
               -0.00264235  0.00424476  0.0114415  
               -0.00322223  0.00382325  0.011256  
               -0.00379379  -0.00325686  0  
               -0.00410382  -0.00285634  0.000865999  
               -0.00132852  0.00482027  0.0197913  
               -0.000634869  0.00495953  0.0189712  
               -0.00132854  0.00482027  0.0187912  
               0.00169225  0.00470492  0.0327417  
               0.00169225  0.00470492  0.0317417  
               0.000885921  0.00492089  0.0324316  
               0.00169225  0.00470492  0.0267417  
               0.000885924  0.00492089  0.0274316  
               0.00169225  0.00470492  0.0277417  
               0.00323939  -0.00380872  0.0295  
               0.00323939  -0.00380872  0.0305  
               0.00253455  -0.00430999  0.03  
               -0.00410384  -0.00285631  0.002598  
               -0.00437175  -0.00242648  0.00346401  
               -0.00459479  -0.00197178  0.002598  
               -0.0026449  0.00424317  0.000865995  
               -0.00173684  0.00468864  0.000865991  
               -0.00220197  0.00448902  0  
               0.00470301  -0.00169757  0.023  
               0.00434009  -0.00248266  0.0235  
               0.00434009  -0.00248266  0.0225  
               0.00172968  -0.00469129  0.0482605  
               0.00124513  -0.00484248  0.0473869  
               0.00218194  -0.00449879  0.0473747  
               0.0038473  -0.00319347  0.02  
               0.00433723  0.00248766  0.0225023  
               0.00383537  0.00320779  0.0220124  
               0.00383537  0.00320779  0.0230124  
               0.00320862  0.00383468  0.012542  
               0.00248064  0.00434125  0.0121104  
               0.00248151  0.00434075  0.0131128  
               -0.00198716  0.00458816  0.0336066  
               -0.00132879  0.0048202  0.0337915  
               -0.00132893  0.00482016  0.032792  
               -0.0030543  -0.00395869  0.00699747  
               -0.00264416  -0.00424363  0.00609484  
               -0.00219136  -0.00449421  0.00700902  
               0.00433714  0.00248781  0.0115017  
               0.0047027  0.0016984  0.0120001  
               0.00470271  0.00169838  0.0109999  
               -0.000754093  -0.00494281  0.00997518  
               -0.00173856  -0.00468801  0.0101337  
               -0.00103772  -0.00489113  0.00895741  
               -0.00248625  -0.00433804  0.0340199  
               -0.00169164  -0.00470514  0.0345302  
               -0.00252138  -0.00431771  0.0350499  
               -0.0047707  0.00149682  0  
               -0.00226561  -0.00445724  0.0395066  
               -0.00268821  -0.00421587  0.0404151  
               -0.00307285  -0.00394432  0.0395372  
               0.00253455  -0.00430999  0.026  
               0.00253455  -0.00430999  0.025  
               0.00323939  -0.00380872  0.0255  
               -0.00437173  0.00242651  0  
               -0.00410382  0.00285634  0.000866  
               -0.00379379  0.00325686  0  
               0.00436599  -0.00243682  0.0463467  
               0.00470819  -0.00168314  0.0459332  
               0.005  -1.22465e-18  0.03  
               0.00492519  -0.000861677  0.0305  
               0.00492519  -0.000861677  0.0295  
               0.00170801  -0.00469922  0.00346397  
               0.00261414  -0.00426219  0.00348303  
               -0.00465663  0.00182094  0.023  
               -0.00490679  0.000960932  0.0235277  
               -0.00465712  0.00181968  0.024  
               -0.00433472  -0.00249203  0.0333876  
               -0.00437937  -0.0024127  0.0343855  
               -0.00472278  -0.00164175  0.033757  
               -4.35569e-05  0.00499981  0.00913116  
               -0.000763773  0.00494132  0.00994309  
               3.86972e-05  0.00499985  0.010146  
               0.0017832  -0.00467121  0.0384502  
               0.000979422  -0.00490313  0.0389993  
               -0.000687625  0.00495249  0.0109468  
               7.92285e-05  0.00499937  0.0111585  
               0.00385716  -0.00318156  0.00409423  
               0.00312189  -0.00390561  0.00445379  
               0.00337609  -0.00368809  0.00341255  
               0.00470396  -0.00169493  0.0379966  
               0.0047033  -0.00169674  0.0369986  
               0.005  -1.22465e-18  0.004  
               0.0049247  -0.000864463  0.00450451  
               0.00492199  -0.000879799  0.00348813  
               -0.000659212  0.00495635  0.0378848  
               -0.000698561  0.00495096  0.0388357  
               9.3638e-05  0.00499912  0.0381481  
               0.00124614  0.00484222  0.000870072  
               0.00170805  0.00469921  0.00174419  
               0.002194  0.00449293  0.000881538  
               0.000858677  0.00492572  0.010404  
               -0.00243544  -0.00436677  0.0309967  
               -0.00164521  -0.00472158  0.031499  
               -0.00244226  -0.00436295  0.031997  
               0.00433723  0.00248766  0.0195023  
               0.00383537  0.00320779  0.0190124  
               0.00383537  0.00320779  0.0200124  
               -0.00172556  0.00469281  0.0456327  
               -0.00219597  0.00449196  0.0465227  
               -0.00124091  0.00484357  0.0465042  
               0.00088559  0.00492095  0.0354318  
               0.00010191  0.00499896  0.0351797  
               0.000102846  0.00499894  0.0361782  
               -0.00496903  -0.000555686  0.0377755  
               -0.00473652  -0.00160168  0.0377047  
               -0.00488734  -0.00105541  0.0386549  
               0.00169225  0.00470492  0.0207417  
               0.00248188  0.00434054  0.0211146  
               0.00248188  0.00434054  0.0201146  
               0.005  -1.22465e-18  0.028  
               0.00492519  0.000861677  0.0285  
               0.005  -1.22465e-18  0.029  
               0.00323939  -0.00380872  0.0235  
               0.00253455  -0.00430999  0.024  
               0.00253455  -0.00430999  0.023  
               -0.00498509  -0.00038582  0.0360068  
               -0.00499  0.00031607  0.0352692  
               -0.00496421  -0.000597191  0.0350237  
               -0.00497424  -0.00050689  0.0430719  
               -0.00489758  -0.00100684  0.043938  
               -0.00456552  -0.00203864  0.038646  
               -0.00428607  -0.0025748  0.0377422  
               -0.0040522  -0.00292911  0.0386618  
               -0.000634872  0.00495953  0.0229712  
               0.000103282  0.00499893  0.0231787  
               0.000103282  0.00499893  0.0221787  
               0.0047053  -0.00169121  0.0389912  
               0.0049255  -0.000859893  0.0394981  
               0.00470633  -0.00168834  0.0399876  
               0.00383362  0.00320988  0.0100075  
               0.00433703  0.002488  0.0105011  
               0.00433691  0.00248821  0.00950016  
               0.0049252  -0.000861647  0.0105  
               0.00470315  -0.00169716  0.0100004  
               0.00492521  -0.000861578  0.00950008  
               0.00433722  0.00248767  0.0145022  
               0.00470236  0.00169935  0.0400009  
               0.00433379  0.00249365  0.0405076  
               0.00470151  0.00170171  0.0410021  
               0.00174734  -0.00468474  0.0124952  
               0.00174389  -0.00468603  0.011495  
               0.00253166  -0.0043117  0.0119995  
               0.00473815  0.00159686  0.0492008  
               0.00459479  0.00197178  0.05  
               0.00489765  0.00100649  0.05  
               0.005  -1.22465e-18  0.036  
               0.00492519  0.000861677  0.0355  
               0.00492519  0.000861677  0.0365  
               -0.00174272  -0.00468646  0.0060834  
               0.00468645  -0.00174276  0.00299386  
               0.00470333  -0.00169668  0.00402868  
               0.00435733  -0.00245228  0.00360629  
               0.00492519  0.000861677  0.0245  
               0.005  -1.22465e-18  0.024  
               0.00492519  0.000861677  0.0235  
               0.005  -1.22465e-18  0.033  
               0.005  -1.22465e-18  0.034  
               0.0047027  0.0016984  0.0200002  
               0.0047027  0.0016984  0.0210002  
               0.00492519  0.000861677  0.0205  
               0.0038473  -0.00319347  0.031  
               0.00323939  -0.00380872  0.0315  
               -0.000635871  0.0049594  0.0339724  
               -0.00133019  0.00481981  0.0347869  
               0.00261041  0.00426448  0.00177697  
               0.00341974  0.00364766  0.00185245  
               0.0030527  0.00395993  0.000909389  
               0.00253455  -0.00430999  0.031  
               -0.00376844  0.00328616  0.0318045  
               -0.00377126  0.00328292  0.0308144  
               -0.00425989  0.00261788  0.0314293  
               0.00433723  0.00248766  0.0235023  
               0.00433723  0.00248766  0.0345023  
               0.00433723  0.00248766  0.0355023  
               0.0047027  0.0016984  0.0350002  
               0.00142459  0.00479276  0.00637511  
               0.00155019  0.00475362  0.00758845  
               0.00240381  0.00438426  0.00698279  
               0.00318861  0.00385133  0.00749993  
               0.00242928  0.00437019  0.00803832  
               0.00134022  0.00481703  0.0435222  
               0.000781921  0.00493848  0.0424899  
               0.000289014  0.00499164  0.0436214  
               -0.00492776  -0.000846861  0.0175249  
               -0.00492771  -0.000847128  0.018531  
               -0.00499965  5.88181e-05  0.0180282  
               -0.00437133  -0.00242723  0.00519912  
               -0.00477052  -0.00149737  0.00519738  
               -0.00459474  -0.00197188  0.00433038  
               -0.00459479  0.00197178  0.002598  
               -0.0047707  0.00149682  0.001732  
               -0.00489765  0.00100649  0.002598  
               -0.00362007  0.00344893  0.0377216  
               -0.00341263  0.00365431  0.0366245  
               -0.00132867  0.00482023  0.0317916  
               -0.00198701  0.00458822  0.031612  
               -0.00198708  0.00458819  0.0326116  
               -0.00491792  -0.000902249  0.0314501  
               -0.0046874  -0.00174019  0.0309466  
               -0.00466857  -0.00179009  0.031877  
               0.00383537  0.00320779  0.0300124  
               0.00383537  0.00320779  0.0290124  
               -0.00378247  0.00327  0.0258189  
               -0.00378161  0.00327099  0.0248189  
               -0.00427276  0.00259683  0.0254351  
               -0.00173517  0.00468926  0.0491327  
               -0.00220197  0.00448902  0.05  
               -0.00125326  0.00484039  0.05  
               0.00492519  -0.000861677  0.0235  
               0.00492519  -0.000861677  0.0245  
               0.00470301  -0.00169757  0.024  
               -0.00198698  0.00458823  0.0196115  
               -0.00198695  0.00458825  0.0206117  
               -0.00459479  0.00197178  0.000866  
               0.00253451  -0.00431002  0.0329997  
               0.0032394  -0.00380871  0.0325  
               0.00323941  -0.0038087  0.0334996  
               -0.00075418  0.00494279  0.0491307  
               -0.000246181  0.00499394  0.0482548  
               -0.00124912  0.00484146  0.0482616  
               0.000920698  -0.0049145  0.023  
               0.00175386  -0.0046823  0.0225  
               0.00175386  -0.0046823  0.0235  
               0.00320901  0.00383435  0.0155435  
               0.00383537  0.00320779  0.0160123  
               0.00383536  0.0032078  0.0150123  
               0.000624886  -0.0049608  0.0447793  
               0.000963028  -0.00490638  0.0439022  
               0.00155871  -0.00475083  0.0447047  
               4.41721e-05  -0.0049998  0.0104737  
               2.47263e-05  -0.00499994  0.0114644  
               -0.00086053  -0.00492539  0.0109144  
               0.000103281  0.00499893  0.0271787  
               -0.000634872  0.00495953  0.0269712  
               -0.000634872  0.00495953  0.0279712  
               -0.0049744  0.000505336  0.0448041  
               -0.00477104  0.0014957  0.0448042  
               -0.0048981  0.0010043  0.0439383  
               0.00169225  0.00470492  0.0197417  
               0.000885925  0.00492089  0.0204316  
               -0.00164102  -0.00472304  0.0274999  
               -0.0024307  -0.0043694  0.0279998  
               -0.00243053  -0.0043695  0.027  
               -0.00489765  0.00100647  0.00432998  
               -0.00497435  0.000505842  0.003464  
               -0.005  -3.45539e-08  0.00433003  
               4.62894e-05  -0.00499979  0.0134847  
               -0.000829259  -0.00493075  0.0129706  
               3.38718e-05  -0.00499989  0.012474  
               0.00492484  -0.000863705  0.00550448  
               0.0047017  -0.00170119  0.0060143  
               0.00470182  -0.00170084  0.00502214  
               -0.00499755  0.000156487  0.0129884  
               -0.00487734  0.00110071  0.0130012  
               -0.0049664  0.000578682  0.0121255  
               -0.00198694  0.00458825  0.0266118  
               -0.00198694  0.00458825  0.0276118  
               -0.00132851  0.00482028  0.0267914  
               -0.00340658  0.00365995  0.0103956  
               -0.00377105  0.00328317  0.0111587  
               0.00323939  -0.00380872  0.0205  
               0.0038473  -0.00319347  0.018  
               0.00434009  -0.00248266  0.0185  
               0.0038473  -0.00319347  0.019  
               -0.000802519  -0.00493518  0.0279999  
               5.99834e-05  -0.00499964  0.0275  
               5.99898e-05  -0.00499964  0.0285  
               0.000816439  0.00493289  0.00938085  
               -0.00132851  0.00482027  0.0207913  
               -0.000634871  0.00495953  0.0199712  
               0.00492519  0.000861677  0.0305  
               0.005  -1.22465e-18  0.031  
               -0.00450569  -0.00216766  0.0366332  
               0.00175309  -0.00468259  0.0334995  
               0.00175367  -0.00468238  0.0324998  
               -0.00312221  0.00390535  0.0413305  
               -0.00269213  0.00421337  0.0404876  
               -0.00345906  0.00361039  0.040437  
               0.00175068  -0.00468349  0.0364885  
               0.00253503  -0.00430971  0.0359909  
               0.00253826  -0.00430781  0.0369792  
               -0.00480671  -0.0013768  0.0357829  
               -0.00220242  -0.0044888  0.0465363  
               -0.00125616  -0.00483963  0.046537  
               -0.00173667  -0.00468871  0.0474021  
               0.00134694  -0.00481516  0.0410968  
               0.000336888  -0.00498864  0.0406423  
               0.00109888  -0.00487775  0.0400167  
               0.00383029  0.00321386  0.0400203  
               0.00319972  0.00384211  0.0405659  
               0.0038234  0.00322205  0.0410334  
               0.005  -1.22465e-18  0.048  
               0.00491817  -0.000900867  0.0474994  
               0.005  -1.22465e-18  0.047  
               -0.0035408  -0.00353026  0.00967178  
               -0.00417256  -0.00275495  0.00958311  
               -0.00382618  -0.00321875  0.00875122  
               -0.00165157  -0.00471935  0.0387105  
               -0.00264889  -0.00424068  0.0384383  
               -0.00176732  -0.00467724  0.0376872  
               0.00289425  0.00407717  0.0457443  
               0.00219334  0.00449325  0.0455668  
               0.002586  0.00427932  0.0464925  
               -0.00344483  -0.00362396  0.049134  
               -0.000634872  0.00495953  0.0259712  
               -0.000634872  0.00495953  0.0249712  
               -0.00132851  0.00482028  0.0257914  
               -0.00499955  6.74002e-05  0.0230416  
               -0.00490661  0.000961874  0.0225275  
               0.00492519  0.000861677  0.0215  
               -0.00378151  0.00327111  0.0188185  
               -0.00378155  0.00327106  0.0198184  
               -0.0032213  0.00382404  0.0191407  
               -0.00427147  0.00259894  0.018436  
               -0.00465729  0.00181925  0.0190006  
               -0.00427164  0.00259868  0.0194354  
               -0.00324284  0.00380579  0.00868208  
               -0.00298807  0.00400892  0.00957799  
               -0.00251133  0.00432357  0.00873156  
               -0.00437286  0.00242447  0.0448039  
               -0.00410957  0.00284805  0.0439379  
               -0.00459677  0.00196715  0.0439385  
               -0.00489767  0.00100637  0.04567  
               -0.00497434  0.000505867  0.046536  
               -0.00477067  0.00149691  0.046536  
               -0.000732463  0.00494606  0.0455897  
               0.0002952  0.00499128  0.0455335  
               -0.000212623  0.00499548  0.044633  
               -0.00261811  0.00425975  0.0284021  
               -0.00261764  0.00426004  0.0294017  
               -0.00198694  0.00458825  0.0286118  
               -0.00321995  0.00382517  0.034071  
               0.00381369  0.00323354  0.0420558  
               0.00318991  0.00385026  0.0415942  
               -0.005  3.24688e-09  0.049134  
               -0.00497435  0.000505857  0.048268  
               -0.00497435  -0.000505837  0.048268  
               0.00245593  0.00435527  0.00907446  
               0.00319333  0.00384742  0.00851488  
               -0.00272791  0.00419029  0.0421902  
               -0.00348713  0.00358329  0.0421999  
               -0.00310056  0.00392257  0.0430617  
               -0.005  1.58647e-08  0.047402  
               0.005  -1.22465e-18  0.032  
               0.00492519  -0.000861677  0.0325  
               -0.0049996  6.32936e-05  0.0280316  
               -0.00499969  5.59519e-05  0.0270337  
               -0.00492739  -0.000849026  0.0275293  
               -0.00468844  -0.0017374  0.020018  
               -0.00492697  -0.000851478  0.0205318  
               -0.00465907  0.00181468  0.0259988  
               -0.000634864  0.00495953  0.0179711  
               -0.000634855  0.00495953  0.0169709  
               -0.00132861  0.00482025  0.0177909  
               -0.00125326  0.00484039  0  
               0.00248188  0.00434054  0.0281146  
               0.00248188  0.00434054  0.0291146  
               0.00320902  0.00383434  0.0285436  
               0.00323926  -0.00380883  0.0135  
               0.00253303  -0.00431089  0.0129991  
               0.00323907  -0.00380899  0.0125002  
               -0.00407948  0.00289099  0.0386775  
               -0.00348017  0.00359005  0.0387279  
               0.0038473  -0.00319347  0.014  
               0.00434009  -0.00248266  0.0135  
               0.00434009  -0.00248266  0.0145  
               -0.00499883  0.000107989  0.0333044  
               0.00383537  0.00320779  0.0280124  
               0.00383537  0.00320779  0.0270124  
               0.00320902  0.00383434  0.0275436  
               -0.00134163  0.00481664  0.0357695  
               -0.00136578  0.00480985  0.0367175  
               -0.000639647  0.00495892  0.0359664  
               0.00216576  -0.0045066  0.00432912  
               0.0032395  -0.00380863  0.0344988  
               0.00384732  -0.00319345  0.0339998  
               0.00434009  -0.00248266  0.0275  
               0.0038473  -0.00319347  0.027  
               0.00434009  -0.00248266  0.0265  
               0.00323939  -0.00380872  0.0245  
               0.000571382  0.00496724  0.0072821  
               -0.00492717  -0.000850274  0.0245309  
               -0.0049273  -0.000849523  0.0235318  
               -0.0046886  -0.00173697  0.0240171  
               0.000231174  0.00499465  0.0026092  
               0.00120565  0.00485247  0.00260769  
               0.000739144  0.00494506  0.00173671  
               -0.00488779  -0.00105334  0.0368103  
               0.00433723  0.00248766  0.0295023  
               -0.00314869  -0.00388404  0.0215002  
               -0.00243042  -0.00436956  0.022  
               0.000885927  0.00492089  0.0184315  
               0.000103284  0.00499893  0.0191787  
               0.000885926  0.00492089  0.0194316  
               0.00409734  -0.00286563  0.0482337  
               0.00341972  -0.00364768  0.0482704  
               0.0037214  -0.00333934  0.0474414  
               0.005  -1.22465e-18  0.042  
               0.005  -1.22465e-18  0.043  
               0.00492552  -0.000859788  0.0424911  
               -0.00132886  0.00482018  0.0167906  
               -0.000634851  0.00495953  0.0159705  
               -0.00132935  0.00482004  0.0157901  
               -0.00198694  0.00458825  0.0296118  
               -0.00132851  0.00482028  0.0287914  
               0.00169225  0.00470492  0.0337417  
               0.000885884  0.0049209  0.0334316  
               0.00492519  -0.000861677  0.0165  
               0.00492519  -0.000861677  0.0155  
               0.005  -1.22465e-18  0.016  
               -0.00437172  -0.00242653  0.044804  
               -0.00477067  -0.00149689  0.044804  
               0.00248188  0.00434054  0.0241146  
               0.00320902  0.00383434  0.0235436  
               0.00248188  0.00434054  0.0231146  
               0.000920673  -0.00491451  0.0309999  
               0.000920708  -0.0049145  0.03  
               0.00175387  -0.0046823  0.0305  
               -0.000758638  0.00494211  0.0398177  
               -0.00150582  0.00476786  0.0394054  
               -0.00485379  0.00120031  0.034648  
               -0.00464845  0.00184172  0.035436  
               -0.00455573  0.00206043  0.0346815  
               0.00492519  -0.000861677  0.0315  
               0.00384731  -0.00319347  0.0130002  
               0.00434004  -0.00248276  0.00456202  
               -0.000898182  0.00491867  0.00894951  
               -0.00063696  0.00495926  0.0349732  
               -0.00322119  0.00382413  0.02814  
               -0.00321953  0.00382552  0.0291389  
               0.005  -1.22465e-18  0.046  
               0.00492611  -0.000856414  0.0454746  
               0.005  -1.22465e-18  0.045  
               -0.00220232  -0.00448885  0.00173197  
               -0.00173678  -0.00468867  0.000865965  
               -0.00125481  -0.00483998  0.00173195  
               -0.00489764  0.00100654  0.047402  
               -0.0047707  -0.00149681  0.046536  
               -0.00489765  -0.00100649  0.047402  
               0.00219804  -0.00449095  0.0491322  
               0.00173653  -0.00468876  0.05  
               0.00125239  -0.00484061  0.0491328  
               0.00385519  -0.00318394  0.0379766  
               0.00434595  -0.0024724  0.0384817  
               0.00386697  -0.00316963  0.0389498  
               0.00120684  0.00485217  0.00438051  
               0.00164013  0.00472334  0.00346957  
               0.000715693  0.00494851  0.00349185  
               0.00320902  0.00383435  0.0165436  
               0.00383537  0.00320779  0.0170123  
               -0.00410381  0.00285636  0.00259804  
               -0.00379379  0.00325686  0.00173201  
               -0.00437173  0.00242651  0.001732  
               -0.00462183  0.00190753  0.00951233  
               -0.00440515  0.0023653  0.00865182  
               -0.00477721  0.00147591  0.00865338  
               0.00492513  0.000862006  0.0054828  
               0.005  -1.22465e-18  0.005  
               0.00492542  0.000860395  0.0044728  
               0.00212304  0.00452688  0.00261191  
               0.00248294  0.00433993  0.00344204  
               0.00462692  -0.00189516  0.00185288  
               0.00491465  -0.00091989  0.00244386  
               0.00435173  -0.0024622  0.000888363  
               0.00407759  -0.00289366  0.00173516  
               -0.00344255  -0.00362613  0.00608909  
               -0.00410233  -0.00285848  0.00607657  
               -0.00379321  -0.00325754  0.00520313  
               0.00168891  0.00470612  0.0117333  
               0.00169132  0.00470526  0.012738  
               0.00175387  -0.0046823  0.0295  
               0.00253455  -0.00430999  0.029  
               -0.000634906  0.00495953  0.0149694  
               0.000103272  0.00499893  0.0151776  
               -0.00437171  0.00242654  0.00346404  
               -0.00410393  0.00285618  0.00433  
               -0.0037937  0.00325697  0.00346427  
               -0.0030614  -0.00395321  0.00520491  
               -0.00220761  -0.00448625  0.00520284  
               -0.00459479  -0.00197178  0.000866  
               -0.0047707  -0.00149682  0  
               -0.00437173  -0.00242651  0  
               -0.00459418  -0.00197321  0.00606854  
               -0.0048975  -0.00100724  0.00606426  
               0.0017615  -0.00467943  0.00755861  
               0.00182827  -0.00465375  0.00663421  
               0.00257318  -0.00428704  0.0071065  
               0.00386782  0.00316859  0.00390759  
               0.00388619  0.00314603  0.00498121  
               0.00435106  0.00246338  0.00439481  
               0.00383934  0.00320304  0.00699824  
               0.00383182  0.00321203  0.00799987  
               -0.0047707  0.00149682  0.003464  
               -0.00322125  0.00382407  0.0201409  
               -0.0037815  0.00327112  0.020818  
               -0.00322119  0.00382413  0.0211408  
               -0.00261984  0.00425869  0.0174  
               -0.0026229  0.00425681  0.016399  
               -0.00322388  0.00382186  0.0171383  
               0.00470532  0.00169116  0.00597982  
               0.00492529  0.000861101  0.00649154  
               0.0038473  -0.00319347  0.017  
               0.0038473  -0.00319347  0.016  
               0.00434009  -0.00248266  0.0165  
               0.00325832  -0.00379253  0.0075639  
               0.00324767  -0.00380166  0.00853691  
               0.00254666  -0.00430285  0.00805738  
               0.00492524  0.000861399  0.00849849  
               0.00470287  0.00169793  0.0089988  
               0.00492521  0.000861574  0.00949938  
               0.000747077  -0.00494387  0.00173183  
               -0.00429948  -0.00255235  0.0185072  
               -0.00430038  -0.00255083  0.0175075  
               -0.00377868  -0.00327439  0.0180012  
               -0.00477101  -0.00149582  0.00693556  
               0.00385535  -0.00318376  0.00803191  
               0.00434271  -0.00247807  0.00851069  
               0.00385141  -0.00318852  0.00901663  
               0.00433723  0.00248766  0.0205023  
               0.00433723  0.00248766  0.0215023  
               0.0047027  0.0016984  0.0150002  
               0.00492519  0.000861677  0.0145  
               0.005  -1.22465e-18  0.006  
               0.00323939  -0.00380872  0.0265  
               0.00323939  -0.00380872  0.0275  
               0.00434048  -0.00248199  0.0105012  
               0.00434136  -0.00248045  0.00950426  
               -0.00198887  0.00458742  0.0166099  
               0.00323939  -0.00380872  0.0185  
               0.005  -1.22465e-18  0.017  
               0.00492519  0.000861677  0.0165  
               0.00248178  0.0043406  0.0141138  
               0.00248185  0.00434055  0.0151143  
               0.00320898  0.00383438  0.0145433  
               0.000885837  0.0049209  0.0144303  
               0.000103002  0.00499894  0.0141762  
               0.00248188  0.00434054  0.0161145  
               0.00248188  0.00434054  0.0171145  
               0.00175286  -0.00468268  0.0144989  
               0.00253409  -0.00431027  0.0139996  
               0.00253447  -0.00431004  0.0149999  
               0.00175755  -0.00468092  0.0374743  
               0.00434009  -0.00248266  0.0175  
               0.00470301  -0.00169757  0.018  
               0.00434082  -0.00248138  0.036497  
               0.000885925  0.00492089  0.0214316  
               0.000885924  0.00492089  0.0224316  
               0.000920693  -0.0049145  0.018  
               0.00175386  -0.0046823  0.0185  
               0.000920697  -0.0049145  0.019  
               0.00383537  0.00320779  0.0240124  
               0.00320902  0.00383434  0.0245436  
               0.00383537  0.00320779  0.0250124  
               0.0038473  -0.00319347  0.023  
               0.000103302  0.00499893  0.0161783  
               -0.00164139  -0.0047229  0.0174993  
               -0.0024311  -0.00436918  0.0169988  
               -0.00164204  -0.00472268  0.0164983  
               -0.00410356  0.00285671  0.0474017  
               -0.00459473  0.00197192  0.0474019  
               -0.00437167  0.00242663  0.048268  
               -0.00437157  0.00242681  0.0465357  
               -0.00477068  0.00149686  0.048268  
               -0.00459478  0.00197181  0.049134  
               -0.00489765  0.0010065  0.049134  
               -0.00429734  -0.00255596  0.0255063  
               -0.00468903  -0.00173581  0.0250179  
               -0.00429887  -0.00255337  0.0245073  
               0.00470301  -0.00169757  0.026  
               0.00492519  -0.000861677  0.0255  
               0.00492519  -0.000861677  0.0265  
               0.005  -1.22465e-18  0.039  
               0.005  -1.22465e-18  0.038  
               0.00492519  0.000861677  0.0385  
               0.00320785  0.00383532  0.0385455  
               0.00320515  0.00383758  0.0395514  
               0.00383396  0.00320948  0.0390144  
               -0.00243043  -0.00436955  0.026  
               -0.00164103  -0.00472303  0.0255  
               0.000920698  -0.0049145  0.025  
               0.00175386  -0.0046823  0.0255  
               0.000920698  -0.0049145  0.026  
               -0.000253246  0.00499358  0  
               0.000249928  0.00499375  0.000866606  
               0.000757139  0.00494234  0  
               0.00492519  0.000861677  0.0265  
               0.00492519  0.000861677  0.0275  
               0.005  -1.22465e-18  0.027  
               -0.00469452  -0.00172088  0.0299883  
               -0.00492822  -0.000844183  0.0304979  
               -0.00493015  -0.000832818  0.0295178  
               -0.00427358  0.00259548  0.026434  
               -0.00465876  0.00181548  0.026998  
               0.00379185  -0.00325912  0.0491202  
               0.00437752  -0.00241605  0.0490923  
               -0.0049745  0.000504334  0.0413311  
               -0.00489719  0.00100872  0.0404526  
               -0.005  -9.35813e-07  0.040452  
               -0.00488133  0.00108287  0.0355482  
               -0.00496807  0.000564135  0.0361993  
               -0.00476837  0.00150421  0.0362554  
               0.00410382  -0.00285634  0.05  
               -0.00490693  0.000960226  0.0185263  
               -0.00490713  0.000959181  0.0195273  
               0.00492519  -0.000861676  0.0345  
               0.00492519  -0.000861674  0.0355  
               0.000103281  0.00499893  0.0281787  
               -0.00344414  0.00362462  0.045666  
               -0.00306404  0.00395116  0.0447937  
               -0.00379632  0.00325392  0.044802  
               -0.00410385  0.0028563  0.0456692  
               0.00434009  -0.00248266  0.0335  
               0.00434012  -0.00248262  0.0344998  
               -0.000234532  0.0049945  0.0464758  
               0.00320902  0.00383434  0.0325436  
               0.00383537  0.00320779  0.0330124  
               0.00383537  0.00320779  0.0320124  
               0.005  -1.22465e-18  0.04  
               -0.00395361  -0.00306088  0.036015  
               -0.00396344  -0.00304813  0.0369667  
               -0.00494871  -0.000714333  0.0340464  
               -0.00499453  0.000233817  0.0343119  
               0.000755765  -0.00494255  0.0482648  
               0.00309388  0.00392784  0.0472843  
               0.00336222  0.00370074  0.0463668  
               -0.00424984  0.00263417  0.0351921  
               0.00323998  -0.00380822  0.0354966  
               0.00324181  -0.00380666  0.036488  
               0.00433723  0.00248766  0.0335023  
               0.0047027  0.0016984  0.0340002  
               0.00430418  -0.00254442  0.047329  
               0.00469369  -0.00172317  0.0469612  
               0.00464303  -0.00185535  0.048104  
               -0.00333751  -0.00372304  0.036611  
               0.00320902  0.00383434  0.0315436  
               0.00248188  0.00434054  0.0321146  
               0.00276058  -0.00416884  0.0416577  
               0.00217164  -0.00450378  0.0411403  
               0.00274315  -0.00418032  0.0407414  
               -0.00322856  0.0038179  0.0161366  
               -0.00378421  0.00326799  0.0168166  
               0.00320902  0.00383434  0.0265436  
               0.00248188  0.00434054  0.0271146  
               -0.00262719  0.00425416  0.0153995  
               -0.00199093  0.00458652  0.0156099  
               0.00383537  0.00320779  0.0340124  
               0.00470591  -0.00168949  0.0419778  
               0.00470683  -0.00168694  0.0409805  
               0.00384809  -0.00319252  0.0359967  
               0.00248188  0.00434054  0.0351146  
               0.00248188  0.00434054  0.0341146  
               0.00169225  0.00470492  0.0347417  
               -0.0049995  7.08172e-05  0.0300381  
               -0.00490495  0.000970305  0.0305472  
               -0.00490364  0.000976896  0.0295328  
               0.00434207  -0.0024792  0.0374934  
               0.0025302  -0.00431255  0.0110024  
               0.00253134  -0.00431188  0.0100107  
               0.00323927  -0.00380882  0.0105071  
               0.00320882  0.00383451  0.0375439  
               0.00320902  0.00383434  0.0365436  
               0.00248146  0.00434078  0.0371149  
               -0.0030883  -0.00393223  0.0413097  
               -0.00346188  -0.00360769  0.0404393  
               0.00387705  -0.0031573  0.042863  
               -0.00465018  0.00183734  0.0300056  
               -0.0042648  0.00260989  0.0294335  
               -0.00465256  0.0018313  0.0290004  
               0.00470301  -0.00169757  0.034  
               0.00384749  -0.00319325  0.0349989  
               0.00492519  -0.000861677  0.0335  
               0.00470301  -0.00169757  0.033  
               0.00492581  -0.00085813  0.0444793  
               0.0049255  -0.000859916  0.0434871  
               0.005  -1.22465e-18  0.044  
               0.00244428  -0.00436182  0.0445612  
               0.00182265  -0.00465596  0.0437721  
               -0.000377051  -0.00498576  0.0413501  
               -0.00133392  -0.00481878  0.0412694  
               -0.000736104  -0.00494552  0.0402955  
               0.00248288  0.00433997  0.0401271  
               -0.00140859  0.00479749  0.0385078  
               -0.00477266  0.00149053  0.0413286  
               -0.000331374  -0.00498901  0.0448063  
               5.6489e-05  -0.00499968  0.0439487  
               0.00470132  0.00170224  0.042001  
               0.00433051  0.00249933  0.042515  
               0.00470552  0.00169058  0.0429939  
               -0.00499968  5.62595e-05  0.0159815  
               -0.00499961  6.27616e-05  0.0170215  
               -0.00490659  0.000961987  0.0165217  
               0.00471834  0.00165447  0.0449882  
               0.00438372  0.00240479  0.045454  
               0.00470409  0.00169455  0.0460151  
               -0.00261557  0.00426132  0.032398  
               0.00471417  0.00166632  0.0439858  
               0.00435086  0.00246375  0.0434985  
               0.0043802  0.0024112  0.0444772  
               -0.00429001  0.00256823  0.014421  
               -0.00379677  0.00325339  0.0148104  
               -0.00378779  0.00326384  0.0138146  
               -0.00489869  0.00100142  0.042203  
               0.00434371  -0.00247632  0.0434291  
               -0.00261817  0.00425972  0.0214022  
               -0.00198695  0.00458825  0.0216118  
               0.00460029  0.00195892  0.0471699  
               0.00491047  0.000941952  0.0476007  
               0.00491503  0.000917875  0.0465579  
               -0.0026182  0.0042597  0.0204022  
               -0.00497429  -0.000506427  0.041332  
               -0.005  -1.89636e-06  0.0422039  
               -0.00305823  0.00395566  0.0465315  
               -0.00264119  0.00424548  0.0456561  
               -0.00490697  0.000960001  0.0275266  
               0.00126055  0.00483849  0.0473537  
               0.000264123  0.00499302  0.0473645  
               0.000767833  0.00494069  0.048246  
               -0.00490432  0.000973457  0.0155317  
               -0.00490705  0.000959594  0.0175235  
               -0.00465682  0.00182045  0.0170022  
               0.000856938  0.00492602  0.0445375  
               -0.00126174  0.00483818  0.00524448  
               -0.000809634  0.00493401  0.00616586  
               -0.000251267  0.00499368  0.00529281  
               -0.00178771  0.00466949  0.0061081  
               -0.00344466  0.00362413  0.0491339  
               -0.00306053  0.00395388  0.05  
               -0.00469761  0.00171244  0.013902  
               -0.00460181  0.00195534  0.0128886  
               5.99802e-05  -0.00499964  0.0245  
               -0.000802532  -0.00493517  0.025  
               -0.000802532  -0.00493517  0.024  
               0.00383537  0.00320779  0.0210124  
               0.00169225  0.00470492  0.0307417  
               0.000885924  0.00492089  0.0314316  
               0.000103288  0.00499893  0.0181786  
               -0.00429904  -0.00255309  0.0314378  
               -0.0037924  -0.00325848  0.0319615  
               -0.00430507  -0.0025429  0.0324085  
               -0.003221  0.00382429  0.0221408  
               -0.00261811  0.00425975  0.0224022  
               0.00320573  0.0038371  0.0105356  
               0.00320782  0.00383535  0.0115399  
               0.00383465  0.00320866  0.0110099  
               0.00383528  0.0032079  0.0130119  
               0.00320889  0.00383445  0.0135429  
               0.000911498  -0.00491622  0.0350015  
               3.22824e-05  -0.0049999  0.035515  
               4.31557e-05  -0.00499981  0.0345083  
               -0.00242973  -0.00436994  0.0140037  
               -0.00164658  -0.0047211  0.0144932  
               -0.00243145  -0.00436899  0.015  
               -0.0042614  0.00261543  0.0304353  
               -0.00465169  0.00183352  0.0310119  
               -0.00492139  -0.000883103  0.0112738  
               -0.00498667  -0.000364802  0.0121209  
               -0.00499951  7.01382e-05  0.0112586  
               -0.0049744  -0.00050536  0.0069296  
               -0.005  3.39116e-06  0.00779369  
               -0.00497448  0.000504513  0.0069276  
               0.00470301  -0.00169757  0.013  
               0.00470301  -0.00169757  0.014  
               -0.00264747  -0.00424157  0.00433048  
               -0.00344529  -0.00362353  0.00433115  
               0.00433937  0.00248392  0.00749669  
               -0.00438016  0.00241126  0.00692435  
               -0.0046037  0.00195088  0.00778903  
               -0.00413692  0.00280818  0.00778928  
               0.000885924  0.00492089  0.0234316  
               0.00169225  0.00470492  0.0237417  
               0.00169225  0.00470492  0.0227417  
               -0.000802569  -0.00493517  0.0299996  
               -0.00164197  -0.0047227  0.0304987  
               -0.00164108  -0.00472301  0.0294993  
               0.000102931  0.00499894  0.0371689  
               0.000885621  0.00492094  0.0364319  
               -0.00443389  -0.00231099  0.0354359  
               5.5105e-05  -0.0049997  0.0144935  
               -0.000813815  -0.00493333  0.0139866  
               -0.00379309  0.00325768  0.0465348  
               -0.00344396  0.00362479  0.0474009  
               -0.00200368  0.00458097  0.0355492  
               -0.00497414  0.000507854  0.0395722  
               -0.0048952  0.00101836  0.0387028  
               -0.00499996  -1.87568e-05  0.0386863  
               0.000103295  0.00499893  0.0171785  
               -0.0026162  0.00426092  0.0314009  
               -0.00198696  0.00458825  0.0306118  
               -0.00261697  0.00426045  0.0304014  
               -0.0020213  0.00457322  0.038139  
               -0.00221992  0.00448018  0.038927  
               0.00177826  0.00467309  0.00524764  
               0.00247731  0.00434315  0.00595376  
               0.00263757  0.00424773  0.00499725  
               -0.00378292  0.00326949  0.0268179  
               -0.00378194  0.00327062  0.0278163  
               -0.00322183  0.00382359  0.0271411  
               -0.00166718  -0.00471386  0.03351  
               -0.000824524  -0.00493155  0.0340107  
               -0.00132851  0.00482028  0.0237914  
               -0.000634872  0.00495953  0.0239712  
               -0.000634872  0.00495953  0.0289712  
               -0.00132851  0.00482028  0.0297914  
               -0.000634872  0.00495953  0.0299712  
               -0.000843976  -0.00492826  0.0350276  
               0.00248118  0.00434094  0.0381158  
               0.00169575  0.00470366  0.0387399  
               0.00248239  0.00434025  0.0391185  
               -0.00085059  -0.00492712  0.0119437  
               -0.00171383  -0.0046971  0.0113855  
               -0.00232159  0.00442834  0.0413224  
               -0.00188095  0.00463271  0.0421633  
               -0.00151158  0.00476604  0.0413517  
               -0.00378534  -0.00326668  0.0299895  
               -0.00378529  -0.00326674  0.0309769  
               -0.00430429  -0.00254422  0.0304725  
               -0.0016572  -0.00471738  0.0134832  
               -0.00379352  -0.00325718  0.0395809  
               -0.00344179  -0.00362685  0.0387725  
               0.00235243  0.00441204  0.0432363  
               0.00200399  0.00458083  0.0444214  
               0.00135467  -0.00481299  0.0421176  
               0.00206739  -0.00455257  0.0419217  
               0.00198798  -0.0045878  0.0428308  
               -0.0038039  -0.00324505  0.0413261  
               0.0039203  0.00310342  0.0470848  
               -0.00215932  -0.0045097  0.00895569  
               0.00492519  -0.000861677  0.0275  
               0.00320902  0.00383434  0.0185436  
               0.00383537  0.00320779  0.0180124  
               0.00320902  0.00383434  0.0175436  
               -0.00344484  0.00362396  0.000865999  
               -0.000802532  -0.00493517  0.022  
               -0.00164103  -0.00472303  0.0215  
               -0.000802532  -0.00493517  0.021  
               0.000757139  -0.00494234  0  
               0.00173653  -0.00468876  0  
               0.00124571  -0.00484234  0.000864495  
               -0.00381334  -0.00323396  0.0329535  
               -0.00384982  -0.00319043  0.0339587  
               -0.00492775  -0.000846928  0.021533  
               -0.00492792  -0.000845927  0.0225334  
               -0.00499955  6.6887e-05  0.0220402  
               0.00175386  -0.0046823  0.0285  
               -0.00389773  -0.00313172  0.0349821  
               -0.00328543  -0.00376908  0.0355525  
               0.00351878  0.00355221  0.048133  
               0.00268367  0.00421876  0.0482004  
               0.00184733  -0.00464622  0.0394133  
               -0.00278805  0.00415052  0.0104916  
               0.0038606  0.00317739  0.00599744  
               0.00327452  0.00377856  0.00551407  
               0.00321123  0.0038325  0.00649596  
               -0.000832168  -0.00493026  0.038107  
               -0.00377777  -0.00327543  0.0260021  
               -0.00377787  -0.00327532  0.0270023  
               -0.00429847  -0.00255405  0.0265078  
               0.00472354  -0.00163957  0.000841295  
               -0.00314864  -0.00388408  0.0265002  
               -0.00314864  -0.00388408  0.0255002  
               0.00492519  0.000861677  0.0135  
               0.00253444  -0.00431006  0.033999  
               0.00470301  -0.00169757  0.025  
               0.00434009  -0.00248266  0.0245  
               -0.00377692  -0.00327641  0.0250013  
               0.00383511  0.00320811  0.0120112  
               0.0043372  0.00248771  0.012502  
               -0.00094917  0.00490908  0.0420026  
               -0.000323513  0.00498952  0.0427775  
               -2.23125e-05  0.00499995  0.0417701  
               0.00123206  -0.00484583  0.0430421  
               0.00324611  0.00380299  0.0035779  
               0.00297225  0.00402066  0.00267711  
               0.005  -1.22465e-18  0.01  
               0.00433723  0.00248766  0.0165023  
               0.00433723  0.00248766  0.0155023  
               0.00492558  0.000859461  0.0424974  
               -0.00377497  0.00327866  0.0298153  
               -0.00321721  0.00382747  0.0301385  
               0.00340144  -0.00366473  0.00170325  
               0.00370547  -0.003357  0.00252008  
               0.00435046  0.00246445  0.0463697  
               -0.00379379  -0.00325686  0.046536  
               0.00470305  -0.00169746  0.0110002  
               0.00492519  -0.000861674  0.0115  
               -0.0025661  -0.00429129  0.0361055  
               -0.00263541  -0.00424907  0.0372195  
               0.000250272  -0.00499373  0.000865583  
               -0.000253246  -0.00499358  0  
               0.00383534  0.00320782  0.0140122  
               0.00326092  -0.00379031  0.0384447  
               0.00324754  -0.00380178  0.0374727  
               0.00385038  -0.00318976  0.0369886  
               -0.00465632  0.00182173  0.0279981  
               -0.00426943  0.00260229  0.028432  
               -0.00427274  0.00259687  0.0274326  
               -0.00377538  -0.00327819  0.0160014  
               -0.00377918  -0.00327381  0.0170019  
               -0.00429804  -0.00255477  0.0165066  
               -0.0016411  -0.00472301  0.0184998  
               -0.00243049  -0.00436952  0.0189998  
               -0.0024307  -0.00436941  0.0179994  
               -0.000282088  -0.00499204  0.00517783  
               -0.000773915  -0.00493974  0.00432096  
               0.000221784  -0.00499508  0.00431084  
               -0.00469053  -0.00173175  0.0180182  
               0.00470346  -0.00169631  0.00900181  
               -0.00458075  0.00200418  0.0370061  
               -0.00314944  -0.00388343  0.0275005  
               -0.00377921  -0.00327377  0.0280025  
               0.000102565  0.00499895  0.0341793  
               0.00492519  0.000861677  0.0195  
               0.0047027  0.0016984  0.0190002  
               0.00492519  0.000861677  0.0295  
               0.00433723  0.00248766  0.0175023  
               0.0047027  0.0016984  0.0170002  
               0.000259047  0.00499328  0.0491272  
               -0.00377444  0.00327927  0.0346899  
               -0.00345771  0.00361168  0.0439333  
               -0.00266612  0.00422987  0.043916  
               0.00492519  -0.000861677  0.0125  
               0.00492519  -0.000861677  0.0135  
               0.00384731  -0.00319346  0.0329999  
               -0.00220265  0.00448869  0.0447693  
               -0.00124225  0.00484322  0.0447187  
               -0.00176044  0.00467983  0.0438654  
               -0.00133415  0.00481872  0.0429458  
               -0.000923202  -0.00491403  0.0421902  
               0.00382487  -0.00322031  0.00504835  
               -0.00224064  -0.00446985  0.0430596  
               -0.00135784  -0.0048121  0.0430626  
               -0.00177643  -0.00467379  0.0439375  
               0.000909932  -0.00491651  0.0129897  
               0.00175059  -0.00468353  0.0134968  
               0.000915742  -0.00491543  0.0139941  
               -0.00168792  -0.00470648  0.00795534  
               0.005  -1.22465e-18  0.026  
               0.00175386  -0.0046823  0.0245  
               0.00326851  -0.00378376  0.00658991  
               0.00385787  -0.0031807  0.00704731  
               -0.00181592  -0.00465859  0.0421696  
               0.00175386  -0.0046823  0.0215  
               0.000920698  -0.0049145  0.021  
               0.00175386  -0.0046823  0.0205  
               0.00260463  -0.00426801  0.0435503  
               -0.000766208  0.00494094  0.0437685  
               -0.0047707  0.00149682  0.05  
               0.00214823  -0.00451499  0.0455494  
               0.0026182  -0.0042597  0.0464569  
               0.00171303  -0.0046974  0.0464875  
               -0.00459993  0.00195976  0.042202  
               -0.00412122  0.00283117  0.0422006  
               -0.00438087  0.00240997  0.0413271  
               -0.00245843  -0.00435387  0.0330029  
               -0.00317397  -0.00386341  0.0324865  
               0.000920698  -0.0049145  0.027  
               0.00175386  -0.0046823  0.0275  
               0.000920699  -0.0049145  0.028  
               0.0047027  0.0016984  0.0310002  
               0.0047027  0.0016984  0.0320002  
               -0.00314154  -0.00388983  0.0145095  
               -0.00375519  -0.00330129  0.0140023  
               -0.00312227  -0.00390531  0.0135354  
               -0.000802531  -0.00493517  0.026  
               5.99803e-05  -0.00499964  0.0255  
               -0.000864696  -0.00492466  0.0360489  
               -0.00345566  -0.00361364  0.0421963  
               -0.0041064  -0.00285263  0.0422036  
               -0.00221049  -0.00448483  0.0448056  
               -0.00174248  -0.00468655  0.0456721  
               -0.00264561  -0.00424273  0.0456704  
               -0.00468494  -0.00174681  0.0160105  
               -0.00428759  -0.00257227  0.0155019  
               -0.00497643  -0.000484964  0.00866147  
               -0.00489933  -0.00099826  0.00779892  
               0.00470301  -0.00169757  0.022  
               5.99746e-05  -0.00499964  0.0185  
               5.99394e-05  -0.00499964  0.0174999  
               0.00382879  0.00321564  0.0490656  
               0.00309322  0.00392836  0.0490831  
               0.00344483  0.00362396  0.05  
               0.005  -1.22465e-18  0.02  
               0.005  -1.22465e-18  0.019  
               -0.000803326  -0.00493504  0.0309993  
               -0.00427171  0.00259856  0.0174363  
               -0.00378208  0.00327045  0.017818  
               -0.00165201  -0.0047192  0.0325009  
               -0.00132851  0.00482028  0.0277914  
               -0.00132851  0.00482028  0.0227914  
               -0.00198694  0.00458825  0.0236118  
               -0.00164103  -0.00472303  0.0225  
               -0.00154254  0.00475611  0.00978632  
               -0.00229167  0.0044439  0.00966633  
               -0.00212093  0.00452788  0.010624  
               -0.00476325  -0.00152035  0.0395562  
               -0.00497296  -0.000519307  0.0395642  
               -0.00489755  -0.00100698  0.0422045  
               -0.00476115  0.0015269  0.037852  
               -0.00489533  0.00101773  0.0370308  
               -0.00497524  0.000496937  0.0378379  
               -0.00422098  0.00268018  0.0342534  
               -0.00466208  -0.00180694  0.0113046  
               -0.00482243  -0.00132068  0.0121497  
               -0.00198759  0.00458797  0.0176106  
               -0.00261859  0.00425946  0.0184012  
               -0.00198712  0.00458818  0.0186112  
               -0.0042567  -0.00262307  0.0132907  
               -0.00368271  -0.00338196  0.0131019  
               -0.000651151  0.00495742  0.0119547  
               -0.000748043  0.00494373  0.0473799  
               -0.000777428  -0.00493919  0.0456723  
               -0.0012861  -0.00483176  0.0448085  
               -0.00459484  0.00197167  0.00432994  
               -0.00477088  0.00149624  0.00519576  
               -0.00261682  0.00426055  0.0333862  
               0.00169225  0.00470492  0.0297417  
               -0.00497433  -0.000506044  0.044804  
               -0.00490679  0.000960946  0.0215276  
               -0.00499966  5.83069e-05  0.0210351  
               -0.005  -9.25041e-07  0.0439381  
               -0.00132851  0.00482028  0.0247914  
               -0.00477263  0.00149065  0.0430718  
               -0.00436456  0.00243939  0.0395701  
               -0.00378968  0.00326164  0.0395747  
               -0.00458084  0.00200396  0.0386961  
               -0.00432761  0.00250436  0.0378086  
               0.00069565  -0.00495137  0.00514887  
               0.00247118  0.00434664  0.0100947  
               0.00247804  0.00434273  0.0111053  
               -0.00125559  0.00483978  0.00173339  
               -0.00173784  0.00468827  0.00260197  
               -0.000763229  0.0049414  0.00260567  
               0.005  -1.22465e-18  0.009  
               0.00120228  -0.0048533  0.00429541  
               0.00161905  -0.00473061  0.00509889  
               -0.0046522  0.00183222  0.0320068  
               -0.00425652  0.00262337  0.0324032  
               0.005  -1.22465e-18  0.007  
               0.005  -1.22465e-18  0.008  
               0.00492517  -0.0008618  0.0075009  
               -0.00489942  0.000997849  0.00951863  
               -0.00478439  0.00145247  0.0103753  
               -0.005  -3.98445e-06  0.0369511  
               0.0049252  0.000861647  0.0104997  
               0.005  -1.22465e-18  0.011  
               -0.00259462  0.0042741  0.0124287  
               -0.00198339  0.00458979  0.0126148  
               0.000920302  -0.00491457  0.0159992  
               5.83031e-05  -0.00499966  0.0154971  
               0.000919404  -0.00491474  0.0149981  
               0.00092066  -0.00491451  0.0169999  
               5.96771e-05  -0.00499964  0.0164993  
               0.00253453  -0.00431001  0.016  
               0.00323939  -0.00380872  0.0155  
               0.00323939  -0.00380872  0.0165  
               -0.00397629  0.00303135  0.0103541  
               -0.00363689  0.00343119  0.0095288  
               -0.0041863  0.00273402  0.00951066  
               0.00470301  -0.00169757  0.02  
               0.00434009  -0.00248266  0.0195  
               0.000885924  0.00492089  0.0264316  
               0.00433723  0.00248766  0.0255023  
               0.0047027  0.0016984  0.0260002  
               0.0047027  0.0016984  0.0250002  
               0.000920698  -0.0049145  0.02  
               5.99795e-05  -0.00499964  0.0195  
               0.0047027  0.0016984  0.0230002  
               0.00492519  0.000861677  0.0225  
               -0.00344517  0.00362364  0.00433124  
               0.00470301  -0.00169757  0.028  
               0.00470301  -0.00169757  0.027  
               -0.000806083  -0.0049346  0.032  
               5.72812e-05  -0.00499967  0.0325004  
               -0.000811857  -0.00493365  0.0330022  
               0.00335811  -0.00370447  0.0412903  
               0.0019689  -0.00459602  0.040342  
               0.00264743  -0.00424159  0.0398424  
               0.000919224  -0.00491478  0.033  
               0.000915857  -0.0049154  0.034001  
               2.433e-05  -0.00499994  0.0365226  
               -0.00426841  0.00260398  0.0134713  
               -0.00376225  0.00329325  0.0127728  
               -0.00359843  0.0034715  0.0118846  
               -0.00427616  0.00259123  0.0154308  
               0.0049251  0.000862198  0.0414999  
               0.00492514  0.000861986  0.0405002  
               0.00492519  0.000861687  0.0395  
               -0.00305977  0.00395447  0.0482672  
               -0.00264429  0.00424355  0.0491336  
               -0.0022  0.00448999  0.0482655  
               -0.00125327  -0.00484038  0.048268  
               -0.00025332  -0.00499358  0.0482674  
               -0.000757124  -0.00494234  0.049134  
               -0.00314948  -0.0038834  0.0174992  
               -0.00314894  -0.00388384  0.0184996  
               -0.00377695  -0.00327637  0.0230012  
               -0.00377792  -0.00327526  0.0240018  
               -0.00429769  -0.00255535  0.0235061  
               -0.00319207  -0.00384846  0.0115958  
               -0.00374109  -0.00331726  0.0112433  
               -0.00329581  -0.00376001  0.0106034  
               0.00169225  0.00470492  0.0217417  
               -0.00351933  0.00355167  0.00779632  
               -0.00311538  0.0039108  0.00693515  
               -0.00382049  0.00322551  0.00692549  
               -0.00477224  0.00149187  0.00692612  
               -0.00489861  0.0010018  0.0077914  
               -0.0026183  0.00425963  0.0274024  
               -0.00377901  0.003274  0.0288151  
               0.000886193  0.00492084  0.038422  
               0.00169159  0.00470516  0.0377424  
               -0.00205617  0.00455765  0.0364906  
               -0.00211133  0.00453236  0.0373729  
               5.93614e-05  -0.00499965  0.0314997  
               -0.00499941  -7.71106e-05  0.0322011  
               -0.00463996  0.00186301  0.0112119  
               -0.00111033  0.00487516  0.00797508  
               -0.000443489  0.00498029  0.00712606  
               -0.00140395  0.00479885  0.00702346  
               0.00175383  -0.00468232  0.0164999  
               0.00253455  -0.00431  0.017  
               0.00175386  -0.0046823  0.0175  
               -0.00492802  -0.000845372  0.0331046  
               -0.00459535  0.00197047  0.0404502  
               -0.00411097  0.00284604  0.0404502  
               0.00175386  -0.0046823  0.0195  
               0.00253455  -0.00430999  0.019  
               0.00253455  -0.00430999  0.02  
               0.00470301  -0.00169757  0.032  
               -0.00446289  -0.00225446  0.0122252  
               -0.00469684  -0.00171456  0.0130362  
               -0.00267821  -0.00422223  0.0421827  
               -0.00168398  0.00470789  0.0404427  
               -0.000692447  0.00495182  0.0408916  
               0.005  -1.22465e-18  0  
               0.005  -1.22465e-18  0.001  
               0.00489765  -0.00100649  0  
               -0.00224781  0.00446624  0.0397634  
               -0.0030055  0.00399587  0.0394645  
               0.0049254  -0.000860477  0.0384987  
               0.00248188  0.00434054  0.0191146  
               0.00320902  0.00383434  0.0195436  
               -0.00164103  -0.00472303  0.0245  
               0.000885924  0.00492089  0.0244316  
               0.00169225  0.00470492  0.0247417  
               0.000232359  -0.0049946  0.0060372  
               -0.00221256  0.00448381  0.00521445  
               0.00255022  -0.00430074  0.0379531  
               -0.00144414  -0.00478691  0.0396118  
               -0.0018122  -0.00466003  0.040415  
               -0.00175851  -0.00468056  0.0366129  
               0.00320902  0.00383434  0.0215436  
               0.00320902  0.00383434  0.0205436  
               0.00175386  -0.0046823  0.0265  
               0.00253455  -0.00430999  0.027  
               0.002627  -0.00425428  0.0482618  
               0.00305395  -0.00395896  0.0491318  
               -0.00478105  0.00146342  0.0120891  
               -0.00382061  0.00322536  0.0413251  
               -0.00080385  -0.00493496  0.0159977  
               0.00323879  -0.00380923  0.0115018  
               0.00384777  -0.00319291  0.0110027  
               -0.00322184  0.00382358  0.0181398  
               -0.00379354  0.00325715  0.0482678  
               -0.00476663  0.00150971  0.0395734  
               -0.0024315  -0.00436896  0.0159988  
               -0.00314948  -0.0038834  0.0164999  
               -0.00314754  -0.00388497  0.0155013  
               5.29345e-05  -0.00499972  0.0335021  
               0.000907298  -0.00491699  0.0360004  
               0.00175086  -0.00468343  0.0354958  
               -0.00480417  -0.00138561  0.0104131  
               -0.0049089  -0.00095012  0.00953335  
               -0.00463009  -0.0018874  0.00955089  
               -0.00477086  -0.00149631  0.0413329  
               -0.00489688  -0.00101023  0.040452  
               -0.00437158  -0.00242678  0.00694804  
               -0.00499091  -0.000301353  0.0138343  
               -0.00490214  -0.000984392  0.014525  
               -0.00499939  7.81475e-05  0.0148581  
               0.00253455  -0.00431  0.032  
               0.0047027  0.0016984  0.0360002  
               0.00433723  0.00248766  0.0365023  
               0.005  -1.22465e-18  0.014  
               0.00434339  -0.00247689  0.00751929  
               0.00434023  -0.00248243  0.0115006  
               0.00384879  -0.00319168  0.0100065  
               -0.000259963  0.00499324  0.00173432  
               -0.000758631  0.00494211  0.000866116  
               -0.00125326  -0.00484039  0.05  
               -0.000253246  -0.00499358  0.05  
               -0.00072321  -0.00494742  0.0391268  
               0.005  -1.22465e-18  0.023  
               -0.00379663  0.00325356  0.00519585  
               -0.0041103  0.002847  0.00605988  
               -0.00345923  0.00361023  0.00606231  
               -0.00344681  -0.00362209  0.00789162  
               -0.00308014  -0.00393862  0.00884395  
               -0.00387923  -0.00315462  0.0121888  
               -0.00459995  -0.00195971  0.00781295  
               -0.00478124  -0.00146279  0.00867229  
               -0.00132851  0.00482028  0.0217913  
               -0.0037938  -0.00325685  0.001732  
               0.00300105  -0.00399921  0.00257374  
               0.000236632  0.0049944  0.00625868  
               0.00378673  0.00326507  0.000947815  
               0.00344483  0.00362396  0  
               0.00492499  -0.000862826  0.00650281  
               -0.000802532  -0.00493517  0.023  
               5.99802e-05  -0.00499964  0.0225  
               0.00434059  -0.00248178  0.00652727  
               0.00470304  -0.00169748  0.00700774  
               0.000241707  -0.00499415  0.0025963  
               0.0007323  -0.00494608  0.00345438  
               5.99802e-05  -0.00499964  0.0215  
               0.00324189  -0.0038066  0.00951714  
               0.00253659  -0.0043088  0.00902891  
               -0.005  -3.70017e-07  0.00606233  
               -0.00489792  0.0010052  0.00606165  
               0.000731523  0.0049462  0.00834186  
               -0.000637841  0.00495915  0.0129626  
               9.60432e-05  0.00499908  0.0121675  
               -0.0037654  0.00328964  0.0327761  
               -0.00424504  0.0026419  0.0333466  
               -0.00376154  0.00329406  0.0337273  
               0.00492519  -0.000861677  0.0145  
               -0.00445362  -0.00227272  0.0104333  
               0.000907924  -0.00491688  0.0369994  
               0.0009432  -0.00491023  0.00803757  
               0.000904704  -0.00491747  0.00900851  
               3.00356e-05  -0.00499991  0.00851297  
               -0.000644682  0.00495826  0.0369359  
               -0.00137368  0.0048076  0.0376083  
               0.00320105  0.003841  0.00952763  
               0.00383205  0.00321176  0.00900385  
               -0.0013297  0.00481995  0.0147896  
               0.00434009  -0.00248266  0.0255  
               0.00320902  0.00383434  0.0225436  
               -0.00427254  0.00259719  0.016436  
               0.005  -1.22465e-18  0.021  
               0.00492519  -0.000861677  0.0205  
               -0.00167917  -0.00470961  0.0124562  
               -0.000806803  -0.00493448  0.0149938  
               -0.00164347  -0.00472218  0.0154966  
               -0.000802889  -0.00493512  0.0169994  
               -0.000802623  -0.00493516  0.0179998  
               0.00470301  -0.00169757  0.015  
               0.00470373  -0.00169555  0.00800513  
               0.00169225  0.00470492  0.0187417  
               0.00169225  0.00470492  0.0177417  
               0.000159324  -0.00499746  0.0396045  
               -6.13317e-05  -0.00499962  0.0422781  
               0.0047027  0.0016984  0.0240002  
               -0.00465675  0.00182062  0.0219997  
               0.00433723  0.00248766  0.0265023  
               -0.00306058  0.00395384  0.00173204  
               -0.00488503  -0.00106606  0.0322907  
               -0.00468138  -0.00175634  0.0328208  
               -0.00492642  -0.000854603  0.02653  
               -0.00492652  -0.000854047  0.0255303  
               0.000696203  -0.00495129  0.0424239  
               0.00470468  -0.00169291  0.0429684  
               -0.00461619  0.00192114  0.0338943  
               -0.00499951  6.98954e-05  0.0290301  
               0.00248188  0.00434054  0.0261146  
               0.00169225  0.00470492  0.0257417  
               -0.00495774  0.000648676  0.013867  
               0.00253455  -0.00430999  0.028  
               0.00010309  0.00499894  0.0331789  
               0.00492616  0.000856143  0.045513  
               0.00492812  0.000844782  0.0444961  
               0.00434009  -0.00248266  0.0305  
               0.00434009  -0.00248266  0.0315  
               0.00433723  0.00248766  0.0325023  
               0.00434009  -0.00248266  0.0325  
               -0.00429795  -0.00255492  0.0205071  
               -0.00377841  -0.0032747  0.0210023  
               -0.00430005  -0.00255138  0.0215084  
               -0.00377806  -0.0032751  0.0220017  
               -0.00320045  -0.0038415  0.0334935  
               5.995e-05  -0.00499964  0.0304998  
               -0.00315025  -0.00388277  0.0285001  
               -0.00243102  -0.00436923  0.0289993  
               -0.00469142  -0.00172934  0.0280166  
               -0.00492905  -0.000839302  0.0285248  
               0.00492552  -0.000859811  0.0414953  
               -0.00497436  0.000505718  0.00519599  
               -0.00198803  0.00458778  0.0345862  
               0.00248181  0.00434058  0.0361146  
               0.00253445  -0.00431006  0.0349974  
               -0.00379165  -0.00325935  0.00697229  
               -0.00198694  0.00458825  0.0226118  
               0.00383519  0.003208  0.0380126  
               0.00383538  0.00320778  0.0370124  
               0.00383537  0.00320779  0.0360124  
               -0.000634872  0.00495953  0.0219712  
               -0.000634872  0.00495953  0.0209712  
               8.36869e-05  0.0049993  0.0400529  
               7.52127e-05  0.00499943  0.0391147  
               0.00282718  0.00412396  0.0448768  
               0.00346228  0.0036073  0.0445947  
               0.00169211  0.00470497  0.0357419  
               0.00169156  0.00470517  0.0367423  
               -0.00243217  -0.00436859  0.029998  
               0.00470486  -0.00169242  0.0449438  
               0.000773919  0.00493974  0.0464483  
               0.00470345  -0.00169633  0.0439606  
               -0.00437427  -0.00242193  0.0413328  
               -0.00459517  -0.00197089  0.0422051  
               0.00119101  -0.00485608  0.0456224  
               0.000210394  -0.00499557  0.0456605  
               -0.00133095  0.0048196  0.0127834  
               -0.00132952  0.00482  0.013788  
               -0.000635335  0.00495947  0.0139672  
               -0.00499992  2.84408e-05  0.00952425  
               -0.00498093  -0.000436234  0.0103968  
               -0.00497247  0.000524002  0.0103863  
               -0.00387787  0.00315628  0.00865658  
               -0.00243043  -0.00436955  0.0199999  
               -0.00164104  -0.00472303  0.0195  
               -0.00164103  -0.00472303  0.0205  
               -0.000262106  -0.00499313  0.0465341  
               -0.00469483  -0.00172004  0.0290077  
               -0.00306053  -0.00395388  0.046536  
               -0.00379379  -0.00325686  0.048268  
               -0.00410382  -0.00285634  0.049134  
               -0.00437173  -0.00242651  0.048268  
               0.000253269  -0.00499358  0.0491337  
               -0.00306053  -0.00395388  0.048268  
               -0.00220197  -0.00448902  0.048268  
               -0.00465812  0.00181711  0.0249996  
               -0.0042716  0.00259874  0.0244353  
               -0.00261829  0.00425964  0.0264025  
               -0.00198694  0.00458825  0.0256118  
               0.000885924  0.00492089  0.0294316  
               0.00169225  0.00470492  0.0287417  
               -0.00430654  -0.00254041  0.0294934  
               0.00088593  0.00492089  0.0174315  
               0.000103283  0.00499893  0.0201787  
               0.00169225  0.00470492  0.0167416  
               -0.00489764  -0.00100654  0.0043301  
               -0.00497435  -0.000505842  0.003464  
               0.00253455  -0.00430999  0.021  
               0.00253455  -0.00430999  0.022  
               -0.0047707  -0.00149681  0.003464  
               0.00089957  0.00491841  0.0413535  
               -0.000257171  -0.00499338  0.0017318  
               -0.000758281  -0.00494217  0.000865895  
               -0.00197954  0.00459145  0.00787756  
               -0.00230697  0.00443598  0.00696652  
               0.000886195  0.00492084  0.0374306  
               0.000885926  0.00492089  0.015431  
               0.000885934  0.00492089  0.0164314  
               0.00169224  0.00470493  0.0157415  
               -0.000802538  -0.00493517  0.019  
               -0.0032148  0.0038295  0.0311372  
               5.99802e-05  -0.00499964  0.0205  
               -0.00279699  0.0041445  0.00782497  
               0.000885924  0.00492089  0.0304316  
               -0.000470464  -0.00497782  0.0430911  
               -0.00378283  -0.00326959  0.0289994  
               -0.00429887  -0.00255337  0.027508  
               0.000885766  0.00492092  0.0344317  
               -0.00424456  -0.00264266  0.0113187  
               -0.00395124  -0.00306393  0.0104505  
               -0.00379374  -0.00325692  0.0448039  
               -0.00282332  0.0041266  0.0371374  
               -0.00281209  0.00413427  0.038192  
               0.00248188  0.00434054  0.0221146  
               0.000217631  0.00499526  0.0408923  
               0.000883468  0.00492133  0.0124248  
               0.000885375  0.00492099  0.0134285  
               -0.00173653  -0.00468876  0.049134  
               0.00174458  -0.00468577  0.00951153  
               0.000899231  -0.00491847  0.00998954  
               -0.0041104  -0.00284685  0.00784187  
               -0.00126716  -0.00483677  0.00519167  
               -0.00174325  -0.00468626  0.00432733  
               1.80009e-05  -0.00499997  0.00947217  
               -0.000266554  -0.00499289  0.00345855  
               -0.00429821  -0.00255448  0.0195068  
               -0.00377767  -0.00327554  0.0190011  
               -0.00086147  -0.00492523  0.0439439  
               -0.00427168  0.0025986  0.0204348  
               -0.000261149  -0.00499318  0.00688384  
               -0.00077344  -0.00493982  0.00605224  
               -0.00306064  -0.00395379  0.00173199  
               -0.00164103  -0.00472303  0.0235  
               -0.000802532  -0.00493517  0.02  
               -0.00459613  0.00196865  0.00606069  
               0.00169202  0.00470501  0.0137402  
               -0.0032217  0.0038237  0.0261415  
               0.0038473  -0.00319347  0.03  
               -0.00344482  -0.00362398  0.04567  
               -0.00465343  0.00182909  0.0149959  
               -0.00491087  0.000939869  0.0315798  
               -0.00490725  0.000958568  0.024527  
               -0.00307047  -0.00394616  0.0430663  
               -0.0034458  -0.00362305  0.0439374  
               -0.0037953  -0.0032551  0.0430709  
               0.00388496  -0.00314756  0.0399143  
               0.00333557  -0.00372478  0.0403364  
               0.00329084  -0.00376436  0.0393958  
               0.00264482  0.00424322  0.05  
               0.00258192  -0.00428179  0.0389095  
               0.0043401  -0.00248264  0.0125001  
               0.00495301  -0.000683887  0.0493202  
               0.00489765  -0.00100649  0.05  
               0.00476426  -0.00151719  0.0491529  
               0.005  -1.22465e-18  0.013  
               0.00248188  0.00434054  0.0181145  
               0.00320902  0.00383434  0.0345436  
               0.00320902  0.00383434  0.0335436  
               -0.00126004  -0.00483863  0.00346096  
               -0.000761698  -0.00494164  0.00259717  
               0.00248188  0.00434054  0.0251146  
               -0.00199186  0.00458612  0.0146113  
               0.00434493  0.00247418  0.00649053  
               0.00435209  0.00246156  0.00546789  
               0.00168515  0.00470747  0.04173  
               0.00170769  0.00469934  0.0407326  
               0.00394524  -0.00307166  0.00325279  
               0.0049253  0.00086107  0.0486565  
               0.00301586  -0.00398805  0.0473917  
               0.000250322  -0.00499373  0.047398  
               -0.00075798  -0.00494221  0.0474018  
               0.00492789  -0.000846129  0.0484713  
               0.00434009  -0.00248266  0.0295  
               0.00470301  -0.00169757  0.03  
               0.00473993  0.00159156  0.00297304  
               0.00492957  0.000836252  0.00347385  
               0.00492397  0.000868618  0.00244523  
               0.00162367  0.00472903  0.00866706  
               0.00433482  -0.00249185  0.00553494  
               0.00432987  0.00250044  0.0415133  
               0.00384771  -0.00319298  0.00605102  
               0.00492519  0.000861676  0.0125  
               0.00433631  0.00248927  0.0395038  
               0.00470268  0.00169847  0.0390003  
               0.00248188  0.00434054  0.0311146  
               0.00470301  -0.00169757  0.031  
               -0.00497394  0.000509779  0.00865677  
               -0.00437245  0.00242522  0.00519534  
               -0.00220403  -0.00448801  0.00346311  
               -0.00306128  -0.00395329  0.00346374  
               0.00435635  -0.00245402  0.0404516  
               -0.00273726  -0.00418418  0.00984893  
               0.00333999  0.00372081  0.00454706  
               0.0047027  0.0016984  0.0160002  
               -0.00262789  -0.00425373  0.00794413  
               -0.00344481  0.00362399  0.00259819  
               0.00433712  0.00248784  0.0385024  
               0.00433723  0.00248766  0.0375023  
               -0.00264482  -0.00424322  0.047402  
               -0.00173118  0.00469074  0.0473919  
               0.00434074  0.00248153  0.00313619  
               0.0037173  0.00334391  0.00284551  
               -0.00459486  0.00197161  0.0456699  
               0.00389736  -0.00313218  0.0408882  
               0.00383537  0.00320779  0.0350124  
               0.000174815  -0.00499694  0.00763511  
               0.00433723  0.00248766  0.0245023  
               0.00384737  -0.00319339  0.0120006  
               0.00492519  0.000861677  0.0155  
               0.00435536  0.00245577  0.000962045  
               0.00463789  0.00186815  0.00195285  
               -0.00465712  0.00181969  0.0180009  
               -0.000802507  -0.00493518  0.0289998  
               5.99987e-05  -0.00499964  0.0294999  
               -0.00306016  0.00395416  0.00346568  
               -0.00264486  0.0042432  0.00259903  
               0.00247723  0.00434319  0.0411428  
               0.000920702  -0.0049145  0.029  
               0.0038473  -0.00319347  0.026  
               0.00323939  -0.00380872  0.0285  
               -0.00344493  -0.00362387  0.00259801  
               0.00492519  -0.000861677  0.0285  
               -0.00430326  -0.00254598  0.0285053  
               0.000103282  0.00499893  0.0211787  
               0.005  -1.22465e-18  0.041  
               0.00492563  -0.000859139  0.0404961  
               0.00492519  0.000861677  0.0185  
               0.005  -1.22465e-18  0.018  
               0.0016922  0.00470494  0.0147411  
               0.00492519  -0.000861677  0.0185  
               -0.0047707  -0.00149681  0.048268  
               -0.00489765  -0.00100649  0.049134  
               0.00492519  0.000861677  0.0175  
               0.00492529  0.000861124  0.00749632  
               0.0047033  0.00169674  0.00799701  
               -0.00459479  -0.00197178  0.047402  
               -0.00244373  -0.00436213  0.012998  
               -0.00469013  -0.00173282  0.0220195  
               -0.00468946  -0.00173465  0.0230183  
               0.00470301  -0.00169757  0.029  
               -0.00410381  -0.00285635  0.00433091  
               -0.00376768  -0.00328703  0.0150001  
               -0.00253785  -0.00430805  0.010916  
               -0.0032213  0.00382404  0.0251415  
               -0.0026182  0.0042597  0.0254024  
               -0.000192166  0.00499631  0.00811849  
               -0.00499966  5.79819e-05  0.0240344  
               -0.00321519  0.00382917  0.0131497  
               -0.00499962  6.13431e-05  0.0250386  
               -0.003781  0.0032717  0.0238185  
               -0.00322096  0.00382432  0.0241412  
               0.00248188  0.00434054  0.0331146  
               -0.00132853  0.00482027  0.0307914  
               -0.000253246  0.00499358  0.05  
               -0.00268111  0.00422039  0.0362017  
               -0.00306575  0.00394983  0.00519944  
               -0.00499985  3.93374e-05  0.0310627  
               -0.0017359  0.00468899  0.00434915  
               0.00222278  0.00447876  0.0491072  
               -0.00125326  -0.00484039  0  
               -0.00497435  0.000505842  0.05  
               -0.00247558  -0.00434414  0.0119807  
               -0.00316108  -0.00387396  0.0125506  
               0.00320902  0.00383434  0.0255436  
               0.00383537  0.00320779  0.0260124  
               0.00492524  -0.000861379  0.00850057  
               0.00492519  -0.000861677  0.0215  
               0.005  -1.22465e-18  0.022  
               0.00492519  0.00086167  0.0114999  
               0.005  -1.22465e-18  0.049  
               0.00492519  0.000861677  0.0255  
               -0.00315231  -0.0038811  0.0294978  
               -0.00063524  0.00495948  0.0329716  
               0.00492519  0.000861677  0.0315  
               0.00218841  -0.00449565  0.000860738  
               0.00304153  -0.00396852  0.000855631  
               0.00261072  -0.00426429  0.00171983  
               0.00175203  -0.00468299  0.0344986  
               0.00320902  0.00383434  0.0355436  
               0.00172669  0.00469239  0.0464534  
               0.00410382  0.00285634  0  
               -0.00323259  0.0038145  0.0141415  
               -0.00323462  0.00381277  0.0151365  
               -0.00465497  0.00182517  0.0160073  
               -0.00492332  -0.000872298  0.0154949  
               0.00434009  -0.00248266  0.0155  
               0.00470301  -0.00169757  0.016  
               -0.00489765  -0.00100649  0.000866  
               -0.00463821  -0.00186734  0.0140206  
               -0.00486842  -0.00113953  0.0136798  
               0.0038473  -0.00319347  0.015  
               0.00470274  0.0016983  0.00999956  
               0.000920698  -0.0049145  0.022  
               0.000556122  -0.00496898  0.0415994  
               -0.00475944  -0.00153223  0.0347436  
               0.0047027  0.0016984  0.0380002  
               0.00175674  -0.00468122  0.0085349  
               -0.00225884  -0.00446068  0.0412912  
               0.00438488  0.00240267  0.0490988  
               0.00253455  -0.00430999  0.018  
               0.0038473  -0.00319347  0.025  
               -0.00497435  -0.000505842  0.05  
               0.005  -1.22465e-18  0.035  
               0.00492519  0.000861677  0.0345  
               0.000920226  -0.00491459  0.0319999  
               -0.00314844  -0.00388424  0.0194999  
               -0.00243042  -0.00436956  0.021  
               -0.00261937  0.00425898  0.0134119  
               -0.00379379  -0.00325686  0.05  
               -0.00220132  0.00448934  0.00346965  
               -0.00264466  0.00424332  0.0043357  
               -0.00410382  -0.00285634  0.047402  
               -0.00306145  -0.00395317  0.044804  
               0.00492519  -0.000861677  0.0225  
               -0.00497435  -0.000505841  0.001732  
               -0.00497435  0.000505842  0.001732  
               0.00435111  -0.00246329  0.0394694  
               0.00196199  -0.00459898  0.00581739  
               -0.00497435  -0.000505842  0  
               0.0042908  -0.00256691  0.00262877  
               0.00470588  0.0016896  0.00391714  
               -0.000264684  0.00499299  0.00349004  
               0.00492694  0.000851644  0.043494  
               0.00323939  -0.00380872  0.0175  
               0.00492519  -0.000861677  0.0195  
               0.00434009  -0.00248266  0.0285  
               0.0038473  -0.00319347  0.028  
               -0.0047707  -0.00149682  0.05  
               -0.00459479  -0.00197178  0.049134  
               0.00126438  0.00483749  0.0491208  
               0.00173653  0.00468876  0.05  
               0.0038473  -0.00319347  0.029  
               -0.00226736  0.00445635  0.0430333  
               0.0047027  0.0016984  0.0220002  
               -0.005  1.05495e-10  0.002598  
               0.00470301  -0.00169757  0.019  
               0.00323938  -0.00380873  0.0145  
               -0.00379397  -0.00325666  0.00346401  
               -0.000713046  -0.0049489  0.00783189  
               0.00433723  0.00248766  0.00849879  
               0.00323939  -0.00380872  0.0195  
               0.00433723  0.00248766  0.0185023  
               -0.00465748  0.00181876  0.0200001  
               -0.00465724  0.00181936  0.0209997  
               0.00470301  -0.00169757  0.017  
               0.00492519  -0.000861677  0.0175  
               0.00344483  -0.00362396  0.05  
               0.00264482  -0.00424322  0.05  
               0.0047027  0.0016984  0.0300002  
               0.0047027  0.0016984  0.0280002  
               0.0047027  0.0016984  0.0270002  
               0.00433723  0.00248766  0.0275023  
               5.99802e-05  -0.00499964  0.0235  
               0.000103281  0.00499893  0.0241787  
               0.000885924  0.00492089  0.0284316  
               -0.00264242  0.00424472  0.0473983  
               0.00492519  0.000861677  0.0375  
               0.0047027  0.0016984  0.0370002  
               -0.00322086  0.0038244  0.023141  
               -0.00378088  0.00327184  0.0228181  
               -0.00427087  0.00259993  0.0224346  
               -0.00378117  0.0032715  0.0218179  
               -0.00427132  0.0025992  0.0214344  
               0.00470301  -0.00169755  0.012  
               -0.00344483  -0.00362396  0.047402  
               0.000739912  -0.00494495  0.0465193  
               0.005  -1.22465e-18  0.025  
               0.00420294  0.00270837  0.0481103  
               0.00246821  0.00434833  0.0421603  
               0.0017249  0.00469305  0.0426374  
               -0.00265433  -0.00423728  0.0439365  
               0.005  -1.22465e-18  0.015  
               -0.0042709  0.00259989  0.023435  
               -0.00468994  -0.00173334  0.0210197  
               -0.0049051  0.00096952  0.0285279  
               -0.00490713  0.000959195  0.0205277  
               -0.00261808  0.00425977  0.0234023  
               -0.00261826  0.00425966  0.0194019  
               0.0038486  -0.00319191  0.043861  
               0.00168167  0.00470871  0.0107237  
               -0.00489834  0.00100313  0.0112456  
               -0.00306053  0.00395388  0  
               -0.000757791  0.00494224  0.00437274  
               0.000244784  0.004994  0.00439454  
               0.00166329  0.00471524  0.00970453  
               -0.00324066  -0.00380764  0.0345146  
               -0.00319069  0.00384961  0.0357983  
               -0.00436065  -0.00244637  0.0395604  
               0.000901934  -0.00491798  0.0109857  
               0.00117341  -0.00486036  0.00596519  
               -0.00314885  -0.0038839  0.0205003  
               -0.00377686  -0.00327649  0.0200013  
               -0.00164101  -0.00472304  0.0284997  
               -0.000874306  -0.00492297  0.0370768  
               0.000101608  0.00499897  0.0131731  
               -0.00220235  0.00448884  0.00173238  
               0.00344483  -0.00362396  0  
               0.00377606  -0.0032774  0.000863025  
               0.00492393  -0.000868864  0.0464817  
               0.000757139  -0.00494234  0.05  
               0.00175362  -0.00468239  0.0154996  
               0.0047027  0.0016984  0.0290002  
               0.00410353  0.00285675  0.00195689  
               0.000892982  0.00491961  0.039397  
               0.00492004  -0.000890636  0.00138119  
               0.00410382  0.00285634  0.05  
               0.00459479  -0.00197178  0.05  
               0.00175485  0.00468194  0.0482333  
               0.00220686  0.00448662  0.0473467  
               0.00174224  -0.00468664  0.0104987  
               -0.00489765  -0.00100649  0.002598  
               0.00338362  -0.00368118  0.0465354  
               0.00170663  0.00469973  0.0397329  
               0.000757139  0.00494234  0.05  
               0.00467363  0.00177685  0.0482704  
               -0.00437173  -0.00242651  0.05  
               0.0038473  -0.00319347  0.024  
               0.00389415  0.00313618  0.0440248  
               0.0038473  -0.00319347  0.032  
               -0.0026279  0.00425372  0.0144035  
               -0.00198908  0.00458733  0.0136136  
               0.0013054  0.00482659  0.045487  
               -0.00198694  0.00458825  0.0246118  
               -0.00261811  0.00425975  0.0244024  
               0.000390545  -0.00498472  0.043134  
               -0.00497432  -0.00050615  0.00519642  
               0.00386036  -0.00317768  0.0458484  
               -0.00468807  -0.0017384  0.0260174  
               0.00175385  -0.00468231  0.0314999  
               -0.00410822  -0.00285001  0.0404533  
               -0.00173067  0.00469092  0.00882192  
               -0.00321279  0.00383118  0.03213  
               -0.00315501  -0.0038789  0.0304927  
               -0.00267625  0.00422347  0.0060748  
               -0.00424024  0.0026496  0.0126539  
               -0.00468954  -0.00173441  0.0190186  
               -0.000802529  -0.00493517  0.027  
               5.99804e-05  -0.00499964  0.0265  
               0.000853539  -0.00492661  0.00695287  
               -0.00497461  0.000503201  0.0430718  
               -0.00352073  -0.00355028  0.0377661  
               -0.00321271  0.00383125  0.0331093  
               -0.00315961  -0.00387516  0.0314887  
               0.005  -1.22465e-18  0.003  
               0.00459479  -0.00197178  0  
               0.00433723  0.00248766  0.0285023  
               0.000103281  0.00499893  0.0291787  
               -0.00220197  -0.00448902  0  
               -0.00437877  0.00241379  0.0430717  
               -0.00264544  -0.00424283  0.00259792  
               -0.00469015  -0.00173278  0.017015  
               0.00410382  -0.00285634  0  
               0.00470508  0.00169181  0.00495287  
               -0.00444105  0.00229718  0.0103608  
               0.00395573  -0.00305814  0.0467009  
               0.0047027  0.0016984  0.0180002  
               0.00470424  0.00169414  0.00699224  
               0.00264482  -0.00424322  0  
               0.0020721  0.00455043  0.00429783  
               0.005  -1.22465e-18  0.012  
               0.000920698  -0.0049145  0.024  
               0.000928021  0.00491312  0.040351  
               0.00173653  0.00468876  0  
               -0.00378928  0.00326211  0.0158136  
               -0.00488567  0.00106312  0.01464  
               -0.0017385  -0.00468803  0.00259753  
               0.005  -1.22465e-18  0.05  
               0.00264482  0.00424322  0  
               0.000786972  0.00493768  0.00533548  
               -0.00164102  -0.00472303  0.0265  
               -0.00124905  -0.00484147  0.00696773  
               0.000902616  -0.00491785  0.0119847  
               -0.00172217  -0.00469405  0.0355613  
               -0.0046883  -0.00173776  0.0270179  
               0.005  -1.22465e-18  0.002  
               -0.00439448  -0.00238507  0.008697  
               -0.00437174  -0.0024265  0.001732  
               -0.00381226  0.00323523  0.0430704  
               -0.00493959  -0.000774914  0.0129463  
               -0.00466609  -0.00179656  0.0150145  
               -0.0047707  -0.00149682  0.001732  
               -0.00492708  -0.000850789  0.016511  
               0.00277625  0.00415841  0.00417606  
               -0.00125488  0.00483997  0.00347944  
               0.000876916  0.0049225  0.0114174  
               -0.0042681  -0.00260448  0.0144726  
               -0.00429896  -0.00255323  0.0225073  
               -0.00459372  -0.00197426  0.0404517  
               0.00459479  0.00197178  0  
            </DataArray>
         </Points> 

         <Cells>
            <DataArray type="Int32" Name="connectivity" NumberOfComponents="1" format="ascii">
               
            </DataArray> 
            <DataArray type="Int32" Name="offsets" NumberOfComponents="1" format="ascii">
               
            </DataArray>
            <DataArray type="UInt8"  Name="types" NumberOfComponents="1" format="ascii">
               
            </DataArray>
         </Cells>
         <PointData Scalars="Rank " Vectors="DisplacementDelta ">
            <DataArray type="UInt32" Name="Rank" NumberOfComponents="1" format="ascii">
               0 0 0 0 0 0 0 0 0 0 0 0 0 0 0 0 0 0 0 0 0 0 0 0 0 0 0 0 0 0 0 0 0 0 0 0 0 0 0 0 0 0 0 0 0 0 0 0 0 0 0 0 0 0 0 0 0 0 0 0 0 0 0 0 0 0 0 0 0 0 0 0 0 0 0 0 0 0 0 0 0 0 0 0 0 0 0 0 0 0 0 0 0 0 0 0 0 0 0 0 0 0 0 0 0 0 0 0 0 0 0 0 0 0 0 0 0 0 0 0 0 0 0 0 0 0 0 0 0 0 0 0 0 0 0 0 0 0 0 0 0 0 0 0 0 0 0 0 0 0 0 0 0 0 0 0 0 0 0 0 0 0 0 0 0 0 0 0 0 0 0 0 0 0 0 0 0 0 0 0 0 0 0 0 0 0 0 0 0 0 0 0 0 0 0 0 0 0 0 0 0 0 0 0 0 0 0 0 0 0 0 0 0 0 0 0 0 0 0 0 0 0 0 0 0 0 0 0 0 0 0 0 0 0 0 0 0 0 0 0 0 0 0 0 0 0 0 0 0 0 0 0 0 0 0 0 0 0 0 0 0 0 0 0 0 0 0 0 0 0 0 0 0 0 0 0 0 0 0 0 0 0 0 0 0 0 0 0 0 0 0 0 0 0 0 0 0 0 0 0 0 0 0 0 0 0 0 0 0 0 0 0 0 0 0 0 0 0 0 0 0 0 0 0 0 0 0 0 0 0 0 0 0 0 0 0 0 0 0 0 0 0 0 0 0 0 0 0 0 0 0 0 0 0 0 0 0 0 0 0 0 0 0 0 0 0 0 0 0 0 0 0 0 0 0 0 0 0 0 0 0 0 0 0 0 0 0 0 0 0 0 0 0 0 0 0 0 0 0 0 0 0 0 0 0 0 0 0 0 0 0 0 0 0 0 0 0 0 0 0 0 0 0 0 0 0 0 0 0 0 0 0 0 0 0 0 0 0 0 0 0 0 0 0 0 0 0 0 0 0 0 0 0 0 0 0 0 0 0 0 0 0 0 0 0 0 0 0 0 0 0 0 0 0 0 0 0 0 0 0 0 0 0 0 0 0 0 0 0 0 0 0 0 0 0 0 0 0 0 0 0 0 0 0 0 0 0 0 0 0 0 0 0 0 0 0 0 0 0 0 0 0 0 0 0 0 0 0 0 0 0 0 0 0 0 0 0 0 0 0 0 0 0 0 0 0 0 0 0 0 0 0 0 0 0 0 0 0 0 0 0 0 0 0 0 0 0 0 0 0 0 0 0 0 0 0 0 0 0 0 0 0 0 0 0 0 0 0 0 0 0 0 0 0 0 0 0 0 0 0 0 0 0 0 0 0 0 0 0 0 0 0 0 0 0 0 0 0 0 0 0 0 0 0 0 0 0 0 0 0 0 0 0 0 0 0 0 0 0 0 0 0 0 0 0 0 0 0 0 0 0 0 0 0 0 0 0 0 0 0 0 0 0 0 0 0 0 0 0 0 0 0 0 0 0 0 0 0 0 0 0 0 0 0 0 0 0 0 0 0 0 0 0 0 0 0 0 0 0 0 0 0 0 0 0 0 0 0 0 0 0 0 0 0 0 0 0 0 0 0 0 0 0 0 0 0 0 0 0 0 0 0 0 0 0 0 0 0 0 0 0 0 0 0 0 0 0 0 0 0 0 0 0 0 0 0 0 0 0 0 0 0 0 0 0 0 0 0 0 0 0 0 0 0 0 0 0 0 0 0 0 0 0 0 0 0 0 0 0 0 0 0 0 0 0 0 0 0 0 0 0 0 0 0 0 0 0 0 0 0 0 0 0 0 0 0 0 0 0 0 0 0 0 0 0 0 0 0 0 0 0 0 0 0 0 0 0 0 0 0 0 0 0 0 0 0 0 0 0 0 0 0 0 0 0 0 0 0 0 0 0 0 0 0 0 0 0 0 0 0 0 0 0 0 0 0 0 0 0 0 0 0 0 0 0 0 0 0 0 0 0 0 0 0 0 0 0 0 0 0 0 0 0 0 0 0 0 0 0 0 0 0 0 0 0 0 0 0 0 0 0 0 0 0 0 0 0 0 0 0 0 0 0 0 0 0 0 0 0 0 0 0 0 0 0 0 0 0 0 0 0 0 0 0 0 0 0 0 0 0 0 0 0 0 0 0 0 0 0 0 0 0 0 0 0 0 0 0 0 0 0 0 0 0 0 0 0 0 0 0 0 0 0 0 0 0 0 0 0 0 0 0 0 0 0 0 0 0 0 0 0 0 0 0 0 0 0 0 0 0 0 0 0 0 0 0 0 0 0 0 0 0 0 0 0 0 0 0 0 0 0 0 0 0 0 0 0 0 0 0 0 0 0 0 0 0 0 0 0 0 0 0 0 0 0 0 0 0 0 0 0 0 0 0 0 0 0 0 0 0 0 0 0 0 0 0 0 0 0 0 0 0 0 0 0 0 0 0 0 0 0 0 0 0 0 0 0 0 0 0 0 0 0 0 0 0 0 0 0 0 0 0 0 0 0 0 0 0 0 0 0 0 0 0 0 0 0 0 0 0 0 0 0 0 0 0 0 0 0 0 0 0 0 0 0 0 0 0 0 0 0 0 0 0 0 0 0 0 0 0 0 0 0 0 0 0 0 0 0 0 0 0 0 0 0 0 0 0 0 0 0 0 0 0 0 0 0 0 0 0 0 0 0 0 0 0 0 0 0 0 0 0 0 0 0 0 0 0 0 0 0 0 0 0 0 0 0 0 0 0 0 0 0 0 0 0 0 0 0 0 0 0 0 0 0 0 0 0 0 0 0 0 0 0 0 0 0 0 0 0 0 0 0 0 0 0 0 0 0 0 0 0 0 0 0 0 0 0 0 0 0 0 0 0 0 0 0 0 0 0 0 0 0 0 0 0 0 0 0 0 0 0 0 0 0 0 0 0 0 0 0 0 0 0 0 0 0 0 0 0 0 0 0 0 0 0 0 0 0 0 0 0 0 0 0 0 0 0 0 0 0 0 0 0 0 0 0 0 0 0 0 0 0 0 0 0 0 0 0 0 0 0 0 0 0 0 0 0 0 0 0 0 0 0 0 0 0 0 0 0 0 0 0 0 0 0 0 0 0 0 0 0 0 0 0 0 0 0 0 0 0 0 0 0 0 0 0 0 0 0 0 0 0 0 0 0 0 0 0 0 0 0 0 0 0 0 0 0 0 0 0 0 0 0 0 0 0 0 0 0 0 0 0 0 0 0 0 0 0 0 0 0 0 0 0 0 0 0 0 0 0 0 0 0 0 0 0 0 0 0 0 0 0 0 0 0 0 0 0 0 0 0 0 0 0 0 0 0 0 0 0 0 0 0 0 0 0 0 0 0 0 0 0 0 0 0 0 0 0 0 0 0 0 0 0 0 0 0 0 0 0 0 0 0 0 0 0 0 0 0 0 0 0 0 0 0 0 0 0 0 0 0 0 0 0 0 0 0 0 0 0 0 0 0 0 0 0 0 0 0 0 0 0 0 0 0 0 0 0 0 0 0 0 0 0 0 0 0 0 0 0 0 0 0 0 0 0 0 0 0 0 0 0 0 0 0 0 0 0 0 0 0 0 0 0 0 0 0 0 0 0 0 0 0 0 0 0 0 0 0 0 0 0 0 0 0 0 0 0 0 0 0 0 0 0 0 0 0 0 0 0 0 0 0 0 0 0 0 0 0 0 0 0 0 0 0 0 0 0 0 0 0 0 0 0 0 0 0 0 0 0 0 0 0 0 0 0 0 0 0 0 0 0 0 0 0 0 0 0 0 0 0 0 0 0 0 0 0 0 0 0 0 0 0 0 0 0 0 0 0 0 0 0 0 0 0 0 0 0 0 0 0 0 0 0 0 0 0 0 0 0 0 0 0 0 0 0 0 0 0 0 0 0 0 0 0 0 0 0 0 0 0 0 0 0 0 0 0 0 0 0 0 0 0 0 0 0 0 0 0 0 0 0 0 0 0 0 0 0 0 0 0 0 0 0 0 0 0 0 0 0 0 0 0 0 0 0 0 0 0 0 0 0 0 0 0 0 0 0 0 0 0 0 0 0 0 0 0 0 0 0 0 0 0 0 0 0 0 0 0 0 0 0 0 0 0 0 0 0 0 0 0 0 0 0 0 0 0 0 0 0 0 0 0 0 0 0 0 0 0 
            </DataArray>
            <DataArray type="Float64" Name="DisplacementDelta" NumberOfComponents="3" format="ascii">
               -3.85308e-10 1.31985e-10 -1.32084e-09  -1.30835e-10 -5.10155e-10 -9.5601e-10  -3.85308e-10 1.31985e-10 -1.32084e-09  4.27468e-10 1.37638e-09 -1.00659e-08  1.55162e-09 6.63087e-10 -5.43221e-09  8.99469e-10 6.18097e-09 -6.10987e-09  4.33576e-09 1.19679e-09 -4.72357e-08  5.73035e-09 2.63488e-10 -4.16387e-08  5.73035e-09 2.63488e-10 -4.16387e-08  -1.88653e-10 1.11451e-08 -8.01101e-08  -1.97404e-10 1.4813e-08 -1.27166e-07  -1.88653e-10 1.11451e-08 -8.01101e-08  -1.82499e-09 5.75566e-10 -8.86621e-10  -1.82499e-09 5.75566e-10 -8.86621e-10  -6.0742e-10 -5.04865e-11 -9.52677e-10  -1.13582e-09 -3.16874e-10 -1.51849e-08  2.2107e-10 5.93957e-11 -2.52396e-08  -1.13582e-09 -3.16874e-10 -1.51849e-08  -2.15449e-09 -2.48029e-09 -1.76517e-09  -1.08794e-09 -2.13327e-09 -1.1772e-09  -1.08794e-09 -2.13327e-09 -1.1772e-09  7.42418e-10 -2.04295e-10 -1.37135e-09  1.33921e-09 2.6339e-10 -1.08132e-09  1.33921e-09 2.6339e-10 -1.08132e-09  -8.02813e-08 -4.77976e-09 -1.42137e-06  -1.12891e-07 -2.5584e-08 -1.57853e-06  -1.12891e-07 -2.5584e-08 -1.57853e-06  1.35426e-10 5.35725e-10 2.6082e-10  8.37598e-12 3.1795e-10 3.41962e-10  1.70724e-10 1.68691e-10 1.74302e-10  -6.44763e-09 -1.16691e-08 -5.67491e-07  -4.34258e-08 -7.05381e-08 -7.94385e-07  -6.44763e-09 -1.16691e-08 -5.67491e-07  -2.71696e-09 8.7565e-09 -6.07154e-08  -4.09154e-10 6.66443e-09 -3.97164e-08  3.61295e-06 -7.03655e-06 1.62328e-07  5.39234e-06 -6.45974e-06 -2.14945e-07  3.53406e-06 -7.75605e-06 -1.52125e-06  8.31034e-09 5.01647e-09 -8.92268e-08  8.31034e-09 5.01647e-09 -8.92268e-08  8.31034e-09 5.01647e-09 -8.92268e-08  -1.45711e-07 3.05675e-09 1.59095e-07  -9.73246e-08 3.25527e-08 7.50312e-08  -9.73246e-08 3.25527e-08 7.50312e-08  4.36594e-09 1.29103e-08 -1.27663e-07  7.39447e-09 9.46424e-09 -8.35878e-08  5.24256e-09 5.33854e-09 -1.19502e-07  3.18515e-09 -7.65162e-10 -1.13933e-09  -5.05922e-10 -2.38645e-10 -2.21774e-08  -5.05922e-10 -2.38645e-10 -2.21774e-08  -1.46371e-09 1.1852e-09 -2.15828e-08  -4.48969e-07 3.15011e-07 -1.71506e-06  -1.33431e-06 5.89027e-07 -2.19319e-06  -7.04554e-07 3.15276e-07 -1.45626e-06  7.60639e-08 -1.90858e-08 -1.36031e-06  7.60639e-08 -1.90858e-08 -1.36031e-06  5.65078e-08 -4.34843e-08 -1.21167e-06  8.87244e-07 -1.23273e-06 7.09844e-07  1.87443e-07 -1.72245e-06 7.4486e-07  2.79193e-07 -6.89782e-07 4.46009e-07  1.50627e-09 -1.1115e-09 -1.0714e-08  -5.76541e-10 1.75379e-09 -1.65059e-08  1.12339e-09 -1.80329e-09 -1.28171e-08  -5.99344e-08 -5.51612e-08 5.69233e-08  -6.0216e-08 -2.82596e-07 1.67081e-07  -3.44069e-08 8.31251e-09 5.73677e-08  4.66487e-10 2.40383e-11 2.09917e-10  6.88697e-10 -1.07403e-10 3.28038e-10  -2.5169e-11 3.31429e-10 6.18991e-11  -4.86295e-10 -2.57199e-11 -5.96028e-10  -1.89823e-09 3.68253e-10 -7.94824e-10  -2.64437e-09 5.55267e-10 -2.71002e-10  -2.4997e-11 3.47598e-11 -4.93489e-10  -2.4997e-11 3.47598e-11 -4.93489e-10  -2.4997e-11 3.47598e-11 -4.93489e-10  5.74884e-10 -4.79065e-10 -1.23157e-08  5.74884e-10 -4.79065e-10 -1.23157e-08  -1.16143e-09 1.05911e-09 -8.62625e-09  -5.23433e-08 4.0492e-09 -4.78358e-07  -5.23433e-08 4.0492e-09 -4.78358e-07  -2.40901e-08 2.17252e-09 -2.98325e-07  -4.34258e-08 -7.05381e-08 -7.94385e-07  -6.00976e-08 -6.12969e-08 -1.01071e-06  -4.34258e-08 -7.05381e-08 -7.94385e-07  9.78262e-07 7.36013e-07 -1.49706e-06  1.04067e-06 4.38916e-07 -1.96092e-06  8.22893e-07 4.83557e-07 -1.39154e-06  1.13475e-09 1.04575e-09 -6.4491e-10  2.00897e-09 1.26191e-09 -4.47643e-10  2.00897e-09 1.26191e-09 -4.47643e-10  -1.76965e-09 6.66306e-11 -5.14217e-08  -5.04746e-09 1.72221e-09 -3.66578e-08  -1.76965e-09 6.66306e-11 -5.14217e-08  -2.09329e-09 7.05459e-10 -1.81811e-09  -1.8186e-09 1.94449e-09 -1.91678e-09  -1.61394e-09 3.27917e-10 -1.55052e-09  3.53553e-07 1.05329e-07 1.88481e-07  1.10432e-06 1.93643e-07 3.12542e-07  5.60814e-07 1.04299e-07 2.28185e-07  -2.61213e-07 2.44623e-07 -1.67437e-06  2.67448e-08 4.29474e-07 -1.67835e-06  -3.36695e-07 9.46299e-07 -2.16465e-06  7.00973e-08 -8.10652e-08 -1.15607e-06  7.00973e-08 -8.10652e-08 -1.15607e-06  4.54646e-08 -5.96329e-08 -9.29353e-07  3.59353e-09 5.17466e-08 -4.04857e-07  3.59353e-09 5.17466e-08 -4.04857e-07  -8.0244e-10 5.66513e-08 -5.8524e-07  -1.51416e-09 1.06636e-09 -1.1343e-09  -8.94692e-10 6.57173e-10 -1.22181e-09  5.0165e-08 -5.65469e-08 -1.35618e-06  -2.61213e-07 2.44623e-07 -1.67437e-06  -2.61213e-07 2.44623e-07 -1.67437e-06  -2.61213e-07 2.44623e-07 -1.67437e-06  -3.44069e-08 8.31251e-09 5.73677e-08  -1.74445e-07 2.70102e-08 6.61004e-08  -4.62896e-08 1.23571e-07 -1.49554e-06  -3.559e-09 1.51042e-07 -1.50879e-06  -3.16929e-08 2.08475e-07 -1.61909e-06  -1.4678e-11 3.36946e-09 -3.86661e-08  1.83518e-09 6.76215e-09 -5.90768e-08  7.9486e-10 3.87209e-09 -5.93081e-08  2.32802e-09 2.85488e-08 -2.84176e-07  2.32802e-09 2.85488e-08 -2.84176e-07  2.32802e-09 2.85488e-08 -2.84176e-07  1.28079e-08 -1.79069e-08 -1.58424e-07  4.91185e-09 -8.28931e-09 -1.06144e-07  4.91185e-09 -8.28931e-09 -1.06144e-07  -2.15513e-06 -9.99786e-07 1.02651e-06  -2.15513e-06 -9.99786e-07 1.02651e-06  -1.19169e-06 -1.31366e-07 6.82153e-07  -7.85636e-08 1.85366e-07 1.79209e-07  -2.60941e-08 2.83461e-07 2.49257e-07  -5.48741e-08 2.49293e-07 1.72353e-07  3.51216e-08 -1.15735e-08 -8.01384e-07  5.48433e-08 -3.09159e-08 -9.33328e-07  5.48433e-08 -3.09159e-08 -9.33328e-07  -1.21174e-09 1.66549e-09 -3.47546e-10  -9.54075e-10 5.19416e-10 -9.16761e-10  -1.07601e-09 1.88333e-09 -9.88628e-10  7.73883e-08 -8.42788e-08 -1.53909e-06  4.47602e-08 1.88232e-08 -1.04647e-06  4.47602e-08 1.88232e-08 -1.04647e-06  2.67189e-08 3.48443e-08 -9.52992e-07  5.6967e-07 5.76316e-07 -1.5005e-06  2.67238e-07 6.25068e-07 -1.51984e-06  5.85172e-07 1.24332e-06 -1.49154e-06  5.93941e-10 1.71815e-09 -3.63169e-08  5.93941e-10 1.71815e-09 -3.63169e-08  5.93941e-10 1.71815e-09 -3.63169e-08  -3.58873e-06 -4.42845e-06 -2.13008e-06  -3.50309e-06 -6.81518e-06 -1.68918e-06  -3.50309e-06 -6.81518e-06 -1.68918e-06  9.7241e-07 5.20608e-07 -2.0741e-06  8.22893e-07 4.83557e-07 -1.39154e-06  9.7241e-07 5.20608e-07 -2.0741e-06  1.63021e-08 -2.44236e-06 -1.8569e-06  -8.792e-07 -2.10752e-06 -1.84556e-06  -6.01113e-07 -2.88223e-06 -1.91199e-06  -3.8984e-09 -4.53159e-09 -3.5739e-08  -1.51449e-09 -9.16275e-10 -2.64774e-08  7.98234e-10 9.28376e-10 -2.01037e-08  -1.13439e-07 6.42949e-08 6.08338e-08  -2.23293e-10 3.23247e-09 -3.43951e-09  1.0864e-09 1.80842e-09 -2.60378e-09  1.95885e-10 -6.14004e-10 -5.92451e-09  1.72114e-08 -2.48476e-08 -3.97031e-07  1.82643e-08 -3.62026e-08 -5.43324e-07  3.28034e-08 -3.55435e-08 -4.82972e-07  -8.47832e-08 7.15562e-08 8.85147e-08  -3.46873e-07 2.37016e-07 1.5343e-07  -2.40382e-07 1.71243e-07 1.19069e-07  -1.06274e-09 3.12005e-10 -5.42002e-10  -1.61103e-09 4.57604e-10 -4.35239e-10  1.82987e-08 -3.80746e-10 -1.22834e-07  7.8953e-09 2.95505e-10 -8.71129e-08  1.52824e-08 -3.39111e-09 -1.36989e-07  8.80453e-07 -2.47237e-06 9.72295e-07  2.25222e-06 -3.61995e-06 9.64976e-07  -5.97747e-08 4.7771e-08 -8.43924e-07  -1.25278e-08 5.69175e-09 -8.39529e-07  -2.98345e-08 4.77824e-09 -6.27659e-07  -1.68197e-09 -3.34566e-09 -3.47628e-08  -1.79952e-10 5.66145e-10 -1.94636e-08  -3.11617e-09 -1.44652e-09 -3.62235e-08  1.66207e-07 2.82883e-06 -2.03047e-06  -5.32253e-07 2.10445e-06 -2.08008e-06  1.72847e-08 1.69149e-06 -1.98567e-06  -2.05473e-09 1.08495e-09 -5.50551e-09  1.55162e-09 6.63087e-10 -5.43221e-09  2.67448e-08 4.29474e-07 -1.67835e-06  4.92309e-08 7.23437e-07 -1.6672e-06  5.47964e-06 -4.57865e-06 4.53401e-07  5.39234e-06 -6.45974e-06 -2.14945e-07  1.08893e-06 -1.0571e-06 5.92724e-07  -1.16143e-09 1.05911e-09 -8.62625e-09  -1.76322e-09 -3.06813e-10 -1.01322e-08  3.83423e-06 -1.86326e-07 7.35647e-07  6.69916e-06 -1.00223e-06 2.14191e-07  3.83423e-06 -1.86326e-07 7.35647e-07  1.37935e-09 -2.09276e-09 -8.57868e-09  -4.36908e-10 -2.7763e-09 -5.08866e-09  3.13507e-10 4.55349e-10 -9.20685e-09  2.09229e-07 1.30766e-07 2.37548e-07  9.1418e-07 1.45783e-06 4.72462e-07  5.54392e-07 7.9254e-07 4.24133e-07  2.95574e-07 9.73283e-07 -1.93328e-06  -4.9588e-09 -1.13211e-08 -8.2411e-08  -4.9588e-09 -1.13211e-08 -8.2411e-08  -2.37347e-09 -7.01011e-09 -5.11284e-08  1.94331e-07 9.62437e-08 -1.59049e-06  1.05231e-07 7.12739e-08 -1.47702e-06  1.05231e-07 7.12739e-08 -1.47702e-06  -4.49408e-10 -1.01385e-09 -9.56033e-10  5.35375e-10 -1.14811e-09 -1.25711e-09  3.13402e-10 -1.15576e-09 -9.83134e-10  -1.00634e-09 5.93619e-10 -1.86158e-08  8.73598e-11 1.49231e-09 -2.25467e-08  3.5755e-10 4.48389e-10 -1.17052e-08  2.10264e-09 7.118e-10 -7.60269e-09  2.10264e-09 7.118e-10 -7.60269e-09  2.15829e-09 2.76014e-10 -5.34093e-09  1.42298e-08 3.43816e-08 -1.4016e-06  4.63562e-08 8.5685e-08 -1.11411e-06  1.42298e-08 3.43816e-08 -1.4016e-06  1.80022e-08 9.97886e-10 -1.98481e-07  1.80022e-08 9.97886e-10 -1.98481e-07  1.80022e-08 9.97886e-10 -1.98481e-07  3.06972e-08 -3.13147e-08 -7.36838e-07  3.40362e-08 -5.03188e-08 -8.44488e-07  3.40362e-08 -5.03188e-08 -8.44488e-07  1.36875e-09 4.32205e-11 -1.42829e-08  -9.68552e-10 1.32176e-09 -2.20806e-08  5.09929e-10 -4.2069e-10 -1.97813e-08  3.18515e-09 -7.65162e-10 -1.13933e-09  3.15381e-09 -5.57037e-10 -3.81739e-10  3.45093e-09 1.6314e-09 -6.35281e-09  3.33742e-09 9.8242e-10 -6.43329e-09  3.33742e-09 9.8242e-10 -6.43329e-09  -3.56955e-09 7.48497e-08 -8.755e-07  -3.56955e-09 7.48497e-08 -8.755e-07  2.26462e-08 7.89996e-08 -1.09305e-06  -4.15274e-09 5.42469e-10 -4.35405e-09  -4.07372e-09 1.1655e-09 -5.52296e-09  -3.94031e-09 6.60882e-10 -2.41845e-09  1.57554e-06 1.44888e-06 -1.96491e-06  9.7241e-07 5.20608e-07 -2.0741e-06  2.29594e-06 1.26479e-06 -1.88797e-06  1.89883e-06 -1.34177e-07 -2.17278e-06  1.8896e-06 -5.44007e-07 -2.1217e-06  2.86846e-06 -1.88443e-07 -1.94872e-06  4.87264e-07 2.79823e-07 -2.01137e-06  -2.04832e-09 -4.30915e-10 -4.37129e-09  -3.90473e-09 -1.80944e-09 -2.49797e-09  -3.90473e-09 -1.80944e-09 -2.49797e-09  3.53878e-07 -1.0683e-06 -1.36322e-06  1.67164e-07 -8.27698e-07 -1.8053e-06  1.66203e-07 -4.37121e-07 -1.54546e-06  -4.50753e-10 2.12007e-10 3.31308e-10  7.45729e-11 1.57299e-10 1.21094e-10  -4.19467e-10 1.90157e-10 3.72255e-10  5.74884e-10 -4.79065e-10 -1.23157e-08  2.74192e-09 -3.34867e-11 -2.11666e-08  5.74884e-10 -4.79065e-10 -1.23157e-08  -2.4711e-06 -8.00755e-06 -6.96618e-07  1.86737e-06 -1.62081e-07 5.29628e-07  4.22414e-06 -1.52071e-06 7.52064e-07  3.30319e-06 -2.40796e-06 8.88907e-07  1.45429e-08 1.27317e-08 -5.25826e-07  1.07828e-08 1.64e-09 -6.84054e-07  5.46257e-08 2.01613e-08 -8.63416e-07  5.73035e-09 2.63488e-10 -4.16387e-08  1.79802e-09 5.27077e-10 -2.80316e-08  7.84823e-08 3.22018e-08 -1.40349e-06  7.84823e-08 3.22018e-08 -1.40349e-06  8.67226e-08 6.61801e-09 -1.23034e-06  9.72418e-09 -9.62885e-09 -7.59951e-08  5.75412e-09 -7.62603e-09 -6.35646e-08  5.93941e-10 1.71815e-09 -3.63169e-08  8.73598e-11 1.49231e-09 -2.25467e-08  1.034e-06 1.72435e-06 4.62652e-07  8.68871e-07 1.3803e-06 3.93966e-07  4.70345e-07 7.91851e-07 3.67643e-07  4.1765e-09 -9.67895e-09 -8.31159e-08  -1.98337e-09 4.27373e-09 -6.75579e-08  -1.98337e-09 4.27373e-09 -6.75579e-08  -1.04601e-08 4.26125e-09 -7.65531e-08  8.034e-08 4.14762e-08 -8.81032e-07  1.70471e-10 9.78115e-10 -2.13428e-08  1.70471e-10 9.78115e-10 -2.13428e-08  1.70471e-10 9.78115e-10 -2.13428e-08  2.24297e-06 8.87773e-06 -1.35162e-06  1.93082e-06 5.03307e-06 -2.16345e-06  4.40272e-06 6.54987e-06 -1.85241e-06  2.82736e-06 4.34131e-06 -2.08525e-06  2.82736e-06 4.34131e-06 -2.08525e-06  -1.05591e-09 -1.52958e-09 -1.98838e-09  -8.59522e-10 -1.06409e-09 -1.93442e-09  1.30644e-10 -9.49226e-10 -1.99516e-09  -2.55328e-07 -1.85666e-08 -1.64524e-06  -1.8898e-07 -4.93988e-08 -1.62726e-06  -3.11842e-07 -1.24361e-08 -1.6516e-06  -7.3981e-06 -2.89136e-06 3.50381e-07  -7.3981e-06 -2.89136e-06 3.50381e-07  -7.3981e-06 -2.89136e-06 3.50381e-07  -2.24214e-06 9.00136e-07 7.92271e-07  -5.6177e-07 2.83571e-07 4.97173e-07  -6.01197e-07 1.03757e-07 4.90946e-07  1.834e-09 -2.52587e-09 -5.9329e-09  -5.76541e-10 1.75379e-09 -1.65059e-08  -2.71696e-09 8.7565e-09 -6.07154e-08  -5.42748e-09 9.35236e-09 -8.48401e-08  -2.71696e-09 8.7565e-09 -6.07154e-08  -8.2216e-09 -2.72426e-09 -6.85082e-08  -8.2216e-09 -2.72426e-09 -6.85082e-08  -8.2216e-09 -2.72426e-09 -6.85082e-08  5.24256e-09 5.33854e-09 -1.19502e-07  1.91334e-08 1.85198e-08 -1.78161e-07  -2.4792e-08 3.1361e-08 -4.54297e-07  -3.3982e-08 2.99027e-08 -7.25818e-07  -1.96786e-08 1.49873e-08 -5.84957e-07  -2.1849e-10 -2.59124e-10 2.46758e-10  -3.73557e-10 1.83283e-10 1.49775e-10  -1.41676e-10 -1.01296e-10 1.37356e-10  3.51216e-08 -1.15735e-08 -8.01384e-07  6.007e-08 -1.14456e-08 -6.19914e-07  3.51216e-08 -1.15735e-08 -8.01384e-07  -4.62896e-08 1.23571e-07 -1.49554e-06  -3.39196e-08 7.80457e-08 -1.29236e-06  -1.54728e-07 1.62144e-07 1.47642e-07  1.33599e-09 -3.79556e-09 -4.13426e-08  2.89726e-09 -4.3427e-09 -5.08298e-08  -9.23436e-10 -1.39808e-09 -2.68149e-08  -9.00433e-12 -3.79368e-10 6.93678e-11  5.03732e-11 -4.03228e-10 -1.89838e-10  1.85349e-10 -1.11591e-09 5.10503e-11  2.27617e-08 -5.45621e-08 -9.50249e-07  4.19917e-08 -8.77738e-08 -1.06063e-06  3.40362e-08 -5.03188e-08 -8.44488e-07  2.77681e-07 4.40608e-07 -1.99916e-06  2.23112e-07 2.01934e-07 -1.83189e-06  6.24783e-07 5.17886e-07 -2.00309e-06  -2.35983e-10 1.23689e-09 -7.14097e-10  -3.20944e-10 1.66639e-09 -8.44106e-10  -3.20944e-10 1.66639e-09 -8.44106e-10  2.21579e-07 -1.46914e-06 -1.97477e-06  -7.6842e-09 -6.10779e-07 -1.49928e-06  -1.29493e-07 -1.34604e-06 -1.96129e-06  -1.87418e-09 3.65338e-08 -3.45709e-07  -1.87418e-09 3.65338e-08 -3.45709e-07  -5.01228e-09 1.88319e-08 -2.04607e-07  1.21377e-09 -9.4189e-10 -2.45473e-10  1.66428e-09 -1.16667e-09 -8.77601e-10  2.41339e-09 -4.84066e-11 -7.95114e-10  1.42298e-08 3.43816e-08 -1.4016e-06  1.75277e-08 1.23613e-07 -1.39481e-06  -5.13151e-09 -1.27687e-08 -2.14569e-07  -5.13151e-09 -1.27687e-08 -2.14569e-07  -1.79703e-08 -3.24023e-08 -3.08894e-07  -6.56805e-06 2.05746e-06 3.3812e-07  -4.97268e-06 -1.47985e-07 1.02085e-06  -8.32021e-06 4.58915e-07 -1.40433e-08  -4.59055e-08 -1.3139e-06 -1.45104e-06  -3.368e-07 -1.36822e-06 -1.42772e-06  9.73558e-08 -7.81347e-07 -1.41799e-06  7.70638e-06 -2.2329e-06 -1.14322e-06  7.70638e-06 -2.2329e-06 -1.14322e-06  6.86512e-06 -3.84535e-06 7.37473e-08  -1.19624e-06 4.87682e-08 -1.40491e-06  -1.19624e-06 4.87682e-08 -1.40491e-06  -6.7784e-07 1.65584e-07 -1.80222e-06  -1.28306e-08 2.99389e-08 -3.30564e-07  -1.28306e-08 2.99389e-08 -3.30564e-07  -1.87418e-09 3.65338e-08 -3.45709e-07  -1.62283e-06 1.38839e-06 -2.1458e-06  -4.48969e-07 3.15011e-07 -1.71506e-06  7.10765e-08 -9.59439e-08 -1.49115e-06  1.77111e-07 -1.63567e-07 -1.66264e-06  1.14034e-07 -6.03944e-08 -1.60163e-06  7.73883e-08 -8.42788e-08 -1.53909e-06  -3.45767e-09 -3.39755e-08 -2.0635e-07  7.35145e-10 -3.00763e-08 -2.39857e-07  1.7973e-10 -2.35701e-08 -1.63662e-07  1.66207e-07 2.82883e-06 -2.03047e-06  -3.39196e-08 7.80457e-08 -1.29236e-06  -3.559e-09 1.51042e-07 -1.50879e-06  9.08808e-09 3.60315e-09 -1.19552e-07  7.8953e-09 2.95505e-10 -8.71129e-08  1.18033e-09 7.16184e-10 -1.08081e-08  2.11705e-10 -8.44606e-10 -2.6309e-08  1.3521e-09 -7.68324e-09 -4.76741e-08  1.96135e-09 -3.08683e-09 -2.41048e-09  4.2413e-10 -1.27491e-09 -3.34548e-09  1.18828e-09 -2.35834e-09 -2.9952e-09  -2.09655e-09 1.37068e-09 -9.72308e-09  -1.04425e-09 9.81439e-10 -1.66496e-08  -5.314e-10 1.96399e-09 -1.14836e-08  -7.65064e-10 -3.26299e-10 -1.58341e-08  4.00665e-10 1.39467e-09 -9.02667e-10  1.32015e-10 4.38142e-10 -4.7649e-10  4.00665e-10 1.39467e-09 -9.02667e-10  -1.89671e-09 1.29269e-09 -1.56508e-09  4.99171e-10 1.7115e-09 -3.51117e-09  4.99171e-10 1.7115e-09 -3.51117e-09  -1.32167e-09 -1.09404e-09 -4.07272e-09  -8.62782e-10 -2.32716e-09 -3.86267e-09  -1.95615e-09 -2.01658e-09 -2.64282e-09  -2.5979e-09 5.48649e-11 -3.60046e-11  -1.74774e-09 3.6119e-10 -6.22273e-10  -1.46268e-09 9.59765e-11 -7.61218e-10  -1.27192e-06 -1.54244e-06 -1.84749e-06  -1.7865e-06 -1.02975e-06 -2.03316e-06  -3.17973e-06 -1.85838e-06 -2.0473e-06  -7.91932e-10 4.21469e-09 -5.89896e-09  1.95885e-10 -6.14004e-10 -5.92451e-09  -2.3233e-10 3.79218e-09 -8.68428e-09  -1.26337e-10 -5.85992e-10 -2.95083e-10  -1.26337e-10 -5.85992e-10 -2.95083e-10  -3.47832e-10 1.53399e-10 -1.3588e-09  5.09589e-10 3.031e-10 2.44789e-11  -1.87418e-09 3.65338e-08 -3.45709e-07  -8.0244e-10 5.66513e-08 -5.8524e-07  -1.1428e-08 3.61578e-08 -4.44033e-07  -5.80849e-08 6.98511e-09 -9.01905e-07  -1.25278e-08 5.69175e-09 -8.39529e-07  8.67226e-08 6.61801e-09 -1.23034e-06  -1.33686e-07 1.41356e-07 -1.51964e-06  -1.33686e-07 1.41356e-07 -1.51964e-06  -1.33686e-07 1.41356e-07 -1.51964e-06  -1.64386e-07 1.31918e-07 -1.5985e-06  -1.64386e-07 1.31918e-07 -1.5985e-06  -8.74916e-08 5.88589e-08 -1.47066e-06  -2.52965e-06 3.11585e-06 -2.08422e-06  -1.80719e-06 2.11446e-06 -1.96459e-06  -1.50201e-06 2.86106e-06 -1.97573e-06  1.40124e-09 -1.24757e-09 -6.39691e-10  4.31656e-10 -1.95654e-09 -1.12456e-09  1.66428e-09 -1.16667e-09 -8.77601e-10  1.21377e-09 -9.4189e-10 -2.45473e-10  8.96497e-10 7.10846e-11 -6.05209e-10  3.98182e-10 -8.75645e-10 -8.72176e-12  -3.75167e-10 -1.52483e-09 -1.09373e-09  7.83442e-11 -1.08156e-09 -7.42445e-10  -2.03339e-10 -1.56388e-09 -1.28031e-09  -1.3313e-08 2.09494e-08 -1.93188e-07  -7.72038e-09 1.14319e-08 -1.34337e-07  -5.01228e-09 1.88319e-08 -2.04607e-07  -1.46371e-09 1.1852e-09 -2.15828e-08  -3.21703e-09 -2.40758e-09 -1.77018e-09  -1.95615e-09 -2.01658e-09 -2.64282e-09  1.2195e-09 -2.6767e-10 4.19996e-10  1.14281e-09 -9.00948e-11 -4.32983e-10  1.6866e-09 2.53755e-10 -2.12709e-10  1.88555e-06 2.32853e-06 -1.81204e-06  1.88555e-06 2.32853e-06 -1.81204e-06  1.96135e-09 -3.08683e-09 -2.41048e-09  1.78168e-09 -3.55298e-09 -1.6915e-09  1.20665e-09 -3.27336e-09 -1.16635e-09  8.96497e-10 7.10846e-11 -6.05209e-10  9.03124e-09 1.35696e-09 -6.18795e-08  4.25472e-09 -2.0557e-09 -4.55712e-08  -4.42777e-08 -3.04051e-09 -2.30446e-07  -2.40901e-08 2.17252e-09 -2.98325e-07  -3.51902e-08 -2.01553e-09 -2.83458e-07  -1.4236e-07 -3.56827e-08 -1.48817e-06  -1.0591e-07 -2.15486e-08 -1.33922e-06  -3.48148e-08 1.34744e-08 -4.51566e-07  3.20156e-08 2.67658e-07 -1.66627e-06  -2.82557e-09 2.58805e-07 -1.67622e-06  -3.16929e-08 2.08475e-07 -1.61909e-06  -7.20659e-08 3.42143e-07 1.6205e-07  1.46027e-09 7.63016e-09 -2.69364e-07  5.93736e-09 1.58904e-08 -1.7422e-07  1.34028e-08 1.58357e-08 -2.04072e-07  7.67739e-07 -9.83181e-07 -1.33234e-06  7.67739e-07 -9.83181e-07 -1.33234e-06  7.67739e-07 -9.83181e-07 -1.33234e-06  2.12448e-09 -1.93629e-09 -6.37526e-09  1.834e-09 -2.52587e-09 -5.9329e-09  6.11486e-07 -6.79895e-07 -2.02862e-06  7.98635e-07 -5.3075e-07 -1.35056e-06  7.33876e-07 -3.9868e-07 -1.99975e-06  -1.56065e-09 2.80187e-10 -3.87564e-08  2.01881e-08 2.17482e-08 -2.68858e-07  2.01881e-08 2.17482e-08 -2.68858e-07  2.01881e-08 2.17482e-08 -2.68858e-07  -6.46635e-10 -1.01487e-10 -1.60182e-08  8.84931e-10 -2.4257e-09 -1.16336e-08  1.69664e-10 -1.46451e-09 -1.37021e-08  3.61295e-06 -7.03655e-06 1.62328e-07  -9.23436e-10 -1.39808e-09 -2.68149e-08  -9.23436e-10 -1.39808e-09 -2.68149e-08  1.43587e-08 -5.99737e-09 -2.67073e-07  1.43587e-08 -5.99737e-09 -2.67073e-07  2.95596e-08 -1.44871e-08 -3.45191e-07  3.06972e-08 -3.13147e-08 -7.36838e-07  1.13297e-06 6.49557e-06 -2.21661e-06  -4.58324e-08 -3.41274e-09 -5.97173e-07  -3.34771e-08 9.40903e-09 -9.12278e-07  -7.50399e-08 -1.92745e-08 -7.4487e-07  1.0716e-07 1.28898e-06 6.41927e-07  8.87159e-07 2.93533e-06 7.20531e-07  3.42556e-07 8.40901e-07 5.12348e-07  1.18033e-09 7.16184e-10 -1.08081e-08  1.10101e-08 7.92691e-09 -1.30093e-07  -5.25742e-08 -2.46382e-08 -1.20755e-06  -4.15151e-08 -3.51582e-08 -1.17079e-06  3.57845e-09 1.12973e-07 -1.56045e-06  -3.559e-09 1.51042e-07 -1.50879e-06  3.57845e-09 1.12973e-07 -1.56045e-06  -1.35023e-09 1.81433e-10 -2.70538e-10  -5.59474e-10 4.1533e-10 -9.05283e-11  -1.9431e-11 6.49405e-10 -6.55445e-10  -3.58672e-09 -1.30963e-09 -1.88051e-09  -2.05801e-09 4.92486e-10 -7.83688e-10  -1.96785e-09 4.00937e-10 -1.76083e-09  -4.06907e-08 2.49779e-07 -1.65971e-06  -4.32358e-08 2.61697e-07 -1.85233e-06  -4.32358e-08 2.61697e-07 -1.85233e-06  -7.72038e-09 1.14319e-08 -1.34337e-07  -5.01228e-09 1.88319e-08 -2.04607e-07  -1.4678e-11 3.36946e-09 -3.86661e-08  -1.06655e-09 3.37153e-09 -2.88638e-08  2.14056e-07 1.09456e-08 -1.7858e-06  4.64798e-07 3.57007e-08 -1.95551e-06  2.04263e-07 6.76955e-08 -1.8155e-06  1.58693e-09 8.86756e-10 -6.26543e-10  9.76383e-10 2.42133e-10 -1.91265e-11  3.4104e-08 7.2547e-08 -7.35913e-07  3.01688e-08 7.08781e-08 -9.26282e-07  3.01688e-08 7.08781e-08 -9.26282e-07  -9.16694e-11 -4.90169e-09 -6.44538e-08  3.87902e-09 -1.35981e-08 -1.18101e-07  4.1765e-09 -9.67895e-09 -8.31159e-08  -7.08938e-10 -2.17448e-09 -3.11926e-09  2.8488e-10 -2.09897e-09 -4.43843e-09  -9.68552e-10 1.32176e-09 -2.20806e-08  -2.11449e-10 -6.53783e-10 -1.63361e-08  7.554e-10 -1.20471e-09 -1.91079e-08  7.74403e-09 -1.2907e-09 -6.27507e-08  7.98635e-07 -5.3075e-07 -1.35056e-06  6.86512e-06 -3.84535e-06 7.37473e-08  -7.13297e-07 4.68194e-06 -2.09564e-06  8.73598e-11 1.49231e-09 -2.25467e-08  -1.3313e-08 2.09494e-08 -1.93188e-07  -1.3313e-08 2.09494e-08 -1.93188e-07  -6.6225e-10 1.81756e-10 -5.27502e-10  -1.61103e-09 4.57604e-10 -4.35239e-10  -8.5028e-10 -7.15558e-11 -5.48591e-10  -1.64089e-07 -6.72386e-07 4.1983e-07  -2.28321e-08 -5.72011e-07 2.42848e-07  -4.80428e-08 -1.05213e-06 4.04082e-07  -8.15953e-11 -8.63054e-11 -4.71112e-10  1.13475e-09 1.04575e-09 -6.4491e-10  1.61018e-09 7.24662e-10 -6.87478e-10  -2.59644e-10 1.08316e-10 1.66152e-10  -2.59644e-10 1.08316e-10 1.66152e-10  -1.8616e-10 1.41479e-10 1.286e-10  -1.56986e-09 7.0827e-10 -6.35361e-09  -3.65685e-09 6.3282e-10 -6.77455e-09  -1.74132e-09 -8.88384e-11 -3.78725e-09  1.72439e-06 5.55892e-06 7.00049e-07  1.72439e-06 5.55892e-06 7.00049e-07  2.85907e-07 5.72433e-06 8.80487e-07  1.29558e-07 1.74375e-07 -1.80402e-06  1.9101e-07 1.62483e-07 -1.74447e-06  -1.26831e-06 1.08722e-06 6.72937e-07  -6.23111e-07 4.7541e-07 3.93375e-07  -6.78824e-07 4.85338e-07 4.61804e-07  -2.43502e-06 1.19737e-06 -1.93498e-06  -3.05068e-06 1.77601e-06 -1.97823e-06  -3.73628e-06 1.02275e-06 -2.0827e-06  8.06283e-06 7.91122e-07 -6.02871e-07  8.06283e-06 7.91122e-07 -6.02871e-07  5.18066e-06 1.01889e-06 6.05401e-07  1.65495e-06 3.37463e-06 6.22424e-07  2.59218e-06 4.3213e-06 6.79893e-07  6.5494e-07 9.98447e-08 2.1711e-07  1.86737e-06 -1.62081e-07 5.29628e-07  3.0292e-07 -3.28235e-08 1.31459e-07  6.42128e-07 -3.09655e-07 3.70531e-07  -5.62821e-06 -6.40293e-06 -1.03681e-06  -6.734e-06 -4.80461e-06 -6.51495e-07  -6.734e-06 -4.80461e-06 -6.51495e-07  2.67238e-07 6.25068e-07 -1.51984e-06  5.85172e-07 1.24332e-06 -1.49154e-06  3.87902e-09 -1.35981e-08 -1.18101e-07  1.28079e-08 -1.79069e-08 -1.58424e-07  -1.05905e-07 7.76261e-07 -1.98398e-06  2.03599e-09 2.59711e-07 -1.91971e-06  -3.40721e-06 2.84764e-06 7.39656e-07  -5.3109e-06 4.51552e-06 2.92097e-08  -3.40721e-06 2.84764e-06 7.39656e-07  -5.10824e-06 -5.65237e-06 3.40711e-07  -4.36709e-06 -7.10899e-06 -3.34456e-07  -3.00485e-07 8.38979e-09 1.37398e-07  -2.9961e-07 1.10819e-08 1.09122e-07  -1.74445e-07 2.70102e-08 6.61004e-08  -8.69867e-06 -3.14755e-06 -1.37193e-06  -9.34947e-06 -1.30207e-06 -9.29154e-07  2.24164e-06 -5.45217e-06 -2.23422e-06  3.53406e-06 -7.75605e-06 -1.52125e-06  3.20214e-06 -4.70893e-06 -2.29338e-06  2.76879e-06 2.99011e-06 6.95063e-07  5.89373e-06 5.08959e-06 1.67395e-07  4.12648e-06 2.89641e-06 6.9092e-07  5.29229e-06 4.0079e-06 -2.02248e-06  3.07985e-06 2.50902e-06 -1.94858e-06  -2.24214e-06 9.00136e-07 7.92271e-07  -1.33686e-07 1.41356e-07 -1.51964e-06  -3.61043e-08 4.41484e-08 -1.37513e-06  -4.94205e-08 7.20094e-08 -1.29182e-06  -7.43977e-08 1.51511e-07 -1.62432e-06  3.83391e-10 1.48954e-07 -1.75866e-06  -7.43977e-08 1.51511e-07 -1.62432e-06  8.12736e-06 3.41957e-06 -1.23883e-06  7.20179e-06 1.30708e-06 -1.76629e-06  1.54064e-07 -1.57805e-07 -1.69833e-06  1.04661e-07 -1.20125e-07 -1.80729e-06  1.432e-07 -2.38286e-08 -1.71641e-06  4.1965e-06 -4.34726e-06 -2.26265e-06  2.70364e-06 -3.16916e-06 -2.26201e-06  3.20214e-06 -4.70893e-06 -2.29338e-06  3.09031e-06 7.93616e-07 -1.86526e-06  3.09031e-06 7.93616e-07 -1.86526e-06  2.39494e-06 2.63141e-07 -2.06619e-06  8.81433e-08 -6.29898e-07 2.87742e-07  -1.37367e-07 -5.21824e-08 -1.63075e-06  -2.04574e-07 -1.47268e-07 -1.71543e-06  -2.04574e-07 -1.47268e-07 -1.71543e-06  -7.95356e-06 -1.14371e-06 -2.0679e-06  4.1965e-06 -4.34726e-06 -2.26265e-06  2.96314e-06 -1.52509e-06 -2.14392e-06  2.70101e-06 -2.27892e-06 -2.19154e-06  7.84823e-08 3.22018e-08 -1.40349e-06  4.47602e-08 1.88232e-08 -1.04647e-06  4.83699e-07 1.47971e-07 -2.01489e-06  4.83699e-07 1.47971e-07 -2.01489e-06  8.06283e-06 7.91122e-07 -6.02871e-07  1.2145e-08 -1.72081e-08 -3.22283e-07  1.78462e-08 -2.09015e-08 -2.09395e-07  1.78022e-06 -1.30063e-06 -2.09233e-06  1.78022e-06 -1.30063e-06 -2.09233e-06  -4.06907e-08 2.49779e-07 -1.65971e-06  1.1974e-07 -1.62103e-07 -1.62073e-06  1.72598e-07 2.54006e-08 -1.70479e-06  1.87119e-07 8.82992e-08 -1.735e-06  2.77681e-07 4.40608e-07 -1.99916e-06  2.77681e-07 4.40608e-07 -1.99916e-06  2.77681e-07 4.40608e-07 -1.99916e-06  2.69328e-07 1.12422e-06 -1.97802e-06  -8.24037e-08 1.31677e-06 -1.68393e-06  1.3711e-07 2.18773e-07 -1.7919e-06  1.1982e-07 1.92741e-07 -1.71704e-06  9.90394e-08 -5.0369e-07 -1.97718e-06  6.23719e-07 -1.12196e-06 -1.8582e-06  1.81015e-07 -3.39823e-07 -1.90729e-06  -2.09655e-09 1.37068e-09 -9.72308e-09  1.47323e-07 -1.04362e-07 -1.67582e-06  2.20629e-07 -8.42502e-08 -1.65346e-06  1.12954e-09 -1.74213e-09 -1.26568e-08  2.26462e-08 7.89996e-08 -1.09305e-06  2.26462e-08 7.89996e-08 -1.09305e-06  1.88861e-08 -2.70798e-07 -1.73016e-06  5.71708e-08 -2.15889e-07 -1.69181e-06  1.80451e-08 -1.134e-07 -1.5964e-06  6.2974e-08 5.50143e-08 -6.68239e-07  2.44366e-08 3.85192e-08 -5.47167e-07  6.2974e-08 5.50143e-08 -6.68239e-07  5.48433e-08 -3.09159e-08 -9.33328e-07  4.24471e-08 1.87004e-07 -1.7378e-06  -2.95627e-08 -1.97935e-07 -1.73355e-06  -1.31388e-07 -2.11864e-07 -1.77318e-06  -6.12624e-08 -1.59562e-07 -1.83853e-06  1.90021e-10 -8.30718e-10 -2.36279e-10  -1.7771e-10 -5.37319e-10 -3.24941e-10  7.57739e-10 -5.99822e-10 -3.33022e-10  5.95731e-10 -1.48233e-09 -2.4774e-10  1.47617e-09 -3.73023e-10 -4.85787e-10  1.22793e-09 -2.4537e-10 2.58103e-10  9.36523e-10 -1.74169e-10 4.18542e-10  -4.92201e-08 -2.39103e-08 -4.73179e-07  -3.92217e-08 -1.22934e-08 -4.94242e-07  -6.01046e-08 -1.84307e-08 -6.28837e-07  5.47921e-08 -1.70558e-08 -5.04095e-07  3.44632e-08 -4.42109e-09 -4.90792e-07  1.61064e-08 -5.28057e-10 -3.16383e-07  -2.23945e-09 1.115e-09 -6.90813e-09  -2.23945e-09 1.115e-09 -6.90813e-09  -1.91711e-09 3.30654e-10 -5.42974e-09  -1.96194e-09 -2.15162e-09 -6.70222e-09  -3.99522e-10 -1.08666e-09 -4.89527e-09  -3.99522e-10 -1.08666e-09 -4.89527e-09  -1.02274e-08 -1.25302e-08 -4.21702e-07  -1.24766e-08 -2.84037e-08 -4.29359e-07  -8.70179e-10 -3.78391e-08 -5.52185e-07  1.13067e-08 -3.74229e-08 -4.64492e-07  6.50919e-09 -2.65398e-08 -3.54797e-07  3.96532e-09 8.10944e-08 1.35748e-07  1.62584e-07 2.31076e-07 3.13315e-07  1.02647e-07 7.90565e-08 1.63402e-07  5.14237e-08 1.20128e-08 -3.55694e-07  1.45697e-08 2.62149e-09 -2.41614e-07  3.3124e-08 7.03569e-09 -2.81032e-07  -8.38319e-09 -2.23624e-09 -1.00571e-07  -8.38319e-09 -2.23624e-09 -1.00571e-07  -4.34379e-09 1.02518e-09 -1.44021e-07  -3.97333e-08 2.28457e-08 -3.95988e-07  -4.25598e-08 1.93605e-08 -3.21255e-07  -3.01017e-10 -4.97515e-11 1.6501e-10  -1.66965e-09 2.5643e-10 1.84467e-10  3.26833e-09 -1.5559e-09 -2.41055e-09  2.8587e-09 -1.54424e-09 -3.34256e-09  1.18778e-09 -1.34603e-09 -2.6443e-09  -2.11449e-10 -6.53783e-10 -1.63361e-08  1.36875e-09 4.32205e-11 -1.42829e-08  -2.11449e-10 -6.53783e-10 -1.63361e-08  -3.01017e-10 -4.97515e-11 1.6501e-10  -1.26863e-07 2.37772e-08 -1.57383e-06  -1.26863e-07 2.37772e-08 -1.57383e-06  1.79802e-09 5.27077e-10 -2.80316e-08  8.61441e-10 7.70473e-10 -1.80357e-08  -8.2855e-10 1.17303e-08 -2.08072e-07  3.86875e-10 -1.22274e-09 -1.21586e-09  1.45708e-10 -1.60129e-09 -4.76459e-10  6.50491e-10 -9.17472e-10 -5.64943e-10  1.40124e-09 -1.24757e-09 -6.39691e-10  4.43652e-09 -2.17328e-09 -3.49036e-08  3.46439e-10 -1.63562e-09 -2.22184e-08  7.83442e-11 -1.08156e-09 -7.42445e-10  2.58529e-09 3.51133e-09 -5.13277e-08  2.58529e-09 3.51133e-09 -5.13277e-08  2.58529e-09 3.51133e-09 -5.13277e-08  -2.18776e-09 -3.35967e-10 -2.98407e-09  1.53868e-10 6.55915e-10 -1.53773e-08  1.60545e-09 8.57416e-11 -9.00736e-09  -3.18207e-09 -4.66521e-10 -2.84865e-08  -9.68552e-10 1.32176e-09 -2.20806e-08  -1.095e-10 1.14122e-09 -3.6584e-10  -1.19227e-09 -1.13208e-09 -1.09837e-09  -3.47832e-10 1.53399e-10 -1.3588e-09  7.554e-10 -1.20471e-09 -1.91079e-08  -1.62873e-10 -3.419e-10 -2.00416e-08  -5.314e-10 1.96399e-09 -1.14836e-08  2.44328e-09 2.83399e-09 -2.82246e-08  3.14256e-09 1.71713e-09 -2.65165e-08  -7.58242e-10 1.05739e-10 -6.51424e-10  -1.59803e-09 2.7858e-10 -5.29886e-10  -2.40574e-09 3.27892e-10 -2.40493e-10  1.13779e-09 5.60153e-10 -1.25708e-08  7.39447e-09 9.46424e-09 -8.35878e-08  1.83518e-09 6.76215e-09 -5.90768e-08  -2.46339e-09 2.76752e-09 -1.03363e-09  -3.12744e-09 3.6184e-09 -2.17631e-09  -2.30868e-09 3.30626e-09 -2.70665e-09  -5.06897e-08 5.00906e-08 -1.69415e-06  -5.06897e-08 5.00906e-08 -1.69415e-06  1.87992e-08 3.14624e-08 -3.54988e-07  1.46027e-09 7.63016e-09 -2.69364e-07  -2.52111e-07 6.11473e-07 -1.98615e-06  -2.52111e-07 6.11473e-07 -1.98615e-06  2.44328e-09 2.83399e-09 -2.82246e-08  -2.09329e-09 7.05459e-10 -1.81811e-09  -1.61394e-09 3.27917e-10 -1.55052e-09  1.12954e-09 -1.74213e-09 -1.26568e-08  -1.23939e-09 -1.93878e-09 -1.96221e-08  -5.65316e-10 -8.35978e-10 -2.84458e-08  -1.23939e-09 -1.93878e-09 -1.96221e-08  -1.42042e-08 8.82245e-10 -8.98411e-08  -1.0422e-08 5.1125e-09 -1.04546e-07  -6.21764e-09 2.86982e-09 -1.46356e-07  -1.76322e-09 -3.06813e-10 -1.01322e-08  5.05688e-07 -9.25189e-07 -2.0426e-06  1.41003e-06 -1.86762e-06 -2.08641e-06  1.20234e-06 -1.14149e-06 -2.16506e-06  -2.28956e-09 -1.61636e-09 -7.72642e-09  1.07922e-10 4.27726e-10 -1.43111e-08  -1.71448e-09 -9.39876e-10 -9.56203e-09  1.0864e-09 1.80842e-09 -2.60378e-09  2.70473e-09 2.28768e-09 -2.82321e-09  -3.02541e-09 8.40799e-10 -1.21741e-09  -1.67886e-08 8.91668e-09 -1.48247e-07  -1.26753e-08 7.64204e-09 -1.48694e-07  -1.67886e-08 8.91668e-09 -1.48247e-07  2.2107e-10 5.93957e-11 -2.52396e-08  3.97626e-10 -1.5203e-09 -1.88137e-08  1.79802e-09 5.27077e-10 -2.80316e-08  4.25472e-09 -2.0557e-09 -4.55712e-08  -2.31417e-09 6.99883e-10 -3.47149e-10  -2.05801e-09 4.92486e-10 -7.83688e-10  -1.50906e-09 3.10894e-10 -5.81834e-10  -8.94692e-10 6.57173e-10 -1.22181e-09  -3.20944e-10 1.66639e-09 -8.44106e-10  2.57011e-10 1.08754e-09 -1.85109e-09  4.54183e-10 2.41465e-09 -2.23141e-09  1.63187e-10 2.58906e-09 -2.46041e-09  -8.62782e-10 -2.32716e-09 -3.86267e-09  2.8488e-10 -2.09897e-09 -4.43843e-09  1.69012e-09 -3.48211e-10 -2.76261e-09  -2.61155e-11 2.35213e-09 -4.07055e-10  -3.94802e-11 3.22102e-09 -1.02765e-09  -2.00356e-09 -9.85204e-10 -6.91206e-10  -1.35747e-09 -1.2873e-09 -5.5933e-10  -1.35747e-09 -1.2873e-09 -5.5933e-10  -3.50028e-07 5.29244e-08 -1.93448e-06  -2.49314e-07 5.71832e-08 -1.70334e-06  -2.49314e-07 5.71832e-08 -1.70334e-06  -9.99017e-10 -3.02026e-10 -8.80349e-10  -2.20636e-09 -7.73116e-10 -1.19092e-09  -2.20636e-09 -7.73116e-10 -1.19092e-09  -3.76664e-09 7.69279e-09 -6.55505e-08  -9.99017e-10 -3.02026e-10 -8.80349e-10  -1.35747e-09 -1.2873e-09 -5.5933e-10  -1.30835e-10 -5.10155e-10 -9.5601e-10  -1.05713e-06 6.21984e-07 -1.61225e-06  -2.65421e-07 3.31777e-07 -1.99296e-06  -8.59413e-07 8.31685e-07 -1.39596e-06  3.26833e-09 -1.5559e-09 -2.41055e-09  -3.02541e-09 8.40799e-10 -1.21741e-09  -4.94205e-08 7.20094e-08 -1.29182e-06  -3.78187e-08 8.67629e-08 -1.09845e-06  -1.93574e-09 -1.16074e-09 -9.14595e-10  -1.45517e-09 -2.41114e-10 -7.40191e-10  -4.11615e-10 -7.17819e-10 -6.35409e-10  -4.94205e-08 7.20094e-08 -1.29182e-06  3.24446e-09 -1.03742e-09 -2.34504e-09  3.24446e-09 -1.03742e-09 -2.34504e-09  1.1448e-09 -2.23012e-09 -7.36376e-10  5.35375e-10 -1.14811e-09 -1.25711e-09  -2.40901e-08 2.17252e-09 -2.98325e-07  -2.33869e-11 2.95051e-10 -1.34445e-09  3.29232e-10 -7.14032e-10 -8.97376e-10  -2.61072e-10 -4.30392e-10 -6.22597e-10  -2.69445e-07 5.60492e-08 -1.78069e-06  -2.46396e-07 4.09689e-08 -1.66321e-06  -2.46396e-07 4.09689e-08 -1.66321e-06  -6.40232e-10 -1.94259e-09 -1.45379e-09  -2.34451e-06 7.74631e-06 1.33049e-07  -1.51171e-06 8.22926e-06 -1.44739e-06  -5.51668e-07 9.13524e-06 -3.25694e-07  -1.51171e-06 8.22926e-06 -1.44739e-06  1.55151e-10 1.41539e-10 1.5536e-10  -1.61887e-10 4.21075e-10 4.00144e-11  -1.1872e-06 2.38742e-07 -1.71358e-06  -7.04554e-07 3.15276e-07 -1.45626e-06  -1.43719e-08 -5.97368e-08 -6.40226e-07  -1.43719e-08 -5.97368e-08 -6.40226e-07  -1.43719e-08 -5.97368e-08 -6.40226e-07  6.30167e-08 5.977e-08 -1.281e-06  3.11128e-09 9.94751e-09 -8.30184e-08  7.9486e-10 3.87209e-09 -5.93081e-08  3.20156e-08 2.67658e-07 -1.66627e-06  -1.0408e-08 -4.73256e-09 -6.36836e-08  -3.75346e-09 -2.64494e-09 -4.93621e-08  -1.0408e-08 -4.73256e-09 -6.36836e-08  -3.62747e-08 6.83443e-08 -1.04587e-06  -3.62747e-08 6.83443e-08 -1.04587e-06  1.57554e-06 1.44888e-06 -1.96491e-06  5.6967e-07 5.76316e-07 -1.5005e-06  9.12992e-07 7.21992e-07 -1.95338e-06  9.78262e-07 7.36013e-07 -1.49706e-06  8.21267e-07 9.62988e-07 -1.69894e-06  -9.86548e-10 -9.32122e-10 -1.75389e-08  -9.86548e-10 -9.32122e-10 -1.75389e-08  3.15331e-10 -5.79506e-10 -2.69368e-08  -5.04049e-07 -1.29036e-06 -1.79607e-06  -5.04049e-07 -1.29036e-06 -1.79607e-06  -2.10771e-07 -4.11091e-07 -2.0006e-06  -1.77488e-08 1.03207e-08 -1.07472e-07  -1.04601e-08 4.26125e-09 -7.65531e-08  -5.04608e-07 -7.56667e-08 -1.71333e-06  -5.04608e-07 -7.56667e-08 -1.71333e-06  -6.7784e-07 1.65584e-07 -1.80222e-06  -7.95356e-06 -1.14371e-06 -2.0679e-06  -6.32421e-06 3.24661e-07 -2.35844e-06  -6.32421e-06 3.24661e-07 -2.35844e-06  1.28284e-06 -4.09447e-07 -1.46232e-06  1.09425e-06 -2.62453e-07 -1.94486e-06  -2.92757e-06 -5.17203e-06 7.13313e-07  -5.10824e-06 -5.65237e-06 3.40711e-07  5.29229e-06 4.0079e-06 -2.02248e-06  -4.55736e-06 2.02152e-06 -2.12661e-06  -4.55736e-06 2.02152e-06 -2.12661e-06  -4.55736e-06 2.02152e-06 -2.12661e-06  9.19825e-09 8.45796e-08 -8.70647e-07  3.4104e-08 7.2547e-08 -7.35913e-07  9.19825e-09 8.45796e-08 -8.70647e-07  -2.37021e-09 -4.85116e-09 -1.39478e-07  -4.9588e-09 -1.13211e-08 -8.2411e-08  -1.13908e-08 -2.34947e-08 -1.31312e-07  3.13507e-10 4.55349e-10 -9.20685e-09  3.5755e-10 4.48389e-10 -1.17052e-08  -1.79952e-10 5.66145e-10 -1.94636e-08  -1.30491e-08 -1.11187e-06 -1.92931e-06  -2.36887e-07 -1.12738e-06 -1.97559e-06  4.29583e-10 -1.64742e-09 -2.11554e-10  5.81772e-10 -1.47435e-09 -4.70079e-11  -6.46635e-10 -1.01487e-10 -1.60182e-08  2.8587e-09 -1.54424e-09 -3.34256e-09  2.81261e-09 -1.14079e-09 -4.81985e-09  2.15829e-09 2.76014e-10 -5.34093e-09  3.20156e-08 2.67658e-07 -1.66627e-06  -3.76664e-09 7.69279e-09 -6.55505e-08  -5.42748e-09 9.35236e-09 -8.48401e-08  -5.37127e-09 8.38129e-09 -9.36933e-08  1.25996e-09 -3.22059e-09 -5.44699e-09  1.25996e-09 -3.22059e-09 -5.44699e-09  4.04525e-06 7.21405e-06 -2.3133e-08  4.40272e-06 6.54987e-06 -1.85241e-06  4.04525e-06 7.21405e-06 -2.3133e-08  -2.02053e-08 1.65429e-08 -2.5864e-07  -2.02053e-08 1.65429e-08 -2.5864e-07  -2.42087e-08 3.48748e-08 -2.62778e-07  -3.8984e-09 -4.53159e-09 -3.5739e-08  -1.51449e-09 -9.16275e-10 -2.64774e-08  -4.96102e-09 5.02735e-08 -7.67155e-07  -4.96102e-09 5.02735e-08 -7.67155e-07  -2.84771e-09 1.74491e-08 -1.58553e-07  -3.84123e-09 2.03375e-08 -1.1748e-07  -3.84123e-09 2.03375e-08 -1.1748e-07  -4.48313e-10 -2.01211e-09 -1.98947e-08  -1.96194e-09 -2.15162e-09 -6.70222e-09  -1.4363e-09 -1.85716e-09 -5.53694e-09  -1.4363e-09 -1.85716e-09 -5.53694e-09  -7.6842e-09 -6.10779e-07 -1.49928e-06  -2.48194e-07 -5.34022e-07 -1.71369e-06  1.96135e-09 -3.08683e-09 -2.41048e-09  1.41273e-09 -2.5381e-09 -1.57633e-09  4.12085e-10 -1.07109e-09 -1.79459e-09  -1.44179e-08 -1.29396e-08 -1.20551e-07  -5.01609e-09 -6.71694e-09 -7.8568e-08  -1.18e-08 -5.84032e-09 -9.31964e-08  -5.04049e-07 -1.29036e-06 -1.79607e-06  3.96369e-09 2.20786e-09 -4.434e-09  1.95885e-10 -6.14004e-10 -5.92451e-09  -1.76455e-09 -2.03481e-09 -1.80631e-09  -1.25964e-09 -2.34441e-09 -1.14631e-09  -2.08938e-09 2.20682e-09 -1.25136e-09  -2.08938e-09 2.20682e-09 -1.25136e-09  -2.08938e-09 2.20682e-09 -1.25136e-09  1.90188e-09 2.39798e-09 -1.57812e-09  -1.19227e-09 -1.13208e-09 -1.09837e-09  -8.792e-07 -2.10752e-06 -1.84556e-06  2.61362e-08 -7.16066e-09 -2.21201e-07  1.23158e-07 1.21578e-07 -1.65663e-06  1.9101e-07 1.62483e-07 -1.74447e-06  1.1982e-07 1.92741e-07 -1.71704e-06  -6.04518e-08 3.77123e-08 1.4701e-07  -1.47213e-09 -3.71613e-08 -1.09364e-06  -3.08281e-08 -5.79089e-08 -1.07316e-06  -1.44122e-08 -7.52187e-08 -1.23774e-06  2.29602e-08 -3.16445e-07 2.06587e-07  5.41623e-08 -1.52753e-07 1.36088e-07  1.48329e-07 -4.12184e-07 1.92331e-07  -3.75346e-09 -2.64494e-09 -4.93621e-08  -1.68197e-09 -3.34566e-09 -3.47628e-08  -5.06557e-08 4.54065e-10 -1.11096e-06  -3.34771e-08 9.40903e-09 -9.12278e-07  -9.7695e-08 9.7871e-09 -1.09318e-06  5.77079e-09 -2.02899e-08 -1.77679e-07  -1.79952e-10 5.66145e-10 -1.94636e-08  7.98234e-10 9.28376e-10 -2.01037e-08  -8.8198e-10 -1.5094e-09 -3.7594e-10  -9.0575e-10 -1.31763e-09 -5.17872e-10  -1.22745e-09 1.78083e-10 -4.86758e-09  -1.00526e-06 1.79665e-06 -2.12179e-06  6.3801e-06 6.19199e-06 -1.21553e-06  6.3801e-06 6.19199e-06 -1.21553e-06  4.40272e-06 6.54987e-06 -1.85241e-06  -2.3233e-10 3.79218e-09 -8.68428e-09  -2.82671e-08 -1.675e-08 -4.15241e-07  -3.0276e-08 -1.66371e-08 -3.47994e-07  -3.0276e-08 -1.66371e-08 -3.47994e-07  4.39594e-07 1.31554e-08 1.46074e-07  -1.70017e-08 -2.23427e-08 -3.17139e-07  -1.02274e-08 -1.25302e-08 -4.21702e-07  1.33429e-06 3.08768e-07 -1.54372e-06  7.62029e-10 -3.5799e-09 -2.79116e-08  5.47921e-08 -1.70558e-08 -5.04095e-07  5.48394e-08 -2.45313e-08 -6.46718e-07  -3.00963e-08 -1.75363e-08 -5.68223e-07  5.6967e-07 5.76316e-07 -1.5005e-06  8.22893e-07 4.83557e-07 -1.39154e-06  4.12085e-10 -1.07109e-09 -1.79459e-09  1.30644e-10 -9.49226e-10 -1.99516e-09  -2.70871e-10 -2.31117e-09 -1.60311e-09  -6.75721e-10 1.65446e-09 -2.01127e-09  3.56334e-06 4.6504e-06 6.59273e-07  2.2072e-06 3.30799e-06 6.12489e-07  2.39494e-06 2.63141e-07 -2.06619e-06  2.54971e-07 1.56187e-07 -1.85925e-06  4.87264e-07 2.79823e-07 -2.01137e-06  -1.8014e-09 -3.29389e-10 -3.55813e-10  -9.13737e-09 6.22555e-09 -1.22522e-07  -9.13737e-09 6.22555e-09 -1.22522e-07  2.29538e-07 -1.87289e-07 2.1872e-07  1.08893e-06 -1.0571e-06 5.92724e-07  -1.93574e-09 -1.16074e-09 -9.14595e-10  5.69316e-10 2.85644e-10 -2.15194e-10  5.18462e-07 -2.08777e-07 -1.88139e-06  5.75215e-07 -1.29291e-07 -1.70138e-06  1.13779e-09 5.60153e-10 -1.25708e-08  -6.28908e-10 7.8815e-10 -9.51571e-09  -2.032e-08 -6.10785e-07 3.08934e-07  -4.99366e-09 -3.86297e-07 2.05101e-07  6.24783e-07 5.17886e-07 -2.00309e-06  -1.56986e-09 7.0827e-10 -6.35361e-09  -5.314e-10 1.96399e-09 -1.14836e-08  1.12954e-09 -1.74213e-09 -1.26568e-08  -1.24869e-08 3.0651e-09 -2.2648e-07  -1.26753e-08 7.64204e-09 -1.48694e-07  -2.02053e-08 1.65429e-08 -2.5864e-07  -2.66942e-07 -3.30375e-07 -1.89535e-06  -1.7938e-07 -2.02658e-07 -1.76818e-06  -1.15365e-07 -1.8249e-07 -1.77238e-06  -4.6894e-08 -1.8246e-07 -1.65507e-06  -7.61467e-08 -1.00158e-07 -1.56092e-06  -1.11807e-07 -1.32338e-07 -1.68489e-06  1.3958e-07 -7.73942e-06 5.26057e-07  -6.46238e-07 -4.88846e-06 8.40232e-07  1.3958e-07 -7.73942e-06 5.26057e-07  -2.68942e-07 -7.70499e-08 -1.67037e-06  2.96314e-06 -1.52509e-06 -2.14392e-06  1.26769e-09 -1.24145e-09 -8.97813e-09  -1.50039e-08 -1.35404e-08 -2.32565e-07  -1.50039e-08 -1.35404e-08 -2.32565e-07  -1.06655e-09 3.37153e-09 -2.88638e-08  1.2284e-07 2.48507e-08 -1.5324e-06  1.94331e-07 9.62437e-08 -1.59049e-06  9.08808e-09 3.60315e-09 -1.19552e-07  1.87387e-07 1.12145e-07 -1.73767e-06  1.87387e-07 1.12145e-07 -1.73767e-06  -8.68628e-11 5.3827e-11 -1.14349e-10  -1.29749e-09 9.91851e-10 -2.828e-08  6.50491e-10 -9.17472e-10 -5.64943e-10  1.45708e-10 -1.60129e-09 -4.76459e-10  5.75215e-07 -1.29291e-07 -1.70138e-06  1.28284e-06 -4.09447e-07 -1.46232e-06  1.95969e-09 -1.28839e-09 -3.78958e-08  -4.49408e-10 -1.01385e-09 -9.56033e-10  -4.49408e-10 -1.01385e-09 -9.56033e-10  5.11626e-10 -2.20549e-09 -1.26487e-09  5.11626e-10 -2.20549e-09 -1.26487e-09  2.57011e-10 1.08754e-09 -1.85109e-09  5.47964e-06 -4.57865e-06 4.53401e-07  1.89973e-10 3.44211e-09 -1.47388e-09  1.89973e-10 3.44211e-09 -1.47388e-09  4.69233e-10 4.69917e-09 -6.68915e-10  3.53878e-07 -1.0683e-06 -1.36322e-06  2.9234e-07 -1.18241e-06 -1.77885e-06  2.9234e-07 -1.18241e-06 -1.77885e-06  -1.18236e-06 -5.27541e-06 -2.06127e-06  3.49742e-08 7.05756e-09 -3.63843e-07  1.82643e-08 -3.62026e-08 -5.43324e-07  5.58676e-06 -6.36584e-06 -1.63741e-06  5.82775e-06 -4.5424e-06 -2.12691e-06  4.54183e-10 2.41465e-09 -2.23141e-09  4.19917e-08 -8.77738e-08 -1.06063e-06  2.36041e-08 -9.71449e-08 -1.15662e-06  2.14304e-08 -5.07548e-08 -1.32765e-06  -6.0742e-10 -5.04865e-11 -9.52677e-10  5.11626e-10 -2.20549e-09 -1.26487e-09  7.15386e-10 -1.378e-10 4.0806e-10  -1.13144e-09 1.32319e-09 -1.23462e-09  -9.54915e-10 1.47357e-09 -1.22942e-09  -1.59284e-09 1.23741e-09 -9.7365e-10  9.36394e-10 -1.00881e-09 -1.55718e-09  9.36394e-10 -1.00881e-09 -1.55718e-09  9.36394e-10 -1.00881e-09 -1.55718e-09  -3.8984e-09 -4.53159e-09 -3.5739e-08  -3.75346e-09 -2.64494e-09 -4.93621e-08  6.50919e-09 -2.65398e-08 -3.54797e-07  1.00617e-08 -2.9833e-08 -3.28736e-07  7.35145e-10 -3.00763e-08 -2.39857e-07  1.39072e-08 5.74686e-09 -8.83505e-08  4.33576e-09 1.19679e-09 -4.72357e-08  -4.85466e-07 -6.83799e-07 -1.99127e-06  -8.71656e-07 -6.38691e-07 -1.90403e-06  -7.94304e-07 -9.92541e-07 -1.62529e-06  -5.58322e-09 -3.36925e-08 -4.31492e-07  -5.58322e-09 -3.36925e-08 -4.31492e-07  1.19598e-10 1.35256e-09 -1.19162e-08  1.90188e-09 2.39798e-09 -1.57812e-09  1.90188e-09 2.39798e-09 -1.57812e-09  3.47866e-11 2.01786e-09 -5.1645e-10  3.88533e-11 2.46435e-09 -1.59717e-10  1.38924e-10 5.48479e-10 -5.74526e-10  -1.43755e-07 -8.45173e-08 -1.92763e-06  -1.15365e-07 -1.8249e-07 -1.77238e-06  -2.81404e-06 3.23942e-08 -1.99381e-06  -5.56226e-06 -7.80945e-07 -2.44446e-06  6.73668e-08 -3.4096e-08 -1.0738e-06  1.83951e-09 -1.55096e-07 -1.65997e-06  1.88861e-08 -2.70798e-07 -1.73016e-06  -3.06176e-10 -9.30671e-10 7.34569e-11  -5.33139e-10 -1.02849e-09 8.60277e-11  -2.68502e-10 -5.51301e-10 1.77399e-10  1.61159e-07 -1.36103e-09 -1.54194e-06  1.86454e-07 -4.58805e-09 -1.61854e-06  1.00771e-09 -8.22065e-09 -7.24379e-08  -1.33417e-07 3.79551e-08 -1.65812e-06  -2.10102e-07 1.97567e-07 -1.60559e-06  -2.37347e-09 -7.01011e-09 -5.11284e-08  -5.01228e-09 1.88319e-08 -2.04607e-07  -9.51034e-09 3.56375e-08 -8.85705e-07  -9.51034e-09 3.56375e-08 -8.85705e-07  -3.08281e-08 -5.79089e-08 -1.07316e-06  -5.32253e-07 2.10445e-06 -2.08008e-06  -1.00526e-06 1.79665e-06 -2.12179e-06  -3.36695e-07 9.46299e-07 -2.16465e-06  1.26515e-09 8.29101e-10 -3.35966e-09  2.15829e-09 2.76014e-10 -5.34093e-09  3.24446e-09 -1.03742e-09 -2.34504e-09  1.26769e-09 -1.24145e-09 -8.97813e-09  4.01867e-10 -4.83109e-10 -1.16873e-08  1.86126e-09 -7.27637e-10 -6.75974e-09  -1.29749e-09 9.91851e-10 -2.828e-08  -1.30938e-06 -5.04951e-07 -2.11371e-06  -5.04608e-07 -7.56667e-08 -1.71333e-06  -4.06907e-08 2.49779e-07 -1.65971e-06  -1.06487e-07 2.0591e-07 -1.62534e-06  -3.16929e-08 2.08475e-07 -1.61909e-06  -1.35083e-06 -6.4895e-07 -1.52239e-06  -6.56404e-07 -5.85169e-07 -1.35645e-06  2.67448e-08 4.29474e-07 -1.67835e-06  3.29232e-10 -7.14032e-10 -8.97376e-10  -7.06972e-10 9.4287e-10 -4.97108e-10  3.88533e-11 2.46435e-09 -1.59717e-10  -6.56805e-06 2.05746e-06 3.3812e-07  -7.92101e-06 1.70753e-06 -9.52834e-07  -2.93078e-09 3.5561e-09 -4.04983e-08  7.21145e-09 2.19293e-08 -1.29889e-07  9.76383e-10 2.42133e-10 -1.91265e-11  -6.29937e-08 7.79327e-09 -1.22776e-06  -8.02813e-08 -4.77976e-09 -1.42137e-06  3.15381e-09 -5.57037e-10 -3.81739e-10  -1.2901e-08 3.05903e-08 -6.41799e-07  2.41339e-09 -4.84066e-11 -7.95114e-10  2.65345e-10 -1.00383e-09 -3.16559e-09  2.65345e-10 -1.00383e-09 -3.16559e-09  1.94414e-09 -9.08726e-10 -4.5375e-09  2.12448e-09 -1.93629e-09 -6.37526e-09  1.69095e-06 -8.3285e-06 2.05705e-07  7.48961e-07 9.73339e-07 -2.01055e-06  7.48961e-07 9.73339e-07 -2.01055e-06  -1.69543e-07 9.18612e-07 5.15217e-07  -7.14625e-07 1.9635e-06 7.5599e-07  -3.21683e-07 1.9667e-06 7.42476e-07  2.86846e-06 -1.88443e-07 -1.94872e-06  1.69095e-06 -8.3285e-06 2.05705e-07  1.69095e-06 -8.3285e-06 2.05705e-07  -1.76965e-09 6.66306e-11 -5.14217e-08  -4.12415e-09 2.4795e-09 -4.52276e-08  6.44942e-06 -4.8521e-07 -1.93583e-06  4.43436e-06 1.503e-08 -2.05859e-06  4.26877e-06 -1.19573e-06 -2.17044e-06  -2.75002e-06 7.75855e-07 -1.91067e-06  -1.88329e-06 5.08195e-07 -2.10127e-06  1.43858e-09 -1.93346e-10 -1.0393e-08  2.39494e-06 2.63141e-07 -2.06619e-06  8.71833e-07 -1.56518e-08 -2.12558e-06  -4.2049e-07 7.59803e-07 -1.29091e-06  -4.2049e-07 7.59803e-07 -1.29091e-06  2.67963e-08 -2.17326e-07 -1.78551e-06  -2.61973e-08 -2.25119e-07 -1.92415e-06  9.90394e-08 -5.0369e-07 -1.97718e-06  1.88861e-08 -2.70798e-07 -1.73016e-06  -8.99698e-09 -1.74135e-07 -1.74463e-06  1.81015e-07 -3.39823e-07 -1.90729e-06  1.04661e-07 -1.20125e-07 -1.80729e-06  1.54064e-07 -1.57805e-07 -1.69833e-06  -1.62283e-06 1.38839e-06 -2.1458e-06  -2.31161e-06 1.79553e-06 -1.93846e-06  -2.31161e-06 1.79553e-06 -1.93846e-06  1.13402e-07 -2.84946e-08 -1.52432e-06  1.14034e-07 -6.03944e-08 -1.60163e-06  3.59353e-09 5.17466e-08 -4.04857e-07  2.86558e-08 2.35066e-08 -4.3692e-07  5.14237e-08 1.20128e-08 -3.55694e-07  3.21611e-08 3.36368e-08 -5.52161e-07  1.80451e-08 -1.134e-07 -1.5964e-06  1.83951e-09 -1.55096e-07 -1.65997e-06  8.034e-08 4.14762e-08 -8.81032e-07  5.46257e-08 2.01613e-08 -8.63416e-07  -5.3109e-06 4.51552e-06 2.92097e-08  2.61362e-08 -7.16066e-09 -2.21201e-07  1.61064e-08 -5.28057e-10 -3.16383e-07  -1.66624e-09 -7.64176e-09 -5.61265e-08  2.22267e-10 -9.6634e-09 -5.19624e-08  -3.76266e-10 -2.19319e-09 -3.94402e-08  -2.30868e-09 3.30626e-09 -2.70665e-09  -3.12744e-09 3.6184e-09 -2.17631e-09  -1.77188e-09 2.08321e-09 -4.60466e-09  4.61046e-10 -3.20426e-09 -3.86153e-08  2.11705e-10 -8.44606e-10 -2.6309e-08  -5.47026e-10 -6.99495e-10 -1.34508e-08  -1.05713e-06 6.21984e-07 -1.61225e-06  -8.59413e-07 8.31685e-07 -1.39596e-06  -4.48969e-07 3.15011e-07 -1.71506e-06  -2.95873e-07 1.54161e-07 -1.88995e-06  -4.36508e-09 -1.34322e-09 -2.4961e-09  -4.36508e-09 -1.34322e-09 -2.4961e-09  -1.91711e-09 3.30654e-10 -5.42974e-09  -8.10862e-11 -1.2188e-10 2.74649e-10  -3.79413e-10 4.60609e-10 1.11063e-10  -3.43404e-10 -1.5446e-10 4.06267e-10  2.31176e-10 1.59151e-09 2.64939e-10  -1.095e-10 1.14122e-09 -3.6584e-10  3.00761e-10 1.15183e-09 3.59995e-10  -1.11807e-07 -1.32338e-07 -1.68489e-06  -1.11807e-07 -1.32338e-07 -1.68489e-06  -5.54759e-08 -4.17808e-08 -9.34166e-07  -2.7478e-08 -8.05669e-09 -7.64896e-07  -2.7478e-08 -8.05669e-09 -7.64896e-07  -5.64971e-07 -6.78019e-07 -1.83043e-06  -1.03311e-06 -9.0453e-07 -1.98424e-06  -1.03311e-06 -9.0453e-07 -1.98424e-06  4.63562e-08 8.5685e-08 -1.11411e-06  -3.97209e-06 3.87323e-06 -2.12205e-06  -3.78823e-06 5.62974e-06 -1.98636e-06  -3.97209e-06 3.87323e-06 -2.12205e-06  -4.55736e-06 2.02152e-06 -2.12661e-06  -6.32421e-06 3.24661e-07 -2.35844e-06  -2.42087e-08 3.48748e-08 -2.62778e-07  -9.35463e-09 1.24121e-08 -1.9842e-07  -2.39734e-10 -2.05925e-09 -5.70287e-09  -1.21758e-09 9.73737e-11 -9.58055e-09  8.84931e-10 -2.4257e-09 -1.16336e-08  8.84931e-10 -2.4257e-09 -1.16336e-08  1.00771e-09 -8.22065e-09 -7.24379e-08  -9.56856e-09 -2.20323e-10 -6.8121e-08  -8.59914e-07 2.43001e-07 -1.93416e-06  -7.13297e-07 4.68194e-06 -2.09564e-06  2.25725e-07 8.40943e-06 -1.746e-06  -1.99326e-06 5.67641e-06 -2.02603e-06  5.68198e-08 -1.87155e-07 -1.77456e-06  1.08338e-07 -2.09789e-07 -1.71779e-06  7.25101e-08 -2.58126e-07 -1.71358e-06  -5.80831e-09 -1.93645e-09 -4.6662e-08  1.69012e-09 -3.48211e-10 -2.76261e-09  1.18828e-09 -2.35834e-09 -2.9952e-09  8.74357e-08 -1.21492e-07 -1.54302e-06  1.1974e-07 -1.62103e-07 -1.62073e-06  8.74357e-08 -1.21492e-07 -1.54302e-06  7.74403e-09 -1.2907e-09 -6.27507e-08  -1.00255e-06 -3.82931e-07 -1.28872e-06  -1.00255e-06 -3.82931e-07 -1.28872e-06  7.96743e-10 1.32795e-09 -1.71426e-09  4.2413e-10 -1.27491e-09 -3.34548e-09  -7.08938e-10 -2.17448e-09 -3.11926e-09  4.34001e-07 6.16479e-08 2.30319e-07  8.02366e-07 9.91952e-08 2.59791e-07  8.49175e-07 6.01486e-08 1.87886e-07  4.2413e-10 -1.27491e-09 -3.34548e-09  8.6627e-10 -1.38459e-09 -3.70188e-09  -4.07372e-09 1.1655e-09 -5.52296e-09  7.11679e-08 1.44838e-07 -1.64133e-06  8.48399e-08 7.41146e-08 -1.43379e-06  -2.25688e-08 -4.85272e-08 -5.81617e-07  8.86491e-09 5.0415e-08 -6.69494e-07  8.86491e-09 5.0415e-08 -6.69494e-07  1.51184e-06 -8.649e-06 -1.35252e-06  -4.02869e-06 7.47375e-06 -9.25438e-07  -2.05473e-09 1.08495e-09 -5.50551e-09  -2.23293e-10 3.23247e-09 -3.43951e-09  -2.23293e-10 3.23247e-09 -3.43951e-09  -6.28908e-10 7.8815e-10 -9.51571e-09  4.96194e-08 5.39247e-08 -1.24512e-06  8.48399e-08 7.41146e-08 -1.43379e-06  1.00617e-08 -2.9833e-08 -3.28736e-07  1.00617e-08 -2.9833e-08 -3.28736e-07  -1.18866e-09 1.98255e-09 -2.46015e-10  -2.49126e-10 1.30472e-10 1.17345e-10  -8.59914e-07 2.43001e-07 -1.93416e-06  1.18828e-09 -2.35834e-09 -2.9952e-09  -6.12624e-08 -1.59562e-07 -1.83853e-06  3.13218e-07 -2.99359e-07 -1.68258e-06  1.20234e-06 -1.14149e-06 -2.16506e-06  -1.06487e-07 2.0591e-07 -1.62534e-06  2.56817e-10 -5.52737e-10 7.90522e-12  1.94414e-09 -9.08726e-10 -4.5375e-09  -1.31388e-07 -2.11864e-07 -1.77318e-06  -1.7938e-07 -2.02658e-07 -1.76818e-06  -2.66942e-07 -3.30375e-07 -1.89535e-06  4.61046e-10 -3.20426e-09 -3.86153e-08  -9.86548e-10 -9.32122e-10 -1.75389e-08  -1.04425e-09 9.81439e-10 -1.66496e-08  -1.30938e-06 -5.04951e-07 -2.11371e-06  -2.61597e-06 -7.08924e-07 -2.03827e-06  -2.61597e-06 -7.08924e-07 -2.03827e-06  9.73988e-10 5.20876e-10 -1.98903e-09  1.26515e-09 8.29101e-10 -3.35966e-09  -4.89671e-06 -3.13196e-06 -2.12244e-06  -1.34661e-06 -2.32211e-07 -1.85855e-06  -9.27342e-07 -2.76533e-07 -2.08038e-06  -3.50028e-07 5.29244e-08 -1.93448e-06  5.75412e-09 -7.62603e-09 -6.35646e-08  -1.5131e-09 3.12663e-11 -1.45435e-08  -1.54265e-09 -4.16132e-10 -1.21103e-08  1.33458e-06 4.81957e-08 -1.87009e-06  5.55032e-06 -2.73022e-06 -2.16974e-06  5.18462e-07 -2.08777e-07 -1.88139e-06  1.78022e-06 -1.30063e-06 -2.09233e-06  1.0716e-07 1.28898e-06 6.41927e-07  -3.65056e-08 3.08805e-07 2.51078e-07  6.69107e-11 7.13561e-10 5.27562e-10  1.51666e-10 4.06194e-10 3.79881e-10  8.99469e-10 6.18097e-09 -6.10987e-09  7.1961e-08 9.48537e-09 -8.61125e-07  -5.3109e-06 4.51552e-06 2.92097e-08  -6.60445e-06 3.65431e-06 -9.70966e-07  -5.57612e-06 5.47206e-06 -1.39115e-06  -3.58873e-06 -4.42845e-06 -2.13008e-06  -1.95698e-06 -2.34061e-06 -1.99673e-06  -6.56404e-07 -5.85169e-07 -1.35645e-06  -4.76042e-06 -1.57287e-06 -2.27291e-06  -2.61597e-06 -7.08924e-07 -2.03827e-06  -3.78187e-08 8.67629e-08 -1.09845e-06  -1.1858e-07 4.26636e-08 9.66756e-08  8.87244e-07 -1.23273e-06 7.09844e-07  2.25725e-07 8.40943e-06 -1.746e-06  4.18462e-07 3.64062e-07 2.15502e-07  1.97859e-07 3.42667e-07 2.57964e-07  6.44942e-06 -4.8521e-07 -1.93583e-06  -3.08806e-08 -6.21529e-08 -8.29336e-07  -1.47213e-09 -3.71613e-08 -1.09364e-06  7.53489e-06 -4.08225e-06 -1.35307e-06  5.55032e-06 -2.73022e-06 -2.16974e-06  1.87443e-07 -1.72245e-06 7.4486e-07  8.63072e-07 -5.10297e-06 1.00524e-06  2.36041e-08 -9.71449e-08 -1.15662e-06  1.41003e-06 -1.86762e-06 -2.08641e-06  1.41003e-06 -1.86762e-06 -2.08641e-06  -9.38619e-06 6.29972e-08 -1.26759e-06  -7.92101e-06 1.70753e-06 -9.52834e-07  9.54606e-07 3.40034e-06 -2.1151e-06  -8.24037e-08 1.31677e-06 -1.68393e-06  6.50018e-08 7.97811e-07 -1.3284e-06  -4.78208e-09 5.14565e-09 -4.80895e-08  -4.12415e-09 2.4795e-09 -4.52276e-08  -1.29749e-09 9.91851e-10 -2.828e-08  1.09425e-06 -2.62453e-07 -1.94486e-06  -1.30938e-06 -5.04951e-07 -2.11371e-06  -2.09655e-09 1.37068e-09 -9.72308e-09  6.43216e-07 -4.82442e-06 -2.12723e-06  8.21566e-07 -2.29778e-06 -1.96384e-06  6.43216e-07 -4.82442e-06 -2.12723e-06  1.69664e-10 -1.46451e-09 -1.37021e-08  8.84931e-10 -2.4257e-09 -1.16336e-08  1.88555e-06 2.32853e-06 -1.81204e-06  3.07985e-06 2.50902e-06 -1.94858e-06  -1.05905e-07 7.76261e-07 -1.98398e-06  1.59286e-08 -9.74697e-09 -4.39956e-07  2.67189e-08 3.48443e-08 -9.52992e-07  -1.33417e-07 3.79551e-08 -1.65812e-06  8.67226e-08 6.61801e-09 -1.23034e-06  1.06097e-07 -1.62037e-08 -1.39775e-06  -5.56455e-07 -1.09088e-06 -1.35986e-06  -2.61973e-08 -2.25119e-07 -1.92415e-06  -2.10771e-07 -4.11091e-07 -2.0006e-06  -8.99698e-09 -1.74135e-07 -1.74463e-06  -2.27034e-09 -2.23874e-07 -1.71991e-06  3.09683e-07 1.01251e-09 -1.89392e-06  4.26877e-06 -1.19573e-06 -2.17044e-06  7.11679e-08 1.44838e-07 -1.64133e-06  1.14196e-07 2.72019e-07 -1.70241e-06  4.99171e-10 1.7115e-09 -3.51117e-09  2.57011e-10 1.08754e-09 -1.85109e-09  3.80225e-08 2.49625e-08 -7.12948e-07  -1.33222e-07 5.09891e-08 -1.06452e-06  2.86558e-08 2.35066e-08 -4.3692e-07  -6.07209e-07 9.79661e-07 5.41331e-07  -5.80831e-09 -1.93645e-09 -4.6662e-08  -3.11617e-09 -1.44652e-09 -3.62235e-08  -3.51902e-08 -2.01553e-09 -2.83458e-07  -3.92217e-08 -1.22934e-08 -4.94242e-07  -6.75721e-10 1.65446e-09 -2.01127e-09  -1.96785e-09 4.00937e-10 -1.76083e-09  -7.05946e-09 1.73124e-09 -2.95625e-08  -4.34379e-09 1.02518e-09 -1.44021e-07  1.87992e-08 3.14624e-08 -3.54988e-07  1.1084e-08 3.59644e-08 -4.42296e-07  -1.1872e-06 2.38742e-07 -1.71358e-06  8.33377e-09 -1.81638e-08 -2.21409e-07  -4.09154e-10 6.66443e-09 -3.97164e-08  -8.5028e-10 -7.15558e-11 -5.48591e-10  -9.99017e-10 -3.02026e-10 -8.80349e-10  9.72418e-09 -9.62885e-09 -7.59951e-08  9.72418e-09 -9.62885e-09 -7.59951e-08  4.07898e-09 3.87593e-09 -4.83598e-08  8.37105e-09 -5.20567e-09 -4.83067e-08  -8.02624e-08 -4.65538e-08 -1.36383e-06  -5.25742e-08 -2.46382e-08 -1.20755e-06  -4.13915e-08 -9.3517e-09 -1.25158e-06  -5.25742e-08 -2.46382e-08 -1.20755e-06  -4.44533e-09 -5.05199e-09 -3.2615e-08  1.7951e-09 -1.13432e-08 -1.04083e-07  -1.50039e-08 -1.35404e-08 -2.32565e-07  -1.45131e-08 -2.09486e-08 -1.61439e-07  -1.24578e-08 5.34542e-11 -2.57347e-07  -2.13801e-08 -1.70313e-09 -2.10138e-07  -1.6418e-09 -4.57786e-10 -1.74652e-09  -8.32021e-06 4.58915e-07 -1.40433e-08  -5.05922e-10 -2.38645e-10 -2.21774e-08  -1.52336e-09 -1.53893e-09 -1.26002e-08  -1.62873e-10 -3.419e-10 -2.00416e-08  -4.89671e-06 -3.13196e-06 -2.12244e-06  -9.51034e-09 3.56375e-08 -8.85705e-07  -2.28956e-09 -1.61636e-09 -7.72642e-09  -2.28956e-09 -1.61636e-09 -7.72642e-09  1.07922e-10 4.27726e-10 -1.43111e-08  -1.89686e-08 4.17012e-08 -1.18963e-06  -1.89686e-08 4.17012e-08 -1.18963e-06  -6.43926e-10 -4.88653e-09 -3.83818e-09  -4.36908e-10 -2.7763e-09 -5.08866e-09  -1.26337e-10 -5.85992e-10 -2.95083e-10  -1.30835e-10 -5.10155e-10 -9.5601e-10  -1.52336e-09 -1.53893e-09 -1.26002e-08  -1.21758e-09 9.73737e-11 -9.58055e-09  -7.48771e-09 -8.58198e-09 -1.14624e-07  -4.86295e-10 -2.57199e-11 -5.96028e-10  7.83442e-11 -1.08156e-09 -7.42445e-10  -2.64437e-09 5.55267e-10 -2.71002e-10  9.73988e-10 5.20876e-10 -1.98903e-09  7.42418e-10 -2.04295e-10 -1.37135e-09  -1.32874e-09 1.74732e-09 -8.53536e-10  -7.06972e-10 9.4287e-10 -4.97108e-10  -1.60183e-07 9.85505e-07 -1.34684e-06  -3.93375e-07 1.21426e-06 -1.77201e-06  -8.24037e-08 1.31677e-06 -1.68393e-06  -2.81404e-06 3.23942e-08 -1.99381e-06  -1.37723e-06 -7.28511e-08 -2.12245e-06  -1.88329e-06 5.08195e-07 -2.10127e-06  -2.31161e-06 1.79553e-06 -1.93846e-06  -3.25459e-08 -3.84809e-08 -1.38918e-06  -3.19662e-08 -1.12746e-07 -1.53428e-06  -3.25459e-08 -3.84809e-08 -1.38918e-06  -7.06972e-10 9.4287e-10 -4.97108e-10  -1.04552e-08 -7.1323e-09 -1.73389e-07  5.69316e-10 2.85644e-10 -2.15194e-10  1.23494e-09 3.86549e-10 -2.5869e-10  1.3079e-09 4.27321e-10 7.40596e-11  1.44806e-09 1.13241e-10 -1.73776e-10  1.46139e-10 6.80765e-10 1.97428e-10  -2.08737e-10 6.40038e-10 -4.36177e-10  2.31176e-10 1.59151e-09 2.64939e-10  -1.96786e-08 1.49873e-08 -5.84957e-07  -1.96786e-08 1.49873e-08 -5.84957e-07  -1.28306e-08 2.99389e-08 -3.30564e-07  -1.1428e-08 3.61578e-08 -4.44033e-07  -1.97404e-10 1.4813e-08 -1.27166e-07  5.93736e-09 1.58904e-08 -1.7422e-07  -1.04552e-08 -7.1323e-09 -1.73389e-07  3.20156e-08 2.67658e-07 -1.66627e-06  -3.559e-09 1.51042e-07 -1.50879e-06  1.3711e-07 2.18773e-07 -1.7919e-06  -8.13594e-06 -1.6237e-06 5.00707e-07  -4.97268e-06 -1.47985e-07 1.02085e-06  2.14304e-08 -5.07548e-08 -1.32765e-06  4.19917e-08 -8.77738e-08 -1.06063e-06  -4.92441e-06 -1.17065e-06 1.13341e-06  -8.52232e-10 -3.67997e-09 -2.38917e-09  -6.17824e-08 -1.14774e-06 4.63805e-07  6.95014e-09 -4.26915e-07 2.63755e-07  -1.99326e-06 5.67641e-06 -2.02603e-06  -1.99326e-06 5.67641e-06 -2.02603e-06  3.13507e-10 4.55349e-10 -9.20685e-09  1.0825e-07 2.49472e-07 -1.91105e-06  4.24471e-08 1.87004e-07 -1.7378e-06  1.0825e-07 2.49472e-07 -1.91105e-06  -3.19662e-08 -1.12746e-07 -1.53428e-06  -1.98337e-09 4.27373e-09 -6.75579e-08  -1.87726e-08 -9.65909e-08 -1.47889e-06  -2.52965e-06 3.11585e-06 -2.08422e-06  3.11128e-09 9.94751e-09 -8.30184e-08  2.55795e-10 3.15231e-09 -1.99582e-09  -2.06235e-08 -1.6568e-08 -1.72041e-07  -1.67461e-08 -1.05001e-08 -2.51449e-07  -1.06655e-09 3.37153e-09 -2.88638e-08  -6.09367e-07 -3.72284e-07 -1.90352e-06  -1.03311e-06 -9.0453e-07 -1.98424e-06  2.05789e-09 1.56157e-09 -6.97568e-10  9.09216e-10 -2.10035e-09 -9.28049e-09  9.09216e-10 -2.10035e-09 -9.28049e-09  4.63562e-08 8.5685e-08 -1.11411e-06  -2.70871e-10 -2.31117e-09 -1.60311e-09  2.10395e-07 1.28211e-06 -1.40841e-06  2.10395e-07 1.28211e-06 -1.40841e-06  6.69107e-11 7.13561e-10 5.27562e-10  8.21566e-07 -2.29778e-06 -1.96384e-06  2.21579e-07 -1.46914e-06 -1.97477e-06  -4.89671e-06 -3.13196e-06 -2.12244e-06  -2.4711e-06 -8.00755e-06 -6.96618e-07  -2.92757e-06 -5.17203e-06 7.13313e-07  1.63021e-08 -2.44236e-06 -1.8569e-06  -6.46238e-07 -4.88846e-06 8.40232e-07  -1.58266e-07 -6.15334e-08 -1.46062e-06  -7.90522e-08 -5.6138e-08 -1.54735e-06  4.69233e-10 4.69917e-09 -6.68915e-10  -8.74916e-08 5.88589e-08 -1.47066e-06  -2.24999e-07 -6.6613e-06 -1.97371e-06  -9.39138e-07 -8.60238e-06 -1.24946e-06  -1.22585e-07 -1.18492e-07 1.68317e-07  -3.08806e-08 -6.21529e-08 -8.29336e-07  -1.87726e-08 -9.65909e-08 -1.47889e-06  -6.60445e-06 3.65431e-06 -9.70966e-07  2.69328e-07 1.12422e-06 -1.97802e-06  -2.4792e-08 3.1361e-08 -4.54297e-07  1.81979e-08 -1.36151e-08 -1.54487e-07  5.69316e-10 2.85644e-10 -2.15194e-10  -6.9248e-07 2.96117e-07 -1.89943e-06  -9.56856e-09 -2.20323e-10 -6.8121e-08  -2.98345e-08 4.77824e-09 -6.27659e-07  3.55417e-10 1.81148e-09 -1.09598e-09  1.11359e-09 1.32457e-09 -8.73019e-10  1.11359e-09 1.32457e-09 -8.73019e-10  -1.74132e-09 -8.88384e-11 -3.78725e-09  -2.30868e-09 3.30626e-09 -2.70665e-09  -1.77188e-09 2.08321e-09 -4.60466e-09  -2.81277e-10 -4.86672e-10 1.58683e-10  -2.05473e-09 1.08495e-09 -5.50551e-09  7.98635e-07 -5.3075e-07 -1.35056e-06  -9.54273e-10 1.59238e-10 5.76518e-10  -9.32233e-10 1.38018e-10 5.38275e-10  -1.22661e-09 1.4905e-10 5.37005e-10  1.02194e-06 -4.17527e-08 -1.41243e-06  1.1982e-07 1.92741e-07 -1.71704e-06  1.87184e-09 1.79303e-10 -1.88269e-08  3.21192e-09 2.69057e-09 -3.18313e-08  -6.46238e-07 -4.88846e-06 8.40232e-07  -1.71546e-07 -2.22538e-06 7.35265e-07  2.44366e-08 3.85192e-08 -5.47167e-07  -2.52111e-07 6.11473e-07 -1.98615e-06  5.29229e-06 4.0079e-06 -2.02248e-06  8.12736e-06 3.41957e-06 -1.23883e-06  -8.59522e-10 -1.06409e-09 -1.93442e-09  -8.52232e-10 -3.67997e-09 -2.38917e-09  3.30319e-06 -2.40796e-06 8.88907e-07  -1.98113e-09 -2.25606e-11 3.89027e-10  -1.9431e-11 6.49405e-10 -6.55445e-10  -9.54075e-10 5.19416e-10 -9.16761e-10  9.3773e-11 -5.19919e-10 -1.20134e-09  -1.81883e-09 2.87532e-10 4.22097e-10  1.6929e-08 -7.75691e-09 -1.33599e-07  3.16498e-09 -2.81242e-10 -9.73871e-08  1.91577e-06 3.25707e-07 3.8512e-07  5.18066e-06 1.01889e-06 6.05401e-07  1.91577e-06 3.25707e-07 3.8512e-07  9.54606e-07 3.40034e-06 -2.1151e-06  6.86512e-06 -3.84535e-06 7.37473e-08  -3.90473e-09 -1.80944e-09 -2.49797e-09  6.67358e-06 -5.40948e-06 -7.67933e-07  5.1775e-07 1.21568e-07 -1.41805e-06  -2.04832e-09 -4.30915e-10 -4.37129e-09  -1.13762e-09 -6.36225e-10 -5.39327e-09  2.7045e-09 7.33155e-09 -9.0871e-08  3.16498e-09 -2.81242e-10 -9.73871e-08  -2.81404e-06 3.23942e-08 -1.99381e-06  -6.60445e-06 3.65431e-06 -9.70966e-07  -1.22322e-06 -1.73828e-06 8.36292e-07  -3.13418e-06 -2.70623e-06 9.84362e-07  -1.61394e-09 3.27917e-10 -1.55052e-09  -1.27192e-06 -1.54244e-06 -1.84749e-06  5.24147e-06 6.35588e-06 9.61797e-08  2.54971e-07 1.56187e-07 -1.85925e-06  -2.40385e-06 -4.89579e-06 -2.15762e-06  -1.97554e-06 2.52268e-06 8.43397e-07  -1.13762e-09 -6.36225e-10 -5.39327e-09  -1.87062e-09 -1.39259e-09 -8.19999e-09  -2.08737e-10 6.40038e-10 -4.36177e-10  3.13402e-10 -1.15576e-09 -9.83134e-10  1.96242e-06 1.28357e-06 5.07775e-07  1.29727e-06 1.63013e-06 4.65944e-07  1.40124e-09 -1.24757e-09 -6.39691e-10  -1.8186e-09 1.94449e-09 -1.91678e-09  1.70471e-10 9.78115e-10 -2.13428e-08  -2.24999e-07 -6.6613e-06 -1.97371e-06  3.21611e-08 3.36368e-08 -5.52161e-07  3.13218e-07 -2.99359e-07 -1.68258e-06  4.83699e-07 1.47971e-07 -2.01489e-06  6.24157e-07 3.03008e-07 2.27585e-07  1.17974e-06 5.36655e-07 3.23282e-07  -2.46396e-07 4.09689e-08 -1.66321e-06  -2.37021e-09 -4.85116e-09 -1.39478e-07  1.7973e-10 -2.35701e-08 -1.63662e-07  -1.97554e-06 2.52268e-06 8.43397e-07  -7.14625e-07 1.9635e-06 7.5599e-07  -1.42294e-09 -2.53692e-09 -2.39628e-09  1.7973e-10 -2.35701e-08 -1.63662e-07  1.59286e-08 -9.74697e-09 -4.39956e-07  1.78462e-08 -2.09015e-08 -2.09395e-07  -6.96505e-07 -4.95099e-07 6.1948e-07  2.61362e-08 -7.16066e-09 -2.21201e-07  -1.04552e-08 -7.1323e-09 -1.73389e-07  -1.89686e-08 4.17012e-08 -1.18963e-06  -3.58672e-09 -1.30963e-09 -1.88051e-09  -3.94031e-09 6.60882e-10 -2.41845e-09  2.1391e-07 7.76145e-08 -1.65416e-06  1.86454e-07 -4.58805e-09 -1.61854e-06  2.69328e-07 1.12422e-06 -1.97802e-06  2.16842e-07 -2.79643e-08 -1.65341e-06  1.54674e-09 3.11539e-10 2.34666e-10  6.60434e-10 -1.37382e-10 4.75744e-10  1.87119e-07 8.82992e-08 -1.735e-06  5.45319e-06 1.91486e-06 -2.20459e-06  5.45319e-06 1.91486e-06 -2.20459e-06  1.51431e-09 5.4932e-11 -3.85239e-10  -5.56455e-07 -1.09088e-06 -1.35986e-06  -5.06557e-08 4.54065e-10 -1.11096e-06  -7.50399e-08 -1.92745e-08 -7.4487e-07  1.52824e-08 -3.39111e-09 -1.36989e-07  -5.81149e-06 -3.76124e-06 6.17407e-07  -2.66942e-07 -3.30375e-07 -1.89535e-06  -5.64971e-07 -6.78019e-07 -1.83043e-06  -2.4792e-08 3.1361e-08 -4.54297e-07  -3.33014e-08 4.20981e-08 -5.93004e-07  -7.13297e-07 4.68194e-06 -2.09564e-06  -4.38545e-08 -4.99554e-10 -7.03881e-07  -7.01962e-07 1.12873e-06 -1.57364e-06  -5.23433e-08 4.0492e-09 -4.78358e-07  -3.3982e-08 2.99027e-08 -7.25818e-07  -3.3982e-08 2.99027e-08 -7.25818e-07  3.04193e-09 5.19762e-09 -3.95105e-08  -5.42748e-09 9.35236e-09 -8.48401e-08  1.75719e-11 -1.58427e-10 -2.15997e-11  -6.46635e-10 -1.01487e-10 -1.60182e-08  -4.02869e-06 7.47375e-06 -9.25438e-07  -1.42042e-08 8.82245e-10 -8.98411e-08  -2.34451e-06 7.74631e-06 1.33049e-07  -4.22075e-10 -5.98514e-10 6.78144e-11  -1.49177e-08 -4.20756e-07 1.92372e-07  7.33741e-10 -1.79938e-10 4.56334e-10  -5.64971e-07 -6.78019e-07 -1.83043e-06  -6.56404e-07 -5.85169e-07 -1.35645e-06  2.26082e-08 2.64394e-08 -4.5889e-07  2.86558e-08 2.35066e-08 -4.3692e-07  4.26877e-06 -1.19573e-06 -2.17044e-06  5.57322e-08 -1.36706e-08 -1.12966e-06  8.67226e-08 6.61801e-09 -1.23034e-06  8.71833e-07 -1.56518e-08 -2.12558e-06  -1.34954e-09 1.41444e-10 6.02199e-10  1.45429e-08 1.27317e-08 -5.25826e-07  -7.48771e-09 -8.58198e-09 -1.14624e-07  -4.09154e-10 6.66443e-09 -3.97164e-08  9.03124e-09 1.35696e-09 -6.18795e-08  1.19001e-07 -2.62161e-07 1.74655e-07  9.68537e-08 -1.27475e-07 1.0017e-07  1.19001e-07 -2.62161e-07 1.74655e-07  2.11705e-10 -8.44606e-10 -2.6309e-08  1.87184e-09 1.79303e-10 -1.88269e-08  -2.33869e-11 2.95051e-10 -1.34445e-09  4.18462e-07 3.64062e-07 2.15502e-07  -7.01962e-07 1.12873e-06 -1.57364e-06  -2.65421e-07 3.31777e-07 -1.99296e-06  -2.69445e-07 5.60492e-08 -1.78069e-06  -8.45686e-08 2.48489e-08 -1.71506e-06  2.06369e-07 -8.71552e-08 -1.87301e-06  3.09683e-07 1.01251e-09 -1.89392e-06  -2.9961e-07 1.10819e-08 1.09122e-07  -8.76395e-07 -3.85025e-07 -2.05662e-06  -1.5618e-06 -4.75775e-07 -1.52953e-06  2.06369e-07 -8.71552e-08 -1.87301e-06  2.29594e-06 1.26479e-06 -1.88797e-06  2.36041e-08 -9.71449e-08 -1.15662e-06  -1.89671e-09 1.29269e-09 -1.56508e-09  -2.11008e-09 -5.9136e-10 -2.22644e-08  -1.13762e-09 -6.36225e-10 -5.39327e-09  1.7703e-06 -3.34217e-06 -2.22358e-06  1.0864e-09 1.80842e-09 -2.60378e-09  9.3329e-11 -1.26151e-10 8.80664e-11  1.08338e-07 -2.09789e-07 -1.71779e-06  3.28034e-08 -3.55435e-08 -4.82972e-07  4.19055e-10 -2.07264e-10 4.11327e-10  2.74192e-09 -3.34867e-11 -2.11666e-08  2.74192e-09 -3.34867e-11 -2.11666e-08  -9.16694e-11 -4.90169e-09 -6.44538e-08  -7.61467e-08 -1.00158e-07 -1.56092e-06  -3.25459e-08 -3.84809e-08 -1.38918e-06  -7.01962e-07 1.12873e-06 -1.57364e-06  5.15225e-10 1.6965e-10 1.34806e-10  -1.08427e-06 4.11243e-06 9.78602e-07  -3.27553e-06 6.19082e-06 5.74357e-07  6.86712e-10 -1.82468e-10 -4.8197e-10  2.05789e-09 1.56157e-09 -6.97568e-10  5.57322e-08 -1.36706e-08 -1.12966e-06  -7.3232e-07 -7.65753e-08 5.02412e-07  -6.01197e-07 1.03757e-07 4.90946e-07  -4.15274e-09 5.42469e-10 -4.35405e-09  3.53406e-06 -7.75605e-06 -1.52125e-06  -2.9961e-07 1.10819e-08 1.09122e-07  6.42128e-07 -3.09655e-07 3.70531e-07  5.18066e-06 1.01889e-06 6.05401e-07  -3.28213e-07 3.42779e-06 9.75875e-07  -1.8014e-09 -3.29389e-10 -3.55813e-10  1.54064e-07 -1.57805e-07 -1.69833e-06  1.13402e-07 -2.84946e-08 -1.52432e-06  1.86439e-08 -6.70324e-09 -1.87435e-07  1.78462e-08 -2.09015e-08 -2.09395e-07  5.67238e-10 1.54388e-10 4.00777e-10  1.31183e-09 3.75738e-10 2.827e-10  -3.89135e-10 -1.95548e-10 -2.21347e-11  -3.89135e-10 -1.95548e-10 -2.21347e-11  1.81979e-08 -1.36151e-08 -1.54487e-07  1.41273e-09 -2.5381e-09 -1.57633e-09  8.40811e-08 1.4906e-08 -1.07193e-06  -4.97268e-06 -1.47985e-07 1.02085e-06  1.14034e-07 -6.03944e-08 -1.60163e-06  6.11486e-07 -6.79895e-07 -2.02862e-06  -3.13418e-06 -2.70623e-06 9.84362e-07  -1.18236e-06 -5.27541e-06 -2.06127e-06  3.23946e-06 1.64232e-06 -1.89957e-06  7.10765e-08 -9.59439e-08 -1.49115e-06  1.94331e-07 9.62437e-08 -1.59049e-06  -8.74916e-08 5.88589e-08 -1.47066e-06  -6.29937e-08 7.79327e-09 -1.22776e-06  1.432e-07 -2.38286e-08 -1.71641e-06  2.16842e-07 -2.79643e-08 -1.65341e-06  -3.01017e-10 -4.97515e-11 1.6501e-10  -8.44038e-11 -2.09565e-11 1.23094e-10  9.08808e-09 3.60315e-09 -1.19552e-07  1.45697e-08 2.62149e-09 -2.41614e-07  2.88702e-08 8.78059e-09 -3.10468e-07  1.24165e-08 1.01153e-08 -2.3955e-07  -4.36929e-09 -4.36072e-08 -8.13859e-07  -8.0244e-10 5.66513e-08 -5.8524e-07  -8.2855e-10 1.17303e-08 -2.08072e-07  6.79175e-10 -1.66396e-09 -6.46597e-10  3.37987e-10 -4.73002e-10 -8.05525e-09  -2.03455e-09 -1.17674e-09 -1.02568e-08  -3.3982e-08 2.99027e-08 -7.25818e-07  -8.86123e-08 6.57418e-08 -9.22588e-07  -3.42019e-08 1.17485e-08 -1.09675e-06  -3.42019e-08 1.17485e-08 -1.09675e-06  -3.42019e-08 1.17485e-08 -1.09675e-06  5.75215e-07 -1.29291e-07 -1.70138e-06  4.99494e-10 6.05165e-11 -3.47721e-10  -1.59284e-09 1.23741e-09 -9.7365e-10  3.44632e-08 -4.42109e-09 -4.90792e-07  -7.40677e-10 -9.07684e-10 -3.52494e-10  -1.42294e-09 -2.53692e-09 -2.39628e-09  -8.59522e-10 -1.06409e-09 -1.93442e-09  3.55417e-10 1.81148e-09 -1.09598e-09  4.64798e-07 3.57007e-08 -1.95551e-06  -5.97747e-08 4.7771e-08 -8.43924e-07  -4.13915e-08 -9.3517e-09 -1.25158e-06  -1.24869e-08 3.0651e-09 -2.2648e-07  -4.48221e-08 1.82773e-08 -1.44322e-06  -9.51034e-09 3.56375e-08 -8.85705e-07  -4.62896e-08 1.23571e-07 -1.49554e-06  -1.89823e-09 3.68253e-10 -7.94824e-10  2.95574e-07 9.73283e-07 -1.93328e-06  -8.59914e-07 2.43001e-07 -1.93416e-06  2.46217e-08 1.33662e-08 1.10508e-07  -9.13704e-07 6.39691e-06 7.6027e-07  2.85907e-07 5.72433e-06 8.80487e-07  9.30461e-07 2.15937e-06 -1.92624e-06  7.98234e-10 9.28376e-10 -2.01037e-08  -5.76541e-10 1.75379e-09 -1.65059e-08  3.96369e-09 2.20786e-09 -4.434e-09  2.21579e-07 -1.46914e-06 -1.97477e-06  1.51184e-06 -8.649e-06 -1.35252e-06  -5.25742e-08 -2.46382e-08 -1.20755e-06  -7.90522e-08 -5.6138e-08 -1.54735e-06  -5.13151e-09 -1.27687e-08 -2.14569e-07  1.19598e-10 1.35256e-09 -1.19162e-08  2.10395e-07 1.28211e-06 -1.40841e-06  -2.38152e-07 5.83607e-07 3.47649e-07  1.5783e-07 -1.38578e-07 6.70368e-08  1.58188e-07 -7.46672e-08 9.77175e-08  -6.6225e-10 1.81756e-10 -5.27502e-10  1.53679e-11 -1.78353e-10 1.09922e-10  9.90394e-08 -5.0369e-07 -1.97718e-06  2.12877e-08 9.87044e-09 -1.5881e-07  1.29727e-06 1.63013e-06 4.65944e-07  -2.39734e-10 -2.05925e-09 -5.70287e-09  6.5494e-07 9.98447e-08 2.1711e-07  1.56368e-10 -3.16506e-10 5.86783e-11  -5.07186e-10 -7.10982e-11 3.87735e-10  -7.13739e-10 -8.33259e-10 -1.5922e-10  -2.33869e-11 2.95051e-10 -1.34445e-09  1.67164e-07 -8.27698e-07 -1.8053e-06  -1.19169e-06 -1.31366e-07 6.82153e-07  -7.18356e-10 9.08785e-10 -4.89634e-10  -4.99556e-10 -2.89843e-09 -4.33734e-09  -8.68628e-11 5.3827e-11 -1.14349e-10  -1.0084e-09 -4.17373e-10 -2.59301e-10  6.41765e-10 1.74112e-10 2.50021e-10  3.06972e-08 -3.13147e-08 -7.36838e-07  -1.30835e-10 -5.10155e-10 -9.5601e-10  2.89726e-09 -4.3427e-09 -5.08298e-08  -2.52111e-07 6.11473e-07 -1.98615e-06  -3.93375e-07 1.21426e-06 -1.77201e-06  1.54722e-10 -9.83123e-10 -6.06463e-10  -1.2901e-08 3.05903e-08 -6.41799e-07  -3.33014e-08 4.20981e-08 -5.93004e-07  -6.75721e-10 1.65446e-09 -2.01127e-09  -9.34947e-06 -1.30207e-06 -9.29154e-07  -1.51416e-09 1.06636e-09 -1.1343e-09  -3.92217e-08 -1.22934e-08 -4.94242e-07  4.1765e-09 -9.67895e-09 -8.31159e-08  2.70473e-09 2.28768e-09 -2.82321e-09  -1.50201e-06 2.86106e-06 -1.97573e-06  -4.78208e-09 5.14565e-09 -4.80895e-08  -7.48771e-09 -8.58198e-09 -1.14624e-07  -4.02869e-06 7.47375e-06 -9.25438e-07  -7.04554e-07 3.15276e-07 -1.45626e-06  -1.8898e-07 -4.93988e-08 -1.62726e-06  -7.28031e-09 -3.07054e-08 -2.93271e-07  6.50919e-09 -2.65398e-08 -3.54797e-07  -2.24999e-07 -6.6613e-06 -1.97371e-06  4.37013e-09 -7.00521e-10 -1.20897e-09  1.60545e-09 8.57416e-11 -9.00736e-09  -2.93078e-09 3.5561e-09 -4.04983e-08  -5.01609e-09 -6.71694e-09 -7.8568e-08  3.83423e-06 -1.86326e-07 7.35647e-07  2.43297e-07 -8.42069e-09 8.9836e-08  1.24165e-08 1.01153e-08 -2.3955e-07  -1.97404e-10 1.4813e-08 -1.27166e-07  4.81047e-08 -3.79365e-08 9.30115e-08  4.31656e-10 -1.95654e-09 -1.12456e-09  -1.22322e-06 -1.73828e-06 8.36292e-07  -9.33795e-08 -6.56558e-08 -1.66964e-06  5.16471e-08 -2.83357e-08 5.24071e-08  6.52272e-06 3.02967e-06 2.44271e-07  -1.33431e-06 5.89027e-07 -2.19319e-06  -7.18356e-10 9.08785e-10 -4.89634e-10  2.1391e-07 7.76145e-08 -1.65416e-06  5.45319e-06 1.91486e-06 -2.20459e-06  1.53013e-07 -2.49958e-07 9.01846e-08  4.04525e-06 7.21405e-06 -2.3133e-08  5.1775e-07 1.21568e-07 -1.41805e-06  6.09581e-09 -6.56045e-08 -7.22434e-07  -6.43926e-10 -4.88653e-09 -3.83818e-09  3.05708e-07 3.9874e-07 2.77796e-07  -5.06897e-08 5.00906e-08 -1.69415e-06  -1.1872e-06 2.38742e-07 -1.71358e-06  -4.96662e-07 -2.04399e-06 7.92024e-07  -4.90271e-10 9.27487e-11 4.81974e-10  4.27268e-07 6.7386e-07 3.74585e-07  1.33131e-06 8.33987e-06 5.45631e-09  -1.24766e-08 -2.84037e-08 -4.29359e-07  -2.23552e-06 -7.33402e-06 -1.72699e-06  9.73558e-08 -7.81347e-07 -1.41799e-06  7.45467e-10 -2.27697e-10 -1.66714e-08  -1.24578e-08 5.34542e-11 -2.57347e-07  1.53453e-06 1.46108e-07 3.15512e-07  -3.17973e-06 -1.85838e-06 -2.0473e-06  -3.08307e-07 1.13254e-07 2.88526e-07  4.31656e-10 -1.95654e-09 -1.12456e-09  -1.5618e-06 -4.75775e-07 -1.52953e-06  -1.43755e-07 -8.45173e-08 -1.92763e-06  -1.19169e-06 -1.31366e-07 6.82153e-07  -8.45686e-08 2.48489e-08 -1.71506e-06  3.56334e-06 4.6504e-06 6.59273e-07  -1.08427e-06 4.11243e-06 9.78602e-07  4.92309e-08 7.23437e-07 -1.6672e-06  -8.76395e-07 -3.85025e-07 -2.05662e-06  -7.0495e-08 -3.21056e-08 -9.91288e-07  1.26515e-09 8.29101e-10 -3.35966e-09  5.70848e-07 2.36958e-07 1.61755e-07  
            </DataArray>
         </PointData> 
      </Piece>
   </UnstructuredGrid> 
</VTKFile>
