<?xml version="1.0"?>
<VTKFile type="UnstructuredGrid" version="0.1" byte_order="LittleEndian">
   <UnstructuredGrid>
      <Piece NumberOfPoints="1126" NumberOfCells="0" > 
         <Points> 
            <DataArray type="Float64" Name="Position" NumberOfComponents="3" format="ascii"> 
               -0.00460669  -0.00193719  0.048973  
               -0.00456781  -0.00200993  0.0494405  
               0.00160798  -0.00471205  0.037189  
               0.00200235  -0.00457186  0.0356426  
               -0.00139233  -0.00477747  0.0491934  
               -0.00220156  -0.00446538  0.0493789  
               0.00144515  -0.00476144  0.000519076  
               0.00055569  -0.00494527  0.0428234  
               -0.000726652  -0.00492843  0.0430252  
               -0.000329968  -0.0049675  0.0418745  
               0.00212629  0.00450561  0.0493708  
               0.0039017  -0.00308936  0.000931061  
               0.00492654  -0.000745812  0.000639472  
               0.00158607  0.0047187  0.00947666  
               0.00235331  0.00438427  0.0106703  
               0.00305025  0.00393379  0.00917739  
               -0.00328297  -0.00374281  0.0489824  
               0.00362748  -0.00342349  0.000621582  
               -2.70975e-05  0.00499733  0.0489422  
               0.000860549  0.00491524  0.0484703  
               -0.000320539  0.00496843  0.0474879  
               0.00465954  0.00178107  0.000747089  
               0.00446995  0.00219301  0.000660817  
               0.00277785  -0.00415735  0.0494309  
               -0.000541918  -0.00494663  0.0494155  
               -0.00471424  -0.00160076  0.0492902  
               0.00490393  -0.000975452  0.0493445  
               0.00282105  0.00412189  0.000766351  
               0.0031146  -0.00388099  0.0492498  
               0.00374281  -0.00328297  0.0493879  
               0.00346852  0.00359053  0.000640672  
               0.00402934  0.00293383  0.000826627  
               -0.0018087  -0.00465116  0.0485934  
               -0.00170791  0.00468174  0.000893579  
               -0.00218173  0.00447598  0.000661621  
               -0.00216439  0.00448525  0.00251426  
               0.00446538  -0.00220156  0.0493674  
               0.00281927  -0.00412336  0.0489452  
               0.00496479  0.000357461  0.00554857  
               0.00493509  0.000659086  0.00662799  
               0.00495694  -0.000437193  0.00686191  
               -0.0015826  -0.00471975  0.00106305  
               -0.000709477  -0.00493012  0.00153217  
               0.00345094  -0.00360496  0.0487281  
               0.00334747  -0.00368988  0.047679  
               0.00263182  -0.0042354  0.0482347  
               -0.00309965  0.00389326  0.0171823  
               -0.00382784  0.00317936  0.0175693  
               -0.00133353  0.0047953  0.000590372  
               0.00210912  0.00451479  0.00103012  
               0.00242218  0.00434746  0.000712353  
               -0.0031642  -0.00384028  0.00120854  
               -0.00241032  -0.0043538  0.000966192  
               0.00375506  0.00326804  0.00145335  
               0.00459897  0.00195164  0.00206904  
               0.00372093  0.00330962  0.00239369  
               0.00204124  0.00455107  0.000559948  
               0.00446995  0.00219301  0.00123799  
               -0.00465459  0.00179741  0.00292777  
               -0.00439295  0.00233707  0.00193126  
               -0.00470852  0.0016196  0.00198529  
               0.00118389  -0.0048407  0.0494153  
               -0.00177342  0.00466186  0.0491404  
               -0.00200909  -0.00456826  0.000644285  
               0.00496893  -0.000315496  0.00098358  
               0.00498864  0.000115337  0.000617708  
               -0.00491673  0.000845485  0.0382039  
               -0.00490619  -0.000952446  0.0378922  
               -0.00496255  -0.000380251  0.0369558  
               0.00313435  0.00386477  0.000986872  
               -0.000592085  -0.00494168  0.0168272  
               -0.00031728  -0.00496875  0.0155755  
               -0.0031642  -0.00384028  0.000558407  
               -0.00280948  -0.00413139  0.000646067  
               -0.00329239  0.00373508  0.0494205  
               0.00498207  0.000182048  0.00184135  
               -0.00115057  -0.0048508  0.000589541  
               -0.000268126  -0.00497359  0.0312726  
               0.000865782  -0.00491473  0.0316316  
               0.00308673  -0.00390386  0.0408176  
               0.00387264  -0.00312477  0.0414405  
               -0.000709477  -0.00493012  0.000799284  
               0.00181565  -0.00464905  0.0486639  
               0.00118389  -0.0048407  0.0489248  
               -0.000302776  -0.00497018  0.000577366  
               0.00357428  0.00348833  0.04829  
               0.00359097  0.00346798  0.0473824  
               0.00477133  -0.00141256  0.0492505  
               0.00465116  -0.0018087  0.0494652  
               -0.000471224  0.00495359  0.0493952  
               0.0019825  -0.00458247  0.0221109  
               0.00317204  -0.00383385  0.0228372  
               -0.00439147  -0.00233984  0.0305348  
               0.00206269  0.00453961  0.016277  
               0.00276219  0.00416572  0.0150202  
               0.00307496  0.00391352  0.0163742  
               0.00385489  0.0031464  0.0490609  
               -0.00435937  0.0023999  0.0186585  
               -0.00442263  0.00228154  0.0200365  
               -0.00486287  0.00111078  0.0191247  
               -0.00134589  0.00479156  0.049395  
               -0.00494207  0.000588188  0.049335  
               0.00103133  -0.00488698  0.00365727  
               0.00254311  -0.00428282  0.00362288  
               0.0018011  -0.00465347  0.00304545  
               0.00462706  0.00188815  0.0142772  
               0.00490868  0.000927155  0.0132928  
               -0.0046053  0.0019398  0.0490015  
               -0.0046053  0.0019398  0.0494491  
               0.00484535  -0.00116854  0.00133133  
               -0.00458211  -0.00198317  0.0010801  
               0.00289487  0.00406131  0.0493716  
               0.00467538  -0.00172887  0.00378754  
               0.00417103  -0.00275225  0.00202276  
               0.00405424  -0.00290349  0.00362402  
               -0.00493563  -0.000653604  0.000832155  
               -0.00348843  -0.00357419  0.000728813  
               -0.00437404  -0.00237244  0.0472217  
               -0.000541918  -0.00494663  0.0489253  
               0.000325151  -0.00496798  0.0491569  
               -0.00294623  -0.00401917  0.0493798  
               -0.00360496  -0.00345094  0.0494293  
               -0.00389297  0.0031  0.000579026  
               -0.0032683  0.00375485  0.000576398  
               -0.00360435  0.00345168  0.000731285  
               0.00457846  -0.00199001  0.000574555  
               0.00417103  -0.00275225  0.000621103  
               0.000860549  0.00491524  0.049202  
               -0.00152331  0.00473774  0.00335005  
               -0.00160522  0.00471289  0.00473283  
               -0.000806583  0.00492056  0.00403441  
               0.00239643  -0.00436122  0.0232657  
               0.00339592  -0.00365011  0.0238269  
               -0.00315359  0.00384899  0.00830286  
               -0.00291931  0.00404125  0.00692363  
               -0.00191497  0.00461857  0.0071687  
               0.00297872  -0.0039925  0.000825007  
               0.00437494  -0.00237077  0.00108321  
               0.0018581  -0.00463618  0.000619668  
               0.00144515  -0.00476144  0.000926498  
               -0.00138183  -0.00478065  0.00669094  
               0.00122412  0.00482849  0.00156352  
               0.00494871  -0.000520792  0.0492639  
               0.000875595  -0.00491376  0.00130593  
               0.0018581  -0.00463618  0.00194485  
               0.000603286  -0.00494058  0.000660413  
               -0.00294591  0.00401942  0.0492406  
               -0.00492481  0.000763448  0.000801445  
               -0.00478488  0.00136791  0.000685958  
               0.00471124  0.00161066  0.0490532  
               0.00455949  0.0020255  0.0493706  
               0.00241955  0.00434886  0.00489836  
               0.0025034  0.00430405  0.00345401  
               0.0031931  0.00381656  0.0037968  
               0.00401917  -0.00294623  0.0490989  
               -0.000915408  0.00490984  0.0491406  
               -0.000645703  -0.0049364  0.00251569  
               0.000860585  -0.00491524  0.00246484  
               0.00332445  -0.00370876  0.0383299  
               -0.000849478  -0.00491633  0.0472765  
               0.00331297  -0.00371819  0.00144961  
               0.00382785  -0.00317935  0.0467244  
               -0.00147564  -0.00475219  0.00568086  
               0.00477841  0.00138923  0.000960172  
               0.00466416  0.00176587  0.00121653  
               0.00129203  0.00480789  0.0494137  
               0.00171818  0.00467862  0.0489434  
               -0.00091689  0.00490969  0.00051962  
               -0.00493027  -0.00070803  0.0490194  
               -0.00471424  -0.00160076  0.0486558  
               0.00441891  0.00228851  0.0469543  
               0.00462299  0.00190157  0.0480705  
               0.0048885  0.00102629  0.0467781  
               -0.00258575  -0.00426003  0.0490711  
               0.000373196  0.00496324  0.000559487  
               -5.70684e-05  0.00499438  0.000712726  
               0.000297996  0.00497065  0.00103067  
               0.00262539  -0.00423884  0.000587789  
               -0.00495619  0.000444845  0.0116668  
               -0.00490947  -0.000919187  0.0115808  
               -0.00496542  0.000351071  0.0129559  
               0.0027707  -0.00416117  0.00957373  
               0.00257259  -0.00426706  0.0106679  
               -0.00499225  7.87121e-05  0.00110401  
               -0.00460335  0.00194344  0.047883  
               0.00301323  0.00396418  0.0466006  
               -0.00332702  0.00370665  0.0256473  
               -0.00285015  0.00409801  0.0246867  
               -0.00096725  -0.00490473  0.0131268  
               -0.00231659  -0.0044039  0.0129125  
               0.00436277  -0.00239352  0.0324924  
               0.0016379  0.00470298  0.000874665  
               0.00491243  0.000889072  0.0477575  
               -0.00459067  0.00196716  0.00104357  
               0.00483697  0.00119618  0.00170021  
               0.00494627  0.00054548  0.000919325  
               -0.00426307  0.00258005  0.0302056  
               -0.00356471  0.00349998  0.0315334  
               -0.00497969  0.000206226  0.0489112  
               -0.00494207  0.000588188  0.0479497  
               -0.00302921  0.00395106  0.0428455  
               0.00495057  -0.000501827  0.0487881  
               0.00490393  -0.000975452  0.0487715  
               0.00471987  -0.00158219  0.000774727  
               -0.00362087  0.00343155  0.0494498  
               -0.00228905  -0.00441862  0.00424504  
               -0.0015826  -0.00471975  0.00273184  
               -0.000900222  -0.00491134  0.00363452  
               0.00454505  -0.00205252  0.0411614  
               0.0048193  -0.00125444  0.0401778  
               0.00455975  -0.00202501  0.0392656  
               0.00122412  0.00482849  0.000602455  
               0.0040323  -0.00293023  0.0332894  
               0.00453236  -0.00207624  0.0335201  
               0.00482022  -0.00125138  0.0458763  
               0.00499808  1.95244e-05  0.045295  
               0.004858  -0.00112684  0.0443596  
               0.00421134  -0.00267683  0.0243275  
               0.000289553  0.00497148  0.00385996  
               0.00196206  0.0045934  0.0470062  
               0.00289487  0.00406131  0.0482934  
               0.00251873  0.00429585  0.0490596  
               0.00124047  -0.00482353  0.0481088  
               0.00200993  -0.00456781  0.049328  
               -0.00257441  0.00426609  0.0487159  
               -0.00234982  0.00438614  0.0471137  
               -0.00134589  0.00479156  0.0484794  
               -0.00484235  0.00117845  0.00134909  
               -0.0043627  -0.00239366  0.0490104  
               -0.0031449  0.00385612  0.00938227  
               -0.00362814  0.00342269  0.0102447  
               -0.00390128  0.00308988  0.0093047  
               -0.00332028  -0.00371219  0.0310328  
               -0.00210252  -0.00451832  0.0322683  
               -0.00189307  -0.00462557  0.0309241  
               -0.00474136  0.00151137  0.04939  
               -0.00176917  -0.00466316  0.0138002  
               0.000417233  0.00495891  0.0494131  
               0.00187926  0.00462976  0.00167426  
               0.00145379  0.00475883  0.00225138  
               0.0048283  0.00122475  0.0493796  
               0.00323809  0.00377964  0.0490595  
               -0.00427951  -0.0025493  0.0459901  
               0.00465116  -0.0018087  0.0490358  
               -0.00474225  0.00150841  0.00836831  
               0.00435081  0.00241591  0.0489187  
               0.0041362  0.00280362  0.0493723  
               0.00200993  -0.00456781  0.0479998  
               0.00462908  -0.0018815  0.0475827  
               0.00470702  -0.00162458  0.0481034  
               0.00483699  -0.0011961  0.0477954  
               0.00385489  0.0031464  0.049477  
               0.00342822  0.00362361  0.0436348  
               0.00404777  0.00291138  0.0445795  
               0.00392394  0.00306226  0.0457276  
               0.0039017  -0.00308936  0.000521064  
               -0.00496807  -0.000324195  0.0493771  
               0.0041362  0.00280362  0.0479846  
               -0.00220156  -0.00446538  0.0469429  
               -0.00442985  0.00226804  0.00963771  
               -0.00486882  0.00109119  0.0105134  
               -0.00438214  0.0023573  0.0108464  
               -0.00258575  -0.00426003  0.049481  
               -0.00418035  -0.00273481  0.0394671  
               -0.0045236  -0.00209264  0.041254  
               -4.0336e-05  -0.00499603  0.00174019  
               0.00155261  -0.00472885  0.0113523  
               -0.00182918  0.00464495  0.0358232  
               -0.00209369  -0.00452304  0.00189744  
               0.00395503  0.00302438  0.0418706  
               0.00445656  0.00221806  0.0411219  
               0.00357351  0.00348927  0.0493721  
               -0.00439295  0.00233707  0.000639557  
               -0.00417664  0.00274176  0.000527436  
               -0.00475979  0.00145062  0.0462851  
               -0.00498468  -0.000155563  0.0471633  
               -0.00425777  -0.00258998  0.000755944  
               -0.00389718  -0.00309487  0.00108632  
               -0.00427486  -0.00255799  0.00157127  
               0.00258965  -0.00425794  0.0025406  
               0.00490396  0.000975104  0.000617259  
               -0.00486013  0.00111982  0.0490714  
               -0.0049151  0.000862  0.00196025  
               -0.00389297  0.0031  0.00360185  
               -0.00492418  0.000769846  0.044976  
               -0.00316208  -0.00384202  0.0144819  
               -0.00381835  -0.00319092  0.0140847  
               -0.00341081  -0.00363789  0.0154353  
               -0.00388099  -0.0031146  0.0485558  
               0.000803405  0.00492087  0.000874252  
               4.28867e-05  -0.00499578  0.0363621  
               0.00105282  -0.00488046  0.000722787  
               -0.00290687  0.00405147  0.0306249  
               0.00446288  0.00220624  0.0160652  
               0.00431474  0.00248339  0.0150426  
               0.00477841  0.00138923  0.000534007  
               -0.00241032  -0.0043538  0.000537489  
               -0.00271595  0.00419044  0.0331452  
               0.000538396  -0.00494697  0.0473781  
               0.00021372  -0.00497895  0.00108404  
               -0.0049455  0.000553334  0.00737865  
               -0.00493137  -0.000696779  0.00767567  
               0.00410441  0.00284235  0.0296435  
               0.00347252  0.00358725  0.0298909  
               0.00415066  0.002786  0.0307516  
               0.00417692  -0.00274123  0.017341  
               0.00361713  -0.00343611  0.0168422  
               0.00381218  -0.00319844  0.0181794  
               -0.00291931  0.00404125  0.00080145  
               -0.00418188  0.00273195  0.0493135  
               -0.00389035  0.00310318  0.0492262  
               -0.00134589  0.00479156  0.0469927  
               0.00323378  0.00378318  0.0337014  
               0.00404653  0.00291289  0.0339496  
               0.00433909  0.00243784  0.034903  
               0.00462694  0.00188856  0.0359453  
               0.00242218  0.00434746  0.00134788  
               0.00151124  0.0047414  0.0272731  
               0.00455399  0.00203578  0.0458139  
               0.00483269  0.0012103  0.0443319  
               -0.00343053  -0.00362171  0.0482725  
               -0.00366465  -0.00337821  0.0472791  
               -0.00298432  -0.0039879  0.0477953  
               -0.00236447  0.00437831  0.0460065  
               -0.00274216  0.00417642  0.0443464  
               -0.00415735  -0.00277785  0.0494292  
               0.00088075  -0.00491325  0.0162229  
               0.000947886  0.00490664  0.020251  
               -0.00383633  0.00316901  0.00245724  
               -0.00133353  0.0047953  0.00168248  
               0.00458315  -0.00198123  0.00709132  
               0.00481417  -0.00127133  0.00592485  
               -0.0006065  -0.00494026  0.0386546  
               -0.000513945  -0.00494938  0.0396567  
               0.00496601  -0.00034509  0.0171083  
               -0.00388099  -0.0031146  0.0492428  
               0.00224434  -0.00444252  0.00104704  
               0.00499116  8.97942e-05  0.0483349  
               -0.00129662  -0.0048065  0.0175232  
               -0.00223214  -0.00444904  0.016779  
               -0.00128418  -0.00481027  0.0160161  
               0.00144964  -0.00476008  0.046665  
               -0.000497353  0.00495101  0.00307581  
               -0.000990233  0.00489944  0.00242109  
               -0.00317259  0.00383339  0.0485408  
               0.00418566  0.00272489  0.0258044  
               0.00453507  0.00207119  0.0249786  
               -0.00254215  0.00428333  0.00138348  
               -0.00417664  0.00274176  0.000942246  
               -0.00383446  0.0031713  0.00105926  
               0.0049292  0.000718823  0.0493197  
               -0.00418188  0.00273195  0.0487067  
               -0.00165578  0.00469755  0.0450367  
               -0.0013338  0.00479522  0.0434398  
               -0.00444045  -0.0022482  0.0244864  
               -0.00415415  -0.00278175  0.0236768  
               0.00248903  0.00431173  0.0331426  
               0.00157  0.00472357  0.0331908  
               0.00218884  0.00447218  0.0340916  
               0.00269167  0.00420341  0.0371015  
               0.00283485  0.00411057  0.0381836  
               0.00355578  0.00351086  0.0376173  
               0.00479398  -0.00133789  0.0234308  
               0.00499987  1.30523e-06  0.0231523  
               0.00426003  -0.00258575  0.048376  
               0.00416377  -0.00276583  0.0474769  
               0.00449125  -0.00215317  0.0480831  
               0.00239366  -0.0043627  0.0489272  
               -0.00091689  0.00490969  0.000927513  
               -0.00420542  -0.00268792  0.0484073  
               -0.00401947  0.00294585  0.021869  
               -0.00304379  0.0039391  0.0209119  
               -0.00274958  0.00417246  0.0221883  
               0.00273508  0.00418021  0.00182876  
               0.00282442  0.00411913  0.00124104  
               -0.00217951  0.00447717  0.049395  
               0.00264061  0.0042307  0.0455914  
               -2.56631e-05  -0.00499747  0.0233609  
               0.00085216  -0.00491607  0.0226743  
               0.000905026  -0.00491086  0.0238552  
               -0.000661252  0.00493487  0.00166959  
               0.00384666  -0.00315643  0.0046434  
               0.00390874  -0.00308078  0.00566597  
               0.00320808  -0.00380427  0.00524606  
               -0.00362087  0.00343155  0.0490027  
               -0.00364272  -0.00340492  0.0125703  
               -0.00430661  -0.00249859  0.0133265  
               0.00468771  0.00168823  0.0341704  
               -0.00109526  -0.00486758  0.0270601  
               0.000608526  -0.00494007  0.0277203  
               -0.000579528  -0.00494292  0.0282045  
               -0.00465094  -0.00180944  0.0275069  
               -0.00470527  -0.00163033  0.0254095  
               -0.00492099  -0.00080225  0.0272295  
               -0.00317249  0.00383347  0.0475661  
               0.0043982  -0.00232724  0.0295262  
               0.00470938  -0.00161679  0.0304448  
               0.00402267  -0.00294196  0.0396826  
               -0.000292531  -0.00497119  0.00108357  
               -0.00206734  0.00453713  0.0426934  
               -0.00251221  0.00429934  0.00428689  
               -0.00389533  0.00309713  0.00480689  
               -0.0010628  0.00487743  0.0299494  
               -0.00199157  0.00457763  0.0309152  
               0.00421184  -0.00267591  0.0126239  
               0.0033328  -0.00370191  0.0115638  
               -0.0040174  0.00294838  0.00174273  
               0.000543035  -0.00494652  0.017454  
               -0.00375062  0.00327345  0.0481159  
               0.000325151  -0.00496798  0.0483762  
               -0.00468912  -0.00168359  0.0021757  
               -0.00493929  -0.000616405  0.00185935  
               0.00326432  0.00375811  0.0184676  
               0.0021414  0.00449754  0.0187265  
               0.00271537  0.00419074  0.0176614  
               0.00498927  -0.000108907  0.0490543  
               -0.00275673  -0.00416864  0.0363584  
               0.00473642  0.00152765  0.0369051  
               0.00441334  0.00229892  0.0375086  
               0.00492089  0.00080319  0.0391848  
               0.0049954  -4.67415e-05  0.0403112  
               0.00291044  0.00404853  0.0351759  
               -0.00377174  -0.00324772  0.0419357  
               -0.00367249  -0.00336865  0.0406011  
               -0.00256809  -0.00426947  0.0422023  
               0.00115397  -0.00484977  0.0193198  
               0.00149459  -0.00474645  0.0183118  
               -0.000410696  0.00495955  0.00103067  
               -0.00381837  0.0031909  0.0470964  
               -0.00314558  0.00385556  0.0465921  
               -0.00467669  0.00172454  0.0221205  
               -0.00490756  0.000938585  0.0212418  
               0.00324845  0.00377113  0.00480862  
               -0.00367074  0.00337079  0.0283976  
               -0.0028509  0.00409739  0.0284768  
               -0.00406721  0.00288769  0.0477336  
               -0.0043136  0.00248553  0.0481492  
               -0.00347768  -0.00358301  0.00355674  
               -0.0031642  -0.00384028  0.00475288  
               -0.000487432  0.00495199  0.000560129  
               0.00498426  0.000159765  0.0363883  
               0.0044274  -0.00227261  0.0488114  
               -0.00214877  0.0044936  0.0267785  
               -0.00325816  0.00376317  0.00111545  
               0.00384365  -0.0031601  0.0290539  
               0.000593949  0.0049415  0.0374722  
               0.000934891  0.00490792  0.0390462  
               0.00313659  -0.00386294  0.0395491  
               0.00216488  -0.00448499  0.0410838  
               -0.00475187  -0.0014767  0.039834  
               0.00488792  -0.0010282  0.0163588  
               -0.00262827  -0.0042373  0.00288917  
               0.00256848  0.00426926  0.00239571  
               -0.00462421  0.00189754  0.0484787  
               -0.00351821  -0.00354975  0.0214102  
               -0.00390285  -0.00308796  0.0227552  
               -0.00231996  -0.0044021  0.00661043  
               -0.00325141  -0.00376871  0.00583356  
               -0.000818776  0.00491936  0.0457579  
               -0.00481411  -0.00127153  0.0198654  
               -0.00494811  -0.000526868  0.0192139  
               -0.00474746  -0.00149125  0.0188355  
               -0.00498983  0.000103292  0.00347803  
               0.00209756  0.00452097  0.0287436  
               0.00158408  0.0047193  0.0296539  
               0.000380794  0.0049625  0.0282379  
               0.00258462  -0.00426063  0.0472198  
               -0.00496244  -0.000381345  0.0419094  
               -0.00494166  0.000592286  0.04134  
               -0.00482117  0.00124825  0.0473135  
               -0.00447812  0.00217772  0.00754074  
               0.00488598  0.00103461  0.015211  
               0.00417294  -0.00274869  0.0155329  
               0.00357577  -0.00348651  0.0158451  
               0.0049292  0.000718823  0.0487318  
               0.00496078  0.000398188  0.0329193  
               0.00366252  0.0033808  0.0361382  
               -0.00304124  -0.00394119  0.0389535  
               -0.00169626  -0.00468527  0.0432756  
               0.00346813  -0.00359085  0.0144567  
               0.00139306  0.00477725  0.00391761  
               6.60707e-05  -0.00499349  0.0130876  
               -0.000786279  -0.00492256  0.0141487  
               0.00298635  -0.00398624  0.0350338  
               0.00246156  0.00432641  0.0274526  
               0.00310581  0.0038882  0.0283102  
               0.00367346  0.00336746  0.0274052  
               -0.00470705  -0.00162448  0.0460732  
               -0.00427688  0.00255423  0.0464367  
               0.00240096  0.0043588  0.0130031  
               0.00251873  0.00429585  0.0494761  
               -0.00233412  0.00439453  0.0386794  
               -0.00362549  0.00342593  0.0384836  
               -0.00297403  0.00399635  0.0375265  
               -0.000435419  -0.00495711  0.020076  
               -0.00490504  -0.000964194  0.0326201  
               -0.00479356  -0.00133929  0.0314339  
               -0.00312367  -0.00387354  0.0223524  
               -0.00165654  -0.00469732  0.0220662  
               -0.00254171  -0.00428357  0.0215515  
               0.00335707  -0.003682  0.0455597  
               0.00286185  0.00408841  0.00771134  
               0.00176021  0.00466587  0.0176444  
               0.00476638  -0.00142887  0.048777  
               0.00463972  -0.00184642  0.0485416  
               -0.00363692  -0.00341199  0.0489461  
               0.00442977  0.00226818  0.0429977  
               -0.00491786  -0.00083402  0.0229013  
               -0.00472137  -0.00157725  0.0237842  
               0.000551453  0.00494569  0.0016737  
               -0.000962718  0.00490518  0.036271  
               -0.0006815  0.00493288  0.0347988  
               0.0049723  0.000281255  0.0492639  
               0.00498927  -0.000108907  0.0494735  
               0.00430166  0.00250786  0.00389799  
               0.00271781  0.00418944  0.0250095  
               0.00341562  0.00363394  0.0121892  
               0.00390573  0.00308445  0.0111877  
               0.00328612  0.00374022  0.0309202  
               0.00243863  0.00433866  0.0307171  
               -0.00478923  -0.00135357  0.0134323  
               -0.00494476  -0.000560834  0.0140378  
               -0.00393962  -0.00304315  0.0478472  
               0.00478389  -0.00137116  0.0294429  
               -0.00494107  0.000598377  0.00490682  
               -0.00469788  0.00165469  0.00452819  
               -0.00388149  0.00311399  0.022857  
               0.00401082  0.00295639  0.00705658  
               0.00362499  0.00342653  0.0388543  
               -0.00361455  -0.00343925  0.0106794  
               0.00490396  0.000975104  0.00243164  
               0.00496238  -0.000381937  0.00342949  
               0.00467911  0.00171657  0.028936  
               0.00499153  8.59849e-05  0.0283505  
               0.00481411  0.00127155  0.0277498  
               0.000253138  0.00497507  0.029735  
               -0.00230638  0.00440936  0.0100023  
               -0.00199814  -0.00457411  0.0356532  
               -0.0022276  -0.00445146  0.037295  
               -0.002772  -0.00416048  0.0111892  
               0.000253331  -0.00497505  0.0141121  
               -5.67795e-05  0.00499441  0.00208381  
               -0.0046313  0.00187418  0.0146973  
               -0.00431378  0.0024852  0.015553  
               -0.00491754  -0.000837263  0.0480025  
               0.00492152  -0.000796809  0.0352554  
               -0.00360435  0.00345168  0.00138724  
               -0.0030945  0.00389748  0.0020127  
               0.00342598  0.00362544  0.0102595  
               0.00294412  -0.0040209  0.036698  
               0.00189259  -0.00462571  0.0422137  
               0.000972787  -0.00490419  0.0415452  
               0.000675468  -0.00493347  0.0354475  
               0.000134925  -0.00498671  0.0341691  
               -0.000653489  -0.00493564  0.0350434  
               -0.00263202  0.00423529  0.0295811  
               -0.00127649  0.00481261  0.0282992  
               0.00390872  0.00308081  0.00831475  
               0.00494627  0.00054548  0.000515898  
               -0.000109763  0.00498919  0.00650299  
               -0.00338135  -0.00366207  0.0337341  
               0.00487007  0.00108705  0.0250923  
               -0.00152525  -0.00473715  0.03427  
               -0.0044117  0.00230199  0.048737  
               -0.00440469  0.00231511  0.0492253  
               0.00499544  4.62911e-05  0.014044  
               0.00472115  0.001578  0.0307672  
               0.00473973  0.00151675  0.0325257  
               0.00495884  0.000417894  0.0317132  
               0.0045076  -0.00212258  0.0284444  
               0.00484801  -0.00115979  0.0279859  
               0.00476778  -0.00142428  0.0326804  
               0.00494805  -0.000527436  0.0340286  
               0.00474202  -0.00150919  0.0344044  
               -0.00140292  0.00477426  0.020774  
               -0.000414604  0.00495917  0.0213213  
               0.000240767  0.00497629  0.0462368  
               0.000691939  -0.00493185  0.00797838  
               0.000876019  -0.00491372  0.00598035  
               0.00187927  -0.00462976  0.00748897  
               0.00189547  0.00462484  0.00296056  
               0.00390116  0.00309002  0.0286881  
               -0.00324079  0.00377742  0.00309918  
               -0.00394857  -0.00303225  0.00544341  
               -0.00399898  -0.00297082  0.0043845  
               -0.0035841  0.00347636  0.0357297  
               -5.16771e-05  0.00499491  0.0196315  
               -0.00442354  -0.00227984  0.0224686  
               0.00292131  0.00403961  0.00657464  
               -0.00475504  0.00146628  0.0482097  
               -0.00411828  0.00282546  0.0276076  
               -0.00269425  -0.00420203  0.0258898  
               -0.00165183  -0.00469875  0.011469  
               -0.00210212  -0.00451853  0.00955846  
               -0.000399729  0.00496063  0.024761  
               -0.00184312  0.00464072  0.0257142  
               -0.000808351  0.00492038  0.0266185  
               -0.00412592  -0.00281614  0.0489427  
               0.00473301  0.00153889  0.00747036  
               -0.00482907  -0.00122222  0.0470564  
               -0.00355216  -0.00351528  0.0259351  
               -0.00303358  -0.00394747  0.0268034  
               0.00473083  -0.00154607  0.0253137  
               0.00491626  -0.000850193  0.0244972  
               -0.00490892  -0.000924706  0.0448222  
               0.00268695  0.00420594  0.0227585  
               0.00462641  0.00189032  0.00470019  
               0.00490664  0.000947913  0.004057  
               -0.00438042  0.00236052  0.0136352  
               -0.00341431  0.00363502  0.0152379  
               -0.00374762  0.0032771  0.0131888  
               -0.00197799  0.00458488  0.024401  
               -8.85391e-05  -0.00499128  0.00707179  
               0.00323809  0.00377964  0.0494762  
               -0.00367698  -0.00336318  0.024853  
               -0.00176425  0.00466465  0.019602  
               0.00486545  0.0011023  0.0298066  
               0.00497724  -0.000231046  0.0296987  
               0.00336226  0.00367774  0.0134459  
               -0.00498456  0.000156717  0.0153718  
               -5.70684e-05  0.00499438  0.00134861  
               -0.00297383  -0.00399652  0.0300175  
               -0.00377112  -0.00324847  0.0298266  
               -0.00437304  0.00237433  0.0475385  
               -0.00348843  -0.00357419  0.00229379  
               0.00417017  0.00275386  0.0221469  
               0.00471194  0.00160834  0.0220196  
               -0.00434426  0.00242816  0.00569531  
               -0.00437109  0.00237796  0.0233491  
               0.00246454  -0.00432482  0.011726  
               0.00178312  -0.00465892  0.00941678  
               -0.00166795  0.00469386  0.0218847  
               0.0041737  -0.00274726  0.0431473  
               0.00338143  -0.003662  0.0427194  
               -0.00245456  0.00433015  0.00883381  
               -0.00209985  -0.00451975  0.0151714  
               -0.000532671  0.00494754  0.0290671  
               0.00154409  0.00473143  0.0372383  
               0.00203304  0.00455546  0.0388986  
               -0.0049488  0.000519824  0.0270966  
               0.00422406  -0.00265305  0.0144484  
               0.00468677  -0.00169133  0.0142275  
               0.00470072  -0.00164534  0.0130746  
               -0.00471946  -0.00158355  0.0357152  
               0.00237538  0.00437247  0.0416769  
               0.00119712  0.00483668  0.0409561  
               0.00133664  0.00479436  0.0459485  
               0.00287528  0.00407739  0.0265175  
               0.001919  0.00461641  0.0257593  
               -0.00487014  -0.00108683  0.00444678  
               -0.00493032  -0.000707477  0.00561854  
               -0.00113124  -0.00485667  0.00913082  
               -0.00474441  0.00150132  0.0115137  
               0.00494303  0.000578404  0.0426502  
               -0.00431638  0.00248032  0.00858232  
               0.00497701  -0.000233416  0.0464976  
               0.00475274  -0.00147384  0.019686  
               0.00276898  -0.00416209  0.0260834  
               0.00210596  -0.00451648  0.0267439  
               0.00395299  0.00302687  0.00475787  
               0.00375506  0.00326804  0.00333402  
               0.00437258  0.00237519  0.00280041  
               0.000873633  0.00491395  0.034049  
               -0.00321649  -0.00379737  0.00733851  
               0.000693589  0.00493169  0.00735023  
               -0.00495306  -0.000476614  0.0388149  
               -0.00496602  0.000345041  0.0399731  
               -0.00490412  0.000973469  0.0391951  
               0.00313435  0.00386477  0.000545829  
               -0.00319481  -0.00381516  0.00871657  
               -0.00419884  -0.00270023  0.00850667  
               0.00193489  -0.00460792  0.0456979  
               0.00150837  -0.00474227  0.0442183  
               -0.000399718  0.00496063  0.0444548  
               -0.0022165  0.00445739  0.0405656  
               0.00392385  0.00306237  0.0171378  
               0.00378268  0.00323439  0.0161585  
               0.00391243  0.00307629  0.0198951  
               0.0044698  0.00219329  0.0190729  
               -0.00105597  0.0048795  0.00806006  
               -0.000455396  0.00495515  0.00524265  
               -0.000293801  0.00497106  0.0123745  
               -0.000524419  0.00494835  0.0135572  
               -0.00478991  0.00135132  0.00937447  
               0.000791455  0.00492205  0.00500367  
               0.000104135  0.00498974  0.0101562  
               -0.00121126  0.00483239  0.00987814  
               0.00109011  0.00486915  0.00287293  
               0.00414879  -0.00278828  0.031106  
               -0.00480207  0.00131124  0.0201046  
               0.00412129  -0.00282179  0.021363  
               0.003493  -0.00357044  0.0216155  
               0.00414976  -0.00278709  0.0227818  
               0.000163119  -0.00498393  0.0302864  
               0.0033368  -0.00369863  0.00640606  
               0.00354315  -0.00352626  0.0075243  
               0.00276302  -0.00416528  0.0076154  
               -0.00478223  -0.00137665  0.0146099  
               0.00497306  0.0002735  0.0488097  
               -0.00180229  -0.00465311  0.041666  
               6.06468e-05  -0.00499403  0.00440008  
               0.00111388  -0.00486194  0.00478209  
               -0.00430386  -0.00250374  0.0350426  
               0.00493349  -0.000675334  0.0307698  
               0.00498927  -0.000108907  0.0475163  
               0.00492904  -0.000720492  0.0473997  
               -0.00447543  0.00218276  0.0124523  
               0.00402864  -0.00293469  0.00686129  
               -0.00459316  0.00196251  0.0375079  
               -0.000754099  -0.00492573  0.0294497  
               -0.00497316  0.000272543  0.00593359  
               -0.00492352  -0.000776553  0.00664651  
               -0.00262125  -0.00424106  0.0435619  
               0.00492983  -0.00071244  0.0480252  
               0.000834172  0.00491784  0.0218591  
               -0.00425855  -0.00258851  0.0112183  
               -0.00462887  -0.00188218  0.0125352  
               0.00467916  0.00171641  0.0240054  
               -0.00218161  -0.00447605  0.0269003  
               -0.003338  -0.00369764  0.0278138  
               -0.00298854  0.00398444  0.0398198  
               -0.00446039  -0.0022109  0.0482779  
               -0.00455088  0.0020416  0.0364232  
               -0.00340348  -0.00364391  0.0462983  
               -0.00359392  -0.00346439  0.0450285  
               -0.00179646  -0.00465488  0.0280726  
               -0.00421259  -0.0026745  0.0161838  
               -0.00467524  -0.00172934  0.015571  
               -0.00466501  -0.00176305  0.0167882  
               -0.0010561  -0.00487946  0.00776886  
               -0.00280445  0.00413552  0.0136109  
               -0.00463472  0.00186289  0.0472426  
               0.00465994  -0.00177976  0.0357343  
               0.00432322  -0.00246752  0.0346802  
               0.00124923  0.00482088  0.0107506  
               0.00192732  0.00461197  0.0202322  
               0.00483713  0.00119564  0.0196312  
               0.00498129  0.000189935  0.0195964  
               0.00321085  -0.00380199  0.00844015  
               0.00423834  0.00262633  0.0365486  
               -0.00276051  0.00416662  0.011768  
               -0.00169079  0.00468693  0.0107651  
               0.00496087  0.000397304  0.0272733  
               -0.0043241  0.00246589  0.0399268  
               -0.00366284  0.00338042  0.00742812  
               -0.00468372  -0.00170138  0.0105042  
               -0.00494064  -0.000602689  0.0104982  
               0.00490919  -0.000921994  0.0118547  
               0.00156846  -0.00472404  0.0172447  
               0.00256801  -0.00426951  0.0170096  
               -0.00376583  -0.00325492  0.0373049  
               -0.00486387  0.0011075  0.0233878  
               -0.00498447  0.000157713  0.0230097  
               0.00445196  -0.00222668  0.00609383  
               0.0047473  -0.00149178  0.0471615  
               0.000864087  0.00491489  0.0449096  
               -0.00497071  0.00029738  0.0240556  
               0.003798  0.00321572  0.0145585  
               -0.00480885  0.00128887  0.0432944  
               -0.0040603  0.0028961  0.0431964  
               -0.00465842  0.00178477  0.0443826  
               0.00445318  0.0022244  0.0230305  
               0.00488897  0.00102477  0.0231468  
               0.00442779  -0.0022719  0.0453183  
               -0.00123143  0.00482628  0.0393287  
               -0.000716337  0.00492945  0.0378041  
               0.00460183  0.00194628  0.0387191  
               -0.000667187  0.00493429  0.0146567  
               -0.00470749  -0.00162302  0.0333561  
               -0.00436477  -0.0023898  0.0316985  
               0.00434966  0.00241805  0.00971661  
               -0.00474812  -0.00148906  0.00346257  
               -0.00471795  -0.00158852  0.0478669  
               -0.00427562  -0.00255658  0.047835  
               -0.00411162  -0.00283357  0.00728007  
               -0.0046897  -0.00168167  0.0078685  
               0.00499071  9.42744e-05  0.0413535  
               0.00490475  -0.000967067  0.0412886  
               -0.00284789  -0.00409987  0.0195281  
               -0.0036889  -0.00334865  0.0195312  
               0.00177183  0.00466235  0.00782127  
               -0.000157874  0.00498445  0.0392621  
               0.00119973  0.00483589  0.00618193  
               -0.000398345  -0.00496077  0.0179334  
               -0.00499141  -8.72135e-05  0.0331082  
               -0.00488354  0.00104264  0.0366986  
               -0.00477784  -0.00139111  0.0219085  
               0.00497386  0.000265391  0.0162991  
               0.0028874  -0.00406744  0.0419093  
               -0.00452823  -0.00208398  0.00463155  
               0.000929382  -0.00490846  0.0457634  
               -0.00477352  0.00140536  0.0279776  
               -0.00467865  0.0017181  0.0291598  
               -0.00463801  -0.00185207  0.00598377  
               0.00382589  0.00318173  0.0242203  
               -0.00412875  -0.0028127  0.0334913  
               -0.00446303  0.00220595  0.0419571  
               0.00398288  -0.00299044  0.0362761  
               0.00374926  -0.00327511  0.0351115  
               0.0020456  0.00454875  0.0362497  
               -0.00388105  0.00311452  0.0487387  
               -0.00479643  0.00132982  0.0245021  
               -0.00439175  -0.00233932  0.0449959  
               0.00447026  -0.00219243  0.0370871  
               0.000181928  0.00498208  0.00898691  
               0.00111151  0.00486265  0.0085861  
               -0.00162556  0.00470672  0.0139204  
               -0.00127444  0.00481323  0.0127943  
               -0.00252147  0.00429438  0.0056474  
               0.00483368  -0.00120703  0.0483388  
               0.00465694  0.00178966  0.00609567  
               0.000443184  0.00495635  0.0164617  
               3.03822e-05  0.00499701  0.0155164  
               0.00368033  -0.0033591  0.020631  
               0.000530725  0.00494773  0.0432854  
               -0.00198337  0.00458201  0.0230954  
               -0.000121005  -0.00498808  0.0460308  
               -0.00320107  0.00381002  0.0347951  
               -0.00210356  0.00451776  0.0347015  
               -0.00480424  0.00130408  0.0173753  
               -0.00249428  0.00430892  0.0162354  
               0.00441339  -0.00229883  0.0114161  
               0.00116479  -0.00484649  0.0299171  
               0.00458044  -0.00198631  0.0166562  
               -0.000726776  -0.00492842  0.0106609  
               -0.000977105  0.00490342  0.0157209  
               0.0011854  0.00484024  0.0155689  
               0.004954  -0.000467011  0.015513  
               -0.00138145  -0.00478077  0.0232921  
               0.00268418  -0.00420742  0.0432495  
               0.00382659  -0.00318088  0.0196331  
               0.00441244  -0.00230062  0.0465454  
               -0.00496765  0.00032844  0.0202087  
               -0.00352449  0.0035446  0.0455269  
               0.00499381  -6.28902e-05  0.0385868  
               0.00326658  0.00375626  0.0017  
               -0.00468931  -0.00168296  0.036924  
               -0.00184297  -0.00464077  0.0247755  
               -0.00137142  -0.00478381  0.0463594  
               -0.00445804  -0.00221529  0.0212396  
               -0.00403865  -0.00292248  0.020645  
               -0.0039576  0.00302124  0.0370638  
               0.00492718  -0.000739382  0.0204519  
               0.0045629  -0.00201911  0.0205932  
               0.000595915  0.00494131  0.0128374  
               0.00285617  -0.00409307  0.030203  
               0.0027604  -0.00416668  0.028969  
               -0.0027372  -0.00417908  0.0248793  
               -0.00218824  0.0044725  0.014936  
               0.000229057  0.00497744  0.0115181  
               -0.00480972  -0.001286  0.0302712  
               0.000552382  0.0049456  0.0401227  
               -0.00100592  0.00489468  0.0403901  
               0.000260385  0.00497435  0.0414311  
               0.00291998  0.00404071  0.00295656  
               0.00308041  0.00390905  0.00228778  
               0.00448754  -0.00216011  0.0421972  
               0.00333204  0.00370254  0.0414644  
               -0.00492102  0.000801884  0.0302354  
               -6.01608e-05  0.00499407  0.0311398  
               2.71997e-05  -0.00499732  0.0322829  
               -0.00494253  -0.00058354  0.0460072  
               -0.00497466  -0.000257304  0.0407882  
               -0.00425731  -0.00259084  0.0438141  
               -0.000391273  -0.00496146  0.021952  
               -0.000934947  -0.00490792  0.040577  
               0.000572282  -0.00494364  0.0399813  
               -0.00498735  -0.000128481  0.0306312  
               -0.0049763  -0.000240629  0.0293162  
               0.00483433  -0.00120487  0.0424319  
               0.00102091  0.00489014  0.0230993  
               0.0021612  0.00448696  0.0238293  
               -0.00472048  0.00158019  0.0160242  
               -0.00110148  -0.0048657  0.0212335  
               -0.00316395  -0.00384049  0.0351372  
               -0.000455046  -0.00495518  0.0257873  
               -0.000361873  -0.00496436  0.0243629  
               0.00235949  0.00438097  0.0433943  
               0.00323742  0.00378019  0.0424634  
               -0.00146325  -0.00475595  0.0452379  
               0.000154432  -0.00498479  0.0374302  
               0.00497927  -0.000210449  0.0128477  
               -0.00428669  -0.00253587  0.0188193  
               0.0028021  -0.00413745  0.0448584  
               -0.0046632  -0.00176903  0.017821  
               -0.00423312  -0.0026361  0.0174605  
               0.00331388  -0.00371744  0.0267953  
               -0.00464665  0.00182358  0.0406266  
               -0.00144454  -0.00476163  0.0197004  
               -0.00214999  -0.00449295  0.0205404  
               -0.00499089  9.24999e-05  0.00907943  
               -0.00406487  0.00289054  0.0291922  
               -0.00382069  -0.00318807  0.0323635  
               -0.00438366  0.00235445  0.0353095  
               0.000282439  -0.00497218  0.0289607  
               -0.00356609  0.0034983  0.029824  
               0.00186495  0.0046341  0.0117516  
               0.00499328  -6.82738e-05  0.026357  
               -0.0048612  0.00111632  0.0138027  
               0.00222736  0.00445159  0.0217518  
               0.00494947  0.000513061  0.0212654  
               -0.00477935  0.00138611  0.0056243  
               0.0048822  0.00104706  0.016938  
               0.000764234  -0.00492473  0.0388641  
               -0.00118915  0.0048391  0.0421461  
               0.00277785  -0.00415735  0.0462274  
               0.00487808  -0.00106067  0.0389727  
               0.00490611  0.000953276  0.0264362  
               0.00492498  -0.00076174  0.00470248  
               -0.00499139  8.74526e-05  0.0182357  
               0.00090464  -0.0049109  0.0264536  
               0.00350461  -0.00356092  0.00252274  
               -0.00377408  0.00324487  0.0340995  
               -0.00106304  -0.00487736  0.0320558  
               -0.00497969  0.000206226  0.0428723  
               -0.00217805  -0.00447795  0.0445012  
               0.00399161  0.0029798  0.0128667  
               0.00456186  0.00202106  0.0124778  
               -0.00311383  -0.00388162  0.0184542  
               -0.00365484  -0.00339016  0.0168534  
               -0.00381676  -0.00319286  0.0357949  
               0.00205941  0.00454136  0.0446689  
               0.00487432  0.00107307  0.0409865  
               0.00471365  0.00160271  0.0420808  
               0.00441675  -0.00229254  0.0265857  
               0.00415765  -0.00277728  0.0257492  
               0.00411812  -0.00282565  0.0273785  
               -0.00496552  0.000350073  0.0254715  
               0.00305109  -0.00393311  0.0127695  
               0.00438405  -0.00235372  0.00499284  
               -0.00499198  -8.1473e-05  0.0220389  
               0.00467323  0.00173594  0.0399745  
               -0.00117661  0.0048429  0.00612149  
               0.00434538  0.00242607  0.027774  
               -0.00443573  -0.00225703  0.0287552  
               -0.00494276  -0.000581128  0.0246396  
               0.00462783  0.00188562  0.0269373  
               -0.00491254  -0.000887961  0.0162936  
               0.000319509  0.00496853  0.0365101  
               -0.00420787  -0.00268334  0.00996842  
               -0.00239792  -0.00436043  0.00764699  
               -0.00466588  0.0017602  0.0339847  
               0.00497664  0.000237166  0.0241541  
               0.00366157  0.00338195  0.00587803  
               -0.00496846  0.000320238  0.0315394  
               -0.00091887  -0.0049095  0.0368321  
               -0.00112259  0.00485929  0.0116898  
               0.00345891  0.00359842  0.0323001  
               0.00426568  0.00257518  0.032465  
               0.00463584  -0.00185921  0.0182229  
               0.00497821  0.000221232  0.0111233  
               0.00495165  0.00049091  0.00995103  
               0.00456706  0.00201134  0.0109199  
               0.0025139  -0.00429844  0.0340628  
               0.00234423  -0.00438912  0.00492609  
               0.00207287  -0.00453417  0.00622761  
               -0.00124488  0.0048222  0.0237446  
               -0.00439715  -0.00232922  0.0145483  
               -0.00426916  0.00256867  0.0326702  
               -0.00452956  0.00208149  0.0312687  
               -0.00033205  0.0049673  0.0230896  
               -0.00242923  0.00434369  0.0127011  
               -0.00300635  -0.00396982  0.00976662  
               0.00341617  -0.00363349  0.0341481  
               -0.00257304  -0.00426682  0.0454657  
               0.00134487  -0.00479186  0.0138372  
               0.00343967  -0.0036142  0.0323694  
               0.00281944  -0.00412322  0.0329954  
               -0.00464659  0.00182377  0.0268735  
               0.00498851  -0.000116655  0.00808277  
               0.00480075  -0.00131557  0.00791888  
               0.00494174  0.000591543  0.037761  
               0.00194586  -0.00460205  0.030943  
               -0.00343895  -0.0036148  0.0438938  
               -0.000514174  -0.00494936  0.0060958  
               -0.00427384  0.00255991  0.0453163  
               0.00236644  -0.00437725  0.0139662  
               -0.00251618  -0.00429722  0.00538167  
               -0.0041515  -0.00278498  0.0265859  
               -0.00419494  -0.00270752  0.0275929  
               -0.00383063  0.00317596  0.0445993  
               0.0049701  -0.000303558  0.0187077  
               0.00491254  -0.000888007  0.0217816  
               -0.00267461  0.00421253  0.0316656  
               -0.00341806  0.00363195  0.0239521  
               -0.00278989  0.00414747  0.0417134  
               0.00442426  -0.00227849  0.0191372  
               0.00114237  0.00485329  0.0242562  
               -0.00403106  -0.00293174  0.00293445  
               0.00144461  -0.00476161  0.0342436  
               -0.00493116  -0.000698977  0.0173112  
               0.00483522  -0.00120193  0.0316388  
               0.00356282  0.00350229  0.0226075  
               -0.00247456  0.00431946  0.0180883  
               -0.00132039  0.00479929  0.0184354  
               0.00121733  -0.00483055  0.0149939  
               0.00344341  -0.00361114  0.0103189  
               0.00400263  -0.00296637  0.00874286  
               0.000565082  -0.00494434  0.0446429  
               0.00284254  -0.00410426  0.0317068  
               0.0016249  -0.00470692  0.0127664  
               -0.00157067  -0.00472337  0.0398103  
               0.00323805  0.00377967  0.0211425  
               -0.0017452  -0.00467043  0.0296124  
               -0.00490425  0.000972165  0.0332685  
               0.00156306  -0.00472568  0.0286403  
               -0.00160963  0.00471155  0.0170944  
               -0.000478917  0.00495283  0.0168528  
               -0.00172959  -0.00467516  0.0258443  
               0.00496942  0.000310464  0.0348563  
               0.00188866  -0.00462691  0.0207313  
               -0.00484605  -0.00116625  0.00933814  
               -0.00433138  0.00245225  0.0167548  
               0.00228748  -0.00441946  0.0388316  
               -0.00127281  0.00481372  0.0319698  
               -0.00124132  0.00482327  0.0334416  
               0.00302782  -0.0039522  0.0189233  
               -0.00158608  -0.0047187  0.038719  
               -0.000465678  -0.00495413  0.0448627  
               -0.000176439  -0.00498262  0.0438949  
               0.00112052  0.00485992  0.0192438  
               0.00204011  0.00455168  0.0319631  
               0.0010695  0.0048754  0.0319785  
               0.00486273  -0.00111125  0.0376853  
               -0.00384299  0.0031609  0.0408662  
               0.00483478  0.0012034  0.00896335  
               0.00471521  -0.00159756  0.0100202  
               -0.00479754  0.00132615  0.0356805  
               -0.00493061  0.000704533  0.0348125  
               -0.00498184  0.00018435  0.0359966  
               -0.00364822  0.00339823  0.041995  
               0.00445436  0.00222219  0.00866414  
               0.000245168  -0.00497585  0.0187712  
               -0.00016701  -0.00498355  0.00967301  
               0.00482192  -0.00124578  0.0268702  
               0.00479072  0.00134864  0.0181498  
               0.00263891  -0.00423161  0.0154438  
               -0.00324341  -0.00377528  0.0134514  
               -0.00124694  -0.00482157  0.0442356  
               -0.00485619  -0.00113282  0.0430308  
               -0.0033599  0.00367967  0.0196327  
               -0.0036487  0.00339765  0.0325657  
               0.00313696  0.00386263  0.0200657  
               0.00138662  -0.0047792  0.0325506  
               -0.000512899  -0.00494948  0.0331854  
               0.00453792  -0.00206585  0.0220463  
               -0.00418313  -0.00272961  0.0384472  
               -0.00415183  -0.00278457  0.025548  
               0.00040625  -0.00495999  0.0107479  
               -0.0038095  0.00320171  0.0117502  
               0.00378811  -0.00322777  0.0445836  
               0.00453384  0.00207348  0.0171616  
               5.40806e-05  0.00499467  0.0176998  
               -0.0023156  -0.00440443  0.0408318  
               -0.00491557  -0.000857243  0.0207682  
               0.0010302  0.00488732  0.0352554  
               -0.00247427  -0.00431962  0.0289648  
               -0.00287896  -0.00407437  0.0235604  
               0.00140466  0.00477373  0.031017  
               -0.0046597  0.00178056  0.0256868  
               -0.00438314  0.00235542  0.0247733  
               0.00107777  0.00487289  0.0141605  
               -0.00464695  -0.00182257  0.0383978  
               -0.00427008  0.00256694  0.0383369  
               0.00255061  0.00427881  0.0401772  
               0.00379394  0.00322067  0.0401543  
               -0.00461204  0.00192719  0.0391311  
               0.0045287  0.0020831  0.020413  
               0.00219646  -0.00446811  0.0249458  
               0.00341465  -0.00363474  0.0253883  
               -0.00441951  -0.00228737  0.0425434  
               0.00409111  -0.00285856  0.0097493  
               0.00449948  -0.00213777  0.0442509  
               0.000596583  -0.00494124  0.0249198  
               -0.00165058  0.00469913  0.0369804  
               -5.17994e-05  0.0049949  0.0330801  
               0.00498472  -0.000155167  0.0253324  
               -0.00369131  0.00334572  0.00610773  
               -0.00476356  0.00143816  0.03231  
               0.00437624  -0.00236833  0.038283  
               -0.00493196  0.000690806  0.0165357  
               -0.00172917  -0.00467529  0.0186472  
               0.00466351  -0.00176801  0.0155945  
               -0.00223137  -0.00444945  0.033409  
               0.00490799  -0.000934179  0.017924  
               -0.00494636  -0.000544637  0.0350496  
               -0.00474215  -0.00150877  0.0346574  
               0.00498121  0.000190759  0.0442778  
               -0.00493169  -0.000693599  0.033989  
               0.00335123  0.00368679  0.0256724  
               -0.00115806  -0.00484853  0.0378124  
               0.00131957  0.00479954  0.0439725  
               0.00451896  -0.00210133  0.00861062  
               0.00189014  -0.00462646  0.0162502  
               0.0015916  0.00471702  0.039962  
               -0.000485966  -0.00495214  0.0118405  
               -0.00499351  -6.59363e-05  0.0279243  
               -0.0032526  0.00376773  0.0275092  
               0.000783888  0.00492279  0.0260547  
               0.00124353  0.00482261  0.0422326  
               0.00495042  -0.000503366  0.00930344  
               0.00493781  -0.000631387  0.010336  
               0.00314119  -0.00385917  0.0199181  
               0.00485495  -0.00113691  0.00261355  
               0.00221968  -0.00445569  0.0084751  
               0.00337605  -0.00366642  0.0281027  
               -0.00370876  0.00332446  0.0164787  
               0.00397722  0.00299733  0.021008  
               0.00495957  -0.00041045  0.0432998  
               0.00136867  -0.00478465  0.0255598  
               -0.00444304  -0.00224335  0.0200087  
               -0.004211  0.00267748  0.0261723  
               0.00149095  -0.00474755  0.0395673  
               -0.00488352  -0.00104274  0.0282296  
               0.00203433  0.00455477  0.0350917  
               -0.00492592  0.000752189  0.0292396  
               0.000476882  -0.00495303  0.0121607  
               0.0025188  0.00429581  0.0296941  
               0.00229023  -0.00441799  0.0195591  
               0.0049342  0.000668072  0.012277  
               0.000512027  -0.00494957  0.0332163  
               0.00254552  -0.00428153  0.0279536  
               -0.00381034  0.00320068  0.0205462  
               -0.00496427  -0.000362796  0.0438368  
               0.000659174  -0.00493508  0.0215748  
               -0.00383302  -0.00317304  0.0287342  
            </DataArray>
         </Points> 

         <Cells>
            <DataArray type="Int32" Name="connectivity" NumberOfComponents="1" format="ascii">
               
            </DataArray> 
            <DataArray type="Int32" Name="offsets" NumberOfComponents="1" format="ascii">
               
            </DataArray>
            <DataArray type="UInt8"  Name="types" NumberOfComponents="1" format="ascii">
               
            </DataArray>
         </Cells>
         <PointData Scalars="Rank " Vectors="DisplacementDelta Force ">
            <DataArray type="UInt32" Name="Rank" NumberOfComponents="1" format="ascii">
               0 0 0 0 0 0 0 0 0 0 0 0 0 0 0 0 0 0 0 0 0 0 0 0 0 0 0 0 0 0 0 0 0 0 0 0 0 0 0 0 0 0 0 0 0 0 0 0 0 0 0 0 0 0 0 0 0 0 0 0 0 0 0 0 0 0 0 0 0 0 0 0 0 0 0 0 0 0 0 0 0 0 0 0 0 0 0 0 0 0 0 0 0 0 0 0 0 0 0 0 0 0 0 0 0 0 0 0 0 0 0 0 0 0 0 0 0 0 0 0 0 0 0 0 0 0 0 0 0 0 0 0 0 0 0 0 0 0 0 0 0 0 0 0 0 0 0 0 0 0 0 0 0 0 0 0 0 0 0 0 0 0 0 0 0 0 0 0 0 0 0 0 0 0 0 0 0 0 0 0 0 0 0 0 0 0 0 0 0 0 0 0 0 0 0 0 0 0 0 0 0 0 0 0 0 0 0 0 0 0 0 0 0 0 0 0 0 0 0 0 0 0 0 0 0 0 0 0 0 0 0 0 0 0 0 0 0 0 0 0 0 0 0 0 0 0 0 0 0 0 0 0 0 0 0 0 0 0 0 0 0 0 0 0 0 0 0 0 0 0 0 0 0 0 0 0 0 0 0 0 0 0 0 0 0 0 0 0 0 0 0 0 0 0 0 0 0 0 0 0 0 0 0 0 0 0 0 0 0 0 0 0 0 0 0 0 0 0 0 0 0 0 0 0 0 0 0 0 0 0 0 0 0 0 0 0 0 0 0 0 0 0 0 0 0 0 0 0 0 0 0 0 0 0 0 0 0 0 0 0 0 0 0 0 0 0 0 0 0 0 0 0 0 0 0 0 0 0 0 0 0 0 0 0 0 0 0 0 0 0 0 0 0 0 0 0 0 0 0 0 0 0 0 0 0 0 0 0 0 0 0 0 0 0 0 0 0 0 0 0 0 0 0 0 0 0 0 0 0 0 0 0 0 0 0 0 0 0 0 0 0 0 0 0 0 0 0 0 0 0 0 0 0 0 0 0 0 0 0 0 0 0 0 0 0 0 0 0 0 0 0 0 0 0 0 0 0 0 0 0 0 0 0 0 0 0 0 0 0 0 0 0 0 0 0 0 0 0 0 0 0 0 0 0 0 0 0 0 0 0 0 0 0 0 0 0 0 0 0 0 0 0 0 0 0 0 0 0 0 0 0 0 0 0 0 0 0 0 0 0 0 0 0 0 0 0 0 0 0 0 0 0 0 0 0 0 0 0 0 0 0 0 0 0 0 0 0 0 0 0 0 0 0 0 0 0 0 0 0 0 0 0 0 0 0 0 0 0 0 0 0 0 0 0 0 0 0 0 0 0 0 0 0 0 0 0 0 0 0 0 0 0 0 0 0 0 0 0 0 0 0 0 0 0 0 0 0 0 0 0 0 0 0 0 0 0 0 0 0 0 0 0 0 0 0 0 0 0 0 0 0 0 0 0 0 0 0 0 0 0 0 0 0 0 0 0 0 0 0 0 0 0 0 0 0 0 0 0 0 0 0 0 0 0 0 0 0 0 0 0 0 0 0 0 0 0 0 0 0 0 0 0 0 0 0 0 0 0 0 0 0 0 0 0 0 0 0 0 0 0 0 0 0 0 0 0 0 0 0 0 0 0 0 0 0 0 0 0 0 0 0 0 0 0 0 0 0 0 0 0 0 0 0 0 0 0 0 0 0 0 0 0 0 0 0 0 0 0 0 0 0 0 0 0 0 0 0 0 0 0 0 0 0 0 0 0 0 0 0 0 0 0 0 0 0 0 0 0 0 0 0 0 0 0 0 0 0 0 0 0 0 0 0 0 0 0 0 0 0 0 0 0 0 0 0 0 0 0 0 0 0 0 0 0 0 0 0 0 0 0 0 0 0 0 0 0 0 0 0 0 0 0 0 0 0 0 0 0 0 0 0 0 0 0 0 0 0 0 0 0 0 0 0 0 0 0 0 0 0 0 0 0 0 0 0 0 0 0 0 0 0 0 0 0 0 0 0 0 0 0 0 0 0 0 0 0 0 0 0 0 0 0 0 0 0 0 0 0 0 0 0 0 0 0 0 0 0 0 0 0 0 0 0 0 0 0 0 0 0 0 0 0 0 0 0 0 0 0 0 0 0 0 0 0 0 0 0 0 0 0 0 0 0 0 0 0 0 0 0 0 0 0 0 0 0 0 0 0 0 0 0 0 0 0 0 0 0 0 0 0 0 0 0 0 0 0 0 0 0 0 0 0 0 0 0 0 0 0 0 0 0 0 0 0 0 0 0 0 0 0 0 0 0 0 0 0 0 0 0 0 0 0 0 0 0 0 0 0 0 0 0 0 0 0 0 0 0 0 0 0 0 0 0 0 0 0 0 0 0 0 0 0 0 0 0 0 0 0 0 0 0 0 0 0 0 0 0 0 0 0 0 0 0 0 0 0 0 0 0 0 0 0 0 0 0 0 0 0 0 0 0 0 0 0 0 0 0 0 0 0 0 0 0 0 0 0 0 0 0 0 0 0 0 0 0 0 
            </DataArray>
            <DataArray type="Float64" Name="DisplacementDelta" NumberOfComponents="3" format="ascii">
               6.14176e-10 1.58762e-10 -3.63485e-12  2.54408e-10 9.21586e-11 9.20529e-11  -1.2361e-09 3.57927e-09 -1.91527e-10  -6.82629e-10 2.71799e-09 -6.38722e-10  2.65064e-10 1.82794e-10 2.09806e-10  1.91921e-10 3.05278e-11 1.98619e-10  1.05609e-07 -1.92634e-08 5.36966e-07  -1.80936e-11 1.87943e-09 -3.88316e-10  9.72439e-10 2.43046e-09 -4.43891e-10  4.30858e-10 5.40151e-10 -3.17854e-10  -3.33523e-10 -1.37385e-10 1.2655e-10  7.91444e-08 -4.6981e-07 7.13566e-07  -8.5652e-07 5.93481e-08 4.61281e-07  3.81839e-07 1.06051e-06 -1.25441e-06  4.63415e-07 8.38729e-07 -1.35292e-06  5.45507e-07 8.83304e-07 -1.26971e-06  6.52242e-10 2.81579e-10 2.77229e-11  -3.25415e-07 -3.60617e-08 4.85411e-07  -3.19605e-12 2.39423e-10 -1.31432e-10  -3.40758e-10 2.99777e-10 -5.07356e-11  -3.20274e-11 4.71578e-10 1.46032e-11  5.18717e-07 2.96142e-07 6.99671e-07  -2.43e-07 -2.28503e-08 6.64729e-07  -3.21313e-11 -7.61021e-11 2.37979e-11  1.65073e-10 2.27546e-10 1.21593e-10  2.70654e-10 3.42752e-11 1.03602e-10  -2.15614e-10 -8.6167e-11 1.69076e-10  4.11165e-07 5.36495e-07 8.32579e-07  -1.24829e-10 1.1747e-11 4.82287e-12  -2.29254e-10 6.8302e-12 5.90228e-11  -2.17947e-07 -2.37962e-07 7.04912e-07  3.43411e-07 3.58875e-07 8.83541e-07  6.03933e-10 5.69268e-10 1.90861e-10  -2.01344e-07 5.2233e-07 8.14913e-07  5.09612e-08 -1.89962e-07 5.45022e-07  -2.03069e-06 4.77122e-06 1.23391e-06  -3.26915e-10 2.45363e-11 1.32929e-10  5.32461e-11 -1.8979e-10 -1.71721e-11  6.76109e-06 3.73708e-07 -1.73084e-06  3.94347e-06 5.74123e-07 -2.81991e-06  3.26492e-06 -4.25029e-07 -2.87981e-06  -3.35465e-07 -9.24989e-07 1.10081e-06  -2.95432e-07 -2.21464e-06 1.21281e-06  -1.32255e-10 -1.23302e-10 -1.00986e-10  2.70987e-10 -4.35725e-10 -2.42467e-10  -2.39725e-10 3.6154e-10 -1.3371e-10  -2.28554e-08 4.58766e-08 -2.48226e-07  -6.02707e-08 5.56673e-08 -2.04537e-07  1.61859e-07 -5.3877e-07 5.39028e-07  6.29762e-07 1.03241e-06 1.11163e-06  1.2128e-07 8.9088e-08 7.87077e-07  -6.84229e-07 -9.9122e-07 1.20764e-06  -3.06577e-07 -6.44576e-07 1.00758e-06  1.98352e-06 1.80151e-06 1.34086e-06  3.47319e-06 1.77904e-06 1.15587e-06  4.42535e-06 4.10052e-06 1.20923e-06  5.70751e-08 -3.94238e-08 6.0659e-07  1.32062e-06 8.4767e-07 1.1155e-06  -6.78717e-06 2.56321e-06 5.38645e-07  -4.04733e-06 1.95251e-06 1.30627e-06  -4.34762e-06 1.60012e-06 1.25956e-06  1.20142e-10 -1.47789e-10 6.40637e-12  9.36606e-12 1.48237e-10 -8.35654e-11  9.98684e-08 1.99415e-07 6.54249e-07  5.28694e-07 2.28269e-08 8.08457e-07  1.70326e-07 3.47271e-08 5.15023e-07  3.15525e-09 -6.98505e-10 -5.76452e-10  1.35515e-09 8.68074e-10 -6.64698e-10  9.86026e-10 2.06926e-10 -6.4345e-10  6.91938e-07 7.42069e-07 1.09701e-06  -9.68263e-09 -4.18485e-08 -2.8357e-07  -1.69952e-08 -1.30697e-07 -4.28907e-07  5.5407e-07 4.99618e-07 5.21552e-07  -1.37502e-07 -3.24885e-07 6.32351e-07  3.72885e-10 5.1469e-11 5.91683e-11  3.33699e-06 1.65106e-07 1.16704e-06  5.62153e-08 3.52546e-07 5.53346e-07  -2.22558e-11 4.36181e-10 -1.69042e-09  -4.52733e-10 1.34152e-09 -1.80097e-09  -7.77333e-10 2.69425e-09 -1.76668e-10  -2.30929e-10 1.1888e-09 -1.81012e-10  -3.99189e-08 -4.96971e-07 7.71707e-07  -3.96707e-11 -2.52115e-10 -3.51819e-11  2.04262e-10 -4.20625e-10 -4.42672e-11  2.32608e-08 1.38188e-07 5.32316e-07  -5.23561e-10 -5.49324e-10 -3.80866e-11  -5.01793e-10 -1.46999e-10 -2.2519e-10  -3.73674e-10 -5.67723e-11 1.89779e-10  -5.17368e-11 -8.08473e-11 1.33489e-10  3.1995e-11 -4.24165e-11 -5.65109e-11  9.20458e-09 -2.09108e-08 -4.25299e-08  6.3005e-09 -1.05607e-08 -3.34824e-08  2.1693e-10 9.80382e-10 -2.72987e-09  5.81851e-08 1.12711e-07 -3.58931e-07  6.80313e-08 1.38037e-07 -5.19348e-07  4.0454e-08 7.39244e-08 -3.39948e-07  -2.7532e-10 -4.14341e-10 1.16205e-10  -5.28218e-08 3.96292e-08 -1.46459e-07  -2.64125e-08 1.61251e-08 -1.03219e-07  -3.9564e-08 1.20521e-08 -1.27209e-07  -4.64284e-11 2.08562e-11 -6.10531e-11  4.64781e-10 -2.32059e-10 1.69781e-10  1.97291e-06 -8.31712e-06 2.67078e-07  4.26417e-06 -7.42327e-06 1.50529e-07  2.88978e-06 -6.75879e-06 7.23049e-07  1.89988e-07 8.41238e-08 -6.13065e-07  1.77312e-07 5.46648e-08 -8.16512e-07  1.2269e-09 -3.04961e-10 1.25631e-10  6.87936e-10 -1.73375e-10 2.11407e-10  1.18537e-06 -2.5804e-07 9.4533e-07  -6.38412e-07 -1.51407e-07 9.58301e-07  -3.11284e-10 -3.13714e-10 1.73066e-10  7.8713e-06 -3.03687e-06 2.19007e-07  2.44421e-06 -2.06173e-06 1.08739e-06  5.92799e-06 -4.64842e-06 3.16803e-07  -1.26904e-07 -1.07597e-07 8.31534e-07  1.39448e-07 4.78437e-09 6.51255e-07  3.60526e-10 -1.94864e-10 -5.91024e-10  3.35938e-10 2.60414e-10 6.66316e-11  2.67732e-10 2.6599e-10 1.41471e-11  3.3792e-10 4.73784e-11 1.55144e-10  5.24575e-10 2.95979e-10 1.07205e-10  2.73523e-08 -2.39504e-07 6.02078e-07  -8.74091e-08 -1.28121e-07 5.11094e-07  -5.04338e-07 1.96289e-07 7.01738e-07  -3.24489e-07 9.78266e-08 3.3756e-07  -5.3663e-07 1.70187e-07 4.04483e-07  -1.45588e-10 2.1634e-10 -1.636e-11  -2.18389e-06 8.24441e-06 6.68553e-07  -2.64729e-06 8.54773e-06 -1.02924e-06  -1.61086e-06 9.96269e-06 -1.54043e-07  7.65451e-09 -9.23726e-09 -3.0245e-08  4.5268e-09 -5.29051e-09 -2.33187e-08  -4.95554e-07 3.31684e-07 -1.65737e-06  -2.02545e-06 2.3506e-06 -2.85131e-06  -9.33592e-07 1.91099e-06 -2.75753e-06  2.33769e-07 -6.87975e-07 8.8113e-07  4.0468e-07 -3.60184e-07 7.51239e-07  -3.62591e-08 2.61602e-07 6.55523e-07  3.77076e-07 -7.22966e-07 9.60822e-07  -1.1294e-06 -3.62806e-06 -2.9015e-06  6.65494e-07 2.20728e-06 1.46521e-06  -2.69924e-10 -8.44348e-11 1.71152e-10  4.85032e-07 -1.36883e-06 1.13902e-06  1.84008e-06 -3.91535e-06 1.29045e-06  4.4487e-08 2.4342e-07 6.13564e-07  3.65002e-10 1.06803e-10 1.45722e-11  -1.33422e-07 1.24738e-07 7.72457e-07  4.56949e-08 1.17703e-07 7.36403e-07  2.99388e-11 -3.44587e-13 2.71161e-11  -2.44115e-11 -8.83183e-11 3.06585e-11  4.17423e-06 6.90896e-06 -1.21313e-06  4.24328e-06 6.61934e-06 3.38792e-07  6.21221e-06 6.90825e-06 1.12821e-08  -2.96019e-10 -8.64815e-11 4.84093e-11  1.78136e-11 -7.16279e-11 -1.08267e-10  -5.74671e-07 -5.3284e-06 1.0888e-06  1.25921e-06 -5.31809e-06 1.06032e-06  -1.95901e-09 3.223e-09 -3.18941e-10  8.31945e-10 -3.23121e-10 -3.22451e-10  9.72193e-07 -1.90543e-06 1.25262e-06  -1.166e-10 -4.92037e-10 -6.27873e-11  -2.10541e-06 -6.50779e-06 -2.1134e-06  8.10052e-07 3.76007e-07 9.00675e-07  1.30523e-06 6.69275e-07 1.06074e-06  -1.8649e-10 1.25244e-10 2.58854e-11  -4.48049e-10 -3.92856e-11 9.02439e-11  3.61071e-08 -2.74707e-07 4.49729e-07  2.82062e-10 -6.6764e-11 1.07807e-10  6.81524e-10 5.60771e-11 -7.90769e-11  -5.71184e-10 -3.10569e-10 -3.11581e-10  -2.91274e-10 -1.9574e-10 -1.48323e-10  3.38933e-10 -2.54678e-10 -2.71758e-10  3.47815e-10 1.18504e-10 1.96348e-10  7.64381e-08 -1.82368e-07 5.44772e-07  9.13671e-08 2.64443e-07 6.6952e-07  1.73847e-07 9.15969e-07 1.06773e-06  4.15054e-08 -1.81304e-07 6.7529e-07  -6.36172e-07 1.46821e-07 -1.29958e-06  -4.70867e-07 -3.39854e-08 -1.29338e-06  -3.01209e-07 1.76226e-08 -9.27235e-07  6.42773e-07 -8.97574e-07 -1.25734e-06  4.85252e-07 -8.09335e-07 -1.40605e-06  -8.77839e-07 -1.89258e-08 1.02203e-06  1.32265e-09 -3.16366e-10 -3.27971e-10  -3.4795e-10 1.42708e-10 1.29521e-11  -3.30537e-09 4.22819e-09 -1.18426e-08  -7.06833e-09 6.54854e-09 -1.67896e-08  -6.29079e-08 -3.31945e-07 -8.60553e-07  -1.53009e-07 -3.12716e-07 -9.333e-07  -7.16478e-10 1.52877e-09 -1.84217e-09  9.09106e-08 -3.77154e-08 9.50946e-07  -2.52718e-10 -1.88764e-10 -3.5532e-10  -1.24275e-06 5.246e-07 1.10231e-06  2.63786e-06 8.03707e-07 1.20548e-06  1.2939e-07 9.95537e-08 8.47804e-07  4.64342e-10 -1.07012e-11 -2.83374e-09  1.46925e-09 -4.34033e-10 -1.82845e-09  5.7666e-10 -2.43195e-10 7.6073e-11  7.40446e-10 -2.40312e-10 -3.44153e-10  2.02691e-09 -2.23623e-09 1.45574e-10  -1.82143e-10 -1.39231e-10 1.43131e-10  -6.01636e-10 -1.28665e-10 1.48658e-10  -2.85796e-07 5.77386e-08 5.14216e-07  4.23547e-10 6.1752e-12 9.21713e-11  -4.01773e-06 -7.49289e-06 -5.17482e-07  -1.95907e-06 -6.00782e-06 9.25918e-07  -1.27676e-06 -7.96072e-06 1.2054e-07  -6.87649e-10 6.61376e-10 -1.29097e-10  -1.25095e-09 5.78453e-11 1.82494e-10  -2.45656e-09 1.11751e-09 3.19921e-11  1.02176e-07 -5.52433e-08 6.30036e-07  -1.10971e-09 2.09231e-09 -1.64431e-09  -2.4735e-09 1.74395e-09 -1.75539e-09  -1.51487e-09 -1.06738e-10 1.67144e-10  -1.23523e-09 -1.01176e-10 1.04265e-10  -2.18646e-09 3.76053e-10 3.3795e-11  9.06578e-09 -3.32938e-09 -1.81004e-08  3.51012e-08 9.50807e-06 2.43306e-08  -4.04548e-10 -6.78102e-11 1.57213e-10  -5.54128e-10 -4.66502e-10 -2.75872e-11  -3.83048e-10 -2.35684e-10 1.46121e-10  1.26376e-10 -3.79309e-10 -1.74408e-10  -7.42617e-11 -6.73066e-11 2.78777e-11  3.36325e-10 2.79718e-10 -8.67834e-11  6.22892e-10 4.77013e-10 -2.49151e-10  6.69912e-11 2.23368e-10 -1.96137e-10  -1.73916e-06 6.0989e-07 1.21576e-06  4.43415e-10 1.83207e-10 5.26305e-12  -7.68142e-07 8.46201e-07 -1.13892e-06  -8.42926e-07 8.99775e-07 -1.30518e-06  -7.40927e-07 7.22341e-07 -1.20283e-06  1.90124e-09 2.32927e-09 -1.74959e-09  5.68479e-10 9.61284e-10 -1.29657e-09  4.56437e-10 2.5591e-10 -1.82967e-09  7.38768e-10 -2.32398e-10 2.44588e-10  -7.28144e-08 -2.36068e-07 -7.31568e-07  -2.02967e-11 1.11748e-10 -4.8839e-11  1.27759e-06 2.66352e-06 1.39492e-06  1.42215e-06 4.55901e-06 1.36714e-06  -1.325e-12 -9.01081e-12 6.94128e-11  -3.42154e-10 -3.84168e-10 1.68185e-10  4.48638e-10 1.59217e-10 -6.05984e-10  -5.25544e-10 -1.45523e-11 1.35561e-10  -2.31221e-07 2.506e-07 -1.72758e-06  -3.40334e-11 -2.03616e-10 1.58097e-11  -1.07491e-10 -2.46204e-10 7.55891e-11  -1.75558e-10 -8.05485e-11 -1.59263e-10  -4.31164e-10 -5.25057e-10 -9.77844e-11  -8.83507e-10 -2.50283e-10 -5.97467e-11  -6.72316e-10 -3.14253e-10 -8.21447e-11  -1.28355e-10 -2.42054e-10 1.1547e-10  -1.28042e-09 -1.10164e-09 3.69791e-10  -7.70853e-10 -1.34376e-10 2.28262e-10  -4.21309e-10 8.3877e-11 -1.7804e-10  -3.14295e-07 2.30109e-08 3.65838e-07  2.18901e-10 -8.90444e-11 1.31714e-10  -1.86646e-10 -2.41906e-10 -1.33563e-10  7.54076e-10 6.23777e-10 -4.10165e-10  -8.40377e-07 5.26157e-07 -1.14128e-06  -1.15765e-06 2.4979e-07 -1.30416e-06  -8.41392e-07 4.33395e-07 -1.33794e-06  2.19387e-10 2.14883e-11 1.60613e-10  3.03194e-09 2.2057e-09 -1.98469e-10  1.68603e-09 1.42884e-09 -8.1897e-11  1.41235e-07 -2.91352e-06 1.18142e-06  1.77344e-07 -6.60126e-07 -1.35403e-06  3.24928e-10 -3.11848e-09 -4.12568e-10  -1.72669e-06 -3.62758e-06 1.29926e-06  -1.71244e-09 -5.63072e-10 2.66646e-10  -2.73561e-09 -6.59114e-10 -9.15018e-11  -2.25839e-10 -3.05965e-10 1.538e-10  1.2863e-07 -1.27594e-07 7.02595e-07  -1.36789e-07 -2.68233e-08 5.7019e-07  1.2584e-09 -5.98471e-10 -4.71216e-10  4.78913e-10 -1.76282e-10 -6.81206e-10  2.15274e-07 1.59747e-07 6.47013e-07  -6.15427e-07 -5.55941e-07 1.05991e-06  -2.11366e-06 -1.21496e-06 1.27455e-06  3.17515e-06 -5.46863e-06 1.04533e-06  -2.39919e-07 3.55073e-08 5.23476e-07  7.63549e-10 -3.0522e-10 1.58107e-10  -3.8473e-06 7.61362e-07 1.25203e-06  -6.34848e-06 4.66536e-06 1.17558e-07  8.2183e-10 -6.4626e-10 -5.75517e-10  -1.09979e-07 -1.40711e-07 -5.7987e-07  -1.35082e-07 -7.43877e-08 -6.63895e-07  -1.27122e-07 -1.36647e-07 -4.33852e-07  7.91922e-10 4.15637e-10 -2.79607e-10  9.66144e-08 -9.74526e-08 8.99208e-07  7.02174e-10 1.59282e-09 -5.88783e-10  2.15452e-07 -4.72269e-07 6.88375e-07  7.62071e-10 -4.01825e-10 -2.0887e-09  1.28297e-07 4.79382e-08 -3.81445e-07  1.5849e-07 6.66374e-08 -5.03468e-07  -1.19936e-07 6.89842e-08 4.98669e-07  3.79777e-08 -3.77221e-08 5.61309e-07  1.56308e-09 -2.35874e-09 -1.12087e-09  4.84874e-10 -7.30284e-10 -1.32673e-10  1.68001e-07 -9.48445e-07 9.67652e-07  -1.65174e-06 4.66831e-07 -2.67666e-06  -7.74987e-07 4.2361e-08 -2.32162e-06  -8.58691e-10 -1.52536e-09 -3.31203e-09  -1.03137e-09 -2.15618e-09 -3.00573e-09  -6.5338e-10 -1.04983e-09 -2.26683e-09  4.15455e-08 -3.54192e-08 -2.26922e-07  6.50507e-08 -5.75972e-08 -2.68422e-07  5.293e-08 -5.02038e-08 -1.73885e-07  7.2033e-09 -2.94487e-07 6.64398e-07  7.26318e-10 -1.08619e-10 1.586e-10  7.18874e-10 -7.51715e-11 1.13937e-10  1.51877e-10 5.05117e-10 -1.62282e-10  -1.53392e-09 -3.28407e-09 -1.03976e-09  -1.41774e-09 -1.25956e-09 -8.49725e-10  -1.59383e-09 -4.84262e-11 -9.85813e-10  -4.25028e-09 -1.90016e-09 -1.08851e-09  1.00721e-06 1.53349e-06 1.35575e-06  -5.19185e-10 1.95813e-09 -8.17689e-09  -7.77339e-10 -8.39908e-11 -1.84227e-10  -1.82588e-09 -2.54337e-10 -3.3599e-11  5.08303e-10 2.18942e-10 -2.80805e-10  3.17622e-10 -5.13016e-11 -4.093e-10  2.88293e-10 3.46165e-10 -3.32182e-10  6.00357e-10 6.04946e-10 -3.85919e-10  9.10542e-10 -4.46854e-10 1.79762e-10  2.91883e-10 1.94165e-10 8.31561e-11  1.78224e-08 -1.12325e-07 -3.42604e-07  4.68245e-09 3.34755e-08 -8.85664e-08  -4.67252e-06 3.21911e-06 1.00141e-06  -6.27551e-07 2.50916e-06 1.45278e-06  2.45822e-06 -1.01916e-06 -2.80261e-06  6.2103e-06 -1.79342e-06 -2.25675e-06  1.23083e-09 4.93526e-09 1.08266e-10  9.08788e-10 2.77901e-09 6.37447e-10  5.84325e-08 5.85498e-09 -2.62027e-07  5.45196e-10 3.37953e-10 6.72747e-11  6.43227e-07 -1.12216e-06 1.18272e-06  -8.33967e-10 -1.50439e-10 -9.19221e-11  -1.32482e-08 -3.71216e-08 -2.2051e-07  -6.53897e-08 -8.18798e-08 -2.99864e-07  -4.71921e-08 -1.10717e-07 -3.79707e-07  3.50253e-11 -9.8477e-11 -3.57248e-11  -8.71118e-07 8.27831e-06 1.02171e-06  -9.49801e-07 5.49334e-06 1.45169e-06  6.5164e-10 1.88288e-10 -8.7864e-11  3.50576e-09 1.50321e-09 -1.19916e-08  4.19936e-09 4.46463e-09 -1.48593e-08  -6.01667e-07 8.98596e-07 1.13937e-06  -9.53346e-07 4.46753e-07 1.00128e-06  -1.05516e-06 4.84534e-07 1.05664e-06  -1.58677e-11 -4.86267e-11 9.1879e-11  1.10316e-09 -1.14617e-10 -1.51671e-11  2.51133e-10 2.98076e-10 3.79661e-11  1.0518e-09 -1.37561e-09 2.37668e-10  -9.26203e-09 -1.82396e-09 -1.83017e-08  -1.18491e-09 1.58747e-09 -2.44396e-08  -1.91473e-09 -3.86564e-09 -1.51846e-09  -8.40271e-10 -2.15021e-09 -1.49843e-09  -9.36633e-10 -3.04513e-09 -1.065e-09  -1.58343e-09 -2.30028e-09 -6.51637e-10  -1.84294e-09 -1.83857e-09 -1.65355e-10  -2.90798e-09 -2.19153e-09 -5.17329e-10  6.41263e-09 -4.95845e-10 -2.60564e-08  1.40017e-08 1.21957e-09 -3.14744e-08  -4.6485e-10 -2.20031e-10 -1.43697e-10  -1.47678e-10 -5.92057e-10 -1.45441e-10  -5.02529e-10 -3.49025e-10 -1.50956e-10  -2.08775e-10 1.70061e-10 9.26717e-12  -7.2146e-08 3.35986e-07 8.96801e-07  6.05001e-10 1.45807e-10 -3.19445e-10  -7.63505e-09 1.54675e-09 -4.46742e-08  -8.88649e-09 1.4772e-08 -7.14233e-08  -6.71439e-09 1.52031e-08 -4.23428e-08  2.20211e-06 2.97782e-06 1.37985e-06  9.56316e-07 1.19679e-06 1.24258e-06  5.21523e-11 2.22159e-10 -4.05801e-11  -5.84891e-10 -8.32662e-10 4.48683e-10  9.89321e-11 -2.94219e-09 -2.60641e-08  6.44513e-09 -8.19688e-09 -3.55826e-08  9.62459e-10 -9.01823e-09 -2.18055e-08  -2.892e-07 2.56377e-06 1.53583e-06  6.24082e-06 -5.28592e-06 -7.27982e-07  5.4968e-06 -4.26089e-06 -1.98378e-06  4.78247e-06 -5.82076e-06 -1.51299e-06  7.48749e-10 -3.57278e-11 3.33314e-11  -2.09481e-07 -2.19096e-07 -1.05714e-06  -2.88279e-07 -1.00506e-07 -8.40512e-07  -3.50473e-09 -1.90638e-09 -1.05924e-09  -1.10814e-10 -2.71574e-09 -6.53078e-09  -7.77376e-11 -2.97849e-09 -5.78817e-09  2.95975e-10 -2.02342e-09 -5.4105e-09  -2.96973e-10 1.61594e-09 -5.83452e-09  -4.99368e-09 -1.55442e-09 -1.48246e-08  -4.77661e-09 -8.19425e-10 -6.2151e-09  9.89877e-10 2.16194e-10 -1.67761e-10  -1.48805e-09 1.15751e-09 -3.47876e-09  -2.19889e-09 1.31823e-09 -2.34052e-09  -1.63345e-09 1.59323e-09 1.16901e-10  3.24255e-08 -8.93535e-07 9.96366e-07  1.73298e-09 -1.98403e-09 3.4275e-11  -4.31297e-06 7.6311e-06 -3.4926e-07  -6.16506e-06 4.96078e-06 -9.3716e-07  -2.72584e-10 -1.15158e-09 -3.02528e-09  -2.64514e-10 -6.08299e-10 -2.01707e-09  2.86535e-07 -1.82708e-07 -1.03389e-06  4.44347e-07 -4.00996e-07 -1.27729e-06  -3.10606e-06 1.77699e-06 1.26943e-06  9.92339e-09 -6.33143e-08 -2.2407e-07  1.01286e-09 9.28072e-11 -1.31849e-10  4.89671e-10 -4.36912e-11 -2.25213e-10  -4.45457e-06 -1.38691e-06 1.28827e-06  -3.79916e-06 -5.57403e-07 1.33289e-06  3.66892e-08 3.75762e-08 -1.62721e-07  1.73871e-08 4.3374e-08 -1.57341e-07  3.22155e-08 5.91088e-08 -2.20815e-07  -4.62188e-10 -1.05919e-10 1.42014e-10  1.78818e-09 3.1355e-09 7.08732e-11  -3.55531e-09 -2.1912e-09 -7.68841e-10  -4.25106e-09 -2.36354e-09 -2.07683e-10  -2.52854e-09 -3.30113e-10 -6.75331e-10  -3.03842e-09 -4.59794e-10 -3.64078e-11  -4.03373e-10 -2.62077e-09 -7.31876e-10  1.38399e-09 1.61357e-09 -8.42846e-11  2.80589e-09 2.53754e-09 -1.78831e-10  1.23447e-09 1.43557e-09 -2.46605e-10  1.17237e-09 -3.57437e-08 -1.18062e-07  1.7808e-08 -4.90538e-08 -1.65199e-07  2.04922e-08 4.82944e-07 1.05575e-06  1.52867e-09 -3.25669e-10 -3.03921e-10  1.16024e-09 2.29541e-10 -4.65564e-10  -3.13522e-08 1.14136e-08 -4.43634e-08  -1.60366e-08 1.95157e-09 -5.8824e-08  6.238e-06 6.73323e-06 -1.13306e-06  1.91195e-09 -2.33768e-11 -4.95231e-09  -8.01497e-10 1.57852e-09 -5.19374e-09  1.34242e-09 -2.5018e-10 -2.14433e-10  1.47446e-09 -3.07731e-10 -2.14313e-10  -5.47535e-06 -5.4015e-06 2.22216e-07  -5.48822e-06 -6.37396e-06 -9.97523e-07  5.41019e-08 -4.6331e-07 5.10856e-07  -1.58154e-09 -8.00639e-10 -5.34563e-10  -6.6413e-10 1.67177e-11 2.65591e-11  -1.29486e-09 3.201e-09 -8.49682e-09  -8.06153e-07 4.56846e-07 9.88132e-07  1.5633e-10 4.72975e-10 -3.6906e-09  3.95924e-10 -2.52643e-09 -2.45776e-10  -3.71609e-10 -2.96667e-09 -2.50436e-10  -1.37016e-09 2.97587e-09 -2.08939e-11  -1.58175e-09 2.84074e-09 -9.25999e-11  1.70199e-09 1.72089e-09 -1.21806e-11  1.05485e-07 -8.31984e-09 -3.47471e-07  -3.67474e-06 -5.74661e-06 7.34168e-07  3.05168e-06 4.54898e-06 1.23657e-06  1.3154e-09 -2.89041e-10 -1.46973e-10  -1.30959e-08 -9.85438e-09 -5.52e-08  -8.17278e-09 -8.44758e-09 -3.39472e-08  -2.02945e-06 -3.72949e-06 -2.91831e-06  -4.29813e-06 -4.85066e-06 -2.20883e-06  -3.39528e-10 7.73333e-11 6.0655e-11  -4.11167e-08 -9.41643e-09 -9.7054e-08  -2.62624e-08 -2.82012e-09 -1.19107e-07  -3.67644e-08 -6.37035e-09 -1.32366e-07  -8.49352e-06 -1.01089e-07 2.58945e-07  -1.47923e-13 -5.37484e-10 -4.47565e-09  3.78596e-11 -5.41608e-10 -3.50426e-09  -6.64313e-10 -1.61687e-10 -5.85944e-09  1.26234e-11 1.44863e-10 -2.34828e-10  1.68491e-09 3.56783e-10 -2.2724e-10  2.35402e-09 -3.55767e-11 -2.0679e-11  7.99542e-10 -2.60096e-10 -5.40054e-10  -1.50875e-06 9.39962e-07 -2.65236e-06  1.90828e-07 4.20969e-08 -4.78974e-07  1.14066e-07 -7.25318e-08 -4.3862e-07  6.9469e-08 -6.34715e-08 -3.95975e-07  -5.91133e-10 -1.27676e-10 3.50205e-11  -7.26592e-10 -6.59338e-10 -1.4168e-09  -1.26436e-09 -9.16892e-10 -1.08502e-09  8.49594e-10 8.02578e-10 -3.04278e-10  6.2055e-10 2.19862e-09 -1.73935e-10  1.48538e-07 -1.68212e-07 -5.89157e-07  1.90396e-06 8.00893e-06 -1.2022e-07  1.6876e-09 -3.48844e-07 -8.6474e-07  -3.0821e-08 -1.9987e-07 -6.62682e-07  -8.70719e-11 1.83312e-09 -2.81506e-10  -7.20055e-10 -2.19463e-09 -7.32195e-09  7.8314e-10 -7.48911e-10 -5.65806e-09  2.57334e-09 1.75837e-09 -6.82647e-09  6.12026e-11 2.26649e-10 -7.44342e-10  1.68032e-09 -5.60552e-10 -4.99415e-10  1.56841e-07 3.31274e-07 -9.19383e-07  -2.69406e-10 -2.03752e-10 1.53894e-10  1.44306e-09 -2.57187e-09 -9.8339e-12  1.65419e-09 -1.19593e-09 -9.93661e-11  1.14196e-09 -1.5762e-09 -7.63862e-10  -2.51635e-09 -3.8016e-08 -9.45232e-08  2.67231e-09 9.31693e-10 -1.98663e-09  5.53604e-10 6.46612e-10 -2.6104e-09  -1.2682e-08 -1.44038e-08 -3.98424e-08  -7.14446e-09 -1.34968e-08 -4.54927e-08  -1.05168e-08 -1.09032e-08 -5.0143e-08  -2.57299e-10 2.02939e-10 -7.00093e-11  6.33891e-07 9.85414e-07 -2.28316e-06  2.92473e-08 8.45883e-08 -2.21299e-07  -3.31869e-10 -1.91521e-10 1.23223e-10  -4.94108e-10 -2.19545e-10 1.56323e-11  6.1973e-10 3.07137e-10 -3.12013e-11  -1.46297e-09 -3.90506e-10 2.99676e-10  -3.58109e-09 2.24321e-09 -3.21897e-08  -1.24187e-08 -3.75944e-09 -2.23001e-08  3.37485e-07 2.81904e-06 1.57344e-06  7.36325e-10 -3.51606e-09 -5.60344e-10  1.06213e-09 -3.01246e-09 -7.96295e-10  -1.40325e-10 -7.60234e-11 1.17489e-10  -7.21484e-11 -6.99045e-11 1.21593e-10  7.19271e-06 4.77959e-06 -6.21542e-09  3.94146e-09 2.81333e-09 -1.4592e-08  3.57851e-07 3.81267e-07 -1.10476e-06  6.32518e-07 5.30222e-07 -1.27321e-06  -8.69836e-10 -1.85198e-09 -2.03998e-09  -6.43692e-10 -1.62179e-09 -2.32e-09  -3.24771e-07 -8.74679e-08 -8.05759e-07  -2.63846e-07 -4.84636e-08 -7.08626e-07  2.28918e-10 -2.1339e-10 -4.96647e-10  -1.32148e-09 6.57426e-10 -3.6821e-09  -7.72786e-06 7.9721e-07 -1.08822e-06  -7.81318e-06 2.78732e-06 -6.78226e-07  -1.94021e-08 1.31291e-08 -3.44207e-08  2.49376e-06 1.77075e-06 -2.96232e-06  -2.98451e-09 -2.71994e-09 1.61319e-10  -8.21695e-07 -7.13317e-07 -1.38036e-06  5.0493e-06 1.0984e-06 1.02733e-06  7.43897e-06 -7.99224e-07 4.41883e-07  -1.22678e-10 -3.39094e-10 -3.65286e-09  -6.34347e-10 -1.56131e-11 -5.09049e-09  -1.20554e-09 -9.90636e-10 -6.52245e-09  -5.03446e-10 -1.52133e-09 -3.52917e-09  -6.12501e-07 1.04097e-06 -1.25088e-06  1.81245e-09 2.59556e-09 -4.43011e-10  9.36688e-10 2.58499e-09 5.25785e-11  -5.1664e-07 -6.55541e-07 -1.33574e-06  -2.27683e-09 -2.41666e-07 -6.60501e-07  -4.75632e-08 4.52637e-06 1.58103e-06  -2.00914e-07 9.08201e-08 -5.69459e-07  -1.46199e-07 7.28328e-08 -4.63504e-07  7.59256e-10 -6.44109e-11 -3.08552e-10  -3.41472e-09 1.27021e-09 -5.41881e-10  -1.65057e-06 1.00314e-06 1.17332e-06  -2.50736e-06 2.56201e-06 1.21849e-06  7.139e-07 8.48108e-07 -1.30993e-06  -1.00579e-09 3.80508e-09 -4.34005e-10  -8.47692e-10 1.97635e-09 -8.01176e-11  -6.03612e-10 6.46094e-10 2.15761e-12  3.92738e-10 1.03578e-09 -3.25165e-10  7.88112e-10 2.22111e-09 -2.03029e-10  8.67602e-10 2.18713e-09 -2.01742e-10  -2.28461e-10 -4.20593e-11 -3.3478e-09  -5.71176e-10 8.45619e-10 -5.73783e-09  4.25872e-07 3.75552e-07 -1.7216e-06  -6.63837e-07 -7.5267e-09 4.54944e-07  -2.80451e-07 4.38131e-06 -2.9578e-06  1.3239e-09 2.07004e-09 -1.47012e-09  2.56232e-10 1.71765e-09 -1.27443e-08  1.33412e-09 3.47596e-09 -7.07417e-10  1.27126e-09 -2.38198e-10 1.02143e-12  9.28778e-10 -1.92333e-10 2.06475e-10  2.49834e-07 -1.25438e-08 -6.52052e-07  -1.92329e-09 -1.07721e-09 -2.30941e-09  -2.60022e-09 -2.1069e-09 -1.66901e-09  -2.04914e-10 -4.76407e-10 -1.72418e-09  6.51715e-10 6.74734e-10 -4.7662e-09  -9.45399e-11 -1.91229e-10 -5.6892e-09  -7.66686e-10 8.84704e-10 -1.67065e-09  -1.69154e-09 7.86153e-10 -1.45268e-09  -3.04243e-09 1.81824e-09 -1.18031e-09  -6.78457e-09 2.10247e-08 -6.92244e-08  -4.11563e-09 1.04328e-08 -5.52802e-08  -4.29262e-10 -6.01691e-10 3.7779e-10  9.62167e-08 -5.91489e-07 -2.01388e-06  1.24408e-06 -6.38968e-06 -2.48865e-06  5.53335e-07 -1.38408e-06 -2.4498e-06  2.62529e-06 6.23909e-06 8.12461e-07  2.51652e-10 -2.46426e-10 -4.99762e-09  -4.6746e-06 5.08376e-06 6.45437e-07  -5.92456e-06 -4.38648e-06 -1.81869e-06  -7.15473e-06 -5.04654e-06 -5.62368e-07  1.50481e-09 -1.07203e-09 -3.53123e-10  3.93847e-10 4.16674e-08 -1.17454e-07  -1.21557e-08 -7.49249e-09 -3.5875e-08  2.67095e-06 3.45599e-06 -3.00493e-06  1.48915e-09 -3.92047e-10 -2.73371e-10  6.27007e-10 5.90056e-10 -7.18736e-09  3.16737e-10 -2.01129e-10 -1.19842e-08  -2.46115e-07 -5.53942e-07 -1.28443e-06  -4.3183e-07 -1.01849e-06 -1.18456e-06  4.49161e-10 6.16874e-09 -1.74948e-08  -1.40953e-09 2.39069e-09 -1.08617e-08  -4.7838e-10 5.16092e-09 -8.73208e-09  6.95959e-10 3.95787e-10 -7.92113e-11  1.62419e-06 7.28369e-07 -2.59627e-06  5.11741e-10 -8.38353e-12 -7.59423e-10  -2.74092e-09 -5.31302e-10 -1.15903e-08  3.56706e-10 -3.76224e-10 -8.02542e-09  6.70692e-09 -2.6064e-09 -1.53301e-08  1.07365e-08 -1.80673e-09 -1.87697e-08  -5.25927e-10 1.79952e-10 -4.81404e-10  8.11326e-09 1.52691e-08 -3.60995e-08  7.59334e-06 3.54428e-06 -8.02398e-07  7.63593e-06 1.51596e-06 -1.70971e-07  -1.94119e-07 1.44256e-07 -7.56798e-07  -1.1693e-07 1.43128e-07 -5.03196e-07  -2.10616e-07 2.18434e-07 -8.41952e-07  -2.46476e-09 1.40084e-09 -1.96092e-08  -2.17443e-08 -2.52946e-06 -2.82224e-06  -2.23543e-10 -2.57197e-10 1.59908e-10  -2.78905e-09 -9.35304e-10 -1.49823e-08  -1.48167e-08 3.91411e-08 -1.14342e-07  -8.49734e-10 -3.77594e-10 -2.94362e-09  -1.34389e-09 4.71369e-10 -3.09934e-09  1.77314e-07 2.09643e-07 -8.30498e-07  -1.52085e-07 2.10565e-08 -4.68427e-07  8.65291e-08 1.51156e-06 1.31551e-06  1.07025e-09 1.55274e-09 -3.11231e-09  1.29235e-10 1.04971e-09 -3.4503e-09  1.08996e-09 -2.00816e-10 -3.40438e-10  -3.52062e-06 -3.61793e-06 1.13712e-06  9.91917e-09 2.1062e-09 -4.20829e-08  2.38868e-08 2.56161e-09 -4.40157e-08  -5.89816e-06 3.43796e-06 -1.80925e-06  -1.08725e-08 9.16117e-09 -3.17561e-08  2.22843e-07 -3.91541e-07 -1.2361e-06  4.22026e-07 -1.0587e-06 -1.2267e-06  -7.1836e-09 2.18639e-08 -4.69706e-08  -1.4365e-09 9.69583e-10 -1.80554e-10  -1.10151e-09 1.94913e-09 -1.39173e-10  -3.96566e-07 4.75145e-07 -1.21711e-06  -8.20512e-08 -1.55045e-07 -4.83216e-07  -6.8573e-10 -1.0377e-09 -4.32847e-09  -4.30257e-10 -1.76088e-09 -2.825e-10  -1.27454e-09 -2.76145e-09 -1.40848e-10  1.96352e-09 -1.41049e-09 -7.16666e-09  1.47536e-07 -9.06263e-08 -5.9295e-07  2.20389e-07 -5.93828e-08 -6.31025e-07  2.78019e-07 -1.05045e-07 -8.91521e-07  1.31971e-09 9.80932e-10 -6.67623e-12  -8.82331e-10 -1.16533e-09 2.54332e-10  -2.08418e-10 -1.74453e-09 6.14123e-10  -3.54515e-10 -8.27589e-10 5.35478e-10  2.16789e-09 1.87029e-09 -9.68734e-09  1.80375e-09 2.98128e-09 -1.13815e-08  -8.68859e-06 -1.97541e-06 -7.63978e-07  -6.73786e-06 -9.03905e-07 -1.99235e-06  -1.58744e-07 -8.51712e-07 -1.17277e-06  -7.35152e-07 2.18887e-07 -1.3183e-06  -1.88921e-09 -2.78256e-10 2.3084e-10  -3.80922e-07 4.05683e-07 -1.52743e-06  -2.15498e-10 6.92053e-11 3.81651e-11  2.98978e-08 -5.33559e-09 -1.06699e-07  1.08705e-09 -1.65492e-09 -1.0837e-08  2.487e-10 -2.16868e-09 -9.30198e-09  7.32464e-06 5.91684e-06 -9.96054e-07  6.33586e-06 5.79648e-06 5.14919e-07  5.50182e-06 3.37829e-06 8.59207e-07  -6.22814e-10 -2.43822e-09 -1.2514e-09  -1.03162e-06 -1.29187e-06 -2.76875e-06  2.24751e-07 1.51994e-06 -2.66067e-06  3.02197e-09 5.20401e-10 -2.45673e-10  2.11333e-09 -2.39868e-10 5.18679e-13  3.03025e-09 -3.39205e-10 -1.51566e-11  4.50013e-08 1.3893e-08 6.20333e-07  -1.75662e-07 -2.51913e-07 -1.35746e-06  -3.10127e-07 -2.88666e-08 -1.42892e-06  2.1669e-10 3.81583e-10 -1.21036e-10  1.36049e-10 2.14435e-09 2.96453e-10  -2.54606e-10 -1.02996e-09 1.77277e-10  1.58362e-09 -1.15094e-09 -2.55947e-11  5.21915e-08 4.86889e-08 -2.55505e-07  9.57087e-08 7.89048e-08 -3.6029e-07  2.65964e-08 2.48715e-08 -1.02601e-07  5.47685e-08 3.22525e-08 -1.32202e-07  -5.33228e-08 1.79901e-07 -1.85403e-06  -1.06711e-06 8.64857e-06 -1.74967e-06  5.97122e-09 4.07066e-07 -1.09347e-06  1.2646e-08 2.53952e-07 -7.96723e-07  -7.42674e-07 2.42405e-07 -1.08263e-06  8.5812e-07 8.46437e-06 -1.35914e-06  -2.45526e-08 1.31816e-06 -1.29315e-06  -2.6207e-07 1.16382e-06 -1.20826e-06  1.1782e-06 6.76886e-06 9.92027e-07  -6.53874e-10 8.94047e-10 -1.70626e-09  -1.30132e-08 5.51891e-09 -9.45106e-08  1.20431e-08 -7.05104e-09 -5.54174e-08  1.46121e-08 -1.56421e-08 -5.01291e-08  8.08974e-09 -2.26813e-09 -3.44377e-08  -1.5711e-10 1.72611e-09 -2.16176e-09  3.09997e-06 -3.42976e-06 -2.71391e-06  9.21225e-07 -8.63254e-07 -2.32971e-06  6.36323e-07 -9.28929e-07 -2.30753e-06  -1.9508e-07 -4.90057e-08 -6.13575e-07  -2.88672e-10 -1.09796e-10 9.54953e-11  8.76317e-10 8.02742e-10 -2.93742e-10  2.99288e-07 -8.91186e-06 -6.45385e-07  2.11287e-06 -8.64669e-06 -1.08414e-06  1.27555e-09 1.74127e-09 -5.43934e-10  -1.66435e-09 1.06933e-09 -2.1332e-09  -1.48429e-10 -6.56966e-11 -2.77067e-10  -6.43793e-10 -1.33012e-10 -1.42581e-10  -3.23174e-07 1.69644e-07 -1.07621e-06  2.60999e-06 -1.73468e-06 -2.86825e-06  3.40343e-09 -1.56561e-09 -3.93467e-10  2.36234e-10 2.42689e-09 -3.4772e-09  -6.13929e-06 4.89594e-07 -2.15557e-06  -3.72236e-06 -3.85872e-07 -2.75965e-06  6.89069e-10 1.27848e-09 -7.25399e-11  -6.70061e-10 -1.84991e-10 -6.8457e-11  6.3753e-09 1.65652e-08 -4.63031e-08  -6.67922e-07 -4.57231e-07 -1.40671e-06  -3.60065e-07 -1.40525e-07 -9.93968e-07  2.05888e-09 2.20484e-09 -2.34903e-08  -5.9745e-10 -2.05802e-09 -7.69041e-09  -1.39739e-10 2.73178e-10 -5.41828e-09  1.89823e-09 -1.94214e-09 -1.70053e-10  3.73849e-10 -7.57741e-11 -3.26189e-10  2.97108e-09 -1.49271e-09 -8.29429e-10  2.99265e-10 1.3895e-10 -3.82236e-10  5.39249e-10 5.81274e-10 -3.47329e-10  4.03214e-10 3.92831e-10 -5.46297e-09  -1.00064e-07 -8.68288e-08 -3.58622e-07  -9.61721e-08 -3.68887e-08 -4.434e-07  -5.17712e-08 -2.51575e-08 -2.98698e-07  -2.03682e-07 -8.54768e-07 -2.20531e-06  -1.29624e-07 1.84043e-07 -7.71452e-07  1.20406e-09 -3.77942e-10 -3.98896e-10  -3.70248e-09 1.76897e-09 -1.21646e-10  -2.96797e-09 1.92949e-09 -7.13616e-10  1.68813e-07 8.96054e-07 -1.35698e-06  2.54543e-09 6.92466e-09 -8.90955e-08  2.77412e-08 6.31277e-09 -1.1218e-07  4.33519e-08 7.20923e-10 -1.11806e-07  4.37907e-07 -4.57128e-07 -1.49086e-06  -3.82812e-09 -1.64131e-09 -1.17611e-09  -2.54038e-07 4.50967e-07 -1.25248e-06  -3.17509e-07 9.6682e-07 -1.39514e-06  1.24965e-09 6.34562e-10 -7.803e-09  2.24895e-09 -9.22235e-10 -5.18892e-11  -1.59035e-06 1.18771e-06 -2.59678e-06  -1.04525e-06 -3.70416e-07 -1.44899e-06  -1.19649e-06 -7.86458e-08 -1.41796e-06  4.76215e-07 -8.3916e-08 -1.24631e-06  3.30608e-08 -7.96718e-08 -2.35112e-07  3.92772e-08 -6.56718e-08 -2.52658e-07  1.64163e-09 1.94703e-09 -7.2473e-11  2.38997e-09 -4.4818e-10 -3.01558e-08  -8.5827e-09 4.90292e-10 -3.25139e-08  5.33045e-06 -2.62937e-06 -2.39693e-06  -3.21716e-10 -4.56996e-10 -1.82108e-11  -6.75298e-10 -1.70916e-09 3.27061e-10  -6.32664e-09 -8.44242e-10 -2.07146e-08  1.33941e-07 9.68031e-08 -5.85807e-07  1.35958e-09 1.43913e-10 -2.1119e-10  8.87156e-10 -9.57071e-10 3.50107e-12  1.02728e-09 -1.50206e-10 -5.56619e-10  1.57124e-08 6.83809e-09 -3.38793e-08  8.95978e-09 3.10545e-09 -3.29244e-08  -1.29781e-09 -2.42718e-10 8.13321e-11  6.73121e-10 -2.18042e-09 1.07834e-10  6.48282e-10 -3.64638e-09 -1.41692e-10  -2.20971e-09 -9.9281e-10 -2.60459e-10  -2.22214e-08 1.85049e-07 -5.95086e-07  3.32116e-09 1.35496e-09 -1.2741e-09  1.35315e-09 1.39256e-09 -1.89036e-09  8.3409e-07 4.30202e-07 -1.24684e-06  -8.62301e-06 -2.52369e-06 4.4896e-07  7.49608e-10 -4.19774e-11 -4.3586e-10  5.87555e-10 -4.47896e-11 -4.82609e-10  -1.38231e-06 -8.913e-07 -2.76604e-06  -5.14567e-07 -7.1686e-08 -2.09337e-06  -1.93294e-09 -6.75335e-10 3.64869e-11  -7.37516e-10 -2.60889e-10 -3.33033e-11  -2.40099e-08 -2.90589e-08 -1.15459e-07  -1.99329e-08 -1.93408e-08 -1.10161e-07  4.1313e-07 8.23175e-07 -2.20665e-06  2.93546e-11 -2.81952e-09 4.71818e-11  1.23876e-06 5.25651e-06 -2.64263e-06  -8.90673e-10 -4.57432e-08 -1.81489e-07  2.51192e-09 5.31832e-10 -1.56373e-09  2.62507e-09 -9.91087e-10 -5.53364e-10  -7.49121e-09 1.10967e-09 -4.60248e-08  1.10202e-07 1.18234e-08 -3.53884e-07  -9.61751e-10 2.51061e-09 1.54256e-11  -7.99633e-06 -3.53373e-06 -9.1995e-07  2.00496e-10 6.27122e-10 7.78168e-11  2.66714e-09 -7.86802e-10 -5.42864e-09  1.31951e-10 2.72173e-10 -3.03933e-09  -5.63638e-06 -2.22899e-06 -2.38943e-06  1.1278e-08 8.1124e-09 -1.99998e-08  1.29937e-09 1.02473e-09 -1.36607e-09  1.47415e-09 -7.03204e-10 1.90816e-10  -4.88937e-10 1.03827e-09 -3.06963e-10  -1.21354e-09 1.81119e-09 -2.88e-10  -5.80317e-10 -1.95634e-09 -3.69244e-10  9.32724e-10 -6.72102e-12 5.06886e-12  -3.50846e-09 -8.89268e-10 -1.7379e-08  2.84109e-10 4.43246e-10 -5.81189e-10  -3.22432e-09 1.6997e-09 -5.95103e-10  5.09794e-08 8.31495e-07 -1.1486e-06  1.98841e-07 5.46787e-07 -1.42226e-06  -5.58521e-08 2.07656e-07 -7.08168e-07  -3.94096e-08 2.99644e-07 -1.00196e-06  -3.52868e-06 5.97932e-06 -2.0375e-06  -9.24114e-10 -1.74495e-10 2.5507e-11  5.52207e-06 2.51652e-06 -2.44393e-06  1.00413e-08 6.71552e-08 -3.2997e-07  -7.94588e-09 1.06562e-07 -4.70317e-07  1.17429e-08 -1.25322e-08 -7.24629e-08  -5.81748e-11 -7.59325e-10 -3.28137e-11  -6.98614e-10 6.1817e-09 -3.43697e-08  4.62698e-10 3.61779e-10 1.30083e-10  1.40431e-09 -1.8686e-09 -4.41203e-10  9.24118e-10 -3.03075e-09 -6.97227e-10  -8.03019e-08 1.53021e-08 -2.31655e-07  -4.20199e-08 1.08473e-07 -3.7004e-07  6.40237e-07 -3.01964e-07 -1.34449e-06  -2.05319e-10 1.43851e-09 -2.6707e-09  5.80912e-08 -1.76365e-08 -3.01921e-07  -6.68667e-08 -9.1413e-07 -1.41428e-06  -4.63818e-08 1.27048e-07 -4.37809e-07  4.91392e-08 1.15512e-07 -4.55026e-07  2.0264e-07 -9.61306e-09 -4.46357e-07  -5.66321e-09 -8.59778e-09 -2.71566e-08  -7.96573e-10 1.8965e-09 4.82604e-11  1.44772e-08 -1.54329e-08 -1.09283e-07  -4.08918e-10 -6.14733e-10 3.42182e-11  -2.35442e-08 3.01559e-10 -8.68212e-08  9.78241e-10 4.59374e-10 -6.03465e-10  -2.1475e-09 1.85853e-10 -7.33318e-10  2.27711e-06 2.38555e-06 1.43604e-06  5.01422e-10 9.7474e-10 -4.53356e-10  -4.16787e-09 -9.63125e-09 -1.72443e-08  6.72185e-10 -1.36251e-10 2.49631e-12  -4.33753e-09 -2.64497e-09 -6.25931e-08  -1.70363e-08 -1.29869e-08 -7.64004e-08  2.79111e-09 -1.16144e-09 -5.00859e-10  2.66779e-08 -1.19071e-09 -8.18958e-08  1.88661e-08 -1.52776e-09 -7.31344e-08  6.60512e-08 3.91109e-07 -9.4927e-07  -6.74092e-11 1.24645e-09 -2.4328e-09  5.34454e-10 3.95321e-10 -3.56921e-09  1.10446e-09 -1.58831e-09 -1.65648e-08  -8.14003e-08 1.82764e-07 -5.36986e-07  -2.1147e-09 7.22117e-07 -1.29363e-06  -2.91616e-10 1.07804e-10 -2.50037e-09  -3.64789e-10 -2.66228e-09 4.13342e-10  3.10189e-10 -9.03547e-10 2.87605e-10  -2.65767e-12 -1.76481e-09 5.13672e-10  4.8914e-06 6.11598e-06 8.32467e-07  3.60422e-06 4.19137e-06 1.27334e-06  -1.1385e-09 6.28488e-10 -3.44368e-10  -1.35881e-09 -7.92784e-10 1.51035e-10  9.61761e-10 1.52762e-10 -3.01928e-09  -4.0087e-10 -2.25572e-09 -2.15415e-09  -1.82726e-10 2.42595e-09 -1.72215e-09  -3.38246e-10 -1.9091e-10 -7.58907e-10  1.50801e-09 8.4295e-11 -1.37456e-10  6.83614e-10 8.81193e-10 -2.08562e-10  -4.80174e-10 -5.87735e-09 -4.58907e-08  4.66765e-10 1.24024e-09 4.72526e-10  3.4751e-10 1.17332e-09 5.58524e-10  1.3416e-09 -9.07213e-11 -2.56043e-09  1.90352e-09 -3.94335e-11 -3.91157e-09  -1.6814e-09 2.7078e-10 -2.95693e-10  1.98201e-09 1.42512e-08 -3.28132e-08  6.30339e-09 9.08267e-09 -2.46521e-08  -1.20448e-07 1.84116e-08 -3.88319e-07  -2.987e-09 -2.21452e-08 -5.80119e-08  2.67785e-09 3.54475e-09 -7.51039e-10  2.21559e-10 -2.94024e-09 -1.19512e-08  -2.32627e-09 -9.73368e-09 -1.86521e-08  -1.4902e-09 -1.68834e-09 1.00997e-10  -1.25294e-09 -9.24745e-10 1.87091e-10  7.64115e-10 1.16722e-09 2.22567e-10  9.74178e-10 2.91094e-09 -6.04205e-10  2.36483e-07 -2.12295e-08 -9.47044e-07  -1.98432e-08 -9.34414e-09 -1.35769e-07  -6.3641e-11 3.73367e-10 2.14023e-11  -3.68914e-08 -7.02722e-09 -2.04843e-07  -4.48332e-08 -4.63381e-08 -2.43173e-07  -3.87711e-10 4.30415e-10 -8.78549e-09  2.40306e-09 -5.06792e-10 -5.11461e-12  -3.26586e-09 -3.1735e-08 -1.04448e-07  -4.83051e-09 -7.23684e-09 -7.78909e-08  -7.2911e-07 3.14541e-08 -1.1025e-06  9.18829e-10 -4.3609e-10 -3.18788e-09  6.99611e-10 9.07453e-10 -1.23468e-09  2.82747e-09 -1.66636e-09 -8.99095e-10  2.74168e-10 -1.85345e-10 -4.43863e-09  6.72553e-10 -4.56521e-10 -2.79895e-09  2.24617e-07 5.61633e-07 -1.17209e-06  1.59179e-09 2.0644e-09 -9.0926e-09  -2.07086e-07 5.75152e-08 -7.30968e-07  1.35149e-08 2.05719e-08 -4.70459e-08  2.59877e-08 3.0495e-09 -5.84115e-08  -6.58375e-06 1.91716e-06 -1.77231e-06  7.02886e-08 1.75856e-08 -2.77364e-07  6.73518e-10 1.40098e-09 -2.58718e-11  1.43915e-09 -1.73619e-09 3.1799e-11  1.27196e-10 1.85469e-10 -1.77478e-10  -3.20347e-09 7.68574e-10 -4.15597e-10  5.67244e-09 1.30401e-09 -8.93516e-09  7.94338e-06 -1.57956e-06 -8.33426e-07  -7.79003e-08 9.50872e-09 -1.68641e-07  1.66336e-09 -3.0283e-09 -9.52697e-09  3.69688e-06 -4.61013e-06 9.82715e-07  2.07964e-09 -1.67078e-09 -8.96766e-10  2.29361e-10 1.46773e-09 -1.58379e-09  1.45555e-09 3.28069e-10 -1.49618e-10  4.52004e-10 9.63513e-10 1.1325e-10  2.98171e-07 2.44076e-07 -9.62883e-07  3.56395e-07 2.23199e-07 -1.06015e-06  -4.03182e-08 -4.71952e-08 -1.63717e-07  -8.31574e-08 -8.3077e-08 -2.98279e-07  2.74562e-09 3.90589e-09 -8.86312e-11  -9.04699e-10 -1.51202e-09 4.03467e-10  -2.93994e-09 -8.53624e-10 -6.03672e-11  -2.66094e-09 -6.62338e-10 3.09862e-10  2.36584e-09 -1.18502e-09 -9.19757e-09  1.12245e-09 -1.07556e-10 -1.22542e-08  4.8911e-10 1.50057e-09 -6.91857e-09  -7.70289e-09 -1.97886e-10 -1.33348e-08  1.9919e-07 -2.06028e-07 -9.49091e-07  7.20498e-06 -3.89946e-06 -1.15852e-06  -2.13363e-08 2.39663e-09 -4.67141e-08  -3.26007e-09 -7.35284e-10 -4.21876e-10  -1.5199e-06 5.80341e-06 -2.6886e-06  -9.73973e-10 -2.74247e-11 -6.17376e-09  -4.23558e-10 -2.69252e-10 -4.43216e-09  -7.0963e-09 -4.86699e-10 -1.61091e-08  1.06378e-09 -3.92334e-10 -8.37015e-09  -9.86182e-08 -4.6999e-09 -3.49214e-07  6.25954e-10 -2.51404e-09 -5.95663e-10  -1.14745e-06 -6.12705e-07 -1.28864e-06  -4.00596e-07 -9.09376e-07 -2.42264e-06  2.46818e-09 -1.35682e-09 -1.35769e-09  -1.97395e-09 -1.35558e-09 -2.23591e-08  5.40341e-06 4.79337e-06 -2.41662e-06  1.88452e-09 -4.31185e-10 -2.35795e-09  1.05963e-09 2.25103e-09 -7.80027e-10  -1.16263e-07 6.25998e-07 -1.30736e-06  -4.08765e-10 -9.20302e-10 -2.06229e-09  -2.54923e-09 -1.82357e-09 -1.82114e-09  5.66372e-08 -2.37407e-08 -1.67765e-07  8.52476e-07 5.45244e-08 -1.38922e-06  1.31133e-06 1.06183e-07 -1.31263e-06  8.32739e-07 3.33092e-07 -1.31792e-06  -7.90249e-10 2.83376e-09 -3.55615e-10  3.6713e-06 -7.26634e-06 -1.19049e-06  2.21434e-06 -5.04186e-06 -2.67017e-06  -4.37628e-12 6.81795e-09 -2.83453e-08  -1.74293e-07 -6.29318e-08 -6.01712e-07  2.04894e-09 -1.26719e-09 -1.38918e-09  2.55672e-09 -6.76795e-10 -2.36411e-09  -5.88531e-10 1.50436e-08 -3.31516e-08  -1.35796e-07 2.82546e-07 -1.00851e-06  -6.78382e-07 -8.44782e-07 -1.19996e-06  -1.20554e-09 2.47772e-09 -6.85934e-10  5.11433e-10 4.22981e-10 -1.72964e-10  3.00227e-08 -2.30203e-07 -7.01715e-07  -3.83542e-10 2.00107e-09 -1.72547e-09  -8.4105e-10 3.10998e-09 -1.04084e-09  -1.7295e-09 2.12744e-09 -8.95183e-09  5.60761e-07 1.03329e-07 -1.86509e-06  6.37588e-07 -1.35664e-07 -2.1194e-06  -1.30179e-09 -6.9837e-10 -6.98372e-10  -4.67675e-10 2.46039e-09 -1.99394e-09  9.75443e-10 1.16001e-09 -1.70832e-10  -5.17644e-07 -5.66515e-06 -2.55733e-06  1.4696e-09 -2.08453e-10 -6.27643e-10  1.26088e-07 -2.46355e-07 -6.65205e-07  -3.89361e-06 -6.43044e-06 -1.7213e-06  -1.42781e-09 -2.35149e-11 -1.02166e-08  9.78389e-10 1.13658e-09 -5.82671e-09  9.24197e-10 1.57753e-10 -2.9824e-10  3.72972e-08 1.81604e-09 -1.41188e-07  1.37861e-08 -1.28478e-09 -4.81434e-08  6.44e-10 -7.51934e-10 -1.84277e-09  -7.07659e-09 5.58834e-09 -2.3581e-08  2.09908e-09 -1.94321e-09 -1.61393e-10  2.76251e-08 -1.01466e-08 -1.30449e-07  1.40015e-09 3.58102e-09 -2.19406e-08  -5.48138e-06 -3.77641e-06 8.52194e-07  3.17876e-10 1.56172e-09 -2.0811e-10  -5.97469e-08 5.98316e-09 -2.46958e-07  -8.92505e-10 8.51085e-10 -1.43143e-09  5.58956e-09 6.82563e-09 -3.63422e-08  -2.54855e-08 5.35913e-08 -1.78554e-07  -1.06254e-08 6.01434e-08 -1.64141e-07  2.78674e-08 -1.50824e-07 -5.09742e-07  7.7272e-07 -7.69552e-07 -1.39692e-06  5.15451e-07 -4.71934e-07 -1.28726e-06  3.99997e-10 1.27622e-09 3.06211e-10  -3.16254e-10 2.26337e-09 -1.8916e-09  5.10699e-08 -3.27002e-07 -9.35263e-07  2.00673e-10 1.84177e-09 4.41798e-10  1.18e-08 1.3928e-08 -6.18797e-08  -4.81245e-10 5.46116e-10 -3.13642e-09  1.48152e-09 8.71675e-11 -1.45125e-09  1.03286e-10 1.69407e-11 -4.01544e-09  -1.83e-08 7.73952e-08 -2.666e-07  -9.79818e-09 8.58499e-08 -2.81845e-07  -9.57847e-10 -2.22639e-09 -1.23608e-08  -2.28815e-09 -7.2045e-10 -9.51925e-10  5.81531e-09 -1.78951e-08 -6.93704e-08  -1.05267e-06 -2.37229e-07 -1.11005e-06  -4.43463e-08 1.41182e-08 -2.84632e-07  -1.23279e-09 2.21379e-09 -2.51331e-10  1.92372e-10 -2.63924e-09 -1.62114e-09  9.8e-10 -2.39067e-09 -9.93433e-10  3.49087e-08 -4.11252e-08 -1.3953e-07  1.6266e-10 3.11049e-09 7.90146e-11  6.5904e-10 1.15903e-09 3.84867e-10  7.09272e-10 2.10895e-09 1.01871e-10  -5.24609e-10 3.68754e-08 -1.30593e-07  -2.67481e-10 -1.34932e-09 -1.86044e-09  -1.43097e-10 -2.21055e-09 -1.67757e-09  -3.39195e-09 1.0097e-09 -8.60927e-10  1.96913e-09 -1.63477e-09 -7.86085e-11  8.92071e-07 1.97414e-07 -1.28963e-06  1.19657e-06 -2.97577e-07 -1.28771e-06  2.46159e-09 -9.76867e-10 -9.52886e-10  2.56458e-09 5.67602e-11 -1.08138e-09  2.54736e-09 -2.34978e-10 -4.07851e-10  1.74058e-09 -1.84693e-09 -4.3104e-11  6.23743e-07 2.81219e-07 -1.47536e-06  -1.06985e-09 -4.80945e-08 -1.37474e-07  4.204e-08 -1.23158e-06 -1.25411e-06  -1.16549e-09 3.53833e-10 -8.19255e-09  6.08082e-08 2.5333e-08 -1.7178e-07  9.40676e-08 -1.47291e-07 -4.53415e-07  -9.5148e-08 -1.51779e-07 -8.15825e-07  7.83209e-10 2.34435e-09 2.38527e-10  1.36786e-09 4.9026e-10 -1.84891e-10  -3.67906e-08 4.10813e-08 -1.17414e-07  2.49565e-09 -1.72336e-09 -1.33398e-09  2.59065e-08 2.32875e-08 -9.40615e-08  -5.25002e-10 3.05346e-09 -1.21311e-09  6.60113e-10 3.53483e-09 -9.14945e-10  1.47186e-08 -4.99459e-09 -4.37654e-08  3.20248e-09 2.2509e-09 -4.13845e-10  -6.95947e-09 -2.80922e-09 -1.37263e-08  1.56582e-07 -1.01253e-06 -1.42255e-06  -4.03495e-07 3.51238e-07 -1.23199e-06  -9.13264e-10 3.93382e-10 9.69183e-11  5.21965e-08 2.24912e-08 -2.55889e-07  8.51065e-09 7.84037e-08 -2.11546e-07  9.97619e-10 8.07295e-10 -1.49263e-10  -2.45741e-08 -5.49255e-09 -7.46494e-08  -4.97522e-10 -2.60914e-09 -6.3197e-10  -5.3355e-10 1.01983e-10 -3.96618e-09  -5.61232e-09 -1.25647e-08 -2.71761e-08  -1.96323e-10 -2.26731e-09 -2.30878e-09  -3.22306e-09 1.54814e-09 -1.18678e-08  -1.37425e-09 6.70162e-10 -1.5767e-08  6.13484e-08 2.62372e-07 -6.97393e-07  2.13915e-09 1.86191e-09 -4.67554e-10  2.58576e-09 -1.11357e-09 -7.70455e-11  -1.19654e-09 -2.21394e-09 2.3764e-10  -1.85006e-09 -1.08171e-09 1.03114e-11  2.51839e-09 -7.66772e-10 7.32815e-12  1.37183e-08 6.21544e-09 -8.61729e-08  3.15031e-09 -4.91951e-09 -1.40943e-08  4.49787e-09 -4.04518e-09 -1.2942e-08  1.13967e-09 8.84587e-10 -1.51884e-10  8.92948e-07 -6.59376e-07 -1.26356e-06  -2.06158e-09 3.43916e-10 5.50163e-11  3.91863e-11 -5.10746e-09 -1.56311e-08  9.50001e-10 -4.27312e-09 -4.22267e-10  2.21807e-10 -2.72779e-09 -1.1321e-09  2.05137e-09 -1.98811e-10 -1.33737e-08  -4.66026e-06 4.10564e-06 -2.33959e-06  2.12786e-09 -4.99075e-10 -1.53494e-09  -2.74379e-09 1.53918e-09 -4.15328e-10  -1.20377e-07 1.34253e-08 -3.20001e-07  -1.36017e-08 -4.87588e-08 -1.42253e-07  1.41313e-07 -3.11613e-08 -4.3188e-07  7.6129e-10 2.10019e-09 -1.37631e-09  4.71143e-08 -5.61866e-09 -1.83474e-07  3.12064e-09 3.33642e-10 -4.97177e-10  3.14552e-09 1.18421e-09 -5.45428e-10  -1.40775e-09 -1.02974e-10 -4.64855e-11  4.23108e-09 8.13995e-10 -1.14951e-09  2.68083e-09 1.40016e-09 -1.28462e-08  7.96675e-10 4.07448e-09 -3.8405e-10  -7.36802e-10 -1.41386e-09 3.07385e-11  2.52797e-07 -1.84038e-07 -1.38802e-06  2.6576e-08 -8.39274e-08 -3.37985e-07  -6.81664e-10 -2.67382e-09 2.43482e-10  6.1899e-09 -4.85286e-07 -1.18338e-06  -2.34869e-09 -1.57139e-09 -5.74496e-09  -1.5064e-09 4.13077e-09 -6.45069e-09  4.19289e-10 6.39519e-09 -9.76331e-09  -3.967e-10 -5.92721e-10 3.88398e-10  1.10502e-06 2.75463e-08 -1.15955e-06  1.26044e-06 -9.1024e-08 -1.37499e-06  1.53894e-08 -2.16199e-08 -9.57191e-08  4.9055e-06 -1.16585e-06 1.05559e-06  3.10854e-07 -4.77827e-07 -1.50877e-06  1.26712e-10 1.81446e-10 -4.67197e-09  -3.37756e-08 4.27015e-08 -3.3022e-07  1.17301e-08 1.49802e-08 -6.75819e-08  -1.929e-09 2.81777e-10 2.64734e-11  1.96013e-09 -5.29177e-09 -1.26235e-08  -4.4217e-08 -1.71951e-08 -8.95812e-08  -5.20939e-09 2.84361e-09 -1.05653e-08  -8.53894e-10 2.33679e-09 1.0006e-11  -2.18174e-09 1.40767e-11 -6.05958e-09  -7.68317e-10 -2.90486e-09 -5.88618e-10  2.36278e-09 3.82072e-11 -3.40213e-09  5.0631e-08 -4.86665e-07 -1.11277e-06  -9.83511e-10 -1.32494e-09 -3.37935e-09  2.29738e-08 -3.00792e-08 -1.06283e-07  3.39399e-07 7.69087e-08 -1.11866e-06  1.1266e-10 3.67335e-09 -6.75729e-10  -2.52463e-10 7.31831e-10 -4.95927e-09  -7.35804e-09 9.15107e-09 -8.52231e-08  2.50358e-10 1.28089e-10 -1.31343e-10  7.23812e-09 -2.32721e-08 -4.89723e-08  -1.25767e-09 -3.05115e-10 -4.06192e-09  
            </DataArray>
            <DataArray type="Float64" Name="Force" NumberOfComponents="3" format="ascii">
               0 0 0  4.66582e-10 2.12857e-10 -7.1951e-11  -2.93365e-07 8.22966e-07 1.23063e-10  -1.58595e-07 3.84422e-07 1.57516e-10  7.12869e-09 2.75596e-08 -9.16753e-10  5.55824e-09 1.14675e-08 2.31807e-10  0.000172626 -0.00064966 -2.46662e-05  -7.94808e-08 7.38636e-07 -1.43942e-09  1.2501e-07 6.49352e-07 8.26043e-09  4.68091e-08 7.95272e-07 3.15169e-09  -7.59558e-09 -2.01153e-08 5.20541e-10  0.000936107 -0.000745893 -2.4154e-05  0.00155931 -0.000134771 -2.44173e-05  4.64329e-05 0.000129366 6.08444e-07  3.70598e-05 6.62573e-05 4.05989e-07  0.000110023 0.000144821 4.37548e-07  1.45665e-08 1.88269e-08 -7.61843e-10  0.000416935 -0.000452872 1.15244e-05  -1.01331e-09 -1.03926e-07 5.18944e-10  -4.60945e-08 -2.23823e-07 5.69347e-10  1.57011e-08 -3.32169e-07 -5.35001e-09  0 0 0  0.00110514 0.000546868 -1.74666e-05  -9.98957e-09 1.47973e-08 -3.9262e-11  2.3774e-10 4.12749e-09 -1.22206e-11  1.27017e-08 3.68922e-09 1.395e-10  -6.1456e-09 1.35523e-09 7.68732e-11  0 0 0  -9.73998e-09 1.02868e-08 3.12399e-10  -4.35807e-09 3.76493e-09 -2.57654e-10  0.00106517 0.00100598 4.7564e-07  0.0010403 0.000752373 -2.227e-05  5.51648e-08 1.38352e-07 -2.4005e-09  0 0 0  -0.000268733 0.000559163 1.27853e-05  -0.000407503 0.000831485 -5.93893e-06  -4.23856e-09 2.38652e-09 -2.214e-10  -4.02054e-08 5.77743e-08 1.1467e-10  0.000385901 1.52941e-05 5.54378e-06  0.000232662 3.49056e-05 2.6543e-06  0.000236485 -3.54282e-05 2.38254e-06  -0.000329037 -0.00110109 -2.16841e-05  -0.00017094 -0.00110441 -2.33554e-05  -5.11134e-08 4.75882e-08 5.28967e-10  -1.87618e-07 1.99607e-07 -4.02943e-09  0 0 0  -1.2573e-06 1.73975e-06 3.62233e-08  -2.43933e-06 2.08798e-06 6.85488e-08  -0.000397002 0.00122177 1.31094e-06  0 0 0  0.000329223 0.000536688 1.35554e-05  -0.000781721 -0.000895237 -1.54188e-05  -0.000566266 -0.000995059 -2.11926e-05  0.000506992 0.000446812 -1.28641e-06  0 0 0  0.000939412 0.000755771 -3.16059e-06  0.0002853 0.000587358 -2.39185e-05  0.00125331 0.000599732 -9.44781e-06  -0.00156852 0.000590395 -6.03247e-07  -0.000447295 0.000249142 1.07831e-05  -0.000980045 0.000362899 -4.22753e-06  -2.17631e-09 1.11014e-08 -8.77528e-11  0 0 0  -0.000491106 -0.00114221 -2.16142e-05  0.000568953 -5.15228e-05 -1.88543e-05  0 0 0  6.18082e-07 -1.28012e-07 -1.05427e-08  3.68425e-07 8.17257e-08 3.67949e-10  4.95212e-07 3.60581e-08 -4.39885e-09  0.000406669 0.000422034 -3.01767e-05  -9.86849e-08 -1.35337e-06 2.38129e-08  -1.93046e-07 -6.93723e-06 6.74909e-08  -0.00087098 -0.000994873 4.04793e-07  0 0 0  1.92441e-09 -2.04951e-09 -1.04118e-10  0.00272185 2.60849e-05 -2.00608e-05  -0.000240917 -0.00126031 -3.26563e-06  -1.86298e-09 -2.37088e-07 2.65517e-10  3.16381e-08 -1.6031e-07 1.21415e-10  -4.7355e-07 5.64989e-07 2.26573e-09  -4.28541e-07 3.61373e-07 -3.54857e-10  0 0 0  -3.25305e-08 7.27166e-08 5.92347e-10  -1.6603e-08 7.81744e-08 1.7885e-10  -4.17794e-05 -0.000644247 1.18729e-05  -3.5493e-08 -2.88142e-08 1.37418e-09  -1.78532e-07 -1.79133e-07 3.40646e-10  0 0 0  -1.78024e-08 7.41349e-09 2.65396e-10  2.50737e-09 -3.47261e-08 5.33749e-10  7.83973e-07 -1.85476e-06 8.25008e-09  1.41289e-06 -1.65512e-06 5.78097e-09  -4.48393e-07 -2.31543e-07 3.84288e-10  1.98138e-06 4.76906e-06 6.14893e-08  4.45015e-06 7.21664e-06 1.11512e-07  1.29351e-06 1.85583e-06 3.2976e-08  0 0 0  -2.1783e-06 1.21471e-06 3.3795e-08  -2.83587e-06 1.54113e-06 2.41888e-08  -2.29756e-06 5.61209e-07 2.53567e-08  6.59363e-09 -2.32149e-08 3.12479e-10  1.32762e-08 -1.41878e-09 3.13145e-10  0.000276171 -0.00143713 5.48659e-05  0.000678428 -0.00104468 3.70618e-05  0.000311599 -0.000744071 4.2417e-07  1.25499e-05 5.34504e-06 1.33236e-07  2.18198e-05 4.67232e-06 1.77575e-07  0 0 0  -7.3241e-10 3.16535e-10 2.7228e-12  0.00128204 -0.000377297 -4.27628e-06  -0.00241596 -0.000879872 -3.52604e-05  0 0 0  0.00137877 -0.000527071 1.24746e-05  0.00148815 -0.000836513 -1.30468e-05  0.000740489 -0.000542537 2.02063e-05  -0.00185892 -0.000267456 -3.65032e-05  -0.000506592 -0.000444681 1.61922e-05  2.86281e-07 1.60635e-07 3.67873e-09  6.51985e-09 5.7931e-08 3.38164e-10  1.36843e-11 3.75218e-11 -8.00317e-11  9.00352e-09 1.16438e-08 3.91051e-10  1.9699e-09 2.03758e-09 -1.51254e-10  -0.000474716 0.000416788 1.62317e-05  -0.000471601 0.00049564 -1.79188e-05  0 0 0  0.000489278 -0.000215227 3.55044e-06  0.00109472 -0.000679316 -2.55473e-05  -3.09606e-09 -2.00122e-08 5.42249e-10  -0.000337944 0.00104239 -2.11814e-07  -0.000101281 0.000295815 2.07574e-06  -0.00012037 0.000741744 1.78782e-05  9.10392e-07 -1.70672e-06 5.50948e-09  1.37718e-06 -1.4801e-06 4.87355e-09  -0.000103657 0.000122375 1.31949e-06  -0.000164079 0.00022743 2.96475e-06  -8.917e-05 0.000199866 2.8184e-06  0.00039205 -0.000509074 -2.32263e-05  0.00115283 -0.000564671 7.45787e-07  0.000478649 -0.00111988 -2.27391e-05  0.00019498 -0.000540993 -3.10575e-05  -6.69948e-05 -0.000203286 6.89546e-07  0.000141442 0.000567655 -9.48944e-08  -4.74965e-09 5.01674e-10 -2.0794e-10  0.000232855 -0.00116484 -1.957e-05  0.000424908 -0.000973455 -1.18072e-05  0.000126623 -0.00130424 -1.54157e-05  6.27414e-09 -8.38587e-09 2.00488e-10  -0.000644329 7.72646e-05 1.28517e-05  -0.0012768 0.000323669 2.41047e-06  -8.47696e-08 -2.86751e-08 3.01651e-10  -1.13246e-08 -5.07563e-09 1.3447e-10  0.000230646 0.000418854 1.08853e-05  0.000181157 0.000376773 7.80412e-06  0.000372441 0.000444355 3.55901e-06  -4.13489e-08 2.86466e-08 -9.25981e-10  7.45188e-09 -4.87869e-08 1.47213e-09  -5.37403e-05 -0.000983792 1.06304e-06  0.000274742 -0.00149198 -3.10677e-05  -4.78432e-07 5.26746e-07 6.11863e-10  8.52119e-08 5.64217e-07 -1.93087e-10  0.00107976 -0.00135887 -5.23137e-05  -2.59179e-07 2.11942e-07 2.31558e-09  -9.34145e-05 -0.000278728 8.4675e-06  0 0 0  0.000631161 0.000185914 -6.41043e-06  -9.44028e-10 -3.70297e-09 -1.68176e-10  -1.26653e-08 -3.3791e-08 -1.11006e-09  -9.62968e-05 0.000654494 -2.45758e-05  6.28282e-08 9.85834e-09 2.41242e-11  2.0671e-08 6.47562e-09 -6.77875e-10  -2.31032e-07 -1.23286e-07 -5.80434e-09  -1.49691e-07 -5.86757e-08 2.43287e-10  -6.79074e-07 -1.44535e-07 -3.42827e-09  2.17578e-08 3.49597e-08 1.18485e-09  3.50001e-05 0.000663913 -2.5013e-05  0 0 0  0 0 0  0.000291749 -0.000461381 8.78119e-06  -3.24762e-05 2.76665e-06 6.01256e-07  -3.53728e-05 -6.17734e-06 -2.07546e-07  -3.83786e-05 2.30007e-06 2.99964e-07  4.60645e-05 -6.46858e-05 4.89129e-07  2.26025e-05 -3.65787e-05 4.37918e-07  -0.00189553 8.21434e-05 -5.4544e-05  6.33986e-08 -2.72707e-08 -2.08778e-09  -1.85852e-07 -2.62073e-07 -3.64879e-09  -1.13733e-06 1.29665e-06 2.50684e-09  -1.22859e-06 1.67748e-06 3.78004e-09  -4.1018e-06 -1.83312e-05 2.43814e-07  -1.00846e-05 -1.79738e-05 2.88719e-07  8.53999e-08 -5.04144e-08 3.6226e-10  0.000400135 0.00111018 -1.82502e-05  -1.32343e-07 -2.29674e-08 -7.78052e-12  -0.000538173 0.000234386 2.20053e-06  0.000667662 0.000195608 -5.44474e-06  0.000916604 7.38076e-05 -2.44634e-05  -5.98074e-07 3.739e-07 7.16915e-10  -1.70189e-07 1.53626e-07 3.75562e-10  6.50659e-08 -2.66327e-09 3.21448e-10  2.07864e-07 -2.03447e-08 -1.65341e-09  6.66138e-07 -8.3296e-07 -3.38527e-10  -6.56339e-08 5.43672e-09 1.31832e-10  -1.06829e-08 2.49205e-09 -2.05536e-10  0.0012527 -0.000376963 -2.41318e-05  3.48407e-09 -3.00391e-09 1.16742e-10  -0.000407403 -0.000837259 4.70245e-06  -0.00038198 -0.0013288 1.47279e-05  -0.000213585 -0.00107295 1.7658e-05  -6.32306e-07 3.23721e-07 1.62171e-10  -3.59418e-07 9.51011e-08 -2.09951e-11  -4.59639e-07 2.10728e-07 3.91055e-10  0.000173716 0.000671151 -2.11585e-05  -8.40168e-08 6.83572e-08 1.21887e-10  -1.35332e-07 5.44637e-08 3.08793e-10  -3.57126e-07 9.47698e-08 -1.28489e-10  -5.6333e-07 -9.7018e-10 -1.02071e-10  -7.71111e-07 1.76523e-07 4.67558e-11  1.9286e-06 -1.14925e-06 3.84475e-09  6.46309e-05 0.000820422 1.24163e-05  -1.22838e-07 -3.38966e-07 4.62045e-09  -1.50857e-07 -2.23026e-07 -5.49172e-10  -4.189e-08 -7.59402e-08 4.05256e-10  -1.60794e-08 6.19828e-08 -1.83301e-09  -2.83227e-09 6.82662e-09 -7.67703e-11  6.9075e-08 -1.16926e-07 -1.67007e-09  1.42664e-07 -2.65839e-07 2.2961e-09  4.99606e-08 -1.46597e-07 -2.08082e-09  -0.00118369 0.000302313 -4.23246e-05  1.55161e-08 8.56883e-09 -5.6448e-10  -5.47865e-05 6.73772e-05 -2.00449e-07  -5.50631e-05 5.8441e-05 8.35946e-07  -6.383e-05 5.48547e-05 -1.86084e-07  -3.30778e-07 -3.95006e-07 3.82643e-10  -8.99358e-08 -1.63682e-07 2.62779e-10  -2.0855e-07 -5.72195e-07 5.66736e-10  2.59451e-09 -8.11151e-10 6.73194e-11  -3.03234e-06 -7.82113e-06 1.34511e-07  -1.7671e-10 -3.33998e-09 -1.39625e-10  0.000217105 0.000450347 -2.20198e-05  0.000291874 0.000976334 -2.02955e-05  -2.73098e-08 -7.3586e-09 -1.85003e-11  -2.35731e-08 -2.43375e-08 -9.77185e-10  2.8406e-07 1.77205e-07 -5.38571e-11  0 0 0  -0.000210582 6.93892e-05 7.13898e-07  -5.55388e-08 -3.20165e-08 2.5246e-10  2.48872e-09 1.70108e-09 -6.54117e-11  -5.09526e-08 1.20747e-07 2.35317e-10  -9.98162e-08 4.79224e-08 1.13466e-09  0 0 0  -5.9161e-08 1.68039e-08 -4.64208e-10  -4.15693e-10 -3.63289e-10 -6.10931e-11  -6.2966e-07 -6.14801e-07 1.51978e-09  -5.07399e-07 -3.76133e-07 -6.48058e-10  -5.58367e-07 -4.38632e-07 -2.6131e-10  0.000491953 -0.00042321 -2.98976e-05  8.38299e-09 7.08853e-10 8.02878e-11  -2.04211e-07 -1.40466e-07 2.15052e-09  1.78059e-07 3.66884e-07 6.22002e-09  -8.07135e-05 4.20945e-05 1.79512e-06  -4.31959e-05 9.93475e-06 8.11273e-07  -5.28998e-05 2.90794e-05 5.572e-08  2.1944e-09 3.53816e-09 -1.76857e-10  4.80542e-07 3.32469e-07 -1.14883e-09  8.58396e-07 3.516e-07 6.62442e-09  3.0106e-05 -0.000543745 -2.63516e-05  1.4701e-05 -4.4533e-05 3.87536e-07  1.11444e-07 -2.60659e-07 -1.54037e-10  -0.000695392 -0.00141037 -3.25432e-05  -5.04829e-07 -3.55219e-07 -2.11305e-10  -5.19447e-07 -2.81418e-07 1.13866e-10  -2.57393e-09 -2.66413e-09 1.18418e-10  -0.00112311 0.000556272 -1.585e-05  -0.000550069 0.000382244 -2.71618e-05  3.76069e-07 -1.19353e-07 -3.62436e-09  3.39868e-07 6.99998e-11 -3.18021e-09  -0.00164441 -0.00101912 -3.59097e-05  -0.000454257 -0.000398263 -2.07237e-05  -0.00137413 -0.000917817 -2.03375e-06  0.000460334 -0.000757854 -9.00809e-06  0.000678771 0.000199918 -6.315e-06  5.60108e-08 -1.38064e-08 3.89021e-10  -0.00107019 0.00016579 2.69298e-07  -0.000942443 0.000658799 4.13723e-05  1.14269e-06 -1.60882e-07 6.23616e-09  -7.28068e-06 -9.2032e-06 1.5119e-07  -8.53392e-06 -6.33047e-06 7.31945e-08  -4.43325e-06 -4.57273e-06 9.91711e-08  0 0 0  0.000202373 0.00126684 -1.5488e-05  -1.3067e-08 3.69621e-07 5.10171e-11  0 0 0  -1.89133e-07 2.3538e-07 3.02524e-10  3.5799e-06 1.85549e-06 7.3187e-08  2.88475e-06 1.67641e-06 6.1873e-08  0.000616504 0.00019019 -1.19456e-05  -0.00035248 -0.000574891 -2.81179e-05  -2.09368e-08 2.4893e-08 3.81263e-10  -3.80517e-08 3.47614e-07 2.44984e-09  3.18528e-05 -0.000575158 1.01071e-05  -0.000351249 4.35164e-05 4.48712e-07  -0.00025205 -3.8155e-05 1.17372e-06  4.84932e-07 3.02024e-07 5.74252e-10  2.66149e-07 2.66195e-07 2.54456e-10  3.76699e-07 2.37502e-07 5.15067e-10  1.18972e-06 -8.22232e-07 1.60675e-08  2.74576e-06 -2.47496e-06 5.1801e-08  1.78487e-06 -1.48181e-06 3.25465e-08  -0.000771891 0.00109976 -1.23367e-05  -6.86882e-10 4.844e-10 -9.36758e-12  0 0 0  1.11687e-07 -4.32372e-07 6.40452e-09  -5.78491e-08 -6.24471e-08 2.98073e-10  -9.82768e-08 -7.69704e-08 1.42379e-10  -1.34252e-07 -7.79045e-08 1.34459e-10  -4.73938e-07 -1.82036e-07 1.93225e-10  0.000259012 0.000540115 2.89302e-06  3.96632e-07 1.46118e-06 1.32023e-09  -4.70779e-07 -1.87494e-07 -6.21533e-10  -7.19296e-07 -2.11062e-07 4.13301e-10  6.52103e-08 6.862e-08 -1.21283e-09  8.24039e-08 7.07275e-08 -3.20143e-09  1.5447e-07 2.11387e-07 -2.86516e-09  1.83256e-07 -3.75336e-07 -4.04041e-09  3.55175e-07 -5.68937e-07 9.8433e-09  7.40912e-09 4.4294e-09 -3.20868e-11  5.19954e-07 -3.949e-06 6.61579e-08  6.16464e-07 3.32007e-06 2.22547e-08  -0.0007357 0.000629299 1.40736e-06  -0.000428994 0.00112578 -2.39563e-05  0.000131052 -5.99188e-05 1.10145e-06  0.000331447 -7.24043e-05 5.10516e-06  7.26141e-08 6.32385e-07 -1.71214e-09  6.42527e-08 6.60411e-07 -4.10836e-09  1.95544e-06 -6.54798e-08 3.49218e-08  4.01934e-09 3.48316e-09 1.31415e-10  0.000584969 -0.00102839 -8.43905e-06  0 0 0  -4.06753e-07 -1.58546e-06 3.5087e-08  -2.74095e-06 -4.86127e-06 7.68991e-08  -1.24892e-06 -4.19291e-06 8.95467e-08  -1.10144e-07 3.85614e-07 -4.01232e-09  -8.62315e-05 0.000835558 -1.09088e-07  -0.000142532 0.000546768 1.30099e-05  5.78488e-08 -6.47923e-08 9.55259e-10  1.229e-06 7.79139e-07 1.8861e-09  1.50644e-06 7.81508e-07 2.055e-09  -0.000551729 0.00103127 -2.69382e-05  -0.000452973 0.000252902 -2.85361e-05  -0.000448788 0.000394169 -3.82906e-05  -3.84283e-08 -3.40472e-09 -4.42269e-10  5.37578e-08 -3.74496e-08 1.91337e-09  2.26581e-07 -6.2172e-07 -9.6768e-09  1.89092e-07 -7.07464e-07 1.03535e-08  -1.2571e-06 -6.00286e-07 2.50632e-09  -8.33875e-07 -6.02393e-07 2.3182e-09  -3.94974e-09 -4.77912e-10 3.3908e-10  -8.90979e-09 -2.76445e-08 2.20533e-10  -2.81804e-08 -6.1088e-08 1.00228e-10  -3.08657e-07 -4.86522e-07 4.81542e-11  -1.95855e-07 -2.81559e-07 7.50399e-11  -4.47814e-07 -4.12164e-07 -2.514e-11  1.32568e-06 -4.35091e-07 3.50796e-09  2.3916e-06 -3.88723e-08 8.06803e-09  -4.61223e-08 2.52153e-08 1.86832e-09  -1.30612e-07 9.56869e-08 -5.01716e-10  -7.15479e-08 3.83259e-08 -2.77875e-09  0 0 0  -0.000158597 0.000589264 -3.53716e-05  1.88028e-08 1.30828e-08 6.68685e-10  -1.21146e-06 8.83797e-07 6.03166e-09  -1.98644e-06 2.57731e-06 1.43673e-08  -1.20255e-06 1.88434e-06 6.54098e-09  0 0 0  0.000327677 0.00053186 -3.18786e-05  7.65152e-09 -1.56157e-08 4.7836e-10  -3.77996e-07 -5.64637e-07 -1.16039e-10  -2.20845e-08 -1.48196e-06 3.76912e-09  3.43171e-07 -1.59064e-06 5.29337e-09  4.8441e-07 -2.36756e-06 5.58089e-09  -0.000191199 0.00118719 -1.67215e-05  0.000409332 -0.000377805 2.03654e-05  0.000115304 -9.62872e-05 3.10988e-06  0.000190768 -0.000237989 1.81037e-06  0 0 0  -2.21052e-05 -2.092e-05 4.46934e-07  -1.4669e-05 -8.50654e-06 -1.28253e-07  -2.14878e-07 -7.47927e-08 2.69173e-10  -2.85939e-07 -1.36793e-06 1.25601e-09  1.81235e-07 -1.26305e-06 1.07638e-09  -1.28614e-07 -1.13774e-06 8.20958e-10  -6.5644e-07 -2.43467e-07 4.599e-10  -1.70058e-06 -5.43666e-07 1.57292e-09  -1.52306e-06 -2.65337e-07 1.5279e-09  1.29224e-07 -1.67213e-07 -6.1401e-10  6.89852e-07 -3.53517e-07 4.01685e-10  2.65049e-07 -9.76701e-08 1.96796e-10  -8.22082e-07 6.33977e-07 -1.12861e-10  -3.74076e-05 -0.000570018 -3.04813e-05  2.20645e-07 -4.69925e-07 -4.71493e-09  -0.000637398 0.00101271 3.18734e-05  -0.000315611 0.000268403 6.10924e-06  -2.14704e-07 8.74837e-07 9.02533e-10  -1.56711e-07 3.21423e-07 4.36419e-10  2.38756e-05 -1.65673e-05 2.31469e-07  2.63221e-05 -2.81963e-05 3.87643e-07  -0.000905081 0.000626758 -1.8655e-05  1.48562e-07 -1.51521e-06 2.85237e-08  1.38637e-07 -1.30274e-07 6.71327e-10  -5.27896e-09 1.04949e-07 -6.75958e-10  -0.00104699 -0.000394578 -2.09174e-06  -0.00219794 -0.000283966 -1.34342e-05  2.00771e-06 2.18971e-06 2.25069e-08  1.39342e-06 2.71151e-06 2.94543e-08  1.39606e-06 2.00788e-06 3.40894e-08  0 0 0  2.21574e-07 3.44051e-07 -9.10704e-10  -3.57872e-07 -9.5006e-08 1.47257e-10  -4.92524e-07 -2.56793e-07 9.48081e-11  -5.16078e-07 -7.6369e-08 1.51946e-10  -9.16908e-07 1.60894e-08 1.58705e-10  -2.60942e-07 -3.50306e-07 2.56071e-10  7.61922e-07 6.78346e-07 6.82957e-09  9.30443e-07 9.14198e-07 -5.287e-09  6.24557e-07 9.71774e-07 -2.27079e-11  4.66338e-07 -1.97223e-06 1.84912e-08  5.94372e-07 -1.59168e-06 3.26251e-08  -3.07912e-05 0.000635736 -3.91198e-05  2.02209e-07 -1.5639e-07 1.16218e-10  2.74581e-07 -3.11218e-07 4.26514e-09  -2.88287e-06 1.11838e-06 1.27742e-08  -1.45968e-06 2.40219e-07 9.59613e-09  0.000229295 0.000272697 1.0935e-05  -5.11423e-07 4.60506e-07 6.1104e-10  -6.58845e-07 1.06734e-06 1.28304e-09  8.08383e-08 -5.63059e-08 -2.93867e-09  0 0 0  -0.000469198 -0.000493319 1.47504e-05  -0.000310231 -0.000373265 1.26198e-05  -3.2891e-05 0.000689346 1.53945e-05  -5.22279e-07 -2.09578e-08 2.29436e-10  0 0 0  -5.96329e-07 1.31151e-06 1.36916e-09  -0.000329145 0.000414007 -3.95192e-05  8.87231e-07 -7.08995e-07 9.22696e-10  -7.982e-08 -5.363e-07 -9.28406e-11  -1.1879e-07 -6.37686e-07 -3.46923e-10  -3.84301e-07 4.69999e-07 6.855e-10  -3.80032e-07 7.82178e-07 -1.28492e-09  6.94478e-07 2.39356e-07 3.57616e-10  2.35941e-06 -6.20917e-07 6.65604e-08  -0.000695709 -0.00110756 -6.19564e-06  0.000242006 0.000412725 5.73606e-06  3.67547e-08 -1.57788e-08 1.17213e-09  -1.04369e-06 -9.54139e-07 9.40134e-09  -1.64786e-06 -1.42641e-06 7.28085e-09  -7.58356e-05 -0.00013399 1.34769e-06  -0.00022304 -0.000248502 1.93896e-06  6.48806e-08 -4.60507e-07 -5.03975e-09  -1.1115e-06 -2.17124e-07 1.42786e-08  -6.95106e-07 -5.37553e-08 1.01937e-08  -9.3494e-07 -3.25644e-07 2.359e-08  -0.00181217 6.76904e-05 1.79235e-06  3.76798e-07 9.23174e-07 8.87454e-10  2.54736e-07 8.42658e-07 6.29454e-10  6.25464e-08 1.0074e-06 1.10654e-09  -1.43682e-07 2.59515e-07 2.76236e-09  7.25697e-07 7.42382e-08 1.11284e-08  7.60704e-07 -1.15875e-07 1.96341e-10  2.75916e-07 -7.50273e-08 2.55378e-09  -0.000269047 0.000113805 6.15451e-06  5.96088e-06 1.24952e-06 8.27366e-08  4.73425e-06 -3.27877e-06 5.49823e-08  2.3257e-06 -2.31362e-06 3.95935e-08  0 0 0  2.96955e-08 1.46979e-09 3.20065e-10  -3.46066e-07 -3.20466e-07 1.5452e-10  5.21383e-07 7.04082e-07 3.01667e-09  1.76587e-07 5.11967e-07 -5.24635e-09  9.63624e-06 -9.52734e-06 1.22526e-07  0.00020489 0.000644294 -2.24619e-07  4.29456e-07 -1.30634e-05 1.40393e-07  -7.33541e-07 -4.56481e-06 4.76752e-08  -1.14718e-07 1.61207e-07 1.02104e-10  3.14636e-07 5.48514e-07 6.78253e-10  6.76053e-07 8.77634e-07 1.00254e-09  9.77561e-07 8.9849e-07 1.2379e-09  4.09643e-07 1.42425e-07 -4.31052e-09  2.25371e-07 -1.40401e-07 1.39271e-10  1.52364e-05 2.76285e-05 2.42947e-07  -7.98901e-09 -1.26796e-08 4.29634e-10  3.71172e-07 -7.0533e-07 -3.37775e-09  5.21648e-07 -5.3261e-07 7.7647e-09  3.34309e-07 -4.44755e-07 -1.63335e-09  -6.13713e-08 -1.88682e-06 1.70166e-08  -1.19832e-07 -2.39286e-08 9.67353e-10  -2.55702e-07 -7.11138e-08 -7.46761e-10  -1.27835e-06 -1.56693e-06 8.18559e-09  -6.44946e-07 -1.86153e-06 9.35478e-09  -7.02942e-07 -1.18395e-06 8.43715e-09  -3.10897e-07 3.14215e-07 4.2998e-09  0.000131516 0.000169824 9.01101e-07  1.22956e-06 3.49626e-06 4.87992e-08  -2.16198e-08 5.82383e-09 5.56164e-10  -3.36446e-08 1.45317e-08 -8.91683e-10  1.45923e-08 1.25577e-08 -6.14092e-10  -5.36769e-07 -2.7956e-07 2.23849e-10  -1.01324e-06 -1.72021e-07 2.25765e-09  -1.79277e-06 -5.75386e-07 3.8541e-09  0 0 0  4.59005e-08 -2.87096e-07 -7.42821e-11  2.91507e-08 -2.20758e-07 2.07884e-10  -7.60385e-09 -7.45599e-10 -1.25661e-10  -8.0098e-09 5.61966e-10 -8.07379e-11  0.000663142 0.000365318 7.74908e-06  9.92672e-07 1.58002e-06 2.5587e-09  1.77687e-05 2.01363e-05 1.69399e-07  5.57242e-05 4.4524e-05 5.26351e-07  2.31263e-07 2.54155e-07 3.7355e-10  1.22951e-07 2.18041e-07 2.63172e-10  -6.6351e-06 -1.88907e-06 -1.98202e-08  -1.34761e-05 -1.19996e-06 2.00669e-07  1.04585e-07 8.24491e-08 6.70914e-10  5.8307e-07 -1.55096e-07 5.17942e-10  -0.000346925 3.29735e-05 7.10902e-06  -0.00085616 0.000346589 1.85666e-05  -1.79286e-06 1.58916e-06 8.41893e-09  0.000334008 0.000229761 2.89599e-06  -6.95544e-07 -6.65082e-07 2.05255e-10  -2.95577e-05 -2.83302e-05 4.9003e-07  0.00126502 0.000263949 -4.07247e-06  0.00135222 -6.60023e-05 5.79658e-06  1.03898e-06 3.99935e-07 8.8357e-10  1.01629e-06 4.36803e-08 9.54914e-10  5.88337e-07 1.56417e-07 5.2293e-10  4.11611e-08 6.51737e-07 4.55468e-10  -4.6391e-05 9.22767e-05 4.06028e-07  1.64814e-07 4.03578e-07 -1.12389e-10  2.58071e-07 4.42426e-07 1.66688e-10  -1.88426e-05 -2.68035e-05 1.50862e-07  2.90455e-07 -7.86864e-06 1.01921e-07  6.30229e-06 0.00103321 -4.22523e-06  -7.43013e-06 3.00387e-06 1.36083e-07  -7.52307e-06 4.83828e-06 1.19905e-07  1.44188e-07 2.08409e-08 7.11384e-10  -3.49853e-07 4.53275e-08 2.11659e-10  -0.000397863 0.000412155 -9.25326e-06  -0.000940376 0.00122761 -2.32854e-05  7.37195e-05 8.00635e-05 6.69516e-07  -3.95119e-07 5.5423e-07 2.36814e-10  -2.22241e-07 5.60882e-07 -1.23995e-09  -1.09654e-07 5.72023e-07 6.15218e-09  -4.76516e-08 2.94237e-07 7.04152e-11  -7.26124e-09 1.34231e-07 9.37402e-11  4.51952e-08 3.22369e-07 9.99593e-11  -3.26122e-07 5.27416e-07 3.50963e-10  -3.23234e-07 1.19504e-06 1.28494e-09  0.000141109 0.000110985 7.21884e-07  0.000742997 7.0305e-05 -1.11071e-05  -8.81182e-06 0.000259367 5.48463e-06  1.43315e-07 1.52566e-07 -5.38979e-10  1.17122e-06 2.37589e-07 1.45474e-09  7.76284e-08 2.4356e-07 -9.43327e-11  9.9335e-09 -5.52771e-09 -3.65082e-10  -3.64019e-11 4.13422e-12 -4.45487e-12  2.14844e-05 -1.48691e-08 2.48641e-07  5.30816e-07 1.83291e-07 5.51034e-10  1.35046e-07 4.15246e-08 2.80034e-10  3.20601e-07 1.57134e-08 3.40761e-10  7.72344e-07 -3.57071e-07 6.18472e-10  1.0965e-06 -2.40425e-07 1.21822e-09  -2.47235e-08 5.87523e-09 4.47093e-10  -1.57588e-07 1.35666e-08 2.26697e-10  -1.66165e-07 5.30789e-08 2.52389e-10  -6.05316e-07 2.32228e-06 1.48408e-08  -1.5221e-07 1.70807e-06 8.96305e-09  -2.46903e-08 -5.25067e-07 4.39363e-10  4.85268e-05 -0.000337504 1.10063e-06  4.68871e-05 -0.000310086 6.72837e-06  9.26713e-05 -0.000245739 1.73727e-06  0.000258935 0.00065293 8.15611e-06  7.94413e-07 6.61783e-07 1.13267e-09  -0.000951242 0.00117193 1.20456e-05  -0.000119312 -9.42731e-05 1.67935e-06  -0.000575687 -0.000454124 1.3423e-05  2.48013e-07 -2.61416e-07 -2.75289e-10  -1.62249e-07 3.37758e-06 2.74611e-08  -1.80642e-06 -9.62119e-07 7.75417e-09  0.000248756 0.000369423 2.23056e-06  0 0 0  -1.05871e-06 7.10518e-07 1.06016e-09  -4.71509e-07 -6.97501e-07 9.80845e-10  -2.74094e-05 -7.4606e-05 6.02968e-07  -4.79283e-05 -0.000111166 -4.65727e-07  -2.42444e-07 2.71654e-06 3.8612e-09  -6.35918e-07 1.5188e-06 2.08761e-09  -2.12299e-07 1.67039e-06 1.93228e-09  0 0 0  0.000212168 7.05882e-05 5.8967e-07  2.12617e-07 5.42803e-08 4.65908e-10  -8.44748e-07 -8.7344e-07 1.5163e-09  -6.54332e-07 -8.58423e-07 9.38723e-10  2.04463e-06 -6.97815e-07 3.30153e-09  1.82042e-06 -3.18549e-07 3.24379e-09  5.1897e-07 1.25242e-07 5.08252e-09  1.05969e-06 1.67463e-06 8.66363e-09  0.000609641 0.000221852 1.29527e-05  0.000975778 0.000175192 1.59373e-05  -1.38454e-05 8.03586e-06 2.32943e-07  -9.2643e-06 1.01475e-05 1.63717e-07  -1.98337e-05 1.77896e-05 1.96785e-07  -7.80826e-07 1.86967e-06 4.04125e-09  5.55281e-06 -0.000204791 2.87668e-06  -1.00765e-09 -1.27399e-09 -7.5687e-11  -1.02596e-06 -9.40523e-07 2.22628e-09  -1.26453e-06 2.89208e-06 2.6939e-08  4.36916e-07 8.86839e-08 3.75459e-10  9.30541e-07 -2.48362e-08 7.72025e-10  1.63306e-05 1.88836e-05 2.25788e-07  -7.65317e-06 1.64599e-08 7.03976e-08  3.86201e-05 0.00060321 1.355e-06  -2.78836e-07 -3.64909e-07 3.02803e-10  -5.1133e-07 -4.05791e-07 3.89284e-10  1.81028e-07 -1.00652e-07 -4.29529e-10  -0.00109903 -0.00115203 -2.90981e-05  1.24564e-06 7.62934e-07 5.31527e-09  1.93889e-06 6.11344e-07 7.78332e-09  -0.000282791 0.000156598 -1.8088e-06  -1.78384e-06 9.76189e-07 4.93035e-09  1.44424e-05 -2.62437e-05 2.7075e-07  6.20928e-05 -0.00016874 8.83018e-07  -7.25959e-07 2.02872e-06 9.42822e-09  -5.64283e-07 3.51977e-07 -1.01918e-09  -3.87529e-07 3.96943e-07 7.96082e-10  -7.85095e-05 0.00015066 2.01269e-07  -2.81247e-06 -6.43385e-06 1.26851e-07  -5.80848e-08 7.01929e-07 8.24946e-10  -1.24646e-07 -3.75833e-07 7.10895e-11  -2.50775e-07 -6.04889e-07 2.43062e-10  -1.11371e-06 1.14035e-07 9.68493e-10  7.69873e-06 -4.84022e-06 8.36942e-08  1.2502e-05 -4.53864e-06 1.34144e-07  3.53752e-05 -1.29583e-05 3.64403e-07  3.59851e-07 1.12361e-07 3.42372e-09  -3.42189e-07 -6.67778e-07 3.20231e-10  -1.20385e-07 -5.40807e-07 2.13918e-10  -1.07312e-07 -4.15436e-07 4.39136e-09  7.84975e-07 1.2399e-06 1.55024e-09  6.4855e-07 1.59005e-06 2.02907e-09  -0.000557664 -8.58657e-05 1.39326e-05  -0.000144692 -2.09402e-05 1.14199e-06  -3.21325e-05 -0.00010322 3.55945e-06  -2.62052e-05 7.98901e-06 3.59735e-07  -7.44525e-07 -9.36524e-08 3.16659e-11  -0.000125934 7.75953e-05 -7.0128e-07  -3.99066e-07 9.58278e-09 -7.25261e-11  1.40658e-06 -3.74408e-07 1.48471e-08  7.22684e-07 -1.01603e-06 1.2367e-09  5.84985e-07 -1.36353e-06 1.77664e-09  0.000384942 0.000295715 1.44056e-05  0.000606705 0.000504441 -6.76027e-07  0.00155276 0.000744133 -1.57189e-05  -2.97028e-08 -1.69138e-07 1.22723e-10  -0.000162212 -0.000182466 3.90009e-06  4.25704e-05 0.000321078 1.08327e-06  9.48271e-07 8.33637e-08 -5.20793e-09  3.45796e-07 -1.66746e-08 6.35519e-10  5.84104e-07 -9.88378e-08 6.42295e-09  0.000429571 0.000561536 -2.49537e-05  -0.000148462 -0.000184041 1.21644e-06  -0.0001854 -0.000128044 -2.40021e-06  -2.47604e-07 6.09709e-07 -5.88308e-10  -1.92348e-07 5.68438e-07 -1.31665e-09  5.59385e-08 -8.47951e-07 -4.56363e-10  2.21659e-07 -4.75981e-07 -1.802e-09  3.19743e-06 2.58499e-06 6.03322e-08  4.44286e-06 3.8314e-06 9.87695e-08  1.64691e-06 1.2965e-06 1.89442e-08  3.30906e-06 1.83391e-06 2.44118e-08  -8.61559e-05 0.000380941 1.33837e-06  -3.37526e-05 0.000469693 6.27544e-06  -7.11489e-07 1.30351e-05 9.58174e-08  -1.13384e-06 1.06101e-05 1.18275e-07  -9.59164e-05 2.5138e-05 -3.07574e-07  7.05624e-05 0.00045655 1.65959e-05  -7.13382e-07 0.000100051 8.58123e-07  -2.47045e-05 9.9637e-05 3.14735e-07  0.000211626 0.00124604 1.46881e-05  6.0236e-07 -4.50855e-07 4.78471e-10  -1.11448e-06 3.23527e-07 8.32737e-09  1.25781e-06 -8.72243e-07 6.52336e-09  1.66141e-06 -2.01152e-06 1.03005e-08  1.7892e-06 -1.13142e-06 4.34708e-09  2.79875e-09 -5.15177e-07 6.14101e-10  0.000168185 -0.000198294 4.70081e-06  8.92567e-05 -8.7484e-05 1.07695e-06  7.27523e-05 -0.000101206 9.67022e-07  -7.06727e-06 -2.11116e-06 1.19649e-07  -5.60416e-08 -4.90529e-09 -5.31979e-11  1.21042e-07 3.59159e-07 1.0444e-09  -2.37924e-05 -0.000866254 1.38115e-05  0.000107553 -0.000445899 -4.23476e-06  2.54407e-07 1.48027e-07 4.87732e-10  3.58774e-07 -4.88654e-08 3.217e-10  -1.81342e-07 -9.91466e-10 1.37945e-13  -1.2822e-07 1.13884e-08 -2.69746e-10  -2.45816e-05 1.14949e-05 2.29233e-07  0.000153599 -0.000106333 2.05238e-06  6.246e-07 -2.74392e-07 1.06519e-08  -6.50925e-08 -3.92273e-07 2.40603e-10  -0.000273053 1.20175e-05 5.42471e-06  -0.000130481 -1.99351e-05 2.18993e-06  2.68201e-07 4.27316e-07 -4.75654e-09  -5.95976e-08 5.26301e-09 2.65312e-10  4.51447e-07 2.2275e-06 9.17087e-09  -5.78595e-05 -3.59125e-05 5.84113e-07  -2.45172e-05 -9.24837e-06 6.81685e-07  1.30919e-06 4.31724e-07 2.65946e-09  -5.93919e-07 -1.2016e-06 1.36977e-09  -5.70017e-07 -6.55296e-07 6.98882e-10  5.25668e-07 -6.46149e-07 3.21645e-09  7.97694e-08 3.42816e-08 -7.88638e-10  2.90132e-07 -1.40914e-07 -3.17601e-09  4.33038e-07 4.52545e-07 9.22514e-09  3.82372e-07 3.76048e-07 -5.26858e-09  -1.81968e-07 -5.26503e-07 5.76115e-10  -1.88528e-06 -1.20653e-06 5.81143e-08  -2.25044e-06 -8.23484e-07 5.71815e-08  -1.3792e-06 -4.96578e-07 3.22084e-08  -5.03228e-05 -0.000270512 1.52017e-06  -6.03558e-06 9.13949e-06 1.03688e-07  1.22359e-07 -5.24664e-08 3.97572e-09  -4.54678e-07 1.53133e-07 1.08332e-10  -1.88562e-07 1.19689e-07 1.03453e-10  1.24971e-05 4.71778e-05 4.16576e-07  7.22649e-07 1.56579e-06 1.05071e-08  1.65782e-06 4.38377e-07 1.74557e-08  1.85693e-06 9.12735e-08 2.38867e-08  0.00012182 -0.000143924 1.05846e-06  -3.24775e-07 -2.26522e-07 1.5089e-10  -2.46721e-05 3.47187e-05 4.65675e-07  -1.53741e-05 3.64944e-05 3.54917e-07  1.02813e-06 3.28595e-08 1.04745e-09  6.60299e-07 -3.87475e-07 1.11705e-09  -0.000203386 0.00016955 -2.70756e-06  -4.42826e-05 -1.58613e-05 7.67141e-07  -0.0001052 -9.48365e-06 7.6182e-07  2.91975e-05 -6.05159e-06 2.54684e-07  5.3493e-07 -1.55158e-06 4.56073e-08  1.57905e-06 -2.35063e-06 5.02446e-08  3.69237e-07 3.16457e-07 -1.75953e-09  -1.04172e-06 3.03115e-07 2.40953e-09  -1.59138e-06 7.04864e-08 4.08781e-09  0.000249787 -0.00012527 5.39005e-06  -2.25909e-07 6.23513e-08 -8.78592e-10  -1.04549e-07 -5.79961e-07 8.90569e-09  -1.51863e-06 1.55968e-07 3.3246e-09  8.85371e-06 7.31956e-06 1.16634e-07  9.55219e-07 -2.96913e-07 2.36956e-10  5.95372e-07 -4.12453e-07 -1.03011e-08  4.45856e-07 -1.91826e-07 5.73159e-09  1.71777e-06 8.85556e-07 5.98739e-09  1.49514e-06 3.06458e-07 3.52343e-09  -7.72054e-07 4.47637e-07 9.60386e-10  2.24271e-07 -7.63737e-07 -2.93601e-10  1.34266e-07 -8.40868e-07 7.31666e-11  -4.76913e-07 -1.87673e-07 4.9843e-11  -4.81751e-07 4.97983e-06 1.04241e-07  5.45517e-08 2.32785e-08 5.37707e-10  -3.02688e-07 -1.68782e-07 -1.57523e-10  0.000103161 5.96325e-05 6.75487e-07  -0.00185327 -0.00058664 2.30627e-05  6.64817e-08 2.08609e-08 2.11154e-09  5.91808e-08 3.28394e-08 2.02922e-09  -0.000255464 -0.000177344 6.719e-06  -0.000243322 -8.96743e-05 8.19654e-07  -4.44266e-07 -1.24231e-09 2.18839e-11  -5.43763e-07 1.0942e-07 8.43632e-11  -1.24917e-06 -2.01958e-06 1.97327e-08  -1.10479e-06 -1.0194e-06 1.38703e-08  0.000119601 0.000276538 8.57481e-07  1.33406e-08 -6.37355e-07 -5.43262e-10  0.000110435 0.000417095 1.06211e-05  -9.50572e-08 -1.28194e-06 2.22884e-08  1.97965e-08 -1.20119e-09 4.31456e-10  5.24057e-07 -9.32374e-08 -7.03845e-10  -1.50719e-06 -4.03921e-07 4.82281e-09  3.32128e-06 1.1587e-07 4.67284e-08  -2.49187e-07 3.57962e-07 3.57404e-10  -0.000408446 -0.000213538 1.27001e-05  -4.50794e-08 3.17268e-07 -6.95178e-11  -8.44239e-07 2.45969e-07 8.34195e-10  -7.81421e-07 3.07257e-07 6.00951e-10  -0.000393718 -0.000169357 9.68539e-06  2.19127e-06 1.83753e-06 5.33168e-09  6.65082e-08 4.55678e-08 4.90604e-11  8.10205e-07 -4.03401e-07 5.0229e-09  -3.55168e-07 2.94465e-07 3.86191e-11  -2.13195e-07 1.89563e-07 1.10356e-10  -1.2653e-07 -3.15852e-07 4.01961e-11  3.90118e-08 -3.35237e-08 -1.53898e-09  -1.30935e-06 3.80367e-07 2.70086e-09  7.44817e-07 4.11592e-07 -4.17331e-09  -6.06404e-07 3.35207e-07 2.13427e-10  1.12992e-06 0.000213758 4.53404e-07  2.63332e-05 0.000108368 4.30093e-07  -4.94448e-06 1.37742e-05 1.492e-07  -5.98613e-06 2.11974e-05 2.51969e-07  -0.000162587 0.000272838 2.84698e-06  0 0 0  0.000532773 0.000194514 1.00933e-05  4.738e-07 3.59749e-06 6.10721e-08  2.37846e-07 6.08132e-06 8.36918e-08  1.08478e-06 -9.57342e-07 1.03689e-08  -3.87243e-08 -6.81773e-07 -5.73196e-09  -5.35937e-07 1.157e-06 4.52188e-09  6.58674e-10 2.72829e-07 -4.72837e-10  3.39252e-08 -4.67719e-08 3.42125e-10  4.70311e-08 -1.11039e-07 8.32463e-11  -2.98228e-06 9.99892e-07 4.11337e-08  -2.2766e-06 4.28355e-06 9.09555e-08  5.30024e-05 -2.91275e-05 4.38e-07  1.95804e-07 -5.9578e-07 5.06892e-10  1.22336e-06 -5.7288e-07 2.54426e-08  -7.43736e-06 -5.04261e-05 3.68411e-07  -8.70108e-07 3.67881e-06 9.60331e-08  2.48897e-06 7.90591e-06 1.10587e-07  8.08472e-06 -8.00094e-07 1.50704e-07  -5.33328e-07 -1.77391e-06 5.68894e-09  -3.45216e-07 5.87522e-07 1.32806e-09  1.22544e-06 -9.65465e-07 1.68001e-08  -2.91765e-07 1.50392e-07 2.60669e-11  -1.46972e-06 1.50211e-07 1.45005e-08  4.20285e-07 -4.23321e-07 -4.74791e-10  -3.26018e-07 -4.01439e-10 1.69885e-10  0.00035841 0.000472539 5.16919e-06  5.22492e-07 1.9954e-07 -2.99047e-09  -6.87532e-07 -1.72839e-06 3.07062e-09  1.19599e-07 4.49792e-07 -3.80874e-09  -8.90756e-07 -4.24336e-07 6.15664e-09  -1.02443e-06 -8.34449e-07 9.6547e-09  4.5353e-07 -3.5982e-07 -3.88413e-09  1.89861e-06 -2.42702e-07 1.72977e-08  1.68778e-06 -6.96497e-07 1.43948e-08  3.03728e-06 2.07192e-05 2.16258e-07  3.17749e-07 -3.92301e-07 4.05512e-10  4.715e-07 -7.19681e-07 6.78465e-10  -5.20921e-07 -7.70336e-07 1.36768e-09  -3.04012e-06 5.63136e-06 1.04751e-07  1.94076e-06 5.56563e-05 3.79923e-07  -5.04751e-07 -1.34547e-07 5.76147e-10  -2.61056e-08 -5.08387e-07 -8.18927e-10  1.15095e-07 -6.23112e-07 2.9324e-09  -1.65463e-08 -9.63977e-07 -7.28556e-09  0.000629 0.000859693 1.98789e-06  0.000686641 0.000819281 -1.74635e-05  -4.61099e-07 2.42463e-07 1.1581e-10  -3.62607e-07 -4.06306e-07 3.17277e-10  -4.67321e-07 1.07368e-07 4.31543e-10  1.6323e-08 5.78144e-07 5.69206e-10  6.36201e-10 -8.56531e-08 3.55407e-10  5.57987e-07 5.56478e-08 -8.66982e-09  7.23853e-07 7.43413e-08 -9.88787e-09  5.54914e-07 3.07736e-07 9.94663e-09  -1.21895e-07 -1.61896e-06 6.21299e-09  9.98848e-08 6.47058e-07 8.50817e-09  -8.58723e-08 6.11002e-07 -3.72251e-09  -4.99444e-07 -1.79282e-08 1.37984e-09  -4.51838e-07 -3.46858e-08 2.55369e-10  -7.19733e-07 1.564e-07 -4.06466e-11  3.95362e-07 2.31328e-06 7.07502e-09  1.23737e-06 2.25915e-06 6.07456e-09  -3.81524e-06 1.11256e-06 5.79083e-08  -4.34487e-07 -2.09127e-06 9.90861e-09  2.33321e-07 2.931e-07 9.4661e-10  -1.91885e-07 -1.55984e-06 1.86335e-09  -2.18939e-07 -1.84199e-06 3.04074e-09  -4.83255e-07 -9.51775e-07 -6.71873e-09  -5.16588e-07 -6.21845e-07 -2.29671e-09  1.02667e-07 3.23652e-07 -9.14438e-11  -2.83942e-08 5.79306e-07 4.26006e-10  1.30493e-05 -1.14077e-06 1.47303e-07  -1.28771e-06 -8.40371e-07 2.19086e-08  -3.45923e-07 5.17986e-07 -6.3871e-09  -2.09003e-06 -8.12418e-07 4.12188e-08  -2.5779e-06 -1.6828e-06 5.10279e-08  7.42432e-07 -8.23883e-07 1.00723e-09  6.83044e-07 -2.69683e-07 -2.15038e-10  -4.85013e-07 -1.54507e-06 1.46921e-08  -6.8277e-07 -1.3153e-06 1.14622e-08  -0.000172658 2.81729e-06 2.42552e-06  -4.98955e-07 3.19584e-07 6.18572e-10  -9.07105e-08 -8.28896e-08 9.38861e-11  2.79078e-07 -1.4827e-07 -4.45836e-10  5.18743e-08 -9.03006e-07 7.57869e-10  -3.12537e-07 3.17021e-07 3.31358e-10  2.61861e-05 5.9177e-05 4.85631e-07  1.16007e-06 -3.35045e-08 1.40955e-09  -1.508e-05 3.72246e-06 2.07193e-07  8.96068e-07 1.7304e-06 7.34636e-09  2.43657e-06 3.01311e-07 1.3749e-08  -0.00021039 5.86749e-05 5.68643e-07  2.60328e-06 5.56707e-07 4.93245e-08  -8.28237e-08 4.97808e-07 1.08005e-09  2.55972e-07 -1.03445e-06 4.56004e-09  -2.75375e-07 3.9814e-07 7.35108e-09  -6.68742e-07 1.45608e-07 4.12015e-10  1.48535e-06 3.25668e-07 1.7574e-09  0.000615048 -0.000101227 1.79605e-05  -2.98135e-06 1.27693e-07 3.97496e-08  1.68438e-07 -1.0767e-06 1.08955e-09  0.00145 -0.00137582 -2.86539e-05  5.02493e-08 -3.81579e-08 -2.03549e-11  -3.79893e-08 -1.497e-07 1.70416e-10  7.86401e-07 -3.92845e-08 7.14898e-10  2.10619e-07 4.27833e-07 -4.54035e-09  2.10304e-05 1.46215e-05 2.9564e-07  2.78182e-05 1.12801e-05 2.93927e-07  -2.3526e-06 -2.82405e-06 3.32295e-08  -2.01842e-06 -2.08855e-06 3.15848e-08  5.5097e-07 4.25325e-07 -9.35171e-10  -2.92678e-07 -5.75041e-07 8.69812e-09  -5.78712e-07 -1.16267e-07 5.21496e-11  -8.61882e-07 -2.93044e-07 -2.45029e-11  1.2714e-06 -6.55118e-07 1.35856e-09  6.48877e-07 -4.4977e-07 8.18267e-10  8.05567e-07 -5.585e-07 5.83875e-10  -2.20353e-06 6.27054e-08 3.01883e-09  1.65829e-05 -1.94948e-05 2.3978e-07  0.000282309 -0.000150309 4.44101e-06  -2.10864e-06 -7.10735e-08 1.20952e-08  -8.17353e-07 -3.14959e-07 9.24077e-11  -5.46191e-05 0.000222032 5.65975e-06  7.72664e-07 4.78059e-07 1.06546e-09  -6.09267e-07 -2.8872e-07 6.73521e-10  -1.44215e-06 -1.14608e-07 2.59322e-09  9.13638e-07 4.23126e-07 8.59475e-10  -3.38798e-06 -4.9195e-07 5.81098e-08  -1.12496e-08 -3.27106e-07 1.50529e-10  -0.000114947 -7.55406e-05 2.03094e-06  -0.00010297 -0.000194059 -6.6433e-07  2.05059e-07 -8.19527e-08 6.47857e-10  9.20584e-07 7.97701e-08 1.75197e-09  0.00036379 0.000310381 7.92065e-06  -3.46618e-07 1.77896e-08 3.89156e-10  9.57199e-08 4.5346e-07 -5.4885e-11  -1.2618e-05 4.72453e-05 3.24955e-07  5.51868e-09 9.41278e-09 2.67482e-10  5.93526e-08 3.16665e-08 3.6283e-10  2.02711e-06 -8.44138e-07 3.12254e-08  3.63845e-05 1.15542e-06 3.54369e-07  9.07289e-05 1.1795e-05 5.05961e-07  8.49768e-05 3.10993e-05 6.91656e-07  -1.13041e-07 2.0661e-07 1.38136e-10  0.000147651 -0.000273792 -1.15764e-06  0.000116224 -0.000264979 6.25174e-06  -3.90596e-07 1.63198e-06 3.43439e-09  -5.11199e-06 -2.8588e-06 7.85844e-08  -1.1884e-07 7.49877e-08 1.22592e-10  -5.18895e-07 2.11288e-07 8.57117e-10  -1.71454e-07 2.09654e-06 6.73297e-09  -1.48164e-05 2.51072e-05 3.25163e-07  -7.42008e-05 -0.000101774 4.89915e-08  -1.46301e-07 1.61386e-07 -4.70854e-11  4.0315e-07 6.77608e-07 -4.83512e-09  1.67733e-06 -5.95078e-06 8.39911e-08  -1.77241e-09 1.34688e-09 3.28195e-10  -3.06572e-08 3.46674e-08 2.44774e-10  -1.64525e-06 6.6675e-07 1.35782e-09  0.000381461 -7.92733e-07 1.61557e-06  0.000192323 -5.09821e-05 6.52301e-07  -4.66923e-07 -6.87522e-08 1.2335e-10  1.58458e-07 -3.64804e-07 3.75341e-10  4.70997e-07 4.72024e-07 1.03036e-08  -3.46191e-05 -0.00030363 6.56567e-06  3.85821e-07 -2.15074e-07 4.69012e-09  1.00716e-05 -1.6894e-05 2.12296e-07  -0.000152362 -0.000262797 1.00282e-05  -1.40743e-06 -8.35615e-07 1.38666e-09  -7.94836e-07 -5.05993e-07 7.09896e-10  4.11085e-07 -3.51235e-07 -4.95421e-09  1.31885e-06 -3.66217e-08 1.91839e-08  1.87616e-06 -3.28324e-07 1.07692e-08  -1.33035e-07 2.12741e-07 1.86337e-10  -1.30956e-06 1.31422e-06 4.08861e-09  4.30302e-07 -6.56437e-07 -1.03862e-08  1.32369e-06 -7.09734e-07 1.4417e-08  4.73111e-07 2.32862e-06 3.62733e-09  -0.00107181 -0.000749916 -7.38425e-06  -5.21424e-08 1.87621e-07 1.26079e-10  -2.00459e-06 -2.93887e-07 5.05911e-08  1.83436e-07 -5.69298e-08 3.57891e-10  1.02372e-06 1.02256e-06 6.85553e-09  -1.13173e-06 1.89179e-06 3.99707e-08  -5.97233e-07 2.27741e-06 3.65478e-08  1.33507e-06 -4.76405e-06 7.80385e-08  2.36502e-05 -2.34579e-05 3.48419e-07  0.000154487 -0.000116491 8.09834e-07  -1.03159e-07 8.46353e-07 3.96012e-09  2.53364e-07 -3.09879e-07 4.22764e-10  7.93574e-06 -2.10816e-05 2.5226e-07  1.49203e-07 4.29065e-07 -5.66077e-09  1.10594e-06 1.23167e-06 8.88792e-09  -3.50265e-07 -9.5904e-07 9.13178e-10  1.00252e-07 -1.56279e-08 8.59513e-10  3.11129e-07 -9.71087e-07 7.29773e-10  -1.18363e-06 3.35334e-06 4.87697e-08  -4.00816e-07 3.78626e-06 5.22371e-08  -4.64248e-07 -1.21675e-06 1.7461e-09  -3.35949e-07 -4.23757e-08 2.47665e-10  7.20331e-07 -1.93774e-06 1.20737e-08  -0.000130567 -4.00273e-05 -1.45244e-06  -2.52666e-06 1.41962e-06 4.47587e-08  -1.80783e-07 3.66831e-07 -4.86465e-10  -1.0998e-07 4.20764e-07 4.16706e-10  2.37032e-08 -7.14372e-08 2.67857e-10  1.2463e-06 -1.57729e-06 3.19742e-08  2.17061e-07 5.33923e-07 7.45702e-09  6.7333e-08 5.12109e-07 -5.25234e-09  1.52096e-08 6.59975e-07 -1.51325e-10  4.11605e-07 1.91297e-06 1.89022e-08  7.93476e-08 1.44725e-07 1.91474e-10  2.42318e-08 1.30396e-07 2.64379e-10  -8.02644e-07 1.37725e-07 5.36938e-10  5.2821e-07 -4.50012e-07 -9.77193e-09  0.000163362 3.6464e-05 8.78882e-07  0.000132166 -4.81836e-05 9.68747e-07  2.10187e-07 -5.65214e-08 -1.90065e-09  2.20418e-07 -3.21276e-08 7.04442e-10  2.75442e-07 -1.38425e-08 2.44238e-09  4.68534e-07 -4.23496e-07 6.06841e-09  0.000186676 9.49685e-05 1.02982e-06  4.81796e-08 -1.21702e-06 1.71211e-08  -1.56461e-06 -0.000209501 -9.08573e-08  1.00585e-06 -2.06163e-07 1.07744e-09  2.47419e-06 5.54877e-07 4.14354e-08  4.4597e-06 -7.27064e-06 1.13254e-07  -8.13951e-06 -9.76251e-06 1.74062e-07  5.18371e-08 1.88622e-07 5.04691e-09  7.20029e-07 1.83543e-07 6.98114e-10  -3.18595e-06 3.46412e-06 3.47455e-08  -9.94809e-08 8.93588e-08 2.77044e-10  1.45224e-06 1.89323e-06 1.92725e-08  5.37946e-08 -1.4462e-07 4.26611e-10  -7.65718e-10 1.41025e-08 3.39557e-10  1.84354e-06 -7.60082e-07 8.00755e-09  4.78125e-07 3.27853e-07 5.27943e-09  -1.46369e-06 -9.6086e-07 1.77933e-09  7.74965e-06 -4.89232e-05 3.40554e-07  -3.89351e-05 3.19008e-05 4.8994e-07  -5.50788e-07 5.06791e-07 -3.78779e-09  2.0812e-06 9.69743e-07 3.73853e-08  9.93968e-08 2.21994e-06 4.22547e-08  3.2144e-07 6.29344e-07 -9.26667e-09  -1.89783e-06 -3.24189e-07 1.39901e-08  -9.03197e-08 -4.23602e-07 1.34062e-10  -4.28984e-07 -7.06185e-07 8.93981e-10  -1.41023e-06 -2.07932e-06 6.03141e-09  1.06957e-07 3.26772e-07 2.8174e-10  -1.13785e-06 4.01276e-07 1.60518e-09  -1.14606e-06 6.48418e-07 2.11255e-09  5.73384e-06 2.24344e-05 2.19759e-07  5.29164e-07 1.95123e-07 5.80851e-09  3.18388e-07 -2.09222e-07 2.22315e-09  -4.49554e-07 -7.52003e-07 7.33035e-11  -6.70831e-07 -5.43583e-07 1.06052e-10  5.27929e-07 -2.29909e-07 5.76794e-09  2.24981e-06 9.3504e-07 1.06722e-08  8.1172e-07 -1.52116e-06 2.90979e-09  1.17522e-06 -1.27246e-06 2.01291e-09  5.79863e-07 3.213e-07 -9.52093e-09  7.81217e-05 -6.0006e-05 5.24369e-07  -5.79369e-07 2.99355e-07 5.02032e-11  1.29335e-07 -1.30883e-06 1.79634e-09  2.15997e-07 -5.50245e-07 -2.33181e-10  -2.90732e-09 7.64296e-08 4.712e-10  1.26004e-06 -4.03685e-08 1.82945e-09  -0.000295881 0.000266753 9.39969e-06  -1.14675e-07 3.34684e-08 1.47462e-10  -5.11884e-07 2.90059e-07 3.44378e-10  -2.96245e-06 3.03877e-07 4.41599e-08  -1.04578e-06 -2.78864e-06 3.29261e-08  3.83475e-06 -1.49704e-06 6.86475e-08  -4.72071e-08 -7.97822e-08 2.04457e-10  1.41064e-06 -2.9268e-07 2.94886e-08  2.64539e-07 2.20918e-08 -8.10301e-10  2.65056e-07 7.07486e-08 6.5333e-10  -4.39457e-07 -1.1022e-08 -4.34835e-11  1.68104e-07 1.32606e-08 5.89752e-10  8.66573e-07 8.66412e-07 1.57122e-09  9.49356e-08 4.60072e-07 1.64641e-09  -1.01442e-07 -4.28235e-07 -2.28235e-09  0.000141734 -6.54101e-05 6.18496e-07  1.1252e-06 -2.72954e-06 4.35878e-08  -1.70565e-07 -5.10599e-07 6.02272e-10  -2.1432e-06 -2.5738e-05 2.3098e-07  -1.46565e-06 -1.10918e-08 1.70502e-09  -1.20902e-06 1.41787e-06 1.62108e-09  2.79149e-07 2.0966e-06 2.64232e-09  -1.63146e-07 -6.2066e-07 2.01953e-09  0.000111612 -1.7331e-05 5.89473e-07  6.53e-05 -8.21834e-06 5.20622e-07  9.76784e-07 -1.22095e-06 1.37388e-08  0.00100572 -0.000287426 -1.1099e-05  4.4477e-05 -9.30624e-05 4.84408e-07  7.97483e-07 -8.57313e-07 9.93927e-10  -2.67939e-06 2.41727e-06 3.97195e-08  1.9918e-06 1.52549e-06 1.10518e-08  -7.30719e-07 3.22007e-08 1.37203e-10  3.35941e-07 -1.20504e-06 1.7105e-09  -1.4457e-06 -7.7657e-07 1.88358e-08  -1.23026e-06 8.18497e-07 2.1272e-09  -2.58904e-07 7.51004e-07 3.8666e-09  -7.5446e-07 -2.01251e-07 9.48705e-10  -1.13692e-07 -2.4613e-07 3.2211e-11  -4.46678e-07 4.71262e-08 5.9179e-10  2.40603e-06 -2.56027e-05 2.07746e-07  2.70279e-07 4.44032e-07 3.30504e-10  1.02197e-06 -1.91013e-06 2.20033e-08  2.80589e-05 4.19475e-06 2.17141e-07  -1.257e-08 6.67277e-08 -2.11362e-12  5.72458e-07 -1.06799e-06 9.43968e-10  -1.91231e-06 1.63878e-06 1.30943e-08  5.91151e-07 3.99578e-08 -6.36334e-09  3.71017e-07 -2.74684e-06 1.32642e-08  -6.54209e-07 -5.61002e-07 9.22003e-10  
            </DataArray>
         </PointData> 
      </Piece>
   </UnstructuredGrid> 
</VTKFile>
