<?xml version="1.0"?>
<VTKFile type="UnstructuredGrid" version="0.1" byte_order="LittleEndian">
   <UnstructuredGrid>
      <Piece NumberOfPoints="1126" NumberOfCells="0" > 
         <Points> 
            <DataArray type="Float64" Name="Position" NumberOfComponents="3" format="ascii"> 
               -0.00460669  -0.00193719  0.048973  
               -0.00456781  -0.00200993  0.0494405  
               0.00160798  -0.00471205  0.037189  
               0.00200235  -0.00457186  0.0356426  
               -0.00139233  -0.00477747  0.0491934  
               -0.00220156  -0.00446538  0.0493789  
               0.00144515  -0.00476144  0.000519076  
               0.00055569  -0.00494527  0.0428234  
               -0.000726652  -0.00492843  0.0430252  
               -0.000329968  -0.0049675  0.0418745  
               0.00212629  0.00450561  0.0493708  
               0.0039017  -0.00308936  0.000931061  
               0.00492654  -0.000745812  0.000639472  
               0.00158607  0.0047187  0.00947666  
               0.00235331  0.00438427  0.0106703  
               0.00305025  0.00393379  0.00917739  
               -0.00328297  -0.00374281  0.0489824  
               0.00362748  -0.00342349  0.000621582  
               -2.70975e-05  0.00499733  0.0489422  
               0.000860549  0.00491524  0.0484703  
               -0.000320539  0.00496843  0.0474879  
               0.00465954  0.00178107  0.000747089  
               0.00446995  0.00219301  0.000660817  
               0.00277785  -0.00415735  0.0494309  
               -0.000541918  -0.00494663  0.0494155  
               -0.00471424  -0.00160076  0.0492902  
               0.00490393  -0.000975452  0.0493445  
               0.00282105  0.00412189  0.000766351  
               0.0031146  -0.00388099  0.0492498  
               0.00374281  -0.00328297  0.0493879  
               0.00346852  0.00359053  0.000640672  
               0.00402934  0.00293383  0.000826627  
               -0.0018087  -0.00465116  0.0485934  
               -0.00170791  0.00468174  0.000893579  
               -0.00218173  0.00447598  0.000661621  
               -0.00216439  0.00448525  0.00251426  
               0.00446538  -0.00220156  0.0493674  
               0.00281927  -0.00412336  0.0489452  
               0.00496479  0.000357461  0.00554857  
               0.00493509  0.000659086  0.00662799  
               0.00495694  -0.000437193  0.00686191  
               -0.0015826  -0.00471975  0.00106305  
               -0.000709477  -0.00493012  0.00153217  
               0.00345094  -0.00360496  0.0487281  
               0.00334747  -0.00368988  0.047679  
               0.00263182  -0.0042354  0.0482347  
               -0.00309965  0.00389326  0.0171823  
               -0.00382784  0.00317936  0.0175693  
               -0.00133353  0.0047953  0.000590372  
               0.00210912  0.00451479  0.00103012  
               0.00242218  0.00434746  0.000712353  
               -0.0031642  -0.00384028  0.00120854  
               -0.00241032  -0.0043538  0.000966192  
               0.00375506  0.00326804  0.00145335  
               0.00459897  0.00195164  0.00206904  
               0.00372093  0.00330962  0.00239369  
               0.00204124  0.00455107  0.000559948  
               0.00446995  0.00219301  0.00123799  
               -0.00465459  0.00179741  0.00292777  
               -0.00439295  0.00233707  0.00193126  
               -0.00470852  0.0016196  0.00198529  
               0.00118389  -0.0048407  0.0494153  
               -0.00177342  0.00466186  0.0491404  
               -0.00200909  -0.00456826  0.000644285  
               0.00496893  -0.000315496  0.00098358  
               0.00498864  0.000115337  0.000617708  
               -0.00491673  0.000845485  0.0382039  
               -0.00490619  -0.000952446  0.0378922  
               -0.00496255  -0.000380251  0.0369558  
               0.00313435  0.00386477  0.000986872  
               -0.000592085  -0.00494168  0.0168272  
               -0.00031728  -0.00496875  0.0155755  
               -0.0031642  -0.00384028  0.000558407  
               -0.00280948  -0.00413139  0.000646067  
               -0.00329239  0.00373508  0.0494205  
               0.00498207  0.000182048  0.00184135  
               -0.00115057  -0.0048508  0.000589541  
               -0.000268126  -0.00497359  0.0312726  
               0.000865782  -0.00491473  0.0316316  
               0.00308673  -0.00390386  0.0408176  
               0.00387264  -0.00312477  0.0414405  
               -0.000709477  -0.00493012  0.000799284  
               0.00181565  -0.00464905  0.0486639  
               0.00118389  -0.0048407  0.0489248  
               -0.000302776  -0.00497018  0.000577366  
               0.00357428  0.00348833  0.04829  
               0.00359097  0.00346798  0.0473824  
               0.00477133  -0.00141256  0.0492505  
               0.00465116  -0.0018087  0.0494652  
               -0.000471224  0.00495359  0.0493952  
               0.0019825  -0.00458247  0.0221109  
               0.00317204  -0.00383385  0.0228372  
               -0.00439147  -0.00233984  0.0305348  
               0.00206269  0.00453961  0.016277  
               0.00276219  0.00416572  0.0150202  
               0.00307496  0.00391352  0.0163742  
               0.00385489  0.0031464  0.0490609  
               -0.00435937  0.0023999  0.0186585  
               -0.00442263  0.00228154  0.0200365  
               -0.00486287  0.00111078  0.0191247  
               -0.00134589  0.00479156  0.049395  
               -0.00494207  0.000588188  0.049335  
               0.00103133  -0.00488698  0.00365727  
               0.00254311  -0.00428282  0.00362288  
               0.0018011  -0.00465347  0.00304545  
               0.00462706  0.00188815  0.0142772  
               0.00490868  0.000927155  0.0132928  
               -0.0046053  0.0019398  0.0490015  
               -0.0046053  0.0019398  0.0494491  
               0.00484535  -0.00116854  0.00133133  
               -0.00458211  -0.00198317  0.0010801  
               0.00289487  0.00406131  0.0493716  
               0.00467538  -0.00172887  0.00378754  
               0.00417103  -0.00275225  0.00202276  
               0.00405424  -0.00290349  0.00362402  
               -0.00493563  -0.000653604  0.000832155  
               -0.00348843  -0.00357419  0.000728813  
               -0.00437404  -0.00237244  0.0472217  
               -0.000541918  -0.00494663  0.0489253  
               0.000325151  -0.00496798  0.0491569  
               -0.00294623  -0.00401917  0.0493798  
               -0.00360496  -0.00345094  0.0494293  
               -0.00389297  0.0031  0.000579026  
               -0.0032683  0.00375485  0.000576398  
               -0.00360435  0.00345168  0.000731285  
               0.00457846  -0.00199001  0.000574555  
               0.00417103  -0.00275225  0.000621103  
               0.000860549  0.00491524  0.049202  
               -0.00152331  0.00473774  0.00335005  
               -0.00160522  0.00471289  0.00473283  
               -0.000806583  0.00492056  0.00403441  
               0.00239643  -0.00436122  0.0232657  
               0.00339592  -0.00365011  0.0238269  
               -0.00315359  0.00384899  0.00830286  
               -0.00291931  0.00404125  0.00692363  
               -0.00191497  0.00461857  0.0071687  
               0.00297872  -0.0039925  0.000825007  
               0.00437494  -0.00237077  0.00108321  
               0.0018581  -0.00463618  0.000619668  
               0.00144515  -0.00476144  0.000926498  
               -0.00138183  -0.00478065  0.00669094  
               0.00122412  0.00482849  0.00156352  
               0.00494871  -0.000520792  0.0492639  
               0.000875595  -0.00491376  0.00130593  
               0.0018581  -0.00463618  0.00194485  
               0.000603286  -0.00494058  0.000660413  
               -0.00294591  0.00401942  0.0492406  
               -0.00492481  0.000763448  0.000801445  
               -0.00478488  0.00136791  0.000685958  
               0.00471124  0.00161066  0.0490532  
               0.00455949  0.0020255  0.0493706  
               0.00241955  0.00434886  0.00489836  
               0.0025034  0.00430405  0.00345401  
               0.0031931  0.00381656  0.0037968  
               0.00401917  -0.00294623  0.0490989  
               -0.000915408  0.00490984  0.0491406  
               -0.000645703  -0.0049364  0.00251569  
               0.000860585  -0.00491524  0.00246484  
               0.00332445  -0.00370876  0.0383299  
               -0.000849478  -0.00491633  0.0472765  
               0.00331297  -0.00371819  0.00144961  
               0.00382785  -0.00317935  0.0467244  
               -0.00147564  -0.00475219  0.00568086  
               0.00477841  0.00138923  0.000960172  
               0.00466416  0.00176587  0.00121653  
               0.00129203  0.00480789  0.0494137  
               0.00171818  0.00467862  0.0489434  
               -0.00091689  0.00490969  0.00051962  
               -0.00493027  -0.00070803  0.0490194  
               -0.00471424  -0.00160076  0.0486558  
               0.00441891  0.00228851  0.0469543  
               0.00462299  0.00190157  0.0480705  
               0.0048885  0.00102629  0.0467781  
               -0.00258575  -0.00426003  0.0490711  
               0.000373196  0.00496324  0.000559487  
               -5.70684e-05  0.00499438  0.000712726  
               0.000297996  0.00497065  0.00103067  
               0.00262539  -0.00423884  0.000587789  
               -0.00495619  0.000444845  0.0116668  
               -0.00490947  -0.000919187  0.0115808  
               -0.00496542  0.000351071  0.0129559  
               0.0027707  -0.00416117  0.00957373  
               0.00257259  -0.00426706  0.0106679  
               -0.00499225  7.87121e-05  0.00110401  
               -0.00460335  0.00194344  0.047883  
               0.00301323  0.00396418  0.0466006  
               -0.00332702  0.00370665  0.0256473  
               -0.00285015  0.00409801  0.0246867  
               -0.00096725  -0.00490473  0.0131268  
               -0.00231659  -0.0044039  0.0129125  
               0.00436277  -0.00239352  0.0324924  
               0.0016379  0.00470298  0.000874665  
               0.00491243  0.000889072  0.0477575  
               -0.00459067  0.00196716  0.00104357  
               0.00483697  0.00119618  0.00170021  
               0.00494627  0.00054548  0.000919325  
               -0.00426307  0.00258005  0.0302056  
               -0.00356471  0.00349998  0.0315334  
               -0.00497969  0.000206226  0.0489112  
               -0.00494207  0.000588188  0.0479497  
               -0.00302921  0.00395106  0.0428455  
               0.00495057  -0.000501827  0.0487881  
               0.00490393  -0.000975452  0.0487715  
               0.00471987  -0.00158219  0.000774727  
               -0.00362087  0.00343155  0.0494498  
               -0.00228905  -0.00441862  0.00424504  
               -0.0015826  -0.00471975  0.00273184  
               -0.000900222  -0.00491134  0.00363452  
               0.00454505  -0.00205252  0.0411614  
               0.0048193  -0.00125444  0.0401778  
               0.00455975  -0.00202501  0.0392656  
               0.00122412  0.00482849  0.000602455  
               0.0040323  -0.00293023  0.0332894  
               0.00453236  -0.00207624  0.0335201  
               0.00482022  -0.00125138  0.0458763  
               0.00499808  1.95244e-05  0.045295  
               0.004858  -0.00112684  0.0443596  
               0.00421134  -0.00267683  0.0243275  
               0.000289553  0.00497148  0.00385996  
               0.00196206  0.0045934  0.0470062  
               0.00289487  0.00406131  0.0482934  
               0.00251873  0.00429585  0.0490596  
               0.00124047  -0.00482353  0.0481088  
               0.00200993  -0.00456781  0.049328  
               -0.00257441  0.00426609  0.0487159  
               -0.00234982  0.00438614  0.0471137  
               -0.00134589  0.00479156  0.0484794  
               -0.00484235  0.00117845  0.00134909  
               -0.0043627  -0.00239366  0.0490104  
               -0.0031449  0.00385612  0.00938227  
               -0.00362814  0.00342269  0.0102447  
               -0.00390128  0.00308988  0.0093047  
               -0.00332028  -0.00371219  0.0310328  
               -0.00210252  -0.00451832  0.0322683  
               -0.00189307  -0.00462557  0.0309241  
               -0.00474136  0.00151137  0.04939  
               -0.00176917  -0.00466316  0.0138002  
               0.000417233  0.00495891  0.0494131  
               0.00187926  0.00462976  0.00167426  
               0.00145379  0.00475883  0.00225138  
               0.0048283  0.00122475  0.0493796  
               0.00323809  0.00377964  0.0490595  
               -0.00427951  -0.0025493  0.0459901  
               0.00465116  -0.0018087  0.0490358  
               -0.00474225  0.00150841  0.00836831  
               0.00435081  0.00241591  0.0489187  
               0.0041362  0.00280362  0.0493723  
               0.00200993  -0.00456781  0.0479998  
               0.00462908  -0.0018815  0.0475827  
               0.00470702  -0.00162458  0.0481034  
               0.00483699  -0.0011961  0.0477954  
               0.00385489  0.0031464  0.049477  
               0.00342822  0.00362361  0.0436348  
               0.00404777  0.00291138  0.0445795  
               0.00392394  0.00306226  0.0457276  
               0.0039017  -0.00308936  0.000521064  
               -0.00496807  -0.000324195  0.0493771  
               0.0041362  0.00280362  0.0479846  
               -0.00220156  -0.00446538  0.0469429  
               -0.00442985  0.00226804  0.00963771  
               -0.00486882  0.00109119  0.0105134  
               -0.00438214  0.0023573  0.0108464  
               -0.00258575  -0.00426003  0.049481  
               -0.00418035  -0.00273481  0.0394671  
               -0.0045236  -0.00209264  0.041254  
               -4.0336e-05  -0.00499603  0.00174019  
               0.00155261  -0.00472885  0.0113523  
               -0.00182918  0.00464495  0.0358232  
               -0.00209369  -0.00452304  0.00189744  
               0.00395503  0.00302438  0.0418706  
               0.00445656  0.00221806  0.0411219  
               0.00357351  0.00348927  0.0493721  
               -0.00439295  0.00233707  0.000639557  
               -0.00417664  0.00274176  0.000527436  
               -0.00475979  0.00145062  0.0462851  
               -0.00498468  -0.000155563  0.0471633  
               -0.00425777  -0.00258998  0.000755944  
               -0.00389718  -0.00309487  0.00108632  
               -0.00427486  -0.00255799  0.00157127  
               0.00258965  -0.00425794  0.0025406  
               0.00490396  0.000975104  0.000617259  
               -0.00486013  0.00111982  0.0490714  
               -0.0049151  0.000862  0.00196025  
               -0.00389297  0.0031  0.00360185  
               -0.00492418  0.000769846  0.044976  
               -0.00316208  -0.00384202  0.0144819  
               -0.00381835  -0.00319092  0.0140847  
               -0.00341081  -0.00363789  0.0154353  
               -0.00388099  -0.0031146  0.0485558  
               0.000803405  0.00492087  0.000874252  
               4.28867e-05  -0.00499578  0.0363621  
               0.00105282  -0.00488046  0.000722787  
               -0.00290687  0.00405147  0.0306249  
               0.00446288  0.00220624  0.0160652  
               0.00431474  0.00248339  0.0150426  
               0.00477841  0.00138923  0.000534007  
               -0.00241032  -0.0043538  0.000537489  
               -0.00271595  0.00419044  0.0331452  
               0.000538396  -0.00494697  0.0473781  
               0.00021372  -0.00497895  0.00108404  
               -0.0049455  0.000553334  0.00737865  
               -0.00493137  -0.000696779  0.00767567  
               0.00410441  0.00284235  0.0296435  
               0.00347252  0.00358725  0.0298909  
               0.00415066  0.002786  0.0307516  
               0.00417692  -0.00274123  0.017341  
               0.00361713  -0.00343611  0.0168422  
               0.00381218  -0.00319844  0.0181794  
               -0.00291931  0.00404125  0.00080145  
               -0.00418188  0.00273195  0.0493135  
               -0.00389035  0.00310318  0.0492262  
               -0.00134589  0.00479156  0.0469927  
               0.00323378  0.00378318  0.0337014  
               0.00404653  0.00291289  0.0339496  
               0.00433909  0.00243784  0.034903  
               0.00462694  0.00188856  0.0359453  
               0.00242218  0.00434746  0.00134788  
               0.00151124  0.0047414  0.0272731  
               0.00455399  0.00203578  0.0458139  
               0.00483269  0.0012103  0.0443319  
               -0.00343053  -0.00362171  0.0482725  
               -0.00366465  -0.00337821  0.0472791  
               -0.00298432  -0.0039879  0.0477953  
               -0.00236447  0.00437831  0.0460065  
               -0.00274216  0.00417642  0.0443464  
               -0.00415735  -0.00277785  0.0494292  
               0.00088075  -0.00491325  0.0162229  
               0.000947886  0.00490664  0.020251  
               -0.00383633  0.00316901  0.00245724  
               -0.00133353  0.0047953  0.00168248  
               0.00458315  -0.00198123  0.00709132  
               0.00481417  -0.00127133  0.00592485  
               -0.0006065  -0.00494026  0.0386546  
               -0.000513945  -0.00494938  0.0396567  
               0.00496601  -0.00034509  0.0171083  
               -0.00388099  -0.0031146  0.0492428  
               0.00224434  -0.00444252  0.00104704  
               0.00499116  8.97942e-05  0.0483349  
               -0.00129662  -0.0048065  0.0175232  
               -0.00223214  -0.00444904  0.016779  
               -0.00128418  -0.00481027  0.0160161  
               0.00144964  -0.00476008  0.046665  
               -0.000497353  0.00495101  0.00307581  
               -0.000990233  0.00489944  0.00242109  
               -0.00317259  0.00383339  0.0485408  
               0.00418566  0.00272489  0.0258044  
               0.00453507  0.00207119  0.0249786  
               -0.00254215  0.00428333  0.00138348  
               -0.00417664  0.00274176  0.000942246  
               -0.00383446  0.0031713  0.00105926  
               0.0049292  0.000718823  0.0493197  
               -0.00418188  0.00273195  0.0487067  
               -0.00165578  0.00469755  0.0450367  
               -0.0013338  0.00479522  0.0434398  
               -0.00444045  -0.0022482  0.0244864  
               -0.00415415  -0.00278175  0.0236768  
               0.00248903  0.00431173  0.0331426  
               0.00157  0.00472357  0.0331908  
               0.00218884  0.00447218  0.0340916  
               0.00269167  0.00420341  0.0371015  
               0.00283485  0.00411057  0.0381836  
               0.00355578  0.00351086  0.0376173  
               0.00479398  -0.00133789  0.0234308  
               0.00499987  1.30523e-06  0.0231523  
               0.00426003  -0.00258575  0.048376  
               0.00416377  -0.00276583  0.0474769  
               0.00449125  -0.00215317  0.0480831  
               0.00239366  -0.0043627  0.0489272  
               -0.00091689  0.00490969  0.000927513  
               -0.00420542  -0.00268792  0.0484073  
               -0.00401947  0.00294585  0.021869  
               -0.00304379  0.0039391  0.0209119  
               -0.00274958  0.00417246  0.0221883  
               0.00273508  0.00418021  0.00182876  
               0.00282442  0.00411913  0.00124104  
               -0.00217951  0.00447717  0.049395  
               0.00264061  0.0042307  0.0455914  
               -2.56631e-05  -0.00499747  0.0233609  
               0.00085216  -0.00491607  0.0226743  
               0.000905026  -0.00491086  0.0238552  
               -0.000661252  0.00493487  0.00166959  
               0.00384666  -0.00315643  0.0046434  
               0.00390874  -0.00308078  0.00566597  
               0.00320808  -0.00380427  0.00524606  
               -0.00362087  0.00343155  0.0490027  
               -0.00364272  -0.00340492  0.0125703  
               -0.00430661  -0.00249859  0.0133265  
               0.00468771  0.00168823  0.0341704  
               -0.00109526  -0.00486758  0.0270601  
               0.000608526  -0.00494007  0.0277203  
               -0.000579528  -0.00494292  0.0282045  
               -0.00465094  -0.00180944  0.0275069  
               -0.00470527  -0.00163033  0.0254095  
               -0.00492099  -0.00080225  0.0272295  
               -0.00317249  0.00383347  0.0475661  
               0.0043982  -0.00232724  0.0295262  
               0.00470938  -0.00161679  0.0304448  
               0.00402267  -0.00294196  0.0396826  
               -0.000292531  -0.00497119  0.00108357  
               -0.00206734  0.00453713  0.0426934  
               -0.00251221  0.00429934  0.00428689  
               -0.00389533  0.00309713  0.00480689  
               -0.0010628  0.00487743  0.0299494  
               -0.00199157  0.00457763  0.0309152  
               0.00421184  -0.00267591  0.0126239  
               0.0033328  -0.00370191  0.0115638  
               -0.0040174  0.00294838  0.00174273  
               0.000543035  -0.00494652  0.017454  
               -0.00375062  0.00327345  0.0481159  
               0.000325151  -0.00496798  0.0483762  
               -0.00468912  -0.00168359  0.0021757  
               -0.00493929  -0.000616405  0.00185935  
               0.00326432  0.00375811  0.0184676  
               0.0021414  0.00449754  0.0187265  
               0.00271537  0.00419074  0.0176614  
               0.00498927  -0.000108907  0.0490543  
               -0.00275673  -0.00416864  0.0363584  
               0.00473642  0.00152765  0.0369051  
               0.00441334  0.00229892  0.0375086  
               0.00492089  0.00080319  0.0391848  
               0.0049954  -4.67415e-05  0.0403112  
               0.00291044  0.00404853  0.0351759  
               -0.00377174  -0.00324772  0.0419357  
               -0.00367249  -0.00336865  0.0406011  
               -0.00256809  -0.00426947  0.0422023  
               0.00115397  -0.00484977  0.0193198  
               0.00149459  -0.00474645  0.0183118  
               -0.000410696  0.00495955  0.00103067  
               -0.00381837  0.0031909  0.0470964  
               -0.00314558  0.00385556  0.0465921  
               -0.00467669  0.00172454  0.0221205  
               -0.00490756  0.000938585  0.0212418  
               0.00324845  0.00377113  0.00480862  
               -0.00367074  0.00337079  0.0283976  
               -0.0028509  0.00409739  0.0284768  
               -0.00406721  0.00288769  0.0477336  
               -0.0043136  0.00248553  0.0481492  
               -0.00347768  -0.00358301  0.00355674  
               -0.0031642  -0.00384028  0.00475288  
               -0.000487432  0.00495199  0.000560129  
               0.00498426  0.000159765  0.0363883  
               0.0044274  -0.00227261  0.0488114  
               -0.00214877  0.0044936  0.0267785  
               -0.00325816  0.00376317  0.00111545  
               0.00384365  -0.0031601  0.0290539  
               0.000593949  0.0049415  0.0374722  
               0.000934891  0.00490792  0.0390462  
               0.00313659  -0.00386294  0.0395491  
               0.00216488  -0.00448499  0.0410838  
               -0.00475187  -0.0014767  0.039834  
               0.00488792  -0.0010282  0.0163588  
               -0.00262827  -0.0042373  0.00288917  
               0.00256848  0.00426926  0.00239571  
               -0.00462421  0.00189754  0.0484787  
               -0.00351821  -0.00354975  0.0214102  
               -0.00390285  -0.00308796  0.0227552  
               -0.00231996  -0.0044021  0.00661043  
               -0.00325141  -0.00376871  0.00583356  
               -0.000818776  0.00491936  0.0457579  
               -0.00481411  -0.00127153  0.0198654  
               -0.00494811  -0.000526868  0.0192139  
               -0.00474746  -0.00149125  0.0188355  
               -0.00498983  0.000103292  0.00347803  
               0.00209756  0.00452097  0.0287436  
               0.00158408  0.0047193  0.0296539  
               0.000380794  0.0049625  0.0282379  
               0.00258462  -0.00426063  0.0472198  
               -0.00496244  -0.000381345  0.0419094  
               -0.00494166  0.000592286  0.04134  
               -0.00482117  0.00124825  0.0473135  
               -0.00447812  0.00217772  0.00754074  
               0.00488598  0.00103461  0.015211  
               0.00417294  -0.00274869  0.0155329  
               0.00357577  -0.00348651  0.0158451  
               0.0049292  0.000718823  0.0487318  
               0.00496078  0.000398188  0.0329193  
               0.00366252  0.0033808  0.0361382  
               -0.00304124  -0.00394119  0.0389535  
               -0.00169626  -0.00468527  0.0432756  
               0.00346813  -0.00359085  0.0144567  
               0.00139306  0.00477725  0.00391761  
               6.60707e-05  -0.00499349  0.0130876  
               -0.000786279  -0.00492256  0.0141487  
               0.00298635  -0.00398624  0.0350338  
               0.00246156  0.00432641  0.0274526  
               0.00310581  0.0038882  0.0283102  
               0.00367346  0.00336746  0.0274052  
               -0.00470705  -0.00162448  0.0460732  
               -0.00427688  0.00255423  0.0464367  
               0.00240096  0.0043588  0.0130031  
               0.00251873  0.00429585  0.0494761  
               -0.00233412  0.00439453  0.0386794  
               -0.00362549  0.00342593  0.0384836  
               -0.00297403  0.00399635  0.0375265  
               -0.000435419  -0.00495711  0.020076  
               -0.00490504  -0.000964194  0.0326201  
               -0.00479356  -0.00133929  0.0314339  
               -0.00312367  -0.00387354  0.0223524  
               -0.00165654  -0.00469732  0.0220662  
               -0.00254171  -0.00428357  0.0215515  
               0.00335707  -0.003682  0.0455597  
               0.00286185  0.00408841  0.00771134  
               0.00176021  0.00466587  0.0176444  
               0.00476638  -0.00142887  0.048777  
               0.00463972  -0.00184642  0.0485416  
               -0.00363692  -0.00341199  0.0489461  
               0.00442977  0.00226818  0.0429977  
               -0.00491786  -0.00083402  0.0229013  
               -0.00472137  -0.00157725  0.0237842  
               0.000551453  0.00494569  0.0016737  
               -0.000962718  0.00490518  0.036271  
               -0.0006815  0.00493288  0.0347988  
               0.0049723  0.000281255  0.0492639  
               0.00498927  -0.000108907  0.0494735  
               0.00430166  0.00250786  0.00389799  
               0.00271781  0.00418944  0.0250095  
               0.00341562  0.00363394  0.0121892  
               0.00390573  0.00308445  0.0111877  
               0.00328612  0.00374022  0.0309202  
               0.00243863  0.00433866  0.0307171  
               -0.00478923  -0.00135357  0.0134323  
               -0.00494476  -0.000560834  0.0140378  
               -0.00393962  -0.00304315  0.0478472  
               0.00478389  -0.00137116  0.0294429  
               -0.00494107  0.000598377  0.00490682  
               -0.00469788  0.00165469  0.00452819  
               -0.00388149  0.00311399  0.022857  
               0.00401082  0.00295639  0.00705658  
               0.00362499  0.00342653  0.0388543  
               -0.00361455  -0.00343925  0.0106794  
               0.00490396  0.000975104  0.00243164  
               0.00496238  -0.000381937  0.00342949  
               0.00467911  0.00171657  0.028936  
               0.00499153  8.59849e-05  0.0283505  
               0.00481411  0.00127155  0.0277498  
               0.000253138  0.00497507  0.029735  
               -0.00230638  0.00440936  0.0100023  
               -0.00199814  -0.00457411  0.0356532  
               -0.0022276  -0.00445146  0.037295  
               -0.002772  -0.00416048  0.0111892  
               0.000253331  -0.00497505  0.0141121  
               -5.67795e-05  0.00499441  0.00208381  
               -0.0046313  0.00187418  0.0146973  
               -0.00431378  0.0024852  0.015553  
               -0.00491754  -0.000837263  0.0480025  
               0.00492152  -0.000796809  0.0352554  
               -0.00360435  0.00345168  0.00138724  
               -0.0030945  0.00389748  0.0020127  
               0.00342598  0.00362544  0.0102595  
               0.00294412  -0.0040209  0.036698  
               0.00189259  -0.00462571  0.0422137  
               0.000972787  -0.00490419  0.0415452  
               0.000675468  -0.00493347  0.0354475  
               0.000134925  -0.00498671  0.0341691  
               -0.000653489  -0.00493564  0.0350434  
               -0.00263202  0.00423529  0.0295811  
               -0.00127649  0.00481261  0.0282992  
               0.00390872  0.00308081  0.00831475  
               0.00494627  0.00054548  0.000515898  
               -0.000109763  0.00498919  0.00650299  
               -0.00338135  -0.00366207  0.0337341  
               0.00487007  0.00108705  0.0250923  
               -0.00152525  -0.00473715  0.03427  
               -0.0044117  0.00230199  0.048737  
               -0.00440469  0.00231511  0.0492253  
               0.00499544  4.62911e-05  0.014044  
               0.00472115  0.001578  0.0307672  
               0.00473973  0.00151675  0.0325257  
               0.00495884  0.000417894  0.0317132  
               0.0045076  -0.00212258  0.0284444  
               0.00484801  -0.00115979  0.0279859  
               0.00476778  -0.00142428  0.0326804  
               0.00494805  -0.000527436  0.0340286  
               0.00474202  -0.00150919  0.0344044  
               -0.00140292  0.00477426  0.020774  
               -0.000414604  0.00495917  0.0213213  
               0.000240767  0.00497629  0.0462368  
               0.000691939  -0.00493185  0.00797838  
               0.000876019  -0.00491372  0.00598035  
               0.00187927  -0.00462976  0.00748897  
               0.00189547  0.00462484  0.00296056  
               0.00390116  0.00309002  0.0286881  
               -0.00324079  0.00377742  0.00309918  
               -0.00394857  -0.00303225  0.00544341  
               -0.00399898  -0.00297082  0.0043845  
               -0.0035841  0.00347636  0.0357297  
               -5.16771e-05  0.00499491  0.0196315  
               -0.00442354  -0.00227984  0.0224686  
               0.00292131  0.00403961  0.00657464  
               -0.00475504  0.00146628  0.0482097  
               -0.00411828  0.00282546  0.0276076  
               -0.00269425  -0.00420203  0.0258898  
               -0.00165183  -0.00469875  0.011469  
               -0.00210212  -0.00451853  0.00955846  
               -0.000399729  0.00496063  0.024761  
               -0.00184312  0.00464072  0.0257142  
               -0.000808351  0.00492038  0.0266185  
               -0.00412592  -0.00281614  0.0489427  
               0.00473301  0.00153889  0.00747036  
               -0.00482907  -0.00122222  0.0470564  
               -0.00355216  -0.00351528  0.0259351  
               -0.00303358  -0.00394747  0.0268034  
               0.00473083  -0.00154607  0.0253137  
               0.00491626  -0.000850193  0.0244972  
               -0.00490892  -0.000924706  0.0448222  
               0.00268695  0.00420594  0.0227585  
               0.00462641  0.00189032  0.00470019  
               0.00490664  0.000947913  0.004057  
               -0.00438042  0.00236052  0.0136352  
               -0.00341431  0.00363502  0.0152379  
               -0.00374762  0.0032771  0.0131888  
               -0.00197799  0.00458488  0.024401  
               -8.85391e-05  -0.00499128  0.00707179  
               0.00323809  0.00377964  0.0494762  
               -0.00367698  -0.00336318  0.024853  
               -0.00176425  0.00466465  0.019602  
               0.00486545  0.0011023  0.0298066  
               0.00497724  -0.000231046  0.0296987  
               0.00336226  0.00367774  0.0134459  
               -0.00498456  0.000156717  0.0153718  
               -5.70684e-05  0.00499438  0.00134861  
               -0.00297383  -0.00399652  0.0300175  
               -0.00377112  -0.00324847  0.0298266  
               -0.00437304  0.00237433  0.0475385  
               -0.00348843  -0.00357419  0.00229379  
               0.00417017  0.00275386  0.0221469  
               0.00471194  0.00160834  0.0220196  
               -0.00434426  0.00242816  0.00569531  
               -0.00437109  0.00237796  0.0233491  
               0.00246454  -0.00432482  0.011726  
               0.00178312  -0.00465892  0.00941678  
               -0.00166795  0.00469386  0.0218847  
               0.0041737  -0.00274726  0.0431473  
               0.00338143  -0.003662  0.0427194  
               -0.00245456  0.00433015  0.00883381  
               -0.00209985  -0.00451975  0.0151714  
               -0.000532671  0.00494754  0.0290671  
               0.00154409  0.00473143  0.0372383  
               0.00203304  0.00455546  0.0388986  
               -0.0049488  0.000519824  0.0270966  
               0.00422406  -0.00265305  0.0144484  
               0.00468677  -0.00169133  0.0142275  
               0.00470072  -0.00164534  0.0130746  
               -0.00471946  -0.00158355  0.0357152  
               0.00237538  0.00437247  0.0416769  
               0.00119712  0.00483668  0.0409561  
               0.00133664  0.00479436  0.0459485  
               0.00287528  0.00407739  0.0265175  
               0.001919  0.00461641  0.0257593  
               -0.00487014  -0.00108683  0.00444678  
               -0.00493032  -0.000707477  0.00561854  
               -0.00113124  -0.00485667  0.00913082  
               -0.00474441  0.00150132  0.0115137  
               0.00494303  0.000578404  0.0426502  
               -0.00431638  0.00248032  0.00858232  
               0.00497701  -0.000233416  0.0464976  
               0.00475274  -0.00147384  0.019686  
               0.00276898  -0.00416209  0.0260834  
               0.00210596  -0.00451648  0.0267439  
               0.00395299  0.00302687  0.00475787  
               0.00375506  0.00326804  0.00333402  
               0.00437258  0.00237519  0.00280041  
               0.000873633  0.00491395  0.034049  
               -0.00321649  -0.00379737  0.00733851  
               0.000693589  0.00493169  0.00735023  
               -0.00495306  -0.000476614  0.0388149  
               -0.00496602  0.000345041  0.0399731  
               -0.00490412  0.000973469  0.0391951  
               0.00313435  0.00386477  0.000545829  
               -0.00319481  -0.00381516  0.00871657  
               -0.00419884  -0.00270023  0.00850667  
               0.00193489  -0.00460792  0.0456979  
               0.00150837  -0.00474227  0.0442183  
               -0.000399718  0.00496063  0.0444548  
               -0.0022165  0.00445739  0.0405656  
               0.00392385  0.00306237  0.0171378  
               0.00378268  0.00323439  0.0161585  
               0.00391243  0.00307629  0.0198951  
               0.0044698  0.00219329  0.0190729  
               -0.00105597  0.0048795  0.00806006  
               -0.000455396  0.00495515  0.00524265  
               -0.000293801  0.00497106  0.0123745  
               -0.000524419  0.00494835  0.0135572  
               -0.00478991  0.00135132  0.00937447  
               0.000791455  0.00492205  0.00500367  
               0.000104135  0.00498974  0.0101562  
               -0.00121126  0.00483239  0.00987814  
               0.00109011  0.00486915  0.00287293  
               0.00414879  -0.00278828  0.031106  
               -0.00480207  0.00131124  0.0201046  
               0.00412129  -0.00282179  0.021363  
               0.003493  -0.00357044  0.0216155  
               0.00414976  -0.00278709  0.0227818  
               0.000163119  -0.00498393  0.0302864  
               0.0033368  -0.00369863  0.00640606  
               0.00354315  -0.00352626  0.0075243  
               0.00276302  -0.00416528  0.0076154  
               -0.00478223  -0.00137665  0.0146099  
               0.00497306  0.0002735  0.0488097  
               -0.00180229  -0.00465311  0.041666  
               6.06468e-05  -0.00499403  0.00440008  
               0.00111388  -0.00486194  0.00478209  
               -0.00430386  -0.00250374  0.0350426  
               0.00493349  -0.000675334  0.0307698  
               0.00498927  -0.000108907  0.0475163  
               0.00492904  -0.000720492  0.0473997  
               -0.00447543  0.00218276  0.0124523  
               0.00402864  -0.00293469  0.00686129  
               -0.00459316  0.00196251  0.0375079  
               -0.000754099  -0.00492573  0.0294497  
               -0.00497316  0.000272543  0.00593359  
               -0.00492352  -0.000776553  0.00664651  
               -0.00262125  -0.00424106  0.0435619  
               0.00492983  -0.00071244  0.0480252  
               0.000834172  0.00491784  0.0218591  
               -0.00425855  -0.00258851  0.0112183  
               -0.00462887  -0.00188218  0.0125352  
               0.00467916  0.00171641  0.0240054  
               -0.00218161  -0.00447605  0.0269003  
               -0.003338  -0.00369764  0.0278138  
               -0.00298854  0.00398444  0.0398198  
               -0.00446039  -0.0022109  0.0482779  
               -0.00455088  0.0020416  0.0364232  
               -0.00340348  -0.00364391  0.0462983  
               -0.00359392  -0.00346439  0.0450285  
               -0.00179646  -0.00465488  0.0280726  
               -0.00421259  -0.0026745  0.0161838  
               -0.00467524  -0.00172934  0.015571  
               -0.00466501  -0.00176305  0.0167882  
               -0.0010561  -0.00487946  0.00776886  
               -0.00280445  0.00413552  0.0136109  
               -0.00463472  0.00186289  0.0472426  
               0.00465994  -0.00177976  0.0357343  
               0.00432322  -0.00246752  0.0346802  
               0.00124923  0.00482088  0.0107506  
               0.00192732  0.00461197  0.0202322  
               0.00483713  0.00119564  0.0196312  
               0.00498129  0.000189935  0.0195964  
               0.00321085  -0.00380199  0.00844015  
               0.00423834  0.00262633  0.0365486  
               -0.00276051  0.00416662  0.011768  
               -0.00169079  0.00468693  0.0107651  
               0.00496087  0.000397304  0.0272733  
               -0.0043241  0.00246589  0.0399268  
               -0.00366284  0.00338042  0.00742812  
               -0.00468372  -0.00170138  0.0105042  
               -0.00494064  -0.000602689  0.0104982  
               0.00490919  -0.000921994  0.0118547  
               0.00156846  -0.00472404  0.0172447  
               0.00256801  -0.00426951  0.0170096  
               -0.00376583  -0.00325492  0.0373049  
               -0.00486387  0.0011075  0.0233878  
               -0.00498447  0.000157713  0.0230097  
               0.00445196  -0.00222668  0.00609383  
               0.0047473  -0.00149178  0.0471615  
               0.000864087  0.00491489  0.0449096  
               -0.00497071  0.00029738  0.0240556  
               0.003798  0.00321572  0.0145585  
               -0.00480885  0.00128887  0.0432944  
               -0.0040603  0.0028961  0.0431964  
               -0.00465842  0.00178477  0.0443826  
               0.00445318  0.0022244  0.0230305  
               0.00488897  0.00102477  0.0231468  
               0.00442779  -0.0022719  0.0453183  
               -0.00123143  0.00482628  0.0393287  
               -0.000716337  0.00492945  0.0378041  
               0.00460183  0.00194628  0.0387191  
               -0.000667187  0.00493429  0.0146567  
               -0.00470749  -0.00162302  0.0333561  
               -0.00436477  -0.0023898  0.0316985  
               0.00434966  0.00241805  0.00971661  
               -0.00474812  -0.00148906  0.00346257  
               -0.00471795  -0.00158852  0.0478669  
               -0.00427562  -0.00255658  0.047835  
               -0.00411162  -0.00283357  0.00728007  
               -0.0046897  -0.00168167  0.0078685  
               0.00499071  9.42744e-05  0.0413535  
               0.00490475  -0.000967067  0.0412886  
               -0.00284789  -0.00409987  0.0195281  
               -0.0036889  -0.00334865  0.0195312  
               0.00177183  0.00466235  0.00782127  
               -0.000157874  0.00498445  0.0392621  
               0.00119973  0.00483589  0.00618193  
               -0.000398345  -0.00496077  0.0179334  
               -0.00499141  -8.72135e-05  0.0331082  
               -0.00488354  0.00104264  0.0366986  
               -0.00477784  -0.00139111  0.0219085  
               0.00497386  0.000265391  0.0162991  
               0.0028874  -0.00406744  0.0419093  
               -0.00452823  -0.00208398  0.00463155  
               0.000929382  -0.00490846  0.0457634  
               -0.00477352  0.00140536  0.0279776  
               -0.00467865  0.0017181  0.0291598  
               -0.00463801  -0.00185207  0.00598377  
               0.00382589  0.00318173  0.0242203  
               -0.00412875  -0.0028127  0.0334913  
               -0.00446303  0.00220595  0.0419571  
               0.00398288  -0.00299044  0.0362761  
               0.00374926  -0.00327511  0.0351115  
               0.0020456  0.00454875  0.0362497  
               -0.00388105  0.00311452  0.0487387  
               -0.00479643  0.00132982  0.0245021  
               -0.00439175  -0.00233932  0.0449959  
               0.00447026  -0.00219243  0.0370871  
               0.000181928  0.00498208  0.00898691  
               0.00111151  0.00486265  0.0085861  
               -0.00162556  0.00470672  0.0139204  
               -0.00127444  0.00481323  0.0127943  
               -0.00252147  0.00429438  0.0056474  
               0.00483368  -0.00120703  0.0483388  
               0.00465694  0.00178966  0.00609567  
               0.000443184  0.00495635  0.0164617  
               3.03822e-05  0.00499701  0.0155164  
               0.00368033  -0.0033591  0.020631  
               0.000530725  0.00494773  0.0432854  
               -0.00198337  0.00458201  0.0230954  
               -0.000121005  -0.00498808  0.0460308  
               -0.00320107  0.00381002  0.0347951  
               -0.00210356  0.00451776  0.0347015  
               -0.00480424  0.00130408  0.0173753  
               -0.00249428  0.00430892  0.0162354  
               0.00441339  -0.00229883  0.0114161  
               0.00116479  -0.00484649  0.0299171  
               0.00458044  -0.00198631  0.0166562  
               -0.000726776  -0.00492842  0.0106609  
               -0.000977105  0.00490342  0.0157209  
               0.0011854  0.00484024  0.0155689  
               0.004954  -0.000467011  0.015513  
               -0.00138145  -0.00478077  0.0232921  
               0.00268418  -0.00420742  0.0432495  
               0.00382659  -0.00318088  0.0196331  
               0.00441244  -0.00230062  0.0465454  
               -0.00496765  0.00032844  0.0202087  
               -0.00352449  0.0035446  0.0455269  
               0.00499381  -6.28902e-05  0.0385868  
               0.00326658  0.00375626  0.0017  
               -0.00468931  -0.00168296  0.036924  
               -0.00184297  -0.00464077  0.0247755  
               -0.00137142  -0.00478381  0.0463594  
               -0.00445804  -0.00221529  0.0212396  
               -0.00403865  -0.00292248  0.020645  
               -0.0039576  0.00302124  0.0370638  
               0.00492718  -0.000739382  0.0204519  
               0.0045629  -0.00201911  0.0205932  
               0.000595915  0.00494131  0.0128374  
               0.00285617  -0.00409307  0.030203  
               0.0027604  -0.00416668  0.028969  
               -0.0027372  -0.00417908  0.0248793  
               -0.00218824  0.0044725  0.014936  
               0.000229057  0.00497744  0.0115181  
               -0.00480972  -0.001286  0.0302712  
               0.000552382  0.0049456  0.0401227  
               -0.00100592  0.00489468  0.0403901  
               0.000260385  0.00497435  0.0414311  
               0.00291998  0.00404071  0.00295656  
               0.00308041  0.00390905  0.00228778  
               0.00448754  -0.00216011  0.0421972  
               0.00333204  0.00370254  0.0414644  
               -0.00492102  0.000801884  0.0302354  
               -6.01608e-05  0.00499407  0.0311398  
               2.71997e-05  -0.00499732  0.0322829  
               -0.00494253  -0.00058354  0.0460072  
               -0.00497466  -0.000257304  0.0407882  
               -0.00425731  -0.00259084  0.0438141  
               -0.000391273  -0.00496146  0.021952  
               -0.000934947  -0.00490792  0.040577  
               0.000572282  -0.00494364  0.0399813  
               -0.00498735  -0.000128481  0.0306312  
               -0.0049763  -0.000240629  0.0293162  
               0.00483433  -0.00120487  0.0424319  
               0.00102091  0.00489014  0.0230993  
               0.0021612  0.00448696  0.0238293  
               -0.00472048  0.00158019  0.0160242  
               -0.00110148  -0.0048657  0.0212335  
               -0.00316395  -0.00384049  0.0351372  
               -0.000455046  -0.00495518  0.0257873  
               -0.000361873  -0.00496436  0.0243629  
               0.00235949  0.00438097  0.0433943  
               0.00323742  0.00378019  0.0424634  
               -0.00146325  -0.00475595  0.0452379  
               0.000154432  -0.00498479  0.0374302  
               0.00497927  -0.000210449  0.0128477  
               -0.00428669  -0.00253587  0.0188193  
               0.0028021  -0.00413745  0.0448584  
               -0.0046632  -0.00176903  0.017821  
               -0.00423312  -0.0026361  0.0174605  
               0.00331388  -0.00371744  0.0267953  
               -0.00464665  0.00182358  0.0406266  
               -0.00144454  -0.00476163  0.0197004  
               -0.00214999  -0.00449295  0.0205404  
               -0.00499089  9.24999e-05  0.00907943  
               -0.00406487  0.00289054  0.0291922  
               -0.00382069  -0.00318807  0.0323635  
               -0.00438366  0.00235445  0.0353095  
               0.000282439  -0.00497218  0.0289607  
               -0.00356609  0.0034983  0.029824  
               0.00186495  0.0046341  0.0117516  
               0.00499328  -6.82738e-05  0.026357  
               -0.0048612  0.00111632  0.0138027  
               0.00222736  0.00445159  0.0217518  
               0.00494947  0.000513061  0.0212654  
               -0.00477935  0.00138611  0.0056243  
               0.0048822  0.00104706  0.016938  
               0.000764234  -0.00492473  0.0388641  
               -0.00118915  0.0048391  0.0421461  
               0.00277785  -0.00415735  0.0462274  
               0.00487808  -0.00106067  0.0389727  
               0.00490611  0.000953276  0.0264362  
               0.00492498  -0.00076174  0.00470248  
               -0.00499139  8.74526e-05  0.0182357  
               0.00090464  -0.0049109  0.0264536  
               0.00350461  -0.00356092  0.00252274  
               -0.00377408  0.00324487  0.0340995  
               -0.00106304  -0.00487736  0.0320558  
               -0.00497969  0.000206226  0.0428723  
               -0.00217805  -0.00447795  0.0445012  
               0.00399161  0.0029798  0.0128667  
               0.00456186  0.00202106  0.0124778  
               -0.00311383  -0.00388162  0.0184542  
               -0.00365484  -0.00339016  0.0168534  
               -0.00381676  -0.00319286  0.0357949  
               0.00205941  0.00454136  0.0446689  
               0.00487432  0.00107307  0.0409865  
               0.00471365  0.00160271  0.0420808  
               0.00441675  -0.00229254  0.0265857  
               0.00415765  -0.00277728  0.0257492  
               0.00411812  -0.00282565  0.0273785  
               -0.00496552  0.000350073  0.0254715  
               0.00305109  -0.00393311  0.0127695  
               0.00438405  -0.00235372  0.00499284  
               -0.00499198  -8.1473e-05  0.0220389  
               0.00467323  0.00173594  0.0399745  
               -0.00117661  0.0048429  0.00612149  
               0.00434538  0.00242607  0.027774  
               -0.00443573  -0.00225703  0.0287552  
               -0.00494276  -0.000581128  0.0246396  
               0.00462783  0.00188562  0.0269373  
               -0.00491254  -0.000887961  0.0162936  
               0.000319509  0.00496853  0.0365101  
               -0.00420787  -0.00268334  0.00996842  
               -0.00239792  -0.00436043  0.00764699  
               -0.00466588  0.0017602  0.0339847  
               0.00497664  0.000237166  0.0241541  
               0.00366157  0.00338195  0.00587803  
               -0.00496846  0.000320238  0.0315394  
               -0.00091887  -0.0049095  0.0368321  
               -0.00112259  0.00485929  0.0116898  
               0.00345891  0.00359842  0.0323001  
               0.00426568  0.00257518  0.032465  
               0.00463584  -0.00185921  0.0182229  
               0.00497821  0.000221232  0.0111233  
               0.00495165  0.00049091  0.00995103  
               0.00456706  0.00201134  0.0109199  
               0.0025139  -0.00429844  0.0340628  
               0.00234423  -0.00438912  0.00492609  
               0.00207287  -0.00453417  0.00622761  
               -0.00124488  0.0048222  0.0237446  
               -0.00439715  -0.00232922  0.0145483  
               -0.00426916  0.00256867  0.0326702  
               -0.00452956  0.00208149  0.0312687  
               -0.00033205  0.0049673  0.0230896  
               -0.00242923  0.00434369  0.0127011  
               -0.00300635  -0.00396982  0.00976662  
               0.00341617  -0.00363349  0.0341481  
               -0.00257304  -0.00426682  0.0454657  
               0.00134487  -0.00479186  0.0138372  
               0.00343967  -0.0036142  0.0323694  
               0.00281944  -0.00412322  0.0329954  
               -0.00464659  0.00182377  0.0268735  
               0.00498851  -0.000116655  0.00808277  
               0.00480075  -0.00131557  0.00791888  
               0.00494174  0.000591543  0.037761  
               0.00194586  -0.00460205  0.030943  
               -0.00343895  -0.0036148  0.0438938  
               -0.000514174  -0.00494936  0.0060958  
               -0.00427384  0.00255991  0.0453163  
               0.00236644  -0.00437725  0.0139662  
               -0.00251618  -0.00429722  0.00538167  
               -0.0041515  -0.00278498  0.0265859  
               -0.00419494  -0.00270752  0.0275929  
               -0.00383063  0.00317596  0.0445993  
               0.0049701  -0.000303558  0.0187077  
               0.00491254  -0.000888007  0.0217816  
               -0.00267461  0.00421253  0.0316656  
               -0.00341806  0.00363195  0.0239521  
               -0.00278989  0.00414747  0.0417134  
               0.00442426  -0.00227849  0.0191372  
               0.00114237  0.00485329  0.0242562  
               -0.00403106  -0.00293174  0.00293445  
               0.00144461  -0.00476161  0.0342436  
               -0.00493116  -0.000698977  0.0173112  
               0.00483522  -0.00120193  0.0316388  
               0.00356282  0.00350229  0.0226075  
               -0.00247456  0.00431946  0.0180883  
               -0.00132039  0.00479929  0.0184354  
               0.00121733  -0.00483055  0.0149939  
               0.00344341  -0.00361114  0.0103189  
               0.00400263  -0.00296637  0.00874286  
               0.000565082  -0.00494434  0.0446429  
               0.00284254  -0.00410426  0.0317068  
               0.0016249  -0.00470692  0.0127664  
               -0.00157067  -0.00472337  0.0398103  
               0.00323805  0.00377967  0.0211425  
               -0.0017452  -0.00467043  0.0296124  
               -0.00490425  0.000972165  0.0332685  
               0.00156306  -0.00472568  0.0286403  
               -0.00160963  0.00471155  0.0170944  
               -0.000478917  0.00495283  0.0168528  
               -0.00172959  -0.00467516  0.0258443  
               0.00496942  0.000310464  0.0348563  
               0.00188866  -0.00462691  0.0207313  
               -0.00484605  -0.00116625  0.00933814  
               -0.00433138  0.00245225  0.0167548  
               0.00228748  -0.00441946  0.0388316  
               -0.00127281  0.00481372  0.0319698  
               -0.00124132  0.00482327  0.0334416  
               0.00302782  -0.0039522  0.0189233  
               -0.00158608  -0.0047187  0.038719  
               -0.000465678  -0.00495413  0.0448627  
               -0.000176439  -0.00498262  0.0438949  
               0.00112052  0.00485992  0.0192438  
               0.00204011  0.00455168  0.0319631  
               0.0010695  0.0048754  0.0319785  
               0.00486273  -0.00111125  0.0376853  
               -0.00384299  0.0031609  0.0408662  
               0.00483478  0.0012034  0.00896335  
               0.00471521  -0.00159756  0.0100202  
               -0.00479754  0.00132615  0.0356805  
               -0.00493061  0.000704533  0.0348125  
               -0.00498184  0.00018435  0.0359966  
               -0.00364822  0.00339823  0.041995  
               0.00445436  0.00222219  0.00866414  
               0.000245168  -0.00497585  0.0187712  
               -0.00016701  -0.00498355  0.00967301  
               0.00482192  -0.00124578  0.0268702  
               0.00479072  0.00134864  0.0181498  
               0.00263891  -0.00423161  0.0154438  
               -0.00324341  -0.00377528  0.0134514  
               -0.00124694  -0.00482157  0.0442356  
               -0.00485619  -0.00113282  0.0430308  
               -0.0033599  0.00367967  0.0196327  
               -0.0036487  0.00339765  0.0325657  
               0.00313696  0.00386263  0.0200657  
               0.00138662  -0.0047792  0.0325506  
               -0.000512899  -0.00494948  0.0331854  
               0.00453792  -0.00206585  0.0220463  
               -0.00418313  -0.00272961  0.0384472  
               -0.00415183  -0.00278457  0.025548  
               0.00040625  -0.00495999  0.0107479  
               -0.0038095  0.00320171  0.0117502  
               0.00378811  -0.00322777  0.0445836  
               0.00453384  0.00207348  0.0171616  
               5.40806e-05  0.00499467  0.0176998  
               -0.0023156  -0.00440443  0.0408318  
               -0.00491557  -0.000857243  0.0207682  
               0.0010302  0.00488732  0.0352554  
               -0.00247427  -0.00431962  0.0289648  
               -0.00287896  -0.00407437  0.0235604  
               0.00140466  0.00477373  0.031017  
               -0.0046597  0.00178056  0.0256868  
               -0.00438314  0.00235542  0.0247733  
               0.00107777  0.00487289  0.0141605  
               -0.00464695  -0.00182257  0.0383978  
               -0.00427008  0.00256694  0.0383369  
               0.00255061  0.00427881  0.0401772  
               0.00379394  0.00322067  0.0401543  
               -0.00461204  0.00192719  0.0391311  
               0.0045287  0.0020831  0.020413  
               0.00219646  -0.00446811  0.0249458  
               0.00341465  -0.00363474  0.0253883  
               -0.00441951  -0.00228737  0.0425434  
               0.00409111  -0.00285856  0.0097493  
               0.00449948  -0.00213777  0.0442509  
               0.000596583  -0.00494124  0.0249198  
               -0.00165058  0.00469913  0.0369804  
               -5.17994e-05  0.0049949  0.0330801  
               0.00498472  -0.000155167  0.0253324  
               -0.00369131  0.00334572  0.00610773  
               -0.00476356  0.00143816  0.03231  
               0.00437624  -0.00236833  0.038283  
               -0.00493196  0.000690806  0.0165357  
               -0.00172917  -0.00467529  0.0186472  
               0.00466351  -0.00176801  0.0155945  
               -0.00223137  -0.00444945  0.033409  
               0.00490799  -0.000934179  0.017924  
               -0.00494636  -0.000544637  0.0350496  
               -0.00474215  -0.00150877  0.0346574  
               0.00498121  0.000190759  0.0442778  
               -0.00493169  -0.000693599  0.033989  
               0.00335123  0.00368679  0.0256724  
               -0.00115806  -0.00484853  0.0378124  
               0.00131957  0.00479954  0.0439725  
               0.00451896  -0.00210133  0.00861062  
               0.00189014  -0.00462646  0.0162502  
               0.0015916  0.00471702  0.039962  
               -0.000485966  -0.00495214  0.0118405  
               -0.00499351  -6.59363e-05  0.0279243  
               -0.0032526  0.00376773  0.0275092  
               0.000783888  0.00492279  0.0260547  
               0.00124353  0.00482261  0.0422326  
               0.00495042  -0.000503366  0.00930344  
               0.00493781  -0.000631387  0.010336  
               0.00314119  -0.00385917  0.0199181  
               0.00485495  -0.00113691  0.00261355  
               0.00221968  -0.00445569  0.0084751  
               0.00337605  -0.00366642  0.0281027  
               -0.00370876  0.00332446  0.0164787  
               0.00397722  0.00299733  0.021008  
               0.00495957  -0.00041045  0.0432998  
               0.00136867  -0.00478465  0.0255598  
               -0.00444304  -0.00224335  0.0200087  
               -0.004211  0.00267748  0.0261723  
               0.00149095  -0.00474755  0.0395673  
               -0.00488352  -0.00104274  0.0282296  
               0.00203433  0.00455477  0.0350917  
               -0.00492592  0.000752189  0.0292396  
               0.000476882  -0.00495303  0.0121607  
               0.0025188  0.00429581  0.0296941  
               0.00229023  -0.00441799  0.0195591  
               0.0049342  0.000668072  0.012277  
               0.000512027  -0.00494957  0.0332163  
               0.00254552  -0.00428153  0.0279536  
               -0.00381034  0.00320068  0.0205462  
               -0.00496427  -0.000362796  0.0438368  
               0.000659174  -0.00493508  0.0215748  
               -0.00383302  -0.00317304  0.0287342  
            </DataArray>
         </Points> 

         <Cells>
            <DataArray type="Int32" Name="connectivity" NumberOfComponents="1" format="ascii">
               
            </DataArray> 
            <DataArray type="Int32" Name="offsets" NumberOfComponents="1" format="ascii">
               
            </DataArray>
            <DataArray type="UInt8"  Name="types" NumberOfComponents="1" format="ascii">
               
            </DataArray>
         </Cells>
         <PointData Scalars="Rank " Vectors="DisplacementDelta Force ">
            <DataArray type="UInt32" Name="Rank" NumberOfComponents="1" format="ascii">
               0 0 0 0 0 0 0 0 0 0 0 0 0 0 0 0 0 0 0 0 0 0 0 0 0 0 0 0 0 0 0 0 0 0 0 0 0 0 0 0 0 0 0 0 0 0 0 0 0 0 0 0 0 0 0 0 0 0 0 0 0 0 0 0 0 0 0 0 0 0 0 0 0 0 0 0 0 0 0 0 0 0 0 0 0 0 0 0 0 0 0 0 0 0 0 0 0 0 0 0 0 0 0 0 0 0 0 0 0 0 0 0 0 0 0 0 0 0 0 0 0 0 0 0 0 0 0 0 0 0 0 0 0 0 0 0 0 0 0 0 0 0 0 0 0 0 0 0 0 0 0 0 0 0 0 0 0 0 0 0 0 0 0 0 0 0 0 0 0 0 0 0 0 0 0 0 0 0 0 0 0 0 0 0 0 0 0 0 0 0 0 0 0 0 0 0 0 0 0 0 0 0 0 0 0 0 0 0 0 0 0 0 0 0 0 0 0 0 0 0 0 0 0 0 0 0 0 0 0 0 0 0 0 0 0 0 0 0 0 0 0 0 0 0 0 0 0 0 0 0 0 0 0 0 0 0 0 0 0 0 0 0 0 0 0 0 0 0 0 0 0 0 0 0 0 0 0 0 0 0 0 0 0 0 0 0 0 0 0 0 0 0 0 0 0 0 0 0 0 0 0 0 0 0 0 0 0 0 0 0 0 0 0 0 0 0 0 0 0 0 0 0 0 0 0 0 0 0 0 0 0 0 0 0 0 0 0 0 0 0 0 0 0 0 0 0 0 0 0 0 0 0 0 0 0 0 0 0 0 0 0 0 0 0 0 0 0 0 0 0 0 0 0 0 0 0 0 0 0 0 0 0 0 0 0 0 0 0 0 0 0 0 0 0 0 0 0 0 0 0 0 0 0 0 0 0 0 0 0 0 0 0 0 0 0 0 0 0 0 0 0 0 0 0 0 0 0 0 0 0 0 0 0 0 0 0 0 0 0 0 0 0 0 0 0 0 0 0 0 0 0 0 0 0 0 0 0 0 0 0 0 0 0 0 0 0 0 0 0 0 0 0 0 0 0 0 0 0 0 0 0 0 0 0 0 0 0 0 0 0 0 0 0 0 0 0 0 0 0 0 0 0 0 0 0 0 0 0 0 0 0 0 0 0 0 0 0 0 0 0 0 0 0 0 0 0 0 0 0 0 0 0 0 0 0 0 0 0 0 0 0 0 0 0 0 0 0 0 0 0 0 0 0 0 0 0 0 0 0 0 0 0 0 0 0 0 0 0 0 0 0 0 0 0 0 0 0 0 0 0 0 0 0 0 0 0 0 0 0 0 0 0 0 0 0 0 0 0 0 0 0 0 0 0 0 0 0 0 0 0 0 0 0 0 0 0 0 0 0 0 0 0 0 0 0 0 0 0 0 0 0 0 0 0 0 0 0 0 0 0 0 0 0 0 0 0 0 0 0 0 0 0 0 0 0 0 0 0 0 0 0 0 0 0 0 0 0 0 0 0 0 0 0 0 0 0 0 0 0 0 0 0 0 0 0 0 0 0 0 0 0 0 0 0 0 0 0 0 0 0 0 0 0 0 0 0 0 0 0 0 0 0 0 0 0 0 0 0 0 0 0 0 0 0 0 0 0 0 0 0 0 0 0 0 0 0 0 0 0 0 0 0 0 0 0 0 0 0 0 0 0 0 0 0 0 0 0 0 0 0 0 0 0 0 0 0 0 0 0 0 0 0 0 0 0 0 0 0 0 0 0 0 0 0 0 0 0 0 0 0 0 0 0 0 0 0 0 0 0 0 0 0 0 0 0 0 0 0 0 0 0 0 0 0 0 0 0 0 0 0 0 0 0 0 0 0 0 0 0 0 0 0 0 0 0 0 0 0 0 0 0 0 0 0 0 0 0 0 0 0 0 0 0 0 0 0 0 0 0 0 0 0 0 0 0 0 0 0 0 0 0 0 0 0 0 0 0 0 0 0 0 0 0 0 0 0 0 0 0 0 0 0 0 0 0 0 0 0 0 0 0 0 0 0 0 0 0 0 0 0 0 0 0 0 0 0 0 0 0 0 0 0 0 0 0 0 0 0 0 0 0 0 0 0 0 0 0 0 0 0 0 0 0 0 0 0 0 0 0 0 0 0 0 0 0 0 0 0 0 0 0 0 0 0 0 0 0 0 0 0 0 0 0 0 0 0 0 0 0 0 0 0 0 0 0 0 0 0 0 0 0 0 0 0 0 0 0 0 0 0 0 0 0 0 0 0 0 0 0 0 0 0 0 0 0 0 0 0 0 0 0 0 0 0 0 0 0 0 0 0 0 0 0 0 0 0 0 0 0 0 0 0 0 0 0 0 0 0 0 0 0 0 0 0 0 0 0 0 0 0 0 0 0 0 0 0 0 0 0 0 0 0 0 0 0 0 0 0 0 0 0 0 0 0 0 0 0 0 0 0 0 0 0 0 0 0 0 0 0 0 0 0 0 0 0 0 0 0 0 0 0 0 0 0 0 0 0 0 0 0 0 0 0 0 0 0 
            </DataArray>
            <DataArray type="Float64" Name="DisplacementDelta" NumberOfComponents="3" format="ascii">
               3.76175e-10 -2.07665e-10 2.33536e-10  2.30355e-10 -1.64613e-10 1.14143e-10  -2.04682e-09 8.47851e-09 -1.83848e-09  -1.41172e-09 4.28115e-09 -1.27193e-09  2.93357e-10 8.30697e-10 3.25893e-10  1.63538e-10 6.28705e-10 2.42431e-10  3.73975e-08 -1.51457e-07 5.12777e-07  -1.25153e-09 5.97473e-09 -1.17239e-10  1.57533e-09 5.08918e-09 7.92813e-11  6.58699e-10 6.2672e-09 -2.99325e-10  -6.75814e-11 -3.42413e-10 2.06126e-10  -1.36134e-07 -5.67291e-09 6.87282e-07  -4.14588e-07 -2.3516e-08 4.72027e-07  2.06482e-07 4.21443e-07 -1.64984e-06  4.90438e-07 1.12447e-06 -1.47411e-06  1.12145e-07 2.16113e-07 -1.92122e-06  -3.92954e-10 1.06099e-10 2.25782e-10  -3.10703e-07 1.15249e-07 3.86192e-07  -2.19929e-10 -1.94831e-10 4.18518e-10  -5.57327e-10 -1.46476e-09 8.25405e-10  -2.94906e-10 -2.37063e-09 6.50686e-10  -2.18e-09 3.17613e-07 6.39129e-07  -1.14947e-07 2.40799e-07 6.33384e-07  -2.36426e-10 2.73682e-10 1.9148e-10  1.61769e-10 3.0659e-10 2.29189e-10  6.72852e-10 2.60578e-11 2.16022e-10  -1.95937e-10 -2.46312e-11 9.80997e-13  2.06236e-07 3.24357e-07 6.95135e-07  -1.33525e-10 6.1042e-11 3.02359e-10  1.30404e-11 -1.18007e-10 1.7549e-10  -2.52067e-07 -1.69387e-07 5.87791e-07  2.85617e-07 3.86628e-07 8.47844e-07  5.94053e-10 1.5721e-09 2.47139e-10  -2.08221e-07 3.22464e-07 7.46592e-07  -1.14148e-07 1.59007e-08 6.09049e-07  -2.25377e-06 4.29911e-06 1.3974e-06  7.70594e-11 -1.58319e-10 5.20652e-11  -6.04174e-10 6.6781e-10 4.47184e-10  6.97056e-06 6.6353e-07 -1.32392e-06  5.17736e-06 8.50716e-07 -1.97366e-06  4.88085e-06 -5.26898e-07 -2.09447e-06  -2.39654e-07 -5.86078e-07 9.42053e-07  -2.95849e-07 -1.67269e-06 1.2468e-06  -5.94465e-10 3.47772e-10 5.41051e-10  -2.11389e-09 1.72905e-09 5.69451e-10  -2.27874e-10 9.59509e-11 6.38496e-10  -8.76343e-08 1.20333e-07 -7.23055e-07  -9.64291e-08 9.40241e-08 -6.61009e-07  1.34524e-07 -4.1134e-07 4.4205e-07  3.42488e-07 6.88729e-07 9.75801e-07  9.83223e-08 1.18288e-07 6.55762e-07  -5.6801e-07 -8.50964e-07 1.06572e-06  -3.18967e-07 -5.0331e-07 8.53661e-07  1.3883e-06 1.25196e-06 1.38113e-06  3.04678e-06 1.98382e-06 1.57156e-06  3.6728e-06 3.13867e-06 1.55304e-06  2.81728e-08 -1.1658e-08 5.07098e-07  7.92807e-07 8.70095e-07 1.1843e-06  -5.75627e-06 1.99739e-06 1.03153e-06  -2.69839e-06 1.53677e-06 1.45211e-06  -3.14991e-06 1.00492e-06 1.49727e-06  -1.0263e-10 3.38407e-10 1.95832e-10  1.86037e-10 -2.60004e-11 3.93423e-10  -3.78623e-08 3.7637e-08 5.41188e-07  2.02664e-07 -7.11051e-08 8.27528e-07  -1.20963e-07 -2.02623e-08 4.16675e-07  7.41462e-09 -2.03443e-09 -6.06771e-10  4.16739e-09 7.42123e-10 -4.17089e-10  5.48033e-09 -1.6122e-11 -1.03834e-09  4.03719e-07 5.39423e-07 9.38611e-07  -4.52627e-08 -1.37298e-07 -7.47082e-07  -1.76164e-08 -2.26228e-07 -9.93104e-07  2.70188e-07 2.31788e-07 4.9447e-07  -1.73793e-07 -2.59483e-07 5.72019e-07  -1.24701e-10 -3.94156e-11 1.12017e-10  2.08084e-06 1.05188e-07 1.42339e-06  1.60513e-08 1.86296e-07 4.7891e-07  2.68973e-10 1.63151e-09 -6.05091e-09  3.68415e-10 -6.25945e-11 -5.20127e-09  -3.92545e-09 3.76131e-09 -1.1466e-10  -4.68634e-09 4.01438e-09 -2.56813e-10  -4.66125e-08 -3.18876e-07 6.76498e-07  -4.30647e-10 9.36037e-10 5.84823e-10  -2.74077e-10 9.03181e-10 4.68592e-10  -1.82947e-08 7.43445e-08 4.70171e-07  -1.09196e-09 -5.01639e-10 4.82959e-10  -2.0936e-09 -1.71306e-09 2.95464e-10  9.17731e-12 -1.08362e-10 1.44782e-11  -3.96949e-10 3.08537e-11 1.08486e-11  -6.40607e-11 2.69045e-10 1.40117e-10  1.19439e-08 -3.47697e-08 -1.36522e-07  3.21679e-08 -3.00565e-08 -1.11813e-07  1.68111e-09 -4.07514e-12 -7.73373e-09  4.07403e-08 1.53465e-07 -8.55769e-07  7.71442e-08 1.40539e-07 -1.12726e-06  6.62645e-08 6.48967e-08 -8.28845e-07  -2.83942e-10 -8.27202e-11 2.61389e-10  -5.89558e-08 3.0563e-08 -4.49332e-07  -7.68351e-08 5.3422e-08 -2.99351e-07  -1.12119e-07 2.48276e-08 -3.93443e-07  1.80126e-10 -5.56546e-11 2.0678e-10  2.94249e-10 2.17986e-10 9.62619e-11  1.50739e-06 -8.23046e-06 4.92519e-07  3.71129e-06 -6.99477e-06 4.45676e-07  2.08953e-06 -6.25231e-06 1.03129e-06  1.64095e-07 8.30316e-08 -1.27777e-06  3.96016e-07 1.02859e-07 -1.51047e-06  -3.57687e-10 6.75992e-11 2.01424e-10  -2.77932e-10 9.19174e-11 2.07527e-11  8.55015e-07 -2.41689e-07 1.17793e-06  2.14804e-08 -1.70796e-07 8.75043e-07  4.56264e-11 2.15459e-10 1.17125e-10  7.51055e-06 -2.72557e-06 2.46045e-07  2.09646e-06 -1.34805e-06 1.40535e-06  5.65208e-06 -4.32051e-06 5.08372e-07  1.00518e-08 7.17085e-08 6.87916e-07  -3.95342e-08 -1.24741e-07 6.07673e-07  2.4376e-09 1.4653e-09 1.48822e-10  2.78419e-10 9.69192e-10 3.68511e-10  9.65707e-12 -2.42754e-10 3.05203e-10  -1.93307e-10 3.40668e-10 1.0134e-10  -5.23601e-10 -3.68931e-10 -3.76031e-11  -1.78325e-08 4.0248e-08 5.62905e-07  -6.87966e-08 5.64766e-08 5.98501e-07  -3.41601e-07 3.64351e-07 7.24202e-07  -1.17556e-07 6.1819e-08 4.44428e-07  -3.71638e-07 2.36156e-07 4.22474e-07  -2.60369e-10 -4.15343e-11 3.28231e-10  -2.10951e-06 7.11069e-06 8.86603e-07  -2.56848e-06 8.66183e-06 -7.71827e-07  -1.17492e-06 8.94511e-06 1.81047e-07  1.62671e-08 -2.44501e-08 -9.52898e-08  2.15653e-08 -1.97501e-08 -8.27831e-08  -1.05051e-06 1.01871e-06 -2.62866e-06  -2.98411e-06 4.11034e-06 -2.16337e-06  -1.66144e-06 3.95602e-06 -2.46305e-06  -1.49957e-07 -3.79053e-07 6.73498e-07  3.46289e-07 -1.10444e-07 9.39767e-07  -4.30444e-08 -2.83242e-07 5.95208e-07  1.7867e-07 -8.1392e-07 9.01253e-07  -1.36252e-06 -4.98011e-06 -2.16862e-06  6.0984e-07 1.8618e-06 1.44651e-06  -2.25992e-10 -3.46426e-11 3.57211e-11  3.13926e-07 -1.26952e-06 1.1414e-06  9.98433e-07 -3.38821e-06 1.39014e-06  7.22465e-08 6.79865e-08 5.65696e-07  -4.77062e-11 -2.37027e-10 2.575e-10  -2.67568e-07 2.27192e-09 7.51961e-07  1.48712e-07 -4.94198e-08 6.30226e-07  -6.29491e-10 -2.9002e-10 2.39225e-10  -2.45785e-10 -1.52137e-10 1.86221e-10  3.98295e-06 7.48278e-06 -9.92663e-07  3.69462e-06 6.91637e-06 7.30677e-07  5.2018e-06 6.35291e-06 3.68352e-07  -3.1566e-10 1.25696e-10 2.74696e-10  6.80898e-11 1.13044e-10 3.38967e-10  -6.34451e-07 -4.72988e-06 1.40766e-06  7.51272e-07 -4.73132e-06 1.40062e-06  -5.49998e-09 6.11033e-09 -4.73418e-10  1.83316e-10 2.61143e-09 4.68454e-10  3.66465e-07 -1.03086e-06 1.10777e-06  -2.29959e-09 1.35526e-09 2.72862e-10  -1.9297e-06 -6.61364e-06 -1.54635e-06  9.12167e-08 3.87176e-07 7.98936e-07  5.58721e-07 7.29007e-07 1.08305e-06  -1.59885e-10 -1.41317e-10 2.23741e-10  -2.01573e-10 -4.37515e-10 4.39468e-10  6.97605e-08 -2.47999e-07 3.43333e-07  1.35133e-09 2.69932e-10 2.41129e-10  1.07121e-09 1.05616e-10 2.72445e-10  -2.20015e-09 -1.17999e-09 -9.88482e-11  -2.05585e-09 -1.10011e-09 2.60058e-10  -4.52467e-09 -9.38158e-10 3.55287e-10  1.11882e-10 8.24033e-10 2.33938e-10  2.49008e-08 -1.90448e-07 4.30064e-07  6.43115e-08 1.16148e-07 5.20985e-07  1.50109e-07 5.40279e-07 8.77856e-07  -1.25481e-07 -3.47562e-07 5.17324e-07  -1.07094e-06 5.66814e-08 -1.58856e-06  -1.23696e-06 -1.91195e-07 -1.72369e-06  -6.32791e-07 1.02062e-07 -1.6061e-06  8.53192e-08 -2.51804e-07 -1.45437e-06  6.23527e-07 -9.59923e-07 -1.365e-06  -6.70469e-07 1.21179e-07 9.96469e-07  1.01092e-09 -6.23443e-10 4.88967e-10  -1.8908e-09 -2.48697e-09 2.58897e-10  -7.49068e-09 8.89436e-09 -4.43175e-08  -1.09007e-08 1.83749e-08 -6.26632e-08  -6.66681e-08 -4.53457e-07 -1.54843e-06  -2.36406e-07 -3.42627e-07 -1.61283e-06  -2.84053e-09 1.84228e-09 -4.54111e-09  1.15074e-07 1.70417e-07 8.24882e-07  -1.39799e-09 -4.69027e-10 2.17204e-10  -6.10233e-07 3.36299e-07 9.33462e-07  1.47506e-06 8.58243e-07 1.40202e-06  -2.77304e-07 3.3028e-08 6.97966e-07  9.15052e-10 6.42809e-11 -9.40497e-09  6.88111e-10 -1.03428e-09 -5.80193e-09  8.1721e-10 3.07911e-10 2.01155e-10  1.94335e-09 -8.11299e-11 2.68692e-10  4.37131e-09 -5.40342e-09 -2.99382e-10  -1.10862e-09 -9.03431e-11 7.2506e-11  -3.23745e-10 -1.00458e-10 6.71795e-11  -7.04648e-08 2.92247e-09 6.52276e-07  -2.29609e-12 -1.21547e-10 8.61565e-11  -3.6854e-06 -7.33733e-06 -2.67022e-07  -1.6088e-06 -5.3041e-06 1.23965e-06  -1.30407e-06 -7.88053e-06 3.40332e-07  -4.88557e-09 2.21875e-09 -9.86544e-11  -5.27723e-09 8.8863e-10 -6.17381e-11  -5.07592e-09 1.85845e-09 -8.76459e-10  3.10728e-08 -1.51301e-07 5.28327e-07  -2.59056e-09 2.38386e-09 -3.64621e-09  -3.8941e-09 2.11726e-09 -3.19278e-09  -3.44199e-09 2.52566e-10 1.52497e-10  -4.79915e-09 -5.588e-11 -1.17546e-10  -6.13174e-09 8.93296e-10 3.81459e-10  1.70244e-08 -1.02396e-08 -6.74139e-08  7.55703e-07 8.93628e-06 2.86122e-07  -1.23539e-09 -2.8903e-09 4.95484e-10  -1.19131e-09 -1.38922e-09 6.45558e-10  -3.39004e-10 -6.60282e-10 3.38832e-10  -3.97216e-10 1.25782e-09 7.47812e-10  -5.01581e-11 7.647e-11 2.41804e-10  6.73506e-10 -1.46087e-09 4.93441e-10  1.19614e-09 -2.16985e-09 1.82201e-10  6.1263e-10 -1.12124e-09 6.24466e-10  -1.18555e-06 2.13153e-07 1.22013e-06  5.07062e-10 -1.76435e-10 1.44936e-10  -1.31093e-07 -1.46773e-08 -1.72473e-06  -5.5439e-07 5.32101e-07 -1.27522e-06  -2.8425e-07 1.87437e-07 -1.86015e-06  -1.4285e-11 1.32089e-09 -7.64378e-09  9.76141e-10 3.00039e-09 -4.23051e-09  2.78241e-12 2.39638e-09 -7.28402e-09  -1.42294e-10 1.1414e-10 1.91788e-11  -7.68823e-08 -2.39079e-07 -1.38837e-06  -2.04601e-10 2.43666e-10 1.55992e-10  8.89784e-07 2.23563e-06 1.43357e-06  1.38634e-06 4.23631e-06 1.64938e-06  -3.04708e-10 -9.09812e-11 1.07956e-10  -4.74931e-10 -1.0317e-10 2.55543e-10  1.41241e-09 1.27336e-09 -3.21601e-10  6.22732e-11 -1.96456e-10 9.52168e-11  -1.49199e-06 7.14653e-07 -2.55915e-06  -1.12294e-09 -7.14025e-10 3.32581e-10  -3.20921e-10 -2.02348e-10 2.04464e-10  -6.09801e-10 1.63491e-09 6.38246e-10  -1.12763e-09 2.70245e-10 4.51318e-10  -2.39627e-11 -7.14736e-11 3.39845e-10  -9.47345e-10 5.57875e-11 3.42252e-10  -2.42047e-10 -1.27971e-10 1.4577e-10  -3.96423e-09 -3.84817e-09 9.67015e-11  -3.28735e-09 -2.77798e-09 5.05319e-10  -2.89897e-09 -2.76651e-09 3.23104e-10  -2.72583e-07 1.75113e-07 3.18964e-07  5.95781e-10 1.90837e-10 1.93111e-10  -2.36474e-09 -1.51377e-09 3.59141e-10  1.60963e-09 2.06837e-09 2.12625e-10  -3.15098e-07 3.03621e-07 -1.59682e-06  -5.68493e-07 1.48787e-07 -1.19377e-06  -8.87999e-07 6.3012e-07 -1.3056e-06  -2.91724e-11 4.30811e-10 1.4877e-10  5.62394e-09 3.43525e-09 -7.93701e-10  8.16254e-09 3.50807e-09 -4.60444e-10  -6.9622e-09 -2.26512e-06 1.30523e-06  4.18074e-07 -1.08505e-06 -1.57295e-06  2.18054e-09 -5.01834e-09 -1.85576e-09  -1.21185e-06 -2.70629e-06 1.33814e-06  -4.84233e-09 -3.59143e-09 -1.41928e-10  -4.39504e-09 -2.61006e-09 -2.46208e-10  -3.45046e-10 -1.35176e-10 1.80171e-10  -2.07845e-08 9.17923e-08 5.63991e-07  -3.56139e-08 6.53588e-08 4.81832e-07  3.39841e-09 -1.27751e-09 -2.37099e-10  2.38975e-09 -1.04583e-10 1.06222e-10  2.22618e-07 -9.6972e-08 6.06207e-07  -5.48986e-07 -6.52422e-07 9.5862e-07  -1.41945e-06 -1.07241e-06 1.27035e-06  2.07531e-06 -4.49275e-06 1.31775e-06  -4.20377e-07 5.20189e-08 3.7004e-07  6.71145e-10 2.1138e-11 8.15186e-11  -3.26773e-06 4.5251e-07 1.50225e-06  -5.74999e-06 4.64392e-06 3.17092e-07  5.49633e-09 -5.9994e-10 -1.25821e-10  -2.22385e-07 -2.43874e-07 -1.23848e-06  -2.09813e-07 -1.70239e-07 -1.33932e-06  -1.57974e-07 -1.77271e-07 -1.04727e-06  -3.05303e-10 -4.69525e-10 4.62532e-10  4.93041e-08 -1.50156e-07 7.54245e-07  1.98663e-10 5.16612e-09 -1.25065e-09  1.45316e-07 -4.66903e-07 6.50444e-07  -3.89825e-11 -1.29608e-10 -8.25371e-09  2.13806e-07 1.3125e-07 -8.7567e-07  8.80808e-08 8.8933e-08 -1.10129e-06  -3.20696e-07 1.00075e-07 3.61489e-07  -4.68576e-08 -1.66459e-08 4.79689e-07  2.12876e-09 -4.08232e-09 -3.56115e-09  -5.74148e-10 2.67894e-09 5.3666e-10  9.94726e-08 -6.49349e-07 9.1202e-07  -3.90486e-06 6.81523e-07 -2.39359e-06  -2.88722e-06 -2.65852e-07 -2.62188e-06  1.543e-09 1.55452e-09 -1.09189e-08  2.44669e-09 3.14893e-09 -1.03878e-08  -1.21618e-09 -4.1713e-10 -7.77452e-09  7.57165e-08 -5.52447e-08 -6.60845e-07  1.25023e-07 -1.18964e-07 -7.67018e-07  9.60432e-08 -7.09441e-08 -5.05069e-07  -1.17063e-07 4.88774e-08 8.22374e-07  -2.14504e-10 2.97598e-11 1.13156e-10  -2.6852e-10 6.25272e-11 1.6759e-10  5.60378e-10 -2.49366e-09 3.6045e-10  -2.95216e-09 -3.68147e-09 -3.4717e-09  -3.58268e-09 -3.42004e-09 -3.70198e-09  -3.72597e-09 -3.31114e-09 -2.15986e-09  -5.18413e-09 -2.79488e-09 -1.22705e-09  6.15557e-07 1.16783e-06 1.26904e-06  3.36788e-09 8.21318e-09 -2.4144e-08  -3.2767e-09 -1.11113e-09 -1.05455e-10  -4.30198e-09 -1.34817e-09 1.00034e-11  4.99889e-10 7.08451e-10 5.38667e-10  1.63543e-09 1.30204e-09 3.08063e-10  1.45906e-09 1.73296e-09 5.33658e-10  1.45177e-09 -2.79886e-09 3.46059e-10  2.87037e-09 -4.34889e-09 1.03769e-12  9.35138e-11 -2.61938e-10 -4.93607e-12  3.39383e-08 -2.03214e-07 -8.67358e-07  1.48995e-08 1.00949e-07 -2.86386e-07  -3.61311e-06 3.23199e-06 1.33335e-06  -4.93773e-07 1.58409e-06 1.30459e-06  4.40615e-06 -1.84159e-06 -2.29987e-06  6.45964e-06 -1.80502e-06 -1.43945e-06  -4.12638e-10 8.98598e-09 -4.29905e-10  -2.33665e-10 5.34785e-09 -1.01026e-09  1.81736e-07 -6.12902e-09 -7.31869e-07  -2.76555e-10 -4.18082e-10 2.20132e-11  9.94773e-08 -1.02315e-06 9.70773e-07  -1.40999e-10 -2.25414e-10 2.08565e-10  -6.29687e-08 -1.3275e-07 -6.33361e-07  -1.03792e-07 -2.06984e-07 -7.6414e-07  -7.78578e-08 -2.22448e-07 -9.01456e-07  -2.24594e-10 2.48384e-09 6.46865e-12  -3.13979e-07 6.56616e-06 1.21492e-06  -6.6066e-07 3.90997e-06 1.45337e-06  4.4061e-10 -9.28921e-10 5.16808e-10  1.17195e-08 8.64473e-09 -4.10152e-08  1.75418e-08 9.8664e-09 -5.81323e-08  -8.87298e-07 1.22825e-06 1.28772e-06  -6.04924e-07 4.88948e-07 8.67651e-07  -6.36872e-07 6.39274e-07 1.02161e-06  -4.13167e-10 -5.22015e-11 1.06426e-10  2.38859e-10 -3.36459e-10 3.86842e-10  1.91438e-09 -4.9484e-09 2.38461e-10  1.74694e-09 -5.76379e-09 -3.96424e-10  -2.11911e-08 -1.00967e-08 -6.19019e-08  -2.11843e-08 -1.53262e-08 -8.4492e-08  -2.01948e-09 -4.3902e-09 -3.6431e-09  -4.99174e-10 -3.0139e-09 -3.91756e-09  -5.11263e-10 -2.47087e-09 -3.11995e-09  -3.08106e-09 -4.85787e-09 -1.61929e-09  -2.18281e-09 -4.25314e-09 -1.11895e-09  -4.81713e-09 -4.39721e-09 -1.2875e-09  2.14737e-08 -3.44052e-09 -8.91045e-08  3.88581e-08 4.00506e-09 -9.71866e-08  -6.0933e-10 2.99841e-10 4.74917e-10  -1.45665e-09 8.31226e-10 4.60009e-10  -7.72944e-10 3.36444e-10 4.4308e-10  -7.15144e-11 -4.93014e-11 4.53286e-10  3.05521e-08 7.07674e-08 7.09211e-07  6.4531e-10 3.73408e-12 4.29572e-10  -1.98188e-08 1.87589e-08 -1.62629e-07  -4.9661e-08 5.86492e-08 -2.33935e-07  -1.31278e-08 2.59761e-08 -1.45691e-07  1.45702e-06 2.36802e-06 1.49749e-06  5.68721e-07 8.88002e-07 1.13058e-06  1.19191e-10 -2.97333e-10 2.98028e-10  -2.85506e-09 -3.84112e-09 4.65283e-10  3.92001e-09 -3.2238e-08 -9.4094e-08  5.30124e-09 -4.36057e-08 -1.14903e-07  5.54349e-09 -3.22738e-08 -7.81554e-08  -8.44515e-08 1.53758e-06 1.3266e-06  5.95107e-06 -5.38026e-06 -4.84424e-07  5.48465e-06 -4.52738e-06 -1.35626e-06  4.86105e-06 -6.24972e-06 -1.07239e-06  -2.12126e-10 9.2256e-13 2.78451e-10  -5.23778e-07 -4.67638e-07 -1.69796e-06  -2.59639e-07 -1.99026e-07 -1.5417e-06  -5.2571e-09 -2.28519e-09 -3.1083e-09  -3.47211e-09 -7.52572e-09 -2.68511e-08  1.23458e-09 -4.62348e-09 -1.97196e-08  -6.69761e-10 -4.27136e-09 -1.577e-08  -6.74456e-09 -3.01033e-09 -2.23313e-08  -1.54617e-08 -7.11979e-09 -4.59516e-08  -6.35387e-09 1.92589e-10 -2.39662e-08  1.12811e-09 -1.60037e-09 2.68853e-10  1.9403e-09 -4.08083e-10 -1.16634e-08  3.36962e-09 -6.77556e-10 -9.04953e-09  -6.98094e-09 5.37517e-09 -6.79938e-10  -4.42027e-08 -6.5927e-07 9.01501e-07  2.03375e-09 -4.11049e-09 -4.61658e-10  -4.14629e-06 8.01238e-06 -2.55633e-07  -5.57122e-06 4.37606e-06 -6.21968e-07  2.92942e-11 2.03944e-10 -1.03874e-08  3.83973e-10 -5.62454e-10 -7.28374e-09  5.2216e-07 -2.25282e-07 -1.67955e-06  7.21775e-07 -8.01545e-07 -1.66007e-06  -2.03083e-06 1.67259e-06 1.36748e-06  1.73427e-08 -1.4188e-07 -6.31789e-07  9.73168e-10 -1.06604e-09 4.99093e-10  -2.41539e-10 1.01218e-09 6.62396e-10  -3.39956e-06 -1.21509e-06 1.50619e-06  -2.64118e-06 -2.18786e-07 1.50012e-06  3.57711e-08 8.10259e-08 -4.92918e-07  6.84889e-08 1.29381e-07 -4.58908e-07  7.46432e-08 1.28399e-07 -6.04175e-07  -1.44014e-10 -7.74709e-11 9.49181e-11  3.00919e-09 5.45289e-09 -1.27698e-09  -4.45844e-09 -1.55471e-09 -1.31152e-09  -6.13615e-09 -3.7608e-09 -1.55532e-09  -5.93637e-09 -8.58951e-10 1.59459e-11  -8.41409e-09 1.38566e-10 -2.43579e-10  -3.89996e-09 -4.27604e-09 -2.51445e-09  5.25345e-09 4.82335e-09 -1.09464e-09  5.02357e-09 4.82566e-09 -4.29535e-10  3.45756e-09 5.30104e-09 -6.14906e-10  3.60629e-08 -1.02961e-07 -3.73571e-07  4.41261e-08 -1.44738e-07 -4.91857e-07  8.0354e-08 1.68023e-07 8.43581e-07  2.07945e-09 -1.39764e-09 2.82645e-10  2.01581e-09 -2.12524e-09 1.84755e-10  -4.40789e-08 1.50214e-08 -1.40807e-07  -4.33545e-08 7.29223e-09 -1.95087e-07  5.52049e-06 6.44039e-06 -7.8513e-07  -5.30224e-09 5.9088e-09 -1.7447e-08  -3.76751e-09 4.22322e-09 -1.67177e-08  1.14194e-09 -8.35154e-10 4.60563e-10  3.57902e-10 -3.69022e-10 5.37052e-10  -4.84357e-06 -5.11666e-06 5.24681e-07  -5.39922e-06 -6.42752e-06 -7.02612e-07  6.24749e-08 -4.1371e-07 3.91535e-07  -6.25601e-09 -1.23975e-10 -9.44151e-10  2.10129e-10 -2.24211e-10 2.75291e-10  -4.36349e-09 7.39227e-09 -2.92088e-08  -7.85453e-07 9.04165e-07 1.12372e-06  2.34629e-09 -1.21874e-09 -1.35234e-08  -7.83029e-10 -6.33641e-09 -1.73538e-09  -1.08144e-09 -6.40803e-09 -3.39975e-10  -4.813e-09 6.05757e-09 -3.90201e-10  -2.91558e-09 5.58619e-09 -3.11119e-10  7.92573e-09 2.44923e-09 -8.26547e-10  2.239e-07 -2.56822e-08 -8.67923e-07  -2.93103e-06 -5.15811e-06 1.06723e-06  2.27063e-06 4.08924e-06 1.58236e-06  5.2051e-10 -3.65937e-10 3.90815e-10  -3.54986e-08 -2.86785e-08 -1.81201e-07  -3.10719e-08 -2.57438e-08 -1.17961e-07  -2.53708e-06 -4.49532e-06 -2.12676e-06  -4.90264e-06 -5.44748e-06 -1.6829e-06  4.5073e-10 -3.04273e-09 3.33989e-10  -7.55404e-08 -1.88896e-08 -3.09253e-07  -6.72836e-08 3.94963e-09 -3.86675e-07  -9.34442e-08 -3.62984e-08 -4.43918e-07  -8.48157e-06 1.75784e-09 5.42551e-07  9.00194e-10 2.00258e-09 -1.5263e-08  -3.93902e-11 -1.21735e-10 -1.0811e-08  -3.45961e-10 5.70694e-09 -1.76088e-08  -1.26738e-09 1.66983e-09 3.11725e-10  4.97965e-09 7.16548e-10 1.36648e-10  6.739e-09 -1.70107e-09 -3.26762e-10  2.55623e-09 -8.41931e-10 5.2212e-10  -3.488e-06 1.74675e-06 -2.48662e-06  1.79579e-07 2.87792e-08 -1.04873e-06  1.76854e-07 -1.29037e-07 -1.01765e-06  1.22556e-07 -1.24924e-07 -9.5255e-07  -1.91111e-10 -1.27001e-10 1.58065e-10  -3.40978e-09 -1.00237e-10 -4.23718e-09  -5.54975e-09 -5.45121e-09 -1.11071e-09  4.66878e-09 7.28076e-09 -2.94783e-10  2.25637e-09 4.91594e-09 -5.15666e-10  1.42497e-07 -1.13859e-07 -1.22767e-06  2.471e-06 8.61033e-06 1.04897e-07  1.01379e-08 -4.04229e-07 -1.55114e-06  -1.38694e-08 -2.15337e-07 -1.31111e-06  -1.98691e-09 2.74771e-09 -1.53702e-09  4.34366e-09 8.07365e-09 -2.31353e-08  2.12181e-09 3.08804e-09 -1.69254e-08  4.97761e-09 4.96531e-09 -2.32903e-08  2.2582e-09 6.33866e-10 -2.37544e-10  3.25536e-09 -1.81823e-09 7.38128e-11  2.53949e-07 4.24808e-07 -1.55067e-06  -6.0405e-11 -1.55442e-10 9.9752e-11  2.19699e-09 -5.91931e-09 -4.80223e-10  4.99731e-09 -3.86187e-09 -1.15828e-09  3.72968e-09 -5.40617e-09 -9.64004e-10  -1.04492e-08 -6.1911e-08 -2.84601e-07  2.98212e-09 3.25709e-10 -5.10407e-09  -2.98055e-10 8.43852e-11 -6.04577e-09  -3.09623e-08 -3.46546e-08 -1.32594e-07  -1.46505e-08 -4.26057e-08 -1.51461e-07  -2.2238e-08 -4.34985e-08 -1.73817e-07  -1.83238e-09 7.53223e-10 2.32052e-10  1.99091e-06 2.34102e-06 -2.7452e-06  8.01507e-08 1.53034e-07 -6.11797e-07  -7.92261e-10 5.85656e-11 1.49333e-10  -4.54779e-10 7.64641e-11 2.38489e-10  -1.74525e-10 -8.29861e-11 1.57323e-10  -6.00963e-09 -3.73981e-09 1.30462e-10  -3.44207e-08 -3.14297e-09 -1.1157e-07  -2.57594e-08 -6.64123e-09 -8.04239e-08  5.19765e-07 2.10373e-06 1.46643e-06  4.24773e-10 -4.86638e-09 -1.49317e-09  -3.93013e-10 -5.56963e-09 -2.21174e-09  -3.96969e-10 -6.48615e-11 8.86335e-11  -3.0613e-10 -7.88542e-12 3.95621e-11  7.4624e-06 4.51899e-06 1.46502e-07  8.55434e-09 1.42409e-08 -5.44185e-08  4.56185e-07 5.22979e-07 -1.64422e-06  8.1375e-07 7.26353e-07 -1.55616e-06  -1.49686e-09 -9.44625e-10 -8.04865e-09  9.61186e-10 1.94233e-09 -8.52448e-09  -4.78373e-08 7.026e-09 -1.44761e-06  -2.70421e-07 -4.43963e-09 -1.31125e-06  1.71642e-09 1.22788e-09 6.50438e-10  4.07646e-09 -1.5473e-09 -1.14316e-08  -8.00299e-06 8.07315e-07 -9.04466e-07  -8.10416e-06 2.62253e-06 -4.1943e-07  -2.6498e-08 1.94848e-08 -1.10151e-07  4.20279e-06 3.15363e-06 -2.4121e-06  -5.99957e-09 -5.37627e-09 -1.0553e-09  -6.77574e-07 -5.81435e-07 -1.26983e-06  3.90712e-06 1.28722e-06 1.48397e-06  7.04365e-06 -4.31032e-07 6.59314e-07  1.12489e-09 3.16303e-10 -1.44668e-08  4.47632e-09 1.12494e-09 -1.73072e-08  1.11418e-08 3.06382e-09 -2.09132e-08  -7.63432e-10 2.08107e-09 -1.07692e-08  -2.75951e-07 5.04964e-07 -1.2879e-06  2.85795e-09 6.64103e-09 -1.26717e-09  3.9019e-09 6.53259e-09 -9.8341e-10  -5.74309e-07 -8.55588e-07 -1.55729e-06  3.39397e-09 -2.91277e-07 -1.3054e-06  2.57792e-07 3.18269e-06 1.52963e-06  -1.76981e-07 9.9215e-08 -1.17639e-06  -2.63963e-07 1.80322e-07 -1.00019e-06  1.72235e-09 3.88922e-10 9.49367e-11  -6.13468e-09 5.43488e-10 -2.25038e-09  -1.22358e-06 1.32012e-06 1.2723e-06  -2.31566e-06 2.96681e-06 1.47142e-06  3.71037e-07 5.96757e-07 -1.43401e-06  -4.48158e-09 5.39041e-09 -1.48066e-09  -2.1505e-09 5.61491e-09 -9.14886e-10  -5.41191e-10 4.65315e-09 -4.97219e-10  -9.20519e-10 4.56933e-09 -1.14803e-09  -5.71352e-10 4.20243e-09 -2.25299e-09  1.42997e-09 4.83455e-09 -1.50487e-09  -1.62729e-09 1.9438e-09 -1.203e-08  -1.58277e-09 5.5353e-09 -1.70358e-08  1.3898e-06 1.06903e-06 -2.76463e-06  -6.01834e-07 -2.82428e-08 2.99501e-07  -3.21727e-07 6.10082e-06 -2.18285e-06  2.58193e-09 2.92558e-09 -2.35713e-09  1.29647e-08 4.03766e-09 -5.55741e-08  2.81592e-09 7.28099e-09 -2.27331e-09  2.64106e-10 -3.11431e-10 3.5425e-10  -1.43654e-10 -3.47852e-11 1.29012e-10  3.10725e-07 4.44407e-08 -1.33443e-06  -2.26157e-09 -1.1391e-09 -7.09012e-09  -2.66721e-09 -1.10099e-09 -4.54179e-09  -1.01653e-09 -1.73063e-10 -5.96419e-09  4.8113e-09 -2.50886e-09 -1.55528e-08  2.05651e-09 2.3584e-10 -1.87711e-08  -2.5791e-09 8.49467e-10 -4.12844e-09  -3.65663e-09 9.88467e-12 -2.66675e-09  -2.619e-09 1.24284e-09 -2.24081e-09  -1.6634e-08 6.17326e-08 -2.3821e-07  -1.4298e-09 4.08356e-08 -2.01232e-07  -3.57162e-10 -3.29484e-09 3.63216e-10  3.52112e-07 -2.48755e-06 -2.74692e-06  1.17317e-06 -6.89177e-06 -1.63923e-06  1.16978e-06 -3.43437e-06 -2.49024e-06  2.51568e-06 6.45557e-06 1.20714e-06  1.78137e-09 1.10707e-09 -1.46385e-08  -4.32802e-06 5.33912e-06 8.24382e-07  -6.12451e-06 -4.71827e-06 -1.38512e-06  -7.02673e-06 -5.16366e-06 -2.9272e-07  3.66029e-09 -3.78137e-09 -1.67848e-09  -4.49939e-10 1.08746e-07 -3.33895e-07  -4.00942e-08 -2.06679e-08 -1.32558e-07  3.66439e-06 4.60761e-06 -2.15689e-06  -9.85997e-11 -4.59804e-11 4.40579e-10  -8.30933e-09 5.77879e-09 -2.22629e-08  -9.19846e-09 -1.50602e-08 -3.73205e-08  -4.77667e-07 -1.36149e-06 -1.69178e-06  -3.86369e-08 -2.05946e-07 -1.59822e-06  -4.59142e-09 1.99161e-08 -6.31728e-08  -5.83489e-09 1.21017e-08 -4.52855e-08  -1.73039e-09 6.49475e-09 -3.03169e-08  -2.16832e-10 -5.80435e-10 2.0142e-10  3.50441e-06 1.32843e-06 -2.67884e-06  1.69134e-09 4.01348e-10 -1.03311e-10  -1.22769e-08 -1.03464e-08 -3.65386e-08  -7.51734e-09 -7.97084e-09 -2.93231e-08  2.10386e-08 -4.3777e-09 -4.67638e-08  2.61059e-08 -2.37135e-09 -6.19416e-08  4.20514e-09 4.39426e-10 2.09091e-10  1.83963e-08 3.26203e-08 -1.1434e-07  7.98851e-06 3.6993e-06 -7.65573e-07  7.65383e-06 1.98373e-06 -6.12303e-08  -2.24239e-07 1.29207e-07 -1.44119e-06  -1.97816e-07 2.20337e-07 -1.02641e-06  -2.62965e-07 2.3875e-07 -1.53437e-06  -1.06124e-08 2.7258e-08 -6.87924e-08  9.05855e-09 -4.59879e-06 -2.34645e-06  -1.64172e-10 4.76439e-11 1.07552e-10  -1.50964e-08 -1.1736e-08 -5.42477e-08  -2.71969e-08 8.83877e-08 -3.35479e-07  4.12881e-10 -2.18051e-10 -1.01973e-08  -3.86444e-10 -1.24006e-09 -1.07636e-08  3.37162e-07 4.0438e-07 -1.48029e-06  -2.4387e-07 -1.07987e-08 -1.05713e-06  1.6311e-07 9.26048e-07 1.11003e-06  -2.38087e-09 -2.31535e-09 -9.41859e-09  -8.2485e-10 -1.54674e-09 -9.84801e-09  2.26923e-09 -1.36606e-09 5.73514e-10  -2.58749e-06 -2.89184e-06 1.2872e-06  2.85586e-08 2.43014e-08 -1.48989e-07  2.47928e-08 9.46282e-09 -1.51087e-07  -6.38287e-06 3.32453e-06 -1.23838e-06  -3.30678e-08 1.83681e-08 -9.48036e-08  5.21915e-07 -9.01556e-07 -1.70796e-06  1.32504e-07 -4.31379e-07 -1.62279e-06  -1.31061e-08 3.24266e-08 -1.61635e-07  -5.5819e-09 3.45459e-09 -1.69552e-10  -4.52608e-09 4.11563e-09 -4.44996e-10  -2.41815e-07 1.69932e-07 -2.23373e-06  -1.26685e-07 -2.53817e-07 -1.08706e-06  -1.04688e-09 3.81047e-09 -1.35359e-08  -1.63799e-09 -5.42817e-09 -1.73636e-09  -3.25239e-09 -7.61606e-09 -3.97091e-10  -1.19432e-08 3.01668e-09 -2.58226e-08  1.78918e-07 -9.66815e-08 -1.24168e-06  1.94204e-07 -1.14311e-07 -1.31062e-06  4.84107e-07 -2.23501e-07 -1.58217e-06  5.4705e-09 2.50998e-09 -2.25603e-09  -3.36779e-09 -6.46968e-09 1.47283e-10  -2.10393e-09 -5.1651e-09 -5.17366e-10  -1.31563e-09 -3.04626e-09 1.45937e-10  6.81972e-09 9.71569e-09 -3.06764e-08  6.32669e-09 1.2349e-08 -4.07655e-08  -8.93853e-06 -2.12125e-06 -5.583e-07  -6.9934e-06 -1.20822e-06 -1.42556e-06  4.42054e-08 9.87857e-08 -1.96813e-06  -8.979e-07 2.94985e-07 -1.51009e-06  -5.99763e-09 -8.41343e-10 5.32198e-11  -1.12542e-06 6.68447e-07 -2.49744e-06  -3.53557e-09 -3.83732e-10 3.65629e-10  8.38225e-08 -2.50225e-08 -3.20555e-07  6.91125e-09 -1.06812e-08 -3.45792e-08  6.05278e-09 -1.05067e-08 -2.84885e-08  6.98567e-06 5.34764e-06 -7.15595e-07  5.7603e-06 4.80888e-06 8.16697e-07  5.67812e-06 3.49147e-06 1.34408e-06  -1.03395e-09 -5.40264e-09 -3.31347e-09  -2.62016e-06 -2.85193e-06 -2.59459e-06  3.64855e-07 3.79746e-06 -2.645e-06  8.33786e-09 6.02032e-10 -6.5947e-10  5.28039e-09 -1.83537e-10 -2.97041e-10  5.87954e-09 -1.53562e-09 -5.24158e-10  -3.04774e-08 6.14278e-09 5.025e-07  -3.23468e-07 -3.45513e-07 -2.40759e-06  -5.50048e-07 -4.02464e-07 -2.5141e-06  -1.21072e-09 3.12042e-09 5.42944e-10  -2.16095e-09 4.67808e-09 3.95716e-10  4.27673e-10 -4.52875e-09 3.21251e-10  2.66576e-09 -5.9941e-09 -6.4388e-10  1.56401e-07 1.14072e-07 -7.17855e-07  2.30952e-07 1.7298e-07 -8.63744e-07  6.76757e-08 4.64123e-08 -3.0037e-07  9.79448e-08 5.096e-08 -3.86221e-07  -4.16434e-07 1.68521e-06 -2.78457e-06  -7.62937e-07 9.07588e-06 -1.29536e-06  -5.24203e-08 6.57777e-07 -1.69472e-06  -2.30513e-08 2.65587e-07 -1.45787e-06  6.77449e-08 1.94683e-07 -1.82083e-06  1.32156e-06 8.73268e-06 -1.11351e-06  8.26187e-08 6.47327e-07 -1.27251e-06  -9.9919e-08 2.02919e-07 -1.24519e-06  1.63055e-06 6.51405e-06 1.32885e-06  -2.2882e-09 2.51048e-09 -7.19038e-09  -6.55628e-08 2.73776e-08 -2.92903e-07  4.22509e-08 -3.0329e-08 -1.8768e-07  4.40922e-08 -4.02499e-08 -1.66776e-07  3.0942e-08 -2.70302e-08 -1.15696e-07  2.59467e-10 -5.11487e-10 -9.12669e-09  3.90744e-06 -4.6162e-06 -1.84932e-06  2.20286e-06 -2.05917e-06 -2.46403e-06  1.43478e-06 -2.51318e-06 -2.56159e-06  -2.93608e-07 -6.01402e-08 -1.20412e-06  -7.62524e-10 -1.6184e-10 1.09593e-10  1.31496e-09 4.63174e-09 -7.12972e-10  7.99305e-08 -9.14345e-06 -5.00614e-07  1.78496e-06 -8.62328e-06 -8.12736e-07  4.13843e-09 2.36204e-09 -2.15689e-09  1.00382e-09 -7.22397e-10 -8.00045e-09  -1.98746e-09 -2.8999e-10 3.38374e-10  -1.23207e-09 -2.21773e-10 4.25077e-10  -5.86462e-07 2.95776e-07 -1.63218e-06  4.1619e-06 -2.8432e-06 -2.17497e-06  6.2135e-09 -2.5249e-09 -8.17967e-10  -3.21161e-10 -6.75545e-09 -1.13659e-08  -6.82979e-06 3.39948e-07 -1.52136e-06  -5.28243e-06 -9.07795e-07 -2.03417e-06  2.88538e-09 4.15687e-09 -3.31264e-10  -8.2024e-10 -1.65536e-10 2.42229e-10  9.01406e-09 4.09228e-08 -1.64425e-07  -1.27176e-06 -6.77148e-07 -1.55339e-06  -4.45356e-07 -1.81606e-07 -1.74156e-06  3.05902e-08 1.02735e-08 -7.80817e-08  -4.65853e-09 -8.2281e-09 -2.87213e-08  -4.18799e-09 -2.63091e-09 -2.08263e-08  4.75897e-09 -5.83215e-09 -9.77668e-10  1.71395e-09 3.68831e-10 3.66559e-10  5.12752e-09 -2.16185e-09 -1.17106e-09  2.68473e-09 2.156e-09 -1.83665e-10  2.53251e-09 2.31185e-09 -3.52228e-12  -1.62509e-09 -5.39939e-09 -1.76487e-08  -1.38437e-07 -6.81068e-08 -8.9004e-07  -1.89365e-07 -3.45005e-08 -1.0421e-06  -1.4799e-07 -5.55622e-08 -7.66223e-07  -4.55332e-07 -2.62435e-06 -2.72886e-06  -6.48001e-08 1.72585e-07 -1.44804e-06  1.83546e-09 -1.07029e-09 3.59535e-10  -6.32696e-09 2.31462e-09 -1.82321e-09  -4.2452e-09 3.82417e-09 -2.36176e-09  3.45317e-07 1.09029e-06 -1.43741e-06  1.42167e-08 6.06235e-08 -2.90381e-07  8.14313e-08 3.54738e-08 -3.28142e-07  9.20116e-08 9.33779e-09 -3.30061e-07  4.88429e-07 -5.78686e-07 -2.39173e-06  -3.87523e-09 -4.15927e-09 -1.05963e-09  -5.62559e-07 8.64186e-07 -1.64216e-06  -3.89929e-07 9.57689e-07 -1.30973e-06  8.80422e-09 2.49882e-09 -2.38459e-08  5.34493e-09 -3.46323e-09 -3.29321e-10  -3.02949e-06 2.61491e-06 -2.46483e-06  -1.03119e-06 -2.33604e-07 -1.22363e-06  -1.37814e-06 -1.66733e-07 -1.15756e-06  8.8729e-07 -9.4288e-08 -1.72173e-06  5.83788e-08 -1.62414e-07 -6.704e-07  7.55365e-08 -1.27941e-07 -7.37925e-07  5.97044e-09 5.53029e-09 -8.68572e-10  -3.44089e-08 9.51352e-09 -9.48659e-08  -3.89261e-08 3.19554e-09 -1.06804e-07  6.27059e-06 -3.14504e-06 -1.60252e-06  -2.07925e-09 2.46783e-10 4.37172e-10  -1.06327e-09 -3.50662e-09 3.22728e-10  -2.73514e-08 3.6049e-09 -7.65129e-08  1.7059e-07 1.81888e-07 -1.24219e-06  8.20969e-09 -2.74105e-09 2.64287e-10  5.41848e-09 -3.21203e-09 -2.78024e-10  3.37653e-09 -1.69522e-09 3.66184e-10  3.24591e-08 1.54205e-08 -1.03178e-07  3.70219e-08 6.14812e-09 -9.71112e-08  -4.64858e-09 1.8832e-09 5.49549e-11  1.80551e-09 -7.28726e-09 -1.03581e-09  1.17837e-09 -8.32017e-09 -1.35891e-09  -6.44954e-09 -3.27995e-09 -4.38766e-10  1.18599e-08 1.62342e-07 -1.19511e-06  4.53868e-09 2.05445e-09 -3.5964e-09  1.8153e-09 1.69865e-09 -5.72733e-09  3.45668e-07 1.92029e-07 -1.6092e-06  -8.13729e-06 -2.50471e-06 7.06562e-07  1.55146e-09 4.17413e-10 1.8541e-10  1.33187e-09 6.22918e-10 4.70524e-10  -3.34298e-06 -2.36728e-06 -2.5528e-06  -2.1171e-06 -7.5892e-07 -2.71944e-06  -6.64444e-09 -2.35287e-10 -2.28816e-10  -5.73536e-09 7.04267e-11 -1.07165e-11  -4.27224e-08 -7.36514e-08 -3.52683e-07  -4.23814e-08 -3.77329e-08 -3.55515e-07  8.93374e-07 2.28573e-06 -2.70314e-06  2.34053e-10 -6.21736e-09 -7.68654e-10  1.44513e-06 6.43315e-06 -1.97405e-06  -1.73318e-08 -9.22899e-08 -5.52542e-07  3.31261e-09 3.04201e-11 -4.27199e-09  7.42116e-09 -1.04641e-09 -8.72335e-10  -5.27928e-08 -1.64841e-08 -1.61096e-07  2.42902e-07 -7.93539e-09 -8.57452e-07  -3.23084e-09 3.67008e-09 -5.9894e-10  -7.91896e-06 -3.69172e-06 -6.57729e-07  2.08391e-10 2.07128e-09 -5.53466e-12  -5.70515e-09 1.43665e-09 -2.11522e-08  2.29165e-09 -6.62889e-11 -1.34068e-08  -6.79054e-06 -2.9564e-06 -1.6496e-06  2.29103e-08 1.54241e-08 -7.15784e-08  3.59785e-09 2.44404e-09 -2.9507e-09  7.24885e-09 -2.5095e-09 -5.33199e-10  -5.18422e-09 4.266e-09 -1.46333e-09  -4.4845e-09 4.07269e-09 -1.85858e-09  -1.56069e-09 -3.7859e-09 -1.79937e-09  2.2239e-10 -4.20391e-10 3.77775e-10  -1.91569e-08 6.75101e-09 -6.69635e-08  3.38247e-09 1.82832e-09 7.66093e-11  -7.00158e-09 3.83825e-09 -5.98764e-10  9.68753e-08 2.50347e-07 -2.11156e-06  1.68797e-07 7.21879e-07 -2.41341e-06  -8.46794e-08 2.88105e-07 -1.37504e-06  -1.44065e-07 5.39725e-07 -1.62731e-06  -3.32251e-06 6.50737e-06 -1.35367e-06  6.36501e-11 -1.89924e-10 2.02095e-10  6.39586e-06 2.74015e-06 -1.68362e-06  5.799e-09 2.11499e-07 -8.53794e-07  3.12422e-08 2.50903e-07 -1.0158e-06  5.1143e-08 -4.33506e-08 -2.42595e-07  -1.00851e-09 -5.27842e-09 4.05113e-10  -1.02332e-08 2.86301e-08 -1.01465e-07  1.59881e-10 2.76474e-09 2.58891e-10  3.26162e-09 -3.90209e-09 -2.02605e-09  2.21678e-09 -4.79242e-09 -2.11914e-09  -1.49044e-07 4.42073e-08 -6.86569e-07  -1.0958e-07 1.78459e-07 -8.73468e-07  1.07558e-06 -5.04157e-07 -1.54417e-06  -1.35436e-10 -2.59517e-09 -1.00664e-08  1.13125e-07 -3.63584e-08 -8.08487e-07  -1.49846e-07 -1.06535e-06 -1.36506e-06  -2.52394e-08 2.06246e-07 -9.7365e-07  4.70083e-08 2.73552e-07 -1.00544e-06  3.27401e-07 -2.56102e-08 -9.84603e-07  -6.83546e-09 -2.2027e-08 -9.84748e-08  -3.30183e-09 6.01925e-09 -3.37105e-10  7.63994e-08 -6.43476e-08 -3.30975e-07  -2.34469e-09 8.4173e-10 2.55768e-10  -7.55332e-08 1.11725e-08 -2.79011e-07  2.78503e-09 -2.84267e-09 1.99417e-10  -5.02229e-09 -2.43356e-10 -9.79112e-11  1.54424e-06 1.79274e-06 1.48912e-06  6.60339e-09 3.2605e-09 -7.31803e-10  -6.92182e-09 -1.69048e-08 -5.49108e-08  8.7276e-10 2.49914e-09 2.74417e-10  -6.18185e-08 -2.55874e-08 -1.98661e-07  -5.31465e-08 -2.96837e-08 -2.37796e-07  5.29209e-09 -4.02577e-09 -9.25599e-10  8.24263e-08 -7.1704e-09 -2.55166e-07  6.83852e-08 -2.21624e-08 -2.44283e-07  4.92657e-08 4.79676e-07 -1.59619e-06  3.49774e-11 -9.59068e-11 -9.51729e-09  1.30966e-09 -1.9779e-09 -1.39316e-08  -9.21928e-09 -1.33985e-08 -5.3344e-08  -7.55496e-08 1.69239e-07 -1.12641e-06  5.19244e-08 1.20193e-06 -1.6107e-06  1.25738e-09 7.57074e-10 -8.92366e-09  -2.19637e-10 -5.22634e-09 -7.02396e-10  1.51474e-09 -6.61801e-09 -7.76185e-10  -4.62645e-10 -6.45208e-09 -4.25956e-10  3.79856e-06 5.56488e-06 1.22636e-06  2.54746e-06 3.34447e-06 1.56545e-06  -3.83072e-09 2.13755e-09 -5.38087e-10  -3.84173e-09 -4.55317e-09 2.06131e-10  -1.26881e-09 -1.76348e-10 -8.43463e-09  -4.88724e-10 -2.47214e-09 -7.15521e-09  6.60097e-11 2.63396e-09 -4.23007e-09  4.22301e-09 -7.46618e-11 -1.31893e-10  6.64572e-09 1.13231e-09 2.6366e-10  4.29872e-09 2.79345e-09 1.33243e-10  -4.30179e-09 -4.80097e-08 -1.53612e-07  6.54989e-10 5.66962e-09 -1.44635e-09  -7.86157e-10 5.52222e-09 -7.1753e-10  1.75014e-09 7.56041e-10 -7.67838e-09  -3.95445e-09 -3.25691e-10 -1.27671e-08  -5.35009e-09 6.64884e-10 -5.27742e-10  1.03302e-08 4.07724e-08 -1.01877e-07  1.41231e-08 3.53535e-08 -8.24522e-08  -1.96833e-07 1.0042e-07 -9.25445e-07  -1.5135e-08 -6.75099e-08 -1.94815e-07  2.74492e-09 4.15827e-09 -1.70099e-09  -3.24895e-09 -1.57554e-08 -4.0886e-08  4.64796e-10 -2.32858e-08 -6.5173e-08  -3.60462e-09 -6.48335e-09 7.82263e-11  -4.3004e-09 -4.81359e-09 4.49201e-10  9.17611e-10 2.92774e-09 2.49691e-10  -5.85595e-10 8.45869e-09 -1.53291e-09  3.1378e-07 5.31394e-08 -1.64105e-06  -9.33283e-08 -4.93005e-08 -4.50398e-07  -2.4449e-09 3.50882e-09 5.83264e-10  -1.63982e-07 -7.00244e-08 -5.89599e-07  -1.66359e-07 -9.36937e-08 -6.43578e-07  6.94226e-09 -9.03185e-09 -2.76291e-08  6.30934e-09 -2.18769e-09 -5.2034e-10  -3.16645e-08 -6.8567e-08 -3.20664e-07  -2.36792e-08 -5.97891e-08 -2.47505e-07  -2.31679e-07 1.66705e-07 -1.97436e-06  -1.77506e-09 3.9709e-09 -1.37101e-08  1.53929e-09 2.05067e-09 -4.73153e-09  5.42875e-09 -2.70394e-09 -1.84788e-09  8.50663e-11 -5.51684e-09 -1.23923e-08  -2.10383e-09 2.91206e-09 -1.13009e-08  4.06917e-07 1.08637e-06 -1.71247e-06  1.05657e-08 -1.55662e-09 -3.30373e-08  -2.66907e-07 7.79014e-08 -1.41832e-06  1.67409e-08 3.1575e-08 -1.66757e-07  5.23878e-08 1.94255e-09 -1.99124e-07  -6.91576e-06 1.9963e-06 -1.3377e-06  1.72841e-07 3.18473e-08 -7.42943e-07  -1.17088e-09 7.16852e-09 -1.33715e-10  1.3723e-09 -5.81438e-09 -1.21041e-10  -1.82682e-09 1.59397e-09 1.84113e-10  -7.64515e-09 1.51231e-09 -7.03254e-10  8.47054e-09 2.48312e-09 -3.07804e-08  7.70004e-06 -1.12802e-06 -7.13936e-07  -1.66456e-07 1.66984e-08 -5.1617e-07  2.21842e-09 -9.32562e-09 -3.24572e-08  2.77986e-06 -3.4722e-06 1.24132e-06  3.69194e-09 -3.43669e-09 -2.70674e-09  6.39436e-10 2.60732e-09 -4.1551e-09  5.734e-09 -9.55519e-10 -2.1625e-10  2.18921e-09 4.61707e-09 -1.16809e-10  4.16284e-07 3.59917e-07 -1.59367e-06  5.73165e-07 2.35942e-07 -1.66503e-06  -7.93064e-08 -8.99308e-08 -4.92297e-07  -1.10232e-07 -8.67114e-08 -7.51687e-07  7.04891e-09 4.78442e-09 -1.76411e-09  -2.27172e-09 -3.22362e-09 1.43679e-10  -5.70688e-09 -5.3753e-10 -3.24981e-10  -6.50041e-09 -2.10052e-09 -3.28486e-10  9.90919e-09 -3.32339e-09 -3.14099e-08  1.28445e-08 -5.9261e-09 -3.97586e-08  5.51789e-09 -4.17989e-09 -2.29332e-08  -1.28855e-08 2.71211e-09 -4.45708e-08  2.89637e-07 -3.41516e-07 -1.65833e-06  6.86336e-06 -3.82768e-06 -8.59757e-07  -4.77051e-08 -3.36844e-09 -1.50171e-07  -7.17808e-09 -3.03238e-09 8.75286e-11  -1.51712e-06 6.73656e-06 -1.96126e-06  6.94453e-09 2.00317e-09 -2.0212e-08  -2.86669e-09 -1.1543e-09 -1.49222e-08  -2.04502e-08 -1.38232e-09 -6.07775e-08  1.1091e-08 4.12926e-09 -2.61143e-08  -1.79047e-07 -3.10676e-08 -8.88154e-07  -3.67345e-10 -5.34773e-09 -1.44171e-09  -3.40695e-07 -1.26982e-07 -1.25248e-06  -1.53027e-06 -2.56207e-06 -2.77745e-06  4.57369e-09 -1.70512e-09 -2.98455e-09  2.96283e-08 3.00305e-09 -7.32517e-08  5.7793e-06 5.18647e-06 -1.64677e-06  1.41879e-09 4.31454e-10 -6.16801e-09  1.59052e-09 5.47174e-09 -1.18714e-09  -2.666e-07 1.11801e-06 -1.62354e-06  -6.19784e-10 -1.17105e-09 -4.45211e-09  -2.44515e-09 -1.86909e-09 -4.2435e-09  1.03092e-07 -4.07206e-08 -5.07381e-07  1.21999e-06 8.67444e-08 -1.51851e-06  6.38804e-07 1.75316e-07 -1.41694e-06  1.13861e-06 4.24111e-07 -1.51208e-06  -1.84736e-09 5.27624e-09 -2.54983e-09  3.6083e-06 -7.23432e-06 -8.3711e-07  2.56077e-06 -6.03554e-06 -1.76894e-06  -1.04371e-08 3.43864e-08 -8.34169e-08  -2.17555e-07 -8.55375e-08 -1.2409e-06  2.29266e-09 -1.64336e-09 -3.99178e-09  2.46753e-09 -1.3632e-09 -6.55002e-09  -1.65911e-09 3.17949e-08 -1.00581e-07  -2.89089e-07 5.43029e-07 -1.65502e-06  -1.03981e-07 -2.82379e-07 -1.4793e-06  -2.79603e-09 3.29622e-09 -2.80898e-09  2.02002e-09 3.15099e-09 9.88538e-11  4.84472e-08 -1.92785e-07 -1.37264e-06  -4.18478e-10 1.01891e-09 -4.58316e-09  -9.15957e-10 2.87536e-09 -3.70235e-09  -1.22173e-08 4.07076e-09 -2.76187e-08  1.97545e-06 -5.81953e-08 -2.74235e-06  2.51429e-06 -7.3632e-07 -2.72268e-06  -5.0262e-09 -1.08098e-09 -4.23403e-10  -6.49545e-10 1.6268e-09 -7.06941e-09  4.26976e-09 4.60388e-09 8.86463e-11  -5.96277e-07 -6.74723e-06 -1.74411e-06  3.41688e-09 -2.02915e-09 -3.43925e-12  1.73923e-07 -3.12006e-07 -1.34074e-06  -3.92206e-06 -6.54432e-06 -1.31906e-06  -1.08426e-08 -7.85596e-09 -3.09852e-08  -5.68133e-09 -3.31141e-09 -2.24615e-08  3.14229e-09 -3.03231e-09 4.71043e-10  7.37812e-08 3.2243e-10 -4.4161e-07  4.50491e-08 -5.13859e-09 -1.66035e-07  5.3978e-10 -1.50097e-09 -5.22189e-09  -1.6908e-08 1.76199e-08 -7.83486e-08  3.59327e-09 -5.88525e-09 2.32627e-10  8.1884e-08 -4.89047e-08 -3.80801e-07  7.85033e-09 2.73537e-08 -7.39392e-08  -4.71767e-06 -3.36849e-06 1.13911e-06  -1.4961e-09 5.18634e-09 -2.25884e-09  -1.27708e-07 -2.07433e-08 -6.71659e-07  -1.61046e-09 7.21241e-10 -6.42188e-09  2.35464e-08 2.26833e-08 -1.23888e-07  -3.62673e-08 9.07745e-08 -5.58765e-07  -2.89263e-08 1.07487e-07 -5.02795e-07  4.85847e-08 -2.12948e-07 -1.12183e-06  5.57405e-07 -5.96435e-07 -1.22952e-06  5.59614e-07 -1.83774e-07 -2.25522e-06  -6.27154e-10 4.54847e-09 -3.84701e-11  -1.26143e-09 2.14269e-09 -5.1238e-09  1.99929e-07 -4.97972e-07 -1.65269e-06  1.82784e-09 3.97909e-09 -8.72909e-10  4.14801e-08 3.07909e-08 -2.09928e-07  2.65466e-10 -4.08302e-11 -1.05744e-08  3.10625e-09 -5.22748e-11 -3.80389e-09  1.02736e-09 -4.12883e-09 -1.46108e-08  -5.8207e-08 1.85467e-07 -7.33296e-07  -2.9904e-08 2.20234e-07 -7.80144e-07  -7.12494e-09 -1.72738e-08 -3.89084e-08  -5.72154e-09 -1.0327e-09 -2.00411e-09  1.35103e-08 -4.00977e-08 -2.34174e-07  2.9505e-08 1.15831e-07 -1.58762e-06  -1.58502e-07 1.0563e-07 -8.15966e-07  -2.49358e-09 6.14991e-09 -7.48735e-10  5.77534e-10 -3.16476e-09 -4.94459e-09  7.44566e-10 -3.1206e-09 -3.25424e-09  7.28828e-08 -8.91144e-08 -3.99846e-07  2.39664e-09 4.82054e-09 -5.18084e-10  9.3155e-10 3.61193e-09 -1.97649e-10  3.30562e-10 3.94236e-09 -1.36001e-11  2.82373e-08 7.88623e-08 -3.79713e-07  -2.32204e-10 -1.60672e-09 -5.62628e-09  -3.48982e-10 -2.52521e-09 -5.45364e-09  -7.5459e-09 1.35343e-09 3.84023e-12  5.21567e-09 -4.92966e-09 -1.6619e-10  3.49163e-07 2.76363e-07 -2.15599e-06  6.87085e-07 -2.45822e-07 -1.23964e-06  5.91565e-09 -1.56632e-09 -1.95118e-09  4.56462e-09 -1.01196e-09 -2.71546e-09  6.55919e-09 -7.10153e-10 -1.75547e-09  3.70144e-09 -3.26363e-09 -1.26599e-10  9.40442e-07 5.99975e-07 -2.50813e-06  1.93851e-08 -7.91442e-08 -4.30861e-07  -3.94753e-09 -6.08986e-07 -1.54703e-06  1.0092e-08 -2.28178e-09 -2.90113e-08  1.01813e-07 3.78689e-08 -5.32699e-07  1.60878e-07 -2.60254e-07 -1.02591e-06  -2.55125e-07 -2.41194e-07 -1.49991e-06  1.37471e-09 2.5561e-09 -2.08882e-10  5.70878e-09 1.73296e-09 -4.84194e-10  -8.4892e-08 9.37803e-08 -3.24566e-07  2.96121e-09 -2.37196e-09 -3.6941e-09  3.83251e-08 4.80195e-08 -2.94678e-07  -1.42096e-09 4.36432e-09 -4.3472e-09  8.32872e-10 4.18359e-09 -3.35052e-09  3.20825e-08 -1.69963e-08 -1.50022e-07  5.64999e-09 4.12957e-09 -5.14409e-10  -1.66518e-08 -1.00859e-08 -4.25906e-08  7.80597e-08 -9.92795e-07 -1.40886e-06  -8.34142e-07 7.48911e-07 -1.62274e-06  -3.73475e-09 3.12625e-09 2.41943e-10  1.40379e-07 7.5809e-08 -7.15745e-07  -1.02059e-08 1.01783e-07 -6.30733e-07  2.82857e-09 5.76321e-09 -5.48726e-10  -7.28307e-08 -1.66491e-08 -2.31636e-07  -9.42199e-10 -6.61759e-09 -2.27351e-09  -7.59408e-10 -1.55504e-09 -1.25511e-08  -1.98846e-08 -2.29219e-08 -9.1168e-08  1.93079e-10 -6.55821e-10 -7.85144e-09  -1.29897e-08 4.63719e-09 -4.1308e-08  -1.53515e-08 9.64301e-09 -6.15762e-08  9.93138e-08 3.68447e-07 -1.28736e-06  5.54536e-09 2.14139e-09 -5.35257e-10  4.81507e-09 -2.98527e-09 -1.09273e-09  -4.42596e-09 -6.99535e-09 -6.13772e-10  -6.05583e-09 -5.10138e-09 -4.37256e-10  5.7868e-09 -2.68405e-09 -4.58319e-10  7.42674e-08 4.63825e-08 -2.64854e-07  6.96686e-09 -1.40287e-08 -5.31951e-08  9.68361e-09 -8.96793e-09 -4.49455e-08  5.64322e-09 3.56753e-09 -7.59153e-10  3.18211e-07 -2.45651e-07 -1.42565e-06  -4.46843e-09 1.64056e-09 3.58999e-10  2.04164e-09 -2.09734e-08 -5.46509e-08  3.30843e-09 -8.82352e-09 -1.18425e-09  -6.25214e-10 -5.06979e-09 -3.93818e-09  1.70979e-08 -3.4648e-09 -4.82192e-08  -4.70733e-06 4.20416e-06 -1.43118e-06  3.7419e-10 -1.17373e-10 -5.09683e-09  -5.63298e-09 3.46513e-09 -4.38621e-10  -1.63507e-07 4.12405e-08 -8.33423e-07  -5.73306e-08 -1.05562e-07 -4.49038e-07  1.88721e-07 -7.22743e-08 -9.94871e-07  1.70904e-09 4.24431e-09 -2.96707e-09  1.1269e-07 -1.14255e-08 -5.67622e-07  3.95917e-09 2.45439e-11 -2.63253e-09  4.92847e-09 1.99738e-09 -2.41414e-09  -4.35039e-09 1.20806e-10 -2.29621e-10  5.72062e-09 4.78304e-10 -2.91504e-09  1.0656e-08 1.03293e-08 -4.23501e-08  1.32088e-09 6.07158e-09 -8.09411e-10  -1.27294e-09 -3.78128e-09 6.85564e-10  8.71373e-07 -3.5601e-07 -2.43367e-06  8.18678e-08 -1.76946e-07 -8.73373e-07  -1.92637e-09 -4.38394e-09 -6.00021e-10  -9.98823e-08 -9.34488e-07 -1.75306e-06  -3.8232e-09 7.60274e-11 -1.97501e-08  -6.45829e-09 6.23065e-09 -2.2384e-08  2.81885e-09 8.76553e-09 -3.68052e-08  -2.41961e-09 -6.05034e-09 2.23354e-11  -1.03301e-07 5.53434e-08 -1.74729e-06  9.19865e-07 -5.22656e-08 -1.2362e-06  5.87165e-08 -6.80329e-08 -3.06724e-07  4.74747e-06 -1.10256e-06 1.4598e-06  2.12465e-07 -8.50139e-07 -2.41687e-06  3.08681e-09 -3.47922e-09 -1.84301e-08  -1.61003e-07 1.4436e-07 -8.559e-07  6.48717e-08 5.25282e-08 -2.20469e-07  -6.67652e-09 1.25064e-10 3.18275e-10  4.04525e-09 -1.43945e-08 -4.34401e-08  -8.35423e-08 -3.7299e-08 -2.94244e-07  -1.09182e-08 5.46018e-09 -3.47013e-08  -3.4413e-09 9.01672e-09 -4.58441e-10  -6.1151e-09 -5.12389e-10 -1.74343e-08  -1.18437e-09 -3.66421e-09 -2.29323e-09  -9.31399e-10 -1.27992e-09 -1.29855e-08  7.64765e-08 -7.33654e-07 -1.75284e-06  1.53544e-09 1.91427e-09 -1.06307e-08  5.73817e-08 -9.72376e-08 -3.40103e-07  7.58567e-07 1.20442e-07 -1.71167e-06  -1.15313e-09 4.24845e-09 -3.7591e-09  3.23257e-09 -4.87029e-09 -1.97593e-08  -6.04484e-08 6.49966e-08 -2.60292e-07  5.14174e-09 3.62557e-10 -2.24591e-10  1.25049e-10 -5.9546e-08 -1.65909e-07  -1.96757e-09 -1.27515e-09 -1.45013e-08  
            </DataArray>
            <DataArray type="Float64" Name="Force" NumberOfComponents="3" format="ascii">
               0 0 0  -1.01166e-08 -4.33609e-09 3.04633e-10  2.22516e-07 -6.17899e-07 1.99903e-10  2.32881e-07 -5.35125e-07 3.43048e-10  -1.46584e-08 -5.65862e-08 5.45595e-10  -1.20873e-08 -2.68219e-08 -3.98408e-10  0.000160807 -0.000606684 -2.43526e-05  3.15293e-08 -3.02784e-07 8.06649e-10  -6.37564e-08 -3.25768e-07 -3.49689e-09  -1.4612e-08 -2.22733e-07 -3.31267e-10  4.39949e-09 1.03167e-08 -1.16714e-10  0.000909871 -0.000728112 -2.95306e-05  0.00136172 -0.000118657 -2.3385e-05  7.27906e-05 0.000206039 7.08042e-07  6.52973e-05 0.000115976 6.38808e-07  0.000146372 0.000192335 7.01306e-07  -2.2713e-08 -2.93533e-08 1.04235e-09  0.000356937 -0.000387242 9.35144e-06  -3.70681e-10 -4.96867e-09 6.84019e-11  2.90295e-09 1.12661e-08 -1.47858e-10  -3.71206e-10 -2.13917e-09 -4.71139e-10  0 0 0  0.000992065 0.000490809 -1.90654e-05  2.85104e-08 -4.2004e-08 -4.73937e-10  -2.60388e-09 -2.73717e-08 -1.59649e-10  -3.17215e-08 -9.30491e-09 -6.63672e-10  2.07729e-08 -4.60187e-09 -5.26208e-10  0 0 0  1.82915e-08 -1.92843e-08 -8.71312e-10  7.00067e-09 -5.99259e-09 2.15181e-10  0.000940379 0.000885388 -2.73065e-06  0.000938229 0.00068124 -2.8385e-05  -4.68242e-08 -1.15894e-07 7.56859e-10  0 0 0  -0.000230493 0.000477876 1.08657e-05  -0.000437812 0.000893306 -1.4984e-05  9.00723e-09 -4.98552e-09 2.36433e-10  5.3367e-08 -7.70309e-08 -1.7205e-10  0.000464575 1.84346e-05 7.54615e-06  0.000171386 2.56488e-05 3.21695e-06  0.000174658 -2.60959e-05 3.04642e-06  -0.000309441 -0.00104068 -2.43992e-05  -0.000169833 -0.00108851 -3.00311e-05  5.9592e-08 -5.69628e-08 -1.66961e-10  1.31537e-07 -1.4231e-07 2.86166e-09  0 0 0  -1.2889e-05 1.781e-05 9.94732e-08  -2.96678e-05 2.54745e-05 2.04982e-07  -0.000358177 0.00110045 -1.93613e-06  0 0 0  0.000285084 0.000464206 1.06758e-05  -0.000732271 -0.000836413 -1.67876e-05  -0.000536857 -0.00093632 -2.5505e-05  0.000490833 0.000436504 -6.76814e-06  0 0 0  0.000989093 0.000798133 -4.55444e-06  0.000261824 0.000539355 -2.32722e-05  0.00119888 0.0005708 -1.74851e-05  -0.00184487 0.000690656 -7.51318e-06  -0.00048932 0.000274277 9.0753e-06  -0.00106065 0.000387964 -9.155e-06  5.69101e-09 -3.26312e-08 -6.91262e-10  0 0 0  -0.000439129 -0.00102542 -2.22732e-05  0.000546916 -4.98443e-05 -2.076e-05  0 0 0  -4.1524e-07 8.9212e-08 6.47944e-09  -2.05819e-07 -4.5928e-08 6.08782e-10  -3.79641e-07 -2.97116e-08 3.99304e-09  0.000382232 0.000395823 -3.10589e-05  -1.35416e-06 -1.81968e-05 6.34431e-08  -1.34557e-06 -4.74997e-05 1.71304e-07  -0.000778584 -0.00088563 -2.39207e-06  0 0 0  -3.87863e-09 4.07619e-09 1.5965e-10  0.00283537 2.46369e-05 -3.86879e-05  -0.00021492 -0.00113666 -6.12366e-06  -2.03538e-08 -1.31282e-06 9.60956e-10  1.55238e-07 -8.29178e-07 4.35968e-10  1.43862e-07 -1.71175e-07 -5.04123e-10  1.22412e-07 -1.04525e-07 9.59624e-11  0 0 0  3.9582e-08 -9.29173e-08 -1.17222e-10  1.95108e-08 -9.34265e-08 -4.21779e-10  -3.61482e-05 -0.000550331 9.50827e-06  3.16749e-08 2.57244e-08 -1.30244e-09  5.12292e-08 5.14978e-08 -8.43514e-10  0 0 0  3.91932e-08 -1.57888e-08 -7.1528e-10  1.82302e-10 -2.44255e-09 -4.80114e-11  4.72119e-06 -1.11047e-05 2.25357e-08  6.62467e-06 -7.77813e-06 1.80692e-08  -1.80367e-06 -9.46028e-07 7.50467e-10  1.43894e-05 3.48295e-05 1.61315e-07  2.632e-05 4.1651e-05 2.52754e-07  1.0848e-05 1.55784e-05 8.22825e-08  0 0 0  -1.98247e-05 1.07369e-05 9.5809e-08  -1.83326e-05 9.83796e-06 6.8652e-08  -2.15929e-05 5.2218e-06 6.95343e-08  -1.32005e-09 4.58904e-09 -1.72708e-10  -2.42363e-08 3.122e-09 -3.48098e-10  0.000351915 -0.0017787 6.09514e-05  0.000861073 -0.00131958 4.58624e-05  0.000365547 -0.000874171 -2.07901e-06  5.35395e-05 2.22393e-05 3.10471e-07  6.66013e-05 1.44077e-05 3.76506e-07  0 0 0  -6.74644e-09 2.89908e-09 2.26809e-10  0.00124646 -0.0003706 -1.21057e-05  -0.00225222 -0.000826584 -4.37405e-05  0 0 0  0.00181003 -0.000693584 7.73629e-06  0.00158791 -0.000889848 -1.94576e-05  0.000997187 -0.000729357 2.25796e-05  -0.00169479 -0.000246374 -3.98467e-05  -0.00042904 -0.000376314 1.41844e-05  -1.30642e-07 -7.15873e-08 -1.34377e-09  -8.96592e-09 -8.69433e-08 -1.76297e-10  5.43912e-10 -1.06364e-08 2.64214e-10  -1.442e-08 -1.86479e-08 -7.42623e-10  -5.04257e-09 -5.31201e-09 1.80471e-10  -0.000402991 0.000354453 1.29684e-05  -0.000437736 0.00045984 -1.75731e-05  0 0 0  0.000424423 -0.000185999 2.91923e-06  0.00101063 -0.000626064 -2.63008e-05  2.31334e-10 1.46723e-09 -1.25434e-10  -0.00040796 0.00124864 -6.91543e-06  -0.000148052 0.000432548 3.92936e-06  -0.000160168 0.000989375 2.17094e-05  4.06471e-06 -7.66809e-06 1.64867e-08  5.47908e-06 -5.89622e-06 1.70175e-08  -0.000107269 0.000128375 2.09473e-06  -0.000140119 0.000193269 4.15466e-06  -6.2815e-05 0.000138083 2.75766e-06  0.00036036 -0.000466999 -2.19758e-05  0.00112716 -0.000550474 -2.33411e-06  0.000428942 -0.00100071 -2.35935e-05  0.000179725 -0.000499675 -3.25925e-05  -5.6458e-05 -0.000173788 1.75308e-06  0.000131791 0.000529212 -3.56437e-06  1.59381e-08 -1.60062e-09 5.04476e-10  0.000213668 -0.00108223 -2.12622e-05  0.000439775 -0.00100735 -1.6783e-05  0.000110243 -0.00116789 -1.81844e-05  -4.17727e-09 5.9288e-09 -4.1717e-11  -0.000551571 6.68909e-05 1.08729e-05  -0.0011543 0.000290634 3.80309e-07  4.89746e-08 1.67459e-08 -1.61047e-10  1.16065e-08 6.01489e-09 1.47656e-10  0.000283675 0.000519389 1.50041e-05  0.000234241 0.000486241 9.90481e-06  0.000497779 0.000594384 4.19564e-06  4.39637e-08 -3.05379e-08 5.02058e-10  1.86981e-10 -1.05953e-09 -1.05493e-11  -5.77657e-05 -0.00106413 -5.94752e-06  0.000289523 -0.00159943 -4.47413e-05  2.85861e-07 -3.1952e-07 -1.3881e-10  -4.44582e-08 -2.78228e-07 -4.42653e-10  0.00104368 -0.00131713 -5.98068e-05  6.03309e-08 -5.1458e-08 -6.59423e-10  -0.0001293 -0.000384009 1.28784e-05  0 0 0  0.000613955 0.000181359 -1.05456e-05  6.83305e-10 2.5799e-09 2.81096e-11  3.5863e-09 9.57821e-09 2.37661e-10  -8.89564e-05 0.000604251 -2.37148e-05  -9.1501e-08 -1.49139e-08 -6.7703e-10  -5.16899e-08 -1.62143e-08 1.56807e-09  6.3976e-08 3.47183e-08 1.88427e-09  1.15197e-07 4.61245e-08 -1.14252e-10  1.79593e-07 3.60038e-08 7.89572e-10  -2.17657e-08 -3.49095e-08 -1.27829e-09  3.14958e-05 0.000605669 -2.43243e-05  0 0 0  0 0 0  0.000260022 -0.000409765 7.12593e-06  -6.80478e-05 5.71728e-06 1.16366e-06  -8.2208e-05 -1.44393e-05 -6.20626e-07  -0.000115313 6.31377e-06 5.6051e-07  8.6418e-05 -0.000121398 5.71189e-07  4.96521e-05 -7.96845e-05 6.68879e-07  -0.00181779 7.75069e-05 -6.02075e-05  -4.32462e-08 1.85636e-08 1.27801e-09  1.24218e-08 1.86815e-08 3.10623e-10  -4.11112e-06 4.68059e-06 9.71153e-09  -4.58522e-06 6.24279e-06 1.2881e-08  -1.55706e-05 -7.17593e-05 5.08209e-07  -3.45624e-05 -6.19544e-05 6.18433e-07  1.12625e-06 -6.45777e-07 1.14203e-09  0.000346413 0.000967757 -2.07685e-05  1.21131e-07 2.21099e-08 -8.38106e-11  -0.000509391 0.000222145 -1.75436e-06  0.000673453 0.000197118 -8.80271e-06  0.000821592 6.42648e-05 -2.49415e-05  -2.22642e-06 1.40035e-06 2.77942e-09  -8.24956e-07 7.48845e-07 1.03827e-09  -7.74991e-08 3.71008e-09 -2.10278e-10  -1.33176e-07 1.33112e-08 1.19144e-09  -1.23048e-07 1.61642e-07 2.50519e-10  8.73441e-08 -7.0806e-09 -6.2167e-10  3.68377e-08 -8.40451e-09 4.82973e-10  0.00114304 -0.000345004 -2.42018e-05  -7.72693e-09 6.62778e-09 -3.20779e-10  -0.000564392 -0.00115086 4.30646e-06  -0.000428911 -0.00148676 8.51282e-06  -0.000273061 -0.00134374 1.88149e-05  2.04659e-07 -1.0166e-07 -4.58613e-11  1.74216e-07 -4.60227e-08 2.17421e-11  2.0894e-07 -9.56906e-08 2.18614e-12  0.000160937 0.000622836 -1.98035e-05  6.40686e-07 -5.00462e-07 4.72672e-10  9.35623e-07 -3.85903e-07 7.45751e-10  1.44048e-07 -3.80467e-08 1.88484e-10  1.23127e-07 -1.61776e-09 6.08301e-11  1.63347e-07 -3.66224e-08 -6.49492e-11  8.23136e-06 -4.87165e-06 1.29559e-08  8.24512e-05 0.00104984 1.10437e-05  1.4998e-08 3.83341e-08 -4.59752e-10  5.68884e-08 8.19469e-08 -4.82013e-10  1.68173e-08 2.86221e-08 1.87402e-10  1.44082e-08 -5.6012e-08 1.61658e-09  9.58685e-09 -2.33713e-08 -3.33828e-10  -1.77322e-08 3.04478e-08 4.06977e-10  -2.10183e-08 3.71681e-08 -7.70433e-10  -4.88721e-09 1.45851e-08 -1.75932e-10  -0.00111731 0.000282804 -4.93605e-05  -4.12868e-08 -2.292e-08 1.35812e-09  -8.94951e-05 0.000109413 -4.78311e-07  -9.98121e-05 0.000105515 1.42291e-06  -0.000107879 9.2148e-05 -4.78189e-07  -1.44366e-06 -1.70031e-06 1.68863e-09  -6.48719e-07 -1.16049e-06 1.1523e-09  -7.8679e-07 -2.1701e-06 2.06825e-09  -8.86359e-09 2.77896e-09 -2.84683e-10  -1.68713e-05 -4.39966e-05 2.67737e-07  1.3402e-10 2.6441e-09 4.26762e-11  0.000213046 0.000442995 -2.60073e-05  0.000296134 0.000989288 -3.00634e-05  3.78175e-08 1.00449e-08 -2.07009e-10  2.13712e-08 2.20239e-08 7.89343e-10  -5.8166e-08 -3.64345e-08 6.27785e-11  0 0 0  -0.00021836 7.30581e-05 1.81626e-06  6.14538e-08 3.61805e-08 -2.311e-10  1.39931e-08 9.55061e-09 -4.37311e-10  4.78132e-08 -1.1111e-07 1.95999e-10  6.08596e-08 -2.90976e-08 -7.17882e-10  0 0 0  9.06387e-08 -2.57992e-08 4.00982e-10  7.31481e-09 6.27006e-09 2.40272e-10  7.15782e-08 6.46845e-08 4.92466e-11  1.36736e-08 8.40332e-09 -6.16735e-11  1.79131e-08 1.17815e-08 8.07844e-11  0.000454291 -0.000390758 -2.8251e-05  -3.02964e-08 -2.2318e-09 -4.38035e-10  8.96788e-08 6.12485e-08 -1.24877e-09  -8.6373e-08 -1.75515e-07 -3.0007e-09  -0.000144002 7.49856e-05 2.76534e-06  -9.08896e-05 2.08541e-05 1.41298e-06  -0.000106477 5.82184e-05 -7.75522e-08  -3.34617e-09 -5.37127e-09 1.56055e-10  -2.44243e-07 -1.72997e-07 5.75307e-10  -2.20245e-07 -8.60608e-08 -1.47547e-10  3.22292e-05 -0.000554515 -3.09694e-05  3.12922e-05 -9.57217e-05 6.80756e-07  -2.09347e-07 4.92802e-07 7.35506e-10  -0.000736974 -0.0014946 -4.7353e-05  1.51075e-07 1.06317e-07 9.66369e-11  1.94854e-07 1.04317e-07 3.51881e-11  8.40326e-09 8.68459e-09 -3.45966e-10  -0.00101021 0.00049835 -1.80416e-05  -0.000514647 0.000357932 -2.68565e-05  -1.03735e-07 3.42932e-08 9.61128e-10  -9.51991e-08 -1.21895e-10 1.00262e-09  -0.00150437 -0.000935475 -3.76028e-05  -0.000419092 -0.000367223 -2.05181e-05  -0.00141271 -0.000939102 -1.58865e-05  0.00050212 -0.000827016 -1.86095e-05  0.000603151 0.000179453 -7.85739e-06  -8.7798e-08 2.27668e-08 -1.71353e-12  -0.00112245 0.000177558 -1.67048e-06  -0.00120756 0.000843597 5.15772e-05  -8.1238e-08 1.95501e-08 9.56748e-10  -4.31122e-05 -5.49555e-05 3.63247e-07  -4.00603e-05 -2.97078e-05 9.45961e-08  -3.63459e-05 -3.72479e-05 2.302e-07  0 0 0  0.000178922 0.00110844 -1.85716e-05  1.12619e-08 -3.88797e-07 2.25618e-10  0 0 0  -7.84155e-07 9.72716e-07 9.0733e-10  3.45511e-05 1.79139e-05 1.83032e-07  2.11328e-05 1.21546e-05 1.23126e-07  0.000566333 0.000174495 -1.17194e-05  -0.00033046 -0.000537553 -2.76799e-05  -7.7702e-07 1.22261e-06 1.11972e-09  1.83448e-08 -1.52021e-07 -1.68549e-09  3.13852e-05 -0.000541853 8.08835e-06  -0.000297443 3.78026e-05 2.11841e-06  -0.000239923 -3.67424e-05 2.63412e-06  1.54232e-06 9.55857e-07 1.77238e-09  8.95098e-07 8.94917e-07 9.40719e-10  1.48266e-06 9.4267e-07 1.91428e-09  1.35523e-05 -9.39036e-06 4.95613e-08  2.56152e-05 -2.30251e-05 1.37929e-07  1.96435e-05 -1.62517e-05 8.99598e-08  -0.000682558 0.000980042 -1.28262e-05  -6.72311e-09 4.69455e-09 2.48562e-10  0 0 0  -5.60326e-10 -8.74828e-10 -2.30234e-10  6.25199e-07 6.84004e-07 7.05543e-10  6.75802e-07 5.14558e-07 4.30899e-10  3.16357e-07 1.81567e-07 3.23557e-10  6.62063e-07 2.55359e-07 3.87344e-10  0.000235471 0.000492471 7.83686e-08  1.24682e-06 4.57682e-06 4.3838e-09  5.10255e-08 1.97945e-08 1.65449e-10  8.60771e-08 2.50873e-08 -1.09605e-10  -6.52077e-08 -6.85822e-08 2.10846e-10  -3.25842e-08 -2.7991e-08 1.22488e-09  -8.46247e-08 -1.1756e-07 1.08212e-09  -2.11446e-08 3.9228e-08 4.69443e-10  -6.88125e-08 1.05726e-07 -1.7363e-09  -2.92242e-08 -1.78069e-08 -2.35666e-10  5.5262e-06 -3.97636e-05 1.67917e-07  4.15568e-06 2.21197e-05 6.70344e-08  -0.000815683 0.000694293 -4.67373e-06  -0.000411096 0.0010714 -2.98768e-05  9.34369e-05 -4.23495e-05 1.37833e-06  0.00033564 -7.28959e-05 6.88608e-06  -5.51278e-08 -4.69275e-07 1.58419e-09  -3.43844e-08 -3.21421e-07 1.7605e-09  2.3261e-05 -7.32718e-07 1.03353e-07  -1.47006e-08 -1.25918e-08 -5.90049e-10  0.000556745 -0.000971737 -9.94115e-06  0 0 0  -5.60125e-06 -2.21239e-05 9.91273e-08  -2.28626e-05 -4.11519e-05 2.07459e-07  -1.12999e-05 -3.78185e-05 2.17697e-07  4.6741e-08 -1.61676e-07 1.18054e-09  -0.000100021 0.000973509 -6.33135e-06  -0.000146033 0.000559791 9.62327e-06  -1.89216e-08 2.18436e-08 -2.1053e-10  4.27379e-06 2.71152e-06 6.09858e-09  5.84854e-06 3.01804e-06 7.20144e-09  -0.000507786 0.00095016 -2.86531e-05  -0.000434982 0.000243138 -3.10341e-05  -0.000420239 0.000369655 -3.92384e-05  4.48817e-08 4.17018e-09 4.07973e-10  -1.67581e-08 1.16565e-08 -6.72432e-10  -1.49677e-08 3.60635e-08 6.84486e-10  -2.02246e-08 6.9101e-08 -9.17472e-10  -5.38213e-06 -2.56921e-06 7.85737e-09  -3.81362e-06 -2.75387e-06 7.24014e-09  5.8096e-07 9.26782e-07 1.04474e-09  2.52564e-07 7.62208e-07 7.63727e-10  2.04269e-07 4.42686e-07 3.2565e-10  2.08274e-07 3.25228e-07 2.0809e-10  7.93863e-08 1.14023e-07 8.23015e-11  2.68817e-07 2.44556e-07 7.70364e-11  7.02319e-06 -2.29392e-06 1.12726e-08  1.24776e-05 -2.25403e-07 2.48601e-08  5.39119e-08 -2.93796e-08 -2.24521e-09  7.0561e-08 -5.17175e-08 -3.06038e-11  4.9107e-08 -2.62581e-08 1.84633e-09  0 0 0  -0.000144586 0.000538433 -3.47182e-05  -4.32991e-08 -3.01227e-08 -1.59469e-09  -7.47323e-06 5.4493e-06 1.74955e-08  -1.11249e-05 1.448e-05 4.48277e-08  -6.44848e-06 1.0168e-05 2.18894e-08  0 0 0  0.000296664 0.000480857 -3.19622e-05  -3.09351e-09 6.32891e-09 -2.64645e-10  -1.19335e-08 -1.44884e-08 3.70747e-11  -1.12258e-07 -7.30288e-06 1.2438e-08  1.6571e-06 -7.77975e-06 1.5439e-08  2.04515e-06 -1.00409e-05 1.74893e-08  -0.000188971 0.00114736 -2.35832e-05  0.000593362 -0.000544371 2.5296e-05  0.000190462 -0.00015883 5.62675e-06  0.000291393 -0.000361484 2.83899e-06  0 0 0  -5.74817e-05 -5.38775e-05 9.46904e-07  -5.60677e-05 -3.12576e-05 -6.14659e-07  1.17154e-06 4.27683e-07 8.65571e-10  -9.14364e-07 -4.39477e-06 4.32506e-09  5.65409e-07 -3.95132e-06 3.57628e-09  -4.03472e-07 -3.52379e-06 2.5456e-09  -2.05515e-06 -7.59541e-07 1.44412e-09  -6.20932e-06 -1.98211e-06 5.71499e-09  -4.7952e-06 -8.40575e-07 4.61717e-09  -3.05577e-08 3.94457e-08 -1.10788e-10  2.19321e-06 -1.12294e-06 1.80817e-09  9.48055e-07 -3.44756e-07 7.2236e-10  2.46868e-07 -1.84949e-07 5.8225e-10  -3.51586e-05 -0.000529764 -3.08854e-05  -4.54423e-08 9.9945e-08 1.54712e-09  -0.000860371 0.00136733 4.24235e-05  -0.000465978 0.000395113 9.26076e-06  -6.99358e-07 2.85546e-06 3.14528e-09  -6.2222e-07 1.2939e-06 1.2278e-09  6.12757e-05 -4.24973e-05 4.68848e-07  6.28631e-05 -6.75695e-05 7.18752e-07  -0.000907671 0.000630371 -2.56855e-05  2.27419e-06 -2.30337e-05 7.73973e-08  -2.89942e-08 2.78989e-08 5.82579e-11  5.14511e-09 -1.0049e-07 -1.66001e-11  -0.00110376 -0.00041784 -3.13533e-06  -0.0022724 -0.000292192 -2.96299e-05  1.56432e-05 1.69993e-05 6.58775e-08  1.03288e-05 1.99622e-05 8.62445e-08  1.21658e-05 1.74762e-05 9.13975e-08  0 0 0  -2.66259e-07 -4.11195e-07 1.1289e-09  2.98348e-07 7.94159e-08 1.62914e-10  3.68021e-07 1.87047e-07 1.86673e-10  2.75641e-07 3.80174e-08 1.83317e-10  4.81362e-07 -9.08056e-09 1.59602e-10  5.28183e-07 7.02713e-07 7.2376e-10  -1.86259e-07 -1.68306e-07 2.7147e-10  -2.14294e-07 -2.14219e-07 1.50315e-09  -2.37836e-07 -3.86133e-07 -6.26605e-11  4.56389e-06 -1.95721e-05 5.7312e-08  9.00277e-06 -2.40887e-05 9.87124e-08  -2.86744e-05 0.000580453 -4.0424e-05  -5.35919e-08 4.14072e-08 -5.8139e-11  -6.17519e-08 6.8497e-08 -6.95377e-10  -1.7961e-05 6.96846e-06 3.58814e-08  -1.1454e-05 1.9105e-06 2.83691e-08  0.000309971 0.000369511 1.64344e-05  -1.60602e-06 1.44794e-06 2.13461e-09  -1.99248e-06 3.2343e-06 4.36188e-09  -1.42249e-08 9.91201e-09 4.50296e-10  0 0 0  -0.000563364 -0.000592327 1.32495e-05  -0.000460555 -0.000553152 1.73822e-05  -2.92976e-05 0.000601504 1.21823e-05  3.41199e-07 1.79623e-08 2.72153e-10  0 0 0  -1.83711e-06 4.02661e-06 4.76676e-09  -0.000308323 0.000388863 -4.11053e-05  2.63278e-06 -2.09445e-06 3.75137e-09  3.5924e-08 2.76969e-07 3.89739e-10  4.10648e-08 2.27639e-07 2.51459e-10  1.3999e-07 -1.79042e-07 2.60363e-10  1.41442e-07 -2.88235e-07 6.94595e-10  -2.41353e-07 -8.48241e-08 4.94338e-10  2.57669e-05 -6.84152e-06 1.73134e-07  -0.000799552 -0.00127444 -9.12031e-06  0.000247785 0.000423158 1.76754e-06  -4.07558e-08 1.75153e-08 -1.3602e-09  -8.17769e-06 -7.53157e-06 2.59423e-08  -8.17693e-06 -7.03547e-06 2.25286e-08  -5.8559e-05 -0.000102969 1.33377e-06  -0.000246779 -0.000275255 5.15838e-06  -4.11446e-10 -7.1565e-09 -6.01081e-10  -1.51633e-05 -3.14167e-06 4.49297e-08  -1.15281e-05 -9.12299e-07 2.76668e-08  -1.87721e-05 -6.3165e-06 6.72125e-08  -0.00235663 9.70784e-05 2.06646e-06  1.18125e-06 2.88163e-06 2.89718e-09  8.478e-07 2.8072e-06 2.08307e-09  1.86494e-07 3.02282e-06 3.43488e-09  7.499e-08 -1.30855e-07 -1.56513e-09  -2.00201e-07 -1.83394e-08 -2.66763e-09  -2.11297e-07 3.21888e-08 2.0464e-10  -1.31723e-07 3.72817e-08 -1.09011e-09  -0.000218483 9.31014e-05 6.71191e-06  4.30039e-05 9.32174e-06 1.98254e-07  2.85662e-05 -1.97988e-05 1.4162e-07  1.55516e-05 -1.53903e-05 1.04095e-07  0 0 0  1.03636e-06 4.07663e-08 1.06641e-09  4.25403e-07 3.84201e-07 4.28514e-10  -2.39357e-07 -3.22465e-07 -4.90189e-10  -1.0643e-07 -3.03295e-07 2.50041e-09  4.16274e-05 -4.11245e-05 2.92399e-07  0.000262808 0.0008203 2.43805e-07  1.99948e-06 -5.46633e-05 3.19492e-07  -4.62547e-06 -2.82753e-05 1.25908e-07  1.95997e-07 -2.75481e-07 2.11702e-10  9.3856e-07 1.63467e-06 2.37435e-09  2.02849e-06 2.63899e-06 3.20806e-09  3.1148e-06 2.86091e-06 4.21959e-09  -8.70315e-08 -3.25949e-08 1.20886e-09  -8.81601e-08 5.44764e-08 -1.69933e-10  4.09913e-05 7.43131e-05 5.07681e-07  3.95401e-09 6.24158e-09 -2.49349e-10  -2.15315e-07 4.04916e-07 2.38762e-09  -2.91095e-07 2.96574e-07 -3.76814e-09  -2.84057e-07 3.67204e-07 1.7257e-09  -5.31859e-07 -1.76987e-05 5.03073e-08  -1.15407e-06 -2.22202e-07 5.21246e-09  -1.1569e-06 -3.22113e-07 -4.64653e-09  -7.30571e-06 -9.01118e-06 2.52096e-08  -3.78724e-06 -1.08983e-05 3.035e-08  -5.68374e-06 -9.49288e-06 2.53116e-08  1.81328e-08 -1.8138e-08 -3.44066e-10  0.000121567 0.000155547 1.55807e-06  1.09496e-05 3.16539e-05 1.35274e-07  6.58846e-08 -1.79656e-08 -1.87981e-09  5.62101e-08 -2.43024e-08 1.23387e-09  -3.21813e-08 -2.76011e-08 1.20891e-09  1.57003e-07 8.30485e-08 -1.7626e-10  -5.69036e-06 -9.85109e-07 6.98676e-09  -8.84784e-06 -2.85622e-06 1.20275e-08  0 0 0  -6.87712e-08 4.10097e-07 5.4991e-10  -1.05223e-07 8.46234e-07 8.15804e-10  3.27131e-08 3.34865e-09 -8.79384e-11  2.48727e-08 -1.68113e-09 -4.76496e-11  0.000811863 0.000446113 6.64009e-06  3.48889e-06 5.53554e-06 8.1738e-09  4.1203e-05 4.6493e-05 2.94178e-07  0.00010681 8.59062e-05 9.0165e-07  1.17027e-06 1.27492e-06 1.48559e-09  4.68304e-07 8.192e-07 1.00634e-09  -2.70725e-05 -7.72684e-06 -1.6079e-07  -5.86853e-05 -4.82488e-06 5.43362e-07  -8.84532e-08 -6.82401e-08 -5.61098e-11  1.85855e-06 -4.93985e-07 1.8441e-09  -0.000577431 5.40369e-05 1.19799e-05  -0.00123417 0.000499343 2.70508e-05  -8.7012e-06 7.74768e-06 2.57661e-08  0.000254923 0.000176056 3.92089e-06  2.65058e-07 2.42141e-07 1.26345e-10  -5.50898e-05 -5.29238e-05 7.44726e-07  0.00144079 0.000300463 -9.6491e-06  0.00168108 -8.34703e-05 5.4069e-06  3.38255e-06 1.28501e-06 3.1273e-09  3.11507e-06 1.36914e-07 3.62578e-09  1.80128e-06 4.78941e-07 1.93455e-09  1.39802e-07 2.17895e-06 1.6886e-09  -7.99086e-05 0.000158429 4.00709e-07  -2.70081e-07 -6.33747e-07 6.16901e-10  -2.3039e-07 -3.89359e-07 2.20312e-11  -3.88271e-05 -5.53109e-05 2.09557e-07  1.68924e-06 -4.48339e-05 2.33681e-07  7.8245e-06 0.00106231 -5.06046e-06  -4.86192e-05 1.9319e-05 3.72835e-07  -4.63705e-05 2.92196e-05 3.04365e-07  -9.89423e-08 -1.59658e-08 3.30568e-10  5.52506e-07 -7.69191e-08 4.12055e-10  -0.0003858 0.000399166 -1.27388e-05  -0.000966099 0.00126219 -3.33951e-05  0.000116937 0.000127552 8.83041e-07  3.40138e-07 -4.83685e-07 3.41979e-10  9.67497e-08 -2.39526e-07 8.39681e-10  2.93888e-08 -1.52601e-07 -1.66094e-09  6.75169e-08 -4.54837e-07 5.01344e-10  2.47438e-08 -7.0477e-07 2.67133e-10  -8.83748e-08 -7.23326e-07 5.71138e-10  -1.05453e-06 1.70759e-06 1.46642e-09  -9.82895e-07 3.62826e-06 4.14866e-09  0.000152018 0.000121501 1.27615e-06  0.000628396 6.0048e-05 -9.54435e-06  -5.84904e-06 0.000164945 5.83419e-06  -8.19424e-07 -8.72167e-07 2.58078e-09  4.82364e-06 9.69259e-07 5.02554e-09  -3.45882e-07 -1.00807e-06 1.64047e-09  -2.90978e-08 1.6149e-08 9.57346e-10  -9.14947e-09 5.06233e-09 -3.13891e-10  8.97152e-05 3.99103e-09 5.64932e-07  2.03005e-06 6.96657e-07 1.95732e-09  1.11511e-06 3.49268e-07 8.7198e-10  1.48926e-06 6.59212e-08 1.29623e-09  2.43055e-06 -1.12353e-06 2.08537e-09  3.39105e-06 -7.4521e-07 4.251e-09  8.04344e-07 -1.6669e-07 8.85905e-10  6.06494e-07 -5.2769e-08 5.42328e-10  6.23355e-07 -2.06235e-07 5.21328e-10  -3.90286e-06 1.50398e-05 4.4768e-08  -1.01406e-06 1.16012e-05 2.90796e-08  -1.8161e-10 -1.18757e-09 -2.19395e-10  4.99841e-05 -0.000349977 2.4651e-06  5.02555e-05 -0.000363 1.02605e-05  8.80114e-05 -0.000232671 3.15532e-06  0.000297627 0.000748096 7.17702e-06  2.32306e-06 1.94442e-06 3.32169e-09  -0.00112811 0.0013925 1.12599e-05  -0.000165 -0.000129934 1.94401e-06  -0.000841785 -0.000664959 1.90086e-05  -5.46948e-07 5.54471e-07 7.98258e-10  -1.16373e-06 2.36619e-05 7.55664e-08  -1.10919e-05 -5.95318e-06 2.49869e-08  0.000194068 0.000287751 3.45961e-06  0 0 0  -3.18915e-06 2.13162e-06 3.87521e-09  -1.65567e-06 -2.44892e-06 3.35408e-09  -6.02071e-05 -0.000165472 1.0523e-06  -8.03857e-05 -0.000184949 -8.65772e-07  -8.31249e-07 9.61092e-06 1.4144e-08  -2.17e-06 5.16729e-06 7.82167e-09  -6.94143e-07 5.44265e-06 6.32828e-09  0 0 0  0.000168287 5.45935e-05 9.19694e-07  -6.75971e-08 -1.79862e-08 2.80645e-10  -2.9604e-06 -3.06129e-06 5.51428e-09  -2.14959e-06 -2.8206e-06 4.07525e-09  7.31542e-06 -2.51645e-06 1.05159e-08  7.91276e-06 -1.39569e-06 1.00001e-08  -6.87823e-08 -1.73295e-08 -4.61824e-10  5.57114e-06 8.75748e-06 2.51647e-08  0.000811625 0.000293261 1.76121e-05  0.00126838 0.000226182 1.86792e-05  -5.56176e-05 3.25924e-05 6.5309e-07  -4.62202e-05 5.12406e-05 3.87179e-07  -6.23624e-05 5.59482e-05 4.05885e-07  -2.97004e-06 7.03478e-06 1.27872e-08  4.50816e-06 -0.000174686 3.29003e-06  2.85477e-09 3.70007e-09 1.1108e-10  -4.29272e-06 -3.9244e-06 6.89586e-09  -8.9922e-06 2.07472e-05 7.557e-08  1.67732e-06 3.46059e-07 1.41358e-09  3.00427e-06 -6.69171e-08 2.85995e-09  5.26441e-05 6.06098e-05 4.96893e-07  -5.47113e-05 4.14762e-07 4.64245e-09  3.75011e-05 0.000559748 -2.17312e-06  -1.01566e-06 -1.31818e-06 1.00253e-09  -1.88584e-06 -1.49519e-06 1.49479e-09  -5.12175e-08 2.84374e-08 -3.75995e-11  -0.00115694 -0.00121185 -4.68431e-05  7.62323e-06 4.66342e-06 1.60622e-08  1.16587e-05 3.6886e-06 2.236e-08  -0.000374657 0.000207838 -1.95741e-06  -8.06069e-06 4.38204e-06 1.60414e-08  3.34464e-05 -6.08838e-05 5.18685e-07  0.000103818 -0.00027852 1.18601e-06  -4.20037e-06 1.17211e-05 2.72643e-08  1.73559e-07 -1.07514e-07 3.51212e-10  1.71184e-07 -1.81297e-07 -2.85711e-10  -0.000100035 0.000190178 7.0838e-07  -2.40729e-05 -5.43243e-05 3.22054e-07  -1.90245e-07 2.24062e-06 2.47456e-09  7.9871e-08 2.41722e-07 3.14409e-10  1.01298e-07 2.48505e-07 1.24653e-10  -3.40059e-06 3.47524e-07 3.26068e-09  3.49728e-05 -2.16167e-05 1.96655e-07  5.323e-05 -1.92001e-05 3.17936e-07  9.92964e-05 -3.58989e-05 7.40035e-07  -5.48619e-07 -1.84107e-07 -3.00517e-09  7.85816e-08 1.49666e-07 -7.12617e-12  3.02967e-08 1.32492e-07 3.17781e-11  5.63241e-09 1.88946e-08 1.80051e-10  2.57283e-06 4.06202e-06 4.86203e-09  2.15195e-06 5.2659e-06 6.55494e-09  -0.00086954 -0.000134752 2.19602e-05  -0.000216826 -3.15574e-05 1.44413e-06  -4.14096e-05 -0.000136345 4.52055e-06  -5.59181e-05 1.70646e-05 6.87218e-07  1.98866e-07 2.43214e-08 -5.05219e-11  -0.000144841 9.0341e-05 -3.91035e-07  1.1923e-07 -4.91553e-09 1.20808e-11  1.45378e-05 -3.86501e-06 4.34128e-08  2.3682e-06 -3.3295e-06 3.94671e-09  1.83656e-06 -4.28359e-06 6.28307e-09  0.000513417 0.000395061 1.91313e-05  0.00071231 0.000592089 -5.11001e-06  0.00168963 0.000799985 -2.16304e-05  1.52427e-07 7.94366e-07 5.62626e-10  -0.000125135 -0.00014079 4.19658e-06  3.66968e-05 0.000278313 2.59377e-06  -3.09144e-07 -2.36837e-08 1.79544e-09  -1.37949e-07 7.83096e-09 5.52512e-10  -2.2138e-07 3.95879e-08 -2.06808e-09  0.000399814 0.000521765 -2.46872e-05  -0.00016936 -0.000207536 2.10333e-06  -0.000210453 -0.000144313 -1.77315e-06  6.56127e-08 -1.6294e-07 2.60047e-10  7.30177e-08 -2.12307e-07 8.55425e-10  1.9349e-09 -1.80979e-08 -2.32265e-10  -9.27912e-08 1.96969e-07 2.10051e-09  2.83561e-05 2.30857e-05 1.6896e-07  3.7851e-05 3.28351e-05 2.48112e-07  1.03848e-05 8.22838e-06 4.90024e-08  2.31561e-05 1.28288e-05 6.43656e-08  -7.56283e-05 0.000334066 2.65288e-06  -4.61321e-05 0.000608803 1.1779e-05  -1.89167e-06 3.47169e-05 1.95467e-07  -4.41068e-06 4.27024e-05 2.47488e-07  -0.000151341 4.00935e-05 -7.69394e-07  0.000100691 0.000643812 2.37747e-05  -8.27836e-07 0.000180669 1.30765e-06  -3.9748e-05 0.000161462 2.99746e-07  0.000230502 0.00137146 7.62336e-06  2.12233e-06 -1.56773e-06 1.8154e-09  -8.50378e-06 2.46901e-06 2.43443e-08  8.53473e-06 -5.91672e-06 1.91066e-08  1.05038e-05 -1.28686e-05 3.11251e-08  8.73448e-06 -5.49772e-06 1.45418e-08  2.08316e-08 -2.05505e-06 2.24935e-09  0.000180098 -0.000212501 6.79801e-06  7.71399e-05 -7.59613e-05 1.66202e-06  6.91994e-05 -9.65603e-05 1.45292e-06  -3.85338e-05 -1.14249e-05 4.21502e-07  5.02299e-08 4.37241e-09 -4.56559e-11  -5.20208e-08 -1.54658e-07 -2.26153e-10  -3.83115e-05 -0.00123095 1.91607e-05  0.000161765 -0.000662893 -5.93363e-06  -5.70598e-07 -3.33163e-07 -1.18748e-09  1.34517e-06 -1.92299e-07 1.30981e-09  1.21563e-07 2.34552e-10 -6.53435e-11  5.48161e-08 -4.92596e-09 1.95915e-10  -6.68968e-05 3.10828e-05 4.50579e-07  0.000123051 -8.5623e-05 2.57165e-06  -5.00878e-07 2.21605e-07 -7.91907e-09  -2.08529e-07 -1.27388e-06 1.07186e-09  -0.000332289 1.4199e-05 7.41692e-06  -0.000129621 -1.95502e-05 2.75183e-06  -1.72679e-07 -2.79338e-07 3.23301e-09  6.83282e-08 -5.98537e-09 -3.88165e-10  2.84465e-06 1.41296e-05 2.82676e-08  -0.000117334 -7.28788e-05 1.14854e-06  -7.69141e-05 -2.90953e-05 1.74296e-06  5.59798e-06 1.85139e-06 9.60711e-09  -1.94688e-06 -3.92053e-06 4.67593e-09  -1.87538e-06 -2.16439e-06 2.58275e-09  -2.68523e-07 3.32108e-07 -1.80549e-09  -1.10913e-07 -4.75362e-08 -1.23365e-10  -4.33873e-07 2.05181e-07 5.50181e-09  -9.06019e-08 -9.67765e-08 -1.82666e-09  -1.09979e-07 -1.09959e-07 1.62782e-09  -5.98707e-07 -1.72327e-06 1.55124e-09  -2.5369e-05 -1.59627e-05 1.38262e-07  -2.26283e-05 -8.4477e-06 1.25859e-07  -1.9625e-05 -7.22732e-06 9.86069e-08  -4.85429e-05 -0.000266437 2.91632e-06  -2.35033e-05 3.58334e-05 2.30764e-07  -2.14073e-08 9.20436e-09 -6.92416e-10  6.23904e-07 -2.20939e-07 3.84518e-10  7.31715e-07 -4.63186e-07 3.22869e-10  2.31234e-05 8.74118e-05 6.59445e-07  5.54179e-06 1.20041e-05 3.40074e-08  1.37666e-05 3.65385e-06 4.96777e-08  1.94705e-05 8.21424e-07 6.84098e-08  0.000160602 -0.000188424 1.77134e-06  3.07171e-07 2.14159e-07 1.79011e-10  -5.10668e-05 7.21027e-05 8.37452e-07  -2.892e-05 6.85171e-05 6.19459e-07  3.01584e-06 9.21086e-08 3.55105e-09  -2.60754e-07 1.58145e-07 3.75051e-10  -0.000162512 0.000134808 -1.66769e-06  -8.66294e-05 -3.10334e-05 1.32473e-06  -0.000211504 -1.8363e-05 1.07969e-06  6.413e-05 -1.32495e-05 4.6026e-07  7.72263e-06 -2.24483e-05 1.16509e-07  1.76784e-05 -2.70795e-05 1.38213e-07  -4.5215e-07 -4.08854e-07 5.46378e-09  -5.06569e-06 1.47347e-06 7.68692e-09  -8.41623e-06 4.1424e-07 1.18187e-08  0.000296197 -0.000148058 7.73502e-06  1.34504e-07 -3.71635e-08 6.40652e-10  2.46046e-09 8.60804e-09 -1.51188e-10  -6.76956e-06 6.96264e-07 1.20496e-08  4.32347e-05 3.59785e-05 3.02265e-07  -2.23728e-07 6.91303e-08 4.44926e-10  -1.09925e-07 7.58131e-08 2.1947e-09  -1.18805e-07 5.2059e-08 -5.21491e-10  8.85025e-06 4.574e-06 1.87285e-08  7.01652e-06 1.42153e-06 9.97058e-09  8.17814e-08 -4.35981e-08 1.48705e-10  -1.01382e-07 3.36431e-07 -1.10527e-10  -7.2478e-08 4.54863e-07 3.67257e-10  2.18352e-07 8.45979e-08 7.04069e-11  -3.47911e-06 3.45146e-05 2.28671e-07  -9.82127e-07 -4.03304e-07 -2.7134e-09  -1.56832e-06 -8.97108e-07 -1.08839e-10  0.00016264 9.36871e-05 8.9999e-07  -0.00235887 -0.000747997 1.67623e-05  -5.75698e-08 -1.80534e-08 -1.81872e-09  -4.86824e-08 -2.70148e-08 -1.68715e-09  -0.000194208 -0.000134158 6.40631e-06  -0.000238546 -8.82196e-05 2.33021e-06  1.45017e-07 -5.96952e-11 5.92337e-11  2.31378e-07 -4.4827e-08 8.98202e-11  -1.07059e-05 -1.74002e-05 5.73905e-08  -1.13186e-05 -1.03445e-05 4.08014e-08  0.000113133 0.000262435 2.27952e-06  -9.45008e-09 2.72805e-07 4.16852e-10  0.000112657 0.000409544 1.41394e-05  -1.57957e-06 -2.11412e-05 6.24864e-08  -7.03772e-07 6.95506e-09 -7.53876e-11  -5.19307e-07 9.76121e-08 1.66634e-09  -1.01475e-05 -2.72106e-06 1.58978e-08  2.74381e-05 8.64812e-07 1.27612e-07  1.15906e-07 -1.67634e-07 -3.60743e-11  -0.000626239 -0.000325458 1.64896e-05  1.71001e-08 -1.19928e-07 4.51287e-11  -2.73173e-06 7.9618e-07 3.30048e-09  -2.73436e-06 1.07345e-06 2.17534e-09  -0.000488062 -0.000207369 1.6168e-05  9.251e-06 7.73951e-06 1.71091e-08  -6.45382e-07 -4.50416e-07 2.90769e-09  -1.69079e-07 8.47628e-08 -9.78269e-10  3.54807e-07 -2.93387e-07 2.07895e-10  3.62045e-07 -3.19775e-07 2.85818e-10  1.33932e-07 3.40022e-07 2.38536e-10  -1.19788e-08 1.02715e-08 4.20509e-10  -5.84612e-06 1.69786e-06 9.5614e-09  -1.42075e-07 -8.38005e-08 1.9432e-09  3.15351e-07 -1.71289e-07 1.53654e-10  1.89956e-06 0.00030511 4.16004e-07  3.43694e-05 0.000141441 6.23712e-07  -2.17322e-05 6.12815e-05 3.42675e-07  -1.69121e-05 6.11924e-05 5.21941e-07  -0.000183165 0.000300655 4.04115e-06  0 0 0  0.000521959 0.000189927 1.36503e-05  4.51197e-06 3.23177e-05 1.61535e-07  1.03276e-06 4.04568e-05 2.18073e-07  9.22837e-06 -8.05185e-06 3.31095e-08  4.93062e-09 4.56782e-08 5.58673e-10  -2.49464e-06 5.39197e-06 1.24245e-08  -1.48809e-09 -1.46615e-07 -4.85535e-10  -3.73274e-07 4.699e-07 -3.388e-10  -3.05421e-07 6.70088e-07 2.0345e-10  -2.84791e-05 9.63317e-06 1.23277e-07  -1.90216e-05 3.61237e-05 2.25414e-07  0.000111095 -6.12703e-05 7.89052e-07  6.70054e-07 -2.0567e-06 2.05334e-09  1.64695e-05 -7.62353e-06 7.60028e-08  -1.45164e-05 -9.74732e-05 5.20826e-07  -8.6229e-06 3.60994e-05 2.32189e-07  1.29993e-05 4.10274e-05 2.62497e-07  5.26386e-05 -4.83762e-06 3.54746e-07  -2.71634e-06 -8.97383e-06 1.95925e-08  1.60625e-07 -2.67492e-07 1.94942e-10  1.16104e-05 -9.09139e-06 4.58122e-08  1.22943e-07 -6.36624e-08 2.59286e-11  -1.43161e-05 1.46724e-06 4.31673e-08  -1.23408e-07 1.20531e-07 -3.69999e-10  1.97838e-07 -3.60198e-10 2.67382e-10  0.000335057 0.00044044 2.0429e-06  -4.59238e-07 -1.7443e-07 3.91518e-09  -2.71916e-06 -6.7713e-06 9.76406e-09  -4.95982e-08 -1.96924e-07 1.9682e-09  -7.22295e-06 -3.44339e-06 1.82258e-08  -9.93746e-06 -8.127e-06 3.11867e-08  -5.11104e-07 4.01914e-07 2.4226e-09  1.52428e-05 -1.95948e-06 5.26299e-08  1.55408e-05 -6.42343e-06 4.23513e-08  9.12557e-06 6.3992e-05 3.94924e-07  9.78766e-07 -1.21517e-06 1.63449e-09  1.44884e-06 -2.22293e-06 2.87771e-09  -2.06939e-06 -3.06045e-06 4.09405e-09  -1.95071e-05 3.69664e-05 2.36915e-07  4.00946e-06 0.000110967 6.85971e-07  -1.8289e-06 -4.87112e-07 1.96783e-09  7.62985e-09 1.46375e-07 4.49395e-10  -3.74749e-08 2.0006e-07 -7.02265e-10  4.6169e-09 1.92602e-07 8.69056e-10  0.000735749 0.00100411 -1.1566e-06  0.000703129 0.000832265 -2.64308e-05  1.34588e-07 -7.08344e-08 7.95998e-11  1.29935e-07 1.4787e-07 -2.74331e-11  -1.75654e-06 3.99898e-07 1.45305e-09  6.32926e-08 2.2082e-06 2.0147e-09  1.57824e-08 -1.38307e-06 1.11399e-09  -3.82605e-08 -5.18555e-09 6.0255e-10  -2.41468e-07 -2.3207e-08 4.21228e-09  -1.68105e-07 -9.44204e-08 -2.26615e-09  -6.8912e-07 -9.20052e-06 1.88243e-08  -4.81382e-08 -2.89924e-07 -4.1376e-09  3.20707e-08 -2.32107e-07 1.37135e-09  -2.16439e-06 -7.22708e-08 5.27747e-09  -1.4478e-06 -1.11454e-07 1.23496e-09  2.09945e-07 -4.38985e-08 1.26541e-10  1.74737e-06 1.04428e-05 2.05796e-08  4.83899e-06 8.80318e-06 1.85774e-08  -2.9888e-05 8.72246e-06 1.55807e-07  -3.0659e-06 -1.47444e-05 3.12173e-08  -4.93794e-07 -6.28015e-07 -1.20821e-09  -6.81008e-07 -5.57704e-06 6.61768e-09  -8.76664e-07 -7.41113e-06 9.38704e-09  5.40442e-08 1.04915e-07 1.32869e-10  1.18621e-07 1.40811e-07 4.72324e-10  -4.37882e-08 -1.38604e-07 1.46781e-10  2.00726e-08 -4.15293e-07 -4.17739e-11  3.69144e-05 -3.18923e-06 2.89497e-07  -1.52499e-05 -9.69079e-06 6.22121e-08  4.47805e-08 -6.61325e-08 1.10978e-09  -2.95259e-05 -1.08371e-05 1.20593e-07  -2.62529e-05 -1.70231e-05 1.33616e-07  2.30784e-06 -2.55074e-06 3.42781e-09  -2.22858e-07 8.63085e-08 6.10268e-10  -4.16289e-06 -1.32223e-05 4.02321e-08  -5.80182e-06 -1.10902e-05 3.46772e-08  -0.000287851 5.62437e-06 3.2664e-06  -1.74753e-06 1.12141e-06 2.40712e-09  -7.33123e-07 -6.67027e-07 6.00742e-11  -7.13168e-07 3.64945e-07 2.26935e-10  1.57844e-07 -2.79988e-06 2.47029e-09  -1.1369e-06 1.15436e-06 1.42259e-09  5.33949e-05 0.000122302 9.01241e-07  3.81193e-06 -1.21926e-07 4.88239e-09  -6.3763e-05 1.50852e-05 5.22974e-07  5.90908e-06 1.14083e-05 2.08677e-08  1.7063e-05 2.11359e-06 4.19231e-08  -0.000289316 7.9223e-05 1.34321e-06  2.40301e-05 4.96305e-06 1.28525e-07  4.7146e-08 -2.94332e-07 -4.46203e-10  -3.93647e-08 1.53817e-07 -1.47833e-09  6.00374e-08 -8.17354e-08 -1.15203e-10  3.56316e-07 -7.80697e-08 2.65281e-10  4.80471e-06 1.03175e-06 5.4831e-09  0.000850768 -0.000141632 2.64654e-05  -3.48812e-05 1.01733e-06 1.19323e-07  5.8603e-07 -3.7699e-06 4.21203e-09  0.00162388 -0.00153782 -4.35113e-05  -7.49638e-07 6.37432e-07 2.51865e-10  -2.74011e-07 -1.07851e-06 5.84262e-10  -1.65733e-07 7.35929e-09 2.83662e-10  -1.4325e-07 -2.92978e-07 2.73448e-09  5.76919e-05 4.01934e-05 5.6919e-07  6.77852e-05 2.77259e-05 5.38596e-07  -1.98053e-05 -2.36013e-05 9.62595e-08  -1.67026e-05 -1.72702e-05 8.99876e-08  -8.29341e-07 -6.32214e-07 1.69882e-09  1.29766e-09 8.28252e-09 9.48514e-11  2.56657e-07 5.30823e-08 2.07156e-10  3.14199e-07 1.07234e-07 1.45361e-11  4.35452e-06 -2.24645e-06 4.9609e-09  2.3766e-06 -1.64767e-06 2.67231e-09  2.51859e-06 -1.74593e-06 2.26104e-09  -7.55435e-06 2.41098e-07 9.63159e-09  4.9206e-05 -5.81662e-05 4.8823e-07  0.000479707 -0.000256562 6.9801e-06  -1.34315e-05 -4.55607e-07 3.92494e-08  3.67878e-07 1.36223e-07 1.97048e-10  -3.98842e-05 0.000156545 6.06854e-06  2.37096e-06 1.47137e-06 3.43431e-09  -2.09112e-06 -9.91018e-07 2.62668e-09  -6.12527e-06 -4.87764e-07 9.74623e-09  2.95817e-06 1.37035e-06 2.59173e-09  -3.29211e-05 -4.82837e-06 1.51105e-07  9.38002e-09 4.36414e-07 4.24222e-10  -0.000189431 -0.000124159 2.60291e-06  -8.80928e-05 -0.000168519 5.00185e-07  -1.11298e-06 4.58913e-07 -3.54636e-10  3.97975e-06 3.4555e-07 5.83693e-09  0.000361581 0.000308326 1.05159e-05  -1.84482e-06 8.79239e-08 1.70549e-09  -8.36174e-08 -3.88132e-07 3.04283e-10  -2.55423e-05 9.57188e-05 5.65055e-07  6.13343e-07 6.93674e-07 7.10521e-10  1.24486e-06 7.43009e-07 1.12617e-09  2.5322e-05 -1.05252e-05 8.34818e-08  6.79258e-05 1.89965e-06 6.10562e-07  0.000151954 1.98e-05 6.54096e-07  0.000154504 5.65891e-05 1.08362e-06  4.34973e-07 -8.25726e-07 6.23736e-10  0.000217307 -0.000402523 -1.29221e-06  0.000126386 -0.000288756 8.97953e-06  -1.6677e-06 6.95407e-06 1.01406e-08  -3.56315e-05 -2.01124e-05 2.72588e-07  -1.05896e-06 6.4882e-07 -1.06594e-10  -2.05955e-06 8.40323e-07 3.43025e-09  -8.66576e-07 1.01973e-05 1.98656e-08  -4.12373e-05 6.96127e-05 7.07083e-07  -0.000121185 -0.000165567 -1.61395e-07  4.59524e-07 -5.11436e-07 2.82051e-10  -1.35711e-07 -2.27585e-07 1.12939e-09  9.05684e-06 -3.24684e-05 1.97106e-07  6.7089e-07 -6.63218e-07 9.63886e-10  6.34758e-07 -9.88964e-07 9.58728e-10  -5.26874e-06 2.12658e-06 4.76318e-09  0.000379738 -4.50817e-07 3.02206e-06  0.000186493 -4.9277e-05 1.32519e-06  2.534e-07 3.68593e-08 9.68864e-11  6.78842e-07 -1.59323e-06 1.45447e-09  -1.90555e-07 -1.94611e-07 -4.53259e-09  -4.03679e-05 -0.000339844 9.20581e-06  -1.35746e-07 7.52738e-08 -1.44123e-09  4.72458e-05 -8.05454e-05 4.92071e-07  -0.000216497 -0.000370719 1.60489e-05  -4.28149e-06 -2.53748e-06 4.9151e-09  -2.53006e-06 -1.60756e-06 2.62812e-09  -9.17156e-08 7.85268e-08 1.34828e-09  1.80971e-05 -4.92042e-07 5.48317e-08  1.24946e-05 -2.19391e-06 3.36652e-08  -6.12402e-07 9.83294e-07 7.61688e-10  -5.32073e-06 5.36442e-06 1.31803e-08  -9.21342e-08 1.42707e-07 2.40742e-09  1.4754e-05 -7.91323e-06 4.02401e-08  1.62911e-06 8.0893e-06 1.25814e-08  -0.00123229 -0.000858501 -1.18759e-05  1.7131e-07 -6.16947e-07 3.33538e-10  -2.53462e-05 -3.67183e-06 1.26072e-07  1.34157e-06 -3.68089e-07 1.49664e-09  5.89191e-06 5.88868e-06 2.11754e-08  -1.35591e-05 2.25959e-05 1.19106e-07  -6.06267e-06 2.29924e-05 1.01345e-07  1.02558e-05 -3.67872e-05 1.78497e-07  5.18465e-05 -5.13116e-05 4.52684e-07  0.000193831 -0.00014677 1.64852e-06  3.08749e-08 -2.7279e-07 -1.03556e-09  1.00111e-06 -1.2721e-06 1.40832e-09  2.74822e-05 -7.36795e-05 5.12955e-07  -9.06801e-08 -2.59529e-07 3.18756e-09  6.98457e-06 7.90072e-06 2.88726e-08  -1.09825e-06 -3.00186e-06 3.09502e-09  -8.18267e-07 1.46849e-07 -1.84643e-09  9.49264e-07 -2.96172e-06 2.53359e-09  -1.12057e-05 3.17211e-05 1.40255e-07  -3.86079e-06 3.56926e-05 1.44849e-07  -1.51791e-06 -3.97251e-06 5.63914e-09  8.03424e-07 9.74169e-08 5.33148e-10  5.46641e-06 -1.45453e-05 3.85315e-08  -0.000208358 -6.3378e-05 -2.49938e-06  -2.29342e-05 1.29708e-05 1.29319e-07  1.07396e-07 -2.18198e-07 4.3298e-10  -4.81933e-07 1.82899e-06 1.57332e-09  -2.41935e-07 8.40831e-07 9.20465e-10  1.42277e-05 -1.83768e-05 9.39006e-08  -1.19138e-07 -2.96765e-07 -3.34173e-09  -3.27348e-08 -2.48474e-07 2.7712e-09  -7.732e-09 -2.83225e-07 5.51899e-10  3.06065e-06 1.44188e-05 5.15304e-08  5.22232e-07 9.72167e-07 7.04266e-10  1.99881e-07 9.52299e-07 8.61973e-10  4.42342e-07 -7.75018e-08 3.77473e-10  -1.9403e-07 1.65125e-07 3.62413e-09  0.000212696 4.63573e-05 1.21578e-06  0.000242931 -8.80813e-05 1.21649e-06  -4.0624e-07 1.11979e-07 3.57443e-09  -6.11318e-07 8.84133e-08 -6.93602e-11  -4.56372e-07 2.60445e-08 -2.02166e-09  -6.98854e-08 6.30092e-08 -2.85416e-10  0.000214534 0.000111116 1.81698e-06  7.40316e-07 -1.71039e-05 4.96712e-08  -1.44162e-06 -0.000306826 -2.64862e-07  3.35408e-06 -6.92412e-07 4.04647e-09  2.57613e-05 5.64229e-06 1.12671e-07  2.93592e-05 -4.82373e-05 2.75258e-07  -2.99504e-05 -3.5836e-05 4.30343e-07  -2.95372e-08 -1.07272e-07 -2.79173e-09  -1.58763e-07 -4.14841e-08 3.23397e-10  -1.99164e-05 2.17513e-05 9.21078e-08  -1.01402e-06 9.06911e-07 9.50795e-10  1.05553e-05 1.38522e-05 5.5039e-08  5.58436e-07 -1.57773e-06 1.26196e-09  -1.85916e-07 -1.12483e-06 1.15597e-09  1.12203e-05 -4.65522e-06 2.41586e-08  -3.81118e-07 -2.70919e-07 -3.67779e-09  -5.22868e-06 -3.46445e-06 5.63803e-09  1.40113e-05 -8.95483e-05 5.44176e-07  -8.46668e-05 6.94236e-05 1.05285e-06  7.53869e-08 -6.97952e-08 5.78024e-10  1.91785e-05 8.88585e-06 1.05104e-07  1.16676e-06 2.84556e-05 1.19576e-07  -1.40229e-07 -2.83628e-07 4.89737e-09  -1.67426e-05 -2.91211e-06 4.07032e-08  1.48134e-07 7.40441e-07 4.60185e-10  -1.50852e-06 -2.47334e-06 2.75869e-09  -6.269e-06 -9.30311e-06 2.04528e-08  4.04397e-07 1.22649e-06 9.57378e-10  -4.38574e-06 1.56638e-06 5.47663e-09  -4.9097e-06 2.76452e-06 7.74898e-09  1.91156e-05 7.77863e-05 4.61188e-07  -2.52278e-07 -9.66671e-08 -2.72608e-09  -2.24907e-07 1.49416e-07 -2.20047e-09  1.43247e-07 2.45025e-07 4.13773e-11  2.01597e-07 1.62152e-07 3.41072e-10  -2.63516e-07 1.16149e-07 -3.30876e-09  1.46615e-05 6.03478e-06 3.26682e-08  3.18032e-06 -5.94185e-06 9.22759e-09  4.24118e-06 -4.60149e-06 6.617e-09  -1.841e-07 -1.01823e-07 3.5678e-09  0.000144352 -0.000110695 6.66855e-07  1.43046e-07 -7.32788e-08 1.30959e-11  4.9918e-07 -5.04987e-06 6.07552e-09  -1.63519e-07 3.92564e-07 1.0879e-09  2.70738e-08 1.55177e-06 1.43286e-09  4.77084e-06 -1.44685e-07 6.09298e-09  -0.000331506 0.000303842 1.24712e-05  -7.13447e-07 2.08422e-07 8.33194e-10  2.22155e-07 -1.25088e-07 7.81708e-11  -2.88073e-05 2.9765e-06 1.04719e-07  -1.04224e-05 -2.8354e-05 9.80177e-08  2.93198e-05 -1.154e-05 1.65236e-07  -5.56352e-07 -9.81347e-07 9.88646e-10  2.12044e-05 -4.3832e-06 8.16843e-08  -5.80824e-07 -4.67601e-08 2.52178e-09  -8.6641e-07 -2.4227e-07 3.89649e-10  9.55298e-08 3.51204e-09 -1.12244e-10  -9.91386e-07 -1.03457e-07 1.21746e-09  3.10753e-06 3.107e-06 4.80629e-09  -7.68596e-08 -3.67301e-07 -1.15057e-09  9.20835e-09 3.72695e-08 3.60663e-10  0.00017041 -7.85112e-05 1.25533e-06  1.1127e-05 -2.74853e-05 1.24412e-07  5.91169e-08 1.74361e-07 -2.46902e-11  -5.82168e-06 -7.04437e-05 4.25104e-07  -4.41609e-06 -3.16338e-08 6.02467e-09  -3.56814e-06 4.20586e-06 5.74948e-09  9.14552e-07 6.97259e-06 8.09482e-09  2.33773e-08 8.85906e-08 7.20799e-12  0.00016769 -2.52814e-05 8.7853e-07  0.000124998 -1.5735e-05 8.52513e-07  8.16632e-06 -1.0132e-05 4.21663e-08  0.00111153 -0.000321355 -1.75775e-05  5.36587e-05 -0.00011254 9.10726e-07  2.40107e-06 -2.58148e-06 3.54617e-09  -2.06529e-05 1.86418e-05 1.17389e-07  1.19216e-05 9.16592e-06 3.42401e-08  1.61315e-07 -8.47626e-09 1.23764e-10  1.20301e-06 -4.31573e-06 5.83377e-09  -1.72583e-05 -9.18721e-06 5.50487e-08  -4.54826e-06 3.01882e-06 7.58002e-09  1.2429e-07 -3.60597e-07 -1.26415e-09  -2.4681e-06 -6.58366e-07 3.27929e-09  2.34042e-07 5.07421e-07 3.39735e-10  -1.4638e-06 1.54572e-07 2.14784e-09  6.37867e-06 -6.80157e-05 4.11889e-07  9.75574e-07 1.58858e-06 1.1808e-09  9.15492e-06 -1.72581e-05 6.31318e-08  5.85383e-05 8.53547e-06 4.26451e-07  1.31388e-07 -8.47906e-07 5.92207e-10  1.70183e-06 -3.17767e-06 3.41575e-09  -1.0684e-05 9.13499e-06 3.86625e-08  -8.43564e-08 -7.40696e-09 7.92639e-10  2.28225e-06 -1.71833e-05 3.78007e-08  -2.33261e-06 -2.00882e-06 3.4237e-09  
            </DataArray>
         </PointData> 
      </Piece>
   </UnstructuredGrid> 
</VTKFile>
