<?xml version="1.0"?>
<VTKFile type="UnstructuredGrid" version="0.1" byte_order="LittleEndian">
   <UnstructuredGrid>
      <Piece NumberOfPoints="1126" NumberOfCells="0" > 
         <Points> 
            <DataArray type="Float64" Name="Position" NumberOfComponents="3" format="ascii"> 
               -0.00460669  -0.00193719  0.048973  
               -0.00456781  -0.00200993  0.0494405  
               0.00160798  -0.00471205  0.037189  
               0.00200235  -0.00457186  0.0356426  
               -0.00139233  -0.00477747  0.0491934  
               -0.00220156  -0.00446538  0.0493789  
               0.00144515  -0.00476144  0.000519076  
               0.00055569  -0.00494527  0.0428234  
               -0.000726652  -0.00492843  0.0430252  
               -0.000329968  -0.0049675  0.0418745  
               0.00212629  0.00450561  0.0493708  
               0.0039017  -0.00308936  0.000931061  
               0.00492654  -0.000745812  0.000639472  
               0.00158607  0.0047187  0.00947666  
               0.00235331  0.00438427  0.0106703  
               0.00305025  0.00393379  0.00917739  
               -0.00328297  -0.00374281  0.0489824  
               0.00362748  -0.00342349  0.000621582  
               -2.70975e-05  0.00499733  0.0489422  
               0.000860549  0.00491524  0.0484703  
               -0.000320539  0.00496843  0.0474879  
               0.00465954  0.00178107  0.000747089  
               0.00446995  0.00219301  0.000660817  
               0.00277785  -0.00415735  0.0494309  
               -0.000541918  -0.00494663  0.0494155  
               -0.00471424  -0.00160076  0.0492902  
               0.00490393  -0.000975452  0.0493445  
               0.00282105  0.00412189  0.000766351  
               0.0031146  -0.00388099  0.0492498  
               0.00374281  -0.00328297  0.0493879  
               0.00346852  0.00359053  0.000640672  
               0.00402934  0.00293383  0.000826627  
               -0.0018087  -0.00465116  0.0485934  
               -0.00170791  0.00468174  0.000893579  
               -0.00218173  0.00447598  0.000661621  
               -0.00216439  0.00448525  0.00251426  
               0.00446538  -0.00220156  0.0493674  
               0.00281927  -0.00412336  0.0489452  
               0.00496479  0.000357461  0.00554857  
               0.00493509  0.000659086  0.00662799  
               0.00495694  -0.000437193  0.00686191  
               -0.0015826  -0.00471975  0.00106305  
               -0.000709477  -0.00493012  0.00153217  
               0.00345094  -0.00360496  0.0487281  
               0.00334747  -0.00368988  0.047679  
               0.00263182  -0.0042354  0.0482347  
               -0.00309965  0.00389326  0.0171823  
               -0.00382784  0.00317936  0.0175693  
               -0.00133353  0.0047953  0.000590372  
               0.00210912  0.00451479  0.00103012  
               0.00242218  0.00434746  0.000712353  
               -0.0031642  -0.00384028  0.00120854  
               -0.00241032  -0.0043538  0.000966192  
               0.00375506  0.00326804  0.00145335  
               0.00459897  0.00195164  0.00206904  
               0.00372093  0.00330962  0.00239369  
               0.00204124  0.00455107  0.000559948  
               0.00446995  0.00219301  0.00123799  
               -0.00465459  0.00179741  0.00292777  
               -0.00439295  0.00233707  0.00193126  
               -0.00470852  0.0016196  0.00198529  
               0.00118389  -0.0048407  0.0494153  
               -0.00177342  0.00466186  0.0491404  
               -0.00200909  -0.00456826  0.000644285  
               0.00496893  -0.000315496  0.00098358  
               0.00498864  0.000115337  0.000617708  
               -0.00491673  0.000845485  0.0382039  
               -0.00490619  -0.000952446  0.0378922  
               -0.00496255  -0.000380251  0.0369558  
               0.00313435  0.00386477  0.000986872  
               -0.000592085  -0.00494168  0.0168272  
               -0.00031728  -0.00496875  0.0155755  
               -0.0031642  -0.00384028  0.000558407  
               -0.00280948  -0.00413139  0.000646067  
               -0.00329239  0.00373508  0.0494205  
               0.00498207  0.000182048  0.00184135  
               -0.00115057  -0.0048508  0.000589541  
               -0.000268126  -0.00497359  0.0312726  
               0.000865782  -0.00491473  0.0316316  
               0.00308673  -0.00390386  0.0408176  
               0.00387264  -0.00312477  0.0414405  
               -0.000709477  -0.00493012  0.000799284  
               0.00181565  -0.00464905  0.0486639  
               0.00118389  -0.0048407  0.0489248  
               -0.000302776  -0.00497018  0.000577366  
               0.00357428  0.00348833  0.04829  
               0.00359097  0.00346798  0.0473824  
               0.00477133  -0.00141256  0.0492505  
               0.00465116  -0.0018087  0.0494652  
               -0.000471224  0.00495359  0.0493952  
               0.0019825  -0.00458247  0.0221109  
               0.00317204  -0.00383385  0.0228372  
               -0.00439147  -0.00233984  0.0305348  
               0.00206269  0.00453961  0.016277  
               0.00276219  0.00416572  0.0150202  
               0.00307496  0.00391352  0.0163742  
               0.00385489  0.0031464  0.0490609  
               -0.00435937  0.0023999  0.0186585  
               -0.00442263  0.00228154  0.0200365  
               -0.00486287  0.00111078  0.0191247  
               -0.00134589  0.00479156  0.049395  
               -0.00494207  0.000588188  0.049335  
               0.00103133  -0.00488698  0.00365727  
               0.00254311  -0.00428282  0.00362288  
               0.0018011  -0.00465347  0.00304545  
               0.00462706  0.00188815  0.0142772  
               0.00490868  0.000927155  0.0132928  
               -0.0046053  0.0019398  0.0490015  
               -0.0046053  0.0019398  0.0494491  
               0.00484535  -0.00116854  0.00133133  
               -0.00458211  -0.00198317  0.0010801  
               0.00289487  0.00406131  0.0493716  
               0.00467538  -0.00172887  0.00378754  
               0.00417103  -0.00275225  0.00202276  
               0.00405424  -0.00290349  0.00362402  
               -0.00493563  -0.000653604  0.000832155  
               -0.00348843  -0.00357419  0.000728813  
               -0.00437404  -0.00237244  0.0472217  
               -0.000541918  -0.00494663  0.0489253  
               0.000325151  -0.00496798  0.0491569  
               -0.00294623  -0.00401917  0.0493798  
               -0.00360496  -0.00345094  0.0494293  
               -0.00389297  0.0031  0.000579026  
               -0.0032683  0.00375485  0.000576398  
               -0.00360435  0.00345168  0.000731285  
               0.00457846  -0.00199001  0.000574555  
               0.00417103  -0.00275225  0.000621103  
               0.000860549  0.00491524  0.049202  
               -0.00152331  0.00473774  0.00335005  
               -0.00160522  0.00471289  0.00473283  
               -0.000806583  0.00492056  0.00403441  
               0.00239643  -0.00436122  0.0232657  
               0.00339592  -0.00365011  0.0238269  
               -0.00315359  0.00384899  0.00830286  
               -0.00291931  0.00404125  0.00692363  
               -0.00191497  0.00461857  0.0071687  
               0.00297872  -0.0039925  0.000825007  
               0.00437494  -0.00237077  0.00108321  
               0.0018581  -0.00463618  0.000619668  
               0.00144515  -0.00476144  0.000926498  
               -0.00138183  -0.00478065  0.00669094  
               0.00122412  0.00482849  0.00156352  
               0.00494871  -0.000520792  0.0492639  
               0.000875595  -0.00491376  0.00130593  
               0.0018581  -0.00463618  0.00194485  
               0.000603286  -0.00494058  0.000660413  
               -0.00294591  0.00401942  0.0492406  
               -0.00492481  0.000763448  0.000801445  
               -0.00478488  0.00136791  0.000685958  
               0.00471124  0.00161066  0.0490532  
               0.00455949  0.0020255  0.0493706  
               0.00241955  0.00434886  0.00489836  
               0.0025034  0.00430405  0.00345401  
               0.0031931  0.00381656  0.0037968  
               0.00401917  -0.00294623  0.0490989  
               -0.000915408  0.00490984  0.0491406  
               -0.000645703  -0.0049364  0.00251569  
               0.000860585  -0.00491524  0.00246484  
               0.00332445  -0.00370876  0.0383299  
               -0.000849478  -0.00491633  0.0472765  
               0.00331297  -0.00371819  0.00144961  
               0.00382785  -0.00317935  0.0467244  
               -0.00147564  -0.00475219  0.00568086  
               0.00477841  0.00138923  0.000960172  
               0.00466416  0.00176587  0.00121653  
               0.00129203  0.00480789  0.0494137  
               0.00171818  0.00467862  0.0489434  
               -0.00091689  0.00490969  0.00051962  
               -0.00493027  -0.00070803  0.0490194  
               -0.00471424  -0.00160076  0.0486558  
               0.00441891  0.00228851  0.0469543  
               0.00462299  0.00190157  0.0480705  
               0.0048885  0.00102629  0.0467781  
               -0.00258575  -0.00426003  0.0490711  
               0.000373196  0.00496324  0.000559487  
               -5.70684e-05  0.00499438  0.000712726  
               0.000297996  0.00497065  0.00103067  
               0.00262539  -0.00423884  0.000587789  
               -0.00495619  0.000444845  0.0116668  
               -0.00490947  -0.000919187  0.0115808  
               -0.00496542  0.000351071  0.0129559  
               0.0027707  -0.00416117  0.00957373  
               0.00257259  -0.00426706  0.0106679  
               -0.00499225  7.87121e-05  0.00110401  
               -0.00460335  0.00194344  0.047883  
               0.00301323  0.00396418  0.0466006  
               -0.00332702  0.00370665  0.0256473  
               -0.00285015  0.00409801  0.0246867  
               -0.00096725  -0.00490473  0.0131268  
               -0.00231659  -0.0044039  0.0129125  
               0.00436277  -0.00239352  0.0324924  
               0.0016379  0.00470298  0.000874665  
               0.00491243  0.000889072  0.0477575  
               -0.00459067  0.00196716  0.00104357  
               0.00483697  0.00119618  0.00170021  
               0.00494627  0.00054548  0.000919325  
               -0.00426307  0.00258005  0.0302056  
               -0.00356471  0.00349998  0.0315334  
               -0.00497969  0.000206226  0.0489112  
               -0.00494207  0.000588188  0.0479497  
               -0.00302921  0.00395106  0.0428455  
               0.00495057  -0.000501827  0.0487881  
               0.00490393  -0.000975452  0.0487715  
               0.00471987  -0.00158219  0.000774727  
               -0.00362087  0.00343155  0.0494498  
               -0.00228905  -0.00441862  0.00424504  
               -0.0015826  -0.00471975  0.00273184  
               -0.000900222  -0.00491134  0.00363452  
               0.00454505  -0.00205252  0.0411614  
               0.0048193  -0.00125444  0.0401778  
               0.00455975  -0.00202501  0.0392656  
               0.00122412  0.00482849  0.000602455  
               0.0040323  -0.00293023  0.0332894  
               0.00453236  -0.00207624  0.0335201  
               0.00482022  -0.00125138  0.0458763  
               0.00499808  1.95244e-05  0.045295  
               0.004858  -0.00112684  0.0443596  
               0.00421134  -0.00267683  0.0243275  
               0.000289553  0.00497148  0.00385996  
               0.00196206  0.0045934  0.0470062  
               0.00289487  0.00406131  0.0482934  
               0.00251873  0.00429585  0.0490596  
               0.00124047  -0.00482353  0.0481088  
               0.00200993  -0.00456781  0.049328  
               -0.00257441  0.00426609  0.0487159  
               -0.00234982  0.00438614  0.0471137  
               -0.00134589  0.00479156  0.0484794  
               -0.00484235  0.00117845  0.00134909  
               -0.0043627  -0.00239366  0.0490104  
               -0.0031449  0.00385612  0.00938227  
               -0.00362814  0.00342269  0.0102447  
               -0.00390128  0.00308988  0.0093047  
               -0.00332028  -0.00371219  0.0310328  
               -0.00210252  -0.00451832  0.0322683  
               -0.00189307  -0.00462557  0.0309241  
               -0.00474136  0.00151137  0.04939  
               -0.00176917  -0.00466316  0.0138002  
               0.000417233  0.00495891  0.0494131  
               0.00187926  0.00462976  0.00167426  
               0.00145379  0.00475883  0.00225138  
               0.0048283  0.00122475  0.0493796  
               0.00323809  0.00377964  0.0490595  
               -0.00427951  -0.0025493  0.0459901  
               0.00465116  -0.0018087  0.0490358  
               -0.00474225  0.00150841  0.00836831  
               0.00435081  0.00241591  0.0489187  
               0.0041362  0.00280362  0.0493723  
               0.00200993  -0.00456781  0.0479998  
               0.00462908  -0.0018815  0.0475827  
               0.00470702  -0.00162458  0.0481034  
               0.00483699  -0.0011961  0.0477954  
               0.00385489  0.0031464  0.049477  
               0.00342822  0.00362361  0.0436348  
               0.00404777  0.00291138  0.0445795  
               0.00392394  0.00306226  0.0457276  
               0.0039017  -0.00308936  0.000521064  
               -0.00496807  -0.000324195  0.0493771  
               0.0041362  0.00280362  0.0479846  
               -0.00220156  -0.00446538  0.0469429  
               -0.00442985  0.00226804  0.00963771  
               -0.00486882  0.00109119  0.0105134  
               -0.00438214  0.0023573  0.0108464  
               -0.00258575  -0.00426003  0.049481  
               -0.00418035  -0.00273481  0.0394671  
               -0.0045236  -0.00209264  0.041254  
               -4.0336e-05  -0.00499603  0.00174019  
               0.00155261  -0.00472885  0.0113523  
               -0.00182918  0.00464495  0.0358232  
               -0.00209369  -0.00452304  0.00189744  
               0.00395503  0.00302438  0.0418706  
               0.00445656  0.00221806  0.0411219  
               0.00357351  0.00348927  0.0493721  
               -0.00439295  0.00233707  0.000639557  
               -0.00417664  0.00274176  0.000527436  
               -0.00475979  0.00145062  0.0462851  
               -0.00498468  -0.000155563  0.0471633  
               -0.00425777  -0.00258998  0.000755944  
               -0.00389718  -0.00309487  0.00108632  
               -0.00427486  -0.00255799  0.00157127  
               0.00258965  -0.00425794  0.0025406  
               0.00490396  0.000975104  0.000617259  
               -0.00486013  0.00111982  0.0490714  
               -0.0049151  0.000862  0.00196025  
               -0.00389297  0.0031  0.00360185  
               -0.00492418  0.000769846  0.044976  
               -0.00316208  -0.00384202  0.0144819  
               -0.00381835  -0.00319092  0.0140847  
               -0.00341081  -0.00363789  0.0154353  
               -0.00388099  -0.0031146  0.0485558  
               0.000803405  0.00492087  0.000874252  
               4.28867e-05  -0.00499578  0.0363621  
               0.00105282  -0.00488046  0.000722787  
               -0.00290687  0.00405147  0.0306249  
               0.00446288  0.00220624  0.0160652  
               0.00431474  0.00248339  0.0150426  
               0.00477841  0.00138923  0.000534007  
               -0.00241032  -0.0043538  0.000537489  
               -0.00271595  0.00419044  0.0331452  
               0.000538396  -0.00494697  0.0473781  
               0.00021372  -0.00497895  0.00108404  
               -0.0049455  0.000553334  0.00737865  
               -0.00493137  -0.000696779  0.00767567  
               0.00410441  0.00284235  0.0296435  
               0.00347252  0.00358725  0.0298909  
               0.00415066  0.002786  0.0307516  
               0.00417692  -0.00274123  0.017341  
               0.00361713  -0.00343611  0.0168422  
               0.00381218  -0.00319844  0.0181794  
               -0.00291931  0.00404125  0.00080145  
               -0.00418188  0.00273195  0.0493135  
               -0.00389035  0.00310318  0.0492262  
               -0.00134589  0.00479156  0.0469927  
               0.00323378  0.00378318  0.0337014  
               0.00404653  0.00291289  0.0339496  
               0.00433909  0.00243784  0.034903  
               0.00462694  0.00188856  0.0359453  
               0.00242218  0.00434746  0.00134788  
               0.00151124  0.0047414  0.0272731  
               0.00455399  0.00203578  0.0458139  
               0.00483269  0.0012103  0.0443319  
               -0.00343053  -0.00362171  0.0482725  
               -0.00366465  -0.00337821  0.0472791  
               -0.00298432  -0.0039879  0.0477953  
               -0.00236447  0.00437831  0.0460065  
               -0.00274216  0.00417642  0.0443464  
               -0.00415735  -0.00277785  0.0494292  
               0.00088075  -0.00491325  0.0162229  
               0.000947886  0.00490664  0.020251  
               -0.00383633  0.00316901  0.00245724  
               -0.00133353  0.0047953  0.00168248  
               0.00458315  -0.00198123  0.00709132  
               0.00481417  -0.00127133  0.00592485  
               -0.0006065  -0.00494026  0.0386546  
               -0.000513945  -0.00494938  0.0396567  
               0.00496601  -0.00034509  0.0171083  
               -0.00388099  -0.0031146  0.0492428  
               0.00224434  -0.00444252  0.00104704  
               0.00499116  8.97942e-05  0.0483349  
               -0.00129662  -0.0048065  0.0175232  
               -0.00223214  -0.00444904  0.016779  
               -0.00128418  -0.00481027  0.0160161  
               0.00144964  -0.00476008  0.046665  
               -0.000497353  0.00495101  0.00307581  
               -0.000990233  0.00489944  0.00242109  
               -0.00317259  0.00383339  0.0485408  
               0.00418566  0.00272489  0.0258044  
               0.00453507  0.00207119  0.0249786  
               -0.00254215  0.00428333  0.00138348  
               -0.00417664  0.00274176  0.000942246  
               -0.00383446  0.0031713  0.00105926  
               0.0049292  0.000718823  0.0493197  
               -0.00418188  0.00273195  0.0487067  
               -0.00165578  0.00469755  0.0450367  
               -0.0013338  0.00479522  0.0434398  
               -0.00444045  -0.0022482  0.0244864  
               -0.00415415  -0.00278175  0.0236768  
               0.00248903  0.00431173  0.0331426  
               0.00157  0.00472357  0.0331908  
               0.00218884  0.00447218  0.0340916  
               0.00269167  0.00420341  0.0371015  
               0.00283485  0.00411057  0.0381836  
               0.00355578  0.00351086  0.0376173  
               0.00479398  -0.00133789  0.0234308  
               0.00499987  1.30523e-06  0.0231523  
               0.00426003  -0.00258575  0.048376  
               0.00416377  -0.00276583  0.0474769  
               0.00449125  -0.00215317  0.0480831  
               0.00239366  -0.0043627  0.0489272  
               -0.00091689  0.00490969  0.000927513  
               -0.00420542  -0.00268792  0.0484073  
               -0.00401947  0.00294585  0.021869  
               -0.00304379  0.0039391  0.0209119  
               -0.00274958  0.00417246  0.0221883  
               0.00273508  0.00418021  0.00182876  
               0.00282442  0.00411913  0.00124104  
               -0.00217951  0.00447717  0.049395  
               0.00264061  0.0042307  0.0455914  
               -2.56631e-05  -0.00499747  0.0233609  
               0.00085216  -0.00491607  0.0226743  
               0.000905026  -0.00491086  0.0238552  
               -0.000661252  0.00493487  0.00166959  
               0.00384666  -0.00315643  0.0046434  
               0.00390874  -0.00308078  0.00566597  
               0.00320808  -0.00380427  0.00524606  
               -0.00362087  0.00343155  0.0490027  
               -0.00364272  -0.00340492  0.0125703  
               -0.00430661  -0.00249859  0.0133265  
               0.00468771  0.00168823  0.0341704  
               -0.00109526  -0.00486758  0.0270601  
               0.000608526  -0.00494007  0.0277203  
               -0.000579528  -0.00494292  0.0282045  
               -0.00465094  -0.00180944  0.0275069  
               -0.00470527  -0.00163033  0.0254095  
               -0.00492099  -0.00080225  0.0272295  
               -0.00317249  0.00383347  0.0475661  
               0.0043982  -0.00232724  0.0295262  
               0.00470938  -0.00161679  0.0304448  
               0.00402267  -0.00294196  0.0396826  
               -0.000292531  -0.00497119  0.00108357  
               -0.00206734  0.00453713  0.0426934  
               -0.00251221  0.00429934  0.00428689  
               -0.00389533  0.00309713  0.00480689  
               -0.0010628  0.00487743  0.0299494  
               -0.00199157  0.00457763  0.0309152  
               0.00421184  -0.00267591  0.0126239  
               0.0033328  -0.00370191  0.0115638  
               -0.0040174  0.00294838  0.00174273  
               0.000543035  -0.00494652  0.017454  
               -0.00375062  0.00327345  0.0481159  
               0.000325151  -0.00496798  0.0483762  
               -0.00468912  -0.00168359  0.0021757  
               -0.00493929  -0.000616405  0.00185935  
               0.00326432  0.00375811  0.0184676  
               0.0021414  0.00449754  0.0187265  
               0.00271537  0.00419074  0.0176614  
               0.00498927  -0.000108907  0.0490543  
               -0.00275673  -0.00416864  0.0363584  
               0.00473642  0.00152765  0.0369051  
               0.00441334  0.00229892  0.0375086  
               0.00492089  0.00080319  0.0391848  
               0.0049954  -4.67415e-05  0.0403112  
               0.00291044  0.00404853  0.0351759  
               -0.00377174  -0.00324772  0.0419357  
               -0.00367249  -0.00336865  0.0406011  
               -0.00256809  -0.00426947  0.0422023  
               0.00115397  -0.00484977  0.0193198  
               0.00149459  -0.00474645  0.0183118  
               -0.000410696  0.00495955  0.00103067  
               -0.00381837  0.0031909  0.0470964  
               -0.00314558  0.00385556  0.0465921  
               -0.00467669  0.00172454  0.0221205  
               -0.00490756  0.000938585  0.0212418  
               0.00324845  0.00377113  0.00480862  
               -0.00367074  0.00337079  0.0283976  
               -0.0028509  0.00409739  0.0284768  
               -0.00406721  0.00288769  0.0477336  
               -0.0043136  0.00248553  0.0481492  
               -0.00347768  -0.00358301  0.00355674  
               -0.0031642  -0.00384028  0.00475288  
               -0.000487432  0.00495199  0.000560129  
               0.00498426  0.000159765  0.0363883  
               0.0044274  -0.00227261  0.0488114  
               -0.00214877  0.0044936  0.0267785  
               -0.00325816  0.00376317  0.00111545  
               0.00384365  -0.0031601  0.0290539  
               0.000593949  0.0049415  0.0374722  
               0.000934891  0.00490792  0.0390462  
               0.00313659  -0.00386294  0.0395491  
               0.00216488  -0.00448499  0.0410838  
               -0.00475187  -0.0014767  0.039834  
               0.00488792  -0.0010282  0.0163588  
               -0.00262827  -0.0042373  0.00288917  
               0.00256848  0.00426926  0.00239571  
               -0.00462421  0.00189754  0.0484787  
               -0.00351821  -0.00354975  0.0214102  
               -0.00390285  -0.00308796  0.0227552  
               -0.00231996  -0.0044021  0.00661043  
               -0.00325141  -0.00376871  0.00583356  
               -0.000818776  0.00491936  0.0457579  
               -0.00481411  -0.00127153  0.0198654  
               -0.00494811  -0.000526868  0.0192139  
               -0.00474746  -0.00149125  0.0188355  
               -0.00498983  0.000103292  0.00347803  
               0.00209756  0.00452097  0.0287436  
               0.00158408  0.0047193  0.0296539  
               0.000380794  0.0049625  0.0282379  
               0.00258462  -0.00426063  0.0472198  
               -0.00496244  -0.000381345  0.0419094  
               -0.00494166  0.000592286  0.04134  
               -0.00482117  0.00124825  0.0473135  
               -0.00447812  0.00217772  0.00754074  
               0.00488598  0.00103461  0.015211  
               0.00417294  -0.00274869  0.0155329  
               0.00357577  -0.00348651  0.0158451  
               0.0049292  0.000718823  0.0487318  
               0.00496078  0.000398188  0.0329193  
               0.00366252  0.0033808  0.0361382  
               -0.00304124  -0.00394119  0.0389535  
               -0.00169626  -0.00468527  0.0432756  
               0.00346813  -0.00359085  0.0144567  
               0.00139306  0.00477725  0.00391761  
               6.60707e-05  -0.00499349  0.0130876  
               -0.000786279  -0.00492256  0.0141487  
               0.00298635  -0.00398624  0.0350338  
               0.00246156  0.00432641  0.0274526  
               0.00310581  0.0038882  0.0283102  
               0.00367346  0.00336746  0.0274052  
               -0.00470705  -0.00162448  0.0460732  
               -0.00427688  0.00255423  0.0464367  
               0.00240096  0.0043588  0.0130031  
               0.00251873  0.00429585  0.0494761  
               -0.00233412  0.00439453  0.0386794  
               -0.00362549  0.00342593  0.0384836  
               -0.00297403  0.00399635  0.0375265  
               -0.000435419  -0.00495711  0.020076  
               -0.00490504  -0.000964194  0.0326201  
               -0.00479356  -0.00133929  0.0314339  
               -0.00312367  -0.00387354  0.0223524  
               -0.00165654  -0.00469732  0.0220662  
               -0.00254171  -0.00428357  0.0215515  
               0.00335707  -0.003682  0.0455597  
               0.00286185  0.00408841  0.00771134  
               0.00176021  0.00466587  0.0176444  
               0.00476638  -0.00142887  0.048777  
               0.00463972  -0.00184642  0.0485416  
               -0.00363692  -0.00341199  0.0489461  
               0.00442977  0.00226818  0.0429977  
               -0.00491786  -0.00083402  0.0229013  
               -0.00472137  -0.00157725  0.0237842  
               0.000551453  0.00494569  0.0016737  
               -0.000962718  0.00490518  0.036271  
               -0.0006815  0.00493288  0.0347988  
               0.0049723  0.000281255  0.0492639  
               0.00498927  -0.000108907  0.0494735  
               0.00430166  0.00250786  0.00389799  
               0.00271781  0.00418944  0.0250095  
               0.00341562  0.00363394  0.0121892  
               0.00390573  0.00308445  0.0111877  
               0.00328612  0.00374022  0.0309202  
               0.00243863  0.00433866  0.0307171  
               -0.00478923  -0.00135357  0.0134323  
               -0.00494476  -0.000560834  0.0140378  
               -0.00393962  -0.00304315  0.0478472  
               0.00478389  -0.00137116  0.0294429  
               -0.00494107  0.000598377  0.00490682  
               -0.00469788  0.00165469  0.00452819  
               -0.00388149  0.00311399  0.022857  
               0.00401082  0.00295639  0.00705658  
               0.00362499  0.00342653  0.0388543  
               -0.00361455  -0.00343925  0.0106794  
               0.00490396  0.000975104  0.00243164  
               0.00496238  -0.000381937  0.00342949  
               0.00467911  0.00171657  0.028936  
               0.00499153  8.59849e-05  0.0283505  
               0.00481411  0.00127155  0.0277498  
               0.000253138  0.00497507  0.029735  
               -0.00230638  0.00440936  0.0100023  
               -0.00199814  -0.00457411  0.0356532  
               -0.0022276  -0.00445146  0.037295  
               -0.002772  -0.00416048  0.0111892  
               0.000253331  -0.00497505  0.0141121  
               -5.67795e-05  0.00499441  0.00208381  
               -0.0046313  0.00187418  0.0146973  
               -0.00431378  0.0024852  0.015553  
               -0.00491754  -0.000837263  0.0480025  
               0.00492152  -0.000796809  0.0352554  
               -0.00360435  0.00345168  0.00138724  
               -0.0030945  0.00389748  0.0020127  
               0.00342598  0.00362544  0.0102595  
               0.00294412  -0.0040209  0.036698  
               0.00189259  -0.00462571  0.0422137  
               0.000972787  -0.00490419  0.0415452  
               0.000675468  -0.00493347  0.0354475  
               0.000134925  -0.00498671  0.0341691  
               -0.000653489  -0.00493564  0.0350434  
               -0.00263202  0.00423529  0.0295811  
               -0.00127649  0.00481261  0.0282992  
               0.00390872  0.00308081  0.00831475  
               0.00494627  0.00054548  0.000515898  
               -0.000109763  0.00498919  0.00650299  
               -0.00338135  -0.00366207  0.0337341  
               0.00487007  0.00108705  0.0250923  
               -0.00152525  -0.00473715  0.03427  
               -0.0044117  0.00230199  0.048737  
               -0.00440469  0.00231511  0.0492253  
               0.00499544  4.62911e-05  0.014044  
               0.00472115  0.001578  0.0307672  
               0.00473973  0.00151675  0.0325257  
               0.00495884  0.000417894  0.0317132  
               0.0045076  -0.00212258  0.0284444  
               0.00484801  -0.00115979  0.0279859  
               0.00476778  -0.00142428  0.0326804  
               0.00494805  -0.000527436  0.0340286  
               0.00474202  -0.00150919  0.0344044  
               -0.00140292  0.00477426  0.020774  
               -0.000414604  0.00495917  0.0213213  
               0.000240767  0.00497629  0.0462368  
               0.000691939  -0.00493185  0.00797838  
               0.000876019  -0.00491372  0.00598035  
               0.00187927  -0.00462976  0.00748897  
               0.00189547  0.00462484  0.00296056  
               0.00390116  0.00309002  0.0286881  
               -0.00324079  0.00377742  0.00309918  
               -0.00394857  -0.00303225  0.00544341  
               -0.00399898  -0.00297082  0.0043845  
               -0.0035841  0.00347636  0.0357297  
               -5.16771e-05  0.00499491  0.0196315  
               -0.00442354  -0.00227984  0.0224686  
               0.00292131  0.00403961  0.00657464  
               -0.00475504  0.00146628  0.0482097  
               -0.00411828  0.00282546  0.0276076  
               -0.00269425  -0.00420203  0.0258898  
               -0.00165183  -0.00469875  0.011469  
               -0.00210212  -0.00451853  0.00955846  
               -0.000399729  0.00496063  0.024761  
               -0.00184312  0.00464072  0.0257142  
               -0.000808351  0.00492038  0.0266185  
               -0.00412592  -0.00281614  0.0489427  
               0.00473301  0.00153889  0.00747036  
               -0.00482907  -0.00122222  0.0470564  
               -0.00355216  -0.00351528  0.0259351  
               -0.00303358  -0.00394747  0.0268034  
               0.00473083  -0.00154607  0.0253137  
               0.00491626  -0.000850193  0.0244972  
               -0.00490892  -0.000924706  0.0448222  
               0.00268695  0.00420594  0.0227585  
               0.00462641  0.00189032  0.00470019  
               0.00490664  0.000947913  0.004057  
               -0.00438042  0.00236052  0.0136352  
               -0.00341431  0.00363502  0.0152379  
               -0.00374762  0.0032771  0.0131888  
               -0.00197799  0.00458488  0.024401  
               -8.85391e-05  -0.00499128  0.00707179  
               0.00323809  0.00377964  0.0494762  
               -0.00367698  -0.00336318  0.024853  
               -0.00176425  0.00466465  0.019602  
               0.00486545  0.0011023  0.0298066  
               0.00497724  -0.000231046  0.0296987  
               0.00336226  0.00367774  0.0134459  
               -0.00498456  0.000156717  0.0153718  
               -5.70684e-05  0.00499438  0.00134861  
               -0.00297383  -0.00399652  0.0300175  
               -0.00377112  -0.00324847  0.0298266  
               -0.00437304  0.00237433  0.0475385  
               -0.00348843  -0.00357419  0.00229379  
               0.00417017  0.00275386  0.0221469  
               0.00471194  0.00160834  0.0220196  
               -0.00434426  0.00242816  0.00569531  
               -0.00437109  0.00237796  0.0233491  
               0.00246454  -0.00432482  0.011726  
               0.00178312  -0.00465892  0.00941678  
               -0.00166795  0.00469386  0.0218847  
               0.0041737  -0.00274726  0.0431473  
               0.00338143  -0.003662  0.0427194  
               -0.00245456  0.00433015  0.00883381  
               -0.00209985  -0.00451975  0.0151714  
               -0.000532671  0.00494754  0.0290671  
               0.00154409  0.00473143  0.0372383  
               0.00203304  0.00455546  0.0388986  
               -0.0049488  0.000519824  0.0270966  
               0.00422406  -0.00265305  0.0144484  
               0.00468677  -0.00169133  0.0142275  
               0.00470072  -0.00164534  0.0130746  
               -0.00471946  -0.00158355  0.0357152  
               0.00237538  0.00437247  0.0416769  
               0.00119712  0.00483668  0.0409561  
               0.00133664  0.00479436  0.0459485  
               0.00287528  0.00407739  0.0265175  
               0.001919  0.00461641  0.0257593  
               -0.00487014  -0.00108683  0.00444678  
               -0.00493032  -0.000707477  0.00561854  
               -0.00113124  -0.00485667  0.00913082  
               -0.00474441  0.00150132  0.0115137  
               0.00494303  0.000578404  0.0426502  
               -0.00431638  0.00248032  0.00858232  
               0.00497701  -0.000233416  0.0464976  
               0.00475274  -0.00147384  0.019686  
               0.00276898  -0.00416209  0.0260834  
               0.00210596  -0.00451648  0.0267439  
               0.00395299  0.00302687  0.00475787  
               0.00375506  0.00326804  0.00333402  
               0.00437258  0.00237519  0.00280041  
               0.000873633  0.00491395  0.034049  
               -0.00321649  -0.00379737  0.00733851  
               0.000693589  0.00493169  0.00735023  
               -0.00495306  -0.000476614  0.0388149  
               -0.00496602  0.000345041  0.0399731  
               -0.00490412  0.000973469  0.0391951  
               0.00313435  0.00386477  0.000545829  
               -0.00319481  -0.00381516  0.00871657  
               -0.00419884  -0.00270023  0.00850667  
               0.00193489  -0.00460792  0.0456979  
               0.00150837  -0.00474227  0.0442183  
               -0.000399718  0.00496063  0.0444548  
               -0.0022165  0.00445739  0.0405656  
               0.00392385  0.00306237  0.0171378  
               0.00378268  0.00323439  0.0161585  
               0.00391243  0.00307629  0.0198951  
               0.0044698  0.00219329  0.0190729  
               -0.00105597  0.0048795  0.00806006  
               -0.000455396  0.00495515  0.00524265  
               -0.000293801  0.00497106  0.0123745  
               -0.000524419  0.00494835  0.0135572  
               -0.00478991  0.00135132  0.00937447  
               0.000791455  0.00492205  0.00500367  
               0.000104135  0.00498974  0.0101562  
               -0.00121126  0.00483239  0.00987814  
               0.00109011  0.00486915  0.00287293  
               0.00414879  -0.00278828  0.031106  
               -0.00480207  0.00131124  0.0201046  
               0.00412129  -0.00282179  0.021363  
               0.003493  -0.00357044  0.0216155  
               0.00414976  -0.00278709  0.0227818  
               0.000163119  -0.00498393  0.0302864  
               0.0033368  -0.00369863  0.00640606  
               0.00354315  -0.00352626  0.0075243  
               0.00276302  -0.00416528  0.0076154  
               -0.00478223  -0.00137665  0.0146099  
               0.00497306  0.0002735  0.0488097  
               -0.00180229  -0.00465311  0.041666  
               6.06468e-05  -0.00499403  0.00440008  
               0.00111388  -0.00486194  0.00478209  
               -0.00430386  -0.00250374  0.0350426  
               0.00493349  -0.000675334  0.0307698  
               0.00498927  -0.000108907  0.0475163  
               0.00492904  -0.000720492  0.0473997  
               -0.00447543  0.00218276  0.0124523  
               0.00402864  -0.00293469  0.00686129  
               -0.00459316  0.00196251  0.0375079  
               -0.000754099  -0.00492573  0.0294497  
               -0.00497316  0.000272543  0.00593359  
               -0.00492352  -0.000776553  0.00664651  
               -0.00262125  -0.00424106  0.0435619  
               0.00492983  -0.00071244  0.0480252  
               0.000834172  0.00491784  0.0218591  
               -0.00425855  -0.00258851  0.0112183  
               -0.00462887  -0.00188218  0.0125352  
               0.00467916  0.00171641  0.0240054  
               -0.00218161  -0.00447605  0.0269003  
               -0.003338  -0.00369764  0.0278138  
               -0.00298854  0.00398444  0.0398198  
               -0.00446039  -0.0022109  0.0482779  
               -0.00455088  0.0020416  0.0364232  
               -0.00340348  -0.00364391  0.0462983  
               -0.00359392  -0.00346439  0.0450285  
               -0.00179646  -0.00465488  0.0280726  
               -0.00421259  -0.0026745  0.0161838  
               -0.00467524  -0.00172934  0.015571  
               -0.00466501  -0.00176305  0.0167882  
               -0.0010561  -0.00487946  0.00776886  
               -0.00280445  0.00413552  0.0136109  
               -0.00463472  0.00186289  0.0472426  
               0.00465994  -0.00177976  0.0357343  
               0.00432322  -0.00246752  0.0346802  
               0.00124923  0.00482088  0.0107506  
               0.00192732  0.00461197  0.0202322  
               0.00483713  0.00119564  0.0196312  
               0.00498129  0.000189935  0.0195964  
               0.00321085  -0.00380199  0.00844015  
               0.00423834  0.00262633  0.0365486  
               -0.00276051  0.00416662  0.011768  
               -0.00169079  0.00468693  0.0107651  
               0.00496087  0.000397304  0.0272733  
               -0.0043241  0.00246589  0.0399268  
               -0.00366284  0.00338042  0.00742812  
               -0.00468372  -0.00170138  0.0105042  
               -0.00494064  -0.000602689  0.0104982  
               0.00490919  -0.000921994  0.0118547  
               0.00156846  -0.00472404  0.0172447  
               0.00256801  -0.00426951  0.0170096  
               -0.00376583  -0.00325492  0.0373049  
               -0.00486387  0.0011075  0.0233878  
               -0.00498447  0.000157713  0.0230097  
               0.00445196  -0.00222668  0.00609383  
               0.0047473  -0.00149178  0.0471615  
               0.000864087  0.00491489  0.0449096  
               -0.00497071  0.00029738  0.0240556  
               0.003798  0.00321572  0.0145585  
               -0.00480885  0.00128887  0.0432944  
               -0.0040603  0.0028961  0.0431964  
               -0.00465842  0.00178477  0.0443826  
               0.00445318  0.0022244  0.0230305  
               0.00488897  0.00102477  0.0231468  
               0.00442779  -0.0022719  0.0453183  
               -0.00123143  0.00482628  0.0393287  
               -0.000716337  0.00492945  0.0378041  
               0.00460183  0.00194628  0.0387191  
               -0.000667187  0.00493429  0.0146567  
               -0.00470749  -0.00162302  0.0333561  
               -0.00436477  -0.0023898  0.0316985  
               0.00434966  0.00241805  0.00971661  
               -0.00474812  -0.00148906  0.00346257  
               -0.00471795  -0.00158852  0.0478669  
               -0.00427562  -0.00255658  0.047835  
               -0.00411162  -0.00283357  0.00728007  
               -0.0046897  -0.00168167  0.0078685  
               0.00499071  9.42744e-05  0.0413535  
               0.00490475  -0.000967067  0.0412886  
               -0.00284789  -0.00409987  0.0195281  
               -0.0036889  -0.00334865  0.0195312  
               0.00177183  0.00466235  0.00782127  
               -0.000157874  0.00498445  0.0392621  
               0.00119973  0.00483589  0.00618193  
               -0.000398345  -0.00496077  0.0179334  
               -0.00499141  -8.72135e-05  0.0331082  
               -0.00488354  0.00104264  0.0366986  
               -0.00477784  -0.00139111  0.0219085  
               0.00497386  0.000265391  0.0162991  
               0.0028874  -0.00406744  0.0419093  
               -0.00452823  -0.00208398  0.00463155  
               0.000929382  -0.00490846  0.0457634  
               -0.00477352  0.00140536  0.0279776  
               -0.00467865  0.0017181  0.0291598  
               -0.00463801  -0.00185207  0.00598377  
               0.00382589  0.00318173  0.0242203  
               -0.00412875  -0.0028127  0.0334913  
               -0.00446303  0.00220595  0.0419571  
               0.00398288  -0.00299044  0.0362761  
               0.00374926  -0.00327511  0.0351115  
               0.0020456  0.00454875  0.0362497  
               -0.00388105  0.00311452  0.0487387  
               -0.00479643  0.00132982  0.0245021  
               -0.00439175  -0.00233932  0.0449959  
               0.00447026  -0.00219243  0.0370871  
               0.000181928  0.00498208  0.00898691  
               0.00111151  0.00486265  0.0085861  
               -0.00162556  0.00470672  0.0139204  
               -0.00127444  0.00481323  0.0127943  
               -0.00252147  0.00429438  0.0056474  
               0.00483368  -0.00120703  0.0483388  
               0.00465694  0.00178966  0.00609567  
               0.000443184  0.00495635  0.0164617  
               3.03822e-05  0.00499701  0.0155164  
               0.00368033  -0.0033591  0.020631  
               0.000530725  0.00494773  0.0432854  
               -0.00198337  0.00458201  0.0230954  
               -0.000121005  -0.00498808  0.0460308  
               -0.00320107  0.00381002  0.0347951  
               -0.00210356  0.00451776  0.0347015  
               -0.00480424  0.00130408  0.0173753  
               -0.00249428  0.00430892  0.0162354  
               0.00441339  -0.00229883  0.0114161  
               0.00116479  -0.00484649  0.0299171  
               0.00458044  -0.00198631  0.0166562  
               -0.000726776  -0.00492842  0.0106609  
               -0.000977105  0.00490342  0.0157209  
               0.0011854  0.00484024  0.0155689  
               0.004954  -0.000467011  0.015513  
               -0.00138145  -0.00478077  0.0232921  
               0.00268418  -0.00420742  0.0432495  
               0.00382659  -0.00318088  0.0196331  
               0.00441244  -0.00230062  0.0465454  
               -0.00496765  0.00032844  0.0202087  
               -0.00352449  0.0035446  0.0455269  
               0.00499381  -6.28902e-05  0.0385868  
               0.00326658  0.00375626  0.0017  
               -0.00468931  -0.00168296  0.036924  
               -0.00184297  -0.00464077  0.0247755  
               -0.00137142  -0.00478381  0.0463594  
               -0.00445804  -0.00221529  0.0212396  
               -0.00403865  -0.00292248  0.020645  
               -0.0039576  0.00302124  0.0370638  
               0.00492718  -0.000739382  0.0204519  
               0.0045629  -0.00201911  0.0205932  
               0.000595915  0.00494131  0.0128374  
               0.00285617  -0.00409307  0.030203  
               0.0027604  -0.00416668  0.028969  
               -0.0027372  -0.00417908  0.0248793  
               -0.00218824  0.0044725  0.014936  
               0.000229057  0.00497744  0.0115181  
               -0.00480972  -0.001286  0.0302712  
               0.000552382  0.0049456  0.0401227  
               -0.00100592  0.00489468  0.0403901  
               0.000260385  0.00497435  0.0414311  
               0.00291998  0.00404071  0.00295656  
               0.00308041  0.00390905  0.00228778  
               0.00448754  -0.00216011  0.0421972  
               0.00333204  0.00370254  0.0414644  
               -0.00492102  0.000801884  0.0302354  
               -6.01608e-05  0.00499407  0.0311398  
               2.71997e-05  -0.00499732  0.0322829  
               -0.00494253  -0.00058354  0.0460072  
               -0.00497466  -0.000257304  0.0407882  
               -0.00425731  -0.00259084  0.0438141  
               -0.000391273  -0.00496146  0.021952  
               -0.000934947  -0.00490792  0.040577  
               0.000572282  -0.00494364  0.0399813  
               -0.00498735  -0.000128481  0.0306312  
               -0.0049763  -0.000240629  0.0293162  
               0.00483433  -0.00120487  0.0424319  
               0.00102091  0.00489014  0.0230993  
               0.0021612  0.00448696  0.0238293  
               -0.00472048  0.00158019  0.0160242  
               -0.00110148  -0.0048657  0.0212335  
               -0.00316395  -0.00384049  0.0351372  
               -0.000455046  -0.00495518  0.0257873  
               -0.000361873  -0.00496436  0.0243629  
               0.00235949  0.00438097  0.0433943  
               0.00323742  0.00378019  0.0424634  
               -0.00146325  -0.00475595  0.0452379  
               0.000154432  -0.00498479  0.0374302  
               0.00497927  -0.000210449  0.0128477  
               -0.00428669  -0.00253587  0.0188193  
               0.0028021  -0.00413745  0.0448584  
               -0.0046632  -0.00176903  0.017821  
               -0.00423312  -0.0026361  0.0174605  
               0.00331388  -0.00371744  0.0267953  
               -0.00464665  0.00182358  0.0406266  
               -0.00144454  -0.00476163  0.0197004  
               -0.00214999  -0.00449295  0.0205404  
               -0.00499089  9.24999e-05  0.00907943  
               -0.00406487  0.00289054  0.0291922  
               -0.00382069  -0.00318807  0.0323635  
               -0.00438366  0.00235445  0.0353095  
               0.000282439  -0.00497218  0.0289607  
               -0.00356609  0.0034983  0.029824  
               0.00186495  0.0046341  0.0117516  
               0.00499328  -6.82738e-05  0.026357  
               -0.0048612  0.00111632  0.0138027  
               0.00222736  0.00445159  0.0217518  
               0.00494947  0.000513061  0.0212654  
               -0.00477935  0.00138611  0.0056243  
               0.0048822  0.00104706  0.016938  
               0.000764234  -0.00492473  0.0388641  
               -0.00118915  0.0048391  0.0421461  
               0.00277785  -0.00415735  0.0462274  
               0.00487808  -0.00106067  0.0389727  
               0.00490611  0.000953276  0.0264362  
               0.00492498  -0.00076174  0.00470248  
               -0.00499139  8.74526e-05  0.0182357  
               0.00090464  -0.0049109  0.0264536  
               0.00350461  -0.00356092  0.00252274  
               -0.00377408  0.00324487  0.0340995  
               -0.00106304  -0.00487736  0.0320558  
               -0.00497969  0.000206226  0.0428723  
               -0.00217805  -0.00447795  0.0445012  
               0.00399161  0.0029798  0.0128667  
               0.00456186  0.00202106  0.0124778  
               -0.00311383  -0.00388162  0.0184542  
               -0.00365484  -0.00339016  0.0168534  
               -0.00381676  -0.00319286  0.0357949  
               0.00205941  0.00454136  0.0446689  
               0.00487432  0.00107307  0.0409865  
               0.00471365  0.00160271  0.0420808  
               0.00441675  -0.00229254  0.0265857  
               0.00415765  -0.00277728  0.0257492  
               0.00411812  -0.00282565  0.0273785  
               -0.00496552  0.000350073  0.0254715  
               0.00305109  -0.00393311  0.0127695  
               0.00438405  -0.00235372  0.00499284  
               -0.00499198  -8.1473e-05  0.0220389  
               0.00467323  0.00173594  0.0399745  
               -0.00117661  0.0048429  0.00612149  
               0.00434538  0.00242607  0.027774  
               -0.00443573  -0.00225703  0.0287552  
               -0.00494276  -0.000581128  0.0246396  
               0.00462783  0.00188562  0.0269373  
               -0.00491254  -0.000887961  0.0162936  
               0.000319509  0.00496853  0.0365101  
               -0.00420787  -0.00268334  0.00996842  
               -0.00239792  -0.00436043  0.00764699  
               -0.00466588  0.0017602  0.0339847  
               0.00497664  0.000237166  0.0241541  
               0.00366157  0.00338195  0.00587803  
               -0.00496846  0.000320238  0.0315394  
               -0.00091887  -0.0049095  0.0368321  
               -0.00112259  0.00485929  0.0116898  
               0.00345891  0.00359842  0.0323001  
               0.00426568  0.00257518  0.032465  
               0.00463584  -0.00185921  0.0182229  
               0.00497821  0.000221232  0.0111233  
               0.00495165  0.00049091  0.00995103  
               0.00456706  0.00201134  0.0109199  
               0.0025139  -0.00429844  0.0340628  
               0.00234423  -0.00438912  0.00492609  
               0.00207287  -0.00453417  0.00622761  
               -0.00124488  0.0048222  0.0237446  
               -0.00439715  -0.00232922  0.0145483  
               -0.00426916  0.00256867  0.0326702  
               -0.00452956  0.00208149  0.0312687  
               -0.00033205  0.0049673  0.0230896  
               -0.00242923  0.00434369  0.0127011  
               -0.00300635  -0.00396982  0.00976662  
               0.00341617  -0.00363349  0.0341481  
               -0.00257304  -0.00426682  0.0454657  
               0.00134487  -0.00479186  0.0138372  
               0.00343967  -0.0036142  0.0323694  
               0.00281944  -0.00412322  0.0329954  
               -0.00464659  0.00182377  0.0268735  
               0.00498851  -0.000116655  0.00808277  
               0.00480075  -0.00131557  0.00791888  
               0.00494174  0.000591543  0.037761  
               0.00194586  -0.00460205  0.030943  
               -0.00343895  -0.0036148  0.0438938  
               -0.000514174  -0.00494936  0.0060958  
               -0.00427384  0.00255991  0.0453163  
               0.00236644  -0.00437725  0.0139662  
               -0.00251618  -0.00429722  0.00538167  
               -0.0041515  -0.00278498  0.0265859  
               -0.00419494  -0.00270752  0.0275929  
               -0.00383063  0.00317596  0.0445993  
               0.0049701  -0.000303558  0.0187077  
               0.00491254  -0.000888007  0.0217816  
               -0.00267461  0.00421253  0.0316656  
               -0.00341806  0.00363195  0.0239521  
               -0.00278989  0.00414747  0.0417134  
               0.00442426  -0.00227849  0.0191372  
               0.00114237  0.00485329  0.0242562  
               -0.00403106  -0.00293174  0.00293445  
               0.00144461  -0.00476161  0.0342436  
               -0.00493116  -0.000698977  0.0173112  
               0.00483522  -0.00120193  0.0316388  
               0.00356282  0.00350229  0.0226075  
               -0.00247456  0.00431946  0.0180883  
               -0.00132039  0.00479929  0.0184354  
               0.00121733  -0.00483055  0.0149939  
               0.00344341  -0.00361114  0.0103189  
               0.00400263  -0.00296637  0.00874286  
               0.000565082  -0.00494434  0.0446429  
               0.00284254  -0.00410426  0.0317068  
               0.0016249  -0.00470692  0.0127664  
               -0.00157067  -0.00472337  0.0398103  
               0.00323805  0.00377967  0.0211425  
               -0.0017452  -0.00467043  0.0296124  
               -0.00490425  0.000972165  0.0332685  
               0.00156306  -0.00472568  0.0286403  
               -0.00160963  0.00471155  0.0170944  
               -0.000478917  0.00495283  0.0168528  
               -0.00172959  -0.00467516  0.0258443  
               0.00496942  0.000310464  0.0348563  
               0.00188866  -0.00462691  0.0207313  
               -0.00484605  -0.00116625  0.00933814  
               -0.00433138  0.00245225  0.0167548  
               0.00228748  -0.00441946  0.0388316  
               -0.00127281  0.00481372  0.0319698  
               -0.00124132  0.00482327  0.0334416  
               0.00302782  -0.0039522  0.0189233  
               -0.00158608  -0.0047187  0.038719  
               -0.000465678  -0.00495413  0.0448627  
               -0.000176439  -0.00498262  0.0438949  
               0.00112052  0.00485992  0.0192438  
               0.00204011  0.00455168  0.0319631  
               0.0010695  0.0048754  0.0319785  
               0.00486273  -0.00111125  0.0376853  
               -0.00384299  0.0031609  0.0408662  
               0.00483478  0.0012034  0.00896335  
               0.00471521  -0.00159756  0.0100202  
               -0.00479754  0.00132615  0.0356805  
               -0.00493061  0.000704533  0.0348125  
               -0.00498184  0.00018435  0.0359966  
               -0.00364822  0.00339823  0.041995  
               0.00445436  0.00222219  0.00866414  
               0.000245168  -0.00497585  0.0187712  
               -0.00016701  -0.00498355  0.00967301  
               0.00482192  -0.00124578  0.0268702  
               0.00479072  0.00134864  0.0181498  
               0.00263891  -0.00423161  0.0154438  
               -0.00324341  -0.00377528  0.0134514  
               -0.00124694  -0.00482157  0.0442356  
               -0.00485619  -0.00113282  0.0430308  
               -0.0033599  0.00367967  0.0196327  
               -0.0036487  0.00339765  0.0325657  
               0.00313696  0.00386263  0.0200657  
               0.00138662  -0.0047792  0.0325506  
               -0.000512899  -0.00494948  0.0331854  
               0.00453792  -0.00206585  0.0220463  
               -0.00418313  -0.00272961  0.0384472  
               -0.00415183  -0.00278457  0.025548  
               0.00040625  -0.00495999  0.0107479  
               -0.0038095  0.00320171  0.0117502  
               0.00378811  -0.00322777  0.0445836  
               0.00453384  0.00207348  0.0171616  
               5.40806e-05  0.00499467  0.0176998  
               -0.0023156  -0.00440443  0.0408318  
               -0.00491557  -0.000857243  0.0207682  
               0.0010302  0.00488732  0.0352554  
               -0.00247427  -0.00431962  0.0289648  
               -0.00287896  -0.00407437  0.0235604  
               0.00140466  0.00477373  0.031017  
               -0.0046597  0.00178056  0.0256868  
               -0.00438314  0.00235542  0.0247733  
               0.00107777  0.00487289  0.0141605  
               -0.00464695  -0.00182257  0.0383978  
               -0.00427008  0.00256694  0.0383369  
               0.00255061  0.00427881  0.0401772  
               0.00379394  0.00322067  0.0401543  
               -0.00461204  0.00192719  0.0391311  
               0.0045287  0.0020831  0.020413  
               0.00219646  -0.00446811  0.0249458  
               0.00341465  -0.00363474  0.0253883  
               -0.00441951  -0.00228737  0.0425434  
               0.00409111  -0.00285856  0.0097493  
               0.00449948  -0.00213777  0.0442509  
               0.000596583  -0.00494124  0.0249198  
               -0.00165058  0.00469913  0.0369804  
               -5.17994e-05  0.0049949  0.0330801  
               0.00498472  -0.000155167  0.0253324  
               -0.00369131  0.00334572  0.00610773  
               -0.00476356  0.00143816  0.03231  
               0.00437624  -0.00236833  0.038283  
               -0.00493196  0.000690806  0.0165357  
               -0.00172917  -0.00467529  0.0186472  
               0.00466351  -0.00176801  0.0155945  
               -0.00223137  -0.00444945  0.033409  
               0.00490799  -0.000934179  0.017924  
               -0.00494636  -0.000544637  0.0350496  
               -0.00474215  -0.00150877  0.0346574  
               0.00498121  0.000190759  0.0442778  
               -0.00493169  -0.000693599  0.033989  
               0.00335123  0.00368679  0.0256724  
               -0.00115806  -0.00484853  0.0378124  
               0.00131957  0.00479954  0.0439725  
               0.00451896  -0.00210133  0.00861062  
               0.00189014  -0.00462646  0.0162502  
               0.0015916  0.00471702  0.039962  
               -0.000485966  -0.00495214  0.0118405  
               -0.00499351  -6.59363e-05  0.0279243  
               -0.0032526  0.00376773  0.0275092  
               0.000783888  0.00492279  0.0260547  
               0.00124353  0.00482261  0.0422326  
               0.00495042  -0.000503366  0.00930344  
               0.00493781  -0.000631387  0.010336  
               0.00314119  -0.00385917  0.0199181  
               0.00485495  -0.00113691  0.00261355  
               0.00221968  -0.00445569  0.0084751  
               0.00337605  -0.00366642  0.0281027  
               -0.00370876  0.00332446  0.0164787  
               0.00397722  0.00299733  0.021008  
               0.00495957  -0.00041045  0.0432998  
               0.00136867  -0.00478465  0.0255598  
               -0.00444304  -0.00224335  0.0200087  
               -0.004211  0.00267748  0.0261723  
               0.00149095  -0.00474755  0.0395673  
               -0.00488352  -0.00104274  0.0282296  
               0.00203433  0.00455477  0.0350917  
               -0.00492592  0.000752189  0.0292396  
               0.000476882  -0.00495303  0.0121607  
               0.0025188  0.00429581  0.0296941  
               0.00229023  -0.00441799  0.0195591  
               0.0049342  0.000668072  0.012277  
               0.000512027  -0.00494957  0.0332163  
               0.00254552  -0.00428153  0.0279536  
               -0.00381034  0.00320068  0.0205462  
               -0.00496427  -0.000362796  0.0438368  
               0.000659174  -0.00493508  0.0215748  
               -0.00383302  -0.00317304  0.0287342  
            </DataArray>
         </Points> 

         <Cells>
            <DataArray type="Int32" Name="connectivity" NumberOfComponents="1" format="ascii">
               
            </DataArray> 
            <DataArray type="Int32" Name="offsets" NumberOfComponents="1" format="ascii">
               
            </DataArray>
            <DataArray type="UInt8"  Name="types" NumberOfComponents="1" format="ascii">
               
            </DataArray>
         </Cells>
         <PointData Scalars="Rank " Vectors="DisplacementDelta Force ">
            <DataArray type="UInt32" Name="Rank" NumberOfComponents="1" format="ascii">
               0 0 0 0 0 0 0 0 0 0 0 0 0 0 0 0 0 0 0 0 0 0 0 0 0 0 0 0 0 0 0 0 0 0 0 0 0 0 0 0 0 0 0 0 0 0 0 0 0 0 0 0 0 0 0 0 0 0 0 0 0 0 0 0 0 0 0 0 0 0 0 0 0 0 0 0 0 0 0 0 0 0 0 0 0 0 0 0 0 0 0 0 0 0 0 0 0 0 0 0 0 0 0 0 0 0 0 0 0 0 0 0 0 0 0 0 0 0 0 0 0 0 0 0 0 0 0 0 0 0 0 0 0 0 0 0 0 0 0 0 0 0 0 0 0 0 0 0 0 0 0 0 0 0 0 0 0 0 0 0 0 0 0 0 0 0 0 0 0 0 0 0 0 0 0 0 0 0 0 0 0 0 0 0 0 0 0 0 0 0 0 0 0 0 0 0 0 0 0 0 0 0 0 0 0 0 0 0 0 0 0 0 0 0 0 0 0 0 0 0 0 0 0 0 0 0 0 0 0 0 0 0 0 0 0 0 0 0 0 0 0 0 0 0 0 0 0 0 0 0 0 0 0 0 0 0 0 0 0 0 0 0 0 0 0 0 0 0 0 0 0 0 0 0 0 0 0 0 0 0 0 0 0 0 0 0 0 0 0 0 0 0 0 0 0 0 0 0 0 0 0 0 0 0 0 0 0 0 0 0 0 0 0 0 0 0 0 0 0 0 0 0 0 0 0 0 0 0 0 0 0 0 0 0 0 0 0 0 0 0 0 0 0 0 0 0 0 0 0 0 0 0 0 0 0 0 0 0 0 0 0 0 0 0 0 0 0 0 0 0 0 0 0 0 0 0 0 0 0 0 0 0 0 0 0 0 0 0 0 0 0 0 0 0 0 0 0 0 0 0 0 0 0 0 0 0 0 0 0 0 0 0 0 0 0 0 0 0 0 0 0 0 0 0 0 0 0 0 0 0 0 0 0 0 0 0 0 0 0 0 0 0 0 0 0 0 0 0 0 0 0 0 0 0 0 0 0 0 0 0 0 0 0 0 0 0 0 0 0 0 0 0 0 0 0 0 0 0 0 0 0 0 0 0 0 0 0 0 0 0 0 0 0 0 0 0 0 0 0 0 0 0 0 0 0 0 0 0 0 0 0 0 0 0 0 0 0 0 0 0 0 0 0 0 0 0 0 0 0 0 0 0 0 0 0 0 0 0 0 0 0 0 0 0 0 0 0 0 0 0 0 0 0 0 0 0 0 0 0 0 0 0 0 0 0 0 0 0 0 0 0 0 0 0 0 0 0 0 0 0 0 0 0 0 0 0 0 0 0 0 0 0 0 0 0 0 0 0 0 0 0 0 0 0 0 0 0 0 0 0 0 0 0 0 0 0 0 0 0 0 0 0 0 0 0 0 0 0 0 0 0 0 0 0 0 0 0 0 0 0 0 0 0 0 0 0 0 0 0 0 0 0 0 0 0 0 0 0 0 0 0 0 0 0 0 0 0 0 0 0 0 0 0 0 0 0 0 0 0 0 0 0 0 0 0 0 0 0 0 0 0 0 0 0 0 0 0 0 0 0 0 0 0 0 0 0 0 0 0 0 0 0 0 0 0 0 0 0 0 0 0 0 0 0 0 0 0 0 0 0 0 0 0 0 0 0 0 0 0 0 0 0 0 0 0 0 0 0 0 0 0 0 0 0 0 0 0 0 0 0 0 0 0 0 0 0 0 0 0 0 0 0 0 0 0 0 0 0 0 0 0 0 0 0 0 0 0 0 0 0 0 0 0 0 0 0 0 0 0 0 0 0 0 0 0 0 0 0 0 0 0 0 0 0 0 0 0 0 0 0 0 0 0 0 0 0 0 0 0 0 0 0 0 0 0 0 0 0 0 0 0 0 0 0 0 0 0 0 0 0 0 0 0 0 0 0 0 0 0 0 0 0 0 0 0 0 0 0 0 0 0 0 0 0 0 0 0 0 0 0 0 0 0 0 0 0 0 0 0 0 0 0 0 0 0 0 0 0 0 0 0 0 0 0 0 0 0 0 0 0 0 0 0 0 0 0 0 0 0 0 0 0 0 0 0 0 0 0 0 0 0 0 0 0 0 0 0 0 0 0 0 0 0 0 0 0 0 0 0 0 0 0 0 0 0 0 0 0 0 0 0 0 0 0 0 0 0 0 0 0 0 0 0 0 0 0 0 0 0 0 0 0 0 0 0 0 0 0 0 0 0 0 0 0 0 0 0 0 0 0 0 0 0 0 0 0 0 0 0 0 0 0 0 0 0 0 0 0 0 0 0 0 0 0 0 0 0 0 0 0 0 0 0 0 0 0 0 0 0 0 0 0 0 0 0 0 0 0 0 0 0 0 0 0 0 0 0 0 0 0 0 0 0 0 0 0 0 0 0 0 0 0 0 0 0 0 0 0 0 0 0 0 0 0 0 0 0 0 0 0 0 0 0 0 0 0 0 0 0 0 0 0 0 0 0 0 0 0 0 0 0 0 0 0 0 0 0 0 0 0 0 0 0 0 0 0 
            </DataArray>
            <DataArray type="Float64" Name="DisplacementDelta" NumberOfComponents="3" format="ascii">
               -4.54966e-10 1.62033e-09 -1.42337e-09  -1.04038e-10 1.25779e-09 -5.51732e-10  -4.00001e-09 7.27007e-09 -1.35023e-07  -9.69616e-10 3.20906e-09 -2.25232e-07  -8.20005e-10 2.47476e-11 -1.27445e-09  1.18332e-10 -9.75285e-10 -1.12091e-09  -5.66322e-08 -2.08737e-08 7.65496e-08  -4.12765e-10 1.19572e-08 -2.0015e-08  1.61855e-09 1.23576e-08 -1.84359e-08  2.00137e-10 7.881e-09 -2.80876e-08  -6.39722e-10 -1.10612e-09 -4.44092e-10  3.14932e-07 -1.61918e-07 1.93083e-07  2.94224e-07 -2.14112e-08 8.58027e-08  1.30044e-06 4.29326e-06 -2.68486e-06  8.56187e-07 1.85519e-06 -2.29522e-06  2.93462e-06 3.8527e-06 -2.69646e-06  3.64639e-09 1.63622e-09 -1.21437e-09  2.21168e-07 -1.08469e-07 1.37802e-07  -8.08468e-11 -3.46744e-09 -1.37552e-09  -5.69789e-10 -3.34861e-09 -2.57447e-09  9.28694e-10 -4.37262e-09 -3.4924e-09  1.71257e-07 7.99122e-08 1.67233e-07  1.63444e-07 4.80436e-08 1.5142e-07  -8.42023e-10 1.04543e-09 -4.50857e-10  -6.9316e-10 7.69767e-10 -7.05155e-10  -1.55201e-10 1.04448e-09 -1.05556e-09  -2.88024e-10 4.71253e-10 -4.65676e-10  -8.18852e-09 1.13315e-07 1.64059e-07  -1.06213e-09 1.11836e-09 -6.81142e-10  -1.0315e-09 9.20726e-10 -4.89815e-10  1.04352e-07 1.77037e-07 1.25068e-07  8.55695e-08 5.18044e-08 1.56258e-07  -1.81537e-10 1.10565e-09 -2.02905e-09  -1.08176e-07 2.92732e-07 1.77064e-07  -1.19709e-07 2.91843e-07 1.70529e-07  -2.71604e-07 9.58085e-07 3.42362e-07  -1.0111e-09 9.51875e-10 -4.66728e-10  -1.80272e-09 2.38244e-09 -1.38881e-09  5.75524e-06 4.29867e-07 4.76074e-07  7.20192e-06 9.32015e-07 -3.61887e-07  7.40259e-06 -7.8053e-07 -4.77043e-07  -2.42358e-08 -1.52852e-07 1.33554e-07  -7.56205e-08 -3.45217e-07 1.98596e-07  -1.87249e-09 2.05131e-09 -2.00184e-09  -2.52173e-09 3.1331e-09 -4.03651e-09  -4.43926e-10 5.97797e-10 -3.02602e-09  -5.66852e-07 6.65926e-07 -2.05885e-06  -3.35582e-07 3.32683e-07 -2.09388e-06  -6.18014e-08 2.76865e-07 1.29214e-07  2.63653e-08 2.98144e-07 2.67137e-07  4.6847e-08 2.21761e-07 1.67558e-07  -9.02666e-08 -4.66581e-08 1.47863e-07  -6.41725e-08 -5.49383e-08 1.05164e-07  9.81488e-08 1.99492e-07 3.01348e-07  5.23225e-07 3.5182e-07 3.76612e-07  4.92933e-07 7.26966e-07 5.66942e-07  -1.28422e-08 1.23434e-07 1.46647e-07  2.79195e-07 1.45367e-07 2.68762e-07  -8.47209e-07 1.67592e-07 5.80579e-07  4.35652e-09 3.27286e-09 1.90803e-07  -2.34203e-07 -1.4533e-08 2.74387e-07  -2.07621e-10 1.30573e-09 -5.19876e-10  -8.61352e-10 1.84444e-10 -1.24767e-09  -2.24454e-08 -5.5523e-08 8.56991e-08  1.716e-07 7.5013e-08 1.14408e-07  1.2972e-07 7.91486e-08 1.07196e-07  6.96358e-09 -1.29373e-09 -1.00578e-07  5.12503e-09 2.07579e-09 -1.1077e-07  1.39085e-09 7.2233e-10 -1.50722e-07  -1.45132e-08 1.56465e-07 2.08708e-07  -1.00475e-07 -1.07445e-06 -1.94351e-06  5.70953e-08 -8.59232e-07 -1.57276e-06  -1.34177e-07 -8.0527e-08 6.36117e-08  -2.62167e-08 1.08524e-08 7.52689e-08  6.7126e-10 -9.67961e-11 -6.62147e-10  3.82409e-07 2.25914e-07 1.73142e-07  -4.68956e-08 -1.7612e-07 8.76828e-08  4.97148e-10 -2.07921e-08 -7.53498e-07  -5.09233e-09 -8.91504e-09 -6.9185e-07  -3.59579e-09 6.11857e-09 -4.10353e-08  -5.18683e-09 3.19622e-09 -3.30215e-08  -6.25322e-08 -1.60585e-07 1.32105e-07  -9.77924e-10 2.24208e-09 -2.18372e-09  -4.46717e-10 2.87118e-09 -1.46174e-09  -6.84932e-08 -2.15579e-07 1.14705e-07  -4.21845e-10 -1.47428e-09 -2.07696e-09  -1.91244e-09 -2.8138e-09 -3.30302e-09  -5.1616e-10 8.11261e-10 -5.2938e-10  -1.15322e-09 9.43599e-10 -3.38644e-10  -2.07718e-10 -1.75653e-09 -3.53199e-10  5.18683e-08 -6.94592e-08 -1.8607e-06  1.41197e-08 -2.90724e-08 -1.83786e-06  -1.74244e-08 -8.22156e-09 -8.78814e-07  4.03475e-07 1.05193e-06 -1.71816e-06  4.38621e-07 4.91894e-07 -1.61016e-06  6.57144e-07 8.14868e-07 -1.74076e-06  6.35369e-12 -1.18963e-10 -1.03912e-09  -4.26502e-08 4.23386e-08 -1.86539e-06  -1.88586e-07 5.27621e-08 -1.72699e-06  -4.76157e-08 3.8771e-08 -1.73699e-06  -4.75065e-10 -1.14115e-09 -6.53229e-10  1.71325e-09 -8.8871e-10 -5.75207e-10  4.85895e-07 -2.62477e-06 7.37361e-07  7.21136e-07 -2.07923e-06 7.84354e-07  3.26024e-07 -1.62232e-06 7.02128e-07  5.78672e-07 1.68329e-07 -2.03779e-06  1.65685e-06 2.65743e-07 -2.15066e-06  2.10889e-09 -7.9385e-10 -1.22987e-09  1.39029e-09 -5.69135e-10 -3.04743e-10  2.23185e-07 -1.26905e-07 1.28155e-07  -6.25632e-07 -1.88252e-07 2.99128e-07  -3.13606e-10 -7.58405e-10 -2.80182e-10  1.60395e-06 -8.0535e-07 7.63333e-07  6.35801e-07 -4.7003e-07 3.02118e-07  1.36963e-06 -1.1486e-06 7.32982e-07  -4.86807e-07 -1.18383e-07 2.89096e-07  -1.73403e-07 -9.2307e-08 1.04786e-07  3.28872e-09 1.13356e-09 -4.10287e-09  -7.31488e-10 2.62932e-09 -1.3847e-09  -3.22479e-10 1.18047e-09 -8.26057e-10  1.85893e-09 -3.29504e-11 -5.90964e-10  2.45022e-09 1.51667e-09 5.16925e-11  -5.39367e-08 1.9858e-07 5.93127e-08  -6.16469e-08 2.24986e-07 1.02107e-07  -3.02564e-09 2.01399e-07 9.70523e-08  1.49132e-07 -1.50011e-07 1.45037e-07  2.85136e-07 -2.0201e-07 1.74638e-07  7.62406e-11 -1.32608e-09 -8.54519e-10  -2.49667e-07 1.57601e-06 6.09778e-07  -1.0993e-06 4.06439e-06 7.93862e-07  -1.32539e-07 2.7874e-06 7.6974e-07  2.42132e-09 -3.54218e-08 -1.81874e-06  1.32392e-11 -2.39577e-08 -1.79194e-06  -4.07713e-06 5.11575e-06 -1.9907e-06  -4.29221e-06 6.36483e-06 -5.78183e-07  -2.72237e-06 7.31696e-06 -8.39661e-07  3.40128e-08 -1.10466e-08 9.47603e-08  3.63915e-07 -3.13685e-07 2.16217e-07  -2.98984e-08 -9.39631e-09 7.43647e-08  -8.37471e-08 -7.49345e-08 1.24101e-07  -2.20338e-06 -7.90868e-06 -4.24393e-07  1.2547e-07 7.32503e-07 3.94651e-07  -2.27004e-10 1.61901e-10 -5.62586e-10  -1.00005e-07 -2.9947e-07 2.21698e-07  -5.54321e-08 -4.08274e-07 3.65858e-07  -5.18286e-08 -1.99124e-07 1.15896e-07  4.92266e-10 -2.94179e-11 -1.04717e-09  -3.35675e-07 -7.1646e-08 1.81058e-07  -2.05244e-07 -7.27554e-09 1.04293e-07  -2.97347e-09 -1.00962e-09 -6.54452e-10  -1.43791e-09 -4.86757e-10 -3.32592e-10  2.26823e-06 4.24524e-06 7.64155e-07  1.05302e-06 2.15345e-06 7.43686e-07  1.60639e-06 2.27126e-06 8.20304e-07  -1.99265e-09 1.67692e-09 -1.07608e-09  -4.60754e-10 -2.27114e-09 -8.78892e-10  -1.45733e-08 -6.7891e-07 3.69808e-07  5.58393e-08 -9.66791e-07 4.77273e-07  -6.3536e-09 6.22173e-09 -9.43103e-08  1.60664e-09 8.54611e-09 -4.03377e-09  2.04446e-07 -8.89962e-08 2.21368e-07  -1.92911e-09 1.19712e-09 -4.41529e-09  -1.74931e-06 -6.08076e-06 6.34791e-07  2.75882e-07 1.45726e-07 2.06806e-07  3.24239e-07 1.64623e-07 2.4816e-07  1.25344e-11 -5.11404e-10 -4.69636e-10  -7.06419e-10 -1.27956e-09 -1.23543e-09  -8.52181e-09 1.69986e-07 1.28521e-07  5.79478e-10 -5.72074e-11 -1.62047e-09  -5.47729e-10 1.19763e-09 -1.94769e-09  -4.50914e-09 -2.19901e-09 -4.06525e-09  -4.79014e-09 -1.27556e-09 -2.67755e-09  -1.01184e-08 -3.00015e-09 -5.00301e-09  1.35351e-09 -4.13504e-10 -1.43209e-09  1.6373e-08 2.60689e-07 1.66363e-07  1.01741e-08 2.58737e-07 1.96791e-07  3.31085e-08 4.13751e-07 2.57703e-07  -5.86255e-09 -1.06804e-08 7.07831e-08  -1.38098e-06 2.12182e-07 -1.90779e-06  -1.40925e-06 -2.48597e-07 -1.91489e-06  -1.58628e-06 2.86258e-07 -1.95112e-06  2.23473e-06 -3.60402e-06 -2.65788e-06  9.72007e-07 -1.8438e-06 -2.31979e-06  -4.81052e-07 -1.22154e-07 2.72533e-07  1.63378e-09 -1.78178e-10 -4.18214e-09  -2.88371e-09 -3.7289e-09 -4.51972e-09  -1.9122e-08 2.19429e-08 -1.65606e-06  -1.3279e-09 2.04472e-08 -1.70885e-06  -3.07039e-07 -1.58588e-06 -2.0187e-06  -4.76254e-07 -1.35825e-06 -1.8432e-06  2.14583e-08 -8.89151e-09 -5.59047e-07  5.1e-08 3.87737e-07 2.50816e-07  -4.0053e-09 -8.65561e-10 -3.28636e-09  -1.13502e-07 2.24307e-08 8.71342e-08  4.96655e-07 2.8965e-07 2.63255e-07  3.42235e-07 1.44166e-07 1.44891e-07  -2.25236e-08 1.57313e-08 -9.47455e-07  -6.37536e-10 8.34524e-10 -7.05296e-07  1.69065e-09 -1.08731e-09 -1.50134e-09  4.53246e-09 -9.63463e-10 -3.4784e-09  9.46189e-09 -1.19e-08 -1.88068e-08  -2.62228e-09 3.25411e-10 -1.27477e-09  -1.35648e-09 7.36621e-10 -1.34685e-09  2.05634e-07 -1.38631e-07 1.32986e-07  1.09424e-09 -4.92392e-10 -4.89763e-10  -1.29244e-06 -2.27781e-06 8.70017e-07  -1.53991e-07 -5.15752e-07 4.16417e-07  -1.3128e-07 -1.73539e-06 7.12304e-07  -1.15424e-08 4.93151e-09 -3.73884e-08  -3.40932e-09 2.08202e-09 -5.16419e-08  -6.43248e-09 4.05961e-09 -6.94366e-08  1.76788e-08 2.13431e-07 1.91454e-07  8.56891e-09 -3.06836e-09 -4.52563e-07  1.4469e-08 -5.76439e-09 -4.2439e-07  -6.01612e-09 2.3077e-09 -6.65083e-09  -8.7079e-09 -5.50853e-10 -7.85263e-09  -1.16753e-08 1.48352e-09 -1.24696e-08  1.08609e-08 -1.71702e-08 -1.7768e-06  4.02926e-07 2.80948e-06 7.5206e-07  -1.98366e-09 -3.61159e-09 -3.70051e-09  -2.93484e-09 -5.61338e-09 -2.01748e-09  -1.72743e-09 -2.99537e-09 -5.80407e-10  2.80192e-10 8.24402e-10 -3.14356e-09  -3.4717e-10 8.74786e-10 -7.01687e-10  9.33549e-10 -1.69691e-09 -1.92455e-09  2.67678e-09 -4.0146e-09 -3.03263e-09  -3.18975e-10 -3.39597e-09 -2.20094e-09  -3.30979e-07 -4.88579e-08 1.98617e-07  1.52771e-09 2.91683e-09 -1.10676e-09  -2.61934e-06 3.32929e-06 -2.67194e-06  -1.72669e-06 1.75898e-06 -2.51951e-06  -3.55775e-06 2.86645e-06 -2.61373e-06  -1.23124e-08 -1.31521e-08 -7.83764e-07  -4.09273e-09 -9.0591e-09 -5.86986e-07  -7.07921e-09 -1.80946e-08 -8.10339e-07  1.78741e-09 -6.76438e-10 -3.18487e-10  -3.97158e-07 -1.10211e-06 -2.08805e-06  1.41147e-11 -1.02518e-09 -4.33793e-10  1.51709e-07 7.15049e-07 4.1235e-07  3.23641e-07 1.27005e-06 5.04995e-07  -1.6286e-09 -6.77722e-10 -2.96498e-10  -7.85161e-10 -1.72775e-09 -7.16306e-10  3.95909e-09 1.3574e-09 -5.06441e-09  -1.15958e-09 1.0622e-09 -1.00154e-09  -6.79331e-06 2.03002e-06 -1.9351e-06  -2.99127e-09 -1.33377e-09 -1.17177e-09  -6.70903e-10 -2.31666e-10 -5.02395e-10  -1.03574e-09 2.13481e-09 -3.42752e-09  -2.79717e-09 1.32932e-09 -3.87028e-09  -1.34603e-09 8.65013e-10 -2.87706e-09  -2.7603e-09 1.10169e-09 -3.41157e-09  -2.06838e-10 -1.73149e-10 -4.43536e-10  -7.87157e-09 -8.57686e-09 -1.48948e-08  -7.22875e-09 -4.70981e-09 -1.13778e-08  -1.04081e-08 -6.93719e-09 -6.57512e-09  1.9282e-07 -9.18583e-08 1.47347e-07  2.19697e-10 -4.68222e-10 -8.78052e-10  -3.54103e-09 -2.3756e-09 -2.64251e-09  2.02227e-09 6.21054e-09 -3.98834e-09  -3.56435e-06 1.82806e-06 -2.70948e-06  -2.136e-06 5.35541e-07 -2.46181e-06  -1.49765e-06 8.92791e-07 -2.27152e-06  7.00884e-10 -8.82888e-10 -8.13097e-10  8.68239e-09 7.18883e-09 -6.35473e-08  1.03488e-08 5.23501e-09 -3.52314e-08  -5.54727e-08 -4.89547e-07 2.61523e-07  4.17526e-07 -1.4824e-06 -2.05302e-06  -1.67181e-09 -1.54313e-09 -2.14608e-07  -8.43079e-08 -8.7696e-08 2.29142e-07  -6.84482e-09 -5.24489e-09 -2.78747e-08  -8.95324e-09 -4.05761e-09 -3.7118e-08  -2.0815e-10 -5.49591e-10 -4.91357e-10  -5.30924e-08 4.89245e-08 5.61434e-08  3.93567e-08 4.87201e-08 3.70246e-08  4.2455e-09 -2.70493e-10 -4.66345e-09  3.99523e-09 2.92219e-10 -3.95366e-09  -3.65265e-07 -7.22713e-08 1.9391e-07  -2.72817e-07 -5.73941e-08 2.06489e-07  -5.65491e-07 -1.1048e-07 2.87939e-07  9.1162e-08 -7.34446e-07 5.47448e-07  1.91188e-07 8.58686e-08 1.41163e-07  3.88602e-09 -1.36452e-09 -1.07887e-09  -5.08259e-07 -9.70377e-08 3.39818e-07  -9.03009e-07 9.08094e-07 7.04013e-07  1.70743e-08 -4.0905e-09 -9.01756e-09  -6.04816e-07 -6.99826e-07 -1.90504e-06  -7.69427e-07 -7.37052e-07 -2.01241e-06  -6.79301e-07 -6.65153e-07 -1.63563e-06  2.93407e-09 2.73443e-09 -2.50152e-09  6.8593e-08 4.98571e-07 2.42513e-07  -1.43009e-09 4.45579e-09 -1.79006e-07  -6.88352e-08 -9.56254e-08 1.20609e-07  -4.24735e-09 5.59221e-09 -8.70959e-07  9.81738e-07 3.94263e-07 -1.60807e-06  4.7816e-07 2.37391e-07 -1.67381e-06  1.88254e-07 8.37038e-08 1.29414e-07  -4.19486e-08 -2.82943e-08 7.7955e-08  -5.18551e-09 1.00482e-08 -4.70983e-07  4.85433e-10 3.51768e-09 -4.23137e-09  -8.41702e-08 -2.3228e-07 1.89216e-07  -8.48573e-06 7.86818e-07 -1.03734e-06  -8.59683e-06 -1.14023e-06 -1.48301e-06  1.61754e-08 6.23297e-09 -1.05116e-06  -1.55416e-11 1.58109e-10 -9.99743e-07  7.09364e-09 3.76333e-09 -8.42735e-07  4.19498e-07 -2.22729e-07 -2.08754e-06  6.16642e-07 -5.52287e-07 -2.00973e-06  -1.01206e-08 4.42666e-08 -1.92983e-06  -1.53307e-07 4.01026e-07 1.55267e-07  1.48202e-09 -6.95157e-10 -5.59926e-10  1.34045e-09 -5.24135e-10 -7.83175e-10  1.28679e-09 -6.39105e-09 -3.9374e-09  4.21062e-09 6.27865e-09 -4.00805e-07  3.52513e-09 4.64626e-09 -3.69214e-07  1.61062e-09 2.86785e-09 -2.84133e-07  -1.54833e-09 6.28879e-10 -2.05759e-07  1.1159e-07 5.07123e-07 3.34401e-07  6.39355e-09 -1.30512e-08 -1.46425e-06  -7.98273e-09 -4.78348e-09 -7.40022e-09  -1.13102e-08 -2.90346e-09 -1.26004e-08  3.49463e-09 2.505e-09 -3.40748e-09  -6.79828e-10 -2.99642e-10 -4.70463e-09  2.15771e-09 2.74757e-09 -3.74641e-09  4.14988e-09 -6.10741e-09 -6.60307e-09  3.26366e-09 -4.76582e-09 -1.16811e-08  1.62565e-09 2.17113e-09 -1.5455e-11  2.11227e-07 -1.07821e-06 -1.78784e-06  5.24302e-08 1.59247e-07 -1.7463e-06  4.81371e-08 3.44006e-07 3.01885e-07  -7.78025e-08 6.05478e-07 2.37857e-07  6.77035e-06 -3.05462e-06 -7.97999e-07  6.3327e-06 -1.86981e-06 2.71913e-07  1.43491e-09 1.22348e-08 -8.38353e-08  7.34378e-10 1.05085e-08 -5.97365e-08  7.38958e-07 -3.24421e-08 -1.99489e-06  2.79528e-09 2.64433e-09 -1.07708e-10  4.74442e-09 -1.08086e-07 1.37651e-07  -1.045e-09 -2.36143e-10 -2.10946e-09  -9.87187e-08 -5.07632e-07 -2.01723e-06  -3.86291e-07 -8.03189e-07 -1.94842e-06  -2.22531e-07 -1.01619e-06 -1.59532e-06  -2.0196e-09 4.91802e-09 -4.02788e-09  1.72453e-07 1.49499e-06 5.5151e-07  2.27055e-08 9.2008e-07 3.2139e-07  1.25548e-09 -9.1718e-10 -1.98808e-09  1.51403e-08 -1.6556e-09 -1.6667e-06  1.48657e-08 -4.4991e-09 -1.72685e-06  -1.78505e-07 5.75241e-07 1.93503e-07  8.36336e-08 7.62278e-08 5.01719e-08  4.73933e-08 2.29681e-07 6.94515e-08  -1.52184e-09 -6.07641e-10 -3.75637e-10  2.75607e-09 -1.46064e-09 -2.09894e-09  3.32927e-09 -8.76193e-09 -9.91197e-09  3.50668e-09 -1.23075e-08 -1.57057e-08  -1.79058e-08 -3.00691e-08 -1.77828e-06  -6.45354e-08 -4.8129e-08 -1.79699e-06  5.85628e-09 1.23686e-08 -4.71656e-07  6.55782e-10 8.55982e-09 -4.63246e-07  -1.28854e-10 3.70399e-09 -3.61934e-07  -2.85053e-09 -3.20498e-09 -1.43435e-07  -4.44606e-09 -4.32466e-09 -1.00425e-07  -5.69084e-09 -4.78081e-09 -1.2094e-07  2.45214e-08 -2.31e-08 -1.81758e-06  -8.80938e-09 1.29724e-09 -1.83454e-06  -2.18833e-09 1.42194e-09 -2.86613e-09  -2.09437e-09 1.05081e-09 -4.14349e-09  -2.46064e-09 1.28649e-09 -3.26452e-09  -6.64584e-10 9.3047e-10 -1.49307e-09  -7.35386e-09 3.67749e-07 1.9011e-07  2.52342e-09 3.11066e-09 -2.70847e-09  -1.44449e-07 1.26894e-07 -1.8292e-06  -1.00566e-07 2.08896e-07 -1.7738e-06  -5.62217e-08 8.94889e-08 -1.84252e-06  1.35158e-07 6.10293e-07 4.56615e-07  6.0436e-08 3.50809e-07 2.76101e-07  -2.46782e-10 -1.48026e-11 -9.09939e-10  -5.09634e-09 -6.61549e-09 -6.87046e-09  -2.23449e-08 -4.44683e-08 -1.81097e-06  -4.7377e-09 -2.89333e-08 -1.83156e-06  -8.72573e-09 -2.26575e-08 -1.79947e-06  3.75426e-08 7.64348e-07 2.46252e-07  2.8705e-06 -2.52601e-06 9.51011e-07  4.86658e-06 -3.93248e-06 5.52866e-07  3.28908e-06 -4.23962e-06 7.49331e-07  1.14785e-09 -2.64675e-10 -1.27785e-09  -9.64205e-07 -8.51982e-07 -1.77297e-06  -1.17364e-06 -7.14697e-07 -2.04544e-06  1.25394e-08 4.96328e-09 -3.4944e-07  -4.4686e-09 -7.70347e-09 -1.53139e-06  -3.63868e-09 -1.67677e-08 -1.42998e-06  -6.17513e-09 -1.63002e-08 -1.34772e-06  1.59042e-08 5.47614e-09 -1.44238e-06  1.21153e-08 -5.6597e-09 -1.70367e-06  -2.40562e-09 1.95845e-09 -1.4853e-06  2.23405e-09 -3.10494e-09 -2.7127e-09  1.29172e-08 -4.78712e-09 -1.07363e-06  -4.05044e-09 4.85847e-09 -8.94229e-07  -1.10893e-08 8.14619e-09 -5.92127e-08  -7.38662e-08 -2.56557e-07 1.7652e-07  3.66555e-09 -9.46411e-09 -2.18527e-08  -1.39277e-06 3.01475e-06 8.17259e-07  -2.81677e-06 2.35414e-06 8.01717e-07  -1.21891e-08 3.34454e-08 -9.89164e-07  -4.33554e-09 6.34248e-09 -8.1581e-07  9.75706e-07 -6.22517e-07 -1.96055e-06  8.25664e-07 -1.12795e-06 -1.98672e-06  1.59497e-07 1.4701e-07 1.46506e-07  3.44883e-08 -4.66441e-07 -2.0297e-06  2.6432e-09 -2.28783e-09 -3.01715e-09  1.31391e-10 3.28799e-09 -2.50233e-09  -9.90788e-07 -2.82597e-07 4.68445e-07  -8.57382e-07 -2.15887e-07 3.94903e-07  9.94786e-08 5.66748e-08 -1.74304e-06  7.83554e-09 2.54301e-08 -1.71207e-06  1.49175e-07 2.35262e-07 -1.92408e-06  -4.18038e-10 -1.64366e-10 -7.8768e-10  1.24661e-09 3.36036e-09 -1.79271e-07  -3.8861e-09 -9.564e-10 -1.50752e-07  -4.67236e-09 -2.11242e-09 -1.23391e-07  -7.6349e-09 -1.15792e-09 -7.26526e-08  -1.09133e-08 -7.47379e-10 -4.93112e-08  3.77931e-09 4.24087e-09 -2.62357e-07  7.97978e-09 8.52753e-09 -2.56975e-08  1.09476e-08 1.15103e-08 -4.3355e-08  7.39936e-09 1.17832e-08 -2.37034e-08  7.80923e-08 -1.15049e-07 -1.67767e-06  5.5458e-08 8.97678e-09 -1.83534e-06  2.18549e-08 5.40742e-07 2.21719e-07  2.151e-09 -3.18533e-09 -3.99412e-09  5.76408e-09 -6.52013e-09 -4.40465e-09  -4.69508e-08 2.79174e-08 -1.84231e-06  -2.1345e-07 3.50616e-08 -1.83597e-06  2.96274e-06 3.64917e-06 7.89797e-07  -7.57319e-09 2.6552e-09 -1.27697e-06  -1.96309e-08 1.97351e-08 -1.25868e-06  8.46626e-10 -9.2792e-10 -4.00081e-09  8.57838e-10 -2.77923e-10 -3.53828e-09  -1.2011e-06 -1.12256e-06 7.52039e-07  -2.58924e-06 -2.94672e-06 8.39614e-07  2.85026e-09 3.50193e-07 1.50974e-07  -1.14906e-09 -7.99528e-10 -1.78001e-07  -1.37687e-09 1.0912e-09 -1.62182e-09  -1.55076e-08 -1.51811e-09 -1.54099e-06  -3.58543e-08 3.71726e-07 1.33153e-07  1.36409e-08 -1.50033e-08 -1.16502e-06  -6.85068e-11 -4.97154e-09 -1.27915e-07  -1.84464e-09 -8.20582e-09 -7.56621e-08  -6.56314e-09 7.29236e-09 -6.20014e-08  -6.20624e-09 1.16111e-08 -3.75487e-08  6.46159e-09 2.68212e-09 -5.55452e-08  9.30192e-07 -2.47303e-07 -1.81076e-06  -4.50243e-07 -5.50353e-07 5.24548e-07  4.28789e-07 1.14214e-06 5.83423e-07  3.03303e-09 -1.01828e-09 -2.66429e-09  -1.0693e-07 -9.61288e-08 -1.83428e-06  -5.50397e-08 -3.40318e-08 -1.7992e-06  -3.35367e-06 -6.71114e-06 -3.12476e-07  -4.22776e-06 -4.67429e-06 2.99817e-07  7.7997e-10 -6.60715e-09 -7.33145e-09  -2.16509e-07 -4.39662e-08 -1.68214e-06  -9.22703e-08 -3.04288e-09 -1.70714e-06  -4.31714e-08 3.76388e-08 -1.76533e-06  -2.11718e-06 -4.73157e-08 7.90137e-07  9.83004e-09 1.93933e-08 -1.20764e-06  1.01965e-08 3.73221e-08 -1.04681e-06  1.07966e-09 -2.01022e-08 -1.29229e-06  -1.37889e-09 3.35522e-09 -3.54197e-09  1.24967e-08 1.91411e-09 -2.83716e-08  1.11556e-08 -9.07825e-10 -3.42937e-08  3.76646e-09 -2.90941e-10 -3.8572e-09  -6.79481e-06 3.05443e-06 -1.03137e-06  4.34099e-07 -3.52563e-09 -1.67442e-06  6.91282e-07 -4.10835e-07 -1.59337e-06  7.05921e-07 -6.51808e-07 -1.64981e-06  -1.6607e-09 -6.19048e-10 -1.2836e-09  9.89174e-09 -4.66579e-10 -4.96278e-07  8.76586e-10 2.56129e-09 -1.97905e-07  5.6004e-09 5.62024e-09 -7.54691e-08  2.338e-09 7.45554e-09 -1.65711e-08  2.41392e-07 -2.82181e-07 -2.03993e-06  8.83511e-07 3.01264e-06 7.38972e-07  -2.73602e-08 -1.4705e-06 -2.02663e-06  -7.42729e-08 -7.6156e-07 -2.11133e-06  1.50156e-09 8.76215e-10 -2.71787e-07  2.96367e-09 -1.33255e-08 -1.44094e-06  1.65705e-08 1.30315e-08 -1.29603e-06  8.8245e-09 3.99859e-09 -1.44792e-06  7.06489e-09 2.22066e-09 -5.72731e-09  2.04026e-09 -1.96591e-09 -4.99153e-09  8.92905e-07 1.33191e-06 -2.01793e-06  -6.57637e-10 -1.08841e-09 -1.68289e-10  5.96541e-09 -8.97313e-09 -8.53281e-08  4.18761e-09 -5.91222e-09 -8.97993e-08  2.86179e-09 -3.21495e-09 -1.25761e-07  7.53683e-09 -2.61266e-07 -1.70458e-06  -1.28523e-08 -9.94212e-11 -5.45486e-07  -1.07484e-08 -2.92723e-09 -7.2569e-07  -2.00097e-08 -3.58342e-08 -1.80532e-06  -1.4548e-08 -7.54102e-08 -1.79802e-06  -5.54877e-08 -8.92387e-08 -1.81787e-06  -3.44165e-09 4.38558e-09 -6.77324e-09  4.482e-06 6.45732e-06 -1.4467e-06  2.27031e-08 2.99153e-07 -1.98285e-06  -2.38669e-09 1.30388e-09 -1.32782e-09  -2.39258e-09 1.49528e-09 -2.10468e-09  3.99089e-09 2.83995e-09 -1.14138e-09  -7.10429e-09 -4.07027e-09 -1.89625e-08  -6.84853e-08 -5.66559e-08 -1.79437e-06  -4.88211e-08 -4.65838e-08 -1.79363e-06  1.32087e-07 7.60528e-07 3.78042e-07  2.35338e-10 -4.7648e-09 -1.87032e-07  1.12546e-09 3.56461e-09 -2.94408e-07  -9.31468e-10 -4.49164e-10 -5.15038e-10  -3.33207e-10 -1.38452e-10 -3.74063e-10  1.90089e-06 1.45121e-06 8.11654e-07  3.90225e-08 4.64498e-08 -1.741e-06  1.08562e-06 1.03578e-06 -1.87649e-06  1.52638e-06 1.0261e-06 -2.07899e-06  1.01528e-08 1.66874e-08 -8.07135e-07  1.37084e-09 8.24602e-09 -8.46272e-07  -1.0933e-06 -2.30622e-07 -2.14282e-06  -7.86201e-07 1.28067e-07 -2.13338e-06  3.3556e-09 2.70021e-09 -4.30369e-09  1.17154e-08 2.21403e-09 -1.08839e-06  -5.03897e-06 4.86364e-07 7.45149e-07  -3.78115e-06 1.11148e-06 8.02135e-07  -2.05037e-08 3.20923e-08 -1.81966e-06  6.44777e-06 4.98592e-06 -6.20452e-07  -7.4553e-09 -8.91417e-09 -7.94155e-08  -1.15561e-06 -1.13901e-06 -2.38421e-06  6.02329e-07 3.97341e-07 3.35658e-07  1.13095e-06 4.9221e-08 6.74222e-07  2.43087e-08 1.39988e-08 -1.16858e-06  5.11391e-09 -3.79537e-09 -1.2883e-06  -1.98757e-08 -7.69147e-09 -1.39064e-06  -3.90423e-10 2.0172e-08 -1.03134e-06  -1.25068e-06 2.6596e-06 -2.60805e-06  -1.91698e-09 -3.26278e-09 -2.27349e-07  1.95446e-09 5.1539e-09 -1.31006e-07  -5.03042e-07 -1.12141e-06 -2.10424e-06  9.49669e-08 -8.85293e-07 -2.07589e-06  1.57258e-07 1.0076e-06 3.54012e-07  -6.17725e-07 1.53944e-07 -2.02709e-06  -5.95007e-07 2.92802e-07 -1.71051e-06  8.43705e-10 2.29885e-10 -2.6591e-09  1.70797e-09 1.01488e-09 -2.51342e-07  5.10775e-08 3.24031e-07 1.03126e-07  -6.26343e-08 6.57894e-07 2.24104e-07  1.68291e-06 1.70578e-06 -2.45518e-06  -1.45936e-09 5.85129e-09 -1.59746e-07  -4.14114e-09 7.78369e-09 -2.35277e-08  -2.53699e-09 5.97701e-09 -3.05788e-08  -5.58069e-10 5.13809e-10 -2.39345e-07  6.12395e-10 -5.46922e-09 -3.4806e-07  -4.05818e-09 -5.23775e-09 -2.71952e-07  -1.53675e-08 1.91847e-08 -1.06408e-06  -1.74143e-08 -2.09918e-09 -1.28247e-06  5.42189e-06 4.41252e-06 -2.04932e-06  3.33991e-07 8.26697e-08 1.10406e-07  9.55176e-08 8.11044e-06 -1.37747e-07  -3.98213e-09 -1.98511e-09 -4.00906e-07  3.92593e-08 -7.7525e-09 -1.7143e-06  -5.41653e-09 -9.60895e-09 -3.40039e-07  2.56735e-09 -1.13461e-09 -2.0428e-09  1.86513e-09 -8.61224e-10 -6.68655e-10  9.47195e-07 -9.0528e-08 -2.21241e-06  1.88714e-08 7.33246e-09 -8.43411e-07  4.94083e-09 2.09141e-09 -5.48541e-07  9.28078e-09 -6.0819e-10 -6.72295e-07  3.91982e-09 2.64595e-09 -1.27523e-06  1.92929e-08 -5.86173e-09 -1.35891e-06  1.19453e-08 -3.83052e-09 -5.30282e-07  4.22736e-09 1.23544e-09 -3.67294e-07  3.41301e-09 -1.41511e-09 -3.30104e-07  -6.29414e-08 2.44699e-07 -1.81322e-06  1.12548e-08 1.81367e-07 -1.83505e-06  7.31448e-11 -7.33598e-09 -5.01797e-09  1.18654e-06 -8.12952e-06 -1.78289e-06  1.19715e-06 -7.09318e-06 2.55217e-07  3.05632e-06 -7.85169e-06 -1.1818e-06  6.18683e-07 1.83025e-06 6.1369e-07  2.47184e-08 2.10975e-08 -1.22774e-06  -3.19617e-07 1.02422e-06 5.31793e-07  -4.77757e-06 -3.15869e-06 5.97099e-07  -2.92065e-06 -1.8449e-06 9.30322e-07  -2.60605e-09 3.49415e-09 -2.20246e-07  -4.46111e-09 1.59262e-07 -1.70045e-06  -7.44807e-08 -4.06164e-08 -1.8054e-06  4.7169e-06 6.72626e-06 -5.91555e-08  1.50583e-09 -3.39553e-10 -3.25994e-09  -3.0621e-09 -1.9674e-09 -1.41232e-06  -6.96326e-09 1.35506e-08 -1.67082e-06  -3.79425e-07 -1.73682e-06 -1.99055e-06  -1.679e-06 -3.55968e-06 -2.76795e-06  2.03237e-08 4.86302e-08 -1.72307e-06  -1.38884e-08 3.00638e-08 -1.65469e-06  -4.70482e-09 -1.75317e-08 -1.56687e-06  2.48e-09 3.11594e-09 -1.11681e-09  6.77493e-06 2.36533e-06 -1.1672e-06  2.60916e-09 5.23226e-10 -3.6304e-09  -8.28315e-09 -1.08995e-08 -1.66182e-06  -9.82842e-09 -1.26218e-08 -1.55449e-06  9.44384e-09 -1.32527e-10 -1.71848e-06  8.62471e-09 -6.57002e-09 -1.76123e-06  4.42737e-09 1.77334e-09 -1.05244e-08  3.4636e-08 1.91343e-08 -1.81357e-06  3.59658e-06 1.67075e-06 7.39901e-07  2.32321e-06 6.42407e-07 7.80412e-07  -1.28756e-06 5.24106e-07 -2.29866e-06  -3.78634e-07 1.67441e-07 -1.76432e-06  -1.22074e-06 9.03136e-07 -2.25946e-06  1.16659e-08 1.7117e-08 -1.72611e-06  -1.3235e-07 -8.3637e-06 -7.85661e-07  -2.12662e-10 -6.29148e-10 -2.83364e-10  -1.41083e-08 -1.2491e-08 -1.76212e-06  -3.55533e-08 1.68117e-07 -1.70733e-06  1.33391e-08 5.39228e-09 -1.01384e-06  2.38947e-08 3.19956e-09 -1.03197e-06  9.24033e-07 8.6032e-07 -2.05641e-06  -6.48015e-07 1.08423e-07 -1.687e-06  6.48501e-08 6.88172e-07 2.61571e-07  -4.8295e-09 -6.53813e-09 -9.79899e-07  -1.00651e-08 -1.21359e-08 -1.01218e-06  2.54739e-09 -1.4508e-09 -4.35228e-09  -3.30752e-07 -2.45016e-07 3.52862e-07  1.11951e-07 4.21099e-08 -1.8282e-06  1.64556e-07 6.32986e-08 -1.85582e-06  -5.15341e-06 2.69033e-06 3.71677e-07  3.92695e-09 -8.6447e-09 -1.78301e-06  6.32877e-07 -1.35757e-06 -1.9384e-06  1.63123e-06 -4.50499e-06 -2.75141e-06  -1.06942e-08 1.06806e-07 -1.85231e-06  -6.71578e-09 4.76988e-09 -1.74438e-08  -6.59331e-09 7.47855e-09 -1.9985e-08  -2.64596e-06 5.01069e-06 -2.47034e-06  -3.9317e-07 -5.78214e-07 -1.69587e-06  -9.02368e-09 1.34101e-08 -1.14947e-06  -1.13599e-09 -2.73858e-09 -1.37596e-07  -4.13961e-09 -6.66304e-09 -7.93698e-08  1.3643e-09 2.39975e-09 -1.49778e-06  4.35998e-07 -1.86589e-07 -1.99079e-06  7.5812e-07 -1.86137e-07 -2.11048e-06  1.43316e-06 -2.98929e-07 -2.04407e-06  -4.26673e-09 -2.00636e-09 -2.19813e-07  -5.01909e-09 -7.83276e-09 -3.07105e-08  -7.16672e-10 -8.28273e-09 -3.85153e-08  -1.7285e-09 -6.05361e-09 -5.97106e-09  9.52709e-09 2.09417e-09 -1.58435e-06  1.89371e-08 2.06552e-08 -1.67771e-06  -4.2887e-06 -9.23999e-07 9.2271e-07  -6.74146e-06 -1.03372e-06 5.33959e-07  -1.04181e-06 -4.73829e-06 -2.68775e-06  -1.29482e-06 5.02178e-07 -1.96248e-06  -9.44111e-09 -1.89016e-09 -2.19705e-08  -5.47821e-06 3.12104e-06 -2.11716e-06  -5.33226e-09 8.51276e-11 -5.32059e-09  1.87881e-07 -5.13415e-08 -1.76047e-06  -1.45274e-08 1.23388e-08 -1.65955e-06  -1.64091e-08 6.31635e-09 -1.57064e-06  3.22801e-06 2.85075e-06 7.7839e-07  1.22256e-06 1.46177e-06 7.70981e-07  8.08316e-07 6.80479e-07 5.64075e-07  4.49434e-10 8.8702e-09 -3.65566e-07  -5.01984e-06 -5.61857e-06 -1.10462e-06  1.27331e-06 8.5483e-06 -1.04135e-06  1.30238e-08 1.67546e-09 -7.99711e-08  6.26186e-09 -1.04206e-09 -5.46756e-08  8.9412e-09 -1.61426e-09 -7.11921e-08  -4.26617e-09 7.58308e-08 1.06844e-07  -4.05092e-06 -4.63585e-06 -2.38859e-06  -5.7514e-06 -3.46542e-06 -2.29242e-06  -5.15022e-09 1.06878e-08 -6.73748e-09  -1.01631e-09 6.53627e-09 -1.3159e-08  2.67427e-10 -1.0325e-08 -1.17387e-08  2.63687e-09 -4.87705e-09 -4.42549e-08  4.97398e-07 3.03461e-07 -1.91254e-06  8.30305e-07 6.32371e-07 -1.65571e-06  1.63032e-07 1.40469e-07 -1.76822e-06  7.20789e-08 4.83923e-08 -1.75699e-06  -1.50103e-06 7.7856e-06 -1.81749e-06  -1.90009e-07 5.61518e-06 7.32304e-07  -1.11542e-07 1.27443e-06 -1.85775e-06  -2.3288e-07 1.09114e-06 -2.08907e-06  -4.62477e-06 1.30749e-06 -2.66999e-06  8.66093e-07 5.03385e-06 7.68383e-07  2.26455e-07 2.95152e-06 -2.54818e-06  -6.34054e-07 3.21204e-06 -2.60156e-06  4.67054e-07 1.79605e-06 5.7607e-07  1.80395e-08 -1.37076e-08 -7.76064e-07  -2.82784e-07 5.97076e-08 -1.73214e-06  2.04261e-07 -1.03309e-07 -1.87107e-06  1.13842e-07 -8.37651e-08 -1.86902e-06  5.07632e-08 -2.96068e-08 -1.84211e-06  -7.99088e-10 -1.98209e-08 -9.37261e-07  5.08975e-06 -5.91807e-06 -2.87014e-08  5.4163e-06 -5.77559e-06 -1.20945e-06  4.33409e-06 -6.81067e-06 -1.27916e-06  -2.94302e-07 -3.1514e-08 -1.91908e-06  -2.29111e-09 -5.0154e-10 -1.22531e-09  3.05716e-09 6.19876e-09 -3.0424e-08  2.15305e-07 -3.75775e-06 8.102e-07  1.00788e-06 -4.89889e-06 7.05564e-07  -5.43356e-09 7.75208e-11 -2.67892e-07  7.89979e-09 4.09191e-09 -8.35145e-07  -4.32937e-09 5.82346e-11 -4.04442e-09  -2.68764e-09 5.26221e-10 -4.0499e-09  -1.49585e-06 7.48423e-07 -1.8652e-06  6.26702e-06 -4.8106e-06 -6.16254e-07  3.62656e-09 -2.24214e-09 -1.25807e-07  -5.32934e-09 1.05118e-08 -1.09931e-06  -7.49622e-06 2.68659e-07 2.52292e-07  -8.27098e-06 -1.31304e-06 -3.89806e-07  3.81376e-09 3.79575e-09 -1.49543e-08  -2.65249e-09 6.66969e-10 -2.89196e-09  3.89263e-08 1.16795e-07 -1.8364e-06  -1.3494e-06 -7.13509e-07 -1.98623e-06  -1.42616e-06 -5.4622e-07 -1.86287e-06  3.71752e-09 3.07101e-09 -1.78595e-06  -1.55626e-08 -1.1988e-08 -1.54523e-06  -5.00601e-09 -1.54101e-08 -1.39534e-06  4.67013e-09 -8.66827e-09 -5.81263e-08  2.43952e-09 2.85864e-09 -2.80354e-09  -2.22188e-10 -7.12767e-10 -1.78734e-07  3.1587e-09 4.51569e-09 -4.20938e-09  6.40309e-09 5.08715e-09 -8.85425e-09  -9.82252e-09 -1.12028e-09 -1.36219e-06  -1.00233e-06 -5.67489e-07 -1.6978e-06  -6.66765e-07 -2.4625e-07 -1.59383e-06  -1.04376e-06 -2.7813e-07 -1.89714e-06  -1.52095e-06 -7.75657e-06 -1.66437e-06  -6.02821e-07 8.17181e-07 -2.33986e-06  6.00484e-10 2.88608e-10 -4.84708e-09  -6.82197e-10 -2.34185e-10 -2.17445e-07  6.6027e-09 -5.45039e-09 -3.0179e-07  5.70199e-07 2.11755e-06 -2.29505e-06  1.36065e-07 2.5628e-07 -1.73227e-06  1.62467e-07 3.20361e-08 -1.75913e-06  1.46156e-07 8.03445e-09 -1.76967e-06  4.42301e-06 -5.61477e-06 -2.15066e-06  -3.53134e-09 -1.07751e-11 -1.70702e-07  -8.64673e-07 1.29668e-06 -1.81901e-06  -4.86628e-07 1.61854e-06 -2.24538e-06  3.70224e-09 -5.54432e-09 -1.47926e-06  6.23745e-09 -2.47015e-09 -5.59812e-08  -5.41442e-06 5.06543e-06 -1.08425e-06  -2.11116e-06 -6.47418e-07 -2.30582e-06  -2.44298e-06 -1.98834e-07 -2.37309e-06  1.29903e-06 -1.48298e-07 -1.85643e-06  1.95647e-07 -4.91414e-07 -2.03501e-06  4.33085e-07 -6.21099e-07 -2.02575e-06  1.70226e-09 3.32659e-09 -1.33321e-07  -2.19538e-08 -1.85198e-08 -1.77162e-06  -1.8461e-08 -3.31752e-08 -1.78565e-06  6.48999e-06 -3.47188e-06 1.15916e-07  -4.25265e-09 1.48018e-09 -4.35244e-09  -2.39929e-09 -8.64062e-09 -9.60821e-09  -3.04127e-08 -2.08839e-08 -1.75167e-06  5.60684e-07 3.68053e-07 -1.83896e-06  1.4913e-08 -4.60489e-09 -1.83646e-08  8.34383e-09 -5.32673e-09 -1.71771e-08  9.72628e-09 -2.5836e-09 -1.19658e-08  4.98082e-08 2.56912e-08 -1.83316e-06  3.1935e-08 2.20132e-08 -1.83816e-06  -1.23696e-08 6.80328e-09 -8.41718e-09  3.30318e-09 -6.16253e-09 -6.9195e-08  1.4098e-10 -5.78065e-09 -1.136e-07  -4.14225e-09 -8.5241e-10 -8.39839e-08  -1.02759e-07 6.8888e-07 -1.835e-06  -9.50907e-09 -8.23343e-10 -4.45346e-07  -2.17616e-08 -1.18191e-08 -6.86319e-07  3.31061e-06 1.91285e-06 -2.61553e-06  -2.17845e-06 -6.19417e-07 8.68362e-07  5.67129e-10 9.11835e-10 -2.91065e-09  1.80322e-09 1.71468e-09 -3.8716e-09  -7.05601e-06 -4.33041e-06 -9.70095e-07  -7.83791e-06 -2.5385e-06 -1.72604e-06  -5.99754e-09 8.25487e-11 -3.38659e-08  -9.12257e-09 3.88075e-09 -3.5234e-08  -1.6635e-07 -1.58533e-07 -1.66508e-06  -2.20582e-07 -1.69689e-07 -1.66457e-06  2.84621e-06 7.64022e-06 -1.55441e-06  -1.16494e-09 -6.12548e-09 -7.05768e-08  1.79613e-06 7.59902e-06 2.38582e-07  -2.99346e-08 -2.46175e-07 -1.96043e-06  -7.76345e-09 2.17609e-09 -4.78853e-07  7.86987e-10 1.78981e-11 -1.62717e-07  -1.43067e-07 -6.09238e-08 -1.82487e-06  9.88794e-07 6.47504e-09 -1.73744e-06  -5.73075e-09 8.45996e-09 -2.77486e-08  -4.1601e-06 -1.72432e-06 9.69999e-07  -1.76627e-09 4.19563e-09 -6.63343e-09  -5.37719e-09 7.63835e-09 -1.34886e-06  -2.66368e-08 2.02207e-08 -1.13623e-06  -7.67003e-06 -2.87207e-06 2.53393e-07  1.83713e-08 2.87591e-08 -1.78021e-06  -2.26897e-09 -3.93199e-10 -4.27092e-07  1.06783e-08 -7.00779e-09 -2.70569e-08  2.60977e-09 -6.05999e-10 -1.82752e-07  4.18268e-09 -1.46511e-09 -2.6503e-07  -1.19636e-09 -1.13917e-09 -1.87981e-07  2.31297e-09 -1.35756e-09 -1.9076e-09  -4.02626e-08 -1.07088e-08 -1.72314e-06  1.14129e-08 6.8712e-09 -9.69369e-09  -4.40864e-09 1.76101e-09 -1.41787e-07  2.96565e-07 5.78381e-06 -2.5676e-06  1.4855e-06 6.37339e-06 -2.28762e-06  -3.1774e-07 9.58899e-07 -2.19491e-06  -5.24014e-07 1.50676e-06 -1.9241e-06  -2.87481e-06 5.46685e-06 4.66475e-07  -1.361e-09 8.46133e-10 -2.28476e-09  6.49876e-06 2.59232e-06 1.13993e-07  5.9882e-08 1.21747e-06 -1.84646e-06  -1.4715e-08 1.08464e-06 -1.55478e-06  2.35064e-07 -1.52722e-07 -1.82359e-06  -1.71672e-10 -6.87308e-09 -1.69143e-08  2.26489e-08 1.15781e-08 -1.80077e-06  -1.25587e-10 1.86538e-09 -6.05764e-09  -3.07287e-09 3.29945e-09 -2.91715e-07  -2.20442e-09 2.65866e-09 -3.01447e-07  -3.82841e-07 1.40734e-07 -2.07864e-06  -5.95732e-07 9.33323e-07 -1.71093e-06  1.20282e-06 -6.55737e-07 -2.02936e-06  3.11582e-09 -1.72646e-08 -1.01271e-06  8.82294e-07 -3.97301e-07 -1.9501e-06  -2.92189e-07 -2.09064e-06 -2.31192e-06  -1.84488e-07 1.09278e-06 -1.61682e-06  1.77384e-07 1.03088e-06 -1.52773e-06  7.65319e-07 -1.67692e-07 -1.67275e-06  -1.41056e-08 -6.98519e-08 -1.81199e-06  -5.19991e-09 6.70143e-09 -1.56483e-08  1.88485e-07 -1.01132e-07 -1.72967e-06  -4.99622e-09 2.64447e-09 -4.77917e-09  -2.82454e-07 1.34327e-08 -1.74138e-06  6.97724e-09 -6.60939e-09 -7.984e-09  -5.29546e-09 -6.5816e-10 -8.84718e-08  1.01834e-07 4.20492e-07 3.96016e-07  -4.79326e-10 -4.72048e-10 -1.53166e-07  6.74098e-09 2.16559e-08 -1.77552e-06  3.41359e-09 6.36997e-09 -6.30313e-09  -2.12687e-07 -9.18714e-08 -1.81404e-06  -2.39854e-07 -1.53731e-07 -1.79059e-06  1.3469e-09 -1.56282e-09 -1.45658e-07  1.79092e-07 -4.01111e-08 -1.80725e-06  2.66183e-07 -1.2934e-07 -1.82269e-06  2.56401e-07 1.19284e-06 -1.96178e-06  1.81153e-09 -5.82297e-09 -9.52221e-07  1.30909e-08 -2.74513e-08 -1.18625e-06  -7.60526e-09 1.49938e-08 -1.76302e-06  -1.30275e-07 3.87407e-07 -1.82227e-06  2.07745e-07 1.47929e-06 -2.03176e-06  -4.65218e-09 -7.57253e-10 -9.25279e-07  -8.83888e-10 -9.77137e-09 -5.20909e-08  8.22697e-10 -6.28209e-09 -4.72561e-08  -3.03575e-10 -1.39047e-08 -3.24673e-08  7.64637e-07 1.50689e-06 6.90223e-07  4.09658e-07 9.11362e-07 5.52058e-07  -8.83295e-09 3.29969e-09 -2.46515e-08  -6.39554e-09 -6.60184e-09 -3.32082e-08  -3.05776e-09 1.09443e-08 -9.38029e-07  -1.05065e-09 2.21285e-08 -7.78887e-07  -7.21765e-11 -2.08485e-08 -5.87262e-07  9.63299e-09 1.26192e-09 -5.90793e-09  9.48394e-09 1.75348e-10 -4.20309e-08  7.15943e-09 4.32024e-09 -1.43273e-08  -2.48909e-09 -1.09593e-07 -1.82426e-06  5.93583e-10 8.86487e-09 -4.30673e-08  -1.43975e-09 7.75128e-09 -5.29171e-08  -1.64124e-08 1.86079e-09 -8.60834e-07  1.56385e-08 1.0859e-08 -1.11081e-06  -1.08094e-08 3.09789e-09 -2.25349e-08  2.67068e-08 3.63444e-08 -1.80544e-06  3.65555e-08 2.62335e-08 -1.77541e-06  -8.5493e-07 2.75254e-07 -1.70368e-06  -1.03341e-08 -1.36586e-07 -1.81077e-06  1.31702e-10 -4.04493e-10 -2.63638e-07  3.22017e-09 1.18774e-09 -1.68853e-06  -4.91576e-09 -2.5235e-08 -1.79471e-06  -9.49324e-09 -1.40578e-08 -1.72452e-08  -8.67431e-09 -1.07142e-08 -2.27192e-08  2.1665e-09 1.51326e-09 -8.52086e-09  1.28869e-10 5.3707e-09 -1.25435e-07  1.69473e-06 1.34234e-09 -1.92681e-06  -4.99567e-08 1.07084e-08 -1.70968e-06  -5.32111e-09 7.09287e-09 -1.08727e-08  -3.2351e-07 1.86774e-09 -2.02423e-06  -4.25721e-07 -9.20026e-08 -2.01238e-06  -1.39268e-08 1.36004e-08 -1.55595e-06  1.01599e-08 -4.41086e-09 -4.3735e-08  -5.67745e-08 -1.77324e-07 -1.68892e-06  -1.13449e-07 -1.93765e-07 -1.77267e-06  -5.74617e-06 2.261e-07 -2.57074e-06  -2.04148e-08 6.71318e-09 -1.13214e-06  -8.76498e-09 -4.00658e-09 -5.80449e-07  -2.38202e-09 1.46559e-09 -2.52597e-07  -1.44725e-09 -1.14196e-08 -1.20474e-06  -1.16635e-08 6.23668e-09 -1.01896e-06  7.12131e-07 1.528e-06 -1.96129e-06  2.81751e-08 5.00337e-09 -1.60926e-06  -1.24001e-06 3.74587e-07 -2.22305e-06  5.45849e-08 1.14095e-07 -1.8478e-06  1.75201e-07 5.29091e-08 -1.84029e-06  -6.03773e-06 1.48405e-06 3.86893e-07  9.47201e-07 1.32265e-07 -1.93466e-06  -4.50254e-10 3.71099e-09 -7.93424e-08  3.31009e-09 -1.29372e-08 -2.65166e-08  -3.76269e-09 7.28372e-09 -4.55889e-09  -9.00228e-09 2.11642e-09 -7.68167e-08  3.47153e-08 -3.45839e-09 -1.60222e-06  3.64096e-06 -6.08229e-07 7.9253e-07  2.71669e-08 -3.60437e-08 -1.94168e-06  -1.14068e-08 -2.61665e-09 -1.61287e-06  3.72445e-07 -4.12386e-07 4.58122e-07  -6.04412e-09 4.77548e-09 -3.61062e-07  -1.2259e-09 -1.34974e-08 -6.22487e-07  1.16724e-08 1.34019e-10 -1.98816e-08  4.87756e-09 5.78487e-09 -1.15583e-08  1.32984e-06 7.81127e-07 -2.00939e-06  1.63401e-06 6.39676e-07 -1.8568e-06  -2.23024e-08 -8.13275e-09 -1.76036e-06  -6.79342e-07 -5.12981e-07 -1.95878e-06  -2.77496e-09 1.14735e-09 -2.13938e-07  -3.938e-09 -6.49069e-09 -1.03424e-08  -9.47601e-09 -3.10597e-09 -3.85221e-08  -1.35502e-08 -3.87631e-09 -2.5939e-08  -1.70239e-09 6.45334e-09 -1.58075e-06  -8.27753e-09 7.86823e-10 -1.68372e-06  -6.36479e-09 1.03798e-08 -1.46039e-06  -3.50077e-08 3.68223e-09 -1.68355e-06  7.52399e-07 -1.20592e-06 -2.0077e-06  4.17517e-06 -2.39586e-06 9.07572e-07  -7.28864e-08 -2.97989e-08 -1.83197e-06  -1.24492e-08 -4.4126e-09 -5.56631e-08  -1.40561e-06 7.00667e-06 1.85941e-07  -6.17022e-09 2.92609e-09 -1.38834e-06  1.17391e-08 -4.23975e-10 -1.21923e-06  -1.29655e-08 -1.2856e-08 -1.74542e-06  -1.47461e-09 -9.41468e-09 -1.52923e-06  -1.11914e-06 -1.58955e-07 -1.71228e-06  1.15859e-09 -1.54272e-09 -1.73523e-07  -2.59428e-06 -1.62059e-06 -2.57568e-06  -3.64857e-06 -6.70515e-06 -1.53226e-06  -1.14125e-08 4.27744e-09 -3.75662e-07  9.59649e-09 -5.21321e-09 -1.77068e-06  4.95046e-06 4.80295e-06 3.57704e-07  -1.77003e-08 5.50886e-10 -7.07936e-07  -4.80118e-10 5.15722e-09 -1.54053e-07  -2.94413e-07 1.34487e-06 -1.87777e-06  1.97051e-09 5.39612e-09 -5.8473e-07  6.90547e-09 7.51105e-09 -5.58243e-07  5.33869e-08 4.45436e-08 -1.92412e-06  1.37829e-06 1.698e-07 -2.11792e-06  3.00776e-06 3.12716e-07 -2.55806e-06  1.93575e-06 9.28757e-07 -2.16641e-06  3.94327e-09 -9.81169e-09 -3.62841e-07  1.97477e-06 -4.45883e-06 7.64309e-07  2.97328e-06 -6.85513e-06 1.26213e-07  3.948e-08 8.73085e-09 -1.7658e-06  -4.1994e-07 -3.5587e-07 -1.91706e-06  -9.77302e-09 5.7884e-09 -5.34899e-07  -1.44645e-08 7.93001e-09 -7.58713e-07  4.14619e-08 4.75961e-08 -1.80556e-06  -8.68798e-07 1.47378e-06 -1.98861e-06  -2.19098e-06 -2.94138e-06 -2.76049e-06  3.91156e-09 -3.18337e-09 -3.54067e-07  6.99693e-09 9.52093e-09 -7.62778e-09  2.60076e-07 -9.94743e-07 -2.11147e-06  5.85996e-09 -2.29271e-09 -5.7632e-07  4.02522e-09 -7.61571e-09 -4.87999e-07  -1.3545e-08 3.64985e-09 -1.52514e-06  7.53657e-06 -3.42939e-07 -1.62863e-06  7.10139e-06 -1.87668e-06 -1.50595e-06  -4.21712e-09 -8.29884e-10 -1.15715e-07  -4.63561e-10 -1.21111e-08 -8.17031e-07  7.11463e-09 5.95277e-09 -1.40089e-08  -7.62479e-07 -7.52925e-06 2.90756e-07  7.03172e-09 -3.03227e-09 -8.11609e-09  3.8089e-07 -8.25256e-07 -2.15889e-06  -2.65293e-06 -4.63977e-06 6.56334e-07  5.4431e-10 -1.00345e-08 -1.57936e-06  7.46199e-09 -5.74992e-09 -1.42982e-06  4.9018e-09 -2.79034e-09 -1.18521e-08  1.25058e-07 9.64076e-09 -1.85043e-06  1.13269e-07 -3.44371e-08 -1.86303e-06  -1.11251e-09 4.89943e-09 -6.83152e-07  6.90898e-09 5.13943e-09 -1.75188e-06  6.17244e-09 -7.98796e-09 -3.16717e-08  9.91819e-08 -7.59687e-09 -1.73887e-06  3.12303e-08 5.16004e-08 -1.75375e-06  -9.26121e-07 -4.41227e-07 6.25049e-07  2.57894e-09 -5.41042e-09 -3.43001e-07  -7.53413e-07 -1.03749e-07 -2.04492e-06  1.56355e-08 -1.63971e-09 -6.80599e-07  6.27382e-08 3.70354e-08 -1.81725e-06  -1.36947e-07 1.40771e-07 -2.01561e-06  -1.84366e-08 2.74765e-08 -1.87717e-06  1.96352e-07 -7.35979e-07 -1.73297e-06  1.44048e-06 -1.73794e-06 -2.4456e-06  4.65082e-06 -3.76578e-06 -2.34309e-06  -2.23475e-09 1.36738e-08 -9.8257e-09  6.05066e-09 -4.64625e-09 -6.81408e-07  4.55655e-07 -1.40808e-06 -1.95713e-06  2.87114e-10 6.22299e-09 -5.66218e-08  8.59122e-08 1.36566e-07 -1.82901e-06  -1.60869e-08 -2.81908e-08 -1.06256e-06  -1.12569e-08 2.33317e-09 -4.6147e-07  8.52192e-09 -2.09722e-08 -1.25659e-06  -3.11124e-07 7.00475e-07 -2.05718e-06  -1.12774e-07 9.47606e-07 -2.01039e-06  2.88688e-09 2.2924e-08 -1.6804e-06  6.58303e-09 1.88358e-09 -2.86406e-07  1.40731e-07 -2.25571e-07 -1.80864e-06  -4.54605e-06 -9.03622e-07 -2.64828e-06  -7.86316e-07 5.13172e-07 -1.97001e-06  -3.37319e-09 3.6276e-09 -7.96673e-08  -3.3772e-09 2.01946e-08 -6.39307e-07  -1.64561e-09 9.49648e-09 -4.35155e-07  4.25544e-08 -2.66413e-08 -1.75202e-06  1.76952e-09 7.63136e-09 -8.13439e-08  -1.06522e-09 6.24076e-09 -8.62826e-09  -1.00124e-09 1.29633e-08 -1.28688e-08  2.37823e-08 1.25031e-07 -1.70337e-06  1.36775e-09 8.01339e-09 -6.37697e-07  -2.32676e-09 4.21312e-09 -6.37085e-07  -5.79144e-09 1.14938e-09 -1.18791e-07  7.89542e-09 -5.55506e-09 -4.212e-08  4.97159e-06 1.25733e-06 -2.39459e-06  3.11954e-06 -9.7023e-07 -2.62242e-06  -1.45988e-09 8.67054e-10 -2.24736e-07  -1.67047e-09 1.82652e-09 -2.92915e-07  3.52894e-10 1.47916e-10 -2.02489e-07  9.6646e-09 -7.72754e-09 -2.79142e-08  5.49805e-06 3.01374e-06 -2.19503e-06  1.18465e-08 -4.67894e-08 -1.74101e-06  -4.90108e-08 -4.14501e-06 -2.6999e-06  2.48107e-09 6.91499e-09 -1.53975e-06  2.02037e-07 -1.9073e-08 -1.94813e-06  4.01518e-07 -6.64603e-07 -1.64375e-06  -8.15899e-07 -1.03036e-06 -1.93232e-06  -5.19923e-10 8.07402e-10 -1.0873e-08  1.1734e-08 3.05616e-09 -1.78123e-08  5.19866e-09 4.3603e-08 -1.727e-06  -1.15128e-08 8.03854e-09 -5.48105e-07  1.52604e-07 1.98652e-07 -1.74338e-06  3.48529e-09 -1.78878e-08 -5.46045e-07  -1.59538e-09 -9.55287e-09 -4.59832e-07  1.34304e-07 -6.46599e-08 -1.86821e-06  7.84863e-09 5.70537e-09 -9.20891e-08  2.6217e-09 -1.34792e-08 -1.69994e-06  8.67838e-08 -1.95374e-06 -2.32689e-06  -1.12927e-06 1.05318e-06 -1.8486e-06  -6.99981e-09 7.43891e-09 -1.17604e-08  6.92436e-07 1.80836e-07 -1.95253e-06  -1.22662e-08 3.77407e-07 -1.98426e-06  3.89545e-09 7.78875e-09 -4.1277e-08  -2.79348e-07 -4.89753e-08 -1.7758e-06  1.48845e-09 4.55177e-09 -2.55766e-07  -1.92278e-08 -2.38283e-08 -1.19032e-06  -1.43297e-08 -2.14041e-08 -1.80539e-06  8.9957e-10 1.35904e-08 -7.99784e-07  -3.78093e-08 3.34097e-09 -1.66113e-06  -2.50688e-08 -7.06511e-09 -1.70555e-06  1.84276e-07 6.30172e-07 -1.95486e-06  8.36821e-09 3.42105e-09 -9.28411e-08  2.4697e-09 -2.32703e-09 -9.48699e-08  -6.50271e-09 -9.07631e-09 -5.06664e-08  -8.12677e-09 -7.2083e-09 -5.18767e-08  5.7356e-09 -1.59882e-09 -7.29414e-08  2.05748e-07 7.31762e-08 -1.78065e-06  -7.72808e-11 -3.12341e-08 -1.76206e-06  2.28178e-09 -1.69435e-08 -1.72367e-06  8.67264e-09 3.57953e-09 -2.17392e-08  2.73455e-06 -2.00917e-06 -2.59118e-06  -6.92367e-09 3.68488e-09 -1.35275e-08  -2.91984e-09 -1.87893e-08 -1.76433e-06  4.66848e-10 -5.40771e-09 -1.4767e-07  -1.96706e-09 1.67916e-08 -4.76284e-07  4.097e-08 4.50361e-09 -1.70363e-06  -4.73522e-06 4.47218e-06 1.33547e-07  -3.41414e-09 9.46838e-10 -5.90787e-07  -7.16152e-09 4.56139e-09 -9.68014e-08  -9.64191e-07 1.04291e-07 -1.86798e-06  -2.84657e-08 -3.23844e-08 -1.76706e-06  7.73688e-07 -3.33062e-07 -1.64987e-06  -5.55179e-09 -7.27003e-09 -4.34021e-07  2.20791e-07 1.02628e-09 -1.98348e-06  -7.36995e-10 -4.24531e-10 -2.71093e-07  -7.89517e-09 -1.27468e-09 -3.03892e-07  -9.20557e-09 -1.61011e-09 -1.31881e-08  -1.07766e-08 3.88485e-10 -3.71734e-07  1.3035e-08 1.23383e-08 -1.68912e-06  1.29367e-09 6.6894e-09 -1.11224e-07  -2.12721e-09 -6.17534e-09 -1.35415e-08  5.45903e-06 -2.45901e-06 -2.1727e-06  4.49817e-07 -9.90626e-07 -1.78404e-06  -2.09e-09 -6.57613e-09 -5.49548e-08  -2.43455e-07 -1.63487e-06 -1.94697e-06  -2.53602e-08 6.41532e-09 -1.36936e-06  -1.14897e-08 7.31129e-09 -1.42693e-06  1.10489e-08 1.32336e-08 -1.64441e-06  -1.89082e-09 -7.84867e-09 -2.45191e-08  4.77631e-06 -6.15977e-07 -2.56149e-06  2.48341e-06 -3.60486e-07 -2.54386e-06  1.91738e-07 -1.61953e-07 -1.74973e-06  3.54164e-07 -2.07182e-07 3.31204e-07  2.97259e-06 -6.23977e-06 -2.19723e-06  8.32403e-09 -1.98188e-08 -1.33831e-06  -7.89846e-07 7.02242e-07 -1.83671e-06  1.15858e-07 5.33809e-08 -1.81546e-06  -1.18465e-08 -8.24231e-10 -1.71479e-08  -9.35918e-09 -8.58223e-09 -1.7209e-06  -2.12268e-07 -1.08826e-07 -1.70118e-06  -1.50347e-08 -3.07939e-10 -1.61461e-06  -5.41506e-09 1.22544e-08 -6.28837e-08  1.05321e-08 7.46497e-09 -1.32055e-06  -5.29541e-11 3.04539e-09 -2.70015e-07  4.17655e-10 1.55353e-08 -1.12545e-06  5.07905e-08 -1.45569e-06 -1.90042e-06  2.55353e-09 1.74759e-08 -1.03649e-06  1.27574e-07 -1.46667e-07 -1.72153e-06  1.57246e-06 3.02913e-07 -1.7618e-06  2.25901e-09 -1.06048e-08 -4.5715e-07  2.4507e-09 -1.963e-08 -1.36878e-06  -1.42113e-07 1.20129e-07 -1.73627e-06  6.94578e-09 2.35736e-10 -1.32185e-08  2.72029e-08 -1.14694e-07 -1.85975e-06  -6.22766e-09 -1.5875e-08 -1.22334e-06  
            </DataArray>
            <DataArray type="Float64" Name="Force" NumberOfComponents="3" format="ascii">
               0 0 0  1.56493e-08 6.70243e-09 -5.33728e-10  -7.52526e-07 2.06781e-06 4.42005e-08  -2.30374e-07 5.6558e-07 4.1963e-08  3.53069e-08 1.36046e-07 -1.97143e-09  2.66508e-08 5.82806e-08 9.12575e-10  0.000149235 -0.000561875 -2.38676e-05  -1.62066e-07 1.52747e-06 1.30822e-10  2.55287e-07 1.33188e-06 1.88082e-08  8.43457e-08 1.40911e-06 9.30727e-09  -2.24525e-08 -5.62806e-08 9.8931e-10  0.000906189 -0.000726226 -4.0413e-05  0.00161952 -0.000137999 -3.18809e-05  0.000164918 0.000454752 7.00816e-06  0.00020181 0.00035483 2.43383e-06  0.000366984 0.000484768 7.24988e-06  4.38418e-08 5.67677e-08 -2.09953e-09  0.00039853 -0.000432413 1.0366e-05  -6.25883e-10 -1.45248e-07 4.09803e-10  -7.55368e-08 -3.59868e-07 1.03823e-09  2.32486e-08 -4.762e-07 -6.64949e-09  0 0 0  0.00114116 0.000552533 -1.92856e-05  -4.13157e-08 6.08508e-08 4.37961e-10  4.96923e-09 5.44049e-08 3.17006e-10  6.65047e-08 1.92854e-08 1.16127e-09  -4.18577e-08 9.28476e-09 9.98482e-10  0 0 0  -3.07987e-08 3.25101e-08 1.33012e-09  -1.26002e-08 1.08024e-08 -5.2098e-10  0.000902237 0.000854151 -3.64931e-06  0.00107239 0.00078189 -4.13824e-05  1.36165e-07 3.39282e-07 -3.62355e-09  0 0 0  -0.000259239 0.000537734 1.20987e-05  -0.000500108 0.00102022 -3.91729e-05  -1.48229e-08 8.22146e-09 -5.07149e-10  -9.58155e-08 1.37813e-07 3.67109e-10  0.00191812 8.36474e-05 1.98678e-05  0.000963901 0.000144941 2.64492e-05  0.000957702 -0.000144714 2.73822e-05  -0.000339713 -0.0011502 -3.36851e-05  -0.000181387 -0.00114516 -4.40645e-05  -1.23697e-07 1.16846e-07 8.05815e-10  -3.73803e-07 4.01854e-07 -7.97136e-09  0 0 0  -3.00394e-05 4.14901e-05 4.58624e-07  -7.97437e-05 6.87124e-05 1.1001e-06  -0.000371603 0.00115216 -1.57309e-06  0 0 0  0.000333361 0.000542946 1.07989e-05  -0.000771255 -0.000878832 -2.03926e-05  -0.000591627 -0.00102837 -3.69397e-05  0.0004955 0.000447768 -1.70043e-05  0 0 0  0.00108492 0.000882277 -9.18718e-06  0.000268832 0.000555867 -2.55614e-05  0.00125452 0.000588545 -3.55365e-05  -0.00219382 0.00080841 -4.29919e-05  -0.000513934 0.000293285 1.22628e-06  -0.00108595 0.000387726 -2.56877e-05  -1.03646e-08 5.7854e-08 8.0271e-10  0 0 0  -0.00048133 -0.0011107 -2.60705e-05  0.000617281 -5.73841e-05 -2.79879e-05  0 0 0  1.3042e-06 -2.6983e-07 -6.17506e-09  7.59531e-07 1.68451e-07 1.1139e-08  1.03817e-06 7.66169e-08 8.11795e-09  0.000446626 0.000461027 -4.19791e-05  -2.79914e-06 -3.81389e-05 2.88906e-07  -2.92601e-06 -0.00012441 6.80792e-07  -0.000764732 -0.000875653 1.26956e-07  0 0 0  4.79037e-09 -5.06109e-09 -2.12067e-10  0.00306942 3.2717e-05 -9.14005e-05  -0.000225894 -0.00117054 -4.19827e-06  -4.44831e-08 -3.30131e-06 1.06945e-07  3.73772e-07 -1.99094e-06 6.90225e-08  -9.08314e-07 1.08451e-06 1.11038e-08  -8.00941e-07 6.77568e-07 3.30254e-09  0 0 0  -8.5285e-08 1.9727e-07 6.15033e-10  -4.34927e-08 2.0802e-07 6.05663e-10  -3.92866e-05 -0.000579025 9.0243e-06  -8.30055e-08 -6.7421e-08 3.33215e-09  -2.72945e-07 -2.73835e-07 1.06887e-09  0 0 0  -8.00794e-08 3.22315e-08 1.25422e-09  3.20896e-09 -4.38626e-08 7.27226e-10  1.78967e-05 -4.21812e-05 4.69206e-07  2.61983e-05 -3.08581e-05 4.59292e-07  -5.55058e-06 -2.89176e-06 1.43505e-07  3.28707e-05 7.84071e-05 6.13794e-07  6.81713e-05 0.000108925 6.36311e-07  2.64901e-05 3.80844e-05 3.61264e-07  0 0 0  -5.94842e-05 3.23698e-05 6.19329e-07  -5.40119e-05 2.90737e-05 7.24e-07  -6.16335e-05 1.50196e-05 4.93587e-07  9.37787e-09 -3.32871e-08 6.30552e-10  6.2882e-08 -7.95699e-09 9.27764e-10  0.000593892 -0.00274611 1.26071e-05  0.00129998 -0.00196637 9.33395e-07  0.000438913 -0.00105217 -1.89347e-05  0.000175225 7.35163e-05 1.1607e-06  0.000239203 5.13268e-05 1.43446e-06  0 0 0  1.13589e-08 -4.86488e-09 -3.91547e-10  0.00128341 -0.00038684 -2.38356e-05  -0.00219276 -0.000806121 -5.65281e-05  0 0 0  0.0026287 -0.000999713 -5.38482e-05  0.001586 -0.000886173 -2.81887e-05  0.00150197 -0.00109524 -1.72124e-05  -0.00174787 -0.000251494 -4.37556e-05  -0.000422603 -0.000370577 1.44419e-05  4.82913e-07 2.67603e-07 6.28692e-09  2.2197e-08 2.08752e-07 6.25298e-10  -7.13704e-10 1.4591e-08 -4.50102e-10  2.79023e-08 3.61397e-08 1.36215e-09  8.12162e-09 8.57121e-09 -4.20636e-10  -0.000442067 0.000390131 1.36501e-05  -0.000400463 0.000421993 -1.61576e-05  0 0 0  0.000489362 -0.000214423 2.624e-06  0.0010243 -0.000645482 -2.58776e-05  -5.43184e-09 -3.51091e-08 1.0511e-09  -0.000542142 0.00163417 -4.97029e-05  -0.00054415 0.00156993 6.58651e-06  -0.000263321 0.0017353 1.12322e-06  1.78981e-05 -3.37844e-05 4.81225e-07  2.37162e-05 -2.55592e-05 5.81618e-07  -0.000373997 0.000444971 1.38556e-05  -0.000717524 0.0010041 4.04796e-05  -0.000354578 0.000782458 2.37794e-05  0.00036321 -0.000469704 -2.15593e-05  0.00117498 -0.00056771 -1.01083e-05  0.000467648 -0.00110361 -2.62697e-05  0.000199789 -0.000554765 -4.20623e-05  -0.000326994 -0.0010023 1.93597e-05  0.000138722 0.000563402 -1.07929e-05  -3.1509e-08 3.19608e-09 -1.04144e-09  0.000223954 -0.00115166 -2.84154e-05  0.000459008 -0.00103596 -3.10134e-05  0.000116354 -0.00116246 -1.72664e-05  9.80368e-09 -1.37215e-08 1.33404e-10  -0.000571888 7.01894e-05 1.11856e-05  -0.00115162 0.000290709 -1.33722e-07  -1.45995e-07 -4.98877e-08 5.48929e-10  -2.63919e-08 -1.2895e-08 3.27466e-11  0.000877021 0.00156168 4.31025e-05  0.000425146 0.000852994 -2.49766e-07  0.000889133 0.0010551 -9.0099e-06  -9.63802e-08 6.68373e-08 -1.52606e-09  1.07995e-08 -7.08251e-08 2.19476e-09  -6.14784e-05 -0.0011513 -3.1882e-05  0.000290289 -0.00163751 -8.22061e-05  -1.32887e-06 1.46351e-06 3.0969e-08  1.54911e-07 9.94581e-07 7.62396e-10  0.00103346 -0.00130673 -7.35809e-05  -3.954e-07 3.25927e-07 3.86914e-09  -0.000477064 -0.00143912 2.76885e-05  0 0 0  0.000630825 0.000187561 -1.85425e-05  -2.90808e-09 -1.12098e-08 -3.98266e-10  -2.61657e-08 -6.97859e-08 -2.19343e-09  -8.67863e-05 0.000594229 -2.40088e-05  2.14097e-07 3.41623e-08 9.54264e-10  1.04499e-07 3.27216e-08 -3.1957e-09  -3.76592e-07 -2.01135e-07 -9.1931e-09  -3.20288e-07 -1.2767e-07 4.64108e-10  -1.07939e-06 -2.2755e-07 -4.47428e-09  5.54064e-08 8.89953e-08 3.17031e-09  3.06102e-05 0.00059454 -2.54537e-05  0 0 0  0 0 0  0.000333371 -0.000523434 8.63876e-06  -0.000265237 2.15799e-05 3.51452e-06  -0.000335481 -5.88336e-05 -3.11459e-06  -0.000493505 2.659e-05 1.49759e-06  0.00020964 -0.000295902 4.35346e-06  0.000158464 -0.000254231 2.96487e-06  -0.00173718 7.80786e-05 -7.06238e-05  1.02128e-07 -4.3884e-08 -3.13939e-09  -2.54248e-07 -3.59419e-07 -4.94773e-09  -1.93426e-05 2.20497e-05 4.96512e-07  -2.07457e-05 2.83298e-05 4.92684e-07  -6.66955e-05 -0.00030359 1.86679e-06  -0.000155714 -0.00028031 1.9731e-06  2.29629e-06 -1.32155e-06 1.03845e-07  0.000398905 0.00112883 -3.12188e-05  -2.96755e-07 -5.29073e-08 2.60823e-10  -0.000535236 0.000233743 -6.86936e-06  0.000688392 0.000202188 -1.57683e-05  0.000908353 6.85212e-05 -3.26928e-05  -6.60938e-06 4.16393e-06 2.6691e-07  -2.0362e-06 1.84926e-06 9.9329e-08  2.0225e-07 -9.2732e-09 7.82353e-10  4.01218e-07 -3.90236e-08 -3.19058e-09  1.12737e-06 -1.42552e-06 2.79738e-09  -2.00868e-07 1.6448e-08 1.22349e-09  -7.06808e-08 1.61997e-08 -9.44021e-10  0.00124548 -0.000377472 -2.57341e-05  1.13473e-08 -9.73081e-09 4.47033e-10  -0.00102862 -0.00207581 -4.91765e-05  -0.000493148 -0.0016666 -2.17104e-05  -0.000468641 -0.00223225 -2.33651e-06  -1.26168e-06 6.41135e-07 5.81495e-09  -7.84265e-07 2.07531e-07 4.19311e-09  -1.03248e-06 4.73307e-07 7.13313e-09  0.000144868 0.000564716 -1.7457e-05  6.82119e-07 -5.17036e-07 4.63153e-08  7.87627e-07 -3.20578e-07 7.10718e-08  -6.2012e-07 1.64425e-07 5.46534e-10  -9.32546e-07 -2.4753e-10 1.19797e-09  -1.3828e-06 3.15549e-07 2.96895e-09  3.55549e-05 -2.1102e-05 4.67193e-07  0.000123889 0.00175341 -7.52777e-06  -1.90911e-07 -5.21219e-07 7.53071e-09  -2.85302e-07 -4.22476e-07 -1.98359e-11  -9.43744e-08 -1.68047e-07 3.56575e-10  -3.57096e-08 1.38209e-07 -4.02671e-09  -1.36929e-08 3.39764e-08 4.22662e-10  9.76467e-08 -1.65412e-07 -2.47332e-09  2.0411e-07 -3.78607e-07 4.00612e-09  7.31772e-08 -2.14727e-07 -2.48848e-09  -0.00111602 0.000281765 -6.13308e-05  7.27034e-08 4.02437e-08 -2.43775e-09  -0.000238024 0.000292629 3.60654e-06  -0.00030628 0.000323401 6.15119e-06  -0.000289602 0.000244523 2.94882e-07  -3.78871e-06 -4.42622e-06 1.5781e-07  -1.27252e-06 -2.27353e-06 1.01457e-07  -2.14005e-06 -5.95458e-06 1.65187e-07  2.24112e-08 -7.04582e-09 7.10815e-10  -7.11452e-05 -0.000184935 7.06644e-07  -5.69034e-10 -1.11127e-08 -3.65882e-10  0.000244532 0.00051018 -4.55792e-05  0.000319482 0.00107079 -6.04484e-05  -7.43175e-08 -1.982e-08 2.46273e-10  -5.86103e-08 -6.0461e-08 -2.28759e-09  3.92297e-07 2.4415e-07 6.38035e-10  0 0 0  -0.000688077 0.000228824 1.87951e-05  -1.43004e-07 -8.33911e-08 6.66442e-10  -1.86755e-08 -1.27647e-08 6.35883e-10  -1.18156e-07 2.78372e-07 3.70502e-10  -1.86058e-07 8.9182e-08 2.24276e-09  0 0 0  -1.90845e-07 5.42844e-08 -9.98252e-10  -1.05813e-08 -9.11421e-09 -3.76309e-10  -1.09042e-06 -1.0545e-06 5.36838e-09  -8.12634e-07 -6.00407e-07 5.39704e-10  -8.16713e-07 -6.38428e-07 6.83815e-10  0.000453477 -0.000389565 -2.82982e-05  6.20212e-08 4.62353e-09 8.20127e-10  -3.41645e-07 -2.34214e-07 4.23647e-09  3.11333e-07 6.39174e-07 1.11352e-08  -0.000407422 0.000211177 1.20787e-05  -0.00028781 6.68632e-05 5.16737e-06  -0.000369851 0.000201657 -2.87977e-07  7.61916e-09 1.2284e-08 -4.51622e-10  1.22352e-06 8.54793e-07 6e-09  1.69689e-06 6.88231e-07 1.78541e-08  3.57829e-05 -0.000568509 -4.04602e-05  0.000119371 -0.000368012 1.73216e-06  2.77451e-07 -6.57176e-07 3.4943e-08  -0.000764358 -0.00154446 -8.12326e-05  -9.87635e-07 -6.94768e-07 3.6983e-09  -1.08038e-06 -5.83337e-07 4.2697e-09  -1.88756e-08 -1.9517e-08 8.14748e-10  -0.00107581 0.0005345 -2.00492e-05  -0.000480066 0.000333261 -2.64119e-05  5.62157e-07 -1.78077e-07 -4.54444e-09  4.83855e-07 8.18741e-10 -4.16889e-09  -0.00148677 -0.000920361 -3.76402e-05  -0.000439561 -0.000385212 -2.25428e-05  -0.00140406 -0.000930515 -4.42543e-05  0.000566618 -0.000934478 -4.67027e-05  0.000688718 0.000210076 -1.23927e-05  1.83396e-07 -4.66202e-08 6.13351e-10  -0.001126 0.000198573 -1.28378e-05  -0.00185628 0.00129713 3.48949e-05  1.63234e-06 -2.39687e-07 1.04045e-08  -0.000146934 -0.0001874 1.22039e-06  -0.000145139 -0.000107545 3.55097e-07  -8.81619e-05 -9.11655e-05 9.03347e-07  0 0 0  0.000183508 0.00112224 -2.50623e-05  -2.63212e-08 6.28108e-07 2.13572e-08  0 0 0  -2.37929e-06 2.95279e-06 8.93176e-08  7.96834e-05 4.1283e-05 6.37617e-07  5.4309e-05 3.12778e-05 3.07185e-07  0.000587768 0.000180609 -1.11857e-05  -0.000306066 -0.000497126 -2.72539e-05  -9.90132e-07 1.54903e-06 1.0943e-07  -6.26477e-08 5.50791e-07 5.03623e-09  3.64866e-05 -0.00058564 6.24403e-06  -0.00134641 0.000182925 2.64256e-05  -0.000889327 -0.000138573 2.95301e-05  5.24207e-06 3.25612e-06 1.65608e-07  3.00142e-06 2.99979e-06 9.89326e-08  4.44952e-06 2.82718e-06 1.71262e-07  3.33064e-05 -2.30608e-05 2.49506e-07  6.04615e-05 -5.49749e-05 6.38618e-07  5.62109e-05 -4.65713e-05 5.60613e-07  -0.000658762 0.000936555 -1.05665e-05  8.13415e-09 -5.70614e-09 -3.4828e-10  0 0 0  1.4819e-07 -5.73296e-07 9.30396e-09  6.14126e-07 6.3822e-07 6.60561e-08  3.89339e-07 2.70958e-07 5.82063e-08  -1.12161e-07 -6.78019e-08 2.1199e-08  -8.35922e-07 -3.23829e-07 4.11516e-08  0.000253032 0.0005313 -5.7371e-06  6.10908e-06 2.25919e-05 3.0453e-07  -7.78493e-07 -3.0919e-07 4.67329e-11  -1.24143e-06 -3.64582e-07 3.2928e-09  1.42433e-07 1.49922e-07 -1.2758e-09  1.21913e-07 1.04615e-07 -4.59703e-09  2.62159e-07 3.6275e-07 -4.40622e-09  2.58561e-07 -5.27617e-07 -4.90276e-09  5.51925e-07 -8.81661e-07 1.68997e-08  4.63417e-08 2.79568e-08 3.35455e-10  1.24744e-05 -8.9259e-05 7.40428e-07  1.28797e-05 6.91964e-05 7.06948e-07  -0.00089626 0.000742355 -2.6781e-05  -0.000409733 0.00106499 -4.21713e-05  0.000529663 -0.000234223 1.61218e-05  0.00163445 -0.000351323 4.18503e-05  1.91727e-07 1.65584e-06 9.92094e-09  1.43508e-07 1.41916e-06 5.68761e-10  5.81777e-05 -1.78091e-06 5.39759e-07  2.13187e-08 1.82966e-08 8.43584e-10  0.000571509 -0.000985936 -1.34306e-05  0 0 0  -1.35407e-05 -5.34386e-05 5.0012e-07  -5.69237e-05 -0.000100822 9.40447e-07  -2.31116e-05 -7.69646e-05 7.41344e-07  -1.8473e-07 6.42159e-07 -6.11303e-09  -0.000111915 0.00113598 -2.90647e-05  -0.00013865 0.000539221 1.882e-06  6.93665e-08 -7.87144e-08 9.57287e-10  2.08947e-05 1.32615e-05 3.27774e-07  2.66707e-05 1.38051e-05 3.57435e-07  -0.000549043 0.00103538 -4.07265e-05  -0.000531014 0.000296198 -4.28898e-05  -0.000440423 0.000388602 -4.59175e-05  -9.38924e-08 -8.55524e-09 -9.21473e-10  5.97465e-08 -4.15922e-08 2.23362e-09  3.31544e-07 -9.03017e-07 -1.28272e-08  3.17856e-07 -1.1832e-06 2.00663e-08  -2.18245e-05 -1.04158e-05 3.01159e-07  -1.40124e-05 -1.01186e-05 2.42372e-07  8.37318e-07 1.34872e-06 9.82327e-08  3.02384e-07 9.28079e-07 6.66851e-08  9.42482e-08 2.02242e-07 3.13674e-08  -6.70948e-07 -1.06152e-06 2.02017e-08  -4.24562e-07 -6.10195e-07 7.92495e-09  -9.96564e-07 -9.13787e-07 2.22195e-08  2.73484e-05 -8.94312e-06 3.36982e-07  4.938e-05 -8.56583e-07 6.50066e-07  -1.24311e-07 6.77794e-08 5.19012e-09  -2.28871e-07 1.67742e-07 -5.19888e-10  -1.43757e-07 7.69306e-08 -5.44541e-09  0 0 0  -0.000149994 0.000559702 -4.00756e-05  7.75151e-08 5.38691e-08 2.83938e-09  -2.47747e-05 1.80583e-05 3.26776e-07  -3.57452e-05 4.66124e-05 5.76891e-07  -2.46682e-05 3.87323e-05 4.7296e-07  0 0 0  0.000317763 0.000514964 -4.10468e-05  1.11075e-08 -2.26531e-08 7.75835e-10  -5.27484e-07 -7.86639e-07 9.88741e-10  -4.44032e-07 -2.89934e-05 3.36358e-07  6.92097e-06 -3.18416e-05 3.6025e-07  9.02997e-06 -4.40179e-05 5.93708e-07  -0.000192094 0.00112344 -3.37961e-05  0.00130849 -0.00118718 8.80375e-06  0.000762115 -0.000633818 1.40658e-05  0.0010485 -0.00131226 8.70669e-06  0 0 0  -0.00025697 -0.00024161 3.13501e-06  -0.000229119 -0.000128404 -2.77357e-06  7.92222e-07 2.86416e-07 8.64496e-08  -4.02463e-06 -1.94367e-05 3.07475e-07  2.53503e-06 -1.76963e-05 2.82769e-07  -1.62854e-06 -1.44969e-05 2.55788e-07  -8.94736e-06 -3.29891e-06 1.37863e-07  -2.70935e-05 -8.63881e-06 3.61829e-07  -2.18057e-05 -3.81437e-06 3.39102e-07  1.80079e-07 -2.32867e-07 -5.33171e-10  7.83733e-06 -3.99699e-06 1.84061e-07  2.90652e-06 -1.06151e-06 6.39965e-08  -1.66585e-06 1.27642e-06 1.26258e-08  -4.06731e-05 -0.000597985 -3.96782e-05  3.88097e-07 -8.32743e-07 -7.21116e-09  -0.00179913 0.0028583 2.89875e-05  -0.00120261 0.00102956 2.29366e-05  -2.50236e-06 1.00869e-05 3.30941e-07  -2.01444e-06 4.18441e-06 1.3093e-07  0.000248567 -0.000172383 1.4186e-06  0.000243965 -0.000263195 2.21082e-06  -0.000969615 0.000674189 -3.78913e-05  6.05237e-06 -6.13788e-05 3.9959e-07  1.49021e-07 -1.40666e-07 6.492e-10  -1.27005e-08 2.50719e-07 -6.57066e-10  -0.0010288 -0.000393641 -4.70286e-06  -0.00225593 -0.000301398 -7.43682e-05  5.04906e-05 5.4911e-05 4.32933e-07  3.44317e-05 6.65175e-05 5.25536e-07  3.72659e-05 5.35472e-05 4.50363e-07  0 0 0  4.90868e-07 7.63894e-07 1.72236e-08  -8.04097e-07 -2.14005e-07 2.03088e-08  -1.13852e-06 -5.93951e-07 1.50895e-08  -1.1039e-06 -1.57753e-07 1.0171e-08  -2.0343e-06 3.87656e-08 1.09618e-08  -4.26943e-07 -5.79785e-07 4.96631e-08  1.38649e-06 1.23205e-06 1.49148e-08  1.88277e-06 1.85279e-06 1.19402e-10  1.19686e-06 1.88254e-06 6.01326e-09  1.34471e-05 -5.76936e-05 4.79663e-07  2.65159e-05 -7.10099e-05 5.62111e-07  -2.82107e-05 0.000561562 -4.70861e-05  2.62863e-07 -2.03001e-07 4.79302e-10  3.80695e-07 -4.31307e-07 6.04746e-09  -5.98733e-05 2.32793e-05 7.12474e-07  -3.1122e-05 5.20239e-06 4.14846e-07  0.000878786 0.00104043 2.92463e-05  -6.40325e-06 5.78137e-06 1.70482e-07  -8.53016e-06 1.39363e-05 3.82383e-07  7.87987e-08 -5.48665e-08 -2.73584e-09  0 0 0  -0.000777324 -0.000817244 -1.78281e-05  -0.0011157 -0.001339 1.96427e-05  -2.85125e-05 0.000571764 9.76452e-06  -9.3193e-07 -3.93183e-08 2.95021e-08  0 0 0  -8.99395e-06 1.9805e-05 3.34938e-07  -0.000371588 0.00046873 -5.86416e-05  1.00608e-05 -7.99185e-06 3.32004e-07  -1.55119e-07 -1.07752e-06 1.85021e-08  -2.43368e-07 -1.30999e-06 1.01018e-08  -8.6079e-07 1.0698e-06 1.39788e-08  -7.97535e-07 1.63663e-06 3.74002e-09  1.45566e-06 5.03839e-07 8.13278e-09  5.38451e-05 -1.42465e-05 6.7667e-07  -0.000922472 -0.00147069 -2.52293e-05  0.000298618 0.000508882 -1.3123e-05  8.36924e-08 -3.59468e-08 2.7863e-09  -2.42057e-05 -2.22963e-05 4.03884e-07  -2.86582e-05 -2.47823e-05 5.28315e-07  -0.00038387 -0.000661875 1.00923e-05  -0.00116404 -0.00131447 3.12759e-05  8.83358e-08 -6.24715e-07 -5.62143e-09  -3.85808e-05 -8.01442e-06 4.12001e-07  -2.98874e-05 -2.35738e-06 2.36591e-07  -5.04851e-05 -1.70188e-05 4.2949e-07  -0.00353408 0.000193638 -5.00538e-05  4.78642e-06 1.17806e-05 2.59004e-07  3.00573e-06 1.00336e-05 2.13716e-07  8.72386e-07 1.44899e-05 2.70907e-07  -2.74645e-07 4.90096e-07 5.42736e-09  1.44447e-06 1.45579e-07 2.57313e-08  1.49879e-06 -2.28203e-07 6.26899e-09  4.34134e-07 -1.18935e-07 4.58683e-09  -0.000999443 0.000425607 3.34436e-05  0.000107564 2.29552e-05 6.19521e-07  6.60284e-05 -4.57758e-05 5.06773e-07  3.13543e-05 -3.11522e-05 3.59752e-07  0 0 0  1.85177e-06 5.82252e-08 9.42685e-08  -6.34843e-07 -5.93127e-07 3.50096e-08  1.17716e-06 1.57996e-06 1.60817e-08  3.67155e-07 1.05476e-06 -8.14527e-09  0.000139441 -0.000137441 1.15905e-06  0.000498813 0.0015748 -6.64321e-06  8.06045e-06 -0.00022321 1.18573e-06  -1.70309e-05 -0.000103704 4.52696e-07  -1.30978e-07 1.84384e-07 2.5653e-08  4.11214e-06 7.16274e-06 1.62388e-07  8.09185e-06 1.04705e-05 2.80589e-07  1.46052e-05 1.34576e-05 3.46027e-07  6.26035e-07 2.19816e-07 -6.44864e-09  3.56096e-07 -2.21232e-07 9.2354e-10  0.000164879 0.000299914 2.22853e-06  -2.11152e-08 -3.34516e-08 1.18729e-09  8.62291e-07 -1.6315e-06 6.82439e-09  1.05035e-06 -1.07907e-06 2.82368e-08  7.80642e-07 -1.03203e-06 1.14065e-08  -1.62774e-06 -5.31659e-05 4.72996e-07  -2.04288e-06 -3.8732e-07 9.9323e-08  -2.89754e-06 -8.03996e-07 7.57659e-08  -2.55103e-05 -3.15481e-05 5.19285e-07  -1.37065e-05 -3.94835e-05 6.15494e-07  -1.69626e-05 -2.8431e-05 3.90818e-07  -4.3142e-07 4.35958e-07 6.39611e-09  0.000443802 0.00056437 2.14505e-05  3.30926e-05 9.55619e-05 6.97866e-07  -1.27273e-07 3.46072e-08 3.63958e-09  -1.18616e-07 5.12016e-08 -2.73091e-09  5.52436e-08 4.73965e-08 -2.13331e-09  -1.09518e-06 -5.71499e-07 2.88811e-09  -1.83651e-05 -3.16917e-06 1.99726e-07  -3.31057e-05 -1.05953e-05 4.30792e-07  0 0 0  1.10983e-07 -6.76125e-07 2.93353e-08  1.72086e-08 -1.61477e-07 6.95072e-08  -5.29025e-08 -5.35785e-09 -1.49617e-11  -4.84093e-08 3.28697e-09 2.62583e-11  0.00122518 0.00068452 -1.31904e-05  1.58442e-05 2.50608e-05 3.75192e-07  0.000160024 0.000180624 6.95789e-07  0.000372866 0.000301018 2.81899e-06  3.49479e-06 3.79325e-06 1.40919e-07  1.4032e-06 2.44138e-06 8.69991e-08  -0.00011184 -3.16387e-05 -7.22142e-07  -0.00022366 -1.8907e-05 1.99055e-06  2.147e-07 1.66556e-07 4.76902e-10  6.69552e-06 -1.77942e-06 1.84075e-07  -0.00167262 0.000169421 2.97933e-05  -0.0025705 0.00104767 6.42279e-06  -3.52642e-05 3.14117e-05 6.42445e-07  0.00120158 0.00081604 3.30534e-05  -1.57894e-06 -1.4986e-06 1.87204e-08  -0.000199829 -0.000192819 2.60218e-06  0.00168716 0.000357872 -4.40242e-05  0.00235606 -0.000117538 -1.16572e-05  1.31244e-05 4.96645e-06 2.86681e-07  1.24511e-05 5.50347e-07 2.9323e-07  8.02624e-06 2.1332e-06 1.51278e-07  5.24149e-07 7.99681e-06 1.68934e-07  -0.000218903 0.000432227 3.41628e-06  3.23148e-07 7.7971e-07 3.55793e-08  6.69652e-07 1.11191e-06 1.51568e-08  -0.000168103 -0.000239757 7.52798e-08  5.38787e-06 -0.000165225 8.80371e-07  1.20689e-05 0.00113782 -7.28214e-06  -0.000160085 6.37502e-05 1.25436e-06  -0.000115701 7.33457e-05 1.1169e-06  2.91436e-07 4.45161e-08 3.31553e-10  -5.15796e-07 6.09267e-08 4.61394e-08  -0.000419291 0.000428757 -2.09381e-05  -0.00104905 0.00139396 -6.57171e-05  0.000320823 0.000350403 7.31645e-06  -9.38516e-07 1.31078e-06 4.73477e-08  -4.61413e-07 1.15754e-06 7.34649e-10  -1.93844e-07 1.01077e-06 1.49591e-08  -5.55685e-08 3.34982e-07 2.87541e-08  2.6546e-09 -1.17974e-07 4.33899e-08  7.0307e-08 4.68443e-07 3.84112e-08  -3.78774e-06 6.16993e-06 1.46619e-07  -4.49679e-06 1.67282e-05 3.33996e-07  0.000437246 0.000349291 9.88528e-06  0.000700221 6.62398e-05 -1.2399e-05  -3.79646e-05 0.00125722 3.79501e-05  -7.03954e-07 -7.38856e-07 7.9894e-08  2.06433e-05 4.19435e-06 2.48703e-07  2.27119e-08 1.07358e-07 7.13275e-08  4.7117e-08 -2.61439e-08 -1.54387e-09  1.41579e-08 -7.83181e-09 4.80615e-10  0.000317471 -3.94678e-07 1.90447e-06  6.0783e-06 2.08374e-06 1.9482e-07  2.40728e-06 7.52693e-07 8.6894e-08  4.1448e-06 1.87473e-07 1.41272e-07  1.02201e-05 -4.72377e-06 1.73357e-07  1.41103e-05 -3.09647e-06 3.56206e-07  1.28798e-06 -2.77225e-07 7.26835e-08  3.79178e-07 -3.32865e-08 5.43356e-08  1.11145e-08 4.89746e-09 5.39617e-08  -1.27819e-05 4.9172e-05 5.78227e-07  -3.48647e-06 3.91991e-05 4.46711e-07  -3.26749e-08 -7.09112e-07 1.86038e-09  0.000179091 -0.00118062 2.80844e-05  0.000247817 -0.00172354 5.42527e-05  0.000357444 -0.000938223 2.71724e-05  0.00040911 0.00101664 -1.23249e-05  8.86285e-06 7.39281e-06 2.91576e-07  -0.00147086 0.00183047 -1.30907e-05  -0.000782838 -0.000617951 7.18948e-06  -0.00182422 -0.00143372 2.13264e-06  5.47383e-07 -5.76765e-07 4.1748e-08  -3.78055e-06 7.65217e-05 6.45901e-07  -3.43727e-05 -1.8374e-05 5.35886e-07  0.001037 0.00156299 2.76189e-05  0 0 0  -1.3557e-05 9.10673e-06 2.95034e-07  -7.17009e-06 -1.06124e-05 1.92343e-07  -0.000225144 -0.000612753 3.95095e-06  -0.000213564 -0.000485285 -1.40001e-06  -3.88064e-06 4.42143e-05 5.7193e-07  -1.03833e-05 2.47483e-05 4.06764e-07  -3.60041e-06 2.86071e-05 4.56467e-07  0 0 0  0.000730252 0.000235803 7.10201e-06  3.23549e-07 8.35037e-08 4.46865e-10  -1.26217e-05 -1.30498e-05 3.09296e-07  -9.1174e-06 -1.19787e-05 3.10134e-07  3.27488e-05 -1.13044e-05 5.25834e-07  3.30132e-05 -5.83178e-06 3.89013e-07  8.21214e-07 2.00258e-07 8.71259e-09  2.30645e-05 3.63822e-05 5.27662e-07  0.00207427 0.000736836 1.14257e-05  0.00216422 0.000369894 3.94147e-07  -0.000204717 0.000119327 2.39904e-06  -0.000136019 0.000151074 1.36912e-06  -0.000244641 0.000220259 1.34451e-06  -1.32478e-05 3.13959e-05 4.40687e-07  2.32113e-05 -0.000897233 2.65822e-05  -7.44996e-09 -9.60411e-09 -3.42323e-10  -1.70045e-05 -1.55832e-05 3.02156e-07  -2.85427e-05 6.60358e-05 6.39044e-07  5.73439e-06 1.19063e-06 1.53008e-07  1.06033e-05 -2.6646e-07 2.77359e-07  0.000192935 0.000222077 1.91424e-06  -0.000137487 1.25706e-06 2.1779e-07  4.04249e-05 0.000563609 -8.15376e-06  -3.22598e-06 -4.15461e-06 1.21018e-07  -6.51289e-06 -5.17785e-06 1.95818e-07  2.10032e-07 -1.16684e-07 -2.39879e-10  -0.00117017 -0.00122721 -7.63555e-05  2.72552e-05 1.6702e-05 3.36134e-07  4.21051e-05 1.32027e-05 3.98025e-07  -0.0015359 0.000847139 -1.85083e-06  -3.2206e-05 1.76129e-05 5.04735e-07  0.000131961 -0.000240306 1.51992e-06  0.000265386 -0.000719049 9.99186e-06  -1.54898e-05 4.38001e-05 4.90811e-07  -1.15235e-06 7.18614e-07 5.31376e-10  -8.80024e-07 9.11339e-07 4.0061e-09  -0.000286424 0.000534512 1.33265e-05  -7.17909e-05 -0.000163732 1.14336e-06  -8.0781e-07 9.60581e-06 2.07629e-07  -2.60703e-07 -7.79805e-07 1.51741e-08  -5.3399e-07 -1.28851e-06 1.24811e-08  -1.50625e-05 1.53608e-06 2.89491e-07  0.000104968 -6.58683e-05 7.17717e-07  0.000176767 -6.32953e-05 1.23091e-06  0.000395196 -0.000142811 2.09545e-06  7.33524e-07 2.23438e-07 3.42565e-08  -6.59591e-07 -1.27854e-06 4.70498e-09  -2.33989e-07 -1.04819e-06 4.51333e-09  -1.54178e-07 -5.88567e-07 6.31295e-09  1.20768e-05 1.90634e-05 3.74883e-07  9.99631e-06 2.44337e-05 3.80484e-07  -0.00227635 -0.000381453 3.18915e-05  -0.000972736 -0.00014179 6.02682e-06  -0.000119746 -0.000386215 2.03289e-05  -0.000223578 6.75678e-05 2.2332e-06  -1.35261e-06 -1.71213e-07 4.13669e-09  -0.000447421 0.000281524 8.0501e-06  -6.06467e-07 1.69308e-08 5.3203e-10  4.21169e-05 -1.11918e-05 3.69355e-07  1.12441e-05 -1.58072e-05 2.51075e-07  8.76941e-06 -2.04113e-05 4.03876e-07  0.00129489 0.000977998 1.27132e-05  0.000975822 0.000800603 -3.01382e-05  0.0020003 0.000927854 -5.44011e-05  5.63994e-08 2.44555e-07 5.26966e-08  -0.000594561 -0.000667298 2.7915e-05  0.000164793 0.00114543 3.99341e-05  1.84368e-06 1.59414e-07 4.0268e-09  7.56091e-07 -3.78954e-08 4.88761e-09  1.10799e-06 -1.89533e-07 2.01192e-08  0.000381952 0.000496168 -2.52265e-05  -0.000471144 -0.000588379 2.25137e-05  -0.000565443 -0.000387014 1.04097e-05  -4.21348e-07 1.03836e-06 3.25883e-10  -3.83241e-07 1.1252e-06 -9.14195e-10  7.49253e-08 -1.18106e-06 1.88638e-09  4.44311e-07 -9.50453e-07 -1.4251e-09  8.01406e-05 6.51656e-05 7.95765e-07  9.05481e-05 7.83527e-05 9.47621e-07  3.41648e-05 2.70502e-05 4.45622e-07  7.56229e-05 4.18789e-05 4.94607e-07  -0.000275782 0.0012076 2.93218e-05  -0.000166301 0.00220827 1.71281e-05  -7.87554e-06 0.00014417 6.62883e-07  -1.84569e-05 0.000180847 6.44686e-07  -0.000386349 0.000101752 3.20247e-06  0.000274883 0.00174782 3.68537e-05  -3.09894e-06 0.000470971 5.89524e-06  -9.95032e-05 0.000393715 6.44869e-06  0.000264423 0.00167786 -3.19834e-05  6.09753e-06 -4.51299e-06 1.90994e-07  -2.30082e-05 6.68589e-06 2.36908e-07  2.58966e-05 -1.79529e-05 3.057e-07  3.42809e-05 -4.19047e-05 5.53612e-07  3.29988e-05 -2.07978e-05 3.94673e-07  8.09745e-08 -6.38546e-06 2.10338e-07  0.000995583 -0.0011569 4.43367e-05  0.000383807 -0.000379629 1.58197e-05  0.000294871 -0.000418913 1.11812e-05  -0.000123207 -3.67534e-05 1.43367e-06  -1.29574e-07 -1.12561e-08 7.38111e-11  2.3827e-07 7.04961e-07 4.56028e-09  -0.000128271 -0.00280875 1.18097e-05  0.000493902 -0.00198624 -1.7555e-05  1.74478e-07 9.08928e-08 3.6966e-08  3.92659e-06 -5.52175e-07 1.14359e-07  -3.54293e-07 -6.33156e-10 2.15767e-10  -1.99666e-07 1.78374e-08 -3.54551e-10  -0.000264013 0.000121823 1.34161e-06  0.000786364 -0.00054774 2.72445e-05  1.21792e-06 -5.36083e-07 4.04963e-08  -7.04229e-07 -4.36266e-06 1.14216e-07  -0.00174159 9.1781e-05 4.71929e-05  -0.000758276 -0.000112493 2.17841e-05  5.75931e-07 9.1995e-07 -9.07304e-09  -1.57187e-07 1.38265e-08 8.73221e-10  1.06381e-05 5.26553e-05 5.20571e-07  -0.000476725 -0.000296746 3.82369e-06  -0.000331914 -0.000125315 6.88216e-06  2.41663e-05 8.01009e-06 3.46371e-07  -8.26047e-06 -1.67005e-05 3.45684e-07  -7.46468e-06 -8.59734e-06 1.92584e-07  1.13719e-06 -1.40386e-06 1.69871e-08  2.44522e-07 1.04818e-07 -4.39854e-10  6.2608e-07 -3.0107e-07 1.27014e-08  5.86201e-07 6.16167e-07 1.30266e-08  6.38693e-07 6.31849e-07 -7.97538e-09  -2.36045e-06 -6.80251e-06 1.49437e-07  -4.57972e-05 -2.94594e-05 4.89717e-07  -3.91397e-05 -1.45668e-05 3.99596e-07  -2.96021e-05 -1.08872e-05 3.20739e-07  -0.000183224 -0.000989957 2.74607e-05  -9.09729e-05 0.000138629 7.30572e-07  1.44909e-07 -6.222e-08 4.83577e-09  -9.20891e-07 3.02327e-07 4.31281e-08  -1.42796e-07 7.72089e-08 4.43805e-08  7.35058e-05 0.000279561 2.21159e-06  1.67563e-05 3.63139e-05 3.56925e-07  4.39847e-05 1.16678e-05 4.62643e-07  6.04839e-05 2.6535e-06 5.87096e-07  0.000447029 -0.000527832 1.91975e-05  -6.69789e-07 -4.66756e-07 2.16496e-08  -0.000183764 0.000259941 2.42026e-06  -9.28885e-05 0.000218338 1.86997e-06  1.36019e-05 4.44104e-07 2.8828e-07  1.22384e-06 -7.21873e-07 9.90157e-09  -0.000795424 0.00065788 -1.06869e-06  -0.000283468 -0.000100684 4.54246e-06  -0.000607371 -5.44802e-05 6.77732e-06  0.000254929 -5.26493e-05 8.57055e-07  2.02948e-05 -5.95112e-05 5.55314e-07  4.48852e-05 -6.91356e-05 6.40598e-07  1.12895e-06 1.00052e-06 1.08409e-08  -1.81889e-05 5.29345e-06 2.38177e-07  -2.80276e-05 1.28792e-06 3.87677e-07  0.00151584 -0.000766227 3.5794e-05  -4.12302e-07 1.13888e-07 -1.55572e-09  -1.52921e-07 -8.4036e-07 1.43211e-08  -2.51078e-05 2.5853e-06 3.65561e-07  0.00013357 0.000110182 8.11722e-07  1.8433e-06 -5.71213e-07 3.75702e-09  9.58539e-07 -6.62669e-07 -1.46688e-08  7.64854e-07 -3.27077e-07 9.93694e-09  3.534e-05 1.8287e-05 4.72686e-07  2.92171e-05 5.95231e-06 3.09078e-07  -1.22425e-06 7.0437e-07 3.55141e-09  4.65401e-07 -1.5676e-06 1.22061e-08  2.99052e-07 -1.8224e-06 2.55789e-08  -9.82522e-07 -3.88614e-07 7.58946e-09  -1.15647e-05 0.000113964 7.19041e-07  -1.04346e-06 -4.30032e-07 6.35929e-08  -3.41568e-06 -1.9623e-06 1.38399e-07  0.000436793 0.000251215 7.39011e-06  -0.00326671 -0.0010482 -7.54796e-05  1.498e-07 4.69853e-08 4.83119e-09  1.2745e-07 7.0693e-08 4.4595e-09  -0.000947807 -0.000653102 3.9932e-05  -0.000846051 -0.000318438 2.62744e-05  -7.9289e-07 -1.16918e-09 2.69192e-09  -1.10099e-06 2.20494e-07 5.56769e-09  -2.94909e-05 -4.79607e-05 5.32898e-07  -2.9113e-05 -2.67087e-05 3.75429e-07  0.000424577 0.00100848 3.09039e-05  3.24465e-08 -1.34932e-06 8.85272e-09  0.00056073 0.00216524 6.93017e-05  -4.33268e-06 -5.80267e-05 3.75508e-07  -8.85247e-07 1.10609e-08 5.9526e-08  1.11367e-06 -1.95773e-07 2.38362e-08  -2.90042e-05 -7.76609e-06 3.12724e-07  6.09396e-05 2.03659e-06 5.74893e-07  -5.36161e-07 7.71895e-07 2.93113e-09  -0.00151228 -0.000778809 6.7267e-06  -7.5878e-08 5.33612e-07 -2.74865e-10  -1.07446e-05 3.12985e-06 2.19984e-07  -9.35049e-06 3.68706e-06 3.04195e-07  -0.00238459 -0.00102825 8.33118e-05  4.03241e-05 3.37372e-05 5.6377e-07  -6.80805e-07 -4.7744e-07 5.60845e-08  1.48709e-06 -7.375e-07 1.29535e-08  -6.41945e-07 5.3534e-07 2.76559e-08  -2.8585e-07 2.49787e-07 3.18456e-08  -2.76459e-07 -6.93865e-07 1.87193e-08  4.29838e-08 -3.6907e-08 -1.61606e-09  -2.27348e-05 6.60582e-06 3.46444e-07  1.221e-06 6.80358e-07 -7.56304e-09  -1.26949e-06 6.97232e-07 2.73544e-08  9.58541e-06 0.000652277 1.01718e-05  7.65903e-05 0.00032115 5.28722e-06  -8.15194e-05 0.000229217 1.16907e-06  -6.77225e-05 0.000247214 1.87041e-06  -0.000915269 0.0015323 2.65673e-05  0 0 0  0.00240622 0.000861384 7.49881e-05  1.10096e-05 7.85001e-05 7.28504e-07  2.88319e-06 0.000103602 7.22109e-07  2.46241e-05 -2.1599e-05 3.89599e-07  -6.79305e-08 -1.12827e-06 -6.26899e-09  -1.06891e-05 2.30879e-05 3.01395e-07  2.70213e-09 4.88691e-07 4.4181e-10  4.14906e-08 -6.28925e-08 3.51266e-08  4.90696e-08 -1.16506e-07 5.40055e-08  -7.7399e-05 2.60769e-05 6.00551e-07  -4.48682e-05 8.62155e-05 9.03294e-07  0.000409386 -0.000224738 3.33305e-06  2.28027e-06 -6.96892e-06 2.03875e-07  3.39936e-05 -1.57953e-05 3.28843e-07  -4.42466e-05 -0.000312273 2.81917e-06  -2.28009e-05 9.462e-05 7.34437e-07  3.39659e-05 0.00010746 8.88943e-07  0.000130535 -1.26826e-05 1.1707e-06  -1.09804e-05 -3.64346e-05 5.80923e-07  -7.6475e-07 1.28863e-06 4.30854e-09  3.03708e-05 -2.38302e-05 3.97544e-07  -4.91399e-07 2.53764e-07 4.20823e-10  -3.64377e-05 3.73236e-06 3.84323e-07  6.45303e-07 -6.47853e-07 8.62136e-10  -7.1836e-07 1.66034e-09 6.81317e-09  0.000376731 0.000492631 -3.55656e-06  1.19925e-06 4.61419e-07 1.67182e-08  -1.20755e-05 -3.0186e-05 4.18258e-07  1.85444e-07 7.0876e-07 -5.9708e-09  -1.87689e-05 -8.9421e-06 2.87404e-07  -2.62701e-05 -2.14821e-05 4.06916e-07  9.78449e-07 -7.74381e-07 2.00742e-08  4.62415e-05 -5.88645e-06 6.54657e-07  4.22489e-05 -1.73915e-05 4.82232e-07  4.05614e-05 0.000284031 9.91804e-07  3.41689e-06 -4.22965e-06 1.59619e-07  5.53277e-06 -8.46905e-06 2.82391e-07  -8.73225e-06 -1.29182e-05 1.92336e-07  -5.93372e-05 0.00011193 5.51932e-07  1.55021e-05 0.000420568 1.91185e-06  -6.19229e-06 -1.65011e-06 1.60838e-07  -5.21421e-08 -1.02468e-06 3.35787e-09  2.19904e-07 -1.19862e-06 1.18591e-08  -3.28016e-08 -1.87828e-06 -6.30299e-09  0.000973978 0.00131862 -2.92113e-05  0.000776416 0.000899642 -5.48954e-05  -8.96179e-07 4.71491e-07 2.68318e-09  -7.93534e-07 -8.95388e-07 4.9075e-09  -5.45894e-06 1.22753e-06 1.53291e-07  1.88434e-07 5.89791e-06 2.03327e-07  2.87152e-08 -2.31156e-06 1.11669e-07  7.48519e-07 7.72369e-08 -1.04782e-08  1.50091e-06 1.5243e-07 -1.4702e-08  1.11598e-06 6.20461e-07 2.07639e-08  -2.48184e-06 -3.31072e-05 3.66445e-07  2.13282e-07 1.34589e-06 2.48614e-08  -1.7276e-07 1.23513e-06 -3.53093e-10  -6.72065e-06 -2.26597e-07 2.28119e-07  -5.45872e-06 -4.20963e-07 1.309e-07  -1.35046e-06 2.92701e-07 4.16582e-09  7.61681e-06 4.5515e-05 5.22071e-07  2.14962e-05 3.90848e-05 5.84526e-07  -7.50465e-05 2.18481e-05 6.21443e-07  -9.54013e-06 -4.61959e-05 4.75961e-07  2.85118e-07 3.53679e-07 4.13461e-08  -3.11558e-06 -2.55438e-05 3.67376e-07  -3.90927e-06 -3.29259e-05 4.40211e-07  -8.38728e-07 -1.64161e-06 -6.7711e-09  -9.82662e-07 -1.1873e-06 4.55702e-11  1.72808e-07 5.41701e-07 1.06251e-09  -6.76181e-08 1.25661e-06 2.10388e-08  0.000144405 -1.23342e-05 7.48583e-07  -4.07602e-05 -2.59306e-05 4.40194e-07  -5.59941e-07 8.36559e-07 -9.30176e-09  -7.37611e-05 -2.72459e-05 6.26302e-07  -6.58701e-05 -4.32403e-05 6.39458e-07  1.04646e-05 -1.15519e-05 2.29187e-07  1.32774e-06 -5.24353e-07 7.48481e-09  -1.18351e-05 -3.78024e-05 4.06491e-07  -1.62333e-05 -3.11605e-05 4.48567e-07  -0.000658172 1.38338e-05 1.62586e-05  -6.1377e-06 3.94474e-06 2.10159e-07  -1.36901e-06 -1.25323e-06 7.96838e-08  4.58129e-07 -2.50013e-07 4.06318e-08  6.20654e-07 -1.08829e-05 2.13596e-07  -3.84034e-06 3.89731e-06 1.72065e-07  0.000206963 0.000481087 2.76239e-06  1.68881e-05 -5.19116e-07 3.37722e-07  -0.000237699 5.69023e-05 1.82184e-06  2.16771e-05 4.19081e-05 3.69787e-07  5.71962e-05 6.99687e-06 6.32503e-07  -0.00131257 0.000370272 1.59184e-05  5.83697e-05 1.20836e-05 5.78094e-07  -1.8169e-07 1.11994e-06 1.04514e-08  4.49909e-07 -1.84275e-06 1.55451e-08  -4.47664e-07 6.41342e-07 1.03356e-08  -1.58926e-06 3.4972e-07 1.48617e-08  2.23102e-05 4.84395e-06 4.09083e-07  0.0020845 -0.000356195 2.96759e-05  -9.59299e-05 2.96808e-06 6.77384e-07  2.76721e-06 -1.76808e-05 2.87337e-07  0.00180003 -0.00171509 -8.22156e-05  -2.89438e-07 2.62762e-07 6.30054e-08  -5.56248e-07 -2.19235e-06 8.26554e-08  1.43839e-06 -7.07377e-08 4.59117e-09  4.53012e-07 9.19878e-07 -8.3484e-09  0.000226421 0.000158077 1.82551e-06  0.000262949 0.00010788 1.5593e-06  -5.65369e-05 -6.75007e-05 5.81809e-07  -4.36825e-05 -4.52552e-05 4.30412e-07  1.40846e-06 1.07917e-06 5.34671e-08  -4.25495e-07 -8.40943e-07 1.43253e-08  -1.19359e-06 -2.44283e-07 5.18168e-09  -1.76074e-06 -6.02528e-07 4.62059e-09  2.01246e-05 -1.03973e-05 3.08643e-07  1.10914e-05 -7.69116e-06 1.533e-07  1.09311e-05 -7.57448e-06 2.0009e-07  -3.34837e-05 1.0055e-06 5.17393e-07  0.000202578 -0.000238598 1.41591e-06  0.00140881 -0.000755666 5.83977e-06  -4.01182e-05 -1.28455e-06 7.22688e-07  -1.77674e-06 -6.80131e-07 8.96619e-09  -0.000301137 0.00117274 4.92146e-05  1.0548e-05 6.57635e-06 2.44813e-07  -8.3095e-06 -3.93941e-06 2.10361e-07  -2.42569e-05 -1.93169e-06 3.36128e-07  1.38701e-05 6.42302e-06 1.94369e-07  -6.00237e-05 -8.39807e-06 5.01846e-07  -1.97136e-08 -7.45368e-07 2.91377e-08  -0.000503972 -0.000331635 1.18374e-05  -0.000382777 -0.000708562 1.51876e-05  -5.84489e-07 2.36313e-07 9.39847e-08  1.63948e-05 1.42314e-06 2.36051e-07  0.00163545 0.00137577 4.97994e-05  -4.26694e-06 2.02302e-07 1.82777e-07  1.83406e-07 8.46367e-07 1.84552e-08  -9.40229e-05 0.000352275 1.24264e-06  1.48842e-06 1.68342e-06 7.28164e-08  2.68953e-06 1.60963e-06 1.26802e-07  7.07321e-05 -2.92251e-05 4.86697e-07  0.000271108 7.23967e-06 2.05229e-06  0.00046709 6.03558e-05 2.58463e-06  0.000537579 0.000195086 4.59328e-06  1.31232e-07 -2.70063e-07 5.81876e-08  0.000714836 -0.00135005 -3.22868e-06  0.00067777 -0.0015443 5.08556e-05  -7.17533e-06 3.00065e-05 2.94532e-07  -0.000103594 -5.79679e-05 1.02526e-06  -1.83137e-06 1.13142e-06 8.66837e-08  -4.94354e-06 2.01209e-06 1.79023e-07  -3.57137e-06 4.30077e-05 4.96018e-07  -0.000161833 0.000272292 2.7282e-06  -0.000323878 -0.000442591 4.61336e-06  1.09187e-07 -1.2982e-07 4.27243e-08  6.52509e-07 1.0943e-06 -5.84637e-09  3.42559e-05 -0.000122373 7.23125e-07  1.18169e-06 -1.16885e-06 8.07209e-08  8.31065e-07 -1.32476e-06 9.44212e-08  -2.32558e-05 9.41031e-06 3.80753e-07  0.00128792 2.02387e-06 2.97705e-05  0.00060232 -0.000158125 8.55696e-06  -9.29849e-07 -1.36513e-07 9.76597e-09  2.01113e-06 -4.71685e-06 1.67565e-07  9.36499e-07 9.37188e-07 2.14436e-08  -0.000184742 -0.00169371 4.70647e-05  6.33563e-07 -3.51514e-07 8.91008e-09  0.000170659 -0.000290869 1.80741e-06  -0.000775407 -0.00132649 5.03931e-05  -1.86528e-05 -1.10149e-05 3.35405e-07  -1.05573e-05 -6.69516e-06 2.15674e-07  6.18889e-07 -5.29016e-07 -6.33744e-09  5.43059e-05 -1.47223e-06 3.70229e-07  4.19032e-05 -7.30359e-06 5.95481e-07  -1.54446e-06 2.46909e-06 1.07312e-07  -2.31989e-05 2.3451e-05 4.40843e-07  7.26102e-07 -1.1108e-06 -1.41228e-08  4.01087e-05 -2.14808e-05 3.23067e-07  7.31446e-06 3.62638e-05 4.40759e-07  -0.00139713 -0.000970076 -3.01936e-05  5.71955e-09 -1.90033e-08 4.03271e-08  -5.88665e-05 -8.27267e-06 6.06026e-07  3.23811e-06 -8.92764e-07 1.29424e-07  2.24494e-05 2.24441e-05 4.64331e-07  -4.1728e-05 6.95542e-05 6.78665e-07  -1.99951e-05 7.60635e-05 6.06609e-07  2.76954e-05 -9.93178e-05 5.71928e-07  0.000146164 -0.000145127 2.06671e-06  0.000558222 -0.000415528 1.95347e-05  -1.75973e-07 1.4555e-06 8.21694e-09  2.73782e-06 -3.45324e-06 1.38567e-07  0.000109869 -0.000294104 1.73771e-06  3.53063e-07 1.01094e-06 -6.49266e-09  2.39494e-05 2.70091e-05 4.179e-07  -3.7048e-06 -1.01255e-05 3.03323e-07  -7.88211e-07 1.5469e-07 6.70476e-08  3.79019e-06 -1.18945e-05 2.2432e-07  -3.01775e-05 8.60903e-05 6.66399e-07  -1.06202e-05 9.79286e-05 7.19423e-07  -6.86094e-06 -1.7958e-05 3.07614e-07  -5.4073e-08 -1.42544e-08 6.14008e-08  1.71314e-05 -4.59615e-05 5.46733e-07  -0.000515184 -0.000155176 -4.11525e-06  -5.02612e-05 2.81571e-05 5.39703e-07  -4.4467e-07 9.02509e-07 5.21886e-09  -1.10579e-06 4.16985e-06 1.84134e-07  -1.98727e-07 7.00134e-07 9.3492e-08  4.07872e-05 -5.27411e-05 6.44717e-07  4.78745e-07 1.18944e-06 2.38692e-08  1.20444e-07 9.09908e-07 -8.80308e-09  2.75248e-08 1.26095e-06 7.49016e-10  9.53947e-06 4.49798e-05 3.8677e-07  1.28706e-06 2.38022e-06 8.32033e-08  4.32105e-07 2.05081e-06 8.01734e-08  -1.87163e-06 3.30681e-07 3.37696e-08  1.0433e-06 -8.86654e-07 -1.35969e-08  0.000619447 0.00013166 1.1726e-05  0.000668491 -0.000241713 8.53028e-06  4.00177e-07 -1.06257e-07 1.46538e-08  1.01956e-07 -1.59401e-08 4.52968e-08  6.39728e-07 -3.25349e-08 2.6913e-08  7.56005e-07 -6.82209e-07 1.21922e-08  0.000630768 0.000321705 1.99879e-05  2.1868e-06 -5.01704e-05 3.44286e-07  -1.7368e-06 -0.000822774 1.03047e-05  1.47448e-05 -3.05261e-06 2.79719e-07  7.45335e-05 1.636e-05 6.31876e-07  6.93774e-05 -0.00011477 8.37384e-07  -0.000123875 -0.000149219 1.4685e-06  9.87377e-08 3.58868e-07 9.9035e-09  1.3427e-06 3.4548e-07 3.56003e-09  -6.43578e-05 7.02976e-05 7.6629e-07  -1.66907e-06 1.50627e-06 1.11524e-07  3.35362e-05 4.39176e-05 5.6394e-07  9.14629e-07 -2.54877e-06 1.22964e-07  -1.67649e-07 -9.62856e-07 7.74338e-08  3.83594e-05 -1.57615e-05 4.78427e-07  1.29767e-06 9.06026e-07 2.50281e-08  -2.20743e-05 -1.4543e-05 3.39225e-07  4.91515e-05 -0.000315812 1.30051e-06  -0.00031628 0.000259691 3.81593e-06  -9.42477e-07 8.66678e-07 -4.94441e-09  5.35878e-05 2.48188e-05 5.42227e-07  3.69684e-06 9.23525e-05 6.58509e-07  6.94464e-07 1.37189e-06 -1.38323e-08  -4.20904e-05 -7.33462e-06 5.34281e-07  -1.3772e-07 -6.62157e-07 4.72542e-08  -5.53327e-06 -9.10708e-06 2.35586e-07  -2.54416e-05 -3.7905e-05 6.28462e-07  1.11656e-06 3.39947e-06 8.0931e-08  -1.86494e-05 6.64639e-06 2.87851e-07  -1.99671e-05 1.12889e-05 3.17414e-07  7.4853e-05 0.000302262 1.40494e-06  1.1255e-06 4.20144e-07 2.38863e-08  6.37616e-07 -4.21469e-07 1.23843e-08  -9.80798e-07 -1.64033e-06 7.82919e-09  -1.48851e-06 -1.20939e-06 1.09223e-08  9.90134e-07 -4.3011e-07 2.03126e-08  4.65318e-05 1.9154e-05 3.66017e-07  1.48562e-05 -2.78405e-05 4.23487e-07  1.98125e-05 -2.14674e-05 3.60286e-07  1.19537e-06 6.62588e-07 -1.68705e-08  0.000371373 -0.000283098 5.29943e-06  -1.11132e-06 5.75132e-07 1.95144e-09  2.26339e-06 -2.28946e-05 3.00505e-07  5.12627e-07 -1.28483e-06 2.93326e-08  3.51956e-08 2.00629e-06 1.3837e-07  2.02412e-05 -6.28362e-07 3.26818e-07  -0.0014449 0.00129653 6.53124e-05  -1.32594e-06 3.87989e-07 5.33541e-08  -1.22478e-06 6.90867e-07 1.49363e-08  -6.37301e-05 6.6548e-06 4.63746e-07  -2.96366e-05 -8.06202e-05 6.87458e-07  6.23723e-05 -2.42996e-05 5.07009e-07  -7.47686e-07 -1.29709e-06 7.28373e-08  5.97677e-05 -1.22614e-05 4.6536e-07  4.7785e-07 4.54097e-08 3.02449e-08  2.29552e-07 4.90307e-08 5.79094e-08  -7.98031e-07 -2.27236e-08 2.11878e-09  -4.36187e-07 -6.04239e-08 7.2874e-08  1.48307e-05 1.48326e-05 2.62775e-07  2.2581e-07 1.07892e-06 1.69909e-08  -1.61674e-07 -6.83892e-07 -2.564e-09  0.000481363 -0.000223908 1.28585e-05  2.42067e-05 -6.0013e-05 4.96556e-07  -3.58499e-07 -1.06704e-06 7.42811e-09  -2.26576e-05 -0.000275829 1.2343e-06  -1.91086e-05 -2.05076e-07 4.96864e-07  -1.63511e-05 1.93376e-05 4.34667e-07  4.56237e-06 3.49259e-05 5.02329e-07  -2.80483e-07 -1.06734e-06 6.38846e-09  0.000424857 -6.09832e-05 8.91851e-06  0.000420606 -5.3997e-05 4.06031e-06  2.22796e-05 -2.78135e-05 4.30464e-07  0.00123084 -0.000366648 -3.55143e-05  0.000152329 -0.000323123 1.14225e-05  9.97392e-06 -1.07034e-05 3.21856e-07  -4.01323e-05 3.63546e-05 4.43e-07  3.88517e-05 2.98676e-05 4.85732e-07  -1.29085e-06 5.98288e-08 3.2452e-09  5.69255e-06 -2.04191e-05 3.20417e-07  -4.38413e-05 -2.33426e-05 5.82806e-07  -2.06093e-05 1.37026e-05 4.1115e-07  -5.95235e-07 1.71577e-06 1.9448e-08  -1.04174e-05 -2.77908e-06 2.23109e-07  -1.81756e-07 -3.94349e-07 2.96373e-08  -5.26357e-06 5.5487e-07 1.42203e-07  2.52613e-05 -0.000268618 1.21721e-06  3.37072e-06 5.49829e-06 1.14255e-07  2.68284e-05 -5.0697e-05 5.39115e-07  0.000229882 3.37068e-05 1.22853e-06  9.52237e-08 -6.57364e-07 5.98208e-08  7.22769e-06 -1.34554e-05 2.75816e-07  -3.21465e-05 2.75777e-05 4.27324e-07  9.56562e-07 6.82512e-08 -8.2491e-09  8.08313e-06 -6.02063e-05 6.15214e-07  -9.23004e-06 -7.92986e-06 2.72456e-07  
            </DataArray>
         </PointData> 
      </Piece>
   </UnstructuredGrid> 
</VTKFile>
