<?xml version="1.0"?>
<VTKFile type="UnstructuredGrid" version="0.1" byte_order="LittleEndian">
   <UnstructuredGrid>
      <Piece NumberOfPoints="2352" NumberOfCells="0" > 
         <Points> 
            <DataArray type="Float64" Name="Position" NumberOfComponents="3" format="ascii"> 
               0.005  0  0.001  
               0.005  0  0.002  
               0.005  0  0.003  
               0.005  0  0.004  
               0.005  0  0.005  
               0.005  0  0.006  
               0.005  0  0.007  
               0.005  0  0.008  
               0.005  0  0.009  
               0.005  0  0.01  
               0.005  0  0.011  
               0.005  0  0.012  
               0.005  0  0.013  
               0.005  0  0.014  
               0.005  0  0.015  
               0.005  0  0.016  
               0.005  0  0.017  
               0.005  0  0.018  
               0.005  0  0.019  
               0.005  0  0.02  
               0.005  0  0.021  
               0.005  0  0.022  
               0.005  0  0.023  
               0.005  0  0.024  
               0.005  0  0.025  
               0.005  0  0.026  
               0.005  0  0.027  
               0.005  0  0.028  
               0.005  0  0.029  
               0.005  0  0.03  
               0.005  0  0.031  
               0.005  0  0.032  
               0.005  0  0.033  
               0.005  0  0.034  
               0.005  0  0.035  
               0.005  0  0.036  
               0.005  0  0.037  
               0.005  0  0.038  
               0.005  0  0.039  
               0.005  0  0.04  
               0.005  0  0.041  
               0.005  0  0.042  
               0.005  0  0.043  
               0.005  0  0.044  
               0.005  0  0.045  
               0.005  0  0.046  
               0.005  0  0.047  
               0.005  0  0.048  
               0.005  0  0.049  
               0  0.005  0.001  
               0  0.005  0.002  
               0  0.005  0.003  
               0  0.005  0.004  
               0  0.005  0.005  
               0  0.005  0.006  
               0  0.005  0.007  
               0  0.005  0.008  
               0  0.005  0.009  
               0  0.005  0.01  
               0  0.005  0.011  
               0  0.005  0.012  
               0  0.005  0.013  
               0  0.005  0.014  
               0  0.005  0.015  
               0  0.005  0.016  
               0  0.005  0.017  
               0  0.005  0.018  
               0  0.005  0.019  
               0  0.005  0.02  
               0  0.005  0.021  
               0  0.005  0.022  
               0  0.005  0.023  
               0  0.005  0.024  
               0  0.005  0.025  
               0  0.005  0.026  
               0  0.005  0.027  
               0  0.005  0.028  
               0  0.005  0.029  
               0  0.005  0.03  
               0  0.005  0.031  
               0  0.005  0.032  
               0  0.005  0.033  
               0  0.005  0.034  
               0  0.005  0.035  
               0  0.005  0.036  
               0  0.005  0.037  
               0  0.005  0.038  
               0  0.005  0.039  
               0  0.005  0.04  
               0  0.005  0.041  
               0  0.005  0.042  
               0  0.005  0.043  
               0  0.005  0.044  
               0  0.005  0.045  
               0  0.005  0.046  
               0  0.005  0.047  
               0  0.005  0.048  
               0  0.005  0.049  
               -0.005  0  0.001  
               -0.005  0  0.002  
               -0.005  0  0.003  
               -0.005  0  0.004  
               -0.005  0  0.005  
               -0.005  0  0.006  
               -0.005  0  0.007  
               -0.005  0  0.008  
               -0.005  0  0.009  
               -0.005  0  0.01  
               -0.005  0  0.011  
               -0.005  0  0.012  
               -0.005  0  0.013  
               -0.005  0  0.014  
               -0.005  0  0.015  
               -0.005  0  0.016  
               -0.005  0  0.017  
               -0.005  0  0.018  
               -0.005  0  0.019  
               -0.005  0  0.02  
               -0.005  0  0.021  
               -0.005  0  0.022  
               -0.005  0  0.023  
               -0.005  0  0.024  
               -0.005  0  0.025  
               -0.005  0  0.026  
               -0.005  0  0.027  
               -0.005  0  0.028  
               -0.005  0  0.029  
               -0.005  0  0.03  
               -0.005  0  0.031  
               -0.005  0  0.032  
               -0.005  0  0.033  
               -0.005  0  0.034  
               -0.005  0  0.035  
               -0.005  0  0.036  
               -0.005  0  0.037  
               -0.005  0  0.038  
               -0.005  0  0.039  
               -0.005  0  0.04  
               -0.005  0  0.041  
               -0.005  0  0.042  
               -0.005  0  0.043  
               -0.005  0  0.044  
               -0.005  0  0.045  
               -0.005  0  0.046  
               -0.005  0  0.047  
               -0.005  0  0.048  
               -0.005  0  0.049  
               0  -0.005  0.001  
               0  -0.005  0.002  
               0  -0.005  0.003  
               0  -0.005  0.004  
               0  -0.005  0.005  
               0  -0.005  0.006  
               0  -0.005  0.007  
               0  -0.005  0.008  
               0  -0.005  0.009  
               0  -0.005  0.01  
               0  -0.005  0.011  
               0  -0.005  0.012  
               0  -0.005  0.013  
               0  -0.005  0.014  
               0  -0.005  0.015  
               0  -0.005  0.016  
               0  -0.005  0.017  
               0  -0.005  0.018  
               0  -0.005  0.019  
               0  -0.005  0.02  
               0  -0.005  0.021  
               0  -0.005  0.022  
               0  -0.005  0.023  
               0  -0.005  0.024  
               0  -0.005  0.025  
               0  -0.005  0.026  
               0  -0.005  0.027  
               0  -0.005  0.028  
               0  -0.005  0.029  
               0  -0.005  0.03  
               0  -0.005  0.031  
               0  -0.005  0.032  
               0  -0.005  0.033  
               0  -0.005  0.034  
               0  -0.005  0.035  
               0  -0.005  0.036  
               0  -0.005  0.037  
               0  -0.005  0.038  
               0  -0.005  0.039  
               0  -0.005  0.04  
               0  -0.005  0.041  
               0  -0.005  0.042  
               0  -0.005  0.043  
               0  -0.005  0.044  
               0  -0.005  0.045  
               0  -0.005  0.046  
               0  -0.005  0.047  
               0  -0.005  0.048  
               0  -0.005  0.049  
               0.00495722  0.000652631  0.001  
               0.00495722  0.000652631  0.002  
               0.00495722  0.000652631  0.003  
               0.00495722  0.000652631  0.004  
               0.00495722  0.000652631  0.005  
               0.00495722  0.000652631  0.006  
               0.00495722  0.000652631  0.007  
               0.00495722  0.000652631  0.008  
               0.00495722  0.000652631  0.009  
               0.00495722  0.000652631  0.01  
               0.00495722  0.000652631  0.011  
               0.00495722  0.000652631  0.012  
               0.00495722  0.000652631  0.013  
               0.00495722  0.000652631  0.014  
               0.00495722  0.000652631  0.015  
               0.00495722  0.000652631  0.016  
               0.00495722  0.000652631  0.017  
               0.00495722  0.000652631  0.018  
               0.00495722  0.000652631  0.019  
               0.00495722  0.000652631  0.02  
               0.00495722  0.000652631  0.021  
               0.00495722  0.000652631  0.022  
               0.00495722  0.000652631  0.023  
               0.00495722  0.000652631  0.024  
               0.00495722  0.000652631  0.025  
               0.00495722  0.000652631  0.026  
               0.00495722  0.000652631  0.027  
               0.00495722  0.000652631  0.028  
               0.00495722  0.000652631  0.029  
               0.00495722  0.000652631  0.03  
               0.00495722  0.000652631  0.031  
               0.00495722  0.000652631  0.032  
               0.00495722  0.000652631  0.033  
               0.00495722  0.000652631  0.034  
               0.00495722  0.000652631  0.035  
               0.00495722  0.000652631  0.036  
               0.00495722  0.000652631  0.037  
               0.00495722  0.000652631  0.038  
               0.00495722  0.000652631  0.039  
               0.00495722  0.000652631  0.04  
               0.00495722  0.000652631  0.041  
               0.00495722  0.000652631  0.042  
               0.00495722  0.000652631  0.043  
               0.00495722  0.000652631  0.044  
               0.00495722  0.000652631  0.045  
               0.00495722  0.000652631  0.046  
               0.00495722  0.000652631  0.047  
               0.00495722  0.000652631  0.048  
               0.00495722  0.000652631  0.049  
               0.00482963  0.0012941  0.001  
               0.00482963  0.0012941  0.002  
               0.00482963  0.0012941  0.003  
               0.00482963  0.0012941  0.004  
               0.00482963  0.0012941  0.005  
               0.00482963  0.0012941  0.006  
               0.00482963  0.0012941  0.007  
               0.00482963  0.0012941  0.008  
               0.00482963  0.0012941  0.009  
               0.00482963  0.0012941  0.01  
               0.00482963  0.0012941  0.011  
               0.00482963  0.0012941  0.012  
               0.00482963  0.0012941  0.013  
               0.00482963  0.0012941  0.014  
               0.00482963  0.0012941  0.015  
               0.00482963  0.0012941  0.016  
               0.00482963  0.0012941  0.017  
               0.00482963  0.0012941  0.018  
               0.00482963  0.0012941  0.019  
               0.00482963  0.0012941  0.02  
               0.00482963  0.0012941  0.021  
               0.00482963  0.0012941  0.022  
               0.00482963  0.0012941  0.023  
               0.00482963  0.0012941  0.024  
               0.00482963  0.0012941  0.025  
               0.00482963  0.0012941  0.026  
               0.00482963  0.0012941  0.027  
               0.00482963  0.0012941  0.028  
               0.00482963  0.0012941  0.029  
               0.00482963  0.0012941  0.03  
               0.00482963  0.0012941  0.031  
               0.00482963  0.0012941  0.032  
               0.00482963  0.0012941  0.033  
               0.00482963  0.0012941  0.034  
               0.00482963  0.0012941  0.035  
               0.00482963  0.0012941  0.036  
               0.00482963  0.0012941  0.037  
               0.00482963  0.0012941  0.038  
               0.00482963  0.0012941  0.039  
               0.00482963  0.0012941  0.04  
               0.00482963  0.0012941  0.041  
               0.00482963  0.0012941  0.042  
               0.00482963  0.0012941  0.043  
               0.00482963  0.0012941  0.044  
               0.00482963  0.0012941  0.045  
               0.00482963  0.0012941  0.046  
               0.00482963  0.0012941  0.047  
               0.00482963  0.0012941  0.048  
               0.00482963  0.0012941  0.049  
               0.0046194  0.00191342  0.001  
               0.0046194  0.00191342  0.002  
               0.0046194  0.00191342  0.003  
               0.0046194  0.00191342  0.004  
               0.0046194  0.00191342  0.005  
               0.0046194  0.00191342  0.006  
               0.0046194  0.00191342  0.007  
               0.0046194  0.00191342  0.008  
               0.0046194  0.00191342  0.009  
               0.0046194  0.00191342  0.01  
               0.0046194  0.00191342  0.011  
               0.0046194  0.00191342  0.012  
               0.0046194  0.00191342  0.013  
               0.0046194  0.00191342  0.014  
               0.0046194  0.00191342  0.015  
               0.0046194  0.00191342  0.016  
               0.0046194  0.00191342  0.017  
               0.0046194  0.00191342  0.018  
               0.0046194  0.00191342  0.019  
               0.0046194  0.00191342  0.02  
               0.0046194  0.00191342  0.021  
               0.0046194  0.00191342  0.022  
               0.0046194  0.00191342  0.023  
               0.0046194  0.00191342  0.024  
               0.0046194  0.00191342  0.025  
               0.0046194  0.00191342  0.026  
               0.0046194  0.00191342  0.027  
               0.0046194  0.00191342  0.028  
               0.0046194  0.00191342  0.029  
               0.0046194  0.00191342  0.03  
               0.0046194  0.00191342  0.031  
               0.0046194  0.00191342  0.032  
               0.0046194  0.00191342  0.033  
               0.0046194  0.00191342  0.034  
               0.0046194  0.00191342  0.035  
               0.0046194  0.00191342  0.036  
               0.0046194  0.00191342  0.037  
               0.0046194  0.00191342  0.038  
               0.0046194  0.00191342  0.039  
               0.0046194  0.00191342  0.04  
               0.0046194  0.00191342  0.041  
               0.0046194  0.00191342  0.042  
               0.0046194  0.00191342  0.043  
               0.0046194  0.00191342  0.044  
               0.0046194  0.00191342  0.045  
               0.0046194  0.00191342  0.046  
               0.0046194  0.00191342  0.047  
               0.0046194  0.00191342  0.048  
               0.0046194  0.00191342  0.049  
               0.00433013  0.0025  0.001  
               0.00433013  0.0025  0.002  
               0.00433013  0.0025  0.003  
               0.00433013  0.0025  0.004  
               0.00433013  0.0025  0.005  
               0.00433013  0.0025  0.006  
               0.00433013  0.0025  0.007  
               0.00433013  0.0025  0.008  
               0.00433013  0.0025  0.009  
               0.00433013  0.0025  0.01  
               0.00433013  0.0025  0.011  
               0.00433013  0.0025  0.012  
               0.00433013  0.0025  0.013  
               0.00433013  0.0025  0.014  
               0.00433013  0.0025  0.015  
               0.00433013  0.0025  0.016  
               0.00433013  0.0025  0.017  
               0.00433013  0.0025  0.018  
               0.00433013  0.0025  0.019  
               0.00433013  0.0025  0.02  
               0.00433013  0.0025  0.021  
               0.00433013  0.0025  0.022  
               0.00433013  0.0025  0.023  
               0.00433013  0.0025  0.024  
               0.00433013  0.0025  0.025  
               0.00433013  0.0025  0.026  
               0.00433013  0.0025  0.027  
               0.00433013  0.0025  0.028  
               0.00433013  0.0025  0.029  
               0.00433013  0.0025  0.03  
               0.00433013  0.0025  0.031  
               0.00433013  0.0025  0.032  
               0.00433013  0.0025  0.033  
               0.00433013  0.0025  0.034  
               0.00433013  0.0025  0.035  
               0.00433013  0.0025  0.036  
               0.00433013  0.0025  0.037  
               0.00433013  0.0025  0.038  
               0.00433013  0.0025  0.039  
               0.00433013  0.0025  0.04  
               0.00433013  0.0025  0.041  
               0.00433013  0.0025  0.042  
               0.00433013  0.0025  0.043  
               0.00433013  0.0025  0.044  
               0.00433013  0.0025  0.045  
               0.00433013  0.0025  0.046  
               0.00433013  0.0025  0.047  
               0.00433013  0.0025  0.048  
               0.00433013  0.0025  0.049  
               0.00396677  0.00304381  0.001  
               0.00396677  0.00304381  0.002  
               0.00396677  0.00304381  0.003  
               0.00396677  0.00304381  0.004  
               0.00396677  0.00304381  0.005  
               0.00396677  0.00304381  0.006  
               0.00396677  0.00304381  0.007  
               0.00396677  0.00304381  0.008  
               0.00396677  0.00304381  0.009  
               0.00396677  0.00304381  0.01  
               0.00396677  0.00304381  0.011  
               0.00396677  0.00304381  0.012  
               0.00396677  0.00304381  0.013  
               0.00396677  0.00304381  0.014  
               0.00396677  0.00304381  0.015  
               0.00396677  0.00304381  0.016  
               0.00396677  0.00304381  0.017  
               0.00396677  0.00304381  0.018  
               0.00396677  0.00304381  0.019  
               0.00396677  0.00304381  0.02  
               0.00396677  0.00304381  0.021  
               0.00396677  0.00304381  0.022  
               0.00396677  0.00304381  0.023  
               0.00396677  0.00304381  0.024  
               0.00396677  0.00304381  0.025  
               0.00396677  0.00304381  0.026  
               0.00396677  0.00304381  0.027  
               0.00396677  0.00304381  0.028  
               0.00396677  0.00304381  0.029  
               0.00396677  0.00304381  0.03  
               0.00396677  0.00304381  0.031  
               0.00396677  0.00304381  0.032  
               0.00396677  0.00304381  0.033  
               0.00396677  0.00304381  0.034  
               0.00396677  0.00304381  0.035  
               0.00396677  0.00304381  0.036  
               0.00396677  0.00304381  0.037  
               0.00396677  0.00304381  0.038  
               0.00396677  0.00304381  0.039  
               0.00396677  0.00304381  0.04  
               0.00396677  0.00304381  0.041  
               0.00396677  0.00304381  0.042  
               0.00396677  0.00304381  0.043  
               0.00396677  0.00304381  0.044  
               0.00396677  0.00304381  0.045  
               0.00396677  0.00304381  0.046  
               0.00396677  0.00304381  0.047  
               0.00396677  0.00304381  0.048  
               0.00396677  0.00304381  0.049  
               0.00353553  0.00353553  0.001  
               0.00353553  0.00353553  0.002  
               0.00353553  0.00353553  0.003  
               0.00353553  0.00353553  0.004  
               0.00353553  0.00353553  0.005  
               0.00353553  0.00353553  0.006  
               0.00353553  0.00353553  0.007  
               0.00353553  0.00353553  0.008  
               0.00353553  0.00353553  0.009  
               0.00353553  0.00353553  0.01  
               0.00353553  0.00353553  0.011  
               0.00353553  0.00353553  0.012  
               0.00353553  0.00353553  0.013  
               0.00353553  0.00353553  0.014  
               0.00353553  0.00353553  0.015  
               0.00353553  0.00353553  0.016  
               0.00353553  0.00353553  0.017  
               0.00353553  0.00353553  0.018  
               0.00353553  0.00353553  0.019  
               0.00353553  0.00353553  0.02  
               0.00353553  0.00353553  0.021  
               0.00353553  0.00353553  0.022  
               0.00353553  0.00353553  0.023  
               0.00353553  0.00353553  0.024  
               0.00353553  0.00353553  0.025  
               0.00353553  0.00353553  0.026  
               0.00353553  0.00353553  0.027  
               0.00353553  0.00353553  0.028  
               0.00353553  0.00353553  0.029  
               0.00353553  0.00353553  0.03  
               0.00353553  0.00353553  0.031  
               0.00353553  0.00353553  0.032  
               0.00353553  0.00353553  0.033  
               0.00353553  0.00353553  0.034  
               0.00353553  0.00353553  0.035  
               0.00353553  0.00353553  0.036  
               0.00353553  0.00353553  0.037  
               0.00353553  0.00353553  0.038  
               0.00353553  0.00353553  0.039  
               0.00353553  0.00353553  0.04  
               0.00353553  0.00353553  0.041  
               0.00353553  0.00353553  0.042  
               0.00353553  0.00353553  0.043  
               0.00353553  0.00353553  0.044  
               0.00353553  0.00353553  0.045  
               0.00353553  0.00353553  0.046  
               0.00353553  0.00353553  0.047  
               0.00353553  0.00353553  0.048  
               0.00353553  0.00353553  0.049  
               0.00304381  0.00396677  0.001  
               0.00304381  0.00396677  0.002  
               0.00304381  0.00396677  0.003  
               0.00304381  0.00396677  0.004  
               0.00304381  0.00396677  0.005  
               0.00304381  0.00396677  0.006  
               0.00304381  0.00396677  0.007  
               0.00304381  0.00396677  0.008  
               0.00304381  0.00396677  0.009  
               0.00304381  0.00396677  0.01  
               0.00304381  0.00396677  0.011  
               0.00304381  0.00396677  0.012  
               0.00304381  0.00396677  0.013  
               0.00304381  0.00396677  0.014  
               0.00304381  0.00396677  0.015  
               0.00304381  0.00396677  0.016  
               0.00304381  0.00396677  0.017  
               0.00304381  0.00396677  0.018  
               0.00304381  0.00396677  0.019  
               0.00304381  0.00396677  0.02  
               0.00304381  0.00396677  0.021  
               0.00304381  0.00396677  0.022  
               0.00304381  0.00396677  0.023  
               0.00304381  0.00396677  0.024  
               0.00304381  0.00396677  0.025  
               0.00304381  0.00396677  0.026  
               0.00304381  0.00396677  0.027  
               0.00304381  0.00396677  0.028  
               0.00304381  0.00396677  0.029  
               0.00304381  0.00396677  0.03  
               0.00304381  0.00396677  0.031  
               0.00304381  0.00396677  0.032  
               0.00304381  0.00396677  0.033  
               0.00304381  0.00396677  0.034  
               0.00304381  0.00396677  0.035  
               0.00304381  0.00396677  0.036  
               0.00304381  0.00396677  0.037  
               0.00304381  0.00396677  0.038  
               0.00304381  0.00396677  0.039  
               0.00304381  0.00396677  0.04  
               0.00304381  0.00396677  0.041  
               0.00304381  0.00396677  0.042  
               0.00304381  0.00396677  0.043  
               0.00304381  0.00396677  0.044  
               0.00304381  0.00396677  0.045  
               0.00304381  0.00396677  0.046  
               0.00304381  0.00396677  0.047  
               0.00304381  0.00396677  0.048  
               0.00304381  0.00396677  0.049  
               0.0025  0.00433013  0.001  
               0.0025  0.00433013  0.002  
               0.0025  0.00433013  0.003  
               0.0025  0.00433013  0.004  
               0.0025  0.00433013  0.005  
               0.0025  0.00433013  0.006  
               0.0025  0.00433013  0.007  
               0.0025  0.00433013  0.008  
               0.0025  0.00433013  0.009  
               0.0025  0.00433013  0.01  
               0.0025  0.00433013  0.011  
               0.0025  0.00433013  0.012  
               0.0025  0.00433013  0.013  
               0.0025  0.00433013  0.014  
               0.0025  0.00433013  0.015  
               0.0025  0.00433013  0.016  
               0.0025  0.00433013  0.017  
               0.0025  0.00433013  0.018  
               0.0025  0.00433013  0.019  
               0.0025  0.00433013  0.02  
               0.0025  0.00433013  0.021  
               0.0025  0.00433013  0.022  
               0.0025  0.00433013  0.023  
               0.0025  0.00433013  0.024  
               0.0025  0.00433013  0.025  
               0.0025  0.00433013  0.026  
               0.0025  0.00433013  0.027  
               0.0025  0.00433013  0.028  
               0.0025  0.00433013  0.029  
               0.0025  0.00433013  0.03  
               0.0025  0.00433013  0.031  
               0.0025  0.00433013  0.032  
               0.0025  0.00433013  0.033  
               0.0025  0.00433013  0.034  
               0.0025  0.00433013  0.035  
               0.0025  0.00433013  0.036  
               0.0025  0.00433013  0.037  
               0.0025  0.00433013  0.038  
               0.0025  0.00433013  0.039  
               0.0025  0.00433013  0.04  
               0.0025  0.00433013  0.041  
               0.0025  0.00433013  0.042  
               0.0025  0.00433013  0.043  
               0.0025  0.00433013  0.044  
               0.0025  0.00433013  0.045  
               0.0025  0.00433013  0.046  
               0.0025  0.00433013  0.047  
               0.0025  0.00433013  0.048  
               0.0025  0.00433013  0.049  
               0.00191342  0.0046194  0.001  
               0.00191342  0.0046194  0.002  
               0.00191342  0.0046194  0.003  
               0.00191342  0.0046194  0.004  
               0.00191342  0.0046194  0.005  
               0.00191342  0.0046194  0.006  
               0.00191342  0.0046194  0.007  
               0.00191342  0.0046194  0.008  
               0.00191342  0.0046194  0.009  
               0.00191342  0.0046194  0.01  
               0.00191342  0.0046194  0.011  
               0.00191342  0.0046194  0.012  
               0.00191342  0.0046194  0.013  
               0.00191342  0.0046194  0.014  
               0.00191342  0.0046194  0.015  
               0.00191342  0.0046194  0.016  
               0.00191342  0.0046194  0.017  
               0.00191342  0.0046194  0.018  
               0.00191342  0.0046194  0.019  
               0.00191342  0.0046194  0.02  
               0.00191342  0.0046194  0.021  
               0.00191342  0.0046194  0.022  
               0.00191342  0.0046194  0.023  
               0.00191342  0.0046194  0.024  
               0.00191342  0.0046194  0.025  
               0.00191342  0.0046194  0.026  
               0.00191342  0.0046194  0.027  
               0.00191342  0.0046194  0.028  
               0.00191342  0.0046194  0.029  
               0.00191342  0.0046194  0.03  
               0.00191342  0.0046194  0.031  
               0.00191342  0.0046194  0.032  
               0.00191342  0.0046194  0.033  
               0.00191342  0.0046194  0.034  
               0.00191342  0.0046194  0.035  
               0.00191342  0.0046194  0.036  
               0.00191342  0.0046194  0.037  
               0.00191342  0.0046194  0.038  
               0.00191342  0.0046194  0.039  
               0.00191342  0.0046194  0.04  
               0.00191342  0.0046194  0.041  
               0.00191342  0.0046194  0.042  
               0.00191342  0.0046194  0.043  
               0.00191342  0.0046194  0.044  
               0.00191342  0.0046194  0.045  
               0.00191342  0.0046194  0.046  
               0.00191342  0.0046194  0.047  
               0.00191342  0.0046194  0.048  
               0.00191342  0.0046194  0.049  
               0.0012941  0.00482963  0.001  
               0.0012941  0.00482963  0.002  
               0.0012941  0.00482963  0.003  
               0.0012941  0.00482963  0.004  
               0.0012941  0.00482963  0.005  
               0.0012941  0.00482963  0.006  
               0.0012941  0.00482963  0.007  
               0.0012941  0.00482963  0.008  
               0.0012941  0.00482963  0.009  
               0.0012941  0.00482963  0.01  
               0.0012941  0.00482963  0.011  
               0.0012941  0.00482963  0.012  
               0.0012941  0.00482963  0.013  
               0.0012941  0.00482963  0.014  
               0.0012941  0.00482963  0.015  
               0.0012941  0.00482963  0.016  
               0.0012941  0.00482963  0.017  
               0.0012941  0.00482963  0.018  
               0.0012941  0.00482963  0.019  
               0.0012941  0.00482963  0.02  
               0.0012941  0.00482963  0.021  
               0.0012941  0.00482963  0.022  
               0.0012941  0.00482963  0.023  
               0.0012941  0.00482963  0.024  
               0.0012941  0.00482963  0.025  
               0.0012941  0.00482963  0.026  
               0.0012941  0.00482963  0.027  
               0.0012941  0.00482963  0.028  
               0.0012941  0.00482963  0.029  
               0.0012941  0.00482963  0.03  
               0.0012941  0.00482963  0.031  
               0.0012941  0.00482963  0.032  
               0.0012941  0.00482963  0.033  
               0.0012941  0.00482963  0.034  
               0.0012941  0.00482963  0.035  
               0.0012941  0.00482963  0.036  
               0.0012941  0.00482963  0.037  
               0.0012941  0.00482963  0.038  
               0.0012941  0.00482963  0.039  
               0.0012941  0.00482963  0.04  
               0.0012941  0.00482963  0.041  
               0.0012941  0.00482963  0.042  
               0.0012941  0.00482963  0.043  
               0.0012941  0.00482963  0.044  
               0.0012941  0.00482963  0.045  
               0.0012941  0.00482963  0.046  
               0.0012941  0.00482963  0.047  
               0.0012941  0.00482963  0.048  
               0.0012941  0.00482963  0.049  
               0.000652631  0.00495722  0.001  
               0.000652631  0.00495722  0.002  
               0.000652631  0.00495722  0.003  
               0.000652631  0.00495722  0.004  
               0.000652631  0.00495722  0.005  
               0.000652631  0.00495722  0.006  
               0.000652631  0.00495722  0.007  
               0.000652631  0.00495722  0.008  
               0.000652631  0.00495722  0.009  
               0.000652631  0.00495722  0.01  
               0.000652631  0.00495722  0.011  
               0.000652631  0.00495722  0.012  
               0.000652631  0.00495722  0.013  
               0.000652631  0.00495722  0.014  
               0.000652631  0.00495722  0.015  
               0.000652631  0.00495722  0.016  
               0.000652631  0.00495722  0.017  
               0.000652631  0.00495722  0.018  
               0.000652631  0.00495722  0.019  
               0.000652631  0.00495722  0.02  
               0.000652631  0.00495722  0.021  
               0.000652631  0.00495722  0.022  
               0.000652631  0.00495722  0.023  
               0.000652631  0.00495722  0.024  
               0.000652631  0.00495722  0.025  
               0.000652631  0.00495722  0.026  
               0.000652631  0.00495722  0.027  
               0.000652631  0.00495722  0.028  
               0.000652631  0.00495722  0.029  
               0.000652631  0.00495722  0.03  
               0.000652631  0.00495722  0.031  
               0.000652631  0.00495722  0.032  
               0.000652631  0.00495722  0.033  
               0.000652631  0.00495722  0.034  
               0.000652631  0.00495722  0.035  
               0.000652631  0.00495722  0.036  
               0.000652631  0.00495722  0.037  
               0.000652631  0.00495722  0.038  
               0.000652631  0.00495722  0.039  
               0.000652631  0.00495722  0.04  
               0.000652631  0.00495722  0.041  
               0.000652631  0.00495722  0.042  
               0.000652631  0.00495722  0.043  
               0.000652631  0.00495722  0.044  
               0.000652631  0.00495722  0.045  
               0.000652631  0.00495722  0.046  
               0.000652631  0.00495722  0.047  
               0.000652631  0.00495722  0.048  
               0.000652631  0.00495722  0.049  
               -0.000652631  0.00495722  0.001  
               -0.000652631  0.00495722  0.002  
               -0.000652631  0.00495722  0.003  
               -0.000652631  0.00495722  0.004  
               -0.000652631  0.00495722  0.005  
               -0.000652631  0.00495722  0.006  
               -0.000652631  0.00495722  0.007  
               -0.000652631  0.00495722  0.008  
               -0.000652631  0.00495722  0.009  
               -0.000652631  0.00495722  0.01  
               -0.000652631  0.00495722  0.011  
               -0.000652631  0.00495722  0.012  
               -0.000652631  0.00495722  0.013  
               -0.000652631  0.00495722  0.014  
               -0.000652631  0.00495722  0.015  
               -0.000652631  0.00495722  0.016  
               -0.000652631  0.00495722  0.017  
               -0.000652631  0.00495722  0.018  
               -0.000652631  0.00495722  0.019  
               -0.000652631  0.00495722  0.02  
               -0.000652631  0.00495722  0.021  
               -0.000652631  0.00495722  0.022  
               -0.000652631  0.00495722  0.023  
               -0.000652631  0.00495722  0.024  
               -0.000652631  0.00495722  0.025  
               -0.000652631  0.00495722  0.026  
               -0.000652631  0.00495722  0.027  
               -0.000652631  0.00495722  0.028  
               -0.000652631  0.00495722  0.029  
               -0.000652631  0.00495722  0.03  
               -0.000652631  0.00495722  0.031  
               -0.000652631  0.00495722  0.032  
               -0.000652631  0.00495722  0.033  
               -0.000652631  0.00495722  0.034  
               -0.000652631  0.00495722  0.035  
               -0.000652631  0.00495722  0.036  
               -0.000652631  0.00495722  0.037  
               -0.000652631  0.00495722  0.038  
               -0.000652631  0.00495722  0.039  
               -0.000652631  0.00495722  0.04  
               -0.000652631  0.00495722  0.041  
               -0.000652631  0.00495722  0.042  
               -0.000652631  0.00495722  0.043  
               -0.000652631  0.00495722  0.044  
               -0.000652631  0.00495722  0.045  
               -0.000652631  0.00495722  0.046  
               -0.000652631  0.00495722  0.047  
               -0.000652631  0.00495722  0.048  
               -0.000652631  0.00495722  0.049  
               -0.0012941  0.00482963  0.001  
               -0.0012941  0.00482963  0.002  
               -0.0012941  0.00482963  0.003  
               -0.0012941  0.00482963  0.004  
               -0.0012941  0.00482963  0.005  
               -0.0012941  0.00482963  0.006  
               -0.0012941  0.00482963  0.007  
               -0.0012941  0.00482963  0.008  
               -0.0012941  0.00482963  0.009  
               -0.0012941  0.00482963  0.01  
               -0.0012941  0.00482963  0.011  
               -0.0012941  0.00482963  0.012  
               -0.0012941  0.00482963  0.013  
               -0.0012941  0.00482963  0.014  
               -0.0012941  0.00482963  0.015  
               -0.0012941  0.00482963  0.016  
               -0.0012941  0.00482963  0.017  
               -0.0012941  0.00482963  0.018  
               -0.0012941  0.00482963  0.019  
               -0.0012941  0.00482963  0.02  
               -0.0012941  0.00482963  0.021  
               -0.0012941  0.00482963  0.022  
               -0.0012941  0.00482963  0.023  
               -0.0012941  0.00482963  0.024  
               -0.0012941  0.00482963  0.025  
               -0.0012941  0.00482963  0.026  
               -0.0012941  0.00482963  0.027  
               -0.0012941  0.00482963  0.028  
               -0.0012941  0.00482963  0.029  
               -0.0012941  0.00482963  0.03  
               -0.0012941  0.00482963  0.031  
               -0.0012941  0.00482963  0.032  
               -0.0012941  0.00482963  0.033  
               -0.0012941  0.00482963  0.034  
               -0.0012941  0.00482963  0.035  
               -0.0012941  0.00482963  0.036  
               -0.0012941  0.00482963  0.037  
               -0.0012941  0.00482963  0.038  
               -0.0012941  0.00482963  0.039  
               -0.0012941  0.00482963  0.04  
               -0.0012941  0.00482963  0.041  
               -0.0012941  0.00482963  0.042  
               -0.0012941  0.00482963  0.043  
               -0.0012941  0.00482963  0.044  
               -0.0012941  0.00482963  0.045  
               -0.0012941  0.00482963  0.046  
               -0.0012941  0.00482963  0.047  
               -0.0012941  0.00482963  0.048  
               -0.0012941  0.00482963  0.049  
               -0.00191342  0.0046194  0.001  
               -0.00191342  0.0046194  0.002  
               -0.00191342  0.0046194  0.003  
               -0.00191342  0.0046194  0.004  
               -0.00191342  0.0046194  0.005  
               -0.00191342  0.0046194  0.006  
               -0.00191342  0.0046194  0.007  
               -0.00191342  0.0046194  0.008  
               -0.00191342  0.0046194  0.009  
               -0.00191342  0.0046194  0.01  
               -0.00191342  0.0046194  0.011  
               -0.00191342  0.0046194  0.012  
               -0.00191342  0.0046194  0.013  
               -0.00191342  0.0046194  0.014  
               -0.00191342  0.0046194  0.015  
               -0.00191342  0.0046194  0.016  
               -0.00191342  0.0046194  0.017  
               -0.00191342  0.0046194  0.018  
               -0.00191342  0.0046194  0.019  
               -0.00191342  0.0046194  0.02  
               -0.00191342  0.0046194  0.021  
               -0.00191342  0.0046194  0.022  
               -0.00191342  0.0046194  0.023  
               -0.00191342  0.0046194  0.024  
               -0.00191342  0.0046194  0.025  
               -0.00191342  0.0046194  0.026  
               -0.00191342  0.0046194  0.027  
               -0.00191342  0.0046194  0.028  
               -0.00191342  0.0046194  0.029  
               -0.00191342  0.0046194  0.03  
               -0.00191342  0.0046194  0.031  
               -0.00191342  0.0046194  0.032  
               -0.00191342  0.0046194  0.033  
               -0.00191342  0.0046194  0.034  
               -0.00191342  0.0046194  0.035  
               -0.00191342  0.0046194  0.036  
               -0.00191342  0.0046194  0.037  
               -0.00191342  0.0046194  0.038  
               -0.00191342  0.0046194  0.039  
               -0.00191342  0.0046194  0.04  
               -0.00191342  0.0046194  0.041  
               -0.00191342  0.0046194  0.042  
               -0.00191342  0.0046194  0.043  
               -0.00191342  0.0046194  0.044  
               -0.00191342  0.0046194  0.045  
               -0.00191342  0.0046194  0.046  
               -0.00191342  0.0046194  0.047  
               -0.00191342  0.0046194  0.048  
               -0.00191342  0.0046194  0.049  
               -0.0025  0.00433013  0.001  
               -0.0025  0.00433013  0.002  
               -0.0025  0.00433013  0.003  
               -0.0025  0.00433013  0.004  
               -0.0025  0.00433013  0.005  
               -0.0025  0.00433013  0.006  
               -0.0025  0.00433013  0.007  
               -0.0025  0.00433013  0.008  
               -0.0025  0.00433013  0.009  
               -0.0025  0.00433013  0.01  
               -0.0025  0.00433013  0.011  
               -0.0025  0.00433013  0.012  
               -0.0025  0.00433013  0.013  
               -0.0025  0.00433013  0.014  
               -0.0025  0.00433013  0.015  
               -0.0025  0.00433013  0.016  
               -0.0025  0.00433013  0.017  
               -0.0025  0.00433013  0.018  
               -0.0025  0.00433013  0.019  
               -0.0025  0.00433013  0.02  
               -0.0025  0.00433013  0.021  
               -0.0025  0.00433013  0.022  
               -0.0025  0.00433013  0.023  
               -0.0025  0.00433013  0.024  
               -0.0025  0.00433013  0.025  
               -0.0025  0.00433013  0.026  
               -0.0025  0.00433013  0.027  
               -0.0025  0.00433013  0.028  
               -0.0025  0.00433013  0.029  
               -0.0025  0.00433013  0.03  
               -0.0025  0.00433013  0.031  
               -0.0025  0.00433013  0.032  
               -0.0025  0.00433013  0.033  
               -0.0025  0.00433013  0.034  
               -0.0025  0.00433013  0.035  
               -0.0025  0.00433013  0.036  
               -0.0025  0.00433013  0.037  
               -0.0025  0.00433013  0.038  
               -0.0025  0.00433013  0.039  
               -0.0025  0.00433013  0.04  
               -0.0025  0.00433013  0.041  
               -0.0025  0.00433013  0.042  
               -0.0025  0.00433013  0.043  
               -0.0025  0.00433013  0.044  
               -0.0025  0.00433013  0.045  
               -0.0025  0.00433013  0.046  
               -0.0025  0.00433013  0.047  
               -0.0025  0.00433013  0.048  
               -0.0025  0.00433013  0.049  
               -0.00304381  0.00396677  0.001  
               -0.00304381  0.00396677  0.002  
               -0.00304381  0.00396677  0.003  
               -0.00304381  0.00396677  0.004  
               -0.00304381  0.00396677  0.005  
               -0.00304381  0.00396677  0.006  
               -0.00304381  0.00396677  0.007  
               -0.00304381  0.00396677  0.008  
               -0.00304381  0.00396677  0.009  
               -0.00304381  0.00396677  0.01  
               -0.00304381  0.00396677  0.011  
               -0.00304381  0.00396677  0.012  
               -0.00304381  0.00396677  0.013  
               -0.00304381  0.00396677  0.014  
               -0.00304381  0.00396677  0.015  
               -0.00304381  0.00396677  0.016  
               -0.00304381  0.00396677  0.017  
               -0.00304381  0.00396677  0.018  
               -0.00304381  0.00396677  0.019  
               -0.00304381  0.00396677  0.02  
               -0.00304381  0.00396677  0.021  
               -0.00304381  0.00396677  0.022  
               -0.00304381  0.00396677  0.023  
               -0.00304381  0.00396677  0.024  
               -0.00304381  0.00396677  0.025  
               -0.00304381  0.00396677  0.026  
               -0.00304381  0.00396677  0.027  
               -0.00304381  0.00396677  0.028  
               -0.00304381  0.00396677  0.029  
               -0.00304381  0.00396677  0.03  
               -0.00304381  0.00396677  0.031  
               -0.00304381  0.00396677  0.032  
               -0.00304381  0.00396677  0.033  
               -0.00304381  0.00396677  0.034  
               -0.00304381  0.00396677  0.035  
               -0.00304381  0.00396677  0.036  
               -0.00304381  0.00396677  0.037  
               -0.00304381  0.00396677  0.038  
               -0.00304381  0.00396677  0.039  
               -0.00304381  0.00396677  0.04  
               -0.00304381  0.00396677  0.041  
               -0.00304381  0.00396677  0.042  
               -0.00304381  0.00396677  0.043  
               -0.00304381  0.00396677  0.044  
               -0.00304381  0.00396677  0.045  
               -0.00304381  0.00396677  0.046  
               -0.00304381  0.00396677  0.047  
               -0.00304381  0.00396677  0.048  
               -0.00304381  0.00396677  0.049  
               -0.00353553  0.00353553  0.001  
               -0.00353553  0.00353553  0.002  
               -0.00353553  0.00353553  0.003  
               -0.00353553  0.00353553  0.004  
               -0.00353553  0.00353553  0.005  
               -0.00353553  0.00353553  0.006  
               -0.00353553  0.00353553  0.007  
               -0.00353553  0.00353553  0.008  
               -0.00353553  0.00353553  0.009  
               -0.00353553  0.00353553  0.01  
               -0.00353553  0.00353553  0.011  
               -0.00353553  0.00353553  0.012  
               -0.00353553  0.00353553  0.013  
               -0.00353553  0.00353553  0.014  
               -0.00353553  0.00353553  0.015  
               -0.00353553  0.00353553  0.016  
               -0.00353553  0.00353553  0.017  
               -0.00353553  0.00353553  0.018  
               -0.00353553  0.00353553  0.019  
               -0.00353553  0.00353553  0.02  
               -0.00353553  0.00353553  0.021  
               -0.00353553  0.00353553  0.022  
               -0.00353553  0.00353553  0.023  
               -0.00353553  0.00353553  0.024  
               -0.00353553  0.00353553  0.025  
               -0.00353553  0.00353553  0.026  
               -0.00353553  0.00353553  0.027  
               -0.00353553  0.00353553  0.028  
               -0.00353553  0.00353553  0.029  
               -0.00353553  0.00353553  0.03  
               -0.00353553  0.00353553  0.031  
               -0.00353553  0.00353553  0.032  
               -0.00353553  0.00353553  0.033  
               -0.00353553  0.00353553  0.034  
               -0.00353553  0.00353553  0.035  
               -0.00353553  0.00353553  0.036  
               -0.00353553  0.00353553  0.037  
               -0.00353553  0.00353553  0.038  
               -0.00353553  0.00353553  0.039  
               -0.00353553  0.00353553  0.04  
               -0.00353553  0.00353553  0.041  
               -0.00353553  0.00353553  0.042  
               -0.00353553  0.00353553  0.043  
               -0.00353553  0.00353553  0.044  
               -0.00353553  0.00353553  0.045  
               -0.00353553  0.00353553  0.046  
               -0.00353553  0.00353553  0.047  
               -0.00353553  0.00353553  0.048  
               -0.00353553  0.00353553  0.049  
               -0.00396677  0.00304381  0.001  
               -0.00396677  0.00304381  0.002  
               -0.00396677  0.00304381  0.003  
               -0.00396677  0.00304381  0.004  
               -0.00396677  0.00304381  0.005  
               -0.00396677  0.00304381  0.006  
               -0.00396677  0.00304381  0.007  
               -0.00396677  0.00304381  0.008  
               -0.00396677  0.00304381  0.009  
               -0.00396677  0.00304381  0.01  
               -0.00396677  0.00304381  0.011  
               -0.00396677  0.00304381  0.012  
               -0.00396677  0.00304381  0.013  
               -0.00396677  0.00304381  0.014  
               -0.00396677  0.00304381  0.015  
               -0.00396677  0.00304381  0.016  
               -0.00396677  0.00304381  0.017  
               -0.00396677  0.00304381  0.018  
               -0.00396677  0.00304381  0.019  
               -0.00396677  0.00304381  0.02  
               -0.00396677  0.00304381  0.021  
               -0.00396677  0.00304381  0.022  
               -0.00396677  0.00304381  0.023  
               -0.00396677  0.00304381  0.024  
               -0.00396677  0.00304381  0.025  
               -0.00396677  0.00304381  0.026  
               -0.00396677  0.00304381  0.027  
               -0.00396677  0.00304381  0.028  
               -0.00396677  0.00304381  0.029  
               -0.00396677  0.00304381  0.03  
               -0.00396677  0.00304381  0.031  
               -0.00396677  0.00304381  0.032  
               -0.00396677  0.00304381  0.033  
               -0.00396677  0.00304381  0.034  
               -0.00396677  0.00304381  0.035  
               -0.00396677  0.00304381  0.036  
               -0.00396677  0.00304381  0.037  
               -0.00396677  0.00304381  0.038  
               -0.00396677  0.00304381  0.039  
               -0.00396677  0.00304381  0.04  
               -0.00396677  0.00304381  0.041  
               -0.00396677  0.00304381  0.042  
               -0.00396677  0.00304381  0.043  
               -0.00396677  0.00304381  0.044  
               -0.00396677  0.00304381  0.045  
               -0.00396677  0.00304381  0.046  
               -0.00396677  0.00304381  0.047  
               -0.00396677  0.00304381  0.048  
               -0.00396677  0.00304381  0.049  
               -0.00433013  0.0025  0.001  
               -0.00433013  0.0025  0.002  
               -0.00433013  0.0025  0.003  
               -0.00433013  0.0025  0.004  
               -0.00433013  0.0025  0.005  
               -0.00433013  0.0025  0.006  
               -0.00433013  0.0025  0.007  
               -0.00433013  0.0025  0.008  
               -0.00433013  0.0025  0.009  
               -0.00433013  0.0025  0.01  
               -0.00433013  0.0025  0.011  
               -0.00433013  0.0025  0.012  
               -0.00433013  0.0025  0.013  
               -0.00433013  0.0025  0.014  
               -0.00433013  0.0025  0.015  
               -0.00433013  0.0025  0.016  
               -0.00433013  0.0025  0.017  
               -0.00433013  0.0025  0.018  
               -0.00433013  0.0025  0.019  
               -0.00433013  0.0025  0.02  
               -0.00433013  0.0025  0.021  
               -0.00433013  0.0025  0.022  
               -0.00433013  0.0025  0.023  
               -0.00433013  0.0025  0.024  
               -0.00433013  0.0025  0.025  
               -0.00433013  0.0025  0.026  
               -0.00433013  0.0025  0.027  
               -0.00433013  0.0025  0.028  
               -0.00433013  0.0025  0.029  
               -0.00433013  0.0025  0.03  
               -0.00433013  0.0025  0.031  
               -0.00433013  0.0025  0.032  
               -0.00433013  0.0025  0.033  
               -0.00433013  0.0025  0.034  
               -0.00433013  0.0025  0.035  
               -0.00433013  0.0025  0.036  
               -0.00433013  0.0025  0.037  
               -0.00433013  0.0025  0.038  
               -0.00433013  0.0025  0.039  
               -0.00433013  0.0025  0.04  
               -0.00433013  0.0025  0.041  
               -0.00433013  0.0025  0.042  
               -0.00433013  0.0025  0.043  
               -0.00433013  0.0025  0.044  
               -0.00433013  0.0025  0.045  
               -0.00433013  0.0025  0.046  
               -0.00433013  0.0025  0.047  
               -0.00433013  0.0025  0.048  
               -0.00433013  0.0025  0.049  
               -0.0046194  0.00191342  0.001  
               -0.0046194  0.00191342  0.002  
               -0.0046194  0.00191342  0.003  
               -0.0046194  0.00191342  0.004  
               -0.0046194  0.00191342  0.005  
               -0.0046194  0.00191342  0.006  
               -0.0046194  0.00191342  0.007  
               -0.0046194  0.00191342  0.008  
               -0.0046194  0.00191342  0.009  
               -0.0046194  0.00191342  0.01  
               -0.0046194  0.00191342  0.011  
               -0.0046194  0.00191342  0.012  
               -0.0046194  0.00191342  0.013  
               -0.0046194  0.00191342  0.014  
               -0.0046194  0.00191342  0.015  
               -0.0046194  0.00191342  0.016  
               -0.0046194  0.00191342  0.017  
               -0.0046194  0.00191342  0.018  
               -0.0046194  0.00191342  0.019  
               -0.0046194  0.00191342  0.02  
               -0.0046194  0.00191342  0.021  
               -0.0046194  0.00191342  0.022  
               -0.0046194  0.00191342  0.023  
               -0.0046194  0.00191342  0.024  
               -0.0046194  0.00191342  0.025  
               -0.0046194  0.00191342  0.026  
               -0.0046194  0.00191342  0.027  
               -0.0046194  0.00191342  0.028  
               -0.0046194  0.00191342  0.029  
               -0.0046194  0.00191342  0.03  
               -0.0046194  0.00191342  0.031  
               -0.0046194  0.00191342  0.032  
               -0.0046194  0.00191342  0.033  
               -0.0046194  0.00191342  0.034  
               -0.0046194  0.00191342  0.035  
               -0.0046194  0.00191342  0.036  
               -0.0046194  0.00191342  0.037  
               -0.0046194  0.00191342  0.038  
               -0.0046194  0.00191342  0.039  
               -0.0046194  0.00191342  0.04  
               -0.0046194  0.00191342  0.041  
               -0.0046194  0.00191342  0.042  
               -0.0046194  0.00191342  0.043  
               -0.0046194  0.00191342  0.044  
               -0.0046194  0.00191342  0.045  
               -0.0046194  0.00191342  0.046  
               -0.0046194  0.00191342  0.047  
               -0.0046194  0.00191342  0.048  
               -0.0046194  0.00191342  0.049  
               -0.00482963  0.0012941  0.001  
               -0.00482963  0.0012941  0.002  
               -0.00482963  0.0012941  0.003  
               -0.00482963  0.0012941  0.004  
               -0.00482963  0.0012941  0.005  
               -0.00482963  0.0012941  0.006  
               -0.00482963  0.0012941  0.007  
               -0.00482963  0.0012941  0.008  
               -0.00482963  0.0012941  0.009  
               -0.00482963  0.0012941  0.01  
               -0.00482963  0.0012941  0.011  
               -0.00482963  0.0012941  0.012  
               -0.00482963  0.0012941  0.013  
               -0.00482963  0.0012941  0.014  
               -0.00482963  0.0012941  0.015  
               -0.00482963  0.0012941  0.016  
               -0.00482963  0.0012941  0.017  
               -0.00482963  0.0012941  0.018  
               -0.00482963  0.0012941  0.019  
               -0.00482963  0.0012941  0.02  
               -0.00482963  0.0012941  0.021  
               -0.00482963  0.0012941  0.022  
               -0.00482963  0.0012941  0.023  
               -0.00482963  0.0012941  0.024  
               -0.00482963  0.0012941  0.025  
               -0.00482963  0.0012941  0.026  
               -0.00482963  0.0012941  0.027  
               -0.00482963  0.0012941  0.028  
               -0.00482963  0.0012941  0.029  
               -0.00482963  0.0012941  0.03  
               -0.00482963  0.0012941  0.031  
               -0.00482963  0.0012941  0.032  
               -0.00482963  0.0012941  0.033  
               -0.00482963  0.0012941  0.034  
               -0.00482963  0.0012941  0.035  
               -0.00482963  0.0012941  0.036  
               -0.00482963  0.0012941  0.037  
               -0.00482963  0.0012941  0.038  
               -0.00482963  0.0012941  0.039  
               -0.00482963  0.0012941  0.04  
               -0.00482963  0.0012941  0.041  
               -0.00482963  0.0012941  0.042  
               -0.00482963  0.0012941  0.043  
               -0.00482963  0.0012941  0.044  
               -0.00482963  0.0012941  0.045  
               -0.00482963  0.0012941  0.046  
               -0.00482963  0.0012941  0.047  
               -0.00482963  0.0012941  0.048  
               -0.00482963  0.0012941  0.049  
               -0.00495722  0.000652631  0.001  
               -0.00495722  0.000652631  0.002  
               -0.00495722  0.000652631  0.003  
               -0.00495722  0.000652631  0.004  
               -0.00495722  0.000652631  0.005  
               -0.00495722  0.000652631  0.006  
               -0.00495722  0.000652631  0.007  
               -0.00495722  0.000652631  0.008  
               -0.00495722  0.000652631  0.009  
               -0.00495722  0.000652631  0.01  
               -0.00495722  0.000652631  0.011  
               -0.00495722  0.000652631  0.012  
               -0.00495722  0.000652631  0.013  
               -0.00495722  0.000652631  0.014  
               -0.00495722  0.000652631  0.015  
               -0.00495722  0.000652631  0.016  
               -0.00495722  0.000652631  0.017  
               -0.00495722  0.000652631  0.018  
               -0.00495722  0.000652631  0.019  
               -0.00495722  0.000652631  0.02  
               -0.00495722  0.000652631  0.021  
               -0.00495722  0.000652631  0.022  
               -0.00495722  0.000652631  0.023  
               -0.00495722  0.000652631  0.024  
               -0.00495722  0.000652631  0.025  
               -0.00495722  0.000652631  0.026  
               -0.00495722  0.000652631  0.027  
               -0.00495722  0.000652631  0.028  
               -0.00495722  0.000652631  0.029  
               -0.00495722  0.000652631  0.03  
               -0.00495722  0.000652631  0.031  
               -0.00495722  0.000652631  0.032  
               -0.00495722  0.000652631  0.033  
               -0.00495722  0.000652631  0.034  
               -0.00495722  0.000652631  0.035  
               -0.00495722  0.000652631  0.036  
               -0.00495722  0.000652631  0.037  
               -0.00495722  0.000652631  0.038  
               -0.00495722  0.000652631  0.039  
               -0.00495722  0.000652631  0.04  
               -0.00495722  0.000652631  0.041  
               -0.00495722  0.000652631  0.042  
               -0.00495722  0.000652631  0.043  
               -0.00495722  0.000652631  0.044  
               -0.00495722  0.000652631  0.045  
               -0.00495722  0.000652631  0.046  
               -0.00495722  0.000652631  0.047  
               -0.00495722  0.000652631  0.048  
               -0.00495722  0.000652631  0.049  
               -0.00495722  -0.000652631  0.001  
               -0.00495722  -0.000652631  0.002  
               -0.00495722  -0.000652631  0.003  
               -0.00495722  -0.000652631  0.004  
               -0.00495722  -0.000652631  0.005  
               -0.00495722  -0.000652631  0.006  
               -0.00495722  -0.000652631  0.007  
               -0.00495722  -0.000652631  0.008  
               -0.00495722  -0.000652631  0.009  
               -0.00495722  -0.000652631  0.01  
               -0.00495722  -0.000652631  0.011  
               -0.00495722  -0.000652631  0.012  
               -0.00495722  -0.000652631  0.013  
               -0.00495722  -0.000652631  0.014  
               -0.00495722  -0.000652631  0.015  
               -0.00495722  -0.000652631  0.016  
               -0.00495722  -0.000652631  0.017  
               -0.00495722  -0.000652631  0.018  
               -0.00495722  -0.000652631  0.019  
               -0.00495722  -0.000652631  0.02  
               -0.00495722  -0.000652631  0.021  
               -0.00495722  -0.000652631  0.022  
               -0.00495722  -0.000652631  0.023  
               -0.00495722  -0.000652631  0.024  
               -0.00495722  -0.000652631  0.025  
               -0.00495722  -0.000652631  0.026  
               -0.00495722  -0.000652631  0.027  
               -0.00495722  -0.000652631  0.028  
               -0.00495722  -0.000652631  0.029  
               -0.00495722  -0.000652631  0.03  
               -0.00495722  -0.000652631  0.031  
               -0.00495722  -0.000652631  0.032  
               -0.00495722  -0.000652631  0.033  
               -0.00495722  -0.000652631  0.034  
               -0.00495722  -0.000652631  0.035  
               -0.00495722  -0.000652631  0.036  
               -0.00495722  -0.000652631  0.037  
               -0.00495722  -0.000652631  0.038  
               -0.00495722  -0.000652631  0.039  
               -0.00495722  -0.000652631  0.04  
               -0.00495722  -0.000652631  0.041  
               -0.00495722  -0.000652631  0.042  
               -0.00495722  -0.000652631  0.043  
               -0.00495722  -0.000652631  0.044  
               -0.00495722  -0.000652631  0.045  
               -0.00495722  -0.000652631  0.046  
               -0.00495722  -0.000652631  0.047  
               -0.00495722  -0.000652631  0.048  
               -0.00495722  -0.000652631  0.049  
               -0.00482963  -0.0012941  0.001  
               -0.00482963  -0.0012941  0.002  
               -0.00482963  -0.0012941  0.003  
               -0.00482963  -0.0012941  0.004  
               -0.00482963  -0.0012941  0.005  
               -0.00482963  -0.0012941  0.006  
               -0.00482963  -0.0012941  0.007  
               -0.00482963  -0.0012941  0.008  
               -0.00482963  -0.0012941  0.009  
               -0.00482963  -0.0012941  0.01  
               -0.00482963  -0.0012941  0.011  
               -0.00482963  -0.0012941  0.012  
               -0.00482963  -0.0012941  0.013  
               -0.00482963  -0.0012941  0.014  
               -0.00482963  -0.0012941  0.015  
               -0.00482963  -0.0012941  0.016  
               -0.00482963  -0.0012941  0.017  
               -0.00482963  -0.0012941  0.018  
               -0.00482963  -0.0012941  0.019  
               -0.00482963  -0.0012941  0.02  
               -0.00482963  -0.0012941  0.021  
               -0.00482963  -0.0012941  0.022  
               -0.00482963  -0.0012941  0.023  
               -0.00482963  -0.0012941  0.024  
               -0.00482963  -0.0012941  0.025  
               -0.00482963  -0.0012941  0.026  
               -0.00482963  -0.0012941  0.027  
               -0.00482963  -0.0012941  0.028  
               -0.00482963  -0.0012941  0.029  
               -0.00482963  -0.0012941  0.03  
               -0.00482963  -0.0012941  0.031  
               -0.00482963  -0.0012941  0.032  
               -0.00482963  -0.0012941  0.033  
               -0.00482963  -0.0012941  0.034  
               -0.00482963  -0.0012941  0.035  
               -0.00482963  -0.0012941  0.036  
               -0.00482963  -0.0012941  0.037  
               -0.00482963  -0.0012941  0.038  
               -0.00482963  -0.0012941  0.039  
               -0.00482963  -0.0012941  0.04  
               -0.00482963  -0.0012941  0.041  
               -0.00482963  -0.0012941  0.042  
               -0.00482963  -0.0012941  0.043  
               -0.00482963  -0.0012941  0.044  
               -0.00482963  -0.0012941  0.045  
               -0.00482963  -0.0012941  0.046  
               -0.00482963  -0.0012941  0.047  
               -0.00482963  -0.0012941  0.048  
               -0.00482963  -0.0012941  0.049  
               -0.0046194  -0.00191342  0.001  
               -0.0046194  -0.00191342  0.002  
               -0.0046194  -0.00191342  0.003  
               -0.0046194  -0.00191342  0.004  
               -0.0046194  -0.00191342  0.005  
               -0.0046194  -0.00191342  0.006  
               -0.0046194  -0.00191342  0.007  
               -0.0046194  -0.00191342  0.008  
               -0.0046194  -0.00191342  0.009  
               -0.0046194  -0.00191342  0.01  
               -0.0046194  -0.00191342  0.011  
               -0.0046194  -0.00191342  0.012  
               -0.0046194  -0.00191342  0.013  
               -0.0046194  -0.00191342  0.014  
               -0.0046194  -0.00191342  0.015  
               -0.0046194  -0.00191342  0.016  
               -0.0046194  -0.00191342  0.017  
               -0.0046194  -0.00191342  0.018  
               -0.0046194  -0.00191342  0.019  
               -0.0046194  -0.00191342  0.02  
               -0.0046194  -0.00191342  0.021  
               -0.0046194  -0.00191342  0.022  
               -0.0046194  -0.00191342  0.023  
               -0.0046194  -0.00191342  0.024  
               -0.0046194  -0.00191342  0.025  
               -0.0046194  -0.00191342  0.026  
               -0.0046194  -0.00191342  0.027  
               -0.0046194  -0.00191342  0.028  
               -0.0046194  -0.00191342  0.029  
               -0.0046194  -0.00191342  0.03  
               -0.0046194  -0.00191342  0.031  
               -0.0046194  -0.00191342  0.032  
               -0.0046194  -0.00191342  0.033  
               -0.0046194  -0.00191342  0.034  
               -0.0046194  -0.00191342  0.035  
               -0.0046194  -0.00191342  0.036  
               -0.0046194  -0.00191342  0.037  
               -0.0046194  -0.00191342  0.038  
               -0.0046194  -0.00191342  0.039  
               -0.0046194  -0.00191342  0.04  
               -0.0046194  -0.00191342  0.041  
               -0.0046194  -0.00191342  0.042  
               -0.0046194  -0.00191342  0.043  
               -0.0046194  -0.00191342  0.044  
               -0.0046194  -0.00191342  0.045  
               -0.0046194  -0.00191342  0.046  
               -0.0046194  -0.00191342  0.047  
               -0.0046194  -0.00191342  0.048  
               -0.0046194  -0.00191342  0.049  
               -0.00433013  -0.0025  0.001  
               -0.00433013  -0.0025  0.002  
               -0.00433013  -0.0025  0.003  
               -0.00433013  -0.0025  0.004  
               -0.00433013  -0.0025  0.005  
               -0.00433013  -0.0025  0.006  
               -0.00433013  -0.0025  0.007  
               -0.00433013  -0.0025  0.008  
               -0.00433013  -0.0025  0.009  
               -0.00433013  -0.0025  0.01  
               -0.00433013  -0.0025  0.011  
               -0.00433013  -0.0025  0.012  
               -0.00433013  -0.0025  0.013  
               -0.00433013  -0.0025  0.014  
               -0.00433013  -0.0025  0.015  
               -0.00433013  -0.0025  0.016  
               -0.00433013  -0.0025  0.017  
               -0.00433013  -0.0025  0.018  
               -0.00433013  -0.0025  0.019  
               -0.00433013  -0.0025  0.02  
               -0.00433013  -0.0025  0.021  
               -0.00433013  -0.0025  0.022  
               -0.00433013  -0.0025  0.023  
               -0.00433013  -0.0025  0.024  
               -0.00433013  -0.0025  0.025  
               -0.00433013  -0.0025  0.026  
               -0.00433013  -0.0025  0.027  
               -0.00433013  -0.0025  0.028  
               -0.00433013  -0.0025  0.029  
               -0.00433013  -0.0025  0.03  
               -0.00433013  -0.0025  0.031  
               -0.00433013  -0.0025  0.032  
               -0.00433013  -0.0025  0.033  
               -0.00433013  -0.0025  0.034  
               -0.00433013  -0.0025  0.035  
               -0.00433013  -0.0025  0.036  
               -0.00433013  -0.0025  0.037  
               -0.00433013  -0.0025  0.038  
               -0.00433013  -0.0025  0.039  
               -0.00433013  -0.0025  0.04  
               -0.00433013  -0.0025  0.041  
               -0.00433013  -0.0025  0.042  
               -0.00433013  -0.0025  0.043  
               -0.00433013  -0.0025  0.044  
               -0.00433013  -0.0025  0.045  
               -0.00433013  -0.0025  0.046  
               -0.00433013  -0.0025  0.047  
               -0.00433013  -0.0025  0.048  
               -0.00433013  -0.0025  0.049  
               -0.00396677  -0.00304381  0.001  
               -0.00396677  -0.00304381  0.002  
               -0.00396677  -0.00304381  0.003  
               -0.00396677  -0.00304381  0.004  
               -0.00396677  -0.00304381  0.005  
               -0.00396677  -0.00304381  0.006  
               -0.00396677  -0.00304381  0.007  
               -0.00396677  -0.00304381  0.008  
               -0.00396677  -0.00304381  0.009  
               -0.00396677  -0.00304381  0.01  
               -0.00396677  -0.00304381  0.011  
               -0.00396677  -0.00304381  0.012  
               -0.00396677  -0.00304381  0.013  
               -0.00396677  -0.00304381  0.014  
               -0.00396677  -0.00304381  0.015  
               -0.00396677  -0.00304381  0.016  
               -0.00396677  -0.00304381  0.017  
               -0.00396677  -0.00304381  0.018  
               -0.00396677  -0.00304381  0.019  
               -0.00396677  -0.00304381  0.02  
               -0.00396677  -0.00304381  0.021  
               -0.00396677  -0.00304381  0.022  
               -0.00396677  -0.00304381  0.023  
               -0.00396677  -0.00304381  0.024  
               -0.00396677  -0.00304381  0.025  
               -0.00396677  -0.00304381  0.026  
               -0.00396677  -0.00304381  0.027  
               -0.00396677  -0.00304381  0.028  
               -0.00396677  -0.00304381  0.029  
               -0.00396677  -0.00304381  0.03  
               -0.00396677  -0.00304381  0.031  
               -0.00396677  -0.00304381  0.032  
               -0.00396677  -0.00304381  0.033  
               -0.00396677  -0.00304381  0.034  
               -0.00396677  -0.00304381  0.035  
               -0.00396677  -0.00304381  0.036  
               -0.00396677  -0.00304381  0.037  
               -0.00396677  -0.00304381  0.038  
               -0.00396677  -0.00304381  0.039  
               -0.00396677  -0.00304381  0.04  
               -0.00396677  -0.00304381  0.041  
               -0.00396677  -0.00304381  0.042  
               -0.00396677  -0.00304381  0.043  
               -0.00396677  -0.00304381  0.044  
               -0.00396677  -0.00304381  0.045  
               -0.00396677  -0.00304381  0.046  
               -0.00396677  -0.00304381  0.047  
               -0.00396677  -0.00304381  0.048  
               -0.00396677  -0.00304381  0.049  
               -0.00353553  -0.00353553  0.001  
               -0.00353553  -0.00353553  0.002  
               -0.00353553  -0.00353553  0.003  
               -0.00353553  -0.00353553  0.004  
               -0.00353553  -0.00353553  0.005  
               -0.00353553  -0.00353553  0.006  
               -0.00353553  -0.00353553  0.007  
               -0.00353553  -0.00353553  0.008  
               -0.00353553  -0.00353553  0.009  
               -0.00353553  -0.00353553  0.01  
               -0.00353553  -0.00353553  0.011  
               -0.00353553  -0.00353553  0.012  
               -0.00353553  -0.00353553  0.013  
               -0.00353553  -0.00353553  0.014  
               -0.00353553  -0.00353553  0.015  
               -0.00353553  -0.00353553  0.016  
               -0.00353553  -0.00353553  0.017  
               -0.00353553  -0.00353553  0.018  
               -0.00353553  -0.00353553  0.019  
               -0.00353553  -0.00353553  0.02  
               -0.00353553  -0.00353553  0.021  
               -0.00353553  -0.00353553  0.022  
               -0.00353553  -0.00353553  0.023  
               -0.00353553  -0.00353553  0.024  
               -0.00353553  -0.00353553  0.025  
               -0.00353553  -0.00353553  0.026  
               -0.00353553  -0.00353553  0.027  
               -0.00353553  -0.00353553  0.028  
               -0.00353553  -0.00353553  0.029  
               -0.00353553  -0.00353553  0.03  
               -0.00353553  -0.00353553  0.031  
               -0.00353553  -0.00353553  0.032  
               -0.00353553  -0.00353553  0.033  
               -0.00353553  -0.00353553  0.034  
               -0.00353553  -0.00353553  0.035  
               -0.00353553  -0.00353553  0.036  
               -0.00353553  -0.00353553  0.037  
               -0.00353553  -0.00353553  0.038  
               -0.00353553  -0.00353553  0.039  
               -0.00353553  -0.00353553  0.04  
               -0.00353553  -0.00353553  0.041  
               -0.00353553  -0.00353553  0.042  
               -0.00353553  -0.00353553  0.043  
               -0.00353553  -0.00353553  0.044  
               -0.00353553  -0.00353553  0.045  
               -0.00353553  -0.00353553  0.046  
               -0.00353553  -0.00353553  0.047  
               -0.00353553  -0.00353553  0.048  
               -0.00353553  -0.00353553  0.049  
               -0.00304381  -0.00396677  0.001  
               -0.00304381  -0.00396677  0.002  
               -0.00304381  -0.00396677  0.003  
               -0.00304381  -0.00396677  0.004  
               -0.00304381  -0.00396677  0.005  
               -0.00304381  -0.00396677  0.006  
               -0.00304381  -0.00396677  0.007  
               -0.00304381  -0.00396677  0.008  
               -0.00304381  -0.00396677  0.009  
               -0.00304381  -0.00396677  0.01  
               -0.00304381  -0.00396677  0.011  
               -0.00304381  -0.00396677  0.012  
               -0.00304381  -0.00396677  0.013  
               -0.00304381  -0.00396677  0.014  
               -0.00304381  -0.00396677  0.015  
               -0.00304381  -0.00396677  0.016  
               -0.00304381  -0.00396677  0.017  
               -0.00304381  -0.00396677  0.018  
               -0.00304381  -0.00396677  0.019  
               -0.00304381  -0.00396677  0.02  
               -0.00304381  -0.00396677  0.021  
               -0.00304381  -0.00396677  0.022  
               -0.00304381  -0.00396677  0.023  
               -0.00304381  -0.00396677  0.024  
               -0.00304381  -0.00396677  0.025  
               -0.00304381  -0.00396677  0.026  
               -0.00304381  -0.00396677  0.027  
               -0.00304381  -0.00396677  0.028  
               -0.00304381  -0.00396677  0.029  
               -0.00304381  -0.00396677  0.03  
               -0.00304381  -0.00396677  0.031  
               -0.00304381  -0.00396677  0.032  
               -0.00304381  -0.00396677  0.033  
               -0.00304381  -0.00396677  0.034  
               -0.00304381  -0.00396677  0.035  
               -0.00304381  -0.00396677  0.036  
               -0.00304381  -0.00396677  0.037  
               -0.00304381  -0.00396677  0.038  
               -0.00304381  -0.00396677  0.039  
               -0.00304381  -0.00396677  0.04  
               -0.00304381  -0.00396677  0.041  
               -0.00304381  -0.00396677  0.042  
               -0.00304381  -0.00396677  0.043  
               -0.00304381  -0.00396677  0.044  
               -0.00304381  -0.00396677  0.045  
               -0.00304381  -0.00396677  0.046  
               -0.00304381  -0.00396677  0.047  
               -0.00304381  -0.00396677  0.048  
               -0.00304381  -0.00396677  0.049  
               -0.0025  -0.00433013  0.001  
               -0.0025  -0.00433013  0.002  
               -0.0025  -0.00433013  0.003  
               -0.0025  -0.00433013  0.004  
               -0.0025  -0.00433013  0.005  
               -0.0025  -0.00433013  0.006  
               -0.0025  -0.00433013  0.007  
               -0.0025  -0.00433013  0.008  
               -0.0025  -0.00433013  0.009  
               -0.0025  -0.00433013  0.01  
               -0.0025  -0.00433013  0.011  
               -0.0025  -0.00433013  0.012  
               -0.0025  -0.00433013  0.013  
               -0.0025  -0.00433013  0.014  
               -0.0025  -0.00433013  0.015  
               -0.0025  -0.00433013  0.016  
               -0.0025  -0.00433013  0.017  
               -0.0025  -0.00433013  0.018  
               -0.0025  -0.00433013  0.019  
               -0.0025  -0.00433013  0.02  
               -0.0025  -0.00433013  0.021  
               -0.0025  -0.00433013  0.022  
               -0.0025  -0.00433013  0.023  
               -0.0025  -0.00433013  0.024  
               -0.0025  -0.00433013  0.025  
               -0.0025  -0.00433013  0.026  
               -0.0025  -0.00433013  0.027  
               -0.0025  -0.00433013  0.028  
               -0.0025  -0.00433013  0.029  
               -0.0025  -0.00433013  0.03  
               -0.0025  -0.00433013  0.031  
               -0.0025  -0.00433013  0.032  
               -0.0025  -0.00433013  0.033  
               -0.0025  -0.00433013  0.034  
               -0.0025  -0.00433013  0.035  
               -0.0025  -0.00433013  0.036  
               -0.0025  -0.00433013  0.037  
               -0.0025  -0.00433013  0.038  
               -0.0025  -0.00433013  0.039  
               -0.0025  -0.00433013  0.04  
               -0.0025  -0.00433013  0.041  
               -0.0025  -0.00433013  0.042  
               -0.0025  -0.00433013  0.043  
               -0.0025  -0.00433013  0.044  
               -0.0025  -0.00433013  0.045  
               -0.0025  -0.00433013  0.046  
               -0.0025  -0.00433013  0.047  
               -0.0025  -0.00433013  0.048  
               -0.0025  -0.00433013  0.049  
               -0.00191342  -0.0046194  0.001  
               -0.00191342  -0.0046194  0.002  
               -0.00191342  -0.0046194  0.003  
               -0.00191342  -0.0046194  0.004  
               -0.00191342  -0.0046194  0.005  
               -0.00191342  -0.0046194  0.006  
               -0.00191342  -0.0046194  0.007  
               -0.00191342  -0.0046194  0.008  
               -0.00191342  -0.0046194  0.009  
               -0.00191342  -0.0046194  0.01  
               -0.00191342  -0.0046194  0.011  
               -0.00191342  -0.0046194  0.012  
               -0.00191342  -0.0046194  0.013  
               -0.00191342  -0.0046194  0.014  
               -0.00191342  -0.0046194  0.015  
               -0.00191342  -0.0046194  0.016  
               -0.00191342  -0.0046194  0.017  
               -0.00191342  -0.0046194  0.018  
               -0.00191342  -0.0046194  0.019  
               -0.00191342  -0.0046194  0.02  
               -0.00191342  -0.0046194  0.021  
               -0.00191342  -0.0046194  0.022  
               -0.00191342  -0.0046194  0.023  
               -0.00191342  -0.0046194  0.024  
               -0.00191342  -0.0046194  0.025  
               -0.00191342  -0.0046194  0.026  
               -0.00191342  -0.0046194  0.027  
               -0.00191342  -0.0046194  0.028  
               -0.00191342  -0.0046194  0.029  
               -0.00191342  -0.0046194  0.03  
               -0.00191342  -0.0046194  0.031  
               -0.00191342  -0.0046194  0.032  
               -0.00191342  -0.0046194  0.033  
               -0.00191342  -0.0046194  0.034  
               -0.00191342  -0.0046194  0.035  
               -0.00191342  -0.0046194  0.036  
               -0.00191342  -0.0046194  0.037  
               -0.00191342  -0.0046194  0.038  
               -0.00191342  -0.0046194  0.039  
               -0.00191342  -0.0046194  0.04  
               -0.00191342  -0.0046194  0.041  
               -0.00191342  -0.0046194  0.042  
               -0.00191342  -0.0046194  0.043  
               -0.00191342  -0.0046194  0.044  
               -0.00191342  -0.0046194  0.045  
               -0.00191342  -0.0046194  0.046  
               -0.00191342  -0.0046194  0.047  
               -0.00191342  -0.0046194  0.048  
               -0.00191342  -0.0046194  0.049  
               -0.0012941  -0.00482963  0.001  
               -0.0012941  -0.00482963  0.002  
               -0.0012941  -0.00482963  0.003  
               -0.0012941  -0.00482963  0.004  
               -0.0012941  -0.00482963  0.005  
               -0.0012941  -0.00482963  0.006  
               -0.0012941  -0.00482963  0.007  
               -0.0012941  -0.00482963  0.008  
               -0.0012941  -0.00482963  0.009  
               -0.0012941  -0.00482963  0.01  
               -0.0012941  -0.00482963  0.011  
               -0.0012941  -0.00482963  0.012  
               -0.0012941  -0.00482963  0.013  
               -0.0012941  -0.00482963  0.014  
               -0.0012941  -0.00482963  0.015  
               -0.0012941  -0.00482963  0.016  
               -0.0012941  -0.00482963  0.017  
               -0.0012941  -0.00482963  0.018  
               -0.0012941  -0.00482963  0.019  
               -0.0012941  -0.00482963  0.02  
               -0.0012941  -0.00482963  0.021  
               -0.0012941  -0.00482963  0.022  
               -0.0012941  -0.00482963  0.023  
               -0.0012941  -0.00482963  0.024  
               -0.0012941  -0.00482963  0.025  
               -0.0012941  -0.00482963  0.026  
               -0.0012941  -0.00482963  0.027  
               -0.0012941  -0.00482963  0.028  
               -0.0012941  -0.00482963  0.029  
               -0.0012941  -0.00482963  0.03  
               -0.0012941  -0.00482963  0.031  
               -0.0012941  -0.00482963  0.032  
               -0.0012941  -0.00482963  0.033  
               -0.0012941  -0.00482963  0.034  
               -0.0012941  -0.00482963  0.035  
               -0.0012941  -0.00482963  0.036  
               -0.0012941  -0.00482963  0.037  
               -0.0012941  -0.00482963  0.038  
               -0.0012941  -0.00482963  0.039  
               -0.0012941  -0.00482963  0.04  
               -0.0012941  -0.00482963  0.041  
               -0.0012941  -0.00482963  0.042  
               -0.0012941  -0.00482963  0.043  
               -0.0012941  -0.00482963  0.044  
               -0.0012941  -0.00482963  0.045  
               -0.0012941  -0.00482963  0.046  
               -0.0012941  -0.00482963  0.047  
               -0.0012941  -0.00482963  0.048  
               -0.0012941  -0.00482963  0.049  
               -0.000652631  -0.00495722  0.001  
               -0.000652631  -0.00495722  0.002  
               -0.000652631  -0.00495722  0.003  
               -0.000652631  -0.00495722  0.004  
               -0.000652631  -0.00495722  0.005  
               -0.000652631  -0.00495722  0.006  
               -0.000652631  -0.00495722  0.007  
               -0.000652631  -0.00495722  0.008  
               -0.000652631  -0.00495722  0.009  
               -0.000652631  -0.00495722  0.01  
               -0.000652631  -0.00495722  0.011  
               -0.000652631  -0.00495722  0.012  
               -0.000652631  -0.00495722  0.013  
               -0.000652631  -0.00495722  0.014  
               -0.000652631  -0.00495722  0.015  
               -0.000652631  -0.00495722  0.016  
               -0.000652631  -0.00495722  0.017  
               -0.000652631  -0.00495722  0.018  
               -0.000652631  -0.00495722  0.019  
               -0.000652631  -0.00495722  0.02  
               -0.000652631  -0.00495722  0.021  
               -0.000652631  -0.00495722  0.022  
               -0.000652631  -0.00495722  0.023  
               -0.000652631  -0.00495722  0.024  
               -0.000652631  -0.00495722  0.025  
               -0.000652631  -0.00495722  0.026  
               -0.000652631  -0.00495722  0.027  
               -0.000652631  -0.00495722  0.028  
               -0.000652631  -0.00495722  0.029  
               -0.000652631  -0.00495722  0.03  
               -0.000652631  -0.00495722  0.031  
               -0.000652631  -0.00495722  0.032  
               -0.000652631  -0.00495722  0.033  
               -0.000652631  -0.00495722  0.034  
               -0.000652631  -0.00495722  0.035  
               -0.000652631  -0.00495722  0.036  
               -0.000652631  -0.00495722  0.037  
               -0.000652631  -0.00495722  0.038  
               -0.000652631  -0.00495722  0.039  
               -0.000652631  -0.00495722  0.04  
               -0.000652631  -0.00495722  0.041  
               -0.000652631  -0.00495722  0.042  
               -0.000652631  -0.00495722  0.043  
               -0.000652631  -0.00495722  0.044  
               -0.000652631  -0.00495722  0.045  
               -0.000652631  -0.00495722  0.046  
               -0.000652631  -0.00495722  0.047  
               -0.000652631  -0.00495722  0.048  
               -0.000652631  -0.00495722  0.049  
               0.000652631  -0.00495722  0.001  
               0.000652631  -0.00495722  0.002  
               0.000652631  -0.00495722  0.003  
               0.000652631  -0.00495722  0.004  
               0.000652631  -0.00495722  0.005  
               0.000652631  -0.00495722  0.006  
               0.000652631  -0.00495722  0.007  
               0.000652631  -0.00495722  0.008  
               0.000652631  -0.00495722  0.009  
               0.000652631  -0.00495722  0.01  
               0.000652631  -0.00495722  0.011  
               0.000652631  -0.00495722  0.012  
               0.000652631  -0.00495722  0.013  
               0.000652631  -0.00495722  0.014  
               0.000652631  -0.00495722  0.015  
               0.000652631  -0.00495722  0.016  
               0.000652631  -0.00495722  0.017  
               0.000652631  -0.00495722  0.018  
               0.000652631  -0.00495722  0.019  
               0.000652631  -0.00495722  0.02  
               0.000652631  -0.00495722  0.021  
               0.000652631  -0.00495722  0.022  
               0.000652631  -0.00495722  0.023  
               0.000652631  -0.00495722  0.024  
               0.000652631  -0.00495722  0.025  
               0.000652631  -0.00495722  0.026  
               0.000652631  -0.00495722  0.027  
               0.000652631  -0.00495722  0.028  
               0.000652631  -0.00495722  0.029  
               0.000652631  -0.00495722  0.03  
               0.000652631  -0.00495722  0.031  
               0.000652631  -0.00495722  0.032  
               0.000652631  -0.00495722  0.033  
               0.000652631  -0.00495722  0.034  
               0.000652631  -0.00495722  0.035  
               0.000652631  -0.00495722  0.036  
               0.000652631  -0.00495722  0.037  
               0.000652631  -0.00495722  0.038  
               0.000652631  -0.00495722  0.039  
               0.000652631  -0.00495722  0.04  
               0.000652631  -0.00495722  0.041  
               0.000652631  -0.00495722  0.042  
               0.000652631  -0.00495722  0.043  
               0.000652631  -0.00495722  0.044  
               0.000652631  -0.00495722  0.045  
               0.000652631  -0.00495722  0.046  
               0.000652631  -0.00495722  0.047  
               0.000652631  -0.00495722  0.048  
               0.000652631  -0.00495722  0.049  
               0.0012941  -0.00482963  0.001  
               0.0012941  -0.00482963  0.002  
               0.0012941  -0.00482963  0.003  
               0.0012941  -0.00482963  0.004  
               0.0012941  -0.00482963  0.005  
               0.0012941  -0.00482963  0.006  
               0.0012941  -0.00482963  0.007  
               0.0012941  -0.00482963  0.008  
               0.0012941  -0.00482963  0.009  
               0.0012941  -0.00482963  0.01  
               0.0012941  -0.00482963  0.011  
               0.0012941  -0.00482963  0.012  
               0.0012941  -0.00482963  0.013  
               0.0012941  -0.00482963  0.014  
               0.0012941  -0.00482963  0.015  
               0.0012941  -0.00482963  0.016  
               0.0012941  -0.00482963  0.017  
               0.0012941  -0.00482963  0.018  
               0.0012941  -0.00482963  0.019  
               0.0012941  -0.00482963  0.02  
               0.0012941  -0.00482963  0.021  
               0.0012941  -0.00482963  0.022  
               0.0012941  -0.00482963  0.023  
               0.0012941  -0.00482963  0.024  
               0.0012941  -0.00482963  0.025  
               0.0012941  -0.00482963  0.026  
               0.0012941  -0.00482963  0.027  
               0.0012941  -0.00482963  0.028  
               0.0012941  -0.00482963  0.029  
               0.0012941  -0.00482963  0.03  
               0.0012941  -0.00482963  0.031  
               0.0012941  -0.00482963  0.032  
               0.0012941  -0.00482963  0.033  
               0.0012941  -0.00482963  0.034  
               0.0012941  -0.00482963  0.035  
               0.0012941  -0.00482963  0.036  
               0.0012941  -0.00482963  0.037  
               0.0012941  -0.00482963  0.038  
               0.0012941  -0.00482963  0.039  
               0.0012941  -0.00482963  0.04  
               0.0012941  -0.00482963  0.041  
               0.0012941  -0.00482963  0.042  
               0.0012941  -0.00482963  0.043  
               0.0012941  -0.00482963  0.044  
               0.0012941  -0.00482963  0.045  
               0.0012941  -0.00482963  0.046  
               0.0012941  -0.00482963  0.047  
               0.0012941  -0.00482963  0.048  
               0.0012941  -0.00482963  0.049  
               0.00191342  -0.0046194  0.001  
               0.00191342  -0.0046194  0.002  
               0.00191342  -0.0046194  0.003  
               0.00191342  -0.0046194  0.004  
               0.00191342  -0.0046194  0.005  
               0.00191342  -0.0046194  0.006  
               0.00191342  -0.0046194  0.007  
               0.00191342  -0.0046194  0.008  
               0.00191342  -0.0046194  0.009  
               0.00191342  -0.0046194  0.01  
               0.00191342  -0.0046194  0.011  
               0.00191342  -0.0046194  0.012  
               0.00191342  -0.0046194  0.013  
               0.00191342  -0.0046194  0.014  
               0.00191342  -0.0046194  0.015  
               0.00191342  -0.0046194  0.016  
               0.00191342  -0.0046194  0.017  
               0.00191342  -0.0046194  0.018  
               0.00191342  -0.0046194  0.019  
               0.00191342  -0.0046194  0.02  
               0.00191342  -0.0046194  0.021  
               0.00191342  -0.0046194  0.022  
               0.00191342  -0.0046194  0.023  
               0.00191342  -0.0046194  0.024  
               0.00191342  -0.0046194  0.025  
               0.00191342  -0.0046194  0.026  
               0.00191342  -0.0046194  0.027  
               0.00191342  -0.0046194  0.028  
               0.00191342  -0.0046194  0.029  
               0.00191342  -0.0046194  0.03  
               0.00191342  -0.0046194  0.031  
               0.00191342  -0.0046194  0.032  
               0.00191342  -0.0046194  0.033  
               0.00191342  -0.0046194  0.034  
               0.00191342  -0.0046194  0.035  
               0.00191342  -0.0046194  0.036  
               0.00191342  -0.0046194  0.037  
               0.00191342  -0.0046194  0.038  
               0.00191342  -0.0046194  0.039  
               0.00191342  -0.0046194  0.04  
               0.00191342  -0.0046194  0.041  
               0.00191342  -0.0046194  0.042  
               0.00191342  -0.0046194  0.043  
               0.00191342  -0.0046194  0.044  
               0.00191342  -0.0046194  0.045  
               0.00191342  -0.0046194  0.046  
               0.00191342  -0.0046194  0.047  
               0.00191342  -0.0046194  0.048  
               0.00191342  -0.0046194  0.049  
               0.0025  -0.00433013  0.001  
               0.0025  -0.00433013  0.002  
               0.0025  -0.00433013  0.003  
               0.0025  -0.00433013  0.004  
               0.0025  -0.00433013  0.005  
               0.0025  -0.00433013  0.006  
               0.0025  -0.00433013  0.007  
               0.0025  -0.00433013  0.008  
               0.0025  -0.00433013  0.009  
               0.0025  -0.00433013  0.01  
               0.0025  -0.00433013  0.011  
               0.0025  -0.00433013  0.012  
               0.0025  -0.00433013  0.013  
               0.0025  -0.00433013  0.014  
               0.0025  -0.00433013  0.015  
               0.0025  -0.00433013  0.016  
               0.0025  -0.00433013  0.017  
               0.0025  -0.00433013  0.018  
               0.0025  -0.00433013  0.019  
               0.0025  -0.00433013  0.02  
               0.0025  -0.00433013  0.021  
               0.0025  -0.00433013  0.022  
               0.0025  -0.00433013  0.023  
               0.0025  -0.00433013  0.024  
               0.0025  -0.00433013  0.025  
               0.0025  -0.00433013  0.026  
               0.0025  -0.00433013  0.027  
               0.0025  -0.00433013  0.028  
               0.0025  -0.00433013  0.029  
               0.0025  -0.00433013  0.03  
               0.0025  -0.00433013  0.031  
               0.0025  -0.00433013  0.032  
               0.0025  -0.00433013  0.033  
               0.0025  -0.00433013  0.034  
               0.0025  -0.00433013  0.035  
               0.0025  -0.00433013  0.036  
               0.0025  -0.00433013  0.037  
               0.0025  -0.00433013  0.038  
               0.0025  -0.00433013  0.039  
               0.0025  -0.00433013  0.04  
               0.0025  -0.00433013  0.041  
               0.0025  -0.00433013  0.042  
               0.0025  -0.00433013  0.043  
               0.0025  -0.00433013  0.044  
               0.0025  -0.00433013  0.045  
               0.0025  -0.00433013  0.046  
               0.0025  -0.00433013  0.047  
               0.0025  -0.00433013  0.048  
               0.0025  -0.00433013  0.049  
               0.00304381  -0.00396677  0.001  
               0.00304381  -0.00396677  0.002  
               0.00304381  -0.00396677  0.003  
               0.00304381  -0.00396677  0.004  
               0.00304381  -0.00396677  0.005  
               0.00304381  -0.00396677  0.006  
               0.00304381  -0.00396677  0.007  
               0.00304381  -0.00396677  0.008  
               0.00304381  -0.00396677  0.009  
               0.00304381  -0.00396677  0.01  
               0.00304381  -0.00396677  0.011  
               0.00304381  -0.00396677  0.012  
               0.00304381  -0.00396677  0.013  
               0.00304381  -0.00396677  0.014  
               0.00304381  -0.00396677  0.015  
               0.00304381  -0.00396677  0.016  
               0.00304381  -0.00396677  0.017  
               0.00304381  -0.00396677  0.018  
               0.00304381  -0.00396677  0.019  
               0.00304381  -0.00396677  0.02  
               0.00304381  -0.00396677  0.021  
               0.00304381  -0.00396677  0.022  
               0.00304381  -0.00396677  0.023  
               0.00304381  -0.00396677  0.024  
               0.00304381  -0.00396677  0.025  
               0.00304381  -0.00396677  0.026  
               0.00304381  -0.00396677  0.027  
               0.00304381  -0.00396677  0.028  
               0.00304381  -0.00396677  0.029  
               0.00304381  -0.00396677  0.03  
               0.00304381  -0.00396677  0.031  
               0.00304381  -0.00396677  0.032  
               0.00304381  -0.00396677  0.033  
               0.00304381  -0.00396677  0.034  
               0.00304381  -0.00396677  0.035  
               0.00304381  -0.00396677  0.036  
               0.00304381  -0.00396677  0.037  
               0.00304381  -0.00396677  0.038  
               0.00304381  -0.00396677  0.039  
               0.00304381  -0.00396677  0.04  
               0.00304381  -0.00396677  0.041  
               0.00304381  -0.00396677  0.042  
               0.00304381  -0.00396677  0.043  
               0.00304381  -0.00396677  0.044  
               0.00304381  -0.00396677  0.045  
               0.00304381  -0.00396677  0.046  
               0.00304381  -0.00396677  0.047  
               0.00304381  -0.00396677  0.048  
               0.00304381  -0.00396677  0.049  
               0.00353553  -0.00353553  0.001  
               0.00353553  -0.00353553  0.002  
               0.00353553  -0.00353553  0.003  
               0.00353553  -0.00353553  0.004  
               0.00353553  -0.00353553  0.005  
               0.00353553  -0.00353553  0.006  
               0.00353553  -0.00353553  0.007  
               0.00353553  -0.00353553  0.008  
               0.00353553  -0.00353553  0.009  
               0.00353553  -0.00353553  0.01  
               0.00353553  -0.00353553  0.011  
               0.00353553  -0.00353553  0.012  
               0.00353553  -0.00353553  0.013  
               0.00353553  -0.00353553  0.014  
               0.00353553  -0.00353553  0.015  
               0.00353553  -0.00353553  0.016  
               0.00353553  -0.00353553  0.017  
               0.00353553  -0.00353553  0.018  
               0.00353553  -0.00353553  0.019  
               0.00353553  -0.00353553  0.02  
               0.00353553  -0.00353553  0.021  
               0.00353553  -0.00353553  0.022  
               0.00353553  -0.00353553  0.023  
               0.00353553  -0.00353553  0.024  
               0.00353553  -0.00353553  0.025  
               0.00353553  -0.00353553  0.026  
               0.00353553  -0.00353553  0.027  
               0.00353553  -0.00353553  0.028  
               0.00353553  -0.00353553  0.029  
               0.00353553  -0.00353553  0.03  
               0.00353553  -0.00353553  0.031  
               0.00353553  -0.00353553  0.032  
               0.00353553  -0.00353553  0.033  
               0.00353553  -0.00353553  0.034  
               0.00353553  -0.00353553  0.035  
               0.00353553  -0.00353553  0.036  
               0.00353553  -0.00353553  0.037  
               0.00353553  -0.00353553  0.038  
               0.00353553  -0.00353553  0.039  
               0.00353553  -0.00353553  0.04  
               0.00353553  -0.00353553  0.041  
               0.00353553  -0.00353553  0.042  
               0.00353553  -0.00353553  0.043  
               0.00353553  -0.00353553  0.044  
               0.00353553  -0.00353553  0.045  
               0.00353553  -0.00353553  0.046  
               0.00353553  -0.00353553  0.047  
               0.00353553  -0.00353553  0.048  
               0.00353553  -0.00353553  0.049  
               0.00396677  -0.00304381  0.001  
               0.00396677  -0.00304381  0.002  
               0.00396677  -0.00304381  0.003  
               0.00396677  -0.00304381  0.004  
               0.00396677  -0.00304381  0.005  
               0.00396677  -0.00304381  0.006  
               0.00396677  -0.00304381  0.007  
               0.00396677  -0.00304381  0.008  
               0.00396677  -0.00304381  0.009  
               0.00396677  -0.00304381  0.01  
               0.00396677  -0.00304381  0.011  
               0.00396677  -0.00304381  0.012  
               0.00396677  -0.00304381  0.013  
               0.00396677  -0.00304381  0.014  
               0.00396677  -0.00304381  0.015  
               0.00396677  -0.00304381  0.016  
               0.00396677  -0.00304381  0.017  
               0.00396677  -0.00304381  0.018  
               0.00396677  -0.00304381  0.019  
               0.00396677  -0.00304381  0.02  
               0.00396677  -0.00304381  0.021  
               0.00396677  -0.00304381  0.022  
               0.00396677  -0.00304381  0.023  
               0.00396677  -0.00304381  0.024  
               0.00396677  -0.00304381  0.025  
               0.00396677  -0.00304381  0.026  
               0.00396677  -0.00304381  0.027  
               0.00396677  -0.00304381  0.028  
               0.00396677  -0.00304381  0.029  
               0.00396677  -0.00304381  0.03  
               0.00396677  -0.00304381  0.031  
               0.00396677  -0.00304381  0.032  
               0.00396677  -0.00304381  0.033  
               0.00396677  -0.00304381  0.034  
               0.00396677  -0.00304381  0.035  
               0.00396677  -0.00304381  0.036  
               0.00396677  -0.00304381  0.037  
               0.00396677  -0.00304381  0.038  
               0.00396677  -0.00304381  0.039  
               0.00396677  -0.00304381  0.04  
               0.00396677  -0.00304381  0.041  
               0.00396677  -0.00304381  0.042  
               0.00396677  -0.00304381  0.043  
               0.00396677  -0.00304381  0.044  
               0.00396677  -0.00304381  0.045  
               0.00396677  -0.00304381  0.046  
               0.00396677  -0.00304381  0.047  
               0.00396677  -0.00304381  0.048  
               0.00396677  -0.00304381  0.049  
               0.00433013  -0.0025  0.001  
               0.00433013  -0.0025  0.002  
               0.00433013  -0.0025  0.003  
               0.00433013  -0.0025  0.004  
               0.00433013  -0.0025  0.005  
               0.00433013  -0.0025  0.006  
               0.00433013  -0.0025  0.007  
               0.00433013  -0.0025  0.008  
               0.00433013  -0.0025  0.009  
               0.00433013  -0.0025  0.01  
               0.00433013  -0.0025  0.011  
               0.00433013  -0.0025  0.012  
               0.00433013  -0.0025  0.013  
               0.00433013  -0.0025  0.014  
               0.00433013  -0.0025  0.015  
               0.00433013  -0.0025  0.016  
               0.00433013  -0.0025  0.017  
               0.00433013  -0.0025  0.018  
               0.00433013  -0.0025  0.019  
               0.00433013  -0.0025  0.02  
               0.00433013  -0.0025  0.021  
               0.00433013  -0.0025  0.022  
               0.00433013  -0.0025  0.023  
               0.00433013  -0.0025  0.024  
               0.00433013  -0.0025  0.025  
               0.00433013  -0.0025  0.026  
               0.00433013  -0.0025  0.027  
               0.00433013  -0.0025  0.028  
               0.00433013  -0.0025  0.029  
               0.00433013  -0.0025  0.03  
               0.00433013  -0.0025  0.031  
               0.00433013  -0.0025  0.032  
               0.00433013  -0.0025  0.033  
               0.00433013  -0.0025  0.034  
               0.00433013  -0.0025  0.035  
               0.00433013  -0.0025  0.036  
               0.00433013  -0.0025  0.037  
               0.00433013  -0.0025  0.038  
               0.00433013  -0.0025  0.039  
               0.00433013  -0.0025  0.04  
               0.00433013  -0.0025  0.041  
               0.00433013  -0.0025  0.042  
               0.00433013  -0.0025  0.043  
               0.00433013  -0.0025  0.044  
               0.00433013  -0.0025  0.045  
               0.00433013  -0.0025  0.046  
               0.00433013  -0.0025  0.047  
               0.00433013  -0.0025  0.048  
               0.00433013  -0.0025  0.049  
               0.0046194  -0.00191342  0.001  
               0.0046194  -0.00191342  0.002  
               0.0046194  -0.00191342  0.003  
               0.0046194  -0.00191342  0.004  
               0.0046194  -0.00191342  0.005  
               0.0046194  -0.00191342  0.006  
               0.0046194  -0.00191342  0.007  
               0.0046194  -0.00191342  0.008  
               0.0046194  -0.00191342  0.009  
               0.0046194  -0.00191342  0.01  
               0.0046194  -0.00191342  0.011  
               0.0046194  -0.00191342  0.012  
               0.0046194  -0.00191342  0.013  
               0.0046194  -0.00191342  0.014  
               0.0046194  -0.00191342  0.015  
               0.0046194  -0.00191342  0.016  
               0.0046194  -0.00191342  0.017  
               0.0046194  -0.00191342  0.018  
               0.0046194  -0.00191342  0.019  
               0.0046194  -0.00191342  0.02  
               0.0046194  -0.00191342  0.021  
               0.0046194  -0.00191342  0.022  
               0.0046194  -0.00191342  0.023  
               0.0046194  -0.00191342  0.024  
               0.0046194  -0.00191342  0.025  
               0.0046194  -0.00191342  0.026  
               0.0046194  -0.00191342  0.027  
               0.0046194  -0.00191342  0.028  
               0.0046194  -0.00191342  0.029  
               0.0046194  -0.00191342  0.03  
               0.0046194  -0.00191342  0.031  
               0.0046194  -0.00191342  0.032  
               0.0046194  -0.00191342  0.033  
               0.0046194  -0.00191342  0.034  
               0.0046194  -0.00191342  0.035  
               0.0046194  -0.00191342  0.036  
               0.0046194  -0.00191342  0.037  
               0.0046194  -0.00191342  0.038  
               0.0046194  -0.00191342  0.039  
               0.0046194  -0.00191342  0.04  
               0.0046194  -0.00191342  0.041  
               0.0046194  -0.00191342  0.042  
               0.0046194  -0.00191342  0.043  
               0.0046194  -0.00191342  0.044  
               0.0046194  -0.00191342  0.045  
               0.0046194  -0.00191342  0.046  
               0.0046194  -0.00191342  0.047  
               0.0046194  -0.00191342  0.048  
               0.0046194  -0.00191342  0.049  
               0.00482963  -0.0012941  0.001  
               0.00482963  -0.0012941  0.002  
               0.00482963  -0.0012941  0.003  
               0.00482963  -0.0012941  0.004  
               0.00482963  -0.0012941  0.005  
               0.00482963  -0.0012941  0.006  
               0.00482963  -0.0012941  0.007  
               0.00482963  -0.0012941  0.008  
               0.00482963  -0.0012941  0.009  
               0.00482963  -0.0012941  0.01  
               0.00482963  -0.0012941  0.011  
               0.00482963  -0.0012941  0.012  
               0.00482963  -0.0012941  0.013  
               0.00482963  -0.0012941  0.014  
               0.00482963  -0.0012941  0.015  
               0.00482963  -0.0012941  0.016  
               0.00482963  -0.0012941  0.017  
               0.00482963  -0.0012941  0.018  
               0.00482963  -0.0012941  0.019  
               0.00482963  -0.0012941  0.02  
               0.00482963  -0.0012941  0.021  
               0.00482963  -0.0012941  0.022  
               0.00482963  -0.0012941  0.023  
               0.00482963  -0.0012941  0.024  
               0.00482963  -0.0012941  0.025  
               0.00482963  -0.0012941  0.026  
               0.00482963  -0.0012941  0.027  
               0.00482963  -0.0012941  0.028  
               0.00482963  -0.0012941  0.029  
               0.00482963  -0.0012941  0.03  
               0.00482963  -0.0012941  0.031  
               0.00482963  -0.0012941  0.032  
               0.00482963  -0.0012941  0.033  
               0.00482963  -0.0012941  0.034  
               0.00482963  -0.0012941  0.035  
               0.00482963  -0.0012941  0.036  
               0.00482963  -0.0012941  0.037  
               0.00482963  -0.0012941  0.038  
               0.00482963  -0.0012941  0.039  
               0.00482963  -0.0012941  0.04  
               0.00482963  -0.0012941  0.041  
               0.00482963  -0.0012941  0.042  
               0.00482963  -0.0012941  0.043  
               0.00482963  -0.0012941  0.044  
               0.00482963  -0.0012941  0.045  
               0.00482963  -0.0012941  0.046  
               0.00482963  -0.0012941  0.047  
               0.00482963  -0.0012941  0.048  
               0.00482963  -0.0012941  0.049  
               0.00495722  -0.000652631  0.001  
               0.00495722  -0.000652631  0.002  
               0.00495722  -0.000652631  0.003  
               0.00495722  -0.000652631  0.004  
               0.00495722  -0.000652631  0.005  
               0.00495722  -0.000652631  0.006  
               0.00495722  -0.000652631  0.007  
               0.00495722  -0.000652631  0.008  
               0.00495722  -0.000652631  0.009  
               0.00495722  -0.000652631  0.01  
               0.00495722  -0.000652631  0.011  
               0.00495722  -0.000652631  0.012  
               0.00495722  -0.000652631  0.013  
               0.00495722  -0.000652631  0.014  
               0.00495722  -0.000652631  0.015  
               0.00495722  -0.000652631  0.016  
               0.00495722  -0.000652631  0.017  
               0.00495722  -0.000652631  0.018  
               0.00495722  -0.000652631  0.019  
               0.00495722  -0.000652631  0.02  
               0.00495722  -0.000652631  0.021  
               0.00495722  -0.000652631  0.022  
               0.00495722  -0.000652631  0.023  
               0.00495722  -0.000652631  0.024  
               0.00495722  -0.000652631  0.025  
               0.00495722  -0.000652631  0.026  
               0.00495722  -0.000652631  0.027  
               0.00495722  -0.000652631  0.028  
               0.00495722  -0.000652631  0.029  
               0.00495722  -0.000652631  0.03  
               0.00495722  -0.000652631  0.031  
               0.00495722  -0.000652631  0.032  
               0.00495722  -0.000652631  0.033  
               0.00495722  -0.000652631  0.034  
               0.00495722  -0.000652631  0.035  
               0.00495722  -0.000652631  0.036  
               0.00495722  -0.000652631  0.037  
               0.00495722  -0.000652631  0.038  
               0.00495722  -0.000652631  0.039  
               0.00495722  -0.000652631  0.04  
               0.00495722  -0.000652631  0.041  
               0.00495722  -0.000652631  0.042  
               0.00495722  -0.000652631  0.043  
               0.00495722  -0.000652631  0.044  
               0.00495722  -0.000652631  0.045  
               0.00495722  -0.000652631  0.046  
               0.00495722  -0.000652631  0.047  
               0.00495722  -0.000652631  0.048  
               0.00495722  -0.000652631  0.049  
            </DataArray>
         </Points> 

         <Cells>
            <DataArray type="Int32" Name="connectivity" NumberOfComponents="1" format="ascii">
               
            </DataArray> 
            <DataArray type="Int32" Name="offsets" NumberOfComponents="1" format="ascii">
               
            </DataArray>
            <DataArray type="UInt8"  Name="types" NumberOfComponents="1" format="ascii">
               
            </DataArray>
         </Cells>
         <PointData Scalars="Rank " Vectors="DisplacementDelta Force ">
            <DataArray type="UInt32" Name="Rank" NumberOfComponents="1" format="ascii">
               0 0 0 0 0 0 0 0 0 0 0 0 0 0 0 0 0 0 0 0 0 0 0 0 0 0 0 0 0 0 0 0 0 0 0 0 0 0 0 0 0 0 0 0 0 0 0 0 0 0 0 0 0 0 0 0 0 0 0 0 0 0 0 0 0 0 0 0 0 0 0 0 0 0 0 0 0 0 0 0 0 0 0 0 0 0 0 0 0 0 0 0 0 0 0 0 0 0 0 0 0 0 0 0 0 0 0 0 0 0 0 0 0 0 0 0 0 0 0 0 0 0 0 0 0 0 0 0 0 0 0 0 0 0 0 0 0 0 0 0 0 0 0 0 0 0 0 0 0 0 0 0 0 0 0 0 0 0 0 0 0 0 0 0 0 0 0 0 0 0 0 0 0 0 0 0 0 0 0 0 0 0 0 0 0 0 0 0 0 0 0 0 0 0 0 0 0 0 0 0 0 0 0 0 0 0 0 0 0 0 0 0 0 0 0 0 0 0 0 0 0 0 0 0 0 0 0 0 0 0 0 0 0 0 0 0 0 0 0 0 0 0 0 0 0 0 0 0 0 0 0 0 0 0 0 0 0 0 0 0 0 0 0 0 0 0 0 0 0 0 0 0 0 0 0 0 0 0 0 0 0 0 0 0 0 0 0 0 0 0 0 0 0 0 0 0 0 0 0 0 0 0 0 0 0 0 0 0 0 0 0 0 0 0 0 0 0 0 0 0 0 0 0 0 0 0 0 0 0 0 0 0 0 0 0 0 0 0 0 0 0 0 0 0 0 0 0 0 0 0 0 0 0 0 0 0 0 0 0 0 0 0 0 0 0 0 0 0 0 0 0 0 0 0 0 0 0 0 0 0 0 0 0 0 0 0 0 0 0 0 0 0 0 0 0 0 0 0 0 0 0 0 0 0 0 0 0 0 0 0 0 0 0 0 0 0 0 0 0 0 0 0 0 0 0 0 0 0 0 0 0 0 0 0 0 0 0 0 0 0 0 0 0 0 0 0 0 0 0 0 0 0 0 0 0 0 0 0 0 0 0 0 0 0 0 0 0 0 0 0 0 0 0 0 0 0 0 0 0 0 0 0 0 0 0 0 0 0 0 0 0 0 0 0 0 0 0 0 0 0 0 0 0 0 0 0 0 0 0 0 0 0 0 0 0 0 0 0 0 0 0 0 0 0 0 0 0 0 0 0 0 0 0 0 0 0 0 0 0 0 0 0 0 0 0 0 0 0 0 0 0 0 0 0 0 0 0 0 0 0 0 0 0 0 0 0 0 0 0 0 0 0 0 0 0 0 0 0 0 0 0 0 0 0 0 0 0 0 0 0 0 0 0 0 0 0 0 0 0 0 0 0 0 0 0 0 0 0 0 0 0 0 0 0 0 0 0 0 0 0 0 0 0 0 0 0 0 0 0 0 0 0 0 0 0 0 0 0 0 0 0 0 0 0 0 0 0 0 0 0 0 0 0 0 0 0 0 0 0 0 0 0 0 0 0 0 0 0 0 0 0 0 0 0 0 0 0 0 0 0 0 0 0 0 0 0 0 0 0 0 0 0 0 0 0 0 0 0 0 0 0 0 0 0 0 0 0 0 0 0 0 0 0 0 0 0 0 0 0 0 0 0 0 0 0 0 0 0 0 0 0 0 0 0 0 0 0 0 0 0 0 0 0 0 0 0 0 0 0 0 0 0 0 0 0 0 0 0 0 0 0 0 0 0 0 0 0 0 0 0 0 0 0 0 0 0 0 0 0 0 0 0 0 0 0 0 0 0 0 0 0 0 0 0 0 0 0 0 0 0 0 0 0 0 0 0 0 0 0 0 0 0 0 0 0 0 0 0 0 0 0 0 0 0 0 0 0 0 0 0 0 0 0 0 0 0 0 0 0 0 0 0 0 0 0 0 0 0 0 0 0 0 0 0 0 0 0 0 0 0 0 0 0 0 0 0 0 0 0 0 0 0 0 0 0 0 0 0 0 0 0 0 0 0 0 0 0 0 0 0 0 0 0 0 0 0 0 0 0 0 0 0 0 0 0 0 0 0 0 0 0 0 0 0 0 0 0 0 0 0 0 0 0 0 0 0 0 0 0 0 0 0 0 0 0 0 0 0 0 0 0 0 0 0 0 0 0 0 0 0 0 0 0 0 0 0 0 0 0 0 0 0 0 0 0 0 0 0 0 0 0 0 0 0 0 0 0 0 0 0 0 0 0 0 0 0 0 0 0 0 0 0 0 0 0 0 0 0 0 0 0 0 0 0 0 0 0 0 0 0 0 0 0 0 0 0 0 0 0 0 0 0 0 0 0 0 0 0 0 0 0 0 0 0 0 0 0 0 0 0 0 0 0 0 0 0 0 0 0 0 0 0 0 0 0 0 0 0 0 0 0 0 0 0 0 0 0 0 0 0 0 0 0 0 0 0 0 0 0 0 0 0 0 0 0 0 0 0 0 0 0 0 0 0 0 0 0 0 0 0 0 0 0 0 0 0 0 0 0 0 0 0 0 0 0 0 0 0 0 0 0 0 0 0 0 0 0 0 0 0 0 0 0 0 0 0 0 0 0 0 0 0 0 0 0 0 0 0 0 0 0 0 0 0 0 0 0 0 0 0 0 0 0 0 0 0 0 0 0 0 0 0 0 0 0 0 0 0 0 0 0 0 0 0 0 0 0 0 0 0 0 0 0 0 0 0 0 0 0 0 0 0 0 0 0 0 0 0 0 0 0 0 0 0 0 0 0 0 0 0 0 0 0 0 0 0 0 0 0 0 0 0 0 0 0 0 0 0 0 0 0 0 0 0 0 0 0 0 0 0 0 0 0 0 0 0 0 0 0 0 0 0 0 0 0 0 0 0 0 0 0 0 0 0 0 0 0 0 0 0 0 0 0 0 0 0 0 0 0 0 0 0 0 0 0 0 0 0 0 0 0 0 0 0 0 0 0 0 0 0 0 0 0 0 0 0 0 0 0 0 0 0 0 0 0 0 0 0 0 0 0 0 0 0 0 0 0 0 0 0 0 0 0 0 0 0 0 0 0 0 0 0 0 0 0 0 0 0 0 0 0 0 0 0 0 0 0 0 0 0 0 0 0 0 0 0 0 0 0 0 0 0 0 0 0 0 0 0 0 0 0 0 0 0 0 0 0 0 0 0 0 0 0 0 0 0 0 0 0 0 0 0 0 0 0 0 0 0 0 0 0 0 0 0 0 0 0 0 0 0 0 0 0 0 0 0 0 0 0 0 0 0 0 0 0 0 0 0 0 0 0 0 0 0 0 0 0 0 0 0 0 0 0 0 0 0 0 0 0 0 0 0 0 0 0 0 0 0 0 0 0 0 0 0 0 0 0 0 0 0 0 0 0 0 0 0 0 0 0 0 0 0 0 0 0 0 0 0 0 0 0 0 0 0 0 0 0 0 0 0 0 0 0 0 0 0 0 0 0 0 0 0 0 0 0 0 0 0 0 0 0 0 0 0 0 0 0 0 0 0 0 0 0 0 0 0 0 0 0 0 0 0 0 0 0 0 0 0 0 0 0 0 0 0 0 0 0 0 0 0 0 0 0 0 0 0 0 0 0 0 0 0 0 0 0 0 0 0 0 0 0 0 0 0 0 0 0 0 0 0 0 0 0 0 0 0 0 0 0 0 0 0 0 0 0 0 0 0 0 0 0 0 0 0 0 0 0 0 0 0 0 0 0 0 0 0 0 0 0 0 0 0 0 0 0 0 0 0 0 0 0 0 0 0 0 0 0 0 0 0 0 0 0 0 0 0 0 0 0 0 0 0 0 0 0 0 0 0 0 0 0 0 0 0 0 0 0 0 0 0 0 0 0 0 0 0 0 0 0 0 0 0 0 0 0 0 0 0 0 0 0 0 0 0 0 0 0 0 0 0 0 0 0 0 0 0 0 0 0 0 0 0 0 0 0 0 0 0 0 0 0 0 0 0 0 0 0 0 0 0 0 0 0 0 0 0 0 0 0 0 0 0 0 0 0 0 0 0 0 0 0 0 0 0 0 0 0 0 0 0 0 0 0 0 0 0 0 0 0 0 0 0 0 0 0 0 0 0 0 0 0 0 0 0 0 0 0 0 0 0 0 0 0 0 0 0 0 0 0 0 0 0 0 0 0 0 0 0 0 0 0 0 0 0 0 0 0 0 0 0 0 0 0 0 0 0 0 0 0 0 0 0 0 0 0 0 0 0 0 0 0 0 0 0 0 0 0 0 0 0 0 0 0 0 0 0 0 0 0 0 0 0 0 0 0 0 0 0 0 0 0 0 0 0 0 0 0 0 0 0 0 0 0 0 0 0 0 0 0 0 0 0 0 0 0 0 0 0 0 0 0 0 0 0 0 0 0 0 0 0 0 0 0 0 0 0 0 0 0 0 0 0 0 0 0 0 0 0 0 0 0 0 0 0 0 0 0 0 0 0 0 0 0 0 0 0 0 0 0 0 0 0 0 0 0 0 0 0 0 0 0 0 0 0 0 0 0 0 0 0 0 0 0 0 0 0 0 0 0 0 0 0 0 0 0 0 0 0 0 0 0 0 0 0 0 0 0 0 0 0 0 0 0 0 0 0 0 0 0 0 0 0 0 0 0 0 0 0 0 0 0 0 0 0 0 0 0 0 0 0 0 0 0 0 0 0 0 0 0 0 0 0 0 0 0 0 0 0 0 0 0 0 0 0 0 0 0 0 0 0 0 0 0 0 0 0 0 0 0 0 0 0 0 0 0 0 0 0 0 0 0 0 0 0 0 0 0 0 0 0 0 0 0 0 0 0 0 0 0 0 0 0 0 0 0 0 0 0 0 0 0 0 0 0 0 0 0 0 0 0 0 0 0 0 0 0 0 0 0 0 0 0 0 0 0 0 0 0 0 0 0 0 0 0 0 0 0 0 0 0 0 0 0 0 0 0 0 0 0 0 0 0 0 0 0 0 0 0 0 0 0 0 0 0 0 0 0 0 0 0 0 0 0 0 0 0 0 0 0 0 0 0 0 0 0 0 0 0 0 0 0 0 0 0 0 0 0 0 0 0 0 0 0 0 0 0 0 0 0 0 0 0 0 0 0 0 0 0 0 0 0 0 0 0 0 0 0 0 0 0 0 0 0 0 0 0 0 0 0 0 0 0 0 0 0 0 0 0 0 0 0 0 0 0 0 0 0 0 0 0 0 0 0 0 0 0 0 0 0 0 0 0 0 0 0 0 0 0 0 0 0 0 0 0 0 0 0 0 0 0 0 0 0 0 0 0 0 0 0 0 0 0 0 0 0 0 0 0 0 0 0 0 
            </DataArray>
            <DataArray type="Float64" Name="DisplacementDelta" NumberOfComponents="3" format="ascii">
               5.78934e-06 7.52419e-09 1.86013e-06  7.59413e-06 2.63115e-08 3.14156e-07  5.47485e-06 7.11354e-08 -1.11814e-06  2.57161e-06 7.69217e-08 -1.10369e-06  1.056e-06 3.47204e-08 -4.32688e-07  8.6479e-07 -4.94984e-08 -1.04671e-07  6.71681e-07 -7.07233e-08 -1.12675e-07  4.10058e-07 -4.5842e-08 -1.17916e-07  2.33231e-07 -2.01038e-08 -7.41699e-08  1.49135e-07 -5.78704e-09 -4.08973e-08  1.02292e-07 -6.85742e-10 -2.75208e-08  7.09366e-08 -2.15876e-09 -1.99315e-08  4.79265e-08 4.71508e-11 -1.36811e-08  3.15606e-08 -1.15317e-09 -8.23487e-09  2.51164e-08 -1.36902e-09 -3.59952e-09  2.24149e-08 -3.3756e-10 -2.60634e-09  1.68999e-08 4.2554e-10 -2.44135e-09  1.44869e-08 6.25853e-10 3.211e-10  2.20615e-08 -1.04439e-09 -2.45243e-10  9.10873e-09 5.91547e-10 -1.2297e-09  8.46966e-09 -2.26902e-10 5.70216e-10  9.15158e-09 -6.44604e-10 -3.47475e-10  4.15415e-09 -3.42605e-10 -1.35791e-09  3.08261e-09 -2.86921e-10 1.48896e-10  3.73147e-09 -2.88414e-10 6.5531e-10  3.73684e-09 3.54129e-10 -1.60841e-10  3.28702e-09 1.15669e-10 1.44231e-12  -2.84251e-11 -4.15707e-10 -4.7183e-11  2.2789e-09 -2.15124e-10 -7.30479e-10  -1.15478e-09 4.38914e-10 -6.01093e-10  1.33441e-09 3.96091e-11 -8.72527e-11  -1.69382e-09 1.0377e-10 1.19438e-11  -1.21671e-10 2.65507e-10 -1.1784e-12  -2.42007e-09 5.72625e-10 2.80915e-12  2.01041e-11 3.22992e-10 9.01154e-11  -3.6179e-10 3.94605e-10 8.55252e-11  -4.95436e-10 3.89197e-10 7.53616e-11  1.24411e-09 6.5843e-10 -6.62237e-11  -6.52173e-10 5.97814e-10 -9.22482e-11  1.00322e-11 6.77183e-10 -9.01464e-11  -1.25926e-09 5.13346e-10 -7.2623e-11  2.02717e-10 5.66923e-10 -4.20293e-11  2.07904e-11 4.52461e-10 -1.14411e-10  -1.68977e-10 3.49389e-10 -1.14489e-10  4.75158e-10 3.47787e-10 -1.87227e-10  -6.47578e-10 2.86598e-10 -1.96854e-10  -6.817e-10 3.32788e-10 -4.56643e-11  -5.43749e-10 2.11955e-10 7.22126e-11  -2.05246e-10 3.48479e-11 8.17462e-11  -1.90808e-08 6.86009e-06 1.87368e-06  -1.06424e-08 7.45943e-06 3.10458e-07  3.93554e-09 5.51363e-06 -1.1233e-06  3.5993e-09 2.31306e-06 -1.12811e-06  -4.29695e-09 9.50077e-07 -4.06742e-07  -1.16311e-08 8.88783e-07 -7.68678e-08  -8.33317e-09 7.0399e-07 -1.1138e-07  -6.77594e-09 4.22291e-07 -1.25489e-07  -6.98403e-09 2.20863e-07 -8.06991e-08  6.48801e-09 1.63692e-07 -4.32898e-08  4.4484e-09 1.03669e-07 -3.36289e-08  3.22194e-09 1.94389e-08 -2.32808e-08  3.21299e-09 1.12087e-08 -9.6571e-09  1.12353e-09 1.10464e-08 -5.67597e-09  1.10899e-09 5.04636e-09 -4.36306e-09  8.84036e-10 3.83406e-09 -2.38955e-09  5.83013e-10 3.18492e-09 -1.10594e-09  4.59481e-10 4.42415e-09 -2.94809e-10  1.43447e-10 5.42472e-09 -8.3307e-11  -5.3767e-11 6.00423e-09 1.53979e-10  6.61013e-11 6.98747e-09 3.04975e-10  1.3169e-10 7.51058e-09 1.58037e-10  1.51039e-10 7.35924e-09 8.99088e-12  2.90285e-10 7.32298e-09 -1.75659e-10  4.96076e-10 6.66282e-09 -3.27654e-10  5.96234e-10 5.66165e-09 -3.03415e-10  6.89204e-10 4.93286e-09 -2.13082e-10  7.46955e-10 4.30317e-09 -1.67927e-10  7.26937e-10 3.71143e-09 -1.61074e-10  6.67625e-10 3.05989e-09 -1.33129e-10  5.9572e-10 2.58176e-09 -7.68001e-11  4.58898e-10 2.26397e-09 -4.41903e-11  2.9676e-10 2.08045e-09 -1.67124e-11  1.48997e-10 1.98432e-09 -4.33235e-13  4.58425e-11 1.96027e-09 1.48019e-11  5.93429e-11 1.88224e-09 -2.27699e-11  2.60954e-10 1.91035e-09 -9.79498e-11  3.0602e-10 1.41998e-09 -1.88814e-10  3.33354e-10 7.5092e-10 -3.08479e-10  2.56224e-10 4.96659e-10 -3.82552e-10  1.52996e-10 -1.53642e-09 -2.33899e-10  -4.75735e-11 -1.57145e-10 -1.85824e-10  1.2075e-10 -1.52125e-09 -1.02259e-10  1.89022e-10 -1.28449e-09 -1.02893e-10  3.16875e-10 -1.34711e-09 -1.3178e-10  3.4712e-10 -1.44539e-09 -3.06765e-11  2.48544e-10 -1.30788e-09 1.47488e-10  1.20191e-10 -7.93837e-10 2.53771e-10  3.01365e-11 -4.24094e-10 1.79453e-10  -5.38846e-06 -1.24481e-08 1.78402e-06  -7.24285e-06 -6.56365e-09 3.98377e-07  -5.46141e-06 7.10458e-09 -1.05806e-06  -2.41743e-06 6.49599e-09 -1.09536e-06  -9.48106e-07 -2.15789e-09 -4.05524e-07  -8.5586e-07 -4.47577e-09 -7.24457e-08  -6.73441e-07 -2.64183e-09 -1.20851e-07  -3.76917e-07 -2.924e-09 -1.30581e-07  -1.9831e-07 -5.79715e-09 -6.63966e-08  -1.58067e-07 -1.7714e-10 -3.96439e-08  -8.15111e-08 -3.86131e-10 -4.53776e-08  -5.18966e-08 -1.99581e-09 -2.82893e-08  8.00388e-09 -9.86125e-10 -5.15348e-09  -4.71169e-08 -2.47634e-09 1.88772e-09  -1.12781e-08 -2.238e-09 -1.11741e-08  3.30225e-08 4.79668e-10 -4.27459e-09  -8.91346e-09 5.31625e-10 2.86571e-09  -6.21574e-09 5.89276e-10 -2.2208e-09  -1.09563e-09 4.18575e-11 -1.21202e-10  -4.97854e-09 7.67083e-10 1.26479e-09  -5.72436e-09 1.02843e-09 -1.59233e-10  -4.60148e-09 1.04897e-09 -2.4826e-10  -4.97583e-09 1.10108e-09 8.32162e-11  -4.65568e-09 1.04513e-09 1.30073e-10  -4.57026e-09 1.001e-09 1.50999e-10  -4.33762e-09 1.01948e-09 -5.50398e-12  -3.955e-09 1.11791e-09 -3.06563e-10  -2.86346e-09 1.16918e-09 -4.65686e-10  -1.75183e-09 9.32952e-10 -3.47486e-10  -1.13083e-09 5.77734e-10 -1.26643e-10  -1.86901e-09 8.56093e-10 6.53265e-11  2.29406e-09 5.36738e-10 9.47864e-11  -2.17584e-09 6.54543e-10 -3.03823e-10  -2.04128e-10 2.29162e-10 -4.75101e-10  1.79995e-09 3.30803e-10 -2.04422e-10  2.31198e-09 2.09115e-10 2.94585e-11  -1.94537e-09 1.71381e-10 1.24075e-10  2.71664e-09 2.50928e-10 1.44102e-10  -1.87401e-10 1.10169e-10 -1.1487e-10  7.47681e-10 4.66899e-11 -1.56359e-10  8.81714e-10 8.72988e-11 -2.67887e-10  8.2479e-10 1.44287e-10 -2.84601e-10  2.8966e-09 1.90398e-10 -1.27869e-10  8.67395e-11 2.22247e-10 1.3929e-10  1.77561e-09 2.4709e-10 1.53981e-10  5.45967e-10 3.23603e-10 6.44741e-11  8.1538e-10 3.73562e-10 1.90051e-10  3.07569e-10 3.15546e-10 2.61895e-10  3.51918e-12 1.68408e-10 1.17324e-10  -6.61486e-08 -7.10265e-06 1.91925e-06  -6.38042e-08 -7.6242e-06 3.42725e-07  -3.05048e-08 -5.80184e-06 -1.1078e-06  -9.32467e-10 -2.63074e-06 -1.14921e-06  3.05673e-09 -1.05267e-06 -4.33421e-07  8.01891e-09 -9.34582e-07 -7.74316e-08  -5.55246e-09 -7.65702e-07 -1.2426e-07  -8.0822e-09 -3.83657e-07 -1.41605e-07  -3.49689e-09 -2.04959e-07 -7.45739e-08  -1.2541e-08 -1.63791e-07 -4.37401e-08  -2.75961e-09 -9.53778e-08 -3.37324e-08  1.18573e-08 -6.45482e-08 -2.35567e-08  1.26389e-08 -6.56141e-09 -1.29308e-08  5.56076e-09 -3.70025e-09 -4.24529e-09  2.34126e-09 -4.07585e-09 -1.63388e-09  3.22356e-09 -3.90773e-09 -9.54281e-10  3.42117e-09 -5.09811e-09 -6.11773e-10  3.33138e-09 -3.87387e-09 -5.74943e-10  3.22352e-09 -3.38514e-09 6.40283e-11  2.50822e-09 -4.974e-09 3.6488e-10  2.39345e-09 -6.03352e-09 1.77854e-11  2.35199e-09 -5.22132e-09 -1.87955e-11  1.887e-09 -5.17187e-09 4.24472e-11  1.68548e-09 -4.88647e-09 -1.08284e-10  1.55103e-09 -4.32298e-09 -2.69714e-10  1.27477e-09 -3.38705e-09 -2.13795e-10  1.15714e-09 -2.96128e-09 -1.03898e-10  1.2392e-09 -2.60749e-09 -9.31079e-11  1.11129e-09 -2.21601e-09 3.46875e-11  9.5088e-10 -2.30514e-09 -6.16929e-11  9.71142e-10 -1.75197e-09 -4.73091e-10  8.77792e-10 2.35833e-10 -2.84587e-10  1.92051e-10 -7.28799e-10 1.53006e-10  2.81261e-10 -9.57651e-10 1.19375e-10  4.09721e-10 -1.45388e-09 2.75635e-11  -9.51872e-11 4.60939e-10 -1.77312e-11  -1.62878e-10 3.88782e-10 -1.68645e-10  1.02203e-10 -8.06585e-10 -3.14944e-10  1.5066e-10 1.34808e-10 -2.96024e-10  2.78515e-10 1.34765e-10 -2.67243e-10  1.40527e-10 1.55792e-09 -9.73097e-11  2.39911e-10 9.73105e-11 -1.42291e-10  3.86732e-10 1.32282e-09 -1.21203e-10  2.25612e-10 -2.54737e-10 -8.94662e-11  3.17167e-12 2.27849e-09 -1.76393e-10  -2.0339e-10 1.55874e-09 -4.95043e-11  -2.7156e-10 1.83027e-09 1.67353e-10  -2.47085e-10 1.22649e-09 4.41283e-10  -1.55364e-10 4.11219e-10 3.11765e-10  6.65791e-06 9.13879e-07 1.87314e-06  7.53114e-06 1.10774e-06 2.94703e-07  5.57819e-06 9.07224e-07 -1.10721e-06  2.51677e-06 4.76745e-07 -1.11574e-06  1.10941e-06 2.07809e-07 -4.63978e-07  7.98958e-07 8.94812e-08 -1.28477e-07  6.11301e-07 2.96158e-08 -1.11552e-07  3.6776e-07 9.00971e-09 -1.0561e-07  2.12699e-07 1.2984e-08 -6.50097e-08  1.39489e-07 1.62053e-08 -3.7523e-08  8.83358e-08 1.49042e-08 -2.98232e-08  4.64984e-08 1.41765e-09 -2.14463e-08  3.03023e-08 3.35175e-09 -1.27468e-08  1.78564e-08 2.56749e-09 -9.2367e-09  1.17374e-08 5.26262e-10 -3.9147e-09  1.3393e-08 1.51021e-09 -2.08868e-09  1.00479e-08 1.95027e-09 -2.24267e-09  9.87368e-09 1.75724e-09 -3.85704e-10  1.29393e-08 4.03915e-10 -3.56037e-10  1.02305e-08 1.61711e-09 -8.30807e-10  8.89086e-09 1.34278e-09 8.42097e-11  9.36011e-09 7.48468e-10 -3.30717e-10  7.19522e-09 1.35092e-09 -9.3525e-10  3.99614e-09 1.63049e-09 4.37741e-11  6.13336e-09 9.53027e-10 4.82651e-10  5.94465e-09 7.49117e-10 -2.01667e-10  4.75863e-09 7.35316e-10 -5.78143e-11  5.37077e-09 6.30384e-10 -1.41095e-10  3.36471e-09 5.29383e-10 -5.17803e-10  2.26278e-09 8.55307e-10 -3.80437e-10  1.01093e-09 8.17834e-10 -1.97761e-10  1.1227e-09 8.44885e-10 -5.39315e-11  1.13738e-09 6.1501e-10 9.62125e-12  1.44356e-09 6.36007e-10 1.25868e-11  1.02038e-09 5.08259e-10 9.10754e-11  1.1124e-09 6.10837e-10 1.32251e-10  1.22683e-09 6.91218e-10 7.78865e-11  1.00277e-09 7.59503e-10 -2.29043e-11  1.17371e-09 8.70573e-10 -7.52459e-11  1.03271e-09 8.26833e-10 -1.03299e-10  1.07083e-09 7.645e-10 -1.01485e-10  1.02247e-09 5.7848e-10 -7.46567e-11  8.33899e-10 5.08667e-10 -1.12417e-10  6.55054e-10 3.8171e-10 -1.59518e-10  2.13832e-10 2.74867e-10 -1.87812e-10  2.2961e-11 2.5044e-10 -1.72715e-10  -2.2734e-10 2.24065e-10 -5.64561e-11  -2.44663e-10 1.27554e-10 2.28685e-11  -2.75637e-10 2.8079e-12 5.38319e-11  6.52017e-06 1.73798e-06 1.89423e-06  7.41712e-06 2.12248e-06 3.31063e-07  5.5091e-06 1.73504e-06 -1.09699e-06  2.51348e-06 8.9478e-07 -1.1435e-06  1.09887e-06 3.9744e-07 -4.97934e-07  7.8606e-07 2.27999e-07 -1.4932e-07  5.83153e-07 1.31009e-07 -1.144e-07  3.62159e-07 7.38281e-08 -9.7075e-08  2.29332e-07 5.0838e-08 -6.00599e-08  1.62102e-07 3.45241e-08 -3.51463e-08  1.17061e-07 3.45331e-08 -3.01356e-08  3.11892e-08 1.1403e-08 -2.32452e-08  4.9673e-08 1.40975e-08 -1.15246e-08  3.39542e-08 1.02588e-08 -9.69662e-09  2.37603e-08 6.63046e-09 -4.50779e-09  2.34745e-08 6.32659e-09 -1.7284e-09  1.8603e-08 5.47521e-09 -1.99233e-09  1.61144e-08 5.02711e-09 -1.09427e-09  1.34376e-08 3.01196e-09 -4.82843e-10  1.1638e-08 3.25796e-09 -3.08956e-10  1.06394e-08 2.83235e-09 -2.95978e-10  8.77696e-09 1.87009e-09 -3.79132e-10  7.10743e-09 1.90411e-09 -3.50213e-10  5.20981e-09 2.19372e-09 -4.47335e-11  4.68211e-09 1.36647e-09 2.48637e-11  3.28479e-09 9.02711e-10 -1.85268e-10  2.31829e-09 8.31934e-10 -9.76191e-11  1.95214e-09 3.90628e-10 -1.92638e-10  9.67169e-10 3.77574e-10 -3.10654e-10  2.63112e-10 3.75488e-10 -2.42205e-10  -1.65855e-10 6.25258e-10 -1.8228e-10  -4.50302e-10 5.54191e-10 -1.2684e-10  -6.21863e-10 3.51566e-10 -7.63482e-11  -5.31363e-10 1.54267e-10 -5.46816e-12  -4.59641e-10 1.95458e-10 9.10339e-11  -1.17632e-10 2.86126e-10 1.70482e-10  1.75026e-10 4.35616e-10 1.10477e-10  2.60126e-10 6.13414e-10 9.29396e-12  3.66674e-10 6.4954e-10 -9.34162e-11  3.624e-10 5.79538e-10 -1.33214e-10  5.76775e-10 4.98942e-10 -1.38602e-10  -7.04764e-10 6.75695e-11 -1.01017e-10  7.15368e-10 3.30121e-10 -1.22213e-10  4.45126e-11 1.23036e-10 -1.8729e-10  5.67434e-10 2.44162e-10 -1.82678e-10  -4.85839e-10 5.16476e-12 -1.53643e-10  -6.59118e-10 -8.25549e-11 -8.38906e-11  -4.86643e-10 -4.41233e-11 4.21893e-13  -3.3638e-10 -3.18624e-11 4.82298e-11  5.48123e-06 2.24514e-06 1.92329e-06  7.14e-06 3.11245e-06 4.24718e-07  5.50994e-06 2.54082e-06 -1.08111e-06  2.68258e-06 1.34783e-06 -1.17594e-06  1.13131e-06 5.98631e-07 -5.36005e-07  7.72105e-07 3.51813e-07 -1.68086e-07  5.42943e-07 2.18961e-07 -1.16224e-07  3.30441e-07 1.26482e-07 -9.28319e-08  2.08211e-07 7.93116e-08 -6.09242e-08  9.67107e-08 2.91355e-08 -3.49845e-08  9.93432e-08 3.95869e-08 -2.50042e-08  4.64038e-08 2.79704e-08 -2.3346e-08  2.75743e-08 1.43654e-08 -1.35047e-08  1.96603e-08 9.73212e-09 -9.31811e-09  1.11174e-08 6.09526e-09 -4.55232e-09  1.2778e-08 5.46383e-09 -1.80221e-09  1.15759e-08 4.6725e-09 -1.69111e-09  1.0883e-08 4.96588e-09 -1.0121e-09  9.9136e-09 4.78653e-09 -5.4339e-10  1.00811e-08 4.27215e-09 -2.49463e-10  9.5476e-09 3.81291e-09 -3.92479e-10  8.12204e-09 3.03544e-09 -4.10716e-10  7.79628e-09 2.81824e-09 -7.0484e-11  7.32191e-09 2.76817e-09 1.26657e-11  6.37454e-09 2.50873e-09 -7.64423e-11  5.47577e-09 2.37395e-09 -7.39801e-11  4.88136e-09 2.22402e-09 -1.10621e-10  4.02584e-09 1.72446e-09 -2.28455e-10  3.25406e-09 1.37391e-09 -2.23154e-10  2.58746e-09 1.19079e-09 -1.52251e-10  2.13748e-09 1.21032e-09 -1.1839e-10  1.75416e-09 1.24011e-09 -1.3791e-10  1.35287e-09 1.07634e-09 -1.40852e-10  1.11425e-09 8.15924e-10 -4.63787e-11  1.19058e-09 6.88235e-10 8.56112e-11  1.27782e-09 6.17999e-10 1.71348e-10  1.57323e-09 7.89389e-10 1.61055e-10  1.67755e-09 9.56563e-10 4.19949e-11  1.66106e-09 9.74706e-10 -1.11577e-10  1.4443e-09 7.91548e-10 -1.85871e-10  1.24139e-09 5.55103e-10 -1.55404e-10  1.37116e-09 5.49807e-10 -1.20939e-10  3.21318e-10 3.67252e-13 -1.3208e-10  3.28801e-10 1.16277e-10 -1.72153e-10  -9.21704e-11 -5.99299e-11 -1.88112e-10  2.21179e-10 1.13393e-10 -1.62357e-10  -1.55859e-10 -9.40502e-11 -5.8505e-11  -2.73692e-10 -7.18014e-11 -1.09959e-12  -2.36884e-10 -2.51745e-11 3.00742e-11  4.84397e-06 2.89552e-06 1.92758e-06  7.10099e-06 4.20849e-06 4.7348e-07  5.45253e-06 3.30132e-06 -1.0768e-06  2.53488e-06 1.63382e-06 -1.18621e-06  1.17701e-06 7.68754e-07 -5.65851e-07  7.37668e-07 4.49538e-07 -1.81738e-07  5.18442e-07 3.11166e-07 -1.15542e-07  3.20698e-07 1.80227e-07 -9.37855e-08  2.07023e-07 1.17094e-07 -6.09372e-08  1.28467e-07 7.26768e-08 -3.77805e-08  9.97987e-08 5.15042e-08 -2.30785e-08  6.6404e-08 4.17573e-08 -2.07897e-08  4.328e-08 2.74481e-08 -1.50987e-08  2.85535e-08 1.83242e-08 -9.00427e-09  2.00102e-08 1.32626e-08 -4.44484e-09  2.00536e-08 1.12629e-08 -2.18511e-09  1.43601e-08 7.96332e-09 -1.45428e-09  1.41189e-08 8.096e-09 -6.96989e-10  1.25258e-08 7.59629e-09 -5.21733e-10  9.67287e-09 5.79354e-09 -2.97032e-10  9.19194e-09 5.59903e-09 -3.64493e-10  6.62416e-09 4.15424e-09 -4.71838e-10  5.23239e-09 3.14178e-09 -6.37497e-11  4.77921e-09 2.77991e-09 8.84351e-11  3.85693e-09 2.41474e-09 8.30979e-12  2.97578e-09 2.06336e-09 1.46061e-11  2.5372e-09 1.75018e-09 -1.03148e-10  1.76587e-09 1.29538e-09 -2.65009e-10  8.89935e-10 7.40332e-10 -2.21961e-10  4.21799e-10 6.16634e-10 -1.06352e-10  1.70337e-10 6.62974e-10 -6.57024e-11  -2.06326e-11 6.64043e-10 -1.173e-10  -5.29917e-11 5.97178e-10 -1.73293e-10  -3.07061e-10 2.61852e-10 -1.06526e-10  -2.0567e-10 7.68707e-11 2.94996e-11  4.73225e-11 7.41175e-11 1.51979e-10  2.76696e-10 2.15886e-10 1.92808e-10  6.4659e-10 4.92135e-10 7.02319e-11  7.55577e-10 5.37658e-10 -1.2778e-10  6.07014e-10 3.32783e-10 -2.34345e-10  5.09976e-10 1.18504e-10 -1.97393e-10  4.03436e-10 -8.94386e-11 -1.36752e-10  2.74482e-10 -8.20172e-11 -9.72865e-11  9.03197e-10 2.90352e-10 -1.7649e-10  4.50518e-10 9.4298e-11 -1.96956e-10  2.03798e-10 1.48141e-11 -1.5303e-10  -8.21338e-10 -5.31575e-10 -9.08971e-11  -3.49322e-11 -3.5208e-11 4.2513e-11  -7.32206e-11 -2.96757e-12 3.43983e-11  5.37151e-06 4.16595e-06 1.95345e-06  6.39852e-06 4.92738e-06 4.51039e-07  4.93884e-06 3.80447e-06 -1.05504e-06  2.61146e-06 2.02113e-06 -1.19775e-06  1.13062e-06 8.57962e-07 -5.80125e-07  6.87262e-07 5.35134e-07 -1.72447e-07  4.76314e-07 4.05351e-07 -1.14455e-07  2.46412e-07 2.08221e-07 -1.00617e-07  1.73609e-07 1.38621e-07 -6.1231e-08  1.00407e-07 8.39977e-08 -4.09516e-08  6.36167e-08 5.09498e-08 -2.39784e-08  4.80867e-08 3.84241e-08 -1.86662e-08  2.82429e-08 2.24567e-08 -1.52373e-08  1.70413e-08 1.401e-08 -8.7112e-09  1.3784e-08 1.11906e-08 -4.64705e-09  1.05135e-08 7.15467e-09 -2.59256e-09  1.03811e-08 7.60614e-09 -1.32737e-09  9.41241e-09 6.92189e-09 -7.19184e-10  9.39859e-09 7.0993e-09 -5.02611e-10  8.52886e-09 6.75565e-09 -3.02888e-10  8.45026e-09 6.91755e-09 -3.52662e-10  6.99264e-09 6.06536e-09 -5.05301e-10  5.84251e-09 5.24427e-09 -1.42183e-10  5.71751e-09 5.01873e-09 7.22945e-11  5.11704e-09 4.57939e-09 4.07192e-11  4.6558e-09 4.1739e-09 2.82907e-12  4.19101e-09 3.64852e-09 -1.33438e-10  3.46361e-09 3.07641e-09 -2.85078e-10  2.70636e-09 2.53547e-09 -2.16894e-10  2.12777e-09 2.30302e-09 -5.26352e-11  1.98539e-09 2.36216e-09 -2.84319e-11  1.78984e-09 2.1905e-09 -1.26901e-10  1.44682e-09 1.78629e-09 -2.03341e-10  1.15321e-09 1.33734e-09 -1.63761e-10  9.09965e-10 9.27015e-10 -2.78399e-11  9.18341e-10 8.02173e-10 1.3808e-10  1.22039e-09 9.9744e-10 2.08767e-10  1.48988e-09 1.16846e-09 7.86867e-11  1.51153e-09 1.09079e-09 -1.4547e-10  1.31381e-09 7.90189e-10 -2.72483e-10  1.01373e-09 4.06011e-10 -2.52119e-10  8.06723e-10 1.39575e-10 -1.47716e-10  8.19471e-10 1.3791e-10 -7.34061e-11  1.66198e-10 -1.46322e-10 -9.85018e-11  -3.59021e-10 -5.37227e-10 -1.85189e-10  8.84489e-11 -4.47755e-11 -1.55761e-10  1.74522e-10 8.00634e-11 -6.55913e-11  -5.87983e-10 -4.94431e-10 2.58239e-11  -2.02094e-10 -1.00636e-10 6.25897e-11  4.45458e-06 4.36296e-06 1.9592e-06  5.57457e-06 5.52051e-06 4.55454e-07  4.49611e-06 4.38913e-06 -1.06418e-06  2.30963e-06 2.12208e-06 -1.20537e-06  1.0075e-06 8.8918e-07 -5.63137e-07  6.22724e-07 6.12776e-07 -1.48053e-07  4.6873e-07 5.17434e-07 -1.09154e-07  2.47372e-07 2.87559e-07 -1.13477e-07  1.80222e-07 1.79635e-07 -6.83184e-08  1.1277e-07 1.18686e-07 -3.90558e-08  7.21532e-08 8.92558e-08 -2.38612e-08  5.69537e-08 6.15465e-08 -2.02018e-08  3.85087e-08 3.72087e-08 -1.5419e-08  2.68725e-08 2.65077e-08 -8.20462e-09  2.16643e-08 2.11498e-08 -4.77623e-09  1.55855e-08 1.52955e-08 -2.74413e-09  1.45805e-08 1.42194e-08 -1.32102e-09  1.2162e-08 1.17877e-08 -7.71759e-10  1.09866e-08 1.09271e-08 -4.82475e-10  8.7573e-09 8.70792e-09 -3.27405e-10  7.9999e-09 8.09278e-09 -2.95118e-10  5.87333e-09 6.502e-09 -4.32801e-10  4.61094e-09 5.37792e-09 -1.84918e-10  3.98244e-09 4.67975e-09 3.32937e-11  3.30383e-09 3.94212e-09 1.85741e-11  2.6682e-09 3.11517e-09 -6.56e-11  1.97525e-09 2.31771e-09 -1.88108e-10  1.4347e-09 1.72673e-09 -2.97957e-10  6.29711e-10 1.05561e-09 -1.8867e-10  4.01905e-10 9.89927e-10 -1.39323e-11  4.48404e-10 1.05152e-09 -2.55008e-11  3.62495e-10 9.09663e-10 -1.47834e-10  9.54082e-11 5.29736e-10 -2.4019e-10  -1.45825e-10 1.32649e-10 -2.12979e-10  -3.47593e-10 -2.0416e-10 -6.52132e-11  -2.83803e-10 -2.17506e-10 1.2573e-10  8.48252e-11 5.90701e-11 1.99973e-10  4.17931e-10 2.63856e-10 5.51745e-11  5.52038e-10 2.26995e-10 -1.78233e-10  4.50044e-10 -4.48632e-11 -3.10419e-10  1.7965e-10 -4.49831e-10 -2.85212e-10  4.87994e-11 -6.47576e-10 -1.72494e-10  -8.35881e-11 -7.5498e-10 -6.64374e-11  -1.25987e-10 -4.60437e-10 -1.48429e-11  6.0183e-10 3.97538e-10 -1.74622e-10  -4.1037e-10 -5.56468e-10 -1.66283e-10  -1.38756e-10 -2.78983e-10 -4.41327e-11  -2.80963e-10 -2.75236e-10 7.36531e-11  -1.73962e-10 -9.36589e-11 6.73394e-11  3.38628e-06 4.36147e-06 1.93263e-06  5.11292e-06 6.57132e-06 4.85069e-07  3.8645e-06 4.77788e-06 -1.11903e-06  1.91883e-06 2.17908e-06 -1.20639e-06  8.05028e-07 8.64423e-07 -5.24005e-07  5.31403e-07 6.81596e-07 -1.23524e-07  4.10795e-07 5.60586e-07 -1.05964e-07  2.44118e-07 3.40167e-07 -1.264e-07  1.32052e-07 1.54065e-07 -7.76028e-08  8.06699e-08 1.0423e-07 -3.02735e-08  5.92277e-08 9.41867e-08 -2.15512e-08  4.09926e-08 5.39612e-08 -2.4387e-08  2.28333e-08 2.3669e-08 -1.54947e-08  1.42788e-08 1.57828e-08 -7.39102e-09  1.00915e-08 1.16428e-08 -4.48026e-09  7.35277e-09 9.7345e-09 -2.58471e-09  7.32604e-09 8.79607e-09 -1.46232e-09  7.02455e-09 8.13437e-09 -6.21464e-10  7.46596e-09 9.10465e-09 -3.51005e-10  6.55664e-09 7.86679e-09 -3.40218e-10  6.46318e-09 7.89731e-09 -1.33144e-10  5.58221e-09 7.59622e-09 -2.52099e-10  4.78849e-09 6.74258e-09 -1.69886e-10  4.39961e-09 6.22912e-09 4.07817e-11  4.34768e-09 5.96807e-09 -1.24298e-11  3.98604e-09 5.19058e-09 -9.58297e-11  3.52594e-09 4.62795e-09 -2.02769e-10  2.90631e-09 3.80302e-09 -2.79419e-10  2.32408e-09 3.26124e-09 -1.31515e-10  2.1918e-09 3.08835e-09 -8.15819e-12  2.14156e-09 2.87059e-09 -3.84617e-11  1.9575e-09 2.57261e-09 -1.4513e-10  1.61823e-09 2.10408e-09 -2.48927e-10  1.13181e-09 1.4888e-09 -2.2768e-10  8.20277e-10 1.08794e-09 -7.25486e-11  7.80999e-10 9.90352e-10 1.17061e-10  9.66201e-10 1.11474e-09 1.79037e-10  1.23568e-09 1.26996e-09 1.8885e-11  1.19925e-09 1.00734e-09 -2.18796e-10  9.98554e-10 5.49698e-10 -3.45262e-10  7.21398e-10 5.20003e-11 -3.13425e-10  5.32673e-10 -2.0487e-10 -1.44971e-10  2.87775e-10 -3.71591e-10 -7.73761e-12  6.12941e-10 2.27342e-10 -4.89412e-11  1.36911e-10 -2.98376e-10 -1.35448e-10  -9.9996e-11 -3.52947e-10 -1.44433e-10  -5.99032e-11 -2.73478e-10 -1.50138e-12  -2.70971e-10 -4.30083e-10 7.51206e-11  9.77697e-11 9.56124e-11 6.95143e-11  2.98789e-06 5.26624e-06 1.9466e-06  4.02501e-06 6.75777e-06 4.20743e-07  3.19777e-06 5.16629e-06 -1.12438e-06  1.49462e-06 2.22993e-06 -1.20471e-06  6.46684e-07 9.41098e-07 -4.8143e-07  4.28766e-07 7.60268e-07 -1.02619e-07  3.28347e-07 5.94573e-07 -1.1403e-07  1.97881e-07 3.43944e-07 -1.33093e-07  8.7091e-08 1.53934e-07 -7.88411e-08  5.59425e-08 1.05929e-07 -2.55012e-08  7.42777e-08 1.2497e-07 -2.19666e-08  4.74694e-08 6.72204e-08 -2.70503e-08  2.82378e-08 3.47627e-08 -1.53558e-08  2.22838e-08 2.90583e-08 -6.53916e-09  1.51955e-08 2.16381e-08 -3.89433e-09  1.33852e-08 2.05416e-08 -2.37834e-09  1.03479e-08 1.53169e-08 -1.58792e-09  8.82473e-09 1.28546e-08 -5.23248e-10  8.94191e-09 1.30394e-08 -2.07126e-10  7.14034e-09 1.05737e-08 -2.66159e-10  5.61117e-09 8.70671e-09 5.57006e-11  4.89878e-09 8.49832e-09 -3.5324e-11  3.2825e-09 6.401e-09 -1.11181e-10  2.89354e-09 5.77208e-09 3.2128e-11  2.46422e-09 4.75236e-09 -7.10463e-11  1.96838e-09 3.59038e-09 -1.24068e-10  1.63836e-09 2.95651e-09 -1.92253e-10  1.03701e-09 2.06523e-09 -2.41383e-10  6.58862e-10 1.53149e-09 -9.95851e-11  6.401e-10 1.31486e-09 -3.79288e-11  6.04598e-10 1.01713e-09 -6.47165e-11  4.76154e-10 6.78916e-10 -1.45189e-10  3.06834e-10 4.29011e-10 -2.37414e-10  -1.02555e-10 -6.5867e-11 -2.09977e-10  -2.67748e-10 -2.35249e-10 -7.25005e-11  -2.50848e-10 -2.65994e-10 1.00836e-10  6.41758e-11 7.04842e-11 1.43384e-10  2.78181e-10 1.72637e-10 -2.26118e-11  3.15134e-10 3.1578e-11 -2.58767e-10  1.38927e-10 -4.68906e-10 -3.87978e-10  -3.11318e-11 -9.32741e-10 -3.40314e-10  -1.55722e-10 -1.25584e-09 -1.41638e-10  4.47541e-10 -9.38604e-11 -3.80881e-11  -3.17096e-10 -1.38856e-09 -4.14863e-11  1.55758e-10 -4.66593e-10 -6.70091e-11  2.4038e-10 -1.69682e-10 -9.86913e-11  2.38148e-11 -3.86409e-10 -2.01444e-11  -1.62544e-10 -5.28064e-10 9.7268e-11  -9.84268e-11 -3.29914e-10 9.04011e-11  2.83112e-06 6.66572e-06 1.93302e-06  3.05418e-06 7.02322e-06 3.58271e-07  2.39082e-06 5.33983e-06 -1.12073e-06  1.09847e-06 2.29212e-06 -1.18054e-06  4.44773e-07 9.24082e-07 -4.47122e-07  3.58927e-07 8.65081e-07 -9.06028e-08  2.57684e-07 6.55101e-07 -1.24998e-07  1.48331e-07 3.78011e-07 -1.32726e-07  6.64792e-08 2.05358e-07 -7.28189e-08  5.88671e-08 1.59763e-07 -3.09095e-08  4.79378e-08 8.55425e-08 -2.73788e-08  2.76283e-08 4.53873e-08 -2.53483e-08  1.07767e-08 1.62655e-08 -1.4745e-08  6.6207e-09 9.6813e-09 -6.21387e-09  4.28141e-09 9.70767e-09 -3.30744e-09  3.64766e-09 8.97416e-09 -2.39166e-09  2.98153e-09 8.00543e-09 -1.57057e-09  2.57354e-09 7.66153e-09 -6.40524e-10  3.07697e-09 7.95077e-09 -2.95058e-10  2.80196e-09 7.84485e-09 -1.34795e-10  2.43747e-09 8.02938e-09 1.47301e-10  2.41475e-09 8.4053e-09 7.72472e-11  2.00914e-09 8.10404e-09 -7.75625e-11  1.91058e-09 7.53094e-09 -4.96967e-11  1.98727e-09 7.17496e-09 -1.41212e-10  1.81511e-09 6.24552e-09 -2.016e-10  1.75244e-09 5.55622e-09 -2.08401e-10  1.41618e-09 4.79495e-09 -2.06698e-10  1.26283e-09 4.22101e-09 -1.21578e-10  1.27136e-09 3.75672e-09 -8.17796e-11  1.21421e-09 3.27911e-09 -8.83742e-11  1.12429e-09 2.82437e-09 -1.52779e-10  8.40083e-10 2.27326e-09 -2.04209e-10  5.26747e-10 1.85967e-09 -1.68832e-10  2.90472e-10 1.49564e-09 -6.4242e-11  2.70311e-10 1.32694e-09 7.10339e-11  5.06787e-10 1.45698e-09 9.39499e-11  6.39028e-10 1.39801e-09 -5.39409e-11  6.31981e-10 1.18526e-09 -2.68414e-10  3.96582e-10 5.46245e-10 -4.16226e-10  1.85914e-10 -2.11819e-10 -3.67973e-10  2.61317e-10 -2.88388e-10 -1.65251e-10  -2.20326e-10 -1.43302e-09 -4.36338e-11  1.91224e-10 -4.87117e-10 5.26998e-11  2.8897e-10 -3.91052e-10 -1.01118e-10  -1.51721e-11 -9.54082e-10 -1.00584e-10  -6.19688e-11 -8.61228e-10 3.59068e-11  4.25002e-11 -3.63779e-10 1.39401e-10  -4.04368e-11 -2.77474e-10 9.51974e-11  1.62387e-06 5.60761e-06 1.88444e-06  2.10441e-06 7.41361e-06 3.65654e-07  1.61092e-06 5.5111e-06 -1.12641e-06  7.50738e-07 2.4039e-06 -1.15507e-06  3.01276e-07 9.80412e-07 -4.33736e-07  2.45806e-07 8.50423e-07 -8.38866e-08  1.76858e-07 6.84712e-07 -1.22645e-07  8.06691e-08 3.79677e-07 -1.29499e-07  4.48599e-08 2.33549e-07 -7.15081e-08  4.21948e-08 1.59152e-07 -3.69258e-08  3.9284e-08 1.0307e-07 -2.92335e-08  2.50669e-08 6.78548e-08 -2.19293e-08  1.23609e-08 4.46225e-08 -1.39354e-08  7.11234e-09 3.19694e-08 -6.40425e-09  6.32275e-09 2.88059e-08 -3.39801e-09  5.43594e-09 2.40894e-08 -2.68179e-09  4.48593e-09 2.01138e-08 -1.60692e-09  3.74727e-09 1.80059e-08 -8.03711e-10  3.12877e-09 1.51339e-08 -5.2219e-10  2.65622e-09 1.30416e-08 -1.21353e-10  2.2743e-09 1.21201e-08 1.09001e-10  1.9478e-09 1.06337e-08 2.49177e-12  1.68219e-09 9.49668e-09 -1.36205e-10  1.38042e-09 7.87778e-09 -1.79809e-10  1.40707e-09 6.95993e-09 -2.56151e-10  1.30048e-09 5.66614e-09 -3.17789e-10  1.1551e-09 4.40053e-09 -2.62359e-10  9.43285e-10 3.51879e-09 -2.162e-10  8.20468e-10 2.72501e-09 -1.80881e-10  7.93056e-10 2.07077e-09 -1.39654e-10  7.58731e-10 1.61875e-09 -1.21758e-10  6.30304e-10 1.12174e-09 -1.53284e-10  3.54397e-10 6.66147e-10 -1.58919e-10  1.05205e-10 4.26878e-10 -1.21681e-10  -4.96353e-11 3.16606e-10 -5.11257e-11  -4.42068e-11 2.90241e-10 3.32788e-11  1.02311e-10 3.38111e-10 2.67308e-11  2.95774e-10 4.12998e-10 -9.39261e-11  3.1826e-10 1.93626e-10 -2.91042e-10  2.73149e-10 -9.67775e-11 -4.0837e-10  -4.06877e-12 -8.36138e-10 -3.7059e-10  -2.41887e-10 -1.71578e-09 -1.84786e-10  4.56552e-11 -4.58247e-10 3.8886e-11  9.8674e-11 -7.29892e-10 -8.16342e-11  1.75987e-10 -7.63009e-10 -4.77642e-11  1.78402e-10 -6.38564e-10 -9.51491e-11  6.89407e-11 -7.77811e-10 7.39825e-11  4.81863e-11 -5.14214e-10 1.5816e-10  2.80004e-12 -2.33107e-10 1.30767e-10  7.73003e-07 5.96209e-06 1.87857e-06  1.0211e-06 7.44299e-06 3.47784e-07  8.28599e-07 5.61597e-06 -1.11659e-06  3.83249e-07 2.43915e-06 -1.1464e-06  1.44353e-07 9.61067e-07 -4.16285e-07  1.13836e-07 8.62545e-07 -8.00175e-08  8.03027e-08 6.84562e-07 -1.15545e-07  3.54617e-08 4.34322e-07 -1.27482e-07  1.31055e-08 2.11906e-07 -7.69946e-08  1.79299e-08 1.37428e-07 -3.99014e-08  1.60004e-08 7.33609e-08 -3.05848e-08  2.06315e-08 6.48752e-08 -2.10212e-08  1.30179e-08 4.28357e-08 -1.17835e-08  7.74604e-09 3.46473e-08 -6.26832e-09  7.41147e-09 2.81586e-08 -3.90295e-09  6.59734e-09 2.34844e-08 -2.65422e-09  5.4359e-09 1.87206e-08 -1.42529e-09  4.55679e-09 1.72107e-08 -5.96576e-10  3.60886e-09 1.51204e-08 -4.03278e-10  3.00678e-09 1.29816e-08 -1.84388e-11  2.63916e-09 1.23761e-08 1.87304e-10  2.2367e-09 1.09227e-08 2.51216e-11  1.9024e-09 9.35383e-09 -9.76283e-11  1.62592e-09 8.27387e-09 -1.971e-10  1.57569e-09 7.04671e-09 -3.24501e-10  1.46547e-09 5.51821e-09 -3.42517e-10  1.31158e-09 4.39626e-09 -2.51135e-10  1.1538e-09 3.43972e-09 -1.99409e-10  1.00835e-09 2.65276e-09 -1.92175e-10  9.03578e-10 1.92175e-09 -1.58294e-10  8.01467e-10 1.3015e-09 -1.15605e-10  6.19767e-10 9.13515e-10 -1.07647e-10  3.71133e-10 6.15472e-10 -8.89196e-11  1.51209e-10 5.38403e-10 -5.80464e-11  -1.54969e-12 4.28653e-10 -2.1388e-11  -2.55803e-11 4.35644e-10 1.58336e-11  5.8377e-11 5.2258e-10 -4.12581e-11  2.4658e-10 3.78383e-10 -1.57765e-10  3.76637e-10 2.68344e-10 -3.16956e-10  1.517e-10 -1.43388e-09 -4.02955e-10  1.49648e-10 -5.14093e-10 -3.2255e-10  -7.09977e-11 -6.85604e-10 -1.14891e-10  -1.32498e-11 -7.20341e-10 -1.03235e-10  1.59718e-10 -6.67917e-10 -3.6804e-11  2.62697e-10 -6.95374e-10 -1.24091e-10  2.68747e-10 -8.98267e-10 -3.28501e-11  1.81756e-10 -8.76157e-10 8.0487e-11  7.61752e-11 -6.01023e-10 2.16194e-10  1.6754e-11 -2.89053e-10 1.53016e-10  -7.81426e-07 5.81155e-06 1.85915e-06  -1.0592e-06 7.55017e-06 3.34032e-07  -8.07591e-07 5.5268e-06 -1.13868e-06  -3.64523e-07 2.39405e-06 -1.12485e-06  -1.4919e-07 1.01019e-06 -4.11709e-07  -1.12369e-07 8.6055e-07 -7.41276e-08  -8.58054e-08 7.01933e-07 -1.0989e-07  -4.31797e-08 4.26413e-07 -1.20936e-07  -2.93323e-08 2.51562e-07 -8.05463e-08  -5.09614e-09 1.13043e-07 -4.80362e-08  -8.15717e-09 9.6367e-08 -3.035e-08  -1.56805e-08 5.06153e-08 -2.17854e-08  -1.21684e-08 3.04204e-08 -1.07651e-08  -8.69916e-09 2.64745e-08 -6.37134e-09  -7.95978e-09 1.93125e-08 -4.64626e-09  -7.47146e-09 1.58173e-08 -2.64994e-09  -6.56616e-09 1.29446e-08 -1.39202e-09  -5.43987e-09 1.13065e-08 -5.28134e-10  -4.90964e-09 1.07585e-08 -1.10305e-10  -4.60136e-09 9.80796e-09 1.6977e-11  -3.80914e-09 9.53682e-09 6.9589e-11  -3.15756e-09 8.42987e-09 6.39317e-11  -2.59898e-09 7.96299e-09 -1.07687e-10  -1.85168e-09 6.96822e-09 -3.46327e-10  -1.25395e-09 5.56501e-09 -4.03698e-10  -8.60745e-10 4.3528e-09 -3.44258e-10  -4.42367e-10 3.35831e-09 -2.84749e-10  -1.0905e-10 2.51257e-09 -2.14846e-10  8.20071e-11 1.85584e-09 -1.67443e-10  1.50035e-10 1.2976e-09 -1.21325e-10  1.61737e-10 9.36043e-10 -6.02616e-11  1.22628e-10 7.51911e-10 -1.71211e-11  7.295e-11 6.84413e-10 1.39577e-11  2.22154e-11 6.97317e-10 2.70273e-11  2.0463e-11 7.31687e-10 6.50653e-12  7.40449e-11 1.0917e-09 -4.48471e-11  4.41246e-10 -8.11111e-10 -1.315e-10  2.6055e-10 4.8971e-10 -1.93061e-10  2.19445e-11 8.56132e-10 -3.2859e-10  1.62301e-10 -3.18303e-10 -2.92516e-10  -1.08719e-10 1.01634e-09 -2.39056e-10  1.12988e-10 -1.76853e-09 -1.37222e-10  2.00696e-10 -1.38138e-09 -1.07291e-10  2.44102e-10 -5.29566e-10 -2.1598e-10  3.96985e-10 -1.14986e-09 -1.14925e-10  3.96014e-10 -1.21463e-09 -3.19395e-11  3.15186e-10 -1.21852e-09 2.03354e-10  1.55521e-10 -6.76539e-10 2.85333e-10  4.1168e-11 -2.44043e-10 1.91671e-10  -1.70606e-06 5.80262e-06 1.89568e-06  -2.11117e-06 7.35724e-06 3.40369e-07  -1.59712e-06 5.51103e-06 -1.12675e-06  -7.26083e-07 2.41824e-06 -1.15234e-06  -2.85179e-07 9.49454e-07 -4.15564e-07  -2.22183e-07 8.26241e-07 -7.73756e-08  -1.67643e-07 6.54966e-07 -1.12618e-07  -8.4393e-08 3.57674e-07 -1.17238e-07  -5.57941e-08 2.36159e-07 -7.39327e-08  -4.14766e-08 1.336e-07 -4.99729e-08  -2.14714e-08 7.9851e-08 -3.01748e-08  -2.12869e-08 6.20664e-08 -1.7601e-08  -1.72132e-08 4.6686e-08 -1.25454e-08  -9.87972e-09 3.28736e-08 -8.0359e-09  -8.38645e-09 2.6913e-08 -4.66357e-09  -7.79175e-09 2.30514e-08 -2.8966e-09  -6.64966e-09 2.00123e-08 -1.84991e-09  -5.30091e-09 1.69108e-08 -8.84684e-10  -4.74357e-09 1.51995e-08 -1.9834e-10  -4.86492e-09 1.52239e-08 -1.75832e-10  -3.88704e-09 1.26275e-08 -1.8653e-10  -3.47671e-09 1.1589e-08 -8.55533e-11  -2.78145e-09 1.06296e-08 -3.24375e-10  -1.92232e-09 8.68497e-09 -5.22898e-10  -1.2772e-09 6.87627e-09 -4.64819e-10  -8.81258e-10 5.71348e-09 -3.89648e-10  -4.4599e-10 4.38845e-09 -3.62921e-10  -9.17013e-11 3.28257e-09 -2.67643e-10  1.28107e-10 2.40288e-09 -1.73717e-10  2.02305e-10 1.83686e-09 -1.03372e-10  2.04071e-10 1.44108e-09 -3.89615e-11  1.60561e-10 1.20206e-09 7.22217e-13  1.12276e-10 1.04367e-09 2.95723e-11  8.48653e-11 1.00755e-09 3.06788e-11  9.67262e-11 1.10566e-09 -8.88214e-12  2.619e-10 4.05623e-10 -3.83584e-11  -3.86709e-10 2.25583e-09 -9.64637e-11  1.66912e-10 1.56423e-10 -1.90479e-10  -2.01809e-11 1.61306e-10 -2.91961e-10  2.41659e-10 -1.2953e-09 -3.02637e-10  9.51189e-11 -1.02115e-09 -1.52213e-10  1.19948e-10 -1.21378e-09 -1.15984e-10  -2.64651e-10 7.77044e-10 -1.64576e-10  5.61379e-10 -1.99937e-09 -2.50878e-10  4.12482e-10 -9.15117e-10 -1.72404e-10  5.41039e-10 -1.42183e-09 1.93445e-11  3.84879e-10 -1.21858e-09 2.19644e-10  1.92754e-10 -7.45898e-10 3.25539e-10  5.63888e-11 -2.71416e-10 1.93758e-10  -2.88729e-06 6.67995e-06 1.93874e-06  -3.07002e-06 7.10696e-06 3.38799e-07  -2.36589e-06 5.35587e-06 -1.14393e-06  -1.03475e-06 2.25371e-06 -1.15976e-06  -4.35508e-07 8.95705e-07 -4.31891e-07  -3.51519e-07 7.60052e-07 -8.28817e-08  -2.64614e-07 6.20713e-07 -1.13148e-07  -1.5526e-07 3.66162e-07 -1.22004e-07  -8.22074e-08 2.10674e-07 -6.93481e-08  -7.59808e-08 1.49228e-07 -4.53807e-08  -3.287e-08 5.85644e-08 -3.63415e-08  -1.96668e-08 6.05483e-08 -1.88487e-08  -1.20514e-08 4.36247e-08 -1.23011e-08  -6.02297e-09 2.90853e-08 -8.83879e-09  -2.48863e-09 2.26461e-08 -4.55304e-09  -2.44506e-09 2.04538e-08 -2.46287e-09  -1.78393e-09 1.71106e-08 -1.62557e-09  -1.205e-09 1.4297e-08 -6.53935e-10  -1.474e-09 1.30346e-08 5.82829e-11  -1.79385e-09 1.261e-08 2.87179e-11  -1.55142e-09 1.04081e-08 1.09068e-11  -1.83202e-09 1.00203e-08 -1.679e-11  -1.1083e-09 8.37434e-09 -3.25686e-10  -6.77023e-10 6.76034e-09 -4.4771e-10  -1.88606e-10 5.10459e-09 -4.04149e-10  1.47577e-10 3.97891e-09 -3.31201e-10  3.58621e-10 2.91877e-09 -3.05487e-10  5.91999e-10 1.96028e-09 -2.2552e-10  6.91965e-10 1.31786e-09 -1.21551e-10  6.84168e-10 9.01725e-10 -4.83101e-11  6.28108e-10 6.71878e-10 6.09892e-12  5.32278e-10 5.68176e-10 4.76438e-11  3.7935e-10 5.40517e-10 7.63077e-11  2.33618e-10 6.728e-10 1.02609e-11  5.00316e-10 3.61475e-10 -1.547e-11  -3.54962e-10 2.11374e-09 -6.99822e-11  4.94868e-10 -2.12753e-10 -3.71234e-11  -5.9444e-10 2.21189e-09 -1.40504e-10  6.27871e-10 -1.19151e-09 -2.64884e-10  -3.57838e-10 8.17786e-10 -1.74399e-10  -1.66887e-10 -9.58734e-11 -2.0378e-10  -2.73186e-10 2.51821e-10 -1.2562e-10  5.05322e-10 -1.39295e-09 -2.26389e-10  4.34247e-11 -3.65738e-10 -2.69665e-10  7.14257e-10 -1.70967e-09 -1.88418e-10  6.78276e-10 -1.6696e-09 3.05716e-11  5.02196e-10 -1.47288e-09 2.68775e-10  2.03614e-10 -8.44694e-10 3.29958e-10  7.54504e-11 -4.05455e-10 1.91434e-10  -2.94555e-06 5.20638e-06 1.9363e-06  -4.10103e-06 7.02846e-06 3.88623e-07  -3.08627e-06 5.12206e-06 -1.14424e-06  -1.42185e-06 2.25942e-06 -1.16876e-06  -6.2298e-07 9.17168e-07 -4.41658e-07  -4.95102e-07 7.43372e-07 -9.73592e-08  -3.55052e-07 5.80688e-07 -1.19385e-07  -2.03998e-07 3.55236e-07 -1.26631e-07  -9.59088e-08 1.67623e-07 -6.86802e-08  -9.54522e-08 1.47691e-07 -3.72853e-08  -6.30294e-08 9.3532e-08 -4.16316e-08  -7.15367e-09 2.75451e-08 -2.52493e-08  -4.83252e-09 1.84353e-08 -1.00443e-08  -1.8542e-09 8.66384e-09 -8.27203e-09  3.1506e-09 4.08269e-09 -4.84894e-09  2.59864e-09 3.94626e-09 -1.70567e-09  1.47332e-09 3.70978e-09 -9.83011e-10  8.61025e-10 3.28151e-09 -1.93474e-10  -5.76859e-10 4.34255e-09 3.75573e-10  -1.40882e-09 5.22188e-09 3.28705e-10  -2.15696e-09 5.40424e-09 3.16473e-10  -2.70664e-09 6.1053e-09 6.80638e-11  -2.30938e-09 5.33783e-09 -2.3106e-10  -2.13003e-09 4.70512e-09 -3.15307e-10  -1.68156e-09 3.74661e-09 -3.49607e-10  -1.29587e-09 2.95276e-09 -2.63296e-10  -1.11826e-09 2.38175e-09 -2.28141e-10  -7.89931e-10 1.81128e-09 -1.92114e-10  -5.71713e-10 1.48618e-09 -7.55103e-11  -5.23831e-10 1.33904e-09 -1.00066e-11  -4.27665e-10 1.20008e-09 1.7357e-11  -4.02854e-10 1.18068e-09 9.4075e-11  -5.1159e-10 1.29819e-09 9.28497e-11  -5.38352e-10 1.5534e-09 -3.5719e-12  -3.6777e-10 1.48529e-09 -8.33206e-11  5.39706e-10 -6.25328e-11 -2.3467e-11  9.55669e-11 3.86009e-10 -2.53904e-11  9.79417e-10 -1.07193e-09 -1.22239e-10  3.90864e-10 5.96945e-12 -2.16509e-10  3.31146e-10 -3.94337e-10 -1.77038e-10  2.35669e-10 -5.791e-10 -1.37292e-10  6.2597e-10 -1.33843e-09 -1.23674e-10  1.3563e-10 -4.93826e-10 -2.60595e-10  9.09459e-10 -1.84587e-09 -2.90491e-10  3.52669e-10 -8.80926e-10 -1.19795e-10  5.33032e-10 -1.39239e-09 6.60681e-12  3.66375e-10 -1.17788e-09 3.01706e-10  5.45251e-11 -5.98732e-10 3.1474e-10  -5.85792e-11 -1.99607e-10 1.60344e-10  -3.73837e-06 4.90026e-06 1.9385e-06  -4.72118e-06 6.16143e-06 4.47596e-07  -3.79417e-06 4.85989e-06 -1.11609e-06  -1.72622e-06 2.12644e-06 -1.18457e-06  -7.76544e-07 8.87059e-07 -4.42847e-07  -6.13766e-07 7.08312e-07 -1.0816e-07  -4.32882e-07 5.10077e-07 -1.31172e-07  -2.47428e-07 3.32096e-07 -1.2824e-07  -1.16432e-07 1.54462e-07 -6.82248e-08  -9.9434e-08 1.21316e-07 -3.43298e-08  -7.01163e-08 9.13395e-08 -4.37983e-08  -1.91315e-08 3.5514e-08 -2.73811e-08  -2.11373e-08 2.60303e-08 -6.68912e-09  -2.10044e-08 2.06084e-08 -7.77738e-09  -1.14069e-08 1.15398e-08 -5.4696e-09  -1.055e-08 1.08588e-08 -1.29933e-09  -1.06773e-08 1.02757e-08 -6.68912e-10  -9.36949e-09 8.072e-09 -1.10661e-10  -9.65942e-09 8.40452e-09 3.37585e-10  -8.76319e-09 7.50144e-09 2.74231e-10  -8.52538e-09 7.53176e-09 2.15674e-10  -7.6361e-09 7.16521e-09 -1.19158e-10  -6.27435e-09 5.60834e-09 -2.97289e-10  -5.3697e-09 4.56335e-09 -3.72508e-10  -4.19864e-09 3.24262e-09 -4.42094e-10  -3.23416e-09 2.07677e-09 -3.13362e-10  -2.64724e-09 1.43967e-09 -2.85121e-10  -1.78158e-09 6.63049e-10 -2.95714e-10  -1.11366e-09 2.60291e-10 -1.50911e-10  -8.18718e-10 2.08644e-10 -5.99735e-11  -4.79269e-10 2.48518e-11 -4.53835e-11  -2.29272e-10 -4.63968e-11 6.8704e-11  -4.26404e-10 5.34977e-10 3.93494e-11  9.11252e-10 -1.04998e-09 -7.86247e-11  -1.50723e-10 7.15914e-10 -1.11489e-10  2.02538e-10 1.79419e-10 -6.37814e-11  -4.81979e-10 1.3588e-09 -2.23218e-12  9.98034e-11 6.33357e-10 -1.50457e-10  1.08462e-10 3.83731e-10 -1.16691e-10  4.43195e-11 7.43474e-11 -1.40177e-10  -3.72187e-10 3.8589e-10 -6.31807e-11  3.99379e-10 -6.61541e-10 -1.7159e-10  -7.37165e-10 1.03558e-09 -2.6473e-10  8.03846e-10 -1.30788e-09 -2.63118e-10  2.82147e-10 -6.92595e-10 -1.12345e-10  4.3394e-10 -1.19644e-09 7.2238e-11  2.11785e-10 -9.16964e-10 2.56537e-10  -6.68252e-12 -4.98307e-10 3.00517e-10  -1.33731e-10 -1.08517e-10 1.09691e-10  -4.15967e-06 4.06315e-06 1.91481e-06  -5.57379e-06 5.53812e-06 4.27103e-07  -4.27702e-06 4.25842e-06 -1.106e-06  -1.98453e-06 1.93361e-06 -1.15779e-06  -9.0728e-07 8.38509e-07 -4.4254e-07  -7.36988e-07 6.66859e-07 -1.07472e-07  -5.48574e-07 4.97322e-07 -1.41421e-07  -2.65481e-07 2.60448e-07 -1.37719e-07  -1.49486e-07 1.5621e-07 -6.42428e-08  -1.23499e-07 1.25398e-07 -3.54805e-08  -8.61108e-08 9.00398e-08 -4.61501e-08  -1.39709e-08 2.31535e-08 -2.46734e-08  -3.34775e-08 3.22225e-08 -3.79591e-09  -3.03443e-08 2.35881e-08 -6.96846e-09  -1.98743e-08 1.4658e-08 -5.98036e-09  -1.7963e-08 1.51113e-08 -1.55145e-09  -1.69563e-08 1.46146e-08 -6.87947e-10  -1.5212e-08 1.26348e-08 -2.11756e-10  -1.45176e-08 1.23725e-08 1.39899e-10  -1.34094e-08 1.16586e-08 6.08518e-11  -1.2501e-08 1.15316e-08 -1.43103e-10  -1.03588e-08 1.01224e-08 -3.71437e-10  -8.79129e-09 8.42908e-09 -3.4613e-10  -7.75722e-09 7.26052e-09 -4.51083e-10  -6.22193e-09 5.5973e-09 -5.26843e-10  -4.95823e-09 4.15913e-09 -3.70222e-10  -4.08691e-09 3.27321e-09 -3.57943e-10  -3.01211e-09 2.34824e-09 -4.12533e-10  -1.93726e-09 1.60406e-09 -2.7665e-10  -1.35297e-09 1.32355e-09 -1.36983e-10  -9.28553e-10 1.00929e-09 -7.845e-11  -6.01572e-10 7.54454e-10 -1.53608e-13  -3.13797e-10 6.68587e-10 -1.43823e-12  -4.06378e-10 7.85991e-10 -1.31537e-10  3.85125e-10 2.01516e-10 -1.21485e-10  -1.77741e-11 5.98674e-10 -3.53967e-12  1.0229e-09 -3.59488e-10 -1.05667e-10  1.04124e-09 -3.42578e-10 -1.31106e-10  -1.58616e-10 5.85442e-10 -1.64451e-10  1.29455e-10 6.84948e-11 2.87291e-11  -2.10694e-10 4.29451e-10 -9.98335e-11  -3.45329e-10 6.05747e-10 -2.3698e-10  1.11924e-09 -7.46473e-10 -2.31177e-10  -4.59038e-10 5.10678e-10 -1.69198e-10  9.40838e-10 -1.22368e-09 -6.60472e-11  7.46186e-11 -6.36117e-10 1.04383e-10  1.23853e-10 -6.62049e-10 2.38648e-10  -1.82737e-10 -2.24322e-10 2.32954e-10  -1.65239e-10 -6.01851e-11 7.1833e-11  -5.54928e-06 4.25968e-06 1.93701e-06  -6.11223e-06 4.65846e-06 3.9315e-07  -4.74805e-06 3.62651e-06 -1.09426e-06  -2.1161e-06 1.61689e-06 -1.15124e-06  -9.59172e-07 7.3408e-07 -4.28237e-07  -8.41881e-07 6.31669e-07 -1.04466e-07  -6.13206e-07 4.68646e-07 -1.48317e-07  -3.3342e-07 2.59982e-07 -1.41981e-07  -1.47159e-07 1.18128e-07 -6.51647e-08  -1.19712e-07 9.5649e-08 -3.62074e-08  -7.88269e-08 6.05631e-08 -4.4902e-08  -3.1255e-08 3.16767e-08 -2.4405e-08  -2.79052e-08 2.39886e-08 -2.40098e-09  -3.31624e-08 2.26037e-08 -5.50894e-09  -2.06455e-08 1.50459e-08 -6.37077e-09  -1.58098e-08 1.48844e-08 -2.3264e-09  -1.38168e-08 1.46298e-08 -7.49722e-10  -1.27262e-08 1.36701e-08 -6.82895e-11  -1.1455e-08 1.25452e-08 2.25277e-10  -1.07353e-08 1.20164e-08 6.52154e-11  -9.48747e-09 1.14834e-08 -2.61042e-10  -6.93391e-09 9.51427e-09 -2.88512e-10  -6.07631e-09 8.25858e-09 -1.38449e-10  -5.30613e-09 7.05981e-09 -2.89371e-10  -4.10456e-09 5.42188e-09 -3.68624e-10  -3.14939e-09 4.10995e-09 -2.56663e-10  -2.42978e-09 3.21601e-09 -2.92393e-10  -1.53693e-09 2.3452e-09 -3.93514e-10  -5.56215e-10 1.57728e-09 -3.07321e-10  3.48837e-11 1.16832e-09 -1.36591e-10  2.59462e-10 8.85667e-10 -1.27226e-11  2.87721e-10 5.86825e-10 5.64577e-11  2.02811e-10 4.57675e-10 -3.99342e-11  2.65425e-10 7.45702e-10 -1.02995e-10  5.17216e-10 3.44056e-10 -5.28758e-11  1.11867e-09 -2.76075e-10 -7.71732e-11  -1.87628e-10 8.85092e-10 -1.95012e-10  1.91749e-10 2.37878e-10 -1.79542e-12  9.69503e-10 -4.91994e-10 -6.75193e-11  7.66403e-10 -3.4505e-10 4.18187e-12  4.29304e-10 2.62496e-11 -1.13868e-10  1.39288e-09 -6.87566e-10 -2.24874e-10  8.07337e-10 -2.72345e-10 -2.23525e-10  9.43326e-10 -5.60655e-10 -1.0397e-10  1.07801e-09 -1.00681e-09 4.63077e-11  2.65741e-10 -5.77225e-10 1.2552e-10  2.00143e-10 -4.84677e-10 1.92116e-10  -1.05846e-10 -1.71938e-10 1.95934e-10  -9.71392e-11 -8.08168e-11 2.96006e-11  -5.35953e-06 3.17551e-06 1.92692e-06  -6.70681e-06 3.93681e-06 4.06643e-07  -5.25141e-06 3.08228e-06 -1.09077e-06  -2.37232e-06 1.42309e-06 -1.1584e-06  -1.02346e-06 6.47835e-07 -4.20712e-07  -8.57383e-07 5.47597e-07 -9.81194e-08  -6.18787e-07 3.82953e-07 -1.4732e-07  -3.22007e-07 2.01648e-07 -1.38507e-07  -1.84622e-07 1.1223e-07 -6.23733e-08  -1.46147e-07 8.12898e-08 -3.63611e-08  -1.10438e-07 6.06145e-08 -4.53514e-08  -1.50833e-08 7.76214e-09 -2.58488e-08  -2.30716e-08 1.39388e-08 -2.72693e-09  -1.90372e-08 7.66439e-09 -4.20296e-09  -6.55035e-09 1.7596e-09 -6.58737e-09  -1.21228e-09 1.01793e-09 -3.3541e-09  -1.69699e-10 2.57524e-09 -1.03461e-09  -6.5565e-10 3.79099e-09 1.49673e-10  -2.24893e-09 4.3479e-09 5.83906e-10  -3.30859e-09 4.58821e-09 2.71599e-10  -2.86348e-09 4.46627e-09 -9.00911e-11  -2.26082e-09 4.02999e-09 6.9226e-12  -2.54091e-09 3.88064e-09 1.59421e-10  -2.73009e-09 3.5155e-09 2.20761e-11  -2.67141e-09 2.8021e-09 -5.89761e-11  -2.37971e-09 2.14762e-09 -5.07703e-11  -2.13838e-09 1.76587e-09 -1.62567e-10  -1.53103e-09 1.32648e-09 -3.04833e-10  -8.12286e-10 9.0122e-10 -2.65348e-10  -3.24436e-10 6.59823e-10 -1.04515e-10  -2.14555e-10 5.88777e-10 9.46368e-11  -4.62284e-10 5.74402e-10 1.57189e-10  -1.17285e-09 9.61403e-10 -1.28666e-10  1.38719e-09 -1.41583e-10 -1.33856e-10  -8.15464e-10 1.26574e-09 8.37946e-12  8.15326e-10 3.62511e-11 -4.79304e-11  1.72047e-09 -5.16096e-10 2.42434e-12  -4.10228e-10 4.92696e-10 -8.46949e-11  9.19306e-11 -1.75296e-11 4.63118e-12  2.55797e-11 2.44139e-10 -8.81558e-11  -6.49723e-11 4.02963e-10 -1.04332e-10  1.17409e-09 -3.28576e-10 -2.34634e-10  -5.30821e-10 7.15872e-10 -2.23574e-10  1.62195e-09 -8.20288e-10 -3.27686e-11  -3.79251e-11 4.71667e-12 1.43712e-10  1.22209e-10 -1.89668e-10 1.27936e-10  -9.97813e-11 -6.24648e-11 1.58743e-10  -2.29822e-10 5.26394e-11 1.78692e-10  -3.10474e-10 1.20567e-10 -6.89079e-13  -5.44716e-06 2.32e-06 1.88643e-06  -7.13001e-06 3.11587e-06 4.00272e-07  -5.42001e-06 2.42179e-06 -1.09838e-06  -2.43025e-06 1.13272e-06 -1.13589e-06  -1.00959e-06 5.07068e-07 -4.23295e-07  -8.45108e-07 4.1438e-07 -8.66734e-08  -6.58095e-07 2.91745e-07 -1.35889e-07  -3.33618e-07 1.35778e-07 -1.37369e-07  -1.73724e-07 6.98146e-08 -6.06309e-08  -1.52052e-07 5.60646e-08 -3.59526e-08  -7.90672e-08 2.82795e-08 -4.42429e-08  -4.79674e-08 9.92193e-09 -2.52403e-08  -1.5526e-08 4.43336e-09 -4.76124e-09  -2.27401e-08 6.29755e-09 -2.46383e-09  -1.41854e-08 -1.3884e-09 -6.09345e-09  -5.67113e-09 -3.54391e-09 -4.34136e-09  -3.36315e-09 -4.5062e-09 -1.85665e-09  -2.70783e-09 -2.59491e-09 -3.37991e-10  -4.28498e-09 -9.51438e-10 5.62142e-10  -5.61102e-09 -8.52213e-10 3.75647e-10  -5.47591e-09 -6.97081e-10 -1.51398e-10  -4.5074e-09 -5.44524e-10 -7.59861e-11  -4.58974e-09 -1.08505e-10 1.27081e-10  -4.67046e-09 9.13656e-11 8.3825e-11  -4.59576e-09 -3.58071e-12 3.75236e-11  -4.35757e-09 -1.27886e-10 -2.27989e-11  -3.96072e-09 -1.51072e-10 -1.93806e-10  -3.14275e-09 -2.3299e-10 -3.39687e-10  -2.2815e-09 -3.32593e-10 -2.98902e-10  -1.67054e-09 -3.39084e-10 -1.61217e-10  -1.20028e-09 -2.65559e-10 7.0357e-11  -1.83669e-09 2.96961e-10 1.29405e-10  5.17821e-10 -3.88817e-10 -1.60497e-10  -1.13894e-09 5.80774e-10 -3.28464e-10  1.44012e-09 -2.23e-10 -1.49035e-10  1.33559e-09 8.00389e-11 1.24548e-10  -2.19315e-09 1.2158e-09 6.18022e-11  1.75374e-09 -5.93066e-10 2.76362e-11  -5.64787e-10 3.68191e-10 -8.18853e-11  3.03266e-10 1.95775e-10 -1.11161e-10  3.09941e-10 3.06182e-10 -1.57091e-10  1.2787e-10 4.30612e-10 -2.58322e-10  1.98597e-09 -3.1625e-10 -1.66822e-10  -3.33416e-10 3.76686e-10 5.66721e-11  1.17255e-09 -2.66494e-10 1.37807e-10  -1.74316e-11 1.28069e-10 1.29013e-10  8.36128e-11 8.03694e-11 1.67094e-10  -2.31571e-10 2.01309e-10 1.57482e-10  -2.25788e-10 1.62993e-10 4.54208e-12  -6.51539e-06 1.85767e-06 1.8601e-06  -7.09007e-06 2.10974e-06 3.5812e-07  -5.4404e-06 1.65478e-06 -1.07186e-06  -2.31362e-06 7.50239e-07 -1.12163e-06  -9.36492e-07 3.30894e-07 -4.0736e-07  -8.53082e-07 2.73557e-07 -7.8889e-08  -6.74683e-07 1.97457e-07 -1.26048e-07  -4.00198e-07 9.95468e-08 -1.34055e-07  -2.12946e-07 5.37642e-08 -6.41332e-08  -1.823e-07 4.81618e-08 -3.81091e-08  -1.03234e-07 2.76872e-08 -4.3413e-08  -7.79214e-08 2.07626e-08 -2.49586e-08  -3.61421e-08 1.59178e-08 -6.40656e-09  -4.58647e-08 1.25241e-08 -4.5827e-10  -3.71394e-08 7.9751e-09 -4.65619e-09  -3.1922e-08 9.76894e-09 -4.76258e-09  -2.7881e-08 2.45335e-09 -1.43808e-09  -2.42891e-08 2.41842e-09 -1.63844e-09  -1.95029e-08 3.39162e-09 -1.90878e-11  -1.95282e-08 2.6856e-09 4.57669e-10  -1.73878e-08 2.09577e-09 -4.71896e-10  -1.38494e-08 1.64955e-09 -4.72363e-10  -1.16641e-08 1.33814e-09 -1.63063e-10  -9.83879e-09 1.09578e-09 -1.23158e-10  -8.29351e-09 7.59276e-10 -8.1558e-11  -7.10727e-09 5.13965e-10 -1.48284e-10  -5.80939e-09 2.75722e-10 -3.56065e-10  -4.20982e-09 6.6747e-11 -5.0648e-10  -2.795e-09 -6.91116e-11 -4.28655e-10  -1.72485e-09 -1.33316e-10 -2.80981e-10  -9.02622e-10 -2.33963e-10 -3.27443e-11  -2.33933e-10 -4.34197e-10 2.32754e-11  -2.67743e-10 -6.10033e-11 -2.60078e-10  -7.85825e-10 3.09278e-10 -3.39496e-10  -7.36198e-10 2.26302e-10 -2.36581e-10  2.65684e-09 -2.1839e-10 7.3581e-11  8.36999e-10 1.82239e-10 1.40753e-10  2.14925e-09 -3.35166e-10 6.28133e-11  4.06206e-10 9.92683e-11 -1.01022e-10  1.30092e-09 -4.85074e-11 -1.91471e-10  1.08697e-09 1.02771e-10 -1.78158e-10  2.21513e-09 -1.12624e-10 -2.39486e-10  1.55896e-09 2.74902e-11 -1.41493e-10  1.52027e-09 -7.27037e-11 6.71249e-11  1.51037e-09 -1.16602e-10 1.66742e-10  4.92028e-10 1.22803e-10 1.35241e-10  4.6295e-10 1.63248e-10 1.61588e-10  5.81605e-11 2.20583e-10 1.86789e-10  -2.71466e-11 1.56482e-10 2.76352e-11  -5.75942e-06 8.98909e-07 1.82198e-06  -7.13459e-06 1.08653e-06 3.7442e-07  -5.48239e-06 8.31207e-07 -1.05129e-06  -2.40381e-06 3.84972e-07 -1.11401e-06  -9.4754e-07 1.70294e-07 -3.99829e-07  -8.4054e-07 1.34247e-07 -7.4133e-08  -6.67979e-07 9.90216e-08 -1.2207e-07  -3.92149e-07 5.47932e-08 -1.31853e-07  -1.98009e-07 2.82375e-08 -6.53639e-08  -1.57408e-07 2.58223e-08 -4.04456e-08  -8.29838e-08 1.47796e-08 -4.39035e-08  -1.80494e-08 7.39159e-09 -2.6342e-08  -3.70057e-08 1.53578e-08 -4.99613e-09  -1.15734e-08 4.50861e-09 1.36488e-09  -4.4784e-08 1.12713e-08 -7.34973e-09  2.88659e-09 1.11755e-08 -4.43501e-09  -3.11866e-08 7.67288e-09 1.51994e-09  -2.38777e-08 5.85571e-09 -2.50287e-09  -1.62038e-08 6.03547e-09 -3.86353e-10  -1.74423e-08 5.4236e-09 9.52238e-10  -1.56765e-08 4.72396e-09 -4.39526e-10  -1.22218e-08 4.05394e-09 -4.9333e-10  -1.11246e-08 3.57881e-09 -1.46997e-10  -8.89885e-09 3.01177e-09 -1.1234e-10  -7.60925e-09 2.54541e-09 -3.99746e-11  -6.32158e-09 2.18131e-09 -1.29304e-10  -5.2756e-09 1.87754e-09 -3.74327e-10  -3.71019e-09 1.5965e-09 -5.57417e-10  -2.24506e-09 1.34749e-09 -4.61658e-10  -1.17784e-09 1.04175e-09 -2.5976e-10  1.46474e-10 6.60534e-10 3.75354e-11  -3.65218e-09 8.99609e-10 5.56205e-12  5.30923e-10 3.73991e-10 -3.30449e-10  1.18549e-09 1.49933e-10 -4.28766e-10  1.67448e-09 4.67965e-11 -1.11076e-10  -9.46775e-10 3.43801e-10 -3.49653e-11  2.65787e-09 -9.24528e-11 1.24099e-10  -7.95755e-10 5.34909e-10 1.40691e-10  2.28419e-10 2.21704e-10 -7.98551e-11  4.56066e-10 1.59344e-10 -2.3877e-10  5.42917e-10 2.07968e-10 -1.87727e-10  2.05329e-09 6.00813e-11 -2.68215e-10  9.32268e-11 4.00931e-10 -1.37793e-10  2.34372e-09 -4.99771e-11 9.39776e-11  3.35278e-10 2.52871e-10 1.91703e-10  5.68289e-10 2.73768e-10 1.10771e-10  4.47744e-10 3.11571e-10 1.63797e-10  1.40255e-10 2.9371e-10 2.32979e-10  -6.69579e-11 1.83116e-10 6.50893e-11  -5.83472e-06 -9.12224e-07 1.82756e-06  -7.17432e-06 -1.08658e-06 3.63299e-07  -5.50207e-06 -8.02517e-07 -1.05612e-06  -2.41705e-06 -3.64772e-07 -1.10554e-06  -9.8309e-07 -1.69694e-07 -3.96769e-07  -8.63285e-07 -1.36137e-07 -7.61184e-08  -6.76792e-07 -1.01869e-07 -1.21288e-07  -3.99259e-07 -5.83639e-08 -1.28344e-07  -2.36832e-07 -3.1961e-08 -6.61878e-08  -1.84343e-07 -2.15685e-08 -4.25629e-08  -1.05719e-07 -6.84283e-09 -4.50984e-08  -7.72328e-08 -6.20757e-09 -2.79741e-08  -2.25701e-08 -9.74894e-09 -2.20071e-09  -4.86104e-08 -9.12798e-09 2.01549e-09  -2.00482e-08 -1.20109e-08 -9.27293e-09  -2.13843e-09 -1.39989e-08 -5.112e-09  -8.3537e-09 -6.29179e-09 -1.10994e-10  -9.49341e-09 -6.93944e-09 -1.34777e-09  -5.84033e-09 -7.48488e-09 -2.77551e-11  -7.68547e-09 -5.73211e-09 5.56696e-10  -7.35799e-09 -4.52111e-09 -3.20551e-10  -6.02074e-09 -3.85071e-09 -3.2225e-10  -5.7216e-09 -3.17581e-09 -3.0963e-11  -5.25335e-09 -2.57792e-09 8.52426e-11  -4.98146e-09 -2.02962e-09 1.26924e-10  -4.57455e-09 -1.61284e-09 -8.00884e-11  -3.74207e-09 -1.01847e-09 -4.1003e-10  -2.43977e-09 -6.41202e-10 -3.53592e-10  -1.92847e-09 -9.1658e-10 -1.88904e-10  -1.89675e-09 -6.61551e-10 -2.76351e-10  -5.41892e-10 9.90324e-11 -1.27432e-10  -1.88799e-09 1.50108e-10 8.94379e-11  1.34795e-09 3.54897e-10 4.47943e-11  -4.63508e-10 -3.54409e-10 -2.68064e-10  4.23346e-10 1.25115e-10 -3.19707e-10  2.28236e-09 3.89509e-10 -1.00492e-12  2.67853e-09 1.40588e-10 1.68841e-10  -2.91194e-10 -9.74606e-11 3.78725e-11  3.51215e-10 3.00514e-11 2.22007e-11  4.23966e-10 -7.09464e-11 -2.0769e-10  5.88367e-10 -4.24963e-11 -2.27067e-10  2.07221e-09 2.33127e-10 -3.07669e-10  2.16099e-10 -4.54838e-15 -1.55e-10  2.48349e-09 4.9117e-10 9.27569e-11  5.27306e-10 2.31794e-10 1.59399e-10  9.38217e-10 3.58879e-10 5.56027e-11  9.17499e-10 4.19778e-10 1.69761e-10  5.08712e-10 3.26393e-10 3.16259e-10  7.9306e-11 1.52976e-10 1.5412e-10  -6.62281e-06 -1.8421e-06 1.86198e-06  -7.15448e-06 -2.08091e-06 3.41869e-07  -5.33484e-06 -1.57442e-06 -1.07942e-06  -2.37377e-06 -7.19589e-07 -1.10492e-06  -1.00497e-06 -3.13563e-07 -4.03876e-07  -8.754e-07 -2.51538e-07 -7.95735e-08  -6.94694e-07 -1.87835e-07 -1.21255e-07  -4.19879e-07 -9.79581e-08 -1.32023e-07  -1.91309e-07 -3.76922e-08 -6.42527e-08  -1.48999e-07 -3.86064e-08 -4.12959e-08  -7.00518e-08 -1.22668e-08 -4.69421e-08  -1.76994e-08 2.3204e-09 -2.25056e-08  -4.25244e-08 -1.38535e-08 -3.04755e-09  -3.7527e-08 -2.26301e-09 6.1493e-10  -4.69205e-08 -1.45426e-08 -2.42934e-09  -3.7435e-08 -1.31932e-08 -6.40549e-09  -2.85235e-08 -5.21899e-09 -2.92175e-09  -2.60072e-08 -6.88283e-09 -2.28158e-10  -2.28611e-08 -7.65681e-09 -5.05451e-11  -1.92376e-08 -5.78793e-09 -3.67662e-10  -1.55732e-08 -4.54226e-09 -5.64059e-10  -1.26012e-08 -4.01537e-09 -4.39238e-10  -1.00674e-08 -3.33519e-09 -2.58236e-10  -7.83964e-09 -2.55845e-09 -1.12672e-10  -6.05507e-09 -1.86747e-09 3.87576e-12  -5.00557e-09 -1.47704e-09 -2.23932e-10  -3.21236e-09 -8.40246e-10 -5.1869e-10  -1.49094e-09 -5.67012e-10 -2.57623e-10  -2.33723e-09 -8.95383e-10 -1.60637e-10  2.39409e-09 4.70014e-10 -5.09894e-10  4.48138e-10 2.9051e-10 -3.32571e-10  8.2557e-10 7.19194e-10 2.73726e-10  2.22946e-10 -1.28508e-10 9.19535e-11  1.40289e-09 -1.26396e-10 -2.6177e-10  3.54461e-11 -3.70214e-10 -1.99466e-10  9.95433e-10 2.31399e-10 -1.30431e-10  -1.17196e-10 -5.2675e-10 4.85378e-11  1.65721e-09 4.38414e-10 9.07811e-11  9.19305e-10 1.95598e-10 -3.71749e-11  1.17295e-09 1.24857e-10 -1.13148e-10  1.02767e-09 2.46704e-11 -2.59114e-10  2.31858e-09 4.17845e-10 -3.19373e-10  1.81145e-09 4.07043e-10 -1.70178e-10  1.67415e-09 4.79981e-10 7.14462e-11  1.84128e-09 5.67692e-10 1.18513e-10  1.11233e-09 4.48444e-10 4.08411e-11  1.27488e-09 5.0708e-10 1.71381e-10  6.95032e-10 3.53055e-10 3.31009e-10  2.44681e-10 1.59487e-10 1.90587e-10  -5.34828e-06 -2.21538e-06 1.86982e-06  -7.16987e-06 -3.04844e-06 3.79809e-07  -5.35372e-06 -2.3258e-06 -1.10274e-06  -2.41478e-06 -1.05754e-06 -1.12179e-06  -1.03274e-06 -4.43082e-07 -4.16612e-07  -8.45938e-07 -3.57217e-07 -8.21122e-08  -6.62908e-07 -2.5752e-07 -1.24931e-07  -3.38262e-07 -1.21634e-07 -1.3165e-07  -1.6116e-07 -6.61834e-08 -5.6473e-08  -1.4553e-07 -7.12189e-08 -3.53724e-08  -6.15567e-08 -3.5307e-08 -5.04336e-08  -3.8048e-08 -1.47049e-08 -2.18618e-08  -4.997e-08 -2.04773e-08 -6.20682e-09  1.52105e-08 1.41169e-08 -2.21824e-09  -2.70022e-08 -3.67861e-09 4.16216e-10  -1.69186e-08 1.02713e-09 -6.47805e-09  -7.38983e-09 4.84317e-09 -3.19014e-09  -1.02553e-08 2.28536e-09 1.08161e-09  -1.29146e-08 -1.98334e-10 4.56514e-10  -1.11373e-08 -2.07583e-10 -3.71951e-10  -9.55283e-09 -4.76978e-10 -2.72163e-10  -8.71636e-09 -1.12028e-09 -1.42587e-10  -7.55563e-09 -1.31818e-09 -1.14807e-10  -6.47076e-09 -1.28862e-09 -2.97503e-11  -5.68494e-09 -1.21907e-09 4.91436e-11  -5.26547e-09 -1.18236e-09 -2.22951e-10  -3.82329e-09 -7.99883e-10 -3.69108e-10  -3.60994e-09 -1.21676e-09 -9.25023e-11  -1.97873e-10 9.9278e-11 -2.15285e-10  -2.93216e-09 -8.85765e-10 -6.27418e-10  -3.21573e-11 9.59644e-11 -3.21109e-10  4.60815e-10 -1.25668e-10 2.87867e-10  -1.41103e-09 -6.69784e-10 1.84226e-10  8.64399e-10 9.00512e-11 -2.84532e-10  2.16041e-09 4.95022e-10 -2.92168e-10  2.40641e-10 -1.27589e-10 2.65204e-11  2.29353e-09 6.86015e-10 1.25901e-10  -2.54014e-10 -1.34972e-10 1.13956e-10  1.38548e-10 7.58671e-12 -1.02995e-10  1.62613e-10 -1.43608e-10 -9.20552e-12  2.4415e-10 -1.81332e-10 -2.61264e-10  3.01048e-10 -1.08144e-10 -3.74569e-10  2.22831e-09 7.23567e-10 -2.03626e-10  1.14077e-10 8.81993e-11 7.14495e-11  1.58892e-09 6.49085e-10 9.54032e-11  7.41775e-10 3.36371e-10 3.26005e-11  1.09237e-09 4.84953e-10 1.71338e-10  6.19469e-10 3.01969e-10 3.32951e-10  1.41764e-10 9.92067e-11 2.01486e-10  -5.28725e-06 -3.08948e-06 1.89261e-06  -6.63845e-06 -3.7993e-06 3.82634e-07  -5.17091e-06 -2.94645e-06 -1.08829e-06  -2.34244e-06 -1.32866e-06 -1.14406e-06  -9.60572e-07 -5.33085e-07 -4.13514e-07  -8.09924e-07 -4.58169e-07 -8.47916e-08  -5.81732e-07 -3.28238e-07 -1.28409e-07  -3.09074e-07 -1.89714e-07 -1.26039e-07  -1.60281e-07 -1.02289e-07 -5.31989e-08  -1.75359e-07 -1.01797e-07 -3.51579e-08  -9.0948e-08 -6.09252e-08 -4.9447e-08  -3.65723e-08 -2.51308e-08 -2.55792e-08  -1.75901e-08 -1.41127e-08 -7.11334e-09  -1.12386e-08 -1.17789e-08 -3.32599e-09  -1.06238e-08 -1.95484e-09 -2.92853e-09  -5.14999e-09 -2.95126e-09 -5.01014e-09  3.06097e-09 -1.41235e-09 -2.72622e-09  -9.58288e-10 -1.79498e-09 1.06379e-09  -3.827e-09 -2.97873e-09 8.04732e-10  -3.90348e-09 -3.48897e-09 -1.22729e-10  -3.87367e-09 -3.54044e-09 -1.319e-10  -4.15494e-09 -3.67781e-09 1.87231e-12  -3.95323e-09 -3.66413e-09 2.32711e-11  -3.70147e-09 -3.57435e-09 5.48438e-11  -3.60222e-09 -3.37393e-09 7.71489e-12  -3.27733e-09 -2.91283e-09 -2.69336e-10  -2.45542e-09 -2.36939e-09 -2.84448e-10  -2.10754e-09 -2.3751e-09 7.70235e-11  -3.09837e-09 -3.13133e-09 -3.30431e-10  -7.48015e-10 -1.09539e-09 -7.54123e-10  4.38486e-10 -6.76088e-10 -1.26077e-10  -5.51399e-10 -1.49459e-09 2.57059e-10  1.53559e-09 3.20855e-10 8.95617e-11  -1.1029e-09 -7.64485e-10 -3.07907e-10  3.17507e-10 -1.34577e-10 -3.26908e-10  1.00131e-09 1.01742e-11 -6.34662e-11  1.56842e-09 6.71648e-10 1.51006e-10  -4.17509e-11 -1.52496e-10 -7.31932e-11  2.67788e-10 1.86916e-10 9.4084e-12  -4.02028e-11 -1.38148e-10 -2.76588e-11  -1.82579e-10 -2.78902e-10 -2.16833e-10  1.25204e-09 6.29019e-10 -3.69466e-10  -1.36172e-10 -2.19637e-10 -2.58417e-10  1.93698e-09 1.18232e-09 4.25425e-12  4.58817e-10 3.03308e-10 1.34291e-10  8.41525e-10 4.77145e-10 4.27876e-11  9.35915e-10 4.80615e-10 1.66084e-10  5.9905e-10 3.0151e-10 3.38166e-10  1.17434e-10 7.2772e-11 1.94244e-10  -5.53262e-06 -4.2028e-06 1.88294e-06  -5.97467e-06 -4.45228e-06 3.56e-07  -4.6278e-06 -3.42974e-06 -1.08003e-06  -2.03482e-06 -1.49078e-06 -1.13037e-06  -8.18412e-07 -5.8962e-07 -4.16878e-07  -7.48591e-07 -5.37929e-07 -8.28642e-08  -5.48424e-07 -4.21651e-07 -1.21984e-07  -3.2584e-07 -2.69201e-07 -1.28719e-07  -1.80391e-07 -1.29652e-07 -6.42849e-08  -1.30582e-07 -8.35928e-08 -3.54878e-08  -6.71224e-08 -5.57307e-08 -4.21932e-08  -6.43874e-09 -2.34095e-08 -2.58319e-08  -3.2846e-08 -3.63726e-08 -3.90691e-09  -4.12032e-08 -3.3332e-08 -5.35452e-09  -1.10334e-08 -8.18322e-09 -5.06185e-09  -2.49025e-08 -2.31842e-08 -2.68217e-09  -1.79392e-08 -2.06567e-08 -2.54396e-09  -1.5685e-08 -1.76641e-08 7.1162e-11  -1.44636e-08 -1.59142e-08 5.0298e-10  -1.32092e-08 -1.45691e-08 -3.6491e-10  -1.0987e-08 -1.21555e-08 -5.52633e-10  -9.21247e-09 -9.97524e-09 -3.41905e-10  -7.7429e-09 -8.43277e-09 -1.35855e-10  -6.64044e-09 -7.38407e-09 -9.13565e-11  -5.67092e-09 -6.26838e-09 -2.26855e-10  -4.43465e-09 -4.96442e-09 -4.71214e-10  -2.80422e-09 -3.65749e-09 -2.76634e-10  -2.93095e-09 -3.79371e-09 4.28597e-11  -5.06975e-10 -1.76176e-09 -4.7821e-10  -8.89068e-10 -1.99437e-09 -7.7763e-10  4.82457e-10 -7.95789e-10 -1.23605e-10  4.87482e-10 -5.90791e-10 1.86098e-10  -1.63771e-09 -1.90838e-09 -8.21772e-11  -3.61074e-10 -7.16758e-10 -3.08156e-10  1.05725e-09 -2.78627e-11 -1.31078e-10  -1.43929e-09 -1.98925e-09 4.24834e-11  1.72147e-09 7.72634e-10 -1.43134e-10  1.71437e-10 -3.29188e-10 -2.20573e-11  9.63583e-10 6.57158e-10 -7.53765e-11  5.1438e-10 4.03513e-10 3.47668e-11  2.88909e-10 1.47198e-10 -2.29156e-10  1.43232e-09 1.02367e-09 -3.68423e-10  1.07091e-09 7.89882e-10 -2.5601e-10  1.27147e-09 9.4274e-10 -1.55426e-11  1.41736e-09 1.10422e-09 9.93818e-11  8.25915e-10 6.25431e-10 7.72656e-11  9.64664e-10 6.36598e-10 1.84541e-10  5.80504e-10 3.54105e-10 3.23877e-10  2.0668e-10 1.20316e-10 1.86349e-10  -4.10947e-06 -3.96615e-06 1.84304e-06  -5.37116e-06 -5.24687e-06 3.80795e-07  -4.06829e-06 -3.97166e-06 -1.07726e-06  -1.85581e-06 -1.79168e-06 -1.11818e-06  -7.69616e-07 -7.24191e-07 -4.23854e-07  -6.29407e-07 -5.9089e-07 -8.07446e-08  -5.04334e-07 -4.918e-07 -1.17332e-07  -2.79585e-07 -2.71972e-07 -1.35187e-07  -1.30994e-07 -1.20931e-07 -7.0057e-08  -9.85149e-08 -9.19176e-08 -2.97554e-08  -7.59919e-08 -8.29258e-08 -3.54432e-08  -4.39902e-08 -6.00846e-08 -2.34737e-08  -3.31247e-08 -3.8073e-08 -1.0835e-08  -3.58406e-08 -2.07995e-08 -6.89584e-09  -2.85154e-08 -1.79136e-08 -3.83784e-09  -2.57042e-08 -1.89173e-08 -1.97453e-09  -2.34517e-08 -1.63079e-08 -1.96562e-09  -2.02558e-08 -1.51654e-08 2.78081e-10  -1.92553e-08 -1.50686e-08 2.1845e-10  -1.73453e-08 -1.19344e-08 -4.9313e-10  -1.42263e-08 -1.07857e-08 -4.68579e-10  -1.14524e-08 -8.62242e-09 -4.97783e-10  -9.68476e-09 -6.80264e-09 -1.93692e-10  -8.42162e-09 -6.00829e-09 -7.11749e-11  -7.06983e-09 -4.97689e-09 -2.76768e-10  -5.46573e-09 -3.71587e-09 -4.31091e-10  -3.90162e-09 -2.8669e-09 -1.32201e-10  -4.07256e-09 -3.49778e-09 -1.97494e-11  -1.74516e-09 -6.871e-10 -5.31416e-10  -2.00406e-09 -1.4428e-09 -6.42811e-10  -3.90176e-10 -2.58434e-10 -1.33745e-10  -5.89758e-10 -2.78141e-10 7.6972e-11  -1.37465e-10 2.35097e-10 -1.16623e-10  1.06806e-09 3.15158e-10 -1.33396e-10  -3.55019e-10 -1.56692e-09 -1.04467e-10  1.85627e-09 7.93042e-10 1.9219e-11  -6.30563e-10 -1.43651e-09 -3.87275e-12  9.75131e-11 -5.1964e-10 -2.83234e-10  -5.01223e-11 -1.49153e-10 -1.37906e-10  -1.49627e-10 1.8141e-11 3.15613e-11  -2.80918e-10 -1.1111e-10 -2.04233e-10  -2.02333e-10 -9.86447e-11 -3.90788e-10  1.41499e-09 1.41199e-09 -2.64937e-10  -5.20493e-11 3.79699e-11 2.48496e-12  1.2099e-09 1.17798e-09 8.18926e-11  4.85083e-10 4.73035e-10 8.21691e-11  6.52036e-10 6.09247e-10 2.05241e-10  3.45077e-10 2.72805e-10 3.11088e-10  6.27614e-11 1.59584e-11 1.73172e-10  -3.58123e-06 -4.70849e-06 1.85598e-06  -4.4485e-06 -5.81209e-06 3.99721e-07  -3.5064e-06 -4.52161e-06 -1.06827e-06  -1.57075e-06 -1.99351e-06 -1.13068e-06  -6.36944e-07 -7.81924e-07 -4.16434e-07  -5.32801e-07 -6.76636e-07 -7.99828e-08  -4.07522e-07 -5.2188e-07 -1.2208e-07  -2.38537e-07 -2.94503e-07 -1.34638e-07  -1.06237e-07 -1.46755e-07 -6.41336e-08  -1.17044e-07 -1.45723e-07 -3.25649e-08  -6.16797e-08 -7.49918e-08 -3.55434e-08  -3.17116e-08 -3.48519e-08 -2.40836e-08  -1.78397e-08 -1.90862e-08 -1.32516e-08  -8.66196e-09 2.09994e-09 -9.21802e-09  -6.21128e-09 4.04933e-09 -1.46592e-09  -8.07769e-09 -4.37324e-09 -1.32901e-09  -4.85801e-09 1.75152e-09 -1.99456e-09  -5.23252e-09 7.61314e-11 1.22264e-09  -6.77301e-09 -2.58673e-09 -7.01629e-11  -5.44147e-09 1.04133e-09 -2.20166e-10  -5.65578e-09 -2.74816e-09 7.07898e-10  -5.392e-09 -3.95672e-09 -3.13425e-10  -4.40269e-09 -2.44794e-09 -1.52012e-10  -4.31715e-09 -2.77457e-09 1.86143e-10  -3.95591e-09 -2.69886e-09 -1.2548e-10  -3.28369e-09 -2.1913e-09 -1.38245e-10  -2.93892e-09 -2.51587e-09 1.14707e-10  -3.36429e-09 -3.25079e-09 -1.04789e-10  -3.02258e-09 -2.01923e-09 -5.55461e-10  -1.32329e-09 -6.3032e-10 -3.61844e-10  -8.86789e-10 -6.6072e-10 -6.26215e-11  -1.01196e-09 -2.9826e-10 -1.38564e-11  -3.59276e-10 -1.67725e-10 1.11069e-10  -9.59296e-10 -1.55559e-09 1.1458e-10  -7.70133e-10 -1.69572e-09 -1.0895e-10  6.21493e-10 5.21769e-11 -7.60424e-11  5.37972e-10 2.44589e-10 -1.76189e-10  1.22228e-09 1.04443e-09 -2.16071e-10  -9.90104e-11 -2.49888e-10 -1.25854e-10  -1.5488e-10 2.70969e-10 -1.45783e-10  -4.09462e-10 3.72621e-11 -1.30209e-10  5.14927e-10 1.22428e-09 -3.44861e-10  -2.52011e-10 -9.78763e-11 -2.84871e-10  1.22158e-09 1.89593e-09 -1.27403e-11  3.276e-10 4.56053e-10 1.35224e-10  5.31103e-10 7.25889e-10 7.37455e-11  4.65355e-10 6.62917e-10 1.92356e-10  2.45896e-10 3.38119e-10 3.28703e-10  3.13026e-11 3.68848e-11 1.59063e-10  -2.78908e-06 -5.09597e-06 1.85623e-06  -3.69721e-06 -6.59262e-06 3.59188e-07  -2.81988e-06 -4.90767e-06 -1.0936e-06  -1.2613e-06 -2.16103e-06 -1.1198e-06  -5.12259e-07 -8.65767e-07 -4.18553e-07  -4.23164e-07 -7.34289e-07 -7.20513e-08  -3.46682e-07 -6.03461e-07 -1.24412e-07  -1.55817e-07 -2.83075e-07 -1.31551e-07  -1.19315e-07 -2.03959e-07 -6.89329e-08  -1.01404e-07 -1.42537e-07 -3.80297e-08  -6.4317e-08 -9.44099e-08 -3.11028e-08  -9.85385e-10 -3.85368e-09 -2.1749e-08  -1.54006e-08 -2.65922e-08 -1.21265e-08  9.85154e-10 -6.05542e-09 -9.72353e-09  3.53118e-09 -1.036e-09 -4.15968e-10  -1.17385e-08 -2.51891e-08 -7.48256e-10  4.80968e-09 -1.92321e-09 -2.69049e-09  2.73017e-09 -4.33147e-09 1.15222e-09  5.62006e-10 -6.33635e-09 -6.72888e-10  5.53498e-09 1.68906e-09 -2.54076e-10  -7.48452e-10 -7.34775e-09 1.3195e-09  -1.5949e-09 -7.94761e-09 -3.74728e-10  -3.03435e-10 -5.41949e-09 -3.37163e-10  -8.16204e-10 -5.51092e-09 1.73773e-10  -9.50914e-10 -4.9678e-09 -1.8584e-10  -6.61162e-10 -3.91864e-09 -7.27304e-11  -1.42396e-09 -4.55308e-09 1.17196e-10  2.15034e-10 -1.66935e-09 -2.97827e-10  -9.03552e-10 -2.61088e-09 -5.46411e-10  3.06423e-10 -1.3175e-09 -1.96886e-10  -3.2216e-11 -1.34584e-09 -1.906e-10  5.78946e-10 5.76621e-10 -5.00373e-11  -1.62289e-09 -3.09188e-09 3.45683e-10  7.06944e-10 8.58834e-10 1.72765e-10  1.72193e-10 -1.03639e-10 -6.79661e-11  -8.80835e-10 -1.46836e-09 -1.52431e-10  -3.50426e-10 -8.60013e-10 -1.60386e-10  -1.03162e-10 -4.88759e-10 -2.46898e-10  -3.12787e-11 -2.75078e-10 -3.70482e-10  4.65817e-10 1.3581e-09 -1.70332e-10  9.71034e-11 9.28458e-10 -1.64986e-10  7.9032e-10 2.00699e-09 -2.96121e-10  7.08707e-10 1.55138e-09 -2.28405e-10  8.99278e-10 1.68071e-09 1.86634e-11  6.39376e-10 1.18732e-09 1.34312e-10  2.75049e-10 6.60029e-10 5.15705e-11  3.15433e-10 7.87258e-10 2.05807e-10  8.68926e-11 3.58709e-10 3.18494e-10  -3.72689e-11 2.8726e-11 1.67059e-10  -2.74597e-06 -6.67748e-06 1.90463e-06  -2.765e-06 -6.95068e-06 3.19191e-07  -2.08078e-06 -5.21525e-06 -1.10746e-06  -9.11135e-07 -2.27442e-06 -1.13068e-06  -3.39722e-07 -8.74803e-07 -4.11311e-07  -3.2785e-07 -8.16025e-07 -7.4131e-08  -2.565e-07 -6.36428e-07 -1.17106e-07  -1.39271e-07 -3.71512e-07 -1.30128e-07  -9.26714e-08 -2.29425e-07 -8.35408e-08  -1.91142e-08 -4.30679e-08 -3.79266e-08  -3.75425e-08 -8.90614e-08 -2.05034e-08  -3.10406e-08 -7.34609e-08 -2.15352e-08  -2.25547e-08 -4.66633e-08 -1.27161e-08  -1.03054e-08 -3.68187e-08 -7.35739e-09  -6.19109e-09 -3.04615e-08 -1.63439e-09  -1.14258e-08 -3.04419e-08 -1.19481e-09  -5.91219e-09 -2.63099e-08 -1.9873e-09  -4.99544e-09 -2.34739e-08 1.56746e-10  -5.11839e-09 -2.10605e-08 -9.20775e-10  -1.09279e-09 -1.64746e-08 -5.76431e-10  -3.25992e-09 -1.58206e-08 2.29531e-10  -3.45553e-09 -1.35602e-08 -6.72562e-10  -1.90431e-09 -1.09772e-08 -4.59405e-10  -1.80217e-09 -9.55732e-09 -2.05471e-10  -1.56539e-09 -7.67107e-09 -4.14323e-10  -1.09787e-09 -5.89096e-09 -3.04252e-10  -1.17589e-09 -4.77952e-09 -1.57486e-10  -1.24467e-09 -4.37687e-09 -4.08943e-10  -1.38015e-11 -2.31525e-09 -3.91095e-10  4.74658e-10 -1.88144e-09 -2.45608e-10  6.01113e-10 -4.01299e-10 -4.29449e-10  -2.47278e-10 -1.38787e-09 -1.58065e-10  9.48833e-10 1.4231e-09 3.54225e-10  -1.01644e-09 -2.6442e-09 1.38336e-10  -7.42114e-10 -1.58963e-09 -1.54848e-10  -4.05789e-10 -9.8557e-10 -6.31364e-11  -2.2071e-10 -8.47817e-10 -8.00376e-11  -4.34721e-10 -1.0008e-09 -3.28749e-10  3.85949e-10 1.08787e-09 -3.23634e-10  -1.24289e-10 1.26044e-10 -1.82192e-10  2.73349e-11 8.49393e-10 -2.19973e-10  6.64895e-11 6.61404e-10 -2.44702e-10  9.58697e-10 2.20083e-09 -1.70645e-10  4.88081e-11 1.39906e-10 4.21004e-11  8.01193e-10 1.93826e-09 5.80766e-11  2.64948e-10 9.99118e-10 6.3174e-11  2.12134e-10 1.1373e-09 1.84108e-10  3.73385e-11 6.31819e-10 3.43482e-10  -3.58316e-11 1.66625e-10 1.84551e-10  -1.65056e-06 -6.00841e-06 1.91526e-06  -1.94614e-06 -7.47546e-06 3.5057e-07  -1.44026e-06 -5.70415e-06 -1.12115e-06  -6.11291e-07 -2.50598e-06 -1.15203e-06  -2.27774e-07 -1.01571e-06 -4.16947e-07  -2.05763e-07 -8.49748e-07 -7.75377e-08  -1.48074e-07 -6.52296e-07 -1.10828e-07  -1.02931e-07 -4.2739e-07 -1.32466e-07  -2.48467e-08 -1.45075e-07 -8.33419e-08  -1.70302e-08 -1.64048e-07 -3.3443e-08  -3.2917e-08 -1.19527e-07 -2.71421e-08  -2.69206e-08 -6.14741e-08 -2.5339e-08  -2.221e-08 -3.58635e-08 -1.13473e-08  -1.63464e-08 -3.67167e-08 -4.25605e-09  -1.23756e-08 -3.14689e-08 -2.70018e-09  -1.35716e-08 -2.60885e-08 -1.59292e-09  -1.11515e-08 -2.3072e-08 -8.23594e-10  -1.1253e-08 -2.23602e-08 -4.07767e-10  -1.02914e-08 -1.80163e-08 -4.73465e-10  -7.83642e-09 -1.76872e-08 -3.49657e-10  -7.49506e-09 -1.49247e-08 -5.70369e-10  -6.03961e-09 -1.13951e-08 -5.37833e-10  -4.77929e-09 -1.02223e-08 -2.56178e-10  -4.15183e-09 -8.63147e-09 -3.61333e-10  -3.50836e-09 -6.63752e-09 -4.48382e-10  -2.87298e-09 -5.13049e-09 -3.4647e-10  -2.36605e-09 -3.76337e-09 -2.77614e-10  -2.06241e-09 -2.62261e-09 -3.14111e-10  -1.08001e-09 -1.92896e-09 -1.27245e-10  -7.04098e-10 -1.98273e-09 -2.4916e-10  -2.16463e-10 -8.58466e-11 -5.52181e-10  -3.62413e-10 -8.23565e-10 -1.75185e-10  7.47957e-11 6.02876e-10 2.8066e-10  -4.97173e-10 1.45286e-11 5.34331e-11  -2.69506e-10 4.68503e-10 -1.21801e-10  1.64309e-10 2.36873e-10 1.17578e-11  2.32337e-10 3.39859e-10 -1.36224e-10  2.18674e-11 6.04717e-10 -3.02413e-10  5.35572e-11 9.45144e-10 -3.32713e-10  -5.91362e-11 3.21477e-10 -2.70316e-10  2.62098e-10 1.02571e-09 -1.37333e-10  5.20516e-10 1.90529e-09 -2.0154e-10  1.38807e-10 4.51467e-11 -1.70689e-10  6.05387e-10 2.22211e-09 1.18658e-11  1.18282e-10 5.44107e-10 7.53119e-11  7.11908e-11 1.02593e-09 -9.18322e-13  -2.40167e-11 1.14788e-09 1.68725e-10  -1.22894e-10 6.86703e-10 3.83049e-10  -1.32038e-10 8.28586e-11 2.12741e-10  -7.65628e-07 -5.93917e-06 1.90693e-06  -1.02389e-06 -7.804e-06 3.65409e-07  -7.56277e-07 -5.86285e-06 -1.13105e-06  -3.08024e-07 -2.65398e-06 -1.14917e-06  -1.09673e-07 -1.08926e-06 -4.34774e-07  -9.43199e-08 -8.9687e-07 -7.66846e-08  -7.25679e-08 -7.51503e-07 -1.1439e-07  -5.89608e-08 -4.08338e-07 -1.366e-07  -2.14346e-08 -2.58103e-07 -7.65888e-08  -1.35023e-08 -1.47494e-07 -3.97471e-08  -1.56095e-08 -8.87236e-08 -3.56709e-08  -1.4114e-09 -2.36109e-08 -2.6698e-08  -2.55219e-09 1.15227e-09 -1.15796e-08  -6.92293e-09 -3.31981e-09 -2.7383e-09  -6.52604e-09 -5.1449e-09 -1.96188e-09  -5.28604e-09 -2.70759e-09 -1.30294e-09  -5.10309e-09 -2.19594e-09 -4.07874e-10  -5.61832e-09 -3.28109e-09 -3.27783e-10  -5.29209e-09 -1.71755e-09 9.82486e-11  -5.04409e-09 -4.78894e-09 2.98889e-10  -4.1022e-09 -4.68067e-09 -2.09782e-10  -3.17303e-09 -4.27658e-09 -8.93412e-11  -2.82941e-09 -4.73276e-09 7.47659e-11  -2.48798e-09 -4.52157e-09 -1.71161e-10  -2.05998e-09 -3.6389e-09 -2.76574e-10  -1.81932e-09 -2.98668e-09 -1.86135e-10  -1.46165e-09 -2.6055e-09 -1.65296e-10  -1.05261e-09 -1.93826e-09 -1.38249e-10  -7.68966e-10 -1.875e-09 7.22905e-11  -6.29175e-10 -2.24424e-09 -1.24211e-10  -1.98306e-10 -7.26839e-10 -5.28751e-10  -2.06581e-10 -2.02666e-09 -1.53469e-10  -3.48163e-10 -1.3773e-10 2.40027e-10  -4.13322e-10 -1.00103e-09 3.18393e-11  -1.86361e-10 -6.55871e-10 -2.36363e-12  -3.15673e-10 -1.38589e-09 5.20139e-11  -2.88223e-10 -1.31097e-09 -1.74367e-10  -1.05975e-10 -3.12379e-10 -3.0912e-10  -1.0763e-10 -8.20255e-11 -3.16186e-10  4.11552e-10 2.04865e-09 -2.04761e-10  2.89221e-10 3.26585e-10 -1.87313e-10  4.79012e-10 1.44695e-09 -2.00968e-10  6.02512e-10 2.24205e-09 -1.1632e-10  4.0307e-10 1.40731e-09 -3.16582e-11  1.02967e-10 1.47274e-09 -9.79944e-12  -1.44131e-10 1.05507e-09 -5.32165e-11  -1.57077e-10 1.47206e-09 1.79193e-10  -2.2401e-10 8.76679e-10 4.04447e-10  -1.68095e-10 2.01255e-10 2.65774e-10  6.89112e-07 -6.09722e-06 1.89854e-06  8.94825e-07 -7.54097e-06 3.69315e-07  7.19283e-07 -5.81545e-06 -1.09117e-06  3.25035e-07 -2.62149e-06 -1.1494e-06  1.40699e-07 -1.05435e-06 -4.24929e-07  1.28553e-07 -8.96838e-07 -7.9955e-08  9.7622e-08 -6.90617e-07 -1.25279e-07  6.76621e-08 -3.87468e-07 -1.39366e-07  2.91548e-08 -2.24746e-07 -8.17855e-08  1.70091e-08 -1.12687e-07 -4.61269e-08  8.19276e-09 -7.27078e-08 -3.17477e-08  7.70401e-09 -4.2958e-08 -1.7592e-08  1.69536e-08 -5.90065e-08 -1.08585e-08  1.26546e-08 -3.50098e-08 -7.30836e-09  8.09368e-09 -2.7726e-08 -2.82413e-09  6.90846e-09 -2.57713e-08 -1.06005e-09  6.7084e-09 -2.43719e-08 -1.06742e-09  6.85505e-09 -2.1395e-08 -9.70239e-10  6.41208e-09 -1.84818e-08 -5.0166e-10  5.30581e-09 -1.72971e-08 -1.82878e-10  4.61028e-09 -1.49884e-08 -2.14652e-10  4.11794e-09 -1.30755e-08 -3.19062e-10  3.41862e-09 -1.03674e-08 -2.74267e-10  2.97812e-09 -8.79635e-09 -2.82938e-10  2.56455e-09 -7.27697e-09 -4.56752e-10  2.09223e-09 -5.25941e-09 -4.18103e-10  1.65999e-09 -4.24929e-09 -1.97586e-10  1.58476e-09 -3.61245e-09 -1.51215e-10  1.44403e-09 -2.7042e-09 -8.73832e-11  1.2454e-09 -2.41454e-09 -1.3184e-10  1.0163e-09 -1.14077e-09 -4.6194e-10  9.93018e-10 -2.61935e-09 -4.70628e-10  1.79557e-10 1.17276e-09 1.21966e-11  3.02119e-10 -4.51114e-10 1.65133e-10  2.91511e-10 -3.08849e-10 -3.88133e-11  1.75757e-10 -1.66933e-09 -1.21777e-10  1.69577e-11 -1.19221e-09 -1.77422e-10  -6.31687e-12 7.41628e-10 -2.17967e-10  8.05293e-11 6.98243e-10 -2.38894e-10  2.12709e-11 1.07167e-09 -2.292e-10  -8.55488e-11 1.50744e-09 -1.59914e-10  2.1911e-11 3.94621e-10 -1.06048e-10  2.27022e-11 1.24102e-09 -1.12304e-10  -5.28998e-11 1.06945e-09 -1.3051e-10  -3.47549e-11 8.43563e-10 -2.03224e-10  -2.71696e-10 1.55562e-09 -1.13129e-10  -3.52628e-10 1.7439e-09 1.70992e-10  -2.70629e-10 1.16598e-09 4.59729e-10  -1.33292e-10 3.52686e-10 3.29979e-10  1.48166e-06 -5.61609e-06 1.86825e-06  1.906e-06 -7.38598e-06 3.76166e-07  1.42679e-06 -5.58519e-06 -1.09362e-06  6.676e-07 -2.5426e-06 -1.1196e-06  3.14359e-07 -1.04466e-06 -4.19385e-07  2.70937e-07 -8.84006e-07 -7.89775e-08  2.30837e-07 -7.16496e-07 -1.23774e-07  1.37184e-07 -4.16763e-07 -1.4823e-07  6.72485e-08 -2.09224e-07 -8.75672e-08  5.73592e-08 -1.82981e-07 -4.71597e-08  2.64497e-08 -8.19268e-08 -3.44871e-08  1.38296e-08 -5.48205e-08 -1.70696e-08  7.62917e-09 -5.12765e-08 -9.352e-09  8.62504e-09 -3.97546e-08 -7.68601e-09  5.06824e-09 -2.84061e-08 -3.68859e-09  2.95752e-09 -2.61904e-08 -1.25991e-09  2.49405e-09 -2.33138e-08 -9.50591e-10  2.50248e-09 -2.2698e-08 -8.49076e-10  2.33242e-09 -2.08378e-08 -6.88137e-10  1.43301e-09 -1.68231e-08 -3.46364e-10  1.47835e-09 -1.54024e-08 -1.73201e-10  1.18846e-09 -1.32554e-08 -3.26592e-10  9.77199e-10 -1.08927e-08 -2.57746e-10  1.00754e-09 -9.29041e-09 -2.67726e-10  7.61684e-10 -7.39406e-09 -4.95315e-10  4.11802e-10 -5.75473e-09 -4.84465e-10  6.4827e-11 -4.31875e-09 -2.3243e-10  4.07165e-11 -3.86714e-09 -1.08172e-10  1.96172e-10 -3.14863e-09 -6.87655e-11  2.25767e-10 -2.6243e-09 -9.5368e-11  2.00534e-10 -2.08438e-09 -4.38043e-10  -3.2662e-10 1.54817e-10 -5.3688e-10  2.77533e-10 -1.97205e-09 -6.95931e-11  -3.11804e-10 -2.64769e-10 1.67463e-10  -6.08549e-10 1.08057e-09 -3.3874e-11  -2.77893e-10 -2.93235e-10 -1.97699e-10  -4.41129e-10 5.39237e-10 -1.37625e-10  -1.60179e-10 2.37444e-10 -1.30834e-10  -1.68316e-10 7.07702e-10 -2.31681e-10  3.99039e-11 1.54086e-10 -1.68019e-10  4.04263e-10 -7.21883e-10 -1.72541e-10  -2.84058e-10 1.65606e-09 -1.1577e-10  -5.46524e-11 4.09608e-10 -1.12851e-10  -3.76834e-10 1.78902e-09 -1.6983e-10  -1.51078e-10 7.81019e-10 -1.63701e-10  -3.74943e-10 1.54874e-09 -1.74723e-10  -4.59508e-10 1.79115e-09 1.82183e-10  -3.4745e-10 1.1324e-09 4.42422e-10  -1.6531e-10 3.52888e-10 3.39182e-10  2.59542e-06 -6.42742e-06 1.87244e-06  2.77996e-06 -6.90499e-06 3.49776e-07  2.10976e-06 -5.22596e-06 -1.0707e-06  9.73678e-07 -2.3336e-06 -1.09935e-06  4.6576e-07 -1.01566e-06 -4.07069e-07  4.05443e-07 -8.97877e-07 -8.40465e-08  3.20317e-07 -7.31146e-07 -1.29929e-07  1.8136e-07 -4.04424e-07 -1.529e-07  9.6752e-08 -1.8908e-07 -9.28385e-08  5.34772e-08 -1.20368e-07 -4.68041e-08  3.97056e-08 -7.06538e-08 -3.1899e-08  2.144e-08 -3.02186e-08 -2.23595e-08  8.70035e-10 -1.32053e-08 -1.19272e-08  1.41563e-09 -9.04903e-09 -5.53035e-09  6.02851e-11 -4.52483e-09 -3.69271e-09  -1.28243e-09 -3.61213e-09 -1.12609e-09  -4.23426e-10 -5.15851e-09 -4.08467e-10  -1.19685e-09 -5.82267e-09 -6.05131e-10  -1.1152e-09 -6.33173e-09 -2.80004e-10  -5.07312e-10 -5.45155e-09 1.94753e-10  4.10279e-10 -6.47453e-09 1.18012e-10  1.40914e-10 -6.2062e-09 -1.02874e-10  3.3594e-10 -5.7498e-09 1.23452e-10  9.211e-10 -5.54922e-09 -1.93237e-11  6.90187e-10 -4.91866e-09 -4.69257e-10  -1.1917e-10 -3.67344e-09 -3.15607e-10  4.70454e-10 -3.06053e-09 -8.25265e-11  8.05997e-11 -2.71626e-09 -8.06577e-11  1.06341e-10 -2.83891e-09 5.30184e-11  2.93159e-10 -2.79161e-09 1.26956e-11  2.98816e-10 -2.40721e-09 -3.1174e-10  2.60488e-10 -1.34476e-09 -4.65385e-10  -1.80485e-10 -3.20355e-10 -1.33299e-10  -8.68138e-11 -9.28463e-10 1.41544e-10  8.20751e-11 -1.40881e-09 -2.59135e-12  1.21398e-11 -6.37764e-10 -1.46595e-10  5.29014e-11 -3.12921e-10 -8.31013e-11  2.35631e-11 -2.46276e-10 -8.86422e-11  1.57303e-10 -2.55953e-10 -1.73668e-10  -1.82182e-10 1.17219e-09 -1.86422e-10  -4.08371e-11 9.65244e-10 -1.67098e-10  2.84546e-10 -2.30415e-11 -1.36378e-10  -4.0125e-10 1.12654e-09 -1.32667e-10  -1.04461e-10 3.37114e-10 -1.68601e-10  -4.70846e-10 1.56757e-09 -1.89272e-10  -4.96653e-10 1.724e-09 -1.40428e-10  -6.0981e-10 1.86861e-09 1.34803e-10  -4.96035e-10 1.24844e-09 4.11314e-10  -2.69399e-10 5.21983e-10 3.43077e-10  2.76926e-06 -5.06198e-06 1.85354e-06  3.67618e-06 -6.52072e-06 3.89107e-07  2.85984e-06 -4.97135e-06 -1.0514e-06  1.33282e-06 -2.25645e-06 -1.09905e-06  6.26885e-07 -1.01912e-06 -4.07523e-07  5.09193e-07 -8.52833e-07 -9.44043e-08  3.75802e-07 -6.68409e-07 -1.32577e-07  2.23755e-07 -3.77603e-07 -1.45303e-07  1.33638e-07 -1.92234e-07 -9.32383e-08  7.05079e-08 -1.00808e-07 -4.92522e-08  7.22308e-08 -1.19578e-07 -3.01664e-08  5.41752e-08 -7.40628e-08 -2.46223e-08  8.33032e-09 -3.7332e-10 -1.30806e-08  1.03632e-08 -4.95397e-09 -4.65473e-09  8.4947e-09 -3.27889e-10 -3.78699e-09  5.72768e-09 -1.47867e-09 -1.6403e-09  4.6004e-09 -3.42716e-09 -9.90781e-11  6.38796e-09 -1.81405e-09 -5.35529e-10  4.28541e-09 -1.6848e-09 -3.78947e-10  5.05123e-09 -3.20942e-09 5.69792e-10  5.8904e-09 -4.44933e-09 9.1891e-11  4.43202e-09 -3.63621e-09 -2.68717e-10  4.1461e-09 -3.67916e-09 3.03571e-10  4.58881e-09 -4.52525e-09 -1.2403e-10  2.72854e-09 -3.35934e-09 -7.2279e-10  1.74092e-09 -1.4723e-09 -1.13651e-12  3.36375e-09 -2.81024e-09 1.78903e-10  2.69733e-09 -2.01205e-09 -3.37593e-10  1.40254e-09 -1.65152e-09 -8.5406e-11  1.35655e-09 -1.89693e-09 7.4153e-11  1.23676e-09 -1.80976e-09 -2.40452e-10  9.78371e-10 -1.24668e-09 -3.796e-10  7.78474e-10 -5.6906e-10 -1.84934e-10  4.83291e-10 -5.55792e-10 3.76338e-11  3.1182e-10 -7.17124e-10 1.93285e-11  4.30595e-10 -5.68479e-10 -3.89101e-11  4.64985e-10 -4.12926e-10 -6.71094e-11  3.90792e-10 -2.00997e-10 -1.13588e-10  3.51591e-10 -2.44989e-11 -1.40645e-10  5.76879e-10 -2.16156e-10 -1.50022e-10  2.80434e-10 2.7153e-10 -1.61266e-10  -4.95748e-10 1.34219e-09 -1.97542e-10  4.12691e-11 1.55325e-10 -1.58778e-10  -7.20224e-10 1.40603e-09 -1.28657e-10  -2.15621e-10 8.66445e-10 -1.63924e-10  -4.77584e-10 1.39801e-09 -1.287e-10  -5.84033e-10 1.45464e-09 7.16741e-11  -5.5446e-10 1.14049e-09 3.69919e-10  -2.69993e-10 4.76136e-10 3.41021e-10  3.3387e-06 -4.4121e-06 1.8209e-06  4.53374e-06 -5.95409e-06 4.3024e-07  3.50796e-06 -4.56402e-06 -1.04988e-06  1.6468e-06 -2.11228e-06 -1.08551e-06  7.86015e-07 -9.83873e-07 -4.18473e-07  6.05549e-07 -7.7025e-07 -1.04071e-07  4.56338e-07 -5.94671e-07 -1.32293e-07  2.74909e-07 -3.54639e-07 -1.35798e-07  1.73064e-07 -2.15002e-07 -8.7061e-08  1.17226e-07 -1.37943e-07 -5.44331e-08  4.76918e-08 -5.88525e-08 -3.54417e-08  2.81195e-08 -2.84174e-08 -1.96774e-08  3.82493e-08 -3.72946e-08 -1.04529e-08  2.74328e-08 -2.99808e-08 -5.56083e-09  2.74268e-08 -2.48756e-08 -4.52167e-09  1.67406e-08 -1.92275e-08 -4.28644e-09  1.04948e-08 -1.55476e-08 1.00302e-09  1.99964e-08 -1.62847e-08 3.62149e-10  1.34084e-08 -1.34531e-08 -2.00697e-09  1.0525e-08 -1.13365e-08 5.18722e-10  1.18702e-08 -1.16354e-08 4.22068e-11  8.83952e-09 -8.62997e-09 -7.31009e-10  7.51901e-09 -7.18033e-09 1.08852e-10  6.76516e-09 -6.94557e-09 -6.91806e-10  2.55326e-09 -2.87962e-09 -9.71139e-10  4.94084e-09 -4.73566e-09 4.33122e-10  3.09935e-09 -1.2546e-09 3.18792e-10  4.39627e-09 -3.75226e-09 -6.89673e-10  1.7468e-09 -9.29978e-10 -3.88007e-10  1.59895e-09 -1.07623e-09 3.1113e-12  1.01859e-09 -9.87639e-10 -3.27716e-10  4.75214e-10 -4.809e-10 -3.52736e-10  3.41651e-10 -1.20745e-10 -1.86298e-10  1.13782e-10 1.30362e-10 -6.71186e-11  -1.23046e-12 1.43734e-10 -1.80335e-12  -8.19238e-12 1.78485e-10 9.93893e-12  6.94731e-11 1.9541e-10 -4.05794e-11  1.19838e-10 3.12434e-10 -9.99753e-11  1.2638e-10 3.26614e-10 -1.19649e-10  2.95826e-11 1.70618e-10 -1.27173e-10  -2.27203e-11 1.07759e-10 -1.95466e-10  -1.53541e-10 3.78837e-10 -2.3771e-10  -6.63577e-10 1.09028e-09 -1.73998e-10  -1.9968e-10 6.83234e-10 -8.2557e-11  -3.81973e-10 9.71555e-10 -1.14215e-10  -4.87967e-10 1.04685e-09 -1.72049e-10  -7.31544e-10 1.3722e-09 6.28781e-11  -5.96083e-10 1.0922e-09 3.25715e-10  -2.92187e-10 5.02985e-10 3.3029e-10  4.11519e-06 -4.03532e-06 1.84783e-06  5.3291e-06 -5.29582e-06 4.13711e-07  4.11464e-06 -4.10404e-06 -1.03529e-06  1.88509e-06 -1.89495e-06 -1.09654e-06  8.7497e-07 -8.75696e-07 -4.18834e-07  7.22567e-07 -6.97258e-07 -1.06269e-07  5.47379e-07 -5.12376e-07 -1.33334e-07  3.20229e-07 -3.04153e-07 -1.35405e-07  1.84941e-07 -1.87491e-07 -8.47853e-08  1.23195e-07 -1.2209e-07 -5.25838e-08  8.14472e-08 -6.7058e-08 -3.4981e-08  5.47955e-08 -3.9312e-08 -1.94458e-08  3.68941e-08 -3.57467e-08 -1.26383e-08  2.11529e-08 -2.79678e-08 -5.84071e-09  3.7065e-08 -4.19848e-08 -4.30746e-09  1.01811e-08 -1.51408e-08 -6.20035e-09  -1.15367e-09 -3.23079e-09 2.87441e-09  2.77942e-08 -2.9247e-08 1.33995e-09  9.32674e-09 -1.43057e-08 -3.74342e-09  6.92598e-09 -1.11096e-08 8.98502e-10  1.00819e-08 -1.23135e-08 4.77058e-10  7.39282e-09 -9.54651e-09 -8.32287e-10  6.53614e-09 -8.34245e-09 -7.06589e-11  4.79743e-09 -6.8198e-09 -9.73551e-10  3.15942e-09 -4.49206e-09 -7.59849e-10  2.41229e-09 -2.30264e-09 8.0607e-10  5.56927e-09 -6.0764e-09 1.66537e-10  9.18133e-10 -1.87106e-09 -7.78885e-10  2.36017e-09 -2.54308e-09 -3.25187e-10  1.91203e-09 -2.08051e-09 -1.56918e-10  7.98681e-10 -1.27681e-09 -4.49928e-10  -1.07424e-12 -7.77272e-10 -3.75731e-10  -7.48847e-11 -4.90772e-10 -1.2616e-10  -1.57409e-10 -2.36825e-10 -7.14058e-11  -1.66159e-10 -1.08268e-10 -1.03692e-11  -1.5685e-10 -2.61004e-11 2.02659e-11  -4.12053e-11 -1.03857e-11 -1.44715e-11  6.63924e-11 2.6412e-11 -7.79674e-11  2.45995e-11 6.9048e-11 -1.61777e-10  -2.45215e-10 1.294e-10 -1.98037e-10  -5.09401e-10 2.57298e-10 -1.84744e-10  -6.16623e-10 5.36254e-10 -1.91102e-10  -6.14969e-10 9.3318e-10 -1.23439e-10  -5.85665e-10 1.0886e-09 -7.93071e-11  -7.15361e-10 1.26601e-09 -1.58252e-10  -8.02615e-10 1.24087e-09 -1.35011e-10  -8.34946e-10 1.29886e-09 4.48985e-11  -5.48227e-10 9.32159e-10 3.05738e-10  -2.75656e-10 4.74553e-10 2.93852e-10  5.32448e-06 -4.04926e-06 1.84786e-06  5.83606e-06 -4.41042e-06 3.89914e-07  4.71868e-06 -3.60278e-06 -1.03806e-06  2.16427e-06 -1.71192e-06 -1.10528e-06  9.86957e-07 -7.97218e-07 -4.16268e-07  8.29903e-07 -6.12229e-07 -9.26608e-08  6.57994e-07 -4.54147e-07 -1.33778e-07  3.75113e-07 -2.57348e-07 -1.43555e-07  1.96545e-07 -1.40391e-07 -8.83256e-08  1.20934e-07 -8.77936e-08 -4.88786e-08  8.34361e-08 -5.29121e-08 -3.16422e-08  5.49e-08 -3.15894e-08 -2.23944e-08  2.54651e-08 -1.54795e-08 -1.6602e-08  8.43473e-09 -4.46981e-09 -7.5914e-09  7.75809e-09 -8.49699e-09 -3.44307e-09  5.27283e-09 -1.90441e-09 -3.8968e-09  3.51435e-09 1.97804e-10 2.34609e-09  1.76617e-08 -1.90025e-08 4.34485e-10  2.48252e-09 -4.42744e-09 -2.93539e-09  3.22665e-09 -3.98652e-09 1.48545e-09  7.44918e-09 -7.66771e-09 7.44105e-10  5.50566e-09 -5.96092e-09 -6.25867e-10  5.57701e-09 -6.17198e-09 -2.38328e-11  4.22359e-09 -5.10821e-09 -8.42579e-10  3.53824e-09 -3.61418e-09 -2.62609e-10  4.26461e-09 -3.34295e-09 7.76023e-10  4.61313e-09 -5.12789e-09 -2.19397e-10  3.31127e-09 -4.14342e-09 -5.69921e-10  3.11118e-09 -3.37427e-09 -3.20805e-11  6.60665e-10 -1.50601e-09 -1.17712e-10  2.51824e-09 -2.55318e-09 -5.46305e-10  5.17651e-10 -1.27789e-09 -4.2955e-10  4.92297e-10 -1.29209e-09 -6.34076e-11  4.42566e-10 -1.08453e-09 -2.06937e-11  4.01601e-10 -8.40206e-10 2.62976e-11  4.43445e-10 -7.24024e-10 4.60642e-11  4.80366e-10 -6.17598e-10 1.80576e-11  5.14665e-10 -5.82756e-10 -6.67716e-11  4.11169e-10 -5.40062e-10 -1.64272e-10  3.63472e-11 -1.56658e-10 -2.21875e-10  -2.94274e-10 1.43799e-10 -1.92434e-10  -3.85898e-10 4.09426e-10 -1.26521e-10  -2.33842e-10 4.98333e-10 -6.4749e-11  -1.38996e-10 5.95426e-10 -5.67613e-11  -1.25126e-10 6.13024e-10 -1.31359e-10  -4.13321e-10 7.99968e-10 -1.57946e-10  -6.46799e-10 8.81958e-10 9.34399e-12  -7.03849e-10 8.78752e-10 2.73782e-10  -3.06881e-10 4.62511e-10 2.64679e-10  4.93732e-06 -2.80715e-06 1.85685e-06  6.67741e-06 -3.75932e-06 3.99707e-07  5.02793e-06 -2.90574e-06 -1.06518e-06  2.28141e-06 -1.39424e-06 -1.11669e-06  1.02818e-06 -6.59301e-07 -4.02374e-07  9.32987e-07 -5.47109e-07 -7.3558e-08  7.63257e-07 -4.26875e-07 -1.32441e-07  4.50186e-07 -2.55435e-07 -1.51004e-07  2.48381e-07 -1.43241e-07 -9.18591e-08  1.57565e-07 -9.21699e-08 -4.92845e-08  1.05398e-07 -6.48047e-08 -3.17737e-08  7.08602e-08 -4.39024e-08 -2.26266e-08  4.72245e-08 -2.33929e-08 -1.64574e-08  2.8597e-08 -7.59846e-09 -9.01471e-09  2.33934e-08 -7.49656e-09 -3.3587e-09  1.87749e-08 -4.31375e-09 -2.15048e-09  1.68045e-08 -5.71983e-09 -5.59883e-10  1.16986e-08 -9.26023e-09 5.8688e-11  1.38629e-08 -3.32091e-09 -5.87001e-10  9.5799e-09 -3.46018e-09 6.06574e-10  9.64762e-09 -5.59049e-09 5.34808e-10  7.22136e-09 -3.51982e-09 -3.40645e-10  6.39901e-09 -3.64288e-09 -1.00513e-10  4.5367e-09 -2.64586e-09 -6.52617e-10  1.25175e-09 -2.83575e-10 -9.82308e-11  3.18166e-09 -2.30722e-09 5.08158e-10  2.91233e-09 -1.84392e-09 -3.89013e-10  1.18364e-09 -7.84842e-10 -4.14097e-10  9.442e-10 -4.94465e-10 2.38538e-11  1.10586e-09 -1.31508e-09 -7.40402e-11  7.98595e-10 -6.51805e-10 -4.08946e-10  -4.9654e-10 4.66414e-10 -4.75231e-10  -1.20727e-09 3.60188e-10 -1.82239e-10  -1.08025e-09 2.55874e-10 4.33031e-11  -9.36654e-10 3.98129e-10 8.57897e-11  -7.79241e-10 4.39273e-10 7.37015e-11  -5.47757e-10 3.80011e-10 3.06638e-11  -4.26364e-10 2.88906e-10 -7.90249e-11  -8.35223e-10 4.27901e-10 -1.66586e-10  1.74879e-10 1.01496e-13 -2.01926e-10  -3.18458e-10 4.146e-10 -1.57584e-10  -1.12634e-10 4.87337e-10 -7.88314e-11  -8.99288e-10 9.88363e-10 -2.14035e-11  -4.67164e-10 7.84421e-10 -3.10437e-11  -5.24564e-10 7.83105e-10 -1.4891e-10  -3.1296e-10 6.09767e-10 -1.97512e-10  -1.04256e-09 9.04305e-10 2.63914e-12  -7.0443e-10 6.92455e-10 2.5472e-10  -1.66542e-11 1.72723e-10 2.15792e-10  5.65394e-06 -2.21689e-06 1.89143e-06  7.08617e-06 -2.84339e-06 3.76212e-07  5.45499e-06 -2.308e-06 -1.11266e-06  2.37171e-06 -1.05973e-06 -1.12071e-06  1.03793e-06 -4.97484e-07 -3.87088e-07  9.5028e-07 -4.47618e-07 -6.14118e-08  7.85896e-07 -3.68577e-07 -1.29088e-07  4.35085e-07 -2.14735e-07 -1.51838e-07  2.30241e-07 -1.19273e-07 -9.10563e-08  1.41238e-07 -7.44299e-08 -4.92242e-08  8.40458e-08 -4.77981e-08 -3.22579e-08  4.97671e-08 -3.02814e-08 -2.13905e-08  3.44335e-08 -1.73588e-08 -1.39481e-08  2.48223e-08 -7.50283e-09 -8.40183e-09  1.88511e-08 -4.22942e-09 -3.81256e-09  1.70549e-08 -4.57253e-09 -2.91112e-09  1.0249e-08 -3.69619e-09 -2.62175e-09  9.64028e-09 -3.71496e-09 1.1029e-09  2.25934e-08 -6.37022e-09 3.84198e-10  1.01486e-08 -3.56604e-09 -1.26565e-09  8.26031e-09 -3.59046e-09 4.43969e-10  9.29226e-09 -3.15065e-09 -4.21128e-11  8.08695e-09 -3.20855e-09 -4.00212e-10  6.47776e-09 -2.53996e-09 -5.57866e-10  6.50514e-09 -2.48356e-09 -3.22719e-10  3.50785e-09 -2.1966e-09 2.61915e-10  5.44627e-09 -2.4124e-09 -1.27032e-11  4.73466e-09 -1.16995e-09 -3.15431e-10  4.10757e-09 -1.33558e-09 -2.7695e-10  2.53126e-09 -1.49906e-09 -1.71306e-10  3.56422e-10 -1.79336e-10 -1.26844e-10  2.98387e-09 -9.93414e-10 -4.33048e-10  5.46031e-10 -1.13337e-10 -3.85488e-10  2.87473e-10 -1.1993e-10 6.791e-11  4.94775e-10 -6.59061e-11 1.6036e-10  7.2146e-10 -5.03724e-11 1.03915e-10  7.09021e-10 5.35175e-12 2.52014e-11  5.60737e-10 6.82926e-12 -7.90206e-11  4.98305e-10 -1.33655e-11 -1.68265e-10  -8.78764e-10 6.51477e-10 -1.57115e-10  -6.46188e-10 7.01798e-10 -1.03502e-10  -7.40458e-10 8.78536e-10 -5.39127e-11  2.02817e-10 5.04398e-10 -1.23557e-11  1.11329e-10 4.83724e-10 -4.27119e-11  1.47787e-10 3.88554e-10 -1.75935e-10  -8.23239e-10 7.30135e-10 -2.07408e-10  -7.27273e-10 6.43746e-10 1.41973e-11  -3.20282e-10 3.41567e-10 2.07355e-10  -3.35482e-10 2.46461e-10 1.85169e-10  6.51299e-06 -1.66612e-06 1.89905e-06  7.54379e-06 -1.99777e-06 3.03151e-07  5.49505e-06 -1.52358e-06 -1.13552e-06  2.30197e-06 -6.52139e-07 -1.11117e-06  1.05378e-06 -3.19919e-07 -3.86465e-07  9.41958e-07 -3.27235e-07 -6.50689e-08  7.71005e-07 -2.81105e-07 -1.23478e-07  4.36196e-07 -1.6588e-07 -1.44911e-07  2.40454e-07 -9.55131e-08 -8.69208e-08  1.55644e-07 -6.24191e-08 -4.70715e-08  1.02165e-07 -4.00186e-08 -3.10035e-08  6.61039e-08 -2.49392e-08 -2.02505e-08  4.67768e-08 -1.76351e-08 -1.24194e-08  3.69366e-08 -1.27055e-08 -7.54704e-09  2.89923e-08 -8.99826e-09 -3.99253e-09  2.47824e-08 -7.42275e-09 -3.42088e-09  1.62216e-08 -4.37674e-09 -3.09539e-09  1.43534e-08 -3.4923e-09 1.22268e-09  2.52469e-08 -7.92977e-09 1.39652e-10  9.35189e-09 -3.38586e-09 -1.76276e-09  8.2989e-09 -2.28832e-09 6.44578e-10  9.20896e-09 -2.32786e-09 -1.06275e-10  6.75584e-09 -2.35362e-09 -7.14045e-10  5.38728e-09 -2.53795e-09 -3.78315e-10  1.81546e-09 -3.92566e-10 -3.87588e-10  3.88959e-09 -1.30636e-09 -5.00114e-11  1.45585e-09 -7.95961e-10 3.77538e-10  3.93689e-09 -6.49887e-10 -1.08264e-10  -1.97688e-09 6.22195e-10 -7.00432e-10  2.91783e-09 -1.16082e-09 -3.67238e-10  -6.86635e-12 -5.52506e-10 1.22591e-11  -2.0941e-09 3.33127e-10 -2.44826e-10  -3.75783e-10 2.38835e-10 -3.96187e-10  -1.34419e-09 6.43301e-10 1.88858e-11  -8.79178e-10 4.52529e-10 1.80341e-10  -6.15148e-10 4.13135e-10 1.27252e-10  -4.09282e-10 4.02369e-10 1.76693e-11  -4.96058e-10 3.74646e-10 -9.57268e-11  -6.588e-10 4.7358e-10 -1.39468e-10  -6.0047e-10 5.97235e-10 -1.07972e-10  -4.89559e-10 6.60412e-10 -6.86312e-11  -3.82245e-10 6.898e-10 -5.32873e-11  -3.878e-10 6.42793e-10 -3.65075e-11  -3.21901e-10 5.51617e-10 -7.00967e-11  -3.18887e-10 4.58228e-10 -1.86171e-10  -6.9791e-10 5.70878e-10 -2.08618e-10  -5.83639e-10 4.82533e-10 -2.57726e-11  -9.5923e-10 4.84068e-10 1.5244e-10  -2.88065e-10 2.08225e-10 1.71541e-10  6.70214e-06 -8.77825e-07 1.88165e-06  7.58491e-06 -1.03649e-06 2.88935e-07  5.5799e-06 -7.37408e-07 -1.13113e-06  2.4541e-06 -2.95465e-07 -1.10332e-06  1.08685e-06 -1.42269e-07 -4.05005e-07  8.95688e-07 -1.87979e-07 -8.18464e-08  7.18273e-07 -1.74711e-07 -1.16945e-07  4.11915e-07 -1.02209e-07 -1.32308e-07  2.16125e-07 -5.465e-08 -8.15127e-08  1.28557e-07 -3.23385e-08 -4.40673e-08  7.97085e-08 -1.75945e-08 -2.858e-08  4.87756e-08 -8.08134e-09 -1.95622e-08  2.74441e-08 -5.2598e-09 -1.27233e-08  1.78261e-08 -4.93448e-09 -7.48088e-09  1.30504e-08 -3.3857e-09 -3.77075e-09  1.25485e-08 -2.3129e-09 -3.06178e-09  8.68254e-09 -6.29469e-10 -2.8132e-09  9.06886e-09 -6.33902e-10 5.89552e-10  1.48968e-08 -3.24156e-09 -1.03544e-10  8.58884e-09 -1.26879e-09 -1.2662e-09  8.83532e-09 -1.3288e-09 7.92849e-10  1.06915e-08 -1.79874e-09 -3.26815e-10  7.11012e-09 -1.89262e-09 -1.14682e-09  4.48844e-09 -2.23907e-09 -2.04435e-11  6.01477e-09 -8.314e-10 1.26382e-10  4.2192e-09 -2.42591e-10 -1.97593e-10  4.4225e-09 -6.54659e-10 2.56639e-10  5.93256e-09 -1.05182e-09 4.23895e-13  4.48492e-09 -7.33999e-10 -7.99347e-10  1.06562e-09 -3.55936e-10 -5.94073e-10  6.96144e-10 -6.06884e-10 2.63027e-11  1.85e-09 -6.0853e-10 -6.59647e-11  9.24849e-10 7.76287e-12 -1.87879e-10  1.00461e-09 2.26513e-10 1.17131e-11  6.77488e-10 2.05588e-10 1.1881e-10  7.52518e-10 1.61931e-10 1.19213e-10  8.62525e-10 1.56994e-10 4.75705e-11  4.85706e-10 3.41106e-10 -9.33969e-11  4.48817e-10 3.6588e-10 -1.12871e-10  3.06292e-10 4.5051e-10 -8.35422e-11  4.68323e-10 3.77404e-10 -5.89261e-11  4.0447e-10 4.55781e-10 -4.18904e-11  3.95424e-10 4.20503e-10 -7.7382e-11  3.55524e-10 3.44727e-10 -8.82448e-11  1.12405e-10 3.43845e-10 -1.83133e-10  -2.33615e-10 3.44271e-10 -2.11684e-10  -6.18573e-10 3.92041e-10 -4.96546e-11  -4.56313e-10 3.14766e-10 1.29463e-10  -1.03249e-10 1.11915e-10 1.26538e-10  
            </DataArray>
            <DataArray type="Float64" Name="Force" NumberOfComponents="3" format="ascii">
               0.000477809 -1.71209e-06 -5.70184e-08  0.000223004 -2.52613e-06 1.1307e-06  0.000126945 -3.319e-07 4.67542e-07  4.44188e-05 3.80481e-06 5.65498e-08  6.39694e-05 -2.18704e-06 1.20381e-07  2.92289e-05 -1.25564e-06 9.88626e-08  1.0729e-05 -5.16599e-07 3.95064e-08  2.95684e-06 -3.02416e-07 2.11528e-08  -1.28998e-06 -1.21583e-07 1.27305e-08  -3.14097e-06 -3.92185e-08 2.07092e-08  -3.83011e-06 -1.10545e-09 1.12847e-08  -3.88139e-06 1.62776e-08 8.57925e-09  -3.53141e-06 1.49655e-08 3.55308e-09  -2.88512e-06 2.70217e-08 1.71266e-09  -2.08621e-06 3.50227e-08 1.46744e-09  -1.31209e-06 2.91105e-08 7.48138e-10  -7.18681e-07 2.10826e-08 3.58146e-10  -1.94589e-07 2.2452e-08 8.56823e-11  4.90614e-07 -1.76578e-09 -7.65522e-11  6.97834e-07 -1.40943e-09 -1.34151e-10  7.82422e-07 1.30556e-09 -5.13465e-12  8.61413e-07 7.06571e-10 -1.17274e-10  9.05857e-07 -1.39713e-10 -3.52622e-11  4.37137e-07 -3.7926e-08 -4.9994e-11  8.51622e-07 1.42704e-09 -6.70101e-11  8.3015e-07 1.25469e-09 -7.1975e-11  7.80543e-07 1.84336e-09 -4.57272e-11  1.08277e-06 3.26545e-08 -5.18209e-11  6.42104e-07 1.11174e-09 -1.26236e-11  5.38112e-07 1.26666e-09 6.73158e-11  2.48991e-07 2.16179e-08 -1.36301e-11  4.63555e-07 -3.51922e-09 -2.10022e-11  4.05828e-07 -3.80274e-09 -6.66347e-11  5.10301e-07 -1.49413e-08 -1.1294e-10  2.94905e-07 1.44014e-10 -8.46647e-11  3.07886e-07 -6.40726e-11 -1.35295e-10  2.7115e-07 1.97735e-09 2.08789e-11  1.10438e-07 -9.6349e-09 -8.29139e-11  2.06683e-07 2.7412e-09 4.76749e-11  1.71994e-07 2.14441e-09 2.08726e-11  2.55819e-07 8.37791e-09 -1.37455e-11  1.47083e-07 2.59677e-10 -4.5135e-11  1.63194e-07 7.094e-10 -8.07725e-12  1.22446e-07 -1.76372e-10 6.81546e-11  4.81117e-08 -4.21785e-09 1.22944e-11  8.9624e-08 1.39275e-09 4.95518e-11  6.13685e-08 3.39829e-09 5.57445e-11  1.33069e-08 9.33573e-10 7.40649e-12  5.47854e-09 1.28424e-09 -7.69974e-11  -3.45878e-07 0.00115096 2.99348e-06  2.04376e-07 0.000291083 8.44602e-07  -1.24207e-06 0.000159431 -2.51518e-08  1.72881e-07 0.000102181 2.17159e-07  -1.368e-07 7.22516e-05 3.9327e-08  1.72718e-07 3.83752e-05 -2.30575e-08  3.51656e-08 5.35653e-06 1.38089e-07  6.64674e-08 4.24061e-06 -6.9261e-08  -4.89691e-08 -6.65622e-07 2.13741e-08  -4.0717e-08 -3.70355e-06 1.99391e-08  -1.16962e-07 -4.57102e-06 6.77285e-09  8.9847e-08 -1.59553e-06 -1.50199e-10  8.33381e-08 -1.55745e-06 4.65538e-11  7.43174e-08 -1.38382e-06 1.99879e-10  4.90925e-08 -9.2811e-07 6.10051e-10  3.71798e-08 -6.91038e-07 2.27898e-10  1.97974e-08 -3.70813e-07 1.09624e-10  9.12275e-09 -1.69168e-07 2.66209e-11  6.31982e-10 -1.11437e-08 1.96532e-11  -7.33651e-09 1.37407e-07 -3.24737e-11  -1.34686e-08 2.53373e-07 -1.10778e-10  -1.72673e-08 3.23716e-07 -8.19205e-11  -2.04986e-08 3.84293e-07 -1.17359e-10  -2.21219e-08 4.14368e-07 -1.52702e-11  -2.03522e-08 3.81442e-07 3.1285e-11  -2.03161e-08 3.80086e-07 -1.44007e-11  -1.92431e-08 3.59624e-07 3.29015e-11  -1.68222e-08 3.15276e-07 -1.61793e-11  -1.56107e-08 2.91735e-07 -4.79274e-11  -1.42758e-08 2.66551e-07 3.17512e-11  -1.26244e-08 2.35785e-07 -1.42508e-12  -1.10148e-08 2.0604e-07 -8.1394e-12  -9.67939e-09 1.80879e-07 -4.16717e-11  -8.85911e-09 1.65261e-07 -1.85617e-11  -7.04073e-09 1.31093e-07 1.65087e-12  -6.92849e-09 1.28177e-07 -3.6918e-11  -6.4532e-09 1.18731e-07 -3.10229e-11  -6.71496e-09 1.18222e-07 -7.85648e-11  -5.71271e-09 9.14022e-08 -9.0774e-11  -5.34546e-09 7.788e-08 1.07088e-10  -6.50501e-09 1.35205e-07 -2.88455e-10  2.39979e-09 4.49519e-08 1.20357e-09  -9.59517e-10 1.13382e-07 3.1546e-10  1.06862e-10 1.42692e-07 -4.18402e-10  1.091e-09 7.40564e-08 -2.35989e-10  4.54973e-10 3.21401e-08 2.07141e-10  3.10517e-10 5.41308e-09 -1.76878e-10  6.87851e-10 4.16981e-09 3.79806e-10  -2.80504e-10 3.76609e-08 -7.42717e-10  -0.000573481 2.91482e-07 -1.47158e-06  -0.000160337 1.69364e-07 -3.98883e-06  -7.76887e-05 -4.36133e-09 2.39243e-06  -4.72679e-05 1.2225e-09 -1.11792e-06  -4.22947e-05 1.02557e-08 4.17428e-07  0 0 0  -1.16487e-05 2.94489e-08 1.09715e-07  -1.60069e-06 2.9996e-09 5.67058e-08  4.51276e-07 -1.4606e-09 2.94716e-08  2.21802e-06 -2.06087e-08 -4.99299e-08  2.27574e-06 -2.1973e-08 6.0823e-08  3.97146e-06 -8.22513e-08 1.70329e-09  1.63662e-06 9.94619e-08 4.13401e-08  3.07672e-06 -1.07307e-07 -2.56031e-09  1.2269e-06 1.00208e-07 2.65501e-09  0 0 0  6.91758e-07 5.54118e-08 -3.01708e-10  2.57192e-07 2.0723e-08 2.73337e-10  7.07064e-09 8.04997e-10 -9.72561e-11  -1.8039e-07 -1.4203e-08 -2.35202e-10  -3.21066e-07 -2.55292e-08 -1.15567e-10  -4.08427e-07 -3.20772e-08 1.03349e-10  -4.30438e-07 -3.36589e-08 1.70337e-10  -4.46694e-07 -3.53303e-08 -6.07847e-10  -4.74414e-07 -3.77276e-08 2.3871e-12  -4.47946e-07 -3.59473e-08 -4.0414e-10  -4.4855e-07 -3.61797e-08 8.09383e-11  -4.33752e-07 -3.44799e-08 3.06523e-10  -3.85555e-07 -2.999e-08 3.96202e-10  -3.10098e-07 -2.38023e-08 -6.96101e-11  -3.23522e-07 -2.57411e-08 -9.03656e-10  -6.30032e-07 2.61396e-09 4.35859e-10  -2.48198e-07 -1.91855e-08 3.3793e-09  -1.92813e-07 -9.98883e-09 2.03468e-09  -2.75589e-07 -7.60219e-09 -6.96407e-10  -2.03098e-07 3.76282e-09 -5.82399e-10  0 0 0  -2.45979e-07 -1.48359e-09 2.72265e-10  -1.20638e-07 -1.61212e-10 3.6572e-09  -7.92145e-08 -3.9439e-11 -2.31521e-09  -4.74673e-08 3.1757e-12 1.38467e-09  -4.28336e-08 -5.59984e-11 -1.2143e-09  -9.7642e-08 -5.15749e-11 -1.06668e-10  0 0 0  -1.05908e-07 -1.28299e-10 -1.7987e-10  -3.13169e-08 -6.80813e-11 9.06915e-10  -2.89574e-08 -4.44876e-11 -8.91199e-10  -1.54132e-08 -4.74142e-11 4.78101e-10  -1.76185e-09 -4.01434e-11 -2.83595e-10  -5.84393e-06 -0.00125133 4.91191e-06  7.08874e-07 -0.00027235 7.37162e-07  -6.9653e-07 -0.000173651 7.0553e-08  3.46105e-07 -9.9207e-05 4.4691e-08  3.55727e-07 -7.91713e-05 -4.57044e-07  -1.30424e-06 -2.43572e-05 2.54224e-07  7.15211e-07 -1.89116e-05 1.99416e-07  -6.72557e-08 -1.05354e-06 8.52965e-10  -1.14899e-07 1.27603e-06 1.29533e-08  -9.73466e-08 3.87364e-06 5.74306e-09  -3.27699e-08 4.40012e-06 1.05912e-08  -1.78522e-08 4.37033e-06 3.40307e-09  1.52986e-07 1.93572e-06 -1.37139e-09  1.22282e-07 1.59066e-06 -3.99436e-10  8.16079e-08 1.07211e-06 6.95875e-11  4.8429e-08 6.43545e-07 4.07264e-10  3.1506e-08 4.19481e-07 -2.28749e-11  8.99164e-09 1.191e-07 2.73813e-11  -8.25962e-09 -1.12338e-07 -7.28201e-12  -1.7185e-08 -2.31699e-07 -9.69877e-12  -2.37163e-08 -3.17389e-07 -4.00509e-11  -3.04072e-08 -4.08129e-07 -1.05068e-10  -3.31223e-08 -4.43935e-07 -5.44546e-11  -3.33668e-08 -4.47302e-07 -2.76626e-12  -3.3334e-08 -4.45789e-07 -8.05885e-12  -3.24298e-08 -4.34058e-07 3.98594e-12  -2.8935e-08 -3.87743e-07 2.2018e-11  -2.64557e-08 -3.54013e-07 -4.67782e-11  -2.54626e-08 -3.40573e-07 -2.52076e-11  -2.36014e-08 -3.14771e-07 2.46066e-13  -2.24823e-08 -2.98952e-07 -3.01734e-11  -1.94725e-08 -2.58477e-07 -3.10086e-11  -1.60938e-08 -2.11419e-07 -1.95813e-11  -1.49835e-08 -1.92036e-07 -1.60075e-10  -1.35821e-08 -1.67568e-07 -2.23406e-10  2.7041e-09 -3.53069e-07 -7.4068e-11  9.86276e-10 -2.97959e-07 1.51626e-10  -8.07158e-09 -1.04617e-07 4.79153e-10  -5.65515e-09 -9.49613e-08 5.26239e-10  -4.48023e-09 -9.90132e-08 1.66476e-09  -1.38448e-09 -1.59644e-07 -6.80664e-10  1.95333e-09 -8.06164e-08 -1.8058e-09  -6.88049e-10 -8.00177e-08 -3.75002e-10  0 0 0  2.00324e-09 -1.17795e-07 9.49949e-10  3.96746e-10 2.25733e-09 2.29222e-10  1.90435e-10 -2.18244e-08 -1.71096e-10  -5.11543e-10 1.71453e-08 -3.49059e-10  3.08992e-10 5.55903e-08 -7.23661e-11  0.000882773 8.32939e-05 -3.53627e-06  0.000167572 1.46909e-05 4.9239e-07  7.82945e-05 6.45171e-06 1.81332e-07  5.20403e-05 4.426e-06 2.95584e-07  2.65898e-05 2.32006e-06 1.11067e-07  1.262e-05 1.11843e-06 1.05021e-08  4.6154e-06 3.90181e-07 4.17627e-08  1.11039e-06 8.78521e-08 2.55941e-08  -1.02599e-06 -9.29393e-08 2.05487e-08  -1.35932e-06 -1.1811e-07 5.56154e-09  -2.18943e-06 -1.85733e-07 4.58476e-09  -1.97037e-06 -1.68879e-07 2.07036e-09  -1.77031e-06 -1.54498e-07 3.3511e-09  -1.43335e-06 -1.24732e-07 1.98602e-09  -1.05756e-06 -9.11726e-08 5.88669e-10  -6.79298e-07 -5.86876e-08 1.90535e-10  -3.11186e-07 -2.69267e-08 3.82036e-10  -6.03373e-08 -5.22131e-09 4.00981e-11  1.51845e-07 1.32555e-08 3.4093e-12  3.12134e-07 2.70015e-08 -3.71547e-11  3.79852e-07 3.30292e-08 -6.82046e-11  4.16415e-07 3.62363e-08 -8.5595e-11  4.48541e-07 3.8977e-08 -2.06189e-11  4.42955e-07 3.84148e-08 -6.92444e-11  4.35653e-07 3.78096e-08 -3.74581e-11  4.21373e-07 3.65851e-08 -2.24951e-11  3.93956e-07 3.41998e-08 -3.24947e-11  3.63902e-07 3.15642e-08 -2.60231e-11  3.54658e-07 3.07058e-08 -7.57995e-12  3.06408e-07 2.65911e-08 5.65171e-11  2.64009e-07 2.29098e-08 3.83458e-11  2.34914e-07 2.03817e-08 4.37792e-11  2.01218e-07 1.73975e-08 5.2162e-12  1.92904e-07 1.67366e-08 -1.29178e-11  1.60731e-07 1.39074e-08 -1.0212e-11  1.55486e-07 1.34819e-08 -5.12798e-11  1.56887e-07 1.36538e-08 -2.0463e-11  1.25594e-07 1.08697e-08 3.01733e-11  1.10601e-07 9.49003e-09 4.21257e-11  8.8836e-08 7.6838e-09 4.15065e-11  9.51948e-08 8.24683e-09 -1.55037e-11  8.20811e-08 7.05206e-09 -1.43035e-11  8.1256e-08 7.03118e-09 -5.08825e-11  6.32074e-08 5.30243e-09 -4.05664e-11  6.3176e-08 5.39937e-09 9.45101e-11  5.07245e-08 4.50035e-09 2.75505e-10  3.41896e-08 3.17655e-09 1.31346e-10  5.09208e-09 4.93583e-10 -4.14849e-11  -1.03886e-10 -1.39199e-10 7.2043e-11  0.000972227 0.000280303 1.65756e-07  0.000285981 8.13102e-05 -1.21411e-06  0.00012581 3.22862e-05 1.23279e-06  9.00915e-05 2.38395e-05 1.41762e-07  4.37301e-05 1.15459e-05 1.67414e-07  2.05447e-05 5.4336e-06 6.05513e-08  8.92209e-06 2.39417e-06 2.24066e-08  1.45571e-06 3.82348e-07 4.04707e-08  -6.43999e-07 -1.69701e-07 5.64104e-09  -2.98311e-06 -7.92761e-07 1.12785e-08  -4.26476e-06 -1.13797e-06 9.407e-09  -1.92403e-06 -5.13106e-07 2.66517e-09  -3.34727e-06 -8.90366e-07 3.28029e-09  -2.74308e-06 -7.30091e-07 2.30232e-09  -2.13209e-06 -5.67673e-07 1.67904e-09  -1.39949e-06 -3.72503e-07 7.95679e-10  -6.50188e-07 -1.7298e-07 2.96731e-10  -2.4062e-07 -6.41794e-08 5.60536e-11  2.60688e-07 6.91684e-08 1.12813e-10  5.82085e-07 1.54806e-07 -3.47871e-11  7.2062e-07 1.91672e-07 6.59679e-11  8.24044e-07 2.19185e-07 1.86535e-11  8.56424e-07 2.27809e-07 -6.885e-11  8.85011e-07 2.35282e-07 -2.43762e-10  8.93059e-07 2.37369e-07 -4.94194e-11  8.51994e-07 2.26501e-07 -1.18829e-13  7.89738e-07 2.09956e-07 -3.86121e-11  7.7625e-07 2.06373e-07 -6.23062e-11  7.28218e-07 1.9362e-07 -5.29096e-12  6.38133e-07 1.69626e-07 9.33696e-11  5.25653e-07 1.39735e-07 9.09207e-12  4.61225e-07 1.22577e-07 1.4772e-11  4.2566e-07 1.13075e-07 -8.90926e-12  3.85744e-07 1.02502e-07 -3.37999e-11  3.45863e-07 9.19242e-08 6.33665e-12  3.11869e-07 8.29013e-08 -1.12953e-10  2.87761e-07 7.65352e-08 -4.59415e-11  2.70528e-07 7.1855e-08 -4.72382e-11  2.66013e-07 7.06182e-08 -1.23457e-11  2.01786e-07 5.35447e-08 6.62385e-11  1.86031e-07 4.94107e-08 2.98586e-11  2.42393e-07 6.45052e-08 -3.20872e-11  1.36957e-07 3.61188e-08 -1.33009e-10  1.43676e-07 3.74539e-08 3.46721e-12  6.01757e-08 1.56163e-08 -3.71015e-11  1.12952e-07 2.99586e-08 -3.50706e-11  9.99282e-08 2.95535e-08 1.25376e-09  -7.13003e-09 -1.93856e-09 -4.76992e-11  1.52887e-08 4.08431e-09 -3.24159e-10  0.00053646 0.000242207 4.60678e-06  0 0 0  0.000178956 7.98824e-05 2.17433e-06  4.00058e-05 1.82263e-05 7.32411e-08  1.97351e-05 9.03659e-06 7.20005e-08  8.78148e-06 4.02753e-06 4.19011e-08  4.95747e-06 2.27422e-06 5.24208e-10  1.93397e-06 8.99227e-07 5.86307e-09  -4.30976e-07 -1.95748e-07 3.12331e-09  0 0 0  -1.61662e-06 -7.43328e-07 5.67102e-09  -1.46979e-06 -6.80272e-07 3.09913e-09  -1.6765e-06 -7.74736e-07 3.24857e-09  -1.43627e-06 -6.64542e-07 -2.08311e-10  -1.00189e-06 -4.63882e-07 5.35142e-10  -7.13329e-07 -3.30122e-07 4.98935e-10  -3.54284e-07 -1.64279e-07 2.66396e-10  -1.47472e-07 -6.84655e-08 8.25451e-11  5.59778e-08 2.58506e-08 4.22648e-12  2.16322e-07 1.00128e-07 -8.47327e-12  3.00507e-07 1.39079e-07 5.5351e-11  3.4132e-07 1.58023e-07 -5.00259e-11  3.77557e-07 1.7482e-07 -1.48116e-11  4.02781e-07 1.86498e-07 -3.47038e-11  4.18756e-07 1.93903e-07 -8.89961e-11  4.07872e-07 1.88829e-07 -2.63396e-11  3.82677e-07 1.77167e-07 -2.93133e-12  3.60599e-07 1.66971e-07 -4.92775e-12  3.19896e-07 1.48154e-07 1.59939e-11  2.94911e-07 1.36572e-07 1.20014e-11  2.47616e-07 1.14609e-07 -3.11231e-11  2.24091e-07 1.03704e-07 -4.8157e-11  2.12317e-07 9.8228e-08 -2.16174e-11  1.87603e-07 8.68386e-08 5.3559e-11  1.52293e-07 7.05123e-08 -1.65471e-12  1.42352e-07 6.59021e-08 -4.5665e-11  1.3974e-07 6.47265e-08 -4.44426e-11  1.27353e-07 5.89691e-08 -6.88312e-12  1.28948e-07 5.97248e-08 3.51197e-11  1.24359e-07 5.76384e-08 -1.97922e-11  1.04577e-07 4.85359e-08 -6.77234e-11  7.93486e-08 3.69424e-08 5.66424e-11  1.01553e-07 4.68957e-08 2.15751e-10  8.97388e-08 4.03709e-08 -1.68977e-10  9.24815e-08 4.13881e-08 -1.94991e-10  4.13606e-08 1.88765e-08 2.95188e-10  3.91238e-08 1.82837e-08 -6.16035e-10  -6.77493e-09 -3.47643e-09 -8.79344e-11  7.10018e-09 3.18208e-09 1.89352e-11  0.000371105 0.000204775 -8.23672e-06  0.000380949 0.000204963 3.16317e-06  0 0 0  0.000130371 7.42109e-05 2.54673e-07  6.30327e-05 3.54828e-05 1.7007e-07  2.76388e-05 1.55417e-05 7.85244e-08  1.50667e-05 8.80928e-06 3.76237e-08  5.4233e-06 3.02155e-06 2.39486e-08  -3.93551e-08 -2.66878e-08 2.67203e-08  -2.36481e-06 -1.35407e-06 1.79418e-08  -3.21851e-06 -1.87261e-06 5.89123e-09  -3.15234e-06 -1.81278e-06 8.06917e-09  -3.17805e-06 -1.82707e-06 2.32816e-09  -2.25001e-06 -1.30881e-06 2.21359e-09  -1.54401e-06 -8.86896e-07 1.63532e-09  -1.158e-06 -6.66922e-07 9.11028e-11  -4.10032e-07 -2.35652e-07 5.01296e-10  -1.20412e-07 -6.88066e-08 -5.40981e-12  2.25415e-07 1.29189e-07 -9.06862e-11  5.44296e-07 3.14018e-07 1.84831e-11  5.73761e-07 3.28768e-07 8.66818e-11  6.86767e-07 3.93881e-07 -1.08294e-10  7.4161e-07 4.26777e-07 -5.71741e-11  7.61331e-07 4.36207e-07 -6.10596e-11  7.79554e-07 4.4766e-07 -1.9145e-10  7.71646e-07 4.44443e-07 -3.56912e-12  7.22253e-07 4.15659e-07 2.41443e-11  6.16665e-07 3.53264e-07 1.11268e-10  5.61807e-07 3.21986e-07 -8.05281e-11  4.93662e-07 2.83654e-07 5.07064e-11  4.45164e-07 2.56669e-07 -1.60334e-11  4.46563e-07 2.58397e-07 -1.15813e-10  3.95961e-07 2.28016e-07 1.36752e-10  3.18056e-07 1.8234e-07 4.78508e-11  2.73311e-07 1.56626e-07 -8.56885e-11  2.65384e-07 1.5226e-07 -5.66112e-11  2.56646e-07 1.47676e-07 -5.07068e-11  2.45211e-07 1.39951e-07 -5.86986e-11  2.2161e-07 1.25943e-07 2.97378e-11  1.87323e-07 1.08506e-07 2.5127e-11  1.78526e-07 1.03195e-07 1.32896e-10  1.47038e-07 8.54383e-08 -5.35116e-11  1.05595e-07 6.09068e-08 1.25487e-10  4.39639e-08 2.96648e-08 2.68842e-10  3.70433e-08 2.42386e-08 5.20915e-11  3.50274e-08 2.33582e-08 -2.56536e-10  4.78853e-08 2.85143e-08 1.73874e-09  -1.03227e-08 -5.185e-09 2.96962e-10  -5.43379e-09 -2.95996e-09 -2.5009e-10  0.00086834 0.000654162 -2.30872e-06  0.00026936 0.000234004 3.60337e-06  0.000178737 0.000129681 2.57179e-06  3.67249e-05 2.52106e-05 2.78109e-09  1.71852e-05 1.17393e-05 1.464e-07  9.87851e-06 6.83879e-06 4.54076e-08  3.31478e-06 2.32244e-06 3.87563e-08  0 0 0  6.83769e-07 4.84718e-07 1.30681e-08  -3.92552e-07 -2.78734e-07 4.92726e-09  -1.50128e-06 -1.04448e-06 7.38659e-09  -1.77481e-06 -1.23396e-06 4.36442e-10  -1.53296e-06 -1.07044e-06 3.11845e-09  -1.33067e-06 -9.26677e-07 2.38772e-09  -1.04283e-06 -7.26274e-07 1.81666e-10  -6.39998e-07 -4.46149e-07 4.7243e-10  -4.27986e-07 -2.97875e-07 3.10456e-10  -1.30664e-07 -9.08522e-08 1.23294e-10  5.5267e-08 3.85894e-08 2.79899e-11  2.0993e-07 1.4641e-07 -1.01768e-10  2.81685e-07 1.96254e-07 1.51533e-10  3.06112e-07 2.13247e-07 -3.85297e-11  3.64873e-07 2.54231e-07 -4.88805e-11  3.55105e-07 2.47487e-07 -4.17438e-11  3.6807e-07 2.5653e-07 -9.99228e-11  3.79627e-07 2.64568e-07 -5.8179e-11  3.71685e-07 2.59042e-07 3.15307e-11  3.36333e-07 2.34428e-07 2.21462e-12  2.70631e-07 1.88617e-07 1.44176e-11  2.61238e-07 1.82017e-07 -2.69546e-11  2.25687e-07 1.57213e-07 -6.57589e-11  2.29317e-07 1.59682e-07 -8.02984e-11  2.14418e-07 1.49344e-07 -1.47793e-11  1.77139e-07 1.23423e-07 8.81417e-11  1.3144e-07 9.16085e-08 2.74875e-11  1.28158e-07 8.93162e-08 -7.43049e-11  1.2909e-07 8.99941e-08 7.13641e-12  1.19248e-07 8.31093e-08 -5.76474e-11  1.08432e-07 7.5603e-08 -1.7764e-11  9.4792e-08 6.62082e-08 1.06311e-10  8.02677e-08 5.6292e-08 1.04447e-10  7.36963e-08 5.19279e-08 1.58295e-10  7.41777e-08 5.22256e-08 9.72697e-11  9.28778e-08 6.28432e-08 -1.15433e-09  8.08677e-08 6.60751e-08 4.54738e-10  3.7279e-08 2.50319e-08 1.00224e-10  0 0 0  2.13967e-08 1.72662e-08 9.09301e-10  -2.12601e-08 -1.5213e-08 -1.34469e-10  0.000490032 0.000522615 3.7554e-06  8.4245e-05 9.38198e-05 3.83109e-06  0.000108832 0.000113731 -3.1458e-07  6.29082e-05 6.07472e-05 -1.92248e-07  3.66248e-05 3.53591e-05 1.89004e-07  2.39447e-05 2.36488e-05 1.33272e-07  7.23219e-06 7.23051e-06 9.10973e-08  1.5839e-06 1.58181e-06 3.1869e-09  1.90416e-07 1.76991e-07 2.7733e-08  -1.36862e-06 -1.36738e-06 7.27988e-09  -3.02788e-06 -3.03773e-06 1.3255e-08  -3.00389e-06 -3.00416e-06 2.49712e-09  -2.43953e-06 -2.43905e-06 3.23455e-09  -2.18099e-06 -2.182e-06 3.1482e-09  -1.58215e-06 -1.58105e-06 7.22607e-10  -9.96343e-07 -9.95683e-07 9.83915e-10  -6.05387e-07 -6.05033e-07 3.07709e-10  -1.36873e-07 -1.36786e-07 1.24284e-10  1.31525e-07 1.3137e-07 8.32874e-11  4.17206e-07 4.17234e-07 -2.78241e-10  5.25005e-07 5.24613e-07 2.59386e-13  5.96562e-07 5.96328e-07 -6.95583e-11  6.49356e-07 6.48984e-07 5.86709e-12  6.32924e-07 6.32623e-07 -1.20237e-10  6.50924e-07 6.50573e-07 -8.60767e-11  6.74815e-07 6.74538e-07 -1.7887e-10  6.27913e-07 6.27764e-07 5.82998e-11  5.46216e-07 5.46052e-07 2.84282e-11  4.85125e-07 4.84828e-07 -1.01127e-10  4.66549e-07 4.66258e-07 -5.93636e-11  4.48317e-07 4.48098e-07 -6.1788e-11  4.25175e-07 4.24979e-07 -4.44104e-11  3.82491e-07 3.82383e-07 7.42421e-11  2.72702e-07 2.72665e-07 1.70145e-10  2.22236e-07 2.22122e-07 -3.95813e-11  2.2615e-07 2.26112e-07 -1.01733e-10  2.17169e-07 2.1706e-07 -1.29145e-11  2.11035e-07 2.10972e-07 -7.3356e-11  1.84086e-07 1.84139e-07 4.14657e-11  1.49505e-07 1.49987e-07 9.05795e-11  1.17143e-07 1.18023e-07 9.59418e-11  1.15202e-07 1.16941e-07 7.47605e-11  1.17301e-07 1.20011e-07 6.35597e-10  9.34986e-08 9.38843e-08 -1.47862e-09  2.29346e-08 2.06076e-08 9.91876e-11  6.18725e-08 5.7517e-08 2.71988e-10  2.60414e-08 2.58074e-08 1.19794e-09  2.19924e-08 2.23279e-08 -1.1137e-09  -5.72622e-09 -5.91827e-09 6.03651e-11  0.00023002 0.000297264 -7.5047e-06  0.000246736 0.000324183 3.453e-06  3.78044e-05 5.39039e-05 1.71728e-06  4.11034e-05 5.55981e-05 -5.25837e-07  4.63678e-05 6.22341e-05 7.62405e-07  9.79705e-06 1.39372e-05 -1.25641e-07  3.4997e-06 5.17204e-06 3.56658e-09  1.93876e-06 2.83886e-06 2.58766e-08  -1.57709e-07 -2.24674e-07 1.21441e-08  -1.16013e-06 -1.67393e-06 1.13272e-08  -1.27529e-06 -1.83091e-06 -9.43667e-10  -1.17145e-06 -1.68455e-06 1.20943e-09  -1.00633e-06 -1.44374e-06 1.40209e-09  -7.58912e-07 -1.09025e-06 8.33859e-10  -5.7918e-07 -8.31573e-07 6.28995e-10  -3.46955e-07 -4.98492e-07 2.33275e-10  -1.78943e-07 -2.57217e-07 9.64427e-11  -2.94861e-08 -4.24678e-08 6.50157e-11  6.21391e-08 8.92139e-08 1.13164e-11  1.75925e-07 2.52769e-07 -7.15705e-11  2.08461e-07 2.99478e-07 4.3963e-11  2.34127e-07 3.362e-07 -3.06044e-11  2.55597e-07 3.66952e-07 -9.74355e-11  2.57481e-07 3.69762e-07 -3.27273e-11  2.57486e-07 3.69855e-07 -3.69926e-11  2.60253e-07 3.73922e-07 -9.32549e-11  2.37004e-07 3.40377e-07 2.23525e-11  2.02149e-07 2.90309e-07 -1.29398e-11  1.95277e-07 2.80364e-07 -6.24877e-11  1.89017e-07 2.71421e-07 -2.83253e-11  1.73132e-07 2.48734e-07 -3.16727e-11  1.66202e-07 2.38739e-07 2.58031e-11  1.24976e-07 1.79571e-07 9.41242e-11  9.39154e-08 1.34883e-07 1.64935e-11  8.61079e-08 1.23656e-07 -3.02307e-11  8.13213e-08 1.16855e-07 -2.24801e-11  8.2627e-08 1.18785e-07 -5.81145e-11  7.33565e-08 1.05473e-07 1.81646e-11  7.29303e-08 1.04889e-07 -6.83097e-11  5.56905e-08 8.01348e-08 -1.29718e-12  2.62223e-08 3.79101e-08 -3.06102e-12  3.10258e-08 4.52661e-08 -1.9478e-10  3.12695e-08 4.74515e-08 -3.78138e-10  3.35497e-08 4.07919e-08 9.09516e-10  4.47669e-08 5.49384e-08 -2.77597e-10  3.87547e-08 4.94741e-08 7.75456e-10  2.05845e-08 2.78014e-08 -8.28477e-10  1.35225e-08 1.69378e-08 2.26488e-10  -1.46655e-09 -1.88808e-09 -1.08109e-10  0.000331705 0.000527158 3.23892e-06  7.17379e-05 0.000120929 4.51516e-06  4.14271e-05 6.91538e-05 -2.19615e-06  3.01389e-05 5.39528e-05 4.72485e-07  9.94164e-06 2.02704e-05 -2.91613e-07  5.04023e-06 7.3296e-06 1.24503e-07  0 0 0  3.3274e-06 4.8746e-06 -1.35882e-08  8.90983e-07 1.3049e-06 1.38181e-09  -6.44675e-07 -9.39789e-07 4.50299e-09  -2.39463e-06 -4.12944e-06 8.59176e-09  -1.99543e-06 -3.50348e-06 8.06445e-09  -1.86869e-06 -3.26562e-06 5.79731e-09  -1.61806e-06 -2.82388e-06 1.11049e-10  -1.10472e-06 -1.92331e-06 2.26571e-09  -8.33606e-07 -1.44946e-06 9.19794e-11  -3.89804e-07 -6.76877e-07 6.94449e-10  -1.48499e-07 -2.61294e-07 3.86355e-10  -2.33354e-09 -6.00487e-09 -3.66053e-11  2.00773e-07 3.47412e-07 -4.97327e-11  3.21081e-07 5.56004e-07 -6.86249e-11  3.65135e-07 6.34588e-07 -8.3594e-11  4.35858e-07 7.59571e-07 -4.72245e-11  4.55596e-07 7.93178e-07 -1.61773e-10  4.40438e-07 7.68026e-07 -9.14008e-11  4.39275e-07 7.6432e-07 -1.20901e-10  4.37663e-07 7.61553e-07 -1.49508e-10  3.62215e-07 6.30823e-07 8.52129e-11  3.40734e-07 5.93524e-07 -1.69656e-10  3.39479e-07 5.88378e-07 6.22364e-12  2.94479e-07 5.09323e-07 6.66214e-11  2.82046e-07 4.89254e-07 -1.78198e-10  2.30298e-07 3.9923e-07 1.90004e-10  1.93578e-07 3.37435e-07 3.67908e-11  1.60674e-07 2.79965e-07 -5.06942e-11  1.46458e-07 2.55074e-07 -8.37863e-11  1.35992e-07 2.36331e-07 -8.76364e-11  1.29794e-07 2.2293e-07 -2.41279e-11  1.20226e-07 2.08263e-07 8.89429e-12  1.04634e-07 1.78571e-07 8.35756e-11  7.54966e-08 1.31612e-07 4.76964e-11  4.26853e-08 7.60199e-08 -9.48396e-12  2.89397e-08 4.29335e-08 5.57669e-10  8.29058e-08 1.37917e-07 2.6105e-10  6.2373e-08 1.09059e-07 -9.80783e-10  1.51322e-08 2.53116e-08 -5.52285e-10  1.02583e-08 1.63041e-08 6.39415e-10  7.77955e-09 1.33236e-08 -1.80247e-10  7.6985e-09 1.40037e-08 -1.60792e-10  0.000520642 0.0012361 4.06764e-06  0.00011453 0.00027066 4.02877e-07  6.04678e-05 0.000151219 -3.88065e-07  3.6277e-05 9.04212e-05 3.88786e-07  2.88481e-05 6.84982e-05 2.32045e-07  1.42267e-05 3.26558e-05 6.55344e-07  3.52845e-06 8.38087e-06 -7.91905e-08  2.87295e-06 6.61993e-06 3.80896e-08  5.19055e-07 1.14451e-06 2.26808e-08  -1.46828e-06 -3.1935e-06 1.05883e-08  -8.46236e-07 -1.84068e-06 6.08186e-09  -8.55202e-07 -1.85612e-06 9.44045e-10  -7.4687e-07 -1.62102e-06 1.41319e-09  -5.42017e-07 -1.17245e-06 7.91076e-10  -3.93893e-07 -8.54012e-07 5.32831e-10  -2.32253e-07 -5.02389e-07 3.14925e-10  -1.18885e-07 -2.57408e-07 1.00548e-10  -3.29196e-08 -7.08869e-08 4.90348e-11  4.5722e-08 9.92698e-08 5.61332e-11  1.12438e-07 2.43785e-07 -4.28085e-11  1.44197e-07 3.1256e-07 -3.86693e-11  1.81241e-07 3.9272e-07 -7.03709e-11  1.9191e-07 4.15886e-07 -6.59944e-11  1.91067e-07 4.13981e-07 -1.24677e-11  1.90248e-07 4.1225e-07 -4.40438e-11  1.85508e-07 4.01933e-07 -8.40113e-11  1.76995e-07 3.83543e-07 1.87885e-11  1.49618e-07 3.24119e-07 -2.16801e-11  1.54641e-07 3.35123e-07 -2.84755e-11  1.30584e-07 2.83095e-07 -1.29502e-11  1.14133e-07 2.4728e-07 -3.99988e-11  1.11165e-07 2.40953e-07 -1.11883e-11  8.86456e-08 1.9192e-07 4.97925e-11  7.04188e-08 1.52544e-07 1.60778e-11  7.26878e-08 1.5743e-07 2.11317e-11  5.76798e-08 1.25034e-07 2.9473e-11  5.35279e-08 1.16015e-07 1.20506e-11  5.23323e-08 1.13353e-07 -9.3676e-11  4.94369e-08 1.06941e-07 -6.05585e-11  3.45199e-08 7.45602e-08 4.95583e-11  2.5777e-08 5.58241e-08 1.71424e-10  1.65784e-08 3.59648e-08 -1.56925e-10  3.49389e-08 8.09938e-08 1.32786e-09  2.88797e-08 7.36601e-08 -2.02071e-09  1.65508e-08 4.46925e-08 7.27334e-10  2.00378e-08 4.73147e-08 -1.74503e-12  4.34198e-09 1.04326e-08 7.24731e-11  1.88023e-09 5.13625e-09 -1.70117e-10  2.19427e-09 7.46075e-09 -3.06727e-10  0.000146398 0.000577352 -1.27976e-07  3.78981e-05 0.000149514 -3.50114e-06  1.65875e-05 6.8106e-05 1.94097e-06  1.27279e-05 5.22903e-05 -1.17713e-06  8.31617e-06 3.0966e-05 9.22085e-07  5.29737e-06 2.01644e-05 -3.87517e-07  1.22036e-06 5.63555e-06 5.82318e-08  7.96419e-08 3.20663e-07 2.82871e-08  -6.99917e-07 -2.74186e-06 1.81393e-08  -1.25398e-06 -4.81164e-06 1.36619e-08  -1.22417e-06 -4.62342e-06 1.08594e-08  -1.22129e-06 -4.55957e-06 5.72648e-09  -9.35685e-07 -3.48935e-06 2.61363e-09  -6.86108e-07 -2.56194e-06 1.94761e-09  -4.91579e-07 -1.83289e-06 1.14139e-09  -2.98872e-07 -1.11565e-06 6.19757e-10  -1.56946e-07 -5.85793e-07 1.98261e-10  -5.28344e-08 -1.97338e-07 2.7073e-10  4.24292e-08 1.58478e-07 -3.39369e-11  1.25037e-07 4.67028e-07 -5.69337e-11  1.7582e-07 6.56095e-07 -1.43184e-10  2.15798e-07 8.05338e-07 -1.13991e-10  2.29398e-07 8.5608e-07 -5.33225e-11  2.35629e-07 8.7916e-07 -1.64194e-11  2.28164e-07 8.51577e-07 -2.62738e-11  2.19008e-07 8.17573e-07 -7.88137e-11  2.12781e-07 7.94369e-07 1.65395e-11  1.91535e-07 7.14904e-07 7.6164e-12  1.79766e-07 6.71356e-07 -2.71163e-11  1.55831e-07 5.81725e-07 6.09468e-11  1.32712e-07 4.95579e-07 -2.3485e-11  1.28162e-07 4.78807e-07 -1.48599e-11  1.14008e-07 4.25895e-07 -1.06175e-11  9.53138e-08 3.55494e-07 3.23263e-11  9.12459e-08 3.40646e-07 -2.65101e-11  7.34948e-08 2.74109e-07 9.4797e-13  6.90033e-08 2.57565e-07 -3.91842e-11  6.61432e-08 2.47078e-07 1.77637e-10  5.65791e-08 2.10546e-07 1.53317e-11  4.21804e-08 1.54547e-07 -1.31361e-10  3.04991e-08 1.12182e-07 1.31381e-10  2.69249e-08 1.02748e-07 9.02793e-10  1.12646e-08 4.28657e-08 -1.1029e-09  1.77617e-08 5.84432e-08 2.22136e-09  1.79587e-08 6.07165e-08 -2.13124e-09  3.39681e-09 1.31006e-08 3.71512e-10  2.94343e-09 1.13514e-08 -3.30601e-10  2.79249e-09 1.05578e-08 3.13004e-10  8.83935e-10 3.44212e-09 -3.76448e-10  9.87999e-05 0.000638076 4.2977e-06  1.94938e-05 0.000132972 4.37103e-06  1.29734e-05 8.83929e-05 -2.33369e-06  6.17161e-06 4.16657e-05 1.34973e-06  4.70853e-06 3.19499e-05 -7.17749e-07  2.78559e-06 1.67457e-05 6.41344e-07  1.58251e-06 9.00784e-06 -2.19428e-07  7.0536e-07 4.96024e-06 2.05253e-08  -4.66252e-08 -7.27023e-07 -1.02124e-09  -2.41716e-07 -2.63776e-06 1.89218e-09  -2.08233e-07 -2.15917e-06 4.81857e-10  -4.1774e-07 -4.31675e-06 9.92959e-09  -3.53575e-07 -3.59009e-06 4.07207e-09  -2.69622e-07 -2.70451e-06 1.87149e-09  -1.98314e-07 -1.99938e-06 1.89773e-09  -1.32511e-07 -1.33007e-06 7.27399e-10  -6.62919e-08 -6.6909e-07 6.44814e-10  -2.9454e-08 -2.958e-07 1.796e-10  4.12262e-09 4.08071e-08 3.37649e-11  3.6245e-08 3.63001e-07 -7.7286e-11  5.77609e-08 5.78424e-07 -1.38313e-10  7.35677e-08 7.37235e-07 -7.61112e-11  8.317e-08 8.34002e-07 -1.80542e-10  8.73587e-08 8.75273e-07 -8.36159e-11  8.33042e-08 8.3483e-07 1.51569e-11  8.08922e-08 8.10827e-07 -4.75495e-11  7.76357e-08 7.78542e-07 -2.36487e-11  6.80836e-08 6.83734e-07 -3.43943e-11  6.37049e-08 6.39127e-07 -4.46595e-11  5.90478e-08 5.92697e-07 3.79628e-11  5.08481e-08 5.0989e-07 6.86617e-12  4.58522e-08 4.59933e-07 -4.16967e-11  4.10729e-08 4.12053e-07 -4.3177e-11  3.54332e-08 3.55288e-07 2.19706e-11  3.37036e-08 3.3837e-07 2.29666e-11  2.89172e-08 2.90313e-07 -4.65409e-11  2.66281e-08 2.6719e-07 -2.62582e-11  2.41439e-08 2.43268e-07 1.08091e-10  2.09923e-08 2.14106e-07 3.06607e-10  2.42016e-08 2.40032e-07 -5.64412e-10  1.17646e-08 1.10239e-07 1.01084e-09  3.72676e-09 4.44853e-08 -3.32643e-10  7.00335e-09 4.19559e-08 1.09678e-09  8.43271e-09 5.18842e-08 -1.54396e-09  5.47136e-09 3.32055e-08 9.20441e-10  4.47823e-09 2.77956e-08 -7.7272e-10  1.93596e-09 1.26768e-08 3.57735e-10  2.13292e-09 1.38349e-08 -4.42133e-10  2.24928e-09 1.44302e-08 -1.22101e-10  -9.05418e-05 0.000584579 -1.74423e-06  -2.37828e-05 0.000153181 -3.66205e-06  -1.00702e-05 6.49078e-05 2.05768e-06  -8.13513e-06 5.28385e-05 -1.37663e-06  -4.72165e-06 3.01865e-05 9.56531e-07  -2.94566e-06 1.90882e-05 -5.07194e-07  -1.41761e-06 1.22834e-05 3.7395e-08  -2.41877e-07 1.64379e-06 5.19883e-08  2.19869e-07 -2.21888e-06 2.46985e-08  1.36426e-07 -1.91823e-06 1.78638e-08  5.04132e-07 -3.67486e-06 2.86029e-09  4.43114e-07 -3.27409e-06 -5.22322e-10  3.65672e-07 -2.86097e-06 3.82571e-09  3.06415e-07 -2.25739e-06 1.00232e-09  2.25435e-07 -1.69343e-06 7.12419e-10  1.6466e-07 -1.19419e-06 2.35978e-10  1.05924e-07 -6.86916e-07 1.76402e-10  4.26526e-08 -2.43813e-07 1.61298e-10  -1.21123e-09 8.71757e-08 -3.79296e-11  -3.38888e-08 3.40909e-07 -1.98578e-10  -5.80147e-08 5.09281e-07 -1.79547e-10  -7.53645e-08 6.45111e-07 -1.59644e-10  -8.78514e-08 7.42349e-07 -1.61867e-10  -9.7119e-08 7.78531e-07 3.20564e-11  -8.86896e-08 7.25351e-07 -2.77703e-12  -8.67281e-08 7.14957e-07 -4.91302e-11  -8.27441e-08 6.5306e-07 2.26604e-11  -7.30857e-08 5.8825e-07 -8.82564e-12  -7.09073e-08 5.70393e-07 -1.77156e-11  -6.44602e-08 5.01033e-07 5.5153e-11  -5.42353e-08 4.35758e-07 -5.18046e-11  -4.8079e-08 3.78998e-07 -1.86884e-11  -4.28188e-08 3.45047e-07 6.24269e-12  -4.2219e-08 3.36773e-07 -7.69214e-11  -3.78784e-08 2.85395e-07 7.74498e-11  -3.18067e-08 2.50678e-07 6.88838e-12  -5.60769e-08 3.63852e-07 -1.93726e-12  -2.52656e-08 2.00011e-07 2.38821e-10  -5.77483e-09 9.00189e-08 5.15934e-10  -5.74265e-09 8.61742e-08 -4.2288e-10  0 0 0  -1.05363e-08 1.09423e-07 2.95748e-10  -1.82157e-08 1.07646e-07 3.0561e-10  -9.54702e-09 6.49999e-08 2.02234e-09  -5.06877e-09 3.36567e-08 -9.54433e-10  -1.39019e-09 9.0253e-09 2.83356e-10  4.69631e-11 -6.51858e-10 2.52118e-11  2.01951e-10 -1.07004e-09 -5.90831e-11  -6.9739e-10 4.19046e-09 -1.2053e-10  -0.000149826 0.000588101 3.07281e-06  -3.31068e-05 0.000127866 4.47475e-06  -2.04753e-05 7.92892e-05 -2.12549e-06  -1.19811e-05 4.60741e-05 1.57331e-06  -7.35682e-06 2.84715e-05 -7.15907e-07  -5.67285e-06 2.08504e-05 2.04016e-07  -2.78263e-07 1.45201e-06 4.06414e-09  -1.9191e-07 5.96683e-07 1.83224e-08  5.27737e-07 -1.93128e-06 2.12638e-08  5.8733e-07 -2.50879e-06 9.89367e-09  9.21455e-07 -3.30874e-06 6.94522e-09  8.01218e-07 -2.8912e-06 3.15285e-09  7.22135e-07 -2.63727e-06 1.79702e-09  5.23507e-07 -1.89692e-06 1.2754e-09  3.88187e-07 -1.41005e-06 1.0151e-09  2.6538e-07 -9.64413e-07 4.17617e-10  1.46277e-07 -5.33993e-07 -3.28225e-12  3.40876e-08 -1.27074e-07 8.48442e-11  -4.55597e-08 1.66076e-07 -3.24609e-11  -9.03711e-08 3.29306e-07 -1.31282e-10  -1.52028e-07 5.55056e-07 -1.33989e-10  -1.74755e-07 6.39771e-07 -6.80923e-11  -1.81017e-07 6.6433e-07 -4.26774e-11  -1.8409e-07 6.79584e-07 6.83907e-11  -1.75486e-07 6.42824e-07 -6.06511e-11  -1.72274e-07 6.34178e-07 2.7453e-11  -1.51731e-07 5.60162e-07 -4.06243e-11  -1.41134e-07 5.18179e-07 -7.22771e-11  -1.36571e-07 5.0558e-07 4.16412e-11  -1.16781e-07 4.29305e-07 -3.68589e-11  -1.07712e-07 3.93072e-07 2.10272e-11  -9.2179e-08 3.40198e-07 -8.63948e-11  -9.54531e-08 3.48074e-07 -1.98164e-10  -8.93043e-08 3.31673e-07 8.09974e-11  -7.14799e-08 2.62419e-07 -2.7206e-11  -6.91149e-08 2.478e-07 1.79717e-11  -2.54858e-08 1.23547e-07 1.31329e-10  -5.60005e-08 2.00436e-07 7.89394e-11  -3.73865e-08 1.65468e-07 2.91572e-10  -4.41864e-08 1.79595e-07 2.10209e-09  -3.30625e-08 1.39927e-07 -2.43513e-09  -3.65834e-08 1.23801e-07 5.11282e-10  0 0 0  -2.48904e-08 9.47798e-08 3.62716e-11  -4.27752e-09 1.66389e-08 5.85003e-10  -4.50874e-10 1.52319e-09 -6.64861e-11  -2.96887e-10 1.29163e-09 2.64908e-11  -6.10145e-10 2.38115e-09 -1.32601e-10  -8.81239e-10 3.39851e-09 -1.05266e-10  -0.000519636 0.00119666 4.32402e-06  -0.000120421 0.000281993 1.34795e-06  -7.73623e-05 0.000175801 -8.57694e-07  -4.12645e-05 9.66606e-05 4.57217e-07  -2.31301e-05 5.29251e-05 -7.71066e-08  -5.65238e-06 1.53188e-05 -4.15041e-07  -3.22889e-06 8.07231e-06 1.28214e-07  -1.97012e-07 4.23591e-07 3.07918e-08  6.5458e-07 -1.47961e-06 5.71673e-09  1.21222e-06 -3.04351e-06 1.57298e-08  5.54114e-07 -1.47226e-06 1.43947e-08  1.26836e-06 -2.885e-06 3.88578e-09  1.14246e-06 -2.60446e-06 2.45491e-09  8.78826e-07 -2.00208e-06 1.29701e-09  6.39571e-07 -1.45868e-06 1.3455e-09  4.56466e-07 -1.04453e-06 4.79025e-10  2.64819e-07 -6.08629e-07 6.49714e-11  8.32252e-08 -1.88206e-07 -4.12276e-11  -3.7536e-08 8.91986e-08 1.37981e-11  -1.33173e-07 3.015e-07 -2.80618e-10  -2.32698e-07 5.33293e-07 -7.55989e-11  -2.59781e-07 5.98894e-07 -1.71635e-11  -2.7321e-07 6.29361e-07 5.06825e-12  -2.76621e-07 6.39356e-07 -7.08646e-12  -2.62953e-07 6.04969e-07 -2.99302e-11  -2.52395e-07 5.86787e-07 2.31028e-11  -2.26194e-07 5.22182e-07 -6.07925e-12  -2.1555e-07 4.96368e-07 -2.58351e-11  -2.00524e-07 4.65568e-07 -4.84457e-11  -1.79205e-07 4.14486e-07 1.32406e-13  -1.6196e-07 3.77332e-07 -6.41941e-11  -1.42768e-07 3.29965e-07 -4.33361e-11  -1.4863e-07 3.41568e-07 -8.26698e-11  -1.30182e-07 3.06749e-07 1.15189e-10  -1.04024e-07 2.4237e-07 4.35277e-11  -4.27053e-08 1.1917e-07 5.90909e-10  -8.38428e-08 2.26294e-07 5.5005e-10  -3.39948e-08 9.19183e-08 -8.97095e-10  -8.01684e-08 2.03759e-07 1.1033e-09  -2.49325e-08 6.0253e-08 -7.37325e-10  -2.81322e-08 6.74097e-08 1.00596e-09  -2.73423e-08 6.58451e-08 -1.63964e-09  -3.12475e-08 8.06576e-08 4.03685e-10  -1.20722e-08 3.27564e-08 1.11826e-09  -6.42803e-09 1.6634e-08 -3.56487e-10  1.08183e-09 -2.51954e-09 -3.93613e-11  8.69782e-10 -1.84458e-09 -1.2863e-10  1.80809e-09 -3.55772e-09 1.15535e-10  1.75832e-09 -4.39176e-09 -2.92231e-10  -0.000330674 0.000527271 1.5352e-06  -0.000118148 0.000189132 -5.60951e-06  -4.66523e-05 7.4755e-05 2.76896e-06  -3.34059e-05 5.34441e-05 -1.61069e-06  -2.44665e-05 3.91303e-05 4.75149e-07  -1.10933e-05 2.20963e-05 2.29412e-07  -6.02492e-06 9.29925e-06 1.425e-07  -2.04144e-06 3.72132e-06 7.43404e-08  2.38485e-07 -3.84663e-07 6.97726e-10  1.1736e-06 -1.98462e-06 5.18811e-09  1.60425e-06 -2.93511e-06 1.40832e-08  8.51391e-07 -1.61815e-06 1.06787e-08  7.22269e-07 -1.39757e-06 -7.89168e-10  5.86045e-07 -1.12462e-06 5.56646e-10  4.44427e-07 -8.51908e-07 7.85879e-10  3.05054e-07 -5.84425e-07 6.52218e-10  1.84892e-07 -3.5496e-07 2.59663e-10  7.08446e-08 -1.36503e-07 -2.75437e-13  -6.97258e-09 1.32422e-08 2.45631e-11  -7.37917e-08 1.41646e-07 -8.62402e-11  -1.3758e-07 2.64167e-07 -3.17332e-11  -1.56824e-07 3.01212e-07 -4.07104e-11  -1.6609e-07 3.18948e-07 5.6442e-13  -1.67518e-07 3.21738e-07 5.58648e-12  -1.60324e-07 3.07923e-07 1.90294e-12  -1.57754e-07 3.03087e-07 5.08188e-11  -1.38482e-07 2.65975e-07 -3.4128e-12  -1.36136e-07 2.61542e-07 -4.49687e-11  -1.22599e-07 2.35545e-07 2.47896e-13  -1.07896e-07 2.07179e-07 -4.51415e-11  -1.05234e-07 2.02206e-07 -1.93702e-11  -8.72199e-08 1.67546e-07 -5.06035e-11  -8.66766e-08 1.66522e-07 -1.59261e-11  -7.86013e-08 1.50871e-07 1.34787e-10  -5.88933e-08 1.12786e-07 -3.4756e-12  -1.09658e-07 2.06134e-07 1.34684e-10  -1.26607e-07 2.27219e-07 1.26787e-09  -1.71708e-07 3.05994e-07 -1.18271e-09  -9.37268e-08 1.5378e-07 1.66006e-09  -5.69595e-08 1.03657e-07 1.25603e-09  -8.28129e-08 1.46363e-07 -9.80609e-10  -1.28995e-07 2.26288e-07 -2.27003e-09  -4.57408e-08 7.15384e-08 7.28308e-10  -4.27193e-08 8.10905e-08 8.40745e-10  -8.78124e-09 1.41415e-08 -4.7385e-10  -6.05249e-09 9.84237e-09 3.38118e-10  -1.61651e-09 2.71521e-09 -1.08781e-10  2.90461e-09 -4.61886e-09 -1.81663e-10  6.4041e-10 -9.92512e-10 -1.13832e-10  -0.000439851 0.000567963 3.23232e-06  -9.39463e-05 0.000121331 5.2631e-06  -7.24522e-05 9.34942e-05 -3.47145e-06  -3.6795e-05 4.75981e-05 1.96646e-06  -2.76722e-05 3.57714e-05 -1.27145e-06  -1.9167e-05 2.44926e-05 1.97082e-07  0 0 0  -3.50426e-06 4.3733e-06 7.04531e-08  -8.1205e-08 1.21388e-07 5.57744e-09  5.46577e-07 -6.81125e-07 -1.08378e-08  1.5121e-06 -2.00173e-06 6.61428e-09  2.1091e-06 -2.94999e-06 1.13596e-08  1.92941e-06 -2.699e-06 -4.03275e-09  1.59057e-06 -2.19707e-06 3.31492e-10  1.26881e-06 -1.74683e-06 1.28162e-09  8.8659e-07 -1.22196e-06 1.0991e-09  5.69674e-07 -7.87196e-07 2.96316e-10  2.2112e-07 -3.06503e-07 1.18961e-10  1.30518e-08 -1.84626e-08 6.15091e-11  -1.95591e-07 2.70523e-07 -1.80024e-10  -3.236e-07 4.47679e-07 -1.98219e-10  -3.98018e-07 5.5072e-07 -1.10785e-10  -4.26166e-07 5.89659e-07 -1.00929e-10  -4.34906e-07 6.01891e-07 5.80558e-11  -4.18141e-07 5.78576e-07 -1.4554e-10  -4.17712e-07 5.78074e-07 -3.24775e-11  -3.62811e-07 5.0203e-07 4.66727e-11  -3.49912e-07 4.84183e-07 -1.10753e-10  -3.28467e-07 4.54892e-07 2.11681e-11  -2.75467e-07 3.81724e-07 -3.24193e-11  -2.56378e-07 3.55497e-07 -7.57181e-11  -2.2879e-07 3.17517e-07 -7.08706e-11  -2.1762e-07 3.02013e-07 -9.90828e-11  -2.55361e-07 3.5329e-07 3.83233e-10  -1.31118e-07 1.80813e-07 -5.78145e-10  -1.2609e-07 1.70565e-07 2.36288e-09  -7.55248e-08 9.6166e-08 -1.80743e-09  -9.7907e-08 1.15244e-07 2.02176e-10  -7.55302e-08 9.12315e-08 -1.52827e-09  -4.69161e-08 5.95684e-08 1.74083e-09  -4.66149e-08 5.9435e-08 -2.103e-09  -1.25418e-07 1.56886e-07 4.89827e-10  0 0 0  -4.08738e-08 5.24317e-08 7.50819e-10  -1.48892e-08 1.93046e-08 7.47684e-10  -1.38142e-08 1.79044e-08 -6.89487e-10  -8.56251e-09 1.11388e-08 3.92908e-10  -5.51497e-09 7.16818e-09 -2.62484e-10  2.8135e-09 -3.59891e-09 -1.22747e-10  -0.000406782 0.000430101 1.9316e-07  -0.000111141 0.000117083 -3.94896e-06  -6.67403e-05 7.02587e-05 2.84168e-06  -4.41754e-05 4.64494e-05 -1.61108e-06  -3.89426e-05 4.08796e-05 3.97468e-07  0 0 0  -5.98167e-06 6.13053e-06 1.7644e-07  -1.32253e-06 1.29356e-06 4.01319e-08  8.13348e-07 -8.68761e-07 2.2032e-08  1.9974e-06 -1.99931e-06 -2.88486e-09  3.02944e-06 -2.96844e-06 4.62707e-08  1.97387e-06 -2.12123e-06 -3.42462e-08  2.55812e-06 -2.62014e-06 1.08147e-08  1.82416e-06 -1.8392e-06 2.82753e-09  1.44468e-06 -1.45153e-06 2.57333e-09  1.06414e-06 -1.0742e-06 2.65108e-10  6.00647e-07 -6.07286e-07 -2.23525e-12  2.21288e-07 -2.24083e-07 -6.00952e-11  -5.22743e-08 5.27881e-08 -1.72857e-10  -2.87522e-07 2.9125e-07 -1.24875e-10  -3.97531e-07 4.02654e-07 -9.2144e-11  -5.02357e-07 5.09041e-07 2.18332e-11  -5.21638e-07 5.28569e-07 2.87416e-11  -5.18202e-07 5.25026e-07 -1.96425e-11  -5.23428e-07 5.30362e-07 3.86492e-11  -5.14193e-07 5.20819e-07 3.21749e-11  -4.43847e-07 4.49603e-07 -9.22746e-11  -4.22777e-07 4.28379e-07 -1.31736e-10  -4.12323e-07 4.18394e-07 -2.70606e-11  -3.56767e-07 3.62639e-07 -4.11144e-11  -3.12083e-07 3.17727e-07 -2.37692e-11  -2.83814e-07 2.89345e-07 -1.2716e-10  -2.66176e-07 2.71694e-07 -9.90133e-11  -2.14553e-07 2.1858e-07 1.58088e-10  -1.92371e-07 1.94298e-07 4.765e-10  -1.65954e-07 1.67891e-07 -1.78307e-09  -1.93704e-07 1.98081e-07 3.87159e-10  -1.83704e-07 1.88068e-07 -8.83135e-10  -7.10234e-08 7.64272e-08 3.73583e-09  -6.05095e-08 6.42852e-08 -2.69366e-09  -6.02489e-08 6.17979e-08 2.21834e-09  -8.13429e-08 8.35264e-08 -3.17022e-09  -9.98265e-08 1.0335e-07 8.47731e-10  0 0 0  -4.79493e-08 5.04858e-08 4.69776e-10  -1.93076e-08 2.03637e-08 7.98594e-10  -1.92048e-08 2.02754e-08 -8.53307e-10  -1.68842e-08 1.78495e-08 7.20575e-10  -1.19539e-08 1.25991e-08 -6.94977e-10  -0.000979891 0.000765713 5.26339e-06  -0.000230497 0.000177051 7.89263e-07  -0.000152231 0.000118248 -3.32209e-08  -8.99419e-05 6.91902e-05 2.12507e-07  -7.80687e-05 5.92567e-05 -8.12374e-07  -2.21062e-05 1.88629e-05 4.16117e-07  -9.26372e-06 6.40798e-06 1.25599e-07  -4.17971e-06 3.29783e-06 5.9375e-08  1.05979e-06 -8.34739e-07 -1.8678e-08  1.40812e-06 -1.10613e-06 4.41726e-08  2.51398e-06 -1.85182e-06 8.64527e-09  3.26581e-06 -2.62193e-06 -2.57688e-08  2.73712e-06 -2.00764e-06 -7.31074e-10  2.22252e-06 -1.60823e-06 -2.43119e-09  1.75607e-06 -1.26925e-06 3.00907e-09  1.22432e-06 -8.89013e-07 7.07286e-10  6.69825e-07 -4.87483e-07 2.25647e-10  2.53602e-07 -1.84187e-07 -5.99133e-11  -9.81873e-08 7.17864e-08 -2.54983e-10  -3.22412e-07 2.35183e-07 -5.73736e-11  -4.71581e-07 3.43911e-07 -2.33156e-11  -6.19811e-07 4.51972e-07 -5.16127e-11  -6.26548e-07 4.5693e-07 1.03638e-12  -6.47097e-07 4.71841e-07 -7.32392e-11  -6.67537e-07 4.8654e-07 -5.97432e-11  -6.52174e-07 4.75139e-07 8.83538e-11  -5.79203e-07 4.22085e-07 -5.20191e-11  -5.44028e-07 3.96917e-07 -5.05398e-11  -5.01909e-07 3.67141e-07 -8.36243e-11  -4.47655e-07 3.28341e-07 -1.7435e-11  -3.8315e-07 2.81573e-07 4.00482e-12  -3.44345e-07 2.53491e-07 -1.44093e-10  -3.16231e-07 2.33922e-07 -2.87282e-10  -2.47245e-07 1.84375e-07 -8.14375e-10  -2.24059e-07 1.65111e-07 3.50449e-11  -2.51904e-07 1.96209e-07 -7.17185e-12  -1.23052e-07 9.27005e-08 5.68649e-09  -1.08318e-07 8.05647e-08 -4.9308e-09  -1.65124e-07 1.27545e-07 6.26531e-10  -1.44782e-07 1.11304e-07 -2.76701e-10  -1.08338e-07 8.29369e-08 -1.21682e-10  -2.10373e-07 1.66771e-07 -2.08933e-09  -8.51294e-08 5.86273e-08 -2.18733e-10  -8.92134e-08 7.62205e-08 3.87428e-10  -9.59139e-08 7.02544e-08 1.32163e-09  -4.25667e-08 3.27765e-08 5.79656e-11  -6.06544e-08 4.66633e-08 -2.32991e-10  -6.92453e-08 5.35815e-08 1.80238e-11  -2.72936e-08 2.04393e-08 -1.89538e-10  -0.000627633 0.000345403 4.56769e-06  -0.000113568 6.28255e-05 4.58207e-06  -8.68662e-05 4.79746e-05 -2.85334e-06  -4.48906e-05 2.4851e-05 1.68227e-06  -3.08516e-05 1.71125e-05 -9.37588e-07  -2.49945e-05 1.37937e-05 2.79157e-07  0 0 0  -4.65693e-06 2.52827e-06 8.43434e-08  8.73524e-07 -5.16672e-07 2.42002e-08  2.97896e-06 -1.74145e-06 2.27722e-08  5.11383e-06 -2.82337e-06 4.46168e-08  2.20176e-06 -1.35004e-06 1.2845e-09  2.55116e-06 -1.33865e-06 -1.77391e-08  1.57066e-06 -7.51608e-07 8.42385e-09  1.08893e-06 -5.37335e-07 -1.42839e-09  7.83451e-07 -3.87693e-07 1.98614e-11  4.67231e-07 -2.31217e-07 -6.02577e-12  1.83048e-07 -9.06446e-08 4.16891e-11  -1.18302e-08 5.82429e-09 -1.1231e-10  -1.44651e-07 7.14792e-08 5.87686e-13  -2.51475e-07 1.24305e-07 4.53255e-11  -3.43143e-07 1.69843e-07 -1.92538e-12  -3.64993e-07 1.8072e-07 3.41234e-11  -3.84059e-07 1.90013e-07 -4.37046e-11  -3.985e-07 1.96973e-07 -1.21422e-10  -4.06228e-07 2.00658e-07 -9.93972e-11  -3.75167e-07 1.85402e-07 1.01584e-10  -3.4294e-07 1.69945e-07 2.41782e-10  -3.05324e-07 1.51921e-07 3.55887e-10  -2.73592e-07 1.36581e-07 1.77201e-10  -2.41303e-07 1.20513e-07 3.0871e-11  -2.16711e-07 1.08356e-07 1.54822e-10  -2.01972e-07 1.02048e-07 4.1935e-10  -2.74262e-07 1.43408e-07 -1.184e-09  -1.09017e-07 5.85474e-08 -4.33678e-10  -2.10272e-07 1.27238e-07 1.30259e-09  -2.42047e-07 1.3767e-07 -3.06202e-10  -9.3307e-08 5.28227e-08 3.10761e-09  -9.0957e-08 5.1323e-08 -3.10525e-09  -7.23762e-08 4.00751e-08 2.3692e-09  -6.50928e-08 3.60056e-08 -2.11144e-09  -1.07282e-07 5.88724e-08 3.34162e-10  0 0 0  -9.40703e-08 5.186e-08 3.80711e-10  -3.24324e-08 1.79988e-08 1.07826e-09  -2.95508e-08 1.64445e-08 -1.01385e-09  -4.40169e-08 2.43425e-08 1.45249e-09  -4.13978e-08 2.29813e-08 -1.38231e-09  8.97725e-09 -4.9891e-09 -6.13836e-11  -0.00056247 0.000242095 -1.193e-06  -0.000136278 5.84829e-05 -3.51504e-06  -7.91405e-05 3.39572e-05 2.50599e-06  -5.14602e-05 2.21657e-05 -1.40468e-06  -4.89341e-05 2.10276e-05 4.47065e-07  0 0 0  -1.1107e-05 4.74024e-06 2.10416e-07  -7.9313e-07 3.38584e-07 3.98228e-08  -1.73877e-07 7.69442e-08 -3.43065e-09  1.73619e-06 -7.02158e-07 -3.52868e-08  2.05992e-06 -8.30319e-07 5.8497e-08  3.11604e-06 -1.25513e-06 4.67576e-09  1.76539e-06 -8.71196e-07 -4.18618e-08  1.42483e-06 -6.89185e-07 1.69089e-08  9.5558e-07 -4.72796e-07 -7.66764e-11  5.51278e-07 -2.73033e-07 1.11301e-10  2.86558e-07 -1.42078e-07 7.9191e-11  9.91681e-08 -4.92812e-08 -3.48163e-11  -8.18512e-08 4.02515e-08 -1.31888e-10  -2.14444e-07 1.05837e-07 -1.04518e-10  -2.99183e-07 1.48005e-07 -8.25752e-11  -3.63606e-07 1.79857e-07 -2.32631e-11  -3.77847e-07 1.86911e-07 -3.6903e-11  -3.94786e-07 1.95238e-07 -3.28915e-11  -4.12619e-07 2.03881e-07 2.12311e-11  -3.91685e-07 1.93423e-07 -2.01982e-11  -3.6145e-07 1.78733e-07 -2.42012e-10  -3.20109e-07 1.58837e-07 -2.96647e-10  -2.80855e-07 1.39925e-07 -2.21679e-10  -2.48715e-07 1.24177e-07 7.31613e-11  -2.38394e-07 1.1906e-07 3.41222e-11  -2.05849e-07 1.03245e-07 -6.03343e-10  -3.93603e-07 1.5915e-07 1.62862e-10  -1.50017e-07 5.18984e-08 2.37106e-09  -2.32943e-07 9.71577e-08 -4.05962e-10  -1.9453e-07 8.27264e-08 -5.01628e-10  0 0 0  -2.47543e-07 1.09764e-07 4.43227e-10  -9.81956e-08 4.24286e-08 3.10297e-09  -1.05861e-07 4.57483e-08 -3.36035e-09  -6.74696e-08 2.87455e-08 2.10554e-09  -6.31539e-08 2.6871e-08 -1.94784e-09  -6.52805e-08 2.78047e-08 -3.3959e-10  0 0 0  -5.78255e-08 2.47631e-08 -2.11872e-10  -3.6678e-08 1.57492e-08 1.14426e-09  -5.57888e-08 2.40041e-08 -1.81828e-09  -2.80185e-08 1.198e-08 9.42702e-10  -1.16983e-08 5.00295e-09 -4.38738e-10  -0.00111427 0.000288442 2.66634e-06  -0.00027734 6.9972e-05 4.89943e-07  -0.00018539 4.83368e-05 1.09654e-08  -9.44676e-05 2.39709e-05 2.75444e-07  -7.84535e-05 1.97402e-05 -6.27449e-07  -2.5931e-05 8.0756e-06 2.99682e-07  -1.13787e-05 2.35728e-06 1.55357e-07  -4.7999e-06 1.32155e-06 8.70947e-08  -2.038e-07 4.40553e-08 1.03639e-08  3.09682e-06 -7.5298e-07 3.1981e-09  4.53212e-06 -1.1205e-06 2.2905e-08  5.48165e-06 -1.311e-06 4.78833e-08  3.61926e-06 -1.16602e-06 -5.56532e-09  3.12115e-06 -7.6295e-07 -8.50185e-09  2.152e-06 -6.43604e-07 -1.76008e-08  1.7419e-06 -5.09749e-07 3.16672e-10  9.91288e-07 -2.88493e-07 7.21561e-10  4.65908e-07 -1.35529e-07 -2.10358e-11  3.24981e-08 -9.4183e-09 -1.17742e-10  -2.96034e-07 8.59231e-08 -8.35206e-11  -5.34269e-07 1.55221e-07 -1.60744e-10  -6.91519e-07 2.01064e-07 -1.18515e-10  -7.75333e-07 2.25456e-07 -3.59404e-11  -8.15054e-07 2.36835e-07 -1.38006e-10  -8.82893e-07 2.56174e-07 -1.85558e-10  -8.91061e-07 2.58002e-07 -1.68987e-10  -8.49089e-07 2.45949e-07 -1.72704e-10  -7.75237e-07 2.25508e-07 2.15087e-12  -6.68182e-07 1.95704e-07 2.15822e-10  -6.01783e-07 1.77062e-07 3.7184e-10  -5.58697e-07 1.63562e-07 6.74081e-10  -5.01769e-07 1.45595e-07 -5.46716e-10  -4.74948e-07 1.40584e-07 -1.57602e-09  -1.97958e-07 6.25828e-08 -2.43232e-09  -1.08738e-07 3.34511e-08 1.12607e-09  -2.6967e-07 6.42946e-08 -1.75396e-09  -2.45463e-07 7.8205e-08 -9.00181e-11  -2.98606e-07 7.23939e-08 3.63696e-09  -1.94466e-07 5.10315e-08 -9.95075e-11  -1.70908e-07 4.47604e-08 2.18253e-10  -1.42122e-07 3.73796e-08 -3.33707e-10  -1.54025e-07 4.18939e-08 -1.21443e-09  -5.92365e-08 1.20541e-08 5.42552e-10  -7.15122e-08 2.23116e-08 -8.72517e-11  -1.32328e-07 3.12914e-08 8.33457e-10  -6.47466e-08 1.70845e-08 -2.13221e-10  -6.42229e-08 1.64508e-08 -1.01945e-10  -5.62872e-08 1.49365e-08 -2.30905e-10  -4.30709e-09 6.23453e-10 -1.90068e-10  -0.000647262 6.35194e-05 4.62092e-06  -0.000136768 1.37857e-05 4.62719e-06  -9.28344e-05 9.25142e-06 -2.60731e-06  -4.18566e-05 4.16891e-06 1.49169e-06  -3.01334e-05 2.99844e-06 -8.3232e-07  -2.27781e-05 2.2503e-06 2.80219e-07  0 0 0  -6.41556e-06 6.52258e-07 5.9904e-08  5.77619e-07 -6.57923e-08 -9.20518e-09  1.53064e-06 -1.63417e-07 5.13903e-08  2.2367e-06 -2.40637e-07 -5.52819e-08  2.02301e-06 -2.19376e-07 5.73455e-08  3.7796e-06 -4.81611e-07 -2.87373e-09  1.2855e-06 -1.57083e-07 -3.56479e-08  2.30833e-06 -2.51409e-07 9.59965e-09  8.09202e-07 -8.35542e-08 1.2836e-09  1.16706e-06 -1.19918e-07 8.35339e-10  4.28594e-07 -4.37937e-08 1.25058e-10  -4.72478e-08 5.26991e-09 -1.49087e-10  -4.04966e-07 4.1862e-08 -2.0807e-11  -6.32906e-07 6.529e-08 -1.51003e-10  -7.66086e-07 7.96475e-08 -4.98097e-10  -8.00006e-07 8.33099e-08 2.29396e-12  -8.61216e-07 8.88649e-08 -2.55156e-11  -9.05364e-07 9.3096e-08 -4.06637e-10  -8.89275e-07 9.06194e-08 1.7658e-10  -8.69496e-07 8.86989e-08 5.58192e-11  -8.04806e-07 8.31663e-08 1.72386e-10  -6.9494e-07 7.28999e-08 8.89068e-11  -6.25474e-07 6.59236e-08 -4.27116e-10  -6.27503e-07 6.40346e-08 5.29619e-11  -2.86483e-07 2.5244e-08 3.96232e-10  -5.217e-07 5.4023e-08 -2.30182e-09  -4.21059e-07 5.50558e-08 5.44943e-10  -2.92567e-07 4.30382e-08 -2.62684e-09  -8.38764e-08 1.23283e-08 -1.33594e-09  -2.35613e-07 2.41496e-08 -2.06659e-10  -1.11617e-07 1.12334e-08 3.52236e-09  -1.33221e-07 1.35567e-08 -4.15285e-09  -5.92462e-08 6.03771e-09 1.77243e-09  -6.80409e-08 6.88197e-09 -1.993e-09  -1.11467e-07 1.11826e-08 1.94554e-10  0 0 0  -9.34326e-08 9.52981e-09 -2.81237e-10  -4.8825e-08 4.94008e-09 1.49721e-09  -3.16065e-08 3.19281e-09 -9.74869e-10  -3.43127e-08 3.45431e-09 9.97288e-10  -2.22888e-08 2.23789e-09 -6.68571e-10  -6.17204e-09 6.07047e-10 -7.56152e-11  -0.000681772 -6.67017e-05 4.98807e-06  -0.000142569 -1.44608e-05 4.86135e-06  -9.38281e-05 -9.39939e-06 -2.59138e-06  -4.25499e-05 -4.23657e-06 1.50501e-06  -3.30246e-05 -3.26861e-06 -9.23042e-07  -2.58443e-05 -2.61216e-06 1.79777e-07  0 0 0  -5.68241e-06 -5.93459e-07 8.1204e-08  -1.80857e-08 -6.09766e-08 -1.66992e-08  3.33854e-06 4.75512e-07 1.54185e-08  4.11446e-06 5.52531e-07 1.33493e-08  5.74679e-06 8.03572e-07 5.31954e-08  2.9731e-06 2.9775e-07 -6.96014e-08  2.51703e-06 3.00932e-07 -2.59335e-08  1.24206e-06 1.09559e-07 1.57894e-08  8.26082e-07 6.71204e-08 2.02331e-09  3.44767e-07 2.74596e-08 5.21856e-10  1.73796e-07 1.39521e-08 -4.52242e-11  -7.63421e-08 -5.89626e-09 -1.7232e-11  -2.36869e-07 -1.8915e-08 5.00195e-11  -3.69995e-07 -2.95021e-08 -1.61412e-10  -4.32519e-07 -3.40791e-08 -6.14338e-11  -4.29484e-07 -3.36963e-08 1.02565e-10  -4.60031e-07 -3.66741e-08 -3.61621e-11  -4.78777e-07 -3.81236e-08 1.08976e-10  -4.47262e-07 -3.61674e-08 -4.49768e-11  -4.4173e-07 -3.54358e-08 -2.72769e-10  -4.15917e-07 -3.27176e-08 -3.16946e-10  -3.30937e-07 -2.55392e-08 -1.98523e-10  -3.10426e-07 -2.41071e-08 2.48137e-10  -2.69374e-07 -2.28687e-08 1.461e-09  -2.16359e-07 -2.47572e-08 3.62015e-09  -4.18797e-07 -3.99037e-08 -6.95975e-09  -1.77161e-07 -8.09885e-09 -1.78601e-09  -1.65651e-07 -3.67592e-08 1.80569e-09  -2.4588e-07 -4.40825e-08 -5.56125e-10  -2.49651e-07 -2.67226e-08 -4.61692e-10  -1.19996e-07 -1.31171e-08 3.65846e-09  -1.37507e-07 -1.48098e-08 -4.236e-09  -7.41404e-08 -7.56436e-09 2.19244e-09  -7.23243e-08 -7.42518e-09 -2.09901e-09  -8.52537e-08 -8.68036e-09 -2.87694e-10  0 0 0  -8.18783e-08 -8.41246e-09 4.00714e-10  -3.70151e-08 -3.83094e-09 1.11109e-09  -2.08154e-08 -2.19532e-09 -6.03892e-10  -2.25667e-08 -2.31456e-09 6.76129e-10  -1.36485e-08 -1.44651e-09 -4.18037e-10  5.29644e-09 4.81333e-10 5.80717e-11  -0.00115715 -0.000299714 2.42983e-06  -0.00028877 -7.38594e-05 1.05423e-06  -0.000159268 -4.16233e-05 7.47947e-08  -0.000111843 -2.87045e-05 3.35218e-07  -7.90206e-05 -1.97542e-05 -4.89469e-07  -2.73664e-05 -8.57468e-06 1.46085e-07  -1.37499e-05 -2.81814e-06 1.86576e-07  -5.39284e-06 -1.53489e-06 1.20236e-07  -1.92124e-07 -5.43727e-08 8.6654e-09  1.66335e-06 4.94519e-07 5.97516e-08  2.14723e-06 5.99594e-07 -5.89036e-08  1.85819e-06 5.25389e-07 5.50285e-08  3.03346e-06 7.80977e-07 -3.35204e-09  2.34651e-06 7.2566e-07 -3.03438e-08  2.31994e-06 6.73156e-07 -1.04617e-10  1.61861e-06 4.43039e-07 3.86831e-09  9.00615e-07 2.42211e-07 1.32348e-09  3.61393e-07 9.67712e-08 3.68913e-11  -8.85076e-08 -2.38657e-08 -3.08457e-11  -4.39269e-07 -1.18085e-07 1.78338e-11  -6.96515e-07 -1.87038e-07 6.2154e-12  -7.93843e-07 -2.12833e-07 -1.97549e-11  -8.87478e-07 -2.38003e-07 -1.67777e-10  -9.39698e-07 -2.52617e-07 -1.31251e-10  -9.7727e-07 -2.62864e-07 -2.77841e-10  -9.05948e-07 -2.44182e-07 1.10502e-10  -8.42088e-07 -2.26978e-07 1.8961e-10  -7.96118e-07 -2.13491e-07 5.81222e-11  -6.74114e-07 -1.79279e-07 -7.08509e-11  -8.39909e-07 -2.23513e-07 2.90481e-10  -4.55565e-07 -1.25274e-07 -2.67397e-10  -3.3486e-07 -9.82325e-08 -3.47904e-09  -3.47983e-07 -9.47465e-08 1.58617e-09  -3.52275e-07 -8.59039e-08 3.84081e-10  -1.6345e-07 -3.5094e-08 -2.1292e-09  -1.37904e-07 -4.79416e-08 4.22771e-09  -1.23622e-07 -2.77527e-08 3.79516e-09  -2.51137e-07 -6.88856e-08 -3.86109e-10  -2.2425e-07 -6.00537e-08 -6.08402e-11  -1.70173e-07 -4.43085e-08 -5.78278e-11  -1.20911e-07 -3.22718e-08 -4.88657e-10  -1.21484e-07 -3.2714e-08 -1.29069e-09  -1.01905e-07 -2.1069e-08 -4.99325e-10  -6.52411e-08 -2.05332e-08 1.88701e-10  -8.61936e-08 -2.04654e-08 7.23564e-10  -3.48302e-08 -8.88251e-09 6.37962e-11  -3.19051e-08 -7.84551e-09 -3.13517e-10  6.68083e-09 1.65679e-09 -9.91841e-11  3.63407e-08 9.64345e-09 -1.34476e-10  -0.000528317 -0.000227924 -1.70515e-06  -0.000144128 -6.17679e-05 -3.88892e-06  -6.7946e-05 -2.9068e-05 2.36763e-06  -5.72425e-05 -2.45576e-05 -1.64903e-06  -4.41468e-05 -1.88869e-05 4.14902e-07  0 0 0  -1.11474e-05 -4.82444e-06 1.51759e-07  -8.62131e-07 -3.66933e-07 4.10055e-08  5.7266e-08 1.46e-08 6.90999e-09  2.04685e-06 8.08917e-07 -4.74865e-08  2.21256e-06 8.80719e-07 6.23711e-08  3.62309e-06 1.39537e-06 9.63896e-09  3.56301e-06 1.71883e-06 -2.41133e-08  0 0 0  1.30523e-06 6.49437e-07 -9.99818e-09  7.81817e-07 3.79245e-07 -3.27479e-09  5.23533e-07 2.50176e-07 -4.73277e-10  2.01237e-07 9.58401e-08 -5.16219e-11  1.32615e-08 6.30421e-09 1.59487e-10  -1.62687e-07 -7.77594e-08 1.82203e-12  -3.13726e-07 -1.49874e-07 1.06693e-10  -3.73461e-07 -1.77936e-07 5.98656e-11  -4.25127e-07 -2.0273e-07 -7.24972e-11  -4.41494e-07 -2.10828e-07 -1.10137e-10  -4.58553e-07 -2.18914e-07 4.86079e-14  -4.40101e-07 -2.10286e-07 -5.90847e-11  -3.86574e-07 -1.84665e-07 9.2138e-11  -3.68599e-07 -1.75805e-07 3.45499e-10  -6.1283e-07 -2.90582e-07 3.33512e-10  -2.41933e-07 -1.14912e-07 -5.94524e-10  -2.00933e-07 -9.65887e-08 -1.09201e-09  -1.79866e-07 -8.63342e-08 6.59465e-10  -1.71478e-07 -7.91419e-08 2.05922e-09  -3.48321e-07 -1.54909e-07 1.17688e-10  -3.3189e-07 -1.38142e-07 6.57988e-10  -1.46347e-07 -5.76945e-08 -1.84206e-09  -2.48513e-07 -9.93234e-08 -1.26933e-09  -1.13896e-07 -5.29022e-08 -3.93846e-09  -9.37555e-08 -4.07781e-08 2.84443e-09  -8.76493e-08 -3.81128e-08 -2.71193e-09  -6.33981e-08 -2.71711e-08 2.02036e-09  -5.26244e-08 -2.25024e-08 -1.62966e-09  -6.54826e-08 -2.80558e-08 8.34084e-13  0 0 0  -7.48189e-08 -3.20406e-08 -2.60572e-10  -1.55256e-08 -6.63718e-09 5.25941e-10  -2.45971e-09 -1.02928e-09 -7.79489e-11  6.56576e-09 2.76544e-09 -2.4344e-10  1.83401e-08 7.83426e-09 3.00012e-10  -0.000593427 -0.000326537 4.83635e-06  -0.000111398 -6.18212e-05 4.48985e-06  -8.47293e-05 -4.70563e-05 -2.79823e-06  -4.2536e-05 -2.36677e-05 1.71048e-06  -3.12525e-05 -1.74082e-05 -9.71849e-07  -2.08289e-05 -1.15981e-05 3.17104e-07  0 0 0  -3.32249e-06 -1.83847e-06 7.09988e-08  9.06285e-07 4.71009e-07 -2.70345e-08  2.9739e-06 1.75025e-06 8.25171e-09  3.51648e-06 2.00664e-06 1.73808e-08  3.48713e-06 2.01335e-06 -1.7164e-08  2.17037e-06 1.40187e-06 6.82261e-08  1.69153e-06 8.51058e-07 3.95074e-09  1.08543e-06 5.31328e-07 4.40013e-09  6.46548e-07 3.1046e-07 1.61451e-09  2.96551e-07 1.41284e-07 1.0891e-10  1.10231e-07 5.24028e-08 -2.85195e-11  -1.03451e-07 -4.94573e-08 -4.35674e-11  -2.5312e-07 -1.20932e-07 -3.88225e-11  -3.59301e-07 -1.71402e-07 -2.54583e-10  -4.02842e-07 -1.92151e-07 -4.87883e-11  -4.28494e-07 -2.04633e-07 2.46652e-12  -4.33588e-07 -2.07116e-07 -2.00752e-10  -4.50528e-07 -2.1515e-07 1.27114e-10  -4.09574e-07 -1.95721e-07 -1.00837e-10  -3.73641e-07 -1.78439e-07 -9.58832e-11  -3.60783e-07 -1.71628e-07 -3.28567e-10  -3.14275e-07 -1.48894e-07 -1.56184e-10  -2.70031e-07 -1.27835e-07 1.38289e-10  -2.40068e-07 -1.14439e-07 2.47077e-10  -1.96274e-07 -9.48413e-08 -2.35366e-10  -3.3985e-07 -1.99782e-07 1.15905e-11  -1.7655e-07 -1.21147e-07 1.71879e-09  -1.66038e-07 -1.09484e-07 2.00398e-09  -1.33341e-07 -8.37391e-08 2.07809e-09  -2.04413e-07 -1.27073e-07 -3.39476e-09  -9.60965e-08 -5.53853e-08 3.12296e-09  -1.04506e-07 -6.03065e-08 -3.47818e-09  -7.57147e-08 -4.19684e-08 2.43367e-09  -9.82887e-08 -5.44431e-08 -3.2158e-09  -8.53951e-08 -4.73146e-08 2.45556e-10  0 0 0  -5.13759e-08 -2.85387e-08 -4.47071e-11  -2.90527e-08 -1.61303e-08 9.75316e-10  -3.46348e-08 -1.91458e-08 -1.17654e-09  -5.34857e-09 -2.92301e-09 2.0616e-10  2.72286e-09 1.54633e-09 7.99227e-11  1.86626e-08 1.03892e-08 -3.30459e-10  -0.000975376 -0.000761864 4.74763e-06  -0.000221813 -0.000170821 9.52158e-07  -0.000152006 -0.000118567 -2.79808e-07  -7.20499e-05 -5.53756e-05 4.06888e-07  -6.33022e-05 -4.81054e-05 -5.09092e-07  -2.02358e-05 -1.735e-05 3.08031e-07  -7.08256e-06 -4.90822e-06 1.23866e-07  -3.28738e-06 -2.8644e-06 1.17381e-07  2.23272e-06 1.65378e-06 1.37813e-08  1.51295e-06 1.23963e-06 6.53663e-08  1.45394e-06 1.08952e-06 -3.78856e-08  1.3949e-06 1.03857e-06 2.94053e-08  2.82223e-06 2.1406e-06 -2.40401e-08  2.39943e-06 1.76835e-06 8.67959e-10  9.44163e-07 6.89329e-07 -3.45263e-09  1.18937e-06 8.62216e-07 4.95428e-10  6.89839e-07 4.97754e-07 3.00091e-10  2.63279e-07 1.89424e-07 2.10401e-11  -1.21026e-07 -8.77867e-08 -2.06626e-11  -3.86269e-07 -2.79193e-07 -1.71066e-10  -6.00323e-07 -4.33409e-07 -9.16528e-11  -7.00291e-07 -5.05161e-07 -5.27384e-11  -7.05103e-07 -5.09044e-07 -1.15497e-10  -7.32462e-07 -5.28912e-07 -1.07439e-10  -7.61451e-07 -5.49801e-07 -2.40919e-10  -7.10977e-07 -5.13341e-07 -9.26317e-12  -6.78479e-07 -4.89518e-07 5.29611e-11  -6.38896e-07 -4.60685e-07 2.45515e-10  -8.67472e-07 -6.23304e-07 -1.32334e-10  -4.80302e-07 -3.44848e-07 -1.30933e-10  -4.40598e-07 -3.16749e-07 -5.51774e-10  -3.826e-07 -2.73709e-07 -3.68813e-10  -1.78938e-07 -1.25093e-07 -1.10248e-09  -1.79853e-07 -1.21547e-07 -1.42265e-09  -1.5283e-07 -9.88987e-08 -1.43044e-09  0 0 0  -1.73331e-07 -1.49525e-07 5.05511e-09  -9.52572e-08 -7.48631e-08 -4.65442e-09  -1.38388e-07 -1.08903e-07 6.94724e-11  -1.36549e-07 -1.06008e-07 2.05616e-10  -1.67795e-07 -1.29396e-07 -8.55345e-11  -2.01599e-07 -1.58492e-07 -2.65086e-09  -6.02155e-08 -4.18509e-08 8.54921e-11  -5.50741e-08 -4.7276e-08 -2.8457e-10  -9.7479e-08 -7.31938e-08 1.01863e-09  -7.0786e-08 -5.57306e-08 -4.67408e-10  -2.81668e-08 -2.20333e-08 1.57625e-10  2.68809e-09 1.58153e-09 -2.25132e-10  2.30454e-08 1.77041e-08 -1.71011e-11  -0.000417277 -0.000440881 5.589e-07  -0.000106237 -0.000111943 -3.73414e-06  -6.36453e-05 -6.7052e-05 2.70793e-06  -4.45122e-05 -4.6853e-05 -1.66574e-06  -3.73217e-05 -3.93044e-05 3.45241e-07  0 0 0  -8.42651e-06 -8.89894e-06 1.38761e-07  -3.26847e-07 -3.27504e-07 2.81275e-08  3.37667e-07 3.62741e-07 1.7012e-08  1.46741e-06 1.37824e-06 -3.96347e-08  2.43544e-06 2.40151e-06 4.03893e-08  2.84528e-06 2.86152e-06 -3.79255e-08  2.3133e-06 2.40464e-06 4.65097e-08  1.76468e-06 1.85775e-06 -7.81437e-09  1.46064e-06 1.51803e-06 -5.76296e-10  9.54858e-07 9.88477e-07 1.04245e-10  5.74393e-07 5.9334e-07 3.19018e-11  2.33661e-07 2.41272e-07 2.05426e-11  -6.81896e-08 -7.0473e-08 7.26809e-11  -3.00775e-07 -3.11012e-07 -1.86811e-10  -4.88389e-07 -5.04881e-07 -1.08472e-10  -5.87504e-07 -6.07278e-07 -4.93328e-11  -5.91186e-07 -6.11179e-07 -1.09361e-10  -6.09935e-07 -6.30509e-07 -9.46893e-11  -6.31992e-07 -6.53393e-07 -2.02791e-10  -6.37536e-07 -6.59024e-07 -3.34175e-11  -6.14602e-07 -6.3526e-07 -1.2714e-11  -5.38353e-07 -5.56056e-07 2.24597e-11  -7.48363e-07 -7.71761e-07 1.35256e-10  -4.29891e-07 -4.42663e-07 -7.43291e-11  -3.84443e-07 -3.95259e-07 8.71241e-11  -3.3218e-07 -3.39371e-07 2.98957e-10  -3.10442e-07 -3.12733e-07 3.84689e-10  -3.39893e-07 -3.3492e-07 4.61163e-10  -1.513e-07 -1.46195e-07 -1.07692e-09  -2.8061e-07 -2.64878e-07 6.69081e-10  -1.00091e-07 -9.16857e-08 -2.12479e-09  -8.24807e-08 -7.19486e-08 9.51863e-10  -6.5203e-08 -6.85884e-08 2.9606e-09  -7.1963e-08 -7.52661e-08 -2.94449e-09  -8.00252e-08 -8.34445e-08 3.21929e-09  -7.63631e-08 -7.9454e-08 -3.03187e-09  -5.54869e-08 -5.82062e-08 1.03614e-09  0 0 0  -6.28648e-08 -6.61476e-08 -2.57017e-10  -2.79786e-08 -2.9467e-08 1.23233e-09  -1.76676e-08 -1.85668e-08 -7.74103e-10  -2.87799e-09 -3.0067e-09 1.28566e-10  6.04392e-09 6.37964e-09 3.25484e-12  -0.000428348 -0.000553275 5.15169e-06  -8.33114e-05 -0.000107519 4.69456e-06  -6.56957e-05 -8.46946e-05 -3.11653e-06  -2.88481e-05 -3.73262e-05 1.64417e-06  -2.17184e-05 -2.81429e-05 -9.78097e-07  -1.54722e-05 -2.00434e-05 3.47019e-07  0 0 0  -2.35492e-06 -3.04734e-06 9.80296e-08  5.18677e-07 6.33801e-07 -1.24444e-08  1.72952e-06 2.25549e-06 1.43794e-08  1.13491e-06 1.58398e-06 2.8634e-08  1.05131e-06 1.52248e-06 1.0334e-08  9.744e-07 1.43884e-06 1.00809e-08  7.1958e-07 1.07067e-06 -2.11205e-09  5.24949e-07 7.76849e-07 2.21844e-10  3.51598e-07 5.20147e-07 3.79512e-10  1.83048e-07 2.70904e-07 2.5451e-10  6.4316e-08 9.52757e-08 5.28751e-11  -4.87868e-08 -7.19782e-08 8.53318e-12  -1.31664e-07 -1.94454e-07 -1.51186e-10  -2.0242e-07 -2.99328e-07 -1.18332e-10  -2.44482e-07 -3.61503e-07 -1.53461e-11  -2.46661e-07 -3.64604e-07 -2.10353e-11  -2.50532e-07 -3.70579e-07 -9.80574e-11  -2.55025e-07 -3.7724e-07 -6.57692e-11  -2.55816e-07 -3.78448e-07 -2.79759e-11  -2.48008e-07 -3.66855e-07 8.58464e-11  -2.08766e-07 -3.08686e-07 4.19802e-11  -1.96264e-07 -2.90084e-07 6.34714e-11  -1.77059e-07 -2.61474e-07 1.2355e-10  -1.41687e-07 -2.08803e-07 1.06521e-10  -1.38127e-07 -2.02748e-07 4.13148e-10  -1.24361e-07 -1.80777e-07 6.87882e-10  -1.23029e-07 -1.7591e-07 9.64075e-10  -1.26786e-07 -1.7768e-07 1.10246e-09  -2.35177e-07 -3.23566e-07 3.78224e-10  -1.8829e-07 -2.49395e-07 1.52805e-09  -1.83105e-07 -2.32834e-07 -1.86612e-09  -9.28757e-08 -1.17707e-07 -4.02369e-09  -6.51367e-08 -8.29694e-08 2.89596e-09  -5.48791e-08 -6.98021e-08 -2.41427e-09  -9.90593e-08 -1.2682e-07 7.9856e-10  0 0 0  -4.53192e-08 -5.84486e-08 -5.35509e-10  -2.13559e-08 -2.75967e-08 9.75686e-10  -2.57992e-08 -3.33118e-08 -1.26981e-09  -1.46739e-08 -1.90331e-08 6.9287e-10  -6.52593e-09 -8.44193e-09 -3.05104e-10  -3.87571e-10 -4.89164e-10 -1.87553e-10  -0.000325184 -0.000518173 -1.09724e-07  -7.92961e-05 -0.000127126 -3.68965e-06  -4.71118e-05 -7.56149e-05 2.6831e-06  -2.83802e-05 -4.54457e-05 -1.27694e-06  -1.5702e-05 -2.5136e-05 8.74085e-07  -9.65324e-06 -1.54568e-05 -4.53877e-07  -4.51522e-06 -7.29446e-06 8.1401e-08  0 0 0  1.05033e-06 1.68346e-06 3.57456e-08  1.98709e-06 3.94494e-06 -1.02447e-08  2.27107e-06 3.98987e-06 9.49688e-09  0 0 0  1.13293e-06 1.65883e-06 -5.12711e-09  9.07596e-07 1.35097e-06 -1.51224e-09  6.59698e-07 9.75861e-07 9.57495e-10  7.61978e-07 1.12582e-06 4.01495e-10  1.4179e-07 2.09421e-07 8.22567e-12  4.63814e-09 6.77902e-09 -4.64873e-11  -8.08144e-08 -1.19628e-07 4.49732e-12  0 0 0  -1.57857e-07 -2.33653e-07 -1.41546e-11  -2.22238e-07 -3.28745e-07 -5.32899e-11  -2.52286e-07 -3.7306e-07 -7.60908e-11  -2.50603e-07 -3.70685e-07 2.77346e-11  -2.51553e-07 -3.7218e-07 -5.5696e-11  -2.5562e-07 -3.78225e-07 -5.22251e-11  -2.49673e-07 -3.69477e-07 -1.78754e-11  -4.26866e-07 -6.31261e-07 -3.03129e-11  -1.8964e-07 -2.80264e-07 -1.75146e-11  -1.5132e-07 -2.23264e-07 -7.77361e-11  -1.3539e-07 -1.99305e-07 -1.75381e-10  -1.30967e-07 -1.91542e-07 -3.43238e-10  0 0 0  -2.06856e-07 -3.63771e-07 -5.20222e-11  -2.05852e-07 -3.53457e-07 -1.80026e-10  -8.01901e-08 -1.69138e-07 7.98247e-10  -8.28173e-08 -1.70125e-07 1.34528e-09  -7.67947e-08 -1.55433e-07 2.15175e-10  -7.15624e-08 -1.12853e-07 2.84922e-09  -7.71156e-08 -1.33431e-07 -4.58416e-10  -7.16985e-08 -1.25056e-07 3.62799e-10  -7.73647e-08 -1.36694e-07 -1.59149e-09  -3.99933e-08 -6.35261e-08 5.55977e-10  -2.10601e-08 -4.24354e-08 3.74101e-11  -2.53552e-08 -4.05806e-08 -2.86649e-10  -2.06924e-08 -3.3219e-08 1.16539e-09  -8.59984e-09 -1.37693e-08 -4.70998e-10  -7.05409e-09 -1.12958e-08 4.00381e-10  -2.29518e-09 -3.64837e-09 -2.41356e-10  -0.00053149 -0.00122368 5.41356e-06  -0.000105748 -0.000248773 9.53781e-07  -6.67768e-05 -0.000154187 -1.11751e-07  -4.13782e-05 -9.82717e-05 1.71824e-08  -3.08656e-05 -7.30153e-05 -5.47259e-07  -1.08679e-05 -2.20339e-05 2.8022e-07  -3.90411e-06 -1.06589e-05 1.72351e-07  -1.48282e-06 -3.03902e-06 1.16204e-07  7.75329e-07 2.23325e-06 7.73415e-08  0 0 0  1.38169e-06 2.90632e-06 -7.47807e-10  1.9481e-06 4.2328e-06 5.117e-09  1.54096e-06 3.40681e-06 1.68602e-09  1.11098e-06 2.47193e-06 4.39687e-10  7.64936e-07 1.70498e-06 5.86718e-10  4.65877e-07 1.03739e-06 5.25134e-10  2.5101e-07 5.59507e-07 1.62203e-10  3.44599e-08 7.60385e-08 -8.75362e-11  -1.32178e-07 -2.95533e-07 2.5988e-11  -2.23916e-07 -5.00434e-07 -1.45382e-10  -3.14263e-07 -7.02583e-07 -1.73608e-10  -3.74352e-07 -8.36418e-07 -5.65382e-11  -3.74126e-07 -8.35453e-07 -1.24648e-11  -3.62335e-07 -8.09203e-07 -7.00095e-11  -3.54242e-07 -7.9122e-07 -8.37575e-11  -3.44973e-07 -7.70651e-07 -6.30061e-11  -3.16489e-07 -7.07018e-07 1.35982e-11  -2.90963e-07 -6.50005e-07 5.05705e-11  -2.56362e-07 -5.7238e-07 6.21419e-11  -2.28445e-07 -5.09672e-07 4.65449e-11  -2.02047e-07 -4.49766e-07 6.86397e-11  -9.48181e-08 -2.1041e-07 -1.79778e-10  -1.79306e-07 -3.9583e-07 5.40555e-11  -8.15413e-08 -1.7716e-07 -4.66253e-10  -8.19374e-08 -1.74764e-07 -5.15442e-10  -7.87696e-08 -1.6417e-07 -5.70283e-10  -7.95575e-08 -1.61391e-07 -1.01963e-10  -6.4961e-08 -1.34327e-07 1.80698e-09  -8.90089e-08 -1.98913e-07 -3.12573e-09  -1.8602e-08 -4.67778e-08 -1.08519e-09  -1.71639e-08 -4.45154e-08 1.39448e-09  -2.02779e-08 -5.24706e-08 -1.53235e-09  -2.04624e-08 -5.28463e-08 2.46823e-10  0 0 0  -3.73411e-08 -8.9783e-08 7.21039e-10  -3.17608e-08 -7.42092e-08 5.29305e-11  -1.69531e-08 -4.03383e-08 -2.35146e-10  -1.17088e-08 -2.73593e-08 -5.33326e-11  -5.22562e-10 7.55487e-10 -1.69984e-11  -0.0001691 -0.000663935 4.72106e-06  -3.22385e-05 -0.000124084 4.50533e-06  -2.44708e-05 -9.39217e-05 -2.78345e-06  -1.32161e-05 -5.06126e-05 1.67723e-06  -8.14244e-06 -3.09545e-05 -8.2413e-07  -5.83857e-06 -2.23398e-05 2.0266e-07  0 0 0  -4.17938e-07 -1.60578e-06 9.24609e-08  0 0 0  1.2693e-06 4.94161e-06 7.35853e-10  1.58656e-06 5.9192e-06 1.16766e-08  1.13661e-06 4.33362e-06 9.3925e-09  9.11657e-07 3.52882e-06 3.54132e-09  6.78374e-07 2.66431e-06 2.1199e-09  4.28173e-07 1.69058e-06 1.36754e-09  2.78503e-07 1.10117e-06 7.31819e-10  1.36214e-07 5.38893e-07 3.0925e-10  2.88192e-08 1.13983e-07 -2.15879e-10  -9.47814e-08 -3.74525e-07 2.43816e-11  -1.32679e-07 -5.24822e-07 -1.1254e-10  -1.81172e-07 -7.16324e-07 -9.06048e-11  -2.1693e-07 -8.5774e-07 -9.31022e-11  -2.26435e-07 -8.9533e-07 -7.57822e-11  -2.18368e-07 -8.63344e-07 -8.39406e-12  -2.11431e-07 -8.3582e-07 -6.26241e-11  -2.02877e-07 -8.0203e-07 -1.47128e-11  -1.86627e-07 -7.37927e-07 -5.42612e-11  -1.74222e-07 -6.88624e-07 4.57487e-11  -1.56109e-07 -6.16947e-07 -1.30729e-11  -1.39473e-07 -5.50715e-07 2.74916e-11  -1.32105e-07 -5.20753e-07 8.80068e-12  -5.92735e-08 -2.33247e-07 1.84631e-10  -1.05524e-07 -4.12845e-07 1.76766e-10  -1.03146e-07 -3.98781e-07 1.86216e-10  -9.92308e-08 -3.76633e-07 1.54489e-10  -9.89894e-08 -3.67451e-07 2.52782e-10  -9.71821e-08 -3.54276e-07 6.14079e-11  -6.77594e-08 -2.51592e-07 -6.04986e-10  -4.54679e-08 -1.86709e-07 -8.77371e-10  -1.36323e-08 -5.221e-08 2.00923e-09  -1.52771e-08 -5.67051e-08 -1.98659e-09  -2.3817e-08 -8.31134e-08 1.73777e-10  0 0 0  -2.65954e-08 -9.62191e-08 5.28244e-11  -7.55549e-09 -2.90264e-08 7.72011e-10  -8.255e-09 -3.19385e-08 -9.61606e-10  -4.15562e-09 -1.62044e-08 5.31649e-10  1.42973e-10 5.20557e-10 -1.22778e-11  4.34207e-09 1.65528e-08 8.60798e-11  -9.11258e-05 -0.000588218 5.63477e-07  -2.28198e-05 -0.000148866 -3.63576e-06  -1.33112e-05 -8.60449e-05 2.57349e-06  -9.50475e-06 -6.08038e-05 -1.58095e-06  -7.01922e-06 -4.44958e-05 3.57411e-07  0 0 0  -2.08166e-06 -1.35679e-05 1.26952e-07  7.34604e-08 7.05337e-07 4.42714e-09  3.30078e-07 3.46597e-06 5.10611e-08  1.52169e-07 2.00145e-06 -1.41489e-08  1.93676e-07 2.33617e-06 7.3275e-09  1.64101e-07 2.01895e-06 6.86625e-09  1.3357e-07 1.70511e-06 4.206e-09  1.06307e-07 1.3926e-06 6.61752e-10  6.10326e-08 8.12991e-07 5.18562e-10  3.9868e-08 5.30955e-07 2.69093e-10  1.42159e-08 1.9072e-07 1.79596e-10  3.14083e-09 4.17822e-08 -1.15174e-10  -1.64098e-08 -2.19904e-07 8.30501e-11  -2.09964e-08 -2.79866e-07 -1.03739e-10  -2.79457e-08 -3.73906e-07 -2.83141e-11  -3.26851e-08 -4.37561e-07 -3.72434e-11  -3.3172e-08 -4.43328e-07 -2.78097e-11  -3.29075e-08 -4.40283e-07 6.99896e-12  -3.30199e-08 -4.41459e-07 -4.85021e-11  -3.0046e-08 -4.01846e-07 1.06059e-11  -2.7613e-08 -3.69965e-07 1.74387e-11  -2.64543e-08 -3.53895e-07 -1.60121e-11  -2.46207e-08 -3.28785e-07 -2.4563e-11  -2.25092e-08 -3.00237e-07 9.74143e-12  -2.05884e-08 -2.74039e-07 6.93765e-11  0 0 0  -1.80085e-08 -2.37722e-07 1.32067e-10  -1.56279e-08 -2.0322e-07 2.26351e-10  -1.40088e-08 -1.76293e-07 2.82745e-10  -1.49106e-08 -1.80097e-07 3.33823e-10  -1.41599e-08 -1.66338e-07 2.09672e-10  -1.1117e-08 -1.34571e-07 -4.262e-10  -6.15692e-09 -8.73862e-08 -8.30115e-10  -2.40364e-08 -1.92405e-07 2.09847e-10  -1.23404e-08 -6.97918e-08 1.55327e-09  -1.82322e-08 -1.29101e-07 -6.85441e-10  -1.61835e-08 -1.02363e-07 -1.14095e-09  -8.89393e-09 -1.09784e-07 -1.24889e-10  -1.31258e-08 -7.91943e-08 7.52639e-10  -1.60374e-09 -1.08952e-08 3.45073e-10  -2.92121e-09 -1.93009e-08 -5.84222e-10  7.34858e-10 4.62682e-09 -1.14363e-10  2.75254e-09 1.76208e-08 -2.96982e-11  0.000104451 -0.000669956 4.86147e-06  1.82966e-05 -0.000120912 4.29382e-06  1.39027e-05 -9.13522e-05 -2.61289e-06  6.82731e-06 -4.70375e-05 1.57216e-06  5.52461e-06 -3.83171e-05 -1.07843e-06  3.94309e-06 -2.76688e-05 2.33723e-07  0 0 0  7.92312e-07 -7.1696e-06 8.0538e-08  -1.21704e-07 1.37412e-06 1.22418e-08  -2.23548e-07 2.38277e-06 3.94591e-09  -2.18912e-07 2.32955e-06 5.77157e-10  -1.88357e-07 1.99284e-06 1.99842e-09  -3.41881e-07 3.56992e-06 3.05085e-09  -2.59803e-07 2.65344e-06 2.39201e-09  -1.85146e-07 1.88774e-06 6.73449e-10  -1.1216e-07 1.13825e-06 5.89461e-10  -5.90564e-08 5.99719e-07 1.84915e-10  -1.01131e-08 1.05438e-07 -1.71161e-11  2.78398e-08 -2.78697e-07 -8.62183e-11  5.11999e-08 -5.15023e-07 -3.41474e-11  6.64444e-08 -6.69964e-07 -1.23602e-10  7.78401e-08 -7.85752e-07 -1.34795e-10  8.53027e-08 -8.60905e-07 -9.67119e-11  8.7382e-08 -8.83524e-07 -6.36528e-11  8.78981e-08 -8.88231e-07 -2.2407e-11  8.1155e-08 -8.19396e-07 1.06319e-11  7.32868e-08 -7.40467e-07 -4.13554e-11  6.93934e-08 -7.01777e-07 -9.77162e-11  6.74814e-08 -6.81777e-07 -4.91168e-11  6.52863e-08 -6.60299e-07 -7.33019e-12  5.57909e-08 -5.64119e-07 1.10119e-10  2.48964e-08 -2.52052e-07 5.72906e-11  4.366e-08 -4.43581e-07 8.40088e-11  3.60943e-08 -3.69482e-07 1.44177e-10  3.11639e-08 -3.23925e-07 5.89461e-12  1.67483e-08 -1.76318e-07 -1.10273e-10  1.4338e-08 -1.52207e-07 7.84783e-11  2.30404e-08 -2.36286e-07 -1.55166e-10  2.0311e-08 -1.88689e-07 -1.04794e-10  2.28375e-08 -1.78867e-07 -1.54493e-10  3.13115e-08 -1.81739e-07 -3.02305e-10  1.27568e-08 -9.1658e-08 -1.62515e-10  1.4141e-08 -1.03888e-07 -3.97486e-10  1.14916e-08 -1.11302e-07 -9.65377e-11  4.86919e-09 -3.37764e-08 1.06712e-09  1.72297e-09 -1.2441e-08 -3.81007e-10  1.1904e-09 -7.55727e-09 2.65221e-10  -2.28316e-09 1.51504e-08 3.88987e-10  -4.4296e-09 2.89689e-08 -1.2655e-10  0.000147024 -0.000575924 -6.34172e-07  3.38964e-05 -0.000132731 -3.13867e-06  2.00007e-05 -7.92014e-05 2.38138e-06  1.41451e-05 -5.60867e-05 -1.51388e-06  1.08875e-05 -4.54908e-05 2.88616e-07  4.07358e-06 -1.20553e-05 3.27167e-07  5.56364e-06 -1.9545e-05 3.38634e-07  1.8121e-06 -6.47727e-06 -1.75824e-08  2.05e-07 -7.32055e-07 1.90704e-08  -1.58605e-06 5.74282e-06 1.49785e-08  -1.31252e-06 4.78737e-06 9.77342e-09  -1.16495e-06 4.22189e-06 4.1012e-09  -9.53866e-07 3.44757e-06 4.36388e-09  -7.46496e-07 2.68633e-06 1.35754e-09  -5.20001e-07 1.86754e-06 7.43397e-10  -3.35942e-07 1.20489e-06 2.54157e-10  -1.49359e-07 5.35905e-07 1.20975e-10  -3.54201e-08 1.26404e-07 8.08413e-11  4.92654e-08 -1.775e-07 -1.00464e-10  1.46769e-07 -5.26669e-07 -6.28373e-11  1.83164e-07 -6.57348e-07 -1.37621e-10  2.18074e-07 -7.82669e-07 -1.00601e-10  2.3642e-07 -8.48648e-07 -1.34225e-10  2.45523e-07 -8.81122e-07 -1.04515e-10  2.34667e-07 -8.42014e-07 -5.92381e-11  2.21118e-07 -7.93534e-07 -5.79512e-13  2.02954e-07 -7.2835e-07 -6.58606e-11  1.94341e-07 -6.97422e-07 -2.52801e-11  1.82549e-07 -6.55157e-07 -8.73726e-11  1.73068e-07 -6.20935e-07 -2.85117e-11  1.52595e-07 -5.47441e-07 2.34155e-10  1.24187e-07 -4.45667e-07 4.62464e-11  5.40442e-08 -1.94033e-07 2.96055e-11  9.90067e-08 -3.56055e-07 5.30501e-11  1.34835e-07 -4.86108e-07 -2.85732e-11  9.8274e-08 -3.54879e-07 1.83513e-11  7.46739e-08 -2.68634e-07 1.98113e-11  6.04652e-08 -2.13314e-07 -1.69728e-10  4.89421e-08 -1.64735e-07 -3.1569e-10  2.26886e-08 -6.85556e-08 -1.19881e-09  0 0 0  4.7253e-08 -1.80382e-07 1.48549e-11  2.43729e-08 -8.8625e-08 1.93597e-10  4.16152e-08 -1.54538e-07 1.11065e-09  1.14406e-08 -5.13569e-08 -1.24123e-09  4.2545e-09 -1.66422e-08 4.92112e-10  5.42294e-10 -1.89124e-09 -6.40531e-11  -3.74896e-09 1.47225e-08 -5.14397e-10  -4.91933e-09 1.91996e-08 2.35982e-10  0.000494494 -0.00117574 3.24809e-06  0.000112801 -0.000261905 2.89751e-07  6.51595e-05 -0.000156425 -7.96393e-08  4.25061e-05 -9.99902e-05 2.00091e-07  2.73898e-05 -6.61555e-05 -4.76778e-07  7.68742e-06 -1.85523e-05 3.02368e-08  3.03301e-06 -6.24141e-06 6.20537e-08  4.54991e-07 -9.62701e-07 6.39048e-09  -3.70057e-07 7.70604e-07 1.68763e-09  -9.57898e-07 2.01126e-06 2.50522e-09  -1.20822e-06 2.53629e-06 2.91628e-09  -9.59894e-07 2.0131e-06 2.70243e-09  -8.38154e-07 1.75894e-06 3.4744e-09  -7.17783e-07 1.50368e-06 2.71148e-10  -4.89076e-07 1.02452e-06 3.22845e-10  -3.12219e-07 6.54637e-07 2.71191e-10  -1.60542e-07 3.35849e-07 1.25782e-10  -5.75512e-08 1.20304e-07 6.78022e-11  1.53721e-08 -3.23224e-08 -4.29024e-11  1.09786e-07 -2.30514e-07 -7.70148e-11  1.44854e-07 -3.03793e-07 3.69021e-11  1.75868e-07 -3.68967e-07 -2.59353e-11  1.93858e-07 -4.06687e-07 -2.09328e-11  2.05237e-07 -4.3045e-07 -6.28442e-11  1.92737e-07 -4.04306e-07 2.32371e-11  1.80087e-07 -3.77716e-07 2.07205e-11  1.60954e-07 -3.37603e-07 -2.69054e-11  1.62756e-07 -3.41368e-07 -8.49212e-11  1.51469e-07 -3.1769e-07 -5.86899e-11  1.3958e-07 -2.92667e-07 -1.51236e-11  1.28896e-07 -2.70216e-07 8.56766e-11  1.0151e-07 -2.12902e-07 3.76904e-11  9.03233e-08 -1.89446e-07 4.2161e-11  8.04588e-08 -1.68843e-07 -2.1309e-11  7.32382e-08 -1.53712e-07 7.10401e-12  7.10757e-08 -1.49033e-07 -3.49853e-11  6.62055e-08 -1.3861e-07 -2.85376e-11  4.55467e-08 -9.4641e-08 -2.23212e-10  4.00245e-08 -8.14276e-08 -5.6826e-10  5.56644e-08 -1.3407e-07 -2.41266e-11  4.75595e-08 -1.26186e-07 2.71139e-10  2.05183e-08 -5.63631e-08 -3.52537e-10  2.6132e-08 -6.29944e-08 1.22613e-11  1.1639e-08 -2.62358e-08 6.34816e-10  2.76566e-08 -7.05826e-08 4.02798e-10  1.52038e-08 -3.75949e-08 -1.48752e-10  -1.13346e-09 3.7147e-09 -1.83798e-10  -1.78494e-08 4.14165e-08 -2.32867e-10  -2.07203e-08 4.95163e-08 -2.80657e-10  0.000319677 -0.00051211 4.46275e-06  7.44573e-05 -0.00012209 4.43485e-06  4.85636e-05 -7.99309e-05 -2.27809e-06  3.29081e-05 -5.28036e-05 2.31467e-06  2.01248e-05 -3.16819e-05 -1.15098e-06  5.57241e-06 -1.09791e-05 1.49128e-07  5.32061e-06 -1.07272e-05 -2.95024e-08  1.32812e-06 -2.77512e-06 2.48637e-08  1.99668e-08 -5.64805e-08 1.8406e-08  -6.83788e-07 1.42672e-06 1.29603e-08  -3.3576e-06 6.17373e-06 2.11738e-08  -3.21264e-06 5.10531e-06 5.68783e-09  -7.87248e-07 1.64849e-06 1.32251e-09  -5.47491e-07 1.1474e-06 1.29782e-09  -3.50551e-07 7.34686e-07 5.58314e-10  -2.54766e-07 5.33918e-07 -5.72904e-11  -1.02786e-07 2.15245e-07 -1.1508e-12  -1.17561e-09 2.54811e-09 1.00821e-10  7.28125e-08 -1.52635e-07 -4.98367e-11  1.35255e-07 -2.83508e-07 -5.40434e-11  1.64804e-07 -3.45659e-07 -2.66181e-11  1.91975e-07 -4.02506e-07 -7.64062e-11  2.03429e-07 -4.26538e-07 -6.81941e-11  2.06479e-07 -4.33086e-07 -9.39818e-12  1.8387e-07 -3.85548e-07 1.42489e-11  1.75492e-07 -3.67925e-07 2.74854e-11  1.64053e-07 -3.43962e-07 -7.06666e-11  1.58624e-07 -3.32596e-07 5.52777e-12  1.53756e-07 -3.22409e-07 -3.95266e-11  1.37614e-07 -2.88406e-07 -5.04438e-11  1.16893e-07 -2.45024e-07 6.45178e-11  9.67442e-08 -2.0292e-07 1.75395e-11  7.95077e-08 -1.6676e-07 -7.40564e-12  7.94329e-08 -1.66705e-07 -1.95909e-11  7.0915e-08 -1.48745e-07 -1.91856e-11  7.22489e-08 -1.51511e-07 9.09942e-11  5.0642e-08 -1.05788e-07 1.86454e-10  4.36361e-08 -8.99363e-08 3.88413e-10  3.68538e-08 -7.35012e-08 5.85329e-10  3.95906e-08 -7.46468e-08 8.84807e-10  5.69888e-08 -1.02181e-07 -1.08847e-09  7.07127e-08 -1.28741e-07 6.898e-10  1.79584e-08 -3.38116e-08 -2.67964e-10  4.36894e-08 -7.41624e-08 1.60055e-11  3.16052e-08 -5.06033e-08 1.64934e-09  2.83463e-08 -4.58767e-08 -1.72615e-09  -8.58173e-09 1.4059e-08 -3.38892e-10  -1.55404e-08 2.53267e-08 7.05741e-10  -1.08272e-08 1.73283e-08 -1.69596e-10  0.00034999 -0.000455372 -2.65313e-06  9.63188e-05 -0.000127612 -3.83219e-06  4.72915e-05 -6.26722e-05 2.20849e-06  4.03918e-05 -5.39703e-05 -1.16553e-06  1.67423e-05 -2.4024e-05 4.0159e-07  2.0423e-05 -2.83734e-05 -1.00233e-07  9.41869e-06 -1.29585e-05 9.12389e-08  2.51078e-06 -3.47545e-06 3.76547e-08  -3.45417e-07 5.00211e-07 1.89278e-08  -1.99089e-06 2.80774e-06 1.40501e-08  -1.34797e-06 1.90173e-06 1.28918e-09  -1.12949e-06 1.58789e-06 3.61222e-09  -1.96159e-06 2.7617e-06 3.00675e-09  -1.46099e-06 2.05635e-06 1.66712e-09  -1.05928e-06 1.49143e-06 1.42084e-09  -7.31816e-07 1.02984e-06 3.05289e-10  -3.32317e-07 4.6775e-07 7.3174e-11  -1.60478e-08 2.3256e-08 5.32153e-11  1.82179e-07 -2.55648e-07 -1.28207e-10  3.40129e-07 -4.77952e-07 -1.90183e-10  4.25636e-07 -5.98252e-07 -9.91147e-11  4.8827e-07 -6.86296e-07 -8.10292e-11  5.34256e-07 -7.50993e-07 -1.98829e-10  5.47653e-07 -7.69798e-07 -1.46301e-10  4.94344e-07 -6.95035e-07 1.57708e-11  2.24592e-07 -3.15719e-07 -1.01832e-10  6.38143e-07 -8.97173e-07 -9.51996e-13  4.39916e-07 -6.18468e-07 -9.51407e-11  4.04868e-07 -5.69013e-07 -5.07029e-11  3.43773e-07 -4.83163e-07 9.07302e-11  3.06444e-07 -4.30658e-07 -1.82786e-11  2.95744e-07 -4.15844e-07 2.20249e-11  2.46435e-07 -3.46508e-07 1.09897e-10  2.15857e-07 -3.03413e-07 -2.74649e-11  1.80948e-07 -2.54295e-07 -2.31923e-11  1.71686e-07 -2.41057e-07 -5.26934e-11  1.47404e-07 -2.06573e-07 -8.25866e-11  1.2183e-07 -1.69527e-07 -3.45354e-11  9.97264e-08 -1.36418e-07 -3.90559e-10  1.20994e-07 -1.60785e-07 -5.75017e-10  1.06837e-07 -1.38216e-07 1.50078e-10  5.92654e-08 -7.65991e-08 1.44241e-10  2.73392e-08 -3.63104e-08 1.44356e-10  1.53071e-08 -2.10519e-08 -2.12997e-10  3.58702e-08 -5.22299e-08 -6.81599e-10  -2.37729e-09 3.08707e-09 -7.87849e-11  1.91436e-09 -2.56273e-09 -3.25877e-11  -1.56921e-08 2.05243e-08 -8.1121e-10  -1.06565e-08 1.38391e-08 1.58963e-11  0.000425341 -0.000455698 4.82997e-06  0.00020411 -0.000198692 4.12978e-07  0.000127154 -0.000130551 -1.30622e-06  8.45332e-05 -8.14186e-05 1.40948e-06  5.29319e-05 -5.37103e-05 -3.9415e-07  2.50041e-05 -2.47133e-05 6.78648e-08  9.85094e-06 -9.63562e-06 6.5373e-08  3.38316e-06 -3.34271e-06 3.58987e-08  -2.51833e-07 2.33991e-07 2.11946e-08  -2.38589e-06 2.34568e-06 1.55454e-08  -3.36418e-06 3.31035e-06 7.37377e-09  -3.00365e-06 2.97061e-06 7.87119e-09  -2.69883e-06 2.66693e-06 3.83596e-09  -2.06898e-06 2.04353e-06 1.93399e-09  -2.13552e-06 2.10911e-06 1.39864e-09  -8.70797e-07 8.60183e-07 3.36036e-10  -2.6986e-07 2.66638e-07 2.79652e-12  -1.14001e-07 1.12952e-07 1.52812e-10  2.57754e-07 -2.54325e-07 -1.85285e-10  4.16375e-07 -4.1125e-07 -2.76829e-10  5.38847e-07 -5.32272e-07 -1.06004e-10  6.03367e-07 -5.96039e-07 -1.19523e-10  6.52139e-07 -6.44209e-07 -1.98155e-10  6.72369e-07 -6.64155e-07 -1.55823e-10  3.21248e-07 -3.17371e-07 2.33137e-11  5.92348e-07 -5.8532e-07 -2.76386e-11  5.46321e-07 -5.39873e-07 3.97663e-11  8.1326e-07 -8.03484e-07 -1.20352e-10  4.87671e-07 -4.81763e-07 -8.78293e-11  4.1168e-07 -4.06668e-07 2.04418e-10  3.55961e-07 -3.51528e-07 -2.45756e-11  3.55651e-07 -3.5126e-07 1.76992e-11  2.94626e-07 -2.90935e-07 1.39085e-10  2.5966e-07 -2.56421e-07 -3.42029e-11  2.17884e-07 -2.15147e-07 -3.29075e-12  2.08632e-07 -2.05923e-07 -5.68766e-11  1.87922e-07 -1.85167e-07 2.08939e-11  1.45467e-07 -1.42627e-07 1.29675e-11  1.29098e-07 -1.25171e-07 -1.53581e-10  1.61906e-07 -1.54333e-07 -4.39145e-10  1.21629e-07 -1.14724e-07 -1.51414e-10  8.25035e-08 -7.81288e-08 9.59271e-11  4.14139e-08 -4.0129e-08 9.38025e-12  6.59006e-08 -6.5562e-08 6.06166e-11  9.76719e-08 -9.98294e-08 1.17992e-09  6.43241e-08 -6.29289e-08 -1.2859e-09  -8.72467e-09 1.00923e-08 -5.93856e-10  -1.1588e-08 1.24335e-08 4.60171e-10  -1.33947e-08 1.41772e-08 -3.37628e-10  0.000936502 -0.000730006 2.42947e-06  0.000119261 -8.90559e-05 4.631e-06  7.88945e-05 -5.79192e-05 -3.15144e-06  4.25093e-05 -2.85052e-05 9.535e-07  3.0312e-05 -2.10081e-05 2.53869e-07  1.88621e-05 -1.319e-05 -5.07149e-08  7.15713e-06 -4.96187e-06 -4.6182e-09  3.33191e-06 -2.28713e-06 1.04991e-08  8.87777e-07 -6.09872e-07 6.43191e-09  -1.37796e-06 9.63218e-07 8.55118e-09  -1.18883e-06 8.256e-07 6.0216e-09  -1.76239e-06 1.21795e-06 2.89384e-09  -1.61954e-06 1.11957e-06 1.99058e-09  -1.20699e-06 8.34946e-07 8.06053e-10  -9.63146e-07 6.676e-07 9.85656e-10  -7.48099e-07 5.18573e-07 -1.02052e-10  -4.23588e-07 2.93507e-07 2.16321e-10  -1.06636e-07 7.36813e-08 1.40515e-10  1.76694e-07 -1.22625e-07 -1.48575e-10  2.52075e-07 -1.7478e-07 -9.25882e-11  3.18285e-07 -2.20709e-07 -7.88861e-12  3.56928e-07 -2.47525e-07 -5.27171e-11  3.74065e-07 -2.59337e-07 -4.70166e-11  3.73385e-07 -2.58876e-07 -3.09456e-11  0 0 0  3.69255e-07 -2.56018e-07 -3.65536e-12  3.49813e-07 -2.42576e-07 2.28538e-11  3.05839e-07 -2.12052e-07 7.30763e-12  2.87813e-07 -1.99537e-07 -2.50868e-11  5.04175e-07 -3.49464e-07 5.73446e-11  2.05697e-07 -1.42563e-07 -1.74318e-11  1.97379e-07 -1.36794e-07 -1.54871e-11  1.52602e-07 -1.05783e-07 1.58182e-11  1.2483e-07 -8.6539e-08 1.75382e-11  1.16579e-07 -8.08114e-08 -5.88552e-11  1.22086e-07 -8.45523e-08 -7.11129e-11  1.16439e-07 -8.05153e-08 -8.09072e-11  9.16809e-08 -6.3129e-08 -1.69288e-10  7.2938e-08 -4.98015e-08 -2.19289e-10  7.13274e-08 -4.8297e-08 -1.1733e-10  5.97658e-08 -4.04234e-08 4.86492e-11  3.82165e-08 -2.60739e-08 1.24471e-10  3.88884e-08 -2.68706e-08 1.19305e-10  4.92064e-08 -3.43753e-08 2.52934e-10  4.23616e-08 -2.94398e-08 -2.98204e-10  2.89456e-08 -1.9422e-08 -4.69476e-10  -2.33593e-09 1.66143e-09 -4.93579e-11  -1.47806e-08 1.19017e-08 -1.77885e-10  -1.75139e-08 1.35142e-08 -7.57251e-11  0.000547311 -0.000302918 1.92119e-06  0.000161219 -8.79487e-05 -5.4969e-06  0.00012772 -7.08769e-05 2.43237e-07  8.63403e-05 -4.91782e-05 1.20426e-07  4.72593e-05 -2.74285e-05 9.05653e-08  2.57926e-05 -1.45329e-05 9.17088e-08  1.12886e-05 -6.34472e-06 5.55667e-08  4.95217e-06 -2.78985e-06 3.63137e-08  -1.72778e-06 1.00405e-06 3.53509e-08  -3.01064e-06 1.72638e-06 -1.3911e-09  -2.90444e-06 1.67861e-06 4.55729e-09  -3.36668e-06 1.93602e-06 4.96392e-09  -2.85189e-06 1.61852e-06 2.12565e-09  -2.0953e-06 1.19711e-06 2.6726e-09  -1.80763e-06 1.03453e-06 4.59506e-10  -1.08743e-06 6.21211e-07 1.02642e-09  -6.69172e-07 3.83892e-07 1.35343e-10  -6.3844e-08 3.72005e-08 9.11314e-11  1.83455e-07 -1.04806e-07 -2.06952e-10  4.70513e-07 -2.68367e-07 -2.5124e-10  6.20585e-07 -3.53943e-07 -8.55122e-11  7.17926e-07 -4.11156e-07 6.1472e-11  7.43337e-07 -4.25463e-07 -1.721e-10  7.93576e-07 -4.549e-07 1.07571e-11  7.821e-07 -4.47948e-07 -4.44993e-11  7.50592e-07 -4.29672e-07 1.38769e-10  7.19663e-07 -4.11947e-07 -2.58722e-11  6.23758e-07 -3.56117e-07 -2.82234e-11  6.08956e-07 -3.48352e-07 2.14564e-11  5.51561e-07 -3.15819e-07 1.24383e-11  4.46757e-07 -2.54546e-07 2.99101e-11  4.19332e-07 -2.40545e-07 -3.72608e-11  3.63995e-07 -2.10629e-07 7.21487e-11  2.82095e-07 -1.61625e-07 2.35038e-11  2.30372e-07 -1.32651e-07 -2.53093e-11  2.49133e-07 -1.42105e-07 -5.52135e-11  2.37053e-07 -1.3694e-07 -1.80316e-11  2.00505e-07 -1.15292e-07 2.39601e-11  1.56869e-07 -8.67355e-08 1.26271e-11  6.95117e-08 -4.72733e-08 9.25753e-11  6.11186e-08 -4.12545e-08 4.1512e-11  4.27362e-08 -2.89996e-08 -3.89238e-11  7.82846e-08 -4.40803e-08 3.07182e-11  9.80646e-08 -5.54223e-08 -3.20076e-11  8.12622e-08 -4.74034e-08 -5.29428e-12  3.79518e-08 -2.6015e-08 2.3346e-10  1.99513e-08 -1.05346e-08 1.52207e-10  -7.52361e-09 4.06587e-09 5.62087e-11  -3.93944e-09 2.18724e-09 -1.88802e-10  0.000609996 -0.000275709 4.26648e-06  0.000145768 -7.09585e-05 2.52209e-06  0 0 0  6.03086e-05 -2.78605e-05 4.73126e-07  3.47084e-05 -1.60913e-05 8.62899e-08  2.14167e-05 -9.95259e-06 5.81752e-09  9.94896e-06 -4.6082e-06 4.53488e-08  4.77878e-06 -2.21043e-06 4.09457e-09  1.29488e-06 -5.98624e-07 4.59799e-09  -1.22651e-06 5.56695e-07 9.83665e-09  -1.53153e-06 7.09466e-07 4.37738e-09  -1.5422e-06 7.13447e-07 2.21964e-09  -1.67411e-06 7.73691e-07 3.28772e-09  -1.3158e-06 6.08197e-07 1.26753e-09  -1.01835e-06 4.7033e-07 8.29435e-10  -7.59196e-07 3.5101e-07 4.6259e-10  -4.47904e-07 2.07e-07 2.16026e-10  -1.79451e-07 8.3009e-08 1.33719e-10  2.5716e-07 -1.18653e-07 -1.16347e-10  3.17166e-07 -1.46559e-07 -1.03255e-10  3.52882e-07 -1.63073e-07 1.64984e-11  3.77916e-07 -1.74573e-07 -2.58864e-11  4.02313e-07 -1.8588e-07 -6.52351e-11  4.07574e-07 -1.88288e-07 -4.77529e-11  0 0 0  4.03856e-07 -1.86609e-07 -2.43919e-11  3.88802e-07 -1.79732e-07 3.01556e-12  3.60806e-07 -1.66794e-07 2.98491e-11  3.32418e-07 -1.53643e-07 -2.90282e-11  3.09402e-07 -1.43032e-07 3.05768e-11  4.71308e-07 -2.17843e-07 -5.54938e-12  2.10045e-07 -9.7076e-08 2.33525e-11  1.66005e-07 -7.67002e-08 3.86818e-11  1.29748e-07 -5.9982e-08 1.71508e-11  1.29897e-07 -6.00483e-08 -2.81923e-11  1.26413e-07 -5.83805e-08 -3.62586e-12  1.11662e-07 -5.1538e-08 1.67604e-11  9.74837e-08 -4.48719e-08 4.65117e-11  6.31913e-08 -2.89861e-08 5.90487e-11  1.22626e-07 -5.60175e-08 -4.81622e-11  9.82756e-08 -4.48721e-08 2.29597e-11  9.66478e-08 -4.43159e-08 1.24253e-12  5.82901e-08 -2.69274e-08 -4.0779e-11  3.81831e-08 -1.76985e-08 6.18045e-11  3.63398e-08 -1.67026e-08 6.73014e-11  5.34459e-08 -2.43885e-08 -1.64754e-10  1.10846e-08 -5.36394e-09 -8.9258e-11  0 0 0  -8.06261e-09 3.50887e-09 -2.57456e-10  0.000976551 -0.000282997 1.272e-06  0.000330855 -9.66703e-05 -9.70478e-07  7.86659e-05 -2.18499e-05 8.00587e-07  0.000114675 -3.08673e-05 1.53042e-07  7.38204e-05 -1.95907e-05 1.21751e-07  3.6071e-05 -9.55237e-06 9.39246e-08  1.62718e-05 -4.2845e-06 5.21442e-08  6.06955e-06 -1.59337e-06 3.60579e-08  -3.9894e-07 1.20889e-07 2.68663e-08  -3.04383e-06 8.21021e-07 1.68977e-08  -3.85957e-06 1.03377e-06 9.9457e-09  -4.03024e-06 1.0762e-06 7.27274e-09  -3.5711e-06 9.5046e-07 5.27945e-09  -2.85794e-06 7.61142e-07 1.49513e-09  -2.03639e-06 5.41721e-07 1.79499e-09  -1.41447e-06 3.76418e-07 9.26728e-10  -7.41698e-07 1.97322e-07 5.84978e-10  -2.02519e-07 5.35744e-08 3.37071e-10  5.04089e-07 -1.33849e-07 -8.8065e-11  7.2919e-07 -1.94036e-07 -6.92194e-10  8.03097e-07 -2.13462e-07 3.31234e-11  8.20092e-07 -2.18023e-07 5.14431e-11  8.52168e-07 -2.26523e-07 1.3074e-11  8.64531e-07 -2.29735e-07 -6.11826e-11  8.64294e-07 -2.29705e-07 -1.85686e-10  4.15367e-07 -1.10347e-07 -4.52932e-11  8.24008e-07 -2.18941e-07 -8.94743e-12  7.64312e-07 -2.03135e-07 5.56494e-11  1.03513e-06 -2.75095e-07 -2.54251e-11  3.02312e-07 -8.03506e-08 4.38616e-11  5.16214e-07 -1.37159e-07 -3.70198e-11  6.9814e-07 -1.85544e-07 2.10301e-11  3.82415e-07 -1.01681e-07 1.66834e-11  3.29901e-07 -8.77846e-08 -6.34587e-11  3.0126e-07 -8.0127e-08 -4.77118e-11  2.66093e-07 -7.07918e-08 -7.79782e-11  2.43488e-07 -6.47771e-08 -4.21836e-11  2.08426e-07 -5.53245e-08 -3.59463e-11  1.69232e-07 -4.48695e-08 9.48613e-11  1.32734e-07 -3.5134e-08 2.07417e-11  1.03858e-07 -2.75841e-08 -9.98843e-12  1.1776e-07 -3.13007e-08 -3.89708e-11  1.29765e-07 -3.44973e-08 -1.92524e-11  1.28747e-07 -3.42316e-08 4.24204e-11  5.54937e-08 -1.4758e-08 1.02277e-10  4.24934e-08 -1.13634e-08 5.83761e-11  2.70837e-08 -7.41921e-09 -4.94888e-11  -1.28796e-09 4.37708e-10 1.63975e-10  -3.44422e-08 8.9222e-09 7.45845e-11  0.000918174 -8.61624e-05 -3.4881e-06  0.000168468 -1.52966e-05 1.29272e-06  8.1637e-05 -7.27877e-06 2.1212e-07  5.35891e-05 -4.70297e-06 8.30645e-08  3.5572e-05 -3.12902e-06 3.61114e-08  1.51242e-05 -1.33431e-06 1.92379e-08  6.1772e-06 -5.53588e-07 2.11221e-08  2.34737e-06 -2.14165e-07 1.00502e-08  -5.65807e-07 4.2426e-08 7.85348e-09  -1.89964e-06 1.62063e-07 1.34243e-09  -2.11642e-06 1.82213e-07 2.48429e-10  -2.08732e-06 1.79601e-07 3.24628e-10  -1.70272e-06 1.46709e-07 1.39716e-09  -1.3805e-06 1.19189e-07 8.39185e-10  -9.6949e-07 8.37979e-08 4.28717e-10  -6.37831e-07 5.51368e-08 3.91033e-10  -3.36106e-07 2.90585e-08 2.72455e-10  -6.76551e-08 5.90055e-09 -1.56956e-11  1.61981e-07 -1.42462e-08 -1.14675e-10  3.38955e-07 -2.94109e-08 -3.50766e-10  3.8849e-07 -3.36405e-08 -3.70752e-11  4.11013e-07 -3.56404e-08 1.60393e-11  4.44226e-07 -3.86093e-08 -3.29467e-11  4.4388e-07 -3.85519e-08 -1.0577e-10  4.3172e-07 -3.74722e-08 -5.3164e-11  4.20207e-07 -3.64546e-08 -2.56588e-11  4.0867e-07 -3.54366e-08 -5.77933e-12  3.74967e-07 -3.25953e-08 2.48822e-12  3.51481e-07 -3.04721e-08 2.07734e-11  2.9784e-07 -2.58475e-08 6.76597e-12  2.56524e-07 -2.22406e-08 -3.57496e-11  2.43216e-07 -2.11296e-08 -3.33039e-12  1.88055e-07 -1.6333e-08 6.45608e-11  1.74997e-07 -1.52332e-08 1.19988e-11  1.59877e-07 -1.38934e-08 -2.99677e-11  1.39081e-07 -1.21355e-08 -4.32106e-11  1.5639e-07 -1.36676e-08 1.82248e-11  9.96183e-08 -8.65629e-09 1.91504e-11  1.01884e-07 -8.90266e-09 6.8032e-11  7.93143e-08 -6.93766e-09 2.19514e-11  6.0435e-08 -5.32335e-09 -4.7725e-12  6.39256e-08 -5.59252e-09 -2.23708e-11  6.65432e-08 -5.79751e-09 -5.54346e-12  6.4765e-08 -5.63227e-09 1.21367e-11  3.8592e-08 -3.37226e-09 4.68108e-11  3.03535e-08 -2.7067e-09 3.99402e-11  3.23211e-08 -2.90702e-09 1.43572e-10  -3.20126e-09 2.37468e-10 3.69963e-11  -8.28311e-09 6.84399e-10 -7.129e-11  
            </DataArray>
         </PointData> 
      </Piece>
   </UnstructuredGrid> 
</VTKFile>
