<?xml version="1.0"?>
<VTKFile type="UnstructuredGrid" version="0.1" byte_order="LittleEndian">
   <UnstructuredGrid>
      <Piece NumberOfPoints="2352" NumberOfCells="0" > 
         <Points> 
            <DataArray type="Float64" Name="Position" NumberOfComponents="3" format="ascii"> 
               0.005  0  0.001  
               0.005  0  0.002  
               0.005  0  0.003  
               0.005  0  0.004  
               0.005  0  0.005  
               0.005  0  0.006  
               0.005  0  0.007  
               0.005  0  0.008  
               0.005  0  0.009  
               0.005  0  0.01  
               0.005  0  0.011  
               0.005  0  0.012  
               0.005  0  0.013  
               0.005  0  0.014  
               0.005  0  0.015  
               0.005  0  0.016  
               0.005  0  0.017  
               0.005  0  0.018  
               0.005  0  0.019  
               0.005  0  0.02  
               0.005  0  0.021  
               0.005  0  0.022  
               0.005  0  0.023  
               0.005  0  0.024  
               0.005  0  0.025  
               0.005  0  0.026  
               0.005  0  0.027  
               0.005  0  0.028  
               0.005  0  0.029  
               0.005  0  0.03  
               0.005  0  0.031  
               0.005  0  0.032  
               0.005  0  0.033  
               0.005  0  0.034  
               0.005  0  0.035  
               0.005  0  0.036  
               0.005  0  0.037  
               0.005  0  0.038  
               0.005  0  0.039  
               0.005  0  0.04  
               0.005  0  0.041  
               0.005  0  0.042  
               0.005  0  0.043  
               0.005  0  0.044  
               0.005  0  0.045  
               0.005  0  0.046  
               0.005  0  0.047  
               0.005  0  0.048  
               0.005  0  0.049  
               0  0.005  0.001  
               0  0.005  0.002  
               0  0.005  0.003  
               0  0.005  0.004  
               0  0.005  0.005  
               0  0.005  0.006  
               0  0.005  0.007  
               0  0.005  0.008  
               0  0.005  0.009  
               0  0.005  0.01  
               0  0.005  0.011  
               0  0.005  0.012  
               0  0.005  0.013  
               0  0.005  0.014  
               0  0.005  0.015  
               0  0.005  0.016  
               0  0.005  0.017  
               0  0.005  0.018  
               0  0.005  0.019  
               0  0.005  0.02  
               0  0.005  0.021  
               0  0.005  0.022  
               0  0.005  0.023  
               0  0.005  0.024  
               0  0.005  0.025  
               0  0.005  0.026  
               0  0.005  0.027  
               0  0.005  0.028  
               0  0.005  0.029  
               0  0.005  0.03  
               0  0.005  0.031  
               0  0.005  0.032  
               0  0.005  0.033  
               0  0.005  0.034  
               0  0.005  0.035  
               0  0.005  0.036  
               0  0.005  0.037  
               0  0.005  0.038  
               0  0.005  0.039  
               0  0.005  0.04  
               0  0.005  0.041  
               0  0.005  0.042  
               0  0.005  0.043  
               0  0.005  0.044  
               0  0.005  0.045  
               0  0.005  0.046  
               0  0.005  0.047  
               0  0.005  0.048  
               0  0.005  0.049  
               -0.005  0  0.001  
               -0.005  0  0.002  
               -0.005  0  0.003  
               -0.005  0  0.004  
               -0.005  0  0.005  
               -0.005  0  0.006  
               -0.005  0  0.007  
               -0.005  0  0.008  
               -0.005  0  0.009  
               -0.005  0  0.01  
               -0.005  0  0.011  
               -0.005  0  0.012  
               -0.005  0  0.013  
               -0.005  0  0.014  
               -0.005  0  0.015  
               -0.005  0  0.016  
               -0.005  0  0.017  
               -0.005  0  0.018  
               -0.005  0  0.019  
               -0.005  0  0.02  
               -0.005  0  0.021  
               -0.005  0  0.022  
               -0.005  0  0.023  
               -0.005  0  0.024  
               -0.005  0  0.025  
               -0.005  0  0.026  
               -0.005  0  0.027  
               -0.005  0  0.028  
               -0.005  0  0.029  
               -0.005  0  0.03  
               -0.005  0  0.031  
               -0.005  0  0.032  
               -0.005  0  0.033  
               -0.005  0  0.034  
               -0.005  0  0.035  
               -0.005  0  0.036  
               -0.005  0  0.037  
               -0.005  0  0.038  
               -0.005  0  0.039  
               -0.005  0  0.04  
               -0.005  0  0.041  
               -0.005  0  0.042  
               -0.005  0  0.043  
               -0.005  0  0.044  
               -0.005  0  0.045  
               -0.005  0  0.046  
               -0.005  0  0.047  
               -0.005  0  0.048  
               -0.005  0  0.049  
               0  -0.005  0.001  
               0  -0.005  0.002  
               0  -0.005  0.003  
               0  -0.005  0.004  
               0  -0.005  0.005  
               0  -0.005  0.006  
               0  -0.005  0.007  
               0  -0.005  0.008  
               0  -0.005  0.009  
               0  -0.005  0.01  
               0  -0.005  0.011  
               0  -0.005  0.012  
               0  -0.005  0.013  
               0  -0.005  0.014  
               0  -0.005  0.015  
               0  -0.005  0.016  
               0  -0.005  0.017  
               0  -0.005  0.018  
               0  -0.005  0.019  
               0  -0.005  0.02  
               0  -0.005  0.021  
               0  -0.005  0.022  
               0  -0.005  0.023  
               0  -0.005  0.024  
               0  -0.005  0.025  
               0  -0.005  0.026  
               0  -0.005  0.027  
               0  -0.005  0.028  
               0  -0.005  0.029  
               0  -0.005  0.03  
               0  -0.005  0.031  
               0  -0.005  0.032  
               0  -0.005  0.033  
               0  -0.005  0.034  
               0  -0.005  0.035  
               0  -0.005  0.036  
               0  -0.005  0.037  
               0  -0.005  0.038  
               0  -0.005  0.039  
               0  -0.005  0.04  
               0  -0.005  0.041  
               0  -0.005  0.042  
               0  -0.005  0.043  
               0  -0.005  0.044  
               0  -0.005  0.045  
               0  -0.005  0.046  
               0  -0.005  0.047  
               0  -0.005  0.048  
               0  -0.005  0.049  
               0.00495722  0.000652631  0.001  
               0.00495722  0.000652631  0.002  
               0.00495722  0.000652631  0.003  
               0.00495722  0.000652631  0.004  
               0.00495722  0.000652631  0.005  
               0.00495722  0.000652631  0.006  
               0.00495722  0.000652631  0.007  
               0.00495722  0.000652631  0.008  
               0.00495722  0.000652631  0.009  
               0.00495722  0.000652631  0.01  
               0.00495722  0.000652631  0.011  
               0.00495722  0.000652631  0.012  
               0.00495722  0.000652631  0.013  
               0.00495722  0.000652631  0.014  
               0.00495722  0.000652631  0.015  
               0.00495722  0.000652631  0.016  
               0.00495722  0.000652631  0.017  
               0.00495722  0.000652631  0.018  
               0.00495722  0.000652631  0.019  
               0.00495722  0.000652631  0.02  
               0.00495722  0.000652631  0.021  
               0.00495722  0.000652631  0.022  
               0.00495722  0.000652631  0.023  
               0.00495722  0.000652631  0.024  
               0.00495722  0.000652631  0.025  
               0.00495722  0.000652631  0.026  
               0.00495722  0.000652631  0.027  
               0.00495722  0.000652631  0.028  
               0.00495722  0.000652631  0.029  
               0.00495722  0.000652631  0.03  
               0.00495722  0.000652631  0.031  
               0.00495722  0.000652631  0.032  
               0.00495722  0.000652631  0.033  
               0.00495722  0.000652631  0.034  
               0.00495722  0.000652631  0.035  
               0.00495722  0.000652631  0.036  
               0.00495722  0.000652631  0.037  
               0.00495722  0.000652631  0.038  
               0.00495722  0.000652631  0.039  
               0.00495722  0.000652631  0.04  
               0.00495722  0.000652631  0.041  
               0.00495722  0.000652631  0.042  
               0.00495722  0.000652631  0.043  
               0.00495722  0.000652631  0.044  
               0.00495722  0.000652631  0.045  
               0.00495722  0.000652631  0.046  
               0.00495722  0.000652631  0.047  
               0.00495722  0.000652631  0.048  
               0.00495722  0.000652631  0.049  
               0.00482963  0.0012941  0.001  
               0.00482963  0.0012941  0.002  
               0.00482963  0.0012941  0.003  
               0.00482963  0.0012941  0.004  
               0.00482963  0.0012941  0.005  
               0.00482963  0.0012941  0.006  
               0.00482963  0.0012941  0.007  
               0.00482963  0.0012941  0.008  
               0.00482963  0.0012941  0.009  
               0.00482963  0.0012941  0.01  
               0.00482963  0.0012941  0.011  
               0.00482963  0.0012941  0.012  
               0.00482963  0.0012941  0.013  
               0.00482963  0.0012941  0.014  
               0.00482963  0.0012941  0.015  
               0.00482963  0.0012941  0.016  
               0.00482963  0.0012941  0.017  
               0.00482963  0.0012941  0.018  
               0.00482963  0.0012941  0.019  
               0.00482963  0.0012941  0.02  
               0.00482963  0.0012941  0.021  
               0.00482963  0.0012941  0.022  
               0.00482963  0.0012941  0.023  
               0.00482963  0.0012941  0.024  
               0.00482963  0.0012941  0.025  
               0.00482963  0.0012941  0.026  
               0.00482963  0.0012941  0.027  
               0.00482963  0.0012941  0.028  
               0.00482963  0.0012941  0.029  
               0.00482963  0.0012941  0.03  
               0.00482963  0.0012941  0.031  
               0.00482963  0.0012941  0.032  
               0.00482963  0.0012941  0.033  
               0.00482963  0.0012941  0.034  
               0.00482963  0.0012941  0.035  
               0.00482963  0.0012941  0.036  
               0.00482963  0.0012941  0.037  
               0.00482963  0.0012941  0.038  
               0.00482963  0.0012941  0.039  
               0.00482963  0.0012941  0.04  
               0.00482963  0.0012941  0.041  
               0.00482963  0.0012941  0.042  
               0.00482963  0.0012941  0.043  
               0.00482963  0.0012941  0.044  
               0.00482963  0.0012941  0.045  
               0.00482963  0.0012941  0.046  
               0.00482963  0.0012941  0.047  
               0.00482963  0.0012941  0.048  
               0.00482963  0.0012941  0.049  
               0.0046194  0.00191342  0.001  
               0.0046194  0.00191342  0.002  
               0.0046194  0.00191342  0.003  
               0.0046194  0.00191342  0.004  
               0.0046194  0.00191342  0.005  
               0.0046194  0.00191342  0.006  
               0.0046194  0.00191342  0.007  
               0.0046194  0.00191342  0.008  
               0.0046194  0.00191342  0.009  
               0.0046194  0.00191342  0.01  
               0.0046194  0.00191342  0.011  
               0.0046194  0.00191342  0.012  
               0.0046194  0.00191342  0.013  
               0.0046194  0.00191342  0.014  
               0.0046194  0.00191342  0.015  
               0.0046194  0.00191342  0.016  
               0.0046194  0.00191342  0.017  
               0.0046194  0.00191342  0.018  
               0.0046194  0.00191342  0.019  
               0.0046194  0.00191342  0.02  
               0.0046194  0.00191342  0.021  
               0.0046194  0.00191342  0.022  
               0.0046194  0.00191342  0.023  
               0.0046194  0.00191342  0.024  
               0.0046194  0.00191342  0.025  
               0.0046194  0.00191342  0.026  
               0.0046194  0.00191342  0.027  
               0.0046194  0.00191342  0.028  
               0.0046194  0.00191342  0.029  
               0.0046194  0.00191342  0.03  
               0.0046194  0.00191342  0.031  
               0.0046194  0.00191342  0.032  
               0.0046194  0.00191342  0.033  
               0.0046194  0.00191342  0.034  
               0.0046194  0.00191342  0.035  
               0.0046194  0.00191342  0.036  
               0.0046194  0.00191342  0.037  
               0.0046194  0.00191342  0.038  
               0.0046194  0.00191342  0.039  
               0.0046194  0.00191342  0.04  
               0.0046194  0.00191342  0.041  
               0.0046194  0.00191342  0.042  
               0.0046194  0.00191342  0.043  
               0.0046194  0.00191342  0.044  
               0.0046194  0.00191342  0.045  
               0.0046194  0.00191342  0.046  
               0.0046194  0.00191342  0.047  
               0.0046194  0.00191342  0.048  
               0.0046194  0.00191342  0.049  
               0.00433013  0.0025  0.001  
               0.00433013  0.0025  0.002  
               0.00433013  0.0025  0.003  
               0.00433013  0.0025  0.004  
               0.00433013  0.0025  0.005  
               0.00433013  0.0025  0.006  
               0.00433013  0.0025  0.007  
               0.00433013  0.0025  0.008  
               0.00433013  0.0025  0.009  
               0.00433013  0.0025  0.01  
               0.00433013  0.0025  0.011  
               0.00433013  0.0025  0.012  
               0.00433013  0.0025  0.013  
               0.00433013  0.0025  0.014  
               0.00433013  0.0025  0.015  
               0.00433013  0.0025  0.016  
               0.00433013  0.0025  0.017  
               0.00433013  0.0025  0.018  
               0.00433013  0.0025  0.019  
               0.00433013  0.0025  0.02  
               0.00433013  0.0025  0.021  
               0.00433013  0.0025  0.022  
               0.00433013  0.0025  0.023  
               0.00433013  0.0025  0.024  
               0.00433013  0.0025  0.025  
               0.00433013  0.0025  0.026  
               0.00433013  0.0025  0.027  
               0.00433013  0.0025  0.028  
               0.00433013  0.0025  0.029  
               0.00433013  0.0025  0.03  
               0.00433013  0.0025  0.031  
               0.00433013  0.0025  0.032  
               0.00433013  0.0025  0.033  
               0.00433013  0.0025  0.034  
               0.00433013  0.0025  0.035  
               0.00433013  0.0025  0.036  
               0.00433013  0.0025  0.037  
               0.00433013  0.0025  0.038  
               0.00433013  0.0025  0.039  
               0.00433013  0.0025  0.04  
               0.00433013  0.0025  0.041  
               0.00433013  0.0025  0.042  
               0.00433013  0.0025  0.043  
               0.00433013  0.0025  0.044  
               0.00433013  0.0025  0.045  
               0.00433013  0.0025  0.046  
               0.00433013  0.0025  0.047  
               0.00433013  0.0025  0.048  
               0.00433013  0.0025  0.049  
               0.00396677  0.00304381  0.001  
               0.00396677  0.00304381  0.002  
               0.00396677  0.00304381  0.003  
               0.00396677  0.00304381  0.004  
               0.00396677  0.00304381  0.005  
               0.00396677  0.00304381  0.006  
               0.00396677  0.00304381  0.007  
               0.00396677  0.00304381  0.008  
               0.00396677  0.00304381  0.009  
               0.00396677  0.00304381  0.01  
               0.00396677  0.00304381  0.011  
               0.00396677  0.00304381  0.012  
               0.00396677  0.00304381  0.013  
               0.00396677  0.00304381  0.014  
               0.00396677  0.00304381  0.015  
               0.00396677  0.00304381  0.016  
               0.00396677  0.00304381  0.017  
               0.00396677  0.00304381  0.018  
               0.00396677  0.00304381  0.019  
               0.00396677  0.00304381  0.02  
               0.00396677  0.00304381  0.021  
               0.00396677  0.00304381  0.022  
               0.00396677  0.00304381  0.023  
               0.00396677  0.00304381  0.024  
               0.00396677  0.00304381  0.025  
               0.00396677  0.00304381  0.026  
               0.00396677  0.00304381  0.027  
               0.00396677  0.00304381  0.028  
               0.00396677  0.00304381  0.029  
               0.00396677  0.00304381  0.03  
               0.00396677  0.00304381  0.031  
               0.00396677  0.00304381  0.032  
               0.00396677  0.00304381  0.033  
               0.00396677  0.00304381  0.034  
               0.00396677  0.00304381  0.035  
               0.00396677  0.00304381  0.036  
               0.00396677  0.00304381  0.037  
               0.00396677  0.00304381  0.038  
               0.00396677  0.00304381  0.039  
               0.00396677  0.00304381  0.04  
               0.00396677  0.00304381  0.041  
               0.00396677  0.00304381  0.042  
               0.00396677  0.00304381  0.043  
               0.00396677  0.00304381  0.044  
               0.00396677  0.00304381  0.045  
               0.00396677  0.00304381  0.046  
               0.00396677  0.00304381  0.047  
               0.00396677  0.00304381  0.048  
               0.00396677  0.00304381  0.049  
               0.00353553  0.00353553  0.001  
               0.00353553  0.00353553  0.002  
               0.00353553  0.00353553  0.003  
               0.00353553  0.00353553  0.004  
               0.00353553  0.00353553  0.005  
               0.00353553  0.00353553  0.006  
               0.00353553  0.00353553  0.007  
               0.00353553  0.00353553  0.008  
               0.00353553  0.00353553  0.009  
               0.00353553  0.00353553  0.01  
               0.00353553  0.00353553  0.011  
               0.00353553  0.00353553  0.012  
               0.00353553  0.00353553  0.013  
               0.00353553  0.00353553  0.014  
               0.00353553  0.00353553  0.015  
               0.00353553  0.00353553  0.016  
               0.00353553  0.00353553  0.017  
               0.00353553  0.00353553  0.018  
               0.00353553  0.00353553  0.019  
               0.00353553  0.00353553  0.02  
               0.00353553  0.00353553  0.021  
               0.00353553  0.00353553  0.022  
               0.00353553  0.00353553  0.023  
               0.00353553  0.00353553  0.024  
               0.00353553  0.00353553  0.025  
               0.00353553  0.00353553  0.026  
               0.00353553  0.00353553  0.027  
               0.00353553  0.00353553  0.028  
               0.00353553  0.00353553  0.029  
               0.00353553  0.00353553  0.03  
               0.00353553  0.00353553  0.031  
               0.00353553  0.00353553  0.032  
               0.00353553  0.00353553  0.033  
               0.00353553  0.00353553  0.034  
               0.00353553  0.00353553  0.035  
               0.00353553  0.00353553  0.036  
               0.00353553  0.00353553  0.037  
               0.00353553  0.00353553  0.038  
               0.00353553  0.00353553  0.039  
               0.00353553  0.00353553  0.04  
               0.00353553  0.00353553  0.041  
               0.00353553  0.00353553  0.042  
               0.00353553  0.00353553  0.043  
               0.00353553  0.00353553  0.044  
               0.00353553  0.00353553  0.045  
               0.00353553  0.00353553  0.046  
               0.00353553  0.00353553  0.047  
               0.00353553  0.00353553  0.048  
               0.00353553  0.00353553  0.049  
               0.00304381  0.00396677  0.001  
               0.00304381  0.00396677  0.002  
               0.00304381  0.00396677  0.003  
               0.00304381  0.00396677  0.004  
               0.00304381  0.00396677  0.005  
               0.00304381  0.00396677  0.006  
               0.00304381  0.00396677  0.007  
               0.00304381  0.00396677  0.008  
               0.00304381  0.00396677  0.009  
               0.00304381  0.00396677  0.01  
               0.00304381  0.00396677  0.011  
               0.00304381  0.00396677  0.012  
               0.00304381  0.00396677  0.013  
               0.00304381  0.00396677  0.014  
               0.00304381  0.00396677  0.015  
               0.00304381  0.00396677  0.016  
               0.00304381  0.00396677  0.017  
               0.00304381  0.00396677  0.018  
               0.00304381  0.00396677  0.019  
               0.00304381  0.00396677  0.02  
               0.00304381  0.00396677  0.021  
               0.00304381  0.00396677  0.022  
               0.00304381  0.00396677  0.023  
               0.00304381  0.00396677  0.024  
               0.00304381  0.00396677  0.025  
               0.00304381  0.00396677  0.026  
               0.00304381  0.00396677  0.027  
               0.00304381  0.00396677  0.028  
               0.00304381  0.00396677  0.029  
               0.00304381  0.00396677  0.03  
               0.00304381  0.00396677  0.031  
               0.00304381  0.00396677  0.032  
               0.00304381  0.00396677  0.033  
               0.00304381  0.00396677  0.034  
               0.00304381  0.00396677  0.035  
               0.00304381  0.00396677  0.036  
               0.00304381  0.00396677  0.037  
               0.00304381  0.00396677  0.038  
               0.00304381  0.00396677  0.039  
               0.00304381  0.00396677  0.04  
               0.00304381  0.00396677  0.041  
               0.00304381  0.00396677  0.042  
               0.00304381  0.00396677  0.043  
               0.00304381  0.00396677  0.044  
               0.00304381  0.00396677  0.045  
               0.00304381  0.00396677  0.046  
               0.00304381  0.00396677  0.047  
               0.00304381  0.00396677  0.048  
               0.00304381  0.00396677  0.049  
               0.0025  0.00433013  0.001  
               0.0025  0.00433013  0.002  
               0.0025  0.00433013  0.003  
               0.0025  0.00433013  0.004  
               0.0025  0.00433013  0.005  
               0.0025  0.00433013  0.006  
               0.0025  0.00433013  0.007  
               0.0025  0.00433013  0.008  
               0.0025  0.00433013  0.009  
               0.0025  0.00433013  0.01  
               0.0025  0.00433013  0.011  
               0.0025  0.00433013  0.012  
               0.0025  0.00433013  0.013  
               0.0025  0.00433013  0.014  
               0.0025  0.00433013  0.015  
               0.0025  0.00433013  0.016  
               0.0025  0.00433013  0.017  
               0.0025  0.00433013  0.018  
               0.0025  0.00433013  0.019  
               0.0025  0.00433013  0.02  
               0.0025  0.00433013  0.021  
               0.0025  0.00433013  0.022  
               0.0025  0.00433013  0.023  
               0.0025  0.00433013  0.024  
               0.0025  0.00433013  0.025  
               0.0025  0.00433013  0.026  
               0.0025  0.00433013  0.027  
               0.0025  0.00433013  0.028  
               0.0025  0.00433013  0.029  
               0.0025  0.00433013  0.03  
               0.0025  0.00433013  0.031  
               0.0025  0.00433013  0.032  
               0.0025  0.00433013  0.033  
               0.0025  0.00433013  0.034  
               0.0025  0.00433013  0.035  
               0.0025  0.00433013  0.036  
               0.0025  0.00433013  0.037  
               0.0025  0.00433013  0.038  
               0.0025  0.00433013  0.039  
               0.0025  0.00433013  0.04  
               0.0025  0.00433013  0.041  
               0.0025  0.00433013  0.042  
               0.0025  0.00433013  0.043  
               0.0025  0.00433013  0.044  
               0.0025  0.00433013  0.045  
               0.0025  0.00433013  0.046  
               0.0025  0.00433013  0.047  
               0.0025  0.00433013  0.048  
               0.0025  0.00433013  0.049  
               0.00191342  0.0046194  0.001  
               0.00191342  0.0046194  0.002  
               0.00191342  0.0046194  0.003  
               0.00191342  0.0046194  0.004  
               0.00191342  0.0046194  0.005  
               0.00191342  0.0046194  0.006  
               0.00191342  0.0046194  0.007  
               0.00191342  0.0046194  0.008  
               0.00191342  0.0046194  0.009  
               0.00191342  0.0046194  0.01  
               0.00191342  0.0046194  0.011  
               0.00191342  0.0046194  0.012  
               0.00191342  0.0046194  0.013  
               0.00191342  0.0046194  0.014  
               0.00191342  0.0046194  0.015  
               0.00191342  0.0046194  0.016  
               0.00191342  0.0046194  0.017  
               0.00191342  0.0046194  0.018  
               0.00191342  0.0046194  0.019  
               0.00191342  0.0046194  0.02  
               0.00191342  0.0046194  0.021  
               0.00191342  0.0046194  0.022  
               0.00191342  0.0046194  0.023  
               0.00191342  0.0046194  0.024  
               0.00191342  0.0046194  0.025  
               0.00191342  0.0046194  0.026  
               0.00191342  0.0046194  0.027  
               0.00191342  0.0046194  0.028  
               0.00191342  0.0046194  0.029  
               0.00191342  0.0046194  0.03  
               0.00191342  0.0046194  0.031  
               0.00191342  0.0046194  0.032  
               0.00191342  0.0046194  0.033  
               0.00191342  0.0046194  0.034  
               0.00191342  0.0046194  0.035  
               0.00191342  0.0046194  0.036  
               0.00191342  0.0046194  0.037  
               0.00191342  0.0046194  0.038  
               0.00191342  0.0046194  0.039  
               0.00191342  0.0046194  0.04  
               0.00191342  0.0046194  0.041  
               0.00191342  0.0046194  0.042  
               0.00191342  0.0046194  0.043  
               0.00191342  0.0046194  0.044  
               0.00191342  0.0046194  0.045  
               0.00191342  0.0046194  0.046  
               0.00191342  0.0046194  0.047  
               0.00191342  0.0046194  0.048  
               0.00191342  0.0046194  0.049  
               0.0012941  0.00482963  0.001  
               0.0012941  0.00482963  0.002  
               0.0012941  0.00482963  0.003  
               0.0012941  0.00482963  0.004  
               0.0012941  0.00482963  0.005  
               0.0012941  0.00482963  0.006  
               0.0012941  0.00482963  0.007  
               0.0012941  0.00482963  0.008  
               0.0012941  0.00482963  0.009  
               0.0012941  0.00482963  0.01  
               0.0012941  0.00482963  0.011  
               0.0012941  0.00482963  0.012  
               0.0012941  0.00482963  0.013  
               0.0012941  0.00482963  0.014  
               0.0012941  0.00482963  0.015  
               0.0012941  0.00482963  0.016  
               0.0012941  0.00482963  0.017  
               0.0012941  0.00482963  0.018  
               0.0012941  0.00482963  0.019  
               0.0012941  0.00482963  0.02  
               0.0012941  0.00482963  0.021  
               0.0012941  0.00482963  0.022  
               0.0012941  0.00482963  0.023  
               0.0012941  0.00482963  0.024  
               0.0012941  0.00482963  0.025  
               0.0012941  0.00482963  0.026  
               0.0012941  0.00482963  0.027  
               0.0012941  0.00482963  0.028  
               0.0012941  0.00482963  0.029  
               0.0012941  0.00482963  0.03  
               0.0012941  0.00482963  0.031  
               0.0012941  0.00482963  0.032  
               0.0012941  0.00482963  0.033  
               0.0012941  0.00482963  0.034  
               0.0012941  0.00482963  0.035  
               0.0012941  0.00482963  0.036  
               0.0012941  0.00482963  0.037  
               0.0012941  0.00482963  0.038  
               0.0012941  0.00482963  0.039  
               0.0012941  0.00482963  0.04  
               0.0012941  0.00482963  0.041  
               0.0012941  0.00482963  0.042  
               0.0012941  0.00482963  0.043  
               0.0012941  0.00482963  0.044  
               0.0012941  0.00482963  0.045  
               0.0012941  0.00482963  0.046  
               0.0012941  0.00482963  0.047  
               0.0012941  0.00482963  0.048  
               0.0012941  0.00482963  0.049  
               0.000652631  0.00495722  0.001  
               0.000652631  0.00495722  0.002  
               0.000652631  0.00495722  0.003  
               0.000652631  0.00495722  0.004  
               0.000652631  0.00495722  0.005  
               0.000652631  0.00495722  0.006  
               0.000652631  0.00495722  0.007  
               0.000652631  0.00495722  0.008  
               0.000652631  0.00495722  0.009  
               0.000652631  0.00495722  0.01  
               0.000652631  0.00495722  0.011  
               0.000652631  0.00495722  0.012  
               0.000652631  0.00495722  0.013  
               0.000652631  0.00495722  0.014  
               0.000652631  0.00495722  0.015  
               0.000652631  0.00495722  0.016  
               0.000652631  0.00495722  0.017  
               0.000652631  0.00495722  0.018  
               0.000652631  0.00495722  0.019  
               0.000652631  0.00495722  0.02  
               0.000652631  0.00495722  0.021  
               0.000652631  0.00495722  0.022  
               0.000652631  0.00495722  0.023  
               0.000652631  0.00495722  0.024  
               0.000652631  0.00495722  0.025  
               0.000652631  0.00495722  0.026  
               0.000652631  0.00495722  0.027  
               0.000652631  0.00495722  0.028  
               0.000652631  0.00495722  0.029  
               0.000652631  0.00495722  0.03  
               0.000652631  0.00495722  0.031  
               0.000652631  0.00495722  0.032  
               0.000652631  0.00495722  0.033  
               0.000652631  0.00495722  0.034  
               0.000652631  0.00495722  0.035  
               0.000652631  0.00495722  0.036  
               0.000652631  0.00495722  0.037  
               0.000652631  0.00495722  0.038  
               0.000652631  0.00495722  0.039  
               0.000652631  0.00495722  0.04  
               0.000652631  0.00495722  0.041  
               0.000652631  0.00495722  0.042  
               0.000652631  0.00495722  0.043  
               0.000652631  0.00495722  0.044  
               0.000652631  0.00495722  0.045  
               0.000652631  0.00495722  0.046  
               0.000652631  0.00495722  0.047  
               0.000652631  0.00495722  0.048  
               0.000652631  0.00495722  0.049  
               -0.000652631  0.00495722  0.001  
               -0.000652631  0.00495722  0.002  
               -0.000652631  0.00495722  0.003  
               -0.000652631  0.00495722  0.004  
               -0.000652631  0.00495722  0.005  
               -0.000652631  0.00495722  0.006  
               -0.000652631  0.00495722  0.007  
               -0.000652631  0.00495722  0.008  
               -0.000652631  0.00495722  0.009  
               -0.000652631  0.00495722  0.01  
               -0.000652631  0.00495722  0.011  
               -0.000652631  0.00495722  0.012  
               -0.000652631  0.00495722  0.013  
               -0.000652631  0.00495722  0.014  
               -0.000652631  0.00495722  0.015  
               -0.000652631  0.00495722  0.016  
               -0.000652631  0.00495722  0.017  
               -0.000652631  0.00495722  0.018  
               -0.000652631  0.00495722  0.019  
               -0.000652631  0.00495722  0.02  
               -0.000652631  0.00495722  0.021  
               -0.000652631  0.00495722  0.022  
               -0.000652631  0.00495722  0.023  
               -0.000652631  0.00495722  0.024  
               -0.000652631  0.00495722  0.025  
               -0.000652631  0.00495722  0.026  
               -0.000652631  0.00495722  0.027  
               -0.000652631  0.00495722  0.028  
               -0.000652631  0.00495722  0.029  
               -0.000652631  0.00495722  0.03  
               -0.000652631  0.00495722  0.031  
               -0.000652631  0.00495722  0.032  
               -0.000652631  0.00495722  0.033  
               -0.000652631  0.00495722  0.034  
               -0.000652631  0.00495722  0.035  
               -0.000652631  0.00495722  0.036  
               -0.000652631  0.00495722  0.037  
               -0.000652631  0.00495722  0.038  
               -0.000652631  0.00495722  0.039  
               -0.000652631  0.00495722  0.04  
               -0.000652631  0.00495722  0.041  
               -0.000652631  0.00495722  0.042  
               -0.000652631  0.00495722  0.043  
               -0.000652631  0.00495722  0.044  
               -0.000652631  0.00495722  0.045  
               -0.000652631  0.00495722  0.046  
               -0.000652631  0.00495722  0.047  
               -0.000652631  0.00495722  0.048  
               -0.000652631  0.00495722  0.049  
               -0.0012941  0.00482963  0.001  
               -0.0012941  0.00482963  0.002  
               -0.0012941  0.00482963  0.003  
               -0.0012941  0.00482963  0.004  
               -0.0012941  0.00482963  0.005  
               -0.0012941  0.00482963  0.006  
               -0.0012941  0.00482963  0.007  
               -0.0012941  0.00482963  0.008  
               -0.0012941  0.00482963  0.009  
               -0.0012941  0.00482963  0.01  
               -0.0012941  0.00482963  0.011  
               -0.0012941  0.00482963  0.012  
               -0.0012941  0.00482963  0.013  
               -0.0012941  0.00482963  0.014  
               -0.0012941  0.00482963  0.015  
               -0.0012941  0.00482963  0.016  
               -0.0012941  0.00482963  0.017  
               -0.0012941  0.00482963  0.018  
               -0.0012941  0.00482963  0.019  
               -0.0012941  0.00482963  0.02  
               -0.0012941  0.00482963  0.021  
               -0.0012941  0.00482963  0.022  
               -0.0012941  0.00482963  0.023  
               -0.0012941  0.00482963  0.024  
               -0.0012941  0.00482963  0.025  
               -0.0012941  0.00482963  0.026  
               -0.0012941  0.00482963  0.027  
               -0.0012941  0.00482963  0.028  
               -0.0012941  0.00482963  0.029  
               -0.0012941  0.00482963  0.03  
               -0.0012941  0.00482963  0.031  
               -0.0012941  0.00482963  0.032  
               -0.0012941  0.00482963  0.033  
               -0.0012941  0.00482963  0.034  
               -0.0012941  0.00482963  0.035  
               -0.0012941  0.00482963  0.036  
               -0.0012941  0.00482963  0.037  
               -0.0012941  0.00482963  0.038  
               -0.0012941  0.00482963  0.039  
               -0.0012941  0.00482963  0.04  
               -0.0012941  0.00482963  0.041  
               -0.0012941  0.00482963  0.042  
               -0.0012941  0.00482963  0.043  
               -0.0012941  0.00482963  0.044  
               -0.0012941  0.00482963  0.045  
               -0.0012941  0.00482963  0.046  
               -0.0012941  0.00482963  0.047  
               -0.0012941  0.00482963  0.048  
               -0.0012941  0.00482963  0.049  
               -0.00191342  0.0046194  0.001  
               -0.00191342  0.0046194  0.002  
               -0.00191342  0.0046194  0.003  
               -0.00191342  0.0046194  0.004  
               -0.00191342  0.0046194  0.005  
               -0.00191342  0.0046194  0.006  
               -0.00191342  0.0046194  0.007  
               -0.00191342  0.0046194  0.008  
               -0.00191342  0.0046194  0.009  
               -0.00191342  0.0046194  0.01  
               -0.00191342  0.0046194  0.011  
               -0.00191342  0.0046194  0.012  
               -0.00191342  0.0046194  0.013  
               -0.00191342  0.0046194  0.014  
               -0.00191342  0.0046194  0.015  
               -0.00191342  0.0046194  0.016  
               -0.00191342  0.0046194  0.017  
               -0.00191342  0.0046194  0.018  
               -0.00191342  0.0046194  0.019  
               -0.00191342  0.0046194  0.02  
               -0.00191342  0.0046194  0.021  
               -0.00191342  0.0046194  0.022  
               -0.00191342  0.0046194  0.023  
               -0.00191342  0.0046194  0.024  
               -0.00191342  0.0046194  0.025  
               -0.00191342  0.0046194  0.026  
               -0.00191342  0.0046194  0.027  
               -0.00191342  0.0046194  0.028  
               -0.00191342  0.0046194  0.029  
               -0.00191342  0.0046194  0.03  
               -0.00191342  0.0046194  0.031  
               -0.00191342  0.0046194  0.032  
               -0.00191342  0.0046194  0.033  
               -0.00191342  0.0046194  0.034  
               -0.00191342  0.0046194  0.035  
               -0.00191342  0.0046194  0.036  
               -0.00191342  0.0046194  0.037  
               -0.00191342  0.0046194  0.038  
               -0.00191342  0.0046194  0.039  
               -0.00191342  0.0046194  0.04  
               -0.00191342  0.0046194  0.041  
               -0.00191342  0.0046194  0.042  
               -0.00191342  0.0046194  0.043  
               -0.00191342  0.0046194  0.044  
               -0.00191342  0.0046194  0.045  
               -0.00191342  0.0046194  0.046  
               -0.00191342  0.0046194  0.047  
               -0.00191342  0.0046194  0.048  
               -0.00191342  0.0046194  0.049  
               -0.0025  0.00433013  0.001  
               -0.0025  0.00433013  0.002  
               -0.0025  0.00433013  0.003  
               -0.0025  0.00433013  0.004  
               -0.0025  0.00433013  0.005  
               -0.0025  0.00433013  0.006  
               -0.0025  0.00433013  0.007  
               -0.0025  0.00433013  0.008  
               -0.0025  0.00433013  0.009  
               -0.0025  0.00433013  0.01  
               -0.0025  0.00433013  0.011  
               -0.0025  0.00433013  0.012  
               -0.0025  0.00433013  0.013  
               -0.0025  0.00433013  0.014  
               -0.0025  0.00433013  0.015  
               -0.0025  0.00433013  0.016  
               -0.0025  0.00433013  0.017  
               -0.0025  0.00433013  0.018  
               -0.0025  0.00433013  0.019  
               -0.0025  0.00433013  0.02  
               -0.0025  0.00433013  0.021  
               -0.0025  0.00433013  0.022  
               -0.0025  0.00433013  0.023  
               -0.0025  0.00433013  0.024  
               -0.0025  0.00433013  0.025  
               -0.0025  0.00433013  0.026  
               -0.0025  0.00433013  0.027  
               -0.0025  0.00433013  0.028  
               -0.0025  0.00433013  0.029  
               -0.0025  0.00433013  0.03  
               -0.0025  0.00433013  0.031  
               -0.0025  0.00433013  0.032  
               -0.0025  0.00433013  0.033  
               -0.0025  0.00433013  0.034  
               -0.0025  0.00433013  0.035  
               -0.0025  0.00433013  0.036  
               -0.0025  0.00433013  0.037  
               -0.0025  0.00433013  0.038  
               -0.0025  0.00433013  0.039  
               -0.0025  0.00433013  0.04  
               -0.0025  0.00433013  0.041  
               -0.0025  0.00433013  0.042  
               -0.0025  0.00433013  0.043  
               -0.0025  0.00433013  0.044  
               -0.0025  0.00433013  0.045  
               -0.0025  0.00433013  0.046  
               -0.0025  0.00433013  0.047  
               -0.0025  0.00433013  0.048  
               -0.0025  0.00433013  0.049  
               -0.00304381  0.00396677  0.001  
               -0.00304381  0.00396677  0.002  
               -0.00304381  0.00396677  0.003  
               -0.00304381  0.00396677  0.004  
               -0.00304381  0.00396677  0.005  
               -0.00304381  0.00396677  0.006  
               -0.00304381  0.00396677  0.007  
               -0.00304381  0.00396677  0.008  
               -0.00304381  0.00396677  0.009  
               -0.00304381  0.00396677  0.01  
               -0.00304381  0.00396677  0.011  
               -0.00304381  0.00396677  0.012  
               -0.00304381  0.00396677  0.013  
               -0.00304381  0.00396677  0.014  
               -0.00304381  0.00396677  0.015  
               -0.00304381  0.00396677  0.016  
               -0.00304381  0.00396677  0.017  
               -0.00304381  0.00396677  0.018  
               -0.00304381  0.00396677  0.019  
               -0.00304381  0.00396677  0.02  
               -0.00304381  0.00396677  0.021  
               -0.00304381  0.00396677  0.022  
               -0.00304381  0.00396677  0.023  
               -0.00304381  0.00396677  0.024  
               -0.00304381  0.00396677  0.025  
               -0.00304381  0.00396677  0.026  
               -0.00304381  0.00396677  0.027  
               -0.00304381  0.00396677  0.028  
               -0.00304381  0.00396677  0.029  
               -0.00304381  0.00396677  0.03  
               -0.00304381  0.00396677  0.031  
               -0.00304381  0.00396677  0.032  
               -0.00304381  0.00396677  0.033  
               -0.00304381  0.00396677  0.034  
               -0.00304381  0.00396677  0.035  
               -0.00304381  0.00396677  0.036  
               -0.00304381  0.00396677  0.037  
               -0.00304381  0.00396677  0.038  
               -0.00304381  0.00396677  0.039  
               -0.00304381  0.00396677  0.04  
               -0.00304381  0.00396677  0.041  
               -0.00304381  0.00396677  0.042  
               -0.00304381  0.00396677  0.043  
               -0.00304381  0.00396677  0.044  
               -0.00304381  0.00396677  0.045  
               -0.00304381  0.00396677  0.046  
               -0.00304381  0.00396677  0.047  
               -0.00304381  0.00396677  0.048  
               -0.00304381  0.00396677  0.049  
               -0.00353553  0.00353553  0.001  
               -0.00353553  0.00353553  0.002  
               -0.00353553  0.00353553  0.003  
               -0.00353553  0.00353553  0.004  
               -0.00353553  0.00353553  0.005  
               -0.00353553  0.00353553  0.006  
               -0.00353553  0.00353553  0.007  
               -0.00353553  0.00353553  0.008  
               -0.00353553  0.00353553  0.009  
               -0.00353553  0.00353553  0.01  
               -0.00353553  0.00353553  0.011  
               -0.00353553  0.00353553  0.012  
               -0.00353553  0.00353553  0.013  
               -0.00353553  0.00353553  0.014  
               -0.00353553  0.00353553  0.015  
               -0.00353553  0.00353553  0.016  
               -0.00353553  0.00353553  0.017  
               -0.00353553  0.00353553  0.018  
               -0.00353553  0.00353553  0.019  
               -0.00353553  0.00353553  0.02  
               -0.00353553  0.00353553  0.021  
               -0.00353553  0.00353553  0.022  
               -0.00353553  0.00353553  0.023  
               -0.00353553  0.00353553  0.024  
               -0.00353553  0.00353553  0.025  
               -0.00353553  0.00353553  0.026  
               -0.00353553  0.00353553  0.027  
               -0.00353553  0.00353553  0.028  
               -0.00353553  0.00353553  0.029  
               -0.00353553  0.00353553  0.03  
               -0.00353553  0.00353553  0.031  
               -0.00353553  0.00353553  0.032  
               -0.00353553  0.00353553  0.033  
               -0.00353553  0.00353553  0.034  
               -0.00353553  0.00353553  0.035  
               -0.00353553  0.00353553  0.036  
               -0.00353553  0.00353553  0.037  
               -0.00353553  0.00353553  0.038  
               -0.00353553  0.00353553  0.039  
               -0.00353553  0.00353553  0.04  
               -0.00353553  0.00353553  0.041  
               -0.00353553  0.00353553  0.042  
               -0.00353553  0.00353553  0.043  
               -0.00353553  0.00353553  0.044  
               -0.00353553  0.00353553  0.045  
               -0.00353553  0.00353553  0.046  
               -0.00353553  0.00353553  0.047  
               -0.00353553  0.00353553  0.048  
               -0.00353553  0.00353553  0.049  
               -0.00396677  0.00304381  0.001  
               -0.00396677  0.00304381  0.002  
               -0.00396677  0.00304381  0.003  
               -0.00396677  0.00304381  0.004  
               -0.00396677  0.00304381  0.005  
               -0.00396677  0.00304381  0.006  
               -0.00396677  0.00304381  0.007  
               -0.00396677  0.00304381  0.008  
               -0.00396677  0.00304381  0.009  
               -0.00396677  0.00304381  0.01  
               -0.00396677  0.00304381  0.011  
               -0.00396677  0.00304381  0.012  
               -0.00396677  0.00304381  0.013  
               -0.00396677  0.00304381  0.014  
               -0.00396677  0.00304381  0.015  
               -0.00396677  0.00304381  0.016  
               -0.00396677  0.00304381  0.017  
               -0.00396677  0.00304381  0.018  
               -0.00396677  0.00304381  0.019  
               -0.00396677  0.00304381  0.02  
               -0.00396677  0.00304381  0.021  
               -0.00396677  0.00304381  0.022  
               -0.00396677  0.00304381  0.023  
               -0.00396677  0.00304381  0.024  
               -0.00396677  0.00304381  0.025  
               -0.00396677  0.00304381  0.026  
               -0.00396677  0.00304381  0.027  
               -0.00396677  0.00304381  0.028  
               -0.00396677  0.00304381  0.029  
               -0.00396677  0.00304381  0.03  
               -0.00396677  0.00304381  0.031  
               -0.00396677  0.00304381  0.032  
               -0.00396677  0.00304381  0.033  
               -0.00396677  0.00304381  0.034  
               -0.00396677  0.00304381  0.035  
               -0.00396677  0.00304381  0.036  
               -0.00396677  0.00304381  0.037  
               -0.00396677  0.00304381  0.038  
               -0.00396677  0.00304381  0.039  
               -0.00396677  0.00304381  0.04  
               -0.00396677  0.00304381  0.041  
               -0.00396677  0.00304381  0.042  
               -0.00396677  0.00304381  0.043  
               -0.00396677  0.00304381  0.044  
               -0.00396677  0.00304381  0.045  
               -0.00396677  0.00304381  0.046  
               -0.00396677  0.00304381  0.047  
               -0.00396677  0.00304381  0.048  
               -0.00396677  0.00304381  0.049  
               -0.00433013  0.0025  0.001  
               -0.00433013  0.0025  0.002  
               -0.00433013  0.0025  0.003  
               -0.00433013  0.0025  0.004  
               -0.00433013  0.0025  0.005  
               -0.00433013  0.0025  0.006  
               -0.00433013  0.0025  0.007  
               -0.00433013  0.0025  0.008  
               -0.00433013  0.0025  0.009  
               -0.00433013  0.0025  0.01  
               -0.00433013  0.0025  0.011  
               -0.00433013  0.0025  0.012  
               -0.00433013  0.0025  0.013  
               -0.00433013  0.0025  0.014  
               -0.00433013  0.0025  0.015  
               -0.00433013  0.0025  0.016  
               -0.00433013  0.0025  0.017  
               -0.00433013  0.0025  0.018  
               -0.00433013  0.0025  0.019  
               -0.00433013  0.0025  0.02  
               -0.00433013  0.0025  0.021  
               -0.00433013  0.0025  0.022  
               -0.00433013  0.0025  0.023  
               -0.00433013  0.0025  0.024  
               -0.00433013  0.0025  0.025  
               -0.00433013  0.0025  0.026  
               -0.00433013  0.0025  0.027  
               -0.00433013  0.0025  0.028  
               -0.00433013  0.0025  0.029  
               -0.00433013  0.0025  0.03  
               -0.00433013  0.0025  0.031  
               -0.00433013  0.0025  0.032  
               -0.00433013  0.0025  0.033  
               -0.00433013  0.0025  0.034  
               -0.00433013  0.0025  0.035  
               -0.00433013  0.0025  0.036  
               -0.00433013  0.0025  0.037  
               -0.00433013  0.0025  0.038  
               -0.00433013  0.0025  0.039  
               -0.00433013  0.0025  0.04  
               -0.00433013  0.0025  0.041  
               -0.00433013  0.0025  0.042  
               -0.00433013  0.0025  0.043  
               -0.00433013  0.0025  0.044  
               -0.00433013  0.0025  0.045  
               -0.00433013  0.0025  0.046  
               -0.00433013  0.0025  0.047  
               -0.00433013  0.0025  0.048  
               -0.00433013  0.0025  0.049  
               -0.0046194  0.00191342  0.001  
               -0.0046194  0.00191342  0.002  
               -0.0046194  0.00191342  0.003  
               -0.0046194  0.00191342  0.004  
               -0.0046194  0.00191342  0.005  
               -0.0046194  0.00191342  0.006  
               -0.0046194  0.00191342  0.007  
               -0.0046194  0.00191342  0.008  
               -0.0046194  0.00191342  0.009  
               -0.0046194  0.00191342  0.01  
               -0.0046194  0.00191342  0.011  
               -0.0046194  0.00191342  0.012  
               -0.0046194  0.00191342  0.013  
               -0.0046194  0.00191342  0.014  
               -0.0046194  0.00191342  0.015  
               -0.0046194  0.00191342  0.016  
               -0.0046194  0.00191342  0.017  
               -0.0046194  0.00191342  0.018  
               -0.0046194  0.00191342  0.019  
               -0.0046194  0.00191342  0.02  
               -0.0046194  0.00191342  0.021  
               -0.0046194  0.00191342  0.022  
               -0.0046194  0.00191342  0.023  
               -0.0046194  0.00191342  0.024  
               -0.0046194  0.00191342  0.025  
               -0.0046194  0.00191342  0.026  
               -0.0046194  0.00191342  0.027  
               -0.0046194  0.00191342  0.028  
               -0.0046194  0.00191342  0.029  
               -0.0046194  0.00191342  0.03  
               -0.0046194  0.00191342  0.031  
               -0.0046194  0.00191342  0.032  
               -0.0046194  0.00191342  0.033  
               -0.0046194  0.00191342  0.034  
               -0.0046194  0.00191342  0.035  
               -0.0046194  0.00191342  0.036  
               -0.0046194  0.00191342  0.037  
               -0.0046194  0.00191342  0.038  
               -0.0046194  0.00191342  0.039  
               -0.0046194  0.00191342  0.04  
               -0.0046194  0.00191342  0.041  
               -0.0046194  0.00191342  0.042  
               -0.0046194  0.00191342  0.043  
               -0.0046194  0.00191342  0.044  
               -0.0046194  0.00191342  0.045  
               -0.0046194  0.00191342  0.046  
               -0.0046194  0.00191342  0.047  
               -0.0046194  0.00191342  0.048  
               -0.0046194  0.00191342  0.049  
               -0.00482963  0.0012941  0.001  
               -0.00482963  0.0012941  0.002  
               -0.00482963  0.0012941  0.003  
               -0.00482963  0.0012941  0.004  
               -0.00482963  0.0012941  0.005  
               -0.00482963  0.0012941  0.006  
               -0.00482963  0.0012941  0.007  
               -0.00482963  0.0012941  0.008  
               -0.00482963  0.0012941  0.009  
               -0.00482963  0.0012941  0.01  
               -0.00482963  0.0012941  0.011  
               -0.00482963  0.0012941  0.012  
               -0.00482963  0.0012941  0.013  
               -0.00482963  0.0012941  0.014  
               -0.00482963  0.0012941  0.015  
               -0.00482963  0.0012941  0.016  
               -0.00482963  0.0012941  0.017  
               -0.00482963  0.0012941  0.018  
               -0.00482963  0.0012941  0.019  
               -0.00482963  0.0012941  0.02  
               -0.00482963  0.0012941  0.021  
               -0.00482963  0.0012941  0.022  
               -0.00482963  0.0012941  0.023  
               -0.00482963  0.0012941  0.024  
               -0.00482963  0.0012941  0.025  
               -0.00482963  0.0012941  0.026  
               -0.00482963  0.0012941  0.027  
               -0.00482963  0.0012941  0.028  
               -0.00482963  0.0012941  0.029  
               -0.00482963  0.0012941  0.03  
               -0.00482963  0.0012941  0.031  
               -0.00482963  0.0012941  0.032  
               -0.00482963  0.0012941  0.033  
               -0.00482963  0.0012941  0.034  
               -0.00482963  0.0012941  0.035  
               -0.00482963  0.0012941  0.036  
               -0.00482963  0.0012941  0.037  
               -0.00482963  0.0012941  0.038  
               -0.00482963  0.0012941  0.039  
               -0.00482963  0.0012941  0.04  
               -0.00482963  0.0012941  0.041  
               -0.00482963  0.0012941  0.042  
               -0.00482963  0.0012941  0.043  
               -0.00482963  0.0012941  0.044  
               -0.00482963  0.0012941  0.045  
               -0.00482963  0.0012941  0.046  
               -0.00482963  0.0012941  0.047  
               -0.00482963  0.0012941  0.048  
               -0.00482963  0.0012941  0.049  
               -0.00495722  0.000652631  0.001  
               -0.00495722  0.000652631  0.002  
               -0.00495722  0.000652631  0.003  
               -0.00495722  0.000652631  0.004  
               -0.00495722  0.000652631  0.005  
               -0.00495722  0.000652631  0.006  
               -0.00495722  0.000652631  0.007  
               -0.00495722  0.000652631  0.008  
               -0.00495722  0.000652631  0.009  
               -0.00495722  0.000652631  0.01  
               -0.00495722  0.000652631  0.011  
               -0.00495722  0.000652631  0.012  
               -0.00495722  0.000652631  0.013  
               -0.00495722  0.000652631  0.014  
               -0.00495722  0.000652631  0.015  
               -0.00495722  0.000652631  0.016  
               -0.00495722  0.000652631  0.017  
               -0.00495722  0.000652631  0.018  
               -0.00495722  0.000652631  0.019  
               -0.00495722  0.000652631  0.02  
               -0.00495722  0.000652631  0.021  
               -0.00495722  0.000652631  0.022  
               -0.00495722  0.000652631  0.023  
               -0.00495722  0.000652631  0.024  
               -0.00495722  0.000652631  0.025  
               -0.00495722  0.000652631  0.026  
               -0.00495722  0.000652631  0.027  
               -0.00495722  0.000652631  0.028  
               -0.00495722  0.000652631  0.029  
               -0.00495722  0.000652631  0.03  
               -0.00495722  0.000652631  0.031  
               -0.00495722  0.000652631  0.032  
               -0.00495722  0.000652631  0.033  
               -0.00495722  0.000652631  0.034  
               -0.00495722  0.000652631  0.035  
               -0.00495722  0.000652631  0.036  
               -0.00495722  0.000652631  0.037  
               -0.00495722  0.000652631  0.038  
               -0.00495722  0.000652631  0.039  
               -0.00495722  0.000652631  0.04  
               -0.00495722  0.000652631  0.041  
               -0.00495722  0.000652631  0.042  
               -0.00495722  0.000652631  0.043  
               -0.00495722  0.000652631  0.044  
               -0.00495722  0.000652631  0.045  
               -0.00495722  0.000652631  0.046  
               -0.00495722  0.000652631  0.047  
               -0.00495722  0.000652631  0.048  
               -0.00495722  0.000652631  0.049  
               -0.00495722  -0.000652631  0.001  
               -0.00495722  -0.000652631  0.002  
               -0.00495722  -0.000652631  0.003  
               -0.00495722  -0.000652631  0.004  
               -0.00495722  -0.000652631  0.005  
               -0.00495722  -0.000652631  0.006  
               -0.00495722  -0.000652631  0.007  
               -0.00495722  -0.000652631  0.008  
               -0.00495722  -0.000652631  0.009  
               -0.00495722  -0.000652631  0.01  
               -0.00495722  -0.000652631  0.011  
               -0.00495722  -0.000652631  0.012  
               -0.00495722  -0.000652631  0.013  
               -0.00495722  -0.000652631  0.014  
               -0.00495722  -0.000652631  0.015  
               -0.00495722  -0.000652631  0.016  
               -0.00495722  -0.000652631  0.017  
               -0.00495722  -0.000652631  0.018  
               -0.00495722  -0.000652631  0.019  
               -0.00495722  -0.000652631  0.02  
               -0.00495722  -0.000652631  0.021  
               -0.00495722  -0.000652631  0.022  
               -0.00495722  -0.000652631  0.023  
               -0.00495722  -0.000652631  0.024  
               -0.00495722  -0.000652631  0.025  
               -0.00495722  -0.000652631  0.026  
               -0.00495722  -0.000652631  0.027  
               -0.00495722  -0.000652631  0.028  
               -0.00495722  -0.000652631  0.029  
               -0.00495722  -0.000652631  0.03  
               -0.00495722  -0.000652631  0.031  
               -0.00495722  -0.000652631  0.032  
               -0.00495722  -0.000652631  0.033  
               -0.00495722  -0.000652631  0.034  
               -0.00495722  -0.000652631  0.035  
               -0.00495722  -0.000652631  0.036  
               -0.00495722  -0.000652631  0.037  
               -0.00495722  -0.000652631  0.038  
               -0.00495722  -0.000652631  0.039  
               -0.00495722  -0.000652631  0.04  
               -0.00495722  -0.000652631  0.041  
               -0.00495722  -0.000652631  0.042  
               -0.00495722  -0.000652631  0.043  
               -0.00495722  -0.000652631  0.044  
               -0.00495722  -0.000652631  0.045  
               -0.00495722  -0.000652631  0.046  
               -0.00495722  -0.000652631  0.047  
               -0.00495722  -0.000652631  0.048  
               -0.00495722  -0.000652631  0.049  
               -0.00482963  -0.0012941  0.001  
               -0.00482963  -0.0012941  0.002  
               -0.00482963  -0.0012941  0.003  
               -0.00482963  -0.0012941  0.004  
               -0.00482963  -0.0012941  0.005  
               -0.00482963  -0.0012941  0.006  
               -0.00482963  -0.0012941  0.007  
               -0.00482963  -0.0012941  0.008  
               -0.00482963  -0.0012941  0.009  
               -0.00482963  -0.0012941  0.01  
               -0.00482963  -0.0012941  0.011  
               -0.00482963  -0.0012941  0.012  
               -0.00482963  -0.0012941  0.013  
               -0.00482963  -0.0012941  0.014  
               -0.00482963  -0.0012941  0.015  
               -0.00482963  -0.0012941  0.016  
               -0.00482963  -0.0012941  0.017  
               -0.00482963  -0.0012941  0.018  
               -0.00482963  -0.0012941  0.019  
               -0.00482963  -0.0012941  0.02  
               -0.00482963  -0.0012941  0.021  
               -0.00482963  -0.0012941  0.022  
               -0.00482963  -0.0012941  0.023  
               -0.00482963  -0.0012941  0.024  
               -0.00482963  -0.0012941  0.025  
               -0.00482963  -0.0012941  0.026  
               -0.00482963  -0.0012941  0.027  
               -0.00482963  -0.0012941  0.028  
               -0.00482963  -0.0012941  0.029  
               -0.00482963  -0.0012941  0.03  
               -0.00482963  -0.0012941  0.031  
               -0.00482963  -0.0012941  0.032  
               -0.00482963  -0.0012941  0.033  
               -0.00482963  -0.0012941  0.034  
               -0.00482963  -0.0012941  0.035  
               -0.00482963  -0.0012941  0.036  
               -0.00482963  -0.0012941  0.037  
               -0.00482963  -0.0012941  0.038  
               -0.00482963  -0.0012941  0.039  
               -0.00482963  -0.0012941  0.04  
               -0.00482963  -0.0012941  0.041  
               -0.00482963  -0.0012941  0.042  
               -0.00482963  -0.0012941  0.043  
               -0.00482963  -0.0012941  0.044  
               -0.00482963  -0.0012941  0.045  
               -0.00482963  -0.0012941  0.046  
               -0.00482963  -0.0012941  0.047  
               -0.00482963  -0.0012941  0.048  
               -0.00482963  -0.0012941  0.049  
               -0.0046194  -0.00191342  0.001  
               -0.0046194  -0.00191342  0.002  
               -0.0046194  -0.00191342  0.003  
               -0.0046194  -0.00191342  0.004  
               -0.0046194  -0.00191342  0.005  
               -0.0046194  -0.00191342  0.006  
               -0.0046194  -0.00191342  0.007  
               -0.0046194  -0.00191342  0.008  
               -0.0046194  -0.00191342  0.009  
               -0.0046194  -0.00191342  0.01  
               -0.0046194  -0.00191342  0.011  
               -0.0046194  -0.00191342  0.012  
               -0.0046194  -0.00191342  0.013  
               -0.0046194  -0.00191342  0.014  
               -0.0046194  -0.00191342  0.015  
               -0.0046194  -0.00191342  0.016  
               -0.0046194  -0.00191342  0.017  
               -0.0046194  -0.00191342  0.018  
               -0.0046194  -0.00191342  0.019  
               -0.0046194  -0.00191342  0.02  
               -0.0046194  -0.00191342  0.021  
               -0.0046194  -0.00191342  0.022  
               -0.0046194  -0.00191342  0.023  
               -0.0046194  -0.00191342  0.024  
               -0.0046194  -0.00191342  0.025  
               -0.0046194  -0.00191342  0.026  
               -0.0046194  -0.00191342  0.027  
               -0.0046194  -0.00191342  0.028  
               -0.0046194  -0.00191342  0.029  
               -0.0046194  -0.00191342  0.03  
               -0.0046194  -0.00191342  0.031  
               -0.0046194  -0.00191342  0.032  
               -0.0046194  -0.00191342  0.033  
               -0.0046194  -0.00191342  0.034  
               -0.0046194  -0.00191342  0.035  
               -0.0046194  -0.00191342  0.036  
               -0.0046194  -0.00191342  0.037  
               -0.0046194  -0.00191342  0.038  
               -0.0046194  -0.00191342  0.039  
               -0.0046194  -0.00191342  0.04  
               -0.0046194  -0.00191342  0.041  
               -0.0046194  -0.00191342  0.042  
               -0.0046194  -0.00191342  0.043  
               -0.0046194  -0.00191342  0.044  
               -0.0046194  -0.00191342  0.045  
               -0.0046194  -0.00191342  0.046  
               -0.0046194  -0.00191342  0.047  
               -0.0046194  -0.00191342  0.048  
               -0.0046194  -0.00191342  0.049  
               -0.00433013  -0.0025  0.001  
               -0.00433013  -0.0025  0.002  
               -0.00433013  -0.0025  0.003  
               -0.00433013  -0.0025  0.004  
               -0.00433013  -0.0025  0.005  
               -0.00433013  -0.0025  0.006  
               -0.00433013  -0.0025  0.007  
               -0.00433013  -0.0025  0.008  
               -0.00433013  -0.0025  0.009  
               -0.00433013  -0.0025  0.01  
               -0.00433013  -0.0025  0.011  
               -0.00433013  -0.0025  0.012  
               -0.00433013  -0.0025  0.013  
               -0.00433013  -0.0025  0.014  
               -0.00433013  -0.0025  0.015  
               -0.00433013  -0.0025  0.016  
               -0.00433013  -0.0025  0.017  
               -0.00433013  -0.0025  0.018  
               -0.00433013  -0.0025  0.019  
               -0.00433013  -0.0025  0.02  
               -0.00433013  -0.0025  0.021  
               -0.00433013  -0.0025  0.022  
               -0.00433013  -0.0025  0.023  
               -0.00433013  -0.0025  0.024  
               -0.00433013  -0.0025  0.025  
               -0.00433013  -0.0025  0.026  
               -0.00433013  -0.0025  0.027  
               -0.00433013  -0.0025  0.028  
               -0.00433013  -0.0025  0.029  
               -0.00433013  -0.0025  0.03  
               -0.00433013  -0.0025  0.031  
               -0.00433013  -0.0025  0.032  
               -0.00433013  -0.0025  0.033  
               -0.00433013  -0.0025  0.034  
               -0.00433013  -0.0025  0.035  
               -0.00433013  -0.0025  0.036  
               -0.00433013  -0.0025  0.037  
               -0.00433013  -0.0025  0.038  
               -0.00433013  -0.0025  0.039  
               -0.00433013  -0.0025  0.04  
               -0.00433013  -0.0025  0.041  
               -0.00433013  -0.0025  0.042  
               -0.00433013  -0.0025  0.043  
               -0.00433013  -0.0025  0.044  
               -0.00433013  -0.0025  0.045  
               -0.00433013  -0.0025  0.046  
               -0.00433013  -0.0025  0.047  
               -0.00433013  -0.0025  0.048  
               -0.00433013  -0.0025  0.049  
               -0.00396677  -0.00304381  0.001  
               -0.00396677  -0.00304381  0.002  
               -0.00396677  -0.00304381  0.003  
               -0.00396677  -0.00304381  0.004  
               -0.00396677  -0.00304381  0.005  
               -0.00396677  -0.00304381  0.006  
               -0.00396677  -0.00304381  0.007  
               -0.00396677  -0.00304381  0.008  
               -0.00396677  -0.00304381  0.009  
               -0.00396677  -0.00304381  0.01  
               -0.00396677  -0.00304381  0.011  
               -0.00396677  -0.00304381  0.012  
               -0.00396677  -0.00304381  0.013  
               -0.00396677  -0.00304381  0.014  
               -0.00396677  -0.00304381  0.015  
               -0.00396677  -0.00304381  0.016  
               -0.00396677  -0.00304381  0.017  
               -0.00396677  -0.00304381  0.018  
               -0.00396677  -0.00304381  0.019  
               -0.00396677  -0.00304381  0.02  
               -0.00396677  -0.00304381  0.021  
               -0.00396677  -0.00304381  0.022  
               -0.00396677  -0.00304381  0.023  
               -0.00396677  -0.00304381  0.024  
               -0.00396677  -0.00304381  0.025  
               -0.00396677  -0.00304381  0.026  
               -0.00396677  -0.00304381  0.027  
               -0.00396677  -0.00304381  0.028  
               -0.00396677  -0.00304381  0.029  
               -0.00396677  -0.00304381  0.03  
               -0.00396677  -0.00304381  0.031  
               -0.00396677  -0.00304381  0.032  
               -0.00396677  -0.00304381  0.033  
               -0.00396677  -0.00304381  0.034  
               -0.00396677  -0.00304381  0.035  
               -0.00396677  -0.00304381  0.036  
               -0.00396677  -0.00304381  0.037  
               -0.00396677  -0.00304381  0.038  
               -0.00396677  -0.00304381  0.039  
               -0.00396677  -0.00304381  0.04  
               -0.00396677  -0.00304381  0.041  
               -0.00396677  -0.00304381  0.042  
               -0.00396677  -0.00304381  0.043  
               -0.00396677  -0.00304381  0.044  
               -0.00396677  -0.00304381  0.045  
               -0.00396677  -0.00304381  0.046  
               -0.00396677  -0.00304381  0.047  
               -0.00396677  -0.00304381  0.048  
               -0.00396677  -0.00304381  0.049  
               -0.00353553  -0.00353553  0.001  
               -0.00353553  -0.00353553  0.002  
               -0.00353553  -0.00353553  0.003  
               -0.00353553  -0.00353553  0.004  
               -0.00353553  -0.00353553  0.005  
               -0.00353553  -0.00353553  0.006  
               -0.00353553  -0.00353553  0.007  
               -0.00353553  -0.00353553  0.008  
               -0.00353553  -0.00353553  0.009  
               -0.00353553  -0.00353553  0.01  
               -0.00353553  -0.00353553  0.011  
               -0.00353553  -0.00353553  0.012  
               -0.00353553  -0.00353553  0.013  
               -0.00353553  -0.00353553  0.014  
               -0.00353553  -0.00353553  0.015  
               -0.00353553  -0.00353553  0.016  
               -0.00353553  -0.00353553  0.017  
               -0.00353553  -0.00353553  0.018  
               -0.00353553  -0.00353553  0.019  
               -0.00353553  -0.00353553  0.02  
               -0.00353553  -0.00353553  0.021  
               -0.00353553  -0.00353553  0.022  
               -0.00353553  -0.00353553  0.023  
               -0.00353553  -0.00353553  0.024  
               -0.00353553  -0.00353553  0.025  
               -0.00353553  -0.00353553  0.026  
               -0.00353553  -0.00353553  0.027  
               -0.00353553  -0.00353553  0.028  
               -0.00353553  -0.00353553  0.029  
               -0.00353553  -0.00353553  0.03  
               -0.00353553  -0.00353553  0.031  
               -0.00353553  -0.00353553  0.032  
               -0.00353553  -0.00353553  0.033  
               -0.00353553  -0.00353553  0.034  
               -0.00353553  -0.00353553  0.035  
               -0.00353553  -0.00353553  0.036  
               -0.00353553  -0.00353553  0.037  
               -0.00353553  -0.00353553  0.038  
               -0.00353553  -0.00353553  0.039  
               -0.00353553  -0.00353553  0.04  
               -0.00353553  -0.00353553  0.041  
               -0.00353553  -0.00353553  0.042  
               -0.00353553  -0.00353553  0.043  
               -0.00353553  -0.00353553  0.044  
               -0.00353553  -0.00353553  0.045  
               -0.00353553  -0.00353553  0.046  
               -0.00353553  -0.00353553  0.047  
               -0.00353553  -0.00353553  0.048  
               -0.00353553  -0.00353553  0.049  
               -0.00304381  -0.00396677  0.001  
               -0.00304381  -0.00396677  0.002  
               -0.00304381  -0.00396677  0.003  
               -0.00304381  -0.00396677  0.004  
               -0.00304381  -0.00396677  0.005  
               -0.00304381  -0.00396677  0.006  
               -0.00304381  -0.00396677  0.007  
               -0.00304381  -0.00396677  0.008  
               -0.00304381  -0.00396677  0.009  
               -0.00304381  -0.00396677  0.01  
               -0.00304381  -0.00396677  0.011  
               -0.00304381  -0.00396677  0.012  
               -0.00304381  -0.00396677  0.013  
               -0.00304381  -0.00396677  0.014  
               -0.00304381  -0.00396677  0.015  
               -0.00304381  -0.00396677  0.016  
               -0.00304381  -0.00396677  0.017  
               -0.00304381  -0.00396677  0.018  
               -0.00304381  -0.00396677  0.019  
               -0.00304381  -0.00396677  0.02  
               -0.00304381  -0.00396677  0.021  
               -0.00304381  -0.00396677  0.022  
               -0.00304381  -0.00396677  0.023  
               -0.00304381  -0.00396677  0.024  
               -0.00304381  -0.00396677  0.025  
               -0.00304381  -0.00396677  0.026  
               -0.00304381  -0.00396677  0.027  
               -0.00304381  -0.00396677  0.028  
               -0.00304381  -0.00396677  0.029  
               -0.00304381  -0.00396677  0.03  
               -0.00304381  -0.00396677  0.031  
               -0.00304381  -0.00396677  0.032  
               -0.00304381  -0.00396677  0.033  
               -0.00304381  -0.00396677  0.034  
               -0.00304381  -0.00396677  0.035  
               -0.00304381  -0.00396677  0.036  
               -0.00304381  -0.00396677  0.037  
               -0.00304381  -0.00396677  0.038  
               -0.00304381  -0.00396677  0.039  
               -0.00304381  -0.00396677  0.04  
               -0.00304381  -0.00396677  0.041  
               -0.00304381  -0.00396677  0.042  
               -0.00304381  -0.00396677  0.043  
               -0.00304381  -0.00396677  0.044  
               -0.00304381  -0.00396677  0.045  
               -0.00304381  -0.00396677  0.046  
               -0.00304381  -0.00396677  0.047  
               -0.00304381  -0.00396677  0.048  
               -0.00304381  -0.00396677  0.049  
               -0.0025  -0.00433013  0.001  
               -0.0025  -0.00433013  0.002  
               -0.0025  -0.00433013  0.003  
               -0.0025  -0.00433013  0.004  
               -0.0025  -0.00433013  0.005  
               -0.0025  -0.00433013  0.006  
               -0.0025  -0.00433013  0.007  
               -0.0025  -0.00433013  0.008  
               -0.0025  -0.00433013  0.009  
               -0.0025  -0.00433013  0.01  
               -0.0025  -0.00433013  0.011  
               -0.0025  -0.00433013  0.012  
               -0.0025  -0.00433013  0.013  
               -0.0025  -0.00433013  0.014  
               -0.0025  -0.00433013  0.015  
               -0.0025  -0.00433013  0.016  
               -0.0025  -0.00433013  0.017  
               -0.0025  -0.00433013  0.018  
               -0.0025  -0.00433013  0.019  
               -0.0025  -0.00433013  0.02  
               -0.0025  -0.00433013  0.021  
               -0.0025  -0.00433013  0.022  
               -0.0025  -0.00433013  0.023  
               -0.0025  -0.00433013  0.024  
               -0.0025  -0.00433013  0.025  
               -0.0025  -0.00433013  0.026  
               -0.0025  -0.00433013  0.027  
               -0.0025  -0.00433013  0.028  
               -0.0025  -0.00433013  0.029  
               -0.0025  -0.00433013  0.03  
               -0.0025  -0.00433013  0.031  
               -0.0025  -0.00433013  0.032  
               -0.0025  -0.00433013  0.033  
               -0.0025  -0.00433013  0.034  
               -0.0025  -0.00433013  0.035  
               -0.0025  -0.00433013  0.036  
               -0.0025  -0.00433013  0.037  
               -0.0025  -0.00433013  0.038  
               -0.0025  -0.00433013  0.039  
               -0.0025  -0.00433013  0.04  
               -0.0025  -0.00433013  0.041  
               -0.0025  -0.00433013  0.042  
               -0.0025  -0.00433013  0.043  
               -0.0025  -0.00433013  0.044  
               -0.0025  -0.00433013  0.045  
               -0.0025  -0.00433013  0.046  
               -0.0025  -0.00433013  0.047  
               -0.0025  -0.00433013  0.048  
               -0.0025  -0.00433013  0.049  
               -0.00191342  -0.0046194  0.001  
               -0.00191342  -0.0046194  0.002  
               -0.00191342  -0.0046194  0.003  
               -0.00191342  -0.0046194  0.004  
               -0.00191342  -0.0046194  0.005  
               -0.00191342  -0.0046194  0.006  
               -0.00191342  -0.0046194  0.007  
               -0.00191342  -0.0046194  0.008  
               -0.00191342  -0.0046194  0.009  
               -0.00191342  -0.0046194  0.01  
               -0.00191342  -0.0046194  0.011  
               -0.00191342  -0.0046194  0.012  
               -0.00191342  -0.0046194  0.013  
               -0.00191342  -0.0046194  0.014  
               -0.00191342  -0.0046194  0.015  
               -0.00191342  -0.0046194  0.016  
               -0.00191342  -0.0046194  0.017  
               -0.00191342  -0.0046194  0.018  
               -0.00191342  -0.0046194  0.019  
               -0.00191342  -0.0046194  0.02  
               -0.00191342  -0.0046194  0.021  
               -0.00191342  -0.0046194  0.022  
               -0.00191342  -0.0046194  0.023  
               -0.00191342  -0.0046194  0.024  
               -0.00191342  -0.0046194  0.025  
               -0.00191342  -0.0046194  0.026  
               -0.00191342  -0.0046194  0.027  
               -0.00191342  -0.0046194  0.028  
               -0.00191342  -0.0046194  0.029  
               -0.00191342  -0.0046194  0.03  
               -0.00191342  -0.0046194  0.031  
               -0.00191342  -0.0046194  0.032  
               -0.00191342  -0.0046194  0.033  
               -0.00191342  -0.0046194  0.034  
               -0.00191342  -0.0046194  0.035  
               -0.00191342  -0.0046194  0.036  
               -0.00191342  -0.0046194  0.037  
               -0.00191342  -0.0046194  0.038  
               -0.00191342  -0.0046194  0.039  
               -0.00191342  -0.0046194  0.04  
               -0.00191342  -0.0046194  0.041  
               -0.00191342  -0.0046194  0.042  
               -0.00191342  -0.0046194  0.043  
               -0.00191342  -0.0046194  0.044  
               -0.00191342  -0.0046194  0.045  
               -0.00191342  -0.0046194  0.046  
               -0.00191342  -0.0046194  0.047  
               -0.00191342  -0.0046194  0.048  
               -0.00191342  -0.0046194  0.049  
               -0.0012941  -0.00482963  0.001  
               -0.0012941  -0.00482963  0.002  
               -0.0012941  -0.00482963  0.003  
               -0.0012941  -0.00482963  0.004  
               -0.0012941  -0.00482963  0.005  
               -0.0012941  -0.00482963  0.006  
               -0.0012941  -0.00482963  0.007  
               -0.0012941  -0.00482963  0.008  
               -0.0012941  -0.00482963  0.009  
               -0.0012941  -0.00482963  0.01  
               -0.0012941  -0.00482963  0.011  
               -0.0012941  -0.00482963  0.012  
               -0.0012941  -0.00482963  0.013  
               -0.0012941  -0.00482963  0.014  
               -0.0012941  -0.00482963  0.015  
               -0.0012941  -0.00482963  0.016  
               -0.0012941  -0.00482963  0.017  
               -0.0012941  -0.00482963  0.018  
               -0.0012941  -0.00482963  0.019  
               -0.0012941  -0.00482963  0.02  
               -0.0012941  -0.00482963  0.021  
               -0.0012941  -0.00482963  0.022  
               -0.0012941  -0.00482963  0.023  
               -0.0012941  -0.00482963  0.024  
               -0.0012941  -0.00482963  0.025  
               -0.0012941  -0.00482963  0.026  
               -0.0012941  -0.00482963  0.027  
               -0.0012941  -0.00482963  0.028  
               -0.0012941  -0.00482963  0.029  
               -0.0012941  -0.00482963  0.03  
               -0.0012941  -0.00482963  0.031  
               -0.0012941  -0.00482963  0.032  
               -0.0012941  -0.00482963  0.033  
               -0.0012941  -0.00482963  0.034  
               -0.0012941  -0.00482963  0.035  
               -0.0012941  -0.00482963  0.036  
               -0.0012941  -0.00482963  0.037  
               -0.0012941  -0.00482963  0.038  
               -0.0012941  -0.00482963  0.039  
               -0.0012941  -0.00482963  0.04  
               -0.0012941  -0.00482963  0.041  
               -0.0012941  -0.00482963  0.042  
               -0.0012941  -0.00482963  0.043  
               -0.0012941  -0.00482963  0.044  
               -0.0012941  -0.00482963  0.045  
               -0.0012941  -0.00482963  0.046  
               -0.0012941  -0.00482963  0.047  
               -0.0012941  -0.00482963  0.048  
               -0.0012941  -0.00482963  0.049  
               -0.000652631  -0.00495722  0.001  
               -0.000652631  -0.00495722  0.002  
               -0.000652631  -0.00495722  0.003  
               -0.000652631  -0.00495722  0.004  
               -0.000652631  -0.00495722  0.005  
               -0.000652631  -0.00495722  0.006  
               -0.000652631  -0.00495722  0.007  
               -0.000652631  -0.00495722  0.008  
               -0.000652631  -0.00495722  0.009  
               -0.000652631  -0.00495722  0.01  
               -0.000652631  -0.00495722  0.011  
               -0.000652631  -0.00495722  0.012  
               -0.000652631  -0.00495722  0.013  
               -0.000652631  -0.00495722  0.014  
               -0.000652631  -0.00495722  0.015  
               -0.000652631  -0.00495722  0.016  
               -0.000652631  -0.00495722  0.017  
               -0.000652631  -0.00495722  0.018  
               -0.000652631  -0.00495722  0.019  
               -0.000652631  -0.00495722  0.02  
               -0.000652631  -0.00495722  0.021  
               -0.000652631  -0.00495722  0.022  
               -0.000652631  -0.00495722  0.023  
               -0.000652631  -0.00495722  0.024  
               -0.000652631  -0.00495722  0.025  
               -0.000652631  -0.00495722  0.026  
               -0.000652631  -0.00495722  0.027  
               -0.000652631  -0.00495722  0.028  
               -0.000652631  -0.00495722  0.029  
               -0.000652631  -0.00495722  0.03  
               -0.000652631  -0.00495722  0.031  
               -0.000652631  -0.00495722  0.032  
               -0.000652631  -0.00495722  0.033  
               -0.000652631  -0.00495722  0.034  
               -0.000652631  -0.00495722  0.035  
               -0.000652631  -0.00495722  0.036  
               -0.000652631  -0.00495722  0.037  
               -0.000652631  -0.00495722  0.038  
               -0.000652631  -0.00495722  0.039  
               -0.000652631  -0.00495722  0.04  
               -0.000652631  -0.00495722  0.041  
               -0.000652631  -0.00495722  0.042  
               -0.000652631  -0.00495722  0.043  
               -0.000652631  -0.00495722  0.044  
               -0.000652631  -0.00495722  0.045  
               -0.000652631  -0.00495722  0.046  
               -0.000652631  -0.00495722  0.047  
               -0.000652631  -0.00495722  0.048  
               -0.000652631  -0.00495722  0.049  
               0.000652631  -0.00495722  0.001  
               0.000652631  -0.00495722  0.002  
               0.000652631  -0.00495722  0.003  
               0.000652631  -0.00495722  0.004  
               0.000652631  -0.00495722  0.005  
               0.000652631  -0.00495722  0.006  
               0.000652631  -0.00495722  0.007  
               0.000652631  -0.00495722  0.008  
               0.000652631  -0.00495722  0.009  
               0.000652631  -0.00495722  0.01  
               0.000652631  -0.00495722  0.011  
               0.000652631  -0.00495722  0.012  
               0.000652631  -0.00495722  0.013  
               0.000652631  -0.00495722  0.014  
               0.000652631  -0.00495722  0.015  
               0.000652631  -0.00495722  0.016  
               0.000652631  -0.00495722  0.017  
               0.000652631  -0.00495722  0.018  
               0.000652631  -0.00495722  0.019  
               0.000652631  -0.00495722  0.02  
               0.000652631  -0.00495722  0.021  
               0.000652631  -0.00495722  0.022  
               0.000652631  -0.00495722  0.023  
               0.000652631  -0.00495722  0.024  
               0.000652631  -0.00495722  0.025  
               0.000652631  -0.00495722  0.026  
               0.000652631  -0.00495722  0.027  
               0.000652631  -0.00495722  0.028  
               0.000652631  -0.00495722  0.029  
               0.000652631  -0.00495722  0.03  
               0.000652631  -0.00495722  0.031  
               0.000652631  -0.00495722  0.032  
               0.000652631  -0.00495722  0.033  
               0.000652631  -0.00495722  0.034  
               0.000652631  -0.00495722  0.035  
               0.000652631  -0.00495722  0.036  
               0.000652631  -0.00495722  0.037  
               0.000652631  -0.00495722  0.038  
               0.000652631  -0.00495722  0.039  
               0.000652631  -0.00495722  0.04  
               0.000652631  -0.00495722  0.041  
               0.000652631  -0.00495722  0.042  
               0.000652631  -0.00495722  0.043  
               0.000652631  -0.00495722  0.044  
               0.000652631  -0.00495722  0.045  
               0.000652631  -0.00495722  0.046  
               0.000652631  -0.00495722  0.047  
               0.000652631  -0.00495722  0.048  
               0.000652631  -0.00495722  0.049  
               0.0012941  -0.00482963  0.001  
               0.0012941  -0.00482963  0.002  
               0.0012941  -0.00482963  0.003  
               0.0012941  -0.00482963  0.004  
               0.0012941  -0.00482963  0.005  
               0.0012941  -0.00482963  0.006  
               0.0012941  -0.00482963  0.007  
               0.0012941  -0.00482963  0.008  
               0.0012941  -0.00482963  0.009  
               0.0012941  -0.00482963  0.01  
               0.0012941  -0.00482963  0.011  
               0.0012941  -0.00482963  0.012  
               0.0012941  -0.00482963  0.013  
               0.0012941  -0.00482963  0.014  
               0.0012941  -0.00482963  0.015  
               0.0012941  -0.00482963  0.016  
               0.0012941  -0.00482963  0.017  
               0.0012941  -0.00482963  0.018  
               0.0012941  -0.00482963  0.019  
               0.0012941  -0.00482963  0.02  
               0.0012941  -0.00482963  0.021  
               0.0012941  -0.00482963  0.022  
               0.0012941  -0.00482963  0.023  
               0.0012941  -0.00482963  0.024  
               0.0012941  -0.00482963  0.025  
               0.0012941  -0.00482963  0.026  
               0.0012941  -0.00482963  0.027  
               0.0012941  -0.00482963  0.028  
               0.0012941  -0.00482963  0.029  
               0.0012941  -0.00482963  0.03  
               0.0012941  -0.00482963  0.031  
               0.0012941  -0.00482963  0.032  
               0.0012941  -0.00482963  0.033  
               0.0012941  -0.00482963  0.034  
               0.0012941  -0.00482963  0.035  
               0.0012941  -0.00482963  0.036  
               0.0012941  -0.00482963  0.037  
               0.0012941  -0.00482963  0.038  
               0.0012941  -0.00482963  0.039  
               0.0012941  -0.00482963  0.04  
               0.0012941  -0.00482963  0.041  
               0.0012941  -0.00482963  0.042  
               0.0012941  -0.00482963  0.043  
               0.0012941  -0.00482963  0.044  
               0.0012941  -0.00482963  0.045  
               0.0012941  -0.00482963  0.046  
               0.0012941  -0.00482963  0.047  
               0.0012941  -0.00482963  0.048  
               0.0012941  -0.00482963  0.049  
               0.00191342  -0.0046194  0.001  
               0.00191342  -0.0046194  0.002  
               0.00191342  -0.0046194  0.003  
               0.00191342  -0.0046194  0.004  
               0.00191342  -0.0046194  0.005  
               0.00191342  -0.0046194  0.006  
               0.00191342  -0.0046194  0.007  
               0.00191342  -0.0046194  0.008  
               0.00191342  -0.0046194  0.009  
               0.00191342  -0.0046194  0.01  
               0.00191342  -0.0046194  0.011  
               0.00191342  -0.0046194  0.012  
               0.00191342  -0.0046194  0.013  
               0.00191342  -0.0046194  0.014  
               0.00191342  -0.0046194  0.015  
               0.00191342  -0.0046194  0.016  
               0.00191342  -0.0046194  0.017  
               0.00191342  -0.0046194  0.018  
               0.00191342  -0.0046194  0.019  
               0.00191342  -0.0046194  0.02  
               0.00191342  -0.0046194  0.021  
               0.00191342  -0.0046194  0.022  
               0.00191342  -0.0046194  0.023  
               0.00191342  -0.0046194  0.024  
               0.00191342  -0.0046194  0.025  
               0.00191342  -0.0046194  0.026  
               0.00191342  -0.0046194  0.027  
               0.00191342  -0.0046194  0.028  
               0.00191342  -0.0046194  0.029  
               0.00191342  -0.0046194  0.03  
               0.00191342  -0.0046194  0.031  
               0.00191342  -0.0046194  0.032  
               0.00191342  -0.0046194  0.033  
               0.00191342  -0.0046194  0.034  
               0.00191342  -0.0046194  0.035  
               0.00191342  -0.0046194  0.036  
               0.00191342  -0.0046194  0.037  
               0.00191342  -0.0046194  0.038  
               0.00191342  -0.0046194  0.039  
               0.00191342  -0.0046194  0.04  
               0.00191342  -0.0046194  0.041  
               0.00191342  -0.0046194  0.042  
               0.00191342  -0.0046194  0.043  
               0.00191342  -0.0046194  0.044  
               0.00191342  -0.0046194  0.045  
               0.00191342  -0.0046194  0.046  
               0.00191342  -0.0046194  0.047  
               0.00191342  -0.0046194  0.048  
               0.00191342  -0.0046194  0.049  
               0.0025  -0.00433013  0.001  
               0.0025  -0.00433013  0.002  
               0.0025  -0.00433013  0.003  
               0.0025  -0.00433013  0.004  
               0.0025  -0.00433013  0.005  
               0.0025  -0.00433013  0.006  
               0.0025  -0.00433013  0.007  
               0.0025  -0.00433013  0.008  
               0.0025  -0.00433013  0.009  
               0.0025  -0.00433013  0.01  
               0.0025  -0.00433013  0.011  
               0.0025  -0.00433013  0.012  
               0.0025  -0.00433013  0.013  
               0.0025  -0.00433013  0.014  
               0.0025  -0.00433013  0.015  
               0.0025  -0.00433013  0.016  
               0.0025  -0.00433013  0.017  
               0.0025  -0.00433013  0.018  
               0.0025  -0.00433013  0.019  
               0.0025  -0.00433013  0.02  
               0.0025  -0.00433013  0.021  
               0.0025  -0.00433013  0.022  
               0.0025  -0.00433013  0.023  
               0.0025  -0.00433013  0.024  
               0.0025  -0.00433013  0.025  
               0.0025  -0.00433013  0.026  
               0.0025  -0.00433013  0.027  
               0.0025  -0.00433013  0.028  
               0.0025  -0.00433013  0.029  
               0.0025  -0.00433013  0.03  
               0.0025  -0.00433013  0.031  
               0.0025  -0.00433013  0.032  
               0.0025  -0.00433013  0.033  
               0.0025  -0.00433013  0.034  
               0.0025  -0.00433013  0.035  
               0.0025  -0.00433013  0.036  
               0.0025  -0.00433013  0.037  
               0.0025  -0.00433013  0.038  
               0.0025  -0.00433013  0.039  
               0.0025  -0.00433013  0.04  
               0.0025  -0.00433013  0.041  
               0.0025  -0.00433013  0.042  
               0.0025  -0.00433013  0.043  
               0.0025  -0.00433013  0.044  
               0.0025  -0.00433013  0.045  
               0.0025  -0.00433013  0.046  
               0.0025  -0.00433013  0.047  
               0.0025  -0.00433013  0.048  
               0.0025  -0.00433013  0.049  
               0.00304381  -0.00396677  0.001  
               0.00304381  -0.00396677  0.002  
               0.00304381  -0.00396677  0.003  
               0.00304381  -0.00396677  0.004  
               0.00304381  -0.00396677  0.005  
               0.00304381  -0.00396677  0.006  
               0.00304381  -0.00396677  0.007  
               0.00304381  -0.00396677  0.008  
               0.00304381  -0.00396677  0.009  
               0.00304381  -0.00396677  0.01  
               0.00304381  -0.00396677  0.011  
               0.00304381  -0.00396677  0.012  
               0.00304381  -0.00396677  0.013  
               0.00304381  -0.00396677  0.014  
               0.00304381  -0.00396677  0.015  
               0.00304381  -0.00396677  0.016  
               0.00304381  -0.00396677  0.017  
               0.00304381  -0.00396677  0.018  
               0.00304381  -0.00396677  0.019  
               0.00304381  -0.00396677  0.02  
               0.00304381  -0.00396677  0.021  
               0.00304381  -0.00396677  0.022  
               0.00304381  -0.00396677  0.023  
               0.00304381  -0.00396677  0.024  
               0.00304381  -0.00396677  0.025  
               0.00304381  -0.00396677  0.026  
               0.00304381  -0.00396677  0.027  
               0.00304381  -0.00396677  0.028  
               0.00304381  -0.00396677  0.029  
               0.00304381  -0.00396677  0.03  
               0.00304381  -0.00396677  0.031  
               0.00304381  -0.00396677  0.032  
               0.00304381  -0.00396677  0.033  
               0.00304381  -0.00396677  0.034  
               0.00304381  -0.00396677  0.035  
               0.00304381  -0.00396677  0.036  
               0.00304381  -0.00396677  0.037  
               0.00304381  -0.00396677  0.038  
               0.00304381  -0.00396677  0.039  
               0.00304381  -0.00396677  0.04  
               0.00304381  -0.00396677  0.041  
               0.00304381  -0.00396677  0.042  
               0.00304381  -0.00396677  0.043  
               0.00304381  -0.00396677  0.044  
               0.00304381  -0.00396677  0.045  
               0.00304381  -0.00396677  0.046  
               0.00304381  -0.00396677  0.047  
               0.00304381  -0.00396677  0.048  
               0.00304381  -0.00396677  0.049  
               0.00353553  -0.00353553  0.001  
               0.00353553  -0.00353553  0.002  
               0.00353553  -0.00353553  0.003  
               0.00353553  -0.00353553  0.004  
               0.00353553  -0.00353553  0.005  
               0.00353553  -0.00353553  0.006  
               0.00353553  -0.00353553  0.007  
               0.00353553  -0.00353553  0.008  
               0.00353553  -0.00353553  0.009  
               0.00353553  -0.00353553  0.01  
               0.00353553  -0.00353553  0.011  
               0.00353553  -0.00353553  0.012  
               0.00353553  -0.00353553  0.013  
               0.00353553  -0.00353553  0.014  
               0.00353553  -0.00353553  0.015  
               0.00353553  -0.00353553  0.016  
               0.00353553  -0.00353553  0.017  
               0.00353553  -0.00353553  0.018  
               0.00353553  -0.00353553  0.019  
               0.00353553  -0.00353553  0.02  
               0.00353553  -0.00353553  0.021  
               0.00353553  -0.00353553  0.022  
               0.00353553  -0.00353553  0.023  
               0.00353553  -0.00353553  0.024  
               0.00353553  -0.00353553  0.025  
               0.00353553  -0.00353553  0.026  
               0.00353553  -0.00353553  0.027  
               0.00353553  -0.00353553  0.028  
               0.00353553  -0.00353553  0.029  
               0.00353553  -0.00353553  0.03  
               0.00353553  -0.00353553  0.031  
               0.00353553  -0.00353553  0.032  
               0.00353553  -0.00353553  0.033  
               0.00353553  -0.00353553  0.034  
               0.00353553  -0.00353553  0.035  
               0.00353553  -0.00353553  0.036  
               0.00353553  -0.00353553  0.037  
               0.00353553  -0.00353553  0.038  
               0.00353553  -0.00353553  0.039  
               0.00353553  -0.00353553  0.04  
               0.00353553  -0.00353553  0.041  
               0.00353553  -0.00353553  0.042  
               0.00353553  -0.00353553  0.043  
               0.00353553  -0.00353553  0.044  
               0.00353553  -0.00353553  0.045  
               0.00353553  -0.00353553  0.046  
               0.00353553  -0.00353553  0.047  
               0.00353553  -0.00353553  0.048  
               0.00353553  -0.00353553  0.049  
               0.00396677  -0.00304381  0.001  
               0.00396677  -0.00304381  0.002  
               0.00396677  -0.00304381  0.003  
               0.00396677  -0.00304381  0.004  
               0.00396677  -0.00304381  0.005  
               0.00396677  -0.00304381  0.006  
               0.00396677  -0.00304381  0.007  
               0.00396677  -0.00304381  0.008  
               0.00396677  -0.00304381  0.009  
               0.00396677  -0.00304381  0.01  
               0.00396677  -0.00304381  0.011  
               0.00396677  -0.00304381  0.012  
               0.00396677  -0.00304381  0.013  
               0.00396677  -0.00304381  0.014  
               0.00396677  -0.00304381  0.015  
               0.00396677  -0.00304381  0.016  
               0.00396677  -0.00304381  0.017  
               0.00396677  -0.00304381  0.018  
               0.00396677  -0.00304381  0.019  
               0.00396677  -0.00304381  0.02  
               0.00396677  -0.00304381  0.021  
               0.00396677  -0.00304381  0.022  
               0.00396677  -0.00304381  0.023  
               0.00396677  -0.00304381  0.024  
               0.00396677  -0.00304381  0.025  
               0.00396677  -0.00304381  0.026  
               0.00396677  -0.00304381  0.027  
               0.00396677  -0.00304381  0.028  
               0.00396677  -0.00304381  0.029  
               0.00396677  -0.00304381  0.03  
               0.00396677  -0.00304381  0.031  
               0.00396677  -0.00304381  0.032  
               0.00396677  -0.00304381  0.033  
               0.00396677  -0.00304381  0.034  
               0.00396677  -0.00304381  0.035  
               0.00396677  -0.00304381  0.036  
               0.00396677  -0.00304381  0.037  
               0.00396677  -0.00304381  0.038  
               0.00396677  -0.00304381  0.039  
               0.00396677  -0.00304381  0.04  
               0.00396677  -0.00304381  0.041  
               0.00396677  -0.00304381  0.042  
               0.00396677  -0.00304381  0.043  
               0.00396677  -0.00304381  0.044  
               0.00396677  -0.00304381  0.045  
               0.00396677  -0.00304381  0.046  
               0.00396677  -0.00304381  0.047  
               0.00396677  -0.00304381  0.048  
               0.00396677  -0.00304381  0.049  
               0.00433013  -0.0025  0.001  
               0.00433013  -0.0025  0.002  
               0.00433013  -0.0025  0.003  
               0.00433013  -0.0025  0.004  
               0.00433013  -0.0025  0.005  
               0.00433013  -0.0025  0.006  
               0.00433013  -0.0025  0.007  
               0.00433013  -0.0025  0.008  
               0.00433013  -0.0025  0.009  
               0.00433013  -0.0025  0.01  
               0.00433013  -0.0025  0.011  
               0.00433013  -0.0025  0.012  
               0.00433013  -0.0025  0.013  
               0.00433013  -0.0025  0.014  
               0.00433013  -0.0025  0.015  
               0.00433013  -0.0025  0.016  
               0.00433013  -0.0025  0.017  
               0.00433013  -0.0025  0.018  
               0.00433013  -0.0025  0.019  
               0.00433013  -0.0025  0.02  
               0.00433013  -0.0025  0.021  
               0.00433013  -0.0025  0.022  
               0.00433013  -0.0025  0.023  
               0.00433013  -0.0025  0.024  
               0.00433013  -0.0025  0.025  
               0.00433013  -0.0025  0.026  
               0.00433013  -0.0025  0.027  
               0.00433013  -0.0025  0.028  
               0.00433013  -0.0025  0.029  
               0.00433013  -0.0025  0.03  
               0.00433013  -0.0025  0.031  
               0.00433013  -0.0025  0.032  
               0.00433013  -0.0025  0.033  
               0.00433013  -0.0025  0.034  
               0.00433013  -0.0025  0.035  
               0.00433013  -0.0025  0.036  
               0.00433013  -0.0025  0.037  
               0.00433013  -0.0025  0.038  
               0.00433013  -0.0025  0.039  
               0.00433013  -0.0025  0.04  
               0.00433013  -0.0025  0.041  
               0.00433013  -0.0025  0.042  
               0.00433013  -0.0025  0.043  
               0.00433013  -0.0025  0.044  
               0.00433013  -0.0025  0.045  
               0.00433013  -0.0025  0.046  
               0.00433013  -0.0025  0.047  
               0.00433013  -0.0025  0.048  
               0.00433013  -0.0025  0.049  
               0.0046194  -0.00191342  0.001  
               0.0046194  -0.00191342  0.002  
               0.0046194  -0.00191342  0.003  
               0.0046194  -0.00191342  0.004  
               0.0046194  -0.00191342  0.005  
               0.0046194  -0.00191342  0.006  
               0.0046194  -0.00191342  0.007  
               0.0046194  -0.00191342  0.008  
               0.0046194  -0.00191342  0.009  
               0.0046194  -0.00191342  0.01  
               0.0046194  -0.00191342  0.011  
               0.0046194  -0.00191342  0.012  
               0.0046194  -0.00191342  0.013  
               0.0046194  -0.00191342  0.014  
               0.0046194  -0.00191342  0.015  
               0.0046194  -0.00191342  0.016  
               0.0046194  -0.00191342  0.017  
               0.0046194  -0.00191342  0.018  
               0.0046194  -0.00191342  0.019  
               0.0046194  -0.00191342  0.02  
               0.0046194  -0.00191342  0.021  
               0.0046194  -0.00191342  0.022  
               0.0046194  -0.00191342  0.023  
               0.0046194  -0.00191342  0.024  
               0.0046194  -0.00191342  0.025  
               0.0046194  -0.00191342  0.026  
               0.0046194  -0.00191342  0.027  
               0.0046194  -0.00191342  0.028  
               0.0046194  -0.00191342  0.029  
               0.0046194  -0.00191342  0.03  
               0.0046194  -0.00191342  0.031  
               0.0046194  -0.00191342  0.032  
               0.0046194  -0.00191342  0.033  
               0.0046194  -0.00191342  0.034  
               0.0046194  -0.00191342  0.035  
               0.0046194  -0.00191342  0.036  
               0.0046194  -0.00191342  0.037  
               0.0046194  -0.00191342  0.038  
               0.0046194  -0.00191342  0.039  
               0.0046194  -0.00191342  0.04  
               0.0046194  -0.00191342  0.041  
               0.0046194  -0.00191342  0.042  
               0.0046194  -0.00191342  0.043  
               0.0046194  -0.00191342  0.044  
               0.0046194  -0.00191342  0.045  
               0.0046194  -0.00191342  0.046  
               0.0046194  -0.00191342  0.047  
               0.0046194  -0.00191342  0.048  
               0.0046194  -0.00191342  0.049  
               0.00482963  -0.0012941  0.001  
               0.00482963  -0.0012941  0.002  
               0.00482963  -0.0012941  0.003  
               0.00482963  -0.0012941  0.004  
               0.00482963  -0.0012941  0.005  
               0.00482963  -0.0012941  0.006  
               0.00482963  -0.0012941  0.007  
               0.00482963  -0.0012941  0.008  
               0.00482963  -0.0012941  0.009  
               0.00482963  -0.0012941  0.01  
               0.00482963  -0.0012941  0.011  
               0.00482963  -0.0012941  0.012  
               0.00482963  -0.0012941  0.013  
               0.00482963  -0.0012941  0.014  
               0.00482963  -0.0012941  0.015  
               0.00482963  -0.0012941  0.016  
               0.00482963  -0.0012941  0.017  
               0.00482963  -0.0012941  0.018  
               0.00482963  -0.0012941  0.019  
               0.00482963  -0.0012941  0.02  
               0.00482963  -0.0012941  0.021  
               0.00482963  -0.0012941  0.022  
               0.00482963  -0.0012941  0.023  
               0.00482963  -0.0012941  0.024  
               0.00482963  -0.0012941  0.025  
               0.00482963  -0.0012941  0.026  
               0.00482963  -0.0012941  0.027  
               0.00482963  -0.0012941  0.028  
               0.00482963  -0.0012941  0.029  
               0.00482963  -0.0012941  0.03  
               0.00482963  -0.0012941  0.031  
               0.00482963  -0.0012941  0.032  
               0.00482963  -0.0012941  0.033  
               0.00482963  -0.0012941  0.034  
               0.00482963  -0.0012941  0.035  
               0.00482963  -0.0012941  0.036  
               0.00482963  -0.0012941  0.037  
               0.00482963  -0.0012941  0.038  
               0.00482963  -0.0012941  0.039  
               0.00482963  -0.0012941  0.04  
               0.00482963  -0.0012941  0.041  
               0.00482963  -0.0012941  0.042  
               0.00482963  -0.0012941  0.043  
               0.00482963  -0.0012941  0.044  
               0.00482963  -0.0012941  0.045  
               0.00482963  -0.0012941  0.046  
               0.00482963  -0.0012941  0.047  
               0.00482963  -0.0012941  0.048  
               0.00482963  -0.0012941  0.049  
               0.00495722  -0.000652631  0.001  
               0.00495722  -0.000652631  0.002  
               0.00495722  -0.000652631  0.003  
               0.00495722  -0.000652631  0.004  
               0.00495722  -0.000652631  0.005  
               0.00495722  -0.000652631  0.006  
               0.00495722  -0.000652631  0.007  
               0.00495722  -0.000652631  0.008  
               0.00495722  -0.000652631  0.009  
               0.00495722  -0.000652631  0.01  
               0.00495722  -0.000652631  0.011  
               0.00495722  -0.000652631  0.012  
               0.00495722  -0.000652631  0.013  
               0.00495722  -0.000652631  0.014  
               0.00495722  -0.000652631  0.015  
               0.00495722  -0.000652631  0.016  
               0.00495722  -0.000652631  0.017  
               0.00495722  -0.000652631  0.018  
               0.00495722  -0.000652631  0.019  
               0.00495722  -0.000652631  0.02  
               0.00495722  -0.000652631  0.021  
               0.00495722  -0.000652631  0.022  
               0.00495722  -0.000652631  0.023  
               0.00495722  -0.000652631  0.024  
               0.00495722  -0.000652631  0.025  
               0.00495722  -0.000652631  0.026  
               0.00495722  -0.000652631  0.027  
               0.00495722  -0.000652631  0.028  
               0.00495722  -0.000652631  0.029  
               0.00495722  -0.000652631  0.03  
               0.00495722  -0.000652631  0.031  
               0.00495722  -0.000652631  0.032  
               0.00495722  -0.000652631  0.033  
               0.00495722  -0.000652631  0.034  
               0.00495722  -0.000652631  0.035  
               0.00495722  -0.000652631  0.036  
               0.00495722  -0.000652631  0.037  
               0.00495722  -0.000652631  0.038  
               0.00495722  -0.000652631  0.039  
               0.00495722  -0.000652631  0.04  
               0.00495722  -0.000652631  0.041  
               0.00495722  -0.000652631  0.042  
               0.00495722  -0.000652631  0.043  
               0.00495722  -0.000652631  0.044  
               0.00495722  -0.000652631  0.045  
               0.00495722  -0.000652631  0.046  
               0.00495722  -0.000652631  0.047  
               0.00495722  -0.000652631  0.048  
               0.00495722  -0.000652631  0.049  
            </DataArray>
         </Points> 

         <Cells>
            <DataArray type="Int32" Name="connectivity" NumberOfComponents="1" format="ascii">
               
            </DataArray> 
            <DataArray type="Int32" Name="offsets" NumberOfComponents="1" format="ascii">
               
            </DataArray>
            <DataArray type="UInt8"  Name="types" NumberOfComponents="1" format="ascii">
               
            </DataArray>
         </Cells>
         <PointData Scalars="Rank " Vectors="DisplacementDelta Force ">
            <DataArray type="UInt32" Name="Rank" NumberOfComponents="1" format="ascii">
               0 0 0 0 0 0 0 0 0 0 0 0 0 0 0 0 0 0 0 0 0 0 0 0 0 0 0 0 0 0 0 0 0 0 0 0 0 0 0 0 0 0 0 0 0 0 0 0 0 0 0 0 0 0 0 0 0 0 0 0 0 0 0 0 0 0 0 0 0 0 0 0 0 0 0 0 0 0 0 0 0 0 0 0 0 0 0 0 0 0 0 0 0 0 0 0 0 0 0 0 0 0 0 0 0 0 0 0 0 0 0 0 0 0 0 0 0 0 0 0 0 0 0 0 0 0 0 0 0 0 0 0 0 0 0 0 0 0 0 0 0 0 0 0 0 0 0 0 0 0 0 0 0 0 0 0 0 0 0 0 0 0 0 0 0 0 0 0 0 0 0 0 0 0 0 0 0 0 0 0 0 0 0 0 0 0 0 0 0 0 0 0 0 0 0 0 0 0 0 0 0 0 0 0 0 0 0 0 0 0 0 0 0 0 0 0 0 0 0 0 0 0 0 0 0 0 0 0 0 0 0 0 0 0 0 0 0 0 0 0 0 0 0 0 0 0 0 0 0 0 0 0 0 0 0 0 0 0 0 0 0 0 0 0 0 0 0 0 0 0 0 0 0 0 0 0 0 0 0 0 0 0 0 0 0 0 0 0 0 0 0 0 0 0 0 0 0 0 0 0 0 0 0 0 0 0 0 0 0 0 0 0 0 0 0 0 0 0 0 0 0 0 0 0 0 0 0 0 0 0 0 0 0 0 0 0 0 0 0 0 0 0 0 0 0 0 0 0 0 0 0 0 0 0 0 0 0 0 0 0 0 0 0 0 0 0 0 0 0 0 0 0 0 0 0 0 0 0 0 0 0 0 0 0 0 0 0 0 0 0 0 0 0 0 0 0 0 0 0 0 0 0 0 0 0 0 0 0 0 0 0 0 0 0 0 0 0 0 0 0 0 0 0 0 0 0 0 0 0 0 0 0 0 0 0 0 0 0 0 0 0 0 0 0 0 0 0 0 0 0 0 0 0 0 0 0 0 0 0 0 0 0 0 0 0 0 0 0 0 0 0 0 0 0 0 0 0 0 0 0 0 0 0 0 0 0 0 0 0 0 0 0 0 0 0 0 0 0 0 0 0 0 0 0 0 0 0 0 0 0 0 0 0 0 0 0 0 0 0 0 0 0 0 0 0 0 0 0 0 0 0 0 0 0 0 0 0 0 0 0 0 0 0 0 0 0 0 0 0 0 0 0 0 0 0 0 0 0 0 0 0 0 0 0 0 0 0 0 0 0 0 0 0 0 0 0 0 0 0 0 0 0 0 0 0 0 0 0 0 0 0 0 0 0 0 0 0 0 0 0 0 0 0 0 0 0 0 0 0 0 0 0 0 0 0 0 0 0 0 0 0 0 0 0 0 0 0 0 0 0 0 0 0 0 0 0 0 0 0 0 0 0 0 0 0 0 0 0 0 0 0 0 0 0 0 0 0 0 0 0 0 0 0 0 0 0 0 0 0 0 0 0 0 0 0 0 0 0 0 0 0 0 0 0 0 0 0 0 0 0 0 0 0 0 0 0 0 0 0 0 0 0 0 0 0 0 0 0 0 0 0 0 0 0 0 0 0 0 0 0 0 0 0 0 0 0 0 0 0 0 0 0 0 0 0 0 0 0 0 0 0 0 0 0 0 0 0 0 0 0 0 0 0 0 0 0 0 0 0 0 0 0 0 0 0 0 0 0 0 0 0 0 0 0 0 0 0 0 0 0 0 0 0 0 0 0 0 0 0 0 0 0 0 0 0 0 0 0 0 0 0 0 0 0 0 0 0 0 0 0 0 0 0 0 0 0 0 0 0 0 0 0 0 0 0 0 0 0 0 0 0 0 0 0 0 0 0 0 0 0 0 0 0 0 0 0 0 0 0 0 0 0 0 0 0 0 0 0 0 0 0 0 0 0 0 0 0 0 0 0 0 0 0 0 0 0 0 0 0 0 0 0 0 0 0 0 0 0 0 0 0 0 0 0 0 0 0 0 0 0 0 0 0 0 0 0 0 0 0 0 0 0 0 0 0 0 0 0 0 0 0 0 0 0 0 0 0 0 0 0 0 0 0 0 0 0 0 0 0 0 0 0 0 0 0 0 0 0 0 0 0 0 0 0 0 0 0 0 0 0 0 0 0 0 0 0 0 0 0 0 0 0 0 0 0 0 0 0 0 0 0 0 0 0 0 0 0 0 0 0 0 0 0 0 0 0 0 0 0 0 0 0 0 0 0 0 0 0 0 0 0 0 0 0 0 0 0 0 0 0 0 0 0 0 0 0 0 0 0 0 0 0 0 0 0 0 0 0 0 0 0 0 0 0 0 0 0 0 0 0 0 0 0 0 0 0 0 0 0 0 0 0 0 0 0 0 0 0 0 0 0 0 0 0 0 0 0 0 0 0 0 0 0 0 0 0 0 0 0 0 0 0 0 0 0 0 0 0 0 0 0 0 0 0 0 0 0 0 0 0 0 0 0 0 0 0 0 0 0 0 0 0 0 0 0 0 0 0 0 0 0 0 0 0 0 0 0 0 0 0 0 0 0 0 0 0 0 0 0 0 0 0 0 0 0 0 0 0 0 0 0 0 0 0 0 0 0 0 0 0 0 0 0 0 0 0 0 0 0 0 0 0 0 0 0 0 0 0 0 0 0 0 0 0 0 0 0 0 0 0 0 0 0 0 0 0 0 0 0 0 0 0 0 0 0 0 0 0 0 0 0 0 0 0 0 0 0 0 0 0 0 0 0 0 0 0 0 0 0 0 0 0 0 0 0 0 0 0 0 0 0 0 0 0 0 0 0 0 0 0 0 0 0 0 0 0 0 0 0 0 0 0 0 0 0 0 0 0 0 0 0 0 0 0 0 0 0 0 0 0 0 0 0 0 0 0 0 0 0 0 0 0 0 0 0 0 0 0 0 0 0 0 0 0 0 0 0 0 0 0 0 0 0 0 0 0 0 0 0 0 0 0 0 0 0 0 0 0 0 0 0 0 0 0 0 0 0 0 0 0 0 0 0 0 0 0 0 0 0 0 0 0 0 0 0 0 0 0 0 0 0 0 0 0 0 0 0 0 0 0 0 0 0 0 0 0 0 0 0 0 0 0 0 0 0 0 0 0 0 0 0 0 0 0 0 0 0 0 0 0 0 0 0 0 0 0 0 0 0 0 0 0 0 0 0 0 0 0 0 0 0 0 0 0 0 0 0 0 0 0 0 0 0 0 0 0 0 0 0 0 0 0 0 0 0 0 0 0 0 0 0 0 0 0 0 0 0 0 0 0 0 0 0 0 0 0 0 0 0 0 0 0 0 0 0 0 0 0 0 0 0 0 0 0 0 0 0 0 0 0 0 0 0 0 0 0 0 0 0 0 0 0 0 0 0 0 0 0 0 0 0 0 0 0 0 0 0 0 0 0 0 0 0 0 0 0 0 0 0 0 0 0 0 0 0 0 0 0 0 0 0 0 0 0 0 0 0 0 0 0 0 0 0 0 0 0 0 0 0 0 0 0 0 0 0 0 0 0 0 0 0 0 0 0 0 0 0 0 0 0 0 0 0 0 0 0 0 0 0 0 0 0 0 0 0 0 0 0 0 0 0 0 0 0 0 0 0 0 0 0 0 0 0 0 0 0 0 0 0 0 0 0 0 0 0 0 0 0 0 0 0 0 0 0 0 0 0 0 0 0 0 0 0 0 0 0 0 0 0 0 0 0 0 0 0 0 0 0 0 0 0 0 0 0 0 0 0 0 0 0 0 0 0 0 0 0 0 0 0 0 0 0 0 0 0 0 0 0 0 0 0 0 0 0 0 0 0 0 0 0 0 0 0 0 0 0 0 0 0 0 0 0 0 0 0 0 0 0 0 0 0 0 0 0 0 0 0 0 0 0 0 0 0 0 0 0 0 0 0 0 0 0 0 0 0 0 0 0 0 0 0 0 0 0 0 0 0 0 0 0 0 0 0 0 0 0 0 0 0 0 0 0 0 0 0 0 0 0 0 0 0 0 0 0 0 0 0 0 0 0 0 0 0 0 0 0 0 0 0 0 0 0 0 0 0 0 0 0 0 0 0 0 0 0 0 0 0 0 0 0 0 0 0 0 0 0 0 0 0 0 0 0 0 0 0 0 0 0 0 0 0 0 0 0 0 0 0 0 0 0 0 0 0 0 0 0 0 0 0 0 0 0 0 0 0 0 0 0 0 0 0 0 0 0 0 0 0 0 0 0 0 0 0 0 0 0 0 0 0 0 0 0 0 0 0 0 0 0 0 0 0 0 0 0 0 0 0 0 0 0 0 0 0 0 0 0 0 0 0 0 0 0 0 0 0 0 0 0 0 0 0 0 0 0 0 0 0 0 0 0 0 0 0 0 0 0 0 0 0 0 0 0 0 0 0 0 0 0 0 0 0 0 0 0 0 0 0 0 0 0 0 0 0 0 0 0 0 0 0 0 0 0 0 0 0 0 0 0 0 0 0 0 0 0 0 0 0 0 0 0 0 0 0 0 0 0 0 0 0 0 0 0 0 0 0 0 0 0 0 0 0 0 0 0 0 0 0 0 0 0 0 0 0 0 0 0 0 0 0 0 0 0 0 0 0 0 0 0 0 0 0 0 0 0 0 0 0 0 0 0 0 0 0 0 0 0 0 0 0 0 0 0 0 0 0 0 0 0 0 0 0 0 0 0 0 0 0 0 0 0 0 0 0 0 0 0 0 0 0 0 0 0 0 0 0 0 0 0 0 0 0 0 0 0 0 0 0 0 0 0 0 0 0 0 0 0 0 0 0 0 0 0 0 0 0 0 0 0 0 0 0 0 0 0 0 0 0 0 0 0 0 0 0 0 0 0 0 0 0 0 0 0 0 0 0 0 0 0 0 0 0 0 0 0 0 0 0 0 0 0 0 0 0 0 0 0 0 0 0 0 0 0 0 0 0 0 0 0 0 0 0 0 0 0 0 0 0 0 0 0 0 0 0 0 0 0 0 0 0 0 0 0 0 0 0 0 0 0 0 0 0 0 0 0 0 0 0 0 0 0 0 0 0 0 0 0 0 0 0 0 0 0 0 0 0 0 0 0 0 0 0 0 0 0 0 0 0 0 0 0 0 0 0 0 0 0 0 0 0 0 0 0 0 0 0 0 0 0 0 0 0 0 0 0 0 0 0 0 0 0 0 0 0 0 0 0 0 0 0 0 0 0 0 0 0 0 0 0 0 0 0 0 0 0 0 0 0 0 0 0 0 0 0 0 0 0 0 0 0 0 0 0 
            </DataArray>
            <DataArray type="Float64" Name="DisplacementDelta" NumberOfComponents="3" format="ascii">
               3.9768e-07 1.83625e-10 2.10668e-07  5.99268e-07 8.73855e-08 3.63967e-07  1.53176e-06 9.50081e-08 6.35402e-07  3.37999e-06 2.43345e-07 8.17708e-07  5.84981e-06 2.30394e-07 6.37732e-07  7.82846e-06 1.30337e-07 -1.76952e-07  8.23911e-06 -2.83741e-08 -1.2756e-06  6.93988e-06 -1.68065e-07 -2.26913e-06  4.61169e-06 -2.48098e-07 -2.79092e-06  2.32069e-06 -2.65479e-07 -2.74236e-06  9.4028e-07 -2.40409e-07 -2.36449e-06  5.50252e-07 -1.87744e-07 -1.98517e-06  7.24342e-07 -1.3601e-07 -1.80166e-06  9.29704e-07 -8.59443e-08 -1.80687e-06  8.99399e-07 -4.67334e-08 -1.86836e-06  6.84812e-07 -1.52659e-08 -1.87725e-06  4.43714e-07 3.21546e-09 -1.8219e-06  2.70743e-07 5.54082e-09 -1.74494e-06  1.96385e-07 -4.76802e-09 -1.67485e-06  1.04099e-07 -6.22084e-09 -1.60164e-06  9.20093e-08 1.13028e-09 -1.51715e-06  1.06288e-07 8.57613e-09 -1.44047e-06  9.12297e-08 9.38111e-09 -1.3687e-06  1.19402e-08 5.63935e-09 -1.26037e-06  -1.56089e-09 9.33556e-09 -1.1037e-06  2.22486e-08 9.26479e-09 -9.39421e-07  4.63649e-08 6.92676e-09 -7.93145e-07  4.70614e-08 3.79142e-09 -6.527e-07  2.04318e-08 1.4262e-09 -5.12825e-07  1.81051e-08 1.21399e-09 -3.86852e-07  1.26794e-08 1.44981e-09 -2.85622e-07  1.60563e-08 4.83178e-10 -2.07746e-07  1.11323e-08 4.40623e-10 -1.48777e-07  1.06601e-08 1.91791e-10 -1.05439e-07  6.54843e-09 2.5018e-10 -7.48687e-08  5.00039e-09 -1.01856e-11 -5.34741e-08  3.45472e-09 -1.56147e-10 -3.81524e-08  1.69409e-09 -2.65387e-10 -2.72202e-08  1.78767e-09 -1.67925e-10 -1.93799e-08  1.50284e-09 -1.85696e-10 -1.39173e-08  7.93014e-10 -1.1901e-10 -1.00225e-08  7.26135e-10 -1.66786e-10 -7.02774e-09  7.35561e-10 -1.8427e-10 -4.97745e-09  8.46243e-10 -2.77306e-10 -3.6358e-09  5.64012e-10 -2.28528e-10 -2.69291e-09  3.55343e-10 -2.09839e-10 -1.94435e-09  1.215e-10 -1.59868e-10 -1.36234e-09  -7.29789e-11 -1.36601e-10 -8.77247e-10  -4.89949e-11 -1.02861e-10 -3.87302e-10  -5.85575e-08 -5.40394e-08 2.68689e-07  -3.58433e-08 1.01598e-06 4.64976e-07  -4.60846e-08 2.00529e-06 7.70538e-07  -1.1847e-07 3.96566e-06 8.66458e-07  -2.11751e-07 6.51989e-06 6.97411e-07  -3.3318e-07 8.78502e-06 -1.0544e-07  -3.84495e-07 8.95539e-06 -1.28216e-06  -3.5571e-07 7.55072e-06 -2.36793e-06  -2.79276e-07 4.91058e-06 -2.89428e-06  -2.07566e-07 2.35238e-06 -2.76512e-06  -1.17954e-07 7.96635e-07 -2.29189e-06  -5.59959e-08 4.01e-07 -1.86243e-06  3.64442e-09 6.55127e-07 -1.69909e-06  4.23217e-08 9.17466e-07 -1.75708e-06  5.55951e-08 9.0215e-07 -1.87025e-06  4.92474e-08 6.73336e-07 -1.91891e-06  3.1622e-08 3.98208e-07 -1.87849e-06  1.45507e-08 2.07308e-07 -1.79817e-06  3.76457e-09 9.96331e-08 -1.71994e-06  1.81518e-09 4.65746e-08 -1.63751e-06  3.49392e-09 5.72011e-08 -1.54543e-06  3.78073e-09 1.08449e-07 -1.46696e-06  3.44593e-09 1.0246e-07 -1.39688e-06  4.82752e-09 2.66967e-08 -1.28471e-06  5.87482e-09 -1.59424e-08 -1.11812e-06  5.00478e-09 1.24014e-08 -9.45918e-07  3.61652e-09 3.95948e-08 -7.97131e-07  3.62754e-09 2.73671e-08 -6.5494e-07  3.36728e-09 1.20698e-08 -5.11576e-07  2.11107e-09 1.36868e-08 -3.84512e-07  1.14143e-09 1.70854e-08 -2.84907e-07  9.08929e-10 1.33159e-08 -2.08219e-07  5.72396e-10 8.6514e-09 -1.48935e-07  6.62928e-11 6.69302e-09 -1.05285e-07  -2.71513e-10 5.96716e-09 -7.4604e-08  -1.04976e-10 4.7811e-09 -5.30776e-08  -2.32255e-10 3.47869e-09 -3.78676e-08  -1.31718e-10 2.65009e-09 -2.69927e-08  -3.45744e-10 2.16935e-09 -1.92926e-08  -2.10145e-10 1.39593e-09 -1.38404e-08  -3.81121e-10 1.31629e-09 -9.8141e-09  -2.617e-10 1.17219e-09 -7.01896e-09  -3.15487e-10 1.13882e-09 -5.12572e-09  -1.45552e-10 9.50826e-10 -3.72997e-09  -6.54059e-11 8.68184e-10 -2.68767e-09  3.16891e-11 5.41971e-10 -1.95158e-09  1.24558e-11 2.18349e-10 -1.38267e-09  -1.95297e-13 -1.01407e-10 -8.01101e-10  1.31914e-11 -1.39109e-10 -3.21495e-10  8.78597e-09 -3.55792e-08 3.25594e-07  -1.30952e-06 -6.89422e-08 5.04102e-07  -2.4785e-06 -9.6853e-08 7.5574e-07  -4.42276e-06 -1.14141e-07 8.09885e-07  -7.01579e-06 -1.09277e-07 4.8859e-07  -7.91881e-06 -7.90883e-08 -3.51393e-07  -8.6731e-06 -3.112e-08 -1.36808e-06  -6.78451e-06 1.10129e-08 -2.3506e-06  -4.54275e-06 3.26401e-08 -2.8203e-06  -2.21876e-06 4.46486e-08 -2.73076e-06  -8.66907e-07 4.38066e-08 -2.3256e-06  -6.23195e-07 2.3873e-08 -1.94574e-06  -7.30005e-07 -6.20694e-09 -1.80693e-06  -1.03381e-06 -1.87533e-08 -1.84657e-06  -8.73361e-07 -4.69366e-08 -1.92919e-06  -6.01718e-07 -3.76401e-08 -1.94157e-06  -4.10891e-07 -3.21408e-08 -1.88927e-06  -2.35379e-07 -1.66092e-08 -1.8181e-06  -1.42046e-07 -8.84507e-09 -1.75685e-06  -7.34681e-08 -8.17636e-09 -1.68464e-06  -6.57037e-08 -8.24438e-09 -1.58749e-06  -1.12591e-07 -5.78377e-09 -1.49673e-06  -1.18211e-07 -1.0452e-09 -1.41677e-06  -4.65403e-08 2.38761e-09 -1.30084e-06  4.31055e-09 3.07623e-09 -1.12904e-06  -1.71942e-08 3.10898e-09 -9.47404e-07  -4.73238e-08 2.98567e-09 -7.9294e-07  -3.51123e-08 2.44044e-09 -6.50978e-07  -1.49553e-08 1.03907e-09 -5.0754e-07  -1.57958e-08 1.31097e-09 -3.79117e-07  -1.99361e-08 1.05317e-09 -2.79801e-07  -2.19389e-08 1.41736e-09 -2.04564e-07  -8.7559e-09 3.53721e-10 -1.46316e-07  -7.51265e-09 -1.5142e-10 -1.03306e-07  -7.06377e-09 -2.41847e-10 -7.35281e-08  -6.04364e-09 2.48585e-10 -5.29323e-08  -1.38711e-09 -3.83561e-10 -3.81458e-08  -3.56933e-09 1.19495e-10 -2.70532e-08  -1.29531e-09 -1.63464e-10 -1.92017e-08  -1.21302e-09 -2.50504e-10 -1.37052e-08  -1.02694e-09 -3.78488e-10 -9.60017e-09  -6.07374e-10 -4.59843e-10 -6.92746e-09  1.40974e-10 -4.57369e-10 -4.89463e-09  -2.73732e-10 -3.49248e-10 -3.32652e-09  1.86864e-10 -1.79566e-10 -2.31287e-09  -5.9923e-11 -5.37813e-11 -1.55718e-09  -4.74265e-10 2.15855e-11 -1.02505e-09  -3.72147e-10 4.08459e-11 -7.67986e-10  -1.33497e-10 3.29257e-12 -4.33112e-10  -8.31694e-08 1.96437e-07 2.80175e-07  -1.10295e-07 -1.13419e-06 5.34552e-07  -1.58844e-07 -2.42526e-06 8.68056e-07  -2.27483e-07 -4.60168e-06 8.88693e-07  -2.53693e-07 -7.27212e-06 5.67344e-07  -2.81627e-07 -8.68148e-06 -2.55767e-07  -2.28603e-07 -8.98787e-06 -1.33754e-06  -1.63262e-07 -6.87809e-06 -2.30988e-06  -7.09178e-08 -4.56179e-06 -2.72756e-06  -2.53269e-08 -2.36695e-06 -2.64931e-06  2.57067e-08 -9.36194e-07 -2.26056e-06  4.84786e-08 -5.48588e-07 -1.8894e-06  4.99896e-08 -6.30788e-07 -1.72409e-06  4.77865e-08 -8.17833e-07 -1.75834e-06  3.62335e-08 -7.55136e-07 -1.84855e-06  1.65836e-08 -5.27145e-07 -1.87458e-06  -6.1115e-09 -3.07775e-07 -1.83182e-06  -2.47979e-08 -1.71753e-07 -1.76914e-06  -3.36029e-08 -9.89424e-08 -1.71572e-06  -3.01693e-08 -4.41071e-08 -1.65374e-06  -1.98305e-08 -3.60499e-08 -1.5665e-06  -1.12937e-08 -7.86156e-08 -1.48027e-06  -7.30815e-09 -8.53196e-08 -1.40207e-06  -5.98367e-09 -2.94275e-08 -1.28969e-06  -4.57858e-09 1.0974e-08 -1.12604e-06  -1.85723e-09 -7.69019e-09 -9.51345e-07  5.00397e-10 -3.26055e-08 -7.97033e-07  1.58194e-09 -2.54981e-08 -6.52394e-07  1.17159e-09 -1.18993e-08 -5.09205e-07  6.35324e-10 -1.23816e-08 -3.82517e-07  7.61339e-10 -1.38015e-08 -2.82632e-07  2.80488e-10 -1.12387e-08 -2.05595e-07  -4.6803e-10 -7.22982e-09 -1.46538e-07  -5.90078e-10 -8.19745e-09 -1.03999e-07  -5.13029e-10 -6.98651e-09 -7.46604e-08  -7.11921e-10 -5.76791e-09 -5.34801e-08  -7.85591e-10 -4.01891e-09 -3.80437e-08  -5.59454e-10 -2.60646e-09 -2.70956e-08  -5.30409e-10 -1.78e-09 -1.93309e-08  -2.38172e-10 -6.80757e-10 -1.3686e-08  -4.32668e-10 -4.88374e-10 -9.41679e-09  -2.91198e-10 -1.03063e-09 -6.56327e-09  -2.78932e-10 -7.9824e-10 -4.71837e-09  -1.95145e-10 -1.375e-09 -3.38573e-09  -2.21701e-10 -5.46671e-11 -2.4231e-09  -1.95306e-10 -7.65371e-10 -1.71045e-09  -1.5113e-10 -5.62591e-11 -1.23051e-09  -8.49188e-11 9.39225e-11 -6.94735e-10  -8.0354e-11 5.73703e-11 -2.97858e-10  2.44055e-07 1.63151e-07 2.23875e-07  7.49111e-07 1.75226e-07 3.93801e-07  1.5625e-06 4.85653e-07 7.26157e-07  3.46897e-06 7.52008e-07 8.44636e-07  5.87911e-06 1.07104e-06 6.07003e-07  7.65845e-06 1.15252e-06 -2.00561e-07  8.02789e-06 1.02465e-06 -1.31965e-06  6.67452e-06 7.089e-07 -2.30009e-06  4.37843e-06 3.46955e-07 -2.79356e-06  2.16239e-06 6.37881e-08 -2.73395e-06  7.88978e-07 -8.25273e-08 -2.34953e-06  4.38806e-07 -8.30215e-08 -1.97363e-06  6.11453e-07 -2.11352e-08 -1.7971e-06  8.38225e-07 3.95618e-08 -1.80333e-06  8.34791e-07 6.60794e-08 -1.86798e-06  6.43327e-07 6.52884e-08 -1.88161e-06  4.14906e-07 5.34614e-08 -1.82802e-06  2.52714e-07 3.74839e-08 -1.75383e-06  1.36822e-07 1.67202e-08 -1.68336e-06  7.2417e-08 3.86278e-09 -1.60411e-06  6.41909e-08 9.08673e-09 -1.51505e-06  9.65302e-08 2.19049e-08 -1.4393e-06  8.20459e-08 2.22946e-08 -1.36976e-06  1.97809e-08 1.17745e-08 -1.26116e-06  -1.51385e-08 6.73e-09 -1.10392e-06  1.35385e-08 9.47329e-09 -9.39874e-07  3.98162e-08 1.01543e-08 -7.94458e-07  2.88007e-08 6.6613e-09 -6.5366e-07  1.582e-08 3.39349e-09 -5.12676e-07  1.24644e-08 3.70256e-09 -3.86793e-07  1.49085e-08 3.63459e-09 -2.85815e-07  1.11333e-08 2.54464e-09 -2.07999e-07  9.08638e-09 1.67361e-09 -1.48761e-07  7.06193e-09 1.25165e-09 -1.05556e-07  6.03381e-09 9.176e-10 -7.49824e-08  4.46042e-09 6.12831e-10 -5.3463e-08  2.84977e-09 3.73708e-10 -3.81712e-08  1.85388e-09 1.76792e-10 -2.71989e-08  1.42838e-09 1.62078e-10 -1.93269e-08  1.49861e-09 -2.85741e-11 -1.39021e-08  1.00734e-09 -5.50748e-11 -1.00627e-08  6.87623e-10 -1.55311e-10 -7.09428e-09  8.00434e-10 -4.87684e-11 -5.05169e-09  7.63004e-10 -1.48974e-10 -3.70215e-09  5.36742e-10 -1.17877e-10 -2.70401e-09  3.39774e-10 -1.31259e-10 -1.97549e-09  1.68992e-10 -9.3575e-11 -1.40606e-09  -1.49445e-10 -1.19596e-10 -8.79855e-10  -1.48524e-11 2.18156e-12 -3.70682e-10  -1.23659e-07 -5.23465e-08 2.53652e-07  5.85619e-07 3.02005e-07 4.19839e-07  1.71953e-06 7.60615e-07 7.38483e-07  3.55677e-06 1.3255e-06 8.75815e-07  6.15539e-06 1.94178e-06 6.03956e-07  7.79353e-06 2.23339e-06 -2.50831e-07  8.02338e-06 2.1121e-06 -1.34761e-06  6.58172e-06 1.60662e-06 -2.304e-06  4.28087e-06 9.54403e-07 -2.78355e-06  2.10361e-06 4.00452e-07 -2.71527e-06  8.08356e-07 1.01508e-07 -2.3374e-06  3.97179e-07 3.01328e-08 -1.96562e-06  6.69809e-07 1.24612e-07 -1.79288e-06  8.7261e-07 1.89607e-07 -1.806e-06  8.70335e-07 1.97719e-07 -1.86938e-06  6.73887e-07 1.57627e-07 -1.88459e-06  4.42297e-07 1.11169e-07 -1.83282e-06  2.77582e-07 7.50265e-08 -1.76059e-06  1.53889e-07 4.4211e-08 -1.69082e-06  8.03898e-08 2.22905e-08 -1.60799e-06  7.91191e-08 2.58159e-08 -1.51497e-06  1.18432e-07 4.08934e-08 -1.43877e-06  1.04059e-07 3.94802e-08 -1.37083e-06  3.63932e-08 2.08874e-08 -1.2625e-06  3.8104e-09 1.05409e-08 -1.10484e-06  2.8599e-08 1.44538e-08 -9.40979e-07  4.87348e-08 1.71361e-08 -7.9494e-07  3.80429e-08 1.30514e-08 -6.53768e-07  2.14533e-08 7.96657e-09 -5.12632e-07  1.85551e-08 7.445e-09 -3.86457e-07  1.86717e-08 7.07602e-09 -2.85893e-07  1.51994e-08 5.84027e-09 -2.08255e-07  1.12956e-08 3.82343e-09 -1.49009e-07  9.13607e-09 2.93541e-09 -1.05573e-07  7.15603e-09 2.14426e-09 -7.4916e-08  5.50361e-09 1.57006e-09 -5.3419e-08  3.72979e-09 1.08479e-09 -3.81218e-08  2.4853e-09 8.51828e-10 -2.71415e-08  2.06433e-09 5.98416e-10 -1.93942e-08  1.59269e-09 1.82094e-10 -1.39978e-08  9.8086e-10 -3.32599e-11 -1.00324e-08  6.37124e-10 1.6954e-11 -7.05111e-09  7.97552e-10 4.64673e-11 -5.06847e-09  6.39158e-10 -1.03321e-11 -3.77928e-09  4.71686e-10 -3.14719e-11 -2.76103e-09  1.85044e-10 -6.4753e-11 -2.00732e-09  -8.02154e-11 -1.07008e-10 -1.42318e-09  -2.03601e-10 -1.44858e-11 -8.69012e-10  -1.15895e-10 1.19939e-11 -3.69071e-10  1.78275e-07 5.3532e-08 2.16942e-07  1.04024e-06 6.85674e-07 5.10024e-07  1.4911e-06 9.04437e-07 7.81278e-07  3.79237e-06 1.96483e-06 8.42153e-07  5.80199e-06 2.68755e-06 5.70359e-07  7.28598e-06 3.13661e-06 -2.91767e-07  7.37358e-06 3.00248e-06 -1.4008e-06  5.99997e-06 2.35247e-06 -2.30487e-06  3.88895e-06 1.47408e-06 -2.76401e-06  1.84399e-06 6.67192e-07 -2.68761e-06  7.23132e-07 2.55018e-07 -2.31385e-06  4.14196e-07 1.55612e-07 -1.95757e-06  5.84038e-07 2.32806e-07 -1.79178e-06  7.86326e-07 3.10778e-07 -1.80793e-06  7.78639e-07 3.00453e-07 -1.87342e-06  5.9865e-07 2.25996e-07 -1.88696e-06  3.96417e-07 1.50132e-07 -1.83571e-06  2.41307e-07 9.6624e-08 -1.76419e-06  1.28946e-07 5.84288e-08 -1.69458e-06  5.42733e-08 3.26365e-08 -1.61144e-06  5.50707e-08 3.29732e-08 -1.51748e-06  9.7099e-08 4.88004e-08 -1.44018e-06  9.22259e-08 4.71485e-08 -1.37144e-06  2.87381e-08 2.25559e-08 -1.26349e-06  -4.55515e-09 7.74094e-09 -1.10645e-06  1.72753e-08 1.32543e-08 -9.42415e-07  3.80969e-08 1.93455e-08 -7.95568e-07  2.90489e-08 1.42756e-08 -6.53911e-07  1.50881e-08 8.88755e-09 -5.12456e-07  1.41417e-08 8.28643e-09 -3.8648e-07  1.50302e-08 8.60637e-09 -2.86089e-07  1.23935e-08 6.72333e-09 -2.08559e-07  9.03613e-09 4.79625e-09 -1.49223e-07  7.01153e-09 3.43691e-09 -1.05648e-07  5.91232e-09 2.80382e-09 -7.49801e-08  4.43807e-09 2.01221e-09 -5.34333e-08  3.00896e-09 1.37133e-09 -3.80484e-08  2.33347e-09 1.23337e-09 -2.70921e-08  1.86393e-09 8.11641e-10 -1.94699e-08  1.07909e-09 3.83326e-10 -1.40421e-08  6.65833e-10 1.48828e-10 -9.96596e-09  7.12766e-10 2.61787e-10 -7.06558e-09  8.80948e-10 2.00595e-10 -5.11905e-09  5.77702e-10 1.58519e-10 -3.79761e-09  2.47921e-10 2.31445e-11 -2.7753e-09  9.10243e-11 2.08885e-11 -2.00361e-09  -8.96293e-11 -3.67063e-11 -1.41421e-09  1.66094e-11 1.3654e-10 -8.72732e-10  -1.20837e-10 2.3329e-11 -4.07171e-10  1.29966e-07 2.41768e-07 3.29627e-07  4.15695e-07 4.79508e-07 4.87698e-07  2.13451e-06 1.57303e-06 8.14069e-07  3.3635e-06 2.30718e-06 8.84209e-07  5.69523e-06 3.54547e-06 5.03704e-07  6.96638e-06 4.14037e-06 -3.44248e-07  6.97071e-06 3.99037e-06 -1.4028e-06  5.67771e-06 3.1925e-06 -2.29519e-06  3.64534e-06 2.04416e-06 -2.71817e-06  1.82579e-06 1.0352e-06 -2.66121e-06  7.42357e-07 4.34588e-07 -2.30201e-06  4.9551e-07 3.00828e-07 -1.94797e-06  6.57011e-07 3.97421e-07 -1.78892e-06  8.20199e-07 4.80021e-07 -1.81242e-06  7.77519e-07 4.41821e-07 -1.87961e-06  5.98466e-07 3.28039e-07 -1.89196e-06  3.86671e-07 2.03931e-07 -1.83937e-06  2.48244e-07 1.33614e-07 -1.76553e-06  1.46114e-07 8.88589e-08 -1.69597e-06  7.85979e-08 6.00287e-08 -1.61504e-06  7.39858e-08 5.56645e-08 -1.52231e-06  1.06962e-07 6.82852e-08 -1.44371e-06  9.87415e-08 6.11994e-08 -1.37247e-06  4.45103e-08 3.23301e-08 -1.26371e-06  1.30689e-08 1.47069e-08 -1.10764e-06  2.76892e-08 1.97684e-08 -9.43778e-07  4.4898e-08 2.69237e-08 -7.96018e-07  3.35242e-08 2.0052e-08 -6.53607e-07  2.1266e-08 1.34927e-08 -5.12238e-07  1.79362e-08 1.17994e-08 -3.865e-07  1.788e-08 1.16908e-08 -2.86211e-07  1.47334e-08 9.41679e-09 -2.08706e-07  1.03884e-08 6.52757e-09 -1.49356e-07  8.43693e-09 5.15552e-09 -1.05742e-07  6.63321e-09 3.98171e-09 -7.50005e-08  4.81689e-09 2.88844e-09 -5.33909e-08  3.5324e-09 2.16061e-09 -3.79718e-08  2.83244e-09 1.7641e-09 -2.70609e-08  2.06489e-09 1.25397e-09 -1.94627e-08  1.33321e-09 8.11654e-10 -1.40186e-08  8.00261e-10 4.99725e-10 -9.96987e-09  8.05171e-10 3.69281e-10 -7.09953e-09  7.32349e-10 2.74205e-10 -5.12064e-09  6.19517e-10 2.43641e-10 -3.76711e-09  1.92681e-10 1.65629e-10 -2.79671e-09  -7.19523e-11 1.18292e-10 -2.03862e-09  -2.12035e-10 4.75264e-11 -1.38121e-09  -7.01358e-11 8.76156e-11 -8.26454e-10  1.07374e-10 1.24236e-10 -4.39166e-10  -3.02399e-07 -5.94537e-08 3.03793e-07  9.3743e-07 8.77365e-07 5.3183e-07  1.58215e-06 1.55127e-06 8.19967e-07  3.56014e-06 3.0211e-06 8.39475e-07  5.14398e-06 4.19846e-06 4.94764e-07  6.20548e-06 4.89296e-06 -3.67562e-07  6.11097e-06 4.74385e-06 -1.44968e-06  4.7557e-06 3.66699e-06 -2.292e-06  3.21473e-06 2.51099e-06 -2.69831e-06  1.60823e-06 1.27944e-06 -2.64278e-06  6.48912e-07 5.39041e-07 -2.28214e-06  4.29052e-07 3.56427e-07 -1.93671e-06  5.95767e-07 4.81409e-07 -1.78326e-06  7.40081e-07 5.85118e-07 -1.81163e-06  7.03032e-07 5.44573e-07 -1.88631e-06  5.19752e-07 3.86769e-07 -1.89951e-06  3.38282e-07 2.36564e-07 -1.84388e-06  2.07909e-07 1.41467e-07 -1.76632e-06  1.21435e-07 9.31032e-08 -1.69491e-06  6.25244e-08 6.23221e-08 -1.61714e-06  5.67014e-08 5.71484e-08 -1.5277e-06  8.55117e-08 7.00187e-08 -1.44836e-06  7.90931e-08 6.16386e-08 -1.37382e-06  3.19127e-08 2.76993e-08 -1.26367e-06  4.79245e-09 7.28104e-09 -1.10873e-06  1.91671e-08 1.54501e-08 -9.45313e-07  3.31077e-08 2.39586e-08 -7.96602e-07  2.58005e-08 1.86531e-08 -6.53445e-07  1.41793e-08 1.06388e-08 -5.12085e-07  1.34093e-08 1.06663e-08 -3.86582e-07  1.43493e-08 1.12945e-08 -2.86416e-07  1.13189e-08 8.89683e-09 -2.08948e-07  8.12617e-09 6.1524e-09 -1.49533e-07  6.09609e-09 4.62131e-09 -1.05772e-07  5.10389e-09 3.92724e-09 -7.49776e-08  3.77375e-09 2.92686e-09 -5.33383e-08  2.74684e-09 2.16095e-09 -3.7914e-08  2.25259e-09 1.74821e-09 -2.7042e-08  1.71803e-09 1.3586e-09 -1.94218e-08  1.12744e-09 9.25045e-10 -1.39608e-08  7.33978e-10 6.7625e-10 -9.96931e-09  5.87107e-10 3.73046e-10 -7.1135e-09  4.9149e-10 1.87898e-10 -5.13703e-09  3.09064e-10 1.80233e-10 -3.74143e-09  -1.02547e-11 2.49183e-10 -2.7347e-09  -7.5497e-11 2.97366e-10 -1.98678e-09  -1.72319e-10 2.57523e-10 -1.39065e-09  -1.675e-10 4.05602e-11 -8.77755e-10  9.39809e-12 5.12261e-11 -4.11916e-10  2.33868e-07 2.04948e-07 2.80539e-07  7.71467e-07 9.18786e-07 5.87555e-07  1.71173e-06 1.92501e-06 8.55414e-07  3.18251e-06 3.36157e-06 8.48368e-07  4.70436e-06 4.94091e-06 4.82485e-07  5.60002e-06 5.76772e-06 -3.93449e-07  5.4713e-06 5.67221e-06 -1.42651e-06  4.21723e-06 4.43622e-06 -2.26824e-06  2.84543e-06 3.04836e-06 -2.67958e-06  1.44349e-06 1.57393e-06 -2.63086e-06  6.28501e-07 6.98707e-07 -2.26977e-06  4.6508e-07 4.92264e-07 -1.92254e-06  6.25043e-07 6.408e-07 -1.77251e-06  7.50218e-07 7.67335e-07 -1.8074e-06  6.93464e-07 7.03044e-07 -1.89232e-06  5.02142e-07 4.94268e-07 -1.91007e-06  3.22805e-07 2.968e-07 -1.85142e-06  2.03103e-07 1.7738e-07 -1.76823e-06  1.29732e-07 1.22416e-07 -1.69384e-06  8.29133e-08 9.26921e-08 -1.61872e-06  7.31796e-08 8.50597e-08 -1.53314e-06  8.74057e-08 9.24904e-08 -1.45322e-06  7.79109e-08 8.00123e-08 -1.37554e-06  3.9078e-08 4.13714e-08 -1.26436e-06  1.61359e-08 1.72522e-08 -1.10988e-06  2.66777e-08 2.56037e-08 -9.46435e-07  3.593e-08 3.40025e-08 -7.96977e-07  2.75352e-08 2.64775e-08 -6.53223e-07  1.69475e-08 1.68691e-08 -5.11883e-07  1.56121e-08 1.57279e-08 -3.86609e-07  1.53323e-08 1.54302e-08 -2.86518e-07  1.17551e-08 1.19665e-08 -2.09019e-07  8.33287e-09 8.60335e-09 -1.49581e-07  6.32509e-09 6.56061e-09 -1.0579e-07  5.14624e-09 5.34e-09 -7.49364e-08  3.75848e-09 3.97387e-09 -5.32829e-08  2.75067e-09 2.92857e-09 -3.78668e-08  2.10706e-09 2.22157e-09 -2.70151e-08  1.61522e-09 1.73264e-09 -1.93834e-08  1.07639e-09 1.26052e-09 -1.38801e-08  7.01321e-10 8.8451e-10 -9.95258e-09  5.05577e-10 5.52124e-10 -7.18268e-09  2.02044e-10 3.07689e-10 -5.13761e-09  3.642e-11 3.20673e-10 -3.63156e-09  1.18268e-10 5.66409e-10 -2.70623e-09  -1.58822e-10 3.66507e-10 -2.00051e-09  -9.36563e-11 4.06588e-10 -1.38362e-09  -1.06821e-10 2.00127e-10 -8.81291e-10  -1.14404e-10 -9.72465e-12 -4.0519e-10  4.66765e-08 6.5565e-08 3.70288e-07  6.1873e-07 1.0275e-06 5.39239e-07  1.55813e-06 2.04846e-06 7.94291e-07  2.67557e-06 3.61598e-06 8.59011e-07  4.13541e-06 5.52815e-06 4.82423e-07  4.61037e-06 6.29395e-06 -4.1216e-07  4.49489e-06 6.2792e-06 -1.40868e-06  3.52591e-06 5.11123e-06 -2.26163e-06  2.27778e-06 3.37701e-06 -2.69422e-06  1.14621e-06 1.74094e-06 -2.63398e-06  4.87763e-07 7.3484e-07 -2.26655e-06  3.69519e-07 4.98487e-07 -1.90195e-06  5.25601e-07 6.75113e-07 -1.75432e-06  6.37173e-07 8.28115e-07 -1.80036e-06  5.88536e-07 7.65675e-07 -1.89317e-06  4.19898e-07 5.35338e-07 -1.91947e-06  2.54374e-07 3.02558e-07 -1.86021e-06  1.53352e-07 1.66765e-07 -1.7707e-06  1.00224e-07 1.10469e-07 -1.6936e-06  6.57527e-08 8.16186e-08 -1.61984e-06  5.44067e-08 7.54473e-08 -1.53678e-06  6.22659e-08 8.81905e-08 -1.45695e-06  5.54143e-08 7.80444e-08 -1.37807e-06  2.54908e-08 3.47425e-08 -1.26611e-06  7.19357e-09 6.97035e-09 -1.11121e-06  1.57317e-08 1.70897e-08 -9.47186e-07  2.44747e-08 2.95445e-08 -7.97183e-07  1.83945e-08 2.30835e-08 -6.53185e-07  1.10384e-08 1.40188e-08 -5.12035e-07  1.00627e-08 1.26597e-08 -3.86751e-07  1.05006e-08 1.35494e-08 -2.8647e-07  8.29932e-09 1.11508e-08 -2.08971e-07  5.65233e-09 7.96579e-09 -1.49593e-07  4.4038e-09 6.11342e-09 -1.0586e-07  3.50625e-09 4.85885e-09 -7.49432e-08  2.61192e-09 3.71321e-09 -5.32634e-08  1.86283e-09 2.76505e-09 -3.78777e-08  1.3963e-09 2.10718e-09 -2.69935e-08  1.0698e-09 1.67187e-09 -1.93268e-08  7.18849e-10 1.21169e-09 -1.38505e-08  6.57572e-10 1.0364e-09 -9.96423e-09  1.957e-10 5.90826e-10 -7.15672e-09  5.74274e-11 6.05552e-10 -5.10646e-09  -2.51603e-11 5.95406e-10 -3.66903e-09  3.237e-11 6.05968e-10 -2.71302e-09  -1.49218e-10 5.54221e-10 -1.95472e-09  -1.04331e-10 4.60639e-10 -1.35724e-09  -2.04545e-10 1.60789e-10 -8.9524e-10  6.39421e-12 1.84936e-10 -4.25981e-10  1.35531e-07 4.81791e-07 3.03092e-07  6.04081e-07 1.03292e-06 5.74929e-07  1.18408e-06 2.12446e-06 8.39952e-07  2.22867e-06 3.82998e-06 8.21958e-07  3.18893e-06 5.7114e-06 5.14125e-07  3.76013e-06 7.00777e-06 -3.36266e-07  3.41232e-06 6.74328e-06 -1.3941e-06  2.87656e-06 5.85506e-06 -2.25459e-06  1.83622e-06 3.861e-06 -2.72564e-06  9.07555e-07 1.95316e-06 -2.65033e-06  4.07225e-07 8.46202e-07 -2.26328e-06  3.39362e-07 5.7844e-07 -1.88785e-06  4.88353e-07 7.89438e-07 -1.736e-06  5.97085e-07 9.83018e-07 -1.78924e-06  5.38073e-07 8.97829e-07 -1.89293e-06  3.84495e-07 6.37659e-07 -1.92629e-06  2.24508e-07 3.56833e-07 -1.86886e-06  1.34208e-07 1.95031e-07 -1.77636e-06  9.1897e-08 1.24503e-07 -1.6962e-06  6.83798e-08 9.51966e-08 -1.6212e-06  5.79299e-08 9.48333e-08 -1.53816e-06  6.12577e-08 1.15198e-07 -1.45929e-06  5.19669e-08 1.00324e-07 -1.3814e-06  2.67688e-08 4.68154e-08 -1.26916e-06  1.31737e-08 1.54075e-08 -1.11271e-06  2.00038e-08 2.77215e-08 -9.47302e-07  2.62251e-08 4.1959e-08 -7.96989e-07  1.96896e-08 3.1986e-08 -6.53194e-07  1.32887e-08 2.09117e-08 -5.12002e-07  1.17996e-08 1.85298e-08 -3.86599e-07  1.09357e-08 1.80358e-08 -2.86146e-07  8.88234e-09 1.54579e-08 -2.08716e-07  5.99142e-09 1.06969e-08 -1.49522e-07  4.51499e-09 8.09111e-09 -1.05854e-07  3.59765e-09 6.58942e-09 -7.4922e-08  2.39163e-09 4.75589e-09 -5.31961e-08  1.62507e-09 3.56079e-09 -3.78367e-08  1.23619e-09 2.82209e-09 -2.69673e-08  8.8536e-10 2.18016e-09 -1.93026e-08  6.98066e-10 1.7418e-09 -1.38389e-08  4.12247e-10 1.17412e-09 -9.90598e-09  1.72019e-10 9.205e-10 -7.06534e-09  3.59774e-11 8.35455e-10 -5.08327e-09  6.16265e-12 8.40809e-10 -3.67842e-09  -1.76749e-10 5.81514e-10 -2.64853e-09  -9.14276e-12 8.02292e-10 -1.93271e-09  -3.97547e-11 6.2013e-10 -1.37208e-09  -9.39521e-11 2.5983e-10 -8.84848e-10  -1.07428e-10 4.49188e-11 -4.19206e-10  -3.80208e-08 -1.27167e-07 3.16447e-07  4.86123e-07 1.09686e-06 5.12637e-07  8.98772e-07 2.1197e-06 8.02236e-07  1.6155e-06 3.87368e-06 8.22879e-07  2.36324e-06 6.00895e-06 5.63425e-07  2.90652e-06 7.80519e-06 -2.41001e-07  2.61642e-06 7.699e-06 -1.343e-06  2.18405e-06 6.60281e-06 -2.26327e-06  1.3584e-06 4.30496e-06 -2.77229e-06  6.61611e-07 2.15424e-06 -2.68431e-06  2.55372e-07 8.09394e-07 -2.26641e-06  2.30883e-07 5.15022e-07 -1.87092e-06  3.62161e-07 7.47619e-07 -1.71652e-06  4.54695e-07 9.64117e-07 -1.77625e-06  4.17167e-07 9.07747e-07 -1.88925e-06  2.92085e-07 6.40428e-07 -1.92961e-06  1.68312e-07 3.58627e-07 -1.8758e-06  9.48733e-08 1.82032e-07 -1.78393e-06  6.36718e-08 1.01561e-07 -1.70117e-06  4.60049e-08 6.65032e-08 -1.62298e-06  3.82767e-08 7.39896e-08 -1.53834e-06  4.13664e-08 1.07383e-07 -1.46082e-06  3.64076e-08 9.83938e-08 -1.38556e-06  1.85297e-08 3.93649e-08 -1.27341e-06  7.25295e-09 1.4415e-09 -1.11442e-06  1.18152e-08 1.64737e-08 -9.47267e-07  1.68053e-08 3.45812e-08 -7.97113e-07  1.37156e-08 2.73801e-08 -6.53618e-07  8.82049e-09 1.51361e-08 -5.12188e-07  7.47961e-09 1.36776e-08 -3.86413e-07  7.22289e-09 1.51819e-08 -2.85927e-07  5.91631e-09 1.30531e-08 -2.08633e-07  4.19917e-09 9.25896e-09 -1.49554e-07  2.94007e-09 6.74512e-09 -1.05868e-07  2.05406e-09 5.27169e-09 -7.48742e-08  1.4554e-09 4.36444e-09 -5.31866e-08  1.01278e-09 3.44438e-09 -3.78693e-08  7.97185e-10 2.76343e-09 -2.69838e-08  4.92596e-10 2.15435e-09 -1.93122e-08  3.19684e-10 1.64088e-09 -1.38332e-08  5.24531e-11 1.13692e-09 -9.89988e-09  1.55314e-10 9.88532e-10 -7.06176e-09  7.79616e-11 1.12169e-09 -5.04337e-09  -1.89411e-11 9.96533e-10 -3.64844e-09  -4.63351e-12 1.07026e-09 -2.66454e-09  -5.85987e-11 7.49778e-10 -1.93766e-09  -3.32366e-11 5.75351e-10 -1.3494e-09  1.69563e-11 3.70895e-10 -8.48617e-10  -7.27657e-11 4.68814e-11 -4.15348e-10  8.7195e-08 -5.03225e-09 3.19027e-07  2.89976e-07 1.06611e-06 5.25467e-07  6.02582e-07 2.09892e-06 7.79536e-07  1.01789e-06 3.89771e-06 8.3121e-07  1.49735e-06 6.18114e-06 6.23971e-07  1.77959e-06 7.96217e-06 -2.08156e-07  1.69519e-06 8.39548e-06 -1.29648e-06  1.28908e-06 6.86546e-06 -2.30893e-06  8.42275e-07 4.67374e-06 -2.808e-06  3.71498e-07 2.23874e-06 -2.71734e-06  1.46833e-07 8.66552e-07 -2.27434e-06  1.48772e-07 5.29457e-07 -1.86349e-06  2.65425e-07 7.99195e-07 -1.70229e-06  3.40664e-07 1.03934e-06 -1.76332e-06  3.15224e-07 9.8238e-07 -1.88394e-06  2.20912e-07 7.01427e-07 -1.92916e-06  1.27221e-07 3.99385e-07 -1.88022e-06  7.06914e-08 2.05413e-07 -1.79152e-06  4.61857e-08 1.10417e-07 -1.70749e-06  3.46621e-08 7.29509e-08 -1.62575e-06  3.11619e-08 8.80493e-08 -1.53853e-06  3.29867e-08 1.27646e-07 -1.46222e-06  2.9263e-08 1.15826e-07 -1.38995e-06  1.71565e-08 4.73288e-08 -1.27771e-06  9.51742e-09 6.98471e-09 -1.11563e-06  1.18098e-08 2.64696e-08 -9.467e-07  1.43976e-08 4.54449e-08 -7.97103e-07  1.20481e-08 3.44448e-08 -6.54106e-07  8.45947e-09 1.97737e-08 -5.12037e-07  6.7039e-09 1.81543e-08 -3.85845e-07  6.03883e-09 1.94178e-08 -2.85612e-07  4.92708e-09 1.56332e-08 -2.08492e-07  3.52302e-09 1.08646e-08 -1.49419e-07  2.34806e-09 8.14524e-09 -1.05734e-07  1.61137e-09 6.50009e-09 -7.48012e-08  1.0939e-09 5.12729e-09 -5.31515e-08  7.63384e-10 4.03522e-09 -3.78611e-08  5.82765e-10 3.07808e-09 -2.6958e-08  5.5983e-10 2.59883e-09 -1.92383e-08  2.77895e-10 1.92507e-09 -1.38222e-08  2.41238e-10 1.50315e-09 -9.93591e-09  -6.65441e-11 9.9063e-10 -7.05199e-09  -5.53902e-11 1.05972e-09 -5.00975e-09  1.08401e-11 1.1505e-09 -3.65979e-09  5.68765e-12 1.0668e-09 -2.6458e-09  -6.69424e-11 8.96843e-10 -1.91903e-09  -1.13789e-11 5.53375e-10 -1.37447e-09  -2.37118e-11 1.89116e-10 -8.46072e-10  -3.07353e-11 9.84625e-11 -3.642e-10  -1.95283e-08 3.15345e-07 2.88885e-07  1.14722e-07 9.79301e-07 5.08821e-07  2.51785e-07 2.05982e-06 7.74918e-07  4.52715e-07 3.99057e-06 8.4828e-07  6.14505e-07 6.30287e-06 6.64673e-07  7.28622e-07 8.37597e-06 -1.20786e-07  6.90056e-07 8.80219e-06 -1.30468e-06  5.30996e-07 7.62877e-06 -2.32725e-06  2.56538e-07 4.75177e-06 -2.87273e-06  7.64335e-08 2.27645e-06 -2.74736e-06  5.03179e-09 7.76897e-07 -2.28319e-06  4.48155e-08 4.77835e-07 -1.85848e-06  1.35795e-07 7.51224e-07 -1.69538e-06  1.94172e-07 1.01411e-06 -1.75656e-06  1.89216e-07 9.86051e-07 -1.87564e-06  1.36879e-07 7.17108e-07 -1.92485e-06  7.8739e-08 4.12835e-07 -1.8811e-06  4.12094e-08 2.10985e-07 -1.79654e-06  2.31205e-08 1.05667e-07 -1.71412e-06  1.6752e-08 6.27619e-08 -1.63054e-06  1.69079e-08 7.97526e-08 -1.54054e-06  1.9174e-08 1.2863e-07 -1.46408e-06  1.71071e-08 1.16108e-07 -1.39391e-06  1.13335e-08 4.09074e-08 -1.28166e-06  7.77039e-09 -1.10559e-09 -1.11672e-06  8.56613e-09 2.44719e-08 -9.45991e-07  9.41912e-09 4.79112e-08 -7.97104e-07  8.02899e-09 3.40181e-08 -6.54582e-07  6.1096e-09 1.87066e-08 -5.11788e-07  4.46562e-09 1.78098e-08 -3.85105e-07  3.65895e-09 2.01471e-08 -2.85237e-07  3.01218e-09 1.58161e-08 -2.08385e-07  2.01979e-09 1.04758e-08 -1.49179e-07  1.13733e-09 8.01773e-09 -1.05494e-07  6.47041e-10 6.61331e-09 -7.47117e-08  3.58064e-10 5.2664e-09 -5.3119e-08  2.63925e-10 3.96761e-09 -3.785e-08  1.2451e-10 3.07979e-09 -2.69691e-08  1.18572e-10 2.17754e-09 -1.92243e-08  9.81063e-11 1.8891e-09 -1.38074e-08  -4.35054e-11 9.8055e-10 -9.87795e-09  -2.73475e-10 1.14234e-09 -7.0315e-09  -1.46491e-10 1.10851e-09 -5.0673e-09  -9.00192e-11 1.08724e-09 -3.66669e-09  -2.756e-11 1.0245e-09 -2.62719e-09  2.72144e-11 9.33328e-10 -1.94167e-09  1.41409e-11 3.94629e-10 -1.40445e-09  -2.31735e-11 1.27577e-10 -7.94527e-10  -2.89754e-11 1.0517e-11 -3.49366e-10  1.81757e-08 5.16125e-08 2.88895e-07  -1.81451e-07 1.01998e-06 4.80861e-07  -3.47483e-07 1.99755e-06 7.52149e-07  -6.53854e-07 3.8848e-06 8.75422e-07  -1.03837e-06 6.44861e-06 7.09675e-07  -1.34973e-06 8.36387e-06 -1.04558e-07  -1.46061e-06 9.32334e-06 -1.28302e-06  -1.23541e-06 7.6127e-06 -2.37339e-06  -8.42331e-07 4.89419e-06 -2.907e-06  -4.71077e-07 2.23556e-06 -2.78024e-06  -2.51198e-07 7.78006e-07 -2.2938e-06  -1.42387e-07 4.31057e-07 -1.87196e-06  -1.19645e-07 6.77811e-07 -1.71031e-06  -1.02241e-07 9.05196e-07 -1.76436e-06  -7.20677e-08 8.85265e-07 -1.8707e-06  -3.566e-08 6.58902e-07 -1.91384e-06  -1.30581e-08 3.95557e-07 -1.87311e-06  -9.73651e-09 2.19542e-07 -1.79635e-06  -1.19359e-08 1.21727e-07 -1.72363e-06  -8.90018e-09 6.39729e-08 -1.64482e-06  -7.24678e-09 6.4708e-08 -1.55187e-06  -1.11394e-08 1.08484e-07 -1.47052e-06  -1.06404e-08 1.03082e-07 -1.39877e-06  -1.28253e-09 3.16888e-08 -1.28641e-06  4.9602e-09 -9.38478e-09 -1.1194e-06  2.00107e-09 1.75704e-08 -9.46302e-07  -1.95019e-09 4.32229e-08 -7.96984e-07  -6.08763e-10 3.08931e-08 -6.54802e-07  1.01541e-09 1.49616e-08 -5.11218e-07  -2.25273e-11 1.61982e-08 -3.83882e-07  -1.22489e-09 1.8935e-08 -2.84438e-07  -1.05583e-09 1.44487e-08 -2.07894e-07  -6.8631e-10 9.37604e-09 -1.48599e-07  -8.49177e-10 7.48867e-09 -1.05033e-07  -8.90657e-10 6.34982e-09 -7.45297e-08  -7.47646e-10 4.35389e-09 -5.31477e-08  -7.24036e-10 4.03571e-09 -3.78595e-08  -6.09893e-10 2.25671e-09 -2.69097e-08  -5.22487e-10 1.70287e-09 -1.92599e-08  -5.01584e-10 1.29842e-09 -1.37916e-08  -4.59402e-10 9.5372e-10 -9.87037e-09  -3.94007e-10 1.15752e-09 -7.06012e-09  -4.34497e-10 1.2833e-09 -5.1195e-09  -1.81301e-10 7.47708e-10 -3.7845e-09  -8.73866e-11 7.03873e-10 -2.69538e-09  -6.71148e-11 4.99278e-10 -1.96228e-09  -1.56971e-11 9.5118e-11 -1.37593e-09  2.21095e-11 -1.56017e-10 -7.9553e-10  5.71111e-12 -6.18541e-11 -2.99695e-10  -2.12156e-07 5.14508e-07 2.81545e-07  -3.22048e-07 9.15388e-07 4.66292e-07  -6.51371e-07 1.95316e-06 7.51617e-07  -1.19195e-06 3.85216e-06 8.74132e-07  -1.84041e-06 6.16943e-06 7.01198e-07  -2.44045e-06 8.5827e-06 -1.05382e-07  -2.39779e-06 8.59178e-06 -1.33724e-06  -2.05805e-06 7.23712e-06 -2.37394e-06  -1.40359e-06 4.71889e-06 -2.89296e-06  -7.55229e-07 2.23194e-06 -2.76862e-06  -3.7296e-07 7.7313e-07 -2.30471e-06  -2.32499e-07 4.10735e-07 -1.89105e-06  -2.32911e-07 6.2835e-07 -1.72475e-06  -2.39141e-07 8.33186e-07 -1.77426e-06  -1.94383e-07 8.09176e-07 -1.87574e-06  -1.1945e-07 5.90499e-07 -1.91068e-06  -6.10232e-08 3.57365e-07 -1.86687e-06  -3.77496e-08 2.06929e-07 -1.79309e-06  -3.04108e-08 1.23242e-07 -1.72589e-06  -2.00737e-08 6.16068e-08 -1.65129e-06  -1.8347e-08 5.61875e-08 -1.55824e-06  -2.6797e-08 9.43683e-08 -1.47435e-06  -2.61186e-08 9.38878e-08 -1.40053e-06  -8.16363e-09 2.88897e-08 -1.28771e-06  3.87414e-09 -1.03827e-08 -1.1207e-06  -1.34445e-09 1.41552e-08 -9.46912e-07  -7.84926e-09 3.94223e-08 -7.96963e-07  -5.18626e-09 2.89722e-08 -6.54685e-07  -1.35477e-09 1.36378e-08 -5.10955e-07  -2.25661e-09 1.47868e-08 -3.8348e-07  -3.75985e-09 1.75598e-08 -2.84036e-07  -3.12187e-09 1.36347e-08 -2.07614e-07  -2.08588e-09 8.59051e-09 -1.4835e-07  -1.97929e-09 6.74861e-09 -1.04864e-07  -1.70133e-09 5.52837e-09 -7.44759e-08  -1.67233e-09 4.57995e-09 -5.31556e-08  -8.92974e-10 2.16123e-09 -3.78483e-08  -1.24548e-09 2.64487e-09 -2.69502e-08  -8.76017e-10 1.73773e-09 -1.93281e-08  -9.33242e-10 1.40375e-09 -1.38007e-08  -6.60306e-10 1.04013e-09 -9.90251e-09  -6.81103e-10 9.92302e-10 -7.04275e-09  -3.57757e-10 1.02528e-09 -5.1793e-09  -3.93491e-10 6.09537e-10 -3.82491e-09  -1.63866e-10 4.59703e-10 -2.69918e-09  -6.1631e-11 3.89576e-10 -1.96953e-09  -4.50056e-11 -5.00076e-11 -1.39258e-09  3.48332e-12 -2.38209e-10 -7.62011e-10  -1.13157e-11 -9.65907e-11 -3.02671e-10  -2.19041e-08 -1.20636e-07 2.68869e-07  -4.68189e-07 9.75945e-07 4.51464e-07  -9.05234e-07 1.87941e-06 7.63371e-07  -1.69279e-06 3.67452e-06 8.58094e-07  -2.68112e-06 6.09412e-06 6.5556e-07  -3.24872e-06 7.70706e-06 -1.58127e-07  -3.50394e-06 8.41906e-06 -1.30851e-06  -2.86436e-06 6.80699e-06 -2.38435e-06  -1.92256e-06 4.39204e-06 -2.8808e-06  -1.02245e-06 2.07601e-06 -2.75966e-06  -4.6857e-07 7.04327e-07 -2.30571e-06  -3.2919e-07 4.17464e-07 -1.90495e-06  -3.4698e-07 5.93905e-07 -1.74701e-06  -3.77037e-07 7.88577e-07 -1.78685e-06  -3.17904e-07 7.51108e-07 -1.88149e-06  -2.09312e-07 5.49141e-07 -1.91067e-06  -1.16091e-07 3.33477e-07 -1.8626e-06  -7.09421e-08 2.01579e-07 -1.79063e-06  -5.11711e-08 1.25608e-07 -1.72821e-06  -3.28773e-08 6.42635e-08 -1.65655e-06  -3.05671e-08 5.5847e-08 -1.56352e-06  -4.49933e-08 9.36371e-08 -1.47803e-06  -4.2032e-08 9.11962e-08 -1.40277e-06  -1.47329e-08 2.97051e-08 -1.28932e-06  2.84097e-09 -8.40641e-09 -1.12166e-06  -5.6967e-09 1.52967e-08 -9.47176e-07  -1.48784e-08 3.9625e-08 -7.96974e-07  -1.01322e-08 2.92163e-08 -6.54599e-07  -3.79718e-09 1.38149e-08 -5.10741e-07  -4.93487e-09 1.50117e-08 -3.8306e-07  -6.61332e-09 1.76051e-08 -2.83652e-07  -5.25237e-09 1.36671e-08 -2.07312e-07  -3.62594e-09 8.49172e-09 -1.48081e-07  -3.1417e-09 6.60975e-09 -1.04675e-07  -2.92976e-09 5.58348e-09 -7.44222e-08  -1.63919e-09 3.11899e-09 -5.3193e-08  -1.807e-09 3.24678e-09 -3.78721e-08  -1.09327e-09 1.45738e-09 -2.69458e-08  -1.33167e-09 2.35828e-09 -1.92412e-08  -9.82948e-10 1.16788e-09 -1.38297e-08  -8.13675e-10 9.85562e-10 -9.93899e-09  -6.25484e-10 9.53026e-10 -7.1575e-09  -4.70143e-10 8.17209e-10 -5.17077e-09  -4.69123e-10 7.40445e-10 -3.76676e-09  -2.86312e-10 4.67631e-10 -2.79118e-09  1.38065e-11 8.47611e-11 -1.98796e-09  -1.48967e-11 -1.43237e-10 -1.33644e-09  -2.48904e-12 -2.71957e-10 -7.99357e-10  5.39198e-11 -2.10921e-10 -3.18779e-10  9.49417e-08 1.82047e-08 2.82167e-07  -5.51746e-07 8.47386e-07 4.99144e-07  -1.1475e-06 1.78912e-06 7.59368e-07  -2.1067e-06 3.36414e-06 8.46347e-07  -3.43115e-06 5.72012e-06 6.35721e-07  -4.21155e-06 7.32328e-06 -1.92585e-07  -4.3615e-06 7.59604e-06 -1.32301e-06  -3.65259e-06 6.30966e-06 -2.34941e-06  -2.3866e-06 3.93861e-06 -2.8517e-06  -1.31326e-06 1.96969e-06 -2.73937e-06  -6.18265e-07 7.20686e-07 -2.32193e-06  -3.83898e-07 3.46676e-07 -1.92509e-06  -4.34806e-07 5.11714e-07 -1.76455e-06  -4.82843e-07 6.95592e-07 -1.80116e-06  -4.19004e-07 6.67296e-07 -1.88831e-06  -2.80097e-07 4.81836e-07 -1.91173e-06  -1.59568e-07 2.91789e-07 -1.86051e-06  -9.48692e-08 1.75126e-07 -1.78944e-06  -6.3231e-08 1.06317e-07 -1.72962e-06  -3.73484e-08 4.91818e-08 -1.65986e-06  -3.40828e-08 4.18583e-08 -1.56748e-06  -5.42045e-08 8.05786e-08 -1.48133e-06  -5.1593e-08 8.05286e-08 -1.40521e-06  -1.53045e-08 2.05251e-08 -1.29074e-06  6.58081e-09 -1.52686e-08 -1.12206e-06  -5.99312e-09 9.05333e-09 -9.4722e-07  -1.86769e-08 3.36807e-08 -7.97086e-07  -1.22209e-08 2.38522e-08 -6.54601e-07  -4.35827e-09 1.0018e-08 -5.10447e-07  -6.02556e-09 1.17446e-08 -3.82714e-07  -8.42773e-09 1.5192e-08 -2.83412e-07  -6.4154e-09 1.13791e-08 -2.07034e-07  -4.49823e-09 7.32888e-09 -1.47736e-07  -3.7586e-09 5.41489e-09 -1.0449e-07  -3.47122e-09 4.35772e-09 -7.45164e-08  -2.84191e-09 3.82366e-09 -5.32435e-08  -2.19735e-09 2.55315e-09 -3.78303e-08  -1.98247e-09 2.51393e-09 -2.70615e-08  -1.32522e-09 1.11021e-09 -1.93208e-08  -1.04973e-09 1.29874e-09 -1.37693e-08  -9.82017e-10 8.84239e-10 -9.93419e-09  -5.29876e-10 5.19677e-10 -7.11062e-09  -6.41727e-10 6.39321e-10 -5.15914e-09  -2.4219e-10 3.94873e-10 -3.75892e-09  -2.9179e-10 4.6684e-10 -2.75905e-09  -7.40379e-11 5.83938e-11 -2.01283e-09  -6.81281e-11 2.93431e-11 -1.3171e-09  -1.9066e-11 -1.33162e-10 -7.99043e-10  -8.49866e-13 -3.02639e-11 -3.4352e-10  -1.26646e-07 1.72171e-07 2.57133e-07  -6.33894e-07 7.58986e-07 4.76858e-07  -1.34896e-06 1.57426e-06 7.57918e-07  -2.60812e-06 3.15772e-06 8.20807e-07  -3.91295e-06 4.91787e-06 5.82195e-07  -5.08734e-06 6.63926e-06 -2.41736e-07  -4.86557e-06 6.32773e-06 -1.35028e-06  -4.51391e-06 5.83778e-06 -2.29515e-06  -2.84403e-06 3.53833e-06 -2.85106e-06  -1.53924e-06 1.74575e-06 -2.72903e-06  -7.44509e-07 6.7905e-07 -2.31735e-06  -5.05553e-07 3.82185e-07 -1.94237e-06  -5.74823e-07 5.29686e-07 -1.78301e-06  -6.3287e-07 6.85008e-07 -1.81662e-06  -5.49347e-07 6.5046e-07 -1.89645e-06  -3.76174e-07 4.67316e-07 -1.915e-06  -2.23454e-07 2.8668e-07 -1.86065e-06  -1.36004e-07 1.7248e-07 -1.78977e-06  -9.29386e-08 1.08964e-07 -1.73094e-06  -6.00866e-08 6.01585e-08 -1.66239e-06  -5.35369e-08 5.43839e-08 -1.57105e-06  -7.56075e-08 8.95817e-08 -1.48453e-06  -6.93872e-08 8.4501e-08 -1.40716e-06  -2.57556e-08 2.73893e-08 -1.29139e-06  -1.1226e-09 -3.291e-09 -1.1222e-06  -1.63121e-08 2.00945e-08 -9.47326e-07  -3.02212e-08 4.08624e-08 -7.97094e-07  -2.02874e-08 2.84302e-08 -6.5434e-07  -1.00899e-08 1.46571e-08 -5.10002e-07  -1.15664e-08 1.58538e-08 -3.82355e-07  -1.3324e-08 1.75261e-08 -2.83149e-07  -1.00098e-08 1.30213e-08 -2.06784e-07  -6.6744e-09 8.4409e-09 -1.47471e-07  -6.67438e-09 7.58295e-09 -1.04227e-07  -4.81283e-09 4.95746e-09 -7.44142e-08  -3.5471e-09 3.30246e-09 -5.32184e-08  -2.53495e-09 1.97676e-09 -3.79789e-08  -1.89508e-09 1.79807e-09 -2.71414e-08  -1.7922e-09 1.23047e-09 -1.94719e-08  -1.08163e-09 5.91297e-10 -1.3815e-08  -1.10486e-09 6.00298e-10 -9.85473e-09  -8.46188e-10 3.77438e-10 -7.121e-09  -6.35997e-10 5.89877e-10 -5.19143e-09  -3.35857e-10 2.18848e-10 -3.7548e-09  -2.44418e-10 2.41271e-10 -2.70155e-09  -1.59331e-10 3.44208e-12 -1.97081e-09  -6.04936e-11 -1.16464e-10 -1.33313e-09  -6.76469e-13 -1.61612e-10 -7.76047e-10  -1.34582e-11 -5.38871e-11 -3.63177e-10  -1.27687e-09 -1.55958e-07 2.60997e-07  -6.82699e-07 6.06375e-07 5.13685e-07  -1.571e-06 1.385e-06 7.71996e-07  -2.94223e-06 2.70678e-06 8.16923e-07  -4.77224e-06 4.56236e-06 5.41744e-07  -5.43942e-06 5.30576e-06 -2.80982e-07  -6.07284e-06 5.96022e-06 -1.315e-06  -4.83944e-06 4.71647e-06 -2.31841e-06  -3.39271e-06 3.24885e-06 -2.79487e-06  -1.80688e-06 1.59979e-06 -2.73072e-06  -8.907e-07 6.69448e-07 -2.32962e-06  -5.79739e-07 3.67298e-07 -1.95054e-06  -6.85423e-07 5.13574e-07 -1.80343e-06  -7.32228e-07 6.19919e-07 -1.83195e-06  -6.29529e-07 5.75438e-07 -1.90508e-06  -4.38954e-07 4.15169e-07 -1.91722e-06  -2.65864e-07 2.5141e-07 -1.8605e-06  -1.66813e-07 1.50436e-07 -1.7905e-06  -1.15482e-07 9.61473e-08 -1.73279e-06  -7.46804e-08 5.66876e-08 -1.66557e-06  -6.16661e-08 5.02593e-08 -1.57506e-06  -8.24221e-08 7.7973e-08 -1.48732e-06  -7.82037e-08 7.46912e-08 -1.40805e-06  -3.15564e-08 2.7056e-08 -1.29181e-06  -2.63419e-09 1.15247e-09 -1.12293e-06  -1.83242e-08 2.1073e-08 -9.47758e-07  -3.37292e-08 3.77845e-08 -7.96826e-07  -2.39383e-08 2.73424e-08 -6.53919e-07  -1.17869e-08 1.46233e-08 -5.09665e-07  -1.31987e-08 1.53602e-08 -3.81949e-07  -1.53459e-08 1.64203e-08 -2.82908e-07  -1.12557e-08 1.1785e-08 -2.06612e-07  -7.71802e-09 7.94848e-09 -1.47191e-07  -6.55866e-09 6.2112e-09 -1.04024e-07  -5.96799e-09 5.09052e-09 -7.43004e-08  -4.08373e-09 3.01061e-09 -5.33647e-08  -3.32936e-09 3.03128e-09 -3.81343e-08  -2.09056e-09 1.24723e-09 -2.7106e-08  -1.45668e-09 1.08771e-09 -1.93555e-08  -1.4484e-09 5.95867e-10 -1.38743e-08  -1.23082e-09 6.20943e-10 -9.7961e-09  -9.61557e-10 4.67245e-10 -7.21155e-09  -4.51809e-10 1.98734e-10 -5.14703e-09  -6.24842e-10 4.13656e-10 -3.63934e-09  -3.81214e-10 1.91854e-10 -2.66619e-09  -3.45822e-10 1.55561e-10 -1.93129e-09  -2.09571e-10 1.17452e-11 -1.335e-09  -1.60133e-10 -3.12641e-11 -8.10257e-10  -8.41059e-11 -2.14336e-11 -3.73173e-10  2.71033e-07 -2.09054e-07 2.4759e-07  -8.23987e-07 5.05156e-07 4.69401e-07  -1.72714e-06 1.14704e-06 7.81644e-07  -3.36615e-06 2.36357e-06 8.01336e-07  -5.3407e-06 3.86624e-06 5.0367e-07  -6.47709e-06 4.76748e-06 -2.88745e-07  -6.64468e-06 4.92964e-06 -1.32404e-06  -5.76604e-06 4.26953e-06 -2.28119e-06  -3.65676e-06 2.6575e-06 -2.80444e-06  -1.98698e-06 1.38163e-06 -2.7235e-06  -9.31231e-07 5.60135e-07 -2.32858e-06  -6.86721e-07 3.93194e-07 -1.96052e-06  -7.46553e-07 4.4776e-07 -1.81656e-06  -8.12616e-07 5.44693e-07 -1.845e-06  -6.98403e-07 4.90437e-07 -1.91199e-06  -4.89423e-07 3.50511e-07 -1.91773e-06  -3.07434e-07 2.1307e-07 -1.85933e-06  -2.04013e-07 1.32392e-07 -1.79115e-06  -1.42518e-07 8.66358e-08 -1.73612e-06  -8.91066e-08 5.21186e-08 -1.67022e-06  -7.08322e-08 4.56268e-08 -1.57922e-06  -9.07186e-08 6.55804e-08 -1.48927e-06  -8.89246e-08 6.40401e-08 -1.40835e-06  -3.84184e-08 2.6011e-08 -1.29274e-06  -2.70842e-09 3.57684e-09 -1.12441e-06  -1.83252e-08 1.94139e-08 -9.48045e-07  -3.63212e-08 3.2979e-08 -7.95986e-07  -2.64681e-08 2.41495e-08 -6.53219e-07  -1.27441e-08 1.35793e-08 -5.09261e-07  -1.39489e-08 1.39064e-08 -3.81437e-07  -1.6789e-08 1.45151e-08 -2.82319e-07  -1.28196e-08 1.02991e-08 -2.06287e-07  -8.00731e-09 6.57712e-09 -1.4704e-07  -6.75827e-09 5.6924e-09 -1.03752e-07  -6.58238e-09 4.60085e-09 -7.40921e-08  -4.86275e-09 3.21526e-09 -5.33505e-08  -2.29484e-09 1.391e-09 -3.80439e-08  -2.43061e-09 1.19068e-09 -2.7275e-08  -1.80384e-09 6.76798e-10 -1.94285e-08  -1.53025e-09 5.22095e-10 -1.37477e-08  -1.23298e-09 4.3362e-10 -9.84289e-09  -9.43949e-10 3.15412e-10 -7.09072e-09  -6.92222e-10 9.9832e-11 -5.08892e-09  -3.02157e-10 1.39136e-10 -3.62402e-09  -3.78737e-10 1.26398e-10 -2.54715e-09  -3.19291e-10 1.62597e-10 -1.8924e-09  -2.04087e-10 6.53047e-11 -1.32186e-09  -1.09111e-10 -5.37172e-11 -7.8748e-10  -2.1055e-11 -6.97366e-11 -4.15873e-10  -2.466e-07 1.11412e-07 2.55423e-07  -8.61497e-07 3.55727e-07 4.9668e-07  -1.91745e-06 9.19194e-07 7.79274e-07  -3.7087e-06 1.90696e-06 7.87829e-07  -5.56558e-06 2.96446e-06 5.20374e-07  -7.25208e-06 3.97414e-06 -3.01918e-07  -6.91176e-06 3.77231e-06 -1.37326e-06  -6.23316e-06 3.44741e-06 -2.2736e-06  -4.1088e-06 2.24939e-06 -2.80652e-06  -2.16192e-06 1.15531e-06 -2.72848e-06  -1.05842e-06 5.23325e-07 -2.33207e-06  -6.59357e-07 3.12102e-07 -1.97205e-06  -7.94396e-07 3.84693e-07 -1.82578e-06  -8.24787e-07 4.18636e-07 -1.85564e-06  -7.17271e-07 3.73903e-07 -1.91611e-06  -5.05207e-07 2.60212e-07 -1.91844e-06  -3.23747e-07 1.59566e-07 -1.85977e-06  -2.19227e-07 1.02309e-07 -1.79279e-06  -1.50576e-07 6.86432e-08 -1.74038e-06  -8.48184e-08 3.72068e-08 -1.67569e-06  -6.11519e-08 2.83971e-08 -1.5829e-06  -8.80218e-08 4.49684e-08 -1.49053e-06  -9.16178e-08 4.6795e-08 -1.40884e-06  -3.55343e-08 1.6926e-08 -1.29439e-06  7.44398e-09 -2.90921e-09 -1.12629e-06  -8.48761e-09 8.92326e-09 -9.48168e-07  -3.23958e-08 2.17354e-08 -7.94902e-07  -2.39079e-08 1.59807e-08 -6.52531e-07  -8.79192e-09 7.78914e-09 -5.09028e-07  -1.05629e-08 8.47412e-09 -3.80859e-07  -1.56479e-08 1.00366e-08 -2.81489e-07  -1.29208e-08 7.50558e-09 -2.05873e-07  -7.14021e-09 4.1051e-09 -1.47103e-07  -6.93053e-09 4.25635e-09 -1.03541e-07  -5.38883e-09 3.0663e-09 -7.38265e-08  -4.7588e-09 2.58113e-09 -5.33582e-08  -4.13091e-09 1.48421e-09 -3.81413e-08  -1.84066e-09 6.84483e-10 -2.70052e-08  -2.46216e-09 4.45176e-10 -1.94032e-08  -1.41191e-09 2.21989e-10 -1.38456e-08  -1.34926e-09 1.86744e-10 -9.78552e-09  -1.00338e-09 1.09544e-10 -6.99981e-09  -8.50242e-10 3.41654e-10 -5.10131e-09  -2.19504e-10 -5.6456e-11 -3.57622e-09  -5.10541e-10 2.23375e-10 -2.46357e-09  -3.96124e-10 1.93529e-10 -1.8636e-09  -3.01337e-10 5.42926e-11 -1.27558e-09  -2.34442e-10 3.1493e-11 -7.71138e-10  -2.39247e-10 6.6899e-11 -4.30925e-10  -8.99707e-08 -1.01404e-07 2.81194e-07  -1.0223e-06 2.52667e-07 4.98856e-07  -2.10713e-06 6.63473e-07 7.57321e-07  -3.93238e-06 1.38273e-06 8.17708e-07  -6.34564e-06 2.35719e-06 5.04189e-07  -7.24694e-06 2.76213e-06 -3.22705e-07  -8.03184e-06 3.10929e-06 -1.33776e-06  -6.37799e-06 2.49051e-06 -2.32713e-06  -4.35945e-06 1.72439e-06 -2.80442e-06  -2.22527e-06 8.78188e-07 -2.73727e-06  -9.73559e-07 3.77895e-07 -2.33255e-06  -7.06176e-07 2.63132e-07 -1.96812e-06  -7.6663e-07 2.89439e-07 -1.8286e-06  -8.69405e-07 3.15162e-07 -1.85741e-06  -7.53766e-07 2.71998e-07 -1.92031e-06  -5.33822e-07 1.8159e-07 -1.92044e-06  -3.44031e-07 1.14487e-07 -1.8633e-06  -2.33924e-07 7.88846e-08 -1.79718e-06  -1.5767e-07 5.65836e-08 -1.7451e-06  -8.73407e-08 3.14741e-08 -1.67976e-06  -6.02598e-08 1.99144e-08 -1.58553e-06  -9.22356e-08 3.09036e-08 -1.49168e-06  -1.00203e-07 3.48999e-08 -1.41001e-06  -4.13969e-08 1.42302e-08 -1.29615e-06  6.60764e-09 -2.27323e-09 -1.12761e-06  -8.46532e-09 4.51312e-09 -9.47982e-07  -3.53176e-08 1.47429e-08 -7.94062e-07  -2.70221e-08 1.13529e-08 -6.52138e-07  -9.91434e-09 4.96826e-09 -5.08815e-07  -1.08866e-08 5.30003e-09 -3.80363e-07  -1.68525e-08 7.09124e-09 -2.80919e-07  -1.34728e-08 4.89064e-09 -2.05661e-07  -9.94571e-09 3.83553e-09 -1.46975e-07  -5.60636e-09 1.89982e-09 -1.03565e-07  -6.78045e-09 2.732e-09 -7.38234e-08  -5.07008e-09 1.75093e-09 -5.29497e-08  -2.24643e-09 5.63036e-10 -3.81e-08  -3.40707e-09 8.02626e-10 -2.7159e-08  -2.22291e-09 3.04269e-10 -1.93182e-08  -1.44372e-09 9.28222e-11 -1.39063e-08  -1.32169e-09 4.72274e-11 -9.67055e-09  -9.7117e-10 5.39144e-11 -7.03476e-09  -2.19968e-10 -2.92497e-11 -5.03466e-09  -4.79754e-10 8.63348e-11 -3.42811e-09  -4.16241e-10 1.56694e-10 -2.43567e-09  -3.84037e-10 4.7188e-11 -1.75481e-09  -3.52468e-10 1.8749e-11 -1.20899e-09  -3.9337e-10 5.35009e-11 -8.05657e-10  -2.01892e-10 3.66834e-11 -4.38934e-10  -6.36549e-08 -8.02913e-08 2.75577e-07  -1.12141e-06 1.55315e-07 4.80047e-07  -2.26658e-06 4.04343e-07 7.74317e-07  -4.23976e-06 9.33109e-07 7.94122e-07  -6.75076e-06 1.56956e-06 4.99376e-07  -8.12084e-06 2.00335e-06 -3.11862e-07  -8.26528e-06 2.06357e-06 -1.35197e-06  -7.09697e-06 1.8229e-06 -2.29776e-06  -4.52989e-06 1.17979e-06 -2.82182e-06  -2.31387e-06 6.21015e-07 -2.73489e-06  -9.91725e-07 2.74052e-07 -2.33313e-06  -7.29447e-07 1.9856e-07 -1.96654e-06  -8.06718e-07 2.09688e-07 -1.82234e-06  -9.68329e-07 2.17983e-07 -1.85507e-06  -8.24374e-07 1.76035e-07 -1.92161e-06  -6.22115e-07 1.20575e-07 -1.92634e-06  -3.87057e-07 7.37028e-08 -1.8697e-06  -2.59234e-07 5.56471e-08 -1.8036e-06  -1.70669e-07 4.22701e-08 -1.74959e-06  -9.86799e-08 2.47694e-08 -1.68175e-06  -7.9817e-08 1.60753e-08 -1.58631e-06  -1.189e-07 2.40805e-08 -1.49315e-06  -1.21689e-07 2.70458e-08 -1.41205e-06  -5.62518e-08 1.38475e-08 -1.29772e-06  -6.25444e-09 2.25524e-09 -1.12795e-06  -2.54706e-08 6.81267e-09 -9.47547e-07  -5.1482e-08 1.33628e-08 -7.93591e-07  -3.94275e-08 1.04341e-08 -6.51805e-07  -1.90511e-08 5.51809e-09 -5.08462e-07  -1.89232e-08 5.42728e-09 -3.79926e-07  -2.34015e-08 6.22379e-09 -2.80453e-07  -1.95737e-08 4.7864e-09 -2.05465e-07  -1.10353e-08 2.52642e-09 -1.46971e-07  -6.80603e-09 1.69233e-09 -1.03468e-07  -5.58043e-09 1.24334e-09 -7.38121e-08  -5.94248e-09 1.02794e-09 -5.31115e-08  -3.58398e-09 9.97171e-10 -3.79072e-08  -4.13384e-09 6.47687e-10 -2.69498e-08  -2.7117e-09 4.80835e-10 -1.94255e-08  -1.80068e-09 2.17502e-11 -1.38398e-08  -1.42566e-09 -2.12776e-11 -9.64332e-09  -7.18947e-10 -1.22766e-10 -6.99608e-09  -2.78233e-10 -2.19358e-10 -4.98921e-09  -4.12301e-11 -7.86083e-11 -3.40638e-09  -1.08943e-10 -6.61336e-12 -2.32748e-09  -5.22622e-10 5.05494e-11 -1.68347e-09  -4.65266e-10 6.46093e-11 -1.18777e-09  -4.21889e-10 4.48612e-11 -7.9503e-10  -1.6354e-10 4.64928e-11 -4.61019e-10  -3.73243e-07 6.62609e-08 2.86012e-07  -1.14337e-06 2.55105e-08 5.32762e-07  -2.39705e-06 1.7619e-07 7.73349e-07  -4.40866e-06 4.03691e-07 7.82334e-07  -6.51525e-06 7.20757e-07 5.15761e-07  -8.489e-06 1.00681e-06 -3.22702e-07  -7.98482e-06 9.86574e-07 -1.40444e-06  -7.12903e-06 9.3128e-07 -2.302e-06  -4.48947e-06 6.07513e-07 -2.82368e-06  -2.27649e-06 3.29267e-07 -2.73391e-06  -9.47658e-07 1.60498e-07 -2.3278e-06  -5.60294e-07 9.65922e-08 -1.95899e-06  -8.62105e-07 1.10535e-07 -1.8144e-06  -8.84391e-07 8.4901e-08 -1.85286e-06  -9.1312e-07 6.86719e-08 -1.92335e-06  -5.96655e-07 3.19924e-08 -1.93502e-06  -4.19197e-07 2.06985e-08 -1.87903e-06  -2.54897e-07 1.76995e-08 -1.81078e-06  -1.64134e-07 1.53524e-08 -1.75342e-06  -9.48987e-08 7.34091e-09 -1.68295e-06  -8.37081e-08 3.36589e-09 -1.5865e-06  -1.24492e-07 8.73678e-09 -1.49476e-06  -1.28652e-07 1.30493e-08 -1.41453e-06  -5.78196e-08 7.92505e-09 -1.29921e-06  -8.40291e-09 2.74578e-09 -1.1283e-06  -2.85505e-08 5.13638e-09 -9.47176e-07  -5.52951e-08 8.47994e-09 -7.93128e-07  -4.20445e-08 6.75724e-09 -6.51417e-07  -2.11413e-08 3.85041e-09 -5.08062e-07  -2.01708e-08 3.38987e-09 -3.79379e-07  -2.55215e-08 3.84868e-09 -2.7995e-07  -1.54799e-08 2.43345e-09 -2.05064e-07  -1.28044e-08 1.36459e-09 -1.4693e-07  -8.31717e-09 1.04002e-09 -1.03394e-07  -7.76108e-09 9.78963e-10 -7.35008e-08  -4.06715e-09 2.71676e-10 -5.31818e-08  -4.37396e-09 5.01378e-10 -3.80281e-08  -1.98721e-09 2.0722e-10 -2.68526e-08  -2.36938e-09 3.40222e-10 -1.94233e-08  -1.5114e-09 -1.01884e-10 -1.37723e-08  -1.26968e-09 -1.67102e-10 -9.62407e-09  -5.21357e-10 -2.75804e-10 -6.95342e-09  -5.85795e-10 -1.65319e-10 -4.95807e-09  2.5084e-10 -2.58093e-10 -3.38491e-09  -2.47516e-10 -5.76959e-11 -2.27457e-09  -4.15201e-10 1.49202e-10 -1.61151e-09  -5.39291e-10 6.40538e-11 -1.12362e-09  -4.49884e-10 9.33107e-11 -7.76866e-10  -1.61151e-10 6.68432e-11 -4.63526e-10  -3.93402e-07 -1.36631e-07 2.981e-07  -1.20113e-06 -1.60786e-07 5.39953e-07  -2.47184e-06 -3.62632e-07 7.82309e-07  -4.51431e-06 -6.2511e-07 7.88224e-07  -6.61043e-06 -9.37202e-07 5.10549e-07  -8.53141e-06 -1.16176e-06 -3.38532e-07  -7.97155e-06 -1.05407e-06 -1.42982e-06  -7.03368e-06 -8.9916e-07 -2.31603e-06  -4.4527e-06 -5.46329e-07 -2.82363e-06  -2.17892e-06 -2.34972e-07 -2.7284e-06  -8.35568e-07 -8.0154e-08 -2.30639e-06  -6.17246e-07 -6.9673e-08 -1.93708e-06  -7.78797e-07 -1.03154e-07 -1.78951e-06  -9.93828e-07 -1.43887e-07 -1.84203e-06  -8.82645e-07 -1.39429e-07 -1.93124e-06  -6.58851e-07 -1.0999e-07 -1.94768e-06  -3.88431e-07 -7.28244e-08 -1.89806e-06  -2.32106e-07 -4.46354e-08 -1.82317e-06  -1.30966e-07 -2.67253e-08 -1.75988e-06  -6.92258e-08 -1.70763e-08 -1.68538e-06  -6.20281e-08 -1.50431e-08 -1.58887e-06  -1.06228e-07 -1.72877e-08 -1.49867e-06  -1.10495e-07 -1.34196e-08 -1.41856e-06  -4.16033e-08 -1.72894e-09 -1.30182e-06  7.45694e-09 4.98855e-09 -1.12952e-06  -1.31586e-08 1.98429e-09 -9.47787e-07  -4.15e-08 -2.12828e-09 -7.9282e-07  -3.21415e-08 -2.08416e-09 -6.50156e-07  -1.49496e-08 -9.57933e-10 -5.07151e-07  -1.30682e-08 -8.18647e-10 -3.79176e-07  -1.89876e-08 -7.7255e-10 -2.79598e-07  -1.33946e-08 -1.87516e-10 -2.04357e-07  -1.12774e-08 -8.72773e-10 -1.4624e-07  -6.30544e-09 -5.03261e-10 -1.03029e-07  -6.78968e-09 -1.25544e-09 -7.35292e-08  -5.10221e-09 -9.02318e-10 -5.30814e-08  -4.35293e-09 -7.46859e-10 -3.7955e-08  -1.49219e-09 -3.85084e-10 -2.69145e-08  -2.21572e-09 -5.20324e-10 -1.92337e-08  -1.23904e-09 -4.54374e-10 -1.3636e-08  -1.23691e-09 -5.79406e-10 -9.589e-09  -7.82372e-10 -6.36501e-10 -6.82306e-09  -8.15874e-10 -6.98924e-10 -4.90697e-09  5.45251e-11 -3.97279e-10 -3.396e-09  -3.11265e-10 -3.16873e-10 -2.25553e-09  -2.4817e-10 -2.97014e-10 -1.56835e-09  -3.67582e-10 -6.23935e-11 -1.04616e-09  -4.06629e-10 -3.86379e-11 -6.96677e-10  -2.05784e-10 -5.03536e-11 -4.37322e-10  -8.81203e-08 2.28464e-08 2.99838e-07  -1.21835e-06 -2.80405e-07 4.92235e-07  -2.39822e-06 -5.75361e-07 7.86618e-07  -4.36464e-06 -1.1227e-06 8.10077e-07  -6.96868e-06 -1.78084e-06 4.8987e-07  -8.21115e-06 -2.14752e-06 -3.43446e-07  -8.23188e-06 -2.12074e-06 -1.39314e-06  -6.93732e-06 -1.78402e-06 -2.33183e-06  -4.21251e-06 -1.06504e-06 -2.82604e-06  -2.04769e-06 -5.14341e-07 -2.70915e-06  -7.85634e-07 -1.96972e-07 -2.29729e-06  -4.73724e-07 -1.33667e-07 -1.92686e-06  -7.85209e-07 -2.11297e-07 -1.78948e-06  -9.63943e-07 -2.61709e-07 -1.84046e-06  -9.2417e-07 -2.4834e-07 -1.92903e-06  -6.80951e-07 -1.87856e-07 -1.9528e-06  -4.16758e-07 -1.26685e-07 -1.9012e-06  -2.4071e-07 -8.01936e-08 -1.82836e-06  -1.44856e-07 -5.40967e-08 -1.76183e-06  -8.65253e-08 -3.36117e-08 -1.68629e-06  -8.18737e-08 -3.00525e-08 -1.59033e-06  -1.20784e-07 -3.7184e-08 -1.5e-06  -1.17973e-07 -3.30755e-08 -1.42001e-06  -4.88686e-08 -1.22794e-08 -1.30272e-06  -3.24233e-09 9.08401e-10 -1.12984e-06  -2.38011e-08 -4.68624e-09 -9.48148e-07  -4.94639e-08 -1.2142e-08 -7.92768e-07  -3.97778e-08 -1.04516e-08 -6.49631e-07  -1.84035e-08 -5.38178e-09 -5.06785e-07  -2.55191e-08 -6.70432e-09 -3.7941e-07  -1.83935e-08 -3.70014e-09 -2.79913e-07  -1.46343e-08 -2.91007e-09 -2.04094e-07  -9.91538e-09 -1.90826e-09 -1.45701e-07  -8.07106e-09 -1.94533e-09 -1.02981e-07  -6.10143e-09 -1.18754e-09 -7.34895e-08  -4.9499e-09 -1.60032e-09 -5.2885e-08  -2.41961e-09 -7.59004e-10 -3.79911e-08  -2.7718e-09 -1.14235e-09 -2.70742e-08  -1.74474e-09 -4.82969e-10 -1.91978e-08  -1.53921e-09 -6.21919e-10 -1.35569e-08  -1.23783e-09 -5.8907e-10 -9.53167e-09  -1.07239e-09 -7.23875e-10 -6.77447e-09  -5.61417e-10 -5.51719e-10 -4.86396e-09  -4.12589e-10 -4.87986e-10 -3.38649e-09  5.35156e-11 -2.80239e-10 -2.25174e-09  -3.70753e-10 -2.48105e-10 -1.55988e-09  -1.7684e-10 -1.07684e-10 -1.05515e-09  -2.52695e-10 6.41619e-13 -6.82646e-10  -8.43978e-11 5.44799e-12 -4.0383e-10  -1.05458e-07 6.84756e-08 3.03932e-07  -1.13197e-06 -3.60546e-07 5.17636e-07  -2.26624e-06 -8.16073e-07 7.70776e-07  -4.10033e-06 -1.5363e-06 8.28639e-07  -6.58684e-06 -2.53731e-06 4.96897e-07  -7.35659e-06 -2.88019e-06 -3.60273e-07  -8.03993e-06 -3.1559e-06 -1.38567e-06  -6.18063e-06 -2.43638e-06 -2.36103e-06  -4.10263e-06 -1.63126e-06 -2.80088e-06  -1.93128e-06 -7.8007e-07 -2.70835e-06  -7.19414e-07 -3.04077e-07 -2.29143e-06  -5.51071e-07 -2.3761e-07 -1.91387e-06  -7.94976e-07 -3.39464e-07 -1.78971e-06  -8.14889e-07 -3.17798e-07 -1.84135e-06  -8.50209e-07 -3.33436e-07 -1.92587e-06  -6.12954e-07 -2.39978e-07 -1.94971e-06  -3.86519e-07 -1.63438e-07 -1.90055e-06  -2.2048e-07 -1.06624e-07 -1.83064e-06  -1.29768e-07 -6.99883e-08 -1.76422e-06  -6.65299e-08 -3.84016e-08 -1.68873e-06  -6.39924e-08 -3.29445e-08 -1.59143e-06  -1.0518e-07 -4.84711e-08 -1.5004e-06  -1.04275e-07 -4.7037e-08 -1.42082e-06  -3.77894e-08 -1.80026e-08 -1.30382e-06  7.38226e-09 2.11982e-09 -1.13075e-06  -1.31355e-08 -5.9807e-09 -9.48681e-07  -4.14825e-08 -1.7996e-08 -7.92903e-07  -3.16955e-08 -1.46279e-08 -6.49578e-07  -2.32018e-08 -1.15809e-08 -5.06801e-07  -1.16042e-08 -5.10942e-09 -3.79861e-07  -1.61328e-08 -6.2581e-09 -2.80256e-07  -1.19055e-08 -4.15305e-09 -2.03927e-07  -6.72676e-09 -2.2029e-09 -1.45401e-07  -8.17655e-09 -3.35835e-09 -1.03056e-07  -6.91366e-09 -2.19342e-09 -7.35224e-08  -4.05536e-09 -1.42398e-09 -5.28621e-08  -3.83279e-09 -1.57179e-09 -3.79525e-08  -1.77802e-09 -9.82904e-10 -2.7102e-08  -1.36991e-09 -6.11584e-10 -1.92725e-08  -1.19581e-09 -6.38823e-10 -1.35568e-08  -1.09994e-09 -4.78734e-10 -9.44775e-09  -1.18074e-09 -7.33198e-10 -6.76169e-09  -6.26795e-10 -6.971e-10 -4.82278e-09  -6.48609e-10 -5.77125e-10 -3.34089e-09  -1.93148e-10 -3.03123e-10 -2.30155e-09  -4.36839e-10 -2.45359e-10 -1.55508e-09  -3.98377e-10 -1.5713e-10 -1.02721e-09  -2.63238e-10 -5.27412e-11 -6.8415e-10  -1.74778e-10 -3.64135e-11 -3.69915e-10  -3.08438e-07 -1.65572e-07 2.72539e-07  -9.50561e-07 -4.36536e-07 5.14649e-07  -2.04269e-06 -1.02412e-06 7.88325e-07  -3.87179e-06 -2.02036e-06 7.93393e-07  -5.6889e-06 -3.05092e-06 5.13972e-07  -7.40008e-06 -4.06698e-06 -3.40349e-07  -6.87084e-06 -3.76753e-06 -1.42543e-06  -6.08979e-06 -3.38549e-06 -2.3089e-06  -3.70891e-06 -2.0765e-06 -2.80798e-06  -1.8552e-06 -1.06232e-06 -2.6858e-06  -7.25251e-07 -4.42626e-07 -2.27409e-06  -5.24571e-07 -3.08753e-07 -1.91605e-06  -6.65215e-07 -3.85861e-07 -1.78871e-06  -8.56809e-07 -4.57633e-07 -1.83569e-06  -7.7755e-07 -4.09093e-07 -1.92575e-06  -5.68499e-07 -2.93781e-07 -1.94555e-06  -3.57558e-07 -1.92164e-07 -1.89643e-06  -2.20504e-07 -1.30104e-07 -1.82949e-06  -1.33985e-07 -8.23907e-08 -1.76683e-06  -7.23442e-08 -4.32107e-08 -1.6908e-06  -6.53957e-08 -3.48847e-08 -1.59188e-06  -1.02115e-07 -5.71921e-08 -1.50004e-06  -1.02967e-07 -5.97177e-08 -1.42072e-06  -4.20975e-08 -2.47678e-08 -1.30435e-06  2.13228e-09 1.13778e-09 -1.13154e-06  -1.5146e-08 -9.03377e-09 -9.4939e-07  -4.04464e-08 -2.36712e-08 -7.93055e-07  -3.46303e-08 -2.10914e-08 -6.49613e-07  -1.67587e-08 -1.06531e-08 -5.07383e-07  -1.5861e-08 -9.45163e-09 -3.80316e-07  -1.57352e-08 -8.21927e-09 -2.80317e-07  -1.0884e-08 -5.80771e-09 -2.03935e-07  -9.49517e-09 -5.14595e-09 -1.45559e-07  -5.4107e-09 -2.72289e-09 -1.03112e-07  -4.79429e-09 -2.30073e-09 -7.34958e-08  -3.91554e-09 -2.27003e-09 -5.28091e-08  -2.70018e-09 -1.88349e-09 -3.7902e-08  -1.88552e-09 -1.49177e-09 -2.69766e-08  -1.34112e-09 -8.88601e-10 -1.93664e-08  -1.09344e-09 -6.51974e-10 -1.35438e-08  -9.87717e-10 -4.45918e-10 -9.49043e-09  -1.1347e-09 -6.03605e-10 -6.58361e-09  -1.19215e-09 -1.00269e-09 -4.77177e-09  -4.4247e-10 -5.41993e-10 -3.42931e-09  -4.89237e-10 -4.21879e-10 -2.29894e-09  -2.72601e-10 -1.95266e-10 -1.57781e-09  -2.30494e-10 -1.03678e-10 -1.02638e-09  -2.20294e-10 -1.52874e-10 -6.13474e-10  -1.522e-10 -1.11356e-10 -3.776e-10  1.83713e-07 1.40351e-07 2.60186e-07  -8.87491e-07 -5.53492e-07 4.82851e-07  -1.81417e-06 -1.20654e-06 7.86338e-07  -3.44778e-06 -2.41578e-06 7.97361e-07  -5.46148e-06 -3.92347e-06 4.89258e-07  -6.54597e-06 -4.7822e-06 -3.25645e-07  -6.64547e-06 -4.87947e-06 -1.37173e-06  -5.5137e-06 -4.10481e-06 -2.30158e-06  -3.48013e-06 -2.59759e-06 -2.77815e-06  -1.6577e-06 -1.28895e-06 -2.67564e-06  -6.59712e-07 -5.36988e-07 -2.27347e-06  -4.22031e-07 -3.31941e-07 -1.91649e-06  -6.766e-07 -4.93229e-07 -1.77895e-06  -8.10232e-07 -5.71085e-07 -1.8339e-06  -6.80182e-07 -4.73831e-07 -1.91831e-06  -5.4389e-07 -3.73411e-07 -1.93826e-06  -3.44671e-07 -2.38326e-07 -1.89193e-06  -2.21785e-07 -1.57793e-07 -1.82628e-06  -1.39128e-07 -9.98047e-08 -1.76773e-06  -8.26827e-08 -5.21606e-08 -1.69188e-06  -7.60677e-08 -4.47212e-08 -1.59138e-06  -1.10508e-07 -7.36726e-08 -1.49908e-06  -1.08359e-07 -7.61728e-08 -1.41987e-06  -5.07395e-08 -3.48098e-08 -1.30407e-06  -1.07049e-08 -5.42976e-09 -1.13186e-06  -2.58942e-08 -1.79286e-08 -9.50075e-07  -4.78575e-08 -3.49745e-08 -7.93628e-07  -3.83568e-08 -2.86455e-08 -6.49778e-07  -2.82813e-08 -2.09372e-08 -5.07523e-07  -1.75404e-08 -1.25289e-08 -3.80837e-07  -1.65174e-08 -1.13775e-08 -2.80495e-07  -1.33793e-08 -9.19032e-09 -2.03867e-07  -5.84994e-09 -4.02961e-09 -1.4594e-07  -5.03306e-09 -3.3896e-09 -1.03543e-07  -3.73622e-09 -2.88659e-09 -7.35541e-08  -2.05476e-09 -1.77606e-09 -5.26604e-08  -2.87502e-09 -3.3381e-09 -3.78124e-08  -1.92121e-09 -1.89616e-09 -2.72261e-08  -1.2253e-09 -1.35347e-09 -1.93467e-08  -1.05878e-09 -7.61706e-10 -1.35885e-08  -6.802e-10 -4.38965e-10 -9.52923e-09  -8.11222e-10 -4.74194e-10 -6.54304e-09  -1.16054e-09 -8.05704e-10 -4.62464e-09  -6.63277e-10 -7.82242e-10 -3.40887e-09  -1.44749e-10 -2.52684e-10 -2.38463e-09  2.94705e-11 -1.51151e-11 -1.57446e-09  4.68606e-11 -3.27472e-11 -9.77693e-10  -1.34718e-10 -1.47804e-10 -5.93585e-10  -4.73248e-11 -8.09593e-11 -3.65335e-10  -1.2422e-08 1.68666e-07 2.67486e-07  -7.16005e-07 -6.05748e-07 5.26679e-07  -1.59565e-06 -1.40481e-06 7.74029e-07  -2.94197e-06 -2.70927e-06 8.01681e-07  -4.75039e-06 -4.50352e-06 5.05361e-07  -5.4073e-06 -5.19101e-06 -3.32264e-07  -5.92426e-06 -5.74115e-06 -1.35883e-06  -4.60305e-06 -4.50226e-06 -2.31631e-06  -3.07715e-06 -3.04451e-06 -2.74295e-06  -1.4927e-06 -1.53033e-06 -2.66154e-06  -6.41927e-07 -6.68635e-07 -2.28095e-06  -4.48069e-07 -4.41371e-07 -1.91525e-06  -5.64416e-07 -5.17168e-07 -1.78005e-06  -6.89773e-07 -6.33091e-07 -1.81728e-06  -6.43096e-07 -5.91764e-07 -1.9092e-06  -4.65925e-07 -4.19779e-07 -1.93155e-06  -3.08857e-07 -2.73936e-07 -1.88498e-06  -2.01025e-07 -1.76831e-07 -1.82376e-06  -1.25931e-07 -1.08793e-07 -1.76706e-06  -7.06609e-08 -5.19868e-08 -1.69221e-06  -6.55423e-08 -4.2028e-08 -1.59077e-06  -9.92963e-08 -7.75983e-08 -1.49723e-06  -9.88884e-08 -8.28801e-08 -1.4184e-06  -4.76691e-08 -3.75781e-08 -1.3034e-06  -1.11743e-08 -4.39493e-09 -1.13224e-06  -2.4982e-08 -1.9185e-08 -9.50798e-07  -4.35535e-08 -3.87573e-08 -7.94132e-07  -3.54595e-08 -3.1433e-08 -6.50185e-07  -2.56413e-08 -2.28023e-08 -5.07949e-07  -1.62359e-08 -1.3395e-08 -3.81079e-07  -1.54039e-08 -1.33468e-08 -2.80721e-07  -1.12042e-08 -9.21727e-09 -2.0412e-07  -7.4651e-09 -6.87426e-09 -1.45935e-07  -5.63487e-09 -5.33079e-09 -1.03478e-07  -2.8603e-09 -3.76872e-09 -7.37564e-08  -3.83626e-09 -4.29107e-09 -5.2688e-08  -2.35984e-09 -3.01163e-09 -3.78323e-08  -2.02627e-09 -2.1261e-09 -2.72506e-08  -1.27251e-09 -1.66714e-09 -1.94079e-08  -9.11722e-10 -7.9436e-10 -1.36813e-08  -6.4896e-10 -5.05518e-10 -9.46765e-09  -8.86138e-10 -5.97017e-10 -6.5904e-09  -7.14941e-10 -5.97658e-10 -4.59824e-09  -1.06648e-09 -9.67471e-10 -3.32989e-09  -1.79649e-10 -3.46795e-10 -2.43213e-09  -8.01001e-11 -2.62434e-10 -1.59731e-09  -1.50896e-10 -2.08918e-10 -9.58846e-10  -1.90944e-10 -1.91909e-10 -6.09029e-10  -1.79657e-10 -1.74875e-10 -3.42868e-10  -1.23164e-07 -1.20715e-07 2.51343e-07  -6.137e-07 -6.95468e-07 4.89434e-07  -1.32165e-06 -1.57475e-06 7.71778e-07  -2.56511e-06 -3.18416e-06 8.06924e-07  -3.82066e-06 -4.83597e-06 5.24943e-07  -5.00407e-06 -6.46302e-06 -3.06346e-07  -4.66928e-06 -6.05111e-06 -1.39512e-06  -4.19535e-06 -5.44934e-06 -2.26957e-06  -2.56987e-06 -3.39894e-06 -2.75692e-06  -1.3745e-06 -1.83918e-06 -2.66074e-06  -5.36383e-07 -7.1351e-07 -2.27546e-06  -3.54334e-07 -4.30126e-07 -1.91727e-06  -4.48068e-07 -5.33963e-07 -1.76853e-06  -5.4788e-07 -6.58581e-07 -1.8073e-06  -5.09578e-07 -6.15348e-07 -1.89622e-06  -3.72365e-07 -4.38052e-07 -1.92247e-06  -2.50419e-07 -2.77509e-07 -1.87801e-06  -1.65171e-07 -1.74271e-07 -1.81873e-06  -1.03686e-07 -1.03335e-07 -1.76314e-06  -5.46983e-08 -4.48088e-08 -1.69132e-06  -4.22476e-08 -2.32075e-08 -1.59083e-06  -7.34248e-08 -6.34363e-08 -1.49487e-06  -7.84981e-08 -7.63172e-08 -1.41595e-06  -3.55678e-08 -2.93482e-08 -1.30242e-06  -2.47182e-09 7.09636e-09 -1.13233e-06  -1.32817e-08 -9.05296e-09 -9.51454e-07  -3.09584e-08 -3.32377e-08 -7.94801e-07  -2.58297e-08 -2.68069e-08 -6.50618e-07  -1.43884e-08 -1.41663e-08 -5.08413e-07  -1.15292e-08 -1.08608e-08 -3.81298e-07  -1.08994e-08 -1.1418e-08 -2.80712e-07  -7.80388e-09 -8.13807e-09 -2.04116e-07  -5.63787e-09 -6.57106e-09 -1.45898e-07  -3.2615e-09 -4.65819e-09 -1.03373e-07  -3.42147e-09 -5.34974e-09 -7.38332e-08  -2.93283e-09 -4.95477e-09 -5.30099e-08  -3.21951e-09 -4.31463e-09 -3.80093e-08  -2.2238e-09 -2.95492e-09 -2.7272e-08  -1.13232e-09 -1.37129e-09 -1.9373e-08  -8.19482e-10 -7.52417e-10 -1.36647e-08  -6.66454e-10 -4.66997e-10 -9.47404e-09  -5.70603e-10 -2.52265e-10 -6.52619e-09  -9.63966e-10 -9.73997e-10 -4.62632e-09  -5.3808e-10 -3.74198e-10 -3.30959e-09  -4.15934e-10 -6.73085e-10 -2.33199e-09  -6.40333e-11 -4.10429e-10 -1.64476e-09  -7.2328e-11 -1.82396e-10 -1.02559e-09  -1.20603e-10 -1.59744e-10 -5.74632e-10  -2.3571e-11 -6.91124e-11 -3.36573e-10  1.2364e-07 7.0245e-08 2.8037e-07  -5.30912e-07 -8.15443e-07 5.188e-07  -1.09504e-06 -1.81063e-06 7.97566e-07  -2.0499e-06 -3.50204e-06 8.22662e-07  -3.16725e-06 -5.54602e-06 5.43633e-07  -3.95437e-06 -6.89201e-06 -2.91873e-07  -4.17767e-06 -7.33925e-06 -1.37145e-06  -3.19265e-06 -5.61618e-06 -2.30624e-06  -2.28694e-06 -4.02473e-06 -2.71501e-06  -1.15515e-06 -2.04535e-06 -2.65986e-06  -5.20766e-07 -8.66427e-07 -2.27981e-06  -2.41319e-07 -3.78188e-07 -1.91395e-06  -3.67136e-07 -5.79027e-07 -1.75496e-06  -4.39715e-07 -7.14224e-07 -1.79503e-06  -4.11502e-07 -6.704e-07 -1.88482e-06  -3.34911e-07 -5.17643e-07 -1.9151e-06  -1.97526e-07 -2.7886e-07 -1.87234e-06  -1.4029e-07 -1.77422e-07 -1.80978e-06  -9.6168e-08 -1.11939e-07 -1.75668e-06  -3.62603e-08 -2.41319e-08 -1.68799e-06  -3.9594e-08 -2.68629e-08 -1.58911e-06  -6.13261e-08 -6.41089e-08 -1.49318e-06  -6.57123e-08 -7.7216e-08 -1.41322e-06  -2.96146e-08 -2.75484e-08 -1.30022e-06  -1.72283e-09 9.46494e-09 -1.1316e-06  -1.1107e-08 -1.01688e-08 -9.52056e-07  -2.46816e-08 -3.38172e-08 -7.95764e-07  -2.57282e-08 -3.48307e-08 -6.51157e-07  -1.02797e-08 -1.20821e-08 -5.08489e-07  -8.31131e-09 -1.08466e-08 -3.81317e-07  -8.14707e-09 -1.13212e-08 -2.80933e-07  -6.91338e-09 -9.77437e-09 -2.04234e-07  -2.62383e-09 -3.88403e-09 -1.45967e-07  -4.91786e-09 -9.33351e-09 -1.03593e-07  -3.76552e-09 -6.71998e-09 -7.39453e-08  -2.58663e-09 -5.21346e-09 -5.30774e-08  -2.36657e-09 -3.81873e-09 -3.81513e-08  -1.22924e-09 -2.76486e-09 -2.72566e-08  -9.91641e-10 -1.50316e-09 -1.94376e-08  -6.39813e-10 -9.26959e-10 -1.36742e-08  -6.59367e-10 -4.93835e-10 -9.41659e-09  -3.16876e-10 -3.3286e-10 -6.54737e-09  -5.49626e-10 -5.52733e-10 -4.60728e-09  -3.97059e-10 -6.5729e-10 -3.259e-09  -3.66369e-10 -6.88571e-10 -2.29248e-09  -1.84425e-10 -5.90954e-10 -1.67398e-09  -7.19069e-11 -2.97932e-10 -1.07684e-09  -9.41294e-11 -1.96585e-10 -6.03956e-10  -2.69167e-11 -1.94494e-10 -3.13636e-10  6.11782e-10 2.0165e-07 2.63895e-07  -4.0801e-07 -9.17338e-07 4.92638e-07  -8.62481e-07 -2.00832e-06 8.17256e-07  -1.62456e-06 -3.91475e-06 8.5932e-07  -2.62608e-06 -6.456e-06 5.55079e-07  -3.21407e-06 -7.73855e-06 -2.81201e-07  -3.25687e-06 -7.9198e-06 -1.36236e-06  -2.69006e-06 -6.50591e-06 -2.26964e-06  -1.81424e-06 -4.41587e-06 -2.75004e-06  -8.6587e-07 -2.03473e-06 -2.6848e-06  -3.64349e-07 -8.12996e-07 -2.26697e-06  -2.3821e-07 -5.13257e-07 -1.90016e-06  -2.78416e-07 -6.37422e-07 -1.7421e-06  -3.43841e-07 -8.02611e-07 -1.78035e-06  -3.2537e-07 -7.48558e-07 -1.87562e-06  -2.37309e-07 -5.18203e-07 -1.90641e-06  -1.63971e-07 -3.21586e-07 -1.86374e-06  -1.15884e-07 -1.92767e-07 -1.80108e-06  -8.2243e-08 -1.20991e-07 -1.74765e-06  -5.29098e-08 -6.48853e-08 -1.68162e-06  -3.79054e-08 -4.0246e-08 -1.58561e-06  -5.27252e-08 -7.68707e-08 -1.49133e-06  -5.37501e-08 -8.54535e-08 -1.41068e-06  -2.67488e-08 -3.63314e-08 -1.297e-06  -6.32616e-09 -1.13663e-09 -1.13029e-06  -1.25624e-08 -2.00292e-08 -9.52636e-07  -2.17956e-08 -4.08541e-08 -7.96667e-07  -1.70938e-08 -3.13805e-08 -6.51661e-07  -1.03187e-08 -1.82909e-08 -5.08544e-07  -7.5979e-09 -1.55546e-08 -3.81485e-07  -7.88264e-09 -1.5862e-08 -2.81402e-07  -4.36527e-09 -8.89956e-09 -2.04627e-07  -5.11719e-09 -1.05254e-08 -1.45887e-07  -2.57363e-09 -6.37521e-09 -1.03668e-07  -2.78026e-09 -6.3612e-09 -7.43799e-08  -2.49235e-09 -5.0898e-09 -5.33735e-08  -1.73381e-09 -3.67858e-09 -3.80789e-08  -1.23237e-09 -2.86971e-09 -2.71715e-08  -9.49334e-10 -2.11544e-09 -1.94695e-08  -6.41986e-10 -9.36241e-10 -1.3719e-08  -6.6022e-10 -4.45237e-10 -9.39514e-09  -6.04273e-10 -8.96182e-10 -6.4985e-09  -3.50722e-10 -7.61393e-10 -4.62925e-09  -6.39386e-10 -1.22345e-09 -3.281e-09  -2.31621e-10 -5.18702e-10 -2.31312e-09  -1.82304e-10 -5.53836e-10 -1.66391e-09  -7.21556e-11 -1.78034e-10 -1.11785e-09  9.58646e-12 -8.30233e-12 -6.17295e-10  -2.63752e-11 -1.65221e-10 -3.19523e-10  -1.70316e-07 -3.39373e-07 2.77823e-07  -3.19465e-07 -9.87469e-07 5.3432e-07  -6.31155e-07 -2.2003e-06 8.33792e-07  -1.18322e-06 -4.31455e-06 8.67653e-07  -1.77769e-06 -6.47211e-06 5.89042e-07  -2.3332e-06 -8.46098e-06 -2.88847e-07  -2.16072e-06 -7.83743e-06 -1.39286e-06  -1.94759e-06 -7.05447e-06 -2.28225e-06  -1.20357e-06 -4.24001e-06 -2.76888e-06  -6.53164e-07 -2.31599e-06 -2.64872e-06  -2.63969e-07 -8.82864e-07 -2.27805e-06  -1.44448e-07 -5.07834e-07 -1.8921e-06  -1.76121e-07 -6.67612e-07 -1.72935e-06  -2.19347e-07 -8.36147e-07 -1.77511e-06  -2.07083e-07 -7.67756e-07 -1.86346e-06  -1.54102e-07 -5.46812e-07 -1.89611e-06  -1.08933e-07 -3.2391e-07 -1.85474e-06  -8.33836e-08 -1.97373e-07 -1.79016e-06  -6.63379e-08 -1.28431e-07 -1.73792e-06  -4.46e-08 -6.30078e-08 -1.67395e-06  -3.2568e-08 -4.68906e-08 -1.58085e-06  -3.83504e-08 -8.00668e-08 -1.48904e-06  -3.70387e-08 -8.72103e-08 -1.40771e-06  -1.9034e-08 -3.69011e-08 -1.29392e-06  -5.81966e-09 -1.12579e-09 -1.12907e-06  -9.46239e-09 -1.92753e-08 -9.53089e-07  -1.47133e-08 -3.9994e-08 -7.97374e-07  -1.12689e-08 -3.16106e-08 -6.51829e-07  -6.3244e-09 -1.69289e-08 -5.0847e-07  -5.15202e-09 -1.58435e-08 -3.8187e-07  -5.1622e-09 -1.60913e-08 -2.81882e-07  -3.4927e-09 -9.8943e-09 -2.04823e-07  -3.12059e-09 -1.00722e-08 -1.46048e-07  -2.88431e-09 -9.35847e-09 -1.03888e-07  -2.57308e-09 -7.75783e-09 -7.45011e-08  -2.09657e-09 -5.97108e-09 -5.33035e-08  -1.50796e-09 -4.52993e-09 -3.81369e-08  -1.22152e-09 -3.28592e-09 -2.72572e-08  -7.3768e-10 -1.97786e-09 -1.94069e-08  -7.25143e-10 -6.81563e-10 -1.37542e-08  -4.15794e-10 -1.54266e-10 -9.4605e-09  -6.28285e-10 -5.68906e-10 -6.34583e-09  -5.86344e-10 -1.47868e-09 -4.65546e-09  -4.69161e-10 -4.84883e-10 -3.37263e-09  -3.63591e-10 -9.72971e-10 -2.26848e-09  -2.36205e-10 -7.64388e-10 -1.69414e-09  -1.15718e-10 -2.78408e-10 -1.17614e-09  -9.05535e-11 -1.9913e-10 -6.08336e-10  -9.14727e-11 -2.20019e-10 -3.34415e-10  1.18281e-08 -4.37124e-09 2.98293e-07  -2.17155e-07 -1.0998e-06 5.63298e-07  -4.01483e-07 -2.40178e-06 8.44775e-07  -6.90246e-07 -4.45436e-06 9.0196e-07  -1.06786e-06 -7.17445e-06 5.72396e-07  -1.2168e-06 -8.09262e-06 -3.02832e-07  -1.25845e-06 -8.77722e-06 -1.35036e-06  -1.04613e-06 -6.83072e-06 -2.30614e-06  -6.80264e-07 -4.65958e-06 -2.75042e-06  -3.36448e-07 -2.20103e-06 -2.67196e-06  -1.15664e-07 -8.61525e-07 -2.25494e-06  -4.19174e-08 -4.70411e-07 -1.87995e-06  -5.59498e-08 -6.2724e-07 -1.73253e-06  -8.03233e-08 -7.99039e-07 -1.76328e-06  -7.88836e-08 -7.42452e-07 -1.85442e-06  -6.47201e-08 -5.22662e-07 -1.88556e-06  -5.32557e-08 -3.04403e-07 -1.8425e-06  -5.2147e-08 -1.83302e-07 -1.77926e-06  -4.97807e-08 -1.12793e-07 -1.72763e-06  -3.60506e-08 -5.07391e-08 -1.6646e-06  -2.49908e-08 -3.44443e-08 -1.57468e-06  -2.23653e-08 -7.04789e-08 -1.4853e-06  -1.99491e-08 -8.01253e-08 -1.40476e-06  -1.06377e-08 -2.82682e-08 -1.29175e-06  -3.45324e-09 1.07783e-08 -1.1278e-06  -4.17731e-09 -6.62534e-09 -9.52588e-07  -5.56209e-09 -3.10945e-08 -7.9749e-07  -3.81769e-09 -2.35e-08 -6.52071e-07  -1.58057e-09 -1.11682e-08 -5.08685e-07  -1.58179e-09 -1.1285e-08 -3.8218e-07  -1.63931e-09 -1.30813e-08 -2.82314e-07  -1.48773e-09 -6.53934e-09 -2.0508e-07  -1.4575e-09 -9.05331e-09 -1.46251e-07  -1.56461e-09 -7.66044e-09 -1.0411e-07  -1.26159e-09 -6.59093e-09 -7.44943e-08  -1.35418e-09 -5.29878e-09 -5.32418e-08  -1.11222e-09 -3.90495e-09 -3.81687e-08  -8.23646e-10 -3.17517e-09 -2.72567e-08  -6.83179e-10 -1.95142e-09 -1.94377e-08  -5.29443e-10 -6.77908e-10 -1.36929e-08  -3.69679e-10 -4.0604e-10 -9.40053e-09  -3.61555e-10 -7.02843e-10 -6.49871e-09  -5.25928e-10 -9.38656e-10 -4.66887e-09  -2.916e-10 -6.14798e-10 -3.34426e-09  -3.51197e-10 -6.56867e-10 -2.31235e-09  -2.52024e-10 -9.20403e-10 -1.70959e-09  -1.0761e-10 -3.11521e-10 -1.19315e-09  -1.12936e-10 -1.58838e-10 -6.71822e-10  -1.10274e-10 -1.64228e-10 -3.13013e-10  -7.09648e-08 -2.94318e-07 2.90265e-07  -9.25639e-09 -1.09025e-06 5.66099e-07  7.52045e-08 -2.40875e-06 8.54526e-07  2.87747e-07 -4.57824e-06 8.6902e-07  4.85407e-07 -6.75039e-06 5.8398e-07  7.58031e-07 -8.72376e-06 -2.74305e-07  7.34002e-07 -8.11101e-06 -1.37107e-06  7.6561e-07 -7.15083e-06 -2.2337e-06  5.31358e-07 -4.68025e-06 -2.73692e-06  3.11796e-07 -2.30758e-06 -2.65958e-06  1.65004e-07 -9.36855e-07 -2.26031e-06  1.43569e-07 -5.10014e-07 -1.88512e-06  1.70333e-07 -7.40687e-07 -1.72274e-06  1.82745e-07 -8.67736e-07 -1.75928e-06  1.56098e-07 -7.94728e-07 -1.84406e-06  1.02585e-07 -5.49026e-07 -1.86683e-06  4.92492e-08 -3.12194e-07 -1.82132e-06  1.2965e-08 -1.70616e-07 -1.75662e-06  -5.67512e-09 -1.0153e-07 -1.70352e-06  -1.39655e-08 -5.3946e-08 -1.64246e-06  -8.83968e-09 -5.62921e-08 -1.55794e-06  2.62803e-09 -9.78299e-08 -1.47513e-06  6.78224e-09 -9.87893e-08 -1.39912e-06  -3.41635e-10 -4.14466e-08 -1.28748e-06  -4.53181e-09 5.68249e-11 -1.12376e-06  1.00429e-09 -1.91765e-08 -9.49656e-07  6.90745e-09 -4.15772e-08 -7.96464e-07  6.65076e-09 -3.33559e-08 -6.52654e-07  4.04333e-09 -1.76901e-08 -5.09892e-07  3.02058e-09 -1.63564e-08 -3.82814e-07  3.36918e-09 -1.91317e-08 -2.82859e-07  2.00205e-09 -1.01763e-08 -2.06159e-07  1.02303e-09 -1.12962e-08 -1.46962e-07  2.62851e-10 -9.25425e-09 -1.04064e-07  1.21385e-10 -8.45361e-09 -7.45466e-08  -1.87204e-10 -5.04831e-09 -5.35218e-08  -4.14052e-10 -3.52863e-09 -3.80511e-08  -2.03943e-10 -3.30867e-09 -2.70537e-08  -1.54775e-10 -2.04054e-09 -1.93096e-08  -2.28905e-10 -1.19847e-09 -1.37167e-08  -2.31961e-10 -4.7567e-10 -9.51395e-09  -3.01072e-10 -8.52655e-10 -6.5475e-09  -5.31131e-11 -9.93929e-10 -4.73536e-09  -8.60286e-11 -7.38313e-10 -3.41577e-09  2.42812e-11 -9.29685e-10 -2.43775e-09  -1.73449e-10 -6.58992e-10 -1.77857e-09  -1.60567e-10 -2.3349e-10 -1.25142e-09  -5.30601e-11 -1.24855e-10 -6.86343e-10  -3.15306e-11 -9.86069e-11 -3.22083e-10  -1.87653e-08 1.7814e-08 3.00607e-07  1.37143e-07 -1.09982e-06 5.3892e-07  3.35436e-07 -2.31914e-06 8.25392e-07  7.60327e-07 -4.3237e-06 8.63921e-07  1.37041e-06 -6.79848e-06 5.63592e-07  1.64459e-06 -7.91544e-06 -2.75606e-07  1.91874e-06 -8.39509e-06 -1.28157e-06  1.62606e-06 -6.94767e-06 -2.23347e-06  1.16724e-06 -4.65318e-06 -2.711e-06  6.64404e-07 -2.4688e-06 -2.64825e-06  3.37179e-07 -1.02766e-06 -2.26938e-06  2.61119e-07 -6.50251e-07 -1.89735e-06  2.88136e-07 -7.39006e-07 -1.73831e-06  3.13003e-07 -8.73562e-07 -1.76216e-06  2.71256e-07 -7.83383e-07 -1.83946e-06  1.8844e-07 -5.36092e-07 -1.85959e-06  1.08725e-07 -2.98428e-07 -1.80868e-06  5.91173e-08 -1.6553e-07 -1.74318e-06  2.99864e-08 -1.00867e-07 -1.69196e-06  8.92133e-09 -5.62213e-08 -1.63322e-06  4.19206e-09 -5.78125e-08 -1.55065e-06  1.7302e-08 -9.83074e-08 -1.4694e-06  2.07217e-08 -9.9923e-08 -1.3957e-06  4.62419e-09 -3.78627e-08 -1.28533e-06  -5.25666e-09 1.69535e-09 -1.1216e-06  2.33249e-09 -1.7746e-08 -9.47737e-07  1.26751e-08 -4.13159e-08 -7.95534e-07  1.13657e-08 -3.23927e-08 -6.52899e-07  6.36982e-09 -1.68713e-08 -5.10422e-07  5.0605e-09 -1.53978e-08 -3.83218e-07  5.37719e-09 -1.73707e-08 -2.83137e-07  4.35442e-09 -1.46411e-08 -2.0647e-07  1.22908e-09 -6.58838e-09 -1.47276e-07  1.21655e-09 -9.26018e-09 -1.04133e-07  1.09057e-09 -8.7679e-09 -7.44609e-08  1.60311e-10 -5.11914e-09 -5.34922e-08  -6.05092e-11 -3.75336e-09 -3.79545e-08  -3.99424e-11 -2.8298e-09 -2.68879e-08  3.58842e-11 -2.13662e-09 -1.93468e-08  -3.43257e-10 -1.13988e-09 -1.37234e-08  -5.5371e-11 -1.07048e-09 -9.5533e-09  -5.89741e-11 -9.35479e-10 -6.62103e-09  1.10589e-10 -1.2903e-09 -4.69272e-09  1.31369e-10 -8.80325e-10 -3.45006e-09  1.00715e-10 -1.14515e-09 -2.52378e-09  -1.6796e-10 -4.99231e-10 -1.86863e-09  -1.37218e-10 -2.67547e-10 -1.21406e-09  -4.77169e-11 -2.10458e-10 -7.21736e-10  -4.35615e-12 -1.3803e-10 -3.44789e-10  -9.90083e-08 1.41125e-07 2.69535e-07  2.53734e-07 -1.06388e-06 4.94886e-07  5.7419e-07 -2.17855e-06 7.99573e-07  1.21978e-06 -4.0964e-06 8.3419e-07  2.13818e-06 -6.42941e-06 5.41185e-07  2.69001e-06 -7.6852e-06 -2.51455e-07  2.80573e-06 -7.6779e-06 -1.28449e-06  2.46109e-06 -6.5282e-06 -2.19967e-06  1.73452e-06 -4.45559e-06 -2.70476e-06  9.70718e-07 -2.36477e-06 -2.66839e-06  4.85835e-07 -1.02497e-06 -2.28319e-06  3.40923e-07 -5.97711e-07 -1.90771e-06  3.91865e-07 -7.08709e-07 -1.74939e-06  4.20047e-07 -8.13125e-07 -1.76951e-06  3.69281e-07 -7.21903e-07 -1.83699e-06  2.62342e-07 -4.94257e-07 -1.84949e-06  1.60952e-07 -2.8024e-07 -1.79684e-06  1.01701e-07 -1.60321e-07 -1.7305e-06  6.17568e-08 -9.80504e-08 -1.68179e-06  2.70119e-08 -5.10811e-08 -1.62621e-06  1.2865e-08 -4.42201e-08 -1.54467e-06  2.77984e-08 -8.57624e-08 -1.4637e-06  3.06041e-08 -8.85479e-08 -1.39159e-06  6.55274e-09 -2.6936e-08 -1.28322e-06  -1.06754e-08 1.49523e-08 -1.12001e-06  9.56073e-10 -4.49644e-09 -9.45808e-07  1.52835e-08 -3.12349e-08 -7.94129e-07  1.52596e-08 -2.49725e-08 -6.52959e-07  7.50513e-09 -1.02292e-08 -5.11247e-07  6.15791e-09 -1.00762e-08 -3.83603e-07  6.84324e-09 -1.34282e-08 -2.83388e-07  5.15909e-09 -1.07998e-08 -2.06821e-07  2.81625e-09 -7.19529e-09 -1.47643e-07  1.33029e-09 -5.96455e-09 -1.04192e-07  1.08592e-09 -5.7291e-09 -7.43302e-08  5.56677e-10 -4.11617e-09 -5.33901e-08  1.58148e-10 -2.4115e-09 -3.78833e-08  1.83268e-10 -2.39755e-09 -2.68823e-08  9.38568e-13 -1.81215e-09 -1.93784e-08  -1.45201e-10 -1.20419e-09 -1.37162e-08  -2.26069e-10 -9.78383e-10 -9.48913e-09  1.47828e-10 -1.06771e-09 -6.61803e-09  2.48147e-10 -1.38233e-09 -4.72449e-09  3.36556e-10 -1.55449e-09 -3.49766e-09  4.52252e-12 -8.19917e-10 -2.60016e-09  -1.48064e-10 -3.83691e-10 -1.86803e-09  -2.15819e-10 -8.12494e-11 -1.22276e-09  -1.3946e-10 -8.2959e-11 -7.40946e-10  -6.81465e-11 -4.63462e-11 -3.78937e-10  9.54756e-08 -4.44459e-07 2.79706e-07  3.71872e-07 -9.42534e-07 5.1304e-07  7.94928e-07 -2.04417e-06 7.6125e-07  1.66631e-06 -3.76529e-06 8.04869e-07  2.71169e-06 -5.70895e-06 5.40524e-07  3.56676e-06 -7.02023e-06 -2.33527e-07  3.81602e-06 -7.25808e-06 -1.26768e-06  3.338e-06 -6.20104e-06 -2.19288e-06  2.32487e-06 -4.28294e-06 -2.70895e-06  1.29748e-06 -2.3235e-06 -2.66926e-06  6.98998e-07 -1.16479e-06 -2.29615e-06  5.34248e-07 -7.69597e-07 -1.9356e-06  4.8289e-07 -6.95207e-07 -1.76688e-06  5.33588e-07 -7.81727e-07 -1.77647e-06  4.67524e-07 -6.83089e-07 -1.83769e-06  3.35585e-07 -4.71265e-07 -1.84378e-06  2.12122e-07 -2.69544e-07 -1.78671e-06  1.4058e-07 -1.69363e-07 -1.71882e-06  9.37322e-08 -1.11819e-07 -1.67332e-06  4.57412e-08 -6.12862e-08 -1.6203e-06  2.54913e-08 -4.84137e-08 -1.53888e-06  3.90433e-08 -8.13474e-08 -1.45836e-06  4.15569e-08 -8.46404e-08 -1.38726e-06  9.61355e-09 -2.71981e-08 -1.28065e-06  -1.34776e-08 1.59164e-08 -1.11805e-06  2.66342e-09 -5.17332e-09 -9.43592e-07  2.01982e-08 -2.73696e-08 -7.92611e-07  2.1034e-08 -2.55865e-08 -6.52925e-07  1.11614e-08 -9.91496e-09 -5.12171e-07  8.7601e-09 -8.72585e-09 -3.84323e-07  9.10586e-09 -1.25559e-08 -2.83674e-07  7.05759e-09 -1.02113e-08 -2.07108e-07  3.81383e-09 -6.43781e-09 -1.48018e-07  2.36049e-09 -5.18512e-09 -1.04416e-07  1.87259e-09 -5.09209e-09 -7.42123e-08  1.22951e-09 -3.5841e-09 -5.31598e-08  9.01762e-10 -2.70956e-09 -3.78781e-08  5.67927e-10 -2.23993e-09 -2.69921e-08  2.97879e-10 -1.75947e-09 -1.93633e-08  -7.74786e-11 -1.00419e-09 -1.37647e-08  -1.55283e-10 -8.19195e-10 -9.53996e-09  2.15005e-10 -1.15347e-09 -6.59713e-09  4.64157e-10 -1.50478e-09 -4.79336e-09  1.76888e-10 -1.15364e-09 -3.53683e-09  1.0288e-10 -9.40601e-10 -2.5883e-09  -1.2445e-10 -4.58018e-10 -1.8628e-09  -1.03353e-10 -3.72921e-10 -1.27414e-09  -6.15733e-11 -3.28705e-10 -7.63032e-10  -7.87816e-11 -1.23257e-10 -4.01007e-10  -5.39885e-08 -5.73782e-08 2.75557e-07  5.38431e-07 -9.8491e-07 4.45346e-07  1.00251e-06 -1.82573e-06 6.96847e-07  2.01463e-06 -3.3405e-06 7.88395e-07  3.37474e-06 -5.15431e-06 5.67658e-07  4.53649e-06 -6.59867e-06 -1.99903e-07  4.85394e-06 -6.83174e-06 -1.2447e-06  4.19794e-06 -5.86382e-06 -2.19425e-06  2.91878e-06 -4.07222e-06 -2.71084e-06  1.64495e-06 -2.28886e-06 -2.68348e-06  7.90853e-07 -1.06323e-06 -2.31923e-06  5.48264e-07 -6.68334e-07 -1.94963e-06  6.37346e-07 -7.59039e-07 -1.78e-06  6.72623e-07 -7.80996e-07 -1.78843e-06  5.8707e-07 -6.66999e-07 -1.83997e-06  4.27952e-07 -4.64913e-07 -1.83941e-06  2.83799e-07 -2.8326e-07 -1.78042e-06  1.83356e-07 -1.74996e-07 -1.71235e-06  1.31482e-07 -1.25155e-07 -1.66618e-06  7.26432e-08 -7.39582e-08 -1.6149e-06  4.80738e-08 -6.07348e-08 -1.5336e-06  6.05077e-08 -8.79271e-08 -1.45325e-06  5.85357e-08 -8.6379e-08 -1.38347e-06  1.63938e-08 -2.98514e-08 -1.27761e-06  -6.52234e-09 3.92241e-09 -1.11568e-06  -1.43818e-09 2.9172e-09 -9.41285e-07  4.15088e-08 -4.87562e-08 -7.90936e-07  2.76924e-08 -2.7004e-08 -6.52806e-07  1.92576e-08 -1.61139e-08 -5.12473e-07  1.46439e-08 -1.26219e-08 -3.85203e-07  1.37411e-08 -1.40902e-08 -2.84335e-07  9.89074e-09 -1.11908e-08 -2.07382e-07  6.13538e-09 -7.16793e-09 -1.48172e-07  4.32476e-09 -5.963e-09 -1.04596e-07  3.42789e-09 -5.11307e-09 -7.42162e-08  2.49763e-09 -3.93242e-09 -5.30624e-08  1.53063e-09 -2.94759e-09 -3.78374e-08  1.20094e-09 -2.44086e-09 -2.69946e-08  7.9542e-10 -1.91575e-09 -1.94432e-08  -6.72727e-11 -1.06076e-09 -1.38227e-08  -1.50392e-10 -8.17651e-10 -9.52137e-09  2.99204e-10 -1.29458e-09 -6.62058e-09  6.2252e-10 -1.49223e-09 -4.83733e-09  4.29506e-10 -1.25156e-09 -3.59782e-09  4.80034e-11 -7.81289e-10 -2.62213e-09  -1.52036e-11 -6.64434e-10 -1.8412e-09  -1.17525e-10 -3.34261e-10 -1.24275e-09  -7.45652e-11 -2.61469e-10 -8.16828e-10  -8.61552e-11 -9.3847e-11 -4.00112e-10  2.8941e-07 -3.06173e-07 2.68709e-07  4.80962e-07 -7.98298e-07 4.61696e-07  1.20328e-06 -1.62217e-06 6.83751e-07  2.31754e-06 -2.92752e-06 7.49051e-07  4.02327e-06 -4.66334e-06 5.60843e-07  5.2759e-06 -5.89402e-06 -1.84227e-07  5.65592e-06 -6.17676e-06 -1.2305e-06  4.89348e-06 -5.32102e-06 -2.19331e-06  3.40883e-06 -3.73066e-06 -2.72658e-06  1.90642e-06 -2.12296e-06 -2.69228e-06  9.84184e-07 -1.09326e-06 -2.33367e-06  6.88688e-07 -7.30732e-07 -1.9747e-06  7.20123e-07 -7.1854e-07 -1.79845e-06  7.72346e-07 -7.3377e-07 -1.7961e-06  7.31178e-07 -6.69318e-07 -1.84316e-06  4.99723e-07 -4.2872e-07 -1.83995e-06  3.13397e-07 -2.47456e-07 -1.77849e-06  2.45141e-07 -1.92305e-07 -1.70974e-06  1.57585e-07 -1.19176e-07 -1.66179e-06  9.5349e-08 -7.52954e-08 -1.61037e-06  6.25535e-08 -5.92143e-08 -1.52989e-06  7.35113e-08 -8.15772e-08 -1.44917e-06  6.86227e-08 -7.85455e-08 -1.37954e-06  2.3045e-08 -2.971e-08 -1.27476e-06  -2.05127e-08 1.68044e-08 -1.1138e-06  1.33773e-08 -1.4021e-08 -9.39605e-07  3.42802e-08 -3.22255e-08 -7.8994e-07  4.25449e-08 -3.82036e-08 -6.52146e-07  2.12315e-08 -1.50885e-08 -5.12722e-07  1.77867e-08 -1.29683e-08 -3.85815e-07  1.70138e-08 -1.36023e-08 -2.85131e-07  1.18829e-08 -1.06026e-08 -2.07757e-07  7.60676e-09 -7.00642e-09 -1.48372e-07  5.26105e-09 -5.46852e-09 -1.04721e-07  4.57056e-09 -5.02907e-09 -7.41842e-08  3.49178e-09 -4.06408e-09 -5.30731e-08  2.04212e-09 -2.84701e-09 -3.79111e-08  1.59825e-09 -2.65067e-09 -2.70321e-08  9.01065e-10 -1.89326e-09 -1.95208e-08  -1.31373e-10 -7.41638e-10 -1.39631e-08  -2.75839e-10 -6.65842e-10 -9.53423e-09  2.1462e-10 -1.05887e-09 -6.58202e-09  6.06759e-10 -1.40555e-09 -4.85647e-09  3.6252e-10 -9.88811e-10 -3.6191e-09  -1.93298e-10 -3.97264e-10 -2.62362e-09  -1.77206e-10 -3.34287e-10 -1.80806e-09  -1.80772e-10 -2.34095e-10 -1.26287e-09  -1.33961e-11 -2.96272e-10 -8.02455e-10  -8.25867e-11 -8.09198e-11 -4.10623e-10  -1.08669e-07 -4.76601e-08 2.4212e-07  6.56787e-07 -7.86195e-07 3.99719e-07  1.26993e-06 -1.3454e-06 6.71573e-07  2.54319e-06 -2.44947e-06 7.4311e-07  4.30219e-06 -3.83888e-06 5.6466e-07  5.71405e-06 -4.89937e-06 -1.82164e-07  6.18266e-06 -5.19582e-06 -1.24034e-06  5.34085e-06 -4.50277e-06 -2.20367e-06  3.72375e-06 -3.20048e-06 -2.72958e-06  2.08338e-06 -1.86133e-06 -2.70475e-06  1.0316e-06 -9.78383e-07 -2.35179e-06  6.8019e-07 -6.40543e-07 -1.98883e-06  7.34073e-07 -6.20079e-07 -1.80868e-06  8.10825e-07 -6.32109e-07 -1.80336e-06  7.26682e-07 -5.30088e-07 -1.84685e-06  5.48984e-07 -3.76517e-07 -1.84143e-06  3.56321e-07 -2.31957e-07 -1.78079e-06  2.58621e-07 -1.60106e-07 -1.70908e-06  1.68506e-07 -1.05523e-07 -1.65915e-06  9.83841e-08 -5.95677e-08 -1.60811e-06  5.80274e-08 -4.19647e-08 -1.5273e-06  6.79349e-08 -5.97414e-08 -1.44592e-06  6.55685e-08 -6.05489e-08 -1.37586e-06  1.70023e-08 -1.8855e-08 -1.27157e-06  -3.22372e-08 2.2306e-08 -1.11211e-06  1.3502e-09 -2.36637e-09 -9.38975e-07  3.26497e-08 -2.5077e-08 -7.89375e-07  3.08684e-08 -2.25564e-08 -6.51764e-07  2.05843e-08 -1.24077e-08 -5.12629e-07  2.13404e-08 -1.32856e-08 -3.86201e-07  1.49581e-08 -9.54877e-09 -2.85611e-07  1.19617e-08 -7.81608e-09 -2.08171e-07  6.96131e-09 -5.00321e-09 -1.48585e-07  4.8101e-09 -3.8161e-09 -1.04848e-07  4.12051e-09 -3.83283e-09 -7.43006e-08  3.21314e-09 -3.25065e-09 -5.30752e-08  1.9322e-09 -2.40612e-09 -3.79741e-08  1.12986e-09 -2.01188e-09 -2.7125e-08  6.34271e-10 -1.52982e-09 -1.95021e-08  1.3342e-10 -6.11349e-10 -1.39639e-08  -1.84566e-10 -3.37022e-10 -9.6438e-09  2.72104e-10 -8.91124e-10 -6.65026e-09  5.0145e-10 -1.1237e-09 -4.84551e-09  3.84994e-10 -8.88273e-10 -3.59518e-09  2.29904e-10 -5.65406e-10 -2.59827e-09  8.8412e-11 -4.01768e-10 -1.82098e-09  -1.53787e-11 -3.44489e-10 -1.27793e-09  -1.73646e-10 -1.3138e-10 -8.10371e-10  -1.76369e-10 -8.49483e-12 -4.03381e-10  -1.8492e-07 -4.48451e-08 2.51157e-07  6.50967e-07 -5.56816e-07 4.21405e-07  1.2984e-06 -1.06365e-06 6.39169e-07  2.80861e-06 -1.9876e-06 7.19053e-07  4.79222e-06 -3.16809e-06 5.73782e-07  6.40102e-06 -4.07222e-06 -1.64679e-07  6.84797e-06 -4.31601e-06 -1.22851e-06  5.88396e-06 -3.7452e-06 -2.20112e-06  4.05894e-06 -2.68049e-06 -2.73667e-06  2.27654e-06 -1.61615e-06 -2.71077e-06  1.12932e-06 -9.01031e-07 -2.35975e-06  7.63163e-07 -6.20818e-07 -2.00273e-06  8.12652e-07 -5.79002e-07 -1.8212e-06  8.9314e-07 -5.6469e-07 -1.80752e-06  8.27958e-07 -4.80931e-07 -1.8508e-06  6.02776e-07 -3.29859e-07 -1.84875e-06  3.9974e-07 -2.11424e-07 -1.78541e-06  2.71501e-07 -1.38585e-07 -1.71131e-06  1.92397e-07 -1.03677e-07 -1.65916e-06  1.21981e-07 -6.15715e-08 -1.60564e-06  7.95071e-08 -4.44425e-08 -1.52581e-06  8.49819e-08 -5.56338e-08 -1.44394e-06  7.87194e-08 -5.54261e-08 -1.37227e-06  2.21735e-08 -1.83086e-08 -1.26806e-06  -9.95137e-09 3.99261e-09 -1.11042e-06  4.41024e-09 -2.1394e-09 -9.38886e-07  3.7855e-08 -2.33766e-08 -7.88992e-07  3.71555e-08 -2.08865e-08 -6.51018e-07  2.52151e-08 -1.42383e-08 -5.12303e-07  2.0509e-08 -1.05023e-08 -3.86433e-07  1.95265e-08 -1.09279e-08 -2.8567e-07  1.55119e-08 -7.98984e-09 -2.0826e-07  9.39099e-09 -5.0461e-09 -1.48826e-07  6.57413e-09 -3.89018e-09 -1.04942e-07  5.53196e-09 -3.74617e-09 -7.43555e-08  4.24786e-09 -3.14705e-09 -5.31533e-08  2.4158e-09 -2.15501e-09 -3.80044e-08  1.48219e-09 -1.6787e-09 -2.71511e-08  9.66448e-10 -1.26978e-09 -1.94488e-08  3.51711e-10 -6.15205e-10 -1.3893e-08  1.88298e-10 -3.85788e-10 -9.74979e-09  3.41338e-10 -7.30212e-10 -6.79641e-09  3.58039e-10 -8.04721e-10 -4.8683e-09  4.50664e-10 -6.88467e-10 -3.53112e-09  2.86525e-10 -3.94767e-10 -2.56139e-09  2.22331e-10 -3.54208e-10 -1.88019e-09  -6.72686e-11 -1.89214e-10 -1.31263e-09  -9.47766e-11 -1.1574e-10 -8.04982e-10  1.06009e-10 -1.72074e-10 -3.9705e-10  2.20337e-07 -9.19564e-08 2.21103e-07  6.27676e-07 -3.40898e-07 3.6934e-07  1.39188e-06 -7.94267e-07 6.27034e-07  2.82433e-06 -1.3841e-06 7.4432e-07  4.93002e-06 -2.27783e-06 5.75181e-07  6.60488e-06 -2.95631e-06 -1.59912e-07  7.14686e-06 -3.20408e-06 -1.23274e-06  6.19012e-06 -2.84187e-06 -2.21386e-06  4.26023e-06 -2.07641e-06 -2.75133e-06  2.30702e-06 -1.27339e-06 -2.72366e-06  1.06762e-06 -7.27645e-07 -2.3667e-06  6.69402e-07 -4.99266e-07 -2.00564e-06  7.54474e-07 -4.56628e-07 -1.82089e-06  8.79228e-07 -4.37169e-07 -1.81018e-06  8.18203e-07 -3.64476e-07 -1.85659e-06  6.08714e-07 -2.49933e-07 -1.85636e-06  3.90446e-07 -1.534e-07 -1.79365e-06  2.55438e-07 -1.00751e-07 -1.71759e-06  1.91205e-07 -7.92856e-08 -1.65953e-06  1.06185e-07 -4.07615e-08 -1.60227e-06  6.79833e-08 -2.66394e-08 -1.52464e-06  7.27057e-08 -3.26695e-08 -1.44317e-06  6.59526e-08 -3.42585e-08 -1.36921e-06  1.50775e-08 -1.078e-08 -1.26517e-06  -4.19107e-08 1.88561e-08 -1.10907e-06  7.24175e-10 2.3191e-09 -9.39087e-07  2.77209e-08 -1.01245e-08 -7.89365e-07  3.2205e-08 -1.24752e-08 -6.50851e-07  1.75196e-08 -7.58225e-09 -5.12513e-07  1.70364e-08 -6.99062e-09 -3.86565e-07  2.00308e-08 -9.11493e-09 -2.85562e-07  1.20151e-08 -4.5453e-09 -2.08163e-07  8.50373e-09 -3.06301e-09 -1.49153e-07  5.60197e-09 -2.06947e-09 -1.05208e-07  4.71978e-09 -2.30406e-09 -7.44086e-08  3.56611e-09 -2.00985e-09 -5.3243e-08  2.40226e-09 -1.47233e-09 -3.80827e-08  1.44259e-09 -1.23828e-09 -2.71651e-08  1.08321e-09 -8.91831e-10 -1.94881e-08  7.28254e-10 -6.16739e-10 -1.395e-08  3.75462e-10 -3.70962e-10 -9.83948e-09  1.40597e-10 -4.91727e-10 -6.87864e-09  4.08969e-10 -5.69606e-10 -4.86001e-09  6.72892e-10 -5.62851e-10 -3.48385e-09  6.39275e-10 -4.62387e-10 -2.57074e-09  2.90129e-10 -2.82583e-10 -1.92082e-09  1.61022e-10 -2.07414e-10 -1.31752e-09  1.72247e-10 -1.99398e-10 -8.26501e-10  -1.03645e-11 -5.15883e-11 -3.98303e-10  -8.61533e-08 9.39138e-08 2.45411e-07  7.05808e-07 -2.50278e-07 3.44728e-07  1.4017e-06 -4.53163e-07 6.28736e-07  2.98364e-06 -8.67534e-07 7.45074e-07  5.31113e-06 -1.4729e-06 5.84629e-07  7.2263e-06 -2.00101e-06 -1.3668e-07  7.7827e-06 -2.20418e-06 -1.23525e-06  6.65387e-06 -1.99335e-06 -2.22712e-06  4.52039e-06 -1.49346e-06 -2.76499e-06  2.40548e-06 -9.55257e-07 -2.73786e-06  1.07911e-06 -5.80148e-07 -2.37118e-06  6.86796e-07 -4.16681e-07 -2.001e-06  8.06539e-07 -3.72255e-07 -1.81714e-06  9.55046e-07 -3.43949e-07 -1.81139e-06  8.94348e-07 -2.77055e-07 -1.8624e-06  6.67791e-07 -1.86824e-07 -1.86625e-06  4.24031e-07 -1.09867e-07 -1.80433e-06  2.73099e-07 -7.09279e-08 -1.72456e-06  2.11818e-07 -5.87242e-08 -1.662e-06  1.24206e-07 -3.47861e-08 -1.60146e-06  9.0939e-08 -2.24286e-08 -1.52275e-06  9.6478e-08 -2.38009e-08 -1.44208e-06  8.06377e-08 -2.35844e-08 -1.36839e-06  2.09213e-08 -6.48819e-09 -1.26251e-06  -7.13232e-09 6.15607e-09 -1.10667e-06  -5.34267e-09 8.52259e-09 -9.39095e-07  4.49084e-08 -6.96438e-09 -7.90121e-07  3.67586e-08 -8.16734e-09 -6.51219e-07  3.22431e-08 -7.81671e-09 -5.12435e-07  1.2151e-08 -3.72683e-09 -3.86683e-07  1.93955e-08 -5.45859e-09 -2.85452e-07  1.94091e-08 -5.41677e-09 -2.07957e-07  9.93285e-09 -2.01114e-09 -1.48961e-07  8.13425e-09 -1.71819e-09 -1.05357e-07  6.11885e-09 -1.64688e-09 -7.45986e-08  4.39145e-09 -1.53758e-09 -5.32435e-08  3.14973e-09 -1.26512e-09 -3.81109e-08  1.81483e-09 -9.89376e-10 -2.71845e-08  1.4337e-09 -8.74596e-10 -1.94212e-08  1.00112e-09 -4.81968e-10 -1.39174e-08  6.44142e-10 -3.97505e-10 -9.92674e-09  2.64847e-10 -3.33987e-10 -6.97518e-09  5.08016e-10 -3.87138e-10 -4.86237e-09  5.36006e-10 -3.33969e-10 -3.49807e-09  7.15141e-10 -4.56438e-10 -2.6082e-09  4.79146e-10 -3.36066e-10 -1.9249e-09  2.97662e-10 -2.40551e-10 -1.34309e-09  -6.47179e-11 -9.57595e-11 -8.48135e-10  1.86749e-10 -7.3605e-11 -3.83619e-10  2.63621e-07 -9.92855e-08 2.12619e-07  7.10211e-07 -1.16299e-07 3.5653e-07  1.41581e-06 -1.48796e-07 6.41014e-07  3.12971e-06 -3.35127e-07 7.90924e-07  5.48825e-06 -6.05492e-07 6.12465e-07  7.34356e-06 -9.06197e-07 -1.51901e-07  7.85219e-06 -1.08355e-06 -1.25554e-06  6.68707e-06 -1.05259e-06 -2.25684e-06  4.48405e-06 -8.48971e-07 -2.78317e-06  2.31911e-06 -5.98384e-07 -2.74226e-06  9.58932e-07 -3.99711e-07 -2.36878e-06  5.57617e-07 -2.935e-07 -1.99288e-06  6.99245e-07 -2.45083e-07 -1.81064e-06  8.78375e-07 -2.06521e-07 -1.80985e-06  8.48178e-07 -1.55103e-07 -1.8656e-06  6.34114e-07 -9.52759e-08 -1.87299e-06  4.0033e-07 -4.75915e-08 -1.81284e-06  2.54016e-07 -2.8705e-08 -1.73386e-06  1.5455e-07 -2.28789e-08 -1.66731e-06  1.01689e-07 -1.78166e-08 -1.60077e-06  7.16987e-08 -6.67765e-09 -1.52021e-06  8.63084e-08 -4.97752e-09 -1.44116e-06  6.91401e-08 -4.64963e-09 -1.36836e-06  1.25484e-08 2.07805e-09 -1.26081e-06  -2.50441e-08 1.05913e-08 -1.1046e-06  6.71398e-09 9.53094e-09 -9.39128e-07  3.40906e-08 2.85407e-09 -7.9161e-07  3.03161e-08 -8.85325e-10 -6.51938e-07  1.64758e-08 -4.84477e-10 -5.1299e-07  1.42209e-08 -1.35905e-09 -3.86895e-07  1.50819e-08 -1.32258e-09 -2.85464e-07  1.13527e-08 -1.41173e-09 -2.07758e-07  9.84009e-09 -5.70337e-10 -1.48845e-07  6.79249e-09 -4.10201e-10 -1.05504e-07  5.77321e-09 -4.59615e-10 -7.47895e-08  4.09601e-09 -6.18768e-10 -5.33979e-08  2.74894e-09 -6.49238e-10 -3.81377e-08  1.81743e-09 -5.46286e-10 -2.72155e-08  1.11553e-09 -5.26768e-10 -1.93738e-08  1.21238e-09 -3.33552e-10 -1.39093e-08  6.15086e-10 -3.18492e-10 -1.00023e-08  5.51427e-10 -1.96231e-10 -6.99485e-09  7.01497e-10 -2.97569e-10 -4.89389e-09  9.54333e-10 -3.26188e-10 -3.56088e-09  7.28136e-10 -3.84447e-10 -2.65223e-09  4.36298e-10 -2.91845e-10 -1.9319e-09  2.47898e-10 -2.10331e-10 -1.34244e-09  1.40275e-10 -1.39595e-10 -8.42049e-10  1.66874e-10 -1.18417e-10 -4.09487e-10  
            </DataArray>
            <DataArray type="Float64" Name="Force" NumberOfComponents="3" format="ascii">
               0.00112797 -2.94322e-06 -4.21225e-05  0.00114686 -6.65333e-06 -2.62305e-05  0.00109821 -8.03152e-06 -1.64572e-06  0.000508297 4.03618e-05 3.12506e-06  0.000921084 -1.33532e-05 1.26487e-05  0.00065786 -1.88853e-05 1.64129e-05  0.000419116 -1.47034e-05 1.10396e-05  0.000239506 -8.34422e-06 5.42446e-06  0.000151297 -2.59138e-06 2.3833e-06  0.000136979 -3.31763e-07 1.35936e-06  0.000140934 -2.88049e-07 7.07046e-07  0.000129335 -8.84019e-07 5.61825e-07  0.000102993 -1.17946e-06 5.04657e-07  7.13137e-05 -1.3046e-06 4.37092e-07  4.47593e-05 -9.09858e-07 3.93e-07  3.0142e-05 -3.8686e-07 3.19213e-07  2.53218e-05 -8.18526e-08 2.91931e-07  2.60682e-05 1.17427e-08 2.1804e-07  3.82731e-05 -1.15571e-06 3.39975e-07  2.01621e-05 3.36042e-10 2.24529e-07  1.57005e-05 -9.82085e-10 1.96046e-07  1.3212e-05 -8.87072e-09 1.76954e-07  1.25203e-05 -6.06326e-09 1.57151e-07  5.57799e-06 -4.83177e-07 7.07542e-08  9.671e-06 1.03736e-07 1.17049e-07  7.1196e-06 9.32561e-08 1.06405e-07  5.21947e-06 6.02058e-08 9.44546e-08  5.62886e-06 1.95424e-07 9.66506e-08  2.58352e-06 2.55181e-09 3.63146e-08  1.90601e-06 2.26081e-10 2.68208e-08  7.42777e-07 6.41547e-08 1.09594e-08  1.31752e-06 -1.56024e-08 1.68494e-08  1.04231e-06 -1.35707e-08 1.13636e-08  1.12206e-06 -3.94835e-08 1.20217e-08  5.32423e-07 -1.11901e-10 5.49249e-09  4.55262e-07 -7.25683e-10 3.52004e-09  3.68045e-07 6.79557e-10 2.2322e-09  1.39301e-07 -1.20264e-08 9.25647e-10  2.49232e-07 2.5855e-09 1.66024e-09  2.02885e-07 2.09982e-09 1.25311e-09  2.49018e-07 8.52842e-09 1.1003e-09  1.23623e-07 -1.01041e-10 4.78797e-10  9.62827e-08 -8.78285e-11 3.41846e-10  7.63752e-08 -9.56782e-10 3.30293e-10  3.43399e-08 -2.95807e-09 6.23526e-11  6.75157e-08 7.06304e-10 1.18565e-10  4.99525e-08 1.54289e-09 6.31618e-11  3.85341e-08 1.38538e-09 3.05682e-11  1.31199e-08 1.05732e-09 -2.95828e-11  -2.41276e-07 0.00215315 -3.47171e-05  -4.20166e-06 0.00112442 -3.24077e-05  -3.97167e-06 0.00116725 1.82248e-06  -2.79237e-06 0.00112205 -8.65276e-06  7.32029e-07 0.00104709 9.45963e-06  1.63554e-06 0.000827336 1.65877e-05  1.48658e-06 0.000241794 1.28347e-05  2.12546e-06 0.000153791 1.10752e-06  3.59655e-06 7.16322e-05 7.35656e-07  1.80439e-07 0.000111221 1.36632e-06  1.48939e-06 0.000124298 6.45348e-07  -3.52879e-06 6.32038e-05 2.14721e-07  -2.79403e-06 5.14943e-05 1.61878e-07  -1.98367e-06 3.70318e-05 1.90362e-07  -1.11454e-06 1.99796e-05 1.80131e-07  -7.18107e-07 1.38814e-05 1.38e-07  -6.91065e-07 1.2931e-05 8.71006e-08  -6.73421e-07 1.2499e-05 1.27028e-07  -6.97849e-07 1.31015e-05 1.08436e-07  -6.16023e-07 1.16033e-05 7.37518e-08  -4.75371e-07 8.85693e-06 1.05862e-07  -3.55065e-07 6.68643e-06 6.64217e-08  -3.03676e-07 5.7018e-06 7.32362e-08  -2.82881e-07 5.30901e-06 6.0456e-08  -2.36066e-07 4.43175e-06 4.26536e-08  -1.78989e-07 3.33699e-06 4.81302e-08  -1.32705e-07 2.46316e-06 3.54573e-08  -9.94397e-08 1.85028e-06 2.91708e-08  -7.75584e-08 1.44163e-06 2.07001e-08  -5.65983e-08 1.06209e-06 1.18941e-08  -4.08322e-08 7.57442e-07 1.22241e-08  -3.12669e-08 5.80199e-07 8.45145e-09  -2.42781e-08 4.5198e-07 5.5689e-09  -1.89894e-08 3.51273e-07 3.88043e-09  -1.50726e-08 2.8071e-07 1.83922e-09  -1.18182e-08 2.18237e-07 2.05969e-09  -9.44788e-09 1.75008e-07 1.65651e-09  -8.58984e-09 1.51732e-07 7.69965e-10  -7.97793e-09 1.28388e-07 4.4774e-10  -7.37796e-09 1.09081e-07 6.81143e-10  -7.70419e-09 1.62258e-07 5.52834e-10  4.35302e-09 8.14836e-08 2.3552e-09  -3.02077e-10 1.52404e-07 1.72938e-10  7.03375e-10 1.41483e-07 2.04062e-10  1.50488e-09 1.05972e-07 -5.85386e-11  1.78231e-10 7.9446e-08 -4.62166e-11  -4.63979e-11 6.0472e-08 2.36439e-10  7.98871e-11 4.34155e-08 2.51984e-11  7.65913e-12 4.12928e-08 -4.23364e-10  -0.001141 2.86509e-07 -2.05851e-05  -0.000561883 -5.46273e-08 -3.27455e-05  -0.000583619 -3.99323e-07 1.878e-05  -0.000559015 -3.57435e-07 -2.28545e-05  -0.00091444 -7.50256e-07 1.85857e-05  0 0 0  -0.00044205 1.26571e-07 1.5376e-05  -9.81774e-05 2.25111e-07 4.83227e-06  -7.83257e-05 1.84064e-07 -1.07716e-06  -6.65654e-05 5.93814e-07 2.07562e-06  -6.43273e-05 4.92667e-07 -1.32823e-06  -0.000123787 2.77203e-06 6.39433e-07  -4.67486e-05 -2.87673e-06 -9.76238e-07  -7.59925e-05 2.66863e-06 7.87518e-07  -2.30582e-05 -1.82462e-06 1.43294e-07  0 0 0  -1.77939e-05 -1.41776e-06 1.26805e-07  -1.68035e-05 -1.33307e-06 1.40213e-07  -1.68344e-05 -1.33237e-06 1.36256e-07  -1.42208e-05 -1.13076e-06 9.38233e-08  -1.09925e-05 -8.79526e-07 1.12518e-07  -8.19907e-06 -6.48219e-07 1.445e-07  -7.09071e-06 -5.53774e-07 1.18025e-07  -6.61111e-06 -5.24537e-07 8.15773e-08  -5.56191e-06 -4.43257e-07 5.83875e-08  -3.83816e-06 -3.08448e-07 5.10434e-08  -2.96553e-06 -2.38289e-07 4.31462e-08  -2.32356e-06 -1.84203e-07 3.71882e-08  -1.80636e-06 -1.39928e-07 3.27479e-08  -1.26367e-06 -9.7035e-08 2.15897e-08  -9.59897e-07 -7.5626e-08 1.394e-08  -1.69916e-06 6.79186e-09 2.64005e-08  -6.18118e-07 -4.75138e-08 1.54016e-08  -4.27227e-07 -2.18558e-08 1.02804e-08  -5.88347e-07 -1.60128e-08 3.74323e-09  -4.63713e-07 8.39376e-09 3.10969e-09  0 0 0  -3.94061e-07 -2.27667e-09 2.65021e-09  -1.58057e-07 -1.88864e-10 5.19374e-09  -1.12512e-07 -4.57636e-11 -2.77457e-09  -7.87881e-08 4.38656e-11 2.72901e-09  -6.65382e-08 -4.01481e-11 -1.69252e-09  -1.20731e-07 4.76413e-11 4.33325e-10  0 0 0  -1.29708e-07 -1.99666e-11 4.92485e-10  -3.27584e-08 1.7119e-11 1.00101e-09  -1.8323e-08 3.68204e-11 -5.30466e-10  7.58918e-10 8.50557e-14 -8.27278e-12  9.67137e-09 1.73583e-11 6.03464e-11  -1.11826e-06 -0.00220851 -4.09233e-05  -2.35469e-06 -0.00111291 -3.3214e-05  -3.69941e-06 -0.00111283 1.77936e-06  -4.51256e-06 -0.00103704 -1.03854e-05  1.10591e-05 -0.00133688 4.28668e-06  -3.59778e-05 -0.000629692 2.16161e-05  2.20573e-05 -0.00060555 2.68793e-05  -4.8094e-06 -8.85133e-05 8.98444e-07  5.99786e-06 -6.41062e-05 4.07601e-07  1.40298e-06 -0.000119513 1.23361e-06  5.36782e-07 -0.000139415 8.23464e-07  5.40318e-07 -0.000132279 4.32341e-07  -4.35689e-06 -5.43522e-05 2.90119e-07  -2.94601e-06 -3.79565e-05 2.43044e-07  -1.88912e-06 -2.50553e-05 1.51347e-07  -1.15791e-06 -1.53335e-05 1.50104e-07  -1.00145e-06 -1.33359e-05 1.10386e-07  -1.0863e-06 -1.44603e-05 1.07761e-07  -1.06818e-06 -1.42899e-05 9.59336e-08  -9.5778e-07 -1.27854e-05 1.06146e-07  -7.88084e-07 -1.05477e-05 9.21799e-08  -5.78898e-07 -7.70352e-06 9.92814e-08  -4.95691e-07 -6.61915e-06 8.09878e-08  -4.5193e-07 -6.03043e-06 6.92758e-08  -3.81437e-07 -5.11958e-06 5.1794e-08  -2.84931e-07 -3.81102e-06 4.36622e-08  -2.05124e-07 -2.72973e-06 3.7136e-08  -1.57944e-07 -2.122e-06 2.58965e-08  -1.20471e-07 -1.60496e-06 2.03779e-08  -8.87209e-08 -1.18196e-06 1.85525e-08  -7.17505e-08 -9.57584e-07 1.2696e-08  -5.31879e-08 -7.07737e-07 8.25814e-09  -4.14195e-08 -5.46003e-07 4.50488e-09  -3.32974e-08 -4.24715e-07 3.34191e-09  -2.65347e-08 -3.26481e-07 1.9943e-09  3.14187e-09 -5.39697e-07 2.89626e-09  1.64834e-09 -4.12467e-07 2.79252e-09  -1.29878e-08 -1.68171e-07 1.43023e-09  -8.0035e-09 -1.34124e-07 1.46084e-09  -5.72922e-09 -1.27899e-07 2.77568e-09  -2.13266e-09 -1.87629e-07 -6.22712e-10  1.84908e-09 -7.58784e-08 -1.47699e-09  -7.08572e-10 -9.58703e-08 3.29713e-10  0 0 0  7.56567e-10 -1.45621e-07 1.32956e-09  -8.77932e-12 -7.25483e-08 2.15545e-10  3.76468e-10 -7.22721e-08 -1.97768e-10  -5.16598e-10 -3.9446e-08 -2.7786e-10  2.98522e-10 -2.11757e-08 -2.58849e-10  0.00141909 0.000132039 -3.04396e-06  0.000576747 6.14264e-05 -1.86251e-05  0.000573273 5.69163e-05 -1.47172e-05  0.000526839 4.49245e-05 -1.80193e-06  0.000481934 3.94617e-05 5.14708e-06  0.000371702 2.86546e-05 7.99273e-06  0.000202235 1.46688e-05 5.92194e-06  0.000108571 7.9985e-06 3.02719e-06  6.61979e-05 5.18471e-06 1.51255e-06  6.62342e-05 5.53042e-06 7.3987e-07  6.84742e-05 5.94539e-06 4.27556e-07  6.63969e-05 5.83611e-06 1.93366e-07  5.25159e-05 4.55099e-06 2.38373e-07  3.50073e-05 3.00469e-06 2.53114e-07  2.29095e-05 2.00838e-06 1.73253e-07  1.52003e-05 1.3312e-06 1.30353e-07  1.1684e-05 1.0143e-06 1.81619e-07  1.30218e-05 1.12659e-06 1.24393e-07  1.30125e-05 1.1347e-06 1.20047e-07  1.16387e-05 1.01507e-06 1.29209e-07  8.74693e-06 7.5518e-07 1.07864e-07  6.96347e-06 6.00761e-07 9.83267e-08  6.40861e-06 5.5799e-07 6.66739e-08  5.73861e-06 4.9812e-07 7.31601e-08  4.72783e-06 4.11439e-07 3.60782e-08  3.47129e-06 3.02902e-07 4.16942e-08  2.57056e-06 2.24688e-07 4.30049e-08  1.95573e-06 1.69449e-07 3.03184e-08  1.47234e-06 1.27823e-07 2.39886e-08  1.10428e-06 9.62628e-08 1.66419e-08  8.62438e-07 7.45776e-08 1.16201e-08  6.60032e-07 5.76023e-08 9.30696e-09  5.05222e-07 4.3973e-08 6.24367e-09  4.03944e-07 3.52444e-08 3.6521e-09  2.9787e-07 2.59532e-08 2.97914e-09  2.4066e-07 2.10045e-08 2.11745e-09  2.00547e-07 1.75522e-08 1.69106e-09  1.5526e-07 1.34987e-08 9.56022e-10  1.21245e-07 1.05075e-08 1.01626e-09  1.04439e-07 9.11176e-09 3.91551e-10  8.71097e-08 7.62355e-09 4.13088e-10  6.49871e-08 5.63368e-09 3.45034e-10  5.05023e-08 4.39032e-09 1.82885e-10  3.37083e-08 2.84917e-09 2.32755e-10  3.95021e-08 3.41328e-09 1.65474e-10  3.89571e-08 3.46423e-09 2.51917e-10  2.6238e-08 2.46552e-09 7.03123e-11  1.82871e-08 1.69069e-09 -1.14587e-10  3.39702e-09 2.18402e-10 5.09355e-11  0.00180046 0.000503302 -1.07376e-05  0.00123091 0.000326235 -5.61882e-05  0.00100362 0.000239857 -8.32275e-06  0.00106462 0.000277313 1.84761e-06  0.000894457 0.000242952 1.63545e-05  0.000628082 0.000174875 1.63543e-05  0.000386939 0.00010916 1.04372e-05  0.000195085 5.42849e-05 4.8505e-06  0.000144847 3.97356e-05 2.07093e-06  0.000132612 3.58006e-05 1.04356e-06  0.000134177 3.57837e-05 7.23366e-07  6.48927e-05 1.72269e-05 2.05705e-07  0.000111494 2.96183e-05 2.93299e-07  7.90927e-05 2.10287e-05 3.2796e-07  4.88812e-05 1.29986e-05 3.9548e-07  3.20485e-05 8.51894e-06 2.78836e-07  2.48332e-05 6.61325e-06 2.9959e-07  2.46863e-05 6.5597e-06 2.60957e-07  2.59866e-05 6.90518e-06 2.52319e-07  2.36346e-05 6.27561e-06 2.60614e-07  1.84991e-05 4.91861e-06 1.48603e-07  1.46992e-05 3.90676e-06 1.27091e-07  1.25082e-05 3.32277e-06 1.42433e-07  1.1465e-05 3.04983e-06 1.53157e-07  9.587e-06 2.54884e-06 1.07599e-07  6.97922e-06 1.85354e-06 9.15792e-08  5.2329e-06 1.3884e-06 9.25479e-08  4.13132e-06 1.09764e-06 5.95916e-08  3.1273e-06 8.31036e-07 4.33198e-08  2.26551e-06 6.01443e-07 3.62032e-08  1.70001e-06 4.51921e-07 2.17534e-08  1.29431e-06 3.43566e-07 2.11808e-08  1.05919e-06 2.81538e-07 1.11942e-08  8.00521e-07 2.12657e-07 8.34875e-09  6.20705e-07 1.64784e-07 6.35052e-09  4.8436e-07 1.28615e-07 4.63062e-09  3.83218e-07 1.01832e-07 3.95521e-09  3.26241e-07 8.67022e-08 2.34772e-09  2.68016e-07 7.12127e-08 1.40884e-09  2.08333e-07 5.53628e-08 8.79877e-10  1.6416e-07 4.37176e-08 9.60597e-10  1.87656e-07 4.99763e-08 7.19709e-10  9.00374e-08 2.37657e-08 3.24961e-10  7.95379e-08 2.07463e-08 2.70366e-10  3.74074e-08 9.69975e-09 6.39452e-11  7.71315e-08 2.04738e-08 5.33071e-11  7.30733e-08 2.1592e-08 9.35207e-10  3.56114e-08 1.0379e-08 -2.58452e-10  2.40709e-08 6.48587e-09 -3.36949e-10  0.00103646 0.000474579 -1.5215e-05  0 0 0  0.00115589 0.000525491 -1.56415e-05  0.000464469 0.000205707 5.16221e-06  0.000374696 0.000164781 1.04113e-05  0.000248479 0.000109007 7.84976e-06  0.000174681 7.74504e-05 4.49006e-06  9.70665e-05 4.39709e-05 1.78595e-06  7.11784e-05 3.33115e-05 7.76398e-07  0 0 0  6.72665e-05 3.12089e-05 3.81683e-07  6.50686e-05 3.00941e-05 1.48704e-07  5.53352e-05 2.56129e-05 2.60629e-07  4.2771e-05 1.9822e-05 1.60787e-07  2.6055e-05 1.21035e-05 1.63991e-07  1.61755e-05 7.53119e-06 1.72362e-07  1.30311e-05 6.03392e-06 1.26609e-07  1.24836e-05 5.79395e-06 1.47268e-07  1.26427e-05 5.85771e-06 9.25798e-08  1.13111e-05 5.2357e-06 6.36711e-08  9.06019e-06 4.19863e-06 6.73793e-08  7.02235e-06 3.25497e-06 7.36141e-08  6.2306e-06 2.88593e-06 6.18645e-08  5.57091e-06 2.57797e-06 6.43156e-08  4.84407e-06 2.24053e-06 6.3473e-08  3.55056e-06 1.6439e-06 3.04864e-08  2.65687e-06 1.23159e-06 2.99871e-08  2.05082e-06 9.49718e-07 2.44906e-08  1.54709e-06 7.17138e-07 2.48409e-08  1.20439e-06 5.57425e-07 1.18997e-08  8.45197e-07 3.91467e-07 1.38514e-08  6.43381e-07 2.98282e-07 9.44143e-09  5.26542e-07 2.43589e-07 4.74371e-09  3.94339e-07 1.82811e-07 4.32778e-09  3.0582e-07 1.41667e-07 2.50574e-09  2.61244e-07 1.20953e-07 1.617e-09  1.93122e-07 8.94935e-08 1.37019e-09  1.5589e-07 7.22207e-08 8.44375e-10  1.29503e-07 6.00127e-08 6.78154e-10  1.12917e-07 5.23608e-08 3.95668e-10  8.5256e-08 3.95682e-08 3.62021e-10  6.35697e-08 2.96092e-08 3.33438e-10  8.39904e-08 3.87996e-08 4.87569e-10  7.03482e-08 3.16624e-08 3.32485e-12  6.70669e-08 2.99913e-08 -1.64615e-12  3.32025e-08 1.51646e-08 2.82073e-10  3.14431e-08 1.46835e-08 -4.85997e-10  1.65175e-08 8.37516e-09 3.23412e-10  1.33639e-08 5.90294e-09 6.98315e-12  0.000574897 0.000317192 -1.24488e-05  0.00136351 0.00072695 -4.44275e-05  0 0 0  0.00115765 0.000654656 -1.70949e-05  0.000843766 0.000474813 1.40912e-05  0.000615372 0.000348516 1.7876e-05  0.000376566 0.00021337 1.28917e-05  0.000221678 0.000128163 6.58111e-06  0.000142975 8.22957e-05 4.32477e-06  0.00013275 7.62606e-05 8.24533e-07  0.000130995 7.53293e-05 3.99533e-07  0.000115466 6.62306e-05 4.17456e-07  9.16368e-05 5.26051e-05 5.24063e-07  5.95541e-05 3.43622e-05 4.70251e-07  3.70496e-05 2.13156e-05 3.76669e-07  2.73361e-05 1.57377e-05 2.51213e-07  2.48874e-05 1.43331e-05 2.97328e-07  2.41123e-05 1.38694e-05 2.59214e-07  2.35253e-05 1.35247e-05 1.60188e-07  1.90466e-05 1.09945e-05 1.81081e-07  1.57013e-05 9.01013e-06 1.28161e-07  1.25062e-05 7.18785e-06 1.34583e-07  1.11712e-05 6.42351e-06 1.71051e-07  9.93163e-06 5.70255e-06 9.31801e-08  7.88467e-06 4.52748e-06 8.98272e-08  5.57832e-06 3.20133e-06 6.49007e-08  4.53541e-06 2.59912e-06 5.88692e-08  3.30442e-06 1.89786e-06 5.56063e-08  2.6089e-06 1.4976e-06 3.8642e-08  1.8412e-06 1.05799e-06 3.26702e-08  1.38323e-06 7.95582e-07 2.16529e-08  1.14065e-06 6.5627e-07 1.39832e-08  8.50218e-07 4.89056e-07 9.87809e-09  6.73581e-07 3.87185e-07 6.39578e-09  5.21628e-07 2.98016e-07 4.51063e-09  4.05969e-07 2.33159e-07 3.08148e-09  3.33304e-07 1.90536e-07 2.57772e-09  2.75597e-07 1.57726e-07 1.50703e-09  2.23357e-07 1.28261e-07 1.02277e-09  1.75231e-07 1.0211e-07 9.00125e-10  1.37696e-07 7.94055e-08 7.26226e-10  1.1043e-07 6.36144e-08 5.63474e-10  8.07373e-08 4.59814e-08 4.6551e-10  3.73338e-08 2.51811e-08 3.36179e-10  3.22002e-08 2.10665e-08 9.04019e-11  2.83377e-08 1.88611e-08 -1.50683e-10  6.08281e-08 3.61421e-08 5.79952e-10  1.01614e-08 5.06806e-09 -2.97903e-10  1.98458e-09 1.12586e-09 3.28894e-11  0.00148262 0.00110648 -3.87278e-05  0.000956106 0.000826893 -4.01863e-05  0.00114825 0.000816347 -1.28992e-05  0.000417364 0.000292963 4.59754e-06  0.000314537 0.000221662 1.09515e-05  0.000236055 0.000169533 9.04325e-06  0.000130402 9.38901e-05 4.63955e-06  0 0 0  8.0078e-05 5.71486e-05 1.68655e-06  6.67963e-05 4.60956e-05 7.04845e-07  6.50631e-05 4.52272e-05 3.56208e-07  6.08299e-05 4.24462e-05 1.72242e-07  4.96955e-05 3.4586e-05 2.63357e-07  3.38117e-05 2.35345e-05 2.88886e-07  2.47165e-05 1.72348e-05 1.82948e-07  1.51582e-05 1.05194e-05 1.64549e-07  1.22387e-05 8.53792e-06 1.27609e-07  1.16725e-05 8.11773e-06 1.49681e-07  1.1651e-05 8.11057e-06 9.23849e-08  1.01524e-05 7.07365e-06 1.22106e-07  8.5094e-06 5.93561e-06 9.95699e-08  6.39583e-06 4.46191e-06 9.22318e-08  5.53235e-06 3.85925e-06 9.57427e-08  5.09161e-06 3.54671e-06 7.92072e-08  4.15116e-06 2.89144e-06 5.32431e-08  3.14908e-06 2.19607e-06 4.23542e-08  2.33572e-06 1.62864e-06 4.08185e-08  1.93486e-06 1.34955e-06 3.00088e-08  1.38596e-06 9.64994e-07 2.50982e-08  1.08906e-06 7.59979e-07 1.73814e-08  7.77495e-07 5.41298e-07 1.39824e-08  5.99558e-07 4.17307e-07 9.43055e-09  4.80293e-07 3.34593e-07 5.51491e-09  3.58058e-07 2.49294e-07 4.27605e-09  2.8193e-07 1.9666e-07 3.03661e-09  2.14961e-07 1.4985e-07 2.1557e-09  1.74166e-07 1.21363e-07 1.90588e-09  1.42895e-07 9.96603e-08 1.26321e-09  1.21561e-07 8.47999e-08 7.49547e-10  9.64861e-08 6.73685e-08 6.66003e-10  7.20621e-08 5.05026e-08 5.80276e-10  5.29662e-08 3.72647e-08 5.05727e-10  4.90998e-08 3.45352e-08 3.07596e-10  7.14477e-08 4.83443e-08 -6.01795e-10  8.3734e-08 6.83065e-08 5.99556e-10  3.10535e-08 2.08495e-08 9.50148e-11  0 0 0  2.1052e-08 1.69716e-08 5.17803e-10  3.29625e-09 2.21942e-09 8.49432e-11  0.000796809 0.000854309 -2.56751e-05  0.000390643 0.00043485 -1.48875e-06  0.000753337 0.00078655 -1.25556e-05  0.000704316 0.00068383 6.7307e-06  0.000589796 0.000584553 2.3951e-05  0.000455021 0.000444802 1.0748e-05  0.000273267 0.000266349 1.14563e-05  9.87211e-05 9.78602e-05 5.07247e-06  0.000133865 0.000135434 2.54957e-06  0.000117763 0.000118336 1.0513e-06  0.000112632 0.000112536 6.40947e-07  0.000101657 0.000101482 3.70287e-07  7.90533e-05 7.9023e-05 3.77666e-07  5.3051e-05 5.30073e-05 5.66087e-07  3.6758e-05 3.68079e-05 3.49666e-07  2.37827e-05 2.37984e-05 3.18611e-07  2.04066e-05 2.04275e-05 2.46874e-07  2.09633e-05 2.09599e-05 1.93029e-07  2.0033e-05 2.00413e-05 1.73226e-07  1.6893e-05 1.68816e-05 2.45708e-07  1.35703e-05 1.35587e-05 2.05675e-07  1.06303e-05 1.06222e-05 2.0563e-07  9.36195e-06 9.35984e-06 1.97073e-07  8.38327e-06 8.38221e-06 9.85315e-08  6.97715e-06 6.97876e-06 8.54507e-08  5.13814e-06 5.13559e-06 8.41984e-08  3.77866e-06 3.77677e-06 8.11312e-08  3.05638e-06 3.05556e-06 5.53465e-08  2.20192e-06 2.20161e-06 4.85975e-08  1.69277e-06 1.69199e-06 3.07363e-08  1.31842e-06 1.31881e-06 1.95084e-08  9.92569e-07 9.92512e-07 1.37191e-08  8.0149e-07 8.01445e-07 8.17855e-09  5.69373e-07 5.69238e-07 8.74288e-09  4.44192e-07 4.43858e-07 5.73666e-09  3.61593e-07 3.61335e-07 3.36767e-09  2.89587e-07 2.89268e-07 3.56511e-09  2.4515e-07 2.44881e-07 2.23535e-09  2.00199e-07 2.00157e-07 1.45893e-09  1.52769e-07 1.53054e-07 1.1861e-09  1.2107e-07 1.21827e-07 9.66182e-10  9.69259e-08 9.819e-08 8.55073e-10  9.61526e-08 9.82736e-08 1.08753e-09  8.0353e-08 8.06061e-08 -9.81613e-10  2.51194e-08 2.25837e-08 1.44136e-10  5.31392e-08 4.93243e-08 3.87516e-10  1.45864e-08 1.44018e-08 7.03601e-10  1.54844e-08 1.5712e-08 -7.89011e-10  1.8691e-09 1.94194e-09 1.33768e-10  0.000375132 0.000485806 -1.36206e-05  0.000698642 0.000916816 -4.2358e-05  0.000284274 0.000417651 9.3565e-06  0.000475107 0.000648114 -6.7955e-06  0.000697736 0.000924708 3.69133e-05  0.000205637 0.000292413 -2.39523e-06  0.000131058 0.000199172 5.97044e-06  7.48572e-05 0.000110076 5.33004e-06  5.0257e-05 7.22345e-05 9.38885e-07  4.61257e-05 6.63712e-05 4.77832e-07  4.4111e-05 6.34135e-05 1.83126e-07  3.94459e-05 5.65483e-05 2.11872e-07  2.9045e-05 4.16707e-05 2.53091e-07  1.83879e-05 2.63347e-05 1.85904e-07  1.13606e-05 1.63076e-05 1.85634e-07  9.32241e-06 1.33796e-05 1.11851e-07  8.14471e-06 1.16852e-05 1.26684e-07  8.47752e-06 1.21849e-05 1.27363e-07  7.92042e-06 1.13645e-05 7.91866e-08  6.4007e-06 9.2004e-06 1.18223e-07  5.12466e-06 7.35947e-06 9.98522e-08  4.20037e-06 6.03032e-06 6.91468e-08  3.71027e-06 5.33466e-06 9.01135e-08  3.20811e-06 4.60834e-06 5.0523e-08  2.67965e-06 3.84748e-06 3.93918e-08  1.87785e-06 2.70058e-06 4.99261e-08  1.47719e-06 2.11912e-06 3.28141e-08  1.09464e-06 1.57301e-06 2.75555e-08  8.50785e-07 1.22084e-06 1.90203e-08  6.35219e-07 9.11731e-07 1.1896e-08  4.63808e-07 6.66568e-07 1.03335e-08  3.78841e-07 5.4372e-07 5.80517e-09  2.81865e-07 4.05312e-07 5.64574e-09  2.20156e-07 3.1591e-07 3.42443e-09  1.68488e-07 2.42e-07 2.52536e-09  1.36654e-07 1.96366e-07 1.841e-09  1.16481e-07 1.67398e-07 1.20004e-09  9.49703e-08 1.36508e-07 9.36194e-10  8.19873e-08 1.17878e-07 5.19748e-10  5.89091e-08 8.4758e-08 3.48292e-10  4.87521e-08 7.03744e-08 1.24286e-10  3.96518e-08 5.77732e-08 -3.13714e-11  3.86254e-08 5.85204e-08 -2.3828e-10  3.14163e-08 3.81364e-08 9.60442e-10  4.45983e-08 5.46668e-08 -1.75175e-10  3.29193e-08 4.18535e-08 6.62078e-10  1.26649e-08 1.71144e-08 -4.69724e-10  9.26018e-09 1.15482e-08 2.93398e-10  2.07726e-10 2.77481e-10 -2.64917e-11  0.000613847 0.000968254 -2.08707e-05  0.000286509 0.000481948 -1.20469e-06  0.000270233 0.000453104 -1.46326e-05  0.000371643 0.000670391 4.76869e-06  0.000174216 0.00034899 3.84286e-06  0.000162657 0.000243981 1.07297e-05  0 0 0  0.000114696 0.000172483 3.54357e-06  6.27891e-05 8.97869e-05 1.40876e-06  4.78045e-05 6.83851e-05 5.97085e-07  7.7367e-05 0.000135308 6.78544e-07  7.36551e-05 0.000128565 4.1314e-07  5.71254e-05 9.94195e-05 4.45088e-07  4.29249e-05 7.47036e-05 3.40493e-07  2.25072e-05 3.91085e-05 4.38622e-07  1.61801e-05 2.81683e-05 2.70431e-07  1.44707e-05 2.51604e-05 2.92532e-07  1.45659e-05 2.53793e-05 2.71887e-07  1.41993e-05 2.47688e-05 2.29132e-07  1.24811e-05 2.17403e-05 1.75862e-07  9.83933e-06 1.71415e-05 2.17805e-07  7.87881e-06 1.36862e-05 1.26526e-07  6.58973e-06 1.14716e-05 1.93447e-07  6.02345e-06 1.04954e-05 1.62248e-07  5.04188e-06 8.78488e-06 9.79364e-08  3.64752e-06 6.35303e-06 1.13507e-07  2.86414e-06 4.99059e-06 8.58289e-08  2.07914e-06 3.61938e-06 6.50578e-08  1.66919e-06 2.91053e-06 4.67696e-08  1.30691e-06 2.25902e-06 2.33701e-08  8.82767e-07 1.5364e-06 2.53456e-08  7.16942e-07 1.2493e-06 1.66538e-08  5.27096e-07 9.15624e-07 1.42207e-08  4.25764e-07 7.40571e-07 9.4535e-09  3.38753e-07 5.88498e-07 4.27147e-09  2.61917e-07 4.54956e-07 4.54871e-09  2.15755e-07 3.76712e-07 3.08293e-09  1.84152e-07 3.19367e-07 1.67993e-09  1.48655e-07 2.58764e-07 1.53467e-09  1.19847e-07 2.08921e-07 7.81615e-10  9.99884e-08 1.73774e-07 6.44232e-10  7.13997e-08 1.25271e-07 5.75311e-10  3.70589e-08 5.4893e-08 9.66757e-10  8.28623e-08 1.37322e-07 9.54913e-10  4.71407e-08 8.23553e-08 -5.03849e-10  1.37734e-08 2.30489e-08 -4.82029e-10  8.98801e-09 1.42212e-08 5.75589e-10  4.99135e-09 8.30631e-09 -1.4971e-10  1.6264e-09 3.08607e-09 -1.03036e-10  0.000881602 0.00207049 -3.96739e-05  0.000412793 0.000990903 -3.21267e-05  0.000390716 0.00097482 -2.01588e-06  0.000357726 0.000895106 -8.55866e-06  0.000349865 0.000835724 9.11441e-06  0.000327734 0.000735361 3.13995e-05  0.000122338 0.000285712 9.39384e-06  0.00011596 0.000271537 5.56922e-06  7.51735e-05 0.000168769 2.5183e-06  6.26161e-05 0.000137927 1.06637e-06  3.27048e-05 7.11494e-05 1.37206e-07  2.82925e-05 6.14141e-05 1.40382e-07  2.04238e-05 4.42627e-05 2.50617e-07  1.30253e-05 2.84122e-05 1.97769e-07  7.78267e-06 1.68265e-05 1.72778e-07  6.06726e-06 1.32116e-05 1.17147e-07  5.80282e-06 1.25761e-05 1.13716e-07  6.10513e-06 1.32217e-05 1.25998e-07  5.82318e-06 1.26428e-05 1.08669e-07  4.76437e-06 1.03418e-05 9.22943e-08  3.49514e-06 7.57002e-06 6.71022e-08  2.94288e-06 6.38717e-06 7.30603e-08  2.62577e-06 5.6845e-06 8.75825e-08  2.30133e-06 4.98907e-06 5.41038e-08  1.90521e-06 4.1335e-06 4.20213e-08  1.33082e-06 2.87938e-06 4.83252e-08  1.03632e-06 2.24845e-06 2.51243e-08  7.7657e-07 1.68128e-06 2.64891e-08  6.10004e-07 1.32393e-06 1.81104e-08  4.4898e-07 9.74013e-07 9.70892e-09  3.27471e-07 7.08474e-07 9.66086e-09  2.6667e-07 5.78015e-07 4.58483e-09  1.94424e-07 4.20573e-07 5.58598e-09  1.52701e-07 3.30662e-07 2.55141e-09  1.17532e-07 2.54655e-07 2.84038e-09  9.69462e-08 2.10313e-07 1.69089e-09  8.05368e-08 1.74439e-07 1.07418e-09  7.0447e-08 1.52626e-07 5.95674e-10  5.53211e-08 1.19649e-07 3.21963e-10  4.32204e-08 9.33362e-08 4.8962e-10  3.58642e-08 7.76386e-08 4.78567e-10  2.40678e-08 5.21548e-08 1.79928e-11  4.60539e-08 1.06372e-07 2.04115e-09  2.89081e-08 7.37761e-08 -1.76721e-09  1.87815e-08 5.04224e-08 8.37643e-10  2.2732e-08 5.32429e-08 1.48525e-10  8.73707e-09 2.02167e-08 3.25239e-11  1.73292e-09 4.64383e-09 -1.27477e-10  5.28419e-12 1.31105e-10 8.0643e-11  0.000277135 0.00110096 -2.01529e-05  0.000138265 0.000548399 -3.18425e-05  0.000131293 0.000543964 1.52833e-05  0.000126043 0.000524145 -1.7594e-05  0.000136484 0.000508318 1.90666e-05  0.000131326 0.000497405 -1.11481e-06  6.34128e-05 0.000277358 1.40741e-05  2.43325e-05 9.49956e-05 2.47122e-06  3.37556e-05 0.000130154 1.68434e-06  3.3144e-05 0.000125518 9.46672e-07  3.70838e-05 0.000139376 5.50905e-07  3.50387e-05 0.00013132 4.92406e-07  2.67331e-05 9.97446e-05 4.62353e-07  1.67123e-05 6.1995e-05 3.93381e-07  9.78046e-06 3.64623e-05 3.58193e-07  6.74236e-06 2.50659e-05 2.61012e-07  6.38627e-06 2.38322e-05 2.91805e-07  7.29876e-06 2.72009e-05 2.08614e-07  7.14895e-06 2.66795e-05 2.43674e-07  5.93903e-06 2.21474e-05 1.91051e-07  4.50254e-06 1.68093e-05 1.67696e-07  3.46113e-06 1.29114e-05 1.58356e-07  3.14676e-06 1.17377e-05 1.36787e-07  2.82108e-06 1.05295e-05 1.15553e-07  2.3593e-06 8.80532e-06 9.16868e-08  1.69205e-06 6.31624e-06 6.91704e-08  1.24494e-06 4.64699e-06 5.42883e-08  9.66698e-07 3.60709e-06 4.86183e-08  7.29708e-07 2.72432e-06 4.27442e-08  5.46935e-07 2.04011e-06 2.13887e-08  4.09834e-07 1.52916e-06 1.53447e-08  3.04163e-07 1.13768e-06 1.62118e-08  2.39451e-07 8.94558e-07 1.20062e-08  1.94673e-07 7.26125e-07 6.20576e-09  1.51832e-07 5.66931e-07 5.13984e-09  1.17024e-07 4.36367e-07 3.88144e-09  9.69369e-08 3.62065e-07 2.71749e-09  8.22247e-08 3.06971e-07 2.23007e-09  6.88117e-08 2.55705e-07 1.24631e-09  5.33295e-08 1.95272e-07 8.04278e-10  4.24033e-08 1.56113e-07 7.60819e-10  3.65896e-08 1.3958e-07 1.72014e-09  1.73296e-08 6.57837e-08 -1.35286e-09  2.19088e-08 7.2008e-08 2.85833e-09  1.73792e-08 5.84521e-08 -1.89095e-09  7.45484e-09 2.88065e-08 8.12235e-10  4.95599e-09 1.8968e-08 -4.68377e-10  2.62215e-09 9.99032e-09 3.26062e-10  4.73756e-10 1.81159e-09 -1.51196e-10  0.000164408 0.00104666 -2.08989e-05  8.26313e-05 0.000558039 -2.44974e-07  8.48105e-05 0.000571897 -1.47633e-05  8.14521e-05 0.000543133 9.87908e-06  8.13637e-05 0.000543667 -8.76565e-06  8.08276e-05 0.000486279 2.83049e-05  5.85016e-05 0.000337518 -2.71034e-07  4.15049e-05 0.000276095 5.94899e-06  5.15836e-06 7.01102e-05 1.81766e-06  4.58261e-06 5.33477e-05 9.13323e-07  6.20345e-06 6.51056e-05 4.03897e-07  1.31793e-05 0.000134935 4.18834e-07  1.07057e-05 0.000108237 3.94671e-07  7.19507e-06 7.33005e-05 3.67243e-07  4.05341e-06 4.05204e-05 4.32843e-07  2.65258e-06 2.69157e-05 2.77855e-07  2.30851e-06 2.30271e-05 2.8808e-07  2.59826e-06 2.6065e-05 2.37323e-07  2.68431e-06 2.69805e-05 2.13654e-07  2.34345e-06 2.35693e-05 1.85028e-07  1.82567e-06 1.82807e-05 1.75373e-07  1.35599e-06 1.36126e-05 1.42464e-07  1.16941e-06 1.1764e-05 1.51784e-07  1.07387e-06 1.08003e-05 1.1854e-07  9.24878e-07 9.25933e-06 9.03953e-08  6.65619e-07 6.67826e-06 8.94921e-08  4.99328e-07 4.9987e-06 6.70856e-08  3.72834e-07 3.74204e-06 6.12908e-08  3.00887e-07 3.01236e-06 4.38231e-08  2.12178e-07 2.13563e-06 3.02332e-08  1.57548e-07 1.57913e-06 2.47545e-08  1.19367e-07 1.193e-06 1.7115e-08  9.28009e-08 9.26122e-07 1.30937e-08  7.20888e-08 7.22533e-07 9.60313e-09  5.88173e-08 5.88452e-07 5.19257e-09  4.63648e-08 4.64392e-07 4.16522e-09  3.6595e-08 3.67176e-07 3.41659e-09  3.08826e-08 3.10016e-07 2.37953e-09  2.61144e-08 2.65604e-07 1.92716e-09  2.97542e-08 2.94221e-07 7.75337e-10  1.51419e-08 1.41803e-07 1.93545e-09  6.70463e-09 7.9431e-08 -3.07329e-10  1.27316e-08 7.5494e-08 2.27051e-09  1.06045e-08 6.46716e-08 -1.76903e-09  8.10517e-09 4.93077e-08 1.4271e-09  6.97667e-09 4.31233e-08 -1.12042e-09  3.67692e-09 2.34778e-08 6.99506e-10  2.93723e-09 1.89014e-08 -5.2891e-10  1.31606e-09 8.41103e-09 8.18058e-12  -0.000173619 0.00110726 -1.92192e-05  -8.68893e-05 0.000559142 -3.21954e-05  -9.12956e-05 0.000583922 1.86055e-05  -8.64192e-05 0.000556219 -2.09269e-05  -7.89579e-05 0.000502522 1.9374e-05  -6.63299e-05 0.000425778 -2.45133e-06  -6.07672e-05 0.000509939 1.29205e-05  -2.86813e-05 0.000207871 6.41013e-06  -1.12698e-05 0.000118448 2.18784e-06  -4.66923e-06 6.47703e-05 -2.85219e-08  -1.74381e-05 0.00012736 6.64844e-07  -1.55019e-05 0.000116365 4.25192e-07  -1.20297e-05 8.97852e-05 5.13532e-07  -8.90381e-06 6.10742e-05 3.8563e-07  -4.99666e-06 3.66196e-05 2.95449e-07  -3.63655e-06 2.78638e-05 2.50546e-07  -3.22984e-06 2.53136e-05 2.36587e-07  -3.11998e-06 2.54272e-05 2.37453e-07  -3.13811e-06 2.46011e-05 1.78755e-07  -2.73199e-06 2.07002e-05 2.17954e-07  -2.12622e-06 1.60428e-05 1.85689e-07  -1.6352e-06 1.24946e-05 1.5437e-07  -1.42978e-06 1.11477e-05 1.26909e-07  -1.29485e-06 9.94526e-06 1.00744e-07  -1.07286e-06 8.00293e-06 9.71132e-08  -7.88716e-07 5.86862e-06 7.78059e-08  -5.96148e-07 4.44833e-06 6.66278e-08  -4.52677e-07 3.4137e-06 5.16436e-08  -3.50913e-07 2.60744e-06 3.30026e-08  -2.60131e-07 1.90311e-06 2.9979e-08  -1.85553e-07 1.38578e-06 2.18639e-08  -1.41915e-07 1.06509e-06 1.46987e-08  -1.09186e-07 8.23283e-07 9.93018e-09  -8.65295e-08 6.69618e-07 6.5159e-09  -7.02734e-08 5.21475e-07 5.30635e-09  -5.35369e-08 4.02276e-07 3.99668e-09  -7.69353e-08 4.89835e-07 3.42416e-09  -3.41161e-08 2.54657e-07 1.43507e-09  -7.53147e-09 1.17564e-07 1.32008e-09  -6.89719e-09 1.04238e-07 1.10299e-10  0 0 0  -1.42888e-08 1.46932e-07 8.0701e-10  -2.37001e-08 1.40495e-07 7.11787e-10  -9.80921e-09 6.76978e-08 2.21482e-09  -8.19368e-09 5.43257e-08 -1.50667e-09  -6.72404e-09 4.52815e-08 1.37174e-09  -5.65452e-09 3.75786e-08 -1.03906e-09  -4.44398e-09 2.93137e-08 9.21599e-10  -3.11577e-09 2.02837e-08 -6.04747e-10  -0.000271014 0.00106888 -1.92993e-05  -0.000140726 0.000545646 7.48684e-07  -0.000147985 0.000573861 -1.58626e-05  -0.000136785 0.000530899 1.11126e-05  -0.000132572 0.000516951 -1.04752e-05  -0.000178993 0.000656389 2.13465e-05  -2.8373e-05 0.000147269 1.27608e-06  -3.94249e-05 0.000119421 5.81666e-06  -3.3892e-05 0.000123363 2.36933e-06  -2.84727e-05 0.000119127 9.77797e-07  -3.36129e-05 0.0001183 3.21695e-07  -2.83066e-05 0.000102881 3.75199e-07  -2.13705e-05 7.82224e-05 4.38938e-07  -1.34649e-05 4.90542e-05 3.40254e-07  -8.28374e-06 3.02213e-05 3.49687e-07  -6.80166e-06 2.47658e-05 2.15616e-07  -6.59965e-06 2.4011e-05 2.10994e-07  -6.79949e-06 2.47645e-05 2.13787e-07  -6.17419e-06 2.25689e-05 2.08651e-07  -5.14598e-06 1.88052e-05 1.67891e-07  -3.70887e-06 1.35618e-05 1.66689e-07  -3.11645e-06 1.136e-05 1.29383e-07  -2.85808e-06 1.04036e-05 8.45363e-08  -2.46536e-06 9.00899e-06 9.18151e-08  -1.8322e-06 6.70275e-06 7.83032e-08  -1.44032e-06 5.25834e-06 6.01132e-08  -1.08925e-06 3.97553e-06 5.29326e-08  -8.43281e-07 3.08059e-06 3.53824e-08  -6.11899e-07 2.24046e-06 3.40379e-08  -4.44765e-07 1.62967e-06 2.70899e-08  -3.39341e-07 1.23384e-06 1.5833e-08  -2.63138e-07 9.63405e-07 1.17708e-08  -2.01861e-07 7.39166e-07 9.42102e-09  -1.591e-07 5.81805e-07 6.15866e-09  -1.25594e-07 4.56455e-07 4.51076e-09  -1.02964e-07 3.65516e-07 3.38346e-09  -3.12496e-08 1.51747e-07 1.1786e-09  -6.94349e-08 2.47074e-07 1.49762e-09  -4.91603e-08 2.18176e-07 1.69885e-09  -5.59629e-08 2.28015e-07 3.8904e-09  -3.78247e-08 1.60134e-07 -2.13577e-09  -3.85088e-08 1.30351e-07 9.33596e-10  0 0 0  -3.28412e-08 1.24941e-07 3.77228e-10  -1.2614e-08 4.97674e-08 1.62183e-09  -1.13766e-08 4.4501e-08 -1.2906e-09  -1.00118e-08 3.9089e-08 1.2214e-09  -8.84187e-09 3.4362e-08 -1.02157e-09  -5.28426e-09 2.04409e-08 3.22276e-10  -0.000875596 0.00203812 -3.73958e-05  -0.000444409 0.00103169 -3.14673e-05  -0.000452202 0.0010525 1.99333e-06  -0.000431632 0.00100833 -1.0666e-05  -0.000403481 0.000934252 9.11516e-06  -0.00014689 0.000397307 -2.32003e-06  -0.000151248 0.000376881 1.46292e-05  -6.14334e-05 0.000154137 3.43132e-06  -5.08527e-05 0.000114488 1.20526e-06  -4.50445e-05 0.000112971 4.58056e-07  -2.18606e-05 5.76397e-05 -3.06351e-07  -4.17294e-05 9.66548e-05 4.17126e-07  -3.3133e-05 7.66736e-05 4.62764e-07  -2.24984e-05 5.16164e-05 3.44112e-07  -1.39805e-05 3.22e-05 3.31761e-07  -1.07781e-05 2.48636e-05 2.29389e-07  -9.95448e-06 2.29738e-05 2.25397e-07  -1.01108e-05 2.33986e-05 2.25567e-07  -9.4914e-06 2.19098e-05 1.61661e-07  -7.8791e-06 1.82131e-05 1.7813e-07  -5.84601e-06 1.34966e-05 1.57806e-07  -4.93138e-06 1.13426e-05 1.27522e-07  -4.35323e-06 1.00508e-05 1.21805e-07  -3.8126e-06 8.80469e-06 9.7987e-08  -2.94952e-06 6.78612e-06 8.78788e-08  -2.21278e-06 5.12466e-06 7.10845e-08  -1.73006e-06 3.98863e-06 5.08676e-08  -1.35089e-06 3.11247e-06 3.9954e-08  -9.77139e-07 2.25616e-06 3.1546e-08  -7.15954e-07 1.64913e-06 2.90134e-08  -5.3169e-07 1.23292e-06 1.61619e-08  -4.15674e-07 9.58381e-07 1.27037e-08  -3.20739e-07 7.38842e-07 1.01516e-08  -2.45294e-07 5.66563e-07 6.04036e-09  -1.93227e-07 4.43596e-07 4.59367e-09  -6.45102e-08 1.80611e-07 2.74759e-09  -1.13276e-07 3.06358e-07 3.30534e-09  -4.24979e-08 1.1507e-07 -2.80775e-10  -1.12906e-07 2.87264e-07 3.25396e-09  -3.47186e-08 8.4163e-08 -5.02691e-10  -3.07571e-08 7.37697e-08 1.40058e-09  -2.67232e-08 6.43356e-08 -1.27802e-09  -4.35083e-08 1.12279e-07 5.65789e-10  -1.83762e-08 5.00285e-08 1.69487e-09  -3.4559e-08 8.17021e-08 5.43274e-11  -3.26146e-08 7.68043e-08 1.3836e-10  -2.95086e-08 6.98396e-08 -8.8903e-11  -2.17607e-08 5.0909e-08 7.91846e-11  -1.54013e-08 3.61122e-08 -3.83931e-10  -0.000608459 0.000965847 -1.90539e-05  -0.000304413 0.000485463 -3.36327e-05  -0.000310692 0.000495783 1.81656e-05  -0.000295876 0.000471631 -2.16643e-05  -0.000468336 0.00074374 1.50031e-05  -0.000292391 0.000583104 2.06354e-05  -0.000219543 0.000335711 1.33455e-05  -0.000118833 0.000217503 7.70619e-06  -3.62861e-05 5.76963e-05 1.88873e-06  -6.20822e-05 0.000104685 1.51548e-07  -5.52082e-05 0.000101569 2.02262e-07  -2.50173e-05 4.75534e-05 7.21953e-08  -2.00396e-05 3.881e-05 3.32519e-07  -1.45832e-05 2.80752e-05 2.2322e-07  -9.76093e-06 1.86882e-05 1.71738e-07  -6.49618e-06 1.2479e-05 1.31958e-07  -5.76207e-06 1.1076e-05 1.27385e-07  -5.7831e-06 1.11154e-05 1.31802e-07  -5.66825e-06 1.08932e-05 6.96755e-08  -4.90263e-06 9.41951e-06 9.0352e-08  -3.69687e-06 7.10584e-06 7.47052e-08  -2.94046e-06 5.64994e-06 6.76774e-08  -2.58579e-06 4.97159e-06 8.31238e-08  -2.34779e-06 4.50937e-06 7.18905e-08  -1.92211e-06 3.69359e-06 5.48334e-08  -1.39913e-06 2.68772e-06 4.47719e-08  -1.08127e-06 2.07757e-06 2.75783e-08  -8.3692e-07 1.60725e-06 2.61616e-08  -6.49266e-07 1.2458e-06 2.2207e-08  -4.8698e-07 9.36089e-07 1.16451e-08  -3.51001e-07 6.73702e-07 8.40879e-09  -2.61296e-07 5.01638e-07 7.1849e-09  -2.07166e-07 3.97916e-07 3.69737e-09  -1.52258e-07 2.92472e-07 3.58325e-09  -1.16523e-07 2.2329e-07 2.20832e-09  -1.9392e-07 3.65065e-07 3.132e-09  -1.84958e-07 3.32014e-07 4.64654e-09  -2.31408e-07 4.12545e-07 8.24254e-10  -1.32877e-07 2.17809e-07 3.50104e-09  -8.45907e-08 1.53282e-07 2.68658e-09  -8.96839e-08 1.59594e-07 -6.10688e-10  -1.16296e-07 2.04767e-07 -1.24204e-09  -5.80278e-08 9.07378e-08 6.19775e-10  -6.50235e-08 1.23071e-07 1.49211e-09  -2.1049e-08 3.37087e-08 -1.0991e-09  -1.95908e-08 3.15299e-08 1.13789e-09  -1.55145e-08 2.49601e-08 -8.48569e-10  -1.20586e-08 1.94115e-08 6.90585e-10  -9.19049e-09 1.47353e-08 -5.17461e-10  -0.000669189 0.000865031 -2.34206e-05  -0.00034694 0.000449253 4.97034e-07  -0.000350216 0.000452728 -1.63515e-05  -0.000330716 0.000427995 1.0585e-05  -0.000298525 0.000386542 -1.11303e-05  -0.0004089 0.000518258 2.01356e-05  0 0 0  -0.000224867 0.00028262 1.11011e-05  -4.40026e-05 6.24153e-05 -6.60321e-07  -3.74808e-05 4.72187e-05 1.01409e-06  -6.49963e-05 8.54194e-05 3.09931e-07  -5.8501e-05 8.19235e-05 3.29481e-07  -5.25109e-05 7.37761e-05 6.30488e-07  -4.0896e-05 5.64918e-05 3.70787e-07  -2.59549e-05 3.5717e-05 3.83276e-07  -1.80156e-05 2.48434e-05 2.92837e-07  -1.49654e-05 2.06597e-05 2.37672e-07  -1.50827e-05 2.08833e-05 2.70675e-07  -1.51012e-05 2.08919e-05 1.93114e-07  -1.32169e-05 1.83088e-05 1.96254e-07  -1.03615e-05 1.43479e-05 1.64551e-07  -7.95039e-06 1.10127e-05 1.40223e-07  -6.8603e-06 9.49866e-06 1.42003e-07  -6.27583e-06 8.69527e-06 1.55389e-07  -5.25533e-06 7.27543e-06 1.13148e-07  -3.8874e-06 5.38226e-06 9.81924e-08  -2.90546e-06 4.02132e-06 6.63961e-08  -2.19978e-06 3.04525e-06 5.73019e-08  -1.70272e-06 2.35798e-06 5.17904e-08  -1.29722e-06 1.79787e-06 2.36947e-08  -9.09926e-07 1.26193e-06 1.97644e-08  -6.97363e-07 9.68678e-07 1.59602e-08  -5.51004e-07 7.65327e-07 8.20742e-09  -5.55784e-07 7.69929e-07 1.08572e-08  -2.70231e-07 3.72976e-07 2.68134e-09  -2.3068e-07 3.12316e-07 6.57316e-09  -1.33724e-07 1.70363e-07 -2.37101e-09  -1.60632e-07 1.89214e-07 1.33566e-09  -1.00534e-07 1.21424e-07 -1.19694e-09  -7.08502e-08 8.99668e-08 3.19132e-09  -5.59204e-08 7.13648e-08 -2.11774e-09  -1.03375e-07 1.29359e-07 8.26277e-10  0 0 0  -5.68991e-08 7.29373e-08 6.63017e-10  -2.00461e-08 2.59788e-08 1.03792e-09  -2.18834e-08 2.83083e-08 -1.02476e-09  -1.84369e-08 2.39004e-08 9.22352e-10  -1.59847e-08 2.0669e-08 -7.51141e-10  -1.00609e-08 1.29919e-08 2.09181e-10  -0.000789958 0.000840622 -1.90794e-05  -0.000387769 0.000410955 -3.32349e-05  -0.000386699 0.000410034 1.68155e-05  -0.000369464 0.000391332 -2.15182e-05  -0.00059978 0.000636348 1.62902e-05  0 0 0  -0.000288309 0.00029787 1.37084e-05  -8.09257e-05 7.91134e-05 4.71153e-06  -0.000101103 0.000105642 1.70142e-06  -8.54777e-05 8.64569e-05 1.51059e-07  -0.000106031 0.000103347 -2.34969e-07  -5.74014e-05 6.17968e-05 1.50347e-06  -6.65655e-05 6.80046e-05 2.40309e-07  -4.87667e-05 4.919e-05 2.79058e-07  -3.09347e-05 3.11041e-05 3.69243e-07  -2.19221e-05 2.20518e-05 2.94317e-07  -1.95341e-05 1.97724e-05 2.75047e-07  -1.918e-05 1.94234e-05 2.91157e-07  -1.83938e-05 1.86402e-05 2.23638e-07  -1.5545e-05 1.57514e-05 1.43446e-07  -1.24606e-05 1.26169e-05 1.2297e-07  -9.75427e-06 9.88971e-06 1.67393e-07  -8.43017e-06 8.54195e-06 1.69693e-07  -7.7041e-06 7.80466e-06 1.32825e-07  -6.17433e-06 6.25795e-06 1.03462e-07  -4.53312e-06 4.58739e-06 9.35233e-08  -3.40047e-06 3.43999e-06 7.46207e-08  -2.68819e-06 2.72332e-06 4.40285e-08  -2.02038e-06 2.04993e-06 4.52422e-08  -1.49654e-06 1.51958e-06 3.10796e-08  -1.08496e-06 1.10509e-06 1.95479e-08  -8.11637e-07 8.27064e-07 1.5772e-08  -6.5871e-07 6.72177e-07 9.82519e-09  -4.84502e-07 4.93565e-07 6.69689e-09  -4.04954e-07 4.09537e-07 5.1248e-09  -3.16883e-07 3.20747e-07 -4.92817e-10  -3.42345e-07 3.51116e-07 3.29078e-09  -2.54896e-07 2.61171e-07 3.09714e-10  -8.8458e-08 9.51793e-08 5.22875e-09  -8.694e-08 9.23958e-08 -3.32041e-09  -6.31636e-08 6.48557e-08 2.66637e-09  -6.07623e-08 6.24757e-08 -2.0619e-09  -9.33373e-08 9.67285e-08 8.41559e-10  0 0 0  -4.25831e-08 4.47748e-08 4.56087e-10  -1.89789e-08 1.99915e-08 8.48792e-10  -1.97466e-08 2.07699e-08 -8.44816e-10  -1.76375e-08 1.85742e-08 7.82388e-10  -1.54304e-08 1.61926e-08 -5.83819e-10  -0.00177294 0.0013731 -3.85062e-05  -0.000895602 0.000695572 -3.29831e-05  -0.000886673 0.000689171 4.54444e-07  -0.000840808 0.000652242 -1.03444e-05  -0.00109743 0.000821493 2.76887e-06  -0.000485458 0.00041746 2.30223e-05  -0.000344379 0.000235997 1.35527e-05  -0.000302271 0.000238741 1.27062e-05  -5.24005e-05 4.12688e-05 2.43442e-06  -4.66542e-05 3.68991e-05 -1.17969e-06  -8.09657e-05 5.99197e-05 5.58343e-07  -9.50012e-05 7.65337e-05 1.4976e-06  -7.20031e-05 5.3173e-05 4.81228e-07  -5.31019e-05 3.84873e-05 4.42787e-07  -3.47274e-05 2.5175e-05 3.2552e-07  -2.48157e-05 1.80963e-05 3.1232e-07  -2.22214e-05 1.61866e-05 2.98266e-07  -2.25727e-05 1.64665e-05 2.72112e-07  -2.19281e-05 1.59878e-05 2.72906e-07  -1.86166e-05 1.35606e-05 2.36787e-07  -1.49247e-05 1.08776e-05 1.64554e-07  -1.13042e-05 8.24297e-06 1.77785e-07  -9.94025e-06 7.25302e-06 1.73897e-07  -9.20628e-06 6.70792e-06 1.36333e-07  -7.33085e-06 5.33761e-06 1.12254e-07  -5.37777e-06 3.91824e-06 9.59605e-08  -3.98159e-06 2.90142e-06 7.86778e-08  -3.14808e-06 2.29513e-06 4.42125e-08  -2.34822e-06 1.71675e-06 4.70919e-08  -1.6919e-06 1.24013e-06 3.35986e-08  -1.23595e-06 9.07778e-07 2.22011e-08  -9.79548e-07 7.22141e-07 1.54543e-08  -7.12067e-07 5.26959e-07 9.29958e-09  -5.4008e-07 4.03009e-07 4.45755e-09  -4.71578e-07 3.47485e-07 4.66181e-09  -4.51741e-07 3.51942e-07 2.93185e-09  -2.00214e-07 1.5083e-07 1.06763e-08  -1.65532e-07 1.23308e-07 -6.65385e-09  -2.14173e-07 1.65857e-07 1.78868e-09  -1.93994e-07 1.50095e-07 8.88613e-10  -1.37219e-07 1.05436e-07 5.00232e-10  -1.84226e-07 1.45098e-07 -1.36462e-09  -9.36395e-08 6.46406e-08 4.99961e-10  -6.5985e-08 5.64056e-08 5.23187e-10  -6.35852e-08 4.70209e-08 1.33206e-09  -3.17704e-08 2.47711e-08 -1.56281e-12  -3.8646e-08 3.01253e-08 1.04114e-10  -4.48315e-08 3.49898e-08 -5.09729e-11  -2.68545e-08 2.07886e-08 -3.08043e-10  -0.000997799 0.000546896 -2.35126e-05  -0.000505223 0.000280085 7.34689e-07  -0.00050756 0.000280603 -1.61483e-05  -0.000479402 0.000265771 1.06347e-05  -0.000444691 0.000246506 -1.07173e-05  -0.000569728 0.000312977 2.16778e-05  0 0 0  -0.000233912 0.000126593 7.83407e-06  -0.000131051 7.81067e-05 2.05768e-06  -0.000106612 6.13379e-05 1.72033e-07  -0.00014334 7.82124e-05 -3.27463e-07  -7.39031e-05 4.52689e-05 3.9634e-07  -7.11998e-05 3.72236e-05 9.51622e-07  -3.75769e-05 1.79998e-05 3.44775e-08  -2.04808e-05 1.00955e-05 2.70033e-07  -1.41322e-05 6.98132e-06 2.24845e-07  -1.22132e-05 6.04575e-06 1.43485e-07  -1.30542e-05 6.45067e-06 1.27816e-07  -1.30526e-05 6.45528e-06 1.51275e-07  -1.14283e-05 5.65795e-06 1.3113e-07  -9.01145e-06 4.46324e-06 1.09375e-07  -6.91219e-06 3.42406e-06 6.81815e-08  -5.78844e-06 2.86418e-06 9.4783e-08  -5.47601e-06 2.71101e-06 7.9631e-08  -4.65963e-06 2.30441e-06 5.82045e-08  -3.24254e-06 1.60092e-06 4.80023e-08  -2.3938e-06 1.18178e-06 3.76293e-08  -1.88324e-06 9.32798e-07 2.8743e-08  -1.42167e-06 7.07418e-07 2.97203e-08  -1.00399e-06 5.0136e-07 2.27625e-08  -7.34476e-07 3.66652e-07 1.36813e-08  -6.30192e-07 3.14942e-07 9.20763e-09  -4.73471e-07 2.39296e-07 4.57084e-09  -5.50965e-07 2.8811e-07 4.65016e-09  -2.21234e-07 1.18786e-07 1.52865e-09  -4.33935e-07 2.60643e-07 6.03778e-09  -3.88703e-07 2.2143e-07 3.44972e-09  -1.38583e-07 7.84443e-08 5.44276e-09  -1.28857e-07 7.27966e-08 -3.76214e-09  -9.04659e-08 5.01162e-08 3.59889e-09  -8.15683e-08 4.51487e-08 -2.13552e-09  -1.23112e-07 6.76473e-08 5.37654e-10  0 0 0  -7.80436e-08 4.31989e-08 6.20929e-10  -1.92022e-08 1.06578e-08 7.75921e-10  -1.53886e-08 8.5249e-09 -4.5896e-10  -1.57389e-08 8.75183e-09 5.9064e-10  -1.448e-08 8.01128e-09 -4.9601e-10  8.05448e-09 -4.46862e-09 -9.29068e-11  -0.00104332 0.000451404 -1.98888e-05  -0.000524227 0.000225338 -3.37985e-05  -0.00053399 0.000230097 1.76906e-05  -0.000512466 0.000221195 -2.23475e-05  -0.000811014 0.000352244 1.76327e-05  0 0 0  -0.000386926 0.000165867 1.4453e-05  -8.97932e-05 3.76438e-05 4.7747e-06  -7.89427e-05 3.30134e-05 -1.31067e-06  -5.79467e-05 2.35662e-05 1.81041e-06  -5.36118e-05 2.18263e-05 -9.82738e-07  -9.84455e-05 3.97781e-05 5.52896e-07  -4.54293e-05 2.22833e-05 1.26511e-06  -3.10289e-05 1.491e-05 -1.23681e-07  -1.74098e-05 8.61812e-06 1.68628e-07  -1.32748e-05 6.57824e-06 1.71436e-07  -1.30404e-05 6.44494e-06 1.22786e-07  -1.30725e-05 6.47168e-06 1.14997e-07  -1.22573e-05 6.0697e-06 1.49146e-07  -9.95543e-06 4.92968e-06 1.22399e-07  -7.76112e-06 3.84004e-06 7.31765e-08  -6.16488e-06 3.05448e-06 1.01725e-07  -5.70512e-06 2.82632e-06 8.81881e-08  -5.01406e-06 2.48124e-06 6.75149e-08  -3.81957e-06 1.88515e-06 5.56811e-08  -2.66404e-06 1.31658e-06 4.12453e-08  -2.06647e-06 1.02238e-06 2.99129e-08  -1.60467e-06 7.96738e-07 3.05941e-08  -1.16102e-06 5.7904e-07 2.48142e-08  -8.33135e-07 4.16624e-07 1.53717e-08  -6.71427e-07 3.35913e-07 1.05096e-08  -5.54163e-07 2.77595e-07 4.28132e-09  -8.10175e-07 3.26909e-07 7.4927e-09  -2.86781e-07 9.91117e-08 7.52028e-09  -4.63186e-07 1.94989e-07 4.11967e-09  -3.94149e-07 1.67872e-07 3.81784e-09  0 0 0  -3.49015e-07 1.54804e-07 3.00447e-09  -1.27496e-07 5.51508e-08 4.75264e-09  -1.12579e-07 4.86851e-08 -3.02789e-09  -8.17436e-08 3.49092e-08 2.97615e-09  -7.16826e-08 3.05661e-08 -2.01035e-09  -9.6393e-08 4.11751e-08 3.00393e-10  0 0 0  -5.22584e-08 2.24626e-08 3.80333e-10  -1.95272e-08 8.40216e-09 6.20176e-10  -1.79748e-08 7.70986e-09 -5.52724e-10  -5.61269e-09 2.42323e-09 1.89011e-10  3.62189e-09 -1.55192e-09 -1.30135e-10  -0.00212238 0.000547731 -3.58024e-05  -0.00108468 0.000281397 -3.29027e-05  -0.00110945 0.000286943 2.03788e-06  -0.00106183 0.000273939 -1.15077e-05  -0.00135456 0.000325587 5.05066e-06  -0.00064228 0.000203065 2.37701e-05  -0.000420773 8.5251e-05 1.59734e-05  -0.000354531 9.96658e-05 1.28944e-05  -0.000160296 4.0463e-05 1.84386e-06  -0.00013148 3.33863e-05 4.98778e-07  -0.000117848 2.938e-05 5.71571e-07  -0.000174096 4.15269e-05 -5.67089e-07  -9.71646e-05 3.14956e-05 8.17246e-07  -7.76862e-05 1.90245e-05 9.05763e-07  -4.56626e-05 1.36651e-05 7.53603e-07  -3.66083e-05 1.0686e-05 3.26223e-07  -3.06469e-05 8.90204e-06 2.92797e-07  -3.02026e-05 8.78393e-06 2.49847e-07  -2.93083e-05 8.51945e-06 2.32898e-07  -2.51498e-05 7.30885e-06 1.99317e-07  -2.02783e-05 5.89193e-06 1.7244e-07  -1.55455e-05 4.51899e-06 1.72111e-07  -1.33979e-05 3.89791e-06 2.03271e-07  -1.20547e-05 3.50656e-06 1.29871e-07  -9.85988e-06 2.8619e-06 1.20835e-07  -7.40885e-06 2.14722e-06 8.25365e-08  -5.5711e-06 1.61406e-06 5.72404e-08  -4.29555e-06 1.24977e-06 5.31005e-08  -3.23103e-06 9.4676e-07 4.73422e-08  -2.37332e-06 6.98664e-07 3.41025e-08  -1.84256e-06 5.39548e-07 2.15094e-08  -1.43168e-06 4.15718e-07 1.4611e-08  -1.14548e-06 3.38919e-07 7.35364e-09  -3.85518e-07 1.22192e-07 -5.54013e-10  -2.38809e-07 7.35578e-08 3.98542e-09  -5.60808e-07 1.3511e-07 8.97398e-10  -3.74199e-07 1.19429e-07 3.60648e-09  -5.08852e-07 1.23378e-07 8.67111e-09  -2.72489e-07 7.1756e-08 1.1668e-09  -2.27447e-07 5.87203e-08 6.69564e-10  -1.74527e-07 4.56188e-08 7.62847e-10  -1.92142e-07 5.26129e-08 -9.90632e-10  -1.07498e-07 2.2047e-08 6.39967e-10  -9.89497e-08 3.10041e-08 4.40663e-10  -1.22497e-07 2.7989e-08 1.13497e-09  -4.20977e-08 1.11082e-08 -6.27184e-12  -1.91435e-08 5.05749e-09 1.01499e-10  -3.33162e-09 1.15681e-09 -5.78197e-11  1.50537e-08 -3.89308e-09 -1.01891e-10  -0.00106192 0.000101321 -2.06973e-05  -0.000563694 5.529e-05 6.36393e-08  -0.000575626 5.62345e-05 -1.59766e-05  -0.000557897 5.48842e-05 1.13881e-05  -0.000518346 5.03402e-05 -1.05227e-05  -0.000679931 6.5059e-05 2.31481e-05  0 0 0  -0.000273457 2.70411e-05 7.81751e-06  -7.63706e-05 7.78531e-06 3.076e-06  -7.04801e-05 7.17376e-06 -1.66826e-06  -6.41022e-05 6.98752e-06 2.00684e-06  -6.75399e-05 7.25218e-06 -1.42667e-06  -0.000102898 1.30408e-05 8.11529e-07  -3.07795e-05 3.73403e-06 1.04783e-06  -4.49628e-05 4.88477e-06 2.40223e-07  -1.80046e-05 1.85906e-06 1.25096e-07  -3.33019e-05 3.45324e-06 2.38914e-07  -3.28307e-05 3.37257e-06 2.34243e-07  -3.14764e-05 3.25144e-06 2.03293e-07  -2.6883e-05 2.76223e-06 2.09777e-07  -2.04335e-05 2.09667e-06 2.13143e-07  -1.54795e-05 1.59809e-06 2.55587e-07  -1.38024e-05 1.42934e-06 1.75239e-07  -1.25853e-05 1.29587e-06 1.66796e-07  -1.0044e-05 1.03086e-06 9.19611e-08  -7.1415e-06 7.26381e-07 1.0392e-07  -5.50316e-06 5.5959e-07 8.3e-08  -4.32436e-06 4.45543e-07 7.20982e-08  -3.33377e-06 3.4894e-07 5.25765e-08  -2.33564e-06 2.45837e-07 4.0466e-08  -1.81796e-06 1.84908e-07 2.89623e-08  -7.58174e-07 6.67354e-08 8.93228e-09  -1.18733e-06 1.22655e-07 6.45915e-09  -8.48381e-07 1.10674e-07 1.11017e-08  -5.99574e-07 8.82621e-08 -2.08281e-10  -1.92372e-07 2.84234e-08 -1.52632e-09  -4.07032e-07 4.16052e-08 3.04866e-09  -1.75406e-07 1.76359e-08 6.30257e-09  -1.65707e-07 1.68398e-08 -4.65107e-09  -9.86125e-08 1.00334e-08 3.43259e-09  -8.81359e-08 9.00521e-09 -2.10087e-09  -1.31712e-07 1.33255e-08 4.34674e-10  0 0 0  -1.20368e-07 1.2307e-08 1.34044e-10  -4.83696e-08 4.90956e-09 1.54012e-09  -3.07386e-08 3.11467e-09 -8.07996e-10  -1.34202e-08 1.38912e-09 3.68633e-10  -3.93774e-10 2.92348e-11 2.96538e-11  1.1832e-08 -1.19989e-09 -1.87736e-10  -0.00110127 -0.000105105 -2.02998e-05  -0.00056875 -5.635e-05 3.52729e-07  -0.000578197 -5.7311e-05 -1.6149e-05  -0.000546444 -5.47473e-05 1.11444e-05  -0.000510945 -5.03545e-05 -1.04234e-05  -0.000666381 -6.56791e-05 2.17831e-05  0 0 0  -0.000262353 -2.64119e-05 7.37257e-06  -0.00016673 -2.49464e-05 1.64988e-06  -0.000142648 -1.98307e-05 4.97321e-07  -0.000137117 -1.83167e-05 8.00155e-07  -0.000186921 -2.62106e-05 -1.02914e-06  -8.94029e-05 -8.83616e-06 2.59188e-06  -6.31307e-05 -7.55059e-06 1.07221e-06  -2.57168e-05 -2.22742e-06 -8.44437e-08  -1.85852e-05 -1.48714e-06 1.434e-07  -1.77338e-05 -1.40306e-06 1.45726e-07  -1.66839e-05 -1.31857e-06 1.2645e-07  -1.58429e-05 -1.25189e-06 1.15329e-07  -1.29227e-05 -1.03458e-06 9.57864e-08  -9.59531e-06 -7.63897e-07 9.7387e-08  -7.59236e-06 -5.90545e-07 1.28766e-07  -6.96112e-06 -5.4763e-07 7.26209e-08  -6.18125e-06 -4.93058e-07 7.59003e-08  -4.92227e-06 -3.91909e-07 5.00813e-08  -3.39422e-06 -2.72669e-07 4.80281e-08  -2.59889e-06 -2.0761e-07 3.91397e-08  -2.05276e-06 -1.60901e-07 3.46348e-08  -1.54121e-06 -1.18755e-07 2.00298e-08  -1.09052e-06 -8.35658e-08 1.99005e-08  -8.08109e-07 -6.82227e-08 1.88264e-08  -6.13726e-07 -7.01717e-08 1.85012e-08  -1.02641e-06 -9.91788e-08 -6.51883e-09  -3.65166e-07 -1.63767e-08 5.15127e-10  -3.58912e-07 -7.98481e-08 7.06608e-09  -5.58289e-07 -1.00215e-07 3.07918e-09  -4.62299e-07 -4.92672e-08 3.00469e-09  -1.84845e-07 -2.01315e-08 6.38375e-09  -1.69384e-07 -1.82043e-08 -4.6172e-09  -1.07588e-07 -1.09147e-08 3.69382e-09  -9.35722e-08 -9.52474e-09 -2.31515e-09  -1.16273e-07 -1.18002e-08 5.31317e-10  0 0 0  -1.18302e-07 -1.20553e-08 4.03023e-10  -5.37687e-08 -5.44398e-09 1.68622e-09  -3.47319e-08 -3.48023e-09 -9.36218e-10  -1.57967e-08 -1.62362e-09 4.70899e-10  -5.25367e-09 -5.30279e-10 -1.14665e-10  1.1335e-08 1.15098e-09 -4.88129e-11  -0.00213547 -0.000552384 -3.64921e-05  -0.00107406 -0.000277482 -3.28301e-05  -0.00110908 -0.000286899 2.04254e-06  -0.00102764 -0.00026437 -1.12015e-05  -0.00133185 -0.000321426 4.71527e-06  -0.000643552 -0.000204352 2.30255e-05  -0.00042932 -8.68013e-05 1.63816e-05  -0.000345587 -9.65059e-05 1.28186e-05  -8.42989e-05 -2.50092e-05 3.33928e-06  -7.07456e-05 -2.11195e-05 -1.70514e-06  -6.53527e-05 -1.83263e-05 2.07245e-06  -6.51564e-05 -1.83447e-05 -1.6212e-06  -9.40978e-05 -2.43339e-05 6.56579e-07  -5.82975e-05 -1.8079e-05 1.24296e-06  -5.1454e-05 -1.49405e-05 3.23849e-07  -3.61535e-05 -9.95799e-06 3.73488e-07  -3.3843e-05 -9.09947e-06 3.00294e-07  -3.28184e-05 -8.7846e-06 2.93395e-07  -3.13846e-05 -8.43067e-06 2.67931e-07  -2.66573e-05 -7.17742e-06 2.60942e-07  -2.00849e-05 -5.40264e-06 2.06916e-07  -1.58284e-05 -4.24123e-06 1.53571e-07  -1.39883e-05 -3.75203e-06 1.31334e-07  -1.25509e-05 -3.37443e-06 1.24216e-07  -1.00595e-05 -2.70775e-06 9.99134e-08  -7.58581e-06 -2.0471e-06 8.49891e-08  -5.5776e-06 -1.50445e-06 6.09952e-08  -4.39081e-06 -1.17633e-06 4.41187e-08  -3.19647e-06 -8.5147e-07 4.59999e-08  -3.27432e-06 -8.72795e-07 4.97423e-08  -1.49545e-06 -4.1076e-07 1.85707e-08  -9.9551e-07 -2.91437e-07 2.06167e-09  -9.40282e-07 -2.56139e-07 1.32042e-08  -8.26653e-07 -2.01846e-07 8.24156e-09  -3.37046e-07 -7.25712e-08 -1.96521e-09  -3.0606e-07 -1.06369e-07 1.13448e-08  -2.19074e-07 -4.91551e-08 8.28688e-09  -3.84889e-07 -1.04614e-07 9.00945e-10  -2.82485e-07 -7.5721e-08 8.22654e-10  -2.19453e-07 -5.68993e-08 4.53961e-10  -1.51484e-07 -3.94285e-08 7.88755e-10  -1.62759e-07 -4.38341e-08 -7.73389e-10  -1.081e-07 -2.22396e-08 6.86933e-11  -9.9317e-08 -3.11386e-08 7.70354e-11  -1.49641e-07 -3.54392e-08 1.63596e-09  -6.57774e-08 -1.74724e-08 -2.3173e-10  -3.14171e-08 -7.84387e-09 -1.54885e-10  3.63888e-09 7.94756e-10 -2.21429e-11  3.29053e-08 8.9701e-09 -6.70659e-11  -0.00104557 -0.000453 -1.94979e-05  -0.000510403 -0.000219709 -3.22427e-05  -0.000530248 -0.000228941 1.8668e-05  -0.000494918 -0.000213713 -2.13548e-05  -0.000822619 -0.000357009 1.82503e-05  0 0 0  -0.000393806 -0.000170537 1.42726e-05  -9.37773e-05 -3.93098e-05 5.06949e-06  -8.18362e-05 -3.44925e-05 -1.50981e-06  -6.42456e-05 -2.53052e-05 2.05963e-06  -6.24539e-05 -2.4606e-05 -1.34355e-06  -0.000124739 -4.79673e-05 7.05594e-07  -0.000102008 -4.91577e-05 1.49298e-06  0 0 0  -2.64202e-05 -1.30823e-05 3.55642e-07  -1.62219e-05 -7.87206e-06 3.04767e-07  -1.47593e-05 -7.05421e-06 1.71171e-07  -1.51043e-05 -7.21057e-06 1.3772e-07  -1.47103e-05 -7.00774e-06 1.28115e-07  -1.32226e-05 -6.30687e-06 1.17925e-07  -1.01593e-05 -4.84332e-06 1.23667e-07  -7.61795e-06 -3.63392e-06 1.04286e-07  -6.56936e-06 -3.1358e-06 8.52418e-08  -6.02104e-06 -2.87546e-06 7.79822e-08  -4.94558e-06 -2.36069e-06 5.35617e-08  -3.89596e-06 -1.86015e-06 4.05308e-08  -2.75677e-06 -1.31554e-06 3.47843e-08  -2.14416e-06 -1.02296e-06 3.42686e-08  -2.73365e-06 -1.29554e-06 4.84006e-08  -8.22099e-07 -3.90642e-07 1.08491e-08  -6.38346e-07 -3.07287e-07 4.38239e-09  -5.21012e-07 -2.50379e-07 7.89779e-09  -4.29396e-07 -1.983e-07 9.44799e-09  -7.94945e-07 -3.53701e-07 7.75274e-09  -6.85382e-07 -2.85053e-07 7.3996e-09  -3.33607e-07 -1.3158e-07 -2.82744e-09  -4.75486e-07 -1.88495e-07 5.35381e-10  -1.77295e-07 -8.21977e-08 -4.94378e-09  -1.23848e-07 -5.38192e-08 4.25052e-09  -1.06987e-07 -4.65197e-08 -2.88725e-09  -7.08555e-08 -3.03316e-08 2.58332e-09  -5.69179e-08 -2.43878e-08 -1.45608e-09  -8.20035e-08 -3.51808e-08 3.42287e-10  0 0 0  -9.41467e-08 -4.03868e-08 4.46449e-11  -2.54306e-08 -1.09211e-08 8.53442e-10  -1.3499e-08 -5.7902e-09 -4.0202e-10  3.34429e-09 1.44722e-09 -1.02812e-10  1.24804e-08 5.35167e-09 1.87828e-10  -0.000979049 -0.000537098 -2.08441e-05  -0.000501703 -0.00027781 8.31825e-07  -0.000501536 -0.000278266 -1.5797e-05  -0.000458281 -0.000254129 1.07232e-05  -0.000448068 -0.000248819 -1.03925e-05  -0.00057044 -0.000315375 2.18702e-05  0 0 0  -0.000241065 -0.000132437 8.13024e-06  -7.12785e-05 -3.75298e-05 3.04514e-06  -0.000124061 -7.16594e-05 1.74581e-07  -0.000117607 -6.64471e-05 8.24364e-07  -0.000125938 -7.25515e-05 1.10098e-06  -6.95395e-05 -4.51519e-05 -1.81648e-06  -3.86491e-05 -1.93906e-05 2.09789e-07  -2.25301e-05 -1.1076e-05 1.45607e-07  -1.5307e-05 -7.33156e-06 1.48915e-07  -1.52613e-05 -7.28055e-06 1.32682e-07  -1.48849e-05 -7.10153e-06 1.17538e-07  -1.40786e-05 -6.71307e-06 1.40158e-07  -1.12914e-05 -5.39556e-06 1.17806e-07  -8.48877e-06 -4.04547e-06 1.13935e-07  -6.89161e-06 -3.28317e-06 9.82766e-08  -6.29438e-06 -3.0024e-06 8.9095e-08  -5.48135e-06 -2.61828e-06 6.00301e-08  -4.41414e-06 -2.1057e-06 4.84196e-08  -3.11449e-06 -1.48725e-06 3.95563e-08  -2.34262e-06 -1.1177e-06 3.72309e-08  -1.86294e-06 -8.8709e-07 2.48069e-08  -1.38345e-06 -6.55287e-07 2.12693e-08  -1.03079e-06 -4.88742e-07 1.53168e-08  -7.39754e-07 -3.52828e-07 1.18191e-08  -5.62632e-07 -2.72178e-07 7.45719e-09  -9.03106e-07 -5.30357e-07 1.0688e-08  -3.70516e-07 -2.54461e-07 7.56712e-09  -3.13372e-07 -2.06865e-07 7.15492e-09  -2.74715e-07 -1.72718e-07 6.82327e-09  -3.97718e-07 -2.47368e-07 -3.50338e-09  -1.46356e-07 -8.43156e-08 5.244e-09  -1.26328e-07 -7.28887e-08 -3.76114e-09  -9.51597e-08 -5.27261e-08 3.41711e-09  -8.72167e-08 -4.83689e-08 -2.49592e-09  -9.05599e-08 -5.01225e-08 8.23493e-10  0 0 0  -6.67245e-08 -3.70185e-08 8.02273e-11  -3.78242e-08 -2.10263e-08 1.34048e-09  -3.46391e-08 -1.91912e-08 -1.11727e-09  -1.41421e-08 -7.84367e-09 4.86288e-10  -3.79146e-09 -2.0978e-09 -1.0547e-10  1.12065e-08 6.22546e-09 -1.87257e-10  -0.0017325 -0.00134119 -3.85802e-05  -0.000890441 -0.000691147 -3.19613e-05  -0.000881893 -0.000684555 8.74934e-07  -0.000835216 -0.0006478 -9.99157e-06  -0.00112256 -0.000841221 4.68213e-06  -0.000493015 -0.000426144 2.23378e-05  -0.000363123 -0.000250612 1.51787e-05  -0.000283992 -0.000229349 1.32548e-05  -0.000127861 -9.51972e-05 1.78472e-06  -5.57129e-05 -4.5627e-05 -1.75228e-06  -4.53178e-05 -3.39777e-05 1.44353e-06  -5.13023e-05 -3.81792e-05 -7.40398e-07  -8.47653e-05 -6.44611e-05 1.17311e-06  -5.94355e-05 -4.37671e-05 4.70713e-07  -2.00393e-05 -1.46173e-05 2.89839e-07  -2.9372e-05 -2.13e-05 3.2641e-07  -2.64702e-05 -1.9073e-05 2.61266e-07  -2.60884e-05 -1.87786e-05 2.42461e-07  -2.48285e-05 -1.79171e-05 2.47405e-07  -2.13565e-05 -1.54214e-05 2.34759e-07  -1.64249e-05 -1.18581e-05 2.094e-07  -1.26289e-05 -9.1118e-06 2.02244e-07  -1.11695e-05 -8.06451e-06 1.80736e-07  -1.0077e-05 -7.2769e-06 1.43531e-07  -8.38088e-06 -6.04878e-06 1.09674e-07  -5.95332e-06 -4.29916e-06 6.78971e-08  -4.50751e-06 -3.25212e-06 6.60011e-08  -3.48764e-06 -2.51496e-06 5.26773e-08  -3.66029e-06 -2.63295e-06 6.50418e-08  -1.70091e-06 -1.22139e-06 2.47209e-08  -1.27569e-06 -9.16652e-07 1.78792e-08  -1.02615e-06 -7.34304e-07 1.3884e-08  -4.01358e-07 -2.80684e-07 1.94267e-09  -3.47242e-07 -2.34978e-07 2.95991e-10  -2.79552e-07 -1.81154e-07 -1.47944e-10  0 0 0  -3.12645e-07 -2.67523e-07 1.2372e-08  -1.56365e-07 -1.22804e-07 -6.86013e-09  -1.79797e-07 -1.40657e-07 1.35761e-09  -1.64777e-07 -1.27358e-07 7.84239e-10  -1.53368e-07 -1.18254e-07 7.01559e-10  -1.6574e-07 -1.30576e-07 -1.14755e-09  -6.94372e-08 -4.83134e-08 5.13581e-10  -5.39712e-08 -4.63138e-08 2.36465e-10  -1.01011e-07 -7.55603e-08 1.25514e-09  -6.87859e-08 -5.3368e-08 1.85934e-11  -3.44935e-08 -2.65523e-08 2.32876e-12  -1.01216e-08 -8.42995e-09 -2.71793e-10  1.6171e-08 1.25055e-08 -1.33743e-12  -0.000785535 -0.000833406 -1.89934e-05  -0.000390938 -0.000413677 -3.29792e-05  -0.000393831 -0.000416848 1.72339e-05  -0.000374858 -0.000396437 -2.13773e-05  -0.000616363 -0.000655322 1.72609e-05  0 0 0  -0.000296589 -0.000313982 1.33371e-05  -7.30908e-05 -7.49968e-05 5.1756e-06  -6.27274e-05 -6.50963e-05 -1.66654e-06  -5.26414e-05 -4.93737e-05 2.14643e-06  -8.52866e-05 -8.44234e-05 -6.29221e-07  -9.7051e-05 -9.76655e-05 2.13413e-06  -6.86548e-05 -7.13842e-05 -1.0109e-06  -4.97889e-05 -5.25119e-05 6.92165e-07  -3.7331e-05 -3.89014e-05 3.39077e-07  -2.49387e-05 -2.5851e-05 2.92067e-07  -2.15102e-05 -2.22211e-05 2.48271e-07  -2.03326e-05 -2.10145e-05 2.07235e-07  -2.03928e-05 -2.10739e-05 2.23524e-07  -1.81876e-05 -1.88006e-05 2.27719e-07  -1.40298e-05 -1.44996e-05 2.06397e-07  -1.07882e-05 -1.11498e-05 1.96693e-07  -9.44359e-06 -9.76348e-06 1.77427e-07  -8.53596e-06 -8.82268e-06 1.42925e-07  -6.9223e-06 -7.1585e-06 9.93019e-08  -5.03379e-06 -5.205e-06 9.09382e-08  -3.71963e-06 -3.85013e-06 8.74777e-08  -2.91229e-06 -3.00866e-06 4.77376e-08  -3.1214e-06 -3.21798e-06 6.37572e-08  -1.48947e-06 -1.5346e-06 2.46224e-08  -1.14645e-06 -1.1786e-06 1.59858e-08  -8.79922e-07 -8.99416e-07 1.60543e-08  -7.31422e-07 -7.37246e-07 1.11059e-08  -6.2723e-07 -6.18023e-07 7.03698e-09  -2.58206e-07 -2.49565e-07 8.36199e-10  -4.33782e-07 -4.09649e-07 5.28371e-09  -1.55668e-07 -1.42601e-07 -2.06291e-09  -1.15683e-07 -1.0098e-07 2.00848e-09  -7.37726e-08 -7.75553e-08 3.84339e-09  -7.81051e-08 -8.16755e-08 -2.73184e-09  -6.78595e-08 -7.07061e-08 3.08266e-09  -5.6732e-08 -5.90406e-08 -2.01118e-09  -5.87487e-08 -6.16308e-08 9.0034e-10  0 0 0  -4.88661e-08 -5.14354e-08 1.40381e-10  -2.64798e-08 -2.78492e-08 1.17921e-09  -2.13137e-08 -2.24174e-08 -8.76656e-10  -5.12324e-09 -5.38197e-09 2.23193e-10  1.80991e-09 1.92072e-09 -9.79607e-11  -0.000690503 -0.000891221 -2.1533e-05  -0.000355437 -0.000458978 1.03001e-06  -0.000351896 -0.000453512 -1.61076e-05  -0.000338354 -0.00043585 1.16243e-05  -0.000318958 -0.000412088 -1.07152e-05  -0.000409412 -0.000525947 2.11668e-05  0 0 0  -0.000173222 -0.000224212 7.84419e-06  -5.80395e-05 -7.0303e-05 3.56151e-06  -9.91344e-05 -0.000128722 8.2542e-09  -4.4746e-05 -6.23069e-05 -5.84021e-07  -3.54091e-05 -5.14291e-05 1.69725e-08  -2.7846e-05 -4.10537e-05 7.14317e-08  -1.88902e-05 -2.79862e-05 2.48987e-07  -1.30685e-05 -1.93518e-05 2.12507e-07  -9.14326e-06 -1.35191e-05 1.41656e-07  -8.01002e-06 -1.18825e-05 1.40462e-07  -7.87171e-06 -1.16436e-05 1.0933e-07  -8.02132e-06 -1.18706e-05 1.12681e-07  -6.92696e-06 -1.02543e-05 1.23267e-07  -5.27942e-06 -7.81453e-06 9.48133e-08  -4.26128e-06 -6.30606e-06 7.81774e-08  -3.74439e-06 -5.5427e-06 9.2147e-08  -3.30966e-06 -4.89533e-06 6.57338e-08  -2.55672e-06 -3.78268e-06 4.14078e-08  -1.81581e-06 -2.68636e-06 5.17957e-08  -1.42588e-06 -2.1066e-06 3.90109e-08  -1.0949e-06 -1.6184e-06 2.13297e-08  -8.22532e-07 -1.21632e-06 1.82851e-08  -6.48321e-07 -9.57045e-07 1.42732e-08  -4.82747e-07 -7.12127e-07 1.12025e-08  -3.77382e-07 -5.53846e-07 9.38441e-09  -3.18542e-07 -4.62568e-07 7.43344e-09  -2.49446e-07 -3.56792e-07 5.45769e-09  -2.14065e-07 -2.99905e-07 3.99346e-09  -3.43418e-07 -4.7263e-07 3.63925e-09  -2.98413e-07 -3.94541e-07 5.82158e-09  -2.44848e-07 -3.1131e-07 -1.22349e-10  -9.23298e-08 -1.17104e-07 -3.57229e-09  -7.05802e-08 -8.98792e-08 3.49232e-09  -5.97669e-08 -7.60222e-08 -2.14805e-09  -8.42342e-08 -1.07643e-07 1.00353e-09  0 0 0  -3.50129e-08 -4.51387e-08 1.76544e-10  -2.04512e-08 -2.6453e-08 1.03806e-09  -2.1987e-08 -2.84355e-08 -1.0507e-09  -1.31956e-08 -1.6997e-08 6.65374e-10  -8.46129e-09 -1.09107e-08 -4.03253e-10  3.74925e-10 5.02508e-10 -8.12552e-11  -0.000619343 -0.000981104 -1.94215e-05  -0.000302525 -0.000481365 -3.31971e-05  -0.00030442 -0.000483899 1.73396e-05  -0.000299565 -0.000476013 -2.19781e-05  -0.000267043 -0.000421913 1.77064e-05  -0.000224731 -0.000355114 -1.25036e-06  -0.000242118 -0.000387199 1.5233e-05  0 0 0  -0.000106397 -0.000170828 3.67598e-06  -8.63504e-05 -0.000170348 2.33718e-06  -7.49181e-05 -0.000130449 6.16982e-07  0 0 0  -3.45638e-05 -5.06424e-05 3.59885e-07  -2.39859e-05 -3.56082e-05 2.74072e-07  -1.73261e-05 -2.57139e-05 1.80543e-07  -1.95992e-05 -2.9017e-05 2.78934e-07  -7.67781e-06 -1.13785e-05 1.18956e-07  -8.20311e-06 -1.21517e-05 1.283e-07  -7.56378e-06 -1.11921e-05 1.01638e-07  0 0 0  -6.2668e-06 -9.2695e-06 1.07004e-07  -4.81697e-06 -7.12278e-06 8.54518e-08  -3.92823e-06 -5.80737e-06 9.98748e-08  -3.59867e-06 -5.32423e-06 8.34026e-08  -3.06369e-06 -4.53163e-06 5.88751e-08  -2.26979e-06 -3.35764e-06 3.76084e-08  -1.62198e-06 -2.39637e-06 4.82169e-08  -2.21635e-06 -3.27897e-06 5.24298e-08  -7.33427e-07 -1.08296e-06 1.6166e-08  -5.41556e-07 -7.9941e-07 1.2259e-08  -4.21553e-07 -6.20763e-07 8.23241e-09  -3.44058e-07 -5.02734e-07 5.66019e-09  0 0 0  -5.02608e-07 -8.80934e-07 8.14805e-09  -3.8768e-07 -6.67021e-07 5.77711e-09  -1.29657e-07 -2.73649e-07 3.51851e-09  -1.07443e-07 -2.21065e-07 3.6568e-09  -1.0415e-07 -2.10843e-07 1.24376e-09  -8.34331e-08 -1.31539e-07 3.74464e-09  -1.05601e-07 -1.84809e-07 8.35987e-10  -9.09062e-08 -1.59818e-07 9.28269e-10  -9.58084e-08 -1.72946e-07 -8.75891e-10  -4.23057e-08 -6.71189e-08 9.01869e-10  -2.21869e-08 -4.47008e-08 2.48622e-10  -2.8164e-08 -4.50455e-08 -1.16563e-10  -1.95379e-08 -3.13514e-08 1.10093e-09  -1.01496e-08 -1.6334e-08 -5.35053e-10  -6.95703e-09 -1.11853e-08 3.99955e-10  -2.67137e-09 -4.24703e-09 -2.42769e-10  -0.000905161 -0.00210214 -3.87511e-05  -0.000449429 -0.00104196 -3.23271e-05  -0.000452193 -0.00104694 1.07033e-06  -0.000424182 -0.000983424 -8.71053e-06  -0.000531199 -0.0012847 3.58445e-06  -0.000292874 -0.00059262 2.19882e-05  -0.000144496 -0.000397954 1.4774e-05  -0.000122082 -0.000251478 7.69008e-06  -7.60285e-05 -0.000225795 4.52764e-06  0 0 0  -3.89242e-05 -8.2229e-05 6.28787e-07  -5.56123e-05 -0.00012092 5.64469e-07  -4.19611e-05 -9.26382e-05 6.30026e-07  -2.72534e-05 -6.06028e-05 4.85971e-07  -1.74052e-05 -3.87058e-05 3.73253e-07  -1.23998e-05 -2.77024e-05 3.38971e-07  -1.09515e-05 -2.44365e-05 2.69532e-07  -1.17442e-05 -2.62268e-05 2.57728e-07  -1.1561e-05 -2.58092e-05 2.71876e-07  -9.87521e-06 -2.20501e-05 2.74694e-07  -7.59904e-06 -1.69768e-05 2.41118e-07  -5.89171e-06 -1.316e-05 2.19462e-07  -5.25389e-06 -1.1734e-05 1.63707e-07  -4.64517e-06 -1.03756e-05 1.30169e-07  -3.65042e-06 -8.15442e-06 1.11329e-07  -2.7002e-06 -6.03028e-06 9.46974e-08  -1.92801e-06 -4.30902e-06 7.62175e-08  -1.49444e-06 -3.33789e-06 5.87435e-08  -1.15886e-06 -2.58754e-06 4.47474e-08  -8.63487e-07 -1.92675e-06 3.20684e-08  -6.67044e-07 -1.48507e-06 2.02067e-08  -2.87065e-07 -6.36873e-07 6.70358e-09  -4.7711e-07 -1.05354e-06 1.08523e-08  -1.72787e-07 -3.75393e-07 2.75842e-09  -1.37113e-07 -2.92479e-07 1.64672e-09  -1.09835e-07 -2.29045e-07 1.24047e-09  -9.96396e-08 -2.02321e-07 1.26238e-09  -8.36559e-08 -1.72963e-07 3.09087e-09  -1.10154e-07 -2.4825e-07 -2.21649e-09  -3.42662e-08 -8.61452e-08 -1.73227e-09  -2.9317e-08 -7.5896e-08 2.74624e-09  -2.65819e-08 -6.86168e-08 -1.72631e-09  -3.09253e-08 -7.99126e-08 7.23244e-10  0 0 0  -3.94151e-08 -9.50049e-08 1.02631e-09  -2.98724e-08 -6.97842e-08 7.85599e-11  -1.79959e-08 -4.24907e-08 -9.93959e-11  -1.42305e-08 -3.28307e-08 -7.36812e-11  -6.27218e-09 -1.48682e-08 -1.78052e-10  -0.000279131 -0.00110072 -2.17433e-05  -0.000143141 -0.00055274 3.89207e-07  -0.000143459 -0.000552094 -1.57565e-05  -0.000132101 -0.00050481 9.90243e-06  -0.000127331 -0.000484501 -1.02471e-05  -0.000167633 -0.000648725 2.21284e-05  0 0 0  -6.48655e-05 -0.000263435 7.57136e-06  0 0 0  -3.95304e-05 -0.000153595 2.26461e-06  -4.07535e-05 -0.000152768 5.56246e-07  -3.49697e-05 -0.00013319 4.70784e-07  -2.55139e-05 -9.93659e-05 4.41336e-07  -1.69625e-05 -6.67135e-05 4.13472e-07  -1.0636e-05 -4.19822e-05 3.68915e-07  -7.47936e-06 -2.95687e-05 3.24158e-07  -6.82123e-06 -2.69758e-05 2.86541e-07  -6.95044e-06 -2.75056e-05 2.53289e-07  -6.85674e-06 -2.71342e-05 2.30033e-07  -6.00774e-06 -2.37595e-05 1.99693e-07  -4.62025e-06 -1.8269e-05 1.88301e-07  -3.57548e-06 -1.41263e-05 2.25927e-07  -3.14442e-06 -1.24455e-05 2.20034e-07  -2.83889e-06 -1.12311e-05 1.39833e-07  -2.25587e-06 -8.92035e-06 1.05e-07  -1.67912e-06 -6.63194e-06 7.36759e-08  -1.21065e-06 -4.78152e-06 7.52892e-08  -9.43097e-07 -3.7266e-06 5.54486e-08  -7.15031e-07 -2.82777e-06 5.04021e-08  -5.57707e-07 -2.20127e-06 2.68726e-08  -4.3149e-07 -1.70134e-06 1.76409e-08  -1.75057e-07 -6.89199e-07 8.69817e-09  -2.97356e-07 -1.16296e-06 1.09194e-08  -2.24866e-07 -8.69922e-07 8.59043e-09  -1.79697e-07 -6.81894e-07 5.8365e-09  -1.43912e-07 -5.3432e-07 4.4813e-09  -1.19777e-07 -4.36226e-07 3.12594e-09  -9.51249e-08 -3.53609e-07 8.53739e-10  -6.20442e-08 -2.5464e-07 4.91757e-10  -2.46394e-08 -9.44868e-08 4.26294e-09  -2.81013e-08 -1.04492e-07 -3.01551e-09  -3.43879e-08 -1.20383e-07 7.22396e-10  0 0 0  -2.5014e-08 -9.12876e-08 3.50247e-10  -9.3962e-09 -3.59851e-08 1.14166e-09  -1.01959e-08 -3.9159e-08 -1.17623e-09  -7.03773e-09 -2.71643e-08 8.37382e-10  -4.3099e-09 -1.66544e-08 -4.64257e-10  -1.36375e-09 -5.27695e-09 1.12213e-10  -0.000177722 -0.00113123 -2.01333e-05  -8.61045e-05 -0.00055277 -3.33362e-05  -8.77263e-05 -0.000555411 1.70498e-05  -8.37931e-05 -0.000529145 -2.15199e-05  -0.000140791 -0.000865501 1.75022e-05  0 0 0  -6.64485e-05 -0.000428701 1.4499e-05  -8.77186e-06 -0.000104678 4.86035e-06  -1.58474e-05 -0.000158155 -9.68042e-07  -5.08723e-06 -6.37718e-05 9.9249e-07  -6.18894e-06 -7.35032e-05 2.13573e-07  -5.14103e-06 -6.28505e-05 1.49415e-07  -3.50554e-06 -4.47556e-05 1.85586e-07  -2.48063e-06 -3.23176e-05 1.40964e-07  -1.58057e-06 -2.07371e-05 1.0554e-07  -1.05838e-06 -1.42018e-05 1.25406e-07  -1.08369e-06 -1.45105e-05 1.08358e-07  -1.06122e-06 -1.42515e-05 9.79596e-08  -1.00418e-06 -1.34445e-05 1.06067e-07  -8.69189e-07 -1.16584e-05 1.03476e-07  -6.66529e-07 -8.87847e-06 7.51953e-08  -5.32674e-07 -7.10107e-06 9.03685e-08  -4.6542e-07 -6.23882e-06 7.21217e-08  -4.18802e-07 -5.58654e-06 5.99681e-08  -3.20237e-07 -4.29192e-06 4.86103e-08  -2.27892e-07 -3.05884e-06 4.03799e-08  -1.85454e-07 -2.48388e-06 3.02064e-08  -1.39909e-07 -1.86359e-06 2.47683e-08  -1.05887e-07 -1.41899e-06 1.63021e-08  -7.83516e-08 -1.05456e-06 1.50167e-08  -6.25107e-08 -8.30231e-07 8.29302e-09  0 0 0  -4.82581e-08 -6.39882e-07 6.64661e-09  -3.67395e-08 -4.768e-07 5.41467e-09  -2.9071e-08 -3.66757e-07 3.69798e-09  -2.40325e-08 -2.9146e-07 2.27084e-09  -1.93558e-08 -2.28602e-07 1.91328e-09  -1.54835e-08 -1.87216e-07 4.28774e-10  -9.72711e-09 -1.3796e-07 -3.94835e-10  -3.25126e-08 -2.48862e-07 1.56659e-09  -1.81165e-08 -1.02995e-07 2.75256e-09  -2.11562e-08 -1.5115e-07 -2.38613e-10  -2.40347e-08 -1.54892e-07 -5.55851e-10  -8.05635e-09 -9.922e-08 3.15509e-10  -1.38583e-08 -8.43722e-08 3.54361e-10  -4.86262e-09 -3.16989e-08 9.64183e-10  -4.82276e-09 -3.1361e-08 -9.1248e-10  -2.41837e-09 -1.57363e-08 4.91794e-10  -1.74406e-09 -1.13398e-08 -3.17388e-10  0.000173281 -0.00110002 -2.26054e-05  8.6233e-05 -0.000567716 4.24365e-07  8.5719e-05 -0.000559582 -1.51033e-05  7.53612e-05 -0.000511332 9.979e-06  6.81508e-05 -0.000464461 -9.73514e-06  9.70646e-05 -0.000663213 2.15471e-05  0 0 0  2.32853e-05 -0.000239537 7.2321e-06  1.35769e-05 -0.000150209 2.15028e-06  6.23468e-06 -6.38992e-05 4.21171e-07  6.33098e-06 -6.73651e-05 2.33731e-07  5.638e-06 -5.91381e-05 2.6551e-07  9.63221e-06 -9.93192e-05 4.23812e-07  6.40124e-06 -6.55065e-05 3.46543e-07  4.194e-06 -4.20762e-05 2.82842e-07  2.95069e-06 -2.98637e-05 2.57203e-07  2.77593e-06 -2.81132e-05 2.26243e-07  2.90415e-06 -2.92041e-05 2.37287e-07  2.81571e-06 -2.84457e-05 2.03125e-07  2.44727e-06 -2.47013e-05 1.98387e-07  1.8837e-06 -1.89637e-05 1.85631e-07  1.50331e-06 -1.51826e-05 1.47453e-07  1.28152e-06 -1.29616e-05 1.5059e-07  1.13312e-06 -1.14558e-05 1.23533e-07  9.3803e-07 -9.48221e-06 9.96577e-08  6.71526e-07 -6.77544e-06 9.57039e-08  5.11103e-07 -5.15081e-06 6.36125e-08  4.0404e-07 -4.09254e-06 4.72227e-08  3.02053e-07 -3.05352e-06 3.71792e-08  2.20669e-07 -2.2271e-06 3.29824e-08  1.73907e-07 -1.75395e-06 2.25117e-08  6.95747e-08 -7.06041e-07 7.92762e-09  1.14188e-07 -1.15793e-06 1.08419e-08  8.68084e-08 -8.85987e-07 8.14965e-09  6.61631e-08 -6.85901e-07 5.87504e-09  2.78415e-08 -2.92306e-07 2.06865e-09  2.01033e-08 -2.13911e-07 1.757e-09  3.3442e-08 -3.41409e-07 1.58971e-09  3.00198e-08 -2.77821e-07 1.10577e-09  2.83734e-08 -2.20775e-07 8.78509e-10  3.14119e-08 -1.82875e-07 1.12952e-09  1.1481e-08 -8.68593e-08 3.60302e-10  1.51407e-08 -1.15291e-07 -7.33282e-11  9.47062e-09 -9.17589e-08 1.58069e-10  7.37093e-09 -5.09567e-08 1.50101e-09  6.37064e-09 -4.51159e-08 -1.21151e-09  5.83204e-09 -3.80374e-08 1.1365e-09  2.34175e-09 -1.53324e-08 -4.19119e-10  7.99623e-10 -5.28196e-09 2.28366e-10  0.000280336 -0.00110436 -2.05279e-05  0.000140377 -0.000550084 -3.33053e-05  0.000139477 -0.000553178 1.75872e-05  0.000126316 -0.000500702 -2.14555e-05  0.000189807 -0.00079946 1.57422e-05  9.3728e-05 -0.00027436 1.60708e-05  0.000135678 -0.000464756 2.02884e-05  7.9661e-05 -0.00027392 4.12871e-06  4.53034e-05 -0.000158844 2.89248e-06  5.15243e-05 -0.000187357 1.39266e-06  3.47337e-05 -0.000126722 7.61303e-07  3.20843e-05 -0.000116657 4.42666e-07  2.5058e-05 -9.05067e-05 5.65523e-07  1.70271e-05 -6.12604e-05 4.16318e-07  1.07875e-05 -3.88004e-05 3.1935e-07  8.0246e-06 -2.89079e-05 2.67724e-07  7.40419e-06 -2.65529e-05 2.86532e-07  7.60227e-06 -2.72649e-05 2.4309e-07  7.51991e-06 -2.70044e-05 1.97069e-07  6.4734e-06 -2.32355e-05 2.34477e-07  5.03018e-06 -1.80715e-05 1.89332e-07  3.97741e-06 -1.42529e-05 1.73289e-07  3.49005e-06 -1.25153e-05 1.68417e-07  3.17419e-06 -1.13962e-05 1.43658e-07  2.48155e-06 -8.90622e-06 1.06009e-07  1.81425e-06 -6.51096e-06 9.70151e-08  1.37585e-06 -4.94227e-06 6.4371e-08  1.11914e-06 -4.01206e-06 4.1734e-08  8.02304e-07 -2.87799e-06 4.32496e-08  5.87248e-07 -2.10681e-06 3.26658e-08  4.51378e-07 -1.61741e-06 2.36507e-08  3.49086e-07 -1.25206e-06 1.50235e-08  1.36198e-07 -4.89342e-07 7.35814e-09  2.29466e-07 -8.24112e-07 1.01396e-08  2.53467e-07 -9.13167e-07 9.55904e-09  1.33215e-07 -4.80043e-07 4.63493e-09  1.0156e-07 -3.64852e-07 3.23658e-09  8.16093e-08 -2.87489e-07 1.83926e-09  6.02705e-08 -2.02805e-07 1.2223e-09  2.7238e-08 -8.22618e-08 -9.74096e-10  0 0 0  3.30537e-08 -1.25128e-07 7.08939e-10  2.13598e-08 -7.67296e-08 5.45619e-10  3.59819e-08 -1.33963e-07 1.51886e-09  1.21055e-08 -5.41232e-08 -1.31045e-09  1.2187e-08 -4.77251e-08 1.42786e-09  8.92867e-09 -3.50644e-08 -9.75958e-10  3.26226e-09 -1.25184e-08 3.60598e-10  2.11161e-09 -8.04949e-09 -2.88169e-10  0.000883857 -0.00207626 -3.86435e-05  0.000437807 -0.0010359 -3.25883e-05  0.000442832 -0.00104726 3.71527e-06  0.000410666 -0.000973775 -1.06817e-05  0.000484074 -0.00115379 5.41436e-06  0.000184469 -0.000450303 1.62496e-05  7.34162e-05 -0.000156499 5.44757e-06  4.47329e-05 -9.59355e-05 1.9808e-06  3.02657e-05 -6.44483e-05 8.31126e-07  2.66393e-05 -5.61798e-05 1.90912e-07  2.6413e-05 -5.56179e-05 4.29043e-07  2.69065e-05 -5.67543e-05 2.24299e-07  2.09943e-05 -4.40207e-05 2.75416e-07  1.52057e-05 -3.19138e-05 1.88186e-07  9.49881e-06 -1.99081e-05 1.50754e-07  6.51563e-06 -1.36012e-05 1.28489e-07  5.73601e-06 -1.20262e-05 1.53767e-07  5.85299e-06 -1.22846e-05 1.23851e-07  6.01619e-06 -1.26066e-05 9.49996e-08  5.26183e-06 -1.10259e-05 1.17198e-07  4.36591e-06 -9.15463e-06 1.00495e-07  3.29693e-06 -6.91642e-06 8.26901e-08  2.8306e-06 -5.93715e-06 8.63107e-08  2.62669e-06 -5.50451e-06 6.42141e-08  2.1185e-06 -4.44354e-06 5.46481e-08  1.53091e-06 -3.21055e-06 5.9281e-08  1.12403e-06 -2.35558e-06 3.78591e-08  9.08034e-07 -1.90459e-06 2.85172e-08  6.91407e-07 -1.4502e-06 2.36902e-08  4.96668e-07 -1.04161e-06 2.07127e-08  3.67413e-07 -7.70599e-07 1.36401e-08  2.91236e-07 -6.10895e-07 8.25442e-09  2.25846e-07 -4.73424e-07 5.02704e-09  1.69191e-07 -3.54716e-07 4.7304e-09  1.34329e-07 -2.81769e-07 4.01157e-09  1.10203e-07 -2.31141e-07 2.12881e-09  8.52913e-08 -1.78531e-07 2.06771e-09  6.35114e-08 -1.31966e-07 9.32768e-10  5.30301e-08 -1.07783e-07 -1.10767e-10  6.92354e-08 -1.66536e-07 9.34234e-10  4.33651e-08 -1.14762e-07 1.32943e-09  1.55646e-08 -4.28531e-08 -6.67041e-11  2.35614e-08 -5.67332e-08 3.459e-10  1.80483e-08 -4.05534e-08 1.0354e-09  4.13107e-08 -1.04456e-07 5.50792e-10  4.3524e-08 -1.03846e-07 1.28387e-10  3.34572e-08 -7.71728e-08 -2.69248e-10  1.39333e-08 -3.2226e-08 1.04135e-10  8.86201e-09 -1.84269e-08 -4.94384e-10  0.000603428 -0.000961018 -1.97569e-05  0.000286082 -0.000465414 -9.67528e-07  0.000304792 -0.000496391 -1.4709e-05  0.000327912 -0.000521199 1.52057e-05  0.000286864 -0.000449753 -1.35671e-05  0.000127821 -0.000256725 9.52817e-06  0.000104676 -0.000219228 5.36406e-06  5.50658e-05 -0.000118934 3.33544e-06  3.34376e-05 -7.19638e-05 1.60326e-06  2.77116e-05 -5.92432e-05 8.32396e-07  9.41685e-05 -0.00017058 1.27095e-06  9.37362e-05 -0.000148292 8.36084e-07  1.76429e-05 -3.7065e-05 3.06333e-07  1.13232e-05 -2.3741e-05 2.16114e-07  7.31307e-06 -1.53361e-05 1.42658e-07  6.14739e-06 -1.28951e-05 9.91653e-08  5.81306e-06 -1.2221e-05 1.38463e-07  6.16937e-06 -1.29396e-05 1.02793e-07  5.63767e-06 -1.18202e-05 1.03632e-07  4.8194e-06 -1.01101e-05 1.11543e-07  3.80329e-06 -7.96034e-06 8.3546e-08  3.00304e-06 -6.29991e-06 9.28142e-08  2.7368e-06 -5.73862e-06 6.71533e-08  2.48608e-06 -5.21127e-06 5.50996e-08  1.75793e-06 -3.68938e-06 6.2832e-08  1.36073e-06 -2.85772e-06 5.30912e-08  1.0016e-06 -2.10063e-06 3.26059e-08  7.77251e-07 -1.62876e-06 2.16235e-08  6.11679e-07 -1.2834e-06 1.84218e-08  4.27337e-07 -8.96189e-07 1.57664e-08  3.30537e-07 -6.93456e-07 1.02615e-08  2.50808e-07 -5.26161e-07 5.84163e-09  1.88776e-07 -3.96045e-07 5.23734e-09  1.58575e-07 -3.32695e-07 3.56956e-09  1.25572e-07 -2.63507e-07 3.01573e-09  9.8166e-08 -2.05848e-07 2.62733e-09  7.18194e-08 -1.49995e-07 1.78368e-09  6.00882e-08 -1.23723e-07 1.21344e-09  4.86528e-08 -9.687e-08 1.23192e-09  3.85706e-08 -7.26321e-08 1.1874e-09  5.61838e-08 -1.00724e-07 -7.84851e-10  5.36737e-08 -9.73718e-08 1.2383e-09  1.14254e-08 -2.13863e-08 -4.91492e-11  4.46588e-08 -7.5079e-08 2.93412e-10  4.00493e-08 -6.39339e-08 2.21509e-09  4.00963e-08 -6.47379e-08 -2.46034e-09  2.25439e-08 -3.6825e-08 1.1844e-09  1.09213e-08 -1.77674e-08 -5.84015e-10  1.49474e-09 -2.41232e-09 7.19012e-11  0.000678255 -0.000882687 -2.10992e-05  0.00032731 -0.000433026 -3.0401e-05  0.000334179 -0.000439607 1.53474e-05  0.000367348 -0.000488381 -1.82312e-05  0.000285131 -0.000398145 1.5233e-05  0.000385036 -0.000521204 1.18303e-05  0.000246104 -0.000330032 1.20105e-05  0.000141083 -0.000191987 5.99716e-06  9.08262e-05 -0.000125427 2.56675e-06  7.80673e-05 -0.000109111 1.34363e-06  3.87099e-05 -5.42653e-05 2.6876e-07  3.53115e-05 -4.9629e-05 3.18459e-07  4.96383e-05 -6.96945e-05 5.01166e-07  3.41573e-05 -4.80972e-05 2.87788e-07  2.10658e-05 -2.96501e-05 3.82328e-07  1.64236e-05 -2.31126e-05 2.44418e-07  1.61574e-05 -2.27174e-05 2.4005e-07  1.64556e-05 -2.31255e-05 2.72948e-07  1.57548e-05 -2.21494e-05 2.66629e-07  1.34112e-05 -1.88512e-05 2.38679e-07  1.06158e-05 -1.49292e-05 1.86632e-07  8.38513e-06 -1.17851e-05 1.5456e-07  7.4176e-06 -1.04297e-05 1.72598e-07  6.78429e-06 -9.53618e-06 1.42027e-07  5.4393e-06 -7.64746e-06 9.79884e-08  2.17059e-06 -3.0506e-06 4.20855e-08  4.70598e-06 -6.61714e-06 8.64008e-08  2.18384e-06 -3.07078e-06 5.58373e-08  1.62578e-06 -2.28544e-06 6.00019e-08  1.1974e-06 -1.68272e-06 3.25961e-08  9.00233e-07 -1.26528e-06 2.05732e-08  7.00193e-07 -9.84115e-07 1.80577e-08  5.45864e-07 -7.6716e-07 1.28316e-08  4.46258e-07 -6.27091e-07 7.24599e-09  3.43932e-07 -4.83123e-07 6.33646e-09  2.81296e-07 -3.94833e-07 3.98334e-09  2.11339e-07 -2.9587e-07 3.09178e-09  1.61635e-07 -2.24489e-07 2.31312e-09  1.32009e-07 -1.80292e-07 1.5073e-09  1.17288e-07 -1.55613e-07 8.42251e-10  8.89032e-08 -1.14938e-07 8.4319e-10  5.43875e-08 -7.02825e-08 5.75493e-10  2.26431e-08 -3.02359e-08 4.88217e-10  1.75256e-08 -2.39881e-08 -1.40211e-10  3.60914e-08 -5.24507e-08 -4.45546e-10  3.22566e-08 -4.28154e-08 1.19036e-09  2.79825e-08 -3.68256e-08 -1.15387e-09  1.01069e-08 -1.32211e-08 4.38271e-10  7.83773e-10 -1.03483e-09 -2.20403e-10  0.000719144 -0.000772951 -2.13729e-05  0.000734795 -0.000715586 -3.21547e-05  0.000685017 -0.000690603 -2.16494e-06  0.000731698 -0.000706399 7.55237e-07  0.000762352 -0.000773162 5.61465e-06  0.000496005 -0.000498273 1.54704e-05  0.000311413 -0.000311828 1.1725e-05  0.000177484 -0.000178389 5.85601e-06  0.000113938 -0.000114122 2.64136e-06  9.70971e-05 -9.66411e-05 1.40029e-06  9.50164e-05 -9.43592e-05 8.21672e-07  8.89954e-05 -8.80242e-05 6.487e-07  7.10836e-05 -7.03434e-05 5.62157e-07  5.01784e-05 -4.96858e-05 3.42374e-07  4.45754e-05 -4.40667e-05 5.29351e-07  2.00604e-05 -1.98376e-05 2.46584e-07  9.54298e-06 -9.43467e-06 9.36508e-08  2.94641e-05 -2.91578e-05 4.18183e-07  1.88206e-05 -1.86089e-05 2.67796e-07  1.60732e-05 -1.58902e-05 2.42979e-07  1.25479e-05 -1.24027e-05 1.8235e-07  1.01887e-05 -1.00686e-05 1.5004e-07  9.09733e-06 -8.99116e-06 1.71998e-07  8.43713e-06 -8.3364e-06 1.73746e-07  3.66195e-06 -3.61917e-06 4.84448e-08  5.73769e-06 -5.67149e-06 9.02744e-08  3.99315e-06 -3.9471e-06 6.90206e-08  4.33771e-06 -4.28828e-06 9.41784e-08  1.94257e-06 -1.92101e-06 6.08837e-08  1.46352e-06 -1.44688e-06 3.31622e-08  1.09038e-06 -1.07754e-06 2.07874e-08  8.52446e-07 -8.42711e-07 1.79252e-08  6.787e-07 -6.70869e-07 1.2685e-08  5.47516e-07 -5.41058e-07 7.23386e-09  4.15059e-07 -4.1004e-07 6.47705e-09  3.39669e-07 -3.35214e-07 4.08518e-09  2.59416e-07 -2.55562e-07 3.53266e-09  2.01516e-07 -1.97462e-07 2.53432e-09  1.71995e-07 -1.66645e-07 1.65104e-09  1.53541e-07 -1.46344e-07 8.94009e-10  1.20424e-07 -1.13556e-07 6.17258e-10  8.43104e-08 -7.98779e-08 4.2832e-10  5.34568e-08 -5.15698e-08 3.32885e-10  6.10951e-08 -6.06516e-08 2.61465e-10  9.45551e-08 -9.65855e-08 1.36565e-09  7.28543e-08 -7.06623e-08 -1.15777e-09  3.79341e-08 -3.80826e-08 2.81238e-10  1.6604e-08 -1.80259e-08 -6.84893e-10  3.57293e-09 -3.69919e-09 9.61486e-11  0.00175894 -0.00137297 -3.15259e-05  0.000430717 -0.00031803 -9.98742e-07  0.000356404 -0.000261412 -1.3015e-05  0.000353782 -0.000243245 1.28862e-06  0.000389453 -0.000269535 4.98875e-06  0.000332392 -0.000227666 5.57577e-06  0.000218537 -0.0001469 5.94324e-06  0.000125839 -8.41791e-05 3.66509e-06  7.8247e-05 -5.28799e-05 1.76145e-06  5.60884e-05 -3.82342e-05 9.32148e-07  5.94643e-05 -4.09848e-05 4.77514e-07  5.36187e-05 -3.71581e-05 2.89887e-07  4.50429e-05 -3.12503e-05 2.53964e-07  3.40453e-05 -2.36028e-05 1.91801e-07  2.03228e-05 -1.40199e-05 1.89209e-07  1.58011e-05 -1.09205e-05 1.1345e-07  1.14324e-05 -7.90015e-06 1.32405e-07  2.28697e-05 -1.585e-05 1.8671e-07  1.02752e-05 -7.12375e-06 9.89732e-08  8.90609e-06 -6.17397e-06 8.00538e-08  6.96839e-06 -4.8313e-06 6.34196e-08  5.73371e-06 -3.9711e-06 7.56756e-08  5.24618e-06 -3.63864e-06 4.61865e-08  4.65079e-06 -3.22331e-06 5.51013e-08  0 0 0  3.62674e-06 -2.51505e-06 3.46835e-08  2.54724e-06 -1.76477e-06 3.36623e-08  1.87286e-06 -1.2975e-06 2.81561e-08  1.41906e-06 -9.8364e-07 1.78344e-08  1.85511e-06 -1.28522e-06 2.50458e-08  5.81369e-07 -4.03387e-07 8.53425e-09  4.90799e-07 -3.39992e-07 6.78836e-09  3.82661e-07 -2.65259e-07 3.33644e-09  2.94476e-07 -2.03923e-07 3.08849e-09  2.3305e-07 -1.61434e-07 1.72068e-09  1.88912e-07 -1.30891e-07 1.53405e-09  1.51463e-07 -1.04689e-07 9.06199e-10  1.25132e-07 -8.60961e-08 4.37979e-10  1.02452e-07 -6.99716e-08 2.37462e-10  8.32758e-08 -5.63699e-08 3.57517e-10  6.97157e-08 -4.71612e-08 4.11427e-10  4.7919e-08 -3.26011e-08 3.49642e-10  3.57913e-08 -2.46888e-08 3.2838e-10  4.58797e-08 -3.20403e-08 3.2853e-10  4.92663e-08 -3.41265e-08 -2.84735e-10  3.04918e-08 -2.0436e-08 -5.01041e-10  1.92604e-08 -1.40094e-08 7.91917e-10  3.87587e-08 -3.09148e-08 1.14108e-10  2.83925e-08 -2.19285e-08 -8.90007e-11  0.0011117 -0.00061213 -1.18735e-05  0.000547941 -0.000297626 -3.96531e-05  0.000859374 -0.000479621 -1.11929e-05  0.000861378 -0.000490028 6.19613e-06  0.000765539 -0.000439492 1.75641e-05  0.000540417 -0.000308691 1.604e-05  0.000335482 -0.000189655 9.58684e-06  0.000198482 -0.000112617 4.47137e-06  0.000127607 -7.26164e-05 2.13534e-06  0.000120297 -6.86866e-05 7.84942e-07  0.000121177 -6.9147e-05 4.75154e-07  0.000105726 -6.03147e-05 5.19844e-07  8.08426e-05 -4.60494e-05 4.27078e-07  5.13418e-05 -2.93789e-05 3.97727e-07  3.68485e-05 -2.10476e-05 2.78308e-07  2.5746e-05 -1.47678e-05 3.00522e-07  2.31412e-05 -1.32526e-05 2.08245e-07  2.38369e-05 -1.36141e-05 2.14826e-07  2.25397e-05 -1.2885e-05 1.85966e-07  2.0146e-05 -1.15356e-05 1.79018e-07  1.61475e-05 -9.19907e-06 1.47161e-07  1.28251e-05 -7.33408e-06 1.6244e-07  1.15681e-05 -6.61397e-06 1.34589e-07  1.04511e-05 -5.97875e-06 1.23537e-07  8.59663e-06 -4.91196e-06 8.51029e-08  6.1375e-06 -3.5098e-06 7.34721e-08  4.81208e-06 -2.7519e-06 5.41351e-08  3.47999e-06 -1.99797e-06 4.46376e-08  2.49511e-06 -1.4285e-06 3.55203e-08  1.96551e-06 -1.12468e-06 2.36714e-08  1.45592e-06 -8.31369e-07 1.49171e-08  1.10877e-06 -6.35089e-07 1.77757e-08  9.05925e-07 -5.20869e-07 1.00079e-08  6.83064e-07 -3.91195e-07 8.00897e-09  5.48587e-07 -3.1412e-07 5.28923e-09  4.57332e-07 -2.60743e-07 2.8641e-09  3.56572e-07 -2.03814e-07 2.84435e-09  2.82065e-07 -1.60996e-07 2.10715e-09  2.40601e-07 -1.35659e-07 1.28632e-09  9.21291e-08 -6.26622e-08 5.5282e-10  7.60688e-08 -5.14132e-08 5.08616e-10  5.4675e-08 -3.70668e-08 1.81505e-10  8.90833e-08 -5.00398e-08 3.48953e-10  8.51699e-08 -4.81381e-08 2.10351e-10  9.22774e-08 -5.36186e-08 3.18421e-10  4.58049e-08 -3.13683e-08 2.7162e-10  4.9604e-08 -2.72564e-08 1.94244e-10  2.63002e-08 -1.41504e-08 2.99609e-10  1.80369e-09 -9.95305e-10 1.10642e-11  0.00098841 -0.00044711 -1.6938e-05  0.000569583 -0.000267769 -3.92955e-06  0 0 0  0.000492981 -0.000222014 -3.67517e-06  0.000447623 -0.000207466 3.16814e-06  0.00035616 -0.000168482 6.94556e-06  0.000217852 -0.000103912 6.29508e-06  0.000149382 -7.10276e-05 3.69873e-06  8.93323e-05 -4.21275e-05 1.71802e-06  6.49025e-05 -3.04501e-05 9.27426e-07  6.4356e-05 -2.98156e-05 4.47291e-07  5.98875e-05 -2.76893e-05 2.14521e-07  4.95201e-05 -2.29375e-05 2.72097e-07  3.47639e-05 -1.61139e-05 1.92287e-07  2.32545e-05 -1.08067e-05 1.76332e-07  1.56396e-05 -7.25144e-06 1.46475e-07  1.23466e-05 -5.73109e-06 1.34484e-07  1.2697e-05 -5.87084e-06 8.40927e-08  2.34848e-05 -1.08677e-05 2.02756e-07  9.35377e-06 -4.32312e-06 8.46766e-08  7.44737e-06 -3.4398e-06 7.51663e-08  6.382e-06 -2.9533e-06 7.27658e-08  5.80977e-06 -2.6834e-06 6.42598e-08  5.10757e-06 -2.36077e-06 5.40343e-08  0 0 0  4.02714e-06 -1.86175e-06 3.7765e-08  2.83895e-06 -1.31329e-06 3.37954e-08  2.15497e-06 -9.96025e-07 2.15367e-08  1.59054e-06 -7.35229e-07 1.9524e-08  1.15114e-06 -5.32926e-07 1.60457e-08  1.55505e-06 -7.18943e-07 1.70872e-08  5.39858e-07 -2.4939e-07 5.30789e-09  4.19181e-07 -1.93841e-07 4.12021e-09  3.15631e-07 -1.46038e-07 3.23942e-09  2.65687e-07 -1.22758e-07 1.70231e-09  2.03147e-07 -9.38458e-08 1.61496e-09  1.72038e-07 -7.93924e-08 1.13796e-09  1.36475e-07 -6.28272e-08 9.57894e-10  1.06386e-07 -4.87569e-08 5.37539e-10  1.90567e-07 -8.7101e-08 8.03587e-10  1.57154e-07 -7.17111e-08 6.95257e-10  1.17632e-07 -5.38748e-08 4.8795e-10  4.92778e-08 -2.2703e-08 1.45452e-10  3.79744e-08 -1.75914e-08 1.27349e-10  4.39865e-08 -2.02362e-08 1.13656e-10  7.40116e-08 -3.36898e-08 -2.07422e-10  2.42121e-08 -1.16054e-08 -2.17216e-10  0 0 0  1.92665e-09 -8.08195e-10 9.06285e-11  0.00176276 -0.000501494 -1.00694e-05  0.00131086 -0.000364064 -4.09778e-05  0.000567969 -0.000153435 -1.06034e-05  0.00107819 -0.000286887 -7.2346e-06  0.000923575 -0.000239521 1.20874e-05  0.000706347 -0.000178186 1.60833e-05  0.000447355 -0.000111429 1.14209e-05  0.000262777 -6.5761e-05 5.79852e-06  0.00015707 -3.99198e-05 2.6798e-06  0.000135943 -3.51956e-05 1.43805e-06  0.000137547 -3.60702e-05 8.04817e-07  0.000128216 -3.37998e-05 6.27103e-07  0.000100938 -2.66915e-05 6.23284e-07  7.18121e-05 -1.89605e-05 4.47257e-07  4.45324e-05 -1.1764e-05 4.7035e-07  3.00088e-05 -7.9219e-06 3.824e-07  2.56603e-05 -6.78854e-06 3.14693e-07  2.61161e-05 -6.91839e-06 2.6163e-07  3.73137e-05 -9.90804e-06 2.72204e-07  2.0646e-05 -5.48761e-06 2.66799e-07  1.63535e-05 -4.34097e-06 2.35683e-07  1.33918e-05 -3.55556e-06 2.06396e-07  1.24236e-05 -3.30165e-06 1.55382e-07  1.14904e-05 -3.05447e-06 8.78298e-08  9.31135e-06 -2.47542e-06 1.34266e-07  3.60899e-06 -9.58613e-07 5.53304e-08  5.54796e-06 -1.47331e-06 9.08474e-08  4.07703e-06 -1.08233e-06 7.90244e-08  4.29767e-06 -1.14151e-06 8.82998e-08  1.10536e-06 -2.93451e-07 1.50559e-08  1.69614e-06 -4.50377e-07 2.52765e-08  1.9388e-06 -5.15215e-07 1.98819e-08  9.3921e-07 -2.4943e-07 1.23616e-08  7.19212e-07 -1.91089e-07 1.03466e-08  5.70199e-07 -1.51303e-07 6.05113e-09  4.49107e-07 -1.19186e-07 4.41959e-09  3.78421e-07 -1.00443e-07 2.90007e-09  3.07284e-07 -8.13319e-08 2.71808e-09  2.33482e-07 -6.17255e-08 1.66657e-09  1.95262e-07 -5.15535e-08 1.05953e-09  1.50069e-07 -3.96422e-08 9.77396e-10  1.27616e-07 -3.37262e-08 6.13702e-10  1.09852e-07 -2.91029e-08 3.31375e-10  9.92844e-08 -2.62236e-08 3.5843e-10  7.49492e-08 -1.97424e-08 2.31017e-10  6.69484e-08 -1.78019e-08 1.57433e-10  2.80377e-08 -7.59165e-09 -5.58537e-11  3.05246e-08 -8.53979e-09 4.15842e-10  -1.13229e-09 3.34888e-10 -1.28295e-10  0.00146639 -0.000139724 -3.68541e-06  0.000601099 -6.66435e-05 -1.59666e-05  0.000597813 -6.42835e-05 -1.48585e-05  0.000544473 -5.30146e-05 -3.08688e-07  0.00044841 -4.54263e-05 8.61557e-06  0.000334746 -3.43135e-05 8.54839e-06  0.000202538 -2.04828e-05 4.97177e-06  0.000120205 -1.16431e-05 2.17721e-06  7.57426e-05 -6.98077e-06 9.13854e-07  6.81308e-05 -6.00914e-06 4.06567e-07  7.05866e-05 -6.15206e-06 2.37021e-07  6.51694e-05 -5.71482e-06 2.32744e-07  4.89388e-05 -4.31764e-06 2.5185e-07  3.41645e-05 -3.04455e-06 2.10776e-07  2.03065e-05 -1.80441e-06 2.07386e-07  1.43238e-05 -1.27529e-06 1.83019e-07  1.30738e-05 -1.15511e-06 1.44015e-07  1.33993e-05 -1.1737e-06 1.24535e-07  1.29053e-05 -1.11703e-06 1.18585e-07  1.1117e-05 -9.61455e-07 1.32567e-07  9.02374e-06 -7.88429e-07 1.1867e-07  7.08127e-06 -6.1941e-07 1.06813e-07  6.44784e-06 -5.61776e-07 9.3922e-08  5.97805e-06 -5.17428e-07 7.89152e-08  4.96911e-06 -4.31918e-07 6.96971e-08  3.66237e-06 -3.194e-07 5.36607e-08  2.65133e-06 -2.31917e-07 4.24504e-08  1.9709e-06 -1.72493e-07 3.72992e-08  1.49369e-06 -1.30751e-07 2.79898e-08  1.12528e-06 -9.80931e-08 1.52202e-08  8.37328e-07 -7.31212e-08 1.07224e-08  6.57136e-07 -5.71285e-08 7.49983e-09  4.99332e-07 -4.35382e-08 6.14432e-09  3.94254e-07 -3.44231e-08 5.03782e-09  3.08632e-07 -2.6866e-08 3.10685e-09  2.45554e-07 -2.14449e-08 2.47562e-09  2.19056e-07 -1.91018e-08 1.62053e-09  1.57111e-07 -1.36308e-08 1.44843e-09  1.23012e-07 -1.06408e-08 9.60798e-10  1.02173e-07 -8.84492e-09 6.42176e-10  7.77923e-08 -6.74246e-09 5.18831e-10  6.40251e-08 -5.55181e-09 3.85227e-10  5.69694e-08 -4.94687e-09 2.04535e-10  4.38498e-08 -3.78932e-09 1.77452e-10  3.61664e-08 -3.15553e-09 1.20004e-10  2.82215e-08 -2.51866e-09 8.95162e-11  2.853e-08 -2.53881e-09 1.21831e-10  1.38536e-08 -1.24851e-09 -4.65475e-11  3.07967e-10 1.77721e-11 -7.9585e-11  
            </DataArray>
         </PointData> 
      </Piece>
   </UnstructuredGrid> 
</VTKFile>
