<?xml version="1.0"?>
<VTKFile type="UnstructuredGrid" version="0.1" byte_order="LittleEndian">
   <UnstructuredGrid>
      <Piece NumberOfPoints="1126" NumberOfCells="0" > 
         <Points> 
            <DataArray type="Float64" Name="Position" NumberOfComponents="3" format="ascii"> 
               -0.00460669  -0.00193719  0.048973  
               -0.00456781  -0.00200993  0.0494405  
               0.00160798  -0.00471205  0.037189  
               0.00200235  -0.00457186  0.0356426  
               -0.00139233  -0.00477747  0.0491934  
               -0.00220156  -0.00446538  0.0493789  
               0.00144515  -0.00476144  0.000519076  
               0.00055569  -0.00494527  0.0428234  
               -0.000726652  -0.00492843  0.0430252  
               -0.000329968  -0.0049675  0.0418745  
               0.00212629  0.00450561  0.0493708  
               0.0039017  -0.00308936  0.000931061  
               0.00492654  -0.000745812  0.000639472  
               0.00158607  0.0047187  0.00947666  
               0.00235331  0.00438427  0.0106703  
               0.00305025  0.00393379  0.00917739  
               -0.00328297  -0.00374281  0.0489824  
               0.00362748  -0.00342349  0.000621582  
               -2.70975e-05  0.00499733  0.0489422  
               0.000860549  0.00491524  0.0484703  
               -0.000320539  0.00496843  0.0474879  
               0.00465954  0.00178107  0.000747089  
               0.00446995  0.00219301  0.000660817  
               0.00277785  -0.00415735  0.0494309  
               -0.000541918  -0.00494663  0.0494155  
               -0.00471424  -0.00160076  0.0492902  
               0.00490393  -0.000975452  0.0493445  
               0.00282105  0.00412189  0.000766351  
               0.0031146  -0.00388099  0.0492498  
               0.00374281  -0.00328297  0.0493879  
               0.00346852  0.00359053  0.000640672  
               0.00402934  0.00293383  0.000826627  
               -0.0018087  -0.00465116  0.0485934  
               -0.00170791  0.00468174  0.000893579  
               -0.00218173  0.00447598  0.000661621  
               -0.00216439  0.00448525  0.00251426  
               0.00446538  -0.00220156  0.0493674  
               0.00281927  -0.00412336  0.0489452  
               0.00496479  0.000357461  0.00554857  
               0.00493509  0.000659086  0.00662799  
               0.00495694  -0.000437193  0.00686191  
               -0.0015826  -0.00471975  0.00106305  
               -0.000709477  -0.00493012  0.00153217  
               0.00345094  -0.00360496  0.0487281  
               0.00334747  -0.00368988  0.047679  
               0.00263182  -0.0042354  0.0482347  
               -0.00309965  0.00389326  0.0171823  
               -0.00382784  0.00317936  0.0175693  
               -0.00133353  0.0047953  0.000590372  
               0.00210912  0.00451479  0.00103012  
               0.00242218  0.00434746  0.000712353  
               -0.0031642  -0.00384028  0.00120854  
               -0.00241032  -0.0043538  0.000966192  
               0.00375506  0.00326804  0.00145335  
               0.00459897  0.00195164  0.00206904  
               0.00372093  0.00330962  0.00239369  
               0.00204124  0.00455107  0.000559948  
               0.00446995  0.00219301  0.00123799  
               -0.00465459  0.00179741  0.00292777  
               -0.00439295  0.00233707  0.00193126  
               -0.00470852  0.0016196  0.00198529  
               0.00118389  -0.0048407  0.0494153  
               -0.00177342  0.00466186  0.0491404  
               -0.00200909  -0.00456826  0.000644285  
               0.00496893  -0.000315496  0.00098358  
               0.00498864  0.000115337  0.000617708  
               -0.00491673  0.000845485  0.0382039  
               -0.00490619  -0.000952446  0.0378922  
               -0.00496255  -0.000380251  0.0369558  
               0.00313435  0.00386477  0.000986872  
               -0.000592085  -0.00494168  0.0168272  
               -0.00031728  -0.00496875  0.0155755  
               -0.0031642  -0.00384028  0.000558407  
               -0.00280948  -0.00413139  0.000646067  
               -0.00329239  0.00373508  0.0494205  
               0.00498207  0.000182048  0.00184135  
               -0.00115057  -0.0048508  0.000589541  
               -0.000268126  -0.00497359  0.0312726  
               0.000865782  -0.00491473  0.0316316  
               0.00308673  -0.00390386  0.0408176  
               0.00387264  -0.00312477  0.0414405  
               -0.000709477  -0.00493012  0.000799284  
               0.00181565  -0.00464905  0.0486639  
               0.00118389  -0.0048407  0.0489248  
               -0.000302776  -0.00497018  0.000577366  
               0.00357428  0.00348833  0.04829  
               0.00359097  0.00346798  0.0473824  
               0.00477133  -0.00141256  0.0492505  
               0.00465116  -0.0018087  0.0494652  
               -0.000471224  0.00495359  0.0493952  
               0.0019825  -0.00458247  0.0221109  
               0.00317204  -0.00383385  0.0228372  
               -0.00439147  -0.00233984  0.0305348  
               0.00206269  0.00453961  0.016277  
               0.00276219  0.00416572  0.0150202  
               0.00307496  0.00391352  0.0163742  
               0.00385489  0.0031464  0.0490609  
               -0.00435937  0.0023999  0.0186585  
               -0.00442263  0.00228154  0.0200365  
               -0.00486287  0.00111078  0.0191247  
               -0.00134589  0.00479156  0.049395  
               -0.00494207  0.000588188  0.049335  
               0.00103133  -0.00488698  0.00365727  
               0.00254311  -0.00428282  0.00362288  
               0.0018011  -0.00465347  0.00304545  
               0.00462706  0.00188815  0.0142772  
               0.00490868  0.000927155  0.0132928  
               -0.0046053  0.0019398  0.0490015  
               -0.0046053  0.0019398  0.0494491  
               0.00484535  -0.00116854  0.00133133  
               -0.00458211  -0.00198317  0.0010801  
               0.00289487  0.00406131  0.0493716  
               0.00467538  -0.00172887  0.00378754  
               0.00417103  -0.00275225  0.00202276  
               0.00405424  -0.00290349  0.00362402  
               -0.00493563  -0.000653604  0.000832155  
               -0.00348843  -0.00357419  0.000728813  
               -0.00437404  -0.00237244  0.0472217  
               -0.000541918  -0.00494663  0.0489253  
               0.000325151  -0.00496798  0.0491569  
               -0.00294623  -0.00401917  0.0493798  
               -0.00360496  -0.00345094  0.0494293  
               -0.00389297  0.0031  0.000579026  
               -0.0032683  0.00375485  0.000576398  
               -0.00360435  0.00345168  0.000731285  
               0.00457846  -0.00199001  0.000574555  
               0.00417103  -0.00275225  0.000621103  
               0.000860549  0.00491524  0.049202  
               -0.00152331  0.00473774  0.00335005  
               -0.00160522  0.00471289  0.00473283  
               -0.000806583  0.00492056  0.00403441  
               0.00239643  -0.00436122  0.0232657  
               0.00339592  -0.00365011  0.0238269  
               -0.00315359  0.00384899  0.00830286  
               -0.00291931  0.00404125  0.00692363  
               -0.00191497  0.00461857  0.0071687  
               0.00297872  -0.0039925  0.000825007  
               0.00437494  -0.00237077  0.00108321  
               0.0018581  -0.00463618  0.000619668  
               0.00144515  -0.00476144  0.000926498  
               -0.00138183  -0.00478065  0.00669094  
               0.00122412  0.00482849  0.00156352  
               0.00494871  -0.000520792  0.0492639  
               0.000875595  -0.00491376  0.00130593  
               0.0018581  -0.00463618  0.00194485  
               0.000603286  -0.00494058  0.000660413  
               -0.00294591  0.00401942  0.0492406  
               -0.00492481  0.000763448  0.000801445  
               -0.00478488  0.00136791  0.000685958  
               0.00471124  0.00161066  0.0490532  
               0.00455949  0.0020255  0.0493706  
               0.00241955  0.00434886  0.00489836  
               0.0025034  0.00430405  0.00345401  
               0.0031931  0.00381656  0.0037968  
               0.00401917  -0.00294623  0.0490989  
               -0.000915408  0.00490984  0.0491406  
               -0.000645703  -0.0049364  0.00251569  
               0.000860585  -0.00491524  0.00246484  
               0.00332445  -0.00370876  0.0383299  
               -0.000849478  -0.00491633  0.0472765  
               0.00331297  -0.00371819  0.00144961  
               0.00382785  -0.00317935  0.0467244  
               -0.00147564  -0.00475219  0.00568086  
               0.00477841  0.00138923  0.000960172  
               0.00466416  0.00176587  0.00121653  
               0.00129203  0.00480789  0.0494137  
               0.00171818  0.00467862  0.0489434  
               -0.00091689  0.00490969  0.00051962  
               -0.00493027  -0.00070803  0.0490194  
               -0.00471424  -0.00160076  0.0486558  
               0.00441891  0.00228851  0.0469543  
               0.00462299  0.00190157  0.0480705  
               0.0048885  0.00102629  0.0467781  
               -0.00258575  -0.00426003  0.0490711  
               0.000373196  0.00496324  0.000559487  
               -5.70684e-05  0.00499438  0.000712726  
               0.000297996  0.00497065  0.00103067  
               0.00262539  -0.00423884  0.000587789  
               -0.00495619  0.000444845  0.0116668  
               -0.00490947  -0.000919187  0.0115808  
               -0.00496542  0.000351071  0.0129559  
               0.0027707  -0.00416117  0.00957373  
               0.00257259  -0.00426706  0.0106679  
               -0.00499225  7.87121e-05  0.00110401  
               -0.00460335  0.00194344  0.047883  
               0.00301323  0.00396418  0.0466006  
               -0.00332702  0.00370665  0.0256473  
               -0.00285015  0.00409801  0.0246867  
               -0.00096725  -0.00490473  0.0131268  
               -0.00231659  -0.0044039  0.0129125  
               0.00436277  -0.00239352  0.0324924  
               0.0016379  0.00470298  0.000874665  
               0.00491243  0.000889072  0.0477575  
               -0.00459067  0.00196716  0.00104357  
               0.00483697  0.00119618  0.00170021  
               0.00494627  0.00054548  0.000919325  
               -0.00426307  0.00258005  0.0302056  
               -0.00356471  0.00349998  0.0315334  
               -0.00497969  0.000206226  0.0489112  
               -0.00494207  0.000588188  0.0479497  
               -0.00302921  0.00395106  0.0428455  
               0.00495057  -0.000501827  0.0487881  
               0.00490393  -0.000975452  0.0487715  
               0.00471987  -0.00158219  0.000774727  
               -0.00362087  0.00343155  0.0494498  
               -0.00228905  -0.00441862  0.00424504  
               -0.0015826  -0.00471975  0.00273184  
               -0.000900222  -0.00491134  0.00363452  
               0.00454505  -0.00205252  0.0411614  
               0.0048193  -0.00125444  0.0401778  
               0.00455975  -0.00202501  0.0392656  
               0.00122412  0.00482849  0.000602455  
               0.0040323  -0.00293023  0.0332894  
               0.00453236  -0.00207624  0.0335201  
               0.00482022  -0.00125138  0.0458763  
               0.00499808  1.95244e-05  0.045295  
               0.004858  -0.00112684  0.0443596  
               0.00421134  -0.00267683  0.0243275  
               0.000289553  0.00497148  0.00385996  
               0.00196206  0.0045934  0.0470062  
               0.00289487  0.00406131  0.0482934  
               0.00251873  0.00429585  0.0490596  
               0.00124047  -0.00482353  0.0481088  
               0.00200993  -0.00456781  0.049328  
               -0.00257441  0.00426609  0.0487159  
               -0.00234982  0.00438614  0.0471137  
               -0.00134589  0.00479156  0.0484794  
               -0.00484235  0.00117845  0.00134909  
               -0.0043627  -0.00239366  0.0490104  
               -0.0031449  0.00385612  0.00938227  
               -0.00362814  0.00342269  0.0102447  
               -0.00390128  0.00308988  0.0093047  
               -0.00332028  -0.00371219  0.0310328  
               -0.00210252  -0.00451832  0.0322683  
               -0.00189307  -0.00462557  0.0309241  
               -0.00474136  0.00151137  0.04939  
               -0.00176917  -0.00466316  0.0138002  
               0.000417233  0.00495891  0.0494131  
               0.00187926  0.00462976  0.00167426  
               0.00145379  0.00475883  0.00225138  
               0.0048283  0.00122475  0.0493796  
               0.00323809  0.00377964  0.0490595  
               -0.00427951  -0.0025493  0.0459901  
               0.00465116  -0.0018087  0.0490358  
               -0.00474225  0.00150841  0.00836831  
               0.00435081  0.00241591  0.0489187  
               0.0041362  0.00280362  0.0493723  
               0.00200993  -0.00456781  0.0479998  
               0.00462908  -0.0018815  0.0475827  
               0.00470702  -0.00162458  0.0481034  
               0.00483699  -0.0011961  0.0477954  
               0.00385489  0.0031464  0.049477  
               0.00342822  0.00362361  0.0436348  
               0.00404777  0.00291138  0.0445795  
               0.00392394  0.00306226  0.0457276  
               0.0039017  -0.00308936  0.000521064  
               -0.00496807  -0.000324195  0.0493771  
               0.0041362  0.00280362  0.0479846  
               -0.00220156  -0.00446538  0.0469429  
               -0.00442985  0.00226804  0.00963771  
               -0.00486882  0.00109119  0.0105134  
               -0.00438214  0.0023573  0.0108464  
               -0.00258575  -0.00426003  0.049481  
               -0.00418035  -0.00273481  0.0394671  
               -0.0045236  -0.00209264  0.041254  
               -4.0336e-05  -0.00499603  0.00174019  
               0.00155261  -0.00472885  0.0113523  
               -0.00182918  0.00464495  0.0358232  
               -0.00209369  -0.00452304  0.00189744  
               0.00395503  0.00302438  0.0418706  
               0.00445656  0.00221806  0.0411219  
               0.00357351  0.00348927  0.0493721  
               -0.00439295  0.00233707  0.000639557  
               -0.00417664  0.00274176  0.000527436  
               -0.00475979  0.00145062  0.0462851  
               -0.00498468  -0.000155563  0.0471633  
               -0.00425777  -0.00258998  0.000755944  
               -0.00389718  -0.00309487  0.00108632  
               -0.00427486  -0.00255799  0.00157127  
               0.00258965  -0.00425794  0.0025406  
               0.00490396  0.000975104  0.000617259  
               -0.00486013  0.00111982  0.0490714  
               -0.0049151  0.000862  0.00196025  
               -0.00389297  0.0031  0.00360185  
               -0.00492418  0.000769846  0.044976  
               -0.00316208  -0.00384202  0.0144819  
               -0.00381835  -0.00319092  0.0140847  
               -0.00341081  -0.00363789  0.0154353  
               -0.00388099  -0.0031146  0.0485558  
               0.000803405  0.00492087  0.000874252  
               4.28867e-05  -0.00499578  0.0363621  
               0.00105282  -0.00488046  0.000722787  
               -0.00290687  0.00405147  0.0306249  
               0.00446288  0.00220624  0.0160652  
               0.00431474  0.00248339  0.0150426  
               0.00477841  0.00138923  0.000534007  
               -0.00241032  -0.0043538  0.000537489  
               -0.00271595  0.00419044  0.0331452  
               0.000538396  -0.00494697  0.0473781  
               0.00021372  -0.00497895  0.00108404  
               -0.0049455  0.000553334  0.00737865  
               -0.00493137  -0.000696779  0.00767567  
               0.00410441  0.00284235  0.0296435  
               0.00347252  0.00358725  0.0298909  
               0.00415066  0.002786  0.0307516  
               0.00417692  -0.00274123  0.017341  
               0.00361713  -0.00343611  0.0168422  
               0.00381218  -0.00319844  0.0181794  
               -0.00291931  0.00404125  0.00080145  
               -0.00418188  0.00273195  0.0493135  
               -0.00389035  0.00310318  0.0492262  
               -0.00134589  0.00479156  0.0469927  
               0.00323378  0.00378318  0.0337014  
               0.00404653  0.00291289  0.0339496  
               0.00433909  0.00243784  0.034903  
               0.00462694  0.00188856  0.0359453  
               0.00242218  0.00434746  0.00134788  
               0.00151124  0.0047414  0.0272731  
               0.00455399  0.00203578  0.0458139  
               0.00483269  0.0012103  0.0443319  
               -0.00343053  -0.00362171  0.0482725  
               -0.00366465  -0.00337821  0.0472791  
               -0.00298432  -0.0039879  0.0477953  
               -0.00236447  0.00437831  0.0460065  
               -0.00274216  0.00417642  0.0443464  
               -0.00415735  -0.00277785  0.0494292  
               0.00088075  -0.00491325  0.0162229  
               0.000947886  0.00490664  0.020251  
               -0.00383633  0.00316901  0.00245724  
               -0.00133353  0.0047953  0.00168248  
               0.00458315  -0.00198123  0.00709132  
               0.00481417  -0.00127133  0.00592485  
               -0.0006065  -0.00494026  0.0386546  
               -0.000513945  -0.00494938  0.0396567  
               0.00496601  -0.00034509  0.0171083  
               -0.00388099  -0.0031146  0.0492428  
               0.00224434  -0.00444252  0.00104704  
               0.00499116  8.97942e-05  0.0483349  
               -0.00129662  -0.0048065  0.0175232  
               -0.00223214  -0.00444904  0.016779  
               -0.00128418  -0.00481027  0.0160161  
               0.00144964  -0.00476008  0.046665  
               -0.000497353  0.00495101  0.00307581  
               -0.000990233  0.00489944  0.00242109  
               -0.00317259  0.00383339  0.0485408  
               0.00418566  0.00272489  0.0258044  
               0.00453507  0.00207119  0.0249786  
               -0.00254215  0.00428333  0.00138348  
               -0.00417664  0.00274176  0.000942246  
               -0.00383446  0.0031713  0.00105926  
               0.0049292  0.000718823  0.0493197  
               -0.00418188  0.00273195  0.0487067  
               -0.00165578  0.00469755  0.0450367  
               -0.0013338  0.00479522  0.0434398  
               -0.00444045  -0.0022482  0.0244864  
               -0.00415415  -0.00278175  0.0236768  
               0.00248903  0.00431173  0.0331426  
               0.00157  0.00472357  0.0331908  
               0.00218884  0.00447218  0.0340916  
               0.00269167  0.00420341  0.0371015  
               0.00283485  0.00411057  0.0381836  
               0.00355578  0.00351086  0.0376173  
               0.00479398  -0.00133789  0.0234308  
               0.00499987  1.30523e-06  0.0231523  
               0.00426003  -0.00258575  0.048376  
               0.00416377  -0.00276583  0.0474769  
               0.00449125  -0.00215317  0.0480831  
               0.00239366  -0.0043627  0.0489272  
               -0.00091689  0.00490969  0.000927513  
               -0.00420542  -0.00268792  0.0484073  
               -0.00401947  0.00294585  0.021869  
               -0.00304379  0.0039391  0.0209119  
               -0.00274958  0.00417246  0.0221883  
               0.00273508  0.00418021  0.00182876  
               0.00282442  0.00411913  0.00124104  
               -0.00217951  0.00447717  0.049395  
               0.00264061  0.0042307  0.0455914  
               -2.56631e-05  -0.00499747  0.0233609  
               0.00085216  -0.00491607  0.0226743  
               0.000905026  -0.00491086  0.0238552  
               -0.000661252  0.00493487  0.00166959  
               0.00384666  -0.00315643  0.0046434  
               0.00390874  -0.00308078  0.00566597  
               0.00320808  -0.00380427  0.00524606  
               -0.00362087  0.00343155  0.0490027  
               -0.00364272  -0.00340492  0.0125703  
               -0.00430661  -0.00249859  0.0133265  
               0.00468771  0.00168823  0.0341704  
               -0.00109526  -0.00486758  0.0270601  
               0.000608526  -0.00494007  0.0277203  
               -0.000579528  -0.00494292  0.0282045  
               -0.00465094  -0.00180944  0.0275069  
               -0.00470527  -0.00163033  0.0254095  
               -0.00492099  -0.00080225  0.0272295  
               -0.00317249  0.00383347  0.0475661  
               0.0043982  -0.00232724  0.0295262  
               0.00470938  -0.00161679  0.0304448  
               0.00402267  -0.00294196  0.0396826  
               -0.000292531  -0.00497119  0.00108357  
               -0.00206734  0.00453713  0.0426934  
               -0.00251221  0.00429934  0.00428689  
               -0.00389533  0.00309713  0.00480689  
               -0.0010628  0.00487743  0.0299494  
               -0.00199157  0.00457763  0.0309152  
               0.00421184  -0.00267591  0.0126239  
               0.0033328  -0.00370191  0.0115638  
               -0.0040174  0.00294838  0.00174273  
               0.000543035  -0.00494652  0.017454  
               -0.00375062  0.00327345  0.0481159  
               0.000325151  -0.00496798  0.0483762  
               -0.00468912  -0.00168359  0.0021757  
               -0.00493929  -0.000616405  0.00185935  
               0.00326432  0.00375811  0.0184676  
               0.0021414  0.00449754  0.0187265  
               0.00271537  0.00419074  0.0176614  
               0.00498927  -0.000108907  0.0490543  
               -0.00275673  -0.00416864  0.0363584  
               0.00473642  0.00152765  0.0369051  
               0.00441334  0.00229892  0.0375086  
               0.00492089  0.00080319  0.0391848  
               0.0049954  -4.67415e-05  0.0403112  
               0.00291044  0.00404853  0.0351759  
               -0.00377174  -0.00324772  0.0419357  
               -0.00367249  -0.00336865  0.0406011  
               -0.00256809  -0.00426947  0.0422023  
               0.00115397  -0.00484977  0.0193198  
               0.00149459  -0.00474645  0.0183118  
               -0.000410696  0.00495955  0.00103067  
               -0.00381837  0.0031909  0.0470964  
               -0.00314558  0.00385556  0.0465921  
               -0.00467669  0.00172454  0.0221205  
               -0.00490756  0.000938585  0.0212418  
               0.00324845  0.00377113  0.00480862  
               -0.00367074  0.00337079  0.0283976  
               -0.0028509  0.00409739  0.0284768  
               -0.00406721  0.00288769  0.0477336  
               -0.0043136  0.00248553  0.0481492  
               -0.00347768  -0.00358301  0.00355674  
               -0.0031642  -0.00384028  0.00475288  
               -0.000487432  0.00495199  0.000560129  
               0.00498426  0.000159765  0.0363883  
               0.0044274  -0.00227261  0.0488114  
               -0.00214877  0.0044936  0.0267785  
               -0.00325816  0.00376317  0.00111545  
               0.00384365  -0.0031601  0.0290539  
               0.000593949  0.0049415  0.0374722  
               0.000934891  0.00490792  0.0390462  
               0.00313659  -0.00386294  0.0395491  
               0.00216488  -0.00448499  0.0410838  
               -0.00475187  -0.0014767  0.039834  
               0.00488792  -0.0010282  0.0163588  
               -0.00262827  -0.0042373  0.00288917  
               0.00256848  0.00426926  0.00239571  
               -0.00462421  0.00189754  0.0484787  
               -0.00351821  -0.00354975  0.0214102  
               -0.00390285  -0.00308796  0.0227552  
               -0.00231996  -0.0044021  0.00661043  
               -0.00325141  -0.00376871  0.00583356  
               -0.000818776  0.00491936  0.0457579  
               -0.00481411  -0.00127153  0.0198654  
               -0.00494811  -0.000526868  0.0192139  
               -0.00474746  -0.00149125  0.0188355  
               -0.00498983  0.000103292  0.00347803  
               0.00209756  0.00452097  0.0287436  
               0.00158408  0.0047193  0.0296539  
               0.000380794  0.0049625  0.0282379  
               0.00258462  -0.00426063  0.0472198  
               -0.00496244  -0.000381345  0.0419094  
               -0.00494166  0.000592286  0.04134  
               -0.00482117  0.00124825  0.0473135  
               -0.00447812  0.00217772  0.00754074  
               0.00488598  0.00103461  0.015211  
               0.00417294  -0.00274869  0.0155329  
               0.00357577  -0.00348651  0.0158451  
               0.0049292  0.000718823  0.0487318  
               0.00496078  0.000398188  0.0329193  
               0.00366252  0.0033808  0.0361382  
               -0.00304124  -0.00394119  0.0389535  
               -0.00169626  -0.00468527  0.0432756  
               0.00346813  -0.00359085  0.0144567  
               0.00139306  0.00477725  0.00391761  
               6.60707e-05  -0.00499349  0.0130876  
               -0.000786279  -0.00492256  0.0141487  
               0.00298635  -0.00398624  0.0350338  
               0.00246156  0.00432641  0.0274526  
               0.00310581  0.0038882  0.0283102  
               0.00367346  0.00336746  0.0274052  
               -0.00470705  -0.00162448  0.0460732  
               -0.00427688  0.00255423  0.0464367  
               0.00240096  0.0043588  0.0130031  
               0.00251873  0.00429585  0.0494761  
               -0.00233412  0.00439453  0.0386794  
               -0.00362549  0.00342593  0.0384836  
               -0.00297403  0.00399635  0.0375265  
               -0.000435419  -0.00495711  0.020076  
               -0.00490504  -0.000964194  0.0326201  
               -0.00479356  -0.00133929  0.0314339  
               -0.00312367  -0.00387354  0.0223524  
               -0.00165654  -0.00469732  0.0220662  
               -0.00254171  -0.00428357  0.0215515  
               0.00335707  -0.003682  0.0455597  
               0.00286185  0.00408841  0.00771134  
               0.00176021  0.00466587  0.0176444  
               0.00476638  -0.00142887  0.048777  
               0.00463972  -0.00184642  0.0485416  
               -0.00363692  -0.00341199  0.0489461  
               0.00442977  0.00226818  0.0429977  
               -0.00491786  -0.00083402  0.0229013  
               -0.00472137  -0.00157725  0.0237842  
               0.000551453  0.00494569  0.0016737  
               -0.000962718  0.00490518  0.036271  
               -0.0006815  0.00493288  0.0347988  
               0.0049723  0.000281255  0.0492639  
               0.00498927  -0.000108907  0.0494735  
               0.00430166  0.00250786  0.00389799  
               0.00271781  0.00418944  0.0250095  
               0.00341562  0.00363394  0.0121892  
               0.00390573  0.00308445  0.0111877  
               0.00328612  0.00374022  0.0309202  
               0.00243863  0.00433866  0.0307171  
               -0.00478923  -0.00135357  0.0134323  
               -0.00494476  -0.000560834  0.0140378  
               -0.00393962  -0.00304315  0.0478472  
               0.00478389  -0.00137116  0.0294429  
               -0.00494107  0.000598377  0.00490682  
               -0.00469788  0.00165469  0.00452819  
               -0.00388149  0.00311399  0.022857  
               0.00401082  0.00295639  0.00705658  
               0.00362499  0.00342653  0.0388543  
               -0.00361455  -0.00343925  0.0106794  
               0.00490396  0.000975104  0.00243164  
               0.00496238  -0.000381937  0.00342949  
               0.00467911  0.00171657  0.028936  
               0.00499153  8.59849e-05  0.0283505  
               0.00481411  0.00127155  0.0277498  
               0.000253138  0.00497507  0.029735  
               -0.00230638  0.00440936  0.0100023  
               -0.00199814  -0.00457411  0.0356532  
               -0.0022276  -0.00445146  0.037295  
               -0.002772  -0.00416048  0.0111892  
               0.000253331  -0.00497505  0.0141121  
               -5.67795e-05  0.00499441  0.00208381  
               -0.0046313  0.00187418  0.0146973  
               -0.00431378  0.0024852  0.015553  
               -0.00491754  -0.000837263  0.0480025  
               0.00492152  -0.000796809  0.0352554  
               -0.00360435  0.00345168  0.00138724  
               -0.0030945  0.00389748  0.0020127  
               0.00342598  0.00362544  0.0102595  
               0.00294412  -0.0040209  0.036698  
               0.00189259  -0.00462571  0.0422137  
               0.000972787  -0.00490419  0.0415452  
               0.000675468  -0.00493347  0.0354475  
               0.000134925  -0.00498671  0.0341691  
               -0.000653489  -0.00493564  0.0350434  
               -0.00263202  0.00423529  0.0295811  
               -0.00127649  0.00481261  0.0282992  
               0.00390872  0.00308081  0.00831475  
               0.00494627  0.00054548  0.000515898  
               -0.000109763  0.00498919  0.00650299  
               -0.00338135  -0.00366207  0.0337341  
               0.00487007  0.00108705  0.0250923  
               -0.00152525  -0.00473715  0.03427  
               -0.0044117  0.00230199  0.048737  
               -0.00440469  0.00231511  0.0492253  
               0.00499544  4.62911e-05  0.014044  
               0.00472115  0.001578  0.0307672  
               0.00473973  0.00151675  0.0325257  
               0.00495884  0.000417894  0.0317132  
               0.0045076  -0.00212258  0.0284444  
               0.00484801  -0.00115979  0.0279859  
               0.00476778  -0.00142428  0.0326804  
               0.00494805  -0.000527436  0.0340286  
               0.00474202  -0.00150919  0.0344044  
               -0.00140292  0.00477426  0.020774  
               -0.000414604  0.00495917  0.0213213  
               0.000240767  0.00497629  0.0462368  
               0.000691939  -0.00493185  0.00797838  
               0.000876019  -0.00491372  0.00598035  
               0.00187927  -0.00462976  0.00748897  
               0.00189547  0.00462484  0.00296056  
               0.00390116  0.00309002  0.0286881  
               -0.00324079  0.00377742  0.00309918  
               -0.00394857  -0.00303225  0.00544341  
               -0.00399898  -0.00297082  0.0043845  
               -0.0035841  0.00347636  0.0357297  
               -5.16771e-05  0.00499491  0.0196315  
               -0.00442354  -0.00227984  0.0224686  
               0.00292131  0.00403961  0.00657464  
               -0.00475504  0.00146628  0.0482097  
               -0.00411828  0.00282546  0.0276076  
               -0.00269425  -0.00420203  0.0258898  
               -0.00165183  -0.00469875  0.011469  
               -0.00210212  -0.00451853  0.00955846  
               -0.000399729  0.00496063  0.024761  
               -0.00184312  0.00464072  0.0257142  
               -0.000808351  0.00492038  0.0266185  
               -0.00412592  -0.00281614  0.0489427  
               0.00473301  0.00153889  0.00747036  
               -0.00482907  -0.00122222  0.0470564  
               -0.00355216  -0.00351528  0.0259351  
               -0.00303358  -0.00394747  0.0268034  
               0.00473083  -0.00154607  0.0253137  
               0.00491626  -0.000850193  0.0244972  
               -0.00490892  -0.000924706  0.0448222  
               0.00268695  0.00420594  0.0227585  
               0.00462641  0.00189032  0.00470019  
               0.00490664  0.000947913  0.004057  
               -0.00438042  0.00236052  0.0136352  
               -0.00341431  0.00363502  0.0152379  
               -0.00374762  0.0032771  0.0131888  
               -0.00197799  0.00458488  0.024401  
               -8.85391e-05  -0.00499128  0.00707179  
               0.00323809  0.00377964  0.0494762  
               -0.00367698  -0.00336318  0.024853  
               -0.00176425  0.00466465  0.019602  
               0.00486545  0.0011023  0.0298066  
               0.00497724  -0.000231046  0.0296987  
               0.00336226  0.00367774  0.0134459  
               -0.00498456  0.000156717  0.0153718  
               -5.70684e-05  0.00499438  0.00134861  
               -0.00297383  -0.00399652  0.0300175  
               -0.00377112  -0.00324847  0.0298266  
               -0.00437304  0.00237433  0.0475385  
               -0.00348843  -0.00357419  0.00229379  
               0.00417017  0.00275386  0.0221469  
               0.00471194  0.00160834  0.0220196  
               -0.00434426  0.00242816  0.00569531  
               -0.00437109  0.00237796  0.0233491  
               0.00246454  -0.00432482  0.011726  
               0.00178312  -0.00465892  0.00941678  
               -0.00166795  0.00469386  0.0218847  
               0.0041737  -0.00274726  0.0431473  
               0.00338143  -0.003662  0.0427194  
               -0.00245456  0.00433015  0.00883381  
               -0.00209985  -0.00451975  0.0151714  
               -0.000532671  0.00494754  0.0290671  
               0.00154409  0.00473143  0.0372383  
               0.00203304  0.00455546  0.0388986  
               -0.0049488  0.000519824  0.0270966  
               0.00422406  -0.00265305  0.0144484  
               0.00468677  -0.00169133  0.0142275  
               0.00470072  -0.00164534  0.0130746  
               -0.00471946  -0.00158355  0.0357152  
               0.00237538  0.00437247  0.0416769  
               0.00119712  0.00483668  0.0409561  
               0.00133664  0.00479436  0.0459485  
               0.00287528  0.00407739  0.0265175  
               0.001919  0.00461641  0.0257593  
               -0.00487014  -0.00108683  0.00444678  
               -0.00493032  -0.000707477  0.00561854  
               -0.00113124  -0.00485667  0.00913082  
               -0.00474441  0.00150132  0.0115137  
               0.00494303  0.000578404  0.0426502  
               -0.00431638  0.00248032  0.00858232  
               0.00497701  -0.000233416  0.0464976  
               0.00475274  -0.00147384  0.019686  
               0.00276898  -0.00416209  0.0260834  
               0.00210596  -0.00451648  0.0267439  
               0.00395299  0.00302687  0.00475787  
               0.00375506  0.00326804  0.00333402  
               0.00437258  0.00237519  0.00280041  
               0.000873633  0.00491395  0.034049  
               -0.00321649  -0.00379737  0.00733851  
               0.000693589  0.00493169  0.00735023  
               -0.00495306  -0.000476614  0.0388149  
               -0.00496602  0.000345041  0.0399731  
               -0.00490412  0.000973469  0.0391951  
               0.00313435  0.00386477  0.000545829  
               -0.00319481  -0.00381516  0.00871657  
               -0.00419884  -0.00270023  0.00850667  
               0.00193489  -0.00460792  0.0456979  
               0.00150837  -0.00474227  0.0442183  
               -0.000399718  0.00496063  0.0444548  
               -0.0022165  0.00445739  0.0405656  
               0.00392385  0.00306237  0.0171378  
               0.00378268  0.00323439  0.0161585  
               0.00391243  0.00307629  0.0198951  
               0.0044698  0.00219329  0.0190729  
               -0.00105597  0.0048795  0.00806006  
               -0.000455396  0.00495515  0.00524265  
               -0.000293801  0.00497106  0.0123745  
               -0.000524419  0.00494835  0.0135572  
               -0.00478991  0.00135132  0.00937447  
               0.000791455  0.00492205  0.00500367  
               0.000104135  0.00498974  0.0101562  
               -0.00121126  0.00483239  0.00987814  
               0.00109011  0.00486915  0.00287293  
               0.00414879  -0.00278828  0.031106  
               -0.00480207  0.00131124  0.0201046  
               0.00412129  -0.00282179  0.021363  
               0.003493  -0.00357044  0.0216155  
               0.00414976  -0.00278709  0.0227818  
               0.000163119  -0.00498393  0.0302864  
               0.0033368  -0.00369863  0.00640606  
               0.00354315  -0.00352626  0.0075243  
               0.00276302  -0.00416528  0.0076154  
               -0.00478223  -0.00137665  0.0146099  
               0.00497306  0.0002735  0.0488097  
               -0.00180229  -0.00465311  0.041666  
               6.06468e-05  -0.00499403  0.00440008  
               0.00111388  -0.00486194  0.00478209  
               -0.00430386  -0.00250374  0.0350426  
               0.00493349  -0.000675334  0.0307698  
               0.00498927  -0.000108907  0.0475163  
               0.00492904  -0.000720492  0.0473997  
               -0.00447543  0.00218276  0.0124523  
               0.00402864  -0.00293469  0.00686129  
               -0.00459316  0.00196251  0.0375079  
               -0.000754099  -0.00492573  0.0294497  
               -0.00497316  0.000272543  0.00593359  
               -0.00492352  -0.000776553  0.00664651  
               -0.00262125  -0.00424106  0.0435619  
               0.00492983  -0.00071244  0.0480252  
               0.000834172  0.00491784  0.0218591  
               -0.00425855  -0.00258851  0.0112183  
               -0.00462887  -0.00188218  0.0125352  
               0.00467916  0.00171641  0.0240054  
               -0.00218161  -0.00447605  0.0269003  
               -0.003338  -0.00369764  0.0278138  
               -0.00298854  0.00398444  0.0398198  
               -0.00446039  -0.0022109  0.0482779  
               -0.00455088  0.0020416  0.0364232  
               -0.00340348  -0.00364391  0.0462983  
               -0.00359392  -0.00346439  0.0450285  
               -0.00179646  -0.00465488  0.0280726  
               -0.00421259  -0.0026745  0.0161838  
               -0.00467524  -0.00172934  0.015571  
               -0.00466501  -0.00176305  0.0167882  
               -0.0010561  -0.00487946  0.00776886  
               -0.00280445  0.00413552  0.0136109  
               -0.00463472  0.00186289  0.0472426  
               0.00465994  -0.00177976  0.0357343  
               0.00432322  -0.00246752  0.0346802  
               0.00124923  0.00482088  0.0107506  
               0.00192732  0.00461197  0.0202322  
               0.00483713  0.00119564  0.0196312  
               0.00498129  0.000189935  0.0195964  
               0.00321085  -0.00380199  0.00844015  
               0.00423834  0.00262633  0.0365486  
               -0.00276051  0.00416662  0.011768  
               -0.00169079  0.00468693  0.0107651  
               0.00496087  0.000397304  0.0272733  
               -0.0043241  0.00246589  0.0399268  
               -0.00366284  0.00338042  0.00742812  
               -0.00468372  -0.00170138  0.0105042  
               -0.00494064  -0.000602689  0.0104982  
               0.00490919  -0.000921994  0.0118547  
               0.00156846  -0.00472404  0.0172447  
               0.00256801  -0.00426951  0.0170096  
               -0.00376583  -0.00325492  0.0373049  
               -0.00486387  0.0011075  0.0233878  
               -0.00498447  0.000157713  0.0230097  
               0.00445196  -0.00222668  0.00609383  
               0.0047473  -0.00149178  0.0471615  
               0.000864087  0.00491489  0.0449096  
               -0.00497071  0.00029738  0.0240556  
               0.003798  0.00321572  0.0145585  
               -0.00480885  0.00128887  0.0432944  
               -0.0040603  0.0028961  0.0431964  
               -0.00465842  0.00178477  0.0443826  
               0.00445318  0.0022244  0.0230305  
               0.00488897  0.00102477  0.0231468  
               0.00442779  -0.0022719  0.0453183  
               -0.00123143  0.00482628  0.0393287  
               -0.000716337  0.00492945  0.0378041  
               0.00460183  0.00194628  0.0387191  
               -0.000667187  0.00493429  0.0146567  
               -0.00470749  -0.00162302  0.0333561  
               -0.00436477  -0.0023898  0.0316985  
               0.00434966  0.00241805  0.00971661  
               -0.00474812  -0.00148906  0.00346257  
               -0.00471795  -0.00158852  0.0478669  
               -0.00427562  -0.00255658  0.047835  
               -0.00411162  -0.00283357  0.00728007  
               -0.0046897  -0.00168167  0.0078685  
               0.00499071  9.42744e-05  0.0413535  
               0.00490475  -0.000967067  0.0412886  
               -0.00284789  -0.00409987  0.0195281  
               -0.0036889  -0.00334865  0.0195312  
               0.00177183  0.00466235  0.00782127  
               -0.000157874  0.00498445  0.0392621  
               0.00119973  0.00483589  0.00618193  
               -0.000398345  -0.00496077  0.0179334  
               -0.00499141  -8.72135e-05  0.0331082  
               -0.00488354  0.00104264  0.0366986  
               -0.00477784  -0.00139111  0.0219085  
               0.00497386  0.000265391  0.0162991  
               0.0028874  -0.00406744  0.0419093  
               -0.00452823  -0.00208398  0.00463155  
               0.000929382  -0.00490846  0.0457634  
               -0.00477352  0.00140536  0.0279776  
               -0.00467865  0.0017181  0.0291598  
               -0.00463801  -0.00185207  0.00598377  
               0.00382589  0.00318173  0.0242203  
               -0.00412875  -0.0028127  0.0334913  
               -0.00446303  0.00220595  0.0419571  
               0.00398288  -0.00299044  0.0362761  
               0.00374926  -0.00327511  0.0351115  
               0.0020456  0.00454875  0.0362497  
               -0.00388105  0.00311452  0.0487387  
               -0.00479643  0.00132982  0.0245021  
               -0.00439175  -0.00233932  0.0449959  
               0.00447026  -0.00219243  0.0370871  
               0.000181928  0.00498208  0.00898691  
               0.00111151  0.00486265  0.0085861  
               -0.00162556  0.00470672  0.0139204  
               -0.00127444  0.00481323  0.0127943  
               -0.00252147  0.00429438  0.0056474  
               0.00483368  -0.00120703  0.0483388  
               0.00465694  0.00178966  0.00609567  
               0.000443184  0.00495635  0.0164617  
               3.03822e-05  0.00499701  0.0155164  
               0.00368033  -0.0033591  0.020631  
               0.000530725  0.00494773  0.0432854  
               -0.00198337  0.00458201  0.0230954  
               -0.000121005  -0.00498808  0.0460308  
               -0.00320107  0.00381002  0.0347951  
               -0.00210356  0.00451776  0.0347015  
               -0.00480424  0.00130408  0.0173753  
               -0.00249428  0.00430892  0.0162354  
               0.00441339  -0.00229883  0.0114161  
               0.00116479  -0.00484649  0.0299171  
               0.00458044  -0.00198631  0.0166562  
               -0.000726776  -0.00492842  0.0106609  
               -0.000977105  0.00490342  0.0157209  
               0.0011854  0.00484024  0.0155689  
               0.004954  -0.000467011  0.015513  
               -0.00138145  -0.00478077  0.0232921  
               0.00268418  -0.00420742  0.0432495  
               0.00382659  -0.00318088  0.0196331  
               0.00441244  -0.00230062  0.0465454  
               -0.00496765  0.00032844  0.0202087  
               -0.00352449  0.0035446  0.0455269  
               0.00499381  -6.28902e-05  0.0385868  
               0.00326658  0.00375626  0.0017  
               -0.00468931  -0.00168296  0.036924  
               -0.00184297  -0.00464077  0.0247755  
               -0.00137142  -0.00478381  0.0463594  
               -0.00445804  -0.00221529  0.0212396  
               -0.00403865  -0.00292248  0.020645  
               -0.0039576  0.00302124  0.0370638  
               0.00492718  -0.000739382  0.0204519  
               0.0045629  -0.00201911  0.0205932  
               0.000595915  0.00494131  0.0128374  
               0.00285617  -0.00409307  0.030203  
               0.0027604  -0.00416668  0.028969  
               -0.0027372  -0.00417908  0.0248793  
               -0.00218824  0.0044725  0.014936  
               0.000229057  0.00497744  0.0115181  
               -0.00480972  -0.001286  0.0302712  
               0.000552382  0.0049456  0.0401227  
               -0.00100592  0.00489468  0.0403901  
               0.000260385  0.00497435  0.0414311  
               0.00291998  0.00404071  0.00295656  
               0.00308041  0.00390905  0.00228778  
               0.00448754  -0.00216011  0.0421972  
               0.00333204  0.00370254  0.0414644  
               -0.00492102  0.000801884  0.0302354  
               -6.01608e-05  0.00499407  0.0311398  
               2.71997e-05  -0.00499732  0.0322829  
               -0.00494253  -0.00058354  0.0460072  
               -0.00497466  -0.000257304  0.0407882  
               -0.00425731  -0.00259084  0.0438141  
               -0.000391273  -0.00496146  0.021952  
               -0.000934947  -0.00490792  0.040577  
               0.000572282  -0.00494364  0.0399813  
               -0.00498735  -0.000128481  0.0306312  
               -0.0049763  -0.000240629  0.0293162  
               0.00483433  -0.00120487  0.0424319  
               0.00102091  0.00489014  0.0230993  
               0.0021612  0.00448696  0.0238293  
               -0.00472048  0.00158019  0.0160242  
               -0.00110148  -0.0048657  0.0212335  
               -0.00316395  -0.00384049  0.0351372  
               -0.000455046  -0.00495518  0.0257873  
               -0.000361873  -0.00496436  0.0243629  
               0.00235949  0.00438097  0.0433943  
               0.00323742  0.00378019  0.0424634  
               -0.00146325  -0.00475595  0.0452379  
               0.000154432  -0.00498479  0.0374302  
               0.00497927  -0.000210449  0.0128477  
               -0.00428669  -0.00253587  0.0188193  
               0.0028021  -0.00413745  0.0448584  
               -0.0046632  -0.00176903  0.017821  
               -0.00423312  -0.0026361  0.0174605  
               0.00331388  -0.00371744  0.0267953  
               -0.00464665  0.00182358  0.0406266  
               -0.00144454  -0.00476163  0.0197004  
               -0.00214999  -0.00449295  0.0205404  
               -0.00499089  9.24999e-05  0.00907943  
               -0.00406487  0.00289054  0.0291922  
               -0.00382069  -0.00318807  0.0323635  
               -0.00438366  0.00235445  0.0353095  
               0.000282439  -0.00497218  0.0289607  
               -0.00356609  0.0034983  0.029824  
               0.00186495  0.0046341  0.0117516  
               0.00499328  -6.82738e-05  0.026357  
               -0.0048612  0.00111632  0.0138027  
               0.00222736  0.00445159  0.0217518  
               0.00494947  0.000513061  0.0212654  
               -0.00477935  0.00138611  0.0056243  
               0.0048822  0.00104706  0.016938  
               0.000764234  -0.00492473  0.0388641  
               -0.00118915  0.0048391  0.0421461  
               0.00277785  -0.00415735  0.0462274  
               0.00487808  -0.00106067  0.0389727  
               0.00490611  0.000953276  0.0264362  
               0.00492498  -0.00076174  0.00470248  
               -0.00499139  8.74526e-05  0.0182357  
               0.00090464  -0.0049109  0.0264536  
               0.00350461  -0.00356092  0.00252274  
               -0.00377408  0.00324487  0.0340995  
               -0.00106304  -0.00487736  0.0320558  
               -0.00497969  0.000206226  0.0428723  
               -0.00217805  -0.00447795  0.0445012  
               0.00399161  0.0029798  0.0128667  
               0.00456186  0.00202106  0.0124778  
               -0.00311383  -0.00388162  0.0184542  
               -0.00365484  -0.00339016  0.0168534  
               -0.00381676  -0.00319286  0.0357949  
               0.00205941  0.00454136  0.0446689  
               0.00487432  0.00107307  0.0409865  
               0.00471365  0.00160271  0.0420808  
               0.00441675  -0.00229254  0.0265857  
               0.00415765  -0.00277728  0.0257492  
               0.00411812  -0.00282565  0.0273785  
               -0.00496552  0.000350073  0.0254715  
               0.00305109  -0.00393311  0.0127695  
               0.00438405  -0.00235372  0.00499284  
               -0.00499198  -8.1473e-05  0.0220389  
               0.00467323  0.00173594  0.0399745  
               -0.00117661  0.0048429  0.00612149  
               0.00434538  0.00242607  0.027774  
               -0.00443573  -0.00225703  0.0287552  
               -0.00494276  -0.000581128  0.0246396  
               0.00462783  0.00188562  0.0269373  
               -0.00491254  -0.000887961  0.0162936  
               0.000319509  0.00496853  0.0365101  
               -0.00420787  -0.00268334  0.00996842  
               -0.00239792  -0.00436043  0.00764699  
               -0.00466588  0.0017602  0.0339847  
               0.00497664  0.000237166  0.0241541  
               0.00366157  0.00338195  0.00587803  
               -0.00496846  0.000320238  0.0315394  
               -0.00091887  -0.0049095  0.0368321  
               -0.00112259  0.00485929  0.0116898  
               0.00345891  0.00359842  0.0323001  
               0.00426568  0.00257518  0.032465  
               0.00463584  -0.00185921  0.0182229  
               0.00497821  0.000221232  0.0111233  
               0.00495165  0.00049091  0.00995103  
               0.00456706  0.00201134  0.0109199  
               0.0025139  -0.00429844  0.0340628  
               0.00234423  -0.00438912  0.00492609  
               0.00207287  -0.00453417  0.00622761  
               -0.00124488  0.0048222  0.0237446  
               -0.00439715  -0.00232922  0.0145483  
               -0.00426916  0.00256867  0.0326702  
               -0.00452956  0.00208149  0.0312687  
               -0.00033205  0.0049673  0.0230896  
               -0.00242923  0.00434369  0.0127011  
               -0.00300635  -0.00396982  0.00976662  
               0.00341617  -0.00363349  0.0341481  
               -0.00257304  -0.00426682  0.0454657  
               0.00134487  -0.00479186  0.0138372  
               0.00343967  -0.0036142  0.0323694  
               0.00281944  -0.00412322  0.0329954  
               -0.00464659  0.00182377  0.0268735  
               0.00498851  -0.000116655  0.00808277  
               0.00480075  -0.00131557  0.00791888  
               0.00494174  0.000591543  0.037761  
               0.00194586  -0.00460205  0.030943  
               -0.00343895  -0.0036148  0.0438938  
               -0.000514174  -0.00494936  0.0060958  
               -0.00427384  0.00255991  0.0453163  
               0.00236644  -0.00437725  0.0139662  
               -0.00251618  -0.00429722  0.00538167  
               -0.0041515  -0.00278498  0.0265859  
               -0.00419494  -0.00270752  0.0275929  
               -0.00383063  0.00317596  0.0445993  
               0.0049701  -0.000303558  0.0187077  
               0.00491254  -0.000888007  0.0217816  
               -0.00267461  0.00421253  0.0316656  
               -0.00341806  0.00363195  0.0239521  
               -0.00278989  0.00414747  0.0417134  
               0.00442426  -0.00227849  0.0191372  
               0.00114237  0.00485329  0.0242562  
               -0.00403106  -0.00293174  0.00293445  
               0.00144461  -0.00476161  0.0342436  
               -0.00493116  -0.000698977  0.0173112  
               0.00483522  -0.00120193  0.0316388  
               0.00356282  0.00350229  0.0226075  
               -0.00247456  0.00431946  0.0180883  
               -0.00132039  0.00479929  0.0184354  
               0.00121733  -0.00483055  0.0149939  
               0.00344341  -0.00361114  0.0103189  
               0.00400263  -0.00296637  0.00874286  
               0.000565082  -0.00494434  0.0446429  
               0.00284254  -0.00410426  0.0317068  
               0.0016249  -0.00470692  0.0127664  
               -0.00157067  -0.00472337  0.0398103  
               0.00323805  0.00377967  0.0211425  
               -0.0017452  -0.00467043  0.0296124  
               -0.00490425  0.000972165  0.0332685  
               0.00156306  -0.00472568  0.0286403  
               -0.00160963  0.00471155  0.0170944  
               -0.000478917  0.00495283  0.0168528  
               -0.00172959  -0.00467516  0.0258443  
               0.00496942  0.000310464  0.0348563  
               0.00188866  -0.00462691  0.0207313  
               -0.00484605  -0.00116625  0.00933814  
               -0.00433138  0.00245225  0.0167548  
               0.00228748  -0.00441946  0.0388316  
               -0.00127281  0.00481372  0.0319698  
               -0.00124132  0.00482327  0.0334416  
               0.00302782  -0.0039522  0.0189233  
               -0.00158608  -0.0047187  0.038719  
               -0.000465678  -0.00495413  0.0448627  
               -0.000176439  -0.00498262  0.0438949  
               0.00112052  0.00485992  0.0192438  
               0.00204011  0.00455168  0.0319631  
               0.0010695  0.0048754  0.0319785  
               0.00486273  -0.00111125  0.0376853  
               -0.00384299  0.0031609  0.0408662  
               0.00483478  0.0012034  0.00896335  
               0.00471521  -0.00159756  0.0100202  
               -0.00479754  0.00132615  0.0356805  
               -0.00493061  0.000704533  0.0348125  
               -0.00498184  0.00018435  0.0359966  
               -0.00364822  0.00339823  0.041995  
               0.00445436  0.00222219  0.00866414  
               0.000245168  -0.00497585  0.0187712  
               -0.00016701  -0.00498355  0.00967301  
               0.00482192  -0.00124578  0.0268702  
               0.00479072  0.00134864  0.0181498  
               0.00263891  -0.00423161  0.0154438  
               -0.00324341  -0.00377528  0.0134514  
               -0.00124694  -0.00482157  0.0442356  
               -0.00485619  -0.00113282  0.0430308  
               -0.0033599  0.00367967  0.0196327  
               -0.0036487  0.00339765  0.0325657  
               0.00313696  0.00386263  0.0200657  
               0.00138662  -0.0047792  0.0325506  
               -0.000512899  -0.00494948  0.0331854  
               0.00453792  -0.00206585  0.0220463  
               -0.00418313  -0.00272961  0.0384472  
               -0.00415183  -0.00278457  0.025548  
               0.00040625  -0.00495999  0.0107479  
               -0.0038095  0.00320171  0.0117502  
               0.00378811  -0.00322777  0.0445836  
               0.00453384  0.00207348  0.0171616  
               5.40806e-05  0.00499467  0.0176998  
               -0.0023156  -0.00440443  0.0408318  
               -0.00491557  -0.000857243  0.0207682  
               0.0010302  0.00488732  0.0352554  
               -0.00247427  -0.00431962  0.0289648  
               -0.00287896  -0.00407437  0.0235604  
               0.00140466  0.00477373  0.031017  
               -0.0046597  0.00178056  0.0256868  
               -0.00438314  0.00235542  0.0247733  
               0.00107777  0.00487289  0.0141605  
               -0.00464695  -0.00182257  0.0383978  
               -0.00427008  0.00256694  0.0383369  
               0.00255061  0.00427881  0.0401772  
               0.00379394  0.00322067  0.0401543  
               -0.00461204  0.00192719  0.0391311  
               0.0045287  0.0020831  0.020413  
               0.00219646  -0.00446811  0.0249458  
               0.00341465  -0.00363474  0.0253883  
               -0.00441951  -0.00228737  0.0425434  
               0.00409111  -0.00285856  0.0097493  
               0.00449948  -0.00213777  0.0442509  
               0.000596583  -0.00494124  0.0249198  
               -0.00165058  0.00469913  0.0369804  
               -5.17994e-05  0.0049949  0.0330801  
               0.00498472  -0.000155167  0.0253324  
               -0.00369131  0.00334572  0.00610773  
               -0.00476356  0.00143816  0.03231  
               0.00437624  -0.00236833  0.038283  
               -0.00493196  0.000690806  0.0165357  
               -0.00172917  -0.00467529  0.0186472  
               0.00466351  -0.00176801  0.0155945  
               -0.00223137  -0.00444945  0.033409  
               0.00490799  -0.000934179  0.017924  
               -0.00494636  -0.000544637  0.0350496  
               -0.00474215  -0.00150877  0.0346574  
               0.00498121  0.000190759  0.0442778  
               -0.00493169  -0.000693599  0.033989  
               0.00335123  0.00368679  0.0256724  
               -0.00115806  -0.00484853  0.0378124  
               0.00131957  0.00479954  0.0439725  
               0.00451896  -0.00210133  0.00861062  
               0.00189014  -0.00462646  0.0162502  
               0.0015916  0.00471702  0.039962  
               -0.000485966  -0.00495214  0.0118405  
               -0.00499351  -6.59363e-05  0.0279243  
               -0.0032526  0.00376773  0.0275092  
               0.000783888  0.00492279  0.0260547  
               0.00124353  0.00482261  0.0422326  
               0.00495042  -0.000503366  0.00930344  
               0.00493781  -0.000631387  0.010336  
               0.00314119  -0.00385917  0.0199181  
               0.00485495  -0.00113691  0.00261355  
               0.00221968  -0.00445569  0.0084751  
               0.00337605  -0.00366642  0.0281027  
               -0.00370876  0.00332446  0.0164787  
               0.00397722  0.00299733  0.021008  
               0.00495957  -0.00041045  0.0432998  
               0.00136867  -0.00478465  0.0255598  
               -0.00444304  -0.00224335  0.0200087  
               -0.004211  0.00267748  0.0261723  
               0.00149095  -0.00474755  0.0395673  
               -0.00488352  -0.00104274  0.0282296  
               0.00203433  0.00455477  0.0350917  
               -0.00492592  0.000752189  0.0292396  
               0.000476882  -0.00495303  0.0121607  
               0.0025188  0.00429581  0.0296941  
               0.00229023  -0.00441799  0.0195591  
               0.0049342  0.000668072  0.012277  
               0.000512027  -0.00494957  0.0332163  
               0.00254552  -0.00428153  0.0279536  
               -0.00381034  0.00320068  0.0205462  
               -0.00496427  -0.000362796  0.0438368  
               0.000659174  -0.00493508  0.0215748  
               -0.00383302  -0.00317304  0.0287342  
            </DataArray>
         </Points> 

         <Cells>
            <DataArray type="Int32" Name="connectivity" NumberOfComponents="1" format="ascii">
               
            </DataArray> 
            <DataArray type="Int32" Name="offsets" NumberOfComponents="1" format="ascii">
               
            </DataArray>
            <DataArray type="UInt8"  Name="types" NumberOfComponents="1" format="ascii">
               
            </DataArray>
         </Cells>
         <PointData Scalars="Rank " Vectors="DisplacementDelta Force ">
            <DataArray type="UInt32" Name="Rank" NumberOfComponents="1" format="ascii">
               0 0 0 0 0 0 0 0 0 0 0 0 0 0 0 0 0 0 0 0 0 0 0 0 0 0 0 0 0 0 0 0 0 0 0 0 0 0 0 0 0 0 0 0 0 0 0 0 0 0 0 0 0 0 0 0 0 0 0 0 0 0 0 0 0 0 0 0 0 0 0 0 0 0 0 0 0 0 0 0 0 0 0 0 0 0 0 0 0 0 0 0 0 0 0 0 0 0 0 0 0 0 0 0 0 0 0 0 0 0 0 0 0 0 0 0 0 0 0 0 0 0 0 0 0 0 0 0 0 0 0 0 0 0 0 0 0 0 0 0 0 0 0 0 0 0 0 0 0 0 0 0 0 0 0 0 0 0 0 0 0 0 0 0 0 0 0 0 0 0 0 0 0 0 0 0 0 0 0 0 0 0 0 0 0 0 0 0 0 0 0 0 0 0 0 0 0 0 0 0 0 0 0 0 0 0 0 0 0 0 0 0 0 0 0 0 0 0 0 0 0 0 0 0 0 0 0 0 0 0 0 0 0 0 0 0 0 0 0 0 0 0 0 0 0 0 0 0 0 0 0 0 0 0 0 0 0 0 0 0 0 0 0 0 0 0 0 0 0 0 0 0 0 0 0 0 0 0 0 0 0 0 0 0 0 0 0 0 0 0 0 0 0 0 0 0 0 0 0 0 0 0 0 0 0 0 0 0 0 0 0 0 0 0 0 0 0 0 0 0 0 0 0 0 0 0 0 0 0 0 0 0 0 0 0 0 0 0 0 0 0 0 0 0 0 0 0 0 0 0 0 0 0 0 0 0 0 0 0 0 0 0 0 0 0 0 0 0 0 0 0 0 0 0 0 0 0 0 0 0 0 0 0 0 0 0 0 0 0 0 0 0 0 0 0 0 0 0 0 0 0 0 0 0 0 0 0 0 0 0 0 0 0 0 0 0 0 0 0 0 0 0 0 0 0 0 0 0 0 0 0 0 0 0 0 0 0 0 0 0 0 0 0 0 0 0 0 0 0 0 0 0 0 0 0 0 0 0 0 0 0 0 0 0 0 0 0 0 0 0 0 0 0 0 0 0 0 0 0 0 0 0 0 0 0 0 0 0 0 0 0 0 0 0 0 0 0 0 0 0 0 0 0 0 0 0 0 0 0 0 0 0 0 0 0 0 0 0 0 0 0 0 0 0 0 0 0 0 0 0 0 0 0 0 0 0 0 0 0 0 0 0 0 0 0 0 0 0 0 0 0 0 0 0 0 0 0 0 0 0 0 0 0 0 0 0 0 0 0 0 0 0 0 0 0 0 0 0 0 0 0 0 0 0 0 0 0 0 0 0 0 0 0 0 0 0 0 0 0 0 0 0 0 0 0 0 0 0 0 0 0 0 0 0 0 0 0 0 0 0 0 0 0 0 0 0 0 0 0 0 0 0 0 0 0 0 0 0 0 0 0 0 0 0 0 0 0 0 0 0 0 0 0 0 0 0 0 0 0 0 0 0 0 0 0 0 0 0 0 0 0 0 0 0 0 0 0 0 0 0 0 0 0 0 0 0 0 0 0 0 0 0 0 0 0 0 0 0 0 0 0 0 0 0 0 0 0 0 0 0 0 0 0 0 0 0 0 0 0 0 0 0 0 0 0 0 0 0 0 0 0 0 0 0 0 0 0 0 0 0 0 0 0 0 0 0 0 0 0 0 0 0 0 0 0 0 0 0 0 0 0 0 0 0 0 0 0 0 0 0 0 0 0 0 0 0 0 0 0 0 0 0 0 0 0 0 0 0 0 0 0 0 0 0 0 0 0 0 0 0 0 0 0 0 0 0 0 0 0 0 0 0 0 0 0 0 0 0 0 0 0 0 0 0 0 0 0 0 0 0 0 0 0 0 0 0 0 0 0 0 0 0 0 0 0 0 0 0 0 0 0 0 0 0 0 0 0 0 0 0 0 0 0 0 0 0 0 0 0 0 0 0 0 0 0 0 0 0 0 0 0 0 0 0 0 0 0 0 0 0 0 0 0 0 0 0 0 0 0 0 0 0 0 0 0 0 0 0 0 0 0 0 0 0 0 0 0 0 0 0 0 0 0 0 0 0 0 0 0 0 0 0 0 0 0 0 0 0 0 0 0 0 0 0 0 0 0 0 0 0 0 0 0 0 0 0 0 0 0 0 0 0 0 0 0 0 0 0 0 0 0 0 0 0 0 0 0 0 0 0 0 0 0 0 0 0 0 0 0 0 0 0 0 0 0 0 0 0 0 0 0 0 0 0 0 0 0 0 0 0 0 0 0 0 0 0 0 0 0 0 0 0 0 0 0 0 0 0 0 0 0 0 0 0 0 0 0 0 0 0 0 0 0 0 0 0 0 0 0 0 0 0 0 0 0 0 0 0 0 0 0 0 0 0 0 0 0 0 0 0 0 0 0 0 0 0 0 0 0 0 0 0 0 0 0 0 0 0 0 0 0 0 0 0 0 0 0 0 0 0 0 0 0 0 0 0 0 0 0 0 0 0 0 0 0 0 0 0 0 0 0 0 0 0 0 0 
            </DataArray>
            <DataArray type="Float64" Name="DisplacementDelta" NumberOfComponents="3" format="ascii">
               7.59361e-10 6.86124e-12 1.80897e-10  3.21203e-10 -5.63362e-11 1.58412e-10  1.49054e-09 -2.67657e-09 -1.07826e-09  1.05812e-09 -1.15599e-09 -5.45524e-10  1.65635e-10 2.86918e-10 3.20027e-10  8.70172e-12 1.60601e-10 2.52762e-10  8.0085e-08 -1.37779e-07 6.09286e-07  9.77388e-11 -1.34508e-09 -3.48675e-10  5.35903e-10 -8.36231e-10 -3.2624e-10  5.95526e-10 -1.07811e-09 -2.91198e-10  -8.35862e-11 1.69572e-10 2.78161e-10  -1.77406e-07 -1.31632e-07 7.56607e-07  -7.4829e-07 1.97155e-08 5.23204e-07  3.61592e-07 7.76705e-07 -1.37026e-06  5.14486e-07 1.03669e-06 -1.51982e-06  2.35298e-07 5.31791e-07 -1.49068e-06  -1.20932e-10 -1.50503e-10 2.11318e-10  -4.76037e-07 1.57747e-07 4.77194e-07  -1.25654e-10 1.06715e-09 2.96111e-10  -3.82954e-10 9.01324e-10 5.55136e-10  -3.90075e-10 7.99658e-10 4.71023e-10  1.06235e-07 3.63126e-07 6.89826e-07  -2.12694e-07 1.97173e-07 6.79881e-07  1.41991e-10 -3.295e-10 1.67741e-10  1.94858e-10 2.7396e-10 2.52665e-10  3.29412e-10 -4.47852e-11 2.21761e-10  -2.26763e-10 -1.72412e-10 1.62964e-10  3.09456e-07 4.3363e-07 8.48698e-07  -1.68414e-11 -2.17673e-10 1.86256e-10  -2.1599e-10 -3.84634e-11 1.54588e-10  -2.24569e-07 -2.1455e-07 7.04134e-07  3.57295e-07 4.03965e-07 9.47585e-07  3.51721e-10 1.2196e-10 3.93117e-10  -2.49737e-07 3.85514e-07 8.58632e-07  -5.59468e-08 -1.61668e-08 6.45425e-07  -2.21655e-06 4.70074e-06 1.35566e-06  -2.9846e-10 1.36413e-12 1.90556e-10  2.77807e-10 -5.36767e-10 3.21916e-10  6.8353e-06 5.27781e-07 -1.37107e-06  4.9561e-06 7.28565e-07 -2.41901e-06  4.52206e-06 -5.80542e-07 -2.55812e-06  -2.22476e-07 -7.00364e-07 1.09737e-06  -3.02274e-07 -1.92385e-06 1.30078e-06  6.58179e-11 -3.12913e-10 2.67878e-10  5.17881e-10 -8.06772e-10 3.20618e-10  -6.23713e-10 8.30853e-10 3.78798e-10  -3.6232e-08 6.53489e-08 -4.46862e-07  -6.77014e-08 6.87464e-08 -3.87945e-07  1.16257e-07 -5.74736e-07 5.32085e-07  5.12807e-07 8.79702e-07 1.16657e-06  8.14393e-08 1.14008e-07 8.10327e-07  -7.63949e-07 -1.00547e-06 1.22493e-06  -2.96505e-07 -4.81693e-07 9.97323e-07  1.82738e-06 1.56949e-06 1.4768e-06  3.38699e-06 2.14622e-06 1.48941e-06  4.21651e-06 3.62751e-06 1.37506e-06  5.70364e-08 -4.25668e-09 5.99443e-07  9.46856e-07 9.58763e-07 1.22443e-06  -6.36725e-06 2.29389e-06 7.49132e-07  -3.43329e-06 1.79426e-06 1.51213e-06  -3.84267e-06 1.30479e-06 1.50671e-06  1.28728e-10 -4.73191e-10 1.16918e-10  1.96118e-10 -1.69921e-10 1.87412e-10  8.24582e-08 1.79569e-07 6.40683e-07  2.91223e-07 -7.31412e-08 8.83331e-07  -6.15309e-08 -3.97014e-08 4.90388e-07  -7.74335e-10 5.88779e-11 -1.01197e-10  -1.04273e-09 7.97431e-11 -3.70193e-10  -1.02982e-09 -2.76665e-10 -2.8606e-10  5.36309e-07 6.66071e-07 1.10696e-06  -3.05395e-08 -5.57637e-08 -4.7861e-07  -1.82825e-08 -1.62779e-07 -6.81966e-07  3.30398e-07 3.23565e-07 5.93122e-07  -1.79832e-07 -2.46077e-07 6.71504e-07  2.03246e-11 1.64132e-10 1.16044e-10  2.4711e-06 9.94749e-08 1.42688e-06  6.71142e-08 2.45713e-07 5.55261e-07  4.01809e-10 -3.362e-09 -2.99208e-09  3.10097e-10 -1.60962e-09 -2.84553e-09  -1.00656e-10 8.72372e-10 -2.75285e-10  1.32308e-10 7.73447e-10 -3.04188e-10  -6.58756e-08 -4.02054e-07 7.55679e-07  6.66876e-11 -5.3408e-10 4.40266e-10  2.28005e-10 -9.61802e-10 3.27545e-10  5.46608e-08 1.71277e-07 5.05833e-07  -8.62648e-10 -5.88592e-10 3.3051e-10  -7.08763e-10 -8.40241e-11 -6.33275e-11  -2.87014e-10 -1.17561e-10 1.69063e-10  6.04403e-11 -1.28444e-10 1.54915e-10  1.58206e-11 6.17784e-10 2.58448e-11  9.99314e-09 -2.82439e-08 -7.44655e-08  2.06282e-08 -2.14071e-08 -6.17659e-08  -4.4076e-09 -1.99731e-09 -4.33882e-09  5.03768e-08 1.27487e-07 -5.77798e-07  5.14514e-08 1.21564e-07 -8.14094e-07  3.06405e-08 4.82863e-08 -5.51578e-07  -2.86104e-10 -3.1269e-10 3.85811e-10  -5.17381e-08 3.60481e-08 -2.55767e-07  -5.04949e-08 3.6796e-08 -1.7921e-07  -7.23888e-08 2.06514e-08 -2.25548e-07  1.41607e-10 2.19363e-10 1.12967e-10  8.86212e-11 1.35518e-11 1.97004e-10  1.67344e-06 -8.07111e-06 4.04299e-07  4.02595e-06 -7.19889e-06 2.80176e-07  2.57505e-06 -6.49957e-06 8.26831e-07  1.43243e-07 7.25919e-08 -9.40568e-07  2.44485e-07 8.24282e-08 -1.18611e-06  6.80447e-10 -1.35858e-10 1.54824e-10  4.276e-10 -8.81685e-11 1.56702e-10  1.05148e-06 -2.92531e-07 1.21939e-06  -2.83381e-07 -1.92714e-07 9.68691e-07  -1.04328e-10 -6.38276e-11 2.79926e-10  7.67526e-06 -2.81685e-06 2.03689e-07  2.13724e-06 -1.60811e-06 1.32508e-06  5.67459e-06 -4.51045e-06 4.06054e-07  1.14819e-07 -2.89399e-08 7.73e-07  4.08662e-08 -4.90968e-08 7.38395e-07  8.16736e-11 -1.85169e-10 -2.05622e-10  2.91698e-10 5.26897e-11 3.22389e-10  2.62152e-10 2.59177e-10 2.47342e-10  -1.02353e-10 -8.29603e-11 1.71237e-10  4.11889e-11 -1.20768e-10 8.57477e-11  7.68101e-08 -1.0864e-07 6.43311e-07  -8.06574e-08 -8.96941e-08 6.00373e-07  -4.19051e-07 2.84597e-07 8.08295e-07  -2.6038e-07 1.30833e-07 4.33326e-07  -5.35867e-07 2.85323e-07 4.50559e-07  -3.4101e-10 3.39696e-10 1.99891e-10  -2.19516e-06 7.81893e-06 7.33257e-07  -2.5728e-06 8.67364e-06 -8.59449e-07  -1.37895e-06 9.56044e-06 2.12082e-08  1.32162e-08 -1.65348e-08 -5.38337e-08  1.26532e-08 -1.25844e-08 -4.57091e-08  -5.37325e-07 3.1443e-07 -2.2852e-06  -2.72875e-06 3.42593e-06 -2.66441e-06  -1.36062e-06 3.14743e-06 -2.8247e-06  -1.70214e-07 -5.37484e-07 8.3027e-07  2.69046e-07 -1.24617e-07 9.17932e-07  -1.04576e-08 -1.15819e-07 7.35903e-07  3.65545e-07 -8.97587e-07 1.06287e-06  -1.32555e-06 -4.54027e-06 -2.56189e-06  7.70381e-07 2.21432e-06 1.60042e-06  -3.75889e-10 -1.81951e-10 1.65416e-10  4.89459e-07 -1.4419e-06 1.21322e-06  1.57466e-06 -3.86612e-06 1.41424e-06  1.23039e-07 9.78496e-08 6.84818e-07  -2.31604e-11 1.77226e-10 1.38139e-10  -1.45034e-07 9.82318e-08 8.07972e-07  1.40221e-07 3.39549e-08 7.42512e-07  3.74633e-10 2.51487e-10 1.37928e-10  1.8677e-10 1.19986e-10 8.14766e-11  4.1311e-06 7.21832e-06 -1.03497e-06  3.94604e-06 6.78984e-06 5.20969e-07  5.71699e-06 6.53332e-06 2.17761e-07  -4.79743e-11 -2.6565e-10 2.05404e-10  1.2026e-10 5.93511e-10 1.7098e-10  -6.48299e-07 -5.11164e-06 1.3036e-06  1.05015e-06 -4.97585e-06 1.2529e-06  1.41747e-09 -6.54343e-10 -3.01546e-10  1.23609e-10 -2.38208e-09 1.15241e-10  4.3463e-07 -1.45512e-06 1.28843e-06  -7.50413e-11 -3.30406e-10 9.19756e-11  -2.0191e-06 -6.62685e-06 -1.75843e-06  2.75277e-07 4.2419e-07 8.90998e-07  8.18427e-07 7.97968e-07 1.15043e-06  -2.68315e-10 7.31871e-11 1.99003e-10  -3.59717e-10 -6.04022e-11 4.7584e-10  6.58419e-08 -3.9671e-07 4.25842e-07  3.72687e-11 1.98434e-11 3.14854e-10  8.59982e-10 4.76677e-11 1.93286e-10  -3.27923e-10 -2.30079e-10 -3.57349e-10  1.41321e-10 -1.42322e-10 9.27093e-11  2.2852e-09 4.00263e-10 -1.41697e-10  8.83107e-12 1.19975e-10 3.18053e-10  6.83867e-08 -2.5822e-07 5.21225e-07  8.49337e-08 7.03215e-08 6.47896e-07  1.86715e-07 6.08978e-07 1.08054e-06  -1.33059e-07 -3.48221e-07 6.31626e-07  -8.38672e-07 1.23564e-07 -1.56392e-06  -7.48072e-07 -6.40809e-08 -1.66e-06  -4.21327e-07 6.15937e-08 -1.3017e-06  3.84308e-07 -5.45433e-07 -1.27074e-06  5.81062e-07 -9.39118e-07 -1.48576e-06  -6.87402e-07 6.12419e-08 1.07889e-06  6.84003e-10 -3.13144e-10 1.16965e-10  -2.79541e-10 3.57724e-10 1.34547e-11  -5.97387e-09 7.7875e-09 -2.33215e-08  -1.24344e-08 1.50626e-08 -3.39634e-08  -5.38623e-08 -3.57096e-07 -1.1996e-06  -1.8167e-07 -2.83248e-07 -1.29361e-06  3.73777e-09 -1.29754e-09 -2.94881e-09  1.53063e-07 7.50538e-08 9.9421e-07  -1.5377e-12 -2.18848e-10 -1.33894e-10  -9.64128e-07 4.09587e-07 1.1258e-06  1.88159e-06 8.83221e-07 1.44412e-06  -2.90319e-07 4.94879e-08 8.28856e-07  -4.88341e-09 3.11808e-09 -5.1755e-09  -1.10133e-09 2.15464e-09 -2.98755e-09  1.71878e-10 9.68941e-11 2.52609e-10  -1.76823e-10 2.33007e-10 5.19028e-11  -7.19766e-10 1.14408e-09 -4.0173e-10  1.82119e-10 -2.64971e-10 1.38977e-10  -2.88656e-10 -2.4812e-10 1.56091e-10  -2.2874e-07 7.07521e-08 6.74082e-07  4.73532e-11 2.07604e-10 1.20474e-10  -3.76281e-06 -7.32167e-06 -3.92226e-07  -1.84646e-06 -5.85415e-06 1.11115e-06  -1.2322e-06 -8.09795e-06 2.15969e-07  2.11122e-09 -8.50846e-10 4.79066e-10  -2.03507e-09 -8.30541e-11 2.86526e-10  -7.03817e-10 -4.13733e-10 -2.93345e-10  1.22006e-07 -1.11488e-07 6.39783e-07  1.33556e-09 6.11991e-11 -2.87241e-09  3.22352e-09 -1.80267e-10 -2.70846e-09  -1.00046e-09 -5.38389e-10 3.89804e-11  3.0654e-10 -1.99134e-11 -1.70588e-10  4.22993e-10 -2.6369e-10 1.19908e-10  1.35013e-08 -7.02538e-09 -3.4881e-08  3.72714e-07 9.34486e-06 1.594e-07  -7.92202e-11 6.35116e-10 2.1862e-10  4.70409e-11 8.34844e-10 3.66131e-10  4.42487e-11 4.07182e-10 3.47133e-10  -2.10397e-10 3.29042e-10 5.78516e-10  -1.04897e-10 -1.1167e-10 1.83764e-10  -2.42116e-10 6.60649e-10 3.73612e-10  3.54022e-10 3.74596e-10 -1.26553e-10  9.95407e-11 6.35249e-10 4.29415e-10  -1.49773e-06 4.37827e-07 1.32816e-06  3.28283e-10 -2.23067e-10 1.71349e-10  -3.9285e-07 3.37254e-07 -1.30484e-06  -7.86854e-07 8.47138e-07 -1.27915e-06  -3.93548e-07 3.654e-07 -1.44422e-06  -2.17062e-09 -2.07203e-09 -4.05304e-09  -1.46017e-09 -2.74336e-09 -2.34712e-09  -1.93633e-09 -4.00979e-09 -3.78775e-09  3.46965e-10 -8.42721e-11 1.80389e-10  -5.82722e-08 -2.19277e-07 -1.06595e-06  -1.95177e-10 3.88943e-10 6.78136e-11  1.14841e-06 2.56462e-06 1.56153e-06  1.49776e-06 4.51957e-06 1.61367e-06  1.71687e-10 2.1075e-10 1.25138e-10  -8.17155e-11 -3.43965e-11 3.65886e-10  3.80845e-10 4.11255e-10 -7.7855e-10  -3.47456e-10 -6.47751e-11 1.99907e-10  -5.09232e-07 4.01758e-07 -2.32353e-06  3.67172e-10 1.35667e-10 2.57183e-10  9.23832e-11 -1.77422e-11 1.77966e-10  -8.12119e-11 -4.48936e-11 5.00914e-10  -2.96031e-10 -3.96819e-10 2.51991e-10  -7.05409e-10 -2.29306e-10 2.24326e-10  -2.05938e-10 -3.75109e-10 2.10948e-10  8.11882e-11 -2.81528e-12 1.98951e-10  5.63141e-10 6.45448e-10 2.29398e-10  7.93125e-10 5.84667e-10 2.88985e-10  2.09462e-09 1.55175e-09 -2.17164e-10  -4.78763e-07 2.46945e-07 3.66179e-07  1.02416e-10 3.77718e-11 2.03527e-10  3.00321e-11 -7.21184e-11 1.75618e-10  3.67002e-10 -6.58834e-10 -1.33754e-10  -5.14499e-07 4.02628e-07 -1.26957e-06  -9.96953e-07 1.98721e-07 -1.26923e-06  -9.00707e-07 5.56373e-07 -1.39453e-06  -3.53702e-11 5.46898e-11 1.82714e-10  6.61822e-11 -3.20438e-10 -6.52759e-10  -7.48016e-10 1.5137e-10 -1.81966e-10  8.40969e-08 -2.53441e-06 1.31883e-06  2.89643e-07 -8.52923e-07 -1.60738e-06  -1.07394e-09 1.4715e-09 -1.13635e-09  -1.40301e-06 -3.12059e-06 1.45112e-06  -6.69093e-10 1.51321e-10 1.9749e-10  -8.01228e-10 9.84381e-11 -1.30346e-10  4.47882e-11 -2.30863e-11 2.50786e-10  1.55846e-07 -1.09679e-07 7.15976e-07  3.36261e-08 -4.5679e-08 5.63717e-07  8.65924e-10 -5.53156e-10 -3.82436e-10  1.75932e-10 -1.17478e-11 -2.67117e-10  2.73839e-07 -5.07683e-09 7.00138e-07  -6.89063e-07 -7.42631e-07 1.05758e-06  -1.69089e-06 -1.15778e-06 1.30129e-06  2.74169e-06 -5.26061e-06 1.18941e-06  -5.34002e-07 3.78108e-08 4.77273e-07  -1.07131e-10 7.52734e-11 2.18518e-10  -3.67579e-06 6.86519e-07 1.4865e-06  -6.15435e-06 4.64263e-06 1.36779e-07  -3.42652e-09 4.68536e-10 -5.5336e-10  -1.38271e-07 -1.65149e-07 -8.94493e-07  -1.37058e-07 -7.08651e-08 -9.98128e-07  -1.38022e-07 -1.54436e-07 -7.04997e-07  4.91053e-10 -4.39035e-11 1.20138e-10  1.33172e-07 -2.47854e-07 9.33813e-07  6.13307e-10 -2.47981e-09 -1.23358e-09  2.41566e-07 -4.66911e-07 7.84309e-07  -2.65677e-09 3.5766e-09 -4.18101e-09  1.75874e-07 8.9198e-08 -5.96759e-07  9.43366e-08 5.86209e-08 -7.80238e-07  -3.49556e-07 1.0744e-07 4.24612e-07  1.88077e-08 8.16725e-08 5.42278e-07  -1.76091e-09 2.12627e-09 -2.22365e-09  -3.39327e-11 -5.8652e-10 4.32124e-10  2.23055e-07 -7.83707e-07 9.99131e-07  -2.98508e-06 6.58354e-07 -2.78438e-06  -1.72532e-06 -6.74075e-08 -2.7295e-06  3.81542e-09 2.21883e-09 -6.15624e-09  2.09679e-09 1.18361e-09 -5.68746e-09  2.86021e-09 1.13058e-09 -4.38062e-09  4.23098e-08 -3.92948e-08 -4.02141e-07  8.92944e-08 -7.41988e-08 -4.80553e-07  7.76823e-08 -6.45804e-08 -2.97472e-07  3.45986e-08 -1.97359e-07 8.36488e-07  4.25928e-10 4.32053e-12 1.54232e-10  3.5683e-10 8.08968e-11 1.84962e-10  -7.34874e-11 1.39793e-09 1.25507e-10  3.46151e-09 2.01706e-09 -2.33552e-09  2.35956e-09 1.47426e-09 -1.83841e-09  3.24604e-10 -4.1877e-10 -1.71161e-09  1.12015e-09 -2.1496e-10 -7.0343e-10  8.54517e-07 1.42682e-06 1.44426e-06  1.93434e-09 9.41907e-09 -1.45424e-08  4.36955e-10 8.32201e-10 -4.70344e-12  1.34211e-09 4.44048e-10 6.86979e-11  -1.97709e-10 -3.29256e-10 2.51988e-10  9.52284e-10 5.35107e-10 9.91974e-11  -9.68818e-11 -9.97846e-11 2.25135e-10  1.79267e-10 7.50929e-10 -4.0288e-11  5.64377e-10 -1.58896e-10 6.49311e-11  5.23314e-11 -1.87182e-10 1.0218e-10  2.00596e-08 -1.3893e-07 -5.68013e-07  8.73731e-09 7.12215e-08 -1.65794e-07  -4.43083e-06 3.39613e-06 1.23399e-06  -5.39704e-07 2.00991e-06 1.52524e-06  3.84072e-06 -1.55721e-06 -2.73106e-06  6.45155e-06 -1.83944e-06 -1.63814e-06  -4.39613e-12 -1.10682e-09 -4.15376e-11  1.54745e-10 -7.66104e-10 2.1816e-10  1.04534e-07 1.5544e-09 -4.62176e-07  1.15473e-10 -1.88428e-10 1.07319e-10  3.36008e-07 -1.25494e-06 1.19486e-06  -1.01731e-09 -1.68374e-10 -3.82498e-11  -3.69403e-08 -6.07071e-08 -3.91247e-07  -9.1718e-08 -1.42335e-07 -4.9932e-07  -6.20862e-08 -1.51632e-07 -6.0232e-07  3.83037e-10 -5.48494e-10 -4.09451e-11  -5.83157e-07 7.62783e-06 1.12801e-06  -8.19058e-07 4.84616e-06 1.52507e-06  1.69116e-10 2.81274e-10 3.75864e-10  1.0256e-08 6.87744e-09 -2.22169e-08  1.08751e-08 9.54206e-09 -3.04573e-08  -7.81632e-07 1.12157e-06 1.3291e-06  -7.08837e-07 4.29909e-07 1.04001e-06  -8.2761e-07 5.80991e-07 1.18591e-06  2.23935e-11 1.22332e-10 1.52788e-10  4.27643e-10 7.07275e-11 2.27851e-10  -1.44425e-10 1.37299e-09 4.05411e-10  2.60822e-10 1.13957e-09 -1.15684e-10  -1.93474e-08 -6.75297e-09 -3.2692e-08  -8.05949e-09 -4.68399e-09 -4.51196e-08  2.921e-09 2.60946e-09 -2.85277e-09  4.95989e-10 1.3984e-09 -2.69588e-09  5.58021e-10 -6.67803e-10 -2.16884e-09  5.60049e-10 1.58597e-09 -7.24268e-10  -4.65219e-10 -6.13195e-10 -5.3062e-10  1.77292e-10 4.28158e-10 -3.93754e-10  1.11837e-08 -1.89925e-10 -4.79471e-08  3.10926e-08 4.10646e-09 -5.43561e-08  -2.017e-10 -2.77082e-10 3.06554e-10  -3.43389e-10 -3.35103e-10 2.47886e-10  -1.72683e-10 -3.96447e-10 3.08191e-10  -2.30563e-10 1.68909e-10 3.6341e-10  -3.196e-09 1.22812e-07 8.80848e-07  4.11496e-10 -2.53796e-10 5.5988e-11  -6.54241e-09 3.68494e-09 -8.51912e-08  -2.51971e-08 3.0556e-08 -1.34989e-07  -7.12538e-09 1.9788e-08 -7.88573e-08  1.88736e-06 2.82553e-06 1.53532e-06  7.88856e-07 1.11768e-06 1.29743e-06  8.15596e-12 -6.84593e-12 9.85314e-11  4.23651e-10 6.68599e-10 5.20211e-10  3.51107e-09 -1.57784e-08 -4.97775e-08  7.93381e-09 -2.52288e-08 -6.34896e-08  3.46095e-09 -2.25728e-08 -4.20984e-08  -1.58724e-07 2.02555e-06 1.57438e-06  5.98758e-06 -5.35579e-06 -5.78562e-07  5.4953e-06 -4.41248e-06 -1.54204e-06  4.77751e-06 -6.04839e-06 -1.21416e-06  3.17014e-10 9.11992e-11 2.42873e-10  -3.03619e-07 -3.14575e-07 -1.43832e-06  -2.54009e-07 -1.15705e-07 -1.1954e-06  2.28852e-09 6.04535e-10 -1.64778e-09  -2.61205e-09 -7.40611e-09 -1.35069e-08  5.02233e-10 -6.83011e-09 -1.00539e-08  -5.26494e-10 -9.74231e-09 -8.4186e-09  -5.54274e-09 -7.21883e-10 -1.11512e-08  -1.18475e-08 -5.55654e-09 -2.66353e-08  -9.45286e-09 -6.57403e-10 -1.11305e-08  7.65751e-10 -3.27993e-11 1.40722e-10  6.11659e-09 -2.37574e-09 -6.85556e-09  2.44372e-09 -2.31769e-10 -5.10851e-09  2.41914e-09 -2.0142e-09 -5.06831e-10  2.99141e-08 -7.00094e-07 9.85844e-07  8.8843e-10 -3.10238e-10 4.65523e-11  -4.1562e-06 7.75299e-06 -3.00728e-07  -5.83797e-06 4.57559e-06 -7.19473e-07  -1.45273e-09 5.86307e-09 -5.73061e-09  -2.28213e-09 3.52762e-09 -3.59145e-09  3.82354e-07 -1.91572e-07 -1.41041e-06  5.46644e-07 -5.38928e-07 -1.56131e-06  -2.62762e-06 1.82474e-06 1.49869e-06  1.6446e-08 -8.44664e-08 -3.85887e-07  3.64423e-10 2.25475e-10 3.57561e-10  2.16572e-10 -2.94926e-10 4.12807e-10  -3.99533e-06 -1.27782e-06 1.43374e-06  -3.22126e-06 -3.80789e-07 1.55286e-06  2.42929e-08 5.22943e-08 -2.943e-07  4.08404e-08 8.21987e-08 -2.78982e-07  4.78406e-08 9.49867e-08 -3.77615e-07  -6.29315e-10 -1.24894e-10 1.47286e-10  -6.74002e-11 -4.80315e-10 -7.55458e-10  5.09023e-10 -8.02812e-10 -4.41184e-10  6.60706e-10 -2.5164e-10 -6.2726e-10  -2.75318e-10 6.26808e-11 -6.47433e-10  1.03663e-09 -2.14531e-10 8.6418e-11  2.19138e-09 1.5212e-09 -1.21824e-09  -5.40344e-10 -6.4086e-10 -7.33823e-10  -1.61161e-09 -1.88484e-09 -6.18067e-10  -1.01982e-09 -1.82203e-09 -8.8738e-10  1.51055e-08 -6.39935e-08 -2.16806e-07  3.04408e-08 -9.48343e-08 -2.90179e-07  4.23375e-08 2.73469e-07 1.02158e-06  1.09209e-09 -3.27834e-10 -1.04751e-10  -7.41735e-11 8.48796e-10 -3.52196e-10  -4.31907e-08 1.51293e-08 -7.59355e-08  -2.32929e-08 1.95888e-09 -1.06923e-07  6.00698e-06 6.66986e-06 -8.85728e-07  -4.57691e-09 6.26044e-09 -9.50222e-09  -5.61958e-09 7.83134e-09 -9.27464e-09  1.11453e-09 -5.37192e-10 2.36565e-10  1.13356e-09 -5.2854e-10 2.03969e-10  -5.20861e-06 -5.31324e-06 3.49087e-07  -5.46806e-06 -6.38189e-06 -8.29538e-07  5.69877e-08 -5.20665e-07 4.62772e-07  1.68884e-09 -5.35959e-11 -5.98844e-10  -5.65477e-10 -1.27266e-11 2.30111e-10  -3.35253e-09 7.70615e-09 -1.58861e-08  -8.23008e-07 6.75311e-07 1.18898e-06  5.31346e-09 -3.34439e-09 -7.42466e-09  5.40842e-10 1.36398e-09 -1.03879e-09  3.09723e-10 6.14575e-10 -2.07422e-10  8.54283e-10 -3.50197e-12 -6.45606e-10  2.11341e-10 -6.67835e-10 -6.82338e-11  2.79425e-10 8.25313e-10 -6.99331e-10  1.52722e-07 -9.21834e-09 -5.77192e-07  -3.37705e-06 -5.58814e-06 9.05591e-07  2.70477e-06 4.51678e-06 1.43849e-06  4.79582e-10 -6.97454e-11 1.17836e-10  -2.22496e-08 -1.49681e-08 -9.88833e-08  -1.95878e-08 -2.00964e-08 -6.37518e-08  -2.44113e-06 -4.34236e-06 -2.4811e-06  -4.70113e-06 -5.17752e-06 -1.83596e-06  -2.87778e-10 1.01271e-09 3.62205e-10  -5.82229e-08 -1.42742e-08 -1.71362e-07  -2.75792e-08 5.82549e-09 -2.16975e-07  -4.23395e-08 -1.5048e-08 -2.51443e-07  -8.53201e-06 -9.31888e-08 3.5547e-07  1.87333e-09 3.81254e-09 -8.11774e-09  2.17656e-09 5.26669e-09 -5.98803e-09  -1.10013e-09 4.24268e-09 -1.02144e-08  1.18104e-10 -3.67156e-10 3.12005e-12  -8.17314e-10 -1.09911e-10 -3.12566e-10  -5.96596e-10 -4.16634e-11 -2.1026e-10  -8.66452e-11 -8.33206e-12 -1.68635e-10  -2.60373e-06 1.41094e-06 -2.84766e-06  1.75655e-07 2.97851e-08 -7.37865e-07  1.36439e-07 -1.01543e-07 -7.06228e-07  8.8757e-08 -8.87934e-08 -6.4985e-07  -7.84556e-10 -7.54524e-11 9.384e-11  3.41316e-09 -4.60546e-11 -2.75134e-09  1.55601e-09 1.17921e-09 -1.20398e-09  -1.50412e-09 -1.72794e-09 -4.75021e-10  5.38527e-10 7.68726e-10 -2.20391e-10  1.30543e-07 -1.24425e-07 -8.99541e-07  2.17501e-06 8.35241e-06 4.47278e-09  5.46175e-09 -3.517e-07 -1.20999e-06  -1.09303e-08 -1.90852e-07 -9.93847e-07  4.47563e-10 1.11922e-11 -9.74048e-10  2.04628e-09 4.21706e-09 -1.35918e-08  4.17003e-09 4.12915e-09 -9.7139e-09  5.50457e-09 5.11574e-09 -1.22084e-08  -7.53689e-10 -7.38955e-11 -7.11494e-10  1.29594e-09 -4.04928e-10 -3.13081e-10  1.90974e-07 3.6152e-07 -1.24455e-06  -1.82768e-11 1.49728e-10 2.23899e-10  -1.565e-09 1.5211e-09 -3.42026e-10  -1.5232e-10 1.0214e-09 -4.47902e-10  -1.28433e-09 8.5566e-10 -4.29598e-10  -6.23936e-09 -5.09477e-08 -1.65328e-07  -2.36125e-09 -5.48933e-10 -3.21174e-09  -3.27505e-09 -7.91436e-10 -3.62545e-09  -2.50428e-08 -2.84377e-08 -7.25764e-08  -1.13518e-08 -2.66523e-08 -8.43838e-08  -1.50279e-08 -2.31291e-08 -9.34895e-08  -4.3344e-11 -6.14429e-10 -3.34298e-11  1.25573e-06 1.59288e-06 -2.77337e-06  6.5315e-08 1.16674e-07 -3.7878e-07  6.39838e-11 -3.06212e-10 1.6405e-10  -1.16206e-10 -3.21708e-10 2.46292e-10  -8.867e-11 -3.37033e-10 1.67707e-10  -1.50042e-10 1.39876e-10 3.53043e-10  -1.44667e-08 2.50507e-09 -5.92583e-08  -2.13643e-08 -5.61514e-09 -4.11149e-08  5.1678e-07 2.54904e-06 1.65163e-06  -1.82042e-10 3.38227e-10 -1.09299e-09  -6.63994e-10 2.13631e-09 -1.38313e-09  -3.0767e-10 1.68988e-11 1.7174e-10  -2.87491e-10 -8.11386e-11 1.70443e-10  7.37884e-06 4.66427e-06 6.63379e-08  6.8065e-09 8.19592e-09 -2.77022e-08  3.73335e-07 3.95002e-07 -1.41048e-06  7.05787e-07 6.23359e-07 -1.49496e-06  3.19296e-09 3.28961e-09 -4.18448e-09  1.9326e-09 3.03467e-09 -4.6493e-09  -1.80707e-07 -4.63938e-08 -1.10733e-06  -2.94088e-07 -5.24396e-08 -1.0139e-06  -1.71231e-10 -5.59472e-10 9.96962e-11  4.80974e-09 -1.33741e-09 -6.51816e-09  -7.7049e-06 7.51141e-07 -9.14524e-07  -7.82462e-06 2.68478e-06 -5.4874e-07  -2.9046e-08 1.95779e-08 -6.03208e-08  3.59747e-06 2.62699e-06 -2.89036e-06  1.65171e-09 2.18225e-09 4.96626e-11  -8.53725e-07 -7.23922e-07 -1.38864e-06  4.43222e-06 1.25403e-06 1.35322e-06  7.34121e-06 -6.63381e-07 5.45504e-07  5.62099e-09 1.84673e-09 -7.43467e-09  5.13541e-09 6.86718e-10 -9.88704e-09  7.3045e-09 1.26303e-09 -1.22281e-08  -8.02185e-10 4.08046e-09 -6.19951e-09  -5.25203e-07 9.18252e-07 -1.2166e-06  2.21988e-10 -1.197e-09 -7.89544e-10  -1.00649e-09 -4.78393e-10 -6.03203e-10  -5.89169e-07 -7.57078e-07 -1.5587e-06  -9.33736e-09 -2.7511e-07 -9.85516e-07  1.54848e-07 3.88795e-06 1.68562e-06  -1.75947e-07 9.939e-08 -8.6268e-07  -2.12285e-07 1.20661e-07 -7.20264e-07  8.68475e-10 1.06203e-10 -2.05822e-13  2.80633e-09 -1.85402e-11 -1.17323e-09  -1.53687e-06 1.22114e-06 1.37785e-06  -2.47496e-06 2.76211e-06 1.47008e-06  6.05821e-07 8.45534e-07 -1.40725e-06  1.76432e-09 -1.35323e-09 -8.44601e-10  -1.75944e-10 4.38973e-10 -6.02293e-10  -1.1945e-10 -5.0141e-11 -4.44583e-10  5.25378e-10 -1.98681e-09 -5.88067e-10  3.53803e-10 -1.19098e-09 -1.15019e-09  4.88479e-10 -2.73041e-09 -6.75192e-10  -2.89048e-09 3.78701e-09 -6.77996e-09  -1.61602e-09 6.20576e-09 -9.75002e-09  6.32419e-07 4.67317e-07 -2.37081e-06  -8.52212e-07 -1.56758e-08 3.79972e-07  -4.02962e-07 5.56327e-06 -2.54654e-06  -2.85147e-09 -2.77636e-09 -1.9179e-09  3.67503e-09 3.09639e-09 -2.76758e-08  -7.35832e-10 -2.47926e-09 -1.2964e-09  5.75723e-10 -9.09995e-11 1.80099e-10  5.26508e-10 -6.17533e-11 1.71168e-10  2.59903e-07 1.57104e-08 -9.93504e-07  4.29282e-09 8.14619e-10 -4.11186e-09  2.79055e-09 -1.68286e-11 -2.687e-09  3.89967e-09 1.23112e-10 -3.05169e-09  6.23877e-09 -2.30476e-09 -8.18766e-09  6.67763e-09 -1.53243e-09 -1.00953e-08  3.02313e-09 -3.96898e-10 -3.20979e-09  2.31637e-09 2.16022e-10 -1.73598e-09  1.29794e-09 4.623e-10 -1.81349e-09  -1.09569e-08 3.39459e-08 -1.31683e-07  -3.53627e-09 1.53753e-08 -1.08317e-07  -4.0606e-10 7.5784e-10 2.79483e-10  1.95019e-07 -1.30136e-06 -2.6546e-06  1.30503e-06 -6.78268e-06 -1.95169e-06  8.58389e-07 -2.49942e-06 -2.71131e-06  2.65771e-06 6.52659e-06 9.9937e-07  5.53346e-09 4.24028e-09 -8.11826e-09  -4.53926e-06 5.13467e-06 6.5077e-07  -6.06673e-06 -4.57921e-06 -1.50063e-06  -7.10337e-06 -5.10698e-06 -4.25681e-07  -1.10007e-09 2.35779e-09 -1.01584e-09  1.46208e-09 7.76633e-08 -1.99157e-07  -2.33875e-08 -1.49557e-08 -6.985e-08  3.37953e-06 4.22599e-06 -2.62721e-06  1.11859e-09 -2.47122e-10 4.14785e-11  -6.55081e-09 5.26134e-09 -1.31377e-08  -4.89814e-09 -9.22041e-09 -2.04984e-08  -3.64445e-07 -8.65912e-07 -1.60889e-06  -2.41639e-07 -6.46367e-07 -1.27329e-06  -2.19106e-09 1.33725e-08 -3.4685e-08  -4.71286e-09 8.81451e-09 -2.30319e-08  -1.1332e-09 9.04098e-09 -1.60393e-08  4.37394e-10 -9.44209e-11 1.14159e-10  2.6221e-06 1.07114e-06 -2.93069e-06  6.6152e-10 1.93796e-10 -5.23546e-10  -1.04099e-08 -7.05709e-09 -1.99823e-08  -5.43475e-09 -6.79966e-09 -1.63535e-08  1.89234e-08 -5.34726e-09 -2.62863e-08  2.25898e-08 -3.37341e-09 -3.30406e-08  -3.29319e-10 -3.23453e-10 -1.28155e-10  1.35906e-08 2.77506e-08 -6.31974e-08  7.77572e-06 3.62308e-06 -7.92813e-07  7.69014e-06 1.77108e-06 -1.36462e-07  -1.65245e-07 1.39504e-07 -1.11071e-06  -1.62077e-07 1.90321e-07 -7.59452e-07  -2.0724e-07 2.07454e-07 -1.19718e-06  -6.86916e-09 1.47343e-08 -3.80051e-08  2.20418e-08 -3.77325e-06 -2.73667e-06  1.54066e-12 -4.93437e-11 2.1442e-10  -8.62045e-09 -4.44781e-09 -2.72242e-08  -1.98255e-08 6.05239e-08 -1.96213e-07  2.99303e-09 5.21993e-10 -5.33905e-09  5.37149e-09 -4.06603e-10 -5.51776e-09  2.44421e-07 2.95641e-07 -1.17325e-06  -1.74279e-07 6.59585e-09 -7.49993e-07  1.32877e-07 1.15554e-06 1.32547e-06  -3.17699e-09 -3.32675e-09 -5.71311e-09  -5.63391e-09 -4.42063e-09 -5.9639e-09  3.74326e-10 -1.92654e-10 7.15113e-11  -3.11167e-06 -3.42323e-06 1.25113e-06  1.46882e-08 9.68614e-09 -7.97419e-08  2.25527e-08 2.11709e-09 -7.90846e-08  -6.2002e-06 3.41919e-06 -1.35089e-06  -2.4268e-08 1.76335e-08 -5.61649e-08  3.25536e-07 -5.59929e-07 -1.57586e-06  2.58947e-07 -7.01573e-07 -1.30963e-06  -1.1396e-08 2.81592e-08 -8.72875e-08  -2.31935e-10 -6.52121e-11 -1.86868e-10  -1.01267e-10 -8.42955e-11 -2.34604e-10  -1.22427e-07 2.09383e-08 -1.67119e-06  -9.06879e-08 -1.80505e-07 -7.59931e-07  -1.59742e-09 7.11981e-09 -7.55598e-09  3.90797e-10 1.21013e-09 -1.1362e-09  4.5838e-10 1.23088e-09 -2.05055e-10  -6.75346e-09 4.9411e-10 -1.37113e-08  1.42373e-07 -8.21233e-08 -9.13394e-07  1.84398e-07 -9.36056e-08 -9.72561e-07  3.41057e-07 -1.85449e-07 -1.26962e-06  -2.13518e-09 -1.60408e-11 -1.25524e-09  -2.38188e-10 1.5272e-10 3.69894e-10  -1.01548e-09 -2.31782e-10 6.00064e-11  -2.127e-10 2.46062e-10 5.86004e-10  6.55295e-09 9.4769e-09 -1.7083e-08  4.83079e-09 8.74569e-09 -2.07295e-08  -8.8738e-06 -2.09395e-06 -7.04686e-07  -6.82939e-06 -1.08562e-06 -1.55125e-06  -1.3527e-08 -1.86884e-07 -1.46062e-06  -8.28867e-07 2.27795e-07 -1.51026e-06  1.63854e-11 2.88226e-10 3.83929e-10  -4.41418e-07 3.70161e-07 -2.12426e-06  8.53417e-11 2.55829e-11 5.21794e-11  5.09794e-08 -1.02644e-08 -1.85439e-07  6.39897e-09 -1.00939e-08 -1.88538e-08  4.49267e-09 -9.87005e-09 -1.67165e-08  7.24466e-06 5.73273e-06 -8.1878e-07  6.14173e-06 5.26927e-06 6.64174e-07  5.82597e-06 3.65997e-06 1.09372e-06  -1.48025e-10 1.93275e-09 -2.04779e-09  -1.98723e-06 -2.25478e-06 -2.91999e-06  2.59613e-07 2.7556e-06 -2.93593e-06  -3.23665e-09 -8.32737e-11 -5.09404e-10  1.27222e-09 2.99529e-11 1.29231e-11  3.30692e-11 -2.35391e-11 -1.35904e-10  -2.8826e-08 -6.66879e-09 6.06055e-07  3.20562e-08 4.42138e-08 -1.91328e-06  -1.28398e-07 2.45986e-08 -2.07432e-06  1.3978e-09 -2.26165e-09 1.35971e-10  -7.69888e-11 8.15115e-10 5.73077e-10  -6.40542e-11 1.22814e-09 2.10941e-10  5.57328e-10 -5.3033e-10 -4.85033e-10  9.29041e-08 7.35185e-08 -4.52815e-07  1.6504e-07 1.18281e-07 -5.78874e-07  4.77163e-08 3.52072e-08 -1.75173e-07  8.41493e-08 4.35581e-08 -2.2301e-07  -1.65023e-07 6.02466e-07 -2.54264e-06  -9.53023e-07 8.98016e-06 -1.45477e-06  -1.5846e-08 4.40811e-07 -1.4442e-06  1.01247e-08 2.06115e-07 -1.13992e-06  -1.12634e-07 1.62894e-07 -1.34139e-06  1.06732e-06 8.66189e-06 -1.19697e-06  1.63084e-08 1.15208e-06 -1.27154e-06  -2.14581e-07 8.0064e-07 -1.14851e-06  1.44047e-06 6.7621e-06 1.1536e-06  2.91576e-09 -1.80215e-09 -3.68654e-09  -3.07067e-08 1.61434e-08 -1.68761e-07  2.29307e-08 -1.72314e-08 -1.00604e-07  2.98252e-08 -2.83901e-08 -9.02745e-08  1.95945e-08 -1.47913e-08 -6.5262e-08  1.06742e-09 -5.25317e-09 -4.89107e-09  3.62066e-06 -4.1638e-06 -2.21642e-06  1.47654e-06 -1.32042e-06 -2.62387e-06  9.049e-07 -1.62423e-06 -2.71735e-06  -2.72829e-07 -5.95996e-08 -9.23344e-07  -2.6304e-10 -4.20785e-11 1.4242e-10  -5.99227e-11 7.09278e-10 -4.66613e-10  1.13919e-07 -9.19358e-06 -6.00476e-07  1.96256e-06 -8.60347e-06 -8.83503e-07  -5.22355e-10 7.60269e-10 -8.88085e-10  4.10571e-09 -2.67727e-10 -4.31156e-09  3.25527e-10 -1.83703e-10 6.47139e-11  -3.78278e-10 -1.72436e-10 1.73182e-10  -4.00765e-07 1.95605e-07 -1.41636e-06  3.68446e-06 -2.42652e-06 -2.62745e-06  -5.51646e-10 1.70433e-10 -1.01576e-09  -3.46246e-10 -3.51997e-09 -6.83568e-09  -6.58374e-06 4.62174e-07 -1.63449e-06  -4.76471e-06 -6.41153e-07 -2.3659e-06  3.02552e-10 9.06679e-10 -1.29318e-10  -2.11026e-10 -2.79598e-10 1.13806e-10  8.20922e-09 2.48814e-08 -8.71689e-08  -9.72219e-07 -5.96406e-07 -1.63662e-06  -2.68757e-07 -1.28882e-07 -1.39328e-06  1.62156e-08 7.08742e-09 -4.5111e-08  -4.93488e-09 -9.79324e-09 -1.59475e-08  -3.53563e-09 -1.93535e-09 -1.09523e-08  -2.12187e-10 1.20011e-09 -3.47903e-10  1.96291e-10 -3.51732e-10 4.62832e-11  1.90704e-10 -2.15072e-10 -7.99227e-10  -2.09821e-10 -7.158e-10 -5.28319e-10  -3.65828e-10 -2.05861e-10 -3.76226e-10  -5.59223e-10 -4.13372e-09 -9.30082e-09  -1.00288e-07 -8.05463e-08 -5.81993e-07  -1.03832e-07 -1.91761e-08 -7.25138e-07  -7.52146e-08 -3.88557e-08 -4.91902e-07  -3.05811e-07 -1.57544e-06 -2.73775e-06  -8.79675e-08 1.52851e-07 -1.11748e-06  1.04809e-09 -4.91363e-10 1.04718e-10  1.84267e-09 -2.23004e-10 -9.84325e-10  9.62066e-10 -3.09278e-10 -1.21152e-09  2.47588e-07 1.02669e-06 -1.49183e-06  7.42869e-10 2.26664e-08 -1.67494e-07  5.05136e-08 2.26051e-08 -1.93707e-07  6.85278e-08 5.06251e-09 -1.91686e-07  1.77958e-07 -1.567e-07 -1.97322e-06  5.10459e-10 1.99967e-10 -7.03178e-10  -3.73212e-07 5.89223e-07 -1.55651e-06  -3.93051e-07 1.0463e-06 -1.45455e-06  1.05297e-08 2.69261e-09 -1.37531e-08  -8.16542e-10 -1.32322e-10 3.27756e-10  -2.47718e-06 1.96619e-06 -2.81071e-06  -1.20362e-06 -3.43381e-07 -1.41049e-06  -1.51766e-06 -1.70463e-07 -1.34735e-06  5.68278e-07 -7.25856e-08 -1.59609e-06  3.8693e-08 -1.08891e-07 -4.09122e-07  3.95159e-08 -6.9948e-08 -4.56433e-07  -5.61395e-10 -6.65673e-10 -1.57385e-10  -1.23233e-08 3.76939e-09 -5.4142e-08  -2.61452e-08 2.75615e-09 -5.87427e-08  6.00459e-06 -2.94129e-06 -1.84812e-06  -6.09062e-11 -5.34618e-10 2.89001e-10  -2.09292e-10 6.62604e-11 3.51951e-10  -1.78948e-08 4.71604e-10 -4.11213e-08  1.24856e-07 1.2159e-07 -9.12403e-07  -2.25127e-09 1.08885e-09 3.46978e-10  -4.56102e-10 1.47682e-10 -2.30626e-10  -9.44351e-11 -1.29342e-10 -3.90185e-10  2.73189e-08 1.04583e-08 -5.81085e-08  2.58605e-08 5.11967e-09 -5.58742e-08  1.63583e-09 -1.97295e-09 1.56932e-10  -9.51419e-10 5.22533e-10 1.01564e-11  3.65658e-10 7.5278e-10 -9.95823e-10  -5.85956e-10 -5.4607e-10 -2.24337e-10  1.35016e-09 1.40756e-07 -8.91156e-07  -1.96518e-09 -5.89516e-10 -2.49622e-09  -4.33471e-09 -1.67494e-09 -3.56009e-09  5.68404e-07 2.87766e-07 -1.3744e-06  -8.52763e-06 -2.50616e-06 5.59894e-07  1.14297e-09 1.34139e-10 -1.21293e-10  4.71338e-10 -2.10592e-10 -2.22251e-11  -2.54596e-06 -1.78021e-06 -2.86683e-06  -1.15182e-06 -3.66572e-07 -2.63646e-06  -1.79327e-09 -8.17919e-10 -1.31026e-10  8.41447e-10 -1.37389e-09 1.04975e-10  -3.10579e-08 -5.12528e-08 -2.05693e-07  -2.09176e-08 -2.49355e-08 -2.0138e-07  5.8437e-07 1.37877e-06 -2.70675e-06  2.27463e-10 -4.4727e-10 -5.82952e-11  1.33853e-06 5.9762e-06 -2.23758e-06  -6.23177e-09 -4.63581e-08 -3.2592e-07  -3.2638e-10 5.00988e-10 -2.67958e-09  -1.63614e-09 -3.41544e-10 -1.00849e-09  -2.3172e-08 -5.19586e-09 -8.83176e-08  1.65726e-07 1.21946e-09 -5.76822e-07  -3.5473e-10 7.93255e-10 -2.64105e-10  -7.91429e-06 -3.58041e-06 -7.91998e-07  4.87705e-10 5.4891e-10 2.80905e-10  -2.92556e-09 4.36345e-10 -1.17164e-08  -3.04456e-09 1.56296e-09 -6.33526e-09  -6.33256e-06 -2.66802e-06 -1.85978e-06  1.92358e-08 1.20456e-08 -3.81671e-08  -9.01567e-10 -1.36374e-09 -2.22555e-09  -1.1554e-09 1.41341e-09 -1.93529e-10  7.11718e-10 -1.05206e-09 -6.81207e-10  1.28586e-09 -1.0417e-09 -8.29113e-10  5.64929e-10 1.21493e-09 -1.07797e-09  3.30177e-10 2.24109e-10 2.9176e-10  -1.02019e-08 1.63587e-09 -3.50296e-08  -2.72491e-09 -1.49894e-09 -2.94061e-10  1.84136e-09 -9.54257e-10 -4.84656e-10  6.89077e-08 3.13232e-07 -1.54991e-06  1.29654e-07 2.84063e-07 -1.95261e-06  -6.83907e-08 2.20025e-07 -1.05179e-06  -6.87329e-08 3.39457e-07 -1.35119e-06  -3.45648e-06 6.33261e-06 -1.51242e-06  -6.50613e-10 -2.09464e-10 1.68887e-10  6.13433e-06 2.67759e-06 -1.93307e-06  7.14211e-09 1.03354e-07 -5.63676e-07  1.13803e-08 1.49106e-07 -7.3e-07  2.24299e-08 -2.30042e-08 -1.34005e-07  -2.46419e-10 8.15846e-10 4.88214e-11  -4.57598e-09 1.71186e-08 -5.82104e-08  4.18139e-10 5.50952e-10 2.82599e-10  -1.30695e-09 1.54788e-09 -7.4602e-10  -9.30783e-10 1.24488e-09 -5.75573e-10  -1.12739e-07 1.86137e-08 -4.19844e-07  -6.85598e-08 1.40055e-07 -5.97174e-07  8.45998e-07 -3.85028e-07 -1.5512e-06  1.22436e-09 -4.83479e-09 -5.46294e-09  6.00976e-08 -1.55907e-08 -5.20863e-07  -1.00553e-07 -1.07714e-06 -1.49978e-06  -4.1541e-08 1.49131e-07 -6.87505e-07  4.85828e-08 1.7298e-07 -7.1609e-07  2.70652e-07 -1.57331e-08 -6.89409e-07  -7.27038e-09 -1.25217e-08 -5.28787e-08  3.57347e-10 8.49875e-11 -4.44056e-10  3.48122e-08 -3.49944e-08 -1.95121e-07  -4.25344e-11 -9.00565e-10 7.03707e-11  -4.22837e-08 4.91829e-09 -1.56475e-07  -4.18717e-10 1.21907e-09 -2.85333e-10  -2.07694e-10 3.67338e-10 -1.0559e-09  1.9372e-06 2.13341e-06 1.52061e-06  -1.3998e-09 6.10507e-10 -4.82863e-10  -6.88692e-09 -1.70651e-08 -2.91628e-08  -6.3245e-11 -1.05224e-09 4.0758e-10  -2.70271e-08 -1.10924e-08 -1.13793e-07  -3.47016e-08 -1.99439e-08 -1.35143e-07  -7.10424e-10 1.50889e-09 -1.08612e-09  5.28691e-08 -2.96173e-09 -1.46618e-07  3.68229e-08 -4.1733e-09 -1.35713e-07  5.98244e-08 3.89897e-07 -1.28455e-06  1.9299e-09 -2.05421e-09 -5.25513e-09  3.88298e-09 -4.58704e-09 -7.3334e-09  -2.04055e-09 -7.71552e-09 -2.79981e-08  -8.10624e-08 1.6288e-07 -8.26467e-07  -8.09584e-09 9.36711e-07 -1.55437e-06  -2.27452e-09 -3.90699e-10 -4.23881e-09  -1.93995e-10 3.54402e-11 -5.31128e-11  -5.77784e-13 -5.20226e-10 -1.5121e-10  -1.29444e-10 2.71816e-09 2.20877e-10  4.27407e-06 5.81584e-06 1.0286e-06  3.03718e-06 3.7413e-06 1.42105e-06  8.35545e-10 3.02709e-11 -5.3163e-10  -2.15198e-10 9.72368e-11 2.61188e-10  -3.42886e-09 6.8819e-10 -4.83358e-09  -2.97352e-10 2.77392e-09 -4.11964e-09  2.55484e-10 -4.78243e-09 -2.31753e-09  -1.76634e-09 -3.78417e-10 -6.35339e-10  -1.19254e-09 2.39002e-10 9.63986e-12  -8.78661e-10 -2.57077e-10 -2.90992e-11  -1.64984e-09 -2.08761e-08 -8.54476e-08  2.51146e-10 -6.18305e-10 -2.19206e-10  7.65271e-10 -7.23093e-10 -3.2347e-10  -6.36019e-09 2.43377e-10 -4.15355e-09  -2.9454e-09 -1.77909e-10 -7.40267e-09  1.10636e-09 -7.23031e-10 -5.21925e-10  7.16263e-09 2.92595e-08 -5.64758e-08  1.05863e-08 2.38993e-08 -4.63058e-08  -1.55239e-07 5.46963e-08 -6.35282e-07  -7.07945e-09 -4.48073e-08 -1.0898e-07  -1.37758e-09 -9.18401e-10 -9.96619e-10  -1.99042e-09 -1.11774e-08 -2.30819e-08  -1.11514e-09 -1.78808e-08 -3.44317e-08  8.53485e-10 1.94137e-09 4.92654e-10  6.615e-10 1.2353e-09 1.72824e-10  4.6598e-10 1.41963e-09 3.35459e-10  8.60237e-10 -6.03903e-10 -1.20317e-09  1.79181e-07 2.98631e-08 -1.32849e-06  -3.28231e-08 -2.11925e-08 -2.57268e-07  5.41957e-10 -6.5347e-10 6.07484e-10  -8.31919e-08 -3.6418e-08 -3.65692e-07  -9.83793e-08 -7.71123e-08 -4.13589e-07  3.80629e-09 -5.57679e-09 -1.5715e-08  -5.90438e-10 7.84598e-10 9.74242e-11  -1.40588e-08 -4.76119e-08 -1.84945e-07  -8.34268e-09 -2.51598e-08 -1.41674e-07  -1.61348e-07 7.67332e-08 -1.44866e-06  -3.61341e-09 3.77169e-09 -6.50545e-09  -1.80332e-09 -9.88768e-10 -2.31205e-09  -5.27508e-10 6.83613e-11 -1.35372e-09  3.27646e-10 -8.29198e-09 -7.21392e-09  -3.16568e-09 3.07538e-09 -6.12928e-09  2.84529e-07 7.4534e-07 -1.50052e-06  8.75355e-09 1.40828e-09 -1.72091e-08  -1.78635e-07 4.72927e-08 -1.08509e-06  1.52115e-08 2.30511e-08 -8.74605e-08  3.52683e-08 -9.31523e-10 -1.09659e-07  -6.70026e-06 1.94053e-06 -1.34891e-06  1.01514e-07 2.09565e-08 -4.77152e-07  1.03177e-09 8.49808e-10 -6.65645e-11  4.64034e-12 1.94944e-09 2.05392e-10  5.69532e-10 -1.42362e-09 -1.90996e-10  7.01695e-10 -1.24995e-10 -6.68281e-10  1.31227e-08 3.14742e-09 -1.54816e-08  7.83273e-06 -1.43653e-06 -7.51075e-07  -1.23339e-07 2.12558e-08 -3.04996e-07  3.28449e-09 -8.20908e-09 -1.82665e-08  3.14942e-06 -4.21298e-06 1.12308e-06  -7.71931e-10 6.50552e-10 -1.55877e-09  -7.8073e-10 -3.30461e-09 -2.68213e-09  -7.02598e-10 2.52614e-10 6.52969e-12  -3.8877e-10 -1.39765e-10 3.5929e-10  3.31355e-07 2.84482e-07 -1.31024e-06  4.21913e-07 2.10908e-07 -1.40822e-06  -5.55036e-08 -6.50551e-08 -2.92504e-07  -9.88834e-08 -8.97683e-08 -4.9174e-07  -2.85414e-09 -2.04657e-09 -1.00589e-09  -5.58283e-10 -5.94213e-10 4.59633e-10  -1.20021e-09 6.46186e-11 -2.30183e-10  1.15513e-09 3.96273e-10 3.06751e-10  9.86348e-09 -4.46471e-09 -1.75326e-08  7.64058e-09 -3.19138e-09 -2.17354e-08  4.72005e-09 -1.95436e-09 -1.26773e-08  -1.33755e-08 1.25997e-09 -2.40715e-08  2.25202e-07 -2.08522e-07 -1.3477e-06  6.97379e-06 -3.81183e-06 -9.35556e-07  -3.44433e-08 9.33636e-10 -8.26598e-08  1.63056e-09 1.21093e-09 -2.43126e-10  -1.61272e-06 6.56624e-06 -2.21127e-06  5.51961e-09 2.35971e-09 -1.11429e-08  -3.56338e-09 -1.94314e-09 -8.63775e-09  -1.64216e-08 -1.14657e-09 -3.21234e-08  9.70128e-09 2.36139e-09 -1.45307e-08  -1.10103e-07 -1.00889e-08 -5.816e-07  3.11664e-10 8.16903e-10 -8.01158e-10  -8.26236e-07 -3.83075e-07 -1.22081e-06  -9.80167e-07 -1.73546e-06 -2.93374e-06  -4.06959e-09 1.17743e-09 -2.25611e-09  1.02024e-08 -3.9046e-10 -4.19577e-08  5.75761e-06 5.14641e-06 -1.95927e-06  -4.18767e-09 -6.38032e-11 -4.37144e-09  2.84577e-10 -6.25175e-10 -1.00166e-09  -1.68261e-07 8.20907e-07 -1.57398e-06  2.03041e-09 1.20956e-09 -2.83874e-09  2.774e-09 1.36376e-09 -2.61848e-09  7.0574e-08 -3.14056e-08 -2.9714e-07  1.09004e-06 6.19046e-08 -1.58215e-06  1.13482e-06 1.43014e-07 -1.32317e-06  1.018e-06 3.5855e-07 -1.4884e-06  1.85908e-09 -1.96985e-09 -1.28327e-09  3.70861e-06 -7.29971e-06 -9.62084e-07  2.45365e-06 -5.71575e-06 -2.11734e-06  -5.87957e-09 2.35132e-08 -4.83214e-08  -2.02983e-07 -4.86069e-08 -9.26443e-07  -1.9199e-09 7.63258e-10 -2.20458e-09  -3.74525e-09 1.25322e-09 -4.17842e-09  -2.22375e-09 2.39815e-08 -5.56809e-08  -1.76586e-07 3.45185e-07 -1.36689e-06  -4.07205e-07 -6.05002e-07 -1.24955e-06  4.47909e-10 -5.08403e-10 -1.27963e-09  -9.30073e-10 -1.79622e-09 -5.78744e-11  1.06227e-08 -1.84735e-07 -1.03362e-06  2.74063e-09 -1.93826e-09 -2.86346e-09  2.2997e-09 -1.69039e-09 -2.50281e-09  -1.26893e-08 5.61407e-09 -1.58858e-08  8.52949e-07 -6.22947e-09 -2.52574e-06  1.41706e-06 -4.47047e-07 -2.70611e-06  8.95567e-10 -4.52608e-10 -5.56656e-10  1.89048e-09 -2.50258e-09 -4.04831e-09  -5.45635e-10 -6.37436e-11 5.51535e-11  -5.56919e-07 -6.28601e-06 -2.083e-06  3.88536e-10 7.80848e-11 -4.38022e-10  1.40632e-07 -2.69334e-07 -9.96786e-07  -3.92117e-06 -6.46381e-06 -1.44408e-06  -1.04779e-08 -6.62763e-09 -1.84644e-08  -6.57806e-09 -3.18894e-09 -1.21851e-08  4.08571e-10 5.07771e-11 9.39965e-11  4.36568e-08 3.07636e-09 -2.52572e-07  2.58922e-08 -2.28226e-09 -9.12541e-08  -2.14533e-09 3.48043e-09 -3.08484e-09  -1.39988e-08 1.19279e-08 -4.42187e-08  4.62396e-10 -3.51413e-10 1.10987e-10  4.54633e-08 -2.58266e-08 -2.25119e-07  4.43276e-09 1.43626e-08 -4.18383e-08  -5.12464e-06 -3.62256e-06 9.53024e-07  5.93314e-10 2.92782e-10 -8.90468e-10  -7.52872e-08 -4.1521e-10 -4.21431e-07  3.91354e-09 -3.09466e-10 -3.46908e-09  1.16029e-08 1.30122e-08 -6.75671e-08  -2.0962e-08 5.7368e-08 -3.26077e-07  -1.4269e-08 7.92543e-08 -2.93844e-07  2.83915e-08 -1.59973e-07 -8.0138e-07  7.80208e-07 -7.9099e-07 -1.39115e-06  3.07003e-07 -1.56024e-07 -1.7197e-06  8.93409e-10 -2.24953e-09 1.08839e-10  3.00672e-09 -1.86919e-09 -3.00609e-09  9.26025e-08 -3.42563e-07 -1.32057e-06  -1.85213e-10 2.63557e-10 -1.45195e-10  2.73541e-08 1.80983e-08 -1.16968e-07  -3.28274e-09 -6.62211e-09 -5.99043e-09  -2.39887e-09 1.28758e-09 -2.20738e-09  1.54785e-09 -5.84545e-09 -7.4811e-09  -3.44236e-08 1.1994e-07 -4.65148e-07  -2.35039e-08 1.35525e-07 -4.95424e-07  -5.832e-09 -1.2987e-08 -2.19574e-08  2.36484e-09 -3.26132e-10 -1.40628e-09  4.85812e-09 -2.29601e-08 -1.29649e-07  -3.78902e-07 -3.82159e-08 -1.21519e-06  -7.22516e-08 3.46017e-08 -5.18346e-07  -1.26791e-10 1.15821e-09 -1.19892e-10  -1.49102e-09 3.46255e-09 -3.03061e-09  -4.66808e-11 1.74621e-09 -2.03655e-09  5.80381e-08 -6.59751e-08 -2.35465e-07  -9.00108e-10 2.48558e-10 -2.08184e-10  1.08195e-09 -8.31258e-11 5.06263e-11  1.01312e-09 -1.43296e-09 -1.48139e-10  9.82868e-09 5.38387e-08 -2.24199e-07  1.49238e-09 2.14169e-09 -3.50394e-09  8.29206e-10 2.16003e-09 -3.24255e-09  2.60295e-09 7.46234e-11 -5.24118e-10  -2.88201e-10 -3.53782e-10 1.71551e-10  4.30687e-07 2.19425e-07 -1.64993e-06  1.00824e-06 -2.80169e-07 -1.1935e-06  -5.61391e-10 -9.53067e-11 -1.06759e-09  -9.31453e-10 5.5805e-10 -1.75065e-09  -1.16546e-09 2.80293e-12 -1.02256e-09  -7.45877e-11 -4.39154e-10 7.31895e-11  5.42545e-07 3.06505e-07 -2.02269e-06  1.09258e-08 -5.42301e-08 -2.48491e-07  1.69791e-08 -1.00277e-06 -1.31326e-06  4.38308e-09 -1.00898e-09 -1.58093e-08  7.0034e-08 3.41942e-08 -3.08947e-07  1.38874e-07 -2.06652e-07 -7.18959e-07  -1.13616e-07 -1.49347e-07 -1.17739e-06  1.46231e-09 3.35788e-09 -1.41599e-10  -6.8281e-10 -3.13045e-10 -2.61594e-10  -6.82014e-08 7.1604e-08 -1.92734e-07  -2.56014e-09 2.38106e-09 -2.48702e-09  3.49571e-08 3.07951e-08 -1.68659e-07  1.2953e-09 -2.41887e-09 -2.48998e-09  -2.42733e-10 -2.96701e-09 -2.38891e-09  2.31969e-08 -1.14844e-08 -8.15523e-08  -1.113e-09 -7.14441e-10 -1.71229e-10  -1.72057e-08 -9.33244e-09 -2.34383e-08  1.57901e-07 -1.11884e-06 -1.534e-06  -5.75658e-07 5.22018e-07 -1.52391e-06  4.67775e-10 -1.35417e-09 5.00192e-10  7.54743e-08 3.99898e-08 -4.51731e-07  -2.73849e-09 7.30188e-08 -3.80258e-07  -2.80682e-10 -1.00784e-09 -1.4132e-10  -4.86421e-08 -1.3643e-08 -1.32317e-07  4.49656e-10 1.6988e-09 -1.11094e-09  -3.63829e-09 -5.51091e-09 -6.43687e-09  -1.33684e-08 -2.01122e-08 -5.1457e-08  1.70504e-09 3.09741e-09 -4.36257e-09  -1.09693e-08 3.49959e-09 -2.06246e-08  -6.23387e-09 4.43847e-09 -3.24192e-08  9.22533e-08 3.43095e-07 -1.00026e-06  -5.38546e-10 6.95054e-10 -3.87586e-10  1.94452e-09 -6.11643e-10 -4.71711e-10  9.9951e-10 1.49974e-09 -1.70602e-10  7.41678e-10 1.21524e-09 -1.99078e-10  5.25032e-10 -1.98699e-10 5.38075e-11  3.48532e-08 2.40523e-08 -1.57583e-07  5.344e-09 -8.91158e-09 -2.70906e-08  8.76749e-09 -8.48837e-09 -2.35943e-08  -4.11949e-10 9.82601e-11 -3.30128e-10  6.48195e-07 -5.62939e-07 -1.28684e-06  -3.24581e-10 -7.5058e-10 4.41753e-10  6.5448e-10 -1.56605e-08 -2.94702e-08  -9.16816e-10 1.48551e-09 -1.28346e-09  -2.67975e-10 4.37491e-09 -2.06362e-09  9.93859e-09 -3.39322e-09 -2.56253e-08  -4.85798e-06 4.34733e-06 -1.71832e-06  -1.35269e-09 3.04677e-10 -2.84861e-09  3.6188e-10 -5.87797e-10 -4.21e-10  -1.3671e-07 2.8941e-08 -5.41387e-07  -3.42634e-08 -7.16431e-08 -2.58509e-07  1.49685e-07 -4.64311e-08 -6.89631e-07  -1.74681e-09 -1.59458e-09 -1.92461e-09  6.45505e-08 -3.89824e-09 -3.34768e-07  -1.84172e-09 -1.20521e-10 -1.42725e-09  -3.49941e-09 -3.05923e-10 -1.28384e-09  -1.20982e-10 4.58249e-10 1.84117e-10  -3.03509e-09 -1.42203e-10 -1.73516e-09  8.7507e-09 7.48113e-09 -2.26519e-08  -3.11002e-10 2.65588e-10 -5.11948e-10  -8.39551e-10 -3.52835e-10 2.97644e-11  1.76095e-07 -1.51605e-07 -1.95828e-06  4.36548e-08 -1.01931e-07 -5.7093e-07  -6.17953e-11 -2.33875e-10 -2.23631e-10  -5.21834e-09 -5.66837e-07 -1.55187e-06  -1.26685e-08 -2.10462e-09 -1.07761e-08  -6.74005e-09 8.92583e-09 -1.14976e-08  2.41456e-09 1.12881e-08 -1.80255e-08  -6.59526e-10 3.53159e-10 1.16004e-10  3.16441e-07 1.14834e-07 -1.31171e-06  1.28858e-06 -4.6792e-08 -1.30385e-06  3.07143e-08 -3.88232e-08 -1.7728e-07  5.15186e-06 -1.25671e-06 1.28669e-06  7.1406e-08 -3.23193e-07 -2.03168e-06  5.09776e-09 -5.52518e-09 -9.2559e-09  -7.19232e-08 7.15836e-08 -5.65289e-07  3.39585e-08 3.48078e-08 -1.26862e-07  7.07192e-10 4.00198e-10 -1.59755e-10  3.92587e-09 -1.29986e-08 -2.31071e-08  -6.67119e-08 -2.71643e-08 -1.62064e-07  -1.17677e-08 5.21541e-09 -1.80249e-08  1.34835e-09 -3.10379e-09 -2.49258e-10  -9.38569e-09 -8.2505e-10 -1.08867e-08  8.99542e-10 8.43586e-10 -1.26795e-09  -2.57036e-09 -3.54146e-10 -6.66704e-09  6.86697e-08 -5.04769e-07 -1.49856e-06  2.13512e-09 4.31053e-09 -5.93124e-09  3.77958e-08 -5.75014e-08 -1.95799e-07  4.82758e-07 1.02596e-07 -1.47264e-06  4.4845e-10 -2.99549e-09 -2.15733e-09  3.44267e-09 -5.57041e-09 -1.00575e-08  -2.72881e-08 3.28092e-08 -1.54746e-07  8.09722e-11 6.24476e-11 -2.16145e-10  4.82852e-09 -4.13757e-08 -8.95651e-08  -6.64204e-09 -4.60491e-09 -7.42947e-09  
            </DataArray>
            <DataArray type="Float64" Name="Force" NumberOfComponents="3" format="ascii">
               0 0 0  -6.44678e-09 -2.75785e-09 1.61079e-10  -2.15155e-07 6.1072e-07 1.81031e-10  -1.92209e-07 4.57458e-07 8.28542e-11  -6.8104e-09 -2.62791e-08 -4.3295e-11  -5.71487e-09 -1.29886e-08 -1.92625e-10  0.000166592 -0.000627778 -2.4531e-05  -1.89694e-08 1.78054e-07 -3.51242e-10  2.55495e-08 1.35446e-07 2.02228e-09  1.73417e-08 3.1398e-07 1.48444e-09  8.14133e-10 1.04421e-09 1.0372e-10  0.000928114 -0.00074128 -2.7019e-05  0.00144675 -0.000125734 -2.37745e-05  4.91975e-05 0.000138251 6.70471e-07  3.66227e-05 6.56827e-05 5.13531e-07  0.000110258 0.000144749 5.44746e-07  -9.75642e-09 -1.26018e-08 4.03955e-10  0.000383265 -0.000416064 1.02631e-05  -6.78986e-10 -3.90722e-08 2.95965e-10  -1.47351e-08 -7.35555e-08 1.57801e-10  5.62874e-09 -1.25633e-07 -2.30332e-09  0 0 0  0.00103909 0.000514383 -1.85815e-05  1.41207e-08 -2.07182e-08 -3.16221e-10  -1.65326e-09 -1.68716e-08 -1.33669e-10  -1.60213e-08 -4.67876e-09 -3.80049e-10  1.14157e-08 -2.53349e-09 -3.329e-10  0 0 0  7.76962e-09 -8.17873e-09 -4.40878e-10  2.75279e-09 -2.33874e-09 2.14594e-11  0.00100059 0.000943343 -1.32637e-06  0.000983072 0.000712584 -2.58099e-05  -7.76051e-09 -1.85011e-08 -4.90611e-10  0 0 0  -0.000247385 0.000513699 1.16397e-05  -0.000427291 0.000871834 -1.0612e-05  4.14669e-09 -2.2764e-09 5.47109e-11  1.58428e-08 -2.29767e-08 -7.64122e-11  0.000383091 1.53798e-05 6.11055e-06  0.000184373 2.79077e-05 2.87395e-06  0.000186783 -2.8127e-05 2.64347e-06  -0.000318839 -0.00106995 -2.31464e-05  -0.000171697 -0.00110454 -2.70815e-05  1.64628e-08 -1.6281e-08 1.07846e-10  1.9785e-09 -3.52182e-09 7.5014e-11  0 0 0  -2.14327e-06 2.96292e-06 5.94546e-08  -3.69274e-06 3.17217e-06 1.13846e-07  -0.000376484 0.00115741 -5.34585e-07  0 0 0  0.000304149 0.000495497 1.1911e-05  -0.000759527 -0.000868397 -1.61165e-05  -0.000551824 -0.000965159 -2.34607e-05  0.000501664 0.000444128 -4.25742e-06  0 0 0  0.000974266 0.000784636 -3.68837e-06  0.000272006 0.000560187 -2.35894e-05  0.00123264 0.000588315 -1.34101e-05  -0.00173029 0.000649857 -3.84177e-06  -0.000474136 0.00026504 1.02101e-05  -0.00103385 0.000380315 -6.5428e-06  3.03022e-09 -1.77761e-08 -5.0085e-10  0 0 0  -0.000460884 -0.00107465 -2.20977e-05  0.000556583 -5.06591e-05 -1.99549e-05  0 0 0  3.41485e-07 -6.93511e-08 -6.00194e-09  2.46672e-07 5.47498e-08 -1.15293e-10  3.60109e-07 2.69671e-08 -3.23595e-09  0.00039238 0.000406678 -3.06019e-05  -2.25667e-07 -3.06971e-06 3.83771e-08  -2.85423e-07 -1.02622e-05 1.0423e-07  -0.000821807 -0.000936383 -1.37891e-06  0 0 0  -2.1845e-09 2.27848e-09 7.53026e-11  0.00280485 2.39811e-05 -2.8822e-05  -0.000226359 -0.00119197 -5.07135e-06  7.63028e-09 3.99426e-07 3.84828e-10  -4.33819e-08 2.40113e-07 2.23405e-10  -1.85577e-07 2.21268e-07 1.04006e-09  -1.63341e-07 1.36794e-07 -1.15824e-10  0 0 0  1.02302e-08 -2.57851e-08 2.2693e-10  4.74773e-09 -2.35449e-08 -1.55118e-10  -3.87599e-05 -0.000593532 1.05498e-05  6.39771e-09 5.20321e-09 -2.98802e-10  -4.25938e-08 -4.26941e-08 -2.9965e-10  0 0 0  1.88323e-08 -7.45286e-09 -3.67637e-10  9.27802e-10 -1.31629e-08 1.59288e-10  1.41429e-07 -3.32385e-07 1.25877e-08  3.02582e-07 -3.42143e-07 9.4623e-09  3.99048e-07 2.14435e-07 9.39239e-10  2.44136e-06 5.92666e-06 9.91282e-08  5.54643e-06 8.8846e-06 1.70513e-07  1.70649e-06 2.44692e-06 5.05871e-08  0 0 0  -1.77455e-06 9.5668e-07 5.42923e-08  -1.3238e-06 7.13563e-07 3.94806e-08  -1.94234e-06 4.60026e-07 3.99501e-08  1.50925e-09 -5.33016e-09 -3.0184e-12  -1.3457e-08 1.89894e-09 -1.29053e-10  0.000313549 -0.001613 5.84995e-05  0.000768644 -0.00118069 4.16714e-05  0.000342266 -0.000818281 -8.10146e-07  1.40699e-05 5.94389e-06 1.97786e-07  2.37905e-05 5.05381e-06 2.54177e-07  0 0 0  -5.03133e-09 2.1605e-09 1.53998e-10  0.00127613 -0.000377491 -8.3272e-06  -0.00234477 -0.000857441 -3.99553e-05  0 0 0  0.00160748 -0.000614727 1.04564e-05  0.0015611 -0.000875626 -1.64304e-05  0.000868971 -0.000635985 2.17421e-05  -0.00177267 -0.000256333 -3.86377e-05  -0.000466493 -0.000409336 1.51447e-05  4.46532e-08 2.62059e-08 8.00381e-10  -3.17529e-09 -3.30323e-08 2.46512e-11  3.57787e-10 -6.87683e-09 1.31756e-10  -6.58524e-09 -8.50013e-09 -3.69374e-10  -2.93283e-09 -3.10004e-09 6.77003e-11  -0.000434691 0.000382056 1.43699e-05  -0.000454655 0.000477692 -1.78125e-05  0 0 0  0.000451369 -0.000198104 3.16329e-06  0.00104994 -0.000650603 -2.60605e-05  -8.87184e-10 -5.74968e-09 9.55165e-11  -0.000375969 0.00115519 -3.42314e-06  -0.000112747 0.000331027 2.81463e-06  -0.000139407 0.00085932 1.97694e-05  4.27663e-08 -7.3303e-08 8.94523e-09  1.52941e-07 -1.58363e-07 8.63944e-09  -9.60308e-05 0.000114042 1.50429e-06  -0.000137656 0.000190369 3.40562e-06  -6.93391e-05 0.000153865 2.5715e-06  0.000374702 -0.000486195 -2.26498e-05  0.00114661 -0.000560839 -7.13432e-07  0.000449841 -0.00105056 -2.32335e-05  0.000187024 -0.000519555 -3.19307e-05  -5.31027e-05 -0.000161951 1.18595e-06  0.000136737 0.00054882 -1.93875e-06  8.60578e-09 -8.53874e-10 2.40727e-10  0.000223891 -0.00112641 -2.05216e-05  0.000436834 -0.00100113 -1.44426e-05  0.000117718 -0.00123069 -1.71807e-05  -1.08673e-09 1.71517e-09 3.43691e-11  -0.000595688 7.18827e-05 1.17729e-05  -0.00121391 0.000306579 1.34837e-06  -4.04026e-09 -1.12968e-09 4.51607e-11  4.48649e-09 2.61451e-09 1.45771e-10  0.000243588 0.000445545 1.23032e-05  0.000207304 0.000431118 8.8265e-06  0.000430943 0.000514735 3.85908e-06  1.08103e-08 -7.53056e-09 -9.2917e-11  2.61386e-09 -1.70307e-08 4.94141e-10  -5.67042e-05 -0.00104018 -2.20593e-06  0.000286685 -0.00157132 -3.85416e-05  -2.93471e-07 3.20878e-07 2.79025e-10  7.06824e-09 6.06348e-08 -3.37032e-10  0.00106758 -0.001346 -5.65836e-05  -7.55228e-08 6.05332e-08 5.97734e-10  -0.00010132 -0.000300295 1.00952e-05  0 0 0  0.000624974 0.000184539 -8.46635e-06  2.51644e-10 9.0458e-10 -2.92808e-11  -2.11615e-09 -5.6592e-09 -2.39381e-10  -9.24352e-05 0.000628026 -2.4205e-05  -3.23954e-08 -5.33737e-09 -3.79331e-10  -2.42676e-08 -7.61915e-09 7.12776e-10  -4.9586e-08 -2.61961e-08 -1.09106e-09  1.52024e-08 6.63726e-09 3.6266e-11  -1.45365e-07 -3.21537e-08 -7.59778e-10  -5.26098e-09 -8.40414e-09 -3.49337e-10  3.31602e-05 0.000633562 -2.47789e-05  0 0 0  0 0 0  0.000271557 -0.000428834 7.75189e-06  -3.1623e-05 2.69548e-06 7.00485e-07  -3.717e-05 -6.50337e-06 -1.27971e-07  -4.14134e-05 2.30804e-06 4.98124e-07  5.14525e-05 -7.22599e-05 5.29527e-07  2.36355e-05 -3.82686e-05 5.315e-07  -0.00186655 8.04509e-05 -5.77394e-05  -1.36167e-09 5.53041e-10 -4.57332e-11  -6.5623e-08 -9.18245e-08 -1.18714e-09  2.36269e-07 -2.7573e-07 4.44245e-09  1.32004e-08 -2.71253e-08 6.5321e-09  -4.92866e-06 -2.22542e-05 3.49218e-07  -1.09911e-05 -1.95958e-05 4.01875e-07  -5.19285e-07 2.96553e-07 6.32703e-10  0.000369116 0.00102787 -1.96606e-05  2.31069e-08 4.82629e-09 -3.96805e-11  -0.000525248 0.000228897 6.62097e-08  0.000676191 0.000198229 -7.12555e-06  0.000864163 6.84127e-05 -2.47764e-05  4.64613e-07 -2.95896e-07 1.00982e-09  2.53225e-07 -2.31765e-07 3.73712e-10  -2.65482e-08 1.55327e-09 2.93688e-11  -5.40409e-11 3.89397e-10 1.13352e-10  2.28733e-07 -2.8092e-07 -5.52902e-11  2.80801e-08 -2.22103e-09 -3.81067e-10  2.00417e-08 -4.54879e-09 2.172e-10  0.00119204 -0.000359309 -2.42e-05  -4.45315e-09 3.80586e-09 -1.97236e-10  -0.000483211 -0.000989365 4.59031e-06  -0.000412445 -0.00143221 1.21671e-05  -0.000242971 -0.00121019 1.84553e-05  -2.44138e-07 1.26337e-07 5.59445e-11  -1.36028e-07 3.60147e-08 1.39643e-11  -2.09822e-07 9.62796e-08 2.31013e-10  0.000167314 0.000646811 -2.05217e-05  -3.26232e-07 2.54091e-07 2.16961e-10  -4.97939e-07 2.01995e-07 3.99557e-10  -5.17639e-08 1.38457e-08 6.82436e-11  -1.29898e-07 -1.05287e-09 3.96699e-12  -2.01068e-07 4.64634e-08 -5.33699e-11  1.52974e-07 -8.78338e-08 6.46307e-09  7.33798e-05 0.000931798 1.2032e-05  -3.53907e-08 -9.98875e-08 1.41127e-09  -1.96343e-08 -2.99294e-08 -5.33408e-10  -2.74298e-09 -6.32827e-09 2.94446e-10  1.52685e-09 -6.16768e-09 1.57358e-10  5.01821e-09 -1.23087e-08 -2.7021e-10  1.5784e-08 -2.6378e-08 -4.2846e-10  4.64476e-08 -8.76224e-08 4.7042e-10  1.57469e-08 -4.58846e-08 -8.83823e-10  -0.00115705 0.000293894 -4.64815e-05  -2.14459e-08 -1.1928e-08 6.80959e-10  -5.83351e-05 7.16803e-05 -2.18266e-07  -5.63343e-05 5.96918e-05 9.58699e-07  -6.87543e-05 5.90511e-05 -1.67215e-07  3.66792e-07 4.3038e-07 6.38911e-10  2.47077e-07 4.37196e-07 1.63538e-10  1.9511e-07 5.30156e-07 6.43468e-10  -6.50686e-09 2.04865e-09 -2.15705e-10  -4.1929e-06 -1.08837e-05 1.99786e-07  5.29581e-11 1.14869e-09 -7.75346e-12  0.000216277 0.000449251 -2.40244e-05  0.000297027 0.000992604 -2.52178e-05  1.24421e-08 3.27883e-09 -1.27129e-10  4.83462e-09 4.96485e-09 1.34471e-10  9.2451e-08 5.76333e-08 -9.88878e-12  0 0 0  -0.000200558 6.64706e-05 1.1483e-06  1.93959e-08 1.17043e-08 -5.17424e-11  1.16678e-08 7.96899e-09 -3.62589e-10  6.65685e-09 -1.44593e-08 2.20603e-10  -5.01231e-09 2.49521e-09 4.64104e-11  0 0 0  3.28132e-08 -9.35544e-09 5.50247e-11  4.97863e-09 4.26963e-09 1.39702e-10  -2.13642e-07 -2.10983e-07 5.20703e-10  -1.84762e-07 -1.37538e-07 -3.05796e-10  -1.90353e-07 -1.51078e-07 -4.8866e-12  0.00047171 -0.000405778 -2.90825e-05  -1.78544e-08 -1.25016e-09 -2.77056e-10  -2.7801e-08 -1.96333e-08 1.96271e-11  1.88111e-08 4.04318e-08 7.14416e-10  -8.67935e-05 4.52514e-05 1.93984e-06  -4.45841e-05 1.01826e-05 9.15611e-07  -5.27686e-05 2.90122e-05 1.58375e-07  -1.46825e-09 -2.34183e-09 3.18191e-11  1.81396e-07 1.25693e-07 -3.55898e-10  3.2528e-07 1.36115e-07 3.55575e-09  3.17026e-05 -0.000556498 -2.90917e-05  1.47966e-05 -4.48938e-05 5.2009e-07  1.40679e-07 -3.29398e-07 -1.81566e-10  -0.000727235 -0.00147491 -4.01375e-05  -1.59236e-07 -1.12097e-07 -1.51109e-10  -1.61004e-07 -8.83734e-08 3.46221e-11  5.28879e-09 5.4659e-09 -2.14648e-10  -0.00105867 0.000523103 -1.71449e-05  -0.00053179 0.000369762 -2.70872e-05  8.03546e-08 -2.50405e-08 -8.30123e-10  8.24808e-08 9.66724e-11 -6.90997e-10  -0.00157497 -0.000977987 -3.72748e-05  -0.000438309 -0.000384183 -2.06962e-05  -0.00141281 -0.00094154 -9.17297e-06  0.000484722 -0.00079819 -1.38584e-05  0.000634827 0.000187995 -7.16142e-06  -3.83755e-08 1.0258e-08 1.76615e-10  -0.00111258 0.000173919 -5.4887e-07  -0.00108113 0.000755419 4.65925e-05  3.96127e-07 -4.96694e-08 3.29048e-09  -1.09241e-05 -1.37758e-05 2.27137e-07  -1.16463e-05 -8.63997e-06 1.17513e-07  -6.02336e-06 -6.13645e-06 1.49138e-07  0 0 0  0.000190478 0.00118524 -1.7296e-05  -1.24291e-08 3.7163e-07 7.04001e-11  0 0 0  2.23074e-07 -2.78218e-07 3.73838e-10  4.9046e-06 2.54653e-06 1.13857e-07  4.03567e-06 2.34247e-06 8.76418e-08  0.000588133 0.000181441 -1.19268e-05  -0.000341388 -0.000555856 -2.80143e-05  4.03462e-07 -6.45497e-07 3.52793e-10  -6.40991e-09 6.82559e-08 8.68521e-11  3.18482e-05 -0.000560013 9.10298e-06  -0.000304048 3.8003e-05 1.17792e-06  -0.000227643 -3.45997e-05 1.78384e-06  -2.61479e-07 -1.58081e-07 8.09e-10  -1.48932e-07 -1.48692e-07 4.47874e-10  -4.45839e-07 -2.8343e-07 8.46578e-10  2.02306e-06 -1.39942e-06 2.77262e-08  4.17978e-06 -3.7341e-06 8.24675e-08  2.3808e-06 -1.95116e-06 5.10957e-08  -0.000725203 0.00103762 -1.27369e-05  -5.01946e-09 3.50373e-09 1.61764e-10  0 0 0  4.454e-08 -1.73229e-07 2.40472e-09  -3.59498e-07 -3.85758e-07 3.46733e-10  -4.19917e-07 -3.18463e-07 2.44677e-10  -2.21184e-07 -1.27232e-07 1.76964e-10  -5.45849e-07 -2.04767e-07 1.91482e-10  0.000246978 0.000515866 1.41186e-06  -1.55584e-07 -5.79106e-07 2.23411e-09  -1.33054e-07 -5.35568e-08 -1.3291e-10  -2.08056e-07 -6.1055e-08 1.06687e-10  -1.53117e-08 -1.6078e-08 -4.72596e-10  1.61937e-08 1.3891e-08 -6.53223e-10  1.34259e-08 1.69803e-08 -5.18763e-10  6.5089e-08 -1.35631e-07 -1.39203e-09  1.15906e-07 -1.87854e-07 3.27922e-09  -1.70975e-08 -1.04626e-08 -1.93678e-10  9.66563e-07 -7.20787e-06 1.02017e-07  3.1987e-07 1.58407e-06 3.7252e-08  -0.000788768 0.00067305 -1.5032e-06  -0.000423991 0.00110758 -2.72692e-05  0.000101389 -4.61534e-05 1.21402e-06  0.000290984 -6.34549e-05 5.53275e-06  2.63426e-08 2.38053e-07 -6.80685e-10  2.20444e-08 2.38781e-07 -1.69889e-09  3.21219e-06 -1.12248e-07 5.82871e-08  -8.93633e-09 -7.63748e-09 -3.75013e-10  0.000572469 -0.00100303 -9.1799e-06  0 0 0  -7.86708e-07 -3.09423e-06 5.73445e-08  -3.21825e-06 -5.83406e-06 1.2357e-07  -1.93798e-06 -6.55957e-06 1.3638e-07  -2.12617e-08 7.61553e-08 -1.047e-09  -9.43036e-05 0.000914742 -2.97737e-06  -0.000146462 0.000560931 1.15437e-05  1.13574e-08 -1.21445e-08 3.23229e-10  -3.62846e-07 -2.32325e-07 3.11431e-09  -1.71005e-07 -9.40167e-08 3.49019e-09  -0.000529718 0.000990603 -2.77161e-05  -0.000440687 0.000246208 -2.97059e-05  -0.000434986 0.000382409 -3.89427e-05  1.11071e-08 1.10403e-09 4.47224e-11  1.26405e-08 -8.82857e-09 4.03578e-10  8.77545e-08 -2.43392e-07 -3.66622e-09  6.88385e-08 -2.62486e-07 3.88625e-09  -2.04881e-07 -9.78674e-08 3.94432e-09  -3.04125e-07 -2.19978e-07 3.75198e-09  -2.86121e-07 -4.48834e-07 4.76533e-10  -1.21147e-07 -3.70737e-07 4.1031e-10  -9.62974e-08 -2.08575e-07 1.97084e-10  -2.47073e-07 -3.86814e-07 9.55756e-11  -1.18932e-07 -1.71023e-07 2.75236e-11  -3.14122e-07 -2.89587e-07 3.34256e-11  3.07006e-07 -1.00378e-07 5.8764e-09  3.7655e-07 -9.19731e-09 1.32095e-08  1.50633e-08 -8.16377e-09 -6.55352e-10  -1.27989e-08 9.37021e-09 -2.44077e-10  6.90083e-10 -3.29483e-10 -1.03654e-11  0 0 0  -0.000151854 0.00056475 -3.5273e-05  -2.15767e-08 -1.50108e-08 -8.09634e-10  -3.94538e-07 2.88491e-07 9.52125e-09  -6.59299e-07 8.4964e-07 2.44365e-08  -2.04113e-07 3.23369e-07 1.12977e-08  0 0 0  0.000311412 0.000505074 -3.1961e-05  8.32256e-10 -1.69358e-09 3.36709e-12  -1.49753e-07 -2.22553e-07 -3.40396e-11  -3.23321e-09 -3.8459e-07 6.36801e-09  5.72811e-08 -3.12652e-07 8.32989e-09  3.84836e-08 -2.21747e-07 9.13082e-09  -0.000191828 0.00117717 -2.0606e-05  0.000484535 -0.000446555 2.2902e-05  0.00013317 -0.000111158 3.78158e-06  0.000218108 -0.000270686 2.12844e-06  0 0 0  -2.23834e-05 -2.10271e-05 5.44255e-07  -1.80616e-05 -1.03027e-05 -9.44997e-08  -7.81651e-07 -2.79202e-07 4.10966e-10  2.29361e-08 1.31324e-07 2.07993e-09  -3.89653e-08 2.78417e-07 1.78221e-09  3.05611e-08 2.54958e-07 1.27194e-09  6.68572e-08 2.21256e-08 7.57042e-10  -3.49519e-08 -1.30152e-08 3.18031e-09  1.77517e-07 2.74597e-08 2.10721e-09  3.68919e-08 -4.78241e-08 -3.41529e-10  -3.65049e-07 1.901e-07 8.1344e-10  -2.06006e-07 7.39681e-08 3.23594e-10  -3.9078e-07 3.02168e-07 1.18981e-10  -3.62083e-05 -0.000548226 -3.0716e-05  7.3217e-08 -1.54021e-07 -9.62388e-10  -0.000734862 0.00116654 3.64841e-05  -0.000373626 0.000316761 7.23898e-06  2.03055e-07 -8.37758e-07 1.4601e-09  2.1699e-07 -4.58722e-07 5.85842e-10  2.37988e-05 -1.65187e-05 3.26419e-07  2.64747e-05 -2.8517e-05 5.09926e-07  -0.000912391 0.00063289 -2.23895e-05  3.11448e-07 -3.1736e-06 4.60266e-08  4.27708e-08 -3.97394e-08 3.52809e-10  8.41313e-10 -1.59714e-08 -3.29883e-10  -0.00109338 -0.000412991 -2.65511e-06  -0.00226463 -0.000291339 -2.15749e-05  1.55499e-06 1.6811e-06 3.64971e-08  1.01407e-06 1.97325e-06 4.8697e-08  1.42506e-06 2.04805e-06 5.44928e-08  0 0 0  1.86006e-07 2.86689e-07 -7.6676e-10  -3.06299e-07 -8.12625e-08 1.2353e-10  -3.2733e-07 -1.69153e-07 1.02653e-10  -2.32895e-07 -3.68318e-08 1.82492e-10  -3.21195e-07 6.33506e-09 1.52442e-10  -3.49869e-07 -4.64956e-07 3.53809e-10  2.64046e-07 2.32721e-07 3.66066e-09  3.89735e-07 3.84843e-07 -1.98387e-09  1.73636e-07 2.62988e-07 -4.89884e-11  4.17051e-07 -1.7563e-06 3.10743e-08  9.39209e-07 -2.53614e-06 5.4323e-08  -2.99153e-05 0.000610852 -4.02112e-05  5.53507e-08 -4.29218e-08 -1.85261e-11  8.03547e-08 -9.20468e-08 1.44689e-09  -1.07467e-06 4.0452e-07 1.99814e-08  -9.4111e-07 1.52915e-07 1.67166e-08  0.000255185 0.000304312 1.31598e-05  2.27941e-07 -2.10618e-07 9.67031e-10  3.90147e-07 -6.34819e-07 2.24194e-09  2.66735e-08 -1.85846e-08 -1.01139e-09  0 0 0  -0.000521429 -0.000548239 1.44664e-05  -0.000373767 -0.000449872 1.47564e-05  -3.11936e-05 0.000646299 1.36801e-05  -5.53644e-07 -2.16407e-08 1.86297e-10  0 0 0  1.993e-07 -4.50795e-07 2.28799e-09  -0.000316497 0.000398652 -4.00706e-05  -3.82626e-07 3.09681e-07 1.63678e-09  -5.81474e-08 -3.92712e-07 -3.21439e-11  -6.65221e-08 -3.61797e-07 -7.6884e-11  -1.78002e-07 2.16616e-07 5.81392e-10  -1.32074e-07 2.73103e-07 -4.23908e-10  3.12055e-07 1.07426e-07 2.74323e-10  3.79154e-06 -1.00188e-06 1.05094e-07  -0.000760084 -0.00121118 -7.7236e-06  0.000246455 0.000421002 3.83407e-06  -1.21193e-08 5.21751e-09 -4.19464e-10  -7.38594e-07 -6.75273e-07 1.45174e-08  -6.93045e-07 -5.90605e-07 1.19488e-08  -5.79857e-05 -0.000101981 1.32031e-06  -0.000211553 -0.000235416 3.32751e-06  2.59906e-08 -1.90726e-07 -2.37414e-09  -1.39937e-06 -2.86969e-07 2.33948e-08  -1.08354e-06 -8.49037e-08 1.61803e-08  -2.15415e-06 -7.40316e-07 3.809e-08  -0.00210044 8.22275e-05 1.76339e-06  -1.59948e-07 -3.89977e-07 1.53334e-09  -1.75195e-07 -5.74356e-07 1.02748e-09  -2.83372e-08 -4.7504e-07 1.80077e-09  -1.57954e-08 3.13918e-08 2.45733e-10  2.30473e-07 2.52393e-08 3.84349e-09  2.63332e-07 -4.0063e-08 3.06294e-10  3.079e-08 -7.50644e-09 3.33619e-10  -0.000231884 9.82725e-05 6.15675e-06  7.31166e-06 1.54774e-06 1.26587e-07  6.33304e-06 -4.38503e-06 8.70789e-08  3.25135e-06 -3.23115e-06 6.442e-08  0 0 0  -6.21743e-07 -2.4998e-08 5.51872e-10  -3.71669e-07 -3.39818e-07 2.40909e-10  2.69567e-07 3.6277e-07 2.28399e-09  2.51454e-08 7.57152e-08 -1.18318e-09  1.16903e-05 -1.15603e-05 1.85327e-07  0.000232512 0.000729171 2.78136e-08  5.73815e-07 -1.64087e-05 2.06413e-07  -1.0579e-06 -6.50003e-06 7.71569e-08  -1.44923e-07 2.03617e-07 1.69632e-11  -7.7701e-08 -1.34645e-07 1.1184e-09  -2.16859e-07 -2.83331e-07 1.67653e-09  -3.47182e-07 -3.19212e-07 2.07271e-09  1.23932e-07 4.17001e-08 -1.16005e-09  3.82702e-08 -2.42055e-08 -7.77509e-11  1.49194e-05 2.70139e-05 3.32449e-07  5.45183e-10 8.3719e-10 -5.59713e-11  1.83121e-07 -3.48975e-07 -1.56176e-09  2.64918e-07 -2.71432e-07 3.83634e-09  2.51979e-07 -3.35141e-07 -1.1426e-09  -3.34054e-08 -1.17131e-06 2.78804e-08  4.32571e-07 8.21032e-08 -7.05342e-10  2.91154e-07 8.11956e-08 2.00531e-09  -5.1146e-07 -6.21725e-07 1.33307e-08  -2.34564e-07 -6.80295e-07 1.61846e-08  -5.01828e-07 -8.34473e-07 1.38572e-08  -1.24041e-07 1.25463e-07 1.71899e-09  0.000116484 0.000149559 1.1303e-06  1.17793e-06 3.36266e-06 7.8377e-08  3.43025e-08 -9.38274e-09 -1.01683e-09  2.23913e-08 -9.68007e-09 4.14172e-10  -1.64325e-08 -1.40786e-08 5.94411e-10  -1.34983e-07 -7.01259e-08 -7.34837e-11  -5.14741e-07 -8.80383e-08 3.72522e-09  -4.73051e-07 -1.60679e-07 6.35091e-09  0 0 0  4.90973e-08 -3.01505e-07 -2.95209e-11  7.5589e-08 -5.83635e-07 2.06765e-10  1.76258e-08 1.8219e-09 -1.22778e-10  1.27342e-08 -8.47777e-10 -7.96524e-11  0.000744351 0.00040917 7.28515e-06  -1.30474e-07 -1.9751e-07 4.08316e-09  1.7164e-05 1.94455e-05 2.27874e-07  5.39722e-05 4.31086e-05 6.69071e-07  -4.12885e-07 -4.49779e-07 6.44304e-10  -1.27972e-07 -2.18936e-07 3.685e-10  -8.16137e-06 -2.33117e-06 -1.64043e-09  -1.6518e-05 -1.40768e-06 2.73954e-07  -1.10791e-08 -7.65964e-09 3.23812e-10  -2.83212e-07 7.52408e-08 9.28537e-10  -0.000436018 4.09431e-05 8.82024e-06  -0.00102881 0.000415825 2.25229e-05  -2.01176e-07 1.79153e-07 1.38183e-08  0.000274785 0.000189502 3.31531e-06  -3.71713e-07 -3.56399e-07 2.02936e-10  -2.73505e-05 -2.6164e-05 5.49345e-07  0.0013698 0.000285655 -6.60736e-06  0.00153531 -7.57701e-05 5.63327e-06  -4.97984e-07 -1.86685e-07 1.52948e-09  -3.6397e-07 -1.5585e-08 1.71796e-09  -1.3964e-07 -3.7056e-08 9.82172e-10  -2.89372e-08 -4.5348e-07 7.91982e-10  -4.79293e-05 9.56211e-05 4.89475e-07  1.71444e-07 4.10835e-07 -1.32507e-10  1.73401e-07 2.98519e-07 2.20561e-10  -1.67719e-05 -2.38699e-05 2.37845e-07  4.08473e-07 -1.0891e-05 1.50669e-07  7.19279e-06 0.00105666 -4.72768e-06  -1.08541e-05 4.3405e-06 2.09862e-07  -1.03431e-05 6.61889e-06 1.91732e-07  6.32435e-10 -9.1529e-10 4.95629e-10  -5.12479e-07 6.68687e-08 2.41595e-10  -0.000393391 0.000407453 -1.11035e-05  -0.000963847 0.00125795 -2.85219e-05  7.48199e-05 8.12202e-05 7.54661e-07  -3.63232e-07 5.09721e-07 2.07722e-10  -5.45382e-08 1.41082e-07 -1.46073e-10  -4.28805e-08 2.24831e-07 2.40545e-09  -6.31124e-08 4.04905e-07 3.34693e-11  -1.47572e-08 3.47472e-07 1.3956e-10  5.94764e-08 4.63573e-07 7.12764e-11  2.42813e-07 -3.96969e-07 7.37141e-10  1.99582e-07 -7.20672e-07 2.14891e-09  0.000134593 0.000106564 9.43114e-07  0.000680156 6.46603e-05 -1.02579e-05  -6.10868e-06 0.000181603 5.20534e-06  4.74455e-07 5.04506e-07 -8.31327e-10  -3.24189e-08 -1.25321e-08 2.34586e-09  1.82474e-07 5.41149e-07 -2.15766e-10  -1.60543e-08 8.90012e-09 5.05735e-10  -7.2607e-09 4.00407e-09 -2.53004e-10  2.57495e-05 -3.5452e-10 3.77061e-07  -6.4197e-07 -2.1787e-07 8.96324e-10  -5.63764e-07 -1.76094e-07 4.85125e-10  -5.95639e-07 -2.5361e-08 6.34735e-10  -1.94055e-07 8.96834e-08 1.03269e-09  -3.07571e-07 6.70971e-08 2.05296e-09  -4.41762e-07 9.18195e-08 4.98194e-10  -4.29048e-07 3.71011e-08 2.89986e-10  -3.37495e-07 1.07583e-07 2.72064e-10  -1.87272e-07 7.1657e-07 2.41683e-08  -3.92694e-08 4.56846e-07 1.51561e-08  -9.42523e-09 -2.03264e-07 4.00266e-11  4.55572e-05 -0.000318281 1.64616e-06  4.21136e-05 -0.00029438 7.54974e-06  8.3414e-05 -0.00022093 2.35248e-06  0.000280982 0.000707524 7.84551e-06  -2.82825e-07 -2.37248e-07 1.77095e-09  -0.00105371 0.00129926 1.17909e-05  -0.00012557 -9.89666e-05 1.65961e-06  -0.000695861 -0.000549252 1.59448e-05  3.70148e-07 -3.84119e-07 -3.53073e-10  -7.16096e-08 1.61975e-06 4.37768e-08  -1.05336e-06 -5.65683e-07 1.28516e-08  0.000199599 0.000294653 2.90168e-06  0 0 0  2.32075e-07 -1.54162e-07 1.96529e-09  -7.09846e-08 -1.04805e-07 1.67283e-09  -2.76675e-05 -7.59269e-05 7.98837e-07  -4.94896e-05 -0.000114698 -4.05295e-07  2.00107e-08 -2.75986e-07 7.06794e-09  1.27318e-07 -3.05784e-07 3.6843e-09  9.16659e-08 -7.68364e-07 3.10059e-09  0 0 0  0.00017798 5.86899e-05 7.42196e-07  4.87962e-08 1.20385e-08 3.63983e-10  -9.07586e-08 -9.43078e-08 2.58431e-09  -1.43345e-09 -4.07776e-09 1.99287e-09  1.78609e-08 -5.17587e-09 5.45987e-09  2.6127e-07 -4.44314e-08 5.23965e-09  1.92105e-07 4.59142e-08 1.94682e-09  -1.88289e-08 -3.90168e-08 1.37526e-08  0.000690598 0.00025065 1.47675e-05  0.00112408 0.000201608 1.7488e-05  -1.69544e-05 9.84341e-06 3.19702e-07  -1.18118e-05 1.29701e-05 2.48543e-07  -2.2638e-05 2.0306e-05 3.02644e-07  -3.063e-08 7.24568e-08 6.78093e-09  4.34078e-06 -0.000170252 2.74384e-06  1.93443e-09 2.51988e-09 5.9783e-11  -2.6645e-07 -2.43633e-07 3.49534e-09  -5.74187e-07 1.30443e-06 4.2713e-08  -3.94397e-07 -8.22336e-08 6.16515e-10  -5.42197e-07 4.86202e-09 1.38985e-09  1.69386e-05 1.95409e-05 3.24989e-07  -1.12958e-05 5.64139e-08 1.20318e-07  3.83548e-05 0.000583891 -5.26214e-07  1.88207e-07 2.42685e-07 6.41e-10  3.45619e-07 2.71011e-07 9.15126e-10  4.47893e-08 -2.49401e-08 -2.03943e-10  -0.00114626 -0.001201 -3.8871e-05  2.8697e-07 1.75058e-07 8.66496e-09  4.18694e-07 1.41472e-07 1.23856e-08  -0.000295955 0.000164357 -1.61976e-06  -3.21026e-07 1.70118e-07 8.27463e-09  1.47784e-05 -2.692e-05 3.66378e-07  6.69293e-05 -0.00018093 9.84468e-07  -1.43418e-07 3.72151e-07 1.47402e-08  -1.55789e-07 9.78676e-08 -2.59823e-10  -8.07395e-08 7.8851e-08 1.69993e-10  -7.80985e-05 0.000149498 3.85415e-07  -4.4298e-06 -1.01573e-05 1.97753e-07  4.84058e-08 -5.16889e-07 1.23357e-09  -1.0276e-07 -3.10815e-07 1.23483e-10  -1.49771e-07 -3.62591e-07 1.70709e-10  1.21206e-07 -1.22845e-08 1.83261e-09  9.27896e-06 -5.81519e-06 1.25498e-07  1.4684e-05 -5.31857e-06 2.02534e-07  3.67741e-05 -1.33851e-05 5.2398e-07  3.76213e-07 1.22151e-07 2.97588e-09  -1.39705e-07 -2.75017e-07 9.15826e-11  -5.09872e-08 -2.30345e-07 6.05686e-11  -3.77291e-08 -1.48416e-07 1.81927e-09  -2.04289e-07 -3.21297e-07 2.60957e-09  -1.13365e-07 -2.67556e-07 3.3048e-09  -0.000686387 -0.000105356 1.74039e-05  -0.000157445 -2.30254e-05 1.05853e-06  -3.14186e-05 -0.000101458 3.49073e-06  -2.45071e-05 7.52132e-06 4.1861e-07  -2.32339e-07 -2.85376e-08 -1.00795e-10  -0.000122586 7.57735e-05 -4.84396e-07  -8.67035e-08 8.97523e-10 -1.24305e-11  1.40782e-06 -3.74961e-07 2.45315e-08  -1.44816e-08 2.05154e-08 1.99874e-09  -5.79098e-08 1.44983e-07 3.18115e-09  0.000433289 0.000333072 1.62862e-05  0.000664135 0.000551577 -2.83645e-06  0.00164112 0.00078191 -1.84573e-05  -8.4936e-08 -4.65339e-07 2.74714e-10  -0.000135036 -0.000152043 3.79073e-06  3.61844e-05 0.000274985 1.69377e-06  5.43217e-07 4.69561e-08 -2.29338e-09  1.40411e-07 -6.07063e-09 6.40036e-10  2.85188e-07 -4.66646e-08 3.22808e-09  0.000414107 0.000540863 -2.49045e-05  -0.000144991 -0.000178743 1.46366e-06  -0.000183437 -0.000126314 -1.9782e-06  -6.54631e-08 1.60587e-07 -8.85556e-11  -4.12897e-08 1.24157e-07 -5.48747e-11  2.49007e-08 -3.71576e-07 -3.37792e-10  8.33981e-08 -1.79546e-07 -3.19374e-10  3.66846e-06 2.98654e-06 9.91089e-08  6.14644e-06 5.31997e-06 1.52979e-07  6.67332e-07 5.30318e-07 2.92685e-08  2.04965e-06 1.14233e-06 3.69807e-08  -7.59208e-05 0.000335099 1.99632e-06  -3.6668e-05 0.000496977 8.5416e-06  -7.7013e-07 1.41344e-05 1.34373e-07  -1.40139e-06 1.30113e-05 1.74688e-07  -0.000104323 2.73678e-05 -3.63012e-07  8.26098e-05 0.000529523 1.93194e-05  -6.56211e-07 0.000105713 1.01473e-06  -2.61711e-05 0.000105491 3.37101e-07  0.000223775 0.00132193 1.15417e-05  -6.06156e-07 4.41342e-07 8.27056e-10  -7.44391e-07 2.15526e-07 1.35909e-08  6.81142e-07 -4.72245e-07 1.02966e-08  6.53179e-07 -7.92246e-07 1.65978e-08  5.56735e-07 -3.49807e-07 7.61077e-09  -1.02168e-08 4.85766e-07 9.9849e-10  0.00014697 -0.000174254 5.05712e-06  7.45888e-05 -7.32657e-05 1.30353e-06  6.48535e-05 -9.03574e-05 1.16851e-06  -9.70365e-06 -2.89538e-06 1.76463e-07  7.62903e-09 6.57686e-10 -6.72752e-11  3.59885e-08 1.06206e-07 5.05563e-10  -2.99263e-05 -0.0010301 1.60915e-05  0.000126398 -0.000522819 -4.97251e-06  3.65103e-07 2.13796e-07 9.84827e-10  -3.59359e-07 5.29978e-08 6.05704e-10  2.53128e-09 -2.65674e-10 -4.00234e-11  -2.01182e-08 1.74727e-09 2.04902e-11  -2.60438e-05 1.22159e-05 3.37191e-07  0.000118207 -8.20525e-05 2.10571e-06  3.59065e-07 -1.58273e-07 6.40484e-09  2.51245e-08 1.62169e-07 5.35472e-10  -0.000261695 1.12229e-05 5.83202e-06  -0.000110465 -1.68858e-05 2.25888e-06  2.53592e-08 3.85308e-08 -3.26472e-10  1.87155e-08 -1.62285e-09 -1.39335e-10  5.2426e-08 2.7188e-07 1.4994e-08  -5.41512e-05 -3.35921e-05 7.29687e-07  -2.79725e-05 -1.05507e-05 8.36077e-07  6.04478e-08 1.39315e-08 4.75302e-09  3.96042e-08 6.89029e-08 2.36521e-09  8.6058e-08 1.0298e-07 1.14731e-09  2.07463e-07 -2.52932e-07 7.15936e-10  -3.54686e-08 -1.51709e-08 -4.34124e-10  2.08483e-07 -1.00356e-07 -2.67607e-09  1.35922e-07 1.4015e-07 2.89841e-09  1.01463e-07 9.86338e-08 -1.34792e-09  3.1601e-08 9.00332e-08 8.63423e-10  -3.20779e-06 -1.98184e-06 8.84591e-08  -4.20135e-06 -1.5524e-06 8.55322e-08  -3.03591e-06 -1.1047e-06 5.70194e-08  -4.49824e-05 -0.000244547 2.07035e-06  -7.4666e-06 1.13395e-05 1.51293e-07  3.84389e-08 -1.6467e-08 1.25847e-09  -5.37391e-07 1.82613e-07 1.10659e-10  -3.59511e-07 2.29793e-07 1.2803e-10  1.27759e-05 4.82149e-05 5.15704e-07  4.62002e-07 9.98821e-07 1.84187e-08  1.00332e-06 2.6256e-07 2.78897e-08  1.39058e-06 5.54378e-08 3.85191e-08  0.000125595 -0.000148183 1.2655e-06  -2.69599e-07 -1.88073e-07 5.91458e-11  -2.51241e-05 3.54005e-05 5.86162e-07  -1.51971e-05 3.60873e-05 4.16685e-07  -1.75087e-07 -4.53001e-09 1.83498e-09  2.8958e-07 -1.69398e-07 7.43391e-10  -0.000170451 0.000141711 -1.94357e-06  -4.36939e-05 -1.56577e-05 8.47929e-07  -0.000112419 -9.96236e-06 9.15228e-07  2.81714e-05 -5.84561e-06 3.59381e-07  1.05234e-06 -3.04765e-06 7.06046e-08  2.54372e-06 -3.84037e-06 8.05512e-08  2.44146e-07 2.07915e-07 -2.19022e-10  -3.84708e-07 1.11819e-07 4.23867e-09  -7.5877e-07 3.89491e-08 7.50507e-09  0.000231403 -0.000115235 5.75595e-06  -1.23677e-08 3.3895e-09 3.30127e-11  -4.0208e-08 -2.26006e-07 3.50212e-09  -4.88895e-07 5.00383e-08 5.66876e-09  1.08222e-05 8.97754e-06 1.9101e-07  2.65791e-07 -8.32746e-08 3.15813e-10  1.97418e-07 -1.37221e-07 -3.32211e-09  1.10895e-07 -4.76077e-08 2.07422e-09  1.45394e-07 7.23746e-08 1.00471e-08  1.9649e-07 3.82912e-08 5.66334e-09  -2.41856e-07 1.43705e-07 4.8922e-10  1.03232e-07 -3.56078e-07 -2.81146e-10  8.445e-08 -5.46391e-07 1.55437e-10  -2.60288e-07 -1.01937e-07 2.50111e-11  -7.61061e-07 7.72918e-06 1.53109e-07  4.58389e-07 1.89483e-07 2.19163e-09  4.84089e-07 2.81468e-07 7.7184e-10  0.00010753 6.21744e-05 7.64495e-07  -0.00212455 -0.000673154 2.08831e-05  -6.79509e-09 -2.123e-09 -2.08959e-10  -5.43648e-09 -3.01119e-09 -1.92923e-10  -0.00021437 -0.0001485 6.29835e-06  -0.000224352 -8.28384e-05 1.43783e-06  -1.6075e-07 -5.5676e-10 2.73448e-11  -1.769e-07 3.57852e-08 3.51321e-11  -1.18383e-06 -1.91725e-06 3.23069e-08  -1.16456e-06 -1.06399e-06 2.28466e-08  0.00010547 0.000244218 1.4982e-06  5.90186e-09 -3.17931e-07 -1.56522e-10  9.97121e-05 0.000366834 1.1276e-05  -1.99203e-07 -2.67432e-06 3.54594e-08  3.16258e-07 -5.09764e-09 9.92795e-10  3.69068e-07 -6.48112e-08 -1.73513e-10  -1.05784e-06 -2.83558e-07 7.95567e-09  4.38842e-06 1.43302e-07 7.52413e-08  -5.88196e-08 8.34274e-08 1.27421e-10  -0.000502463 -0.000262304 1.45523e-05  -9.92237e-09 7.0087e-08 6.08076e-11  1.65726e-07 -4.824e-08 1.20234e-09  3.2431e-07 -1.27321e-07 1.61446e-09  -0.00039157 -0.000167578 1.16415e-05  -1.72283e-07 -1.4856e-07 8.77954e-09  3.3107e-07 2.30616e-07 -7.21429e-10  2.9416e-07 -1.47603e-07 2.08716e-09  -3.87511e-07 3.21146e-07 8.3347e-11  -2.7911e-07 2.47257e-07 2.51923e-11  -1.20888e-07 -3.03621e-07 8.94964e-11  8.65047e-09 -7.45668e-09 -3.74072e-10  -2.37194e-07 6.93852e-08 4.41135e-09  2.33488e-07 1.25741e-07 -5.36437e-10  -5.28283e-07 2.91331e-07 1.52072e-10  1.09006e-06 0.000227936 4.53437e-07  2.72018e-05 0.000111944 4.86691e-07  -6.4327e-06 1.80369e-05 2.25829e-07  -6.77338e-06 2.41618e-05 3.47676e-07  -0.000149572 0.00024764 3.12559e-06  0 0 0  0.000482348 0.000176225 1.12006e-05  6.85334e-07 5.19418e-06 9.73683e-08  2.62656e-07 8.5253e-06 1.36166e-07  8.38463e-07 -7.20573e-07 1.77487e-08  -1.55321e-08 -2.88989e-07 -2.22528e-09  -7.23034e-08 1.53728e-07 7.08832e-09  -5.99205e-10 3.72079e-08 -5.22622e-10  1.8376e-07 -2.34796e-07 5.16091e-10  1.65915e-07 -3.73066e-07 5.36541e-11  -3.73176e-06 1.27252e-06 6.9008e-08  -3.40269e-06 6.40259e-06 1.40474e-07  5.17936e-05 -2.84769e-05 5.5481e-07  -1.45005e-07 4.45848e-07 9.00489e-10  2.5091e-06 -1.16718e-06 4.35225e-08  -7.63148e-06 -5.12669e-05 4.51209e-07  -1.46959e-06 6.19594e-06 1.49359e-07  2.83889e-06 9.02305e-06 1.68477e-07  9.46301e-06 -9.65431e-07 2.28439e-07  -9.01247e-08 -2.87087e-07 9.9421e-09  -5.77141e-08 1.02047e-07 6.74687e-10  1.33071e-06 -1.04115e-06 2.65571e-08  -4.82438e-08 2.48757e-08 3.50287e-11  -1.35062e-06 1.36998e-07 2.27887e-08  1.04744e-07 -1.0847e-07 -4.43369e-10  -1.64364e-07 -6.30924e-10 2.47455e-10  0.000345756 0.000455214 3.48494e-06  3.96981e-07 1.49609e-07 -2.70175e-09  -6.88267e-08 -1.62727e-07 5.01411e-09  2.46606e-08 8.70225e-08 -5.18635e-10  -8.03801e-07 -3.83015e-07 1.05385e-08  -9.08394e-07 -7.41889e-07 1.60065e-08  3.57201e-07 -2.84555e-07 -2.2232e-09  8.6813e-07 -1.12393e-07 2.89783e-08  1.32433e-06 -5.61243e-07 2.34075e-08  3.13083e-06 2.16677e-05 2.98682e-07  -2.22213e-07 2.77305e-07 6.58807e-10  -2.37893e-07 3.70266e-07 1.2173e-09  -1.07992e-07 -1.5912e-07 2.14684e-09  -4.09874e-06 7.68907e-06 1.60852e-07  1.96508e-06 5.55643e-05 5.07148e-07  2.80064e-07 7.44376e-08 6.24035e-10  -1.20328e-08 -2.24908e-07 -3.19044e-10  4.99912e-08 -2.72198e-07 1.21029e-09  -5.82653e-09 -3.89189e-07 -3.15825e-09  0.000687192 0.00093913 6.1908e-07  0.000700204 0.00083202 -2.21568e-05  -1.44789e-07 7.65911e-08 5.36782e-11  -1.22634e-07 -1.37421e-07 1.2661e-10  3.01208e-07 -6.94341e-08 8.25071e-10  -1.67119e-08 -6.98049e-07 9.2037e-10  -5.32804e-09 4.98719e-07 4.43709e-10  2.04451e-07 1.97066e-08 -3.2082e-09  2.7113e-07 2.88052e-08 -3.17369e-09  1.40396e-07 7.70375e-08 2.95548e-09  -5.0674e-08 -6.64151e-07 1.00721e-08  3.33782e-08 2.25975e-07 2.86012e-09  -3.6942e-08 2.62702e-07 -1.6611e-09  4.78903e-07 1.43012e-08 2.24356e-10  1.50323e-07 1.15981e-08 7.52644e-10  -2.21845e-07 4.81023e-08 4.04645e-11  -2.16087e-08 -1.34727e-07 1.11326e-08  -1.11555e-07 -1.97927e-07 9.74567e-09  -5.31811e-06 1.55072e-06 9.32914e-08  -2.56739e-07 -1.16641e-06 1.66121e-08  3.0345e-07 3.8475e-07 1.12995e-09  4.08563e-09 7.49518e-08 3.24468e-09  -9.27748e-09 -8.6141e-08 4.71504e-09  -1.7935e-07 -3.57941e-07 -2.82462e-09  -1.76823e-07 -2.13734e-07 -8.53293e-10  2.15667e-08 6.79247e-08 -2.17799e-11  -1.8664e-08 4.09994e-07 2.80085e-10  1.39143e-05 -1.21482e-06 2.08739e-07  -1.77217e-06 -1.13577e-06 3.46428e-08  -1.224e-07 1.837e-07 -2.05416e-09  -4.21683e-06 -1.57249e-06 6.91258e-08  -3.62405e-06 -2.32797e-06 8.09503e-08  -3.76226e-08 4.17574e-08 1.67058e-09  2.67729e-07 -1.05321e-07 -4.84367e-11  -4.27002e-07 -1.3325e-06 2.30891e-08  -6.03247e-07 -1.15016e-06 1.93415e-08  -0.000192603 3.29319e-06 2.5892e-06  2.42666e-07 -1.58832e-07 8.54877e-10  2.83183e-07 2.57942e-07 4.09502e-10  3.82098e-07 -1.9783e-07 -3.15487e-10  -2.20823e-08 3.80137e-07 1.22377e-09  2.42213e-07 -2.46396e-07 8.52192e-10  2.56758e-05 5.81679e-05 6.40721e-07  -6.82484e-08 -6.15439e-10 2.39174e-09  -1.89685e-05 4.60597e-06 2.92509e-07  1.26234e-07 2.36946e-07 1.1397e-08  6.0252e-07 8.38623e-08 2.27498e-08  -0.000220525 6.07745e-05 8.95077e-07  3.65259e-06 7.63076e-07 7.79014e-08  -4.33393e-08 2.4853e-07 5.77348e-10  1.01711e-07 -4.12171e-07 1.46113e-09  -8.03074e-08 1.19063e-07 3.03999e-09  -2.97103e-07 6.48372e-08 3.13582e-10  -2.15366e-07 -5.11048e-08 2.65215e-09  0.000703612 -0.000116053 2.13977e-05  -3.9619e-06 1.13779e-07 6.4001e-08  -2.22914e-08 1.3202e-07 2.07385e-09  0.00155057 -0.00146953 -3.61152e-05  3.6563e-07 -3.08695e-07 2.21147e-10  9.40607e-08 3.69396e-07 2.88704e-10  2.4772e-07 -1.28889e-08 5.50545e-10  1.32549e-08 2.67851e-08 -4.15931e-10  2.03037e-05 1.41133e-05 4.04133e-07  2.63501e-05 1.06587e-05 3.99466e-07  -2.34417e-06 -2.79849e-06 5.52807e-08  -2.16173e-06 -2.23759e-06 5.00124e-08  5.24518e-07 4.04298e-07 -9.55137e-10  -1.17162e-07 -2.26363e-07 3.61211e-09  -1.80439e-07 -3.53617e-08 1.30538e-10  -2.4192e-07 -8.15048e-08 -6.04615e-11  -1.32876e-07 6.83917e-08 2.45762e-09  -2.26398e-08 1.57494e-08 1.33926e-09  -1.18562e-07 8.20785e-08 1.07383e-09  7.5098e-08 9.38678e-10 5.29092e-09  1.84165e-05 -2.18138e-05 3.46877e-07  0.000352545 -0.000187963 5.44855e-06  -1.23774e-06 -4.63948e-08 1.96023e-08  -3.15757e-07 -1.22803e-07 1.62232e-10  -3.94066e-05 0.000157918 5.09614e-06  -2.37181e-07 -1.47587e-07 1.62667e-09  2.32794e-07 1.10391e-07 1.11022e-09  -2.62226e-07 -2.05999e-08 4.06615e-09  -2.36313e-07 -1.09158e-07 1.34779e-09  -5.61718e-06 -8.57667e-07 9.16474e-08  -1.13753e-08 -3.55879e-07 2.81023e-10  -0.000120394 -7.90715e-05 2.19863e-06  -8.70978e-05 -0.000165303 4.25621e-08  6.36721e-07 -2.61281e-07 1.38859e-09  1.41579e-07 1.22661e-08 3.02813e-09  0.000327484 0.000279455 8.61014e-06  5.83227e-07 -2.64224e-08 6.8638e-10  7.26885e-08 3.50997e-07 3.18919e-11  -1.25872e-05 4.71225e-05 4.38883e-07  -3.60039e-07 -4.03128e-07 3.81162e-10  -6.75566e-07 -4.07312e-07 5.80595e-10  3.29267e-06 -1.38384e-06 4.84058e-08  3.12952e-05 8.8867e-07 4.479e-07  8.75077e-05 1.14286e-05 5.75285e-07  7.91991e-05 2.93184e-05 8.35602e-07  -2.36252e-07 4.4473e-07 1.78724e-10  0.000168029 -0.000310415 -1.17213e-06  0.000102711 -0.000233964 6.62012e-06  -3.24946e-08 1.13281e-07 5.70609e-09  -7.91081e-06 -4.43319e-06 1.28282e-07  3.972e-07 -2.4217e-07 7.22651e-10  5.16595e-07 -2.12181e-07 3.38307e-10  -8.75106e-09 2.43643e-08 1.06911e-08  -1.6791e-05 2.84199e-05 4.49918e-07  -7.70109e-05 -0.00010562 4.94451e-08  -2.70851e-07 3.00973e-07 1.57665e-10  9.02657e-08 1.5239e-07 -1.39467e-09  2.44888e-06 -8.70883e-06 1.29079e-07  -2.95662e-07 2.91844e-07 4.58236e-10  -2.80096e-07 4.27687e-07 3.96626e-10  2.53163e-07 -1.10418e-07 2.84239e-09  0.00035316 -9.27452e-07 2.16774e-06  0.000179539 -4.74987e-05 9.57259e-07  -3.15197e-07 -4.53465e-08 7.57473e-11  -2.02696e-07 4.81513e-07 6.54618e-10  9.4899e-08 9.36316e-08 1.90443e-09  -3.29521e-05 -0.000281276 7.05726e-06  7.34367e-08 -4.16754e-08 1.0734e-09  1.32512e-05 -2.24518e-05 3.21465e-07  -0.00016954 -0.000290482 1.21238e-05  -3.11295e-08 -2.37863e-08 2.44821e-09  9.1831e-08 5.59584e-08 1.39063e-09  1.25945e-07 -1.0791e-07 -1.31636e-09  1.79897e-06 -4.98984e-08 3.08237e-08  5.38522e-07 -1.04959e-07 1.79456e-08  2.45077e-07 -3.98605e-07 3.90155e-10  -1.06381e-07 1.03627e-07 6.89746e-09  1.71789e-07 -2.61099e-07 -4.03674e-09  1.70874e-06 -9.19612e-07 2.35777e-08  -3.1682e-08 -1.57995e-07 6.40259e-09  -0.00117113 -0.000817589 -9.63919e-06  -9.95458e-08 3.5812e-07 8.50923e-11  -3.49711e-06 -5.396e-07 7.82763e-08  -5.83734e-07 1.504e-07 6.74705e-10  1.32055e-07 1.30962e-07 1.13011e-08  -1.3269e-06 2.20307e-06 6.61364e-08  -5.00388e-07 1.81285e-06 5.82166e-08  2.17381e-06 -7.76894e-06 1.1806e-07  2.55369e-05 -2.53257e-05 4.01006e-07  0.000155105 -0.000117212 1.07638e-06  -2.62388e-08 2.04355e-07 1.05878e-09  -2.9352e-07 3.82102e-07 6.8682e-10  9.76135e-06 -2.59852e-05 3.57048e-07  5.17985e-08 1.46724e-07 -1.96466e-09  3.37687e-07 3.72892e-07 1.52485e-08  1.42268e-07 3.79835e-07 1.42226e-09  4.20694e-07 -7.47132e-08 1.88077e-09  -1.11165e-07 3.35142e-07 1.18081e-09  -1.71297e-06 4.80099e-06 8.09328e-08  -5.57335e-07 5.32782e-06 8.44396e-08  -4.76973e-08 -1.17433e-07 2.90055e-09  -6.91046e-07 -8.38122e-08 3.11744e-10  3.41726e-07 -8.98583e-07 2.02981e-08  -0.000138959 -4.26132e-05 -1.53872e-06  -4.33878e-06 2.4633e-06 7.44177e-08  -8.77747e-08 1.78311e-07 -1.58119e-10  2.04158e-07 -7.68809e-07 6.97496e-10  1.66205e-07 -5.67093e-07 4.01678e-10  1.45127e-06 -1.85784e-06 5.21153e-08  1.08113e-07 2.55254e-07 3.39248e-09  1.24152e-08 9.34058e-08 -8.85859e-10  2.90331e-09 1.338e-07 2.78418e-10  2.92794e-07 1.33918e-06 3.01372e-08  -2.07905e-07 -3.86499e-07 4.09583e-10  -8.23668e-08 -3.77102e-07 4.21293e-10  -6.21666e-07 1.06263e-07 4.03469e-10  2.01137e-07 -1.71704e-07 -3.894e-09  0.000159059 3.52363e-05 9.90423e-07  0.000142 -5.17984e-05 1.07011e-06  2.18175e-07 -5.99505e-08 -1.76146e-09  3.5809e-07 -5.19837e-08 5.01504e-10  2.49272e-07 -1.33717e-08 1.76688e-09  1.86416e-07 -1.69084e-07 2.69908e-09  0.000179672 9.21176e-05 1.27332e-06  7.24438e-08 -1.58104e-06 2.77077e-08  -1.52969e-06 -0.000213522 -3.54643e-08  -1.21237e-07 2.4745e-08 1.99763e-09  2.94151e-06 6.38269e-07 6.54118e-08  6.19141e-06 -1.0174e-05 1.77832e-07  -9.98696e-06 -1.19391e-05 2.48942e-07  8.18389e-09 2.99569e-08 8.43289e-10  2.34417e-07 5.9179e-08 6.09435e-10  -1.56903e-06 1.70237e-06 5.41832e-08  4.22157e-07 -3.79727e-07 4.14699e-10  7.06815e-07 9.4614e-07 3.11617e-08  -1.88132e-07 5.2847e-07 5.83257e-10  7.05156e-08 4.27535e-07 2.3993e-10  7.22954e-07 -3.07843e-07 1.28366e-08  2.43695e-07 1.66985e-07 2.79019e-09  -1.20886e-07 -8.7703e-08 3.1998e-09  7.55566e-06 -4.78605e-05 4.32838e-07  -3.97163e-05 3.25867e-05 6.3724e-07  -1.8891e-07 1.73896e-07 -1.28529e-09  2.38286e-06 1.10947e-06 6.05949e-08  9.96332e-08 2.23372e-06 6.79039e-08  1.11626e-07 2.14997e-07 -2.88567e-09  -1.61094e-06 -2.8345e-07 2.27864e-08  -1.1462e-07 -5.56593e-07 1.80381e-10  1.82854e-07 2.93183e-07 1.29005e-09  -3.19495e-07 -4.50308e-07 1.0581e-08  -1.11547e-07 -3.35597e-07 4.57983e-10  2.54768e-08 -8.54793e-09 2.60151e-09  -1.22977e-07 6.6511e-08 3.5541e-09  5.68973e-06 2.27511e-05 3.17685e-07  3.03026e-07 1.12255e-07 2.98229e-09  1.5895e-07 -1.04929e-07 1.302e-09  -2.02857e-07 -3.37788e-07 5.79384e-11  -2.81746e-07 -2.27213e-07 1.78773e-10  2.39319e-07 -1.04053e-07 2.61825e-09  1.07628e-06 4.48623e-07 1.81925e-08  -1.90005e-08 4.16693e-08 4.64789e-09  -1.01034e-08 7.72522e-09 3.24593e-09  1.65358e-07 9.15408e-08 -2.41158e-09  8.52243e-05 -6.55873e-05 5.86363e-07  -1.51603e-07 7.91694e-08 1.61797e-11  7.57879e-10 -9.04719e-09 3.02817e-09  1.78126e-07 -4.41992e-07 -3.83186e-10  -1.17883e-08 -8.04969e-07 6.53703e-10  4.2912e-08 -3.50022e-09 3.00623e-09  -0.000284634 0.00025883 1.02101e-05  2.5276e-07 -7.383e-08 1.20529e-10  -3.23132e-07 1.84456e-07 2.34342e-10  -4.18662e-06 4.30121e-07 7.15235e-08  -1.24597e-06 -3.37574e-06 5.42965e-08  5.27045e-06 -2.08798e-06 1.06113e-07  2.27918e-07 4.00392e-07 9.36561e-11  2.65641e-06 -5.57015e-07 4.70995e-08  3.11384e-07 2.44005e-08 -9.49246e-10  4.37357e-07 1.20457e-07 6.63992e-10  -1.00508e-07 -1.57645e-09 -1.10194e-10  4.76757e-07 4.79475e-08 5.24538e-10  -2.16219e-07 -2.15861e-07 2.48281e-09  5.2188e-08 2.60558e-07 8.87996e-10  -3.80756e-08 -1.62221e-07 -7.08149e-10  0.000141811 -6.53505e-05 8.36257e-07  1.89032e-06 -4.66145e-06 7.17003e-08  -7.29982e-08 -2.19388e-07 2.92782e-10  -2.41079e-06 -2.89329e-05 3.1461e-07  3.96513e-07 5.16844e-09 2.61374e-09  3.50501e-07 -4.21987e-07 2.83192e-09  -8.66391e-08 -6.75972e-07 4.09843e-09  -6.98133e-08 -2.65879e-07 7.72828e-10  0.000118529 -1.85095e-05 6.56531e-07  6.2847e-05 -7.8812e-06 6.28647e-07  7.58734e-07 -9.30706e-07 2.32701e-08  0.00107757 -0.000309736 -1.44494e-05  4.47613e-05 -9.37279e-05 6.12731e-07  -1.82399e-07 1.97308e-07 1.68048e-09  -4.50306e-06 4.05086e-06 6.82354e-08  7.77312e-07 5.91277e-07 1.87484e-08  -2.27781e-07 9.95361e-09 1.02769e-10  -1.42915e-08 5.16012e-08 2.91308e-09  -1.55801e-06 -8.28925e-07 3.00127e-08  1.85834e-07 -1.23757e-07 3.75492e-09  -1.07354e-07 3.13617e-07 1.58869e-09  2.3252e-07 6.17155e-08 1.32578e-09  -1.42496e-07 -3.08579e-07 8.81157e-11  1.45034e-07 -1.52319e-08 7.06336e-10  2.59564e-06 -2.76894e-05 2.85889e-07  -1.85587e-07 -3.03524e-07 5.31586e-10  8.50485e-07 -1.58934e-06 3.53728e-08  2.58476e-05 3.79887e-06 2.97677e-07  -5.43154e-08 3.39619e-07 8.25276e-11  -1.11606e-07 2.15399e-07 1.67572e-09  -7.90074e-07 6.72975e-07 2.21851e-08  2.13228e-07 1.36587e-08 -2.30195e-09  1.20836e-07 -9.31187e-07 2.04432e-08  2.8648e-07 2.48858e-07 1.48667e-09  
            </DataArray>
         </PointData> 
      </Piece>
   </UnstructuredGrid> 
</VTKFile>
