<?xml version="1.0"?>
<VTKFile type="UnstructuredGrid" version="0.1" byte_order="LittleEndian">
   <UnstructuredGrid>
      <Piece NumberOfPoints="2352" NumberOfCells="0" > 
         <Points> 
            <DataArray type="Float64" Name="Position" NumberOfComponents="3" format="ascii"> 
               0.005  0  0.001  
               0.005  0  0.002  
               0.005  0  0.003  
               0.005  0  0.004  
               0.005  0  0.005  
               0.005  0  0.006  
               0.005  0  0.007  
               0.005  0  0.008  
               0.005  0  0.009  
               0.005  0  0.01  
               0.005  0  0.011  
               0.005  0  0.012  
               0.005  0  0.013  
               0.005  0  0.014  
               0.005  0  0.015  
               0.005  0  0.016  
               0.005  0  0.017  
               0.005  0  0.018  
               0.005  0  0.019  
               0.005  0  0.02  
               0.005  0  0.021  
               0.005  0  0.022  
               0.005  0  0.023  
               0.005  0  0.024  
               0.005  0  0.025  
               0.005  0  0.026  
               0.005  0  0.027  
               0.005  0  0.028  
               0.005  0  0.029  
               0.005  0  0.03  
               0.005  0  0.031  
               0.005  0  0.032  
               0.005  0  0.033  
               0.005  0  0.034  
               0.005  0  0.035  
               0.005  0  0.036  
               0.005  0  0.037  
               0.005  0  0.038  
               0.005  0  0.039  
               0.005  0  0.04  
               0.005  0  0.041  
               0.005  0  0.042  
               0.005  0  0.043  
               0.005  0  0.044  
               0.005  0  0.045  
               0.005  0  0.046  
               0.005  0  0.047  
               0.005  0  0.048  
               0.005  0  0.049  
               0  0.005  0.001  
               0  0.005  0.002  
               0  0.005  0.003  
               0  0.005  0.004  
               0  0.005  0.005  
               0  0.005  0.006  
               0  0.005  0.007  
               0  0.005  0.008  
               0  0.005  0.009  
               0  0.005  0.01  
               0  0.005  0.011  
               0  0.005  0.012  
               0  0.005  0.013  
               0  0.005  0.014  
               0  0.005  0.015  
               0  0.005  0.016  
               0  0.005  0.017  
               0  0.005  0.018  
               0  0.005  0.019  
               0  0.005  0.02  
               0  0.005  0.021  
               0  0.005  0.022  
               0  0.005  0.023  
               0  0.005  0.024  
               0  0.005  0.025  
               0  0.005  0.026  
               0  0.005  0.027  
               0  0.005  0.028  
               0  0.005  0.029  
               0  0.005  0.03  
               0  0.005  0.031  
               0  0.005  0.032  
               0  0.005  0.033  
               0  0.005  0.034  
               0  0.005  0.035  
               0  0.005  0.036  
               0  0.005  0.037  
               0  0.005  0.038  
               0  0.005  0.039  
               0  0.005  0.04  
               0  0.005  0.041  
               0  0.005  0.042  
               0  0.005  0.043  
               0  0.005  0.044  
               0  0.005  0.045  
               0  0.005  0.046  
               0  0.005  0.047  
               0  0.005  0.048  
               0  0.005  0.049  
               -0.005  0  0.001  
               -0.005  0  0.002  
               -0.005  0  0.003  
               -0.005  0  0.004  
               -0.005  0  0.005  
               -0.005  0  0.006  
               -0.005  0  0.007  
               -0.005  0  0.008  
               -0.005  0  0.009  
               -0.005  0  0.01  
               -0.005  0  0.011  
               -0.005  0  0.012  
               -0.005  0  0.013  
               -0.005  0  0.014  
               -0.005  0  0.015  
               -0.005  0  0.016  
               -0.005  0  0.017  
               -0.005  0  0.018  
               -0.005  0  0.019  
               -0.005  0  0.02  
               -0.005  0  0.021  
               -0.005  0  0.022  
               -0.005  0  0.023  
               -0.005  0  0.024  
               -0.005  0  0.025  
               -0.005  0  0.026  
               -0.005  0  0.027  
               -0.005  0  0.028  
               -0.005  0  0.029  
               -0.005  0  0.03  
               -0.005  0  0.031  
               -0.005  0  0.032  
               -0.005  0  0.033  
               -0.005  0  0.034  
               -0.005  0  0.035  
               -0.005  0  0.036  
               -0.005  0  0.037  
               -0.005  0  0.038  
               -0.005  0  0.039  
               -0.005  0  0.04  
               -0.005  0  0.041  
               -0.005  0  0.042  
               -0.005  0  0.043  
               -0.005  0  0.044  
               -0.005  0  0.045  
               -0.005  0  0.046  
               -0.005  0  0.047  
               -0.005  0  0.048  
               -0.005  0  0.049  
               0  -0.005  0.001  
               0  -0.005  0.002  
               0  -0.005  0.003  
               0  -0.005  0.004  
               0  -0.005  0.005  
               0  -0.005  0.006  
               0  -0.005  0.007  
               0  -0.005  0.008  
               0  -0.005  0.009  
               0  -0.005  0.01  
               0  -0.005  0.011  
               0  -0.005  0.012  
               0  -0.005  0.013  
               0  -0.005  0.014  
               0  -0.005  0.015  
               0  -0.005  0.016  
               0  -0.005  0.017  
               0  -0.005  0.018  
               0  -0.005  0.019  
               0  -0.005  0.02  
               0  -0.005  0.021  
               0  -0.005  0.022  
               0  -0.005  0.023  
               0  -0.005  0.024  
               0  -0.005  0.025  
               0  -0.005  0.026  
               0  -0.005  0.027  
               0  -0.005  0.028  
               0  -0.005  0.029  
               0  -0.005  0.03  
               0  -0.005  0.031  
               0  -0.005  0.032  
               0  -0.005  0.033  
               0  -0.005  0.034  
               0  -0.005  0.035  
               0  -0.005  0.036  
               0  -0.005  0.037  
               0  -0.005  0.038  
               0  -0.005  0.039  
               0  -0.005  0.04  
               0  -0.005  0.041  
               0  -0.005  0.042  
               0  -0.005  0.043  
               0  -0.005  0.044  
               0  -0.005  0.045  
               0  -0.005  0.046  
               0  -0.005  0.047  
               0  -0.005  0.048  
               0  -0.005  0.049  
               0.00495722  0.000652631  0.001  
               0.00495722  0.000652631  0.002  
               0.00495722  0.000652631  0.003  
               0.00495722  0.000652631  0.004  
               0.00495722  0.000652631  0.005  
               0.00495722  0.000652631  0.006  
               0.00495722  0.000652631  0.007  
               0.00495722  0.000652631  0.008  
               0.00495722  0.000652631  0.009  
               0.00495722  0.000652631  0.01  
               0.00495722  0.000652631  0.011  
               0.00495722  0.000652631  0.012  
               0.00495722  0.000652631  0.013  
               0.00495722  0.000652631  0.014  
               0.00495722  0.000652631  0.015  
               0.00495722  0.000652631  0.016  
               0.00495722  0.000652631  0.017  
               0.00495722  0.000652631  0.018  
               0.00495722  0.000652631  0.019  
               0.00495722  0.000652631  0.02  
               0.00495722  0.000652631  0.021  
               0.00495722  0.000652631  0.022  
               0.00495722  0.000652631  0.023  
               0.00495722  0.000652631  0.024  
               0.00495722  0.000652631  0.025  
               0.00495722  0.000652631  0.026  
               0.00495722  0.000652631  0.027  
               0.00495722  0.000652631  0.028  
               0.00495722  0.000652631  0.029  
               0.00495722  0.000652631  0.03  
               0.00495722  0.000652631  0.031  
               0.00495722  0.000652631  0.032  
               0.00495722  0.000652631  0.033  
               0.00495722  0.000652631  0.034  
               0.00495722  0.000652631  0.035  
               0.00495722  0.000652631  0.036  
               0.00495722  0.000652631  0.037  
               0.00495722  0.000652631  0.038  
               0.00495722  0.000652631  0.039  
               0.00495722  0.000652631  0.04  
               0.00495722  0.000652631  0.041  
               0.00495722  0.000652631  0.042  
               0.00495722  0.000652631  0.043  
               0.00495722  0.000652631  0.044  
               0.00495722  0.000652631  0.045  
               0.00495722  0.000652631  0.046  
               0.00495722  0.000652631  0.047  
               0.00495722  0.000652631  0.048  
               0.00495722  0.000652631  0.049  
               0.00482963  0.0012941  0.001  
               0.00482963  0.0012941  0.002  
               0.00482963  0.0012941  0.003  
               0.00482963  0.0012941  0.004  
               0.00482963  0.0012941  0.005  
               0.00482963  0.0012941  0.006  
               0.00482963  0.0012941  0.007  
               0.00482963  0.0012941  0.008  
               0.00482963  0.0012941  0.009  
               0.00482963  0.0012941  0.01  
               0.00482963  0.0012941  0.011  
               0.00482963  0.0012941  0.012  
               0.00482963  0.0012941  0.013  
               0.00482963  0.0012941  0.014  
               0.00482963  0.0012941  0.015  
               0.00482963  0.0012941  0.016  
               0.00482963  0.0012941  0.017  
               0.00482963  0.0012941  0.018  
               0.00482963  0.0012941  0.019  
               0.00482963  0.0012941  0.02  
               0.00482963  0.0012941  0.021  
               0.00482963  0.0012941  0.022  
               0.00482963  0.0012941  0.023  
               0.00482963  0.0012941  0.024  
               0.00482963  0.0012941  0.025  
               0.00482963  0.0012941  0.026  
               0.00482963  0.0012941  0.027  
               0.00482963  0.0012941  0.028  
               0.00482963  0.0012941  0.029  
               0.00482963  0.0012941  0.03  
               0.00482963  0.0012941  0.031  
               0.00482963  0.0012941  0.032  
               0.00482963  0.0012941  0.033  
               0.00482963  0.0012941  0.034  
               0.00482963  0.0012941  0.035  
               0.00482963  0.0012941  0.036  
               0.00482963  0.0012941  0.037  
               0.00482963  0.0012941  0.038  
               0.00482963  0.0012941  0.039  
               0.00482963  0.0012941  0.04  
               0.00482963  0.0012941  0.041  
               0.00482963  0.0012941  0.042  
               0.00482963  0.0012941  0.043  
               0.00482963  0.0012941  0.044  
               0.00482963  0.0012941  0.045  
               0.00482963  0.0012941  0.046  
               0.00482963  0.0012941  0.047  
               0.00482963  0.0012941  0.048  
               0.00482963  0.0012941  0.049  
               0.0046194  0.00191342  0.001  
               0.0046194  0.00191342  0.002  
               0.0046194  0.00191342  0.003  
               0.0046194  0.00191342  0.004  
               0.0046194  0.00191342  0.005  
               0.0046194  0.00191342  0.006  
               0.0046194  0.00191342  0.007  
               0.0046194  0.00191342  0.008  
               0.0046194  0.00191342  0.009  
               0.0046194  0.00191342  0.01  
               0.0046194  0.00191342  0.011  
               0.0046194  0.00191342  0.012  
               0.0046194  0.00191342  0.013  
               0.0046194  0.00191342  0.014  
               0.0046194  0.00191342  0.015  
               0.0046194  0.00191342  0.016  
               0.0046194  0.00191342  0.017  
               0.0046194  0.00191342  0.018  
               0.0046194  0.00191342  0.019  
               0.0046194  0.00191342  0.02  
               0.0046194  0.00191342  0.021  
               0.0046194  0.00191342  0.022  
               0.0046194  0.00191342  0.023  
               0.0046194  0.00191342  0.024  
               0.0046194  0.00191342  0.025  
               0.0046194  0.00191342  0.026  
               0.0046194  0.00191342  0.027  
               0.0046194  0.00191342  0.028  
               0.0046194  0.00191342  0.029  
               0.0046194  0.00191342  0.03  
               0.0046194  0.00191342  0.031  
               0.0046194  0.00191342  0.032  
               0.0046194  0.00191342  0.033  
               0.0046194  0.00191342  0.034  
               0.0046194  0.00191342  0.035  
               0.0046194  0.00191342  0.036  
               0.0046194  0.00191342  0.037  
               0.0046194  0.00191342  0.038  
               0.0046194  0.00191342  0.039  
               0.0046194  0.00191342  0.04  
               0.0046194  0.00191342  0.041  
               0.0046194  0.00191342  0.042  
               0.0046194  0.00191342  0.043  
               0.0046194  0.00191342  0.044  
               0.0046194  0.00191342  0.045  
               0.0046194  0.00191342  0.046  
               0.0046194  0.00191342  0.047  
               0.0046194  0.00191342  0.048  
               0.0046194  0.00191342  0.049  
               0.00433013  0.0025  0.001  
               0.00433013  0.0025  0.002  
               0.00433013  0.0025  0.003  
               0.00433013  0.0025  0.004  
               0.00433013  0.0025  0.005  
               0.00433013  0.0025  0.006  
               0.00433013  0.0025  0.007  
               0.00433013  0.0025  0.008  
               0.00433013  0.0025  0.009  
               0.00433013  0.0025  0.01  
               0.00433013  0.0025  0.011  
               0.00433013  0.0025  0.012  
               0.00433013  0.0025  0.013  
               0.00433013  0.0025  0.014  
               0.00433013  0.0025  0.015  
               0.00433013  0.0025  0.016  
               0.00433013  0.0025  0.017  
               0.00433013  0.0025  0.018  
               0.00433013  0.0025  0.019  
               0.00433013  0.0025  0.02  
               0.00433013  0.0025  0.021  
               0.00433013  0.0025  0.022  
               0.00433013  0.0025  0.023  
               0.00433013  0.0025  0.024  
               0.00433013  0.0025  0.025  
               0.00433013  0.0025  0.026  
               0.00433013  0.0025  0.027  
               0.00433013  0.0025  0.028  
               0.00433013  0.0025  0.029  
               0.00433013  0.0025  0.03  
               0.00433013  0.0025  0.031  
               0.00433013  0.0025  0.032  
               0.00433013  0.0025  0.033  
               0.00433013  0.0025  0.034  
               0.00433013  0.0025  0.035  
               0.00433013  0.0025  0.036  
               0.00433013  0.0025  0.037  
               0.00433013  0.0025  0.038  
               0.00433013  0.0025  0.039  
               0.00433013  0.0025  0.04  
               0.00433013  0.0025  0.041  
               0.00433013  0.0025  0.042  
               0.00433013  0.0025  0.043  
               0.00433013  0.0025  0.044  
               0.00433013  0.0025  0.045  
               0.00433013  0.0025  0.046  
               0.00433013  0.0025  0.047  
               0.00433013  0.0025  0.048  
               0.00433013  0.0025  0.049  
               0.00396677  0.00304381  0.001  
               0.00396677  0.00304381  0.002  
               0.00396677  0.00304381  0.003  
               0.00396677  0.00304381  0.004  
               0.00396677  0.00304381  0.005  
               0.00396677  0.00304381  0.006  
               0.00396677  0.00304381  0.007  
               0.00396677  0.00304381  0.008  
               0.00396677  0.00304381  0.009  
               0.00396677  0.00304381  0.01  
               0.00396677  0.00304381  0.011  
               0.00396677  0.00304381  0.012  
               0.00396677  0.00304381  0.013  
               0.00396677  0.00304381  0.014  
               0.00396677  0.00304381  0.015  
               0.00396677  0.00304381  0.016  
               0.00396677  0.00304381  0.017  
               0.00396677  0.00304381  0.018  
               0.00396677  0.00304381  0.019  
               0.00396677  0.00304381  0.02  
               0.00396677  0.00304381  0.021  
               0.00396677  0.00304381  0.022  
               0.00396677  0.00304381  0.023  
               0.00396677  0.00304381  0.024  
               0.00396677  0.00304381  0.025  
               0.00396677  0.00304381  0.026  
               0.00396677  0.00304381  0.027  
               0.00396677  0.00304381  0.028  
               0.00396677  0.00304381  0.029  
               0.00396677  0.00304381  0.03  
               0.00396677  0.00304381  0.031  
               0.00396677  0.00304381  0.032  
               0.00396677  0.00304381  0.033  
               0.00396677  0.00304381  0.034  
               0.00396677  0.00304381  0.035  
               0.00396677  0.00304381  0.036  
               0.00396677  0.00304381  0.037  
               0.00396677  0.00304381  0.038  
               0.00396677  0.00304381  0.039  
               0.00396677  0.00304381  0.04  
               0.00396677  0.00304381  0.041  
               0.00396677  0.00304381  0.042  
               0.00396677  0.00304381  0.043  
               0.00396677  0.00304381  0.044  
               0.00396677  0.00304381  0.045  
               0.00396677  0.00304381  0.046  
               0.00396677  0.00304381  0.047  
               0.00396677  0.00304381  0.048  
               0.00396677  0.00304381  0.049  
               0.00353553  0.00353553  0.001  
               0.00353553  0.00353553  0.002  
               0.00353553  0.00353553  0.003  
               0.00353553  0.00353553  0.004  
               0.00353553  0.00353553  0.005  
               0.00353553  0.00353553  0.006  
               0.00353553  0.00353553  0.007  
               0.00353553  0.00353553  0.008  
               0.00353553  0.00353553  0.009  
               0.00353553  0.00353553  0.01  
               0.00353553  0.00353553  0.011  
               0.00353553  0.00353553  0.012  
               0.00353553  0.00353553  0.013  
               0.00353553  0.00353553  0.014  
               0.00353553  0.00353553  0.015  
               0.00353553  0.00353553  0.016  
               0.00353553  0.00353553  0.017  
               0.00353553  0.00353553  0.018  
               0.00353553  0.00353553  0.019  
               0.00353553  0.00353553  0.02  
               0.00353553  0.00353553  0.021  
               0.00353553  0.00353553  0.022  
               0.00353553  0.00353553  0.023  
               0.00353553  0.00353553  0.024  
               0.00353553  0.00353553  0.025  
               0.00353553  0.00353553  0.026  
               0.00353553  0.00353553  0.027  
               0.00353553  0.00353553  0.028  
               0.00353553  0.00353553  0.029  
               0.00353553  0.00353553  0.03  
               0.00353553  0.00353553  0.031  
               0.00353553  0.00353553  0.032  
               0.00353553  0.00353553  0.033  
               0.00353553  0.00353553  0.034  
               0.00353553  0.00353553  0.035  
               0.00353553  0.00353553  0.036  
               0.00353553  0.00353553  0.037  
               0.00353553  0.00353553  0.038  
               0.00353553  0.00353553  0.039  
               0.00353553  0.00353553  0.04  
               0.00353553  0.00353553  0.041  
               0.00353553  0.00353553  0.042  
               0.00353553  0.00353553  0.043  
               0.00353553  0.00353553  0.044  
               0.00353553  0.00353553  0.045  
               0.00353553  0.00353553  0.046  
               0.00353553  0.00353553  0.047  
               0.00353553  0.00353553  0.048  
               0.00353553  0.00353553  0.049  
               0.00304381  0.00396677  0.001  
               0.00304381  0.00396677  0.002  
               0.00304381  0.00396677  0.003  
               0.00304381  0.00396677  0.004  
               0.00304381  0.00396677  0.005  
               0.00304381  0.00396677  0.006  
               0.00304381  0.00396677  0.007  
               0.00304381  0.00396677  0.008  
               0.00304381  0.00396677  0.009  
               0.00304381  0.00396677  0.01  
               0.00304381  0.00396677  0.011  
               0.00304381  0.00396677  0.012  
               0.00304381  0.00396677  0.013  
               0.00304381  0.00396677  0.014  
               0.00304381  0.00396677  0.015  
               0.00304381  0.00396677  0.016  
               0.00304381  0.00396677  0.017  
               0.00304381  0.00396677  0.018  
               0.00304381  0.00396677  0.019  
               0.00304381  0.00396677  0.02  
               0.00304381  0.00396677  0.021  
               0.00304381  0.00396677  0.022  
               0.00304381  0.00396677  0.023  
               0.00304381  0.00396677  0.024  
               0.00304381  0.00396677  0.025  
               0.00304381  0.00396677  0.026  
               0.00304381  0.00396677  0.027  
               0.00304381  0.00396677  0.028  
               0.00304381  0.00396677  0.029  
               0.00304381  0.00396677  0.03  
               0.00304381  0.00396677  0.031  
               0.00304381  0.00396677  0.032  
               0.00304381  0.00396677  0.033  
               0.00304381  0.00396677  0.034  
               0.00304381  0.00396677  0.035  
               0.00304381  0.00396677  0.036  
               0.00304381  0.00396677  0.037  
               0.00304381  0.00396677  0.038  
               0.00304381  0.00396677  0.039  
               0.00304381  0.00396677  0.04  
               0.00304381  0.00396677  0.041  
               0.00304381  0.00396677  0.042  
               0.00304381  0.00396677  0.043  
               0.00304381  0.00396677  0.044  
               0.00304381  0.00396677  0.045  
               0.00304381  0.00396677  0.046  
               0.00304381  0.00396677  0.047  
               0.00304381  0.00396677  0.048  
               0.00304381  0.00396677  0.049  
               0.0025  0.00433013  0.001  
               0.0025  0.00433013  0.002  
               0.0025  0.00433013  0.003  
               0.0025  0.00433013  0.004  
               0.0025  0.00433013  0.005  
               0.0025  0.00433013  0.006  
               0.0025  0.00433013  0.007  
               0.0025  0.00433013  0.008  
               0.0025  0.00433013  0.009  
               0.0025  0.00433013  0.01  
               0.0025  0.00433013  0.011  
               0.0025  0.00433013  0.012  
               0.0025  0.00433013  0.013  
               0.0025  0.00433013  0.014  
               0.0025  0.00433013  0.015  
               0.0025  0.00433013  0.016  
               0.0025  0.00433013  0.017  
               0.0025  0.00433013  0.018  
               0.0025  0.00433013  0.019  
               0.0025  0.00433013  0.02  
               0.0025  0.00433013  0.021  
               0.0025  0.00433013  0.022  
               0.0025  0.00433013  0.023  
               0.0025  0.00433013  0.024  
               0.0025  0.00433013  0.025  
               0.0025  0.00433013  0.026  
               0.0025  0.00433013  0.027  
               0.0025  0.00433013  0.028  
               0.0025  0.00433013  0.029  
               0.0025  0.00433013  0.03  
               0.0025  0.00433013  0.031  
               0.0025  0.00433013  0.032  
               0.0025  0.00433013  0.033  
               0.0025  0.00433013  0.034  
               0.0025  0.00433013  0.035  
               0.0025  0.00433013  0.036  
               0.0025  0.00433013  0.037  
               0.0025  0.00433013  0.038  
               0.0025  0.00433013  0.039  
               0.0025  0.00433013  0.04  
               0.0025  0.00433013  0.041  
               0.0025  0.00433013  0.042  
               0.0025  0.00433013  0.043  
               0.0025  0.00433013  0.044  
               0.0025  0.00433013  0.045  
               0.0025  0.00433013  0.046  
               0.0025  0.00433013  0.047  
               0.0025  0.00433013  0.048  
               0.0025  0.00433013  0.049  
               0.00191342  0.0046194  0.001  
               0.00191342  0.0046194  0.002  
               0.00191342  0.0046194  0.003  
               0.00191342  0.0046194  0.004  
               0.00191342  0.0046194  0.005  
               0.00191342  0.0046194  0.006  
               0.00191342  0.0046194  0.007  
               0.00191342  0.0046194  0.008  
               0.00191342  0.0046194  0.009  
               0.00191342  0.0046194  0.01  
               0.00191342  0.0046194  0.011  
               0.00191342  0.0046194  0.012  
               0.00191342  0.0046194  0.013  
               0.00191342  0.0046194  0.014  
               0.00191342  0.0046194  0.015  
               0.00191342  0.0046194  0.016  
               0.00191342  0.0046194  0.017  
               0.00191342  0.0046194  0.018  
               0.00191342  0.0046194  0.019  
               0.00191342  0.0046194  0.02  
               0.00191342  0.0046194  0.021  
               0.00191342  0.0046194  0.022  
               0.00191342  0.0046194  0.023  
               0.00191342  0.0046194  0.024  
               0.00191342  0.0046194  0.025  
               0.00191342  0.0046194  0.026  
               0.00191342  0.0046194  0.027  
               0.00191342  0.0046194  0.028  
               0.00191342  0.0046194  0.029  
               0.00191342  0.0046194  0.03  
               0.00191342  0.0046194  0.031  
               0.00191342  0.0046194  0.032  
               0.00191342  0.0046194  0.033  
               0.00191342  0.0046194  0.034  
               0.00191342  0.0046194  0.035  
               0.00191342  0.0046194  0.036  
               0.00191342  0.0046194  0.037  
               0.00191342  0.0046194  0.038  
               0.00191342  0.0046194  0.039  
               0.00191342  0.0046194  0.04  
               0.00191342  0.0046194  0.041  
               0.00191342  0.0046194  0.042  
               0.00191342  0.0046194  0.043  
               0.00191342  0.0046194  0.044  
               0.00191342  0.0046194  0.045  
               0.00191342  0.0046194  0.046  
               0.00191342  0.0046194  0.047  
               0.00191342  0.0046194  0.048  
               0.00191342  0.0046194  0.049  
               0.0012941  0.00482963  0.001  
               0.0012941  0.00482963  0.002  
               0.0012941  0.00482963  0.003  
               0.0012941  0.00482963  0.004  
               0.0012941  0.00482963  0.005  
               0.0012941  0.00482963  0.006  
               0.0012941  0.00482963  0.007  
               0.0012941  0.00482963  0.008  
               0.0012941  0.00482963  0.009  
               0.0012941  0.00482963  0.01  
               0.0012941  0.00482963  0.011  
               0.0012941  0.00482963  0.012  
               0.0012941  0.00482963  0.013  
               0.0012941  0.00482963  0.014  
               0.0012941  0.00482963  0.015  
               0.0012941  0.00482963  0.016  
               0.0012941  0.00482963  0.017  
               0.0012941  0.00482963  0.018  
               0.0012941  0.00482963  0.019  
               0.0012941  0.00482963  0.02  
               0.0012941  0.00482963  0.021  
               0.0012941  0.00482963  0.022  
               0.0012941  0.00482963  0.023  
               0.0012941  0.00482963  0.024  
               0.0012941  0.00482963  0.025  
               0.0012941  0.00482963  0.026  
               0.0012941  0.00482963  0.027  
               0.0012941  0.00482963  0.028  
               0.0012941  0.00482963  0.029  
               0.0012941  0.00482963  0.03  
               0.0012941  0.00482963  0.031  
               0.0012941  0.00482963  0.032  
               0.0012941  0.00482963  0.033  
               0.0012941  0.00482963  0.034  
               0.0012941  0.00482963  0.035  
               0.0012941  0.00482963  0.036  
               0.0012941  0.00482963  0.037  
               0.0012941  0.00482963  0.038  
               0.0012941  0.00482963  0.039  
               0.0012941  0.00482963  0.04  
               0.0012941  0.00482963  0.041  
               0.0012941  0.00482963  0.042  
               0.0012941  0.00482963  0.043  
               0.0012941  0.00482963  0.044  
               0.0012941  0.00482963  0.045  
               0.0012941  0.00482963  0.046  
               0.0012941  0.00482963  0.047  
               0.0012941  0.00482963  0.048  
               0.0012941  0.00482963  0.049  
               0.000652631  0.00495722  0.001  
               0.000652631  0.00495722  0.002  
               0.000652631  0.00495722  0.003  
               0.000652631  0.00495722  0.004  
               0.000652631  0.00495722  0.005  
               0.000652631  0.00495722  0.006  
               0.000652631  0.00495722  0.007  
               0.000652631  0.00495722  0.008  
               0.000652631  0.00495722  0.009  
               0.000652631  0.00495722  0.01  
               0.000652631  0.00495722  0.011  
               0.000652631  0.00495722  0.012  
               0.000652631  0.00495722  0.013  
               0.000652631  0.00495722  0.014  
               0.000652631  0.00495722  0.015  
               0.000652631  0.00495722  0.016  
               0.000652631  0.00495722  0.017  
               0.000652631  0.00495722  0.018  
               0.000652631  0.00495722  0.019  
               0.000652631  0.00495722  0.02  
               0.000652631  0.00495722  0.021  
               0.000652631  0.00495722  0.022  
               0.000652631  0.00495722  0.023  
               0.000652631  0.00495722  0.024  
               0.000652631  0.00495722  0.025  
               0.000652631  0.00495722  0.026  
               0.000652631  0.00495722  0.027  
               0.000652631  0.00495722  0.028  
               0.000652631  0.00495722  0.029  
               0.000652631  0.00495722  0.03  
               0.000652631  0.00495722  0.031  
               0.000652631  0.00495722  0.032  
               0.000652631  0.00495722  0.033  
               0.000652631  0.00495722  0.034  
               0.000652631  0.00495722  0.035  
               0.000652631  0.00495722  0.036  
               0.000652631  0.00495722  0.037  
               0.000652631  0.00495722  0.038  
               0.000652631  0.00495722  0.039  
               0.000652631  0.00495722  0.04  
               0.000652631  0.00495722  0.041  
               0.000652631  0.00495722  0.042  
               0.000652631  0.00495722  0.043  
               0.000652631  0.00495722  0.044  
               0.000652631  0.00495722  0.045  
               0.000652631  0.00495722  0.046  
               0.000652631  0.00495722  0.047  
               0.000652631  0.00495722  0.048  
               0.000652631  0.00495722  0.049  
               -0.000652631  0.00495722  0.001  
               -0.000652631  0.00495722  0.002  
               -0.000652631  0.00495722  0.003  
               -0.000652631  0.00495722  0.004  
               -0.000652631  0.00495722  0.005  
               -0.000652631  0.00495722  0.006  
               -0.000652631  0.00495722  0.007  
               -0.000652631  0.00495722  0.008  
               -0.000652631  0.00495722  0.009  
               -0.000652631  0.00495722  0.01  
               -0.000652631  0.00495722  0.011  
               -0.000652631  0.00495722  0.012  
               -0.000652631  0.00495722  0.013  
               -0.000652631  0.00495722  0.014  
               -0.000652631  0.00495722  0.015  
               -0.000652631  0.00495722  0.016  
               -0.000652631  0.00495722  0.017  
               -0.000652631  0.00495722  0.018  
               -0.000652631  0.00495722  0.019  
               -0.000652631  0.00495722  0.02  
               -0.000652631  0.00495722  0.021  
               -0.000652631  0.00495722  0.022  
               -0.000652631  0.00495722  0.023  
               -0.000652631  0.00495722  0.024  
               -0.000652631  0.00495722  0.025  
               -0.000652631  0.00495722  0.026  
               -0.000652631  0.00495722  0.027  
               -0.000652631  0.00495722  0.028  
               -0.000652631  0.00495722  0.029  
               -0.000652631  0.00495722  0.03  
               -0.000652631  0.00495722  0.031  
               -0.000652631  0.00495722  0.032  
               -0.000652631  0.00495722  0.033  
               -0.000652631  0.00495722  0.034  
               -0.000652631  0.00495722  0.035  
               -0.000652631  0.00495722  0.036  
               -0.000652631  0.00495722  0.037  
               -0.000652631  0.00495722  0.038  
               -0.000652631  0.00495722  0.039  
               -0.000652631  0.00495722  0.04  
               -0.000652631  0.00495722  0.041  
               -0.000652631  0.00495722  0.042  
               -0.000652631  0.00495722  0.043  
               -0.000652631  0.00495722  0.044  
               -0.000652631  0.00495722  0.045  
               -0.000652631  0.00495722  0.046  
               -0.000652631  0.00495722  0.047  
               -0.000652631  0.00495722  0.048  
               -0.000652631  0.00495722  0.049  
               -0.0012941  0.00482963  0.001  
               -0.0012941  0.00482963  0.002  
               -0.0012941  0.00482963  0.003  
               -0.0012941  0.00482963  0.004  
               -0.0012941  0.00482963  0.005  
               -0.0012941  0.00482963  0.006  
               -0.0012941  0.00482963  0.007  
               -0.0012941  0.00482963  0.008  
               -0.0012941  0.00482963  0.009  
               -0.0012941  0.00482963  0.01  
               -0.0012941  0.00482963  0.011  
               -0.0012941  0.00482963  0.012  
               -0.0012941  0.00482963  0.013  
               -0.0012941  0.00482963  0.014  
               -0.0012941  0.00482963  0.015  
               -0.0012941  0.00482963  0.016  
               -0.0012941  0.00482963  0.017  
               -0.0012941  0.00482963  0.018  
               -0.0012941  0.00482963  0.019  
               -0.0012941  0.00482963  0.02  
               -0.0012941  0.00482963  0.021  
               -0.0012941  0.00482963  0.022  
               -0.0012941  0.00482963  0.023  
               -0.0012941  0.00482963  0.024  
               -0.0012941  0.00482963  0.025  
               -0.0012941  0.00482963  0.026  
               -0.0012941  0.00482963  0.027  
               -0.0012941  0.00482963  0.028  
               -0.0012941  0.00482963  0.029  
               -0.0012941  0.00482963  0.03  
               -0.0012941  0.00482963  0.031  
               -0.0012941  0.00482963  0.032  
               -0.0012941  0.00482963  0.033  
               -0.0012941  0.00482963  0.034  
               -0.0012941  0.00482963  0.035  
               -0.0012941  0.00482963  0.036  
               -0.0012941  0.00482963  0.037  
               -0.0012941  0.00482963  0.038  
               -0.0012941  0.00482963  0.039  
               -0.0012941  0.00482963  0.04  
               -0.0012941  0.00482963  0.041  
               -0.0012941  0.00482963  0.042  
               -0.0012941  0.00482963  0.043  
               -0.0012941  0.00482963  0.044  
               -0.0012941  0.00482963  0.045  
               -0.0012941  0.00482963  0.046  
               -0.0012941  0.00482963  0.047  
               -0.0012941  0.00482963  0.048  
               -0.0012941  0.00482963  0.049  
               -0.00191342  0.0046194  0.001  
               -0.00191342  0.0046194  0.002  
               -0.00191342  0.0046194  0.003  
               -0.00191342  0.0046194  0.004  
               -0.00191342  0.0046194  0.005  
               -0.00191342  0.0046194  0.006  
               -0.00191342  0.0046194  0.007  
               -0.00191342  0.0046194  0.008  
               -0.00191342  0.0046194  0.009  
               -0.00191342  0.0046194  0.01  
               -0.00191342  0.0046194  0.011  
               -0.00191342  0.0046194  0.012  
               -0.00191342  0.0046194  0.013  
               -0.00191342  0.0046194  0.014  
               -0.00191342  0.0046194  0.015  
               -0.00191342  0.0046194  0.016  
               -0.00191342  0.0046194  0.017  
               -0.00191342  0.0046194  0.018  
               -0.00191342  0.0046194  0.019  
               -0.00191342  0.0046194  0.02  
               -0.00191342  0.0046194  0.021  
               -0.00191342  0.0046194  0.022  
               -0.00191342  0.0046194  0.023  
               -0.00191342  0.0046194  0.024  
               -0.00191342  0.0046194  0.025  
               -0.00191342  0.0046194  0.026  
               -0.00191342  0.0046194  0.027  
               -0.00191342  0.0046194  0.028  
               -0.00191342  0.0046194  0.029  
               -0.00191342  0.0046194  0.03  
               -0.00191342  0.0046194  0.031  
               -0.00191342  0.0046194  0.032  
               -0.00191342  0.0046194  0.033  
               -0.00191342  0.0046194  0.034  
               -0.00191342  0.0046194  0.035  
               -0.00191342  0.0046194  0.036  
               -0.00191342  0.0046194  0.037  
               -0.00191342  0.0046194  0.038  
               -0.00191342  0.0046194  0.039  
               -0.00191342  0.0046194  0.04  
               -0.00191342  0.0046194  0.041  
               -0.00191342  0.0046194  0.042  
               -0.00191342  0.0046194  0.043  
               -0.00191342  0.0046194  0.044  
               -0.00191342  0.0046194  0.045  
               -0.00191342  0.0046194  0.046  
               -0.00191342  0.0046194  0.047  
               -0.00191342  0.0046194  0.048  
               -0.00191342  0.0046194  0.049  
               -0.0025  0.00433013  0.001  
               -0.0025  0.00433013  0.002  
               -0.0025  0.00433013  0.003  
               -0.0025  0.00433013  0.004  
               -0.0025  0.00433013  0.005  
               -0.0025  0.00433013  0.006  
               -0.0025  0.00433013  0.007  
               -0.0025  0.00433013  0.008  
               -0.0025  0.00433013  0.009  
               -0.0025  0.00433013  0.01  
               -0.0025  0.00433013  0.011  
               -0.0025  0.00433013  0.012  
               -0.0025  0.00433013  0.013  
               -0.0025  0.00433013  0.014  
               -0.0025  0.00433013  0.015  
               -0.0025  0.00433013  0.016  
               -0.0025  0.00433013  0.017  
               -0.0025  0.00433013  0.018  
               -0.0025  0.00433013  0.019  
               -0.0025  0.00433013  0.02  
               -0.0025  0.00433013  0.021  
               -0.0025  0.00433013  0.022  
               -0.0025  0.00433013  0.023  
               -0.0025  0.00433013  0.024  
               -0.0025  0.00433013  0.025  
               -0.0025  0.00433013  0.026  
               -0.0025  0.00433013  0.027  
               -0.0025  0.00433013  0.028  
               -0.0025  0.00433013  0.029  
               -0.0025  0.00433013  0.03  
               -0.0025  0.00433013  0.031  
               -0.0025  0.00433013  0.032  
               -0.0025  0.00433013  0.033  
               -0.0025  0.00433013  0.034  
               -0.0025  0.00433013  0.035  
               -0.0025  0.00433013  0.036  
               -0.0025  0.00433013  0.037  
               -0.0025  0.00433013  0.038  
               -0.0025  0.00433013  0.039  
               -0.0025  0.00433013  0.04  
               -0.0025  0.00433013  0.041  
               -0.0025  0.00433013  0.042  
               -0.0025  0.00433013  0.043  
               -0.0025  0.00433013  0.044  
               -0.0025  0.00433013  0.045  
               -0.0025  0.00433013  0.046  
               -0.0025  0.00433013  0.047  
               -0.0025  0.00433013  0.048  
               -0.0025  0.00433013  0.049  
               -0.00304381  0.00396677  0.001  
               -0.00304381  0.00396677  0.002  
               -0.00304381  0.00396677  0.003  
               -0.00304381  0.00396677  0.004  
               -0.00304381  0.00396677  0.005  
               -0.00304381  0.00396677  0.006  
               -0.00304381  0.00396677  0.007  
               -0.00304381  0.00396677  0.008  
               -0.00304381  0.00396677  0.009  
               -0.00304381  0.00396677  0.01  
               -0.00304381  0.00396677  0.011  
               -0.00304381  0.00396677  0.012  
               -0.00304381  0.00396677  0.013  
               -0.00304381  0.00396677  0.014  
               -0.00304381  0.00396677  0.015  
               -0.00304381  0.00396677  0.016  
               -0.00304381  0.00396677  0.017  
               -0.00304381  0.00396677  0.018  
               -0.00304381  0.00396677  0.019  
               -0.00304381  0.00396677  0.02  
               -0.00304381  0.00396677  0.021  
               -0.00304381  0.00396677  0.022  
               -0.00304381  0.00396677  0.023  
               -0.00304381  0.00396677  0.024  
               -0.00304381  0.00396677  0.025  
               -0.00304381  0.00396677  0.026  
               -0.00304381  0.00396677  0.027  
               -0.00304381  0.00396677  0.028  
               -0.00304381  0.00396677  0.029  
               -0.00304381  0.00396677  0.03  
               -0.00304381  0.00396677  0.031  
               -0.00304381  0.00396677  0.032  
               -0.00304381  0.00396677  0.033  
               -0.00304381  0.00396677  0.034  
               -0.00304381  0.00396677  0.035  
               -0.00304381  0.00396677  0.036  
               -0.00304381  0.00396677  0.037  
               -0.00304381  0.00396677  0.038  
               -0.00304381  0.00396677  0.039  
               -0.00304381  0.00396677  0.04  
               -0.00304381  0.00396677  0.041  
               -0.00304381  0.00396677  0.042  
               -0.00304381  0.00396677  0.043  
               -0.00304381  0.00396677  0.044  
               -0.00304381  0.00396677  0.045  
               -0.00304381  0.00396677  0.046  
               -0.00304381  0.00396677  0.047  
               -0.00304381  0.00396677  0.048  
               -0.00304381  0.00396677  0.049  
               -0.00353553  0.00353553  0.001  
               -0.00353553  0.00353553  0.002  
               -0.00353553  0.00353553  0.003  
               -0.00353553  0.00353553  0.004  
               -0.00353553  0.00353553  0.005  
               -0.00353553  0.00353553  0.006  
               -0.00353553  0.00353553  0.007  
               -0.00353553  0.00353553  0.008  
               -0.00353553  0.00353553  0.009  
               -0.00353553  0.00353553  0.01  
               -0.00353553  0.00353553  0.011  
               -0.00353553  0.00353553  0.012  
               -0.00353553  0.00353553  0.013  
               -0.00353553  0.00353553  0.014  
               -0.00353553  0.00353553  0.015  
               -0.00353553  0.00353553  0.016  
               -0.00353553  0.00353553  0.017  
               -0.00353553  0.00353553  0.018  
               -0.00353553  0.00353553  0.019  
               -0.00353553  0.00353553  0.02  
               -0.00353553  0.00353553  0.021  
               -0.00353553  0.00353553  0.022  
               -0.00353553  0.00353553  0.023  
               -0.00353553  0.00353553  0.024  
               -0.00353553  0.00353553  0.025  
               -0.00353553  0.00353553  0.026  
               -0.00353553  0.00353553  0.027  
               -0.00353553  0.00353553  0.028  
               -0.00353553  0.00353553  0.029  
               -0.00353553  0.00353553  0.03  
               -0.00353553  0.00353553  0.031  
               -0.00353553  0.00353553  0.032  
               -0.00353553  0.00353553  0.033  
               -0.00353553  0.00353553  0.034  
               -0.00353553  0.00353553  0.035  
               -0.00353553  0.00353553  0.036  
               -0.00353553  0.00353553  0.037  
               -0.00353553  0.00353553  0.038  
               -0.00353553  0.00353553  0.039  
               -0.00353553  0.00353553  0.04  
               -0.00353553  0.00353553  0.041  
               -0.00353553  0.00353553  0.042  
               -0.00353553  0.00353553  0.043  
               -0.00353553  0.00353553  0.044  
               -0.00353553  0.00353553  0.045  
               -0.00353553  0.00353553  0.046  
               -0.00353553  0.00353553  0.047  
               -0.00353553  0.00353553  0.048  
               -0.00353553  0.00353553  0.049  
               -0.00396677  0.00304381  0.001  
               -0.00396677  0.00304381  0.002  
               -0.00396677  0.00304381  0.003  
               -0.00396677  0.00304381  0.004  
               -0.00396677  0.00304381  0.005  
               -0.00396677  0.00304381  0.006  
               -0.00396677  0.00304381  0.007  
               -0.00396677  0.00304381  0.008  
               -0.00396677  0.00304381  0.009  
               -0.00396677  0.00304381  0.01  
               -0.00396677  0.00304381  0.011  
               -0.00396677  0.00304381  0.012  
               -0.00396677  0.00304381  0.013  
               -0.00396677  0.00304381  0.014  
               -0.00396677  0.00304381  0.015  
               -0.00396677  0.00304381  0.016  
               -0.00396677  0.00304381  0.017  
               -0.00396677  0.00304381  0.018  
               -0.00396677  0.00304381  0.019  
               -0.00396677  0.00304381  0.02  
               -0.00396677  0.00304381  0.021  
               -0.00396677  0.00304381  0.022  
               -0.00396677  0.00304381  0.023  
               -0.00396677  0.00304381  0.024  
               -0.00396677  0.00304381  0.025  
               -0.00396677  0.00304381  0.026  
               -0.00396677  0.00304381  0.027  
               -0.00396677  0.00304381  0.028  
               -0.00396677  0.00304381  0.029  
               -0.00396677  0.00304381  0.03  
               -0.00396677  0.00304381  0.031  
               -0.00396677  0.00304381  0.032  
               -0.00396677  0.00304381  0.033  
               -0.00396677  0.00304381  0.034  
               -0.00396677  0.00304381  0.035  
               -0.00396677  0.00304381  0.036  
               -0.00396677  0.00304381  0.037  
               -0.00396677  0.00304381  0.038  
               -0.00396677  0.00304381  0.039  
               -0.00396677  0.00304381  0.04  
               -0.00396677  0.00304381  0.041  
               -0.00396677  0.00304381  0.042  
               -0.00396677  0.00304381  0.043  
               -0.00396677  0.00304381  0.044  
               -0.00396677  0.00304381  0.045  
               -0.00396677  0.00304381  0.046  
               -0.00396677  0.00304381  0.047  
               -0.00396677  0.00304381  0.048  
               -0.00396677  0.00304381  0.049  
               -0.00433013  0.0025  0.001  
               -0.00433013  0.0025  0.002  
               -0.00433013  0.0025  0.003  
               -0.00433013  0.0025  0.004  
               -0.00433013  0.0025  0.005  
               -0.00433013  0.0025  0.006  
               -0.00433013  0.0025  0.007  
               -0.00433013  0.0025  0.008  
               -0.00433013  0.0025  0.009  
               -0.00433013  0.0025  0.01  
               -0.00433013  0.0025  0.011  
               -0.00433013  0.0025  0.012  
               -0.00433013  0.0025  0.013  
               -0.00433013  0.0025  0.014  
               -0.00433013  0.0025  0.015  
               -0.00433013  0.0025  0.016  
               -0.00433013  0.0025  0.017  
               -0.00433013  0.0025  0.018  
               -0.00433013  0.0025  0.019  
               -0.00433013  0.0025  0.02  
               -0.00433013  0.0025  0.021  
               -0.00433013  0.0025  0.022  
               -0.00433013  0.0025  0.023  
               -0.00433013  0.0025  0.024  
               -0.00433013  0.0025  0.025  
               -0.00433013  0.0025  0.026  
               -0.00433013  0.0025  0.027  
               -0.00433013  0.0025  0.028  
               -0.00433013  0.0025  0.029  
               -0.00433013  0.0025  0.03  
               -0.00433013  0.0025  0.031  
               -0.00433013  0.0025  0.032  
               -0.00433013  0.0025  0.033  
               -0.00433013  0.0025  0.034  
               -0.00433013  0.0025  0.035  
               -0.00433013  0.0025  0.036  
               -0.00433013  0.0025  0.037  
               -0.00433013  0.0025  0.038  
               -0.00433013  0.0025  0.039  
               -0.00433013  0.0025  0.04  
               -0.00433013  0.0025  0.041  
               -0.00433013  0.0025  0.042  
               -0.00433013  0.0025  0.043  
               -0.00433013  0.0025  0.044  
               -0.00433013  0.0025  0.045  
               -0.00433013  0.0025  0.046  
               -0.00433013  0.0025  0.047  
               -0.00433013  0.0025  0.048  
               -0.00433013  0.0025  0.049  
               -0.0046194  0.00191342  0.001  
               -0.0046194  0.00191342  0.002  
               -0.0046194  0.00191342  0.003  
               -0.0046194  0.00191342  0.004  
               -0.0046194  0.00191342  0.005  
               -0.0046194  0.00191342  0.006  
               -0.0046194  0.00191342  0.007  
               -0.0046194  0.00191342  0.008  
               -0.0046194  0.00191342  0.009  
               -0.0046194  0.00191342  0.01  
               -0.0046194  0.00191342  0.011  
               -0.0046194  0.00191342  0.012  
               -0.0046194  0.00191342  0.013  
               -0.0046194  0.00191342  0.014  
               -0.0046194  0.00191342  0.015  
               -0.0046194  0.00191342  0.016  
               -0.0046194  0.00191342  0.017  
               -0.0046194  0.00191342  0.018  
               -0.0046194  0.00191342  0.019  
               -0.0046194  0.00191342  0.02  
               -0.0046194  0.00191342  0.021  
               -0.0046194  0.00191342  0.022  
               -0.0046194  0.00191342  0.023  
               -0.0046194  0.00191342  0.024  
               -0.0046194  0.00191342  0.025  
               -0.0046194  0.00191342  0.026  
               -0.0046194  0.00191342  0.027  
               -0.0046194  0.00191342  0.028  
               -0.0046194  0.00191342  0.029  
               -0.0046194  0.00191342  0.03  
               -0.0046194  0.00191342  0.031  
               -0.0046194  0.00191342  0.032  
               -0.0046194  0.00191342  0.033  
               -0.0046194  0.00191342  0.034  
               -0.0046194  0.00191342  0.035  
               -0.0046194  0.00191342  0.036  
               -0.0046194  0.00191342  0.037  
               -0.0046194  0.00191342  0.038  
               -0.0046194  0.00191342  0.039  
               -0.0046194  0.00191342  0.04  
               -0.0046194  0.00191342  0.041  
               -0.0046194  0.00191342  0.042  
               -0.0046194  0.00191342  0.043  
               -0.0046194  0.00191342  0.044  
               -0.0046194  0.00191342  0.045  
               -0.0046194  0.00191342  0.046  
               -0.0046194  0.00191342  0.047  
               -0.0046194  0.00191342  0.048  
               -0.0046194  0.00191342  0.049  
               -0.00482963  0.0012941  0.001  
               -0.00482963  0.0012941  0.002  
               -0.00482963  0.0012941  0.003  
               -0.00482963  0.0012941  0.004  
               -0.00482963  0.0012941  0.005  
               -0.00482963  0.0012941  0.006  
               -0.00482963  0.0012941  0.007  
               -0.00482963  0.0012941  0.008  
               -0.00482963  0.0012941  0.009  
               -0.00482963  0.0012941  0.01  
               -0.00482963  0.0012941  0.011  
               -0.00482963  0.0012941  0.012  
               -0.00482963  0.0012941  0.013  
               -0.00482963  0.0012941  0.014  
               -0.00482963  0.0012941  0.015  
               -0.00482963  0.0012941  0.016  
               -0.00482963  0.0012941  0.017  
               -0.00482963  0.0012941  0.018  
               -0.00482963  0.0012941  0.019  
               -0.00482963  0.0012941  0.02  
               -0.00482963  0.0012941  0.021  
               -0.00482963  0.0012941  0.022  
               -0.00482963  0.0012941  0.023  
               -0.00482963  0.0012941  0.024  
               -0.00482963  0.0012941  0.025  
               -0.00482963  0.0012941  0.026  
               -0.00482963  0.0012941  0.027  
               -0.00482963  0.0012941  0.028  
               -0.00482963  0.0012941  0.029  
               -0.00482963  0.0012941  0.03  
               -0.00482963  0.0012941  0.031  
               -0.00482963  0.0012941  0.032  
               -0.00482963  0.0012941  0.033  
               -0.00482963  0.0012941  0.034  
               -0.00482963  0.0012941  0.035  
               -0.00482963  0.0012941  0.036  
               -0.00482963  0.0012941  0.037  
               -0.00482963  0.0012941  0.038  
               -0.00482963  0.0012941  0.039  
               -0.00482963  0.0012941  0.04  
               -0.00482963  0.0012941  0.041  
               -0.00482963  0.0012941  0.042  
               -0.00482963  0.0012941  0.043  
               -0.00482963  0.0012941  0.044  
               -0.00482963  0.0012941  0.045  
               -0.00482963  0.0012941  0.046  
               -0.00482963  0.0012941  0.047  
               -0.00482963  0.0012941  0.048  
               -0.00482963  0.0012941  0.049  
               -0.00495722  0.000652631  0.001  
               -0.00495722  0.000652631  0.002  
               -0.00495722  0.000652631  0.003  
               -0.00495722  0.000652631  0.004  
               -0.00495722  0.000652631  0.005  
               -0.00495722  0.000652631  0.006  
               -0.00495722  0.000652631  0.007  
               -0.00495722  0.000652631  0.008  
               -0.00495722  0.000652631  0.009  
               -0.00495722  0.000652631  0.01  
               -0.00495722  0.000652631  0.011  
               -0.00495722  0.000652631  0.012  
               -0.00495722  0.000652631  0.013  
               -0.00495722  0.000652631  0.014  
               -0.00495722  0.000652631  0.015  
               -0.00495722  0.000652631  0.016  
               -0.00495722  0.000652631  0.017  
               -0.00495722  0.000652631  0.018  
               -0.00495722  0.000652631  0.019  
               -0.00495722  0.000652631  0.02  
               -0.00495722  0.000652631  0.021  
               -0.00495722  0.000652631  0.022  
               -0.00495722  0.000652631  0.023  
               -0.00495722  0.000652631  0.024  
               -0.00495722  0.000652631  0.025  
               -0.00495722  0.000652631  0.026  
               -0.00495722  0.000652631  0.027  
               -0.00495722  0.000652631  0.028  
               -0.00495722  0.000652631  0.029  
               -0.00495722  0.000652631  0.03  
               -0.00495722  0.000652631  0.031  
               -0.00495722  0.000652631  0.032  
               -0.00495722  0.000652631  0.033  
               -0.00495722  0.000652631  0.034  
               -0.00495722  0.000652631  0.035  
               -0.00495722  0.000652631  0.036  
               -0.00495722  0.000652631  0.037  
               -0.00495722  0.000652631  0.038  
               -0.00495722  0.000652631  0.039  
               -0.00495722  0.000652631  0.04  
               -0.00495722  0.000652631  0.041  
               -0.00495722  0.000652631  0.042  
               -0.00495722  0.000652631  0.043  
               -0.00495722  0.000652631  0.044  
               -0.00495722  0.000652631  0.045  
               -0.00495722  0.000652631  0.046  
               -0.00495722  0.000652631  0.047  
               -0.00495722  0.000652631  0.048  
               -0.00495722  0.000652631  0.049  
               -0.00495722  -0.000652631  0.001  
               -0.00495722  -0.000652631  0.002  
               -0.00495722  -0.000652631  0.003  
               -0.00495722  -0.000652631  0.004  
               -0.00495722  -0.000652631  0.005  
               -0.00495722  -0.000652631  0.006  
               -0.00495722  -0.000652631  0.007  
               -0.00495722  -0.000652631  0.008  
               -0.00495722  -0.000652631  0.009  
               -0.00495722  -0.000652631  0.01  
               -0.00495722  -0.000652631  0.011  
               -0.00495722  -0.000652631  0.012  
               -0.00495722  -0.000652631  0.013  
               -0.00495722  -0.000652631  0.014  
               -0.00495722  -0.000652631  0.015  
               -0.00495722  -0.000652631  0.016  
               -0.00495722  -0.000652631  0.017  
               -0.00495722  -0.000652631  0.018  
               -0.00495722  -0.000652631  0.019  
               -0.00495722  -0.000652631  0.02  
               -0.00495722  -0.000652631  0.021  
               -0.00495722  -0.000652631  0.022  
               -0.00495722  -0.000652631  0.023  
               -0.00495722  -0.000652631  0.024  
               -0.00495722  -0.000652631  0.025  
               -0.00495722  -0.000652631  0.026  
               -0.00495722  -0.000652631  0.027  
               -0.00495722  -0.000652631  0.028  
               -0.00495722  -0.000652631  0.029  
               -0.00495722  -0.000652631  0.03  
               -0.00495722  -0.000652631  0.031  
               -0.00495722  -0.000652631  0.032  
               -0.00495722  -0.000652631  0.033  
               -0.00495722  -0.000652631  0.034  
               -0.00495722  -0.000652631  0.035  
               -0.00495722  -0.000652631  0.036  
               -0.00495722  -0.000652631  0.037  
               -0.00495722  -0.000652631  0.038  
               -0.00495722  -0.000652631  0.039  
               -0.00495722  -0.000652631  0.04  
               -0.00495722  -0.000652631  0.041  
               -0.00495722  -0.000652631  0.042  
               -0.00495722  -0.000652631  0.043  
               -0.00495722  -0.000652631  0.044  
               -0.00495722  -0.000652631  0.045  
               -0.00495722  -0.000652631  0.046  
               -0.00495722  -0.000652631  0.047  
               -0.00495722  -0.000652631  0.048  
               -0.00495722  -0.000652631  0.049  
               -0.00482963  -0.0012941  0.001  
               -0.00482963  -0.0012941  0.002  
               -0.00482963  -0.0012941  0.003  
               -0.00482963  -0.0012941  0.004  
               -0.00482963  -0.0012941  0.005  
               -0.00482963  -0.0012941  0.006  
               -0.00482963  -0.0012941  0.007  
               -0.00482963  -0.0012941  0.008  
               -0.00482963  -0.0012941  0.009  
               -0.00482963  -0.0012941  0.01  
               -0.00482963  -0.0012941  0.011  
               -0.00482963  -0.0012941  0.012  
               -0.00482963  -0.0012941  0.013  
               -0.00482963  -0.0012941  0.014  
               -0.00482963  -0.0012941  0.015  
               -0.00482963  -0.0012941  0.016  
               -0.00482963  -0.0012941  0.017  
               -0.00482963  -0.0012941  0.018  
               -0.00482963  -0.0012941  0.019  
               -0.00482963  -0.0012941  0.02  
               -0.00482963  -0.0012941  0.021  
               -0.00482963  -0.0012941  0.022  
               -0.00482963  -0.0012941  0.023  
               -0.00482963  -0.0012941  0.024  
               -0.00482963  -0.0012941  0.025  
               -0.00482963  -0.0012941  0.026  
               -0.00482963  -0.0012941  0.027  
               -0.00482963  -0.0012941  0.028  
               -0.00482963  -0.0012941  0.029  
               -0.00482963  -0.0012941  0.03  
               -0.00482963  -0.0012941  0.031  
               -0.00482963  -0.0012941  0.032  
               -0.00482963  -0.0012941  0.033  
               -0.00482963  -0.0012941  0.034  
               -0.00482963  -0.0012941  0.035  
               -0.00482963  -0.0012941  0.036  
               -0.00482963  -0.0012941  0.037  
               -0.00482963  -0.0012941  0.038  
               -0.00482963  -0.0012941  0.039  
               -0.00482963  -0.0012941  0.04  
               -0.00482963  -0.0012941  0.041  
               -0.00482963  -0.0012941  0.042  
               -0.00482963  -0.0012941  0.043  
               -0.00482963  -0.0012941  0.044  
               -0.00482963  -0.0012941  0.045  
               -0.00482963  -0.0012941  0.046  
               -0.00482963  -0.0012941  0.047  
               -0.00482963  -0.0012941  0.048  
               -0.00482963  -0.0012941  0.049  
               -0.0046194  -0.00191342  0.001  
               -0.0046194  -0.00191342  0.002  
               -0.0046194  -0.00191342  0.003  
               -0.0046194  -0.00191342  0.004  
               -0.0046194  -0.00191342  0.005  
               -0.0046194  -0.00191342  0.006  
               -0.0046194  -0.00191342  0.007  
               -0.0046194  -0.00191342  0.008  
               -0.0046194  -0.00191342  0.009  
               -0.0046194  -0.00191342  0.01  
               -0.0046194  -0.00191342  0.011  
               -0.0046194  -0.00191342  0.012  
               -0.0046194  -0.00191342  0.013  
               -0.0046194  -0.00191342  0.014  
               -0.0046194  -0.00191342  0.015  
               -0.0046194  -0.00191342  0.016  
               -0.0046194  -0.00191342  0.017  
               -0.0046194  -0.00191342  0.018  
               -0.0046194  -0.00191342  0.019  
               -0.0046194  -0.00191342  0.02  
               -0.0046194  -0.00191342  0.021  
               -0.0046194  -0.00191342  0.022  
               -0.0046194  -0.00191342  0.023  
               -0.0046194  -0.00191342  0.024  
               -0.0046194  -0.00191342  0.025  
               -0.0046194  -0.00191342  0.026  
               -0.0046194  -0.00191342  0.027  
               -0.0046194  -0.00191342  0.028  
               -0.0046194  -0.00191342  0.029  
               -0.0046194  -0.00191342  0.03  
               -0.0046194  -0.00191342  0.031  
               -0.0046194  -0.00191342  0.032  
               -0.0046194  -0.00191342  0.033  
               -0.0046194  -0.00191342  0.034  
               -0.0046194  -0.00191342  0.035  
               -0.0046194  -0.00191342  0.036  
               -0.0046194  -0.00191342  0.037  
               -0.0046194  -0.00191342  0.038  
               -0.0046194  -0.00191342  0.039  
               -0.0046194  -0.00191342  0.04  
               -0.0046194  -0.00191342  0.041  
               -0.0046194  -0.00191342  0.042  
               -0.0046194  -0.00191342  0.043  
               -0.0046194  -0.00191342  0.044  
               -0.0046194  -0.00191342  0.045  
               -0.0046194  -0.00191342  0.046  
               -0.0046194  -0.00191342  0.047  
               -0.0046194  -0.00191342  0.048  
               -0.0046194  -0.00191342  0.049  
               -0.00433013  -0.0025  0.001  
               -0.00433013  -0.0025  0.002  
               -0.00433013  -0.0025  0.003  
               -0.00433013  -0.0025  0.004  
               -0.00433013  -0.0025  0.005  
               -0.00433013  -0.0025  0.006  
               -0.00433013  -0.0025  0.007  
               -0.00433013  -0.0025  0.008  
               -0.00433013  -0.0025  0.009  
               -0.00433013  -0.0025  0.01  
               -0.00433013  -0.0025  0.011  
               -0.00433013  -0.0025  0.012  
               -0.00433013  -0.0025  0.013  
               -0.00433013  -0.0025  0.014  
               -0.00433013  -0.0025  0.015  
               -0.00433013  -0.0025  0.016  
               -0.00433013  -0.0025  0.017  
               -0.00433013  -0.0025  0.018  
               -0.00433013  -0.0025  0.019  
               -0.00433013  -0.0025  0.02  
               -0.00433013  -0.0025  0.021  
               -0.00433013  -0.0025  0.022  
               -0.00433013  -0.0025  0.023  
               -0.00433013  -0.0025  0.024  
               -0.00433013  -0.0025  0.025  
               -0.00433013  -0.0025  0.026  
               -0.00433013  -0.0025  0.027  
               -0.00433013  -0.0025  0.028  
               -0.00433013  -0.0025  0.029  
               -0.00433013  -0.0025  0.03  
               -0.00433013  -0.0025  0.031  
               -0.00433013  -0.0025  0.032  
               -0.00433013  -0.0025  0.033  
               -0.00433013  -0.0025  0.034  
               -0.00433013  -0.0025  0.035  
               -0.00433013  -0.0025  0.036  
               -0.00433013  -0.0025  0.037  
               -0.00433013  -0.0025  0.038  
               -0.00433013  -0.0025  0.039  
               -0.00433013  -0.0025  0.04  
               -0.00433013  -0.0025  0.041  
               -0.00433013  -0.0025  0.042  
               -0.00433013  -0.0025  0.043  
               -0.00433013  -0.0025  0.044  
               -0.00433013  -0.0025  0.045  
               -0.00433013  -0.0025  0.046  
               -0.00433013  -0.0025  0.047  
               -0.00433013  -0.0025  0.048  
               -0.00433013  -0.0025  0.049  
               -0.00396677  -0.00304381  0.001  
               -0.00396677  -0.00304381  0.002  
               -0.00396677  -0.00304381  0.003  
               -0.00396677  -0.00304381  0.004  
               -0.00396677  -0.00304381  0.005  
               -0.00396677  -0.00304381  0.006  
               -0.00396677  -0.00304381  0.007  
               -0.00396677  -0.00304381  0.008  
               -0.00396677  -0.00304381  0.009  
               -0.00396677  -0.00304381  0.01  
               -0.00396677  -0.00304381  0.011  
               -0.00396677  -0.00304381  0.012  
               -0.00396677  -0.00304381  0.013  
               -0.00396677  -0.00304381  0.014  
               -0.00396677  -0.00304381  0.015  
               -0.00396677  -0.00304381  0.016  
               -0.00396677  -0.00304381  0.017  
               -0.00396677  -0.00304381  0.018  
               -0.00396677  -0.00304381  0.019  
               -0.00396677  -0.00304381  0.02  
               -0.00396677  -0.00304381  0.021  
               -0.00396677  -0.00304381  0.022  
               -0.00396677  -0.00304381  0.023  
               -0.00396677  -0.00304381  0.024  
               -0.00396677  -0.00304381  0.025  
               -0.00396677  -0.00304381  0.026  
               -0.00396677  -0.00304381  0.027  
               -0.00396677  -0.00304381  0.028  
               -0.00396677  -0.00304381  0.029  
               -0.00396677  -0.00304381  0.03  
               -0.00396677  -0.00304381  0.031  
               -0.00396677  -0.00304381  0.032  
               -0.00396677  -0.00304381  0.033  
               -0.00396677  -0.00304381  0.034  
               -0.00396677  -0.00304381  0.035  
               -0.00396677  -0.00304381  0.036  
               -0.00396677  -0.00304381  0.037  
               -0.00396677  -0.00304381  0.038  
               -0.00396677  -0.00304381  0.039  
               -0.00396677  -0.00304381  0.04  
               -0.00396677  -0.00304381  0.041  
               -0.00396677  -0.00304381  0.042  
               -0.00396677  -0.00304381  0.043  
               -0.00396677  -0.00304381  0.044  
               -0.00396677  -0.00304381  0.045  
               -0.00396677  -0.00304381  0.046  
               -0.00396677  -0.00304381  0.047  
               -0.00396677  -0.00304381  0.048  
               -0.00396677  -0.00304381  0.049  
               -0.00353553  -0.00353553  0.001  
               -0.00353553  -0.00353553  0.002  
               -0.00353553  -0.00353553  0.003  
               -0.00353553  -0.00353553  0.004  
               -0.00353553  -0.00353553  0.005  
               -0.00353553  -0.00353553  0.006  
               -0.00353553  -0.00353553  0.007  
               -0.00353553  -0.00353553  0.008  
               -0.00353553  -0.00353553  0.009  
               -0.00353553  -0.00353553  0.01  
               -0.00353553  -0.00353553  0.011  
               -0.00353553  -0.00353553  0.012  
               -0.00353553  -0.00353553  0.013  
               -0.00353553  -0.00353553  0.014  
               -0.00353553  -0.00353553  0.015  
               -0.00353553  -0.00353553  0.016  
               -0.00353553  -0.00353553  0.017  
               -0.00353553  -0.00353553  0.018  
               -0.00353553  -0.00353553  0.019  
               -0.00353553  -0.00353553  0.02  
               -0.00353553  -0.00353553  0.021  
               -0.00353553  -0.00353553  0.022  
               -0.00353553  -0.00353553  0.023  
               -0.00353553  -0.00353553  0.024  
               -0.00353553  -0.00353553  0.025  
               -0.00353553  -0.00353553  0.026  
               -0.00353553  -0.00353553  0.027  
               -0.00353553  -0.00353553  0.028  
               -0.00353553  -0.00353553  0.029  
               -0.00353553  -0.00353553  0.03  
               -0.00353553  -0.00353553  0.031  
               -0.00353553  -0.00353553  0.032  
               -0.00353553  -0.00353553  0.033  
               -0.00353553  -0.00353553  0.034  
               -0.00353553  -0.00353553  0.035  
               -0.00353553  -0.00353553  0.036  
               -0.00353553  -0.00353553  0.037  
               -0.00353553  -0.00353553  0.038  
               -0.00353553  -0.00353553  0.039  
               -0.00353553  -0.00353553  0.04  
               -0.00353553  -0.00353553  0.041  
               -0.00353553  -0.00353553  0.042  
               -0.00353553  -0.00353553  0.043  
               -0.00353553  -0.00353553  0.044  
               -0.00353553  -0.00353553  0.045  
               -0.00353553  -0.00353553  0.046  
               -0.00353553  -0.00353553  0.047  
               -0.00353553  -0.00353553  0.048  
               -0.00353553  -0.00353553  0.049  
               -0.00304381  -0.00396677  0.001  
               -0.00304381  -0.00396677  0.002  
               -0.00304381  -0.00396677  0.003  
               -0.00304381  -0.00396677  0.004  
               -0.00304381  -0.00396677  0.005  
               -0.00304381  -0.00396677  0.006  
               -0.00304381  -0.00396677  0.007  
               -0.00304381  -0.00396677  0.008  
               -0.00304381  -0.00396677  0.009  
               -0.00304381  -0.00396677  0.01  
               -0.00304381  -0.00396677  0.011  
               -0.00304381  -0.00396677  0.012  
               -0.00304381  -0.00396677  0.013  
               -0.00304381  -0.00396677  0.014  
               -0.00304381  -0.00396677  0.015  
               -0.00304381  -0.00396677  0.016  
               -0.00304381  -0.00396677  0.017  
               -0.00304381  -0.00396677  0.018  
               -0.00304381  -0.00396677  0.019  
               -0.00304381  -0.00396677  0.02  
               -0.00304381  -0.00396677  0.021  
               -0.00304381  -0.00396677  0.022  
               -0.00304381  -0.00396677  0.023  
               -0.00304381  -0.00396677  0.024  
               -0.00304381  -0.00396677  0.025  
               -0.00304381  -0.00396677  0.026  
               -0.00304381  -0.00396677  0.027  
               -0.00304381  -0.00396677  0.028  
               -0.00304381  -0.00396677  0.029  
               -0.00304381  -0.00396677  0.03  
               -0.00304381  -0.00396677  0.031  
               -0.00304381  -0.00396677  0.032  
               -0.00304381  -0.00396677  0.033  
               -0.00304381  -0.00396677  0.034  
               -0.00304381  -0.00396677  0.035  
               -0.00304381  -0.00396677  0.036  
               -0.00304381  -0.00396677  0.037  
               -0.00304381  -0.00396677  0.038  
               -0.00304381  -0.00396677  0.039  
               -0.00304381  -0.00396677  0.04  
               -0.00304381  -0.00396677  0.041  
               -0.00304381  -0.00396677  0.042  
               -0.00304381  -0.00396677  0.043  
               -0.00304381  -0.00396677  0.044  
               -0.00304381  -0.00396677  0.045  
               -0.00304381  -0.00396677  0.046  
               -0.00304381  -0.00396677  0.047  
               -0.00304381  -0.00396677  0.048  
               -0.00304381  -0.00396677  0.049  
               -0.0025  -0.00433013  0.001  
               -0.0025  -0.00433013  0.002  
               -0.0025  -0.00433013  0.003  
               -0.0025  -0.00433013  0.004  
               -0.0025  -0.00433013  0.005  
               -0.0025  -0.00433013  0.006  
               -0.0025  -0.00433013  0.007  
               -0.0025  -0.00433013  0.008  
               -0.0025  -0.00433013  0.009  
               -0.0025  -0.00433013  0.01  
               -0.0025  -0.00433013  0.011  
               -0.0025  -0.00433013  0.012  
               -0.0025  -0.00433013  0.013  
               -0.0025  -0.00433013  0.014  
               -0.0025  -0.00433013  0.015  
               -0.0025  -0.00433013  0.016  
               -0.0025  -0.00433013  0.017  
               -0.0025  -0.00433013  0.018  
               -0.0025  -0.00433013  0.019  
               -0.0025  -0.00433013  0.02  
               -0.0025  -0.00433013  0.021  
               -0.0025  -0.00433013  0.022  
               -0.0025  -0.00433013  0.023  
               -0.0025  -0.00433013  0.024  
               -0.0025  -0.00433013  0.025  
               -0.0025  -0.00433013  0.026  
               -0.0025  -0.00433013  0.027  
               -0.0025  -0.00433013  0.028  
               -0.0025  -0.00433013  0.029  
               -0.0025  -0.00433013  0.03  
               -0.0025  -0.00433013  0.031  
               -0.0025  -0.00433013  0.032  
               -0.0025  -0.00433013  0.033  
               -0.0025  -0.00433013  0.034  
               -0.0025  -0.00433013  0.035  
               -0.0025  -0.00433013  0.036  
               -0.0025  -0.00433013  0.037  
               -0.0025  -0.00433013  0.038  
               -0.0025  -0.00433013  0.039  
               -0.0025  -0.00433013  0.04  
               -0.0025  -0.00433013  0.041  
               -0.0025  -0.00433013  0.042  
               -0.0025  -0.00433013  0.043  
               -0.0025  -0.00433013  0.044  
               -0.0025  -0.00433013  0.045  
               -0.0025  -0.00433013  0.046  
               -0.0025  -0.00433013  0.047  
               -0.0025  -0.00433013  0.048  
               -0.0025  -0.00433013  0.049  
               -0.00191342  -0.0046194  0.001  
               -0.00191342  -0.0046194  0.002  
               -0.00191342  -0.0046194  0.003  
               -0.00191342  -0.0046194  0.004  
               -0.00191342  -0.0046194  0.005  
               -0.00191342  -0.0046194  0.006  
               -0.00191342  -0.0046194  0.007  
               -0.00191342  -0.0046194  0.008  
               -0.00191342  -0.0046194  0.009  
               -0.00191342  -0.0046194  0.01  
               -0.00191342  -0.0046194  0.011  
               -0.00191342  -0.0046194  0.012  
               -0.00191342  -0.0046194  0.013  
               -0.00191342  -0.0046194  0.014  
               -0.00191342  -0.0046194  0.015  
               -0.00191342  -0.0046194  0.016  
               -0.00191342  -0.0046194  0.017  
               -0.00191342  -0.0046194  0.018  
               -0.00191342  -0.0046194  0.019  
               -0.00191342  -0.0046194  0.02  
               -0.00191342  -0.0046194  0.021  
               -0.00191342  -0.0046194  0.022  
               -0.00191342  -0.0046194  0.023  
               -0.00191342  -0.0046194  0.024  
               -0.00191342  -0.0046194  0.025  
               -0.00191342  -0.0046194  0.026  
               -0.00191342  -0.0046194  0.027  
               -0.00191342  -0.0046194  0.028  
               -0.00191342  -0.0046194  0.029  
               -0.00191342  -0.0046194  0.03  
               -0.00191342  -0.0046194  0.031  
               -0.00191342  -0.0046194  0.032  
               -0.00191342  -0.0046194  0.033  
               -0.00191342  -0.0046194  0.034  
               -0.00191342  -0.0046194  0.035  
               -0.00191342  -0.0046194  0.036  
               -0.00191342  -0.0046194  0.037  
               -0.00191342  -0.0046194  0.038  
               -0.00191342  -0.0046194  0.039  
               -0.00191342  -0.0046194  0.04  
               -0.00191342  -0.0046194  0.041  
               -0.00191342  -0.0046194  0.042  
               -0.00191342  -0.0046194  0.043  
               -0.00191342  -0.0046194  0.044  
               -0.00191342  -0.0046194  0.045  
               -0.00191342  -0.0046194  0.046  
               -0.00191342  -0.0046194  0.047  
               -0.00191342  -0.0046194  0.048  
               -0.00191342  -0.0046194  0.049  
               -0.0012941  -0.00482963  0.001  
               -0.0012941  -0.00482963  0.002  
               -0.0012941  -0.00482963  0.003  
               -0.0012941  -0.00482963  0.004  
               -0.0012941  -0.00482963  0.005  
               -0.0012941  -0.00482963  0.006  
               -0.0012941  -0.00482963  0.007  
               -0.0012941  -0.00482963  0.008  
               -0.0012941  -0.00482963  0.009  
               -0.0012941  -0.00482963  0.01  
               -0.0012941  -0.00482963  0.011  
               -0.0012941  -0.00482963  0.012  
               -0.0012941  -0.00482963  0.013  
               -0.0012941  -0.00482963  0.014  
               -0.0012941  -0.00482963  0.015  
               -0.0012941  -0.00482963  0.016  
               -0.0012941  -0.00482963  0.017  
               -0.0012941  -0.00482963  0.018  
               -0.0012941  -0.00482963  0.019  
               -0.0012941  -0.00482963  0.02  
               -0.0012941  -0.00482963  0.021  
               -0.0012941  -0.00482963  0.022  
               -0.0012941  -0.00482963  0.023  
               -0.0012941  -0.00482963  0.024  
               -0.0012941  -0.00482963  0.025  
               -0.0012941  -0.00482963  0.026  
               -0.0012941  -0.00482963  0.027  
               -0.0012941  -0.00482963  0.028  
               -0.0012941  -0.00482963  0.029  
               -0.0012941  -0.00482963  0.03  
               -0.0012941  -0.00482963  0.031  
               -0.0012941  -0.00482963  0.032  
               -0.0012941  -0.00482963  0.033  
               -0.0012941  -0.00482963  0.034  
               -0.0012941  -0.00482963  0.035  
               -0.0012941  -0.00482963  0.036  
               -0.0012941  -0.00482963  0.037  
               -0.0012941  -0.00482963  0.038  
               -0.0012941  -0.00482963  0.039  
               -0.0012941  -0.00482963  0.04  
               -0.0012941  -0.00482963  0.041  
               -0.0012941  -0.00482963  0.042  
               -0.0012941  -0.00482963  0.043  
               -0.0012941  -0.00482963  0.044  
               -0.0012941  -0.00482963  0.045  
               -0.0012941  -0.00482963  0.046  
               -0.0012941  -0.00482963  0.047  
               -0.0012941  -0.00482963  0.048  
               -0.0012941  -0.00482963  0.049  
               -0.000652631  -0.00495722  0.001  
               -0.000652631  -0.00495722  0.002  
               -0.000652631  -0.00495722  0.003  
               -0.000652631  -0.00495722  0.004  
               -0.000652631  -0.00495722  0.005  
               -0.000652631  -0.00495722  0.006  
               -0.000652631  -0.00495722  0.007  
               -0.000652631  -0.00495722  0.008  
               -0.000652631  -0.00495722  0.009  
               -0.000652631  -0.00495722  0.01  
               -0.000652631  -0.00495722  0.011  
               -0.000652631  -0.00495722  0.012  
               -0.000652631  -0.00495722  0.013  
               -0.000652631  -0.00495722  0.014  
               -0.000652631  -0.00495722  0.015  
               -0.000652631  -0.00495722  0.016  
               -0.000652631  -0.00495722  0.017  
               -0.000652631  -0.00495722  0.018  
               -0.000652631  -0.00495722  0.019  
               -0.000652631  -0.00495722  0.02  
               -0.000652631  -0.00495722  0.021  
               -0.000652631  -0.00495722  0.022  
               -0.000652631  -0.00495722  0.023  
               -0.000652631  -0.00495722  0.024  
               -0.000652631  -0.00495722  0.025  
               -0.000652631  -0.00495722  0.026  
               -0.000652631  -0.00495722  0.027  
               -0.000652631  -0.00495722  0.028  
               -0.000652631  -0.00495722  0.029  
               -0.000652631  -0.00495722  0.03  
               -0.000652631  -0.00495722  0.031  
               -0.000652631  -0.00495722  0.032  
               -0.000652631  -0.00495722  0.033  
               -0.000652631  -0.00495722  0.034  
               -0.000652631  -0.00495722  0.035  
               -0.000652631  -0.00495722  0.036  
               -0.000652631  -0.00495722  0.037  
               -0.000652631  -0.00495722  0.038  
               -0.000652631  -0.00495722  0.039  
               -0.000652631  -0.00495722  0.04  
               -0.000652631  -0.00495722  0.041  
               -0.000652631  -0.00495722  0.042  
               -0.000652631  -0.00495722  0.043  
               -0.000652631  -0.00495722  0.044  
               -0.000652631  -0.00495722  0.045  
               -0.000652631  -0.00495722  0.046  
               -0.000652631  -0.00495722  0.047  
               -0.000652631  -0.00495722  0.048  
               -0.000652631  -0.00495722  0.049  
               0.000652631  -0.00495722  0.001  
               0.000652631  -0.00495722  0.002  
               0.000652631  -0.00495722  0.003  
               0.000652631  -0.00495722  0.004  
               0.000652631  -0.00495722  0.005  
               0.000652631  -0.00495722  0.006  
               0.000652631  -0.00495722  0.007  
               0.000652631  -0.00495722  0.008  
               0.000652631  -0.00495722  0.009  
               0.000652631  -0.00495722  0.01  
               0.000652631  -0.00495722  0.011  
               0.000652631  -0.00495722  0.012  
               0.000652631  -0.00495722  0.013  
               0.000652631  -0.00495722  0.014  
               0.000652631  -0.00495722  0.015  
               0.000652631  -0.00495722  0.016  
               0.000652631  -0.00495722  0.017  
               0.000652631  -0.00495722  0.018  
               0.000652631  -0.00495722  0.019  
               0.000652631  -0.00495722  0.02  
               0.000652631  -0.00495722  0.021  
               0.000652631  -0.00495722  0.022  
               0.000652631  -0.00495722  0.023  
               0.000652631  -0.00495722  0.024  
               0.000652631  -0.00495722  0.025  
               0.000652631  -0.00495722  0.026  
               0.000652631  -0.00495722  0.027  
               0.000652631  -0.00495722  0.028  
               0.000652631  -0.00495722  0.029  
               0.000652631  -0.00495722  0.03  
               0.000652631  -0.00495722  0.031  
               0.000652631  -0.00495722  0.032  
               0.000652631  -0.00495722  0.033  
               0.000652631  -0.00495722  0.034  
               0.000652631  -0.00495722  0.035  
               0.000652631  -0.00495722  0.036  
               0.000652631  -0.00495722  0.037  
               0.000652631  -0.00495722  0.038  
               0.000652631  -0.00495722  0.039  
               0.000652631  -0.00495722  0.04  
               0.000652631  -0.00495722  0.041  
               0.000652631  -0.00495722  0.042  
               0.000652631  -0.00495722  0.043  
               0.000652631  -0.00495722  0.044  
               0.000652631  -0.00495722  0.045  
               0.000652631  -0.00495722  0.046  
               0.000652631  -0.00495722  0.047  
               0.000652631  -0.00495722  0.048  
               0.000652631  -0.00495722  0.049  
               0.0012941  -0.00482963  0.001  
               0.0012941  -0.00482963  0.002  
               0.0012941  -0.00482963  0.003  
               0.0012941  -0.00482963  0.004  
               0.0012941  -0.00482963  0.005  
               0.0012941  -0.00482963  0.006  
               0.0012941  -0.00482963  0.007  
               0.0012941  -0.00482963  0.008  
               0.0012941  -0.00482963  0.009  
               0.0012941  -0.00482963  0.01  
               0.0012941  -0.00482963  0.011  
               0.0012941  -0.00482963  0.012  
               0.0012941  -0.00482963  0.013  
               0.0012941  -0.00482963  0.014  
               0.0012941  -0.00482963  0.015  
               0.0012941  -0.00482963  0.016  
               0.0012941  -0.00482963  0.017  
               0.0012941  -0.00482963  0.018  
               0.0012941  -0.00482963  0.019  
               0.0012941  -0.00482963  0.02  
               0.0012941  -0.00482963  0.021  
               0.0012941  -0.00482963  0.022  
               0.0012941  -0.00482963  0.023  
               0.0012941  -0.00482963  0.024  
               0.0012941  -0.00482963  0.025  
               0.0012941  -0.00482963  0.026  
               0.0012941  -0.00482963  0.027  
               0.0012941  -0.00482963  0.028  
               0.0012941  -0.00482963  0.029  
               0.0012941  -0.00482963  0.03  
               0.0012941  -0.00482963  0.031  
               0.0012941  -0.00482963  0.032  
               0.0012941  -0.00482963  0.033  
               0.0012941  -0.00482963  0.034  
               0.0012941  -0.00482963  0.035  
               0.0012941  -0.00482963  0.036  
               0.0012941  -0.00482963  0.037  
               0.0012941  -0.00482963  0.038  
               0.0012941  -0.00482963  0.039  
               0.0012941  -0.00482963  0.04  
               0.0012941  -0.00482963  0.041  
               0.0012941  -0.00482963  0.042  
               0.0012941  -0.00482963  0.043  
               0.0012941  -0.00482963  0.044  
               0.0012941  -0.00482963  0.045  
               0.0012941  -0.00482963  0.046  
               0.0012941  -0.00482963  0.047  
               0.0012941  -0.00482963  0.048  
               0.0012941  -0.00482963  0.049  
               0.00191342  -0.0046194  0.001  
               0.00191342  -0.0046194  0.002  
               0.00191342  -0.0046194  0.003  
               0.00191342  -0.0046194  0.004  
               0.00191342  -0.0046194  0.005  
               0.00191342  -0.0046194  0.006  
               0.00191342  -0.0046194  0.007  
               0.00191342  -0.0046194  0.008  
               0.00191342  -0.0046194  0.009  
               0.00191342  -0.0046194  0.01  
               0.00191342  -0.0046194  0.011  
               0.00191342  -0.0046194  0.012  
               0.00191342  -0.0046194  0.013  
               0.00191342  -0.0046194  0.014  
               0.00191342  -0.0046194  0.015  
               0.00191342  -0.0046194  0.016  
               0.00191342  -0.0046194  0.017  
               0.00191342  -0.0046194  0.018  
               0.00191342  -0.0046194  0.019  
               0.00191342  -0.0046194  0.02  
               0.00191342  -0.0046194  0.021  
               0.00191342  -0.0046194  0.022  
               0.00191342  -0.0046194  0.023  
               0.00191342  -0.0046194  0.024  
               0.00191342  -0.0046194  0.025  
               0.00191342  -0.0046194  0.026  
               0.00191342  -0.0046194  0.027  
               0.00191342  -0.0046194  0.028  
               0.00191342  -0.0046194  0.029  
               0.00191342  -0.0046194  0.03  
               0.00191342  -0.0046194  0.031  
               0.00191342  -0.0046194  0.032  
               0.00191342  -0.0046194  0.033  
               0.00191342  -0.0046194  0.034  
               0.00191342  -0.0046194  0.035  
               0.00191342  -0.0046194  0.036  
               0.00191342  -0.0046194  0.037  
               0.00191342  -0.0046194  0.038  
               0.00191342  -0.0046194  0.039  
               0.00191342  -0.0046194  0.04  
               0.00191342  -0.0046194  0.041  
               0.00191342  -0.0046194  0.042  
               0.00191342  -0.0046194  0.043  
               0.00191342  -0.0046194  0.044  
               0.00191342  -0.0046194  0.045  
               0.00191342  -0.0046194  0.046  
               0.00191342  -0.0046194  0.047  
               0.00191342  -0.0046194  0.048  
               0.00191342  -0.0046194  0.049  
               0.0025  -0.00433013  0.001  
               0.0025  -0.00433013  0.002  
               0.0025  -0.00433013  0.003  
               0.0025  -0.00433013  0.004  
               0.0025  -0.00433013  0.005  
               0.0025  -0.00433013  0.006  
               0.0025  -0.00433013  0.007  
               0.0025  -0.00433013  0.008  
               0.0025  -0.00433013  0.009  
               0.0025  -0.00433013  0.01  
               0.0025  -0.00433013  0.011  
               0.0025  -0.00433013  0.012  
               0.0025  -0.00433013  0.013  
               0.0025  -0.00433013  0.014  
               0.0025  -0.00433013  0.015  
               0.0025  -0.00433013  0.016  
               0.0025  -0.00433013  0.017  
               0.0025  -0.00433013  0.018  
               0.0025  -0.00433013  0.019  
               0.0025  -0.00433013  0.02  
               0.0025  -0.00433013  0.021  
               0.0025  -0.00433013  0.022  
               0.0025  -0.00433013  0.023  
               0.0025  -0.00433013  0.024  
               0.0025  -0.00433013  0.025  
               0.0025  -0.00433013  0.026  
               0.0025  -0.00433013  0.027  
               0.0025  -0.00433013  0.028  
               0.0025  -0.00433013  0.029  
               0.0025  -0.00433013  0.03  
               0.0025  -0.00433013  0.031  
               0.0025  -0.00433013  0.032  
               0.0025  -0.00433013  0.033  
               0.0025  -0.00433013  0.034  
               0.0025  -0.00433013  0.035  
               0.0025  -0.00433013  0.036  
               0.0025  -0.00433013  0.037  
               0.0025  -0.00433013  0.038  
               0.0025  -0.00433013  0.039  
               0.0025  -0.00433013  0.04  
               0.0025  -0.00433013  0.041  
               0.0025  -0.00433013  0.042  
               0.0025  -0.00433013  0.043  
               0.0025  -0.00433013  0.044  
               0.0025  -0.00433013  0.045  
               0.0025  -0.00433013  0.046  
               0.0025  -0.00433013  0.047  
               0.0025  -0.00433013  0.048  
               0.0025  -0.00433013  0.049  
               0.00304381  -0.00396677  0.001  
               0.00304381  -0.00396677  0.002  
               0.00304381  -0.00396677  0.003  
               0.00304381  -0.00396677  0.004  
               0.00304381  -0.00396677  0.005  
               0.00304381  -0.00396677  0.006  
               0.00304381  -0.00396677  0.007  
               0.00304381  -0.00396677  0.008  
               0.00304381  -0.00396677  0.009  
               0.00304381  -0.00396677  0.01  
               0.00304381  -0.00396677  0.011  
               0.00304381  -0.00396677  0.012  
               0.00304381  -0.00396677  0.013  
               0.00304381  -0.00396677  0.014  
               0.00304381  -0.00396677  0.015  
               0.00304381  -0.00396677  0.016  
               0.00304381  -0.00396677  0.017  
               0.00304381  -0.00396677  0.018  
               0.00304381  -0.00396677  0.019  
               0.00304381  -0.00396677  0.02  
               0.00304381  -0.00396677  0.021  
               0.00304381  -0.00396677  0.022  
               0.00304381  -0.00396677  0.023  
               0.00304381  -0.00396677  0.024  
               0.00304381  -0.00396677  0.025  
               0.00304381  -0.00396677  0.026  
               0.00304381  -0.00396677  0.027  
               0.00304381  -0.00396677  0.028  
               0.00304381  -0.00396677  0.029  
               0.00304381  -0.00396677  0.03  
               0.00304381  -0.00396677  0.031  
               0.00304381  -0.00396677  0.032  
               0.00304381  -0.00396677  0.033  
               0.00304381  -0.00396677  0.034  
               0.00304381  -0.00396677  0.035  
               0.00304381  -0.00396677  0.036  
               0.00304381  -0.00396677  0.037  
               0.00304381  -0.00396677  0.038  
               0.00304381  -0.00396677  0.039  
               0.00304381  -0.00396677  0.04  
               0.00304381  -0.00396677  0.041  
               0.00304381  -0.00396677  0.042  
               0.00304381  -0.00396677  0.043  
               0.00304381  -0.00396677  0.044  
               0.00304381  -0.00396677  0.045  
               0.00304381  -0.00396677  0.046  
               0.00304381  -0.00396677  0.047  
               0.00304381  -0.00396677  0.048  
               0.00304381  -0.00396677  0.049  
               0.00353553  -0.00353553  0.001  
               0.00353553  -0.00353553  0.002  
               0.00353553  -0.00353553  0.003  
               0.00353553  -0.00353553  0.004  
               0.00353553  -0.00353553  0.005  
               0.00353553  -0.00353553  0.006  
               0.00353553  -0.00353553  0.007  
               0.00353553  -0.00353553  0.008  
               0.00353553  -0.00353553  0.009  
               0.00353553  -0.00353553  0.01  
               0.00353553  -0.00353553  0.011  
               0.00353553  -0.00353553  0.012  
               0.00353553  -0.00353553  0.013  
               0.00353553  -0.00353553  0.014  
               0.00353553  -0.00353553  0.015  
               0.00353553  -0.00353553  0.016  
               0.00353553  -0.00353553  0.017  
               0.00353553  -0.00353553  0.018  
               0.00353553  -0.00353553  0.019  
               0.00353553  -0.00353553  0.02  
               0.00353553  -0.00353553  0.021  
               0.00353553  -0.00353553  0.022  
               0.00353553  -0.00353553  0.023  
               0.00353553  -0.00353553  0.024  
               0.00353553  -0.00353553  0.025  
               0.00353553  -0.00353553  0.026  
               0.00353553  -0.00353553  0.027  
               0.00353553  -0.00353553  0.028  
               0.00353553  -0.00353553  0.029  
               0.00353553  -0.00353553  0.03  
               0.00353553  -0.00353553  0.031  
               0.00353553  -0.00353553  0.032  
               0.00353553  -0.00353553  0.033  
               0.00353553  -0.00353553  0.034  
               0.00353553  -0.00353553  0.035  
               0.00353553  -0.00353553  0.036  
               0.00353553  -0.00353553  0.037  
               0.00353553  -0.00353553  0.038  
               0.00353553  -0.00353553  0.039  
               0.00353553  -0.00353553  0.04  
               0.00353553  -0.00353553  0.041  
               0.00353553  -0.00353553  0.042  
               0.00353553  -0.00353553  0.043  
               0.00353553  -0.00353553  0.044  
               0.00353553  -0.00353553  0.045  
               0.00353553  -0.00353553  0.046  
               0.00353553  -0.00353553  0.047  
               0.00353553  -0.00353553  0.048  
               0.00353553  -0.00353553  0.049  
               0.00396677  -0.00304381  0.001  
               0.00396677  -0.00304381  0.002  
               0.00396677  -0.00304381  0.003  
               0.00396677  -0.00304381  0.004  
               0.00396677  -0.00304381  0.005  
               0.00396677  -0.00304381  0.006  
               0.00396677  -0.00304381  0.007  
               0.00396677  -0.00304381  0.008  
               0.00396677  -0.00304381  0.009  
               0.00396677  -0.00304381  0.01  
               0.00396677  -0.00304381  0.011  
               0.00396677  -0.00304381  0.012  
               0.00396677  -0.00304381  0.013  
               0.00396677  -0.00304381  0.014  
               0.00396677  -0.00304381  0.015  
               0.00396677  -0.00304381  0.016  
               0.00396677  -0.00304381  0.017  
               0.00396677  -0.00304381  0.018  
               0.00396677  -0.00304381  0.019  
               0.00396677  -0.00304381  0.02  
               0.00396677  -0.00304381  0.021  
               0.00396677  -0.00304381  0.022  
               0.00396677  -0.00304381  0.023  
               0.00396677  -0.00304381  0.024  
               0.00396677  -0.00304381  0.025  
               0.00396677  -0.00304381  0.026  
               0.00396677  -0.00304381  0.027  
               0.00396677  -0.00304381  0.028  
               0.00396677  -0.00304381  0.029  
               0.00396677  -0.00304381  0.03  
               0.00396677  -0.00304381  0.031  
               0.00396677  -0.00304381  0.032  
               0.00396677  -0.00304381  0.033  
               0.00396677  -0.00304381  0.034  
               0.00396677  -0.00304381  0.035  
               0.00396677  -0.00304381  0.036  
               0.00396677  -0.00304381  0.037  
               0.00396677  -0.00304381  0.038  
               0.00396677  -0.00304381  0.039  
               0.00396677  -0.00304381  0.04  
               0.00396677  -0.00304381  0.041  
               0.00396677  -0.00304381  0.042  
               0.00396677  -0.00304381  0.043  
               0.00396677  -0.00304381  0.044  
               0.00396677  -0.00304381  0.045  
               0.00396677  -0.00304381  0.046  
               0.00396677  -0.00304381  0.047  
               0.00396677  -0.00304381  0.048  
               0.00396677  -0.00304381  0.049  
               0.00433013  -0.0025  0.001  
               0.00433013  -0.0025  0.002  
               0.00433013  -0.0025  0.003  
               0.00433013  -0.0025  0.004  
               0.00433013  -0.0025  0.005  
               0.00433013  -0.0025  0.006  
               0.00433013  -0.0025  0.007  
               0.00433013  -0.0025  0.008  
               0.00433013  -0.0025  0.009  
               0.00433013  -0.0025  0.01  
               0.00433013  -0.0025  0.011  
               0.00433013  -0.0025  0.012  
               0.00433013  -0.0025  0.013  
               0.00433013  -0.0025  0.014  
               0.00433013  -0.0025  0.015  
               0.00433013  -0.0025  0.016  
               0.00433013  -0.0025  0.017  
               0.00433013  -0.0025  0.018  
               0.00433013  -0.0025  0.019  
               0.00433013  -0.0025  0.02  
               0.00433013  -0.0025  0.021  
               0.00433013  -0.0025  0.022  
               0.00433013  -0.0025  0.023  
               0.00433013  -0.0025  0.024  
               0.00433013  -0.0025  0.025  
               0.00433013  -0.0025  0.026  
               0.00433013  -0.0025  0.027  
               0.00433013  -0.0025  0.028  
               0.00433013  -0.0025  0.029  
               0.00433013  -0.0025  0.03  
               0.00433013  -0.0025  0.031  
               0.00433013  -0.0025  0.032  
               0.00433013  -0.0025  0.033  
               0.00433013  -0.0025  0.034  
               0.00433013  -0.0025  0.035  
               0.00433013  -0.0025  0.036  
               0.00433013  -0.0025  0.037  
               0.00433013  -0.0025  0.038  
               0.00433013  -0.0025  0.039  
               0.00433013  -0.0025  0.04  
               0.00433013  -0.0025  0.041  
               0.00433013  -0.0025  0.042  
               0.00433013  -0.0025  0.043  
               0.00433013  -0.0025  0.044  
               0.00433013  -0.0025  0.045  
               0.00433013  -0.0025  0.046  
               0.00433013  -0.0025  0.047  
               0.00433013  -0.0025  0.048  
               0.00433013  -0.0025  0.049  
               0.0046194  -0.00191342  0.001  
               0.0046194  -0.00191342  0.002  
               0.0046194  -0.00191342  0.003  
               0.0046194  -0.00191342  0.004  
               0.0046194  -0.00191342  0.005  
               0.0046194  -0.00191342  0.006  
               0.0046194  -0.00191342  0.007  
               0.0046194  -0.00191342  0.008  
               0.0046194  -0.00191342  0.009  
               0.0046194  -0.00191342  0.01  
               0.0046194  -0.00191342  0.011  
               0.0046194  -0.00191342  0.012  
               0.0046194  -0.00191342  0.013  
               0.0046194  -0.00191342  0.014  
               0.0046194  -0.00191342  0.015  
               0.0046194  -0.00191342  0.016  
               0.0046194  -0.00191342  0.017  
               0.0046194  -0.00191342  0.018  
               0.0046194  -0.00191342  0.019  
               0.0046194  -0.00191342  0.02  
               0.0046194  -0.00191342  0.021  
               0.0046194  -0.00191342  0.022  
               0.0046194  -0.00191342  0.023  
               0.0046194  -0.00191342  0.024  
               0.0046194  -0.00191342  0.025  
               0.0046194  -0.00191342  0.026  
               0.0046194  -0.00191342  0.027  
               0.0046194  -0.00191342  0.028  
               0.0046194  -0.00191342  0.029  
               0.0046194  -0.00191342  0.03  
               0.0046194  -0.00191342  0.031  
               0.0046194  -0.00191342  0.032  
               0.0046194  -0.00191342  0.033  
               0.0046194  -0.00191342  0.034  
               0.0046194  -0.00191342  0.035  
               0.0046194  -0.00191342  0.036  
               0.0046194  -0.00191342  0.037  
               0.0046194  -0.00191342  0.038  
               0.0046194  -0.00191342  0.039  
               0.0046194  -0.00191342  0.04  
               0.0046194  -0.00191342  0.041  
               0.0046194  -0.00191342  0.042  
               0.0046194  -0.00191342  0.043  
               0.0046194  -0.00191342  0.044  
               0.0046194  -0.00191342  0.045  
               0.0046194  -0.00191342  0.046  
               0.0046194  -0.00191342  0.047  
               0.0046194  -0.00191342  0.048  
               0.0046194  -0.00191342  0.049  
               0.00482963  -0.0012941  0.001  
               0.00482963  -0.0012941  0.002  
               0.00482963  -0.0012941  0.003  
               0.00482963  -0.0012941  0.004  
               0.00482963  -0.0012941  0.005  
               0.00482963  -0.0012941  0.006  
               0.00482963  -0.0012941  0.007  
               0.00482963  -0.0012941  0.008  
               0.00482963  -0.0012941  0.009  
               0.00482963  -0.0012941  0.01  
               0.00482963  -0.0012941  0.011  
               0.00482963  -0.0012941  0.012  
               0.00482963  -0.0012941  0.013  
               0.00482963  -0.0012941  0.014  
               0.00482963  -0.0012941  0.015  
               0.00482963  -0.0012941  0.016  
               0.00482963  -0.0012941  0.017  
               0.00482963  -0.0012941  0.018  
               0.00482963  -0.0012941  0.019  
               0.00482963  -0.0012941  0.02  
               0.00482963  -0.0012941  0.021  
               0.00482963  -0.0012941  0.022  
               0.00482963  -0.0012941  0.023  
               0.00482963  -0.0012941  0.024  
               0.00482963  -0.0012941  0.025  
               0.00482963  -0.0012941  0.026  
               0.00482963  -0.0012941  0.027  
               0.00482963  -0.0012941  0.028  
               0.00482963  -0.0012941  0.029  
               0.00482963  -0.0012941  0.03  
               0.00482963  -0.0012941  0.031  
               0.00482963  -0.0012941  0.032  
               0.00482963  -0.0012941  0.033  
               0.00482963  -0.0012941  0.034  
               0.00482963  -0.0012941  0.035  
               0.00482963  -0.0012941  0.036  
               0.00482963  -0.0012941  0.037  
               0.00482963  -0.0012941  0.038  
               0.00482963  -0.0012941  0.039  
               0.00482963  -0.0012941  0.04  
               0.00482963  -0.0012941  0.041  
               0.00482963  -0.0012941  0.042  
               0.00482963  -0.0012941  0.043  
               0.00482963  -0.0012941  0.044  
               0.00482963  -0.0012941  0.045  
               0.00482963  -0.0012941  0.046  
               0.00482963  -0.0012941  0.047  
               0.00482963  -0.0012941  0.048  
               0.00482963  -0.0012941  0.049  
               0.00495722  -0.000652631  0.001  
               0.00495722  -0.000652631  0.002  
               0.00495722  -0.000652631  0.003  
               0.00495722  -0.000652631  0.004  
               0.00495722  -0.000652631  0.005  
               0.00495722  -0.000652631  0.006  
               0.00495722  -0.000652631  0.007  
               0.00495722  -0.000652631  0.008  
               0.00495722  -0.000652631  0.009  
               0.00495722  -0.000652631  0.01  
               0.00495722  -0.000652631  0.011  
               0.00495722  -0.000652631  0.012  
               0.00495722  -0.000652631  0.013  
               0.00495722  -0.000652631  0.014  
               0.00495722  -0.000652631  0.015  
               0.00495722  -0.000652631  0.016  
               0.00495722  -0.000652631  0.017  
               0.00495722  -0.000652631  0.018  
               0.00495722  -0.000652631  0.019  
               0.00495722  -0.000652631  0.02  
               0.00495722  -0.000652631  0.021  
               0.00495722  -0.000652631  0.022  
               0.00495722  -0.000652631  0.023  
               0.00495722  -0.000652631  0.024  
               0.00495722  -0.000652631  0.025  
               0.00495722  -0.000652631  0.026  
               0.00495722  -0.000652631  0.027  
               0.00495722  -0.000652631  0.028  
               0.00495722  -0.000652631  0.029  
               0.00495722  -0.000652631  0.03  
               0.00495722  -0.000652631  0.031  
               0.00495722  -0.000652631  0.032  
               0.00495722  -0.000652631  0.033  
               0.00495722  -0.000652631  0.034  
               0.00495722  -0.000652631  0.035  
               0.00495722  -0.000652631  0.036  
               0.00495722  -0.000652631  0.037  
               0.00495722  -0.000652631  0.038  
               0.00495722  -0.000652631  0.039  
               0.00495722  -0.000652631  0.04  
               0.00495722  -0.000652631  0.041  
               0.00495722  -0.000652631  0.042  
               0.00495722  -0.000652631  0.043  
               0.00495722  -0.000652631  0.044  
               0.00495722  -0.000652631  0.045  
               0.00495722  -0.000652631  0.046  
               0.00495722  -0.000652631  0.047  
               0.00495722  -0.000652631  0.048  
               0.00495722  -0.000652631  0.049  
            </DataArray>
         </Points> 

         <Cells>
            <DataArray type="Int32" Name="connectivity" NumberOfComponents="1" format="ascii">
               
            </DataArray> 
            <DataArray type="Int32" Name="offsets" NumberOfComponents="1" format="ascii">
               
            </DataArray>
            <DataArray type="UInt8"  Name="types" NumberOfComponents="1" format="ascii">
               
            </DataArray>
         </Cells>
         <PointData Scalars="Rank " Vectors="DisplacementDelta Force ">
            <DataArray type="UInt32" Name="Rank" NumberOfComponents="1" format="ascii">
               0 0 0 0 0 0 0 0 0 0 0 0 0 0 0 0 0 0 0 0 0 0 0 0 0 0 0 0 0 0 0 0 0 0 0 0 0 0 0 0 0 0 0 0 0 0 0 0 0 0 0 0 0 0 0 0 0 0 0 0 0 0 0 0 0 0 0 0 0 0 0 0 0 0 0 0 0 0 0 0 0 0 0 0 0 0 0 0 0 0 0 0 0 0 0 0 0 0 0 0 0 0 0 0 0 0 0 0 0 0 0 0 0 0 0 0 0 0 0 0 0 0 0 0 0 0 0 0 0 0 0 0 0 0 0 0 0 0 0 0 0 0 0 0 0 0 0 0 0 0 0 0 0 0 0 0 0 0 0 0 0 0 0 0 0 0 0 0 0 0 0 0 0 0 0 0 0 0 0 0 0 0 0 0 0 0 0 0 0 0 0 0 0 0 0 0 0 0 0 0 0 0 0 0 0 0 0 0 0 0 0 0 0 0 0 0 0 0 0 0 0 0 0 0 0 0 0 0 0 0 0 0 0 0 0 0 0 0 0 0 0 0 0 0 0 0 0 0 0 0 0 0 0 0 0 0 0 0 0 0 0 0 0 0 0 0 0 0 0 0 0 0 0 0 0 0 0 0 0 0 0 0 0 0 0 0 0 0 0 0 0 0 0 0 0 0 0 0 0 0 0 0 0 0 0 0 0 0 0 0 0 0 0 0 0 0 0 0 0 0 0 0 0 0 0 0 0 0 0 0 0 0 0 0 0 0 0 0 0 0 0 0 0 0 0 0 0 0 0 0 0 0 0 0 0 0 0 0 0 0 0 0 0 0 0 0 0 0 0 0 0 0 0 0 0 0 0 0 0 0 0 0 0 0 0 0 0 0 0 0 0 0 0 0 0 0 0 0 0 0 0 0 0 0 0 0 0 0 0 0 0 0 0 0 0 0 0 0 0 0 0 0 0 0 0 0 0 0 0 0 0 0 0 0 0 0 0 0 0 0 0 0 0 0 0 0 0 0 0 0 0 0 0 0 0 0 0 0 0 0 0 0 0 0 0 0 0 0 0 0 0 0 0 0 0 0 0 0 0 0 0 0 0 0 0 0 0 0 0 0 0 0 0 0 0 0 0 0 0 0 0 0 0 0 0 0 0 0 0 0 0 0 0 0 0 0 0 0 0 0 0 0 0 0 0 0 0 0 0 0 0 0 0 0 0 0 0 0 0 0 0 0 0 0 0 0 0 0 0 0 0 0 0 0 0 0 0 0 0 0 0 0 0 0 0 0 0 0 0 0 0 0 0 0 0 0 0 0 0 0 0 0 0 0 0 0 0 0 0 0 0 0 0 0 0 0 0 0 0 0 0 0 0 0 0 0 0 0 0 0 0 0 0 0 0 0 0 0 0 0 0 0 0 0 0 0 0 0 0 0 0 0 0 0 0 0 0 0 0 0 0 0 0 0 0 0 0 0 0 0 0 0 0 0 0 0 0 0 0 0 0 0 0 0 0 0 0 0 0 0 0 0 0 0 0 0 0 0 0 0 0 0 0 0 0 0 0 0 0 0 0 0 0 0 0 0 0 0 0 0 0 0 0 0 0 0 0 0 0 0 0 0 0 0 0 0 0 0 0 0 0 0 0 0 0 0 0 0 0 0 0 0 0 0 0 0 0 0 0 0 0 0 0 0 0 0 0 0 0 0 0 0 0 0 0 0 0 0 0 0 0 0 0 0 0 0 0 0 0 0 0 0 0 0 0 0 0 0 0 0 0 0 0 0 0 0 0 0 0 0 0 0 0 0 0 0 0 0 0 0 0 0 0 0 0 0 0 0 0 0 0 0 0 0 0 0 0 0 0 0 0 0 0 0 0 0 0 0 0 0 0 0 0 0 0 0 0 0 0 0 0 0 0 0 0 0 0 0 0 0 0 0 0 0 0 0 0 0 0 0 0 0 0 0 0 0 0 0 0 0 0 0 0 0 0 0 0 0 0 0 0 0 0 0 0 0 0 0 0 0 0 0 0 0 0 0 0 0 0 0 0 0 0 0 0 0 0 0 0 0 0 0 0 0 0 0 0 0 0 0 0 0 0 0 0 0 0 0 0 0 0 0 0 0 0 0 0 0 0 0 0 0 0 0 0 0 0 0 0 0 0 0 0 0 0 0 0 0 0 0 0 0 0 0 0 0 0 0 0 0 0 0 0 0 0 0 0 0 0 0 0 0 0 0 0 0 0 0 0 0 0 0 0 0 0 0 0 0 0 0 0 0 0 0 0 0 0 0 0 0 0 0 0 0 0 0 0 0 0 0 0 0 0 0 0 0 0 0 0 0 0 0 0 0 0 0 0 0 0 0 0 0 0 0 0 0 0 0 0 0 0 0 0 0 0 0 0 0 0 0 0 0 0 0 0 0 0 0 0 0 0 0 0 0 0 0 0 0 0 0 0 0 0 0 0 0 0 0 0 0 0 0 0 0 0 0 0 0 0 0 0 0 0 0 0 0 0 0 0 0 0 0 0 0 0 0 0 0 0 0 0 0 0 0 0 0 0 0 0 0 0 0 0 0 0 0 0 0 0 0 0 0 0 0 0 0 0 0 0 0 0 0 0 0 0 0 0 0 0 0 0 0 0 0 0 0 0 0 0 0 0 0 0 0 0 0 0 0 0 0 0 0 0 0 0 0 0 0 0 0 0 0 0 0 0 0 0 0 0 0 0 0 0 0 0 0 0 0 0 0 0 0 0 0 0 0 0 0 0 0 0 0 0 0 0 0 0 0 0 0 0 0 0 0 0 0 0 0 0 0 0 0 0 0 0 0 0 0 0 0 0 0 0 0 0 0 0 0 0 0 0 0 0 0 0 0 0 0 0 0 0 0 0 0 0 0 0 0 0 0 0 0 0 0 0 0 0 0 0 0 0 0 0 0 0 0 0 0 0 0 0 0 0 0 0 0 0 0 0 0 0 0 0 0 0 0 0 0 0 0 0 0 0 0 0 0 0 0 0 0 0 0 0 0 0 0 0 0 0 0 0 0 0 0 0 0 0 0 0 0 0 0 0 0 0 0 0 0 0 0 0 0 0 0 0 0 0 0 0 0 0 0 0 0 0 0 0 0 0 0 0 0 0 0 0 0 0 0 0 0 0 0 0 0 0 0 0 0 0 0 0 0 0 0 0 0 0 0 0 0 0 0 0 0 0 0 0 0 0 0 0 0 0 0 0 0 0 0 0 0 0 0 0 0 0 0 0 0 0 0 0 0 0 0 0 0 0 0 0 0 0 0 0 0 0 0 0 0 0 0 0 0 0 0 0 0 0 0 0 0 0 0 0 0 0 0 0 0 0 0 0 0 0 0 0 0 0 0 0 0 0 0 0 0 0 0 0 0 0 0 0 0 0 0 0 0 0 0 0 0 0 0 0 0 0 0 0 0 0 0 0 0 0 0 0 0 0 0 0 0 0 0 0 0 0 0 0 0 0 0 0 0 0 0 0 0 0 0 0 0 0 0 0 0 0 0 0 0 0 0 0 0 0 0 0 0 0 0 0 0 0 0 0 0 0 0 0 0 0 0 0 0 0 0 0 0 0 0 0 0 0 0 0 0 0 0 0 0 0 0 0 0 0 0 0 0 0 0 0 0 0 0 0 0 0 0 0 0 0 0 0 0 0 0 0 0 0 0 0 0 0 0 0 0 0 0 0 0 0 0 0 0 0 0 0 0 0 0 0 0 0 0 0 0 0 0 0 0 0 0 0 0 0 0 0 0 0 0 0 0 0 0 0 0 0 0 0 0 0 0 0 0 0 0 0 0 0 0 0 0 0 0 0 0 0 0 0 0 0 0 0 0 0 0 0 0 0 0 0 0 0 0 0 0 0 0 0 0 0 0 0 0 0 0 0 0 0 0 0 0 0 0 0 0 0 0 0 0 0 0 0 0 0 0 0 0 0 0 0 0 0 0 0 0 0 0 0 0 0 0 0 0 0 0 0 0 0 0 0 0 0 0 0 0 0 0 0 0 0 0 0 0 0 0 0 0 0 0 0 0 0 0 0 0 0 0 0 0 0 0 0 0 0 0 0 0 0 0 0 0 0 0 0 0 0 0 0 0 0 0 0 0 0 0 0 0 0 0 0 0 0 0 0 0 0 0 0 0 0 0 0 0 0 0 0 0 0 0 0 0 0 0 0 0 0 0 0 0 0 0 0 0 0 0 0 0 0 0 0 0 0 0 0 0 0 0 0 0 0 0 0 0 0 0 0 0 0 0 0 0 0 0 0 0 0 0 0 0 0 0 0 0 0 0 0 0 0 0 0 0 0 0 0 0 0 0 0 0 0 0 0 0 0 0 0 0 0 0 0 0 0 0 0 0 0 0 0 0 0 0 0 0 0 0 0 0 0 0 0 0 0 0 0 0 0 0 0 0 0 0 0 0 0 0 0 0 0 0 0 0 0 0 0 0 0 0 0 0 0 0 0 0 0 0 0 0 0 0 0 0 0 0 0 0 0 0 0 0 0 0 0 0 0 0 0 0 0 0 0 0 0 0 0 0 0 0 0 0 0 0 0 0 0 0 0 0 0 0 0 0 0 0 0 0 0 0 0 0 0 0 0 0 0 0 0 0 0 0 0 0 0 0 0 0 0 0 0 0 0 0 0 0 0 0 0 0 0 0 0 0 0 0 0 0 0 0 0 0 0 0 0 0 0 0 0 0 0 0 0 0 0 0 0 0 0 0 0 0 0 0 0 0 0 0 0 0 0 0 0 0 0 0 0 0 0 0 0 0 0 0 0 0 0 0 0 0 0 0 0 0 0 0 0 0 0 0 0 0 0 0 0 0 0 0 0 0 0 0 0 0 0 0 0 0 0 0 0 0 0 0 0 0 0 0 0 0 0 0 0 0 0 0 0 0 0 0 0 0 0 0 0 0 0 0 0 0 0 0 0 0 0 0 0 0 0 0 0 0 0 0 0 0 0 0 0 0 0 0 0 0 0 0 0 0 0 0 0 0 0 0 0 0 0 0 0 0 0 0 0 0 0 0 0 0 0 0 0 0 0 0 0 0 0 0 0 0 0 0 0 0 0 0 0 0 0 0 0 0 0 0 0 0 0 0 0 0 0 0 0 0 0 0 0 0 0 0 0 0 0 0 0 0 0 0 0 0 0 0 0 0 0 0 0 0 0 0 0 0 0 0 0 0 0 0 0 0 0 0 0 0 0 0 0 0 0 0 0 0 0 0 0 0 0 0 0 0 0 0 0 0 0 0 0 0 0 0 0 0 0 0 0 0 0 0 0 0 0 0 0 0 0 0 
            </DataArray>
            <DataArray type="Float64" Name="DisplacementDelta" NumberOfComponents="3" format="ascii">
               5.6274e-07 2.87397e-08 3.34555e-07  1.34442e-06 8.77805e-08 6.28138e-07  3.14986e-06 2.16978e-07 9.02247e-07  5.45551e-06 2.42388e-07 8.3264e-07  7.87556e-06 1.85951e-07 6.98639e-08  8.49154e-06 4.12484e-08 -1.09403e-06  7.20439e-06 -1.12232e-07 -2.1831e-06  4.72165e-06 -2.16442e-07 -2.70855e-06  2.33065e-06 -2.55591e-07 -2.60228e-06  8.99352e-07 -2.45327e-07 -2.17383e-06  4.67312e-07 -2.09387e-07 -1.77297e-06  5.69737e-07 -1.63029e-07 -1.57375e-06  7.3453e-07 -1.01368e-07 -1.55253e-06  7.36816e-07 -4.33741e-08 -1.5923e-06  5.97596e-07 -3.97021e-09 -1.61529e-06  3.91603e-07 4.49681e-09 -1.60595e-06  1.72301e-07 -3.35595e-09 -1.53955e-06  3.70482e-08 -5.88394e-09 -1.39574e-06  5.78693e-08 -1.12754e-09 -1.22822e-06  1.23521e-07 4.55824e-09 -1.10161e-06  1.05139e-07 4.6686e-09 -9.90679e-07  3.24403e-08 4.81986e-09 -8.38846e-07  4.75386e-09 6.46144e-09 -6.58632e-07  2.33549e-08 7.51409e-09 -5.01578e-07  3.25454e-08 5.74629e-09 -3.81686e-07  2.23292e-08 4.71047e-09 -2.83552e-07  1.46872e-08 2.98322e-09 -2.01582e-07  1.05553e-08 1.82781e-09 -1.41747e-07  9.42735e-09 6.06515e-10 -1.00551e-07  5.23607e-09 3.39114e-10 -7.12524e-08  4.2189e-09 4.39832e-11 -5.03678e-08  1.46198e-09 1.97774e-10 -3.54693e-08  2.20689e-09 1.58089e-10 -2.51391e-08  1.18675e-09 7.8986e-11 -1.81848e-08  1.01756e-09 -6.92393e-11 -1.30318e-08  4.74256e-10 -1.26457e-11 -8.89722e-09  5.89852e-10 -1.54979e-10 -6.41422e-09  4.66569e-10 -2.02114e-10 -4.7627e-09  -5.708e-10 -1.02158e-10 -3.30352e-09  -5.23012e-10 7.35619e-11 -2.1498e-09  -3.06967e-10 -1.13095e-10 -1.38841e-09  6.19777e-11 -1.86135e-10 -9.1494e-10  4.48232e-10 -2.26961e-10 -5.05554e-10  8.84719e-10 -2.60497e-10 -3.60462e-10  8.42062e-10 -3.43167e-10 -3.51801e-10  2.43045e-10 -1.88391e-10 -2.6964e-10  -2.16496e-11 -8.77187e-11 -1.56877e-10  -1.4596e-10 -8.4931e-11 -4.18246e-11  -6.78164e-11 -4.81528e-11 1.02699e-11  -3.105e-08 7.50237e-07 3.82216e-07  -8.6955e-08 1.54037e-06 7.42731e-07  -1.16033e-07 3.51298e-06 9.8004e-07  -1.57894e-07 6.18912e-06 8.6785e-07  -1.97833e-07 8.51745e-06 1.1217e-07  -2.18497e-07 9.4256e-06 -1.09789e-06  -2.21257e-07 7.7349e-06 -2.25182e-06  -1.65379e-07 5.06735e-06 -2.81118e-06  -1.15023e-07 2.3743e-06 -2.66446e-06  -5.31253e-08 7.36701e-07 -2.17125e-06  2.48715e-10 3.52029e-07 -1.73855e-06  5.17661e-08 5.72767e-07 -1.55776e-06  7.9344e-08 8.19292e-07 -1.57957e-06  8.07726e-08 8.41187e-07 -1.66002e-06  6.11536e-08 6.51664e-07 -1.69855e-06  3.28774e-08 3.91004e-07 -1.67543e-06  1.65258e-08 1.28591e-07 -1.5852e-06  1.42589e-08 -2.35022e-08 -1.41746e-06  1.5489e-08 2.35979e-08 -1.23055e-06  1.32089e-08 1.36318e-07 -1.09994e-06  1.05602e-08 1.28825e-07 -9.96168e-07  9.1651e-09 3.59502e-08 -8.44245e-07  7.14605e-09 2.46526e-09 -6.57265e-07  4.45256e-09 3.05537e-08 -4.99458e-07  3.75687e-09 4.05317e-08 -3.83353e-07  3.67989e-09 2.41304e-08 -2.85698e-07  2.21297e-09 1.31864e-08 -2.02423e-07  4.55831e-10 1.24853e-08 -1.41423e-07  1.14127e-10 1.10725e-08 -1.00519e-07  2.4534e-10 7.42752e-09 -7.18345e-08  -1.11834e-11 4.93431e-09 -5.08981e-08  -2.41492e-10 3.9621e-09 -3.61829e-08  -1.68462e-10 3.13789e-09 -2.60063e-08  -1.29841e-10 2.13565e-09 -1.86972e-08  -1.56998e-10 1.27881e-09 -1.33332e-08  -2.51354e-10 1.16161e-09 -9.48014e-09  -9.11513e-11 1.27083e-09 -6.82139e-09  -1.13654e-10 7.8481e-10 -5.01293e-09  8.83462e-12 3.29582e-11 -3.61036e-09  -1.10147e-10 3.26605e-11 -2.57407e-09  -8.53423e-11 -5.26077e-10 -1.79154e-09  -4.01332e-10 6.26716e-10 -1.23848e-09  -3.34766e-10 8.89912e-10 -1.05549e-09  -2.72364e-10 9.18968e-10 -1.02004e-09  -8.399e-11 7.27303e-10 -9.57774e-10  -6.70899e-11 4.75182e-10 -8.54626e-10  -5.0344e-11 1.20565e-10 -6.62231e-10  -2.79794e-11 2.18775e-11 -4.23089e-10  -5.16435e-11 2.46176e-12 -1.91392e-10  -7.16661e-07 -4.66821e-08 4.05541e-07  -1.68251e-06 -6.49343e-08 8.13323e-07  -3.90917e-06 -6.57275e-08 1.04861e-06  -6.45789e-06 -6.47425e-08 8.30683e-07  -8.97598e-06 -5.77759e-08 -4.51417e-08  -8.55821e-06 -2.76367e-08 -1.2982e-06  -7.64789e-06 1.47651e-08 -2.30399e-06  -4.69068e-06 5.96627e-08 -2.766e-06  -2.41536e-06 7.25787e-08 -2.64455e-06  -9.54495e-07 5.5984e-08 -2.20106e-06  -5.48228e-07 1.6539e-08 -1.7881e-06  -7.19034e-07 -1.27285e-08 -1.61744e-06  -8.49199e-07 -2.75501e-08 -1.63182e-06  -8.10116e-07 -2.25107e-08 -1.69275e-06  -5.95672e-07 -7.54877e-09 -1.7122e-06  -4.01014e-07 3.61722e-11 -1.68426e-06  -1.64294e-07 5.15305e-09 -1.60615e-06  -1.61022e-08 4.7274e-09 -1.44806e-06  -3.77776e-08 4.03489e-09 -1.2494e-06  -1.46028e-07 5.55863e-09 -1.10062e-06  -1.47829e-07 5.65136e-09 -9.92085e-07  -5.13606e-08 4.62503e-09 -8.41871e-07  -6.0658e-09 3.88673e-09 -6.51979e-07  -3.50072e-08 3.5764e-09 -4.89866e-07  -4.90811e-08 2.82361e-09 -3.75391e-07  -2.69264e-08 1.37166e-09 -2.81056e-07  -1.05439e-08 4.28759e-10 -1.97257e-07  -1.22499e-08 3.84113e-10 -1.35967e-07  -1.22311e-08 7.92161e-10 -9.75781e-08  -6.11243e-09 1.98145e-10 -7.07427e-08  -3.35953e-09 4.56512e-10 -4.97246e-08  -2.10595e-09 -1.15223e-10 -3.5163e-08  -4.30387e-09 -8.85533e-11 -2.56839e-08  -2.10454e-09 -3.24012e-11 -1.82679e-08  -1.22986e-09 -2.79717e-12 -1.29025e-08  2.54681e-10 -4.96287e-10 -9.28669e-09  -1.3354e-09 2.00309e-12 -6.16249e-09  5.47625e-10 -2.64588e-10 -4.19749e-09  -9.01469e-10 -2.05171e-10 -3.21507e-09  -1.62845e-10 -3.34383e-10 -2.2485e-09  1.64889e-10 -4.23393e-10 -1.58061e-09  -3.79231e-11 -4.44102e-10 -1.15572e-09  9.38111e-10 -5.35847e-10 -7.72751e-10  -1.03681e-10 -5.95023e-10 -2.81631e-10  -3.44454e-10 -4.71021e-10 -1.11043e-10  -7.2392e-10 -2.63747e-10 -2.16438e-10  -2.10186e-13 -1.37051e-10 -1.27586e-10  -1.97705e-10 -2.9978e-11 1.02416e-10  -4.35047e-10 2.44709e-11 3.30983e-13  -5.97226e-08 -1.04294e-06 4.14814e-07  -1.2644e-07 -1.67385e-06 7.78862e-07  -1.56034e-07 -3.85674e-06 1.0324e-06  -1.76624e-07 -6.66228e-06 8.81809e-07  -1.47612e-07 -9.07309e-06 2.15159e-10  -1.06943e-07 -9.21495e-06 -1.21591e-06  8.84381e-10 -7.7708e-06 -2.2428e-06  6.14162e-08 -4.81233e-06 -2.72485e-06  1.21075e-07 -2.41743e-06 -2.57604e-06  1.3484e-07 -9.73439e-07 -2.13659e-06  1.23508e-07 -5.34466e-07 -1.76048e-06  1.11706e-07 -6.33664e-07 -1.60414e-06  8.82454e-08 -7.33326e-07 -1.62216e-06  5.474e-08 -6.8553e-07 -1.67579e-06  2.16813e-08 -5.23853e-07 -1.68972e-06  1.27747e-09 -3.29918e-07 -1.66577e-06  -4.09457e-09 -1.29372e-07 -1.59266e-06  2.56547e-09 6.90473e-09 -1.44315e-06  1.08405e-08 -6.43082e-09 -1.25598e-06  1.30687e-08 -1.00567e-07 -1.10778e-06  9.46471e-09 -1.10547e-07 -9.91327e-07  5.20187e-09 -3.69406e-08 -8.39946e-07  2.87447e-09 -4.00744e-09 -6.5587e-07  2.39392e-09 -2.60103e-08 -4.95966e-07  2.12125e-09 -3.73601e-08 -3.7733e-07  6.38459e-10 -2.33806e-08 -2.80355e-07  -7.13352e-10 -1.23031e-08 -1.98693e-07  -7.27985e-10 -1.11685e-08 -1.39122e-07  -3.06323e-10 -9.61267e-09 -9.94718e-08  -1.05071e-10 -5.74054e-09 -7.1302e-08  -2.14307e-10 -4.024e-09 -5.08639e-08  2.31563e-10 -2.02887e-09 -3.63334e-08  -1.21422e-10 -2.24734e-09 -2.6055e-08  -4.02158e-10 -1.07829e-09 -1.85924e-08  -5.01193e-10 -1.55525e-09 -1.30623e-08  -6.2035e-10 -1.1606e-09 -9.61946e-09  -5.05837e-10 -3.95689e-10 -7.16358e-09  -2.73699e-10 -8.81144e-11 -5.06126e-09  -1.15205e-10 1.06228e-10 -3.53773e-09  -3.5894e-10 -2.40578e-10 -2.60173e-09  -2.28972e-10 3.53806e-10 -1.86019e-09  -2.612e-10 1.04571e-12 -1.16024e-09  -3.08269e-10 -6.51848e-10 -8.8024e-10  -3.78215e-10 -5.8226e-10 -7.87401e-10  -4.02565e-10 -8.7146e-10 -6.76403e-10  -4.93272e-10 -4.39642e-10 -7.398e-10  -3.95669e-10 -6.37274e-11 -6.06456e-10  -2.82569e-10 2.42924e-10 -2.82117e-10  -2.16624e-10 7.22087e-11 -6.20968e-11  7.60058e-07 7.19624e-08 3.58307e-07  1.32282e-06 3.33998e-07 6.8076e-07  3.15579e-06 6.22992e-07 9.2784e-07  5.65527e-06 1.04267e-06 8.42685e-07  7.86555e-06 1.237e-06 6.17103e-08  8.46032e-06 1.16125e-06 -1.14942e-06  7.06562e-06 8.2694e-07 -2.22262e-06  4.61461e-06 4.11632e-07 -2.72053e-06  2.26113e-06 7.64728e-08 -2.5973e-06  8.56649e-07 -9.58839e-08 -2.16223e-06  4.18114e-07 -1.21625e-07 -1.7658e-06  5.14089e-07 -7.29141e-08 -1.56724e-06  6.98214e-07 1.243e-10 -1.5437e-06  7.29627e-07 5.57842e-08 -1.58854e-06  6.20972e-07 7.86771e-08 -1.61954e-06  4.19401e-07 6.21509e-08 -1.6159e-06  1.80136e-07 2.27549e-08 -1.54869e-06  3.16927e-08 -1.63902e-09 -1.39827e-06  5.39332e-08 4.97697e-09 -1.22646e-06  1.31937e-07 2.26169e-08 -1.10114e-06  1.14369e-07 2.16248e-08 -9.92763e-07  3.51104e-08 1.02224e-08 -8.40187e-07  7.39346e-09 7.78581e-09 -6.58583e-07  2.69871e-08 1.24468e-08 -5.0202e-07  3.77254e-08 1.17559e-08 -3.83049e-07  2.59573e-08 7.76109e-09 -2.84748e-07  1.62068e-08 4.84279e-09 -2.02336e-07  1.53957e-08 3.334e-09 -1.42162e-07  1.08234e-08 2.67689e-09 -1.00797e-07  7.55712e-09 1.38501e-09 -7.12504e-08  4.40349e-09 1.26542e-09 -5.02662e-08  4.43378e-09 1.13282e-09 -3.54776e-08  3.71828e-09 8.07613e-10 -2.53117e-08  3.42203e-09 3.32312e-10 -1.82121e-08  1.8464e-09 3.65453e-10 -1.29239e-08  1.47746e-09 4.05526e-10 -8.93932e-09  1.47862e-09 1.91553e-10 -6.44976e-09  7.07622e-10 1.28246e-10 -4.71375e-09  4.11501e-10 1.45057e-10 -3.2917e-09  2.55383e-10 2.31442e-10 -2.22332e-09  3.88834e-10 -3.32965e-11 -1.44588e-09  4.27612e-10 -1.06805e-10 -9.21837e-10  5.89263e-10 -1.91611e-10 -5.32264e-10  7.85851e-10 -2.15532e-10 -3.96373e-10  5.32266e-10 -2.33254e-10 -3.48026e-10  3.43502e-10 -7.9217e-11 -2.43105e-10  2.75993e-11 -5.26932e-11 -1.70915e-10  -9.19831e-11 -3.95077e-11 -7.61757e-11  -2.42935e-10 -8.69402e-11 1.50111e-11  8.51183e-07 3.29206e-07 3.66286e-07  1.43082e-06 5.52714e-07 7.16157e-07  3.24247e-06 1.12319e-06 9.76695e-07  5.90443e-06 1.85187e-06 8.33685e-07  8.00859e-06 2.33993e-06 2.32364e-08  8.42685e-06 2.28845e-06 -1.17211e-06  6.97116e-06 1.76516e-06 -2.2372e-06  4.43297e-06 1.00975e-06 -2.7178e-06  2.14359e-06 3.90455e-07 -2.5767e-06  7.6983e-07 4.50055e-08 -2.14205e-06  3.7169e-07 -2.95291e-08 -1.75173e-06  4.70493e-07 2.77947e-08 -1.56176e-06  6.64237e-07 1.11354e-07 -1.54122e-06  7.11978e-07 1.57079e-07 -1.58588e-06  6.1141e-07 1.55575e-07 -1.62284e-06  4.0587e-07 1.11052e-07 -1.62389e-06  1.57847e-07 4.38881e-08 -1.55615e-06  6.51363e-09 2.84903e-09 -1.40167e-06  4.42215e-08 1.34216e-08 -1.2256e-06  1.30904e-07 3.91592e-08 -1.10011e-06  1.12289e-07 3.54156e-08 -9.93808e-07  3.08445e-08 1.52612e-08 -8.41124e-07  5.40912e-09 9.48366e-09 -6.58213e-07  2.96906e-08 1.65165e-08 -5.02241e-07  3.68968e-08 1.67854e-08 -3.84289e-07  2.2808e-08 1.05875e-08 -2.85665e-07  1.32239e-08 6.25648e-09 -2.03102e-07  1.07462e-08 4.23954e-09 -1.42409e-07  8.64417e-09 3.56903e-09 -1.00681e-07  5.4062e-09 2.05845e-09 -7.13128e-08  3.55296e-09 1.5412e-09 -5.02565e-08  2.95595e-09 9.98779e-10 -3.54854e-08  2.73105e-09 8.3558e-10 -2.53766e-08  1.8407e-09 2.33378e-10 -1.82346e-08  1.28569e-09 3.13696e-10 -1.28898e-08  1.11174e-09 3.05659e-10 -9.00619e-09  1.08502e-09 1.3929e-10 -6.45545e-09  7.04368e-10 7.3902e-11 -4.65142e-09  3.79963e-10 8.77601e-11 -3.258e-09  3.80004e-10 1.00897e-10 -2.27325e-09  3.05986e-10 -1.57533e-10 -1.55352e-09  1.15324e-10 -2.85399e-10 -9.76108e-10  6.00155e-10 -9.13804e-11 -5.97389e-10  6.10663e-10 -1.21498e-10 -4.35021e-10  5.20638e-10 -7.01697e-11 -3.52617e-10  2.88114e-10 -4.61739e-11 -2.61682e-10  -1.28515e-11 -4.28623e-11 -2.08186e-10  -1.55358e-10 -6.80646e-11 -1.10435e-10  -2.33732e-10 -3.15191e-11 1.21044e-11  6.59212e-07 4.08747e-07 4.19121e-07  1.15915e-06 6.32971e-07 7.48323e-07  3.4422e-06 1.73191e-06 9.86692e-07  5.54236e-06 2.55747e-06 8.60448e-07  7.54074e-06 3.28911e-06 -9.21373e-09  7.86527e-06 3.27225e-06 -1.21811e-06  6.51543e-06 2.58758e-06 -2.24488e-06  4.17623e-06 1.56411e-06 -2.70716e-06  2.02721e-06 6.91756e-07 -2.55155e-06  7.73763e-07 2.09557e-07 -2.12137e-06  3.67302e-07 7.58339e-08 -1.74188e-06  4.62029e-07 1.43687e-07 -1.5593e-06  6.35992e-07 2.30478e-07 -1.54554e-06  6.8578e-07 2.60793e-07 -1.59152e-06  5.99736e-07 2.32776e-07 -1.62779e-06  4.12866e-07 1.64055e-07 -1.62885e-06  1.73634e-07 7.50444e-08 -1.56019e-06  2.44924e-08 1.82112e-08 -1.40515e-06  4.80245e-08 2.44165e-08 -1.22878e-06  1.30385e-07 5.33396e-08 -1.10146e-06  1.15426e-07 4.93617e-08 -9.93378e-07  3.90035e-08 2.30106e-08 -8.41054e-07  1.21844e-08 1.32708e-08 -6.5908e-07  3.48979e-08 2.0951e-08 -5.03186e-07  4.18346e-08 2.24055e-08 -3.8519e-07  2.68124e-08 1.48399e-08 -2.86594e-07  1.58676e-08 8.86017e-09 -2.03805e-07  1.30551e-08 7.00371e-09 -1.42589e-07  1.1021e-08 5.48386e-09 -1.00761e-07  7.2418e-09 3.71411e-09 -7.14549e-08  4.98978e-09 2.43065e-09 -5.02809e-08  4.02852e-09 1.99059e-09 -3.55094e-08  3.49352e-09 1.39034e-09 -2.54444e-08  2.57872e-09 8.91097e-10 -1.82759e-08  1.78047e-09 5.70089e-10 -1.29048e-08  1.60595e-09 4.11592e-10 -9.07955e-09  1.31287e-09 2.14452e-10 -6.46659e-09  8.83579e-10 8.06035e-11 -4.5856e-09  6.97993e-10 1.81347e-10 -3.22409e-09  7.76511e-10 4.91542e-11 -2.36721e-09  3.32143e-10 -2.63668e-10 -1.69349e-09  4.051e-10 -3.19966e-10 -1.02408e-09  5.14496e-10 -1.74422e-10 -6.50637e-10  6.56776e-10 -6.12302e-11 -5.102e-10  4.14965e-10 1.48045e-11 -4.16903e-10  3.4772e-10 1.23136e-12 -3.18478e-10  1.47134e-10 -5.7997e-12 -2.29943e-10  -2.58673e-10 -9.61274e-11 -1.25636e-10  -9.14213e-11 5.34121e-11 5.53361e-12  4.88171e-07 3.23282e-07 3.91781e-07  1.63468e-06 1.13106e-06 7.98389e-07  2.82965e-06 1.92252e-06 1.03123e-06  5.55373e-06 3.48003e-06 7.89488e-07  7.18099e-06 4.30995e-06 -3.97218e-08  7.49211e-06 4.33466e-06 -1.23588e-06  6.08962e-06 3.40683e-06 -2.2521e-06  3.87977e-06 2.08925e-06 -2.67244e-06  1.85397e-06 9.57046e-07 -2.51585e-06  7.03446e-07 3.39222e-07 -2.09554e-06  3.75482e-07 1.84972e-07 -1.7271e-06  4.77946e-07 2.71186e-07 -1.55921e-06  6.17006e-07 3.55754e-07 -1.55535e-06  6.35174e-07 3.59024e-07 -1.60097e-06  5.39501e-07 2.94443e-07 -1.63379e-06  3.65829e-07 1.97953e-07 -1.63038e-06  1.64894e-07 9.69932e-08 -1.55985e-06  3.11987e-08 2.62617e-08 -1.40841e-06  4.9846e-08 2.97465e-08 -1.23359e-06  1.14695e-07 5.98916e-08 -1.1026e-06  1.03446e-07 5.72239e-08 -9.91434e-07  3.8027e-08 2.62685e-08 -8.39946e-07  1.48186e-08 1.43228e-08 -6.598e-07  3.24824e-08 2.19625e-08 -5.04377e-07  3.7713e-08 2.36164e-08 -3.85807e-07  2.36248e-08 1.56383e-08 -2.87005e-07  1.27629e-08 9.09993e-09 -2.04127e-07  1.03884e-08 7.13202e-09 -1.42728e-07  8.24845e-09 5.41181e-09 -1.00773e-07  5.35908e-09 3.8118e-09 -7.13907e-08  3.29142e-09 2.65905e-09 -5.02681e-08  2.55613e-09 2.21125e-09 -3.558e-08  1.97818e-09 1.49397e-09 -2.55042e-08  1.06139e-09 7.94312e-10 -1.8243e-08  7.28599e-10 5.12081e-10 -1.29302e-08  5.45274e-10 2.11263e-10 -9.14773e-09  2.13147e-10 -1.91196e-11 -6.44084e-09  9.68242e-11 4.92955e-11 -4.50935e-09  2.89773e-10 1.98939e-10 -3.25003e-09  9.51282e-11 -8.71849e-11 -2.45951e-09  -2.51807e-10 -3.64066e-10 -1.7841e-09  -2.45795e-10 -4.93638e-10 -1.13339e-09  1.67311e-10 -3.54498e-10 -7.35457e-10  4.84422e-10 -2.66468e-11 -5.61562e-10  4.42548e-10 1.36455e-10 -4.66631e-10  2.36655e-10 3.73593e-11 -3.79548e-10  -1.73704e-10 -1.62551e-10 -2.82334e-10  -8.60678e-11 3.36478e-11 -1.49943e-10  -1.44396e-10 2.76786e-11 -5.68217e-12  8.78914e-07 7.15796e-07 4.41672e-07  1.16972e-06 1.13261e-06 8.24089e-07  3.17273e-06 2.67302e-06 1.01991e-06  4.93109e-06 4.05483e-06 8.20381e-07  6.48662e-06 5.14312e-06 -7.12774e-08  6.62587e-06 5.12758e-06 -1.27273e-06  5.36726e-06 4.0561e-06 -2.25605e-06  3.36634e-06 2.49283e-06 -2.6565e-06  1.71522e-06 1.24235e-06 -2.48234e-06  6.90876e-07 4.94865e-07 -2.07499e-06  3.95425e-07 2.99837e-07 -1.72082e-06  4.72609e-07 3.88407e-07 -1.55978e-06  5.95123e-07 4.83705e-07 -1.56579e-06  6.01807e-07 4.69066e-07 -1.61649e-06  5.1253e-07 3.78375e-07 -1.64281e-06  3.51571e-07 2.52805e-07 -1.63158e-06  1.66773e-07 1.24099e-07 -1.55903e-06  4.67927e-08 3.76844e-08 -1.41147e-06  5.21572e-08 3.41533e-08 -1.23867e-06  1.07508e-07 7.19846e-08 -1.10397e-06  9.84384e-08 7.01017e-08 -9.89701e-07  4.00214e-08 3.19206e-08 -8.39133e-07  1.82987e-08 1.56763e-08 -6.61065e-07  3.25336e-08 2.42692e-08 -5.05707e-07  3.62614e-08 2.69447e-08 -3.8621e-07  2.36434e-08 1.86024e-08 -2.87055e-07  1.41623e-08 1.18374e-08 -2.04373e-07  1.13292e-08 9.28953e-09 -1.43002e-07  9.3433e-09 7.59722e-09 -1.00862e-07  6.39853e-09 5.51693e-09 -7.13706e-08  4.39627e-09 4.32342e-09 -5.02763e-08  3.79467e-09 3.74947e-09 -3.56367e-08  2.74793e-09 2.85957e-09 -2.55352e-08  2.05646e-09 2.07212e-09 -1.82785e-08  1.44237e-09 1.32942e-09 -1.29854e-08  9.07192e-10 7.97581e-10 -9.18139e-09  5.42899e-10 5.88972e-10 -6.41114e-09  5.10275e-10 6.72282e-10 -4.48374e-09  6.63489e-10 6.56734e-10 -3.29503e-09  4.77844e-10 4.05151e-10 -2.50793e-09  1.07713e-10 8.16435e-11 -1.86428e-09  -1.45544e-10 -1.55972e-10 -1.28759e-09  1.52984e-11 -1.79342e-10 -8.19678e-10  1.9446e-10 2.5908e-11 -5.75783e-10  3.74977e-10 2.07819e-10 -5.51441e-10  5.82626e-11 1.07702e-10 -5.10092e-10  -2.47918e-12 3.05122e-11 -3.35284e-10  -2.52852e-10 -5.63523e-11 -1.54813e-10  -6.29177e-11 6.3156e-11 -4.65685e-11  4.71513e-07 6.25783e-07 4.74007e-07  1.21877e-06 1.40351e-06 8.28932e-07  2.78365e-06 2.96578e-06 1.00756e-06  4.63734e-06 4.82758e-06 7.98287e-07  5.86698e-06 6.05089e-06 -8.82882e-08  5.94387e-06 6.06914e-06 -1.28874e-06  4.7348e-06 4.79251e-06 -2.25381e-06  2.92917e-06 2.97119e-06 -2.63587e-06  1.48369e-06 1.46983e-06 -2.46577e-06  6.32598e-07 6.09188e-07 -2.06165e-06  3.90449e-07 3.94133e-07 -1.71253e-06  4.72633e-07 5.12292e-07 -1.56102e-06  5.65013e-07 6.10119e-07 -1.57713e-06  5.46366e-07 5.64257e-07 -1.63239e-06  4.43372e-07 4.30772e-07 -1.65234e-06  2.98584e-07 2.76123e-07 -1.63231e-06  1.46301e-07 1.30638e-07 -1.55761e-06  4.77747e-08 3.71327e-08 -1.41318e-06  4.59526e-08 3.40709e-08 -1.24149e-06  8.79286e-08 7.74376e-08 -1.10414e-06  8.11293e-08 7.58004e-08 -9.88063e-07  3.46347e-08 3.31674e-08 -8.38514e-07  1.52448e-08 1.31906e-08 -6.61889e-07  2.50548e-08 2.2268e-08 -5.06234e-07  2.81387e-08 2.66926e-08 -3.85955e-07  1.78618e-08 1.78489e-08 -2.86852e-07  1.01887e-08 1.04534e-08 -2.04374e-07  8.11713e-09 8.14716e-09 -1.43059e-07  6.26611e-09 6.51861e-09 -1.00828e-07  4.0427e-09 4.64862e-09 -7.12977e-08  3.04781e-09 3.71353e-09 -5.02935e-08  2.61439e-09 3.09754e-09 -3.56753e-08  1.99032e-09 2.40167e-09 -2.5559e-08  1.22655e-09 1.47194e-09 -1.83228e-08  6.56302e-10 6.73539e-10 -1.30265e-08  2.93507e-10 2.93701e-10 -9.1617e-09  1.35263e-10 3.20311e-10 -6.38641e-09  3.5504e-10 5.76366e-10 -4.51888e-09  4.76808e-10 4.41696e-10 -3.34297e-09  3.97902e-10 1.86482e-10 -2.54167e-09  1.26782e-10 -2.96225e-12 -1.89148e-09  -2.62866e-10 -1.9693e-10 -1.33409e-09  -2.26795e-10 -2.23043e-10 -8.9821e-10  1.53474e-10 1.62157e-10 -6.81434e-10  3.8054e-10 3.73673e-10 -6.22321e-10  1.18893e-10 2.47113e-10 -5.87744e-10  -1.45658e-10 -7.10545e-12 -4.42195e-10  -1.68531e-10 -1.63337e-11 -2.11078e-10  -2.76716e-11 5.46068e-11 -8.08749e-11  4.16203e-07 6.56521e-07 4.49604e-07  1.24762e-06 1.63106e-06 8.37507e-07  2.36247e-06 3.18566e-06 1.0404e-06  3.91556e-06 5.15553e-06 7.95569e-07  5.14539e-06 6.89813e-06 -8.09555e-08  4.90034e-06 6.6491e-06 -1.29707e-06  3.91541e-06 5.39256e-06 -2.24585e-06  2.44983e-06 3.41536e-06 -2.62831e-06  1.22699e-06 1.68638e-06 -2.47649e-06  5.53339e-07 7.03573e-07 -2.06112e-06  3.83946e-07 4.84109e-07 -1.70313e-06  4.62289e-07 6.20397e-07 -1.56393e-06  5.23601e-07 7.23377e-07 -1.58921e-06  4.83939e-07 6.55574e-07 -1.64769e-06  3.85397e-07 4.93824e-07 -1.66488e-06  2.7015e-07 3.21275e-07 -1.63628e-06  1.4612e-07 1.54085e-07 -1.55807e-06  5.63049e-08 4.40254e-08 -1.41394e-06  4.44776e-08 4.09007e-08 -1.24184e-06  7.70883e-08 9.41745e-08 -1.10402e-06  7.40198e-08 9.32086e-08 -9.88267e-07  3.6003e-08 4.14736e-08 -8.39294e-07  1.67676e-08 1.56824e-08 -6.62464e-07  2.30308e-08 2.63045e-08 -5.06091e-07  2.57399e-08 3.26447e-08 -3.85641e-07  1.74836e-08 2.28177e-08 -2.86842e-07  1.07036e-08 1.36464e-08 -2.04589e-07  8.43038e-09 1.05878e-08 -1.43092e-07  6.60408e-09 9.05525e-09 -1.00716e-07  4.83586e-09 7.18879e-09 -7.13373e-08  3.74944e-09 5.3122e-09 -5.0459e-08  3.17243e-09 4.21034e-09 -3.57955e-08  2.44947e-09 3.16209e-09 -2.56282e-08  1.52277e-09 2.10145e-09 -1.83846e-08  8.36584e-10 1.18136e-09 -1.30785e-08  4.69794e-10 7.32073e-10 -9.15438e-09  4.54357e-10 8.07235e-10 -6.38393e-09  5.67287e-10 9.2383e-10 -4.6011e-09  4.76195e-10 5.53543e-10 -3.44637e-09  3.37495e-10 1.56074e-10 -2.57364e-09  1.05801e-10 -4.62858e-11 -1.88178e-09  7.99795e-11 8.70927e-11 -1.36682e-09  -4.78651e-11 7.23597e-11 -9.52703e-10  2.6071e-10 4.77704e-10 -7.49696e-10  2.20282e-10 4.14839e-10 -7.01647e-10  1.77393e-10 3.0546e-10 -6.88834e-10  -5.49614e-11 1.11927e-10 -5.41185e-10  -9.70038e-11 -1.12495e-11 -2.92479e-10  -6.62234e-11 -9.80845e-12 -9.99276e-11  4.40614e-07 6.50812e-07 4.73504e-07  9.69019e-07 1.65101e-06 7.94237e-07  1.99192e-06 3.30548e-06 9.81953e-07  3.20772e-06 5.55299e-06 8.13603e-07  3.98166e-06 7.13736e-06 -5.36377e-08  3.97792e-06 7.40405e-06 -1.25915e-06  3.02962e-06 5.88797e-06 -2.24037e-06  2.0164e-06 3.94673e-06 -2.6475e-06  9.92436e-07 1.91399e-06 -2.50486e-06  4.52321e-07 7.77066e-07 -2.07605e-06  3.33517e-07 5.05819e-07 -1.70302e-06  4.21866e-07 6.85141e-07 -1.56111e-06  4.68903e-07 8.16018e-07 -1.59366e-06  4.19081e-07 7.47722e-07 -1.65921e-06  3.13757e-07 5.38877e-07 -1.67682e-06  2.14278e-07 3.28548e-07 -1.64367e-06  1.15847e-07 1.36843e-07 -1.55999e-06  4.70833e-08 2.6836e-08 -1.41196e-06  4.00268e-08 4.27004e-08 -1.2389e-06  6.65086e-08 1.09646e-07 -1.10332e-06  6.21463e-08 1.02584e-07 -9.89698e-07  2.96701e-08 3.82585e-08 -8.40447e-07  1.46714e-08 1.16616e-08 -6.61912e-07  1.98754e-08 2.68042e-08 -5.04867e-07  2.11961e-08 3.39741e-08 -3.84932e-07  1.40108e-08 2.24604e-08 -2.86706e-07  8.03656e-09 1.17784e-08 -2.0458e-07  5.91448e-09 8.95357e-09 -1.42863e-07  4.56537e-09 8.10394e-09 -1.00502e-07  3.18774e-09 6.23642e-09 -7.14226e-08  2.27202e-09 4.12599e-09 -5.06608e-08  1.74571e-09 2.72673e-09 -3.59267e-08  1.22785e-09 1.9994e-09 -2.56764e-08  5.51332e-10 1.24767e-09 -1.84112e-08  -5.07832e-11 4.16916e-10 -1.31195e-08  -1.87239e-10 2.1511e-10 -9.19434e-09  -1.03154e-11 4.19783e-10 -6.43813e-09  1.41165e-10 5.66986e-10 -4.66902e-09  5.60046e-11 3.25967e-10 -3.50125e-09  -2.21537e-10 -2.29878e-10 -2.61585e-09  -1.97942e-10 -3.03379e-10 -1.92826e-09  -2.39887e-10 -2.52062e-10 -1.39585e-09  -2.19125e-11 3.28573e-10 -9.76175e-10  1.5581e-11 3.80195e-10 -8.16631e-10  2.61124e-10 7.03404e-10 -8.33285e-10  6.49775e-11 3.37854e-10 -7.74665e-10  -7.9783e-11 7.31111e-11 -6.08933e-10  -1.04095e-10 -6.18627e-11 -3.55014e-10  -8.10552e-11 -5.5477e-11 -1.26661e-10  5.20825e-07 1.14584e-06 4.30416e-07  7.32657e-07 1.58503e-06 7.74228e-07  1.51387e-06 3.45469e-06 9.77787e-07  2.37556e-06 5.73296e-06 8.1045e-07  3.02443e-06 7.67882e-06 2.58105e-09  3.07478e-06 8.27965e-06 -1.18153e-06  2.33805e-06 6.69385e-06 -2.24094e-06  1.4976e-06 4.35843e-06 -2.6908e-06  7.39521e-07 2.08926e-06 -2.54214e-06  3.40066e-07 8.09354e-07 -2.09666e-06  2.88055e-07 5.31657e-07 -1.70944e-06  3.50564e-07 7.01374e-07 -1.55919e-06  3.85743e-07 8.68115e-07 -1.59205e-06  3.35691e-07 8.10954e-07 -1.66615e-06  2.49577e-07 5.99586e-07 -1.68975e-06  1.69826e-07 3.57805e-07 -1.65488e-06  9.60943e-08 1.4302e-07 -1.56435e-06  4.37507e-08 2.2814e-08 -1.40946e-06  3.73888e-08 4.85686e-08 -1.23499e-06  5.56269e-08 1.25614e-07 -1.1029e-06  5.17762e-08 1.16751e-07 -9.92263e-07  2.62309e-08 4.22855e-08 -8.42037e-07  1.28284e-08 9.78636e-09 -6.61191e-07  1.60484e-08 2.73858e-08 -5.03538e-07  1.77382e-08 3.78671e-08 -3.84367e-07  1.21523e-08 2.55167e-08 -2.86741e-07  6.87718e-09 1.37105e-08 -2.04517e-07  4.60956e-09 1.05579e-08 -1.42645e-07  3.93401e-09 1.03262e-08 -1.00421e-07  2.93937e-09 8.1847e-09 -7.15218e-08  1.95378e-09 5.55091e-09 -5.08578e-08  1.3542e-09 3.82693e-09 -3.60592e-08  8.02748e-10 2.85796e-09 -2.57096e-08  3.95889e-10 2.20837e-09 -1.84584e-08  3.32305e-11 1.52578e-09 -1.31624e-08  -1.36015e-10 1.15695e-09 -9.24746e-09  -9.12945e-12 1.13425e-09 -6.51695e-09  1.25509e-10 1.08788e-09 -4.72567e-09  1.16343e-10 9.13672e-10 -3.51875e-09  -1.10422e-10 4.87649e-10 -2.665e-09  -1.76502e-10 1.19695e-10 -1.9476e-09  -2.48323e-10 2.15188e-10 -1.37488e-09  -2.12332e-10 1.91876e-10 -1.02694e-09  1.12913e-10 7.89741e-10 -8.87189e-10  8.94032e-11 6.56455e-10 -8.86796e-10  4.00538e-11 5.27562e-10 -8.21863e-10  -3.91996e-11 1.6312e-10 -6.76751e-10  -9.71535e-11 -7.83481e-11 -4.1186e-10  -4.42066e-11 -1.13949e-11 -1.42346e-10  1.88458e-07 6.62864e-07 3.96929e-07  4.72194e-07 1.4891e-06 7.54417e-07  9.32461e-07 3.41856e-06 9.77228e-07  1.48456e-06 5.79314e-06 8.40684e-07  1.92674e-06 7.94837e-06 7.45774e-08  1.97368e-06 8.66976e-06 -1.15269e-06  1.53927e-06 7.26921e-06 -2.23805e-06  9.42189e-07 4.62635e-06 -2.74487e-06  4.63449e-07 2.20458e-06 -2.59798e-06  2.16179e-07 7.86457e-07 -2.12569e-06  2.01397e-07 4.70908e-07 -1.71501e-06  2.66119e-07 6.88517e-07 -1.5517e-06  2.95848e-07 9.05647e-07 -1.58496e-06  2.5599e-07 8.65097e-07 -1.66811e-06  1.8355e-07 6.38339e-07 -1.69854e-06  1.16153e-07 3.56996e-07 -1.66655e-06  6.36875e-08 1.17231e-07 -1.57087e-06  3.3679e-08 1.63824e-09 -1.40825e-06  3.33896e-08 4.9032e-08 -1.23089e-06  4.35494e-08 1.37221e-07 -1.10195e-06  3.77844e-08 1.2273e-07 -9.94595e-07  1.94889e-08 3.86345e-08 -8.43336e-07  1.01107e-08 6.60301e-09 -6.59885e-07  1.17308e-08 2.81387e-08 -5.01984e-07  1.26248e-08 3.84403e-08 -3.83905e-07  8.65936e-09 2.44728e-08 -2.86551e-07  4.36766e-09 1.25522e-08 -2.04073e-07  2.5599e-09 1.02316e-08 -1.42343e-07  2.15867e-09 9.67618e-09 -1.00428e-07  1.70581e-09 7.38251e-09 -7.16449e-08  9.46307e-10 4.78015e-09 -5.09454e-08  3.64206e-10 3.26809e-09 -3.61216e-08  6.85616e-11 2.50088e-09 -2.578e-08  -6.09217e-11 1.82186e-09 -1.85239e-08  -2.3554e-10 1.24758e-09 -1.31818e-08  -2.38371e-10 1.21922e-09 -9.30085e-09  -1.31117e-10 1.12913e-09 -6.63373e-09  4.64448e-11 1.03318e-09 -4.82491e-09  6.34762e-12 7.26703e-10 -3.57396e-09  -5.99016e-11 5.2769e-10 -2.65729e-09  -3.66971e-10 9.93946e-11 -1.92636e-09  -2.87947e-10 1.0894e-10 -1.3879e-09  -1.66618e-10 6.80571e-10 -1.07885e-09  -6.35417e-11 7.66425e-10 -9.55352e-10  -3.45648e-12 8.47195e-10 -9.17694e-10  7.83919e-11 6.01402e-10 -8.79214e-10  1.76188e-11 2.12687e-10 -6.9206e-10  -6.62934e-11 -2.39198e-11 -4.26e-10  -4.55362e-11 -3.825e-11 -1.72323e-10  1.05685e-07 5.10347e-07 3.84275e-07  1.86251e-07 1.47823e-06 7.44889e-07  4.04379e-07 3.43235e-06 9.73782e-07  6.56397e-07 6.00941e-06 8.75361e-07  8.45614e-07 8.21448e-06 8.62085e-08  8.83652e-07 9.03622e-06 -1.09603e-06  6.91491e-07 7.65741e-06 -2.262e-06  4.1116e-07 4.97403e-06 -2.78034e-06  1.7842e-07 2.30266e-06 -2.6325e-06  9.00407e-08 7.86368e-07 -2.15196e-06  1.04858e-07 4.11474e-07 -1.72588e-06  1.64207e-07 6.33199e-07 -1.55066e-06  1.94292e-07 8.92649e-07 -1.57936e-06  1.74483e-07 8.85162e-07 -1.66456e-06  1.24924e-07 6.64539e-07 -1.70186e-06  7.39965e-08 3.76876e-07 -1.67436e-06  3.87632e-08 1.10241e-07 -1.57905e-06  2.4275e-08 -1.75668e-08 -1.41132e-06  2.66821e-08 3.85281e-08 -1.229e-06  3.10204e-08 1.43849e-07 -1.1006e-06  2.55138e-08 1.2987e-07 -9.96135e-07  1.45286e-08 3.65526e-08 -8.44286e-07  8.84627e-09 4.90464e-09 -6.58477e-07  8.50952e-09 3.03206e-08 -5.00625e-07  8.60961e-09 4.04564e-08 -3.83656e-07  6.41335e-09 2.46285e-08 -2.86186e-07  3.372e-09 1.29531e-08 -2.03347e-07  1.70803e-09 1.14767e-08 -1.41971e-07  1.34156e-09 1.03073e-08 -1.0052e-07  1.19316e-09 7.50061e-09 -7.17642e-08  6.45365e-10 4.78105e-09 -5.09358e-08  1.46209e-10 3.54717e-09 -3.61505e-08  5.98984e-11 2.87507e-09 -2.59009e-08  2.65926e-11 1.93758e-09 -1.86193e-08  -4.10007e-11 1.30397e-09 -1.32435e-08  -4.3545e-11 1.21759e-09 -9.37836e-09  -4.89524e-11 1.2074e-09 -6.74133e-09  7.07896e-11 7.51155e-10 -4.92533e-09  1.56667e-10 6.37226e-10 -3.59729e-09  1.26957e-11 4.51302e-11 -2.60871e-09  -1.03228e-10 4.40846e-10 -1.89774e-09  -2.49701e-10 3.72294e-10 -1.35195e-09  -3.3011e-10 7.89673e-10 -1.08581e-09  -1.7479e-10 9.48356e-10 -9.83329e-10  -3.18816e-11 9.59309e-10 -9.81713e-10  -8.95606e-12 4.76413e-10 -8.93082e-10  -1.72336e-11 1.62309e-10 -6.72436e-10  -4.09667e-11 -9.60895e-12 -4.4057e-10  -3.93625e-11 1.00583e-11 -1.89029e-10  -2.26954e-07 6.96589e-07 3.87282e-07  -3.37649e-07 1.50996e-06 7.35501e-07  -6.14803e-07 3.47913e-06 9.7928e-07  -9.4054e-07 5.98378e-06 8.73526e-07  -1.24302e-06 8.37454e-06 1.33949e-07  -1.31568e-06 9.07659e-06 -1.11621e-06  -1.13946e-06 7.9483e-06 -2.26527e-06  -7.58772e-07 4.96589e-06 -2.80938e-06  -4.09693e-07 2.31895e-06 -2.66255e-06  -2.0382e-07 8.13545e-07 -2.17947e-06  -9.49663e-08 3.6937e-07 -1.75691e-06  -6.32934e-08 5.47015e-07 -1.57197e-06  -4.20303e-08 7.74276e-07 -1.58703e-06  -2.1455e-08 7.76232e-07 -1.65885e-06  -1.13453e-08 6.01904e-07 -1.69209e-06  -1.20896e-08 3.65796e-07 -1.67158e-06  -6.99399e-09 1.25124e-07 -1.58711e-06  3.46468e-09 -1.70966e-08 -1.42313e-06  1.89557e-09 2.15906e-08 -1.23499e-06  -8.31993e-09 1.27767e-07 -1.10089e-06  -7.25432e-09 1.2149e-07 -9.95465e-07  2.66764e-09 3.39625e-08 -8.43191e-07  5.05131e-09 3.23953e-09 -6.56091e-07  -2.48491e-10 3.07218e-08 -4.98515e-07  -1.97948e-09 3.93016e-08 -3.82851e-07  1.59283e-10 2.17742e-08 -2.8508e-07  3.50721e-10 1.15493e-08 -2.0143e-07  -1.37615e-09 1.18836e-08 -1.40743e-07  -1.61266e-09 1.03991e-08 -1.00421e-07  -1.06585e-09 6.45935e-09 -7.18363e-08  -9.67981e-10 4.18486e-09 -5.08785e-08  -9.27488e-10 3.35059e-09 -3.62616e-08  -6.85212e-10 2.4703e-09 -2.61149e-08  -5.41459e-10 1.50676e-09 -1.87359e-08  -6.28111e-10 9.9063e-10 -1.33876e-08  -4.26442e-10 1.24055e-09 -9.57037e-09  -1.18288e-10 3.05554e-10 -6.92434e-09  -9.62763e-11 6.38524e-10 -5.0589e-09  -3.62725e-10 4.08263e-10 -3.62962e-09  -3.73987e-10 -1.29658e-10 -2.59255e-09  -4.11938e-10 2.37294e-10 -1.71757e-09  -3.53237e-10 1.6951e-10 -1.16204e-09  -2.57598e-10 7.21885e-10 -1.03898e-09  -3.159e-10 1.01614e-09 -1.0045e-09  -1.84427e-10 4.87921e-10 -9.29516e-10  -7.1026e-11 2.31839e-10 -7.93239e-10  -5.12354e-11 3.62729e-11 -6.04351e-10  -4.62066e-11 -4.98019e-11 -3.82295e-10  -5.30062e-11 1.69064e-11 -1.79782e-10  -2.38259e-07 5.9584e-07 4.08084e-07  -5.69048e-07 1.57163e-06 7.40168e-07  -1.07101e-06 3.40968e-06 9.70505e-07  -1.73189e-06 5.9171e-06 8.72041e-07  -2.24513e-06 8.04969e-06 8.28996e-08  -2.4617e-06 9.05068e-06 -1.09973e-06  -1.96268e-06 7.35354e-06 -2.25947e-06  -1.37326e-06 4.8708e-06 -2.80037e-06  -7.16261e-07 2.28732e-06 -2.65607e-06  -3.38343e-07 7.96787e-07 -2.18449e-06  -1.93718e-07 3.94938e-07 -1.76914e-06  -1.69576e-07 5.46947e-07 -1.58606e-06  -1.57314e-07 7.28497e-07 -1.59895e-06  -1.21159e-07 7.11386e-07 -1.66092e-06  -8.57097e-08 5.51555e-07 -1.68591e-06  -5.9673e-08 3.48371e-07 -1.6666e-06  -3.05615e-08 1.36426e-07 -1.58729e-06  -4.64407e-09 2.41502e-09 -1.42783e-06  -7.81179e-09 2.85704e-08 -1.24018e-06  -2.79229e-08 1.2399e-07 -1.10314e-06  -2.44542e-08 1.17651e-07 -9.95172e-07  -2.81913e-09 3.61441e-08 -8.42331e-07  4.83364e-09 5.57607e-09 -6.55297e-07  -3.3266e-09 3.18472e-08 -4.97703e-07  -6.71261e-09 3.96838e-08 -3.82279e-07  -2.6502e-09 2.19877e-08 -2.8451e-07  -9.52474e-10 1.18935e-08 -2.00627e-07  -2.52908e-09 1.26207e-08 -1.40148e-07  -2.70689e-09 1.10478e-08 -1.0024e-07  -1.73313e-09 6.91317e-09 -7.1808e-08  -1.35336e-09 4.70152e-09 -5.08937e-08  -1.24359e-09 3.77138e-09 -3.63403e-08  -8.62594e-10 2.73475e-09 -2.61908e-08  -6.27806e-10 1.85705e-09 -1.87395e-08  -7.00054e-10 1.69936e-09 -1.34724e-08  -1.8521e-10 8.17902e-10 -9.72482e-09  -3.05076e-10 1.46258e-09 -7.01381e-09  1.33831e-10 5.04859e-11 -4.97513e-09  -2.69271e-10 3.3286e-10 -3.49636e-09  -2.16059e-10 -1.15412e-10 -2.57152e-09  -3.97814e-10 -2.2847e-10 -1.71454e-09  -2.86828e-10 3.74773e-11 -1.21391e-09  -4.50104e-10 7.46287e-10 -9.68656e-10  -2.47668e-10 3.60409e-10 -8.953e-10  -2.47453e-10 3.96665e-10 -8.8347e-10  -1.47161e-10 -4.91294e-11 -7.20227e-10  -5.82781e-11 -9.17053e-11 -5.15213e-10  -6.28243e-11 -8.73608e-11 -3.30588e-10  -7.80872e-11 2.13536e-11 -1.53865e-10  -4.99759e-07 1.11064e-06 4.24924e-07  -7.67981e-07 1.53612e-06 7.43814e-07  -1.54921e-06 3.4116e-06 9.57935e-07  -2.47116e-06 5.73547e-06 8.47746e-07  -3.32094e-06 7.90072e-06 7.27042e-08  -3.36737e-06 8.31233e-06 -1.14871e-06  -2.9284e-06 7.16192e-06 -2.24123e-06  -1.91455e-06 4.52418e-06 -2.77817e-06  -1.0296e-06 2.19852e-06 -2.64048e-06  -4.85566e-07 8.26886e-07 -2.186e-06  -2.95165e-07 4.24533e-07 -1.78787e-06  -2.6403e-07 5.21298e-07 -1.6079e-06  -2.62707e-07 6.72258e-07 -1.60692e-06  -2.20828e-07 6.51218e-07 -1.66088e-06  -1.62874e-07 5.06987e-07 -1.68099e-06  -1.09915e-07 3.25518e-07 -1.6619e-06  -5.12123e-08 1.32172e-07 -1.58773e-06  -6.74363e-09 6.41029e-09 -1.43203e-06  -1.32013e-08 2.93835e-08 -1.24408e-06  -4.58496e-08 1.17738e-07 -1.10464e-06  -4.11762e-08 1.10199e-07 -9.95266e-07  -6.50591e-09 3.02399e-08 -8.41954e-07  5.50532e-09 3.39008e-09 -6.54425e-07  -6.0247e-09 2.90226e-08 -4.96593e-07  -1.11429e-08 3.70209e-08 -3.81408e-07  -4.9803e-09 1.96669e-08 -2.83903e-07  -1.87906e-09 1.00356e-08 -1.99932e-07  -3.35981e-09 1.09967e-08 -1.39541e-07  -3.5403e-09 9.73389e-09 -9.99613e-08  -2.03176e-09 5.56826e-09 -7.16998e-08  -1.49867e-09 3.62713e-09 -5.0839e-08  -1.38398e-09 2.98622e-09 -3.63637e-08  -8.91401e-10 2.10233e-09 -2.6223e-08  -6.91158e-10 1.42162e-09 -1.8769e-08  -2.87758e-10 1.10555e-09 -1.34954e-08  -5.07334e-10 1.43951e-09 -9.75596e-09  1.90712e-10 -1.1992e-10 -6.97417e-09  -2.86884e-10 7.23843e-10 -4.92406e-09  1.77945e-10 -6.04024e-10 -3.52369e-09  -1.61745e-10 1.8475e-10 -2.46218e-09  -4.46362e-10 -7.97449e-11 -1.64553e-09  -6.85721e-10 1.73134e-10 -1.17927e-09  -4.22461e-10 -5.03028e-11 -9.60665e-10  -4.99249e-10 3.89719e-10 -8.5806e-10  -1.80428e-10 -1.25852e-10 -7.6283e-10  -2.35133e-10 -1.20991e-10 -6.19186e-10  -8.64608e-11 -2.55013e-10 -4.63655e-10  -9.57004e-11 -1.10783e-10 -2.34722e-10  -1.87061e-10 1.42481e-10 -1.21866e-10  -4.95668e-07 6.86637e-07 4.28351e-07  -9.69577e-07 1.55503e-06 7.33612e-07  -1.9183e-06 3.15147e-06 9.54195e-07  -3.06278e-06 5.22817e-06 8.33598e-07  -4.23739e-06 7.34513e-06 5.27929e-08  -4.36239e-06 7.81129e-06 -1.14593e-06  -3.71637e-06 6.5477e-06 -2.21971e-06  -2.51513e-06 4.28889e-06 -2.73809e-06  -1.34834e-06 2.11143e-06 -2.63961e-06  -6.33929e-07 8.22719e-07 -2.19226e-06  -3.90776e-07 4.45143e-07 -1.7961e-06  -3.66628e-07 5.10308e-07 -1.62395e-06  -3.68409e-07 6.25374e-07 -1.6167e-06  -3.22527e-07 6.02072e-07 -1.66073e-06  -2.48684e-07 4.82051e-07 -1.67786e-06  -1.69717e-07 3.19526e-07 -1.65988e-06  -8.06127e-08 1.3827e-07 -1.58955e-06  -1.28671e-08 1.25643e-08 -1.43628e-06  -1.98928e-08 3.09462e-08 -1.24724e-06  -6.57994e-08 1.15531e-07 -1.10584e-06  -6.14711e-08 1.07945e-07 -9.95697e-07  -1.43117e-08 2.88904e-08 -8.4222e-07  3.61177e-09 1.63013e-09 -6.5397e-07  -1.17903e-08 2.8061e-08 -4.95649e-07  -1.82498e-08 3.66597e-08 -3.80783e-07  -9.51113e-09 1.97635e-08 -2.83521e-07  -4.60206e-09 1.00854e-08 -1.99443e-07  -6.03002e-09 1.11145e-08 -1.39067e-07  -5.76616e-09 9.68169e-09 -9.97024e-08  -3.67875e-09 5.73885e-09 -7.15688e-08  -2.82489e-09 3.9181e-09 -5.07747e-08  -2.4522e-09 3.32869e-09 -3.64076e-08  -1.74088e-09 2.29313e-09 -2.62575e-08  -1.52245e-09 1.94008e-09 -1.88194e-08  -7.489e-10 1.31194e-09 -1.3501e-08  -6.72525e-11 2.45552e-10 -9.67088e-09  -1.81383e-11 1.67006e-10 -6.93741e-09  1.51283e-10 -7.17536e-10 -4.86718e-09  8.83347e-11 -1.33776e-10 -3.49909e-09  2.78647e-11 -6.63904e-10 -2.40751e-09  -3.7039e-10 -2.10909e-10 -1.5249e-09  -7.80416e-10 1.23398e-10 -1.20352e-09  -6.02331e-10 1.31432e-10 -9.9003e-10  -4.58377e-10 4.14095e-11 -8.01867e-10  -3.53261e-10 -1.76264e-10 -6.6431e-10  -2.38066e-10 -2.9405e-10 -5.16564e-10  -1.08699e-10 -4.44098e-10 -3.70729e-10  -1.65561e-10 -1.56048e-10 -1.6118e-10  -2.48228e-10 1.30038e-10 -9.92699e-11  -5.0079e-07 6.28088e-07 4.18845e-07  -1.05212e-06 1.32061e-06 7.54918e-07  -2.23335e-06 2.83068e-06 9.54717e-07  -3.7278e-06 4.76398e-06 8.34199e-07  -4.86638e-06 6.35465e-06 1.06485e-08  -5.33095e-06 7.05722e-06 -1.15585e-06  -4.24882e-06 5.61173e-06 -2.205e-06  -3.12569e-06 3.98797e-06 -2.70928e-06  -1.62171e-06 1.94647e-06 -2.62222e-06  -7.95578e-07 8.3419e-07 -2.19473e-06  -4.85384e-07 4.61057e-07 -1.81309e-06  -4.59879e-07 5.00348e-07 -1.63574e-06  -4.74378e-07 5.88658e-07 -1.62361e-06  -4.18363e-07 5.59212e-07 -1.66214e-06  -3.20594e-07 4.40193e-07 -1.67648e-06  -2.14088e-07 2.90793e-07 -1.65829e-06  -9.83926e-08 1.2371e-07 -1.59091e-06  -1.69095e-08 1.40415e-08 -1.43971e-06  -2.64964e-08 3.41292e-08 -1.25e-06  -8.25272e-08 1.11515e-07 -1.10645e-06  -7.78353e-08 1.0172e-07 -9.95252e-07  -2.10946e-08 2.63887e-08 -8.42027e-07  1.84373e-11 2.25011e-09 -6.53654e-07  -1.81022e-08 2.75949e-08 -4.9492e-07  -2.44123e-08 3.4412e-08 -3.80163e-07  -1.28268e-08 1.79286e-08 -2.83046e-07  -6.33345e-09 8.70316e-09 -1.98938e-07  -7.90356e-09 9.86267e-09 -1.38598e-07  -7.06883e-09 8.34001e-09 -9.93837e-08  -4.35885e-09 4.83533e-09 -7.13638e-08  -3.23318e-09 3.28832e-09 -5.06703e-08  -2.76692e-09 2.58966e-09 -3.63846e-08  -2.06131e-09 1.91008e-09 -2.62214e-08  -1.04837e-09 9.08442e-10 -1.88266e-08  -1.00727e-09 7.92768e-10 -1.35742e-08  -3.1491e-10 2.16053e-10 -9.71009e-09  -2.12699e-10 3.50461e-10 -6.78828e-09  -4.41942e-10 2.56392e-12 -4.8243e-09  3.34444e-11 -5.18602e-10 -3.38968e-09  -2.97628e-10 -4.18971e-10 -2.29574e-09  -5.41188e-10 1.43156e-11 -1.51867e-09  -6.82407e-10 1.4794e-10 -1.19635e-09  -8.03328e-10 2.70609e-10 -9.69212e-10  -3.10666e-10 -1.84365e-10 -6.95244e-10  -4.85018e-10 -2.07017e-10 -5.30048e-10  -3.55903e-10 -3.95525e-10 -4.13794e-10  -2.52484e-10 -3.84874e-10 -2.79876e-10  -2.75789e-10 -1.36377e-10 -1.183e-10  -3.54784e-10 2.02911e-10 -9.40344e-11  -4.92827e-07 5.57567e-07 4.08435e-07  -1.17958e-06 1.13164e-06 7.32129e-07  -2.53396e-06 2.45634e-06 9.61448e-07  -4.2756e-06 4.13913e-06 8.26158e-07  -5.92639e-06 5.81954e-06 -9.04283e-09  -5.80613e-06 5.7627e-06 -1.18837e-06  -5.2661e-06 5.21558e-06 -2.17549e-06  -3.47626e-06 3.39023e-06 -2.70398e-06  -1.91967e-06 1.78673e-06 -2.62733e-06  -9.00464e-07 7.69276e-07 -2.19929e-06  -5.5801e-07 4.51081e-07 -1.81573e-06  -5.42122e-07 4.82646e-07 -1.64509e-06  -5.64563e-07 5.44696e-07 -1.62877e-06  -4.97461e-07 5.03636e-07 -1.66479e-06  -3.86052e-07 3.96098e-07 -1.67579e-06  -2.5927e-07 2.63377e-07 -1.6577e-06  -1.25693e-07 1.2352e-07 -1.59242e-06  -2.62841e-08 2.59991e-08 -1.44325e-06  -3.0922e-08 3.85283e-08 -1.25304e-06  -9.20078e-08 1.01596e-07 -1.10675e-06  -9.13691e-08 9.5188e-08 -9.93851e-07  -3.03577e-08 3.05222e-08 -8.41472e-07  -3.94685e-09 6.61015e-09 -6.53741e-07  -2.27504e-08 2.71129e-08 -4.94497e-07  -3.02724e-08 3.30846e-08 -3.79483e-07  -1.67694e-08 1.83025e-08 -2.82601e-07  -8.80148e-09 9.76671e-09 -1.98481e-07  -9.95804e-09 1.00914e-08 -1.3815e-07  -8.80987e-09 8.66197e-09 -9.91361e-08  -5.01169e-09 5.12506e-09 -7.11902e-08  -3.66894e-09 3.65097e-09 -5.04229e-08  -3.50616e-09 3.0306e-09 -3.62882e-08  -2.27436e-09 2.02827e-09 -2.62742e-08  -1.75491e-09 1.64425e-09 -1.87646e-08  -1.17869e-09 8.95268e-10 -1.34806e-08  -7.95844e-10 5.27662e-10 -9.62189e-09  1.18118e-10 -6.56404e-10 -6.70783e-09  -2.29391e-10 8.96691e-12 -4.73638e-09  -7.23468e-10 -2.74248e-10 -3.38392e-09  -4.72598e-10 -3.40078e-10 -2.23753e-09  -5.96726e-10 -1.75766e-10 -1.55663e-09  -9.12862e-10 2.17511e-10 -1.11745e-09  -4.65743e-10 -1.80972e-10 -9.67254e-10  -4.52695e-10 -2.07442e-10 -6.33185e-10  -3.23688e-10 -5.29613e-10 -3.4944e-10  -6.10559e-10 -3.10432e-10 -3.03425e-10  -3.79258e-10 -3.70543e-10 -2.20072e-10  -3.90692e-10 -1.08763e-10 -7.34665e-11  -4.35444e-10 2.14159e-10 -1.11183e-10  -8.43751e-07 5.83075e-07 3.98083e-07  -1.24474e-06 8.94708e-07 7.3837e-07  -2.84811e-06 2.05158e-06 9.72897e-07  -4.89517e-06 3.57899e-06 8.25954e-07  -6.76474e-06 4.98535e-06 -2.88228e-08  -6.88651e-06 5.15395e-06 -1.19419e-06  -5.8656e-06 4.3671e-06 -2.19072e-06  -4.05007e-06 3.02575e-06 -2.69513e-06  -2.12912e-06 1.53975e-06 -2.62644e-06  -1.01511e-06 7.07532e-07 -2.20746e-06  -6.16227e-07 4.30583e-07 -1.82572e-06  -5.99894e-07 4.36945e-07 -1.64934e-06  -6.30692e-07 4.80917e-07 -1.63314e-06  -5.61479e-07 4.31101e-07 -1.66562e-06  -4.39736e-07 3.3979e-07 -1.67504e-06  -2.9837e-07 2.2889e-07 -1.65812e-06  -1.42126e-07 1.12029e-07 -1.59518e-06  -2.35464e-08 2.71403e-08 -1.44715e-06  -2.67706e-08 3.50559e-08 -1.25516e-06  -9.60966e-08 8.63959e-08 -1.10563e-06  -9.81395e-08 8.21417e-08 -9.91885e-07  -3.25615e-08 2.89959e-08 -8.41018e-07  -1.8023e-09 6.86333e-09 -6.53897e-07  -2.30283e-08 2.34226e-08 -4.93719e-07  -3.2794e-08 2.88888e-08 -3.78497e-07  -1.77424e-08 1.6249e-08 -2.82138e-07  -8.4446e-09 8.75288e-09 -1.9802e-07  -9.95605e-09 9.00975e-09 -1.37618e-07  -8.4636e-09 7.16492e-09 -9.88911e-08  -3.95659e-09 3.85436e-09 -7.10207e-08  -2.75771e-09 2.75577e-09 -5.01409e-08  -3.0883e-09 2.47246e-09 -3.60836e-08  -2.10046e-09 1.48643e-09 -2.62153e-08  -1.54109e-09 1.06862e-09 -1.87165e-08  -8.98931e-10 7.1516e-10 -1.33158e-08  -4.36552e-10 1.45708e-10 -9.50249e-09  -7.56456e-10 4.32506e-10 -6.76862e-09  -1.86598e-10 -1.10471e-10 -4.51214e-09  -4.39267e-10 -1.40349e-10 -3.20421e-09  -5.45338e-10 -7.57678e-11 -2.30774e-09  -7.00542e-10 -4.76042e-11 -1.55625e-09  -5.16135e-10 -1.36874e-10 -1.1965e-09  -3.16232e-10 -2.04482e-10 -9.55623e-10  -2.98679e-10 -4.80758e-10 -4.97547e-10  -4.53056e-10 -4.86745e-10 -2.55328e-10  -7.59465e-10 -2.64741e-10 -2.18559e-10  -5.66204e-10 -2.39161e-10 -1.58886e-10  -6.23133e-10 2.80551e-11 -7.53845e-11  -6.01689e-10 2.65718e-10 -1.17688e-10  -6.52722e-07 3.19057e-07 3.9132e-07  -1.36812e-06 7.03907e-07 7.37695e-07  -3.10302e-06 1.61367e-06 9.87641e-07  -5.40434e-06 2.88113e-06 8.51663e-07  -7.10201e-06 3.84811e-06 -3.85945e-08  -7.77695e-06 4.27392e-06 -1.20948e-06  -6.15193e-06 3.40513e-06 -2.21958e-06  -4.44533e-06 2.47438e-06 -2.71167e-06  -2.31206e-06 1.28886e-06 -2.63406e-06  -1.06169e-06 5.95524e-07 -2.21378e-06  -6.10787e-07 3.57202e-07 -1.8268e-06  -6.34198e-07 3.6479e-07 -1.64599e-06  -6.77174e-07 3.84495e-07 -1.63319e-06  -6.23894e-07 3.49992e-07 -1.66516e-06  -4.98996e-07 2.78552e-07 -1.67619e-06  -3.47181e-07 1.97586e-07 -1.66074e-06  -1.62658e-07 9.88355e-08 -1.59854e-06  -2.21399e-08 2.39584e-08 -1.45034e-06  -1.82655e-08 2.18836e-08 -1.25569e-06  -1.01215e-07 6.58314e-08 -1.10369e-06  -1.0745e-07 6.5756e-08 -9.90483e-07  -3.3776e-08 2.28515e-08 -8.41184e-07  1.76439e-09 3.17629e-09 -6.53939e-07  -2.30194e-08 1.68473e-08 -4.92764e-07  -3.60391e-08 2.28365e-08 -3.77534e-07  -1.95823e-08 1.28982e-08 -2.81835e-07  -8.4686e-09 6.59858e-09 -1.97739e-07  -1.05051e-08 7.03014e-09 -1.37079e-07  -9.49948e-09 5.46157e-09 -9.85758e-08  -4.33017e-09 2.45992e-09 -7.0913e-08  -2.88155e-09 1.66402e-09 -4.99498e-08  -3.53888e-09 1.65954e-09 -3.579e-08  -3.1676e-09 1.24801e-09 -2.60443e-08  -1.21995e-09 5.60653e-10 -1.86823e-08  -1.58701e-09 7.52288e-10 -1.3198e-08  -6.17067e-10 -3.42959e-11 -9.40001e-09  1.05238e-09 -5.25578e-10 -6.53085e-09  -8.48591e-10 -2.11259e-10 -4.506e-09  -2.09377e-10 -1.29678e-10 -3.20639e-09  -4.37341e-10 2.39782e-11 -2.26496e-09  -5.119e-10 2.79146e-11 -1.56752e-09  -3.4184e-10 -2.43845e-10 -1.25493e-09  -3.57196e-10 -3.41309e-10 -8.9725e-10  -4.52862e-11 -5.46432e-10 -3.81627e-10  -7.99718e-10 -2.76617e-10 -1.61076e-10  -8.14895e-10 -2.73546e-10 -1.57171e-10  -6.5524e-10 -9.08637e-11 -1.2494e-10  -6.71966e-10 7.42774e-11 -6.29079e-11  -5.84376e-10 1.80565e-10 -1.22837e-10  -6.48729e-07 2.83389e-07 3.85877e-07  -1.4554e-06 5.1304e-07 7.58386e-07  -3.4143e-06 1.224e-06 1.01814e-06  -5.81419e-06 2.14304e-06 8.44509e-07  -8.08651e-06 3.06209e-06 -3.37738e-08  -7.88771e-06 3.03141e-06 -1.24694e-06  -7.06877e-06 2.76739e-06 -2.23376e-06  -4.57399e-06 1.83159e-06 -2.7309e-06  -2.49199e-06 1.03483e-06 -2.6463e-06  -1.09062e-06 4.83788e-07 -2.22079e-06  -6.23197e-07 2.90421e-07 -1.82192e-06  -6.62758e-07 2.78169e-07 -1.64099e-06  -7.34599e-07 2.85191e-07 -1.62986e-06  -6.79979e-07 2.58047e-07 -1.66862e-06  -5.4759e-07 2.08077e-07 -1.6816e-06  -3.77966e-07 1.52554e-07 -1.66647e-06  -1.81455e-07 7.97746e-08 -1.60189e-06  -2.30694e-08 1.66771e-08 -1.45044e-06  -2.27894e-08 1.08004e-08 -1.2537e-06  -1.11597e-07 4.26578e-08 -1.10208e-06  -1.20959e-07 4.64123e-08 -9.90206e-07  -4.06058e-08 1.55161e-08 -8.41394e-07  -8.46718e-10 -2.97491e-10 -6.5363e-07  -2.64305e-08 9.47315e-09 -4.91882e-07  -4.09043e-08 1.51145e-08 -3.76865e-07  -2.32005e-08 8.48991e-09 -2.81733e-07  -9.89123e-09 3.56585e-09 -1.97579e-07  -1.18893e-08 4.14854e-09 -1.36571e-07  -1.16719e-08 3.37691e-09 -9.82323e-08  -6.11141e-09 1.04052e-09 -7.0849e-08  -4.08345e-09 6.29862e-10 -4.9794e-08  -5.06759e-09 1.45029e-09 -3.54856e-08  -3.24039e-09 3.89193e-10 -2.60232e-08  -2.21296e-09 6.75603e-10 -1.86417e-08  -9.14497e-10 1.59738e-12 -1.29332e-08  -7.03396e-10 -7.27937e-11 -9.43028e-09  -1.19467e-09 -1.08163e-10 -6.37881e-09  -3.20583e-10 -5.59485e-10 -4.26645e-09  -8.28265e-10 -1.55234e-10 -3.32408e-09  -2.35618e-10 -2.76855e-10 -2.27153e-09  -1.78388e-10 -2.76571e-10 -1.58907e-09  -6.67388e-10 -2.34113e-10 -1.19224e-09  8.25305e-11 -5.74319e-10 -8.88309e-10  -2.59398e-10 -3.98746e-10 -3.67339e-10  -4.29709e-10 -4.56691e-10 -6.55611e-11  -9.90566e-10 -1.51164e-10 -1.49678e-10  -5.61579e-10 -1.04975e-10 -1.41211e-10  -5.61426e-10 5.79237e-11 2.87979e-13  -6.51564e-10 1.86698e-10 -1.06172e-10  -7.89444e-07 1.94726e-07 3.96391e-07  -1.55566e-06 3.2039e-07 7.80634e-07  -3.72259e-06 8.24553e-07 1.03145e-06  -6.35568e-06 1.49436e-06 8.4942e-07  -8.72359e-06 2.10688e-06 -4.94686e-08  -8.79904e-06 2.19652e-06 -1.25717e-06  -7.35723e-06 1.86749e-06 -2.26502e-06  -4.93983e-06 1.33141e-06 -2.74874e-06  -2.50966e-06 7.22318e-07 -2.65394e-06  -1.06063e-06 3.4925e-07 -2.22049e-06  -5.79736e-07 2.00894e-07 -1.81161e-06  -6.90991e-07 1.86409e-07 -1.62722e-06  -7.98709e-07 1.90423e-07 -1.62806e-06  -7.44604e-07 1.68918e-07 -1.67448e-06  -5.94495e-07 1.44016e-07 -1.69036e-06  -3.85622e-07 1.04437e-07 -1.6736e-06  -1.71157e-07 5.24522e-08 -1.60424e-06  -1.7775e-08 8.83217e-09 -1.4482e-06  -3.67799e-08 6.93205e-09 -1.25052e-06  -1.35585e-07 2.91125e-08 -1.10133e-06  -1.37024e-07 3.12811e-08 -9.91224e-07  -4.65062e-08 9.85031e-09 -8.41728e-07  -7.26562e-09 -1.03714e-10 -6.52843e-07  -3.49504e-08 6.61615e-09 -4.9118e-07  -4.81192e-08 1.03575e-08 -3.76607e-07  -2.63262e-08 5.36235e-09 -2.81753e-07  -1.16114e-08 1.94691e-09 -1.97522e-07  -1.32483e-08 2.55884e-09 -1.36315e-07  -1.2991e-08 2.13174e-09 -9.79227e-08  -7.1317e-09 6.27774e-10 -7.07822e-08  -4.34933e-09 4.52171e-10 -4.99199e-08  -3.9488e-09 7.74869e-10 -3.53358e-08  -4.28741e-09 8.09444e-10 -2.58214e-08  -2.44161e-09 1.0951e-10 -1.8617e-08  -2.18165e-09 2.23818e-10 -1.28675e-08  -4.09379e-10 1.59722e-10 -9.18271e-09  -4.71994e-10 -4.32921e-10 -6.30749e-09  -3.93802e-10 -2.03523e-10 -4.35213e-09  -6.26152e-10 -3.23452e-10 -3.25236e-09  -1.39784e-11 -4.08094e-10 -2.2786e-09  -4.33538e-11 -4.07363e-10 -1.59367e-09  -5.88411e-11 -3.8908e-10 -1.17411e-09  1.90764e-10 -4.16632e-10 -8.63201e-10  2.46992e-10 -5.56661e-10 -3.12476e-10  -4.67374e-10 -4.21811e-10 -5.20212e-11  -7.61985e-10 -2.16025e-10 -1.51037e-10  -4.19402e-10 -1.68213e-10 -1.10769e-10  -4.60184e-10 2.35413e-11 3.12647e-11  -6.19848e-10 1.48291e-10 -6.53277e-11  -6.05081e-07 -3.37499e-09 4.12278e-07  -1.67651e-06 1.41895e-07 7.88797e-07  -3.81404e-06 3.70501e-07 1.03232e-06  -6.55006e-06 7.41697e-07 8.65367e-07  -8.47375e-06 9.98061e-07 -6.24501e-08  -9.26458e-06 1.14608e-06 -1.27171e-06  -7.11295e-06 9.25944e-07 -2.30286e-06  -5.02318e-06 7.14226e-07 -2.76544e-06  -2.44794e-06 4.05444e-07 -2.65655e-06  -1.02577e-06 2.05729e-07 -2.21095e-06  -5.66135e-07 1.08433e-07 -1.80233e-06  -6.83229e-07 8.46564e-08 -1.6184e-06  -8.4262e-07 8.46743e-08 -1.6263e-06  -7.8092e-07 7.41909e-08 -1.68222e-06  -5.90222e-07 7.01717e-08 -1.70256e-06  -4.01249e-07 5.87999e-08 -1.67951e-06  -1.63711e-07 3.08645e-08 -1.60495e-06  -2.20384e-08 8.95e-09 -1.44719e-06  -4.46061e-08 8.09546e-09 -1.24881e-06  -1.48993e-07 1.99978e-08 -1.10085e-06  -1.46257e-07 2.03219e-08 -9.92155e-07  -5.22667e-08 8.7638e-09 -8.41908e-07  -9.45412e-09 3.19503e-09 -6.52303e-07  -3.87161e-08 6.56521e-09 -4.90484e-07  -5.08301e-08 7.76226e-09 -3.76262e-07  -2.79864e-08 4.35548e-09 -2.81601e-07  -1.20081e-08 2.06155e-09 -1.97464e-07  -1.32011e-08 2.20553e-09 -1.36082e-07  -1.30237e-08 2.07052e-09 -9.76935e-08  -6.98281e-09 1.27521e-09 -7.08072e-08  -3.3516e-09 9.6598e-10 -4.99428e-08  -5.61721e-09 8.68832e-10 -3.53804e-08  -3.04585e-09 6.75708e-10 -2.55577e-08  -2.067e-09 6.41043e-11 -1.83935e-08  -1.02864e-09 -1.43313e-10 -1.30378e-08  -1.46036e-09 1.93564e-10 -9.17736e-09  5.78038e-10 -1.68473e-10 -6.16318e-09  -1.65396e-09 1.58876e-10 -4.36223e-09  -6.13096e-10 -2.80885e-10 -3.18202e-09  -2.65745e-10 -2.99683e-10 -2.26734e-09  -9.0053e-11 -3.43099e-10 -1.5879e-09  1.6468e-10 -3.53685e-10 -1.17802e-09  2.14115e-10 -4.14956e-10 -8.04354e-10  5.45183e-10 -6.43791e-10 -2.72136e-10  -5.84552e-10 -3.86036e-10 -7.51465e-11  -6.30987e-10 -3.24406e-10 -1.72461e-10  -2.7792e-10 -1.47064e-10 -9.76886e-11  -3.35037e-10 -2.34606e-11 6.44508e-11  -4.90992e-10 6.4089e-11 -2.36247e-11  -7.38074e-07 -8.3084e-08 4.32754e-07  -1.76504e-06 -2.64088e-07 7.9167e-07  -3.84672e-06 -5.02389e-07 1.03072e-06  -6.56836e-06 -8.7554e-07 8.6867e-07  -8.46554e-06 -1.12323e-06 -6.84474e-08  -9.17092e-06 -1.20978e-06 -1.29161e-06  -7.00724e-06 -8.95969e-07 -2.32094e-06  -4.82569e-06 -5.96241e-07 -2.77378e-06  -2.30563e-06 -2.57772e-07 -2.64388e-06  -9.06273e-07 -9.2092e-08 -2.18781e-06  -5.38725e-07 -6.23445e-08 -1.78572e-06  -7.22897e-07 -1.06429e-07 -1.61881e-06  -8.68466e-07 -1.31216e-07 -1.63912e-06  -7.96377e-07 -1.1664e-07 -1.70151e-06  -6.00767e-07 -9.09776e-08 -1.719e-06  -3.74144e-07 -6.01714e-08 -1.68844e-06  -1.72401e-07 -2.67159e-08 -1.60844e-06  -1.47631e-08 -4.22657e-09 -1.45048e-06  -3.69741e-08 -4.83932e-09 -1.25109e-06  -1.39045e-07 -1.53623e-08 -1.10193e-06  -1.43615e-07 -1.43103e-08 -9.91847e-07  -5.18013e-08 -3.19811e-09 -8.41334e-07  -6.01599e-09 1.43111e-09 -6.51858e-07  -3.18593e-08 -2.46207e-09 -4.89506e-07  -4.59949e-08 -4.9103e-09 -3.74645e-07  -2.59914e-08 -3.79483e-09 -2.8029e-07  -1.09523e-08 -2.86338e-09 -1.97073e-07  -1.16364e-08 -2.67149e-09 -1.36171e-07  -1.12749e-08 -2.26633e-09 -9.74353e-08  -7.12649e-09 -1.82645e-09 -7.06308e-08  -2.9844e-09 -1.11756e-09 -4.9906e-08  -4.97062e-09 -7.95228e-10 -3.50883e-08  -3.18407e-09 -5.73109e-10 -2.5446e-08  -2.50416e-09 -9.09235e-10 -1.83877e-08  -1.27538e-09 -2.04728e-10 -1.28393e-08  -5.25507e-10 -2.45326e-10 -9.0601e-09  9.70313e-10 -2.08344e-10 -6.24519e-09  -1.12871e-09 -3.90096e-10 -4.32206e-09  -5.34207e-11 -2.37996e-10 -3.12606e-09  -5.93803e-11 -3.72866e-10 -2.21775e-09  -4.23199e-11 -5.07722e-10 -1.52681e-09  3.35236e-10 -5.60052e-10 -1.20179e-09  1.85606e-10 -6.35295e-10 -7.8776e-10  3.12312e-10 -4.40287e-10 -2.82311e-10  -6.62335e-10 -4.33676e-10 -1.83929e-10  -3.62744e-10 -1.85146e-10 -2.57035e-10  1.53117e-10 -1.59382e-10 -1.2064e-10  -1.91024e-11 -2.45024e-11 7.1947e-11  -3.03893e-10 6.3668e-12 2.28237e-11  -9.76725e-07 -2.66688e-07 4.23513e-07  -1.66863e-06 -4.16487e-07 7.95133e-07  -3.78337e-06 -9.54464e-07 1.0341e-06  -6.34947e-06 -1.6269e-06 8.56642e-07  -8.75368e-06 -2.26188e-06 -5.68829e-08  -8.70557e-06 -2.27811e-06 -1.29124e-06  -7.13306e-06 -1.85055e-06 -2.30291e-06  -4.6159e-06 -1.21399e-06 -2.76191e-06  -2.20591e-06 -5.77548e-07 -2.63389e-06  -8.75168e-07 -2.33707e-07 -2.18862e-06  -5.10574e-07 -1.41823e-07 -1.78665e-06  -6.84534e-07 -1.86207e-07 -1.62245e-06  -8.43049e-07 -2.29751e-07 -1.65076e-06  -7.64782e-07 -2.05068e-07 -1.70884e-06  -5.77945e-07 -1.66942e-07 -1.71937e-06  -3.57538e-07 -1.13058e-07 -1.69138e-06  -1.52029e-07 -5.02335e-08 -1.61282e-06  -1.21992e-08 -1.00091e-08 -1.45189e-06  -3.84402e-08 -1.20143e-08 -1.25329e-06  -1.37046e-07 -3.59645e-08 -1.10374e-06  -1.36332e-07 -3.26153e-08 -9.92021e-07  -4.81204e-08 -8.67423e-09 -8.40991e-07  -6.81747e-09 5.99095e-10 -6.51401e-07  -3.14357e-08 -7.1768e-09 -4.89184e-07  -4.3122e-08 -1.09857e-08 -3.74129e-07  -2.42488e-08 -7.15184e-09 -2.79623e-07  -1.05138e-08 -4.27142e-09 -1.96916e-07  -1.07135e-08 -4.04054e-09 -1.36376e-07  -1.17774e-08 -3.83515e-09 -9.75257e-08  -4.07374e-09 -1.48428e-09 -7.05685e-08  -3.58994e-09 -1.46698e-09 -5.0088e-08  -3.17902e-09 -5.08647e-10 -3.52913e-08  -3.22699e-09 -6.50724e-10 -2.53278e-08  -2.24541e-09 -8.4927e-10 -1.82644e-08  -1.47132e-09 -9.25059e-10 -1.30235e-08  -3.74824e-10 5.45456e-11 -9.15498e-09  -6.13734e-10 -4.7604e-10 -6.23591e-09  2.96047e-10 1.45532e-10 -4.28784e-09  -3.95056e-11 -3.6604e-10 -3.12665e-09  2.78941e-10 -2.89789e-10 -2.21231e-09  -2.00228e-11 -4.67623e-10 -1.51035e-09  1.40007e-12 -5.68155e-10 -1.18216e-09  1.67602e-10 -5.6188e-10 -8.62528e-10  1.59886e-10 -3.33254e-10 -3.67869e-10  -4.64459e-10 -2.30307e-10 -2.09062e-10  -2.72774e-10 -2.54129e-10 -2.53647e-10  6.26867e-11 -2.01859e-10 -1.61429e-10  8.08869e-11 -6.39363e-11 1.83908e-11  -2.09157e-10 -4.62169e-11 1.81204e-11  -6.82205e-07 -2.82296e-07 4.09978e-07  -1.5582e-06 -5.75917e-07 7.86195e-07  -3.5326e-06 -1.34694e-06 1.0343e-06  -5.8695e-06 -2.28501e-06 8.61071e-07  -8.17559e-06 -3.23161e-06 -3.51879e-08  -7.84051e-06 -3.13753e-06 -1.28832e-06  -6.8508e-06 -2.77841e-06 -2.28201e-06  -4.2238e-06 -1.74432e-06 -2.75463e-06  -2.11001e-06 -9.05656e-07 -2.62946e-06  -8.10567e-07 -3.70055e-07 -2.18103e-06  -4.85403e-07 -2.24556e-07 -1.79065e-06  -6.60973e-07 -2.72347e-07 -1.63628e-06  -7.92435e-07 -3.23136e-07 -1.65793e-06  -6.97833e-07 -2.89274e-07 -1.71332e-06  -5.55091e-07 -2.44227e-07 -1.71956e-06  -3.57345e-07 -1.68681e-07 -1.69469e-06  -1.50633e-07 -7.96111e-08 -1.61701e-06  -1.71879e-08 -1.71625e-08 -1.45462e-06  -3.43021e-08 -1.85256e-08 -1.25567e-06  -1.35997e-07 -5.6781e-08 -1.1051e-06  -1.35259e-07 -5.29726e-08 -9.9285e-07  -4.78014e-08 -1.54372e-08 -8.41159e-07  -7.61355e-09 -2.30767e-10 -6.51103e-07  -3.16608e-08 -1.1769e-08 -4.88921e-07  -4.31086e-08 -1.73024e-08 -3.73834e-07  -2.53814e-08 -1.08699e-08 -2.79276e-07  -1.19183e-08 -5.92422e-09 -1.96875e-07  -1.27876e-08 -5.77774e-09 -1.36595e-07  -9.55662e-09 -3.77852e-09 -9.78434e-08  -7.80692e-09 -2.90088e-09 -7.06892e-08  -3.47079e-09 -1.39681e-09 -5.00237e-08  -2.95538e-09 -9.95481e-10 -3.55027e-08  -3.27716e-09 -9.83786e-10 -2.53993e-08  -1.52674e-09 -2.81877e-10 -1.80779e-08  -5.18389e-10 -5.76832e-10 -1.30952e-08  -2.55928e-10 -1.60373e-10 -9.22318e-09  1.19463e-09 1.032e-10 -6.28448e-09  4.60997e-11 -1.10004e-10 -4.37756e-09  4.24592e-12 -4.28212e-10 -3.11677e-09  8.79198e-11 -3.798e-10 -2.22497e-09  -1.4601e-10 -5.30869e-10 -1.54884e-09  -6.22499e-10 -6.06119e-10 -1.1529e-09  6.42782e-11 -3.13712e-10 -8.89746e-10  -1.78166e-10 -3.81588e-10 -4.63315e-10  -1.17174e-10 -1.5856e-10 -2.16467e-10  -3.03345e-10 -2.48197e-10 -2.3371e-10  6.0881e-11 -1.78508e-10 -2.09506e-10  1.17281e-10 -8.96674e-11 -3.11e-11  -9.00395e-11 -8.61661e-11 -1.06657e-12  -6.01912e-07 -2.68523e-07 4.09725e-07  -1.43021e-06 -7.25013e-07 7.68531e-07  -3.19253e-06 -1.68911e-06 1.01576e-06  -5.51196e-06 -3.00852e-06 8.71417e-07  -7.18053e-06 -3.97973e-06 -4.11537e-08  -7.77496e-06 -4.38783e-06 -1.24585e-06  -5.96316e-06 -3.41397e-06 -2.27096e-06  -4.10939e-06 -2.41479e-06 -2.72708e-06  -1.95469e-06 -1.20105e-06 -2.61059e-06  -7.81906e-07 -5.24925e-07 -2.18493e-06  -4.58568e-07 -3.0101e-07 -1.80705e-06  -5.94227e-07 -3.42784e-07 -1.64581e-06  -7.12857e-07 -3.9745e-07 -1.66484e-06  -6.53792e-07 -3.82294e-07 -1.71435e-06  -5.05884e-07 -3.09477e-07 -1.72042e-06  -3.34952e-07 -2.21017e-07 -1.69547e-06  -1.53689e-07 -1.14193e-07 -1.62058e-06  -2.04354e-08 -2.61486e-08 -1.45809e-06  -3.91689e-08 -3.05628e-08 -1.2571e-06  -1.28489e-07 -7.68805e-08 -1.10637e-06  -1.29561e-07 -7.37408e-08 -9.93767e-07  -4.8341e-08 -2.52761e-08 -8.41333e-07  -9.40906e-09 -4.03997e-09 -6.50944e-07  -3.00269e-08 -1.75e-08 -4.88962e-07  -4.08986e-08 -2.44045e-08 -3.73777e-07  -2.44615e-08 -1.54423e-08 -2.79079e-07  -1.20405e-08 -8.79932e-09 -1.97083e-07  -1.12311e-08 -7.61195e-09 -1.36998e-07  -1.11793e-08 -7.43423e-09 -9.81683e-08  -5.27931e-09 -3.61498e-09 -7.08137e-08  -2.91336e-09 -2.57482e-09 -5.00947e-08  -2.6939e-09 -1.8391e-09 -3.57151e-08  -8.64314e-10 -6.98954e-10 -2.54577e-08  -1.62979e-09 -1.19116e-09 -1.81195e-08  -8.91302e-10 -7.85862e-10 -1.32052e-08  8.18878e-10 1.12047e-10 -9.25518e-09  5.48121e-10 -1.41902e-10 -6.33288e-09  4.67064e-10 -2.11128e-10 -4.61692e-09  1.8603e-10 -4.67997e-10 -3.1047e-09  1.81292e-11 -5.16713e-10 -2.26407e-09  -3.49883e-10 -6.22536e-10 -1.56618e-09  -2.16448e-10 -3.48271e-10 -1.24327e-09  -3.34696e-10 -3.42094e-10 -8.81597e-10  3.80173e-11 -1.80349e-10 -4.5023e-10  -2.96087e-10 -3.39792e-10 -3.04572e-10  -1.88089e-10 -1.74283e-10 -2.62506e-10  -3.91899e-11 -1.40159e-10 -1.8986e-10  6.20518e-11 -9.51338e-11 -7.76982e-11  -7.33117e-11 -1.37012e-10 -1.57967e-11  -7.7218e-07 -5.14489e-07 3.92485e-07  -1.23701e-06 -8.65035e-07 7.61597e-07  -2.89572e-06 -2.08418e-06 1.00272e-06  -4.94793e-06 -3.63693e-06 8.49414e-07  -6.84635e-06 -5.0821e-06 -2.89156e-08  -6.9034e-06 -5.23854e-06 -1.22311e-06  -5.72093e-06 -4.38338e-06 -2.22996e-06  -3.73301e-06 -2.9433e-06 -2.70454e-06  -1.81463e-06 -1.49795e-06 -2.60224e-06  -7.42881e-07 -6.64879e-07 -2.18551e-06  -4.27183e-07 -3.79602e-07 -1.81766e-06  -5.19169e-07 -3.98488e-07 -1.66054e-06  -6.31105e-07 -4.65313e-07 -1.6643e-06  -5.9404e-07 -4.4843e-07 -1.70882e-06  -4.7461e-07 -3.74199e-07 -1.72074e-06  -3.07748e-07 -2.61121e-07 -1.69692e-06  -1.41925e-07 -1.31005e-07 -1.62316e-06  -2.27545e-08 -2.8942e-08 -1.46147e-06  -4.63706e-08 -3.68785e-08 -1.25836e-06  -1.28619e-07 -9.5273e-08 -1.10748e-06  -1.2344e-07 -8.88436e-08 -9.9472e-07  -4.6443e-08 -3.01125e-08 -8.41074e-07  -1.29642e-08 -6.94931e-09 -6.50774e-07  -3.16552e-08 -2.27447e-08 -4.89304e-07  -3.94766e-08 -2.96331e-08 -3.73933e-07  -2.32751e-08 -1.82879e-08 -2.79066e-07  -1.21519e-08 -1.02335e-08 -1.97313e-07  -1.16723e-08 -9.38765e-09 -1.37376e-07  -9.18145e-09 -7.67665e-09 -9.84658e-08  -5.92043e-09 -5.31884e-09 -7.10799e-08  -3.68205e-09 -3.55796e-09 -5.04136e-08  -1.79336e-09 -2.03517e-09 -3.6013e-08  -2.55386e-09 -2.56171e-09 -2.54602e-08  -1.539e-09 -2.08757e-09 -1.81132e-08  -6.49606e-10 -1.08338e-09 -1.32881e-08  -2.03567e-10 -1.2818e-09 -9.39877e-09  8.36682e-10 2.36449e-10 -6.50838e-09  3.83863e-10 -4.95475e-10 -4.49618e-09  6.63784e-13 -2.76962e-10 -3.2049e-09  -9.25356e-11 -3.57101e-10 -2.30389e-09  -4.11409e-10 -4.01202e-10 -1.58633e-09  -2.49005e-10 -2.11991e-10 -1.26779e-09  -1.09455e-10 -7.25355e-11 -9.41703e-10  -2.6449e-10 -9.6995e-11 -4.82798e-10  -3.441e-10 -2.78315e-10 -3.48696e-10  -2.48165e-10 -3.08216e-10 -3.34436e-10  -1.10074e-10 -1.35207e-10 -2.17823e-10  -3.89154e-11 -1.34664e-10 -7.29425e-11  -1.12847e-10 -2.29863e-10 -3.4496e-11  -4.44276e-07 -5.19871e-07 3.91717e-07  -1.09602e-06 -1.05676e-06 7.40661e-07  -2.48307e-06 -2.42586e-06 9.9081e-07  -4.24307e-06 -4.14318e-06 8.4432e-07  -5.92886e-06 -5.84601e-06 -7.43679e-09  -5.7409e-06 -5.74968e-06 -1.21095e-06  -5.12725e-06 -5.2003e-06 -2.20552e-06  -3.20758e-06 -3.30475e-06 -2.6968e-06  -1.65582e-06 -1.77888e-06 -2.59585e-06  -6.77308e-07 -7.79911e-07 -2.18324e-06  -3.85767e-07 -4.49288e-07 -1.82301e-06  -4.47595e-07 -4.53869e-07 -1.66868e-06  -5.3373e-07 -5.11101e-07 -1.66569e-06  -5.14916e-07 -4.90242e-07 -1.70703e-06  -4.14071e-07 -4.07729e-07 -1.71497e-06  -2.83307e-07 -2.93542e-07 -1.69535e-06  -1.31987e-07 -1.41838e-07 -1.62605e-06  -2.09555e-08 -2.16758e-08 -1.46411e-06  -4.13675e-08 -2.83236e-08 -1.26044e-06  -1.18318e-07 -9.81217e-08 -1.10817e-06  -1.11922e-07 -9.4822e-08 -9.9445e-07  -4.1949e-08 -3.01123e-08 -8.40736e-07  -1.25408e-08 -4.84801e-09 -6.50791e-07  -2.91968e-08 -2.29886e-08 -4.89748e-07  -3.60425e-08 -3.12242e-08 -3.74037e-07  -2.17925e-08 -1.91683e-08 -2.78964e-07  -1.18172e-08 -9.81922e-09 -1.97524e-07  -1.12322e-08 -9.27902e-09 -1.37721e-07  -9.73664e-09 -7.13036e-09 -9.86387e-08  -6.54243e-09 -5.21417e-09 -7.13095e-08  -3.96383e-09 -2.90321e-09 -5.06125e-08  -2.83622e-09 -2.58347e-09 -3.60234e-08  -1.97734e-09 -1.6716e-09 -2.55304e-08  -1.26003e-09 -1.84549e-09 -1.82383e-08  -1.31875e-09 -1.71131e-09 -1.32216e-08  5.26084e-10 -7.11166e-10 -9.45953e-09  -1.26998e-10 -9.6186e-10 -6.65618e-09  8.3427e-11 -7.37182e-10 -4.70297e-09  -1.24371e-10 1.70142e-11 -3.34128e-09  -8.63598e-11 -4.16461e-11 -2.29445e-09  -2.95095e-10 -1.89146e-10 -1.64693e-09  -4.19929e-10 -2.76755e-10 -1.28728e-09  5.06458e-12 2.83494e-10 -9.77709e-10  -3.45064e-10 -3.24271e-11 -5.32283e-10  -3.57782e-10 -1.48894e-10 -3.43211e-10  -3.89039e-10 -3.98784e-10 -3.81234e-10  -9.25877e-11 -1.18147e-10 -2.91538e-10  -8.98431e-11 -1.31704e-10 -6.41706e-11  -1.35959e-10 -2.93818e-10 -4.72619e-11  -4.31161e-07 -6.03464e-07 4.03437e-07  -9.13644e-07 -1.23317e-06 7.55056e-07  -2.09921e-06 -2.7809e-06 9.82922e-07  -3.61488e-06 -4.77589e-06 8.36962e-07  -4.75451e-06 -6.31284e-06 -9.29847e-09  -5.25294e-06 -7.05053e-06 -1.16559e-06  -4.06613e-06 -5.49866e-06 -2.22174e-06  -2.88852e-06 -3.91284e-06 -2.68584e-06  -1.39678e-06 -1.93947e-06 -2.56676e-06  -6.10989e-07 -8.97214e-07 -2.17337e-06  -3.36277e-07 -5.00907e-07 -1.8331e-06  -3.52572e-07 -4.87702e-07 -1.67392e-06  -4.13886e-07 -5.39405e-07 -1.66618e-06  -4.05842e-07 -5.15791e-07 -1.70027e-06  -3.43803e-07 -4.36246e-07 -1.70894e-06  -2.52505e-07 -3.24335e-07 -1.69285e-06  -1.20817e-07 -1.56829e-07 -1.62655e-06  -2.04129e-08 -2.06683e-08 -1.46643e-06  -2.73367e-08 -1.76259e-08 -1.26424e-06  -8.99222e-08 -8.85534e-08 -1.10875e-06  -9.17727e-08 -9.74274e-08 -9.92281e-07  -3.43345e-08 -3.2195e-08 -8.40241e-07  -7.64161e-09 -2.72878e-09 -6.51346e-07  -2.24617e-08 -2.30336e-08 -4.90243e-07  -2.99461e-08 -3.32002e-08 -3.74248e-07  -1.88886e-08 -2.08979e-08 -2.78909e-07  -1.05356e-08 -1.08008e-08 -1.97591e-07  -9.80661e-09 -1.02693e-08 -1.38266e-07  -9.10846e-09 -7.72326e-09 -9.89507e-08  -5.49302e-09 -4.69519e-09 -7.11543e-08  -3.62664e-09 -2.82228e-09 -5.07929e-08  -2.83963e-09 -2.15756e-09 -3.62078e-08  -1.71777e-09 -1.17146e-09 -2.54861e-08  -2.26295e-09 -2.49752e-09 -1.82388e-08  -1.0936e-09 -1.57761e-09 -1.32715e-08  -5.5163e-10 -8.55004e-10 -9.44651e-09  2.73861e-10 -2.6038e-10 -6.74567e-09  2.72792e-10 -7.3184e-12 -4.8673e-09  9.71226e-11 -1.48374e-12 -3.5069e-09  1.11655e-10 1.37708e-10 -2.34945e-09  -2.67247e-10 -2.46228e-10 -1.65858e-09  -2.03028e-10 -9.78422e-11 -1.37426e-09  -1.14695e-10 5.09845e-11 -1.00503e-09  -1.85969e-12 3.19627e-10 -5.60653e-10  -4.6434e-10 -2.62928e-10 -3.94544e-10  -4.53748e-10 -3.55245e-10 -4.15979e-10  -3.04385e-10 -1.79949e-10 -3.41655e-10  -1.6129e-10 -9.9472e-11 -1.13661e-10  -2.19156e-10 -3.69636e-10 -4.80597e-11  -4.33128e-07 -7.14346e-07 4.09184e-07  -7.91372e-07 -1.47346e-06 7.39722e-07  -1.74288e-06 -3.14744e-06 9.81287e-07  -2.9483e-06 -5.36273e-06 8.41265e-07  -3.93222e-06 -7.19577e-06 2.85244e-08  -4.17647e-06 -7.59513e-06 -1.20057e-06  -3.61595e-06 -6.55667e-06 -2.22122e-06  -2.22652e-06 -4.06009e-06 -2.69765e-06  -1.19667e-06 -2.20382e-06 -2.5734e-06  -4.78811e-07 -9.04935e-07 -2.17265e-06  -2.56271e-07 -5.23613e-07 -1.81942e-06  -2.49598e-07 -5.15192e-07 -1.66475e-06  -3.02299e-07 -5.91651e-07 -1.66203e-06  -3.04583e-07 -5.63316e-07 -1.69732e-06  -2.73296e-07 -4.73679e-07 -1.70589e-06  -1.92099e-07 -3.2418e-07 -1.68848e-06  -1.02771e-07 -1.66716e-07 -1.62262e-06  -1.63893e-08 -2.06472e-08 -1.46678e-06  -1.36964e-08 -1.25633e-08 -1.2667e-06  -6.28818e-08 -8.99708e-08 -1.1098e-06  -6.79985e-08 -1.0111e-07 -9.90892e-07  -2.33891e-08 -3.34773e-08 -8.39163e-07  -3.51988e-09 -4.86376e-09 -6.51892e-07  -1.70079e-08 -2.7072e-08 -4.91326e-07  -2.34451e-08 -3.64175e-08 -3.74801e-07  -1.47499e-08 -2.2611e-08 -2.78997e-07  -8.50589e-09 -1.25137e-08 -1.97548e-07  -6.59776e-09 -9.59286e-09 -1.38579e-07  -6.20183e-09 -8.47911e-09 -9.92988e-08  -3.75555e-09 -4.93284e-09 -7.11597e-08  -2.44566e-09 -3.14296e-09 -5.09679e-08  -1.21135e-09 -1.0446e-09 -3.63638e-08  -1.52219e-09 -2.43328e-09 -2.54918e-08  -7.30026e-10 -5.65477e-10 -1.81359e-08  -5.30429e-10 -1.29801e-09 -1.33495e-08  -4.64975e-10 -8.3095e-10 -9.64115e-09  -2.11001e-11 -6.64298e-10 -6.7767e-09  -4.05948e-10 -5.13679e-10 -4.93486e-09  1.62016e-10 -2.28037e-10 -3.59098e-09  1.02087e-10 3.14407e-10 -2.46149e-09  -2.33726e-10 6.93144e-11 -1.72771e-09  -4.07504e-10 7.50227e-12 -1.31433e-09  -1.29738e-10 5.02015e-11 -1.02337e-09  -9.92955e-11 2.50619e-10 -6.3012e-10  -2.80732e-10 -8.40494e-11 -4.29554e-10  -5.01759e-10 -4.37053e-10 -4.76021e-10  -3.39613e-10 -2.25554e-12 -4.18586e-10  -1.68133e-10 3.918e-12 -1.32006e-10  -2.41245e-10 -3.59785e-10 -6.60071e-11  -4.86617e-07 -1.25126e-06 4.28547e-07  -6.44899e-07 -1.59456e-06 7.5027e-07  -1.3878e-06 -3.50521e-06 9.96502e-07  -2.34424e-06 -5.95291e-06 8.56171e-07  -3.22412e-06 -8.25861e-06 1.17585e-08  -3.35277e-06 -8.40271e-06 -1.19843e-06  -2.73783e-06 -6.94414e-06 -2.24773e-06  -1.79054e-06 -4.52442e-06 -2.70944e-06  -8.77405e-07 -2.27176e-06 -2.56573e-06  -3.50627e-07 -9.45938e-07 -2.15337e-06  -1.64038e-07 -5.2851e-07 -1.80356e-06  -1.68927e-07 -5.79235e-07 -1.64917e-06  -2.13022e-07 -6.63651e-07 -1.6552e-06  -2.18808e-07 -6.19445e-07 -1.69774e-06  -1.91321e-07 -4.83966e-07 -1.70501e-06  -1.49228e-07 -3.37805e-07 -1.68491e-06  -7.26153e-08 -1.46931e-07 -1.61706e-06  -1.17596e-08 -1.21778e-08 -1.46256e-06  -1.09773e-08 -1.71511e-08 -1.26625e-06  -4.24264e-08 -9.45222e-08 -1.11063e-06  -4.72158e-08 -1.02487e-07 -9.90825e-07  -1.67091e-08 -3.61624e-08 -8.38195e-07  -3.78949e-09 -8.88556e-09 -6.5245e-07  -1.37831e-08 -2.93313e-08 -4.93009e-07  -1.80293e-08 -3.68375e-08 -3.75591e-07  -1.17013e-08 -2.254e-08 -2.79066e-07  -6.7772e-09 -1.22612e-08 -1.97836e-07  -6.59687e-09 -1.13398e-08 -1.38786e-07  -4.32444e-09 -8.40383e-09 -9.92907e-08  -2.78198e-09 -5.14948e-09 -7.12638e-08  -1.46631e-09 -2.78405e-09 -5.10837e-08  -1.47959e-09 -2.35746e-09 -3.62656e-08  3.61693e-11 -9.7762e-10 -2.56327e-08  -1.1925e-09 -2.59617e-09 -1.84109e-08  -7.30049e-10 -2.1635e-09 -1.32406e-08  -9.60451e-11 -1.50442e-09 -9.59798e-09  -2.34716e-10 -1.2595e-09 -6.95349e-09  -3.79706e-10 -8.81489e-10 -5.02851e-09  3.11677e-12 -1.49121e-10 -3.61771e-09  -8.47627e-11 5.06699e-11 -2.61552e-09  -1.84309e-10 4.20287e-10 -1.79494e-09  -4.70064e-10 1.34095e-10 -1.24101e-09  -2.08242e-10 2.41724e-10 -9.62742e-10  -1.84106e-10 -8.66199e-11 -6.46387e-10  -3.00665e-10 -2.5828e-10 -4.72564e-10  -5.12651e-10 -5.05e-10 -5.50715e-10  -2.97142e-10 7.05488e-12 -4.88583e-10  -2.54059e-10 -8.53638e-11 -1.63562e-10  -2.73426e-10 -3.4225e-10 -7.98909e-11  -2.47827e-07 -7.84016e-07 4.35991e-07  -5.04766e-07 -1.73796e-06 7.62585e-07  -9.97149e-07 -3.70099e-06 1.01484e-06  -1.65008e-06 -6.30119e-06 8.93689e-07  -2.15493e-06 -8.29436e-06 -4.41128e-10  -2.35674e-06 -8.99243e-06 -1.2172e-06  -1.77917e-06 -6.95912e-06 -2.26076e-06  -1.21781e-06 -4.79751e-06 -2.70625e-06  -5.5208e-07 -2.30209e-06 -2.58086e-06  -1.89077e-07 -9.38375e-07 -2.15094e-06  -5.9947e-08 -5.20581e-07 -1.7743e-06  -8.56332e-08 -6.15598e-07 -1.63084e-06  -1.22725e-07 -7.0711e-07 -1.64907e-06  -1.33697e-07 -6.52481e-07 -1.69142e-06  -1.22936e-07 -5.0229e-07 -1.70433e-06  -9.99922e-08 -3.29275e-07 -1.67995e-06  -5.16054e-08 -1.41723e-07 -1.60891e-06  -8.44264e-09 3.60444e-10 -1.45773e-06  -6.64993e-09 -1.02584e-08 -1.26377e-06  -2.78181e-08 -9.77588e-08 -1.11045e-06  -2.95542e-08 -1.02376e-07 -9.91204e-07  -1.06928e-08 -3.55403e-08 -8.37936e-07  -4.03304e-09 -7.55803e-09 -6.53485e-07  -1.07338e-08 -2.78886e-08 -4.9458e-07  -1.29364e-08 -3.53018e-08 -3.76261e-07  -8.94566e-09 -2.13494e-08 -2.79202e-07  -5.82813e-09 -1.16026e-08 -1.98096e-07  -5.21264e-09 -9.93592e-09 -1.3901e-07  -3.90395e-09 -8.59773e-09 -9.92622e-08  -2.72931e-09 -5.43847e-09 -7.12841e-08  -1.6672e-09 -3.03863e-09 -5.11848e-08  -1.07486e-09 -1.74103e-09 -3.62486e-08  -9.23256e-10 -1.79579e-09 -2.56694e-08  -7.78372e-10 -1.45426e-09 -1.85216e-08  -5.57175e-10 -1.60851e-09 -1.31818e-08  -2.78118e-10 -1.60654e-09 -9.67359e-09  -4.74017e-10 -9.58895e-10 -7.05419e-09  -5.65904e-10 -6.35781e-10 -4.98561e-09  -4.95019e-10 -3.89856e-10 -3.66978e-09  -9.01467e-11 -6.69124e-11 -2.69487e-09  -1.95991e-10 3.88113e-10 -1.77896e-09  -2.15863e-10 4.41913e-10 -1.25087e-09  -2.99673e-10 -1.91386e-10 -9.00667e-10  -1.96117e-10 -2.80322e-10 -6.621e-10  -4.35298e-10 -6.62754e-10 -5.85611e-10  -5.14245e-10 -5.02696e-10 -6.1836e-10  -3.13646e-10 -7.63587e-11 -5.20924e-10  -2.49505e-10 8.00885e-11 -2.33386e-10  -3.12536e-10 -2.69514e-10 -8.13893e-11  -2.21265e-07 -7.75283e-07 4.24121e-07  -3.31595e-07 -1.74689e-06 7.7281e-07  -6.00843e-07 -3.83816e-06 1.03284e-06  -9.11516e-07 -6.44786e-06 8.85282e-07  -1.22246e-06 -8.93337e-06 1.14947e-08  -1.13936e-06 -8.69809e-06 -1.22814e-06  -9.61912e-07 -7.62199e-06 -2.2577e-06  -5.42958e-07 -4.73083e-06 -2.72942e-06  -2.36258e-07 -2.38653e-06 -2.57105e-06  -2.07578e-08 -9.6556e-07 -2.13042e-06  2.72806e-08 -5.56312e-07 -1.7714e-06  1.15617e-08 -6.18606e-07 -1.62407e-06  -2.02435e-08 -7.18045e-07 -1.63216e-06  -4.00318e-08 -6.65901e-07 -1.68534e-06  -5.19639e-08 -5.12697e-07 -1.6985e-06  -5.0654e-08 -3.33121e-07 -1.67289e-06  -3.03367e-08 -1.46713e-07 -1.60153e-06  -3.72541e-09 5.09641e-09 -1.4519e-06  2.78732e-09 -9.22422e-10 -1.26044e-06  -7.67332e-09 -9.19203e-08 -1.10912e-06  -9.91119e-09 -1.03893e-07 -9.90928e-07  -3.04602e-09 -3.59631e-08 -8.38811e-07  -9.62034e-10 -3.38282e-09 -6.55038e-07  -4.53373e-09 -2.43115e-08 -4.95477e-07  -5.75827e-09 -3.47301e-08 -3.768e-07  -4.41879e-09 -2.14448e-08 -2.79646e-07  -3.7581e-09 -1.15709e-08 -1.98316e-07  -3.24445e-09 -1.07475e-08 -1.39127e-07  -2.57745e-09 -8.97694e-09 -9.94654e-08  -1.84419e-09 -5.54171e-09 -7.12858e-08  -1.33213e-09 -3.40007e-09 -5.10397e-08  -5.40787e-10 -2.84337e-09 -3.63727e-08  -9.08803e-10 -1.38067e-09 -2.58159e-08  -9.08465e-10 -1.77227e-09 -1.8446e-08  -9.29327e-10 -2.15742e-09 -1.31512e-08  -7.05181e-10 -2.08505e-09 -9.75394e-09  -7.33632e-10 -1.12423e-09 -7.14346e-09  -7.02757e-10 -5.03346e-11 -5.00153e-09  -5.07113e-10 -7.62744e-11 -3.53816e-09  -1.29344e-10 3.45571e-10 -2.64351e-09  -1.96957e-10 2.34578e-10 -1.87671e-09  -2.7988e-10 3.42198e-10 -1.15845e-09  -2.17413e-10 -2.22031e-10 -8.74754e-10  -4.16337e-10 -6.12107e-10 -7.72586e-10  -4.36266e-10 -6.92378e-10 -6.64372e-10  -5.08052e-10 -4.76929e-10 -6.84029e-10  -3.84527e-10 -6.91519e-11 -5.74753e-10  -2.76478e-10 1.85314e-10 -2.65262e-10  -2.78035e-10 -3.76397e-11 -7.45235e-11  6.0061e-08 -7.10083e-07 4.08382e-07  9.29759e-08 -1.66123e-06 7.61247e-07  3.01001e-07 -3.74757e-06 1.02223e-06  5.99573e-07 -6.48036e-06 8.88363e-07  8.72301e-07 -8.48136e-06 6.47638e-09  1.01578e-06 -9.29243e-06 -1.19692e-06  8.74856e-07 -7.24398e-06 -2.25175e-06  6.92822e-07 -4.99128e-06 -2.70674e-06  4.61958e-07 -2.45589e-06 -2.5703e-06  2.82782e-07 -1.02269e-06 -2.13754e-06  2.27604e-07 -5.73147e-07 -1.76168e-06  2.08864e-07 -6.43665e-07 -1.59811e-06  1.92155e-07 -7.53295e-07 -1.6121e-06  1.42619e-07 -6.89714e-07 -1.66486e-06  8.96643e-08 -5.1252e-07 -1.67929e-06  4.74741e-08 -3.10534e-07 -1.65589e-06  1.66349e-08 -1.21225e-07 -1.58315e-06  2.62143e-09 3.90153e-09 -1.43486e-06  1.18553e-08 -2.04073e-08 -1.25034e-06  2.71842e-08 -1.12182e-07 -1.10639e-06  2.38054e-08 -1.12858e-07 -9.92096e-07  9.57677e-09 -3.87659e-08 -8.4055e-07  3.49093e-09 -7.63123e-09 -6.56049e-07  6.56334e-09 -2.92041e-08 -4.96231e-07  7.31164e-09 -4.0418e-08 -3.78067e-07  3.48539e-09 -2.44973e-08 -2.81082e-07  6.87427e-10 -1.30985e-08 -1.98954e-07  9.26577e-10 -1.15349e-08 -1.39044e-07  1.12368e-09 -1.02423e-08 -9.93718e-08  7.15685e-10 -6.51293e-09 -7.13306e-08  3.02613e-10 -3.77109e-09 -5.07686e-08  5.60248e-10 -4.32935e-09 -3.63492e-08  3.44583e-11 -1.24801e-09 -2.61278e-08  2.70637e-12 -1.21792e-09 -1.85353e-08  1.94253e-13 -1.37866e-09 -1.31858e-08  -3.41739e-10 -1.65154e-09 -9.67847e-09  -2.73322e-10 -8.22551e-10 -6.99281e-09  -6.45348e-11 -1.8651e-10 -4.95036e-09  -9.2341e-11 -3.47428e-10 -3.63409e-09  -4.39051e-10 1.99864e-10 -2.60527e-09  -4.78598e-10 7.37917e-11 -1.75771e-09  -2.12316e-10 -3.82078e-10 -1.18989e-09  -3.59712e-10 -7.97958e-10 -8.74587e-10  -2.4961e-10 -9.43422e-10 -7.55044e-10  -3.3985e-10 -8.33187e-10 -7.32632e-10  -3.83033e-10 -4.26973e-10 -7.59597e-10  -3.8417e-10 5.18371e-11 -5.98698e-10  -2.9536e-10 3.04368e-10 -2.90346e-10  -1.74195e-10 1.90372e-10 -4.52101e-11  1.24152e-07 -7.52835e-07 4.01333e-07  2.98963e-07 -1.62882e-06 7.57561e-07  7.50749e-07 -3.67571e-06 1.00697e-06  1.35829e-06 -6.19817e-06 8.60241e-07  1.95561e-06 -8.56119e-06 9.84196e-09  2.04488e-06 -8.58483e-06 -1.20244e-06  1.84176e-06 -7.43384e-06 -2.20383e-06  1.32006e-06 -4.862e-06 -2.679e-06  7.78111e-07 -2.49555e-06 -2.57297e-06  4.39226e-07 -1.01455e-06 -2.15e-06  3.21154e-07 -5.77045e-07 -1.76161e-06  3.08025e-07 -6.34742e-07 -1.5935e-06  2.87711e-07 -7.46019e-07 -1.59992e-06  2.23276e-07 -6.68159e-07 -1.65211e-06  1.53906e-07 -4.91836e-07 -1.66533e-06  9.26371e-08 -3.02623e-07 -1.6431e-06  3.50566e-08 -1.14813e-07 -1.57529e-06  -1.58852e-09 7.90667e-09 -1.42871e-06  7.3837e-09 -1.75688e-08 -1.24531e-06  3.522e-08 -1.1207e-07 -1.10407e-06  3.43799e-08 -1.10965e-07 -9.92115e-07  1.08417e-08 -3.64804e-08 -8.4096e-07  1.12213e-09 -5.99902e-09 -6.55881e-07  8.04449e-09 -3.09693e-08 -4.96237e-07  1.01747e-08 -4.05146e-08 -3.78725e-07  4.85666e-09 -2.42432e-08 -2.81731e-07  8.76916e-10 -1.19822e-08 -1.99019e-07  1.59284e-09 -1.21254e-08 -1.38782e-07  1.91605e-09 -1.05621e-08 -9.93492e-08  8.21147e-10 -6.66685e-09 -7.13443e-08  2.77772e-10 -4.79832e-09 -5.05803e-08  1.7152e-10 -3.11318e-09 -3.63037e-08  3.47412e-10 -3.30633e-09 -2.62169e-08  -2.12879e-10 -1.36374e-09 -1.84837e-08  -3.2693e-10 -1.33446e-09 -1.32021e-08  -2.77414e-10 -1.24907e-09 -9.65252e-09  -3.69915e-10 -5.06466e-10 -6.89149e-09  -2.82645e-10 -9.28431e-10 -4.94465e-09  -4.53789e-10 -5.47237e-10 -3.61593e-09  -3.86991e-10 -9.51147e-11 -2.59891e-09  -5.34364e-10 -2.90363e-11 -1.69615e-09  -4.09013e-10 -2.32349e-10 -1.13213e-09  -4.26472e-10 -9.18329e-10 -8.81942e-10  -3.2231e-10 -1.08427e-09 -6.96526e-10  -2.2482e-10 -9.49856e-10 -6.84535e-10  -2.3508e-10 -6.00299e-10 -7.50634e-10  -3.99766e-10 6.30214e-11 -6.14744e-10  -3.41536e-10 2.91351e-10 -2.81428e-10  -1.82493e-10 1.56167e-10 -3.42762e-11  3.90619e-07 -1.12941e-06 4.11277e-07  5.07351e-07 -1.58769e-06 7.35578e-07  1.19124e-06 -3.54113e-06 9.79679e-07  2.10372e-06 -6.01879e-06 8.387e-07  2.98022e-06 -8.21083e-06 -1.48345e-08  3.1246e-06 -8.33682e-06 -1.18176e-06  2.66901e-06 -6.85072e-06 -2.18586e-06  1.90393e-06 -4.63009e-06 -2.67034e-06  1.10576e-06 -2.41782e-06 -2.56667e-06  6.0697e-07 -1.06178e-06 -2.14597e-06  4.25144e-07 -6.14248e-07 -1.76506e-06  4.12528e-07 -6.49336e-07 -1.60114e-06  3.79251e-07 -7.01647e-07 -1.60028e-06  3.08611e-07 -6.1933e-07 -1.63717e-06  2.26916e-07 -4.68412e-07 -1.64775e-06  1.46075e-07 -2.97414e-07 -1.63053e-06  6.22106e-08 -1.13598e-07 -1.56753e-06  8.1735e-10 1.63689e-08 -1.42425e-06  7.54484e-09 -6.01744e-09 -1.24191e-06  4.54892e-08 -9.88296e-08 -1.1016e-06  4.69882e-08 -1.03523e-07 -9.91234e-07  1.39419e-08 -2.86858e-08 -8.41071e-07  8.065e-11 6.00414e-10 -6.55924e-07  9.74076e-09 -2.56049e-08 -4.96297e-07  1.41994e-08 -3.71955e-08 -3.79014e-07  7.01963e-09 -2.18658e-08 -2.81977e-07  3.14998e-09 -1.02022e-08 -1.99083e-07  3.01527e-09 -1.10579e-08 -1.38563e-07  3.67219e-09 -1.0798e-08 -9.91168e-08  1.86756e-09 -6.4334e-09 -7.14645e-08  5.88149e-10 -4.27071e-09 -5.04913e-08  6.12208e-10 -4.00011e-09 -3.60478e-08  3.18145e-10 -2.42809e-09 -2.61834e-08  -3.54597e-11 -1.85788e-09 -1.86169e-08  -2.34514e-10 -2.01459e-09 -1.31632e-08  -1.67565e-10 -1.36225e-09 -9.48449e-09  -3.48082e-10 -1.11621e-09 -6.85139e-09  -5.83609e-10 -6.8048e-10 -4.89425e-09  -5.15631e-10 -4.90444e-10 -3.45494e-09  -5.3327e-10 2.00245e-10 -2.50972e-09  -4.37337e-10 2.79604e-10 -1.70667e-09  -3.55628e-10 -6.56236e-10 -1.17627e-09  -5.42876e-10 -5.21039e-10 -8.83514e-10  -4.08378e-10 -8.12838e-10 -6.08912e-10  -1.53791e-10 -1.00705e-09 -6.05199e-10  -1.99048e-10 -6.79537e-10 -7.29538e-10  -3.65532e-10 -2.68973e-11 -6.15894e-10  -3.63422e-10 2.5108e-10 -2.78795e-10  -2.1449e-10 1.83846e-10 -2.39846e-11  3.2576e-07 -6.54917e-07 4.14209e-07  6.8946e-07 -1.5883e-06 7.15283e-07  1.55938e-06 -3.27128e-06 9.41764e-07  2.68946e-06 -5.49812e-06 8.21173e-07  3.73529e-06 -7.31715e-06 3.64941e-09  4.04967e-06 -7.67814e-06 -1.14594e-06  3.58272e-06 -6.51268e-06 -2.16475e-06  2.50632e-06 -4.40722e-06 -2.65615e-06  1.45446e-06 -2.35936e-06 -2.56104e-06  7.71148e-07 -1.07783e-06 -2.15558e-06  5.0681e-07 -6.12297e-07 -1.77384e-06  5.03758e-07 -6.56198e-07 -1.59878e-06  4.785e-07 -6.61138e-07 -1.59485e-06  4.05843e-07 -5.74916e-07 -1.62596e-06  3.05285e-07 -4.31527e-07 -1.63278e-06  2.05432e-07 -2.83682e-07 -1.61785e-06  9.69617e-08 -1.16848e-07 -1.55926e-06  1.90748e-08 9.21987e-09 -1.4203e-06  1.88213e-08 -3.66124e-09 -1.23984e-06  6.29368e-08 -8.79117e-08 -1.09994e-06  6.26475e-08 -9.29343e-08 -9.9028e-07  2.23855e-08 -2.56844e-08 -8.40555e-07  3.49449e-09 2.6908e-09 -6.561e-07  1.4442e-08 -2.08815e-08 -4.96709e-07  1.93967e-08 -3.27165e-08 -3.79418e-07  1.07603e-08 -1.75426e-08 -2.81834e-07  7.618e-09 -1.02347e-08 -1.99011e-07  6.49394e-09 -9.71792e-09 -1.38848e-07  6.03589e-09 -1.02081e-08 -9.8948e-08  3.80491e-09 -6.4186e-09 -7.14241e-08  1.84914e-09 -3.41518e-09 -5.06414e-08  1.21121e-09 -3.27293e-09 -3.58643e-08  1.09661e-09 -2.64032e-09 -2.59933e-08  3.75875e-10 -1.6925e-09 -1.86695e-08  1.74098e-11 -1.29239e-09 -1.31418e-08  1.52531e-10 -1.19015e-09 -9.41278e-09  -3.07034e-10 -5.63423e-10 -6.77685e-09  -4.01324e-10 -3.0384e-10 -4.73392e-09  -2.94316e-10 -1.75457e-10 -3.36283e-09  -2.3729e-10 -2.24395e-10 -2.42881e-09  -2.53928e-10 -2.88876e-10 -1.67959e-09  -5.1129e-10 -3.13313e-10 -1.2163e-09  -3.56742e-10 -5.29416e-10 -8.59199e-10  -2.68951e-10 -6.19632e-10 -5.95603e-10  -1.08862e-10 -8.94473e-10 -5.82777e-10  -1.43802e-10 -6.13047e-10 -6.57472e-10  -3.35916e-10 6.05341e-11 -5.48131e-10  -3.8547e-10 3.39665e-10 -2.73038e-10  -2.00843e-10 2.25949e-10 -1.82707e-11  3.94801e-07 -6.91325e-07 3.94103e-07  7.92119e-07 -1.40186e-06 7.26445e-07  1.88938e-06 -3.0122e-06 9.34553e-07  3.25007e-06 -4.94218e-06 7.82677e-07  4.51815e-06 -6.61203e-06 4.65933e-08  5.09653e-06 -7.1971e-06 -1.09518e-06  4.42852e-06 -6.10924e-06 -2.13324e-06  3.10706e-06 -4.17453e-06 -2.6466e-06  1.76796e-06 -2.2694e-06 -2.5674e-06  9.08954e-07 -1.06359e-06 -2.1641e-06  6.08668e-07 -6.59433e-07 -1.78356e-06  5.71913e-07 -6.30389e-07 -1.60351e-06  5.80979e-07 -6.4141e-07 -1.58816e-06  5.04717e-07 -5.53991e-07 -1.6148e-06  3.87424e-07 -4.15251e-07 -1.62319e-06  2.5651e-07 -2.67235e-07 -1.61023e-06  1.22832e-07 -1.11569e-07 -1.55039e-06  3.98086e-08 -7.42988e-09 -1.41411e-06  3.66424e-08 -1.83571e-08 -1.23879e-06  8.32365e-08 -8.90886e-08 -1.09943e-06  7.75056e-08 -8.73403e-08 -9.89307e-07  2.89949e-08 -2.58613e-08 -8.39924e-07  7.3729e-09 -1.38447e-09 -6.56058e-07  1.95424e-08 -2.19813e-08 -4.97635e-07  2.21932e-08 -2.88872e-08 -3.79731e-07  1.691e-08 -1.93522e-08 -2.81449e-07  8.58928e-09 -8.34969e-09 -1.99031e-07  1.01852e-08 -1.15348e-08 -1.39326e-07  7.2488e-09 -9.32813e-09 -9.92057e-08  4.80954e-09 -6.01655e-09 -7.1271e-08  2.55815e-09 -3.63476e-09 -5.06239e-08  1.80939e-09 -3.016e-09 -3.58318e-08  1.19502e-09 -2.6398e-09 -2.59127e-08  3.62085e-10 -1.44649e-09 -1.85994e-08  1.93329e-10 -1.24327e-09 -1.30366e-08  3.75819e-10 -1.23113e-09 -9.34758e-09  1.14661e-10 -6.36281e-10 -6.74341e-09  -8.70593e-11 -4.58332e-10 -4.64973e-09  4.7124e-11 -5.16644e-10 -3.29191e-09  -9.77964e-11 -4.28945e-10 -2.45481e-09  -4.27923e-10 -4.21076e-10 -1.71647e-09  -4.51763e-10 -4.53657e-10 -1.14759e-09  -3.49449e-10 -4.19006e-10 -8.10448e-10  -6.4573e-11 -6.91177e-10 -5.93133e-10  1.60663e-11 -7.99135e-10 -5.22978e-10  -8.41485e-11 -4.62763e-10 -5.77445e-10  -1.86583e-10 -9.84466e-11 -4.9718e-10  -3.04542e-10 2.25894e-10 -2.30555e-10  -1.21839e-10 1.27936e-10 -2.22313e-11  3.20156e-07 -5.41556e-07 3.78564e-07  9.67835e-07 -1.27916e-06 6.70721e-07  2.16252e-06 -2.68958e-06 9.01717e-07  3.79377e-06 -4.38941e-06 7.9138e-07  5.3844e-06 -6.02954e-06 4.69279e-08  5.86612e-06 -6.41364e-06 -1.06338e-06  5.13545e-06 -5.53362e-06 -2.1141e-06  3.57187e-06 -3.80283e-06 -2.64229e-06  2.01175e-06 -2.10855e-06 -2.56451e-06  1.02483e-06 -1.03121e-06 -2.1752e-06  6.42415e-07 -6.15231e-07 -1.79437e-06  6.29752e-07 -5.85549e-07 -1.60085e-06  6.54799e-07 -5.98187e-07 -1.5796e-06  5.85805e-07 -5.25062e-07 -1.60719e-06  4.47388e-07 -3.88431e-07 -1.61571e-06  3.01275e-07 -2.51114e-07 -1.60294e-06  1.57646e-07 -1.16888e-07 -1.54295e-06  4.68227e-08 -1.40332e-08 -1.40877e-06  4.68384e-08 -2.69525e-08 -1.23793e-06  9.48404e-08 -8.32816e-08 -1.09905e-06  8.84295e-08 -8.00832e-08 -9.88112e-07  3.2202e-08 -2.52452e-08 -8.39385e-07  6.92696e-09 -2.69047e-09 -6.56502e-07  1.91854e-08 -1.82832e-08 -4.985e-07  2.52021e-08 -2.55345e-08 -3.79494e-07  1.71472e-08 -1.51132e-08 -2.80834e-07  1.22879e-08 -1.20698e-08 -1.99405e-07  8.62348e-09 -8.64461e-09 -1.39583e-07  8.67223e-09 -9.38437e-09 -9.9273e-08  5.81789e-09 -5.9772e-09 -7.13231e-08  2.36976e-09 -3.46059e-09 -5.05912e-08  1.83453e-09 -2.86235e-09 -3.5738e-08  1.13088e-09 -2.32752e-09 -2.58459e-08  3.69888e-10 -1.40782e-09 -1.85387e-08  8.29404e-11 -1.09063e-09 -1.29714e-08  2.90912e-10 -1.20205e-09 -9.24327e-09  2.48334e-10 -9.27561e-10 -6.66328e-09  -3.38565e-11 -5.83914e-10 -4.60266e-09  1.47923e-10 -8.83103e-10 -3.24703e-09  -1.59322e-10 -8.61642e-10 -2.4313e-09  -6.91968e-10 -3.37039e-10 -1.71396e-09  -5.80362e-10 -3.68694e-10 -1.08845e-09  -2.64215e-10 -4.39458e-10 -7.39404e-10  -4.18519e-11 -6.54686e-10 -5.62326e-10  2.0263e-10 -8.12489e-10 -4.7137e-10  5.86464e-11 -5.60895e-10 -5.03705e-10  -1.15442e-10 -1.58592e-10 -4.14127e-10  -2.26235e-10 8.79082e-11 -1.86451e-10  -7.41038e-11 -2.12685e-11 -1.64692e-11  6.98242e-07 -6.63793e-07 3.5612e-07  9.22566e-07 -9.81464e-07 6.77416e-07  2.31082e-06 -2.22e-06 8.8055e-07  4.12365e-06 -3.67439e-06 7.9468e-07  5.78977e-06 -4.97779e-06 6.5098e-08  6.40898e-06 -5.40906e-06 -1.05969e-06  5.62285e-06 -4.71341e-06 -2.09892e-06  3.92557e-06 -3.30162e-06 -2.63335e-06  2.21653e-06 -1.89131e-06 -2.5656e-06  1.10068e-06 -9.58301e-07 -2.17687e-06  7.02399e-07 -5.91605e-07 -1.79673e-06  6.79364e-07 -5.34214e-07 -1.60549e-06  7.07464e-07 -5.33863e-07 -1.58018e-06  6.39653e-07 -4.6634e-07 -1.60228e-06  5.08567e-07 -3.608e-07 -1.60934e-06  3.53454e-07 -2.38307e-07 -1.59683e-06  1.77497e-07 -1.05345e-07 -1.5372e-06  5.86134e-08 -2.45427e-08 -1.40589e-06  4.92792e-08 -2.23242e-08 -1.23677e-06  1.04358e-07 -7.24117e-08 -1.09776e-06  1.00639e-07 -7.22531e-08 -9.874e-07  3.70194e-08 -2.43295e-08 -8.39375e-07  5.8503e-09 -1.62522e-09 -6.5707e-07  1.9452e-08 -1.32124e-08 -4.99045e-07  2.87306e-08 -2.05921e-08 -3.79239e-07  2.14762e-08 -1.48449e-08 -2.81077e-07  1.25264e-08 -9.65904e-09 -1.99991e-07  1.2504e-08 -1.00262e-08 -1.39624e-07  1.03749e-08 -8.70047e-09 -9.9275e-08  6.13097e-09 -5.08627e-09 -7.13656e-08  4.22281e-09 -3.63358e-09 -5.06685e-08  2.46722e-09 -2.93028e-09 -3.56489e-08  2.10546e-09 -2.40555e-09 -2.57568e-08  1.12708e-09 -1.51264e-09 -1.84946e-08  7.9401e-10 -1.23238e-09 -1.29006e-08  7.59716e-10 -1.31011e-09 -9.19459e-09  4.60735e-10 -9.49425e-10 -6.5973e-09  2.83985e-10 -7.82312e-10 -4.56918e-09  1.26536e-10 -9.2686e-10 -3.30207e-09  -6.36666e-10 -6.01472e-10 -2.4148e-09  -8.25373e-10 -1.84088e-10 -1.58694e-09  -5.89327e-10 -1.3783e-10 -9.93165e-10  -1.41335e-10 -5.02109e-10 -6.84935e-10  7.42522e-11 -6.16866e-10 -4.99121e-10  2.1245e-10 -6.86153e-10 -4.15485e-10  9.87857e-11 -4.48585e-10 -4.42786e-10  -7.52889e-11 -1.32691e-10 -3.4724e-10  -1.76844e-10 -3.57507e-11 -1.38751e-10  -7.35842e-11 -1.12697e-10 2.33384e-12  5.29406e-07 -3.47861e-07 3.26809e-07  9.96546e-07 -7.97641e-07 6.21191e-07  2.49738e-06 -1.77962e-06 8.52412e-07  4.51187e-06 -3.01063e-06 7.98699e-07  6.40611e-06 -4.10565e-06 8.10787e-08  7.0417e-06 -4.46091e-06 -1.03409e-06  6.1166e-06 -3.87636e-06 -2.08689e-06  4.21228e-06 -2.72827e-06 -2.63257e-06  2.30984e-06 -1.57657e-06 -2.56814e-06  1.11918e-06 -8.33785e-07 -2.18001e-06  7.05802e-07 -5.31388e-07 -1.79931e-06  7.06476e-07 -4.76874e-07 -1.60405e-06  7.47078e-07 -4.5817e-07 -1.57669e-06  6.72033e-07 -3.87595e-07 -1.601e-06  5.28885e-07 -2.92196e-07 -1.60573e-06  3.63154e-07 -1.89596e-07 -1.59019e-06  1.87074e-07 -8.76107e-08 -1.53397e-06  6.15847e-08 -2.22598e-08 -1.40293e-06  5.54949e-08 -1.72732e-08 -1.23383e-06  1.14907e-07 -6.1095e-08 -1.09767e-06  1.03684e-07 -5.81034e-08 -9.86948e-07  3.53079e-08 -1.82395e-08 -8.38956e-07  3.11924e-09 1.30248e-09 -6.57358e-07  2.04947e-08 -9.03855e-09 -4.99141e-07  2.72211e-08 -1.33318e-08 -3.79294e-07  2.07234e-08 -1.15768e-08 -2.81301e-07  1.2169e-08 -5.71379e-09 -2.00342e-07  1.08127e-08 -6.36203e-09 -1.39875e-07  9.63987e-09 -5.18606e-09 -9.93122e-08  7.01171e-09 -4.92706e-09 -7.12162e-08  4.4227e-09 -2.34025e-09 -5.06235e-08  2.04514e-09 -1.71372e-09 -3.57305e-08  1.72582e-09 -1.48851e-09 -2.55761e-08  9.99712e-10 -7.91708e-10 -1.83968e-08  4.95085e-10 -6.40804e-10 -1.29132e-08  4.01464e-10 -7.78073e-10 -9.10565e-09  3.65057e-10 -5.75775e-10 -6.53452e-09  8.4101e-11 -4.57329e-10 -4.61828e-09  -3.00611e-10 -5.15636e-10 -3.33197e-09  -5.22523e-10 -2.38397e-10 -2.34881e-09  -5.78161e-10 3.71901e-12 -1.47227e-09  -2.28667e-10 -1.33775e-10 -9.4192e-10  -2.26175e-10 -3.34597e-10 -6.40169e-10  5.2912e-12 -4.19457e-10 -4.22423e-10  3.38826e-10 -5.38244e-10 -3.60169e-10  3.49262e-10 -4.20679e-10 -3.85834e-10  3.1875e-12 -1.75159e-10 -3.06331e-10  -2.37713e-10 -4.69533e-11 -1.10386e-10  -1.53738e-10 -7.66369e-11 2.40832e-11  5.81211e-07 -2.82763e-07 3.21213e-07  1.07027e-06 -5.77596e-07 6.09696e-07  2.46262e-06 -1.21878e-06 8.63044e-07  4.6772e-06 -2.19214e-06 8.03158e-07  6.67115e-06 -3.01767e-06 8.67449e-08  7.40024e-06 -3.32915e-06 -1.04378e-06  6.46951e-06 -2.94942e-06 -2.09913e-06  4.4784e-06 -2.1356e-06 -2.64603e-06  2.43151e-06 -1.27909e-06 -2.57967e-06  1.12422e-06 -7.03278e-07 -2.18281e-06  6.81038e-07 -4.64294e-07 -1.79657e-06  7.05206e-07 -4.09455e-07 -1.59956e-06  7.75069e-07 -3.79331e-07 -1.57485e-06  7.11592e-07 -3.1249e-07 -1.60115e-06  5.69468e-07 -2.32967e-07 -1.60591e-06  4.00388e-07 -1.57276e-07 -1.58945e-06  2.04324e-07 -7.56519e-08 -1.53207e-06  6.09867e-08 -1.6836e-08 -1.39852e-06  6.62765e-08 -1.79102e-08 -1.232e-06  1.18325e-07 -4.63153e-08 -1.09998e-06  1.08573e-07 -4.53552e-08 -9.87087e-07  3.74288e-08 -1.47431e-08 -8.38491e-07  3.17069e-09 2.71948e-09 -6.57968e-07  2.03715e-08 -4.26083e-09 -4.9958e-07  3.26828e-08 -1.09257e-08 -3.80091e-07  1.97781e-08 -7.48802e-09 -2.81628e-07  1.47131e-08 -4.82911e-09 -2.00305e-07  1.28802e-08 -4.94988e-09 -1.40168e-07  1.33469e-08 -5.09868e-09 -9.96649e-08  7.29975e-09 -4.07075e-09 -7.12292e-08  4.78378e-09 -2.24911e-09 -5.03339e-08  4.71001e-09 -2.47284e-09 -3.5879e-08  2.82447e-09 -1.7067e-09 -2.54463e-08  2.24818e-09 -1.22791e-09 -1.82307e-08  1.39703e-09 -9.0599e-10 -1.29933e-08  1.05646e-09 -9.17442e-10 -9.03436e-09  9.32933e-10 -6.70578e-10 -6.43914e-09  5.42155e-10 -4.19961e-10 -4.68804e-09  -1.88441e-12 -5.47535e-10 -3.28309e-09  -3.0304e-10 -2.94053e-10 -2.17912e-09  -5.93619e-11 -2.89821e-10 -1.42401e-09  5.24481e-11 -3.00038e-10 -9.80594e-10  3.73458e-11 -3.66829e-10 -6.27042e-10  1.7122e-10 -2.98571e-10 -3.48285e-10  6.27255e-10 -4.37955e-10 -3.10139e-10  4.55482e-10 -4.2385e-10 -3.68833e-10  2.14099e-11 -2.14269e-10 -2.82733e-10  -1.51866e-10 -8.67607e-11 -7.53778e-11  -2.17953e-10 -2.63892e-11 3.65478e-11  9.361e-07 -2.90119e-07 3.08045e-07  1.12893e-06 -3.13551e-07 5.87923e-07  2.60777e-06 -7.42972e-07 8.51356e-07  4.98534e-06 -1.38154e-06 7.97613e-07  7.19352e-06 -2.00856e-06 1.02178e-07  7.96872e-06 -2.25199e-06 -1.04699e-06  6.88745e-06 -2.03906e-06 -2.11207e-06  4.65831e-06 -1.50601e-06 -2.66355e-06  2.4247e-06 -9.33983e-07 -2.59201e-06  1.05179e-06 -5.47138e-07 -2.18228e-06  6.11456e-07 -3.79744e-07 -1.78988e-06  6.73844e-07 -3.30714e-07 -1.59225e-06  7.78189e-07 -2.92216e-07 -1.56862e-06  7.3019e-07 -2.25892e-07 -1.5995e-06  5.71983e-07 -1.57263e-07 -1.60828e-06  3.85417e-07 -1.01695e-07 -1.59078e-06  1.88465e-07 -4.87336e-08 -1.53071e-06  5.32398e-08 -1.08664e-08 -1.39608e-06  6.34237e-08 -1.26388e-08 -1.23099e-06  1.19284e-07 -2.89618e-08 -1.10058e-06  1.0396e-07 -2.71087e-08 -9.87534e-07  3.02308e-08 -5.75621e-09 -8.38164e-07  1.47267e-09 5.75067e-09 -6.57659e-07  2.13802e-08 -4.45787e-11 -5.00162e-07  2.73884e-08 -2.53529e-09 -3.80839e-07  2.06164e-08 -2.50233e-09 -2.82175e-07  1.07083e-08 -7.556e-10 -2.00386e-07  1.16233e-08 -1.66505e-09 -1.4038e-07  7.6642e-09 -2.23469e-09 -9.98769e-08  7.87958e-09 -2.44984e-09 -7.13244e-08  3.95824e-09 -2.15826e-09 -5.01709e-08  1.40593e-09 -1.00109e-09 -3.57538e-08  2.18334e-09 -1.19665e-09 -2.54327e-08  1.2724e-09 -5.96724e-10 -1.812e-08  7.09209e-10 -5.73011e-10 -1.2967e-08  5.98336e-10 -5.77525e-10 -8.99915e-09  7.39408e-10 -4.34588e-10 -6.35927e-09  5.82092e-10 -4.04788e-10 -4.72767e-09  -3.28775e-10 -3.22026e-10 -3.34818e-09  -4.45465e-10 -4.54765e-10 -2.14948e-09  -2.29861e-10 -3.95083e-10 -1.36895e-09  7.77857e-12 -4.17479e-10 -9.41954e-10  -4.58635e-11 -2.03483e-10 -5.81128e-10  5.35448e-10 -2.35676e-10 -3.0875e-10  7.86023e-10 -3.57734e-10 -3.14709e-10  3.75e-10 -3.66679e-10 -3.65007e-10  -2.57774e-11 -1.96873e-10 -2.23119e-10  -2.17115e-10 -4.48223e-11 -4.27653e-11  -2.32665e-10 -8.92893e-12 1.91942e-11  8.75368e-07 -5.2548e-08 3.3251e-07  1.16258e-06 -8.5685e-08 6.03336e-07  2.82816e-06 -2.68361e-07 8.68963e-07  5.22041e-06 -5.50297e-07 8.07625e-07  7.35355e-06 -8.83439e-07 9.76045e-08  8.14392e-06 -1.0831e-06 -1.0688e-06  6.99471e-06 -1.0577e-06 -2.15357e-06  4.69066e-06 -8.52511e-07 -2.68943e-06  2.41316e-06 -5.95881e-07 -2.60169e-06  1.00199e-06 -3.99108e-07 -2.18288e-06  5.49487e-07 -2.97475e-07 -1.78354e-06  6.258e-07 -2.4794e-07 -1.5839e-06  7.62705e-07 -1.98343e-07 -1.56081e-06  7.43928e-07 -1.37142e-07 -1.59715e-06  5.95591e-07 -8.4072e-08 -1.6128e-06  4.06255e-07 -5.24893e-08 -1.59679e-06  2.01674e-07 -2.97291e-08 -1.53369e-06  5.63751e-08 -9.78443e-09 -1.39566e-06  6.75408e-08 -7.5442e-09 -1.23014e-06  1.26342e-07 -1.26956e-08 -1.10158e-06  1.10904e-07 -1.2283e-08 -9.89022e-07  3.45907e-08 -3.5726e-10 -8.38519e-07  6.0125e-09 6.04189e-09 -6.58268e-07  2.37095e-08 2.92346e-09 -5.00798e-07  3.52102e-08 1.09761e-09 -3.81458e-07  2.2347e-08 1.64065e-09 -2.83005e-07  1.55269e-08 1.07957e-09 -2.01016e-07  1.47207e-08 2.20495e-10 -1.41171e-07  1.20466e-08 -1.73009e-09 -1.00204e-07  6.89004e-09 -8.43634e-10 -7.13244e-08  3.77763e-09 -1.39275e-09 -5.03004e-08  4.05394e-09 -1.0487e-09 -3.56159e-08  2.55977e-09 -7.05839e-10 -2.52818e-08  2.84297e-09 -4.48881e-10 -1.81156e-08  1.2842e-09 -5.17245e-10 -1.30111e-08  9.62007e-10 -4.74751e-10 -8.92354e-09  1.27848e-09 -4.646e-10 -6.36323e-09  6.8604e-10 -5.27544e-10 -4.76665e-09  -5.29799e-12 -3.26627e-10 -3.38976e-09  -6.02195e-10 -2.77225e-10 -2.15821e-09  -1.19148e-10 -2.7789e-10 -1.34117e-09  -1.4605e-11 -3.68556e-10 -9.11415e-10  3.75909e-10 -1.88361e-10 -5.29516e-10  8.22443e-10 -2.29628e-10 -3.26562e-10  8.87014e-10 -3.46961e-10 -3.46773e-10  4.04512e-10 -3.09146e-10 -3.24315e-10  -5.50562e-11 -1.47399e-10 -1.76175e-10  -8.77807e-11 -8.74898e-11 -3.85819e-11  -1.0309e-10 -1.96874e-11 1.59621e-11  
            </DataArray>
            <DataArray type="Float64" Name="Force" NumberOfComponents="3" format="ascii">
               0.00108022 -2.39283e-06 -3.94569e-05  0.00115853 -5.85628e-06 -2.34604e-05  0.00107204 -7.36368e-06 2.94044e-06  0.000451636 3.4773e-05 5.0831e-06  0.000766004 -1.64914e-05 1.32769e-05  0.000476582 -1.72198e-05 1.2665e-05  0.00026734 -1.02724e-05 6.63927e-06  0.000150893 -4.41426e-06 2.85415e-06  0.000116955 -5.2314e-07 1.33304e-06  0.000128084 8.41848e-08 8.41873e-07  0.000127198 -5.99254e-07 5.01343e-07  0.000106073 -1.12948e-06 4.91339e-07  7.59883e-05 -1.2029e-06 4.30003e-07  4.78651e-05 -1.06143e-06 3.46778e-07  3.03788e-05 -4.95242e-07 3.10177e-07  2.52836e-05 -4.43748e-08 2.66854e-07  2.55075e-05 -3.9584e-09 2.57448e-07  2.44742e-05 -1.16451e-07 1.82296e-07  2.8084e-05 -1.02323e-06 2.62722e-07  1.12314e-05 7.1062e-09 1.62709e-07  8.99831e-06 -1.97069e-09 1.34537e-07  8.19629e-06 -4.70579e-09 1.10178e-07  6.6244e-06 -5.06376e-09 8.48547e-08  2.33557e-06 -2.02099e-07 3.3707e-08  3.91936e-06 5.70748e-08 5.33501e-08  2.77772e-06 3.7265e-08 4.40122e-08  2.01077e-06 2.49677e-08 3.52024e-08  2.03328e-06 7.39696e-08 3.27144e-08  8.97362e-07 1.79898e-09 1.16405e-08  6.80497e-07 7.61513e-10 8.48245e-09  2.75238e-07 2.37474e-08 3.41722e-09  4.86597e-07 -6.84148e-09 5.26453e-09  3.90759e-07 -6.66655e-09 3.53362e-09  3.98697e-07 -1.46161e-08 3.86402e-09  1.70741e-07 -2.52559e-10 1.73605e-09  1.60112e-07 -3.1831e-10 1.0697e-09  1.28574e-07 7.76721e-10 7.17021e-10  5.78341e-08 -4.99415e-09 2.88693e-10  1.06896e-07 1.34937e-10 4.91972e-10  9.43704e-08 3.5009e-10 3.76207e-10  1.44146e-07 4.57457e-09 3.15701e-10  6.55949e-08 1.08572e-10 1.53238e-10  6.58411e-08 2.6202e-10 7.39203e-11  2.68793e-08 -8.86392e-10 1.08889e-10  1.66368e-08 -1.41401e-09 2.71617e-12  5.27769e-08 -2.90258e-10 -8.85311e-13  5.29645e-08 1.65001e-09 -5.21669e-11  4.64967e-08 1.70096e-09 -2.68772e-11  1.63796e-08 1.42079e-09 -5.57331e-11  -8.9616e-08 0.00211837 -3.24879e-05  -4.168e-06 0.00110634 -2.8192e-05  -4.50538e-06 0.0011536 1.58998e-06  -1.54622e-06 0.00105276 -3.21611e-06  -3.55666e-07 0.000907908 1.2718e-05  2.07218e-06 0.000615176 1.42344e-05  7.41217e-07 0.000146383 7.53926e-06  1.29662e-06 9.43668e-05 3.02881e-07  2.55051e-06 4.92288e-05 2.67698e-07  2.80624e-07 0.000117556 8.28977e-07  1.76047e-06 0.000124902 4.08558e-07  -2.97066e-06 5.31523e-05 1.83665e-07  -2.07116e-06 3.79086e-05 1.50364e-07  -1.24982e-06 2.33558e-05 1.48736e-07  -6.88661e-07 1.22152e-05 1.38561e-07  -5.29502e-07 1.02027e-05 1.14742e-07  -6.55791e-07 1.23072e-05 7.2202e-08  -6.51826e-07 1.21955e-05 1.06973e-07  -5.42627e-07 1.01725e-05 8.40805e-08  -3.64465e-07 6.8616e-06 5.35674e-08  -2.46825e-07 4.54637e-06 7.47347e-08  -2.09833e-07 3.9462e-06 4.41207e-08  -1.80745e-07 3.39393e-06 4.29943e-08  -1.39902e-07 2.62693e-06 3.0275e-08  -9.35461e-08 1.74983e-06 1.95879e-08  -6.76554e-08 1.25111e-06 2.04909e-08  -5.32883e-08 9.85784e-07 1.34777e-08  -3.83637e-08 7.1191e-07 1.00437e-08  -2.77233e-08 5.12585e-07 6.70243e-09  -2.12811e-08 3.99948e-07 3.77877e-09  -1.57742e-08 2.92468e-07 3.82076e-09  -1.23305e-08 2.28731e-07 2.62169e-09  -9.39038e-09 1.74587e-07 1.75323e-09  -7.49152e-09 1.3835e-07 1.27241e-09  -5.35027e-09 9.9602e-08 6.02541e-10  -3.80005e-09 7.01673e-08 6.67824e-10  -2.91913e-09 5.44465e-08 5.59241e-10  -3.18569e-09 5.63191e-08 2.54825e-10  -2.98868e-09 4.84518e-08 1.40045e-10  -3.19356e-09 4.76925e-08 2.38969e-10  -4.39354e-09 9.29552e-08 1.41828e-10  1.84679e-09 3.44884e-08 9.93642e-10  -9.98015e-10 8.22379e-08 6.71463e-10  -3.96931e-11 1.14148e-07 -2.39137e-10  9.44445e-10 7.35734e-08 -3.27465e-12  4.48529e-11 6.69688e-08 -1.45747e-10  -1.07457e-10 5.78095e-08 2.01265e-10  4.18896e-10 4.99946e-08 1.86425e-10  -2.88407e-10 7.72902e-08 -6.46135e-10  -0.00114506 2.54556e-08 -1.97486e-05  -0.000560175 -1.02538e-07 -3.04651e-05  -0.000574509 -4.85907e-07 1.83526e-05  -0.000527496 -3.93278e-07 -1.86585e-05  -0.000747875 -6.69147e-07 1.87296e-05  0 0 0  -0.000289628 2.33238e-07 9.47734e-06  -7.49103e-05 1.84762e-07 3.27028e-06  -6.94287e-05 1.72362e-07 -1.29909e-06  -6.58598e-05 6.04465e-07 2.01306e-06  -6.19134e-05 4.94204e-07 -1.40431e-06  -9.97949e-05 2.24562e-06 6.67635e-07  -3.32747e-05 -2.05257e-06 -6.74755e-07  -5.05919e-05 1.76926e-06 6.08771e-07  -1.71305e-05 -1.36528e-06 1.23193e-07  0 0 0  -1.6291e-05 -1.29838e-06 1.10468e-07  -1.58745e-05 -1.25746e-06 1.15713e-07  -1.25668e-05 -9.93499e-07 1.0347e-07  -8.19652e-06 -6.51012e-07 7.06845e-08  -5.74519e-06 -4.59782e-07 8.10761e-08  -4.88374e-06 -3.86825e-07 9.51111e-08  -4.31969e-06 -3.37288e-07 6.88404e-08  -3.00002e-06 -2.37537e-07 4.16022e-08  -2.07536e-06 -1.65312e-07 2.7552e-08  -1.4264e-06 -1.14535e-07 2.2413e-08  -1.19051e-06 -9.5456e-08 1.63447e-08  -9.06479e-07 -7.1635e-08 1.26359e-08  -6.36057e-07 -4.91018e-08 1.02483e-08  -4.82126e-07 -3.70179e-08 7.05018e-09  -4.18274e-07 -3.29405e-08 4.12578e-09  -7.26473e-07 1.38959e-09 8.39014e-09  -2.40502e-07 -1.8436e-08 5.52747e-09  -1.58826e-07 -8.06501e-09 3.57181e-09  -2.30927e-07 -6.26355e-09 1.01461e-09  -1.75401e-07 3.21705e-09 8.46878e-10  0 0 0  -1.66137e-07 -9.24071e-10 1.03084e-09  -9.46837e-08 -1.09069e-10 2.96546e-09  -5.32088e-08 -1.3429e-11 -1.40133e-09  -5.06562e-08 3.08398e-11 1.5996e-09  -5.33003e-08 -2.01762e-11 -1.49351e-09  -1.41974e-07 2.60692e-11 -4.39655e-11  0 0 0  -1.33166e-07 6.78777e-12 4.21035e-10  -2.7886e-08 1.70607e-11 8.14108e-10  -2.21341e-08 2.77976e-11 -6.70675e-10  -5.96418e-09 -1.60967e-12 1.55169e-10  9.59422e-09 1.11587e-11 -7.27413e-11  1.37933e-06 -0.00215255 -3.84289e-05  -2.75566e-06 -0.00111686 -2.85975e-05  -4.12053e-06 -0.00110597 1.44248e-06  -3.21652e-06 -0.000960437 -4.20311e-06  6.85177e-06 -0.00112277 8.96212e-06  -2.55671e-05 -0.00045599 1.63323e-05  1.46496e-05 -0.000408287 1.6569e-05  -3.49437e-06 -6.27854e-05 2.9576e-07  5.29974e-06 -5.67185e-05 3.27588e-07  1.48179e-06 -0.000113618 7.38904e-07  5.27987e-07 -0.000130116 5.04338e-07  3.78558e-07 -0.000111373 3.58952e-07  -3.29166e-06 -4.08744e-05 2.44069e-07  -1.98291e-06 -2.55026e-05 1.90406e-07  -1.28952e-06 -1.71471e-05 1.17966e-07  -9.71804e-07 -1.2907e-05 1.25115e-07  -9.64766e-07 -1.28679e-05 9.91524e-08  -1.01123e-06 -1.35101e-05 9.12625e-08  -8.09132e-07 -1.08332e-05 7.42642e-08  -5.84053e-07 -7.75895e-06 7.81773e-08  -4.3888e-07 -5.84798e-06 6.38549e-08  -3.48103e-07 -4.62202e-06 6.5709e-08  -2.88847e-07 -3.85541e-06 4.65387e-08  -2.13985e-07 -2.85115e-06 3.4954e-08  -1.53659e-07 -2.07059e-06 2.27511e-08  -1.09934e-07 -1.46557e-06 1.80616e-08  -8.16205e-08 -1.08514e-06 1.41432e-08  -6.06163e-08 -8.17412e-07 8.95401e-09  -4.4335e-08 -5.90195e-07 6.79015e-09  -3.32314e-08 -4.42657e-07 6.05638e-09  -2.84124e-08 -3.79773e-07 3.96541e-09  -2.19013e-08 -2.9189e-07 2.6379e-09  -1.7203e-08 -2.26936e-07 1.43721e-09  -1.34883e-08 -1.72388e-07 1.05592e-09  -1.03051e-08 -1.2707e-07 6.38898e-10  2.06383e-09 -2.50342e-07 9.40869e-10  6.92483e-10 -1.95007e-07 9.7889e-10  -5.55632e-09 -7.21724e-08 5.48088e-10  -4.54536e-09 -7.63312e-08 6.85964e-10  -4.67942e-09 -1.04082e-07 1.96906e-09  -1.75865e-09 -1.50333e-07 -8.80372e-10  1.61748e-09 -6.67952e-08 -1.44872e-09  -3.98409e-10 -5.5967e-08 9.63101e-11  0 0 0  1.13906e-09 -1.00613e-07 7.04901e-10  6.9112e-10 -4.45514e-08 4.42423e-10  6.46243e-10 -7.28102e-08 -3.58799e-10  -3.54665e-10 -4.57585e-08 -2.41966e-10  9.86843e-10 -1.57372e-08 -3.09259e-10  0.00132976 0.000124001 -2.51455e-06  0.00057584 6.12252e-05 -1.82295e-05  0.000579539 5.67427e-05 -1.34117e-05  0.000497273 4.14701e-05 5.8194e-07  0.000391062 3.11491e-05 6.21841e-06  0.000271889 2.06684e-05 6.45548e-06  0.00012259 8.92232e-06 3.62779e-06  6.55941e-05 4.94798e-06 1.66749e-06  5.2106e-05 4.23186e-06 9.41526e-07  6.30072e-05 5.39621e-06 4.48451e-07  6.44725e-05 5.64401e-06 2.67926e-07  5.55137e-05 4.88067e-06 1.56563e-07  3.83899e-05 3.31097e-06 2.179e-07  2.27221e-05 1.9429e-06 2.09187e-07  1.47422e-05 1.29632e-06 1.37831e-07  1.20558e-05 1.05548e-06 1.08389e-07  1.26036e-05 1.09275e-06 1.57874e-07  1.25493e-05 1.08793e-06 1.0244e-07  1.0076e-05 8.80067e-07 9.39555e-08  6.84306e-06 5.98152e-07 9.50893e-08  4.85516e-06 4.18083e-07 7.95708e-08  4.26746e-06 3.68123e-07 6.61128e-08  3.78158e-06 3.29455e-07 3.90328e-08  2.63283e-06 2.29359e-07 3.72045e-08  1.94709e-06 1.6994e-07 1.60721e-08  1.37111e-06 1.19876e-07 1.6672e-08  9.89707e-07 8.66915e-08 1.54004e-08  7.12106e-07 6.16319e-08 1.03002e-08  5.18706e-07 4.51029e-08 8.0296e-09  3.94618e-07 3.4462e-08 5.30115e-09  3.16689e-07 2.73601e-08 3.56769e-09  2.44888e-07 2.13784e-08 2.87524e-09  1.84759e-07 1.60868e-08 1.89589e-09  1.51061e-07 1.31979e-08 1.12232e-09  1.02182e-07 8.91045e-09 9.26817e-10  8.08667e-08 7.04648e-09 6.5256e-10  6.90498e-08 6.04127e-09 5.14611e-10  4.86862e-08 4.24064e-09 3.0149e-10  4.64889e-08 4.02669e-09 3.08585e-10  3.9575e-08 3.44088e-09 1.08855e-10  4.68615e-08 4.07847e-09 1.19021e-10  3.86386e-08 3.35316e-09 1.199e-10  2.55819e-08 2.21993e-09 6.12753e-11  1.50685e-08 1.27097e-09 9.34553e-11  2.41408e-08 2.10358e-09 7.00651e-11  3.41545e-08 3.02707e-09 1.74156e-10  3.72852e-08 3.50088e-09 2.47419e-11  2.10047e-08 1.92821e-09 -1.5697e-10  1.7977e-08 1.6135e-09 1.49584e-10  0.00174588 0.000488008 -1.00391e-05  0.00124816 0.000332232 -5.46503e-05  0.000991724 0.000239892 -4.61935e-06  0.000978632 0.000258566 5.7735e-06  0.000710724 0.000194836 1.56015e-05  0.000441901 0.000123276 1.19303e-05  0.000238472 6.69663e-05 5.84734e-06  0.000121531 3.34378e-05 2.56373e-06  0.000114857 3.11613e-05 1.14492e-06  0.000125705 3.37155e-05 6.09569e-07  0.000123355 3.28485e-05 5.21205e-07  5.43307e-05 1.44208e-05 1.67385e-07  8.52496e-05 2.26785e-05 2.82424e-07  5.46618e-05 1.45449e-05 2.73489e-07  3.11477e-05 8.2751e-06 3.06083e-07  2.42119e-05 6.43227e-06 2.27718e-07  2.49245e-05 6.63533e-06 2.57998e-07  2.44891e-05 6.50772e-06 2.25317e-07  2.06846e-05 5.49246e-06 2.00123e-07  1.44059e-05 3.82111e-06 1.95758e-07  1.05057e-05 2.79376e-06 1.08213e-07  8.85195e-06 2.35225e-06 8.68612e-08  7.49075e-06 1.98929e-06 8.5926e-08  5.488e-06 1.45939e-06 8.08732e-08  3.88182e-06 1.03196e-06 4.85787e-08  2.7501e-06 7.29663e-07 3.83439e-08  2.04023e-06 5.40856e-07 3.46627e-08  1.55055e-06 4.11853e-07 2.04303e-08  1.13082e-06 3.00336e-07 1.43608e-08  8.16804e-07 2.16702e-07 1.16245e-08  6.23046e-07 1.6563e-07 6.86251e-09  4.70907e-07 1.24916e-07 6.56258e-09  3.83182e-07 1.01847e-07 3.47846e-09  2.8791e-07 7.64707e-08 2.6132e-09  2.17905e-07 5.78326e-08 2.00409e-09  1.59672e-07 4.23734e-08 1.46146e-09  1.11786e-07 2.96645e-08 1.24128e-09  1.03582e-07 2.75457e-08 6.95507e-10  1.03462e-07 2.74824e-08 4.07822e-10  7.31325e-08 1.94253e-08 2.68787e-10  7.3639e-08 1.96225e-08 2.98243e-10  1.00537e-07 2.67926e-08 2.12503e-10  4.44479e-08 1.1746e-08 1.01467e-10  4.4155e-08 1.15268e-08 8.70457e-11  2.31258e-08 5.99638e-09 4.30333e-12  6.48313e-08 1.72056e-08 -6.89228e-11  9.15334e-08 2.71088e-08 9.46802e-10  2.75415e-08 8.02176e-09 -2.06992e-10  4.0758e-08 1.0857e-08 -5.51726e-10  0.00098479 0.000450748 -1.51742e-05  0 0 0  0.00114516 0.00052057 -1.04187e-05  0.000410433 0.000180649 6.53346e-06  0.000292793 0.000128485 8.84122e-06  0.000170214 7.48079e-05 5.22836e-06  0.000109879 4.89972e-05 2.33249e-06  6.6673e-05 3.0431e-05 8.89195e-07  6.06356e-05 2.8215e-05 4.24086e-07  0 0 0  6.23363e-05 2.88572e-05 2.37342e-07  5.47913e-05 2.53566e-05 1.22446e-07  4.2025e-05 1.94826e-05 2.34554e-07  3.05953e-05 1.41925e-05 1.35767e-07  1.75386e-05 8.14853e-06 1.25186e-07  1.21791e-05 5.66741e-06 1.38699e-07  1.21829e-05 5.64126e-06 1.07302e-07  1.21111e-05 5.6122e-06 1.22685e-07  9.90405e-06 4.58781e-06 7.14176e-08  7.46087e-06 3.45388e-06 4.79658e-08  5.29829e-06 2.45772e-06 4.89386e-08  4.31068e-06 1.99803e-06 4.94313e-08  3.76738e-06 1.74433e-06 3.64231e-08  2.7914e-06 1.29079e-06 3.32634e-08  1.98516e-06 9.16837e-07 3.01853e-08  1.44866e-06 6.70663e-07 1.31699e-08  1.06921e-06 4.9577e-07 1.1614e-08  7.88993e-07 3.65318e-07 8.5836e-09  5.50111e-07 2.55205e-07 8.20132e-09  4.41265e-07 2.04203e-07 3.78498e-09  3.09111e-07 1.43173e-07 4.33018e-09  2.33019e-07 1.08064e-07 2.97675e-09  1.92901e-07 8.92101e-08 1.49452e-09  1.44874e-07 6.7195e-08 1.36695e-09  1.05524e-07 4.88936e-08 7.91459e-10  8.79996e-08 4.07434e-08 5.00439e-10  6.28972e-08 2.91584e-08 4.34883e-10  4.71646e-08 2.18569e-08 2.59614e-10  4.76809e-08 2.2108e-08 2.1667e-10  4.31312e-08 2.00221e-08 1.14082e-10  4.03944e-08 1.8752e-08 1.35247e-10  3.45411e-08 1.60958e-08 1.10098e-10  3.07327e-08 1.42596e-08 1.63636e-10  2.95689e-08 1.33024e-08 2.05022e-11  4.73429e-08 2.11868e-08 -5.18093e-11  3.07982e-08 1.40796e-08 2.08811e-10  3.42082e-08 1.59956e-08 -6.06096e-10  1.06182e-08 5.39578e-09 1.84897e-10  1.04526e-08 4.5989e-09 7.98002e-11  0.000559837 0.000309025 -1.23169e-05  0.00136375 0.000727546 -4.09529e-05  0 0 0  0.00110334 0.000623255 -1.15156e-05  0.000708738 0.000398643 1.52896e-05  0.000460911 0.000260643 1.43644e-05  0.000251484 0.000142828 8.17754e-06  0.000142484 8.21775e-05 3.60548e-06  0.00011285 6.49437e-05 2.32595e-06  0.000122355 7.02329e-05 5.03072e-07  0.000116768 6.70875e-05 3.52497e-07  9.06081e-05 5.196e-05 4.07379e-07  6.66007e-05 3.82417e-05 4.23916e-07  3.99115e-05 2.2984e-05 3.56265e-07  2.6565e-05 1.53022e-05 3.00082e-07  2.26234e-05 1.30158e-05 2.1514e-07  2.40993e-05 1.38513e-05 2.46066e-07  2.16516e-05 1.24358e-05 2.16077e-07  1.70062e-05 9.77445e-06 1.21709e-07  1.12255e-05 6.46904e-06 1.32801e-07  9.24922e-06 5.30645e-06 8.75937e-08  7.70108e-06 4.42173e-06 8.2858e-08  6.03702e-06 3.46686e-06 9.29688e-08  4.48174e-06 2.57252e-06 4.57466e-08  3.12031e-06 1.78878e-06 3.91683e-08  2.25284e-06 1.29265e-06 2.63027e-08  1.79933e-06 1.03013e-06 2.10769e-08  1.19923e-06 6.88512e-07 1.89273e-08  9.12313e-07 5.23069e-07 1.21038e-08  6.71428e-07 3.85669e-07 1.04557e-08  5.12193e-07 2.95187e-07 6.83145e-09  4.29675e-07 2.47861e-07 4.25137e-09  3.30145e-07 1.90188e-07 3.14795e-09  2.4113e-07 1.38801e-07 1.98881e-09  1.77691e-07 1.01553e-07 1.41281e-09  1.4361e-07 8.33208e-08 9.73595e-10  1.17903e-07 6.7776e-08 8.30418e-10  8.75677e-08 4.90513e-08 4.63205e-10  6.58984e-08 3.7426e-08 3.26283e-10  6.81501e-08 3.89202e-08 3.02076e-10  8.02347e-08 4.6535e-08 2.16214e-10  6.97243e-08 4.11899e-08 2.37687e-10  4.7547e-08 2.84188e-08 2.30956e-10  1.88816e-08 1.27526e-08 1.49982e-10  1.90103e-08 1.24468e-08 3.03559e-11  2.64514e-08 1.76091e-08 -1.80683e-10  6.40275e-08 3.8132e-08 9.80114e-10  3.01976e-09 1.50085e-09 -1.02694e-10  6.67635e-10 3.66536e-10 -5.50329e-12  0.00143837 0.00107663 -3.87507e-05  0.000964945 0.000835405 -3.72352e-05  0.00113031 0.000806406 -6.99543e-06  0.000363209 0.000256463 5.76099e-06  0.000244891 0.000172801 9.08994e-06  0.000168907 0.000120924 6.05124e-06  8.22022e-05 5.88984e-05 2.58775e-06  0 0 0  5.55028e-05 3.93481e-05 9.20177e-07  5.6167e-05 3.89469e-05 3.6869e-07  5.89164e-05 4.10366e-05 2.00223e-07  5.20397e-05 3.63267e-05 1.48018e-07  3.74138e-05 2.60218e-05 2.35613e-07  2.2834e-05 1.58999e-05 2.35299e-07  1.61291e-05 1.12542e-05 1.44866e-07  1.17081e-05 8.12922e-06 1.32174e-07  1.0981e-05 7.65816e-06 1.08893e-07  1.09648e-05 7.63421e-06 1.25752e-07  9.02984e-06 6.28806e-06 7.13458e-08  6.25536e-06 4.36105e-06 9.22926e-08  4.81438e-06 3.35985e-06 7.06699e-08  3.85272e-06 2.68782e-06 6.18406e-08  3.2852e-06 2.29162e-06 5.64563e-08  2.54495e-06 1.77258e-06 4.07622e-08  1.67546e-06 1.16669e-06 2.5856e-08  1.2248e-06 8.54646e-07 1.83223e-08  9.24674e-07 6.44873e-07 1.59382e-08  7.45366e-07 5.20028e-07 1.02667e-08  4.90227e-07 3.41057e-07 8.26725e-09  3.90632e-07 2.72705e-07 5.49288e-09  2.85935e-07 1.98996e-07 4.37795e-09  2.29173e-07 1.59437e-07 2.98295e-09  1.89667e-07 1.32092e-07 1.73725e-09  1.30567e-07 9.08303e-08 1.32101e-09  9.33667e-08 6.51116e-08 9.54429e-10  7.91837e-08 5.51728e-08 6.66268e-10  6.94589e-08 4.83785e-08 6.05989e-10  4.76797e-08 3.32646e-08 4.06663e-10  3.63375e-08 2.53605e-08 2.26638e-10  3.24849e-08 2.26807e-08 2.07852e-10  2.89116e-08 2.02428e-08 1.9205e-10  3.12671e-08 2.19705e-08 1.8694e-10  4.1579e-08 2.92694e-08 7.46899e-11  4.47421e-08 3.02967e-08 -4.24387e-10  4.87244e-08 4.00778e-08 3.33837e-10  3.64527e-08 2.44945e-08 3.87695e-11  0 0 0  3.52237e-08 2.84853e-08 6.96969e-10  -4.9588e-09 -3.42483e-09 1.61706e-10  0.000767724 0.000822739 -2.35587e-05  0.000390157 0.000434704 6.83114e-07  0.000730518 0.000764881 -7.18926e-06  0.00062946 0.000614062 9.85194e-06  0.000478895 0.000475271 2.02037e-05  0.000336618 0.000329226 7.52136e-06  0.000174606 0.000170609 6.83392e-06  6.46473e-05 6.40341e-05 2.55414e-06  9.91836e-05 9.99329e-05 1.36791e-06  0.000101062 0.000101289 5.61021e-07  9.96899e-05 9.95671e-05 4.55905e-07  8.34243e-05 8.33391e-05 3.38247e-07  5.86158e-05 5.86379e-05 3.28384e-07  3.56099e-05 3.55739e-05 4.42897e-07  2.48355e-05 2.48627e-05 2.7572e-07  1.947e-05 1.94752e-05 2.61164e-07  1.88951e-05 1.89024e-05 2.12754e-07  1.8056e-05 1.8049e-05 1.56016e-07  1.49906e-05 1.49953e-05 1.33212e-07  1.00402e-05 1.00307e-05 1.80949e-07  7.81445e-06 7.80886e-06 1.43876e-07  6.40254e-06 6.39783e-06 1.32056e-07  5.38612e-06 5.38383e-06 1.1248e-07  3.92947e-06 3.92948e-06 5.03206e-08  2.78197e-06 2.7845e-06 3.87422e-08  1.98884e-06 1.98742e-06 3.5312e-08  1.46911e-06 1.46799e-06 3.0691e-08  1.15057e-06 1.15023e-06 1.87063e-08  7.78902e-07 7.7878e-07 1.60277e-08  6.13038e-07 6.1269e-07 9.67735e-09  5.02544e-07 5.02735e-07 6.08411e-09  3.92135e-07 3.92098e-07 4.3312e-09  3.1608e-07 3.16047e-07 2.50606e-09  1.98243e-07 1.98156e-07 2.77282e-09  1.54092e-07 1.53957e-07 1.77219e-09  1.43158e-07 1.43051e-07 1.05408e-09  1.14975e-07 1.14825e-07 1.18745e-09  8.51196e-08 8.49872e-08 7.15668e-10  6.54008e-08 6.5387e-08 4.53179e-10  5.17592e-08 5.1891e-08 3.61935e-10  4.83472e-08 4.86976e-08 3.34012e-10  6.95161e-08 7.04543e-08 4.29795e-10  8.43308e-08 8.62082e-08 6.21752e-10  5.66389e-08 5.68593e-08 -8.47522e-10  1.62521e-08 1.4635e-08 6.59971e-11  5.06115e-08 4.70119e-08 2.35145e-10  1.79494e-08 1.77594e-08 8.28538e-10  2.60829e-08 2.64877e-08 -1.3613e-09  2.24384e-09 2.33229e-09 2.76649e-10  0.000373986 0.000484473 -1.38229e-05  0.000685254 0.000899587 -3.84531e-05  0.000279625 0.000406769 1.06849e-05  0.0004442 0.000600938 -3.53004e-06  0.000582852 0.000768766 3.33943e-05  0.000152386 0.000216773 -1.7885e-06  8.62765e-05 0.000130908 3.6725e-06  5.13115e-05 7.56158e-05 2.91486e-06  4.18455e-05 6.04315e-05 5.3061e-07  4.19582e-05 6.05022e-05 3.13716e-07  3.84058e-05 5.5208e-05 1.67278e-07  3.09626e-05 4.43613e-05 1.98661e-07  2.05164e-05 2.94504e-05 2.00684e-07  1.25078e-05 1.79273e-05 1.3797e-07  7.88709e-06 1.13318e-05 1.42619e-07  7.83966e-06 1.12583e-05 9.12445e-08  7.8049e-06 1.12037e-05 1.09738e-07  7.18644e-06 1.0327e-05 1.04468e-07  5.71149e-06 8.19367e-06 6.03437e-08  3.62839e-06 5.2161e-06 8.74972e-08  2.89576e-06 4.15986e-06 6.73063e-08  2.52085e-06 3.61986e-06 4.24644e-08  2.01512e-06 2.89854e-06 4.94866e-08  1.37177e-06 1.97007e-06 2.51561e-08  1.03713e-06 1.48858e-06 1.70301e-08  7.18591e-07 1.03406e-06 2.00532e-08  5.80872e-07 8.3294e-07 1.18445e-08  3.96753e-07 5.70273e-07 9.28067e-09  3.05617e-07 4.38275e-07 6.0592e-09  2.3738e-07 3.40596e-07 3.80867e-09  1.76833e-07 2.54138e-07 3.26565e-09  1.49747e-07 2.14884e-07 1.82695e-09  1.04771e-07 1.5075e-07 1.76953e-09  7.76685e-08 1.11418e-07 1.07854e-09  6.55406e-08 9.41206e-08 8.15764e-10  5.68107e-08 8.16289e-08 5.94067e-10  4.78923e-08 6.88445e-08 3.86775e-10  3.61672e-08 5.19955e-08 3.22681e-10  3.58205e-08 5.15335e-08 1.55557e-10  2.76006e-08 3.97395e-08 1.16834e-10  2.06364e-08 2.97978e-08 3.57029e-11  2.33627e-08 3.40699e-08 -6.32687e-11  2.52222e-08 3.8219e-08 -1.90132e-10  2.24288e-08 2.72371e-08 6.5609e-10  3.16896e-08 3.88626e-08 -1.90027e-10  3.02395e-08 3.85816e-08 6.18666e-10  1.40966e-08 1.9056e-08 -5.66054e-10  2.06549e-08 2.58305e-08 2.29781e-10  -6.36512e-10 -8.22255e-10 -5.39649e-11  0.000584324 0.000922696 -1.96865e-05  0.000278871 0.000468832 7.7146e-07  0.000265726 0.000445003 -1.42881e-05  0.000341693 0.000614109 8.2416e-06  0.000137086 0.000274126 3.75498e-06  0.000110686 0.000165717 7.02205e-06  0 0 0  7.49911e-05 0.000112232 1.85927e-06  4.55953e-05 6.56058e-05 6.76538e-07  4.15878e-05 5.98035e-05 2.77826e-07  7.01693e-05 0.000122788 3.99182e-07  5.98479e-05 0.000104611 3.74314e-07  4.15057e-05 7.21651e-05 4.16629e-07  2.90713e-05 5.05424e-05 2.70856e-07  1.50204e-05 2.61137e-05 3.37857e-07  1.22511e-05 2.13593e-05 2.22985e-07  1.36518e-05 2.37856e-05 2.45033e-07  1.31481e-05 2.29151e-05 2.22953e-07  1.125e-05 1.9606e-05 1.81257e-07  7.81548e-06 1.36029e-05 1.31336e-07  5.38038e-06 9.38418e-06 1.54998e-07  4.68173e-06 8.13507e-06 8.40764e-08  3.83667e-06 6.68238e-06 1.13492e-07  2.95767e-06 5.15452e-06 8.34676e-08  1.99924e-06 3.47513e-06 4.61807e-08  1.36142e-06 2.36881e-06 4.96185e-08  1.1102e-06 1.93434e-06 3.26722e-08  7.81236e-07 1.36051e-06 2.29943e-08  5.90412e-07 1.0301e-06 1.50767e-08  4.88717e-07 8.42012e-07 7.47267e-09  3.31791e-07 5.76528e-07 8.07273e-09  2.75754e-07 4.80353e-07 5.09874e-09  1.98159e-07 3.44743e-07 4.47063e-09  1.57432e-07 2.74146e-07 2.96712e-09  1.28008e-07 2.22927e-07 1.35719e-09  1.10547e-07 1.93289e-07 1.48699e-09  9.09459e-08 1.58612e-07 1.0066e-09  6.86774e-08 1.16805e-07 5.53789e-10  5.61086e-08 9.80386e-08 5.03221e-10  5.68139e-08 9.85939e-08 2.52198e-10  5.05688e-08 8.74065e-08 2.54661e-10  3.98533e-08 7.09306e-08 2.03529e-10  2.1141e-08 3.13246e-08 5.22003e-10  6.02005e-08 9.97823e-08 6.22856e-10  3.86971e-08 6.75741e-08 -4.76927e-10  1.21806e-08 2.03683e-08 -4.45759e-10  1.0483e-08 1.65829e-08 6.43066e-10  1.24125e-08 2.13296e-08 -2.4714e-10  1.33465e-08 2.38696e-08 -9.02225e-11  0.000846071 0.00197999 -3.71058e-05  0.000405187 0.000973391 -2.76446e-05  0.000381857 0.000952494 -1.90119e-06  0.000336948 0.00084096 -3.64188e-06  0.000302894 0.000723182 1.17648e-05  0.000240415 0.000539058 2.37261e-05  7.93796e-05 0.000185568 5.25416e-06  7.75331e-05 0.000180848 3.05113e-06  6.15125e-05 0.000137464 1.33993e-06  5.80411e-05 0.000127425 6.11136e-07  2.77307e-05 6.03202e-05 1.2891e-07  2.23743e-05 4.85786e-05 1.45247e-07  1.41198e-05 3.05832e-05 1.99163e-07  8.29841e-06 1.81032e-05 1.45188e-07  5.5407e-06 1.19728e-05 1.33223e-07  5.44795e-06 1.18438e-05 9.71795e-08  5.64379e-06 1.22328e-05 9.79952e-08  5.12953e-06 1.11123e-05 1.02965e-07  3.94195e-06 8.56342e-06 8.31196e-08  2.64739e-06 5.75308e-06 6.76158e-08  2.05071e-06 4.44167e-06 4.61203e-08  1.80663e-06 3.92119e-06 4.45729e-08  1.4121e-06 3.05701e-06 4.78484e-08  9.4664e-07 2.05369e-06 2.67279e-08  7.02786e-07 1.52606e-06 1.80945e-08  5.08279e-07 1.09869e-06 1.93505e-08  4.07937e-07 8.85348e-07 9.09048e-09  2.82974e-07 6.12174e-07 8.88732e-09  2.21929e-07 4.81882e-07 5.73015e-09  1.6341e-07 3.54515e-07 3.0368e-09  1.23095e-07 2.66207e-07 3.05082e-09  1.061e-07 2.29961e-07 1.42517e-09  7.39874e-08 1.59932e-07 1.7767e-09  5.67424e-08 1.22827e-07 8.1432e-10  5.00619e-08 1.08409e-07 9.14614e-10  3.73058e-08 8.08936e-08 5.40135e-10  2.74034e-08 5.93031e-08 3.61948e-10  2.50908e-08 5.43348e-08 1.86324e-10  2.31917e-08 5.01545e-08 9.15296e-11  2.11227e-08 4.55986e-08 1.74005e-10  1.86674e-08 4.03849e-08 1.93802e-10  1.60545e-08 3.48336e-08 -4.16168e-11  3.00077e-08 6.919e-08 1.17701e-09  1.89798e-08 4.84924e-08 -1.19156e-09  1.63233e-08 4.37389e-08 6.52712e-10  1.62294e-08 3.78629e-08 1.15688e-10  7.19182e-09 1.69663e-08 5.71271e-11  3.63294e-09 9.79814e-09 -3.0199e-10  5.72058e-09 1.55707e-08 1.81061e-10  0.000276645 0.00109624 -1.955e-05  0.000138763 0.00054953 -2.99468e-05  0.000129676 0.000536165 1.50953e-05  0.000121054 0.000502009 -1.4461e-05  0.000117081 0.000435337 1.85765e-05  9.91728e-05 0.000375565 3.03741e-07  3.90805e-05 0.00017381 8.03e-06  1.6052e-05 6.39285e-05 1.40807e-06  2.8739e-05 0.00011249 9.75412e-07  3.28745e-05 0.000125648 5.74916e-07  3.34121e-05 0.000125834 3.94253e-07  2.87029e-05 0.000107471 4.48977e-07  1.86424e-05 6.95025e-05 3.934e-07  1.01436e-05 3.76339e-05 2.9785e-07  6.21957e-06 2.32401e-05 2.7992e-07  6.11559e-06 2.27741e-05 2.18288e-07  6.70705e-06 2.50312e-05 2.54871e-07  6.4715e-06 2.41426e-05 1.69849e-07  4.95278e-06 1.84907e-05 1.86234e-07  3.25332e-06 1.21214e-05 1.3869e-07  2.43303e-06 9.08992e-06 1.17858e-07  2.11925e-06 7.91066e-06 1.02254e-07  1.75934e-06 6.56727e-06 7.66813e-08  1.17988e-06 4.40516e-06 5.82527e-08  8.49807e-07 3.1706e-06 4.08146e-08  6.44155e-07 2.40389e-06 2.87397e-08  4.91689e-07 1.83566e-06 2.03847e-08  3.64139e-07 1.3586e-06 1.65983e-08  2.60395e-07 9.72031e-07 1.38331e-08  2.01649e-07 7.51816e-07 6.78328e-09  1.52843e-07 5.70173e-07 4.84491e-09  1.19355e-07 4.46241e-07 5.10021e-09  9.58121e-08 3.57637e-07 3.74369e-09  7.71424e-08 2.87634e-07 2.00249e-09  6.49526e-08 2.42413e-07 1.67341e-09  4.36796e-08 1.62741e-07 1.27646e-09  3.43462e-08 1.28235e-07 9.16376e-10  2.83249e-08 1.05709e-07 7.40236e-10  2.69842e-08 1.00229e-07 4.09652e-10  2.60341e-08 9.54177e-08 2.38002e-10  2.57079e-08 9.46968e-08 2.76362e-10  2.48066e-08 9.45765e-08 9.76462e-10  9.87019e-09 3.75061e-08 -7.91203e-10  1.40374e-08 4.61582e-08 1.80881e-09  1.02612e-08 3.44837e-08 -1.14863e-09  6.09926e-09 2.36194e-08 6.23969e-10  4.82747e-09 1.86042e-08 -4.88091e-10  4.59294e-09 1.75808e-08 5.28498e-10  3.11446e-09 1.19205e-08 -4.33294e-10  0.000159721 0.00101718 -1.97728e-05  8.27909e-05 0.00055808 1.68217e-06  8.39052e-05 0.000564416 -1.45438e-05  7.43467e-05 0.000495885 1.16594e-05  7.11482e-05 0.000475416 -5.18498e-06  5.87274e-05 0.000355386 2.17482e-05  3.7532e-05 0.00021678 -2.49018e-07  2.50348e-05 0.000167134 3.08546e-06  4.07858e-06 5.47449e-05 1.1322e-06  5.06007e-06 5.76324e-05 6.97896e-07  5.85792e-06 6.10789e-05 2.59919e-07  1.12994e-05 0.000115536 3.74302e-07  7.74184e-06 7.81864e-05 3.71701e-07  4.5107e-06 4.59498e-05 3.00844e-07  2.31978e-06 2.30834e-05 3.36945e-07  2.10061e-06 2.12603e-05 2.27922e-07  2.4562e-06 2.45592e-05 2.51387e-07  2.50601e-06 2.51142e-05 1.99028e-07  2.03904e-06 2.05014e-05 1.66974e-07  1.34399e-06 1.35475e-05 1.39405e-07  9.46813e-07 9.46301e-06 1.24855e-07  8.0284e-07 8.06873e-06 9.61303e-08  6.95274e-07 6.98389e-06 9.04735e-08  5.17875e-07 5.20993e-06 6.22606e-08  3.59963e-07 3.5867e-06 4.21973e-08  2.47785e-07 2.48639e-06 3.92689e-08  1.96602e-07 1.96695e-06 2.6317e-08  1.41993e-07 1.42456e-06 2.18294e-08  1.10533e-07 1.10346e-06 1.43026e-08  7.85243e-08 7.90808e-07 9.74858e-09  5.96634e-08 5.97642e-07 7.78886e-09  4.65515e-08 4.64466e-07 5.36266e-09  3.6805e-08 3.66349e-07 4.10218e-09  2.82194e-08 2.82682e-07 3.08667e-09  2.42576e-08 2.42658e-07 1.66806e-09  1.70066e-08 1.70313e-07 1.37776e-09  1.22052e-08 1.22292e-07 1.14649e-09  1.14994e-08 1.15013e-07 8.16528e-10  9.26816e-09 9.40991e-08 6.50063e-10  1.39946e-08 1.37675e-07 1.19851e-10  9.8757e-09 9.29154e-08 1.12324e-09  4.28444e-09 5.0795e-08 -2.85546e-10  6.05109e-09 3.58088e-08 1.06577e-09  5.8274e-09 3.54013e-08 -9.66576e-10  4.76074e-09 2.90623e-08 8.34306e-10  5.47144e-09 3.39223e-08 -9.24413e-10  3.84991e-09 2.47055e-08 7.12628e-10  4.09721e-09 2.65666e-08 -7.69721e-10  3.52988e-09 2.28721e-08 8.60202e-11  -0.000170292 0.00108526 -1.81323e-05  -8.64068e-05 0.00055544 -3.00441e-05  -9.10354e-05 0.000581835 1.84679e-05  -8.34878e-05 0.000536975 -1.75264e-05  -6.65391e-05 0.000422898 1.86878e-05  -5.07862e-05 0.000325432 -6.37656e-07  -3.81478e-05 0.000323766 8.27809e-06  -1.76791e-05 0.000128821 3.13145e-06  -9.83683e-06 0.000104499 1.16231e-06  -4.70736e-06 6.55793e-05 -1.84812e-07  -1.68051e-05 0.00012005 5.16513e-07  -1.34868e-05 9.66329e-05 3.97583e-07  -8.65048e-06 6.26142e-05 4.47266e-07  -5.93163e-06 3.95968e-05 3.05571e-07  -3.24065e-06 2.4205e-05 2.38977e-07  -2.82781e-06 2.27475e-05 2.13002e-07  -3.02706e-06 2.43481e-05 2.0102e-07  -2.9034e-06 2.25284e-05 1.9332e-07  -2.36999e-06 1.74439e-05 1.36247e-07  -1.60128e-06 1.15903e-05 1.59425e-07  -1.14896e-06 8.84332e-06 1.30055e-07  -9.80642e-07 7.51531e-06 9.8265e-08  -8.3841e-07 6.28673e-06 7.09996e-08  -6.36613e-07 4.62106e-06 5.01748e-08  -4.29537e-07 3.1398e-06 4.42198e-08  -3.0565e-07 2.28661e-06 3.2448e-08  -2.3894e-07 1.76725e-06 2.47357e-08  -1.71533e-07 1.27243e-06 1.76999e-08  -1.28092e-07 9.59562e-07 1.08462e-08  -9.88949e-08 7.24097e-07 9.53943e-09  -7.18591e-08 5.37507e-07 6.9234e-09  -5.5458e-08 4.12894e-07 4.65324e-09  -4.13503e-08 3.15097e-07 3.19485e-09  -3.44266e-08 2.65387e-07 2.11382e-09  -2.8666e-08 1.98094e-07 1.72433e-09  -1.83273e-08 1.36689e-07 1.32722e-09  -3.03171e-08 1.90189e-07 1.13201e-09  -1.35765e-08 9.59978e-08 4.56223e-10  -3.14371e-09 4.91643e-08 5.03701e-10  -3.71895e-09 5.63947e-08 -6.04072e-11  0 0 0  -7.19906e-09 7.41997e-08 3.13049e-10  -1.18426e-08 7.03462e-08 2.66777e-10  -8.07588e-09 5.58961e-08 1.7564e-09  -7.48093e-09 4.967e-08 -1.42584e-09  -6.30687e-09 4.24585e-08 1.25812e-09  -5.44749e-09 3.62295e-08 -1.03287e-09  -4.98145e-09 3.27342e-08 9.82301e-10  -4.29431e-09 2.8085e-08 -7.89479e-10  -0.000257733 0.00101404 -1.79144e-05  -0.000141108 0.000546741 2.60046e-06  -0.000148438 0.000575284 -1.58681e-05  -0.0001286 0.000498397 1.305e-05  -0.000115541 0.000449878 -6.35837e-06  -0.000127764 0.000468653 1.66372e-05  -1.54347e-05 8.0478e-05 4.68293e-07  -2.22764e-05 6.77293e-05 2.98303e-06  -2.79994e-05 0.000102383 1.13659e-06  -2.78645e-05 0.000117018 5.6929e-07  -3.03496e-05 0.000107287 2.73349e-07  -2.23529e-05 8.12506e-05 3.55919e-07  -1.47852e-05 5.40061e-05 3.53752e-07  -8.80712e-06 3.20647e-05 2.5948e-07  -5.98358e-06 2.16895e-05 2.85515e-07  -6.26987e-06 2.283e-05 1.83918e-07  -6.39199e-06 2.32787e-05 1.80204e-07  -5.55246e-06 2.02895e-05 1.6989e-07  -3.87562e-06 1.42173e-05 1.55601e-07  -2.88806e-06 1.05326e-05 1.17612e-07  -2.20084e-06 8.02179e-06 1.12184e-07  -1.90904e-06 6.96668e-06 7.70056e-08  -1.49415e-06 5.45957e-06 4.36489e-08  -1.01137e-06 3.70736e-06 4.375e-08  -6.97531e-07 2.55163e-06 3.46125e-08  -5.76489e-07 2.10027e-06 2.31621e-08  -4.27269e-07 1.56138e-06 1.85692e-08  -3.10955e-07 1.13617e-06 1.15918e-08  -2.30744e-07 8.43197e-07 1.10129e-08  -1.75833e-07 6.41347e-07 8.6011e-09  -1.3573e-07 4.91211e-07 4.99112e-09  -1.02563e-07 3.75402e-07 3.71851e-09  -8.51186e-08 3.10318e-07 3.04205e-09  -6.76609e-08 2.45156e-07 2.01143e-09  -4.67834e-08 1.69522e-07 1.52028e-09  -3.79222e-08 1.34604e-07 1.13333e-09  -1.25434e-08 6.0921e-08 3.97809e-10  -3.01534e-08 1.07166e-07 5.10203e-10  -2.13793e-08 9.50223e-08 6.23456e-10  -2.54079e-08 1.03739e-07 1.60476e-09  -1.95147e-08 8.26768e-08 -1.19596e-09  -2.0671e-08 7.02438e-08 5.3199e-10  0 0 0  -2.26791e-08 8.62455e-08 -1.03555e-10  -1.17219e-08 4.63534e-08 1.45587e-09  -1.10567e-08 4.32967e-08 -1.27506e-09  -1.05931e-08 4.12964e-08 1.25645e-09  -1.05746e-08 4.10859e-08 -1.24625e-09  -7.6213e-09 2.94909e-08 3.13699e-10  -0.000837152 0.00195419 -3.50571e-05  -0.000438727 0.00101946 -2.7305e-05  -0.000442919 0.00103091 1.83623e-06  -0.000408521 0.000956074 -5.10879e-06  -0.000349766 0.000808385 1.24878e-05  -0.000113622 0.00030744 -6.72467e-07  -9.54383e-05 0.000238241 9.0296e-06  -4.31721e-05 0.00010772 1.84935e-06  -4.66053e-05 0.000105122 6.29735e-07  -4.41575e-05 0.000110819 1.87434e-07  -1.96169e-05 5.17119e-05 -2.82394e-07  -3.38042e-05 7.83038e-05 3.93496e-07  -2.39219e-05 5.52939e-05 3.83288e-07  -1.50081e-05 3.43631e-05 2.62747e-07  -1.01451e-05 2.33212e-05 2.64705e-07  -9.324e-06 2.15286e-05 1.94056e-07  -9.55094e-06 2.20726e-05 1.94314e-07  -8.63641e-06 1.99364e-05 1.83564e-07  -6.4834e-06 1.48938e-05 1.22304e-07  -4.45376e-06 1.03239e-05 1.26024e-07  -3.39904e-06 7.86855e-06 1.06863e-07  -3.00819e-06 6.92848e-06 7.71395e-08  -2.31393e-06 5.35204e-06 6.49785e-08  -1.6265e-06 3.76003e-06 4.75554e-08  -1.11495e-06 2.57037e-06 3.86491e-08  -8.75084e-07 2.02596e-06 2.80912e-08  -6.90809e-07 1.58965e-06 1.81339e-08  -5.0672e-07 1.16532e-06 1.32254e-08  -3.64147e-07 8.41256e-07 1.03627e-08  -2.82793e-07 6.50881e-07 9.28167e-09  -2.14489e-07 4.98133e-07 5.16448e-09  -1.62392e-07 3.73419e-07 4.08091e-09  -1.35864e-07 3.12646e-07 3.29883e-09  -1.01077e-07 2.3436e-07 1.95906e-09  -7.34875e-08 1.67596e-07 1.51418e-09  -2.26576e-08 6.34749e-08 9.3981e-10  -4.54471e-08 1.22851e-07 1.1252e-09  -1.75481e-08 4.75102e-08 -1.82705e-10  -4.77191e-08 1.21413e-07 1.22724e-09  -1.43784e-08 3.49094e-08 -2.81827e-10  -1.62367e-08 3.8971e-08 6.89563e-10  -1.68283e-08 4.05321e-08 -8.82219e-10  -2.23002e-08 5.77218e-08 2.4829e-10  -1.44519e-08 3.94359e-08 1.26461e-09  -3.27221e-08 7.73682e-08 3.42025e-12  -3.14584e-08 7.44852e-08 1.58381e-10  -3.39768e-08 8.06593e-08 -1.95251e-10  -2.39548e-08 5.69185e-08 2.15035e-10  -1.62768e-08 3.85073e-08 -6.20128e-10  -0.00059927 0.000951853 -1.83686e-05  -0.000292346 0.000466299 -3.03829e-05  -0.000301809 0.000481755 1.76537e-05  -0.000282946 0.000451059 -1.80556e-05  -0.000380917 0.000606084 1.59802e-05  -0.000214539 0.000427607 1.6441e-05  -0.000144613 0.000221841 8.33418e-06  -7.8195e-05 0.000143167 4.07975e-06  -3.20948e-05 5.10923e-05 1.40206e-06  -5.78057e-05 9.7297e-05 7.92752e-08  -5.00464e-05 9.17722e-05 8.06925e-08  -2.09478e-05 3.97807e-05 6.12517e-08  -1.49184e-05 2.89043e-05 2.82336e-07  -9.81023e-06 1.88835e-05 1.76369e-07  -6.52106e-06 1.24699e-05 1.34662e-07  -5.27859e-06 1.01309e-05 1.10065e-07  -5.52445e-06 1.06137e-05 1.09846e-07  -5.29402e-06 1.01717e-05 1.10344e-07  -4.17848e-06 8.02612e-06 5.31729e-08  -2.81745e-06 5.41031e-06 6.70577e-08  -2.04938e-06 3.93974e-06 5.40001e-08  -1.76241e-06 3.38625e-06 4.46926e-08  -1.46596e-06 2.81676e-06 4.76368e-08  -1.08437e-06 2.08e-06 3.60115e-08  -7.17233e-07 1.37772e-06 2.61175e-08  -5.37463e-07 1.03222e-06 1.94024e-08  -4.38654e-07 8.42733e-07 1.06088e-08  -3.21387e-07 6.16928e-07 9.15799e-09  -2.36048e-07 4.52631e-07 7.26218e-09  -1.87157e-07 3.59874e-07 3.69595e-09  -1.43565e-07 2.75593e-07 2.65621e-09  -1.03751e-07 1.99195e-07 2.24468e-09  -8.50842e-08 1.63417e-07 1.17348e-09  -6.31612e-08 1.21318e-07 1.18759e-09  -4.18526e-08 8.01558e-08 7.16422e-10  -7.43769e-08 1.40022e-07 1.05924e-09  -7.47259e-08 1.34009e-07 1.59468e-09  -1.05535e-07 1.88228e-07 1.0752e-10  -5.62814e-08 9.23442e-08 1.37879e-09  -3.02998e-08 5.52639e-08 1.11296e-09  -4.50005e-08 8.00217e-08 -4.06099e-10  -7.10835e-08 1.24581e-07 -9.09045e-10  -2.79003e-08 4.36938e-08 2.64089e-10  -4.52347e-08 8.44098e-08 8.30404e-10  -2.00031e-08 3.20729e-08 -1.0864e-09  -2.12856e-08 3.42719e-08 1.21464e-09  -1.7295e-08 2.78119e-08 -9.71167e-10  -1.09542e-08 1.76542e-08 6.04669e-10  -7.25841e-09 1.16474e-08 -4.81545e-10  -0.000634265 0.000820216 -2.09239e-05  -0.000340141 0.000440666 2.40654e-06  -0.000343912 0.00044472 -1.60695e-05  -0.00030997 0.000401349 1.23784e-05  -0.000261614 0.000338819 -7.44786e-06  -0.000308249 0.000392042 1.60915e-05  0 0 0  -0.000152657 0.000192575 6.37349e-06  -3.74041e-05 5.3066e-05 -8.52684e-07  -3.38812e-05 4.26575e-05 9.12352e-07  -5.82677e-05 7.66135e-05 6.65985e-08  -4.95874e-05 6.94171e-05 2.67291e-07  -3.99426e-05 5.60919e-05 5.35272e-07  -2.87138e-05 3.96442e-05 3.01237e-07  -1.69972e-05 2.33776e-05 2.99344e-07  -1.38826e-05 1.91406e-05 2.40026e-07  -1.38514e-05 1.91244e-05 2.09725e-07  -1.40518e-05 1.94591e-05 2.31738e-07  -1.16346e-05 1.60983e-05 1.54343e-07  -7.67499e-06 1.06323e-05 1.45194e-07  -5.62393e-06 7.78886e-06 1.16428e-07  -4.63199e-06 6.41519e-06 9.37039e-08  -3.97633e-06 5.50363e-06 8.24087e-08  -3.01468e-06 4.17677e-06 8.03023e-08  -1.98534e-06 2.74774e-06 5.37903e-08  -1.45131e-06 2.00955e-06 4.2208e-08  -1.16752e-06 1.61591e-06 2.57214e-08  -8.59738e-07 1.19036e-06 1.99998e-08  -6.21018e-07 8.60121e-07 1.68922e-08  -4.9055e-07 6.79931e-07 7.62738e-09  -3.74711e-07 5.19775e-07 6.28775e-09  -2.81239e-07 3.90812e-07 5.0637e-09  -2.20057e-07 3.05696e-07 2.62279e-09  -2.10746e-07 2.92039e-07 3.58611e-09  -9.74295e-08 1.34475e-07 8.18182e-10  -9.32246e-08 1.26147e-07 2.54354e-09  -5.96564e-08 7.60066e-08 -1.16704e-09  -7.35927e-08 8.66922e-08 4.52869e-10  -4.95134e-08 5.97908e-08 -7.21031e-10  -2.19248e-08 2.78389e-08 1.02254e-09  -2.24199e-08 2.86185e-08 -8.82104e-10  -6.88838e-08 8.62279e-08 5.06285e-10  0 0 0  -3.9934e-08 5.12077e-08 1.369e-10  -2.05438e-08 2.66633e-08 1.01901e-09  -2.408e-08 3.11728e-08 -1.14625e-09  -2.26471e-08 2.93416e-08 1.10081e-09  -1.94613e-08 2.518e-08 -9.47076e-10  -3.86231e-09 5.00162e-09 1.64394e-10  -0.000784347 0.000834949 -1.84341e-05  -0.000385858 0.000409128 -3.10902e-05  -0.000382936 0.000406218 1.65497e-05  -0.000348107 0.000368802 -1.76161e-05  -0.000495348 0.000525011 1.64324e-05  0 0 0  -0.000190942 0.000196995 8.7746e-06  -5.63218e-05 5.5072e-05 2.88363e-06  -8.54367e-05 8.94398e-05 9.34481e-07  -7.71495e-05 7.79971e-05 1.56247e-07  -9.57242e-05 9.32221e-05 -4.40023e-07  -4.68447e-05 5.04188e-05 1.22953e-06  -4.99632e-05 5.10043e-05 2.15973e-07  -3.47802e-05 3.50837e-05 2.20068e-07  -2.12336e-05 2.13549e-05 2.94471e-07  -1.73214e-05 1.74323e-05 2.48203e-07  -1.79693e-05 1.81859e-05 2.34876e-07  -1.71045e-05 1.73248e-05 2.43233e-07  -1.35793e-05 1.37605e-05 1.73222e-07  -9.25959e-06 9.38115e-06 1.03592e-07  -6.87353e-06 6.9559e-06 8.45076e-08  -5.84296e-06 5.92427e-06 1.04339e-07  -4.72867e-06 4.79289e-06 9.49635e-08  -3.51862e-06 3.56338e-06 6.45345e-08  -2.40858e-06 2.44204e-06 4.72888e-08  -1.71664e-06 1.73595e-06 3.84884e-08  -1.34024e-06 1.35554e-06 2.74564e-08  -1.02874e-06 1.04225e-06 1.47274e-08  -7.58591e-07 7.70018e-07 1.4716e-08  -5.88995e-07 5.98047e-07 9.83287e-09  -4.44046e-07 4.52342e-07 6.20822e-09  -3.24122e-07 3.30337e-07 5.05788e-09  -2.65897e-07 2.71341e-07 3.1333e-09  -1.88658e-07 1.92194e-07 2.16115e-09  -1.48021e-07 1.49667e-07 1.7149e-09  -1.28128e-07 1.29658e-07 -4.3166e-10  -1.43999e-07 1.47858e-07 1.22528e-09  -1.25886e-07 1.30265e-07 -2.86464e-10  -3.93095e-08 4.23016e-08 2.26097e-09  -3.46188e-08 3.67772e-08 -1.34324e-09  -2.94162e-08 3.02337e-08 1.19978e-09  -4.31689e-08 4.44154e-08 -1.57651e-09  -6.03373e-08 6.25654e-08 4.17131e-10  0 0 0  -4.44934e-08 4.68384e-08 2.77631e-10  -2.11615e-08 2.2323e-08 9.23657e-10  -2.42839e-08 2.5575e-08 -1.04971e-09  -1.81173e-08 1.90686e-08 7.75829e-10  -9.99952e-09 1.05033e-08 -5.86866e-10  -0.00173571 0.00134106 -3.72535e-05  -0.000896156 0.000696546 -2.87056e-05  -0.000883217 0.000687012 1.25572e-07  -0.000791153 0.000613183 -4.60458e-06  -0.000941546 0.000707069 7.85753e-06  -0.000369436 0.000317179 1.89181e-05  -0.000232411 0.000159659 8.68434e-06  -0.000205577 0.000161624 7.15673e-06  -4.48688e-05 3.53412e-05 1.8301e-06  -4.20869e-05 3.32714e-05 -1.05955e-06  -7.26886e-05 5.37799e-05 4.1605e-07  -7.72813e-05 6.23654e-05 1.26481e-06  -5.34431e-05 3.94781e-05 3.95036e-07  -3.72387e-05 2.69825e-05 3.34356e-07  -2.37311e-05 1.71932e-05 2.65783e-07  -2.02396e-05 1.47478e-05 2.65255e-07  -2.12513e-05 1.54741e-05 2.57836e-07  -2.02226e-05 1.47403e-05 2.27431e-07  -1.54516e-05 1.12606e-05 2.05263e-07  -1.06763e-05 7.77226e-06 1.68594e-07  -8.0542e-06 5.86915e-06 1.11718e-07  -6.88574e-06 5.0195e-06 1.1051e-07  -5.57089e-06 4.06319e-06 9.71911e-08  -4.06481e-06 2.96019e-06 6.76847e-08  -2.75266e-06 2.00381e-06 5.03933e-08  -2.0221e-06 1.47458e-06 3.91596e-08  -1.54613e-06 1.12677e-06 2.89856e-08  -1.1628e-06 8.47714e-07 1.47391e-08  -8.42486e-07 6.15996e-07 1.52022e-08  -6.64458e-07 4.87064e-07 1.07035e-08  -4.99121e-07 3.66572e-07 7.02136e-09  -3.83805e-07 2.83024e-07 4.85537e-09  -2.87748e-07 2.12983e-07 3.00586e-09  -2.08461e-07 1.55501e-07 1.3192e-09  -1.78235e-07 1.31307e-07 1.50058e-09  -1.8776e-07 1.46186e-07 8.43484e-10  -8.98204e-08 6.76509e-08 4.62834e-09  -7.56979e-08 5.63821e-08 -3.16917e-09  -9.93737e-08 7.7258e-08 5.76505e-10  -8.25259e-08 6.38514e-08 2.63314e-10  -4.83944e-08 3.69266e-08 2.96908e-10  -1.15232e-07 9.18773e-08 -6.38579e-10  -6.53591e-08 4.51494e-08 -6.39818e-12  -6.0932e-08 5.21063e-08 -4.0368e-11  -6.78995e-08 5.02363e-08 1.21692e-09  -2.23142e-08 1.77998e-08 -1.80612e-10  -4.09569e-08 3.22794e-08 2.22114e-10  -4.57486e-08 3.59417e-08 -2.07289e-10  -1.09591e-08 7.98143e-09 -2.56999e-10  -0.000940326 0.000515659 -2.15797e-05  -0.000508602 0.000281825 2.86342e-06  -0.000508418 0.000280853 -1.62488e-05  -0.000447486 0.000247914 1.26307e-05  -0.000390464 0.000216362 -7.00341e-06  -0.000425302 0.000233753 1.71805e-05  0 0 0  -0.000155199 8.4021e-05 4.42886e-06  -0.000109237 6.50019e-05 1.17318e-06  -0.000100632 5.7938e-05 1.07966e-07  -0.000132581 7.25236e-05 -4.63082e-07  -6.15021e-05 3.76748e-05 3.81958e-07  -5.46106e-05 2.85521e-05 7.74073e-07  -2.64003e-05 1.26501e-05 4.09274e-08  -1.34826e-05 6.6514e-06 2.05338e-07  -1.10481e-05 5.45597e-06 1.91857e-07  -1.18013e-05 5.84052e-06 1.28982e-07  -1.17607e-05 5.81176e-06 1.04976e-07  -9.66804e-06 4.78177e-06 1.14656e-07  -6.77661e-06 3.3556e-06 9.32576e-08  -4.66899e-06 2.31313e-06 7.42123e-08  -4.12207e-06 2.04166e-06 4.48228e-08  -3.43413e-06 1.69988e-06 5.52983e-08  -2.5422e-06 1.25901e-06 3.97545e-08  -1.70738e-06 8.44898e-07 2.5902e-08  -1.2129e-06 5.98744e-07 2.044e-08  -9.42121e-07 4.65061e-07 1.42444e-08  -6.98023e-07 3.45809e-07 9.69906e-09  -4.82429e-07 2.40183e-07 9.42327e-09  -3.78393e-07 1.89046e-07 7.278e-09  -2.97648e-07 1.48632e-07 4.4377e-09  -2.44118e-07 1.22017e-07 2.85015e-09  -1.89098e-07 9.55902e-08 1.54482e-09  -2.12254e-07 1.11009e-07 1.37377e-09  -8.25875e-08 4.43397e-08 4.31736e-10  -1.68739e-07 1.02297e-07 2.33248e-09  -1.74205e-07 9.92405e-08 1.22292e-09  -5.34334e-08 3.02374e-08 2.05496e-09  -5.45854e-08 3.083e-08 -1.64787e-09  -3.52732e-08 1.95422e-08 1.36898e-09  -3.3219e-08 1.83896e-08 -9.11753e-10  -7.13218e-08 3.92094e-08 2.33654e-10  0 0 0  -6.6872e-08 3.70699e-08 1.77306e-10  -1.25077e-08 6.96731e-09 4.70255e-10  -7.46437e-09 4.13843e-09 -2.31917e-10  -1.07999e-08 6.03731e-09 3.9851e-10  -7.69702e-09 4.2807e-09 -2.99601e-10  2.4524e-08 -1.35954e-08 -2.05778e-10  -0.0010218 0.000442083 -1.88026e-05  -0.000528496 0.000227078 -3.18887e-05  -0.000532284 0.000229122 1.75063e-05  -0.000486643 0.000209918 -1.83279e-05  -0.000669919 0.000290119 1.79961e-05  0 0 0  -0.000255954 0.000109455 9.50917e-06  -6.23864e-05 2.61567e-05 2.96999e-06  -6.0188e-05 2.51605e-05 -1.26899e-06  -5.56964e-05 2.26389e-05 1.70142e-06  -5.16807e-05 2.10298e-05 -1.07461e-06  -8.091e-05 3.27068e-05 5.4503e-07  -3.31505e-05 1.62591e-05 9.3987e-07  -2.05579e-05 9.87897e-06 -6.10744e-08  -1.21245e-05 6.00598e-06 1.34293e-07  -1.21062e-05 5.99765e-06 1.4697e-07  -1.24465e-05 6.15398e-06 1.0482e-07  -1.09656e-05 5.42605e-06 9.38109e-08  -8.0161e-06 3.97022e-06 1.10475e-07  -5.33603e-06 2.64463e-06 8.71814e-08  -4.41352e-06 2.18354e-06 4.93909e-08  -3.76098e-06 1.86319e-06 6.16699e-08  -2.91205e-06 1.44252e-06 4.67014e-08  -1.9694e-06 9.75283e-07 3.24788e-08  -1.37808e-06 6.79369e-07 2.41409e-08  -1.05604e-06 5.22082e-07 1.65026e-08  -7.9712e-07 3.94482e-07 1.0555e-08  -5.57167e-07 2.76887e-07 1.01103e-08  -4.16758e-07 2.08109e-07 8.08811e-09  -3.34084e-07 1.67136e-07 4.94962e-09  -2.6347e-07 1.31834e-07 3.30716e-09  -2.07053e-07 1.03677e-07 1.26992e-09  -3.25354e-07 1.31162e-07 2.44816e-09  -1.13424e-07 3.91786e-08 2.74095e-09  -1.81547e-07 7.59204e-08 1.09281e-09  -1.49286e-07 6.35007e-08 8.37862e-10  0 0 0  -1.53286e-07 6.80382e-08 1.46326e-09  -6.21288e-08 2.68804e-08 2.20388e-09  -5.95559e-08 2.57665e-08 -1.71973e-09  -3.95375e-08 1.68925e-08 1.36025e-09  -4.11109e-08 1.75393e-08 -1.21558e-09  -7.31018e-08 3.12455e-08 -5.62693e-11  0 0 0  -4.17324e-08 1.79601e-08 2.39797e-10  -9.70795e-09 4.18622e-09 2.84442e-10  -1.4345e-08 6.16179e-09 -4.57266e-10  -1.93399e-09 8.7582e-10 1.58213e-11  1.03546e-08 -4.42547e-09 6.59553e-11  -0.00207853 0.000535686 -3.38106e-05  -0.00108678 0.00028192 -2.85408e-05  -0.00108919 0.000282449 1.55222e-06  -0.000984581 0.000253353 -5.29296e-06  -0.00112879 0.000274365 9.42675e-06  -0.000471483 0.000148317 1.84911e-05  -0.000273746 5.58315e-05 1.00711e-05  -0.000229478 6.37804e-05 6.98761e-06  -0.000130702 3.30283e-05 9.22282e-07  -0.000126682 3.20868e-05 4.39602e-07  -0.000113731 2.82817e-05 2.49727e-07  -0.000145884 3.50397e-05 -4.28326e-07  -7.23033e-05 2.34515e-05 6.853e-07  -5.37501e-05 1.31588e-05 7.13872e-07  -3.09069e-05 9.25138e-06 5.42398e-07  -2.84339e-05 8.30135e-06 2.70194e-07  -2.90263e-05 8.43483e-06 2.5342e-07  -2.74026e-05 7.96701e-06 2.053e-07  -2.14382e-05 6.23296e-06 1.76804e-07  -1.50589e-05 4.37565e-06 1.43478e-07  -1.1161e-05 3.24043e-06 1.17164e-07  -9.38171e-06 2.72618e-06 1.08985e-07  -7.73328e-06 2.25013e-06 1.12354e-07  -5.46249e-06 1.58954e-06 6.42233e-08  -3.77243e-06 1.09506e-06 5.40914e-08  -2.82942e-06 8.20401e-07 3.39304e-08  -2.23186e-06 6.46638e-07 2.08854e-08  -1.61505e-06 4.69997e-07 1.77564e-08  -1.15365e-06 3.38238e-07 1.51852e-08  -8.99365e-07 2.64885e-07 1.09587e-08  -7.34409e-07 2.15086e-07 6.99853e-09  -5.31568e-07 1.54391e-07 4.6646e-09  -4.39183e-07 1.30024e-07 2.0185e-09  -1.49167e-07 4.73142e-08 -4.85157e-10  -8.99763e-08 2.77184e-08 1.37836e-09  -2.04147e-07 4.8875e-08 1.32825e-10  -1.62833e-07 5.1963e-08 9.45201e-10  -1.82698e-07 4.45227e-08 3.27968e-09  -1.15575e-07 3.04953e-08 3.27735e-10  -1.14253e-07 2.98079e-08 3.10077e-10  -9.79361e-08 2.51685e-08 4.28104e-10  -1.49705e-07 4.09313e-08 -1.31291e-09  -9.9036e-08 2.03064e-08 4.92931e-10  -8.56102e-08 2.68425e-08 3.11448e-10  -1.18261e-07 2.6406e-08 7.153e-10  -2.73335e-08 7.20876e-09 -3.87291e-11  -1.88402e-08 5.19555e-09 1.64565e-10  -6.17519e-09 1.90063e-09 -1.55206e-10  3.52834e-08 -9.50642e-09 -1.10993e-10  -0.00102051 9.75823e-05 -1.94765e-05  -0.000562915 5.5049e-05 2.17918e-06  -0.000565145 5.49842e-05 -1.56623e-05  -0.000513535 5.04531e-05 1.33165e-05  -0.000454487 4.40278e-05 -6.85404e-06  -0.000490343 4.71557e-05 1.78244e-05  0 0 0  -0.000181953 1.81077e-05 4.17966e-06  -6.81595e-05 6.99088e-06 2.43563e-06  -6.78821e-05 6.94541e-06 -1.63999e-06  -6.02935e-05 6.57328e-06 1.76052e-06  -5.87575e-05 6.32157e-06 -1.2489e-06  -7.58272e-05 9.61372e-06 6.9985e-07  -2.05978e-05 2.49047e-06 7.18164e-07  -3.29923e-05 3.57556e-06 2.065e-07  -1.55254e-05 1.60071e-06 1.01594e-07  -3.12814e-05 3.23295e-06 2.03104e-07  -2.88906e-05 2.96447e-06 1.91001e-07  -2.23264e-05 2.3057e-06 1.5218e-07  -1.51637e-05 1.55578e-06 1.48053e-07  -1.09099e-05 1.11777e-06 1.48324e-07  -9.38572e-06 9.69887e-07 1.62579e-07  -7.96946e-06 8.24799e-07 9.87874e-08  -5.45767e-06 5.61022e-07 8.05975e-08  -3.81832e-06 3.91658e-07 4.17087e-08  -2.73647e-06 2.77892e-07 4.33778e-08  -2.20002e-06 2.23704e-07 3.04829e-08  -1.60904e-06 1.65535e-07 2.39993e-08  -1.16661e-06 1.21977e-07 1.65517e-08  -9.23754e-07 9.72877e-08 1.30948e-08  -7.78178e-07 7.91965e-08 9.36158e-09  -2.87657e-07 2.53078e-08 2.92351e-09  -4.65034e-07 4.79766e-08 1.61906e-09  -3.20054e-07 4.1723e-08 3.64298e-09  -2.3028e-07 3.39351e-08 -4.86414e-10  -6.63703e-08 9.8139e-09 -5.67675e-10  -1.63569e-07 1.67418e-08 8.08007e-10  -7.01588e-08 7.04954e-09 2.46351e-09  -8.98396e-08 9.13466e-09 -2.64573e-09  -3.98026e-08 4.06385e-09 1.33878e-09  -5.09068e-08 5.22238e-09 -1.35943e-09  -1.24709e-07 1.26211e-08 -1.03095e-11  0 0 0  -1.29622e-07 1.32024e-08 -1.58866e-11  -4.93536e-08 4.99681e-09 1.47236e-09  -2.52653e-08 2.5531e-09 -7.14353e-10  -1.44889e-08 1.482e-09 3.93162e-10  -7.63198e-09 7.84425e-10 -2.30703e-10  1.57401e-08 -1.59472e-09 -2.05107e-10  -0.00104314 -0.000100061 -1.9206e-05  -0.000563084 -5.57851e-05 2.45574e-06  -0.000569263 -5.63135e-05 -1.58393e-05  -0.000501275 -5.02452e-05 1.29377e-05  -0.000448071 -4.40948e-05 -6.76199e-06  -0.000489196 -4.85403e-05 1.66058e-05  0 0 0  -0.000178202 -1.80425e-05 3.99386e-06  -0.000145762 -2.15418e-05 9.22193e-07  -0.000137868 -1.9153e-05 3.92688e-07  -0.000128296 -1.72738e-05 4.13102e-07  -0.000155693 -2.15681e-05 -7.48043e-07  -6.5422e-05 -6.42211e-06 1.95273e-06  -4.2972e-05 -5.14404e-06 7.45101e-07  -1.83747e-05 -1.5932e-06 -3.62076e-08  -1.58941e-05 -1.27567e-06 1.09358e-07  -1.67084e-05 -1.32233e-06 1.21317e-07  -1.47552e-05 -1.16703e-06 1.01458e-07  -1.07316e-05 -8.47932e-07 8.43998e-08  -7.09238e-06 -5.66825e-07 6.53804e-08  -5.26448e-06 -4.18088e-07 6.47016e-08  -4.65993e-06 -3.63812e-07 7.84581e-08  -3.71862e-06 -2.92432e-07 3.80098e-08  -2.5532e-06 -2.02998e-07 3.48681e-08  -1.80458e-06 -1.43103e-07 2.13064e-08  -1.3234e-06 -1.05899e-07 1.90957e-08  -1.05112e-06 -8.38197e-08 1.38874e-08  -7.58608e-07 -5.924e-08 1.13985e-08  -5.56679e-07 -4.28511e-08 6.48982e-09  -4.39822e-07 -3.3654e-08 6.53276e-09  -3.471e-07 -2.93156e-08 6.57678e-09  -2.49281e-07 -2.84715e-08 6.8256e-09  -4.00724e-07 -3.88643e-08 -3.39691e-09  -1.37516e-07 -6.12393e-09 -8.66322e-11  -1.43314e-07 -3.18777e-08 2.55615e-09  -2.31487e-07 -4.14783e-08 6.15597e-10  -2.03021e-07 -2.15438e-08 7.05572e-10  -8.64059e-08 -9.36941e-09 2.87092e-09  -9.85419e-08 -1.05807e-08 -2.82919e-09  -6.21256e-08 -6.30195e-09 1.98105e-09  -5.75819e-08 -5.83902e-09 -1.56395e-09  -1.02998e-07 -1.04405e-08 -1.20432e-10  0 0 0  -1.34913e-07 -1.36921e-08 6.94043e-10  -5.3907e-08 -5.43629e-09 1.59638e-09  -3.15985e-08 -3.15906e-09 -8.99927e-10  -2.52412e-08 -2.57499e-09 7.36326e-10  -1.20266e-08 -1.21952e-09 -3.66491e-10  1.31959e-08 1.33445e-09 3.3764e-12  -0.00206801 -0.000532792 -3.45159e-05  -0.00107168 -0.000276829 -2.85022e-05  -0.00109669 -0.000284183 1.76689e-06  -0.000969307 -0.000248799 -5.33945e-06  -0.00109646 -0.000266925 9.45527e-06  -0.000480667 -0.000152015 1.76279e-05  -0.000294737 -5.98046e-05 1.07439e-05  -0.000239744 -6.63834e-05 7.43012e-06  -7.30387e-05 -2.16809e-05 2.56233e-06  -6.82089e-05 -2.03505e-05 -1.69264e-06  -6.16141e-05 -1.72759e-05 1.8344e-06  -5.61835e-05 -1.58117e-05 -1.3934e-06  -6.96033e-05 -1.80114e-05 5.75476e-07  -3.99251e-05 -1.23894e-05 8.83801e-07  -3.57309e-05 -1.03681e-05 2.74151e-07  -2.94211e-05 -8.08983e-06 3.11544e-07  -3.14501e-05 -8.45887e-06 2.5652e-07  -2.98511e-05 -7.9995e-06 2.40017e-07  -2.23819e-05 -6.0171e-06 2.04053e-07  -1.50491e-05 -4.05721e-06 1.84458e-07  -1.07207e-05 -2.8853e-06 1.40363e-07  -9.42362e-06 -2.52549e-06 9.58453e-08  -7.96888e-06 -2.13785e-06 7.14839e-08  -5.59544e-06 -1.50479e-06 6.03906e-08  -3.71009e-06 -9.99929e-07 4.57921e-08  -2.84881e-06 -7.6894e-07 3.43656e-08  -2.22817e-06 -6.00985e-07 2.25184e-08  -1.68638e-06 -4.51691e-07 1.46421e-08  -1.16375e-06 -3.10209e-07 1.49873e-08  -1.24124e-06 -3.30941e-07 1.59881e-08  -6.04017e-07 -1.65834e-07 5.80304e-09  -3.80784e-07 -1.11394e-07 4.32787e-13  -3.54891e-07 -9.66811e-08 4.43868e-09  -3.1416e-07 -7.66799e-08 2.67297e-09  -1.40589e-07 -3.02732e-08 -1.10559e-09  -1.40204e-07 -4.87293e-08 4.87816e-09  -1.08999e-07 -2.44357e-08 3.90367e-09  -2.13713e-07 -5.83561e-08 2.31502e-10  -1.69459e-07 -4.53551e-08 2.47875e-10  -1.31789e-07 -3.41841e-08 6.56455e-11  -9.9416e-08 -2.5761e-08 2.59422e-10  -1.00629e-07 -2.7205e-08 -6.4063e-10  -1.12489e-07 -2.30986e-08 -4.61999e-10  -8.7532e-08 -2.74239e-08 -1.3396e-10  -1.36177e-07 -3.22759e-08 1.3932e-09  -6.15367e-08 -1.64452e-08 -3.30111e-10  -4.11835e-08 -1.0067e-08 -3.60044e-10  -1.15151e-08 -3.14838e-09 -1.55548e-10  2.54888e-08 6.87537e-09 -2.18813e-10  -0.00103384 -0.000447573 -1.83273e-05  -0.000512796 -0.000220509 -3.02357e-05  -0.000523825 -0.000225845 1.83337e-05  -0.000475971 -0.000205286 -1.77966e-05  -0.000665342 -0.000287466 1.78679e-05  0 0 0  -0.000262627 -0.000113565 8.98106e-06  -7.27199e-05 -3.04826e-05 3.48047e-06  -6.83055e-05 -2.87679e-05 -1.57655e-06  -6.28862e-05 -2.47744e-05 1.98204e-06  -6.00957e-05 -2.3696e-05 -1.41761e-06  -9.89165e-05 -3.80354e-05 7.07091e-07  -7.33614e-05 -3.53067e-05 1.22864e-06  0 0 0  -1.71941e-05 -8.51957e-06 2.51571e-07  -1.28583e-05 -6.23408e-06 2.47275e-07  -1.36832e-05 -6.53717e-06 1.54773e-07  -1.39782e-05 -6.66532e-06 1.14748e-07  -1.13393e-05 -5.40034e-06 9.88177e-08  -7.74813e-06 -3.69379e-06 8.37138e-08  -5.26148e-06 -2.50574e-06 8.57261e-08  -4.48501e-06 -2.14015e-06 6.79966e-08  -3.97148e-06 -1.89484e-06 4.91273e-08  -2.92043e-06 -1.39465e-06 3.85135e-08  -1.85806e-06 -8.86268e-07 2.52367e-08  -1.41953e-06 -6.7751e-07 1.65553e-08  -1.09268e-06 -5.21223e-07 1.30455e-08  -8.23061e-07 -3.92664e-07 1.16543e-08  -9.71963e-07 -4.6047e-07 1.5956e-08  -3.2174e-07 -1.52891e-07 3.40993e-09  -2.51606e-07 -1.21137e-07 1.07368e-09  -1.89815e-07 -9.12452e-08 2.58282e-09  -1.64133e-07 -7.58105e-08 3.35918e-09  -3.16137e-07 -1.4063e-07 2.49088e-09  -2.86581e-07 -1.19088e-07 2.55449e-09  -1.3592e-07 -5.36088e-08 -1.28174e-09  -2.50658e-07 -9.98495e-08 -1.53251e-10  -9.93615e-08 -4.60471e-08 -2.99095e-09  -7.2162e-08 -3.13472e-08 2.35152e-09  -6.21206e-08 -2.69904e-08 -1.77255e-09  -4.72766e-08 -2.02094e-08 1.6194e-09  -3.33352e-08 -1.42767e-08 -9.51171e-10  -5.1923e-08 -2.22584e-08 1.15362e-10  0 0 0  -9.56016e-08 -4.10098e-08 -1.71298e-10  -3.20996e-08 -1.37892e-08 1.02325e-09  -1.95235e-08 -8.37447e-09 -6.22877e-10  -2.47153e-09 -1.03846e-09 3.83291e-11  5.98339e-09 2.5512e-09 7.254e-11  -0.000931969 -0.000511408 -1.96151e-05  -0.000504119 -0.000278902 3.03254e-06  -0.000499962 -0.00027715 -1.58201e-05  -0.000423415 -0.000234673 1.25828e-05  -0.000398157 -0.000221019 -6.82429e-06  -0.000416208 -0.000230406 1.7009e-05  0 0 0  -0.00016136 -8.87597e-05 4.26981e-06  -6.1255e-05 -3.22517e-05 2.3374e-06  -0.00011824 -6.83319e-05 1.29556e-07  -0.000109351 -6.19391e-05 4.56674e-07  -0.000107652 -6.18546e-05 8.85104e-07  -5.52065e-05 -3.58511e-05 -1.40397e-06  -2.52999e-05 -1.26902e-05 1.71975e-07  -1.52771e-05 -7.50723e-06 1.11696e-07  -1.32568e-05 -6.34882e-06 1.27797e-07  -1.4453e-05 -6.88886e-06 1.08366e-07  -1.30558e-05 -6.22636e-06 9.51943e-08  -9.15116e-06 -4.3627e-06 1.04493e-07  -6.10587e-06 -2.91905e-06 8.30691e-08  -4.77534e-06 -2.27545e-06 7.71142e-08  -4.25842e-06 -2.02896e-06 5.88369e-08  -3.36468e-06 -1.6048e-06 4.67933e-08  -2.25751e-06 -1.0792e-06 2.84842e-08  -1.61897e-06 -7.71214e-07 2.10677e-08  -1.22206e-06 -5.83319e-07 1.58352e-08  -9.18153e-07 -4.37887e-07 1.33118e-08  -6.83309e-07 -3.25514e-07 8.12876e-09  -4.88547e-07 -2.31341e-07 6.63898e-09  -3.80394e-07 -1.80448e-07 4.92035e-09  -2.99527e-07 -1.42857e-07 3.84528e-09  -2.15338e-07 -1.04169e-07 2.3693e-09  -3.32252e-07 -1.94835e-07 3.44801e-09  -1.4616e-07 -1.00351e-07 2.6783e-09  -1.28951e-07 -8.50737e-08 2.63245e-09  -1.15529e-07 -7.2549e-08 2.60031e-09  -1.90245e-07 -1.18346e-07 -2.33606e-09  -7.21558e-08 -4.15397e-08 2.50148e-09  -6.37242e-08 -3.67496e-08 -1.95746e-09  -5.49859e-08 -3.04564e-08 1.86656e-09  -6.19901e-08 -3.43663e-08 -1.89166e-09  -5.35081e-08 -2.95977e-08 4.21402e-10  0 0 0  -5.34343e-08 -2.96159e-08 -2.7994e-10  -4.28191e-08 -2.37962e-08 1.47554e-09  -4.13945e-08 -2.29827e-08 -1.37966e-09  -1.76759e-08 -9.82382e-09 5.77199e-10  -5.20871e-09 -2.88885e-09 -1.86273e-10  1.41155e-08 7.83834e-09 -1.49903e-10  -0.0016971 -0.00131054 -3.63437e-05  -0.00088843 -0.000689672 -2.76881e-05  -0.000870935 -0.000676129 7.09329e-07  -0.000783749 -0.000606883 -4.3657e-06  -0.000953568 -0.000717431 9.68212e-06  -0.000361269 -0.000311339 1.73906e-05  -0.000237521 -0.000164122 9.32698e-06  -0.000198991 -0.000160155 7.91349e-06  -0.000108298 -8.08144e-05 1.02199e-06  -5.26492e-05 -4.31289e-05 -1.68375e-06  -4.22284e-05 -3.16614e-05 1.24269e-06  -4.3899e-05 -3.2677e-05 -6.33354e-07  -6.39673e-05 -4.86508e-05 9.76838e-07  -4.01077e-05 -2.95118e-05 3.73781e-07  -1.34586e-05 -9.81633e-06 2.06299e-07  -2.37225e-05 -1.72037e-05 2.71064e-07  -2.41064e-05 -1.7377e-05 2.2185e-07  -2.33319e-05 -1.68033e-05 2.0004e-07  -1.77235e-05 -1.27921e-05 1.88561e-07  -1.22638e-05 -8.8598e-06 1.66877e-07  -8.93643e-06 -6.45402e-06 1.40091e-07  -7.69853e-06 -5.55453e-06 1.27867e-07  -6.32738e-06 -4.56879e-06 9.90442e-08  -4.51439e-06 -3.26107e-06 6.98842e-08  -3.15752e-06 -2.27824e-06 4.82272e-08  -2.37352e-06 -1.71395e-06 2.79169e-08  -1.80455e-06 -1.30185e-06 2.42962e-08  -1.31739e-06 -9.49949e-07 1.77419e-08  -1.31207e-06 -9.44274e-07 2.10873e-08  -6.37655e-07 -4.57813e-07 7.9025e-09  -5.13501e-07 -3.68817e-07 5.60396e-09  -4.01526e-07 -2.87219e-07 4.361e-09  -1.55091e-07 -1.08424e-07 4.78324e-10  -1.44532e-07 -9.77644e-08 -2.17928e-10  -1.27326e-07 -8.2464e-08 -4.47645e-10  0 0 0  -1.43094e-07 -1.22673e-07 5.18296e-09  -6.66102e-08 -5.23022e-08 -2.97954e-09  -9.57765e-08 -7.53617e-08 3.64387e-10  -9.54538e-08 -7.43416e-08 5.53519e-10  -1.20305e-07 -9.2557e-08 3.13901e-10  -1.48324e-07 -1.17389e-07 -9.45942e-10  -3.90123e-08 -2.71723e-08 8.75495e-11  -4.14308e-08 -3.55599e-08 -4.18177e-10  -1.09111e-07 -8.19446e-08 1.14523e-09  -8.33593e-08 -6.45705e-08 -5.46047e-12  -3.42744e-08 -2.60136e-08 -2.48102e-10  -8.39024e-09 -6.88024e-09 -2.31053e-10  1.79399e-08 1.40779e-08 1.79427e-11  -0.000777849 -0.000825371 -1.83704e-05  -0.000389982 -0.000412639 -3.08484e-05  -0.000387852 -0.000410483 1.69032e-05  -0.00035235 -0.000372583 -1.74631e-05  -0.000509383 -0.000540631 1.72974e-05  0 0 0  -0.000200625 -0.000212185 8.6157e-06  -5.52556e-05 -5.67486e-05 3.51706e-06  -5.19191e-05 -5.39423e-05 -1.6714e-06  -4.95198e-05 -4.63362e-05 1.91734e-06  -7.7463e-05 -7.64891e-05 -7.1125e-07  -8.07837e-05 -8.12926e-05 1.81977e-06  -5.31574e-05 -5.52376e-05 -7.66731e-07  -3.53159e-05 -3.72337e-05 5.30486e-07  -2.63138e-05 -2.74038e-05 2.58395e-07  -1.95988e-05 -2.03035e-05 2.47091e-07  -1.8926e-05 -1.95523e-05 2.13882e-07  -1.8375e-05 -1.89884e-05 1.73574e-07  -1.55698e-05 -1.60922e-05 1.74046e-07  -1.09922e-05 -1.13586e-05 1.66421e-07  -7.79443e-06 -8.05394e-06 1.37971e-07  -6.59433e-06 -6.81589e-06 1.24447e-07  -5.37867e-06 -5.56002e-06 9.7199e-08  -3.88257e-06 -4.01216e-06 6.96998e-08  -2.70338e-06 -2.79714e-06 4.44554e-08  -1.97817e-06 -2.04614e-06 3.7054e-08  -1.49923e-06 -1.5521e-06 3.22265e-08  -1.10854e-06 -1.14523e-06 1.61819e-08  -1.13297e-06 -1.16767e-06 2.06434e-08  -5.61014e-07 -5.78075e-07 7.90915e-09  -4.51699e-07 -4.64339e-07 5.08644e-09  -3.35948e-07 -3.43424e-07 5.22384e-09  -2.70228e-07 -2.72286e-07 3.65409e-09  -2.63948e-07 -2.59987e-07 2.28055e-09  -1.18227e-07 -1.14294e-07 3.81618e-11  -1.9659e-07 -1.8566e-07 1.80271e-09  -6.74239e-08 -6.17375e-08 -1.0278e-09  -5.97358e-08 -5.21231e-08 9.19564e-10  -4.63075e-08 -4.86952e-08 2.2988e-09  -5.25392e-08 -5.4954e-08 -1.9627e-09  -5.51174e-08 -5.74225e-08 2.35284e-09  -5.55362e-08 -5.77912e-08 -2.15293e-09  -4.36941e-08 -4.5828e-08 8.83401e-10  0 0 0  -6.0116e-08 -6.32331e-08 9.0318e-11  -3.12639e-08 -3.28636e-08 1.34457e-09  -1.82702e-08 -1.92197e-08 -7.61467e-10  -2.04597e-09 -2.1559e-09 6.85012e-11  6.08592e-09 6.42645e-09 5.59785e-11  -0.000654611 -0.000845149 -2.01358e-05  -0.000355208 -0.000458782 3.16052e-06  -0.000348224 -0.000448818 -1.60039e-05  -0.000312027 -0.000402238 1.34283e-05  -0.000282334 -0.000365112 -7.2477e-06  -0.000298184 -0.000384008 1.649e-05  0 0 0  -0.000117401 -0.000152013 4.46573e-06  -5.20037e-05 -6.30948e-05 2.86403e-06  -9.03511e-05 -0.00011742 -2.6278e-07  -3.97043e-05 -5.52925e-05 -5.3268e-07  -2.91241e-05 -4.22759e-05 4.46395e-08  -2.09024e-05 -3.08059e-05 8.11584e-08  -1.32622e-05 -1.96475e-05 1.90365e-07  -9.13219e-06 -1.35287e-05 1.65316e-07  -7.29544e-06 -1.07869e-05 1.22796e-07  -7.50906e-06 -1.1128e-05 1.21531e-07  -7.16029e-06 -1.0589e-05 9.06348e-08  -5.95249e-06 -8.80575e-06 8.53257e-08  -4.11104e-06 -6.08562e-06 8.95525e-08  -3.07543e-06 -4.55331e-06 6.41429e-08  -2.62325e-06 -3.88161e-06 4.6824e-08  -2.06734e-06 -3.05988e-06 4.88695e-08  -1.38927e-06 -2.05394e-06 3.17415e-08  -9.84639e-07 -1.45654e-06 1.85935e-08  -7.13963e-07 -1.05621e-06 2.06951e-08  -5.69745e-07 -8.41545e-07 1.36491e-08  -4.10155e-07 -6.06144e-07 7.12865e-09  -2.97839e-07 -4.40543e-07 6.0437e-09  -2.38364e-07 -3.51877e-07 4.51108e-09  -1.82457e-07 -2.69239e-07 3.58878e-09  -1.50596e-07 -2.21049e-07 3.101e-09  -1.14841e-07 -1.66711e-07 2.41403e-09  -9.77293e-08 -1.39801e-07 1.89816e-09  -9.50674e-08 -1.33169e-07 1.49906e-09  -1.57523e-07 -2.1675e-07 1.2541e-09  -1.25413e-07 -1.66065e-07 1.92951e-09  -1.0142e-07 -1.29094e-07 -3.45453e-10  -5.83152e-08 -7.39597e-08 -2.39631e-09  -4.96631e-08 -6.32688e-08 2.30616e-09  -4.6899e-08 -5.9622e-08 -1.908e-09  -8.29467e-08 -1.05928e-07 6.09326e-10  0 0 0  -3.36285e-08 -4.33247e-08 -4.06585e-10  -2.13398e-08 -2.76035e-08 1.07289e-09  -2.293e-08 -2.96776e-08 -1.09899e-09  -1.04523e-08 -1.34497e-08 5.04892e-10  -6.12691e-09 -7.9279e-09 -3.18364e-10  4.18698e-09 5.41857e-09 -1.14656e-10  -0.000609314 -0.000966032 -1.8615e-05  -0.000299964 -0.00047766 -3.09023e-05  -0.000300314 -0.000477852 1.70176e-05  -0.000283056 -0.000450087 -1.7878e-05  -0.000230298 -0.000365069 1.75737e-05  -0.000174796 -0.000277146 -1.10807e-07  -0.000159067 -0.000255121 9.27552e-06  0 0 0  -8.4487e-05 -0.000135973 1.69427e-06  -8.07612e-05 -0.000159597 1.70361e-06  -6.57381e-05 -0.00011466 4.95098e-07  0 0 0  -2.76931e-05 -4.05448e-05 3.16573e-07  -1.74913e-05 -2.59588e-05 2.2154e-07  -1.17012e-05 -1.73765e-05 1.43622e-07  -1.4927e-05 -2.2097e-05 2.34513e-07  -7.43065e-06 -1.10019e-05 1.05123e-07  -6.88506e-06 -1.01927e-05 1.0241e-07  -5.17664e-06 -7.65779e-06 7.41922e-08  0 0 0  -3.56216e-06 -5.26485e-06 7.35688e-08  -2.86178e-06 -4.23083e-06 5.57796e-08  -2.33721e-06 -3.45445e-06 5.65529e-08  -1.82078e-06 -2.69363e-06 4.12251e-08  -1.22643e-06 -1.8127e-06 2.61644e-08  -8.70618e-07 -1.28725e-06 1.56227e-08  -6.42405e-07 -9.48697e-07 1.84442e-08  -8.3696e-07 -1.23864e-06 1.76796e-08  -2.63262e-07 -3.88559e-07 5.23834e-09  -2.01389e-07 -2.97323e-07 3.9698e-09  -1.6591e-07 -2.44322e-07 2.58676e-09  -1.30246e-07 -1.90283e-07 1.76756e-09  0 0 0  -1.87642e-07 -3.29646e-07 2.59512e-09  -1.57396e-07 -2.69493e-07 1.8383e-09  -5.46592e-08 -1.15371e-07 1.29494e-09  -4.42766e-08 -9.10511e-08 1.33654e-09  -4.54474e-08 -9.19851e-08 4.49818e-10  -5.7698e-08 -9.09523e-08 2.41525e-09  -6.8123e-08 -1.18711e-07 1.66106e-10  -6.9509e-08 -1.21629e-07 4.15078e-10  -8.19903e-08 -1.47792e-07 -1.05477e-09  -3.70147e-08 -5.86782e-08 7.65902e-10  -1.94839e-08 -3.92948e-08 6.41299e-11  -3.21142e-08 -5.14236e-08 5.67194e-11  -1.89966e-08 -3.05049e-08 1.05535e-09  -7.47755e-09 -1.20677e-08 -3.99318e-10  -6.6212e-09 -1.06884e-08 3.6149e-10  -2.57502e-10 -3.9957e-10 -2.63034e-10  -0.000859324 -0.00200185 -3.6048e-05  -0.000448992 -0.0010407 -2.79249e-05  -0.000449627 -0.00104086 9.31642e-07  -0.000395983 -0.000920506 -3.10711e-06  -0.000448173 -0.00107685 8.63064e-06  -0.000212236 -0.000429976 1.69232e-05  -9.59529e-05 -0.000263834 9.45677e-06  -8.20804e-05 -0.000169306 4.21775e-06  -6.1579e-05 -0.000182547 2.10664e-06  0 0 0  -3.71601e-05 -7.85814e-05 4.53906e-07  -4.64437e-05 -0.000100977 5.17462e-07  -3.17502e-05 -7.00589e-05 5.3826e-07  -1.8214e-05 -4.05183e-05 3.81389e-07  -1.15788e-05 -2.57644e-05 2.98428e-07  -1.01585e-05 -2.26933e-05 2.88099e-07  -1.04341e-05 -2.32861e-05 2.37525e-07  -1.04073e-05 -2.32403e-05 2.13298e-07  -8.19351e-06 -1.82936e-05 2.04427e-07  -5.54492e-06 -1.23863e-05 1.95775e-07  -4.12615e-06 -9.22368e-06 1.66316e-07  -3.53529e-06 -7.89473e-06 1.39588e-07  -2.87199e-06 -6.41526e-06 9.01982e-08  -2.02781e-06 -4.53066e-06 6.37362e-08  -1.35688e-06 -3.03155e-06 4.95518e-08  -9.95066e-07 -2.22277e-06 3.83673e-08  -7.54968e-07 -1.6879e-06 2.81106e-08  -5.50696e-07 -1.23018e-06 1.99429e-08  -4.08692e-07 -9.12654e-07 1.45039e-08  -3.15203e-07 -7.03367e-07 1.02778e-08  -2.61584e-07 -5.82353e-07 6.46117e-09  -1.15223e-07 -2.55664e-07 2.10194e-09  -1.85355e-07 -4.09197e-07 3.5385e-09  -6.61713e-08 -1.43737e-07 8.49408e-10  -5.57137e-08 -1.18793e-07 4.62884e-10  -4.63882e-08 -9.6721e-08 3.18561e-10  -4.21614e-08 -8.56167e-08 3.85203e-10  -4.50309e-08 -9.31048e-08 1.50857e-09  -6.81812e-08 -1.5329e-07 -1.76603e-09  -1.94845e-08 -4.8951e-08 -1.05279e-09  -2.15755e-08 -5.58387e-08 1.85655e-09  -2.14802e-08 -5.54072e-08 -1.53428e-09  -2.16213e-08 -5.59609e-08 5.33932e-10  0 0 0  -2.77448e-08 -6.59975e-08 9.2937e-10  -2.77548e-08 -6.53407e-08 1.53803e-10  -1.66814e-08 -4.00467e-08 -2.36508e-10  -1.20466e-08 -2.74704e-08 -1.84433e-10  -2.78131e-09 -7.13695e-09 -1.79815e-10  -0.000263758 -0.00103772 -2.0263e-05  -0.000142375 -0.00055051 2.5486e-06  -0.000142283 -0.000548114 -1.56339e-05  -0.000123053 -0.000471178 1.18719e-05  -0.000110123 -0.000419467 -6.39352e-06  -0.000122691 -0.000473978 1.69615e-05  0 0 0  -4.24185e-05 -0.000171327 4.06669e-06  0 0 0  -3.77262e-05 -0.000146271 1.62672e-06  -3.82182e-05 -0.000142918 3.74169e-07  -2.9064e-05 -0.00011058 4.13501e-07  -1.89589e-05 -7.38321e-05 3.82308e-07  -1.15079e-05 -4.51971e-05 3.32644e-07  -7.42702e-06 -2.92865e-05 2.96624e-07  -6.17847e-06 -2.44109e-05 2.76923e-07  -6.4935e-06 -2.56689e-05 2.53082e-07  -6.41788e-06 -2.53725e-05 2.12998e-07  -4.76713e-06 -1.8841e-05 1.76067e-07  -3.49298e-06 -1.38092e-05 1.41923e-07  -2.56621e-06 -1.0143e-05 1.30586e-07  -2.13777e-06 -8.44193e-06 1.42162e-07  -1.77958e-06 -7.0365e-06 1.22511e-07  -1.26132e-06 -4.99171e-06 6.79515e-08  -8.53832e-07 -3.3781e-06 4.70242e-08  -6.44903e-07 -2.54612e-06 3.01641e-08  -4.76614e-07 -1.88235e-06 2.78207e-08  -3.55884e-07 -1.40649e-06 1.86875e-08  -2.53296e-07 -1.00218e-06 1.64582e-08  -2.07148e-07 -8.17555e-07 8.60657e-09  -1.72508e-07 -6.80257e-07 5.60765e-09  -7.20663e-08 -2.83608e-07 2.83613e-09  -1.19668e-07 -4.67967e-07 3.52969e-09  -9.14342e-08 -3.53801e-07 2.81593e-09  -7.46294e-08 -2.83148e-07 1.94024e-09  -6.27733e-08 -2.32987e-07 1.53757e-09  -5.55274e-08 -2.02352e-07 1.0126e-09  -4.35867e-08 -1.62251e-07 1.78506e-10  -3.73115e-08 -1.53568e-07 -3.51453e-10  -1.60292e-08 -6.13947e-08 2.59644e-09  -2.00703e-08 -7.46165e-08 -2.3587e-09  -2.55211e-08 -8.953e-08 3.9736e-10  0 0 0  -1.85653e-08 -6.78637e-08 6.63155e-11  -5.3199e-09 -2.04497e-08 6.70474e-10  -8.5758e-09 -3.2924e-08 -9.97242e-10  -7.83717e-09 -3.03259e-08 9.21944e-10  -4.15517e-09 -1.60827e-08 -4.68616e-10  1.46806e-09 5.60181e-09 1.87609e-10  -0.000175721 -0.00111767 -1.92686e-05  -8.57908e-05 -0.000551079 -3.09918e-05  -8.60818e-05 -0.000545944 1.66075e-05  -7.8844e-05 -0.000498048 -1.7322e-05  -0.00011349 -0.000702048 1.75142e-05  0 0 0  -4.45741e-05 -0.000289181 9.26861e-06  -6.59632e-06 -7.66781e-05 3.17336e-06  -1.31319e-05 -0.000132745 -1.07579e-06  -4.76145e-06 -6.06705e-05 8.21289e-07  -5.48258e-06 -6.51373e-05 1.79032e-07  -4.05518e-06 -4.94862e-05 1.54542e-07  -2.44996e-06 -3.127e-05 1.63101e-07  -1.66226e-06 -2.17279e-05 1.09799e-07  -1.17306e-06 -1.54488e-05 8.33892e-08  -9.56651e-07 -1.28328e-05 1.0823e-07  -1.03089e-06 -1.38035e-05 9.203e-08  -9.38483e-07 -1.25844e-05 7.9649e-08  -6.47275e-07 -8.66047e-06 8.04622e-08  -4.9079e-07 -6.5999e-06 7.30683e-08  -3.84631e-07 -5.1132e-06 5.06085e-08  -3.22872e-07 -4.30194e-06 5.53417e-08  -2.51525e-07 -3.37209e-06 3.82177e-08  -1.80853e-07 -2.40043e-06 2.69922e-08  -1.22401e-07 -1.64505e-06 2.16504e-08  -9.01719e-08 -1.21284e-06 1.61155e-08  -7.34711e-08 -9.85954e-07 1.05533e-08  -5.25074e-08 -6.98466e-07 8.19448e-09  -3.8612e-08 -5.1897e-07 5.22198e-09  -3.00232e-08 -4.05197e-07 4.82734e-09  -2.55318e-08 -3.39271e-07 2.67377e-09  0 0 0  -2.03165e-08 -2.69706e-07 2.15007e-09  -1.53376e-08 -1.99371e-07 1.82034e-09  -1.13288e-08 -1.43361e-07 1.25889e-09  -1.02771e-08 -1.25008e-07 8.11212e-10  -9.26121e-09 -1.09721e-07 6.76954e-10  -7.23142e-09 -8.7867e-08 5.48539e-11  -4.92958e-09 -7.0203e-08 -3.68823e-10  -2.50664e-08 -1.96352e-07 5.58974e-10  -1.44726e-08 -8.21818e-08 1.99392e-09  -1.89076e-08 -1.3633e-07 -4.27115e-10  -1.57105e-08 -1.01204e-07 -5.03281e-10  -6.14046e-09 -7.57573e-08 1.04957e-10  -9.29792e-09 -5.69634e-08 5.21215e-10  -3.82591e-09 -2.48478e-08 7.31274e-10  -4.96022e-09 -3.22313e-08 -9.36842e-10  -2.42606e-09 -1.59176e-08 4.62076e-10  -8.29952e-10 -5.46418e-09 -3.10589e-10  0.000164758 -0.0010478 -2.10826e-05  8.71838e-05 -0.000574078 2.72265e-06  8.57684e-05 -0.000559578 -1.51444e-05  6.97383e-05 -0.000474181 1.20172e-05  6.05837e-05 -0.000413823 -6.44181e-06  7.15865e-05 -0.00049174 1.67934e-05  0 0 0  1.64368e-05 -0.000164144 4.355e-06  1.13602e-05 -0.000123727 1.16738e-06  5.97162e-06 -6.19681e-05 2.79454e-07  5.64766e-06 -6.01536e-05 1.95377e-07  4.37772e-06 -4.57882e-05 2.47414e-07  7.0583e-06 -7.25598e-05 3.57381e-07  4.35273e-06 -4.45951e-05 2.77886e-07  2.94568e-06 -2.96035e-05 2.27506e-07  2.57217e-06 -2.60399e-05 2.17698e-07  2.65108e-06 -2.68737e-05 1.97245e-07  2.61406e-06 -2.63799e-05 2.00274e-07  2.016e-06 -2.03955e-05 1.55962e-07  1.46699e-06 -1.48025e-05 1.42078e-07  1.05366e-06 -1.05988e-05 1.29168e-07  9.08088e-07 -9.17529e-06 9.38874e-08  7.14286e-07 -7.22794e-06 8.29925e-08  5.08078e-07 -5.14667e-06 6.01817e-08  3.75287e-07 -3.79357e-06 4.30775e-08  2.63888e-07 -2.65771e-06 3.93672e-08  2.06083e-07 -2.07374e-06 2.34644e-08  1.55087e-07 -1.57124e-06 1.59799e-08  1.12414e-07 -1.13467e-06 1.22814e-08  8.4074e-08 -8.47058e-07 1.05555e-08  6.74581e-08 -6.79583e-07 7.08303e-09  2.79739e-08 -2.83966e-07 2.53695e-09  4.63192e-08 -4.69356e-07 3.50856e-09  3.47759e-08 -3.54802e-07 2.66701e-09  2.60723e-08 -2.70217e-07 1.93467e-09  1.22803e-08 -1.28868e-07 6.72384e-10  9.89287e-09 -1.05371e-07 6.2277e-10  1.55477e-08 -1.59269e-07 4.87798e-10  1.52845e-08 -1.41516e-07 3.11586e-10  1.84784e-08 -1.43579e-07 1.57647e-10  2.222e-08 -1.28546e-07 1.72997e-10  8.99059e-09 -6.54552e-08 9.88384e-11  7.9177e-09 -6.1607e-08 5.1768e-11  6.68893e-09 -6.48218e-08 -3.13212e-11  5.93475e-09 -4.08943e-08 1.15705e-09  5.08623e-09 -3.58097e-08 -9.62743e-10  6.50292e-09 -4.24893e-08 1.21797e-09  3.25855e-09 -2.13724e-08 -5.9799e-10  2.13784e-09 -1.40807e-08 3.66782e-10  0.000277786 -0.00109337 -1.9714e-05  0.000141792 -0.000555429 -3.14023e-05  0.000138476 -0.000549407 1.73061e-05  0.000118161 -0.000468964 -1.72703e-05  0.00015518 -0.000651997 1.59845e-05  7.14344e-05 -0.000208397 1.26941e-05  9.30507e-05 -0.000319085 1.33866e-05  5.11882e-05 -0.000177393 2.06641e-06  3.47145e-05 -0.000122879 1.61011e-06  4.87789e-05 -0.000177378 8.96733e-07  3.20886e-05 -0.000116747 5.63291e-07  2.60434e-05 -9.46572e-05 3.86468e-07  1.7739e-05 -6.40368e-05 4.74293e-07  1.13168e-05 -4.06932e-05 3.24229e-07  7.52133e-06 -2.70329e-05 2.53463e-07  6.87976e-06 -2.47543e-05 2.30874e-07  7.5232e-06 -2.69941e-05 2.53643e-07  7.13475e-06 -2.55827e-05 2.05695e-07  5.72254e-06 -2.0554e-05 1.52781e-07  3.73248e-06 -1.3412e-05 1.69264e-07  2.80717e-06 -1.0096e-05 1.32588e-07  2.46894e-06 -8.84884e-06 1.09474e-07  2.01004e-06 -7.20633e-06 9.4651e-08  1.48256e-06 -5.32355e-06 7.00185e-08  9.97814e-07 -3.5806e-06 4.68702e-08  7.35535e-07 -2.63877e-06 3.90801e-08  5.60683e-07 -2.01373e-06 2.37811e-08  4.37757e-07 -1.56826e-06 1.40873e-08  2.90723e-07 -1.0425e-06 1.40957e-08  2.19435e-07 -7.86842e-07 1.04516e-08  1.70239e-07 -6.09617e-07 7.46832e-09  1.29193e-07 -4.63073e-07 4.75275e-09  5.07052e-08 -1.82123e-07 2.37816e-09  8.8553e-08 -3.17926e-07 3.30063e-09  1.04305e-07 -3.75666e-07 3.10796e-09  6.52404e-08 -2.34894e-07 1.50919e-09  4.89655e-08 -1.75901e-07 1.00824e-09  3.67089e-08 -1.29183e-07 5.41475e-10  3.08559e-08 -1.03555e-07 2.81055e-10  1.54137e-08 -4.65425e-08 -6.43845e-10  0 0 0  2.74597e-08 -1.06795e-07 2.63892e-10  1.47754e-08 -5.29209e-08 2.91533e-10  1.82295e-08 -6.97342e-08 1.00854e-09  9.08094e-09 -4.05074e-08 -1.00091e-09  1.07257e-08 -4.19853e-08 1.22719e-09  9.24917e-09 -3.64405e-08 -1.04675e-09  5.17521e-09 -1.99491e-08 5.64214e-10  4.71031e-09 -1.81709e-08 -6.36032e-10  0.000853413 -0.00199833 -3.62136e-05  0.000436522 -0.00103398 -2.80969e-05  0.000438546 -0.0010385 3.33638e-06  0.000385279 -0.000910567 -5.20753e-06  0.000404085 -0.000969082 1.00378e-05  0.000134774 -0.000328853 1.11363e-05  4.93683e-05 -0.00010468 3.24679e-06  2.88e-05 -6.13138e-05 9.59848e-07  2.49945e-05 -5.28942e-05 4.74999e-07  2.601e-05 -5.48257e-05 1.8108e-07  2.55469e-05 -5.39178e-05 2.94528e-07  2.26244e-05 -4.7727e-05 1.80399e-07  1.51431e-05 -3.17609e-05 2.40173e-07  1.0026e-05 -2.10501e-05 1.51639e-07  6.28798e-06 -1.31866e-05 1.17099e-07  5.38841e-06 -1.12589e-05 1.06775e-07  5.9385e-06 -1.24475e-05 1.35436e-07  5.90047e-06 -1.23819e-05 1.1017e-07  4.89663e-06 -1.02625e-05 7.4589e-08  3.1655e-06 -6.6321e-06 8.78229e-08  2.43034e-06 -5.09579e-06 7.05797e-08  2.03406e-06 -4.26757e-06 5.50413e-08  1.75632e-06 -3.68494e-06 5.09269e-08  1.28771e-06 -2.69809e-06 3.27507e-08  8.77835e-07 -1.84226e-06 2.49641e-08  6.15376e-07 -1.29028e-06 2.43954e-08  4.62482e-07 -9.68964e-07 1.45593e-08  3.5638e-07 -7.47378e-07 9.67998e-09  2.49557e-07 -5.23532e-07 7.90801e-09  1.77966e-07 -3.73169e-07 6.80683e-09  1.39141e-07 -2.91783e-07 4.35025e-09  1.03273e-07 -2.16548e-07 2.57253e-09  7.98647e-08 -1.67306e-07 1.59515e-09  6.3256e-08 -1.32514e-07 1.56969e-09  5.38808e-08 -1.129e-07 1.32324e-09  4.86888e-08 -1.02071e-07 6.81222e-10  3.96608e-08 -8.29212e-08 6.38939e-10  2.34304e-08 -4.86071e-08 2.84224e-10  2.17803e-08 -4.42273e-08 -9.86411e-11  3.71886e-08 -8.89111e-08 2.91101e-10  2.94241e-08 -7.77936e-08 4.82592e-10  1.10612e-08 -3.04091e-08 -9.68811e-11  4.72722e-09 -1.23524e-08 8.88918e-11  7.09665e-09 -1.58697e-08 4.00648e-10  2.73839e-08 -6.97957e-08 5.27965e-10  3.30091e-08 -7.85749e-08 7.9769e-11  2.62321e-08 -6.02811e-08 -2.78025e-10  1.29512e-08 -2.86008e-08 3.62414e-10  1.2231e-08 -2.65673e-08 -4.8196e-10  0.000571039 -0.000910165 -1.94044e-05  0.000282225 -0.000459182 8.4326e-07  0.000301461 -0.000491082 -1.44707e-05  0.000309085 -0.00049228 1.71112e-05  0.000247737 -0.000389148 -9.13357e-06  9.67109e-05 -0.000195258 7.81022e-06  7.53605e-05 -0.000157452 3.72725e-06  3.45926e-05 -7.42744e-05 1.8879e-06  2.53494e-05 -5.41282e-05 9.33239e-07  2.62283e-05 -5.56956e-05 5.0803e-07  8.76811e-05 -0.000158897 9.00646e-07  7.61018e-05 -0.000119776 6.9053e-07  1.21492e-05 -2.55477e-05 2.37604e-07  7.47829e-06 -1.56914e-05 1.63854e-07  5.67431e-06 -1.19036e-05 1.15307e-07  5.52828e-06 -1.15963e-05 8.85953e-08  5.98774e-06 -1.25708e-05 1.24379e-07  5.35219e-06 -1.12228e-05 8.27567e-08  3.89823e-06 -8.17126e-06 7.84884e-08  2.7195e-06 -5.71228e-06 7.95376e-08  2.23354e-06 -4.67421e-06 5.69863e-08  1.90253e-06 -3.99168e-06 5.66507e-08  1.46775e-06 -3.07857e-06 3.58294e-08  1.1255e-06 -2.35983e-06 2.55428e-08  7.05962e-07 -1.48229e-06 2.71138e-08  5.56837e-07 -1.16995e-06 2.08897e-08  4.02837e-07 -8.4473e-07 1.17e-08  2.90124e-07 -6.07521e-07 7.05377e-09  2.18771e-07 -4.59221e-07 5.80358e-09  1.5646e-07 -3.28117e-07 4.97615e-09  1.22656e-07 -2.57294e-07 3.18127e-09  8.98844e-08 -1.88528e-07 1.88445e-09  6.8471e-08 -1.43594e-07 1.71607e-09  6.34621e-08 -1.33046e-07 1.16299e-09  5.0486e-08 -1.05881e-07 9.66364e-10  4.61562e-08 -9.67133e-08 8.65844e-10  2.73708e-08 -5.70852e-08 5.8066e-10  2.21303e-08 -4.54811e-08 4.12137e-10  2.11464e-08 -4.20609e-08 4.96819e-10  2.52284e-08 -4.75162e-08 6.71105e-10  3.92033e-08 -7.01955e-08 -6.20313e-10  3.25746e-08 -5.8944e-08 6.45614e-10  1.49501e-09 -2.72905e-09 5.80323e-11  1.8347e-08 -2.98683e-08 2.00214e-10  3.2136e-08 -5.12594e-08 1.76653e-09  3.28813e-08 -5.30717e-08 -2.0744e-09  1.57475e-08 -2.57297e-08 7.79927e-10  8.16295e-09 -1.328e-08 -4.48454e-10  9.40429e-09 -1.51822e-08 9.63833e-11  0.000668475 -0.000870098 -1.991e-05  0.000323234 -0.000427758 -2.81804e-05  0.000326912 -0.000430281 1.49936e-05  0.000351897 -0.000467788 -1.50139e-05  0.000237117 -0.000331042 1.53679e-05  0.000294127 -0.000397264 9.29231e-06  0.00016863 -0.000226384 7.775e-06  9.17989e-05 -0.000125408 3.30115e-06  7.07295e-05 -9.82063e-05 1.45343e-06  7.22187e-05 -0.000101307 8.56721e-07  3.53213e-05 -4.95238e-05 2.19937e-07  2.82752e-05 -3.97367e-05 2.79656e-07  3.54093e-05 -4.96969e-05 3.96459e-07  2.28454e-05 -3.21478e-05 2.27319e-07  1.49992e-05 -2.10943e-05 3.06215e-07  1.42229e-05 -2.00086e-05 2.11003e-07  1.57261e-05 -2.21153e-05 2.06679e-07  1.47292e-05 -2.07045e-05 2.241e-07  1.14976e-05 -1.61598e-05 2.06605e-07  8.0178e-06 -1.12637e-05 1.72871e-07  6.0346e-06 -8.48568e-06 1.28976e-07  5.22388e-06 -7.34275e-06 9.8328e-08  4.25762e-06 -5.98649e-06 9.68859e-08  3.14828e-06 -4.42323e-06 7.11736e-08  2.18175e-06 -3.06622e-06 4.38346e-08  8.52534e-07 -1.19776e-06 1.70913e-08  1.92006e-06 -2.69966e-06 3.11165e-08  8.16507e-07 -1.14773e-06 1.83681e-08  5.65735e-07 -7.94442e-07 1.94437e-08  4.33801e-07 -6.0938e-07 1.04584e-08  3.34492e-07 -4.70021e-07 6.46284e-09  2.72768e-07 -3.83133e-07 5.69555e-09  2.09125e-07 -2.93716e-07 4.13674e-09  1.75716e-07 -2.46823e-07 2.33744e-09  1.3495e-07 -1.89453e-07 2.06576e-09  1.13305e-07 -1.58953e-07 1.25675e-09  8.30382e-08 -1.16146e-07 9.99421e-10  5.97031e-08 -8.28753e-08 7.52757e-10  4.84142e-08 -6.59725e-08 3.84246e-10  8.0251e-08 -1.06312e-07 -2.02518e-11  7.27721e-08 -9.40326e-08 3.36288e-10  3.32324e-08 -4.28129e-08 1.71142e-10  -1.00713e-08 1.34514e-08 1.98748e-10  6.23761e-10 -8.53403e-10 2.76213e-11  2.86699e-08 -4.16833e-08 -3.84988e-10  2.78892e-08 -3.70196e-08 1.0051e-09  1.59655e-08 -2.10102e-08 -6.73733e-10  9.33428e-09 -1.22291e-08 3.72334e-10  9.50139e-09 -1.24098e-08 -4.20555e-10  0.000684402 -0.000735142 -2.0427e-05  0.000729284 -0.000709899 -2.84527e-05  0.000664706 -0.000670423 -2.1742e-06  0.00069282 -0.000667538 4.85274e-06  0.000648437 -0.000656835 1.00668e-05  0.000377969 -0.000380756 1.2469e-05  0.000211288 -0.000211335 7.50615e-06  0.000117085 -0.000117264 3.26165e-06  8.90951e-05 -8.87797e-05 1.52418e-06  8.93065e-05 -8.85441e-05 9.0135e-07  8.77563e-05 -8.69942e-05 6.10784e-07  7.32986e-05 -7.24752e-05 5.38706e-07  5.30283e-05 -5.24836e-05 4.55107e-07  3.41512e-05 -3.38195e-05 2.73112e-07  3.05352e-05 -3.02084e-05 4.14351e-07  1.74744e-05 -1.72787e-05 2.11938e-07  9.3052e-06 -9.19688e-06 8.0596e-08  2.72501e-05 -2.69485e-05 3.4923e-07  1.37813e-05 -1.36277e-05 2.07522e-07  9.54144e-06 -9.43583e-06 1.77924e-07  7.18143e-06 -7.09959e-06 1.26248e-07  6.33393e-06 -6.25998e-06 9.56162e-08  5.24677e-06 -5.18774e-06 9.65632e-08  3.9538e-06 -3.90861e-06 8.5425e-08  1.52355e-06 -1.50613e-06 2.2372e-08  2.26186e-06 -2.23661e-06 3.88536e-08  1.64341e-06 -1.62461e-06 2.5818e-08  1.65668e-06 -1.63795e-06 3.14624e-08  6.79296e-07 -6.71882e-07 1.96757e-08  5.28054e-07 -5.21944e-07 1.05895e-08  4.04392e-07 -3.99516e-07 6.54936e-09  3.32788e-07 -3.28888e-07 5.63711e-09  2.60591e-07 -2.57511e-07 4.06732e-09  2.11263e-07 -2.08706e-07 2.3301e-09  1.59036e-07 -1.57032e-07 2.07841e-09  1.3093e-07 -1.29158e-07 1.28603e-09  1.00272e-07 -9.87168e-08 1.13918e-09  6.88199e-08 -6.73684e-08 8.02077e-10  7.122e-08 -6.88494e-08 5.79558e-10  1.07537e-07 -1.02356e-07 1.69719e-10  9.91332e-08 -9.34052e-08 7.53652e-11  4.71342e-08 -4.45824e-08 1.99574e-10  1.30676e-08 -1.25921e-08 7.82634e-11  3.49556e-08 -3.47029e-08 3.27808e-11  8.55955e-08 -8.74121e-08 1.14351e-09  7.58392e-08 -7.34721e-08 -1.2812e-09  2.65406e-08 -2.62786e-08 2.25922e-11  1.36488e-08 -1.48088e-08 -5.93303e-10  1.09951e-08 -1.15401e-08 1.61704e-10  0.0016958 -0.00132693 -2.97788e-05  0.000424536 -0.000314083 5.87388e-07  0.000347203 -0.000254958 -1.27286e-05  0.000336343 -0.000229864 3.38987e-06  0.000336654 -0.000231617 6.38702e-06  0.000266208 -0.000181787 5.32089e-06  0.000150527 -0.000101294 3.99661e-06  8.26918e-05 -5.55514e-05 2.0671e-06  5.74679e-05 -3.90776e-05 9.93849e-07  5.036e-05 -3.45261e-05 6.06413e-07  5.30863e-05 -3.66803e-05 2.99945e-07  4.53473e-05 -3.14491e-05 2.2397e-07  3.46394e-05 -2.40419e-05 2.15584e-07  2.40828e-05 -1.67046e-05 1.50888e-07  1.34873e-05 -9.30651e-06 1.4128e-07  1.14719e-05 -7.93479e-06 9.22045e-08  1.1032e-05 -7.63269e-06 1.15741e-07  2.03762e-05 -1.41264e-05 1.51092e-07  7.03608e-06 -4.87746e-06 7.48656e-08  5.3375e-06 -3.69939e-06 5.65556e-08  4.13164e-06 -2.86416e-06 4.30729e-08  3.56099e-06 -2.46757e-06 4.45259e-08  2.89623e-06 -2.0088e-06 2.46302e-08  2.1039e-06 -1.45763e-06 2.58777e-08  0 0 0  1.51077e-06 -1.04747e-06 1.4622e-08  1.06431e-06 -7.37207e-07 1.29733e-08  7.39101e-07 -5.11955e-07 9.91315e-09  5.27096e-07 -3.65301e-07 5.85678e-09  6.8647e-07 -4.75378e-07 7.98598e-09  2.15191e-07 -1.49279e-07 2.67224e-09  1.89521e-07 -1.31205e-07 2.07456e-09  1.41962e-07 -9.83811e-08 1.07881e-09  1.06305e-07 -7.35862e-08 9.95158e-10  8.01897e-08 -5.55123e-08 5.42255e-10  7.29986e-08 -5.05653e-08 4.80867e-10  6.19929e-08 -4.28357e-08 2.63126e-10  5.27165e-08 -3.62601e-08 1.05346e-10  5.10301e-08 -3.48256e-08 2.94525e-11  5.68552e-08 -3.84571e-08 4.8098e-11  5.19665e-08 -3.51255e-08 1.61632e-10  2.85365e-08 -1.94119e-08 1.53834e-10  1.87688e-08 -1.29124e-08 1.65568e-10  3.37236e-08 -2.35312e-08 2.10354e-10  3.86829e-08 -2.67807e-08 -2.5639e-10  3.05335e-08 -2.04665e-08 -5.47958e-10  1.59324e-08 -1.15976e-08 6.26293e-10  3.8098e-08 -3.05848e-08 1.69732e-10  2.9835e-08 -2.30746e-08 -1.34219e-10  0.00110931 -0.00061114 -1.13823e-05  0.000547385 -0.00029766 -3.78505e-05  0.000841725 -0.000469007 -6.8466e-06  0.000796868 -0.000453612 1.00888e-05  0.000635287 -0.000365181 1.66578e-05  0.000396777 -0.000226319 1.16856e-05  0.000222576 -0.000125694 5.57079e-06  0.000139366 -7.90661e-05 2.46544e-06  0.000109034 -6.2088e-05 1.33116e-06  0.000109554 -6.25479e-05 5.02003e-07  0.000105909 -6.0499e-05 3.66067e-07  8.41235e-05 -4.80152e-05 4.46601e-07  5.97425e-05 -3.40537e-05 3.39743e-07  3.49123e-05 -1.99571e-05 3.01939e-07  2.52919e-05 -1.44294e-05 2.1152e-07  2.3283e-05 -1.33427e-05 2.527e-07  2.34712e-05 -1.34362e-05 1.90089e-07  2.13678e-05 -1.22064e-05 1.73433e-07  1.77785e-05 -1.01499e-05 1.45746e-07  1.25724e-05 -7.19462e-06 1.3088e-07  9.36164e-06 -5.34068e-06 1.04985e-07  7.85485e-06 -4.49455e-06 1.03457e-07  7.03116e-06 -4.02308e-06 7.62371e-08  5.07798e-06 -2.90603e-06 6.37755e-08  3.64345e-06 -2.08336e-06 3.96199e-08  2.55963e-06 -1.4645e-06 2.9828e-08  1.99081e-06 -1.13902e-06 1.90203e-08  1.3198e-06 -7.58764e-07 1.4809e-08  9.09514e-07 -5.21217e-07 1.16764e-08  7.27468e-07 -4.16542e-07 7.33783e-09  5.41542e-07 -3.08864e-07 4.68949e-09  4.28681e-07 -2.45882e-07 5.52665e-09  3.46586e-07 -2.00159e-07 3.1832e-09  2.46876e-07 -1.41874e-07 2.58436e-09  1.81527e-07 -1.03987e-07 1.68723e-09  1.70232e-07 -9.64821e-08 8.84798e-10  1.42419e-07 -8.21139e-08 9.13675e-10  1.16904e-07 -6.69207e-08 6.68697e-10  1.12153e-07 -6.29377e-08 3.7462e-10  5.34277e-08 -3.63279e-08 1.82383e-10  5.24114e-08 -3.54331e-08 1.68124e-10  3.36811e-08 -2.28345e-08 3.37859e-11  5.42492e-08 -3.01557e-08 1.33269e-10  5.9863e-08 -3.34675e-08 8.29305e-11  6.19206e-08 -3.64623e-08 1.5135e-10  3.91767e-08 -2.68587e-08 1.71471e-10  4.49864e-08 -2.48049e-08 1.02929e-10  2.53304e-08 -1.36943e-08 -2.60793e-11  1.52273e-09 -8.42817e-10 4.12325e-12  0.000932017 -0.000421287 -1.57963e-05  0.00056681 -0.000267317 -2.60911e-06  0 0 0  0.00047189 -0.000213965 -1.42659e-06  0.000384133 -0.00017949 4.80046e-06  0.000283165 -0.000134711 6.34701e-06  0.000150058 -7.15898e-05 4.36128e-06  9.8904e-05 -4.68284e-05 2.0896e-06  6.58325e-05 -3.08419e-05 9.53606e-07  5.81721e-05 -2.71251e-05 5.87905e-07  5.83403e-05 -2.69735e-05 2.79536e-07  4.96303e-05 -2.29464e-05 1.61705e-07  3.74722e-05 -1.73668e-05 2.31968e-07  2.45748e-05 -1.13933e-05 1.53107e-07  1.59371e-05 -7.40677e-06 1.3234e-07  1.2109e-05 -5.61063e-06 1.17999e-07  1.20633e-05 -5.59228e-06 1.18018e-07  1.21677e-05 -5.62459e-06 7.0492e-08  1.79656e-05 -8.31164e-06 1.57831e-07  5.41553e-06 -2.50295e-06 6.19099e-08  4.41678e-06 -2.04042e-06 5.17373e-08  3.92704e-06 -1.81656e-06 4.27666e-08  3.20697e-06 -1.48169e-06 3.45025e-08  2.31121e-06 -1.06909e-06 2.54789e-08  0 0 0  1.65236e-06 -7.64252e-07 1.60735e-08  1.17197e-06 -5.42332e-07 1.30311e-08  8.58609e-07 -3.96822e-07 7.4608e-09  5.81641e-07 -2.6887e-07 6.27643e-09  4.13735e-07 -1.91618e-07 5.16102e-09  5.78973e-07 -2.67652e-07 5.40567e-09  2.10675e-07 -9.72788e-08 1.64822e-09  1.52891e-07 -7.07109e-08 1.29896e-09  1.0605e-07 -4.90807e-08 1.03541e-09  9.34352e-08 -4.31623e-08 5.32e-10  7.48784e-08 -3.45865e-08 5.08045e-10  6.41667e-08 -2.96152e-08 3.55583e-10  5.91704e-08 -2.72511e-08 2.99027e-10  4.72718e-08 -2.1641e-08 1.66651e-10  1.06436e-07 -4.86468e-08 2.25685e-10  9.24159e-08 -4.21836e-08 2.00536e-10  7.6721e-08 -3.51493e-08 1.70996e-10  3.46018e-08 -1.59308e-08 6.11885e-11  2.86315e-08 -1.3257e-08 4.4319e-11  2.84213e-08 -1.30926e-08 3.81385e-11  5.74217e-08 -2.61778e-08 -2.38512e-10  2.60949e-08 -1.25139e-08 -2.85686e-10  0 0 0  1.01115e-08 -4.36273e-09 9.85761e-11  0.00168156 -0.00047878 -9.68389e-06  0.00131063 -0.000365113 -3.9293e-05  0.000575917 -0.000156345 -9.37843e-06  0.00103674 -0.00027669 -4.73174e-07  0.00079237 -0.000203324 1.34124e-05  0.000534647 -0.000134108 1.29348e-05  0.000294857 -7.35667e-05 7.10619e-06  0.000170497 -4.30738e-05 3.17553e-06  0.000122597 -3.1541e-05 1.59094e-06  0.000125318 -3.27496e-05 9.39756e-07  0.000125025 -3.29281e-05 5.80707e-07  0.000106036 -2.79847e-05 5.30715e-07  7.49257e-05 -1.98133e-05 5.19658e-07  4.96314e-05 -1.31043e-05 3.458e-07  3.07566e-05 -8.13227e-06 3.68195e-07  2.46975e-05 -6.52955e-06 3.23119e-07  2.5994e-05 -6.88724e-06 2.76941e-07  2.50056e-05 -6.63293e-06 2.21418e-07  2.82245e-05 -7.49769e-06 2.11172e-07  1.17671e-05 -3.12286e-06 1.9709e-07  9.16333e-06 -2.43118e-06 1.64257e-07  8.23768e-06 -2.18803e-06 1.33008e-07  7.18606e-06 -1.91026e-06 8.9074e-08  5.42541e-06 -1.44227e-06 4.36712e-08  3.59525e-06 -9.54984e-07 6.14777e-08  1.38105e-06 -3.66834e-07 2.36939e-08  2.19682e-06 -5.83252e-07 3.56748e-08  1.54559e-06 -4.10163e-07 2.7935e-08  1.47209e-06 -3.90727e-07 2.8805e-08  3.84425e-07 -1.01972e-07 4.81563e-09  6.21339e-07 -1.64894e-07 8.06962e-09  7.39971e-07 -1.96535e-07 6.12219e-09  3.45017e-07 -9.15259e-08 3.92201e-09  2.55988e-07 -6.79479e-08 3.3043e-09  2.06586e-07 -5.47465e-08 1.94287e-09  1.50357e-07 -3.98266e-08 1.37901e-09  1.33132e-07 -3.52917e-08 8.82995e-10  1.19812e-07 -3.16622e-08 7.84038e-10  1.12871e-07 -2.9838e-08 5.20775e-10  1.00095e-07 -2.64235e-08 3.27538e-10  8.15414e-08 -2.15307e-08 2.94868e-10  8.0532e-08 -2.12594e-08 2.11639e-10  7.3314e-08 -1.94087e-08 1.28087e-10  6.4213e-08 -1.69683e-08 1.29666e-10  1.70032e-08 -4.45192e-09 7.26896e-11  3.87573e-08 -1.0352e-08 4.17016e-11  3.32541e-08 -9e-09 -1.2092e-10  4.16724e-08 -1.17383e-08 3.80675e-10  -1.36935e-09 4.93871e-10 -2.19002e-10  0.00135195 -0.000129365 -2.93871e-06  0.000604024 -6.68164e-05 -1.57955e-05  0.00060302 -6.39256e-05 -1.36333e-05  0.000515867 -5.02448e-05 4.23764e-06  0.000378791 -3.87534e-05 8.38133e-06  0.00024681 -2.50908e-05 6.13871e-06  0.000130466 -1.29137e-05 2.80084e-06  7.8425e-05 -7.37631e-06 1.08981e-06  6.19843e-05 -5.55661e-06 5.19497e-07  6.41091e-05 -5.59702e-06 2.74995e-07  6.39589e-05 -5.57976e-06 1.95832e-07  5.34746e-05 -4.70926e-06 2.11158e-07  3.53997e-05 -3.13498e-06 2.10608e-07  2.30591e-05 -2.05508e-06 1.61319e-07  1.4203e-05 -1.25915e-06 1.68411e-07  1.27936e-05 -1.13032e-06 1.5731e-07  1.34374e-05 -1.17778e-06 1.24666e-07  1.24178e-05 -1.08456e-06 1.00623e-07  9.58065e-06 -8.29707e-07 9.27375e-08  6.47782e-06 -5.62032e-07 1.01039e-07  4.82856e-06 -4.23147e-07 8.3773e-08  4.30962e-06 -3.76948e-07 7.17347e-08  3.85429e-06 -3.3602e-07 5.53688e-08  2.74988e-06 -2.3808e-07 4.12407e-08  1.91758e-06 -1.67764e-07 3.27036e-08  1.38948e-06 -1.21713e-07 2.30167e-08  1.03311e-06 -9.06413e-08 1.62542e-08  7.24727e-07 -6.37038e-08 1.29571e-08  5.06403e-07 -4.45843e-08 9.09667e-09  3.90658e-07 -3.40913e-08 4.76263e-09  3.04307e-07 -2.66111e-08 3.36456e-09  2.51979e-07 -2.18933e-08 2.38118e-09  1.81331e-07 -1.58269e-08 1.90607e-09  1.44954e-07 -1.26638e-08 1.59997e-09  1.14331e-07 -9.94329e-09 9.72527e-10  8.30026e-08 -7.2351e-09 7.70512e-10  8.57791e-08 -7.4625e-09 4.67531e-10  4.71369e-08 -4.11017e-09 4.19035e-10  5.51863e-08 -4.75333e-09 2.83749e-10  5.16967e-08 -4.46499e-09 2.03512e-10  4.18467e-08 -3.59965e-09 1.40874e-10  3.6386e-08 -3.14298e-09 1.33058e-10  3.24687e-08 -2.81827e-09 7.03593e-11  2.48864e-08 -2.16464e-09 5.1946e-11  7.55594e-09 -6.89968e-10 2.63276e-11  1.53252e-08 -1.39532e-09 2.40805e-12  3.37024e-08 -3.01036e-09 9.52404e-11  1.3325e-08 -1.19193e-09 -7.38865e-11  -1.8522e-09 2.28754e-10 -1.33097e-10  
            </DataArray>
         </PointData> 
      </Piece>
   </UnstructuredGrid> 
</VTKFile>
