/*--------------------------------*- C++ -*----------------------------------*\
| =========                 |                                                 |
| \\      /  F ield         | OpenFOAM: The Open Source CFD Toolbox           |
|  \\    /   O peration     | Version:  2412                                  |
|   \\  /    A nd           | Website:  www.openfoam.com                      |
|    \\/     M anipulation  |                                                 |
\*---------------------------------------------------------------------------*/
FoamFile
{
    version     2.0;
    format      ascii;
    arch        "LSB;label=32;scalar=64";
    class       volScalarField;
    location    "0.0069";
    object      p;
}
// * * * * * * * * * * * * * * * * * * * * * * * * * * * * * * * * * * * * * //

dimensions      [0 2 -2 0 0 0 0];

internalField   nonuniform List<scalar> 
32691
(
0.00043308390054392
0.0026942216318678
-0.001377824898972
0.0016636415735066
-0.0012236348002771
0.0012328710105919
0.0039330474137906
0.0029443449655134
0.0015888619147231
0.0021929769960087
0.0034834598523651
0.0064992416454347
-0.0016140905798853
0.0014430145718871
-0.00063686748586311
0.00048942882239471
-0.00048345967143899
0.00025052807733223
0.0010720473344536
0.00044896230620584
0.00079863967655562
-0.0055452996564934
-0.0037137199041188
0.0029530429189391
0.0010071062231426
0.00073432386593339
0.00099136358652677
-0.00088497164715266
0.0036543849161023
-0.0025739420416184
0.0038522170626435
0.0022498033919666
0.0019285025655831
0.00093678171413082
0.0022277183638083
0.0046489059412608
0.0043853537183024
0.0059773334484259
-0.0002721073286747
-0.0034600653059145
0.002264969921628
-0.00068963763792311
0.0020869897542626
-0.00090885200314691
0.001253390961817
0.0011242051824619
0.0010334335915684
0.0064840682101431
-0.00055963472505308
-0.0042459578715415
-0.0015536956555649
-0.0013452484897284
0.0057250339078676
-0.0012932681557009
-0.0017837657913352
-0.00059022137879219
-0.00049318803868025
-0.00035766474914317
-0.0023821051792569
-0.00061410251624459
0.0019167442766522
-0.00049613860347394
-0.00077154573447908
0.0013695573747245
0.0017708598559867
-0.00030555541288671
-0.00010693689844115
-0.0020122530678213
-0.0055878416184034
-0.0018953492141596
0.0028399778421141
0.0049768945893051
-0.0042153312238867
0.0024497499191631
0.00047891058008057
-0.00094416402381985
-0.0014707935873452
0.0049711248401489
0.0045121676541156
0.0011771340285987
0.0038924517647363
0.00013672495578825
0.0007262438936706
-0.00019225455563811
0.0017537788601134
0.00084510954049796
-0.0037270857165006
-0.0018252767680263
-0.0045576722221992
-0.00096063443148933
0.0030228894084899
0.0018903035852008
0.0035981347503535
0.0039420439235631
0.00099235235423447
0.0025524573215822
0.0051254461393849
-0.0082400388511825
-0.010068416839131
-0.00019728596801671
0.00044124612901817
-0.0064277846514746
-0.0037460680847838
0.0025996227741875
0.0045299281880647
0.0027052838983128
0.0029723954364951
-0.00070152587468577
-0.002892050028925
-0.0022379534540401
0.00078446826673345
-0.005170711965118
-0.00080645655013634
-0.00022585240812314
-0.0010105525282641
0.00052344775792172
-0.0038400325136835
-0.0072197927461841
0.0022358276662827
-0.0010265846085226
0.0017576218763813
-0.0046011883757752
0.002749528567641
-0.004819660081351
6.177915161505e-05
0.00075540992949094
-0.0010140517182797
-0.0023510837113329
0.00042724287342069
-0.00078089865660804
-0.00094154264870662
-0.00057223220019827
2.3472119481357e-05
0.0043860082591147
-0.0065262942857932
0.00077214095250654
-0.0089851701830185
0.0028992597820465
0.0016805960026582
0.0031416182571748
-0.009469203657153
-0.0028710560441969
0.0038624468111635
0.00012875469678925
0.0029990796484164
0.00090876998259204
0.00014241006646143
0.0040381398933584
-0.0032883583603488
0.0046104316368184
-0.0037619785974441
0.0014194326252999
0.0012230016740732
0.0055921580727716
0.00062904524687172
0.0037825059449227
0.0033502900592211
0.0023706698856984
0.0012826537800495
0.001151093258466
0.00042204261764776
-0.0055034960653255
-0.00010760181589216
-0.0052336271796538
0.0012276377814327
0.00058639529369817
-0.0087528250842184
-0.011470630730873
-0.0094984291345015
-0.0011022470247856
-0.013790400526723
0.0034415377747604
0.0014581115035715
0.0025192294287285
-0.00093094913763454
0.0037449209206208
0.0012278158563103
0.001717074070191
0.0037953438734071
-0.0021689046644122
0.0039148558213865
-0.0017528542910226
0.00231729832028
-0.0084595582215332
-0.0057024865250784
-0.02036490488281
0.0011788561947402
-0.00028952931757969
0.0011907682929165
0.0022411434856971
-0.012702766611745
-0.006199977849695
0.004962571178126
0.006255163168188
0.0029117518420759
0.0040444247169426
0.0048299459248402
0.0045210264166039
0.0028763456516171
0.0057279862976876
0.0046643207019815
0.0023219937527304
0.01040359000648
0.0053577264815689
0.0049437477274252
0.00038778984246962
-0.00010400894266006
0.00099277081548909
-0.0025497163555773
-0.0075328524343119
0.00072049844389145
0.0011597191720315
0.0018847111765691
0.0068625542786652
0.0040176129191119
-0.0010608872986769
-0.0025206807452914
-0.0011626108776594
-0.0024966839834913
0.00090476712460683
0.002242235173117
0.00076649971584137
-0.0010293516252689
-0.0032271202484662
-0.0057329363197526
-0.01494887245594
-0.0002075779395721
-0.0051354298706638
-0.00012387132444429
-0.0028964042541716
0.0034725645776588
-0.010483950601825
0.001295463225559
0.0011798299623615
-0.0010120192559521
-0.002374516061677
0.0034568077273155
-0.0010832330059527
0.0016440045589517
0.003952210252024
0.0036998901030994
0.00070106800335775
-0.0015830594845458
0.0054553722309409
0.0068684471188248
-0.00028425830565186
0.0057462922553325
0.0047040470049673
-0.0099855560995126
-0.0070299183995075
0.0015250555983121
0.0020047582906939
0.003892197180497
0.00029620936069038
0.0030030326505937
-0.018183671425648
-0.013393415786506
-0.0042037090875546
0.0060511009086833
0.0042383275320152
0.0059492982732014
0.0038845901758447
0.0068177527432257
0.0014851824273172
0.003992140771291
0.0083580247814331
0.0079525299583472
0.0086375940969965
0.0035969721478748
-0.0011332764065489
0.00044371993765949
-0.003011075959488
0.006713095529407
0.009079857352833
0.0070301511705256
0.0073240808132058
-0.00037597701221628
-0.00083707069910108
-0.0075851756433931
-0.010760755457219
0.0053775365753102
-0.0013811710210805
-0.008692901542823
-0.00022596720670066
-0.00071783139983577
0.0064494775933303
0.0076193831257311
0.0023981253819067
0.00126620022795
0.0029775759775245
0.0048804976144077
5.4741684984721e-05
0.0016591567247332
9.6954897946819e-05
0.0016373051364222
0.0004089053136268
0.0014509587166328
-0.0039980673451465
0.00203556639274
0.00047966409926148
-0.011695599070903
0.0014491992152393
0.0034881153077323
-0.0044790969541339
-0.01731113289392
-0.0018886499476514
-0.0047245979343122
-0.0057018177564602
-0.01835245819591
0.0029206601417331
0.0019952670641961
0.005180909637103
-0.0024677829897972
-0.00038378403235255
-0.0027089461047387
-0.00019767794668439
0.0028216293564613
0.0014273741549668
-0.0014446629914742
0.0033240382716599
0.0038717978569906
0.003009493201323
0.0037547446499741
0.0055407309710894
0.00062238029928885
-8.1766008352182e-05
0.0038942217866826
-0.00106679813645
0.00080019741188833
0.0017530011088149
-0.025174099974592
-0.014778580999581
0.0087572310379596
-0.0022123712358542
0.0035722196389064
0.0040606206886649
0.00226964362444
0.0020558706714617
0.0031469239599269
0.0013374430757655
0.0033479574621441
-0.023876806680001
-0.0082297099522479
-0.018694227537064
0.00613520156722
0.0068454697697246
0.0040156048061735
0.011447849497771
0.008265446724689
0.0052007965665083
0.006687386984314
0.0036260739236465
0.0063151458519295
0.0034650758475286
0.0047037616157527
0.0056427264194443
0.0098877981754599
0.0076585031359603
0.010877986837944
0.0046136817408731
0.0057189264285067
0.0063890050849333
0.0081716000752666
0.0047557989199715
0.0031721182361505
0.0073594310919399
0.0022402596406184
0.01593597960843
0.010589228757149
0.013104616023079
0.016196535558221
0.00089356044023153
0.0080993334613073
0.00086825097264348
0.00010804260256516
-0.01690653616618
0.0099247736990917
0.004396116045645
-0.0079455713645663
-0.0030547822747144
-0.0093302903866624
6.0363229659545e-05
-0.0012724982679004
0.0054563222264679
0.0090841136915467
0.0072882025681792
0.00034848777259818
-0.0013237803388784
0.00027504788952955
-0.0021558340998593
-0.00088546408873159
0.0013883914429434
0.002640043163349
-0.00096389354856602
0.00058842380667876
0.0028532919339823
-0.0018222843230563
-0.005246203836426
-0.019622204386854
-0.00074696762092524
-0.0087721489104268
-0.0054838337798021
-0.005837488717897
-0.010602066065422
-0.018533969920093
0.0055724744016848
-0.018615201630437
0.0020006190620601
-0.00027938002738301
0.0018260025469253
-0.0026647641394815
0.00059597474153652
0.0022238052371434
0.004760146122782
0.0024496548162929
0.004010081919831
0.0032009416115505
0.0056281570111324
0.0038700372761332
0.00039463196212918
-0.0016206203263627
0.000929404519429
0.0023447764506956
0.0043776566045759
0.0030199415453411
0.0025092783138648
0.0041440429615063
0.0021516288537393
0.0075480262892253
-0.015540635012012
-0.0029102728026761
0.00040894660217545
0.0012161477608631
0.0044931872469781
0.0050335949775136
0.0045072817590777
0.0033140720907092
-0.0001207081919176
0.0041738351982023
-0.027092740001046
-0.00059605665934715
-0.016314820021898
-0.028733292429043
-0.0071975688329055
0.0050881562422517
0.01530438483385
0.022340662184845
0.0088276492684832
0.005268056925258
0.0069948516450397
0.01282220390387
0.013110766002243
0.0058506312780257
0.0066509173618578
0.0081346662389429
0.0023931390053453
0.0077011183190973
0.0067339216651656
0.011795843174438
0.013240579533784
0.0068791617913734
0.011992058171258
0.01260041583001
0.0083246980033727
0.0079525618024973
0.0096016536556519
0.007497899471277
0.0076274024614732
-0.00061499774949292
0.0020259813868631
0.0013146124424968
0.0027753304380965
0.0014912710588878
0.017999734586071
0.01627871055865
0.012213533488335
0.012333972387552
0.019214741429074
-0.00093244079986965
0.0070248906743578
-0.0012746826880153
0.0079659256632532
0.0023623954320615
0.0039170962556011
-0.0097682161403367
-0.014442477425173
0.0067047020460408
0.011412635918335
-0.0046165458836497
0.00062145590298932
-0.0095617448613419
-0.017245248777785
0.0036626379595146
0.0044645410446998
-0.0054326333308819
0.011611119353153
0.0088765484896219
0.0051091491816912
-0.0029998662900788
0.0022373184451895
-0.0014745077686102
-0.00053365243158389
-0.00045712592879055
0.002224913111799
0.0011968486011929
-0.0022745355999488
0.00026730960803946
0.0024613171367137
0.0017724124543692
0.0007026488378831
0.0015955429989438
-0.0012909520960768
-0.00063681762211949
-0.0019321994858569
0.0032836613160355
-0.0083596767286989
-0.011608120969115
0.0048859636128444
-0.0008551243381992
-0.0038205739882746
-0.00100601447485
-0.00013457695900024
-0.011749461205279
0.0016274967737436
-0.0056534314490565
0.00016391333621593
0.0012596080100837
0.0017636464674059
-0.0014390058317669
0.00033941537621293
-0.00026345512965205
0.0030528637065562
0.0024123343632178
0.0038249166903026
0.0023965065526435
0.0035358050729205
0.0054237488999428
0.0044413184020928
-0.0018953717492784
0.0012658658745636
-0.0031614036968565
0.00092575884353168
0.0041556329837826
0.0045566639696917
-9.6035875060726e-05
0.0045522112791345
0.0032894961196661
-0.029661598902524
-0.012497520780236
0.010992107110031
0.0045094526866165
0.0056753020534218
0.0039509659617963
0.0023884179308563
0.0046600964931962
0.0024470684047118
0.00072251652964356
0.0022135121520138
0.0017929303061081
0.0032354561971261
0.0053920953725209
-0.016461556034935
0.003462162226447
-0.017793712901132
0.017117472302235
0.012163235311088
0.020013755618404
0.010222197527851
0.016229418025772
0.015607241255481
0.0082546740533595
0.01295560109148
0.0097797763443125
0.013324364689558
0.010750825097056
0.0064974949616581
0.0081147922170054
0.012090715726258
0.006238752723846
0.0093079614630736
0.015154518693759
0.015020891500322
0.010451986575988
0.007685523598097
0.010140626893914
0.013440823405255
0.018748124936901
0.0096699929678624
0.0079235992556427
0.018827942506548
0.0032773490724192
0.0062930781838262
0.0064266410789597
-0.0061821086036608
0.02510551969269
0.014936161774492
0.016664906091215
0.023132489635616
0.016124785974876
0.0015419598539864
-0.0051982249606139
0.010741307624986
0.0079872781256455
0.007597352923857
-0.0022404871277013
0.016341279997321
-0.0015012825207238
-0.019001810350688
-0.013212775142478
-0.0048878974501961
-0.020538948905764
0.013599496520501
0.010424100227373
-0.0032626063291532
-0.015328283570933
-0.0054862423405233
-0.019139305100396
0.0001702527717888
0.00095672240784702
0.010540830740473
0.0035175269368573
0.00050346448579582
-0.00081824008961383
-0.0024673596188073
-0.0064423070601617
-0.0016390134491882
0.0016659077716521
0.0033951077160556
-0.0017871374885897
0.0014598924446549
0.0021992565828672
0.0016384208506521
-0.0049608767464452
-0.00021999739029546
0.004250104863059
-0.0030936231413097
-0.0081342723099627
0.00012303307811295
0.0043486019082032
-0.017468209593173
-0.0081959035101397
-0.013104848767019
-0.015564403155943
-0.0097778421246105
0.0096359237513055
0.018613394506483
-0.025964165239908
-0.0039242615921034
-0.002879191450341
0.0025454490126337
0.00072385995826989
-0.00060218983439545
0.0038127622477016
-0.00028017334608768
0.0016852254108074
0.0044282068727446
0.0048331927218899
-0.00052795954929332
0.0012649498577863
-0.0003677504367661
0.0043700265824846
0.00029409807750871
0.0051798847268391
0.00096353917167144
0.0035413551969907
0.0024635955545685
0.0024359320993983
0.0047022901577784
0.0013513635830051
0.003254794465568
0.0058767180216053
0.0059203655329349
-0.017493229942145
-0.0077205720836678
0.0035648182950716
-0.0042106566882851
0.0056461875355358
0.0015051070164225
0.0046505930758082
0.004869347597313
0.0073144692328362
0.0093362980352743
0.0082818915772647
0.0026764092690506
0.0047285681343551
0.0040298689014313
0.0066211650812916
0.0044496407122567
0.0052690360939405
0.0080119008846639
0.0053100060252569
-0.036394436162336
0.0098134401085957
0.0058675787012886
-0.0087047964114735
-0.037423215807354
0.0038279619286665
0.0073787056368042
0.01761342698676
0.024631830347975
0.028654798768626
0.031475341913463
0.026299022190175
0.031982091121461
0.0193538043095
0.011668364181684
0.016032773237558
0.010619125805282
0.012853080622781
0.016061033817425
0.019911018121477
0.0087192346421062
0.0078821467887038
0.011221411658758
0.013307909442926
0.0037525776676609
0.011057334434909
0.02166978675022
0.015986063341761
0.017708222670573
0.013377086501633
0.015287958716115
0.0066192955224462
0.010661281630776
0.016245467713236
0.021459217649733
0.0095455910165597
0.009947073716421
0.010060997601091
0.013119956091007
0.014935910951339
0.026353585750111
0.0087481532269979
0.0059098869779697
0.0065145620113999
0.02782032800873
0.032980247797274
0.015696017352003
0.017737245021358
0.025292347578481
0.019985948469365
0.007724729245414
0.0015503466095384
-0.0073915619487745
-0.0078256286779996
0.01215802259569
0.01564620911014
-0.0012955464099674
-0.021193830444219
-0.0054996455438316
-0.0080459748334218
-0.018698310954281
-0.0051611276904778
-0.030424473580073
0.014010601520697
0.015278896872335
-0.006155033125713
-0.0058803839728735
-0.001656931155352
-0.023023644373896
-0.00099578777364081
0.00040423146379905
0.00998602227198
0.0064025667823929
-0.0026008537010626
-0.0033810189945286
0.0032601757114712
-0.0018822574412555
0.0013899762945136
-0.0011252887977644
0.00086919316739276
-0.0033654475749868
0.001109234069808
0.0017005643819482
-0.00056759480635237
0.00047387242144103
0.005413029530052
-0.00023815602218774
-0.0039433379087508
0.00048671183684482
-0.010983281886778
-0.00064304426682546
0.001813370771412
-0.0046093349979602
0.010147091514283
-0.017503647464144
0.0068020384279358
0.014041290614386
0.015990927733694
-0.01380908052608
-0.010182889237102
-0.00349335042085
0.00041694673745713
0.0041673922199128
0.0041500083656404
0.0013948647717562
0.0026984706580836
0.0014312096016135
0.0077909230308357
0.002562236749608
0.0018813863830714
0.0029471306989872
0.0020308997926347
0.0024482407204329
-0.0052706847374671
0.00018233573553658
0.0042009046871003
0.0019110069050161
0.0026804816465957
-0.00075550711569492
0.0032164668018908
0.0055102118975644
0.0004207476910811
0.0016645042117419
0.0040914847998934
0.0016942154302363
-0.016016819833505
-0.0074355557989999
0.0030775621381465
-5.0908497932629e-05
0.0040822172099975
0.0040717608781743
0.003697243275973
0.0041428817407284
0.0030002351027109
0.0025521576528907
0.0064660791668724
0.0061868528689047
0.0050309850374782
0.0089504781420408
0.010053856030073
0.010813760127365
0.014906407487656
0.00087792758079334
0.0028579782037707
0.0043548557987773
0.0049343657708467
0.003222522689707
0.0022968922244258
0.0027119886360752
0.0086910809342496
0.0036800958655834
0.0086397106903692
-0.031582010576866
-0.016217221951404
0.013649646278514
0.030442361635581
-0.011301292591109
-0.013753212976418
0.0087619512993672
0.0012222298484384
0.025944096180148
0.023977181018167
0.0250160105448
0.031922238461071
0.025681265535577
0.035324330471343
0.021686597542114
0.012398766867083
0.017603553254969
0.016948336762791
0.014292854505041
0.022263019611617
0.011528442374097
0.010335790068768
0.01100114286767
0.010502433922355
0.015005588661934
0.0079234605285646
0.0079771336998358
0.012488521559711
0.025201077994901
0.020285924498652
0.025687896083857
0.015184737960538
0.0081796703087907
0.02275749129289
0.029677984968085
0.015739882193873
0.0055242442396463
0.013681246038963
0.016750825270241
0.033405599159708
0.020680295977197
0.0055612461328199
0.037163335617436
0.025902252713655
0.034792257586361
0.017854765980208
0.020257125025038
0.023021023086636
0.016284014659841
0.00044927201389786
0.011051044293897
-0.0041149973364384
-0.0094294839701138
-0.001142632076565
-0.011314906865946
0.0040850585083805
0.017889816910847
0.016112972840158
0.020779486021185
-0.00026305220503948
-0.024664845083703
0.007844786276173
-0.016238095294133
-0.01858909676856
-0.016314167287478
0.0055622646814861
-0.029631920395551
0.019850541579295
0.015863863218362
-0.01556332688659
-0.0056536462891469
-0.0037849140712573
-0.0022802362523083
0.0042663262580671
0.018367115641444
0.0056396537614605
-0.003828418430538
-0.001692617910688
-0.0016881530618342
-0.0021810185932064
-0.0021231801871392
-0.0033434386595014
0.0027434652413746
0.0009009187605193
0.00037737786596277
-0.0012220688413186
0.0011065687224718
0.0017598901784342
0.00058894269788481
-0.0043366802058795
0.0026554780451628
-0.0052120485715918
-0.00063851789062467
-0.018040513845535
0.0090131924901094
0.0043813364997566
-0.0088428234175626
0.0053229940599988
-0.0031213036658037
-0.015312572360532
0.010322150892705
-0.012479743702999
-0.023391909370449
0.017033480356771
0.03307976854347
0.021701493223749
0.030304718014983
-0.014653096575374
-0.033132369883479
-0.0087964378104931
-0.0034165097440936
0.0025511966056009
-0.0028688216752506
0.0085912274487755
-8.9559905653055e-05
-0.0016562453562388
0.0060488775727524
0.0036249226414045
0.001787066201769
0.0035963527719461
0.0019937745450559
-0.00046933266213389
-0.00014448532900201
-0.00047489887753664
0.0031301019113458
0.0061663184196486
0.0046730291237213
0.0061064869957241
0.0034336935818753
0.0051278094406985
-0.00076670146460991
0.001173048889489
0.0015286850854583
0.005006779522106
-0.0013420914364287
0.0051647374592964
0.0063683658805027
0.0029084218104013
0.015067695547063
0.011136960138397
-0.031668591430498
-0.011156392604929
0.015188178753137
0.0032112262896162
0.0043269645648757
0.004063482631908
-0.00084907877033723
0.0073224842475667
0.0095454188593208
0.0042515754619879
0.0043893129870014
0.0044494557080372
0.0043212151956327
0.0047971402700978
0.0076391751549506
0.0076114101308097
0.0070798513012703
0.016065698750517
0.0085402599331611
0.012123434866032
0.0039363791727106
-0.00072131947604572
0.0044815738764504
0.0038713774948913
0.00037098680651739
0.0056120114593072
0.00073012744482846
0.0064972698289652
0.013614510533294
0.0097390533722001
0.0063900447255699
-0.013271511159573
-0.011167360313009
-0.038353189961507
0.040279181292167
0.017667542756137
0.025575844592461
0.029232746337002
-0.040646442306181
0.022346835655471
0.014328929561811
0.0032278462065609
0.033820375080579
0.024937858461868
0.036676370173444
0.041483954014355
0.040655679091485
0.037511753207093
0.038240533914121
0.035044786469912
0.027346582126967
0.016684329149413
0.020801881845698
0.016499766503742
0.019318068356698
0.017983576901971
0.023439955797817
0.018366867147852
0.010045942806309
0.015746392862066
0.0072515572840287
0.015530147305491
0.015217351892417
0.0075621723086735
0.0026787581057551
0.012669456823552
0.016249516236529
0.023402126243283
0.016079116451363
0.022911012222063
0.016236535269035
0.029533776030416
0.026772592294336
0.010035493547278
0.012243632918599
0.02001319153435
0.034258684232102
0.016592156176319
0.0083410050384984
0.0087943298600937
0.030114712885933
0.043224494021208
0.033975334594554
0.044482423961355
0.03683057717658
0.029260632408414
0.053431787023633
0.025476687702987
0.024654715374064
0.019041709728978
0.018073371365928
0.003924288298916
-0.004610822912839
-0.011531053045834
-0.015378300959646
-0.011598882209382
-0.0055431247238285
0.016141632697233
0.028531181587379
0.023452018315525
0.0015392502167059
-0.022878674332067
-0.0067666539366369
-0.024725119010429
-0.025281535285215
-0.010628775493849
-0.019517430819672
0.0094801214278418
0.021781745101936
0.018550004816484
-0.0045748102434643
-0.0091602968652494
-0.00089598417911431
0.0014034672623171
0.015904852199309
0.011519400143159
0.0049906209302244
-0.0051478032164355
0.00058824752181374
-0.00404422658201
-0.0026488112519301
-0.0053944713070931
-0.0012357833664265
2.0491472566045e-06
-0.0023709710272091
-0.0017513689293417
-0.0012251382198947
0.00036855057433559
0.00015338033139878
1.0978103042008e-05
0.0014069988635376
-0.00019286345112737
-0.0088582272557315
0.00027164406477222
-0.019406437587421
0.0042146345645287
0.0056300382093552
0.001096416907236
-0.0048669622214562
-0.0066687192334836
0.01383603287819
-0.0052865728318612
-0.015088625762741
-0.011196868044948
0.021388888042099
0.0094607555486506
-0.019183926506633
0.049235216351126
0.020580297405083
0.052138416617617
0.030118179313826
0.034354066019975
-0.0027767426769388
-0.030014482265571
-0.0087818150317831
0.0033182420197185
0.0046927361199732
0.0032289861331652
0.0064775539772219
0.0043440605195082
0.00031417186621674
0.0042183801098565
0.00072753173057848
0.0017939705902635
0.0042447616489437
-0.0034491108997096
0.0025455159175474
-0.0031585669639248
-0.00093361372273763
0.0015209461430408
0.0021188240741997
0.0010699656571414
0.0049158777317082
0.0019810440012801
0.0028182936033984
0.0045436593261809
0.0010348771255251
0.0039697183253887
0.0048123920362028
0.0021916029537907
0.0026263207827217
-0.002573158531892
0.013445819541879
0.00761893661018
0.010400871945851
-0.038475097869169
0.012450578436604
-0.006568269787742
0.020662062375099
0.0016192043571451
-0.0044525864665438
9.100889187718e-05
0.0032297927587231
-0.00033718534046805
0.0046538718258853
0.0022331137205002
0.0041170690120674
0.0038718571551419
0.0010877812840289
0.0052614946560319
0.011013851009592
0.0075576183063573
0.0090001901464036
0.015953213084417
0.015189452901995
0.014870546264493
0.016924231532287
0.015447006415309
0.012393758702364
0.0030249557075933
0.0040359141310638
0.0046365679876352
0.0072462889336139
0.0047196701150416
0.0010021800030893
0.0061095178880712
0.011976549501052
0.011891156692882
0.0065696785008872
0.0089329989055376
0.0046331529987082
0.0092777237393027
-0.039934551527168
-0.010770493141915
-0.037194896534696
0.042891517427125
0.041680584655085
0.015549951273828
0.017047794167008
0.041322288463748
0.045452086613269
0.045728953583274
-0.02596856414835
0.02489026334715
0.031542228613025
-0.0043952031774214
0.041885581733735
0.035693792703467
0.031336194547741
0.040346663637204
0.048704525218992
0.054868622711281
0.050152017951049
0.049040667017568
0.056069595154718
0.036782693934257
0.013893886392597
0.021038601482048
0.022232887225239
0.02822081784682
0.017403894542692
0.020946341445799
0.021512099378034
0.022733245859127
0.024950858786372
0.016004855987618
0.011453382147004
0.018558269373726
0.014615245962041
0.0031035547834992
0.018259963955805
0.0073556439643599
0.024475114607121
0.038384351206585
0.032998155970871
0.022921368583414
0.028013232081064
0.017388779440709
0.029329011169874
0.011750185657227
0.026168437952136
0.043381540705225
0.010187669504197
0.036447678032627
0.048020793254286
0.058425040537418
0.038498876809924
0.03168823664002
0.033844838252932
0.025176776226212
0.049638429920356
0.028519251630831
0.029321914932296
0.013906678766226
0.011398662177359
0.012684609259917
0.0013726306410172
-0.0094930350044428
-0.018101304083147
-0.018421115060686
-0.004158779893485
-0.00067117663241204
0.026862161414617
-0.039733843278803
0.018224235045669
0.018164048378647
-0.015949175065251
-0.035650900383542
-0.0056613820968828
0.00033310199569143
0.013548572388199
0.025466809287454
0.024645176141141
-0.012504897582713
-0.0078303731936863
-0.0050086343148555
-0.0010718878821666
0.031726570993538
0.022858066325233
0.010002323291673
0.0074808892988765
-0.0070830592417104
-0.0028982192064737
-0.0042296649723831
-0.003760835827531
-0.0038679278300419
0.0006912456729205
-0.001027639103573
-0.00059268419824773
0.00014367586978424
0.00041812047516496
0.00013531587497687
-0.00016317926594667
0.00022985019878043
0.0015022579381973
0.00033145303200412
0.0018950201253695
0.0006151684152242
-0.024032071164402
0.0041676294315227
0.0049467221121533
0.0037805058882334
0.022790814868213
-0.007736934100259
0.00074981995769088
0.0056553082639527
-0.010056701051621
-0.0096256200061268
-0.016806100760701
-0.025643436475731
0.014629293443437
-0.014730423172108
-0.013424836974323
0.017488491144971
-0.0068318455164667
-0.025057144030521
0.051562147130162
0.049561477996515
0.028294463126723
0.047472785089369
0.034406470896945
0.031554921555746
0.053897851252908
0.00065919600156574
-0.028709827935822
-0.0029737635652356
0.0016560583630503
-0.0014919862745818
0.0032258536891615
0.0016644758228795
-0.0010220143841389
-0.003097889092464
0.0055700825547745
0.0040229112792877
0.0035685633591188
0.004799633796368
0.005788210868698
1.046086356224e-05
-0.00056794969144755
0.00044795867930246
0.0029946249701292
0.0020961492166425
0.0053157407766742
-0.0012770780546622
-0.00052272283146028
0.0013743156119174
-0.0017919814157339
-0.00072328878839574
0.01150088267363
0.0045510891531614
0.0033044265876635
-0.0054583625343909
0.022030559643872
0.014801470132044
0.0082524288480018
-0.029117953148884
0.016949136019539
-0.010319240551069
0.039741956375924
0.0012590907463296
0.0039423076357298
0.0042331720528883
-0.00068392555053781
0.0039543964800399
0.002178722842339
0.0038738786873523
0.010993008926375
0.0094690242010573
0.0059303626463615
0.0060068890020088
0.003552253141235
0.0026285978367264
0.0056251864876089
0.0087405346895787
0.0058024356125642
0.0067773148713801
0.010063649648548
0.0084142222420597
0.011167294596251
0.017565664131026
0.016034812577062
0.022134724857934
0.01455127910764
0.014151791943696
0.0085172131338201
0.01204934036578
0.0027127505667771
0.0025314696917938
-2.8288761438141e-05
0.0075505329875874
0.001995365507431
-0.00070086850721878
-0.004176487774255
0.012886255391044
0.0088765926872896
0.020102793983271
0.004414918761759
0.010535640932361
0.0065791063181742
0.0071655724756934
-0.035306257968104
-0.038146320677093
-0.03794413989954
0.074012081233287
0.061085100549659
0.033153552013397
0.055147372753629
0.050446428724307
0.044028067391331
0.059763938998362
-0.01800394623398
0.034461406018203
0.004801656583511
-0.0099403221201118
0.046495696394663
0.045341912588864
0.048927621455757
0.032828000478831
0.038897780396876
0.049494714009703
0.053779562511955
0.055201353374043
0.054260478439416
0.055733021239864
0.028893957229242
0.033962010395963
0.019178314751993
0.024876714123489
0.031690116222042
0.020286913866406
0.021571948311211
0.026736728164756
0.027053560661416
0.028226236342309
0.032726974763794
0.023535868512948
0.017527573674846
0.020867675322249
0.012035222539306
0.0056495198513379
0.0043805457601353
0.015622187547052
0.010953397059747
0.01845916253389
0.025433781858245
0.042533780913869
0.038991458043294
0.033282755301554
0.029825653396408
0.034877534851217
0.016344653224581
0.037920671537478
0.048815349056977
0.053125237887694
0.055246312248748
0.057648304048051
0.035225939250523
0.049965404552758
0.062841504142009
0.044859928725394
0.028653016978876
0.032858408286517
0.031780403121882
0.022055981028748
0.022816207978771
0.014813715337391
-0.0022714484228424
-0.011145228658254
-0.017698668014693
-0.020528011630537
-0.014914224267645
-0.0044147639911784
-0.0019748825876825
0.035645427800335
-0.017765243942708
0.0092155274237243
-0.022891639136073
-0.033388782101764
-0.01336068558271
0.0068626291713518
0.013129126760426
0.022330386259379
-0.0045478508959878
-0.010614602091803
-0.00062803444148309
0.002240998150823
0.028693568116577
0.017185701216195
0.012665114791591
-0.0052391073288337
-0.0051005309968281
-0.0058553042085941
-0.0090039352770186
-0.0036502321158082
-0.0014809325112488
-9.4873996629983e-05
-0.0023022808402863
0.0003657444644508
0.00076108993407724
-0.00020840074860257
-0.0024934159241127
-0.0010780521750596
-0.0001472242310317
0.0035521387667454
-0.00089267239533268
-0.011590200583696
0.009839264017442
-0.022528552362184
0.015163954744188
-0.0066439658210057
0.025981488103778
0.011709424331492
-0.0061512842055133
0.010172147185368
0.0081036718771977
-0.01658955736621
-0.004650659291229
-0.0049823540617558
-0.021055550908093
0.0029108242643069
0.039661083279871
0.023972416430466
0.021949652743674
0.019670766231012
-0.0032633009815037
0.066560250873261
0.066560703713456
0.055256645756615
0.065985391251383
0.050134088393381
0.062042765382873
0.022780694615857
0.060366209677213
0.051596920157986
0.0098051496031337
0.017985026814865
-0.017766121269109
-0.010754055504018
0.0054140522493649
0.0038148092671706
0.0027606475459766
-0.0027266046791471
0.0060676626901206
-0.0013672130426163
-0.0025094745069146
-0.00078320527210979
-0.0016144423643343
-0.0009286909441826
0.0051593351808678
0.0038190732320421
-0.00099657161126442
0.00039406172524038
0.0028139785710622
0.003887113602786
0.00036797693960745
-0.0031398715686419
-0.00010635474804985
-0.0018484010572283
0.0025309934801785
-0.0033689343238282
0.0088423262812221
0.0042139049917011
0.01222651881012
0.0071506714502451
-0.00043678176133382
-0.0014548842808927
-0.00027030858915252
-0.0069236886722372
0.016324373164069
0.01387588007574
-0.015924641823038
0.020518682838554
0.020692597002958
0.07437923392382
0.0029844861797802
6.654981067486e-05
-0.00077915750847594
-0.0058796320624903
-0.00053540976025711
0.0020001614872263
0.0088396932824613
0.0052242637726573
0.0090963075199014
0.0053265994394221
0.0045413061551442
0.0028203157039135
0.0039081801714543
0.0040137701169646
0.0075546323830173
0.013404306970703
0.014637725340044
0.0084007304395831
0.0089900574611021
0.010482851418569
0.018733501714694
0.013607705433711
0.019986721119568
0.019642982207316
0.0085251828167206
0.018933661007347
0.020111121656471
0.016764035534489
0.016095791092567
0.0039507278808795
0.0030424485259361
0.00062025050162578
0.010492939437041
0.0017991868752528
0.0079806721722213
0.0042967672892322
0.0055339353812718
0.017173472355071
0.01849388833804
0.013451447483779
0.01128873241428
0.0029789183798664
0.0071919361720846
0.001995228565845
0.0062050356276916
0.012048609467324
-0.0076374375169843
-0.0063983921136947
0.063147940984125
0.077482902861547
0.071282829488318
0.052578740322141
0.043765097272864
0.057179684127
0.03570742067989
0.048963532960561
0.06521893121871
0.069883483737286
0.016480908254636
-0.025150384087926
0.012352356199134
0.025956919224007
0.069248872072358
0.06429198141216
0.048464751152175
0.045470718389943
0.054087629779682
0.069063513476153
0.071538381185021
0.06434092775653
0.060668828008672
0.057471696566682
0.046229247419994
0.049112280855382
0.046294854079766
0.025219954931724
0.022566759573151
0.029938526195636
0.025583606294172
0.03659014044664
0.025974256167808
0.031460567406286
0.018226402489381
0.021092129753167
0.023747873603058
0.018285158575719
0.0024786524947618
0.0091503363924026
0.015943804691524
0.0058341804013798
0.027078237633938
0.036186498910582
0.04610438407844
0.047435757018281
0.046136706107868
0.031177774222017
0.045854378431734
0.013223993258895
0.052402704641155
0.054916664806527
0.068445767540108
0.068205843386659
0.084989717229105
0.048923982861577
0.039656205657685
0.035250609054852
0.06621991933612
0.059241431930814
0.039162513048852
0.04654535214378
0.048569152169733
0.030491534133954
0.031702928485444
0.0070424900190492
0.029080688997355
-0.00059857433784732
0.0028916359055366
-0.015916337132942
-0.010114907940727
-0.023592946338648
-0.015371632305868
-0.0062880865821194
0.03067723342592
0.001599453227142
0.021955171511504
0.041916248983829
-0.041054438006672
-0.032314977833703
-0.0013008214542062
-0.030816805374473
0.024866541409341
0.051367163201764
-0.013350188807873
-0.011640258691361
-0.002592323745463
0.041662021086381
0.01702312273367
-0.0047140433806882
-0.001083948514699
-0.0031833797753295
-0.010897229624865
-0.00055947688220741
-0.0009523907533422
-0.0012770226466964
-0.00082742068681705
-0.0016085542029697
-0.00028457824904583
0.0001313587217454
-4.51108180909e-05
-0.0014668894039177
-0.0001325197498106
-8.2090249821677e-05
-0.011983175749014
0.011794570687113
-0.00015381946353652
0.029531828897562
0.030427120210781
-0.0090096821468871
-0.029550525654044
-0.0032792486339051
-0.0090354595089734
-0.030126891076055
0.007867145701768
-0.017584438228983
0.036384538712734
0.05147187768725
0.014051770191364
-0.0045003565539215
0.074256351209136
0.084304951695624
0.070583476492496
0.07574140010056
0.093582234474013
0.065598201708562
0.049814327768874
0.063622347994706
0.082772140100692
0.066175511041655
-0.0081336902381454
0.0050442339344187
0.006826789311907
0.0050949318628711
0.0012948357372866
0.0057066114619925
0.00021890464394899
-0.0024041526107192
0.0047571161678988
0.0060954842216906
0.0035866963166424
0.0015634873164651
0.0028820057217712
0.0032082195596464
-6.2674691093946e-05
-0.0014573219341062
-0.0052074064459106
-0.0051768041776376
-0.0010784290745599
-0.0015713464249214
-0.002820634727368
0.0019216063885709
-0.0011710688079149
-0.001183971305195
-0.0060208415862109
0.0026167373891969
0.014875124770764
0.0076548840548916
0.017060317246452
0.0044323571175353
0.0095303701362141
0.0028119716414775
-0.0039140337772757
0.0089003206912228
-0.011891049055924
-0.010783309167569
0.019494834158377
0.01291034685927
-0.030229377883403
0.040392500500691
0.054897639703226
0.077324234558917
0.0040380424078306
0.0050862048340613
0.0031098424719011
1.517805138728e-05
0.001347204830252
0.0075581062127638
0.0068221727188737
0.0088213720111045
0.0038884038353237
0.0057832624138893
0.0081141897395877
0.0038392073001796
-0.00071842538099725
0.0054898005254788
0.011121364640224
0.010204095819144
0.0075097098569212
0.013038950928042
0.021596525673377
0.01826289494011
0.02391378376318
0.020569870456273
0.018289680923405
0.018538638181533
0.021187089214465
0.022722711301756
0.010376383013403
0.014363849061405
0.0043676264979641
-0.00040871758117308
0.0018101547418141
0.00011375758760434
0.0072634968655532
0.0018302906526146
-0.002940816288754
-0.001852073708014
-0.0028515967223501
0.02093704086094
0.015150526782056
0.0086681680067998
0.0076180974246808
0.012397578457311
0.018055478657527
0.0082948487641749
0.0076693738597462
0.014883186105763
-0.025356876368555
-0.013534543620638
0.071405415542701
0.08339370085659
0.092517738171689
0.090922447436069
0.10655504019418
0.091827303049343
0.10278752674287
0.052251170476221
0.07184625997931
0.067817766930902
0.062556156253339
0.085365449215908
0.083481478999985
-0.0026448439993695
0.027266708029832
0.038583896922127
0.0062291968500956
0.075272070966963
0.066452258683002
0.067815010819808
0.062650655247689
0.048242428854408
0.062866719086561
0.047823575175634
0.080403767229395
0.073212504641392
0.062747101037404
0.074791223441927
0.079253790839129
0.03577924619506
0.050324814166788
0.050558089222697
0.031409684932127
0.028378866006306
0.034370101107542
0.022726070201301
0.035593118560173
0.032377682118319
0.018882747178717
0.01681381768722
0.027694760424485
0.016540370341656
0.0026885332301358
-0.0028626788419819
0.017876643859949
0.0086678724082748
0.01472441474955
0.028779984798287
0.034786625125541
0.045403109494991
0.049533136912522
0.040601655573256
0.051920678828438
0.040874755998009
0.046706013978062
0.055649647197782
0.068786095675097
0.075260952549102
0.069480943847938
0.053867109124127
0.041698441555986
0.071824414691645
0.059233243650328
0.063451350856246
0.066655579167344
0.046404467926822
0.057852840649401
0.041650676797437
0.034643208565849
0.011039017129453
0.0074060935415341
0.031031548519527
0.0023199237280098
-0.013601393736221
0.0040838903174858
-0.012276830180356
-0.030712020851358
-0.033863131841196
-0.0092788124706515
0.041225481861997
-0.032104763807814
-0.017838930890096
0.015987956258442
0.051897595356999
-0.0046578345095298
-0.036757786205195
0.012655771734337
0.058400788248076
-0.017366940793516
-0.0016560982976705
-0.0053871813995343
-0.005374677906955
-0.0090696582946894
-0.0095143563394349
-0.0095089942381358
-0.0015429993877438
-0.0047859868628545
-0.0040368767061431
0.00127116101798
0.0015932917219817
-0.0032713202255266
-0.0013784905285198
0.0020639537903287
-0.00016741268877586
-0.0025358093914451
0.0019776936078963
0.021838287721266
0.01351144023748
-0.0071868400851156
0.035770129283824
0.044692025440801
0.022666377340678
-0.024139591674365
-0.02395501272608
0.0036366837539062
-0.0081813906862281
0.0097693318137714
-0.011183130784976
-0.026673550402199
-0.0012895281574142
-0.01973471191794
0.025878089501756
0.052861579360561
0.052407459100885
0.038056758534072
-0.0027942193704331
0.084145796812447
0.089095895580667
0.076870886570699
0.076343401740981
0.095468215410464
0.091276768525626
0.10493899953403
0.06980760077212
0.091334671165825
0.03754209934639
0.05450457878948
0.086288279452851
0.077953434945366
0.011027025400821
0.030516654737849
0.017841316100261
-0.00074412049482189
0.00061511554763635
0.00010364871670328
-0.0022095830885446
0.0018581528698263
-0.0021763398160719
0.0028331251780954
0.0016340973799291
-0.00099237326171511
-0.0016684576379103
-0.00028279007865055
0.0018211560757358
-0.0024252600135915
0.00067430852923683
0.002729387696038
-0.001176384481075
-0.0018273446636664
-0.0047563689208721
-0.007606205139795
-0.0058565540475278
-0.0059780940066739
-0.0022625517556661
-0.0084901142588174
0.00084073447989253
0.0089681301995014
-0.0093860757171929
0.010433463880571
0.013779653599975
0.016920080750534
0.011230399858136
0.0095609031280659
-0.0011563176221861
-0.0039021967654932
0.014200069571866
-0.0060172180466084
-0.023888126003281
0.022116220809278
0.01168061579522
0.070737813349724
0.04135146107158
0.065343127380566
-0.00080091452512404
-0.0018961798319996
-0.00025347131271291
-0.0007363778371495
-0.0011802272839764
0.0041768360524833
0.0025527625854027
0.0077966118819423
0.0063387431863793
0.0043405645062961
0.0080794350966224
0.0081222589887602
0.011135652509142
0.012474875526578
0.0035138883823069
0.0030697847171995
0.0027741576178434
0.0039629515248262
0.0061736275386904
0.0050533072340311
0.0087557894050008
0.011610589742289
0.011293205363403
0.011947397068192
0.0076603455435501
0.0237220255982
0.018702775311277
0.029869144104455
0.019687668977471
0.023605967748137
0.012362154639028
0.021370947956927
0.029140838632853
0.01939104839448
0.018018584146913
0.018129458030098
0.0017862673934802
0.0023236973273415
0.0024778185533413
-0.0019323484555325
0.0049580416150524
0.010430160401737
0.0056836226196034
0.004086590638109
0.0020616393430999
0.0021701064644175
0.003179966182387
0.0019432508983707
0.018517130032647
0.0046839453318035
0.0034591961311959
0.010296878797617
0.014092268502712
0.011757865491087
0.0028400969943761
0.0021451638382336
0.016335532357775
0.001132965351419
0.095095632112835
0.11914192026036
0.11729054825728
0.11637833017276
0.11375164413778
0.068609069247272
0.094042194402101
0.09119768874996
0.073247667227253
0.10098868261087
0.12348593870437
-0.0083667526969847
0.051436691874913
-0.02133705395222
0.073152950925297
0.039516806686415
0.09409602245483
0.089109941265351
0.087535141670617
0.059753753243612
0.071516977241272
0.064571505972153
0.069035432907499
0.089846319408207
0.091204564734123
0.084326527000199
0.045155407540769
0.053892638492953
0.061373838402496
0.031654667155546
0.027822347309112
0.038912255397815
0.028162527433263
0.02212326111506
0.042259842636053
0.02713661409009
0.03283515033528
0.02216103916865
0.02289448929048
0.036242800871166
0.03747565440615
0.0051822810018965
0.010993956720658
0.024636180813782
0.018611716207237
0.0088519513101882
0.037601870722779
0.033011789095656
0.046974971598807
0.045741866461834
0.057646825439686
0.064478547791936
0.045503240905919
0.06177721378388
0.071737262803185
0.068931600370922
0.089899229521621
0.0630468841999
0.048884686941402
0.042652695639696
0.075877356770784
0.075162332026097
0.079391370481596
0.055921464717154
0.062493543149765
0.04485877702678
0.052621954069316
-0.0021313503800968
0.021407020321818
0.039812240845495
-0.0048187940121714
-0.0011355563445526
-0.020296561273629
-0.01866076638896
-0.01563409386146
-0.010659058225359
-0.01310171114486
-0.030654668682319
0.01674295867621
0.049396360151202
0.017020157217324
-0.016259655097039
-0.021112871811431
0.03710070529145
0.069356534758579
-0.013587188529829
-0.006678434090789
-0.0092095952614886
-0.0085211138834829
-0.0024001432692521
-0.012188359363418
-0.0022839717428552
-0.0045478150158674
-0.0020712689671025
-0.0042242114374058
-0.0083586789787457
-0.0037104434464353
0.00049548948406498
-0.00037251742327869
-0.0033998026975499
0.00095483678341519
0.0013538893592464
-0.0033232426314805
0.0032682362788922
0.010006835318439
0.025563211093996
0.025938048452289
-0.0097087279796771
0.054915600572307
0.05009788692232
0.02261982672485
-0.024188360007452
0.011500365576405
-0.016210697463474
-0.012768578652383
-0.0032982543806711
-0.019388064139704
4.9348608579751e-05
0.034997248910077
0.013942984161031
0.063558232953673
0.073666928825685
0.021125452372573
0.048810283447524
0.11183716299644
0.10444400307698
0.085013916614746
0.097473481159913
0.11890470715047
0.13164173158396
0.12339865839327
0.10892646465756
0.08166257761041
0.11654690014505
0.039817419923878
0.08489755929272
0.087916578033513
0.10259794563202
0.08490977698814
0.03993175105097
0.03747075530355
0.048932272015367
0.0016631900656672
0.0027837124688029
0.004700758979468
-0.0027672134345704
-0.0042318970112827
-0.00061873032321221
-3.4472142722517e-05
0.0025972236382354
0.0046581794481243
-0.014958172761537
-0.012831664084194
-0.0081793337440266
-0.015940729264271
-0.0080843459997067
-0.0019039526473876
-0.0065080354489854
-2.8270234981388e-05
-0.0086525676199414
0.0016041791188447
0.0041601152044886
-0.012023509938097
0.013253065348102
0.016902105007842
0.013106620825473
0.011266530765059
0.0043265218750628
0.019694550688329
-0.013117548743478
0.019769339984048
0.00098535635294484
0.088632704706962
0.02996632573167
0.11167815677457
0.0030889606729097
0.0048211370008251
0.004827937758436
-0.00064233248918604
-0.00037019084943171
-0.0020020092936047
0.0035241955463417
0.0018019010759546
0.0034197802201067
0.0069351645203599
0.0089558274938426
0.0056954099346519
0.0097714670136357
0.007624218292182
0.017112430990242
0.012956958682141
0.0014985403493344
-0.0013305658957472
0.0042798008403765
-0.00045870778783238
0.008190849852263
0.0073814199786637
0.00048418064357837
0.014799793520932
0.013592415824855
0.029441133507501
0.025176665289154
0.021304837851383
0.027760616984415
0.019453391437903
0.030075023668918
0.030898143331214
0.017007035846792
0.019783895957873
-0.0009627780024672
0.0078136331867961
0.0024475970784601
-0.0015781104086656
-0.0048439900164013
-0.0065708997013013
0.0034362360308193
0.010685827249721
0.016817604138305
0.0082692125091466
-0.0002918147572609
0.00089764733294833
0.0037889651735783
-0.0010729000166332
0.001281090165112
0.0021571021613945
0.00027955904801494
0.020079775881838
0.0079762769984725
0.019128507742248
0.015924490176624
0.0035323582708596
0.0032417389441138
0.011485501119289
0.013109391862566
0.041793779353513
0.10128690078346
0.12614334363332
0.12642106756543
0.13761166022617
0.10618160970434
0.13466648691527
0.12451586159915
0.096010528475567
0.088433983891552
0.11765298071569
0.077985564081907
0.11560357744004
0.10639277101367
0.057075238721794
0.010700194426268
0.056410775452132
0.046699703543796
0.020720003342317
0.10213405428082
0.08892858506495
0.0926637439558
0.062587139854389
0.088146691374409
0.078609965728711
0.061667627518051
0.096306670525923
0.082794626822302
0.051481089196748
0.047011981638834
0.065901059478894
0.046841058854905
0.046844781695872
0.024750897571202
0.028227195417341
0.030171204037251
0.044675244586399
0.022655259289846
0.050456624579176
0.044945421795601
0.0303918153176
0.037461959832337
0.02616297790324
0.041042657293107
0.033595717713287
0.011458296703613
0.019006728204564
0.027030234973854
0.017408978075584
0.0069945907020671
0.040038553748144
0.037778542957053
0.03513261009408
0.039789832295792
0.056869266511797
0.05712897849654
0.057746289820643
0.063731531107553
0.057217615807887
0.075402035107526
0.07255542652484
0.10425529631224
0.070690403611902
0.07242794736714
0.058920540014638
0.074957984220516
0.087141576655519
0.099556804929826
0.062771675158251
0.074552655001407
0.097566156058933
0.061192083996259
0.074757556576178
0.046930131880041
0.037987381088008
0.072494196778865
-0.0063512697420166
0.0041422803154575
0.013551401593534
0.031276151856342
-0.010189622383284
-0.0081660484022249
0.013536705910045
-0.035075005424105
-0.029508451581915
-0.02186353170297
-0.01023686452791
0.034941950054064
0.089917105827545
0.0042290527003866
0.0021027706389899
-0.028361146806465
0.034806545798026
0.013408915209012
0.095537824963631
0.00069789360301316
-0.0084451562490356
-0.013529161219916
-0.010256755540817
-0.0068424666609038
-0.0071732517447347
-0.0074035659606554
-0.0028639632887592
-0.0030701646183853
-0.0036868853347078
0.0013726839776028
-0.00052311927376983
-0.0021213293655103
0.0012757167518064
-0.0034011442178824
0.017474629950295
0.041471627660312
0.015153417283327
0.033051521027878
-0.036012163919958
-0.0088505026505475
0.055267714174892
0.062509005512694
0.053584013562095
0.038345791784291
-0.027000521631916
0.011711849446719
-0.025396711831406
-0.025979248632686
-0.010583318981382
-0.01402244449872
0.011064066455133
0.016074745236311
0.023518610367005
-0.0098970196155725
0.04991344395642
0.090444284699914
0.071564172773132
0.047565890057877
0.055720000269212
0.11245898072454
0.12213413931331
0.10173271181812
0.12920753953232
0.14559811332705
0.14325123587706
0.17209050313295
0.16854546219986
0.13555340331631
0.06628032424616
0.11141349372389
0.1290178111436
0.11222332683848
0.08053212371599
0.1083662481715
0.095784389130135
0.099636708867622
0.067850428087286
0.082650263303917
0.0015264415461514
0.0015388855664651
0.0017331967317608
-0.0034090591573607
0.00068774489665753
0.0033080872527783
-0.0046077425998927
-0.00031254039399796
0.0013556119850625
0.0013983171061193
-0.0097560586388383
-0.0073206210783712
-0.012075476252479
0.0093821458336396
-0.0033350799888658
-0.0019483958504638
-0.01043323819658
-0.018813242799693
0.0015983082849882
0.0079398138260775
0.014775746588402
-0.021225572055617
0.020167577128447
0.012924991408123
0.00047386538685985
0.021343668952507
0.029574484950386
0.033522741387642
0.11707256776877
0.064390589765475
0.027745639210031
0.10639782985907
0.0025047088620564
-0.0044880518996462
0.0047862803406365
-0.001933870389042
0.00058022070503149
0.004792594959762
0.0022075085333465
-0.00049094310610314
0.003643442899868
0.0017471059110537
0.0029608387392024
0.002865914871825
0.0055883290023499
0.0035858148011517
0.004912235173243
0.0094867782754871
0.0076195315710177
0.0087436249544832
0.016278330969544
0.012740257550112
0.0061198395071717
0.006556570368001
0.0018356197698242
0.00025806508147874
0.0011800464758761
0.0099756017702815
0.0044476331735955
0.0067491298566056
0.013589787404477
0.012241699297711
0.036302549434219
0.020780136987738
0.028825952539513
0.02568785750106
0.013392009912695
0.035904598333031
0.036124421772639
0.038734638462373
0.025908007500945
0.01809034273389
0.016787328227916
-0.0022601026574839
0.00040827943200224
0.0019713181907076
-0.0028726014888431
-2.3048051554455e-05
-0.0074636361072519
-0.0089392658287455
-0.0068174884742724
0.0010982215844883
0.0099411838977902
0.0073890410287181
0.0051133591705749
0.0031999782022246
0.0028171631874446
0.00022861260079946
0.0004793897059667
0.0036171988128936
0.0021544942229715
0.0009708718540741
0.002705518835761
0.023465905039885
0.022211429330171
0.0060082783788793
0.012580983575727
0.010095077455605
0.00039017058304878
0.0143118898668
0.0016211891985406
0.024655001127333
0.036956484975405
0.12310441103588
0.13443858832992
0.15497200328743
0.15071759085881
0.15587483978389
0.15013730736357
0.15768476180065
0.12866470287037
0.15194685709703
0.11205196313668
0.11485872149503
0.12406422944823
0.13976553654759
0.0929317210851
0.10540775682588
0.13358337515595
0.11844291820288
0.029512650788678
0.10825850830351
0.053622276265295
0.10500006884838
0.077125521410432
0.010350150704329
0.11159047561282
0.12287449168196
0.082290109180934
0.097720937282673
0.065676029802149
0.097046124351004
0.079160915950144
0.074147185089393
0.11170865147007
0.10129280322078
0.095448865064387
0.048517635295154
0.045301850396348
0.073992464809648
0.037854992929404
0.036124372546353
0.040164896432635
0.029238894288843
0.036388256276384
0.049796987415173
0.021195432118813
0.058660330389436
0.046818041943126
0.055669946842318
0.029634374636594
0.042604276121326
0.039474036655737
0.039636129741019
0.053678391370112
0.012481993733758
0.025754649752557
0.028521523859657
0.031882273460633
0.022506355359957
0.0043713098310736
0.039874733058041
0.058555262629563
0.054344380172604
0.049600363436474
0.053580847644237
0.07605826431322
0.072715127426822
0.064937155006671
0.053384554366022
0.081657143156741
0.084988880808327
0.10809881694807
0.072312337939421
0.059555031950761
0.095645928641006
0.073854283077962
0.094100719566649
0.099946375210218
0.10567788591529
0.071309813796906
0.081747570559075
0.077661461205913
0.058704537980285
0.042475058711863
0.071821736799356
0.085232812608372
-0.013799240100991
-0.0078430516262712
0.01479923258588
0.027678675431997
0.048253177669712
-0.017830182650936
-0.0080407481452229
-0.038434332487741
-0.015815874235818
0.015351252339885
0.026460616369471
0.085020624606964
-0.026611940021331
0.00059603919733018
-0.035153280630821
0.032247646369227
0.0022616590765
0.0037654648467729
0.024678672824517
0.099250089265341
0.090800656156625
-0.013714522604074
-0.010601967706398
-0.02018335555893
-0.0079002938178856
-0.007586706352072
-0.0038950522223023
-0.0078732501318659
-0.00056633182067514
-0.0017919051580503
0.00010131090659969
-0.0029628063225344
0.00080699213451856
0.026988694184604
0.035324558968524
0.038134685662438
0.015628973822314
0.030004348859796
0.041983410628109
-0.021593558509688
-0.031622859350239
0.05277329165571
0.052687464457178
0.076542523391118
0.069371931655334
0.065550676229595
0.010330508553038
-0.016783316798333
0.0047666154961443
-0.0034908439021706
0.039266920692008
-0.0072417383333309
0.0046920024375127
0.060468060245686
0.039597486735121
0.0090634225933384
0.0710113055834
0.098954324901803
0.09350177625063
0.022480944043802
0.089302461954298
0.055304935679837
0.12563315761512
0.12622285836569
0.15345727823267
0.17523630570517
0.17550647336977
0.17878654234757
0.15423544247084
0.17095356176999
0.15478788536066
0.16576369765006
0.043157930656579
0.11712894296513
0.17340616473215
0.11534438891873
0.16150622849878
0.13562276934622
0.14823444049003
0.12120856964394
0.14306377343469
0.11180650219521
0.10163505511018
0.12495160154092
0.10019340867622
0.097751948210968
0.069541752492973
0.0012386724453848
0.0023561687827232
0.0011955175851259
0.0040651693372495
-0.0004005609160299
-0.00072002029998374
-0.0094727768736461
-0.0041806603477889
0.0028711176298238
0.001137353388886
0.0016012197276914
-0.018103029112921
-0.012099883357923
-0.014857962229754
-0.015417848725292
-0.0014963401276551
-0.0088260599697403
-0.0071619786461081
-0.017265128475229
-0.0006313803740937
0.0052414809056926
0.015950964624618
0.018502031051443
-0.0042172675158046
0.021641822389873
0.033279812997276
0.07550701421919
0.12326270904249
0.17564690770533
0.065356051494048
0.15312769281512
0.001885881625418
6.8366092321548e-05
0.0036637596323193
-0.0030468634352444
0.00098028297630949
0.00045800964987729
-0.0023371362032899
-6.8014333531403e-05
-0.00076354050471745
0.002824620660896
0.0019421702372273
0.001533959601539
0.0076418646502012
0.0064542902317099
0.0045762753233369
0.010465217820016
0.0059682037392443
0.017957984439701
9.491846924245e-05
0.0035231720992683
0.0018425531031426
0.0075547663671007
0.0047686746928038
-0.001084526720194
0.00048266181293975
0.011712695885156
0.017228656607906
0.032302494294201
0.023227500076812
0.023199232083194
0.032815436240782
0.023730353348742
0.029148123625993
0.01796475742507
0.038823643514065
0.027922271727954
0.034005870472689
0.027663781027905
0.019876117180633
0.006499283843186
0.012954130538046
-0.0028604191947237
0.00096898079925879
0.0031707140112122
0.00035953308083153
-0.0073062178252228
-0.010081449508715
-0.011915201405631
-0.023231455822602
-0.0084765912627292
-0.019361009927112
-0.012518494545393
0.0059967010587829
0.0054785189460737
0.022121914981835
0.001098384905495
0.0060115909912314
0.0010905560242328
0.0042879537546594
0.0051111319966954
0.004436892277096
0.0011785969624033
0.0019741736263596
0.0031195134979069
0.0028919046018514
0.0020001302854829
0.0013047398949263
0.034738958445926
0.023805451303093
0.014611279783167
0.0015397438941325
0.00084479687742436
0.01446512004237
0.014355175609801
0.073716838238013
0.12510414245975
0.13520882809699
0.15577407134014
0.16928099283816
0.15944983832267
0.15502053720104
0.16093755822039
0.17819326997476
0.17101167676449
0.16559461921994
0.17362612473702
0.17815683030939
0.17128076822475
0.13780596443529
0.11075614208303
0.1088347292752
0.1199383825381
0.12857424278341
0.11753913813487
0.14377199903568
0.14249363200342
0.083876405480242
0.1307925458297
0.052323180456232
0.09892540756873
0.12934105363955
0.049059394811545
0.11875710424512
0.12853285231725
0.094768632374537
0.071089978482905
0.093114681751332
0.10087461210318
0.093647161313266
0.081269332699847
0.057666731040041
0.12510168843035
0.12374443190572
0.10249395994148
0.062755037967079
0.063125491846813
0.085671251028411
0.046780364615373
0.042464690709504
0.048855961030897
0.060259723959781
0.0625121342412
0.057956342336328
0.0574379983493
0.028888000924261
0.048473327225436
0.035119473520749
0.037811624181697
0.053820579722604
0.015109814160306
0.034793067292237
0.031923489007745
0.0379261496022
0.0078642801398069
0.0027183918727397
0.049109832384218
0.051719502191005
0.081395410947497
0.08127581051328
0.069666011070676
0.092266774709262
0.088204503359824
0.09547660767595
0.13385961201495
0.13014703246976
0.093018031025338
0.072073772061234
0.070024291838756
0.096300408067644
0.098361708217078
0.074580292350174
0.094105417759789
0.11195486029276
0.082570805203887
0.094570359010605
0.055548599287107
0.098873202559002
0.064897656780572
0.065190032680894
0.071420654988588
0.072037079121506
0.10532966795122
-0.02620276691634
-0.015308198178237
-0.010200818368077
0.019978319073815
-0.0042975292470096
0.0090889987639406
0.042686606545141
0.0060141994336615
0.11515807297426
0.096319735592293
-0.021475576584936
0.060257006816129
-0.036252045079909
0.051138189139118
-0.020070002697014
0.015823908704923
0.027762571963677
0.13887652262329
0.12442270787561
-0.0088063253334159
-0.014615547670385
-0.0093748376018261
-0.0035201390866628
-0.0088334897749883
-0.00032531145695584
-0.00053626974980987
-0.0039938174942952
0.00090553515325893
0.043561282404862
0.044278918346194
0.050720349479855
0.030411005381413
0.024335251266345
0.047635381022318
-0.0080456397537208
0.062537924417488
0.067981621717047
0.072495584355073
0.087611601390285
0.067275988501935
0.0050705760270922
-0.028954523116411
0.0039445853267627
-0.018494795542351
-0.0025838138971762
0.030425739942627
0.052559237695602
0.012918438625011
-0.010015761906484
0.033940072756965
0.11270109161608
0.11182611625453
0.12330664212261
0.04469908843976
0.083017879729704
0.16466857312977
0.21158229174538
0.18626132014565
0.21856521162629
0.18740666258912
0.17142654399951
0.2225133555209
0.17533889865183
0.2165671453488
0.21658472348801
0.089301645397316
0.11745435332234
0.16592554733569
0.16236116245102
0.19963436061584
0.17022964871956
0.14812304926467
0.15117507064429
0.15078505406174
0.15841048628758
0.13456844376362
0.10852574910411
0.13172694751803
0.14257635350792
0.00074101818930373
0.0015588850979575
-0.00092520975502219
-1.3592213505734e-05
-0.011864670415148
-0.0014493100585888
-0.0044602676757022
-0.00098134291804646
0.0022345041692828
0.0015029693793921
0.0026966739568587
-0.026058870238513
-0.026455275980828
-0.014429576547161
0.0063002554924241
-0.0079314735113493
-0.019489581587441
-0.011929277554368
-0.0091256952886139
-0.027632425552339
-0.013010361353878
0.0065333637474632
0.029795026539323
0.023775522335015
0.074759984721914
0.097865915498463
0.17834803931961
0.074367245886141
0.18764488501058
-0.0029214660685592
0.0038801174367641
0.0022165345800213
0.001641879604817
0.0019779852451099
0.0051680648542537
-0.00056131844436423
0.0022909659822615
-0.0043675683862012
-0.0075848073793476
-0.0012380411266387
-0.00051020686842798
0.0020116133903696
0.0052655278986856
0.0050912812888283
0.0046883807387693
0.0088381639961784
0.010478130667161
0.0064958010374588
0.018359711210257
-0.00047275924515125
0.0026670871560544
0.00066496069107453
0.0027866139723785
0.0031629118109808
0.0027516715940852
0.0024688543836014
0.012958198895983
0.04139600660061
0.028175243612915
0.018760261833862
0.045961108858245
0.023857176268268
0.01166568043325
0.020357444306563
0.051748491108298
0.039601293860653
0.044536074363475
0.052541323511642
0.033179395313914
0.035451530384985
0.018248594613653
0.0089547367808014
-0.006375544430471
-0.0029393932041414
-0.0015319068354535
-0.0026400149591196
-0.0064879603995392
-0.012849637608685
-0.0096648575358411
-0.0067982645937105
-0.012211808277833
-0.010241082188711
0.0056118121987802
0.0057652010732584
-0.0028477226730258
-0.0019100793855338
0.0003546608724412
0.0040160165311346
0.00065242009643194
0.00093095096621113
0.0017859825073732
0.0060700712574853
0.0020963353675703
-0.002666420600794
0.0018660574937508
0.032960886346505
0.033879500644151
0.016155660925367
0.0063783939519022
0.00085609748185235
-0.0061611286130981
-0.00077670651259937
0.017631785238414
0.0044928609184242
0.13182887510571
0.16434278085143
0.15601228363707
0.18070763871138
0.19184160515136
0.19071237507668
0.17696891544537
0.17324066330819
0.16183003673609
0.20305330627491
0.19779489038605
0.19334599667577
0.19932755771381
0.16876521973529
0.16665239840131
0.18785735455616
0.18630249420368
0.19268336185932
0.15279197180012
0.13520003240452
0.13212325238523
0.14473188186904
0.12554675198677
0.12111976654601
0.14685435963873
0.16946903407074
0.087786853953521
0.16889402745701
0.043377914262423
0.10162134531332
0.14580684782292
0.10958973262772
0.094474871082252
0.13754684382617
0.12254234464621
0.14828394674525
0.070389364401065
0.086536417875874
0.11509487956034
0.098435106933396
0.08266600535424
0.06531833523111
0.14044969095627
0.13340005719306
0.10986877937025
0.059274665444873
0.053540096661769
0.094717409304942
0.05912918530113
0.038248417450377
0.060580939771801
0.06716340614242
0.054707775160501
0.061315252540954
0.04337672679243
0.045814751361823
0.052816778781477
0.052196458341789
0.024133640396575
0.031533598187171
0.045547731106833
0.038173506294469
0.036272398840819
0.0041544101636897
0.026317076467243
0.0044571576039029
0.058366970751579
0.073158450626066
0.079512816461271
0.079969209848953
0.092681764499421
0.094139962682608
0.13784079045879
0.15639197263059
0.078746522937906
0.080275029305248
0.11158860799329
0.088366692552539
0.10118686175814
0.068288315785182
0.097989373091629
0.10414354050431
0.1264188719123
0.10650199228607
0.062400408990135
0.083162688149603
0.10928176687699
0.083401613400541
0.088678091776126
0.057390214023689
0.047599048468037
0.095943447904518
0.11213509519339
0.13265887359007
-0.011532875453101
-0.035945895019773
-0.015320901361302
0.036466582007287
0.080892692192675
0.04602565825066
0.14297881864433
0.15247990637876
0.028890918912804
0.036950463826487
0.013814095767044
0.030628322140842
-0.0054764144117211
0.022420605809486
0.13118775775939
0.14611370127571
-0.02232521250954
-0.004285625015183
-0.0038269745656427
0.00063323702428067
0.055182638047229
0.05975262763559
0.033078290055934
0.042093686770292
0.078100810128245
0.037238204834359
0.02764212424723
0.039852686478868
0.045754805811014
-0.00055368230054469
0.065716455612605
0.081241537648695
0.063951168014052
0.075836710067076
0.10748523018823
-0.00077934781636918
-0.033062200878976
-0.033810592904678
-0.021892856165012
-0.0042894735097281
0.015205282532611
0.0019305396078301
0.056607246519512
0.089237539931477
0.021273120874135
0.019453993693203
0.025181502715443
0.051971657388204
0.055601959613605
0.12026322867986
0.084085778983365
0.13611462687441
0.12658842749189
0.12063783402499
0.083291256502777
0.11553698301609
0.19122123017313
0.23741940789064
0.2236681434332
0.24152786012424
0.25790810920073
0.23112015561835
0.18484263359458
0.20062799083081
0.22075866479321
0.22475061778399
0.25220452965695
0.25639186070833
0.22508289355185
0.22841963328524
0.12975950648009
0.17717443685996
0.16454343826344
0.22567054871537
0.18185955781777
0.20473315202034
0.17910528831448
0.18036513152028
0.15367349690023
0.20999687483733
0.15838806434726
0.12391391972656
0.19056393278028
0.1980122971966
0.0020570267244799
0.0025443998321813
-0.00074400866541853
-0.0068619810867579
0.0040358236245356
0.0043819131231025
5.8281992352994e-05
-0.014326647755179
0.0051637357738161
-0.03888958434969
-0.012425461430872
-0.021727420895605
-0.0021430933983287
-0.0070026626903012
0.011691766422808
0.020249161242086
0.029253893184882
0.13748615631035
0.10935287733407
0.1611613909704
0.2126786946914
0.22701628198141
0.0043941583864493
0.0030598106413784
0.00085353744224062
-0.001280931050241
0.0028675202309998
-0.00073686542497416
0.00056587304475935
-0.0010600695530653
-0.0004769359461838
0.0018237382462223
-0.0017486323822977
-0.003953551276695
-0.0010624082353367
0.00073986002138865
0.00032047592514438
0.0026776067514733
-0.00040067595089251
0.0097461241393466
0.0071270614303651
0.016413013367615
0.010367530457436
0.0054385371132408
0.022952240261541
1.9323163065269e-05
0.004950231574432
-0.0011173956596046
0.0016572706126664
0.0012343452439829
0.0018161378538467
0.0016898217231992
-0.00095863053573841
0.00058301988182505
0.0074052913462181
0.041105811216436
0.039412223314637
0.033106431079773
0.047569838520774
0.029193948412196
0.016830650302065
0.023775770786297
0.055826141375988
0.027848437229047
0.051256833493138
0.038546527443063
0.053579285680544
0.019086668353442
0.023895090702795
0.025782810242097
0.0069514039945882
0.0070310299513943
-0.013103808894595
-0.0046875300282897
-0.0026608023882198
-0.00012494219885139
-0.0062104392303909
-0.003325405213341
-0.017120480877763
-0.011043509033339
-0.022516120371377
-0.013771274996426
0.014711926644
0.010098581624282
0.0084621495845554
-0.0099202533779721
0.0069459633592391
0.0030284205236218
0.00084519691316521
0.0017830955890586
0.0033678800859038
0.0027568081774819
0.0067760763130686
0.0025882454898805
0.0024406986497742
0.0024698498745295
0.041714822204599
0.026292925703402
0.015322439954975
0.0065839723496033
0.0022127823314088
-0.011907036408487
-0.001454144195909
-0.0098210594013078
0.0076022317524187
0.027148283055432
0.018621297811848
0.15387927122425
0.13120883758684
0.15935291504639
0.17952129275919
0.1859682820546
0.22265426018946
0.19356133725463
0.21273925805909
0.17957765482089
0.18434945153331
0.20418588221344
0.19944110282535
0.22975906056621
0.22190045739926
0.19074966811782
0.18934475545657
0.20101703384896
0.23577304094122
0.23622794249449
0.23672113137042
0.18264607215385
0.15568199182241
0.16439267996969
0.14143670808752
0.11524402340886
0.17911831611603
0.16811230550104
0.12926407909547
0.22777879449868
0.087985237364801
0.14331580634878
0.19315090798055
0.17844986574816
0.12228710905416
0.099246204504469
0.20333715765126
0.13109111513542
0.15189836494162
0.15800015594226
0.076437305688849
0.10726847888735
0.12057166666648
0.11510542099895
0.095301423416609
0.072949335169867
0.15635057343965
0.1205114161353
0.07945197619636
0.054680356621217
0.053910077605161
0.063522518113703
0.075111433262988
0.069400927579516
0.08211021963442
0.042162396128794
0.051390676422956
0.059737920811356
0.016456556166401
-0.0005054109129735
0.032024383289384
0.051058021747091
0.041537757943829
0.0077111694024881
0.014887289073761
0.018855355905394
0.063848424479133
0.049711824547816
0.09614840175659
0.086791741791328
0.094271143359108
0.12210585944146
0.16577266239583
0.15801848116673
0.09745819360917
0.10713990299378
0.10904324814322
0.079848462018086
0.095981724954594
0.10246698866674
0.12625880189643
0.096540162412981
0.14378853732385
0.12978449401858
0.091150513028425
0.093304815905092
0.11391610089114
0.10971402722931
0.052679493682668
0.065961594203895
0.04358200547872
0.12358303098513
0.13685006009772
0.1566359411715
-0.034810088198583
-0.019163358235909
-0.035963076659089
-0.013935969828386
0.07289181287272
0.066336256727148
0.080488482242454
0.15379318321547
0.17011237911118
0.13950779713381
0.070793190639908
0.068944561691943
-0.014065896133041
0.0083395878735483
0.15729659331529
0.17456629278141
-0.020478244496049
-0.016328803830485
0.044847721598284
0.055748214793663
0.087041060428646
0.039395507009975
0.036420864114183
0.071669767309824
0.078169163910452
0.090015798786761
0.057200491814224
0.012679068299105
0.050076859199005
0.027948763772558
0.019561759780571
-0.03035948377183
0.068224503102536
0.077274543821216
0.076082038406968
0.095554392391467
0.09109200261517
0.12670762507142
-0.0072832378610262
-0.032870905568479
-0.030204686114257
-0.03383087960568
0.0012119075268557
0.022508219432759
0.059235455502677
0.088412425452521
0.059686396052021
0.0070537676869092
0.04757636927026
0.13527560958391
0.10523680051147
0.049791535535816
0.15268157805612
0.13802905210262
0.13968242968989
0.16555382306468
0.16091929884398
0.12403624477129
0.11963882125857
0.20670053136876
0.27251582570541
0.26273211808151
0.2558645009619
0.23115272210481
0.26811156083389
0.28809872552715
0.25766986807942
0.18464095214517
0.21617844510012
0.21934497246576
0.24725701126648
0.24591229760779
0.28559615023316
0.26236688278369
0.26528317157625
0.27110399649881
0.2307538662714
0.27345874750324
0.14851712991854
0.23560016856579
0.21454833206612
0.17718771644373
0.25337982872247
0.22255161321748
0.20157192097629
0.21849160864775
0.18322997773284
0.19300062855218
0.19078034297092
0.22938688989949
0.1424139513881
0.20603026956141
0.19329393793761
0.00141306520255
-0.0031206471257181
-0.00029074545952907
-0.0020492354581711
-0.0093265740647265
-0.0024475251118578
0.0042817803127021
0.0017702801787171
-0.035226717127711
0.016992548733278
-0.012323690932903
0.0015289903170909
-0.023350759807399
-0.021410159397727
-0.016634418091795
-0.016095940095061
0.020690296663209
0.032454944257509
0.13207044335037
0.23477048590657
0.2301149291834
-0.00039992393149289
0.008677478123267
0.0045076927633817
0.0030194968147495
-2.1205532882552e-05
0.0024634664195739
0.0019199011228295
0.002183966330894
0.00026972670327001
0.0033148356894906
-0.0010178241954784
-0.0049574451575162
-0.0016284979584749
-0.0056546031007819
-0.0031024319845404
0.003360062365808
0.0038612250749717
0.0060095609567521
-0.00017294069199981
0.014160786332768
0.011035530162884
0.0036364306677337
0.025145848653511
-0.00046598425897012
-0.0051386266036443
-0.004798441717192
-0.0036237038257082
0.00044244575993345
0.0034219722083486
0.0037739797473775
0.0021276697749754
0.0043140395743902
-0.00065347831045385
-0.00069920381813833
0.014004036262705
0.052148906062791
0.06600464055921
0.031475904721259
0.048394240976863
0.04771703015471
0.015697294015299
0.06192389434687
0.039498479106998
0.055104774376873
0.049577321389076
0.063248445511019
0.031393770027145
0.034311148178712
0.024901434023048
0.030717851055365
0.0035882426063491
0.011308934087874
0.013479873196659
-0.010906431926121
-0.0077741085295113
-0.025808156089185
-0.023042408360069
-0.011130041155393
-0.020313127516386
-0.021221970926339
0.029942332039795
-0.0062567375729552
-0.010332186230499
0.019134233657386
-0.012343878990575
-0.0067832540457463
0.0060300003689326
0.0060231634665679
0.0057103018579077
0.0035618119057631
0.043263437158732
0.044040702690734
0.019389052100006
0.0057497169278735
0.00095839040742839
-0.017590339004125
-0.0020646357637452
-0.012703003400453
-0.010625229187919
0.00031420456616698
0.023065932200796
0.020540839145269
0.18128224488803
0.21379967281373
0.18163161923079
0.18113068387949
0.20519108987786
0.24102204284562
0.21924671381382
0.20032846009093
0.21318422723932
0.22845836579589
0.2201486820193
0.17501939391729
0.23177079022539
0.21589310440325
0.22185367152848
0.26387462142968
0.25563018642518
0.23251102356433
0.19632120025782
0.21084976208659
0.25448170636907
0.26102969757708
0.2492776156511
0.21099860974476
0.18491008287978
0.18514621696705
0.14305493077678
0.20130544279784
0.19895366843587
0.20155833132719
0.2409136219335
0.26479732370127
0.086260071697215
0.15027996175769
0.2455302008221
0.20476016929793
0.16491927301817
0.14987364029724
0.2137912444523
0.24108852101035
0.1454380410642
0.16987850575978
0.15525764682255
0.18395210683435
0.08137653245422
0.10296673444277
0.13299538776126
0.13406324194598
0.099642738975439
0.076101908313226
0.16656873650644
0.07287827442315
0.079490067955378
0.058072818313857
0.064334288707862
0.076036023939769
0.081106337338537
0.082828361944008
0.07842422436532
0.052544088671203
0.079183954383594
0.02801473248499
0.01589655368708
0.035151032716234
0.045085820627474
-0.001675400201524
0.014923941306468
0.083362462689731
0.050466283990906
0.084470537446361
0.11222941198279
0.10647368073056
0.12217433683881
0.17065070824067
0.19291918587212
0.10354130511338
0.12729433358533
0.079793457950916
0.12026258268844
0.10034808451571
0.12446289292616
0.12433245771913
0.11600112005135
0.15071079205467
0.13193674468599
0.073451385771234
0.097882637710373
0.13479877270929
0.1260536934358
0.051248183594803
0.065020808045382
0.08900636228847
0.11459944481012
0.12729640302188
0.1789093001459
0.15762702915852
0.00042324287187438
0.041716194906207
0.082979875554155
0.089552311100629
0.20911538583273
0.17868753541185
0.13700105245378
0.21190399154247
0.18684073946139
0.071101160320712
0.028017244090955
0.036279664477525
-0.0050549776873936
-0.032296671166971
0.15848249359666
-0.031702377397807
0.065636142289158
0.070790452326905
0.11329462564984
0.044394323930471
0.038634974578258
0.056171312842109
0.083598059673687
0.096262663355146
0.11870994928442
0.058048975961266
0.017670091469768
0.067105621523075
0.063163902633356
0.020088046546556
0.0096644140982695
0.087029127729345
0.10772170340736
0.10910761414083
0.12597752800523
0.14157293251578
-0.014359756653427
-0.0020649436558334
0.015263863331879
0.077151535351474
0.14075001732091
0.058518494409578
-0.018993860201803
0.044638861305937
0.087169751754441
0.10390413389828
0.13757791081637
0.099379468878326
0.16043863872167
0.15418662842158
0.17996212208689
0.14268422749297
0.20713362502301
0.31527349935829
0.30503505551913
0.25272917951393
0.28653036379812
0.27835169181006
0.28097484230321
0.27570802616925
0.31809778183024
0.29553952876662
0.29043196122307
0.26816376275864
0.21471310806858
0.27010786587746
0.25415371781549
0.29718060850278
0.29444732237318
0.28724068476385
0.3346721045688
0.33376894796802
0.32227571210007
0.33049055012555
0.32263791005578
0.30812762090018
0.21992651479455
0.25780784022352
0.2302381516328
0.28180186558147
0.25363886279536
0.23789043607797
0.26579158209145
0.21792445087303
0.19334734908269
0.21142954733545
0.31222740710958
0.13730465015224
0.20873638531373
0.19691784304367
0.0035336398850708
-0.001387283712322
-0.0067479393970027
0.0024947787638715
-0.0015281086494642
0.0027299289831096
-0.00099591174700018
0.01652794052156
-0.0039202257821159
-0.039938894900499
-0.037845005140718
0.0034091293337227
0.036851640699913
0.28558342933509
0.0039708698974943
-1.1376354877566e-05
-0.00031797333013219
0.0016469755446332
-0.00097288398194361
-0.0049711262214558
-0.007173621395933
-0.0036850795626166
0.010129846897055
0.0017277623855092
0.006561417751914
0.0032541485485025
0.024032923824639
0.0042824971567505
0.0019221849439478
0.030878049553744
-0.0016421896856889
-0.00060076908646961
-0.0023311800960654
0.002730249460446
-0.0040459064633481
-0.0055459946900325
0.0074375918009151
0.051645893344465
0.044544877845062
0.012222259260601
0.071571114463981
0.056235518186481
0.041460889204672
0.052498457902214
0.071261987833604
0.010639930652018
0.027485166209623
0.039016571565775
0.024984768164378
0.045720740031994
0.035099885762155
0.0022699257904627
-0.011382157056023
0.0098385850310852
-0.0094164255198022
-0.025128355576781
-0.026412129002883
-0.023840030657335
0.014373457412116
0.04825920933282
-0.0068949527451407
-0.0068673571388658
-0.0068713732601813
-0.0073270454036815
0.021165435033817
-0.0026476670473267
-0.0076016096921027
-0.021203888314068
0.0044100665196917
0.04782720353866
0.038425043216115
0.038631671114147
0.014748587156093
0.026572602403691
-0.012862301409382
-0.0032071829956429
-0.031513656445497
-0.024845933800307
-0.0087809911796732
0.0014528564949268
0.014276708198658
0.016449254660901
0.042341458567948
0.20753703337332
0.26467784760583
0.20308618317063
0.18329972292708
0.21913210325418
0.2031773262478
0.21914640558676
0.24785161622151
0.2670076223709
0.24723158863522
0.24211258472934
0.22893908351458
0.22029969069137
0.26836435826446
0.22724877857053
0.19387260859118
0.24781049760907
0.30322441333383
0.28758723784008
0.27673598182259
0.24051997840632
0.20970294874463
0.23711551797441
0.26993932390254
0.30249534978252
0.3019731860987
0.28301169495002
0.3127622175991
0.20872295283621
0.26160823674809
0.21835376500408
0.13297382146932
0.21165971777958
0.18307544104862
0.21728087025831
0.30076931831156
0.32718679062007
0.14578445228621
0.23634794809541
0.25654184419222
0.27989188392811
0.14476967159324
0.16693214010113
0.25839969651637
0.21807440841084
0.29084856340301
0.16328352789696
0.20933604487942
0.16652679682156
0.18924916481265
0.1929941151971
0.093988647059743
0.12444324906944
0.15363775983131
0.12685506725099
0.11610894310681
0.089414071614351
0.19108322911835
0.072336445885039
0.083704906299052
0.062278099833243
0.063128941733009
0.064026742718348
0.097276612872541
0.087526596304486
0.091342185538472
0.099698745256535
0.076902894312827
0.048513826798949
0.036820349431477
0.00031373843964917
0.055737785195305
0.036639799235456
-0.014576981231659
-0.011719173577029
0.021306457659516
0.10712225258205
0.083330500092013
0.085832018255077
0.099089297483359
0.14590743161528
0.11084596494543
0.091851711598011
0.1233107344396
0.10849916340494
0.12799778836195
0.12278814939186
0.1696380250433
0.15621927477961
0.13694244047319
0.078115729415228
0.097462534724221
0.14590251361593
0.14190114233156
0.11274429698133
0.050465609064808
0.093483675935343
0.14422864373683
0.13199254560323
0.17133024850841
0.19734459320316
0.0039356916012385
0.0821424341631
0.089148322792753
0.14526903977942
0.23987410471157
0.18613613241436
0.2127569912745
0.12173717783116
0.13639539355981
0.28192157487333
0.22769578841569
0.10466900776178
0.030945228928821
0.066579203432247
-0.0072780503036744
0.16488848702029
0.091497302855991
0.085715611561015
0.1075440901156
0.12589449295751
0.040253337993263
0.048418672483161
0.08445559458417
0.10308665860068
0.10373320641604
0.11225686210026
0.066044461416524
0.0029701055832795
0.035605416091982
0.07452907644944
0.050798973621059
0.028585985590218
0.07628067194521
0.11297361859662
0.15002395231762
0.15776119015696
0.14297052803862
0.18087664282678
-0.034799240755106
-0.018383687911836
0.0047489927371858
0.11860438007378
0.15182183921985
0.11216646711729
0.069550355556269
-0.0026476269535876
0.078035096575905
0.074719157986763
0.086727264029246
0.16243914930939
0.16679745366636
0.10849179706804
0.19127714391839
0.17345787363643
0.18703741887775
0.21158324852661
0.26305999343897
0.34261451575568
0.29844025008701
0.33104425335312
0.31389916013977
0.27889263963118
0.31226300968599
0.33887379402848
0.32103775023864
0.35417749627178
0.33572542449839
0.29453375741853
0.29398557067294
0.24903499557163
0.34809297814137
0.35588001241319
0.37248822901183
0.3592171446094
0.38585114526126
0.32685337103342
0.32812696379304
0.36869721927783
0.38068755409287
0.27924697344888
0.28544271964363
0.22192231361529
0.23978783325888
0.31394133524497
0.32133874873096
0.27044541066856
0.25889197314671
0.26835544616324
0.23948024925576
0.22600080833174
0.30980807890095
0.37205081834223
0.16667456249873
0.29075055928022
0.26062926585084
0.0035928055079129
-0.0089432503429507
-0.001437629822859
-0.00050961460488205
-0.011031609919229
-0.0027608493036483
-0.00089737847154373
-0.012386299058592
-0.027511971292863
-0.010115020597103
-0.0098815478847007
0.034685817214306
0.0041993438507272
-0.0071628408400355
-0.0030814522523958
0.011251195409362
-0.0016249124493258
-0.0068606941719179
0.0018485627042678
0.016266692626923
-0.0088455012454294
0.031298744144627
-0.0087593669998843
-0.0053999703544378
-0.0034906400956876
-0.0075996087814899
-0.0092036355636994
-0.0053123841911296
0.053607602757805
0.010980942123804
0.079167835115213
0.048322294079906
0.06711037938573
0.078345991334322
0.019517658080745
0.025742501502647
0.047902777684053
0.022558277211134
0.046382875056968
0.019585887683074
0.046911634975325
-0.0058176409255381
-0.0067712035852496
-0.0053141858994751
0.00616315591404
0.01446887202792
0.010634318834583
0.048073595861462
-0.027761208370377
-0.021110919926226
-0.024253786877568
-0.020011479828903
-0.00070336252692393
-0.023496140660914
0.045269866482623
-0.0024779627974931
-0.016348341276919
0.056020675674525
0.036424025383391
0.06159952849396
-0.016935553036292
-0.021893078433737
-0.0079774671317438
0.0078020364037986
0.025529116788132
0.012466647346769
0.028908753911844
0.040992896925399
0.042483250318558
0.26207712622417
0.29815142254159
0.22534183089615
0.21977792924035
0.23725229889787
0.20225600721737
0.2517327916266
0.23513002545425
0.28744167968298
0.30610819005318
0.26185078662588
0.28409060081877
0.27237858326274
0.24238616281392
0.21304559923104
0.26455271200731
0.2266856472932
0.3430978943094
0.26662004726045
0.3272827322379
0.30676361392231
0.24537013280268
0.31159358973077
0.26154130520413
0.34419693974306
0.35830546206522
0.33930306992939
0.3710187308803
0.24687502814493
0.28966832596559
0.19846398728888
0.24703933672779
0.19739393431268
0.30070874610246
0.36675311255896
0.38491333630884
0.20847952054753
0.24600179475757
0.29773838172831
0.34175213387195
0.15385568713651
0.31240325001106
0.30446612796723
0.34737876573938
0.17114714476065
0.22177153226227
0.2044604754993
0.21032408189419
0.1994664474543
0.21657826645064
0.12467392500654
0.16369113377728
0.12580782643754
0.20999236936818
0.060449890785528
0.071760658487632
0.093905035133313
0.090814202360335
0.11803564158004
0.11604200102947
0.058662136178523
0.042097290803269
0.02238764850733
-0.02777964559147
-0.024776299063259
0.021299272370976
0.10146825046159
0.086653895535686
0.088512250844964
0.11271706126614
0.17181395562821
0.13572996750957
0.10178881641574
0.12738407369649
0.11150722152336
0.10787206615125
0.13812451281078
0.13591306784968
0.14175913316016
0.17214198773619
0.19104660842102
0.16995125978539
0.08091793761915
0.10009005986449
0.16293094451297
0.17105119324053
0.11081244120092
0.10961658374787
0.082970778624652
0.16960275646765
0.16455296751175
0.18350004967049
0.20643696907064
0.20537362805938
0.28954242197502
0.26396919108019
0.20025545692487
0.2231244887966
0.089948999469133
0.15368725020688
0.2806248935569
0.24120340397818
0.24076779141591
0.13690133749076
0.039781855956086
0.0058882833324093
0.043009322539688
0.17416195609492
0.11463590045928
0.11679521155717
0.16815759438387
0.14942258346143
0.057769370599961
0.076318549041368
0.064801478223367
0.078442818033404
0.094589625923055
0.14191958029273
0.12596360000097
0.13510678847379
0.061342634175897
0.0027328735623047
0.0062228752776452
0.048629000127498
0.088551758633456
0.046283030134842
0.013976806449918
0.089149539832174
0.18054576926195
0.20916041245781
0.16485247042805
-0.0066782418910061
0.19598385451614
0.14641377065621
0.091758310032907
0.14338667613693
0.023014193200829
0.062007295437661
0.13952226378697
0.13964144249319
0.16343081839822
0.21618091564694
0.20379931583694
0.29013195203197
0.27161834963948
0.35831116106535
0.38262462399166
0.32789638632702
0.35384209341196
0.33379400635228
0.34727306960749
0.36539960275326
0.36801797644012
0.3320781177199
0.3491634371679
0.37594704343537
0.33119956290977
0.33734349024691
0.26062992373529
0.37649380914254
0.38182726883338
0.41208687189112
0.40257761560318
0.38188649738253
0.4114497296959
0.42190498399105
0.35727158339758
0.40412463525801
0.37272326495012
0.42768254092727
0.42308958908052
0.3070070933351
0.29379063517329
0.28576533082895
0.24486174750921
0.30804020239853
0.37596302217486
0.36580532682809
0.29442165636058
0.28584453906644
0.24361766157934
0.3511357920915
0.39764145354254
0.29937229358197
-0.014867589141043
-0.020810475190022
-0.0056256454123185
-0.030568090058058
-0.013437372183921
-0.021776097370085
0.064026995539369
0.058113242421731
-0.0068791499802867
0.00089666882022518
-0.0070354455089144
0.0010609038620082
-0.012948233408194
0.015824137033356
-0.0085284558347029
-0.010157572873248
-0.011830067632354
-0.019529770771197
-0.0081600459387489
0.06790310398299
0.045062292462455
0.069153072846205
0.091493044626725
0.085139140611263
0.014170073563243
0.018734882991421
0.043011637470707
0.04185994540741
0.012443174808446
0.067015823312046
0.03331308239658
0.048557774836451
0.0017592094978261
-0.01856728521292
-0.010754236433777
0.0069656600888121
0.0094173556208167
0.040246967070457
-0.0047133336502516
0.0201067097285
0.073493546806356
0.043827812383869
-0.028285487528874
-0.011406461476036
-0.025677334791899
0.007101247920719
0.054776491430086
0.04096280695172
0.06207006003325
-0.0065052345461761
-0.026994763653732
-0.0088436783021003
0.0063384139151075
0.017538971523042
0.012472825651887
0.014324457427854
0.039992577017763
0.035444448048104
0.29623654343133
0.3875621550547
0.23635767239361
0.24910138793715
0.22996149782495
0.27950742889996
0.27254672222597
0.28000424513581
0.31112156899545
0.33314120310082
0.30848209463386
0.31470594776212
0.25690697911376
0.2270869644429
0.29274814374505
0.23952242324767
0.3722661058964
0.34857705535383
0.33356013411784
0.25818569399587
0.35030905857413
0.2957091486989
0.38290289733754
0.39456207548482
0.37367143376761
0.37544658401381
0.39763178998543
0.32824958636841
0.22497148272006
0.26001975869772
0.19762499761223
0.37887221460005
0.41038642127627
0.42237961006077
0.22506509332338
0.2918372832153
0.35547823459951
0.32733151355189
0.36759653793467
0.38631852734666
0.21353502173845
0.30779151946262
0.36607800149122
0.37905635244721
0.18072775107118
0.24341915593115
0.21768800731796
0.20245976151673
0.22424098171214
0.23986206262047
0.13918174360364
0.17540940767554
0.14720262710238
0.076215142524731
0.080879782373184
0.065644567569998
0.10763846388848
0.12310980439732
0.042545952876677
0.0051110629642231
-0.022845063628313
0.0057964452330909
0.1329817713332
0.10919547049792
0.10459557936315
0.12664265388478
0.097848760636883
0.19643494170532
0.16585216827744
0.15130240838862
0.094539920461295
0.12861304055097
0.12132579180126
0.10622038139001
0.15494515151288
0.11384477361004
0.15782512290177
0.19492858577983
0.18021037183642
0.15330395142318
0.074483986543783
0.095259565180749
0.18703638308941
0.15280081987741
0.1609696571903
0.14534305452496
0.097330749662633
0.13909536633004
0.073316076851237
0.19349730247321
0.1662689721384
0.1881187912874
0.20722137840791
0.22683515520706
0.31197515082212
0.24812719822728
0.33597398476055
0.290261712831
0.21304140245825
0.2582415749047
0.22845152553227
0.1571281789297
0.15631630285154
0.33466616090454
0.29169233877567
0.27931750821799
0.11265409787253
0.030673989654781
0.0024492441715754
0.073263404628039
0.11449259445325
0.16768020424854
0.1838605101706
0.026572715847755
0.084040855528637
0.033362436282499
0.072527805719122
0.11662975201978
0.10561895869138
0.097199795339892
0.17104112640888
0.12276690029278
0.16291986179711
0.078648121473561
-0.01927039447406
0.0028553346525043
0.071758263418899
0.010330114855889
0.18082230963876
0.18715481127109
0.24734496759712
0.20739426801972
0.25599312488337
0.20221918433052
0.1834947434287
0.19183791951097
0.15792299802576
0.017225832026975
0.12216474593791
0.062217829446699
0.14789445880132
0.18274690957442
0.24205340182097
0.22369585727635
0.2836685235743
0.29505106804245
0.4136511010276
0.43072205232227
0.40518717633832
0.37848334463215
0.33213508067139
0.34165572434359
0.39016276159435
0.40786109724279
0.39971386081398
0.37150636358991
0.36744525717219
0.37700234018754
0.40982110508609
0.34301387174565
0.35527045750043
0.42941408566413
0.42918121186255
0.42871211427832
0.4733027534159
0.40699461020841
0.45791940298195
0.4452569113883
0.45255997488735
0.496490174231
0.41138232438541
0.45700813402689
0.42895813726085
0.50416649394882
0.49796435687673
0.36485918244585
0.29688243754677
0.36356852922711
0.32533416722955
0.32315691800745
0.37398827296296
0.41972409075772
0.4308207758856
0.41371151138743
0.32087990434418
0.2772998165687
0.33746574295499
0.2686489137445
0.26748085808599
0.408014797996
0.50404048203246
-0.010808042728435
0.014735076806569
0.067028209969531
0.070161628608944
-0.0068628343173826
0.0083901345424744
-0.0097061544701538
-0.0087813383583465
-0.0046301534531594
-0.020590113984903
0.061323202167787
0.077674422071534
0.1001247563483
0.087308143474132
0.018508638412689
0.031675577302856
0.053893051677316
0.054079614579187
0.023864283395403
0.056573282781021
0.029827549443388
-0.014016394942732
-0.020058783775205
-0.029609136939213
-0.0041536099502789
-0.0032439189883903
-0.012124255086936
0.0062135589735366
0.070122370114338
0.0034928140507738
-0.025039302180203
0.055599019929713
0.0067349357576916
0.071950018453044
0.022012258131111
-0.025215343562421
0.052020050039928
0.068216508730128
0.00039704197171355
-0.020290550397474
-0.008372682908656
0.0050238849347044
-0.010224427977685
0.027407400285763
0.015910596769893
-0.021979821800045
0.036335917006645
0.049960231952736
0.058716573590578
0.069092896708169
0.38676852864711
0.42754029206976
0.26409557926131
0.24869882284044
0.28076011388172
0.21865339579177
0.29428163652103
0.26168852611039
0.33105617640483
0.3166347082103
0.35819119095125
0.36842114394156
0.34835984307839
0.34433914713742
0.29304383446293
0.26053243815195
0.28048221267583
0.31822383356661
0.38926906556727
0.43208733778843
0.3764317092439
0.30086526907246
0.36674249237828
0.35202256449344
0.31442481829035
0.41816449367119
0.44136316407045
0.44364383789583
0.42648464222677
0.42440659921064
0.42000457866452
0.45175781642255
0.35345893669075
0.21791499678854
0.28722905644862
0.1910238706114
0.51096897755695
0.49830390045081
0.33210763651623
0.28340740548911
0.37425851484978
0.39250840114472
0.40278598489854
0.42606260525821
0.38600443539746
0.42397524934804
0.40121158667409
0.20055108002168
0.27465562019556
0.23943047589412
0.23668818912358
0.21745283402075
0.22440967629134
0.21662990198197
0.25353780568345
0.14969177902185
0.21468481712864
0.17671300140571
0.14549616620193
0.088710632024566
0.082203640715323
0.12036285766317
0.12515658768183
0.13744609833682
0.041400259066904
0.063512010174287
-0.0015729976746799
0.13811193227051
0.10441760998359
0.12348734061615
0.11940515492346
0.22230675810917
0.20199441843376
0.15867287548429
0.084066609323862
0.1003110292579
0.12109735027968
0.1083759776564
0.1368756320439
0.12584669350319
0.18349632412688
0.16027178050253
0.20332912780104
0.17767883236921
0.1738017827439
0.17517832073949
0.10220168840995
0.17213611722992
0.1674744391667
0.20017450597501
0.1465212117187
0.12385878142884
0.073479231768431
0.16067292442689
0.24265570724763
0.19963026678482
0.15919845760876
0.22543812072632
0.21173588581976
0.21723197524754
0.30368706164655
0.37466691984842
0.28060980114577
0.22795700948026
0.27118646882401
0.40184176952812
0.33131118683836
0.35776555997119
0.28080961741614
0.26468627321086
0.22207512985345
0.092593805360322
0.3562059895957
0.35050629108862
0.30851312820167
0.30430806728971
0.13576289468145
0.085484037627726
0.06362033062619
0.1381201899132
0.17451840320537
0.17009433552817
0.018595806553753
0.044072175003776
0.10108201364754
0.028751165955982
0.025420144263606
0.089735976229029
0.12762473374016
0.1422252542261
0.10215677059128
0.19105639808692
0.14714965337722
-0.026537359919357
0.090603555286447
0.077014568676334
0.042748135621245
0.20473802728626
0.23265020050107
0.25908297189837
0.26286970570739
0.21663720856314
0.28850952908544
0.26948951482056
0.24402852015029
0.21504700058893
0.18549550783986
0.22311797498216
0.16261532405937
0.044843497706129
0.10239516900668
0.17984634268833
0.1655967773231
0.21615991222765
0.24007809004601
0.24710908821114
0.32418332249714
0.44667266485765
0.43707350793053
0.47588452845675
0.42330714625257
0.37753168962988
0.39127867070372
0.4273158494155
0.42883483556726
0.37575289498048
0.43249245418428
0.40522412627583
0.40792464426593
0.4366635816097
0.3730938435708
0.39622879341595
0.49288083445527
0.51041677608694
0.48725782800929
0.52071641971362
0.45716695039689
0.48876759849548
0.46176580113928
0.48899251897336
0.54902874058012
0.46810670121026
0.4320424308831
0.52573867496689
0.5477904484766
0.54141422340697
0.37113193076251
0.36833609210241
0.40016599076047
0.3349831943255
0.38755996331407
0.42048857096039
0.50312678083897
0.43473188269723
0.50432584165844
0.43192704314115
0.34200425981975
0.33713831752373
0.29863326360375
0.30138510508395
0.49217968674696
0.578858893883
-0.021173056912164
0.023537127175538
0.083976042369704
-0.020056586117576
-0.0013533687127639
-0.0208841224967
-0.016657136400681
-0.019522892029952
0.089187985436847
0.10953039500424
0.10716513006263
0.094605672331888
0.024183757981558
0.031552044666328
0.052993071013767
0.055659488925411
0.064968914800004
0.018950085631635
0.076183326536975
0.066465745390749
0.045339744416514
-0.024903647959739
-0.024857735620958
-0.0022063720315047
-0.010215014338825
-0.0080807592938787
-0.021455158001113
-0.0083079550837897
0.08918876757482
0.074375008418496
-0.0068486862650517
0.023041592253826
0.074490879517707
0.0074684954470602
0.12035412244238
0.032566420665544
-0.028570190067471
0.0023227315879879
-0.028722395665839
-0.0075649761805157
0.017981955348553
-0.0097029548306671
0.034550266609294
0.033359688937539
0.023657641282791
0.033536261190542
0.029129957050651
0.050878436390608
0.065523652381965
0.07620778417323
0.50493909186459
0.28873765227425
0.24366313488149
0.26601858601912
0.282762409019
0.21609909891507
0.24439636982967
0.31593041804494
0.303564183306
0.34524655879418
0.40069892675506
0.34692871331196
0.40206129444404
0.34304066009069
0.34855761308626
0.38672939637896
0.25706364235548
0.25809867048622
0.27218126094513
0.3113440250097
0.42756883260885
0.37498563350894
0.45033807971108
0.41438365760999
0.42024717359363
0.38701058123641
0.48259086767408
0.50449959425616
0.46067107713868
0.50857513107518
0.48262986010914
0.4709652442359
0.51316148926727
0.49237615252825
0.5433924361209
0.54940101945576
0.40153137125835
0.31698821309419
0.4452172903228
0.42041426534596
0.40749396889935
0.45204393904429
0.45165791575868
0.49019512145809
0.37788614299915
0.40426439405171
0.4845026303844
0.48030679779463
0.19559305835532
0.29320059681412
0.2843768898602
0.23887118963052
0.2673830573549
0.22932026236058
0.27002177945585
0.21973645732345
0.26684441443775
0.21466185877327
0.24810315217167
0.15585791575546
0.19947386146393
0.15209501955821
0.079853209184285
0.096072806647335
0.13816681499065
0.0092813137114246
-0.003538283550158
0.16249515510794
0.13596480749511
0.14580670862883
0.13302342131277
0.12756607432096
0.21813709469488
0.18598081712933
0.10283945261676
0.1252377298653
0.1391074285168
0.15558271292906
0.15437871428683
0.1409925724626
0.19630232265478
0.24014285559924
0.2075839038579
0.17289990096481
0.1677392105668
0.11017528964869
0.20872377789511
0.18015135938557
0.22572534328637
0.096284187669866
0.21408110592572
0.2440110516179
0.22813393429111
0.17870421131612
0.24610298972007
0.24235649363489
0.24067902285179
0.38879355251946
0.40430224065944
0.31232538065888
0.23744727703587
0.31668482166173
0.43890016805074
0.44260263490377
0.35869702905708
0.34785319615505
0.31686711466229
0.28562698822049
0.25035944810805
0.14069862212969
0.41968405826342
0.35950953063338
0.3999153994143
0.30914654198926
0.152682594803
0.04587634992466
0.052793340054424
0.035201046219798
0.17605231713512
0.12571582208859
0.19972017742944
0.22291942688053
0.06298262358137
0.08374083114466
0.069048714657814
-0.0080906137218552
0.1157976072735
0.11871239462108
0.19143942933992
0.23518086319965
0.15832237015474
0.028544022385499
0.099610574358831
0.21736614050158
0.27694818216736
0.26917946337466
0.30030904728358
0.34831459524729
0.33989696465369
0.27360323768025
0.29748204454343
0.28336487307932
0.26387702438876
0.25040579534819
0.236337179883
0.087615828697882
0.12084173045364
0.22796240349781
0.21083375688958
0.26595396728151
0.286242765428
0.33111054983044
0.49142791209871
0.48681825757253
0.51353289779212
0.45418519782287
0.40284145007926
0.41073029184381
0.47251805182523
0.44475655130812
0.46564054363907
0.42874481907411
0.4160983168558
0.42650083671965
0.43837086546379
0.47390192925938
0.35270280832947
0.44933953093695
0.52251429172235
0.54736632469646
0.54468000731421
0.57065564277898
0.51544363828068
0.48087929144857
0.51363075916061
0.50369520388198
0.51833310469837
0.557100457075
0.58029436843975
0.57411824183782
0.51005465367761
0.50313715480388
0.6168433162082
0.61850043574091
0.59113420079626
0.59773484624563
0.39369098386942
0.37900445957881
0.40388248457701
0.44878628048155
0.39694851014293
0.40566878417873
0.50367392609033
0.51142527347159
0.56137212812408
0.47204030467446
0.34935621446743
0.33115418348728
0.37265889092582
0.57529567935651
0.51227987644373
-0.026694373228386
0.051788589672678
0.0073629865803742
-0.0035745816963115
-0.023528526024102
0.13648942840203
0.11226004348113
0.10201914820561
0.016019276382194
0.042018298071585
0.057612078952463
0.048435760138936
0.075508646733832
0.00736417874024
0.076053220188631
0.069180824813909
0.018164500785102
-0.030602683443696
-0.026892906921279
-0.0021049890924194
0.026221232437165
0.042857722590191
0.12737765617185
0.039886689547501
-0.018193727074761
0.026249582425413
0.10066969129593
-0.010578472790504
0.11069004021791
-0.023603489886843
0.010397282344655
-0.019623747526709
-0.0068118406338667
-0.018232444660644
0.025121329448374
0.048455028263366
0.0018055792929344
0.031244418696397
0.037560073847893
0.062575259636581
0.052518389254447
0.09190151817957
0.057656535756502
0.082802899655333
0.10751492433257
0.59347595833994
0.27820645959217
0.32165437470882
0.33324810156291
0.28699268407788
0.37486950422704
0.42306200956859
0.40145912363759
0.42630797035187
0.426423526181
0.39965674952908
0.36183172230619
0.36979487573616
0.40288153972377
0.28118753894811
0.27614902370452
0.30848379315916
0.32647536138869
0.46064444490558
0.4621318414474
0.49512151007497
0.45792774605593
0.43498121561195
0.45144298340439
0.40744406698629
0.54269405577547
0.52794989565643
0.51774808680245
0.49125069829143
0.52107891431548
0.56661718597786
0.6173968456769
0.60261225461556
0.46872293858551
0.4475260851273
0.39336934594276
0.47005337569241
0.47478928384151
0.49419586770997
0.52616387364595
0.54258665899001
0.41601267495482
0.50065698198664
0.52911992092582
0.52416914978333
0.20165776333673
0.33281649962649
0.30061400361021
0.31991518106352
0.2755536240046
0.26121462058378
0.28469954986152
0.25400450749747
0.27004609128075
0.24288547865425
0.29571766284149
0.25625704270467
0.17709025001494
0.21314299200238
0.19766747401935
0.17516375638596
0.098001758050565
0.1453446617838
0.18272556743905
0.1587483015886
0.17612615441105
0.17185776827585
0.19134665133937
0.14661801330267
0.12262849461982
0.14146185757503
0.17602775406823
0.13687311412326
0.21577804757047
0.23274387443793
0.22035723845594
0.19372114471717
0.20090447121816
0.20804329061885
0.21694302721235
0.24949765434916
0.1362620366596
0.187333782534
0.29120757302015
0.2778820350364
0.22459433145927
0.27044025881907
0.25508834964414
0.17390225858665
0.27220142366744
0.26944719142153
0.24519587255098
0.37404367327204
0.45223206508778
0.40683024980352
0.45155990951365
0.45849632568155
0.32862558807494
0.28839010870822
0.47804497595509
0.5078539209872
0.4057520960166
0.48428806592968
0.39613717771153
0.38065253163948
0.33291779169128
0.33229857903917
0.30083863338803
0.20253880942471
0.43983688983441
0.33026502298392
0.10893531474431
0.094646200809903
0.11354183422024
0.21755031426348
0.13734226925127
0.25567748528544
0.25512664954386
0.026971113061406
0.097903341558107
0.044426628966076
0.030372495152227
0.15105547963929
0.089161927769876
0.17709780460137
0.20528304043757
0.2422624981055
0.17795641183655
-0.0038278928534714
0.12023875719446
0.24499742232662
0.31183499226352
0.32177311967471
0.33784662221298
0.36428227159422
0.35526057429049
0.34802850636435
0.37898700235536
0.34249910847978
0.35533719649273
0.32661706201946
0.34753787545955
0.28774486030236
0.27595815832321
0.10683570639759
0.13849241490181
0.27545217598284
0.21372921790233
0.31625366116871
0.37519765072953
0.55040835752506
0.51308590397919
0.54782291586114
0.49271798555441
0.43542135010416
0.45813889544987
0.48403073993898
0.50468135095922
0.44279246558759
0.43968745751215
0.44816735119514
0.44330992388979
0.48627754885069
0.47844666710007
0.50526309941027
0.39021794211827
0.45751885121291
0.55895809789227
0.53541219884087
0.59141548477758
0.59370708839853
0.60694949641435
0.61526631318584
0.58479173358676
0.51991487248117
0.56742170496224
0.55604892575145
0.56424189272272
0.62083684752175
0.63593938443022
0.6344260449837
0.61929772977076
0.59882655527966
0.59314690861761
0.70798224033788
0.69145091701983
0.65873706495035
0.4492333474324
0.42787376224329
0.39705727590695
0.48648640972728
0.4631105834586
0.5139069087735
0.58088935491093
0.5139331404492
0.53026038798417
0.52578585366738
0.57056335399875
0.61417664662711
0.48831922445054
0.39503867645797
0.38185591432968
0.40701986527557
0.5993306936378
-0.025851908460227
0.056383139603121
0.0038688356158619
0.10995023885096
0.1367190756882
0.03110217429007
0.055323407796041
0.068723173163452
0.085837595108254
0.019322396637297
0.078405053500062
0.067958285876873
-0.0027445509271615
0.049520463105458
-0.018843521393217
-0.022359889205405
0.042785036566136
0.055032128874744
0.024284173589657
0.12866868339147
0.14598823477749
0.017108761979584
0.059014503430467
0.12852217886034
-0.00049838243496303
0.048491506107558
0.10925693342852
0.11428459230068
0.17604569502543
0.010873863975933
-0.023753364653294
0.0034556718849103
-0.02768333474375
0.015915769154979
-0.00049350983901649
0.026524192351547
0.065363013819787
0.028107818995409
0.067784076810192
0.071097416073402
0.094621093174369
0.084917018387167
0.12439601004627
0.62979418607817
0.35370796840214
0.33702218865931
0.44304438556069
0.45915603614617
0.39341975945943
0.4385192851282
0.45969896328072
0.45170915746711
0.39260987417285
0.38505771438706
0.38772317967713
0.36014051135989
0.40173158302676
0.43558043678185
0.30512649232409
0.33303389105838
0.4891016869367
0.46930629731615
0.52651203918031
0.46085903135825
0.49503600883043
0.40767557845017
0.55531340881809
0.56921660264327
0.53288594007355
0.51718362262659
0.56772658610643
0.63518484367518
0.61429597996689
0.65549467133025
0.66444805355945
0.59355883024248
0.49455550249643
0.53234978418727
0.46306070293441
0.50388127646629
0.53458198392133
0.50912977399692
0.54397787922532
0.58957827657993
0.56565409569195
0.60824035589845
0.50623230239401
0.58959339599782
0.60015634428397
0.34219737335992
0.32728757394312
0.27930859549163
0.2578461877894
0.33640983034705
0.29605776058041
0.31327431426799
0.27418046821914
0.26832104551235
0.3224026074765
0.2929356385064
0.27101355425407
0.17490281070297
0.217680661426
0.24439581663908
0.1869596282107
0.099689808957455
0.17194867211162
0.17786388051237
0.22142203031287
0.13713541779712
0.14519741777379
0.16785631498625
0.20711881552585
0.13310611737117
0.24302683143039
0.25585458189073
0.21744408093214
0.19133290479124
0.18657803286323
0.21282602664132
0.21870656588014
0.22598874541307
0.23498065606738
0.28301569309061
0.24683860001553
0.19393646395656
0.31243138953952
0.25242688006831
0.28405183300977
0.30991196326886
0.2186718793612
0.1728995605261
0.3044519105288
0.38495536023412
0.38765133027931
0.46348981835231
0.49357093841686
0.46239040063398
0.39491445899815
0.50758014779763
0.53201323592146
0.26113432392598
0.37588370592833
0.52142288474052
0.50680603391614
0.55239345201069
0.44946094538174
0.43315443180672
0.57665382788421
0.48582415024637
0.35410940891631
0.32817955666203
0.35032821757144
0.38182323244389
0.27152408618325
0.48644458872665
0.35259570389454
0.33109116952277
0.14512493021052
0.056527744683486
0.15445284318804
0.26875437487095
0.20987147568813
0.13642695493835
0.2877226162018
0.31611254953194
0.092710352397307
0.039803295885639
0.10253391642029
0.1424442013847
0.2387980306984
0.25246080875689
0.30891259492603
0.21406351709624
0.15212951930622
0.020844461686059
0.1007969790391
0.34926585181099
0.38412215779902
0.4153198859456
0.38530476140822
0.40463188647783
0.41310163561873
0.44381575472996
0.40071268884222
0.35855111345109
0.34524894499242
0.32811078160028
0.37739801223724
0.40693171848314
0.31749062736097
0.2889510578986
0.32378921595873
0.23716792940949
0.57758219340328
0.55686348344412
0.59422193915748
0.52541685505404
0.47925594619069
0.50482014685319
0.5115336686178
0.49313811207424
0.48842646888934
0.460227771055
0.46196164718712
0.43548350034908
0.4855814412064
0.51077669538809
0.54210655903432
0.51248188873772
0.61110271025674
0.58324633006874
0.65734708353518
0.62274546745894
0.60990728401033
0.65372269367732
0.56991732083016
0.60167269415244
0.63759928854124
0.69118780229267
0.68814123673697
0.66920650303942
0.65359772797507
0.62659326357357
0.73561002388193
0.73329062279193
0.7388086126887
0.67979304911404
0.50494815112344
0.4959859357087
0.55342538456699
0.51499226544333
0.46078861909002
0.59834128437028
0.60168686323053
0.55185769978462
0.60878524451633
0.5538036629296
0.62711457205428
0.67415718547995
0.60865131130385
0.43182089829922
0.42451242327943
0.68092451372189
0.085309152350697
0.035677765279743
0.11293654765748
0.11807565563449
0.17073575329344
0.02809249681595
0.065463509952704
0.00045503715331657
0.075050019873817
0.09880079488037
0.025848960551687
-0.0053131698820923
-0.026608629303765
0.070628731484302
0.14147455240589
0.1934271993061
0.19277843134147
0.026695968195143
0.13215812317674
0.098727865543205
0.020608796556346
0.07972391434096
0.066256931042517
0.1165648694924
0.10355308598883
0.17374290889953
0.21672214262094
0.010390373324489
-0.015009183986177
-0.00030518876851097
0.053441217292299
0.065658464422447
0.060336930684223
0.051681127586664
0.092333472004978
0.080685355260525
0.07328294607499
0.11798691515397
0.72688291283841
0.36926374236697
0.5016106390303
0.51245548172911
0.42604130859728
0.38971311724856
0.49364117832547
0.44913308373575
0.49503757420137
0.49602065552637
0.44166287818564
0.41031083463094
0.3733829906363
0.3707599514288
0.41423630814491
0.35280122777208
0.40945267590462
0.43541011403016
0.45838974363095
0.3691652446662
0.32438789701531
0.52730032504737
0.56834477028683
0.5093992244595
0.54642693013746
0.44801306369789
0.6005786628945
0.59967225489619
0.57542028579345
0.5474877691047
0.61426698533491
0.64169194451215
0.64548257420802
0.70427049820614
0.74723869619384
0.71420057244117
0.68226010656807
0.63960559731151
0.56418474456245
0.58988707790863
0.51153058421792
0.57614112471224
0.55364886521355
0.58075914094154
0.60301072924032
0.6280518304108
0.61483451915127
0.60413022789718
0.67476074569692
0.58826235479164
0.62310945250403
0.34894325988753
0.29318027324486
0.30351673614565
0.36171533861051
0.33513047087843
0.32825507668119
0.32375057815435
0.29096565526456
0.34482654470451
0.34470692641132
0.21009194239911
0.25178780009045
0.26882632015754
0.10590464227149
0.15117453823825
0.11850313847438
0.14615580678671
0.22198191568172
0.15816136033498
0.26631105935922
0.29033781396667
0.24209201821457
0.22444259769501
0.19026137057307
0.20076739711951
0.2320515617195
0.28223209990924
0.26422894406188
0.24997656475675
0.29515169230685
0.35002322759678
0.33699117651752
0.2551365589531
0.24378012824761
0.43155812337993
0.43110016002896
0.42367206391651
0.50530081548875
0.5451556038608
0.50955738568539
0.4628766579641
0.47623310728282
0.43085022384379
0.52540875750925
0.55481800933485
0.54512479785628
0.58625224997025
0.33199595017711
0.54638567247037
0.61223261812467
0.57235471179073
0.52051456688802
0.51065433119117
0.60585826245673
0.56627240328285
0.3492126574537
0.35656479146414
0.38474544043861
0.50476293756046
0.33624011361263
0.13639430567365
0.22048756892626
0.331219047141
0.20041685626232
0.13169481435612
0.088727577297274
0.15850856271679
0.23129741485009
0.27604614121535
0.32311871257167
0.24535561012869
0.04298195609089
0.13168576651489
0.13128024400473
0.39162744951233
0.35219171480921
0.41607227293479
0.47269288236664
0.45778996151957
0.47187653680475
0.41759499908311
0.49873879932527
0.42121051660246
0.40904143243833
0.46266101570724
0.39177573128274
0.44191280001252
0.44641929770345
0.36285574490252
0.29200592024625
0.36812212852748
0.2692420664694
0.599393935643
0.62157340290609
0.58269616753188
0.5617235480478
0.61240785690626
0.54782649759249
0.51254840305405
0.52182819816334
0.5443327000352
0.56013164806836
0.5308447273318
0.49865073751373
0.50044112316638
0.47482683769852
0.50824808465716
0.50116875939678
0.54108106931875
0.58073907060275
0.51610974616897
0.62707352052137
0.66587693351083
0.58378057807452
0.71094227287936
0.68649870855498
0.65047943196021
0.67005452971654
0.69751900086938
0.60808887361253
0.61872673455164
0.72888870563425
0.7278461971525
0.70876304085934
0.72475640784405
0.70370761364911
0.719433224827
0.8106511504799
0.79009401645816
0.80201838893092
0.78016390750218
0.56847068254248
0.59611087364382
0.6231018882876
0.57724151045403
0.68327902083776
0.61603180907561
0.60046136072881
0.64334196000054
0.61045290369218
0.6783459604043
0.678438992389
0.7083990318822
0.49643715886976
0.48338933315644
0.046156873094795
0.14638118941366
0.0052836631886128
0.045794642040102
0.063845449030808
-0.0051287348273371
0.026482013615484
0.1045396302637
0.019147439984805
0.0071489889203471
0.11779770456487
0.20474501375727
0.23733850209713
0.23978156388757
0.13617686760096
0.11992393744378
0.11043437426319
0.043277619742602
0.038019373443401
0.15628469085483
0.097058291926624
0.23966426466332
0.013147596678776
-0.005032367915421
-0.017411518169666
0.026534113385252
0.032227269080242
0.088920874485403
0.081914945084678
0.035779471710119
0.12049839027234
0.79885139830959
0.4078819055256
0.5329141720866
0.53485499265392
0.44624376481878
0.42196236220423
0.51971119292859
0.4933326790747
0.43407309004883
0.51812361785274
0.5182707832166
0.46320040514412
0.44259386234929
0.39323488569421
0.40362760555241
0.44489110954931
0.44662238732107
0.45594488153698
0.492992858817
0.37360824518758
0.57545256198483
0.60216234132572
0.58556173170214
0.54522567490726
0.56793586172592
0.55763610168601
0.48322049091374
0.66208557473791
0.59795513752503
0.65564753992573
0.67979767638052
0.6820911384668
0.72051422805675
0.69829032935078
0.72170127330215
0.75966702828932
0.76395659788985
0.70650728997264
0.68605813594994
0.76725602153187
0.59300731364653
0.63448276230484
0.60541782040069
0.61358871260097
0.6107540328411
0.58376885130624
0.66197510691713
0.70235022417537
0.64005037378799
0.66896816343029
0.65327334401756
0.72535707364655
0.70604145084173
0.71879387754547
0.37289915031208
0.33414403440199
0.38500091563961
0.34990842318412
0.34311926144399
0.37466053456627
0.32408306760057
0.29603461351204
0.37722159162525
0.36123777752286
0.27683782618267
0.30906914908282
0.12082125963021
0.1642070876992
0.25650018952447
0.21385224771768
0.15303353334263
0.31466100994747
0.28178729963451
0.23925563904785
0.19596310915906
0.2205683599125
0.25135573554513
0.25081853168403
0.30567146324583
0.28143064056483
0.27975359924242
0.34703866492003
0.31792708280523
0.36469884202135
0.37247552618777
0.30349903696919
0.21803504131571
0.42848721442092
0.45914891448309
0.4286455129555
0.48336577049662
0.57726192156788
0.54934012369253
0.52059084320577
0.58410226661928
0.52953754709016
0.57729789744896
0.49655165454538
0.50910342381269
0.5030154625462
0.41937188405881
0.57313515449017
0.60419649497435
0.58940926096571
0.64272698469644
0.60420218007469
0.58660369756718
0.64417169838455
0.65680937181691
0.57592578099266
0.65402998158072
0.64693772227414
0.37931434832823
0.38754549661153
0.53736746801029
0.34761856823977
0.14978954198833
0.28205887466147
0.21331649543965
0.36705163099488
0.21165289480067
0.1123784760878
0.220517688937
0.25911170246324
0.30278972884283
0.37048366443292
0.30102287769525
0.096409276272613
0.15410637570707
0.12803965688429
0.44588832938569
0.42546571959011
0.47521723716467
0.50924913326282
0.50061723182702
0.46485487590906
0.49437996948415
0.51156282710875
0.49664279840991
0.52098100405598
0.47651072269071
0.45729227536563
0.4119504646178
0.5275056835486
0.51409197642808
0.50748403004036
0.48643850867954
0.43653692549968
0.35631252692998
0.34280048801408
0.6624695668391
0.65925468397193
0.62363671025035
0.61605698472167
0.66632802821114
0.60433551676727
0.53788028273613
0.55907388665791
0.56720336747879
0.57810059965816
0.55480369107729
0.5113790352926
0.52169822053837
0.5127819370429
0.54300002509167
0.58181599100626
0.54747200283248
0.66924345879237
0.64981854755359
0.70390357951784
0.80191533938002
0.72472956908371
0.71187079513785
0.71736508695951
0.69585392193269
0.66954719614081
0.73884352863004
0.74172178114825
0.644412588368
0.66195396749523
0.74646148113976
0.80338467642974
0.78794398411948
0.7469864665093
0.76443810669439
0.79533489777081
0.85037593821419
0.80935781557683
0.840355156673
0.83236536146932
0.79824524114521
0.5887455806756
0.6568817155152
0.62472010206487
0.62783681199612
0.69413370004208
0.55416524220677
0.64531698339108
0.59111999336608
0.65844233014746
0.68904108593276
0.69525383422668
0.6939770001036
0.73308194261103
0.80247315715982
0.51173407066124
0.064591200778772
0.011134152852807
0.043491214772467
0.076234390944699
0.10971965848573
0.14588718339807
0.18570523712328
0.22032332089638
0.26211337668876
0.27915070191249
0.27710086250408
0.17790650275222
0.15966548258915
0.12720280468409
0.14436156497329
0.03008485766689
0.087666233443823
0.27090547495696
-0.0090022556442498
0.040264549231727
0.063442006997855
0.032261681070825
0.10578852749128
0.029387719090753
0.1291069478887
0.12848269420126
0.81198293135239
0.41472605658878
0.56660187648727
0.57566577867884
0.49046083908921
0.43773231787157
0.41829102981141
0.55237482516928
0.51004416607167
0.51541058691161
0.45200055333708
0.5676889780628
0.5507445422304
0.4987846887096
0.43413227848508
0.45359373441006
0.4399489659185
0.46482429015794
0.47914365353299
0.44462067415893
0.49881888883966
0.50606315044036
0.51570541463138
0.40280781065936
0.60335230448068
0.65221429277437
0.62877858355217
0.59733387887751
0.61163249250535
0.58658192174563
0.69034147466098
0.68046732145071
0.68641525916343
0.71025705677355
0.7541657007801
0.77144133723177
0.80394898048449
0.81748845996093
0.82857838502279
0.76046714147665
0.75788448610177
0.78957984919209
0.66814089427573
0.70991956281841
0.71236085948691
0.66492431110503
0.64985413049352
0.73834424034767
0.7288336371319
0.70531810618828
0.69915826433008
0.70449298921638
0.71025521235755
0.77749700385175
0.77096165027097
0.77117042222021
0.3970209994142
0.34896359411728
0.42145306990209
0.38619100174161
0.36105895091279
0.31231002698433
0.38883315280902
0.34309339382288
0.40753811402364
0.35365316374706
0.33203604973896
0.41619414101374
0.41539817920063
0.33795756567788
0.11993934267614
0.22325881562036
0.29465938006424
0.23900036437959
0.34698971396029
0.30814936610447
0.28921458539326
0.31490497442869
0.23264746959828
0.19898145739972
0.26140746370103
0.34630309640459
0.31329528974288
0.37766826999404
0.34215706846489
0.38775950113788
0.38921842497549
0.39780842678504
0.3614338459815
0.26347855454225
0.25289513291375
0.47466602967058
0.41650959246936
0.53558949780395
0.4580253514788
0.47994831208939
0.52782191791107
0.58927351702332
0.57748957202924
0.57805247881806
0.61309710936311
0.62657381416049
0.57299871873005
0.46413363086702
0.52812728680511
0.55475937572113
0.43692638295081
0.61578121349249
0.66319041282073
0.61880071506154
0.61931662109416
0.67760866301303
0.65282291148366
0.63768766638692
0.69778676623876
0.61387973325001
0.70828113947343
0.65541592396275
0.7097838157558
0.39402773404677
0.57994716328141
0.34010241908936
0.26591413569668
0.24710888499525
0.43580140270112
0.22868590873251
0.23214647962753
0.31846157729871
0.28955620879315
0.41850429158314
0.32666263407232
0.1353280879774
0.12049911261167
0.479479121616
0.48607692758115
0.51837645919173
0.54119251862716
0.54340603400758
0.48582010538254
0.51596455368685
0.53283067369294
0.55219914551114
0.53469567284954
0.47063068601068
0.45532233181669
0.55354946086015
0.57282783756037
0.5215733722107
0.5121192390496
0.49535210544402
0.42603729004393
0.39985574792327
0.68297275914926
0.66485021430529
0.6152316810012
0.66335697431886
0.67782211957437
0.61790893448552
0.60230353016238
0.57588620776208
0.60116177734199
0.63252387934395
0.56819056126809
0.61498992204949
0.54175454549388
0.56637710141632
0.5462479914581
0.60713031941022
0.59728184307463
0.5376105401659
0.72895473824026
0.66841354419976
0.77213798670494
0.84067104114793
0.83746201644859
0.80796273867149
0.72649239386477
0.74640620916658
0.73670102031149
0.73207770478008
0.80140923185221
0.69374041166097
0.66636042891877
0.68251996028412
0.81005029346508
0.78622881263126
0.77603449081409
0.82803499141054
0.80879688072153
0.81631032528856
0.85315680682869
0.90804868427386
0.83304754510416
0.90994559297809
0.83110603119986
0.89771371218551
0.84035267265574
0.63331247260761
0.72723268095974
0.64104886721003
0.6753292029927
0.69056368088246
0.76848886184287
0.62442251864538
0.63071294814204
0.72357184879215
0.74030509345672
0.74013955357469
0.70310873396531
0.68735832176701
0.738968820222
0.80028770015595
0.83473604422912
0.066875636571199
0.13516387815932
0.19281312612353
0.17851538948281
0.2477834146972
0.32452890912027
0.32431932463783
0.2455018601231
0.22215580370357
0.20723418187397
0.21532633333893
0.047670595286814
0.1152811004633
0.10171258359998
0.063264113241374
0.11703380930051
0.023286748855491
0.16079819991493
0.90826310460816
0.44824445906577
0.59733562132573
0.57670796488094
0.52233401360687
0.48510674981704
0.58682063511242
0.54037509762499
0.54586685618477
0.50103497377891
0.60759955669043
0.59780789453323
0.5153628647161
0.44653637001767
0.45260520083463
0.50194735501527
0.51659625758913
0.44435690083981
0.47868759250067
0.54264892857791
0.56200805199689
0.64933690257695
0.65449862710722
0.64935975678024
0.65772841148545
0.64198674094614
0.72561864861436
0.7077560346355
0.7308004447276
0.71943566620394
0.72668924453545
0.75852281260958
0.79270633754771
0.82335043949074
0.82180298408613
0.80841066063886
0.85582046802104
0.82424181367822
0.87920976243656
0.77991664399239
0.77669802872438
0.78352616672915
0.83273320988987
0.72672116588469
0.74259117790338
0.67427086642541
0.67572067717263
0.79760453754263
0.75215249904025
0.75929349321098
0.73529362043248
0.71803777373068
0.72647343989771
0.82713421681212
0.82959960742033
0.82656448125678
0.41613521373096
0.37964583352723
0.44777270104267
0.42112262547938
0.41053423064035
0.36246649554432
0.39869465855378
0.43460657766715
0.414157091088
0.43919395678448
0.40108197570623
0.43716429948763
0.36540092418451
0.15202370441059
0.25323433889236
0.19652155652036
0.33751563321073
0.26212823082974
0.3804283164436
0.35571179977448
0.31529886382287
0.35903569511637
0.25716163708612
0.2205533699609
0.36468696912949
0.37681581300361
0.3942835401929
0.32036017183361
0.45711627347431
0.45736381307687
0.38872467347245
0.44792476909221
0.40352709608332
0.41060183818552
0.32519664016163
0.52456131827398
0.57874115942004
0.52295557094053
0.57030391822429
0.62779052328991
0.63997994105976
0.6176258518581
0.63342473167743
0.61183174064853
0.59098473049909
0.64987110074477
0.64257612034351
0.60663384420885
0.56615222024814
0.48587645515133
0.53302351865684
0.57166301532367
0.44191123959181
0.6358121411975
0.66269888151739
0.68220257082691
0.65558792568991
0.72861174335745
0.68257636398057
0.71374474997929
0.69823325444485
0.73959818016818
0.70778957617903
0.75342046700645
0.75055617378719
0.71262891073889
0.73974322073401
0.61196867585629
0.60178271142121
0.38924986059816
0.36853550563291
0.4548855755898
0.26584566215987
0.21309144842489
0.25369805950075
0.27245300970863
0.33487747875744
0.40779967811698
0.35824094760757
0.45075031889078
0.46277166733603
0.35205726481771
0.10799639824989
0.12299844779447
0.51918259461502
0.51437339016629
0.54563139149868
0.53791148015455
0.59847040487109
0.6149691776296
0.53728916041795
0.56184186479376
0.57329034330915
0.60947149976485
0.51702105355414
0.65860414840941
0.63259385255072
0.63270060848343
0.56231121279836
0.46255976168043
0.4531387689009
0.69247477081254
0.64448659064894
0.6794387509469
0.70438866755632
0.65519657784079
0.65635458204549
0.62654609133921
0.625403498648
0.64069694316529
0.6689096724428
0.6166630801009
0.64666091640911
0.6009734687066
0.61354864320737
0.52920572602769
0.59368735700009
0.61978471012746
0.61484310458604
0.60565979509026
0.79102358353825
0.72842369572423
0.7880302349439
0.8912568919823
0.9060428239783
0.77078544232483
0.79079043707433
0.73400051753269
0.78506783087809
0.84547081458673
0.73220557791564
0.70331163732719
0.66124103510645
0.8397860595351
0.82098395943961
0.85268988250951
0.90713031846085
0.86875927687515
0.90840754074188
0.96046717736876
0.90552269747857
0.98080121887832
0.89546015720205
0.94215014934766
0.89204112745899
0.81801295621648
0.66287062317592
0.76545995105581
0.74000403266488
0.66438649858227
0.83201868389644
0.8442084152886
0.79310722244572
0.79634976973763
0.77805409260914
0.8117195238487
0.7014633635061
0.74158750097092
0.7499971081902
0.85707861835512
0.86767267406581
0.90292792457769
0.11524295216465
0.19206660289213
0.24303962960076
0.26916186173239
0.34231580208238
0.39154630247729
0.38300014685639
0.35045785871951
0.27542481642955
0.24839769034963
0.23592683218438
0.090601322042267
0.10652522908137
0.042957919710772
0.091736453990784
0.16469854793942
0.92862595034443
0.49253095015056
0.64869390361689
0.60435159122435
0.63913250476584
0.49066295821156
0.60704970365225
0.58133409446594
0.56681014091978
0.52132772884782
0.61794115468673
0.51682382280862
0.48842839981726
0.48805769268128
0.56031621111267
0.55846602408726
0.47838526186037
0.47589874126018
0.50992858884596
0.53286178407208
0.60451176765325
0.55473068085644
0.68559083648523
0.67777987460826
0.67643617974906
0.76609787711592
0.74907026534328
0.72548154689428
0.76639628324286
0.7292045612497
0.77208724722234
0.84397384321111
0.83345774821201
0.86709976454219
0.82352592655263
0.8801243199438
0.91224761766425
0.88607947119638
0.93213477804322
0.80222830775814
0.7899282465732
0.8217297903791
0.84253731537029
0.89266968056688
0.796138286743
0.74858409854136
0.81830844265476
0.70521696174857
0.85655998161466
0.8053637021012
0.81874368414035
0.78940025576366
0.77710586451564
0.77528266486274
0.89826703440475
0.83082061599167
0.86920396840616
0.90118782881354
0.44640639120853
0.39250650097438
0.42340017110844
0.4820266013988
0.4484845272532
0.44237712293685
0.44385723538775
0.4630983931444
0.40585922758056
0.47621304952752
0.42507000920858
0.46292553909779
0.46788422437523
0.40600682689688
0.11429583607991
0.22280854474862
0.29374134851348
0.35825582099622
0.28231073226766
0.40147236587396
0.38313499208848
0.311185986005
0.24910458855028
0.24223294351237
0.18468436561814
0.40198371733245
0.41941500186118
0.41389687839563
0.50343963081169
0.46967286266318
0.46310083975961
0.45443202496797
0.48617363124994
0.39929067283616
0.30006858408578
0.6439692928926
0.55064004598672
0.56078416277078
0.48165175753557
0.64568305485399
0.67629011242673
0.67415972924904
0.67630919800544
0.58812390270752
0.65979532540774
0.61653362659456
0.679138209119
0.67455303162761
0.69874329901112
0.624328511165
0.58659032457409
0.52063456710395
0.57481446744187
0.61678258623143
0.67416611310398
0.6874274744609
0.73262127604547
0.68891545393468
0.75956466176009
0.73396950826663
0.79584792194486
0.78335012905352
0.72892078371237
0.81165547262029
0.81876870488553
0.7195788406202
0.75508208484624
0.78410449393885
0.63320935705843
0.63145206434207
0.42492611332573
0.40072034733211
0.52055129923829
0.31026111410708
0.23428239602823
0.2130783521213
0.35021825073585
0.35641085416399
0.41048991537027
0.40957857610122
0.48479609210881
0.50264941974611
0.42307680086035
0.13686313303257
0.55578688198732
0.50848933495768
0.57994475828557
0.57815974949469
0.59383414335624
0.63309185824952
0.61200339420249
0.59099033505943
0.62098574332212
0.59219655115646
0.54380739118768
0.67737103511486
0.67950495349977
0.6569887203473
0.53199092233432
0.62555624028927
0.52348520428062
0.72336771287378
0.65076550546212
0.66742620768379
0.73585902791262
0.74412940779178
0.66000612952921
0.69402342465369
0.65151353238332
0.62630425673632
0.6493791824915
0.66604930263892
0.70087696157096
0.65115609506012
0.69214549924257
0.63603713606938
0.6003925808485
0.64606838119214
0.63533504096203
0.80449020950337
0.76587583532646
0.79587483683781
0.84722166062768
0.95241708330973
0.96847099718345
0.76878832105251
0.80140859012212
0.84020245758122
0.79815578304321
0.7703212810278
0.79591964317786
0.83847572246107
0.89827591671071
0.87429911139472
0.74979324130015
0.69562032207951
0.74189183216584
0.67291366746705
0.8667028206587
0.90996847189134
0.92205868621549
0.916402795442
0.95404549440876
0.93042191329342
0.99078188824812
1.0233876821583
0.95801023442175
1.0046387782443
0.9583719230921
0.89532548268648
0.8377409014748
0.73350472622181
0.79035421365091
0.77603177642543
0.78683507496688
0.74146402530669
0.88430504536556
0.8665058333849
0.83446047769349
0.76589380789394
0.86004643496198
0.73583950223344
0.77176972795108
0.7363059463415
0.7672123012903
0.92040335622118
0.93453760598647
0.96189125455188
0.12512916159651
0.2539675377332
0.34334152679081
0.31308981392381
0.42518223166285
0.40935323566616
0.4318728379687
0.35277359423943
0.3561112830769
0.42175210160448
0.32552187011315
0.14101004409122
0.10213356023317
0.18639899329967
0.99122657351692
0.48852415626962
0.65233486228599
0.63683893697173
0.49293002162516
0.64152550716988
0.59850385064774
0.5873842488802
0.58362313047587
0.56403116515985
0.55448907365018
0.55614081576698
0.59583591613796
0.59872372785916
0.52825830009813
0.53683560529073
0.62977147045517
0.58498978167839
0.70937722995425
0.70330743404053
0.77394328966824
0.74091020941257
0.78402436373635
0.79050746502151
0.76955840680219
0.79991729218587
0.89804579163381
0.88378282438313
0.89524685211528
0.87342921165759
0.94193986855707
0.97832656248377
0.90999471166771
0.96694846828642
0.85407042550443
0.83379915074638
0.86377776214068
0.89827449626389
0.93092414526875
0.89745446827046
0.81711157135256
0.80591343192582
0.88678853010758
0.75501527099927
0.88436747128757
0.86789488380669
0.83018991862288
0.82083744041482
0.80195353662392
0.91110059528209
0.93810207096673
0.88671979684974
0.91330216473792
0.9330635142953
0.44112486267103
0.48889387852406
0.53072025158297
0.45905302307191
0.51189398721906
0.44961493657021
0.42516723882379
0.51106595895082
0.44704779971892
0.50143123911068
0.49204515451118
0.51930337209978
0.42247546881048
0.43511763888414
0.15075564745671
0.3176013068308
0.34695833962507
0.42145075274613
0.29231366837076
0.43471049806779
0.39087176235721
0.35107078177959
0.23101634686093
0.19106524704637
0.1939569671887
0.48859812471491
0.47040730983021
0.51513683595777
0.45226310396885
0.4673647865633
0.5365343320668
0.43977515465068
0.41779866778442
0.69379775895295
0.65260630568935
0.5923602939855
0.64897432604335
0.50797798670466
0.72953573884623
0.70283351588732
0.70002274601015
0.71310002952715
0.70974486410706
0.70526354673795
0.65370774060031
0.58476923954285
0.70016185896265
0.63125708181998
0.67027206673556
0.71467016835799
0.7498067823815
0.67629832347781
0.54304313985654
0.60426439616619
0.66418858404449
0.59135210634855
0.70313125234872
0.73989925850487
0.78799278087714
0.74006637939594
0.81074352757595
0.78704807444363
0.84067624409009
0.83790741990751
0.82645595139723
0.81554858717383
0.83029962532934
0.84754419813397
0.76552666024553
0.68059929854794
0.62078610839731
0.68020615225227
0.52694518965063
0.4485360340011
0.56347519758378
0.39423301211781
0.21951578458928
0.2683543506545
0.38909049172871
0.38339582400788
0.44868240681098
0.42993906946579
0.43927427629094
0.55824655007314
0.493097646689
0.5567460204541
0.59807674394614
0.57232243028493
0.55706972664859
0.5938315850221
0.6147190308922
0.68693470125007
0.65216278958175
0.6460302625442
0.61472929661547
0.65287767989492
0.63645237554212
0.61856119624803
0.71322694264199
0.7516495319398
0.70993703029764
0.70391564716515
0.61879529112929
0.67118352696041
0.58864899490197
0.77561784081568
0.75295924457438
0.69609906105246
0.7076353609605
0.73872721779074
0.75964501184321
0.71333794006396
0.73261717474246
0.69278096372818
0.67905336936181
0.67471323718448
0.69767387253835
0.70982563432158
0.68992700873241
0.65610686436712
0.6830890563877
0.67090673871424
0.85775623977743
0.78804963031744
0.86075155958457
0.88483126362399
0.98924144133101
1.0022511328263
0.80111320523287
0.84681182523516
0.87107715486518
0.79023788621637
0.84664182449469
0.85146626095346
0.85492275836674
0.9025635003234
0.96499621360055
0.9347498735727
0.78146372503749
0.72223524072397
0.74753885782058
0.69888879200688
0.91968513255116
0.94889682539562
0.99541180831786
0.95658404438203
0.98843387219124
0.9886112595984
1.047680657661
1.0151541448968
0.99745405670825
0.99683286917199
0.99496675480734
0.95969594353356
0.89778974009039
0.92918281735542
0.84795972024235
0.85818906341564
0.809646457376
0.82230109653505
0.95065627824141
0.96089478875446
0.86799803309902
0.84797230945538
0.80157554401274
0.89255943167538
0.87741876509138
0.78606716648124
0.7562004067803
0.85336315019116
0.79144816284882
0.77420797936425
0.79988853503244
0.97743837140267
0.98251228313405
0.12517959948853
0.26664004786958
0.33842460589687
0.38801791514665
0.36980889715212
0.38291899490199
0.52016496802604
0.51760296840129
0.5410288912404
0.43548631772158
0.42643755091305
0.49098895620494
0.3908928216566
0.22242530037635
1.0552050972938
0.53897403255605
0.70505845424231
0.68324199815601
0.51863334574567
0.69619922818605
0.61345958527874
0.62176616782449
0.61194859247853
0.58168214637255
0.62753598401456
0.63770753017836
0.57210700256912
0.58027361003881
0.61598256789244
0.67649111739432
0.60233097708186
0.7557401143557
0.80269944410506
0.76153862659319
0.77029489878316
0.83524945811076
0.84227559220843
0.79826699224106
0.84488825230593
0.91045899328255
0.89928000772892
0.9404962579686
0.97779451627611
0.98812030092765
0.9867094957754
0.94874375097525
1.0224296188226
0.87563421897023
0.87780043745509
0.88965778604376
0.97113045933745
0.96242088050962
0.91325114799435
0.85898718505502
0.8644493897947
0.9161317069284
0.80287450464907
0.88562850402922
0.91378265488535
0.8686184129508
0.86353593111828
0.98052580529049
0.92744171621877
0.98071868425624
0.99531581444481
0.51195035007341
0.55021457854341
0.49568436742125
0.55441282089708
0.50365246715644
0.49842641180515
0.56718110566578
0.49888133330778
0.55372463117556
0.5385194617138
0.48317440962338
0.47499711154338
0.31504110365886
0.31504263700234
0.44207605124692
0.32767394176221
0.49770182752386
0.47830008787632
0.36308649633686
0.24458646786215
0.21135224072155
0.21664656363828
0.51140698794056
0.50782335209084
0.48785255036968
0.51899854845665
0.51676167427041
0.7315349517635
0.67152282084832
0.57068071557749
0.7081995689169
0.74474489705216
0.76203776033159
0.78317319709682
0.77426297552936
0.7994955610094
0.65408424429993
0.74107818282485
0.68555860380486
0.75475352472859
0.73381208812354
0.77241825069228
0.70645575505044
0.54480239107736
0.6376832835126
0.72331131230559
0.68898248577595
0.61623533349676
0.74312417893328
0.72545026376912
0.77707858208895
0.74699159713345
0.85624530235198
0.81392082986108
0.83419226473138
0.9203366166958
0.86837835057936
0.86095493023666
0.86926209637924
0.91093210078935
0.87538116964967
0.81207272187494
0.65668822204485
0.70935105420357
0.68906571120508
0.56311132251499
0.54935697178606
0.61613842705116
0.60134104198605
0.4191672731071
0.36265633724755
0.40967139202481
0.44625725183837
0.48868922676318
0.52573260842832
0.59647674941176
0.5590748545454
0.58702550244066
0.61455800836055
0.63572441852337
0.60730723278364
0.6696554527481
0.70891156577188
0.72181856120598
0.67542001512295
0.69350291699757
0.68646391135865
0.68813204956277
0.79668034498501
0.79137355797428
0.84228813262742
0.80912782844905
0.64252615878726
0.72508842760555
0.63617643300173
0.79527543321877
0.76315931280063
0.72199586399989
0.7078706821176
0.71912679230417
0.77524198470081
0.73744770309979
0.75203125363205
0.69405894543938
0.75679031420913
0.72693788756683
0.69156547345726
0.70487077526706
0.71107766265023
0.68243673453254
0.66617181097021
0.86350753051295
0.79359052787139
0.83415603720431
0.84754813347716
0.94749875078857
1.0121834645477
1.0619530443733
1.0617393465231
0.83811988909924
0.88517147261821
0.90272796273233
0.82785443558229
0.8549679653725
0.87545391017644
0.91423411485002
0.95051854146717
0.97765874348901
0.96253293283689
0.80496092091505
0.77083957544411
0.75435113783989
0.96896914967347
0.9858131029175
0.99825520014997
1.0403983116906
1.0455128319202
1.1015754526781
1.0486498335561
1.0419980742645
1.032989136537
1.0318257273634
0.99225643227395
0.95618477163168
0.99509376761412
0.92557130623159
0.8383102141053
0.88828798081757
1.0016179042931
1.0077085747655
0.97825078086107
0.89285367730204
0.89140714196026
0.8492353417166
0.87795320169765
0.80784506834739
0.93922749333498
0.9535277440353
0.81091869481866
0.7746257343305
0.79623917023533
0.73739343409374
0.85508778046512
0.86711042088621
0.78357661194378
0.8392207380431
0.76806832812385
1.0272566217832
1.0244019381185
0.3427482156699
0.43373040827894
0.4243417078834
0.42243913907598
0.5622514206476
0.53388011800601
0.55732504329433
0.51684752671346
0.50671545208708
0.54644742741709
0.43002031607196
0.51055608452718
0.45809601985769
0.27108337901587
1.0560269440083
0.55595037948294
0.52517438506657
0.70843650548036
0.64735362862471
0.61122663011618
0.63250141340359
0.67734084510852
0.61991596973083
0.56201218942851
0.61806510396281
0.65681859662794
0.63630360260062
0.59164227272095
0.84083410395592
0.79169664815896
0.83957871196782
0.85890866892903
0.84932917976041
0.94816277722306
0.88512840865099
0.94129299176953
1.043567404459
1.0671828114779
0.97601224942538
1.03318536017
0.89787104901329
0.93577233523128
1.0070697261714
0.94211004013883
0.93553689316227
0.99108900414429
0.93012214710025
0.91200653113321
0.96488177865627
0.88774470859515
0.90388904433635
0.99723509049543
1.0003950926541
0.9899702816571
1.0301992724031
1.0542227972489
0.54921268076854
0.50357522075407
0.51809244511335
0.58083353569663
0.56685606305913
0.51001478884624
0.53195286025986
0.5739114769292
0.50743819350085
0.40850024841264
0.47842208082695
0.3734547041367
0.49217274498366
0.33536766192199
0.40683551603227
0.25976023601253
0.5646992673039
0.60490417788033
0.6978023068177
0.78299675766785
0.69665951327441
0.63457049631648
0.79047878693625
0.77988225618459
0.78677024003111
0.79801043435085
0.80792095839608
0.83244212710947
0.82845098021934
0.67752742576728
0.79902229037951
0.70688747773654
0.72195413730707
0.79176125525453
0.79041572043859
0.8125322366714
0.56461763292364
0.63286162667579
0.69072911672581
0.76305603035709
0.66003090278955
0.74585302275254
0.63431421173454
0.78321618700203
0.76922782111957
0.80332020220431
0.78714660225076
0.88258422880676
0.88739353415911
0.86836639036018
0.85988565588273
0.95114241792675
0.91630323264073
0.88937479398604
0.97126152022325
0.93782337264126
0.83576948517836
0.74130569315696
0.70482713080607
0.61872622512689
0.57177004226892
0.70410485300785
0.69322807899197
0.6270676055956
0.45255053343359
0.37578651192199
0.51731627445171
0.55064636161225
0.53815246989611
0.55246392534684
0.61694724335897
0.58106025806932
0.66270301611524
0.68543724520999
0.67075446868377
0.77642449703814
0.7494861517694
0.73470157201019
0.71387222731848
0.84857734629909
0.8886583275188
0.85660859893865
0.86978356620571
0.79798829046692
0.7031900303337
0.7688968155988
0.69780178381483
0.83156964204407
0.7613666886754
0.8036733398789
0.75026030389049
0.74189496516657
0.73776935626724
0.80885467832285
0.78746705358664
0.80042610310194
0.73692305641063
0.77909516908276
0.73452921332642
0.72502257653061
0.69234164507361
0.74014539952151
0.74031587528439
0.73108123709186
0.69152572791195
0.8813821102713
0.82592681817325
0.84661388569824
0.86338866746833
0.97957202794021
1.0730939002026
1.1082124470555
1.1056419411817
0.84763802732416
0.87814279295054
0.92394272340224
0.8933551669527
0.9423220234513
0.8626952583797
0.91594029504723
0.87654838633996
0.92645510263275
0.97679642525188
1.0266457230253
0.98793728514635
0.99009958812255
0.81147864112346
0.83604610306891
0.78038164661137
0.99269893138205
1.0388658010819
1.0537631927588
1.0673825324036
1.0871466716479
1.1060092110263
1.110771312265
1.0908191973841
1.0826003174495
1.1092802685245
1.0404626866412
0.99815521889874
0.9501663811263
1.0381860574512
0.91323969051856
0.87842273394122
0.94108844508106
1.0365936775247
1.0261825778415
0.99016930320661
0.8592886311871
0.94057225600911
0.96423682486361
0.87661945974732
0.89886228514427
0.93838131349697
0.97519355365349
0.82673914562984
0.81511349646462
0.80801607032587
0.78773927802968
0.89340635946155
0.90638207212784
0.77510530049138
0.76164259797838
0.83983758749566
0.79401692901594
1.0385305171574
1.1236168255049
0.37937521752336
0.52661678748405
0.53862611726408
0.60269471782346
0.59342124064091
0.58697615949895
0.56734185957492
0.56706405391862
0.56142811870433
0.57106934071824
0.55261039582906
0.57008214828696
0.58933235012796
0.53946363317272
0.56869206079251
0.53908728393545
1.1144469516632
0.58903635402353
0.56277630747216
0.73470225624435
0.73188855412294
0.66925622104052
0.65455172775507
0.66001370622758
0.71444912967224
0.63726129696776
0.60252145478829
0.6610983784987
0.68616446939926
0.66010392877327
0.65879885226206
0.60345476087166
0.86374012054453
0.80787203953655
0.8635113414449
0.87587015597051
0.94726889602633
0.96419495458481
0.9087818008776
0.95342996200446
1.0586807035472
1.0186344996443
1.0772906800156
0.99936934826739
1.0681973267777
0.92795422272762
0.97748765489851
1.047777504477
1.0000206438928
1.0536025614913
0.96837414186742
0.95328719919445
1.0170527877473
0.91628079330418
0.94674966298158
0.92173118163599
1.0305320392584
1.0191805331641
1.0594937227356
1.0083377231771
1.0090282151013
1.0597212233779
0.58545636902085
0.53188558674091
0.56468494858561
0.64129038901959
0.59615817620496
0.59729278553446
0.64413661998484
0.59226579109629
0.58206899196173
0.57259765525962
0.55676834688035
0.54568666132209
0.39155641932208
0.38252924555716
0.43976959514973
0.59836162212119
0.59204862377819
0.64901241199816
0.74643929755923
0.80668945179307
0.7653940011545
0.71244946496035
0.65748196219155
0.851853938506
0.82736267491722
0.82913249975863
0.863056494845
0.8529148459588
0.89556343009608
0.73823573437136
0.81902057155548
0.74775072520392
0.82821235233242
0.8219512758726
0.82608992783454
0.67767741225665
0.72616888688624
0.77534702086359
0.81093555287904
0.65519134433123
0.69889670856064
0.79517945278864
0.73338833605823
0.66409967442239
0.81444263434385
0.7985861480696
0.85752312964608
0.78866469992038
0.93337474167976
0.88435416607481
0.93857558567261
0.89052391401378
1.0040722625142
0.9971734840459
0.94914544739598
0.95183247529914
0.89530614328126
1.0299771905226
0.96908226475081
0.98159615383123
0.88287274191111
0.79005402631257
0.73674303230331
0.74019888522815
0.68318747813152
0.60366244289003
0.75413731061566
0.72057532981545
0.71757409948443
0.7231948158879
0.68359528110565
0.42057126243874
0.52667594979792
0.57120756765369
0.56218636990181
0.60307441733142
0.59920247693546
0.66974210427703
0.63335030472727
0.70187226557546
0.6935135476563
0.72472505857891
0.78148697794898
0.75481930894765
0.89952299655871
0.86932804605901
0.93073396228013
0.88619877894639
0.92448908137566
0.8514026085256
0.84429605816471
0.78872762405148
0.7740136102323
0.83420548021097
0.75672888787921
0.82597565208443
0.80543991693966
0.81768811393953
0.79252448403401
0.78708604883255
0.77376318165259
0.81213942472586
0.82513141035958
0.83302473711356
0.78389431167358
0.74421213076613
0.7363883021243
0.73124668289519
0.77334656757826
0.75368535954686
0.74297723502131
0.68609926952636
0.91322292752049
0.84048778932506
0.89159303403326
1.0183986047991
1.1076217553312
1.1350063891675
1.1352784889737
0.8807229535771
0.84492863093634
0.88967121249497
0.91861307027657
0.95975870775641
0.91230899631704
0.94705334588071
0.90058119571603
0.96097346604455
0.91669776761336
0.9840501422986
0.9277796013569
0.97185339152924
1.0209068309829
1.0537807558
1.0312677851801
1.0420655945027
0.85207893406123
0.86273153667634
1.040958685112
1.0659248053212
1.0557510921281
1.1223716890706
1.1069857543373
1.1668795622143
1.1503555771868
1.124048976298
1.087288979785
1.1124823350204
1.1128421971432
1.067460159907
1.0338564552144
0.97729891315324
0.95464970225672
0.91435494583614
0.9404587910559
0.98308848621089
1.126037923089
1.002508487659
1.1018423042948
1.0639416384395
0.89025317883266
0.96589012937028
0.93458141249267
0.94588055123266
0.97517636745409
0.95593650539913
0.94403719702114
0.89230175011043
0.86604076880031
0.88707796060385
0.81737494992602
0.80966331691649
0.84800147247287
0.85296466533492
0.83439856905129
1.1031009014452
1.120421058674
0.41699214399511
0.57110827037342
0.71819700639576
0.59949262311743
0.66172312093045
0.64926033297318
0.63844213775151
0.60929118402158
0.57927181349352
0.61513421697678
0.53831121608942
0.63429949115137
0.60653526680782
0.57901800532432
1.1096797676692
1.1115746117416
0.59488612022535
0.56054032958955
0.73014560856084
0.77913418520739
0.77260673821926
0.67892297143977
0.64458204525426
0.69518348103008
0.7608352117061
0.66896410298934
0.7081421799705
0.69201191445475
0.65015429719272
0.70660876330992
0.6883044128627
0.61439783282314
0.87066140942031
0.84836611491222
0.89193873452862
0.91848126073152
0.98761794558504
0.95783214422963
0.96568335755633
0.98468434063131
1.0938502909679
1.0511525291977
1.0844372550131
1.1362965729028
1.0455253371279
1.0861106220191
0.94120704328574
1.0568063132262
1.055787326485
1.0325014328049
0.97893629689
0.9722500031476
0.97360439105746
0.98701704265554
0.96206129820565
0.88604091584227
1.0461481476893
1.0281049896885
1.0200966248064
1.0535109418947
1.1174589497792
0.60137642179548
0.68582933444312
0.66063711486314
0.63164588767859
0.62806117038335
0.67035399060053
0.65663048817544
0.63703517860947
0.59085253709831
0.57884405251638
0.59723756940777
0.42663865585315
0.51631038666743
0.70673785663682
0.72293795787816
0.76159772921681
0.83153421959516
0.85326439961778
0.83831268704639
0.76034460344756
0.7284553401146
0.86559119427622
0.90953518423983
0.89558565317138
0.89439216030199
0.92012716702332
0.90845365287796
0.78904317278395
0.85878919893849
0.75422841207995
0.87456110320403
0.82195026086169
0.86438153921282
0.86958621337799
0.71772724630355
0.75028061732781
0.82232162202513
0.84342698307084
0.7014151809751
0.70698698177702
0.81992731042938
0.76586389382008
0.65098472218565
0.86287177514623
0.82470539294662
0.83821189764506
0.79945776527531
0.96953261946677
0.94107763812082
0.96849502083943
0.94543472775358
1.0502154492731
1.0151493661564
0.95360060777951
1.0188359544547
0.99368415824729
0.92065611496262
0.79428676453668
0.80885608004544
0.76742942603321
0.73189817881868
0.71564475436287
0.68133874226923
0.78378658921066
0.78558212066861
0.76966286169901
0.71016799758387
0.52519949979995
0.57570109558869
0.63915413406738
0.62019695563908
0.68977274682725
0.73200342015887
0.71465704915873
0.76835438813152
0.82221666159545
0.8054078310888
0.94376273893437
0.89937821395236
0.86695705369631
0.96794744298595
0.88326670346956
0.97674656338219
1.0087858547098
0.87291328399275
0.81882371116531
0.83626017060664
0.78965943862104
0.8545905617258
0.83430820741827
0.83721119944016
0.82504476091493
0.80101006626439
0.8188057944292
0.80777601241551
0.82817632098026
0.85593629832909
0.81167934161157
0.77789934583077
0.76517874479697
0.80366614815426
0.78517414377101
0.76669540009243
0.75978316991325
0.72937992015847
0.92019572135566
0.86252858017256
1.0396726884898
1.138629436635
0.90323787250579
0.8779848087013
0.91793342253012
0.94961453908699
0.97840932790935
0.91702147734652
0.95438370428745
0.97372640890077
0.90112551597352
1.0135952454104
0.96081168029115
0.99319530931649
1.0452340500496
1.0521402469592
1.0158371508371
1.0553193387375
1.0521225611331
0.86664255867056
0.87701770582748
1.0716977808042
1.1000723293046
1.0949811592953
1.1022930655615
1.159354931204
1.1486874144506
1.1998145512212
1.1543516507072
1.162116118858
1.1210017541418
1.0904969629789
1.1579308854928
1.1366255479858
1.1532116282771
1.0722869838087
1.0827630960859
1.0404998870679
0.99060001270925
0.98703170741987
0.9531444201365
1.0188060039049
1.1305488206324
1.1409886724356
1.0585452704037
1.1146848202964
1.0715420930901
0.8863847260468
1.0018916542886
0.92366810861989
0.99108940814805
0.9587710806306
1.034572939937
0.97928535505651
0.97465144299653
0.872502181746
0.91975781164331
0.84998673088732
0.81297519458457
0.8023629920667
0.85797470409843
0.87870464029429
0.84348981328998
1.0908194339988
1.1838364205438
0.73089952279498
0.76638802813782
0.76298459545437
0.71189821634727
0.69591497317141
0.64572852023417
0.62316284365454
0.67597321325138
0.70796509011869
0.71344811016887
0.70086099720632
1.108576158687
1.1767291001454
0.60555574603266
0.76261495356327
0.78497300114653
0.65799930094933
0.74211473493009
0.77782417866927
0.78418317356339
0.7555706432809
0.6877940102042
0.73833343385165
0.66091067373669
0.72143182900789
0.68185896520827
0.90786913729672
0.87751586861826
0.92079591474471
0.92581533189345
0.9390688604094
0.98661411741613
0.96613705368801
0.97150631442228
1.0220606768101
1.0361071814495
1.1195221321389
1.1301880873329
1.0719554709647
1.1415177094953
1.1667889581615
1.0648448597312
1.13065718511
1.1046332285899
1.1162879653553
1.0764879012497
1.0429502169136
1.0128647686097
0.98695329336596
0.99527417239942
0.98781544604002
0.95575317973973
0.91330843455933
1.0841827339835
1.0596793634898
1.0660259341467
1.0153622962388
1.0674989183993
1.0879923265183
1.1598788547405
0.61868128214088
0.71548654328158
0.71308540608084
0.69211013234787
0.70283040061355
0.68366498531597
0.60614053202254
0.64075895334667
0.53086372076404
0.58474418383948
0.77311727173125
0.82184180467743
0.75909714532272
0.87649195478565
0.90217709817681
0.89235024714262
0.82413418611096
0.77866480036484
0.94398524800738
0.97824638587792
0.96655826872197
0.93533907678275
0.97075187203624
0.92926401150139
0.82811492059084
0.90542438745364
0.91775592114594
0.85897494608924
0.90455387151931
0.90216731598147
0.78759576943117
0.82794022091255
0.83405976601236
0.84655851470405
0.87453099656879
0.74794569515926
0.68795889170046
0.74590690779234
0.86819306592498
0.80708044791014
0.78952748771009
0.89769097174775
0.87899713845639
0.81035300296404
0.83723245302272
0.88609013429724
1.023155049544
1.0008281810906
0.94498573285121
0.98067640404134
0.95990195629357
1.1026821808368
1.0645506419918
0.97223663387317
1.0964511974993
0.97828506067874
1.0591561759168
0.94192666464425
0.82761797336814
0.83826330700962
0.78898166897697
0.77059790565295
0.79580107754612
0.71738311729131
0.82694296697534
0.84566876368006
0.80710891148351
0.75154257510972
0.82492298818394
0.71454213690859
0.70198408979538
0.70459990969382
0.79456171691536
0.75604007442615
0.81461409567876
0.85115886033428
1.010744827595
0.94031774548534
0.93019719254333
1.0413850569903
0.95558988038946
1.0165704240665
1.0399854238564
0.85613114088288
0.95767632389266
0.87359281159637
0.83969869684188
0.88208148597298
0.85485640931396
0.87516141288324
0.83358915809513
0.82428912978224
0.83586545723164
0.86005647529008
0.8898139699613
0.81789180098734
0.78282337242937
0.81408762331857
0.83204332372027
0.79506114496616
0.78445951294456
0.79126884338741
0.91096582616344
1.0500500136293
1.189333588939
0.90236439496899
0.92979467466263
0.9413718148615
0.97646403448703
0.92413601838281
0.96657310391711
0.96097058730747
0.9844996306175
0.91115160467261
1.0056677168773
1.0451326071226
1.0212410792208
0.99042489650297
1.0433230212077
1.0565400654697
1.0387643164952
1.0382384030804
1.0847135827602
1.053936685808
1.0819019718441
0.88101122871914
1.1274677318312
1.1321812259202
1.1003886192296
1.1694884185019
1.1575236802667
1.1980250406084
1.1938066477101
1.2070423709711
1.1755775522144
1.1443784703921
1.1188809849419
1.1207326717985
1.2001466148948
1.1673500473926
1.0920719678739
1.1800569113807
1.0668944357592
1.0752344154324
1.0372522068639
1.0239470902599
0.99408077630298
1.0052420495447
1.012866001627
0.97374149314037
1.040211535115
1.0669691174247
1.187767875009
1.1381751733007
1.1354135544038
1.1283528670513
1.0784853615233
1.0264855217923
1.0164055903222
0.93466537867471
0.94467643493544
0.99307584828358
0.95252658823255
1.0448361303356
0.97451667055015
1.0218350527071
0.96226460291143
0.91564113433261
0.92450334018221
0.85111355452341
0.82333219665296
0.8313318069434
0.85248726153745
0.89526905527619
0.89874648059627
0.85318525954547
0.86923687991722
1.1124180148469
1.2066785201003
0.79849465217706
0.79020853266199
0.80474204187411
0.8309932240872
0.79663875145433
0.75406885993002
0.77421208031245
0.68623354442074
0.61084340937287
0.72098548914508
0.72293135788177
0.73273599241782
0.75834914494373
1.1518035481664
1.166030502606
0.79041897342974
0.82309740521658
0.76767417788618
0.74139346196707
0.81391535419455
0.81799004994054
0.78260937499547
0.72215189837801
0.75938709618188
0.71422905234802
0.91657996123644
0.90041225815711
0.931370068693
0.93850035600884
0.96444552933248
0.98684832037658
1.008825099723
0.97883515075628
1.0091025338266
1.0305078860065
1.1436287685857
1.1713021531155
1.0687762236302
1.1180501780131
1.1482445857785
1.1939010915984
1.0911876964192
1.1510756275388
1.0930004916344
1.1541341570883
1.0521880032335
1.0005798314253
1.0489547157187
0.99691676896847
0.95598078192076
0.96234357998353
0.91689356986316
1.1187548511232
1.0811620856882
1.0845579513492
1.048393891877
1.063628209535
1.0893658833398
1.0245450890031
1.1198212060705
1.1556409978151
0.77311392867157
0.7681746946694
0.7634819153909
0.71574589282818
0.70352920455083
0.80516236263041
0.87183608568005
0.82638409409725
0.91676448960354
0.91203062198399
0.92356474983026
0.88868742505315
0.92269038987396
0.83220379185283
1.0393860176649
0.97439993561674
1.0117604390594
0.94396656844676
0.99241570177036
0.89724450800762
0.91144035082605
0.93149622453285
0.94641638318851
0.89290444344792
0.86279357027312
0.92527341460049
0.92287587564479
0.86043186865881
0.84666024149141
0.84488323019357
0.87093761401729
0.79652400477942
0.75116888998936
0.84800232743034
0.905615915001
0.77780944257864
0.84067038299387
0.90210824094601
0.87185395635472
0.90281543279998
0.90872014607651
1.0727911612581
1.0421887213678
0.97516210778605
0.95698628652957
1.0014879743579
0.978975563378
1.0943854517366
1.0912378132037
0.99075481831947
1.0967875609948
1.0994587038027
1.0311148424957
0.82478091385846
0.84939906008178
0.86749828505953
0.78608412946249
0.8817616206658
0.83875818320528
0.85790253459131
0.88995954718914
0.81201890277356
0.8587789054073
0.76529965227344
0.80240170596066
0.84138159251857
0.7732215340835
0.76076201414992
0.76462581793943
0.83084969296453
0.80022764685841
0.83761905330032
0.8390768079992
0.90461183089904
0.85961377886755
1.0239142811954
0.94732916205658
0.96567741130581
1.000017501452
0.9405037971252
0.99690247157931
1.0234489542882
1.040147817976
0.92227603367449
0.97076044119144
0.88498642254966
0.88467607328186
0.88272133910988
0.89710356859626
0.86702635509112
0.86338515911382
0.87038628154619
0.89181032960522
0.92035762823904
0.84891666231271
0.86090202077306
0.83835311127079
0.81935385480453
0.8259465077486
0.93758771496546
1.0956826901967
1.0361375806176
1.1996117724533
0.91542747532419
0.9230454546876
0.96827304146511
1.014122614694
0.94882797956629
0.97886394543134
0.99010453240902
1.0090586063153
0.93844254555165
1.0783008281547
1.0269552196978
1.0290222336262
1.0063517131395
0.97718705052991
1.0577581494326
1.0871605114097
1.0492735394591
1.0537859315452
1.0272790942314
1.1256874363588
1.1074307161149
1.1235000532553
0.92054069782999
1.1513792274517
1.1288449285062
1.1641314291242
1.1893501477349
1.2347914119931
1.181922601147
1.2287373272365
1.1893441913531
1.1470738622049
1.148319542935
1.1190493380468
1.2327591020146
1.1596263658855
1.1420860900849
1.2035020933783
1.1583727226369
1.0847169512186
1.0683687188542
1.0891176777769
1.0453187049088
1.0205026535219
0.98739505399987
1.0436603743276
1.0263320598094
1.0457653648081
1.086361593416
1.1050776356481
1.2188733782718
1.1789495738869
1.1414023259958
1.2105370107191
1.1926507591907
1.1289223966778
1.0552391853719
1.0499330117558
0.93975949095919
0.95023357422916
1.0207906560307
1.0101473455769
0.98469693523513
1.0866999152539
1.0007409516201
1.0263388133546
0.94567566062738
0.89294424161272
0.85214097331168
0.8350203092709
0.85239475054308
0.89433750031569
0.9164732148346
0.91368646758902
0.8915242577039
0.89537576286773
1.1261964283683
1.2370285574674
0.79904867101895
0.83265380970058
0.82397136603854
0.88579226372883
0.8013472321513
0.88934345944158
0.87670832278062
0.76455903556075
0.68877366963286
0.77335740347605
0.80066817642281
0.78774067852458
0.79782537405353
1.1781308980031
1.2134897876055
0.8266164479627
0.78043791263736
0.8457852207158
0.81653874778364
0.85126385284733
0.76055834059181
0.82907463138759
0.81820645068199
0.91281335070104
0.96748773258331
0.99905653823027
1.0009801907838
1.0243116409256
1.0119391504227
1.0303420433214
1.1858627508367
1.1963154617112
1.0850540502262
1.0499540081408
1.1215660447089
1.1361012124599
1.1798173393106
1.1723054629208
1.1286861759721
1.1608821991565
1.1534964525012
1.0697796134748
1.0366669648275
1.0542841650889
0.96992789562332
1.027480482717
0.9643511070594
0.98012544829609
1.122603994506
1.1409149023238
1.0699215043559
1.1203172200532
1.0642106272454
1.1159846898763
1.0792152396868
1.0946326753228
1.0223093431952
1.0423701228843
1.1483622057434
1.2139189950677
0.78177950788419
0.80463278921901
0.81777001719114
0.77237698440648
0.70567930730646
0.87633811459955
0.8767174745644
0.91036261037189
0.95205084614513
0.94204898734483
0.98789538608977
0.92831663892497
0.99517477444944
0.90356789172097
1.0360501674093
1.0476502149826
1.0515685058645
1.00580850847
0.9380969954024
0.94468537750791
0.95346895824788
0.9525609959379
0.91615072728537
0.89116725487586
0.95010477576075
0.95602088094791
0.9207643934744
0.88607961592156
0.87907397360607
0.88501253778644
0.91348708765887
0.81770896286437
0.78784331690152
0.8752360906896
0.94911215458369
0.80383815487242
0.86602158327837
0.91405852898914
0.8862672403212
0.93164844912707
0.93814865672469
1.0536217888525
0.99541042853267
0.98647702718147
1.0332465137354
1.0106214534338
1.1619695333043
1.1363817819694
1.0224362288871
1.1407618501466
1.1609310776652
1.1211457637433
1.0451292620196
0.88755097883003
0.89562692449968
0.87726812050619
0.87619433032747
0.89426109221928
0.92703695306019
0.86701754074613
0.92039816325973
0.94398399526162
0.88476901341315
0.86192635774643
0.91706831744864
0.78874916572419
0.83244464960521
0.85353028265029
0.90887041794442
0.80775162141636
0.88284964113927
0.86901436431851
0.93522728305341
0.91070945343039
0.97101316182253
1.017144117037
1.0172935650738
0.96164615362208
0.98443756639869
1.0763498805975
1.0784847371296
0.97421866512042
0.93772755815391
0.89288992941595
0.90431194662464
0.87350920626322
0.89365104065726
0.94679443665393
0.89112777925205
0.85600080593702
0.8495286683595
0.84623615116987
1.098557737402
1.0510853436697
1.2427761827475
1.185800195738
0.93979127192708
0.95557431646986
1.0007640951706
1.0278396373498
0.96112482991714
0.95890378104385
1.0035122972884
1.004421890565
0.97788118919183
0.92403907786436
1.0362969282412
1.0375865392257
1.048425383955
1.0134490911519
0.9971577761398
1.0773695509316
1.1006812726404
1.0792476537205
1.0468535034741
1.0762897598568
1.0399765564661
1.1226565881121
1.1169014449043
1.0948539757026
1.1451047252246
1.1189049263469
1.1530650657266
1.1628355212161
1.1722812114833
1.2422416622917
1.2384206820591
1.2132645286189
1.2472382928933
1.1992538162164
1.1521139135855
1.1410059677575
1.1247520191586
1.1332730797602
1.244469671824
1.1590266851618
1.1190127333535
1.1309202820142
1.2153468487862
1.2132302965282
1.1514240360657
1.0709148260526
1.0911525635723
1.0786599922535
1.0347656091622
1.0189111109604
1.003728180214
1.0881117207417
1.0638517090168
1.0797088592294
1.1138209838602
1.1117061472192
1.1441575033727
1.2361732330222
1.2302558368399
1.182888273822
1.1769537462614
1.2052865151225
1.1782720670244
1.1137946905545
1.1386285557002
1.1633579794218
1.0838896962064
1.0474245638343
1.0862821148518
1.0469579504011
0.97990139930202
0.9750225835764
0.9363647993218
1.0066708728823
1.0444493984262
1.0454787594797
0.98135828950327
0.99589355299301
1.1007838799789
0.99890201502555
1.0076611705242
1.0420153392749
0.93662805251626
0.86128987870711
0.90200578186596
0.90212577190798
0.92963754257512
0.90719293906707
1.1519227688721
1.2081589855887
0.82716414846125
0.79923323813766
0.89722421963384
0.8864673376092
0.94973734051442
0.92174459761442
0.90395636554266
0.94005155170558
0.88817828480791
0.92409940359584
0.82265596140997
0.72018743979301
0.83125201242829
0.79953257960058
0.86384366307101
0.83104862317977
1.2170439126574
1.2434447506632
0.84351475595106
0.82401331395318
0.86750768052009
0.86681019591126
0.82663386806562
0.85083984174728
0.81891269825346
0.93805644312031
0.97263766375355
1.0337523839901
1.009161503182
1.2075785231844
1.1793406572123
1.2312205664612
1.1006403896611
1.0876727814409
1.1437089810167
1.1319089156551
1.130167426089
1.1755126677339
1.2494084629002
1.2058286377578
1.1921811048948
1.2110210180804
1.0999986424635
1.0498451673624
1.0832456581442
1.0955934019825
0.99284220600087
1.0327671928587
0.98820083264659
0.9927446022582
0.95791310567486
1.1538038537701
1.155929141101
1.0884164332476
1.0601126709107
1.11420927239
1.0764700897133
1.0564761290725
1.0968877606042
1.0929435823247
1.0722262203249
1.1381216005021
1.021544725203
1.0396851075242
1.0401475975343
1.176103854964
0.82062790809593
0.86368652791216
0.86177564146301
0.77995283695212
0.94364657454502
0.91686713380639
0.94952678122936
0.94483701946614
1.0009419207704
1.0040690906104
1.0281358624669
0.98275410579054
1.047186930235
0.92278242655665
1.1143333115384
1.1094574647069
0.97304859435509
0.97454022662584
0.99549108120356
1.0036764146976
0.93749958797078
0.92558830341194
0.97581574803191
0.97864610895967
0.95742834739326
0.92197294001335
0.89582628263823
0.87523594088937
0.91493603013236
0.86233881338451
0.80676805342733
0.92636944271099
0.98211555061714
0.84264832339637
0.9458717585461
0.88997458877389
0.9215150219228
0.95656470577349
0.94893713815465
1.0818967189803
1.1178512397474
1.0227045929947
1.0167550628875
1.0509174465992
1.1863352849647
1.1477578566326
1.1022006806947
1.1826018878796
1.1907249232976
0.91635222835774
0.92867218059421
0.90771886077241
0.90686606030789
0.95632516799095
0.98479003490438
0.91548941720412
0.98647107657027
0.93734628293182
0.92617662955638
0.86907750130034
0.94693160106316
0.80501398860603
0.90712842887068
0.91153528743978
0.93522842003673
0.88628579654751
0.91552774441233
0.8839881892421
0.87949579779176
0.90821347179081
0.98073956235719
0.93542901170717
0.92471655479714
1.0317100148584
1.057832170598
1.0901062500544
1.0088226826824
1.0414245166753
1.1209642540824
1.1342218394871
1.0456891069274
1.0003818325394
0.92610531723426
0.93353257210914
0.91174662267202
0.90465960014887
0.91747525567908
0.86826176968204
0.87093521313244
0.84349285452127
1.0954152371146
1.0759616979645
1.2583851280468
1.2085867505309
0.96314778659229
0.96476597522939
1.0142056583625
0.96323768665925
1.0267552266474
0.99605336320375
1.0270406014367
0.99734244365654
1.0606004318471
1.0578683862027
1.0301279886007
1.0377611795008
1.0637024581275
1.0008241599064
0.98700092221531
1.1200563040442
1.0854293797543
1.0873922407374
1.0808282009322
1.0374387660046
1.0668324450878
1.0549365547949
1.1179844347428
1.150645592358
1.1085370662981
1.1648413598306
1.1152037840326
1.1487652787777
1.1770371213981
1.2030948918677
1.2398050565174
1.2476584970158
1.2199330731571
1.2090205717001
1.2270477110768
1.2029054685801
1.1599040124085
1.1446097137226
1.1249408294589
1.1600081687083
1.1288783790196
1.1146424442808
1.1532420416344
1.2585518804245
1.1997163281925
1.1985895079416
1.1595296187398
1.0653584150857
1.0733625480128
1.1117663827931
1.0460408443643
1.0265178596456
1.1194143393322
1.1176496770507
1.0875779415543
1.1308521290468
1.210513507512
1.1969561246499
1.1775702516003
1.184031898569
1.1800068804412
1.1336156326115
1.1951514755871
1.190813057476
1.1045695404849
1.0859529570269
1.0425802227737
1.0618464715524
1.0821275556519
1.1003464891312
1.1117593502467
1.0431175155523
0.99161878050426
0.9683505014244
0.970939840499
0.95243530707209
1.0361942270482
1.0307198712844
1.0749274682371
1.0513194453401
1.0144655971049
0.96945107567924
0.98562919677033
1.0175729997906
1.1193195876231
1.013191772208
1.0048638300282
1.05963451989
0.90789489768057
1.1403607113918
1.1982471780496
1.2592989819113
0.88812141734579
0.87161519660758
0.94657431285241
0.93426708716122
0.89429077851284
0.97879954849898
0.9798896090367
0.92850255105727
1.0180351758825
0.9977725600658
0.9370653499318
0.8693069420804
0.85533421736635
0.87220405585795
0.90375783877956
0.89496786444783
0.82758400245448
1.2352078149927
0.89670655504079
0.86221247213424
0.886239482839
0.87788780353712
0.94158156987999
1.0016004415919
0.98143022414232
1.0333412172901
1.1947117710532
1.1926313108255
1.2508645823868
1.090910662439
1.0881483800175
1.1667481761337
1.1138786420282
1.1609991914061
1.1956723354427
1.2266944897041
1.2108512377943
1.1839669274831
1.2373891055266
1.1321939380031
1.0453438004887
1.0700312033762
1.1072141658129
1.1108968959613
0.99576053173776
1.0208864929379
1.0078513662592
0.97804048251925
1.0141428239662
0.96991601452212
1.1691171766719
1.1450412930203
1.1082881014431
1.0860804790841
1.0645073178449
1.1038777638257
1.0674186805745
1.0895864868975
1.1177558214385
1.0718405554127
1.1388141824132
1.1529223936516
1.0360741861829
1.0384559916301
1.0615948211287
1.2025675663289
0.85993730985598
0.91010841915678
0.92797351210665
0.9975537224718
0.99453587396872
0.99717087714152
1.0315534110133
1.0270126283865
1.0547432943786
1.0538838388297
1.1624741421316
1.1486324081934
1.0131607266274
0.95366181498088
1.0028368332856
0.99572333701568
1.0209254912277
0.96442503788008
0.94212013788177
0.97775778463435
0.94132255106349
0.94449796555686
0.88437248117291
0.87739734743347
0.9079204136648
0.93021679279987
0.85363126015455
0.94677198080941
1.0421208628561
0.97430195425123
0.96730661707698
0.95270294612776
0.92391658161058
0.94250131742517
0.9709050531668
0.95773125501815
1.1354339050727
1.0809073645414
1.0964686601398
1.0325776940058
1.0427203607631
1.0250901097768
1.1825721142492
1.1792417306125
1.1641633383024
0.92806365942727
0.93257311652373
0.95828167960083
0.97975615298657
0.95661532546527
1.0481404176446
0.99098410678525
0.92058168561228
0.86128576552614
0.98788663903149
0.94333618407153
0.98124789545341
0.95810858360979
0.90974793446724
0.93284343287038
0.93940795431646
0.94632324806533
0.92426869265203
0.88159053241777
0.91584952089459
0.97703686495797
1.0115826462384
0.94603472949637
1.0451726293205
1.1005742659651
1.1210791645483
1.1047498111672
1.0449694056813
1.0247569490546
1.1448685077446
0.99368057163294
0.94378964803928
0.93786636393782
0.92885816772449
0.94726567365287
0.90235341069638
0.8979482961302
1.0884981025419
1.0737764690642
1.2629499117768
1.2023031676244
0.969478373307
1.0323074427558
1.0098501269787
1.035879432426
1.0041340459779
1.0647867091992
1.062459820776
1.0275898905444
1.0132386367447
0.99249483784914
1.1134547145197
1.1064941337457
1.0828832793504
1.0594195955786
1.0516267978494
1.1254221117775
1.1732974389973
1.1157512529393
1.1851449722281
1.124771272725
1.167204427643
1.1730144712885
1.2057174384419
1.2254285291674
1.2259461444031
1.2236237179197
1.2103002369917
1.2215248007385
1.2607801471452
1.1783535328597
1.132195518147
1.1378613314131
1.1224249228566
1.1412235013109
1.1900154062914
1.1329516185353
1.1271112448518
1.1522521083986
1.23421299873
1.1802419799144
1.2050872952748
1.1358838964563
1.0640908713122
1.0779089282951
1.10270806787
1.0545481435458
1.0453995708237
1.127258953158
1.1457836976146
1.1054906617633
1.1338565709623
1.2608122089411
1.2603097180497
1.1845150980076
1.2466700465707
1.200704821149
1.1583347299431
1.2204372587194
1.1834766956628
1.1061374051347
1.0984930092398
1.0264215488554
1.0561855261873
1.071298068959
1.0949158209654
1.1094845269074
1.1250526629156
1.1169964602838
0.98613390553983
0.98192793986405
0.98411539257459
1.0510213217137
1.0495999792473
1.0880811961859
1.0843745281524
1.0206192654452
0.99455633904949
1.0076144727085
1.0384648775219
1.022028524611
1.0264650649815
0.92479943480931
1.1610389190534
1.1375040290487
1.211301916374
1.2291433152758
0.91296364776338
0.8904499426898
0.90296815427905
1.0034582432013
1.0058694547806
1.0472540897474
0.99603932787264
0.9951631122193
1.0186237317314
1.0303272126357
1.032117001286
0.90758522488226
0.92026939993288
0.95226089158557
0.92813998518995
0.89368658403877
1.2750666198795
0.89551266895076
0.88244088579755
0.96020721516816
1.0098578657438
0.99924879319269
1.03201163562
1.0511944348266
1.2108443522534
1.2192950984806
1.1898678952148
1.2477373281501
1.0893666458335
1.1858455066527
1.1136300613867
1.1591233268499
1.2726126744913
1.2193321781254
1.1808398782385
1.2351615964457
1.1327517240894
1.0431385192835
1.0741697785446
1.0955676082968
1.0973682267716
1.1457795275829
1.0211532970415
0.99317327790918
1.0249422932049
1.0217498448144
0.98302892363912
1.0015580494103
1.0145034266702
0.9868010757483
1.1587501000027
1.1982824161908
1.1446824955157
1.1487791979596
1.0918608126212
1.1167350950811
1.0762368954342
1.0633345939223
1.0743841079226
1.0987437200477
1.1167696574916
1.0651568791304
1.0865046571599
1.115068130229
1.0867055623991
1.1379526361885
1.1593285399556
1.0526391643176
1.029090150616
1.0479127764487
1.0647979285652
0.90553718671043
0.94576050436101
0.98920525113288
0.95274130107041
1.0110236285285
1.0464393966499
1.0548121002763
1.0465338291959
1.1001342167373
1.1155055602766
1.1509792270742
1.1577845028256
1.1523418339083
1.0450406815261
1.0244315554897
0.97878592744359
1.0241872848375
1.0106416151975
1.0428415855973
0.98662997901793
0.97521497371472
0.99331752800266
0.96546400435103
0.95861144792692
0.93182686912218
0.90919156149809
0.95127705662231
0.96749053268056
1.0856351007874
1.074479212433
1.0206560712331
0.97292983155418
0.94998389486289
0.95657455152426
0.99388451420756
0.98497361460212
0.95079895719933
1.1584923763683
1.100399576447
1.1353829126198
1.0491813905488
1.0434251286758
1.2324002977088
1.2404134550085
1.1661695217433
1.2373900593317
0.94873650087388
1.0230147455378
1.0440658265764
0.95807110994047
1.077314068386
0.99422887181238
1.017705549796
1.0059311314607
0.99699614321427
0.97257410301552
0.98412202312522
0.94186125634487
0.94807224558762
0.93322933273672
0.93895921939092
1.0042505220442
1.0310537518044
0.98202193376576
1.0809282942828
1.108782314735
1.1112151083158
1.1035401214507
1.0840187990022
1.0676917495531
1.1652999744884
0.94882379295977
0.94823804610745
0.94837497392902
0.92779847186359
1.1048853792458
1.2429204493445
0.99204145704003
1.0568376306026
1.0295648232788
1.0070866577569
1.0289288200484
1.0548116080784
1.0796032813601
1.0383836664848
1.0282945638934
1.0057610286162
0.99938788786724
1.0914565836488
1.1008212042933
1.0680762854139
1.0972612600696
1.064465610653
1.1570620193864
1.117178379572
1.1931423038384
1.1663147105057
1.1037416611058
1.1614062185094
1.1072137775838
1.173514873535
1.1906583145614
1.1726978973118
1.2708608315605
1.2709557647717
1.2687622896738
1.2135426563465
1.2211149033208
1.247472938084
1.2322234318805
1.1524920603686
1.1322269718529
1.1572812951292
1.1257667077825
1.1089690935941
1.163987348864
1.1280834062427
1.186141613711
1.1085682977313
1.1343166912492
1.1691907248574
1.2235113257203
1.2122024028267
1.1492901587676
1.1701209439293
1.2100936803812
1.0819263736434
1.0509114816345
1.0414701374248
1.1489050041588
1.1420787762542
1.1846947759668
1.1431781154096
1.2621701186033
1.2312129688937
1.2547324339645
1.2095336341417
1.2419155789824
1.2039972143773
1.2235621629515
1.1050495366785
1.0807184736831
1.0346967471522
1.0506327012104
1.072343665961
1.0763775223187
1.0780410420396
1.0903136846266
1.1311131601497
1.0928101121496
1.1507101154026
1.140544199088
0.987599257724
1.005957865694
0.99789153122422
0.97683137319251
1.0516754644173
1.0581662671489
1.1138830800824
1.0986732358373
1.0118181008198
1.0144702520852
1.0399445438366
1.0528992016629
1.0211537591469
1.0167841035382
0.94459354514125
1.1623613587041
1.1582792294019
1.2115427696037
1.2809661363799
0.96202075049458
0.92211274037414
0.958437853408
1.0359842870202
1.0347091955928
1.0658882738517
1.0970640196982
1.0072012648927
1.099101708555
1.0858761849365
0.98473719911813
0.97446720187106
1.0095699608262
1.0123452275855
1.2516645575925
0.93426873291395
0.98509145981861
1.0125869363959
1.0054815041733
1.0444532283837
1.2657566875509
1.2258063501486
1.2624643279025
1.2287903750838
1.1582468442913
1.0799885436776
1.1003975588844
1.1268808090131
1.1578260338926
1.2827877188046
1.228964660316
1.2161607782554
1.2479741850898
1.1441778152881
1.0545339596914
1.0889965012745
1.070611448551
1.1125774584861
1.1114522365111
1.1579045134868
1.0207898978479
1.0390848428296
1.0397013722307
1.0015919742107
1.0323961971598
0.99626645510673
1.1628714759326
1.223859487759
1.1355110455106
1.1245778288501
1.1336118837135
1.1012168788386
1.1117309515945
1.0845386375964
1.06184553731
1.0721114152197
1.0968834763887
1.0873470870457
1.1124699812324
1.1131134668752
1.1506018238605
1.1427298076138
1.1937034461992
1.0477739812485
1.0388373184439
1.0678113522632
0.97881381144909
0.9857939396739
1.033554981813
1.0169791612161
1.0503011471658
1.1004652218797
1.0488451080295
1.0972547588717
1.1051113360032
1.1467977195019
1.2116503735148
1.1981405295095
1.0852839287851
1.0773714722021
1.0662646901792
1.0093918016919
0.98240628039813
1.0225784102592
1.0480822853303
1.0408724729338
1.0814814115501
0.99301385413864
0.98465394052383
1.0179384115461
0.96919040307532
0.94595028504773
0.9396704895866
0.97067292829378
1.0085006669991
0.95124532792507
1.0644847146134
1.1331183661326
1.0986417935011
1.1074520023742
0.99090446087804
0.97010332536853
0.97782979462416
1.0034920446858
0.99358554138506
0.99633612509357
0.97263908375727
1.181510285868
1.1250835652987
1.107271505291
1.0780491367485
1.0372214404149
1.0507005343416
1.0630118944056
1.2580650074251
1.219809961628
1.1983337241772
1.2050824904817
1.2078633405
0.9744736265081
1.0559312370836
1.1225745238298
1.0000633099081
1.0776632798362
1.0783668509777
1.027869575555
1.0505752942784
1.0360812507729
1.0112339158356
0.99760318589019
0.975123476222
0.97482890045236
0.94953825073498
0.97433594084036
1.0603792684086
1.1095136039051
1.1418163762923
1.1901206003163
1.1707681324375
1.1057773716868
1.0880003991416
1.210613811946
1.1561656236633
0.97976970781279
0.97874434511826
1.0938236494459
1.2627416242039
1.0615361665567
1.0249585968883
1.0464449569924
1.010827750519
1.0648207132833
1.0738358836442
1.0480825716142
1.0342251798312
1.0327315930074
0.98805108080298
1.0916991651352
1.1117100961686
1.0914272538854
1.0762068313214
1.1546938858611
1.1357190322698
1.1097523210103
1.2046667456156
1.1956638138764
1.0984402355923
1.1406167783546
1.1041124554318
1.1253475508851
1.187805290584
1.2016818547264
1.1949141449083
1.2775542647205
1.2492168467552
1.2421327108096
1.1856324960564
1.2045299880922
1.2269710339687
1.2697931152616
1.2157100156679
1.1559266529931
1.1535842986823
1.1310740071136
1.1473737444749
1.1091128257004
1.1286475004608
1.1574654921321
1.172177947182
1.1336442192158
1.1160723040066
1.1643536532535
1.1428406408908
1.1649673812196
1.2075999124645
1.2630414047095
1.2208766004067
1.1530987021165
1.1369991080213
1.1728524747912
1.0731846137905
1.0686890862143
1.1972741015981
1.1676337129657
1.2162095396641
1.1381896417249
1.2360676660615
1.2249945305339
1.2854638911001
1.232028063201
1.2056258566752
1.2276334139943
1.2247789534591
1.098848929454
1.0841655020594
1.0496760656865
1.059870639856
1.0729417981016
1.0812296178754
1.1107584446851
1.1341558876269
1.0996734377833
1.166302035666
1.1641614213397
1.1422783257894
1.0001727433835
1.0088605924744
1.0484002538261
1.0757481693091
1.0523955168713
1.116524464896
1.1148158065111
1.0243525099984
1.0195134728307
1.0323964097255
1.048035623051
1.0579114047822
1.0346355982469
1.0167541221658
0.97808045600896
1.1540458723298
1.2368755270635
1.2660840833226
0.99709293217122
1.0011636968061
1.0819419164048
1.0845762389238
1.1102990339572
1.1495284380121
1.0643936900833
1.1324683423633
1.0516237396424
1.2836024825547
1.0131726768318
1.0488982917727
1.2704417108983
1.2612119830838
1.2512155835872
1.2065784060525
1.1687199818205
1.0861474235257
1.1631395556913
1.2414878772739
1.2713928488996
1.2127062552128
1.2583083881533
1.1257529514295
1.1742933996335
1.0566267625678
1.1009126199974
1.0846052482757
1.069718805399
1.1251489410754
1.1168590776924
1.1524776163817
1.0271525757355
1.0476262628807
1.0383805569086
1.0418446255162
1.0200031576438
1.040044881001
1.0318420683923
1.0024401925922
1.1927046690986
1.1467227032233
1.2129112950066
1.1268276604648
1.113362846536
1.1327808688563
1.0916244629293
1.102281387433
1.1069966403654
1.0818587969564
1.0653401524479
1.0660938612979
1.0843575674912
1.0994375022576
1.0828471788612
1.1165508335729
1.156433719558
1.1278912048727
1.1873909714823
1.1822828376481
1.0659070199127
1.0208623263167
1.0275050328329
1.0771226879122
1.0539731035703
1.1348069791862
1.1182167607028
1.0800400760379
1.1164478483801
1.1462830113865
1.2055800524861
1.234660576335
1.2024264603435
1.0976090630313
1.1375994114727
1.1248542700655
1.0684379941547
1.0120792548285
1.0319996564315
1.0156698826542
0.97168585523306
1.0497919068384
1.0713134537376
1.0656785978433
1.0927058124308
1.0078409234739
1.0022813046863
1.0313485823363
0.99565199418818
0.9887762059855
0.99743502476049
1.0222270401995
0.98501944263568
1.0943340603993
1.0651639677817
1.1287169184641
1.1682317111005
1.1289177533407
1.0806487812053
1.1440287131587
1.1602316735068
0.99081853841903
1.0079790408206
1.0245890756227
1.0017394990967
0.99159969292082
1.1493650574457
1.0905011939332
1.1382668264633
1.0733425356589
1.0494280962217
1.083658659267
1.0616384641636
1.2367605736474
1.2621344678105
1.2099096434191
1.204328399642
1.249319144212
1.2675048656011
0.98968671254337
0.9931222427636
1.0957258527362
1.1558003660009
1.0845869898195
1.0229505133218
1.0530298777407
1.0624265313755
1.0577181057238
1.0272881323948
1.0161492158034
0.98160691548316
0.99723848297902
1.0176679313766
1.0109318075649
1.0825120982404
1.1188564881147
1.1716448096505
1.1917882378938
1.1681802610318
1.1324660144281
1.1207116629172
1.1853421006353
0.99878881202053
1.0921437120935
1.0773324573276
1.0375707270399
1.0508119139562
1.0301829774445
1.0727460925273
1.0548467570478
1.0724743151029
1.0424710951142
1.0368114954472
1.0384730252054
1.0830764314918
1.1023285691371
1.0891224477931
1.0833880695284
1.1881583019398
1.1412140735703
1.1344437823397
1.1110664753197
1.194535943338
1.0998010651094
1.1342907219002
1.0844129784953
1.1030817509051
1.1114372136676
1.2089086699669
1.1692097108671
1.2519861221828
1.279832843301
1.2222572990722
1.2409399878734
1.279090556752
1.1824965747974
1.1748595964399
1.2555217223072
1.2101812856647
1.139329950049
1.1171177972348
1.1392165438542
1.0977345782001
1.1077786495109
1.1694202644615
1.1161268733824
1.0952463406036
1.1698440830804
1.1154012876216
1.1441342640429
1.1904163427437
1.1789178476487
1.2598856401762
1.2538639893729
1.2078410710856
1.1317664376093
1.1469495988729
1.1878436223169
1.1601222085326
1.0702680847019
1.0652360609453
1.0607816202015
1.2057801836961
1.1633834085574
1.2543541964504
1.289070448221
1.2528277639514
1.2684871601794
1.2777798483458
1.214765342095
1.1991993544996
1.2151380606121
1.2072831366552
1.1023768289363
1.0923865473405
1.0473764912657
1.0939156528189
1.0961913403797
1.1177764932291
1.1325708812361
1.1439394296534
1.102711827854
1.2004041398999
1.1425684292976
1.0060893036714
1.0149465044498
1.028753709212
1.0512478368589
1.0806673055618
1.0722406044754
1.1364504650053
1.111596577779
1.0175247901095
1.0432134796716
1.0400467705267
1.0637153960701
1.0522894741042
1.0721953412974
1.0366293579749
1.0300376835441
1.1270806497265
1.1787039679444
1.2136538436573
1.223090133647
1.0376459116338
1.0483019768007
1.1030558169774
1.1392576458748
1.1240725749439
1.1309592343172
1.2781716400527
1.2720371764247
1.2553160435174
1.2256904887297
1.228188813439
1.2059566041462
1.1411999018951
1.1340436123186
1.2055066077065
1.2408228267393
1.2204472264193
1.2306967481997
1.1376724120209
1.1467472535316
1.0567352203638
1.1093580528059
1.0902583459947
1.0704634867411
1.1363344556205
1.107732704836
1.1617628865973
1.038940800817
1.056572280633
1.0492393380431
1.0523995486222
1.0429995973216
1.0461391647424
1.0407207971467
1.0219925533018
1.1779261282719
1.1975359003757
1.132032498877
1.1608581805202
1.2030827499355
1.1075513849265
1.1032635264579
1.107267235721
1.0882526523371
1.0917706045837
1.0736711865268
1.0669456749482
1.0612355840316
1.0833743121055
1.1033635348199
1.0839666902409
1.1189114611503
1.1040067297047
1.1331188661081
1.1820584700238
1.1770637587481
1.0560644859901
1.1467469398765
1.1314763482818
1.1369753671281
1.1289385398929
1.1420476455812
1.1716408702618
1.2264887929294
1.2168293675587
1.1441452491491
1.095676470262
1.1675604600272
1.0973320042354
1.027022151058
1.0662572008374
1.0343288869823
1.0054718267678
1.0568160102933
1.0833835376395
1.0841831326908
1.0706076990437
1.0136874855891
1.0251686508296
1.0194519408494
1.0069966964715
1.007321678363
1.0156589789747
1.048540349509
1.0171344925648
1.124701173076
1.0780660839593
1.1953738907346
1.1936699756046
1.1871078463684
1.2045746943806
1.0906748632569
1.1520300971755
1.1693044925916
1.1938309866455
1.0054908518027
1.0239904879316
1.0336888693665
1.0361456356008
1.0205313568955
1.1727262308569
1.1536711719914
1.111235193822
1.1250702501083
1.059974885841
1.0892996845034
1.0510892862772
1.0791293264552
1.2827254107552
1.2695903731408
1.2358707307986
1.1841754808786
1.231640473457
1.2622443919054
1.2764339430927
1.0067162100305
1.1245774968426
1.1509094461332
1.1292586565525
1.0348080743267
1.0665345892244
1.0874335881948
1.0815247713922
1.0596448510401
1.0102023937543
1.0157055384893
1.0344250912691
1.0804160283054
1.1084871532475
1.1411384129655
1.2212733505998
1.1762681971543
1.1656883514598
1.1976146349911
1.0717615518428
1.0443478680663
1.0644126338088
1.0776506354233
1.0655171652943
1.0738226300741
1.0566057393981
1.037625819033
1.0435745246466
1.0963978232517
1.0739707056382
1.0758337960051
1.1847905722465
1.1557258947319
1.1162490997421
1.1027526558048
1.2332819754097
1.2018445327369
1.0880781458664
1.1228640280803
1.1210221236207
1.08447194992
1.0900484471624
1.1013314678676
1.2115659904912
1.164945622938
1.276563147325
1.2639879445719
1.2493402370656
1.2459837727255
1.1938353476491
1.1780372624838
1.1616431696144
1.238659745886
1.1739603309632
1.1212386992891
1.1118185049404
1.1232811822153
1.1393320294669
1.1017301599692
1.0868529657404
1.1018298173351
1.1748872353352
1.1044770423357
1.1025105891744
1.1228391672115
1.152796791771
1.1078539720791
1.1616942198021
1.1784633345641
1.2021014324744
1.1637756227248
1.1712007351982
1.2350137579916
1.1819659655361
1.1141420427554
1.1132630595053
1.1464363912856
1.1426842513998
1.1548895421535
1.0725112755902
1.0650215071116
1.0607292671994
1.2323976526593
1.1567064128849
1.2301834618881
1.2669712925705
1.2776693770983
1.2168094903401
1.2309938398941
1.2399972596445
1.2618884674298
1.2609761325724
1.0924654389439
1.0971487542722
1.0795623389496
1.0565567392647
1.0906609308457
1.0989151897552
1.1045487025361
1.1416867573051
1.1154250032444
1.1770633984367
1.0953271147972
1.2259915375834
1.1474922523636
1.0228938258057
1.0270378801257
1.0690375456669
1.0655066970846
1.0960442186558
1.1513692480486
1.1190144321048
1.0427547062224
1.0456311436508
1.0661169725591
1.0508455329539
1.0814296491884
1.0650600952627
1.0756304431312
1.0355392437522
1.0499144158556
1.1475412463795
1.1205275804952
1.1819829389277
1.2588279975403
1.0798628717754
1.0977132989257
1.1411855181531
1.1401690342914
1.2027800397104
1.2447480404594
1.2213725006472
1.2656189109062
1.2522004519576
1.1703299789058
1.215929453427
1.1635501246297
1.1227460391974
1.141817000144
1.1194162629413
1.177650628381
1.2506649047697
1.2343400799383
1.2781056829353
1.1297966599293
1.1670909964053
1.0571859283253
1.1082237359991
1.0812898071322
1.0880856366505
1.120746606841
1.1113298312417
1.1540858415221
1.0426070770002
1.0423076103325
1.0511230199455
1.0321511846239
1.1628809863991
1.1793953626804
1.1258969880702
1.1308443181183
1.2119585049204
1.2315453193128
1.0915502604278
1.1053853642037
1.0900363649817
1.0961381414901
1.0844557733428
1.0738035900558
1.0658587466037
1.0597847014716
1.0791603865277
1.0857276608643
1.1039514972273
1.0951007183661
1.1522803038205
1.202741750561
1.091427201706
1.152377268638
1.1509686736534
1.1511549625094
1.2029360161682
1.1892091452435
1.2079143295033
1.2716137190527
1.2096531697177
1.1365581803291
1.1168339665215
1.1888173043951
1.1907054663603
1.119351735483
1.0481595107809
1.0746790282602
1.0617365520012
1.0983989519742
1.0874479657412
1.1005900569256
1.091101381005
1.0380983898217
1.0264938297108
1.0289326595105
1.0267036653679
1.0327862596021
1.0989479181699
1.1686260922459
1.0939868595604
1.187650678103
1.2432105667957
1.2118059217135
1.2469664345773
1.098088364131
1.1301419430718
1.2059115536381
1.1604977197095
1.0233632268839
1.0321491117961
1.0363063312831
1.0398556408671
1.1677205775443
1.0988439873818
1.1141659244067
1.1331724539565
1.0776392392823
1.0503745687762
1.0609437483238
1.0683383181025
1.0807829588272
1.2665746638864
1.1878059249792
1.2283908859699
1.2418209317216
1.2685356168294
1.021666504278
1.148218343398
1.2088157624496
1.1181800279337
1.0496233509621
1.0575353947137
1.0883159959322
1.111449235601
1.0638006648079
1.0289436692499
1.038916649287
1.1192940911458
1.1293303160518
1.1617607317589
1.1593330198937
1.200673581571
1.2389134281628
1.2231833029111
1.2055910751299
1.0562085016377
1.0659076095591
1.0612938337484
1.0476135672989
1.0493656862084
1.0832899421336
1.0924195469452
1.166653115516
1.1253711687526
1.1063592798967
1.0868958220923
1.2459195670502
1.2182079788492
1.1747961654749
1.1092878584966
1.0901689425464
1.0992222118972
1.2187354855
1.1530974569324
1.2247161129008
1.1970530935151
1.2615395934927
1.2170316563994
1.1304025457888
1.1843097942104
1.1529647033066
1.1171400541291
1.0987249567856
1.1077182296342
1.1167257382099
1.0775635759311
1.0817862229556
1.0982652234639
1.0830043973234
1.1726121678246
1.0835882992433
1.1013137677666
1.0853919681262
1.1062370588469
1.1248551003638
1.0960728852932
1.1293647378976
1.1745049320958
1.220451207218
1.1323280912706
1.1456612138478
1.1878973042191
1.1842328275779
1.1087786053221
1.0966137962484
1.1069010928391
1.1214773598231
1.0653317814849
1.0654978279175
1.0646097500195
1.2473203792117
1.1722759188513
1.2658286381686
1.2331189699837
1.2345119654652
1.2027032691036
1.2655493890894
1.2159526244952
1.2567708454809
1.2258892808234
1.0786458946933
1.0776885789241
1.0964033380755
1.065354089597
1.0658630474357
1.0937415042988
1.1127552992228
1.1448971930942
1.1414509587637
1.1708495566611
1.1325902936651
1.1731866680194
1.0863306368764
1.1093424839067
1.2116794364936
1.2408246846757
1.170417432959
1.1268084861409
1.0370057750878
1.0806275135082
1.1117781535203
1.1517132467413
1.1230096591963
1.0579577658522
1.0560691099366
1.0759722048714
1.072438740354
1.0465456452394
1.0665882195962
1.0821218493832
1.0661866149684
1.0427189657484
1.049145890063
1.1159580388076
1.1633048046794
1.0914492836292
1.2373419484798
1.1136940611074
1.2054194842853
1.2228762132417
1.2633308676739
1.2578892783747
1.2345082624883
1.2039091683824
1.1587205781421
1.18637713157
1.1305149469252
1.1207612161459
1.1235844700153
1.1255514257629
1.0987762287391
1.1062325781113
1.2071690587979
1.2179114290957
1.2781875455996
1.2608792077028
1.1478438664738
1.1632715804114
1.0647642439166
1.1056299302402
1.0692673989908
1.0809263523302
1.0977062362166
1.141578200536
1.1120373495331
1.1096303403301
1.18859955629
1.1614008275588
1.0532158166873
1.0344147871717
1.0508093737959
1.0594549450472
1.1576924130743
1.1521429269458
1.135241789282
1.1035862168876
1.1146128264137
1.2085428836057
1.181060566767
1.0923873243987
1.0919030176372
1.0868305548315
1.0807138868994
1.0966768617564
1.0839062671702
1.0714370316993
1.0635383918507
1.0810804966516
1.0982538164287
1.2306827624262
1.1128849808732
1.1536617526252
1.1564676373095
1.202972629133
1.1373477527016
1.1928549810759
1.2603443640735
1.2476937429421
1.2252507229658
1.1654659917745
1.1559572153078
1.2558435320437
1.2339661559867
1.0664355912486
1.0642490369897
1.1101171794687
1.1034887050394
1.0913207951169
1.0418452845349
1.0508573168021
1.0456725033599
1.0455173994253
1.1331631443471
1.1687550672887
1.1351355970048
1.0915258195621
1.226353129792
1.2683722435101
1.2050694366888
1.2506395984929
1.0876279992252
1.1315491677267
1.119893194403
1.196520125819
1.2253246803023
1.216959402318
1.0423947307121
1.0423383605263
1.0430269525117
1.0524978514576
1.1461675015958
1.1988572961552
1.0977950048197
1.1028308663159
1.1331110605548
1.0716224574428
1.0532734489454
1.0778227615162
1.078517483374
1.1001856592294
1.2310315276155
1.2858664515706
1.2295630571479
1.1541825449516
1.1911358189223
1.1251055194102
1.1324475706835
1.0740976039665
1.1079321815946
1.1355052686737
1.0628206126368
1.0494754550867
1.0482427990655
1.1227411414127
1.1540542292234
1.1966617536487
1.1719284066209
1.1921179556471
1.2453068879171
1.2119309701722
1.2211956216353
1.2337667059334
1.0564971099336
1.0666092087241
1.0567847966239
1.0609648302511
1.0546732074423
1.0494870189169
1.0782797517568
1.0805851972242
1.1753233012238
1.0950095343861
1.0962836196332
1.0830301255678
1.2369863606819
1.1762452180112
1.0945643043489
1.1072448828929
1.0838546169143
1.0873761046504
1.1850897106138
1.1308206709128
1.2305317802131
1.204407847227
1.2203217841248
1.1929746790737
1.1764430184042
1.107117229513
1.1519030926266
1.0962587390701
1.0796569798274
1.113536914498
1.0717738018572
1.0710871476929
1.0760036153095
1.1104496025962
1.0729232744788
1.0828853212191
1.1321156891122
1.0675601336615
1.1099284517593
1.0680617720672
1.0786266601721
1.1059354662844
1.0708763012103
1.1025704448812
1.1257675967967
1.2230925319594
1.1516763335833
1.1853339769036
1.1002348031742
1.1042432854437
1.1824938132056
1.1597043684827
1.0910809253798
1.0802571038973
1.0932493348932
1.0588267055383
1.0579549014242
1.2285097795625
1.2431870953036
1.2641813058519
1.1971721152143
1.2340946992197
1.2228278496028
1.2351767890801
1.2216129936395
1.2628442084368
1.0688502762198
1.0747349793828
1.0817307284361
1.0851176090927
1.0622907140371
1.0753474689492
1.0568675762709
1.1064570768922
1.1730020872748
1.1167294270516
1.1260952529439
1.1525508391855
1.181508373041
1.1103412008757
1.1167928636365
1.1851023337785
1.0909881169346
1.2442720802659
1.272147342428
1.1893591594111
1.1553947833256
1.136475765812
1.0452246343926
1.0861956675904
1.0988506105892
1.1632465762741
1.1120615192228
1.0776965492215
1.069933409749
1.0783860109239
1.0841782790783
1.0494542234899
1.0663804658469
1.0733552468146
1.0984618713245
1.0824542707267
1.0541944024615
1.093172971389
1.1152676467087
1.1380486506849
1.1825006630636
1.079669090555
1.1948659454105
1.1404495522105
1.2268191095085
1.1817664600292
1.2055982908126
1.239479741527
1.2330880332284
1.1945559465509
1.1666348543493
1.2243326024617
1.148057642799
1.1392193896097
1.1479677754008
1.1785983838875
1.0916105714118
1.1216080150299
1.0931126986662
1.1128126816508
1.0788166007474
1.0846173737504
1.2321570197847
1.2079392929938
1.2666102465912
1.241839406026
1.1309707227
1.1323243116595
1.1746827672783
1.091353695179
1.0845403760381
1.0814877921115
1.1413121114047
1.1313241693345
1.1101019766209
1.1056439983695
1.1890767228318
1.1897368940207
1.1310253256174
1.1822319800067
1.0600435518166
1.0503638292469
1.0573389553495
1.0618690151622
1.1607748194058
1.1538110487066
1.1229757112791
1.1237885507672
1.1031433571731
1.111177122552
1.1218661366918
1.177534542584
1.2057588892212
1.0827930623321
1.0721650743063
1.0758393818592
1.0884009433561
1.0702902114047
1.0719954377755
1.0870489199117
1.0729724022093
1.0710618642475
1.074173607902
1.0676511426359
1.0800570938825
1.0962672711933
1.2001657646613
1.224136660952
1.1416851724373
1.215733306672
1.2036906430489
1.2347179162974
1.2213153892615
1.2599956196343
1.2798930939044
1.2918208675383
1.2436146246558
1.1572484363518
1.1356377194859
1.155122790377
1.261247576582
1.0674936631351
1.0975054475163
1.0888896826582
1.0570110077382
1.056523014493
1.0629621517211
1.1201532638118
1.1567394193124
1.0841230260458
1.2607675905337
1.2532258492643
1.2665474790851
1.0845596612277
1.1024949980419
1.1215573589248
1.1920024324127
1.2396153650054
1.2325896250291
1.2126835747187
1.0476535105335
1.0510883355552
1.055068051354
1.0591142476659
1.1449490696314
1.1999215957407
1.0951895661386
1.1062417662087
1.1333474251429
1.1106863976807
1.063926471156
1.076681569062
1.0872162851428
1.0787352417605
1.0697758674958
1.0787930935534
1.0980859615432
1.2384317474697
1.2156835472108
1.2799465161803
1.2543718006996
1.1670515763633
1.1935520008187
1.1432593694726
1.1582435635892
1.084450382173
1.1146229936208
1.1510343142339
1.0665088432987
1.1505073450524
1.2103108542108
1.2628347205155
1.2093571511149
1.222727401786
1.0700462646525
1.059427432459
1.0602758820166
1.1334555615864
1.0963025022448
1.0849039421529
1.238756101611
1.148648716156
1.08318701246
1.0809580048932
1.0790210191362
1.0746854246339
1.1766495097125
1.1137509392412
1.1874893239903
1.1926143597732
1.1455025649521
1.161799834075
1.1928262817103
1.114808227851
1.0849201516055
1.0880700536998
1.078066848914
1.0722764636981
1.0871978602013
1.0665211795747
1.066870555921
1.0590997990701
1.0544946174143
1.0727457656234
1.057463745612
1.0466661890859
1.0532155986642
1.1242133890468
1.0449169167339
1.0514306637759
1.0632907700967
1.0493050105544
1.0930772536782
1.068208703151
1.0668157267766
1.0944093107553
1.1076834789356
1.217694025043
1.1488438941352
1.1432981614772
1.0775088533598
1.0663602572705
1.0974751407419
1.0868327502448
1.1451661057472
1.1262886643231
1.1351107582749
1.0631122869488
1.0541862072135
1.0678360411789
1.0609810744194
1.2778822881664
1.2209604842274
1.2467016962023
1.2407757453382
1.1675513892383
1.1965858272184
1.2303513116415
1.2709024730843
1.2374227974079
1.0478971822489
1.0783457349218
1.075471388287
1.0918525846211
1.0642257559282
1.0651920669318
1.0539592268515
1.0611833306697
1.0576376353251
1.1671261751584
1.10435253174
1.1242924711678
1.1340708179723
1.1693211889734
1.2072644851948
1.1187959052616
1.1111742734086
1.095001259963
1.2685174227121
1.2561290013616
1.1851111153485
1.1652052930083
1.1274432300908
1.111192184697
1.1072731791886
1.1740089707579
1.1167574831499
1.1019158714076
1.0969795218269
1.0772934394491
1.0929281010335
1.0964752133106
1.0581278020697
1.0722344596389
1.0838935681306
1.0946122774064
1.086383478562
1.0875971797541
1.1362392656504
1.1686957737643
1.0584927883336
1.0844575214316
1.2034130405629
1.1901980390899
1.1891096285549
1.1925375166314
1.2021262232403
1.1743974220351
1.1446875767604
1.14229251202
1.1600678885174
1.0970392784067
1.0779108807232
1.081007437876
1.0669567842603
1.0594376480811
1.081445697261
1.1025465018271
1.0680521321051
1.0652354695451
1.0949009555181
1.0781142755719
1.194935105555
1.2344043827585
1.239286996333
1.125099786536
1.131553753861
1.1791969945376
1.1375606226885
1.1055182758459
1.0729603935616
1.0814429780873
1.1290200439255
1.171346313103
1.1091529396487
1.1023083204083
1.1951711255496
1.1277102587498
1.1358706689534
1.0689252726493
1.0600559317638
1.0576277393877
1.0547677015006
1.0663256992211
1.1374466340244
1.1164814163717
1.1903141283844
1.1020640873477
1.1212505103386
1.0917202883974
1.0907514573263
1.1833175665892
1.1961357497564
1.0785337465962
1.0810128872062
1.066324517592
1.0754228451847
1.0744207700764
1.0680470314806
1.072189479047
1.0756485308718
1.064360477325
1.0806337913959
1.0824455931286
1.1891911650367
1.2617941781735
1.2335662503616
1.201427163307
1.2264669805671
1.2322504483344
1.2627750162336
1.2479601811942
1.2855200781417
1.2173672756538
1.1871719764612
1.1262629256647
1.1819224078991
1.2645831217398
1.080619579511
1.1155378903293
1.0973615234918
1.0642364926499
1.0651614808965
1.1385289988317
1.1564729701963
1.0997714150405
1.2606125387163
1.0879486251832
1.0872803145081
1.1132735543657
1.0999396931305
1.141011235066
1.201680303244
1.2158081395389
1.2256561871001
1.2804834624958
1.2138525090054
1.2404713025825
1.0540769927116
1.0587212187592
1.0608178618541
1.1704634338459
1.1860747752286
1.0967311844667
1.0827057182239
1.1101396937445
1.1452811657976
1.1116982262825
1.0698693013768
1.0790683261247
1.092071818237
1.070094945632
1.0840500748926
1.0827023519635
1.2692569976004
1.2208009669335
1.2169188924364
1.2390492742318
1.1771756742183
1.2080141809051
1.1375617608651
1.1538425868815
1.1550866615941
1.1907105521259
1.0712448228913
1.1560760780564
1.2280749743413
1.2640419149422
1.2544155188767
1.2619074070808
1.0661578139823
1.0593480948815
1.0636129182837
1.0600280560122
1.0790127324267
1.1663444185479
1.1170323207724
1.0594095287126
1.0703812246096
1.1643061565323
1.1900336237753
1.1052086807632
1.1353882153112
1.1344410093876
1.1417436115666
1.1132334139778
1.0705437685647
1.0632157672429
1.0780812500982
1.0703478982587
1.0622558843829
1.0609419330277
1.0521034653628
1.0611681645901
1.0588565812538
1.0331311984634
1.0559474656257
1.0418121133792
1.1353514220195
1.0305331122072
1.0297049686196
1.0402429184613
1.0252561362507
1.089816282695
1.0455240654275
1.0303856062659
1.0621342035754
1.0408048444728
1.0567451269522
1.1106342616066
1.055279550245
1.1792681468514
1.1346225435973
1.0389575327934
1.0349143748895
1.0371697868891
1.0467537086279
1.0789040598691
1.0765204309612
1.0703159224544
1.0674010107123
1.0938488884687
1.1334632181657
1.0406386526916
1.0353308217296
1.0560433057228
1.2609713577495
1.1666870823066
1.1983254142589
1.1870924512733
1.1556103830151
1.23937251267
1.2713577189583
1.240673098642
1.0353533279979
1.0801008408856
1.0659537834572
1.0918737775463
1.0745173496482
1.0459617499392
1.0601795835232
1.0500747766589
1.0610249506254
1.0579654252319
1.1600897243133
1.1875286508488
1.0997229369413
1.1238296481768
1.1184177070341
1.1175290632403
1.1654031972363
1.1177448850467
1.2050199726529
1.2123331041528
1.0916285112017
1.1024260625251
1.2243650056909
1.2221987071913
1.1644458473287
1.1435752927081
1.1249069438239
1.1246405217681
1.1713606549115
1.2143168218805
1.1006299215316
1.1256255159502
1.1163173229337
1.0786612619128
1.0867160997457
1.0977873202427
1.0628962976179
1.0742790452067
1.0896183541587
1.0548278042948
1.1141501283861
1.061423483554
1.0560081078123
1.2612649618807
1.1835808589592
1.2019988353765
1.1538759175928
1.2021440211153
1.1497436200449
1.1043929024525
1.0962902114792
1.116886185829
1.0773037623481
1.0743320459046
1.0651424507337
1.0401440270885
1.0870839717933
1.0401125784637
1.0713445754314
1.0578838663862
1.0563165366695
1.0766733396094
1.0832004154259
1.0542900192672
1.0561819608129
1.1482847288477
1.2085642758612
1.1039556317253
1.1023753773826
1.1437299257311
1.1113371436247
1.1501776588475
1.0768258504909
1.1085789078562
1.1188011878464
1.1427007944413
1.1666400384425
1.0970415920977
1.0840486898109
1.1645801717321
1.1052111016498
1.0688573359261
1.0615442742708
1.0584210577712
1.05786813127
1.1179964873477
1.1240675673633
1.0941889601824
1.1502314735933
1.0746595401416
1.091383306342
1.0844160952165
1.0804501821557
1.1614949389155
1.139532269458
1.0802449587759
1.0709027988282
1.0667123590506
1.0581749216994
1.0551532502494
1.054292064059
1.0679919364025
1.0617065729146
1.0769376135049
1.070331855322
1.1955060275798
1.2417995684007
1.2191497652071
1.2150627302594
1.2734910423547
1.215986059224
1.228916868559
1.2109637735282
1.2823057196639
1.2486235630564
1.1792305010673
1.1469485663565
1.157370391832
1.1072516920176
1.0945640414334
1.0745595394703
1.1221293952154
1.1477162454692
1.1582812162804
1.2648174963021
1.2313474516547
1.0862742731943
1.0815294541296
1.1201434028314
1.0890544901329
1.1262856797028
1.1482393479089
1.1996345365211
1.1634967542309
1.1635199927986
1.2829444477556
1.2715643259954
1.2426538008062
1.2356965333816
1.1854674665519
1.225495859385
1.279582678901
1.0618195540525
1.0615229682161
1.0684651284586
1.0826838106208
1.109262958803
1.1113614274727
1.1299754636431
1.0991569757023
1.0686982017901
1.0836721665748
1.0731078964554
1.0726770992591
1.0801921795228
1.2379103924118
1.2262270109093
1.1953406265273
1.1855158321447
1.1854743561691
1.2310131321416
1.137329735774
1.1546220487432
1.1982059647583
1.1862731685068
1.2175365189008
1.2564921025326
1.2590480580402
1.0626563943463
1.0598129383867
1.0627794340201
1.0552882188873
1.0505626050027
1.0373395394416
1.1442810038565
1.1065373191551
1.0542100751014
1.0626125436715
1.1203542995439
1.1587876762401
1.0775232002999
1.0912461770694
1.0910406031042
1.093484658802
1.0695128599842
1.0513974200854
1.0301838013862
1.0523212648615
1.0578430307623
1.0471797200119
1.0575898907301
1.0414457104723
1.0579648049448
1.0423463093879
1.0104776943902
1.0257264445848
1.0229772014778
1.0327353341472
1.0322950918644
1.0033998213343
1.0051283105573
0.99607214886122
1.0454998715993
1.0124673477825
1.0565876248842
0.99310644337394
1.0293307584762
1.0721458850012
1.0382018376319
1.1704578341451
1.0914309773426
1.0181764663857
1.0217276712551
0.98945332092705
0.98749354857301
1.0201847626628
1.0158594207079
1.0147828632985
0.9933598856343
1.062999254226
1.0881962015661
1.058646225851
1.2156766749728
1.1717193542297
1.2005346489504
1.1302274695214
1.2606030881434
1.2659003805474
1.010480720994
1.0362258838706
1.0707805447595
1.0520559564744
1.066177192586
1.0877204124174
1.0686628275474
1.0368682235005
1.0571137039278
1.046232362589
1.0402294819946
1.0569303687723
1.1871792344507
1.2050305049092
1.058578024378
1.1496703692732
1.0796260034759
1.1064616836123
1.1467042576391
1.1038092240265
1.1733627126451
1.1115031989863
1.1396067223894
1.2059531657928
1.0890088091711
1.2324847650459
1.2208048393885
1.2155593694522
1.1959531431124
1.1430231739115
1.1154708418208
1.1455354367852
1.1544308479211
1.1881058194271
1.2076284968421
1.0979200217921
1.1129845905767
1.0759192119916
1.084862563469
1.1013305875196
1.0672007297339
1.0672352594063
1.0287435221198
1.0396900708977
1.0879561570766
1.0570777602422
1.0657103299239
1.1419327932223
1.1494133185335
1.1069285261636
1.1296045343296
1.0835822798734
1.0870437257664
1.0883768023941
1.0725879909183
1.0520565253466
1.0183784275077
1.0479102304268
0.99954634026619
1.0925260916784
1.112139004267
1.0071902431979
1.0365741667999
1.0463829458841
1.0481978401863
1.0361445265812
1.0369932760159
1.052899141546
1.07431019617
1.0427839267256
1.1944758901765
1.078844055975
1.0799120914147
1.136098139187
1.1183442227779
1.0938035572844
1.1208611245497
1.1070991171927
1.1579338643637
1.1514220779598
1.0820900098372
1.1691608301808
1.0921396349458
1.0652158450417
1.0581555003361
1.059192108044
1.0585761091594
1.0861867203989
1.1020363988425
1.080086160468
1.0963819306391
1.067541649922
1.0706353153932
1.1518477734992
1.0539891982146
1.0677307293424
1.0726276542984
1.0773424540445
1.0704198765888
1.1111849596824
1.1050460111917
1.0669970391002
1.0633730937569
1.0573157485647
1.0546671232797
1.0597366972729
1.053256154018
1.0451021020383
1.0723812146454
1.0635870973754
1.1382677856866
1.2016941239464
1.2725591558207
1.2247531278544
1.2394635338732
1.278001968722
1.2241061177319
1.2646695524415
1.2644928372366
1.1393369609328
1.1248116478589
1.1394384004753
1.1128348111683
1.1009031391869
1.0871427950685
1.1269154485583
1.1682212262176
1.1245743929558
1.2430364160175
1.2162830589006
1.2716515426361
1.0821677094451
1.1230993253482
1.1022306479392
1.1112223187846
1.1233081114941
1.1750383260587
1.1560413843651
1.2010138041653
1.1602479780394
1.2705247814702
1.2348136405606
1.2286278711168
1.2065511950803
1.1762570937883
1.2220297320816
1.2701056733043
1.0618050570539
1.0660095638263
1.0698981669128
1.0776476440757
1.0933440096455
1.1153630182171
1.0938379924691
1.1238907877557
1.0978161021828
1.0751412274832
1.0686239431142
1.0760912832917
1.0839273542563
1.1985993705859
1.2397756457411
1.2101661081271
1.1480210207995
1.1404455824674
1.2007628440662
1.2171884462998
1.1851215974229
1.1937042282032
1.2059437127394
1.1822789052151
1.2360478139853
1.0548653160686
1.0414201966215
1.0288436176216
1.0169302052528
1.1226035567043
1.0682238858549
1.0339626748081
1.0663454525172
1.1323412423033
1.0207429902564
1.079258276194
1.0653232325661
1.082638879089
1.0495498918313
1.0205733692539
0.99338509938761
0.99197948810253
1.0299522395606
1.0289240400337
1.0429813311218
1.0312003057444
1.0222476137094
1.043092988068
1.0177591537716
0.99318495642873
1.0130010963861
1.0129998855162
0.9990281093226
0.98633107509049
0.98176173514718
0.97232366401799
0.99043331822721
1.0500647845714
1.0006502421246
1.0463697749616
0.97160637176449
0.98617002476889
0.99165797382948
0.96157870059274
1.0072747021057
1.0227139828984
1.0159659556071
1.1565002260215
1.1001036549943
0.98456535222646
0.99357797050551
0.95212274925038
0.96885617889761
0.9695419888215
1.0150719508678
0.99686469827029
0.95915662948347
0.95945305604661
0.99603862275156
1.0532095127522
1.0534773898966
1.2205975674469
1.1514871577116
1.1273924106504
1.1883583036417
1.2301595390874
1.22954145671
1.0155839810846
1.0697769495533
1.0625870099049
1.0536513595353
1.054881001216
1.0622605621836
1.0897984818352
1.0811841339864
1.074656693139
1.0280037215791
1.0454544805752
1.0423626645005
1.0321487546219
1.0687608755256
1.1891736418983
1.1926120141735
1.2309342613336
1.0690717289596
1.0344468746689
1.1484243868333
1.1219151490479
1.0623543462088
1.1223549765755
1.0685539281505
1.1399403645916
1.1008660513524
1.1147150863024
1.1801518933053
1.1164939394075
1.1490074586559
1.2164622011029
1.2255192757506
1.2210300224569
1.1694106640504
1.1349025244163
1.1480842384669
1.1207817829412
1.1260259133405
1.1739924477095
1.2115232765901
1.1010747776313
1.112317749106
1.074233140944
1.0946093777673
1.098712982527
1.0746277874442
1.0002616276089
1.0155230487853
1.0417772268559
1.0907801169921
1.1172834636274
1.0896864257849
1.0529808628961
1.0566778210361
1.0548430810921
1.0528179470839
0.98798822145042
1.009080934503
0.96248665515219
0.97092043211375
0.98329116672552
1.0773560258363
1.0675046378004
0.99471578795586
1.0221612261621
1.0393478608645
0.99757639683568
1.0321112503905
1.0315583390792
1.0250372847134
1.0485192778815
1.0377521012157
1.0530380688512
1.0990562699627
1.128022233172
1.0871018062742
1.0762906768005
1.09791707861
1.1118298998951
1.1574060239246
1.1836219082645
1.1358695244851
1.062179934494
1.0833199770645
1.0575616030016
1.0630202657289
1.057237906368
1.0647194974527
1.0627357211224
1.0695972764993
1.0522637363561
1.1250425809579
1.0248444575178
1.0352477291467
1.0162438345075
1.0445106210635
1.0471951319313
1.0593230384979
1.0640303005981
1.1019321388818
1.0676890878038
1.0545993135714
1.0530828807845
1.0535917144811
1.0556758717109
1.0381133306373
1.0484636126304
1.0352209491726
1.06015309319
1.0552586734232
1.147840343211
1.2371228285667
1.2229364819162
1.276416709305
1.2501563129965
1.2277063057842
1.1709755819496
1.1157618799869
1.141537547085
1.0967818353457
1.0969979789169
1.0972670850036
1.1231934681238
1.1582865718595
1.1234320489979
1.2650246054735
1.2293889279147
1.2641135812995
1.0934910731665
1.1097067542828
1.115211891522
1.1288578884088
1.2039206620478
1.1560204414029
1.1646586368018
1.1433271397121
1.181494117076
1.1256251731214
1.1640043005576
1.2470825415825
1.213379923014
1.2292770768968
1.2075035718646
1.1580298894128
1.1985072116125
1.2480726625338
1.0661610121939
1.0655958529605
1.0753434378736
1.0800373046961
1.0862196579519
1.0969199021947
1.1012910695287
1.0975127602321
1.1126324340545
1.0772143548123
1.0669088813834
1.0759454119818
1.073314825489
1.1654834320872
1.2002150552141
1.1892483755017
1.1092306931647
1.1251496799367
1.1835361509691
1.2684285229881
1.0545675654467
1.0141633647998
0.9968240347952
1.030150707359
0.98740059329696
1.0629205679226
1.0130875133216
1.0423083716917
1.0875255454917
0.9649505148341
0.97780649534912
1.0243361095951
1.0365302484879
1.0273253731056
0.99194496566862
0.97454768104861
0.96590437877462
0.96433410629059
0.97376981914115
1.0011354169319
1.0273505754828
1.0146834533462
1.0208633743644
1.0483786347316
0.98954812699945
0.98350137798936
0.98632067359215
0.99644438040845
0.97452088009684
0.97785531848962
0.95626316273958
0.96010202764048
0.95895423873949
0.95310398823565
0.9677100160017
1.0253155608504
1.0770977410454
0.98693083539087
0.96534301276003
1.0719889961137
1.0134648573275
0.95120734609048
0.9705657034821
0.95163319829559
0.94750494388427
0.95130256319443
0.99937224679851
0.97981959017109
1.0973969904828
1.1296684133183
0.96586857910114
0.92935162546074
0.92962528096837
0.934501646604
0.94251245446891
0.96867954650665
0.99801025973611
1.0007560895196
0.9563221439043
0.9481672448785
0.9444734084381
1.0549529033386
1.0618470763208
1.201999066908
1.2519779748133
1.2602734231236
1.0108966703463
1.0073396895207
1.0798648169589
1.0714013396761
1.0496651483685
1.038744331294
1.050390753122
1.0608031545301
1.0643037494323
1.0837124359826
1.0956994330527
1.0747705639483
1.0267405740638
1.018847745043
1.0459096942509
1.041898317252
1.0339094599881
1.0200668738354
1.2135120470745
1.0587597646989
1.0355921257986
1.0260357925783
1.0131287306903
1.1789554170522
1.1346542828705
1.1051073800309
1.0383115127815
1.0161217187758
1.1313578094083
1.0317391726362
1.1075152995981
1.1723749769647
1.1890060779464
1.1395165549034
1.1100822104374
1.1011382706684
1.1259860019277
1.1118403654271
1.1493757194656
1.2734040856678
1.2249573395431
1.1581576729409
1.1738550743991
1.1509867230122
1.1648241526896
1.133607158012
1.2419002488273
1.1868022939663
1.1105962451476
1.0839782968934
0.97977388679663
1.0024809290151
1.0633624520499
1.0853573502035
1.0240909264768
1.0078803129712
0.99912352863582
0.99807158148959
1.0452117553978
0.97089199225501
0.97399743641134
0.99030289672079
0.96343349542533
0.93757465057472
0.94905129693916
0.97349110406666
0.96775071997541
1.0167044982915
1.0182007884864
0.99451078280131
1.0085478255713
0.99901353179338
1.0003525696822
1.0319857090053
1.0162485496885
1.0230364294063
1.0022627289842
1.0135301372626
1.0395316745522
1.082828994102
1.1757069561117
1.1085060608994
1.0724755053958
1.0532596529974
1.078095597019
1.1098567222953
1.1267396742253
1.2210691092298
1.1223791308278
1.0686477404513
1.0588402589154
1.064725381644
1.0548663483904
1.0530824495119
1.0226848963901
1.0242622638628
1.0083611431059
1.0377582536886
1.0294917958451
1.074376994492
1.0002778941371
1.0116409127252
0.98896097551066
1.0190854544228
1.0441274245226
1.0455383684352
1.0489951421467
1.0641713035834
1.01643072945
1.0471616621423
1.0376408844066
1.0389726364758
1.0395021094056
1.0302482002835
1.0353522169477
1.0275162425276
1.0578792393735
1.0468470466016
1.1364328680457
1.279494953754
1.2368215600202
1.2681301369901
1.2339698009448
1.1381099000873
1.1281260419433
1.1154775605938
1.1071579498266
1.1164168376535
1.0822129262317
1.0849214231312
1.0769004418946
1.0915798268019
1.1627193530049
1.269861182255
1.260270055602
1.2182272229727
1.116066100363
1.1091885879715
1.108205474934
1.1694973121046
1.1822539367965
1.1420850417468
1.1573657393069
1.1409231354397
1.1293657562499
1.1730563892405
1.1240980000056
1.1280474306811
1.1401260088302
1.1961176160175
1.2023839985398
1.2004900259681
1.2029378274824
1.1193107236169
1.1613552064982
1.1789588995583
1.2086763493618
1.0631457756207
1.0670301424668
1.0669485534771
1.0737958341759
1.0771163824274
1.0775582485213
1.0803397457322
1.0713589841003
1.0633925662668
1.0638547104494
1.0695417223366
1.1283350792429
1.2074919168423
1.1940576958999
1.0718121750272
1.0549816231773
1.1812294782531
1.0451470958849
0.98392243928619
0.99433096049872
0.97061916878978
0.99632276036777
0.97482721125437
1.0446698970911
0.99569926396647
0.92612547842146
0.93708082484654
0.97486763691973
0.99595860719931
0.97995902473659
0.98009740617846
0.94487003679662
0.95430123976629
0.93006782420556
0.94762816151545
0.94898031169982
0.95059609490266
0.98570602161629
1.0036553621779
1.0285070448634
0.99137484239067
0.99844548333658
0.97436067630078
0.95715835140514
0.95114069096103
0.98996409192893
0.97075300363454
0.95098636606912
0.95441116187924
0.92835785858698
0.93372705876583
0.92768960451473
0.92220877857093
0.95531156963584
0.95970637034121
0.94677790555719
0.99156544450223
1.0394199822157
0.94146035041867
0.92604081245577
1.0260296865767
0.98413829291546
0.91956614481258
0.91231972713982
0.95084336789151
0.9642428852906
0.91444358077969
0.92230449253258
0.97423940625322
0.9944293237949
0.97426068595248
1.0766854407219
1.1009890540193
0.95283739939102
0.89178164173648
0.89566247984422
0.89871011379469
0.90095824891295
0.921580143268
0.95783842275294
0.9365613515882
0.90511737316852
0.88406268435507
0.87060505651558
1.2199473378743
1.243636813273
0.9925032508116
1.074653793965
1.0698002485754
1.0671477161484
1.0219860587559
1.0555892679919
1.0562212075189
1.0616353555255
1.0926402746038
1.0876924950982
1.070817175518
1.0195474852555
1.0351845802216
1.0278788632793
1.0473387093257
1.0352789381549
1.046497783203
1.0261455697205
1.0025965983825
1.045858757552
1.078022477007
1.0464057613923
1.046875985476
0.98578758731085
0.96073329171666
0.99579985394907
1.1473209069849
1.137197840207
1.0600001912799
1.1250739231522
1.0376482297584
0.98389258743182
1.1247898413909
0.99341437891182
1.0747378342036
1.1485542226667
1.1979619920079
1.1839574325554
1.108925314326
1.0986611102101
1.099983771779
1.100250790319
1.1130064565509
1.1585772392895
1.2677212909177
1.2581634236247
1.1641694747823
1.1577557208927
1.1361590077987
1.1762721264298
1.1279451756874
1.205491668032
1.0916044432771
0.94920357358746
0.94818721462839
0.9634147412895
0.96970282166328
1.0070953240212
1.025328777579
0.98830785814572
0.97503432688183
0.9819639249162
0.95864004496135
1.0354790737319
0.93977396483846
0.91431261123574
0.95290315151968
0.96562155213543
0.97682269770803
0.92847333524393
0.93214870900259
0.91413578344817
0.95546687900176
0.90238364665714
0.92842176299608
0.96249284457479
0.94381238255639
0.95868846526768
0.99345060610396
0.97586548875098
0.99016629916575
0.99494300742005
1.021598606631
1.0098865299826
1.0099839198353
0.99048387192778
1.0140668242411
1.0352874946507
1.0789456811993
1.1264984070134
1.0960957197497
1.0370353359162
1.0436782673182
1.0410645144873
1.0707038741306
1.08072207217
1.0939230060299
1.1170863591397
1.233764428344
1.1505969141023
1.0491841136216
1.0381020493231
1.03850711019
1.0490181287108
1.0092915161492
0.99889084672705
1.0039528035557
1.0384370125255
1.0090412877085
0.9944964455587
1.0909579984806
0.97049440071347
0.99206886523913
1.0202991483134
1.038654994656
1.0044467487513
0.96367383471848
1.000632862895
1.0451325299979
1.0494560543371
1.02994583812
1.0436551895082
1.0210632349668
1.0151949009399
1.047314789717
1.0432929570414
1.0351275209945
1.2173804513423
1.2338954677873
1.1073365051509
1.0848551198462
1.0939702940116
1.1097210371483
1.0928706272981
1.0763913908029
1.0791668346169
1.0715382724767
1.0857445042658
1.1463956734024
1.2376974278009
1.2191794643562
1.1894477192539
1.0933433122884
1.1026039467334
1.114740212721
1.1645462770013
1.1560303263941
1.1196208185067
1.1287461149837
1.1364328145999
1.1112145125623
1.1479713475883
1.1011259566619
1.1046876250789
1.1114391684027
1.1612976113065
1.1763625678399
1.1976080658303
1.1615776101305
1.1607538899713
1.1056665806096
1.1207799325319
1.1909601867948
1.206407072037
1.0548286362097
1.0674801243582
1.0723851026123
1.073039563148
1.0717699204304
1.0551974100892
1.0649608735928
1.057378391431
1.0909498761321
1.1376981893371
1.2073121765558
1.1527896728984
1.150172400996
1.0323995128389
1.0142909859952
1.0523401227621
1.1757561103847
0.94079685056069
0.95775848045159
0.94835094457295
1.0058349019332
0.97253079957437
0.86020467551496
0.88327038158292
0.9336449508298
0.97062751916634
0.94553725973432
0.94350815451128
0.90495647610069
0.92343855122757
0.87148967050402
0.90039249713588
0.90974837568538
0.91190170124354
0.96385779485651
1.0117049553205
0.98386003571383
0.99954205132967
0.94676691243104
0.95021471182008
0.91480555742895
0.96706449851169
0.95936925467794
0.93262360319079
0.94781147970828
0.92656814111725
0.89756560856387
0.91008339087913
0.89885491494451
0.90202142623972
0.92865100473798
0.94030983918857
0.94200634863613
0.93132561158791
0.92589860853204
0.98700682583092
1.0072359668474
0.91104051904924
0.94595253581292
0.90267419568638
1.0377395542936
0.97655943871536
0.90304249363168
0.88931535140328
0.89966502752485
0.91820535564637
0.94472920689485
0.91134003998853
0.91081091543204
0.89909565920583
0.97939258225802
0.92775427585305
1.0599954899803
0.8950871931057
0.88945572418343
0.8661544282069
0.86070329277563
0.86482506116021
0.90228652618692
0.8734387156707
0.87902605031622
0.84601449759504
0.93137587502085
0.87842575817015
0.91941002025997
0.86755260250661
0.86338982576105
0.85544205379199
0.86006117496755
0.97944043993409
1.0801289988476
1.0626266417925
1.0497322174624
1.0796065407122
1.0228975522984
1.0499743850595
1.0609396235292
1.0123283026738
1.0291959869797
1.0370844190377
1.0171230589179
1.047538595701
1.039006169513
1.0259170209798
1.0031402630264
1.0537821675972
1.0628381074068
1.0060375279065
0.96229630741664
0.99535292794747
0.93287060836697
1.1432136934969
1.1142469358729
1.0657550942272
1.012325681618
0.98105381630392
1.0672766320438
0.96396113856334
0.98498190693147
1.0790248281796
0.97063357892327
1.026800662593
0.96554301058632
1.1070803354821
1.2030553045695
1.2250604802848
1.1239625876519
1.0988676307737
1.1295275065466
1.1087498611107
1.2448063261366
1.1692570756674
1.1340030381875
1.1971922420918
1.1216750408127
1.1371238559061
1.2187687390604
0.91454338504063
0.9031757597249
0.955188822474
0.94664543875219
0.94596897454873
0.92373418206709
1.0001751074229
0.9814868592744
0.94332766805129
0.94370032417934
0.9409672989836
0.93819947270075
0.91046281481693
1.0129279182313
0.90010241292949
0.94666028656507
0.87241066361915
0.95344470058145
0.90969455288846
0.93017863695563
0.93432139825853
0.89153649389069
0.87350023570476
0.87422150256743
0.90362056526576
0.91773978818527
0.89180160496181
0.87728048067365
0.9552091390876
0.94516005381268
0.92532870760686
0.95383814519035
0.92515026442639
0.98207318473789
0.98785129378429
0.95939590021214
1.0026783564652
0.98876329921054
0.97107922510584
1.013807077663
1.0070044426914
1.0546871077652
1.0897267398543
1.0596303921544
1.0083514606282
1.0056761701476
1.0066449204799
1.0344189771375
1.0379414263935
1.0510419370671
1.0616999071393
1.0975384633005
1.1083853981228
1.0328083353296
1.0159824106664
1.0468618947834
0.96315931470473
0.9733912253261
0.99600436828717
0.95559998058909
0.98134650239536
1.0118059601053
1.0081859192235
0.99046693583581
0.94937939219953
0.95388276268849
1.0298236563245
0.95619015132157
0.95794123712877
0.99532294593738
1.0139935683327
0.95487331092235
0.92149685082436
0.94902686961428
1.0237490146055
1.0253095367133
1.0037225526869
1.0321912363007
1.0055190969044
1.0360881493029
1.028633921854
1.0220124247802
1.2609210169832
1.0895004230589
1.1024481964814
1.0799969623245
1.0754848912562
1.0742947903834
1.0881789679876
1.0664388643709
1.0625241797883
1.0629376414156
1.0909245420211
1.0744553511268
1.2660092174641
1.210850270564
1.2072439581595
1.0981705977766
1.0758010057992
1.0930696820043
1.1192600556161
1.1509225348666
1.1100904107647
1.1174098531267
1.1464433825436
1.0892028920723
1.1049493254402
1.1471528941226
1.1748879003547
1.1487148163897
1.1931940989165
1.1268879896155
1.1573220846383
1.0748113555506
1.098483294131
1.2083737399551
1.1510500703032
1.1588706129887
1.0550765021563
1.0553801966165
1.0515882153991
1.0486071424757
1.0394586440608
1.053980068684
1.0356712765992
1.0420542848752
1.0650745786035
1.1500624238711
1.1461005261952
1.1085035222137
0.97808787638179
1.0136586585836
0.99274761269195
1.0020777125851
1.0022227083731
0.9073128399525
0.92089399133973
0.90222426593709
0.99846363326287
0.83612571862452
0.82827373814592
0.93212631637696
0.89282618142786
0.95198015877073
0.90579969884643
0.90671255452262
0.90244965186759
0.8894017205477
0.90641794647705
0.84212689518299
0.86936135444971
0.88236902802035
0.91633346151048
1.0137896898158
0.97800518169059
1.0044077433233
0.98725007543674
0.91998862988366
0.95910537765395
0.95019319272532
0.94869600135513
0.93889064780452
0.91273422057994
0.91927299679873
0.9161249487047
0.89943299269669
0.88101078085658
0.8821953511157
0.87594481876572
0.90094327091827
0.88968770075918
0.88215556843577
0.88528022418897
0.88137871372407
0.89379008039066
0.90948508697848
0.93280052076564
0.91029823904118
0.90830241404203
0.89881305723747
0.9432028178111
1.0138930113606
0.94494171745709
0.91260771800757
0.87627548646499
0.85108733898
0.99539032130373
0.97482168985487
0.9274717961788
0.88654439494907
0.87313483639113
0.89594540625876
0.85790324621543
0.89971368457176
0.90578923101111
0.89254480155969
0.89038857097089
0.88021806665056
0.96903669486626
0.95547353337301
0.90529393066707
1.0064579560525
0.86189201246912
0.84375815318057
0.84455693860828
0.83914608202897
0.84798014471815
0.81991195995874
0.84254231720406
0.86807246735921
0.87589294940069
0.83086416219677
0.8433198441272
0.87292809789399
0.81637354904649
0.87076208626504
0.86624972636594
0.85628536912508
0.8020164307017
0.79227598856809
0.81963362233939
0.96930532754068
1.0902204805242
1.0778837751156
1.026889929427
1.0216245198252
1.0498766229381
1.044265276914
0.99427713959453
1.0217712218263
1.0321555463158
1.0266740048034
0.99596025780756
1.0665223433422
1.0594276030219
0.97650233940214
1.0030461594236
0.94526178785586
0.92053714016472
0.98783959640325
0.98008768432578
0.91535821282853
1.0826241540921
1.0199889476537
1.0385272039776
0.9937861785392
0.94072858289466
0.97226047666918
1.042945934789
0.90612849397218
0.90527731384288
0.9709593452533
1.0088940118121
0.99306905436281
0.90012595938487
0.91935919050285
1.128997045826
1.1855943435434
1.2308865651804
1.2184925077892
1.1410598106309
1.0901156086412
1.2174746487591
1.1606004458042
1.1254792541028
1.1881420859979
1.1485105179076
0.88853168399996
0.89582171230059
0.8864636691437
0.90851683402534
0.91092495482563
0.91357823123174
0.93835057966965
0.94390882414017
0.87947542361648
0.89306605057987
0.89895759999738
0.85188454983575
0.87035882397388
0.88481955447534
0.88177269185815
0.84341804023201
0.85233900218363
0.90134376800536
0.89544836230491
0.88748385665911
0.879021556397
0.84475232631574
0.85461379319292
0.87989316166583
0.89289927289476
0.90556779021456
0.85646037850632
0.87073029906569
0.87515942777672
0.92457648088316
0.91269775809583
0.94153353260227
0.8986754113424
0.94159176147746
0.95536139948255
0.84919290702836
0.982846399899
0.95128892680983
0.98678520659437
0.99954632127723
0.9970090046303
1.0226522841964
1.0532544265364
0.98018294688906
0.99497683691974
0.98723388122584
0.99257343032298
1.0317131910409
1.0254143688818
1.0528973105561
1.0436007746453
1.0825681871181
1.0305560792724
1.0278316671675
1.0155442031797
0.96614313256438
0.92201640130112
0.95561633197342
0.96388364037014
0.89810804955848
0.93050598041011
0.94220551540354
0.94481687136291
0.92517288574637
0.90895595534057
0.94677178979004
1.0005956488479
0.91010566720511
0.87509462960742
0.879393968591
1.015067964278
0.98928803804658
1.0187494742646
1.017313468533
1.0241528619993
1.2174697185742
1.0693656409017
1.0658391564547
1.0591281009314
1.0528413707708
1.0616583940933
1.0668455809925
1.0438440718977
1.0450313273951
1.0445732445886
1.0613399668142
1.0608679738134
1.2330398851294
1.1611401707647
1.0800827695188
1.0832318397251
1.1029853590628
1.1227918694947
1.0834658400678
1.0744311152871
1.114785352728
1.1398537008554
1.0722066878365
1.06581550355
1.0974186356202
1.0774851074724
1.0986487479869
1.1293331069951
1.1038942159849
1.1333783431409
1.1173830468741
1.0974066937464
1.0558924728543
1.0766613345246
1.1522751514411
1.1501542687677
1.110942812155
1.0380694769478
1.03966817328
1.0364158402394
1.0409683703875
1.0355149339753
1.0151095491439
1.0071363775827
1.060880867409
1.0146293120209
1.0850549267059
1.1485887411421
1.0842789495622
0.95822812263314
0.92752877070752
0.94083222637344
0.94667414061922
0.88750955373106
0.88455705148756
0.93848710377234
0.77835469095681
0.7854504687649
0.88839759029332
0.85846011254648
0.90888068397187
0.89296502263949
0.88608555473759
0.87941130649298
0.84828149868712
0.88426447848262
0.82276452181757
0.7915881867306
0.86954869983267
0.84769577936737
0.89352132214017
0.95003017815295
1.0026233247012
0.97205116138734
0.91196292462877
0.93860340199882
0.95770174712682
0.97707529978621
0.94708121444558
0.92714799437341
0.90881446951358
0.88450264361703
0.89437511342214
0.8917759313593
0.92592438284006
0.87466169854404
0.84921765559601
0.87291473132211
0.85317686190735
0.87490372930394
0.8638165122616
0.85084382207939
0.86581351913884
0.87735852327859
0.89583088677918
0.89071997675278
0.90367866253618
0.89307137835848
0.89431469562922
0.89702388209205
0.87917611591455
0.88492771928037
0.92781314725485
0.90911260749989
0.88307197240539
0.84385687001723
0.83384763436404
0.94089626001205
0.91820260391201
0.89372229026174
0.86237824460046
0.85756733815788
0.84728536614455
0.86205951315071
0.83343209585791
0.85731845113999
0.88385468869092
0.87750511858763
0.94582351907109
0.87180524594048
0.96215739670295
0.82083938969912
0.8017713826623
0.80346980742035
0.83648582944157
0.78433648170689
0.80446151718745
0.77925455314032
0.79171780190016
0.84692667589851
0.79874655051357
0.80812294727688
0.85581569167704
0.77672702964853
0.8418506939118
0.81757771581211
0.79168408450237
0.75420947051902
0.77326414679377
0.95729162432559
1.0638449214939
1.0145864479284
1.0186183049872
0.99102514303725
0.99819016008191
1.0481847096041
1.0073661504189
1.0595256500638
1.0053264739181
1.0115136289499
1.0780332156346
1.0322413094909
0.97043275609249
0.98477567724803
0.90102167756634
0.89095222466643
0.96033147856816
0.95124705137952
0.88597470140415
1.062556651967
0.99097041745746
1.0308730469763
0.92387532120271
0.89636474012682
1.00774236405
0.93330816306122
1.0664075299906
0.89070176749065
0.89707941331302
0.93106462333972
0.88383389336588
0.90057729372144
0.90162016467308
1.1041397495386
1.2009545061811
1.1048227814178
1.1058869002487
1.0834767978866
1.2366338458095
1.1599045361156
0.84919187402542
0.85652045160325
0.89191020808734
0.89137584082551
0.89815109324927
0.90929431209717
0.87411853310824
0.87487125805137
0.83820099664013
0.88131808799585
0.85192188112455
0.88944594021048
0.80670956539782
0.8479430631641
0.87684688064607
0.87225670904666
0.86174859168611
0.80693262849914
0.7849956384035
0.85426113517745
0.84068792243744
0.8057328026694
0.81747590481691
0.84953928718627
0.89061935431114
0.87504406915212
0.83180115646223
0.83758147810792
0.84504472413958
0.91939815773853
0.89761206940552
0.95348913583808
0.87377040993486
0.92117433088114
0.94446559293748
0.80773208961684
0.92258281360507
0.98388122157045
0.95810421123946
0.98127031896608
0.99309422755064
1.0421308032603
1.0377043880413
0.95688045218343
0.95956571825769
0.98741110956692
0.99053943842021
0.98937167079022
0.97186673895527
1.0152598365046
1.0437014494215
1.0106772814548
1.0568360088377
1.0207598508884
0.99113012919622
0.92538213554334
0.89993496582367
0.90868217345537
0.92115261526435
0.88243288900804
0.91452107247998
0.91652779881878
0.90565292066735
0.88517116355721
0.99151472553593
0.86616365341332
0.86875329504265
0.8058947909654
1.018793572283
1.1779047626329
1.029897916706
1.0324066369205
1.0488094460846
1.0452115726646
1.0490909789712
1.0168559711022
1.0209841685644
1.0507179943718
1.0369303234652
1.2058174394621
1.1365086955629
1.0536845502894
1.0710333197167
1.0963081495005
1.0739816292634
1.0750584120479
1.1060055336663
1.1019333276118
1.1116027497738
1.0593722912787
1.08472163452
1.0673019271543
1.0460563713518
1.0757219072335
1.0907383907314
1.0579069291899
1.1352804137181
1.0641406112145
1.0692317419374
1.0329758308413
1.0390357368913
1.1339091005639
1.089513915505
1.1020658262469
1.0259572086459
1.0317866379841
1.0203041449196
1.0378426205041
1.017630912704
1.0067071720767
0.98872779504335
0.99806319353629
1.0126356305502
1.0426696798923
0.98736326194328
1.0818278038592
1.0376602907709
0.92111968294047
0.9652237055616
0.88923596018198
0.87529609757355
0.89030800200142
0.94031609755319
0.86083361239011
0.84571584016307
0.87503373489878
0.73190248634213
0.74044386048487
0.85896219210479
0.88517247418857
0.80079745492152
0.85602582433434
0.85662096858955
0.82224371899066
0.8639348533249
0.77989209727738
0.74277529170624
0.83272420720872
0.80930786582995
0.95423334620302
0.93370553959972
0.98960226706976
0.87089113040884
0.90697924059537
0.94767116714504
0.92021607356534
0.9800977232563
0.97864234388302
0.9154457562856
0.89164250581529
0.90804406701588
0.88056310335666
0.86896936894598
0.868773519761
0.8650776382149
0.85544651212417
0.8310107856453
0.83779142000336
0.81792858204843
0.84278235020746
0.83915418225787
0.82378502114397
0.85695643445298
0.84366195625679
0.84966650410742
0.87755724461581
0.8759109782809
0.88864300382434
0.89829341130215
0.88099052964355
0.87094282725604
0.87436065185118
0.86269281520364
0.8527130855157
0.83796593515202
0.86835288013764
0.88473194512748
0.84435225117134
0.82015642170105
0.8030403524647
0.90877291258575
0.89762353799649
0.84982452069866
0.82871436886769
0.86387913464314
0.83262972678355
0.79562072658246
0.82441764809846
0.84699482642978
0.85639049815542
0.96049992723989
0.84015257674213
0.80399013440645
0.77402189445244
0.8013052076109
0.77493530583925
0.76320211327263
0.75929490496967
0.77007449985628
0.77337731354462
0.74393309618236
0.75835131887878
0.76501172568756
0.82123079515036
0.77542116251235
0.83191870477611
0.8017379620323
0.75472128524818
0.79421971389498
0.74467280040084
0.71562291342897
0.73376711729769
0.92580934371587
0.96859522827826
1.0243910326721
0.99230218977319
0.99806719503604
1.044226548761
1.0116386803676
1.0102741715942
1.0698930070657
1.0344903203713
1.0123696044792
0.931424111286
0.97358153606264
0.94010129958214
0.99307594359795
0.90952012240515
0.89788672479949
0.85075461154138
0.93599643421542
0.92235059069799
0.8631643959251
0.84299292765218
0.93782494308331
0.9136159953823
0.88171729414026
0.88143626998672
0.83946667349151
0.9587929336524
0.98370902668818
0.91185202635594
0.83193270590652
0.8609061945168
0.88639613555935
0.8384827498218
0.86995727148105
1.0902254825547
1.112622321601
1.204977380152
1.1393850994308
1.1528910467595
0.8408406454483
0.85978898162694
0.8369619709912
0.85919656649785
0.88275477836303
0.88284909076209
0.91772801721212
0.84280158187469
0.84352348285966
0.78596289970845
0.84628493606424
0.81945295328737
0.84906269434248
0.76337727230404
0.81372071994718
0.83802694912937
0.82539649540546
0.80815111323027
0.77988262178349
0.78372508719998
0.76562783156399
0.7522693629536
0.78840128780338
0.79276863483125
0.7671935506431
0.76060279328724
0.80885772373675
0.85516984834321
0.85204462434207
0.88466473338586
0.84177407781095
0.81697310935841
0.80132150223646
0.82744668286973
0.84403063590065
0.85328143097415
0.83084514180281
0.86104316819444
0.88184283073798
0.84817012751942
0.92486894168982
0.89148357675792
0.94889293947512
0.94569673317476
0.9663029087996
1.0068767163227
0.99719227913245
1.0036620044301
0.9258037019883
0.91149373402694
0.95385021353568
0.9697925106609
0.95650467481587
0.94420943925961
0.98621484121657
0.99982123145032
0.98271895607092
1.0096604319271
0.99980144439134
0.97201753629851
0.90982638810254
0.8733895839812
0.89283066639599
0.90349595455327
0.86189294499338
0.86184655325496
0.85358912646097
0.85597517884699
0.8085222722115
0.82431268970549
0.79735302135099
0.99131508778292
1.1742601218063
1.0098704210194
1.0407146827523
0.98411673735952
1.0084309843543
1.0026702810608
1.0235039299984
1.1961266023338
1.1424511834862
1.0623052034263
1.0579089431648
1.040717765465
1.0435941333293
1.083585984688
1.0423941426938
1.0406204651401
1.0294156175754
1.0100069857932
1.0219322998631
1.0165252426248
1.0847337464154
1.0825429385121
1.0159582435895
1.1438988542132
1.0351052914294
1.0063143808983
1.0237902377895
0.98174706539996
1.0167348059665
1.052307207193
1.0922364059442
1.0679510760457
1.0323451842973
0.99132493161065
1.0089550144704
0.97854762431011
0.97367668211689
0.94271930559118
1.0144750734589
1.0013300315568
0.92056648787343
1.0436905993837
0.88768058907575
0.92372617701672
0.84740776602556
0.85369720285636
0.85392077060831
0.90416017098634
0.81185117400938
0.6897123695093
0.7267717036621
0.71619423016354
0.69423432458023
0.83168620097716
0.7927757942462
0.84727058378285
0.7645301856714
0.84137321026225
0.82164625426444
0.8047269958166
0.8238743934422
0.76492757917932
0.73895052039577
0.80063775542138
0.92949169574272
0.97872963521827
0.90046315900414
0.90089290868066
0.86862450763713
0.93092165831564
0.94372188908069
0.97009025694178
0.87623895287963
0.87577360125201
0.85502378558075
0.83845216071927
0.83783427550502
0.83777664201419
0.83150004120309
0.80190804240913
0.81636315645398
0.82337600786269
0.82555795692141
0.81997003075281
0.80818259235303
0.83179969637364
0.82966142994588
0.85245595891776
0.8364837544716
0.89521197016108
0.8753588388634
0.8819321091566
0.87497971660145
0.84661147102498
0.85890708347895
0.85136324258178
0.82712278302483
0.7994981472932
0.82929308761141
0.83767424897135
0.81573222753511
0.77798132733991
0.80721143906352
0.88349580926089
0.81758389519545
0.83092870534231
0.7938129518294
0.74942658992811
0.80692575966182
0.81288231400683
0.82199826656949
0.92115526948134
0.83086498294651
0.79113925612005
0.77536717145813
0.73707173780627
0.77639322908221
0.74505632935124
0.73624548801359
0.72072515639643
0.72420823676668
0.75125170917424
0.72975649697565
0.70774468235457
0.71922631330802
0.72375508958474
0.73108922970992
0.80252924109348
0.76360543611862
0.7274981141712
0.7129988935073
0.66836223103964
0.9153737155931
0.93517155954287
1.0078978404124
0.9920579381409
0.95283456067821
1.0247018729803
0.99741601903758
1.039434638501
1.0490099114855
1.0150159172033
1.0295269813504
0.90739246995245
0.91844919580641
0.96332966432638
0.87854632673566
0.86546736256319
0.89027187075742
0.82209663906722
0.82938477492207
0.90620138105361
0.92259630093047
0.91462833785567
0.823690430641
0.81567180546959
0.86480944031625
0.83326870376714
0.83022161203157
0.80704456369735
0.95141997703077
1.0350193271947
0.84577446806225
0.78215635052686
0.81729641937584
0.82634781427701
0.79127608328683
1.1068676109709
1.0861614085094
1.1226097236235
1.1584813339106
0.81515109804499
0.81621467873179
0.84971830908599
0.8146609264642
0.83001491464482
0.86286471976938
0.78457187578539
0.79673447156107
0.7367167141415
0.8318046780614
0.79860278708838
0.78093269406064
0.82778758872318
0.71820093608057
0.8003269497265
0.77716978235685
0.74351918639561
0.76078259009192
0.71040280097008
0.73878633080823
0.71160213832332
0.7586765309908
0.73580408541068
0.77845134545303
0.7936105424132
0.82036018216219
0.83777758832837
0.87448141491114
0.83777110399842
0.79234010780512
0.82340979677915
0.78098370698161
0.81051173635263
0.81968931803535
0.78952632899991
0.84004224102159
0.8701353820093
0.8826549601091
0.8192291631354
0.87306144596388
0.93636403549458
0.95384639544228
0.93470255838486
0.94641014834023
0.98564190456209
0.94728354870578
0.89758908593225
0.91599195455225
0.900835656072
0.94722615449333
0.95388943657019
0.93629590304339
0.90213035124906
0.96664495847942
0.96108990821209
1.0050396848842
0.98563965291466
0.90820938436667
0.87007977242603
0.86783664072824
0.84153492633304
0.87628996648195
0.85674557553423
0.80784001501893
0.80898729336572
0.81409010074111
0.79229614310653
0.72773156945069
0.79230985119031
0.96081357805142
1.0049029520975
1.0169372188007
0.96204965826922
0.97682892458931
0.9729936155023
1.0123501044528
1.0062635460175
1.0271726317884
1.1090800901984
1.028692131526
1.0011284045782
1.0537218959033
1.0244553418253
0.94757636812414
0.96826729017037
0.98558835362484
0.96991632335232
0.99786927165503
1.0239106721542
1.0295648043299
0.9671393967313
1.0837903684546
1.0064420836952
0.96696092374586
0.97564007643804
1.0393784420581
1.0143816946426
1.0434524586399
1.0058891156607
0.99060273673924
0.9602255862411
0.95798524936061
0.8997656659173
0.9453303139025
0.95341155823833
0.90263570526472
1.0161064083945
0.86931720619846
0.83909515521159
0.78292951542278
0.82382797878429
0.78356188041473
0.81917232056507
0.86849261663641
0.8467575725975
0.78425540786627
0.67420324841821
0.69578511527917
0.71462631722808
0.71124709176721
0.66674369302869
0.67363543151273
0.78255358858291
0.76407450760157
0.72053317314405
0.80663011181919
0.75661346236379
0.74167368787453
0.77060341996903
0.91438084293473
0.89697912733032
0.88523714308609
0.83988406783552
0.93037976231686
0.93328781732182
0.83931388515238
0.84511401164853
0.82217886039067
0.81168512523369
0.81468941156225
0.81093557981038
0.7937459731575
0.80446477444912
0.80202715272285
0.79261797023723
0.81943039445485
0.80434453471084
0.82581541900621
0.82685781022779
0.88486269100783
0.90752990847009
0.84417993514858
0.83982621543333
0.82485156732928
0.82928646611368
0.83102453164948
0.80027223864145
0.73691195986588
0.77345963077877
0.79985513149673
0.75231513111403
0.78549739553506
0.81562354884805
0.75285753743621
0.71877272685097
0.77311729521641
0.78721026503653
0.81157811920555
0.79063843000667
0.76545701653502
0.74020028395581
0.74610388715992
0.72107307049786
0.72028728005742
0.78415286981942
0.69937885855062
0.69083788710515
0.69109344020873
0.72043418004507
0.68119955525284
0.71271325074337
0.70927201015725
0.7041828284059
0.65754339332412
0.68330087626076
0.69480848243904
0.71799435298189
0.77932675232682
0.75238533952269
0.70841356513805
0.67042514785517
0.69970152435261
0.62950542900318
0.89338273615473
0.91309867566133
0.9650304360279
0.94863490787094
0.95142514145413
0.97881774058237
1.0110212761341
0.98110646541972
0.99163905018499
0.85406140720215
0.91159983782754
0.92606712100451
0.87701153526027
0.95525314230746
0.95279898865373
0.86085796787417
0.84150248645861
0.85167434127395
0.79911575068507
0.80314249122481
0.79995739633809
0.89342722259335
0.91934660838478
0.87704441890228
0.78851716120288
0.7719461927464
0.79058150667522
0.75740383370754
0.81224789581149
0.77297058069887
0.75580675887171
0.89270399199237
0.96526864418085
1.0107662074123
0.84236356773218
0.74028548631672
0.76814022255298
0.7574030913182
1.0450151090317
1.0936196565562
0.7857117997651
0.7672726647484
0.82731788837639
0.78051657544428
0.84064026203245
0.72936102991462
0.73574155980876
0.71131181552167
0.81493793216439
0.76798027888257
0.74809427100891
0.79005647293637
0.7892894210671
0.717197981203
0.67344673170214
0.76307848810621
0.7657141434147
0.70090850244383
0.72323319242289
0.66547602319601
0.68880573306159
0.66804168007858
0.71461625514417
0.70146328018513
0.75147627911278
0.77699682955821
0.80534683482684
0.80816191121177
0.84307507654185
0.82711130531308
0.8104074644487
0.76910102933305
0.79727250885555
0.7560675240315
0.78027213363402
0.77084105648295
0.80499306713804
0.81039623304381
0.83911136857045
0.86410920843764
0.77434177281838
0.91494324903026
0.89850070303692
0.90134341167374
0.93213689107143
0.91195236926417
0.8853491804033
0.88320937537041
0.88910030500116
0.85550409986117
0.9252897521528
0.94300445843546
0.91228207844145
0.94728676055623
0.88619112562365
0.91218345991306
0.84733230916161
0.82445874679216
0.85622293432081
0.81236065255824
0.83863195905855
0.80643302949004
0.79622786035317
0.73410302434459
0.78499305337389
0.70650325796611
0.73855833942684
0.9571640483019
0.94356814401484
0.94517544114054
0.96538207819395
0.97317795408367
0.9851929666767
1.0165988644977
1.0817247518597
1.0018673546014
0.95721403374585
0.95096599987397
0.89587632706305
0.91098289071437
0.9449810734686
0.92960814038405
0.93516199149476
0.97438391827805
0.99989174508003
1.0264925717474
0.95070106145734
0.93658007758134
0.93749664616782
0.92591971635018
0.93160217165192
1.0105509604713
0.95151523316829
0.99553975749452
0.92018107941998
0.88191208505815
0.91073963331438
0.9448526614951
0.87934481690545
0.86186380770498
0.82280223739288
0.79497384176249
0.72406649365904
0.76542850803118
0.78826858713367
0.7516318424372
0.78566668294126
0.82023949799975
0.75515634809062
0.61970003137355
0.66315446675791
0.68674505870166
0.68827805843662
0.6705125494659
0.63008319817692
0.63086724866326
0.72928584148034
0.72366776773575
0.67501043835271
0.78042065985173
0.71230069513648
0.72669966987513
0.8721474509236
0.83212545299768
0.81602302444853
0.92330698452096
0.80457547470405
0.80510371148174
0.79742084611728
0.78636833271417
0.80786302833519
0.77512929725818
0.77519937155847
0.7846571099208
0.77072520805408
0.78695928568606
0.81597435766234
0.77896656361562
0.80849539994983
0.80179310205899
0.85319086160673
0.83119685687538
0.84191030912639
0.8158889878445
0.81899948304864
0.75556036472357
0.72519193609592
0.69498579670904
0.75891059181737
0.73561667353963
0.73910947529219
0.77158819254224
0.75829662260388
0.70688362871538
0.68728744276196
0.77854371199285
0.76951202762972
0.77194007318124
0.75991506109791
0.74318099038458
0.71598230654162
0.73961927906627
0.70073598350403
0.68847076155692
0.67847203526762
0.76258814001677
0.67732469193853
0.67287507384606
0.66668952868701
0.67963118254667
0.6508352422019
0.66386010338599
0.73255099082168
0.66630789497074
0.6153004495632
0.64323573332546
0.66313579014426
0.67106021785837
0.67948707281017
0.75920283990701
0.7418790011968
0.72856120004676
0.68609407218195
0.65291724648954
0.63109275594652
0.86352358987707
0.88510919617981
0.93306116208127
0.98147914659821
1.0243988873966
1.0012140347148
0.84314805230814
0.82356531050477
0.87544030795083
0.8997777289815
0.83042986696334
0.87152952602461
0.9390530997544
0.83707723730778
0.80634635949973
0.83524464903547
0.86447925046836
0.82235143783001
0.7469380883934
0.76166113084125
0.76905746645629
0.89026017482684
0.77058484244009
0.74770887316753
0.74575632360288
0.74966174913861
0.73320166486604
0.8134279433502
0.76042180508159
0.7269240864475
0.75066673562184
0.89870683093449
1.0113001156924
0.72037043904568
0.71974791479577
0.74525669951538
0.69611981735064
1.0337277734421
0.74634941515782
0.77468359435437
0.76278062804436
0.70322171976878
0.70835650640919
0.6634865307482
0.76502835157961
0.7344653766146
0.73835621656878
0.71437323603437
0.76575063336561
0.76396468863743
0.67631763759116
0.64832018229559
0.7305158515049
0.72763303576497
0.66308195331729
0.69293970686969
0.69662777507539
0.7215339897146
0.62860061252301
0.67845305589383
0.66608116397336
0.63153856930773
0.69498584277874
0.66530201955889
0.74359038423196
0.71970790223017
0.75538350375494
0.77758075258864
0.80547678119141
0.80812142264461
0.79089661342264
0.78240915984401
0.77581736125819
0.74933759221026
0.75688758230162
0.75657793477824
0.78036991639284
0.78214709299925
0.85588719091921
0.76618316744635
0.89725619192024
0.87253806633023
0.8862270440388
0.86882142975577
0.90335997170458
0.93311718271506
0.84172513797216
0.87225941945119
0.86218694964572
0.83436736292024
0.90800910737645
0.90517835156173
0.88491868959269
0.91469855456471
0.86607798380482
0.88101961714103
0.82371780938378
0.81378832738153
0.77988974708138
0.81405451716524
0.7469724411248
0.70532658028
0.73177106671667
0.70782811293356
0.66288527329823
0.92518443631528
0.908073766867
0.90191655571121
0.95525971007264
0.96908920911957
0.90422239135245
0.9086179220037
0.87981290633656
0.85113413531707
0.8877225576556
0.86118954348496
0.9358520994458
0.93825082328915
0.99779266706617
0.91111738052991
0.93623331300422
0.89501136151239
0.91556157502947
0.88680897623683
0.896736825877
0.94745607454941
0.92284329456339
0.89175551559001
0.83470674895507
0.90665615495323
0.8226312669125
0.79402754640875
0.7956673722743
0.8066627284825
0.7632770742492
0.68574231160331
0.72276580720955
0.73794297764033
0.75354663492741
0.73505352219588
0.70936319140183
0.78171998205784
0.76593179833004
0.72269657694385
0.62242332372064
0.61147161874421
0.65508042594131
0.63438966924563
0.64767344525855
0.64752698875538
0.66646923891588
0.67478013172574
0.65344667371918
0.63232499155322
0.61823551237315
0.70379207973916
0.67340924456397
0.70354493783156
0.84075270425984
0.87608002429651
0.80440648373285
0.78409890129185
0.80344052100039
0.88866613960933
0.78158237324585
0.77675838573314
0.77217155662013
0.76696731036393
0.77451897438468
0.76175402431644
0.7650206674846
0.76427948272733
0.77015794012602
0.78352768423613
0.75014717031417
0.78458016764655
0.83450006664201
0.83317337533104
0.8230303996278
0.80430459505415
0.82151573733196
0.80664590735795
0.78153419947841
0.80230617643239
0.78601233721608
0.70195010382308
0.68083052292494
0.66767692202752
0.7043631727624
0.71432503524902
0.71617165728217
0.75310732757523
0.7005030286039
0.67200654084671
0.65333811945382
0.7401975092855
0.74255346242724
0.70514733950242
0.71695380459403
0.73373742169472
0.70477261608136
0.72948050526982
0.72141857868669
0.66999136398213
0.67319505003305
0.65294330217125
0.64678892420361
0.63206564031698
0.61263238660931
0.6572365113917
0.66124813494396
0.64309936614719
0.61410980356386
0.67486863802251
0.70058020429923
0.61420955303421
0.58661904722772
0.59408171336926
0.62375148533276
0.6271909179566
0.66597503440949
0.71382547885244
0.69553838464413
0.68876840747485
0.58591604379366
0.86190516664301
0.84679548022695
0.88015989252267
0.906389050622
0.94948204969975
0.79651777421392
0.784483741728
0.84515107054101
0.87876120838985
0.86652562700949
0.78261810530656
0.80268310982263
0.89329608164289
0.89405735589208
0.77485862857629
0.79076055410992
0.83874801200871
0.8585817349467
0.80970370717788
0.74522363900658
0.75613035643892
0.73427327553732
0.73922290385921
0.87326163056996
0.73185369496979
0.71772249153971
0.73171526023313
0.71760892761191
0.73948094265169
0.72561298709352
0.70255441152082
0.69757676255783
0.69951136985611
0.94865736359318
0.66744076722488
0.68876589245189
0.69160782437928
0.66640411524492
0.71303465484706
0.75894812974452
0.73753929369059
0.66224125958448
0.66163506382345
0.62337946422952
0.76442900734472
0.69999683476019
0.75856721512848
0.71261612491409
0.68478425632134
0.75090415105769
0.73025340281027
0.736500033169
0.6568173738239
0.61752201270025
0.62397400214943
0.70368242395503
0.63969325918525
0.65911747648282
0.68313454844043
0.67220785261445
0.69951671883162
0.70765415559244
0.71689660888029
0.65335874789157
0.6274546609207
0.66374681739802
0.64782792286203
0.71318506588733
0.72659167021091
0.76354161757071
0.78997314784467
0.78723860857774
0.75815395844573
0.72033248701406
0.72703360225282
0.75166563426263
0.77169901486688
0.75372175735008
0.8340369947324
0.75077709794263
0.72406827650613
0.86111193483152
0.82136067474033
0.83802203887199
0.82758766087186
0.86403099699353
0.909551700594
0.84189352505602
0.86325448159871
0.84194721775349
0.81352886982862
0.81726471459063
0.88284531469413
0.84255008222478
0.79530631431062
0.78559818993801
0.74720572717869
0.79883002500396
0.72626497717029
0.6662936690019
0.68925422298579
0.66742362541603
0.62196841057244
0.87366786883521
0.88114094462649
0.87853210571563
0.88587113398344
0.90844639197078
0.88094678895361
0.85947886706809
0.82499253288152
0.79397235479068
0.86047132898351
0.86539928792298
0.8175629458319
0.86638932911081
0.88969518811665
0.94526279858064
0.89061227254481
0.88913724979791
0.87086370004526
0.85706750016012
0.86214477358072
0.92021249449785
0.86280742379523
0.87754653425452
0.79989034283566
0.85663742349508
0.78932885241159
0.79912103711203
0.7650205051132
0.80615866297241
0.7644067031834
0.68060159695351
0.70357885490552
0.70905698653654
0.72290447042578
0.71361147884546
0.68892688294857
0.72781721990364
0.66563086066647
0.76995531395282
0.74853460443804
0.75430599186223
0.71258909772879
0.58841872796017
0.58381317535199
0.59656648667147
0.66060298731105
0.6391945927991
0.61184403869726
0.62428052302072
0.65314530780992
0.62440317672231
0.64299890913095
0.66229891647276
0.66859095087421
0.62137664818661
0.65020651534489
0.61279537194416
0.58176801411912
0.66737954462154
0.82056072417492
0.84034768831064
0.8110492517694
0.77401203912038
0.76027697892905
0.77152532867432
0.7510755158408
0.75767749381489
0.74981841298985
0.74892505253395
0.75710043278385
0.7246064218534
0.73531883874541
0.74778050921294
0.7406264005776
0.75275581808064
0.80347035908929
0.81839692822712
0.77916054266045
0.76876713239106
0.78116614241093
0.8335255353246
0.77914558239802
0.75405895388424
0.77149861992609
0.76201459798653
0.66727322338234
0.64484112409529
0.62528250261594
0.66203157899627
0.69790591121041
0.70580042995388
0.72224272142116
0.67708243069541
0.64179964062789
0.60650258249825
0.64222253796265
0.71291176079224
0.6907202539705
0.71109254596879
0.71195110151392
0.66732414161681
0.70211635964198
0.65994895507709
0.653052545907
0.63728698991337
0.61240471901524
0.61356807708357
0.58866758013631
0.61768260290946
0.61721446529609
0.60092405108745
0.57553985119451
0.64815375563489
0.65649252933757
0.58267987352937
0.55735387712986
0.58154410505304
0.56995346356828
0.57572437735661
0.59727182486351
0.61993271083589
0.59232915184786
0.64944429811938
0.68925186125573
0.66020983842873
0.85798701071502
0.83546935743626
0.85625797082967
0.79593679324274
0.77056625439173
0.8426235171497
0.8056320832695
0.85013631905473
0.73651568372424
0.76655147503969
0.77993650816763
0.78206140604515
0.80248215862583
0.73491434927925
0.71268424718267
0.71540516134311
0.69464011535592
0.70216436042909
0.73333888135618
0.6918462783508
0.69867138070239
0.68043931341928
0.6624680301922
0.65598242633392
0.71430076398833
0.68794024267715
0.65380408288937
0.66323177795826
0.69023230754052
0.66965838416188
0.65620845813491
0.63964433297101
0.6721491592937
0.67571930600823
0.65516947199104
0.67840938171998
0.73736672246564
0.70873838511494
0.62314956743511
0.61687579983881
0.60006860041032
0.72780864020476
0.66733320585175
0.7264767319277
0.70644735330704
0.68717251814525
0.71893866523832
0.70312204978163
0.64960858621057
0.62037553920488
0.57503154617825
0.59921528896715
0.63060318885863
0.58868816227074
0.66548744625995
0.60192788394062
0.6269704572309
0.64692129271873
0.62934395009562
0.68694213237893
0.69767919250763
0.61952616586261
0.58303336800232
0.64007768416566
0.66868694124698
0.61430377649014
0.69511098924533
0.70223898020151
0.69947691649035
0.74204334761249
0.75641149311235
0.76851682381666
0.76611675780451
0.73798191061244
0.71894987514421
0.7199032845934
0.73199878654915
0.73735906240303
0.71742665557151
0.70185526913336
0.82179693610293
0.8074787996064
0.82518876714681
0.78774067362698
0.82176531580902
0.87008976545459
0.82695514596518
0.83727309493487
0.82976239314769
0.77607310190301
0.78284660666638
0.7880380324845
0.77981207929838
0.76342203200345
0.71623469320433
0.76860404819248
0.7109140752196
0.62460656138568
0.686327533425
0.62435344463487
0.60109075812382
0.85044641615102
0.84492662003363
0.83585195656667
0.84279622827302
0.84551375076968
0.86187465891019
0.80054225413061
0.78845451998684
0.77615245122273
0.80715355111095
0.82759503210761
0.78124014240768
0.82458311094483
0.87766555558501
0.85130759549514
0.85940288568278
0.82049457735604
0.83408044253439
0.80608805397024
0.82764565540819
0.86124904321638
0.82282734663517
0.84792144201765
0.77703540906743
0.73235453329926
0.74824575002155
0.77103978798069
0.74555106817635
0.64716611666862
0.65876862222743
0.67653933424523
0.68877994447792
0.67856067443959
0.66167669625846
0.68808649011878
0.64182120087242
0.73263148565855
0.72328070105781
0.70079392464985
0.6647993027318
0.58314956756138
0.57656626733849
0.63103720963643
0.62169904256066
0.58432275305618
0.5999152581275
0.63200274947731
0.67063851726187
0.62687628255897
0.61489586576849
0.62465083025099
0.63439720160007
0.5794317394467
0.61486843855359
0.58266655415437
0.56328829846744
0.62341957534843
0.80350560804263
0.80023492556894
0.83468002414165
0.75636839466104
0.77378306348105
0.74084636111604
0.72948719288252
0.73737527118267
0.73132709567933
0.7291803544309
0.71137704304034
0.71054517697427
0.76977165810459
0.77486147112568
0.76379051475403
0.76072583726315
0.77677273777914
0.80334201454675
0.75417030122765
0.76619060589231
0.72418593885301
0.74321028650671
0.62966278330241
0.63864944629849
0.61536706712488
0.59617472884337
0.67812378290367
0.6725023811481
0.67638916483015
0.64480737784684
0.65439986874866
0.59663855531136
0.58677923866049
0.63747582077752
0.68603030580655
0.65792842878406
0.69751725084883
0.70068622008308
0.67329758316811
0.65205859693757
0.65334494029636
0.63285217186708
0.6236857037921
0.60284982940602
0.57997974972503
0.5715478879437
0.57719293522167
0.59511453502478
0.57162639123105
0.63260930612018
0.57010932577219
0.56498960546911
0.52388270948938
0.55947203913512
0.53715141152164
0.57343410928388
0.54025567098874
0.58969641073772
0.8024882337127
0.80458385149368
0.82273398198089
0.76573770704757
0.77541181868171
0.72641820197456
0.79399508177301
0.78704778124355
0.70607585012305
0.75160047303556
0.77986599511845
0.78843165718309
0.70369008885211
0.69308601306519
0.7028131444994
0.7345043571608
0.6901503739192
0.65961451944067
0.67511022198756
0.70382870271408
0.6670057533167
0.64692947257559
0.62345661158837
0.6786066584488
0.69204423594585
0.64432241343394
0.63929113794893
0.63422104363377
0.63224616662988
0.62502303704938
0.64952333635095
0.68222790413264
0.62991599773459
0.61306993895912
0.61183286400767
0.62594937461087
0.64785444688166
0.60077076425554
0.6674825833092
0.65370046872256
0.70347269086841
0.69407928976128
0.59972881052978
0.56762937146274
0.67236944338402
0.6321883694654
0.73015510871222
0.69446788201607
0.6757060055699
0.66678301350638
0.72564799539074
0.6918376498918
0.60858442345658
0.59174135726096
0.56451895559402
0.56054920421033
0.6004988721505
0.58552005071717
0.56621466821289
0.63062531817028
0.59715249970474
0.58478576917237
0.62362700142051
0.66312173517242
0.68597377446606
0.70758213559731
0.61029123228738
0.58647328980285
0.57055312041624
0.61149561667713
0.63623486143105
0.64534821376517
0.67147895701907
0.58581933683823
0.59014213902495
0.67959718507757
0.71799267659619
0.72834328876007
0.75902641673799
0.6962448783368
0.70265655684242
0.70867511342937
0.7346523467511
0.70991341676384
0.69344075071759
0.6834265724877
0.81122379317261
0.80627118866288
0.77638658138686
0.79190708252802
0.76069216837342
0.81273057589803
0.79903603082887
0.76489583869948
0.77864850805324
0.7591476827632
0.74820480972245
0.72945296142422
0.75780207337747
0.74671508440775
0.68257990068502
0.71042545331382
0.60467819685851
0.63090752843673
0.59263877956255
0.57037575745357
0.82470878051577
0.81425737580447
0.79978544060061
0.81512695752625
0.79526596949062
0.81150574272911
0.77971342223364
0.74437314430193
0.77117772327948
0.71521254017429
0.80182337558429
0.81309440149351
0.78362948956317
0.72030116939798
0.78318378057819
0.79557902355021
0.78858129177
0.78190444403744
0.79146572197116
0.82230620090631
0.78905953480306
0.8158537058056
0.72128515741764
0.78925374546841
0.71785005052331
0.75579649096785
0.72589974078352
0.72439787097323
0.62243202954246
0.61275945364936
0.66316784251746
0.66712792597404
0.68245349180471
0.66967061255761
0.66017025485976
0.65034475074303
0.64102032739012
0.67127185412282
0.61146949244235
0.73275927793641
0.69308281348465
0.68830195814775
0.67083710398918
0.68806980768755
0.65921260333948
0.55220192824009
0.55284314932369
0.56262573615508
0.62469107638357
0.60764715128556
0.55947577206733
0.58101190826551
0.60266336719644
0.60437043908919
0.64356770811963
0.59362054036913
0.60091030175629
0.61396552751839
0.58049187463818
0.56839222474035
0.57916642652193
0.5414364890531
0.76418890845093
0.79497471803233
0.73718204320094
0.7426911869482
0.73830952339967
0.71171929285666
0.69874640149435
0.70340796556116
0.70377858865445
0.74979047958113
0.76627502498854
0.7545799817628
0.74004993886305
0.73878390398455
0.74493121931146
0.75806517296743
0.75734596288069
0.78946071426949
0.72326952639952
0.70248848285763
0.71529429330687
0.59131562521075
0.58131787398116
0.57135952506451
0.65104054044991
0.64923874674952
0.61288296831496
0.61958002707491
0.57113120865204
0.57639482592845
0.60162554819326
0.67746131723167
0.64399793202368
0.66609946172662
0.681027624412
0.66111685077311
0.65113537242615
0.63166456322441
0.62391087586443
0.59080571531242
0.6184471565388
0.58177192914532
0.58366703973484
0.53766330542929
0.54770131745004
0.59345090600871
0.60392695610681
0.64253754441436
0.54016444825842
0.52662840082625
0.50620429864584
0.49811749612008
0.51171806109253
0.52979465383387
0.56203986659476
0.54496222683753
0.5178789052016
0.56983373104798
0.79610630428974
0.73326485349255
0.73438415701229
0.70160730864772
0.77995502821103
0.73646904759004
0.66317150384947
0.75619623673446
0.71844889810752
0.76439099275034
0.6810536422675
0.65750852961991
0.6804233409532
0.6947867203791
0.67238958230774
0.64951992629986
0.62507979582759
0.64393317536534
0.68729052079796
0.62062653902203
0.61300337394528
0.5931555799183
0.62865284163237
0.64428580905908
0.61866371646557
0.60988240204688
0.60167729427887
0.61177044130441
0.61635416980669
0.62010923167572
0.63910503151359
0.59576909018552
0.58173857392035
0.58784427755135
0.60602357703594
0.63511619251253
0.62085052921968
0.56744046724131
0.53600354960048
0.64176492544752
0.60330030240076
0.70347185620152
0.65134188122791
0.64256461467035
0.6365570459594
0.69476431495646
0.68154571460112
0.60241352202901
0.58811809459319
0.56548208752236
0.5347237455654
0.55957049844208
0.54418077647061
0.56692755708179
0.54042884461258
0.57467491299189
0.56664224107972
0.54884915709238
0.59085865253008
0.61298776667266
0.64612154075855
0.6463257312867
0.65630320346976
0.57714529932117
0.540172924294
0.59275547072139
0.61051014382501
0.65665302465672
0.62402649812325
0.63876783567524
0.57105872061758
0.59141911382382
0.71455931674688
0.72273064946949
0.70645251384925
0.67132224698843
0.6721404825703
0.68047084975
0.70146457953046
0.69320159393044
0.68006308043795
0.6603780028539
0.78130050903937
0.76557611571813
0.75166078318926
0.74916246176889
0.77526223599007
0.72766109730285
0.75953783689485
0.75721273196723
0.71747659730851
0.73191891538533
0.71581302501424
0.71996040874293
0.64311199060654
0.68115790813007
0.57013814295922
0.55492396896249
0.53989379603621
0.77433209895323
0.78276019609978
0.76114075954553
0.78174749000709
0.76189126278282
0.72071532834496
0.71073555714753
0.77688377936651
0.76580415357801
0.73220717234476
0.70083716328431
0.79218646087815
0.76942355731876
0.76022262733952
0.66817173507817
0.72164733844604
0.74212740135978
0.73987618720134
0.7576286023773
0.74681520220744
0.78701620476849
0.72824500803285
0.73989993097972
0.72450457854841
0.73864290306507
0.6863692451194
0.68551587849994
0.71903199014441
0.61757242567467
0.59780671826189
0.64536693579369
0.65079459825892
0.626520385828
0.67338703383842
0.66519912946207
0.65443000454618
0.62606515903431
0.61167016255874
0.59991573898462
0.57207226865301
0.70009355448463
0.67701098346298
0.67053046769154
0.66319935252144
0.6531748182564
0.65401187165647
0.66671097642548
0.61552126079412
0.53475847457756
0.54418745557543
0.59259844213789
0.62875357350565
0.57414496753233
0.53593353734167
0.55990515478201
0.55880275094892
0.57776520946229
0.59229886708865
0.56912704155697
0.57233156777934
0.56143545120488
0.54101377135414
0.55229346322002
0.56475450069206
0.51397515483554
0.73151877606198
0.71321547560109
0.70881654538866
0.6966952152171
0.67195483497836
0.69779576772034
0.68161307141383
0.6857087138997
0.73315684821884
0.73283909264964
0.74452600328012
0.73389887230111
0.71586762872177
0.72252364124617
0.72734952743818
0.74315606885823
0.69181203008322
0.6707741768923
0.69739726114137
0.7053538640187
0.56529503651461
0.58144439060293
0.56262741737518
0.62320010155814
0.61415990668568
0.58456576443578
0.59518563373196
0.55047196488909
0.55153907436462
0.59294379569038
0.63281103090656
0.6610403554594
0.61704880621483
0.60321504933012
0.63938547035488
0.61461857972843
0.57023707467989
0.58110424811213
0.5645480139658
0.54568635413612
0.53115537883555
0.51788878800572
0.54908041171002
0.57278821601097
0.60201212741173
0.62666669239312
0.5178109144598
0.53604175019897
0.48568792275512
0.49856972451688
0.47599411007371
0.47838911467004
0.49348513870857
0.51729445806617
0.53104621039594
0.52098350055251
0.49422522924015
0.7049938931818
0.73818126650417
0.71858475032061
0.71353216485731
0.66455879612983
0.69191268184357
0.62169648388404
0.73287887505793
0.69701377604903
0.72607822566327
0.65026397431753
0.62231011386979
0.6400095098896
0.69728233592155
0.63888901882931
0.67757960363192
0.63176053111504
0.61314205847203
0.62317482191462
0.626009994872
0.64571464299523
0.57684145185206
0.56876641639588
0.54923009372273
0.6150619984744
0.62129919774882
0.59180058929565
0.59994203876583
0.58148598546266
0.60342558717858
0.5650035851811
0.57301006262329
0.6059847542915
0.57967461050342
0.60068249493523
0.56959135309262
0.55749815752983
0.56194416233443
0.587891878801
0.6118454844473
0.6047123870404
0.53754064714032
0.51382415540132
0.61255635460531
0.59072947610959
0.68317035562015
0.62984281776459
0.62133384732254
0.64461607917923
0.67615072053895
0.59299469331746
0.56127429578381
0.56185807417756
0.54165250947458
0.52236108339364
0.51341675178667
0.53109834801676
0.52445968788528
0.53528011360848
0.53863027743949
0.52384903432153
0.58065060454434
0.62622266879555
0.62567801520951
0.64627531503818
0.55415218912811
0.51437177743174
0.57494317078984
0.60350138932093
0.59489368001624
0.64560485244428
0.62220210647933
0.61766859653874
0.5488045155405
0.56857580756107
0.59861210749191
0.69001689253767
0.6976996319771
0.70158518241333
0.65416652601907
0.66917445214789
0.69063057875092
0.67659236951482
0.67318029781767
0.65299994252352
0.74053068703862
0.75476400598309
0.70898332034761
0.70369598101003
0.74051672158361
0.72856203225798
0.69848561830572
0.70349380484995
0.69324707620795
0.69294593467564
0.62879924113311
0.65983022098157
0.57293666976919
0.54110764731339
0.53370258309569
0.52114979267613
0.74959757134455
0.73879585516025
0.74316857998834
0.73107348425257
0.67661302006989
0.7257677494007
0.68667970723358
0.72189838902134
0.69222043232826
0.65922168688758
0.66902267456335
0.7339700533318
0.72731379619698
0.72606971085651
0.67047467082133
0.66438260830057
0.71671531225017
0.69363014578326
0.72257842132147
0.71098130782611
0.72731457912348
0.69195616565967
0.69314139293547
0.69014012273258
0.70372283388415
0.67061066809976
0.67572472184819
0.57306635687588
0.57109190471434
0.60837988206051
0.62330425544999
0.60925583482286
0.64041322442299
0.65790760322872
0.63945953033026
0.62443460968728
0.6032531520129
0.57733530260517
0.57891177624506
0.56810098294378
0.66799374064223
0.6542858821845
0.64979490364143
0.61436320515828
0.61640692852192
0.62528022699594
0.59817420307171
0.51567182813364
0.53817997894041
0.5219639975556
0.5778583819939
0.57363735611531
0.60629432646952
0.52552608960765
0.51197212639306
0.54243924632429
0.55824471384743
0.53591305164787
0.57442375522114
0.54715579593244
0.54627334691414
0.54006389328385
0.53339230765166
0.51122977151868
0.69216557403972
0.67297609775532
0.65895496610941
0.66342150593575
0.70670865254041
0.70072150582306
0.7222226518053
0.71519024345813
0.72308375709985
0.71278048903268
0.69878344200166
0.69241836875488
0.706234443487
0.71094965529733
0.71604449802878
0.66933132605496
0.67056260317909
0.64608532322059
0.68991059133471
0.56608373590171
0.55615223830603
0.56478696500618
0.56473483269782
0.57556343713494
0.5303719067996
0.51424337181017
0.58475971093207
0.60149919121829
0.63981094167187
0.66247049694389
0.60980205815323
0.62078383277346
0.60121871410463
0.58452608011522
0.61761383689719
0.58876937813062
0.54099800690051
0.56236171254207
0.572420174228
0.5791550869417
0.53765986769607
0.5444312131216
0.52272223617194
0.50157518964669
0.4967407880568
0.50429724474233
0.5773533418552
0.58426864225021
0.49180700313269
0.50963562411828
0.47824052461454
0.47370604677154
0.4791081243942
0.46649218087668
0.45259536431419
0.47299201568483
0.45539975161202
0.4925052075855
0.50403711939244
0.49849656068313
0.48709842106223
0.68483281697496
0.6829477338957
0.71910472463307
0.69820165007579
0.66094614395611
0.63667703270253
0.64687055082563
0.60921426861369
0.69587321560409
0.71897569570332
0.6273204280248
0.61151429721271
0.62806588067824
0.69563054966982
0.63850740021849
0.61404757388202
0.67947747141069
0.64903305996931
0.5850629841843
0.57249995023988
0.60967507822047
0.5989450356312
0.604480325813
0.61383005596122
0.63368792289701
0.56411417620513
0.55893721479585
0.54448119728237
0.54869278771642
0.58164347457998
0.57325312430897
0.59994157690484
0.55062565028769
0.57436884873171
0.55698170817412
0.55248355476733
0.55472147408204
0.56334067531413
0.57459047159186
0.57579406822954
0.53675701416079
0.53735698103279
0.54471172992044
0.51476736439522
0.5512180343891
0.6535986535241
0.6176694605388
0.63683897041553
0.65094238808631
0.56388641041925
0.54636332798932
0.54212015548083
0.53223365590549
0.52334496745717
0.5190940859824
0.50302095541449
0.50297270387107
0.50795668059477
0.51371644641677
0.52886480379252
0.51513812171943
0.50803910014681
0.52362531109045
0.51293953422887
0.56663510425422
0.59077370136819
0.62922728498015
0.59920204785032
0.62953437360159
0.50421075107778
0.54739924703348
0.57943357110501
0.58750552050094
0.60426840601126
0.62481112466706
0.61248686176065
0.54252026293024
0.53689502217828
0.54878356887671
0.57219040811225
0.55280434259293
0.66290400236822
0.68311978286168
0.63240138747469
0.64548635241801
0.66587482736265
0.65637845919045
0.64096214516843
0.72043087696752
0.72193023923672
0.68795636724307
0.67115935181798
0.6956177334081
0.69180859000544
0.6585804798893
0.65910159396352
0.60548501832453
0.63730594028645
0.5516110654512
0.52152381435223
0.51076251906183
0.51519731749065
0.71831489448374
0.71381611752633
0.72256302762198
0.72397485668142
0.69380077321684
0.65830589617563
0.65788507017762
0.71169516673114
0.69386986299874
0.62838480302087
0.63871301813469
0.69743040915516
0.67227535455441
0.66711662441824
0.61360873156728
0.66325138020477
0.68747047052574
0.67786847295678
0.69046810981936
0.65652475270116
0.68577330389448
0.67637585671174
0.69366769154033
0.6548046558295
0.5850456099273
0.54318194336848
0.56570108585534
0.59722164773171
0.59581030875888
0.61899976760712
0.61427250694978
0.63272203526846
0.5825265386119
0.57384486015961
0.54584506703477
0.61800361126242
0.62014278190038
0.62320265337117
0.58244160486527
0.59060440467519
0.61441704453154
0.59874891143214
0.57138789494513
0.49077148839595
0.51343332349027
0.56026711012073
0.57556429537339
0.60070878535344
0.50590774303269
0.49300821293173
0.51629347396253
0.53025608916549
0.52445255428381
0.53082973926404
0.54970003607566
0.52637337566977
0.52540067930268
0.51403261821809
0.51728389877441
0.48975993011622
0.67456800453759
0.64444592705598
0.64311178872351
0.67119536352071
0.70173486940544
0.69782181319651
0.71115102608267
0.70401586377239
0.69321427650918
0.68682615436465
0.67000123868201
0.66782604316557
0.64953713291691
0.67073847473467
0.62226854331221
0.62428020678017
0.52642022631891
0.56018743165282
0.51753086188145
0.53744891286787
0.53315897392283
0.54261008860753
0.52013531204936
0.50613548503965
0.49840005754729
0.50184655448484
0.54959665798368
0.60085834207087
0.61667488243478
0.63111317222198
0.58185085782222
0.607829980535
0.59447259703868
0.57873038728371
0.59624109732246
0.56283882067668
0.56414577747264
0.61299123049929
0.519382650023
0.53245159854054
0.53084059287629
0.54927966630572
0.56321921152344
0.55748394019627
0.51875475664283
0.52119455158668
0.52846294526241
0.50233754658804
0.48105057116538
0.47060862746465
0.47607157973055
0.54717903569752
0.5641377505122
0.49236649070094
0.4732475704483
0.44171267187653
0.4482801907341
0.43179695168979
0.42466412137941
0.43963264193509
0.43007025222686
0.46458422596532
0.48563505521786
0.47622031483749
0.47760818320321
0.45921659833755
0.64913426257085
0.68779903893479
0.64294201390543
0.64295536812087
0.61953829529492
0.61072049860231
0.61449171290737
0.57910717083864
0.68362786831996
0.592011240919
0.57733136337677
0.6625441227524
0.61146818641893
0.58331543935558
0.62051673419452
0.65944876951325
0.65017935399455
0.55567936796519
0.571057768988
0.57469350846249
0.57465456712587
0.57887039772775
0.54114803613351
0.53635664556244
0.53364383073506
0.5258437436351
0.55730960942321
0.55817703162984
0.57118934201077
0.52980245415297
0.55896894462427
0.53490981530374
0.52576386020164
0.54096224726416
0.5345136238514
0.53676493414644
0.52903092279293
0.52987723667264
0.56698836407261
0.55630336420093
0.51548344139067
0.50978923967482
0.51874576661454
0.48661017911561
0.64230565188446
0.57730505099323
0.61165897275891
0.6417753018975
0.55798678514689
0.53212969308158
0.51920706003468
0.52104783919384
0.51944465527787
0.50318149694806
0.48401202125115
0.50487788699799
0.4853792594073
0.48887739530118
0.48641121855018
0.49836252655393
0.54276950367109
0.51038150313845
0.50697464529588
0.49267998522118
0.51775081881765
0.49879207984821
0.49864111997464
0.57075273879743
0.58878893622856
0.60342178652838
0.48938622034211
0.5353363941741
0.54552696092753
0.55819730297163
0.5912740153231
0.56763370356345
0.59993799092258
0.5929257916689
0.52625771671393
0.51405011425206
0.51082510760511
0.53664125677659
0.53176987190297
0.57603329798306
0.54764551731665
0.66610183817702
0.60402137661888
0.62968427227459
0.64563020984551
0.6262059890962
0.62084261530056
0.69826992699197
0.68481117305274
0.66145122655274
0.64806394035601
0.6649562868781
0.66111315577802
0.64866438502667
0.58199320183846
0.52836267098272
0.54047244330501
0.48524019871675
0.51417380051129
0.48541067149626
0.68258420294386
0.67952642523729
0.6884804239134
0.69038357881966
0.67191429367375
0.61116407646853
0.61828179063803
0.67387685385865
0.60605992809864
0.61044410656312
0.67845128476588
0.62247927768273
0.62880299198378
0.5984433116139
0.62416616171914
0.65785985376132
0.6538951505043
0.65674829735653
0.616319231459
0.6664988975449
0.64667685875144
0.66042091587399
0.63692903798688
0.56841505416842
0.55472464196645
0.51603029465637
0.53905293770413
0.5857708147923
0.58891733387504
0.60115048746309
0.55059086293102
0.53882020880389
0.51245662570295
0.59986451797287
0.60428312251293
0.6018576766783
0.5749991778171
0.57708843715498
0.57898597200354
0.57412619753483
0.54700380811936
0.49337118572407
0.53595740113191
0.56115399467655
0.59543675453733
0.49803125869489
0.48133864368245
0.48063648378141
0.51078397200415
0.51301117228327
0.5105364746783
0.50584463562884
0.49690772898965
0.50449250565629
0.47447271002617
0.49150917133335
0.65048384069916
0.65292895335885
0.66936660613029
0.67951074822793
0.67402242106542
0.67574324591756
0.66932172861339
0.66788612652268
0.65568259103925
0.64954736916297
0.62872525230973
0.64731163244491
0.60693585677158
0.60094575757914
0.50907615852992
0.52249917533428
0.51036431343938
0.49942643508673
0.51073125538004
0.48355062634602
0.48721782320562
0.49079729619842
0.5244575435239
0.57577393723322
0.59445284725309
0.61299217609101
0.55906133880495
0.58050471282112
0.5732105769126
0.62235554429597
0.56411720073649
0.59460592784544
0.53838442833642
0.53922048164643
0.61299319737955
0.49630480724867
0.49744513627826
0.51624731832874
0.53708451024596
0.53499136141638
0.50288662565622
0.50512864253571
0.49332821772019
0.47271250701226
0.4680425160707
0.45212599064882
0.46675059265248
0.4601119495452
0.47024974804614
0.53900850298572
0.47935122579248
0.44218267887582
0.4206684520504
0.44744200734324
0.42527299762741
0.4213344097342
0.41573820393927
0.4054737733783
0.42352272888233
0.43380431371019
0.40661821877015
0.45634833264121
0.46012254758837
0.48111322058786
0.45969532415511
0.62497597442817
0.64318949867671
0.62568615780683
0.58032695888395
0.58512730801944
0.5474231210308
0.65876155113931
0.56799935936122
0.58942641104615
0.56288051751228
0.65337691070216
0.61463523533632
0.5946715219348
0.54577411684142
0.5811402707667
0.61890296125742
0.60497465965583
0.63311119246816
0.63965894867233
0.53944171647433
0.56029246700459
0.56341474472592
0.56264294846591
0.50850985994535
0.50820377761639
0.53698034885947
0.50727569340217
0.52470994637384
0.53684693133647
0.51443346849231
0.50066550594242
0.54157756905635
0.51615824146155
0.52729187408382
0.51177842506187
0.51251296520602
0.50743144707867
0.50367551151326
0.49488117078317
0.54328508649869
0.49141708629578
0.49187915462427
0.49435027393828
0.47547171399468
0.61530114823544
0.57911343425587
0.5912541900458
0.62306177114009
0.62001281014707
0.5255770980085
0.54028035084865
0.49027575708027
0.49216801730839
0.51942953714871
0.48245744810349
0.48444836368804
0.48684854950094
0.48461788185214
0.45722527473644
0.47916755039166
0.46301419067866
0.47268035589503
0.46659100427232
0.52041496913558
0.48093101548771
0.49444101622242
0.48650388346774
0.47393523468387
0.45834276256356
0.48704586825112
0.47985038229982
0.50500932836216
0.4877309512689
0.5523937388707
0.56444731281056
0.45976065868544
0.5303207333964
0.51656941198338
0.53332287208685
0.56548581677634
0.5566658960341
0.58645695803594
0.60231877719798
0.50096029866853
0.49180333919833
0.49432544680351
0.50389596800983
0.51000741534958
0.55671329162236
0.55698178934876
0.51001005303511
0.6333051820823
0.61008089684457
0.63858229627396
0.67148817228929
0.66707527547172
0.62279056811578
0.62322401641839
0.64025371051476
0.64577115239038
0.62147794539334
0.57305454910562
0.51076125173012
0.46558299420453
0.48857128175591
0.46098233552058
0.66274985106273
0.65824070643058
0.66131731580591
0.62901811016539
0.57924692244497
0.62271042681424
0.58447609169872
0.64706752180785
0.57073080018029
0.58974132544592
0.63337926634458
0.61025663128317
0.61757098455278
0.56897038250632
0.59029280789805
0.60741642376063
0.57912893619159
0.63591879432879
0.63026643452508
0.64221169887743
0.60498414256973
0.54844801486737
0.53436712064891
0.48785417827206
0.51655670919544
0.57128095917566
0.58538873629769
0.53533991711307
0.5167618771603
0.57471979697279
0.58057749377504
0.61563075224294
0.53724754530471
0.54717100936929
0.56959435527266
0.53785105773988
0.53386712168921
0.53788109336289
0.5164586706949
0.56653506085921
0.47269311034777
0.48875981900819
0.46491702437878
0.45561719936555
0.49317987445033
0.49132563329661
0.49237491169659
0.50027808508383
0.49907392029307
0.48404889034971
0.49118113599879
0.48511693927394
0.46867540702711
0.45878247403957
0.48232213523393
0.65719500486793
0.63254646788807
0.66289894430092
0.66116630025413
0.63327403012815
0.62796341842882
0.60642706501957
0.62326061168341
0.58271759545499
0.57552098966358
0.48907255169383
0.50513501238983
0.48952153684032
0.48616225786074
0.47249415824915
0.50966537975777
0.48155912533428
0.45269759651567
0.46010507071332
0.46504048081689
0.56516767785761
0.60581496353848
0.54114035039592
0.57438987568127
0.55683931353876
0.60932625068216
0.57460249851769
0.52289463485321
0.5299525488197
0.54160009352846
0.52816321172878
0.59128317583865
0.49656593617561
0.48571814502447
0.49982109873067
0.50697545363365
0.53737666023624
0.51714672219282
0.51199549103723
0.50162071434755
0.46292225915746
0.44496567660711
0.44499455428335
0.46068826104
0.4402047344653
0.42295379293486
0.44941950743691
0.45504841456436
0.44388683514303
0.45536295274998
0.44770361248462
0.4347379460598
0.41471773579466
0.40162755262629
0.40269589053544
0.40692475475298
0.39599912575906
0.42031281259189
0.40106467939836
0.42586712116436
0.46444166097207
0.4410900598101
0.46564157007955
0.44072348317038
0.60506527615695
0.61044323320223
0.56192808123203
0.53895570258228
0.63603835973705
0.54967234130778
0.56571302751085
0.54949717850718
0.63259611080526
0.59549740974192
0.61084675444582
0.56467056801453
0.54874032930317
0.53276752730797
0.55913106307741
0.58947842061603
0.58114241884294
0.6123990052111
0.50815197482352
0.53657129374862
0.53251056737578
0.54722788066081
0.53441062022132
0.55413164098313
0.50121548743119
0.51999414326857
0.49068705404062
0.5092893385225
0.51381542903138
0.48821917373692
0.49581249870309
0.50022247262982
0.4955345031027
0.4994892918093
0.52293243461096
0.5006488474788
0.4926537019451
0.50171389404301
0.48125259641025
0.47943709243797
0.49876305770144
0.4739572028737
0.47575162228131
0.47546349322865
0.45640060917622
0.56829136265646
0.55862966546821
0.57528427579597
0.56911695988596
0.59036979723491
0.59163338466632
0.62299023303519
0.49993974262986
0.50869960550122
0.47698873249869
0.47826193125962
0.4914601403485
0.46257314785151
0.46608188191325
0.45983345605105
0.44128567210968
0.45518251035733
0.441857380738
0.45937655582656
0.45682927751532
0.44722275724881
0.51191743960799
0.4827909189007
0.45392943696898
0.49021122980534
0.45612562448928
0.46896506646295
0.46424213102197
0.45863515679436
0.43976908139742
0.44331780620279
0.46275760926114
0.4814520469302
0.46356380926558
0.5286845140448
0.54931874720801
0.44367146532395
0.51774739100796
0.49760215195325
0.50967087793497
0.56419542393424
0.58508064407053
0.48962851845754
0.48187822103499
0.47572022248093
0.49959438201487
0.5376406724338
0.51975578218803
0.6458232404893
0.6409193706733
0.5898731169815
0.61106781922143
0.59762091005508
0.6083293513495
0.62708695536929
0.5917265959653
0.55640854240832
0.49179853331984
0.45142743931506
0.4564463248544
0.48643256166714
0.46656405521109
0.63631840883616
0.64744931427909
0.62677871127269
0.60695251246478
0.5648625232644
0.59047475564501
0.56753341690134
0.54280324578116
0.59530781889283
0.55960012008089
0.56839986329468
0.54053772752512
0.57000242549552
0.62421891402631
0.60851383469251
0.62192066972364
0.5210876034185
0.49784060708421
0.46540597325762
0.51063054966799
0.49486579059223
0.55243479161938
0.55263733280841
0.51551630404213
0.50665335014929
0.53246581897186
0.58846543841975
0.53357806005801
0.51701862944431
0.52416507600014
0.52974127999993
0.51436511900387
0.51017896076343
0.51685118227961
0.556953219514
0.45895492193138
0.47815201727547
0.46395698197533
0.44252458681603
0.4344231902498
0.49446447413622
0.46636143170413
0.47003181752195
0.48408937318564
0.46448226915679
0.47513526377537
0.45269511471128
0.4339589898277
0.46025019508152
0.63495185132421
0.60678493077281
0.62611485125781
0.64388484888232
0.6460549248549
0.59268353019579
0.60449615931453
0.56049322613362
0.46794644008504
0.48787556422019
0.47577017993761
0.47384533922558
0.46844108932911
0.47975764308578
0.46213377279662
0.4449172166607
0.44497354298584
0.44970087292099
0.46113661162021
0.5764521666734
0.57665750237243
0.55648313830833
0.53881727023783
0.54914299752479
0.51692189710706
0.49748742671481
0.51614605268018
0.52693437031031
0.51235532891274
0.5060691898051
0.46974201591143
0.47046183639887
0.46470451840197
0.48120745300135
0.48158922288549
0.52232289372844
0.50399461582319
0.50487987770899
0.47583226150715
0.44962250992734
0.42491965317738
0.43028055880355
0.42321290374958
0.40967815994904
0.42138156046249
0.46164386357137
0.43717439973156
0.41934264482695
0.42692334481944
0.43170158681041
0.4144808113095
0.40372500286426
0.37948458401922
0.38033604905303
0.38271042180003
0.36651866093121
0.42050657661418
0.4022297250515
0.37443721405163
0.41798854658318
0.41181657477627
0.45535582027859
0.43899713849218
0.454977727438
0.42440745907122
0.56921040442666
0.57756654873926
0.53834879941476
0.51492030258228
0.59783979251348
0.54238735349625
0.52394013123548
0.61527323716471
0.57053752440689
0.59108515951909
0.55438473358993
0.53367321831127
0.53256525463045
0.5104720741537
0.54293594980125
0.56676869181389
0.58510580834556
0.59180766612615
0.49438567605088
0.49481648149233
0.50754815661425
0.51218775875406
0.52374763459212
0.52720033288088
0.48464938004494
0.47300317000999
0.49174002586189
0.50542502924552
0.48119962874007
0.46750585863493
0.48773906193495
0.494314092245
0.47222330052999
0.48972574402243
0.47791614210547
0.49054294399435
0.50587586261451
0.50699436493587
0.48008825575214
0.46903348578244
0.47720710360166
0.47464638020729
0.46825830988938
0.46500612723039
0.46576303836263
0.49501728994706
0.46376940554168
0.45106097607907
0.45487028878084
0.43578301727688
0.5491992472019
0.53815807300356
0.57965740089388
0.55465139756059
0.57849326642557
0.58664053783565
0.49047861358033
0.50325144615062
0.47351315021389
0.45839204351949
0.4565212745647
0.44940700667297
0.44439272497099
0.44943043782553
0.4426915627412
0.41821250267117
0.42800524018428
0.43106635916891
0.43068413486927
0.42635750477415
0.46084960574959
0.44705921749339
0.44364494225073
0.46311234994344
0.44480186427856
0.45599724748764
0.43977316577941
0.43637319174662
0.43207919948347
0.43803409457097
0.45106540835437
0.46699014473796
0.46259807835023
0.51469099120773
0.53245734858295
0.42832420823765
0.50211782945669
0.50364932663763
0.48743602186734
0.47234359382788
0.49908800717051
0.56366921052724
0.47012348378588
0.45636542499508
0.54317521968286
0.49719426269818
0.57239953415301
0.58909438502795
0.58224123815077
0.60446119652267
0.58016163540223
0.53788664000331
0.44210843914606
0.42676351127887
0.43231636426714
0.45815264054791
0.48923236498361
0.45588842822705
0.59977728009063
0.61380570869086
0.60026845735483
0.5912763688535
0.53594311648046
0.57540259795291
0.53385509618347
0.52919401877133
0.56413385727145
0.53949486815056
0.54220809885314
0.53148633896375
0.53653379705275
0.59985007117095
0.58579834182771
0.60024309669435
0.51938270683964
0.50074161560613
0.48459871113155
0.451755537157
0.49152867928764
0.52699872862937
0.49245954023736
0.48522586745597
0.50491001163792
0.50692102116462
0.57236290309503
0.52768729639543
0.50495932139643
0.50281229962066
0.50971858970197
0.50447027028603
0.49248703326684
0.49748782480645
0.5376303600496
0.43492275323303
0.44775016341457
0.45630418735038
0.42852840047053
0.42315033895448
0.41809807794099
0.46923158152407
0.45577966341461
0.45835767541009
0.45687521898541
0.45957146147628
0.45046183553287
0.46660936004511
0.46210013059297
0.44135506302637
0.43467441150299
0.418589492187
0.61467479947337
0.59790738867207
0.58772101498705
0.57304936788486
0.57671132954413
0.5439522896481
0.45609234386253
0.45215457701347
0.44756249291268
0.46312505503452
0.44116287784006
0.45738618072733
0.46279323614843
0.44948152057397
0.42920558276444
0.43585095762607
0.44774229090737
0.55165073426021
0.55525374679743
0.56721240913151
0.52739676913855
0.52460171478179
0.4910667575122
0.50679641968964
0.47284386918693
0.48428829572706
0.5017872740522
0.50245678373251
0.48212252301248
0.46351210963168
0.44574703756709
0.46687999941543
0.50254784155055
0.47771763723151
0.51817367662728
0.47981694046492
0.47037429184975
0.44274143860111
0.43693012044195
0.40740239791846
0.41785003716987
0.40659846232299
0.38864858351218
0.41377711586844
0.44036602435988
0.42993873286784
0.41733853758403
0.43250232676086
0.39817761578828
0.39180278746385
0.3820433658727
0.39808648591226
0.35378326395139
0.36272174968806
0.36100246993797
0.37432520289637
0.3465854115835
0.41180464947672
0.40428995960766
0.37517075271627
0.40271532187812
0.39532210360061
0.43143984553768
0.40828761715144
0.47102852791356
0.43645984539856
0.54986565846063
0.55533010481471
0.51411108518632
0.51921023931251
0.60117849434124
0.55642685716933
0.56445225938549
0.51235974323936
0.53726948058327
0.5257134693653
0.54479016071777
0.49880117852933
0.50815537079335
0.49073952515561
0.54834396830831
0.57656606716784
0.55100174455348
0.58086447842865
0.46734487452822
0.50013899536211
0.47248201467346
0.50925632955309
0.50025589038368
0.51253595363899
0.45622711193254
0.45730036041657
0.46987207633259
0.47799289682545
0.45967628764714
0.45277391735004
0.46567647032548
0.46619349071191
0.46858181218024
0.45579358833337
0.46412292105378
0.44904149995625
0.45959412086519
0.46243717108121
0.49146391994236
0.5026970158682
0.50453203215982
0.45547649661782
0.44605922731185
0.45945313147402
0.45822994953841
0.45864107378066
0.44878764349999
0.44084087721738
0.44120828608629
0.45555954275502
0.43156822369431
0.43541735595603
0.44488205188905
0.41517012502148
0.52410118279553
0.55767724236402
0.51619415177776
0.54633795695689
0.56179907325684
0.55506076814413
0.48386281286569
0.46032744102425
0.48259750207227
0.4513370818165
0.43437750745627
0.43451056710361
0.41621706864732
0.41932749165475
0.43555253865661
0.41652680216082
0.4006004950709
0.40632416773622
0.425464761935
0.41531293084879
0.41222736095913
0.43178561928069
0.42648725693989
0.45643546464357
0.43801868337081
0.43457332831745
0.42010753384765
0.4113138133395
0.41270447614962
0.41301248534227
0.44134248893097
0.44960077771389
0.55233718696098
0.40654802102042
0.49442426406992
0.48614876311659
0.46838220667865
0.45653520496286
0.46822727769789
0.48378433759373
0.44851592687938
0.52050228464588
0.5316335628562
0.57116296320974
0.58924161602865
0.55869779540921
0.5974932313587
0.52709964211691
0.42281938102686
0.40259171235111
0.43789217550217
0.46084748696417
0.43226496584543
0.5904665663118
0.55662457337014
0.52143809092691
0.54358085632876
0.52107034482899
0.50589786202797
0.5330245729427
0.51182022410555
0.58025484274295
0.5032737529446
0.48336236171122
0.45947905207934
0.42707338850904
0.46740524318076
0.50847355074746
0.47014958609086
0.4654752312555
0.4919493043381
0.49901055444049
0.55043262983019
0.50534050713856
0.48374702691912
0.47977842005826
0.49224204704263
0.48507563265315
0.47408960085025
0.43001160379249
0.42579530319192
0.43903427890265
0.4063966299075
0.40555395452977
0.41855916803609
0.39666850131137
0.43594173021052
0.44705869328631
0.43444557600764
0.43726652002143
0.44956993103636
0.42583409566643
0.43895509405603
0.40368496071619
0.4115999568242
0.57626506937625
0.56073596886061
0.52235279672325
0.42611433351553
0.43680317098619
0.43178296008326
0.45109792168382
0.43154672727078
0.40689531372239
0.41195211526071
0.42486529592608
0.54237951020458
0.5249472319603
0.53483756355481
0.4893222185798
0.46433842548297
0.48006408658684
0.48898232428729
0.47735486690899
0.51010646992197
0.44121913139126
0.47707069904508
0.44835406259813
0.4670633240703
0.49999034187704
0.47432999322212
0.45304819206875
0.42067242882513
0.41396762710036
0.38524565949656
0.39633619261201
0.38675880712567
0.40518330299623
0.37306510519797
0.39291152300335
0.432389281422
0.42582729693518
0.42204661950762
0.40683530037216
0.41064699400751
0.4115841275773
0.42414416526128
0.37979777513925
0.36434847997523
0.40692503487473
0.37430449743049
0.3453692088076
0.34436485258253
0.35136461152833
0.34778460452916
0.3518896707801
0.3280195940262
0.3322496687173
0.39044666195181
0.37758266932316
0.35331796359731
0.37197371990411
0.39884031591097
0.42348565923702
0.41985854266109
0.41807547523714
0.38903145210468
0.46334301907679
0.43739224674376
0.52998179436177
0.50783817525998
0.50491357978044
0.57709108233545
0.557241661753
0.55054261021764
0.54055879532263
0.51120959682276
0.4949217222448
0.50574345163301
0.49880465001911
0.51870679293956
0.48667483665065
0.5176618893487
0.47139508187148
0.48521121325264
0.54543099940174
0.54682425393013
0.46333675012778
0.44679474679928
0.47439998164569
0.49285311778919
0.45347156800522
0.49940990102
0.47302676855211
0.45000614972855
0.44132723344938
0.45459595102556
0.42507295259034
0.44723101927512
0.43721064148831
0.44270249825909
0.46292194642978
0.43648660105736
0.4486677968931
0.45918352715202
0.48729766938457
0.48069418685292
0.44002686945454
0.43946399885539
0.43418964292347
0.43076527228411
0.4416220463436
0.43311575551737
0.42075840477843
0.41898996256606
0.42062422368716
0.42292967954828
0.42136670793921
0.41694480268487
0.41190207947759
0.42825659816965
0.42558604394772
0.39900146519341
0.40389173372815
0.52223487231818
0.5060121422338
0.53609890707513
0.49813945688437
0.51466395588951
0.53392816869883
0.45657772405575
0.4895202084492
0.44470842090143
0.45771438823748
0.43877411936932
0.43059451716389
0.43477246456056
0.4162795899316
0.42299375398343
0.41614101403761
0.41492459819855
0.39963224680548
0.40638851509566
0.41522731558383
0.40133907456612
0.37870184934332
0.38283189074318
0.39174397134643
0.40163938180873
0.38755178248117
0.38538871465912
0.41853908145694
0.4321526752082
0.40798967514995
0.4216681174302
0.41607808828271
0.43426332236265
0.402990862529
0.39310901576372
0.39384562530227
0.40646444112102
0.42325461188089
0.43714090150387
0.38238458520247
0.46623855195071
0.51288324181873
0.46108820847452
0.43947971905077
0.44971620706924
0.45094219833898
0.42827653778944
0.51284379963321
0.52592877770822
0.54772327043025
0.56783062164795
0.54879723784914
0.57680418148196
0.41122923377216
0.38727766063897
0.43999611620103
0.41749160265819
0.40797541166925
0.5628619497733
0.53916416231654
0.50987973568696
0.50052985853012
0.49670344449858
0.48567684943825
0.50818180086738
0.48646282295515
0.56751382107158
0.48582777520533
0.49672126482011
0.45325371164128
0.441660258545
0.42267706954604
0.44934729741506
0.47447411762651
0.45607217197851
0.49128902369161
0.46688130185008
0.47647084312732
0.47765696595303
0.46537272290576
0.45813840231096
0.46158295057522
0.45905630632233
0.40690193561083
0.41624947410887
0.41879426980141
0.38068444948629
0.38350721756562
0.39985275639591
0.37685057016003
0.42737334779915
0.41604945076971
0.40463327709246
0.42359712969209
0.37703724507914
0.39681272177881
0.53943906081133
0.42336132124023
0.44988568981434
0.42496735164103
0.4095031652433
0.3925446785891
0.40020289232858
0.40586618953162
0.50123458461147
0.51580749118152
0.46848333630353
0.44467860237238
0.46583322414091
0.46417282299993
0.47671226592348
0.47566992908374
0.46201996227741
0.49264999305534
0.42587951660125
0.4304592284943
0.45587932634464
0.43142815441402
0.42771950858335
0.45179027968119
0.4804625771501
0.46088592021885
0.43956478522821
0.41349660022345
0.3956335693656
0.37603294393331
0.38039567475369
0.37079785474482
0.37757140363146
0.36211831527973
0.35294968895492
0.39007358724645
0.41845888168796
0.41761165298139
0.4194058596068
0.39768167658789
0.39287800564395
0.3883007004829
0.40456694780166
0.35819162193929
0.35623154794099
0.35960790520834
0.38670383386276
0.37279410058112
0.32462588500137
0.33238009711438
0.33251803348955
0.32999195135324
0.34535251597503
0.3186732808073
0.33158615578899
0.30083384232148
0.30529780100136
0.35400134533235
0.3687866833096
0.35456639675942
0.3810552206114
0.41242655643005
0.39583582441639
0.382670668507
0.43626948495908
0.42681958369938
0.49836448218092
0.47325513260608
0.55607466189553
0.53305306736588
0.53149694963155
0.48935247129874
0.46918855604216
0.50171789509333
0.48439196013492
0.49514411545701
0.50990952926739
0.47077205527865
0.5137852568817
0.44593510126453
0.45913619963643
0.54347985250721
0.53397839235729
0.43896926053097
0.46337261087311
0.44395844380786
0.42803397851718
0.45980454566238
0.47610544975922
0.44706212446568
0.47241628190599
0.46204504403971
0.43080780578977
0.42861196717304
0.41159025650008
0.41364978996647
0.42782923800211
0.42000751667553
0.44684409622347
0.4189665839102
0.42037590961358
0.4439889400485
0.48898725361584
0.42391106830311
0.42090046684484
0.41173601651185
0.40926505867268
0.42479652626616
0.41002527460057
0.41006499555892
0.40594838304867
0.40176007963934
0.40704553744849
0.40646476579595
0.40680515440583
0.40941555029411
0.4090636050862
0.37640722803639
0.39067998044014
0.49238131565785
0.48111092086772
0.53112612415654
0.48682886194724
0.50899627338243
0.5339667045359
0.4554751982171
0.46909414966349
0.4327394746283
0.43560576917847
0.45177144766261
0.41527396009423
0.41515182946186
0.40119668595352
0.425895876955
0.40878055559583
0.39336113533556
0.39957964718256
0.40488913536858
0.39841035125935
0.38686084122988
0.39513509374173
0.39276287717874
0.4027413269529
0.38826434371761
0.38036223934288
0.39620646345346
0.37200716593149
0.35276598082607
0.37247010578878
0.37001456624875
0.40405271711941
0.41236735887242
0.40386538451729
0.39322764702254
0.40925337892662
0.4042730939059
0.38164050364194
0.38274405084419
0.37515406408307
0.38382148821173
0.39293076038657
0.41024519383186
0.41022589409202
0.43355438240974
0.37644884259628
0.46884274528801
0.43758187546175
0.42981814525531
0.41996835590254
0.43349186648883
0.4302813531874
0.48677739530117
0.50882565860555
0.49996990687911
0.53999671029481
0.36929422029725
0.42313270406142
0.40086272327394
0.4832319485152
0.47841385778324
0.46638907147303
0.47058726712475
0.45746082512274
0.4631202951347
0.39994786298769
0.42656157720391
0.44175876041852
0.46523604211374
0.43482147733008
0.4586445076267
0.44560884654665
0.47456980672506
0.45100209390937
0.47796923796942
0.44041678291018
0.43877530380734
0.44605716868024
0.43613395812735
0.40278179815648
0.3876525596423
0.40594982536243
0.37105705811232
0.36542856572163
0.38065139640868
0.36247778723061
0.42215008140576
0.40488045037087
0.40625810273611
0.37672914797538
0.38645447724467
0.4282639668203
0.42001336355235
0.39473097232989
0.38854717823497
0.5014660077075
0.49387906007928
0.44271017529648
0.42858969591685
0.45237137533835
0.4484435072575
0.45889974449483
0.47073422963861
0.45611720720458
0.45031609572774
0.46052996578491
0.47118464588255
0.42092808563851
0.40690007957083
0.42030292087425
0.42211861933642
0.42697216151435
0.44049688334338
0.44424596825118
0.40539609656337
0.37688966431434
0.37287949943647
0.34931627232088
0.36525933442093
0.37687274673201
0.34115481375196
0.32936618964497
0.3696485936116
0.39922441770166
0.41953486015404
0.39833561950524
0.39720215266386
0.38135125945041
0.38704120077198
0.35127882591376
0.33442228306793
0.3516062924646
0.34940946792159
0.34453048863033
0.38285146477312
0.35570632576458
0.36368808325088
0.31922900937338
0.30000655220074
0.3122700796621
0.30885536894319
0.31022109898435
0.31930938330633
0.33809013517959
0.29969092310931
0.33307496479278
0.31416736718655
0.27914190379158
0.2900797326527
0.35048177514326
0.34016831699638
0.37267558276008
0.39193824520773
0.41548271784069
0.39040213335855
0.36521973178583
0.41831249604534
0.41886657856341
0.43496509358011
0.4727252187391
0.46152391561306
0.45008800952788
0.53376173078101
0.51416435510962
0.46479036076264
0.45336615144489
0.49148052133218
0.48053780273939
0.47395866411322
0.48844876305399
0.44281703055382
0.48212654535731
0.43754321873982
0.43080866965275
0.52257588306338
0.43651248528415
0.42564464195813
0.42579585883958
0.41142317856011
0.45492514408158
0.43265884286912
0.46730006485263
0.40123243079127
0.40651219104143
0.39589271697601
0.3987151109554
0.41367729105284
0.40268149806561
0.43048526778754
0.40543273965918
0.40056908784191
0.42929039773941
0.46031529594756
0.414603270985
0.39768795057003
0.41360885754341
0.40177717877737
0.38889581607339
0.39777033499141
0.39331673603294
0.39401415165053
0.38070033918674
0.38189757776306
0.38535280948513
0.37303740345208
0.40152724347023
0.39022565663799
0.37366548507831
0.39438860009574
0.39638652569413
0.35019744595933
0.37399348423487
0.48678241478259
0.47966151040764
0.51490969799429
0.48955382105001
0.46659300122719
0.51104262744934
0.44691498964249
0.43787897159686
0.45538111280949
0.41084627895055
0.42646167304503
0.38610883541971
0.3832931706544
0.37691657152513
0.39773211235706
0.37449255216134
0.38700436563647
0.37936508483634
0.37708137522613
0.36605035242953
0.37725434743429
0.36797761360512
0.38169553650604
0.36139803797389
0.3583899499139
0.36982619606476
0.36320811469479
0.33962974635016
0.33627059326022
0.35377532086506
0.3611067410287
0.38800805660283
0.39643227232476
0.4123382854729
0.38278737154152
0.36909662111046
0.38911725354422
0.39646601130791
0.37679505166945
0.36287109029884
0.35776519546301
0.37528193040608
0.35227771939692
0.3606973252247
0.37498781490642
0.40610790375568
0.40951224586224
0.41792478977068
0.34512859037573
0.45077437125756
0.42026728636828
0.41116767060164
0.42339784449854
0.42831639236456
0.46956150441694
0.48337949789333
0.50818807405754
0.5281585528114
0.34729651813644
0.40136331771916
0.37577961355055
0.4661021565757
0.45471193599305
0.45375935328508
0.45492753469461
0.44825427029075
0.38152566215136
0.40212363659064
0.42596967711801
0.44314294378728
0.44034651490801
0.43254497111879
0.44104877430427
0.46896760771923
0.44337262937424
0.43275700104485
0.48296199956553
0.46294790886928
0.4323667537474
0.41341654908554
0.4346200400065
0.43316095746483
0.40980389034882
0.37725858773519
0.36165677686762
0.38857911178885
0.34069096776533
0.34552403550614
0.35728534001845
0.36883144455077
0.36596978404981
0.35927708790875
0.34234295253698
0.38544346093013
0.36816874915019
0.38560933524515
0.42934936745772
0.40920229181324
0.39777037525073
0.37441798063107
0.36465437169329
0.47590829589937
0.47016659223347
0.44194957278347
0.42241798622149
0.43883994503217
0.45270401501963
0.42221789728533
0.43766822154446
0.4440052174002
0.45038030420238
0.46534171200938
0.39777381542837
0.38866381528725
0.3975801972664
0.39977651906122
0.40399139281346
0.42975244643444
0.43345127681469
0.38816016065277
0.35041249318145
0.35225743281563
0.32365419533053
0.3327784451313
0.36962314730605
0.36157295734498
0.33052790546759
0.3141048769119
0.35745263664983
0.38968651015291
0.39728311227099
0.42394614061857
0.38673036703781
0.38872782343981
0.39064014038576
0.38345085569046
0.36390174579208
0.37578535394208
0.33933887276535
0.32274084983781
0.3298176484392
0.32488476591857
0.31864904841977
0.37348165133625
0.34447667630074
0.34352699929608
0.29653238648677
0.28329108774836
0.29760624010764
0.29916511974145
0.29821010602081
0.28046847919113
0.28895462563376
0.30030377807364
0.31541688177612
0.28415636350512
0.32862936748406
0.31132441953151
0.28319666479478
0.2739590520194
0.3347452213341
0.35210140169918
0.31623215556597
0.37241745060419
0.38569718734135
0.39293296552069
0.36593169888711
0.34959534903853
0.40812401274133
0.4333421676804
0.42968271593521
0.43003093077122
0.51565445149236
0.45520534749533
0.45372234931388
0.43572025973079
0.47503485573525
0.4639237868766
0.45689178072085
0.47942983318825
0.46005576907756
0.42455723266766
0.43755368151124
0.4127837218708
0.41410869835703
0.43474670031741
0.41033197957736
0.41738473980061
0.4060409715756
0.39623930921445
0.43647704257231
0.42709807749036
0.45633908519209
0.39874422571484
0.37804403970426
0.37838953425993
0.39130077630685
0.38009904960037
0.40978338391499
0.3885940643641
0.38599420345499
0.38949632799628
0.43304528216411
0.40518290023704
0.45599563882091
0.39754799491443
0.39916245152311
0.39362277676825
0.38475360209957
0.36942159358773
0.36684570420444
0.36386223450585
0.35891260652213
0.36084665278129
0.36298791147128
0.35864776615202
0.37834272594625
0.36915865092031
0.35758842437801
0.37079640523389
0.36670709426617
0.33817268760637
0.4592600589999
0.50183095778527
0.47483617523211
0.45569930360621
0.5027341941023
0.42898290742882
0.42460792148322
0.40421334773509
0.40980411439199
0.42978980324034
0.36995158504973
0.37865966985567
0.37186735401647
0.35926616520931
0.39234030590571
0.35116482962765
0.36540346193656
0.37544361662933
0.36043662639366
0.35986418459043
0.34647215244987
0.3490281357538
0.36168175705878
0.3518990124967
0.34879197512636
0.37777717760457
0.34281151589735
0.34755091229123
0.336858395096
0.31857421922233
0.31364884302929
0.33758979510961
0.3400452813137
0.34659701813663
0.34221080064046
0.37384111232181
0.38228813689616
0.39196223985764
0.36676939375368
0.36736199803052
0.36176807376953
0.37652819770932
0.35928092145207
0.34214611797177
0.33932534332147
0.36004615547252
0.35265836168638
0.33119251726358
0.34302616639606
0.35858553312654
0.37118691765822
0.3837050163733
0.38478670456552
0.40258964444679
0.32921620365105
0.44034932083235
0.39496599147132
0.4266614856536
0.39686432079297
0.39782110752275
0.3978291130345
0.44444085382533
0.45690459801826
0.46431987501414
0.31915786305604
0.35201948914987
0.43121801655595
0.43285329406781
0.43421717709889
0.42756891168851
0.38025022543341
0.38079025293193
0.41399137364104
0.38950742898601
0.41098305329731
0.43603795042906
0.43084824740746
0.40850426762146
0.42856732084111
0.421446019825
0.45220439256678
0.43065830849349
0.44487620169884
0.41654756480909
0.46576013564631
0.46615382228492
0.40774856452356
0.40651204443068
0.42163353739019
0.40795235977045
0.39685237836685
0.36633811712435
0.34432482431806
0.32198510595368
0.32651675919711
0.32607065149142
0.35441746464717
0.35708076845223
0.34233432614889
0.3178226841874
0.34569988858224
0.36880458051634
0.4134521159575
0.4020730695786
0.38339512849517
0.3613486798187
0.35578925708826
0.46583853945377
0.46221379809923
0.41769927810542
0.43622937587777
0.39989567682551
0.41540086478862
0.44400956679124
0.42342614129856
0.43338613795605
0.38736986314507
0.39008093147404
0.38430630231963
0.38211624828188
0.39609252518118
0.41802303187208
0.3483637781088
0.32484596657102
0.30480844307087
0.34896851634254
0.34550903807345
0.31359568472398
0.31777316059714
0.28937521012549
0.34182219261942
0.36205458559015
0.37780024369752
0.38725464892601
0.41633774913294
0.39819502859232
0.37684241571839
0.37731761662314
0.37460851506434
0.34949165058919
0.37498835609092
0.31556956658471
0.34839089880284
0.31265915229904
0.32742763212091
0.31617427272932
0.32382254191059
0.31070835510973
0.3511625796741
0.33930494844562
0.33779617803827
0.26654458732014
0.26904765992331
0.29600718562477
0.28438736417737
0.28307252051003
0.28834891834775
0.27401139570931
0.27321663973474
0.27912410754583
0.29427043675368
0.25930253067251
0.3088242663981
0.28724724865894
0.27179073158355
0.24744819530947
0.32949562214863
0.31676241246157
0.3371146183493
0.29999126575429
0.35199417557004
0.37454802439195
0.33561284400606
0.40694533143381
0.42729787467397
0.40437431766292
0.40419793334407
0.43450450194921
0.43249115798399
0.42788988208999
0.42374277174835
0.47822985236462
0.45870774530656
0.4438204995863
0.43751040074803
0.404517944488
0.40988121097203
0.39065524772126
0.41689599779396
0.39057471491673
0.41810197026546
0.41505242422904
0.38769956691082
0.40963324015347
0.40830195036831
0.38575713588739
0.37557106808032
0.43489297452866
0.41393702720579
0.41799532180048
0.37672248376266
0.35945202980866
0.36350424961427
0.3612792542237
0.38996040852706
0.36635540607668
0.35842378973293
0.39116067526989
0.36397664211877
0.40485206722603
0.39197178026846
0.37565980718803
0.377147566492
0.37536890433721
0.36699639862073
0.35088429086806
0.33809445175441
0.35345268295714
0.34899003465238
0.34420928054583
0.33680997013571
0.36156599415491
0.35516761482108
0.33819535041974
0.35945265749799
0.36462553713042
0.31185967146247
0.44961264380882
0.44647896572001
0.42288532693683
0.41835954823938
0.40370485895723
0.40583763476872
0.35503214869201
0.36486062871274
0.35714601030816
0.3544010009472
0.34283405922195
0.37705484777273
0.33678005755323
0.35103706822502
0.34984685517253
0.3550502707668
0.3693878048382
0.34634014160441
0.34084853595859
0.32066567356409
0.34109787223828
0.34378185814651
0.35524689937966
0.34060173475509
0.33547332592257
0.33154648115843
0.35268881882293
0.31626781783054
0.32279270007111
0.31822376432979
0.30936252949463
0.29422795730822
0.31677704646531
0.31935694225261
0.32870380478777
0.36527975182292
0.38551305334528
0.36314914634021
0.35095691407736
0.34800854332966
0.35784422425066
0.34217917235788
0.32707790510119
0.34000008732706
0.32524206487813
0.33714126654482
0.32873338723926
0.31503364535298
0.34131574776579
0.35258853782639
0.37049822048596
0.38233286645145
0.38126495707645
0.38961162825568
0.30873792720585
0.42187250647703
0.44505433893738
0.38424220980097
0.40424969579476
0.39127814274834
0.42905631721978
0.42664593632822
0.4343243111616
0.43994543533877
0.31043737167445
0.40997534001708
0.4095097818524
0.40411471814166
0.40795495847052
0.3797931742628
0.39152299983124
0.36711221406967
0.38804295920295
0.36342460618213
0.4131860259119
0.40715132624989
0.38670847375181
0.39504859127446
0.42793837248975
0.39467349294187
0.45477701442853
0.4387078291954
0.41443526999054
0.42776946518451
0.43409824478994
0.39303414030258
0.4649404045843
0.44766503525987
0.3809157650453
0.38339880356645
0.39305469050506
0.39432177631743
0.38145959950179
0.37077216611707
0.35418671326107
0.32351622208347
0.33997935795446
0.3088117926911
0.30516613248402
0.30965357229685
0.32976437966335
0.34314151285143
0.32298133295482
0.33538784787867
0.34555489774981
0.38376581508016
0.37705389016139
0.33932571584551
0.33102592802002
0.4330427782845
0.39844732575351
0.41465140733454
0.39111969381616
0.40168596228345
0.422418312777
0.4128794380156
0.41505232455031
0.37588409014212
0.37289369580795
0.37393489367867
0.36953644030769
0.37300439943769
0.37683792848697
0.32242591322075
0.31173658520961
0.27955388780727
0.35728292854232
0.33609415240997
0.29434466352409
0.29605598566125
0.28224145314661
0.27810251230803
0.3265191122053
0.33377744898222
0.34711934733237
0.3651140156255
0.37830204246346
0.39752365006366
0.3856862308306
0.36026704850587
0.37790848442374
0.35903713832028
0.34727878715919
0.35726725283462
0.31311542438703
0.32617246042556
0.29293363882439
0.31712603587923
0.31520539773358
0.32417910938684
0.30593618314271
0.31818528581005
0.31169254052942
0.31112055620514
0.34402975245788
0.34385122411717
0.33459495673503
0.31878820332691
0.33597329315549
0.24779402386527
0.26981903670508
0.27092957000564
0.2440485737722
0.27591515850762
0.26718549264901
0.26024169651857
0.26803922737686
0.24845570038421
0.24930956392282
0.27791609055365
0.25274161627501
0.28873823457244
0.23909641878442
0.3130252722371
0.29009433726327
0.26840578825931
0.25022463861338
0.23723819795483
0.33022799450419
0.30692106311444
0.29927966349876
0.32347245830464
0.29098329758022
0.34351529567264
0.34873674343313
0.36079343421887
0.32117108820203
0.39612825557723
0.39417036526866
0.38995636626797
0.4210625355783
0.40962961745095
0.43922189546273
0.42775993198885
0.42400036283032
0.40508840209373
0.38177987026913
0.41409041470123
0.3743710992372
0.38439123523965
0.39862110981766
0.38677362056233
0.41427942416166
0.39256007252993
0.40094591916832
0.39108241324625
0.39107845273658
0.39103401772057
0.37822388110117
0.38125505466377
0.36709201113676
0.39249940145771
0.39802613696312
0.36708900352075
0.34626225663003
0.33746027026235
0.34264338499896
0.37063125382802
0.3489591512021
0.34294421006692
0.36629107860928
0.35126440701136
0.39312669102817
0.36945019788934
0.35978018348913
0.37117649385632
0.34771886165234
0.32918670742866
0.33176374268763
0.3272789140823
0.32047415717796
0.33527441692628
0.3235426027193
0.31130915003782
0.33976137843326
0.32501007600087
0.31598537045643
0.34960213539308
0.31202966051601
0.28786995907673
0.43511491741856
0.42705338525014
0.40920445880176
0.38286575915563
0.39793878989245
0.35219766634507
0.36072517685021
0.33559586705348
0.34362905200462
0.34454192110141
0.35945388236415
0.33774634701622
0.3225359110935
0.31783968810124
0.33302942659621
0.33325263360682
0.33831278999697
0.36752969484505
0.34636458847053
0.32315823660516
0.31885092597198
0.31553082395081
0.35176950578753
0.31246423143101
0.33738404268445
0.32043863686932
0.34618996980399
0.3055012174131
0.30977827369577
0.30459323699037
0.30722393491585
0.3027415174754
0.27761433282686
0.27503038681758
0.29062425581885
0.30379128557891
0.30204948440264
0.30851837628587
0.31456588378119
0.34551268493852
0.33990604272065
0.33618747259684
0.33843229387276
0.33730444980184
0.31700289054049
0.30290778062978
0.32262276951539
0.30264325295165
0.32610343994206
0.31103874987931
0.30051010098759
0.32836265262136
0.34387813485026
0.35264429271461
0.37311150515588
0.28790842519157
0.41188783982088
0.42843558741397
0.39387901451993
0.40684936977031
0.40602553204818
0.41039238444876
0.28000380856695
0.29093393573841
0.39142622413422
0.39486092544362
0.3911043074071
0.36208908352758
0.37164243954627
0.36336207162331
0.37349402973973
0.34528479571101
0.39119763875003
0.38181305833377
0.36987511536554
0.37208377611409
0.38135962375786
0.38138367713977
0.39247288862285
0.37999442636735
0.43597254567504
0.38904125055539
0.41737023867272
0.41336722688625
0.38452128072291
0.37391250429635
0.37399281314672
0.37968553014568
0.35056170715109
0.3382433885951
0.30881368458995
0.32027043491134
0.28849609620844
0.28095434050142
0.30913645627062
0.28033814505666
0.32883265367402
0.31674116937681
0.30944112488536
0.33165888911462
0.36076811589133
0.43138783145549
0.38523989950618
0.41039956822365
0.39630562157869
0.390611711616
0.40865214432321
0.39168996546907
0.39724963310055
0.36124735372604
0.37310392969481
0.35837745953497
0.34863285178657
0.35434497246207
0.35114795188733
0.28680767418667
0.25558845586866
0.34362177678557
0.3534978820897
0.2802717676691
0.29211706264471
0.28499719717782
0.26314892639385
0.25685627220886
0.31041563330384
0.31833986792061
0.33495282918744
0.3453954205807
0.36550896726265
0.35545908691418
0.34924899775918
0.35854145176581
0.38534013563031
0.33881147064725
0.3519306212978
0.29471898525063
0.28623650517569
0.29526535279645
0.29927404161231
0.30366509147375
0.28442628207135
0.30893933481629
0.28872365046245
0.33594489862209
0.33944357824564
0.31669981697418
0.31583422390839
0.24353930452466
0.23152076385897
0.27342442722055
0.25756830249088
0.25281026624713
0.2371496357925
0.24350494125644
0.25693002231911
0.27233465518791
0.2640271572891
0.24999766187532
0.22847647700043
0.25274016184186
0.24331149529041
0.26717061651229
0.23099544515755
0.2937772984973
0.27722050038337
0.25243095430049
0.23340976067855
0.21716706125636
0.31694107298856
0.30319354655757
0.29802873780584
0.28299659883426
0.32680004199912
0.26793934678004
0.34016364539905
0.30309891284073
0.36287818212958
0.36504990280163
0.4164692553429
0.38233683153843
0.36947482994295
0.37186894948243
0.39468828708332
0.35592767195459
0.35434714558459
0.36472678996979
0.36756541096505
0.3869787098065
0.3660995036008
0.36838131754483
0.39211488912712
0.37765116679383
0.38873005783072
0.3760977459828
0.37372211582271
0.38362735226665
0.38111250830681
0.36161141484451
0.36956487138888
0.37105713988241
0.34284434238066
0.38729213243986
0.35697040659785
0.32898591723901
0.3211664462832
0.34695572275865
0.32971370858434
0.3381126890712
0.35932228844077
0.336393290997
0.37220557805711
0.34492931276527
0.34001689229718
0.35702382290658
0.37219926817483
0.34034275975506
0.32397248836862
0.31219129170809
0.31676304091079
0.31273471108737
0.31804606836264
0.30810479613293
0.29660050854178
0.31785585166692
0.30862203636722
0.29987620881717
0.33277965679765
0.34542709219576
0.29998164443101
0.27518616646556
0.42591025914215
0.42275444187001
0.41509869108465
0.41198290449824
0.3885678546043
0.37382225877951
0.3740527506707
0.40114567059296
0.38292528089909
0.34729411808388
0.32053854165718
0.34259194145468
0.35730898712396
0.3171288309706
0.3290360743525
0.33177896254118
0.31589741450082
0.34523618565104
0.32265653474686
0.31140805926529
0.30752064973703
0.31460535443644
0.31312702968414
0.32539202451511
0.34935629794174
0.33658377196341
0.31487278137737
0.30622791553941
0.2915657849162
0.32566980756827
0.30552503545235
0.31507248841297
0.33118088817043
0.31177405053531
0.33196052048104
0.29128485661757
0.29734697169752
0.2969539614738
0.28413729990387
0.2942780064998
0.27786783128218
0.2667587670828
0.25853055056441
0.28150790912617
0.29258837414604
0.2815662279819
0.29814093566954
0.29290675347775
0.3353394235262
0.32472771457226
0.31884758109672
0.31592568155102
0.29910845155344
0.28432021542734
0.30613820917087
0.28910599411968
0.29728528396937
0.32077689957666
0.31388823950934
0.30827432151426
0.29616728289341
0.27841792023253
0.31804609928363
0.32267491672212
0.34438598995767
0.35759974210829
0.26926927379601
0.36878787532154
0.38853640568763
0.38369216413591
0.39946356006167
0.28400989525423
0.26994373600785
0.36948530664601
0.37260625226595
0.3880962062758
0.37225874174995
0.36348811368989
0.34220157329609
0.37186842768254
0.36527380163215
0.33904445534281
0.33785268683865
0.37736190127931
0.34165781302677
0.3702115502411
0.3660357704354
0.34348116547957
0.36656320918073
0.37132630815272
0.37498914676837
0.39414385117972
0.37248670536246
0.36950074369323
0.39998839868911
0.38100863532852
0.3440428966488
0.35593509147829
0.36612220904026
0.338084693505
0.3216141167589
0.30788654589757
0.28545402779606
0.29852003313407
0.31639995520577
0.26898768141625
0.25773263360913
0.29340643219351
0.27189030561128
0.31026589489661
0.29881298989679
0.31121795304321
0.35144502372253
0.41191556681418
0.3727774235
0.3937258963281
0.37949322928928
0.39548213851799
0.38240904367926
0.38908042163573
0.34799815235657
0.35308411005786
0.3480489445649
0.34432760176245
0.33446304285649
0.34296968564266
0.34102711173395
0.33853782056849
0.25827291420889
0.278003843915
0.26992595512479
0.26974894825509
0.25274847637777
0.23151059225829
0.29683043223928
0.30942385446441
0.31822459763894
0.33614604836265
0.35616340653335
0.34364674456845
0.34034502767247
0.35922971702201
0.37627025543319
0.32502096183613
0.27897002206373
0.2705072207251
0.2926929699437
0.27498057534084
0.30287807651399
0.27160232136927
0.30629492972938
0.2911722588337
0.31835898032201
0.32049280944017
0.30664396386975
0.30668153490279
0.31051614886972
0.22273656727244
0.22421515600611
0.25305439177382
0.25107226930875
0.24469112506989
0.22621254846122
0.2291089754329
0.23485057998681
0.23538578159928
0.25366344036671
0.25903449435156
0.24699646991841
0.23851429687071
0.22125340051858
0.20721114161342
0.27300471588095
0.26193558154256
0.22885802465858
0.2558115039988
0.2233945324374
0.1976848877314
0.31283697427669
0.29409677930556
0.29424395389569
0.29655974550743
0.26113213773338
0.28497542984038
0.30978086925899
0.25800090555987
0.32189213540053
0.34300298179186
0.33706488280106
0.39714792561562
0.37535538157032
0.36893572451621
0.33899240541648
0.34904072470802
0.336270699431
0.33307724367966
0.34660809555306
0.37278132162726
0.3900171861345
0.3556471108469
0.38069534448817
0.35501062694844
0.36275409505101
0.37630687087371
0.34217935850323
0.35011665076284
0.35376347823943
0.33171971599006
0.35038660710044
0.3118021050718
0.30168730951383
0.33030499883834
0.30591659885469
0.31733390799994
0.32934234552545
0.31492141350961
0.34315996549205
0.32964206281444
0.31798628542948
0.34483822093577
0.35074551022954
0.32475505434382
0.32856705207127
0.30438159075626
0.29903442519112
0.29639462254061
0.30856443922647
0.29113325144892
0.29727238786368
0.29239435406666
0.29056456810283
0.2975078184895
0.27384257608291
0.30517998621757
0.29720386969595
0.30247040167073
0.27432038340049
0.31777116085011
0.3242467577717
0.28406805621636
0.25137464976214
0.39688057667368
0.36713176330549
0.35958012053419
0.38830159728879
0.37163059803303
0.35435920501247
0.32346016348706
0.30805765669972
0.33180421549129
0.33609439758254
0.30357871935942
0.30774730885341
0.31720179413012
0.32520730533057
0.32556977805279
0.31784524707382
0.30315686588338
0.32634865144895
0.3067766491764
0.28769788582847
0.29059212105903
0.29204600100075
0.30725133410849
0.32357757722049
0.3447508546795
0.2955684224807
0.28301407779165
0.3213581080548
0.28375913980041
0.29576448696785
0.3029478486137
0.29352735443565
0.30985106486178
0.31648334793874
0.28976582484386
0.27546403030468
0.2777062880895
0.26491931347263
0.27352303091313
0.29820146544135
0.247993603573
0.26073392144174
0.23929890948283
0.24994215769691
0.26603409223399
0.26501463505112
0.27763617374232
0.27282104549928
0.31896293316466
0.31100301422861
0.3003126595455
0.30497752539103
0.2789950522983
0.28871265453084
0.26687607974114
0.27245332862249
0.28506904121228
0.29891144962564
0.29981256504423
0.29567534006947
0.27491597758523
0.26253830944441
0.31567910769958
0.32727372475557
0.24865386406083
0.36570507677843
0.37322819760764
0.26754518672377
0.25312216680179
0.25993950486514
0.34971093873125
0.34545263595678
0.35816638039996
0.34414422613756
0.33895880020054
0.32867791887694
0.34316495097007
0.34527943864411
0.33023844049977
0.31085013486273
0.33569080916626
0.35052808819857
0.33770445295655
0.3300225581038
0.34184066983158
0.34827432373744
0.35399480011818
0.38462573659432
0.3517467669588
0.35259804568841
0.37013993278787
0.34186948417326
0.33088488947672
0.34075728739468
0.31475726548267
0.31208154910885
0.29956374788039
0.26735197403839
0.28111368017874
0.30163229087823
0.25996590093745
0.25410497899414
0.27832867622221
0.29831316395823
0.2489754743158
0.28019913592802
0.33809583238492
0.39479683343649
0.38309377741561
0.35862043121575
0.36124194349924
0.37969670134529
0.37175723262377
0.33828074599568
0.3311432612377
0.32207656478083
0.31916632351059
0.32494613600241
0.33662207745422
0.31859804471167
0.24785894739745
0.25000081461484
0.25935467515508
0.27843082748007
0.2531606040028
0.22999754695278
0.28972797200974
0.27467644468083
0.2956886906021
0.30116890919722
0.31212050372232
0.32199730268128
0.34505042684508
0.3250373019442
0.31955121495708
0.35123141091877
0.34772546047818
0.30837492175523
0.31759847177239
0.26752928051689
0.25874979970512
0.29203077931997
0.27193097327853
0.28861521926111
0.26197803142217
0.29023994496763
0.32276621942926
0.31151659081208
0.29930671231633
0.30242601145832
0.30358444421347
0.1990270141389
0.19808974500202
0.24704421270853
0.24351236299466
0.21146923718917
0.21588476801779
0.22715929261553
0.22161321322827
0.23599768262491
0.24906198194137
0.23120499878268
0.22022220283501
0.20927008107087
0.21521495389692
0.19371094764921
0.20537851022949
0.240252558161
0.23325375068182
0.1999967826228
0.19038950014608
0.30618273873374
0.27640714051101
0.29476257581377
0.27869067237264
0.27994573690721
0.25037288169995
0.26844215323153
0.30876346823132
0.24384909848468
0.31805220734635
0.32972143745718
0.32691997664625
0.32461525637373
0.35822110340655
0.34891861731831
0.37089151120385
0.33741773061988
0.33153845471944
0.33631936370106
0.31482364695098
0.31416229853213
0.33970873840011
0.35480125236905
0.37550467259423
0.34887813292696
0.37222652748561
0.36106307218567
0.35410163422101
0.34077401413506
0.34628590213953
0.35417682843571
0.32126516739765
0.31283511660612
0.32875700845269
0.28190156670992
0.30710443924543
0.28592144534047
0.29705035613998
0.30488877730013
0.31238637899956
0.30150324634162
0.33203890880816
0.30996539281725
0.30372506916448
0.32771713832321
0.31193798655668
0.30756984844345
0.28566553927165
0.27619246320253
0.28752770050455
0.28168625189824
0.29546353284153
0.28065175158895
0.27502840763169
0.27640283874939
0.25098527008206
0.27103734735596
0.27898539332414
0.26768733211709
0.27898236832042
0.25445131249282
0.25033365936255
0.23001149301445
0.34548384093248
0.34291805011115
0.38146644872203
0.3803203788446
0.3632918965332
0.3339339771428
0.32018059908283
0.31956959971663
0.29565717936215
0.31517706428117
0.34189078087749
0.29170223748804
0.28940423453387
0.29882939269777
0.31019864597162
0.30464665909717
0.30001398159321
0.30986008920645
0.28849036412279
0.32928193173631
0.29220963887127
0.27958497345475
0.27637722388798
0.28580134193792
0.29338847307824
0.30317437470117
0.3234359102856
0.27498784913052
0.25595349087038
0.30171591376616
0.26895703353476
0.2840027619867
0.27077016897166
0.27898805438107
0.272589993255
0.31621777612568
0.29207713164198
0.29505533712085
0.31186021603995
0.27473791634254
0.24977264158322
0.26168388694943
0.26312139325442
0.25537107021351
0.26519574382973
0.28070124362235
0.22772146803796
0.25346849946289
0.23328137781702
0.22622590666235
0.23857233159511
0.2579509112276
0.24875097114477
0.26375119668321
0.27346079869492
0.26828531697518
0.29585403568081
0.29243034777321
0.27841639741432
0.25309423575163
0.27181070348265
0.2411193535306
0.25330253704762
0.26182736246682
0.28504094762804
0.27632434349214
0.26271274901317
0.2540744552298
0.30197794053653
0.22620066755565
0.34894725751386
0.25879092997437
0.23172340692424
0.23768177700141
0.33519885859449
0.33412543579125
0.34380494561511
0.33166619641907
0.32804639234086
0.31623676913823
0.33007776606424
0.33472778601927
0.33442986589604
0.3247541725682
0.31569345691521
0.34175830311225
0.31402326541993
0.30617764707061
0.33858000744718
0.33938080763921
0.34049249119788
0.34051405506593
0.35026697862927
0.34018171101893
0.33968065230891
0.35187531935087
0.32221220096192
0.30748287722362
0.29545031259253
0.30022367351786
0.25545196892342
0.28311819415999
0.26673779407479
0.2773252679718
0.24031662096273
0.22785211408569
0.26715537799234
0.25041796885211
0.23487768557263
0.3437223867429
0.35949778797931
0.35017181078094
0.36255160767073
0.32424369314999
0.32763219320811
0.31957494575142
0.31373286037333
0.30372543183602
0.31807456070179
0.31802757010123
0.31436130832293
0.31630810511247
0.2261711712591
0.23326246112051
0.25523859672209
0.26491550008118
0.24558239346828
0.21150184545129
0.27026963209636
0.29416458006526
0.27736560871279
0.28372927293839
0.30381787476749
0.3131936513269
0.31947225091729
0.3359753967527
0.2996743107833
0.29983305990655
0.24608605858573
0.24861629590721
0.27099737359919
0.27241287918811
0.25916656739625
0.26981210200282
0.27674125554743
0.25054688834556
0.31292987392829
0.31395081023194
0.2813399399372
0.28772189632041
0.2831587707559
0.18521271781825
0.18886785176524
0.23215664443643
0.22976722308146
0.2072786076185
0.19414812994889
0.21344845051649
0.20771990030045
0.22218119471214
0.20278655749561
0.22029209242263
0.23772578473479
0.22428480275522
0.23165088696289
0.24657264940678
0.21190388656996
0.23152183888708
0.1947084212079
0.19980730415739
0.20401673896017
0.19015438287319
0.19422500153791
0.22539926476645
0.2341033032297
0.22241944874635
0.17106466049942
0.18586143787246
0.28624139718489
0.26511024563527
0.27559220798951
0.26891094944212
0.23881387637476
0.25328613628337
0.26604390139836
0.30169982980517
0.22536189874258
0.32478253501353
0.30557629484473
0.30840710552354
0.30056000071381
0.34121972266153
0.33307576431723
0.33072863079703
0.32084774407474
0.31674177020158
0.30483377913183
0.30118022035313
0.32128027735074
0.34325297567323
0.3591959365457
0.35275850756135
0.336766491728
0.34788019000336
0.32163888635886
0.30590774616504
0.25841785174448
0.28251404911137
0.26827922739463
0.27764305760526
0.2879972503979
0.29869308975577
0.2955007318009
0.28150411705397
0.31050892873791
0.28659781118453
0.28762838660675
0.31185809532555
0.28507907358532
0.27084208158733
0.26439389162953
0.25947691214627
0.27077736243946
0.27553594061603
0.27460251934844
0.26081283876241
0.28494448971238
0.26587320213059
0.26282094828738
0.26370238006866
0.26420341463872
0.26488899811127
0.2451170263886
0.25985918402855
0.2469385106173
0.2403747817879
0.22869961746084
0.22186171448398
0.33786648736163
0.3474239760864
0.3086694390256
0.31282015581644
0.31089497585135
0.27942337236253
0.30342669896823
0.33384967591594
0.27821178710016
0.28659174244319
0.30016332932109
0.29838505567403
0.29360254502597
0.29794141220525
0.30872912532157
0.2669884221385
0.28277657742511
0.28709185574406
0.26591440657606
0.27075287485623
0.26886401805483
0.26633295209612
0.27921936329834
0.29712964425142
0.30826602718026
0.24127632459469
0.25699022932305
0.29256404147808
0.25808760078367
0.24914995943257
0.26993942133869
0.2678407232905
0.26810640404252
0.26260898457168
0.29497110991115
0.27588812488413
0.28321099921546
0.29251236753221
0.2630007962775
0.24193911363679
0.24956811160997
0.24926393824435
0.23638922079856
0.2558839059603
0.25749052568479
0.20875453765774
0.23388235444856
0.22449530231069
0.21491475555603
0.22529903854035
0.22051152150365
0.24272756375881
0.24049912557612
0.25034484220184
0.26034375620974
0.24901484050952
0.27639341024491
0.26899688141403
0.25683276857699
0.2322404101138
0.25779297938298
0.23408344403508
0.24934235383638
0.2859508145868
0.27142121411196
0.26597666049392
0.23529033584075
0.29894579644046
0.20822901197691
0.23603820644415
0.22077117061939
0.22480785796565
0.30792970764818
0.33212129934928
0.31193839631562
0.3098004380885
0.3228485494847
0.30268546633912
0.32471397992177
0.3056051834979
0.32090981083406
0.31529818023847
0.29964827966829
0.32034784871789
0.32985591674425
0.32078657985585
0.32721946010929
0.32982142415455
0.33509100237333
0.33085005443288
0.34628362057686
0.30030625696089
0.29298821780704
0.27854253378127
0.27955967598689
0.24047874728836
0.26404824289421
0.25331040756382
0.26700658114359
0.22712064072194
0.21683813542939
0.25199007005291
0.22749633837147
0.22175807432672
0.21848776896432
0.33450174199272
0.34768200962462
0.3391578345969
0.31043010064534
0.31716387645407
0.31081183040488
0.30759863632542
0.29733195125329
0.28866521328
0.29421652085173
0.30440112723639
0.22068089180959
0.22785727162027
0.25568678491787
0.2357877424701
0.26535515906707
0.23530567768366
0.19572751108902
0.25857346612973
0.28050456021494
0.26902075478184
0.27305779876347
0.28371754759782
0.30393289000542
0.31088644225568
0.28399120969733
0.28178199570411
0.24874347421829
0.22814263872178
0.23595437355301
0.25050829678858
0.25992205455266
0.27040540545752
0.25390993557047
0.25620671792931
0.25774711819937
0.26779285981016
0.24673316414113
0.29320296190513
0.29624955960059
0.27405478051262
0.27483720124718
0.27479039024005
0.18140646407695
0.17245021652164
0.22222798392607
0.22483156866719
0.19034748463782
0.20469116767181
0.1798004922877
0.20831041370465
0.19403592789511
0.20689924348064
0.22285069724252
0.19420449054007
0.20312296168487
0.22408608814862
0.23191253849547
0.20487041305245
0.22742912867412
0.22566039478114
0.25318826108383
0.23439856761486
0.19849521739697
0.20820490332256
0.23311314517675
0.218514075261
0.17515087161737
0.18029841039756
0.20255022404228
0.20639483266787
0.18076351225177
0.16761655191059
0.1751637288985
0.2179050349732
0.22122097227586
0.15864528525194
0.16639472307852
0.28250341045049
0.27743893249789
0.25583433823224
0.25419274674096
0.26687050137272
0.24761827742213
0.22230939355033
0.24404939439722
0.24944772571261
0.21342383691105
0.3323587964956
0.30396825269744
0.29433893550677
0.29221631116427
0.32609885158293
0.32596152496412
0.3168420270724
0.30091520714581
0.30931973211241
0.2857037091597
0.28137457819906
0.288445986648
0.30800613243619
0.33955590227435
0.3192463545907
0.33241215302952
0.30780147419802
0.29319694465329
0.29178479933313
0.24352065498867
0.26919562956029
0.24777888544213
0.26555994157612
0.27243033906837
0.27035012704274
0.27687764394346
0.2733611489469
0.26520964162714
0.2830106022544
0.2715086213645
0.27427731217312
0.26898780040874
0.29968352133696
0.27502588253379
0.25937478996408
0.26243967332955
0.25517721409578
0.25863707802524
0.25297609675707
0.26992806003966
0.24804265766487
0.24597052324249
0.24880130974681
0.24810664087158
0.24695101888658
0.229401541218
0.25047618425845
0.22284722409521
0.21300900884275
0.22164417353033
0.20323308019689
0.32048105374041
0.29214303540277
0.29396112319377
0.3193188078026
0.29180328492917
0.2742329014253
0.26625225049803
0.28795316341267
0.26631206776982
0.27267199957143
0.2708832668695
0.28323526059088
0.28704273669666
0.29417906912391
0.27952892308103
0.30359075780391
0.26261160705108
0.25632302737637
0.26693306868758
0.25375886532665
0.26267129013084
0.24913265932108
0.25221773970552
0.28020037043507
0.26464123548975
0.22148172493663
0.23978809314848
0.27279247373662
0.23530430420122
0.227226440352
0.24869057951573
0.25758284656175
0.25617042406638
0.24565051364224
0.28024948413943
0.26390763105535
0.26694447159748
0.27554448718146
0.29552989349557
0.24945136643656
0.232328989421
0.22540532318923
0.23004739457056
0.24849041478507
0.22930646885413
0.22534754472775
0.24143640123647
0.24455767380638
0.20819019021245
0.22319105547938
0.22209726738146
0.19614280857705
0.21140511842539
0.23026823521347
0.2316301199888
0.22493197752915
0.23154824597287
0.250316690089
0.25104234285652
0.24482064925696
0.25838399810295
0.24331322790117
0.23139655248016
0.21898820716033
0.24863398124509
0.23167769866418
0.2714527877503
0.26672825177135
0.2600935497705
0.23043148345027
0.28028269841101
0.20711141243474
0.19921016313118
0.21463108863403
0.2973278998315
0.30978496405993
0.28254278311711
0.30543872866599
0.28776380015884
0.30794054316996
0.28411483577633
0.29622705021386
0.30340646990482
0.30116463840045
0.28602310447815
0.28671370398157
0.29965388252601
0.30731337643539
0.30227658495786
0.30637347463847
0.31590858828684
0.3134374027412
0.30864858167465
0.27712813151983
0.27189061281657
0.2535649151255
0.23626462889198
0.22940734641292
0.21382052486008
0.19469649335787
0.23396129526989
0.19988507778692
0.22421285703603
0.20078840670802
0.31853198312493
0.32229991866771
0.29640876463732
0.29050297817913
0.28695710774624
0.28367953394112
0.27989834629932
0.27610754106148
0.28893580682478
0.21640591133062
0.22097851635477
0.21906859867715
0.23968418064937
0.25199306641366
0.23004545684317
0.2719678593848
0.25610932485329
0.26643651439963
0.27684194575522
0.28976913192042
0.29420199091438
0.2819336323445
0.23312112980697
0.21528597419176
0.2293215314816
0.23618986899493
0.25709362141645
0.26575907120579
0.25240082564644
0.25489677243754
0.26002872821829
0.26867602776845
0.24095549664035
0.2617638033086
0.26680380946399
0.26690285624564
0.18390311289207
0.16454981017255
0.16047112802939
0.22041779584257
0.21024543328985
0.1744811063182
0.18752463321903
0.17224305120101
0.19757838747195
0.18510174874661
0.19493420342926
0.21383902587692
0.18074211001265
0.19473785260615
0.21551701693895
0.22127316224894
0.1917163563343
0.21298315559089
0.21779101498562
0.23754368704036
0.22794713258891
0.18995782390349
0.19430852383938
0.21469739345437
0.20923429484177
0.16665096643081
0.17072147445409
0.17161168482672
0.18974622376789
0.21169292772127
0.18940929613513
0.1752073563151
0.15959839462098
0.1684627464964
0.19268468766399
0.19703256700978
0.15006265412782
0.16248881475398
0.27062895656726
0.23714228066103
0.24086658414329
0.24919635411465
0.22961550505203
0.21685219156941
0.22988655792906
0.25266666862394
0.19620435686176
0.30653317649012
0.29158636431351
0.29698151462191
0.28249323506487
0.28706463603283
0.30445827506222
0.3115832597338
0.30212377580975
0.29032638858593
0.2949546467964
0.28191796028259
0.27806525355747
0.26708259248486
0.26254316841015
0.27755720229943
0.26643519758751
0.29909536638282
0.32049228062063
0.30987091935817
0.31822289848204
0.30155050124585
0.27689437198494
0.2926068915554
0.22271050201421
0.24231910526642
0.27016427764851
0.24825480825663
0.22799408228275
0.24590359979411
0.25686902610063
0.25797621362128
0.26407273065086
0.25605624187315
0.25288688450687
0.25382981596867
0.24911914312141
0.27556878950812
0.26737779026712
0.25767341524351
0.27922774261153
0.25036585907666
0.24514244804418
0.23301775917353
0.23784380723104
0.23232497059555
0.25532026527737
0.24629856853116
0.24061260852761
0.23812085696286
0.23540269171285
0.24207531145913
0.23336036762891
0.23111466522451
0.2111930687808
0.22396174027556
0.21193026682946
0.21073425913041
0.20345295067211
0.18608146019247
0.3078138604346
0.28948285561491
0.27907739289422
0.29240042356265
0.30070735925662
0.28549370327012
0.26893901418792
0.25954719232469
0.25587266267335
0.25615923432504
0.25748856322388
0.25858795612336
0.26713645752279
0.27585324292475
0.27732855087084
0.26007683525427
0.28594094672603
0.24950017479749
0.23904690056183
0.26037588417398
0.24939707006682
0.2409358040286
0.26791727906498
0.24923797051656
0.20166807998181
0.22193413850773
0.2410217171273
0.25751636238332
0.22621894561087
0.22337674580413
0.21671877141304
0.23457912228506
0.23387390118663
0.23083210092133
0.26594172658013
0.24698856833585
0.25166289251378
0.25316893408478
0.28023948699452
0.28285335996035
0.24255807132264
0.23159148038469
0.21296459866658
0.20599273105748
0.22029367140248
0.23044765190677
0.22122814912806
0.23004812904728
0.23880935668047
0.24781601831628
0.1836449452097
0.20734446472625
0.21486669109417
0.20941375445766
0.18833278231395
0.20064901261542
0.19928952210284
0.22127715556472
0.21681247331687
0.22283574945667
0.21209704304845
0.23073717746385
0.22267755053664
0.23124389350553
0.23332306468416
0.23518045483068
0.22339014458803
0.20517033999672
0.20177067028356
0.23342374812113
0.22195531240903
0.269012852113
0.26474588818861
0.24439571617227
0.22153780431438
0.22497257356428
0.18644133414274
0.18133195686187
0.21575334667517
0.19719295011073
0.27911099749217
0.29069974677213
0.30022201131791
0.26646141029156
0.27159138807558
0.27691070160001
0.28809759248757
0.28026312087271
0.26386217266742
0.2700953721757
0.28391670553608
0.30118886762658
0.29038093112073
0.29371539572543
0.30459949588371
0.2565657996534
0.23916161950154
0.22067346868953
0.21517807654093
0.19668195242691
0.1785322454758
0.19572417641755
0.20677281953238
0.19149332013546
0.3041056249394
0.28692653599578
0.27984320656625
0.2824752005866
0.27244529950327
0.27962266432328
0.26118500339338
0.26252140155048
0.1984489646954
0.20145423364413
0.2195841124426
0.20506529847507
0.23161573456998
0.23616135063606
0.23907246924585
0.24308522846174
0.2484140032796
0.27700891058237
0.22637870281755
0.2158429752207
0.19750649509709
0.20281975150794
0.2279338402156
0.22187656690797
0.23029782841854
0.24430110300593
0.25146185974341
0.24191123784506
0.24888990893457
0.25079208634312
0.22877380717607
0.2495400080213
0.25234958525215
0.16809842550683
0.15801196428254
0.14952039746335
0.20908447229171
0.1972294082707
0.16602901649981
0.1823749311294
0.18486027782236
0.16074896151828
0.171897741912
0.1891958789466
0.18475850736378
0.16803906624674
0.194583211474
0.20291330557411
0.16812492930394
0.18323252865673
0.18653804674269
0.20133289727418
0.21663860249363
0.2133907467395
0.18581064146693
0.19809700909899
0.22093593643047
0.20714903321436
0.23129335649241
0.22478498656314
0.17465764248822
0.19251032406218
0.19615028392692
0.21116445903476
0.16301085596844
0.16522553300301
0.16411624806762
0.17883651982102
0.18765982468463
0.19536056192281
0.18319969141699
0.16774792617883
0.15760881631165
0.18464417492926
0.19141177967002
0.15078397468814
0.15711137989628
0.25615099127946
0.23405542188048
0.21868885970519
0.22304177406428
0.23727085369888
0.24670598475601
0.23987474022418
0.20543921841257
0.22674673488821
0.243739925237
0.28386248937546
0.26286088297363
0.26811577533742
0.29587208197218
0.29458336581025
0.28744659569117
0.2799950858627
0.2764009715037
0.28126196819481
0.2803157141569
0.25628566939508
0.2700227911144
0.25740788901914
0.25876512397339
0.25485024819967
0.25050658524378
0.28983285651592
0.29630896075382
0.28184859590544
0.29589658105882
0.2650806557474
0.27997355451898
0.20289313055333
0.22686508844303
0.24642366037996
0.22549313293282
0.21984051324283
0.23184030420587
0.238127218799
0.23738594669532
0.23603273040196
0.23516776673101
0.23341092442022
0.24961982175157
0.2543607079026
0.24050651493055
0.27034210473367
0.2443794644821
0.22970570608546
0.22083181313039
0.22346788413556
0.23832814101155
0.23382158997041
0.22678667166524
0.23616296201996
0.2308967927652
0.22163251844555
0.22685000711567
0.2256321888172
0.22550455261315
0.22205149191061
0.20378048981705
0.19294161085592
0.18213159856203
0.27130404027632
0.29000923083383
0.26655678305615
0.2722371019536
0.26919130723463
0.25542927306698
0.26176084567989
0.25021383842214
0.23770633429578
0.24973373034808
0.23814823637886
0.2394638973877
0.24814181392867
0.26633579265251
0.24797361116003
0.23663192188024
0.22761609719177
0.24655046946013
0.23454951286088
0.22584360324856
0.23051172915414
0.25633559456223
0.20558064417196
0.19371665350703
0.22217543802649
0.24049098222665
0.22206805108454
0.21120083141576
0.21581606412253
0.19660319658411
0.2283153177864
0.21788741219413
0.25477535345061
0.24200200352846
0.24177357422566
0.23855063963135
0.24375810692126
0.26587153163967
0.27306254645888
0.22637912378562
0.20661579122994
0.2059512132161
0.20024103352864
0.2109015020477
0.22205789487922
0.21007983645951
0.22165432779923
0.2228968617535
0.2433694053698
0.24466132851952
0.25093077738802
0.18130245638298
0.19117783187359
0.19846951794107
0.19623774499268
0.17976179679562
0.19154045073221
0.20855139237821
0.20674283472583
0.22513039618731
0.20819524206922
0.2047533529535
0.2210185808263
0.21046684186804
0.22411382994187
0.20361347979288
0.19349014387089
0.20281075594017
0.18492262099241
0.21644378021636
0.23346561858678
0.20847455656257
0.21420520550408
0.18118200008006
0.17714513601801
0.18659989471496
0.1985558501404
0.26031894863313
0.27380090912006
0.25161825887192
0.27282760772643
0.25977584315709
0.25497718750728
0.24609531295845
0.26935385206621
0.25010637281618
0.27243607224267
0.29502195107047
0.28188412600398
0.24462421257037
0.24515286646391
0.2207012285648
0.19853549190618
0.21243099737015
0.18483065362435
0.17878246764114
0.18985477200422
0.2000381990983
0.17750254112651
0.27453128911405
0.25931310565633
0.25654600227022
0.24964263826773
0.25612102836135
0.24964072921838
0.19329603788445
0.19950831986923
0.21034544176568
0.22678130436641
0.22177929780906
0.23131117478711
0.24168133340049
0.2726198923663
0.20790214072165
0.22600237311186
0.20458906389103
0.18801584821692
0.19431201009858
0.19032053439682
0.22003426242183
0.20960705522785
0.23001450034829
0.22393033147187
0.23207886502462
0.24115570560624
0.24106907296679
0.24987271757003
0.23804422672558
0.24493661166903
0.22835903876326
0.24160294903764
0.24843108383851
0.15099048124162
0.148618272612
0.19789930203809
0.20303970300984
0.15205790821603
0.16245965606162
0.17084839141661
0.17950483837096
0.17289275529638
0.14942277700189
0.160266976343
0.19125310986546
0.17543891597136
0.1708552203785
0.18320179063068
0.16154623017886
0.19153939206398
0.19889272083728
0.19534419801933
0.17062641816171
0.18544023697881
0.19194340538243
0.17163550877957
0.201834711185
0.21580077975979
0.2007165264917
0.21632347511944
0.17059354796624
0.18417369124318
0.19002956730108
0.20795947844834
0.2021157831145
0.22242357418017
0.16979860849203
0.1829917397267
0.1970407734306
0.14799639530923
0.15075099541209
0.15041153078417
0.17287663823241
0.19567729456362
0.18036736500394
0.17083867207318
0.15444770945934
0.14305224438329
0.13808980430171
0.15191850233974
0.14581259057414
0.16535845680844
0.24854297817779
0.23196609752797
0.22902652948649
0.21863816614551
0.22169725691424
0.23461111012566
0.23741589299506
0.22534940652479
0.1949143928871
0.26491098102021
0.25274175371094
0.29017438309378
0.27123356441246
0.26030876356717
0.24849166866919
0.2637678939027
0.26392195732001
0.243943176248
0.24738326640785
0.24304238851479
0.24492975741677
0.25505099021768
0.24220465725386
0.24310939528628
0.23124969812992
0.28297576433231
0.27246402968598
0.27368063084832
0.24555525816471
0.26420694981107
0.20644518166428
0.19206466152492
0.23206805261286
0.2181832321809
0.20036428551535
0.22827534588004
0.23126445617836
0.22461103135967
0.22071078777292
0.23474965586891
0.21771885346439
0.23820792199417
0.22909413487979
0.25773111942645
0.21664299682939
0.21399551909699
0.20954494111868
0.22611383097831
0.21835629747122
0.21734948517301
0.22057493761009
0.21840895662421
0.22194513768585
0.20671261816583
0.20407164467497
0.20433964682206
0.20482589914755
0.17834116529965
0.17941198207845
0.16678155110797
0.26559496253561
0.27497894170494
0.25447874062052
0.26586553345122
0.25214264356764
0.24712144606509
0.24437611672219
0.24169357383696
0.23750937561199
0.23212799282806
0.25386984275463
0.23536196294103
0.23582752250248
0.22596678650145
0.24108569321028
0.25049716271684
0.23668055721545
0.22046099708107
0.22202183401595
0.22014018459216
0.22886062542291
0.22416998786348
0.21475309428354
0.21403346231239
0.19550526551083
0.17857380925724
0.20258414381804
0.19133735491903
0.20201267284402
0.18155702875367
0.22414287710518
0.20564030878975
0.23174405841529
0.23481876644145
0.2294745136997
0.24793501304269
0.23365919131163
0.28204140648474
0.26116008562583
0.21254235056462
0.19852203988701
0.19810904503161
0.18707529147345
0.19658321167493
0.21173608860299
0.21646589357235
0.19620363986049
0.20774761364407
0.22184298077073
0.20721565501355
0.23250767865241
0.16485522739496
0.19490395001899
0.18860670453095
0.16755529320924
0.17887523589073
0.1835232720775
0.19677152634087
0.19276202349507
0.21594424274337
0.19731449458187
0.20662552907112
0.19419240248989
0.21904263388171
0.21177192993856
0.19752456426744
0.17622936805208
0.19052237132094
0.19722536850483
0.18595770668981
0.17959307578116
0.19363178101783
0.21098275204464
0.20512891886862
0.21782402249652
0.16715097897463
0.17745199040773
0.16261765315351
0.18892491834409
0.2473371565077
0.24877976832745
0.25471318257287
0.22877564007539
0.25388724060616
0.24278882029968
0.2269899573542
0.24860181271112
0.22718253762867
0.26140754878861
0.25739879138275
0.22531113185258
0.22424306654458
0.20085609755814
0.18963621745123
0.19616294810422
0.17835781170206
0.16682047617985
0.17361636468127
0.16418964669721
0.26123253616717
0.27723168416189
0.25323171723062
0.23939838057606
0.24008986403223
0.18726345716696
0.18874710337071
0.19382264523268
0.20508147651395
0.19963942922547
0.22936123105245
0.2126517214224
0.22073483175228
0.25795918676312
0.20024113327191
0.2091520597092
0.19108741007613
0.17549100356202
0.17764785327282
0.17304616201678
0.20747029238536
0.2034126260895
0.22651888050105
0.20844012685076
0.22618786930661
0.22735898715855
0.22565688191717
0.23703227271621
0.23850532448215
0.24040291478813
0.23346506536133
0.13811893135256
0.13812312092976
0.19138394753728
0.14624367150706
0.14931120902981
0.1676981541389
0.15670914194891
0.16685006219595
0.16224322022549
0.14017052552297
0.14956163608635
0.17756566827389
0.16816460290896
0.16166622909294
0.17603892321343
0.14891415647741
0.18025305132107
0.19440263793977
0.19212237135744
0.1642625634527
0.17679666517448
0.17933752348373
0.16742516247068
0.19796915437599
0.20573449611363
0.19283435529333
0.20570052414733
0.16331101654948
0.16911770779185
0.17901718818873
0.20358225033545
0.21070431302877
0.15807073405767
0.18508223214609
0.17225835426586
0.19447609242137
0.13963957876667
0.14370681509311
0.1470290357028
0.14808798329245
0.16252582192541
0.15781025292684
0.13823530197142
0.13649200820844
0.13157714404352
0.13932619974495
0.14337213237179
0.15652355465366
0.21783544168681
0.21511421625686
0.2048613340442
0.22057568454824
0.23805037687
0.22334647393577
0.20903055770723
0.19068098619873
0.24933101807961
0.27320733750076
0.26407493493204
0.25994895711942
0.2443995175777
0.24710120756678
0.24566582187313
0.23806819320976
0.23345829154694
0.23599554005846
0.23394169893904
0.23796963180443
0.21863220663002
0.21084284271236
0.27039291119694
0.26262357954919
0.24029896067239
0.25268871097763
0.19535200012544
0.17729206793228
0.19814460061064
0.18554801475072
0.21587058826229
0.22229125598214
0.21967134697019
0.21391749909589
0.20365707743719
0.21823661140557
0.19638545468157
0.23196279051821
0.21978649164632
0.21969696203002
0.24204429595594
0.21336379714648
0.1919317395374
0.19026338113319
0.21797019259708
0.21144457462148
0.20144465324357
0.21233102832202
0.20924559759646
0.20197359223804
0.19485705901459
0.19429456194665
0.18899547932548
0.16700188139145
0.17731214108705
0.16622149550925
0.16140037441311
0.25781520970339
0.24619009875407
0.24679325860509
0.2496693181392
0.24686443594806
0.24353580716246
0.23560478768734
0.24652154266881
0.22836324854519
0.23772339446211
0.22053638348877
0.22946997696718
0.24154466319154
0.22676740507761
0.22844135836453
0.22083463586059
0.2251192196108
0.22269731036599
0.21596256613107
0.20612279231895
0.2196488252414
0.20748451608528
0.228650334808
0.20417430512462
0.20420027319351
0.17641063562918
0.16554607913643
0.18422395628701
0.18574092731262
0.19598906835571
0.16954358129298
0.20866424664587
0.18987202030052
0.2159017284512
0.23803898977922
0.21398873920813
0.21128129799901
0.23099205059585
0.24389990834938
0.24296251219578
0.21481089809808
0.20059348611349
0.18423834037923
0.18214130332463
0.1767560845363
0.18885680224461
0.19660460310233
0.19889779823753
0.18796382438018
0.20888788727325
0.19511097318577
0.23643572395082
0.1607417903899
0.18627690952962
0.1831498273043
0.18053533967219
0.17183145211528
0.17437536016111
0.188051924521
0.20343595188652
0.19137414648972
0.1986411943678
0.19335918902241
0.18143001815763
0.20401130838938
0.20061711841997
0.18876640823785
0.16329151843017
0.17581257895217
0.18650202264078
0.17892080626321
0.18063734477817
0.16535138887118
0.18537857432774
0.18768571987282
0.19903485470579
0.19961131127647
0.20912630348527
0.21454035177073
0.15881408432281
0.16721668895438
0.15296945165121
0.16499954323746
0.18268060058563
0.22517413600846
0.23787979797536
0.22338414581667
0.22525808693951
0.24200025005273
0.21908867763416
0.20764872350147
0.22738479650312
0.20921631444421
0.20505793398373
0.19263987481978
0.17646088636331
0.18785789613367
0.16351000940719
0.16755615525378
0.15933256605954
0.25801425920439
0.22388418599619
0.22737115416401
0.17160883165452
0.18325199979664
0.18817017360829
0.19681312745091
0.1995771811968
0.19292415167041
0.20957827966581
0.18885848849083
0.20460029871164
0.19058888256835
0.17737127830286
0.16824638539951
0.16351432730574
0.17062807708869
0.20107506503687
0.19507345149785
0.21259205876491
0.20006657185828
0.2102030975016
0.21389306704419
0.21939177251541
0.22573808575759
0.21895354809111
0.22732841065217
0.22301380241958
0.13186216937593
0.13058064408272
0.17918875637098
0.13436268723573
0.14034815943404
0.14718534709763
0.14801541171035
0.15726863137434
0.15745689059684
0.15753845809957
0.16582404274303
0.15188972643749
0.14012207094395
0.17945776094212
0.16245739134577
0.14789761019059
0.16708899161591
0.13705187635462
0.14976337419195
0.18501529251286
0.17827380218717
0.18285983173924
0.16893475385978
0.16077335645113
0.1819754321002
0.15712040833661
0.18967969675812
0.20240820717237
0.19387749941857
0.21030476351836
0.15413324192398
0.1653940001995
0.16414163772745
0.17693266390656
0.19604060325114
0.20736456334146
0.17549376256422
0.1687399756311
0.18218822649542
0.13571444046529
0.13846594074717
0.14461781692868
0.14148083056663
0.14208861922644
0.15571352772948
0.15287446543928
0.13042103102394
0.13082452020164
0.12334065002494
0.13904537312575
0.14303903070244
0.20523971797402
0.2003119495421
0.20767283654906
0.21903881541783
0.21040871871105
0.22095996293534
0.17849314991484
0.23572080818337
0.24928445255341
0.24670840505306
0.23346299954192
0.23301038249185
0.2335626218445
0.23886334352903
0.2278767212157
0.22884704892027
0.2191387386806
0.21923360658606
0.21770668329285
0.20551390208072
0.2000175568648
0.20372969739976
0.2567986450404
0.24679704565797
0.22504126366988
0.18368691219262
0.16457600829833
0.18423909595554
0.18156338096091
0.20923567182365
0.20787617234055
0.19830614726206
0.19417512291317
0.17790191934334
0.21924403805242
0.22461943158681
0.20603873674711
0.21427029114792
0.20648229444644
0.23013740234551
0.19857532900119
0.18911912178301
0.20508476207942
0.20138670059141
0.20256293260348
0.19196304868788
0.19558177050547
0.19163077639811
0.18576811302288
0.18338672217647
0.164078098015
0.16804098463131
0.16188165720367
0.14944809446829
0.15812843256745
0.25066068356786
0.23226854527838
0.23082643160681
0.23083237008865
0.23139049638054
0.22279358948061
0.23840261395558
0.22172255891167
0.22243601492232
0.22346723634755
0.2080324609977
0.21618518922039
0.21720559082556
0.21695174046858
0.2183970077579
0.21611030164343
0.20705428515283
0.20147758807674
0.19920082959834
0.20419892095908
0.20560499781176
0.20132028823028
0.22290770229175
0.19233647736659
0.19343068036706
0.17419777175666
0.15670070228009
0.17050713485541
0.17955036077712
0.18420358337121
0.18518941652276
0.21987844017199
0.20316333784168
0.206972561873
0.20043461210618
0.22398999010498
0.23449485099111
0.23545635269708
0.18662543627831
0.17573843585159
0.17559001072682
0.16183024098124
0.18119681967277
0.19564008919517
0.20471963958643
0.19581164472166
0.18755536803483
0.15490187506106
0.14825256201417
0.171689484323
0.17022483880469
0.1633933894793
0.16566800549818
0.16347595906358
0.18826210087613
0.17878009681221
0.18671240664404
0.1874099395251
0.17748186794781
0.19897654060167
0.19710622569872
0.16319828299155
0.1513381974219
0.17073060722708
0.17452044253509
0.16606962263988
0.16430678485277
0.15508107066258
0.18019838975305
0.17873519188979
0.19002198307952
0.18468517592879
0.21214906973058
0.19968864235636
0.20644920712874
0.14960819196941
0.17095299567094
0.15767713418481
0.15118474870146
0.15345052466757
0.22021446900042
0.20442163592735
0.21485617509427
0.22508655393033
0.20282100634683
0.19918311309217
0.17793335376667
0.16714156313057
0.17129515647134
0.14943227641416
0.15770241950506
0.14893632942054
0.21307160800281
0.21889247129843
0.16786632412082
0.17648616257927
0.19307759487559
0.20011590429212
0.17731693035108
0.19313616887852
0.19257659953639
0.17586878174474
0.16684341721707
0.168606814469
0.15649843978819
0.15579668865993
0.15957546905641
0.19468746297183
0.18156520640551
0.21256794549393
0.20536436827194
0.19638139208439
0.20945478846535
0.21271609167426
0.21713437509292
0.22431075325354
0.22074656680075
0.12966454976065
0.12412633063414
0.12813920534206
0.17490540632732
0.1270177947419
0.12910562564972
0.1393429159528
0.1391557816742
0.13945471416145
0.14266417376027
0.15535127487171
0.14626475407718
0.15732626779789
0.14644738601239
0.15992061003598
0.14148302999598
0.16324612707923
0.14902514855065
0.15053714054992
0.1379423069468
0.16024192902743
0.16533907975918
0.1296327306271
0.13321239915728
0.14446196952014
0.17893499493103
0.17411889540333
0.1810573743695
0.17078172586585
0.16926519445931
0.15316935854916
0.17762175581926
0.15571013364021
0.19245685100146
0.18373128544614
0.19325642752177
0.20105007172668
0.20664154878238
0.1596911543532
0.16197106351115
0.17229000417259
0.185397892569
0.20307695636301
0.19331764038856
0.15846106426647
0.1719619051458
0.17982675824751
0.12554267551983
0.12840079621999
0.14266458972439
0.13476892584429
0.13323605774604
0.14379368222983
0.13295724965055
0.15119374354742
0.11956400306435
0.11939410866809
0.11495489931248
0.12804253984089
0.13693800888899
0.18602348532748
0.20005703574498
0.20876106738423
0.19683416291755
0.21550130172122
0.21273914712839
0.23573709763968
0.22064599541743
0.21776369461179
0.22573684348825
0.22929671027149
0.21720257338113
0.21495437364413
0.2095028422136
0.20649051315204
0.20964628558089
0.20292671779271
0.19693336368834
0.18141339485588
0.18729058021967
0.23764884904224
0.22322681851102
0.1675228797621
0.15316222749785
0.18147022520114
0.16638917701148
0.19813667960038
0.20442450375376
0.19401806772036
0.19020149285074
0.18106339383879
0.17812559398916
0.20601442818267
0.2183588872998
0.21000070403227
0.19877387812755
0.19582042632706
0.19963840694144
0.19602979282587
0.22554165591026
0.17385882590975
0.1906519248799
0.18501391982533
0.1915244657129
0.18358940390365
0.17410834333022
0.16990900215778
0.16591689625922
0.14986391659119
0.15406717960745
0.14990047561318
0.14403747233702
0.14728362601151
0.22625627579018
0.22744642749613
0.21503244928224
0.20885290764425
0.20845304993385
0.21401265987874
0.20709241084613
0.1999141462537
0.20639402933959
0.20364894170992
0.20970556020554
0.21328775954718
0.20244003436535
0.20077136049168
0.19355832637266
0.19153935567112
0.19574224978425
0.1925327006429
0.19430282051122
0.19557686733735
0.18814227433754
0.18211506852004
0.18388934004421
0.16640157449466
0.15884945669793
0.15442334196524
0.16828840101304
0.16911798339212
0.1736304019798
0.21126328067727
0.19276893714203
0.19816350544598
0.19263643878596
0.18981520744078
0.19403366362213
0.20309691170145
0.21759563866338
0.2208430889767
0.1730135568855
0.16541574949026
0.15292854193096
0.17297270475989
0.18534522061286
0.19096174955992
0.17205336276313
0.14627431120897
0.15631694298975
0.16667303780383
0.16004221333545
0.15694182103051
0.15786387651902
0.17750364495572
0.17028621577168
0.17493209309248
0.17898885937414
0.16967885679942
0.18161528836763
0.16024044752354
0.14910986725645
0.16130838395758
0.15655601536636
0.15816014076912
0.15351736828215
0.14924391419772
0.17953020703523
0.16890665077721
0.17282971237996
0.1801771678413
0.17989755073974
0.20770603228391
0.20462137130431
0.1872082731037
0.19705560691276
0.13934150995708
0.16322163426493
0.15186657308925
0.15130613701111
0.14055445264461
0.20978790017387
0.20626637639989
0.20057682325386
0.21214038599082
0.18247337205228
0.17856343762444
0.16551121467434
0.1562473848766
0.14880350793215
0.15091015375372
0.13874353723094
0.20512353665778
0.20483534073444
0.20784476506024
0.16389567384699
0.17402187167454
0.18269833108358
0.19661491344333
0.16709711783031
0.18393315253259
0.18460988811488
0.1621148111679
0.1524164839258
0.15404914872558
0.14347513527911
0.14312922377577
0.1466010273663
0.18211629517577
0.17648785982384
0.20542923598669
0.19912253431537
0.20177656685066
0.18509461748186
0.20199867011842
0.20760140440285
0.20769901609156
0.21254270577345
0.11880461404468
0.11658320900563
0.11795030378703
0.17254191433272
0.12229215942743
0.12047435993574
0.12695574300273
0.12861194219431
0.13360014421534
0.14186767835244
0.13782310095786
0.14633650146858
0.14085799928205
0.14752569261182
0.12962175871322
0.16103354469116
0.14478212598604
0.13935749259533
0.13203474354266
0.15506660921285
0.16365430209574
0.11644024223119
0.12235042043152
0.14040990877974
0.17381866125814
0.17749092287154
0.16712623429518
0.16117798364851
0.14948013852921
0.16491569134187
0.14868274863702
0.18278440117102
0.17511884206102
0.18410066048554
0.19854349261758
0.1993358719541
0.15223660874279
0.16165617938845
0.1535778388904
0.1579049580328
0.17943102851987
0.18040450055597
0.18957542347354
0.18473131121555
0.16609364460116
0.16661782027258
0.11839035693212
0.12420950542839
0.12278813459365
0.12509124045739
0.13229097090845
0.130007527991
0.13120809687102
0.1253365906953
0.13961491318007
0.13648012922447
0.11450948541353
0.11675953923287
0.10818339935364
0.12673878615411
0.12810730906421
0.136079559672
0.17731449676742
0.18735333392164
0.19560303450078
0.20419748006854
0.20338960445168
0.221366199743
0.20595830892097
0.20994286683206
0.21604824866217
0.20542073206229
0.20620892577773
0.2008144608744
0.19310156991089
0.19984688549806
0.18743592067978
0.17945499114175
0.17933161402445
0.18597272334423
0.17657800409888
0.163277078078
0.15701699154687
0.14726574852839
0.16393362859074
0.15911942422217
0.17043277141431
0.18959345473863
0.18477232921368
0.18036711040985
0.16548566362482
0.16096571083191
0.20604950978219
0.20352573807507
0.2053498949365
0.18840953126793
0.19547303792217
0.18527764643454
0.18567539806731
0.22254454108675
0.20853645622606
0.17400450247503
0.1829761248323
0.16878561923338
0.16540312190932
0.15079667941625
0.14221260566329
0.15316286371234
0.14493341003238
0.14458085348119
0.13711015202808
0.13435350707886
0.14765791798955
0.21286365072994
0.20450624385728
0.20519428690576
0.20176690094835
0.20013098196875
0.19241399510787
0.19762173834739
0.19933862778614
0.19945271524823
0.20453067316045
0.1943753443218
0.18465121597192
0.18187347303401
0.18214285777087
0.18294572528645
0.18105636409099
0.1838257086173
0.185392292353
0.18904143558509
0.17395062681075
0.17053964691302
0.17350668167594
0.1574549794311
0.14992862916197
0.15051436515893
0.15535908023825
0.16332888955383
0.16592115725994
0.19601102643546
0.17473090647849
0.17768401435284
0.19157003456753
0.17830720346995
0.18599695179907
0.17713053069353
0.17964898451874
0.19673384187652
0.19231034753145
0.21050641115004
0.16562184351415
0.16833367615879
0.16130875420774
0.14576086872044
0.16684771213186
0.17707386516684
0.19122755917353
0.16935101323799
0.16215974477701
0.13928133210445
0.14054844199839
0.14499739409946
0.15610125721834
0.15085345826211
0.15444127473802
0.14455787460022
0.15904157215758
0.17220780003876
0.16565406236279
0.17173802319385
0.1635194746587
0.17253328426793
0.1544508917532
0.14575698110542
0.13687657546917
0.14789389004915
0.14299635996185
0.13752815263643
0.16557402319183
0.16111682344348
0.17126638452997
0.17414775218659
0.19870521920517
0.19415104042363
0.18567603142423
0.17905452711136
0.15936866435995
0.14168646460083
0.1407527754424
0.13503475320593
0.19461284771296
0.1822182446951
0.19393133715378
0.19824193444223
0.16857356811429
0.16583609365933
0.16138482662295
0.14467605171826
0.14096823529356
0.14357615793622
0.14644000440534
0.19099080594487
0.1904547772381
0.15818268413444
0.17097696969416
0.1840058725615
0.17222733951908
0.15294502855042
0.16907506173441
0.15841524181372
0.14878574082627
0.1446064850903
0.13834935318649
0.13394474112625
0.14272566307303
0.17242482080462
0.19482977765917
0.18653462898327
0.1868945992323
0.1887733058509
0.1993829208327
0.11279062081997
0.10872177442995
0.1109810054907
0.11592544225739
0.12394083974135
0.11407275355346
0.12379198692189
0.12234349139831
0.13445767684196
0.13514853041074
0.13624733257028
0.1285256888255
0.13617667006049
0.14855236429644
0.13936963565723
0.12809485627662
0.15744137282797
0.15001666482753
0.13751491103324
0.14552097445043
0.13407580057696
0.12208054174865
0.15965960984976
0.15948518127151
0.11328832545732
0.113561046465
0.10962031690828
0.13497713781556
0.16383375517718
0.16213738282121
0.15121908754351
0.14635326651751
0.15599513997604
0.16444794325247
0.14042795801364
0.17722713737934
0.17182482393792
0.17680569299936
0.18736207756749
0.19132542821855
0.14748282296785
0.15171762024674
0.14791541632889
0.15521555768829
0.17482769031693
0.18995859930944
0.18465003408517
0.15360188085328
0.1680232037058
0.11860068304551
0.11687141627913
0.12143544901445
0.12605618784754
0.12578457183185
0.13006905592968
0.13558286388518
0.12126089328741
0.11811731751493
0.13206286666764
0.11351406064714
0.10834194152751
0.10618564615747
0.12521807797072
0.11864329767798
0.11921188541059
0.18387168954298
0.18475164641375
0.20006483508144
0.19654485716815
0.2119841528449
0.19298182199176
0.20492706120788
0.19871421690492
0.19850961131035
0.18675300124818
0.19282637346231
0.18536651080588
0.18829970086016
0.1752322170372
0.17991845268035
0.16371328001807
0.17546577183874
0.16656941885077
0.17538891118067
0.15150036692047
0.14756530375879
0.1493264675583
0.15908610106008
0.16788374586333
0.14850981855039
0.19885219826848
0.20408277130419
0.19630606258116
0.19237987900977
0.18608286400526
0.17767954207928
0.18182972070728
0.17353012740479
0.18107359225252
0.17491129467276
0.20730449077402
0.16715836428981
0.16496308199595
0.17279105186685
0.15066580209489
0.1606743027375
0.15312220126254
0.13893068524681
0.1433672203696
0.13431464652664
0.1368428208882
0.13825069768108
0.12849571652937
0.13232416373276
0.14095201782217
0.13994914776411
0.20316721350808
0.19951552877355
0.19160933397854
0.1906539353834
0.18872880923091
0.18147047952406
0.19404230392517
0.1880614072458
0.18874316430568
0.19910598509317
0.20234637355547
0.18385696381284
0.17310071994674
0.17523048699405
0.17548415314145
0.17715551821336
0.1795738172258
0.17780422193225
0.17365604998435
0.18428457142858
0.17810420813164
0.16466296585527
0.17282343586052
0.16316256157863
0.16221079203006
0.15696643918093
0.14007414163862
0.14511033090876
0.1498514720169
0.1400587177185
0.15233985885255
0.15751658561869
0.18897269931132
0.1992194632766
0.16588340458935
0.16827168434611
0.17057611518242
0.1732594185105
0.17270023228236
0.16682757931866
0.17584077275537
0.18444207182099
0.18146116381785
0.15745120139145
0.16150775576595
0.15340003930659
0.14717753493953
0.13757245597696
0.16619052990973
0.17625384889839
0.16025572234743
0.15530586935635
0.1346903344475
0.1310439278216
0.1414909720175
0.15101808882613
0.15046542530867
0.15712852016907
0.1430734309461
0.13659575595275
0.14643817535952
0.1659478178724
0.15723198178984
0.16102451744332
0.15481263912925
0.17037212653765
0.13628811317828
0.13831729421471
0.14839710031989
0.13893922066053
0.14370419695481
0.13197720410217
0.13592078871391
0.1298577351986
0.158376570293
0.15638771911031
0.16151805644619
0.16275470388325
0.18240646215049
0.18022906132482
0.17351507299755
0.14639959482034
0.13435676465012
0.12764097545554
0.18045545184164
0.16669882899352
0.16093718607815
0.14959438045311
0.14066749805299
0.13592262728021
0.18572648860736
0.18397441252026
0.18216989475486
0.15588062775252
0.163732102306
0.17032018024105
0.15973316490825
0.14768642819598
0.14458374833669
0.14483667460657
0.13478621389237
0.13280445299044
0.13247358024235
0.13213595870591
0.16284546510009
0.18553945499258
0.18347174407011
0.10785579353738
0.1064303936628
0.11640131791742
0.10861605317683
0.12049977807746
0.10778676293311
0.10825552005855
0.11864709690403
0.11645852385719
0.12569197590663
0.12772877052943
0.13397452950058
0.12465175969867
0.12496193687599
0.13859089548482
0.14470417768447
0.14391944987525
0.12800609146853
0.12006815028323
0.14073804194743
0.1490856106294
0.12601221295226
0.1373671589957
0.14166431402225
0.12614475889805
0.11816077840287
0.11909169293874
0.15438851779393
0.11292541201867
0.10674296579637
0.11072726439907
0.10382027580466
0.13694628659189
0.12630500089469
0.16398841942154
0.16549619439732
0.14856122380625
0.14411028249124
0.1492164040943
0.1557836233397
0.13638207759354
0.17171279749768
0.17665689961135
0.16153340114995
0.17350604502538
0.1810300253651
0.18917678237294
0.18036603771766
0.13877081988369
0.14814165156794
0.15024397342554
0.17652848775749
0.17870044028449
0.15663903819607
0.11362033589024
0.11942958198303
0.10950444050488
0.11502306375678
0.11622187235262
0.12972316717074
0.12178102651835
0.12832369704132
0.11966202536118
0.11652467652414
0.11320084004067
0.12633928705519
0.10292792674288
0.10035413441831
0.096620089511365
0.11772695121696
0.11214082596254
0.1146976221858
0.17905996294172
0.18037851660423
0.19686850977915
0.17870844944248
0.19112720623625
0.19521958101071
0.18502833863288
0.18571738476387
0.17904078654808
0.17221603184202
0.16815263977681
0.16568867516475
0.16680238484897
0.15009339229668
0.16562470363012
0.15742185252897
0.16090670523152
0.13982988594121
0.13450282581422
0.15023258500759
0.16387363627258
0.14673499490579
0.19534330016734
0.18885643347133
0.18425195894558
0.17772533799371
0.17601526983567
0.17306620789184
0.16951061121766
0.1773700204493
0.16379359624131
0.16602174298386
0.15937286434578
0.16925828633629
0.15018048953286
0.14166020784961
0.12846476977651
0.13628730353816
0.13110572171873
0.12791164384265
0.1299069954887
0.12308487077478
0.12282196708215
0.13360808282314
0.13356856622732
0.19342702594773
0.18879259464207
0.1908201235735
0.17789140179404
0.1784927071955
0.18425242895911
0.17308335689564
0.18338731899004
0.18528132751676
0.1817269987663
0.19571583966508
0.18882787433409
0.19045462241499
0.16938795918159
0.169983632233
0.17245871075115
0.17287052791462
0.16538312494649
0.1731596102389
0.16825632449884
0.17443490457141
0.15652482049052
0.16084579073033
0.155610039859
0.15483613292805
0.14965566688963
0.13696396026021
0.1451436693527
0.13742200935319
0.13078440242574
0.14047142029687
0.14543204715695
0.1758508298222
0.17875675804047
0.18560659016074
0.16061133439727
0.15745609182713
0.15832387280415
0.16894349517956
0.17009318612449
0.16468424173921
0.16416238813833
0.17104517952428
0.1775906554449
0.18106275522898
0.17257628564355
0.14856629027476
0.14580582858031
0.14362709828323
0.14464224452544
0.13741786291355
0.12980619096272
0.15886887770138
0.15104614925422
0.14456509956703
0.13028909300572
0.13697261916242
0.14223874641535
0.14961459150632
0.14012422147513
0.1468910790469
0.13751315968514
0.13708346819
0.13367508064491
0.1405273797267
0.15592861229858
0.1525602425257
0.15007039489311
0.15210406371565
0.15023428912036
0.16032214513051
0.13136172446139
0.13048977837406
0.12922993877758
0.13706089191298
0.12843446646213
0.13547014897753
0.12586317237547
0.12578019262399
0.12718667635585
0.12460463164135
0.15274534785152
0.15961669605998
0.15478890081179
0.15532934416321
0.16418141460129
0.17728349353739
0.16497713333688
0.17543354662482
0.12614314172122
0.11999058967162
0.17017754449274
0.17205307103745
0.16547676245055
0.15482294777334
0.14990915535588
0.14087562579399
0.13165970700539
0.12747506694956
0.17950023298077
0.17840894221586
0.17565349179657
0.17906165810246
0.15515006220381
0.15866355217124
0.16239540683638
0.16105018057632
0.15462100292911
0.13980169968952
0.13807949541046
0.14080145511884
0.1378079836322
0.12642007803402
0.13411863623954
0.12373134906003
0.12674921896396
0.098751694129472
0.099531368684686
0.10896510427982
0.10109580806071
0.11779001096278
0.11275826945609
0.10094811537598
0.10746708585123
0.10153072388133
0.12536546596377
0.11035481506256
0.10623006903128
0.12107554977485
0.12366547304409
0.11956235085328
0.11862147517547
0.13165251814007
0.14454063765545
0.1368717459928
0.13955921361923
0.12831871967566
0.12213868015142
0.13275192215286
0.14328863363207
0.12542616595355
0.1314016801647
0.14724978616268
0.13274570996953
0.12472510428485
0.11866050626513
0.11131873257667
0.11444152853784
0.15558559803479
0.10323450053429
0.10151693915061
0.10269593166221
0.097645888104016
0.13328304872494
0.12425658393939
0.16097978625818
0.15852149033038
0.1387324589763
0.13565317637304
0.1393943279252
0.15300648870346
0.14695068151271
0.12971268805994
0.1652658068078
0.16623846225708
0.15592691716404
0.16494262589978
0.17613614631272
0.13427994411552
0.1413560467765
0.14095251432991
0.15119224530808
0.16667143140296
0.16746829437189
0.15333360027578
0.10654505176234
0.11172206339777
0.11865923293829
0.10427260822945
0.10630315500241
0.11053823220174
0.11398210763876
0.12159118505692
0.12083870780799
0.12749642353453
0.11443219559076
0.1123892923831
0.11270364987833
0.10652363940815
0.10504448597111
0.098878263679166
0.097283674878277
0.091839123630505
0.11378795746954
0.10531812600043
0.11861634663382
0.16716646580956
0.17039053492549
0.17662314271612
0.17728160838519
0.18234356032788
0.17713662172831
0.17143537454042
0.16349745114458
0.15540798026108
0.15766633804955
0.1577972816116
0.1474978871055
0.15539957108597
0.15104179754986
0.15386992926743
0.15986458686639
0.13207537903905
0.1412285143271
0.13396927486733
0.1564140186513
0.14406100005359
0.13496169859759
0.18456603408152
0.17900977415103
0.17728544005142
0.17352945231695
0.16784821251953
0.16399081379059
0.16178713965459
0.15682774891452
0.15711375784728
0.15984132458013
0.1468851800527
0.15977996905572
0.14544888165829
0.12277412609244
0.12260773707507
0.12301792841843
0.1172457836209
0.11883009002508
0.12670967439107
0.13309208024316
0.12538910932713
0.18192080144702
0.17479981422875
0.17297229669684
0.17375527523247
0.17340508614288
0.17477196041086
0.18309436017979
0.17692777226712
0.17742663594812
0.16129373390247
0.16188570212849
0.16244380940703
0.16242117060965
0.15631527342445
0.16703658799978
0.16917599661853
0.16042887352512
0.16386994611484
0.15555795161142
0.15364197037067
0.14671501626285
0.14331550571142
0.14186591422816
0.12992284392992
0.13302900863025
0.13494034774185
0.13538715471313
0.1324161832758
0.12842865379792
0.13697103913349
0.1657819324193
0.14823044584742
0.14819597176144
0.1444528066457
0.15750761537028
0.15927663777696
0.15937301739473
0.15539418213514
0.16282449302975
0.15943497264606
0.1695731471626
0.17074019345872
0.16421507384304
0.14033935755628
0.14050334564536
0.13539880428522
0.13299857774312
0.1233408294914
0.15250532206236
0.14459051464703
0.13820642891928
0.13934286907487
0.12068779129007
0.12834551951172
0.13548809134045
0.13804940920609
0.13536781251294
0.14132178193558
0.1352409291294
0.14407140861647
0.13268392125316
0.13488525676345
0.12404412654356
0.15349538529182
0.14630649755224
0.14343156996612
0.15005703251573
0.14516067616173
0.14255430479992
0.15597799013175
0.12629303438065
0.12505689286797
0.13040748527713
0.12538642203072
0.12819516104971
0.11971939916161
0.12176344660584
0.12194531781778
0.11838373458604
0.12095826958719
0.11768639575586
0.15175126416327
0.14946218777255
0.14696717148747
0.15877507739273
0.16685099036534
0.16458292613274
0.11998186319818
0.12540324584519
0.11328337515461
0.16192893046162
0.15390231219727
0.14521118897869
0.14356289547019
0.13538205891056
0.11889948936786
0.16680417546533
0.16758958466189
0.16558443542577
0.14717329463106
0.15617716588045
0.14492443212727
0.13352414057017
0.13765768572808
0.12960500073282
0.13017432590741
0.12785862063862
0.12826816779274
0.11605238060763
0.12316026671287
0.1169425769145
0.091369854506469
0.10144996696865
0.10993221609736
0.093167193776963
0.10163044134868
0.097965308925278
0.09329607522393
0.11652212398083
0.10330532358307
0.10907403798834
0.10505039265524
0.10378640399292
0.11942337929072
0.11482285106263
0.1137406516895
0.11283725861759
0.12196399183509
0.125451933983
0.13316195477662
0.13886079819249
0.13893291081975
0.14082869460508
0.13467525457284
0.12634728185092
0.12381919152564
0.1182305707988
0.13416105391292
0.14679462538931
0.11906862229148
0.1262150337453
0.14689498051949
0.12364022925463
0.13515082533516
0.11134097156868
0.11749800894203
0.10495999990386
0.10632761223138
0.15561492051467
0.096158031374065
0.096201528009787
0.094419989560418
0.096236271093972
0.096552939104212
0.094125492056138
0.093084907612844
0.12927945876673
0.15107984321455
0.13544836134875
0.13689206849123
0.13305529212012
0.15074444426876
0.14714909331241
0.1310228580425
0.16143237106976
0.16175100121766
0.15458501644501
0.16176684247865
0.16419585488644
0.13865577990432
0.13386730301361
0.1414721110871
0.15976927934864
0.16334397644717
0.14607283852265
0.15340936248288
0.099865472129478
0.10592773671326
0.11063083231565
0.095657557330528
0.10328967308105
0.10625771544315
0.10945313670422
0.11427430807925
0.11687693472239
0.12152402117058
0.11984631723268
0.10757568384565
0.10420491155257
0.10411268698605
0.10066862383183
0.09954937946524
0.09680524029493
0.090083452761166
0.087148693858772
0.10522140854037
0.10403125206313
0.11172092664651
0.16145807709924
0.16051872194589
0.16964998233418
0.16445988041971
0.17400578166222
0.1589262002174
0.15647509075554
0.15314442241759
0.14000604281237
0.15090946476281
0.14314618944851
0.14711850520863
0.15248639883301
0.13281334112498
0.13677801872973
0.12414477374838
0.13342101957753
0.12972193218279
0.17668751006118
0.17339956520373
0.17409142029546
0.16529886326647
0.16545767630193
0.16197534508811
0.15515894545236
0.15251174508006
0.14908879439858
0.14537076616387
0.15120832388573
0.15417137463186
0.14219863593274
0.14177789555928
0.11496850067614
0.11696477055281
0.11553308476354
0.10927584536953
0.12087537458471
0.11184258040802
0.1177790481037
0.1237743345659
0.120879037273
0.17418265961013
0.16587409599704
0.16125319563033
0.16479067312706
0.16565805266062
0.16685203106282
0.15594579326906
0.15577002655366
0.15718151072285
0.15540711189554
0.15947164788634
0.1551775107625
0.15357192557439
0.15672255605184
0.15102022568063
0.14706059032236
0.14489867299447
0.15105518993562
0.13493171087343
0.12658299042617
0.13105756774638
0.13026443485214
0.12893697777577
0.13037819711066
0.11967482467162
0.1582328675835
0.13888674674305
0.14228583531494
0.13962750980036
0.14742138750176
0.14895106457493
0.14809875936841
0.15286155620409
0.16104542757289
0.16447247664088
0.15680770555671
0.1324526053402
0.13747173815815
0.11785948858483
0.12222053627597
0.14503686785131
0.13841538307398
0.13524307541465
0.13506823889236
0.13452181101473
0.1225839454294
0.12696705663739
0.12401109254839
0.13252964571479
0.1361873367313
0.13908143576464
0.13810776456138
0.12579466735356
0.12540767607328
0.11936129180608
0.14629129708728
0.1440993115705
0.13555879513139
0.14161245914208
0.13402095694742
0.13451154419848
0.14844704573622
0.11660221888801
0.11751343902654
0.12274212292201
0.11654814748065
0.12158612147122
0.11276580388417
0.11322933500466
0.11462760580849
0.11141595517073
0.11597214077551
0.10946014397119
0.14400784879263
0.15304743217834
0.14482024179607
0.14979962699958
0.16077885142803
0.11312918927571
0.1247091385586
0.12001298377145
0.10781217830711
0.15225889556642
0.1445865345919
0.13836897702006
0.13731365697334
0.1376131744922
0.12851673304889
0.16097147858705
0.16338919610707
0.13795786025409
0.12709760002964
0.13529205435779
0.12686542117089
0.12378550435225
0.12745345605234
0.12220640289415
0.12051914494807
0.12156424776581
0.11658627063113
0.10862515069017
0.11432934438535
0.11571935601871
0.10799501745181
0.089752224937678
0.098496495148534
0.10486960408151
0.089579550602938
0.094399314148389
0.096756068882554
0.09116302454323
0.099057216023304
0.10093770227143
0.099207307275685
0.099699946020584
0.099410971661835
0.11304300678226
0.10754555256496
0.10513157598475
0.11425324707317
0.11826446101596
0.12680848386531
0.1194527647816
0.13062475705828
0.13633413297332
0.12702440645569
0.12041563210735
0.10953147606746
0.14875581944267
0.11341656637086
0.12198557679964
0.14377739277695
0.14265984264063
0.12160001155987
0.12619331529238
0.1110252333807
0.10622762596001
0.11475253863449
0.097135723853195
0.10475114978684
0.10450899397146
0.096664461074471
0.088742441228666
0.089187695305723
0.08909780280567
0.088429823472954
0.097598214304258
0.097697801499928
0.08986647344845
0.088334943239328
0.089538681869757
0.14923332269747
0.12748532740837
0.12894462740521
0.12694921330882
0.14374466661192
0.13985752727594
0.12087293447598
0.13052865677184
0.15607982103942
0.15605078009799
0.14781442835551
0.15615878290294
0.16330620731455
0.12814501949796
0.13807725807054
0.14018017953792
0.15437530333952
0.14074285188854
0.14513374311589
0.096759304229919
0.096063597550821
0.098811006012255
0.098323081043345
0.10704627472887
0.10025835836116
0.10355398541798
0.11053407421441
0.11500511174024
0.11663577378202
0.1063162472719
0.10205833038786
0.10014606515607
0.10293170037035
0.097466622175956
0.087033267397094
0.084698124376261
0.085776537443074
0.080010938904129
0.098244766546846
0.15891315065523
0.15474567778221
0.15100729008653
0.15785220025764
0.16527658628525
0.14317971385341
0.14181112886922
0.14061204746289
0.12991356518942
0.14721262442277
0.13450519443544
0.13473618100045
0.14181804274989
0.12653756958769
0.1257650547898
0.11964411070847
0.12859448022409
0.12594964309093
0.12372617566409
0.16296609989395
0.15427521384988
0.15668762207345
0.15276996782563
0.14683672090366
0.14407836473212
0.14203006269925
0.13845517827345
0.14475047328617
0.13486579723795
0.13416659435585
0.10791765557526
0.10863831167837
0.11456996583525
0.10864272786735
0.10171290678765
0.11255393673207
0.10915314829864
0.10587448800133
0.12510844197977
0.11210066537703
0.16520412376217
0.15854116404223
0.15845121008277
0.16002142430402
0.16244215205758
0.14816813442846
0.14857849047399
0.14927744476428
0.14486429580517
0.1556605117411
0.14498551137454
0.14405734369404
0.15507222066436
0.14994472425268
0.15528686685429
0.14148494853238
0.13887559858181
0.13810250552532
0.14067324046457
0.1286500548674
0.11967091395574
0.12749400697491
0.12162310350379
0.12140936981138
0.12003970629132
0.11614576067174
0.143694203108
0.12987739778259
0.14145679279824
0.132427443511
0.13376092515354
0.13648520670335
0.14594011493747
0.14620280954398
0.15651715713934
0.16204899955868
0.15393128486029
0.13266532157478
0.10982188318557
0.11666124380272
0.14009663338701
0.1300235222753
0.1367695741466
0.12638359712519
0.13639261862717
0.12630520871195
0.12599759226456
0.11732646722229
0.1210362687403
0.12305996825268
0.12967396666611
0.12693744573318
0.12991101834839
0.13712871495178
0.1388978363216
0.13134184691831
0.11929254001858
0.12317744383344
0.12061202660808
0.12280856746707
0.1114587806885
0.11644488773747
0.13454505007968
0.13355375241591
0.12934672827529
0.13504000822175
0.13169494218605
0.13109478666915
0.14087730170539
0.10939853026541
0.10776761233239
0.11572651534226
0.10926517898124
0.10711475596947
0.11129848550501
0.1091366310139
0.10462392315338
0.10847799808979
0.10531934715126
0.14408247923532
0.14720471495428
0.14785349793149
0.14076050018744
0.11355583983865
0.10691525784992
0.11774438662423
0.11335925762714
0.11891661939083
0.10093592292028
0.14148906005722
0.13620934781266
0.13033833899343
0.12902918575357
0.12940902179676
0.12007299893554
0.15707876509024
0.13491724532244
0.12242403941121
0.12663655474766
0.12201714582925
0.11782702623021
0.11421132708551
0.11244567132967
0.10669106862153
0.10185144886001
0.10809380398084
0.11018674856829
0.082951923409348
0.090865817499145
0.083132084123274
0.089295828742033
0.087799227771433
0.085297963846945
0.098916009599489
0.091488079171524
0.10312939402762
0.095959753030526
0.10793861506422
0.098524621537109
0.091534178687407
0.11454527891847
0.10528580344977
0.10441893911149
0.099548812992909
0.11216812639023
0.12447247726719
0.11654496081016
0.1258664945299
0.12836088413107
0.10533573551025
0.10655239250095
0.14683826985796
0.11123855840584
0.11451816035275
0.14014875854243
0.13879175514426
0.12288643261626
0.11386384437951
0.13115418963285
0.12410083539738
0.11110396796114
0.097829630268972
0.11179535681997
0.090314194027805
0.10306063889894
0.10321738358632
0.092514656134105
0.084477917902394
0.08298504207195
0.085959301119945
0.08462038811919
0.08399393977144
0.090309049994078
0.094073233582179
0.084189336203598
0.082015199086743
0.082709808392181
0.14190888464403
0.12287505200129
0.12590423945904
0.13171883344751
0.11696090121854
0.14257116412649
0.13898081963682
0.12142061426325
0.14857528174631
0.14684164312692
0.1481949023909
0.129458723082
0.11943807699989
0.13327589968407
0.13288381019948
0.14649466087476
0.13467258133545
0.14193519241883
0.090928121877465
0.094926518437756
0.088145035008997
0.092698521416056
0.095159422478813
0.099772229895412
0.097960223202501
0.10261339128217
0.11180698853183
0.11980044585707
0.099379149402061
0.097306942747804
0.097098973171635
0.091667010091343
0.086095980032176
0.081183514817539
0.078324277182866
0.077237870023753
0.084234730098518
0.07322029494501
0.14898775820627
0.15402594861139
0.14459804866924
0.14581199110277
0.14195343735587
0.15999817788167
0.13294057420331
0.13729347335596
0.13443041976171
0.12725348262009
0.13459480508385
0.12795411945859
0.13125163431672
0.11866485455417
0.1208400445822
0.11087462173779
0.12657452948676
0.12141384820634
0.11826448806546
0.11632468623756
0.15479790475295
0.15011836324852
0.14581171209342
0.14114509700145
0.14614393810696
0.13797634421298
0.13990293999077
0.13521775710843
0.13560974359915
0.12980298308241
0.1272554956209
0.10151080404412
0.10559196247527
0.11317052852685
0.10452016597648
0.10082805355574
0.10443914840201
0.10170467555668
0.12196170934202
0.11184743576173
0.15982368684562
0.15505225978219
0.14910469421328
0.15023659872462
0.15195213805441
0.15328822806014
0.14574180534912
0.14070003863229
0.14055084222062
0.14109522918937
0.14270152471522
0.13897831103652
0.14354071336296
0.14117066475003
0.14657715915839
0.14596978862279
0.13838826397125
0.13427711765274
0.13847564886938
0.1231935316593
0.11967753413004
0.11702151172079
0.11954319229648
0.11302568938222
0.10976060985303
0.13819349938442
0.12107658971277
0.12981858114458
0.13362107830523
0.12913660985711
0.12126917839308
0.1236961780783
0.13021922499799
0.14575685911104
0.13729338725648
0.15637337066481
0.14019814794976
0.12578178634866
0.1103703600435
0.11341382482078
0.13197575264609
0.12403086903663
0.13175591351991
0.13665957574342
0.12729936683444
0.12703579498561
0.12354440182076
0.12408992783197
0.11735749939781
0.10873730942672
0.12049877036128
0.1229623102012
0.13050615095758
0.1310374454289
0.12699996833317
0.11591650743556
0.1178485786027
0.12138322230357
0.11963046481391
0.10397020636294
0.11162006984938
0.11810219037771
0.12753674289028
0.13312599403821
0.12907044234216
0.1249613223471
0.12264908468244
0.13790805226988
0.13787789630078
0.10695733656423
0.1083892124723
0.10319113166966
0.099762374719611
0.10548865723355
0.10170846530458
0.098882257544142
0.13567944652088
0.13955546829263
0.13690849163305
0.10467250071816
0.1020548820468
0.10047527142736
0.11552945108374
0.10571077081146
0.11569636954213
0.093287069360975
0.13298022261465
0.12161365730546
0.12162380365304
0.1208651920225
0.11216141955876
0.14985989154838
0.12700091147702
0.11326406952004
0.12372841108798
0.11859616506541
0.11268355455357
0.12641692974014
0.10843385559957
0.10572042825513
0.10332313238812
0.10120050293629
0.10104684325291
0.094179646169454
0.10592305063639
0.076478013655628
0.084620616026685
0.076451072543761
0.086053705133412
0.082035863490504
0.097910728668914
0.09165720640787
0.084751821925461
0.094707139493717
0.0906718473914
0.10698757793608
0.10407174460563
0.091426548152539
0.10132211004569
0.086826616404554
0.10810144875043
0.10044333304246
0.097685975980872
0.092892354616497
0.11401339147344
0.12035546021863
0.10881541059873
0.1177489468105
0.12250750132565
0.12518231087829
0.10513263959677
0.10556594420823
0.14248605123836
0.11191117410099
0.11000722138388
0.11651721860264
0.13078820054631
0.11600583668034
0.12853206180701
0.1239010809069
0.11624426726053
0.10844273191786
0.094041566204554
0.11604764275864
0.084519228147225
0.10454681919416
0.099007228785315
0.098589669716971
0.090428963082601
0.085858553783774
0.076649369653476
0.075460982306482
0.078801287124339
0.079638302501994
0.075315929485736
0.085616950815238
0.093470878252329
0.092649357729067
0.087950210873536
0.077597211601297
0.074096314734521
0.076673489757541
0.12208778044711
0.12250739326533
0.12545054159152
0.1380998746337
0.13546346198609
0.13071192647208
0.13788106234151
0.1422676294229
0.13960844666582
0.14271360128836
0.1261996500376
0.11698327323275
0.12577933143015
0.14225397466084
0.12616256376612
0.13483440204805
0.089693372697945
0.08306713591466
0.089172932663242
0.090696673791152
0.09411146567114
0.089972904123728
0.093760826043864
0.10757126234613
0.11649026802099
0.093482581225289
0.099618834581667
0.093780731789402
0.090484486720788
0.099661819164882
0.090870947616703
0.08563268581068
0.081678446216745
0.074204934376823
0.073274129622773
0.071394007920068
0.075246716595062
0.070609393244716
0.14168714438708
0.14487091394072
0.13408057032239
0.13520559809608
0.13356851655445
0.15134941840987
0.12632881417202
0.13149515168347
0.12799432288662
0.13044200098086
0.12399210452468
0.12647901038648
0.11225425491216
0.12238293358968
0.11427482926252
0.1066956251414
0.11904998535347
0.11178545398024
0.10983841991548
0.10915365486992
0.14865439165168
0.14552297881866
0.13386285921496
0.1362269927324
0.12974030400418
0.13164311348661
0.12963871512525
0.12137285465589
0.12282884628663
0.1014783103882
0.10042541582098
0.10327860367872
0.09671353984775
0.092075697638297
0.098813125646627
0.10088913870893
0.094934615956246
0.10528156796772
0.15076548489202
0.14522385460482
0.13936300960039
0.14355030399549
0.14998056014624
0.14247390944462
0.13807222792884
0.13438088801747
0.13655696397492
0.13446229442007
0.1348871717108
0.13188949886675
0.13918606769432
0.14042437631971
0.13838137605493
0.13251554321902
0.12726667478735
0.13237590815801
0.11478377424313
0.11787256665786
0.11216072828838
0.10960892493099
0.11121746223946
0.10550470531253
0.10208302789877
0.12964543551618
0.11261244298386
0.1145166343291
0.11876931560914
0.1242495907852
0.13071407888569
0.12492965381283
0.11403564711108
0.11991362174053
0.13095601999661
0.14104756336081
0.13400846570078
0.14643352229796
0.13725014061185
0.11914611953248
0.1083326036374
0.12517337752192
0.12085385456453
0.11993767728504
0.1244706149866
0.12761127021062
0.11806818763722
0.11840395333952
0.10410154952904
0.13116058924358
0.12842209911118
0.12231274750926
0.1099256574414
0.11092365310202
0.11399206579432
0.1124877568253
0.10788889207726
0.10115122457598
0.11307907743372
0.12336148508684
0.12551853569229
0.12306473795595
0.11903366909725
0.11625513611778
0.12925609587121
0.1304989444108
0.099446581016301
0.10316653597067
0.09557506438901
0.098802975244838
0.092285755100812
0.10007873249229
0.096281062301025
0.09173628714809
0.13414599809593
0.12843637788172
0.098026815595132
0.097516830094281
0.10429850869058
0.10917989567807
0.10249663288667
0.11177941257942
0.091346136881098
0.11718970188575
0.11390811247728
0.10863304087867
0.14384052710253
0.12221627815317
0.11281845890561
0.1063543297608
0.11844268838711
0.10962585547948
0.10646614589144
0.10571871799143
0.10018736479628
0.093377514458462
0.091485076295528
0.099198408240375
0.089383113088657
0.10807616624031
0.073344744615443
0.078966973027537
0.071418518517041
0.079088624683447
0.075586723555395
0.078605071394217
0.091266779368224
0.085298146888927
0.080051779059853
0.083811197624648
0.078170335765871
0.088822009440157
0.096250134864527
0.10496256652063
0.10369632359766
0.090506005111305
0.096740197426428
0.08073016173143
0.084040668945681
0.095188031701986
0.091452873782797
0.086440766332362
0.11164482974922
0.11154566907376
0.10703390658401
0.11297705051297
0.098727949655326
0.098937928366783
0.10693487772065
0.10687055347331
0.1111282756321
0.12757134128179
0.10958129815441
0.113096333105
0.12405595108749
0.11703290834333
0.11277371449073
0.10167717538124
0.087975088450878
0.078424078881979
0.098790972685197
0.10041535517009
0.095760774283572
0.097750393606676
0.08413921407071
0.082753130776724
0.070310985954679
0.072817369855508
0.073021951944765
0.071643076958957
0.075603395181154
0.076696213673846
0.071997648510125
0.083791106597111
0.091167568036694
0.087691278103299
0.086642427026358
0.083578201985269
0.086023642809799
0.07847132915479
0.070504381491923
0.071649502958035
0.11406159131905
0.12304867664987
0.11436487174142
0.12596178507205
0.1234510322252
0.13017111782874
0.12910802661812
0.12914052740836
0.13730282833841
0.13133811422094
0.13444169566339
0.12168622220176
0.11001231447747
0.12097651534937
0.13393889527141
0.12360211877752
0.12892518075898
0.083693128074178
0.076221269022833
0.080445272209353
0.081256755573759
0.083959600471265
0.088229635442025
0.089457093466389
0.087805177067104
0.095922434798173
0.09147567180005
0.086801352979085
0.085860585979055
0.098718261519554
0.096284026946879
0.084637636401212
0.073156141474109
0.069580679591842
0.06793543042384
0.067572732402306
0.063203917962186
0.14060104762054
0.13991870873696
0.13417096810444
0.1284513102039
0.131107819922
0.12801203831094
0.14424240743001
0.11696593039786
0.12282372150972
0.11978004288436
0.1251403831109
0.11650730101117
0.11959951516152
0.10672209587248
0.11577893589293
0.10750513627435
0.10215175063318
0.10247636324956
0.11256336784484
0.10799657791512
0.10585283222449
0.11289806758478
0.10518234047762
0.13450621412368
0.12946841832869
0.12854228262198
0.12918548947043
0.1265680930514
0.12418839219789
0.11419817860418
0.12106673560592
0.11529464591255
0.092088936304274
0.10074792221358
0.093213386622664
0.10377539284854
0.091590721765507
0.087725206168493
0.092235204014782
0.092669541675119
0.089327421700321
0.139527132794
0.13789529086101
0.13995854008362
0.14163430245518
0.13111485029739
0.1279338287865
0.12875084041994
0.12701460943161
0.12757337556752
0.13309945097366
0.12391933884247
0.13812742572728
0.13109989027733
0.1229395753026
0.12043611778267
0.13402852254553
0.11247229120356
0.10529246637584
0.11231248994527
0.10253497502247
0.10135386705508
0.099898906429454
0.098893976971239
0.12105235651184
0.10946596439388
0.10532850619972
0.1070688706605
0.11420524094817
0.12106884221179
0.11910298688853
0.12107154899203
0.10524146895277
0.11767615326232
0.11626264445828
0.1213979592378
0.12927795227081
0.13175639523571
0.11275199052534
0.11944757398585
0.12455442386589
0.11312290129984
0.12156888146544
0.1138659452966
0.11048624547243
0.099403585251111
0.12435195746242
0.11467772207336
0.10872124029845
0.10647728205423
0.11216977938042
0.11057101370386
0.10845227095683
0.096706635506445
0.11570429466989
0.11929817714042
0.11559878352025
0.11208310913688
0.11018350059118
0.12644112667507
0.12569292856799
0.092357455137042
0.091257418432503
0.09208266959359
0.087969454391661
0.09171249904691
0.085417906009072
0.1231832911614
0.098566191161733
0.093659820646641
0.093678060490327
0.092039992589211
0.098548650173053
0.11106319403909
0.09870496303715
0.10911960926575
0.087499237147876
0.083466532180884
0.10924732190231
0.10031555993361
0.13959263628461
0.12090699562469
0.10814515796815
0.10416670804919
0.11048467735336
0.10556092403677
0.10152367062977
0.099606540739532
0.09009677348926
0.087742618155346
0.090970510925456
0.080975030656039
0.086944537156757
0.104519874368
0.066480574411879
0.069984663269343
0.064782386810445
0.073027642835234
0.076058058231427
0.069940055134758
0.077222774883532
0.084177604915112
0.078784424942273
0.074801156355952
0.080386286626255
0.084288630094675
0.087339699911228
0.091164161386584
0.09849612430285
0.096656951561136
0.086318553484411
0.08760717360468
0.094744514033513
0.094015243216308
0.073733931251815
0.075223262806878
0.08902884166189
0.085916297575984
0.081723561123917
0.105843182536
0.11449044635502
0.10700842036434
0.10167243165664
0.10664193494183
0.099884962151028
0.10746140374572
0.10671485949357
0.10078852454541
0.10767138043143
0.10929593919138
0.11584430439134
0.12819898221986
0.11245840116371
0.11622255017468
0.10799843057435
0.11007552061997
0.09930436134889
0.081756251055195
0.088772201441477
0.07663942660187
0.072461680497825
0.10064905974233
0.097274959556565
0.090126611392487
0.094642048529829
0.077782677690348
0.074963467947545
0.079188261473791
0.066917116233207
0.069640582418627
0.066962219462424
0.069218523714617
0.073020511229338
0.073291396713493
0.074058874188619
0.068885914874729
0.068364826533069
0.077811022677228
0.085262907068845
0.08322266591177
0.082645502287647
0.089043106909831
0.082420299667851
0.076775415173226
0.072735526037712
0.064501661290693
0.065599794861438
0.11334832692848
0.11491087117679
0.10962659531485
0.11051287851346
0.1255608787066
0.119312630078
0.12385943216546
0.12640449933648
0.12572664646948
0.12998655192263
0.12863489506619
0.13023231304465
0.1176302488801
0.11074570880567
0.11574692874124
0.11772321648306
0.078077313731235
0.081562853120925
0.073197197210975
0.070587154540919
0.073773324248963
0.078896983853431
0.080989651345393
0.080797988940636
0.087294494434054
0.087673097962966
0.085389153409888
0.0819811134312
0.07951714669304
0.09441814827851
0.09295605414463
0.079828162736574
0.068681178599017
0.065639271358312
0.063013348026879
0.061912993939141
0.13954875114038
0.13303660833637
0.13347244504865
0.12820865842654
0.12200622684775
0.12308720126724
0.12135801606085
0.13758177240556
0.11510326646154
0.11463178166672
0.11801391223761
0.11728476933224
0.11322542392759
0.11228725434445
0.11844614540295
0.10016292786997
0.10970304736137
0.10082933595661
0.097303745053152
0.096867977382
0.10682748900612
0.10803182207435
0.10312333874303
0.10593089041554
0.098880020792534
0.10619113645523
0.098339220613563
0.13360292482635
0.12522131079046
0.12331025613772
0.12392260430604
0.11665432199407
0.1081553758058
0.11377159353553
0.10864185602303
0.088103991526515
0.095104356388984
0.10283832362009
0.090381070419058
0.088529958261114
0.1015876248169
0.083737384147607
0.083121240381126
0.082299744788026
0.085951053791621
0.089905838794091
0.088463390507282
0.083140372224512
0.13149130681527
0.13319768544175
0.12041349271134
0.12655461582248
0.1256873309177
0.12260940359931
0.1228457072976
0.12488610089414
0.12175515595807
0.12033354712446
0.13144514810398
0.1277327013361
0.11828465281289
0.10524561325413
0.10067254641021
0.10146659707185
0.1044551283902
0.098421973647517
0.09619644633273
0.09233429710551
0.11785030721404
0.11595097741289
0.10214121206056
0.099462216757674
0.10130268564635
0.10685900630433
0.11362891107718
0.1227890818337
0.1016746464147
0.10294041062746
0.10794984314954
0.10894840284073
0.11122581426105
0.1250854134514
0.12484711454689
0.11117599152227
0.11850380055596
0.10947145690705
0.1086000176719
0.093524042922938
0.10349621110516
0.10957108899462
0.10578273092604
0.10843336195765
0.093321854941154
0.11077196939823
0.11224918687654
0.11365960997439
0.11845462604885
0.10746764621739
0.10296326751717
0.10844384643991
0.12263103599068
0.08448437288844
0.08456600488459
0.082539299701709
0.084206449455687
0.11804274372365
0.092835852885485
0.086563567313048
0.08841982259175
0.092264826590932
0.10177546060961
0.092995284698262
0.10734733185818
0.079358420178998
0.083560548888117
0.076908386290018
0.10219518100261
0.092835702652972
0.13216402056142
0.11439220572403
0.10358323023754
0.096788294017069
0.10631058972802
0.10829047581148
0.090560445619079
0.09086596625013
0.08399969249812
0.083132822972698
0.082574376997729
0.078774426788875
0.088419584384796
0.076657688319651
0.078255030418786
0.10513379650643
0.061386744289913
0.06275762142438
0.065347077283127
0.060277721625089
0.069641605115227
0.070300326022558
0.081808259421355
0.073061513323796
0.068449228811412
0.07585945013651
0.079124306916756
0.080911722536345
0.092595064753633
0.088158989005767
0.09930806436115
0.097564929067546
0.079956740258759
0.081146136007929
0.09001823388023
0.095539790615402
0.095173771420336
0.069529253397705
0.072546464408358
0.073634359197166
0.083047662072799
0.082323666755026
0.078724368765033
0.07666872692154
0.11038375511295
0.096965719258079
0.10848231753383
0.10072445785253
0.097714185884489
0.10043896134707
0.10716770809573
0.10199430861607
0.11492966376069
0.12346359474424
0.10857982925068
0.10827628256726
0.11526526115507
0.10974690440717
0.10146825132918
0.10230564110106
0.081031872044682
0.085145286788365
0.074101254518151
0.072113597440106
0.068168461261742
0.069218861197628
0.097782393551082
0.09327577852492
0.087691800368913
0.073965105186572
0.072773447101302
0.07470914553919
0.060339968391277
0.061720087720729
0.067443783150111
0.06117587964988
0.062414907366463
0.066138749714546
0.070604667084705
0.068972967135871
0.064170163076695
0.061141663178294
0.077347881952753
0.073233929451838
0.079588863085235
0.087943107017748
0.084769814853766
0.084429379372802
0.087369983739473
0.076254434483035
0.084740552216203
0.071432328048977
0.057737436127444
0.060917944790403
0.11041967404366
0.11342619921354
0.10862552959954
0.10922474996577
0.1200608194596
0.11634255715809
0.11827408467678
0.12050745896911
0.11852684417633
0.12350345369388
0.12114118815816
0.12479405846597
0.1147772219461
0.10811001261801
0.11266089020429
0.071490706852783
0.076949270071412
0.068198312101149
0.066606873445335
0.068466417183955
0.072311842432326
0.077750928751209
0.080233636700054
0.081905270560018
0.088148531472356
0.078914126361842
0.077091065516322
0.099803755604115
0.0655695117223
0.059290677812126
0.05819662104835
0.057840791529221
0.057569286775823
0.13069697124587
0.12778562407664
0.12733227742377
0.1267977227588
0.12191767802882
0.11600320901353
0.11844055770093
0.12895057976033
0.10829373853241
0.10747250907799
0.10870877184796
0.1139222188846
0.11091237450214
0.10981640937055
0.10775508475954
0.095105267635581
0.10376316321826
0.090938512419841
0.090852909208098
0.090722150338796
0.100756629178
0.1025801549938
0.094638353977596
0.097107964601806
0.093405176532629
0.098228000009144
0.09043015391233
0.12950045614111
0.11651836627828
0.11507425149803
0.11478006310461
0.1118793867029
0.10738811063385
0.10516116758692
0.082386005730962
0.091227154796293
0.098201642223778
0.081545132933627
0.085826102136347
0.086069104756817
0.09568420795276
0.076687631529633
0.07653494537695
0.084850757528577
0.075338206569787
0.08628301806863
0.084371530226318
0.082118677787711
0.075364852968866
0.12641612728414
0.11511367189697
0.11890981318064
0.12047757819274
0.11922507221711
0.11782606867442
0.12561749522962
0.11424387179426
0.12211274436719
0.11219139428588
0.093164733255381
0.094526727229387
0.10083946333129
0.099706450006475
0.099424777647466
0.091539388459425
0.08897718773618
0.085265099476833
0.11218066473175
0.10917584757695
0.10765312801691
0.095455695594365
0.092747400809708
0.094973238148686
0.10660990434976
0.1020892258604
0.11200222202048
0.11766015108339
0.09513422844967
0.096219711399884
0.095928378329885
0.10768186974385
0.10280125972043
0.10392168488736
0.11784289692599
0.11015085588801
0.10375946029856
0.10430333460366
0.08885819477784
0.095586153370532
0.10407983028258
0.10180328224848
0.10134395138403
0.089596016100829
0.088117509705294
0.1071319554245
0.10803506517571
0.10872582946506
0.11135344920115
0.099110407661077
0.096083620056914
0.10145849077219
0.11444440771157
0.080425416013697
0.075702496949455
0.075891429845374
0.11029833606883
0.087092688116775
0.080593971773335
0.084479087030859
0.085252475518353
0.092819468453964
0.087100995639807
0.099122499976689
0.074788957271927
0.079840288396376
0.073638342702692
0.094932495648657
0.089398822265039
0.12424357642027
0.096162264945703
0.096576265177832
0.10239408158927
0.08886199327991
0.088807112336988
0.077472673851402
0.076597233029129
0.076523775659794
0.083776354228407
0.069809955423453
0.073053794755813
0.056804542261866
0.0610825003546
0.059209851912863
0.054630985443357
0.057306512892695
0.064662191269823
0.065298118667834
0.074634184476967
0.068011734888846
0.069928476446274
0.063736722863503
0.071378153475638
0.080793720595322
0.077200258354753
0.087959361287272
0.085973765561537
0.09792120650556
0.091132035699468
0.097337018396195
0.080052525974615
0.083877896488329
0.089579654076025
0.090616669078959
0.063784849100564
0.072364379485253
0.067661835032818
0.070314477265112
0.078168043135206
0.074435156047326
0.072910793268236
0.07140113195253
0.092595055757317
0.10609365275975
0.095151823199087
0.093103910721101
0.099774002888383
0.11234344174555
0.11182100786808
0.11974746359072
0.10172885150932
0.11275282404322
0.10144825755216
0.10933942411482
0.096426474778754
0.084203066976165
0.075664815800345
0.067360542021313
0.071538320971491
0.066863293032996
0.063171721373285
0.064192706971405
0.093195760914238
0.10188641503484
0.090945308712096
0.068989363874283
0.072456230133856
0.06857959118477
0.069513135447623
0.070993746123716
0.056792286969186
0.055950873820197
0.059276592615581
0.063565605104678
0.056960330044559
0.059055246965252
0.061310129220989
0.063134164582781
0.063685505305444
0.063825191985113
0.062980350994552
0.059568937483863
0.059720934049335
0.075053456997355
0.074926211636506
0.071326245212533
0.078092385334083
0.083526014682939
0.086236480594908
0.085460246328963
0.078358631943001
0.08351503074049
0.086016344135463
0.073774801957368
0.078990348729973
0.066679846588133
0.071723968083834
0.052900691214108
0.054779007569396
0.10876433486982
0.1086479271343
0.10314547583615
0.10207741133584
0.11276485975834
0.11344447119116
0.11440910213591
0.11385695591088
0.11533279387348
0.10934237766819
0.073758540363463
0.071936219057035
0.063251324480981
0.066502311626976
0.061332546136607
0.073770006323221
0.065982535908639
0.072180096074772
0.074132211477751
0.076977043790293
0.072027486499465
0.070805501730795
0.098766901185726
0.057958587126104
0.055204759399819
0.05442220738314
0.05206373614111
0.053264529022051
0.12181837535945
0.12538864168723
0.11655050264546
0.11064988716799
0.11225662379384
0.11389532001067
0.10459004979195
0.10042112349028
0.10613127027354
0.10366163370258
0.10160881001592
0.087723634428884
0.097297052354409
0.0884362305576
0.086523103388435
0.086219405438401
0.095391430432694
0.097750189158625
0.089009058730767
0.089797701765746
0.088135322248736
0.097136919859299
0.090353134831841
0.12392466792018
0.11174502228463
0.11032950562846
0.11266063438579
0.10526561971765
0.10358270950578
0.075830970871579
0.092662734504683
0.093283588378223
0.078394406741571
0.079144096171283
0.08266834047942
0.081864720876912
0.072189681892642
0.071710750940422
0.078976397625143
0.06872965235719
0.080955677500034
0.084264696096392
0.076126201989018
0.075209015138947
0.069422390591321
0.1188498951917
0.10942000911315
0.11724030099595
0.11363792014438
0.11268829015772
0.11113130758372
0.10834684431696
0.089392656718852
0.08842209587703
0.092795342847765
0.091585885712076
0.084337601888551
0.084035329334196
0.081676221533158
0.1089962711676
0.10486334018781
0.10061465387525
0.08878243007958
0.085523504227399
0.092214326167244
0.086051742350567
0.10085659771467
0.094924429864042
0.11481816791303
0.10335738338253
0.11435760039048
0.090468940026761
0.096026479851523
0.096343945108395
0.087147988417373
0.09486048798292
0.10003390513073
0.095754762367036
0.095435766045768
0.10515357467316
0.096025806091501
0.091124970272017
0.10196337233421
0.10007780421855
0.099917961770637
0.10183877592112
0.091861433173352
0.083282735865472
0.083710968632325
0.10092190720676
0.10334838374046
0.10875388193633
0.096332546206859
0.099748719516774
0.094600984728086
0.090982562526893
0.095289797113848
0.10993782434849
0.073970757649029
0.071935301255924
0.10317074114285
0.08239648903449
0.076250593461635
0.076784299777105
0.082277828096981
0.08613820297889
0.082040532215108
0.096772662724893
0.069842511421189
0.075107002422351
0.067244210512362
0.083342068387876
0.12049821349244
0.094013213202343
0.094359412577685
0.092933504540525
0.10413538834921
0.082819706843608
0.082178350144675
0.076845559388291
0.070355228015339
0.076319814801094
0.068102582730034
0.072393396855715
0.071870656292474
0.074151903202648
0.067689469991166
0.051096643487992
0.056801682433072
0.05511527583046
0.053651203225851
0.059459925369027
0.051233956583031
0.051280448970343
0.061881675279342
0.065348183207793
0.070048760128403
0.062199188115813
0.058045708962753
0.07948438982383
0.076999434284427
0.081415289192405
0.092652344142522
0.087238920971982
0.092975414656154
0.075676064791735
0.08306765666956
0.088372518959443
0.057117199460933
0.064064559243287
0.066517617351158
0.064355944181967
0.065126195278312
0.071690687173999
0.073138662112865
0.067836851428861
0.066549795886891
0.089751776278681
0.095314909433265
0.091131830035278
0.096313329968491
0.10872641387566
0.1069202317331
0.097549884746311
0.10445522440665
0.098332548603684
0.097315092885471
0.10486898643182
0.096175581853037
0.08317035539509
0.074432326824264
0.067016706169893
0.064148493441662
0.062525329014147
0.057305239776704
0.059133107918147
0.093327866948268
0.10182081812059
0.089472154144356
0.063494228785413
0.065181757854536
0.065369518661478
0.054531204442791
0.053666519891924
0.052447576121519
0.055255027473629
0.059898496178909
0.052286151114651
0.052446483585507
0.058399939378279
0.060725649629741
0.060509468941572
0.061476699108731
0.059410511111516
0.058216049947262
0.055247035188371
0.069794865327838
0.069894008828517
0.065229443518457
0.073426540576987
0.08083197949105
0.08341793907842
0.079594678444215
0.083753203045281
0.077272188873029
0.080144381221252
0.064847547979122
0.068017927040237
0.051613570825668
0.10266773059173
0.10016293688377
0.10282401043635
0.095815988092701
0.10943386371889
0.1088844979875
0.11075344878437
0.11481468816438
0.067241824511008
0.061448684994845
0.058504667008957
0.060807466719282
0.064728406933883
0.056436801936153
0.068412984173693
0.063978150171211
0.068113070666256
0.069740147436595
0.066245244450583
0.065457483190843
0.10024633109451
0.050754882873459
0.048776715832914
0.047743149223663
0.047556851865106
0.11829808360166
0.11073286958129
0.10345130918276
0.10684988654822
0.096168923211855
0.098010099915802
0.099524748750843
0.10181654905743
0.092555084951208
0.083206508047303
0.082714790172955
0.091756465771164
0.08920166761095
0.086284735009086
0.085649967257091
0.083292743666804
0.082115864404511
0.091985239277589
0.087197319212343
0.11767485489825
0.10673064614841
0.10842181300026
0.1053673060292
0.10668868660305
0.099639064869797
0.096217054895656
0.069044789382
0.087858089041943
0.088341268061212
0.07141797279995
0.073252102523867
0.076738800736934
0.08192619456405
0.079483937408398
0.066980578690982
0.073450944310992
0.066755797161061
0.067208845399719
0.078668268610123
0.077586226413608
0.078551799366454
0.074246969578111
0.072757357077178
0.074821580461888
0.070366528796127
0.1141168708159
0.11094944687251
0.10215445587338
0.11353609477975
0.10958505664356
0.10498766548896
0.083309267945229
0.08242357428239
0.08533327719665
0.088420130003893
0.082204237314469
0.079024397906573
0.074469314434268
0.10092850681266
0.082768205953348
0.081522675415052
0.092983701427939
0.083478386523229
0.080993891766735
0.094698071948968
0.10602768038976
0.10003084709496
0.10550652123887
0.084472279544884
0.085197280940274
0.086128528816744
0.094634172690472
0.087479599334048
0.08481094207223
0.08923262967971
0.095766671582655
0.087832445613778
0.10021710490129
0.093500982558767
0.09454770557087
0.087307921387465
0.097281344100453
0.099009140070074
0.099239109337872
0.085632195662424
0.080809740254614
0.079051376750179
0.10263785009175
0.10641988540902
0.094064686838092
0.091631361516758
0.096482371607623
0.096717073078879
0.092397606661377
0.089427049310908
0.08358288118012
0.067725051883881
0.065752708071466
0.082574176984045
0.073210556276351
0.072095394927121
0.070808092895409
0.075611621007733
0.075015485248435
0.064537645440261
0.062867161857058
0.067320724088502
0.075285603182014
0.11459168152209
0.08722998138626
0.099844540405823
0.090935476536378
0.10417565959832
0.079189423788268
0.087317099583672
0.076071009675474
0.07160734786544
0.064575108261305
0.067264185085891
0.070795020419421
0.065219691411243
0.066395469860087
0.06519273467496
0.065036467875887
0.069315838104732
0.065536118095
0.045133990668954
0.050038680801256
0.05547577935416
0.048888392024299
0.051507551441181
0.054485902709765
0.045887656126943
0.045463841795703
0.0589644821078
0.065445842702556
0.056810494752642
0.051599470772067
0.072588152000461
0.081002756980636
0.08821178737937
0.093341687846031
0.073019720854745
0.081632182011594
0.089631761170889
0.053278494118451
0.057690468202041
0.061656449516156
0.067394710822813
0.062497995543416
0.057931184098199
0.059364722043137
0.066863667193911
0.062928258634316
0.067721456597763
0.062540694282721
0.090649973446691
0.090960025414477
0.092010800429844
0.10989496017816
0.10649987600301
0.099926891439822
0.093148784160534
0.095382900673713
0.079141512724616
0.073747466496634
0.069016150100398
0.06301031906775
0.065872149572936
0.062384855963488
0.060550467796192
0.053990597118557
0.058629176883094
0.086647143256633
0.097798060973924
0.081283843660183
0.058214441097477
0.061912423683348
0.064062643668159
0.054461902384048
0.049110222578081
0.046017033400764
0.045931553779051
0.049423794977387
0.058043076913586
0.052673645197827
0.04573637732058
0.046650291113356
0.053161367384899
0.054964418577568
0.0550315785343
0.059943473006456
0.056748093333561
0.058878818235027
0.053705539303929
0.050908396009435
0.06953261793567
0.069652489657503
0.064631743748223
0.063285313683562
0.075456893567369
0.068136744653993
0.077191071703537
0.083520440926402
0.075419079471733
0.078993349314956
0.075448513257182
0.062827110579671
0.066097196263073
0.044806620247343
0.10195993138104
0.10025625318994
0.093249274169437
0.097667592876187
0.10475875820575
0.093531366939388
0.11270587035733
0.1042014993662
0.063626471253774
0.054362676169914
0.053582936706526
0.05612375169976
0.064432700223438
0.05778310053409
0.065545490505478
0.062662335313613
0.062410866458679
0.095330862348563
0.044085758245287
0.04309526155988
0.042643682055706
0.043001473220071
0.10431277244721
0.09698077691184
0.087992731829073
0.089607719379015
0.091705994433246
0.095719258138821
0.077696914237722
0.086005600423186
0.075921221377862
0.08357019772903
0.082177355429427
0.076852448572813
0.078452679794072
0.078332033084692
0.07734986604446
0.09001921759395
0.080142446996922
0.099698883918463
0.10013351183011
0.097677187442808
0.099495261725762
0.094230004195914
0.085976178996077
0.072290474378237
0.065044815071884
0.069055496108927
0.076265881592106
0.078182506925723
0.076903049712475
0.065947880539905
0.059459146451227
0.06916060897553
0.059331679999745
0.065944962325385
0.059897214845886
0.072353433109278
0.072823046086068
0.075058378796632
0.076178960738182
0.069872018229184
0.071201200739667
0.069228855780337
0.067887307053279
0.10657741531582
0.10755344153574
0.098611197153772
0.10914452403989
0.099802795994394
0.076089654926996
0.077191297328381
0.082417999782066
0.076858603223571
0.070989798924832
0.068375482456849
0.09576551024459
0.076123522855691
0.073511006939235
0.085302037721337
0.07681492721112
0.073146841036603
0.09653930109156
0.079094388399389
0.082234849902877
0.086424488370629
0.08681349982376
0.082013078778808
0.078696751959762
0.08483938195544
0.09678992298969
0.093259532568992
0.092558985624046
0.090561949071783
0.080550357753517
0.089452664173357
0.082186814590038
0.077233740244244
0.074652571205491
0.10137960050679
0.088612166365543
0.092507344163987
0.092656004371907
0.082949500100885
0.081718750713452
0.078506851188888
0.063892392718709
0.060718255110727
0.07613525121126
0.066199034968678
0.066482996602066
0.066551907262952
0.068620024616201
0.068496100455792
0.073310296267547
0.05949218382506
0.060977507620186
0.058468344134143
0.063526971671756
0.071078831912169
0.081729450188875
0.086481763852461
0.098931606200978
0.074747163227608
0.082171254997675
0.084289254112087
0.068798907576298
0.066668833653133
0.061841301559243
0.05682750145564
0.06742980633112
0.062738099372528
0.066257319980915
0.071293807876821
0.061921874916057
0.058262461717183
0.060802761358389
0.062185090577574
0.064324731951553
0.071890328676169
0.057129227454048
0.043147171702132
0.048194954245008
0.052019992673006
0.047113080044109
0.044464852431469
0.047526718338434
0.040328487224792
0.043670312054863
0.05883627825984
0.054502708817076
0.052314127088741
0.046647014557485
0.072274838457026
0.081859770400241
0.076388219653732
0.076777180197603
0.067419734698631
0.084537488800057
0.051980473134932
0.046358638347434
0.05548526084262
0.062432919140489
0.063422399450308
0.056185210059135
0.053478333445791
0.055995702886713
0.058305552795827
0.065268907568137
0.060869918326251
0.057591552627902
0.085367249027334
0.085415787306042
0.091589024384997
0.099626828601294
0.087381413341048
0.089421189667957
0.098401157654565
0.080419377388908
0.076490066654004
0.068607095681192
0.075743516857334
0.070028206688693
0.062240468008453
0.063453445007286
0.056379151560655
0.057111773390789
0.050152689157441
0.054047101010431
0.083135843175385
0.088140259689153
0.09381304004267
0.079388810613237
0.053649232723357
0.055412987369556
0.061629047067562
0.048757353609437
0.043551060659387
0.042013581808378
0.04364806391074
0.04663595341915
0.041743344027403
0.04783729750678
0.044240463532834
0.054622639690284
0.046538510776174
0.042383789554784
0.042140074756324
0.042291294099842
0.053101026016888
0.055644817794325
0.051732597391558
0.058005227115051
0.055139628387883
0.04996504693108
0.064188486783379
0.068886449056554
0.063046471193806
0.060131490827543
0.060124469623011
0.073180937742619
0.072576654311162
0.077610057076776
0.074849626344427
0.078804045476582
0.075931612866988
0.068763578396571
0.05657361438747
0.062709218689007
0.06093396777323
0.041141663952
0.096346378598817
0.092134738595558
0.088314869094544
0.094686447324229
0.099697460614938
0.08676356271094
0.10430317259136
0.09922026462921
0.05695161521654
0.052388032803839
0.054842358499951
0.048737028267673
0.051935725310725
0.058942106458735
0.060484286695493
0.055610701038664
0.062638912514933
0.055979061439154
0.041473511372857
0.037846358213931
0.038601383965873
0.037978958526183
0.092122156953164
0.081885804642157
0.086963185566841
0.085426885839212
0.079261380312303
0.074307251585016
0.079006589245228
0.071868280481955
0.073557097689969
0.072073302515511
0.071345125171492
0.082562217499923
0.076309989746491
0.095084756983753
0.090827430020313
0.081166967941878
0.066751315047185
0.062460690500561
0.064058432790878
0.071732186111034
0.074348821084808
0.07290734625133
0.05996158022945
0.057268979724875
0.06615998071057
0.056879576326854
0.059633058921266
0.056470784414893
0.068283019935021
0.068730259552385
0.069904421856465
0.066008756494715
0.06741900866335
0.062063285990964
0.060324376012447
0.10022325065341
0.10087836251893
0.1028055435602
0.07108943431046
0.070483280611456
0.076260011727315
0.070902140851587
0.073813416920193
0.063078453530009
0.070231879057683
0.067035942460284
0.077362316625761
0.071929382040507
0.066332488886806
0.072834699553611
0.089323476435672
0.076509792679127
0.074693561091477
0.079594599765846
0.084517947294152
0.083511282313215
0.07986386392064
0.074986054338092
0.079966356227818
0.090688085060695
0.089032498133004
0.085753132633998
0.075947916631203
0.080141254199937
0.084881398952949
0.081318698456733
0.072529891560727
0.079029020993075
0.069900001193555
0.085263447003767
0.087442936820358
0.092447078074094
0.087080663020493
0.081824726837039
0.077138216118835
0.058118665124933
0.056819616499654
0.056696055880393
0.075662501964059
0.071883197692675
0.06319174615618
0.062113374220049
0.060504113137006
0.063009536984577
0.063072737882596
0.062282749809111
0.066503477362277
0.055236079621459
0.058615543700273
0.056131967296047
0.05267627540427
0.058825168636594
0.065449477856692
0.079462849628309
0.082517747356968
0.071564560977357
0.080541685726452
0.06876399990309
0.066980625338097
0.053324512804313
0.051427767229377
0.058641854602146
0.061985455493401
0.060247201019492
0.059488222421137
0.062874592279119
0.066090078129409
0.065904800527095
0.054729316834353
0.062902127415441
0.052077746737102
0.05689626237046
0.058853043150385
0.066352988700428
0.051920447663739
0.037105882043682
0.042976598199462
0.042260553237395
0.039927679420497
0.037654289112339
0.035929742702262
0.051202583420676
0.049727802432881
0.046055473110304
0.066803818419551
0.076643681188145
0.078001993404023
0.073715740225929
0.0639715061681
0.067566172998301
0.083793818245009
0.054206611636023
0.046471034114867
0.041468333162282
0.05011605201316
0.063198039014979
0.057171593046937
0.058582447730703
0.0530249797977
0.05491040534672
0.048121434339591
0.052822283067256
0.054393382666622
0.061124684649603
0.054869604451508
0.053295530157941
0.083791210002007
0.083443059224977
0.096560225899895
0.085451270250341
0.081349780676604
0.077842984780148
0.076784695926184
0.067558124881048
0.064690191459725
0.071007111811164
0.06666267762685
0.07039408479374
0.062614273443276
0.0577990471136
0.063545357877852
0.057717719384381
0.054340380182248
0.054313793276596
0.046582243823827
0.051154133028014
0.082388491377889
0.077228106386071
0.084568797062535
0.050999738637757
0.052071587369218
0.056168151414703
0.047520843838818
0.040282435116826
0.039280726428032
0.038607603960858
0.042779598966063
0.043826141562629
0.042606726944698
0.036733265958969
0.043091466594101
0.04861092223359
0.04026474751296
0.046511411080328
0.039408786316487
0.039000825758583
0.040586127517601
0.03711631034925
0.049380712732289
0.05162805981887
0.054070724667804
0.050465823241297
0.054449502569185
0.050434386233885
0.060916284186231
0.063319242708628
0.063971260328432
0.059812227598169
0.054870211443022
0.055065011596133
0.070240603188413
0.07359725797948
0.069651476957031
0.077540111909151
0.07080243832601
0.07929244768803
0.066227611355735
0.05695436521406
0.055226078553611
0.061813252044276
0.036353967568697
0.090881638319508
0.08630704655549
0.092578869654925
0.089789659296851
0.081666772079383
0.098753927933017
0.0537773875087
0.053634581922305
0.04763118757779
0.054912599740407
0.044545988173271
0.05649668619839
0.051185513337788
0.056950037972659
0.052577915390982
0.037370807839491
0.036142749118828
0.034221218818483
0.084502834414463
0.081620402602533
0.079122830463147
0.075996847838785
0.070190869386393
0.072083543741746
0.066221139295225
0.067192217335383
0.068282040618254
0.068928385573151
0.089432960525647
0.0859448608967
0.076771387794981
0.067908308927535
0.056438423885407
0.061124383094526
0.060019306992574
0.065190812825228
0.070831875479585
0.076223785479872
0.069463288679391
0.054450352819672
0.051453111228724
0.061195078354985
0.054915779160919
0.051648470774649
0.056967752592103
0.051581137672483
0.061691109985569
0.062526003244868
0.058700128875681
0.056687542003476
0.065374109098188
0.06366125529992
0.070468930278375
0.065336813139337
0.067115189120368
0.072893615723933
0.057113032017199
0.061981939352826
0.060408918595955
0.072268428197808
0.064770558995621
0.058590840117344
0.067207147007937
0.086287145127232
0.06950699299182
0.066960872825965
0.068855383117515
0.080470305373971
0.078241014431219
0.076516443757844
0.084687778886763
0.071170712260426
0.068189484750923
0.074041728288007
0.092452658008722
0.073460932856636
0.076341344804732
0.069427239777117
0.070734726996587
0.073940780423434
0.066805108246171
0.078904291453624
0.082318387726979
0.08643309346758
0.075888209737235
0.073961993114344
0.052275796158183
0.052288398067943
0.054990031572159
0.051341314467703
0.070940820854168
0.066398298731671
0.057560761653985
0.057849751236435
0.055257016040283
0.056799510582885
0.057725237757651
0.062066833843915
0.062966019155028
0.05073864708781
0.052715445635015
0.051517527861921
0.049883968841359
0.052749834049227
0.058015332254767
0.073595888658996
0.081064504793693
0.077518865514779
0.070502173096937
0.075697169868819
0.069104653973453
0.064004452251128
0.06121252647924
0.049748357587197
0.047669709050109
0.045970141046428
0.05182272317563
0.064981128329556
0.054542914145921
0.058865520449302
0.0555645250404
0.060276898114302
0.068328645931401
0.049788554616289
0.055255189674176
0.057615039558727
0.047312024503918
0.050402435269941
0.054877755311255
0.059780148187872
0.048659133542984
0.032492797821743
0.037421116431618
0.042667271265026
0.035787796602108
0.032952701641743
0.031681807965531
0.046069993957107
0.045499333028818
0.040845707693389
0.061478181829325
0.075222285525715
0.062306438121142
0.065040556330056
0.07851115067115
0.048322050552223
0.044676830174012
0.042499455424571
0.036996690171611
0.045724908566007
0.050760294432547
0.057486117767797
0.056278008762497
0.048891935028167
0.050309052889688
0.04181060942493
0.052546363855301
0.049284067427821
0.054213116105856
0.056765106930363
0.050663970854621
0.079725090267937
0.072539673796098
0.068361885208742
0.063882133178972
0.071084195290453
0.06719886859612
0.057722227686263
0.05748980165833
0.050168760393985
0.05164807877709
0.051875654298585
0.044963247804892
0.047988138517945
0.074376138219249
0.083228454277527
0.071182816251789
0.081877856461696
0.044245572464918
0.044872479729222
0.047650990154286
0.035029502042551
0.033347577899963
0.033169249609869
0.038390859074616
0.042285529011636
0.04026294128673
0.030931284153192
0.040666477016613
0.044482386948103
0.037203026696459
0.041882278797207
0.033181104865318
0.032844804325817
0.032578316630329
0.031825366285486
0.045074286399418
0.049492094051943
0.053783002463729
0.051472285841486
0.047301869983727
0.046436760629636
0.056616790835689
0.059956775298039
0.054607840116072
0.057697021582076
0.050826966406684
0.070056421143626
0.072117175971023
0.072498388092499
0.06720644380546
0.053964609521591
0.052779792611342
0.055763020423207
0.030685668236814
0.086859415348033
0.085319431025505
0.080070686242304
0.04888976039272
0.048097305783571
0.04174396877931
0.050412627957701
0.038423094177418
0.052005978691996
0.05197681033631
0.053205373885935
0.051030980137717
0.031110772927545
0.031419775095083
0.028708139805772
0.080309522141633
0.075090467378357
0.072188468451645
0.063571251487821
0.066056845260057
0.067039468090586
0.059763501643112
0.059967214713716
0.061889510321535
0.067000050064426
0.062440351235584
0.083983237248039
0.073062556119046
0.063818229952362
0.065349889147956
0.056364866605551
0.052592171944485
0.054962726300124
0.056968162986576
0.059104298106192
0.066897689807866
0.049860070208846
0.05853091076074
0.049853220692247
0.047751556240617
0.054993048523278
0.051849216225903
0.046458519966427
0.061789415402334
0.05157654964517
0.058665594501113
0.058380587305063
0.060595810238734
0.06522745145895
0.058508737013614
0.063436886528351
0.066842304958531
0.05162832137155
0.060357519332098
0.055201817869001
0.065204193302067
0.058864957701639
0.051321663059585
0.059089491826723
0.060218539536707
0.082024894482431
0.082392359035501
0.06701697712744
0.059669870414546
0.074543352088979
0.07301238958347
0.077640754841228
0.069110572045338
0.069797180524016
0.068267345905333
0.068314772270167
0.073717619188635
0.072982583087913
0.065154264575311
0.066776337304185
0.063991063691731
0.076050997051306
0.082115652630041
0.077468216480686
0.069791240406592
0.076532003479616
0.06702276019962
0.050145485516569
0.046610113054177
0.049694267196898
0.047288128527694
0.066185706773716
0.06271393568822
0.052041156247126
0.05196969623739
0.051020540807518
0.055184388510777
0.052065201835399
0.057515921378849
0.052950341434775
0.056003809049032
0.061466062142359
0.0573464568494
0.046262262612457
0.050435484337798
0.050345534301739
0.047497441787158
0.044969562933817
0.052283784392827
0.074042197198105
0.073062429770542
0.063821251889703
0.071775399022898
0.063406197137484
0.066997881160823
0.057811365709733
0.057471591341117
0.044661268075228
0.042709464796606
0.047856935297655
0.044535893533647
0.049596488852306
0.061187102760755
0.053202614268062
0.053054405267131
0.059184021492069
0.046427350992408
0.050870114257546
0.05014036046727
0.043282301715831
0.048887121677837
0.057843382322914
0.04208091361123
0.029316147365375
0.036932836428046
0.031330153454249
0.040480957714197
0.0308747663425
0.02615590682627
0.0288505660998
0.041727364564918
0.044600477949066
0.041502063933759
0.037445574559347
0.060764286804343
0.057094170110888
0.062714308699793
0.073713523095967
0.046825894898324
0.040035822750236
0.043145276745723
0.037134689179209
0.031749058316164
0.044216977130895
0.041488596119579
0.046116150690503
0.05170006199354
0.050107469491027
0.044720497028298
0.03928077304041
0.040310775607112
0.048074104477229
0.052341929390377
0.047291957726185
0.054560163748079
0.054379400205385
0.050780031959683
0.046949974299769
0.074600015946248
0.070731585035952
0.064297749461081
0.059530194998699
0.063709418327401
0.070062666948631
0.066137473271213
0.063211422582829
0.055699571881089
0.05465950809599
0.057547368309228
0.045386979144256
0.047770623136654
0.04819884241579
0.045899538487662
0.075269339723269
0.075740183733932
0.040500263457909
0.040534410481018
0.043509754627006
0.034712128456931
0.034210908659336
0.031935789957656
0.030453922040725
0.02925625849
0.036126280537082
0.038022210543003
0.042175224539169
0.036068019718403
0.028693458938398
0.035998963403372
0.038693831774983
0.042257413175973
0.044325928402262
0.035237085033796
0.032161507400962
0.037614723594541
0.032549742617141
0.029604744880851
0.029850299336897
0.02656377496641
0.043346434521723
0.045162449450382
0.051108376095122
0.047389800726376
0.044284790271071
0.043965733320932
0.054595925148048
0.063520329521309
0.053531034359497
0.047127245956779
0.069656459447204
0.071220423263722
0.063682338972301
0.05176675819405
0.048736476910737
0.050816911885402
0.056886086781103
0.026751310730656
0.075026166076811
0.042999528358619
0.049703511677887
0.042730311460916
0.03763024184777
0.043573825949387
0.049771883529193
0.046710338274842
0.027510851710366
0.027705330936268
0.075482353708275
0.067644159651546
0.067037613031962
0.060003418185403
0.061307601823068
0.060489020188359
0.057180737353091
0.055191608391161
0.06184142572107
0.059872132247701
0.078210908326155
0.066686685282174
0.060508260955354
0.061806574428784
0.051994922396023
0.048003911394249
0.052615996091114
0.055971310016326
0.051656370952833
0.053334955888815
0.056609558784228
0.062827526876037
0.047817767308828
0.045996179847454
0.048919660691839
0.04577325196846
0.044144791970229
0.049214105294401
0.047174709582107
0.043643269510382
0.058948474752107
0.045848218886976
0.052393862509711
0.052199523778264
0.054938813162928
0.059707691892191
0.057962833466007
0.06445433347662
0.044839375002146
0.05446471128749
0.055236013350374
0.047484568467655
0.059330911516485
0.052463607861842
0.048793084210611
0.057639750661768
0.051827436306094
0.059417643657272
0.056818995906511
0.077344656050991
0.077447320430785
0.06270244478653
0.054656058057235
0.072981533803019
0.068287664036228
0.069848748929292
0.073598719111175
0.067749578759023
0.06472179746099
0.064987563883587
0.06607122506234
0.065947823945527
0.068096625374878
0.068025502838619
0.071479098212891
0.064798347565464
0.063139026690586
0.0709994730255
0.072524664306659
0.064683658446391
0.069561223469707
0.073223734447142
0.063987630336739
0.044618013513187
0.0426929493942
0.046853214448322
0.046721061878918
0.046337684373186
0.042863746327979
0.063834104888346
0.061475210583948
0.046415795194232
0.046658815135006
0.046522483375574
0.047836062377852
0.051173349914092
0.054076972723183
0.046653529178709
0.049412037796932
0.054917314419327
0.061530845968006
0.052672158858187
0.04289542152353
0.044977062502232
0.045997533832837
0.045514159933098
0.039727065410755
0.050551070256051
0.069904507843596
0.062508432628707
0.064934419410398
0.0584732717027
0.051454675164804
0.058123323174193
0.039502494958638
0.041179157481864
0.040560422575847
0.044066213207053
0.037580526654691
0.045203189251673
0.051072669953735
0.049433238406898
0.051854741042455
0.038757728480579
0.043967630760057
0.046291863259107
0.046946820871475
0.037020078820927
0.046808837115374
0.050807109492609
0.025040963099428
0.034229722295411
0.02730365991283
0.037081424155987
0.026335477544059
0.024252831612747
0.037490452219737
0.037369866718291
0.040619706622937
0.03650644736428
0.032111791304878
0.055876722908853
0.057460440155218
0.044062424187881
0.043666070477318
0.036293731116936
0.038250961818912
0.033401903704638
0.028042341918998
0.038700325822448
0.03672033626813
0.043720490814564
0.051692630880289
0.047192095280083
0.035190021828486
0.036930465403885
0.039133474191119
0.04876292597528
0.044094335914751
0.052522173038815
0.05307377152072
0.046488189149918
0.04449766690716
0.064842361049467
0.058494906974356
0.058463513762951
0.065625894779047
0.055206734097681
0.051023992828829
0.052893109152158
0.04344049390303
0.044838439903733
0.044668309780858
0.046234597380651
0.046522609673491
0.04366334342336
0.073355569184733
0.072109682556991
0.072741802921426
0.035565136524452
0.039581177787629
0.038300647690137
0.03009203828885
0.032566336027494
0.032075129933574
0.028934253739623
0.028454913216923
0.028015694221624
0.027386553056596
0.027415684771502
0.025295833520271
0.026573164122676
0.032771898498847
0.039064966009942
0.035317461364659
0.037409391491475
0.035230268155522
0.024349844665605
0.034667839506953
0.036600953750394
0.039945110816434
0.041752691956392
0.029855055901183
0.034154611393227
0.030002825850216
0.027786333574932
0.026591881361873
0.038914227045096
0.04249479303146
0.044206967104486
0.04747085941255
0.044296344352863
0.040242172954299
0.049153563830287
0.053823319005381
0.05024343071033
0.044296569683003
0.067305702680818
0.064063617896129
0.046665091368143
0.0460144923306
0.05137231696443
0.054440868599838
0.025760702990736
0.039539526025839
0.04168957121505
0.045100790505192
0.039637852022795
0.034016447634928
0.045422833163079
0.026893863506066
0.023150148647181
0.063233190573203
0.06014455569474
0.054983034350755
0.055802259310753
0.050345885165482
0.049367003835547
0.055422158056562
0.052614436428392
0.065405701534512
0.058587556821523
0.048404831848188
0.044665759007835
0.047443089723652
0.049409846235932
0.052066774092821
0.054763230220975
0.054166152465832
0.050608569293348
0.053083481014978
0.061330879881927
0.043962368326267
0.045658019781036
0.043204045670121
0.038835741826278
0.048296647217652
0.042917615939883
0.038635879531807
0.055559882095542
0.04206588345295
0.051598684913752
0.045241176900929
0.049408167138203
0.058581983346781
0.052690932773468
0.061756669249685
0.042317844542693
0.050444676070737
0.041825478408614
0.050225413723424
0.040099240689582
0.052107757880275
0.049692913667462
0.053542051599948
0.056186672140482
0.052249620389383
0.074996274132282
0.056209794979324
0.049951017287342
0.070442502715877
0.071572930700253
0.064378258709638
0.069426968817016
0.069828799770392
0.062994465824039
0.059242925649474
0.061026124137578
0.06619647864587
0.062062778205981
0.057476712292392
0.067895781194857
0.060769546988848
0.062539140846379
0.065565812953873
0.068921520744925
0.05973539492486
0.04080788388838
0.03859844375983
0.044517156730673
0.042449525666511
0.043808641488867
0.04520164375898
0.042133916375421
0.039377112596801
0.061310933736336
0.056205725735974
0.04303426420716
0.042308253564152
0.044055791613407
0.04630583647808
0.050507278198288
0.043010857802461
0.047598792630084
0.055361348536879
0.042632536731683
0.038608303872333
0.041665059777278
0.043845455882084
0.039878629654863
0.04301904896358
0.061588348745939
0.063075389243452
0.054801531475987
0.046953266754601
0.053593845332932
0.034358608017644
0.036148979933518
0.036058762466874
0.041080796913198
0.035465158230857
0.036335052594135
0.041018408382375
0.034465654035446
0.032337283256377
0.044697087220072
0.042941403525525
0.046831078852967
0.046852212967159
0.047963298668746
0.033613436337088
0.036712698855083
0.037270056436733
0.045400051718057
0.041244161160399
0.033174814466939
0.042801163672805
0.047278035702214
0.020748347458604
0.032825810418235
0.030099949004741
0.022323422072316
0.036107003728992
0.022536366626871
0.020497007128938
0.022117001261273
0.034590698842231
0.034453759981263
0.036681646815127
0.028041086985138
0.055079783153173
0.039364800968826
0.039336753110732
0.034316064440405
0.036494967980939
0.028863974396735
0.025281013791349
0.022693789004638
0.036017532411151
0.036729289857558
0.03897914061998
0.047194661940468
0.034671597285047
0.031648231998218
0.035455289475907
0.047043055088862
0.039745002109361
0.048750746389338
0.04903287625463
0.046720081164444
0.043564266385832
0.040187859007846
0.059175384187955
0.064394666671978
0.060628160424048
0.051419775149586
0.049253077906355
0.039433293375567
0.042760136977123
0.043709439934864
0.045388759284822
0.04414598950363
0.044249377215903
0.039081603957795
0.068326276600376
0.06831598093002
0.069425162679707
0.03561276580175
0.031504286643532
0.035702639468618
0.039606133082775
0.036099350915223
0.027554596004013
0.028813143703122
0.027363151382099
0.025212623179006
0.030014063714408
0.030514146868829
0.022274467224703
0.022740640136352
0.021328728582539
0.021766313482063
0.028880550887664
0.029771192827692
0.037661588717902
0.03455929435131
0.034269604267639
0.020345371784021
0.032458378899471
0.033504398952514
0.035437254394094
0.036443713342951
0.028951183378684
0.028897330711223
0.025651263882553
0.022877559944784
0.020747812556316
0.036732082221908
0.036709954413783
0.04181311323558
0.039351517856021
0.044291848380531
0.03819388137835
0.044357973131066
0.045423082045849
0.053192348776023
0.057802334410198
0.047721780095623
0.039541592451148
0.063248813940835
0.057854421843677
0.041246155626664
0.047828060668445
0.049630230113742
0.020810683665496
0.037186814754596
0.039101202458166
0.029286781512143
0.043659758121063
0.022406987609231
0.019858565117908
0.058050669564949
0.049512806398576
0.050616591254843
0.046176102304492
0.050742065646721
0.05232106747397
0.04816594756153
0.063172700398542
0.061584470718944
0.041917529256232
0.042718586457791
0.045613135162607
0.048063719199796
0.052560383682229
0.051672669341282
0.056364460044928
0.046594177535432
0.039158452964616
0.042055666890421
0.038461121550303
0.035764619728164
0.046113031298889
0.038052375123616
0.034194498558176
0.037631555309456
0.045378211217563
0.042136863584666
0.047858194520929
0.053552179569424
0.050542845560742
0.055964494074505
0.037539368231221
0.049846629044105
0.04422992613818
0.036309266006364
0.045734807333143
0.038600094313867
0.036742548591637
0.040306488718909
0.04374062233668
0.050281695410254
0.049885478504803
0.051284524463235
0.048558326397835
0.047508806103761
0.070370925755747
0.053133192196567
0.04696836109539
0.065755504112047
0.06643817206656
0.06149918202752
0.063788616289126
0.064355661122205
0.059630176589454
0.056323734441319
0.056974845233563
0.062014400660699
0.054881888440586
0.062773748539056
0.061778071358763
0.056296160997522
0.057090977128783
0.062671609622831
0.054854908412501
0.037246114826994
0.033756862383135
0.040231236093191
0.045450373170471
0.038691676432265
0.038974551769304
0.041032416915164
0.03746106169267
0.036075683336223
0.056282036347779
0.037710015158065
0.039599167492255
0.039893729822165
0.043468644692503
0.039704159939117
0.047104428963601
0.053713674895879
0.038062255200918
0.041779727380226
0.053592258384935
0.038299260821254
0.038379811431562
0.034114548245197
0.03831487040241
0.038745757138517
0.059604971220906
0.049641047199583
0.053284267019286
0.048623233867535
0.044894319954767
0.034209277968579
0.030632206317702
0.03139771171063
0.040517913494552
0.036332576216716
0.033975221845474
0.030527008536397
0.035089044094774
0.038710780988265
0.034069959306578
0.029834537496384
0.030895951736131
0.042656336290726
0.042054874656269
0.038359403013055
0.044745786462101
0.044023768983457
0.031915479781887
0.032912001462902
0.033837570441195
0.038380654869035
0.036663850402499
0.037481304447598
0.016755033464275
0.028027823050775
0.026205532157273
0.020021089379997
0.022184398223008
0.019003209573745
0.034207725384677
0.019412978955754
0.016565137056941
0.016966226388747
0.030978690192504
0.032574849074469
0.032599949766114
0.031937488391747
0.028109847210125
0.053250742340766
0.037220120317979
0.033986312564507
0.029482485592434
0.034315143386103
0.025317429792397
0.020600182553291
0.025283109245912
0.019739957588197
0.034265448075558
0.04428615004696
0.049168984559443
0.030319307113732
0.0282428441081
0.028661498174416
0.031176731655267
0.046547240569557
0.037454797880934
0.037529915169567
0.045559834299661
0.047968905612144
0.043451986934467
0.04344587548214
0.039179824470609
0.038582197616349
0.056934559602131
0.059295314461103
0.058063298611268
0.052266231049541
0.046281375773802
0.047520118161382
0.037538459490563
0.039525301280757
0.039610538266873
0.044729715282125
0.040778948168461
0.040049592510185
0.039793088347281
0.063284352161318
0.030113188000171
0.030080945409917
0.031743531131657
0.036644386807574
0.032124990712588
0.037177837706718
0.02135990455866
0.027971492520657
0.024535157532652
0.024527100536215
0.023811849037268
0.021960997409263
0.028326064741667
0.027803782405123
0.018866901761363
0.019705661690227
0.01834929004303
0.017170831304546
0.027355574124236
0.029421331485293
0.035205952791539
0.030532716054972
0.030520613424897
0.017827455369174
0.030681148384511
0.035147573913038
0.035402349088949
0.02425419671041
0.02324270320679
0.021869723197076
0.025776031389083
0.018929759493022
0.01873969551085
0.034581136475916
0.038726895935179
0.036298333595668
0.03921730846654
0.041894540439239
0.04606517927923
0.056035046007103
0.058805148699895
0.043564323417983
0.035742677478682
0.058550913498257
0.054950873550732
0.037648203302273
0.042532102866528
0.037950328889263
0.044504522105393
0.048225246020619
0.034336007047456
0.040019670664153
0.020530757326403
0.016436478323462
0.045151338557681
0.046191384155869
0.043792955975998
0.046343518848119
0.047785834562951
0.045077374648504
0.059625093389744
0.040896631226963
0.037969946234971
0.04035174893789
0.043707858929716
0.043169834500216
0.044252832551306
0.047795968320864
0.045348931078017
0.036051275048717
0.041953544581711
0.03829021693817
0.034009162702583
0.032121529243947
0.034635542488289
0.031947133025477
0.032351864311967
0.040699681863298
0.036189552808295
0.041517581579984
0.044120133001571
0.049925900622845
0.053779766571365
0.03294444457423
0.04307339953824
0.038341873314253
0.034564631602059
0.034367785276638
0.031060551364766
0.039558070831617
0.030637800715236
0.037471751926646
0.04411422728332
0.040145515048083
0.04520829297203
0.053831818537615
0.045681298723723
0.04180842233469
0.041842276552192
0.064089639743552
0.050717237920287
0.039761361520116
0.057634784042246
0.059917036680785
0.053383345049625
0.05678455945608
0.057109214007531
0.054266451794978
0.052510790551272
0.058293168568607
0.051277322484095
0.032162479326519
0.029746146074434
0.040742034716481
0.037337912825226
0.034863410634081
0.035968251697176
0.037905283157278
0.031760183193559
0.032449607392349
0.034244336313822
0.04031546536364
0.035457045718443
0.040501573292721
0.034769422351149
0.045111230983328
0.042109420530303
0.050178456196805
0.034325280677179
0.038493649724154
0.048828122858816
0.033830084166602
0.034388401046969
0.031599768021119
0.033171571158789
0.034018398256691
0.044944696905768
0.047619114082537
0.054987558015475
0.044283490799047
0.039356915853422
0.029658897139121
0.028479679203847
0.026481342245923
0.028163846713254
0.028886867508198
0.036382093510258
0.032781943456169
0.029298642901932
0.034636280797323
0.029374616963985
0.031705233875118
0.034634145884191
0.030488779676075
0.0259013476287
0.025972215401627
0.038156982817751
0.041980835112183
0.036435987064445
0.036228572389137
0.033937242437327
0.037810980555178
0.037381085487035
0.032181739981792
0.02684385810716
0.028608382536308
0.034837623667761
0.014193341660832
0.013944569455554
0.029546955969136
0.025526275127431
0.019922834937752
0.016146433947006
0.018160887309388
0.017983602229531
0.016287132225271
0.015179625171426
0.015054253134295
0.02820113658196
0.028491827477677
0.029387723597192
0.025868720363643
0.0540322124009
0.047831406228904
0.035195719762197
0.029569751302213
0.026782256658049
0.03077438591974
0.021883304932846
0.024255695351452
0.016404914446176
0.020072470509947
0.015288925316222
0.031118473670704
0.0355946602388
0.040100724779645
0.045234821699051
0.027316105060913
0.02556000671444
0.027291252530757
0.035096205706601
0.044814997744287
0.039193660881006
0.038875096657047
0.044693536698496
0.037363055130271
0.036788062034425
0.035448805370902
0.035970750528754
0.04846964029476
0.050167809401429
0.042552414278323
0.042218536524228
0.046752392051568
0.035351338106003
0.03524041679909
0.037567639227412
0.038121561572791
0.039700492040335
0.039405388893847
0.038237415090456
0.027695279136105
0.028967784755082
0.026646691698968
0.032043689441219
0.036283459306363
0.029834422388599
0.031109265552878
0.034062234647102
0.019843447166033
0.019817197396316
0.028705467309281
0.024458145872982
0.024667592340581
0.024446472915514
0.020844777530359
0.019630489919812
0.027472453083605
0.017273115485297
0.017115234664062
0.017477027628728
0.014955268277359
0.013355125976667
0.023322734448972
0.026568880362668
0.031395506796183
0.029111636867979
0.031546199336594
0.013752333426257
0.026096619210494
0.031273696060239
0.033308478419772
0.022822647366159
0.02108705936286
0.019487291946146
0.021826642739418
0.017415917066743
0.016073311424864
0.032890687067518
0.040023363656211
0.038150683825963
0.046296190534532
0.051442670288071
0.039656362275565
0.041508330504781
0.035179826144307
0.051101293949739
0.033553570851419
0.037373930860511
0.039624033722675
0.040637416592973
0.033466323210337
0.038350107956109
0.04275201413279
0.043874705166101
0.037753384917028
0.017816081337984
0.016218737370885
0.012529913343064
0.03910019878393
0.039829560771095
0.036695017788913
0.039652445796547
0.043620378174569
0.037945541995632
0.055870877651797
0.036088644908854
0.034296505771458
0.03617488213839
0.042063092219647
0.041424545152993
0.042522402983738
0.042418018607699
0.032309566338142
0.037541268022019
0.034593703270238
0.031980789475503
0.027026190018671
0.029751621667424
0.026978046762911
0.028685660992468
0.035437441066589
0.032154503737053
0.03884968077739
0.042169773543119
0.045443074309821
0.051112162028145
0.029324709875214
0.031140011904586
0.031029275094203
0.029296585231859
0.038310099743835
0.028352502261858
0.03289411667896
0.024853301577382
0.037838587471489
0.024487466449385
0.042523880658697
0.042164306075005
0.038902905938756
0.032850004920501
0.039903380443807
0.051222534434544
0.046981525818329
0.037241006870247
0.04648228364935
0.036072951413343
0.055657339529666
0.051656927661141
0.04980662762256
0.049238170376581
0.047066091176682
0.051481600781526
0.027362170301515
0.038716791915044
0.034794020032176
0.033220200806677
0.028842166184349
0.030714935808807
0.032788185733919
0.032204688871942
0.033032960169582
0.035774542581175
0.036702062163006
0.033085894151023
0.043392918063739
0.041274011055011
0.040647888582644
0.034580333706754
0.044128701187345
0.031305767316405
0.030685329091827
0.032542482088981
0.027363587537518
0.029032720953862
0.028692313278117
0.041733106167966
0.044717026597092
0.025663580451038
0.024046473035687
0.022485748985922
0.023857698780272
0.023729006482363
0.033201285616353
0.029477574122904
0.025119124791684
0.028937299385707
0.035111173090926
0.02584409637185
0.028841578959986
0.022363844516539
0.023388779847269
0.034950151462114
0.037041599501608
0.035972354293547
0.033771678215662
0.03432639851095
0.033340676864359
0.034840774873503
0.033902774843653
0.027171225489337
0.025623897022923
0.029264669172042
0.03173610384191
0.0098655732301855
0.0095907392263362
0.02835033524907
0.027660999251097
0.022625269604108
0.015831964392868
0.010627151589886
0.017005642980951
0.015354593930578
0.019842955944904
0.01335850410301
0.011809187627005
0.011162437997402
0.0092561095023674
0.02551832117712
0.025601150465613
0.021236159726226
0.050116956129726
0.046320917512301
0.031599619620002
0.02895211025986
0.024304277440096
0.02929840876769
0.017469676568491
0.019627924367792
0.01375728802326
0.0161929732713
0.021429939691072
0.010803939053464
0.014533320637644
0.027762586706848
0.031193379200816
0.037776883871252
0.02451678153626
0.025199839046652
0.022572203089507
0.031718340722367
0.040539320217405
0.044654542322481
0.036653462326484
0.035934085857444
0.032847714952821
0.033113907438112
0.032132899050729
0.030496370461297
0.045878929346453
0.048135690018443
0.042062157560703
0.032026138899354
0.032226611777144
0.035263488775481
0.036097670928513
0.03528230918994
0.023501305900271
0.024395562562493
0.034353222278872
0.026481182553483
0.02964508882961
0.032227585738802
0.017703833323598
0.0181160655126
0.016339091075774
0.026413640571742
0.021199031211181
0.02311259338187
0.025338963357594
0.021740723974547
0.017501164579911
0.01810115030759
0.023364198504725
0.012959474225491
0.016219489273688
0.012597717327278
0.013251760657986
0.010215510216488
0.010821634194308
0.023383424002211
0.027206628317574
0.029186028328666
0.02764481983241
0.024772939975987
0.027566261394311
0.029215486240745
0.019979429047072
0.018610901382525
0.019707056643981
0.014810203050712
0.013375554596652
0.012450386820603
0.029577696837781
0.031204657732498
0.035665442960254
0.043131469712787
0.043298906277318
0.034501548697276
0.041096686969475
0.031508619176952
0.031722094381657
0.03080598421553
0.033425785660666
0.036409500075256
0.037011396406543
0.031433399614562
0.030384342760931
0.033309703063498
0.03775188878546
0.045730596511797
0.039397773996247
0.012544774158869
0.012007225539441
0.0091284554243547
0.036313910126527
0.03427672092917
0.037156675131301
0.035148577904273
0.033883103217427
0.034305174992129
0.031691299314384
0.033894611183622
0.037626898041283
0.036967088147487
0.038218890131834
0.027274995398814
0.035092025623512
0.027599935901816
0.025142031802477
0.027191661088158
0.024844909892698
0.026955942206505
0.031644723233405
0.028665000448171
0.034757004179226
0.039073772615401
0.046456241404233
0.043322929304036
0.024441104385152
0.025919428034829
0.030377359626394
0.025276600918446
0.0262329053998
0.034687578347072
0.024282268848862
0.028426207720468
0.022217353079321
0.021577483733779
0.034462517229002
0.022110577610412
0.038189265412559
0.040384894076241
0.034951530454392
0.028325001508522
0.035740237832923
0.033374736361317
0.034364062888901
0.043751874689415
0.046919377229676
0.045640525206119
0.047290291084832
0.04312743391447
0.022685437501184
0.029261556737883
0.031348965340232
0.031046477369991
0.02575081735289
0.028123888937019
0.028942032021572
0.031385995988003
0.028428846531203
0.029101608473959
0.02933885679101
0.034727304083125
0.02808377714568
0.038336979816086
0.037592547908544
0.035849968544471
0.040835160500304
0.030887357419577
0.026855099546243
0.026240873976169
0.028157865874853
0.023856697319802
0.025617152473003
0.025527999078055
0.039258194662718
0.021012167618301
0.020235096470374
0.018153526825055
0.020894230874391
0.020387868427757
0.022706786482746
0.031989950553607
0.02670294323882
0.025565255539921
0.024039524069444
0.029984332683385
0.025531565499115
0.017843024562509
0.020171784361854
0.021479477468971
0.032520179665599
0.036291636481516
0.033417023553687
0.03169376048112
0.029749823329932
0.028312190868199
0.031369157524472
0.024168967511788
0.025383387757198
0.024554732911047
0.021027070342913
0.026519213987627
0.027789906150405
0.0074472359119662
0.0054679481997977
0.026749053905193
0.026093411420782
0.021677886115831
0.015407211603967
0.011652747252264
0.0095265754241936
0.012890623937912
0.014769337369228
0.011305755528833
0.017138903992589
0.0084200600847149
0.020769059547516
0.021522805064936
0.043869411670872
0.02951913862032
0.031868734877974
0.02736247942657
0.025300327116147
0.019480697671716
0.027236507352847
0.018993069879891
0.013233199514774
0.010057501224047
0.014779926346127
0.018418329791277
0.0077789602426051
0.013932269629689
0.0091869051646362
0.025615569767312
0.02978789589007
0.020123408619584
0.020603733089244
0.029863054620148
0.037061753894168
0.040252441492376
0.032187884757869
0.03211787428071
0.033610980676323
0.027919866567141
0.02891515489462
0.041750608114106
0.03879091598553
0.03022563390237
0.030262025185232
0.032595723173295
0.030995484467927
0.020250184785989
0.022025937870681
0.029867273473241
0.027178009325852
0.023077485202315
0.02711575864646
0.014546877177151
0.014680056335798
0.020714596703826
0.013742239748072
0.018509599607852
0.025881031724836
0.022661986009152
0.019785158520659
0.023958160110657
0.021197727605811
0.015083580015049
0.0098471527608097
0.01189239468343
0.010182985430087
0.009806019132532
0.011060409310857
0.0092864544083694
0.0073508479768406
0.022800581904006
0.02836963117394
0.024977168432307
0.027982141957996
0.026109612169389
0.021551019022538
0.015103264890884
0.014642800282605
0.015583740603064
0.010628919360435
0.011056325993392
0.010019355907557
0.0098703734751811
0.029023936690592
0.027221279878041
0.029592368606831
0.032636792152742
0.038772454204268
0.038276528314874
0.031471048512624
0.03641777176207
0.02927477171244
0.031484939239494
0.032704421001142
0.033123175160566
0.027492572420568
0.029207142671136
0.027408397026896
0.035480147794768
0.043191298232744
0.03745438225216
0.011334588631264
0.0056946867862263
0.031522002994616
0.03582144515002
0.032151365291839
0.031223943186174
0.03222522977772
0.028295593699606
0.03249951633346
0.036225017410522
0.035571498572737
0.035710700184254
0.024547259765481
0.025746359497232
0.021396310408815
0.022420936910258
0.022168333099249
0.021708187358359
0.02201266372895
0.032179315547352
0.027271361321882
0.024386175030231
0.030720930928735
0.039624946892387
0.035290771041984
0.042870396201766
0.021261557535004
0.021756399704324
0.026775465462484
0.022369543590894
0.022486618505499
0.026885289811145
0.021784349298644
0.024413497043566
0.031612792714831
0.026169309663962
0.017565957776832
0.017180136277467
0.022766230529363
0.033028927024233
0.016882249018776
0.038418867295062
0.036732890944363
0.031229438489636
0.023348876545598
0.026689716368791
0.026129352473856
0.043170540445351
0.038897035121534
0.019529620102772
0.026253695361752
0.027456366569025
0.027541891271222
0.023752053702916
0.026778939706585
0.024636038452563
0.029629578228838
0.026844700783852
0.02531856487092
0.02425635453566
0.033902937636042
0.028124969564854
0.038454696167363
0.031839812933982
0.037412277614754
0.022299095568764
0.025777185765288
0.023558505124894
0.024635549567645
0.021545664050057
0.02068160910718
0.022164388333508
0.022185591312122
0.035826488072339
0.01676701932983
0.016679121562222
0.0199893944526
0.015222352173982
0.017595193682869
0.017731376885904
0.022467851198089
0.018324922761709
0.028178646691116
0.023471417045878
0.023653018509901
0.019923608318966
0.027211578576731
0.017687725577143
0.016257290359235
0.016038082086502
0.028437315521216
0.033189416036865
0.033129072079629
0.030468730455332
0.027237805200571
0.028346810132586
0.027593317094782
0.026381725439707
0.02169410909289
0.023729144592443
0.022598137059069
0.020127362731824
0.022862943422996
0.024549413320217
0.0046235130748293
0.0047138158053509
0.003915440110866
0.023216810843032
0.022765480111529
0.021868292607793
0.01857680370962
0.01498534506388
0.010179066789028
0.0085915459264237
0.0072872383570641
0.0056107143848139
0.00789455754922
0.012194185184561
0.01037635480303
0.011699473281654
0.0090691099191669
0.015351436476108
0.0064108881991712
0.0046673190553586
0.016570055082471
0.017022483677783
0.028016889903375
0.029700303216368
0.023602676775704
0.022074515004881
0.016947178291318
0.018638672007304
0.023549345081874
0.016774266289323
0.017977477803821
0.0093751495312793
0.0058139986661473
0.010268651092098
0.015858059600317
0.0040820967512324
0.0098395773441073
0.00713607487967
0.021841058253689
0.026638866812884
0.018166031502001
0.018822397542316
0.026751558884195
0.02807200050436
0.034346318288071
0.037199767805057
0.02970709224321
0.030581222303121
0.028942827208847
0.030663534642056
0.03016906984436
0.026212021881992
0.038869441738475
0.036270240730333
0.028545716660462
0.029253077290008
0.030169319056783
0.029170532000954
0.016344214346977
0.017713619328524
0.027382013385688
0.021653736106196
0.023707372351213
0.012674103073288
0.013165171993475
0.016081792950422
0.018917267442331
0.010667144781892
0.013703506471357
0.015421389551129
0.022265298077633
0.015232353494328
0.021916958213818
0.01770291900813
0.015319160603091
0.0065041845012951
0.0098129512114192
0.0081670410019172
0.0042491894291304
0.0043379201719333
0.02007865641103
0.026508220023872
0.022667843406484
0.025188201252362
0.024024395962298
0.024035463915726
0.017947328335109
0.013133848910764
0.01235391789816
0.011535518511189
0.0121764671197
0.00905865682065
0.0079394137931798
0.0075478419025766
0.010253346362255
0.028651563106768
0.025182872599775
0.023990809338063
0.025353912897582
0.034420490539838
0.029931701479311
0.029655224723553
0.025930606310995
0.029155234355469
0.030460714298602
0.032153204308721
0.031123511561461
0.024218784269314
0.025594034894813
0.024108887050534
0.032361965103446
0.032091690623689
0.039374542495986
0.032902170538676
0.0081063899966822
0.002523058125259
0.0058398859220772
0.026811442067583
0.032729733524533
0.027410415709719
0.028649261816619
0.029175706240865
0.026149149535066
0.029399162716576
0.032238191143443
0.02148289143522
0.021066228178012
0.016784037805176
0.018997842456832
0.022630342137203
0.018636309536657
0.021960296837322
0.027609963353575
0.024025082797365
0.021387685299387
0.027443074502394
0.031680644284308
0.035610252406143
0.03369613716302
0.039052301697627
0.018213441794815
0.021730005001931
0.024036187388366
0.024461635213616
0.016766283066414
0.016523832362969
0.024151127544226
0.016582330980245
0.020401581523883
0.027302766723673
0.03153319788839
0.029016533386935
0.02131795942747
0.014428265285413
0.012776712061414
0.013498402774332
0.015985145963326
0.024586173052699
0.032181764126831
0.028623407056987
0.015083114868891
0.034716516162587
0.03628280849512
0.02787241978559
0.023314292400827
0.016774161525499
0.024443413720724
0.023096762869363
0.039511367941813
0.036551802712707
0.017162251708504
0.016293153038579
0.024394758701029
0.025456528797049
0.025350584552728
0.020565818845294
0.025728473189965
0.023040032202866
0.02379593394004
0.026818403012471
0.028575746528534
0.025461803763351
0.02263377596341
0.023232214083
0.022871330467943
0.029256387813912
0.023240454496036
0.036043013910791
0.030411999630715
0.033491803274381
0.021494533138702
0.022841029705552
0.019770828061414
0.025784423172812
0.017743852840179
0.017159850253943
0.017334657643694
0.016281947946915
0.015122331240338
0.015537897480383
0.013513648709687
0.013092192236355
0.017401828693109
0.012728893759328
0.01865276250718
0.015115820985315
0.026802924498763
0.025662922529527
0.019475430034241
0.022506491487137
0.019722168493348
0.01662814465333
0.025138535114626
0.012795643626506
0.014990934063329
0.014625763083229
0.013622755669678
0.026117876876133
0.029908898400071
0.031420346163226
0.025635974294345
0.027490782822005
0.024059529310621
0.024867618744745
0.023216003995273
0.016614264514992
0.019856744297934
0.01750718415394
0.018559740485581
0.019447512501725
0.02220029806406
0.020511864912387
0.0024003856451236
0.00019364054565096
0.021467091933043
0.024547857446167
0.019778829027961
0.016895413969805
0.018479330557479
0.01084776993102
0.0078743714065742
0.0057749179307663
0.0029507690105405
0.0047072905341859
0.010493428097242
0.0081388688143904
0.012107812084844
0.0093229681754413
0.0074414608152835
0.0021207250109309
0.0012266033914138
0.027304175899029
0.024334645739598
0.028041220914308
0.021665839507413
0.022739981100403
0.014505704981106
0.01550533922522
0.0137303901242
0.014017308332486
0.0082628531299736
0.0060035069841177
0.010239626287479
0.015377690306765
0.0010310362643188
0.0044304980742732
0.010225182715242
0.0054539101533598
0.022110655611602
0.014774733052342
0.017969929010201
0.016035514604293
0.023014005044911
0.024675718031168
0.031181298368099
0.032407501755754
0.035786446185722
0.026320784531356
0.026091523386254
0.026404037167103
0.026790351524486
0.027337979048767
0.022117839343808
0.027706083216037
0.025699165925332
0.014897275211207
0.018479572266229
0.022237497453548
0.010798171403152
0.010902806723489
0.011438390299196
0.009333842504731
0.01386844804245
0.015166543120608
0.02020209036999
0.0083930566041222
0.0085024066839098
0.010847192655816
0.014060899926956
0.014340706697824
0.014288183010827
0.015834735752287
0.017842855358493
0.011306896518488
0.0036339460806901
0.0073222889868745
0.0074277444002526
0.0040752149728603
0.0012416780555617
0.017466695740062
0.022223504929195
0.021411619041987
0.02309494192199
0.021935916784987
0.017705891146293
0.015115279338323
0.01050315100979
0.012129932003299
0.0093470405568161
0.010643595707745
0.0056692027371578
0.0031202544343489
0.0042439576401525
0.0062973358766448
0.024486719380241
0.023942456834973
0.022516823953872
0.023652721031557
0.025678468191362
0.025414366895958
0.025013429619102
0.030164842808781
0.02711393999073
0.032235155551164
0.030017702928206
0.026830127030541
0.021704020251849
0.024027652226738
0.023632674343089
0.02279100112237
0.029324398126132
0.03224334094778
0.032128473142081
0.0066796581602772
0.0053968357024853
0.00088757686136179
0.0017892851035534
0.028176326217417
0.023851110377806
0.02783991254354
0.032161983195746
0.016516253468501
0.017552463542134
0.014668981953603
0.016004458618651
0.019595621288642
0.017714504748677
0.016318743921086
0.018308155733482
0.023407349353325
0.02045987300728
0.017842695154256
0.023032104563318
0.025890447820931
0.03036408564504
0.035493165950779
0.033160961435267
0.013216005895672
0.017829122478686
0.020696221804632
0.014018587516393
0.014058854153027
0.021192306722671
0.013418825532321
0.020838593119951
0.016506749030451
0.024681033044878
0.028705411279009
0.025612571170258
0.021728804990015
0.017298051531261
0.011605517362562
0.011199917943106
0.013529910807079
0.021694003285706
0.027858508158568
0.025253092354328
0.012603259387104
0.025543492239974
0.019744685164984
0.016224759876966
0.013550518160892
0.02146455204233
0.020272354333661
0.019092913157552
0.034792289506673
0.033334600752624
0.013013841642031
0.010930063241921
0.020788519058294
0.022151374902535
0.017783085595164
0.022169402208225
0.020452604271298
0.019287496399351
0.024286602272515
0.023962474893542
0.024692614036495
0.024300201863512
0.018657259331542
0.019677712818466
0.02331359846784
0.019023357992061
0.02659634789082
0.017792848594577
0.022319526945856
0.018750868009752
0.017222910329949
0.02291446041172
0.015268433800267
0.015051253887961
0.015023415071588
0.014696021053742
0.010447721553991
0.010384652703055
0.0076850836299875
0.0085443522533646
0.011615645528566
0.013731025116928
0.011944661421426
0.01509502401589
0.016872299977465
0.012851369420627
0.023779343739041
0.017601987764013
0.021205984068858
0.019234878043466
0.019303622373863
0.015820356722444
0.013868251609214
0.021204194626802
0.0099610020354384
0.01222995693828
0.0121124502099
0.013667461505132
0.011987757801674
0.021248276784324
0.026932269396792
0.023176464741451
0.023768502877572
0.024361129838481
0.02184524101914
0.019605651099617
0.016791170896161
0.020044999561194
0.015842629421511
0.016612026699579
0.018841053230464
-0.00047333234892364
0.00073910395689029
-0.0039472289463465
0.021009341226185
0.02425477002694
0.015061844450148
0.016596647255817
0.016604238373956
0.010528456145461
0.0063362839872332
0.0055291397097025
0.0021290478139639
0.00012336992559566
0.0015677143684977
0.0041465598971886
0.0010483531210335
0.0085083012932448
0.0063348224029736
0.011522053434878
0.008745499040531
0.0045966011825942
0.00087269008844237
-0.0021160424684339
0.024572440376534
0.023220278576882
0.022628802374306
0.020400698693642
0.021211630011962
0.012654757473587
0.014182191857786
0.016433206315307
0.0071422593241343
0.0049834821180491
0.0089226621653447
0.011142607294584
-0.0022152091922563
0.0020826678711952
0.0077917657938177
0.0089974770885089
0.0056344816315311
0.0013344293261326
0.011544280460512
0.014507422502754
0.01345005379626
0.021495936351559
0.02316181980152
0.02864327166622
0.023021719142937
0.026083333920904
0.022536351181758
0.023879693098049
0.019956191899951
0.02065060811671
0.026099430784389
0.025028940476654
0.018660137443384
0.0073646774880934
0.01107139142273
0.0068709173202696
0.0088859237538081
0.010483526457341
0.013938322280105
0.012262329678739
0.0074180668141574
0.0071503710308904
0.0069497653429323
0.0091000580403135
0.0091870422100896
0.011716024548823
0.011384131186202
0.016172899340431
0.017972141740203
0.0023137867994844
0.001886646773193
0.0028017517319742
0.0053253080563874
0.0014687663497037
-0.0024485734881995
0.017907577507369
0.02142793009264
0.016701811478151
0.012245383172842
0.0075326355523777
0.0079933878711689
0.0056581753471804
0.0068324274353623
0.0048373345476481
0.0037285348821941
0.0032818093348534
0.0029840089856579
0.0043875852785763
0.023399535442468
0.022877633967343
0.021632756273175
0.021631459342819
0.018612912941238
0.02353277133144
0.024156435337025
0.024196969705953
0.026818979035264
0.02629257510444
0.028750109628917
0.027403259208068
0.026676651347114
0.018332132585817
0.022507348631882
0.021945639826572
0.022142618968962
0.019851450130858
0.026379538016537
0.030258358373285
0.0033493225137099
0.0026541624931906
0.0061093390128197
0.00044466258237222
-0.00065966336774131
-0.0031553490038524
0.02035540231797
0.025551475211562
0.027934554769322
0.015112532941532
0.016092146654745
0.01111810538897
0.011492581092331
0.016516297400303
0.01356365035388
0.012267758835441
0.016181332689542
0.020472371864211
0.017321390706402
0.01478729048771
0.020630865723538
0.021293755922089
0.027459175948873
0.014262105682848
0.011573707362929
0.018009041506795
0.010932923420671
0.016345273652829
0.0094430940788913
0.02117520973854
0.017016897932374
0.012141500995859
0.012737397921899
0.026515470768655
0.026529941821571
0.020137580148218
0.021813771200815
0.016462527746462
0.012157374899603
0.0066597198371976
0.010135915025427
0.0075224322218926
0.010286720089142
0.016058090429375
0.022247440695887
0.023934133280658
0.0079960936785996
0.022215924868745
0.016231557372942
0.012995351872701
0.011190024471766
0.011282219174989
0.016201112490539
0.014866928390249
0.014499723119026
0.029612185950421
0.029338385338667
0.010113736010749
0.0093510114957841
0.019476747831468
0.021441677052382
0.013829119778264
0.019468738011448
0.020707587304918
0.017236636395975
0.017652187523111
0.01764262946605
0.017626634096544
0.020710197864977
0.019525945396601
0.021054015737633
0.017418845029709
0.020311955897771
0.017067974585633
0.024308867212175
0.026049248224416
0.016105758196167
0.018517725223847
0.016117627714395
0.016476118889375
0.014284779273399
0.020654352934822
0.012739155351547
0.0099948702546547
0.013341754794693
0.012460461719002
0.014951694754764
0.0069269158480707
0.0071182251003954
0.0058849261414323
0.0074652058650406
0.0098002475541525
0.006934124215633
0.0087710973351098
0.011741542029211
0.013654099718391
0.0071724967364772
0.013247939707573
0.014051889090338
0.0086128760311516
0.013035094964353
0.017736349783418
0.016929637920633
0.013818349076935
0.018292319423642
0.010840606333334
0.0065322255042343
0.0075862877145591
0.0091504811848453
0.0081879278316765
0.0098060475395681
0.0072931930753984
0.018144933652529
0.020544243770359
0.021139764313159
0.016261158703033
0.015029019019739
0.014516806606673
0.0122034586926
0.015419999895199
-0.003371751780243
-0.0011156759454394
-0.0051453080439813
0.023344138049376
0.018488626096725
0.014342393466846
0.014714325567579
0.0075225030557332
0.0092911001946254
0.0026367292980293
0.0015328408472837
-0.0027245536913574
-0.0024206482022545
0.0021118934054744
0.0022643794685707
0.00055711630978307
0.0059617029740564
0.010028657068677
0.0037766318930807
0.010574102931443
0.011360733292965
0.0051769783577008
0.0023351759836358
-0.0032550416014208
-0.0020070680490055
0.020953308684334
0.018382989947269
0.012331150366392
0.0093240370331907
0.011329607373477
0.013962487203395
0.014845559985663
0.015279147688806
0.004361902056401
0.0017104533073844
0.0051145370680962
-0.004649622087039
-0.0013735673786141
-2.9951436372664e-05
0.0065570399553754
0.0070237733051832
0.0022550505829666
-0.00060959952473739
0.0099154889856871
0.01126012005018
0.010404762578076
0.0213261051046
0.01762678715831
0.026939440082247
0.021323563650063
0.022880008249243
0.021114204358254
0.022069349280013
0.019543801833628
0.016667890554974
0.020145900594769
0.017320924001621
0.023168514184101
0.0052559255427231
0.0053377052300143
0.0074891240478676
0.0076276451208987
0.011016014974122
0.0116398773652
0.0094290701058331
0.0077280569251072
0.0044195307316492
0.0042611145082133
0.0035266588708478
0.0078168727279195
0.0083258222093543
0.010686432326603
0.014980108370773
0.015969981261878
0.0031694593978396
-0.00057457521573067
-0.0013434231449872
0.0031333368476413
-0.0012259018848637
-0.0051389446379971
-0.0041247086085446
0.015622963211449
0.013994742708961
0.010156805555477
0.0059960194982444
0.0057344654532032
0.0015592783362485
0.0017367401433545
0.00060677672784681
-0.00060497674463168
0.00024951618445223
0.0020642330955148
0.020285705637032
0.020234212318396
0.018582736213684
0.0185318422012
0.016431281734576
0.021124366121437
0.021407596904337
0.022126240046257
0.021966555219086
0.024373322058596
0.028120018437654
0.024034376101666
0.0152435428537
0.019055847926201
0.018459129573598
0.022537064710337
0.018744819377756
0.01763652772071
0.027876483547546
0.0024879695392006
0.002132238797036
0.00043877430433851
0.0055302913519827
-0.0029678998816142
-0.0034756027349184
-0.0058224764942755
0.018795987812007
0.025682009028675
0.012034093245072
0.013000064856891
0.0068958053377685
0.010687887030223
0.0099238124031925
0.015878480421918
0.014731473293778
0.012205125547153
0.010480851950115
0.014562947702318
0.017546556506906
0.012238063545674
0.018698362801007
0.016180482415175
0.010926239942756
0.0070222065960116
0.009732133335804
0.014936077504671
0.0073067793154475
0.0085247574166487
0.010679553842335
0.0055233194169368
0.024140038743956
0.018856753584699
0.01676218918619
0.014943666129364
0.011186982980248
0.024668024750333
0.018420902659663
0.019116755757901
0.013448225351985
0.0066996829093631
0.0046596946633199
0.0040731140074474
0.0051395114903346
0.0057150119827489
0.0093938036544669
0.012939095332106
0.0047190518673754
0.02030913324471
0.01170403830563
0.0066531513060034
0.0075670783973688
0.011935739310166
0.012474984653873
0.01448042270274
0.010841766287619
0.011930269278335
0.0079437351101618
0.0083137135494599
0.0056069313797569
0.016088204165244
0.0088295229146539
0.017604662074261
0.016959233482054
0.013951664195986
0.014570320530254
0.016164221932689
0.015530276188694
0.016102152260007
0.018728177439929
0.017914851449063
0.021101271236114
0.013046328483879
0.017828710049283
0.014183936380868
0.024362147140684
0.01250489803786
0.017758002692202
0.015006876204437
0.011621354195028
0.010357070888356
0.0078020610084324
0.0084850496744413
0.0083002360677621
0.015379328908808
0.0044825093333816
0.0042652401970244
0.005472092409551
0.00399457749141
0.0042599123914741
0.0081339592819432
0.0077443319056537
0.0043678727357259
0.0062279246310307
0.011811731966681
0.0099534656276121
0.010630177491828
0.0074290710700541
0.013472078122607
0.011925121484964
0.0145097030528
0.017013321759005
0.015648302389876
0.01234683764963
0.011162618084413
0.014971154773206
0.0094266486645003
0.0045854305781122
0.0062644313180859
0.010622591051152
0.006446628836652
0.010543271619118
0.016660355551076
0.021653466334121
0.009363590529896
-0.0045451817837006
-0.0049697089367457
-0.0080229513645125
0.020434628875176
0.017428778826725
0.016998609264984
0.011955734352633
0.014789719034324
0.0047025166924935
0.0072187497052385
0.00095657526350446
0.0012342584071036
-0.0034183359164347
-0.0035143299029496
-0.00067362931638259
-0.00045613147659589
-0.0012079171875528
0.0047101435773254
0.0083614952203621
0.0032886089379443
0.0084529867791767
0.010031253481948
0.0051920062069492
0.0037059584462254
-0.00036225319172849
-0.0067530491746343
-0.00373280798563
0.018882094611838
0.012594668593814
0.0087338371004465
0.0099943811869071
0.011496859326814
0.014058185891865
0.0014126146834272
0.0034432462141123
-0.0039556578305554
-0.0020341521018288
-0.0027989464981695
-8.1330236357058e-06
0.0043093432274056
0.0070297253275882
0.0046782138183836
0.0024105756735269
-0.00060084656051567
-0.0017137027955055
0.010543288490395
0.0077908686342643
0.017794489529299
0.016241151893376
0.023775359596158
0.018267492367755
0.021550588037349
0.018155033815478
0.02228302981673
0.01699233622103
0.015549616592122
0.014388212631758
0.015881244916584
0.014866227377041
0.020818903548046
0.0020754312055663
0.0029801838710073
0.0025656865818277
0.0071099475380604
0.0087651409097723
0.01236015948743
0.0093553025378507
0.0083778740759238
0.005726892373398
0.0037176357456399
0.0027784699093082
0.0036481802051368
0.0034882136970756
0.0051216859305953
0.0055028643578849
0.0086902092779921
0.012635082246724
0.0098705462946433
0.014653360067085
0.016645024953264
0.0010553020618575
0.00041093298123376
-0.0022246566229439
0.0026272935276424
-0.0053077137758901
-0.0061955171204284
-0.0059727263694645
0.0147291596892
0.011842441232473
0.0023388892051121
0.0055832436210604
0.0026012769224584
-0.0021411061081438
-0.0016696635547786
-0.0048347740663721
-0.0018893664269807
-0.0010358997622057
0.01740696408438
0.016834705514788
0.016773212844962
0.015272911317189
0.018086318584918
0.017840971488469
0.019401336789808
0.019227153924994
0.022315985362055
0.025623272427235
0.021663391259352
0.017624003615556
0.016377158814522
0.016872630936463
0.020006738106279
0.01547341275685
-0.00082646823527303
0.0001055017099286
0.00084078238357337
-0.0021010419541664
0.0041755309115959
-0.0039975216745067
-0.0051258348091372
-0.0070331581456911
0.016478176140231
0.0074532644210986
0.0095188008846147
0.0072587461168928
0.006116571913305
0.014069601399787
0.010290887476278
0.0095789798631885
0.006097926448087
0.010107004180789
0.014335897559523
0.014098064443907
0.008348315671649
0.015279021231866
0.0083840198345533
0.0054899554835086
0.0059401693892332
0.011587397131245
0.01218274050688
0.0051332018681784
0.0081095249434204
0.0053055821129336
0.006648181833309
0.0031079176202933
0.0039997656269713
0.021746438393289
0.017790979492264
0.017027083101524
0.014959174821147
0.011036501251875
0.010482343978961
0.0074644285857298
0.022389178174128
0.015878120773131
0.018343485771171
0.012466418366705
0.0051989711828286
0.0018994979256363
0.00043013381216759
0.0018554586994613
0.0042734906310824
0.0016116595800542
0.0054570382280463
0.011256058200298
0.0029689837774329
0.013720133355275
0.0088922472010595
0.0037110235679768
0.0060827052788108
0.0053773862483759
0.0078536034768866
0.011232067963854
0.0090023117284384
0.0084094911927396
0.0071438886827258
0.0051972514262382
0.0050765942777912
0.0032558766386104
0.014407565267661
0.0074212676609833
0.014286085054441
0.012258397364375
0.010856861339458
0.01243000305696
0.013054952251756
0.01070976834728
0.012886306042252
0.013807711117235
0.012791191675982
0.012894114969827
0.017125489584451
0.015396864487115
0.019257610089543
0.016363130728994
0.013808885665554
0.021011670788558
0.009217085247594
0.011303228256004
0.010279314868658
0.0077291810923187
0.0084309599664769
0.0056911588822373
0.012180759966285
0.0015595347312552
0.0004195150816558
0.0012375770149493
0.00016441708417813
0.0033097590020229
0.0010013814966623
0.0045823233727003
0.0093934146948392
0.0036720335196208
0.0042553324578325
0.0026600815801983
0.0015145489637886
0.0060717295494582
0.0094699409521265
0.010965696769445
0.010389937662866
0.013220647121223
0.015261320307693
0.012943771231643
0.0097813489637301
0.012397502841227
0.0083726827290577
0.0047814583790803
0.0034492117663743
0.0037226215442118
0.014171243721925
0.019397557250803
0.0065137525159948
0.0069813282031864
-0.0075286154718708
-0.0073044926914498
-0.011507277224848
0.016526714740444
0.01029843712578
0.013510358110677
0.0053810016797469
0.0025200819142881
0.0067560277103726
-0.00088696628502147
-0.0053496184587481
-0.0047774003631198
-0.00098374368365209
0.00041958838067459
-0.0036499020871851
0.0057397050598083
0.0039249352290284
0.0077683175078138
0.0081072801056622
0.0101562870595
0.0040988766586456
-0.0033855426234737
-0.0088869683833374
-0.0062806312402119
0.010236020033365
0.0069910384158918
0.0099279750176182
0.011288582497159
0.011990519766831
0.00093714778072698
-0.0077413405911591
-0.0057512542183262
-0.0062064937084077
-0.0026897808143594
0.0045184079693288
0.0011882752351745
-0.00052278525091878
-0.0028451832683621
-0.004860227395844
0.0077431354917696
0.0060625978901754
0.014435942971926
0.015230660472017
0.017335147485836
0.018619620843126
0.014468032273897
0.019470679573285
0.013266455475278
0.012380293480837
0.013337910850404
0.014194493608924
0.01758834397064
-0.00080653349177077
0.00015076360314325
0.0042817696206486
-0.00097315536539497
0.0050181964120622
0.0088482778880198
0.0079084563703552
0.010296911825507
0.0093008067856986
0.005361525650088
0.0045273024856804
0.0042442051011108
0.0016361969188721
0.002090793637313
-0.00021289663703268
0.0021255422538455
0.0025881291714199
0.002718328690598
0.0044942493499733
0.0048625124273665
0.0067665813778797
0.011478209973792
0.012169771968616
0.0068567764236393
0.015214012903717
-0.0027035404249659
-0.0037607552089372
0.00041142048287317
-0.0076126685408648
-0.00924886556711
-0.0087914559791039
0.012102102199754
0.0094837430695008
-0.00098867963399156
0.0035971903281316
-0.0010641451144878
-0.0037089779436136
-0.0034514074838557
-0.0035764397339326
-0.0035862366618861
0.016008822689004
0.015002500596589
0.012918943577057
0.016557614235294
0.015831782020759
0.017504150533034
0.017079236466534
0.02115732078365
0.022532094168035
0.015197093520104
0.013436891348149
0.013681645115874
0.017206108125033
0.018649373216893
0.011944706170719
-0.0038259741687641
-0.0030024285192907
-0.0018772626936326
-0.0045858278679256
-0.0052082309142891
-0.0062371560944098
-0.0076265470025327
-0.010616910388652
0.0064461202337986
0.007178077722525
0.0033843595880682
0.010389006392262
0.0063831989075863
0.0065291499174609
0.0027060869117638
0.01085833346724
0.0072571264363317
0.010329766870327
0.0079961841757374
0.01305392410894
0.0084461243438197
0.0045073506443631
0.0031760474975458
0.0036620357013453
0.0042456877703631
0.0089930927733488
0.011303179351758
0.0032818109710955
0.0031557205980092
0.0013427616253401
0.0056506999855931
-0.0009956374647688
0.00060390978249712
0.020305563076656
0.0158468648081
0.014519830712532
0.017194543401494
0.012547737236463
0.0078077945321413
0.011548321685726
0.0066742408048282
0.01142629390304
0.003711505436188
0.013848523547004
0.015546822794087
0.0093939408823044
0.0014384819367281
-0.0014391907851982
-0.0003170246168652
-0.00099620707918178
0.004132927042811
0.00093008438444181
-0.0014928763145127
-0.0008947967106042
0.0063875293193998
0.0021498894771996
0.0087117750011461
-0.0002538719423255
0.011961219738764
0.0087108765870503
0.0068971818160323
0.0038521227785141
0.0042663497159359
0.0047944753943613
0.0037420652801587
0.0085536697754445
0.005530604519935
0.0035863843110213
0.0020662293757217
0.0028510123624242
0.0053086102869417
0.0012059853484347
0.0039038599474374
0.009034669641802
0.0093838084150338
0.009385015908028
0.0094172289516385
0.012467182905758
0.010063221888749
0.009654879253179
0.0097874503167787
0.0098793390494147
0.012529256647683
0.014503339813398
0.015780834628414
0.016695251001639
0.012810833717838
0.011695844886218
0.018981195066489
0.0070632426363569
0.0097616583508847
0.0060421427892382
0.0033754010235501
-0.0012948696720181
-0.00056278424644165
-0.0013832229923683
0.0014403887166531
-0.00044406591056889
-0.00062364539364855
-0.0024201854846866
0.0043508770145362
0.0017706889582084
0.007985515622227
0.004636539628797
0.0043068435023163
-0.0012866374685779
0.0024595981586127
-0.0016424173558855
0.0094425902064213
0.0063334599051553
0.0099864158851077
0.013638486963276
0.0107664155608
0.0089983843960268
0.010096105108866
0.0053436824519845
0.00071728188686309
0.00033747702362443
0.017545505153442
0.0035880713108647
-0.010581135546126
-0.0084582368678314
-0.012791959418388
0.016403539344973
0.014129101433883
0.011266608399343
0.012024525300357
0.00467688437713
0.0015222299041509
0.00095334817743263
0.007426998917956
0.0058688638962144
-0.0023578174721348
-0.0010557111739324
-0.0072123096380844
-0.0065881396218099
-0.0029256146037065
-0.00037032396072504
-0.0035801714825884
0.0056276343113342
0.0016675327372349
0.0079312555540799
0.0084502118595113
0.0016340219296232
-0.0036571086363146
-0.0084507575746641
-0.0080491205182562
0.0096174764126212
0.0078443322958234
0.010108855748128
0.012047486850332
0.011890168097969
-0.0026764546104705
-0.0099244896266233
-0.0069278150033747
-0.0060724578863269
-0.0032805815306957
0.0024055964451031
-0.0002471346188613
-0.00093470131162622
-0.0014658593429506
-0.005807341361636
-0.00217860005881
-0.0027800318744407
-0.0069309156537873
-0.0061170622184153
0.0079753454927175
0.0062394343578182
0.0024069226829828
0.013609964329078
0.014396811638793
0.018231825889361
0.010619653885333
0.012294065271827
0.0093267655248397
0.011900909831237
0.016027391576557
-0.002679951430543
-0.0040082248164064
-0.0022352178738096
-0.0015117352715395
0.0023948968446483
0.0041483816239561
0.0075344925441789
0.0057623790359188
0.0089976237634593
0.0067878119015777
0.0046905404694631
0.0043638378167606
0.003155111985585
0.002014241044609
-0.00051826648517813
0.0011654132201683
2.9007580323024e-06
-0.0012349755828595
-4.9328358922532e-05
0.00090624910119865
0.00080395159196604
0.0031974398792091
0.0040706239293454
0.0043586576495281
0.0060378888412915
0.010267957399524
0.011022856443597
0.0079135129098885
0.012628225174823
-0.0066543026403684
-0.00072565045723754
-0.0095011409615288
-0.011394012876474
0.011045607559287
-0.0025777498439032
0.00065459984586832
0.0028872486903509
-0.000991919153543
-0.0067417858721242
-0.0071312221305773
-0.0074195363031525
0.012992297107069
0.012783663233152
0.012053818082959
0.015041742360467
0.015159573982137
0.014232155841975
0.017822655157462
0.01311988683911
0.013990481570416
0.013557481664431
0.011142702254683
0.015669411320002
-0.0047044484866634
-0.00453985897916
-0.0029717394773262
-0.0061792136693368
-0.007736503419958
-0.0071180018389956
-0.007074748631958
-0.01189027232827
-0.011899632488348
0.0033001903668569
0.0032544579076861
0.0041051705461569
0.0028724058180432
0.0064505284598872
0.008016297586492
0.0056120636382897
0.011333884821183
0.0054307896574441
0.0017863087155816
-0.00027430470881654
0.0020058254505591
0.0062985330632952
0.0069958109152773
0.00019191660523292
0.0015576828808704
0.00099047444998234
0.0011915844893943
-0.0019800535940451
-0.00087570507825897
-0.0014889265216088
0.015069981141213
0.012300685298401
0.014865724602582
0.010262262102898
0.014001412717426
0.0085119839952639
0.0055764506499482
0.0079885584877751
0.0098255856069988
0.005606625167998
0.0077363663518885
0.0025395788521223
0.01212872715678
0.013660274288606
0.0086105017902784
-0.0017708505639805
-0.0034589914591114
-0.0034942697859115
-0.0035624506446409
0.005625382882334
0.0013405186121987
-0.00032986181271617
0.00044293619801031
-0.0028898697627621
-0.0028481287774046
0.004026807569481
0.001714658468794
0.0077976843065361
-0.0031296687596325
0.0081811789522731
0.0084365656147417
0.0063869588551043
-0.00050880707079105
0.0062183276228762
0.00082671166794978
0.0026756287209374
0.00070802361960234
0.0055509766181899
0.0040536188546156
0.0014497264668078
0.0029877933236545
-0.00056037006299783
0.00011953391515787
0.0020069439647789
-0.0028099146016753
0.0002393547590061
0.008280770997006
0.0060567113625315
0.005943288133628
0.0065946500329225
0.0084779190726572
0.0063498624740392
0.0099698563097775
0.0080999254128106
0.0093422062124039
0.0093135726912169
0.011168999870629
0.011414604460805
0.01577360249887
0.016227504422954
0.013761336925818
0.010229951153784
0.0041870853147529
0.007255882840374
0.0037024842231598
0.0046721770318365
0.0017700674529026
0.0020771799357288
-0.0034046027320686
-0.0031756873463908
-0.0029050092942263
-0.00056253324910464
-0.0017611115447285
-0.0026528624571343
-0.0056085252755934
0.002587192845209
0.0026069117586691
0.001779708355009
-0.0020661715644565
0.0069652825544462
-0.0016727068208216
0.0010244060708414
0.0043456207915767
-0.0027848871505439
0.0067237576952061
0.0092955592576193
0.0051311492338117
0.010811954282129
0.012445734037276
0.009825691896047
0.011626922971672
0.0062111822162754
0.0080360389782883
0.0037277039566826
-0.0024460749692157
0.00031704207630303
-0.012398974677531
-0.009271824318865
-0.011454052804663
0.014350743321726
0.0097011103436006
0.012920111860507
0.0053486228097296
0.0060249324228463
0.0014591930521926
0.00013647285002415
0.00054232665845543
0.0049879900345801
0.0042647268598303
-0.0027289933225654
-0.0030265887313787
-0.0067189475965424
-0.0065602182481333
-0.0038738804857494
9.940724225011e-05
-0.0019896387199655
-0.0047615296621729
0.0040660857546653
0.0020315163203831
0.0087565131846056
0.0063756636389066
0.0063296945916573
0.0020485112308644
-0.0071722427321012
-0.011711987821087
-0.010620802397592
0.0068690513764031
0.009866395139213
0.0059025366102752
0.0087393606953175
0.010757485407216
0.010643887243071
0.011965703108873
-0.01069939753656
-0.012447006071153
-0.0093201698284015
-0.0036008540311958
-0.0017573635426914
-0.0022973232646873
-0.0075072967052591
-0.0075315083095239
-0.0019686867732537
-0.0039135728077745
-0.0051500414896637
-0.0098094953733491
-0.0093663845376417
0.0019806612776782
0.0094332890064905
0.0074944995014484
0.0095851547446288
0.0130305904134
-0.0060740659294615
-0.0064814862222476
-0.0037057628425046
-0.0035492277038827
5.9527541431189e-05
0.0021990642641091
0.0015991281341848
0.0056321627998769
0.0074384169300164
0.0060947349049359
0.0040648608732813
0.0032301729908779
0.0022848270056816
0.0011986711677061
-0.0003073796155773
-0.00028784433146322
-0.0018193617716219
-0.0015954878376137
-0.002821760526149
-0.0030212890795438
-0.002090691115024
0.0013388547904712
-0.00016647212084502
-0.00016982264962534
0.0039208381225373
0.0019398189565262
0.0029616393656515
0.0064648497550758
0.010488810722204
0.0062855128885952
-0.0024886561864524
-0.010838134003509
-0.011180372547308
-0.0065719623448127
0.0001335496298221
-0.0022772475134867
-0.00867439427615
-0.0085406762985315
0.011532658270171
0.0099361116544502
0.01334487990588
0.012971174292887
0.011887940938166
0.011210500383026
0.011683010705589
0.0097959368564582
0.010068067580756
0.013436416715975
-0.0075453352164452
-0.0070860883746093
-0.003766963182184
-0.0047977764082961
-0.0078481200545926
-0.0095153151118348
-0.0085099779826983
-0.011326323646915
-0.0096723401065937
-0.011202483587005
-0.011693525485937
-0.00029574215688885
0.00010613225825202
0.0011376925994239
-0.00021073067759046
0.0066178694815183
0.0065259522820375
0.0022329354372702
0.0018658459172635
0.0043452260251568
-0.0011309828753399
-0.0013758045626511
-0.0031540928237022
-0.0017044363687257
0.0019878683357529
-0.00038444955326695
0.0029085721635982
-0.0014581777099398
-0.0012346691540564
-0.0032412224065615
-0.00068584215389172
-0.0043878478142388
-0.004006334250797
0.012895383888643
0.01400286366196
0.012750838043727
0.010646860711789
0.0076696752282605
0.0030246762775031
0.0059431987197572
0.0090823981720123
0.002893356713531
0.0071509484467681
0.00046938261757224
0.01280866611802
0.0096136930798269
-0.0025694441621982
-0.0068371966401351
-0.0075775997258893
-0.0071562028121726
0.0036276605064851
0.00079230160299011
5.9199940319567e-05
-0.00065017192449585
-0.0019264186240555
-0.0020498843399059
-0.0056740553660381
-0.0058689432013352
-0.002421149402829
0.0052907423094388
0.0027599633386338
0.00161030799551
-0.00041758383953632
0.0085564491426403
-0.003765842421329
0.0060392654019046
0.0047819338080819
0.0042975477312622
-0.0016031720131439
0.0028031325964983
-0.0004808481464039
-0.00010621979215434
0.0017776018623226
0.00030753599312264
-0.0016149868333121
-0.0030015253789177
0.0053778645532882
0.0077196623241202
0.0046821898094285
0.0035265555615241
0.0055094984645181
0.0040801680857212
0.0071897682657084
0.0089895207249167
0.0060501170598608
0.0091016821488157
0.0062492245534198
0.0089767335534835
0.010690566225384
0.012627765063805
0.008913043909815
0.0055617876679797
0.002366011507676
0.0042233746367856
-0.0016472226804597
-0.0015041712384553
-7.3638355037123e-05
-0.0068463011806662
-0.0066291049547176
-0.0062937999144672
-0.0042415813450134
-0.0043518414901263
-0.0064460897251856
-0.0048217438210056
-0.00066703928900727
0.00077806639134929
-0.0017788179705487
-0.0046523666027633
-0.0050946669456752
-0.0026507385186623
-0.0037697892760154
0.0014420912532285
3.597471259334e-05
0.0030842315925184
-0.0055861950555992
0.0065367896742337
0.0091089800300777
0.0030049921076573
0.010820930386681
0.0070919434665656
0.0092560292972714
0.0050104797354609
0.0059579387555293
0.0028498962342093
0.0043374239286001
-0.0043963556657223
-0.0021791033207487
-0.010602262624477
-0.010617081467493
-0.013256769946366
0.003169437585297
0.0035472472082119
0.00029229745846511
0.00072718240755869
0.00010276122630703
0.0049559733868113
0.0028001896408254
0.0045172463532838
-0.0016066709843538
-0.0040866548772564
-0.0034457084024772
-0.0077709135124624
-0.005208944959589
-0.0083890764222935
-0.0066522786964525
-0.0037755880951078
-0.00023866250359778
-0.0039790164747712
-0.0061972410511793
0.0047150137450646
0.0024311030150026
0.0069017568471819
0.0055033396378889
0.0070582823849697
-0.0057945368391197
-0.0076706217833479
-0.013279061634118
-0.010982628706437
0.0048992286994602
0.0082350050458608
0.0034714163704602
0.009440299022815
0.01005413689419
0.010343121578804
-0.010858563746088
-0.013828591226268
-0.0063929353123135
-0.0045630610728276
-0.00025212101236628
-0.0048538285930183
-0.0087602874983594
-0.0090023551882952
-0.0092377962872608
-0.0041130925592612
-0.0046177470589112
-0.005737272254039
-0.0062580648681803
-0.013414964153283
-0.0094877932471965
0.0010212259216018
0.0086058393801534
0.0086158039238619
0.0055222097473713
0.0076343436594474
0.01122124925961
-0.0066262274398218
-0.0071595379936503
-0.0045656610202724
-0.0035149423920837
-0.0029356792360212
-0.0062620919866301
-0.00069054664688417
0.00042977945075454
0.0044542662991824
0.0055297709223646
0.0049245495364592
0.0037115995043695
0.002451708307095
0.0014643640142329
0.00033206533177606
2.9531367203752e-05
-0.00083264928179921
-0.0027723623487401
-0.0030117057197994
-0.0030251812882717
-0.0028727877598805
-0.005349144419193
-0.0038585401211709
0.00071437895231646
0.00047151656320632
-0.00066611790380252
-0.0021601551884669
-0.00064561033112012
0.0024365509178622
0.0010857425106071
0.0016522839174067
0.0031802433734449
0.0054147493478048
0.007998482622367
0.005122592143318
-0.01194406102517
-0.013976796945628
-0.010130650871278
-0.0088678550240754
-0.0074790544645951
-0.00038817257195722
-0.0053545054145165
-0.012427318197186
0.0095118142590752
0.0074945438819907
0.010411963556962
0.012182446710632
0.011368827796958
0.0092701880760983
0.0091359951791647
0.01116900831022
0.0074090139877825
0.0077465585572191
0.010004311629505
-0.0065879643801506
-0.0092486433297935
-0.0057115639505715
-0.0060222360529019
-0.0058585290154457
-0.0080987273826871
-0.010489938156787
-0.0078983614241238
-0.010501691542599
-0.013841810121876
-0.014349790056697
-0.0014114120741428
-0.00076165504788916
-0.0008432270338921
-0.0027342579664524
0.0038958078212208
0.0028790072861768
0.001191775462768
-0.00025711589243549
0.00058701054259485
-0.0037415348623525
-0.003834505417446
-0.0030487515922822
-0.0025641904787263
-0.0031742258996589
-0.0023887914721517
-0.004143331088887
-0.0066963252306038
-0.0037711307287165
-0.0077461371106477
-0.0077137477956909
0.01052420785171
0.011986297872327
0.010360752352611
0.0070691949837961
0.0034834302775389
0.0063873808509283
0.0050844870916491
0.0090288001590412
0.00096426188602881
0.003680403073092
0.005410566015895
-0.0017305947969825
0.0099417486839557
-0.0060709956661099
-0.0075757668350039
-0.009039809966975
-0.0086249418624826
-0.0074756343972032
-0.0094549877695211
0.00098130499536418
0.0049695213935792
-0.0011542394108073
0.00093541280186794
-0.00016709961458365
-0.0015138880359999
-0.0016643145254228
-0.002733614005912
-0.0040710576489317
-0.0037581454482616
-0.0062235172408677
-0.0054428993432042
0.0041696457304953
0.00062803721992966
-0.00086122612687023
-0.001989015385858
-0.0007002719109147
0.0077221984518669
-0.007088713679272
0.0021351345447711
0.0059610464871614
0.00399459433712
-0.0044761533025022
-0.00084622734655531
-0.00051941548422783
0.0011351877386416
0.0019076155383877
-0.0025346497496993
-0.0030613006110926
-0.0061296969716405
0.0044911515391173
0.0033043472104217
0.0039617463547392
0.0022397523400869
0.0019441495019191
0.0032008573251315
0.0011421886384858
0.0067575446687075
0.0051595312676529
0.0032669291570665
0.0056835080516069
0.008819687017277
0.0064305828705515
0.0084318861297413
0.0019110348695249
0.00030270162835266
0.00039497099827933
-0.0030092352861316
-0.0018003610692062
-0.008808995605775
-0.007220581242485
-0.0078617115315076
-0.0085158058209415
-0.0087683164191263
-0.0074403888648496
-0.0019923334062401
-0.0015086110317109
0.0013059254095449
-0.0037322232546224
-0.0053278511847559
-0.0072613467959388
-0.0079559451882765
-0.0034705522034496
-0.0030035011788757
-0.0050698399218707
0.0011084588304264
0.00088403880759168
-0.00025282305155168
-0.0021607406455535
-0.0060943699462919
0.0061189318940552
0.005086355637164
0.0079468924309638
0.0046667498607869
0.0029497290909573
-0.008019690556244
-0.014100199915397
-0.011326689680674
-0.011956490818321
-0.014562890606775
0.0030101092409564
0.0035913500962148
0.0015484955259581
-0.0016711162777105
-0.00070397031226093
-0.0014623892626929
0.0011888293623585
0.0042193560383608
0.0024521253972313
-0.003009841116482
-0.0043445838895595
-0.0056929040830732
-0.0034219714066685
-0.0049089347424383
-0.002775832132586
-0.0074359953319245
-0.0098059752608615
-0.0077313650334913
-0.0095134806745293
-0.0076104791938724
-0.0014133591617875
-0.003764346858279
-0.0076701545539705
0.0026337436839555
0.0036228835205098
0.0070088848699105
-0.0080390758503401
-0.0085342920749639
-0.0097499816691679
-0.012255956094334
-0.012428485252215
0.0064084827687693
0.007411488067287
0.0076305784767068
-0.011347497616526
-0.012541543324983
-0.013355732620177
-0.013166385323393
-0.0055685518097191
-0.0066047715700907
-0.0027868823266704
-0.010214859126378
-0.0078115378612727
-0.011400734927349
-0.0086596734694786
-0.0109983403379
-0.0035589589534208
-0.0067268591115388
-0.0065802038262944
-0.012481022999322
-0.0093225727056478
-0.0005259239313917
0.0056393369615301
0.0066058183674288
0.0024696312549713
0.0059967682492816
0.0050783654684565
0.009100561176669
-0.008757588159334
-0.0099975899996607
-0.0047815750255553
-0.0074835824159416
-0.0040598360232774
-0.0085282780082595
-0.0065994179090634
-0.0012379683556317
0.00031875476934479
0.0033894517889925
0.0065863168930764
0.0022613975267648
0.0011421926165763
0.00078796779092733
0.0013695523269897
-0.0010885205868661
-0.00097083518526336
-0.0017806465073633
-0.0030892622749618
-0.0037098077411063
-0.0042198173036718
-0.0045755785024916
-0.0048442700410629
-0.0049870939215509
-2.6689208752578e-05
0.0010211997304092
-0.0022099835762114
-0.003461169842739
-0.0022431086362517
0.0017869696657058
0.00063167835237221
-0.0012005862065076
0.0024528346867275
0.0030960025766705
0.0066634013159538
0.0053283893492886
-0.013964764540645
-0.010675043823009
-0.0130343014948
-0.015120477421443
-0.010365762234242
-0.010081179161505
-0.0012014310179244
-0.012989281810887
-0.012141287011056
0.0067241701386456
0.0091868858805785
0.0091732284351424
0.0073622099211572
0.0052205448058367
0.0065330002660719
0.0078481909902044
-0.008616511405209
-0.007197366754833
-0.010141002291594
-0.0057933055935207
-0.0075758574809475
-0.010055101782809
-0.011460371467597
-0.0087427154117297
-0.011469547205983
-0.015475403293493
-0.013330991485905
-0.0019604446387161
-0.0049652904846623
-0.0046316325581378
-0.0037989028500138
-0.0056563831205863
0.003515543329083
0.0013487477257444
0.0012111426870384
-0.0022765076629434
-0.00016552040648512
-0.0061309706149356
-0.0038331379236473
-0.007436445144771
-0.0070082142099847
-0.0055729375400641
-0.0073065496053074
-0.0066412863962376
-0.0043581844590155
-0.0098154326227566
-0.0060647662648265
-0.0094368257388392
0.010068778806141
0.0068316706457335
0.0017955795261493
0.0072133766852603
0.0028935839513149
0.0065945766575034
-0.0014190936588842
0.0013962669105494
-0.0049024927599982
-0.006825735197168
-0.0090108443461915
-0.0099937396916666
-0.0086404108544977
-0.0091708820345989
-0.0091764718685495
0.0012701375438742
0.0044837990638941
0.0059074099178322
-0.0027475391792178
-0.0014840673007005
-0.0020549143162412
-0.003328953894287
-0.0041720870124506
-0.0042809840091068
-0.0038749407144974
-0.0050698914574236
-0.0079200269004043
-0.0069262605021123
-0.0067573507069431
-0.0063201364384378
0.005681735929846
-0.00109028110656
-0.0027929327605809
-0.0021806982384896
-0.0091673245930953
0.0010154463913012
0.0043938473628525
-0.0053591190987311
-0.0046240865539905
-0.0041724149175801
-0.0024182913541446
0.000472634100861
-0.0053363135586516
-0.0089111048163217
0.0022543406178616
-0.00057062506029476
0.00040262760378601
-0.0021666126456933
0.0036627480345315
0.0063380698318472
0.0025182996270719
0.0017079557635772
0.0030654834776479
0.0062505816806929
0.003930404915363
0.0069355910758273
0.0063812492033782
-0.0052471218954378
-0.0024365498228674
-0.0040747644916085
-0.0090101467639365
-0.0094712197853115
-0.010001566761061
-0.0096653913439055
-0.0108097067088
-0.010071303960793
-0.0042529173372326
-0.0024512231269054
-0.00034282325835691
0.00090811231528962
-0.006548173775465
-0.0052675947716723
-0.0088470246937358
-0.0082410501767965
-0.0090178078151501
-0.010227543422431
-0.0028789386865506
-0.0048635398769196
-0.0065622674936774
0.00016190982384188
-0.00027239390395657
0.0023530135190944
-0.0022587901184005
-0.0030540097717982
-0.0060754203426143
0.0039648261470581
-0.0088625769461118
-0.012682229441031
-0.011969407610804
-0.011226975027136
-0.014197317835718
-0.015524185779987
-0.015426499284693
0.0011674049963459
0.0031454834075224
0.0041538771076453
0.00094529645072255
-0.00046295662479221
-0.0006699339494311
-0.0033096222339809
-0.0019815549995127
-0.0010518574886511
0.0058874272866063
0.0018406887819865
0.0015723277194422
-0.0060725636761083
-0.0032570478674113
-0.006519589094383
-0.0053950689281182
-0.0032529473880866
-0.0040790254804561
-0.0064092081473244
-0.0034855219869307
-0.0098265357521634
-0.0066656508632015
-0.0089007969655992
-0.0074746611325325
-0.0015973895298961
-0.0052998834487599
-0.0037654826653466
-0.0086186184824641
0.0067080935912977
-0.0078365972526225
-0.010110229379008
-0.010363393539991
-0.01471829322593
-0.014436835802047
-0.011397454124825
0.0045540198572476
0.0051599632806205
-0.013457640489803
-0.015637046485844
-0.013271270679716
-0.014534642478958
-0.0056825733441308
-0.0064061222932494
-0.0087097651010593
-0.0029424115339655
-0.011517251072935
-0.010369050847468
-0.0088787611777722
-0.010937118463244
-0.011692011313403
-0.0046814285959115
-0.0085795206139906
-0.014750240468548
-0.013054440563062
-0.012566082742699
-0.0018171045226579
0.0012593472269349
0.0040145717056605
0.0039450009822565
-0.010191702169661
-0.006030089686861
-0.0094465284165208
-0.0053940899542145
-0.0046834931370682
-0.0024960202643057
-0.0092467271423651
-0.0083074836840582
0.0020483825905353
0.0012844503964044
0.0053293950244211
0.0017364552712096
-0.00071480109870886
0.00018372322617654
-0.00058453096652971
-0.0026697900028566
-0.0027540593905812
-0.0010313733283452
-0.0035012975138925
-0.0036049345210451
-0.0043968642344825
-0.0043244692773116
-0.0043489895595899
-0.0063924350723919
-0.0065111694373391
0.00079739985406787
-0.0027147525718482
0.0021064700147789
-0.0013961569844328
-0.0023463891339915
0.0010521855463773
0.0022537690718194
0.0058998188354492
0.0034595178445583
-0.013699164359811
-0.011621710786111
-0.0131817663172
-0.014880296355216
-0.012827822487365
-0.01317776507764
-0.013192722751498
-0.012541528031549
-0.01399077156596
0.0043052395119731
0.0057364670598262
0.0047574394126729
0.0056782585609208
-0.0092131077448699
-0.0079719245553465
-0.0090547715578624
-0.011851932963505
-0.0075558746683852
-0.0081554682527182
-0.0061544674570734
-0.010045544559707
-0.010461940557356
-0.010474110223868
-0.0094327183570262
-0.012408646840909
-0.014557459884488
-0.013828097914989
-0.015513294318105
-0.0059041620777537
-0.0080534544264611
-0.0075959931071619
-0.0056073694376338
-0.0085801243258923
-0.00057053204957291
-0.00090517179662171
-0.0052417260368273
-0.0016441416414557
-0.0018930221172801
-0.006962554470991
-0.007589460498244
-0.0092337326513771
-0.0079360567129783
-0.008314938405687
-0.0061267176016065
-0.0086456859724114
-0.0095134670002509
-0.0064732202738808
-0.010147091901238
-0.0070739471502928
-0.011138682065626
0.00077389768004406
0.0026082136604342
0.0027071310040695
0.005208270100432
-0.0017780486479644
-1.4346054108078e-05
-0.0056019202340354
-0.0093316171163425
-0.010940626717093
-0.012759640429997
-0.012197881260928
-0.012523392927992
-0.012447748661125
-0.0012193281507371
-0.0043954994982827
-0.0025609240139925
-0.0012135864475386
-0.0035317356821379
-0.0023864486269697
-0.0049272233958407
-0.0054499538813534
-0.0062298876730566
-0.010419539163638
-0.0080922908058498
-0.008125415224383
-0.0071685396195453
-0.0014816661248684
-0.005097747539103
-0.0024694391902442
-0.0042092544689306
-0.0027503114760265
0.0030569514635325
-0.0058473014573212
-0.0075582481066209
-0.0024996349393998
-0.0014622631742774
0.0010714187680339
0.0012619976968531
-0.00025076410223045
-0.0026353677690434
0.0022732359816893
0.0031382798722807
0.00093647525547516
0.00015443669987887
0.0018403922878894
0.00571809858683
0.0038993082824644
0.0032063957390096
0.0026397791752281
0.005030277663069
-0.0054111955649386
-0.0068459492327236
-0.01225670764517
-0.01187098667233
-0.0098340847938632
-0.012956887360247
-0.013800310679505
-0.012807898712082
-0.010244299535081
-0.0060387407475885
-0.0035358740169684
-0.0015301971477177
-0.00017678011873631
0.0024312486925867
-0.0069902405434966
-0.0068351616631877
-0.0086281957608026
-0.0090641246152523
-0.0089998888002882
-0.010759021873668
-0.011710414832283
-0.010930018152218
-0.013086053119008
-0.002220784960853
-0.0035819393575994
-0.005587822713034
-0.0074524779624395
-0.0033030966965566
-0.00427762537371
-0.0050033762892678
-0.0076440381397198
-0.00972323865093
-0.014845149522164
-0.013476457485233
-0.011487521771181
-0.014259403387331
-0.016421279846013
-0.016548241193422
-0.00045366220977208
0.00066882402376154
0.0014702606910872
-0.000273966604225
-0.0018997930758913
-0.0025101221015241
-0.0021080575450133
-0.0003306955900725
0.00052766479062655
0.00072064310901307
0.0017376431790843
-0.0064842760759167
-0.0050954177680739
-0.0070416211291327
-0.0058292689219647
-0.0046952373396808
-0.0056594521685395
-0.0072528100373481
-0.0043280493620716
-0.009808964203734
-0.0080470978145821
-0.0099877984631874
-0.00085239727846716
-0.0058318184186694
-0.0053032428620242
-0.0098365252160682
-0.0079450971682823
-0.010056715701541
-0.010613406561429
-0.01459934105768
-0.014562898436196
-0.01217523915012
-0.016722487898157
-0.015171375768713
-0.015944904482284
-0.0082190180799187
-0.0088073439463926
-0.0054439434326145
-0.0082450689141058
-0.012113212623611
-0.0023315955951559
-0.01268535363089
-0.011526523507953
-0.00972173023677
-0.0083941776708184
-0.012251502684328
-0.012446796811837
-0.0056746727734485
-0.014464308394798
-0.014182644212493
-0.0037918676752046
-0.00026013007304725
0.0033477602278279
0.0017862636829477
-0.011479260548033
-0.0075272225988967
-0.0098484095886907
-0.0065746130499551
-0.0064178521839218
-0.01154053875197
-0.007795211710936
-0.008819712680278
0.00053901641523012
0.00094721366527608
0.0033068590282927
-0.0018143676927786
-0.0011435144119052
-0.0018157490750723
-0.0033330968556783
-0.0034517421692731
-0.0030861371042359
-0.0023261984348242
-0.0043565490973377
-0.0049209982970503
-0.0057935545519893
-0.0063353061290943
-0.0065047447720165
-0.0069552271880306
0.00036857646954532
-0.0014320503782151
-0.0032646743734079
-0.00075839220487872
0.0019889330681428
0.0034889817378784
0.0024462008877505
0.0037420336160175
-0.014410824804539
-0.013751750269612
-0.011420989212193
-0.017016981999434
-0.014356074828432
-0.015241685717648
-0.014172099999561
-0.01545001683984
0.0027258096302284
0.0037051048252592
0.0025965800871253
0.0033753741741924
-0.0088265975249457
-0.0077877012892237
-0.010610236098737
-0.012171555538293
-0.012690051329973
-0.0073065760435229
-0.0082133552724482
-0.0091766831334608
-0.0086365043733787
-0.010631227227214
-0.011837736816805
-0.011202632171747
-0.011282555525485
-0.011535416726453
-0.014480937315818
-0.014271195307161
-0.017055324328717
-0.015289034542012
-0.0067183882554114
-0.010042845489285
-0.0073576248746333
-0.0084464999407071
-0.0029773327240346
-0.0011094353538856
-0.0058489537095196
-0.0064420902736757
-0.0037147081914631
-0.0042969046656763
-0.0088288851607321
-0.0094314414166715
-0.0093119082792373
-0.0092176201455098
-0.0082573476624617
-0.0071669045701898
-0.0085249633285062
-0.0095681510742707
-0.0071614142118541
-0.013218359841586
-0.009554853917389
-0.014323101047079
0.0003345585800546
0.0019314845115399
-0.0034965471175271
-0.0074854746399417
-0.012033908618988
-0.012199014651905
-0.013900985113916
-0.014170685001011
-0.013740324241625
-0.013517703579358
-0.012101487029165
-4.2041264231795e-06
-0.0014298832320124
-0.005777756660345
-0.0042406538893544
-0.00247985174837
-0.0048015705947316
-0.0024167997733256
-0.0041419633108273
-0.0056486533983486
-0.0075945397338415
-0.0097867357338634
-0.0093035801288057
-0.009643131281126
-0.0089252103934183
-0.0031106157440264
-0.0051829696361101
-0.0044134235570782
0.0029892174176648
-0.0047634890238667
-0.008375188536673
-0.0093505556637257
-0.0035064186086011
-0.0011991225379918
-0.0036284049535752
-0.00088835744014743
0.00033584733603003
0.0012402037794799
0.0024408981884116
-0.0018745911101486
-0.00070752716590457
0.0022447469066935
0.0016380113046691
0.00049802267104109
-0.0064746026101678
-0.0098715064192994
-0.013104927933819
-0.012365655441959
-0.014024158475516
-0.014723406977345
-0.014614772261144
-0.014595493599229
-0.01265403986127
-0.011778555903901
-0.0070196244721616
-0.0053650218763073
-0.0033288283278601
-0.00037056843958483
-0.0023080212616018
0.0017108530544513
-0.0089841011921546
-0.0067577176061451
-0.0095771063097319
-0.0098887988078139
-0.008981631864099
-0.011115120063942
-0.012600101986052
-0.010720245347616
-0.013997939836708
-0.011486411353151
-0.013511075672969
-0.01397549703401
-0.0029604005670587
-0.0042402896052377
-0.0075923924446921
-0.0056182503205644
-0.0063906142765483
-0.0073084064162946
-0.012722539092391
-0.015755210933255
-0.011811686465647
-0.014847337443191
-0.012768645232474
-0.01079434354173
-0.015653816037348
-0.015343590377812
-0.015674327153773
-0.00096370695799147
-8.1729746910398e-05
0.0015978714551018
-0.0012032209131459
-0.0013728611209929
-0.0037310607518648
-0.0031214317647865
-0.0011035226090376
0.00055181264542965
0.00024217260152375
-0.0070358483913993
-0.0052092769686465
-0.0080329859123798
-0.0062596973885085
-0.0053133608146848
-0.0054558152324341
-0.0062433863011694
-0.0038662259369104
-0.0084763874202023
-0.0083975968485111
-0.010315610437134
-0.0071722522148269
-0.0060831692905892
-0.0091396255909271
-0.010963377445684
-0.0099653367324496
-0.014651038804829
-0.016374343710894
-0.016084627036545
-0.01315307877021
-0.016927683860696
-0.014992968970919
-0.01588151046996
-0.009231173580095
-0.0073827963292748
-0.011590460857923
-0.0086637674175241
-0.0067680357331205
-0.011384067730199
-0.014022036833392
-0.0044219967107309
-0.013909780930099
-0.012464287047249
-0.012404883341732
-0.011654512062722
-0.011106468062089
-0.0094845741303542
-0.0080649807746911
-0.012008668442674
-0.01356753670302
-0.0058808586450648
-0.015617700646203
-0.0060189017052227
-0.0029828220184573
0.0015377194683267
-0.012551249574824
-0.0081411714796119
-0.0085246252076128
-0.011443099249924
-0.0066136072798716
-0.01196911002728
-0.0084418191997617
-0.0082027431944979
-0.010044974783248
-0.0010028890825461
0.0012221944511468
-0.00096311237051183
0.0018347949410644
-0.0030047951478272
-0.002599013170324
-0.0031259334934334
-0.0047595075948036
-0.0056226649275583
-0.0046419276843585
-0.0037002008636511
-0.0056723776262581
-0.0057515931281614
-0.0066395059741766
-0.0087554336114228
0.00040869032877932
-0.0024385323510875
-0.0052295105829387
-0.0035453056099504
-0.0037018743701243
0.001816926585743
0.0010833790412672
-0.012957755521301
-0.014833559598885
-0.014788439732578
-0.016239014124709
-0.017559231938851
-0.015714918482949
-0.016695675333609
-0.014475904520164
-0.016096075391881
0.001701937555474
0.0020127797577213
0.001897387074142
-0.01099598597897
-0.0087547056024689
-0.0094048499059484
-0.01004122593458
-0.013140561480611
-0.013668875764403
-0.0077535634599133
-0.0091989606256564
-0.011200363453296
-0.01320443537062
-0.012541585959254
-0.014164799891773
-0.016197593443178
-0.017009244106041
-0.014260472930217
-0.0080412102719114
-0.0060554847449511
-0.009549338110395
-0.011777569410823
-0.012021348417442
-0.0047838105578807
-0.0031583451846088
-0.0072261583547674
-0.0073951546230479
-0.0081032397582002
-0.0041307085308811
-0.0050116251316318
-0.012779348572359
-0.012110206808221
-0.012925011776241
-0.012226023653179
-0.0083106959164481
-0.010405280932416
-0.010307141610041
-0.0087931973697381
-0.013316903872198
-0.015232704327882
-0.011975921862518
-0.014751021623656
-0.00098921073865916
0.00085328190644214
-0.0056180711139236
-0.0081250279481176
-0.011934416570668
-0.013138301676985
-0.013533490994896
-0.013775407436312
-0.0147908443952
-0.014272490941844
-0.013040952357119
-0.00085692461075862
-0.0018030839335057
-0.0028147199830965
-0.006542054843588
-0.003832255289866
-0.002653191310611
-0.004156330621604
-0.0048863619405784
-0.0041922602902999
-0.0073692825964309
-0.0053796499079767
-0.0078645098621413
-0.0089656803760204
-0.01143487079593
-0.011511799120685
-0.0093276292489892
-0.010746011209291
-0.010935897401308
-0.0088268708250042
-0.0040843098792004
-0.0058086330705545
-0.005958978631955
-0.0065166801232791
-0.0087387437552058
-0.0093583755887684
-0.010162502465727
-0.0054588062264191
-0.0015156116347995
-0.0024659961699725
-0.004029524742103
-0.0024066343251637
-0.0017941134974032
0.00073533775776363
-0.00098091331028541
0.00077577222925898
-0.0031469346363417
-0.0035816733975974
-0.0023866985135848
-0.00024909927249202
-0.00060832742886247
-0.0090712976806922
-0.013583933306363
-0.014502214301283
-0.015919751215436
-0.016039444783289
-0.016081521120376
-0.012000064453068
-0.014824175051434
-0.010872615196146
-0.013378364464657
-0.0069250644059206
-0.0087444602862913
-0.0049039154837788
-0.0057787081686591
-0.0040192543996679
0.00028896610256162
-0.0011061038575801
-0.0027763321521273
-0.0099708256892276
-0.0076748446666835
-0.0068885210738677
-0.010459085596419
-0.0095009127716694
-0.01331649614733
-0.013777354123742
-0.012328026482149
-0.01479765470309
-0.014544541432894
-0.012288349270497
-0.014994264904741
-0.016141202087459
-0.0055722388334614
-0.0065174560192997
-0.0068218142536716
-0.011869473092657
-0.012245757605389
-0.014556676326658
-0.012811633486004
-0.013346010892515
-0.011210055677785
-0.0099456753843987
-0.017715906570172
-0.01513856941865
-0.017557011165107
-0.017235265892952
-0.0024344551992145
-0.00014903253445756
-0.002767780683938
-0.0034874702425894
-0.002343399897468
-0.0045648948207046
-0.0021391356693355
-0.00094245064798382
-0.0065316486776785
-0.0081409467511411
-0.0057658462274838
-0.0078106935366108
-0.0089383470022782
-0.0063521400056986
-0.0062885830257996
-0.0035651344626579
-0.0037630979638039
-0.0081659179766229
-0.0091342371526964
-0.010604405107583
-0.0069265815260794
-0.010453713020666
-0.011317190834094
-0.011145229518839
-0.016244205402729
-0.013013855148857
-0.01750897717028
-0.015536845633622
-0.017745173010358
-0.014152718619761
-0.012723602631604
-0.016017964594734
-0.015077260542018
-0.015148247525537
-0.0089777209908712
-0.011019423780347
-0.012448946641661
-0.012338538672992
-0.0084474595604241
-0.010761220736084
-0.0058487366027225
-0.013755160437232
-0.01287450396991
-0.014902778039406
-0.013837485820591
-0.014127085379043
-0.012713667055583
-0.012522293973364
-0.0089799900766006
-0.0085337015262896
-0.013852356327792
-0.0068412965818433
-0.0051144718888737
-0.0054219858852632
-0.012817975838286
-0.013246629230684
-0.0098406225811835
-0.011810765041665
-0.0067201302079728
-0.01148475209155
-0.009247136282488
-0.0086940460601623
-0.010647542614625
-0.0016480151980847
-0.0011733524689603
-0.0043070856758092
-0.0032639505280581
-0.0041649146584468
-0.0056705402463286
-0.0066830136463374
-0.0051700316270946
-0.0009132748150522
-0.0022699626248663
-0.0054396988196435
-0.0061705483253908
-0.0052376934111374
-0.0040195450894897
-3.0696266068625e-05
2.9616105836744e-05
-0.011884797970602
-0.015641904017605
-0.012773471097513
-0.017369405847242
-0.016226076313007
-0.015823359300787
-0.015111441612523
-0.010828278731048
-0.011638126512365
-0.009430505769783
-0.0084686882146464
-0.011879178003907
-0.012693673041643
-0.015625041543427
-0.0084753852253936
-0.0095492545588392
-0.012398757377115
-0.014926568470175
-0.0177697038441
-0.016078219149182
-0.010981525988391
-0.006955804394568
-0.012838743609811
-0.0081299619090837
-0.0048294920563798
-0.0041401105947898
-0.0089479836317194
-0.0088540879953468
-0.0061017689177859
-0.01010735661723
-0.0078548753023555
-0.004950356381155
-0.013319748088192
-0.01218267174332
-0.011967396959959
-0.013608445930754
-0.011332213556979
-0.01317108142498
-0.013180093424491
-0.014328685884154
-0.011329799478513
-0.014272351247055
-0.001701510302403
-0.00030066009505076
-0.0063329076727325
-0.0099070506844474
-0.00775913098234
-0.014254926474021
-0.011634402575335
-0.015288715406018
-0.013310428320526
-0.015822244669767
-0.013076479229142
-0.016243365293204
-0.012527979966541
-0.016094512844062
-0.014796134751129
-0.0021439369397725
-0.0021536636534189
-0.0040790228169037
-0.0073839762572288
-0.0063033850291418
-0.0050546064343356
-0.0040647305545454
-0.004237522349131
-0.0057192528249376
-0.0054999660901642
-0.005364361052168
-0.007920363015294
-0.0065556924139661
-0.0096126894309907
-0.010212429966006
-0.012132114770659
-0.011639814977351
-0.012084196314075
-0.010435623284648
-0.013379556584771
-0.011300397128505
-0.0095538602879383
-0.0052022627152011
-0.0068768238387462
-0.007376550039168
-0.0093979996047209
-0.010420615193568
-0.01085898378123
-0.0051607892544851
-0.0036147031423969
-0.0028116280932651
-0.0051447055828003
-0.0024193403216014
-0.001541284839916
-0.00090450325884231
-0.0014859123901738
-0.00393061649614
-0.0035817317103209
-0.0045159835466986
-0.0032034536979647
-0.0018958428690772
-0.0015275195742806
-0.011543814374573
-0.015933780654641
-0.016255984210227
-0.014537169762788
-0.016968080554389
-0.016108106184114
-0.014271221684603
-0.014420752621575
-0.010367881369959
-0.014216648412802
-0.013262169190344
-0.0081877001366839
-0.0092049407981918
-0.0058823068893665
-0.0061886386792712
-0.0038666232291281
-0.00097319115177522
-0.002196140002332
-0.010498701783844
-0.0086663912934526
-0.0081037081908734
-0.011359609899872
-0.0098460942698231
-0.015371211776628
-0.013392913402871
-0.014096778443246
-0.016351267378707
-0.016561514373175
-0.013687662527038
-0.01298239864845
-0.015952223223099
-0.007314138259089
-0.0074502004104094
-0.012001990941705
-0.013402650355784
-0.015764993177164
-0.012924781774705
-0.011107327513868
-0.0097782760186891
-0.016259202518613
-0.016975124640042
-0.017528236237751
-0.0033894955400542
-0.0023081084792477
-0.0053556634071368
-0.00689356363041
-0.0082230697841444
-0.0069172754301382
-0.0079526295007894
-0.0087321357822407
-0.0063221338220349
-0.0072849525786263
-0.00518790667562
-0.0043402752889903
-0.0044754237555298
-0.0084120508985727
-0.0095519407107222
-0.010825333124417
-0.011683169344559
-0.010210409507308
-0.015411879207147
-0.013711137205168
-0.01636737656136
-0.01587068451079
-0.018095033340782
-0.013452931969181
-0.0127339462586
-0.01793395802875
-0.016009000399231
-0.0169592902184
-0.0095621360481428
-0.011013201269428
-0.015053963400799
-0.014003290118321
-0.0092054443449267
-0.012401372054184
-0.0059830939069944
-0.015779300473391
-0.016807122449306
-0.013719277546729
-0.014565050419982
-0.013718051096398
-0.01173204602752
-0.011544615396445
-0.010127400434426
-0.0088305554862398
-0.0089636812138393
-0.008279757438449
-0.0064467978715376
-0.013045968677667
-0.013085006926153
-0.01051981270481
-0.011506093827924
-0.0073976329975635
-0.012841333087636
-0.0096304272637814
-0.0090878750537498
-0.0084446947191244
-0.01074731187549
-0.0015699170084104
-0.0048947381635806
-0.0039985087929285
-0.0029715318388588
-0.0048279422010404
-0.0066783649943795
-0.0074071844222049
-0.0066729473140089
-0.0031588898951004
-0.0059601311121969
-0.0071204515919615
-0.0059056851764144
-0.0051957429616047
-0.001151500081071
-0.00096939360560956
-0.0013690691942731
-0.011504706701417
-0.01577675155408
-0.012544623042235
-0.017703020933579
-0.018174045810468
-0.017316503130193
-0.017611151267229
-0.011906412447928
-0.010698158894515
-0.011914082048748
-0.0092067431300265
-0.0086548833629597
-0.012021484522786
-0.013974899970403
-0.015561053198226
-0.0092678603497675
-0.0078242724631259
-0.0088667800741968
-0.010610379110876
-0.013824607958169
-0.015791552082546
-0.016714900350952
-0.017428568329109
-0.015258406034605
-0.013005684832187
-0.008956725948206
-0.012151591960849
-0.010867832559489
-0.0069877091892255
-0.0091475408440715
-0.011061588169219
-0.011021584371822
-0.0089160976661737
-0.0071312703766024
-0.0095704254200056
-0.011475110307312
-0.0073166261206055
-0.013374131451861
-0.012463274281993
-0.014282622547348
-0.013449891857071
-0.015342390126702
-0.011314968405428
-0.015297847574214
-0.016577143371034
-0.013200010297885
-0.016267488327336
-0.0025210159339366
-0.0099595217101558
-0.0072331179511282
-0.0085304864385902
-0.015309511359451
-0.013244108549885
-0.016588017577062
-0.015962536634284
-0.016527452207276
-0.015008926454273
-0.01663563768377
-0.013049403808469
-0.015775728295135
-0.016468046352671
-0.014446095336149
-0.0034218720007352
-0.0018532927201724
-0.0038185761904586
-0.0048538096603113
-0.00837838281397
-0.0072992822199189
-0.0059092883108557
-0.0049430163631414
-0.0047167524469487
-0.004800110239024
-0.0049705087445978
-0.0070109242966474
-0.0064504881026256
-0.0061010573802563
-0.0084154645947863
-0.009212886802386
-0.0073090332032671
-0.013034052490116
-0.012699357750414
-0.013634626153934
-0.010844253571215
-0.015150630844635
-0.010261196497895
-0.012668521739717
-0.010316686751177
-0.0093598316431053
-0.0060433698247358
-0.0078736890510547
-0.0069842980476932
-0.0074163997387335
-0.011043389563579
-0.011630829703424
-0.011379933683529
-0.0061848731082716
-0.0049108382100998
-0.0028941360440473
-0.0022520711575369
-0.0058003526394084
-0.0049926905139581
-0.0057228228488509
-0.0050337854634487
-0.0036463992501784
-0.0030393306494441
-0.011913745958405
-0.017519502347666
-0.015951422892781
-0.015752609266149
-0.01591715241728
-0.013857464303644
-0.016473908999837
-0.010612993448315
-0.012061199179876
-0.01598731366903
-0.014150151996159
-0.013854040793663
-0.008416578348355
-0.009298485102366
-0.0066285949627325
-0.005602775927956
-0.0067753558040239
-0.003263464097275
-0.0047997908654451
-0.0097357883994447
-0.01235045244249
-0.0081207453825275
-0.0080836776773567
-0.011030605462997
-0.010760245972247
-0.0098009596234083
-0.015386649071601
-0.014527544749505
-0.014310235366092
-0.016446747066344
-0.018846067988811
-0.017571789565638
-0.013183330270342
-0.014487399936464
-0.012607834046036
-0.014331875007792
-0.018300441559371
-0.0080436303463582
-0.010847650226455
-0.012990374061445
-0.014190198314465
-0.013927983017568
-0.011753681254336
-0.010643330793777
-0.010193043395118
-0.0094470608614704
-0.017813303992314
-0.015442492280539
-0.018429646387794
-0.017582949141914
-0.0035218263987351
-0.0056595610642785
-0.0076941104961912
-0.0073356929222972
-0.0083710737713925
-0.0094793443323343
-0.0068117369925363
-0.0075670458214979
-0.0063470046690387
-0.0057686991319582
-0.0076205336109002
-0.011466644774842
-0.011134358790899
-0.010557478545312
-0.015658414966361
-0.01620099005106
-0.012995257739952
-0.018120069502281
-0.014158269912596
-0.016745853295167
-0.016847026346864
-0.013135504893541
-0.017979521933239
-0.015818771491259
-0.009489074599287
-0.011394610989014
-0.010669017424255
-0.014701038206071
-0.014076735327151
-0.015176676123891
-0.012808860209381
-0.0104189544309
-0.012483167685638
-0.0074832125580018
-0.016555307199661
-0.014570204086175
-0.015312880676647
-0.015014940854883
-0.013180945282243
-0.014561584892944
-0.012272779217882
-0.0098931949170621
-0.010094104106681
-0.0090755861981962
-0.0084882120726147
-0.0066721437659365
-0.0074382940085835
-0.014234345890069
-0.012623292219621
-0.014297949209249
-0.01119841831355
-0.011740156544162
-0.013038492263694
-0.0074506543905998
-0.012035643595815
-0.009432929026695
-0.0087175076145636
-0.0095757208953985
-0.0089914404714348
-0.011259386765769
-0.0060760284099755
-0.0048354097784929
-0.0043668760839979
-0.0041319963550057
-0.0060182751657743
-0.0073547973228184
-0.0068279141180526
-0.0042767276058166
-0.0061488197275142
-0.0078329754006794
-0.0056497461766707
-0.0065253081709584
-0.0054113611996296
-0.0019169695313696
-0.011470474283922
-0.014741735050515
-0.013240793918621
-0.011924537426773
-0.017623205126444
-0.016274623743986
-0.018260093700333
-0.017950607338174
-0.01073898241575
-0.013195085218754
-0.011303568472927
-0.0092667465583543
-0.0094952542209194
-0.012613405257084
-0.0099940926244693
-0.0085844823739605
-0.008907507346038
-0.010082580781844
-0.010935907134932
-0.015750014048998
-0.018138222831774
-0.016623624222439
-0.015800077777329
-0.0093747960167807
-0.0085789393867389
-0.013213394392636
-0.014774424195885
-0.0065972092502401
-0.01111342922834
-0.010859228233997
-0.0095340682964462
-0.0084278293188249
-0.0072932036304019
-0.010447134177102
-0.0131552115197
-0.01521404229564
-0.014262201795138
-0.015407719682872
-0.01415321457187
-0.015132023871072
-0.013327265730142
-0.01434866876002
-0.017137039233956
-0.004467181923748
-0.010649966016009
-0.0078281871499588
-0.0086940213561354
-0.0080026689203256
-0.015867462591396
-0.013457670794735
-0.01740251041571
-0.015504951838843
-0.01589544405358
-0.01478016919914
-0.01765006035831
-0.013342920267999
-0.014459106803506
-0.015595512080503
-0.015647030295846
-0.0041366141147629
-0.0036452151552142
-0.0050445665018456
-0.0076527709463467
-0.0058782120720029
-0.0053112096098837
-0.0062250612170537
-0.0041349869910182
-0.0062255383602741
-0.0066556648884819
-0.0069703036478807
-0.0071607411611906
-0.0070357335698224
-0.0097099933612149
-0.0081202895374909
-0.010461763098346
-0.0076759998384482
-0.013721050044797
-0.012082930019422
-0.0138456554351
-0.013780405613328
-0.014259684449388
-0.011031197912123
-0.012591317572393
-0.010543994132833
-0.010345465925372
-0.009072771678342
-0.0067740053065413
-0.0087561650828602
-0.0085266863868689
-0.0054919144279502
-0.0090640067232605
-0.010595574273373
-0.011878426359896
-0.011434495059617
-0.004027717112419
-0.0038979861655732
-0.0054699168942968
-0.0059065005740833
-0.0072699794071009
-0.0046864457489996
-0.0041367449019995
-0.013973559320186
-0.017770745814127
-0.015969021163968
-0.018216679864431
-0.017688349080894
-0.015537199665993
-0.014137471176656
-0.0095042877063052
-0.011414012140415
-0.011964152092093
-0.017129211952017
-0.016250516231768
-0.012506825226584
-0.014990671567981
-0.0085992027798016
-0.01004477477138
-0.0073368387997486
-0.006718348643082
-0.0062081886435989
-0.0066481354018382
-0.0075984537624666
-0.010470326016453
-0.012272592936109
-0.0085400132261856
-0.010821825293127
-0.01197756057537
-0.010832970627603
-0.0092561034983628
-0.0087682913012187
-0.016434543275227
-0.016748612305918
-0.015758528760842
-0.015759649407241
-0.016407194550444
-0.017193019939634
-0.01915801671729
-0.012819553592337
-0.014868642094889
-0.013673852693572
-0.014230604035686
-0.018808654096054
-0.011320394143127
-0.011909886553655
-0.013659961177575
-0.013083686892879
-0.012167752138175
-0.009828944965693
-0.010676843236141
-0.0089868926637292
-0.016169523637059
-0.018109961741368
-0.015271789962907
-0.004194193665063
-0.0063989792348921
-0.0075703071340004
-0.0073750376464849
-0.007800558817214
-0.009123957855703
-0.0063218127465626
-0.0071446533606552
-0.0078001605495552
-0.0082735120547069
-0.010704989840706
-0.010789242956761
-0.010415338939274
-0.0094432107913715
-0.015681677479519
-0.015514220990651
-0.017099654734967
-0.013770817120059
-0.012275817595609
-0.017521258154427
-0.014225302745066
-0.018471843507811
-0.01612796666657
-0.01335791569585
-0.017068664179929
-0.010561187568175
-0.0084679967516474
-0.011719521524275
-0.017005634325421
-0.014643369632156
-0.014389473826997
-0.017065731200162
-0.013590935607742
-0.013000471134234
-0.011481854129374
-0.012597045708455
-0.010987810198948
-0.017951533698635
-0.014571227542167
-0.016699891366597
-0.016491128060227
-0.012721353574629
-0.011869468632631
-0.014072083157916
-0.012042293706321
-0.0099587008203305
-0.0099487528223276
-0.0092160863782115
-0.0091434488751629
-0.0071387169120152
-0.013948351577917
-0.013937143046527
-0.014865730775566
-0.014544998190206
-0.01080704605693
-0.011690737280453
-0.012046857053418
-0.0074961454491069
-0.013518182812012
-0.012476257974221
-0.0094417452116974
-0.009106277553952
-0.0097061529306397
-0.0093188811600831
-0.011023429190304
-0.012295840249582
-0.0072380298845953
-0.006370891996433
-0.0054779967592869
-0.0048225589918659
-0.0081111953110984
-0.0065888619906276
-0.007879127875164
-0.0069871991725659
-0.0053704607365778
-0.0071916989491123
-0.0032593602970072
-0.011907171716625
-0.01078646034717
-0.014510621328668
-0.012687590598221
-0.012404598937675
-0.011028620106766
-0.012233481313847
-0.015815491961157
-0.018041270127765
-0.015082566405348
-0.017413311825254
-0.016968720754891
-0.010428579530505
-0.010616502125401
-0.012936953960587
-0.012164261009936
-0.00810506344581
-0.0096950196431906
-0.010025137789021
-0.013582436070903
-0.012313588488876
-0.0099662064373113
-0.0085728446425169
-0.0099441491602073
-0.018524140201228
-0.018832258370756
-0.017008641047623
-0.0088962492826671
-0.010388561314779
-0.014005406558261
-0.012066175739434
-0.014382675139314
-0.0077926583215866
-0.0071003216614146
-0.010468352307989
-0.012256199127618
-0.012599277044073
-0.010326713849015
-0.0087990522540704
-0.012070862274914
-0.01604443072468
-0.014249867586949
-0.015934320913751
-0.013756354831233
-0.015469039482026
-0.015633650714123
-0.0048649759282854
-0.010966361203126
-0.0098120197147978
-0.0074459297046252
-0.0086801947742091
-0.008281116593229
-0.014857863641699
-0.014607228472092
-0.01578673890527
-0.016020695214789
-0.017364406974348
-0.017228615569734
-0.016099452917003
-0.016258448576624
-0.016455743838855
-0.017949629650022
-0.016442597002531
-0.0057708378563215
-0.0079448586913582
-0.0063678370686452
-0.0065810107236595
-0.0049551479647812
-0.0066225367653308
-0.0070152871027585
-0.0074448914727407
-0.0098473132589774
-0.0089497618099308
-0.010605275516685
-0.0079523995721754
-0.013664237255935
-0.012515518804561
-0.013400741289033
-0.01591954557295
-0.014035147429064
-0.015852308148936
-0.012825368064206
-0.015777164550776
-0.011793875829951
-0.011471632895297
-0.010306449201802
-0.0097341616759759
-0.0087992621754376
-0.006587724364147
-0.0089874049423119
-0.0079482893420728
-0.0059737037615412
-0.0094447469314527
-0.01092557979762
-0.01061736024123
-0.012351695735331
-0.0061622160769714
-0.0059043956033594
-0.0055568052701058
-0.01636727170227
-0.0155947560132
-0.018488254616416
-0.016012332774439
-0.0096662604090524
-0.010581228089384
-0.011240859838641
-0.017259365189096
-0.011441391004929
-0.014652366955079
-0.016517750909347
-0.0093883958846641
-0.0076649683990562
-0.0078563106224424
-0.0069019450141587
-0.0058281871525517
-0.0068422714661677
-0.00719431137687
-0.0078797810978875
-0.011245465103531
-0.010122621667726
-0.011172369956649
-0.011092710085917
-0.010193364368082
-0.0087812284837597
-0.0095426376993207
-0.0091361068095692
-0.018210422959398
-0.018971768167316
-0.01679332641018
-0.014903786305829
-0.017190582575533
-0.017172329276978
-0.019124639158509
-0.018714231938834
-0.013198982355672
-0.011842653436155
-0.013422907819572
-0.01587002823052
-0.012643708878303
-0.014254842054257
-0.016607732116111
-0.01905521356635
-0.01066344308281
-0.010643219357613
-0.012251134131035
-0.01220168296306
-0.013249822415828
-0.012647147625337
-0.013641092901323
-0.010788522795179
-0.0095362836079817
-0.0098438702087363
-0.009393106587144
-0.015034672533211
-0.017522659830149
-0.016984137734265
-0.015962842425172
-0.014579745082491
-0.0088186357016228
-0.0084543568635524
-0.0080762668673964
-0.0085951093245509
-0.0067510841957706
-0.0072322606415313
-0.0082418816830511
-0.01131047377976
-0.011562474932734
-0.010883695614983
-0.0095948855607075
-0.0094451218170112
-0.014281430939979
-0.015511750398867
-0.015602697157467
-0.013295578962134
-0.012793266784857
-0.015157248071189
-0.016717673674689
-0.01647362394101
-0.013132805490425
-0.018615643626144
-0.010184911391733
-0.0089813742934681
-0.010644393415729
-0.017977381573749
-0.016542551792436
-0.016649064483011
-0.017972337310948
-0.013863443031307
-0.012608198307633
-0.014203390016328
-0.010900879428752
-0.011201985678423
-0.018674352648709
-0.014007958136866
-0.015759280829727
-0.0157615697029
-0.012506777369273
-0.013339149684954
-0.011981013716631
-0.014674187904241
-0.012561718181132
-0.010233750549971
-0.008969117503079
-0.0094286604937697
-0.0081756075678107
-0.013806609080715
-0.013089156807194
-0.016296427493847
-0.014000950009662
-0.014182263288056
-0.011759674115396
-0.010380511416672
-0.012073851080971
-0.0082966031016396
-0.013449605954202
-0.010994155959755
-0.012435594215749
-0.0095114121197601
-0.010000631766329
-0.010546290114839
-0.011660470954571
-0.0068590526131098
-0.0060479821056589
-0.0085761007236815
-0.0075825843065487
-0.0079489009024106
-0.0067901801656513
-0.0073629789682188
-0.0061425301999693
-0.010702221907021
-0.010577539395028
-0.014198434157076
-0.012695340678168
-0.013054085181524
-0.011305471222725
-0.011077444807793
-0.011497020792523
-0.016009927912612
-0.016209108762068
-0.018926695666702
-0.018475149991688
-0.01096023082459
-0.0103526099529
-0.01271116942914
-0.011517028523539
-0.012239060744728
-0.008963636963367
-0.0094215474388974
-0.009462702336811
-0.01282208601069
-0.011248705002518
-0.0088663052352388
-0.010028473123799
-0.016575769068653
-0.019061345953794
-0.015894037749968
-0.010462415804038
-0.010456043350718
-0.015981846035549
-0.01367734798776
-0.014880459746928
-0.016419303849713
-0.0089514116377654
-0.0081736745584522
-0.012374130685261
-0.011642136938677
-0.012773864426411
-0.010292620455003
-0.0093168220433868
-0.012715383284804
-0.017003729396676
-0.015750319986374
-0.017079079033599
-0.014563661611951
-0.017450649914625
-0.015761464879402
-0.01155456639026
-0.010485214033632
-0.0098221804861063
-0.010027202664009
-0.0078311103577279
-0.00829947960351
-0.0089251177832124
-0.016916084176428
-0.014795432821972
-0.018330600194319
-0.017996770197311
-0.017742774693114
-0.018309841929588
-0.018411893442203
-0.016392595282409
-0.015904599554887
-0.0084591475368358
-0.007234712734636
-0.0056200610366205
-0.0068456304603636
-0.006634312271762
-0.0071880004602753
-0.0080436238726683
-0.010252539927441
-0.0088149148212221
-0.0088810495071455
-0.011757561749433
-0.012450212381483
-0.012752604807723
-0.013556288532332
-0.015956373060811
-0.013840107579488
-0.012511919577061
-0.016142252594276
-0.013126194956078
-0.015294353149715
-0.011373374033085
-0.0094818427840254
-0.010488008091252
-0.0099770952523486
-0.0090141476595099
-0.010104061962495
-0.0068929192230733
-0.010299880162517
-0.011252834610639
-0.01154491651443
-0.011166559490336
-0.012482335723483
-0.0071106700335605
-0.0070567658522621
-0.0064006599892524
-0.018350998749168
-0.0167023439857
-0.018833662510562
-0.016864896906194
-0.016350159599495
-0.0086320416625472
-0.0095782357463083
-0.0099127476068559
-0.010649606553896
-0.010742211585059
-0.018665808307302
-0.011365052868116
-0.012897180362056
-0.016690951275329
-0.013927168015839
-0.009461164892894
-0.0091254752728108
-0.0082245313178947
-0.007947758984092
-0.0075010453754064
-0.0074619670329835
-0.0078910017053879
-0.0099387739663387
-0.012060226494871
-0.011220175519483
-0.011291997189239
-0.010391035368124
-0.0093632604864964
-0.018803023219471
-0.018199389163598
-0.013972633283345
-0.016684612762022
-0.017759314687925
-0.016882838627346
-0.013049090596162
-0.014161580291646
-0.011738606756561
-0.010910033193674
-0.011907639588135
-0.017000997121485
-0.015192305831978
-0.013175672377397
-0.013691517989962
-0.010981750861484
-0.010068402281166
-0.0099588136241821
-0.011087564632644
-0.011691449511313
-0.011640997926825
-0.011530045286015
-0.012893085247849
-0.010514636123723
-0.0092203502949835
-0.0098055901915289
-0.0095464745051009
-0.008574858972133
-0.009346177710345
-0.015788464018149
-0.014754105058036
-0.014415993618688
-0.015175700773146
-0.0086382364419118
-0.008364976045726
-0.0088749641818571
-0.0078192027854185
-0.0069304422654533
-0.0079411651009795
-0.011630199527109
-0.010347492476302
-0.0096599808789919
-0.0095316761960085
-0.012975031412508
-0.013325723399181
-0.014925609860509
-0.013573477719896
-0.012437150393082
-0.013945944018147
-0.014693279353548
-0.017638383546267
-0.016495173566074
-0.012918389679347
-0.010277309148911
-0.010360249559524
-0.0088450907961277
-0.010917829117865
-0.018693530243433
-0.017864861924325
-0.015764554512983
-0.018403174680156
-0.01297589584156
-0.014923432455929
-0.013064404267092
-0.010724691650379
-0.011760945322341
-0.012443636619819
-0.016813177575816
-0.014393684901931
-0.016981209616373
-0.012797194241181
-0.013664073865705
-0.011445764982346
-0.014828332028685
-0.012289089881717
-0.0091281797249451
-0.0090982722551839
-0.013150280464016
-0.013239495680514
-0.017327169605125
-0.013970967109765
-0.014527884353059
-0.010990760110289
-0.010102928022692
-0.0083306231704586
-0.01194575120753
-0.012678224585645
-0.014944784995131
-0.011636284441278
-0.0099538687475838
-0.0098734562325369
-0.010612483973502
-0.010011428490022
-0.00707924722139
-0.0063257793934459
-0.0088914245854788
-0.0075055386849377
-0.0082986807908226
-0.0074819756601374
-0.0077256957238526
-0.0098602970259428
-0.010658356746935
-0.012621205262635
-0.011721527478195
-0.011539737339825
-0.010696018488342
-0.010246673751931
-0.010701031329167
-0.015735045153702
-0.015346030978946
-0.016663045518552
-0.018533254003721
-0.010607433357377
-0.0097569585066818
-0.013561880878888
-0.011940861566416
-0.011791713866435
-0.0088497755580242
-0.013573215176776
-0.011127805387524
-0.011042659656911
-0.010335664153172
-0.0094042933390811
-0.010495378809676
-0.010089813653231
-0.017347769578912
-0.017007223307629
-0.015679069407595
-0.014220627885419
-0.017110413251208
-0.017596768611867
-0.0095060819300256
-0.0082936652041071
-0.01263534173702
-0.012476010681636
-0.014085039637472
-0.011209045329128
-0.01275585780441
-0.01549978349906
-0.017740752454804
-0.017774816157301
-0.016257626295707
-0.01674922871638
-0.011401896449087
-0.010786386827398
-0.010064208105044
-0.0092927663843231
-0.0082007415929335
-0.0076455356556094
-0.009250053283802
-0.016681922019373
-0.014255792722666
-0.016961319316677
-0.018438650103173
-0.018425330625538
-0.017255616044553
-0.018470040030307
-0.018377631344231
-0.016825618825538
-0.0070682452928856
-0.0075589946600411
-0.0075499776212779
-0.0077346338280368
-0.0080947101668239
-0.010531389763776
-0.0088921679245205
-0.0087293614186317
-0.01109581364351
-0.013151998577216
-0.011756171227197
-0.013942001159517
-0.014637482930512
-0.016923604752997
-0.014161149027779
-0.012312965275344
-0.016397124568801
-0.012462493063347
-0.014177027879893
-0.012272651440567
-0.016952954441905
-0.010742812455118
-0.0097371744308439
-0.010186143915801
-0.0099048664523996
-0.0093537559936499
-0.010340373229928
-0.011063141591222
-0.010439148580515
-0.012756348401502
-0.012289075059011
-0.012797781858837
-0.0077950807610138
-0.018169045627829
-0.015053177778588
-0.018341457072933
-0.0094006800183574
-0.0094905422377031
-0.0097302566911852
-0.009702295168328
-0.010045558178804
-0.0099623156459833
-0.010426900626818
-0.011446262553466
-0.013421232989716
-0.011914832512386
-0.015958210609613
-0.014961005523348
-0.0097631168866003
-0.0085792982630747
-0.0077360839875155
-0.0076964342197493
-0.0097170374708342
-0.011737021225219
-0.010512611320908
-0.011879503514779
-0.010951376938763
-0.010008533933107
-0.0098663970086361
-0.0089373022991249
-0.018140722205934
-0.019682655167833
-0.012098224024017
-0.014702174761224
-0.016473931401154
-0.01644854029769
-0.017542572811897
-0.013083253942024
-0.013520660940325
-0.011094264017399
-0.010278834148167
-0.010902337229447
-0.011380113029621
-0.017738691165907
-0.016254821014749
-0.013019418492895
-0.015189624417413
-0.010467816287419
-0.0097626543040791
-0.0094642003464425
-0.01009448231514
-0.010526483875992
-0.012506297372082
-0.010104977120043
-0.010660508367871
-0.013727793681378
-0.011105125196269
-0.010049550206119
-0.0087970675290478
-0.009302712873037
-0.0092648053744542
-0.0095919234303996
-0.0091706788409171
-0.0087293317458479
-0.016108716151964
-0.013928897041793
-0.012599136838825
-0.013000377857218
-0.0083940385014312
-0.0093029693160468
-0.0083214090293201
-0.0089043803683182
-0.0079511516825201
-0.0077593247756146
-0.010592817771845
-0.011818000389719
-0.0097117894614609
-0.010429170784118
-0.0093260104517732
-0.0094360008462475
-0.011922327962312
-0.013420374968031
-0.016006387723141
-0.013013393971868
-0.012697176393323
-0.014906641122718
-0.017588231409535
-0.015604606095375
-0.013598911767194
-0.0094800636019554
-0.010917178289086
-0.010237764992026
-0.0088026117365044
-0.011211116946011
-0.016850078122364
-0.017971692875369
-0.01649354948854
-0.014305626210183
-0.012475152615141
-0.015797533285294
-0.012423804039467
-0.014175834642113
-0.01165919295707
-0.010053317981286
-0.011578472576008
-0.013273875009448
-0.015677291825649
-0.01771021982562
-0.017818176892761
-0.011970949448428
-0.013174849110034
-0.010863840627422
-0.013621322171123
-0.01225661931132
-0.0092504662668339
-0.01280951345877
-0.013796867197347
-0.013287526066916
-0.015964262611758
-0.014362305444289
-0.013948036902526
-0.011066817834244
-0.0085302494517418
-0.010852000313529
-0.011712210920905
-0.015180786617964
-0.015821909233854
-0.010645701154629
-0.011243053638647
-0.0094425084465164
-0.0092941265888934
-0.0099140490161044
-0.0099142731671386
-0.0072931604634816
-0.0071141127335098
-0.0077044158495951
-0.0079210356977463
-0.0088453220696712
-0.0081444356822138
-0.0078936043353746
-0.0080555399841213
-0.0095673300577209
-0.010074008151863
-0.011852326430008
-0.013119230703936
-0.010978209711989
-0.01047781900441
-0.011069106122976
-0.0099139511676094
-0.0095658694623121
-0.010328012840736
-0.015367141300413
-0.015879030016935
-0.016285200772703
-0.0094453495919653
-0.0094613220842734
-0.012832286924687
-0.012021976688108
-0.012071647973661
-0.012579035388398
-0.010402543669854
-0.011156170542163
-0.010472057141695
-0.0097265932167461
-0.009539947242774
-0.010160075031626
-0.016470463443511
-0.017291271657081
-0.015804170639427
-0.016670957862371
-0.016596129595335
-0.014133969783707
-0.018213951859687
-0.0084920838644608
-0.01411893946518
-0.012794717240655
-0.014665624578867
-0.010746973099436
-0.014083278704093
-0.01635568632985
-0.017708810722805
-0.016666421727927
-0.015408570135906
-0.015597201535495
-0.018300377864855
-0.010842320707661
-0.010525239956732
-0.011137020285238
-0.0094700148479142
-0.0095143281926469
-0.008593616023043
-0.0086084052746595
-0.016763736978969
-0.014023533243737
-0.018784264563741
-0.018364894505126
-0.018719490664672
-0.018789985918291
-0.01832715825476
-0.0079536594437945
-0.0077447688671306
-0.0074663943362992
-0.0074858183994849
-0.0084321252371262
-0.0084052287780417
-0.0090196897559047
-0.0093520467511533
-0.011949725087633
-0.01163724875014
-0.012820754768309
-0.015300681454434
-0.018432589408985
-0.012831565086504
-0.012828386365723
-0.015067460153503
-0.01207116638525
-0.018475561741449
-0.011546495969984
-0.012638524308877
-0.014873788230482
-0.015856686954321
-0.018551910766248
-0.010710494047223
-0.0098648474298635
-0.0095047689061959
-0.0092241651419503
-0.010086362464514
-0.011296870410502
-0.010261976428977
-0.012597112595062
-0.013037739035632
-0.0083410937178605
-0.015223329237622
-0.01685996970978
-0.0086911453341441
-0.0096043908784214
-0.009213106267797
-0.0092714038754299
-0.0093389777523763
-0.0094978553343946
-0.0092569679516019
-0.009107319745378
-0.010481344357908
-0.0098633204224526
-0.012564601058689
-0.01237737918182
-0.01103837583703
-0.013403541232732
-0.0086729007887709
-0.0079550457769348
-0.0080944613331993
-0.0091278054683809
-0.0097343285749564
-0.00966671893466
-0.011627909696334
-0.010295642066249
-0.011082671744323
-0.010549465861374
-0.010407956762789
-0.0097983173120715
-0.0098869756963206
-0.0090124670296097
-0.019415650140745
-0.019821245598019
-0.011128233995008
-0.013944132993814
-0.016562621748689
-0.017371347834722
-0.016795549208484
-0.012154379919703
-0.015517101203277
-0.012310850091529
-0.010794403233263
-0.010196619933096
-0.010191053509604
-0.014907317174867
-0.012387187740434
-0.010010641853813
-0.0094088149104387
-0.0088719064625938
-0.0091947959540104
-0.009583244103194
-0.0096369076862896
-0.010789507325206
-0.0098350047626321
-0.012192160822971
-0.0088982361996481
-0.012963353138607
-0.009974553066274
-0.0093780999830726
-0.0086693729407243
-0.0089668081626597
-0.0088803036453883
-0.0090858707354052
-0.0086639206382275
-0.0087533461566698
-0.013989522709636
-0.012551206410258
-0.012283360701283
-0.012652052606117
-0.0086315321666491
-0.0098385741894968
-0.0085652715069425
-0.0084765096051853
-0.0087129599409038
-0.010282371273398
-0.011191872999264
-0.0097831792601786
-0.0098933850000213
-0.0090875338226753
-0.0089714286607807
-0.0096677538448747
-0.013880637466034
-0.011004100491873
-0.013722868525657
-0.012314859787886
-0.015898613948886
-0.0097531327495658
-0.010339947549926
-0.011059098253578
-0.0091026787242217
-0.011327912193011
-0.017704463647206
-0.015542667800104
-0.017435766868351
-0.012870404891248
-0.012239244883525
-0.015127295560691
-0.013327248274532
-0.011050055444913
-0.012340778454208
-0.0099793060017512
-0.010861961441132
-0.012308915304058
-0.016104835232139
-0.016797897668064
-0.011517586404539
-0.012793754316045
-0.013743580243285
-0.010846131942109
-0.0099627557909485
-0.011934088504498
-0.01352612539622
-0.013012970796157
-0.014295020961007
-0.008442421494755
-0.010115961712785
-0.010956355170529
-0.015349657971887
-0.016295844190718
-0.010555694038363
-0.010521447403926
-0.0094711510168268
-0.00972896980114
-0.0092458799065189
-0.0090317310600432
-0.0079371879917372
-0.0081457265103264
-0.0080894889463293
-0.0085649074005311
-0.0085933416972833
-0.008123284866269
-0.0082689987959247
-0.0080697406219895
-0.0090686808921902
-0.011271484296857
-0.010094371908893
-0.012258211202626
-0.012615001194334
-0.010627156366001
-0.0095541949488512
-0.0097849872057641
-0.0095294035082898
-0.008862533358845
-0.0087606329999147
-0.0094419260363662
-0.013310625596194
-0.013235707018418
-0.016809254542652
-0.0093032703259378
-0.0088300103333012
-0.012395586245799
-0.010988250311306
-0.0099258988908347
-0.009679223777726
-0.01075016613515
-0.010831349616746
-0.010195900365158
-0.0092221922730104
-0.009715795887482
-0.013786967751354
-0.01534391547638
-0.0178270217338
-0.015801698674081
-0.013587712551557
-0.016800217521066
-0.0093227229582625
-0.013685233041769
-0.012777263232019
-0.013474748187551
-0.010720426370314
-0.011391278925285
-0.015106346066521
-0.018125469414652
-0.018132473943815
-0.016801331933568
-0.018297965211024
-0.011008159931806
-0.010186353567733
-0.010539899602553
-0.0088112537162338
-0.0087550122559543
-0.015202376032722
-0.018459643116418
-0.013863629862709
-0.019324686364912
-0.015680438765986
-0.016241136373379
-0.0082538655347461
-0.0081443604099715
-0.0081695273603395
-0.0084101502610106
-0.0087489994454419
-0.0081849128617393
-0.0083510219952369
-0.0087282828599809
-0.0092879518284051
-0.0093135650629507
-0.0090565837295066
-0.011445607576154
-0.011149672352493
-0.012925731492377
-0.015063897474312
-0.016361874810288
-0.011546328358168
-0.013215459690459
-0.011790341380446
-0.012802039120582
-0.014524656306481
-0.015978472700658
-0.012068744458413
-0.011939628632109
-0.013402650234177
-0.012136298370577
-0.016803804025512
-0.015070593005175
-0.0098695743544661
-0.010754145081794
-0.0097823621802507
-0.0093488420195275
-0.010061400985175
-0.0093524999859502
-0.0102768949033
-0.010983679947339
-0.011794062898193
-0.0086585523948009
-0.014743381098983
-0.0088541216887404
-0.009173088001352
-0.0089252476868251
-0.0089109647960016
-0.0090741448249558
-0.0088040395837131
-0.0093299861415857
-0.0086646225105874
-0.0086375002348731
-0.0077795342123256
-0.0084780640522786
-0.0087420976651091
-0.0096399560952293
-0.011719895508319
-0.011470268379187
-0.011460687058282
-0.0086901788425456
-0.012455711213182
-0.0085714817128603
-0.0087637464251956
-0.0090558044116679
-0.0089884842461118
-0.0097500825203892
-0.011205113935532
-0.010152462107126
-0.010419096507296
-0.010787589788364
-0.0099761308519539
-0.0092552619253065
-0.0085035198196437
-0.011331046133862
-0.0089362101597311
-0.012938892244864
-0.013648351727442
-0.017060351019674
-0.01415405137375
-0.011440453658752
-0.015597773844432
-0.012207968629367
-0.010464796620476
-0.008623519326847
-0.014332098669414
-0.012322168288017
-0.0099377680840481
-0.0089260163387119
-0.0085975259634193
-0.0086232011049601
-0.0092980066028044
-0.0088666711838151
-0.0091281685050564
-0.0083153516936964
-0.0091129251919636
-0.010408521756197
-0.0099823722553257
-0.013225766987273
-0.0078723844238406
-0.013380793880449
-0.01050089818862
-0.0086045637348817
-0.0084158683051723
-0.0086763088666081
-0.0085225628876245
-0.0085392886536379
-0.010028768212257
-0.011900882569268
-0.009979853952365
-0.0086256460748779
-0.0093127550603575
-0.0096261206216048
-0.0083745180158424
-0.0083335443991061
-0.0083418613462153
-0.0087037514746091
-0.010563783812235
-0.010587410932492
-0.0095237021443005
-0.0088079985558983
-0.0092770008005573
-0.0084998998810977
-0.013854511981801
-0.0092619457575055
-0.011331959662332
-0.013341464093095
-0.011295563311939
-0.014043123967543
-0.016661839047698
-0.0098297182857729
-0.010173598889185
-0.0093708586832026
-0.011364380011082
-0.015692963546128
-0.014947485101554
-0.01540916477302
-0.013567643825383
-0.012348939373602
-0.015317993367871
-0.013091867117224
-0.010373527168742
-0.010799086893104
-0.012143895352776
-0.01657495828661
-0.014817454397103
-0.015016822351905
-0.012761703364457
-0.012430300724801
-0.010710175010677
-0.011140855157352
-0.01191600813743
-0.012033308081774
-0.012936624518205
-0.010132745054898
-0.0090404493599666
-0.010228127051278
-0.013681757564781
-0.0090864831536162
-0.0092836390029189
-0.0089228820494884
-0.0088861351739959
-0.0080905450060858
-0.0080070365607912
-0.0083924810209872
-0.008476276665531
-0.0085130316873278
-0.0086499915747741
-0.0083258676222507
-0.0081022713311631
-0.0086501584224879
-0.0086725912986292
-0.009532017271297
-0.011445641832687
-0.0084272017685397
-0.011233213868907
-0.0087956673233781
-0.0085327596786059
-0.0082462484070142
-0.0077488155115725
-0.0084143637730357
-0.0079637492849051
-0.0082627613303807
-0.0087698976280593
-0.012450944529095
-0.012674877139199
-0.016264684984629
-0.016028033572673
-0.0091730530262666
-0.0087065155608566
-0.011317554734266
-0.010842667010431
-0.0092883749457861
-0.0090842632221954
-0.0093825123398217
-0.0090690146509471
-0.0086795922973995
-0.013089076825527
-0.013470247234577
-0.016545579555946
-0.015124746648753
-0.013360199000058
-0.018169481868195
-0.013107740501102
-0.0124796808042
-0.014042669388021
-0.01094147937466
-0.011034681041925
-0.014242042968949
-0.016164450711225
-0.015295854552021
-0.016086891920733
-0.010284970093819
-0.0098228774482172
-0.010583436439472
-0.0086570091870163
-0.0087869830944794
-0.015363555441229
-0.016657828610502
-0.013137650110134
-0.016679828138851
-0.016173689762704
-0.016668454227476
-0.0091281060322284
-0.0087132201746585
-0.0082871713274292
-0.0083439287953878
-0.0085450907346066
-0.0085393473075404
-0.008811442457054
-0.0090910857514524
-0.0091094540023103
-0.0090520873089806
-0.010371036125313
-0.010788153515893
-0.010363744883455
-0.011737620118857
-0.01426894196536
-0.016619494568154
-0.010701272655003
-0.014963035016066
-0.011424650529228
-0.010684416456862
-0.011582336798619
-0.012605566623685
-0.014279714780368
-0.016571909498999
-0.011067066121684
-0.011540294848804
-0.013514378533866
-0.011404509881816
-0.017126979474614
-0.015102539125248
-0.009473895055715
-0.0099329640991409
-0.0092490967370385
-0.0094900529536083
-0.0099907573686483
-0.010459407084654
-0.011864579063495
-0.011308736375929
-0.012734893034302
-0.0088517032578136
-0.0088420710415152
-0.0087954384034466
-0.0088504488799413
-0.0087997213205626
-0.0086663817557721
-0.0087294865535787
-0.0084894012622008
-0.0084240612152959
-0.0077473467403073
-0.0062627030380094
-0.0073334669880017
-0.0082959904496415
-0.0068731417093961
-0.007222756921482
-0.0074239193532543
-0.010039311979684
-0.010207355543427
-0.009241842444405
-0.0093058826243538
-0.0080226064870173
-0.0074663764125485
-0.009666040696877
-0.0083347629093477
-0.0086123843332715
-0.0090934738223734
-0.0089881336758368
-0.011008252273133
-0.0098144548884658
-0.0096335314638043
-0.0091414450955591
-0.0092192262743776
-0.0080668945868622
-0.011745543544029
-0.012033253957841
-0.013513291221508
-0.01354099071545
-0.01125240469548
-0.016184839309288
-0.0091828225297329
-0.0083791312023765
-0.01477316818771
-0.011877814906079
-0.011339177801677
-0.0089811259830005
-0.0084102059213753
-0.0084211439141917
-0.0075868961797138
-0.0079874925308115
-0.0081544447490716
-0.0079504670562822
-0.007395185603697
-0.0078131466719547
-0.0076801127367718
-0.0091149960136539
-0.0082936299178103
-0.0093910561604086
-0.0087133731874022
-0.012267114058827
-0.007188085092191
-0.0063944794528682
-0.01040502951991
-0.008409696900258
-0.0079728499954226
-0.007841750889798
-0.0080346379172109
-0.0084947667356744
-0.0083380986718128
-0.0099013284521302
-0.0086333390099733
-0.008933758304766
-0.0096403465837721
-0.0079676938455463
-0.0083384054249466
-0.0084343399575451
-0.0081265669850362
-0.008721491431609
-0.010234657665708
-0.0083207746263888
-0.0084608278354866
-0.0090134923921967
-0.0088748465996859
-0.007251110551926
-0.0084775483974542
-0.007891668926701
-0.010138864333939
-0.011503336343743
-0.014196033521278
-0.010301560833267
-0.0094387240947156
-0.010622804727855
-0.016423775449191
-0.014130403450963
-0.015892592574964
-0.012732417992463
-0.011557301172929
-0.013922538139129
-0.012424412134264
-0.010523740470541
-0.010649150669872
-0.010263804365051
-0.0124336565871
-0.011375432387299
-0.014780338267713
-0.014480391313626
-0.011418133624176
-0.013130646266681
-0.0096572853924715
-0.010872146604964
-0.011801575102226
-0.011294869229324
-0.0090207955055664
-0.0084990678140027
-0.0094302635150517
-0.012119938570808
-0.0087846132096057
-0.0087297175689728
-0.0087841906565653
-0.0081331309931218
-0.0084183170641806
-0.0086168178904189
-0.0082431830432366
-0.0084522206860246
-0.0084577533042135
-0.0082433296698607
-0.0085033199323146
-0.0087625080216046
-0.0082656253167327
-0.0080208074837768
-0.0084409850504901
-0.008604847455229
-0.0081545211008016
-0.0096488248103869
-0.0076177371987606
-0.0089557725764509
-0.011714703123429
-0.0078772859281498
-0.0075816727800814
-0.0073834653198054
-0.0069436819522723
-0.0071784545838908
-0.0075132617743352
-0.0071093598447205
-0.0075880901671313
-0.0083579531831401
-0.0079175728300399
-0.011320327642664
-0.011565196332426
-0.013670539623791
-0.013211661161382
-0.0087771807433656
-0.0086422694140713
-0.0087407454662411
-0.0095904348012509
-0.0084784649036489
-0.0087148707794023
-0.0082760736908423
-0.011602822732935
-0.012606221561689
-0.014916097028339
-0.014201321224433
-0.016112216072132
-0.01325387960593
-0.012829943898121
-0.011815220265167
-0.013602029409932
-0.011324393961712
-0.010113642196331
-0.014680340020043
-0.013845053243094
-0.016643381363033
-0.015380000159526
-0.016729627270453
-0.01032047974496
-0.010217459756575
-0.0090393276612759
-0.009182313688732
-0.016863812381789
-0.012482553873617
-0.017174442550163
-0.015768061248192
-0.0089594322180665
-0.0084927591292697
-0.0085603822505788
-0.008457057317977
-0.0086652535204574
-0.0086895377924886
-0.0089763436867588
-0.0087847861894178
-0.0098597900211732
-0.0099658624689874
-0.0098259098138054
-0.011906783321092
-0.010765445361488
-0.014719523258056
-0.01624338071261
-0.010422221833008
-0.0096250883875351
-0.014875361527183
-0.011292591379459
-0.0099396740045766
-0.010315552494746
-0.011231515500578
-0.012546044914234
-0.015548450023491
-0.015601594923608
-0.010457295744251
-0.011026964114425
-0.012476361573374
-0.011446094424449
-0.016134337874337
-0.013279932284688
-0.0089510859415185
-0.0088831986094718
-0.0094194469182135
-0.009786759448357
-0.0090223732292443
-0.0091913784952124
-0.0094142869228133
-0.0098584291274917
-0.011391845741454
-0.011034908707576
-0.0087705870883986
-0.0082979268482857
-0.0085374305590149
-0.0084277827623627
-0.0080121044064758
-0.0074303460378858
-0.007390538838537
-0.0069863532109307
-0.0049177085276779
-0.0056282283287401
-0.0056517316764934
-0.0072290687495778
-0.0059711350573394
-0.0060394438245223
-0.0061999423279201
-0.0067125501790442
-0.0074845806407961
-0.0086264944133316
-0.0083899099186804
-0.0081259708831507
-0.0072504185158532
-0.006729309819559
-0.0069189345702288
-0.0046948365780034
-0.0084322378590432
-0.007813336019715
-0.0084809846840044
-0.0087726688990219
-0.0087218836767307
-0.009927118931145
-0.0092506445448393
-0.0092863102828539
-0.0088135771300898
-0.0085764138498111
-0.0074710530647326
-0.010193475514694
-0.0097557490320614
-0.012368860767563
-0.013858846470293
-0.0098199434240884
-0.0091268126049711
-0.0078273432717342
-0.01309315794168
-0.015603391939013
-0.010463233355815
-0.0099769490367705
-0.0083179983018654
-0.0087527503041579
-0.0091795124751638
-0.0079814076040203
-0.0074214336768787
-0.0071592098440433
-0.0075510043139169
-0.0077013801217764
-0.0081418252013956
-0.0066239070440834
-0.0072358237216654
-0.0072835864423636
-0.0066992126662886
-0.0073010451124887
-0.0079469147280227
-0.0080289131518785
-0.010564881081465
-0.0078237650411258
-0.0094117743980987
-0.013868158925369
-0.0057585265023536
-0.0063220291404528
-0.0052596098872656
-0.0086460952200193
-0.0078857908725463
-0.0072504313347973
-0.0079549815541461
-0.0075832748188998
-0.0081213334410112
-0.0075967443941115
-0.0092584798745253
-0.0073535142303417
-0.0090220493604431
-0.009290324838739
-0.0079976434774896
-0.008026997933152
-0.0081390197448734
-0.0081055202203471
-0.008483735171178
-0.0097852576492238
-0.0078319224265547
-0.0084278233881546
-0.0078223472954461
-0.0085422167442227
-0.0092262621423348
-0.0087616647868819
-0.0055883929551582
-0.0071107869308022
-0.0077900730988601
-0.0061786411670928
-0.0088946375824036
-0.010675808266994
-0.0099416225220612
-0.0098195904919929
-0.010790172974514
-0.0151746237438
-0.014244530234185
-0.012278434919701
-0.01177335401271
-0.01070741145639
-0.012982565050714
-0.011929139109185
-0.0099377643679925
-0.011219869574328
-0.010594021607087
-0.009835545037281
-0.011942676582465
-0.011664530095944
-0.011325872272433
-0.014244245145866
-0.012238898943623
-0.011085542176022
-0.012158920751248
-0.0096715983760013
-0.011294742250873
-0.01119168521986
-0.0083001279905041
-0.0072967980866247
-0.011774980262648
-0.0081878706361734
-0.0082148332458227
-0.0080995785542214
-0.0073655904905357
-0.0080416079804141
-0.0084029285349695
-0.0081071761105905
-0.0081580102123309
-0.0085328124087746
-0.0088816512444098
-0.0082868164420873
-0.0081420631845385
-0.0082555834297079
-0.0070972669909187
-0.0084552996782003
-0.0090166128084774
-0.0067894616338799
-0.0063431964309511
-0.0088725443618314
-0.0072440514272982
-0.006438471886907
-0.0074615602605227
-0.0062731099755156
-0.0051087304991398
-0.0054378293165061
-0.0070178762233241
-0.0070357068037511
-0.0062465262552875
-0.0066537017439504
-0.0071707833407707
-0.0076200933738629
-0.0079461359054082
-0.0098745722742505
-0.0097375053495971
-0.013266510846817
-0.012348843723667
-0.012729781894105
-0.0080995159836547
-0.0075580998192176
-0.0079515157500548
-0.0092835243920816
-0.0087933035425796
-0.0080780028879366
-0.0087496717376566
-0.007583279232249
-0.010119354093323
-0.012035485376581
-0.015772250294643
-0.012959680424077
-0.012722580918451
-0.01511271679852
-0.016616824464972
-0.011723768605525
-0.013258179159885
-0.01266249849683
-0.010937765289628
-0.0099891686407003
-0.013722873954747
-0.014024409075926
-0.016166535897442
-0.014398489275715
-0.01498919763922
-0.0099402698552676
-0.010373359038692
-0.0086406340214584
-0.0091094522751545
-0.014689203864915
-0.012346122029741
-0.013569001157022
-0.0092520337961136
-0.0085044039945402
-0.0082481160027542
-0.0083796130791929
-0.0087145448241126
-0.0089798615986729
-0.0094444249945105
-0.0097664271551992
-0.011094962082282
-0.010416143737784
-0.012774476025926
-0.013767284206678
-0.0096355274319529
-0.0093353867864546
-0.0092563496945685
-0.012709418945191
-0.0094343225574705
-0.010452417840758
-0.0093127623417281
-0.009901286612474
-0.0095104136767372
-0.010815234737381
-0.01087114263111
-0.013585552274509
-0.012683970258719
-0.013626187552789
-0.0095568474295375
-0.011083183146707
-0.010353324694706
-0.011190475936906
-0.014073291984959
-0.012462835636453
-0.0087763645268237
-0.0085151907275844
-0.0084426589179888
-0.0091047396406432
-0.0089834740910423
-0.0090941078006099
-0.0099644510272631
-0.0096505795426457
-0.01026919242973
-0.010792980342768
-0.0083709102896063
-0.007965067783979
-0.0082859437449989
-0.0072780563336346
-0.0069523305761867
-0.0058119615060966
-0.0039209136078304
-0.0050611444122359
-0.0039717085376123
-0.0037004999153103
-0.0046812952572269
-0.0066615002449177
-0.0039458075044767
-0.0055500468053573
-0.0070971567706247
-0.0040255373946959
-0.0065621921817698
-0.0042119700634948
-0.0064502952265424
-0.006202701218293
-0.0069406193478816
-0.0090772448937642
-0.005181183240539
-0.0044453610160287
-0.0066646572068263
-0.0037377980783862
-0.0035847079643857
-0.0025910799118599
-0.0032951957081047
-0.0071795002343575
-0.0076786804898824
-0.0082070357892835
-0.0084314650498328
-0.0087113324294358
-0.0084133243159935
-0.009027248694044
-0.0078503024714663
-0.0077816766738074
-0.007669181817586
-0.0061491283516138
-0.0090094729654382
-0.010357144766637
-0.013424342908951
-0.0088365564583788
-0.006716636262178
-0.012051262190131
-0.012912455759292
-0.010067904796237
-0.0097829762237019
-0.00775402925961
-0.0084268185522386
-0.0086477641597865
-0.0077373722747368
-0.0087844195335198
-0.0074616694532598
-0.0067481481527844
-0.0070676101620569
-0.0066183325535172
-0.0070388345719551
-0.0050534711500406
-0.0056439502751577
-0.0058932164410427
-0.0059927773886541
-0.0065165207721307
-0.0064900723260486
-0.0090901095756048
-0.0064376649489882
-0.010508980398711
-0.0059657193170316
-0.0087453342150191
-0.0088747634529518
-0.012020319897874
-0.0046861000253487
-0.0063629323122051
-0.0049107444953507
-0.0043226672098779
-0.0042841483603177
-0.0074519966810341
-0.0075905520560817
-0.0068562578288166
-0.0079314958579625
-0.0076980637468242
-0.0043952203406168
-0.0077551456142745
-0.0056443164041522
-0.0094736727955428
-0.0072620121686158
-0.0075651627990389
-0.0077154042683037
-0.0078240456829011
-0.0082415844880562
-0.0083845280792259
-0.0099998146378453
-0.0082336840193546
-0.0076735694454931
-0.0088378517193982
-0.0089582522788677
-0.0038483624144495
-0.0050671630786093
-0.0068018059879428
-0.0063356492068145
-0.0045047343966712
-0.0046408457659309
-0.0095848915834782
-0.010808536012161
-0.010147464230713
-0.0097786117428054
-0.01361456994347
-0.010371599949397
-0.011064266577095
-0.010808039235827
-0.0099460664351551
-0.010514652069709
-0.012135497013286
-0.010150144409648
-0.010910209110343
-0.0098062323294039
-0.0093993215207763
-0.0091831354511661
-0.011746878753846
-0.010757912081643
-0.011843776448193
-0.010166851705313
-0.01239171609617
-0.012076977229383
-0.011119778979866
-0.0098282621692802
-0.0087753390583084
-0.0071026411809899
-0.0069976753910762
-0.0080652007385784
-0.0070980376885989
-0.0078226472180097
-0.0081389237545407
-0.0091364553999728
-0.0081854334542329
-0.0077789049201282
-0.0052558559371279
-0.0072524240196759
-0.0050793636234483
-0.0049689917195667
-0.0077692973164174
-0.0083597635862472
-0.0068649356822746
-0.0054991150831453
-0.0053911549252838
-0.0064491105545107
-0.0059337525166602
-0.0048858796694171
-0.0037465434224568
-0.0045668725747616
-0.0036132598771956
-0.0062502518046435
-0.0065087583022315
-0.0048193681970849
-0.0057787689863301
-0.0072143756784965
-0.0065996947890187
-0.0093500391553689
-0.0084143538052365
-0.012265636058996
-0.011681757745647
-0.0066400995089422
-0.0084819911590893
-0.0086400999576725
-0.0056657679372254
-0.0073931491246367
-0.0080787557357432
-0.0056419415439285
-0.010245719085714
-0.013159580347135
-0.011389377328283
-0.013289137933328
-0.016033360593864
-0.010692951774486
-0.01182556127201
-0.012843395627484
-0.010180507880305
-0.011381929974408
-0.012740187731341
-0.015383549354472
-0.01196973373985
-0.0088425580642894
-0.0086746631255916
-0.0088416980261557
-0.010770242661951
-0.012448909871003
-0.0082162625326074
-0.0083622894436382
-0.0079002184696082
-0.008411663687065
-0.0083214129506152
-0.0085839067405472
-0.010202199862638
-0.0089265458862656
-0.011930105480568
-0.013230791703472
-0.0087650037928287
-0.008967101943577
-0.0083893849099481
-0.01206287743677
-0.0089719532930442
-0.0096785807910156
-0.0087951458501979
-0.0086230929847892
-0.009066206968892
-0.0082765025753224
-0.0088740003223126
-0.010586878795296
-0.0094238575318444
-0.012540018452685
-0.0085591771316972
-0.0094204556727685
-0.01012918004574
-0.010073882375092
-0.0097065347399193
-0.01012634504809
-0.013630105915325
-0.010619909086528
-0.0080798174568247
-0.0078982323837903
-0.0084104288267697
-0.0085287027726795
-0.0083378377091677
-0.0087618240900513
-0.0096437803996211
-0.0097147249792347
-0.01019697652531
-0.0080065670549086
-0.0076758038314734
-0.0061501349232303
-0.0063221473802883
-0.0068511375467782
-0.0055214271273915
-0.0053546563562949
-0.0034185531251841
-0.002554547990851
-0.0038632890836428
-0.0023832340183515
-0.0030657976825043
-0.0042882251405227
-0.0049411941604518
-0.0068070115079551
-0.0029456244943796
-0.004177808473198
-0.0071844761853575
-0.006110911227889
-0.0035732710849422
-0.0019555506392135
-0.0035989759501061
-0.0024351037922409
-0.0033308256410519
-0.0070492452546395
-0.0046627825793325
-0.0051836697448334
-0.0053493430925372
-0.0083272635795385
-0.0083536352562866
-0.002846816488196
-0.004246070571075
-0.0026732414546551
-0.0025255762076031
-0.0027139353859122
-0.0025300599152515
-0.0014873706616689
-0.0016294252637252
-0.0024103269943308
-0.0071529186965452
-0.0069675863730719
-0.0077487205963045
-0.0077476744096478
-0.0078926493057162
-0.0075663171643038
-0.0079950170950385
-0.0063574084894113
-0.0087237767818083
-0.0063410052187365
-0.0091535041050393
-0.0055841487414853
-0.0077299590125218
-0.0092026696816852
-0.011463274512238
-0.0074956012010164
-0.0067001600324076
-0.012990882942645
-0.0083026146016374
-0.007250492474599
-0.0079470627290456
-0.0079251222616262
-0.0075103262678633
-0.0084582809878151
-0.00710590743024
-0.0061560270265104
-0.0065682023701842
-0.0055252346131373
-0.0066618894929929
-0.0046435032769616
-0.0044788046942609
-0.0053663744295924
-0.0045210714206523
-0.0056060376220869
-0.0057245203148598
-0.004768804522782
-0.0064714523233583
-0.0094286436134983
-0.0074996843261626
-0.0049668354850523
-0.0060812650119735
-0.0060645195283708
-0.0048112080367384
-0.0074602591781185
-0.0077919478115823
-0.0038872742728035
-0.005563884457684
-0.0044380288958718
-0.0035966487208745
-0.0030020006228912
-0.0036358384596977
-0.0040743643972481
-0.0071546492652837
-0.0067426899338299
-0.0075362695513045
-0.0031498528101586
-0.0028859038668686
-0.0055665548491609
-0.00382516099848
-0.0071271248603011
-0.0073511198701775
-0.0075962617917198
-0.0073960632250622
-0.0077523048443439
-0.0080845987394952
-0.0078674814037036
-0.0084184930204872
-0.0095109846470896
-0.0072976389980332
-0.0088497973487399
-0.0090526680537091
-0.0085771129670867
-0.0035463450524747
-0.0023843640582214
-0.0061483199775134
-0.0053690479112009
-0.0049172512972093
-0.0023985651108842
-0.0029183268938555
-0.0073473454284618
-0.0096946213097827
-0.013489752547013
-0.0087319727910926
-0.010522443728247
-0.0090666361300899
-0.0092568330213664
-0.0094688004757142
-0.011376049712807
-0.0098987571628157
-0.010488050008438
-0.0092026964235698
-0.0090761602376281
-0.0092273448682511
-0.010356124905402
-0.01091037974447
-0.010107445567055
-0.0094724951732707
-0.0092444461541387
-0.0091801637681164
-0.007839786721366
-0.0066575732244934
-0.0078340443440303
-0.008706224908843
-0.0076136594618154
-0.0054249428149723
-0.0043426214380377
-0.0071069566857965
-0.0045630626680681
-0.0045955405263969
-0.0040498548763552
-0.0066697926547222
-0.0049618050829685
-0.0049257386120647
-0.0052663616931325
-0.0054964451375367
-0.0057219081267642
-0.0042415365925758
-0.0021030203135025
-0.0027415588373843
-0.0037011825764661
-0.0019965904848042
-0.0023612906171928
-0.0056609522616158
-0.0055948154947192
-0.0046372234652981
-0.0049244253120914
-0.0057318332102666
-0.0073231928631698
-0.0080334729609546
-0.010045811436209
-0.0096179379898925
-0.0082363138851496
-0.0080345843620049
-0.0049100536005547
-0.0057426839166511
-0.0060970443111464
-0.0049550522707491
-0.0093844457983576
-0.0092862933489936
-0.011905899495555
-0.012855801622603
-0.0093740149286133
-0.011954165082796
-0.01223923681712
-0.013284586326993
-0.010955916113887
-0.011205692226118
-0.011725010281026
-0.010059804923581
-0.012472477221258
-0.013511937880582
-0.011303680168699
-0.0086416040471476
-0.0090010877060389
-0.010530876001047
-0.0079256250689856
-0.0080668675547236
-0.0076579596870802
-0.0078480349768614
-0.008061071164044
-0.0080037937217402
-0.008153551597217
-0.0091175415178412
-0.0082753284774145
-0.011389338160236
-0.012045735812098
-0.0078739152388828
-0.0081851818835954
-0.008047933226218
-0.0078127357269536
-0.0099166870460172
-0.0077831730880228
-0.0077197771140754
-0.0080062632863393
-0.0078684806245936
-0.0076169990177012
-0.0092204519652062
-0.006178001726898
-0.0078627590009888
-0.0090480903347731
-0.0096026372404342
-0.0074579986940845
-0.0098374969089073
-0.0084235252608473
-0.0073857754304981
-0.0079650282998884
-0.0090095897859183
-0.0088261513406659
-0.0095991523983278
-0.0096179445306964
-0.01252588101413
-0.010451615117639
-0.0074661093092916
-0.0071123038987382
-0.007731890947631
-0.0077475948744123
-0.0080204695330526
-0.008165096435912
-0.0092057884894332
-0.0065225426219094
-0.0053708798480807
-0.0059935057880403
-0.004974882101791
-0.0046916651677306
-0.0033009959542505
-0.0017908811286201
-0.0026580767712748
-0.0015431229966112
-0.0034959039941574
-0.0011028888299853
-0.00082888590956663
-0.0013143665211806
-0.0045354739135393
-0.0029473759479614
-0.005723081267356
-0.0017781609874211
-0.0014427858879722
-0.0039148050200268
-0.0058393624312479
-0.0052902486598782
-0.0051329130078052
-0.0020457901102347
-0.0014505833623071
-0.0010771553459527
-0.0024944330379388
-0.0031231577656562
-0.0012406558079939
-0.0012058913033667
-0.0015869879027689
-0.0051887984417272
-0.0042878776785794
-0.0050415545766768
-0.0072356493753632
-0.0073092409669726
-0.0018901170278577
-0.002942481873832
-0.0031443062157905
-0.0015539336693229
-0.0016064228096172
-0.0015471722056151
-0.001415243273361
-0.0013803565610266
-0.0070947338072534
-0.006565082620483
-0.0074869961084293
-0.006738031489875
-0.0071509976794734
-0.0061107626351535
-0.0094228142329631
-0.0077120778594105
-0.0060992290061293
-0.0078601668875515
-0.0054825187778953
-0.0077717338954979
-0.011944801371511
-0.0073798494239967
-0.0059902266925074
-0.012024979320232
-0.0065473774248727
-0.0075646027606865
-0.0079308556130583
-0.0065269469528337
-0.0054306433004532
-0.0064845299367573
-0.0059567947462704
-0.0041230819487082
-0.0038224150923487
-0.0043347461090091
-0.0040158934018185
-0.0037196590388849
-0.0059537553820992
-0.0043791964590212
-0.0061045977678102
-0.0047285419104
-0.0040558092150363
-0.0078016089286781
-0.0065512099899265
-0.00411295877133
-0.0045930141592662
-0.0059385399302738
-0.0049211887829576
-0.0042147017308792
-0.0069352131482288
-0.007708863651361
-0.0073022402047955
-0.0021764933054938
-0.0038424607289797
-0.0021533076740562
-0.0014617444629466
-0.0023336384036952
-0.0022467238659117
-0.0026830706608171
-0.0032328346979763
-0.0070825638281563
-0.0066480732779337
-0.0016164176943806
-0.0019439430340025
-0.0018373533175243
-0.0038755310733976
-0.0022459946109128
-0.0071084835609657
-0.0071233981096245
-0.0073955244698986
-0.0072595477054867
-0.0077177552859959
-0.0082210890808144
-0.0080227778887886
-0.0077401497676582
-0.006854814348008
-0.0081363215073706
-0.0088527175036738
-0.0021714966274383
-0.0025727400203865
-0.0011277126977418
-0.0039720775374398
-0.0036633644678272
-0.0024527798221089
-0.0013055736606636
-0.000690855513875
-0.0017059628301991
-0.0066759220803751
-0.0080805484442572
-0.008013350698885
-0.0089381762741847
-0.0086940194018821
-0.0078429457832114
-0.008042766493411
-0.0084875542566208
-0.0095969923308612
-0.0093718444907574
-0.0086105315298518
-0.0088121417028628
-0.0086508175834219
-0.0089318520976699
-0.0082294031738481
-0.0086771931303497
-0.0082394883414684
-0.0075475481794608
-0.0057278428358849
-0.0036527632414462
-0.0028337168078754
-0.0029155462131819
-0.0044426619797362
-0.004093726773041
-0.0032300545101001
-0.0035365563556643
-0.0042679125290291
-0.0029627787812025
-0.0033156823820565
-0.0039358807454618
-0.0071681015248366
-0.0045288601359734
-0.0031663191950845
-0.0038454976460903
-0.0049718734352672
-0.0031744400697273
-0.00082959673819506
-0.0015087281769279
-0.0021570520707131
-0.00086076540571201
-0.0016657065777086
-0.0046907325919577
-0.0049803621670626
-0.0052410562473505
-0.0035429644296899
-0.0054131381378748
-0.0054375823614519
-0.0060054858367791
-0.0091885865806531
-0.0061635944790978
-0.0038681707967627
-0.0040524009437232
-0.0081267731078288
-0.011025500877272
-0.011848135578578
-0.0096321708596063
-0.0075233478568585
-0.008898429164264
-0.01279325902587
-0.0096049499341594
-0.010774034112774
-0.0088540099578242
-0.011674489198913
-0.011584264062081
-0.009623696708156
-0.0080986860109405
-0.0086472957463538
-0.0089249257321724
-0.0078241215316837
-0.0077511341694438
-0.007434524297482
-0.0071766086137314
-0.0071435603643542
-0.0080905078185873
-0.0071434814669947
-0.0093279187846074
-0.0095068133598256
-0.0061189971917956
-0.0058437151991397
-0.0074685430801417
-0.0072010955231686
-0.0087792900968481
-0.0051571695426622
-0.0055020417049116
-0.00732582413682
-0.0075243319849546
-0.0062820812573342
-0.0050514385938826
-0.0078430783225245
-0.0080981349846622
-0.0057223108489545
-0.0072248490837229
-0.0082760200996428
-0.0073480070793271
-0.0070782082635745
-0.006381803491107
-0.0074307546339943
-0.0091466209215375
-0.0079937623435733
-0.0080995162355505
-0.0090774826726892
-0.0069204170296994
-0.0063675879492387
-0.0071530719706215
-0.0074535975849798
-0.0069428825635298
-0.0071412189422867
-0.0083498510634871
-0.0061622277846986
-0.0045693067670314
-0.0055039424345628
-0.0039508818075632
-0.0040408876192467
-0.0017124527185813
-0.000605841386849
-0.0014506014250815
-0.00099567197305876
-0.00050139185224736
-0.0020565885904583
-0.0035187755438225
-0.0035684964467476
-0.0024089126694928
-0.0028846778639594
-0.0054243329390396
-0.0026110495334864
-0.00066654071009445
-0.0042826588650211
-0.0051329920447333
-0.0059332654123945
-0.0045713231806821
-0.0026562059710463
-0.0010939116094263
-0.00077133938636487
-0.0010884105040899
-0.0028395233716742
-0.0018824743004932
-0.0013171104039233
-0.0044986542623947
-0.0050466754266173
-0.0026319750893321
-0.0039378136280798
-0.0054179136633179
-0.0044423562701266
-0.0028204710599683
-0.0017819382532784
-0.001293947493977
-0.0065345239985151
-0.0066651239527276
-0.0060305452586194
-0.0063667630060647
-0.0060359905655407
-0.0082457944489851
-0.0067820781638941
-0.0050565494856447
-0.0040679757522085
-0.0056494585816705
-0.0094633174081756
-0.0053051441893966
-0.0094268877203153
-0.0060202839668318
-0.0071941487712904
-0.0075960201683307
-0.0058296033900237
-0.0061698285873407
-0.0046201104364473
-0.0053101187741748
-0.0058353251044538
-0.0030896768494404
-0.0030314519798378
-0.0026297774492429
-0.0022238521077913
-0.0021648358301576
-0.005115162383516
-0.0034331588960188
-0.0053711340768775
-0.0046631922592194
-0.0049299618631024
-0.0063091456901439
-0.0024368826031742
-0.0028970512019053
-0.0054269046052832
-0.005365555764124
-0.0039263756579248
-0.0045674879084426
-0.0024697711729965
-0.0068807059055263
-0.0066327838231185
-0.006590336989514
-0.0015156507731663
-0.0031996549880679
-0.0013354445618662
-0.0015781130667414
-0.0007682606956433
-0.00074890856175941
-0.0018395966381861
-0.0013457389775277
-0.0016379404978034
-0.0013022482042291
-0.0064648979786307
-0.0058128361625898
-0.0022185942358707
-0.0014815742159049
-0.00081357664780488
-0.0065828628322457
-0.0069469207021708
-0.0067069341710744
-0.0073639880550782
-0.0076488908065251
-0.0080732885558271
-0.0073107834294818
-0.0067036013544306
-0.0078811869881618
-0.0013105310639089
-0.00077129251966177
-0.0023269090840802
-0.0039705796299553
-0.0017761866769695
-0.0010938632367932
-0.00066735898830175
-0.0063885664170793
-0.007497523008317
-0.0068016394789444
-0.0067578143861426
-0.0084248169943608
-0.0076138744999135
-0.0065261813638278
-0.0077391524899093
-0.0089132614044508
-0.0081750057383359
-0.0084251116886072
-0.0077800866202751
-0.0081430178315524
-0.0072385765364841
-0.0076639240135816
-0.0069155188365473
-0.0066248638826937
-0.0020886693643352
-0.0030356793692287
-0.0015281619319388
-0.0030891732881062
-0.0024146680203359
-0.0014863563219078
-0.0025004206701345
-0.0032372802709494
-0.0025279159100465
-0.0020531932621838
-0.0028121855024363
-0.0026890543501141
-0.0042296768685153
-0.0030697548011543
-0.0021209403392608
-0.0032694814818153
-0.0041761998110019
-0.0020762545871519
-0.0031057633076665
-0.0012217061011088
-0.00059527780515764
-0.0013892076607644
-0.0008223985111881
-0.004406861439786
-0.004579324477889
-0.0029038791492328
-0.0047919453526422
-0.0051880004850715
-0.0036506244591498
-0.0042433834224027
-0.0062266129545483
-0.0079487970061915
-0.0024511573108284
-0.0023680228781081
-0.0094975796198697
-0.0097616127157842
-0.0085011326076666
-0.0067796846081995
-0.0079695011098967
-0.0084619622043309
-0.0074437075893116
-0.0069295050356823
-0.0094741954870994
-0.009401605356538
-0.0082207204536907
-0.007028267980269
-0.0079120640618394
-0.0070017733417846
-0.0058471550254868
-0.0057642894125988
-0.0066904963458594
-0.005515454884241
-0.0081073600152673
-0.0086425499583785
-0.0054791067546242
-0.0063728551336494
-0.0046608448616731
-0.0061287151551492
-0.0070123394650479
-0.0046621655095421
-0.003862323650702
-0.0051344365183092
-0.0059660454962175
-0.0062412113638972
-0.0053927810563069
-0.005341562219364
-0.0047859131534193
-0.0032802062654917
-0.0059518524242687
-0.0062565878249913
-0.0038800934051978
-0.0046005397254259
-0.0065671975701552
-0.0070357847410987
-0.0060600650874849
-0.0055130377225274
-0.0063771090539252
-0.0069982906138241
-0.0075647350724531
-0.0058227727372522
-0.0052333435080796
-0.0069875046019769
-0.0058782975251746
-0.0061897394075401
-0.0076295195863063
-0.0049735457729594
-0.0045879653350477
-0.0031083507312149
-0.0041523495557252
-0.003285315148823
-0.0021864969446664
-0.00056993974289886
-0.0013416573682944
-0.0012937186937863
-0.0012498312727202
-0.0022039312074428
-0.0021124208393062
-0.0025646870011984
-0.0025267918976761
-0.0027942643623543
-0.0025830866555259
-0.003302861930764
-0.0052327917924912
-0.0041430519645489
-0.0020033054311213
-0.0017905883688145
-0.00095934289315421
-0.0015636258217533
-0.0021126855132407
-0.00073157505483733
-0.0013053591656196
-0.0042255602340843
-0.0014075557278591
-0.0025292669356021
-0.0057406665747698
-0.0036614124560259
-0.003020209453997
-0.0015395579142764
-0.0063676410952844
-0.0056227566251987
-0.0047849219117442
-0.0066114227511159
-0.0052534540959444
-0.0038352358712523
-0.0041940723185945
-0.0039989314877383
-0.0082995478133618
-0.0064081633439418
-0.0057605059464353
-0.0057197256764985
-0.0043127264397771
-0.0056381101563402
-0.0052698102944904
-0.0035982442159855
-0.0019986805692882
-0.0019441203152945
-0.0014272545208477
-0.0015197637414712
-0.0017272686509291
-0.0024033081802708
-0.0048954296313014
-0.0040187443449096
-0.0043889423800052
-0.0032685820363143
-0.0038676942479571
-0.0019630241669309
-0.0043490814069807
-0.0054997063991275
-0.0025602324398899
-0.0043688703187591
-0.0029549869219576
-0.0016202243993869
-0.0062280204711242
-0.0053181101153452
-0.00056503446795499
-0.0021281536395161
-0.0035814371288435
-0.00078534468110542
-0.00078500277153501
-0.00060084823998077
-0.00059619293167827
-0.0062060018031035
-0.001364932450822
-0.0065502115078997
-0.0070200123892651
-0.007226039812425
-0.008037742826805
-0.0065158731191434
-0.0059010366224504
-0.0078524078238716
-0.0014328724124626
-0.0011759586218818
-0.0024360525520755
-0.0036835347584001
-0.0055132527692298
-0.0052538933770009
-0.0068215850070676
-0.005528511830648
-0.007171052466034
-0.0080710388012347
-0.0062102131958133
-0.004968807836531
-0.0080655804740244
-0.0074292090909279
-0.0071017122813574
-0.0053740929105665
-0.0044423245299881
-0.004264970166943
-0.0071830368381779
-0.0057161997576052
-0.0063975724518963
-0.00079126044878178
-0.0013603019820566
-0.0014396544554449
-0.00081603069775999
-0.001550142400507
-0.0015763328968155
-0.00090102013331682
-0.0012646942795105
-0.0022470242867153
-0.0012354318112466
-0.0011493500392491
-0.0026483485107737
-0.0017888565289949
-0.00066726048686569
-0.0022310600178704
-0.0028018518243646
-0.0012109132035742
-0.0017753809811087
-0.00053241460645201
-0.00092133426858258
-0.0035441404936719
-0.0026852727481979
-0.001898272205994
-0.0038088350903656
-0.0038073837891818
-0.0024761138770182
-0.0025460105656381
-0.0050568436532304
-0.001758295635089
-0.0090644674875748
-0.0071280639477702
-0.0039050884773631
-0.0060812945975021
-0.0075429999426961
-0.0064628178976011
-0.0060518703785102
-0.0064788356601289
-0.0082711693551549
-0.0079977220340684
-0.0073776051274758
-0.0064976397772713
-0.0045365396031699
-0.0065251701646387
-0.0066713509378376
-0.0047385155612926
-0.006594165783946
-0.0046404821523319
-0.0073027301543704
-0.007401494416314
-0.0042926081385862
-0.0030299042059782
-0.0044574783445246
-0.0030968784842772
-0.0020262450329673
-0.0021767720282071
-0.0033353251970124
-0.005255214470404
-0.0051931381842475
-0.0058295382488476
-0.0034866659425204
-0.0031583368668157
-0.0026167273325251
-0.0020474092758769
-0.0023404967320655
-0.0039811396986997
-0.0042583755487434
-0.0022901044955218
-0.0030462489947231
-0.0029382321765079
-0.0057540378222851
-0.0057544857275989
-0.0061622045587317
-0.0034844000950233
-0.0055247122748092
-0.0064781873699229
-0.0046822012000595
-0.0052064240050902
-0.0043479416797718
-0.0056656551495216
-0.0060146613028812
-0.0049899653585307
-0.0039871408635449
-0.0049577632966617
-0.0037129263909903
-0.0035553248972067
-0.0017576903353949
-0.00061742342159086
-0.00052316051430485
-0.00080038043190052
-0.00191747708718
-0.0014536604220895
-0.001007579808271
-0.0034678607323559
-0.0013495867577092
-0.0013445422665858
-0.0015967267434944
-0.0023410609375191
-0.0043750116894224
-0.0034655141486639
-0.0027981530053085
-0.00056647394227923
-0.00085598476219476
-0.00063021453815984
-0.00070952806354614
-0.00259527206177
-0.00099077000194521
-0.0041004068316802
-0.0023938888146442
-0.0015948116793636
-0.0055310676119553
-0.006723917289468
-0.0035626233087897
-0.0024025233997895
-0.0038148230137806
-0.0022877131227744
-0.0049612353846576
-0.0052449010165501
-0.0028652121292071
-0.0019079147501779
-0.001295282256072
-0.00067816191975621
-0.00097902871293317
-0.00092698211700228
-0.00062823849927195
-0.0015435509281001
-0.0038007731632807
-0.0032706610909894
-0.0037475545492708
-0.0029324667263197
-0.0027756133969879
-0.0032600967647983
-0.0047462681475215
-0.0047425508055604
-0.0024221048067539
-0.0015922453867486
-0.0036192687123465
-0.0024578890983416
-0.00092520333445826
-0.0047024141893562
-0.0012572346410174
-0.0030236868713678
-0.0062813710266793
-0.0069267383098698
-0.0073745323055591
-0.0057060925683579
-0.0052977682887382
-0.007138652985419
-0.0044790137742205
-0.0041817340659267
-0.005549019699911
-0.005286594101184
-0.0042635215797921
-0.0067482572881768
-0.0038475920715319
-0.0054823966127288
-0.0032667698451337
-0.0032423065951827
-0.0054033929775911
-0.0034236925517157
-0.0029937912096383
-0.0027972945843722
-0.0040779587536708
-0.0048918181245184
-0.0051262880385312
-0.0010180910436062
-0.0013823457292061
-0.00090466382743225
-0.0011509372222431
-0.00045369185428463
-0.0012083919938888
-0.0017150476698986
-0.0035165764223356
-0.0035860961618682
-0.00092254498519613
-0.0032586931892517
-0.0015139598499776
-0.0068052444146874
-0.0041726306860256
-0.0026351436161292
-0.0034402429738405
-0.004311351723887
-0.0050408585235435
-0.00483758005298
-0.0040996092071124
-0.0057146826938838
-0.006274358638293
-0.0063107812891286
-0.0061538824507808
-0.0028188431264602
-0.0038512686327643
-0.004044438450354
-0.0043115257452866
-0.0027547493147097
-0.0029906527222018
-0.0022150067062689
-0.002160316960585
-0.00088231476640534
-0.00141716195306
-0.0018151913301795
-0.0018886844350464
-0.0034892953047648
-0.0037199531322172
-0.0032617021782451
-0.0036118337100101
-0.0020304303009273
-0.0019355917588173
-0.001696584554296
-0.00079968213645738
-0.00077957167803446
-0.0023749886663379
-0.0023045515616597
-0.0014789904036914
-0.00092782668215918
-0.0014047325094089
-0.0014088516156746
-0.0041909784901215
-0.0046016146634228
-0.0055251188647842
-0.0027470457421053
-0.0032082146153749
-0.0043255455152422
-0.0027158686954999
-0.004286179168885
-0.0037412913151134
-0.004488775524602
-0.0047579326997347
-0.0045460018070371
-0.0036258011039145
-0.0041732065328941
-0.0032631397978486
-0.00040961225477538
-0.00059177469477788
-0.0011320894963043
-0.0023445596723255
-0.00072153668902839
-0.001131593126492
-0.0021256698320049
-0.002148824202335
-0.00087349275049322
-0.0028495674977707
-0.002620849101664
-0.0013779220775279
-0.00072175331972762
-0.002377309093636
-0.0047122628457833
-0.0041444645829088
-0.0015858910070657
-0.0023811657594876
-0.0014798180927995
-0.004357377294802
-0.0043382314385169
-0.0010327198372734
-0.00069049898025074
-0.0021873241873731
-0.00091816525002028
-0.003796957366158
-0.002970388809074
-0.0029423685690347
-0.0015130283301728
-0.0014094816593452
-0.0032535908694495
-0.0020887976155591
-0.0041408713161867
-0.0031060991695243
-0.0020287961548027
-0.0016704934523065
-0.00070022919668845
-0.0034202818024682
-0.0018425074711057
-0.0056191905448909
-0.0058912490460947
-0.0054393805920087
-0.0043757378177331
-0.0048144391367519
-0.0057437768797538
-0.0029351582701393
-0.0035423228973792
-0.0036733697555559
-0.0034224436254543
-0.0030512311743689
-0.0024619532938551
-0.0036409551939832
-0.0016021878091571
-0.0028329075240565
-0.0017351575732101
-0.0024724850207036
-0.0015629809485891
-0.0014138693679715
-0.0026983668248863
-0.00058224978159585
-0.00063018458511206
-0.0011095127998053
-0.0030425611976428
-0.0030844157321132
-0.0028520618207508
-0.0012694181090547
-0.0016876747420613
-0.0028009817302285
-0.002420045443825
-0.0032451721695172
-0.0027210393157118
-0.0024480130353643
-0.0033770352593557
-0.0043066700877078
-0.0037419936192848
-0.0017250345821508
-0.001592442757293
-0.0024238351046971
-0.0027890036709702
-0.0027581257867961
-0.0018620807842242
-0.0015150363902781
-0.0013139639748443
-0.0011462882991652
-0.00070500072665614
-0.0016636063513104
-0.0030544893261736
-0.0018717229424836
-0.0017357530597799
-0.00093771166478752
-0.0011910235007595
-0.001010259931269
-0.0015241792197522
-0.0039975967196908
-0.0045479751529081
-0.0037901076962076
-0.0025558333622855
-0.0014277198347149
-0.0017550949625347
-0.003225018194731
-0.0013895748490589
-0.0022664530777335
-0.0041842303335324
-0.0049320423760435
-0.0036187077525891
-0.00055712929171842
-0.0012434624562772
-0.0015317746361034
-0.0020071187603521
-0.0023398784445208
-0.0013119666227475
-0.00099234142343047
-0.0023982725435733
-0.00066943997234581
-0.0039763987215236
-0.0011842497002721
-0.0031934630724176
-0.0018348859839273
-0.0019683066392184
-0.0021041091670607
-0.0011386143964413
-0.0011725302150508
-0.001361016474527
-0.00089817774548474
-0.0052251530086287
-0.0045034987768889
-0.0039896501913674
-0.0037425361022516
-0.0014063092635697
-0.0019935346479655
-0.002175495828429
-0.0015873630717267
-0.0011195992350373
-0.0015808068291588
-0.0023214423082067
-0.00073023094747412
-0.001257589141349
-0.00059501598316748
-0.00086440145522653
-0.00046774884640662
-0.0019128289600654
-0.0013978624215393
-0.0011628195281314
-0.001434154827012
-0.0014737763320285
-0.0012360119514575
-0.0021218095271029
-0.0020980222578773
-0.0018351392686948
-0.0010239257840664
-0.002538409872133
-0.0026678169539156
-0.0027854802343733
-0.0015695725904702
-0.0018322005441864
-0.0016682495883748
-0.00099704612277459
-0.0010388193911458
-0.0025147061859064
-0.0042208848277186
-0.0038018082392959
-0.0033481254065703
-0.001352391510914
-0.0010308948926813
-0.00069209356912926
-0.0017239404266741
-0.0014927210909936
-0.00089001162321088
-0.0010140143996488
-0.0022118880501246
-0.0015240554393427
-0.00055542532961338
-0.0019252439368613
-0.0010084535401711
-0.0011849861578578
-0.0014185043453358
-0.00042128560257322
-0.00055404666068272
-0.0032086959874334
-0.0031199377838414
-0.00041565025922013
-0.0009143208904969
-0.0015076456096453
-0.0010135083764915
-0.0011134005461531
-0.00084677953584523
-0.00087005985506022
-0.0010923345179653
-0.001633606781127
-0.001361197972825
-0.00068840632105854
-0.0015331624857811
-0.0021515675821743
-0.00079233074104381
-0.00086309303994496
-0.0020351191931029
)
;

boundaryField
{
    auto0
    {
        type            uniformFixedValue;
        uniformValue    table;
        uniformValueCoeffs
        {
            values          
4
(
(0 1.3332)
(0.003 1.3332)
(0.0031 0)
(0.01 0)
)
;
        }
        value           uniform 0.00022151584549756;
    }
    interface
    {
        type            zeroGradient;
    }
    auto2
    {
        type            fixedValue;
        value           uniform 0;
    }
}


// ************************************************************************* //
