/*--------------------------------*- C++ -*----------------------------------*\
| =========                 |                                                 |
| \\      /  F ield         | OpenFOAM: The Open Source CFD Toolbox           |
|  \\    /   O peration     | Version:  2412                                  |
|   \\  /    A nd           | Website:  www.openfoam.com                      |
|    \\/     M anipulation  |                                                 |
\*---------------------------------------------------------------------------*/
FoamFile
{
    version     2.0;
    format      ascii;
    arch        "LSB;label=32;scalar=64";
    class       pointVectorField;
    location    "0.002";
    object      pointDisplacement;
}
// * * * * * * * * * * * * * * * * * * * * * * * * * * * * * * * * * * * * * //

dimensions      [0 1 0 0 0 0 0];

internalField   nonuniform List<vector> 
6598
(
(5.0263427781826e-06 -8.8545538864307e-08 7.9419276598644e-06)
(0 0 0)
(4.9680448029523e-06 8.6317707659845e-07 7.889274741838e-06)
(4.3441964031811e-06 1.8135611747155e-06 7.8573761861174e-06)
(3.560268186009e-06 2.5293634211049e-06 7.8306349083486e-06)
(2.9120997144496e-06 3.2106960131655e-06 7.8106836839297e-06)
(2.2628596127992e-06 3.7983843915775e-06 7.799185520133e-06)
(1.4387288376101e-06 4.0840933552186e-06 7.7641950686709e-06)
(5.1729416314183e-07 4.0650286676303e-06 7.7213739297439e-06)
(-2.4536376141871e-07 4.1381155535113e-06 7.6955806113706e-06)
(-1.121610338431e-06 4.4129951108613e-06 7.7220886847912e-06)
(-1.8902615637321e-06 3.8619518543277e-06 7.7698366506988e-06)
(-2.4660692291779e-06 3.3086259862185e-06 7.7974140964242e-06)
(-3.177678052172e-06 2.7762780924256e-06 7.7825077475492e-06)
(-3.8279804852182e-06 2.1036557652248e-06 7.7642411606844e-06)
(-4.2664088089474e-06 1.2650503622131e-06 7.7400077614404e-06)
(-4.2712136957217e-06 3.8362188805179e-07 7.7492246071369e-06)
(-4.354483333953e-06 -4.6239083943665e-07 7.7427949249584e-06)
(-4.3543648867013e-06 -1.4026255396668e-06 7.7199164250191e-06)
(-3.7281700812201e-06 -2.0260281842298e-06 7.7282330987537e-06)
(-3.2174019152915e-06 -2.7613217009301e-06 7.76024226276e-06)
(-2.5614709352494e-06 -3.4360695259384e-06 7.8331456415379e-06)
(-1.962284039108e-06 -3.9901200719188e-06 7.8823732096558e-06)
(-1.2616298161368e-06 -4.4147177553088e-06 7.8802496836863e-06)
(-2.3524855785775e-07 -4.1851643961743e-06 7.8489378269548e-06)
(6.7860076507962e-07 -4.2993745309377e-06 7.8291442836372e-06)
(1.6226289685012e-06 -4.3789118862788e-06 7.8026792413664e-06)
(2.4460125832811e-06 -4.0110730724766e-06 7.7770901274681e-06)
(3.2015752233262e-06 -3.3669642493601e-06 7.7758154222753e-06)
(3.4842489659755e-06 -2.5123192155745e-06 7.8377412753132e-06)
(4.3701883906851e-06 -1.8976790739056e-06 7.8993026783442e-06)
(5.2773318108648e-06 -1.1241881063943e-06 7.924376324226e-06)
(0 0 0)
(0 0 0)
(0 0 0)
(0 0 0)
(0 0 0)
(0 0 0)
(0 0 0)
(0 0 0)
(0 0 0)
(0 0 0)
(0 0 0)
(0 0 0)
(0 0 0)
(0 0 0)
(0 0 0)
(0 0 0)
(0 0 0)
(0 0 0)
(0 0 0)
(0 0 0)
(0 0 0)
(0 0 0)
(0 0 0)
(0 0 0)
(0 0 0)
(0 0 0)
(0 0 0)
(0 0 0)
(0 0 0)
(0 0 0)
(3.7683324845816e-05 5.8857321678711e-09 1.7283601991039e-05)
(7.758461578399e-05 1.2011594294011e-07 1.632832172792e-05)
(0.00010580976992616 1.4786340063632e-07 6.2578554354839e-06)
(0.00011626387093972 3.0106075468445e-07 -6.1590287665029e-06)
(0.00010835385451831 4.3625871209233e-07 -1.7546923734121e-05)
(8.8920972396191e-05 4.8827228150149e-07 -2.5526082451651e-05)
(6.2932332959683e-05 5.0306338880207e-07 -2.892971184977e-05)
(3.895360860022e-05 4.6500928276841e-07 -2.8094733495764e-05)
(2.2225750767915e-05 4.2467087299003e-07 -2.4678595283887e-05)
(1.3585987842776e-05 3.5069275774439e-07 -2.0926576691187e-05)
(1.0412124836505e-05 2.3598679780953e-07 -1.828994192741e-05)
(9.4298867808745e-06 1.3404631711192e-07 -1.6955307970521e-05)
(8.072502316423e-06 6.9335481414227e-08 -1.6249914821859e-05)
(6.4956662755262e-06 4.3580495429426e-08 -1.5362207062359e-05)
(4.7689461616771e-06 2.8714558661153e-08 -1.4471429649511e-05)
(2.9045925192649e-06 1.1240407873715e-08 -1.3371367995393e-05)
(1.7044861956036e-06 5.1122049765161e-09 -1.1922442565688e-05)
(1.3914731032473e-06 7.1293454475373e-09 -1.0586751653809e-05)
(1.2281762082593e-06 6.6306793563964e-09 -9.5133103977336e-06)
(8.8033210302061e-07 3.7263206643397e-09 -8.4538758891651e-06)
(6.0310959042925e-07 4.071693378786e-09 -7.3115722269201e-06)
(4.5251901391598e-07 4.8519300298666e-09 -6.1720849682205e-06)
(3.68525763406e-07 4.8010276193581e-09 -5.1038256771827e-06)
(3.052656607985e-07 4.2187728385398e-09 -4.1237128451004e-06)
(2.4127954247241e-07 3.8609351544441e-09 -3.254682935284e-06)
(1.9053224513817e-07 3.8110075455866e-09 -2.511280005718e-06)
(1.4643076930034e-07 3.2673011631213e-09 -1.8985443789404e-06)
(1.1271969729187e-07 2.7675192143574e-09 -1.4124905120429e-06)
(8.8816405061719e-08 2.2659108745634e-09 -1.0372421381725e-06)
(6.5660498777181e-08 1.8484854144392e-09 -7.5349898600383e-07)
(5.0984209021188e-08 1.6236611164385e-09 -5.429664589343e-07)
(3.9308049187614e-08 1.6684827953324e-09 -3.8931042422868e-07)
(3.1614340549632e-08 1.6388451425609e-09 -2.7909608144748e-07)
(2.2627807336613e-08 1.4804082639985e-09 -1.9954780550288e-07)
(1.56562702051e-08 1.2180335112181e-09 -1.4227602667862e-07)
(1.2906602385824e-08 1.0468656849675e-09 -1.0121456820815e-07)
(9.9535703128905e-09 9.3277879496769e-10 -7.2419857374176e-08)
(6.7165730387407e-09 6.0789688700815e-10 -5.183087866904e-08)
(5.1747374375457e-09 5.6133918686513e-10 -3.6631431300529e-08)
(3.5758747388132e-09 4.9928717609394e-10 -2.5712639548896e-08)
(4.2620190543935e-09 3.074632316373e-10 -1.8129606005007e-08)
(3.7328431816923e-09 2.5850988682466e-10 -1.2482383908851e-08)
(4.1358942121856e-09 2.0202166198283e-10 -8.3690066639654e-09)
(5.2110818755167e-09 -2.0499030945771e-11 -5.6272663886521e-09)
(5.277694506073e-09 -1.2448773776032e-10 -3.9182211630321e-09)
(5.1030876536511e-09 -2.9655484200945e-10 -2.8976487673146e-09)
(3.1842238640683e-09 -3.4410423499463e-10 -2.067174303054e-09)
(1.8615095074058e-09 -1.0737692648424e-10 -1.4088014660371e-09)
(1.2620449875911e-09 -1.0751735024864e-11 -8.0932618751307e-10)
(0 0 0)
(0 0 0)
(0 0 0)
(0 0 0)
(0 0 0)
(0 0 0)
(0 0 0)
(0 0 0)
(0 0 0)
(0 0 0)
(0 0 0)
(0 0 0)
(0 0 0)
(0 0 0)
(0 0 0)
(0 0 0)
(0 0 0)
(0 0 0)
(0 0 0)
(0 0 0)
(0 0 0)
(0 0 0)
(0 0 0)
(0 0 0)
(0 0 0)
(0 0 0)
(0 0 0)
(0 0 0)
(0 0 0)
(0 0 0)
(0 0 0)
(0 0 0)
(0 0 0)
(0 0 0)
(0 0 0)
(0 0 0)
(0 0 0)
(0 0 0)
(0 0 0)
(0 0 0)
(0 0 0)
(0 0 0)
(0 0 0)
(0 0 0)
(0 0 0)
(0 0 0)
(0 0 0)
(0 0 0)
(0 0 0)
(0 0 0)
(0 0 0)
(0 0 0)
(0 0 0)
(0 0 0)
(0 0 0)
(0 0 0)
(0 0 0)
(0 0 0)
(0 0 0)
(0 0 0)
(0 0 0)
(0 0 0)
(0 0 0)
(0 0 0)
(0 0 0)
(0 0 0)
(0 0 0)
(0 0 0)
(0 0 0)
(0 0 0)
(0 0 0)
(0 0 0)
(0 0 0)
(0 0 0)
(0 0 0)
(0 0 0)
(0 0 0)
(0 0 0)
(0 0 0)
(0 0 0)
(0 0 0)
(0 0 0)
(0 0 0)
(0 0 0)
(0 0 0)
(0 0 0)
(0 0 0)
(0 0 0)
(0 0 0)
(0 0 0)
(0 0 0)
(0 0 0)
(0 0 0)
(0 0 0)
(0 0 0)
(0 0 0)
(0 0 0)
(0 0 0)
(0 0 0)
(0 0 0)
(0 0 0)
(0 0 0)
(0 0 0)
(0 0 0)
(0 0 0)
(0 0 0)
(0 0 0)
(0 0 0)
(0 0 0)
(0 0 0)
(0 0 0)
(0 0 0)
(0 0 0)
(0 0 0)
(0 0 0)
(0 0 0)
(0 0 0)
(0 0 0)
(0 0 0)
(0 0 0)
(0 0 0)
(0 0 0)
(0 0 0)
(0 0 0)
(0 0 0)
(0 0 0)
(0 0 0)
(6.5965460320742e-10 3.6400029721139e-10 -7.8567003553775e-10)
(7.9272216430588e-10 6.5488038882343e-10 -8.6799767816161e-10)
(4.8631173142035e-10 6.3992963258954e-10 -9.1790609910605e-10)
(2.0459704265057e-10 6.0820071043635e-10 -9.4337052983572e-10)
(2.6526305770916e-11 6.1660870672835e-10 -9.7102752443196e-10)
(-8.0765553556367e-11 5.1037434698967e-10 -1.0363074724598e-09)
(-9.5725893250272e-11 6.4604078906041e-10 -1.0978734767233e-09)
(-1.7435675401605e-10 7.6298378931804e-10 -1.1468707448034e-09)
(-2.8536436023528e-10 8.274638908289e-10 -1.1763906595927e-09)
(-4.0474333434749e-10 7.6277448151922e-10 -1.1692276934257e-09)
(-5.385795334311e-10 6.6715211820764e-10 -1.0775394478515e-09)
(-5.7634614410232e-10 5.1808793702413e-10 -1.0002227406412e-09)
(-4.3223154451841e-10 3.0078432093574e-10 -8.3254871132235e-10)
(-1.7656789059232e-10 1.0715164225778e-10 -6.3042479958451e-10)
(1.3388801453356e-10 2.4980052547506e-11 -5.2626166498348e-10)
(5.8406770758241e-10 -3.1686678848268e-12 -3.8971130352052e-10)
(5.5753075891778e-10 -1.4010513358355e-10 -3.8616359579918e-10)
(2.759225039654e-10 -2.3624384906077e-10 -4.7088263279262e-10)
(1.3559322712514e-10 -1.1587882762855e-10 -5.7593119213928e-10)
(6.7830339595378e-11 6.7786239456214e-12 -6.4324008854348e-10)
(-8.3111531765027e-11 -1.1962199603983e-11 -6.2971255992326e-10)
(-2.3145787868552e-10 6.0244042121914e-11 -5.9926739300614e-10)
(-2.9668043982817e-10 2.3359625850623e-10 -5.7451151516373e-10)
(-2.8652466400523e-10 2.9011962608292e-10 -5.4831673001539e-10)
(-2.0608690677881e-10 -3.8593593303754e-11 -5.9068729793427e-10)
(-9.5539806756871e-11 -2.8305228817537e-10 -6.7047018616204e-10)
(1.6145606295134e-10 -4.52481063171e-10 -7.3661645565769e-10)
(5.4634993538999e-10 -5.8895264251324e-10 -7.5914428151791e-10)
(5.9027574347138e-10 -4.1954176499515e-10 -6.3322925336761e-10)
(6.346422879009e-10 -2.0914807422764e-10 -5.158905352767e-10)
(5.1800727844392e-05 -9.1870527627245e-06 1.8677658457188e-05)
(0.00011154303486144 -1.9786798285867e-05 2.3337852967771e-07)
(9.8185898394075e-05 -1.7021057422167e-05 -2.2127099834678e-05)
(4.9440231352237e-05 -8.4172176876179e-06 -2.8936650556268e-05)
(1.6627513340639e-05 -2.6977975910594e-06 -2.2728260030146e-05)
(9.6665472809341e-06 -1.5928801180914e-06 -1.7486478674258e-05)
(7.2030373010697e-06 -1.2029480600422e-06 -1.5853122888627e-05)
(3.7662702830477e-06 -6.1843015621944e-07 -1.3974916299839e-05)
(1.4856426800327e-06 -2.4713223586604e-07 -1.1228276836939e-05)
(1.0583940582524e-06 -1.7675080576074e-07 -8.9963868108567e-06)
(5.1085135398618e-07 -8.6819378158673e-08 -6.738145144459e-06)
(3.3255745174109e-07 -5.5417870606012e-08 -4.6013754304924e-06)
(2.1522357658799e-07 -3.5603809504665e-08 -2.8663407431401e-06)
(1.2826270389449e-07 -2.0391037436304e-08 -1.6402953278279e-06)
(7.5137970082384e-08 -1.168945149709e-08 -8.8442645515138e-07)
(4.3576319954546e-08 -6.4695400083186e-09 -4.6015561039511e-07)
(2.5190599274648e-08 -3.1570467698886e-09 -2.3583209518265e-07)
(1.3676030693318e-08 -1.6698365004154e-09 -1.2008606308477e-07)
(6.996454273675e-09 -5.6549047265677e-10 -6.1013881613967e-08)
(3.4995190140352e-09 -2.3547042927404e-10 -3.0923735945795e-08)
(2.5552711896462e-09 2.0218500543837e-10 -1.5036327103123e-08)
(3.647635610988e-09 -1.4511565509453e-10 -6.6731943410292e-09)
(4.7692835548721e-09 -9.0934841831014e-10 -3.1016508207319e-09)
(2.6146289213672e-09 -9.3194102838083e-10 -1.65922353523e-09)
(1.4025188049965e-09 -4.2292104087338e-10 -1.0933863341402e-09)
(3.1347525011354e-05 1.0860603304943e-05 1.6273125031387e-05)
(2.6847894696317e-05 2.3255856344253e-05 1.681353887618e-05)
(1.4588706364827e-05 2.992682543531e-05 1.6328927478068e-05)
(1.5989148386374e-06 3.2004234448677e-05 1.6190064243437e-05)
(-1.1463648400112e-05 3.0732701538429e-05 1.6190545387211e-05)
(-2.2282669244826e-05 2.3531201830468e-05 1.622731113115e-05)
(-3.0060086557134e-05 1.3010055388923e-05 1.615095287967e-05)
(-3.211977640581e-05 9.0675475222697e-08 1.6167262321754e-05)
(-2.9934663699314e-05 -1.2776533599731e-05 1.6082161504923e-05)
(-2.2176741755054e-05 -2.3513190831198e-05 1.6175610556269e-05)
(-1.1539228334821e-05 -3.1085932169564e-05 1.6253802785292e-05)
(1.5288094013122e-06 -3.2363558683149e-05 1.6197227877441e-05)
(1.4106212683605e-05 -2.9224071602174e-05 1.6051019355404e-05)
(2.4493273906897e-05 -2.1159999286759e-05 1.607985526134e-05)
(3.0448841821442e-05 -1.0436205835007e-05 1.6021617242178e-05)
(5.2427283857007e-05 9.3748657925646e-06 1.8663066275756e-05)
(9.0733995368836e-05 1.6100421359039e-05 1.2474910857887e-05)
(0.00011147399401379 1.924866565365e-05 4.7228680185719e-07)
(0.00011321838716747 2.0323537766459e-05 -1.1792800235127e-05)
(9.916765167048e-05 1.7987043389667e-05 -2.1880456016383e-05)
(7.547291307344e-05 1.3832898093277e-05 -2.7773261691606e-05)
(5.0138405762655e-05 9.4186925758908e-06 -2.8952465683394e-05)
(2.9497923014744e-05 5.7323824406479e-06 -2.6577754978149e-05)
(1.7096700247522e-05 3.4892790745929e-06 -2.274309007295e-05)
(1.147438200902e-05 2.3720916712205e-06 -1.9457894727178e-05)
(9.7536257393926e-06 1.9478904431463e-06 -1.7479455706023e-05)
(8.7622635632324e-06 1.6641922829679e-06 -1.6572059719662e-05)
(7.1662187938003e-06 1.3130894944983e-06 -1.5789370554241e-05)
(5.5560524465058e-06 9.9493717608749e-07 -1.4886961803512e-05)
(3.7572135514608e-06 6.6077133552304e-07 -1.3951590539841e-05)
(2.1413615609448e-06 3.6842891226349e-07 -1.2650690613987e-05)
(1.4680414473977e-06 2.5772786642388e-07 -1.1206672944921e-05)
(1.295870798116e-06 2.2838835356927e-07 -1.0024392174323e-05)
(1.046021534403e-06 1.8608160801771e-07 -8.9898314009848e-06)
(7.1813845337321e-07 1.301121942773e-07 -7.8854024100478e-06)
(5.0809121395377e-07 9.5153345581114e-08 -6.7344771895354e-06)
(4.0586578789963e-07 7.7841836161925e-08 -5.6274446590142e-06)
(3.3175057441713e-07 6.4226735513549e-08 -4.6018557367374e-06)
(2.7009988431459e-07 5.2861943434361e-08 -3.6750106955749e-06)
(2.1552803891898e-07 4.2907815915105e-08 -2.8670212092727e-06)
(1.64096576984e-07 3.2512063029853e-08 -2.1889358681393e-06)
(1.3034788929315e-07 2.6398480189435e-08 -1.6413469043628e-06)
(9.9118615198451e-08 2.0016830475378e-08 -1.213134426374e-06)
(7.5482779522025e-08 1.5521484998275e-08 -8.8542981414568e-07)
(5.7095752363372e-08 1.1935578937533e-08 -6.4005216625088e-07)
(4.4005421749305e-08 9.590902433208e-09 -4.6010498020997e-07)
(3.5142438128642e-08 8.1314445508808e-09 -3.2975961981664e-07)
(2.6510242001909e-08 6.3740203545199e-09 -2.3591367459129e-07)
(1.9339729005526e-08 4.8465572357359e-09 -1.6838866854134e-07)
(1.4765109169566e-08 3.9480939613782e-09 -1.2007211210129e-07)
(1.0992929704368e-08 2.8496505384976e-09 -8.5714691837415e-08)
(8.594347155492e-09 2.3464630411032e-09 -6.1114498118063e-08)
(6.2466035968061e-09 1.8167549005248e-09 -4.3415910288206e-08)
(5.1269453783941e-09 1.4288998208363e-09 -3.0963811927003e-08)
(4.1728821853514e-09 9.3263705592979e-10 -2.181985928247e-08)
(3.9262949671547e-09 5.8005875063304e-10 -1.5217209837147e-08)
(4.4881852465866e-09 5.3949199875709e-10 -1.0379443315978e-08)
(4.8272440771972e-09 4.8186049126789e-10 -7.2341841284785e-09)
(5.224704710494e-09 4.6641248059933e-10 -5.0730924837986e-09)
(5.3255536722115e-09 5.5566063613502e-10 -3.5520049431954e-09)
(3.7761630995696e-09 4.5898630959027e-10 -2.5828009868546e-09)
(2.5148706621018e-09 4.0276862772232e-10 -1.7739279192834e-09)
(1.4445505224684e-09 3.1532498321632e-10 -1.1830361805495e-09)
(7.4615952426212e-05 -1.281400318246e-05 -2.7831266731242e-05)
(9.0719727551669e-05 -1.6827000674005e-05 1.2440960989534e-05)
(0.00011263667168822 -1.9618327432608e-05 -1.2237847264311e-05)
(2.8977521649208e-05 -4.82773249513e-06 -2.6568999512159e-05)
(1.1197776621599e-05 -1.7926594084981e-06 -1.9435251059535e-05)
(8.7812709360522e-06 -1.4775040278326e-06 -1.6613271478026e-05)
(5.567572086881e-06 -9.1587279227125e-07 -1.4934877736252e-05)
(2.1629003950657e-06 -3.5562365835774e-07 -1.2671576065771e-05)
(1.3049870617529e-06 -2.1364624632768e-07 -1.0037622672183e-05)
(7.2807200147259e-07 -1.2395046910737e-07 -7.8910632953139e-06)
(4.0619436517044e-07 -6.8423531054534e-08 -5.6281984607567e-06)
(2.7150510045431e-07 -4.5291162931535e-08 -3.6744765374913e-06)
(1.623615717159e-07 -2.5539921656635e-08 -2.1880194916325e-06)
(9.7054585889577e-08 -1.4985547175467e-08 -1.2118797139484e-06)
(5.6979962614807e-08 -8.7037565879701e-09 -6.3967309869879e-07)
(3.3967279947295e-08 -4.6984806541285e-09 -3.297809936302e-07)
(1.8064098495157e-08 -2.1041225083799e-09 -1.6826160308596e-07)
(9.4286562948909e-09 -7.2172929051999e-10 -8.5781002420641e-08)
(4.8799626358431e-09 -5.4548350329489e-10 -4.3409484316184e-08)
(2.6842504885545e-09 1.4885641249317e-10 -2.1672653566748e-08)
(2.8684497887758e-09 1.8890041683554e-10 -1.0058099335561e-08)
(4.4760755245543e-09 -5.5934303330203e-10 -4.5293069889379e-09)
(3.9297974416669e-09 -1.0989327261585e-09 -2.2858085798846e-09)
(8.0953511000025e-06 3.1369607930011e-05 1.6235357623765e-05)
(3.1137464706902e-05 1.7612651706051e-05 1.699674217783e-05)
(2.091370860573e-05 2.7303263586262e-05 1.6515112723158e-05)
(-5.0356539278226e-06 3.2179646497516e-05 1.6167645742549e-05)
(-1.7142272952206e-05 2.7450114442997e-05 1.6241319223976e-05)
(-2.6826456288471e-05 1.8749912921073e-05 1.6175787437201e-05)
(-3.1780557927863e-05 6.6022959382297e-06 1.6164308613254e-05)
(-3.1894337674104e-05 -6.4464949363813e-06 1.6117932018701e-05)
(-2.6554207691495e-05 -1.8512922782929e-05 1.6105384055501e-05)
(-1.7167879419896e-05 -2.769527341769e-05 1.625135528853e-05)
(-5.121238113676e-06 -3.2582334954997e-05 1.6226830485754e-05)
(7.9599233456164e-06 -3.1381096089556e-05 1.613915885782e-05)
(1.9607619798391e-05 -2.5648428438652e-05 1.5981191355934e-05)
(2.8865558832231e-05 -1.6195159257305e-05 1.6390401726668e-05)
(1.2547645131281e-05 -4.5167029926311e-06 -2.0930113286172e-05)
(8.8678325318543e-10 8.7396496980825e-10 -1.7446766737657e-09)
(4.9372603464561e-10 9.7946844200194e-10 -1.9430426899464e-09)
(1.7448246886906e-10 1.070162793347e-09 -1.9458076571425e-09)
(8.9793997812842e-11 1.3560611539443e-09 -2.0468620501868e-09)
(3.1724410118667e-11 1.4797815006299e-09 -2.1372641854606e-09)
(-1.1764352991231e-10 1.4542387708392e-09 -2.1756050725419e-09)
(-3.3276995384972e-10 1.4229512220513e-09 -2.2166991219643e-09)
(-6.216913713235e-10 1.4196608861469e-09 -2.0376325451466e-09)
(-8.5540714633103e-10 1.1726437418668e-09 -1.8970371791768e-09)
(-1.1092561912639e-09 9.1847806193848e-10 -1.7719691806069e-09)
(-1.1390177635535e-09 5.5861842226209e-10 -1.6158138061812e-09)
(-9.0701503298643e-10 2.2978751495074e-10 -1.4858103324432e-09)
(-3.933610912992e-10 -8.2465671155977e-11 -1.2697526494115e-09)
(2.2310980083339e-10 -1.9971937915192e-10 -1.183035750535e-09)
(6.7734065099616e-10 -1.6663013876067e-10 -1.2048168807839e-09)
(7.4805090767348e-10 -2.1366929140391e-10 -1.1030154332174e-09)
(3.2745481312299e-10 -3.8202411405362e-10 -1.2094581211031e-09)
(2.648510334338e-11 -2.8115937665331e-10 -1.3011147357958e-09)
(-1.5717536392175e-10 -6.6881132973626e-11 -1.3292732238661e-09)
(-3.3169085568767e-10 1.3879943013301e-10 -1.3393999608284e-09)
(-4.6200775433908e-10 2.2836786105426e-10 -1.3440557875618e-09)
(-4.7570774754267e-10 1.9716556004937e-10 -1.3945765546598e-09)
(-3.9074299861013e-10 -9.5589988727371e-11 -1.4446985643559e-09)
(-2.1894198519592e-10 -4.6050800327019e-10 -1.4861314549093e-09)
(3.0081825097881e-10 -9.1262771691401e-10 -1.541379686892e-09)
(9.3888012576571e-10 -1.2593172273467e-09 -1.4131928999638e-09)
(1.6046919344576e-09 -1.1531510770214e-09 -1.3454087138807e-09)
(7.0208448606506e-05 2.8466083038665e-05 1.674022196008e-05)
(9.9157807039278e-05 -3.6755459689346e-05 6.3305117146294e-06)
(2.0736222985859e-05 -7.4796240381378e-06 -2.4688632160409e-05)
(5.8743221283291e-05 -2.1251429915489e-05 -2.8935678058593e-05)
(6.6741262333048e-05 -2.7199519746184e-05 1.729230661067e-05)
(-5.8411703887759e-05 3.2566252425454e-05 1.8116735402295e-05)
(8.9299830382316e-06 -3.1848977747163e-06 -1.6981194718747e-05)
(0.00010203376776874 -3.6870573719277e-05 -1.7823826815183e-05)
(6.0728502625715e-06 -2.1151393312135e-06 -1.5405402677665e-05)
(2.7700825400118e-06 -9.5041691303555e-07 -1.3366983038742e-05)
(1.3227809979044e-06 -4.5322825710507e-07 -1.0603125512388e-05)
(8.5592325130698e-07 -3.0124727823677e-07 -8.4576559113725e-06)
(4.3145687051922e-07 -1.5405741819063e-07 -6.1764133103214e-06)
(2.8936089544034e-07 -1.024001712196e-07 -4.1246664766745e-06)
(1.7872753694896e-07 -6.2495726902258e-08 -2.5108415509219e-06)
(1.0746176186488e-07 -3.7728645458616e-08 -1.4121619511654e-06)
(6.2027693450608e-08 -2.1709726993143e-08 -7.5267521531531e-07)
(3.6501219631072e-08 -1.2640488466871e-08 -3.8976023268208e-07)
(2.0191266449176e-08 -6.6305795444046e-09 -1.9924111569513e-07)
(1.0183005066016e-08 -3.3184777242925e-09 -1.0159708760642e-07)
(4.6910100864784e-09 -1.6479839082679e-09 -5.1400680860706e-08)
(1.6609931142723e-09 -3.9863816338576e-10 -2.6137781448284e-08)
(9.8186720752653e-10 3.7620068718694e-10 -1.2519584908975e-08)
(2.5919681208603e-09 -4.9029869237116e-10 -5.3995890699116e-09)
(3.7210202059929e-09 -1.692896743897e-09 -2.5931181487886e-09)
(4.910198074493e-05 5.2666416384708e-05 1.7454090053529e-05)
(-6.6678781003498e-05 6.8953731826705e-06 1.8108603659345e-05)
(2.3078991590282e-05 6.3618960690428e-05 1.8093047027638e-05)
(-3.5020961621231e-06 6.6819378995736e-05 1.8222393579929e-05)
(6.216305555394e-05 4.3456727647613e-05 1.678851708104e-05)
(9.8721846194924e-06 6.6394814244314e-05 1.8158271496021e-05)
(0.00010914764676655 -3.9305273375272e-05 -6.5495909652398e-06)
(1.8410689303478e-09 7.7154412998122e-10 -1.5171027843136e-09)
(-5.0905483259005e-05 4.3837491866532e-05 1.8075544007063e-05)
(3.5787025324471e-05 5.88180794766e-05 1.7920961325013e-05)
(-6.3827119835519e-05 2.0163369394066e-05 1.8136328134766e-05)
(-4.1085389192379e-05 5.3235592252554e-05 1.8093277712622e-05)
(-6.3555229981792e-05 -1.9720516458154e-05 1.8034887827028e-05)
(-5.0559237666483e-05 -4.3557811808351e-05 1.8002587803777e-05)
(-2.9700119425321e-05 -6.064995930777e-05 1.8096658978931e-05)
(-3.6332320906166e-06 -6.7179836389112e-05 1.8106342184756e-05)
(2.2742511114489e-05 -6.2801997374402e-05 1.7977455415874e-05)
(4.4406552691921e-05 -4.78402036852e-05 1.808245748073e-05)
(4.486510425087e-06 -1.5448409155544e-06 -1.4475936416819e-05)
(9.7600542985018e-06 -3.5037111992151e-06 -1.8286893382812e-05)
(7.7246588966697e-06 -2.7241723236995e-06 -1.6282536535629e-05)
(3.6547136202071e-05 -1.3194087962667e-05 -2.806436803713e-05)
(9.9980279678585e-05 3.3940850026737e-05 6.6279375086882e-06)
(0.00010922120891237 3.9680550360574e-05 -5.0750778636671e-06)
(0.0001035344092567 3.7746012779355e-05 -1.7022252462751e-05)
(8.4481788685587e-05 3.1012568150173e-05 -2.5366134586497e-05)
(6.0062622451433e-05 2.232083622932e-05 -2.8903790685618e-05)
(3.7530661482274e-05 1.4167662711469e-05 -2.8100901712534e-05)
(2.1589791814404e-05 8.3405487121349e-06 -2.470748371176e-05)
(1.3143552187996e-05 5.1699212832338e-06 -2.0965935465401e-05)
(1.0010894021131e-05 3.9257320551321e-06 -1.8297028931673e-05)
(8.9494127657929e-06 3.4232018583673e-06 -1.6934465098226e-05)
(7.6570068743032e-06 2.8611970708918e-06 -1.6177414467429e-05)
(6.0363075236226e-06 2.2267619929065e-06 -1.5296547596162e-05)
(4.4624953859088e-06 1.6181233066282e-06 -1.4415025710929e-05)
(2.7187077737689e-06 9.7407208657125e-07 -1.332770979144e-05)
(1.601655599803e-06 5.6996848034668e-07 -1.1891678601868e-05)
(1.3020172894803e-06 4.6734514602134e-07 -1.0566568282162e-05)
(1.145048367548e-06 4.1536341867301e-07 -9.5006006405951e-06)
(8.353752467378e-07 3.062399716805e-07 -8.4457010851078e-06)
(5.7067223400159e-07 2.1224390625898e-07 -7.3068879347046e-06)
(4.2846112567362e-07 1.6132687623869e-07 -6.170986024813e-06)
(3.5279004896138e-07 1.3373804052056e-07 -5.103170060841e-06)
(2.8845330595472e-07 1.1018594969031e-07 -4.1251631249126e-06)
(2.3093153639196e-07 8.809721428162e-08 -3.2558340896376e-06)
(1.8009468031151e-07 6.8981801623225e-08 -2.5120595426483e-06)
(1.415467398114e-07 5.4730688865918e-08 -1.8997281594996e-06)
(1.1013144647324e-07 4.2801778486874e-08 -1.4140508841286e-06)
(8.3146656075913e-08 3.2699301782326e-08 -1.0383785386891e-06)
(6.1892622019412e-08 2.4560918379194e-08 -7.5371698128163e-07)
(4.8286620346459e-08 1.9591879092485e-08 -5.430451030069e-07)
(3.7617325818692e-08 1.5781304859381e-08 -3.8965358781932e-07)
(2.8992554888943e-08 1.2583533708767e-08 -2.7911444265845e-07)
(2.217763219292e-08 9.6311510935049e-09 -1.9947684728172e-07)
(1.6438891220451e-08 7.2804625151614e-09 -1.4225014954075e-07)
(1.2122294669144e-08 5.5697548125477e-09 -1.0150888436446e-07)
(9.1617733394854e-09 4.2957330097394e-09 -7.2345723447845e-08)
(7.080880361501e-09 3.5439716032709e-09 -5.1433006240183e-08)
(6.019109937665e-09 2.838090794005e-09 -3.6761468303127e-08)
(4.5232387734753e-09 1.9426702285272e-09 -2.6240503924817e-08)
(3.9601140001906e-09 1.3861061888208e-09 -1.8507524172194e-08)
(3.6601929245521e-09 8.6895446440941e-10 -1.2897505012712e-08)
(4.1694857570235e-09 7.5193123205985e-10 -8.9411323692363e-09)
(4.383745273209e-09 9.8233911468089e-10 -6.4465786406809e-09)
(4.5999583522461e-09 1.0747688630189e-09 -4.5676792917591e-09)
(4.0298004610334e-09 1.2142351046726e-09 -3.3434590274247e-09)
(2.6824492847141e-09 1.2242603559548e-09 -2.3861817742431e-09)
(8.2719496564252e-05 -2.9983227500963e-05 -2.5640175307919e-05)
(-2.9758407346384e-05 6.0335397944317e-05 1.8161749035416e-05)
(1.6474112823414e-06 -5.6242494155585e-07 -1.1936339378399e-05)
(1.1600463786182e-06 -4.0251674360177e-07 -9.5192961590071e-06)
(5.8281600447547e-07 -2.0784663777561e-07 -7.3172074344225e-06)
(3.5318312772064e-07 -1.2545355966116e-07 -5.1044576521697e-06)
(2.3125512713862e-07 -8.1153401970669e-08 -3.2549564641888e-06)
(1.3923699069568e-07 -4.8705396585994e-08 -1.8980446455887e-06)
(8.1577096122644e-08 -2.8755587628904e-08 -1.0365287988669e-06)
(4.8283588028304e-08 -1.6863412875931e-08 -5.4284574225788e-07)
(2.711253275871e-08 -9.3093752836451e-09 -2.7898873909146e-07)
(1.4798295996078e-08 -4.8811935291312e-09 -1.4211035163171e-07)
(6.6790235238329e-09 -2.2949888794874e-09 -7.2364081661428e-08)
(3.2326914554461e-09 -1.1529752240894e-09 -3.6779401103184e-08)
(1.1978216203049e-09 1.1761274581139e-11 -1.8287709748289e-08)
(1.5933411367912e-09 1.6799210937467e-10 -8.206102708283e-09)
(3.5039353660416e-09 -1.3048816737046e-09 -3.6534718949232e-09)
(2.9202465238933e-09 -1.6681592471603e-09 -1.9577574171292e-09)
(-1.6857915265065e-05 6.4589387070922e-05 1.8228498324167e-05)
(-5.8009810490158e-05 -3.2117778864047e-05 1.8020069899767e-05)
(-6.6605348091475e-05 -6.4318553251693e-06 1.8061098960241e-05)
(-4.0869098299214e-05 -5.324126649131e-05 1.8030616674391e-05)
(-1.6989018945147e-05 -6.5159841357101e-05 1.8142923754881e-05)
(9.7451151929699e-06 -6.6331664433739e-05 1.8015097421157e-05)
(3.4289237602029e-05 -5.6340213758637e-05 1.8038764102561e-05)
(5.4672344546082e-05 -3.8547893537151e-05 1.7900865287719e-05)
(9.9422992646324e-05 -5.6008396567909e-05 -1.2442168239417e-06)
(9.5252690949809e-10 1.7906897130349e-09 -2.9194869910006e-09)
(3.716176998559e-10 1.7641571839075e-09 -3.0478919144804e-09)
(1.9860738258388e-10 1.9952179366915e-09 -3.1675583999212e-09)
(9.6148948462821e-11 2.1757126936079e-09 -3.247362935846e-09)
(-1.7184468070416e-10 2.160711961555e-09 -3.169897637452e-09)
(-3.8301080704268e-10 1.7279557961567e-09 -2.9698823424004e-09)
(-4.9638442367078e-10 8.7975834749705e-10 -2.7076664047587e-09)
(-8.4817267641013e-10 4.9175441207335e-10 -2.464060644577e-09)
(-1.3489074076809e-09 3.3660406178863e-10 -2.2393411489895e-09)
(-1.5700099888036e-09 9.5723649998073e-11 -2.1087723292089e-09)
(-1.2642142841612e-09 -2.0803931767539e-10 -2.0520111265806e-09)
(-2.5919809045759e-10 -5.0462030962173e-10 -2.002055449625e-09)
(-6.2869987991523e-11 -5.5974016021475e-10 -1.9712214093938e-09)
(3.9802237203143e-10 -3.9290245901192e-10 -1.9166770328903e-09)
(4.5548759114812e-10 -3.809435239344e-10 -1.8618617479283e-09)
(6.0322597077851e-11 -4.382388385903e-10 -1.8604950214655e-09)
(-1.3128934593348e-10 -3.6090605010512e-11 -1.8725830689614e-09)
(-3.8799332069745e-10 9.8277463364613e-11 -1.9255922294516e-09)
(-5.7021642978014e-10 2.2833922818753e-10 -2.0080005253311e-09)
(-6.1697617397424e-10 2.2565902668959e-10 -2.1176129428359e-09)
(-5.2968571859259e-10 -2.0762504711996e-10 -2.2168973594967e-09)
(-5.4173157948392e-11 -1.0096479531712e-09 -2.2239269610861e-09)
(5.9618938280955e-10 -1.6752931308264e-09 -2.1327855223996e-09)
(1.2613271041928e-09 -2.009000008949e-09 -1.9779934072231e-09)
(1.8587367399518e-09 -1.8512782834748e-09 -1.8415601167232e-09)
(1.0014248013495e-05 -5.8099873005811e-06 -1.9426682616915e-05)
(-7.960564227017e-11 3.8366209478908e-10 -1.5647981724076e-08)
(-8.9319249724983e-05 3.8445632305353e-05 1.1156357802448e-05)
(1.294299090104e-06 -6.9795435690369e-07 -1.1231442529984e-05)
(2.3417659302128e-05 -9.3392527701746e-05 1.1061493273001e-05)
(9.4365567358503e-07 -5.2421642797201e-07 -9.0011831399474e-06)
(2.8325560089689e-09 -2.0788070887307e-09 -3.1836743257066e-09)
(3.537189148491e-07 -2.0180438671739e-07 -5.6321977901052e-06)
(2.3713371731853e-07 -1.3364582497175e-07 -3.6748356397884e-06)
(1.4899266439049e-07 -8.4107468041037e-08 -2.1881869557172e-06)
(8.952114244362e-08 -5.0966893377306e-08 -1.2115178716432e-06)
(5.0928754995278e-08 -2.8962741752563e-08 -6.3986620033992e-07)
(5.7237761063009e-05 -7.6709058905389e-05 1.1287048649144e-05)
(2.2005108823808e-08 -1.226424894086e-08 -2.3613984093345e-07)
(1.0629845326431e-08 -5.9847236271273e-09 -1.2017817034708e-07)
(4.4400538586789e-09 -2.7221438291108e-09 -6.1308963454748e-08)
(1.0093152189111e-09 -8.2437334374784e-10 -3.123974580487e-08)
(3.912323508145e-10 -2.3799540758785e-10 -2.2230141057611e-08)
(4.5906182402097e-07 -2.6137436499877e-07 -6.7441499388372e-06)
(4.1376041919557e-10 1.3512553726643e-10 -6.7382109416029e-09)
(2.323972428106e-05 9.4310990593979e-05 1.1157524411747e-05)
(4.1697653325787e-05 -8.7194575454518e-05 1.1043333068398e-05)
(1.9451082250315e-06 -1.0469570873486e-06 -1.2666637339341e-05)
(9.2926792613086e-05 5.3635215973699e-05 4.6880273541848e-06)
(8.3321539300083e-05 -4.966937855415e-05 1.0535194412859e-05)
(5.8740489026568e-05 8.0185115033602e-05 1.0238311513919e-05)
(1.4484400627681e-05 -8.4220919295475e-06 -2.2700922374568e-05)
(-9.6793940408136e-05 3.5682975213153e-07 1.1182249935219e-05)
(-8.8612641398143e-05 -3.7763457761351e-05 1.1054971258105e-05)
(-1.4985376490331e-05 -9.6303172019325e-05 1.113294128939e-05)
(4.1364725611819e-05 8.8672896274395e-05 1.1032693299321e-05)
(-9.5276305862067e-05 1.9756868896445e-05 1.1201182441837e-05)
(-6.6497110410133e-05 7.0181783923634e-05 1.1086656829327e-05)
(-6.6076441588085e-05 -6.9924262207248e-05 1.1027502808942e-05)
(-3.3874973956728e-05 -9.1461945360406e-05 1.1121478203174e-05)
(-9.4853897074365e-05 -1.8983518381342e-05 1.1115466244417e-05)
(4.3414390354944e-06 -9.6900001495946e-05 1.1118332324007e-05)
(2.855402344522e-08 -1.6150761651498e-08 -3.2973960086367e-07)
(-1.4907354379656e-05 9.6346287206695e-05 1.1278362946366e-05)
(8.5666844434934e-05 -4.961112227938e-05 -2.2419849007253e-05)
(6.9675860587601e-05 -6.3148949426969e-05 1.178034348567e-05)
(6.3519469128842e-06 -3.5488069651327e-06 -1.5874982712767e-05)
(2.5520693365732e-05 -1.4765319852204e-05 -2.6544294288449e-05)
(7.8122591955255e-06 -4.4232668476788e-06 -1.6637319940521e-05)
(4.3100902369008e-05 -2.4828799338105e-05 -2.8944428184109e-05)
(9.9763390380141e-05 5.7144448921364e-05 -1.0927689545184e-05)
(8.7926629296878e-05 5.0436897784068e-05 -2.1790801065464e-05)
(6.710515787688e-05 3.8889709687055e-05 -2.7769549320523e-05)
(4.4495263044759e-05 2.6031400034091e-05 -2.8954388294444e-05)
(2.6532807755626e-05 1.566361623636e-05 -2.6609008676334e-05)
(1.5308435547406e-05 9.1630142791104e-06 -2.2736942179443e-05)
(1.0398425080958e-05 6.2619050324729e-06 -1.9444360262461e-05)
(8.7666188189761e-06 5.2495398892952e-06 -1.7458922912888e-05)
(7.7251607679908e-06 4.5828486162897e-06 -1.6529912455098e-05)
(6.2794046775352e-06 3.6871339458591e-06 -1.5720014280445e-05)
(4.8588351877789e-06 2.8185018676609e-06 -1.481400912312e-05)
(3.2699823644381e-06 1.877724800156e-06 -1.3901048291355e-05)
(1.8574375819582e-06 1.0583914459355e-06 -1.2604156318541e-05)
(1.2476387111982e-06 7.0849576219964e-07 -1.1166012491045e-05)
(1.163967594693e-06 6.6450809038334e-07 -1.0002436456298e-05)
(9.2323664937388e-07 5.3182728431061e-07 -8.9779123643413e-06)
(6.3106068731032e-07 3.6881945610107e-07 -7.8775579341244e-06)
(4.4861213158524e-07 2.6413736387181e-07 -6.7289224209117e-06)
(3.5129709202181e-07 2.0742522744559e-07 -5.6235163398541e-06)
(2.9810486669821e-07 1.7610137099091e-07 -4.5997447396766e-06)
(2.3741614779205e-07 1.4027938879386e-07 -3.6738470940082e-06)
(1.8297301057105e-07 1.0874101730535e-07 -2.8670984788316e-06)
(1.5035074248631e-07 8.9754249014568e-08 -2.1887984365718e-06)
(1.1316149251348e-07 6.769360382788e-08 -1.641322720805e-06)
(9.0697098648268e-08 5.4524034831075e-08 -1.2130280883834e-06)
(6.5031789882684e-08 3.9466701024996e-08 -8.8570542284669e-07)
(5.0226880682852e-08 3.10441543839e-08 -6.4015678485411e-07)
(3.9989073375984e-08 2.5292962942148e-08 -4.5992544633932e-07)
(3.0104172191015e-08 1.9155294660557e-08 -3.2969300261675e-07)
(2.4088320927515e-08 1.5366888319136e-08 -2.3643663980415e-07)
(1.7412045154148e-08 1.1283733531562e-08 -1.6870429034169e-07)
(1.2413357654779e-08 8.1128897560586e-09 -1.2016745128262e-07)
(1.0223413075827e-08 6.7748732566278e-09 -8.5480704282873e-08)
(6.9437527053021e-09 4.9565457901749e-09 -6.1086082547824e-08)
(6.7401887137643e-09 4.7093141665538e-09 -4.3687256477377e-08)
(4.6591062086885e-09 3.1082290257339e-09 -3.11247025265e-08)
(4.1001449552302e-09 2.3020563643631e-09 -2.2173475155682e-08)
(3.7698161556074e-09 1.6295231732721e-09 -1.5891230607322e-08)
(2.3881745455479e-09 5.7102222425592e-10 -1.1054421300969e-08)
(3.4645465242289e-09 1.2908701838625e-09 -7.7861376106952e-09)
(3.663787425265e-09 1.5771001136936e-09 -5.7179999887473e-09)
(3.7626104770502e-09 1.7158582214948e-09 -4.3431971146657e-09)
(3.3216823157579e-09 1.8389090331818e-09 -3.3549367351256e-09)
(6.5215325755546e-05 -3.7678797908668e-05 -2.7951657623533e-05)
(3.3502515704344e-06 -1.8244018798319e-06 -1.396329243005e-05)
(-5.1238114207909e-05 8.2480331526377e-05 1.1151356211793e-05)
(-7.9657040438847e-05 5.5487154446485e-05 1.1098179800894e-05)
(7.6404235655758e-05 6.9258332006647e-05 8.2224765882526e-06)
(2.6713596719615e-09 -2.1626348355265e-09 -2.3911173919542e-09)
(4.8873948541126e-06 -2.69226028334e-06 -1.4925274112776e-05)
(1.508000284968e-09 -9.0083714373172e-10 -4.3816858486218e-09)
(1.1149853896232e-07 -6.3020270187966e-08 -1.6398953921764e-06)
(1.8327568620038e-07 -1.0319249263522e-07 -2.8676123995177e-06)
(1.9390950920151e-09 1.8541214311397e-09 -2.8329959389763e-09)
(1.1787366700649e-06 -6.4654946063065e-07 -1.0044755128918e-05)
(2.9756706681191e-07 -1.6884949413398e-07 -4.6033089182163e-06)
(6.533089671479e-07 -3.6795391632564e-07 -7.8969347770029e-06)
(6.4510276048681e-08 -3.680224376176e-08 -8.8456916192109e-07)
(3.9441034440555e-08 -2.2412796132639e-08 -4.6009010101418e-07)
(1.5686933002648e-08 -8.7729506810193e-09 -1.6848004842593e-07)
(7.86100045445e-09 -4.5490144786605e-09 -8.564938397698e-08)
(3.1284496563172e-09 -2.0300822272253e-09 -4.3821584721054e-08)
(4.3532790854931e-06 9.7423980787876e-05 1.1218327895014e-05)
(-6.2563616046316e-10 7.8083165962852e-10 -1.0619774905572e-08)
(9.8807795668888e-05 -5.6761666021726e-05 -1.2888191168627e-05)
(-7.9019688537523e-05 -5.4952143067925e-05 1.1020639136965e-05)
(-5.1066147188146e-05 -8.2408986220234e-05 1.1073899208873e-05)
(-3.3890706543805e-05 9.1354604072677e-05 1.1242418976839e-05)
(8.6718388494762e-06 -4.9686946692505e-06 -1.7490038543321e-05)
(3.5885494478052e-07 -2.9727349753084e-07 -6.1821378397989e-06)
(2.3611714536495e-07 -1.942054449201e-07 -4.1262279692519e-06)
(8.0029825946328e-10 3.1795111836698e-09 -4.289851461684e-09)
(5.3798367545196e-10 3.4082881039732e-09 -4.3923837321068e-09)
(2.3574179290465e-10 3.0356339195228e-09 -4.3750422981539e-09)
(5.3908792155193e-12 1.8569922712113e-09 -4.0915478448841e-09)
(-3.1495623788881e-10 1.164041262812e-09 -3.8362284347762e-09)
(-5.6499762056609e-10 3.1405511085591e-10 -3.4844236744689e-09)
(-9.7948935477152e-10 -2.2127482483637e-10 -3.1435888347716e-09)
(-1.4746508850938e-09 -4.7460244025152e-10 -2.9391850214552e-09)
(-1.7889828191538e-09 -6.8066647188285e-10 -2.7824567554178e-09)
(-1.7875994258583e-09 -8.5971745462946e-10 -2.8199707404537e-09)
(-1.2400328368497e-09 -9.3200762784085e-10 -2.7937200661832e-09)
(-4.1034986856057e-10 -7.6975908156621e-10 -2.6858497598587e-09)
(2.9461750284487e-11 -4.5955766527381e-10 -2.6657718407275e-09)
(5.9640552071963e-11 -2.7669447185552e-10 -2.4590785529877e-09)
(-1.0073750396733e-10 -9.5639352725228e-12 -2.4274979019215e-09)
(-3.084668815241e-10 2.7490984000033e-10 -2.5401304621353e-09)
(-4.9585495219034e-10 4.7552800207166e-10 -2.6510862883074e-09)
(-6.5934236126781e-10 7.2932238134475e-11 -2.798968303565e-09)
(-5.9514517406195e-10 -5.5709086656819e-10 -2.8725991689123e-09)
(-2.5207510511251e-10 -1.3336692360903e-09 -2.8721039366765e-09)
(3.6262353520722e-10 -1.9369572555635e-09 -2.7539604318783e-09)
(1.1621201516218e-09 -2.3761316984843e-09 -2.4325815227338e-09)
(1.9276397213331e-09 -2.3893713271424e-09 -2.2271986967571e-09)
(-0.00011391574660673 -1.0884798778138e-05 7.142944439047e-07)
(-1.5240961602568e-09 1.0287707091626e-09 -8.8864074306267e-09)
(2.3173704864269e-09 -2.2657064062732e-09 -5.1815608164701e-08)
(7.0866405710449e-09 -6.1362002069925e-09 -1.0177226499793e-07)
(-8.6366793881253e-05 7.4343093691115e-05 6.9118823795527e-07)
(1.5716788716575e-08 -1.304520797819e-08 -1.9924221023304e-07)
(4.8615470015074e-07 -3.9990142359064e-07 -7.322341569051e-06)
(-9.8496673447314e-05 -5.4397375269423e-05 6.1650109751093e-07)
(-6.1694887582468e-06 0.00011483825102014 6.1183239627496e-07)
(1.0956230904465e-06 -8.6606560358802e-07 -1.0606074566313e-05)
(1.4711190472379e-07 -1.2106239215503e-07 -2.5112291382658e-06)
(3.6708680159637e-06 -2.9212041823825e-06 -1.4458135758887e-05)
(5.13847901589e-08 -4.3131352562596e-08 -7.526200424246e-07)
(2.9074315289301e-07 -2.4064365460374e-07 -5.1081823222473e-06)
(4.984168865248e-06 -4.0139033063593e-06 -1.5398464586452e-05)
(3.8448773128038e-05 -0.00010705690047383 7.6286194605159e-07)
(7.1155008206841e-07 -5.7841842191526e-07 -8.4607187496955e-06)
(1.9039380448665e-07 -1.5636901655271e-07 -3.2556027222499e-06)
(-5.0194927808813e-05 -0.00010275341487571 7.2305342063007e-07)
(2.9583908125751e-08 -2.4647465447287e-08 -3.8984725321673e-07)
(1.1055820104869e-08 -9.4000427720544e-09 -1.42259323051e-07)
(4.1067887320474e-09 -3.6357211846388e-09 -7.2647290587484e-08)
(1.6204793065643e-05 0.00011395355504256 5.4138881232243e-07)
(-0.00010923999010784 3.435501133394e-05 7.3424890749873e-07)
(9.5654266907113e-07 -7.6866445859529e-07 -9.5226029261265e-06)
(1.3716460545677e-06 -1.0658271350441e-06 -1.1930001603279e-05)
(5.616436580792e-05 9.9058676497208e-05 9.8305687322722e-07)
(1.0468836129705e-05 -8.8473632549704e-06 -2.0900648272527e-05)
(-6.9415247543249e-05 -9.0246083678958e-05 6.7563573263583e-07)
(8.9136469485063e-08 -7.4088032393806e-08 -1.4117577568517e-06)
(-6.3026981988396e-06 -0.00011409247660453 8.3618816196289e-07)
(-1.595786498791e-09 1.2890044898967e-09 -1.336741864161e-08)
(-0.0001142731432394 1.1967402737658e-05 7.4433314899308e-07)
(1.1507163278255e-07 -9.510689066006e-08 -1.8981789199456e-06)
(-5.0294319192573e-05 0.00010295990310164 7.605235908282e-07)
(1.5490634178748e-09 2.0688855099217e-09 -3.8582281091915e-09)
(7.418344530186e-06 -6.1144480655808e-06 -1.6973076032514e-05)
(-2.8730404202564e-05 0.00011098721771577 7.2760535840632e-07)
(-0.00010832276089747 -3.3242982898463e-05 6.5589197898166e-07)
(1.634796165485e-05 -0.00011280079331162 9.0043332236205e-07)
(2.1586759039571e-08 -1.7697720528685e-08 -2.7905646270842e-07)
(8.5329037961282e-05 6.9974796326217e-05 -1.7354222641743e-05)
(8.9935077732372e-05 7.4433005785179e-05 -4.9574629397203e-06)
(1.7018377373097e-05 -1.4378385888676e-05 -2.4616496852178e-05)
(6.3797014162885e-06 -5.2077120625777e-06 -1.6273969672807e-05)
(2.9629738305122e-05 -2.4831973566397e-05 -2.8019131120516e-05)
(6.7230953082813e-05 -5.6460750527225e-05 -2.5884140391748e-05)
(6.9137241761842e-05 5.765300973781e-05 -2.5519694104739e-05)
(4.9089092714001e-05 4.1485385128693e-05 -2.8939068856691e-05)
(3.0805022826537e-05 2.6175911608648e-05 -2.8095015600908e-05)
(1.7732237767871e-05 1.5053968890466e-05 -2.4706986798396e-05)
(1.0943670351318e-05 9.3198089922059e-06 -2.0897162445447e-05)
(8.3180138158647e-06 7.1144409862834e-06 -1.8249377025978e-05)
(7.3509868365909e-06 6.3005770144915e-06 -1.6879516740768e-05)
(6.2426745947933e-06 5.3617916157703e-06 -1.6116852426539e-05)
(4.9009854142543e-06 4.1605620595957e-06 -1.5239365365079e-05)
(3.6028666190061e-06 3.0374000751067e-06 -1.4353185065034e-05)
(2.1788658636206e-06 1.8293965099613e-06 -1.3262991586017e-05)
(1.2869549968837e-06 1.0765868384712e-06 -1.1838817684454e-05)
(1.0616763060987e-06 8.82552694333e-07 -1.052777811439e-05)
(9.3872016250945e-07 7.8286477688976e-07 -9.470783586459e-06)
(6.8623980567775e-07 5.7897889263356e-07 -8.4224469297618e-06)
(4.6923120869368e-07 3.9937187355689e-07 -7.2885421014267e-06)
(3.5058714472889e-07 2.9708814051951e-07 -6.1549220927617e-06)
(2.8928216185288e-07 2.4570279342907e-07 -5.0892271099801e-06)
(2.3556938355131e-07 1.9850441918469e-07 -4.1138191645774e-06)
(1.8870156101864e-07 1.602124515812e-07 -3.2462218886245e-06)
(1.4750969296607e-07 1.2619667827541e-07 -2.5043705040323e-06)
(1.1587972452865e-07 9.9344348888295e-08 -1.8941675679041e-06)
(8.9791092822188e-08 7.7196693741852e-08 -1.4096160583458e-06)
(6.7685868322333e-08 5.8556898999381e-08 -1.0347405433571e-06)
(5.0945751918814e-08 4.4565035515163e-08 -7.5105893206464e-07)
(4.0382281585229e-08 3.6027057480882e-08 -5.4130106029851e-07)
(3.1355026124519e-08 2.7858052528273e-08 -3.8888820776869e-07)
(2.3878475705169e-08 2.1009004527022e-08 -2.7861218793665e-07)
(1.7609394606397e-08 1.5845040565309e-08 -1.9913198196011e-07)
(1.2773874426819e-08 1.1634156952124e-08 -1.4212319685407e-07)
(9.2695331596475e-09 8.5607655932622e-09 -1.0120843473866e-07)
(7.2590190467509e-09 6.9717002058112e-09 -7.1992161106696e-08)
(6.1904506751957e-09 5.9792543071179e-09 -5.132166726583e-08)
(5.3357304323441e-09 5.0338163786953e-09 -3.6871061389158e-08)
(4.0189464665223e-09 3.3856986235967e-09 -2.6592133871904e-08)
(3.1309210213283e-09 2.1388313665891e-09 -1.8941874104026e-08)
(2.0684646985715e-09 1.1415992383521e-09 -1.3285419763886e-08)
(2.38650682072e-09 1.5836301381467e-09 -9.2681210125516e-09)
(2.9261912814227e-09 1.9724523024924e-09 -6.9673379670026e-09)
(3.2448893523478e-09 2.3226100779595e-09 -5.3030994371687e-09)
(2.7301948926539e-09 2.1049433061799e-09 -4.0790237501283e-09)
(4.7527965207007e-05 -3.9728940500564e-05 -2.903302197756e-05)
(2.2827480282268e-06 -1.7867515977964e-06 -1.3346913552021e-05)
(8.2725244517714e-05 -7.0328655451873e-05 -1.8075686779622e-05)
(-6.9706983320038e-05 9.0449882538009e-05 7.2110677518915e-07)
(-9.9585476805895e-05 5.5274440258263e-05 6.9692990676622e-07)
(9.0502176386155e-10 -1.3933154548467e-09 -3.860469343264e-09)
(8.1515241904665e-06 -6.8120555035112e-06 -1.8284898690007e-05)
(-2.8758925104457e-05 -0.00011052455700326 7.7907468322611e-07)
(3.7217457742144e-05 0.0001085768450941 7.3123922126386e-07)
(8.9460479460478e-05 -7.4233901499905e-05 -7.2672344715542e-06)
(6.7599009607032e-08 -5.6598894706622e-08 -1.0363023433183e-06)
(-1.2966375335044e-09 8.8817640357936e-10 -1.9320857436951e-08)
(-8.5713910313224e-05 -7.3880537039795e-05 6.3215659073212e-07)
(5.8959727810139e-05 -9.6848010858421e-05 4.90523515792e-07)
(3.9679208983474e-08 -3.3162199110232e-08 -5.428322758077e-07)
(1.0801883989219e-09 -1.4536149803297e-09 -3.7432570520573e-08)
(-3.0504697861626e-10 -2.2535223663871e-10 -2.712812764699e-08)
(8.6878596334594e-05 -6.7766969995122e-05 3.2656810907692e-06)
(-3.4951669487805e-10 -8.3621391968853e-11 -5.7998764630024e-09)
(1.0724476327629e-09 2.5914081538754e-09 -4.1251653262233e-09)
(1.8482979455184e-09 -2.3154578737943e-09 -2.7988457998132e-09)
(7.4302770720215e-05 8.7854819533963e-05 -7.7444472000926e-07)
(-1.9549177289768e-09 1.028947692674e-09 -7.745921826421e-09)
(7.1563272992782e-09 -9.2218372329905e-09 -1.204444968869e-07)
(5.9473769978005e-10 3.8992923819568e-09 -5.7057335774082e-09)
(2.7481696644752e-10 3.0305224506861e-09 -5.4949472873023e-09)
(4.0123494274549e-11 1.6206969039781e-09 -5.1501411150048e-09)
(-3.5873404126233e-11 4.1036420899656e-11 -4.8171911124121e-09)
(-3.3048379590757e-10 -6.4776917595576e-10 -4.3948456407811e-09)
(-9.868136101934e-10 -1.0896875432551e-09 -4.0751703563318e-09)
(-1.6333960664615e-09 -1.1868362733167e-09 -3.8045964847434e-09)
(-1.9775856510662e-09 -1.2180145549672e-09 -3.6478126566517e-09)
(-1.4653133784675e-09 -1.3218625333258e-09 -3.6779808691169e-09)
(-1.1926419442515e-09 -1.0997297598588e-09 -3.5550750458663e-09)
(-4.5716236570139e-10 -6.453011344098e-10 -3.5549918999261e-09)
(1.2817255958701e-10 7.0123848594823e-11 -3.4640584230069e-09)
(4.1385567845634e-10 7.7018726130051e-10 -3.281526060855e-09)
(2.1214418595274e-10 9.7721106295749e-10 -3.3438664033253e-09)
(-2.1964189571464e-10 8.814696960134e-10 -3.4001502626355e-09)
(-5.8388128357882e-10 5.3287135296171e-10 -3.5408778094655e-09)
(-7.8443475430736e-10 -3.2175672687409e-11 -3.6758033169715e-09)
(-5.9171423400981e-10 -6.7486446576636e-10 -3.6282070220145e-09)
(-2.0734384032041e-10 -1.7021031225859e-09 -3.6628329521736e-09)
(5.195904701592e-10 -2.0580051543415e-09 -3.4379553516222e-09)
(4.9636577958389e-06 -0.00011707653005014 -9.8267436734955e-06)
(1.7825034223886e-09 3.1740906380576e-09 -4.9188219114701e-09)
(3.1841368003492e-05 -3.7711209656779e-05 -2.8948670998099e-05)
(1.1110401353256e-05 -1.3267953769087e-05 -2.2631444218368e-05)
(4.8180522414877e-05 0.00010706045406714 -9.738577156773e-06)
(4.9717788963361e-07 -5.7480950303769e-07 -7.8999273416498e-06)
(7.5786792739468e-05 -8.3195686352142e-05 1.3323841657054e-06)
(2.2034927114508e-07 -2.5680722856614e-07 -4.6061498890615e-06)
(3.6650497485185e-06 -4.1646401095167e-06 -1.4919974898362e-05)
(8.7457699330754e-07 -9.9283463385904e-07 -1.0046240381446e-05)
(1.4800752442682e-09 3.7656723410343e-09 -5.3494056289458e-09)
(1.4331688847251e-07 -1.6544517174053e-07 -2.8673490025767e-06)
(-0.00011523759230878 2.3998922768988e-05 -1.0259061478891e-05)
(1.0419490034755e-08 -1.2809959596098e-08 -1.6833874655035e-07)
(2.8551336151287e-08 -3.4307463214118e-08 -4.602735920239e-07)
(6.7840238479298e-10 -1.6914717348565e-09 -4.4393028465272e-08)
(4.8249838192347e-05 -5.6632550387114e-05 -2.8205411182365e-05)
(1.9209797518394e-09 -3.1849434088848e-09 -6.1669843152986e-08)
(-9.5846503894818e-05 6.6780966615679e-05 -1.0203988888174e-05)
(5.5028511180733e-06 0.00011724056256773 -1.0803482376144e-05)
(3.7139322061663e-09 -5.5452883610088e-09 -8.6337072142201e-08)
(-6.1548899549173e-05 9.9371067257585e-05 -1.0165962661402e-05)
(1.0065259098284e-06 -1.1135585112262e-06 -1.1229397075766e-05)
(-4.0581316280153e-05 0.0001103664308558 -1.0250362637079e-05)
(2.7245012800778e-07 -3.174730926185e-07 -5.6370970474691e-06)
(-7.9369054365343e-05 -8.4002812645116e-05 -1.0272986093715e-05)
(-1.7903494892501e-05 0.00011631261994963 -1.0516343221054e-05)
(5.9271127571642e-06 -6.8238904926477e-06 -1.6595992543231e-05)
(2.5194041047728e-09 2.9147341777226e-09 -5.0303140943706e-09)
(1.0617941497779e-09 3.8934905441307e-09 -5.5782603387615e-09)
(8.5331295563019e-08 -1.0098226703615e-07 -1.6399583290564e-06)
(-0.00011427119016895 -2.275136701629e-05 -1.0259829047747e-05)
(3.788109070048e-08 -4.5680896088016e-08 -6.3965739200518e-07)
(7.1788490244378e-05 -9.0514663342749e-05 -1.1554953571231e-05)
(-9.4767055525643e-05 -6.5900919720472e-05 -1.0276528135407e-05)
(-4.0623826025392e-05 -0.00011014164952884 -1.0121027364347e-05)
(-0.00010651135665918 -4.5089325298863e-05 -1.0263159170371e-05)
(-2.4726875030494e-09 1.8762076201416e-09 -1.1606838150616e-08)
(5.0097481304208e-05 -0.00010533262978201 -1.004162353776e-05)
(6.5802599396501e-05 7.6651498576482e-05 -2.2227774588853e-05)
(4.8088674220407e-06 -5.4993966676988e-06 -1.5849300872029e-05)
(1.8867589397963e-05 -2.2504225646455e-05 -2.6446975223392e-05)
(1.7947645249756e-07 -2.0816757532667e-07 -3.6766353417827e-06)
(-6.1348232406743e-05 -9.9119572636565e-05 -1.023918945463e-05)
(4.9496496356249e-05 5.9656193716327e-05 -2.7857220452406e-05)
(3.2772560633522e-05 3.991388709034e-05 -2.8982216403345e-05)
(1.9444771964844e-05 2.3490248044639e-05 -2.6557416165891e-05)
(1.1260019253084e-05 1.3440519481269e-05 -2.2603841711779e-05)
(7.7553396752419e-06 9.2297601903219e-06 -1.9287926020982e-05)
(6.5218756432646e-06 7.8371687473495e-06 -1.7343489685844e-05)
(5.7570091759594e-06 6.9922283006493e-06 -1.6439660072694e-05)
(4.6291799210544e-06 5.6411092481236e-06 -1.5667134312095e-05)
(3.5440541960565e-06 4.2841353196343e-06 -1.4762540693738e-05)
(2.3546236277815e-06 2.8437264312362e-06 -1.3808822140442e-05)
(1.3373616150605e-06 1.622208382409e-06 -1.251059463064e-05)
(9.4581821566901e-07 1.1303687010502e-06 -1.1096381000548e-05)
(8.4585710163201e-07 1.0084328680244e-06 -9.9401451545074e-06)
(6.8376520226581e-07 8.1985428957963e-07 -8.9187885450272e-06)
(4.7131469243758e-07 5.6766623678037e-07 -7.8235454814259e-06)
(3.3310223538784e-07 3.9947454664479e-07 -6.6792968825966e-06)
(2.6572074028867e-07 3.1695881267429e-07 -5.5771897742369e-06)
(2.1676562674566e-07 2.5811998507668e-07 -4.5578024499356e-06)
(1.7605867188045e-07 2.0902019141122e-07 -3.6372735837823e-06)
(1.4183821337955e-07 1.6870524470575e-07 -2.8352538663385e-06)
(1.0782089920577e-07 1.305665776671e-07 -2.1640282636025e-06)
(8.543936695299e-08 1.0335512670768e-07 -1.6222801662671e-06)
(6.4063779559061e-08 7.8936771347127e-08 -1.1979659921488e-06)
(4.9595629700615e-08 6.151167124673e-08 -8.7406597070246e-07)
(3.8357676650494e-08 4.7517152237444e-08 -6.3178281717401e-07)
(3.0017782437751e-08 3.6952360327968e-08 -4.5468983686766e-07)
(2.3447411657952e-08 2.862352431462e-08 -3.2629562017601e-07)
(1.7244025812754e-08 2.1302103916816e-08 -2.3338615799068e-07)
(1.2223834689181e-08 1.5457808290125e-08 -1.6681498519033e-07)
(8.9688849859665e-09 1.1502664951079e-08 -1.1892088912127e-07)
(6.5906404663216e-09 9.1195264278683e-09 -8.4515283304038e-08)
(5.9163225740518e-09 8.0522328797739e-09 -6.0298443144107e-08)
(4.9736301118621e-09 6.4481830462391e-09 -4.3147959574693e-08)
(4.1926386217864e-09 5.0206498464786e-09 -3.1251955865976e-08)
(2.9728836865784e-09 3.2722853696238e-09 -2.2420472429055e-08)
(1.923656969302e-09 2.0797775205285e-09 -1.5847190656681e-08)
(1.8439917126561e-09 2.1274554353183e-09 -1.1041500161348e-08)
(2.2934603842237e-09 2.8156704196739e-09 -7.7911685625744e-09)
(2.5241516275989e-09 2.6920524858825e-09 -6.2440376632873e-09)
(6.5664615428504e-06 -7.654683084516e-06 -1.7472350099175e-05)
(1.4500538439144e-06 -1.6054468528195e-06 -1.2651553091349e-05)
(6.3759831393598e-05 -7.5916632482204e-05 -2.2738904390747e-05)
(-8.005808985435e-05 8.4523941901226e-05 -1.0164680216503e-05)
(-0.00010781426673132 4.6264717820207e-05 -1.0235584483866e-05)
(-1.8244789664527e-05 -0.00011608883127744 -9.9763999654916e-06)
(2.7909056212387e-05 0.00011344648551668 -1.0671949781466e-05)
(7.116206495654e-07 -8.170282518852e-07 -9.0036635246688e-06)
(5.0137879986291e-08 -6.0764468094875e-08 -8.8417446784197e-07)
(6.4801573526144e-08 -7.8188896079104e-08 -1.2112431794261e-06)
(-6.3884489832981e-10 -4.8903724727574e-10 -5.1516358225921e-09)
(-2.8659969983015e-10 -6.1918124747957e-10 -3.251643755216e-08)
(1.0800484487244e-07 -1.2690931355831e-07 -2.1882626277128e-06)
(2.1175544447841e-08 -2.5491552838254e-08 -3.3009546982429e-07)
(3.500231682064e-07 -4.0787785635176e-07 -6.7491218939383e-06)
(-0.00011699612413779 6.6415414747685e-07 -1.0283474682487e-05)
(7.6132906417921e-06 -9.0251487322776e-06 -1.9401320400474e-05)
(2.4792443462387e-06 -2.7869066447795e-06 -1.3944016441103e-05)
(2.7729914672591e-05 -0.00011347174857974 -9.6178982054565e-06)
(1.5125601782763e-08 -1.8217148238108e-08 -2.3594769815488e-07)
(7.6808301973882e-05 8.6340292074719e-05 -1.2686000683638e-05)
(6.4851326350458e-05 9.8142069358773e-05 -8.2867420637539e-06)
(-2.4783494332321e-09 1.6786513054696e-09 -1.6878695624978e-08)
(2.4099025675759e-06 -3.9638050005196e-06 -1.4453995771166e-05)
(4.1203226486772e-10 1.7276198556467e-09 -6.9148423021625e-09)
(4.4358996176887e-11 6.8878195847136e-10 -6.5558725134489e-09)
(1.4993939734101e-10 -7.0261673678056e-10 -6.1580153413019e-09)
(-3.8855720778073e-11 -1.656913090515e-09 -5.7540046826111e-09)
(-6.6321744801855e-10 -1.768745466085e-09 -5.4018892052068e-09)
(-7.964944436994e-10 -1.8402798638747e-09 -5.0848169902941e-09)
(-1.1535250634615e-09 -1.701917933994e-09 -4.8770623208977e-09)
(-8.1898394488962e-10 -1.3811057660612e-09 -4.8469460952351e-09)
(9.1532184828631e-11 -7.8301883948306e-10 -4.9334707105633e-09)
(3.9921063613284e-10 8.181656158177e-11 -4.9623641775366e-09)
(1.1787349655982e-09 1.4633320860012e-09 -4.8828435961359e-09)
(1.1267526145386e-09 2.0818813967758e-09 -4.7941513918255e-09)
(4.4631139611388e-10 2.0717781599738e-09 -4.7744194245441e-09)
(-5.8642383813831e-11 2.1100691487469e-09 -4.8503430809394e-09)
(-6.7650925932578e-10 1.0299910123117e-09 -4.9088954439963e-09)
(-1.0357682547795e-09 3.4606537417616e-10 -4.9017068219192e-09)
(-1.0367913954394e-09 -2.602240046285e-10 -4.8775835723683e-09)
(-8.4951994558623e-10 -8.1145991682955e-10 -4.8368381768014e-09)
(7.4651629745037e-08 -1.2869151985494e-07 -1.8982738136737e-06)
(7.0456621561716e-06 -1.2029828493688e-05 -2.0834270610488e-05)
(-6.4626616230242e-05 -8.4203137981095e-05 -1.9761105260608e-05)
(3.3344093188682e-06 -5.4886903939771e-06 -1.5372170350262e-05)
(4.9565909832152e-06 -8.236176325168e-06 -1.6925971377298e-05)
(-2.6980724653099e-05 0.00010374354429972 -2.0004033110676e-05)
(1.5597165385976e-07 -2.6271919553604e-07 -4.1283915192755e-06)
(7.2808510652115e-07 -1.1817618753376e-06 -1.0602266959437e-05)
(2.2552854108898e-09 -5.4797152296112e-09 -7.3307948380746e-08)
(-9.3388397287957e-05 5.1898000498248e-05 -1.9666281299728e-05)
(1.4916238204561e-05 -0.00010742291695323 -1.8968956603396e-05)
(3.7452158492168e-05 0.00010006081673489 -1.9974325895392e-05)
(5.4804928971823e-06 -9.2376727639483e-06 -1.8254176157001e-05)
(3.1098409792752e-05 -5.2664870961062e-05 -2.9136745088364e-05)
(2.3915736673303e-07 -4.007159227932e-07 -6.1867477354776e-06)
(6.6110584648937e-09 -1.2035388626211e-08 -1.4252530658752e-07)
(9.6801667203816e-08 -1.6429445294801e-07 -2.5117397775896e-06)
(-0.00010709912867213 1.1456556933449e-05 -1.9747020308489e-05)
(-1.518042350164e-09 7.7403307497859e-10 -2.3752470748021e-08)
(-6.5537928648121e-05 8.4869014641148e-05 -1.9545256746085e-05)
(3.2481626314959e-07 -5.4132305584207e-07 -7.3271230051853e-06)
(-2.6973716193428e-05 -0.00010409275095441 -1.9536028063444e-05)
(-4.7252647995152e-05 9.6433682031119e-05 -1.9675586419063e-05)
(1.8935297666663e-07 -3.1816603944165e-07 -5.1125619163245e-06)
(-9.2015901023075e-05 -5.0665752712072e-05 -1.9726974113684e-05)
(-5.48691906745e-06 0.00010605334451787 -2.0442655182563e-05)
(2.1135244200925e-09 3.4889538976153e-09 -6.0229041656168e-09)
(2.5974659088676e-08 -4.5484900629418e-08 -5.4309826992769e-07)
(-1.8968490316679e-09 7.704647509482e-10 -6.9899462599538e-09)
(4.2239260836664e-06 -6.9643106157025e-06 -1.6244463162486e-05)
(-7.9926934298059e-05 -6.891604637749e-05 -1.9759230342487e-05)
(-0.00010146370985191 -3.094836648418e-05 -1.9732861220695e-05)
(4.2184727745816e-09 -8.6945988943062e-09 -1.019964872013e-07)
(-0.00010665478740165 -1.0040181770416e-05 -1.9735259759937e-05)
(-2.828980964965e-09 2.2749279241941e-09 -1.0453279284321e-08)
(5.2865951726243e-05 -9.2396363912287e-05 -1.9616439115412e-05)
(1.1213315157325e-05 -1.9300640477433e-05 -2.4549278537798e-05)
(1.222236242083e-07 -2.0642421569999e-07 -3.257333616592e-06)
(-4.6722520498247e-05 -9.6165617115575e-05 -1.9700226179615e-05)
(4.4882731199034e-05 7.9538190756703e-05 -2.5350189428727e-05)
(3.0853850863951e-05 5.6624406836338e-05 -2.9016624251759e-05)
(1.9084942880472e-05 3.4160445421058e-05 -2.8073328427944e-05)
(1.0925398865916e-05 1.9035482717996e-05 -2.4380057756821e-05)
(6.8453263357369e-06 1.1702343103579e-05 -2.0514447803038e-05)
(5.343349428691e-06 9.1650787538105e-06 -1.7955489084866e-05)
(4.8006924632796e-06 8.403373551575e-06 -1.6709943886622e-05)
(3.9652790690802e-06 7.0273396006504e-06 -1.6036565880941e-05)
(3.107110119058e-06 5.5236883213792e-06 -1.5158774798682e-05)
(2.2119947789573e-06 3.9336382580493e-06 -1.4242156038756e-05)
(1.3174302533891e-06 2.3478188698813e-06 -1.3108957776707e-05)
(8.0687018763375e-07 1.4274806004845e-06 -1.1678294897335e-05)
(6.8332197703436e-07 1.1898177773978e-06 -1.0396316017118e-05)
(6.0277205400697e-07 1.0514669318962e-06 -9.3541426473547e-06)
(4.3331799128724e-07 7.5816943127307e-07 -8.3027945824882e-06)
(2.9119169604004e-07 5.0817241292859e-07 -7.169340244162e-06)
(2.2588129864603e-07 3.9237785341726e-07 -6.0398610634583e-06)
(1.7866549513508e-07 3.0804631707948e-07 -4.9830509345039e-06)
(1.4925260635707e-07 2.5773589320624e-07 -4.0175579476185e-06)
(1.1952163992404e-07 2.0632366511949e-07 -3.1629895507514e-06)
(9.3781022505386e-08 1.6272608584747e-07 -2.435993551219e-06)
(7.4079463622437e-08 1.3032237018765e-07 -1.8394758754442e-06)
(5.494653050477e-08 9.7777717535551e-08 -1.3661650072556e-06)
(4.4202937940453e-08 7.9388450291888e-08 -1.0024307275909e-06)
(3.3925531715854e-08 6.0545607170548e-08 -7.2756876287136e-07)
(2.6074608802272e-08 4.5407943392821e-08 -5.2429458669561e-07)
(2.1169644232247e-08 3.6393193255589e-08 -3.7639476083018e-07)
(1.6124502078556e-08 2.744514232027e-08 -2.6998388096342e-07)
(1.2030724239997e-08 2.068389229076e-08 -1.9323597544348e-07)
(8.1541995265429e-09 1.4374395552024e-08 -1.3789328607571e-07)
(6.1476780555195e-09 1.139823794439e-08 -9.7848512366354e-08)
(5.7886490273584e-09 1.0793886651302e-08 -6.9931723059524e-08)
(4.3154293905065e-09 7.6320641309031e-09 -5.0295102852509e-08)
(4.0246228616907e-09 6.5812527849426e-09 -3.6134995435389e-08)
(2.9273971809487e-09 4.375330508954e-09 -2.5956487005209e-08)
(2.0707870975991e-09 2.8973913935322e-09 -1.8681599959643e-08)
(2.0193956941247e-09 3.2619668039368e-09 -1.333271347081e-08)
(1.3007176175551e-09 2.5498706897232e-09 -9.4659253876864e-09)
(8.9254451983008e-07 -1.4294448711684e-06 -1.1922816621269e-05)
(4.4245980933517e-05 -7.3194910698525e-05 -2.6562454659152e-05)
(-8.1138086611745e-05 6.9863276628453e-05 -1.9572331112656e-05)
(-0.00010255673401148 3.2359610828043e-05 -1.9736658845763e-05)
(-6.10255932854e-06 -0.00010774918051799 -1.9300438822291e-05)
(1.9323773316425e-05 -3.3290340904488e-05 -2.8005948630507e-05)
(1.6387033834908e-05 0.00010436702564628 -2.0791231678096e-05)
(4.6772505987229e-07 -7.7577027745184e-07 -8.4668180877368e-06)
(3.3911325537588e-08 -6.0159501110078e-08 -7.5353811636979e-07)
(4.5861370744053e-08 -8.1522410751298e-08 -1.0366817574912e-06)
(-2.6073072271642e-09 1.9855466946448e-09 -1.5115823480191e-08)
(1.4841380424534e-06 -2.4128570326272e-06 -1.3349402682268e-05)
(5.7603538592869e-05 9.3679344123173e-05 -1.7597098583835e-05)
(7.7103381298945e-10 -2.635948362704e-09 -5.2934240639892e-08)
(3.489487019554e-05 -0.00010341225810197 -1.8488102154461e-05)
(1.6559067822988e-09 3.9176822164932e-09 -6.9736280656645e-09)
(5.7570387863852e-08 -1.0130880098937e-07 -1.4116110480731e-06)
(1.9514094503152e-08 -3.4079981534238e-08 -3.8974170310193e-07)
(5.7892166880757e-10 3.9049712881513e-09 -6.9818199269051e-09)
(6.4127483020612e-07 -1.0570968776063e-06 -9.5280164370175e-06)
(9.83476922982e-09 -1.7225712227732e-08 -1.9972692111805e-07)
(-3.1391873770824e-10 -8.4289897237166e-10 -3.8359946695631e-08)
(1.0502883525948e-09 4.4177435512085e-09 -7.0489299846414e-09)
(1.009622966923e-10 4.6060972733659e-11 -8.2494845951315e-09)
(3.8506810552519e-10 -1.421589708181e-09 -8.0749349448651e-09)
(-1.9751449413219e-10 -1.7291898720952e-09 -7.4951541535687e-09)
(-3.1600488395805e-10 -1.8461397902909e-09 -7.0965965399829e-09)
(3.5174084531346e-12 -1.8759434147849e-09 -6.8605952805197e-09)
(5.1493993649e-10 -1.7139509706061e-09 -6.6403269437194e-09)
(6.0184934739429e-10 -1.1764399009029e-09 -6.7721782194037e-09)
(1.0139548991229e-09 -1.7491673471989e-10 -6.7911489072863e-09)
(1.5687722996694e-09 1.2037421627305e-09 -6.8636063475255e-09)
(1.9566321297312e-09 2.5667304664385e-09 -7.0476721721283e-09)
(1.4527358248772e-09 3.0433493793439e-09 -6.8225200769393e-09)
(6.1195060295841e-10 2.9105179362304e-09 -6.8568554578972e-09)
(-2.7272954064092e-10 2.3802178191214e-09 -6.819795387565e-09)
(-1.0210906721113e-09 1.7429191302712e-09 -6.6248036085486e-09)
(-1.4770526627074e-09 1.148685904312e-09 -6.6493353938567e-09)
(-1.7649394501467e-09 8.0668903277493e-10 -6.7167022436099e-09)
(3.2641973037902e-06 -8.3924291930608e-06 -1.6553749226888e-05)
(4.2089415746158e-06 -1.1111315169191e-05 -1.9374791688613e-05)
(1.4720294307148e-08 -2.5636004555939e-08 -2.7964397310519e-07)
(-8.801214891926e-05 7.2177002644968e-07 -2.628544790911e-05)
(9.6067765394937e-08 -2.5586655635839e-07 -3.6792117923671e-06)
(-6.0811513715075e-05 6.3838929138323e-05 -2.6060214875593e-05)
(2.1189441151177e-05 -8.8899274146929e-05 -2.5408981963396e-05)
(-7.0628963690942e-05 -4.9057799850874e-05 -2.6215321961837e-05)
(3.6674349887182e-05 -8.7223703041749e-05 -2.4458634945223e-05)
(-8.1257072478196e-05 3.5046078929171e-05 -2.6170567490501e-05)
(2.0026715995259e-06 -5.1742698037467e-06 -1.4909274294561e-05)
(-1.4047119524873e-05 8.5189439812413e-05 -2.6700218258547e-05)
(1.9354295083094e-07 -4.9758154441889e-07 -6.7542619283583e-06)
(-4.7113399809288e-05 7.4757851338762e-05 -2.6143081267668e-05)
(-1.3534073764356e-05 -8.8113899704748e-05 -2.5992898822917e-05)
(3.5556606712911e-10 2.7019290008434e-09 -8.7279240602132e-09)
(1.1966868729453e-07 -3.1328496612779e-07 -4.6093748564775e-06)
(4.7958887298323e-07 -1.2200486179302e-06 -1.0051018907438e-05)
(6.5781457485222e-10 -3.5764665610106e-09 -6.2307546488226e-08)
(5.7390666355998e-11 1.4893692576525e-09 -8.5406151756312e-09)
(2.6483566554032e-06 -6.7924021846795e-06 -1.5815912407567e-05)
(5.8510259342479e-08 -1.5798262510098e-07 -2.188711439363e-06)
(7.7669287629276e-07 -1.9781918134216e-06 -1.2663872040897e-05)
(-7.9777561028767e-05 -3.364428796528e-05 -2.6212038218879e-05)
(2.2634686232415e-05 7.7092869622615e-05 -2.7564841820175e-05)
(-2.5110712353749e-09 2.1206474036644e-09 -9.6018173845996e-09)
(-7.2461370940938e-05 5.0472610690633e-05 -2.6082705990924e-05)
(-3.1291854473643e-05 8.2057051153016e-05 -2.6360669543108e-05)
(3.6413616436033e-08 -1.0153913134286e-07 -1.2120663040802e-06)
(6.0359413311613e-06 -1.620720009041e-05 -2.2631909303857e-05)
(3.6129776835747e-06 -9.3793814936704e-06 -1.743932591766e-05)
(4.6848734441471e-08 -1.2945940874804e-07 -1.6401750789671e-06)
(1.2233428909605e-09 3.8475040881706e-09 -9.0278279562563e-09)
(7.5217966035799e-08 -2.0422109482962e-07 -2.8685666170746e-06)
(-3.0078653205357e-05 -8.2512618399576e-05 -2.6219681669575e-05)
(1.5032685113433e-07 -3.9015158682559e-07 -5.6415379174518e-06)
(1.5231063894258e-05 4.6527972743982e-05 -2.9009350001737e-05)
(9.0268661105742e-06 2.5600422303042e-05 -2.5988960075063e-05)
(5.3944930270893e-06 1.4585301785607e-05 -2.1844443070054e-05)
(3.88826435583e-06 1.0350630596267e-05 -1.8690656768428e-05)
(3.4322717898306e-06 9.3091596678164e-06 -1.7005080300352e-05)
(3.0093572039048e-06 8.325776824415e-06 -1.6275411701125e-05)
(2.3620473020749e-06 6.6045409763368e-06 -1.5514484083844e-05)
(1.7431712624097e-06 4.9488519015323e-06 -1.4599375446492e-05)
(1.1165732831164e-06 3.1677080554729e-06 -1.3582883305988e-05)
(6.4470637768129e-07 1.8098931021536e-06 -1.2222748853761e-05)
(4.8444447151122e-07 1.3430910442996e-06 -1.0840684563342e-05)
(4.3751804456084e-07 1.2066182959094e-06 -9.7275028986142e-06)
(3.429561754536e-07 9.5094530194342e-07 -8.7029363861106e-06)
(2.3599830586808e-07 6.4425224650504e-07 -7.595196453028e-06)
(1.6912941204434e-07 4.6092247612586e-07 -6.4543515094261e-06)
(1.3461975463183e-07 3.6688493494321e-07 -5.3662512704979e-06)
(1.0926173899192e-07 2.9625824324826e-07 -4.365199639137e-06)
(8.8705682015787e-08 2.4232617565863e-07 -3.4669788119379e-06)
(7.1080715984682e-08 1.937408108053e-07 -2.6911918891934e-06)
(5.5703184370544e-08 1.5275650312465e-07 -2.0462530056898e-06)
(4.3324842416103e-08 1.2094045858599e-07 -1.5291206548316e-06)
(3.3645422475437e-08 9.3419409197174e-08 -1.1267804553695e-06)
(2.6210362665427e-08 7.2542701924973e-08 -8.2099797101605e-07)
(2.074897435209e-08 5.5283333210474e-08 -5.9302995014287e-07)
(1.6722830273684e-08 4.2893132887587e-08 -4.2650580843644e-07)
(1.3059656629203e-08 3.2428528535253e-08 -3.0605562639399e-07)
(1.0019193700665e-08 2.4527425946562e-08 -2.1897773293982e-07)
(7.4150168394511e-09 1.8389225631488e-08 -1.5650485755037e-07)
(5.4133628657452e-09 1.3770768222777e-08 -1.1160917541907e-07)
(4.621352818616e-09 1.1655143937093e-08 -7.9555172293053e-08)
(4.150727044345e-09 9.743546038174e-09 -5.7040954642369e-08)
(3.5915315617879e-09 7.7375067933184e-09 -4.1053654820784e-08)
(2.8616797121838e-09 5.7066343264253e-09 -2.9909606502137e-08)
(2.1539526328375e-09 3.5302125284964e-09 -2.1593597937596e-08)
(1.5798144389841e-09 2.8695987889704e-09 -1.5348425342325e-08)
(1.4642666885962e-09 3.2630578288999e-09 -1.144529983447e-08)
(5.4101574637915e-07 -1.3703611245793e-06 -1.1234110829438e-05)
(-8.6678625276675e-05 1.8288348929719e-05 -2.6256977777312e-05)
(4.1789574116286e-06 -8.9525288037503e-05 -2.5855457480262e-05)
(1.0355442738848e-05 -2.7941562983859e-05 -2.6487765884216e-05)
(1.7410589595756e-05 -4.6982720363137e-05 -2.8999849871907e-05)
(-4.5245375899546e-05 -7.371384183271e-05 -2.6310561076753e-05)
(3.8683399004539e-06 8.3665744601459e-05 -2.7138324562003e-05)
(2.7411672773711e-07 -7.0522060573099e-07 -7.9054578865325e-06)
(2.0871908898424e-08 -5.7400376865094e-08 -6.4030254643546e-07)
(2.791275344793e-08 -7.7841595025371e-08 -8.8537701928696e-07)
(-2.6254105237554e-09 2.6731579416585e-09 -1.382907246294e-08)
(-8.576340766879e-05 -1.6881007007061e-05 -2.6255336706622e-05)
(3.782789692081e-09 -1.1297653153667e-08 -1.2071943693306e-07)
(-1.9324576669469e-10 -1.3432060527527e-09 -4.4835447750985e-08)
(8.3034835841382e-10 3.4725316862093e-09 -8.9002932456284e-09)
(1.3377014084419e-06 -3.4702016839576e-06 -1.3954256182516e-05)
(-1.8642958104275e-09 1.037324615777e-09 -2.0745709721863e-08)
(5.7152893880451e-09 -1.5533492946327e-08 -1.6872757627381e-07)
(-5.8780502851444e-05 -6.2410998344501e-05 -2.6284909499763e-05)
(1.9289418452152e-09 -6.7714754941596e-09 -8.6801140836393e-08)
(3.9104439235222e-07 -1.0058625703671e-06 -9.0104054397742e-06)
(2.6679548342691e-05 -6.8965805270704e-05 -2.8349534571184e-05)
(1.5879417892544e-08 -4.3130676341977e-08 -4.6056957909979e-07)
(-2.1737506593876e-10 -8.6462128997779e-10 -1.015621177569e-08)
(6.6037396878643e-10 -1.7776742960592e-09 -9.7762262933808e-09)
(7.8079701114129e-10 -1.8688357292276e-09 -9.4939952352412e-09)
(1.4132971799928e-09 -1.7772629928018e-09 -9.2658753815869e-09)
(1.8063790756998e-09 -1.3651155394917e-09 -9.2333353898285e-09)
(2.0459327391578e-09 -5.0072949300364e-10 -9.3714027586405e-09)
(2.8175751153585e-09 8.4039427424546e-10 -9.542965061197e-09)
(2.4629485206669e-09 1.825113677367e-09 -9.7064341581079e-09)
(2.0850253315228e-09 2.9290520210275e-09 -9.7162830691984e-09)
(1.3752047681974e-09 3.5210564528105e-09 -9.6282938260945e-09)
(3.8210722642746e-10 3.3841822572248e-09 -9.5263814272648e-09)
(-5.9994491023945e-10 2.9217236772167e-09 -9.2245697546125e-09)
(-1.3790602902215e-09 2.3919234762323e-09 -8.88369981265e-09)
(-1.9969037733311e-09 2.0622063974859e-09 -9.0410200770232e-09)
(3.5202781440513e-08 -1.9019945625712e-07 -2.5129276901534e-06)
(2.5827791444064e-06 -1.3716928539752e-05 -2.0875109061196e-05)
(-1.7815375079024e-05 6.0556938516823e-05 -2.9214723253041e-05)
(-5.5243167635993e-05 -3.0318829221472e-05 -2.8996355991222e-05)
(2.3792376822946e-10 1.5533948242704e-09 -1.0869800607262e-08)
(1.7633439175907e-07 -8.8307205494422e-07 -8.473133876429e-06)
(5.7887864865869e-08 -2.9755553872523e-07 -4.1313195617527e-06)
(-1.2669364697582e-10 6.4041420417924e-10 -1.0566346947363e-08)
(-4.0877906544919e-05 5.1542541470768e-05 -2.895264263002e-05)
(8.3660544437545e-09 -2.2258752423689e-08 -2.3643662907894e-07)
(-1.191525398998e-09 4.3173869320417e-10 -2.8093340994722e-08)
(4.4872557088917e-08 -2.3903486155475e-07 -3.2589814159974e-06)
(4.1243063651057e-06 -2.2316404208114e-05 -2.464631752495e-05)
(8.8521901512254e-07 -4.6098237502052e-06 -1.4458755189013e-05)
(-3.7814000624518e-05 -4.976166961668e-05 -2.8968649745817e-05)
(1.7689765744978e-08 -9.5423419597139e-08 -1.0378834997537e-06)
(-6.4594244342347e-05 -5.7906325563169e-06 -2.9121435168622e-05)
(1.6158640139655e-06 -8.0301384035696e-06 -1.62032990429e-05)
(9.2652059959856e-08 -4.490667729614e-07 -6.1914370056062e-06)
(2.3602173727402e-07 -1.1879676791855e-06 -9.534209230701e-06)
(1.2394537037495e-06 -6.2845255147035e-06 -1.5353241372302e-05)
(-3.3490646239714e-10 -1.4065848762858e-10 -1.0412547776836e-08)
(-6.2430787953964e-05 1.9996900068795e-05 -2.9088301711865e-05)
(-6.1102284326256e-05 -1.8512654538567e-05 -2.9075589295462e-05)
(3.2344601502953e-07 -1.6331538754731e-06 -1.1945674950752e-05)
(-5.7271023849608e-05 3.1900966625916e-05 -2.8998420791574e-05)
(-2.9967475310399e-05 5.7592658263163e-05 -2.9071553948784e-05)
(6.4326333410749e-06 5.6180483618804e-05 -2.9293980807603e-05)
(1.8614201617203e-06 -9.3571377743367e-06 -1.6905226339671e-05)
(2.2728730679251e-08 -1.2298389424221e-07 -1.4126140003397e-06)
(2.6704292992774e-07 -1.3275784021407e-06 -1.0613824897315e-05)
(2.0353062886256e-06 -1.0448507758849e-05 -1.8242186382772e-05)
(-1.5620755828652e-05 -6.239367483825e-05 -2.9028139515515e-05)
(7.3520613419027e-08 -3.6300232416694e-07 -5.1156919987519e-06)
(4.8267983451125e-06 3.2123910047969e-05 -2.717007727151e-05)
(3.0895876687435e-06 1.7662559282322e-05 -2.3068114087277e-05)
(2.1424058768103e-06 1.1449754910476e-05 -1.9477389307992e-05)
(1.886969311744e-06 9.8473562821462e-06 -1.7351831895971e-05)
(1.7110273391563e-06 9.054437450975e-06 -1.6452618261577e-05)
(1.3845361255424e-06 7.5032597492654e-06 -1.5782129894726e-05)
(1.0277497961597e-06 5.7414760356797e-06 -1.4890484871694e-05)
(6.880670317732e-07 3.9004259799939e-06 -1.3944951377661e-05)
(4.0012260680942e-07 2.2392308839313e-06 -1.2682288038426e-05)
(2.7054887136603e-07 1.4757542354083e-06 -1.1246532122403e-05)
(2.3757050548489e-07 1.3098788597158e-06 -1.0049496329211e-05)
(1.997245488485e-07 1.0948378261762e-06 -9.0269683334873e-06)
(1.4250412039162e-07 7.607948296231e-07 -7.9469491959493e-06)
(1.0051659638204e-07 5.3360282910956e-07 -6.8046550593007e-06)
(7.6601483059976e-08 4.0578098179682e-07 -5.6948932234674e-06)
(6.265146603078e-08 3.3327405285385e-07 -4.6650630400658e-06)
(5.1277567049243e-08 2.7040861116216e-07 -3.7329113548382e-06)
(4.1330067627525e-08 2.176967909924e-07 -2.9177418415104e-06)
(3.2445064154989e-08 1.7147070853461e-07 -2.2317588229527e-06)
(2.5505615875633e-08 1.3640545104175e-07 -1.6760296886405e-06)
(1.9973618878186e-08 1.0791382734786e-07 -1.240251240727e-06)
(1.6098924729756e-08 8.3643723389907e-08 -9.0697269854571e-07)
(1.2636338379025e-08 6.2619759094665e-08 -6.5682108487413e-07)
(1.0965357108482e-08 4.9130320376793e-08 -4.7285146167299e-07)
(8.958078733332e-09 3.724590628921e-08 -3.3959912693815e-07)
(7.0059520066972e-09 2.8033980771595e-08 -2.4324394935952e-07)
(5.4073088443139e-09 2.0754292007993e-08 -1.7389320725827e-07)
(4.1779278201108e-09 1.622165679239e-08 -1.2419227739354e-07)
(3.5844226943315e-09 1.3425045759129e-08 -8.8667138872548e-08)
(3.2263357532693e-09 1.0733343434975e-08 -6.3675679783299e-08)
(3.0283259669722e-09 8.4637776634116e-09 -4.5817852759024e-08)
(2.5753169818629e-09 6.530335828297e-09 -3.3467010108662e-08)
(1.8895890791972e-09 4.0636784920493e-09 -2.4653249335756e-08)
(1.3028906264024e-09 2.967462977686e-09 -1.7558158119743e-08)
(-6.5069792888497e-05 7.2246848830779e-06 -2.9131792181052e-05)
(7.3838658730629e-06 -3.863473497261e-05 -2.8071291449691e-05)
(-2.7091235481621e-05 -5.6794963525231e-05 -2.9012290633812e-05)
(-5.4331353355707e-06 6.0270062979674e-05 -2.9297149485618e-05)
(1.2486036816972e-07 -6.0981294649227e-07 -7.3326507504894e-06)
(-4.7385894463627e-05 -4.0892280552638e-05 -2.8953011404517e-05)
(1.0629179408479e-09 3.2381611892855e-09 -1.2086910555355e-08)
(6.5160154368965e-10 2.956407728346e-09 -1.13512095554e-08)
(1.2105144809126e-08 -3.2264598194602e-08 -3.3056340445514e-07)
(2.8185429197498e-08 -1.5204087236212e-07 -1.8987930550423e-06)
(1.5127734748567e-09 -9.7683230583236e-09 -1.0235484462419e-07)
(-8.9162987528418e-10 1.3454891789139e-10 -3.2760494527069e-08)
(-2.2027892406017e-09 2.9602207532347e-09 -1.2810892243171e-08)
(-5.0168248926842e-05 4.2669661524885e-05 -2.8926601334755e-05)
(1.0045070545233e-08 -5.3068250299486e-08 -5.4357079434177e-07)
(-2.0585426192354e-09 1.8724755240511e-09 -1.8303728183574e-08)
(5.3408118098657e-07 -2.8027394520719e-06 -1.33753899609e-05)
(1.1113820356915e-05 -6.4739178975767e-05 -2.9010582447554e-05)
(2.5988379805361e-09 -1.4237212825731e-08 -1.4271916605178e-07)
(-2.0798837023459e-10 -2.1272573716041e-09 -5.2542638950564e-08)
(3.218891504622e-10 -5.2967582663892e-09 -7.3486305869033e-08)
(-3.2621830224059e-06 -6.7345708018062e-05 -2.8928232038113e-05)
(1.3003153828869e-08 -6.9246272273541e-08 -7.54075108343e-07)
(-1.6129701355532e-09 1.5675407601812e-09 -2.4008602250897e-08)
(5.4392862703345e-09 -2.7581624506304e-08 -2.799218850127e-07)
(6.9597059145941e-10 -1.2579004044367e-09 -1.327504975938e-08)
(1.8929548143873e-09 -1.5176934600825e-09 -1.3120248871674e-08)
(2.6993741601685e-09 -1.4471697787767e-09 -1.3182690362192e-08)
(2.9237606103967e-09 -9.7005867971985e-10 -1.3163405211442e-08)
(2.7649075493283e-09 -2.5430431665004e-10 -1.3348604830415e-08)
(2.6708192171605e-09 9.0376045437788e-10 -1.3490979115095e-08)
(2.7678968816238e-09 2.3638481701792e-09 -1.3458761079907e-08)
(1.914198468348e-09 2.8730470291581e-09 -1.3634187670065e-08)
(9.1146702548635e-10 3.2599872291284e-09 -1.339464828848e-08)
(-9.8655805902558e-11 3.3584603200332e-09 -1.3026051066725e-08)
(-1.0347609925848e-09 3.3086185454974e-09 -1.2519256293683e-08)
(-1.7106637995901e-09 2.9165919141021e-09 -1.1595291697916e-08)
(1.8122353014098e-08 -7.2990700992479e-07 -7.9134215080085e-06)
(-4.2040210114399e-05 -7.9731165489087e-06 -2.8579365051967e-05)
(2.6812686375176e-09 -1.7559162815712e-07 -2.190528242215e-06)
(-4.2961651242616e-05 9.3549322644956e-06 -2.8656031458988e-05)
(3.9158423358928e-09 -2.0299563518767e-08 -1.9983588188235e-07)
(1.6880761672632e-07 -8.8886500848361e-06 -1.6546928738297e-05)
(-4.0726492688775e-05 1.7782061593307e-05 -2.8621481364269e-05)
(7.756822418197e-10 2.4800196084969e-09 -1.5437828461853e-08)
(-1.696798206227e-05 3.8817834030456e-05 -2.8462022583747e-05)
(-3.1265327657176e-05 3.1749425678246e-05 -2.8563254733862e-05)
(2.3636460420893e-08 -1.2985053774212e-06 -1.0059614885886e-05)
(-2.0648554098824e-05 -3.4216954969017e-05 -2.8078953981351e-05)
(1.7672860923074e-07 -1.7496956451327e-05 -2.2736726277317e-05)
(4.8069575767325e-09 -2.6898853252045e-07 -3.6803468593607e-06)
(2.0275120051849e-08 -1.0504754011148e-06 -9.0184300456603e-06)
(1.3442416738967e-10 -7.4548651327206e-10 -1.3429264911334e-08)
(1.5677429586833e-09 -6.1475625527151e-08 -6.4104039323669e-07)
(-5.1713886512873e-10 -4.1700964464602e-10 -3.7730457841989e-08)
(8.9260954265572e-08 -5.602259127072e-06 -1.489270087218e-05)
(1.4488201184755e-07 -7.2481231815002e-06 -1.5795687497042e-05)
(-3.6835164821831e-05 2.5367588311955e-05 -2.8584893969587e-05)
(-3.4121045211146e-05 -2.3582246525617e-05 -2.8327744024712e-05)
(-8.9229149471891e-11 -9.2829874475301e-10 -1.3423521778342e-08)
(1.1422140121312e-08 -3.9426159605951e-07 -5.6448754441983e-06)
(2.5090283336416e-08 -1.3897116604697e-06 -1.1249141880404e-05)
(3.1782659132857e-09 -2.125395402739e-07 -2.8713516524092e-06)
(2.383999742007e-09 -8.0922435951633e-08 -8.8633953845588e-07)
(-2.4621306493167e-05 3.6373142872824e-05 -2.8536392510045e-05)
(1.5800846021045e-08 -5.1306691400236e-07 -6.7589733934655e-06)
(2.3649455835967e-10 1.057280341799e-09 -1.3741476481205e-08)
(2.7792987662125e-08 -2.1242040058677e-06 -1.2703027335153e-05)
(2.721122272473e-09 -1.1265410459199e-07 -1.2128028156748e-06)
(7.8936216603519e-09 -3.3128322829173e-07 -4.6117456871469e-06)
(1.6040991097003e-07 -9.9694357268074e-06 -1.7443739415083e-05)
(-1.4558022129073e-06 3.6561580683581e-05 -2.7881183339132e-05)
(-1.7643018188133e-07 2.0262801014751e-05 -2.4069445659085e-05)
(1.3374596303376e-07 1.2631406862755e-05 -2.0217202886338e-05)
(2.4782651693016e-07 1.0071251693774e-05 -1.7744475167216e-05)
(2.781598842428e-07 9.4628654611655e-06 -1.6609858562422e-05)
(2.2728936457041e-07 7.954467428831e-06 -1.5980800906807e-05)
(1.538233236348e-07 6.2641286136676e-06 -1.5119481814115e-05)
(9.69012218002e-08 4.4747687495639e-06 -1.4215477962533e-05)
(6.2812715997669e-08 2.6042032309938e-06 -1.3052494119408e-05)
(4.1120545827561e-08 1.5962139634084e-06 -1.1600922522489e-05)
(3.2433654552792e-08 1.3590237077634e-06 -1.0323897746486e-05)
(2.926248261571e-08 1.191196928126e-06 -9.2891375863739e-06)
(2.3997035843595e-08 8.568487658743e-07 -8.231027696774e-06)
(1.9139405741392e-08 5.676871476009e-07 -7.0935181746921e-06)
(1.2954955534743e-08 4.4558779749757e-07 -5.968608867236e-06)
(9.8285432175844e-09 3.5008776361671e-07 -4.9166880752485e-06)
(9.3433556079897e-09 2.8846468669482e-07 -3.9581978675467e-06)
(7.5069746987387e-09 2.3538508473282e-07 -3.1116882107336e-06)
(6.2532108125521e-09 1.8151323714884e-07 -2.3927621143856e-06)
(4.8197337580787e-09 1.4969588329351e-07 -1.8041575598059e-06)
(3.8894461665693e-09 1.1527847427153e-07 -1.3392997936857e-06)
(3.53831273001e-09 9.0984948092033e-08 -9.8308199882958e-07)
(3.5232041429038e-09 7.0322255326186e-08 -7.1364096290159e-07)
(3.6700588860347e-09 5.1082700476189e-08 -5.1433874558053e-07)
(3.7656078847173e-09 4.1224021394775e-08 -3.6927953745231e-07)
(3.5629625570255e-09 3.1177026843278e-08 -2.6496305738224e-07)
(3.0261177728743e-09 2.3234918980917e-08 -1.8976493460314e-07)
(2.5579795144321e-09 1.7791230050049e-08 -1.3538362427981e-07)
(2.3941649010336e-09 1.3758070104284e-08 -9.6665520760152e-08)
(2.386584634677e-09 1.2582347969821e-08 -6.990477776025e-08)
(2.266211707188e-09 7.7847306931391e-09 -5.0659478653976e-08)
(2.0490931996316e-09 6.8231085384875e-09 -3.6752868734311e-08)
(1.6764867202183e-09 3.8579390420234e-09 -2.7117759348738e-08)
(1.2257673516971e-09 3.6003180019834e-09 -2.0531847143336e-08)
(-4.335590458078e-05 6.8330511979951e-07 -2.8664738249455e-05)
(2.8053277866665e-07 -3.0004342506063e-05 -2.6535506410661e-05)
(2.4097610955561e-09 -1.3628645736695e-07 -1.6408959163565e-06)
(-2.7799805063638e-05 -2.9613270224014e-05 -2.81853960654e-05)
(7.7920153121956e-09 -3.9474072451116e-08 -3.9061910152282e-07)
(1.8058540466676e-06 -4.8192276046756e-05 -2.8901758259091e-05)
(2.331604694317e-10 -9.2176731942708e-09 -8.6130853581088e-08)
(-3.892217656041e-05 -1.6231653647619e-05 -2.8460407358002e-05)
(-2.0875065390806e-09 3.0792339826568e-09 -1.8679066736698e-08)
(-1.349392371008e-09 2.0280693218864e-09 -2.7120035582756e-08)
(1.4092910949122e-09 -4.7418206366037e-08 -4.6114498557199e-07)
(1.9467807274089e-07 -1.1821081418994e-05 -1.9406271175374e-05)
(-3.0709654185612e-11 2.1354516333242e-10 -1.3707954237172e-08)
(-2.901451940576e-10 -1.1948754088917e-09 -4.4164574140848e-08)
(3.256872608065e-11 -4.0903371816483e-09 -6.1908065277215e-08)
(4.9961711683011e-10 -1.2240839378249e-08 -1.2040308606868e-07)
(4.4561071606672e-08 -3.7974042243401e-06 -1.3988727206077e-05)
(-1.3294259901447e-05 -3.8157772540691e-05 -2.8107002992998e-05)
(6.6715193188512e-10 1.9211705316334e-09 -1.4282818864285e-08)
(-8.9527382240671e-06 3.8764681480138e-05 -2.826131881047e-05)
(1.2078993108919e-09 -1.2735561228118e-09 -1.7918951209922e-08)
(1.8229318491125e-09 -1.1451203243609e-09 -1.7938839961074e-08)
(2.3889611610456e-09 -8.510065259896e-10 -1.7921816523734e-08)
(2.6768128932126e-09 -1.2155381427041e-10 -1.8130896367874e-08)
(2.3165830969963e-09 5.4041542266918e-10 -1.8193802513749e-08)
(1.8254602166054e-09 1.1881073183859e-09 -1.828051319123e-08)
(1.0109624988927e-09 1.8640188105576e-09 -1.8256248057753e-08)
(3.3902400633921e-10 2.9538509684699e-09 -1.7990145741726e-08)
(-6.2567462894939e-10 2.7545956130419e-09 -1.7414782610056e-08)
(-5.9034018667841e-06 -4.3086860908232e-05 -2.8476286110304e-05)
(-2.6875376290518e-05 3.3048119244438e-06 -2.5998534385235e-05)
(-2.6226750778037e-05 8.6470530300185e-06 -2.6048629828759e-05)
(-1.7742577026442e-06 -1.0494871306926e-05 -1.8369067241163e-05)
(-2.6924325156037e-07 -1.6249719009635e-06 -1.1975200736339e-05)
(-2.2581392453285e-05 -1.2105631661956e-05 -2.5662142204648e-05)
(-1.338485262385e-05 2.2710279997777e-05 -2.5740483909033e-05)
(-4.6615867390289e-07 -2.8357756760186e-06 -1.3408232742689e-05)
(-3.7217473387913e-08 -2.4044442271201e-07 -3.2606672046715e-06)
(-8.9695783977063e-08 -5.8852329792439e-07 -7.3382103767598e-06)
(-2.7742794233822e-10 -3.3268250989782e-10 -1.8040712364551e-08)
(-1.0120723913002e-06 -6.3057151909207e-06 -1.5346154350464e-05)
(-5.9087476182314e-10 1.4702342439857e-09 -3.1054953876536e-08)
(-1.3666552285351e-07 -8.6990323609225e-07 -8.4800673703475e-06)
(-2.5046067505055e-05 -7.2623364894223e-06 -2.5803649815432e-05)
(-2.1643597825365e-05 1.7876636209689e-05 -2.605985233139e-05)
(-2.3183227869073e-08 -1.5224098239807e-07 -1.9006175531322e-06)
(-2.4156522366367e-05 1.3394504836307e-05 -2.6078280594906e-05)
(-7.6201586526097e-07 -4.6855325366932e-06 -1.4472298078791e-05)
(2.7472473019313e-10 -9.4468915889093e-10 -1.8090263925315e-08)
(6.7672281709885e-10 -1.1250333098762e-09 -1.7889244373054e-08)
(-5.4001601969608e-08 -3.5486145701051e-07 -5.1174305291999e-06)
(-1.306911130246e-06 -8.0090999652485e-06 -1.6197381969817e-05)
(-2.9345651305576e-08 -1.8946847902173e-07 -2.5148204987723e-06)
(-9.4933225221268e-09 -7.0131878419533e-08 -7.5398438191792e-07)
(-1.8010935358988e-05 2.1073644376092e-05 -2.5955171460027e-05)
(-6.5467914575006e-08 -4.3531954684602e-07 -6.194586280664e-06)
(-1.2561485718638e-08 -9.2534779863231e-08 -1.0382410020802e-06)
(-4.5002805783581e-08 -2.9204664133097e-07 -4.1331674838837e-06)
(-1.5539442596774e-06 -9.3209974321148e-06 -1.6924468190641e-05)
(-9.7363498590889e-06 -2.0910533963093e-05 -2.4660697779412e-05)
(-4.265592689605e-06 2.2335455194604e-05 -2.481234793221e-05)
(-2.1626784709261e-06 1.3390275890732e-05 -2.0927967391055e-05)
(-1.4279772383024e-06 1.0268580581023e-05 -1.8163855647908e-05)
(-1.1674509284754e-06 9.4258544413466e-06 -1.6778099546094e-05)
(-9.977141441387e-07 8.2867677683385e-06 -1.6112265432104e-05)
(-7.9214779398942e-07 6.5757693721299e-06 -1.5309090721307e-05)
(-5.8729641247362e-07 4.8004039700701e-06 -1.441900906919e-05)
(-3.5693242925413e-07 2.9387045750376e-06 -1.3334047258448e-05)
(-2.0295883906367e-07 1.7012074863593e-06 -1.190949316705e-05)
(-1.678959647541e-07 1.3657959818805e-06 -1.0569421840344e-05)
(-1.4949370082987e-07 1.2331202042926e-06 -9.4993975217219e-06)
(-1.0812520155485e-07 9.1684386008272e-07 -8.4604892577738e-06)
(-7.2315939016995e-08 6.2342268821834e-07 -7.3319708002437e-06)
(-5.3027352608511e-08 4.5821384980462e-07 -6.1971258975597e-06)
(-4.4196480707211e-08 3.6894568418936e-07 -5.1287025140682e-06)
(-3.4262022863094e-08 3.0074095906985e-07 -4.1491801210168e-06)
(-2.673236853573e-08 2.40081407054e-07 -3.2772781898943e-06)
(-2.1771483074083e-08 1.9273769234642e-07 -2.5307627601561e-06)
(-1.6888817976848e-08 1.5375518147151e-07 -1.9155403120633e-06)
(-1.3468141613609e-08 1.2273629930034e-07 -1.4265513441729e-06)
(-9.8201130980534e-09 9.7109490666279e-08 -1.0490503559882e-06)
(-6.4939399559032e-09 7.2722568949063e-08 -7.6317350289425e-07)
(-4.2088776487721e-09 5.5984830686962e-08 -5.5077736913349e-07)
(-2.0245917619514e-09 4.2241440748219e-08 -3.9603634640565e-07)
(-3.728466575981e-10 3.1865152323882e-08 -2.8399520127556e-07)
(1.8154055954334e-10 2.4381559410868e-08 -2.0325782443954e-07)
(6.7890112230423e-10 1.8308339621844e-08 -1.4540311206979e-07)
(1.1057658531837e-09 1.4544104104542e-08 -1.0418035794448e-07)
(1.5646740355771e-09 1.1458186441424e-08 -7.5639213381336e-08)
(1.6014916555718e-09 8.3247441262314e-09 -5.5312683681378e-08)
(1.574423587843e-09 6.1210864856429e-09 -4.0435059492651e-08)
(1.3731799864145e-09 3.7324805867519e-09 -2.9420718810315e-08)
(-1.7510855454043e-08 -1.2129917697112e-07 -1.4137102215659e-06)
(-1.467562518981e-05 -1.9201586886805e-05 -2.5051273314473e-05)
(-1.9065676097458e-05 -1.6175760969278e-05 -2.5410728709403e-05)
(1.6591945708608e-10 7.0685318208576e-10 -1.8119205035085e-08)
(-2.0089724709817e-06 -1.3788062361827e-05 -2.0901984419627e-05)
(-1.8797462601455e-07 -1.1665546010875e-06 -9.5417717433465e-06)
(-4.632029164188e-06 -2.2767500697633e-05 -2.4736465916672e-05)
(1.0234855823896e-09 2.4073579210921e-09 -2.058346284709e-08)
(-1.6253566916846e-09 3.1037423424927e-09 -1.5810660901245e-08)
(9.4934569339993e-11 -5.9250023388807e-09 -7.2077382902988e-08)
(-2.6501047327424e-05 -2.0852873696809e-06 -2.5920050734711e-05)
(1.0530941240715e-09 -2.5186033515074e-08 -2.368888735673e-07)
(-2.1413249731901e-07 -1.3102341718064e-06 -1.0627617486329e-05)
(-6.3354482734397e-11 -1.6829433190271e-10 -3.6630635964991e-08)
(6.6989570462976e-10 -1.8317699612896e-08 -1.6893895787515e-07)
(-1.4132545850968e-10 2.2678976204187e-10 -1.8034489890145e-08)
(1.2845230927326e-10 -2.5717427763944e-09 -5.104868348813e-08)
(-6.850080231493e-10 -1.0316670275323e-08 -1.0109144227094e-07)
(-1.1601471047578e-09 2.4243904104177e-09 -2.1894866664234e-08)
(-7.0994799004389e-09 -5.3733086865216e-08 -5.4404598353626e-07)
(5.1369385468889e-10 1.3441955476235e-09 -1.7694370080038e-08)
(-8.8401056303005e-06 2.3140349650698e-05 -2.5346175154332e-05)
(1.4063646570033e-09 -3.3226874476965e-08 -3.3083172202011e-07)
(1.8523602513754e-09 -8.6507872571324e-10 -2.3895351054077e-08)
(1.8421173818462e-09 -1.0604441396102e-09 -2.3849684224204e-08)
(1.6151968048709e-09 -8.2600050754705e-10 -2.380715784306e-08)
(1.8916507962909e-09 8.9525138737397e-11 -2.3952608028341e-08)
(1.1962979571889e-09 3.9177360105757e-10 -2.391050786298e-08)
(7.0880648299139e-10 1.511025182094e-09 -2.3967709496424e-08)
(-4.2294060558448e-07 -1.1946133125521e-06 -1.0069428002566e-05)
(-3.4112681208007e-06 -9.3373543540564e-06 -1.7558630332517e-05)
(-1.6327716862431e-07 -4.7312801750573e-07 -6.7620757999213e-06)
(-3.0554883598745e-09 -2.8334730134809e-08 -2.7989074328903e-07)
(-4.4858765462166e-06 -1.226532404689e-05 -2.0364326192335e-05)
(2.4418185748578e-10 -7.2041692646932e-10 -2.3864436089714e-08)
(-1.6264611245093e-05 -2.816297125217e-06 -2.2428260805515e-05)
(-5.5681149569649e-11 2.1109014772901e-09 -2.4825597119151e-08)
(-2.6623348218781e-11 1.1383437149856e-09 -2.3385060959422e-08)
(-4.7773585526659e-07 -1.3400207163627e-06 -1.1270119235193e-05)
(-1.0178930224017e-05 1.3477990299529e-05 -2.239829587218e-05)
(-1.4569016385813e-05 9.7835877703212e-06 -2.2674743613225e-05)
(-2.3412411108664e-07 -6.7450074465626e-07 -7.918108604536e-06)
(-6.8087512190597e-08 -2.0439077789627e-07 -2.8718275248534e-06)
(-1.2489179108892e-05 1.1881692098999e-05 -2.2610910862818e-05)
(-1.0423831533023e-07 -3.0584403196936e-07 -4.6135523003702e-06)
(-2.4092318454374e-06 -6.8052648436604e-06 -1.5800885304294e-05)
(-4.9314858712079e-09 -3.963407854045e-08 -3.9112983708877e-07)
(-1.2538075979281e-06 -3.563156529238e-06 -1.4001372702795e-05)
(-9.413940849998e-10 1.0498668621495e-10 -2.3775008188284e-08)
(-6.2774622687263e-10 -2.4501214933948e-10 -2.383225025819e-08)
(-1.3268022255336e-05 -8.7292787028235e-06 -2.2162521705557e-05)
(-1.6507581707673e-05 5.4425792714559e-07 -2.2500593893914e-05)
(-1.2607662147454e-07 -3.6910726183451e-07 -5.6466474589861e-06)
(-2.4035453562132e-08 -7.6303113441639e-08 -8.8562074488171e-07)
(-8.519487587438e-08 -2.5172124112597e-07 -3.6826132670702e-06)
(-2.9891640987096e-06 -8.3434033439856e-06 -1.6550974807994e-05)
(-1.6460223964493e-05 3.7891605227028e-06 -2.2582724931725e-05)
(-7.1409269221535e-07 -1.9959726867038e-06 -1.2723174471552e-05)
(-4.7584271792548e-06 1.3984217691074e-05 -2.1519336032741e-05)
(-3.1395033279747e-06 1.0273742546255e-05 -1.8573038245311e-05)
(-2.5817749095874e-06 9.2424406136807e-06 -1.6960106163643e-05)
(-2.2405786370138e-06 8.3586230517034e-06 -1.6236079210463e-05)
(-1.7620931556013e-06 6.6034413070481e-06 -1.5463246032229e-05)
(-1.3354145810342e-06 5.0035761536365e-06 -1.4581758930771e-05)
(-8.442673600556e-07 3.1568925264668e-06 -1.357273421477e-05)
(-4.652326210466e-07 1.7509175106192e-06 -1.217873666391e-05)
(-3.6757476278849e-07 1.3660286051347e-06 -1.0787953547819e-05)
(-3.2826192334749e-07 1.2244497407946e-06 -9.6865122876211e-06)
(-2.5096080562448e-07 9.5388451424811e-07 -8.6597180601817e-06)
(-1.6849774229875e-07 6.4558937075248e-07 -7.5392751551055e-06)
(-1.191769779402e-07 4.5880767484336e-07 -6.3973121039159e-06)
(-1.003067584257e-07 3.8066984456494e-07 -5.3154218097557e-06)
(-7.8057279960401e-08 2.9485338516068e-07 -4.3193340807502e-06)
(-6.1409056673851e-08 2.4095514116258e-07 -3.4255501328131e-06)
(-4.994469230481e-08 1.9697241941764e-07 -2.65468303832e-06)
(-3.833812161032e-08 1.5225371006265e-07 -2.0164378451057e-06)
(-3.2037032875787e-08 1.2771565348082e-07 -1.5059888470138e-06)
(-2.3274001856708e-08 9.5315992959823e-08 -1.1096747580278e-06)
(-1.7452331277326e-08 7.5331302520462e-08 -8.0853475777807e-07)
(-1.2478015367862e-08 5.7986168044105e-08 -5.8417574160779e-07)
(-7.9860837534437e-09 4.1881520333275e-08 -4.2081388990606e-07)
(-5.1421539225888e-09 3.2574435903285e-08 -3.0180130423427e-07)
(-2.9717601913986e-09 2.440077636081e-08 -2.157901278549e-07)
(-1.4855315764817e-09 1.8692344011013e-08 -1.5495705233177e-07)
(-3.2953934389329e-10 1.3598040649492e-08 -1.1160234852489e-07)
(4.6271920272008e-10 1.0148001456183e-08 -8.1597972215655e-08)
(8.8592923980377e-10 7.7951446715038e-09 -6.0612425962888e-08)
(1.0440358481106e-09 5.7319409866651e-09 -4.508396486835e-08)
(1.2414373826629e-09 3.1251075129192e-09 -3.3743616494786e-08)
(-3.197900175545e-08 -9.9013918475649e-08 -1.2136876039615e-06)
(-4.1910847694555e-08 -1.2804815472671e-07 -1.6428334761012e-06)
(-7.8912916755968e-06 -1.2291460597122e-05 -2.1242989492517e-05)
(-1.0940699690325e-05 -1.1061357983633e-05 -2.1839608369113e-05)
(-1.8507624929442e-06 -5.2677194237046e-06 -1.4908382064728e-05)
(-5.0089593834823e-11 1.4483927716806e-10 -2.3910009635101e-08)
(-3.4252932952959e-07 -9.7805915210418e-07 -9.0251706319742e-06)
(-8.3605841204502e-10 -7.5112985487566e-09 -8.4126328522741e-08)
(-2.2817438467495e-09 -2.0918103082347e-08 -1.9957306522302e-07)
(7.8225937492361e-10 -9.6364875292257e-10 -2.3759219400626e-08)
(5.3359155817587e-10 5.5556178314539e-10 -3.1418326799385e-08)
(-1.3998827809865e-09 -1.5051699954999e-08 -1.4198891868394e-07)
(7.7986334507813e-10 1.4925376034417e-09 -2.3914008686446e-08)
(-1.5076970210173e-05 -5.9189327519889e-06 -2.2320593381123e-05)
(4.8417590100142e-10 -1.7735288375416e-09 -4.1880805538014e-08)
(-1.5849893088883e-05 6.9503752948505e-06 -2.2652860763888e-05)
(-5.3384914004301e-08 -1.5952549186122e-07 -2.1916370180965e-06)
(-1.7730817081385e-08 -5.8068733721354e-08 -6.4081424405282e-07)
(1.3304182833092e-10 -4.0110931547052e-09 -5.8781822496036e-08)
(-7.5438542950269e-06 1.4107288863475e-05 -2.2005502020247e-05)
(-5.8495937234553e-07 -1.0317967877968e-06 -9.5499240881841e-06)
(1.9762162684136e-09 -9.2394351931277e-10 -3.1407170318604e-08)
(1.7855232758749e-09 -9.8874873229267e-10 -3.140213290348e-08)
(1.5358432954384e-09 -6.2713702964195e-10 -3.1904257158754e-08)
(1.1440588740242e-09 -9.3857948579544e-11 -3.2257852506128e-08)
(-4.7284857209903e-06 -8.127579893623e-06 -1.6905349985042e-05)
(-8.9775774047073e-08 -1.6535500727021e-07 -2.5158159429332e-06)
(-2.1344657251119e-07 -3.781208925548e-07 -6.1971010559103e-06)
(-1.6269313416758e-09 -4.281054169638e-11 -3.1869323885392e-08)
(-5.4658303382633e-10 5.9832160705399e-10 -3.1686745828129e-08)
(-8.4240613608633e-06 9.0312856931388e-06 -1.967306714315e-05)
(-1.4203513620959e-07 -2.5613307319512e-07 -4.1344820861928e-06)
(-1.1191557900549e-05 -3.0164436274979e-06 -1.9514981919774e-05)
(-1.1790207276424e-05 -7.5094103316179e-07 -1.9585507791911e-05)
(-7.8049080387849e-10 2.6304543428379e-11 -3.1561761586344e-08)
(-9.4759063004619e-09 -3.2241667549453e-08 -3.3099845630011e-07)
(-1.4285979999135e-09 -3.6862156356783e-10 -3.1663242511629e-08)
(-1.1534816776359e-05 3.8166315660211e-06 -1.9708025240669e-05)
(-2.900140933342e-07 -5.1263396012362e-07 -7.3412004015665e-06)
(-3.5657283563733e-10 -7.9041835224313e-10 -3.1705455678714e-08)
(-2.3171359674427e-06 -4.084822466856e-06 -1.4482723945602e-05)
(-1.7057894406495e-07 -3.0448599665835e-07 -5.1201664294086e-06)
(-1.086386644128e-05 5.8761479618331e-06 -1.9782341905402e-05)
(-6.6076103517806e-07 -1.1502572572348e-06 -1.0636724747359e-05)
(-1.1282270202242e-07 -2.0488079296297e-07 -3.2622725826484e-06)
(-1.1883003043552e-05 1.5620923147366e-06 -1.964534525179e-05)
(-8.2258375528922e-07 -1.4233434925765e-06 -1.1983306331647e-05)
(-1.4141194050199e-06 -2.4806166551526e-06 -1.3418060163704e-05)
(-3.1579023423054e-06 -5.5587482702493e-06 -1.5351067594622e-05)
(-4.9107815411625e-06 1.0155488864533e-05 -1.8987472560396e-05)
(-3.9793047428605e-06 8.9508865016522e-06 -1.7178875745228e-05)
(-3.4493052535613e-06 8.1024613669266e-06 -1.6345153005907e-05)
(-2.8024808590274e-06 6.6240267508927e-06 -1.5609587636e-05)
(-2.1326967273835e-06 5.0464071770595e-06 -1.4737928736767e-05)
(-1.4016139725275e-06 3.3079481348463e-06 -1.3780434569761e-05)
(-7.9069545216555e-07 1.8646958893534e-06 -1.2451920405432e-05)
(-5.5363575660475e-07 1.3085067891319e-06 -1.102760110579e-05)
(-5.0848338128861e-07 1.1995632848399e-06 -9.8760697888447e-06)
(-4.0206168323635e-07 9.6026796940556e-07 -8.8511503832538e-06)
(-2.7239688840548e-07 6.5590464022283e-07 -7.7472993700158e-06)
(-1.9412839976915e-07 4.6811627327728e-07 -6.6006971139787e-06)
(-1.5392058110066e-07 3.6840491179207e-07 -5.5045841557701e-06)
(-1.259725191815e-07 2.9914408057664e-07 -4.4920167160361e-06)
(-9.7586220145034e-08 2.3748816981559e-07 -3.5782076615804e-06)
(-7.7421911635505e-08 1.9015842589422e-07 -2.783881170556e-06)
(-6.2701572136922e-08 1.5435133971119e-07 -2.1215051905501e-06)
(-4.9485309172397e-08 1.2385689726467e-07 -1.5887504133832e-06)
(-3.9245803225024e-08 9.9437030040951e-08 -1.1731372073348e-06)
(-2.9116258530589e-08 7.6613816601517e-08 -8.5668444590823e-07)
(-2.1083022729541e-08 5.7941010007281e-08 -6.1995630323463e-07)
(-1.538791792341e-08 4.461261257997e-08 -4.4629187637988e-07)
(-1.0227748718239e-08 3.2619162889949e-08 -3.2062535494556e-07)
(-6.5704845265101e-09 2.4426201397588e-08 -2.3003218791346e-07)
(-3.8584738522261e-09 1.8064317403598e-08 -1.6588191063551e-07)
(-2.2408871026967e-09 1.3570584652984e-08 -1.2020847933242e-07)
(-1.0369751498001e-09 1.0157900515002e-08 -8.7947009268109e-08)
(-5.1519231618805e-10 7.4564654869294e-09 -6.5955206210422e-08)
(6.13960148115e-10 5.0037649900579e-09 -5.1214769450823e-08)
(-4.2562677529239e-08 -8.0862342044065e-08 -1.038292843716e-06)
(-5.4345075139923e-08 -1.0163680252922e-07 -1.4144828796579e-06)
(-5.4548760016713e-06 -9.2133243784859e-06 -1.8361305781333e-05)
(-4.238391633249e-07 -7.4811007189227e-07 -8.4856542040072e-06)
(-7.056137704526e-08 -1.3065989159973e-07 -1.9016604676168e-06)
(-9.2487147754196e-06 -7.1183278709208e-06 -1.9402362357052e-05)
(-2.5538609020472e-09 -1.2165825692452e-08 -1.1899107517203e-07)
(9.147914818356e-10 -1.03042371302e-09 -3.1886999795929e-08)
(-9.8563673602682e-06 7.6669444786766e-06 -1.9813347769445e-05)
(-6.7250996740725e-09 -2.3669164935303e-08 -2.3601830212783e-07)
(-1.2995942802183e-08 -4.4033063626614e-08 -4.6153988015483e-07)
(-1.0466443084803e-05 -5.2183754606106e-06 -1.9444858684352e-05)
(-3.2906836171458e-10 -5.6468544787363e-09 -6.8764440634193e-08)
(2.2980505239742e-10 1.1113473464391e-09 -3.2905702357256e-08)
(-3.9890484664866e-06 -6.952085520121e-06 -1.6212744476467e-05)
(-3.1089843585202e-08 -6.0164404834632e-08 -7.5466599280962e-07)
(7.5630483411306e-10 2.983814697262e-09 -3.9448681636403e-08)
(-6.7212546408858e-06 9.8166378960647e-06 -1.9379662378505e-05)
(-7.4764612192747e-06 -8.5263567963878e-06 -1.9030834490092e-05)
(8.4895885178166e-10 1.3662595238844e-09 -2.9736001720705e-08)
(-2.3564730967208e-09 -9.3049002629119e-09 -9.9367146338474e-08)
(1.3587016740241e-09 -1.9851953046209e-09 -4.0858783830245e-08)
(9.8934027985782e-10 -2.3911271013867e-09 -4.5929461489661e-08)
(-5.8662644442453e-10 1.7621677889064e-09 -4.2133034020905e-08)
(-6.2571170630093e-08 -8.0296776125346e-08 -1.2139206379033e-06)
(-2.0377534041709e-07 -2.4786540166778e-07 -4.6149837964466e-06)
(-3.2184790461067e-07 -3.8726624175013e-07 -6.7647147753983e-06)
(-9.500673417815e-06 -3.5207163121182e-06 -1.765556084692e-05)
(-8.7660081171364e-06 5.5948382326027e-06 -1.7907086907707e-05)
(-3.2277097092124e-09 5.7552235199866e-10 -4.1733399160791e-08)
(7.5166206672758e-10 -1.2353961802682e-09 -4.2434186827087e-08)
(-1.6926718442657e-08 -3.4756085854334e-08 -3.9071622604293e-07)
(-1.025184525654e-07 -1.2876617172309e-07 -2.1922990981713e-06)
(-9.9544806608304e-06 2.2428321490216e-06 -1.7764704750312e-05)
(-1.4802946130262e-09 1.2912747759835e-09 -4.268742377345e-08)
(-2.6241846759925e-09 8.7036821663202e-10 -4.213424878869e-08)
(-1.0017324978182e-05 -1.6290462493842e-06 -1.7697761453621e-05)
(-7.8612756144197e-06 6.9242028088951e-06 -1.794364629236e-05)
(-2.4103087788187e-06 -2.9035951239694e-06 -1.3997340432332e-05)
(-6.6612243827088e-07 -8.0297681163197e-07 -9.0276788434886e-06)
(-1.1840136109269e-09 -2.7774264757201e-10 -4.19154370761e-08)
(-2.5259569225795e-07 -3.0453524774295e-07 -5.6488826099982e-06)
(-4.5820018812397e-06 -5.544428691226e-06 -1.5797123967675e-05)
(-8.1679108163051e-10 -1.0027697234634e-09 -4.2193223793952e-08)
(-9.4897125265963e-06 3.996703782254e-06 -1.7843352814542e-05)
(-8.1314007602388e-07 -9.7475680775365e-07 -1.0076965959399e-05)
(-2.301428847416e-08 -4.6120527634449e-08 -5.4439506122038e-07)
(-1.3381687580944e-07 -1.6480881136175e-07 -2.8729016505496e-06)
(-1.0097405188342e-05 3.3273423567223e-07 -1.7723591013992e-05)
(-5.7066679954712e-06 -6.7699954667277e-06 -1.6526378819025e-05)
(-9.3637777786912e-07 -1.1036841197927e-06 -1.1277464027344e-05)
(-1.376175488945e-06 -1.6419981410155e-06 -1.2717245910634e-05)
(-3.5545538352578e-06 -4.2840086676083e-06 -1.4924164613089e-05)
(1.611250195763e-09 -1.5638623940706e-09 -4.2304139348337e-08)
(-5.3314848969209e-06 8.4821943990808e-06 -1.7431694284254e-05)
(-4.6779323879279e-06 7.7588931952945e-06 -1.6487722067886e-05)
(-3.8893509618492e-06 6.4380988606001e-06 -1.5782702924434e-05)
(-2.9990228484445e-06 4.9709943484014e-06 -1.4910878430992e-05)
(-2.0721115684018e-06 3.4339002583059e-06 -1.4011399819642e-05)
(-1.1702350124799e-06 1.9343456712962e-06 -1.2765551331059e-05)
(-7.5432621937868e-07 1.2485493938051e-06 -1.1312700220806e-05)
(-6.9024605972851e-07 1.1515268260805e-06 -1.0102571040321e-05)
(-5.6152834757491e-07 9.3987385241357e-07 -9.0752972721411e-06)
(-3.9485382256869e-07 6.627166230617e-07 -7.9885498314352e-06)
(-2.7042482154956e-07 4.5273971019623e-07 -6.8398314933438e-06)
(-2.1286911537025e-07 3.5497219532769e-07 -5.7287724508121e-06)
(-1.7697571319308e-07 2.9420058155327e-07 -4.6974320323459e-06)
(-1.357859768977e-07 2.2557246318427e-07 -3.761282198315e-06)
(-1.0893187452516e-07 1.8457957074106e-07 -2.9398889895809e-06)
(-8.701173767263e-08 1.4857705215065e-07 -2.2490905908265e-06)
(-6.8860559097092e-08 1.1938758031063e-07 -1.6903376343685e-06)
(-5.5557613250122e-08 9.8982052927839e-08 -1.2512771834362e-06)
(-4.016146743576e-08 7.3413813596729e-08 -9.1608313386194e-07)
(-3.1304471346929e-08 5.8884035197664e-08 -6.6435139481128e-07)
(-2.22414724381e-08 4.3734307181488e-08 -4.782879695528e-07)
(-1.5594717159939e-08 3.2190744792852e-08 -3.4421310612201e-07)
(-1.1251425337131e-08 2.515452529566e-08 -2.4782924048908e-07)
(-6.7193152754969e-09 1.7378005248462e-08 -1.7961624238849e-07)
(-4.5165028334413e-09 1.3524157672899e-08 -1.3189450564485e-07)
(-2.3409544204666e-09 9.4149178194822e-09 -9.677971919259e-08)
(-1.7530527783704e-09 7.1602372299208e-09 -7.1220963149423e-08)
(-4.9241123205295e-12 3.2584896223472e-09 -5.049197376578e-08)
(-8.3283245058996e-08 -1.0486738517264e-07 -1.6432212722409e-06)
(-6.3808472258131e-06 -7.5208230002659e-06 -1.7293811283511e-05)
(-4.6289046498515e-07 -5.56597797907e-07 -7.9195115656987e-06)
(-4.3201364264012e-09 -1.6800100805367e-08 -1.6781514785844e-07)
(-7.7072264208224e-06 -6.7066654724505e-06 -1.7759332666767e-05)
(9.2024032990767e-10 -2.9729961127272e-09 -5.6876268555389e-08)
(-1.6709072416877e-07 -2.0485217868937e-07 -3.6841084063139e-06)
(-4.8134218393075e-08 -6.2522614172752e-08 -8.8631744402285e-07)
(-1.2392707922862e-09 -6.1127602438276e-09 -8.4009880015566e-08)
(-8.650812251011e-06 -5.2394977363622e-06 -1.7638591175862e-05)
(-5.0854179644599e-09 -1.323391420156e-08 -1.4119884288245e-07)
(-1.3222835141486e-08 -2.7211252236753e-08 -2.7976378570212e-07)
(-6.6579486062577e-06 7.8737390367192e-06 -1.7754845829427e-05)
(-8.4763467236568e-06 4.4120063122904e-06 -1.6858063746215e-05)
(-3.570105800252e-09 1.3351217545765e-09 -5.5435852720343e-08)
(-1.7815592912459e-07 -1.5434170815514e-07 -3.2621249709208e-06)
(-9.3881225549591e-06 1.1982480170017e-06 -1.676001289421e-05)
(-2.735368623375e-07 -2.328073174846e-07 -5.1190172632524e-06)
(-7.3999838218943e-06 -5.8177549363323e-06 -1.677176767271e-05)
(-2.2053077279303e-06 -1.8608738556304e-06 -1.3401516006967e-05)
(-8.5222160423348e-06 -4.1463484479978e-06 -1.6739914795597e-05)
(-4.9065523680651e-06 -4.1545851786713e-06 -1.5398487041956e-05)
(-6.7675139975434e-07 -5.7192373155385e-07 -8.4837845009084e-06)
(-7.0919584204705e-10 -1.3446363851634e-09 -5.7772909539067e-08)
(-9.1750128908562e-06 -2.378295088392e-06 -1.6771639257753e-05)
(-7.7173293283699e-06 5.7171859629465e-06 -1.6902488393648e-05)
(-2.2462877187705e-07 -1.9253564659179e-07 -4.1340811511716e-06)
(-3.3807379248116e-07 -2.8660870197789e-07 -6.1955468846272e-06)
(-8.7812921343024e-09 -1.950981829787e-08 -1.9931550434338e-07)
(-9.7601107430203e-10 -3.9761089072485e-09 -7.4440703471371e-08)
(-1.705870692114e-09 3.5877162135322e-09 -5.8476482994818e-08)
(-9.0100586272051e-06 2.8638158406108e-06 -1.6782754335183e-05)
(-9.1708769238933e-07 -7.7105774943299e-07 -9.5496549310062e-06)
(-2.6448918806787e-08 -3.6183152264652e-08 -4.6267712213686e-07)
(-9.5091962857966e-06 -5.7225091322114e-07 -1.6774580497231e-05)
(-6.0598052919365e-06 -5.3574544089039e-06 -1.6176475286967e-05)
(-3.7068646753954e-09 4.2564538788749e-10 -5.5709666694961e-08)
(-1.0413294529623e-06 -8.650655137367e-07 -1.0638848377428e-05)
(-1.3009110697615e-06 -1.0806552552451e-06 -1.1971540074109e-05)
(-3.601679526326e-06 -3.056593577732e-06 -1.4495877753555e-05)
(4.5250457279565e-10 -2.2233887132816e-09 -5.7533636173211e-08)
(-4.6331838238131e-07 -3.9270102924523e-07 -7.3395043024543e-06)
(-5.8582426571773e-06 7.2717323017537e-06 -1.6664654034023e-05)
(-5.1003632421833e-06 6.1530669536294e-06 -1.5995953477023e-05)
(-3.9907288355383e-06 4.8097576455351e-06 -1.5148948301536e-05)
(-2.8653272007965e-06 3.4504912493186e-06 -1.4264877816692e-05)
(-1.7088164504144e-06 2.055103925248e-06 -1.3133873649799e-05)
(-1.0205051948349e-06 1.2315312772728e-06 -1.1692332858305e-05)
(-8.5119935474041e-07 1.0345811060065e-06 -1.0400907106887e-05)
(-7.4625797430225e-07 9.0914037412132e-07 -9.3456200867843e-06)
(-5.3734259891918e-07 6.5356700105948e-07 -8.2839675833896e-06)
(-3.7227510652956e-07 4.4970498038927e-07 -7.1429058435113e-06)
(-2.810465367506e-07 3.4036403896256e-07 -6.0132807700106e-06)
(-2.2944784928679e-07 2.7662665812264e-07 -4.9601072722023e-06)
(-1.8519170444818e-07 2.2251939811643e-07 -3.9968452453678e-06)
(-1.4330368417752e-07 1.7450543282045e-07 -3.1427517069525e-06)
(-1.1634855179562e-07 1.4215914191637e-07 -2.4164993099597e-06)
(-9.2346820645398e-08 1.1577624048572e-07 -1.8244996975508e-06)
(-7.1682351079888e-08 9.22364022332e-08 -1.3563525020604e-06)
(-5.5864235845861e-08 7.3622201075221e-08 -9.9520187486033e-07)
(-4.0622758741064e-08 5.5655352765708e-08 -7.2306089000216e-07)
(-3.0891132522379e-08 4.3064533694305e-08 -5.2173596105809e-07)
(-2.2432953858203e-08 3.2323048269565e-08 -3.7600218699723e-07)
(-1.5371155360606e-08 2.3391353562612e-08 -2.7173349111074e-07)
(-1.0686091430092e-08 1.7450912519408e-08 -1.9696062433896e-07)
(-7.2434687460181e-09 1.3008974405044e-08 -1.4470715283655e-07)
(-4.4153517594975e-09 9.7986924779234e-09 -1.1093873854756e-07)
(-8.7209510099913e-08 -7.8368268814867e-08 -1.4141397982834e-06)
(-1.1203157148581e-07 -9.9164368096825e-08 -1.9008659977257e-06)
(-2.4252237556483e-09 -4.4779124960845e-10 -5.6657409127555e-08)
(-2.7325201260358e-09 2.2694969996322e-09 -5.6866355200218e-08)
(-5.0502659765379e-09 -1.040979559014e-08 -1.1954629744235e-07)
(-3.6013553129969e-08 -4.7878630309696e-08 -6.4203744457556e-07)
(-2.0067918546593e-08 -2.7941841759283e-08 -3.3192677854843e-07)
(-1.4168348805595e-07 -1.2346612692674e-07 -2.5152355448003e-06)
(-6.6636601202147e-08 -6.0664764993765e-08 -1.0386386927439e-06)
(-3.0131972410885e-09 6.5877512269942e-09 -8.4222276307074e-08)
(-6.9319074432179e-06 6.7371859132216e-06 -1.6946085672339e-05)
(-4.145225027516e-09 -6.6633599581697e-09 -1.0225979594367e-07)
(-6.6386483947694e-06 -3.91422469095e-06 -1.6041333953388e-05)
(-5.3210690250509e-09 3.0150780505159e-09 -7.3875008320645e-08)
(-4.8871125782097e-06 -2.8704900530364e-06 -1.4978504252166e-05)
(-2.8469716490821e-07 -1.6653788013308e-07 -4.6087975282394e-06)
(-4.3929359562081e-09 4.5816886660348e-09 -7.7644633874171e-08)
(-6.3367553201799e-07 -3.6861976470413e-07 -7.9113774390206e-06)
(-1.7680844080071e-07 -1.0567967299935e-07 -2.8696079328569e-06)
(-2.992122827333e-09 -1.2043935199744e-09 -7.8366589315371e-08)
(-7.4041842029757e-06 4.708416745346e-06 -1.6376300219462e-05)
(-2.2670445397621e-07 -1.3412506667496e-07 -3.6773516895073e-06)
(-3.394655535288e-07 -1.97468513484e-07 -5.6388236868614e-06)
(-3.1703955369034e-09 -3.6200943348772e-09 -8.3079675819245e-08)
(-8.0695632240284e-06 1.8822416302231e-06 -1.6165859183604e-05)
(-9.1964060166169e-07 -5.3173018020748e-07 -9.0196718271901e-06)
(-5.3632904609047e-09 1.4337196099793e-09 -7.2981435537646e-08)
(-1.1527754912253e-06 -6.5848365891376e-07 -1.0066921347787e-05)
(-1.2591859194383e-06 -7.1163514381924e-07 -1.1250213857234e-05)
(-3.8108596816937e-08 -3.6703332247535e-08 -5.4769358217462e-07)
(-4.4305927920288e-07 -2.5853637303536e-07 -6.752693685104e-06)
(-5.1234736976477e-09 1.9518502963702e-10 -7.4824143692162e-08)
(-6.4413795291442e-06 5.7243125018774e-06 -1.6279093997776e-05)
(-5.1011004140147e-06 4.4715740552434e-06 -1.5449600652335e-05)
(-3.8293585182472e-06 3.3424451142061e-06 -1.4564201071366e-05)
(-2.4254603301034e-06 2.1235433573967e-06 -1.3551227907284e-05)
(-1.3687940294423e-06 1.19728972324e-06 -1.2169923594199e-05)
(-1.0415618002297e-06 9.1818578204453e-07 -1.0793035632423e-05)
(-9.2691748673319e-07 8.1984095133143e-07 -9.6815376588242e-06)
(-7.1344699386511e-07 6.2811307476185e-07 -8.6401421801299e-06)
(-4.9166276838053e-07 4.3181967546565e-07 -7.5182057387965e-06)
(-3.5432417388305e-07 3.1037258156216e-07 -6.3737458691666e-06)
(-2.9159331592623e-07 2.5658671949975e-07 -5.2923398515826e-06)
(-2.3369725160709e-07 2.0467842520992e-07 -4.2980876978868e-06)
(-1.8618872974459e-07 1.6331330162711e-07 -3.4059277578994e-06)
(-1.4765158845768e-07 1.3102142548687e-07 -2.6369613486558e-06)
(-1.1703677011301e-07 1.0593943114309e-07 -2.0023414580955e-06)
(-9.2583133789308e-08 8.6192598027533e-08 -1.4958439336824e-06)
(-7.0217188208654e-08 6.6848740482049e-08 -1.1016447146374e-06)
(-5.2609846003145e-08 5.1927685796488e-08 -8.0222879190659e-07)
(-4.0181563987479e-08 4.05969646896e-08 -5.7969897666726e-07)
(-2.9241659796336e-08 2.9785304909765e-08 -4.182985759858e-07)
(-2.2344984156469e-08 2.3006162961138e-08 -3.034427884058e-07)
(-1.5499915262198e-08 1.6759637673788e-08 -2.2091987896992e-07)
(-1.0268785459673e-08 1.2285572138068e-08 -1.6023962376103e-07)
(-1.8750245461636e-06 -1.0756121278241e-06 -1.268690242761e-05)
(-7.7154131772196e-06 3.3422215167588e-06 -1.6220551404256e-05)
(-1.0914994509378e-07 -6.7717868263426e-08 -1.639752398351e-06)
(-6.0686593368689e-09 7.9882050477635e-09 -1.1211108752365e-07)
(-3.264823945545e-06 -1.8997501668991e-06 -1.3999027225103e-05)
(-1.4623658901916e-07 -8.849072534504e-08 -2.1887900527694e-06)
(-9.2757403374359e-09 -1.1219991219603e-08 -1.4421400169994e-07)
(-4.9171263826021e-08 -4.610201542582e-08 -7.5637317557658e-07)
(-8.3808965423309e-06 -1.227553991389e-06 -1.625404352392e-05)
(-1.4295033555675e-08 -2.0916736891772e-08 -2.3711645859203e-07)
(-8.2852964920556e-06 3.2458266995861e-07 -1.6205756037804e-05)
(-9.3769413161603e-09 -1.5235259653119e-08 -1.6858793019966e-07)
(-7.871520075771e-06 -2.7285511773145e-06 -1.621814555925e-05)
(-2.8105828712477e-08 -2.7494378827157e-08 -3.9520747620754e-07)
(-8.8501780363125e-08 -5.5799544353272e-08 -1.2119312179253e-06)
(-6.9490466818876e-06 -1.5309860794407e-06 -1.5693833875085e-05)
(-7.8648238752385e-09 -6.507278605916e-09 -1.2382669903459e-07)
(-2.7726189276447e-07 -1.0184991676546e-07 -4.1195268421595e-06)
(-6.2834859695872e-06 3.8998648636444e-06 -1.5762471709758e-05)
(-6.4396899876482e-09 4.8782013083274e-09 -9.929623479806e-08)
(-3.4361773997713e-07 -1.2412420837695e-07 -5.0991914299624e-06)
(-7.3562760983776e-09 -3.4156890725649e-09 -1.1042617739102e-07)
(-1.363849562496e-07 -5.2982681971702e-08 -1.8930531189536e-06)
(-1.4873774995757e-08 -1.5760808076819e-08 -2.0286868045602e-07)
(-8.474955545906e-07 -3.0830541648437e-07 -8.4609659048046e-06)
(-6.8730661723877e-06 -3.5387517434159e-07 -1.5526200781479e-05)
(-7.2098966083401e-09 2.9198285922334e-09 -9.4658249609121e-08)
(-4.8251230357171e-08 -3.2189083541958e-08 -6.466643294592e-07)
(-1.1507345012216e-06 -4.1464520469305e-07 -9.5265463702539e-06)
(-1.3220769508451e-06 -4.6754973981045e-07 -1.0607107032426e-05)
(-4.2082412554133e-07 -1.5412777638209e-07 -6.1715662379452e-06)
(-6.7177680346807e-06 9.1442441081403e-07 -1.546650349438e-05)
(-4.9115738393421e-06 2.987418922323e-06 -1.4912890059277e-05)
(-3.3577601259839e-06 2.0703284215765e-06 -1.3990978099505e-05)
(-1.9062249055382e-06 1.179610919211e-06 -1.2733425790307e-05)
(-1.234011592248e-06 7.6043614444676e-07 -1.1296730290398e-05)
(-1.1144575349995e-06 6.8635241086217e-07 -1.0093005295778e-05)
(-9.0685386342353e-07 5.5839062422577e-07 -9.0515618867395e-06)
(-6.4347362046992e-07 3.9499356724674e-07 -7.9607170215747e-06)
(-4.4480068939872e-07 2.7366086067136e-07 -6.812147002728e-06)
(-3.4873366046845e-07 2.1455443317082e-07 -5.699715163451e-06)
(-2.9196789269717e-07 1.8013314155951e-07 -4.6694948810427e-06)
(-2.2773918874187e-07 1.4142452676532e-07 -3.7352691681282e-06)
(-1.8286494263791e-07 1.1407398454007e-07 -2.9179329283085e-06)
(-1.4638679220685e-07 9.2933885869688e-08 -2.2319746788139e-06)
(-1.1152541954009e-07 7.281910882803e-08 -1.6766078006473e-06)
(-9.0103028896061e-08 6.0188978437725e-08 -1.2401795523502e-06)
(-6.3587386334394e-08 4.4517996015342e-08 -9.0656025764701e-07)
(-4.9674259948198e-08 3.5095958727199e-08 -6.560103959695e-07)
(-3.7828728660093e-08 2.6737207440438e-08 -4.7265181923221e-07)
(-2.8547820151895e-08 2.0388445366793e-08 -3.4278847899556e-07)
(-2.1981746245016e-08 1.5926430608099e-08 -2.5097808694274e-07)
(-1.4466209407969e-08 1.1410534781663e-08 -1.8565110130493e-07)
(-1.6283244153113e-06 -5.7307690187567e-07 -1.192934550904e-05)
(-4.4449214404058e-06 -1.6390375651692e-06 -1.4485336494553e-05)
(-2.7100446289004e-06 -9.7107412631855e-07 -1.3367913655765e-05)
(-6.2406696750959e-06 2.3143650004667e-06 -1.5403465364187e-05)
(-6.0793480992262e-06 -2.3381051969956e-06 -1.5397829183255e-05)
(-1.7440041742025e-07 -6.6272191841422e-08 -2.505289407096e-06)
(-9.5533353374609e-09 8.0297735108573e-09 -1.3539679774466e-07)
(-6.2833827620635e-08 -4.0822240479023e-08 -8.8817234198164e-07)
(-2.2313035238142e-07 -8.3037861972004e-08 -3.2483003308376e-06)
(-7.5753341290943e-09 -8.1995643390497e-10 -1.022495626374e-07)
(-1.3523000660939e-08 -1.0149302614243e-08 -1.760621370436e-07)
(-5.7407670237017e-07 -2.087294274945e-07 -7.3144686196676e-06)
(-3.7226891104144e-08 -2.5536047732289e-08 -4.6980859406442e-07)
(-2.0882315179063e-08 -2.0703392925529e-08 -2.8386324073091e-07)
(-7.641428024089e-09 1.1672459755918e-09 -9.6063210969645e-08)
(-1.0591944536483e-07 -4.2137984871048e-08 -1.408129241111e-06)
(-7.2492419891666e-07 -1.2686380279911e-07 -7.87408967769e-06)
(-2.0692801118399e-07 -3.7821707134908e-08 -2.8504362948908e-06)
(-1.3220094653937e-08 -5.9303961977245e-09 -1.5603016937418e-07)
(-3.2362653991286e-07 -5.4810568294242e-08 -4.5821602007764e-06)
(-3.7724451088636e-06 -6.2237847839462e-07 -1.3983904061769e-05)
(-2.5960719616583e-07 -4.5285752576577e-08 -3.6568112113288e-06)
(-1.0011350749216e-08 5.1287679260439e-09 -1.2466413373891e-07)
(-5.9667868243328e-08 -2.5160509682187e-08 -7.5689741408794e-07)
(-1.0556814654843e-06 -1.8140427686705e-07 -8.9847904254537e-06)
(-1.312216448418e-06 -2.2019065323737e-07 -1.0029758614727e-05)
(-4.0062800057255e-07 -6.7333217492756e-08 -5.6065437128537e-06)
(-5.0221631674131e-06 1.2056062781944e-07 -1.4598761126211e-05)
(-2.6884431423043e-06 1.0805627978811e-06 -1.332501097616e-05)
(-1.5923887650563e-06 6.3381465816858e-07 -1.1918308399803e-05)
(-1.2690025904735e-06 4.9561313415344e-07 -1.0595717759234e-05)
(-1.1074885166479e-06 4.3286340283415e-07 -9.5107520289811e-06)
(-8.3412736538742e-07 3.2631771144285e-07 -8.4514253069804e-06)
(-5.6812520876108e-07 2.2173421825209e-07 -7.3169454877859e-06)
(-4.2416920230828e-07 1.6646528401405e-07 -6.1785149818584e-06)
(-3.4657001585868e-07 1.3681195251283e-07 -5.1089551965581e-06)
(-2.7597395504231e-07 1.1025546509553e-07 -4.1309528565289e-06)
(-2.2273317617071e-07 8.9585192359012e-08 -3.2594166282798e-06)
(-1.738439848218e-07 7.1120030426773e-08 -2.5156198477014e-06)
(-1.3661212979922e-07 5.7345233644579e-08 -1.9034251758854e-06)
(-1.0610922503265e-07 4.5492788930368e-08 -1.4161221700859e-06)
(-7.9624191363582e-08 3.5640512237622e-08 -1.0393406332323e-06)
(-5.9736336231257e-08 2.720869125317e-08 -7.535215385729e-07)
(-4.5724776825086e-08 2.0536514263244e-08 -5.4194739421638e-07)
(-3.5871658932691e-08 1.6235474953146e-08 -3.9047095872381e-07)
(-2.6363927109451e-08 1.229543173821e-08 -2.8329938170561e-07)
(-1.8882989931973e-08 9.2296728717782e-09 -2.0879590227949e-07)
(-1.4987101008247e-06 -2.4655463098056e-07 -1.1211373580364e-05)
(-7.9839066451159e-08 -3.2964512185036e-08 -1.0361591820445e-06)
(-5.2981216184114e-06 1.187918201518e-06 -1.476380029165e-05)
(-5.5633730201042e-06 -1.0491964511294e-06 -1.4922931826114e-05)
(-4.4254416111773e-06 1.7744805063125e-06 -1.4424306911606e-05)
(-5.0878795003105e-07 -8.5909175040481e-08 -6.7173538559109e-06)
(-1.0022309524236e-08 2.8852043970104e-09 -1.1991820764205e-07)
(-2.8178594719048e-08 -1.9537745894951e-08 -3.4013319641129e-07)
(-4.5804819137014e-08 -1.9886501519345e-08 -5.5294031917688e-07)
(-2.2306027572428e-08 -1.5532909180483e-08 -2.4586587445358e-07)
(-2.1568287927015e-06 -3.4437501094173e-07 -1.2656546409785e-05)
(-1.2304992864703e-08 -2.2552754114808e-09 -1.423296593647e-07)
(-1.571646986123e-07 -2.8482410072983e-08 -2.1747597894981e-06)
(-1.3240453733958e-08 7.4197231235801e-09 -1.6062888182242e-07)
(-1.2476425813598e-07 -2.3391372665396e-08 -1.6297219089605e-06)
(-3.6790305711653e-06 7.628822657188e-07 -1.3910469829501e-05)
(-2.0413816963951e-08 -8.9723471078886e-09 -2.17059784635e-07)
(-2.1243571180291e-06 4.3331252159431e-07 -1.2624772005971e-05)
(-1.2229902659347e-06 9.9502380417726e-09 -9.4933519466266e-06)
(-1.1148439848499e-08 7.8009302053021e-10 -1.3129123148076e-07)
(-3.5959070954657e-07 6.5117224834268e-09 -5.0721102346395e-06)
(-1.713734203428e-06 3.4301292907859e-08 -1.1899470134671e-05)
(-4.5513258920237e-07 7.0772178502228e-09 -6.1396862719314e-06)
(-2.2850665000133e-07 3.0201805183459e-09 -3.2306107957278e-06)
(-1.4619040476734e-06 2.8945474108014e-07 -1.1198684407811e-05)
(-1.2787150835134e-06 2.4318352970394e-07 -1.0017875241066e-05)
(-1.0351390174404e-06 1.9818481591021e-07 -8.971623013967e-06)
(-7.1665384190023e-07 1.3855934473227e-07 -7.8659559292446e-06)
(-5.1017624498578e-07 9.9673413084041e-08 -6.7139700926616e-06)
(-3.9923724618942e-07 7.9341442792296e-08 -5.6063324104482e-06)
(-3.2448093725529e-07 6.5635690040444e-08 -4.583326925828e-06)
(-2.5679239016356e-07 5.1416710930138e-08 -3.657988552703e-06)
(-2.0510523321429e-07 4.2831017482458e-08 -2.851799565802e-06)
(-1.5778094807297e-07 3.3338174335385e-08 -2.1764050743282e-06)
(-1.2317027106525e-07 2.6476790240854e-08 -1.6309374936875e-06)
(-9.4167416866542e-08 2.0543392798189e-08 -1.2042064370542e-06)
(-7.1154674577417e-08 1.6080115198851e-08 -8.7705527592478e-07)
(-5.2786007162539e-08 1.1578258998976e-08 -6.3072418656777e-07)
(-4.1815141195755e-08 9.0915988974349e-09 -4.4903179584876e-07)
(-3.12394334098e-08 6.6662633676656e-09 -3.1963837423445e-07)
(-2.235907236921e-08 5.3288852434458e-09 -2.2793826688862e-07)
(-1.3970458286125e-06 1.5789107759905e-08 -1.0577497352235e-05)
(-7.1688920938839e-08 -1.461281174214e-08 -8.8089987336011e-07)
(-6.0290752801614e-07 6.6370823603223e-09 -7.2863445223288e-06)
(-2.9519185038856e-06 6.3871775038862e-08 -1.3387419247093e-05)
(-1.9058995498242e-08 -3.6475756173792e-09 -1.9735736810997e-07)
(-1.4455854102295e-08 4.2583096573087e-09 -1.6206716254446e-07)
(-9.4118384971406e-08 -1.8081109229759e-08 -1.2049842270217e-06)
(-1.4107207368511e-07 1.9389422924972e-09 -1.883717846284e-06)
(-3.6076082353853e-08 -1.6504903401242e-08 -4.060383129281e-07)
(-8.7946491350289e-07 6.6175046977822e-09 -8.4325764911099e-06)
(-2.9634653496275e-07 3.9307286750932e-09 -4.1015441612126e-06)
(-5.4057126258636e-08 -1.1301505694614e-08 -6.4081342663632e-07)
(-1.8115759692642e-07 2.6087331272138e-09 -2.4942977529853e-06)
(-1.0699923829587e-07 1.3104698483764e-09 -1.401437551285e-06)
(-2.8037048221534e-08 -1.283142564251e-08 -2.9668823308764e-07)
(-6.0992824483264e-08 6.4276517766196e-11 -7.4490702270448e-07)
(-4.6685633178833e-08 -8.6689904480503e-11 -5.322020737045e-07)
(-3.5523448378331e-08 -1.0443509009514e-09 -3.6466680222049e-07)
(-2.6830818581934e-08 8.7188350947554e-11 -2.5330136026199e-07)
(-1.707433062561e-08 8.0367461354999e-10 -1.8120059415427e-07)
(-2.670114606489e-08 -5.7997996012867e-09 -2.7013638628276e-07)
(-8.4322923597302e-08 8.9176806675038e-10 -1.0289300419608e-06)
(-4.1940356112036e-08 -9.4545971895697e-09 -4.6799704267442e-07)
(-3.4417625530464e-08 -9.2419077033567e-09 -3.5397439107999e-07)
(3.4713464547935e-05 -1.0440355480603e-05 -2.1626786564255e-06)
(9.4986285099883e-06 -4.8113940672918e-06 -4.7046411988078e-06)
(-3.3367365950694e-06 -6.0948967921444e-06 -7.3078454923556e-07)
(-6.0148059764057e-06 2.2756142552624e-05 -6.9600035949694e-07)
(-3.0717047783245e-06 1.0861495226901e-05 -4.5618524489567e-06)
(-2.0580031849966e-06 -2.3700573992961e-06 -1.412385931218e-06)
(4.0966398712145e-05 3.091265552075e-05 -1.6959164030241e-06)
(1.3697539268631e-05 1.861057129317e-05 -8.8740049776409e-06)
(8.0317001168955e-06 -4.4145427235163e-06 -7.650798412942e-06)
(-1.9070440591728e-06 4.5838081989492e-06 -4.5681532903847e-06)
(2.4280614045707e-05 2.3206708651935e-05 1.03413421564e-05)
(4.6544039841637e-06 4.2512378403335e-06 -4.9324937533099e-06)
(1.3373393297397e-06 1.1167422212735e-06 -2.2041210148e-06)
(1.1590979017554e-06 7.5050485513247e-07 -2.6401787221728e-06)
(2.0116799274427e-05 1.0237378720235e-05 4.9369045633134e-06)
(8.7895416490184e-06 8.5099350439214e-06 2.1687996910831e-06)
(1.4750434061614e-05 2.4089840968683e-05 5.241466371745e-06)
(4.5179036567289e-05 4.397966124609e-05 6.0396173456268e-06)
(-2.7201766769903e-06 2.5376979088157e-05 4.2352460155412e-06)
(2.6680504998071e-06 4.1961547895143e-05 1.2304332754985e-05)
(-8.5029536792733e-06 4.4123731373331e-05 2.1698268061276e-06)
(-1.358902479382e-05 3.5323055139046e-05 8.578546474882e-06)
(-3.1579814891202e-05 4.5570953977662e-05 3.5629985878948e-06)
(-1.9795906426249e-06 7.3791544860435e-05 8.3691476556835e-06)
(2.2111026420961e-06 9.3508637538879e-05 -1.9598999369421e-06)
(-1.6366319454682e-06 2.9234705003145e-05 -4.0892114586746e-06)
(-1.091527452631e-06 -8.007321731659e-07 -1.2870930799044e-06)
(-2.2732021994981e-07 -3.4699099951626e-07 -4.2815783975299e-07)
(-1.8653771068882e-07 -1.1525207744867e-07 -3.1967811825274e-07)
(-3.6222709401179e-07 1.7961852388055e-06 -2.2281038832756e-06)
(-1.8744357457838e-07 5.5197078491406e-07 -1.0844476850433e-06)
(-2.2730871424745e-08 2.4107314978829e-07 -6.2573697222751e-07)
(-4.6202880055685e-06 6.3813147905516e-05 -1.5140554852336e-05)
(-2.903158679308e-05 9.0018168262101e-06 5.2859343048037e-06)
(-1.0130064711589e-05 -8.7993781814809e-06 2.6302196231003e-06)
(-5.4412984977074e-06 1.6489312133876e-06 1.1743798451547e-06)
(-5.2496156564297e-07 -1.5906212465757e-06 7.0512588050238e-07)
(-1.0789693212069e-05 8.9323369654814e-06 2.5707526207557e-06)
(1.4025023457609e-06 3.8626035887369e-06 9.0865072392301e-07)
(-1.4289716878865e-06 8.6024454363317e-06 7.1802103428004e-07)
(-1.9026232246923e-05 1.3044113783165e-05 1.2586298677337e-06)
(-1.5222099371183e-05 8.9010059177439e-06 -2.7585936601573e-06)
(-1.356959025044e-05 3.1544767084042e-05 -4.9310083362274e-06)
(-2.7737826975676e-05 -1.2267463202007e-05 6.5638269399111e-06)
(-3.9018562637296e-05 -1.9779934234793e-05 7.3886530436877e-07)
(-3.9076957011521e-05 -2.8482792427286e-06 7.2174065549948e-06)
(-2.9439200600927e-05 -4.4507058685393e-06 -2.6202482073691e-08)
(-4.284000487127e-05 -6.0787027825933e-06 -6.4182553355294e-06)
(-6.0151359784667e-05 4.8992372649167e-05 7.0896598656951e-06)
(-3.5253143666533e-05 1.238590407126e-05 -5.7723710029966e-06)
(-3.5750099732108e-05 1.8339453824829e-05 -1.0163020181645e-05)
(-4.0198025581485e-07 -1.1527106025529e-05 1.8761781301787e-06)
(-2.2761591820036e-05 -3.3710232069035e-05 1.1810969098343e-05)
(-1.4955055876587e-05 -4.7190102233964e-05 6.7002833249577e-06)
(-1.535232310227e-05 -1.7311059436417e-05 9.6608040241886e-07)
(-3.1548869469939e-05 -1.5393013357186e-05 -3.5832096436633e-06)
(7.3248122558189e-06 -1.9703416958091e-05 4.9874305442073e-06)
(-1.5811380873657e-06 -2.1338078540766e-05 5.2535414469316e-06)
(-1.8196330999902e-06 -4.7966089953186e-05 2.0496886757833e-06)
(-3.9653781205011e-05 -5.5623483462239e-05 -7.2806474957168e-06)
(4.2830409438702e-06 -8.9607640548456e-06 1.981951031019e-06)
(2.0360147407997e-05 -2.7291220073784e-05 1.8063117028622e-06)
(2.3899961046551e-05 -5.2321789526947e-05 2.1479591862754e-06)
(3.340277284554e-06 -1.2433065884011e-05 1.2730223766521e-08)
(1.6089054617732e-06 -4.814006177086e-05 -3.0849543891111e-06)
(2.8376708615524e-05 -1.7552611838134e-05 7.2940563984659e-06)
(1.9783200115619e-05 -4.6014917745335e-06 3.982365438559e-06)
(2.8053556388458e-05 1.2892135700926e-06 4.7205811134436e-07)
(3.4588927303078e-05 -1.9645563118396e-05 7.9683769225001e-07)
(5.4437857698183e-05 -2.6524938468793e-05 -4.7869585840487e-06)
(1.183978500156e-06 -4.6801452800223e-07 -1.4527814493202e-06)
(1.2627546743358e-06 -6.8587594375729e-07 -2.7060389753236e-06)
(3.3592347295819e-07 -1.815493456754e-07 -1.1874473563278e-06)
(3.4243159076955e-05 -8.0863342195567e-06 1.0554124154702e-05)
(7.3591716902302e-05 -1.286405966618e-05 9.8817731711308e-06)
(2.8905924600213e-05 1.9533750413663e-06 1.1849119116052e-05)
(1.7905292883454e-05 2.220926893774e-06 5.83522786517e-06)
(8.3107012296813e-06 -1.0842870941029e-07 1.5325917385862e-06)
(7.0677616195937e-07 1.7580947192198e-06 3.5759683022672e-07)
(1.2294610667933e-05 1.0872535617398e-06 5.9313363119397e-08)
(7.1570058656261e-06 8.848961809195e-06 8.5090500270459e-07)
(1.2375846522547e-05 -3.355577966817e-06 -2.2036875018997e-06)
(3.2974179421948e-05 -2.0794396807843e-07 -2.6361893984145e-06)
(1.4613743735284e-05 -1.8693283780461e-05 -2.9691969799974e-06)
(3.8874462453286e-05 2.5749622834203e-05 3.0717540290022e-06)
(5.9820673800627e-05 1.5591970893894e-05 -6.1829514816983e-06)
(3.5756749764628e-05 1.634168719275e-05 -8.8781621879263e-06)
(6.4426357817821e-05 -5.2250700725007e-06 -4.9007635348645e-06)
(7.6131467617452e-05 2.3378860450993e-06 -1.5818239714283e-05)
(2.3507715912912e-05 -4.0710752857297e-06 -5.9961617778105e-06)
(9.1418609571661e-05 4.5967396114492e-06 3.4969145679836e-06)
(6.2769114553611e-05 1.0708103623372e-05 2.002088061706e-06)
(4.7377376782797e-05 -3.6878377565203e-05 -1.0719373879477e-05)
(4.9372812633146e-05 1.1107444248115e-06 -1.9289259317387e-05)
(1.3497014948404e-05 -1.8827844636095e-06 -7.4421603416646e-06)
(1.5375355893684e-05 6.0679111839682e-06 -7.0075540768775e-06)
(2.5664437478007e-07 2.4194893956441e-07 -1.0481288024999e-06)
(8.440842445647e-06 -2.4133072013334e-07 -6.5706841857603e-06)
(3.3931489717697e-05 -6.3147845678735e-06 -2.2856472223756e-05)
(8.5515259046272e-05 2.5233445380735e-05 7.2127389552515e-06)
(1.0603917843938e-05 8.9542372456448e-06 -2.1462884802462e-06)
(2.0375248614382e-06 5.8433075745578e-06 -1.3062666719779e-06)
(2.9614868805357e-05 5.6500822181879e-05 -4.3342422431776e-06)
(1.4882917812135e-05 2.622478863308e-05 -8.0771119798098e-06)
(6.8662155344269e-06 5.6833447927693e-06 -2.5344206074637e-06)
(3.3694691492495e-06 4.1299392590658e-06 -2.7860593797339e-06)
(5.9807002844903e-05 5.329612351818e-05 -5.7355348757294e-06)
(3.4353679857166e-05 3.2238422822202e-05 -1.2690442774427e-05)
(2.9624346925606e-05 2.8440671658561e-05 -1.8024367788697e-05)
(9.5684255718982e-05 -1.8772144198182e-05 -9.1083180880452e-07)
(9.4741780682295e-05 1.7962095278443e-06 -9.3457303215355e-06)
(2.5860959713775e-05 -1.7589841186765e-05 -1.4400462095782e-05)
(1.2200364598841e-05 -1.2401083181718e-05 -7.4398812551258e-06)
(1.054203736276e-06 -4.4712993833443e-06 -2.3578375177106e-06)
(-3.988843305523e-08 -3.0643784055123e-08 -8.7046184060839e-08)
(2.9122121803895e-05 -4.4024588287798e-05 -1.8972707136327e-05)
(2.9213458642696e-06 -2.9312932859876e-06 -3.1367414868222e-06)
(7.3712770878093e-06 -4.6496058870117e-06 -9.7491907443752e-06)
(1.2729310696866e-07 -3.0532366968888e-08 -4.470466365337e-07)
(1.9482652721981e-06 -3.4762728348256e-07 -1.3858382669198e-06)
(1.1734033479044e-06 1.596824041906e-07 -1.0755110453946e-06)
(1.1272242112508e-05 3.3564460865179e-06 -9.3279852566373e-06)
(3.1903437651117e-06 3.0982210930888e-07 -3.3576456848449e-06)
(1.1759851470875e-05 -2.6937839417089e-07 -1.389157882427e-05)
(5.8654102479485e-06 5.4564132773542e-08 -8.5439130771586e-06)
(7.2293236193775e-06 2.4651876506508e-07 -1.2460975667662e-05)
(6.8934722394308e-05 1.4145589606299e-06 -2.5475073460812e-05)
(3.7609097365272e-05 6.4599484756182e-06 -1.2508402350294e-05)
(6.2533856533294e-06 5.6801615511653e-07 -2.7226929635535e-06)
(-5.1644490234241e-07 -5.6072713465967e-07 -9.7432329108186e-07)
(-2.7894056752525e-06 -1.8065038322399e-06 -2.0703641945654e-06)
(-6.567106948956e-06 -9.086581285535e-06 -5.6873572925344e-06)
(-9.734904309521e-06 1.6988036065301e-06 -2.8531771183473e-06)
(3.0753972770361e-07 2.0630021667969e-06 -1.476567544339e-06)
(-6.3572020067814e-07 2.2684183188398e-06 -1.8972501281351e-06)
(1.304619531023e-07 -6.7361546559239e-07 -6.670329543908e-07)
(5.6258691269204e-07 -2.4395668987504e-07 -8.7083658903416e-07)
(-1.1623295734029e-07 -9.5753263668869e-06 -3.3087533060977e-06)
(8.6887137452491e-06 2.5405393994594e-05 -1.3303302302705e-05)
(2.8707220227424e-06 2.0147240170914e-06 -2.2058897356564e-06)
(4.927777091187e-06 -1.0487550424982e-06 -1.7012186703173e-06)
(6.6237336561745e-06 -2.0061513243245e-05 -6.3053876418163e-06)
(2.0572944299407e-05 -5.4717371427695e-05 -1.2960781475294e-05)
(1.7039587425946e-05 1.6041558958092e-05 -1.6768572063436e-05)
(8.2919529714497e-05 1.361207801278e-05 -2.0945758381317e-05)
(5.8509246919872e-06 2.8417909684139e-06 -6.9361656413588e-06)
(9.7156071036766e-07 1.5134188173136e-06 -1.71780051246e-06)
(-1.0362744844132e-07 1.6382333704374e-06 -1.6262791358999e-06)
(-8.8485480714792e-08 1.8196622646615e-07 -9.3214941774881e-07)
(8.2338667177201e-07 1.0244073410396e-06 -1.3904891136443e-06)
(8.9239457561093e-06 1.1240434837521e-05 -1.6989873701791e-05)
(6.5288203800577e-06 5.7283067449427e-06 -1.2311501788578e-05)
(2.4965933585527e-06 1.5565439755718e-06 -3.6559070955925e-06)
(2.8426917625744e-06 1.3856226888634e-06 -4.608139084009e-06)
(2.3494739866553e-07 2.6754362285591e-07 -1.5441821784193e-06)
(1.4358157467319e-07 1.1628285070287e-07 -1.1978432848229e-06)
(2.7020770735177e-08 2.2992081934347e-08 -1.6288098778138e-07)
(2.7368642898119e-05 7.8510621760381e-07 -2.2894181815968e-05)
(1.9266467116105e-05 2.7652408130448e-06 -1.6161794162657e-05)
(3.754608307588e-08 -2.4713893528349e-06 -1.7752881539885e-06)
(-1.788888854036e-06 -1.3171578725415e-05 -1.0990744972189e-05)
(6.082186135185e-06 -1.4780078788764e-05 -1.2873020664156e-05)
(2.8784354375862e-06 -2.9720189529777e-06 -4.8552423424866e-06)
(2.9832797052368e-08 2.0400992104422e-07 -5.0371689330234e-07)
(-9.5312871268526e-08 -1.260915965381e-07 -2.7718275923174e-07)
(8.0295018723799e-07 1.8501567646082e-08 -8.2952667003033e-07)
(1.455788966564e-05 -1.9353773763608e-05 -1.6316809292947e-05)
(9.7973611930285e-06 -1.1707301075147e-05 -1.8448719508851e-05)
(4.5953010561386e-06 -5.5526823792681e-06 -9.8917518463219e-06)
(3.076914143461e-06 -2.5959797748093e-06 -5.4418107207452e-06)
(2.7080074558514e-06 -2.3115668544277e-07 -3.3527994572029e-06)
(1.3914975691929e-06 1.7489778341352e-08 -1.8772376706508e-06)
(1.2855877654444e-06 5.5114640886702e-08 -2.1284296727061e-06)
(4.5832111888255e-06 -4.0520195306251e-07 -8.7529612742804e-06)
(4.5607313583378e-05 2.2325581664578e-06 -2.4870497518111e-05)
(1.0923189620923e-05 8.5202930338576e-07 -1.5821068443462e-05)
(6.2761311187415e-06 9.7038684741102e-07 -8.2244541214252e-06)
(-1.2652012377644e-06 -5.3774591540179e-07 -1.4964501538108e-06)
(-2.9247224537956e-06 2.3622831392351e-08 -3.7684835854436e-06)
(-1.3919162810118e-06 -1.610516945133e-06 -2.4592300886722e-06)
(-5.1816164039896e-07 9.8255324981303e-09 -6.0832504134958e-07)
(-1.1692621914743e-08 -2.2594172893334e-08 -4.962696118382e-08)
(-6.0723410831573e-09 -7.5085106026066e-09 -2.543555645436e-08)
(-2.5465887027147e-09 -1.8281590339586e-09 -8.0195448814082e-09)
(-4.1628998826824e-07 9.8914115766501e-07 -1.1741217532046e-06)
(-1.8392244560651e-07 -1.3765039556569e-06 -1.5463787149881e-06)
(-1.3298900432983e-07 -5.6707360039749e-07 -7.6095680888812e-07)
(4.4800149133967e-08 8.8032685191062e-08 -2.1259730269675e-07)
(3.6394299177077e-06 5.4338331538602e-06 -8.5807495394023e-06)
(1.4997278858537e-06 2.7066586952054e-06 -4.6615988445072e-06)
(5.2481757075676e-07 4.5842806271546e-07 -7.7436378200831e-07)
(1.1460306988289e-06 -1.3589859401601e-06 -2.0085093199191e-06)
(1.8338622394791e-06 -3.6819674910574e-06 -5.3265168973735e-06)
(2.0350766050524e-06 -3.8925551057795e-06 -7.1677187895482e-06)
(1.3352907192531e-06 -1.425261367224e-06 -2.814970160541e-06)
(1.9655817140983e-07 -4.3423373979256e-07 -7.3267269365051e-07)
(5.0358255079155e-07 -9.6213667107477e-08 -5.8653652209878e-07)
(1.3424333977697e-07 1.0724955991088e-10 -1.9225873799955e-07)
(3.3186275513509e-07 -1.0709980066008e-07 -6.1265701768908e-07)
(4.637201604353e-08 -4.6562047277224e-08 -2.6612839713109e-07)
(1.8752789562671e-08 -6.3581045240823e-09 -7.0656122384273e-08)
(1.223513139515e-08 -8.7131150001152e-09 -5.8293954439431e-08)
(3.1236089291847e-06 3.0102323976239e-06 -6.8292463438244e-06)
(6.1301504015072e-06 -5.6093912946023e-06 -1.4338968503623e-05)
(3.5358443481658e-06 -2.5235887663375e-06 -7.2066295024993e-06)
(1.3909818758288e-06 -7.8649008948346e-07 -3.8129484453836e-06)
(1.4519708655446e-06 1.2144639394176e-07 -3.2985907333626e-06)
(1.3708360644435e-05 -1.9699451913121e-06 -1.896650183445e-05)
(8.8906910808381e-06 5.2407359204608e-07 -1.457842636385e-05)
(2.865019353637e-06 -2.5713299200396e-07 -7.1661269172548e-06)
(2.9130397574593e-06 -5.1129393782126e-08 -1.0669239031076e-05)
(9.8350019589316e-07 -7.7302155973418e-08 -4.8847431538898e-06)
(7.2816439612537e-06 1.4251973493103e-06 -1.311460755419e-05)
(3.3154731822432e-07 4.6624063056409e-07 -8.1269548509522e-07)
(-1.0040176789103e-07 3.365816104008e-07 -5.1378927181635e-07)
(-3.6096771244388e-07 3.7430710350768e-07 -7.6336653292388e-07)
(-3.1756339346811e-08 1.1016614147764e-06 -1.9896419923549e-06)
(-1.7339280691198e-09 1.4511748954609e-07 -2.3261184530745e-07)
(-2.8736256422916e-08 6.3435726781445e-08 -2.8972758205872e-07)
(-4.7366538950766e-09 2.757076200746e-08 -1.0588230018646e-07)
(-1.2640970983072e-09 6.3990570396006e-09 -1.713665957097e-08)
(7.0133405456969e-07 1.2449128065291e-06 -2.3889041064722e-06)
(2.6291748046245e-07 1.7014332346414e-07 -5.6504421949247e-07)
(1.9045069366299e-07 1.8423045130351e-07 -6.0876573160733e-07)
(4.2111288053447e-06 4.1645791701076e-06 -1.1358578718375e-05)
(2.7193242303694e-06 3.2639524848389e-06 -1.0715903078841e-05)
(1.3881483207443e-06 1.2512182417508e-06 -6.4388773201604e-06)
(1.1201975768915e-06 5.1288599391177e-07 -2.9115265106927e-06)
(6.5125127927575e-07 2.545872543077e-07 -1.862601335369e-06)
(4.8435516663961e-07 2.1047049916071e-07 -1.953033305832e-06)
(1.0027684404038e-08 9.26693487655e-09 -5.437156456345e-08)
(6.4741147797122e-06 3.2592830519127e-07 -1.2013686375204e-05)
(6.050960065994e-06 1.3980212024125e-07 -1.2774598659939e-05)
(3.1194568351576e-06 8.5022647803458e-08 -6.102282930158e-06)
(-5.9344171007483e-08 -5.1267908803335e-09 -1.3784884341206e-07)
(-6.6128481395786e-07 -2.8090091059797e-07 -1.1095569822468e-06)
(-1.7477123778463e-06 -4.8293847191122e-07 -3.5457106962143e-06)
(-1.387296017809e-07 -6.9169595689252e-07 -1.1220251521754e-06)
(-1.5898533809535e-07 -3.7758298531608e-06 -6.6745093121339e-06)
(2.8666962977576e-08 -4.9917897085579e-08 -1.090617424529e-07)
(-1.018540480767e-08 -2.5364543310332e-08 -5.839364208034e-08)
(1.3757704868169e-06 -3.2177114512678e-06 -6.8586444844809e-06)
(4.4697036925615e-07 -3.7382743981152e-07 -1.1253034968795e-06)
(9.9983484847929e-08 -4.8584800657475e-08 -1.8766384228879e-07)
(3.9947332164926e-06 -4.6483532965902e-06 -1.2800966377248e-05)
(2.8753415485981e-06 -3.0809423230899e-06 -1.0976996144602e-05)
(9.7875986913593e-07 -1.2776472978705e-06 -5.8463256430278e-06)
(6.5289185921522e-07 -5.5979842363757e-07 -2.7133499332936e-06)
(4.7312191209243e-07 -4.8046212982773e-08 -1.3767959624861e-06)
(5.2381274136317e-07 2.8835299644807e-08 -1.8836669356193e-06)
(2.8421923553114e-07 -1.2487510681783e-08 -1.1160688287565e-06)
(7.4800945210588e-07 -9.4567133940733e-08 -4.1790596479872e-06)
(6.1647297071182e-06 -1.2819916417311e-06 -1.2898387881749e-05)
(2.261828412039e-06 5.7719178142007e-08 -7.0359477612387e-06)
(-2.8386724441761e-07 -1.0575547498027e-07 -6.8093539605284e-07)
(-9.2180748049209e-07 -1.4424263530078e-07 -2.7305913064492e-06)
(-3.5106278278235e-07 -2.1974150015269e-07 -1.1745498032129e-06)
(-6.5070551216202e-08 -4.0481327377768e-08 -1.6117850508449e-07)
(-6.1268640574242e-10 -3.6551371541561e-09 -8.6041180650042e-09)
(3.0340929258136e-08 1.2643509662298e-07 -2.4775304807656e-07)
(1.4381042610456e-08 -1.7818335897357e-07 -3.5484157978381e-07)
(1.9403807725743e-08 -9.7260904296192e-08 -1.9581983546803e-07)
(-1.6455597165673e-08 -2.3504046455335e-09 -4.0702478464601e-08)
(4.478246619605e-07 6.3832511138746e-07 -2.5658000459738e-06)
(3.8241143046212e-07 6.8809161198595e-07 -3.3903167195672e-06)
(1.5927563821106e-07 8.2730072418112e-08 -4.8194475644222e-07)
(1.131404230019e-07 -2.4765182735115e-07 -6.4962036363965e-07)
(3.9570859979919e-07 -1.1405394504339e-06 -4.349469881207e-06)
(3.6735081471848e-07 -8.4017135818743e-07 -4.6144442494131e-06)
(7.0228200381843e-08 -9.8136594522607e-08 -2.841347875577e-07)
(1.035282646876e-07 -1.2454600203935e-07 -4.8285028027613e-07)
(1.1194744645424e-07 -1.3737660742457e-08 -2.4916184828068e-07)
(1.0774402681564e-07 -3.9872555553478e-08 -3.2768550875268e-07)
(2.4946449637091e-08 -6.287346074913e-10 -6.5700736815805e-08)
(2.8654533654761e-09 -1.6513347839179e-09 -1.0892384905271e-08)
(7.1470254239639e-07 7.7395510111525e-07 -5.1479684122308e-06)
(3.1573711481165e-07 1.8298456106295e-07 -1.6196676585549e-06)
(9.7274331426801e-07 -1.1025207563047e-06 -7.9802637829475e-06)
(5.5224771042873e-07 -3.4427248965914e-07 -2.8974309651072e-06)
(3.7636170267928e-07 -1.877644010368e-07 -2.1152545922051e-06)
(3.1451929832505e-07 -1.4070615451591e-07 -2.0048406379942e-06)
(2.264214253113e-07 -7.1336142957849e-09 -1.0920982249058e-06)
(3.348611946839e-06 -6.8716331147731e-07 -1.1702855667632e-05)
(1.8798537962637e-06 -1.8831984082492e-09 -9.6835479799897e-06)
(6.2703016416183e-07 -9.882405962348e-08 -4.9712151674255e-06)
(5.301203743268e-07 1.2014683685418e-08 -4.8359964139044e-06)
(2.3998893687003e-07 -2.2484453601955e-08 -1.9538892183567e-06)
(1.299236621477e-06 -2.0095165338327e-08 -8.080741639046e-06)
(1.4698018384175e-06 2.3582227630305e-07 -9.6050895859665e-06)
(1.0119678660539e-07 8.2037654494992e-08 -3.8575355150769e-07)
(2.2229262378605e-08 8.2612870097515e-08 -2.1756062165702e-07)
(-7.5192207283936e-08 9.68892537702e-08 -3.7738460350419e-07)
(-5.555271203617e-09 3.2413075928782e-07 -1.3625379405075e-06)
(6.7861243460475e-10 3.8382536552331e-08 -1.1041481796586e-07)
(-5.0511688225242e-10 2.5054176240946e-09 -8.0034273205584e-09)
(4.3443892968422e-07 6.5476955669046e-07 -4.1153873661608e-06)
(4.3504644629359e-08 5.3056387073497e-08 -2.1593677209648e-07)
(2.4500467840621e-08 3.2767722533401e-08 -1.1081316876347e-07)
(9.2968959890948e-07 8.0156679225916e-07 -7.4378572354294e-06)
(3.1408248177577e-07 2.5566657624673e-07 -2.6188850390417e-06)
(3.9876238420654e-07 2.6909445173397e-07 -4.4640597932681e-06)
(2.5742168074066e-07 1.0357765082068e-07 -1.3955824442263e-06)
(1.1828962849405e-07 5.5299746614313e-08 -6.0404447158782e-07)
(9.8060384391243e-08 4.0697851663193e-08 -6.0314235166386e-07)
(1.0918630142034e-08 7.1062809378202e-09 -6.2045711015079e-08)
(2.5237872112171e-09 2.6468226636905e-09 -1.126703881544e-08)
(3.6583549591045e-09 3.1692816548316e-09 -1.9832489929996e-08)
(1.0698835885713e-06 1.2399281528908e-07 -7.3903201288377e-06)
(4.9584344926787e-08 -5.2157051541985e-08 -1.9305154832773e-07)
(3.2997963764501e-07 -3.5073988407811e-07 -2.9694836348398e-06)
(4.0343235226542e-07 -4.5431535531517e-07 -5.9226938810247e-06)
(2.3595796930857e-07 -1.2433495620587e-07 -1.7381676526775e-06)
(1.0228886857269e-07 1.7719090035553e-11 -4.2327554350924e-07)
(1.5697164219163e-08 -3.5509734009748e-09 -3.7738737144799e-08)
(3.7411131221059e-09 -7.6742170099472e-09 -2.7565563887118e-08)
(1.0162616616979e-07 -1.8066536832997e-08 -5.4711432568909e-07)
(4.9817145545579e-08 -4.2554708944332e-09 -2.5351700602295e-07)
(1.9141760789382e-07 -1.8111428488921e-08 -1.600695330784e-06)
(9.2089320542663e-07 -2.5242632702784e-08 -7.0566468364056e-06)
(5.2525238680326e-07 -8.0102690550181e-09 -3.0939369490573e-06)
(2.0386098252285e-09 -3.0645199419556e-09 -2.9314460656653e-08)
(-5.3568379147048e-08 2.7309363652512e-09 -1.6961180583271e-07)
(-1.9912541857543e-07 -2.2471392109731e-09 -9.9299404975261e-07)
(-6.243540111929e-08 5.181451281836e-08 -2.7080449465641e-07)
(-3.4777711343349e-08 -7.6230032939121e-09 -1.1187038658443e-07)
(-5.782586269002e-09 -3.7098490349265e-08 -9.4708146466578e-08)
(1.3561918171791e-09 -3.0927038572922e-07 -1.6465805824181e-06)
(9.9936919467173e-09 -4.2191665934654e-08 -1.2349879778633e-07)
(3.5020465958499e-09 1.8672157416651e-10 -2.398985038938e-08)
(9.7026682589114e-07 1.9381880997556e-07 -7.447436328023e-06)
(1.1804486354587e-08 8.5654151743857e-09 -3.2295496437771e-08)
(5.6822114203976e-08 1.0062986130671e-07 -6.8439083361147e-07)
(1.2570783208021e-07 1.166182817476e-07 -1.2833173702455e-06)
(6.6082041248243e-08 2.5897595337548e-08 -3.5869724066504e-07)
(4.5554062887802e-07 1.0123393105649e-08 -4.9381122000955e-06)
(2.4601537717701e-07 7.6403843474728e-09 -1.6624560972176e-06)
(-1.9929475748373e-09 1.2811101343939e-08 -2.6117765361805e-08)
(2.2116842444836e-09 4.3154604747879e-10 -9.5695744345934e-09)
(-1.0622104583017e-08 -5.1392222459626e-09 -2.9756164802946e-08)
(-3.0339333746535e-10 -8.568805761874e-10 -2.7174427080705e-09)
(2.7840435336631e-10 -1.4422876890875e-10 -4.6381124202505e-10)
(6.018242999987e-10 -4.1587458026737e-10 -1.7998242485215e-09)
(3.6296060218595e-09 -1.736896995319e-08 -4.3306965452655e-08)
(5.0466198406898e-08 9.7434889809015e-08 -4.5685208813431e-07)
(5.8139692200838e-08 -7.9357132664557e-08 -3.9698702753329e-07)
(9.891495800596e-08 -2.4692393116956e-07 -1.8014345059158e-06)
(8.1798675368581e-08 -1.4760800656953e-07 -1.0924965559754e-06)
(4.0708879603402e-08 -4.5718189905327e-08 -3.2645084339477e-07)
(2.1851608807152e-08 -7.3418198882631e-09 -6.2276417412395e-08)
(6.4300184569665e-09 -3.7252127934808e-09 -1.6655666863569e-08)
(1.4308913587593e-08 3.3894286699466e-09 -4.9717370791347e-08)
(2.1770247087541e-09 -4.6021123513619e-10 -1.2566106308796e-08)
(5.3616201634043e-10 4.6217316472303e-10 -4.2506810889857e-09)
(1.5515884672018e-10 8.8269035343066e-10 -1.7105333322838e-09)
(2.4864250010538e-07 -2.8223477487125e-07 -3.9968448415762e-06)
(1.2126616096365e-07 -7.3592827906182e-08 -9.3418260902195e-07)
(1.1459619304435e-07 -6.5049651161383e-08 -1.0106586028657e-06)
(6.3830906913043e-08 -3.4251118122347e-08 -5.0695971040131e-07)
(4.7101289041827e-08 -1.2812445354069e-10 -2.6224004270653e-07)
(1.1028777356055e-07 -1.1484750913627e-08 -9.3761401790275e-07)
(9.2068308347653e-08 -1.3102192847054e-08 -7.6711820191893e-07)
(6.5132640145861e-08 2.4836299186982e-09 -5.5715105529056e-07)
(5.9188340737585e-07 -1.0282032988864e-07 -5.9586789982757e-06)
(3.5027394209391e-07 9.1865135960332e-09 -4.0906382293495e-06)
(3.1443267969674e-07 7.0737095348589e-08 -3.2404915943454e-06)
(1.5916355596818e-08 1.3294090108208e-08 -6.9689434451843e-08)
(-4.2429382282727e-09 1.8170382508359e-08 -6.0921914069833e-08)
(-2.7243663730952e-08 2.3154127416957e-08 -1.5241039976731e-07)
(-6.3623561722574e-09 7.0372774003131e-08 -3.8059130502626e-07)
(1.5548151390369e-09 8.2446092952278e-09 -2.3037301851586e-08)
(3.725294733265e-10 1.5692224627808e-09 -4.3097614717965e-09)
(8.2768267406706e-10 1.3542803162624e-09 -1.7001435048182e-09)
(1.142919208377e-09 1.4975651623458e-09 -1.9821938564622e-09)
(3.2983736944926e-08 9.1691704046889e-08 -6.4693785013615e-07)
(1.0538066826851e-08 1.3176852649277e-08 -6.2034161639854e-08)
(8.6310574422562e-09 8.3567272629507e-09 -4.3603629982764e-08)
(1.698369328287e-07 1.5644273430427e-07 -2.3815531781436e-06)
(7.5453758282866e-08 5.7873948320315e-08 -6.9464736671722e-07)
(1.1283370280917e-07 1.0472319645995e-07 -1.7202850957286e-06)
(5.6686948547163e-08 2.4385624132759e-08 -3.9762416763265e-07)
(3.1182332542213e-08 2.0612192423806e-08 -2.2520242909207e-07)
(2.2550471534475e-08 1.0076213963828e-08 -1.5005980942056e-07)
(3.0483100345502e-09 2.9262670590677e-09 -1.5484539456084e-08)
(1.0758433590093e-08 -1.826568965305e-08 -7.4788842518686e-08)
(1.1667357686108e-07 -1.3794944053656e-07 -1.9863299487296e-06)
(9.7329509320773e-08 -1.1884686158053e-07 -1.7691145087048e-06)
(5.4290012774959e-08 -2.9834335542533e-08 -4.3451222115383e-07)
(4.4531578916023e-08 -8.4154432595257e-09 -2.6965730404553e-07)
(5.9170467671504e-09 -8.0710659950636e-10 -1.7868542805834e-08)
(-3.80676360061e-10 -1.9385534242073e-10 -4.5390169635589e-09)
(2.0895873277984e-08 -5.6761389771312e-09 -1.2169244903249e-07)
(6.8825049368721e-09 -1.1060097838262e-09 -3.3575000694577e-08)
(4.3154988096895e-08 -6.7868650550409e-09 -3.6822277085571e-07)
(2.250908490512e-07 -3.1280442197315e-09 -2.6684907495004e-06)
(1.4019301376964e-07 8.8005022569469e-09 -1.1942837414313e-06)
(-1.7507968777561e-10 4.8245266428104e-10 -5.0181041163539e-09)
(-4.7277720424286e-09 -8.5163280979409e-10 -1.442283615683e-08)
(-6.2434564708546e-08 7.6708660012938e-11 -4.0877602269915e-07)
(-2.5679468734378e-08 1.2529476608095e-08 -1.2825267146203e-07)
(-5.4847605721271e-09 -1.7953693709889e-09 -1.9227237339886e-08)
(-6.5309925901222e-10 -5.8010450004154e-09 -1.5161750610749e-08)
(-6.2816228720306e-09 -7.4325643601622e-08 -5.3113816691309e-07)
(-1.4884452693218e-10 -7.8105778609286e-09 -2.2657639329018e-08)
(1.1362641946133e-09 -2.817839905979e-09 -8.3307352952374e-09)
(2.3000604593824e-07 6.1778986006784e-08 -2.8399135876458e-06)
(2.6461875870152e-07 6.385816878914e-09 -3.0482667250097e-06)
(1.2417660054021e-08 2.2980764691616e-08 -1.4379888224064e-07)
(3.3795364652342e-08 3.3258913186863e-08 -3.2287716178339e-07)
(1.3140575571783e-07 2.3572865613906e-09 -1.5070150438325e-06)
(7.5760623053582e-08 1.7058490096875e-09 -6.2697854800586e-07)
(6.4194963906024e-10 3.2416093512885e-09 -6.3441973660428e-09)
(1.1527249120634e-10 8.4375581248333e-11 -1.1939494734086e-09)
(-1.8748633402296e-09 -2.2401627101951e-10 -5.6337260335002e-09)
(4.4207826146538e-10 1.1053032920299e-10 -2.8878847526677e-10)
(7.1983546693299e-10 -7.8426109995294e-09 -2.6132236924384e-08)
(4.4913471133e-08 7.2750485914346e-08 -6.8191894133183e-07)
(1.1111794357544e-08 -1.6453020906241e-08 -8.2157818388614e-08)
(2.6643587984556e-08 -6.473777777239e-08 -5.4039248432904e-07)
(1.5557596909626e-08 -4.3925892564328e-08 -3.1457828954657e-07)
(6.8531272356889e-09 -9.4887749362975e-09 -4.4170924256734e-08)
(1.8286741662196e-09 -2.8826684781316e-09 -8.8181758572112e-09)
(3.4396209710872e-09 -2.9710626739722e-10 -9.3425288276741e-09)
(6.1771367556617e-10 -6.8760683374502e-11 -1.1869372649956e-09)
(1.6303108614492e-09 -3.9815632708856e-10 -5.5645147357076e-09)
(3.4669422714955e-10 7.3178379097723e-10 -4.5528734767502e-10)
(7.3808163251502e-08 -7.7863927236927e-08 -1.1878711784022e-06)
(2.6901160260149e-08 -1.8990470355145e-08 -2.2238707575409e-07)
(2.259712191049e-08 -1.4625323282374e-08 -1.8384594113715e-07)
(1.4146086399003e-08 -9.2625322088752e-09 -1.2167261934733e-07)
(4.8112713662728e-09 6.1696065601333e-10 -2.1674078404589e-08)
(1.8821451852347e-08 1.5298519619649e-09 -1.3599015393084e-07)
(1.549921759571e-08 3.7997102425004e-10 -1.1658628829175e-07)
(9.3585967309982e-09 1.7943781078256e-09 -6.3577727168774e-08)
(1.3913610044988e-07 -2.4352696375411e-08 -1.5971278978416e-06)
(1.5541324087896e-07 6.5162258926741e-10 -1.7142902531988e-06)
(7.5408181890717e-08 6.5714547442362e-09 -8.0013994001879e-07)
(4.0959235099753e-08 1.956541407074e-09 -3.1456577651037e-07)
(2.0694539994508e-10 -3.9328078011183e-10 -1.1127810145393e-09)
(-8.4877275588544e-10 -5.4884792422057e-10 -3.612545722888e-09)
(-1.4259891515343e-08 -2.5851228235327e-09 -9.307622945511e-08)
(-1.47501608471e-09 2.037059767047e-09 -8.8027329565818e-09)
(6.0651965010303e-10 2.4373399193735e-09 -5.1926722673941e-09)
(1.353839842695e-09 1.3588909776805e-08 -5.9887959987008e-08)
(5.5855432822948e-10 1.2855025401203e-09 -2.3586335375416e-09)
(9.781627412636e-10 5.6264669733602e-10 -8.083713853157e-10)
(3.9800207210417e-10 -4.9670999379403e-09 -1.4585098374548e-08)
(1.0038008969929e-09 -1.561340982486e-08 -7.7408138649661e-08)
(3.1192505779212e-10 2.0524973905046e-10 -6.5446895674008e-10)
(2.1574809845871e-10 -8.9845394379482e-11 -4.0848117032279e-10)
(3.2455733988911e-09 2.1918864061358e-09 -1.1415512934146e-08)
(1.0414499526972e-08 2.5729581323892e-08 -1.8195421964751e-07)
(9.4827700306991e-10 9.0170692803305e-10 -2.2896256857815e-09)
(5.3507030508101e-10 7.8673776451124e-10 -1.2362359071812e-09)
(1.5044415536493e-08 -3.1821279506722e-08 -2.5643087693792e-07)
(2.6586196028389e-09 -2.4242379673571e-09 -1.1803901693782e-08)
(3.3660210441381e-10 -1.4547928714593e-10 -1.135598033574e-09)
(2.9570689828607e-08 2.8545729800028e-08 -3.2714000344395e-07)
(2.0713491892018e-08 2.1354386631374e-08 -2.1532857554407e-07)
(1.6649021936578e-08 1.4729728684344e-08 -1.6284578972726e-07)
(8.2729856989441e-09 4.4619080788177e-09 -4.7763400646852e-08)
(4.2834987137824e-09 1.9370126338201e-09 -2.1014553098026e-08)
(3.5822150251875e-09 2.4632768613535e-09 -1.8987532206147e-08)
(1.4433978163034e-09 1.1235805084661e-09 -2.3827787801116e-09)
(1.8169049173961e-09 8.0880550994742e-10 -2.0620149131161e-09)
(6.6867050665119e-10 -2.2898037220956e-10 -2.0134800833604e-10)
(3.5219256646452e-08 -5.4609520898216e-08 -6.4467427475963e-07)
(2.0467024402324e-08 -3.3887769766305e-08 -3.4541908173329e-07)
(2.1116254016839e-08 -2.7221535028004e-08 -3.2712452325719e-07)
(2.2585591267992e-08 -9.2542719937625e-09 -2.2123706754058e-07)
(4.3929602569576e-09 -3.8811011286346e-10 -2.4828581816458e-08)
(3.712716869869e-09 -1.1985484484911e-10 -2.1515079268808e-08)
(1.2912473847516e-09 5.6953127196881e-10 -7.6429284510766e-09)
(8.551595988e-08 -1.4232421169419e-08 -9.7210098407575e-07)
(6.8047791647147e-08 1.1489705093343e-11 -7.2963341482399e-07)
(1.0830829356845e-08 -5.7368647077704e-10 -7.5367232379902e-08)
(4.6114339255061e-08 -4.6475782947919e-09 -4.7087903215557e-07)
(4.6506356441934e-08 1.1329790801646e-08 -4.8938722810412e-07)
(4.7468327641296e-10 7.827457884997e-10 -8.9124574376853e-10)
(3.4952486776553e-09 4.6367602430929e-09 -2.0200525723178e-08)
(2.9817639027307e-09 4.7161452361321e-09 -1.8586640381079e-08)
(3.2932356076962e-10 5.316728330105e-10 -1.3728810413476e-09)
(1.8932507826897e-08 1.4505286032451e-08 -1.8611501080355e-07)
(3.763563615873e-08 2.1967993570943e-09 -3.7189365300905e-07)
(3.1444976655577e-08 1.9556372245803e-09 -2.9473337651559e-07)
(1.5210589828437e-10 9.8066592835817e-12 -1.1513017468275e-09)
(-1.7008123647992e-09 -2.9513602147639e-10 -1.2936507596047e-08)
(-1.1866518657141e-09 -2.3461741557519e-09 -1.3394778715747e-08)
(3.8036736451106e-10 -6.9688830804789e-11 -9.1231728319579e-10)
(6.6968868805555e-10 3.3129086611956e-10 -3.7998885319232e-10)
(7.8200459119518e-10 8.6515087861999e-10 -2.8178089635688e-10)
(7.9970002103255e-10 7.6883862996563e-10 -1.430386911159e-10)
(5.0248414707374e-10 -1.5660508869632e-09 -3.8626515181048e-09)
(3.6840378413526e-10 -6.2012643532056e-10 -1.4538335789754e-09)
(1.4913012904668e-10 4.5136166628064e-11 -2.911094829462e-10)
(9.467642167347e-10 -8.757234896069e-10 -4.3171777663792e-09)
(6.0018712665777e-09 -1.062231316557e-08 -8.154809149392e-08)
(3.6007992385117e-09 -6.0119703997022e-09 -4.1911734992224e-08)
(1.1211478043074e-09 -1.5616357544958e-09 -7.3969238938535e-09)
(4.8170468398612e-10 -5.5214751931987e-10 -2.8799695803164e-09)
(4.1478483038613e-10 8.0563589669147e-11 -2.4542560695809e-09)
(-2.5072983040501e-11 1.3761562143369e-10 -3.5330932812228e-10)
(1.0657848980834e-10 5.110567607752e-10 -9.0620560549258e-10)
(2.1662757909373e-10 1.4891166937651e-09 -8.308722143675e-10)
(-3.4759386803003e-10 1.7254137592104e-09 -2.3612898042412e-10)
(-2.2102670923539e-10 8.3165745926445e-10 8.0766478837383e-11)
(1.6232925981647e-08 -1.9216810371209e-08 -2.3506388839504e-07)
(5.4763539207527e-09 -2.9239924775741e-09 -4.2993766771449e-08)
(2.4440283284599e-09 -7.9911207471596e-10 -1.6799682322062e-08)
(1.9522160455393e-09 -5.0632939834134e-10 -1.7274457204323e-08)
(2.3761279823768e-09 1.223895833209e-09 -1.3299901234001e-08)
(4.7423284481966e-09 8.1744809693046e-10 -3.1334461768041e-08)
(3.3617716323041e-09 8.8169221620319e-10 -2.2896608955969e-08)
(4.2654601607632e-09 2.34599951961e-10 -3.4626349473059e-08)
(3.4296945373607e-08 -6.9037592197226e-09 -3.4435929760087e-07)
(1.7406693904775e-08 9.5683216120515e-10 -1.3995459874204e-07)
(7.4399915891536e-09 1.4396700402694e-09 -4.6737437763412e-08)
(2.4616171983304e-10 -5.2016263178981e-13 -2.1995461308529e-10)
(5.5783155504572e-10 7.4421899598219e-11 -5.5016289322592e-10)
(6.79268836877e-11 -1.5405631737178e-10 -8.7965300645617e-09)
(1.1447327802826e-10 2.0691025651568e-09 -1.0135467424566e-08)
(3.1533328959416e-10 4.4749271947059e-10 -2.1980344860551e-10)
(1.6485136534121e-09 2.933859197256e-09 -6.0529787645245e-09)
(4.8484438453199e-10 7.4932625392839e-10 -4.2249796863869e-10)
(9.4936949118523e-10 -4.0605758905612e-10 -5.1675244407612e-10)
(8.9387654422471e-10 -4.1637970782787e-10 -1.8006880843895e-10)
(4.8462962601425e-10 -2.991956608624e-10 8.1081167981027e-11)
(5.8792176388878e-10 -1.0079295295542e-09 -2.8078641934253e-09)
(1.4228482902725e-09 -4.8215972799598e-09 -2.5495040675704e-08)
(2.3340086697612e-10 7.9164982474735e-11 -2.3515662601537e-10)
(2.5904682908704e-10 1.7306575269468e-10 -1.7924986440564e-10)
(1.2031317455584e-09 1.6358339515623e-09 -3.8540320031637e-09)
(3.3411742076284e-09 5.8749280725618e-09 -2.3369102478251e-08)
(8.6921186175322e-10 1.264862772277e-09 -2.3620778867652e-09)
(7.1267093709694e-10 9.9912667224414e-10 -1.2116879446e-09)
(3.0718311607871e-09 -4.09072517078e-09 -3.5914371673407e-08)
(1.8001377932691e-10 3.6991166892361e-11 -1.5977870775348e-09)
(1.6292530451065e-10 4.30025242516e-10 -2.4920390259211e-10)
(1.0701548039369e-08 1.117500144628e-08 -1.0291969469637e-07)
(6.284422016348e-09 6.8516344018288e-09 -4.867802990387e-08)
(5.4462493589351e-09 5.9288271712125e-09 -4.6544264626426e-08)
(2.4559939277856e-09 2.1331198143227e-09 -1.1829478192115e-08)
(2.3897044646023e-09 2.2641617087191e-09 -1.0622538632084e-08)
(1.1640116857488e-09 1.1701848040521e-09 -4.1013719065316e-09)
(7.0495561513271e-10 -2.4674169964025e-10 2.8769962287089e-11)
(1.2018660201082e-08 -1.428735979062e-08 -1.7595723502429e-07)
(6.3883756321239e-09 -6.7596172315022e-09 -8.6406462023726e-08)
(3.2902595287663e-09 -2.4418920553469e-09 -5.1216019274041e-08)
(9.3814224694809e-10 6.0356952526626e-10 -1.0674132281065e-08)
(6.7318358460908e-10 9.3416192170668e-10 -4.4475194117e-09)
(7.3132155223398e-10 1.0734235561482e-09 -4.3716927531971e-09)
(6.9619822023182e-10 1.0269399125807e-09 -1.5899488518253e-09)
(2.0889454833233e-08 -3.3156904185855e-09 -1.8537389528368e-07)
(3.6771785883883e-09 7.3906906744397e-10 -2.5108880322931e-08)
(9.842964099771e-09 1.1726761698493e-09 -7.6615817402818e-08)
(1.2407495470741e-08 3.0219128581697e-09 -9.7848362776549e-08)
(7.4064525048343e-10 9.6549400922865e-10 -6.2746398552986e-10)
(3.8837906318238e-09 5.6377276944971e-09 -2.7437276600328e-08)
(1.6957538541762e-09 1.9281271027248e-09 -4.3881380403015e-09)
(7.6580692126898e-10 9.0971624475175e-10 -1.1227028538317e-09)
(1.6153036155324e-09 1.0941902349974e-09 -5.0335740361166e-09)
(3.9660491415639e-10 1.1208731589341e-09 -6.7159883609659e-09)
(3.8532650468341e-11 8.7554701440177e-10 -8.9328715129884e-10)
(3.7389254991926e-10 2.0486925087947e-10 -4.3790723722908e-10)
(3.2681276902908e-10 6.4679282070954e-10 8.1057016200821e-11)
(4.0554153847046e-10 9.7916777791342e-10 -9.3685387962472e-09)
(1.3797997715817e-10 7.5401281122102e-10 -4.4872955636296e-10)
(2.0268497992133e-09 -2.1786798031092e-09 -4.8116694721184e-08)
(3.710170134063e-10 1.4807405243751e-09 -4.3901721573722e-09)
(2.8773815663425e-10 1.7612221576304e-09 -2.747719779137e-09)
(2.4302870043407e-10 6.4946379226425e-10 -2.9155267719024e-10)
(7.366070485815e-10 9.1247586431688e-10 -9.2602643129158e-10)
(1.6214481763051e-09 8.4397013636771e-10 -6.2295059447983e-09)
(2.7758945248045e-09 5.1326348612738e-10 -9.3401460639257e-09)
(1.8186929891106e-09 5.3844904422567e-10 -5.1759206867144e-09)
(2.3562503687224e-09 9.7648789198206e-10 -1.612979579409e-08)
(3.1505999067356e-10 5.36599011852e-10 -2.9394767157828e-10)
(2.8972324181889e-10 2.3481920667964e-10 -1.5056195583249e-10)
(1.1255217758692e-09 4.1698138619977e-10 -1.166342065681e-09)
(1.3726950990695e-09 4.5180778336779e-10 -4.5476652246653e-09)
(1.1328895200432e-09 -8.3131739898126e-11 -3.428450257833e-09)
(8.250829028445e-10 2.1935122019765e-10 -1.3225540104386e-09)
(7.0556307424102e-10 7.407132242718e-10 -4.6902325775062e-10)
(6.1772420675474e-10 4.5850137068068e-10 -3.1533458641833e-10)
(4.447834787293e-10 2.6866921070732e-10 -1.8200920447521e-10)
(4.1689106108593e-09 1.4520448804652e-09 -2.703826207027e-08)
(7.2218094874034e-09 1.0839232754944e-09 -5.3110840598056e-08)
(1.5593543322005e-09 9.5897385858062e-10 -2.9396031578578e-09)
(7.8591349800696e-10 5.0852049892918e-10 -4.4224158534644e-10)
(6.4957805898443e-10 2.8732781685751e-10 -3.2690153624565e-10)
(5.6610542764995e-10 4.1584487446662e-10 -3.4008740031555e-10)
(1.8949283740739e-09 1.3711826066445e-09 -4.4868088092318e-09)
(2.1618530015696e-09 1.5322287070907e-09 -6.7410047376189e-09)
(2.0701688335436e-09 9.3726903360382e-10 -3.4251360702502e-09)
(1.4707187192403e-09 6.4952486585372e-10 -1.3231860138313e-09)
(4.062266298919e-09 9.6035161957381e-10 -2.5236408687788e-08)
(1.6475336431518e-09 9.9593323598455e-10 -7.1036028819213e-09)
(8.7617357585156e-10 7.0802836907137e-10 -7.2170567281123e-10)
(2.0422469200684e-09 2.3173079822e-09 -7.6546667669102e-09)
(1.2517159676427e-09 1.0956038875657e-09 -1.9481286642006e-09)
(6.3865189524385e-10 4.483261156993e-10 -9.4420294529733e-10)
(7.6797778355578e-10 9.6525491874219e-10 -5.2941956691421e-09)
(2.5943103811076e-10 1.6338426732484e-09 -2.2346430217322e-09)
(1.4971666594519e-10 8.7210943850434e-10 -2.9654743282063e-10)
(1.9785413863203e-10 3.5467319928528e-10 -1.3343589405059e-10)
(3.6575706114442e-10 3.0932949251108e-10 -1.4207466192125e-10)
(2.6057744896329e-10 5.2355437299109e-10 -2.4508872334423e-10)
(2.3146861302446e-09 2.0795807484604e-09 -9.0416863390479e-09)
(-3.6013691134738e-10 1.3711709493512e-09 -1.6535218484402e-08)
(-4.5655134903746e-10 2.2010852351803e-09 -8.7247014357747e-09)
(-1.5203806865449e-09 2.3540305738555e-09 -9.6536874169176e-09)
(1.1645841010452e-10 1.9511668638598e-09 -1.2565550202217e-09)
(7.933013055762e-10 1.1358020184297e-09 -1.21663502605e-09)
(4.3484154496014e-10 1.3238411831504e-09 -1.5948856746044e-09)
(2.9943541649109e-11 1.1522308559843e-09 -5.0015766877922e-10)
(1.2851994385409e-09 6.1839790415921e-10 -2.3712540627767e-09)
(2.7823669953082e-09 2.5836062648779e-10 -2.1035161249929e-08)
(2.8259763713996e-09 5.3255657462029e-10 -1.360802178702e-08)
(1.9038754605234e-09 8.8863599848434e-10 -4.169078902281e-09)
(1.0060037445705e-09 4.7600571739708e-10 -4.108344204403e-10)
(2.2403784322657e-09 3.0704359006146e-10 -4.441941667521e-09)
(9.8327608102273e-10 9.6804566647692e-10 -4.2588850077667e-10)
(9.9373607007231e-10 5.4351098388353e-10 -3.405566019363e-10)
(6.021043108186e-10 8.6802188901141e-11 -2.8407595314427e-10)
(2.4272571857917e-10 7.6217710344778e-10 -2.291988015302e-10)
(4.6042954870202e-10 1.5014047359388e-09 -3.2797581838544e-10)
(2.4039762981985e-10 1.9744886836588e-10 -1.0747731641168e-10)
(1.4999009036763e-09 7.5478617003987e-10 -1.5953088770148e-09)
(1.4839350200125e-09 3.7832007550621e-10 -1.64684985762e-09)
(5.7924355603977e-10 1.3769010532816e-10 -2.8629100281495e-10)
(7.2162407877787e-12 2.2459172325817e-09 -9.4079109958108e-10)
(-1.1803755361498e-10 3.1808956172879e-09 -2.2217358726839e-09)
(-5.1263453465644e-10 3.5062134450444e-09 -1.8329325316921e-09)
(-5.568768420023e-11 1.7616790051583e-09 -4.2883780372324e-10)
(-1.7082688089083e-10 1.9155707108437e-09 -3.4886592459942e-10)
(1.8262273836733e-10 9.2806290298321e-10 -4.0029243508676e-10)
(-8.125045764635e-11 1.079619131206e-09 -3.0229170663133e-10)
(-1.1294331871887e-10 7.9403876590055e-10 -1.0277714654216e-10)
(2.199342441177e-09 9.7780479607164e-10 -3.7837452865181e-09)
(9.4105534556478e-10 1.9097062552909e-10 -5.6929333639752e-10)
(-2.0754188779351e-10 2.1479532663146e-09 -1.5600887630205e-09)
(-1.9161204405083e-10 8.780380219141e-10 -2.0545490725736e-09)
(-2.6742243790367e-10 1.3648356158579e-09 -3.4375864765567e-10)
(3.6407325407761e-10 8.3596047312198e-10 -4.0204336828494e-10)
(2.1156943762585e-09 3.8824154351597e-10 -1.178011197927e-08)
(1.3294057767728e-09 4.9235496722136e-10 -7.7200799699078e-10)
(1.6562984752418e-09 1.3617765538668e-10 -4.759920758418e-10)
(1.6098705275224e-09 -1.5622049469019e-10 -6.3732764810021e-10)
(2.9814060121573e-09 4.3578025842727e-10 -7.9033277793731e-09)
(3.0534222755659e-09 7.7008847933924e-10 -8.0825148015932e-09)
(8.8935793513667e-10 2.7874318083327e-10 -3.8148083122543e-10)
(4.3538561321236e-10 -3.7475182830201e-10 -4.2919014645165e-11)
(2.1446210440335e-10 -1.1527362923476e-10 5.3006617093485e-11)
(1.4940037404751e-09 1.2882710945387e-10 -8.5736369864613e-10)
(1.8065405097092e-09 1.284796988249e-09 -2.512808799217e-09)
(8.6244047016333e-10 4.9210290381093e-11 -7.6898229538252e-12)
(8.0481184179746e-10 1.8708226963312e-10 -2.828182074933e-11)
(3.5821951885156e-09 8.3072799788221e-11 -3.414284523367e-09)
(1.3009246890337e-09 5.6530849527937e-10 -1.3754674991911e-09)
(3.0938350011639e-10 5.1410035300808e-10 -8.6577994367407e-11)
(1.1624355368265e-09 7.0279747368768e-10 -2.8156593148258e-10)
(1.7762694218102e-09 8.5069236100904e-10 -9.6465899501606e-10)
(8.9569778180699e-10 -2.1974472745277e-10 -2.5463202831052e-10)
(3.14645094937e-10 -1.2176060491625e-10 -8.5046048843042e-11)
(8.4932214516069e-10 -8.5350964539677e-10 -3.1911624650111e-10)
(2.5406435156152e-10 2.0824069036312e-09 -3.4272659573111e-10)
(7.6990386766674e-10 3.3881428867871e-09 -1.0643465743332e-09)
(9.4556991491144e-11 4.3844390777525e-10 -2.1757430117263e-11)
(1.824465099277e-10 4.0791067857577e-10 3.7462975215668e-11)
(5.1413712753373e-10 4.5801403229438e-11 -2.7344616035477e-10)
(1.1008595499269e-09 -4.8789963666603e-10 -7.6417725548088e-10)
(-4.1939186754819e-10 3.7538676138145e-09 -7.0519356514344e-10)
(-3.1041480188797e-10 2.4211697995241e-09 -1.4183094903511e-10)
(-1.4378198889492e-10 7.3865123343987e-10 -2.0239359184795e-12)
(2.1933866546034e-09 9.9684949158639e-10 -3.7112956901692e-09)
(-2.0001829861009e-10 1.3487997816137e-09 -1.859278549065e-11)
(1.5036768517388e-11 7.6125610852687e-10 4.3011200445628e-11)
(4.2017569181242e-10 3.5539917314018e-10 1.4262267639669e-11)
(1.9070657436164e-10 1.8690541464596e-10 1.4210287836152e-11)
(7.3498707153922e-10 -6.6245837255718e-11 -2.2137455626154e-10)
(2.6008571705186e-09 -4.9821648336801e-11 -3.4533850267634e-09)
(3.0886521330839e-09 2.2046133954335e-10 -4.3557408443639e-09)
(3.088986444339e-09 1.1493108491337e-10 -1.5136529742472e-09)
(9.3947236940076e-10 6.1370776440247e-10 -2.7506842300524e-10)
(7.3121577568842e-10 4.7174938406588e-10 2.603078359458e-11)
(1.1952848174267e-09 1.1315213405923e-10 -6.1411489391791e-10)
(9.2270308208168e-10 1.4211568741995e-09 -4.9101332099626e-11)
(6.9427812851986e-10 2.2109834956029e-10 5.583922798561e-11)
(2.4646783293368e-10 -3.1094600321824e-10 4.3861192206285e-11)
(1.7781365317931e-10 1.5292923120348e-09 5.6503328271162e-11)
(1.7255666358592e-10 7.5533979370559e-10 1.0445581420911e-10)
(7.5671991775337e-11 2.9865293424788e-10 7.4074959978177e-11)
(1.0378156500033e-09 -7.1067000464225e-11 -4.36359411542e-10)
(5.3732255570336e-10 -7.8327902693471e-11 1.2343017186556e-12)
(2.0308356642235e-10 6.3372885275674e-11 6.9190967311148e-11)
(-2.8805459186241e-10 1.7791472559989e-09 3.2089872360484e-11)
(-1.8847183124438e-10 1.8853990575105e-09 -5.6598990927453e-11)
(2.9440471570534e-11 4.0561126589205e-10 -4.234856885293e-10)
(-9.4621043371282e-11 6.7685554708757e-10 1.1344090026636e-10)
(1.3882503572482e-11 3.093815646952e-10 6.2417851451756e-11)
(-1.0476059907168e-10 4.9281895593528e-10 7.0502373289621e-11)
(-5.733205474722e-11 3.4486050658888e-10 7.2828103320105e-11)
(1.0735737009205e-09 1.4970175817113e-10 -2.7641374138569e-10)
(5.3168865606969e-10 9.5204660094817e-11 5.203606851425e-13)
(1.9149791324063e-10 4.101710367264e-10 1.3463160559781e-11)
(1.1117249424368e-10 3.0585428884089e-10 5.0238277550746e-11)
(2.8983925636457e-09 -5.2663431932167e-10 -1.6521841891333e-09)
(2.8055713246475e-09 -1.019340755312e-10 -1.3469274909098e-09)
(1.3493933163308e-09 -8.7131245712991e-11 -6.9047474924056e-10)
(1.8305397755055e-09 2.1860115079106e-10 -8.5067407046696e-10)
(1.2224452489345e-10 -4.014714779222e-11 5.3263309677019e-11)
(1.324132833637e-10 -1.2923033480289e-10 7.9722523181031e-11)
(2.6383946591591e-10 -4.5677822843904e-11 5.3034942054912e-11)
(1.0520839043917e-10 6.5371670794767e-11 5.5647746382432e-11)
(2.5536724209073e-10 -8.1765502820204e-11 9.3378578331111e-11)
(7.4765139890626e-10 3.2119717052436e-10 -5.5387985088376e-10)
(1.2421503089047e-10 1.076375371435e-10 5.6198164453339e-11)
(6.4069431766166e-10 -3.2014975573462e-11 -2.1979067947439e-10)
(2.3251776692841e-11 2.0331519595373e-10 -7.817044358505e-11)
(3.9352032888782e-11 7.5010127668367e-10 -4.6689220693016e-10)
(3.3618799921302e-11 1.1733195283838e-09 -1.148278782279e-09)
(3.4338686241142e-10 1.1008679498442e-10 -9.2253782861292e-11)
(3.7050901442987e-10 3.3201182677606e-10 -6.6411400554071e-10)
(4.6615175238035e-10 -1.3506110537224e-10 -1.3136577052549e-10)
(3.9137943323647e-10 2.9757486698428e-11 -9.9371730677576e-12)
(6.9669311480561e-10 -2.4583905904631e-10 -2.6567727197359e-10)
(3.686754231853e-10 1.8004596829144e-10 6.9262416103934e-11)
(4.6396368334215e-10 -8.3260798285163e-11 7.4357743395788e-11)
(2.2996693001656e-10 5.3344006398581e-11 -7.1297378959772e-11)
(5.627238518062e-10 -3.2033834113669e-10 -3.4663981910261e-10)
(8.3711383752185e-10 -6.7092434580683e-10 -3.2121090281563e-10)
(3.3914486675793e-10 7.806173421707e-11 -4.8991895109333e-11)
(7.6987344575164e-10 1.8603777276568e-10 -3.9594688649541e-11)
(2.8208681981691e-10 -5.4369806971805e-10 -1.0315445296024e-09)
(3.4614872248302e-10 7.1413725703333e-10 3.5796858038488e-11)
(1.0333187917419e-10 3.2395655876027e-10 2.2793055347182e-11)
(3.1542029879455e-10 4.3774835588229e-10 5.6846371985251e-11)
(2.1571023916927e-10 5.948974953625e-10 1.0370238966032e-10)
(5.928571822505e-10 5.8350127372263e-10 7.23714461961e-11)
(8.5752785120776e-10 3.8184406379067e-10 -2.879294447936e-10)
(1.0314526870974e-09 8.1369639500672e-10 -4.591432566444e-10)
(1.5804269667171e-09 1.2089135094163e-09 -6.7855777689412e-10)
(4.4868731923932e-10 1.0075461942188e-09 -1.6466502909452e-10)
(6.2205316739964e-11 1.9888888893302e-10 -5.6230596902752e-11)
(2.8771531496306e-10 9.680155488708e-10 4.0968772899112e-12)
(9.6401160277797e-10 2.2474169236895e-09 -1.6826392607744e-10)
(1.2735066415001e-09 2.6222575132721e-09 -5.0926030431894e-10)
(2.188023447205e-10 1.9113645561567e-09 1.2451787466839e-10)
(7.663226818461e-10 2.8101387848954e-09 -2.1287928621527e-10)
(5.7549621552722e-05 1.0139409390056e-05 1.2073464610214e-05)
(9.8528127120502e-08 2.1445037597488e-09 -1.102870961233e-06)
(8.5801538073485e-08 2.0494589012309e-08 -9.4057513903161e-07)
(2.3339700563764e-08 4.0284450992974e-09 -1.9974461100565e-07)
(-2.1170872399038e-07 9.0816162406084e-08 -2.0129147348812e-06)
(-3.274653486236e-08 2.88090639541e-08 -1.7173463060776e-07)
(3.3899853349816e-09 1.1656689516046e-08 -2.6600394617518e-08)
(-9.3113283339879e-08 1.350673650498e-07 -1.1873787702938e-06)
(-2.6985123030502e-07 2.0739178151545e-07 -3.7373263086242e-06)
(-3.6831249517085e-08 6.4347641826372e-08 -4.3318279215478e-07)
(-4.2638694117071e-08 3.7610383342437e-08 -1.885085613221e-07)
(-1.9089137737915e-07 8.0673883420555e-08 -1.3190116112575e-06)
(-1.692024876973e-07 1.2735325356557e-07 -1.9153093610525e-06)
(-3.3700971621858e-07 3.1680022433334e-07 -4.4162565381039e-06)
(-7.6465134063425e-08 -6.3065756418409e-09 -3.5524597744552e-07)
(-1.5950029141664e-07 -6.6292878118833e-08 -1.2020035170512e-06)
(-1.9569467908268e-08 -2.1111382642265e-08 -9.0593360778265e-08)
(-9.973715548187e-08 -5.911549645524e-08 -8.8873100641936e-07)
(-5.9778759946381e-08 -2.8227264190093e-09 -3.1707300104187e-07)
(-1.0413182730091e-07 8.0809584397851e-09 -4.6624640023009e-07)
(-7.9802814941129e-08 2.1617453449712e-08 -5.0705449900905e-07)
(-8.1295316189698e-08 2.7164344489399e-08 -6.8137848526595e-07)
(-3.6441741756614e-08 9.0034211156969e-09 -2.3365033986228e-07)
(-3.4147782762232e-07 8.1735844950659e-08 -2.1274128387267e-06)
(-2.9108745192461e-08 4.7543147793185e-08 -3.1754815602468e-07)
(4.1699921552266e-09 6.4750359203076e-08 -3.9786910464827e-07)
(-9.0513240942361e-08 8.0610310689264e-08 -1.1731577845312e-06)
(-3.0338892226959e-08 2.9492147503177e-08 -3.2608505877053e-07)
(-2.068242061777e-07 5.5315676805177e-08 -2.5565876933627e-06)
(-9.9355939334111e-09 8.851159873561e-09 -4.7962341837741e-08)
(-4.2670959401301e-08 6.1561830937152e-08 -5.916085263752e-07)
(-2.1668067886092e-09 2.3132860303502e-09 -9.2990993654018e-09)
(-3.1565078777895e-08 1.672379226974e-08 -2.6174450947392e-07)
(-9.7506854731691e-09 -7.210688921434e-10 -2.2022213305812e-08)
(-6.3358222853391e-08 -3.5712590412546e-08 -5.1600459879913e-07)
(-1.6725662874797e-08 -1.3603172501889e-08 -9.2314732281609e-08)
(-3.5738582194416e-08 -7.7036726952254e-08 -6.1553186241272e-07)
(-9.3279257520355e-09 -1.3882852171788e-08 -6.8975302189726e-08)
(-7.95009518011e-08 -5.5826711113635e-08 -9.5622863310663e-07)
(-2.0589199018561e-08 -3.894176345681e-09 -1.0885997156172e-07)
(-1.5216951862128e-08 -5.5533944424535e-10 -8.7204418455368e-08)
(-8.7922597481334e-09 2.7228988434814e-09 -5.3168447055115e-08)
(-2.6205814026725e-07 7.7230948859553e-09 -3.2790898097911e-06)
(-3.3351435428661e-08 -3.5811333652516e-08 -2.2690141105603e-07)
(-5.0315361585566e-08 -9.8610769265426e-08 -7.8707426975066e-07)
(-9.3701582395455e-08 1.8134456139844e-07 -1.2791117224222e-06)
(1.1038212848239e-08 1.3466649870109e-07 -5.791228132055e-07)
(-1.3678532242392e-08 3.9286349137398e-07 -2.8068837041732e-06)
(2.3608748703388e-08 1.9484694851549e-07 -8.9142164354175e-07)
(-2.1716803361021e-07 3.7597091327539e-07 -2.9960723301382e-06)
(-1.4866614174035e-07 3.1099519751608e-07 -1.4760119450539e-06)
(-5.3287176369285e-07 4.894687485853e-07 -5.5361562251515e-06)
(-5.5071296129524e-07 5.0165178902569e-07 -4.3209178252032e-06)
(-8.0870562015027e-07 7.2983656672803e-07 -5.9073277419624e-06)
(-2.4937091379375e-07 3.2773398555194e-08 -2.6426288243177e-06)
(-5.563606386854e-07 3.403416407229e-07 -6.5125219476707e-06)
(-3.7900912166719e-07 2.038991928546e-07 -3.1819307420208e-06)
(-2.9688879006749e-08 -6.3876412169029e-08 -2.3515087078423e-07)
(-2.6887492133255e-07 -1.3427346673315e-07 -2.1601513898958e-06)
(-1.9477537698774e-07 -1.5496663973442e-07 -1.2735739333022e-06)
(-3.8192884026408e-07 -2.5552561401394e-07 -2.216921925922e-06)
(-2.5706162132791e-07 -2.4982303314446e-09 -9.0281786926011e-07)
(-4.2930406614385e-07 1.6026036738152e-07 -2.2615988435276e-06)
(-5.9959917090983e-07 3.1009030084131e-07 -3.1730057651697e-06)
(-1.2447052658909e-06 4.922649810139e-07 -4.5890895173667e-06)
(1.5726738306664e-07 2.267022030675e-07 -1.4033777631799e-06)
(7.0043944775013e-09 7.1572785427738e-07 -5.5052961290556e-06)
(-2.0947200295383e-07 6.4979321533392e-07 -2.7086385498196e-06)
(-6.6178581301404e-07 5.7918982760905e-07 -3.4895510347329e-06)
(-5.2095412638426e-07 1.4733514406919e-07 -4.9778318408066e-06)
(-7.7381893751461e-07 4.3581053745314e-07 -7.3341549680919e-06)
(-4.1000648900884e-07 1.0377073538688e-09 -5.0064722894676e-06)
(-8.4995965039384e-07 5.0728967411377e-07 -7.018631855765e-06)
(-7.8388399911938e-08 -1.2450530785787e-08 -1.8700587980006e-07)
(-1.5710845142722e-07 -1.6764375225525e-07 -7.8336345312711e-07)
(-2.1784020718151e-07 -5.4312902134804e-07 -3.2338253358359e-06)
(-1.4252986497369e-07 -1.6733045497491e-07 -6.5643834123509e-07)
(-1.1679904148619e-07 6.4365902504804e-08 -3.0861592172036e-07)
(-1.9248406623253e-08 5.3995707875588e-08 -1.3496523721598e-07)
(-1.4044491188045e-07 1.4832448590449e-07 -4.1822932388306e-07)
(-3.4051407599853e-07 3.09103373355e-07 -8.7190009994111e-07)
(-4.9932492681805e-07 -3.979838813881e-07 -2.9376425063755e-06)
(-3.6412194100455e-07 -3.2915237052004e-08 -1.211488891617e-06)
(-1.6880821860627e-06 9.0230274119582e-07 -5.1021155232065e-06)
(-1.2796070263383e-06 -1.7357939729504e-07 -3.0545335903185e-06)
(-8.8468801998476e-07 3.0589979556192e-07 -6.6281289928455e-06)
(-1.4140138304724e-06 7.8418555183269e-07 -9.1736509855332e-06)
(7.8238200524142e-08 6.1832553863885e-07 -2.4297634194371e-06)
(-4.2660552809496e-08 1.2818154910548e-06 -7.010832593539e-06)
(-1.5288837057613e-07 2.0357838104989e-06 -8.8495042443912e-06)
(6.9186610171795e-08 7.4244088720384e-07 -2.1949189694791e-06)
(4.914906662452e-08 8.2508069755659e-07 -1.8453111478863e-06)
(-4.077865452552e-07 6.7350801886768e-07 -2.3151477588813e-06)
(-8.4490479117465e-07 1.9188347052865e-06 -4.7644245207767e-06)
(-1.6458992673305e-06 3.9045615279478e-06 -7.8653491361694e-06)
(-2.3191843727487e-06 2.4124507206816e-06 -8.4481488707385e-06)
(-2.8392904228415e-06 2.3511132589675e-06 -7.2460880382085e-06)
(-2.5492687036542e-06 1.8306854624176e-06 -8.9843980411198e-06)
(8.2829937962408e-07 1.6213176545032e-06 -4.3231222690435e-06)
(-1.0100314775281e-07 4.0252953232508e-06 -1.0270189277555e-05)
(-1.7355095504248e-07 6.1330689869282e-09 -2.8012756435878e-07)
(-1.5094879801658e-06 3.8865573526313e-06 -6.6449476697245e-06)
(-1.8215537022523e-06 -1.068933088018e-06 -5.5399792903397e-06)
(-3.3244342104037e-06 -1.8067087866654e-06 -7.2611288571554e-06)
(-2.7668291434e-06 1.0753288003901e-06 -5.5971808479604e-06)
(-3.2426703979097e-06 2.1799720674867e-06 -5.8348909342127e-06)
(-5.3038576662218e-06 2.4443406227363e-06 -8.5755045211371e-06)
(-4.0192923831911e-06 1.3390428267697e-06 -1.1426394038956e-05)
(-4.1667140488237e-06 2.5206034387107e-06 -1.0949027660653e-05)
(-1.3197303635983e-06 -6.7188288744219e-09 -8.599332606187e-06)
(-1.2318484917329e-06 -6.8685538752417e-07 -5.1304241023144e-06)
(-2.1017064887187e-06 1.1631705458892e-06 -1.093888685947e-05)
(-1.3087791961941e-06 7.6166547071685e-07 -6.6631269394188e-06)
(-1.9900372759951e-06 6.8525118278895e-07 -9.5723428252441e-06)
(-5.525920239864e-06 3.6689676258028e-06 -1.2277973816207e-05)
(-8.9884892248873e-07 4.7913843623433e-07 -1.3416467417e-06)
(-1.1577349960105e-08 5.5209538203251e-07 -6.5092783138998e-07)
(-2.1486039505752e-06 1.708520481428e-06 -3.3866658926485e-06)
(-2.6026257496651e-06 1.6207573145142e-06 -3.2360180818008e-06)
(-1.317093389564e-06 -1.1954610507725e-06 -2.9506430810564e-06)
(-1.3040091258758e-06 -3.634088465012e-06 -7.3365159504193e-06)
(-1.0986246355267e-06 -1.3546518301926e-06 -2.4385979521203e-06)
(-2.9560435529403e-06 -2.2757321380088e-06 -6.1715179514425e-06)
(-3.5776961458108e-06 -8.3878490437043e-07 -6.0623434141426e-06)
(-1.0185589227639e-05 4.4608226476619e-06 -1.1399073741916e-05)
(-5.5773141888531e-06 -5.8098482776802e-07 -6.6570888213318e-06)
(5.0102797668518e-08 1.9607538568795e-06 -2.7981166798282e-06)
(2.2791229497929e-07 6.8900573494721e-06 -1.1778926322765e-05)
(-7.9087034053654e-07 7.7461157918297e-06 -1.1613946506944e-05)
(5.7958782703575e-07 4.2280854642498e-06 -5.1926795243267e-06)
(-1.0093809854149e-07 5.2092577192676e-06 -5.4642714426142e-06)
(-2.2954734404447e-06 4.8562871896237e-06 -7.7678329088426e-06)
(-7.8492204497422e-06 1.1454809859807e-05 -1.6937024645453e-05)
(-8.367834086212e-06 1.2519242711724e-05 -1.0753628789527e-05)
(-1.5642338350823e-05 1.3188653214998e-05 -1.7387615973692e-05)
(-6.7489093816294e-06 2.6243093269892e-06 -1.3808472570752e-05)
(-3.8874496095107e-06 1.3734834764262e-07 -1.2435154968966e-05)
(-5.0431117718446e-06 1.1029686788937e-06 -1.0897691951625e-05)
(-6.3392062220214e-06 5.576807946661e-06 -1.4272284185971e-05)
(-1.0707395442451e-06 2.1874284111291e-07 -1.1547730930724e-06)
(-3.2760647265898e-06 3.2508219390788e-06 -3.8041584772141e-06)
(-4.7734879520543e-06 -2.8886462994539e-06 -7.9663377622974e-06)
(-6.8209517449703e-06 -3.9480507084618e-06 -9.2978799764127e-06)
(-1.8172112324405e-05 -8.4377476426868e-06 -1.5040435712709e-05)
(-1.7600272905571e-05 -2.9641896490803e-08 -1.3600855562479e-05)
(-1.6223304358293e-05 5.7838466936837e-06 -1.2915650357001e-05)
(-1.6319074867716e-05 4.7327835675219e-06 -9.4079830063207e-06)
(-9.8746270122446e-06 5.4002189863884e-06 -1.7404707881224e-05)
(-8.1241351941276e-06 9.1575502573588e-07 -1.4551243815025e-05)
(-1.3028785409369e-05 1.054791786559e-05 -2.0358502129766e-05)
(3.2513192139735e-06 8.2278239418358e-06 -9.6245251386367e-06)
(1.2067778912986e-06 1.2445501965255e-05 -1.3076830106345e-05)
(-1.3031658862617e-06 1.0308962861707e-05 -8.606494414909e-06)
(-1.3235045166694e-05 2.6085099847112e-05 -1.3492296752085e-05)
(-1.8073283808943e-05 6.8065837286946e-07 -2.0874941551584e-05)
(-4.0631772822855e-05 2.1177973748702e-05 -2.1135527355195e-05)
(-3.0538386198644e-06 -7.1220685441584e-07 -2.5909416934537e-06)
(-3.4020265620463e-06 -4.0497831364627e-06 -4.0269816135227e-06)
(-9.0030045288474e-06 -1.79310096998e-05 -1.3945248272392e-05)
(-9.0635986611518e-06 5.0008151098e-06 -5.2839002060767e-06)
(-1.6164774890476e-05 1.0327028833717e-05 -4.8222582970035e-06)
(-1.4647202313353e-05 -1.1818644321663e-05 -1.1043617397957e-05)
(-1.4903460534699e-05 -2.0557531008445e-06 -7.7281577195699e-06)
(-2.4287180615907e-05 2.487434218064e-06 -6.6019850932988e-06)
(-1.628764884749e-06 1.412302644749e-05 -7.1590527748227e-06)
(-5.7317820270464e-06 3.6942526825117e-05 -1.6758670153614e-05)
(3.1830216099734e-06 1.6373719987104e-05 -6.0922009972818e-06)
(-2.461127129157e-05 3.5751079584104e-05 -1.251851820497e-05)
(-4.1631727496699e-05 1.4034791358442e-05 -2.5356431107692e-05)
(-6.9215089022328e-05 5.531905262806e-06 -2.5070434406217e-05)
(-1.6463696121654e-05 -2.0270415581664e-05 -6.6618912768622e-06)
(-1.4906945790708e-05 1.2908672089182e-06 -2.5355230686412e-06)
(-3.9899769877334e-05 -2.011529022867e-05 -1.2577088726135e-05)
(-7.6650964297141e-05 4.1270163461632e-05 -1.2571872451351e-05)
(3.3656284465277e-07 3.6300171221243e-06 -1.2819529269695e-06)
(-0.00010159643157004 2.6253151004583e-06 -1.0497162363517e-05)
(-1.6245979389583e-05 -1.6159236565395e-07 9.0036557896306e-07)
(-7.5484954005349e-05 3.0767843211723e-05 9.9400632769062e-06)
(-1.7535864755778e-09 3.239535158022e-09 -3.0640547759161e-08)
(-4.2516538288151e-10 5.9162384713475e-09 -3.2520410151731e-08)
(6.0153474819023e-10 3.3332200269724e-09 -1.6342659822016e-08)
(9.323722330072e-10 1.2753182775239e-09 -3.4964779286854e-09)
(-3.9554440610572e-09 3.3317245675237e-09 -3.96548085877e-08)
(-1.1066667592212e-08 1.272825531224e-08 -1.5442921296765e-07)
(-2.566321584235e-09 5.5133345234624e-09 -5.2938432749411e-08)
(-8.1566751080138e-09 1.0911060944902e-08 -1.0733667075917e-07)
(-1.1585183082545e-08 1.3135178642241e-08 -1.347812152311e-07)
(-1.2677659581089e-09 -2.1134739713676e-09 -2.1626975557646e-08)
(-1.511891366118e-09 -2.6748555185646e-09 -3.1261003635664e-08)
(5.1821198823541e-10 3.7955497618916e-10 -7.4857163630205e-09)
(-5.9087099553628e-09 2.0352518407327e-10 -5.3499773948171e-08)
(-1.0755062757148e-09 2.0913217794853e-09 -2.4950187811611e-08)
(2.3822929805835e-10 1.4442292431352e-09 -1.4654435731325e-08)
(5.1618282906626e-10 1.5352874424557e-09 -1.7804161889212e-08)
(-3.9173835255022e-09 3.7525925100201e-09 -3.2091596262403e-08)
(-1.8088573282056e-10 5.1987420151155e-09 -2.2024303032947e-08)
(1.6196535717791e-09 5.0726304324864e-09 -1.6384064829945e-08)
(2.2918906391639e-09 1.5682389563945e-08 -9.7355927263765e-08)
(-2.879216457324e-10 5.1233771118965e-09 -1.9321925487767e-08)
(-3.6042605845813e-09 1.1506309751071e-08 -5.9111698303195e-08)
(-1.3788439595237e-08 1.7917726935783e-08 -1.5699039867533e-07)
(-4.3111269398898e-09 1.7525468850906e-09 -6.1694422925111e-08)
(9.4852474608795e-10 8.1329999699867e-10 -1.1819798410592e-09)
(9.7116742633324e-10 2.7382987669198e-09 -1.2525006644522e-08)
(1.5480458829394e-09 2.0641414709421e-09 -3.2273493935448e-09)
(2.4297221507993e-09 6.5428838536915e-09 -3.0741707488303e-08)
(1.4771879843446e-09 3.3389777900298e-09 -1.0665779148998e-08)
(1.2972240558043e-09 1.7963183382365e-09 -5.5928037800262e-09)
(1.4392641209336e-09 1.3912808692401e-09 -8.8656861196491e-09)
(-2.3544919279371e-10 3.7606962303659e-10 -1.9343137739954e-08)
(7.1157053023512e-10 -1.0201556010366e-10 -1.2415774064708e-09)
(6.4641039472475e-10 -3.4283990499728e-10 -1.9727879638756e-09)
(7.7636368319105e-10 2.00217837023e-10 -1.3653382308352e-09)
(1.0107727268699e-09 7.7367130360235e-10 -1.2517371931251e-09)
(1.1688828003091e-09 6.0312500449937e-10 -1.0719198608048e-09)
(1.1479937815028e-09 3.4637504655019e-10 -9.0560380472201e-10)
(1.368151319428e-10 1.7999875003447e-09 -2.8781753863134e-08)
(-1.2056367412702e-09 -1.7124038764057e-09 -3.693975469165e-08)
(1.2992101946869e-09 -6.5852333141906e-10 -2.5044120522994e-08)
(1.9009311176622e-09 3.046794307827e-11 -1.8360322655057e-08)
(1.9578923827083e-09 7.0542839743009e-10 -2.910098004803e-09)
(2.1111012367709e-09 7.7142752916869e-10 -2.3399664139009e-09)
(1.5008613465406e-09 8.5176733763889e-10 -7.7942297277454e-09)
(1.8110407248815e-09 4.5542146509707e-10 -5.2207107838126e-09)
(-2.7473102420118e-09 3.1163417497534e-10 -5.1252310830485e-08)
(2.4710953211416e-09 8.3747477050622e-10 -5.7150382788815e-09)
(-1.5001119754128e-09 1.0118908641929e-09 -3.5597482192338e-08)
(1.6163703897671e-09 7.7107098613025e-10 -6.680749721522e-09)
(1.6479921848656e-09 -3.9062800920343e-11 -2.0625453426655e-09)
(-1.3445330872617e-08 1.1044443358384e-08 -1.4391316524476e-07)
(5.8554003798328e-10 1.0540702416902e-09 -1.3381074666268e-09)
(-1.4334909755428e-09 -3.6760721853942e-09 -2.2726005843846e-08)
(1.0863771626155e-10 9.1857327056673e-10 -3.190015199408e-09)
(-5.1817074989011e-09 -5.5354716776535e-09 -5.6475142671055e-08)
(-9.3510626501933e-09 -7.3126712035146e-09 -8.6056556640072e-08)
(-1.2695480043008e-08 -1.1803385795545e-08 -1.2149374867355e-07)
(-3.8524248751304e-09 -3.7178928253783e-10 -2.0825132996464e-08)
(-7.2046281690505e-09 2.7865017368447e-09 -4.9409566972851e-08)
(1.4396250568107e-09 5.4818610645844e-09 -1.7666542273516e-08)
(2.5562267844681e-09 2.182873414398e-08 -1.4127115717625e-07)
(3.4751912662589e-09 1.3590928558249e-08 -6.8433822288388e-08)
(-3.7976167009015e-09 1.2366080140558e-08 -5.5189639850575e-08)
(-4.3432971010081e-08 4.3539524861014e-08 -5.9264946210445e-07)
(-2.3332929780323e-08 9.5140188636425e-09 -2.4091646856739e-07)
(-3.0190309176634e-08 1.9843852397157e-08 -3.5388729938799e-07)
(-6.1257094539685e-09 2.1900637471516e-09 -7.5205653343384e-08)
(-1.3071671765864e-10 -2.4177773330903e-09 -1.6988958621733e-08)
(1.3820659675922e-10 -4.2032832667291e-09 -2.824433132928e-08)
(-4.4416035804652e-08 2.9332304251168e-08 -5.5381854472831e-07)
(-1.7833129662933e-08 1.4522527981723e-08 -1.7796156070423e-07)
(-5.5160943908722e-10 -6.1852100757763e-10 -4.1336001282836e-09)
(-1.042906148369e-09 -3.2143747682242e-09 -1.2911085166278e-08)
(-5.1800754042562e-09 -1.6340388993467e-08 -1.1769762717631e-07)
(-1.4618104059479e-08 -1.4984642944808e-08 -1.4214647494499e-07)
(-3.1961402347205e-08 1.1655407978862e-08 -3.3978369689424e-07)
(-1.2715252298896e-08 8.3579713687115e-10 -1.3252891107249e-07)
(-2.113555626229e-08 3.7095692880129e-09 -2.0431481493023e-07)
(-5.7908865152929e-08 3.6339022632251e-08 -7.2549855352554e-07)
(8.8137829949356e-09 8.7132322068598e-08 -8.9040887582283e-07)
(-6.2928398631995e-10 7.3654683502772e-08 -6.5206694774332e-07)
(2.5344856758933e-09 8.6566940117044e-09 -3.0673849471599e-08)
(-8.5488515213762e-09 1.8139519050197e-08 -1.0213088294939e-07)
(-7.0433094795088e-08 4.2290798645088e-08 -8.7969992473109e-07)
(-3.4160596160064e-08 4.6474605129658e-10 -3.5880084282937e-07)
(2.2718342853565e-10 3.6966585198002e-09 -8.2589839405036e-09)
(-2.4325419346221e-09 -5.3857031446611e-09 -1.8542841511767e-08)
(-3.0132445840868e-08 -2.1305718811242e-08 -2.773228699416e-07)
(-8.7579293922765e-08 2.5677650827956e-08 -1.0075767837872e-06)
(-3.5729247977035e-08 7.7481723272996e-09 -3.5311151608439e-07)
(-1.1746101717657e-07 6.937368282867e-08 -1.5083153156831e-06)
(-5.0269650733663e-08 3.8916869778223e-08 -4.9652958365965e-07)
(-9.4470742053678e-08 3.0232494886479e-08 -1.0458386394151e-06)
(-8.5492606371287e-08 1.739767073961e-10 -1.0169242182963e-06)
(-1.8893677902521e-07 1.0971436856488e-07 -2.6631002806319e-06)
(3.2913096867832e-08 5.567051720774e-08 -4.0933370617219e-07)
(-2.567835972352e-09 1.8803132536468e-07 -2.10038328113e-06)
(-6.7547333857386e-09 9.8050339549881e-08 -8.0462058300468e-07)
(-1.7050541769052e-09 1.7166853081536e-08 -6.8679829959297e-08)
(-1.4310357477174e-07 2.1503411409882e-09 -1.7658366300541e-06)
(-2.2702854071738e-07 1.3436281825624e-07 -3.1499227705926e-06)
(-9.9316891730284e-08 6.6286756732734e-08 -9.4181057523086e-07)
(-2.1385744641187e-07 7.1329126028391e-08 -2.469357639519e-06)
(1.1893504304002e-10 7.0396403923419e-10 -2.3700908748977e-08)
(2.1407167925359e-09 3.3954311847281e-09 -1.3598913667281e-08)
(2.0957891764449e-09 6.8112051615076e-09 -3.6966505935561e-08)
(1.4835671995091e-09 1.1455882597825e-09 -2.7925889345012e-09)
(1.0979034405206e-09 1.292530856281e-09 -1.3173180281389e-09)
(1.5814489741707e-09 -3.3179693151853e-12 -3.4995225548781e-09)
(1.06865232249e-09 4.0009951544945e-10 -7.9020511284894e-10)
(1.9268992331274e-09 4.273224353264e-10 -7.000731994332e-09)
(1.4604711265651e-09 -3.8514519930646e-10 -2.0201921224042e-08)
(1.1290270828653e-09 3.9633066744047e-10 -6.0128126851055e-10)
(1.3768080460763e-09 1.2096524191064e-10 -9.2112237498557e-10)
(1.6134197096333e-09 -9.0616797761187e-10 -8.807105996951e-09)
(1.2082704189075e-09 8.9835129570563e-11 -6.4586090694221e-10)
(6.0193152778821e-10 -3.1660592876423e-10 -2.4396446621009e-10)
(1.1922820314787e-09 -6.0451386862253e-10 -1.1000753827066e-09)
(1.1685145520728e-09 9.9843183922527e-10 -5.8197045195107e-09)
(1.1973971824462e-09 -6.8818908791475e-10 -1.8841563462506e-09)
(9.3104859345446e-10 -7.4236864648127e-10 -1.1032875951466e-09)
(1.8237618591686e-09 6.9565795893849e-10 -1.1275007951771e-09)
(1.7727585174733e-09 1.8988990354251e-09 -9.9145874699299e-10)
(1.350737502399e-09 -3.558155668354e-10 -1.2380887056935e-09)
(2.7127504887033e-09 1.6427225135419e-09 -3.1810654387996e-09)
(2.1744976418091e-09 1.6866720443067e-09 -1.2307743182856e-09)
(2.3399675535975e-09 1.1679189974697e-09 -2.6989214139307e-09)
(1.5557846769797e-09 6.9407447507491e-10 -4.6548722793597e-10)
(6.8431643727494e-10 -8.0821000845452e-10 -1.905923810658e-09)
(-2.108459765548e-09 3.4079320794389e-09 -5.2162015910436e-08)
(-3.1030972436197e-09 2.1600126545646e-09 -5.3200424317955e-08)
(1.7798959867869e-09 2.0031491811829e-11 -1.0390121104144e-08)
(1.3592637336568e-09 8.8960515611354e-10 -1.0842872969941e-09)
(1.6110620667411e-09 1.2276577104222e-09 -3.4782410842602e-09)
(-3.7890981836125e-09 4.1305709221929e-09 -6.5190473557403e-08)
(6.2927505001317e-10 8.3940806791886e-11 -2.1893972454962e-08)
(-9.5586540345231e-09 7.5588378830504e-09 -1.2160863709479e-07)
(1.7661287279398e-09 9.4610732037662e-09 -4.5598642064827e-08)
(-1.038031894676e-08 4.7265256660189e-09 -1.1655248575064e-07)
(1.292590209591e-09 -6.0347652902478e-10 -8.0521366150038e-09)
(1.0389245926458e-09 -1.8728040023496e-10 -6.8413253991514e-10)
(1.6645803545208e-09 1.0458019931253e-09 -5.2915133938705e-09)
(-6.1346096343405e-10 -9.8669807981561e-10 -2.0376336047053e-09)
(8.1706294477435e-10 -2.9446766280888e-10 -2.0602345884522e-11)
(-1.2158722036922e-09 -1.1128783184079e-09 -2.8096272720676e-09)
(8.8006197073992e-10 6.4178003976012e-10 -1.0699694027469e-10)
(9.2226946706417e-10 1.4776997954657e-09 -1.1465670318182e-10)
(1.3470605431786e-09 1.6977174774088e-11 -1.0869599121157e-08)
(6.1485776945529e-10 -4.2560950198745e-10 -1.6734255840552e-08)
(1.6216522705811e-10 -1.4683092005626e-10 -6.0116906734503e-10)
(1.6977243251014e-11 -1.4366135510092e-09 -5.4666974483244e-09)
(1.0152072856939e-09 1.6761012247403e-10 -2.3172447589622e-09)
(7.1447168250153e-10 -1.0268839758111e-09 -8.0735046928759e-11)
(-5.6094809888623e-10 -6.4594276378827e-10 -1.6707718349981e-09)
(2.5279196550817e-10 -2.2963329291643e-10 8.9575972752446e-11)
(-1.0976699465558e-10 -1.1297587499179e-09 -3.0507113952854e-09)
(-1.4348575917293e-07 2.6269078169993e-08 -1.6349679600932e-06)
(1.4395437395479e-10 -7.1901395533136e-11 -1.8891178390495e-10)
(1.215873452747e-09 -1.2019813392702e-09 -7.1054586695847e-09)
(1.3902949295985e-09 -2.5296708295957e-10 -3.0882916411689e-09)
(1.8923803716138e-09 2.2507804731513e-09 -1.0744108666465e-09)
(1.6822188250028e-09 2.8973657473061e-09 -5.1514794523152e-09)
(1.386848688701e-10 -1.1942866660547e-09 -4.4444919462712e-09)
(-7.972253163809e-10 -1.201240478122e-09 -3.148222668758e-09)
(1.3616644141387e-09 -3.8024410137493e-10 -1.802867378545e-08)
(-7.7274112510236e-10 2.675621900567e-10 -3.205822550047e-08)
(-5.6013314858541e-09 -3.5150835575657e-10 -7.4160553546119e-08)
(-6.6219517412997e-05 5.1956486716273e-06 1.2262157032174e-05)
(-9.4962986931238e-05 3.4325482074742e-07 2.4392902448877e-06)
(-8.2216704875222e-05 5.6075707155711e-07 -2.0540451075146e-05)
(-6.9290489147946e-07 1.3232559070832e-08 -5.7922426595737e-06)
(-6.5998309692345e-08 -8.9548570340107e-08 -3.8953786206751e-07)
(-9.7339435935489e-08 -2.669528875874e-07 -1.4030644388549e-06)
(-9.3679946490617e-07 -5.6824736012823e-08 -6.7161089405211e-06)
(-7.2664233378008e-06 9.2006166197402e-07 -1.4002387709866e-05)
(-5.1934507633196e-06 1.0998109513752e-07 -1.243592511695e-05)
(-5.4657544112091e-07 -6.1246237430203e-07 -1.807495065929e-06)
(1.9127949227305e-08 -2.6663972767545e-07 -4.6844674670707e-07)
(-4.9904109648303e-08 -1.7572346845514e-06 -4.4860231492222e-06)
(-6.6314212872076e-07 -2.243541125028e-06 -6.8862115497223e-06)
(-2.0705488604304e-06 1.2848602596538e-07 -9.4805040736202e-06)
(-2.5210474046203e-05 5.3599085619165e-07 -2.1742361373676e-05)
(-2.236333561353e-06 -2.6640371020727e-06 -3.5885020803378e-06)
(3.643242179135e-07 -2.5835326585811e-06 -2.5261519924768e-06)
(-5.4741671037857e-07 -9.0216535915421e-06 -1.0006030992221e-05)
(-5.4140301990075e-06 -8.3684615503106e-06 -1.0899702061808e-05)
(-4.4120015903695e-05 2.2649347111132e-06 -2.3695103620753e-05)
(-3.1198780851515e-05 6.6035333279066e-06 -1.7356854726095e-05)
(-1.2962064419154e-05 -3.1439944970034e-05 -1.2832514241659e-05)
(-1.2036704222564e-05 -1.4029471101809e-09 -1.784438797899e-05)
(-1.7683113613773e-07 -4.0548000061432e-09 -2.0512338771138e-06)
(-1.0430449569071e-07 1.4704146686915e-09 -1.2580207807604e-06)
(-4.5807399399259e-08 7.033062451048e-10 -4.0500731580961e-07)
(-6.0648511203121e-08 1.5323460346045e-09 -6.7126220250259e-07)
(-2.4844126413422e-08 3.2236533195562e-09 -1.964029459442e-07)
(-1.9229407867344e-09 -4.0536911861027e-09 -1.6261156196947e-08)
(-5.9528586704164e-09 -2.9256942227486e-08 -2.1207983611566e-07)
(-1.9945180792973e-08 -7.6433044995331e-10 -1.748523105045e-07)
(-1.9648357064861e-09 -1.1270673479469e-08 -7.0549176570679e-08)
(-5.1616080827428e-07 8.3115000938053e-09 -5.2900917230551e-06)
(-2.0887402650871e-07 -5.5975362034104e-08 -2.454875640441e-06)
(-3.7414058500857e-07 -9.2010197860575e-08 -3.811155637216e-06)
(-3.7009037626181e-08 -1.1193558634248e-07 -6.5406212727287e-07)
(-8.3401444365381e-07 -1.0986985961512e-07 -4.2043912805e-06)
(-2.6332427966936e-07 -8.0614377847932e-07 -4.5274465847255e-06)
(-1.2315729543741e-07 -4.3709730638476e-08 -1.5273472209652e-06)
(-2.8218878589564e-08 -7.8429157722329e-09 -2.9020397653208e-07)
(4.8391574052691e-10 -1.1973680475666e-09 -5.4899464129397e-09)
(-2.8918787287669e-09 -8.4167597572298e-09 -6.8413563914959e-08)
(-9.8108114029805e-09 -2.646711019387e-09 -9.9869888566197e-08)
(-6.9385295837501e-08 -1.6803628779897e-08 -7.6770857842857e-07)
(5.350236788328e-10 -1.2346980896436e-10 -2.8243197771736e-10)
(2.4528229662602e-11 -6.4409795385239e-10 -1.8169557231005e-09)
(2.5895684835171e-09 -2.9535538361263e-10 -1.2327379980818e-08)
(1.8240304245315e-09 1.9990265026095e-09 -1.8796215620767e-09)
(-2.9921116189758e-09 -1.1734224638801e-09 -6.0854733723118e-08)
(-1.6493499815034e-08 9.2345082925088e-11 -1.5940978207828e-07)
(-3.573131465253e-05 -7.8655203143886e-06 1.2022909385005e-05)
(-8.7104542765796e-05 -1.6464337961988e-05 -5.2236916889377e-06)
(-1.3180828602426e-06 -7.4391169579813e-07 -6.4340777736529e-07)
(-1.3584517339423e-06 -1.6852889151109e-05 -2.205860175616e-06)
(-1.9632924658786e-05 -2.5783143248841e-05 -3.927776204754e-06)
(-5.9206962066549e-05 -7.5650057815582e-06 -2.1635371394029e-05)
(-1.5567115968749e-05 -2.9054678056849e-06 -1.7476588547692e-05)
(-1.3058019299372e-06 -3.0642782081421e-06 -4.910178826756e-06)
(-3.3486787383977e-06 -5.6663140274838e-07 -9.0354239650159e-06)
(-8.1810553457343e-06 -8.1645533055594e-07 -1.4144338306896e-05)
(9.5781014699887e-05 1.958754468624e-05 -3.1237105089269e-06)
(8.4234886278227e-05 2.450815432368e-05 -1.209855414306e-05)
(1.291655060361e-05 3.8153036899365e-06 -1.6218362467668e-05)
(2.8044999267249e-05 7.1186571246923e-06 -2.3373387016239e-05)
(1.8229837516962e-05 1.5405623086541e-06 -2.056638422054e-05)
(5.1488291106305e-05 1.5877601371129e-05 -2.3476035576555e-05)
(1.3469704225051e-06 2.9290031473491e-07 -6.6546224111575e-06)
(2.4080830834728e-06 4.8980934959145e-07 -9.7807486013777e-06)
(4.7900550064057e-06 1.4040822246988e-07 -1.2536652876571e-05)
(3.721856519354e-06 8.4005077767072e-07 -1.1575554835436e-05)
(8.0325527535942e-07 1.213089812924e-07 -6.9683824879045e-06)
(5.6168466422412e-07 1.7696571325184e-07 -4.3728830547697e-06)
(1.1949051246797e-09 8.2962240958988e-08 -3.9974779341789e-07)
(8.4520418674115e-09 3.496844225458e-07 -3.5498565653318e-06)
(4.4246964940825e-07 1.1678804865292e-07 -4.1917830737865e-06)
(2.7696255368877e-07 6.4813410215166e-08 -3.1908882977337e-06)
(2.3596463456117e-07 7.6495424372337e-08 -2.7846723301717e-06)
(1.5462394539995e-07 3.3393395305429e-08 -1.6620693610866e-06)
(8.9058902444993e-06 1.9711785613642e-06 -1.554024283531e-05)
(5.6034141921754e-06 1.0733244433485e-06 -9.0647843415084e-06)
(5.6718649574822e-06 1.5235417959614e-06 -1.1238221039998e-05)
(4.1040399788126e-06 1.0146049254666e-06 -9.9888777319549e-06)
(8.9436525513332e-06 2.5489025428214e-06 -1.4184923371879e-05)
(1.4193789864185e-07 2.9904390874057e-08 -1.6333606381978e-06)
(1.2172887866226e-07 2.314948067773e-08 -1.424172897494e-06)
(7.5272183478379e-08 2.2779188238619e-08 -7.4091607430551e-07)
(5.7352036658708e-08 1.6241915936612e-08 -5.8255885249858e-07)
(5.6974113256203e-08 9.5184431219587e-09 -6.0032384520489e-07)
(2.986733006521e-08 8.9764125716383e-09 -2.8913932890285e-07)
(1.5975808312188e-08 5.0984762611432e-09 -1.2904273626002e-07)
(3.052535743863e-08 8.6763746120977e-09 -2.9157585174276e-07)
(9.0439974621179e-09 3.036992406187e-09 -6.716684459307e-08)
(7.8480158828268e-09 2.8605881808626e-09 -5.6719513332005e-08)
(4.1986191076287e-09 1.6250233130842e-09 -2.5425519073635e-08)
(3.189361425335e-09 1.1244487893777e-09 -1.5275675434495e-08)
(1.6295244715814e-09 1.2785966693982e-09 -3.2550087850669e-09)
(3.5742264977301e-09 8.9403568239226e-10 -1.4730489037894e-08)
(2.2968318540953e-09 5.8386238403743e-10 -3.7132272223009e-09)
(3.1274127580474e-09 4.5838154000378e-10 -4.2315086526567e-09)
(3.6959571855162e-09 3.9158343878958e-10 -3.0980499940667e-09)
(2.4145864014001e-09 5.6225184263475e-10 -2.1564149889996e-09)
(9.4386680010756e-10 -3.8682228720327e-10 -3.9210475047828e-10)
(3.1732226967508e-09 4.6832109570256e-10 -1.9512800471483e-09)
(2.5898267343266e-09 4.7104152396043e-10 -1.3053449591325e-09)
(1.1590880698346e-09 1.9296537412256e-10 -5.9153861916878e-10)
(3.1092097386548e-09 1.4155228606394e-11 -1.8126050402605e-09)
(5.8140061616294e-10 6.8171223912975e-11 -2.5921682524808e-10)
(-8.8447376522679e-05 -2.8783852882167e-05 2.7084010269822e-06)
(-6.0896438305816e-05 9.2655086474197e-06 -1.1308382387777e-05)
(-8.0420388683609e-05 -2.5397075862461e-05 -1.782322906486e-05)
(-2.472940322764e-06 -2.7820646020233e-05 -8.4368303964979e-06)
(-2.307582405004e-05 -4.8817844218576e-05 -1.1786920601444e-05)
(-1.0994270121452e-05 -3.6906443904318e-06 -1.7642246037408e-05)
(-3.7158266841107e-06 -7.3556379420307e-06 -1.2430945557423e-05)
(1.6177276703856e-07 -5.8409536120778e-06 -8.782895432998e-06)
(-6.6609254088388e-06 -2.3785253465454e-06 -1.3487029535015e-05)
(-1.2940275327687e-06 -3.2560346584958e-07 -8.8356668992543e-06)
(-4.9981937137628e-09 -1.1824518827197e-07 -3.3736684374643e-07)
(-3.2427441418957e-08 -2.9915795916755e-07 -1.3347378632225e-06)
(2.0171642842154e-08 -1.2584761928231e-07 -5.6191747128464e-07)
(-1.2567650179517e-07 -2.6667355800543e-07 -2.2498594889578e-06)
(9.9324161454657e-10 -2.3116780581481e-08 -7.4647245594466e-08)
(7.0404842301681e-09 -7.1701187983915e-08 -3.6437386169329e-07)
(-3.5558029130752e-05 -7.3989813369371e-06 -2.4025989316837e-05)
(4.3869853282065e-09 -2.5388363392672e-08 -1.1760255204871e-07)
(-1.7281734987053e-08 -3.8402826822445e-08 -2.6748075148109e-07)
(-8.4099777236515e-09 -4.0429559278678e-08 -3.033249378604e-07)
(-9.0970106626116e-09 -4.298534229968e-09 -1.0855363737853e-07)
(3.9695195088385e-10 -2.0853215537189e-10 -7.3686419173235e-10)
(1.1283891689196e-09 -1.7486522835868e-09 -7.7033215052314e-09)
(-1.458660254929e-11 -5.7232288719642e-09 -6.1222633915658e-08)
(-4.750052102061e-08 1.9318582000891e-09 -5.2869490502595e-07)
(-2.4037361921611e-08 -6.3473443380896e-09 -2.4088023866294e-07)
(1.1933192640403e-09 -3.4748646417398e-09 -1.4134869594889e-08)
(-1.8051775371636e-09 -7.2470596972404e-09 -4.6600377953882e-08)
(-1.4744865962789e-08 -9.3792957392598e-09 -1.6103619235728e-07)
(-3.6740782414713e-08 -2.395948958799e-08 -4.3817002696044e-07)
(4.0995620808493e-10 -1.0974660869403e-09 -2.2738825684204e-09)
(2.7021706254219e-09 -1.7449349433948e-08 -1.1430470543971e-07)
(1.1360612156501e-09 -1.8828061912765e-09 -2.8416113780223e-08)
(1.013959244078e-09 2.2963148550369e-10 -4.8236539096045e-09)
(5.8543568815164e-10 1.5716882236349e-09 -2.002598583992e-09)
(2.0263858911219e-09 -8.9095433926857e-11 -1.7539522980746e-08)
(4.2668392983265e-10 5.7978262365452e-10 -3.0943998529381e-10)
(1.7950344132873e-09 2.699707208911e-09 -2.4097362098638e-09)
(8.0331295998121e-10 2.6569009104912e-09 -1.3849611898829e-09)
(3.5375993934723e-10 1.2201353198203e-09 -8.2131550349608e-11)
(1.5827489473204e-09 -6.8395681540391e-10 -1.449655454536e-08)
(-6.540321373342e-07 -1.1954952531801e-06 -5.0865661363415e-06)
(8.5566588002917e-08 -1.0854374526078e-06 -4.1667757802056e-06)
(-1.0033883426459e-06 -3.560170190652e-07 -7.4596747744009e-06)
(-2.5356438627848e-06 -1.0161330305779e-06 -1.1801168932359e-05)
(-6.1115572588365e-07 -3.1216861672602e-07 -5.9000521963272e-06)
(-2.5240829392339e-07 -1.2493747340845e-07 -3.390646357027e-06)
(2.8058707008712e-09 3.4842406624974e-10 -8.991132409244e-09)
(2.6623870443645e-10 -2.2594560301563e-10 -2.3123323672078e-09)
(-1.6229704618565e-07 -5.9178997185795e-08 -2.0524236908787e-06)
(-1.8220713298184e-07 -1.1858467125104e-07 -2.641109821433e-06)
(-4.4159078662288e-07 -2.255694874266e-07 -5.1731111788016e-06)
(-3.9886560994293e-07 -2.3350226308015e-07 -3.0096036328982e-06)
(2.0553349781336e-07 -4.6255662107672e-07 -3.529213004472e-06)
(-1.2986347244386e-06 -4.728929029376e-07 -7.0360567556035e-06)
(-2.9389896717424e-08 -6.1774028689654e-07 -2.5891006743539e-06)
(-1.1096877207828e-06 -6.1828953937023e-07 -8.4454476131404e-06)
(-4.9974470807336e-06 -2.1579558138793e-06 -1.310543023379e-05)
(6.8468384590991e-07 -1.6361168514849e-06 -4.9680217030516e-06)
(-4.9571340306849e-10 -1.0678865837913e-09 -4.5094924070288e-08)
(-9.3788291063354e-08 -4.9313565884581e-08 -1.1986736115729e-06)
(1.9386241360506e-09 -3.7527383839089e-08 -2.4685086289064e-07)
(-5.7276259524624e-08 -2.8806806465739e-08 -6.7742420247705e-07)
(-2.7067607023771e-08 -1.9680815293206e-08 -2.6441019281802e-07)
(5.3541241200499e-11 5.864553874099e-10 -1.5559420433021e-09)
(1.1355689665905e-09 -6.3088083903499e-10 -1.2574790847308e-08)
(1.0584781131214e-09 -6.0999620891801e-10 -5.820037274336e-09)
(-2.2719467797193e-08 -1.7367322207102e-08 -2.7150078012941e-07)
(-3.1072459886635e-08 -1.6830566072515e-08 -3.5745971621622e-07)
(-2.5179772345719e-08 -2.6284277263598e-08 -3.4703393062495e-07)
(7.7912547118234e-10 -5.0009133895573e-09 -2.0647688864206e-08)
(2.2545176804491e-09 1.3753662530717e-09 -5.353346673405e-09)
(5.5375671467016e-10 2.4794704150312e-09 -3.2028704257096e-09)
(-5.3753788774505e-09 -7.3716690190649e-09 -9.5631819973166e-08)
(-1.4909325660948e-09 -4.0828265223405e-09 -6.5534026306344e-08)
(-9.2656271570393e-09 -1.0544036130433e-08 -1.2875070436884e-07)
(-1.3949487108597e-08 -1.9805788890956e-08 -2.2355754485741e-07)
(-3.5465187980241e-05 -2.4506661583078e-05 1.2517977337208e-05)
(-6.099504372512e-05 -2.1959493232068e-05 1.1671127396167e-05)
(-8.2741982792478e-08 -2.912976411743e-05 -1.2954633928169e-05)
(-1.9264918623271e-05 -1.3150712626597e-05 -2.1962979839035e-05)
(3.1819424135584e-06 -8.5532231734466e-06 -1.0691208943826e-05)
(-4.5707400751356e-05 -2.93195412101e-05 -2.4978821420735e-05)
(-7.9875025124858e-07 -6.0313044992919e-07 -7.1739829343575e-06)
(-4.1771960875712e-06 -3.3978706718451e-06 -1.1811892367525e-05)
(-1.8376605906764e-06 -1.3837646684546e-06 -1.0287857186356e-05)
(-8.8091432741104e-06 -6.5668554600617e-06 -1.7011569203231e-05)
(2.7492400377955e-07 -3.3534815050293e-06 -5.1344583139082e-06)
(-9.2858738472456e-08 -6.9249350129397e-08 -1.3001192588046e-06)
(-4.4818429469819e-08 -4.1236494243592e-08 -6.3217322782588e-07)
(-4.9781716806278e-07 -4.1895440328616e-07 -6.0082455821945e-06)
(-3.0139925486726e-07 -2.4922251929217e-07 -4.5560681032204e-06)
(2.3369290500968e-09 -1.1737746479707e-07 -6.6826251478728e-07)
(-2.2182986879522e-07 -1.8862143436984e-07 -3.6062822066123e-06)
(5.2297798960965e-05 2.9137252098201e-05 1.0583383459219e-05)
(1.5412415835616e-05 4.8820668975916e-05 2.3653845088851e-06)
(7.1845861744493e-05 3.0307944994237e-05 -1.9925143539497e-05)
(4.0267462722687e-06 1.2159494304525e-05 -1.0017978133102e-05)
(6.6476341184683e-06 2.698958239821e-06 -1.2240227651051e-05)
(1.3706912429318e-06 5.2292128238408e-07 -8.3607774494982e-06)
(7.3029852667777e-08 3.2422373384415e-08 -8.1252039786357e-07)
(3.8407133729404e-08 1.6654310087626e-08 -3.8960048392953e-07)
(7.7746690250132e-09 1.1864177266097e-08 -7.5116457706521e-08)
(1.0385314503216e-08 5.3096083862075e-09 -8.1906735863036e-08)
(2.2068465332984e-09 3.1613534899299e-09 -8.2636299715807e-09)
(1.9050276534009e-08 8.4599934372156e-09 -1.669765321476e-07)
(3.3283757594834e-09 1.5773293057541e-09 -1.4022718841945e-08)
(2.6448887913092e-09 7.9238624603878e-10 -5.6029498305876e-09)
(2.9977162467797e-09 7.9990523161999e-10 -2.3685087706606e-09)
(2.6257310102963e-09 1.2239025630747e-09 -2.486778429831e-09)
(4.3400156252789e-10 -4.4641232618424e-10 1.1661801081327e-10)
(2.9880941661747e-09 1.2915709430245e-09 -1.046057745183e-08)
(1.7082838405672e-08 1.1039982536326e-08 -1.585589075451e-07)
(6.5962559134166e-08 3.9712455916226e-08 -8.2127822336251e-07)
(4.1057506917839e-08 2.458289264818e-08 -4.8059493229013e-07)
(6.3605222649333e-06 3.6072710072788e-06 -1.4132243036931e-05)
(2.4810164256549e-07 3.0131039091863e-06 -6.2941524652162e-06)
(2.679046879438e-07 1.6073330658926e-07 -3.7433121271763e-06)
(1.3128328617356e-08 1.4120842386433e-07 -1.1394519631603e-06)
(1.1283842165389e-06 6.4643180070503e-07 -8.9056862317349e-06)
(1.1039935304364e-07 1.1914867605252e-06 -7.9997764992744e-06)
(2.8381387015632e-05 1.5962153512442e-05 -1.8257099375259e-05)
(3.0098935249885e-07 1.606950037632e-07 -3.6946818253068e-06)
(-3.9347633736276e-06 -5.7643121007554e-06 -1.3082110172647e-05)
(-5.7587321857887e-06 -4.789919510109e-06 -1.3856136536327e-05)
(2.2609406426705e-05 -5.1541713233358e-05 -5.0468131385339e-06)
(-8.6817292270267e-08 -1.1130910435579e-07 -1.579026243214e-06)
(4.2869911998615e-08 -9.4519132091209e-08 -8.010090531384e-07)
(-4.8358525948144e-08 -7.7306326738553e-08 -9.6239055470379e-07)
(-6.205781540862e-08 -5.7318966008746e-08 -8.8812019449108e-07)
(-4.1857746902853e-09 -9.5340858007725e-09 -9.2936650097876e-08)
(2.139774793953e-09 -3.1694758891171e-09 -2.8320257493754e-08)
(-2.7425397727167e-08 -4.1635399230316e-08 -4.941927985642e-07)
(6.3453596372669e-09 -1.3522825593232e-08 -8.6149230142616e-08)
(-1.7630074554171e-11 2.3360608561681e-09 -4.2188082231542e-09)
(-4.2531980858539e-10 2.8023108799705e-09 -4.5292286550739e-10)
(-1.2094797158487e-06 -1.5858276061132e-06 -9.8890798907867e-06)
(-6.067500041715e-07 -7.682425228444e-07 -6.7973702847851e-06)
(2.1484619506969e-07 -5.024209287719e-07 -2.8170444421029e-06)
(8.4870723836654e-07 -6.4883557749739e-07 -6.6393509967257e-06)
(-3.5854055661868e-07 -5.2629144222262e-07 -5.8891130581102e-06)
(-1.5490743511677e-07 -2.381501344204e-07 -3.4794359235298e-06)
(7.1298865130004e-08 -1.3794959193019e-07 -1.2753739323053e-06)
(1.5623148798004e-07 -1.3347855981493e-07 -2.1201715360875e-06)
(-1.3667903700317e-07 -1.7546632956216e-07 -2.7035601920272e-06)
(5.9301224947996e-05 4.3428772579577e-05 -2.2146101498752e-05)
(6.6518674313062e-05 6.6809461082221e-05 -1.5240256031152e-05)
(5.1906950783383e-05 7.216494054075e-05 2.5381157321792e-06)
(1.2751959276547e-07 1.5349939629741e-07 -2.2778698346647e-06)
(8.9527286925734e-08 8.5693284978047e-08 -1.3914478350846e-06)
(3.000188952821e-08 1.8327549137988e-08 -3.2146408599343e-07)
(4.6890380707901e-09 4.5481780871987e-09 -3.3518684562252e-08)
(3.7250457321889e-09 2.343813727988e-09 -1.9801326053055e-08)
(2.363656314091e-09 1.329166013252e-09 -7.136958750551e-09)
(2.3007870793882e-09 1.6981817939804e-09 -4.1150809442104e-09)
(6.4217712648502e-10 1.4061413068511e-09 -3.0582777959629e-09)
(1.4626237076763e-09 1.0429166558284e-09 -1.8753105840726e-09)
(9.362639205475e-09 8.4253133364998e-09 -9.0546951671309e-08)
(2.2086861504544e-09 1.0752236560658e-08 -6.6367716001271e-08)
(6.8725313027399e-09 4.6179624232202e-09 -5.3169506436095e-08)
(4.6331928938851e-06 3.8363350877482e-06 -1.400128442562e-05)
(1.6076426569318e-06 1.5044350298395e-06 -1.0231098887684e-05)
(5.9555884339838e-07 5.2315673131087e-07 -6.9300479168347e-06)
(1.7423554783004e-05 1.5696710208847e-05 -2.1923492011256e-05)
(1.0077774821484e-05 5.6306715987386e-06 -1.7202090361824e-05)
(-7.5837326244429e-05 -5.6703096315699e-05 -1.2017529957679e-05)
(-3.3411013504411e-06 -2.1386227043021e-06 -1.2024572511466e-05)
(-2.5950575852692e-06 -6.2644286409392e-07 -9.2720820330168e-06)
(-5.5679788523366e-08 -1.3499463013752e-07 -1.6923934635234e-06)
(-2.9219114394236e-08 -9.980835973762e-08 -1.1252852826422e-06)
(-8.425847654391e-08 -1.0715267646626e-07 -1.6278890132909e-06)
(-5.9886866187763e-09 -1.8921487807335e-08 -1.7515963033453e-07)
(-2.5842961458148e-08 -5.9968772103657e-08 -6.6959265006188e-07)
(-1.0587654610987e-09 -8.7426418460767e-09 -8.0001858440858e-08)
(-6.4525537627699e-06 -3.2586781623279e-06 -1.2143415011956e-05)
(-2.8512049741325e-06 -6.1873037077103e-06 -1.3829341729975e-05)
(-1.9394348414491e-06 -4.4511101149542e-06 -1.2345655131818e-05)
(-4.7732504034441e-07 -9.0192240076035e-07 -7.5625190744353e-06)
(-7.9635245472672e-07 -2.3488390987365e-06 -1.104712832669e-05)
(-2.6253183791857e-07 -5.6733890269273e-07 -6.0362922106579e-06)
(-1.2302286497162e-07 -3.1579820091855e-07 -4.0400702685776e-06)
(-1.003425662966e-07 -2.4299672326541e-07 -3.0080962287824e-06)
(-3.0878478001181e-07 -1.4959051082223e-07 -3.8793193228134e-06)
(-1.3334262005915e-07 -9.6099106428649e-08 -1.2855559938383e-06)
(2.5637934326595e-06 1.3383652403503e-06 -1.0994106924139e-05)
(7.1330450577372e-06 6.2488673805721e-06 -1.5328030280927e-05)
(-1.7998680950758e-06 2.9394865854231e-05 -1.9280094272018e-05)
(9.3213856689401e-10 4.9310531310454e-08 -4.383365645587e-07)
(1.8345205352714e-09 2.5245618108081e-09 -1.3457288622044e-08)
(2.4949716296235e-09 6.5053553531451e-10 -1.3081054969547e-08)
(1.8739826836874e-05 3.4319140140418e-05 1.1647379883765e-05)
(5.5559098484388e-05 8.6007767159231e-05 -7.2308315189066e-06)
(2.8437818011615e-05 4.6934098950546e-05 -2.4090888577921e-05)
(6.1263568171727e-06 8.8329778201191e-06 -1.6358453151288e-05)
(2.943688597887e-06 5.595057565513e-06 -1.2506433758081e-05)
(5.782759577535e-07 1.0143373396494e-06 -8.1758485239605e-06)
(3.4095406107547e-07 5.1463051907455e-07 -6.0740676254435e-06)
(1.6314985777842e-07 2.7613550654761e-07 -3.9591075343117e-06)
(1.8252599126744e-06 3.0090260171704e-06 -1.1728057290125e-05)
(3.0245211985469e-05 2.8379189501258e-05 -2.4953377101105e-05)
(4.458652092254e-08 7.5381771554856e-08 -9.4748261363621e-07)
(2.9563391322544e-08 3.4229681694471e-08 -4.2290824158575e-07)
(1.8726217058518e-08 2.0781220489968e-08 -2.2760843745442e-07)
(1.3156655520511e-08 2.2104197971976e-08 -2.0266893306369e-07)
(5.2124250028818e-09 8.1467770299553e-09 -5.692677426229e-08)
(3.0957509805101e-09 2.4249044697071e-09 -1.6893651459165e-08)
(1.7265171702778e-09 1.6591551129875e-09 -4.2185814011827e-09)
(6.0210389723932e-07 6.5536605556913e-07 -6.1515611331046e-06)
(2.6459639079289e-07 2.4841745610227e-07 -4.3595832942459e-06)
(-7.2182110455908e-10 -4.8786265306796e-09 -5.2515657173099e-08)
(3.7431526129886e-09 5.3929191670921e-09 -2.9818030737485e-08)
(2.2594390085918e-08 3.5803961734669e-08 -3.900753540755e-07)
(3.4639264983373e-10 6.6137304210509e-10 -1.1254383446227e-09)
(-7.397603209603e-06 -3.7891740000631e-05 1.1889204533775e-05)
(-2.1473359590629e-05 -8.0305860357979e-05 -2.0485574564223e-05)
(-3.2812106936496e-07 -7.7026300678441e-07 -6.8084622394453e-06)
(-1.9746825725472e-07 -4.1226419009936e-07 -3.2094379576105e-06)
(-1.4092168000605e-06 -5.4144007810688e-06 -1.2016438465443e-05)
(-6.0037419233687e-07 -1.6224362811876e-06 -1.0372118264078e-05)
(-4.5940396647817e-07 -9.8021208984655e-07 -5.3185723632759e-06)
(-3.3082169113645e-07 -1.1312888139797e-06 -8.3699574763354e-06)
(-6.4833684328108e-07 -1.0974166130008e-06 -8.4427985182039e-06)
(-1.6126112534146e-06 -2.4795603151863e-06 -8.7235437198057e-06)
(-1.5462852793307e-06 -3.1059403612621e-06 -1.1891580376311e-05)
(-3.0776809507464e-05 -4.6530854609658e-05 -2.4262396699843e-05)
(-3.4468296965153e-06 -1.1918132942982e-05 -1.5844401539996e-05)
(-2.9430004024323e-06 -7.0197679033834e-06 -1.3595110944483e-05)
(-2.5178300745718e-06 -3.5706486870492e-06 -7.3790544306565e-06)
(-7.1076988304797e-08 -1.6891673489136e-07 -2.0989964695032e-06)
(-2.9983506593206e-08 -7.7790510948003e-08 -8.8321639187483e-07)
(-2.2636219363272e-08 -4.8967619636816e-08 -4.4291322910874e-07)
(-1.4789581893343e-08 -3.4329323479959e-08 -3.5806534455021e-07)
(-1.8450995658433e-08 -5.2045327495516e-08 -5.5623340679122e-07)
(-2.5727004311924e-09 -1.3036235140675e-08 -1.1613271075701e-07)
(-4.4829270109223e-09 -2.4882960376724e-08 -2.1987480309316e-07)
(-1.0341244502178e-08 -2.4748583846533e-08 -2.435577572087e-07)
(7.7941162010143e-10 1.4940572071639e-09 -1.6848891002421e-08)
(1.0171752615609e-09 3.0613317226914e-09 -8.6025969464253e-09)
(-1.0254972594933e-10 7.9104109109942e-10 -1.5787016202079e-09)
(1.1340969259e-10 5.2271672976211e-10 -1.1032714662722e-09)
(-4.6786428352713e-11 3.115619975092e-10 -5.6453501555724e-10)
(-6.3672165235682e-08 -3.4563992178732e-07 -3.6367707708903e-06)
(-1.7775941912567e-07 -4.2894932366168e-07 -5.1593778072674e-06)
(-3.7636605662922e-08 -2.1817029963653e-07 -2.6191495227975e-06)
(-8.7202258759384e-08 -2.0965261732352e-07 -2.6212478754158e-06)
(3.672029763788e-05 5.8684229461318e-05 -1.9820461557855e-05)
(8.2413112277845e-08 1.4054088768015e-07 -1.9248746732374e-06)
(1.4206235152433e-09 2.8128393865909e-09 -4.9376129241582e-09)
(1.1959213039833e-09 1.8239266531944e-09 -3.0439092702477e-09)
(1.7955779503154e-05 9.2106978874582e-05 -1.1932673019806e-05)
(3.2481887164519e-05 6.6931566799251e-05 -1.3265382305621e-05)
(2.8026933077239e-08 9.2456456347279e-08 -1.0028586490436e-06)
(3.051235188672e-09 8.2119569064781e-09 -4.4747045647133e-08)
(3.5760908814053e-09 6.6217046744911e-09 -3.5093007142575e-08)
(1.4021486080218e-09 2.1187023147466e-09 -9.445845176476e-09)
(1.7393273709423e-09 2.1551923100145e-09 -9.1495494778405e-09)
(7.0416051475128e-09 3.2131571822613e-08 -2.7120295281381e-07)
(9.8706283258333e-09 2.0724456519295e-08 -1.679520142288e-07)
(4.2233745299614e-09 1.3673330177878e-08 -9.4000806355487e-08)
(6.8589727404959e-09 1.1425162918956e-08 -8.5148180861886e-08)
(3.0095148769889e-07 1.5736685576451e-06 -9.8597653582692e-06)
(6.0623810413312e-07 1.3402866233896e-06 -8.7062716650764e-06)
(6.6254174625064e-07 4.3524646154094e-06 -1.2727841321419e-05)
(1.2390029670524e-06 4.4059652144282e-06 -1.1276655520455e-05)
(2.0879328130476e-07 6.557287150767e-07 -5.8450876065871e-06)
(3.8080935216146e-07 6.4911568774795e-07 -5.8700519668599e-06)
(8.9423978218588e-08 3.4065920254411e-07 -4.0010612934034e-06)
(1.4473003878206e-07 3.1333657255603e-07 -3.4332936495501e-06)
(5.2664826179024e-06 3.3825001672141e-05 -2.1792982178449e-05)
(1.4817113194135e-05 3.5018079922222e-05 -2.2874733682746e-05)
(2.8709894510761e-06 1.4879981677334e-05 -1.9200302410151e-05)
(5.536683040558e-06 1.2953349698126e-05 -1.706480666033e-05)
(1.9059587488714e-06 8.4184206990753e-06 -1.5112545222786e-05)
(3.0593095321688e-06 7.1108866480869e-06 -1.3019486510144e-05)
(-5.9768312122746e-13 5.8276676779578e-10 -6.808431993244e-10)
(1.2773534232174e-10 5.0504196325237e-10 -6.295067167906e-10)
(1.2993877677198e-09 2.022048500465e-09 -5.0061709528271e-09)
(4.9469231824898e-10 1.6650551952451e-09 -2.3467376864752e-09)
(9.2903525178009e-10 2.5313759402793e-09 -4.2968641474917e-09)
(1.1192319471765e-09 3.4795666808945e-10 -1.6520244229149e-09)
(2.3039442540232e-09 3.9691431642023e-09 -2.018439903634e-08)
(2.7525282524694e-09 6.3879581265351e-09 -3.2259831624128e-08)
(5.4323137836397e-09 1.1785186851967e-08 -8.5724889226691e-08)
(3.2163834950973e-09 6.3300399449529e-09 -2.836938593045e-08)
(2.3829335565651e-09 9.8527267241131e-09 -5.873834631206e-08)
(4.0495430802853e-09 9.6822124449653e-09 -6.0175662799971e-08)
(7.9065920717063e-09 2.6544980151597e-08 -2.2001691149287e-07)
(4.3148636715061e-09 1.1481819765074e-08 -6.340242556496e-08)
(-2.8617457479216e-06 -8.1365400936573e-05 8.2960726361354e-06)
(-2.1131673451835e-06 -2.3965612958921e-05 -2.16683937036e-05)
(-4.9801122970244e-08 -1.6639039143093e-06 -9.0325618716026e-06)
(-2.8318533988886e-07 -4.9253880779533e-06 -1.1771730374649e-05)
(3.5769990010656e-07 -6.9723790921647e-05 -2.2782493550368e-05)
(8.9587141675265e-09 -2.0591990514364e-07 -2.4206759413663e-06)
(-5.1536032342395e-09 -1.1475529115738e-07 -1.2354064151955e-06)
(-1.591010807558e-09 -2.7509802238082e-08 -2.3231344860546e-07)
(-1.9841454869295e-10 -4.5600674278391e-08 -4.2784020876978e-07)
(2.429384234973e-09 -8.0201047384246e-08 -7.8391529193512e-07)
(7.7586875414922e-10 -9.1481064559584e-10 -2.6344669685853e-08)
(2.3748644839948e-10 6.2604172143652e-10 -2.0643807741476e-08)
(-5.0339499625818e-10 2.0874731295083e-09 -3.0982796897463e-09)
(1.9610316086293e-09 -1.1932070186838e-08 -9.6448461230581e-08)
(2.8223812954618e-07 -3.2815605607486e-06 -1.0039608101124e-05)
(7.2658365849612e-08 -7.5477211705719e-07 -5.9232571730735e-06)
(1.5438797444086e-06 -1.4113165196463e-05 -1.7836037816133e-05)
(5.1420835281307e-07 -6.6835619587716e-06 -1.1844747758685e-05)
(2.4709444415601e-05 8.983650589517e-05 7.5543663906713e-07)
(1.6250973384436e-05 8.2208365452509e-05 -2.1024591864975e-05)
(1.2755863107238e-05 4.841674445579e-05 -1.5003585707672e-05)
(5.1072838468401e-07 1.9767679272124e-06 -9.4126380836429e-06)
(6.5978605680299e-06 2.3915389271064e-05 -2.1804039076409e-05)
(-3.5962420583353e-06 5.7556671700204e-05 -2.4812485647659e-05)
(1.2999466383707e-05 5.4200364169968e-05 -2.3357266231716e-05)
(9.2277419132173e-07 1.1558065902676e-05 -1.7442297646311e-05)
(3.1487286557421e-06 9.6687708367171e-06 -1.5579213447803e-05)
(1.8658701045024e-08 7.006809173557e-08 -7.2663161374046e-07)
(4.0649221057938e-09 1.9109742849076e-08 -1.4212957881663e-07)
(5.8609247492988e-09 1.5769997817673e-08 -1.1155656099844e-07)
(5.8089471617527e-08 1.9727797676509e-07 -2.4444286858974e-06)
(3.0934106981273e-07 1.0435893788933e-06 -7.1832870737725e-06)
(5.7893728775206e-08 6.0335586143744e-07 -5.418149460181e-06)
(1.1361364683246e-07 4.572727913031e-07 -4.573244671424e-06)
(-2.0120833003702e-10 4.7578422904888e-10 -1.1746951692381e-09)
(8.6106446467599e-06 -4.0906812935991e-05 1.1599461094957e-05)
(-5.3428615832072e-05 -8.4969540054175e-05 -9.7150656855789e-06)
(1.1842412839597e-05 -8.2615197526794e-05 -1.9080069135678e-05)
(-1.0703102014999e-05 -3.4400543179939e-05 -2.3810688333953e-05)
(2.2795864381163e-07 -1.0883192146319e-06 -8.1514723323281e-06)
(1.1440249465483e-06 -6.3471518553903e-06 -1.2773710712335e-05)
(5.1130886712208e-07 -2.4785227814516e-06 -1.0433403225727e-05)
(1.217048557882e-05 -4.1220869173819e-05 -2.2987564232933e-05)
(5.3450454166479e-08 -1.6737912846713e-07 -2.0096947525932e-06)
(-1.7924412495448e-08 -9.1095194398702e-08 -9.0459470227663e-07)
(2.6750107823859e-09 -1.0900503373773e-08 -9.8250795384008e-08)
(1.7537027269384e-09 -7.0514744326562e-09 -6.6996038198031e-08)
(-4.5389119704261e-10 1.2563611102846e-09 -2.0884232154521e-08)
(-7.0982830753208e-10 1.0793168878128e-09 -2.7437141872663e-09)
(1.5520036276354e-07 -6.3932454392778e-07 -6.0644476780754e-06)
(6.1832298363324e-08 -2.532866887378e-07 -3.1562345090814e-06)
(-9.5639520181374e-08 -1.7830340440616e-07 -1.7128575900374e-06)
(1.6740279383828e-09 2.4453339514773e-09 -1.2584432398716e-08)
(5.6471843193346e-10 1.9803887223918e-09 -2.8860005428621e-09)
(2.4403955464546e-09 3.7802544406457e-09 -1.681963502595e-08)
(2.2438723004364e-08 7.6613045040113e-08 -8.0512894128586e-07)
(1.5830679854695e-08 4.2943073857927e-08 -4.1404108667124e-07)
(1.605289432665e-08 1.3800601376646e-07 -1.5572611474574e-06)
(3.7686766479442e-08 1.275338609519e-07 -1.4342428061852e-06)
(-2.3424801016293e-09 2.8858262461195e-07 -3.4631034443556e-06)
(7.289167189181e-08 2.6235582861916e-07 -3.1321764507302e-06)
(1.0135817540684e-08 2.970410328138e-08 -2.547314105397e-07)
(-7.7941062846503e-11 9.3476087043101e-11 -2.4751952547739e-10)
(1.8063771253865e-05 7.2037106234856e-05 1.151186338557e-05)
(2.4959046529156e-07 9.734020998542e-07 -7.5057183516171e-06)
(1.925131218212e-07 5.4184318520458e-07 -3.6264325287284e-06)
(1.8981027648067e-07 3.2147948672801e-06 -1.1199488914276e-05)
(7.8323399395778e-07 2.7534326666908e-06 -9.642488995225e-06)
(4.657955704661e-05 -7.8816131123926e-05 -1.0555540696121e-08)
(3.222529677106e-05 -9.3841295539547e-05 -1.5303803155539e-05)
(5.1496135937816e-07 -1.2567934222146e-06 -9.1066134673101e-06)
(2.4592540854975e-07 -4.0589431785381e-07 -4.6980240776457e-06)
(1.2094247412023e-07 -3.0990023396212e-07 -4.0333056014455e-06)
(2.3559293381698e-06 -5.8383066140167e-06 -1.3796241849678e-05)
(2.9282985041472e-06 -5.9386975398008e-06 -1.244165183894e-05)
(8.5722904762201e-07 -1.7682264881508e-06 -9.0369407157237e-06)
(1.4923794539834e-06 -3.6074059539978e-06 -1.1671904709714e-05)
(1.9563739464989e-06 -3.6139925685948e-06 -9.9102796321113e-06)
(8.5133452661089e-06 -1.8857973079198e-05 -2.0390951643059e-05)
(1.476158588049e-05 -3.2422607095996e-05 -2.450139880156e-05)
(4.6997891654342e-06 -1.1062940533027e-05 -1.657896962953e-05)
(3.7737653475096e-06 -9.0039577165764e-06 -1.5820072286479e-05)
(3.262945750133e-05 -7.9518102600156e-05 -2.1861970623948e-05)
(6.2215602213336e-08 -1.4513419181181e-07 -1.8896867027808e-06)
(4.0624158961707e-08 -8.2790889093892e-08 -9.7578467994544e-07)
(2.2260571600062e-08 -5.8867908368099e-08 -6.1130944321448e-07)
(6.3281363645394e-09 -4.5932564947038e-08 -3.9975109703522e-07)
(1.8035849126897e-08 -4.3222250819077e-08 -4.4782008488761e-07)
(6.0884400471098e-09 -1.2819029462063e-08 -1.3144866507801e-07)
(3.7880237643615e-09 -9.533822712596e-09 -9.8535106788605e-08)
(7.6773095813328e-09 -1.4648879696976e-08 -1.4062959715065e-07)
(4.9683831800984e-09 -2.097869810531e-08 -1.8495086191855e-07)
(9.2580710776768e-09 -2.3080576805645e-08 -2.1737556345486e-07)
(2.1284145646822e-09 -5.0653592986149e-09 -5.7456139427816e-08)
(5.3581385376431e-10 -1.6722094573192e-09 -4.0934196090315e-08)
(7.1099206607442e-10 -3.3706780873981e-09 -4.8220155239418e-08)
(1.4427806549187e-09 -4.3390508453982e-09 -6.052861973177e-08)
(1.3053638863335e-08 -3.2735876360587e-08 -3.2718662660981e-07)
(-1.1395461018519e-10 1.7276186109928e-09 -1.0693603353872e-08)
(-2.0788546538745e-09 2.9073356464042e-09 -1.1693040092357e-08)
(-1.0694635092496e-09 3.5126623625029e-09 -4.8255833262172e-09)
(-1.5257547198408e-09 3.16975646096e-09 -7.4804326152862e-09)
(-3.1698982569082e-10 9.3762144227771e-11 -1.6179472740974e-09)
(-9.9784911552809e-12 -1.9104532331795e-10 -1.2522904995545e-09)
(-2.0221265431807e-10 2.183591111927e-10 -7.9587579898006e-10)
(2.5728002773315e-07 -5.6656202865923e-07 -5.7827806307845e-06)
(1.4563672401897e-07 -3.4377541943776e-07 -4.0374227303749e-06)
(1.0953179416484e-07 -2.0547565361757e-07 -2.6734649410529e-06)
(-1.236338483091e-08 4.4979411590677e-07 -4.3609839886771e-06)
(-5.3542190138908e-08 1.0742894592531e-06 -7.756898401749e-06)
(-3.9391078841423e-07 6.2621780885125e-06 -1.1706169981389e-05)
(-1.4981910192529e-06 8.8458802949204e-06 -1.4951965571485e-05)
(-4.8932282702336e-07 2.2693931159344e-05 -2.1467394954095e-05)
(1.2468434693493e-09 1.864586810315e-08 -1.3773620281604e-07)
(2.0122526888271e-09 4.5252570934891e-09 -2.4661275522674e-08)
(1.1050587347188e-09 1.6567087675663e-09 -1.1462666761323e-08)
(-1.157389262709e-08 1.7094741764126e-07 -1.9541064277737e-06)
(-4.304761078932e-09 7.6977326674223e-08 -7.5822989315245e-07)
(-2.4473854276816e-09 4.5266514143057e-08 -4.0350102638746e-07)
(-1.0927938478821e-10 1.0975087454243e-09 -1.2388253495273e-09)
(2.9596809183101e-10 1.2163626576013e-09 -4.2232116348623e-09)
(-3.7794710034916e-06 3.7045222059106e-05 1.4147418660355e-05)
(-9.152659026205e-06 7.0853771777561e-05 -2.2321415250154e-05)
(-2.3439116350508e-05 8.1644642014711e-05 -2.0796305040989e-05)
(-5.5695254661118e-08 1.9953637002009e-07 -2.4085811925933e-06)
(-2.6031859134232e-08 1.0325177901257e-07 -1.135859346245e-06)
(6.6679559717298e-10 9.0280115859765e-10 -1.0502825938783e-08)
(1.42428923552e-09 3.2181802945883e-09 -2.6880840993896e-08)
(-5.9352092240544e-09 2.9057802782319e-08 -2.5367492164899e-07)
(-1.0208004443731e-09 1.6547717964084e-08 -1.2898128997519e-07)
(-5.7616990598912e-07 1.8688583614859e-06 -9.4493206930722e-06)
(-1.2764895501618e-06 3.985994798549e-06 -1.123313834229e-05)
(-1.0291148322756e-07 4.4438014259338e-07 -4.8304967011846e-06)
(-2.2717585660244e-06 7.3974440144918e-06 -1.3898962496639e-05)
(4.7409628545697e-05 -7.7315759684143e-05 -1.7199680336631e-05)
(4.2612449941734e-06 -7.0819177749887e-06 -1.2556521300232e-05)
(4.5032257894056e-06 -6.1701139852434e-06 -1.3687631301073e-05)
(5.5223645508226e-07 -8.0495809850532e-07 -5.8740613754162e-06)
(4.0393778941957e-07 -6.4106144223443e-07 -6.0797561476733e-06)
(2.0151804549245e-07 -2.5412210894912e-07 -3.8319167050047e-06)
(1.3573611397254e-08 -2.0240106179627e-08 -2.1686532928159e-07)
(3.0560387986512e-09 -4.3143843157549e-09 -5.0279216170911e-08)
(1.1472032245123e-09 -1.0079363218864e-09 -3.8195688399095e-08)
(-8.6508878208606e-10 2.1851943342137e-09 -1.092545516045e-08)
(-2.0617653516829e-09 2.7569511284862e-09 -7.3189684658543e-09)
(-5.6775612302635e-10 6.1884374949636e-10 -2.2773959312267e-08)
(-4.0865771482615e-10 -2.1677292662369e-10 -2.7014203815858e-09)
(7.023610769983e-07 -8.1069516352183e-07 -8.0108095948861e-06)
(1.8982006448296e-07 -2.1042278072478e-07 -3.5775587105992e-06)
(-6.5673569859788e-08 2.2232409983126e-07 -2.4891183757851e-06)
(-9.4809896313042e-08 3.3137745679652e-07 -3.927608290779e-06)
(-2.3272220686295e-07 8.4273874909644e-07 -7.1787698232145e-06)
(-3.1142550600217e-07 1.0843982668299e-06 -8.0588489492297e-06)
(-4.0191096499202e-07 1.3714981158986e-06 -9.0109005712753e-06)
(-3.9928725314476e-08 1.406554604912e-07 -1.6599533264698e-06)
(-1.1017520547735e-08 4.489402244585e-08 -3.2891293999255e-07)
(-5.4433757785525e-10 1.2736980296221e-08 -9.8718217594082e-08)
(3.2755554265512e-10 7.1456881739368e-09 -4.5526207554234e-08)
(-2.0707145280956e-09 1.4553711178535e-08 -8.9128422234555e-08)
(-1.9830372753706e-08 7.1256824031165e-08 -7.0862518677284e-07)
(-1.4798912968641e-08 6.7315135682918e-08 -6.733393477836e-07)
(-7.073998122818e-09 3.2671267732154e-08 -2.7392577611744e-07)
(-1.4676034417251e-08 5.4751096457194e-08 -5.3591902539962e-07)
(5.5704107155968e-10 1.9782153435953e-09 -5.680545524249e-09)
(-2.6049313837796e-10 9.6907878998999e-10 -1.0613373663103e-09)
(-2.4864862436276e-10 1.3425973986483e-09 -1.5453600877649e-09)
(-1.8891451192301e-10 1.325679699025e-09 -2.0347607813593e-09)
(-2.0810899257398e-10 4.4901467460621e-10 -1.3464573846558e-09)
(1.9427584239838e-10 1.8893562043251e-09 -3.2502912799786e-09)
(6.4177480425557e-11 7.1341878655363e-10 -2.2256227654274e-09)
(2.9285204439628e-10 -3.7553563716026e-10 -3.7541822041828e-09)
(1.2182064632275e-09 1.7374000073417e-09 -2.0380324042213e-08)
(8.6854017516018e-10 1.2611805832442e-09 -2.2536255844176e-08)
(7.6905367737558e-10 -5.3659096118724e-11 -5.8143391789888e-09)
(-4.7589776129131e-09 1.3953991273422e-08 -1.2809078705552e-07)
(-6.6415540244027e-09 1.6982246634677e-08 -1.4681910671928e-07)
(3.4993385569333e-10 8.9803524520035e-09 -6.7127783013568e-08)
(-9.1554747955633e-06 3.194615924298e-05 1.2265281228387e-05)
(-1.6177824425987e-05 6.9149270008233e-05 1.360965065255e-05)
(-1.847413163915e-05 9.7445192114284e-05 2.9195342256574e-06)
(-3.0476926586054e-05 9.4140881805752e-05 -1.4818606334187e-05)
(-2.1045235503881e-05 5.8826966619933e-05 -1.1797552918157e-05)
(-4.2141626771506e-05 7.3116479961873e-05 -1.945692427066e-05)
(-2.173342776892e-05 5.8451295233546e-05 -2.3513957095288e-05)
(-5.4942121911987e-06 1.6347298847352e-05 -1.9860638090769e-05)
(-6.7769850404557e-06 2.6491745726025e-05 -2.2647312600559e-05)
(-1.0721086402571e-06 1.3039659536573e-05 -1.7314158355154e-05)
(-4.0698137996965e-06 1.0458185910857e-05 -1.6915243833877e-05)
(-1.1932719880612e-05 4.2999214109002e-05 -2.5372751173797e-05)
(-8.2105891324107e-06 2.3312637115623e-05 -1.6518975426598e-05)
(-1.1550270748493e-06 4.544206694523e-06 -1.0635632976578e-05)
(-4.0906924112628e-08 8.5106867535411e-08 -9.7538677685279e-07)
(-1.9946348106951e-08 4.8642469034864e-08 -4.7418505995367e-07)
(-2.2140171064718e-07 3.8303969952992e-07 -4.8551624473675e-06)
(2.1628836374196e-10 2.1946956941036e-09 -1.2945627015484e-08)
(1.1051448681349e-10 2.7099303903792e-09 -4.8171782626618e-09)
(2.8677974613476e-07 -1.7667986911712e-07 -3.9075550645834e-06)
(5.884887790215e-08 -6.5363353645045e-08 -9.5956935358312e-07)
(1.7039476701594e-10 -4.6539078940109e-10 -2.2476027753292e-09)
(-1.1302185461916e-09 1.231175746109e-09 -1.725017224344e-08)
(-3.3996229320756e-10 1.9680995219012e-09 -7.7607554791819e-09)
(-1.2942276380652e-09 2.6357199324901e-09 -4.4152989743669e-09)
(3.0205871402048e-10 -2.0498560685111e-10 -2.9787649542932e-08)
(2.0161479064868e-08 -1.7269597609654e-08 -2.4705103518417e-07)
(5.3100186866563e-09 -6.1147582306657e-09 -8.4634786525978e-08)
(4.3959187973817e-08 -5.2495334235159e-08 -7.2445613313566e-07)
(2.918704186426e-08 -2.7536885357542e-08 -3.6265087239205e-07)
(2.8335502348675e-08 -3.4087277109361e-08 -4.3280381002075e-07)
(3.1313794458044e-05 -4.9705927431508e-05 1.3678620302732e-05)
(4.7255300189599e-05 -4.3054578844853e-05 1.3308024422471e-05)
(6.7418900953322e-05 -6.2407414658126e-05 -2.9001051319533e-06)
(6.4898329791156e-05 -5.9186176703022e-05 -1.6608793133435e-05)
(3.1053030553834e-05 -3.725173248399e-05 -2.5588839338853e-05)
(8.545504856338e-07 -9.4731486446233e-07 -8.9110940531113e-06)
(5.8466912057356e-07 -6.3829888277881e-07 -7.1986832269823e-06)
(7.0092365904457e-06 -7.9537014751448e-06 -1.6710800334807e-05)
(5.7734257806511e-06 -5.1358591767464e-06 -1.4212316405718e-05)
(1.1443600345962e-05 -8.6216914675065e-05 -8.0195005908227e-06)
(-1.212335058476e-07 1.8499705770036e-07 -2.686905754798e-06)
(-9.2846460003142e-08 1.5628607628008e-07 -2.1980024758258e-06)
(-4.3617235136753e-08 6.8363373042943e-08 -8.3280436833912e-07)
(4.1067025928142e-10 5.3812360108953e-10 -5.9640726600255e-09)
(1.4335800169019e-09 2.5692367260627e-09 -1.7124527221642e-08)
(1.2440745182496e-09 8.0654912946335e-10 -1.0701092538685e-08)
(1.1586464233298e-09 5.9972114010758e-09 -4.2448193259069e-08)
(1.8955088375326e-10 2.4830336112059e-08 -1.9610943161157e-07)
(-3.8637540875233e-09 2.2743191904555e-08 -1.9218009467972e-07)
(-8.7829335907316e-09 1.3116423671139e-07 -1.4403053168935e-06)
(-1.8425315144598e-08 3.2967326316356e-08 -3.3071725883267e-07)
(-9.1961642334036e-06 9.415848449172e-05 -9.2376716841436e-06)
(-3.2464665869055e-05 9.1781419595664e-05 -5.8188501105314e-06)
(-7.2615215567595e-07 1.2581993268766e-06 -9.1606022315423e-06)
(-4.0485081114077e-07 3.6877035619798e-06 -1.1408246761225e-05)
(-9.0887734385556e-07 3.3295265939588e-06 -1.2117770075426e-05)
(-3.7563569049228e-07 6.1336298917225e-07 -6.4479947165333e-06)
(-2.4594920733279e-06 4.5906078871498e-06 -1.2110953447684e-05)
(-1.6951153129106e-06 6.6119439211949e-06 -1.365649370143e-05)
(-4.6711789220631e-06 6.995967718111e-06 -1.5039692731887e-05)
(-1.3648277566939e-05 2.4590783574735e-05 -2.233221190791e-05)
(1.6643626931956e-09 -1.0577379106674e-09 -2.3275400610402e-09)
(5.89250769376e-10 6.8754547220431e-10 -1.3230062718776e-08)
(-5.7722611830974e-10 9.8885604790552e-10 -1.4284025675633e-08)
(-4.5484530458404e-11 1.1780949467319e-09 -6.264360095569e-09)
(1.0715650559505e-08 -4.9014150755863e-09 -1.0552292412387e-07)
(2.5486429534841e-08 -1.3442759803517e-08 -2.7402186168743e-07)
(4.7266173435351e-08 -2.474475908149e-08 -5.6217166778339e-07)
(5.426197732415e-05 -2.8166913629992e-05 1.2637905102462e-05)
(8.7914431681387e-05 -5.01425158414e-05 -4.0771374659451e-06)
(8.2336083668845e-05 -4.3268579882209e-05 -1.5559959293469e-05)
(5.6331445199495e-05 -4.2439815386307e-05 -2.3544037487605e-05)
(9.8265747429212e-07 -4.6127058158131e-07 -7.6999370050372e-06)
(6.1001569818338e-07 -3.6996993892664e-07 -5.888450651731e-06)
(1.7172015377751e-06 -8.3932424691637e-07 -9.8991166233398e-06)
(3.1593054525762e-06 -1.9163844971589e-06 -1.0813117056965e-05)
(1.4262731805297e-05 -8.4101773287069e-06 -2.023475911199e-05)
(6.5277219170023e-06 -3.8703345529724e-06 -1.3600822891138e-05)
(3.7585220432788e-05 -8.7735266910564e-05 -8.7489587357456e-06)
(1.0505662033019e-07 -5.9137323352187e-08 -1.3610140440029e-06)
(1.9547299998766e-07 -1.1382939245252e-07 -2.6363058283845e-06)
(-2.6278074232339e-07 2.214088750001e-07 -4.2495611135984e-06)
(-7.7275677232165e-07 8.1123563808797e-07 -8.2161782175905e-06)
(-1.1475940369409e-06 1.6930227928341e-06 -9.9738246182196e-06)
(-1.7012113014704e-06 1.3613789647287e-06 -9.9914281773239e-06)
(-2.4170731724783e-06 3.5087159619261e-06 -1.2328240929974e-05)
(-3.4328180992824e-06 4.1847945168389e-06 -1.1428516343744e-05)
(-3.7329256467735e-06 6.2622469797814e-06 -1.4143521411223e-05)
(-3.403301552746e-06 4.1235903029255e-06 -9.5151724178914e-06)
(-8.7547446334276e-08 7.9600678261186e-08 -1.3397745808471e-06)
(-4.739484940669e-08 7.7989310784982e-08 -9.5567139109105e-07)
(-2.166045038471e-08 2.5062188140353e-08 -3.0858865308761e-07)
(-3.4962877869959e-05 3.3396266758311e-05 -2.4956158368959e-05)
(-1.896011208531e-07 1.8082787571112e-07 -3.136590456165e-06)
(4.2383576418509e-10 -5.7248131410983e-10 -9.7265050108478e-09)
(-1.4330136968016e-08 3.1561317276959e-08 -3.0720337964979e-07)
(-2.4141068923089e-08 3.7459257856523e-08 -3.9522059621148e-07)
(-2.9678347021819e-09 7.395875800835e-09 -7.80450576164e-08)
(2.5518539675963e-06 -7.4758452932875e-06 -1.3729762047284e-05)
(2.4204956959863e-06 -5.4245557019769e-06 -9.161329734988e-06)
(-6.5344072958672e-07 1.0655026809332e-06 -8.9371208116179e-06)
(-4.4838952674516e-07 5.9810526817834e-07 -4.1036971863231e-06)
(-5.4907943815597e-06 5.1235108907183e-06 -1.4334707204084e-05)
(-1.48352827141e-06 2.6030988281675e-06 -1.0741775592752e-05)
(-1.1259250889805e-06 1.316648482763e-06 -6.0395669891416e-06)
(-1.5152098499407e-07 2.5253264737709e-07 -3.7071457687033e-06)
(-7.7312355206538e-08 1.1034869560139e-07 -1.121392955276e-06)
(-7.3293545344393e-08 1.2126716560988e-07 -1.6468768582248e-06)
(-4.0991084905173e-07 6.81149574032e-07 -5.5517354234001e-06)
(1.6646625789933e-09 -7.3075379645895e-10 -9.3777857106826e-10)
(-4.1966527164857e-08 4.3395541217802e-08 -6.0148796863147e-07)
(1.743362574838e-07 -3.9000311749916e-08 -1.8266960343279e-06)
(3.1772513866456e-07 -5.6570028430835e-08 -3.7805931080686e-06)
(3.4642635148057e-07 -1.3316004912237e-07 -3.6417770102469e-06)
(9.2172163354649e-07 -2.0923628654452e-07 -6.7524959816273e-06)
(2.4681210809159e-06 -4.6111064713621e-07 -1.1230056419461e-05)
(1.0628374005318e-06 -3.7885965112267e-07 -6.5736031520192e-06)
(4.0642795668856e-06 -1.5605083167667e-06 -9.7592212175442e-06)
(7.0724137124205e-06 -1.0886836371579e-06 -1.3375905083138e-05)
(3.4417320661327e-09 -6.2956553613559e-10 -3.7274785129169e-08)
(5.9571105892957e-09 -2.7089774143216e-10 -5.09995930939e-08)
(5.8272839735159e-09 -1.1637489510229e-09 -5.0872035881218e-08)
(1.3167688195559e-09 5.1167639671712e-10 -1.3369208144672e-08)
(1.8600645556783e-07 -3.3738336587363e-08 -2.2163072054602e-06)
(6.6126508125685e-08 -2.6044566303214e-08 -7.2092415595272e-07)
(6.9338562512162e-08 -1.5108256258508e-08 -7.8741578971689e-07)
(1.6529412659114e-08 -2.6229924998562e-09 -1.4468513321413e-07)
(1.7786089965765e-08 -5.6430295928308e-09 -1.6231005892634e-07)
(6.4121535706086e-10 -1.6988411029684e-10 -4.0730459305654e-10)
(2.4003392169236e-09 -5.991070874616e-10 -1.1690426224867e-09)
(9.4904473469504e-10 2.7693456566393e-10 -1.738959063193e-09)
(1.9255012796934e-09 4.0893107995786e-10 -9.6280163019489e-09)
(-2.9677910726526e-08 3.0677952020721e-08 -3.9913637474959e-07)
(-1.1159272729083e-07 1.0608009792848e-07 -1.8190624818209e-06)
(7.5293023158271e-05 -1.2437158274479e-05 -2.1410382937095e-05)
(2.3004392852547e-05 -1.0424028003601e-05 -2.0302142275811e-05)
(4.7819597073829e-05 -2.0127024234606e-05 -2.3878462817556e-05)
(1.0938348489382e-07 -1.9895323086087e-08 -1.2650821438998e-06)
(3.7007876468457e-09 -6.7404023877198e-11 -3.1571823100886e-08)
(1.6112547640765e-09 4.9774661929095e-10 -1.1600284937354e-08)
(2.5747902314145e-09 -1.7387638903675e-10 -2.1161690403346e-09)
(2.5096658807407e-08 -2.008158030806e-09 -2.2438358840588e-07)
(1.155511664674e-08 -4.7102020453505e-10 -9.4775119002746e-08)
(8.6671424621683e-09 -6.1961665945383e-10 -7.2652093274158e-08)
(1.6553187487124e-08 -1.8366198603475e-09 -1.2464525786906e-07)
(3.9432649149557e-06 -6.3299239676683e-07 -1.1388613866291e-05)
(4.8888255823935e-06 -7.609446352659e-07 -1.1513480406706e-05)
(4.1055056537872e-07 -7.5542292924866e-08 -4.77200558616e-06)
(1.6842630729754e-06 -3.2840551074054e-07 -9.9238287147945e-06)
(1.2535380502991e-06 -2.3574429719557e-07 -8.6632297425444e-06)
(5.5318227956119e-05 -8.8546792022538e-06 -2.4853301337583e-05)
(2.1098898995904e-05 -3.7723416927308e-06 -2.1637624901431e-05)
(9.8863120749058e-06 -1.3725282540604e-06 -1.6383394545864e-05)
(5.6883447919762e-06 -1.1818260822176e-06 -9.2080692843988e-06)
(8.5085685206167e-05 -1.8835836192529e-05 -1.3058451067044e-05)
(2.1150664432776e-06 -2.4279201707567e-06 -1.2100208800429e-05)
(1.8657082308812e-05 -2.2595895454706e-05 -2.3559354274584e-05)
(-3.3246032246314e-10 -9.9534197115038e-10 -3.3451990166611e-09)
(-9.5919246643362e-10 -1.2559952397608e-09 -3.3065729083061e-09)
(2.1564415551881e-05 1.1139045810165e-05 9.8711522382167e-06)
(1.3339613155142e-05 -2.1922018143953e-05 9.2026036116882e-06)
(2.4086671251409e-05 -2.1056397659041e-05 1.1446355096962e-05)
(-9.0108455757253e-06 -1.7993803473331e-05 4.6361008194374e-06)
(-3.435376727629e-05 1.826023139409e-05 1.041867361281e-05)
(-1.3734817277322e-05 3.3271099429261e-06 3.3382609134788e-06)
(-2.1246237610672e-05 2.1922405533883e-05 8.3359357364553e-06)
(-7.2928442070737e-07 1.1670141410974e-05 2.6072452354206e-06)
(1.9348478911511e-08 -1.0050219050965e-05 2.2072994461735e-06)
(8.0739662703703e-06 -5.366355994118e-06 2.0929535231431e-06)
(-3.7635352881754e-06 -2.9066020613988e-06 1.0352642528658e-06)
(2.7596144496101e-06 -2.7970983875965e-06 8.7000226916922e-07)
(-6.1538604323954e-11 5.3539935177415e-10 -4.6258232919265e-10)
(1.8159851193119e-10 2.1279094422836e-10 -3.0368274115897e-10)
(-1.2614959050005e-10 4.6175206629961e-10 -4.6603761140841e-10)
(2.6337030128691e-10 -5.0447562196872e-11 -1.3014628886015e-10)
(4.2486918950551e-10 -4.9216752389293e-11 -2.156201958031e-10)
(7.5853613490672e-11 -1.8876234200987e-11 -5.5124981448006e-11)
(2.2782165463651e-11 -1.6669925916019e-10 -3.9022740497368e-10)
(-2.7319854603335e-10 5.6767574860525e-10 -6.5772469755577e-10)
(1.4351971923919e-10 3.1829945186505e-10 -7.8993331793158e-11)
(1.4238271954061e-10 3.2507178734875e-12 -4.802715271225e-11)
(5.6119881006857e-10 -3.3571706761999e-10 -4.2582865520359e-10)
(5.6858315972605e-11 2.8351701037285e-10 -7.9893126456039e-11)
(-3.334546900945e-11 3.1262835732197e-10 -1.2228412767582e-10)
(-5.4183869759291e-11 6.6393535315163e-10 -3.2528384293537e-10)
(2.5204228000438e-10 3.2836758452901e-12 3.1505341078081e-11)
(-1.9326028643463e-10 8.5875237782844e-11 -3.9277313000302e-10)
(2.5161102196953e-10 3.5990047701879e-10 -3.4837498948182e-11)
(2.6955029529046e-10 2.2833484612959e-10 -2.5344271986292e-11)
(2.1746157343156e-10 1.1170479858459e-10 -3.9003533821592e-10)
(3.9447731986228e-11 2.38292974599e-10 -1.0240272490347e-10)
(4.7798845958942e-11 1.1807808955141e-10 -2.5046953556989e-10)
(1.7403302658859e-10 3.1746631425351e-10 -5.0642759033888e-10)
(1.2506870786588e-10 -2.594140368022e-11 3.8123389389278e-11)
(2.0008293445872e-10 -2.26181820869e-11 -1.2025698868679e-11)
(2.0116143571269e-10 1.2919722206093e-10 2.4115140604858e-11)
(5.1308098814981e-10 3.1732448947262e-10 -1.1274525507392e-11)
(2.2961535786944e-10 5.090326557525e-11 -3.8814032131784e-11)
(6.0276436396161e-11 1.1848706463634e-10 1.8601219220825e-11)
(6.0117058385859e-11 1.9326357676727e-10 3.3912685384776e-11)
(1.3900160174478e-11 4.1172730548505e-10 7.9349306659258e-11)
(2.3314665606302e-10 8.817091781172e-11 4.3571337871107e-12)
(4.9770862745629e-10 1.1007233734026e-10 -1.7897830192198e-10)
(7.1457516081065e-10 1.7598029265593e-10 -7.8127780794947e-11)
(3.4103535379581e-10 7.855543564445e-12 -7.1507440005938e-11)
(3.6603622336521e-10 6.45073332401e-11 -4.7150593496562e-11)
(8.8898762977735e-10 7.1415211146772e-11 -1.6568113695483e-10)
(4.2170486517796e-11 2.9079050740698e-10 6.122433275901e-11)
(1.097316193841e-10 -4.1052025420157e-11 5.005698591824e-11)
(7.8491769068327e-11 -7.3885015791974e-11 5.1242475926359e-11)
(2.590021771529e-10 3.0968702809874e-11 5.7874418312588e-12)
(1.4911885381875e-10 1.7947435031957e-10 5.2247039175689e-11)
(7.0499181194992e-11 -2.8091122779476e-11 3.9599955298502e-11)
(1.14895892719e-10 2.784963746349e-10 6.3968893799298e-11)
(2.5101321041601e-10 4.7475170155565e-10 9.9335095056799e-11)
(2.9343167929787e-11 1.3346986653244e-10 3.8024058287904e-11)
(-2.9307089802299e-11 1.7617901434603e-10 4.5394766101035e-11)
(-1.4742906110801e-11 1.8249384554768e-10 4.1055161781801e-11)
(1.2098179921569e-10 -8.4274312162782e-11 6.0056917216042e-11)
(2.0966512280959e-10 -7.2682301761843e-11 7.2454692790186e-11)
(2.460002421112e-11 1.8389352318259e-10 5.3334737608976e-11)
(2.0160770354713e-11 9.7696820132659e-12 3.1623869361126e-11)
(7.6433782475478e-11 1.7627658106185e-11 5.8509005433427e-11)
(5.8675147258381e-11 3.4982436814506e-11 2.8163838464406e-11)
(8.481809391192e-06 -1.2881457521511e-06 -1.5182542735312e-05)
(8.9648491908337e-10 -4.0969621079433e-10 -5.2024311266406e-10)
(1.2314930082914e-10 1.2114599066445e-09 -1.509911909069e-09)
(4.4099048392306e-10 8.3029811909189e-10 -1.2561143726937e-09)
(-3.4983161770971e-10 9.0889977932129e-10 -1.1114519846255e-09)
(-3.5034375802437e-10 2.7544675158352e-10 -8.1452082567019e-10)
(-4.79071167752e-10 -1.1194584516939e-10 -1.0883138266107e-09)
(2.1279948460479e-10 -3.5889203525447e-10 -1.0001911444719e-09)
(5.8207021360872e-10 -1.8331880010335e-10 -8.2620393001506e-10)
(6.5141746743905e-11 -3.836469467789e-10 -8.9306137688372e-10)
(6.701052865623e-10 -9.3301808339135e-10 -1.034950629267e-09)
(2.260488557665e-09 -8.7909555621837e-10 -3.6500507116009e-08)
(4.6354984308465e-10 -9.9875901330617e-11 -1.4793623966251e-09)
(8.9130142382564e-10 1.7370800354664e-09 -4.3400745343682e-09)
(1.3348016934644e-09 2.4821240770632e-09 -7.9075296256533e-09)
(1.4598017674643e-09 5.7693787493245e-10 -2.9468912335549e-09)
(-2.366800469501e-06 -9.4122651769208e-06 -1.5808556912101e-05)
(1.551821912058e-05 -1.1501906392277e-05 6.2144110821229e-07)
(5.3411628853579e-05 -9.9786087119619e-06 1.1476336958069e-06)
(2.2440220953505e-05 -5.6998505856286e-06 -2.6058923493586e-07)
(4.1276112185791e-05 -3.9400867142811e-05 -8.8932128803826e-07)
(2.9183511463458e-05 -1.7949275767132e-05 3.7681424084524e-06)
(8.3905546506896e-06 -1.3411162853622e-05 -1.1496255551943e-06)
(1.7613323585039e-05 -4.8256418302553e-06 -1.6063147437563e-06)
(2.048594068229e-05 -2.2908633269643e-05 -1.3149665250435e-06)
(2.8266013375331e-05 -4.1781504833772e-05 -1.8210802583198e-06)
(2.0691425652464e-05 -1.3079557354094e-05 -1.7501668135477e-06)
(1.5301629553799e-05 -1.2695717807674e-05 3.0431083818038e-06)
(1.1481439241144e-05 -1.2045022883593e-05 -5.2320311496525e-06)
(2.3451656932293e-05 -1.5658541956885e-05 -8.8377000219156e-06)
(5.3164180706958e-05 -2.5464979918925e-05 -1.7166262665998e-05)
(1.6618331507798e-05 -4.4827646016224e-06 -5.7356458587884e-06)
(3.4169120745052e-05 -3.1328303145913e-05 -1.4174783134619e-05)
(2.5131579706805e-05 -1.7347276490658e-05 -6.3875484648861e-06)
(4.6545864038492e-06 -7.0253928599645e-06 -3.3571432726654e-06)
(3.861176697335e-06 -4.4246447006026e-06 -2.8491801823181e-06)
(4.0036420660049e-06 -8.9789808411326e-06 -2.7536405626245e-06)
(1.1727472726147e-05 -5.4423250966089e-06 -3.7132065876558e-06)
(1.6026142422687e-05 -2.3691856676023e-05 -9.4259752333317e-06)
(2.2068057785443e-05 -2.8704859448437e-05 -7.8539669038779e-06)
(8.2614740258428e-06 -5.6413823715152e-06 -6.1179500654135e-06)
(1.2493723905198e-05 -1.3101221867945e-05 -3.9518218571872e-06)
(-7.876273818336e-06 -1.0053214707543e-05 5.2441868243899e-08)
(-3.2017349211088e-06 -1.2031808194485e-05 -4.2018680933997e-07)
(-1.7235554244721e-06 -4.5332264298801e-06 -2.4968114504812e-07)
(-2.6354314215658e-06 -2.691608128709e-05 -5.964823450508e-07)
(-3.6982880195182e-06 -1.9239241937328e-05 1.4760135326446e-06)
(-1.9857701006842e-05 -1.566106602875e-05 -6.8104314788758e-07)
(-2.8682402189083e-05 -2.9876340691057e-05 1.4266463978483e-06)
(-1.8725730232161e-05 -1.1813967657525e-05 1.8432144045597e-06)
(-8.4158711509028e-06 -3.0694312193796e-06 -3.1310153261816e-07)
(-7.5168706937865e-06 -2.8082439609331e-06 -1.1852724798349e-06)
(-1.4233339370975e-05 -2.6687056070864e-05 5.5389222027044e-07)
(-1.6839318121227e-05 -2.3343646115431e-05 3.4078258495463e-06)
(-9.1652287357632e-06 -1.1896732248502e-05 -1.4717033284079e-06)
(-8.8761860011777e-06 -1.1986843816944e-05 1.3872968397605e-06)
(-2.3736775790613e-05 2.1663893071328e-05 1.1310484130778e-07)
(-7.2175691067107e-06 1.1837304372181e-05 -3.4840774327362e-08)
(3.4697001703699e-08 1.2478185600217e-05 5.9087586212261e-08)
(-2.8193716341109e-06 1.4317079600275e-05 -1.7675126031047e-06)
(-3.049185285865e-05 1.2838796726167e-05 5.0938384558797e-07)
(-2.7937249100151e-05 2.1412954747507e-05 4.3323051905091e-06)
(-1.5082278716473e-05 2.5505500307902e-05 1.0884373531019e-07)
(-1.3682726455758e-05 3.1844889027964e-05 -1.8227749118037e-06)
(-1.0606958664306e-05 5.9935063514892e-06 2.181161480302e-08)
(-5.7007046719999e-06 3.2158684222133e-06 6.701756335558e-07)
(-1.3341496003563e-05 1.7392039612129e-05 -1.9940665022717e-06)
(-1.2978892156462e-05 1.5051405900369e-05 1.6437747463985e-06)
(-9.8311057934433e-06 1.4690377535285e-05 -5.4655719149152e-06)
(-3.0993386026407e-06 8.4289223978548e-06 -2.9552452379618e-06)
(1.1533384759695e-06 5.7694642388125e-06 -2.1596921671068e-06)
(2.5258143407201e-07 5.5473297537834e-06 -2.7014511856949e-06)
(-1.9380441775177e-05 1.7446789460904e-05 -8.3609211709205e-06)
(-1.3121548973962e-05 6.8439810389978e-06 -5.3045258076017e-06)
(-3.082323608465e-05 2.8739308500586e-05 -7.0993802597663e-06)
(-8.6578147192882e-06 1.4394124206648e-05 -6.9785557970481e-06)
(-6.2200590141079e-06 5.117006522875e-06 -2.6699429179829e-06)
(-5.6431439813748e-06 4.536738890322e-06 -1.8684243410177e-06)
(-4.9588338417801e-06 5.8907541950928e-06 -3.4239670353765e-06)
(-9.675233567728e-06 1.2247985511316e-05 -3.3052882149703e-06)
(-7.2586329800545e-06 -6.9869226032466e-06 -3.4891974940275e-06)
(-2.2802924380928e-06 -5.2645186048512e-06 -2.0674296911295e-06)
(-9.9076220730738e-07 -1.3131087140122e-06 -9.0399895434197e-07)
(-1.0855824473831e-06 -3.2078265279858e-06 -1.6859839123888e-06)
(-1.8813101460107e-05 -1.3058066888321e-05 -7.6345405070546e-06)
(-1.569538895252e-05 -1.9387031528161e-05 -8.565121987957e-06)
(-2.0718266445044e-05 -1.4671793422733e-05 -5.7486451756522e-06)
(-3.4441961641387e-06 -1.5381961521706e-06 -1.542243781734e-06)
(-3.7336295790496e-06 -1.8167928637005e-06 -2.0524154949058e-06)
(-7.2442497837051e-06 -1.4319576348717e-05 -5.4800628739253e-06)
(-6.0133050106551e-06 -1.8649623162719e-05 -4.6521279708276e-06)
(-3.1938352826491e-06 -4.9542935457042e-06 -2.7138708520216e-06)
(-5.8733916534827e-06 -9.2153558310361e-06 -2.6911621316008e-06)
(2.0343706500624e-05 1.7165881214734e-05 3.6482092396436e-07)
(4.2328086041034e-05 4.4696033776864e-05 6.0131691349051e-07)
(1.0058216964276e-05 1.8554456674614e-05 3.6784961771552e-07)
(3.7658753376987e-06 4.9790038987732e-06 -1.7377496226557e-07)
(4.6006029307815e-06 1.9315066089194e-05 2.4378000729882e-06)
(2.4880660710779e-05 3.3729331964557e-05 -6.4150796683325e-08)
(2.9030839042635e-05 3.3454956290303e-05 -3.546985183562e-06)
(1.3626357234364e-05 7.5376249078646e-06 -4.603389155168e-07)
(1.8961345847787e-05 7.4047825534912e-06 1.6207526582851e-06)
(2.2284295083872e-05 1.8398816840451e-05 -2.4457648701273e-06)
(1.7165815432577e-05 1.7112145688377e-05 2.7888220239151e-06)
(1.2024318102052e-05 9.971256734933e-06 -4.9374824771755e-06)
(2.0386028925514e-05 1.4169064352268e-05 -9.0552122208057e-06)
(4.8218777269892e-06 7.9993053182803e-06 -3.6295773884277e-06)
(3.2768169735435e-06 2.6100452895894e-06 -1.6703527584199e-06)
(5.7324588814719e-06 9.0901729104159e-06 -3.0142357766666e-06)
(7.7921683058906e-06 2.8040467978676e-06 -2.8485085159363e-06)
(1.0705128012496e-05 4.0912836261692e-06 -2.9237962463038e-06)
(8.7929372977448e-06 6.3052605988677e-06 -4.6294892164716e-06)
(1.5663648930901e-05 1.3405593078877e-05 -4.6578244964292e-06)
(4.872264635091e-07 3.5878399745566e-06 -2.9959283023102e-06)
(-1.0042122202431e-05 6.7395099980072e-06 -8.7072028534419e-06)
(-5.4563023130279e-06 1.3551274488402e-06 -5.3274670792681e-06)
(-5.2095995527709e-06 5.2976273665419e-06 -7.3189742956115e-06)
(-1.4195895063843e-06 1.0142555504135e-06 -1.6007684625979e-06)
(-2.1040394056309e-06 1.3470098476728e-06 -1.8294004631872e-06)
(-1.4835546354861e-06 1.9554475317485e-06 -2.3654161881112e-06)
(-5.147286090341e-06 5.3488741269862e-06 -4.6498706292057e-06)
(6.6056569830164e-06 3.9441997262776e-06 -6.2198997032337e-06)
(1.8635033162732e-05 1.0034798502008e-05 -1.7702693321108e-05)
(1.1525123006308e-05 1.0228752267379e-05 -1.0183289010522e-05)
(4.2171854310925e-06 8.9918531041704e-07 -3.7966787152749e-06)
(7.2975983294489e-06 2.9473487810489e-06 -5.2334791513766e-06)
(2.2947453522698e-06 3.1963700245432e-06 -2.9808585870123e-06)
(3.0832108759823e-07 9.4602209429511e-07 -9.3094192111854e-07)
(9.3562582300789e-07 1.162936018067e-06 -1.3139392738243e-06)
(2.2527082123112e-06 4.1544677634079e-06 -3.1214856745775e-06)
(6.2598444473853e-06 8.0316508849882e-06 -8.0847877444814e-06)
(4.5034334129713e-06 6.3570137905419e-06 -8.055138331523e-06)
(2.3511091958846e-06 1.4637027826208e-06 -2.093857047344e-06)
(2.6737963324226e-06 1.7010816003601e-07 -2.0102195707863e-06)
(2.4814651185033e-06 1.2345397507973e-06 -2.471827455696e-06)
(2.859751150413e-06 2.8261139779059e-06 -3.6878834990656e-06)
(2.8653058023672e-06 2.6200233592488e-06 -4.4656684924502e-06)
(5.5294962535398e-06 4.9996062059084e-06 -4.7069901709777e-06)
(6.3313051269569e-07 6.7934643229121e-07 -1.5615483608649e-06)
(3.4792187233691e-06 2.0493595619136e-06 -8.8989019742923e-06)
(7.4372981527424e-07 1.6347644807443e-07 -1.3942022761319e-06)
(2.7934710281381e-06 1.6659453731588e-06 -5.7170658999439e-06)
(2.461751291422e-07 3.2489350348731e-07 -6.3241119856277e-07)
(8.0028840932759e-08 3.51206406338e-07 -5.6060134355524e-07)
(3.8155184668913e-07 7.7673276298573e-07 -1.5933623715656e-06)
(1.5605450835612e-07 2.8191799964665e-07 -5.6962821685327e-07)
(1.5585096813741e-06 1.8499331372106e-06 -4.8892763283601e-06)
(1.337363712807e-06 1.4650164053326e-06 -3.2704054955769e-06)
(3.6707184980028e-07 2.1876059533704e-07 -6.4372469805946e-07)
(4.0035672246589e-07 1.8743512295102e-08 -5.8667302794849e-07)
(3.3755072109586e-07 1.3601926906433e-07 -6.2291004258444e-07)
(5.1401017801259e-07 5.1753151654628e-07 -1.430490681828e-06)
(4.2409542548405e-07 4.0424515748302e-07 -1.2903013542309e-06)
(7.3588876511151e-07 4.9630041276582e-07 -1.2966960131624e-06)
(1.0405114575617e-06 9.6015907821898e-07 -1.9722632525542e-06)
(5.3847456498302e-06 1.2664262666793e-05 2.950853946944e-06)
(9.5025743320368e-06 1.198970663686e-05 4.1034232916809e-06)
(5.2009637171924e-06 2.041566087436e-05 5.4837322388448e-06)
(-1.2350700402716e-07 2.5970965359899e-05 6.3049871266055e-06)
(7.7676615356875e-06 4.2225910202283e-05 7.2583172199516e-06)
(2.2703785334186e-06 5.3524769341293e-06 1.3172422241717e-06)
(2.9670648225279e-05 3.0416178418358e-05 7.4759165575252e-06)
(4.9649073069521e-05 5.0842615767189e-05 1.1723981913435e-05)
(6.5889462268148e-05 5.1657366317959e-05 3.935672788283e-06)
(2.2900103292063e-05 3.1755174082471e-05 3.5126679594091e-06)
(3.2863487198304e-05 5.6708797416112e-05 8.2152341966092e-06)
(-1.0951426734458e-05 1.8726174119044e-05 3.7271312107535e-06)
(-2.7208497698673e-06 5.4254122266515e-06 1.2980977839271e-06)
(-3.9543621183553e-06 1.0911287649422e-05 1.7851715757581e-06)
(-7.2681074105459e-06 2.2420837763902e-05 1.9602830158217e-06)
(-1.2578641208079e-05 7.4275054818935e-05 -1.1233777790441e-06)
(4.9522200214319e-06 5.4490668958997e-05 -1.939032373959e-06)
(7.3769895782231e-06 6.1199504323051e-05 -7.699646071506e-06)
(-2.5007370462818e-05 5.892200090832e-05 -3.1952790861114e-06)
(-3.0390580664146e-05 7.7998295672316e-05 5.955908442122e-06)
(-7.6368042821493e-06 4.2484060899385e-05 -2.4441122940297e-06)
(-8.8300220329291e-06 5.9498293761282e-05 -6.5813286686261e-06)
(-1.6828669511736e-06 -2.0655764443062e-06 -2.1868008316825e-06)
(-2.3322174755898e-07 -1.4556892447308e-06 -1.1479895479886e-06)
(7.1083518438544e-07 -1.9886392116621e-06 -1.5686991563507e-06)
(-5.4687349838088e-07 -4.7679251235994e-07 -7.5328621297999e-07)
(-7.9984886809055e-07 -4.6389601018496e-06 -3.5215828749416e-06)
(-3.9365296123206e-07 -1.4141035118976e-06 -1.2969961884753e-06)
(-4.6993672945849e-07 -2.3157976661354e-06 -1.6447623624141e-06)
(-5.5729959996691e-06 -3.9626416135514e-06 -5.7376162392477e-06)
(-8.4146046514554e-06 -9.0616748997576e-06 -1.0249652510031e-05)
(-4.5402174460126e-06 -3.5093884740818e-06 -3.9630253870086e-06)
(-2.8454373638787e-06 -5.69531724342e-06 -5.4740354971035e-06)
(-3.546265878387e-06 -6.7702392263414e-06 -5.2016685715563e-06)
(-2.2392257298427e-06 -3.0394877582502e-06 -2.5275968789279e-06)
(-6.7215616458477e-07 -8.1052005211641e-07 -1.180125507025e-06)
(6.8048913018847e-08 -5.7777632352387e-07 -6.0101117445138e-07)
(-3.1375198194113e-07 -9.4084711349313e-07 -1.1700714615984e-06)
(-2.1649560174557e-07 -6.7037684417751e-07 -6.9416694566261e-07)
(-2.1052721482652e-06 -1.4044402817789e-06 -3.1798533346982e-06)
(-1.4165704942913e-06 -4.2606976371759e-07 -1.739050039768e-06)
(-2.9834547555685e-06 -3.2224335934624e-06 -6.5203825000334e-06)
(-2.4093291091727e-06 -1.6900099063044e-06 -3.4671459051398e-06)
(-5.0057351295026e-07 -1.9321031269103e-07 -5.8731133004029e-07)
(-8.540872324847e-07 1.303374381002e-07 -9.644582639603e-07)
(-4.5594584152523e-07 -2.6384049201925e-07 -5.5223531282025e-07)
(-1.3013129573504e-06 -2.5472421654069e-06 -3.6893852486511e-06)
(-1.719284468968e-06 -3.1431119642092e-06 -4.1586952262458e-06)
(-4.3971432385464e-07 -4.7541542033742e-07 -7.4591014664933e-07)
(-9.9781850803248e-07 -1.1883497723458e-06 -1.6125305376356e-06)
(-4.2672932688624e-07 -4.6148663721829e-07 -1.0362306154108e-06)
(-6.7722796764605e-08 -2.2276061405555e-07 -3.3294442591884e-07)
(-1.5152453538098e-07 -2.8202346409175e-07 -5.4780214975736e-07)
(-1.3833843872742e-06 -1.0697904290763e-06 -3.5010357716913e-06)
(-2.8055319079053e-07 1.5463022129002e-08 -3.9483261586916e-07)
(-2.063757773797e-07 -1.3476824891858e-07 -4.4443580536048e-07)
(-1.5140804362429e-07 -1.3518574813924e-07 -2.6630256543249e-07)
(-6.8270319449797e-07 -1.1317946575332e-06 -2.4900345204944e-06)
(-8.3233398706581e-07 -1.5548008119364e-06 -2.8228310195119e-06)
(-4.1199631883884e-07 -4.6724756898726e-07 -8.5375008113046e-07)
(-1.4286336661873e-06 2.0878370825789e-06 -3.1692036878551e-06)
(1.3930995090025e-07 9.2691065668684e-07 -1.0166980323034e-06)
(-3.4664509635709e-07 2.3197276188531e-07 -4.9386586435473e-07)
(-1.6872025279258e-06 2.7924415912568e-06 -3.7615984480488e-06)
(-2.9512952798921e-06 2.7017773988545e-06 -5.5043851883565e-06)
(-2.3113835091749e-06 9.6670064432194e-07 -3.3369368944707e-06)
(-4.8967973385866e-06 4.1525926173207e-06 -8.0568948609526e-06)
(-9.526548640821e-07 2.4170623397386e-06 -3.5449112714798e-06)
(-1.0234588239199e-06 8.239654134179e-07 -1.513167067936e-06)
(-2.0160526808541e-06 1.0163907087875e-06 -2.6542454918474e-06)
(-7.0489778498464e-07 1.081680964822e-06 -1.609964599814e-06)
(-1.0100398703814e-07 7.6648738328854e-08 -1.9156446370432e-07)
(-1.9418501019856e-07 6.3751828927474e-07 -9.2852624189417e-07)
(-1.0130782592859e-06 8.0782923131115e-07 -2.3185655732873e-06)
(-3.8927066920265e-07 1.7209614994183e-07 -6.6108163339095e-07)
(-2.0307136125553e-06 1.8579793344535e-06 -4.5057929892115e-06)
(-5.9393413787084e-07 1.1384086532618e-06 -2.2509290650483e-06)
(-7.6828298699825e-07 9.9390245980968e-07 -2.7185628758006e-06)
(-2.6266021980269e-07 1.9548277627581e-07 -4.2547368209665e-07)
(-6.0993485177391e-07 6.6056282531724e-07 -1.2732767153006e-06)
(-3.695391920488e-08 6.0731094226399e-08 -1.3009123053901e-07)
(-6.6240254205814e-08 2.0077066408915e-07 -3.9240528272155e-07)
(-4.2279265125241e-07 2.4727888658791e-07 -1.392758793821e-06)
(-3.6911892564676e-07 9.6629822919333e-08 -9.8391937246861e-07)
(-4.6680245902311e-07 3.1732142647361e-07 -1.4017972399823e-06)
(-1.3820561134232e-07 3.5848615162464e-07 -9.3482867133713e-07)
(-1.1261556050496e-07 2.4581057725574e-07 -6.7391657785221e-07)
(-1.0690642440021e-07 4.0819567465819e-08 -2.1942051738426e-07)
(-1.014494285542e-07 -1.8876342565205e-08 -1.9684905820737e-07)
(-1.6156988375576e-07 8.3231256710346e-08 -3.4623447342385e-07)
(-9.0866046799262e-08 1.2802447917669e-07 -3.5176280633925e-07)
(-2.3795409559304e-07 2.9584249625292e-07 -8.1209447323763e-07)
(-2.2287585127919e-05 5.4770185733643e-06 6.9310606426283e-06)
(-3.9620439290604e-05 1.0418908619049e-05 1.3670419318383e-05)
(-2.5524627693755e-05 8.099896547059e-07 8.2936658476078e-06)
(-4.7790553594588e-05 1.0830721719144e-05 9.3685766568404e-06)
(-8.9092716390944e-06 -1.9579974504785e-06 1.8916640876174e-06)
(-1.4586572874471e-05 -2.96942731378e-06 3.8316954845173e-06)
(-1.8604319086465e-05 -1.9676806737184e-06 2.93598770556e-06)
(-8.1810739763605e-06 -3.1771069148771e-06 1.2678442766753e-06)
(-1.7478045839021e-05 6.9130180229723e-06 2.0495468856363e-06)
(-4.4642914096431e-05 1.6081170918953e-05 5.1319110247757e-06)
(-3.0433610628923e-05 3.1019969879237e-06 2.6140913174531e-06)
(-3.1821677873358e-05 4.0046710012035e-05 -3.1709475936285e-06)
(-7.0084757651413e-05 6.3026573594324e-05 -4.8558893741734e-06)
(-5.1977141107925e-05 3.3403382538716e-05 -3.1289407067216e-06)
(-5.3229623173105e-05 8.0484595969485e-05 -1.5661699169833e-06)
(-4.4497863962637e-05 6.6290178440961e-05 -1.0496433189874e-05)
(-2.7820644685608e-05 1.9582681384428e-05 -2.8640859324348e-06)
(-5.2379547228646e-05 -1.5388039864296e-05 3.9503590945448e-06)
(-3.1972901802868e-05 -8.0844586722612e-06 3.2599054853013e-06)
(-7.3411622203953e-05 -7.8417480873996e-06 5.9659194031987e-06)
(-6.9938227493759e-05 -1.0330599960452e-05 1.309665179972e-05)
(-4.8540988951683e-05 1.9806837557848e-06 4.8124620505473e-06)
(-5.326862379348e-05 1.6173587533684e-06 2.5788775711147e-07)
(-5.3851486182832e-05 -1.1251749012581e-05 -1.8006615755469e-06)
(-6.7941098700586e-05 2.2758059109879e-05 -6.09271739648e-06)
(-3.5146469949911e-05 9.982693496793e-06 -2.5616596631798e-06)
(-9.6504668545723e-05 2.4243975580262e-05 -7.8041855522715e-06)
(-6.583286648921e-05 4.3944492925492e-06 -5.448685654805e-06)
(-7.5077062814626e-05 1.8638603692325e-05 2.387166800214e-06)
(-8.9509128382833e-05 4.3635135236972e-05 -3.3703827810816e-06)
(-2.3429312078451e-06 -6.2836969848479e-06 1.3895466948527e-06)
(3.2609783644954e-08 -4.3812308732638e-06 9.1720246403277e-07)
(-3.3065017877929e-06 -7.8552898534195e-06 1.3163901109889e-06)
(-5.6868917447294e-06 -1.749196397456e-05 3.0636914307819e-06)
(2.1157362564248e-06 -2.4294832222966e-05 3.734277641602e-06)
(-3.9252878642818e-05 -2.7469005694317e-05 5.5732828438779e-06)
(-5.338731117453e-05 -5.5920942390672e-05 8.039669070263e-06)
(-2.4203512529461e-05 -2.3730849860257e-05 6.9876299575874e-06)
(-2.9013379135248e-05 -4.1519567332768e-05 6.3627905018506e-06)
(-7.147416047039e-05 -5.7110796914758e-05 -3.1908414740321e-06)
(-4.5111967863332e-05 -3.6313923210374e-05 -1.7510529234113e-06)
(-4.0031499460423e-05 -3.6823222916489e-05 -8.2734726770343e-06)
(-6.4247856274937e-05 -2.7577110321295e-05 -2.6115140703033e-06)
(-5.6085748931881e-05 -2.6277937789452e-05 -9.0082368315871e-06)
(-6.7817330897421e-05 -4.0943775111127e-05 6.8397784039369e-06)
(-2.0448584490768e-05 -8.3696006534195e-05 -4.1785925722376e-06)
(-1.3994225061058e-05 -4.2587063488125e-05 -2.08381487056e-06)
(-3.8776539048376e-05 -5.8125514815015e-05 7.360356321443e-08)
(-3.6510228292104e-05 -7.8686663222417e-05 8.1154524717337e-06)
(1.0895916670296e-05 -1.1700421479874e-05 4.0631010070605e-06)
(1.1675842346512e-05 -2.1279753527579e-05 3.7815897557156e-06)
(5.0377777993231e-06 -1.0079317537031e-05 1.453990348887e-06)
(1.2861827659483e-05 -5.9434886333867e-05 6.6081059913381e-06)
(3.0577558952616e-05 -6.7803082580425e-05 8.8250802383842e-06)
(1.7849671576609e-05 -4.0774909255377e-05 6.8921880135888e-06)
(2.6456249185148e-06 -4.4155128011275e-05 7.3922636400129e-06)
(8.1336216941795e-06 -3.403925510836e-05 2.4302191138035e-06)
(1.0680758055089e-05 -3.2853332840199e-05 -1.2778089367568e-06)
(2.1344538906818e-05 -8.3881828275344e-05 9.2372154066689e-06)
(1.6814384226434e-05 -7.2611082810841e-05 6.728253165078e-07)
(3.070604485635e-05 -8.2151365169792e-06 2.3658424150722e-06)
(4.5360497153309e-05 -1.5488342308075e-05 6.4212486584501e-06)
(3.8040499473283e-05 2.8850508814957e-06 4.8193912228301e-06)
(1.6265565507735e-05 -3.6498635756907e-06 1.4582636461484e-06)
(3.7342802645163e-05 -3.3093688561846e-05 3.4446528703791e-06)
(6.2159869246549e-05 -3.8477340280219e-05 5.4185094863901e-06)
(4.5534883365677e-05 -5.5415584208833e-05 5.7537737544104e-06)
(2.7442059522197e-05 -3.0202510131186e-05 7.1952275468572e-06)
(2.3572786357218e-07 -2.3455707071342e-07 -8.7876081182919e-07)
(4.9397940981303e-07 -2.9661573636891e-07 -1.7165800837381e-06)
(9.5120264712925e-07 -3.6831993214012e-07 -3.8194484981028e-06)
(5.3263750268025e-07 -5.0942131070824e-07 -2.7290591485351e-06)
(5.3296128494477e-07 -2.2462372511329e-07 -1.4393280152247e-06)
(7.0696473716732e-08 -6.6387438745903e-08 -1.7952668936598e-07)
(1.0384866571691e-07 -9.6390574155337e-08 -3.1720431917538e-07)
(1.9935234530674e-07 -9.076999351866e-08 -4.8668063551308e-07)
(1.5218556997894e-07 1.4559705018236e-08 -3.0268467894672e-07)
(2.2587977263572e-07 -6.1191131556291e-08 -4.4742338240125e-07)
(2.9672946268837e-07 -4.6836308622036e-07 -1.7655693738498e-06)
(2.7226251686031e-07 -2.843624277314e-07 -1.3177550352976e-06)
(1.4861074737621e-07 -9.8437649830448e-08 -5.004351685702e-07)
(2.4497678990496e-07 -2.0418472561239e-07 -7.3042332484989e-07)
(2.611154818493e-07 -2.2237543691179e-07 -6.9160806972323e-07)
(-2.3651907693518e-06 -5.1055922921408e-06 4.07581549259e-07)
(4.5813252338122e-06 -3.090333178017e-06 5.7963896431035e-07)
(1.829693241914e-06 -1.8691957216614e-06 -5.6145452951485e-08)
(-8.2746607631035e-06 -4.4463193095915e-06 5.9885656029848e-07)
(-2.0438506600456e-06 8.8232677419754e-07 -1.3819917190268e-07)
(7.4429622644526e-06 2.1410474343141e-06 6.5046308752625e-07)
(8.0573613330373e-06 -4.6984684373446e-06 -1.1292497607612e-06)
(1.7684030330934e-06 -5.3070635567007e-06 -6.6945351340614e-07)
(4.4105560946231e-06 1.0211560503326e-06 -5.6145756817899e-07)
(1.4235030998602e-05 8.8972757623602e-07 -1.1063361796537e-06)
(5.4902319112081e-06 4.1063681599729e-07 -1.1912646633957e-06)
(4.2800484392523e-06 -6.2151928427283e-06 -1.5741976336018e-06)
(8.4618697104753e-06 -3.7414621495744e-06 -2.3684685359146e-07)
(3.4755068224259e-05 1.3265741560172e-05 -9.702029461969e-07)
(7.8032682470492e-05 3.7716048138817e-05 -1.8186527859415e-06)
(2.2979378752013e-05 7.5881174980825e-06 -3.402886274573e-06)
(3.9087288644513e-05 2.4643482404164e-05 -5.4132120412146e-06)
(4.0334093798157e-05 -1.4888409635479e-05 -9.0563557714568e-06)
(4.4177959707435e-05 1.4715729246266e-06 -8.4435453769647e-06)
(3.4475559958834e-05 -6.3837022471912e-06 -1.1219149347881e-05)
(1.9280523320183e-05 7.1940370401423e-07 -4.2042504509944e-06)
(1.5547015677759e-05 1.5075958331153e-07 -4.8119635677226e-06)
(2.6308096702229e-05 -9.2651415595917e-06 -4.2337614716337e-06)
(3.6062096886942e-05 -4.7071916315843e-05 -1.3866676676996e-05)
(4.3992990826358e-05 -5.9390089777642e-05 -8.8314090567942e-06)
(3.0882658448108e-05 -2.9524468965281e-05 -5.0157250235805e-06)
(3.5898797661813e-05 1.8913979677639e-05 -1.4363229856825e-05)
(2.0194141740683e-05 4.6863610851398e-06 -1.0671933960828e-05)
(1.3566851144353e-05 4.0601375357699e-07 -5.7790883102043e-06)
(6.9017288738554e-06 2.3656251405624e-06 -3.9159279592502e-06)
(1.5211362615522e-05 1.0414145995225e-05 -9.087018580694e-06)
(1.7825533579776e-05 5.9035991328089e-06 -6.0597487175628e-06)
(1.9013707236491e-05 -7.0037925375841e-06 -1.3146422928312e-05)
(2.4942157701969e-05 4.7333524680225e-07 -1.5317544393209e-05)
(1.3564958495161e-05 -2.4532461056008e-06 -1.2843271025477e-05)
(3.449599879078e-05 -6.7052998959101e-06 -1.6287251906655e-05)
(-2.5972034168836e-06 5.6359876633617e-06 -5.9900828163709e-07)
(4.3816154576347e-06 1.3021359518486e-05 -1.101533649941e-06)
(-1.3980920106114e-05 9.3744311477216e-06 -1.2123730442285e-06)
(-6.6931892966171e-06 2.1149653236659e-06 -1.0390740257355e-06)
(-4.0186407395626e-06 5.3472211789429e-06 -1.2976415412432e-06)
(-2.2040911140104e-06 4.9939007454237e-06 6.7306589514436e-08)
(1.3653660762031e-05 3.0984312572798e-05 -1.6224152985932e-06)
(2.3079477087261e-06 2.7008990671732e-05 -6.4215050776083e-07)
(1.1346995603518e-05 2.5733526851409e-05 -4.1405917640245e-06)
(1.2793164672869e-05 1.7072308525089e-05 -1.3780610566237e-06)
(3.3433422148162e-05 3.6257916476803e-05 -7.8953545348493e-06)
(4.7409665279835e-06 3.6970039486035e-06 -1.6248198873723e-06)
(6.9936587042922e-05 4.1743716587354e-05 -1.3847635713263e-05)
(6.1805655725398e-06 -1.2152979417728e-05 -6.350200073918e-06)
(1.4609982723426e-06 -1.2719624996491e-05 -5.4972185758544e-06)
(-2.6820335273106e-06 -1.1043098956474e-05 -4.8119082377857e-06)
(1.6716546185197e-06 -9.4966682212087e-06 -5.3645061715881e-06)
(7.6587723216349e-06 -2.6810514685385e-05 -1.0890048004271e-05)
(1.4935315316265e-05 -5.6472697212346e-05 -2.0705585470975e-05)
(7.5547222617602e-06 -1.8942375565032e-05 -1.1473380277161e-05)
(3.4362412751404e-06 -6.6153133928873e-06 -4.7998579912833e-06)
(1.0829586348082e-05 -1.3046310735285e-05 -9.4026666711175e-06)
(3.8952585108253e-06 -4.4567173020998e-06 -3.3595536627143e-06)
(-1.0046123028823e-07 -1.1416800398309e-07 -3.1493598703179e-07)
(-2.1327552310491e-08 -9.241875478815e-08 -1.6063582079161e-07)
(-4.2855818505742e-08 -2.3474032064286e-07 -5.6554902903214e-07)
(-3.0605141063725e-08 -8.8349933947863e-08 -1.7695919569624e-07)
(-5.5915410097778e-08 -1.3037271680176e-07 -2.4679981581836e-07)
(-5.9760058339419e-07 -5.7401051230049e-07 -3.2592675212494e-06)
(-6.0098829758018e-07 -3.9607817406231e-07 -1.9752467736091e-06)
(-7.2239825619207e-08 -5.718063920939e-08 -1.5652656745304e-07)
(-2.6775703280729e-07 -4.0398969272324e-07 -1.4017948112663e-06)
(-7.7369715212284e-08 -8.2843969388883e-08 -2.3374347892707e-07)
(-2.3380951149182e-07 -2.4899950784947e-07 -7.4977393796093e-07)
(1.4607485651181e-05 -1.1004110909019e-05 -1.2616645450319e-05)
(3.3466258984739e-05 -2.4029792096039e-05 -2.3165924079464e-05)
(1.7642724951658e-05 -1.3550093116195e-05 -1.9119140753212e-05)
(6.915835980928e-06 -8.5743218809701e-06 -7.8066461028602e-06)
(6.8130856804868e-06 -7.1898557989782e-06 -8.5907323100168e-06)
(1.0530684985926e-07 -7.887564460104e-08 -4.037563668937e-07)
(4.3121439537734e-08 -5.51760733117e-08 -1.7766235685729e-07)
(1.2119394594921e-08 -4.8507537160544e-08 -1.1357858933702e-07)
(3.2187510027282e-08 -2.6114158546985e-08 -8.7010351255931e-08)
(6.3780532419585e-08 -1.5643289472241e-07 -5.6738901604235e-07)
(5.6211607754627e-08 -7.3918723408559e-08 -2.294579850368e-07)
(9.6095681951238e-08 1.4621278577804e-08 -2.6892801161974e-07)
(4.3463267571714e-08 -1.7153697410817e-08 -1.1695654902333e-07)
(1.5120338853896e-07 -1.8144085474444e-07 -9.3970839278401e-07)
(1.1509287269221e-07 -1.0956994070937e-07 -6.006726068642e-07)
(2.5479426246142e-07 -2.7623908532544e-07 -1.6068001867464e-06)
(9.7032331121713e-08 -5.8482913635488e-08 -3.6650969762808e-07)
(7.1737644780619e-08 -4.7316581156111e-08 -2.8329056599294e-07)
(1.897249522776e-07 -1.3681625827105e-07 -7.9663428621003e-07)
(1.7467570350343e-06 -9.5663237476124e-07 -1.391890464812e-06)
(4.9054241441983e-06 -1.5697354857858e-06 -3.5823161271308e-06)
(3.0203997978014e-06 2.9103409278983e-07 -2.0018508401341e-06)
(2.3471289416383e-06 -8.6965065115301e-07 -2.137255381284e-06)
(5.0677381497894e-06 -1.2085167445222e-06 -2.9241059004495e-06)
(8.1443290616595e-07 -2.1340903883074e-06 -1.5462754259706e-06)
(-7.4278143653107e-07 -8.5548452290817e-07 -1.0254760671491e-06)
(2.7637780848794e-07 1.1241802880242e-07 -7.3850663082871e-07)
(1.0457254733858e-06 1.640146529496e-07 -7.7771574504029e-07)
(1.0783922068404e-06 1.2773878263911e-06 -1.2230896726968e-06)
(8.2146848518594e-07 8.8536386574189e-08 -7.3830822383177e-07)
(1.8553314892598e-06 4.8586983935904e-07 -1.2647882998474e-06)
(7.989775507279e-07 -7.5944567109747e-07 -8.9897337358904e-07)
(2.2068954405913e-06 -1.4804220119796e-06 -1.5691086131722e-06)
(2.6586089494104e-06 -1.4179658227711e-06 -1.5220533127487e-06)
(5.1923531518122e-06 -1.2319937389322e-06 -5.2689645504053e-06)
(8.1375397735284e-06 1.0809148295139e-06 -8.527655875693e-06)
(5.8155278539834e-06 -1.0362989410961e-06 -7.1359887340975e-06)
(3.2903386648828e-06 -2.9752883711009e-06 -4.3099738469217e-06)
(2.4656439872604e-06 -9.925358966146e-07 -2.7827419982115e-06)
(8.0943361851295e-06 -1.2014795326566e-06 -1.1722344041392e-05)
(5.5259911211489e-06 -2.1361190995918e-06 -8.2686959358724e-06)
(9.4602857131203e-06 -3.6144090856675e-06 -1.5731953753758e-05)
(1.1624666151847e-05 -3.8573024544385e-06 -1.5278842284554e-05)
(-8.063086347503e-06 -2.5280569555928e-06 -4.134587523958e-06)
(-1.8037563174335e-05 -8.7336449585232e-06 -8.8649321216059e-06)
(-2.1378931941253e-05 -3.9129083555494e-06 -7.9255817773471e-06)
(-9.4039702974243e-06 7.3388991362705e-07 -4.1211274616734e-06)
(-3.6917523219008e-06 1.4174559858332e-06 -1.9509631201854e-06)
(-5.7157031827623e-06 2.0915303149857e-07 -3.4521949817502e-06)
(-9.0054706527124e-06 -7.459130283488e-06 -5.2124739007134e-06)
(-7.2756336593671e-06 -3.3682735532409e-06 -4.7640894561699e-06)
(-1.0539972556934e-05 -3.9387653345501e-06 -4.0979905273923e-06)
(-1.0628541848619e-06 1.9393006332635e-06 -1.3644695476491e-06)
(9.6822771364332e-07 1.6836362580658e-06 -1.2279819931001e-06)
(-1.0828527610219e-06 6.9758331813794e-07 -9.523169321019e-07)
(-1.9297252943309e-06 5.2062755195232e-06 -3.1649073858714e-06)
(-1.3285694762499e-06 3.0991913113012e-06 -1.4466283254129e-06)
(-1.7404824656924e-06 -2.7890142884247e-06 -1.1536331755903e-06)
(-2.5906781463175e-07 -6.4237679432247e-06 -1.7851834629002e-06)
(6.5178933103022e-07 -2.2347558559873e-06 -1.1970430558145e-06)
(-7.2376031041662e-06 -3.7957303546782e-06 -2.0368052339894e-06)
(-2.9450240337024e-06 5.6167840428368e-07 -1.1098932899053e-06)
(-2.092570800559e-06 -4.6899839019222e-06 -1.1422730085621e-06)
(4.2366054864539e-06 1.0786616294376e-05 -5.4959846877385e-06)
(1.421432076281e-06 7.9862450198544e-06 -5.1414244289633e-06)
(1.0681037920038e-05 1.4503530392842e-05 -9.1609870145309e-06)
(6.2808308728578e-07 -1.9253069827013e-05 -4.508143782517e-06)
(4.2178923513295e-06 -3.9199369967586e-05 -8.6113391436551e-06)
(7.8430903633712e-06 -2.7747598007719e-05 -4.6940987681295e-06)
(6.2200740954495e-06 1.0105678002213e-05 -7.7374433840481e-06)
(1.6410498620737e-05 2.3518985801648e-05 -1.7649866876122e-05)
(1.2737752190265e-05 1.9466516011825e-05 -1.9583927205575e-05)
(3.2136888842862e-07 6.1816447015568e-07 -7.2163547280426e-07)
(1.531937026589e-06 9.0895639391847e-07 -1.7389783891982e-06)
(-1.3605200193005e-08 1.1495599437316e-07 -3.6160325591782e-07)
(6.0167083676635e-08 1.3522014289074e-07 -5.0037887130286e-07)
(-1.8003646856687e-08 4.4041503118525e-08 -1.1397241966232e-07)
(-3.1947137316311e-08 1.3882955149443e-07 -4.2095420406764e-07)
(-1.5477445600051e-07 1.1601884541684e-07 -7.0328277574651e-07)
(-1.2692741512999e-07 4.2600288659715e-08 -4.1020400575125e-07)
(-1.9921852908275e-07 1.5913904693942e-07 -9.1048181867333e-07)
(-3.9531189735578e-08 2.013510553159e-08 -9.9877141711179e-08)
(-4.5037207566129e-08 2.3354653624862e-08 -1.053400882273e-07)
(-6.5321504494394e-08 8.6721202605182e-08 -2.796396986512e-07)
(8.2876697371838e-06 7.3756585882939e-06 -1.047386225169e-05)
(1.3228231878544e-05 8.345012417474e-06 -1.8218228064821e-05)
(6.1670563571859e-06 5.4124519822245e-06 -9.8857274639318e-06)
(2.8602703194972e-06 1.0532773209524e-06 -3.5162307781936e-06)
(5.9910179241404e-06 3.1775892878587e-06 -9.0340795558186e-06)
(3.8720698436633e-06 1.0928779307131e-06 -5.4881222249834e-06)
(1.1827877417359e-06 5.8920122007286e-07 -1.3367963423156e-06)
(1.3939744138902e-06 9.4768597884358e-08 -1.4103069405469e-06)
(1.4982303632668e-06 5.5217312028769e-07 -1.8004948952939e-06)
(5.9624078455875e-08 4.1328267823384e-08 -2.8424868816829e-07)
(1.838197330803e-07 8.2429719616013e-08 -1.3609653960581e-06)
(6.8562992297242e-08 2.2991522140515e-08 -2.6902917463328e-07)
(1.0875380842351e-07 7.100505548242e-08 -5.8038467302761e-07)
(1.9341678560835e-08 2.4525746017347e-08 -8.8573697886666e-08)
(3.4496900727118e-09 2.2704944678338e-08 -5.1284363048956e-08)
(2.3568894412468e-08 4.9832042830417e-08 -1.7939643649782e-07)
(5.2914725519439e-08 7.1749187563497e-08 -3.8115814670736e-07)
(1.7150204829745e-07 2.6132488778558e-07 -2.2827056867306e-06)
(9.7419867503776e-08 1.1434053639782e-07 -7.2970278912755e-07)
(2.6649630402193e-08 1.5482742796367e-08 -7.9262011649494e-08)
(2.676980573845e-08 4.7933264706717e-10 -6.7801095159751e-08)
(2.9103311437436e-08 1.223682029831e-08 -9.3235417471252e-08)
(3.9987692386256e-08 3.5320808511993e-08 -2.2385830425465e-07)
(4.0949905418069e-07 -4.8468518274034e-06 -3.2926977293335e-06)
(1.75089461736e-06 -1.3828276019586e-05 -9.5500663345816e-06)
(3.4328695627349e-07 -3.5968930353339e-06 -2.9377319340682e-06)
(-3.317460830605e-06 -1.5747557797341e-05 -9.6837432938437e-06)
(-2.520822213095e-06 -4.0251585936091e-05 -2.2371289839123e-05)
(-2.0361055365304e-06 -8.2562558634468e-06 -4.6139569966177e-06)
(-7.8161634780613e-07 -2.8771773258809e-06 -1.8237020587644e-06)
(1.656580914557e-06 -3.4386322521138e-06 -4.0400196570484e-06)
(6.0080575088742e-06 -8.3585112106786e-06 -1.0527931611222e-05)
(-7.0890373748873e-07 -4.2946115039007e-06 -4.0875159181505e-06)
(2.6584325495877e-07 -1.1694257372633e-06 -9.7425707684686e-07)
(1.0175415192319e-06 -1.639958671245e-06 -1.6843458353395e-06)
(1.1349900607603e-06 -1.3380565889346e-06 -1.7306257514041e-06)
(1.5049715013518e-06 -7.6568396601623e-06 -7.4276374289592e-06)
(3.7693484560534e-06 -2.4383339591495e-05 -2.0228068800353e-05)
(2.5909441303594e-06 -5.6165334057099e-06 -5.0841547005575e-06)
(1.8504955643467e-07 -3.870814023075e-07 -5.0801703465763e-07)
(1.70039401108e-07 -6.3579147368158e-07 -6.5712264384868e-07)
(-1.2092307974382e-07 1.0515769649227e-07 -3.6628313526068e-07)
(-4.0685889022372e-07 1.6143493216731e-07 -7.0665653294865e-07)
(-3.4906073645232e-07 -3.3532512000689e-07 -5.4761275936739e-07)
(-1.138666009853e-06 -5.6219786724098e-07 -1.2840221921818e-06)
(-4.4540227427624e-07 -1.2652861687643e-06 -1.2892004559724e-06)
(4.5375823055777e-07 -5.8563565285092e-07 -7.2218596998787e-07)
(1.2143952147657e-06 -6.2606540369714e-07 -1.4261394801739e-06)
(2.1958400494772e-08 -2.8696632855367e-07 -3.5835944755997e-07)
(2.6611224684755e-07 -1.4542176937933e-06 -1.54013132683e-06)
(3.6372166488094e-07 5.3838380431129e-08 -4.5636577790064e-07)
(2.4165116253278e-07 2.4145541575501e-08 -2.9087566274398e-07)
(4.0958206999223e-07 -3.7012862718642e-07 -5.8538225454919e-07)
(7.5554072628383e-07 -4.4493453824519e-07 -8.254687685174e-07)
(7.2698782043773e-06 -5.0345552001594e-06 -1.2561667790851e-05)
(6.5460705786571e-06 -4.2288816797887e-06 -1.2681330021087e-05)
(3.1593836860642e-06 -1.7240188784828e-06 -4.3664222942378e-06)
(2.5409764647774e-06 -1.2306683468308e-06 -3.6806003494326e-06)
(1.9752739136486e-06 -4.3160192276312e-07 -2.6522361031853e-06)
(3.2106966255222e-06 1.3255271136602e-07 -4.6791720554469e-06)
(2.8326716875921e-06 -7.9091033598084e-07 -4.5462455317139e-06)
(1.14388245788e-06 -9.636480595404e-07 -1.8212929327812e-06)
(1.5685905631944e-06 1.7815813728066e-07 -1.9197478174203e-06)
(2.6278347325606e-06 -1.5422586671608e-06 -4.4336859556632e-06)
(1.0938212192893e-06 -4.3664238498589e-07 -1.542291490082e-06)
(3.9537796069034e-06 -8.9949188193466e-07 -7.210179721769e-06)
(1.7709145416773e-06 -4.3461257610251e-07 -2.9359802395258e-06)
(3.1943245483227e-06 -1.4769741006131e-06 -6.1564939216638e-06)
(3.6849337292912e-06 1.253667974961e-07 -6.1725788863587e-06)
(6.004647992721e-06 -2.4172079644518e-06 -1.2422670461776e-05)
(6.1632635934646e-06 -2.3063009339595e-06 -1.143127128953e-05)
(2.8619818050633e-06 -7.7145861353974e-07 -5.8603325246316e-06)
(5.1321275574811e-06 -6.3556984499678e-07 -8.7790731623133e-06)
(-3.2122264214661e-06 -1.1772821663488e-06 -4.3272400572063e-06)
(-6.8446827337808e-06 -1.3942193691704e-06 -1.0096983814688e-05)
(-3.2851111589767e-06 -1.086655747946e-06 -4.8541011434437e-06)
(-8.9147305710291e-07 1.5107506770034e-07 -9.6326182037486e-07)
(-2.3798335274675e-06 1.1480619676216e-07 -2.6211426627773e-06)
(-2.4782274424755e-06 -1.004791597947e-06 -2.9886437434537e-06)
(-3.0703481443397e-06 -1.0856047153541e-06 -3.2996923703663e-06)
(-3.0575952411557e-06 -3.289624650804e-06 -5.6753678774222e-06)
(-7.625286613728e-06 -8.899883139713e-06 -1.5625696154064e-05)
(-3.5220249569492e-06 -5.9231522750551e-06 -9.171536306027e-06)
(-9.8401868987978e-07 -2.8683172011189e-07 -1.1575507549684e-06)
(-2.0012385022528e-06 -3.8950888414683e-07 -2.7583706524053e-06)
(-2.6173708906259e-06 -1.514550078584e-06 -4.3704143860358e-06)
(-1.2291889573229e-06 8.7763333218389e-08 -1.5414826394415e-06)
(-1.0869588244796e-06 -6.3403708204734e-08 -1.5509815492403e-06)
(-1.2803441519157e-06 -7.8428251197601e-07 -1.8582081878237e-06)
(-1.0609863296346e-06 -5.081784538452e-07 -1.5984964103981e-06)
(-3.469717775428e-07 -1.7657075766566e-07 -4.6991426491908e-07)
(-4.1446406854712e-08 -5.1296350215664e-08 -1.523537972898e-07)
(-1.2907819620803e-08 -4.0506510967615e-08 -9.051251841075e-08)
(-6.48295706658e-09 -9.2463405987601e-09 -2.5618608093117e-08)
(-1.1636153017133e-07 -7.9208640043484e-08 -4.4863949411641e-07)
(-2.0635888534727e-07 -2.6916174497797e-07 -1.5627894278093e-06)
(-1.1621613622042e-07 -8.3210652028373e-08 -4.082228232282e-07)
(-3.4591372685836e-08 -1.6414163581021e-08 -7.8177143868204e-08)
(-3.0154675905915e-08 -1.6009999631287e-08 -7.3414851786098e-08)
(-6.5467645376121e-08 -1.2413848718244e-07 -4.5788078791772e-07)
(-8.5683810182766e-08 -1.6961773483361e-07 -6.1686211087769e-07)
(-3.1580551574991e-08 -4.2678552649281e-08 -1.2620877216081e-07)
(-3.2480996908174e-08 -4.1456415576158e-08 -1.1101511276391e-07)
(-1.7273529559549e-08 -3.0699106427523e-08 -9.6517144978953e-08)
(-4.9893354469808e-09 -3.8745659288028e-08 -1.0865196393562e-07)
(1.0636733932986e-08 -1.6893155893037e-08 -5.2045540226649e-08)
(-3.2537383575585e-09 -1.8274280638128e-08 -4.2520355167294e-08)
(-6.4666516346444e-08 -5.2124274450471e-08 -3.597118029002e-07)
(-5.421001541384e-08 -8.9909831277615e-08 -4.8684704239385e-07)
(-1.0319074012619e-07 -6.31573201382e-08 -5.2069735684913e-07)
(-1.1930140073545e-08 -5.7082118394165e-09 -3.0581499018788e-08)
(-1.7656574647285e-08 -1.0642761225625e-07 -4.8823320838457e-07)
(-2.7529995647627e-08 -1.1609105853134e-07 -4.8084578919217e-07)
(-2.391696153774e-08 -3.4184391044144e-08 -1.17247085997e-07)
(-8.9322260745508e-09 -9.0874246716746e-09 -3.4998360111226e-08)
(-2.2910429763414e-09 -7.7743419602323e-09 -1.9715236249551e-08)
(3.072474626548e-09 -9.1255347320842e-09 -2.4721243672967e-08)
(-2.3044301550334e-08 -1.7350690475153e-08 -1.2124952896801e-07)
(-1.194419664641e-08 -5.2642692484206e-09 -3.5865730872091e-08)
(-4.2353557298482e-08 -4.6157391985415e-08 -3.530830422408e-07)
(-3.0809407427863e-08 -2.109831720304e-08 -1.5568741470604e-07)
(-4.6648648011568e-09 -2.9450299207569e-09 -1.1935301419642e-08)
(-8.1215349293307e-09 2.5244486985359e-09 -2.3068924278798e-08)
(-1.3447326589785e-08 -2.5203369833639e-08 -1.1193914614738e-07)
(-2.2676595246356e-08 -2.8560389593156e-08 -1.8005756373206e-07)
(-1.6936492677503e-08 -4.121566876997e-08 -1.725740548268e-07)
(-6.5637672700654e-09 -8.7091632819107e-09 -3.2881873766177e-08)
(-1.0031811652439e-08 -1.3906351243044e-08 -4.7923769650463e-08)
(-5.0970837189421e-07 5.5222466360913e-07 -8.0683782090194e-07)
(3.2272277657797e-08 3.9294218991675e-07 -4.463412557297e-07)
(7.2663076967931e-08 1.3767710755147e-06 -1.4756345553435e-06)
(-3.2952951715675e-08 2.9755185444617e-07 -3.6454474769915e-07)
(-2.265144711024e-07 9.8284062094894e-08 -3.5543237699913e-07)
(-5.3975392962011e-07 7.1945907382292e-07 -9.6030622785917e-07)
(-5.8091542708845e-07 -1.8510728029253e-06 -2.1505182613657e-06)
(3.933363046505e-07 -4.3295675773237e-06 -5.4071676606385e-06)
(2.9455579252505e-07 -1.915688971981e-06 -2.3040241395087e-06)
(-1.582678508881e-06 -5.1344918796156e-06 -6.8186372187158e-06)
(-1.1002595806884e-06 -8.1580441474693e-06 -1.1939427659786e-05)
(-7.2913220297934e-07 -3.6951122313915e-06 -5.1066534666376e-06)
(-7.0201444280496e-07 -3.0119034201839e-06 -3.3224204813385e-06)
(1.3934488800304e-07 -1.3741764020127e-06 -1.7449156247984e-06)
(6.5417980170477e-07 -1.2809440017049e-06 -1.7251950510546e-06)
(9.6903455217404e-08 -5.9823562369989e-07 -6.6053602678021e-07)
(2.5147574716528e-07 -1.612138272416e-06 -2.6603045955254e-06)
(-2.7702110312703e-07 -2.5131442328521e-06 -3.3847975843188e-06)
(-3.6137662322263e-07 -1.9146090236309e-06 -2.8948468993453e-06)
(-1.0801958810586e-07 -1.9796256083224e-07 -2.8317374121984e-07)
(1.207126955531e-07 -1.7663298730299e-07 -2.6088938512093e-07)
(5.3118238241417e-08 -1.2818335849788e-07 -2.2241908517274e-07)
(-1.735445781198e-07 3.9200010444747e-08 -2.4729702839011e-07)
(1.2320142415108e-06 2.512867609723e-06 -3.2023268397427e-06)
(1.8157373868308e-06 2.5942550265791e-06 -4.127393001228e-06)
(-6.0819083632567e-07 2.9353131870557e-06 -3.6515462313822e-06)
(5.6135777412345e-07 2.2709643052233e-06 -2.8835731870902e-06)
(1.8688752924033e-06 4.9111021718962e-06 -6.7201704536361e-06)
(1.6100382197432e-06 4.9627839423249e-06 -7.7142579317767e-06)
(1.4680897714752e-06 3.1282069700446e-06 -3.717066589407e-06)
(1.7529971805622e-06 3.7309002654291e-06 -3.8045942682537e-06)
(2.8466265508355e-07 2.2134604934836e-07 -3.8430431260441e-07)
(7.4615143459499e-07 3.4158763937425e-07 -9.0846988104592e-07)
(5.8878148015092e-07 2.9362149324592e-07 -7.7737387124455e-07)
(5.453779268993e-07 8.9238075081959e-07 -1.2423681095917e-06)
(5.1473112054988e-07 1.0639822499674e-06 -1.6718327549284e-06)
(2.8720583565123e-07 3.6441115598349e-07 -5.494387761906e-07)
(3.3078928615335e-07 3.4773180636658e-07 -5.058978575204e-07)
(1.1960672959992e-06 -5.1872406308584e-06 -8.3996562019314e-06)
(3.2724786301591e-07 -8.0860662512781e-06 -1.3628417721471e-05)
(8.8825756377444e-07 -3.1490825392738e-06 -4.4880381031433e-06)
(1.9889867152281e-06 -2.6760261054004e-06 -4.6878402586062e-06)
(7.8994450971936e-07 -2.1029500181917e-06 -3.3026795565756e-06)
(2.1266468242809e-06 -9.4416936971047e-06 -1.5294984195189e-05)
(1.0017098277421e-06 -4.1466195287122e-06 -7.4215442632151e-06)
(1.97901641285e-06 -6.6067190153684e-06 -9.951277125404e-06)
(1.9634108608397e-07 -1.5042397037763e-07 -3.130959047208e-07)
(5.3894852114919e-07 -2.395314905831e-07 -8.2969293543978e-07)
(5.7978235335805e-07 9.6317804074503e-08 -7.7071482094153e-07)
(3.200421299355e-07 -2.1937354606917e-07 -6.0090432003023e-07)
(2.3344404240673e-07 9.2985804379785e-08 -3.122519707111e-07)
(4.2575916167019e-07 -5.9854766234759e-07 -9.5202095432341e-07)
(7.8887405242306e-08 -1.0307629629058e-07 -2.0172529747967e-07)
(1.7164979169626e-08 -1.3149631140667e-08 -7.235935766383e-08)
(4.3101273375155e-08 -2.1639806562523e-08 -2.3340197513202e-07)
(9.8257142598708e-09 -1.2731734486757e-08 -4.889433782992e-08)
(6.484773003314e-09 -4.4660472789665e-09 -1.9123450626414e-08)
(1.2804868857027e-08 -3.5840777702192e-08 -1.711734837888e-07)
(1.3545880349677e-08 -1.7878912842283e-08 -7.7005211293784e-08)
(1.1567523628765e-08 5.0581845591269e-10 -3.2780062644099e-08)
(2.0649183046954e-08 -9.0039039734903e-09 -7.3657540106762e-08)
(3.0951635961645e-08 -2.8389129635068e-08 -2.0234793963059e-07)
(7.8741808499697e-08 -9.0095158185561e-08 -7.9751902580245e-07)
(1.4936399032624e-08 -1.0689518239866e-08 -6.3064283084583e-08)
(1.4225713445188e-08 -1.1685421074483e-08 -6.6371068748247e-08)
(4.3517439213135e-08 -2.9740748378248e-08 -2.4315231833298e-07)
(3.7855693675838e-08 -2.64041051766e-08 -1.7629995113046e-07)
(5.9472482827165e-06 3.2933843962701e-06 -1.0549485096352e-05)
(5.671692061062e-06 4.1050207288966e-06 -1.198779626189e-05)
(4.1542477591003e-06 5.5397915675169e-06 -1.0827467832209e-05)
(4.7393199665398e-06 6.0724443239453e-06 -1.3305775383824e-05)
(3.6355255591556e-06 3.1604803739281e-06 -6.7637018772326e-06)
(1.0969491532458e-06 4.1441592019953e-07 -1.9035557728756e-06)
(3.079617235581e-06 8.0792929481185e-07 -5.2510893339395e-06)
(2.2273622361755e-06 7.1345468677661e-07 -4.6106205599915e-06)
(1.3796521841772e-06 5.1901704312709e-07 -2.0482513457504e-06)
(4.4920911287902e-06 -7.2150654897278e-06 -1.4337985826436e-05)
(3.925182382892e-06 -4.4833836199288e-06 -9.4399783230893e-06)
(2.8383783343617e-06 -3.237802340074e-06 -7.6599044576409e-06)
(1.9659657395245e-06 -1.5350471996683e-06 -4.3065754692274e-06)
(4.1471428118177e-06 -2.7093418744427e-06 -9.8884289574827e-06)
(9.1843446742208e-07 -1.2019415054496e-06 -2.5731557843169e-06)
(1.4594886049908e-06 -8.824021619894e-07 -2.581019699183e-06)
(1.8642937871559e-06 -1.7126203092769e-06 -5.2937818403073e-06)
(7.6039297270629e-07 -1.5689338176104e-07 -1.6031073164615e-06)
(1.6182307414677e-06 -3.5984104625091e-07 -3.6451341520045e-06)
(1.1406105558873e-06 -1.8492241555942e-07 -3.2470076705035e-06)
(5.21213889042e-07 6.7113918215701e-08 -1.1268359531874e-06)
(8.0710742789132e-07 -1.6653069827988e-07 -1.4171314952706e-06)
(2.0582299501066e-06 -4.2167263213093e-07 -6.9141236910442e-06)
(1.333884515457e-06 -6.3976432392842e-07 -4.6553158570467e-06)
(2.4093888748169e-06 -9.2437674088813e-07 -9.6505904144002e-06)
(2.9891617564064e-06 -9.4440687989599e-07 -8.7650142447738e-06)
(1.4637198107511e-06 -2.6024315395435e-07 -6.2122367200811e-06)
(1.1831944854356e-06 5.5388448396661e-08 -4.6520769488177e-06)
(-7.5480214385144e-08 1.5640785569036e-07 -2.1852268450884e-07)
(3.8478477455879e-08 1.2267717333578e-07 -1.8959235217504e-07)
(5.0130511670353e-08 3.6770652262027e-07 -4.7292252881391e-07)
(2.3508798198019e-09 1.0815080112383e-07 -1.5463403044041e-07)
(-3.6984002763311e-07 9.8131852172511e-09 -4.8147409908379e-07)
(-2.1654316214107e-07 3.4050768422751e-07 -4.9090416116644e-07)
(-8.879066844449e-07 3.5831792679572e-07 -1.484554664741e-06)
(-1.8223603520798e-06 -8.4260601951502e-08 -3.0811965096216e-06)
(-2.5764121667635e-06 6.1407440740622e-07 -4.1113088597372e-06)
(-7.9954836426552e-07 1.812188345335e-08 -1.3805326149011e-06)
(-2.8589884456661e-08 4.5942823890662e-08 -1.782719528e-07)
(-1.016501033339e-08 2.2894506397171e-08 -6.1811595466276e-08)
(-9.447989189407e-09 5.3115420396505e-08 -1.6558125308693e-07)
(-3.7919939906608e-09 7.0004442425522e-09 -1.9065906337263e-08)
(-1.2670945070941e-08 4.1812994951794e-08 -1.2482520619638e-07)
(-7.9277055286584e-08 7.5696431800389e-08 -5.6759631888059e-07)
(-5.9791380762042e-08 2.992912391262e-08 -2.5691073598974e-07)
(-1.4152021239528e-07 1.2464443408729e-07 -1.0674193221627e-06)
(-1.9945120384882e-08 1.500633037864e-08 -6.799701776587e-08)
(-2.5087333314815e-08 2.2456969172094e-08 -9.2359474696409e-08)
(-5.079457972965e-08 6.873919247393e-08 -3.2185171905901e-07)
(-2.1959946406174e-09 4.4825466073346e-09 -1.3102782200314e-08)
(4.0893026939274e-11 4.9083783478158e-09 -1.0967863414504e-08)
(2.3968794072306e-09 7.0231441971144e-09 -2.1099357866935e-08)
(-3.3097274541473e-11 1.6184802500735e-09 -3.2870622369347e-09)
(-4.3955957799426e-11 7.7148627972013e-09 -2.0352610049059e-08)
(-1.1262680879112e-08 1.5898748441859e-08 -8.9993998349758e-08)
(-2.4610913233203e-08 1.4037582844794e-08 -1.5987239738876e-07)
(-6.7445395697313e-09 6.2891603073221e-09 -3.7108300103861e-08)
(-1.8146743721404e-08 4.2003534489875e-08 -3.0437109196832e-07)
(-5.5065178361413e-09 1.0952714221752e-08 -4.080045869207e-08)
(-1.6951006125613e-09 1.5814448484707e-09 -5.3552344965659e-09)
(-1.7823889107186e-09 3.2646497947776e-10 -5.0845834034051e-09)
(-1.3488173252719e-09 1.1630174010207e-09 -4.5718851232608e-09)
(-1.9784642651975e-09 3.308096053954e-09 -1.0476077210154e-08)
(-1.5619920293819e-09 4.1881325623632e-09 -1.2943010008707e-08)
(-7.2412399849298e-09 1.9774044622956e-08 -7.867184977671e-08)
(1.7385879550166e-07 8.6336345020433e-07 -1.3412806596564e-06)
(5.0010619039269e-07 1.9282880769769e-06 -3.270477896006e-06)
(1.8225259159193e-06 3.0812222214039e-06 -6.2177343555354e-06)
(8.3816977014683e-07 2.34823395713e-06 -4.8680229208936e-06)
(1.4466857687707e-07 1.4484952808126e-07 -3.0854635333597e-07)
(2.6837026097287e-08 2.3130202145883e-08 -9.458959281699e-08)
(1.3676027170482e-07 1.3430961420613e-08 -2.0074042825447e-07)
(8.4901648743556e-08 6.0390527622319e-08 -1.6486557075361e-07)
(1.0653296932095e-07 1.3507875706161e-07 -2.2998960558705e-07)
(1.3439030322857e-06 1.1703362802746e-06 -4.6022455789079e-06)
(3.6018894545419e-06 2.002456510628e-06 -1.1175045565775e-05)
(1.282065648344e-06 2.5221471185563e-07 -3.8878264034724e-06)
(1.5963510539692e-06 7.3456266089222e-07 -5.5666464794249e-06)
(8.4200322362316e-07 2.5607008708664e-07 -3.1085307140403e-06)
(2.8304185627921e-07 1.408430927024e-07 -6.6421431788338e-07)
(1.7672063850115e-07 2.1210878307033e-08 -2.9723176325495e-07)
(6.9355151270017e-07 4.765001749175e-07 -2.2557320311599e-06)
(5.7081782897914e-07 3.836847180319e-07 -2.1598121125526e-06)
(4.1486451623477e-07 4.6772160359228e-08 -9.8886914830957e-07)
(3.240227521753e-07 1.2751440798036e-07 -8.9203797107716e-07)
(-3.2785855064281e-06 -8.3203199800627e-07 -6.200057406801e-06)
(-1.7718192048699e-06 -7.4294896061967e-07 -3.1966516805319e-06)
(-6.4808346815867e-06 -5.9915883851682e-07 -1.2619170024147e-05)
(-3.9512045838804e-06 2.4338425483252e-08 -7.1972178952257e-06)
(-2.4543930530767e-06 9.6156348130667e-08 -5.3413034460031e-06)
(-3.7437430876668e-06 -8.674501634716e-07 -8.2983545375855e-06)
(2.6942656391992e-07 -3.1557213644898e-06 -6.4373672849139e-06)
(-1.8948106424751e-06 -7.1117110629294e-06 -1.4220275896108e-05)
(-1.3411960895431e-06 -4.0010456654575e-06 -6.9240388973098e-06)
(-2.2465689106195e-07 -1.6627829894668e-06 -3.1199982461979e-06)
(-5.1587686781476e-07 -6.3228288075342e-06 -1.242510910828e-05)
(-1.1139965831224e-06 -7.3318479862881e-06 -1.3047153808089e-05)
(-4.2858389244656e-07 -3.1673042440943e-06 -6.671834926039e-06)
(-4.4194317682694e-07 -4.2611470568882e-06 -6.7394874085151e-06)
(-4.6538917365318e-08 -6.3205032122988e-08 -1.4150296271631e-07)
(-2.2027801387181e-08 9.8236138556097e-09 -7.6032341201026e-08)
(-4.9633873516389e-08 -5.4706248744263e-08 -1.2398394141423e-07)
(2.9870692790056e-07 -1.1274750499447e-06 -2.3994843862557e-06)
(6.3703343007533e-07 -7.159670457912e-07 -1.9103740961756e-06)
(1.2521996828306e-06 -1.9211397606877e-06 -5.1142234235759e-06)
(8.6657094010003e-07 -8.5186065911005e-07 -3.2169920131032e-06)
(-1.4410740094764e-07 -7.3514271880963e-07 -1.4926091789132e-06)
(4.8981458337489e-08 -6.1399232719321e-07 -1.4570952203344e-06)
(1.835421608794e-07 -2.4632154831361e-07 -5.2674540471195e-07)
(8.4657570713541e-08 -1.4132861767527e-07 -2.7596290877752e-07)
(8.8609858874613e-07 -3.4758749548787e-06 -8.5986225735175e-06)
(2.5566539213222e-07 -4.9014103644525e-07 -1.238245854145e-06)
(1.5828222610656e-08 -3.754778712148e-08 -8.0446530350137e-08)
(2.4975696806944e-08 -1.6186523809112e-07 -3.0252271841198e-07)
(7.5222958415808e-08 2.3036459557718e-08 -1.2967534695487e-07)
(3.7567301154401e-08 -1.0023792595627e-09 -6.9803834087883e-08)
(1.0863170922402e-07 -1.6019090771215e-07 -3.7547696730548e-07)
(1.0342937403244e-07 -5.6653002553941e-08 -1.8695254615465e-07)
(1.3027361310541e-06 -8.9760481384938e-07 -6.4679313154603e-06)
(3.2621318137293e-07 -5.1840069246866e-07 -1.6894606458547e-06)
(2.5424978052006e-07 -3.5790444466886e-08 -6.7035971139066e-07)
(5.9708642069149e-07 -1.3509883500436e-07 -2.3305420874879e-06)
(5.1455947450438e-07 -9.3514455247632e-08 -2.1944585810525e-06)
(2.6619715939027e-07 5.0739859083474e-08 -7.1913120789884e-07)
(2.6941935976679e-07 2.6467134876996e-08 -8.446854703837e-07)
(2.6452720330307e-07 -7.6658857742027e-08 -8.9453119169909e-07)
(-6.5404732604627e-07 -1.9821020048954e-07 -2.2675681572854e-06)
(-2.7752664796157e-07 1.0501743700173e-08 -6.0393957658258e-07)
(-1.1724431979902e-07 -1.2186657304137e-08 -2.0281992543254e-07)
(-8.7433961966624e-07 2.6284375616005e-07 -2.2471136449094e-06)
(-3.189899074435e-07 -2.9780200506974e-08 -8.3909753553552e-07)
(-4.2327967570925e-07 1.9038250618414e-09 -8.6103310021731e-07)
(-5.6652157232893e-07 -2.525121594255e-07 -1.4299433086908e-06)
(-5.9006635461414e-07 -2.5408045242137e-07 -1.235839694218e-06)
(-7.6872969390065e-07 -7.2095853461794e-07 -3.402941148104e-06)
(-1.8634111059424e-06 -1.9546652878591e-06 -9.1067249445561e-06)
(-7.8884262395443e-07 -1.0722077736495e-06 -3.7746870684909e-06)
(-1.6998361777465e-07 -6.1776432149932e-08 -4.4444220265302e-07)
(-5.3964369751858e-07 -2.1733756049794e-07 -2.223264335393e-06)
(-1.7061971377668e-07 1.8040074267436e-08 -3.9405675443722e-07)
(-6.132376684117e-08 3.7552186476748e-10 -1.1112155671698e-07)
(-9.715929964321e-08 1.1831657917847e-09 -2.2387428657909e-07)
(-2.1757460145075e-07 -1.7014450939487e-07 -7.9429781670915e-07)
(-1.9252960461551e-07 -8.231945753711e-08 -6.1091314811813e-07)
(-3.4561717156609e-09 -4.48370498313e-09 -1.6486349796963e-08)
(2.0215822269088e-09 -2.9375794892941e-09 -8.7292326029818e-09)
(-1.6327721236428e-08 -1.1392406991815e-08 -1.0215092744544e-07)
(-2.3712785054079e-08 -2.6084621347177e-08 -2.096086578318e-07)
(-6.3284688033662e-09 -4.3049995172823e-09 -2.8854574757858e-08)
(-2.0313274466502e-08 -1.3706720591459e-08 -1.2566318558599e-07)
(-4.8309362556263e-09 -1.0986952777245e-08 -4.4991007896681e-08)
(-7.6662464606504e-09 -2.2940692614669e-08 -1.3234674611456e-07)
(-1.298229916371e-09 -2.6744115136186e-09 -8.4293971436333e-09)
(-4.5923502494917e-09 -5.4569228605895e-09 -2.1835024088701e-08)
(-1.9019937802448e-08 6.0495356934674e-08 -1.0225757542122e-07)
(2.1975316812706e-08 4.0991522879953e-08 -8.565781740536e-08)
(2.7723231400808e-08 1.4099650836472e-07 -2.3616501436388e-07)
(4.3249526037319e-09 2.2982251405718e-08 -5.6131288118618e-08)
(-3.2235069878727e-08 6.586144107874e-09 -6.8084777977337e-08)
(-5.6614370355826e-08 6.4407894106834e-08 -1.4145990512847e-07)
(-5.8733833045192e-08 -2.4712968499303e-07 -5.4497400832532e-07)
(5.5465414574871e-08 -3.4216969988146e-07 -8.099130204403e-07)
(1.4485526333661e-07 -9.073709877562e-07 -2.7680973316275e-06)
(5.7202817846166e-08 -4.1072955768417e-07 -1.2001102269948e-06)
(-1.2479440998847e-07 -7.2745630103858e-07 -2.2179311002374e-06)
(-2.5260194585399e-07 -1.9530708100803e-06 -7.5117959824392e-06)
(-1.2671046736302e-07 -5.4329752144917e-07 -1.9293746060319e-06)
(-1.7263449936013e-07 -5.3298606279558e-07 -1.30923033613e-06)
(7.2996672357477e-09 -2.4826465192389e-07 -6.7180359142587e-07)
(1.2113791711443e-07 -2.4439251443174e-07 -7.6675701406976e-07)
(2.631259084864e-08 -1.468071278129e-07 -3.9780887487754e-07)
(-1.1059809160625e-07 -2.0031170223933e-07 -6.0415478049827e-07)
(-2.1964821955999e-07 -4.3279073095294e-07 -1.8211083825883e-06)
(-4.534121192366e-08 -2.0514630142053e-07 -6.071328984897e-07)
(-2.6476171559563e-08 -6.7365875839972e-08 -1.4968660514821e-07)
(-5.6974292908099e-09 -2.2126473165152e-08 -4.430468576873e-08)
(3.1081894888917e-08 -2.5030653430057e-08 -7.5820921946598e-08)
(8.4168967072807e-09 8.0529509842033e-09 -4.2650455882033e-08)
(1.4784005457674e-08 -2.3300549626741e-08 -6.0599045212501e-08)
(-2.2113209155298e-08 7.9943824230665e-09 -5.3702536168417e-08)
(-1.2745424756046e-08 -1.9044583922602e-08 -4.4350726267841e-08)
(2.532742731907e-07 4.5024719186757e-07 -1.269497471622e-06)
(5.1470727908322e-07 5.923709629756e-07 -2.0948199255301e-06)
(8.6361768161461e-07 1.4423823654235e-06 -5.1467584191563e-06)
(9.4576835405101e-08 3.5229176385695e-07 -7.7378098632413e-07)
(-2.8667695398354e-08 3.8942164841383e-07 -8.9496567616933e-07)
(1.433732283049e-07 3.7597674807637e-07 -1.1023752564619e-06)
(3.6216924385308e-07 1.0403211226713e-06 -3.1313650034313e-06)
(4.3215694751184e-07 1.1797752423385e-06 -4.6212884310753e-06)
(1.3509947074789e-07 1.9023280601991e-07 -4.3832098532254e-07)
(2.9802900655076e-07 5.752601483354e-07 -1.4415816725016e-06)
(6.5061184025235e-08 5.3857768886362e-08 -1.6717234329568e-07)
(1.6998493322768e-07 8.0745639855407e-08 -4.3273508207531e-07)
(1.2908871945189e-08 5.8655425407564e-08 -1.2036887503771e-07)
(8.9497238709175e-08 1.7303862570796e-07 -5.3700230561876e-07)
(4.2936460212593e-08 2.6483993317413e-08 -1.1579946591236e-07)
(2.365151956669e-07 -1.0905620207461e-06 -5.2203875078702e-06)
(3.9862285196583e-07 -6.565195470719e-07 -3.0828661290459e-06)
(1.8981262577717e-07 -6.1292606404456e-07 -2.3852899833332e-06)
(1.3854951827641e-07 -4.4612354800698e-07 -1.8057539804081e-06)
(4.2251614278706e-07 -1.6198977816937e-06 -9.4004305465232e-06)
(1.5612307259197e-07 -9.7441884342297e-07 -5.7821391072645e-06)
(9.148828041531e-08 -2.0047005651007e-07 -7.0234275346754e-07)
(3.6734715294854e-08 -3.5125663524755e-07 -1.4404979081335e-06)
(2.5598740795054e-07 -3.2918222936764e-07 -1.6766199328632e-06)
(3.0056837503824e-09 -2.5644621709533e-08 -5.5725405732913e-08)
(7.06147948242e-09 1.2411973655995e-08 -4.7164546858674e-08)
(1.0083363740959e-08 -9.4981881737613e-09 -3.6807813757863e-08)
(3.4192429655552e-08 1.9600620098541e-09 -8.0270355611145e-08)
(1.1711883782907e-07 5.1701875337539e-09 -3.0468318852769e-07)
(5.5836039879021e-08 -2.8286420689279e-08 -1.3129333373645e-07)
(4.5577285452718e-09 -2.6615553830013e-08 -5.8024184314887e-08)
(3.6851786145008e-08 2.3372767997837e-08 -1.135022943685e-07)
(8.1315194463709e-08 1.5054144615808e-08 -2.5331396107341e-07)
(8.0170836087369e-08 -1.9053650276526e-08 -2.906864779176e-07)
(2.3166342580766e-08 -3.7662458774529e-08 -1.1535837890163e-07)
(2.9458335868418e-08 -2.3244006008855e-08 -1.0542560762764e-07)
(2.7947791831577e-09 -2.1279285453109e-09 -1.0225094152208e-08)
(7.3152365168896e-09 -4.6231485157401e-09 -3.9347456372389e-08)
(1.8627344047031e-08 -9.5558369892663e-09 -1.4513126036052e-07)
(1.1528893798891e-08 -1.2873907021201e-08 -1.03957757137e-07)
(7.1991072808532e-09 -4.0283233229318e-09 -3.3611393540176e-08)
(3.4888223733229e-10 -1.5485212983829e-09 -3.2237211626777e-09)
(6.5387047284919e-10 -8.0089400317923e-10 -2.0485697648925e-09)
(1.3366933061399e-09 -7.1929475656681e-10 -3.6632514028274e-09)
(1.8724692098104e-09 3.1346225720176e-10 -5.2219814356728e-09)
(2.2584010524924e-09 -3.9128033231396e-10 -6.0178013523163e-09)
(6.347471513448e-09 -7.4134506939354e-09 -4.0535138375119e-08)
(3.1657340987716e-09 -1.7385533055444e-09 -1.7307438520784e-08)
(6.3142347153704e-07 6.1766504720754e-07 -3.4983744977297e-06)
(1.0545280356253e-06 6.5633274660143e-07 -5.5696641647014e-06)
(9.991901999871e-07 1.4585401979784e-06 -7.9676667548465e-06)
(9.3699638973896e-07 1.2467730717985e-06 -9.2458010649559e-06)
(3.7317856952975e-07 3.2837402776173e-07 -2.0293130831371e-06)
(2.7775087660124e-07 9.6348746111395e-08 -1.0758936911971e-06)
(6.927513081368e-07 9.8259120341093e-08 -3.3625640087379e-06)
(6.673726036788e-07 3.2312863854215e-07 -3.7883776171621e-06)
(5.1127973362769e-07 1.2106616784901e-07 -2.796429556954e-06)
(2.0160650307727e-07 4.7618085951674e-08 -7.9635564756849e-07)
(3.7147680777727e-07 -4.9747210446243e-08 -2.7012269188665e-06)
(2.2451349342886e-07 -5.2037094856513e-08 -1.2957835397583e-06)
(3.3594660345552e-07 1.8147543659215e-08 -2.2334517060828e-06)
(4.7770409810795e-07 -1.8577876665143e-07 -4.5942344791107e-06)
(3.1438124368477e-07 -5.7493588659101e-08 -2.4841789158943e-06)
(-1.2295628708733e-08 3.2095973374826e-08 -7.4810253732103e-08)
(1.0606617201021e-08 2.7140304012749e-08 -7.3422502896348e-08)
(-1.8915046215525e-08 -1.676148560869e-09 -4.3836719069909e-08)
(-6.7131144167692e-09 7.2715544762108e-09 -3.0859969010794e-08)
(-1.1321632734973e-07 4.372088624434e-08 -3.2521807529555e-07)
(-2.9183211176578e-07 9.4010557534099e-08 -1.0300146492208e-06)
(1.5251456379209e-07 3.0372177602138e-07 -1.2624357900021e-06)
(2.7306034885704e-08 2.4184062169766e-07 -8.0215394998624e-07)
(1.616561309546e-07 7.5924537137912e-07 -3.9470425988453e-06)
(1.7740510578248e-07 4.3053237728297e-07 -2.2850544378768e-06)
(3.2486035976219e-07 2.5960689326824e-07 -2.1577456503875e-06)
(7.7382850826004e-07 4.2398891708591e-07 -6.1838682218462e-06)
(1.298075172562e-07 9.4637440854967e-08 -6.0575950428613e-07)
(5.2318483277429e-07 4.1832991873576e-07 -3.5507239388262e-06)
(9.5550120003532e-08 2.6941392601262e-08 -3.5517999595848e-07)
(1.8632166412009e-07 4.7459938484263e-08 -1.0126661924807e-06)
(2.4017379618875e-07 1.1185708832116e-07 -1.6745503491838e-06)
(1.5489168698782e-07 3.9803442673506e-08 -9.0613921569205e-07)
(3.6259458860866e-08 9.9084105919386e-09 -1.0155478243119e-07)
(1.5627837725788e-09 1.7285565205454e-09 -5.5811758695346e-09)
(2.9106104822945e-09 2.1716215816445e-09 -1.2697698020217e-08)
(1.0000954019883e-08 5.0320755909442e-09 -7.0919123364542e-08)
(1.883215266907e-09 1.035189678392e-09 -7.98345842053e-09)
(5.625052173021e-09 3.7307005632999e-09 -3.0500061913663e-08)
(1.5058430279049e-09 2.1795292428993e-09 -5.4213903914627e-09)
(1.1988688478205e-09 2.1885479194973e-09 -4.7271720987813e-09)
(7.8562149568419e-10 1.2567247219337e-09 -2.1721960002195e-09)
(7.8897589318155e-09 1.1279614879272e-08 -7.9030496195502e-08)
(4.2349210259029e-09 4.6163762260322e-09 -2.3053107730668e-08)
(6.9226038311177e-10 7.3444222230764e-10 -2.1315400188175e-09)
(6.6119582356446e-10 2.9051147412153e-10 -2.6071461762771e-09)
(7.2115991706301e-10 7.9333553085234e-10 -2.5884198417482e-09)
(1.3450107371946e-09 1.6663064342559e-09 -4.7855022671737e-09)
(1.3532296134189e-09 1.75965804215e-09 -5.1076436476735e-09)
(1.943774726695e-09 2.0288830520169e-09 -6.4960372742882e-09)
(3.8508740105262e-09 3.8154193463618e-09 -1.7728451034751e-08)
(5.3030007594429e-08 -9.8594124653448e-08 -3.4719540199887e-07)
(1.5055806662698e-08 -9.2669000056795e-08 -2.8679569482771e-07)
(-1.7426335430091e-08 -8.1832560217003e-08 -2.5382188023821e-07)
(1.2152574120138e-08 -1.0123623029974e-07 -3.5015295225612e-07)
(5.8946659422411e-08 -2.4087139364915e-07 -1.0786238031904e-06)
(1.4933759653556e-07 -2.6921076231429e-07 -1.5011024801513e-06)
(1.6975512768802e-07 -5.5291326726727e-07 -3.6510894478367e-06)
(7.7945583243765e-08 -2.32525424182e-07 -1.255341875075e-06)
(4.5412896647029e-08 -9.7838134555755e-08 -3.6744073307444e-07)
(1.0907498811898e-07 -1.3032331916708e-07 -7.4682094740518e-07)
(4.488674149498e-07 -8.1861267965489e-07 -6.5556913047186e-06)
(7.6330882233371e-07 -5.7573617206708e-07 -6.7917145464993e-06)
(4.3921021255203e-07 -4.9978892924176e-07 -3.8254530693349e-06)
(1.3904403875035e-07 -9.6232324445218e-08 -8.295910421595e-07)
(3.266714304275e-07 -2.2650880455919e-07 -3.7707845547855e-06)
(9.9064000993856e-08 -6.5515074999079e-08 -5.6185935192162e-07)
(2.2915887407446e-07 -2.8066175082664e-07 -2.497907913109e-06)
(1.4334761605143e-07 -1.5626779603069e-07 -1.3889363739056e-06)
(5.3367886969441e-08 -2.3417145858815e-08 -2.1692601672543e-07)
(1.4600136174582e-07 -4.343410119262e-08 -8.6293885757392e-07)
(1.2808630076878e-07 8.0171713950734e-09 -7.0679511470192e-07)
(3.7975609521203e-08 -1.8884932233652e-08 -1.2740843198202e-07)
(5.5452535536515e-08 3.3368273586116e-10 -2.0128903338001e-07)
(5.2202783433623e-08 4.3870515610744e-09 -2.1461246197015e-07)
(4.2059188864509e-08 -1.3429190076621e-08 -1.6310328518591e-07)
(8.3992971566371e-08 -3.0343768003352e-08 -3.4898882086977e-07)
(8.7382748384138e-08 -2.1764142798161e-08 -5.2817147508489e-07)
(1.3399733833911e-07 2.2487986517249e-08 -9.4524133313754e-07)
(1.3260327108816e-07 6.2206292901395e-09 -9.8476137840315e-07)
(2.4346474322602e-07 -9.3232224888797e-08 -2.9236711796772e-06)
(2.3438088901265e-07 -7.6811049035148e-08 -2.2836399467184e-06)
(-6.9591703184685e-08 -2.5945486093655e-08 -1.8377593417263e-07)
(-1.8294863095338e-07 -3.9967983100426e-08 -7.504519948743e-07)
(-2.506028088847e-07 -1.2564458142868e-07 -1.2857187937994e-06)
(-2.4770156239797e-07 -6.8852626139682e-08 -9.5903301705615e-07)
(-9.3492175758008e-08 -9.3254555571262e-10 -2.7924182738023e-07)
(-1.8409681823863e-08 8.6443423145119e-09 -5.3644941463157e-08)
(-8.9526583705727e-08 -6.8240610264588e-08 -3.6333830212202e-07)
(-8.9557153262661e-08 -3.4878767663614e-08 -3.3940227151102e-07)
(-1.9872825396401e-08 -1.5580791269537e-08 -6.196685787053e-08)
(-1.0568343800207e-07 -3.3284787661147e-08 -2.9149626778878e-07)
(7.7162671121134e-09 6.6247114812491e-09 -2.213153443132e-08)
(1.0395631340639e-08 -2.0249908746779e-10 -2.2025734011026e-08)
(8.1159440476538e-09 6.8743088986603e-09 -2.4777996669268e-08)
(2.4906088132828e-08 8.9894351905169e-09 -8.3679506445964e-08)
(1.4295892801095e-08 2.3310724422095e-08 -8.4323574923369e-08)
(3.2320830525755e-07 3.0222696402215e-07 -4.8247908397195e-06)
(2.214443973333e-07 2.9706695649943e-07 -3.6402927192349e-06)
(1.9651713640339e-07 2.5816453923515e-07 -3.4289112772824e-06)
(4.0586780013059e-08 5.0616648323318e-09 -1.6949301656469e-07)
(1.4496340127519e-07 7.2167199186593e-08 -1.2841910338357e-06)
(9.8720852767673e-08 2.9685534275e-08 -7.1572127654903e-07)
(1.4377889864709e-08 3.3906507266714e-11 -3.7399384659443e-08)
(5.4439389702496e-08 3.0469464774219e-08 -2.9977801854641e-07)
(6.9953066400738e-08 4.6681901288867e-08 -5.0941984724075e-07)
(3.4295440439767e-08 1.3842269946822e-08 -1.5834617134572e-07)
(-6.5502126526866e-09 6.4970670647567e-09 -2.9654271279387e-08)
(9.5311344033456e-09 1.0986422874585e-08 -3.4715480549601e-08)
(6.2622171643509e-09 3.0919995114623e-08 -7.6654250921215e-08)
(-2.616632238158e-09 -4.7650471369143e-09 -1.2442137237675e-08)
(1.7302821407578e-09 -3.2449936901255e-09 -8.7264303093946e-09)
(-3.0781117364926e-09 1.0827036763602e-09 -8.8361223782318e-09)
(-1.1929401656255e-08 1.7827347537743e-09 -3.0658216182807e-08)
(-2.6675293717468e-09 6.5529869620439e-10 -7.6306392786632e-09)
(-2.1870987152076e-09 -1.9422453809759e-09 -6.6887146806822e-09)
(-2.0569058783557e-09 -8.6146870386198e-09 -1.9206744381492e-08)
(-3.1043147347067e-08 -9.3898607676767e-09 -1.022307816596e-07)
(-5.0668026022655e-08 -2.7961965575143e-08 -2.5435776352091e-07)
(-8.6347824974833e-08 -2.4074884139162e-08 -4.0208444392107e-07)
(-4.7593617509024e-08 6.3483891242407e-09 -1.7269733459375e-07)
(-2.6583194475801e-08 3.3792782154885e-10 -8.5850304181282e-08)
(-1.9101241892062e-08 -6.6057183237269e-09 -6.2069305883938e-08)
(2.002559679291e-10 -9.6164002180576e-10 -3.7897395415614e-09)
(3.4493186976682e-10 -6.1122760086028e-10 -1.2794277791522e-09)
(2.6665061043665e-10 -3.2350064385403e-10 -8.3441177375023e-10)
(5.6370181847051e-10 -1.5713126916161e-09 -3.9908146258229e-09)
(3.0352262206629e-10 -8.7601671636836e-10 -1.9584364709346e-09)
(-1.4408723733349e-09 -1.7423181320279e-09 -1.536332642477e-08)
(-5.9950469353881e-11 -4.0279526814022e-10 -3.4208725990404e-09)
(2.8114043500233e-10 -2.3321411817543e-10 -8.7434790663364e-10)
(2.9980410008747e-10 7.5064296035648e-11 -7.0374962799542e-10)
(1.0464143489404e-10 -7.188122488863e-10 -2.3915477310165e-09)
(2.4756905183631e-10 -1.8716762745336e-09 -5.9113539971883e-09)
(3.6155192467491e-10 -3.7146314409567e-09 -1.4655405861503e-08)
(1.763097860095e-10 -2.1487777253195e-09 -7.873954756903e-09)
(4.6189272392993e-10 -4.9478645607572e-10 -1.753624066469e-09)
(1.0298695062283e-10 -9.6387160185321e-10 -2.5251050754335e-09)
(6.8465563597304e-09 -4.6850132729042e-08 -1.5403086119202e-07)
(3.6435246918515e-08 -7.352347479178e-08 -3.2883894897896e-07)
(8.8720788499085e-09 -3.9671596390061e-08 -1.4016429129734e-07)
(-1.6241969855154e-08 -4.7125914264322e-08 -1.7398171539164e-07)
(-5.8865018058254e-09 -3.4031672976257e-08 -1.1281969184932e-07)
(4.0402086979185e-08 7.978208981092e-08 -3.109225148136e-07)
(1.1123273383589e-08 6.4280684454476e-08 -1.9867515274199e-07)
(-2.4433259606271e-08 1.0424596932372e-07 -4.0740572901735e-07)
(1.5551606747881e-08 6.6443854075602e-08 -2.2452536287539e-07)
(7.9355689618233e-08 2.1641957866435e-07 -1.3114752556864e-06)
(5.070226536481e-08 1.3689505300114e-07 -8.0036608026912e-07)
(5.4228290223167e-08 -1.973742730343e-07 -1.4468137213306e-06)
(3.9338014559226e-08 -3.3194359109379e-07 -3.5407654119454e-06)
(2.338505764382e-08 -2.3579236127008e-07 -1.5946418075633e-06)
(2.7437507149208e-08 -1.0811900397699e-07 -5.268722212772e-07)
(2.9623069835559e-08 -9.0813105036503e-08 -4.881094459162e-07)
(1.0919146078705e-07 -4.6679309893705e-07 -4.9375191757988e-06)
(3.3314926082152e-08 -1.972901601545e-07 -1.8511292026249e-06)
(8.6865514483849e-08 -1.8908904234235e-07 -1.7035938160753e-06)
(2.6955256113077e-08 -6.3639347687497e-08 -3.6148519816594e-07)
(2.3894720211681e-08 -4.7828604929392e-08 -1.9898298503583e-07)
(1.3534182123796e-08 -1.8038092071886e-08 -7.0208714504553e-08)
(4.8636455063112e-09 5.4501488433599e-10 -1.0735583701645e-08)
(3.8311721521311e-09 8.7267308004373e-10 -9.352763898809e-09)
(7.7638332633581e-09 -4.3916584524352e-09 -1.8747998532527e-08)
(6.0944727414823e-09 -3.5843497489799e-09 -1.7495370923083e-08)
(1.6653884385846e-09 -2.2572305074861e-09 -6.8062293594617e-09)
(3.4308108955949e-09 -1.0098279788307e-08 -2.8094775250537e-08)
(3.8058264612839e-09 1.1260935805939e-09 -9.8015714030932e-09)
(8.4869163341862e-09 7.0589762113674e-09 -3.1699630728503e-08)
(3.6682514502556e-09 1.8460440681129e-09 -1.1269055210325e-08)
(3.0279754439317e-09 -2.1442767817292e-09 -9.5915545895465e-09)
(1.2249844391036e-08 -3.4234450735103e-09 -4.2588034003959e-08)
(4.4514970918521e-09 -7.2413785089563e-09 -2.1063680917109e-08)
(3.3951026609365e-10 2.8913600153998e-12 -3.294371110291e-09)
(1.2096890644267e-09 -7.4584353336589e-11 -8.5491158534175e-09)
(3.3642486967712e-09 -7.4170983693484e-10 -2.3655341948538e-08)
(2.1952343870704e-09 -1.2103319654384e-09 -1.8057159848502e-08)
(7.7812795090922e-10 -4.2014812109866e-11 -5.5141801761891e-09)
(7.4913575497186e-11 1.0795358154458e-11 -8.5514503658459e-10)
(1.6781379249936e-10 -1.3250539847016e-10 -4.3507122749812e-10)
(-6.8932602453508e-12 1.0380297108077e-10 -2.3674406369792e-10)
(-2.5622593411382e-11 2.6315124625028e-10 -8.0753831311754e-10)
(1.8630563302548e-10 5.6132456079576e-10 -1.1640574670151e-09)
(7.9110646115619e-11 1.8415587518767e-10 -1.4808769510109e-09)
(1.1463842491515e-09 -9.1609402115422e-10 -8.5862696699439e-09)
(8.8948273127277e-10 -5.2736085308393e-10 -7.483461989786e-09)
(1.1300753891285e-10 2.8558326878767e-10 -1.9279138906593e-09)
(2.7027238035629e-10 2.2986131479108e-10 -2.6778926217509e-09)
(2.4373426884108e-10 -7.8917735785173e-11 -2.4552901401219e-09)
(6.5242715023437e-10 -3.5855142101972e-10 -4.3145954620767e-09)
(2.1173851704958e-10 8.308077259975e-10 -3.5674766940658e-09)
(2.1661938096173e-09 3.7958157594634e-10 -1.9983122752754e-08)
(4.7324793100455e-10 8.3716300321758e-10 -7.7511626396016e-09)
(4.9329667933551e-10 5.0451290608292e-10 -5.6085610646857e-09)
(2.8501115853657e-11 3.269412063766e-10 -4.0354159604894e-10)
(1.844998108902e-10 1.8916655518486e-10 -2.8935672891687e-10)
(7.9692201657247e-11 3.0453646730177e-10 -1.8019872209178e-10)
(4.0275517773924e-10 2.5099303373104e-10 -1.8636609181991e-09)
(8.2708211906948e-11 4.5418366825657e-10 -5.3460007428516e-10)
(1.4957953133446e-10 1.7495924584517e-10 -6.5337060480823e-10)
(4.4353798825072e-11 5.3970378817922e-10 -6.4412176617987e-10)
(3.2324224207345e-10 7.6271049682571e-10 -9.5636283900275e-10)
(9.3363248743629e-11 5.7285968249868e-10 -4.5119187292276e-10)
(2.8448611289842e-11 4.8197613597829e-10 -1.1058951578045e-09)
(3.5320547837576e-10 6.7666384047772e-10 -4.137674504194e-09)
(1.2043588788783e-10 8.6223817154684e-10 -2.0379259048563e-09)
(3.704596759679e-10 3.5266932287353e-10 -3.1671398892867e-09)
(2.3040180504087e-12 8.0031894105506e-10 -1.3781526239253e-09)
(6.8619469133302e-08 9.0542927046354e-09 -4.8799265959315e-07)
(1.3552273236394e-07 -5.4420954966593e-08 -1.5709887832393e-06)
(5.0737966610426e-08 -1.4266290922936e-08 -3.9277184313488e-07)
(-4.9958264867968e-09 6.7035738519537e-09 -2.1452459087335e-08)
(9.8403658371063e-10 4.0120326930731e-09 -1.0721354472304e-08)
(3.9075520481005e-09 1.7174587715423e-08 -5.0759445998381e-08)
(1.6363024561388e-09 4.633525633119e-09 -1.2729190132355e-08)
(-8.5402034460515e-09 3.4274874412269e-09 -2.3238187100114e-08)
(-2.0457402586249e-09 1.3396892576135e-09 -6.8147424680545e-09)
(-2.2313974891756e-09 3.3548588327593e-09 -1.0197726874765e-08)
(-5.3925089253204e-09 9.208903711491e-09 -2.8857579912222e-08)
(7.5376827282453e-10 1.3839496947494e-09 -2.70021406045e-09)
(5.7803749718645e-10 7.6539742100669e-10 -6.1696450874427e-10)
(7.440976295971e-10 1.2194369726629e-09 -1.1160520876802e-09)
(4.2150310326388e-10 2.7355467315683e-10 -2.4543923341621e-10)
(5.6268390735364e-10 8.4380315936721e-10 -8.7326049677352e-10)
(7.160201903584e-10 1.0690465559644e-09 -4.2174825231389e-09)
(4.6574286467574e-10 2.6374436440036e-09 -1.0985136034122e-08)
(5.9963331879605e-10 1.8076087490972e-09 -9.0453325458909e-09)
(9.5446253715925e-10 2.3978984287771e-09 -6.1206971112347e-09)
(1.2474746135015e-09 5.8116162916608e-09 -2.4896876669196e-08)
(9.0886858202881e-10 2.8900037890273e-09 -7.4423659667358e-09)
(6.6241420611006e-10 4.9044341940313e-10 -8.6957756231629e-10)
(7.4237175862395e-10 6.6583477476319e-10 -9.5807085181502e-10)
(8.415383697527e-10 1.2879031898152e-09 -2.6915791639022e-09)
(9.2112115477019e-10 1.3582085472748e-09 -2.6203363962436e-09)
(5.7834150952994e-10 1.5573160158943e-09 -3.6829744283747e-09)
(8.2997234077358e-10 9.3301556326871e-10 -9.3629729756941e-10)
(6.4055103441255e-10 3.7499912905469e-10 -4.1005281037158e-10)
(6.7952299253114e-10 8.8337361824914e-10 -6.5493427974137e-10)
(1.0948251299757e-09 1.3785473387403e-09 -3.756113397728e-09)
(1.0766733776269e-09 7.5244990628704e-10 -2.9600800592323e-09)
(1.05182219475e-09 1.2428523183589e-09 -4.3603966276676e-09)
(1.1391547031471e-09 1.7162946383258e-09 -3.8226114319851e-09)
(1.1078826876864e-09 1.4006228585121e-09 -2.9837425148241e-09)
(8.1639655488085e-10 6.4700744587083e-10 -9.9097218652946e-10)
(9.7874905658992e-10 1.2262242849614e-09 -2.281901720153e-09)
(3.1840856354105e-08 5.2755937821195e-08 -3.0227280127559e-07)
(9.0318919325179e-08 1.6224142969082e-07 -1.5805525843438e-06)
(5.5471889273658e-08 6.4582847903431e-08 -5.3107368133344e-07)
(4.8150718275983e-09 4.6794135818501e-08 -1.8811271920105e-07)
(8.3910903099935e-09 3.8269974399275e-08 -1.4028089860484e-07)
(2.4073919154909e-08 1.3864882729001e-07 -1.0171452303062e-06)
(1.09443149811e-08 2.7598022875025e-08 -1.2110595057843e-07)
(1.7981817287766e-07 1.0264184392913e-07 -2.2230882715952e-06)
(1.6340915273979e-07 1.0153515527518e-07 -2.2141936974908e-06)
(4.5348172871461e-08 3.9179336994731e-08 -4.1253233786699e-07)
(3.2204292618399e-08 1.4338035649408e-08 -1.9015621951052e-07)
(1.04446001302e-07 4.8807424838683e-08 -1.1482327850368e-06)
(4.2093648997608e-08 1.1606669567958e-08 -2.8497397469937e-07)
(1.3848039196426e-08 5.984190669804e-09 -5.7172406340331e-08)
(2.2750395328665e-08 2.1391072516343e-09 -9.900521782952e-08)
(1.4446705013105e-08 5.0218173375217e-09 -6.3918988361066e-08)
(-3.4026040418472e-09 -2.1313833015729e-08 -8.1110691780838e-08)
(1.8549029278393e-09 -1.9056888687159e-08 -6.8342449285949e-08)
(4.741073981219e-08 -6.6778701047915e-08 -5.4366364974667e-07)
(2.3870329980174e-08 -1.1500996649824e-07 -9.2259186891417e-07)
(1.6565774367917e-08 -4.4282376183568e-08 -2.5579451749309e-07)
(2.1327783443958e-08 -2.5956959570187e-08 -1.4692395923904e-07)
(2.6666861866771e-08 -2.2287804708399e-08 -1.7454053226433e-07)
(1.1286775874115e-07 -8.1284961390007e-08 -1.4740538755624e-06)
(2.327205765581e-08 -1.0286661592824e-08 -1.1488066302045e-07)
(2.8341508398657e-08 -1.5125610340334e-08 -1.7600171829437e-07)
(4.2951413278748e-08 -5.7794421833403e-08 -5.0033913503059e-07)
(3.8663236286313e-08 -3.7856880872032e-08 -3.8583640825789e-07)
(4.0920759379092e-08 -3.4761884178277e-08 -3.1221174726737e-07)
(1.2698488966139e-08 -4.4241168143841e-09 -5.6914109709203e-08)
(2.5946548184083e-08 9.5242084523815e-10 -1.4527268579237e-07)
(5.6815152035327e-09 -3.0050170994459e-09 -1.9917852867827e-08)
(7.6393265845754e-09 2.082557258198e-10 -2.528766866479e-08)
(8.2417771025934e-09 4.3720698092953e-10 -3.2122955820894e-08)
(1.5619946048788e-08 -2.8797041095052e-09 -6.357614391094e-08)
(1.9491597163937e-08 -4.9901013847047e-09 -1.2634694603765e-07)
(6.0136877282643e-08 -2.6011747437521e-08 -6.8461777689306e-07)
(2.9821324785037e-08 -6.4371123107632e-09 -2.4489597679306e-07)
(2.9749757366355e-08 1.368078394022e-09 -2.2268125871635e-07)
(4.6561423047246e-08 -7.2151304016324e-09 -3.7343654487557e-07)
(-1.0456117065383e-08 -3.8951508129712e-09 -3.3756777870516e-08)
(-2.6440534250369e-08 -1.0273282929699e-08 -1.2440217785798e-07)
(-7.8952452445716e-08 -1.6007384836672e-08 -5.7258377745917e-07)
(-2.8503376851665e-08 4.7070449357403e-10 -1.3487629470755e-07)
(-4.0826339695198e-08 -1.305251935447e-08 -2.6146574283479e-07)
(-3.7882406478695e-08 -1.2261009762485e-08 -1.8681996913338e-07)
(-5.6431810990185e-09 2.181800417439e-09 -1.6689490811502e-08)
(-2.0439891952808e-08 3.5716017681439e-09 -9.8569312388647e-08)
(-2.3509158294244e-08 2.3467173402085e-09 -8.385113538511e-08)
(-1.2575469956351e-08 -4.7088559564817e-09 -4.9673771276626e-08)
(2.6716360378368e-09 2.9665986714216e-09 -9.4625236905649e-09)
(5.2145339884007e-09 2.5169979788713e-09 -1.7167019105113e-08)
(4.6323437108801e-09 2.6176197016235e-09 -1.6633342902902e-08)
(9.4809019759911e-10 1.7970925288501e-09 -3.7747069247224e-09)
(7.9246094971429e-10 -4.8138944176566e-11 -2.2998396721289e-09)
(1.4372572922955e-09 1.7770184055588e-09 -4.9335870220007e-09)
(4.5226298757411e-09 8.3490579942534e-09 -3.1071802122791e-08)
(3.1519012237977e-09 4.5126083916239e-09 -1.5565892307453e-08)
(2.4618411728434e-09 2.4390642243315e-10 -5.8499340731506e-09)
(1.59942562489e-09 1.3254131613425e-09 -4.2045630191019e-09)
(9.6421499297668e-08 5.6868769368193e-08 -1.2059492298068e-06)
(5.2305458781774e-08 3.730707128057e-08 -5.7112492827822e-07)
(2.1149271305125e-08 2.6185237452102e-08 -1.8095566334936e-07)
(4.3726052292391e-08 6.6639521000935e-08 -6.8321218199629e-07)
(4.5200234351566e-08 5.7629643813167e-08 -6.8229845367929e-07)
(1.4495216342516e-08 1.3313500748634e-08 -1.0394007856391e-07)
(5.38560128609e-08 4.8360010064258e-08 -5.4504632432636e-07)
(9.5565558924074e-09 4.4966409651741e-09 -4.4741663750935e-08)
(2.1271622092867e-08 5.1381034821775e-09 -1.3813062510454e-07)
(2.9127283417217e-08 1.5436003374769e-08 -2.3605200649547e-07)
(1.7826255007614e-08 5.4435714221682e-09 -1.1905615135086e-07)
(5.3656033133098e-09 5.4230998121096e-10 -1.9272313713705e-08)
(5.691244918947e-09 2.1036089568897e-09 -2.3246310813485e-08)
(-8.2107204802195e-10 2.5221148152603e-09 -6.012753692787e-09)
(2.4991692849484e-09 3.7080071062987e-09 -1.134971187264e-08)
(4.5434971971236e-09 1.0907046669933e-08 -3.6035888200197e-08)
(-4.6179105106554e-09 2.6657873205839e-09 -1.5765812556583e-08)
(-6.0229617123662e-09 4.6223427023243e-09 -2.2647963339807e-08)
(-1.3172638101861e-09 3.440821213394e-09 -9.4242875908216e-09)
(-4.4158006587381e-11 -1.6083927166254e-09 -3.4279874947257e-09)
(5.9815557245752e-10 -1.1573065967805e-09 -2.5845588974629e-09)
(-1.4207059076565e-09 -1.543168561403e-09 -5.4317222433352e-09)
(-2.5125769452927e-10 2.4596075148223e-10 -1.7437496561834e-09)
(-3.8390746347376e-10 -6.4057359930963e-10 -2.082669952279e-09)
(-6.9225926816018e-10 -1.657571743715e-09 -4.4290072426847e-09)
(7.2478755790711e-10 2.507673633353e-11 -9.7148879521345e-10)
(5.2008037297045e-10 1.1246315258641e-11 -8.4586246985479e-10)
(9.4009593732533e-10 -6.4275689661002e-11 -2.1711972790739e-09)
(9.8004211792129e-10 -8.0258854680716e-10 -7.9519939696674e-09)
(9.2629902843212e-10 1.5176948440181e-10 -1.4048721155008e-09)
(8.9464996608705e-10 -1.5646319944309e-10 -4.1452438615483e-09)
(6.458489330169e-10 8.7459644277162e-11 -5.2689851870922e-10)
(1.0067135227257e-09 -3.7211104435165e-10 -3.3762183927934e-09)
(1.193916040431e-09 -1.9183595034681e-09 -1.7803382282176e-08)
(1.0428672859368e-09 -1.4415323978677e-10 -3.9298684496932e-09)
(8.597134548278e-10 1.6252875125237e-10 -1.3254359556066e-09)
(5.7998641242889e-10 -8.5019349712359e-11 -7.5069069113731e-10)
(1.4056397732774e-08 2.6111943948222e-08 -1.4069776617364e-07)
(1.6016523153135e-09 2.8119668046952e-08 -1.2788699232021e-07)
(5.9463588010794e-09 2.3321218969212e-08 -9.5941130544728e-08)
(1.5867928039142e-08 7.1925489184653e-08 -5.3001876825314e-07)
(1.2004669740844e-08 3.2496922305459e-08 -1.9826295013046e-07)
(5.5098134543884e-08 -8.8939919290934e-08 -1.0832997899648e-06)
(2.1108636553038e-08 -3.1675339845636e-08 -2.4857371702032e-07)
(5.8456029529994e-09 -6.2543943460089e-08 -4.6331310747772e-07)
(7.6325114216476e-09 -2.4719163848296e-08 -1.2529473978928e-07)
(4.8046402386705e-09 -1.2500202492393e-08 -5.7315409891714e-08)
(2.2307986789197e-08 -1.0467507387137e-07 -1.1268598247477e-06)
(2.2496024676315e-08 -1.4048548658895e-07 -1.6023223268045e-06)
(1.3252563266981e-08 -5.322647744508e-08 -4.6996258333666e-07)
(9.7194986472997e-10 -1.0425053967277e-09 -2.7298894098353e-09)
(9.5897288739457e-10 -2.7031863010154e-09 -6.4142019115772e-09)
(9.6115554277996e-10 1.4586531923351e-10 -1.9976699260833e-09)
(2.7182710988152e-09 -3.8932555412421e-09 -1.3001057053385e-08)
(2.1768377075842e-09 -1.5791261232856e-09 -6.5618995393748e-09)
(6.9525230201093e-08 -4.8914979051109e-08 -9.0251226937865e-07)
(4.3382515210411e-08 -3.4315142141057e-08 -5.3536765361855e-07)
(1.2602815762749e-08 -2.357167374205e-08 -1.5759471751648e-07)
(1.0866713721078e-08 -1.2379743084581e-08 -7.876729603054e-08)
(2.7184679758512e-08 -3.0803614256292e-08 -3.1098555480284e-07)
(4.2379445502004e-09 -9.8923175765469e-10 -1.8585212595843e-08)
(1.3874554607686e-08 -3.8506013538883e-09 -9.7452848158197e-08)
(5.8980441363616e-09 -1.1027808653608e-09 -3.2601304434903e-08)
(5.5059583962063e-09 -3.0332360617363e-09 -2.9735530064333e-08)
(-3.5953720878223e-09 -2.1277279962294e-09 -1.6164910707547e-08)
(-9.3805568161641e-09 -7.132149654941e-09 -6.1523059902957e-08)
(-1.2670515863014e-08 -5.2832316623057e-09 -7.4521349097497e-08)
(-3.9069328031267e-09 -8.6644895392331e-11 -1.600178130559e-08)
(-1.7211665949076e-09 -2.6939098222576e-10 -7.816355012076e-09)
(-6.2235909040977e-09 -5.3105697447636e-09 -3.4017990550262e-08)
(-2.5340210345139e-09 -2.4640701366488e-09 -1.420389520279e-08)
(-4.0800370268119e-09 -1.7729305183645e-09 -1.645375936968e-08)
(2.4305196535545e-10 1.1887024509266e-09 -2.0691376209835e-09)
(8.5494344289112e-10 1.1753133370157e-09 -2.3539303089115e-09)
(1.1921360207324e-09 2.7794766830489e-09 -5.947389624466e-09)
(5.4909601933932e-10 8.5966358529609e-10 -1.5484139559714e-09)
(-7.7126946303254e-10 8.2929086413206e-10 -3.280121892257e-09)
(3.0273202507601e-10 3.739543786996e-09 -8.8866349661266e-09)
(6.5008460601672e-11 2.7909711389123e-10 -1.11312783816e-09)
(-5.7836480207574e-11 5.9868375937499e-10 -1.8270286778286e-09)
(3.1112544680584e-10 1.755827677251e-09 -3.3810604269781e-09)
(7.010627193809e-10 5.1501970757277e-10 -4.0189361990775e-10)
(1.4760297086591e-09 6.5260836433479e-10 -2.090961758023e-09)
(1.5533277475018e-09 8.0511858604528e-10 -6.2854507591971e-09)
(1.7105109939958e-09 5.8911682246345e-10 -1.9987016524205e-09)
(1.3053202900367e-09 1.162333456317e-09 -4.4164014680607e-09)
(1.2721491093438e-09 9.1942257917752e-10 -2.1848471749948e-09)
(1.4924607234863e-09 1.2079033323522e-09 -5.5058717391801e-09)
(9.3924605186259e-10 7.9941426595709e-10 -9.0457034681139e-10)
(8.4620339382769e-10 3.8771780902109e-10 -4.8120293981577e-10)
(6.4652805399923e-10 3.8424637172748e-10 -3.4172004385982e-10)
(1.2819416782087e-09 -3.8598707432941e-09 -1.1831128131962e-08)
(-2.6084616761646e-09 -1.0865662591337e-08 -5.1669530270605e-08)
(-1.9879703983888e-09 -1.0458233762225e-08 -4.4649202328062e-08)
(-3.4239968940266e-11 -1.9571557972073e-09 -4.5024853733725e-09)
(7.2670023127827e-11 -4.2218110416323e-09 -1.3075359763379e-08)
(1.4941121206014e-10 -4.4506769649792e-10 -1.0724983702549e-09)
(2.8817490810574e-10 -2.5148436710158e-10 -7.0005642741797e-10)
(-3.6981295563076e-10 -1.9529703413711e-09 -6.1478983146697e-09)
(-1.7288760937906e-11 1.6140330189755e-11 -1.1435941974521e-09)
(2.0580749398729e-10 9.8181378848009e-11 -4.7072157464711e-10)
(2.0217742215921e-10 -3.4272045083584e-10 -8.1532187155112e-10)
(6.7271513562107e-09 1.2308264092163e-08 -5.9606619573403e-08)
(1.8354815609017e-08 3.2542826495662e-08 -2.6045689370069e-07)
(8.986805429289e-09 1.15712653215e-08 -6.9532884087844e-08)
(2.860799779765e-09 7.8193642004527e-09 -2.7304743408552e-08)
(7.1662797892157e-09 3.1668403522197e-08 -2.1028864983458e-07)
(2.8456252619817e-09 3.9235173366659e-09 -1.3095270155687e-08)
(3.3111964380834e-09 6.8789531859627e-09 -2.5249125921953e-08)
(1.0491042153969e-09 9.4488844406241e-10 -2.5577382941958e-09)
(2.0642244426496e-09 1.0600016430054e-09 -6.3192587338943e-09)
(3.4105611260612e-09 3.4377439540622e-09 -1.4460350473333e-08)
(2.1211224059221e-09 1.2488923809168e-09 -7.1657375999563e-09)
(1.5998609459899e-09 2.5564849661763e-09 -6.2273715016635e-09)
(1.2182432947292e-09 1.8765349344919e-09 -3.7792968420916e-09)
(6.0972655120388e-10 6.8728208331367e-11 -1.2840842705073e-09)
(2.8114176540481e-09 -4.7136143871757e-09 -1.920404976321e-08)
(1.892882001954e-09 -9.4049042865435e-09 -4.3383552982781e-08)
(5.0901200150173e-09 -1.3862652065341e-08 -7.2624837436562e-08)
(1.7183050929904e-09 -3.4713820524455e-09 -1.3184539803655e-08)
(3.9580266492408e-09 -4.1285769318693e-09 -2.5464982138502e-08)
(1.0517133972454e-09 -1.3293571073304e-09 -4.3368793327688e-09)
(1.3131447323536e-09 2.0105705976951e-11 -5.0884054588282e-09)
(1.2342134582035e-09 -3.3569004489559e-10 -6.1366581246941e-09)
(4.4415251205016e-10 -7.768127553623e-10 -1.7946365101506e-09)
(3.8421117846211e-10 2.1935024146411e-10 -8.649897252333e-10)
(1.8630239148989e-10 1.0263138445869e-10 -4.9222810408548e-10)
(2.7599593378204e-10 -8.7771446022638e-11 -1.2961709754284e-09)
(5.8709336256556e-10 -3.7383336083141e-10 -1.8419930399323e-09)
(1.0587228342935e-08 1.048517607389e-08 -7.5450851588308e-08)
(2.2151415338806e-08 1.5493371059295e-08 -1.9110269165839e-07)
(4.8674020856263e-08 4.8800613441007e-08 -7.2717747876429e-07)
(3.1696498548549e-08 2.3092582961734e-08 -3.5266375366374e-07)
(2.5015426870937e-08 3.8716811787199e-08 -4.0496032695115e-07)
(1.1614683499746e-08 1.0522952589599e-08 -8.9186656451372e-08)
(3.0635518888596e-09 1.0331427841085e-09 -1.3684357495808e-08)
(1.1863193468451e-08 2.868386044453e-09 -8.1758755205775e-08)
(1.9099876160715e-08 9.9187578164804e-09 -1.5772544440853e-07)
(5.662120160479e-09 1.3081866108305e-09 -3.2001621943162e-08)
(1.1422754731205e-09 9.1989272899229e-10 -3.5907402208622e-09)
(1.3310432896181e-09 6.5642787279002e-10 -1.0056412512526e-09)
(2.111297452445e-09 9.1475085560595e-10 -2.8212168826046e-09)
(8.9432004419375e-10 7.3608423787703e-10 -7.2468178356622e-10)
(1.6937592792797e-09 9.3361351522032e-10 -1.9644206325858e-09)
(7.1041562231429e-10 1.7658727597393e-10 -3.4585973296137e-10)
(6.5664048096215e-10 -6.3552724249153e-11 -2.951738770888e-10)
(1.113824160657e-09 8.6897352884029e-11 -6.8938834449775e-10)
(7.3058179243533e-10 -6.6134191221763e-11 -3.3568292667566e-10)
(1.3980656516116e-09 4.9148785142272e-10 -1.1687390881547e-09)
(1.9129508709215e-09 1.4637607461911e-09 -5.7304459664487e-09)
(4.1088507669306e-10 6.4857839562362e-10 -3.9283420205454e-10)
(5.8376372217458e-10 4.414199733007e-10 -3.8863330792983e-10)
(1.0579224154352e-09 3.6209642753262e-10 -6.4540082927982e-10)
(9.3281148177461e-10 1.091192158104e-10 -5.1623588550191e-10)
(1.1005370022799e-09 5.9836697573117e-10 -7.0627517918716e-10)
(1.2014281836628e-09 7.1335297084558e-10 -1.0318758539105e-09)
(8.2843357435462e-09 -6.144967748739e-09 -6.7516578650546e-08)
(2.7077168353435e-08 -2.0794735242146e-08 -3.2184949302808e-07)
(2.3142533500804e-08 -1.3906283712774e-08 -2.5177982565989e-07)
(2.3577667729171e-09 -2.4313556232331e-09 -1.4299556678318e-08)
(4.6759954795294e-09 -6.7921209242506e-09 -4.3755643390394e-08)
(4.9776271363127e-09 -2.4509949677296e-09 -3.4463985651074e-08)
(1.0917299177816e-08 -1.1615569985669e-08 -1.1325815641614e-07)
(1.1213663015844e-08 -1.2416940010203e-08 -1.1085416864427e-07)
(5.8896814242332e-09 -5.7208846006547e-09 -5.4892641149971e-08)
(1.0463107094751e-08 -2.215769587437e-09 -7.718433865578e-08)
(1.4679816532552e-09 -9.8707876214999e-10 -8.6797332557132e-09)
(1.852360659747e-09 4.4538511934333e-10 -9.1766178909718e-09)
(9.416099708298e-10 5.5515202181844e-10 -4.8591016125298e-09)
(9.3825436362257e-10 6.2731878931162e-11 -5.8752766245983e-09)
(3.2994773388866e-09 -1.1787097160251e-10 -1.9690564789677e-08)
(4.1569212704773e-09 -1.4244131264293e-09 -2.9217839129124e-08)
(1.3729908764168e-08 -5.0317928128254e-09 -1.2427074954289e-07)
(7.6655465140058e-09 -5.1884951182156e-10 -5.2666348117412e-08)
(6.534613890352e-09 1.372272249197e-09 -4.1292494546884e-08)
(3.7359666818722e-10 6.3086819624086e-10 -8.7546385647636e-10)
(4.6725192974041e-10 7.0650117009252e-10 -9.3024696404021e-10)
(1.2159883720964e-09 2.2543994907836e-09 -5.1428242430988e-09)
(2.4352291115772e-10 2.9230271588577e-10 -3.3700084262108e-10)
(1.4796004681644e-10 6.4735105206795e-10 -1.6837404189312e-09)
(6.2374452049867e-10 1.7932588789213e-09 -3.508580084888e-09)
(5.9632419416791e-10 1.5016780117364e-09 -2.7259194991064e-09)
(3.1548797419093e-10 3.8420540020172e-10 -5.2329648370622e-10)
(2.60779418937e-09 3.9369918065067e-09 -1.3854721164174e-08)
(1.7464945491209e-09 4.9551323879945e-09 -1.5776071717174e-08)
(4.4321731016705e-09 1.0096892244994e-08 -5.2397958147286e-08)
(8.4604961356481e-09 1.2584202122873e-08 -8.8967585080411e-08)
(3.6327629729605e-09 6.6716106702368e-09 -3.1127712286221e-08)
(9.6672536123625e-10 1.3394448866429e-09 -2.5270371913471e-09)
(2.7334888409024e-09 4.3650992085398e-09 -1.5405395768915e-08)
(2.0981758739521e-10 3.2124286574249e-10 -6.3818570413484e-10)
(3.4835130610856e-10 5.5045124776312e-10 -5.3826920754772e-10)
(3.9355104477213e-10 6.8708052290504e-10 -7.4384381670461e-10)
(1.2151464317007e-09 2.2002067600786e-09 -4.1532959736345e-09)
(5.3044641804627e-09 5.4337407778689e-09 -3.5426342153364e-08)
(1.173920993981e-08 8.6453927782003e-09 -9.1904667706269e-08)
(2.4561560275576e-09 3.2549039907087e-09 -1.2058978925719e-08)
(5.6736495225527e-09 5.4375181989871e-09 -3.6291028603934e-08)
(1.2440620440799e-09 1.289950053798e-09 -5.4235755439528e-09)
(3.3985834392068e-09 1.7273523978842e-09 -1.8345432795346e-08)
(8.1424742300505e-09 5.4717285970321e-09 -5.5579991255874e-08)
(4.6653162605995e-09 2.540358838881e-09 -2.7344825626241e-08)
(4.7096000519441e-10 8.0201022569433e-10 -1.6973259035377e-09)
(9.4605856383227e-11 3.2656382405711e-10 -1.0002347705616e-09)
(2.8001296537784e-09 2.6262016122608e-09 -1.4175642164962e-08)
(6.6293035992418e-10 6.169636387692e-10 -3.735476460233e-09)
(1.1874780430528e-09 1.2798594111772e-09 -5.1703700361275e-09)
(1.3778934029431e-09 1.1326815966098e-09 -6.2009938896959e-09)
(-3.5644031946406e-10 -7.4033080242502e-10 -4.244993065087e-09)
(-3.1082762155228e-09 -1.694794704914e-09 -2.0884209755386e-08)
(-5.2395794838153e-10 -1.4085455257311e-10 -4.5344185100882e-09)
(-6.189086957135e-11 2.4186659147488e-10 -3.6373734135638e-09)
(-1.6102744150357e-09 -2.5048606730417e-09 -1.4016905442198e-08)
(9.3858147813688e-10 3.6276721765745e-10 -9.7203904208521e-10)
(5.5002737313264e-10 4.1788234461384e-10 -4.6666713719611e-10)
(2.2324168382003e-10 4.5289893599942e-10 -2.1391436058057e-10)
(8.1479281674606e-10 6.7041113050834e-10 -9.9194025930679e-10)
(4.7899141245523e-10 2.5152280439368e-10 -4.0112440268618e-10)
(1.6282690124108e-09 6.3374576613578e-10 -2.2491356108633e-09)
(1.6966625950413e-09 8.4189646586825e-10 -1.5243349079274e-09)
(1.297005927437e-09 2.977177102651e-10 -2.7334148873579e-09)
(1.3775420133539e-09 6.369458115506e-10 -2.4757838625964e-09)
(1.235700330621e-09 9.2343190415309e-10 -1.4851636907456e-09)
(1.0828825022434e-09 3.6727525666216e-10 -2.284423019879e-09)
(9.8411836782941e-10 6.0899546689245e-10 -7.5836575462949e-10)
(9.8308105163784e-10 7.6099796225499e-10 -5.3361453145952e-10)
(7.6137784355333e-10 1.3409115730003e-09 -2.1568957637983e-10)
(4.7089546945226e-10 1.1201329993831e-09 -1.917237548222e-10)
(1.6100596881024e-10 1.4259035861813e-09 -1.7246633366574e-10)
(7.153816659316e-10 2.2610972275364e-09 -3.3726140811003e-10)
(1.4117947341455e-09 1.295239288089e-09 -3.9359150884724e-10)
(1.9083371993118e-09 1.5125560825048e-09 -7.6526893306208e-10)
(1.5352120455801e-09 1.5763323575977e-09 -3.7864066179222e-10)
(7.5688264273835e-10 2.6643555630957e-10 -1.4179961534253e-10)
(8.0567046850929e-10 7.8046923017315e-10 -2.0151129538119e-10)
(1.2568654051421e-09 2.1353267162527e-09 -4.4475285030303e-10)
(1.4249204882951e-09 2.8903682278822e-09 -8.7529312497792e-10)
(9.4037326581434e-10 2.219472795302e-09 -2.3423066484872e-10)
(1.0514189074182e-09 1.5784752962754e-09 -2.3396617770818e-10)
(1.4212597842269e-09 1.7526566836036e-09 -5.6934968072033e-10)
(9.4593437720716e-10 1.198870362013e-09 -3.5007506270961e-10)
(1.0858168788101e-09 -2.9231496580782e-09 -9.7321267955702e-09)
(6.6880741717343e-10 -1.4218071496167e-09 -4.0197277490452e-09)
(-3.6696726199444e-10 -3.2670853736062e-09 -1.3027778992234e-08)
(-8.576372094247e-11 -8.8300809699045e-09 -4.1990523414056e-08)
(4.8905363248896e-10 -2.7611303714765e-09 -8.0467583697177e-09)
(1.1505363393024e-10 -6.2735823726861e-11 -3.3857758684522e-10)
(2.7906347312783e-10 2.0585924838571e-10 -2.8936262064623e-10)
(2.4752081835832e-10 1.5082643149674e-10 -2.0204774111575e-10)
(2.7299760556518e-10 -1.234536260442e-10 -3.5854177529789e-10)
(5.5256572104207e-09 -1.5645136783469e-08 -1.1152411245122e-07)
(1.05601669014e-08 -1.7837380924126e-08 -1.5015021360224e-07)
(2.0409858020843e-09 -1.5115118782918e-08 -9.6588323994912e-08)
(2.5203410589153e-09 -6.1313028295934e-09 -2.9521912372494e-08)
(1.9323140031289e-09 -5.1881149127585e-09 -2.4818793276795e-08)
(6.9782436653031e-09 -3.8863959753823e-08 -3.6205626297732e-07)
(9.2870254429354e-09 -5.5975167913549e-08 -5.5024000091445e-07)
(3.6905479570543e-09 -1.6853539209914e-08 -1.284184211372e-07)
(8.1298827738353e-09 -2.3549114306419e-08 -1.808557290143e-07)
(2.1237880846142e-09 -2.0123166602374e-09 -1.5968457478568e-08)
(5.0164229510367e-10 -9.7819025609096e-10 -2.384789582537e-09)
(3.5942862878192e-10 -4.0891558452126e-10 -1.740281921224e-09)
(4.582724121717e-10 -6.8708488858345e-10 -2.4490184174809e-09)
(1.4922374329762e-09 -2.1606646425406e-09 -1.0513916858784e-08)
(1.4184288286043e-10 -4.8439335269927e-11 -2.4969961396599e-10)
(3.0668207073409e-10 -3.928762029286e-10 -8.700261026199e-10)
(9.023985012525e-11 2.203472920751e-10 -2.7729677124226e-10)
(7.2984092336287e-11 2.4812576311987e-10 -2.0538216172223e-10)
(9.9500239220376e-11 -1.1802800782772e-10 -8.9508023586677e-10)
(7.2066570762661e-11 4.1775396060381e-11 -7.2757672563637e-10)
(3.5117415423228e-11 1.6794579030458e-09 -5.5109133515316e-10)
(5.2993434692409e-10 1.4757488566175e-09 -2.1429022730229e-09)
(-4.5717252230116e-10 2.7219847790612e-09 -2.2324649920729e-09)
(3.3016443503659e-10 1.609005946164e-09 -1.1543038880521e-09)
(1.0948954428087e-10 1.1816653515605e-09 -3.4701928561113e-10)
(1.9738638328238e-10 6.7146874324875e-10 -1.6120588119733e-10)
(1.006855884379e-10 6.0905808252979e-10 -1.7472068527734e-10)
(4.6551760883106e-11 1.1403818888509e-09 -3.0012953536071e-10)
(2.0177702696774e-10 9.9979768843373e-10 -4.2703274080078e-10)
(2.4592817196334e-10 8.9288538151327e-10 -4.0357237650792e-10)
(-4.8315912698836e-10 3.10137762492e-09 -2.2842401524457e-09)
(-2.7367925307003e-10 2.6325038926256e-09 -1.1348468932361e-09)
(-5.0815583234248e-11 1.8577508188017e-09 -6.3661432153416e-10)
(-1.4126475371709e-10 1.8297831455784e-09 -5.5343919244941e-10)
(1.1576889340802e-10 1.5879136512973e-09 -6.3974208455097e-10)
(1.6918091183391e-10 1.236203227411e-09 -5.3261477333839e-10)
(-2.6359036649981e-10 1.1819489762971e-09 8.2175410510126e-11)
(2.9430957105351e-10 5.7067691387276e-10 -6.6529268938858e-11)
(-9.6353113371958e-12 9.0609607247545e-10 6.5918247873581e-11)
(-3.1198564871479e-10 1.3826639326272e-09 -3.3366362057726e-12)
(-2.2994018814167e-10 1.1170335097014e-09 6.7708826883219e-11)
(1.6111863907985e-11 9.5904376847302e-10 8.1990326447126e-11)
(-1.3470121129486e-10 6.1574998855306e-10 4.776044510356e-11)
(-1.2026738904458e-10 7.3104465147304e-10 9.0314666480205e-11)
(-1.9832524771405e-10 6.8179988421521e-10 3.881823956571e-11)
(1.2325989151936e-12 3.1067828469147e-10 4.0130708038089e-11)
(-2.7977983030019e-10 1.1004540260978e-09 -2.4103208719646e-11)
(-2.3966043251095e-10 1.4273795407294e-09 1.2396684826481e-10)
(-4.6810541969031e-11 1.4031112981012e-09 8.0187324820227e-11)
(-1.0242075306905e-10 1.039225625064e-09 1.3592521473671e-10)
(-2.2808853874718e-10 8.9718817231077e-10 1.0068886527187e-10)
(-4.5406889935863e-10 1.8843658672211e-09 -1.0289142682352e-10)
(1.9342998134487e-09 -9.868201073368e-10 -1.403507979066e-08)
(1.2907976376141e-08 -8.5114366149141e-09 -1.3142954986814e-07)
(8.52664304594e-09 -5.5595456437647e-09 -8.742066223123e-08)
(9.90304460326e-10 -9.8293765300705e-10 -7.0981902143963e-09)
(2.8459593035241e-09 -3.9947164066657e-09 -2.8187839254764e-08)
(4.7550087408688e-09 -4.5638678146575e-09 -4.8195075854419e-08)
(6.8950748188696e-09 -7.3058177890607e-09 -7.2569767701865e-08)
(2.8902151021065e-09 2.4618601561971e-10 -1.9355504589265e-08)
(1.6220612650703e-09 8.6786076170981e-10 -1.0335258198564e-08)
(7.6689968726417e-10 9.7235564530946e-10 -3.7623876630035e-09)
(8.2994158293617e-10 1.0645575156034e-09 -4.0916931901205e-09)
(4.9440220909959e-10 6.7890454782055e-10 -3.9760011533185e-09)
(6.6997823302713e-10 -1.3407299548251e-10 -2.184138256052e-09)
(5.1177493251842e-10 -1.457844605672e-10 -8.792085726277e-10)
(4.5228973301402e-10 1.9350717679464e-10 -4.1775795334478e-10)
(4.6012582506757e-10 -1.7987344497652e-10 -6.7849062048672e-10)
(-8.4572963456011e-10 -8.3764920946479e-10 -1.3476634883829e-08)
(5.6952594698696e-10 2.3580860912951e-10 -2.3931165428667e-09)
(8.4052679990154e-10 2.2965497504652e-10 -2.2175049343766e-09)
(4.1666749461475e-10 -8.148457685474e-10 -4.9713914677715e-09)
(-3.2404884836359e-10 -1.6558939708383e-09 -1.0595457163933e-08)
(6.8489620631028e-10 -3.5049723768854e-10 -2.7265495781216e-09)
(3.6839590749309e-10 -3.8624509987397e-10 -3.2581585091959e-09)
(3.8178257103499e-10 3.2114809151698e-10 -2.5535495659824e-10)
(2.7885424905673e-10 4.6009113927834e-10 -3.1880374135299e-10)
(6.2188225791582e-10 1.0557945704141e-09 -9.9948278915222e-10)
(5.9174560270432e-10 6.9354779795861e-10 -1.678899019916e-09)
(4.5988458246659e-10 4.2069372793033e-10 -1.0640643194132e-09)
(2.4901848298933e-10 7.526935093933e-11 -1.7509574405413e-10)
(4.2458935776315e-10 5.618916135455e-10 -5.6746126629458e-10)
(1.0876604988672e-09 -1.8542179583624e-10 -6.5932588433841e-10)
(6.7794184441026e-10 -1.5339637292803e-10 -3.1645081671704e-10)
(4.1645373470928e-10 5.4070103537083e-11 -1.6833369874901e-10)
(8.120722002399e-10 -5.8117237885678e-12 -4.3268531309405e-10)
(1.5173416365111e-09 -1.158654963459e-10 -1.7021017381512e-09)
(1.1315786982592e-09 -2.4406606417168e-10 -6.3091400126977e-09)
(1.6435314462992e-09 2.4882633857512e-10 -1.2982879898987e-09)
(1.3617152703913e-09 -4.2170968603671e-10 -2.2503899334191e-09)
(1.7694239086896e-09 1.1389718641838e-10 -2.5444526536586e-09)
(1.3093214677169e-09 -2.7108955301686e-10 -1.2268773812906e-09)
(1.3878835828876e-09 -2.7239642935913e-10 -3.1605592663734e-09)
(1.3592124218287e-09 7.5003043705469e-11 -1.4803268668182e-09)
(9.6305837686527e-10 8.2498741145084e-11 -4.7268124280603e-10)
(7.8983335996375e-10 2.933920446678e-10 -2.9413753391486e-10)
(5.4078949533684e-10 3.9276533913733e-11 -1.9475506264752e-10)
(1.1701413018884e-09 2.3674113355256e-10 -6.8027847879156e-10)
(8.7645724523897e-10 -2.1425891510538e-10 -4.2512005637536e-10)
(8.7361414309495e-10 -4.2871240886556e-10 -3.9286100486268e-10)
(1.244167865857e-09 7.4314286132992e-11 -9.8198824740722e-10)
(6.3024617475307e-10 -4.3076196330785e-10 2.9835394616042e-11)
(3.7276767098031e-10 -3.5836421385373e-10 6.430315645487e-11)
(2.9346236392531e-10 -4.3232909694919e-10 9.5173524754349e-11)
(3.0620674078394e-10 -9.7979094385678e-11 4.2936158477842e-11)
(4.3771611734009e-10 -5.3951186897384e-10 3.1839536925487e-11)
(6.2432292109418e-10 -2.5584495379342e-10 -1.3814386548116e-10)
(9.8187159490485e-10 -9.0186755997251e-11 -9.9024112485507e-11)
(5.3785287855094e-10 -1.3850647262286e-10 6.8157623185954e-12)
(9.1493554588632e-10 -4.4624849041879e-10 -2.3376440880781e-10)
(4.6751522739716e-10 -2.3542176891046e-10 1.0418593128995e-11)
(3.1258499224611e-10 7.2220629684341e-12 -2.824042036095e-10)
(6.5385762079563e-10 -6.1024445432664e-10 1.1128611503831e-11)
(6.0282790319264e-10 -1.484395312079e-10 2.2129998806759e-11)
(6.0040340283399e-10 1.9555223875863e-10 4.4393624195524e-11)
(5.7052440341339e-10 -1.6339020015956e-10 5.1241497516012e-11)
(7.7314490790951e-10 -2.4469894027798e-10 -4.1262361798967e-11)
(2.6955024152661e-10 -1.3200280338033e-10 8.8334808816772e-11)
(7.5563836896328e-10 -5.4695654205101e-10 -6.4066682858381e-11)
(7.6108869003453e-10 -1.589472881325e-09 -5.2110588421837e-09)
(5.5476435091425e-10 -8.0272617630487e-10 -2.5846458399964e-09)
(4.2858586551111e-10 -3.5774524998613e-09 -1.7031451778882e-08)
(3.5105769491704e-10 -1.8160975144375e-09 -7.1185017360961e-09)
(4.2709582253507e-10 -4.1940300384755e-10 -1.0775117637684e-09)
(4.2998687239916e-10 -4.0507445362474e-10 -1.0717471994323e-09)
(7.7573147082707e-10 -4.3922440347927e-09 -1.8509473231284e-08)
(7.8726139723135e-10 -1.6607708669985e-09 -7.1521638434779e-09)
(5.9546985705178e-10 -1.3330582023287e-09 -3.5405038010598e-09)
(3.2425756490157e-10 1.0327238302487e-11 -2.4249607562467e-10)
(1.0127004544275e-10 4.6094470326537e-11 -2.0510463205964e-10)
(1.88655756709e-10 2.7848258554047e-10 -1.3661635538186e-10)
(5.5061719850059e-10 -4.0895196690124e-11 -5.9535945111455e-10)
(4.2677451517881e-10 1.7550221828253e-10 -2.4769321625665e-10)
(2.9354956644882e-09 3.7400185667681e-09 -1.4210764257043e-08)
(6.1245514859608e-09 1.0001372191147e-08 -6.0568334681732e-08)
(4.0320606427178e-09 4.6812472361538e-09 -2.3344036454952e-08)
(2.5061483299084e-09 4.4640811744139e-09 -1.3662168502619e-08)
(1.0512060518775e-09 1.6547405642116e-09 -2.7636353758283e-09)
(1.7202065066435e-09 2.5045342192677e-09 -5.0159369306283e-09)
(3.0144406194353e-10 6.3222254516855e-10 -3.661869929741e-10)
(5.3745661037189e-10 9.5559013738117e-10 -1.4917876485014e-09)
(1.6088410216683e-09 2.0348050304703e-09 -5.0080552125976e-09)
(8.2506483485802e-10 1.3057874915687e-09 -1.4750826848733e-09)
(1.1271336066206e-09 1.6180641226283e-09 -2.018842292439e-09)
(8.3675446709572e-11 3.7468831383037e-10 -2.8149957178713e-10)
(4.0813282086097e-10 7.54808778132e-10 -5.5926089626892e-10)
(3.5238149176612e-10 6.9538622566062e-10 -5.4629800057769e-10)
(2.8267351496825e-09 -7.4474162751446e-09 -5.0179703533092e-08)
(1.8180963998202e-09 -1.8170193676715e-08 -1.5493021539789e-07)
(1.8626001441834e-09 -8.0830361968519e-09 -4.764518546446e-08)
(1.4324341322773e-09 -2.5658911757865e-09 -1.234238854543e-08)
(1.3663760546049e-09 -2.1442219980481e-09 -1.0952167464391e-08)
(4.7649866760285e-09 -1.7859860232764e-08 -1.6506478972542e-07)
(2.845220358816e-09 -6.4545091212068e-09 -4.7668682532399e-08)
(3.3512333576041e-09 -8.1597612352249e-09 -5.3834006991369e-08)
(3.3888867293975e-10 -2.5280970783542e-10 -1.8348070119123e-09)
(4.285181982399e-10 -3.7752872019082e-10 -1.4163579364154e-09)
(1.1142192303061e-09 -1.3394250917749e-09 -8.0037021292209e-09)
(6.432100102024e-10 -4.1593093921879e-10 -3.5783284719792e-09)
(9.4329320276926e-10 -2.7680906058596e-10 -8.155805857619e-09)
(1.78720911945e-10 3.4906046205088e-12 -8.1988093365583e-10)
(6.9747119131084e-10 -2.2734038443232e-10 -3.8552912022011e-09)
(5.6753503906755e-11 2.8006229603458e-10 -2.4069118001457e-10)
(1.5983082248805e-10 3.7747667656951e-10 -2.2034361026459e-10)
(2.3360765077388e-10 6.643240693566e-10 -9.5694301780199e-10)
(1.5924908708805e-11 2.3146425129682e-10 -3.5163198657513e-10)
(7.3645775064122e-09 5.8861381929934e-09 -5.4243572515321e-08)
(1.2443109069734e-08 1.3135935828589e-08 -1.3657918084298e-07)
(7.1179888970396e-09 9.7640290908795e-09 -8.1444660435922e-08)
(3.0466948541696e-09 3.3669121492242e-09 -1.529624802987e-08)
(1.3472624529601e-09 1.459019771965e-09 -5.5088402503896e-09)
(3.3848044830254e-09 1.6888796781311e-09 -1.996004063184e-08)
(5.596887257245e-09 3.7964039407492e-09 -3.7950713154615e-08)
(2.693055542432e-09 1.6587346893807e-09 -1.5281723831671e-08)
(9.8787410293363e-10 1.2292465729425e-09 -3.0888972287867e-09)
(5.8387325400969e-10 4.928883860313e-10 -7.1675630784827e-09)
(4.6247892232621e-09 -2.3499417066171e-09 -5.1973986625319e-08)
(1.3781795337155e-09 5.0713505467576e-10 -1.1785227357459e-08)
(2.632084744224e-09 -4.9618219729211e-10 -3.0753340073888e-08)
(1.4071616400913e-09 -4.2619486894909e-10 -1.828476161354e-08)
(1.8568813528077e-09 -1.039150082877e-09 -1.9905176605563e-08)
(1.4460721838953e-09 8.8925476747412e-10 -1.1114301816162e-08)
(5.394327049479e-10 1.1649046628218e-09 -2.9498664288984e-09)
(6.314990627111e-10 1.2230611285102e-09 -7.4602972681861e-09)
(1.61599802297e-09 1.0460114263231e-09 -9.5700915088423e-09)
(2.1441256709021e-09 -1.2682212692089e-10 -2.4752948368496e-08)
(1.0938580877005e-09 1.0215264392108e-09 -6.9144752601055e-09)
(1.3033564971727e-09 9.6283214299496e-10 -1.0877322974025e-08)
(5.2670394975195e-10 5.1346805839575e-10 -2.7362039520468e-10)
(3.7959648204601e-10 4.9285921935794e-10 -2.2196528207315e-10)
(7.1897647940665e-10 1.0763715224697e-09 -7.0137479264032e-10)
(3.3191012298881e-10 4.2094347682315e-10 -1.6234561036677e-10)
(4.7830922405881e-10 2.1336027621724e-10 -2.5691066760856e-10)
(6.0034913730867e-10 4.9251034760428e-10 -4.762181300823e-10)
(2.0733568419288e-09 2.7249967635286e-09 -5.9580394854826e-09)
(2.4719104732577e-09 2.8806437730669e-09 -9.6585791184587e-09)
(1.26415874711e-09 1.7642839509785e-09 -1.9937667172384e-09)
(1.096985232335e-09 1.6124165441069e-09 -2.2084081940677e-09)
(1.9699096224646e-09 3.1794361210744e-09 -7.7565854063473e-09)
(1.1092254712973e-09 1.731978222139e-09 -2.205772252612e-09)
(2.704899601226e-09 3.9354637442616e-09 -1.3997974014396e-08)
(1.0474244063304e-09 1.4293780416627e-09 -1.6257212393958e-09)
(1.4535095612625e-09 1.7736758687209e-09 -2.5835574590125e-09)
(5.9436261155326e-10 7.7238595821651e-10 -5.0951041931015e-10)
(6.5278161785802e-10 9.2548236590188e-10 -1.1393168190182e-09)
(1.3021536164135e-09 1.4389848207366e-09 -2.6257285936954e-09)
(4.4968494486049e-10 8.6099112793631e-10 -1.4441565439477e-09)
(4.3686017443474e-10 5.126350253009e-10 -2.1851035313351e-10)
(8.5864597540833e-10 1.0348454521137e-09 -7.9361042840849e-10)
(8.6894072724283e-10 9.3034991322003e-10 -7.8906813470924e-10)
(2.3894044496994e-10 4.8017495202047e-10 -2.5945437687354e-10)
(1.2821680450422e-10 3.9951735895249e-10 -2.4308593993255e-10)
(5.2555260250646e-10 6.0566241370989e-10 -3.0095647980264e-10)
(6.287750125717e-09 6.188884369878e-09 -5.6054591523597e-08)
(4.388404280288e-09 2.8704121048418e-09 -2.7622669348562e-08)
(2.1122435900395e-09 2.3192114613309e-09 -6.1884822141103e-09)
(3.6314077012079e-09 4.7365162532422e-09 -2.5968579365781e-08)
(1.7781810093397e-09 1.6464617082323e-09 -6.7128955935411e-09)
(1.9019767663108e-09 1.7981024011056e-09 -6.2128531671115e-09)
(1.1714179644518e-09 1.0720681552785e-09 -2.5311554660047e-09)
(1.2086231420087e-09 1.0746441936033e-09 -4.5331881133578e-09)
(2.0318662073998e-09 1.4221371523937e-09 -8.0160306781596e-09)
(7.8285151938282e-10 7.799408860897e-10 -7.7342658427856e-10)
(5.8932997596921e-10 8.6276321356747e-10 -1.1157416532545e-09)
(1.4044168449326e-09 1.0646983221303e-09 -2.8097467750716e-09)
(8.4341713725803e-10 8.2959770171296e-10 -1.1809595947714e-09)
(3.2678635585089e-10 4.9072514904796e-10 -1.3403937527271e-09)
(5.1156806499254e-10 2.3302402395954e-10 -1.1879768185976e-09)
(8.3348241485493e-10 1.1721574726444e-10 -4.0021720147707e-09)
(5.4012255124422e-10 6.1992888627761e-10 -4.3764995403849e-09)
(3.0745934039232e-10 6.9642480900925e-10 -1.4438056777748e-09)
(1.4207720440831e-10 1.3850954425129e-09 -3.4444124887119e-09)
(1.0116748756123e-09 -1.3489767331683e-09 -3.7197754017251e-08)
(7.8374236034986e-10 -1.3328292166962e-10 -1.7660442914017e-08)
(6.8317317079726e-10 5.5670312517199e-10 -1.2941613216587e-08)
(3.3312653755221e-10 1.1602892087737e-09 -1.2927773977861e-08)
(1.2028806613215e-10 5.0396759775557e-10 -2.235102126548e-08)
(2.130223155254e-09 -2.8975378382951e-09 -4.6223416097911e-08)
(7.6017358782419e-11 1.6237324996007e-09 -4.3232855428979e-09)
(1.2088577566311e-09 1.456374190124e-10 -2.4028684305246e-08)
(5.3142538575683e-10 1.0193702677325e-09 -1.3180499127413e-08)
(6.1486928534899e-11 1.4014631726327e-09 -1.5344138833965e-09)
(7.3473976220904e-11 1.8051517603001e-09 -5.0658759319701e-09)
(1.2281969403454e-10 1.2271061730021e-09 -1.6047261434082e-09)
(3.2492122743722e-10 1.2444717177818e-09 -1.3368264321635e-09)
(-9.1126519435101e-12 1.7323063834538e-09 -8.8072818911262e-09)
(4.6561964210028e-11 1.8067950657924e-09 -2.5374698604727e-09)
(1.920852332178e-10 4.8242568486806e-10 -2.1560587418905e-10)
(2.6334744683897e-10 8.043628524821e-10 -5.9737300280512e-10)
(2.5293662327162e-10 7.8617234622439e-10 -7.9603968248289e-10)
(2.1280259627807e-10 2.8813081189642e-10 -1.4510866854358e-10)
(4.6332716413595e-10 2.4069960899914e-10 -2.2943586822248e-10)
(3.6265515431409e-10 3.6888459093285e-10 -1.529876885118e-10)
(2.9347291555489e-10 3.7052386355338e-10 -3.1044170339996e-10)
(2.532314267301e-10 3.0471140401596e-10 -1.500469926438e-10)
(4.4468017061857e-10 5.8943611588941e-10 -3.4103921238347e-10)
(4.3807915055686e-10 4.5782897938301e-10 -2.5436585691054e-10)
(1.8187484762974e-10 5.0752056008926e-10 -2.044703435187e-10)
(5.3828175159153e-10 1.1070830727542e-09 -1.0340024249481e-09)
(7.8484239273471e-10 1.256283840378e-09 -3.0319075832682e-09)
(1.1754012056784e-09 9.9861560427723e-10 -2.4967273217126e-09)
(9.5271184312214e-10 1.2137541449318e-09 -2.7303660148863e-09)
(3.2663100273662e-10 7.7541409132239e-10 -4.2340360341849e-10)
(1.7125010206091e-10 1.1515286510493e-09 -6.0370619823492e-10)
(6.1308672532587e-10 7.20189660665e-10 -6.3409096097159e-10)
(4.0519665540873e-10 1.1605396392747e-09 -7.7282319771385e-10)
(1.5599864168547e-09 8.7064275474868e-10 -4.706871002178e-09)
(6.9379963283473e-10 1.4664049274986e-09 -3.0474934367911e-09)
(6.9860582760314e-10 8.8205453543381e-10 -8.125768295775e-09)
(1.39398557487e-09 8.9109000646094e-10 -3.9517055038935e-09)
(1.4276392815427e-09 8.7900115059292e-10 -2.3112658528475e-09)
(5.2693560149654e-10 8.985561642009e-11 -1.7259911704633e-08)
(9.6277807539114e-10 2.2837282815345e-10 -4.9918943661223e-09)
(1.0487551860466e-09 3.8851366591906e-10 -1.6244632957484e-09)
(6.6348924127225e-10 2.0248700858486e-10 -5.0847407030293e-10)
(8.9717527071467e-10 8.532173340939e-11 -1.3307435186441e-09)
(1.1699843691062e-09 -3.6389294399698e-10 -1.0166913820838e-08)
(1.303297882846e-09 -1.7784693230443e-09 -3.4612586880974e-08)
(1.2525399175746e-09 -1.2962352830083e-09 -1.7342442949181e-08)
(1.4594858511647e-09 -8.360461573958e-11 -7.6562349333475e-09)
(5.4926487876428e-10 4.2305901588905e-10 -2.8498446023095e-10)
(9.5982247734459e-10 7.1168119101601e-10 -8.8273965011695e-10)
(6.8087282902561e-10 5.3406436454023e-10 -4.5934478557353e-10)
(4.390981108863e-10 2.7307234396856e-10 -1.8045776092956e-10)
(2.6535624049644e-10 2.6839894231593e-10 -1.2311954647504e-10)
(8.8604743575939e-10 5.6199296535907e-10 -5.9230515449445e-10)
(6.7548326772069e-10 3.5144408065946e-10 -3.2859966766614e-10)
(2.981055905182e-10 4.2660058347782e-10 -2.0550053243605e-10)
(3.8836006710592e-10 2.453025458252e-10 -1.7638672731512e-10)
(3.658622417431e-09 3.2558654854529e-09 -2.1264718577434e-08)
(2.3689489630184e-09 1.4453578245235e-09 -6.5980841919444e-09)
(2.7047233164452e-09 3.1907355613913e-09 -1.4639707617993e-08)
(2.5387340257136e-09 2.8209312511599e-09 -1.4164554563727e-08)
(1.8778066000834e-09 1.3122733523098e-09 -3.7467145414001e-09)
(1.182934139437e-09 7.855025029251e-10 -1.1222382470324e-09)
(1.6829493848664e-09 8.2476925262017e-10 -2.0005644418356e-09)
(5.1014629784398e-10 6.9262730526086e-10 -4.6820929071774e-10)
(1.3083474109506e-09 1.2537741819236e-09 -2.0365598957631e-09)
(1.2483892862004e-09 1.1399174601437e-09 -1.9399987567608e-09)
(1.0473904020577e-09 1.0559814006212e-09 -1.2620516562433e-09)
(1.9137571618378e-09 2.6518189917246e-09 -8.737957606629e-09)
(7.0684060452427e-10 6.63537326379e-10 -4.6758547037968e-10)
(1.1503372248536e-09 9.1441695357427e-10 -1.28431906022e-09)
(4.6567656581366e-10 5.2878125759492e-10 -9.753801947571e-10)
(4.4557482726699e-10 8.283043187898e-10 -7.8449809550316e-10)
(1.0815371591728e-09 5.784586505243e-10 -3.5845780409831e-09)
(6.9316348455868e-10 2.5779758085475e-10 -1.2304705723359e-09)
(3.7281821606037e-10 1.424977928782e-09 -6.6635549974048e-09)
(1.8413878353515e-10 -2.7877149713539e-10 -2.7495708180451e-08)
(8.3180328709718e-10 7.5306262540223e-11 -1.1055484054234e-08)
(3.8106311523922e-10 1.1149415437827e-09 -2.1578101416723e-09)
(3.3382903525055e-10 1.6329581906136e-09 -7.0134098203539e-09)
(2.3190660862831e-10 1.4604607465607e-09 -8.0702128841941e-10)
(7.8312674588969e-11 1.9793411430944e-09 -1.6893434156292e-09)
(1.0150646603878e-10 1.8982670884349e-09 -9.8145083809834e-10)
(5.1755729561102e-10 1.020058909365e-09 -5.9604942358743e-10)
(1.7084140563446e-10 7.5402884858571e-10 -3.0884027673909e-10)
(3.5257996150747e-10 1.6070533276633e-09 -6.6659601333121e-10)
(1.4886553002186e-10 1.2429875152139e-09 -7.8882722544008e-10)
(3.6524390966791e-10 3.0139336671578e-10 -1.7718373747661e-10)
(1.7479845147386e-10 4.0849379593388e-10 -1.5029133619634e-10)
(4.7886428293746e-10 2.3792057100766e-10 -1.9819595429908e-10)
(7.600741560876e-10 3.1008249635882e-10 -3.5906963440216e-10)
(3.7350239544249e-10 2.171621824163e-10 -1.506971770947e-10)
(3.9235769475688e-10 3.8696107245892e-10 -1.7690236961407e-10)
(7.8386939725641e-10 4.2733545353743e-10 -3.6103332035779e-10)
(1.3416993883304e-10 5.6076793251347e-10 -1.8430569707168e-10)
(2.012863034331e-10 3.9177168867824e-10 -1.2882170777744e-10)
(2.6261056262458e-10 3.9326289969681e-10 -1.8966513750413e-10)
(2.2498232920317e-10 3.1268576970481e-10 -1.527614553309e-10)
(-6.7109202631925e-10 1.919586315456e-09 -1.3734487507598e-08)
(-1.1640675514196e-10 2.3480418352889e-09 -4.9378800018795e-09)
(-4.3397098835665e-11 1.0530584958132e-09 -1.5723660213364e-08)
(-1.385084461907e-10 2.5504480347356e-09 -3.3726491720939e-09)
(-2.0781139866755e-10 2.5097556386548e-09 -2.6232542812447e-09)
(6.9360285039755e-12 1.8889139984503e-09 -4.5440169251114e-09)
(-4.2980726946888e-10 1.9234587864303e-09 -5.323536380703e-09)
(-1.3569138238484e-10 2.734097320713e-09 -2.2413392975395e-09)
(6.5972707920096e-10 9.5729667108481e-10 -8.0911185223601e-10)
(4.907235853185e-10 1.0188818070887e-09 -8.1285800993537e-10)
(-5.0128263914481e-11 1.5037358487158e-09 -6.0688268846815e-10)
(2.7744241712519e-10 1.1839403102392e-09 -9.3940073518151e-10)
(-4.0718383291541e-10 1.9280002320769e-09 -1.4283490386118e-09)
(1.2120115419804e-09 7.4985764619034e-10 -1.7896723519341e-09)
(9.0149544990012e-10 5.3478086772163e-10 -3.7272636775112e-09)
(2.3347561937657e-10 1.0711899486229e-09 -8.8405145155376e-10)
(1.7102373962527e-09 8.000379879861e-10 -1.0848394198913e-09)
(8.5197078820684e-10 5.6318216649771e-10 -3.5797362417445e-10)
(5.8766316203312e-10 2.2538911075592e-10 -2.3240386077708e-10)
(7.5716469600405e-10 5.4963765426502e-10 -2.6801549475082e-10)
(1.2780962368513e-09 4.5169792528401e-10 -6.8074815409996e-10)
(1.4673520401555e-09 5.3497746091015e-10 -7.778899059246e-10)
(1.489253235354e-09 1.0195623616194e-09 -8.4370829167285e-10)
(1.4211554369774e-09 8.2306146524227e-10 -6.7406595669953e-10)
(1.4201425918998e-09 7.0540783372034e-10 -8.1806105246537e-10)
(1.2852188201224e-09 5.3355633447329e-10 -7.9728349641936e-10)
(3.1107593869093e-10 1.7463652638471e-10 -1.3949169381795e-10)
(5.9912119327437e-10 1.7610931451952e-10 -2.7853531140389e-10)
(5.7647679117282e-10 1.19547768369e-09 -4.5483593958691e-10)
(3.7231396237321e-10 1.4968861671529e-09 -4.110050709951e-10)
(1.1532904023044e-09 1.2570859820356e-09 -7.3763216002771e-10)
(1.4597277807764e-09 1.5944329770924e-09 -1.6976245876729e-09)
(9.7653569928283e-10 1.0549195700912e-09 -7.7023521029735e-10)
(5.1968510322921e-10 7.0084705083881e-10 -2.7172449787683e-10)
(5.0986917519755e-10 8.1115977819528e-10 -2.4403909259139e-10)
(8.7663126610829e-10 1.7844388218491e-09 -1.0972068268069e-09)
(9.2378579595052e-10 1.519766957727e-09 -1.5840163879633e-09)
(1.0146868976948e-09 1.5912380780899e-09 -7.0922193622711e-10)
(4.8556435463241e-10 4.6316112870292e-10 -1.6530247871802e-10)
(1.349262383099e-10 5.7022811068541e-10 -1.3315911725764e-10)
(3.9496923255695e-10 1.5925154409726e-10 -1.1804204115543e-10)
(4.962595661295e-10 9.3688184600056e-10 -2.2642484721961e-10)
(3.9620464194259e-10 5.9523524793735e-10 -1.4151757147839e-10)
(1.2266003331369e-09 3.1101115968986e-10 -1.0714157414471e-09)
(1.0964040999874e-09 5.1463460512176e-10 -9.1289645488605e-10)
(1.8854116666705e-09 1.7422172562875e-09 -6.519165335462e-09)
(1.5987125723576e-09 6.6277097325193e-10 -2.6706126068715e-09)
(8.2163233028136e-10 2.9713808813347e-10 -4.3227450066863e-10)
(3.7682674200842e-10 1.5744910784102e-10 -1.9305556983469e-10)
(3.6198201675499e-10 -1.7479994646788e-11 -1.5160126472525e-10)
(1.7457042499156e-10 4.4777030513105e-10 -1.8235420179716e-10)
(3.1123125787091e-10 8.9035782176815e-11 -1.5850180304407e-10)
(4.3895182113348e-10 3.8100976294633e-10 -3.2145325080212e-10)
(5.4420426359344e-10 -1.6796934173572e-10 -2.2898226600591e-10)
(4.2054078431962e-10 1.2431375646001e-10 -1.9138000789236e-10)
(-2.2663935282661e-10 2.9435283551561e-09 -4.5632344402174e-09)
(-9.44595251978e-10 2.8189404581916e-09 -7.8096661327925e-09)
(-4.8734443962953e-10 2.7426678597839e-09 -1.0344871722094e-08)
(3.9274184492258e-10 2.1435199985217e-09 -4.9765584023534e-09)
(1.9019625579067e-10 2.4308812433955e-09 -1.7083259298407e-09)
(2.3286517013388e-10 2.4956373410466e-09 -1.0017957445862e-09)
(-1.4208743328386e-09 2.9226180849429e-09 -1.2131213436588e-08)
(-7.7519425959991e-10 2.2639826311817e-09 -1.4418134055799e-08)
(-1.9927125078469e-10 3.3593501386409e-09 -3.3233116018828e-09)
(-5.9523191325811e-12 2.109485838913e-09 -6.0158893073922e-10)
(1.7378771167592e-10 2.5637450296065e-09 -6.4205319466088e-10)
(-3.0112768701746e-10 2.6696944809299e-09 -7.4582103208535e-10)
(5.2208734374057e-11 1.5270993870928e-09 -3.1610331259819e-10)
(1.7569793094565e-11 9.2683149349868e-10 -2.4011774853103e-10)
(2.2218459860957e-10 6.6250663843665e-10 -3.3965138414615e-10)
(1.6624011914812e-10 4.67815094002e-10 -1.052677697443e-10)
(1.1891825083093e-10 1.0917798610301e-09 -1.8494327696606e-10)
(1.6738811539911e-10 3.5647430325605e-10 -1.6325405343405e-10)
(1.3797765443978e-10 3.3023059988792e-10 -1.3615276706145e-10)
(-1.9213046585981e-11 8.6976279541727e-10 -1.5085074188204e-10)
(2.4679803190177e-09 1.439142338157e-09 -1.0565281781673e-08)
(2.0171837704523e-09 1.5094868058997e-09 -6.8116757624248e-09)
(1.8002782344556e-09 1.6938301408808e-09 -6.1266634167988e-09)
(1.7867492092585e-09 6.1410056563524e-10 -2.068323203793e-09)
(5.9492372630747e-10 5.0345268845832e-10 -5.0610627579062e-10)
(1.0728230651605e-09 6.3473560436639e-10 -1.1129901858791e-09)
(2.3729423342062e-09 6.2248315469761e-10 -3.2474290703939e-09)
(9.0001912270765e-10 5.9592011878812e-10 -8.3052986476445e-10)
(1.220485650286e-09 3.2400662562175e-10 -8.7443090804912e-10)
(3.0505220530427e-10 8.9565213064859e-10 -5.5562908691443e-10)
(2.9779199923608e-10 6.2236586816412e-10 -3.654468861476e-10)
(7.6905741678582e-10 6.0622582560133e-10 -6.7377377575435e-10)
(-7.1624297535556e-10 1.130309762951e-09 -4.700389944452e-09)
(-5.4149953368359e-10 2.738662661917e-09 -6.8837646078174e-10)
(-9.6783584863218e-10 3.4756169298923e-09 -1.309831395244e-09)
(-4.295459995723e-10 1.9401866401851e-09 -5.6109779011063e-10)
(-1.2752880567426e-09 2.0632367498497e-09 -2.8502962832478e-09)
(-6.6865802378514e-10 2.6726199763304e-09 -4.2964465591829e-10)
(-7.2044869318027e-10 2.7086319866894e-09 -1.4558305784554e-09)
(-2.6902698138802e-10 1.4131976602521e-09 -3.2956178016773e-10)
(-7.946471872262e-11 1.1992897031324e-09 -2.7409362014155e-10)
(-3.638780074374e-11 8.9438656587298e-10 -2.3955581238196e-10)
(5.4123058695261e-11 8.4695772437467e-10 -1.4420898073987e-10)
(-4.6562652087747e-10 1.8026233573934e-09 -3.629266663746e-10)
(-3.462801006506e-10 1.4084253114337e-09 -1.419513942888e-10)
(9.2812723633551e-10 3.093842746751e-10 -3.2468643667449e-10)
(7.7963406325704e-11 9.983893069314e-10 -5.0533694405688e-11)
(6.8799510373524e-11 9.3050119787579e-10 -1.4735894675685e-10)
(1.8927602296465e-09 -8.4701768074406e-10 -1.2106017025328e-09)
(1.2788903124143e-09 -7.681374588698e-11 -1.0416031134102e-09)
(1.008028219551e-09 2.6928078852177e-10 -1.9767163061719e-10)
(1.1755652209643e-09 4.1013148794406e-10 -1.9912481833186e-10)
(8.3054336977622e-10 5.2498729376389e-10 -4.7751289952881e-10)
(3.237426771916e-10 -2.2473932389692e-10 -8.1305162091292e-11)
(2.088944209101e-10 2.9201904861918e-10 -1.7268055573834e-10)
(2.9527370381228e-10 1.3570612796181e-10 -9.2126451167946e-11)
(1.6734781187954e-10 1.5896478411369e-10 -6.6609412709356e-11)
(6.3871514024748e-10 -7.0362794300896e-10 -1.4972468306894e-10)
(4.7171338280027e-10 -4.8339631218812e-10 -2.4652996072019e-11)
(1.8174453194241e-10 -4.8967805325524e-11 -2.8035050895873e-11)
(3.2265795667997e-10 -1.269635810954e-10 -1.2328321190694e-10)
(2.382814221266e-09 8.0038554533269e-10 -2.576282931675e-09)
(2.6503237223006e-09 1.3441536285828e-09 -3.0491871578186e-09)
(1.0865172175264e-09 -2.6390313928675e-10 -6.2333537277237e-10)
(1.5696681142484e-09 8.6160602216718e-10 -2.1779628418044e-09)
(1.5047792366336e-09 2.0081019467073e-10 -1.1594228082704e-09)
(5.9330812871201e-10 2.7598534119471e-10 -5.9701679688867e-11)
(1.2380264693579e-09 4.6740272772695e-10 -3.6657388267182e-10)
(1.7688629096975e-09 3.1629066295828e-10 -6.7303129163486e-10)
(1.0720345187012e-09 3.6440049418759e-10 -1.2878145380725e-10)
(3.8649087356357e-10 -8.8825307789256e-11 1.7085102749262e-11)
(1.0805342306064e-11 4.1790423279411e-10 -1.4060419610574e-11)
(8.8002520352426e-10 -1.984906760132e-10 -1.1239523397481e-10)
(1.6114442255344e-10 7.7348185689512e-10 -3.3678305137421e-11)
(3.3255990353873e-10 2.9634060696409e-10 3.1333826854849e-11)
(1.4916899206673e-09 1.0733489458987e-09 -5.2437737756603e-10)
(2.098574546015e-09 1.1910008384753e-09 -1.1555699825947e-09)
(1.3051829444959e-09 4.8998644405041e-10 -4.1488472261056e-10)
(7.8418670589197e-10 3.0027688722984e-10 -1.9751135811446e-10)
(1.3105941281872e-09 5.3283596019487e-10 -3.290670800867e-10)
(2.0544468241396e-09 1.698848397403e-09 -1.0387306749366e-09)
(5.0771633203198e-10 -1.4967778138035e-10 -1.3228980032089e-10)
(2.7861669348433e-10 -5.270474409464e-12 -1.1015830636095e-10)
(4.964253054906e-10 -4.0430407062457e-10 -1.6038007504622e-10)
(8.1453211752067e-10 -6.1394758125855e-11 -2.8818964503476e-10)
(6.6143506637698e-10 -5.3314084240124e-10 -2.2093342933132e-10)
(6.4742390359905e-10 -5.867015272255e-10 -1.5468463572216e-10)
(3.9291221076036e-10 2.4080587069207e-10 -9.5023622463712e-11)
(4.7591887669526e-10 -9.2247347536981e-11 -8.4480472129469e-11)
(4.671597085019e-10 -1.6314213029359e-10 -1.5698619027228e-10)
(8.6599917615028e-10 1.9480632632748e-09 -4.1195197671448e-10)
(2.9931927258179e-10 3.1391715711073e-09 -4.2484331803101e-10)
(1.4871489076911e-09 2.8401750996843e-09 -1.1607317842412e-09)
(1.2600689390758e-09 2.1750664581268e-09 -7.4002098069277e-10)
(7.2811911152097e-10 2.9679395487761e-09 -8.3963752173771e-10)
(3.9705607169018e-10 2.7676870675842e-10 -4.999099863941e-11)
(5.7094391033205e-11 7.5146687789997e-10 -7.7072644981834e-11)
(3.1940975166221e-10 5.922461686649e-11 -1.616901443191e-11)
(3.8080070140568e-10 6.196947462279e-10 -1.2773433163399e-11)
(7.897785590631e-10 -4.6882729762123e-10 -3.1824290241917e-10)
(1.2109811026086e-09 -3.682457000673e-11 -7.5478990975833e-10)
(1.5125261572057e-09 3.2883495553886e-10 -1.7793068313279e-09)
(8.1270933817389e-10 -5.5853259646619e-10 -3.4770347904619e-10)
(1.0760104557229e-09 -2.6493614654912e-10 -6.3019932886264e-10)
(-6.6467885755859e-10 3.975810420337e-09 -2.0049307243607e-09)
(-1.498247632524e-09 3.1168513072048e-09 -3.6173544002556e-09)
(-1.1487273846153e-09 1.7892499269589e-09 -2.8014137752942e-09)
(1.3488575953725e-10 3.8041624302887e-09 -1.3688295379973e-09)
(-6.6129072603685e-10 3.0279285512733e-09 -4.6598910687009e-09)
(4.8862187479736e-11 3.6730681514504e-09 -2.0635811294964e-09)
(-1.7293929022408e-10 3.4251347275111e-09 -7.7787230592348e-10)
(-1.4467984859552e-09 2.2364475645271e-09 -5.1647501996068e-09)
(-6.8516665255464e-10 3.459313287379e-09 -1.5696504352643e-09)
(-4.532783398373e-10 2.3743195663992e-09 -6.5207882139147e-11)
(1.6571271837816e-10 2.206627194866e-09 -1.4723788468359e-10)
(2.2220636088861e-10 3.1182009575989e-09 -2.0492137854217e-10)
(-1.1472014914846e-10 1.5372456615683e-09 -1.5432728768961e-10)
(-1.7221230206618e-10 1.4523912229174e-09 -6.8076653060655e-11)
(-9.0285208077127e-11 2.4938053616433e-09 -2.6083128074012e-11)
(-2.1762037442706e-10 2.7836597388191e-09 -3.3560351599967e-10)
(2.4292865272792e-11 1.1020127897004e-09 2.0478980714333e-11)
(2.439957364477e-11 2.0596952058088e-10 -1.9480006947126e-12)
(-3.0037327914727e-11 2.3342555718858e-10 2.8740219720396e-11)
(8.4749608624618e-10 -5.8875867644614e-10 -1.1119255427221e-09)
(9.9698564893182e-10 -8.7451252045696e-10 -9.804406042446e-10)
(2.719175535459e-10 -3.8677334271337e-10 -1.0784849022454e-09)
(-5.0649472297803e-10 1.5736783719934e-09 -5.479642689556e-10)
(-1.9074460239356e-11 6.5659427605732e-10 8.5173646640744e-11)
(5.3162375063141e-10 4.3930415226849e-10 -2.3165421152456e-12)
(9.540100363586e-10 2.8239243938433e-10 -7.1591474826047e-11)
(3.4666817641483e-10 4.4952492106445e-10 4.5714098677698e-11)
(2.4738707970056e-10 3.3429538848194e-10 5.3431323351564e-11)
(-7.2807607898633e-11 8.388931075967e-10 1.0464988675584e-10)
(-8.8807315792045e-12 5.2436669519273e-10 8.6336522000654e-11)
(1.032391544912e-09 8.2427384411515e-10 -3.620665023445e-11)
(7.0845935258264e-10 7.2728066154078e-10 -7.0971103616028e-12)
(4.7485620382249e-10 1.7169977123855e-10 1.0356088654566e-11)
(5.6684921529607e-10 6.7127148487759e-10 4.885001836046e-11)
(1.4018995289092e-09 6.5302108799077e-10 -2.9890552232791e-10)
(1.319657640573e-09 2.1215022332483e-10 -2.8718718372723e-10)
(1.3630771584908e-09 1.1003335223189e-09 -2.9594956826518e-10)
(1.1996771772124e-09 5.7075675678533e-10 -2.3612891090709e-10)
(1.0320447428425e-09 3.3743878240108e-10 -8.1180387608326e-11)
(1.1544231229075e-09 -2.0274701174081e-10 -3.3484521159746e-10)
(1.0001981471498e-09 2.5377097498413e-10 -1.6985714854106e-11)
(1.3001607425184e-09 1.0384554351029e-09 -1.8032168313487e-10)
(9.7966710740636e-10 6.7312712377612e-10 -1.6780023956873e-11)
(3.973642814166e-10 -2.3359717779976e-10 1.6472546077586e-11)
(2.0304322484189e-10 -1.0613194919408e-10 1.2777038577952e-11)
(1.3171200452905e-10 -7.2626684874115e-11 4.3819519101154e-11)
(7.1382903614127e-10 -9.9652047786646e-11 -6.6057944872695e-11)
(4.9859907671301e-10 2.0816187147235e-09 -4.0781980989893e-11)
(1.0971162701846e-13 1.8841700908693e-09 1.1106734401087e-11)
(2.9291512874697e-10 2.3157180559609e-09 5.0855792287425e-11)
(2.2084217507639e-13 1.6520938394827e-09 1.1349713277654e-10)
(1.0507514223603e-09 2.3000401026704e-09 -1.6969703897796e-10)
(4.2681626442506e-10 1.1326155943349e-09 1.5857711947388e-11)
(2.9009021330947e-10 9.2972274604663e-10 6.8283396500324e-11)
(6.5404826210315e-10 2.3638591602564e-09 2.8539022782112e-11)
(3.9820580143874e-10 1.9772769300509e-09 -4.1780228401883e-10)
(4.9999414479267e-10 1.7969546375492e-09 8.6334419568635e-11)
(4.8100134724326e-10 1.5760608964248e-09 7.8760356173005e-11)
(1.7225201535537e-10 4.4615987781712e-10 7.5519745690321e-11)
(6.7645138355547e-13 3.738230258488e-10 5.9721373254988e-11)
(5.1736848058335e-11 5.4945300264613e-11 5.4521847810227e-11)
(4.3963260269558e-10 4.688258897673e-10 8.5851898354798e-11)
(5.7087045945792e-10 9.7048437794902e-10 9.0562087438687e-11)
(2.3482423256409e-10 1.0377101137269e-10 6.1436990002377e-11)
(2.5986696732567e-10 1.0742716092623e-10 7.663109433892e-11)
(6.4570685746494e-10 -5.8487437413462e-10 2.4299897389468e-11)
(4.9852174917963e-10 -7.0727942706466e-10 9.6395830548726e-11)
(5.8604304614069e-10 -8.471780500665e-10 6.3760512659415e-12)
(6.8299334786694e-10 -1.5387854826518e-10 -5.4110108440142e-10)
(6.3913284829571e-10 1.0426471589777e-11 -3.5320032808134e-10)
(3.8269007030527e-10 -4.8341374674173e-10 6.0864202645304e-11)
(4.379741839072e-10 -4.6561833850118e-10 1.3215323979377e-10)
(1.1036644545108e-10 -6.2018759792919e-11 6.3725305044934e-11)
(2.1832554561846e-10 1.5808659501366e-10 6.2250321555328e-11)
(4.8598539318418e-10 -7.7577970106355e-11 8.569625032031e-11)
(2.894898600201e-10 -2.6686581326272e-10 1.1886894086404e-10)
(2.7014362929283e-10 -1.3106136552034e-10 1.0586303863861e-10)
(-4.7024534700849e-11 2.2420328819392e-10 5.2023011971168e-11)
(1.135331067533e-10 -9.3967430507316e-11 7.6477926382167e-11)
(7.1869944996237e-11 2.4879867655213e-09 -3.9027984062128e-10)
(-2.2918649126829e-10 3.2476960990073e-10 -1.5340699053919e-09)
(1.417316711918e-10 1.1414674074156e-09 -4.195856166577e-10)
(-2.3568841210306e-11 2.1705199204768e-09 8.9470719384122e-11)
(-3.1051778365205e-10 4.8778339529085e-10 -1.8711699711458e-09)
(7.9982562427782e-11 1.5008726561474e-09 -1.8570703985041e-10)
(-1.0087177342244e-10 1.1324542674352e-09 1.3805463011713e-10)
(1.2177261944521e-10 1.1834872850659e-09 1.4126587443914e-10)
(1.278169542239e-10 1.2629156781122e-09 1.3300434171431e-10)
(9.201293099632e-11 7.2869640667675e-10 1.1864983940826e-10)
(5.7305212201685e-11 6.5684387227756e-10 1.0334019814086e-10)
(-1.049801401729e-11 6.9597570521077e-10 1.1228898116309e-10)
(7.4503014640514e-11 5.1309954005538e-10 1.0028448465096e-10)
(9.8336992840749e-12 7.8913990488362e-11 5.2933500268748e-11)
(5.8505141823189e-12 2.4199882421639e-10 6.2703439452207e-11)
(-3.6456860133998e-11 4.4515809636629e-10 8.9186921877694e-11)
(-5.8916799219403e-11 3.3431248724823e-10 7.0641088155067e-11)
(1.8360926104444e-09 5.7216578333275e-10 -1.047733522868e-09)
(1.0761361739481e-09 8.8748984960345e-10 -1.6154410113912e-09)
(7.7447000383565e-10 7.8632047886271e-10 -1.3955389038955e-09)
(5.0057615998452e-10 1.9565267935708e-12 3.9939050752022e-11)
(1.5025391184206e-09 2.4717018528205e-10 -5.9966858900267e-10)
(2.8047044705548e-10 1.7109079473857e-10 4.0766219009157e-11)
(1.7392383095012e-10 4.5307424769159e-11 5.3704376995217e-11)
(1.6243700202378e-10 2.7342999744852e-10 4.6502714673739e-11)
(4.0150822380591e-10 -1.7100283988637e-10 -2.4671721414765e-10)
(2.8880907038708e-10 2.0889764425338e-10 -1.2624668492032e-11)
(3.0537678618851e-10 -4.1382920504823e-10 -5.1522020773179e-10)
(1.5252183546607e-10 9.3300919808666e-11 -7.2381338010429e-11)
(1.511349664759e-10 3.8851638552699e-10 -1.2077388553508e-10)
(4.5179874935675e-10 1.6116161871328e-10 -1.8692561533413e-10)
(2.5194686663206e-10 3.0668155264099e-12 3.047165719817e-11)
(1.6955948635056e-10 -9.1998223968816e-11 1.0017101072708e-10)
(2.6756342630169e-10 -2.1509527620461e-10 1.3643061479986e-10)
(2.2940168686351e-10 2.6856905612817e-10 -6.794976064261e-11)
(1.6996667033953e-10 6.0926051064917e-11 2.2880617696306e-11)
(3.4184206940246e-10 -2.3939002802662e-10 1.3579255894736e-10)
(3.4169040175439e-10 -3.9352677080368e-10 1.5595385508449e-10)
(1.3291892386293e-10 3.626286445931e-10 -2.363843088146e-10)
(1.421825834706e-10 2.269299616564e-10 -5.9229826397155e-12)
(3.7006553119888e-10 2.9888070773119e-10 -4.4256052318901e-10)
(4.9358351713898e-10 -2.7559820048565e-10 -2.5676790125033e-10)
(5.7639287709789e-10 -3.1949941448774e-10 -9.4413778460574e-10)
(5.2173393057533e-10 -5.7767135797337e-10 4.3170253683743e-11)
(6.5524263671065e-10 -7.6215046746354e-10 -8.8772120131598e-11)
(1.940724979583e-10 5.182182482912e-10 -5.9857769552894e-10)
(1.4820334157723e-10 1.9144367559036e-09 -2.5781694030314e-09)
(5.2136747001599e-10 1.2989012731625e-10 -1.0344353697975e-09)
(8.1461827095534e-10 -8.4269829265384e-11 2.4036150935411e-12)
(1.0749320309944e-09 1.4911190649153e-10 -1.23151738635e-10)
(6.7069315610989e-10 -2.438428490145e-12 1.5599334987988e-11)
(-3.1764646805303e-10 -2.3468397081238e-10 -1.8424379271861e-09)
(7.0307322610152e-10 -7.2945700758623e-10 -1.2336786308021e-09)
(1.0227892195261e-10 -1.2642897971809e-10 -1.9096628273509e-09)
(4.1449501813534e-10 -2.6358970560518e-11 -4.439111869514e-10)
(5.6934294728443e-10 4.1857813067941e-10 -1.7301913603193e-10)
(6.5202645139419e-10 1.0476408113846e-10 -2.2042584075135e-10)
(6.2374326939665e-10 -5.0129990552808e-11 -9.2408516252454e-10)
(9.9314861637641e-10 3.5264511677813e-11 -4.2832678592982e-10)
(9.3651716704076e-10 4.5804320323634e-10 -4.0603083600192e-11)
(5.0431682430717e-10 -3.0080996139823e-10 -1.1963182508612e-09)
(2.2654605676752e-10 -5.2467409200383e-10 -1.3972020401111e-09)
(7.7158448333559e-10 -2.344668131769e-10 -3.8800027272723e-10)
(9.2024082889846e-10 -3.1554832041967e-10 -6.3963159885338e-10)
(9.2153545209554e-10 2.8467341905109e-10 -9.7337209068716e-10)
(7.6440506634883e-10 -2.7134060025745e-11 -2.664886629897e-10)
(4.879035193717e-10 8.6512697214786e-10 1.0658541872459e-10)
(3.161142342703e-10 1.0063361823431e-09 1.3467399367376e-10)
(7.3305987221477e-10 1.063925968716e-09 4.4294249684093e-11)
(6.5503199946886e-10 1.3416345630752e-09 6.498182695403e-11)
(8.383692013709e-10 8.1380699493945e-10 -2.3638428864269e-10)
(4.4286696339484e-10 3.2613981530591e-10 -1.0601241395294e-09)
(8.5541273962251e-10 8.072112536565e-10 -7.0891221094278e-12)
(7.6525325620285e-10 1.2661609613019e-09 -1.4585776858543e-10)
(5.7474507374366e-10 8.4199933435498e-10 -9.1635663629094e-11)
(8.6273128815226e-10 1.6240591961885e-09 -2.4883303981049e-10)
(6.4970563422887e-10 7.3276761651772e-10 8.691456817648e-12)
(9.432983806755e-10 1.2831637495916e-09 -1.0146329614468e-10)
(3.0002021282626e-10 8.6641362895809e-11 -2.174939464886e-09)
(1.21636159442e-09 1.4905571185658e-09 -7.0796229749855e-10)
(8.7930480070462e-10 7.6613402162777e-10 -2.4211379193286e-09)
(5.617075348052e-10 1.3731681808917e-09 -2.0000708529636e-09)
(7.327093350793e-10 2.2553727304481e-09 -7.4212283358611e-10)
(-1.0265373964595e-10 1.1157456629121e-09 -2.4511457930326e-09)
(5.6951910655083e-10 1.5437906553313e-09 -2.936293768841e-10)
(6.4305521247891e-10 3.3188195192464e-09 -4.1870596522454e-10)
(6.9508446646261e-11 3.4721332610807e-09 -6.5919182123247e-10)
(7.7999742438097e-10 2.6165624141356e-09 -1.7681332004391e-09)
(1.0497762083408e-09 2.9857758904596e-09 -3.0568988159546e-09)
(8.3736341804607e-10 2.917764836394e-09 -3.1494477982338e-10)
(7.4708155267534e-11 1.9959985279753e-09 -1.9710009805389e-09)
(-2.2779039223983e-07 7.6139097861581e-08 -1.8162904651969e-06)
(-1.0144454902221e-07 3.6246879615345e-08 -5.4956196072623e-07)
(-1.5226394952654e-07 9.9733088937582e-08 -1.2810721070193e-06)
(-6.6913691044231e-08 2.3020276215578e-08 -3.396016783798e-07)
(-3.5880869211211e-07 8.3891585416298e-08 -3.9470377418976e-06)
(-2.6072974324803e-07 1.7563025584234e-09 -2.2722883916483e-06)
(-3.6607379686561e-07 1.8004782400737e-07 -4.1125952783289e-06)
(-2.033743440715e-07 1.1719384001632e-08 -1.4199236393512e-06)
(-1.5142625531861e-07 2.6986759450198e-08 -1.0395315151497e-06)
(-5.9014777691389e-08 2.9444215541221e-08 -2.3401968927545e-07)
(-9.8198324333294e-08 7.8782584173498e-08 -8.5046583962191e-07)
(-1.5768581360577e-07 2.2613422036277e-07 -2.9769943954907e-06)
(-2.7821270447224e-07 1.4410661303348e-07 -3.6598008310423e-06)
(-3.0930515452459e-07 9.7243714399135e-08 -3.8359748728601e-06)
(-1.5563295479597e-07 6.7030023693609e-08 -1.3517463070938e-06)
(-2.5260768223817e-07 -1.495365660432e-07 -2.4581436194149e-06)
(-1.1970426330148e-07 -1.2728313518898e-07 -1.2233514100621e-06)
(-3.6745342851674e-07 -3.0483802121887e-07 -4.9941451663064e-06)
(-1.0808643015568e-07 -2.3691327635828e-08 -7.8926459788469e-07)
(-7.3260045282841e-08 -2.6876329251128e-08 -4.2952019543372e-07)
(-5.2816819211761e-08 -4.0043215446922e-09 -2.3293638679714e-07)
(-2.5522119688639e-07 -2.6115881084063e-08 -2.872694108725e-06)
(-2.4087017567605e-07 -7.4894077209488e-08 -2.7241284373482e-06)
(-3.014620381276e-07 -5.4051860517586e-08 -3.2790999065554e-06)
(-1.2645709804883e-07 9.5840822406328e-12 -8.6184033623354e-07)
(-1.3120053519071e-07 5.0186151842478e-09 -1.1113439860751e-06)
(-1.5155398037974e-07 -2.379877319331e-08 -1.0519491097911e-06)
(-1.5099716342355e-07 -3.1661428969166e-08 -7.8836520448581e-07)
(-4.4670398625013e-07 -7.3556614727846e-08 -3.7691146335119e-06)
(-6.3052708244069e-07 -2.122844528601e-07 -6.2321986997738e-06)
(-2.8227198431035e-07 9.9616338705344e-09 -1.8870604275952e-06)
(-1.8287470193553e-07 -3.5835407806958e-08 -1.1443024535655e-06)
(-2.9273627668604e-08 2.0143119579186e-08 -1.988153919046e-07)
(-7.1113527272727e-08 3.2615992691947e-08 -6.2762532797016e-07)
(-1.6190811146481e-07 6.2554245654071e-08 -2.0625988862626e-06)
(-7.3562216399329e-08 -3.7269895219465e-09 -5.898063685683e-07)
(-4.4956979603745e-07 1.1102961046352e-07 -2.5496664493421e-06)
(-2.0645812993134e-07 4.3750906870687e-08 -8.8462517678592e-07)
(-2.3923803480716e-07 1.7116682753217e-07 -1.5246740593501e-06)
(-1.4376432876938e-07 4.7355060896619e-08 -6.9708131284431e-07)
(-7.8110367113265e-07 1.8264111348175e-07 -6.0994415837591e-06)
(-8.8295756578971e-07 1.1481215448991e-07 -5.7479516322019e-06)
(-5.020445672083e-07 2.4624027740638e-07 -3.5352344706011e-06)
(-4.5600430263178e-07 1.0499706532777e-08 -2.6887073067535e-06)
(-3.8020811686909e-07 6.6363925243012e-10 -1.7736271097691e-06)
(-3.4119783019828e-08 3.4041724619037e-08 -2.6294091369672e-07)
(-1.9808311872539e-08 3.6219048041019e-08 -1.8728947349307e-07)
(-2.2498438871196e-08 7.2169014176596e-08 -4.7727165346587e-07)
(-9.4307958187472e-09 1.2591760637075e-08 -5.1572662189806e-08)
(-4.6267791954697e-08 9.1583459585877e-08 -8.3333571656879e-07)
(-1.8259489205509e-08 1.4156299341103e-08 -1.0066156031082e-07)
(-2.1631339265835e-08 2.9064929419053e-08 -1.8788294924198e-07)
(-1.7581134608284e-08 1.7442327745357e-08 -1.3574436384344e-07)
(-3.9138747731752e-08 5.2229164105099e-08 -5.5237637644527e-07)
(-9.6087277531348e-08 5.3338425309653e-08 -1.2195155876715e-06)
(-3.2384105167738e-09 1.6976087481728e-09 -1.1504378305628e-08)
(-1.5232139112073e-08 5.0432816517025e-09 -8.5991233926569e-08)
(-8.0501175951192e-09 1.7279147211482e-11 -3.4046385712247e-08)
(-4.1848433604043e-09 1.6398510295808e-09 -1.6841824447969e-08)
(-7.0586302988317e-09 6.9682232275921e-09 -4.5879415985569e-08)
(-7.6604393894271e-09 3.679512283686e-09 -3.2166963274887e-08)
(-8.1873859392488e-08 -8.175315398797e-08 -9.6191821549496e-07)
(-3.2478668290397e-08 -3.9096211151039e-08 -3.172897019642e-07)
(-9.3743806190517e-09 -2.3078482818311e-08 -1.1360105371394e-07)
(-4.8699298347364e-08 -1.7516295406462e-08 -3.7621725134321e-07)
(-1.9201181668833e-08 -7.6393653297876e-09 -1.1832988087908e-07)
(-4.690628070955e-08 1.0357655803066e-09 -3.7523685371914e-07)
(-5.1424678514842e-08 -2.7562484639612e-08 -4.8516979571873e-07)
(-6.7742133307098e-08 -1.9109866540204e-08 -7.2885609194614e-07)
(-2.7810670012384e-08 8.2747846446656e-09 -2.1646959721337e-07)
(-8.7313491923845e-09 3.296821690018e-09 -4.7628693943329e-08)
(-1.4037076142825e-08 1.0983727028451e-08 -1.1300747962076e-07)
(-6.6617980545668e-08 1.9328162181622e-08 -7.4757747327657e-07)
(-2.7924632706638e-08 1.5092880358864e-08 -2.5768606858226e-07)
(-9.5051821152925e-08 -1.1077695252906e-07 -1.1596537909947e-06)
(-6.4977360656136e-08 -1.0942049704311e-07 -7.9689294703974e-07)
(-3.8323004227942e-08 -4.8863598947938e-08 -2.8234683503747e-07)
(5.1922280862176e-08 3.5947935143174e-07 -2.3561981803481e-06)
(2.3068788080268e-08 2.5705565981603e-07 -1.7543943091475e-06)
(-1.3539888609005e-07 4.6920114493583e-07 -4.0265493710151e-06)
(-5.8418449400383e-08 6.108456732648e-07 -5.8231557346664e-06)
(-3.9300173548847e-08 2.6233721162898e-07 -1.4878111306801e-06)
(-1.6011315009641e-08 1.1814590304946e-07 -5.3451962430157e-07)
(-5.2729764126752e-08 2.9700828178433e-07 -2.1593506786505e-06)
(-3.8504079671603e-07 2.8452992577065e-07 -2.4820844854455e-06)
(-1.2029149340805e-07 5.4802989975502e-07 -3.3655413890066e-06)
(-2.330123090667e-07 2.6877297436679e-07 -1.5868511860447e-06)
(-7.6996043723428e-07 4.8281768355278e-07 -5.3877912999105e-06)
(-4.1232339553742e-07 3.283103557399e-07 -2.4033877754856e-06)
(-1.1346871201805e-06 3.9162103196214e-07 -8.0219971142889e-06)
(-9.2783093357243e-07 8.5142772473014e-07 -8.7016353115577e-06)
(-7.4795857856177e-08 -9.8843688396245e-08 -5.1023618243634e-07)
(-2.1269746542673e-07 -2.3084744534755e-07 -2.1727267296207e-06)
(-7.7835007711695e-08 -2.0741454255464e-07 -1.2396900150112e-06)
(-3.3244853870804e-07 -2.9708239714654e-07 -2.4882039146445e-06)
(-8.4129286968703e-07 -3.2834602052786e-07 -6.9573823610423e-06)
(-4.0451411173955e-07 -1.0940044541394e-07 -2.7908492120293e-06)
(-6.2714898158853e-07 -4.7079241797327e-07 -6.0662123679952e-06)
(-5.5915841646234e-07 -2.8767213863972e-07 -3.7619733204574e-06)
(-4.5146023656184e-07 -7.2283294192212e-08 -1.9857019322154e-06)
(-2.9059567121417e-07 -1.0217695629733e-07 -1.1122123651751e-06)
(-8.2451272515645e-07 -1.1477983303282e-07 -4.9088366658184e-06)
(-6.2235212527592e-07 1.1005583052068e-08 -3.0763847542344e-06)
(-6.6467057616103e-07 -2.3828653070445e-07 -3.6637358655382e-06)
(-4.960779986204e-07 -1.2856251560016e-07 -2.8028009910241e-06)
(-8.600744533144e-07 3.3664662599083e-07 -4.0033977959677e-06)
(-3.9652192789274e-07 9.6267645600705e-08 -1.2550091367903e-06)
(-3.2763392224413e-07 2.0747738204057e-07 -1.1995434973024e-06)
(-1.5636493605055e-06 4.1382307743698e-07 -9.4027294017594e-06)
(-9.141885671265e-07 -2.2080540224297e-08 -3.5116917263411e-06)
(-7.7099094983081e-07 1.1695447867006e-07 -3.8268792641511e-06)
(-2.3384227394792e-07 3.2763283599554e-07 -1.2977480516895e-06)
(-5.5878545056543e-07 9.5949297884685e-07 -4.4754908582588e-06)
(-4.0510545061499e-07 7.1967830622364e-07 -3.9386195347428e-06)
(-1.809962644924e-07 1.1927581234894e-07 -4.9914162825576e-07)
(-2.5337542320801e-07 2.57631969139e-07 -1.3031729742089e-06)
(-9.2102728043244e-08 2.6477981979916e-07 -8.9122086541378e-07)
(-2.9147829622058e-07 3.4353151342452e-07 -1.2840310445808e-06)
(-1.4271115947696e-06 1.05432361345e-06 -6.4853066494003e-06)
(-8.1252791014353e-07 6.3816031553362e-07 -3.1301985655137e-06)
(-2.7211392015588e-06 1.5232989828085e-06 -1.0917168003428e-05)
(-3.1648844894017e-06 8.9286922183456e-07 -1.1430957928791e-05)
(-2.3083241319128e-06 2.2315828810745e-06 -1.1418046800196e-05)
(-8.0261873706874e-07 -8.0406581724477e-07 -7.1569201302251e-06)
(-3.133688252141e-07 -4.6616622814303e-07 -2.6856287327633e-06)
(-2.5403434787846e-06 7.7825566416141e-07 -6.3058422575316e-06)
(-1.0014434597746e-06 3.3238549483113e-07 -2.0935422063908e-06)
(-1.5076295668889e-06 1.0275432146285e-06 -4.0123094029578e-06)
(-2.196163990039e-06 2.2013045022176e-07 -6.657611565479e-06)
(-3.0867118100232e-07 1.9404945097077e-06 -5.4614710407273e-06)
(2.067612323437e-07 2.0160883923548e-06 -6.1508127423146e-06)
(1.5904241849262e-07 1.4145158176084e-06 -5.5982426099453e-06)
(-5.5978229284998e-07 1.6231484308884e-06 -6.082786620353e-06)
(-2.3296526237424e-07 8.4775724489796e-07 -2.3655204869819e-06)
(-1.1680891082885e-07 9.1241992608635e-07 -3.3243882625311e-06)
(-9.5113733406972e-07 1.7132798354719e-06 -5.5453817615562e-06)
(-8.2491661463305e-07 7.9077224614583e-07 -2.9532691303021e-06)
(-2.8825851291045e-07 5.8262939647069e-07 -1.4746547599227e-06)
(-1.6420260657578e-06 1.9959709570075e-06 -5.1138191280955e-06)
(-2.3923688320418e-06 3.0931305691177e-06 -5.8636419157043e-06)
(-6.1142800498265e-06 6.3679443702748e-06 -1.3551063422612e-05)
(-4.1187736066078e-06 7.385618157798e-06 -1.4248262446964e-05)
(-1.6419867673779e-06 1.4625044845117e-06 -2.8374688942169e-06)
(-6.7727098009772e-07 1.4613124573091e-06 -2.3232510080854e-06)
(-4.428007163932e-06 1.4575307569238e-06 -7.2012398821005e-06)
(-7.7584512105867e-06 2.0189370683945e-06 -1.3608882014514e-05)
(-1.0341304373839e-05 2.5504127072696e-06 -1.6738820440818e-05)
(-6.3295759525415e-06 3.1828702340334e-06 -1.2109708769364e-05)
(-5.025280184345e-06 2.3992812201608e-07 -7.7373406570753e-06)
(-5.1928602619515e-06 9.7321275636758e-07 -9.1064757357742e-06)
(-2.4336582826368e-06 -2.8222340980387e-06 -7.1563664667458e-06)
(-5.2004054409401e-06 1.5825306173133e-06 -6.5735488393471e-06)
(-1.8282391907371e-05 4.5624321193332e-06 -2.0038311814882e-05)
(-2.6750320800382e-05 5.3574937981071e-06 -2.123337861286e-05)
(-2.3140972187556e-05 1.158845184275e-05 -2.2265134789449e-05)
(-1.0774834196338e-05 5.1227484997941e-06 -1.5273579288473e-05)
(-1.2197895854691e-05 1.3143750673796e-06 -1.2624684389085e-05)
(-9.5459352867061e-06 1.4074004051872e-06 -1.2707991549611e-05)
(1.1530866238642e-06 7.9174160868019e-06 -1.1042831297926e-05)
(1.0153465567223e-06 8.2118857185595e-06 -1.3464401356949e-05)
(-1.6002390586498e-06 7.400459571365e-06 -9.7269691874989e-06)
(-3.1614333777091e-07 4.5276060669398e-06 -6.5695236347671e-06)
(-2.2407616218583e-06 1.3745517757575e-05 -1.393573180103e-05)
(-5.0558552271689e-06 1.0989661289081e-05 -1.1906289791e-05)
(-5.7298486472554e-06 2.2903520687028e-06 -4.4539810560416e-06)
(-9.0843441192202e-06 -3.8269241473766e-08 -6.5252089681882e-06)
(-1.1832843697211e-05 -4.2565985414844e-06 -8.4111501628598e-06)
(-8.2484465153431e-06 -1.7486311962274e-06 -7.9235392263497e-06)
(-4.7897036030078e-05 -8.0993165056518e-06 -2.3967431221e-05)
(-3.9657448191257e-05 -1.5664113175203e-05 -1.8412926187481e-05)
(-2.7401357888713e-05 -2.6151035952649e-06 -1.5117086813433e-05)
(-3.888652068076e-05 1.2401486048274e-05 -1.610190054645e-05)
(-2.1223073877924e-05 5.1921904263785e-06 -8.4889326089753e-06)
(-2.827374708109e-05 1.6093538280608e-05 -1.2081311821662e-05)
(-5.9966269726573e-05 1.5674971078452e-05 -2.4143420000225e-05)
(-4.8156924020209e-05 5.3666314426281e-06 -1.8824029548109e-05)
(-7.8674465738696e-05 1.7651258967566e-05 -1.9101834880839e-05)
(-6.477750544639e-05 3.1838664563263e-05 -1.988435126523e-05)
(-2.8604870525955e-05 1.8245807454837e-06 -1.241296221515e-05)
(-4.4145143402845e-05 1.1701274916662e-06 -1.3413344543779e-05)
(-4.3646365736041e-05 1.2547986982005e-05 -1.3594063762016e-05)
(-2.245265832372e-06 6.3389220468339e-06 -4.7631693527925e-06)
(9.2071998236062e-07 1.9698528418089e-05 -1.1837562855017e-05)
(-6.8732885428689e-06 1.0737866249293e-05 -6.928728667627e-06)
(-3.6783082477165e-06 1.4918631644463e-05 -9.7625498345959e-06)
(-1.7844588837116e-05 2.1325942981253e-05 -1.1488385647028e-05)
(-3.7952113973076e-05 3.211855649406e-05 -1.7772042581321e-05)
(-5.7392533536405e-05 5.1930551139886e-05 -1.7005422938458e-05)
(-3.4852918040944e-05 4.6532916759609e-05 -2.0853608456425e-05)
(-2.3954560903322e-05 4.0010712218387e-05 -2.3600974004863e-05)
(-1.2770800579906e-05 1.1607268660385e-05 -7.5705162892518e-06)
(-1.8301869368071e-05 1.7276182917242e-05 -1.2950346015706e-05)
(-6.0797869716858e-06 -7.3212378684574e-06 -6.4144208511536e-06)
(-2.5753976855326e-05 -2.6954172586694e-05 -2.2476151761016e-05)
(-1.2174562568044e-05 -2.0010367349388e-05 -1.242935406509e-05)
(-6.4947567021999e-05 -4.4546825264728e-05 -2.0933355677015e-05)
(-2.9938336460959e-05 -2.9707013305349e-05 -1.5495991284962e-05)
(-4.2504440456045e-05 -8.0866370712252e-06 -1.0692009831415e-05)
(-2.3789294294966e-05 -7.9501795100816e-06 -6.133740258792e-06)
(-7.2795668424727e-05 -8.3021473621321e-06 -1.3618869085017e-05)
(-3.7988339960196e-05 -8.1149901320914e-06 -1.377468626895e-05)
(2.3335563335409e-06 3.404624117388e-05 -1.3538939708426e-05)
(2.3350635587399e-06 6.2614403033279e-05 -2.0929433632187e-05)
(2.3218688477628e-06 3.706113455692e-05 -1.8351706898915e-05)
(-1.8785455041704e-05 5.1119272182537e-05 -1.728863270961e-05)
(-7.3083357400711e-06 2.8287294084942e-05 -9.657720578533e-06)
(-3.3547514681044e-06 1.9075974187509e-05 -5.2815327887467e-06)
(2.237146819462e-06 1.4085228661951e-05 -3.5717575998787e-06)
(5.2520567959903e-06 3.7374218658833e-05 -9.1612067896936e-06)
(-1.3006745762308e-05 2.5488197863208e-05 -6.6266970010253e-06)
(-6.1521856563953e-06 3.8628767718853e-05 -8.2391347288156e-06)
(-2.6857344508927e-06 9.7507031963e-06 -2.4214452711235e-06)
(-3.6630502696909e-05 -3.1979719232941e-05 -1.198977699975e-05)
(-5.6498048581955e-05 -6.241170171558e-05 -1.6766298855512e-05)
(-1.6150846656457e-05 -4.8817089739569e-06 -1.593760641119e-06)
(-3.1468176352623e-05 -1.5410410319898e-06 -2.9651259664248e-06)
(-1.5949659060255e-05 2.2351091849609e-06 -1.1731210042364e-06)
(-1.7111115710646e-05 -5.6714018368e-06 -3.2028842382683e-06)
(-3.4688571412725e-09 2.3970187091791e-09 -3.8796858359911e-08)
(-6.9800254787259e-10 1.278510144443e-09 -1.4473791077025e-08)
(7.1287572245615e-11 9.1874460302488e-10 -1.0798106642047e-08)
(-1.3186983042812e-08 4.4355433639662e-09 -1.3063768506288e-07)
(-9.9669983945796e-09 7.1394062027773e-09 -1.0816395489499e-07)
(-1.0409923900183e-08 6.7680758367076e-09 -1.1626100725341e-07)
(-3.0340790588192e-09 4.5000671033211e-10 -3.320034197081e-08)
(-4.3379570928569e-09 2.1010005630303e-09 -4.8380201172758e-08)
(-6.5498719573081e-09 2.6906110428964e-09 -5.9889642415585e-08)
(-1.7377640778385e-10 4.0840141236339e-09 -1.8559560218295e-08)
(-2.2469577947999e-09 5.5388344698203e-09 -3.9988185327648e-08)
(6.3912181765998e-10 6.1578374996721e-09 -2.4883322261364e-08)
(-8.6795203549058e-10 3.0815135316178e-09 -1.8027681373732e-08)
(8.8155126463821e-10 7.8814017438069e-10 -3.0436969576969e-09)
(8.9335280873518e-10 8.887577310084e-10 -3.7296691009307e-09)
(5.3867384695703e-10 2.1907781793679e-09 -1.3046974506356e-08)
(9.1839247905939e-10 6.543134073178e-10 -4.680936054018e-09)
(-6.2621105397346e-11 1.0637159042126e-09 -6.0232462752623e-09)
(3.8862271135405e-10 4.7487064812515e-10 -1.0376771445031e-09)
(-1.3110727129235e-09 1.4766243999388e-10 -1.4182942907444e-08)
(-2.0793961136869e-09 1.4002761385202e-09 -1.7671153415291e-08)
(-2.1548961488911e-09 4.1399010470277e-09 -2.6251698129252e-08)
(3.3138125058389e-10 1.3341565636161e-10 -2.2475461348145e-09)
(2.4815255236384e-10 1.0040447915264e-09 -5.1472983151879e-09)
(-1.4032314807891e-09 -6.7910020535364e-10 -2.5669953288823e-08)
(3.6107478195345e-10 -5.0639764317726e-10 -8.3045110139312e-09)
(6.0698664241494e-10 3.6786079871633e-11 -7.3440480473418e-09)
(-3.1241299344133e-09 3.2441417875432e-10 -3.8505158790939e-08)
(-4.7068245047352e-10 7.6325829090603e-10 -1.8473914016639e-08)
(-3.6130261151163e-09 -2.6385858617752e-09 -4.3512168339632e-08)
(-1.1641155838814e-09 -4.4612110842431e-10 -1.9842536877496e-08)
(-8.9079681829726e-09 -4.4098697223974e-09 -7.950597703418e-08)
(-9.9799213935833e-09 8.6384538364419e-10 -8.3262933778759e-08)
(-6.6216664710777e-09 -2.3074766421296e-09 -6.4352249960449e-08)
(-8.1648840183765e-09 -2.8361409064189e-09 -6.3885691170728e-08)
(6.071686531597e-10 8.6846676022092e-10 -1.3301698125552e-08)
(1.1326752674151e-09 1.349022811589e-09 -6.4648395440831e-09)
(1.4031247442688e-09 7.9685609298209e-10 -3.4600353174485e-09)
(-2.9191650162848e-10 1.8802737762063e-09 -2.3944130603656e-08)
(1.1872120518983e-09 8.6620933583344e-10 -1.029756884315e-08)
(-8.4200346624005e-09 2.6194456625037e-09 -6.3952878144411e-08)
(-2.1680253571274e-09 6.2450132860287e-10 -1.4230376201044e-08)
(-2.6850110725554e-08 7.9302505354404e-09 -2.7313081196013e-07)
(-1.2116563805064e-08 7.6911320407903e-09 -1.0766639872965e-07)
(-9.1151789628019e-09 5.7411317082393e-09 -8.1840700451917e-08)
(-5.8869775559773e-09 -3.4991053665599e-10 -4.0335603788186e-08)
(-1.2151758825406e-08 5.0669945729868e-10 -8.955994734538e-08)
(9.6183185294235e-10 2.8233225103362e-09 -6.3689863897464e-09)
(2.4222149200739e-09 6.000193705694e-09 -2.2137375957014e-08)
(9.8832157365796e-10 6.5272476065901e-09 -2.4129098396209e-08)
(9.3394676073667e-10 1.9837670902285e-09 -3.2901213869179e-09)
(-2.3979396078669e-09 5.6329804698453e-09 -2.8557581336392e-08)
(-2.33708105154e-10 3.7453214660734e-09 -1.1915188267812e-08)
(-5.8809199880379e-10 9.1337032145289e-09 -3.7730670950445e-08)
(-7.1503504129103e-09 8.7517104713675e-09 -6.8823704943664e-08)
(-5.1727911991351e-09 1.2722996762269e-08 -7.775279588682e-08)
(-5.5482388948525e-09 1.2561693023512e-08 -9.0298089448652e-08)
(-1.1771423367861e-09 2.4672536043991e-09 -1.1814373594863e-08)
(-3.6302033660132e-09 7.4050550904274e-09 -3.9763961067491e-08)
(-2.5874687190009e-08 2.1927943838979e-08 -2.7672936433493e-07)
(-1.2434008774681e-08 1.4392285358596e-08 -1.2023096661112e-07)
(-5.3647541412734e-08 2.1247033717368e-08 -6.1760725333345e-07)
(-1.866249717455e-08 1.0514654063358e-08 -1.6614895597457e-07)
(2.0993286264358e-09 5.6627770540448e-09 -2.4905884756738e-08)
(3.1141278272755e-09 1.0880072978643e-08 -6.7597430815631e-08)
(2.5092678794604e-09 5.0228234424519e-09 -2.0044622758384e-08)
(3.0767078654178e-10 6.6225314345298e-09 -4.6267208753846e-08)
(1.7105386723138e-09 1.0951562278207e-08 -7.1792877453511e-08)
(1.6086184676062e-09 2.6959118555402e-09 -7.1643208050126e-09)
(1.9022188871315e-09 4.6904569726188e-09 -2.083650245406e-08)
(1.0959881560419e-09 2.0687608146942e-09 -3.9726326711088e-09)
(1.1135201295529e-09 1.7780806588334e-09 -2.1346347594002e-09)
(2.0058475874799e-09 3.9367061450992e-09 -1.1323185626029e-08)
(6.7948415035146e-10 9.8514793507236e-10 -8.6377189612274e-10)
(9.9379830650426e-10 1.8410181241655e-09 -2.7307218256311e-09)
(2.3239596818045e-10 3.8767318387408e-09 -3.1650728156465e-08)
(3.9037366343146e-10 2.4202793689418e-09 -1.8989070318669e-08)
(1.3377366919492e-09 2.8193507097611e-09 -1.1785148155319e-08)
(6.7943971056007e-10 3.0677302673813e-09 -2.784643346792e-08)
(1.0386107779484e-09 1.1344992758305e-09 -1.4420873659682e-09)
(1.075651435393e-09 -1.9241641614755e-09 -1.2287199455853e-08)
(-3.5846170214701e-11 -2.5600246474422e-09 -2.1939033307909e-08)
(8.2864658538619e-10 -8.1024133528114e-10 -4.4024940210882e-09)
(7.1388172430579e-10 -4.9667677970764e-10 -4.8330511121189e-09)
(1.6823643364361e-09 8.0349407659162e-10 -3.8570898017701e-09)
(1.6583177787258e-09 6.2116278776984e-10 -2.0734743255808e-09)
(1.2298093193582e-09 4.0509060550819e-10 -1.3951202604867e-08)
(1.7571392737512e-09 5.8556151858249e-10 -3.8823772511716e-09)
(1.8572649664091e-09 6.7730416056983e-10 -1.9934287311431e-09)
(1.6158898038707e-09 6.8867009522103e-10 -6.830969450344e-09)
(1.9986592718637e-09 6.7687396576027e-10 -4.8808172179374e-09)
(2.1059432078147e-09 6.9808420357963e-10 -5.8822463792674e-09)
(2.0521728697736e-09 4.550419009275e-10 -6.2559204150603e-09)
(1.9644156228582e-09 4.6323158933689e-10 -2.3529236306712e-09)
(8.9261710251066e-10 1.256634092688e-10 -1.6541050038261e-08)
(-3.4217456824301e-11 6.0032808356839e-11 -2.2149632239327e-08)
(2.2255375543879e-09 5.4868177532065e-10 -6.0908160993354e-09)
(9.5209630329641e-10 5.7643500465784e-10 -1.3887913895362e-08)
(-1.2161881931266e-08 -1.6403652331913e-08 -1.7665207490256e-07)
(-7.8485313490934e-09 -8.6262944101262e-09 -8.5914837667103e-08)
(-5.155879443065e-09 -1.1553318447866e-08 -8.6305804556616e-08)
(-2.2347911514269e-09 -4.892412838343e-09 -3.7347665278425e-08)
(-1.3507454938419e-09 -4.3808596230538e-09 -2.3459424769524e-08)
(-8.569132031883e-10 6.8210553540231e-10 -5.8079320991897e-09)
(-2.581009025701e-10 5.0720963402802e-10 -2.5331644990975e-09)
(-4.8614306078714e-09 4.9530334420082e-09 -3.5227445425885e-08)
(-2.5039282471574e-09 1.7243451256443e-09 -1.3644669152591e-08)
(-1.3517982790882e-08 -1.3258915182946e-09 -9.1408404784096e-08)
(-5.8964076560809e-09 -3.4846253875534e-09 -3.6132928165206e-08)
(-3.3031587916651e-08 -4.3453336552121e-09 -3.1022016599572e-07)
(-5.1856945236048e-08 -1.9122306920204e-08 -5.9893919271288e-07)
(-4.3258573319183e-08 -8.5132706717791e-09 -4.1961896881678e-07)
(-2.0539889605612e-08 -9.544427748236e-09 -1.685763962544e-07)
(-1.6552972929514e-08 -5.9137888350239e-09 -1.4177962041171e-07)
(2.3479057742809e-10 1.8596362067541e-08 -1.0649983445098e-07)
(3.6293711560512e-09 1.6833500425122e-08 -9.7702011900325e-08)
(6.0131452035968e-09 4.3865513245838e-08 -3.9571835358048e-07)
(4.0787687412267e-09 1.2964643379264e-08 -7.1075015893561e-08)
(-3.4848161529402e-09 1.5353500730287e-08 -9.0118396094642e-08)
(-5.0633273606787e-09 2.5751002797932e-08 -1.763965485516e-07)
(5.5547378158162e-10 1.3114505493711e-08 -6.1922870785392e-08)
(8.5632032134359e-10 1.1520731180771e-08 -5.4872973560287e-08)
(-9.7271910079591e-10 3.4914182560757e-08 -2.9910674566042e-07)
(5.6591780907036e-10 5.4277771542955e-09 -1.722788919428e-08)
(1.8220021582273e-09 4.3031447941596e-09 -1.2275331763837e-08)
(-7.423780282235e-10 6.6890546532276e-09 -2.2550740808469e-08)
(-2.9462244124314e-09 2.4043682094054e-08 -1.5038037021998e-07)
(1.2246023641974e-09 5.9593129415008e-09 -1.7971426461943e-08)
(-9.1084499595792e-09 1.2615086543478e-08 -7.75038890468e-08)
(-2.5916370009331e-09 8.679762929348e-09 -3.3358998236795e-08)
(-4.6974662381472e-09 2.1465890799449e-08 -1.1650939161029e-07)
(-1.3679549022777e-08 1.7429244590261e-08 -1.3016727310722e-07)
(-1.4439447083679e-08 2.7045741021078e-08 -1.9711251397915e-07)
(-1.429691092947e-08 2.838758998021e-08 -2.2106219571833e-07)
(-4.7135164590475e-09 8.163036043455e-09 -4.1854033996892e-08)
(-3.1735495157117e-09 -4.8315449172329e-09 -2.7321321151918e-08)
(-1.352564364655e-09 -5.6586008816284e-09 -2.4551404209068e-08)
(-8.271497744835e-09 -1.6970474928758e-08 -1.2529446969046e-07)
(-5.5431464063382e-09 -9.6556802552448e-09 -7.2459297788398e-08)
(-3.4806875216878e-09 -6.4814801518278e-09 -3.3363088129378e-08)
(-2.9939705414112e-08 -2.2365912797229e-08 -2.8932409148981e-07)
(-1.7046920849453e-08 -1.8986120528343e-08 -1.7487444665857e-07)
(-6.8700689549616e-08 -4.0113411989217e-08 -8.4595389643775e-07)
(-2.84330227585e-08 -1.3657934044976e-08 -2.4001235238516e-07)
(-5.1991999198544e-08 -4.5157514229062e-08 -7.0708542571828e-07)
(-1.6123727685066e-09 4.2157182015918e-08 -2.9575257378587e-07)
(5.3984792844878e-09 3.7953876262411e-08 -2.7185631383309e-07)
(-8.773101204991e-09 9.8397008688592e-08 -1.0297595862476e-06)
(-6.9982072685436e-10 2.1090189608385e-08 -1.0491455985373e-07)
(1.4663190884444e-09 1.1135296535943e-08 -3.8403124420417e-08)
(4.7203553341419e-09 2.995489808536e-08 -1.6871846844791e-07)
(-2.7667498947696e-09 9.9155250688597e-09 -3.5475508072416e-08)
(-4.9098908975831e-09 3.0604890585793e-08 -1.7519373600151e-07)
(-4.3093354588026e-10 7.8678887286441e-09 -2.40190105509e-08)
(-9.5508618623537e-09 -1.293359575611e-08 -7.2548325804001e-08)
(-2.276836978057e-08 -1.8374711153799e-08 -1.8128711114362e-07)
(-3.4302553995238e-08 -4.1028369306282e-08 -4.1677990007195e-07)
(-3.1805749143569e-08 -6.4661181577006e-08 -6.2933379567306e-07)
(-1.770796766373e-08 -2.9457799468766e-08 -2.4157585242756e-07)
(-7.5706932238405e-09 -1.1087378479937e-08 -6.5180305602609e-08)
(-9.5470305605462e-09 9.2132739618326e-08 -7.1090175089765e-07)
(1.1258102398071e-08 1.4353242275156e-07 -1.5181231800151e-06)
(5.3694431012229e-09 6.4967578187907e-08 -4.7174899371446e-07)
(-1.363568090739e-08 4.1377120798894e-08 -2.4036652984915e-07)
(-1.0353337256672e-08 6.2242230859706e-08 -4.5858920430919e-07)
(1.5934799875749e-09 1.8977667774558e-09 -6.3010288503001e-09)
(1.3617451973644e-09 2.6541588430573e-09 -2.0495317389861e-08)
(1.3426531712237e-09 1.4795921316827e-09 -4.4760345835523e-09)
(1.8795677887156e-09 4.8047657805272e-09 -2.713602167512e-08)
(1.2694185478775e-09 1.1936238257309e-09 -2.1840811382887e-09)
(1.3315120150875e-09 1.6434950584476e-09 -3.1930210660256e-09)
(1.7609695820899e-09 2.0069913800498e-09 -7.9219935815194e-09)
(1.6454135158836e-09 2.8002346324701e-09 -1.1333665858151e-08)
(9.978770948e-10 4.7585982885062e-10 -8.2338659113187e-10)
(9.6960530848571e-10 6.0203770300699e-10 -7.6494423455535e-10)
(1.3215346840633e-09 5.2568800783246e-10 -1.7584284741042e-09)
(1.4256004479327e-09 9.4687913692687e-10 -2.5686512908548e-09)
(1.4869204997624e-09 6.0667867193098e-10 -2.4925307629178e-09)
(6.5964355060401e-10 3.3602414347361e-10 -3.4509716038383e-10)
(9.4956643379253e-10 1.9040518368617e-10 -6.526238147054e-10)
(9.9975063899939e-10 6.8217274092765e-10 -9.3742310661197e-10)
(1.8517415008424e-09 2.6396205008471e-09 -7.1305265759817e-09)
(1.5605646274475e-09 2.2678123222555e-09 -5.4776672652546e-09)
(1.6227830996643e-09 -1.4126215369916e-10 -2.9364706791602e-09)
(8.9449794030931e-10 -3.4412296221066e-10 -1.0736682100738e-08)
(1.6347949088345e-09 2.1359589160218e-10 -4.518268818799e-09)
(1.0353525174127e-09 2.0461036970026e-10 -1.2436806469996e-08)
(1.2281347191736e-09 1.4756078719116e-10 -5.060136845808e-10)
(1.2855191101493e-09 -2.7423382006125e-10 -9.3965377971701e-10)
(9.9134499253205e-10 -6.7978667499977e-10 -5.3101785261386e-10)
(9.2412823461496e-10 -3.1591463984427e-10 -4.5262840585412e-10)
(1.2615846719862e-09 -2.684696373463e-10 -1.0859608217996e-09)
(1.2306127202672e-09 -5.015512821193e-10 -9.9615676714099e-10)
(1.2869329778005e-09 -4.9258541366693e-10 -1.4584482064073e-09)
(1.173122537955e-09 -7.8604351675966e-10 -8.6390775003911e-10)
(9.7291365348316e-10 -7.763787941982e-10 -4.2259619324208e-10)
(1.0829503374758e-09 -8.0827210914146e-10 -1.2912635352967e-09)
(9.9342104115219e-10 -7.6176250490014e-10 -3.604238155744e-10)
(7.3262923230553e-10 -7.9118976178602e-10 -3.8923259021829e-09)
(9.0644353188346e-10 -8.9545075539324e-10 -4.6791780101818e-09)
(1.2057863990868e-09 -4.3517693232659e-10 -7.2019289153128e-10)
(1.2038162885148e-09 -4.6668513364936e-10 -6.0552882718883e-10)
(2.6944247021268e-09 1.1475497986046e-09 -2.6609093531538e-09)
(2.2133179810558e-09 1.3213115661076e-09 -1.413381670408e-09)
(2.3799043528866e-09 -2.4985700171026e-10 -7.1116352984782e-09)
(2.4582801342251e-09 4.6214951635012e-10 -3.3578527816292e-09)
(2.0263152788883e-09 5.0115941065484e-10 -2.1257403556833e-09)
(2.928100584089e-09 6.8057207537202e-10 -8.4343330702836e-09)
(2.3490471638653e-09 8.9337198472555e-10 -3.0009675044632e-09)
(2.6323910310097e-09 8.813586635379e-10 -3.371264643026e-09)
(1.0321721481546e-09 1.5429791372909e-09 -5.5269621171029e-10)
(2.6282735147104e-09 1.6958734098429e-09 -3.3589919523459e-09)
(2.431349931004e-09 2.1636575339324e-09 -8.6876973462527e-09)
(1.4993414864228e-09 1.2348646339813e-09 -6.9344260984148e-10)
(2.3121746314517e-09 2.3428434966486e-09 -1.9476864010214e-09)
(1.7140893138753e-09 1.5042953500109e-09 -1.1504681575047e-09)
(1.313794559843e-09 -2.7047314646687e-10 -2.1260393894099e-09)
(1.5174060346595e-09 2.4126055751929e-10 -8.0704167831444e-10)
(1.492107343732e-09 1.0424277829317e-10 -8.4045140359757e-10)
(4.2787446361228e-10 -1.4593999052257e-09 -5.7819724285891e-09)
(1.1375493798187e-09 -7.6085473844463e-11 -2.446990766392e-10)
(8.1804847869837e-10 2.4465432582731e-11 -1.2643193650581e-10)
(1.4635453889438e-09 2.3285846620647e-10 -5.1947019945564e-10)
(1.2221160289494e-09 3.4353801409507e-10 -2.0996098802755e-10)
(1.2381739246672e-09 2.8667875200709e-11 -3.7285759289258e-10)
(1.5218680411643e-09 7.8466393853219e-10 -1.3014736367935e-09)
(1.6052308938535e-09 9.6485791223659e-10 -4.6312186046706e-10)
(2.4056385279513e-10 -5.4924742721479e-10 -2.5357503944689e-09)
(9.829734923399e-10 3.5309647538554e-10 -3.6260090419576e-09)
(1.1845109452314e-09 -1.690388669157e-10 -4.1034470254579e-09)
(1.3089041188534e-09 1.2865288945881e-10 -1.3274529577083e-09)
(1.0320016952281e-09 -2.0507599237724e-10 -9.840517157905e-10)
(2.0166039160663e-09 1.2034408859033e-09 -1.8441758424191e-09)
(1.261521693963e-09 3.8088284299474e-10 -9.3886334606242e-10)
(1.9314710766425e-09 8.3530223163914e-10 -3.516918587253e-09)
(2.0970006889672e-09 -1.838628477465e-11 -1.9410169006282e-08)
(1.9561685581992e-09 8.144766580922e-10 -6.0886134759338e-09)
(1.8714168228393e-09 1.139586481281e-09 -2.3838540882265e-09)
(2.933367014772e-09 7.3629301286147e-09 -3.0360253664115e-08)
(3.7275869052315e-09 1.8530015363049e-08 -1.2963571046423e-07)
(2.8151281258062e-09 8.613873475976e-09 -4.1303093974692e-08)
(-1.7889627360233e-10 1.1479906496187e-08 -6.782142256633e-08)
(-1.9724191106959e-10 1.1828414573415e-08 -6.7227861292509e-08)
(1.6523512219741e-09 4.1700311643246e-09 -1.1237535607253e-08)
(1.4574829926027e-09 4.12867406333e-10 -3.8980565213373e-09)
(1.4526344033041e-09 8.258707036739e-11 -1.92775650427e-09)
(1.4577181905724e-09 2.2505145729376e-09 -4.386245899926e-10)
(1.8615625696585e-09 1.745479668236e-09 -1.26824702667e-09)
(1.4248537752766e-09 1.7873541229625e-09 -4.0615201070365e-09)
(1.512945069542e-09 2.4066792326422e-09 -1.5905005439202e-09)
(1.4339464725312e-09 1.906354899089e-09 -3.5096990200331e-10)
(1.0931912415243e-09 -3.0581303505432e-10 -2.1554134777789e-09)
(1.0703559542904e-09 -3.3555616217126e-10 -1.3069268474939e-09)
(1.0933013321225e-09 1.2601588783209e-09 -4.8830478340776e-09)
(7.3935418445763e-10 1.3451913196337e-09 -6.1262727897559e-09)
(1.0599870620128e-09 -9.5370536374605e-10 -6.1965495494901e-10)
(8.0652845321412e-10 -1.5143696535825e-10 -1.7747334116885e-09)
(7.478163102877e-10 -8.2695537350352e-10 -1.1938034738104e-10)
(8.0620223713417e-10 -7.6575237381266e-10 -3.801353279559e-10)
(8.1328788782514e-10 -8.7114212103735e-10 -2.800960019728e-10)
(6.3733665051722e-10 -8.6700530303998e-10 -6.7475594159998e-12)
(8.8953409904733e-10 -9.7175218409205e-10 -3.3621144883908e-10)
(-2.820818576245e-07 -4.9025552013501e-07 -3.5203454347298e-06)
(-1.8253451051374e-07 -6.7994744222418e-07 -4.8050685295788e-06)
(-9.4393552032267e-08 -4.8567022900378e-07 -3.4760212582594e-06)
(-4.8303622970304e-07 -6.1034489980533e-07 -6.005007730727e-06)
(-1.5418443673127e-07 -2.2717119279562e-07 -1.4271028165825e-06)
(-9.0803315850824e-07 -3.0197668430514e-06 -7.3619827738254e-06)
(-5.1011194502378e-07 -1.4529276777214e-06 -3.4726464881861e-06)
(-3.0541302361296e-06 -3.4400011166603e-06 -1.174388134408e-05)
(-3.7781123654497e-06 -5.0013520869382e-06 -1.3221579037727e-05)
(-1.5569427233621e-06 -2.2912174591663e-06 -6.4790552015514e-06)
(-2.0816109118374e-06 -4.0117382931559e-06 -9.5620766679272e-06)
(-1.4800224125761e-05 -2.4281388810634e-05 -2.2340683217551e-05)
(-5.8265997567814e-06 -1.6703144625303e-05 -1.7244879827832e-05)
(-2.4680412276336e-06 -7.1569061630764e-06 -7.8328345595264e-06)
(-7.3747530126796e-06 -1.3416017917529e-05 -1.8550087231032e-05)
(-1.4512629749014e-05 -5.3294073852103e-05 -2.2228493678373e-05)
(-4.0095901069541e-05 -7.043422832213e-05 -2.0792622569021e-05)
(-3.925922446315e-08 -5.4046625142989e-08 -6.7842686528802e-07)
(-1.1200029305397e-08 -2.2685656549223e-08 -1.7362845462467e-07)
(-1.0515119544346e-07 -2.1575899738289e-07 -1.9634036519295e-06)
(-5.4939043155518e-08 -1.8275837370538e-07 -1.5445868669075e-06)
(-1.7762510246855e-07 -2.4507853902408e-07 -3.2709784745841e-06)
(-2.6275450493595e-07 -3.6355678575772e-07 -4.6893805789958e-06)
(1.5555252285279e-09 1.220724926654e-09 -1.5732314375273e-08)
(1.3297808591759e-09 1.7414351654132e-09 -6.353295650674e-09)
(1.3488752661191e-09 2.3936099222774e-09 -3.3755928052743e-09)
(2.1604618776153e-09 1.4970903779815e-09 -4.6641829130617e-09)
(1.6488751525775e-09 2.2152601012805e-09 -1.0285200286256e-08)
(1.6195096460171e-09 6.8667664017405e-10 -1.5988447673071e-08)
(-3.0005737611704e-06 -5.7929141247538e-06 -1.0713419662029e-05)
(-1.3344792914497e-06 -5.5487812450611e-06 -8.9961575969894e-06)
(-5.3214691962763e-06 -6.3413962523418e-06 -1.4109933019324e-05)
(5.1661162912722e-09 4.9003490947589e-08 -1.7178697057093e-07)
(1.9347967433035e-08 1.4191990325686e-07 -8.4457013406606e-07)
(-3.8679670950641e-08 1.6958750537783e-07 -1.1606963777888e-06)
(-3.0370481280696e-08 1.2165192727625e-07 -8.1276356277918e-07)
(-5.3842672280401e-09 2.2764059595242e-08 -6.202330307788e-08)
(-1.445708654719e-08 4.6883826380815e-08 -2.0403504424478e-07)
(-1.3594101433447e-06 -6.1191101525816e-05 -1.2343501409219e-05)
(4.8834696379858e-06 -4.5050819588164e-05 -1.3838503247245e-05)
(-3.2000610516778e-05 -9.3631575645776e-05 -1.4885713335528e-05)
(-6.8864269593253e-06 -4.2448952983698e-05 -6.5183684776302e-06)
(-8.3972220346319e-06 -9.5003792642494e-05 -1.438807507057e-05)
(-6.6122326906087e-06 -5.5769191831401e-05 -1.6309730594638e-05)
(-6.6581521627148e-08 -6.9200534429956e-07 -3.6792428768664e-06)
(7.0258340004911e-08 -5.8298363551239e-07 -3.3116644861223e-06)
(-9.6182609417945e-08 -3.8238542864025e-07 -1.6037804571252e-06)
(-6.124244621644e-08 -9.9218453455948e-07 -6.9270231029194e-06)
(-2.0458018125361e-08 -2.8693397782069e-07 -1.7877553423123e-06)
(5.7645996546641e-08 -3.4977776998086e-07 -2.4140237827742e-06)
(-1.4933974969941e-07 -5.6580367231324e-07 -5.2385853524682e-06)
(-2.237622604566e-08 -5.8197642680426e-07 -5.3649397802423e-06)
(-3.4941153599523e-08 -2.5383325950114e-07 -1.8181603191498e-06)
(-1.0722743736831e-09 -1.184649972855e-07 -7.9551648645036e-07)
(-3.5258823420838e-08 -1.7151040459706e-07 -1.4902014799568e-06)
(-6.9139091245409e-08 -2.914611838704e-07 -3.705688499388e-06)
(-1.5115594544854e-08 -8.0824581181487e-08 -4.2709581541549e-07)
(-5.917010461699e-09 -5.4064047991418e-08 -2.6724451214582e-07)
(-6.2056805263784e-09 -2.5144910864105e-07 -2.8771765763186e-06)
(-2.8572219188147e-08 -3.1992302336475e-07 -3.7277154358936e-06)
(-1.6853109690925e-08 -1.1932763892869e-07 -8.9676375343978e-07)
(-1.068908686894e-08 -1.7084234877835e-07 -1.298845526958e-06)
(-5.4864023694472e-09 -6.0327968606225e-08 -4.1037092117516e-07)
(1.3519880990616e-08 -8.7220982801206e-08 -6.8686803083339e-07)
(-2.578407121376e-08 -7.3304128454502e-08 -5.8080020788468e-07)
(-3.3682745401653e-08 -1.6074222220869e-07 -1.8492750583803e-06)
(-4.4018519399872e-09 -2.5413768247881e-08 -1.1727048423981e-07)
(-1.8565735142854e-09 -2.6453088742142e-08 -1.3212855147686e-07)
(-3.4264942435989e-09 -1.4437380564401e-07 -1.5757969329461e-06)
(6.1953478009928e-10 -6.3662657148062e-09 -3.9296552998344e-08)
(1.7535410248975e-09 -4.3105356221831e-09 -2.5918115432381e-08)
(1.4229460534175e-09 -2.4473327346069e-09 -1.6867193265457e-08)
(1.0808430540036e-09 -4.3275892706856e-09 -2.6994431029165e-08)
(6.0670435286381e-10 -1.0170798676653e-08 -8.4781266509272e-08)
(-6.8437757175692e-10 -1.633122341821e-08 -1.4125922698828e-07)
(8.2280463454197e-10 -5.6687322496726e-09 -5.0467120954891e-08)
(8.571923662677e-10 -1.0404754459625e-08 -6.1122108443403e-08)
(-9.7496877583946e-10 -1.055478434054e-08 -6.4234588525542e-08)
(7.2888774659499e-10 -2.5425498803072e-08 -2.2213418824666e-07)
(-3.4390589128617e-11 -1.1567663148315e-08 -7.9714899614105e-08)
(8.1206718024645e-10 -9.613398431058e-09 -5.1150432735028e-08)
(1.4791155440686e-10 -1.9684656215593e-08 -1.1866689316059e-07)
(-6.4217498783569e-09 -2.6175846519171e-08 -1.9781020131254e-07)
(-1.3496418828081e-08 -6.0787571545203e-08 -6.1969299560972e-07)
(-8.9152388004031e-10 -1.0958468616955e-08 -5.2714478182964e-08)
(-2.1392671367853e-09 -5.1045466491862e-08 -4.6970086234032e-07)
(-1.0296321953738e-08 -7.2002910684119e-08 -7.1680059417069e-07)
(-3.8154598554708e-09 -2.9140999967379e-08 -2.4154664283082e-07)
(1.012298860944e-09 -2.8772632342102e-08 -1.9001452736078e-07)
(1.2516161274322e-09 -1.218848587544e-09 -1.5896160261361e-08)
(1.1490275054093e-09 -1.5244451463151e-09 -1.8294279981982e-08)
(5.4421046397198e-10 -3.8791064174509e-09 -4.8387109545364e-08)
(1.0430418469078e-09 1.4153639248661e-09 -6.2645485732734e-09)
(5.8280521211975e-10 1.5006174687888e-09 -7.3777548733193e-09)
(1.2234836068596e-09 6.5110464762183e-10 -1.6141592617771e-08)
(1.1916438618147e-09 9.6784722027452e-10 -3.1897503500869e-09)
(1.4116511841601e-10 1.4632995222693e-09 -1.8215934222469e-08)
(5.2363415111106e-10 7.9619956022122e-11 -2.547487894336e-08)
(1.1625685211451e-09 6.7161736764713e-10 -9.3252415538197e-09)
(1.2122400353782e-09 3.1089993405196e-09 -3.1947967718009e-09)
(-2.3334551499595e-10 3.1415551726408e-09 -7.0803034888269e-09)
(1.2219746266938e-10 2.7759557871614e-09 -1.0804635406404e-08)
(8.171733397291e-10 3.375634635396e-09 -3.3921085905761e-09)
(-2.8522355683181e-07 3.5156650896313e-06 -6.3100225502475e-06)
(8.2765780923438e-07 4.2086424880486e-06 -7.4453118305162e-06)
(1.1959659043183e-06 6.7495313450134e-06 -1.3276104605962e-05)
(-2.4648674556965e-07 2.0885934737705e-06 -3.4793062498094e-06)
(-4.6921086256052e-07 3.0097639709618e-06 -6.2686053112743e-06)
(-5.9006393078756e-08 5.9742545295519e-06 -1.2754254831467e-05)
(-6.1277227546645e-07 4.5225501118158e-06 -7.5852045003292e-06)
(-1.1014012401943e-08 1.4812000241409e-07 -1.0868399735905e-06)
(-1.457992095672e-08 1.3422894540607e-07 -1.0994535715792e-06)
(-2.3580966166446e-08 2.2147657136248e-07 -1.9130134163358e-06)
(-5.7748696319518e-08 8.1408699818996e-07 -4.657817017179e-06)
(7.4176380759787e-08 6.5775470265782e-07 -3.8643512543407e-06)
(-3.1298920017983e-07 9.1202933765775e-07 -5.8132019986999e-06)
(-1.3822060116102e-07 1.2891469592155e-06 -8.8588811430339e-06)
(-8.0808560473193e-08 5.0505944986448e-07 -2.2342754087646e-06)
(-3.8017301835521e-05 3.1716961811283e-05 1.5198173609229e-05)
)
;

boundaryField
{
    auto0
    {
        type            fixedValue;
        value           nonuniform List<vector> 
87
(
(4.5792930184273e-06 8.3942221948935e-07 7.8027898648078e-06)
(4.5258471203199e-06 -8.4341091101335e-08 7.8264513632866e-06)
(0 0 0)
(0 0 0)
(0 0 0)
(0 0 0)
(-4.0729956101442e-06 1.2321401515737e-06 7.697764594329e-06)
(0 0 0)
(-4.0589316452124e-06 3.6850904967213e-07 7.7024005969732e-06)
(-3.6980116362831e-06 2.0425639604167e-06 7.7298875472468e-06)
(-3.0649753328758e-06 2.6646672159806e-06 7.7525419442312e-06)
(0 0 0)
(0 0 0)
(0 0 0)
(0 0 0)
(0 0 0)
(0 0 0)
(0 0 0)
(0 0 0)
(0 0 0)
(0 0 0)
(-1.0702162058438e-06 4.2021333337121e-06 7.6492363413803e-06)
(0 0 0)
(-1.8084900068052e-06 3.6892399324467e-06 7.7118409790335e-06)
(0 0 0)
(0 0 0)
(0 0 0)
(0 0 0)
(0 0 0)
(0 0 0)
(0 0 0)
(-3.5821082984817e-06 -1.9504757588653e-06 7.6820381864304e-06)
(-4.1717858531302e-06 -1.3498110170574e-06 7.6677538217815e-06)
(0 0 0)
(0 0 0)
(0 0 0)
(0 0 0)
(-2.2804910806473e-07 3.9256359723257e-06 7.6248013392313e-06)
(5.1061300825714e-07 3.8933287118273e-06 7.6565731082361e-06)
(0 0 0)
(6.7371489901459e-07 -4.1714538537726e-06 7.823695045441e-06)
(0 0 0)
(1.5883602681618e-06 -4.2731976187975e-06 7.7867752678088e-06)
(0 0 0)
(0 0 0)
(0 0 0)
(-2.2047701793173e-07 -4.0162814526301e-06 7.8414038709719e-06)
(0 0 0)
(0 0 0)
(0 0 0)
(0 0 0)
(0 0 0)
(0 0 0)
(0 0 0)
(0 0 0)
(0 0 0)
(4.1721680960624e-06 -1.8452907753381e-06 7.7989156819856e-06)
(0 0 0)
(0 0 0)
(0 0 0)
(0 0 0)
(0 0 0)
(0 0 0)
(0 0 0)
(4.1311657867174e-06 1.7717926945762e-06 7.7902483614515e-06)
(0 0 0)
(-1.9189983056245e-06 -3.8921555452853e-06 7.8737892542385e-06)
(3.434056926392e-06 2.4492757283525e-06 7.7753505841459e-06)
(-1.2234805968238e-06 -4.2609743212787e-06 7.8704396149761e-06)
(0 0 0)
(-4.152164244409e-06 -4.4579659729433e-07 7.6924212745559e-06)
(2.1804491370108e-06 3.6549168010073e-06 7.7388972939692e-06)
(0 0 0)
(0 0 0)
(0 0 0)
(1.3997861547438e-06 3.9402080644657e-06 7.700827687198e-06)
(0 0 0)
(-2.3619555309352e-06 3.1644471811732e-06 7.7581758469788e-06)
(0 0 0)
(0 0 0)
(3.339607577482e-06 -2.4103619876251e-06 7.751260531371e-06)
(3.0387503899791e-06 -3.211332468671e-06 7.7046324150056e-06)
(2.352033646784e-06 -3.8755578168223e-06 7.7344798066962e-06)
(4.9070511863649e-06 -1.0911830993267e-06 7.8103774605601e-06)
(-3.0862981396448e-06 -2.6580688991929e-06 7.7302475759482e-06)
(2.790788626958e-06 3.0731068402211e-06 7.7618045287358e-06)
(-2.4750562921081e-06 -3.3427911684662e-06 7.8182212676594e-06)
)
;
    }
    interface
    {
        type            fixedValue;
        value           nonuniform List<vector> 
1860
(
(2.7301948926539e-09 2.1049433061799e-09 -4.0790237501283e-09)
(3.2448893523478e-09 2.3226100779595e-09 -5.3030994371687e-09)
(2.5194041047728e-09 2.9147341777226e-09 -5.0303140943706e-09)
(3.256872608065e-11 -4.0903371816483e-09 -6.1908065277215e-08)
(-2.0798837023459e-10 -2.1272573716041e-09 -5.2542638950564e-08)
(-2.901451940576e-10 -1.1948754088917e-09 -4.4164574140848e-08)
(2.8992554888943e-08 1.2583533708767e-08 -2.7911444265845e-07)
(2.6510242001909e-08 6.3740203545199e-09 -2.3591367459129e-07)
(3.5142438128642e-08 8.1314445508808e-09 -3.2975961981664e-07)
(3.6700588860347e-09 5.1082700476189e-08 -5.1433874558053e-07)
(3.5232041429038e-09 7.0322255326186e-08 -7.1364096290159e-07)
(-4.2088776487721e-09 5.5984830686962e-08 -5.5077736913349e-07)
(-2.4726875030494e-09 1.8762076201416e-09 -1.1606838150616e-08)
(-1.9549177289768e-09 1.028947692674e-09 -7.745921826421e-09)
(-2.828980964965e-09 2.2749279241941e-09 -1.0453279284321e-08)
(1.0629845326431e-08 -5.9847236271273e-09 -1.2017817034708e-07)
(1.4798295996078e-08 -4.8811935291312e-09 -1.4211035163171e-07)
(1.0183005066016e-08 -3.3184777242925e-09 -1.0159708760642e-07)
(1.8439917126561e-09 2.1274554353183e-09 -1.1041500161348e-08)
(2.2934603842237e-09 2.8156704196739e-09 -7.7911685625744e-09)
(2.38650682072e-09 1.5836301381467e-09 -9.2681210125516e-09)
(2.8175751153585e-09 8.4039427424546e-10 -9.542965061197e-09)
(1.5687722996694e-09 1.2037421627305e-09 -6.8636063475255e-09)
(1.0139548991229e-09 -1.7491673471989e-10 -6.7911489072863e-09)
(-8.7946491350289e-07 6.6175046977822e-09 -8.4325764911099e-06)
(-1.2229902659347e-06 9.9502380417726e-09 -9.4933519466266e-06)
(-1.0556814654843e-06 -1.8140427686705e-07 -8.9847904254537e-06)
(6.7830339595378e-11 6.7786239456214e-12 -6.4324008854348e-10)
(2.6818235211848e-10 4.8695133592464e-10 2.1729770267018e-10)
(2.1372472658259e-10 3.8268968014807e-10 1.9372069473309e-10)
(-1.6709072416877e-07 -2.0485217868937e-07 -3.6841084063139e-06)
(-1.4203513620959e-07 -2.5613307319512e-07 -4.1344820861928e-06)
(-1.1282270202242e-07 -2.0488079296297e-07 -3.2622725826484e-06)
(-2.0245917619514e-09 4.2241440748219e-08 -3.9603634640565e-07)
(3.7656078847173e-09 4.1224021394775e-08 -3.6927953745231e-07)
(5.2865951726243e-05 -9.2396363912287e-05 -1.9616439115412e-05)
(6.3759831393598e-05 -7.5916632482204e-05 -2.2738904390747e-05)
(4.4245980933517e-05 -7.3194910698525e-05 -2.6562454659152e-05)
(4.0382281585229e-08 3.6027057480882e-08 -5.4130106029851e-07)
(3.9989073375984e-08 2.5292962942148e-08 -4.5992544633932e-07)
(5.0226880682852e-08 3.10441543839e-08 -6.4015678485411e-07)
(-3.211977640581e-05 9.0675475222697e-08 1.6167262321754e-05)
(-3.1780557927863e-05 6.6022959382297e-06 1.6164308613254e-05)
(-4.2712136957217e-06 3.8362188805179e-07 7.7492246071369e-06)
(3.3925531715854e-08 6.0545607170548e-08 -7.2756876287136e-07)
(3.8357676650494e-08 4.7517152237444e-08 -6.3178281717401e-07)
(4.9595629700615e-08 6.151167124673e-08 -8.7406597070246e-07)
(2.0459327391578e-09 -5.0072949300364e-10 -9.3714027586405e-09)
(-4.5165028334413e-09 1.3524157672899e-08 -1.3189450564485e-07)
(-6.7193152754969e-09 1.7378005248462e-08 -1.7961624238849e-07)
(-7.2434687460181e-09 1.3008974405044e-08 -1.4470715283655e-07)
(-7.7173293283699e-06 5.7171859629465e-06 -1.6902488393648e-05)
(-8.7660081171364e-06 5.5948382326027e-06 -1.7907086907707e-05)
(-8.4763467236568e-06 4.4120063122904e-06 -1.6858063746215e-05)
(6.533089671479e-07 -3.6795391632564e-07 -7.8969347770029e-06)
(5.8281600447547e-07 -2.0784663777561e-07 -7.3172074344225e-06)
(4.5906182402097e-07 -2.6137436499877e-07 -6.7441499388372e-06)
(4.1697653325787e-05 -8.7194575454518e-05 1.1043333068398e-05)
(2.3417659302128e-05 -9.3392527701746e-05 1.1061493273001e-05)
(2.2742511114489e-05 -6.2801997374402e-05 1.7977455415874e-05)
(-4.3929359562081e-09 4.5816886660348e-09 -7.7644633874171e-08)
(-6.0686593368689e-09 7.9882050477635e-09 -1.1211108752365e-07)
(-6.4396899876482e-09 4.8782013083274e-09 -9.929623479806e-08)
(-2.5614709352494e-06 -3.4360695259384e-06 7.8331456415379e-06)
(-1.7167879419896e-05 -2.769527341769e-05 1.625135528853e-05)
(-2.2176741755054e-05 -2.3513190831198e-05 1.6175610556269e-05)
(-5.7634614410232e-10 5.1808793702413e-10 -1.0002227406412e-09)
(8.4258341998962e-10 -3.6410711475866e-10 1.3488199945702e-10)
(5.020979609676e-10 -2.988435654077e-10 1.2819281567754e-10)
(2.8325560089689e-09 -2.0788070887307e-09 -3.1836743257066e-09)
(9.0502176386155e-10 -1.3933154548467e-09 -3.860469343264e-09)
(1.508000284968e-09 -9.0083714373172e-10 -4.3816858486218e-09)
(-1.2400328368497e-09 -9.3200762784085e-10 -2.7937200661832e-09)
(-1.4653133784675e-09 -1.3218625333258e-09 -3.6779808691169e-09)
(-1.1926419442515e-09 -1.0997297598588e-09 -3.5550750458663e-09)
(9.4286562948909e-09 -7.2172929051999e-10 -8.5781002420641e-08)
(9.9535703128905e-09 9.3277879496769e-10 -7.2419857374176e-08)
(6.996454273675e-09 -5.6549047265677e-10 -6.1013881613967e-08)
(-2.0510523321429e-07 4.2831017482458e-08 -2.851799565802e-06)
(-1.8115759692642e-07 2.6087331272138e-09 -2.4942977529853e-06)
(-1.5778094807297e-07 3.3338174335385e-08 -2.1764050743282e-06)
(-2.0377534041709e-07 -2.4786540166778e-07 -4.6149837964466e-06)
(-2.5259569225795e-07 -3.0453524774295e-07 -5.6488826099982e-06)
(-1.7057894406495e-07 -3.0448599665835e-07 -5.1201664294086e-06)
(6.2794046775352e-06 3.6871339458591e-06 -1.5720014280445e-05)
(6.0363075236226e-06 2.2267619929065e-06 -1.5296547596162e-05)
(7.6570068743032e-06 2.8611970708918e-06 -1.6177414467429e-05)
(-4.5716236570139e-10 -6.453011344098e-10 -3.5549918999261e-09)
(1.2817255958701e-10 7.0123848594823e-11 -3.4640584230069e-09)
(2.9461750284487e-11 -4.5955766527381e-10 -2.6657718407275e-09)
(-3.12394334098e-08 6.6662633676656e-09 -3.1963837423445e-07)
(-2.235907236921e-08 5.3288852434458e-09 -2.2793826688862e-07)
(-2.6363927109451e-08 1.229543173821e-08 -2.8329938170561e-07)
(-6.2563616046316e-10 7.8083165962852e-10 -1.0619774905572e-08)
(-1.595786498791e-09 1.2890044898967e-09 -1.336741864161e-08)
(-7.960564227017e-11 3.8366209478908e-10 -1.5647981724076e-08)
(3.1347525011354e-05 1.0860603304943e-05 1.6273125031387e-05)
(5.2427283857007e-05 9.3748657925646e-06 1.8663066275756e-05)
(4.9680448029523e-06 8.6317707659845e-07 7.889274741838e-06)
(-3.9793047428605e-06 8.9508865016522e-06 -1.7178875745228e-05)
(-2.5817749095874e-06 9.2424406136807e-06 -1.6960106163643e-05)
(-3.1395033279747e-06 1.0273742546255e-05 -1.8573038245311e-05)
(3.500231682064e-07 -4.0787785635176e-07 -6.7491218939383e-06)
(3.5885494478052e-07 -2.9727349753084e-07 -6.1821378397989e-06)
(2.7245012800778e-07 -3.174730926185e-07 -5.6370970474691e-06)
(6.2532108125521e-09 1.8151323714884e-07 -2.3927621143856e-06)
(4.1330067627525e-08 2.176967909924e-07 -2.9177418415104e-06)
(7.5069746987387e-09 2.3538508473282e-07 -3.1116882107336e-06)
(5.195904701592e-10 -2.0580051543415e-09 -3.4379553516222e-09)
(-6.3884489832981e-10 -4.8903724727574e-10 -5.1516358225921e-09)
(4.8615470015074e-07 -3.9990142359064e-07 -7.322341569051e-06)
(-5.8582426571773e-06 7.2717323017537e-06 -1.6664654034023e-05)
(-5.3314848969209e-06 8.4821943990808e-06 -1.7431694284254e-05)
(-6.6579486062577e-06 7.8737390367192e-06 -1.7754845829427e-05)
(-3.2174019152915e-06 -2.7613217009301e-06 7.76024226276e-06)
(-2.6554207691495e-05 -1.8512922782929e-05 1.6105384055501e-05)
(-2.5096080562448e-07 9.5388451424811e-07 -8.6597180601817e-06)
(-1.4949370082987e-07 1.2331202042926e-06 -9.4993975217219e-06)
(-3.2826192334749e-07 1.2244497407946e-06 -9.6865122876211e-06)
(1.3059656629203e-08 3.2428528535253e-08 -3.0605562639399e-07)
(1.6722830273684e-08 4.2893132887587e-08 -4.2650580843644e-07)
(8.958078733332e-09 3.724590628921e-08 -3.3959912693815e-07)
(5.5703184370544e-08 1.5275650312465e-07 -2.0462530056898e-06)
(2.5505615875633e-08 1.3640545104175e-07 -1.6760296886405e-06)
(4.3324842416103e-08 1.2094045858599e-07 -1.5291206548316e-06)
(5.0137879986291e-08 -6.0764468094875e-08 -8.8417446784197e-07)
(3.788109070048e-08 -4.5680896088016e-08 -6.3965739200518e-07)
(3.3911325537588e-08 -6.0159501110078e-08 -7.5353811636979e-07)
(-7.9019688537523e-05 -5.4952143067925e-05 1.1020639136965e-05)
(-9.8496673447314e-05 -5.4397375269423e-05 6.1650109751093e-07)
(-8.8612641398143e-05 -3.7763457761351e-05 1.1054971258105e-05)
(-1.7142272952206e-05 2.7450114442997e-05 1.6241319223976e-05)
(-1.1463648400112e-05 3.0732701538429e-05 1.6190545387211e-05)
(-1.8902615637321e-06 3.8619518543277e-06 7.7698366506988e-06)
(3.5318312772064e-07 -1.2545355966116e-07 -5.1044576521697e-06)
(2.9756706681191e-07 -1.6884949413398e-07 -4.6033089182163e-06)
(3.537189148491e-07 -2.0180438671739e-07 -5.6321977901052e-06)
(-3.9074299861013e-10 -9.5589988727371e-11 -1.4446985643559e-09)
(-5.2968571859259e-10 -2.0762504711996e-10 -2.2168973594967e-09)
(-5.4173157948392e-11 -1.0096479531712e-09 -2.2239269610861e-09)
(7.1155008206841e-07 -5.7841842191526e-07 -8.4607187496955e-06)
(3.5129709202181e-07 2.0742522744559e-07 -5.6235163398541e-06)
(3.5058714472889e-07 2.9708814051951e-07 -6.1549220927617e-06)
(2.8928216185288e-07 2.4570279342907e-07 -5.0892271099801e-06)
(5.7570091759594e-06 6.9922283006493e-06 -1.6439660072694e-05)
(4.8006924632796e-06 8.403373551575e-06 -1.6709943886622e-05)
(3.9652790690802e-06 7.0273396006504e-06 -1.6036565880941e-05)
(-6.5704845265101e-09 2.4426201397588e-08 -2.3003218791346e-07)
(-2.9717601913986e-09 2.440077636081e-08 -2.157901278549e-07)
(-5.1421539225888e-09 3.2574435903285e-08 -3.0180130423427e-07)
(-3.7814000624518e-05 -4.976166961668e-05 -2.8968649745817e-05)
(-4.5245375899546e-05 -7.371384183271e-05 -2.6310561076753e-05)
(-2.7091235481621e-05 -5.6794963525231e-05 -2.9012290633812e-05)
(8.7666188189761e-06 5.2495398892952e-06 -1.7458922912888e-05)
(8.9494127657929e-06 3.4232018583673e-06 -1.6934465098226e-05)
(1.0010894021131e-05 3.9257320551321e-06 -1.8297028931673e-05)
(-2.0089724709817e-06 -1.3788062361827e-05 -2.0901984419627e-05)
(-4.4858765462166e-06 -1.226532404689e-05 -2.0364326192335e-05)
(-4.632029164188e-06 -2.2767500697633e-05 -2.4736465916672e-05)
(-8.7812921343024e-09 -1.950981829787e-08 -1.9931550434338e-07)
(-4.3201364264012e-09 -1.6800100805367e-08 -1.6781514785844e-07)
(-5.0854179644599e-09 -1.323391420156e-08 -1.4119884288245e-07)
(-4.2664088089474e-06 1.2650503622131e-06 7.7400077614404e-06)
(1.1440588740242e-09 -9.3857948579544e-11 -3.2257852506128e-08)
(1.1962979571889e-09 3.9177360105757e-10 -2.391050786298e-08)
(1.5358432954384e-09 -6.2713702964195e-10 -3.1904257158754e-08)
(9.6801667203816e-08 -1.6429445294801e-07 -2.5117397775896e-06)
(1.222236242083e-07 -2.0642421569999e-07 -3.257333616592e-06)
(1.4331688847251e-07 -1.6544517174053e-07 -2.8673490025767e-06)
(-3.8279804852182e-06 2.1036557652248e-06 7.7642411606844e-06)
(-2.6826456288471e-05 1.8749912921073e-05 1.6175787437201e-05)
(-3.177678052172e-06 2.7762780924256e-06 7.7825077475492e-06)
(2.6713596719615e-09 -2.1626348355265e-09 -2.3911173919542e-09)
(3.7210202059929e-09 -1.692896743897e-09 -2.5931181487886e-09)
(6.5660498777181e-08 1.8484854144392e-09 -7.5349898600383e-07)
(5.6979962614807e-08 -8.7037565879701e-09 -6.3967309869879e-07)
(7.5137970082384e-08 -1.168945149709e-08 -8.8442645515138e-07)
(3.8448773128038e-05 -0.00010705690047383 7.6286194605159e-07)
(5.8959727810139e-05 -9.6848010858421e-05 4.90523515792e-07)
(-3.4657001585868e-07 1.3681195251283e-07 -5.1089551965581e-06)
(-3.2448093725529e-07 6.5635690040444e-08 -4.583326925828e-06)
(-2.7597395504231e-07 1.1025546509553e-07 -4.1309528565289e-06)
(-2.2306027572428e-08 -1.5532909180483e-08 -2.4586587445358e-07)
(-1.3523000660939e-08 -1.0149302614243e-08 -1.760621370436e-07)
(-2.0413816963951e-08 -8.9723471078886e-09 -2.17059784635e-07)
(-1.7643018188133e-07 2.0262801014751e-05 -2.4069445659085e-05)
(-2.1626784709261e-06 1.3390275890732e-05 -2.0927967391055e-05)
(1.3374596303376e-07 1.2631406862755e-05 -2.0217202886338e-05)
(-1.9324576669469e-10 -1.3432060527527e-09 -4.4835447750985e-08)
(-5.1713886512873e-10 -4.1700964464602e-10 -3.7730457841989e-08)
(-1.4279772383024e-06 1.0268580581023e-05 -1.8163855647908e-05)
(2.4782651693016e-07 1.0071251693774e-05 -1.7744475167216e-05)
(8.9460479460478e-05 -7.4233901499905e-05 -7.2672344715542e-06)
(7.1788490244378e-05 -9.0514663342749e-05 -1.1554953571231e-05)
(7.5786792739468e-05 -8.3195686352142e-05 1.3323841657054e-06)
(4.6910100864784e-09 -1.6479839082679e-09 -5.1400680860706e-08)
(6.6790235238329e-09 -2.2949888794874e-09 -7.2364081661428e-08)
(0.00011626387093972 3.0106075468445e-07 -6.1590287665029e-06)
(0.00011263667168822 -1.9618327432608e-05 -1.2237847264311e-05)
(0.00011154303486144 -1.9786798285867e-05 2.3337852967771e-07)
(1.6014916555718e-09 8.3247441262314e-09 -5.5312683681378e-08)
(1.574423587843e-09 6.1210864856429e-09 -4.0435059492651e-08)
(2.266211707188e-09 7.7847306931391e-09 -5.0659478653976e-08)
(8.0953511000025e-06 3.1369607930011e-05 1.6235357623765e-05)
(2.3078991590282e-05 6.3618960690428e-05 1.8093047027638e-05)
(1.4588706364827e-05 2.992682543531e-05 1.6328927478068e-05)
(2.1424058768103e-06 1.1449754910476e-05 -1.9477389307992e-05)
(-2.301428847416e-08 -4.6120527634449e-08 -5.4439506122038e-07)
(-1.2995942802183e-08 -4.4033063626614e-08 -4.6153988015483e-07)
(-1.6926718442657e-08 -3.4756085854334e-08 -3.9071622604293e-07)
(9.2323664937388e-07 5.3182728431061e-07 -8.9779123643413e-06)
(9.3872016250945e-07 7.8286477688976e-07 -9.470783586459e-06)
(6.8623980567775e-07 5.7897889263356e-07 -8.4224469297618e-06)
(4.0123494274549e-11 1.6206969039781e-09 -5.1501411150048e-09)
(-3.1495623788881e-10 1.164041262812e-09 -3.8362284347762e-09)
(5.3908792155193e-12 1.8569922712113e-09 -4.0915478448841e-09)
(4.1779278201108e-09 1.622165679239e-08 -1.2419227739354e-07)
(2.5579795144321e-09 1.7791230050049e-08 -1.3538362427981e-07)
(2.3941649010336e-09 1.3758070104284e-08 -9.6665520760152e-08)
(-2.4252237556483e-09 -4.4779124960845e-10 -5.6657409127555e-08)
(-7.0919584204705e-10 -1.3446363851634e-09 -5.7772909539067e-08)
(-8.1679108163051e-10 -1.0027697234634e-09 -4.2193223793952e-08)
(2.3599830586808e-07 6.4425224650504e-07 -7.595196453028e-06)
(2.9119169604004e-07 5.0817241292859e-07 -7.169340244162e-06)
(4.3331799128724e-07 7.5816943127307e-07 -8.3027945824882e-06)
(1.1271969729187e-07 2.7675192143574e-09 -1.4124905120429e-06)
(9.9118615198451e-08 2.0016830475378e-08 -1.213134426374e-06)
(8.8816405061719e-08 2.2659108745634e-09 -1.0372421381725e-06)
(2.2034927114508e-07 -2.5680722856614e-07 -4.6061498890615e-06)
(1.5597165385976e-07 -2.6271919553604e-07 -4.1283915192755e-06)
(1.8935297666663e-07 -3.1816603944165e-07 -5.1125619163245e-06)
(-7.5753341290943e-09 -8.1995643390497e-10 -1.022495626374e-07)
(-1.1148439848499e-08 7.8009302053021e-10 -1.3129123148076e-07)
(-1.2304992864703e-08 -2.2552754114808e-09 -1.423296593647e-07)
(1.8063790756998e-09 -1.3651155394917e-09 -9.2333353898285e-09)
(6.0184934739429e-10 -1.1764399009029e-09 -6.7721782194037e-09)
(7.5166206672758e-10 -1.2353961802682e-09 -4.2434186827087e-08)
(4.5250457279565e-10 -2.2233887132816e-09 -5.7533636173211e-08)
(1.611250195763e-09 -1.5638623940706e-09 -4.2304139348337e-08)
(-4.4196480707211e-08 3.6894568418936e-07 -5.1287025140682e-06)
(9.8285432175844e-09 3.5008776361671e-07 -4.9166880752485e-06)
(1.2954955534743e-08 4.4558779749757e-07 -5.968608867236e-06)
(3.2326914554461e-09 -1.1529752240894e-09 -3.6779401103184e-08)
(3.4995190140352e-09 -2.3547042927404e-10 -3.0923735945795e-08)
(1.6609931142723e-09 -3.9863816338576e-10 -2.6137781448284e-08)
(1.0943670351318e-05 9.3198089922059e-06 -2.0897162445447e-05)
(1.0398425080958e-05 6.2619050324729e-06 -1.9444360262461e-05)
(1.5308435547406e-05 9.1630142791104e-06 -2.2736942179443e-05)
(1.1197776621599e-05 -1.7926594084981e-06 -1.9435251059535e-05)
(1.2547645131281e-05 -4.5167029926311e-06 -2.0930113286172e-05)
(1.6627513340639e-05 -2.6977975910594e-06 -2.2728260030146e-05)
(4.8588351877789e-06 2.8185018676609e-06 -1.481400912312e-05)
(4.5232387734753e-09 1.9426702285272e-09 -2.6240503924817e-08)
(4.1001449552302e-09 2.3020563643631e-09 -2.2173475155682e-08)
(3.9601140001906e-09 1.3861061888208e-09 -1.8507524172194e-08)
(3.2641973037902e-06 -8.3924291930608e-06 -1.6553749226888e-05)
(3.6129776835747e-06 -9.3793814936704e-06 -1.743932591766e-05)
(4.9565909832152e-06 -8.236176325168e-06 -1.6925971377298e-05)
(6.5965460320742e-10 3.6400029721139e-10 -7.8567003553775e-10)
(-2.3265037087185e-10 -9.8085223879631e-11 1.391356447263e-10)
(4.6512195451193e-11 2.4259930422156e-11 1.6023381464068e-10)
(1.2906602385824e-08 1.0468656849675e-09 -1.0121456820815e-07)
(1.4765109169566e-08 3.9480939613782e-09 -1.2007211210129e-07)
(1.0992929704368e-08 2.8496505384976e-09 -8.5714691837415e-08)
(-3.0078653205357e-05 -8.2512618399576e-05 -2.6219681669575e-05)
(9.9157807039278e-05 -3.6755459689346e-05 6.3305117146294e-06)
(0.00010914764676655 -3.9305273375272e-05 -6.5495909652398e-06)
(9.9422992646324e-05 -5.6008396567909e-05 -1.2442168239417e-06)
(2.7009988431459e-07 5.2861943434361e-08 -3.6750106955749e-06)
(3.052656607985e-07 4.2187728385398e-09 -4.1237128451004e-06)
(3.3175057441713e-07 6.4226735513549e-08 -4.6018557367374e-06)
(3.1614340549632e-08 1.6388451425609e-09 -2.7909608144748e-07)
(2.2627807336613e-08 1.4804082639985e-09 -1.9954780550288e-07)
(8.353752467378e-07 3.062399716805e-07 -8.4457010851078e-06)
(5.7067223400159e-07 2.1224390625898e-07 -7.3068879347046e-06)
(7.1813845337321e-07 1.301121942773e-07 -7.8854024100478e-06)
(3.9679208983474e-08 -3.3162199110232e-08 -5.428322758077e-07)
(2.8551336151287e-08 -3.4307463214118e-08 -4.602735920239e-07)
(1.8154055954334e-10 2.4381559410868e-08 -2.0325782443954e-07)
(-1.4855315764817e-09 1.8692344011013e-08 -1.5495705233177e-07)
(3.5787025324471e-05 5.88180794766e-05 1.7920961325013e-05)
(4.910198074493e-05 5.2666416384708e-05 1.7454090053529e-05)
(2.091370860573e-05 2.7303263586262e-05 1.6515112723158e-05)
(2.5974659088676e-08 -4.5484900629418e-08 -5.4309826992769e-07)
(-2.9241659796336e-08 2.9785304909765e-08 -4.182985759858e-07)
(-4.0181563987479e-08 4.05969646896e-08 -5.7969897666726e-07)
(-3.7828728660093e-08 2.6737207440438e-08 -4.7265181923221e-07)
(2.9810486669821e-07 1.7610137099091e-07 -4.5997447396766e-06)
(1.7412045154148e-08 1.1283733531562e-08 -1.6870429034169e-07)
(1.2413357654779e-08 8.1128897560586e-09 -1.2016745128262e-07)
(1.6438891220451e-08 7.2804625151614e-09 -1.4225014954075e-07)
(2.2634686232415e-05 7.7092869622615e-05 -2.7564841820175e-05)
(1.5231063894258e-05 4.6527972743982e-05 -2.9009350001737e-05)
(3.0853850863951e-05 5.6624406836338e-05 -2.9016624251759e-05)
(3.2772560633522e-05 3.991388709034e-05 -2.8982216403345e-05)
(1.9084942880472e-05 3.4160445421058e-05 -2.8073328427944e-05)
(1.2233428909605e-09 3.8475040881706e-09 -9.0278279562563e-09)
(1.0629179408479e-09 3.2381611892855e-09 -1.2086910555355e-08)
(8.3034835841382e-10 3.4725316862093e-09 -8.9002932456284e-09)
(-1.4987101008247e-06 -2.4655463098056e-07 -1.1211373580364e-05)
(-1.312216448418e-06 -2.2019065323737e-07 -1.0029758614727e-05)
(-1.3970458286125e-06 1.5789107759905e-08 -1.0577497352235e-05)
(-9.2015901023075e-05 -5.0665752712072e-05 -1.9726974113684e-05)
(-0.00010146370985191 -3.094836648418e-05 -1.9732861220695e-05)
(-0.00010651135665918 -4.5089325298863e-05 -1.0263159170371e-05)
(-8.9319249724983e-05 3.8445632305353e-05 1.1156357802448e-05)
(-6.3827119835519e-05 2.0163369394066e-05 1.8136328134766e-05)
(-9.5276305862067e-05 1.9756868896445e-05 1.1201182441837e-05)
(-1.705870692114e-09 3.5877162135322e-09 -5.8476482994818e-08)
(-3.0131972410885e-09 6.5877512269942e-09 -8.4222276307074e-08)
(-7.9860837534437e-09 4.1881520333275e-08 -4.2081388990606e-07)
(-1.538791792341e-08 4.461261257997e-08 -4.4629187637988e-07)
(-1.0227748718239e-08 3.2619162889949e-08 -3.2062535494556e-07)
(-4.1940356112036e-08 -9.4545971895697e-09 -4.6799704267442e-07)
(-4.5804819137014e-08 -1.9886501519345e-08 -5.5294031917688e-07)
(-3.6076082353853e-08 -1.6504903401242e-08 -4.060383129281e-07)
(5.0945751918814e-08 4.4565035515163e-08 -7.5105893206464e-07)
(6.7685868322333e-08 5.8556898999381e-08 -1.0347405433571e-06)
(-1.4765158845768e-07 1.3102142548687e-07 -2.6369613486558e-06)
(-1.8618872974459e-07 1.6331330162711e-07 -3.4059277578994e-06)
(-1.8286494263791e-07 1.1407398454007e-07 -2.9179329283085e-06)
(-2.8536436023528e-10 8.274638908289e-10 -1.1763906595927e-09)
(2.6093771287913e-10 -4.4852621553463e-10 1.3383637015904e-10)
(1.7127182831299e-11 -3.3787046470215e-10 1.9077980841387e-10)
(3.3255745174109e-07 -5.5417870606012e-08 -4.6013754304924e-06)
(2.7150510045431e-07 -4.5291162931535e-08 -3.6744765374913e-06)
(2.8936089544034e-07 -1.024001712196e-07 -4.1246664766745e-06)
(-4.0206168323635e-07 9.6026796940556e-07 -8.8511503832538e-06)
(-2.7239688840548e-07 6.5590464022283e-07 -7.7472993700158e-06)
(-3.0060086557134e-05 1.3010055388923e-05 1.615095287967e-05)
(1.4720294307148e-08 -2.5636004555939e-08 -2.7964397310519e-07)
(2.1175544447841e-08 -2.5491552838254e-08 -3.3009546982429e-07)
(1.5125601782763e-08 -1.8217148238108e-08 -2.3594769815488e-07)
(-1.7435675401605e-10 7.6298378931804e-10 -1.1468707448034e-09)
(-1.1764352991231e-10 1.4542387708392e-09 -2.1756050725419e-09)
(-3.3276995384972e-10 1.4229512220513e-09 -2.2166991219643e-09)
(7.3520613419027e-08 -3.6300232416694e-07 -5.1156919987519e-06)
(1.5032685113433e-07 -3.9015158682559e-07 -5.6415379174518e-06)
(1.1966868729453e-07 -3.1328496612779e-07 -4.6093748564775e-06)
(2.3546236277815e-06 2.8437264312362e-06 -1.3808822140442e-05)
(2.1788658636206e-06 1.8293965099613e-06 -1.3262991586017e-05)
(3.6028666190061e-06 3.0374000751067e-06 -1.4353185065034e-05)
(-1.0357682547795e-09 3.4606537417616e-10 -4.9017068219192e-09)
(-1.4770526627074e-09 1.148685904312e-09 -6.6493353938567e-09)
(-1.0367913954394e-09 -2.602240046285e-10 -4.8775835723683e-09)
(1.9467807274089e-07 -1.1821081418994e-05 -1.9406271175374e-05)
(1.6040991097003e-07 -9.9694357268074e-06 -1.7443739415083e-05)
(-1.7742577026442e-06 -1.0494871306926e-05 -1.8369067241163e-05)
(4.8197337580787e-09 1.4969588329351e-07 -1.8041575598059e-06)
(-1.6888817976848e-08 1.5375518147151e-07 -1.9155403120633e-06)
(-1.3468141613609e-08 1.2273629930034e-07 -1.4265513441729e-06)
(-1.1535250634615e-09 -1.701917933994e-09 -4.8770623208977e-09)
(-7.964944436994e-10 -1.8402798638747e-09 -5.0848169902941e-09)
(3.5174084531346e-12 -1.8759434147849e-09 -6.8605952805197e-09)
(3.429561754536e-07 9.5094530194342e-07 -8.7029363861106e-06)
(1.4250412039162e-07 7.607948296231e-07 -7.9469491959493e-06)
(-4.1910847694555e-08 -1.2804815472671e-07 -1.6428334761012e-06)
(-5.4345075139923e-08 -1.0163680252922e-07 -1.4144828796579e-06)
(-7.056137704526e-08 -1.3065989159973e-07 -1.9016604676168e-06)
(-0.00011523759230878 2.3998922768988e-05 -1.0259061478891e-05)
(-0.0001142731432394 1.1967402737658e-05 7.4433314899308e-07)
(-0.00011699612413779 6.6415414747685e-07 -1.0283474682487e-05)
(1.4488201184755e-07 -7.2481231815002e-06 -1.5795687497042e-05)
(-1.306911130246e-06 -8.0090999652485e-06 -1.6197381969817e-05)
(1.6880761672632e-07 -8.8886500848361e-06 -1.6546928738297e-05)
(9.8185898394075e-05 -1.7021057422167e-05 -2.2127099834678e-05)
(8.2719496564252e-05 -2.9983227500963e-05 -2.5640175307919e-05)
(0.00010203376776874 -3.6870573719277e-05 -1.7823826815183e-05)
(-8.2852964920556e-06 3.2458266995861e-07 -1.6205756037804e-05)
(-8.0695632240284e-06 1.8822416302231e-06 -1.6165859183604e-05)
(-9.3881225549591e-06 1.1982480170017e-06 -1.676001289421e-05)
(-6.2701572136922e-08 1.5435133971119e-07 -2.1215051905501e-06)
(-4.9485309172397e-08 1.2385689726467e-07 -1.5887504133832e-06)
(-3.833812161032e-08 1.5225371006265e-07 -2.0164378451057e-06)
(-8.4240613608633e-06 9.0312856931388e-06 -1.967306714315e-05)
(-7.8612756144197e-06 6.9242028088951e-06 -1.794364629236e-05)
(4.9717788963361e-07 -5.7480950303769e-07 -7.8999273416498e-06)
(1.0956230904465e-06 -8.6606560358802e-07 -1.0606074566313e-05)
(1.1787366700649e-06 -6.4654946063065e-07 -1.0044755128918e-05)
(9.5654266907113e-07 -7.6866445859529e-07 -9.5226029261265e-06)
(-1.7510855454043e-08 -1.2129917697112e-07 -1.4137102215659e-06)
(2.4097610955561e-09 -1.3628645736695e-07 -1.6408959163565e-06)
(2.721122272473e-09 -1.1265410459199e-07 -1.2128028156748e-06)
(3.0895876687435e-06 1.7662559282322e-05 -2.3068114087277e-05)
(-1.6849774229875e-07 6.4558937075248e-07 -7.5392751551055e-06)
(-1.0812520155485e-07 9.1684386008272e-07 -8.4604892577738e-06)
(5.7095752363372e-08 1.1935578937533e-08 -6.4005216625088e-07)
(5.0984209021188e-08 1.6236611164385e-09 -5.429664589343e-07)
(-3.1703955369034e-09 -3.6200943348772e-09 -8.3079675819245e-08)
(8.3660544437545e-09 -2.2258752423689e-08 -2.3643662907894e-07)
(1.2105144809126e-08 -3.2264598194602e-08 -3.3056340445514e-07)
(-1.4132545850968e-10 2.2678976204187e-10 -1.8034489890145e-08)
(-2.6623348218781e-11 1.1383437149856e-09 -2.3385060959422e-08)
(-5.0089593834823e-11 1.4483927716806e-10 -2.3910009635101e-08)
(1.9289418452152e-09 -6.7714754941596e-09 -8.6801140836393e-08)
(4.2184727745816e-09 -8.6945988943062e-09 -1.019964872013e-07)
(2.2552854108898e-09 -5.4797152296112e-09 -7.3307948380746e-08)
(-7.3562760983776e-09 -3.4156890725649e-09 -1.1042617739102e-07)
(-3.084668815241e-10 2.7490984000033e-10 -2.5401304621353e-09)
(-4.9585495219034e-10 4.7552800207166e-10 -2.6510862883074e-09)
(-3.8799332069745e-10 9.8277463364613e-11 -1.9255922294516e-09)
(-2.0875065390806e-09 3.0792339826568e-09 -1.8679066736698e-08)
(-1.1601471047578e-09 2.4243904104177e-09 -2.1894866664234e-08)
(-1.349392371008e-09 2.0280693218864e-09 -2.7120035582756e-08)
(4.0189464665223e-09 3.3856986235967e-09 -2.6592133871904e-08)
(2.9728836865784e-09 3.2722853696238e-09 -2.2420472429055e-08)
(3.1309210213283e-09 2.1388313665891e-09 -1.8941874104026e-08)
(1.8615095074058e-09 -1.0737692648424e-10 -1.4088014660371e-09)
(2.6146289213672e-09 -9.3194102838083e-10 -1.65922353523e-09)
(3.1842238640683e-09 -3.4410423499463e-10 -2.067174303054e-09)
(-1.0940699690325e-05 -1.1061357983633e-05 -2.1839608369113e-05)
(-1.3268022255336e-05 -8.7292787028235e-06 -2.2162521705557e-05)
(-1.9065676097458e-05 -1.6175760969278e-05 -2.5410728709403e-05)
(4.8417590100142e-10 -1.7735288375416e-09 -4.1880805538014e-08)
(9.8934027985782e-10 -2.3911271013867e-09 -4.5929461489661e-08)
(1.3304182833092e-10 -4.0110931547052e-09 -5.8781822496036e-08)
(1.7825034223886e-09 3.1740906380576e-09 -4.9188219114701e-09)
(1.4800752442682e-09 3.7656723410343e-09 -5.3494056289458e-09)
(1.0724476327629e-09 2.5914081538754e-09 -4.1251653262233e-09)
(1.3559322712514e-10 -1.1587882762855e-10 -5.7593119213928e-10)
(-2.1771483074083e-08 1.9273769234642e-07 -2.5307627601561e-06)
(-2.673236853573e-08 2.40081407054e-07 -3.2772781898943e-06)
(-4.994469230481e-08 1.9697241941764e-07 -2.65468303832e-06)
(-3.5959070954657e-07 6.5117224834268e-09 -5.0721102346395e-06)
(-3.9923724618942e-07 7.9341442792296e-08 -5.6063324104482e-06)
(5.0809121395377e-07 9.5153345581114e-08 -6.7344771895354e-06)
(-9.2691748673319e-07 8.1984095133143e-07 -9.6815376588242e-06)
(-7.1344699386511e-07 6.2811307476185e-07 -8.6401421801299e-06)
(-7.4625797430225e-07 9.0914037412132e-07 -9.3456200867843e-06)
(-1.1144575349995e-06 6.8635241086217e-07 -1.0093005295778e-05)
(-1.1074885166479e-06 4.3286340283415e-07 -9.5107520289811e-06)
(-9.0685386342353e-07 5.5839062422577e-07 -9.0515618867395e-06)
(-1.8010935358988e-05 2.1073644376092e-05 -2.5955171460027e-05)
(-1.0178930224017e-05 1.3477990299529e-05 -2.239829587218e-05)
(-1.338485262385e-05 2.2710279997777e-05 -2.5740483909033e-05)
(-6.6321744801855e-10 -1.768745466085e-09 -5.4018892052068e-09)
(-1.9751449413219e-10 -1.7291898720952e-09 -7.4951541535687e-09)
(-3.1600488395805e-10 -1.8461397902909e-09 -7.0965965399829e-09)
(-1.9775856510662e-09 -1.2180145549672e-09 -3.6478126566517e-09)
(-1.7875994258583e-09 -8.5971745462946e-10 -2.8199707404537e-09)
(-1.7889828191538e-09 -6.8066647188285e-10 -2.7824567554178e-09)
(2.7481696644752e-10 3.0305224506861e-09 -5.4949472873023e-09)
(5.9473769978005e-10 3.8992923819568e-09 -5.7057335774082e-09)
(5.7892166880757e-10 3.9049712881513e-09 -6.9818199269051e-09)
(-5.5557613250122e-08 9.8982052927839e-08 -1.2512771834362e-06)
(-4.016146743576e-08 7.3413813596729e-08 -9.1608313386194e-07)
(-3.9245803225024e-08 9.9437030040951e-08 -1.1731372073348e-06)
(-1.0686091430092e-08 1.7450912519408e-08 -1.9696062433896e-07)
(2.0684646985715e-09 1.1415992383521e-09 -1.3285419763886e-08)
(1.923656969302e-09 2.0797775205285e-09 -1.5847190656681e-08)
(1.3388801453356e-10 2.4980052547506e-11 -5.2626166498348e-10)
(-3.933610912992e-10 -8.2465671155977e-11 -1.2697526494115e-09)
(2.2310980083339e-10 -1.9971937915192e-10 -1.183035750535e-09)
(1.0925398865916e-05 1.9035482717996e-05 -2.4380057756821e-05)
(1.9444771964844e-05 2.3490248044639e-05 -2.6557416165891e-05)
(-3.0709654185612e-11 2.1354516333242e-10 -1.3707954237172e-08)
(1.3442416738967e-10 -7.4548651327206e-10 -1.3429264911334e-08)
(-3.3490646239714e-10 -1.4065848762858e-10 -1.0412547776836e-08)
(-2.5919809045759e-10 -5.0462030962173e-10 -2.002055449625e-09)
(3.9308049187614e-08 1.6684827953324e-09 -3.8931042422868e-07)
(3.3967279947295e-08 -4.6984806541285e-09 -3.297809936302e-07)
(-1.0699923829587e-07 1.3104698483764e-09 -1.401437551285e-06)
(-1.4107207368511e-07 1.9389422924972e-09 -1.883717846284e-06)
(-1.2476425813598e-07 -2.3391372665396e-08 -1.6297219089605e-06)
(-8.474955545906e-07 -3.0830541648437e-07 -8.4609659048046e-06)
(-7.2492419891666e-07 -1.2686380279911e-07 -7.87408967769e-06)
(-1.738439848218e-07 7.1120030426773e-08 -2.5156198477014e-06)
(-1.678959647541e-07 1.3657959818805e-06 -1.0569421840344e-05)
(-2.0295883906367e-07 1.7012074863593e-06 -1.190949316705e-05)
(-3.6757476278849e-07 1.3660286051347e-06 -1.0787953547819e-05)
(-1.121610338431e-06 4.4129951108613e-06 7.7220886847912e-06)
(5.494653050477e-08 9.7777717535551e-08 -1.3661650072556e-06)
(4.4202937940453e-08 7.9388450291888e-08 -1.0024307275909e-06)
(6.4063779559061e-08 7.8936771347127e-08 -1.1979659921488e-06)
(4.8088674220407e-06 -5.4993966676988e-06 -1.5849300872029e-05)
(4.2239260836664e-06 -6.9643106157025e-06 -1.6244463162486e-05)
(5.9271127571642e-06 -6.8238904926477e-06 -1.6595992543231e-05)
(-1.4802946130262e-09 1.2912747759835e-09 -4.268742377345e-08)
(-5.8662644442453e-10 1.7621677889064e-09 -4.2133034020905e-08)
(4.984168865248e-06 -4.0139033063593e-06 -1.5398464586452e-05)
(6.3519469128842e-06 -3.5488069651327e-06 -1.5874982712767e-05)
(4.8873948541126e-06 -2.69226028334e-06 -1.4925274112776e-05)
(-2.6830818581934e-08 8.7188350947554e-11 -2.5330136026199e-07)
(8.9791092822188e-08 7.7196693741852e-08 -1.4096160583458e-06)
(1.1587972452865e-07 9.9344348888295e-08 -1.8941675679041e-06)
(8.543936695299e-08 1.0335512670768e-07 -1.6222801662671e-06)
(-3.2953934389329e-10 1.3598040649492e-08 -1.1160234852489e-07)
(4.6271920272008e-10 1.0148001456183e-08 -8.1597972215655e-08)
(1.1057658531837e-09 1.4544104104542e-08 -1.0418035794448e-07)
(5.0097481304208e-05 -0.00010533262978201 -1.004162353776e-05)
(1.0419490034755e-08 -1.2809959596098e-08 -1.6833874655035e-07)
(1.5716788716575e-08 -1.304520797819e-08 -1.9924221023304e-07)
(1.1149853896232e-07 -6.3020270187966e-08 -1.6398953921764e-06)
(1.1507163278255e-07 -9.510689066006e-08 -1.8981789199456e-06)
(1.4899266439049e-07 -8.4107468041037e-08 -2.1881869557172e-06)
(1.7947645249756e-07 -2.0816757532667e-07 -3.6766353417827e-06)
(6.4326333410749e-06 5.6180483618804e-05 -2.9293980807603e-05)
(-2.5960719616583e-07 -4.5285752576577e-08 -3.6568112113288e-06)
(-3.2362653991286e-07 -5.4810568294242e-08 -4.5821602007764e-06)
(-2.7726189276447e-07 -1.0184991676546e-07 -4.1195268421595e-06)
(4.3532790854931e-06 9.7423980787876e-05 1.1218327895014e-05)
(2.323972428106e-05 9.4310990593979e-05 1.1157524411747e-05)
(9.8721846194924e-06 6.6394814244314e-05 1.8158271496021e-05)
(-2.992122827333e-09 -1.2043935199744e-09 -7.8366589315371e-08)
(6.5031789882684e-08 3.9466701024996e-08 -8.8570542284669e-07)
(-3.2184790461067e-07 -3.8726624175013e-07 -6.7647147753983e-06)
(-2.1344657251119e-07 -3.781208925548e-07 -6.1971010559103e-06)
(2.3757050548489e-07 1.3098788597158e-06 -1.0049496329211e-05)
(2.926248261571e-08 1.191196928126e-06 -9.2891375863739e-06)
(1.997245488485e-07 1.0948378261762e-06 -9.0269683334873e-06)
(9.3888012576571e-10 -1.2593172273467e-09 -1.4131928999638e-09)
(3.0081825097881e-10 -9.1262771691401e-10 -1.541379686892e-09)
(1.2613271041928e-09 -2.009000008949e-09 -1.9779934072231e-09)
(3.7328431816923e-09 2.5850988682466e-10 -1.2482383908851e-08)
(4.1358942121856e-09 2.0202166198283e-10 -8.3690066639654e-09)
(2.8684497887758e-09 1.8890041683554e-10 -1.0058099335561e-08)
(-4.652326210466e-07 1.7509175106192e-06 -1.217873666391e-05)
(-3.5693242925413e-07 2.9387045750376e-06 -1.3334047258448e-05)
(-8.442673600556e-07 3.1568925264668e-06 -1.357273421477e-05)
(-2.9116258530589e-08 7.6613816601517e-08 -8.5668444590823e-07)
(-2.3274001856708e-08 9.5315992959823e-08 -1.1096747580278e-06)
(1.0019193700665e-08 2.4527425946562e-08 -2.1897773293982e-07)
(7.0059520066972e-09 2.8033980771595e-08 -2.4324394935952e-07)
(2.1629003950657e-06 -3.5562365835774e-07 -1.2671576065771e-05)
(3.7662702830477e-06 -6.1843015621944e-07 -1.3974916299839e-05)
(2.9045925192649e-06 1.1240407873715e-08 -1.3371367995393e-05)
(3.9921063613284e-10 8.181656158177e-11 -4.9623641775366e-09)
(9.1532184828631e-11 -7.8301883948306e-10 -4.9334707105633e-09)
(1.4925260635707e-07 2.5773589320624e-07 -4.0175579476185e-06)
(2.1676562674566e-07 2.5811998507668e-07 -4.5578024499356e-06)
(1.7866549513508e-07 3.0804631707948e-07 -4.9830509345039e-06)
(1.0045070545233e-08 -5.3068250299486e-08 -5.4357079434177e-07)
(1.3003153828869e-08 -6.9246272273541e-08 -7.54075108343e-07)
(2.0871908898424e-08 -5.7400376865094e-08 -6.4030254643546e-07)
(1.3731799864145e-09 3.7324805867519e-09 -2.9420718810315e-08)
(1.2414373826629e-09 3.1251075129192e-09 -3.3743616494786e-08)
(-1.4455854102295e-08 4.2583096573087e-09 -1.6206716254446e-07)
(-1.0011350749216e-08 5.1287679260439e-09 -1.2466413373891e-07)
(-1.3240453733958e-08 7.4197231235801e-09 -1.6062888182242e-07)
(4.3576319954546e-08 -6.4695400083186e-09 -4.6015561039511e-07)
(6.3797014162885e-06 -5.2077120625777e-06 -1.6273969672807e-05)
(9.8807795668888e-05 -5.6761666021726e-05 -1.2888191168627e-05)
(-4.265592689605e-06 2.2335455194604e-05 -2.481234793221e-05)
(6.7890112230423e-10 1.8308339621844e-08 -1.4540311206979e-07)
(-7.1682351079888e-08 9.22364022332e-08 -1.3563525020604e-06)
(-5.5864235845861e-08 7.3622201075221e-08 -9.9520187486033e-07)
(5.1030876536511e-09 -2.9655484200945e-10 -2.8976487673146e-09)
(4.7692835548721e-09 -9.0934841831014e-10 -3.1016508207319e-09)
(5.277694506073e-09 -1.2448773776032e-10 -3.9182211630321e-09)
(-2.9700119425321e-05 -6.064995930777e-05 1.8096658978931e-05)
(-1.1539228334821e-05 -3.1085932169564e-05 1.6253802785292e-05)
(-1.6989018945147e-05 -6.5159841357101e-05 1.8142923754881e-05)
(-1.2642142841612e-09 -2.0803931767539e-10 -2.0520111265806e-09)
(-4.1034986856057e-10 -7.6975908156621e-10 -2.6858497598587e-09)
(-6.2869987991523e-11 -5.5974016021475e-10 -1.9712214093938e-09)
(-2.0608690677881e-10 -3.8593593303754e-11 -5.9068729793427e-10)
(-6.1393101648452e-11 3.732158192906e-10 2.521709265317e-10)
(-2.8652466400523e-10 2.9011962608292e-10 -5.4831673001539e-10)
(2.3173704864269e-09 -2.2657064062732e-09 -5.1815608164701e-08)
(3.1284496563172e-09 -2.0300822272253e-09 -4.3821584721054e-08)
(1.0801883989219e-09 -1.4536149803297e-09 -3.7432570520573e-08)
(2.7909056212387e-05 0.00011344648551668 -1.0671949781466e-05)
(3.7217457742144e-05 0.0001085768450941 7.3123922126386e-07)
(1.6204793065643e-05 0.00011395355504256 5.4138881232243e-07)
(1.3373616150605e-06 1.622208382409e-06 -1.251059463064e-05)
(1.2869549968837e-06 1.0765868384712e-06 -1.1838817684454e-05)
(-7.9657040438847e-05 5.5487154446485e-05 1.1098179800894e-05)
(-5.0905483259005e-05 4.3837491866532e-05 1.8075544007063e-05)
(-5.8411703887759e-05 3.2566252425454e-05 1.8116735402295e-05)
(-1.5849893088883e-05 6.9503752948505e-06 -2.2652860763888e-05)
(-2.4156522366367e-05 1.3394504836307e-05 -2.6078280594906e-05)
(-2.6226750778037e-05 8.6470530300185e-06 -2.6048629828759e-05)
(9.916765167048e-05 1.7987043389667e-05 -2.1880456016383e-05)
(0.00010835385451831 4.3625871209233e-07 -1.7546923734121e-05)
(0.00011321838716747 2.0323537766459e-05 -1.1792800235127e-05)
(4.1364725611819e-05 8.8672896274395e-05 1.1032693299321e-05)
(5.616436580792e-05 9.9058676497208e-05 9.8305687322722e-07)
(6.6741262333048e-05 -2.7199519746184e-05 1.729230661067e-05)
(9.0719727551669e-05 -1.6827000674005e-05 1.2440960989534e-05)
(2.8865558832231e-05 -1.6195159257305e-05 1.6390401726668e-05)
(5.4672344546082e-05 -3.8547893537151e-05 1.7900865287719e-05)
(-5.8780502851444e-05 -6.2410998344501e-05 -2.6284909499763e-05)
(-7.0628963690942e-05 -4.9057799850874e-05 -2.6215321961837e-05)
(-7.9926934298059e-05 -6.891604637749e-05 -1.9759230342487e-05)
(3.4322717898306e-06 9.3091596678164e-06 -1.7005080300352e-05)
(3.0093572039048e-06 8.325776824415e-06 -1.6275411701125e-05)
(2.791275344793e-08 -7.7841595025371e-08 -8.8537701928696e-07)
(4.5861370744053e-08 -8.1522410751298e-08 -1.0366817574912e-06)
(-5.8729641247362e-07 4.8004039700701e-06 -1.441900906919e-05)
(9.69012218002e-08 4.4747687495639e-06 -1.4215477962533e-05)
(-9.9585476805895e-05 5.5274440258263e-05 6.9692990676622e-07)
(-9.5846503894818e-05 6.6780966615679e-05 -1.0203988888174e-05)
(-8.6366793881253e-05 7.4343093691115e-05 6.9118823795527e-07)
(-6.4626616230242e-05 -8.4203137981095e-05 -1.9761105260608e-05)
(-4.6722520498247e-05 -9.6165617115575e-05 -1.9700226179615e-05)
(-2.9934663699314e-05 -1.2776533599731e-05 1.6082161504923e-05)
(-4.3543648867013e-06 -1.4026255396668e-06 7.7199164250191e-06)
(-3.7281700812201e-06 -2.0260281842298e-06 7.7282330987537e-06)
(-7.9777561028767e-05 -3.364428796528e-05 -2.6212038218879e-05)
(-8.576340766879e-05 -1.6881007007061e-05 -2.6255336706622e-05)
(1.7410589595756e-05 -4.6982720363137e-05 -2.8999849871907e-05)
(2.6679548342691e-05 -6.8965805270704e-05 -2.8349534571184e-05)
(3.1098409792752e-05 -5.2664870961062e-05 -2.9136745088364e-05)
(8.9935077732372e-05 7.4433005785179e-05 -4.9574629397203e-06)
(8.5329037961282e-05 6.9974796326217e-05 -1.7354222641743e-05)
(9.9763390380141e-05 5.7144448921364e-05 -1.0927689545184e-05)
(4.9089092714001e-05 4.1485385128693e-05 -2.8939068856691e-05)
(3.0805022826537e-05 2.6175911608648e-05 -2.8095015600908e-05)
(-0.00010923999010784 3.435501133394e-05 7.3424890749873e-07)
(-5.3734259891918e-07 6.5356700105948e-07 -8.2839675833896e-06)
(-4.9166276838053e-07 4.3181967546565e-07 -7.5182057387965e-06)
(-3.7227510652956e-07 4.4970498038927e-07 -7.1429058435113e-06)
(-7.5432621937868e-07 1.2485493938051e-06 -1.1312700220806e-05)
(-1.1702350124799e-06 1.9343456712962e-06 -1.2765551331059e-05)
(-1.0205051948349e-06 1.2315312772728e-06 -1.1692332858305e-05)
(8.4481788685587e-05 3.1012568150173e-05 -2.5366134586497e-05)
(7.547291307344e-05 1.3832898093277e-05 -2.7773261691606e-05)
(1.3716460545677e-06 -1.0658271350441e-06 -1.1930001603279e-05)
(2.2827480282268e-06 -1.7867515977964e-06 -1.3346913552021e-05)
(1.9451082250315e-06 -1.0469570873486e-06 -1.2666637339341e-05)
(3.1841368003492e-05 -3.7711209656779e-05 -2.8948670998099e-05)
(1.8867589397963e-05 -2.2504225646455e-05 -2.6446975223392e-05)
(1.9323773316425e-05 -3.3290340904488e-05 -2.8005948630507e-05)
(2.9497923014744e-05 5.7323824406479e-06 -2.6577754978149e-05)
(2.1589791814404e-05 8.3405487121349e-06 -2.470748371176e-05)
(1.7096700247522e-05 3.4892790745929e-06 -2.274309007295e-05)
(9.7451151929699e-06 -6.6331664433739e-05 1.8015097421157e-05)
(-1.1527754912253e-06 -6.5848365891376e-07 -1.0066921347787e-05)
(-1.2591859194383e-06 -7.1163514381924e-07 -1.1250213857234e-05)
(-1.0413294529623e-06 -8.650655137367e-07 -1.0638848377428e-05)
(-6.1102284326256e-05 -1.8512654538567e-05 -2.9075589295462e-05)
(2.9629738305122e-05 -2.4831973566397e-05 -2.8019131120516e-05)
(2.5520693365732e-05 -1.4765319852204e-05 -2.6544294288449e-05)
(1.7018377373097e-05 -1.4378385888676e-05 -2.4616496852178e-05)
(6.3106068731032e-07 3.6881945610107e-07 -7.8775579341244e-06)
(4.4861213158524e-07 2.6413736387181e-07 -6.7289224209117e-06)
(4.4624953859088e-06 1.6181233066282e-06 -1.4415025710929e-05)
(5.5560524465058e-06 9.9493717608749e-07 -1.4886961803512e-05)
(8.8920972396191e-05 4.8827228150149e-07 -2.5526082451651e-05)
(1.0800484487244e-07 -1.2690931355831e-07 -2.1882626277128e-06)
(8.5331295563019e-08 -1.0098226703615e-07 -1.6399583290564e-06)
(1.0014248013495e-05 -5.8099873005811e-06 -1.9426682616915e-05)
(1.4484400627681e-05 -8.4220919295475e-06 -2.2700922374568e-05)
(-7.9069545216555e-07 1.8646958893534e-06 -1.2451920405432e-05)
(8.7457699330754e-07 -9.9283463385904e-07 -1.0046240381446e-05)
(1.7044861956036e-06 5.1122049765161e-09 -1.1922442565688e-05)
(2.1413615609448e-06 3.6842891226349e-07 -1.2650690613987e-05)
(3.107110119058e-06 5.5236883213792e-06 -1.5158774798682e-05)
(2.2119947789573e-06 3.9336382580493e-06 -1.4242156038756e-05)
(3.5440541960565e-06 4.2841353196343e-06 -1.4762540693738e-05)
(1.0277497961597e-06 5.7414760356797e-06 -1.4890484871694e-05)
(1.538233236348e-07 6.2641286136676e-06 -1.5119481814115e-05)
(1.3174302533891e-06 2.3478188698813e-06 -1.3108957776707e-05)
(8.0687018763375e-07 1.4274806004845e-06 -1.1678294897335e-05)
(2.0026715995259e-06 -5.1742698037467e-06 -1.4909274294561e-05)
(3.3344093188682e-06 -5.4886903939771e-06 -1.5372170350262e-05)
(2.4099025675759e-06 -3.9638050005196e-06 -1.4453995771166e-05)
(6.5781457485222e-10 -3.5764665610106e-09 -6.2307546488226e-08)
(1.294299090104e-06 -6.9795435690369e-07 -1.1231442529984e-05)
(1.3227809979044e-06 -4.5322825710507e-07 -1.0603125512388e-05)
(7.86100045445e-09 -4.5490144786605e-09 -8.564938397698e-08)
(1.0051659638204e-07 5.3360282910956e-07 -6.8046550593007e-06)
(7.6601483059976e-08 4.0578098179682e-07 -5.6948932234674e-06)
(2.6704292992774e-07 -1.3275784021407e-06 -1.0613824897315e-05)
(4.7958887298323e-07 -1.2200486179302e-06 -1.0051018907438e-05)
(2.3602173727402e-07 -1.1879676791855e-06 -9.534209230701e-06)
(2.3556938355131e-07 1.9850441918469e-07 -4.1138191645774e-06)
(1.7605867188045e-07 2.0902019141122e-07 -3.6372735837823e-06)
(1.8870156101864e-07 1.602124515812e-07 -3.2462218886245e-06)
(2.9074315289301e-07 -2.4064365460374e-07 -5.1081823222473e-06)
(6.2812715997669e-08 2.6042032309938e-06 -1.3052494119408e-05)
(-4.7773585526659e-07 -1.3400207163627e-06 -1.1270119235193e-05)
(-8.2258375528922e-07 -1.4233434925765e-06 -1.1983306331647e-05)
(-7.1409269221535e-07 -1.9959726867038e-06 -1.2723174471552e-05)
(-1.3489074076809e-09 3.3660406178863e-10 -2.2393411489895e-09)
(-1.5700099888036e-09 9.5723649998073e-11 -2.1087723292089e-09)
(-1.1390177635535e-09 5.5861842226209e-10 -1.6158138061812e-09)
(-1.4746508850938e-09 -4.7460244025152e-10 -2.9391850214552e-09)
(-9.0701503298643e-10 2.2978751495074e-10 -1.4858103324432e-09)
(-4.3223154451841e-10 3.0078432093574e-10 -8.3254871132235e-10)
(-1.7656789059232e-10 1.0715164225778e-10 -6.3042479958451e-10)
(-1.7680844080071e-07 -1.0567967299935e-07 -2.8696079328569e-06)
(-2.2313035238142e-07 -8.3037861972004e-08 -3.2483003308376e-06)
(-2.2670445397621e-07 -1.3412506667496e-07 -3.6773516895073e-06)
(1.7872753694896e-07 -6.2495726902258e-08 -2.5108415509219e-06)
(2.1522357658799e-07 -3.5603809504665e-08 -2.8663407431401e-06)
(1.623615717159e-07 -2.5539921656635e-08 -2.1880194916325e-06)
(5.1747374375457e-09 5.6133918686513e-10 -3.6631431300529e-08)
(6.7165730387407e-09 6.0789688700815e-10 -5.183087866904e-08)
(6.2466035968061e-09 1.8167549005248e-09 -4.3415910288206e-08)
(4.9736301118621e-09 6.4481830462391e-09 -4.3147959574693e-08)
(4.1926386217864e-09 5.0206498464786e-09 -3.1251955865976e-08)
(5.3357304323441e-09 5.0338163786953e-09 -3.6871061389158e-08)
(-8.9775774047073e-08 -1.6535500727021e-07 -2.5158159429332e-06)
(-6.8087512190597e-08 -2.0439077789627e-07 -2.8718275248534e-06)
(4.4872557088917e-08 -2.3903486155475e-07 -3.2589814159974e-06)
(7.5217966035799e-08 -2.0422109482962e-07 -2.8685666170746e-06)
(3.5202781440513e-08 -1.9019945625712e-07 -2.5129276901534e-06)
(-2.4536376141871e-07 4.1381155535113e-06 7.6955806113706e-06)
(1.5989148386374e-06 3.2004234448677e-05 1.6190064243437e-05)
(5.1729416314183e-07 4.0650286676303e-06 7.7213739297439e-06)
(1.64096576984e-07 3.2512063029853e-08 -2.1889358681393e-06)
(1.3034788929315e-07 2.6398480189435e-08 -1.6413469043628e-06)
(1.4643076930034e-07 3.2673011631213e-09 -1.8985443789404e-06)
(-5.9667868243328e-08 -2.5160509682187e-08 -7.5689741408794e-07)
(-5.4057126258636e-08 -1.1301505694614e-08 -6.4081342663632e-07)
(-7.1688920938839e-08 -1.461281174214e-08 -8.8089987336011e-07)
(-1.4638679220685e-07 9.2933885869688e-08 -2.2319746788139e-06)
(-1.3661212979922e-07 5.7345233644579e-08 -1.9034251758854e-06)
(1.6145606295134e-10 -4.52481063171e-10 -7.3661645565769e-10)
(5.4634993538999e-10 -5.8895264251324e-10 -7.5914428151791e-10)
(1.2078993108919e-09 -1.2735561228118e-09 -1.7918951209922e-08)
(2.4418185748578e-10 -7.2041692646932e-10 -2.3864436089714e-08)
(7.8225937492361e-10 -9.6364875292257e-10 -2.3759219400626e-08)
(-1.0022309524236e-08 2.8852043970104e-09 -1.1991820764205e-07)
(-7.641428024089e-09 1.1672459755918e-09 -9.6063210969645e-08)
(-7.2098966083401e-09 2.9198285922334e-09 -9.4658249609121e-08)
(-1.0105342325758e-10 -2.5208003245059e-12 1.2958035709664e-10)
(-1.2787150835134e-06 2.4318352970394e-07 -1.0017875241066e-05)
(-1.0351390174404e-06 1.9818481591021e-07 -8.971623013967e-06)
(1.8064098495157e-08 -2.1041225083799e-09 -1.6826160308596e-07)
(1.3676030693318e-08 -1.6698365004154e-09 -1.2008606308477e-07)
(3.8894461665693e-09 1.1527847427153e-07 -1.3392997936857e-06)
(-3.3048379590757e-10 -6.4776917595576e-10 -4.3948456407811e-09)
(1.4993939734101e-10 -7.0261673678056e-10 -6.1580153413019e-09)
(-3.8855720778073e-11 -1.656913090515e-09 -5.7540046826111e-09)
(-9.868136101934e-10 -1.0896875432551e-09 -4.0751703563318e-09)
(2.2005108823808e-08 -1.226424894086e-08 -2.3613984093345e-07)
(1.5686933002648e-08 -8.7729506810193e-09 -1.6848004842593e-07)
(2.3574179290465e-10 3.0356339195228e-09 -4.3750422981539e-09)
(2.3447411657952e-08 2.862352431462e-08 -3.2629562017601e-07)
(2.3878475705169e-08 2.1009004527022e-08 -2.7861218793665e-07)
(3.1355026124519e-08 2.7858052528273e-08 -3.8888820776869e-07)
(3.5758747388132e-09 4.9928717609394e-10 -2.5712639548896e-08)
(-4.145225027516e-09 -6.6633599581697e-09 -1.0225979594367e-07)
(-9.7601107430203e-10 -3.9761089072485e-09 -7.4440703471371e-08)
(-1.9058995498242e-08 -3.6475756173792e-09 -1.9735736810997e-07)
(-1.707433062561e-08 8.0367461354999e-10 -1.8120059415427e-07)
(-4.7570774754267e-10 1.9716556004937e-10 -1.3945765546598e-09)
(9.5252690949809e-10 1.7906897130349e-09 -2.9194869910006e-09)
(1.5490634178748e-09 2.0688855099217e-09 -3.8582281091915e-09)
(-9.5533353374609e-09 8.0297735108573e-09 -1.3539679774466e-07)
(7.1563272992782e-09 -9.2218372329905e-09 -1.204444968869e-07)
(3.7139322061663e-09 -5.5452883610088e-09 -8.6337072142201e-08)
(2.4088320927515e-08 1.5366888319136e-08 -2.3643663980415e-07)
(2.217763219292e-08 9.6311510935049e-09 -1.9947684728172e-07)
(1.8587367399518e-09 -1.8512782834748e-09 -1.8415601167232e-09)
(2.9202465238933e-09 -1.6681592471603e-09 -1.9577574171292e-09)
(1.6046919344576e-09 -1.1531510770214e-09 -1.3454087138807e-09)
(-1.2392707922862e-09 -6.1127602438276e-09 -8.4009880015566e-08)
(3.0017782437751e-08 3.6952360327968e-08 -4.5468983686766e-07)
(2.1169644232247e-08 3.6393193255589e-08 -3.7639476083018e-07)
(-2.6073072271642e-09 1.9855466946448e-09 -1.5115823480191e-08)
(-2.0585426192354e-09 1.8724755240511e-09 -1.8303728183574e-08)
(-1.8642958104275e-09 1.037324615777e-09 -2.0745709721863e-08)
(-1.7088164504144e-06 2.055103925248e-06 -1.3133873649799e-05)
(-1.3687940294423e-06 1.19728972324e-06 -1.2169923594199e-05)
(1.0782089920577e-07 1.305665776671e-07 -2.1640282636025e-06)
(7.4079463622437e-08 1.3032237018765e-07 -1.8394758754442e-06)
(-2.0721115684018e-06 3.4339002583059e-06 -1.4011399819642e-05)
(-1.4016139725275e-06 3.3079481348463e-06 -1.3780434569761e-05)
(1.7609394606397e-08 1.5845040565309e-08 -1.9913198196011e-07)
(9.8186720752653e-10 3.7620068718694e-10 -1.2519584908975e-08)
(1.1978216203049e-09 1.1761274581139e-11 -1.8287709748289e-08)
(7.0866405710449e-09 -6.1362002069925e-09 -1.0177226499793e-07)
(8.1541995265429e-09 1.4374395552024e-08 -1.3789328607571e-07)
(1.2030724239997e-08 2.068389229076e-08 -1.9323597544348e-07)
(7.4150168394511e-09 1.8389225631488e-08 -1.5650485755037e-07)
(-6.0992824483264e-08 6.4276517766196e-11 -7.4490702270448e-07)
(-5.2786007162539e-08 1.1578258998976e-08 -6.3072418656777e-07)
(-7.1154674577417e-08 1.6080115198851e-08 -8.7705527592478e-07)
(4.4400538586789e-09 -2.7221438291108e-09 -6.1308963454748e-08)
(5.4804928971823e-06 -9.2376727639483e-06 -1.8254176157001e-05)
(7.0456621561716e-06 -1.2029828493688e-05 -2.0834270610488e-05)
(7.6132906417921e-06 -9.0251487322776e-06 -1.9401320400474e-05)
(5.9163225740518e-09 8.0522328797739e-09 -6.0298443144107e-08)
(6.5906404663216e-09 9.1195264278683e-09 -8.4515283304038e-08)
(5.7886490273584e-09 1.0793886651302e-08 -6.9931723059524e-08)
(1.8254602166054e-09 1.1881073183859e-09 -1.828051319123e-08)
(1.8916507962909e-09 8.9525138737397e-11 -2.3952608028341e-08)
(-1.5240961602568e-09 1.0287707091626e-09 -8.8864074306267e-09)
(-5.9736336231257e-08 2.720869125317e-08 -7.535215385729e-07)
(-6.3587386334394e-08 4.4517996015342e-08 -9.0656025764701e-07)
(-7.9624191363582e-08 3.5640512237622e-08 -1.0393406332323e-06)
(2.0191266449176e-08 -6.6305795444046e-09 -1.9924111569513e-07)
(1.1055820104869e-08 -9.4000427720544e-09 -1.42259323051e-07)
(2.5190599274648e-08 -3.1570467698886e-09 -2.3583209518265e-07)
(2.711253275871e-08 -9.3093752836451e-09 -2.7898873909146e-07)
(4.4760755245543e-09 -5.5934303330203e-10 -4.5293069889379e-09)
(3.647635610988e-09 -1.4511565509453e-10 -6.6731943410292e-09)
(5.2110818755167e-09 -2.0499030945771e-11 -5.6272663886521e-09)
(-8.4951994558623e-10 -8.1145991682955e-10 -4.8368381768014e-09)
(-1.7649394501467e-09 8.0668903277493e-10 -6.7167022436099e-09)
(-6.2567462894939e-10 2.7545956130419e-09 -1.7414782610056e-08)
(3.3902400633921e-10 2.9538509684699e-09 -1.7990145741726e-08)
(-5.5681149569649e-11 2.1109014772901e-09 -2.4825597119151e-08)
(2.9273971809487e-09 4.375330508954e-09 -2.5956487005209e-08)
(1.0440358481106e-09 5.7319409866651e-09 -4.508396486835e-08)
(6.7672281709885e-10 -1.1250333098762e-09 -1.7889244373054e-08)
(-6.7650925932578e-10 1.0299910123117e-09 -4.9088954439963e-09)
(-1.0210906721113e-09 1.7429191302712e-09 -6.6248036085486e-09)
(3.6601929245521e-09 8.6895446440941e-10 -1.2897505012712e-08)
(2.3881745455479e-09 5.7102222425592e-10 -1.1054421300969e-08)
(4.1694857570235e-09 7.5193123205985e-10 -8.9411323692363e-09)
(-2.9519185038856e-06 6.3871775038862e-08 -1.3387419247093e-05)
(-1.713734203428e-06 3.4301292907859e-08 -1.1899470134671e-05)
(-2.1243571180291e-06 4.3331252159431e-07 -1.2624772005971e-05)
(4.5999583522461e-09 1.0747688630189e-09 -4.5676792917591e-09)
(3.7626104770502e-09 1.7158582214948e-09 -4.3431971146657e-09)
(4.0298004610334e-09 1.2142351046726e-09 -3.3434590274247e-09)
(-1.5594717159939e-08 3.2190744792852e-08 -3.4421310612201e-07)
(4.383745273209e-09 9.8233911468089e-10 -6.4465786406809e-09)
(3.4645465242289e-09 1.2908701838625e-09 -7.7861376106952e-09)
(3.663787425265e-09 1.5771001136936e-09 -5.7179999887473e-09)
(-4.9115738393421e-06 2.987418922323e-06 -1.4912890059277e-05)
(-3.8293585182472e-06 3.3424451142061e-06 -1.4564201071366e-05)
(-5.1011004140147e-06 4.4715740552434e-06 -1.5449600652335e-05)
(1.8929548143873e-09 -1.5176934600825e-09 -1.3120248871674e-08)
(4.1376041919557e-10 1.3512553726643e-10 -6.7382109416029e-09)
(-2.7042482154956e-07 4.5273971019623e-07 -6.8398314933438e-06)
(-1.9412839976915e-07 4.6811627327728e-07 -6.6006971139787e-06)
(2.6824492847141e-09 1.2242603559548e-09 -2.3861817742431e-09)
(2.5148706621018e-09 4.0276862772232e-10 -1.7739279192834e-09)
(3.7761630995696e-09 4.5898630959027e-10 -2.5828009868546e-09)
(-3.9485382256869e-07 6.627166230617e-07 -7.9885498314352e-06)
(1.8229318491125e-09 -1.1451203243609e-09 -1.7938839961074e-08)
(2.6993741601685e-09 -1.4471697787767e-09 -1.3182690362192e-08)
(-5.6499762056609e-10 3.1405511085591e-10 -3.4844236744689e-09)
(-3.5873404126233e-11 4.1036420899656e-11 -4.8171911124121e-09)
(-1.2317027106525e-07 2.6476790240854e-08 -1.6309374936875e-06)
(1.9860738258388e-10 1.9952179366915e-09 -3.1675583999212e-09)
(9.6148948462821e-11 2.1757126936079e-09 -3.247362935846e-09)
(3.1724410118667e-11 1.4797815006299e-09 -2.1372641854606e-09)
(-3.6790305711653e-06 7.628822657188e-07 -1.3910469829501e-05)
(-1.4619040476734e-06 2.8945474108014e-07 -1.1198684407811e-05)
(-1.5923887650563e-06 6.3381465816858e-07 -1.1918308399803e-05)
(1.0502883525948e-09 4.4177435512085e-09 -7.0489299846414e-09)
(-2.6980724653099e-05 0.00010374354429972 -2.0004033110676e-05)
(-1.4047119524873e-05 8.5189439812413e-05 -2.6700218258547e-05)
(-5.48691906745e-06 0.00010605334451787 -2.0442655182563e-05)
(-3.1291854473643e-05 8.2057051153016e-05 -2.6360669543108e-05)
(-5.385795334311e-10 6.6715211820764e-10 -1.0775394478515e-09)
(3.2928652405176e-10 -3.9074868247148e-10 1.221506362267e-10)
(-6.2406696750959e-06 2.3143650004667e-06 -1.5403465364187e-05)
(-7.7154131772196e-06 3.3422215167588e-06 -1.6220551404256e-05)
(4.8069575767325e-09 -2.6898853252045e-07 -3.6803468593607e-06)
(-3.7217473387913e-08 -2.4044442271201e-07 -3.2606672046715e-06)
(-4.5002805783581e-08 -2.9204664133097e-07 -4.1331674838837e-06)
(4.6923120869368e-07 3.9937187355689e-07 -7.2885421014267e-06)
(2.074897435209e-08 5.5283333210474e-08 -5.9302995014287e-07)
(1.0965357108482e-08 4.9130320376793e-08 -4.7285146167299e-07)
(3.2433654552792e-08 1.3590237077634e-06 -1.0323897746486e-05)
(-3.7226891104144e-08 -2.5536047732289e-08 -4.6980859406442e-07)
(-2.8105828712477e-08 -2.7494378827157e-08 -3.9520747620754e-07)
(-2.8178594719048e-08 -1.9537745894951e-08 -3.4013319641129e-07)
(-2.810465367506e-07 3.4036403896256e-07 -6.0132807700106e-06)
(-2.1286911537025e-07 3.5497219532769e-07 -5.7287724508121e-06)
(7.7553396752419e-06 9.2297601903219e-06 -1.9287926020982e-05)
(6.5218756432646e-06 7.8371687473495e-06 -1.7343489685844e-05)
(8.3180138158647e-06 7.1144409862834e-06 -1.8249377025978e-05)
(6.2426745947933e-06 5.3617916157703e-06 -1.6116852426539e-05)
(4.6291799210544e-06 5.6411092481236e-06 -1.5667134312095e-05)
(2.5988379805361e-09 -1.4237212825731e-08 -1.4271916605178e-07)
(4.9961711683011e-10 -1.2240839378249e-08 -1.2040308606868e-07)
(6.6989570462976e-10 -1.8317699612896e-08 -1.6893895787515e-07)
(-3.1579023423054e-06 -5.5587482702493e-06 -1.5351067594622e-05)
(-1.8507624929442e-06 -5.2677194237046e-06 -1.4908382064728e-05)
(-2.3171359674427e-06 -4.084822466856e-06 -1.4482723945602e-05)
(-4.9674259948198e-08 3.5095958727199e-08 -6.560103959695e-07)
(-4.5724776825086e-08 2.0536514263244e-08 -5.4194739421638e-07)
(-1.0017324978182e-05 -1.6290462493842e-06 -1.7697761453621e-05)
(-9.5091962857966e-06 -5.7225091322114e-07 -1.6774580497231e-05)
(-1.0097405188342e-05 3.3273423567223e-07 -1.7723591013992e-05)
(-6.4594244342347e-05 -5.7906325563169e-06 -2.9121435168622e-05)
(-4.335590458078e-05 6.8330511979951e-07 -2.8664738249455e-05)
(-6.5069792888497e-05 7.2246848830779e-06 -2.9131792181052e-05)
(7.7246588966697e-06 -2.7241723236995e-06 -1.6282536535629e-05)
(6.0728502625715e-06 -2.1151393312135e-06 -1.5405402677665e-05)
(-6.1348232406743e-05 -9.9119572636565e-05 -1.023918945463e-05)
(-7.9369054365343e-05 -8.4002812645116e-05 -1.0272986093715e-05)
(4.4495263044759e-05 2.6031400034091e-05 -2.8954388294444e-05)
(-5.7271023849608e-05 3.1900966625916e-05 -2.8998420791574e-05)
(-4.0726492688775e-05 1.7782061593307e-05 -2.8621481364269e-05)
(-3.6835164821831e-05 2.5367588311955e-05 -2.8584893969587e-05)
(6.265146603078e-08 3.3327405285385e-07 -4.6650630400658e-06)
(1.0926173899192e-07 2.9625824324826e-07 -4.365199639137e-06)
(1.3461975463183e-07 3.6688493494321e-07 -5.3662512704979e-06)
(-9.4933225221268e-09 -7.0131878419533e-08 -7.5398438191792e-07)
(-1.7730817081385e-08 -5.8068733721354e-08 -6.4081424405282e-07)
(-2.4035453562132e-08 -7.6303113441639e-08 -8.8562074488171e-07)
(2.386584634677e-09 1.2582347969821e-08 -6.990477776025e-08)
(3.5844226943315e-09 1.3425045759129e-08 -8.8667138872548e-08)
(-7.8648238752385e-09 -6.507278605916e-09 -1.2382669903459e-07)
(8.9260954265572e-08 -5.602259127072e-06 -1.489270087218e-05)
(-1.0120723913002e-06 -6.3057151909207e-06 -1.5346154350464e-05)
(-9.7948935477152e-10 -2.2127482483637e-10 -3.1435888347716e-09)
(-8.4817267641013e-10 4.9175441207335e-10 -2.464060644577e-09)
(-2.2408871026967e-09 1.3570584652984e-08 -1.2020847933242e-07)
(-1.4285979999135e-09 -3.6862156356783e-10 -3.1663242511629e-08)
(-3.2277097092124e-09 5.7552235199866e-10 -4.1733399160791e-08)
(-1.1840136109269e-09 -2.7774264757201e-10 -4.19154370761e-08)
(4.1120545827561e-08 1.5962139634084e-06 -1.1600922522489e-05)
(-2.22414724381e-08 4.3734307181488e-08 -4.782879695528e-07)
(-2.1083022729541e-08 5.7941010007281e-08 -6.1995630323463e-07)
(-3.1304471346929e-08 5.8884035197664e-08 -6.6435139481128e-07)
(6.13960148115e-10 5.0037649900579e-09 -5.1214769450823e-08)
(7.5630483411306e-10 2.983814697262e-09 -3.9448681636403e-08)
(3.7452158492168e-05 0.00010006081673489 -1.9974325895392e-05)
(4.4882731199034e-05 7.9538190756703e-05 -2.5350189428727e-05)
(5.7603538592869e-05 9.3679344123173e-05 -1.7597098583835e-05)
(-1.1703677011301e-07 1.0593943114309e-07 -2.0023414580955e-06)
(-9.2583133789308e-08 8.6192598027533e-08 -1.4958439336824e-06)
(-9.2346820645398e-08 1.1577624048572e-07 -1.8244996975508e-06)
(-6.7250996740725e-09 -2.3669164935303e-08 -2.3601830212783e-07)
(-2.2817438467495e-09 -2.0918103082347e-08 -1.9957306522302e-07)
(-7.8057279960401e-08 2.9485338516068e-07 -4.3193340807502e-06)
(-3.4262022863094e-08 3.0074095906985e-07 -4.1491801210168e-06)
(-9.8201130980534e-09 9.7109490666279e-08 -1.0490503559882e-06)
(-1.7452331277326e-08 7.5331302520462e-08 -8.0853475777807e-07)
(-6.4939399559032e-09 7.2722568949063e-08 -7.6317350289425e-07)
(-1.3998827809865e-09 -1.5051699954999e-08 -1.4198891868394e-07)
(4.3154293905065e-09 7.6320641309031e-09 -5.0295102852509e-08)
(3.5915315617879e-09 7.7375067933184e-09 -4.1053654820784e-08)
(4.0246228616907e-09 6.5812527849426e-09 -3.6134995435389e-08)
(-1.5539442596774e-06 -9.3209974321148e-06 -1.6924468190641e-05)
(-3.4112681208007e-06 -9.3373543540564e-06 -1.7558630332517e-05)
(1.6591945708608e-10 7.0685318208576e-10 -1.8119205035085e-08)
(2.3649455835967e-10 1.057280341799e-09 -1.3741476481205e-08)
(5.1369385468889e-10 1.3441955476235e-09 -1.7694370080038e-08)
(-4.9171263826021e-08 -4.610201542582e-08 -7.5637317557658e-07)
(-3.8108596816937e-08 -3.6703332247535e-08 -5.4769358217462e-07)
(-4.8251230357171e-08 -3.2189083541958e-08 -6.466643294592e-07)
(-2.4092318454374e-06 -6.8052648436604e-06 -1.5800885304294e-05)
(1.7855232758749e-09 -9.8874873229267e-10 -3.140213290348e-08)
(1.3587016740241e-09 -1.9851953046209e-09 -4.0858783830245e-08)
(1.3007176175551e-09 2.5498706897232e-09 -9.4659253876864e-09)
(1.6559067822988e-09 3.9176822164932e-09 -6.9736280656645e-09)
(-2.2027892406017e-09 2.9602207532347e-09 -1.2810892243171e-08)
(-2.6254105237554e-09 2.6731579416585e-09 -1.382907246294e-08)
(-2.5110712353749e-09 2.1206474036644e-09 -9.6018173845996e-09)
(2.3165830969963e-09 5.4041542266918e-10 -1.8193802513749e-08)
(1.9390950920151e-09 1.8541214311397e-09 -2.8329959389763e-09)
(-9.7363498590889e-06 -2.0910533963093e-05 -2.4660697779412e-05)
(1.2826270389449e-07 -2.0391037436304e-08 -1.6402953278279e-06)
(8.4585710163201e-07 1.0084328680244e-06 -9.9401451545074e-06)
(1.0616763060987e-06 8.82552694333e-07 -1.052777811439e-05)
(9.4581821566901e-07 1.1303687010502e-06 -1.1096381000548e-05)
(-2.2282669244826e-05 2.3531201830468e-05 1.622731113115e-05)
(-6.5467914575006e-08 -4.3531954684602e-07 -6.194586280664e-06)
(-1.6327716862431e-07 -4.7312801750573e-07 -6.7620757999213e-06)
(-8.9695783977063e-08 -5.8852329792439e-07 -7.3382103767598e-06)
(6.7860076507962e-07 -4.2993745309377e-06 7.8291442836372e-06)
(1.6226289685012e-06 -4.3789118862788e-06 7.8026792413664e-06)
(7.9599233456164e-06 -3.1381096089556e-05 1.613915885782e-05)
(-2.0882315179063e-08 -2.0703392925529e-08 -2.8386324073091e-07)
(-1.4873774995757e-08 -1.5760808076819e-08 -2.0286868045602e-07)
(-5.0878795003105e-07 -8.5909175040481e-08 -6.7173538559109e-06)
(-4.0062800057255e-07 -6.7333217492756e-08 -5.6065437128537e-06)
(-4.5513258920237e-07 7.0772178502228e-09 -6.1396862719314e-06)
(3.6413616436033e-08 -1.0153913134286e-07 -1.2120663040802e-06)
(-9.2757403374359e-09 -1.1219991219603e-08 -1.4421400169994e-07)
(-5.0502659765379e-09 -1.040979559014e-08 -1.1954629744235e-07)
(4.9372603464561e-10 9.7946844200194e-10 -1.9430426899464e-09)
(1.7448246886906e-10 1.070162793347e-09 -1.9458076571425e-09)
(-8.9162987528418e-10 1.3454891789139e-10 -3.2760494527069e-08)
(-6.7212546408858e-06 9.8166378960647e-06 -1.9379662378505e-05)
(6.9137241761842e-05 5.765300973781e-05 -2.5519694104739e-05)
(6.5802599396501e-05 7.6651498576482e-05 -2.2227774588853e-05)
(4.9496496356249e-05 5.9656193716327e-05 -2.7857220452406e-05)
(1.2845230927326e-10 -2.5717427763944e-09 -5.104868348813e-08)
(-1.4168348805595e-07 -1.2346612692674e-07 -2.5152355448003e-06)
(-1.1203157148581e-07 -9.9164368096825e-08 -1.9008659977257e-06)
(-1.4623658901916e-07 -8.849072534504e-08 -2.1887900527694e-06)
(3.0448841821442e-05 -1.0436205835007e-05 1.6021617242178e-05)
(-1.025184525654e-07 -1.2876617172309e-07 -2.1922990981713e-06)
(-1.3381687580944e-07 -1.6480881136175e-07 -2.8729016505496e-06)
(7.1662187938003e-06 1.3130894944983e-06 -1.5789370554241e-05)
(9.83476922982e-09 -1.7225712227732e-08 -1.9972692111805e-07)
(2.3125512713862e-07 -8.1153401970669e-08 -3.2549564641888e-06)
(2.3713371731853e-07 -1.3364582497175e-07 -3.6748356397884e-06)
(-1.7815592912459e-07 -1.5434170815514e-07 -3.2621249709208e-06)
(7.3509868365909e-06 6.3005770144915e-06 -1.6879516740768e-05)
(7.7251607679908e-06 4.5828486162897e-06 -1.6529912455098e-05)
(6.6715193188512e-10 1.9211705316334e-09 -1.4282818864285e-08)
(6.5160154368965e-10 2.956407728346e-09 -1.13512095554e-08)
(7.756822418197e-10 2.4800196084969e-09 -1.5437828461853e-08)
(-1.9969037733311e-09 2.0622063974859e-09 -9.0410200770232e-09)
(7.4302770720215e-05 8.7854819533963e-05 -7.7444472000926e-07)
(5.8740489026568e-05 8.0185115033602e-05 1.0238311513919e-05)
(1.3585987842776e-05 3.5069275774439e-07 -2.0926576691187e-05)
(1.8574375819582e-06 1.0583914459355e-06 -1.2604156318541e-05)
(3.2699823644381e-06 1.877724800156e-06 -1.3901048291355e-05)
(4.4881852465866e-09 5.3949199875709e-10 -1.0379443315978e-08)
(-5.2609846003145e-08 5.1927685796488e-08 -8.0222879190659e-07)
(-4.0622758741064e-08 5.5655352765708e-08 -7.2306089000216e-07)
(4.4406552691921e-05 -4.78402036852e-05 1.808245748073e-05)
(6.9675860587601e-05 -6.3148949426969e-05 1.178034348567e-05)
(3.3216823157579e-09 1.8389090331818e-09 -3.3549367351256e-09)
(5.9640552071963e-11 -2.7669447185552e-10 -2.4590785529877e-09)
(9.7600542985018e-06 -3.5037111992151e-06 -1.8286893382812e-05)
(9.6665472809341e-06 -1.5928801180914e-06 -1.7486478674258e-05)
(-2.3564730967208e-09 -9.3049002629119e-09 -9.9367146338474e-08)
(-3.2906836171458e-10 -5.6468544787363e-09 -6.8764440634193e-08)
(1.5288094013122e-06 -3.2363558683149e-05 1.6197227877441e-05)
(-2.3524855785775e-07 -4.1851643961743e-06 7.8489378269548e-06)
(4.9009854142543e-06 4.1605620595957e-06 -1.5239365365079e-05)
(6.7840238479298e-10 -1.6914717348565e-09 -4.4393028465272e-08)
(1.9209797518394e-09 -3.1849434088848e-09 -6.1669843152986e-08)
(4.1067887320474e-09 -3.6357211846388e-09 -7.2647290587484e-08)
(-1.0610922503265e-07 4.5492788930368e-08 -1.4161221700859e-06)
(-9.0103028896061e-08 6.0188978437725e-08 -1.2401795523502e-06)
(-1.1152541954009e-07 7.281910882803e-08 -1.6766078006473e-06)
(-2.2053077279303e-06 -1.8608738556304e-06 -1.3401516006967e-05)
(-1.3009110697615e-06 -1.0806552552451e-06 -1.1971540074109e-05)
(-1.8750245461636e-06 -1.0756121278241e-06 -1.268690242761e-05)
(-4.2294060558448e-07 -1.1946133125521e-06 -1.0069428002566e-05)
(-5.8495937234553e-07 -1.0317967877968e-06 -9.5499240881841e-06)
(-6.6076103517806e-07 -1.1502572572348e-06 -1.0636724747359e-05)
(-6.10255932854e-06 -0.00010774918051799 -1.9300438822291e-05)
(-1.8244789664527e-05 -0.00011608883127744 -9.9763999654916e-06)
(4.9636577958389e-06 -0.00011707653005014 -9.8267436734955e-06)
(-1.3220769508451e-06 -4.6754973981045e-07 -1.0607107032426e-05)
(2.0736222985859e-05 -7.4796240381378e-06 -2.4688632160409e-05)
(-5.3210690250509e-09 3.0150780505159e-09 -7.3875008320645e-08)
(-8.3283245058996e-08 -1.0486738517264e-07 -1.6432212722409e-06)
(-8.7209510099913e-08 -7.8368268814867e-08 -1.4141397982834e-06)
(3.0261177728743e-09 2.3234918980917e-08 -1.8976493460314e-07)
(1.046021534403e-06 1.8608160801771e-07 -8.9898314009848e-06)
(1.145048367548e-06 4.1536341867301e-07 -9.5006006405951e-06)
(7.5482779522025e-08 1.5521484998275e-08 -8.8542981414568e-07)
(1.2476387111982e-06 7.0849576219964e-07 -1.1166012491045e-05)
(1.601655599803e-06 5.6996848034668e-07 -1.1891678601868e-05)
(-9.5725893250272e-11 6.4604078906041e-10 -1.0978734767233e-09)
(-1.0268785459673e-08 1.2285572138068e-08 -1.6023962376103e-07)
(3.8506810552519e-10 -1.421589708181e-09 -8.0749349448651e-09)
(1.009622966923e-10 4.6060972733659e-11 -8.2494845951315e-09)
(8.7812709360522e-06 -1.4775040278326e-06 -1.6613271478026e-05)
(7.2030373010697e-06 -1.2029480600422e-06 -1.5853122888627e-05)
(2.1586759039571e-08 -1.7697720528685e-08 -2.7905646270842e-07)
(4.4358996176887e-11 6.8878195847136e-10 -6.5558725134489e-09)
(4.1203226486772e-10 1.7276198556467e-09 -6.9148423021625e-09)
(5.7390666355998e-11 1.4893692576525e-09 -8.5406151756312e-09)
(2.3792376822946e-10 1.5533948242704e-09 -1.0869800607262e-08)
(-9.8655805902558e-11 3.3584603200332e-09 -1.3026051066725e-08)
(8.2725244517714e-05 -7.0328655451873e-05 -1.8075686779622e-05)
(1.3752047681974e-09 3.5210564528105e-09 -9.6282938260945e-09)
(3.8210722642746e-10 3.3841822572248e-09 -9.5263814272648e-09)
(6.1195060295841e-10 2.9105179362304e-09 -6.8568554578972e-09)
(1.6158640139655e-06 -8.0301384035696e-06 -1.62032990429e-05)
(2.6483566554032e-06 -6.7924021846795e-06 -1.5815912407567e-05)
(1.2394537037495e-06 -6.2845255147035e-06 -1.5353241372302e-05)
(-1.3294259901447e-05 -3.8157772540691e-05 -2.8107002992998e-05)
(1.9053224513817e-07 3.8110075455866e-09 -2.511280005718e-06)
(9.6067765394937e-08 -2.5586655635839e-07 -3.6792117923671e-06)
(4.8249838192347e-05 -5.6632550387114e-05 -2.8205411182365e-05)
(4.7527965207007e-05 -3.9728940500564e-05 -2.903302197756e-05)
(9.1146702548635e-10 3.2599872291284e-09 -1.339464828848e-08)
(1.9354295083094e-07 -4.9758154441889e-07 -6.7542619283583e-06)
(1.2486036816972e-07 -6.0981294649227e-07 -7.3326507504894e-06)
(2.7411672773711e-07 -7.0522060573099e-07 -7.9054578865325e-06)
(-1.8968490316679e-09 7.704647509482e-10 -6.9899462599538e-09)
(3.5556606712911e-10 2.7019290008434e-09 -8.7279240602132e-09)
(6.9865649588287e-10 -1.4607886433293e-10 1.7340907927747e-10)
(-2.0734384032041e-10 -1.7021031225859e-09 -3.6628329521736e-09)
(3.6262353520722e-10 -1.9369572555635e-09 -2.7539604318783e-09)
(-2.5207510511251e-10 -1.3336692360903e-09 -2.8721039366765e-09)
(6.9597059145941e-10 -1.2579004044367e-09 -1.327504975938e-08)
(-8.9229149471891e-11 -9.2829874475301e-10 -1.3423521778342e-08)
(2.7472473019313e-10 -9.4468915889093e-10 -1.8090263925315e-08)
(-1.3222835141486e-08 -2.7211252236753e-08 -2.7976378570212e-07)
(-2.0067918546593e-08 -2.7941841759283e-08 -3.3192677854843e-07)
(2.8185429197498e-08 -1.5204087236212e-07 -1.8987930550423e-06)
(4.6848734441471e-08 -1.2945940874804e-07 -1.6401750789671e-06)
(2.2728730679251e-08 -1.2298389424221e-07 -1.4126140003397e-06)
(4.8286620346459e-08 1.9591879092485e-08 -5.430451030069e-07)
(3.7617325818692e-08 1.5781304859381e-08 -3.8965358781932e-07)
(-3.5545538352578e-06 -4.2840086676083e-06 -1.4924164613089e-05)
(-4.9065523680651e-06 -4.1545851786713e-06 -1.5398487041956e-05)
(-4.5820018812397e-06 -5.544428691226e-06 -1.5797123967675e-05)
(-2.9345651305576e-08 -1.8946847902173e-07 -2.5148204987723e-06)
(3.1782659132857e-09 -2.125395402739e-07 -2.8713516524092e-06)
(-6.850080231493e-10 -1.0316670275323e-08 -1.0109144227094e-07)
(2.7678968816238e-09 2.3638481701792e-09 -1.3458761079907e-08)
(2.6708192171605e-09 9.0376045437788e-10 -1.3490979115095e-08)
(4.4631139611388e-10 2.0717781599738e-09 -4.7744194245441e-09)
(-2.1964189571464e-10 8.814696960134e-10 -3.4001502626355e-09)
(2.1214418595274e-10 9.7721106295749e-10 -3.3438664033253e-09)
(-2.7100446289004e-06 -9.7107412631855e-07 -1.3367913655765e-05)
(-3.264823945545e-06 -1.8997501668991e-06 -1.3999027225103e-05)
(-2.6501047327424e-05 -2.0852873696809e-06 -2.5920050734711e-05)
(-4.2040210114399e-05 -7.9731165489087e-06 -2.8579365051967e-05)
(4.3145687051922e-07 -1.5405741819063e-07 -6.1764133103214e-06)
(2.3636460420893e-08 -1.2985053774212e-06 -1.0059614885886e-05)
(2.5090283336416e-08 -1.3897116604697e-06 -1.1249141880404e-05)
(4.8631173142035e-10 6.3992963258954e-10 -9.1790609910605e-10)
(2.0459704265057e-10 6.0820071043635e-10 -9.4337052983572e-10)
(-2.7580233347177e-10 -3.8350717412727e-10 8.9459147495834e-11)
(8.8033210302061e-07 3.7263206643397e-09 -8.4538758891651e-06)
(1.2281762082593e-06 6.6306793563964e-09 -9.5133103977336e-06)
(-7.0994799004389e-09 -5.3733086865216e-08 -5.4404598353626e-07)
(-1.234011592248e-06 7.6043614444676e-07 -1.1296730290398e-05)
(-1.0415618002297e-06 9.1818578204453e-07 -1.0793035632423e-05)
(-9.4759063004619e-09 -3.2241667549453e-08 -3.3099845630011e-07)
(-3.2037032875787e-08 1.2771565348082e-07 -1.5059888470138e-06)
(-1.003067584257e-07 3.8066984456494e-07 -5.3154218097557e-06)
(-1.259725191815e-07 2.9914408057664e-07 -4.4920167160361e-06)
(-1.2607662147454e-07 -3.6910726183451e-07 -5.6466474589861e-06)
(-4.7584271792548e-06 1.3984217691074e-05 -2.1519336032741e-05)
(-7.5438542950269e-06 1.4107288863475e-05 -2.2005502020247e-05)
(-4.9107815411625e-06 1.0155488864533e-05 -1.8987472560396e-05)
(9.147914818356e-10 -1.03042371302e-09 -3.1886999795929e-08)
(-3.5657283563733e-10 -7.9041835224313e-10 -3.1705455678714e-08)
(2.9237606103967e-09 -9.7005867971985e-10 -1.3163405211442e-08)
(-3.570105800252e-09 1.3351217545765e-09 -5.5435852720343e-08)
(-5.3632904609047e-09 1.4337196099793e-09 -7.2981435537646e-08)
(-3.7068646753954e-09 4.2564538788749e-10 -5.5709666694961e-08)
(-1.4466209407969e-08 1.1410534781663e-08 -1.8565110130493e-07)
(-9.500673417815e-06 -3.5207163121182e-06 -1.765556084692e-05)
(-9.1750128908562e-06 -2.378295088392e-06 -1.6771639257753e-05)
(-5.5363575660475e-07 1.3085067891319e-06 -1.102760110579e-05)
(-6.9024605972851e-07 1.1515268260805e-06 -1.0102571040321e-05)
(-5.0848338128861e-07 1.1995632848399e-06 -9.8760697888447e-06)
(-6.6386483947694e-06 -3.91422469095e-06 -1.6041333953388e-05)
(-6.0598052919365e-06 -5.3574544089039e-06 -1.6176475286967e-05)
(-1.1674509284754e-06 9.4258544413466e-06 -1.6778099546094e-05)
(-1.7184468070416e-10 2.160711961555e-09 -3.169897637452e-09)
(-5.8388128357882e-10 5.3287135296171e-10 -3.5408778094655e-09)
(-5.8642383813831e-11 2.1100691487469e-09 -4.8503430809394e-09)
(-0.00010781426673132 4.6264717820207e-05 -1.0235584483866e-05)
(-0.00010255673401148 3.2359610828043e-05 -1.9736658845763e-05)
(-1.1251425337131e-08 2.515452529566e-08 -2.4782924048908e-07)
(2.6210362665427e-08 7.2542701924973e-08 -8.2099797101605e-07)
(-8.1898394488962e-10 -1.3811057660612e-09 -4.8469460952351e-09)
(-5.1017624498578e-07 9.9673413084041e-08 -6.7139700926616e-06)
(-6.0290752801614e-07 6.6370823603223e-09 -7.2863445223288e-06)
(5.1493993649e-10 -1.7139509706061e-09 -6.6403269437194e-09)
(-6.1409056673851e-08 2.4095514116258e-07 -3.4255501328131e-06)
(7.8079701114129e-10 -1.8688357292276e-09 -9.4939952352412e-09)
(-7.8049080387849e-10 2.6304543428379e-11 -3.1561761586344e-08)
(-5.4658303382633e-10 5.9832160705399e-10 -3.1686745828129e-08)
(-2.6241846759925e-09 8.7036821663202e-10 -4.213424878869e-08)
(-2.7325201260358e-09 2.2694969996322e-09 -5.6866355200218e-08)
(1.4916238204561e-05 -0.00010742291695323 -1.8968956603396e-05)
(6.8453263357369e-06 1.1702343103579e-05 -2.0514447803038e-05)
(5.343349428691e-06 9.1650787538105e-06 -1.7955489084866e-05)
(-1.6857915265065e-05 6.4589387070922e-05 1.8228498324167e-05)
(-3.3890706543805e-05 9.1354604072677e-05 1.1242418976839e-05)
(-1.4907354379656e-05 9.6346287206695e-05 1.1278362946366e-05)
(2.2225750767915e-05 4.2467087299003e-07 -2.4678595283887e-05)
(2.7729914672591e-05 -0.00011347174857974 -9.6178982054565e-06)
(3.489487019554e-05 -0.00010341225810197 -1.8488102154461e-05)
(-3.5871658932691e-08 1.6235474953146e-08 -3.9047095872381e-07)
(-2.8547820151895e-08 2.0388445366793e-08 -3.4278847899556e-07)
(6.2932332959683e-05 5.0306338880207e-07 -2.892971184977e-05)
(3.895360860022e-05 4.6500928276841e-07 -2.8094733495764e-05)
(4.9440231352237e-05 -8.4172176876179e-06 -2.8936650556268e-05)
(-1.6460223964493e-05 3.7891605227028e-06 -2.2582724931725e-05)
(-1.1534816776359e-05 3.8166315660211e-06 -1.9708025240669e-05)
(-5.1234736976477e-09 1.9518502963702e-10 -7.4824143692162e-08)
(1.147438200902e-05 2.3720916712205e-06 -1.9457894727178e-05)
(1.0412124836505e-05 2.3598679780953e-07 -1.828994192741e-05)
(-4.6779323879279e-06 7.7588931952945e-06 -1.6487722067886e-05)
(-3.4493052535613e-06 8.1024613669266e-06 -1.6345153005907e-05)
(5.3408118098657e-07 -2.8027394520719e-06 -1.33753899609e-05)
(4.4561071606672e-08 -3.7974042243401e-06 -1.3988727206077e-05)
(8.8521901512254e-07 -4.6098237502052e-06 -1.4458755189013e-05)
(3.2344601502953e-07 -1.6331538754731e-06 -1.1945674950752e-05)
(2.7792987662125e-08 -2.1242040058677e-06 -1.2703027335153e-05)
(1.4841380424534e-06 -2.4128570326272e-06 -1.3349402682268e-05)
(2.4792443462387e-06 -2.7869066447795e-06 -1.3944016441103e-05)
(1.4500538439144e-06 -1.6054468528195e-06 -1.2651553091349e-05)
(-9.8563673602682e-06 7.6669444786766e-06 -1.9813347769445e-05)
(-1.2489179108892e-05 1.1881692098999e-05 -2.2610910862818e-05)
(-1.4569016385813e-05 9.7835877703212e-06 -2.2674743613225e-05)
(8.5592325130698e-07 -3.0124727823677e-07 -8.4576559113725e-06)
(9.4365567358503e-07 -5.2421642797201e-07 -9.0011831399474e-06)
(3.2445064154989e-08 1.7147070853461e-07 -2.2317588229527e-06)
(1.8297301057105e-07 1.0874101730535e-07 -2.8670984788316e-06)
(1.8009468031151e-07 6.8981801623225e-08 -2.5120595426483e-06)
(2.3093153639196e-07 8.809721428162e-08 -3.2558340896376e-06)
(1.7633439175907e-07 -8.8307205494422e-07 -8.473133876429e-06)
(2.0275120051849e-08 -1.0504754011148e-06 -9.0184300456603e-06)
(3.5279004896138e-07 1.3373804052056e-07 -5.103170060841e-06)
(4.0586578789963e-07 7.7841836161925e-08 -5.6274446590142e-06)
(-8.005808985435e-05 8.4523941901226e-05 -1.0164680216503e-05)
(1.0746176186488e-07 -3.7728645458616e-08 -1.4121619511654e-06)
(1.3923699069568e-07 -4.8705396585994e-08 -1.8980446455887e-06)
(-4.9314858712079e-09 -3.963407854045e-08 -3.9112983708877e-07)
(1.4063646570033e-09 -3.3226874476965e-08 -3.3083172202011e-07)
(-3.0554883598745e-09 -2.8334730134809e-08 -2.7989074328903e-07)
(-2.4783494332321e-09 1.6786513054696e-09 -1.6878695624978e-08)
(-1.6129701355532e-09 1.5675407601812e-09 -2.4008602250897e-08)
(-1.191525398998e-09 4.3173869320417e-10 -2.8093340994722e-08)
(5.4392862703345e-09 -2.7581624506304e-08 -2.799218850127e-07)
(3.9158423358928e-09 -2.0299563518767e-08 -1.9983588188235e-07)
(2.331604694317e-10 -9.2176731942708e-09 -8.6130853581088e-08)
(-6.2834859695872e-06 3.8998648636444e-06 -1.5762471709758e-05)
(-6.4413795291442e-06 5.7243125018774e-06 -1.6279093997776e-05)
(-6.9319074432179e-06 6.7371859132216e-06 -1.6946085672339e-05)
(-3.3577601259839e-06 2.0703284215765e-06 -1.3990978099505e-05)
(3.9262949671547e-09 5.8005875063304e-10 -1.5217209837147e-08)
(4.1728821853514e-09 9.3263705592979e-10 -2.181985928247e-08)
(5.1269453783941e-09 1.4288998208363e-09 -3.0963811927003e-08)
(-8.5540714633103e-10 1.1726437418668e-09 -1.8970371791768e-09)
(-4.0474333434749e-10 7.6277448151922e-10 -1.1692276934257e-09)
(-6.216913713235e-10 1.4196608861469e-09 -2.0376325451466e-09)
(-3.3169085568767e-10 1.3879943013301e-10 -1.3393999608284e-09)
(-4.6200775433908e-10 2.2836786105426e-10 -1.3440557875618e-09)
(-2.3145787868552e-10 6.0244042121914e-11 -5.9926739300614e-10)
(-9.3637777786912e-07 -1.1036841197927e-06 -1.1277464027344e-05)
(-8.1314007602388e-07 -9.7475680775365e-07 -1.0076965959399e-05)
(-2.735368623375e-07 -2.328073174846e-07 -5.1190172632524e-06)
(-2.2462877187705e-07 -1.9253564659179e-07 -4.1340811511716e-06)
(-2.8469716490821e-07 -1.6653788013308e-07 -4.6087975282394e-06)
(-6.3808472258131e-06 -7.5208230002659e-06 -1.7293811283511e-05)
(-7.7072264208224e-06 -6.7066654724505e-06 -1.7759332666767e-05)
(-7.4764612192747e-06 -8.5263567963878e-06 -1.9030834490092e-05)
(1.6912941204434e-07 4.6092247612586e-07 -6.4543515094261e-06)
(-3.1265327657176e-05 3.1749425678246e-05 -2.8563254733862e-05)
(-4.0877906544919e-05 5.1542541470768e-05 -2.895264263002e-05)
(-5.0168248926842e-05 4.2669661524885e-05 -2.8926601334755e-05)
(-6.2430787953964e-05 1.9996900068795e-05 -2.9088301711865e-05)
(-4.2961651242616e-05 9.3549322644956e-06 -2.8656031458988e-05)
(-6.8860559097092e-08 1.1938758031063e-07 -1.6903376343685e-06)
(-7.0217188208654e-08 6.6848740482049e-08 -1.1016447146374e-06)
(3.0283259669722e-09 8.4637776634116e-09 -4.5817852759024e-08)
(4.150727044345e-09 9.743546038174e-09 -5.7040954642369e-08)
(-1.0369751498001e-09 1.0157900515002e-08 -8.7947009268109e-08)
(-5.1519231618805e-10 7.4564654869294e-09 -6.5955206210422e-08)
(1.4092910949122e-09 -4.7418206366037e-08 -4.6114498557199e-07)
(-3.5523448378331e-08 -1.0443509009514e-09 -3.6466680222049e-07)
(-9.4897125265963e-06 3.996703782254e-06 -1.7843352814542e-05)
(-8.9527382240671e-06 3.8764681480138e-05 -2.826131881047e-05)
(-5.4331353355707e-06 6.0270062979674e-05 -2.9297149485618e-05)
(-1.7815375079024e-05 6.0556938516823e-05 -2.9214723253041e-05)
(7.7669287629276e-07 -1.9781918134216e-06 -1.2663872040897e-05)
(8.9254451983008e-07 -1.4294448711684e-06 -1.1922816621269e-05)
(5.4101574637915e-07 -1.3703611245793e-06 -1.1234110829438e-05)
(-2.670114606489e-08 -5.7997996012867e-09 -2.7013638628276e-07)
(-6.2774622687263e-10 -2.4501214933948e-10 -2.383225025819e-08)
(-9.413940849998e-10 1.0498668621495e-10 -2.3775008188284e-08)
(3.9104439235222e-07 -1.0058625703671e-06 -9.0104054397742e-06)
(6.4127483020612e-07 -1.0570968776063e-06 -9.5280164370175e-06)
(4.6772505987229e-07 -7.7577027745184e-07 -8.4668180877368e-06)
(3.6501219631072e-08 -1.2640488466871e-08 -3.8976023268208e-07)
(-8.5222160423348e-06 -4.1463484479978e-06 -1.6739914795597e-05)
(-7.871520075771e-06 -2.7285511773145e-06 -1.621814555925e-05)
(1.914198468348e-09 2.8730470291581e-09 -1.3634187670065e-08)
(7.7986334507813e-10 1.4925376034417e-09 -2.3914008686446e-08)
(1.0234855823896e-09 2.4073579210921e-09 -2.058346284709e-08)
(5.0263427781826e-06 -8.8545538864307e-08 7.9419276598644e-06)
(3.7683324845816e-05 5.8857321678711e-09 1.7283601991039e-05)
(5.2773318108648e-06 -1.1241881063943e-06 7.924376324226e-06)
(8.4895885178166e-10 1.3662595238844e-09 -2.9736001720705e-08)
(2.2980505239742e-10 1.1113473464391e-09 -3.2905702357256e-08)
(4.8799626358431e-09 -5.4548350329489e-10 -4.3409484316184e-08)
(6.0277205400697e-07 1.0514669318962e-06 -9.3541426473547e-06)
(6.8376520226581e-07 8.1985428957963e-07 -8.9187885450272e-06)
(-8.519487587438e-08 -2.5172124112597e-07 -3.6826132670702e-06)
(5.1277567049243e-08 2.7040861116216e-07 -3.7329113548382e-06)
(8.8705682015787e-08 2.4232617565863e-07 -3.4669788119379e-06)
(4.1789574116286e-06 -8.9525288037503e-05 -2.5855457480262e-05)
(-4.7252647995152e-05 9.6433682031119e-05 -1.9675586419063e-05)
(7.7103381298945e-10 -2.635948362704e-09 -5.2934240639892e-08)
(5.3359155817587e-10 5.5556178314539e-10 -3.1418326799385e-08)
(7.0880648299139e-10 1.511025182094e-09 -2.3967709496424e-08)
(-8.3605841204502e-10 -7.5112985487566e-09 -8.4126328522741e-08)
(3.3310223538784e-07 3.9947454664479e-07 -6.6792968825966e-06)
(4.7131469243758e-07 5.6766623678037e-07 -7.8235454814259e-06)
(5.8510259342479e-08 -1.5798262510098e-07 -2.188711439363e-06)
(7.4651629745037e-08 -1.2869151985494e-07 -1.8982738136737e-06)
(-2.1894198519592e-10 -4.6050800327019e-10 -1.4861314549093e-09)
(-9.5539806756871e-11 -2.8305228817537e-10 -6.7047018616204e-10)
(-9.0100586272051e-06 2.8638158406108e-06 -1.6782754335183e-05)
(-2.7742794233822e-10 -3.3268250989782e-10 -1.8040712364551e-08)
(-4.6615867390289e-07 -2.8357756760186e-06 -1.3408232742689e-05)
(6.5664615428504e-06 -7.654683084516e-06 -1.7472350099175e-05)
(8.1515241904665e-06 -6.8120555035112e-06 -1.8284898690007e-05)
(-8.5119935474041e-07 1.0345811060065e-06 -1.0400907106887e-05)
(-1.1092561912639e-09 9.1847806193848e-10 -1.7719691806069e-09)
(-1.6269313416758e-09 -4.281054169638e-11 -3.1869323885392e-08)
(-1.4141194050199e-06 -2.4806166551526e-06 -1.3418060163704e-05)
(-1.376175488945e-06 -1.6419981410155e-06 -1.2717245910634e-05)
(-2.4103087788187e-06 -2.9035951239694e-06 -1.3997340432332e-05)
(1.0530941240715e-09 -2.5186033515074e-08 -2.368888735673e-07)
(1.5127734748567e-09 -9.7683230583236e-09 -1.0235484462419e-07)
(3.782789692081e-09 -1.1297653153667e-08 -1.2071943693306e-07)
(-1.1191557900549e-05 -3.0164436274979e-06 -1.9514981919774e-05)
(-1.6264611245093e-05 -2.816297125217e-06 -2.2428260805515e-05)
(-1.5076970210173e-05 -5.9189327519889e-06 -2.2320593381123e-05)
(2.3889611610456e-09 -8.510065259896e-10 -1.7921816523734e-08)
(1.8523602513754e-09 -8.6507872571324e-10 -2.3895351054077e-08)
(-5.5243167635993e-05 -3.0318829221472e-05 -2.8996355991222e-05)
(-6.8730661723877e-06 -3.5387517434159e-07 -1.5526200781479e-05)
(-5.5633730201042e-06 -1.0491964511294e-06 -1.4922931826114e-05)
(-5.0221631674131e-06 1.2056062781944e-07 -1.4598761126211e-05)
(1.9514094503152e-08 -3.4079981534238e-08 -3.8974170310193e-07)
(1.2122294669144e-08 5.5697548125477e-09 -1.0150888436446e-07)
(1.0223413075827e-08 6.7748732566278e-09 -8.5480704282873e-08)
(6.4956662755262e-06 4.3580495429426e-08 -1.5362207062359e-05)
(4.3100902369008e-05 -2.4828799338105e-05 -2.8944428184109e-05)
(8.6718388494762e-06 -4.9686946692505e-06 -1.7490038543321e-05)
(1.0468836129705e-05 -8.8473632549704e-06 -2.0900648272527e-05)
(-3.5020961621231e-06 6.6819378995736e-05 1.8222393579929e-05)
(-5.0356539278226e-06 3.2179646497516e-05 1.6167645742549e-05)
(6.7305568652083e-11 3.8822759295325e-10 2.1221042347479e-10)
(-3.8635711325771e-11 7.3657994599971e-10 2.3117723407016e-10)
(-6.3354482734397e-11 -1.6829433190271e-10 -3.6630635964991e-08)
(3.68525763406e-07 4.8010276193581e-09 -5.1038256771827e-06)
(-8.1138086611745e-05 6.9863276628453e-05 -1.9572331112656e-05)
(-7.2461370940938e-05 5.0472610690633e-05 -2.6082705990924e-05)
(-6.0811513715075e-05 6.3838929138323e-05 -2.6060214875593e-05)
(-2.7799805063638e-05 -2.9613270224014e-05 -2.81853960654e-05)
(-1.467562518981e-05 -1.9201586886805e-05 -2.5051273314473e-05)
(-7.3999838218943e-06 -5.8177549363323e-06 -1.677176767271e-05)
(-3.892217656041e-05 -1.6231653647619e-05 -2.8460407358002e-05)
(-2.5046067505055e-05 -7.2623364894223e-06 -2.5803649815432e-05)
(-1.191769779402e-07 4.5880767484336e-07 -6.3973121039159e-06)
(-5.0559237666483e-05 -4.3557811808351e-05 1.8002587803777e-05)
(5.7237761063009e-05 -7.6709058905389e-05 1.1287048649144e-05)
(3.8683399004539e-06 8.3665744601459e-05 -2.7138324562003e-05)
(2.6847894696317e-05 2.3255856344253e-05 1.681353887618e-05)
(2.9120997144496e-06 3.2106960131655e-06 7.8106836839297e-06)
(7.4615952426212e-05 -1.281400318246e-05 -2.7831266731242e-05)
(-5.4001601969608e-08 -3.5486145701051e-07 -5.1174305291999e-06)
(1.1422140121312e-08 -3.9426159605951e-07 -5.6448754441983e-06)
(6.5215325755546e-05 -3.7678797908668e-05 -2.7951657623533e-05)
(5.8743221283291e-05 -2.1251429915489e-05 -2.8935678058593e-05)
(4.3414390354944e-06 -9.6900001495946e-05 1.1118332324007e-05)
(1.634796165485e-05 -0.00011280079331162 9.0043332236205e-07)
(1.5800846021045e-08 -5.1306691400236e-07 -6.7589733934655e-06)
(1.1110401353256e-05 -1.3267953769087e-05 -2.2631444218368e-05)
(1.1213315157325e-05 -1.9300640477433e-05 -2.4549278537798e-05)
(-8.801214891926e-05 7.2177002644968e-07 -2.628544790911e-05)
(-8.6678625276675e-05 1.8288348929719e-05 -2.6256977777312e-05)
(4.8267983451125e-06 3.2123910047969e-05 -2.717007727151e-05)
(-9.977141441387e-07 8.2867677683385e-06 -1.6112265432104e-05)
(2.781598842428e-07 9.4628654611655e-06 -1.6609858562422e-05)
(-2.2344984156469e-08 2.3006162961138e-08 -3.034427884058e-07)
(-2.1981746245016e-08 1.5926430608099e-08 -2.5097808694274e-07)
(-1.5499915262198e-08 1.6759637673788e-08 -2.2091987896992e-07)
(5.567572086881e-06 -9.1587279227125e-07 -1.4934877736252e-05)
(-1.0466443084803e-05 -5.2183754606106e-06 -1.9444858684352e-05)
(3.218891504622e-10 -5.2967582663892e-09 -7.3486305869033e-08)
(7.3838658730629e-06 -3.863473497261e-05 -2.8071291449691e-05)
(4.1243063651057e-06 -2.2316404208114e-05 -2.464631752495e-05)
(2.8053277866665e-07 -3.0004342506063e-05 -2.6535506410661e-05)
(1.5646740355771e-09 1.1458186441424e-08 -7.5639213381336e-08)
(8.8592923980377e-10 7.7951446715038e-09 -6.0612425962888e-08)
(1.1260019253084e-05 1.3440519481269e-05 -2.2603841711779e-05)
(1.7732237767871e-05 1.5053968890466e-05 -2.4706986798396e-05)
(-1.3354145810342e-06 5.0035761536365e-06 -1.4581758930771e-05)
(1.8327568620038e-07 -1.0319249263522e-07 -2.8676123995177e-06)
(2.6572074028867e-07 3.1695881267429e-07 -5.5771897742369e-06)
(-1.9062249055382e-06 1.179610919211e-06 -1.2733425790307e-05)
(6.0310959042925e-07 4.071693378786e-09 -7.3115722269201e-06)
(7.2807200147259e-07 -1.2395046910737e-07 -7.8910632953139e-06)
(-2.9891640987096e-06 -8.3434033439856e-06 -1.6550974807994e-05)
(-7.6201586526097e-07 -4.6855325366932e-06 -1.4472298078791e-05)
(-1.2538075979281e-06 -3.563156529238e-06 -1.4001372702795e-05)
(-2.6924325156037e-07 -1.6249719009635e-06 -1.1975200736339e-05)
(-2.1413249731901e-07 -1.3102341718064e-06 -1.0627617486329e-05)
(4.486510425087e-06 -1.5448409155544e-06 -1.4475936416819e-05)
(3.6547136202071e-05 -1.3194087962667e-05 -2.806436803713e-05)
(4.3751804456084e-07 1.2066182959094e-06 -9.7275028986142e-06)
(4.8444447151122e-07 1.3430910442996e-06 -1.0840684563342e-05)
(-5.9087476182314e-10 1.4702342439857e-09 -3.1054953876536e-08)
(-1.0347609925848e-09 3.3086185454974e-09 -1.2519256293683e-08)
(2.8845330595472e-07 1.1018594969031e-07 -4.1251631249126e-06)
(-4.2416920230828e-07 1.6646528401405e-07 -6.1785149818584e-06)
(1.5035074248631e-07 8.9754249014568e-08 -2.1887984365718e-06)
(-4.1085389192379e-05 5.3235592252554e-05 1.8093277712622e-05)
(-3.4417625530464e-08 -9.2419077033567e-09 -3.5397439107999e-07)
(-2.8037048221534e-08 -1.283142564251e-08 -2.9668823308764e-07)
(-1.571646986123e-07 -2.8482410072983e-08 -2.1747597894981e-06)
(-2.0692801118399e-07 -3.7821707134908e-08 -2.8504362948908e-06)
(-1.7106637995901e-09 2.9165919141021e-09 -1.1595291697916e-08)
(1.5933411367912e-09 1.6799210937467e-10 -8.206102708283e-09)
(-1.8882989931973e-08 9.2296728717782e-09 -2.0879590227949e-07)
(-8.4322923597302e-08 8.9176806675038e-10 -1.0289300419608e-06)
(9.3781022505386e-08 1.6272608584747e-07 -2.435993551219e-06)
(7.1080715984682e-08 1.937408108053e-07 -2.6911918891934e-06)
(-6.7177680346807e-06 9.1442441081403e-07 -1.546650349438e-05)
(5.7570387863852e-08 -1.0130880098937e-07 -1.4116110480731e-06)
(3.5629625570255e-09 3.1177026843278e-08 -2.6496305738224e-07)
(5.3255536722115e-09 5.5566063613502e-10 -3.5520049431954e-09)
(5.224704710494e-09 4.6641248059933e-10 -5.0730924837986e-09)
(5.0928754995278e-08 -2.8962741752563e-08 -6.3986620033992e-07)
(3.9441034440555e-08 -2.2412796132639e-08 -4.6009010101418e-07)
(3.0104172191015e-08 1.9155294660557e-08 -3.2969300261675e-07)
(2.855402344522e-08 -1.6150761651498e-08 -3.2973960086367e-07)
(-6.3367553201799e-07 -3.6861976470413e-07 -7.9113774390206e-06)
(-4.6331838238131e-07 -3.9270102924523e-07 -7.3395043024543e-06)
(-4.4305927920288e-07 -2.5853637303536e-07 -6.752693685104e-06)
(-3.3807379248116e-07 -2.8660870197789e-07 -6.1955468846272e-06)
(-1.4295033555675e-08 -2.0916736891772e-08 -2.3711645859203e-07)
(1.5677429586833e-09 -6.1475625527151e-08 -6.4104039323669e-07)
(-6.2571170630093e-08 -8.0296776125346e-08 -1.2139206379033e-06)
(-4.2562677529239e-08 -8.0862342044065e-08 -1.038292843716e-06)
(-1.0591944536483e-07 -4.2137984871048e-08 -1.408129241111e-06)
(-9.4118384971406e-08 -1.8081109229759e-08 -1.2049842270217e-06)
(2.5552711896462e-09 2.0218500543837e-10 -1.5036327103123e-08)
(-0.00010709912867213 1.1456556933449e-05 -1.9747020308489e-05)
(-3.8584738522261e-09 1.8064317403598e-08 -1.6588191063551e-07)
(6.1476780555195e-09 1.139823794439e-08 -9.7848512366354e-08)
(6.6110584648937e-09 -1.2035388626211e-08 -1.4252530658752e-07)
(-4.7385894463627e-05 -4.0892280552638e-05 -2.8953011404517e-05)
(-1.5392058110066e-07 3.6840491179207e-07 -5.5045841557701e-06)
(6.1904506751957e-09 5.9792543071179e-09 -5.132166726583e-08)
(7.2590190467509e-09 6.9717002058112e-09 -7.1992161106696e-08)
(9.2695331596475e-09 8.5607655932622e-09 -1.0120843473866e-07)
(-5.3027352608511e-08 4.5821384980462e-07 -6.1971258975597e-06)
(-7.2315939016995e-08 6.2342268821834e-07 -7.3319708002437e-06)
(1.6764867202183e-09 3.8579390420234e-09 -2.7117759348738e-08)
(2.0490931996316e-09 6.8231085384875e-09 -3.6752868734311e-08)
(2.1135244200925e-09 3.4889538976153e-09 -6.0229041656168e-09)
(2.5241516275989e-09 2.6920524858825e-09 -6.2440376632873e-09)
(5.4133628657452e-09 1.3770768222777e-08 -1.1160917541907e-07)
(4.621352818616e-09 1.1655143937093e-08 -7.9555172293053e-08)
(-3.1089843585202e-08 -6.0164404834632e-08 -7.5466599280962e-07)
(3.5039353660416e-09 -1.3048816737046e-09 -3.6534718949232e-09)
(5.3798367545196e-10 3.4082881039732e-09 -4.3923837321068e-09)
(2.5919681208603e-09 -4.9029869237116e-10 -5.3995890699116e-09)
(2.6768128932126e-09 -1.2155381427041e-10 -1.8130896367874e-08)
(2.7649075493283e-09 -2.5430431665004e-10 -1.3348604830415e-08)
(-5.9171423400981e-10 -6.7486446576636e-10 -3.6282070220145e-09)
(-7.8443475430736e-10 -3.2175672687409e-11 -3.6758033169715e-09)
(-2.2405786370138e-06 8.3586230517034e-06 -1.6236079210463e-05)
(-1.7620931556013e-06 6.6034413070481e-06 -1.5463246032229e-05)
(-7.9214779398942e-07 6.5757693721299e-06 -1.5309090721307e-05)
(-1.6507581707673e-05 5.4425792714559e-07 -2.2500593893914e-05)
(-1.1790207276424e-05 -7.5094103316179e-07 -1.9585507791911e-05)
(-1.1883003043552e-05 1.5620923147366e-06 -1.964534525179e-05)
(-2.1643597825365e-05 1.7876636209689e-05 -2.605985233139e-05)
(-4.238391633249e-07 -7.4811007189227e-07 -8.4856542040072e-06)
(-3.4252932952959e-07 -9.7805915210418e-07 -9.0251706319742e-06)
(-2.3412411108664e-07 -6.7450074465626e-07 -7.918108604536e-06)
(-6.5934236126781e-10 7.2932238134475e-11 -2.798968303565e-09)
(-7.9839066451159e-08 -3.2964512185036e-08 -1.0361591820445e-06)
(-1.0073750396733e-10 -9.5639352725228e-12 -2.4274979019215e-09)
(3.2745481312299e-10 -3.8202411405362e-10 -1.2094581211031e-09)
(2.759225039654e-10 -2.3624384906077e-10 -4.7088263279262e-10)
(7.4805090767348e-10 -2.1366929140391e-10 -1.1030154332174e-09)
(-2.9668043982817e-10 2.3359625850623e-10 -5.7451151516373e-10)
(2.648510334338e-11 -2.8115937665331e-10 -1.3011147357958e-09)
(-1.5717536392175e-10 -6.6881132973626e-11 -1.3292732238661e-09)
(-2.2273317617071e-07 8.9585192359012e-08 -3.2594166282798e-06)
(-2.2773918874187e-07 1.4142452676532e-07 -3.7352691681282e-06)
(-8.701173767263e-08 1.4857705215065e-07 -2.2490905908265e-06)
(-7.7421911635505e-08 1.9015842589422e-07 -2.783881170556e-06)
(1.6098924729756e-08 8.3643723389907e-08 -9.0697269854571e-07)
(3.3645422475437e-08 9.3419409197174e-08 -1.1267804553695e-06)
(-6.2833827620635e-08 -4.0822240479023e-08 -8.8817234198164e-07)
(2.7054887136603e-07 1.4757542354083e-06 -1.1246532122403e-05)
(2.3997035843595e-08 8.568487658743e-07 -8.231027696774e-06)
(6.4470637768129e-07 1.8098931021536e-06 -1.2222748853761e-05)
(-0.00011427119016895 -2.275136701629e-05 -1.0259829047747e-05)
(-0.00011391574660673 -1.0884798778138e-05 7.142944439047e-07)
(3.2481626314959e-07 -5.4132305584207e-07 -7.3271230051853e-06)
(2.3915736673303e-07 -4.007159227932e-07 -6.1867477354776e-06)
(-0.00010832276089747 -3.3242982898463e-05 6.5589197898166e-07)
(1.3028906264024e-09 2.967462977686e-09 -1.7558158119743e-08)
(-3.6332320906166e-06 -6.7179836389112e-05 1.8106342184756e-05)
(-5.121238113676e-06 -3.2582334954997e-05 1.6226830485754e-05)
(-1.696798206227e-05 3.8817834030456e-05 -2.8462022583747e-05)
(-2.9967475310399e-05 5.7592658263163e-05 -2.9071553948784e-05)
(3.2263357532693e-09 1.0733343434975e-08 -6.3675679783299e-08)
(6.880670317732e-07 3.9004259799939e-06 -1.3944951377661e-05)
(4.0012260680942e-07 2.2392308839313e-06 -1.2682288038426e-05)
(1.1165732831164e-06 3.1677080554729e-06 -1.3582883305988e-05)
(-1.8797462601455e-07 -1.1665546010875e-06 -9.5417717433465e-06)
(-3.0891132522379e-08 4.3064533694305e-08 -5.2173596105809e-07)
(1.8122353014098e-08 -7.2990700992479e-07 -7.9134215080085e-06)
(-2.4621306493167e-05 3.6373142872824e-05 -2.8536392510045e-05)
(1.2636338379025e-08 6.2619759094665e-08 -6.5682108487413e-07)
(-5.9994491023945e-10 2.9217236772167e-09 -9.2245697546125e-09)
(-6.6636601202147e-08 -6.0664764993765e-08 -1.0386386927439e-06)
(-1.0914994509378e-07 -6.7717868263426e-08 -1.639752398351e-06)
(5.4073088443139e-09 2.0754292007993e-08 -1.7389320725827e-07)
(-8.650812251011e-06 -5.2394977363622e-06 -1.7638591175862e-05)
(-9.2487147754196e-06 -7.1183278709208e-06 -1.9402362357052e-05)
(1.1787349655982e-09 1.4633320860012e-09 -4.8828435961359e-09)
(-1.7530527783704e-09 7.1602372299208e-09 -7.1220963149423e-08)
(-4.9241123205295e-12 3.2584896223472e-09 -5.049197376578e-08)
(2.2588129864603e-07 3.9237785341726e-07 -6.0398610634583e-06)
(1.2257673516971e-09 3.6003180019834e-09 -2.0531847143336e-08)
(1.7110273391563e-06 9.054437450975e-06 -1.6452618261577e-05)
(1.3845361255424e-06 7.5032597492654e-06 -1.5782129894726e-05)
(-8.3111531765027e-11 -1.1962199603983e-11 -6.2971255992326e-10)
(6.0359413311613e-06 -1.620720009041e-05 -2.2631909303857e-05)
(2.5827791444064e-06 -1.3716928539752e-05 -2.0875109061196e-05)
(-3.4121045211146e-05 -2.3582246525617e-05 -2.8327744024712e-05)
(-2.6973716193428e-05 -0.00010409275095441 -1.9536028063444e-05)
(-4.0623826025392e-05 -0.00011014164952884 -1.0121027364347e-05)
(1.7672860923074e-07 -1.7496956451327e-05 -2.2736726277317e-05)
(-6.3026981988396e-06 -0.00011409247660453 8.3618816196289e-07)
(-9.1964060166169e-07 -5.3173018020748e-07 -9.0196718271901e-06)
(-9.1708769238933e-07 -7.7105774943299e-07 -9.5496549310062e-06)
(-2.7272954064092e-10 2.3802178191214e-09 -6.819795387565e-09)
(-6.4347362046992e-07 3.9499356724674e-07 -7.9607170215747e-06)
(-3.2621830224059e-06 -6.7345708018062e-05 -2.8928232038113e-05)
(-1.3534073764356e-05 -8.8113899704748e-05 -2.5992898822917e-05)
(-4.0869098299214e-05 -5.324126649131e-05 1.8030616674391e-05)
(-1.0423831533023e-07 -3.0584403196936e-07 -4.6135523003702e-06)
(-1.3666552285351e-07 -8.6990323609225e-07 -8.4800673703475e-06)
(-8.1257072478196e-05 3.5046078929171e-05 -2.6170567490501e-05)
(2.3620473020749e-06 6.6045409763368e-06 -1.5514484083844e-05)
(-1.1634855179562e-07 1.4215914191637e-07 -2.4164993099597e-06)
(5.13847901589e-08 -4.3131352562596e-08 -7.526200424246e-07)
(4.1385567845634e-10 7.7018726130051e-10 -3.281526060855e-09)
(-4.4254416111773e-06 1.7744805063125e-06 -1.4424306911606e-05)
(-4.1815141195755e-08 9.0915988974349e-09 -4.4903179584876e-07)
(-2.5679239016356e-07 5.1416710930138e-08 -3.657988552703e-06)
(2.0850253315228e-09 2.9290520210275e-09 -9.7162830691984e-09)
(1.9566321297312e-09 2.5667304664385e-09 -7.0476721721283e-09)
(2.4629485206669e-09 1.825113677367e-09 -9.7064341581079e-09)
(-3.0504697861626e-10 -2.2535223663871e-10 -2.712812764699e-08)
(-1.518042350164e-09 7.7403307497859e-10 -2.3752470748021e-08)
(-2.8659969983015e-10 -6.1918124747957e-10 -3.251643755216e-08)
(-4.1353488149356e-10 -6.1718502080995e-10 1.2457811579996e-10)
(-3.1391873770824e-10 -8.4289897237166e-10 -3.8359946695631e-08)
(7.8122591955255e-06 -4.4232668476788e-06 -1.6637319940521e-05)
(6.346422879009e-10 -2.0914807422764e-10 -5.158905352767e-10)
(2.6211061247537e-10 -1.6031621387456e-10 1.7338720705344e-10)
(5.9027574347138e-10 -4.1954176499515e-10 -6.3322925336761e-10)
(8.072502316423e-06 6.9335481414227e-08 -1.6249914821859e-05)
(6.8332197703436e-07 1.1898177773978e-06 -1.0396316017118e-05)
(1.2223834689181e-08 1.5457808290125e-08 -1.6681498519033e-07)
(1.7244025812754e-08 2.1302103916816e-08 -2.3338615799068e-07)
(-2.8758925104457e-05 -0.00011052455700326 7.7907468322611e-07)
(-1.4985376490331e-05 -9.6303172019325e-05 1.113294128939e-05)
(1.1952163992404e-07 2.0632366511949e-07 -3.1629895507514e-06)
(-2.1326967273835e-06 5.0464071770595e-06 -1.4737928736767e-05)
(6.710515787688e-05 3.8889709687055e-05 -2.7769549320523e-05)
(8.7926629296878e-05 5.0436897784068e-05 -2.1790801065464e-05)
(1.5798144389841e-09 2.8695987889704e-09 -1.5348425342325e-08)
(2.1539526328375e-09 3.5302125284964e-09 -2.1593597937596e-08)
(8.6878596334594e-05 -6.7766969995122e-05 3.2656810907692e-06)
(1.4445505224684e-09 3.1532498321632e-10 -1.1830361805495e-09)
(5.9618938280955e-10 -1.6752931308264e-09 -2.1327855223996e-09)
(-6.1697617397424e-10 2.2565902668959e-10 -2.1176129428359e-09)
(-5.7021642978014e-10 2.2833922818753e-10 -2.0080005253311e-09)
(1.4025188049965e-09 -4.2292104087338e-10 -1.0933863341402e-09)
(6.4510276048681e-08 -3.680224376176e-08 -8.8456916192109e-07)
(6.2027693450608e-08 -2.1709726993143e-08 -7.5267521531531e-07)
(9.9980279678585e-05 3.3940850026737e-05 6.6279375086882e-06)
(0.00011147399401379 1.924866565365e-05 4.7228680185719e-07)
(9.0733995368836e-05 1.6100421359039e-05 1.2474910857887e-05)
(9.0268661105742e-06 2.5600422303042e-05 -2.5988960075063e-05)
(8.5666844434934e-05 -4.961112227938e-05 -2.2419849007253e-05)
(3.7698161556074e-09 1.6295231732721e-09 -1.5891230607322e-08)
(6.7230953082813e-05 -5.6460750527225e-05 -2.5884140391748e-05)
(8.7622635632324e-06 1.6641922829679e-06 -1.6572059719662e-05)
(4.6591062086885e-09 3.1082290257339e-09 -3.11247025265e-08)
(6.019109937665e-09 2.838090794005e-09 -3.6761468303127e-08)
(2.6074608802272e-08 4.5407943392821e-08 -5.2429458669561e-07)
(4.8283588028304e-08 -1.6863412875931e-08 -5.4284574225788e-07)
(-2.6875376290518e-05 3.3048119244438e-06 -2.5998534385235e-05)
(-9.3388397287957e-05 5.1898000498248e-05 -1.9666281299728e-05)
(-5.0194927808813e-05 -0.00010275341487571 7.2305342063007e-07)
(-6.9415247543249e-05 -9.0246083678958e-05 6.7563573263583e-07)
(3.912323508145e-10 -2.3799540758785e-10 -2.2230141057611e-08)
(-7.8912916755968e-06 -1.2291460597122e-05 -2.1242989492517e-05)
(7.6808301973882e-05 8.6340292074719e-05 -1.2686000683638e-05)
(2.7187077737689e-06 9.7407208657125e-07 -1.332770979144e-05)
(-2.0648554098824e-05 -3.4216954969017e-05 -2.8078953981351e-05)
(-6.6497110410133e-05 7.0181783923634e-05 1.1086656829327e-05)
(6.7401887137643e-09 4.7093141665538e-09 -4.3687256477377e-08)
(6.9437527053021e-09 4.9565457901749e-09 -6.1086082547824e-08)
(-1.3128934593348e-10 -3.6090605010512e-11 -1.8725830689614e-09)
(-3.8301080704268e-10 1.7279557961567e-09 -2.9698823424004e-09)
(9.2926792613086e-05 5.3635215973699e-05 4.6880273541848e-06)
(7.6404235655758e-05 6.9258332006647e-05 8.2224765882526e-06)
(-1.6333960664615e-09 -1.1868362733167e-09 -3.8045964847434e-09)
(-1.2966375335044e-09 8.8817640357936e-10 -1.9320857436951e-08)
(1.2773874426819e-08 1.1634156952124e-08 -1.4212319685407e-07)
(1.8058540466676e-06 -4.8192276046756e-05 -2.8901758259091e-05)
(2.3741614779205e-07 1.4027938879386e-07 -3.6738470940082e-06)
(7.418344530186e-06 -6.1144480655808e-06 -1.6973076032514e-05)
(3.7572135514608e-06 6.6077133552304e-07 -1.3951590539841e-05)
(3.1137464706902e-05 1.7612651706051e-05 1.699674217783e-05)
(7.0208448606506e-05 2.8466083038665e-05 1.674022196008e-05)
(-1.2690025904735e-06 4.9561313415344e-07 -1.0595717759234e-05)
(-1.2561485718638e-08 -9.2534779863231e-08 -1.0382410020802e-06)
(2.383999742007e-09 -8.0922435951633e-08 -8.8633953845588e-07)
(-6.9706983320038e-05 9.0449882538009e-05 7.2110677518915e-07)
(-5.1238114207909e-05 8.2480331526377e-05 1.1151356211793e-05)
(2.0707870975991e-09 2.8973913935322e-09 -1.8681599959643e-08)
(1.7689765744978e-08 -9.5423419597139e-08 -1.0378834997537e-06)
(1.4711190472379e-07 -1.2106239215503e-07 -2.5112291382658e-06)
(6.4801573526144e-08 -7.8188896079104e-08 -1.2112431794261e-06)
(-6.6076441588085e-05 -6.9924262207248e-05 1.1027502808942e-05)
(9.7054585889577e-08 -1.4985547175467e-08 -1.2118797139484e-06)
(-8.8501780363125e-08 -5.5799544353272e-08 -1.2119312179253e-06)
(1.9139405741392e-08 5.676871476009e-07 -7.0935181746921e-06)
(4.2620190543935e-09 3.074632316373e-10 -1.8129606005007e-08)
(2.6842504885545e-09 1.4885641249317e-10 -2.1672653566748e-08)
(1.295870798116e-06 2.2838835356927e-07 -1.0024392174323e-05)
(1.3914731032473e-06 7.1293454475373e-09 -1.0586751653809e-05)
(1.7431712624097e-06 4.9488519015323e-06 -1.4599375446492e-05)
(1.3049870617529e-06 -2.1364624632768e-07 -1.0037622672183e-05)
(6.7734065099616e-10 -1.6663013876067e-10 -1.2048168807839e-09)
(5.8406770758241e-10 -3.1686678848268e-12 -3.8971130352052e-10)
(1.4680414473977e-06 2.5772786642388e-07 -1.1206672944921e-05)
(5.0138405762655e-05 9.4186925758908e-06 -2.8952465683394e-05)
(3.7530661482274e-05 1.4167662711469e-05 -2.8100901712534e-05)
(3.9802237203143e-10 -3.9290245901192e-10 -1.9166770328903e-09)
(-3.9890484664866e-06 -6.952085520121e-06 -1.6212744476467e-05)
(-4.2082412554133e-07 -1.5412777638209e-07 -6.1715662379452e-06)
(-3.4361773997713e-07 -1.2412420837695e-07 -5.0991914299624e-06)
(8.1577096122644e-08 -2.8755587628904e-08 -1.0365287988669e-06)
(-9.4767055525643e-05 -6.5900919720472e-05 -1.0276528135407e-05)
(-3.601679526326e-06 -3.056593577732e-06 -1.4495877753555e-05)
(-5.4548760016713e-06 -9.2133243784859e-06 -1.8361305781333e-05)
(-1.4330368417752e-07 1.7450543282045e-07 -3.1427517069525e-06)
(-1.0893187452516e-07 1.8457957074106e-07 -2.9398889895809e-06)
(-1.4558022129073e-06 3.6561580683581e-05 -2.7881183339132e-05)
(-2.9634653496275e-07 3.9307286750932e-09 -4.1015441612126e-06)
(-5.1003632421833e-06 6.1530669536294e-06 -1.5995953477023e-05)
(-2.2850665000133e-07 3.0201805183459e-09 -3.2306107957278e-06)
(-2.3369725160709e-07 2.0467842520992e-07 -4.2980876978868e-06)
(-1.8519170444818e-07 2.2251939811643e-07 -3.9968452453678e-06)
(1.6124502078556e-08 2.744514232027e-08 -2.6998388096342e-07)
(-1.2478015367862e-08 5.7986168044105e-08 -5.8417574160779e-07)
(-9.5343528688724e-11 -6.6420142258874e-10 2.2046223650789e-10)
(-2.3409544204666e-09 9.4149178194822e-09 -9.677971919259e-08)
(-6.5537928648121e-05 8.4869014641148e-05 -1.9545256746085e-05)
(-4.6685633178833e-08 -8.6689904480503e-11 -5.322020737045e-07)
(-4.0581316280153e-05 0.0001103664308558 -1.0250362637079e-05)
(2.6526305770916e-11 6.1660870672835e-10 -9.7102752443196e-10)
(-1.2616298161368e-06 -4.4147177553088e-06 7.8802496836863e-06)
(7.6900308029108e-10 2.696388819363e-11 1.6345906184024e-10)
(-4.7284857209903e-06 -8.127579893623e-06 -1.6905349985042e-05)
(-5.7066679954712e-06 -6.7699954667277e-06 -1.6526378819025e-05)
(1.4183821337955e-07 1.6870524470575e-07 -2.8352538663385e-06)
(1.4750969296607e-07 1.2619667827541e-07 -2.5043705040323e-06)
(2.8977521649208e-05 -4.82773249513e-06 -2.6568999512159e-05)
(5.1085135398618e-07 -8.6819378158673e-08 -6.738145144459e-06)
(4.5251901391598e-07 4.8519300298666e-09 -6.1720849682205e-06)
(9.7536257393926e-06 1.9478904431463e-06 -1.7479455706023e-05)
(1.2620449875911e-09 -1.0751735024864e-11 -8.0932618751307e-10)
(2.1552803891898e-07 4.2907815915105e-08 -2.8670212092727e-06)
(-4.8134218393075e-08 -6.2522614172752e-08 -8.8631744402285e-07)
(-3.728466575981e-10 3.1865152323882e-08 -2.8399520127556e-07)
(4.4005421749305e-08 9.590902433208e-09 -4.6010498020997e-07)
(1.4106212683605e-05 -2.9224071602174e-05 1.6051019355404e-05)
(1.9607619798391e-05 -2.5648428438652e-05 1.5981191355934e-05)
(3.4289237602029e-05 -5.6340213758637e-05 1.8038764102561e-05)
(5.7152893880451e-09 -1.5533492946327e-08 -1.6872757627381e-07)
(8.9688849859665e-09 1.1502664951079e-08 -1.1892088912127e-07)
(8.0029825946328e-10 3.1795111836698e-09 -4.289851461684e-09)
(3.560268186009e-06 2.5293634211049e-06 7.8306349083486e-06)
(-3.9907288355383e-06 4.8097576455351e-06 -1.5148948301536e-05)
(-2.8653272007965e-06 3.4504912493186e-06 -1.4264877816692e-05)
(-2.6884431423043e-06 1.0805627978811e-06 -1.332501097616e-05)
(-3.7724451088636e-06 -6.2237847839462e-07 -1.3983904061769e-05)
(3.3502515704344e-06 -1.8244018798319e-06 -1.396329243005e-05)
(2.7700825400118e-06 -9.5041691303555e-07 -1.3366983038742e-05)
(-3.1894337674104e-05 -6.4464949363813e-06 1.6117932018701e-05)
(-6.0793480992262e-06 -2.3381051969956e-06 -1.5397829183255e-05)
(-6.9490466818876e-06 -1.5309860794407e-06 -1.5693833875085e-05)
(3.6708680159637e-06 -2.9212041823825e-06 -1.4458135758887e-05)
(1.3143552187996e-05 5.1699212832338e-06 -2.0965935465401e-05)
(9.2652059959856e-08 -4.490667729614e-07 -6.1914370056062e-06)
(-1.6253566916846e-09 3.1037423424927e-09 -1.5810660901245e-08)
(-1.3220094653937e-08 -5.9303961977245e-09 -1.5603016937418e-07)
(7.080880361501e-09 3.5439716032709e-09 -5.1433006240183e-08)
(1.0355442738848e-05 -2.7941562983859e-05 -2.6487765884216e-05)
(1.0109624988927e-09 1.8640188105576e-09 -1.8256248057753e-08)
(7.9272216430588e-10 6.5488038882343e-10 -8.6799767816161e-10)
(7.2808510652115e-07 -1.1817618753376e-06 -1.0602266959437e-05)
(1.9039380448665e-07 -1.5636901655271e-07 -3.2556027222499e-06)
(7.2657674108564e-10 6.8150684932273e-11 1.7739724018424e-10)
(1.56562702051e-08 1.2180335112181e-09 -1.4227602667862e-07)
(1.9339729005526e-08 4.8465572357359e-09 -1.6838866854134e-07)
(7.7920153121956e-09 -3.9474072451116e-08 -3.9061910152282e-07)
(-6.6612243827088e-07 -8.0297681163197e-07 -9.0276788434886e-06)
(-2.900140933342e-07 -5.1263396012362e-07 -7.3412004015665e-06)
(-3.8893509618492e-06 6.4380988606001e-06 -1.5782702924434e-05)
(2.335078653238e-10 1.8478793010481e-10 1.7300641278815e-10)
(-5.0294319192573e-05 0.00010295990310164 7.605235908282e-07)
(-6.1548899549173e-05 9.9371067257585e-05 -1.0165962661402e-05)
(4.5548759114812e-10 -3.809435239344e-10 -1.8618617479283e-09)
(1.1267526145386e-09 2.0818813967758e-09 -4.7941513918255e-09)
(4.0619436517044e-07 -6.8423531054534e-08 -5.6281984607567e-06)
(-6.6605348091475e-05 -6.4318553251693e-06 1.8061098960241e-05)
(-6.6678781003498e-05 6.8953731826705e-06 1.8108603659345e-05)
(1.0093152189111e-09 -8.2437334374784e-10 -3.123974580487e-08)
(3.6674349887182e-05 -8.7223703041749e-05 -2.4458634945223e-05)
(-4.354483333953e-06 -4.6239083943665e-07 7.7427949249584e-06)
(8.3321539300083e-05 -4.966937855415e-05 1.0535194412859e-05)
(0.00010922120891237 3.9680550360574e-05 -5.0750778636671e-06)
(-6.1694887582468e-06 0.00011483825102014 6.1183239627496e-07)
(4.8272440771972e-09 4.8186049126789e-10 -7.2341841284785e-09)
(1.0065259098284e-06 -1.1135585112262e-06 -1.1229397075766e-05)
(1.0583940582524e-06 -1.7675080576074e-07 -8.9963868108567e-06)
(8.952114244362e-08 -5.0966893377306e-08 -1.2115178716432e-06)
(8.9136469485063e-08 -7.4088032393806e-08 -1.4117577568517e-06)
(5.2146738717378e-10 7.7771348952114e-11 2.1789737356877e-10)
(5.5753075891778e-10 -1.4010513358355e-10 -3.8616359579918e-10)
(-8.0765553556367e-11 5.1037434698967e-10 -1.0363074724598e-09)
(-3.1988541289014e-10 -4.2973040295834e-10 1.4922141288404e-10)
(6.7599009607032e-08 -5.6598894706622e-08 -1.0363023433183e-06)
(-1.2669364697582e-10 6.4041420417924e-10 -1.0566346947363e-08)
(4.2846112567362e-07 1.6132687623869e-07 -6.170986024813e-06)
(-9.6793940408136e-05 3.5682975213153e-07 1.1182249935219e-05)
(1.1600463786182e-06 -4.0251674360177e-07 -9.5192961590071e-06)
(3.6650497485185e-06 -4.1646401095167e-06 -1.4919974898362e-05)
(-8.5713910313224e-05 -7.3880537039795e-05 6.3215659073212e-07)
(-5.9034018667841e-06 -4.3086860908232e-05 -2.8476286110304e-05)
(2.6532807755626e-05 1.566361623636e-05 -2.6609008676334e-05)
(7.116206495654e-07 -8.170282518852e-07 -9.0036635246688e-06)
(1.163967594693e-06 6.6450809038334e-07 -1.0002436456298e-05)
(-8.3412736538742e-07 3.2631771144285e-07 -8.4514253069804e-06)
(-5.6812520876108e-07 2.2173421825209e-07 -7.3169454877859e-06)
(1.6474112823414e-06 -5.6242494155585e-07 -1.1936339378399e-05)
(1.4856426800327e-06 -2.4713223586604e-07 -1.1228276836939e-05)
(1.494495159531e-10 -1.5508196920519e-10 1.6137170103296e-10)
(-1.6619872694522e-11 2.2627122510593e-10 2.097842406983e-10)
(6.1892622019412e-08 2.4560918379194e-08 -7.5371698128163e-07)
(1.1013144647324e-07 4.2801778486874e-08 -1.4140508841286e-06)
(1.415467398114e-07 5.4730688865918e-08 -1.8997281594996e-06)
(1.1316149251348e-07 6.769360382788e-08 -1.641322720805e-06)
(7.8936216603519e-09 -3.3128322829173e-07 -4.6117456871469e-06)
(9.3433556079897e-09 2.8846468669482e-07 -3.9581978675467e-06)
(1.9973618878186e-08 1.0791382734786e-07 -1.240251240727e-06)
(-4.9638442367078e-10 8.7975834749705e-10 -2.7076664047587e-09)
(8.594347155492e-09 2.3464630411032e-09 -6.1114498118063e-08)
(9.1617733394854e-09 4.2957330097394e-09 -7.2345723447845e-08)
(-2.2944784928679e-07 2.7662665812264e-07 -4.9601072722023e-06)
(-2.9159331592623e-07 2.5658671949975e-07 -5.2923398515826e-06)
(-3.4873366046845e-07 2.1455443317082e-07 -5.699715163451e-06)
(-3.5432417388305e-07 3.1037258156216e-07 -6.3737458691666e-06)
(-4.4480068939872e-07 2.7366086067136e-07 -6.812147002728e-06)
(8.9299830382316e-06 -3.1848977747163e-06 -1.6981194718747e-05)
(6.0322597077851e-11 -4.382388385903e-10 -1.8604950214655e-09)
(-5.9514517406195e-10 -5.5709086656819e-10 -2.8725991689123e-09)
(2.4127954247241e-07 3.8609351544441e-09 -3.254682935284e-06)
(8.8678325318543e-10 8.7396496980825e-10 -1.7446766737657e-09)
(2.0193956941247e-09 3.2619668039368e-09 -1.333271347081e-08)
(1.4642666885962e-09 3.2630578288999e-09 -1.144529983447e-08)
(1.4527358248772e-09 3.0433493793439e-09 -6.8225200769393e-09)
(4.7689461616771e-06 2.8714558661153e-08 -1.4471429649511e-05)
(-2.9196789269717e-07 1.8013314155951e-07 -4.6694948810427e-06)
(-5.7407670237017e-07 -2.087294274945e-07 -7.3144686196676e-06)
(-9.4167416866542e-08 2.0543392798189e-08 -1.2042064370542e-06)
(-7.1665384190023e-07 1.3855934473227e-07 -7.8659559292446e-06)
(-1.7697571319308e-07 2.9420058155327e-07 -4.6974320323459e-06)
(-5.6152834757491e-07 9.3987385241357e-07 -9.0752972721411e-06)
(-3.4951669487805e-10 -8.3621391968853e-11 -5.7998764630024e-09)
(3.88826435583e-06 1.0350630596267e-05 -1.8690656768428e-05)
(-9.9544806608304e-06 2.2428321490216e-06 -1.7764704750312e-05)
(-2.4660692291779e-06 3.3086259862185e-06 7.7974140964242e-06)
(-1.7903494892501e-05 0.00011631261994963 -1.0516343221054e-05)
(5.5028511180733e-06 0.00011724056256773 -1.0803482376144e-05)
(5.3944930270893e-06 1.4585301785607e-05 -2.1844443070054e-05)
(-9.3769413161603e-09 -1.5235259653119e-08 -1.6858793019966e-07)
(-4.4153517594975e-09 9.7986924779234e-09 -1.1093873854756e-07)
(1.9762162684136e-09 -9.2394351931277e-10 -3.1407170318604e-08)
(2.0353062886256e-06 -1.0448507758849e-05 -1.8242186382772e-05)
(2.1189441151177e-05 -8.8899274146929e-05 -2.5408981963396e-05)
(-4.6289046498515e-07 -5.56597797907e-07 -7.9195115656987e-06)
(-6.7675139975434e-07 -5.7192373155385e-07 -8.4837845009084e-06)
(-3.197900175545e-08 -9.9013918475649e-08 -1.2136876039615e-06)
(9.4934569339993e-11 -5.9250023388807e-09 -7.2077382902988e-08)
(2.2728936457041e-07 7.954467428831e-06 -1.5980800906807e-05)
(-2.9758407346384e-05 6.0335397944317e-05 1.8161749035416e-05)
(3.2015752233262e-06 -3.3669642493601e-06 7.7758154222753e-06)
(2.4493273906897e-05 -2.1159999286759e-05 1.607985526134e-05)
(3.9297974416669e-09 -1.0989327261585e-09 -2.2858085798846e-09)
(-5.3950015204889e-11 6.167124470394e-10 2.5484618850443e-10)
(1.3377014084419e-06 -3.4702016839576e-06 -1.3954256182516e-05)
(8.3146656075913e-08 3.2699301782326e-08 -1.0383785386891e-06)
(6.216305555394e-05 4.3456727647613e-05 1.678851708104e-05)
(2.5753169818629e-09 6.530335828297e-09 -3.3467010108662e-08)
(5.1800727844392e-05 -9.1870527627245e-06 1.8677658457188e-05)
(-4.0648818515624e-10 -2.5141577969052e-10 1.070473347783e-10)
(3.850495778607e-11 -1.2105024735032e-11 1.443404460959e-10)
(8.9793997812842e-11 1.3560611539443e-09 -2.0468620501868e-09)
(3.716176998559e-10 1.7641571839075e-09 -3.0478919144804e-09)
(4.2089415746158e-06 -1.1111315169191e-05 -1.9374791688613e-05)
(-9.4853897074365e-05 -1.8983518381342e-05 1.1115466244417e-05)
(1.1621201516218e-09 -2.3761316984843e-09 -2.4325815227338e-09)
(2.8616797121838e-09 5.7066343264253e-09 -2.9909606502137e-08)
(-1.6888740021801e-10 -5.0866739631499e-10 1.8874109403108e-10)
(1.8410689303478e-09 7.7154412998122e-10 -1.5171027843136e-09)
(5.2487267650068e-10 1.9200317699596e-10 1.8570284251177e-10)
(2.3611714536495e-07 -1.942054449201e-07 -4.1262279692519e-06)
(2.9261912814227e-09 1.9724523024924e-09 -6.9673379670026e-09)
(2.9583908125751e-08 -2.4647465447287e-08 -3.8984725321673e-07)
(-2.9990228484445e-06 4.9709943484014e-06 -1.4910878430992e-05)
(-2.8024808590274e-06 6.6240267508927e-06 -1.5609587636e-05)
(1.0617941497779e-09 3.8934905441307e-09 -5.5782603387615e-09)
(-9.7586220145034e-08 2.3748816981559e-07 -3.5782076615804e-06)
(-1.357859768977e-07 2.2557246318427e-07 -3.761282198315e-06)
(-1.3790602902215e-09 2.3919234762323e-09 -8.88369981265e-09)
(-0.00010665478740165 -1.0040181770416e-05 -1.9735259759937e-05)
(1.8482979455184e-09 -2.3154578737943e-09 -2.7988457998132e-09)
(-1.7440041742025e-07 -6.6272191841422e-08 -2.505289407096e-06)
(1.5879417892544e-08 -4.3130676341977e-08 -4.6056957909979e-07)
(1.6151968048709e-09 -8.2600050754705e-10 -2.380715784306e-08)
(-8.8401056303005e-06 2.3140349650698e-05 -2.5346175154332e-05)
(-2.2432953858203e-08 3.2323048269565e-08 -3.7600218699723e-07)
(-3.6013553129969e-08 -4.7878630309696e-08 -6.4203744457556e-07)
(-4.7113399809288e-05 7.4757851338762e-05 -2.6143081267668e-05)
(-7.4041842029757e-06 4.708416745346e-06 -1.6376300219462e-05)
(-1.1507345012216e-06 -4.1464520469305e-07 -9.5265463702539e-06)
(-2.3183227869073e-08 -1.5224098239807e-07 -1.9006175531322e-06)
(2.6812686375176e-09 -1.7559162815712e-07 -2.190528242215e-06)
(1.1113820356915e-05 -6.4739178975767e-05 -2.9010582447554e-05)
(1.4132971799928e-09 -1.7772629928018e-09 -9.2658753815869e-09)
(9.2024032990767e-10 -2.9729961127272e-09 -5.6876268555389e-08)
(-1.5371155360606e-08 2.3391353562612e-08 -2.7173349111074e-07)
(-2.6448918806787e-08 -3.6183152264652e-08 -4.6267712213686e-07)
(0.00010580976992616 1.4786340063632e-07 6.2578554354839e-06)
(4.3701883906851e-06 -1.8976790739056e-06 7.8993026783442e-06)
(9.0697098648268e-08 5.4524034831075e-08 -1.2130280883834e-06)
(3.53831273001e-09 9.0984948092033e-08 -9.8308199882958e-07)
(-1.962284039108e-06 -3.9901200719188e-06 7.8823732096558e-06)
(6.6037396878643e-10 -1.7776742960592e-09 -9.7762262933808e-09)
(-5.1066147188146e-05 -8.2408986220234e-05 1.1073899208873e-05)
(-1.6283244153113e-06 -5.7307690187567e-07 -1.192934550904e-05)
(3.4842489659755e-06 -2.5123192155745e-06 7.8377412753132e-06)
(0.0001035344092567 3.7746012779355e-05 -1.7022252462751e-05)
(-1.086386644128e-05 5.8761479618331e-06 -1.9782341905402e-05)
(1.9276397213331e-09 -2.3893713271424e-09 -2.2271986967571e-09)
(1.3020172894803e-06 4.6734514602134e-07 -1.0566568282162e-05)
(6.0062622451433e-05 2.232083622932e-05 -2.8903790685618e-05)
(2.4460125832811e-06 -4.0110730724766e-06 7.7770901274681e-06)
(4.8180522414877e-05 0.00010706045406714 -9.738577156773e-06)
(9.4298867808745e-06 1.3404631711192e-07 -1.6955307970521e-05)
(5.7887864865869e-08 -2.9755553872523e-07 -4.1313195617527e-06)
(1.8895890791972e-09 4.0636784920493e-09 -2.4653249335756e-08)
(1.4387288376101e-06 4.0840933552186e-06 7.7641950686709e-06)
(-2.4254603301034e-06 2.1235433573967e-06 -1.3551227907284e-05)
(-5.2981216184114e-06 1.187918201518e-06 -1.476380029165e-05)
(-3.3874973956728e-05 -9.1461945360406e-05 1.1121478203174e-05)
(-4.3737347081734e-11 -6.1859282381871e-11 1.6915543375346e-10)
(2.2628596127992e-06 3.7983843915775e-06 7.799185520133e-06)
(1.6387033834908e-05 0.00010436702564628 -2.0791231678096e-05)
(-5.3384914004301e-08 -1.5952549186122e-07 -2.1916370180965e-06)
(-1.5620755828652e-05 -6.239367483825e-05 -2.9028139515515e-05)
(1.8614201617203e-06 -9.3571377743367e-06 -1.6905226339671e-05)
(-2.5538609020472e-09 -1.2165825692452e-08 -1.1899107517203e-07)
(-1.363849562496e-07 -5.2982681971702e-08 -1.8930531189536e-06)
(7.758461578399e-05 1.2011594294011e-07 1.632832172792e-05)
(-2.2581392453285e-05 -1.2105631661956e-05 -2.5662142204648e-05)
(-5.8009810490158e-05 -3.2117778864047e-05 1.8020069899767e-05)
(-2.1737506593876e-10 -8.6462128997779e-10 -1.015621177569e-08)
(-8.3808965423309e-06 -1.227553991389e-06 -1.625404352392e-05)
(-4.4449214404058e-06 -1.6390375651692e-06 -1.4485336494553e-05)
(-6.3555229981792e-05 -1.9720516458154e-05 1.8034887827028e-05)
(-2.1568287927015e-06 -3.4437501094173e-07 -1.2656546409785e-05)
(6.4851326350458e-05 9.8142069358773e-05 -8.2867420637539e-06)
(-2.8730404202564e-05 0.00011098721771577 7.2760535840632e-07)
(1.886969311744e-06 9.8473562821462e-06 -1.7351831895971e-05)
(-4.8871125782097e-06 -2.8704900530364e-06 -1.4978504252166e-05)
(-3.394655535288e-07 -1.97468513484e-07 -5.6388236868614e-06)
(1.8421173818462e-09 -1.0604441396102e-09 -2.3849684224204e-08)
(4.3441964031811e-06 1.8135611747155e-06 7.8573761861174e-06)
)
;
    }
    auto2
    {
        type            fixedValue;
        value           uniform (0 0 0);
    }
}


// ************************************************************************* //
