/*--------------------------------*- C++ -*----------------------------------*\
| =========                 |                                                 |
| \\      /  F ield         | OpenFOAM: The Open Source CFD Toolbox           |
|  \\    /   O peration     | Version:  2412                                  |
|   \\  /    A nd           | Website:  www.openfoam.com                      |
|    \\/     M anipulation  |                                                 |
\*---------------------------------------------------------------------------*/
FoamFile
{
    version     2.0;
    format      ascii;
    arch        "LSB;label=32;scalar=64";
    class       volScalarField;
    location    "0.0029";
    object      p;
}
// * * * * * * * * * * * * * * * * * * * * * * * * * * * * * * * * * * * * * //

dimensions      [0 2 -2 0 0 0 0];

internalField   nonuniform List<scalar> 
32691
(
1.3228059729249
1.3292820745824
1.3344907776661
1.3503214309276
1.3416554454953
1.3280759792833
1.333633289691
1.3181898562872
1.3544277272359
1.3177309392385
1.3179135392007
1.3316963252158
1.3257168697921
1.3192607999105
1.3193471550891
1.329914121026
1.3193532140836
1.3068646480889
1.3337445656575
1.3224911365502
1.3081653000082
1.3023512356015
1.3364512517344
1.3154017864718
1.3266798215755
1.3245746534701
1.3295264645528
1.3024120557209
1.3242879598299
1.3496924783548
1.2630604466761
1.3173460084261
1.3361671324023
1.3112838970922
1.3273505259134
1.3163887804281
1.3312747103646
1.3316427844533
1.33975406993
1.3229893077535
1.3246862951357
1.3579188026928
1.3231286379176
1.3340342626171
1.3158191862477
1.3146095384219
1.3239812094462
1.3238438395452
1.2936668200414
1.3624884876991
1.326052439809
1.3469731023906
1.3042533154549
1.3302428709299
1.3058973313386
1.3256932232891
1.3310873973421
1.3497034505628
1.3629684845008
1.3421428066713
1.3255269290262
1.3520086901792
1.3688343000963
1.3212161658442
1.3255565662771
1.3190635187166
1.3317129280213
1.3257999739862
1.3040745916486
1.3693459069439
1.3266676972151
1.3160059894814
1.3622418051792
1.282103744041
1.3206940643976
1.328808039005
1.3292089252608
1.3096050417002
1.3092124714112
1.3287630295982
1.3054036430825
1.3252156216134
1.3704334814087
1.3697739491315
1.3138867786178
1.3303954242628
1.346912048147
1.3582250737049
1.3700757699882
1.3325127613263
1.3209081916748
1.3130291624271
1.2938780078216
1.3355571458816
1.3083525823368
1.3124387802323
1.3131345564135
1.3726469091119
1.371792638426
1.3093710104961
1.285215298131
1.3628931078711
1.3508645951427
1.2762806639753
1.3222538969643
1.3200037659201
1.3201069024057
1.3233494029287
1.3443317911417
1.3127063694798
1.311880806933
1.3193424579124
1.3181618952145
1.3007699995242
1.3414458238101
1.3766187497787
1.3544921979202
1.3780005163155
1.3186562105465
1.3202563535966
1.3546459651843
1.3413187498183
1.3534511077637
1.3599035998961
1.3252704390737
1.3034394453356
1.310706731515
1.3470160128826
1.3180219053801
1.325196453027
1.3129547234004
1.3183943935308
1.3161659253112
1.3128602129043
1.35941630092
1.3435246599721
1.3651764664523
1.3008305772687
1.313873262479
1.3226885389367
1.362219406631
1.3333204989566
1.2967397205244
1.2994670155062
1.3109471828639
1.3239345918017
1.3208958537017
1.3154462768311
1.3287369343934
1.3093713419652
1.3359721909412
1.3115517308619
1.314792031054
1.3016187168946
1.3102017163404
1.3056284392724
1.2982551847368
1.3375834425068
1.2902438144499
1.3083997742692
1.3610291630417
1.3780806899644
1.3635376877846
1.3774537408492
1.3233991818156
1.3516439180755
1.3725203738288
1.3675253056322
1.3814033518288
1.3416121688941
1.3729679040907
1.3114118488275
1.3009061330288
1.3492238919303
1.3607037656489
1.3190095040072
1.2867279122415
1.3137794964318
1.2873772263266
1.3208140633468
1.30642958108
1.3205262508972
1.3126405459053
1.3567248097578
1.3462314599163
1.3748779502232
1.3173499250598
1.2933399590539
1.3213275113989
1.3073112562946
1.3518754624982
1.3445047363204
1.320223784028
1.2980064946847
1.2970757652432
1.2980580247726
1.3066722492228
1.3089231409933
1.326444032159
1.312992252539
1.3225015608602
1.3151306214203
1.3023407225062
1.3095265445204
1.3087702041241
1.3206274641176
1.3377344424013
1.3127569495228
1.3270698715255
1.3632686325482
1.304541631477
1.3194734722091
1.3095198318552
1.2973147375365
1.3082532338298
1.329645333511
1.3217688921133
1.3123878638306
1.3425456126641
1.313591764698
1.297073100528
1.3480094414672
1.3739628770714
1.3673954966846
1.3825110611006
1.3796320671145
1.3561319106485
1.3528596759473
1.3544237319937
1.3633490022737
1.3321236312032
1.3664371412914
1.3490174132293
1.3377031754094
1.3475619427805
1.3539218821046
1.3653751569817
1.3308678943804
1.333452724734
1.2958638567064
1.2954242353612
1.3057217088039
1.2864502184024
1.297757977367
1.3167247444233
1.3110091100988
1.3146238921204
1.3111215421277
1.347337247894
1.335024234645
1.3191554890722
1.2830923490826
1.2938873698097
1.311805990713
1.2953085701119
1.3655168632602
1.3465360514633
1.3316208832625
1.3036213394003
1.2980784724216
1.3001001685396
1.2946195529066
1.2951110213453
1.3031585868686
1.2963161441551
1.3027476298182
1.3046914734292
1.2964450878402
1.3119652784868
1.33715489869
1.3222787964571
1.331877198502
1.3087687988869
1.3001423886738
1.2948785630279
1.303018682741
1.3185612207728
1.3151639624784
1.3304016117939
1.3561657404985
1.3037661688751
1.3407599791042
1.3769069690511
1.3077152197222
1.3272613036788
1.2920879700954
1.2968857094887
1.3098837584109
1.3054821702072
1.3128525240022
1.3279366310286
1.3275745894311
1.3127069057172
1.3091254717326
1.3187304433948
1.3030399255084
1.300343310773
1.356110818635
1.3430918370047
1.3698215325834
1.3799458972481
1.349172991943
1.339158475848
1.3459317071912
1.3779174747114
1.344067066735
1.3704007660893
1.3200616749634
1.3673178290055
1.3853616393458
1.3280295194632
1.336064846834
1.3695643434968
1.3373625502065
1.3684197677459
1.3330547808248
1.3335819451148
1.291829771967
1.3288191567495
1.3075960118532
1.3049070122821
1.3191615137854
1.314065173575
1.3379260213627
1.3326251774315
1.3450194994491
1.3151779077642
1.3152347801248
1.3274963474318
1.3100881359818
1.3594875866687
1.3503389647851
1.3160973570127
1.3301445808731
1.2909452837144
1.2714295424905
1.2852102511276
1.2984262011074
1.3109477163945
1.3047383194252
1.290415698441
1.361806235567
1.3389531431212
1.3386631190262
1.3110356249394
1.2974628990031
1.3068694436881
1.2986062808835
1.2977625078651
1.2945491887934
1.3046682333352
1.2996282060838
1.2957495249501
1.3026965570001
1.2969437825969
1.2973769174495
1.2986379485538
1.3050735714659
1.2953271903991
1.309072306934
1.2988452999626
1.316377397039
1.308139322026
1.317547888787
1.329616205636
1.3180626123709
1.3271761341973
1.2811812599976
1.3052651315278
1.2953766397736
1.28377200574
1.3194819709319
1.3006052099848
1.3156009209994
1.3365917916197
1.3643923864574
1.2977671409376
1.3032520548337
1.370129794219
1.3410649089065
1.3715350839452
1.3149015254238
1.3274676524374
1.2978229628124
1.2931412245674
1.2986658250938
1.3050038103826
1.3345231443083
1.3233709784737
1.332068564621
1.3222561706908
1.305682637583
1.3018267814615
1.3205988889509
1.3055630676784
1.2964862899828
1.3585688011438
1.3798432486928
1.3668770622159
1.3493141120451
1.3522758922993
1.3453996983008
1.3334601246985
1.3632920094336
1.3686020718435
1.3083184355888
1.3526490062679
1.3401198818397
1.3572182560224
1.3506741270175
1.3454872492192
1.3688100345928
1.3429441520718
1.3558572273775
1.3047492677299
1.2921216613232
1.3048746389729
1.2938356279749
1.2994484793373
1.3279318110643
1.3056541638704
1.3421768736324
1.345805093466
1.3491428888686
1.3071602556738
1.3188806378319
1.319598386052
1.3302461486642
1.3001533907684
1.3358191843669
1.3127103058847
1.3112113670795
1.2808946050366
1.2818226125684
1.2855610761234
1.2845944962068
1.2995562887157
1.2978346251757
1.2991083217922
1.365021976809
1.3252107620075
1.3390253151832
1.3580968494606
1.3260980252597
1.3050932968448
1.283781393467
1.2720324462029
1.2976697977858
1.297241463307
1.2942073880013
1.2853525966254
1.2926523976872
1.2990158797554
1.3030627506859
1.2923890668612
1.301979559893
1.2883570343945
1.2953820229483
1.2938841254967
1.2955045148939
1.3086784101051
1.2956279023015
1.2865688485079
1.3129162312498
1.3023399360573
1.296051527166
1.3057832541271
1.3023385243285
1.3236761244942
1.3280661351575
1.3296926141592
1.3159648680974
1.3354434335092
1.2814171597336
1.2847555980113
1.291420238859
1.2855646129902
1.2788622488804
1.3277632423994
1.3020899888299
1.3201967331763
1.2970366967159
1.3161215185293
1.3199799737563
1.3412306636917
1.3387116250491
1.2975772212032
1.2955065317085
1.3672004019396
1.3346238467695
1.3765914429548
1.3697642703648
1.3167767764627
1.30616713038
1.33584454328
1.2890358956038
1.2946928699885
1.3013765785845
1.3203093264869
1.3082442302793
1.328364466587
1.3384812966374
1.310035952827
1.2983484979605
1.3066360443384
1.3246890325934
1.3182244232798
1.3189692437119
1.3013510597821
1.2972945127265
1.3562938306509
1.3804665575194
1.3792250148327
1.3574572805911
1.3372102852459
1.3300646332752
1.344746693834
1.335490528459
1.3300571886937
1.3554164732722
1.319857860379
1.3159547281205
1.3367367870746
1.3620705142464
1.3645605722384
1.3579509479615
1.3367954212975
1.3690986478984
1.3628009999564
1.3005530795758
1.3056321300927
1.2943729152527
1.3039294743401
1.3356178534762
1.3252568411545
1.34914061029
1.3244218563181
1.3504875062984
1.3296257619678
1.3258604452497
1.3192427378776
1.3167139956254
1.3139874852182
1.317911233353
1.3363764915303
1.3068850619613
1.3089235312183
1.3560980636933
1.3340213586741
1.2891595962791
1.2939320112112
1.2852962982623
1.2843332300578
1.2883563985645
1.293051576833
1.2947707163228
1.3081456422801
1.3024416775885
1.2886591765964
1.3001461386198
1.2927447655674
1.339778222388
1.3045298896066
1.3341370562921
1.290205604304
1.2890051528643
1.2759184370677
1.2854240456608
1.2792846762894
1.2843142565387
1.2903527929111
1.2848118790231
1.2896402520242
1.2891727223056
1.2932289555771
1.2988938846425
1.2951873454101
1.2880145321325
1.3024872762502
1.2960460895942
1.2879406882464
1.2879958590548
1.2942672372815
1.3140311723504
1.2992631881422
1.2911529854373
1.2803345024899
1.3025193851113
1.304966354714
1.2878546797501
1.3097122606518
1.3220065074953
1.3193902471357
1.333817814421
1.2648262771121
1.2822477760996
1.2815885100802
1.2706624058485
1.2825688673911
1.3109820107332
1.335297265879
1.2949691133592
1.2953723829589
1.3064791963987
1.3269096457695
1.2811268597019
1.3154101444815
1.3491829822241
1.3597304267593
1.3171858107486
1.3635815722414
1.2862880300962
1.2955911613822
1.3587830908243
1.3828374884432
1.3409675657438
1.37518893157
1.3235144790014
1.3143845427588
1.2929353385912
1.3104505085777
1.3084475021185
1.3226800342575
1.31484050894
1.3518562928728
1.3384924854468
1.3137618213848
1.3155183607153
1.3227058729102
1.3144214763965
1.3125284758862
1.3034561386339
1.3262674633182
1.313481162368
1.3061236600841
1.373637659077
1.3820459482009
1.3638035741291
1.3154306598794
1.3550210429056
1.3455938750179
1.3461058995132
1.3432244784418
1.3652250975281
1.2959745463831
1.2772120473181
1.3597812207537
1.3602935872019
1.3551629939062
1.3319515269957
1.3554216243237
1.3654408676762
1.3606943351889
1.3674017229661
1.3184415621985
1.3009258137005
1.3028256648202
1.3384713828029
1.3157654133899
1.3234449352123
1.3369758356486
1.3323302060831
1.3147381331877
1.3151076307984
1.3185998597018
1.3403674017731
1.3130116034226
1.3103353256387
1.3307632696233
1.3346498497429
1.3113824081307
1.3133181342721
1.3364359770153
1.3271130956979
1.2941894998927
1.320134932161
1.2925988605798
1.2859797295899
1.2852538738055
1.2935163270434
1.2925292159367
1.2902977920242
1.2920553352525
1.2861698646345
1.298919620884
1.3014243191296
1.3041087352737
1.3155326224935
1.291995741405
1.2941109405789
1.2946248887182
1.3640208171119
1.2884325448423
1.289688653278
1.3190485952867
1.3550660430989
1.2947537810103
1.2903383185048
1.2842506490327
1.2664697117531
1.2602415784148
1.2648565342076
1.2666213442721
1.2547312717049
1.2741083293014
1.2859242426163
1.2832411747046
1.2917285998831
1.2872029113237
1.2807717291993
1.2758464335571
1.298893128106
1.3089639127749
1.2828848134281
1.2900886542443
1.3039504774962
1.2891340202315
1.2760061700584
1.2856081016458
1.2756170852624
1.2915684469484
1.2893584884779
1.3051994706577
1.2977656274829
1.2867173645097
1.2739518480731
1.2959263032018
1.3042865837434
1.299170447095
1.30735700091
1.2715114703037
1.2651492869221
1.3080074759794
1.3188984665908
1.3212383068802
1.2630420426477
1.2535577377647
1.2803123955728
1.2766292422804
1.2633423650852
1.2798980403183
1.3047278187085
1.3123832353874
1.3344616369985
1.3595529580611
1.2986122016003
1.2829071370582
1.3211457361148
1.3370908866935
1.3252633960065
1.3723591410051
1.3483334513139
1.3194090687946
1.3731161342297
1.2901820976352
1.2862956089175
1.3670671586079
1.3603969326506
1.3327102179078
1.3732214378974
1.3198329331041
1.3151228213861
1.2946193352607
1.3066538591372
1.3210703939685
1.3202013603858
1.3056043564187
1.363194599657
1.3265751586951
1.3233591261081
1.3272707036408
1.318903176982
1.3074708821722
1.2926465878573
1.3284342795343
1.3137779669628
1.3045809053989
1.311073300676
1.377235473482
1.3354340868774
1.3196985210213
1.3250942519759
1.3208100912469
1.3475733222791
1.3034763927669
1.3464633360439
1.2918120291837
1.2783934705101
1.2690625963826
1.3238329459655
1.3650130104115
1.3621865708733
1.3609709290401
1.313018122006
1.3337329143542
1.3565382849039
1.3644862430705
1.3023070352215
1.2948135311828
1.3106008879308
1.3294607653616
1.3167914602435
1.3038323081346
1.3252137846493
1.3386596728911
1.3201101256253
1.35439634699
1.3331395632277
1.3420217810049
1.320012421909
1.3164559824166
1.3046496251524
1.3342981450702
1.339267397842
1.3144534839088
1.3147702231017
1.32496594423
1.3119148524262
1.3086367053806
1.3132212915128
1.3120043185322
1.2892162949186
1.290402657724
1.295137927293
1.2970750425736
1.2938159505115
1.29104684757
1.2944169080673
1.2929533109427
1.2911815388789
1.2825093698551
1.2903079732315
1.2865015542981
1.2966910420044
1.2991045766608
1.2960244016055
1.3041222689357
1.3055714163517
1.2968916710309
1.3190093249067
1.291476072494
1.2958327774422
1.2929507200275
1.3449916503982
1.3297438181639
1.2745191064523
1.2473448513468
1.3129207526069
1.3243629393487
1.2938611462181
1.2855669055498
1.2651313126623
1.269277842443
1.2643129000028
1.2473748232938
1.2580619650498
1.2434747053705
1.2737388223019
1.2933544036772
1.2695437657268
1.2780923294614
1.2805465210337
1.2721603340268
1.2909668171053
1.2966539705008
1.2894037602318
1.2852389167905
1.2860695531686
1.2974919243199
1.2932707550188
1.2953266401914
1.2635236518134
1.2772530401422
1.2660073143149
1.292796929757
1.3072165589818
1.2839922908737
1.2571373301377
1.2962948119208
1.3072841372874
1.2957524830181
1.2859224146696
1.250355585284
1.2668052294005
1.3141514496247
1.2448788556616
1.2647507802348
1.2470159144256
1.2828616518492
1.2749913823205
1.2684522061899
1.2830042219659
1.3148298502451
1.3002166897826
1.3269447267253
1.3501970345689
1.3237570010244
1.3738346676206
1.3040942205479
1.2840539715404
1.2782708745115
1.2776411375518
1.318361196196
1.3487306723123
1.3093114187361
1.3730625289529
1.3637640273385
1.3506413112617
1.3072279122684
1.3708602611438
1.2762458758414
1.2781266065692
1.3771583188693
1.3590236318103
1.33951601241
1.3291190516982
1.3142956345736
1.2828775309949
1.306831856893
1.3646916792029
1.3238625347827
1.3274062883469
1.3361017752082
1.3137536433059
1.3748149772733
1.3097722328361
1.3185989931618
1.300201580547
1.3308068349291
1.3165300881724
1.2966962922886
1.3275840366729
1.3173523813762
1.3085648189173
1.3780621521612
1.2945854873895
1.3395654432459
1.3033991399494
1.3236499696012
1.3285824833177
1.3123410727287
1.3461813247092
1.3497707128744
1.2968716454624
1.3187576372986
1.3508148986342
1.2632755704772
1.2476009932581
1.2661015594413
1.2480508936111
1.3115640183628
1.3600207735584
1.3727089445507
1.3562960050289
1.3420524930568
1.3723521128993
1.3165906027553
1.368246531184
1.3765464010995
1.2848643501034
1.2970912586334
1.3049704496572
1.3105656765254
1.3069691832171
1.314612652882
1.3310620904226
1.3030277325674
1.3583653465666
1.3136609842286
1.3213488179449
1.3056185927935
1.3806616532234
1.3472190678136
1.3516087951592
1.3363234745327
1.3748054871525
1.3085376425227
1.3218239229735
1.2955621982682
1.3198954512507
1.33618802823
1.2959879590518
1.3090452531955
1.3618301467002
1.295530651043
1.2712066899732
1.3138776669129
1.2890912374986
1.3084208481417
1.3314152614258
1.2962279984054
1.2974586271024
1.2908300960748
1.2902575313332
1.2954244266324
1.2946310634659
1.2935013375143
1.2927311410677
1.2885662682915
1.2875024137769
1.2834704077956
1.2937415465347
1.2871383457327
1.2969211826714
1.2997932102756
1.2965429291495
1.3051144378792
1.3138446245568
1.2993162970479
1.3140294206238
1.2981793655343
1.2884550308921
1.2854888509482
1.2983423478279
1.3092652484494
1.3069154631695
1.3714830464494
1.2260412523633
1.2752214906794
1.2569062009813
1.2419429693082
1.3655626539547
1.2628923651944
1.2764910124397
1.2853466668511
1.2467935912821
1.2680970671874
1.2420583318867
1.2401130626535
1.2303446139339
1.2423323961202
1.2312779554886
1.2506464555597
1.2608554201273
1.2789769300786
1.2761256717103
1.2799298694341
1.2784757638681
1.2838652606839
1.2668304828378
1.2859326998223
1.3010163613492
1.2827308504822
1.2888273423416
1.290662247202
1.291834864032
1.3020745353694
1.3040396637455
1.290287001276
1.2852046246964
1.2664481598236
1.2806566287683
1.2751949403112
1.2812561514344
1.2645861719013
1.2641335972334
1.3011103616526
1.2944392092784
1.279487242395
1.2464411585102
1.2903598148112
1.3060388312675
1.2999871143683
1.2527739224999
1.2381616617856
1.2550199455325
1.2301501779293
1.2434494330731
1.258364109441
1.2204320564044
1.2663894275929
1.2727986239686
1.2663626003259
1.2739519502191
1.3037882418763
1.3311183202448
1.340551323674
1.3493999963663
1.3564693794626
1.327098081727
1.2886612175237
1.2604808780107
1.2692416003001
1.3186132711888
1.3514083661911
1.2926807643189
1.3489741997092
1.3649093202591
1.3340638275841
1.3532696923241
1.2904965556407
1.2687878509696
1.2745615792321
1.353118344378
1.3606233925303
1.33186464745
1.3232377463637
1.2808347048379
1.2961923742174
1.3101348035369
1.3553313903429
1.3167965874848
1.3437738184585
1.3308738541027
1.3459225423478
1.3167766627202
1.294403572904
1.3202864361158
1.3310417082826
1.3342400453139
1.3234668256193
1.3018988187485
1.3115618103591
1.3197820748719
1.3165654073554
1.3635386830138
1.2996875037857
1.3458566875928
1.3078712891577
1.323020731599
1.3315008300434
1.3492580656474
1.3275749610779
1.290247791223
1.3598018381923
1.3568313175187
1.3514333949103
1.2731922166822
1.2889447292732
1.3451709255297
1.2184464764257
1.265544583111
1.2243981209526
1.2446145021512
1.2426271956983
1.3096399925483
1.3606110108111
1.3762503448127
1.365419247549
1.3712724461448
1.2925843972857
1.2989878918433
1.290890185488
1.3065619044928
1.291481103039
1.33289547666
1.3030360667281
1.2983920316395
1.3301725256337
1.3320743635361
1.3300049437366
1.3496032580404
1.3514364516731
1.3812710811474
1.3495236252893
1.3548226023609
1.3346241094493
1.3308165284877
1.3801041842577
1.3746194185548
1.3115394364306
1.3039513013735
1.3284173561049
1.3344238435974
1.3734159102892
1.2954297362515
1.3039909246163
1.2989247987303
1.3596140687319
1.2679326675011
1.311007569596
1.2531110735929
1.304184364621
1.3316717440398
1.3223583384448
1.2953954120936
1.3112407520627
1.2986778796606
1.3015634503454
1.2979426212038
1.2924275097426
1.3078858131678
1.2933239694981
1.2872364663431
1.2933106880203
1.2901943339271
1.2807289386167
1.2839894503158
1.2876098403371
1.2815655517221
1.2888898099626
1.2906649341948
1.2948010082488
1.2980316212852
1.3114875599926
1.2951063724326
1.3103903372032
1.3180349713286
1.2981766618097
1.2917920118112
1.2926158742225
1.2992401538125
1.2928161492363
1.3004468843502
1.2969932584611
1.3522489434554
1.3063798277982
1.3507376854534
1.2198693137855
1.2217804154208
1.2631957906447
1.2536904240488
1.2229784321492
1.2215778155337
1.2238941359492
1.3316091011097
1.259727709101
1.2424420415998
1.2790031673499
1.2282562019009
1.2420432722771
1.2550494742523
1.2378090709462
1.2208957306916
1.2132393535946
1.2174254110924
1.2191717003931
1.2144765472717
1.2392368982874
1.2826766297884
1.2770017839128
1.2701981197687
1.2662480919633
1.279392147273
1.2729483289145
1.2768352769141
1.2695851606011
1.2669537491476
1.2817173178923
1.2937129487525
1.2808263222784
1.2884313260296
1.3144852932769
1.2834712958695
1.3001998753671
1.2726152872776
1.2408302069045
1.2544625474034
1.2819166439931
1.2539339854456
1.2745152794914
1.2574461672216
1.2912654947713
1.273416519513
1.2408058516235
1.3089939809081
1.2432733971366
1.218909571526
1.214347523531
1.2404338867033
1.2523071794286
1.2531684464105
1.2620902928966
1.2193164625074
1.2479349909589
1.2585689697685
1.2885634906209
1.2863983746463
1.2922870903908
1.3138582468433
1.34856077339
1.368796291057
1.3681953919087
1.3315642470071
1.3215647824401
1.2586984956604
1.3830851334284
1.2676376953761
1.270811794513
1.3201843655306
1.3681598930174
1.3177544749717
1.3163174846617
1.2626957276218
1.2658074625801
1.2682466567282
1.3707019594334
1.3618187353152
1.3316159595441
1.322102245252
1.2618677893021
1.2756778417205
1.2911343559807
1.3072005519365
1.3572298776282
1.3146800993431
1.3215776532779
1.3416069963408
1.3523581302208
1.3242874250786
1.3004346719035
1.3136456610871
1.3278561850865
1.3207352446226
1.3225793315499
1.3202218264247
1.302908561911
1.3124555486485
1.2978754447103
1.3063430309005
1.3134903150175
1.3625045561103
1.2755842251936
1.2805784596745
1.3086162974566
1.2775767827593
1.3405477272522
1.3176830072448
1.3145536662726
1.3467217474628
1.3158545230467
1.3479287351606
1.3532026157428
1.2771099934471
1.3583053317574
1.3573611599692
1.2657262549239
1.3119149623532
1.3408288133489
1.2102892219069
1.2140507962699
1.238207247861
1.205531979764
1.2380139761636
1.2296893948752
1.209400859706
1.2782013709753
1.3426252080946
1.3647742191732
1.3700905989476
1.388891240775
1.2998767236198
1.3012796587318
1.3020566610541
1.3222685426935
1.3435622522403
1.3305263036271
1.3022244551566
1.3174820722084
1.3423903241987
1.3628441579643
1.3283194982276
1.3495770042463
1.36730506176
1.3646526269774
1.3726399944051
1.347845811469
1.3615451968318
1.3346966242077
1.3773124243342
1.3192568003581
1.2936671594272
1.3262384595419
1.3320904581165
1.369628903558
1.2793427447567
1.294558265494
1.3012388813378
1.3370968273001
1.2569027816473
1.2898101573614
1.2166065212708
1.2990974248049
1.2965688838026
1.3000335650672
1.3057480031615
1.2945430758367
1.3075169439505
1.2998796023604
1.2932056709476
1.2994406495576
1.2994670341095
1.2953853836621
1.2939758055012
1.2875097240551
1.295068303888
1.294480598199
1.3015209302407
1.292845102122
1.293197009397
1.2961128854844
1.2917236809677
1.2834115036759
1.2834605926005
1.2719265052302
1.2857480858913
1.2862466929534
1.2968998521788
1.2948027856228
1.2972336530944
1.3173781533594
1.3165166694347
1.3014984640291
1.3021953643327
1.3008901630113
1.3162875433032
1.2869522411953
1.3001815796644
1.2786771723261
1.3085003158303
1.2891027253347
1.3047520616324
1.299323431624
1.3279048583956
1.3312375224602
1.3492662956071
1.1767680564497
1.1878252306884
1.2240267478568
1.1993422313086
1.1966038499109
1.2185523470795
1.2009175449876
1.3026514047727
1.2341755218948
1.2654335944641
1.293420041144
1.21831774025
1.220056414537
1.2226108867298
1.2509938773462
1.2380372012527
1.2287430787044
1.2111217824942
1.2045896923522
1.207066098763
1.2049271857731
1.2531985134168
1.245463454132
1.268249586853
1.2666978690241
1.2522209716236
1.2759393262954
1.2746309715235
1.2589490484167
1.2575782284028
1.2718879598641
1.2527348557792
1.2729834030606
1.2809944356808
1.2819068664514
1.2880493489945
1.3091179514185
1.3113363146412
1.2782492958088
1.2979628908193
1.2791703647909
1.2637207669452
1.2331402303347
1.2477548582953
1.2552546670244
1.2597656755617
1.2499715874423
1.2895202930273
1.2362399173396
1.2193969050824
1.2110067210459
1.2066867093583
1.2139690333134
1.2504868966352
1.2235449978464
1.1979536618745
1.2287554020357
1.2490804176559
1.2413059890204
1.2527458538116
1.2735499242814
1.2797551048695
1.2822256051269
1.319057403098
1.3398262871776
1.3515529102754
1.3659711029083
1.3624634008901
1.3386555536526
1.3232866251849
1.2508163926907
1.3068517688454
1.2569909427026
1.3144326085326
1.3546954768142
1.3208518590285
1.2992204206795
1.2688517322458
1.257079392018
1.3564951113819
1.363621985018
1.3265925501365
1.3175309450139
1.253192364555
1.2768125834228
1.2853243084822
1.3385733136979
1.3472847830523
1.3419255103126
1.3647609211302
1.3280901679926
1.3259075103799
1.3175257302008
1.3317239019483
1.3104343993287
1.3239647213879
1.3125684591097
1.3198362181684
1.3256909085763
1.3164439508444
1.3004435365128
1.3204527754719
1.3259291236915
1.2873796037499
1.343538044757
1.2959131418691
1.3051859026732
1.2566066391363
1.297870883733
1.3381554061141
1.3128512746805
1.3152443097669
1.3702166100853
1.3275582399012
1.3001654393057
1.3461164980522
1.3059716446522
1.2404259158561
1.2756189042048
1.2638224057184
1.2762712050458
1.3171952612302
1.1799451311947
1.1824548987894
1.2041062611516
1.1742743142976
1.202017989755
1.1816924884237
1.240394625387
1.1929671730834
1.2119700079692
1.2778498518684
1.2643389014102
1.3673286226256
1.378690308534
1.3026030533351
1.308409524794
1.3215001333779
1.2985146636844
1.327916514537
1.3571073945943
1.3063625553787
1.3010391691901
1.3425436263255
1.3746712644847
1.3489782809605
1.3500844117049
1.3577673245692
1.3379565939621
1.3665926186069
1.3679029794131
1.3538155341615
1.3577180537046
1.3678613213942
1.3307119084105
1.3327271491039
1.3800447696518
1.2971501496466
1.3094253705647
1.2964709268776
1.3101401193234
1.3337626088038
1.3234073039655
1.3664741427698
1.3596249720092
1.2894472606368
1.2919586339611
1.3110911224427
1.2400908521767
1.2453298028744
1.1635632850304
1.2953710056759
1.3079839629469
1.2952646504224
1.3401311667775
1.3211822546365
1.3105536918305
1.2979971930232
1.3000943643604
1.2908009230179
1.2983814088045
1.2985330401626
1.3023184572939
1.2938801141396
1.2965034946604
1.2989905345406
1.2824778320074
1.2868274936789
1.2963819123886
1.2931740045567
1.2945246514842
1.2744508088122
1.2872994316288
1.2695207916532
1.277058596751
1.2931076183746
1.2777980649676
1.2733701935679
1.2840399181285
1.2858253414374
1.3047114382995
1.3103452675099
1.3164371076445
1.2931524268217
1.3090058278952
1.3003874534873
1.3184854991543
1.3079592189661
1.2805607720497
1.283133461135
1.2902383790551
1.2925846406855
1.3103785915205
1.2947136393608
1.303795673816
1.3040604800301
1.2936243399061
1.276713648164
1.3044890281716
1.1843166466865
1.1637875434129
1.1727849837418
1.1879864386349
1.2087196157879
1.1851363677003
1.2220791079851
1.2013017940228
1.1859040944917
1.1788881283961
1.2524896660932
1.3164292240685
1.2548784865755
1.2337079406041
1.1832654309087
1.192178280674
1.2163725500246
1.2269685157569
1.2139875186591
1.1822313893966
1.1824466812963
1.1954578639127
1.2029165502746
1.202025763899
1.2340314768966
1.2296983581083
1.2307084187706
1.2637406489026
1.2702013287012
1.2570307745583
1.2672878563427
1.2455381834586
1.2607949200353
1.2619153420764
1.2784902130701
1.2793598124493
1.2750506137304
1.2773455604105
1.3111070598963
1.2976585109745
1.2833889837836
1.3049541968948
1.2653962873038
1.241236900904
1.2262033364804
1.2263156055033
1.2334979676656
1.2568419043486
1.2391564463897
1.294301287276
1.2187880878097
1.2095566269611
1.1902821057908
1.1898289693334
1.167157604838
1.2180594696893
1.2394083740399
1.2518985983296
1.1980590850887
1.2033222632594
1.2295411499267
1.2204567062889
1.2216584942428
1.2437389258979
1.2472063839646
1.3019529763585
1.2659412386496
1.3222041349801
1.3094376043405
1.3419062538267
1.3528156723826
1.3753345623933
1.3648702261151
1.3440523532559
1.2514756443091
1.2900075006179
1.2493028404505
1.21128336302
1.3527879935135
1.3359055279422
1.2927588741145
1.3674194229623
1.256928021312
1.2114922123844
1.368477410626
1.367226142897
1.3295902396822
1.2356381847418
1.2798687876574
1.3207344362698
1.3564395996795
1.3339327396992
1.3604639704647
1.3279346808598
1.3349803700427
1.3079016042347
1.3522036424896
1.3201175870025
1.3206325947519
1.3111517652263
1.3092060278636
1.3208378159206
1.3257928532428
1.3219116731597
1.3290930894126
1.2801860321353
1.3093645812197
1.2585804465945
1.2599871412062
1.3429621223646
1.3563269821169
1.3199369028587
1.3408445683341
1.3526274934642
1.3011316937397
1.3399637796993
1.244223772295
1.2129821509616
1.2661879248281
1.2987838508081
1.1689896109507
1.157872322951
1.1764315230671
1.1599332205456
1.1252455190476
1.1731658537032
1.1972630119751
1.1914621284777
1.1538730454399
1.1869611847836
1.3071667629713
1.2709042091973
1.2861280442572
1.3174592186855
1.3200029679419
1.3114876536139
1.3257327362021
1.3226300891409
1.3345891546745
1.301801228503
1.3527142085025
1.3595715449471
1.3465229102717
1.3570637847709
1.3293764025184
1.3767208472552
1.3471191397714
1.364150440718
1.3367042769469
1.3604423560622
1.3698287178214
1.3201455569254
1.3380523917219
1.3229130083887
1.3678066876121
1.3103943887814
1.2915680629979
1.3024306593966
1.2862161138236
1.3187144315158
1.3046456746182
1.3140185325994
1.3443273237079
1.3071357528541
1.369218227711
1.3773008677428
1.2789851679975
1.2953170826339
1.3173076045605
1.1956140877046
1.1792786464817
1.1422075347213
1.2986282770973
1.2936258500839
1.3209858401312
1.3186440955202
1.312902755567
1.2947686410115
1.2973921401351
1.2988988987462
1.3022871127179
1.300527312999
1.2948765784968
1.2999669422006
1.302766619091
1.3013858335288
1.2907691129319
1.2907014826928
1.2960318362517
1.2903931591758
1.2734916247532
1.2773001542024
1.2672254508273
1.2749881777074
1.2836101489642
1.2752624321655
1.2763978582449
1.2685083528924
1.2950278012996
1.2877495699477
1.3065648042605
1.3141210754366
1.3274795995883
1.3201730594763
1.3127820698288
1.3141004937839
1.3136804173051
1.3302794167877
1.3010503663056
1.2800150146121
1.284617533297
1.3030383177095
1.2977736531215
1.2968782830548
1.2814658376267
1.2986067481581
1.3053942269496
1.2901640821233
1.2974101595793
1.3074508385918
1.1690928527705
1.1597575006687
1.1375012051574
1.1332001457067
1.1179625593046
1.137292578606
1.1116714834361
1.1936566822437
1.1619507899515
1.1596496440461
1.1857699640491
1.1528734308035
1.1476975967662
1.2672685070363
1.22106330217
1.2024652690043
1.2572648552407
1.1717425143969
1.1783347807077
1.1824621390007
1.1990642875543
1.219373215879
1.1941322018464
1.2201768421441
1.1738153434503
1.1698545173245
1.1968194346338
1.1711346432773
1.1669990330641
1.2447702529639
1.222800800975
1.2251697809506
1.2539028453868
1.2604518603727
1.2485427388246
1.2721752374018
1.2453415101045
1.2553748091063
1.278087243703
1.283167864962
1.2537674066167
1.2797007368553
1.3172656390884
1.327062906024
1.2824874744895
1.2922790079824
1.2922164677898
1.2536388740359
1.2497932067464
1.2348612854875
1.2229640658845
1.2384154994856
1.2127617564892
1.2432372192171
1.2301085772611
1.2013515122833
1.1877099996707
1.1729876601069
1.1905013250392
1.2215683876084
1.2388416882244
1.1865434030503
1.2058705635818
1.1969495941952
1.1870191383811
1.2215253810242
1.1916762340907
1.2323071402051
1.2393166389357
1.297244835399
1.2963389826784
1.2478357680989
1.3188107956388
1.3494854958063
1.2974106799643
1.3214439703234
1.3670464228378
1.3876979058765
1.3602016207529
1.2390800019335
1.3395165059856
1.3139738520684
1.2632955514742
1.1959641687732
1.3037363131151
1.3525000140412
1.2745275741643
1.1938401954589
1.3614815171751
1.3283395725934
1.3244804835709
1.3498180514156
1.3595164393763
1.3620003203465
1.3690598275687
1.3355112903454
1.3213484328813
1.3476833773235
1.2938211788941
1.316550646821
1.3347996375254
1.3230496205288
1.3115273987034
1.3194192992658
1.3462833320061
1.2862926749415
1.271278381275
1.2785536768081
1.3103181104931
1.2481608366505
1.232360766903
1.2666105799114
1.3723674359678
1.3400500944443
1.3148215649462
1.3317877463585
1.2864965292622
1.3480783551514
1.3532025612756
1.2938156240255
1.3319401308511
1.2553807046884
1.2167135781575
1.2014524660147
1.2424733702867
1.2913236335247
1.1490955458095
1.1529872080026
1.157328496357
1.1671651368561
1.1335693806467
1.1390690245871
1.0920418989497
1.1700965368237
1.133309652356
1.2314556654225
1.1897283176422
1.1468965696044
1.1656903669706
1.2525424391244
1.2128083970557
1.2329132789724
1.319637832679
1.3019730572751
1.3179250501622
1.313766936033
1.3041089598264
1.3356671266786
1.334269644147
1.3258690907837
1.3552155791686
1.3095388141219
1.3345776232323
1.3463311542475
1.3650793945233
1.3223622244525
1.324518219479
1.371656873143
1.3448255479995
1.3571201774901
1.3394051725174
1.3521899729871
1.3781196389709
1.3251784960873
1.3342482596652
1.3287066015428
1.3121258309548
1.379988133855
1.3018105558149
1.2912198909533
1.2879869028665
1.3012684456056
1.3094213672771
1.3269474758682
1.3343466865149
1.2914976236327
1.3344862775318
1.3678114394592
1.2799861622358
1.2510061369615
1.1520309705144
1.2040001066717
1.1522409423509
1.3266882556295
1.3193723171534
1.3064918583429
1.3258735400168
1.3230905410856
1.3027206203028
1.3170705159772
1.3090290297204
1.3052473558543
1.3109867550923
1.3017457597787
1.2963545006933
1.2967422018969
1.2903578577991
1.2951054458755
1.3139849970933
1.3115398664068
1.3059566681989
1.3050281825479
1.3118634562821
1.2986587881268
1.2901261187714
1.2935737237569
1.2963002946937
1.2969572184676
1.2744599866098
1.2760126412647
1.2635467397134
1.2774626187321
1.273598291169
1.2875770236254
1.269023497024
1.2532697741897
1.2811482764362
1.2847843295562
1.2754057336086
1.3178591307436
1.3077702022916
1.3145907243489
1.3464151702358
1.3119737483346
1.2948302931659
1.3026053652341
1.2904050242691
1.319883220416
1.3226096848571
1.3271534512146
1.3262434385676
1.2814806164689
1.3099346052458
1.3007805776274
1.2903683595539
1.2921371260559
1.2908783907802
1.3040740619267
1.3084237239961
1.2885244082996
1.2399138639694
1.1395963966551
1.1015779719791
1.0983549620655
1.0850158068764
1.0934320493924
1.1293938119087
1.1185568910979
1.1089411117
1.1694107457217
1.1145779232842
1.0917657951456
1.2512156772426
1.1577702755825
1.2919376721276
1.1464501906141
1.2090770809057
1.148956590088
1.155895460542
1.1616990979385
1.199470108271
1.1805915847356
1.1975207317222
1.1926776867171
1.1576289104417
1.1540492388552
1.1629571949277
1.2308657236635
1.2295085082465
1.200020204375
1.2526426867073
1.2576670749885
1.2429758460691
1.2611253322424
1.2714602782932
1.2349974683744
1.2626249811297
1.2582154943542
1.2769666225326
1.2752199347851
1.2468415719248
1.2487029960632
1.303534233934
1.2833034626338
1.2757402292383
1.2775492029206
1.297378108113
1.2478894808138
1.252236497006
1.2258168982437
1.230921921307
1.2101693256758
1.1988244973745
1.2297323833698
1.2070834717796
1.1834641693471
1.1847248174836
1.146701796998
1.2010855452688
1.2289941576016
1.238348480354
1.1844670990039
1.1751256571813
1.1810566545148
1.1931029849442
1.1913974783901
1.2246029825046
1.2119763840186
1.3079176979439
1.2767107458439
1.2469653635303
1.3453806893508
1.2998395828028
1.3341385785192
1.3409133397625
1.3383172422388
1.357771775708
1.2955709018334
1.3375059066687
1.2654391782684
1.1821953467173
1.2738812560055
1.3042951881608
1.3370887792628
1.2418928821302
1.1723788885412
1.3614134184683
1.3318385840933
1.3632834985345
1.355807784099
1.3559323245344
1.3628956693257
1.3299792655062
1.3546460144461
1.3130897476982
1.3243022479084
1.3590547485868
1.3181536641415
1.3333993343967
1.389972504875
1.3289710493119
1.3125226895845
1.3029502132552
1.3263126858125
1.3308515022451
1.2841020872667
1.2644775430951
1.2576963450221
1.3150042207316
1.2125790633099
1.2198415440582
1.2746190223146
1.3581584495975
1.2939814480614
1.3435731516725
1.3523382166509
1.3084201418632
1.3240397856016
1.3032049846801
1.252488268613
1.2793822129056
1.205416451462
1.1695775563615
1.2333469703332
1.2144678324458
1.1085694293973
1.1183214749898
1.1557967132284
1.1325693742256
1.0921038116798
1.0695646253059
1.0661890698584
1.0770780092599
1.1387247428189
1.0834952992891
1.1786732933213
1.1248111476331
1.1494806112678
1.1207268856613
1.1559899782217
1.2152810765392
1.1820517805869
1.1701870443149
1.3182273499884
1.3263286833338
1.3212751218108
1.3010841463996
1.3388541446148
1.3346003453917
1.3228163872236
1.3470167084186
1.3114018103765
1.3549046054824
1.3527759353905
1.3431297880865
1.3761561609578
1.3642664930876
1.3153660351839
1.3318723160982
1.3380346421389
1.3348965325967
1.3172041447069
1.3092374286805
1.3732408424575
1.2884431137227
1.2837918626799
1.2917111802507
1.296914876723
1.3143373539705
1.2803720911954
1.3557351781497
1.271422955774
1.2566722316283
1.1003098773924
1.2001639545339
1.0776297498476
1.3178226158065
1.2964572623366
1.3185476538155
1.3212926482476
1.325450566681
1.3080529205408
1.3162027389212
1.3168363285289
1.309559867901
1.3056378449436
1.2992946079717
1.3071276698434
1.2999129026038
1.3021038624801
1.2844055059581
1.2943238563184
1.3106565700519
1.3195139271186
1.3117713033157
1.3197245872248
1.3015263566717
1.2982814227139
1.3142142783449
1.2967228937327
1.2950825827272
1.2570211435495
1.2663066619291
1.2775313987044
1.2637589482676
1.2805956091601
1.2596304221686
1.2558384818377
1.2760457545419
1.2768064770232
1.3258065814092
1.3094287934571
1.3143760517155
1.3315504577041
1.3410257142371
1.3572415241881
1.3133545295886
1.2995613344283
1.29033443945
1.3083434710459
1.3153480788644
1.3101571039896
1.3249465248032
1.3428759709953
1.3136419849696
1.3172567169229
1.3284573513054
1.2806120522179
1.3001523830033
1.2797247643697
1.2936150244359
1.3117041038759
1.3141123560865
1.3029097733886
1.2942518225885
1.1687957173445
1.1219859004206
1.086173118697
1.0831685237162
1.0581434111625
1.08824756941
1.0575392592452
1.0753030456423
1.1003370255646
1.1102414303046
1.0765658269947
1.1443412366778
1.1007862013983
1.1074456692769
1.1340993698539
1.2367842856354
1.1602604013176
1.1883329604604
1.2343875095496
1.119036629891
1.1362897396704
1.1379108887604
1.1950081002597
1.1631204627237
1.1770925142946
1.1933931526541
1.1385026411379
1.1615817883884
1.2225935705553
1.2319187463376
1.1936000898895
1.2350837261117
1.2341613164305
1.2722976008552
1.2584541921412
1.2556869453929
1.2354867230599
1.2767400514863
1.2221608255209
1.2309650000434
1.2552121677918
1.2511212698223
1.2639786973973
1.2392089035397
1.2508178142971
1.2898926332646
1.2838175516143
1.2631989278327
1.2748642047437
1.2927552429677
1.2347880685304
1.2463769089492
1.2505696490124
1.24146048962
1.2095594958
1.2077271006689
1.2048165989068
1.1947022470695
1.2129247690575
1.1791469536931
1.1872768040965
1.1321391490096
1.1915115486343
1.1898497457339
1.2157377478143
1.1791525463703
1.1518033918529
1.1424774366051
1.2010702401311
1.17821919866
1.1500915940564
1.1873251733354
1.1768520472139
1.2223218786165
1.2241053188345
1.1672405293528
1.3179660370207
1.3010025045104
1.2802058572347
1.2400058041815
1.3473401921625
1.3207056580684
1.2809401883587
1.3710323243819
1.3779088096547
1.3575834343188
1.2960587835649
1.2062965863767
1.1256380577768
1.2878863980004
1.2725778873915
1.3596067736234
1.2541732833646
1.2648251106788
1.1385644257115
1.3391251245443
1.3578208355395
1.3675381282816
1.3613333181932
1.3329623602135
1.3535072571887
1.3580548323579
1.3159481580323
1.3134209054052
1.3377992720687
1.3368360993964
1.3215650115617
1.3188341989006
1.3095839723009
1.3349470934367
1.2720715651338
1.2266826241015
1.2835004338919
1.2441577705929
1.3657423739593
1.3266394099478
1.2123561897021
1.2031838944902
1.2112316381937
1.2470364423523
1.3475231432901
1.2847950952853
1.3561413516892
1.3760296922385
1.3155339137425
1.3155314537131
1.2853819361202
1.2631552698353
1.2486992069712
1.3045684436224
1.1956591024261
1.1575649721123
1.1648803458204
1.1828955019137
1.1858257459694
1.1160632681784
1.1010260292253
1.1112488760431
1.0758273815761
1.0395164542032
1.0495412563285
1.002219244835
1.0115728514676
1.0468782332057
1.1428609631535
1.088046615629
1.0667911495868
1.095812466671
1.094225420776
1.0678088522089
1.1378786755998
1.1318552948413
1.1355258846339
1.1223019339382
1.3290513691014
1.3061646794824
1.3991200714845
1.3231964262406
1.3192060562002
1.3032344863081
1.3553030590467
1.3446042826772
1.3414514014638
1.3213489509078
1.3429005589911
1.3421867268011
1.3408293439254
1.3017392988207
1.3070624840373
1.3334105276734
1.3498868998462
1.3452858494928
1.3241029190124
1.3054333471422
1.2857919270931
1.3818297865897
1.2796703749982
1.2907760613059
1.3077168539785
1.2770132255047
1.2578485859586
1.1786434256366
1.0497115839305
1.1471439380601
1.1642261734161
1.0701395825391
1.3136885944917
1.3403503760153
1.301153261751
1.3220767504178
1.3225652601036
1.3063698716219
1.3135097900774
1.3165880003646
1.3212326080528
1.3200093830814
1.3199999939798
1.3123097740796
1.3126648536635
1.3140032795149
1.3114300859354
1.3037731651952
1.3016338409756
1.3042187486089
1.2840844829813
1.2914700943193
1.3204801698053
1.3113025740663
1.3226975570506
1.3215106598574
1.3097160236551
1.2988098034777
1.3206872965751
1.299134986301
1.2900508906843
1.2945993096993
1.2521268783521
1.2786546616644
1.2602141790818
1.2669284084531
1.2933021851136
1.2506635685268
1.2516595597576
1.2432033548298
1.2676353953062
1.2850856116499
1.2821989631775
1.3314494093344
1.3288562866489
1.3228580156743
1.3417544040732
1.3327335861815
1.3585338147204
1.3628072809113
1.3431755130357
1.3179320048428
1.3019544943895
1.3044590023382
1.3067035679333
1.3254139140977
1.3208917788715
1.3214839127969
1.3397906966488
1.3211956387591
1.3229969545097
1.3120754647013
1.3167030220749
1.2644229581072
1.2664021143063
1.3025345139626
1.2904523033317
1.307597692406
1.3256730354718
1.290530934131
1.3151712131881
1.2757842870738
1.1308161648222
1.0983884204534
1.0753762961481
1.0390884658858
1.0467375200267
1.0420299691972
1.0374989804372
1.0259625233538
1.0612733036937
1.0361614996433
1.057333265252
1.0841285494655
1.052312849843
1.0135032503258
1.1216216333024
1.1162634312402
1.0774745016003
1.0782808910449
1.1580858333991
1.0573665708911
1.1795683983312
1.0886022914396
1.1008676332776
1.2114048534172
1.1168852045187
1.0944655469658
1.1500530001034
1.1346359392795
1.1845818010206
1.1418659222757
1.1625774117196
1.1801924297465
1.1120937846612
1.1350186178227
1.1413843944522
1.2278188598894
1.2356515552521
1.1778488439456
1.2439800795998
1.2454262543519
1.2460682791395
1.2614315409159
1.2533442269994
1.2249136282896
1.270502707146
1.2025449471237
1.2229698809272
1.2112986072863
1.256421110018
1.2293886104126
1.253461770176
1.2489466460618
1.2162514092064
1.2878051286023
1.2646429671726
1.2583840203331
1.2539220846546
1.2772620163413
1.3091128620691
1.2363924720228
1.2045114686086
1.2141608831641
1.2204152265253
1.2107423478784
1.1829401614923
1.1878046253609
1.197918389896
1.2157418699916
1.1593054121432
1.1596842367532
1.1061593699358
1.1818186654016
1.2035073014708
1.1440111991546
1.1873522389665
1.1524162215877
1.1395621130278
1.1286156274878
1.1904278263515
1.1681833868249
1.1674979127063
1.2035035688825
1.2284491322869
1.161014634694
1.1453169159058
1.354705406044
1.3277960681557
1.2848792623105
1.2570397267524
1.2226702262421
1.3422384552946
1.3199636270191
1.3835003993031
1.3559556346022
1.2380592307106
1.2210503890005
1.1311706752425
1.3430095474882
1.2603956681397
1.3803478052746
1.2187571351054
1.3123075293845
1.2828321911522
1.2607998322883
1.1178844281466
1.130788528208
1.3350398894542
1.3619983102363
1.3559741277835
1.3638381095617
1.3687219749408
1.3181850238522
1.355825224112
1.3273267360735
1.3189607331047
1.3083944686213
1.3339230045917
1.3221998161655
1.2609723718922
1.2402337824841
1.2355405011414
1.2767841926246
1.2455183778191
1.2296298421032
1.3470348993204
1.3606574742331
1.2133077374504
1.2147468112738
1.1752310626512
1.1769086547937
1.2003244593881
1.2820108646787
1.3422519985989
1.2969307132829
1.3117228800962
1.2190704019661
1.287921102192
1.2926618822777
1.2016537483292
1.2316057244438
1.2365663428292
1.1708911327147
1.1217567965163
1.1097321217058
1.2217907806312
1.1248198535361
1.1610227559617
1.0837183926186
1.084409563045
1.041778182403
1.0047619825111
0.99615449649546
1.000856576387
1.0323657020753
0.98596976847534
0.98999732633248
0.98622313957598
1.1392119819112
1.0833394317486
0.99022802324626
1.0795517141833
0.99789822612892
1.0576858339991
1.0453142938793
1.0807157542733
1.007816547976
1.0058150896611
1.1229649440395
1.0895607218441
1.1352412565402
1.0707560097286
1.0535491831886
1.3599883399966
1.3381682271052
1.3312021979955
1.3287273064905
1.3385341294976
1.3271994324557
1.3518083050035
1.3587015822567
1.3444735840342
1.3249963187341
1.3275379552996
1.3563168983614
1.3500812396101
1.3304132260804
1.3335700848514
1.3051811303509
1.320607112722
1.3417677412443
1.3396704268447
1.3065167922139
1.3053537743066
1.2799544691741
1.2826083468785
1.3177950111328
1.2683597220027
1.2518483596625
1.1044640468708
1.025160552736
0.97264570551257
1.1103551172961
0.98966805950161
1.3254724728154
1.3342176483388
1.3154472242981
1.3369575264681
1.3240183518968
1.3227679314251
1.3313180991232
1.3355294998091
1.3171696968772
1.3175490558442
1.3214615730838
1.3215429571673
1.3059727089982
1.311033085326
1.3111096337215
1.2949491135124
1.3056001265116
1.2880071249195
1.3362763758487
1.3171513204132
1.3320734551602
1.3107225190134
1.3055309868539
1.3200413919174
1.3508891710206
1.2935382104333
1.2913428437545
1.249460085169
1.272711923167
1.2717981609731
1.2530567050026
1.2708857136462
1.2615201157889
1.2885302449302
1.2427205337404
1.2568680970711
1.2447257433333
1.268545698413
1.2724970752121
1.2964191224874
1.2927169349874
1.3459589037358
1.3187744204991
1.3181348975066
1.352822570119
1.3537505439622
1.33623666661
1.3705163149373
1.3653610681446
1.358990569635
1.3597355020975
1.3614077469857
1.3060361900228
1.3207325261621
1.286623015124
1.3175530976707
1.3270778275304
1.3170545230879
1.3213639938039
1.3391077292974
1.3196385800705
1.3242085665465
1.3364308487784
1.3269747217331
1.3135296664437
1.3337106612611
1.3264090395061
1.2552879576554
1.2723945581908
1.2945783242118
1.3186650178173
1.33064392913
1.28709155585
1.2909977892062
1.0561520525095
1.0852176546088
1.0807725630859
1.0367310022138
1.0191364949958
1.0300752616561
1.0407094229818
1.0246635864785
1.0022776060855
0.99289580190952
1.0121353326632
1.0005425361138
0.99607595560402
0.97142213824076
1.0189242396648
1.0835868889524
1.0968272657318
1.0760819977732
1.0901298947871
1.1106434711478
1.0471249366743
1.0427924987206
1.0991445764989
0.98196247514518
1.1408347473274
1.0583956314201
1.0243686752286
1.1340663259414
1.1073493559868
1.0899606358641
1.1350064335739
1.1898908217461
1.1495000022973
1.1357403751406
1.1504033578374
1.1625849539906
1.20624086179
1.0943708963144
1.0983751637317
1.1339994158027
1.1978059058893
1.2054342614131
1.1599307627171
1.2304679645466
1.2338393887636
1.2280136492912
1.2028027006439
1.2015463335054
1.2089558394329
1.2052474650174
1.2608501391778
1.2244214495521
1.2480199271335
1.2431672444978
1.2182760906868
1.280201952366
1.2500643498356
1.2433133979146
1.2386985227648
1.2952973838599
1.3091333511139
1.2203856175592
1.2082140334813
1.1575892633243
1.1665964778749
1.1949423221972
1.1459626135768
1.1526421342738
1.1458657825444
1.0813632547594
1.0775630603944
1.1548930677537
1.1833814167763
1.1928855313946
1.1388918583986
1.1434956333115
1.1834848260497
1.1457579180597
1.1181268092112
1.1761873963938
1.13500727881
1.2020758949463
1.1268639400417
1.1833825444453
1.1815670487555
1.1612259789689
1.1619969028713
1.1136460227118
1.3601945962382
1.3380171929238
1.329449851459
1.2619801806553
1.3183051399648
1.2269006680953
1.1887107566342
1.2245130287925
1.0775961766693
1.1117750778038
1.3462979024279
1.1928927628493
1.3834161975063
1.2138992561099
1.2906048795063
1.2762813205053
1.2484029270682
1.0725732328812
1.0820226993037
1.3375232173775
1.3517615505744
1.3597831141761
1.3347678911873
1.3616181709667
1.3204007980077
1.3508990940568
1.3238467384058
1.3201178985172
1.2179180598514
1.2230113219014
1.207749786123
1.2523311045935
1.2522589085539
1.2277049324948
1.3148309966189
1.1922923188097
1.1870853416783
1.1747793849461
1.1500826831376
1.1778487189441
1.2884724643058
1.3545020548408
1.2975247035135
1.331398750668
1.3026118675016
1.2319920754365
1.1949613357845
1.2780989941877
1.2943068378236
1.1719713075774
1.1042614617004
1.1152379363457
1.0886019964057
1.1657450042313
1.1082309011875
1.0217048573707
0.94480997937872
0.96338103172589
0.9369400003976
0.98311143958867
0.98582045428204
0.92312332105914
0.97345539532283
0.90920939212393
0.89690705554289
1.0464882306081
1.0298613436026
0.94453040933181
0.99444824570463
0.94323803327302
0.99015701823559
1.0333125228794
1.0329765311673
0.94173652151103
0.92327147738958
1.0794050098319
1.1243271100254
1.0113032474113
0.9303752375877
1.3231660561357
1.3224705191893
1.3423371331801
1.3219976739073
1.3509960778
1.3563741075271
1.3650569729378
1.3414474051837
1.3234164551388
1.3322928364523
1.3263537544575
1.352991427211
1.3629274135961
1.3359786216715
1.290071934104
1.3229100796764
1.3339532568678
1.3381456260355
1.3500633474323
1.3558463888804
1.3201718100559
1.301335812167
1.2699948798901
1.2634126198899
1.0607691909413
1.0693584974464
0.95438641649187
1.0498471915554
0.90525847351633
1.3200615293485
1.3280321112774
1.3500327002549
1.336033017591
1.3244065331801
1.3223798268884
1.3380839416135
1.3248712653686
1.3606390846274
1.3563462245911
1.3210913135744
1.3405931246314
1.3258413544074
1.3137692953433
1.3309280036812
1.3140088832589
1.3026744267575
1.2979611762853
1.3145875474132
1.2772722207219
1.3395292272015
1.323743796275
1.3270263192688
1.3237606585563
1.3357358787382
1.3626722797837
1.3461247444613
1.2974962634866
1.239901911956
1.2656728184552
1.277819338339
1.2326333832264
1.270586646201
1.2967400277387
1.2737656839994
1.2177992124341
1.2443724730747
1.244563587581
1.2213611669973
1.2640513654302
1.2534718546321
1.2868052743819
1.2995984401168
1.3526195713455
1.346117404896
1.3199358403188
1.3275285590786
1.355685606792
1.3306402758021
1.3468874542995
1.3284346043111
1.3448842166203
1.3580301416773
1.2990295362391
1.2958924272283
1.3215161588382
1.3101391569678
1.3332431544008
1.324145754738
1.3489217868541
1.3350486292551
1.3593718424716
1.3230955045171
1.3383005957917
1.3146617411366
1.3344665542071
1.2521147995048
1.2560659130937
1.2878461740148
1.3124678793425
1.3230680589451
1.3441985029863
1.3192459002073
1.2814596694791
1.3029328036815
0.98114713432551
1.0363732246425
1.0372821993238
1.0034049802802
0.98727256449223
0.99357827415869
1.0029212070762
1.0200196003702
1.0338578481055
0.97221402808903
0.96950135010027
0.95607663552176
0.96807211256827
0.98465447053553
0.99608835195074
0.97785916745968
0.93142159561139
0.9485913145894
0.99405602618344
1.0164866272737
1.0553681122541
1.0324203212057
1.089302728016
1.1025930973089
1.0389833037376
1.0155548773432
1.0115794175837
0.9132112018997
1.139284844658
1.0502764013833
1.0023973393777
1.0435507835458
1.0699436834473
0.99041872639427
1.1009784042266
1.0577057053535
1.174884899305
1.1510558479785
1.1190584066643
1.1376860682977
1.1622202360157
1.1917716277017
1.0675346233418
1.0784774092787
1.1173267452944
1.2020029307854
1.2143457550572
1.1440439280236
1.2055576171109
1.2474992304685
1.2069172879368
1.1920649537348
1.2079242122702
1.1983531255178
1.2427283478347
1.2296852375905
1.2165539182717
1.2122330111157
1.274122347011
1.2609498466441
1.2224177759347
1.2353389581145
1.2362804296809
1.3073038518977
1.2603611047224
1.2938579971692
1.2081149058286
1.1779260997525
1.1672679815628
1.1685393789045
1.1395764404385
1.1408151910554
1.0645621281874
1.0388057357687
1.1701475382181
1.1703541760671
1.1277008686242
1.1557024680089
1.1383130566677
1.1968623928267
1.1425260110336
1.1299735071416
1.0868253717552
1.1209639703862
1.2031350727283
1.1554272289643
1.1104063625624
1.1619921696614
1.1386548454958
1.2033495550528
1.2120477984844
1.1330879930081
1.1061156039237
1.0716158480152
1.3474210166483
1.369190663805
1.3383831148523
1.2539916286373
1.1329686710266
1.1473775187443
1.0306959125474
1.0226912921586
1.1901414328109
1.2099612207381
1.2244114907453
1.2590190330617
1.3037946187193
1.25260661101
1.0738301879349
1.0427987247162
1.3647182949306
1.3176153581155
1.330401291076
1.3384819454454
1.2030830910209
1.1889283432333
1.2444175504077
1.2173313286592
1.1607570769775
1.2311394883183
1.2564027056688
1.2358246480638
1.2198630187396
1.3179529024724
1.1932649698968
1.1654528142161
1.195155214797
1.1637609869728
1.1167744993962
1.293857884137
1.3741744531582
1.361012261231
1.3283373816516
1.3277730266927
1.2636624733073
1.2617019190844
1.2001180808442
1.1461424281584
1.2488907726994
1.2503557124765
1.2543507274143
1.1403990634134
1.1412135123446
1.0817855246609
1.1225151498167
1.0791467315305
1.0727615462209
1.0944106085992
1.0496445210914
1.0581912720601
0.98634968103333
0.90213685570495
0.93292247524609
0.88770794273142
0.87529074666329
0.92045085424426
0.97960028794136
0.96488794556667
0.92427163025444
0.90693822037145
0.8670863678248
0.85039639848381
0.86197992210273
0.85856574670438
1.0033752240366
0.9400198054231
0.94752496447548
0.88850368883891
0.96644248150413
0.94501292506105
0.99186494444661
0.98986249883305
1.0294300127074
0.85796514321676
1.0407659394331
1.0937008575859
0.90163952593558
0.83158207842067
1.3450337515808
1.3439720986113
1.3383644889551
1.3546842958616
1.3315513927462
1.338719103431
1.3444078819338
1.335088124084
1.2844717504286
1.3730222600621
1.317635889092
1.3575308995356
1.344841172924
1.3147519933136
1.2913457909546
1.2740964806365
1.254331085874
0.9510873942817
1.0142864788074
0.94825564423275
0.89950492667846
0.86077813186229
1.3402510797624
1.3545115028671
1.3618235941418
1.3477561328147
1.3443426112996
1.3405927830871
1.319240712651
1.3462731010704
1.3610016178698
1.3613268008968
1.3581481599298
1.3613873995671
1.3263750512822
1.3946216466284
1.344098642403
1.3192140907413
1.3252159074134
1.311607476164
1.3096988896675
1.2900104472485
1.3002037882689
1.3151849350646
1.2743521293563
1.3436946089653
1.3291705340299
1.3451324989613
1.321822078181
1.3582755391061
1.3610615344441
1.3657044976695
1.363539126067
1.3567369458404
1.3031990979226
1.241345996728
1.240737336722
1.2582799338314
1.2272798834993
1.2620334746812
1.2856416111442
1.2749107404706
1.2108738033377
1.257575487651
1.2188315828648
1.2361667637886
1.2179689361815
1.2785698154422
1.2702300732536
1.2707848227894
1.3014467920322
1.3079493465787
1.3540912584619
1.3561437549593
1.3340410679694
1.3310155411806
1.3691504375607
1.3242364117784
1.3422764417833
1.3222821391797
1.3608625681452
1.341217859798
1.2876694503381
1.3040962322877
1.2969847216399
1.336210639933
1.3029702352857
1.3494458385961
1.3384413501912
1.3569326414017
1.3423399847099
1.3799993311408
1.3457323225462
1.3573922214205
1.3336452793727
1.3403249193297
1.2396393465184
1.2533163005562
1.2906112142355
1.3101965015485
1.3097727260703
1.3426073080746
1.3579212740464
1.3265582299592
1.3144350455495
1.2745544070505
1.285083793763
0.96431267446008
0.90586204363609
1.033577557704
1.0154623999289
0.99996327555021
0.94335884011218
0.97779692166782
0.95658030214754
1.0096401655597
1.0054122193626
0.9613820139452
0.97343471596329
0.90654645936315
0.93470966873908
0.94680033996142
0.98038247151573
0.95536053446914
0.92085995686119
0.85310283996451
0.88269101954378
0.95915288328582
1.0128482973545
0.99138721663531
1.0653941126587
1.0980414438138
0.99953438709046
1.0181623054173
0.92565673919737
0.83325339867999
1.0844951602382
0.99150460122902
0.922803406299
0.95374060876391
1.0335125421679
1.0014257794007
0.88113588828402
1.0786172132787
1.0550541812819
1.0461916374662
1.1667717139254
1.119959717642
1.1004682549986
1.1060062271015
1.1442477443417
1.1726708148043
1.0431929622434
1.0943759871245
1.1814601255182
1.2066879805577
1.2177836529947
1.19971978133
1.1724692754699
1.1937038373606
1.1663440841516
1.2348833269478
1.2155877327352
1.2033263186494
1.2713603803626
1.3023966822357
1.2556829817302
1.2131660141509
1.221592435848
1.295285084268
1.2837467580707
1.2754169771887
1.1821059730384
1.2156867558717
1.1512983994568
1.1531080705357
1.1445823555337
1.0999041072569
1.0310383089034
1.0339797025049
1.1410201947621
1.1189073015097
1.1307149561352
1.173595015939
1.1360181953528
1.1334758035555
1.0927856823601
1.1396799441714
1.0667485104919
1.0814157760021
1.1595945316953
1.1504288335255
1.1067643531882
1.109757364986
1.2104530708404
1.1841349598892
1.2058309905797
1.080428955056
1.0700247789199
1.0273650895678
1.3707680543959
1.3381479082972
1.3739255309944
1.3185894279568
1.1402345924365
1.1262348328059
1.1021462225693
1.0089424759792
0.97164032710011
1.0344984232088
1.1705779823199
1.1512658671948
1.3220982645802
1.2975867753534
1.0390276401044
1.0011052530711
1.3608035376395
1.3430636607225
1.2139401949196
1.1926346890247
1.1374484737676
1.216898636103
1.2377159653067
1.1696758470339
1.159014313481
1.1345724236392
1.2013971676655
1.2782661980243
1.2014849258389
1.2535446540228
1.2621045905115
1.3667888334045
1.1791001257796
1.1627229534265
1.1700066286856
1.1396181752536
1.1223633027172
1.0814340760163
1.2988811298997
1.349221592231
1.3554576405064
1.3588904948794
1.2872211076086
1.2487786674373
1.1864033423674
1.1208347781781
1.1714224384507
1.2696212289775
1.181276145574
1.0224787655855
1.0811502280022
1.1181286041256
1.0361463853181
1.0607500833937
1.0597872692018
1.0258261310351
1.0353742643738
1.0131308982538
1.0188988705708
0.96468484292614
0.85163786719528
0.86954075455633
0.89369857637123
0.92776175633075
0.85174172353763
0.83824459906382
0.88097730214758
0.98040263107528
0.92733198397971
0.94361872575209
0.87971746358176
0.85980963039223
0.81492667316125
0.82285456156561
0.78499511248283
0.81208770235192
0.80679040633353
0.78983641169963
0.91556854109983
0.84929590816291
0.89176491656647
0.93504398224955
0.83416388386569
0.91088449474534
0.94812867869849
0.92860180285533
0.98026072041048
0.97342761196841
0.98489614380777
0.7700202346261
1.0723239291135
0.8398376173161
0.88022099695153
1.3689065570021
1.3600256520596
1.3646239376995
1.3462456757669
1.3624988576576
1.3404286656021
1.3740916999173
1.3498745427164
1.3611722409692
1.2704670438266
1.3224652412455
1.3048977764007
1.3306375239838
1.3586267613412
1.357704342434
1.3250640326965
1.2635839433267
1.2551154456096
0.92889392382859
0.8589978613646
0.83548665391476
1.349435827498
1.352191511285
1.3358581524715
1.3591596426007
1.3587239454066
1.3312232021536
1.3341546128519
1.3420834597932
1.3360078872073
1.3541629348274
1.3679777416445
1.3681882355887
1.3431486940994
1.3716461360703
1.3588450495359
1.3320883152244
1.3211281593836
1.3102294172439
1.3239326379506
1.2872386935054
1.3044806638136
1.3216711721276
1.2663750317395
1.3369859720021
1.3705440684434
1.3354043999303
1.366739914131
1.3260833810817
1.3660345760033
1.3469323206627
1.3642310655355
1.3564174115966
1.3752963291778
1.3599507485051
1.2968065735359
1.224908991461
1.2069848791829
1.2575615763344
1.2333947178215
1.2370153259168
1.294238129073
1.1944011711869
1.2469142263519
1.2160703987963
1.2276106129274
1.1983750591862
1.2549134538326
1.2469513125864
1.2746111952729
1.2546223003436
1.3130921169715
1.3022451935112
1.2961945436431
1.3575380549308
1.3581523102882
1.373354926706
1.3488974318445
1.3402440757893
1.3525711064593
1.3733030455778
1.2379026886814
1.3116677316024
1.3202924079559
1.2715240576118
1.3213594290906
1.3450227581133
1.3598198366279
1.3673828878413
1.3675109582794
1.3288294797782
1.2308939067786
1.2438104298266
1.288110594231
1.3008728187178
1.3189387237323
1.357044842766
1.3461987286769
1.3238613392033
1.3325650619181
1.3117217461237
1.2649454865277
1.2623581248652
0.89091995807234
0.80239312584929
1.0086655022789
1.0042636807649
0.97010609097306
0.91788909634439
0.94257649221328
0.96461674260931
0.95707639309678
0.92591816845938
0.95457460842869
1.0124927522691
0.9313197209749
0.95255754072233
0.94649080938455
0.85742410970278
0.89120755237753
0.88200113649769
0.94121615694617
0.94410653606086
0.88925167981997
0.81333323310457
0.84147726113905
0.9182618170971
0.96464990038977
0.98111553053514
1.0681068115516
0.9629124315747
0.97958545668738
0.849530412314
0.80849721026554
0.75739848532936
1.0345716949996
0.92610426046553
0.83575180859659
0.91071274794648
0.9609804544298
0.90240668124191
0.82985518178471
0.83878889172587
1.0667878268686
1.0274004226249
1.0465095438123
1.0077457945317
1.1654177977085
1.1239939841789
1.0813908215156
1.0787102487774
1.1244365689844
1.1634271722407
1.0287790628214
1.1709447179005
1.1707137072254
1.2104907807447
1.1994704281829
1.1749074295706
1.1613542529755
1.1633314575795
1.1630734225648
1.2225584400874
1.1698826816196
1.2453363486409
1.2869314969214
1.2359975377177
1.2303947716537
1.3079668420702
1.2742709390245
1.1472633863357
1.2059144440207
1.1589373247956
1.1120386438808
1.120811297622
1.0905627302642
1.0219449323106
0.98331720312168
1.1280400114952
1.098194695831
1.1704352276803
1.1012451696111
1.1423362042049
1.0923880193478
1.0936775341683
1.1032610028904
1.0553393306624
1.0807082501009
1.1779925447549
1.1428777724203
1.0720912581274
1.0751394423608
1.2000328313325
1.185376731862
1.1491686162219
1.0889111698591
1.0742896137396
0.99147333106841
1.0281155356246
1.303302919109
1.138107017994
1.1068194410699
1.0336103808227
0.92706350530682
0.9846153023554
1.0447545782161
0.92355612400725
0.97731300413091
1.1574871932024
1.2313222504682
1.1571619489266
1.3085906812506
1.3770827791971
1.0307134882293
1.3730646906212
1.157654085884
1.1483528118362
1.0955317415291
1.2081741266885
1.2196558924256
1.1892536315505
1.1561906750095
1.1185103475087
1.0979478319425
1.1942788562267
1.2522049933091
1.1833738042921
1.1985952495002
1.2411170720661
1.292226991273
1.1527017561309
1.1213008767845
1.1012150854659
1.0809054240801
1.0515512049936
1.3204720627975
1.2912498945715
1.2608663596848
1.1379742394532
1.0477823038729
1.1018047604573
1.3349432311574
1.1918461550609
1.1200415246059
1.0019900153341
0.99408049723543
1.0494389326142
0.99481254093588
1.0442115178997
0.9974915291751
0.92801778717934
0.95467541388589
0.80011325236055
0.8127299337478
0.88411772527519
0.85140492911683
0.86445123518135
0.81496079181945
0.8426297207148
0.79900906358377
0.82827812985206
0.84769962000192
0.8695844828567
0.94647359469836
0.86185564920524
0.88617128900918
0.81024759830849
0.79810861556068
0.78623674866818
0.75409564323132
0.74253432292921
0.68799678569479
0.71747924449044
0.66034480753924
0.70967525412293
0.83335511278304
0.82896987261093
0.84681152030745
0.79313578457594
0.86462391866857
0.88653075022738
0.8651719394873
0.93727650883792
0.97238256893818
0.79057826975662
0.66184182998558
1.0744797112436
0.78885084035259
0.86652102135819
1.3664542153471
1.3629929426159
1.3303964599742
1.3531913110774
1.3552596935551
1.3700483906205
1.3676161648552
1.2661856157738
1.2900714123338
1.3668386750141
1.3644003572963
1.2946317397112
1.2420911089084
0.76679933150001
1.3685693799997
1.3680214538044
1.3607113592899
1.3703775982709
1.363877650073
1.3667299065087
1.3715842224581
1.3488511189966
1.3200236513574
1.3142992175486
1.3166702486032
1.3187874785011
1.2781456114226
1.3094292602193
1.3203239872258
1.257601953543
1.3412723652311
1.3550167788792
1.3698366489602
1.3274047516198
1.3615025470467
1.3704732769857
1.3068910667006
1.2116097074491
1.2299776292635
1.3057405677353
1.1755290033156
1.2031352987408
1.2344938442998
1.2137231914656
1.1764698342067
1.2838250183638
1.2602284640876
1.2424318164572
1.2664946787391
1.2327686564931
1.2554805580225
1.322161161431
1.3455013586403
1.3100594060717
1.3666204699795
1.3514753259614
1.3641023692509
1.3469752888653
1.2698037525197
1.2169795503218
1.3232403934235
1.3167882596561
1.3132159432646
1.3142739455382
1.256507398672
1.2969278362126
1.3563875386031
1.3714255402098
1.3692933991805
1.2259904935294
1.2477914099333
1.2337803117205
1.2954405614611
1.2802023925487
1.3498400087322
1.3558034290163
1.3565406661942
1.3517408207758
1.319805955356
1.3087304570799
1.278809682341
1.2657490417111
1.2393885565129
0.80110254738877
0.74863415213955
0.9773763834695
1.0042121506035
0.95587848368507
0.96989419600938
0.94524896185474
0.90883185891692
0.88160299305977
0.91590988038955
0.91548448090103
0.93801934118667
0.95444298701504
0.88262043609669
0.93152449442318
0.9816748616158
0.91339244924011
0.79877795190131
0.8339308332732
0.8566871493763
0.87675767135322
0.94349818067645
0.90530996675612
0.87158917871587
0.74700852731784
0.7751889482689
0.7916370312312
0.77572038412273
0.92481843461699
0.84340705332267
0.93283570620241
1.0705240397201
0.95010041565774
1.0002065403045
0.74907925520408
0.68868515106904
0.67888067060269
0.90594132755327
0.82860923839622
0.82021377769161
0.80344520752748
0.97026941094733
0.92617701006538
0.78117904013417
0.74592782779349
0.77379728820275
1.0387577000368
0.96973307569681
1.0304814451282
1.0005889666701
0.9930109436326
1.1321544785232
1.0975572217077
1.0482136887105
1.0931205177978
1.102189354455
1.1413671438287
0.99518104150529
1.1905336830033
1.1607094539511
1.1947858114904
1.1981249593447
1.2030046035011
1.146616095242
1.1576738138847
1.1429858685657
1.1342835897069
1.1746575746415
1.2249062751655
1.2274255505967
1.2952290042386
1.2167727046672
1.2193091627441
1.3402558638742
1.327235566504
1.2303274447054
1.1185464279506
1.1525369464653
1.1531400507172
1.1321310684949
1.055146960182
1.1173478844785
1.1586812858609
1.0988008501201
1.1170847423037
1.0895840864832
1.095483864946
1.0229635675544
1.0440617373734
1.0742871518531
1.1726141235641
1.1342339458381
1.0493712401713
1.0524958322269
1.10320493154
1.1696835558902
1.1303675129865
1.0280281968302
1.0723641915507
1.0175529316223
0.9723474090163
1.3002249613493
1.0585364751234
1.0432630656496
0.91718213059715
0.8668102724048
0.93665493968453
0.92664391693113
1.063073618658
0.98287112475375
0.82419835198054
0.91807992497016
1.0922612971113
1.1876397512129
1.168712640302
1.334183079369
1.0325528915361
1.1072814088612
1.1315130225749
1.0906764778506
1.0598705851654
1.1872683396613
1.1978436709581
1.1464084438454
1.1202510916562
1.1031563581895
1.1020448205919
1.1897926395421
1.2765459728353
1.2361372061224
1.1711988607284
1.1982259824377
1.2405319850917
1.1679717069383
1.1057459292654
1.0408019157168
1.0325122204037
1.0582885562008
0.99683927188765
1.3466902413414
1.3090879210332
1.269141797915
1.0520731033848
0.99472200618898
1.0427739343805
1.0742766651499
1.2802977219489
1.0912043327533
1.1564538670697
1.0893504552812
0.91548270011129
0.96466879464
0.99561936077809
0.95400905393434
1.0136101602934
0.98179262664396
0.80271759886484
0.88653023445088
0.75419826536568
0.83194747119656
0.77414017147898
0.81630197865978
0.8655082653108
0.77329654371212
0.76959155386397
0.80445259391751
0.75938840416697
0.77885103573456
0.84325115924383
0.84027187474272
0.89313463456656
0.73621627378269
0.71238625078674
0.7029713596981
0.69314138873515
0.63056738652217
0.64120308334708
0.70344133082801
0.62613946107446
0.63853472844967
0.7468232605467
0.80971294621798
0.84628507333771
0.80422123090146
0.71363974035305
0.75844132468353
0.84776593423269
0.87288883998735
0.84526496654848
0.90286930885555
0.93577789589635
0.67954577045241
0.62487584663015
1.0298314884535
0.67533717780582
0.77207451489657
1.3718299142309
1.3332738134624
1.3413468956862
1.3659474830784
1.375242431463
1.3476728374343
1.3700781689159
1.3078228696608
1.3465980289217
1.3244049185735
1.3024301000998
1.2297705550308
1.3703680512571
1.3664199315253
1.3521637918139
1.30014813331
1.3371154143357
1.3399478561614
1.3317177945803
1.2864752853071
1.3474158463562
1.2595570075554
1.3616856595038
1.3636033638239
1.3527850234874
1.3404264197054
1.3697656480001
1.3666632940687
1.2122393160044
1.3023729723911
1.1724936521863
1.2284354572884
1.1958941054937
1.169458621552
1.2774302361841
1.2704000917206
1.2227126557792
1.279958317582
1.2219170502168
1.2813129466449
1.2277389280731
1.3392341706789
1.3573737674726
1.3211269041074
1.3067364304167
1.2320255862172
1.2647983026076
1.2052214204986
1.3584148502375
1.3480075805038
1.3342701660992
1.3387404612775
1.3028288986065
1.3615639803682
1.2121959347482
1.299300132127
1.3686041292495
1.2161725995741
1.2466929921571
1.2001348842119
1.3261347867584
1.3380728378194
1.3332699163628
1.3034402697114
1.2669202957398
1.2788963185042
1.2591621059739
1.2321242429905
1.227461533567
0.75612150229468
0.64754159413504
0.94574174429861
0.95611306416715
0.92918103117145
0.97203773678151
0.90040696863002
0.92602109508413
0.85686361232348
0.8294918979431
0.89056213701024
0.86198835032104
0.88085353372406
0.92137165036831
0.95244492164182
0.88393673414594
0.94254311091377
0.75981599690807
0.85655834076788
0.78586524929965
0.81862528269691
0.90139657481766
0.81697145198754
0.88117012726081
0.69519982618117
0.7046637441701
0.70932547421403
0.70098433658451
0.8849540628405
0.82421820551547
0.97085020516861
0.90345835409501
0.98040173152555
0.64899126842675
0.64627445582114
0.62174419871697
0.8471391201811
0.81808856321443
0.77511622414053
0.73130327215924
0.90309566416512
0.68016850215777
0.64182113757472
0.70750883396161
1.0115355795407
0.95023577727553
0.97377783581709
0.97390911332472
0.97993372050887
0.95766681788254
1.085473196136
1.0233201675627
1.0895142340586
0.96238879313065
1.1947875596192
1.18812032129
1.1416937071774
1.1481189547667
1.1063267342191
1.0990503365258
1.2052743985422
1.2211268463359
1.2790580709043
1.3641872359699
1.3511173685985
1.2361960126563
1.1123653650064
1.1389887959627
1.1451331869173
1.1102435356917
1.0183469105401
1.0705015744406
1.1299166530243
1.0929356667832
1.1091851586319
1.1170976652922
1.0717504694939
1.0759638069911
1.0692181365363
1.0195778088713
0.99351002187414
1.0218531305536
1.1591448564517
1.1373307316632
1.0264715703411
1.0146389564034
1.1069731850239
1.1085686862588
1.1345097226793
0.98402813216372
1.0064891242558
0.98838187303219
0.9536421301753
0.85695315230452
0.79362377765491
0.85451477023372
0.87729625650336
0.91668939041809
1.0126106160225
0.91126035747511
0.83322677114016
0.88073433978751
0.90594563269014
1.0140574495282
1.162940187746
1.267399980943
1.198040843022
1.0111591366356
1.0920461151595
1.0878417561632
1.0135078222425
1.0165668877154
1.1787956506156
1.1453497322251
1.1653497259889
1.1395756848405
1.1300963287572
1.0501833893242
1.0736765209766
1.0722771042225
1.1923018206601
1.2936436621207
1.282626344311
1.2037083633699
1.1522459126678
1.2182669490782
1.2722287495078
1.148414855097
1.0058256884778
0.95453344367175
0.99807797214739
1.2859868556667
0.93329505673992
0.97948246053089
0.99931528352449
0.9891588913014
1.2093665300586
1.1365975721727
1.0189031633573
0.90720004039051
0.93556222363294
0.89643736024999
0.97208308408733
0.71363217962038
0.86661148975341
0.7358948367695
0.71226601897527
0.79432951912583
0.75279357631152
0.79157286079177
0.74409359154985
0.70752734255597
0.738919516618
0.77581921325085
0.77408447349455
0.72699155406199
0.79346700198335
0.79267978374707
0.87804797110709
0.69178575609102
0.6513453796856
0.63616485700362
0.68120051496624
0.66719227168499
0.63111764131089
0.55626971364441
0.64175128393853
0.53196580290765
0.66271539117627
0.51828861160052
0.58628216162057
0.77726056474597
0.79045689020866
0.78389156057242
0.75057240676071
0.72062987754329
0.64070300573991
0.68260039623836
0.83282925445959
0.8360443870069
0.90054218566663
0.63640613033326
0.53761366462167
0.69229984995889
1.3527944300189
1.363979246104
1.3678837113014
1.316586774329
1.3112877897963
1.3321568893655
1.1949426011699
1.2055238552315
1.3544797864956
1.3121781884798
1.3528112560118
1.3179086122395
1.3527883548409
1.2922356563729
1.3452054913633
1.3767370562931
1.3651313863102
1.3701140820333
1.3664257744326
1.1783787950473
1.22394218397
1.1790288613985
1.14837318256
1.1583757033275
1.293678400871
1.2718266141648
1.2435334769277
1.2293902167851
1.2893057087247
1.1896128969111
1.2505542344298
1.2267350317032
1.3233194532746
1.3740786846263
1.327638771428
1.3152839307353
1.2715346607898
1.1995838885239
1.3164417284908
1.2324620846713
1.164696808848
1.2051606893754
1.3358126989877
1.3221874424329
1.3567005784581
1.2579455463278
1.2111320626177
1.2384420455182
1.1969545389699
1.3107321472174
1.3581993977464
1.3219818106765
1.301882645893
1.2763655161908
1.2816711851084
1.2785213136044
1.2272023661474
1.2237731726344
0.64952712105146
0.55527957651204
0.93227297169522
0.90113315966557
0.9329321305677
0.8699413289522
0.87976252845337
0.86239479446788
0.82491232319962
0.79591527726616
0.82597210314438
0.82836889291546
0.89301518447954
0.94083559790004
0.8521062547962
0.92761457878766
0.71973849686568
0.75634479160498
0.78880206296999
0.86780805049216
0.77121139213189
0.8285261636907
0.63444909831632
0.66062442645004
0.68277855238717
0.64938836289463
0.68045707219429
0.77232590780238
0.93575587527007
0.88452133549081
0.96953749858681
0.56644519990165
0.56736289338956
0.55747708602169
0.76715783986827
0.73698848502944
0.7169160769978
0.72408274207593
0.71898957603898
0.67485379067631
0.80215741340676
0.64889210461206
0.64420016930715
0.5648247598198
1.0016748164095
0.91843397389165
0.95103707158476
0.96977623025292
0.94912407814732
0.93328114431815
1.0591171726467
1.0079123145527
1.0549419675052
1.177460361052
1.1650209698105
1.1948217619109
1.1177895648763
1.0902473052028
1.2158664168131
1.2978478770801
1.3440937930787
1.274865998979
1.068359142147
1.1083824629212
1.1195970108623
1.0853399840306
1.1274418068012
0.98116695364785
1.0251069998679
1.0432497015199
1.1445145476976
1.0835673138533
1.1019866893515
1.1184947774748
1.0444001906368
1.1036731869462
1.035852990944
0.98379624358641
1.0101749690185
1.038946832993
1.1717520132481
1.1454540718714
0.99990779655026
1.0387841512478
1.0258478980472
1.0546481055087
1.0927583584141
1.0697332741515
1.1575941711152
0.94502218153805
1.0165996935035
0.97437193849888
0.96057152009924
0.76837776421903
0.76683710682083
0.83345486201499
0.7273491519833
0.80843263050158
0.80039040311678
0.85710171145741
0.91416689845926
0.93353086325243
0.96103975587829
0.7702604331237
0.83083859550997
0.85026959148095
1.0486971800375
1.1951131018419
1.2727073772319
1.1561107439189
1.0408004357441
1.0097505183716
0.96416450619751
1.2175599727813
1.1249082498805
1.2229500925536
1.1488000105303
1.0774617019064
1.1139410508612
1.133417504239
1.0014704299826
1.07853874313
1.0260165770237
1.1657865511733
1.3073639064603
1.2914741230184
1.1631262195838
1.2586727802425
0.99112546199406
0.98725375324431
0.89391315023461
0.93509515838747
0.85609528509853
0.91414361520588
0.88420825709452
0.85268808921444
0.89138842368827
1.2058448178274
1.0466037574296
1.1282929027291
0.98424998011828
0.94868378663349
0.82031390068132
0.860840491507
0.81488282712464
0.84064679116052
0.67473759596204
0.66289251855159
0.69327041208443
0.7407632167604
0.79145182010907
0.74838984151593
0.69603452418851
0.65075182878576
0.70307867856794
0.73738180819273
0.73960122277839
0.73992639798253
0.69853067195167
0.77778594296603
0.77041228696585
0.63800161364979
0.61221190203517
0.60628596788288
0.58817982141378
0.68111779085214
0.62013076824324
0.60911919461112
0.5920202129166
0.51186707485192
0.56122344427378
0.50542899718425
0.5826369218628
0.45274673579178
0.48695616967238
0.70575881148655
0.78076619439326
0.71743414046292
0.68770689848263
0.651586741119
0.61750324644822
0.59758021141863
0.58483367676396
0.64567508667115
0.7934337976635
0.83921209032092
0.77136496711765
0.86782911454536
0.87655993237917
0.53518688739331
0.44757722833366
1.3348938798739
1.2650449225826
1.176787416482
1.1758223268963
1.3525686197183
1.3097195247106
1.345413438886
1.3509491012022
1.328834179096
1.3593914320361
1.1925365976146
1.1680845782686
1.1200552881073
1.1389146483635
1.2691689771735
1.2522105967097
1.2144493349621
1.2173132157471
1.2686737648638
1.2082281339909
1.2431643712308
1.3441230007272
1.363045318349
1.3744674007031
1.3140542808348
1.3280639450655
1.29790310998
1.2795412532782
1.14691876549
1.2363198556442
1.339915260381
1.1933706186822
1.2798523732971
1.1377297811123
1.2354698726496
1.3589347206436
1.2177577295949
1.1909861460486
1.2967991589901
1.3354022456179
1.3264142342997
1.305321788111
1.3226930525782
1.2584978158096
1.2579827641279
1.3340854486413
1.2434579149024
1.2133762913963
1.2035930591255
1.1825735584394
0.55274960558279
0.53403216487959
0.89108390729674
0.90560014737697
0.86984401723504
0.95017447865938
0.84713483350414
0.88287604623975
0.80823637610432
0.82683090110257
0.7681754166991
0.75823245938673
0.78357485277992
0.7863729474221
0.85197432061941
0.89458231891059
0.87176632469871
0.82055592547597
0.71027897811508
0.66154276933556
0.73405888842783
0.82194665496118
0.74097288341177
0.76809655187682
0.81316813139838
0.61646519813213
0.57273622989755
0.61737818569177
0.6128388711539
0.6477901564376
0.58111494777033
0.62911097772327
0.75826384460569
0.9429229502012
0.84511064786636
0.97230145512024
0.44941930427057
0.48365328556202
0.66924660821785
0.7299595465853
0.70884554386716
0.66223267438919
0.66958513703775
0.60377246768017
0.5946825527564
0.58576044340828
0.57574054092415
0.9710578313962
0.87773398425086
0.92355924325786
0.92756035843389
0.94965262456908
0.94665159928298
0.9554113141646
0.90753831488789
1.0472712979651
0.95667216680855
1.0077403492327
1.0505619006868
1.1508874702339
1.1631989572615
1.1026294763456
1.0890180150249
1.0655776925667
1.2464623778375
1.1900993833456
1.3069060695687
1.0577234269894
1.1150144118057
1.0788336255934
1.0980743556225
0.94190501002977
0.97604707971505
1.0266174304763
1.157213942481
1.1297551044947
1.0961675194746
1.1150504949006
1.0641605631502
1.0837504623799
0.9990357340402
1.0302424519518
0.97095563490651
1.0063277554811
1.0201317919745
1.0142152708374
1.1240740333431
1.0130046534558
1.0208450655634
0.96858355508694
1.0321105504285
1.0675613178752
1.1345578972789
0.97955394186902
0.86500830350083
0.95771076263489
0.99934033622878
0.93140275985628
0.94837593375286
0.94519543597193
0.65372599265337
0.706742648897
0.80087653740866
0.8438654594632
0.75457847468353
0.6456574598295
0.71151599773424
0.73793889079186
0.83693512284722
0.86798381809691
0.86139274398049
1.009836161103
0.739466479834
0.74171781764352
0.81396476803
0.82537725462439
1.0181822230339
1.1211295958181
1.1697316252396
1.0160432289792
0.96981809855741
0.97638577076731
1.2054869265394
1.1998838883693
1.0738653488535
1.2490083314424
1.2474764540218
1.1309569819421
1.0838834115858
1.0201151140242
1.1196105237246
0.96179353936651
1.0442394337777
1.2962700799457
1.1334975755905
1.1533377179393
1.207601227035
0.95675781793166
0.9264328356767
0.87002999674348
0.87636946701789
0.91395477581084
0.82513128875437
0.80652361744536
0.83238431788449
0.82943831797164
0.84300298603522
0.81552472225847
0.87032753686639
1.1656472436107
1.06191257106
0.94847624910814
0.9276366019239
0.89810478189455
0.72490343689748
0.80969910309425
0.79870047246533
0.62758420996643
0.66298204836137
0.60937611795312
0.68124513849173
0.7423566393643
0.69761879376208
0.64293733292414
0.67342678320246
0.73504877174183
0.67640603217013
0.68891185244714
0.71256690543784
0.67215110875909
0.74884442213158
0.72557460099296
0.55463265186593
0.53566005781453
0.57280019418842
0.53622310952345
0.62909609417692
0.59544144259799
0.56915730058632
0.54144459217876
0.45292874534174
0.51626078492716
0.52581178678705
0.42016802299794
0.42958900998758
0.47306018328435
0.69584463433301
0.7202240677569
0.61783956152086
0.63424119472729
0.6103904985873
0.52936479298975
0.51556211239636
0.60531133745001
0.51021859192098
0.63977881525578
0.77360928762188
0.77372763500239
0.83275852110679
0.83817455645152
0.48363787870848
0.39629684681274
1.3677323618829
1.2373203895961
1.1437574751871
1.3718423143555
1.3185865086625
1.3727625009148
1.3570119573806
1.3555949615166
1.1429922469561
1.1088478677474
1.1103018929631
1.1319129919505
1.2754695657139
1.2481745398774
1.2166319449257
1.206471606568
1.1927224953271
1.2761868354783
1.1715142696824
1.1926649991807
1.2286872202641
1.3726470453091
1.3708641249987
1.322455643105
1.3348037379944
1.283774634004
1.2664559960568
1.2830988158617
1.1274251470658
1.1453193856578
1.2874611375868
1.243273112684
1.1504574109721
1.2873753274492
1.0701245750341
1.2217582394059
1.3496528686371
1.2978475127622
1.368298969079
1.3134673304881
1.2701054507477
1.3294947332399
1.2447931171464
1.2129514335661
1.2566126443272
1.2398820431648
1.2494802392655
1.1955620477312
1.1941033600466
1.1506910907445
0.43293068645659
0.86316756829206
0.90441249432089
0.88203766361147
0.86354897432372
0.94749069923135
0.91305479519193
0.81810763020438
0.83214857980137
0.7900362710568
0.71293355020686
0.77347710960257
0.71712034663118
0.78541433969282
0.78301362057048
0.74362894522983
0.89698283542021
0.8945965803816
0.87731292224254
0.83467250019858
0.67320980090179
0.68791705959469
0.64944900173745
0.69240782051653
0.68290960326813
0.72374919536264
0.55903819726358
0.52525948214852
0.61184676697786
0.55215811272984
0.55228821279427
0.59728421985417
0.50896265345823
0.59119166889693
0.45205716100606
0.46503458654775
0.60162273412054
0.63627989944444
0.64735348712939
0.61808407565125
0.64357266263527
0.61782273523091
0.58152992438245
0.54333596169619
0.599165036364
0.50862317273017
0.52343002364428
0.51312558648379
0.97620592211666
0.85182010601319
0.86437262328256
0.92157881116767
0.88198965356764
0.93000609609071
0.88327101383694
0.94030532198643
0.88771672164279
0.95858524936094
0.90508293792123
1.0366261691139
0.97078529258033
1.040494474401
1.1644310684524
1.1352043737214
1.0614729801013
1.2826911708051
1.2734915441976
1.0205830955601
1.0494339442544
1.0469006984827
1.0567368507876
1.0795190839648
0.94636734741264
0.99146861024648
1.1280779109649
1.0778977202867
1.0626160956249
1.0450780904292
1.0385151831138
1.0561533510466
0.98195140678113
0.92181014527246
0.95561671855273
1.0090393547371
1.0144547254372
1.1137498211363
0.95977721325397
0.9912257331285
0.92963767666871
1.102300153678
0.90873298591209
0.86253949935569
0.90741978781208
0.9623696875903
0.8971595201564
0.89616158644283
0.91630885066532
0.67560098121402
0.65944755910802
0.758183408361
0.75559863606953
0.65738539690244
0.62036012460392
0.58910025035375
0.63679183680277
0.75333855379422
0.79919772028734
0.82820199150421
0.79733024300772
0.93844067450287
0.67160884308639
0.75072233045215
0.69200580578671
0.82429509685006
0.95743251662286
1.1413086661845
1.154779370045
1.1601481083066
0.95920320809694
1.0308633961874
0.92672848971109
0.92082967182227
1.1528828443005
1.0950694129947
1.1714625625129
1.2824985266954
1.0814479186691
1.0573437731698
0.9587483427418
0.91017575990282
1.0241404323614
1.2268792415656
1.1190544332827
0.94632544815694
0.84613932129792
0.86170695505911
0.83742835998585
0.74994487084846
0.73327172883588
0.79232886513219
0.76078555426432
0.73789980892202
0.77748302257749
0.71792299197865
0.79214616059308
1.0937058445104
0.96991215308743
0.86281410220106
0.8631277251817
0.8038249526345
0.73684952631014
0.79778118847229
0.58551876623162
0.61546232887767
0.58167000171297
0.65313309844548
0.71739693275534
0.70228617629369
0.5993006386351
0.65882411555896
0.6317211263866
0.6753191115615
0.69549861021524
0.66192738561749
0.67341880975994
0.63068279277386
0.77292783009305
0.66718536467024
0.54177844096439
0.49418367117713
0.51448947076431
0.48928291969064
0.55527070633772
0.59693966244588
0.57920416764851
0.52801243437293
0.52906777439568
0.4952730729212
0.45488513953388
0.40556940147235
0.45373410119147
0.42468181670807
0.34656482062878
0.40572835024258
0.41560507769084
0.43053735939643
0.63727141361036
0.68218332393048
0.68179771133846
0.55805917796624
0.59193099248177
0.52002671112204
0.47646019143877
0.53695498858639
0.47941048795366
0.59918834952385
0.77156502898965
0.78734412877186
0.72499904202212
0.42155112466123
0.42537629788017
1.3605643127242
1.1814941662898
1.2848629238642
1.3152910995919
1.3651680438267
1.0682331947774
1.0985136367754
1.1093171344725
1.2781886061378
1.242616138465
1.2049314564646
1.2098327255279
1.1745770439362
1.2882336415618
1.1587498420158
1.1756478297386
1.2822012315493
1.3859341916328
1.3646677440742
1.3041214825122
1.1733209784516
1.1940394140837
1.0591164148676
1.1531112029428
1.3034440318301
1.2403180768796
1.1014795644852
1.3087627320538
1.0601496085501
1.3389039273498
1.272121889992
1.3515809186388
1.3149703053781
1.3492126385901
1.2688800929633
1.2198915602655
1.2792922098389
1.2264201240222
1.2349060010995
1.1963782245324
1.1951665496873
1.1366953965642
1.2028430832179
1.1552193921396
1.1124078247447
0.37394698166168
0.86778196815806
0.81317011659508
0.7960006497632
0.8446880534735
0.75235605160658
0.69184097014614
0.71807869274172
0.69074299470485
0.6955761800365
0.72985286996405
0.76911496410045
0.76092797690473
0.72299621483595
0.87170531288833
0.87320469718489
0.8389098619008
0.81733877250286
0.63667684987408
0.61773562797444
0.60155454292933
0.65000777921667
0.67512934300821
0.64586365729206
0.7010037928944
0.50882939830417
0.54643880347891
0.54381589106071
0.58429696170962
0.55136190729086
0.45752108790921
0.38258220076388
0.41631848713403
0.52278311147452
0.55721117682166
0.55476238911518
0.6105321572622
0.58105794706917
0.55823529816385
0.50731548232932
0.49947662003595
0.50858078231227
0.42477724541687
0.45686816458152
0.43505951208456
0.96540618648978
0.80436968377428
0.84294370599393
0.81511301531129
0.87200708058111
0.89039193400248
0.86112548266288
0.90230668813082
0.87961709609908
0.9167404210801
0.84653484876799
0.89858033295637
0.99962453937785
0.94869835510812
0.97308797078152
1.0031341745891
1.1327946105567
1.0363512737895
0.98519836712693
1.0150761896499
1.0006602223077
1.0045480016857
0.98706818840026
1.0509065488637
1.0803438274563
1.0402379584779
1.0033978922001
1.0627690892365
0.94671444002574
0.92597914687551
0.95375481501282
0.97219712594211
0.97174179080149
0.95141020159147
0.93914940530948
0.89695509066598
1.0406449344714
0.90163304174497
0.79315438219471
0.83036425150749
0.90372892232034
0.855549768332
0.87299395123344
0.96446352797185
0.87071438403496
0.87018813544294
0.89897440905143
0.68834075268571
0.60898834528899
0.66887519499821
0.62908592799522
0.60276191811835
0.70503284593528
0.67861594771375
0.57033417307497
0.52127944592668
0.60184850836332
0.55479647055881
0.55849948898559
0.72110133743767
0.77802402055201
0.77585810378174
0.72899212005155
0.8142847011013
0.66033648341285
0.79266889034745
1.0057551945435
1.1026627791633
1.0725468524943
0.88207071177764
0.97206676716797
0.84301213065053
0.86304757863604
1.1641283457823
1.0832982403665
1.1695170662797
1.2105829337675
1.030367283584
1.1066360732061
0.98513909531733
0.92816836215817
0.89476948275106
0.99295506819146
1.2797070023589
1.0701894633016
0.90622121849299
0.78433070885441
0.79906171658197
0.7861169757162
0.71253314217177
0.74032147856152
0.71275041458683
0.6810589165166
0.70595502088713
0.65917576016375
0.66641247870484
0.5948166259889
0.68038134892802
0.77936012300578
0.99856601080636
0.94109959256808
0.79830506543919
0.854686438079
0.75999533493752
0.63988210220488
0.53207506813409
0.59464738855059
0.54793637854358
0.61513107456091
0.68208042185251
0.65378739210868
0.61737374839534
0.59860669489523
0.65477101505713
0.66930120898105
0.66807523504286
0.64247910403666
0.60542231881773
0.63234906001426
0.60512497627948
0.72713025885135
0.65829215806319
0.49267845571278
0.53970846360585
0.42918799222554
0.48725195396618
0.47477784162655
0.44391019634413
0.5047094722375
0.56790382517351
0.52706013750648
0.49537643015959
0.48824197733486
0.42962131016335
0.41326724023565
0.38822852687533
0.34900952117263
0.40650488932013
0.36731620242346
0.31390177886873
0.34427425557252
0.37633022483756
0.58261137958886
0.6125606009727
0.68998428297244
0.48159596388246
0.48552118287019
0.42677357765708
0.41674977314265
0.42238918962302
0.51936286453239
0.53517695366777
0.48272083512549
0.41509150538285
0.58989686472328
0.72230217072617
0.73413877489422
0.69776650969778
0.37207516039664
1.3592137263116
1.1906246993188
1.268153225282
1.1132291119798
1.0547592460354
1.2406871711784
1.2115279447334
1.1777735403894
1.1580207176337
1.2657844215736
1.1598915461893
1.1807165441231
1.313117201006
1.2281625313478
1.3677329720681
1.3453824001213
1.1722667856966
1.1343667262439
1.1796649180944
1.0272979412351
1.0267254218237
1.1979584367491
1.1028463701705
1.0368936840602
1.2841720112809
1.1734050009934
1.0992082287047
1.0562752437898
0.97966763113779
1.293582557461
1.3560436845747
1.3017037093408
1.3729152700297
1.2810095238016
1.2653829254139
1.2362845239636
1.1799311479324
1.2578467194521
1.1680889001122
1.1597386812063
1.1234813645575
1.1556519410999
1.0726129602057
0.37484013018472
0.77681417427788
0.79456863247146
0.67400681313471
0.64942463956926
0.72427189603072
0.67680778335925
0.65197998275746
0.670506815629
0.73217785281671
0.74311354083241
0.74021776031634
0.77460863821501
0.71981434380308
0.68771196763
0.83003556227166
0.79442574763732
0.60928195809468
0.61817842407287
0.57608507612192
0.64384768275375
0.59933096699052
0.69926108769203
0.51332067107241
0.50968032001111
0.53645841751108
0.57659390463927
0.52033696660407
0.41342544930896
0.37943588068837
0.37851997192262
0.38779125995079
0.44138509517359
0.53232240789238
0.45254772040438
0.50833994812819
0.46503564007613
0.55090200460034
0.55209581259731
0.51922968920167
0.44247198219372
0.49994491210839
0.4368272252136
0.43088106534451
0.36347472911089
0.42129200472126
0.79461909591952
0.80710628618635
0.8616629047804
0.88676383442272
0.79884605989472
0.84679518753724
0.82756177658538
0.87026642337301
0.87473181292304
0.81646401576442
0.84196164649528
0.86762413249106
0.99043250211317
0.94601470108991
0.90642816916378
0.97902134548356
1.1206352728898
1.0036851250038
0.98742648329075
0.93685328201349
1.0618249710419
1.0504831898367
1.0146560812057
0.950845518364
1.0556958377789
0.9091801885602
0.88759883457354
0.93944879721754
0.9659486583538
0.98131214182116
0.94802010998563
0.94194237901448
0.90510182907765
0.91600006008482
0.85332457429951
0.81331447862429
0.89919984548132
0.77603922408417
0.86491841001658
0.83569961615865
0.80790269445889
0.90651621088044
0.93552338089665
0.8281008361154
0.68088450507392
0.63154921185337
0.55815924837944
0.57786203055593
0.61424408190063
0.69612678863726
0.57221647818035
0.54864464692139
0.74595286458046
0.58646754840084
0.53690894012185
0.5014557378817
0.4813291540134
0.53047616655457
0.54717131196539
0.48372641540643
0.53153750185454
0.76366921364742
0.78725937658943
0.74174894299028
0.59274956132288
0.73393068158202
0.60951743251222
0.77043660421017
0.79450178867717
0.937971947993
1.1111975899859
0.96723615940584
0.82648086418414
0.88624051250371
0.93186301439958
0.79468289392618
0.79298603318985
1.006191142356
1.1535984863809
1.0509985851285
0.99398853798799
0.89708391086187
0.85774525044146
0.81308672116143
0.93272941662237
1.0338724960636
1.2214907682615
1.0858042813348
0.7598026206875
0.73150483127828
0.66587834317142
0.69232609771318
0.68931334649737
0.629684482657
0.6091651990942
0.62949048002815
0.70296427301775
0.62519181107937
0.62018097281245
0.60500126822359
0.56949950055703
0.61841747876498
0.70768145530979
0.7402360496164
0.74071696401553
0.51627898563292
0.55137899545014
0.50677972420181
0.58096502352581
0.63225037590493
0.60890438079437
0.59273300189101
0.59883402963344
0.60902245767909
0.64506356996613
0.65334792419881
0.65167805009801
0.59291451897012
0.60438837405139
0.57312432938863
0.6095687707951
0.45569375788004
0.50199499327893
0.38832993928823
0.46673725614513
0.4702681981013
0.42825425302321
0.52312081952305
0.50623010294801
0.43236150429958
0.38056417455172
0.38152945981167
0.35048750592684
0.37658041422579
0.37200986294657
0.31450241816255
0.31260775648378
0.33506095270314
0.3744141310171
0.53997536513891
0.56298062491092
0.453267881532
0.42818424119607
0.46910592814636
0.3852392702654
0.363400785551
0.52252448079153
0.4526340092598
0.52374169961758
0.44548164522308
0.37666807961198
0.39398218321807
0.66389309173611
0.67886361484381
0.32499605019054
1.1238120337552
1.1940337910803
1.0980413149636
1.0832192721674
0.99854689783082
1.2519118436616
1.1812263171203
1.3136531761546
1.1679510011648
1.1229923024496
1.2328224195098
1.2995376712077
1.359165367798
1.0782671408137
1.0222770898922
0.95578769733507
0.97184612872723
1.1743699284474
1.008018992594
1.0681591758583
1.2183730268524
1.1404124338884
1.1566255188482
1.0841107355935
1.034677588678
0.95462281523068
0.91660566995843
1.2863945154793
1.3150813880661
1.3196645463706
1.1859868624583
1.1624445864522
1.1850446508734
1.2032001969801
1.1396710768509
1.1561474297609
1.1501620090961
1.0836556400088
0.30470192889534
0.75646757673383
0.61573665792146
0.59903714648434
0.69198165960148
0.72326621914842
0.62368778306579
0.66992945952696
0.61500477543008
0.62223936339182
0.68304676274132
0.71089413607093
0.75744654846599
0.75940981657871
0.70878493693646
0.78192433814524
0.71065793896212
0.68291981161196
0.66262249741703
0.75477057056832
0.80182512713489
0.57495351197272
0.53223373696663
0.59440859094228
0.54845469988486
0.65878920323167
0.48100736016424
0.49230837867642
0.50456032805789
0.5475952546886
0.47882946326899
0.43795099511112
0.37144368845495
0.36246038340252
0.31687056041481
0.33525072608078
0.38576019186741
0.41226056292901
0.48650319803951
0.42228549985485
0.42047768556374
0.43218970653483
0.52107775690701
0.50016395757085
0.4776599834147
0.41447455143764
0.44287961317973
0.4673452861935
0.40859456795639
0.36786000635388
0.37098999347154
0.77836328963937
0.84252589803294
0.83190618383307
0.76735794966602
0.79454523327057
0.79853855467352
0.8097949853502
0.8501471754635
0.7819245041384
0.77920336728681
0.95029591941907
0.89759207521474
0.86698474535426
1.1177858732977
1.0331782210978
1.0792213421282
1.0435000233826
0.92150885974538
1.0082646267749
0.87764655530501
0.83844002331438
0.89975522886578
0.92319901496532
0.97273217844865
0.95430924441206
0.91560192935751
0.84185562196849
0.87359704205253
0.79892324256885
0.78426938759516
0.7337414776643
0.76266897879477
0.83181340209299
0.8319749186372
0.61739738999764
0.58120287794294
0.5805880373564
0.50949757140428
0.52004025831365
0.56897548421911
0.62703140763699
0.58809347914807
0.66679236272428
0.56642810860989
0.5195870972372
0.54541560835643
0.49300781662394
0.63199106784283
0.42520125794433
0.42702679308693
0.47446586874253
0.43161062637078
0.4350264756441
0.44889214742721
0.46037199621402
0.76758954956828
0.75128470191029
0.7127409751554
0.59875970213039
0.79175671816362
0.97273961536655
0.84707905310784
0.74401935004006
0.85888710814801
0.94423650611646
1.0577239910066
0.98098756628038
0.86552895418695
0.83281398333435
0.78169422173197
0.88829664992596
1.164396014649
1.0138876532026
1.0367897771298
0.7075815231055
0.73538051888021
0.69107442154529
0.59604331685449
0.61765313543378
0.61321907723456
0.60126480083937
0.55958597656472
0.60633392267697
0.64295445362142
0.54049801743722
0.54419311324603
0.54819974643976
0.53255367453468
0.642739831515
0.67687274478957
0.66750110663887
0.70269211188973
0.50062183397134
0.47909679384773
0.52994980568086
0.54485544279491
0.49874721235097
0.56677780885907
0.60358577704973
0.58736322411459
0.5588019844381
0.54314389763703
0.57282459130912
0.60690553591037
0.61357065324368
0.6047257758032
0.58094365183481
0.56514444687366
0.57816574854461
0.53957346614847
0.60386046238956
0.46033849469999
0.41187019108891
0.5056052531779
0.33737342569331
0.42208827899864
0.43026259165841
0.41389708441455
0.40412676019545
0.48669239022848
0.49519455675247
0.37589896674833
0.37231919387247
0.34139347222522
0.31032066578659
0.3292141798689
0.30003777729586
0.27763781666943
0.30404636739956
0.3159504362855
0.32328885884209
0.47664691525366
0.40488167779723
0.3956589182896
0.3939362255627
0.3205078172159
0.47390245671136
0.41003566832856
0.43948497245894
0.47492742812554
0.39925738638386
0.35938578867189
0.33437532686035
0.61029092345328
0.61499927178592
1.1753101612287
1.041809644648
1.3105636749649
1.2076816980354
1.1819426490591
1.3037420045303
1.2227448767779
1.1045666107238
1.2428401431458
1.2796606237789
1.0563788881629
0.91151258407792
0.88474245351615
0.8932047149555
1.0162050292651
0.96545749103617
0.9808991623456
1.1889168471698
1.1548094504666
1.0266864316597
0.98736214338058
0.86991165738229
1.2852157393724
1.3091518682911
1.3405380339025
1.2151309473409
1.2286060678522
1.1429718628243
1.142451961294
1.2242275878414
1.0834626880807
0.27659455376428
0.71294921099148
0.58312959072916
0.57355301944199
0.66671410649729
0.68827099023523
0.59896798114626
0.62332490310629
0.68656104196279
0.59032642827475
0.601986236389
0.6583212853594
0.67938534298955
0.73304151444534
0.72410853747849
0.67728758524351
0.66867273865741
0.66119667210683
0.62742986310275
0.74907375916336
0.53495136350796
0.50070334738945
0.52025857070047
0.55637458807765
0.52983643662246
0.53956684428554
0.6201103296743
0.44204507989351
0.50372479583917
0.44697660079511
0.42061399220969
0.41351164342633
0.31040291974327
0.35942242134874
0.37798035157366
0.31662842707976
0.32187363976727
0.39321327300516
0.38732593407962
0.33928141138013
0.44292879115897
0.36431009931078
0.35968803391049
0.37623351494014
0.48104548693291
0.50097218686839
0.42945687910215
0.37101311073529
0.37842633718424
0.41320105330618
0.43673074779876
0.37753608813824
0.37740168901676
0.30500017202866
0.7523192253571
0.78948254039351
0.7396377063923
0.77768212211009
0.78041979239253
0.74973979420571
0.80190411495304
0.82995744373259
0.74705753378114
0.75136267435331
0.8504598257296
0.81450716123473
1.0844937174074
1.0117852465757
0.87936390051796
0.92862815675273
1.0094787682393
0.80379981598393
0.84726614379732
0.88726612661158
0.94867855953953
0.91879650740098
0.88224619092192
0.87545809731812
0.80520977695913
0.69575976078196
0.77215441838432
0.7331288478488
0.76111143323394
0.72641703862334
0.7271418266682
0.77008660722141
0.8380679187967
0.63335597650616
0.57225657765145
0.55576136987882
0.51603806757538
0.45413260468973
0.49769775169007
0.5371350432166
0.49724235945158
0.57246036416705
0.51862314800947
0.59739709369895
0.59251385869115
0.57581420449133
0.67373845428379
0.52711586715589
0.47605573816873
0.50684427063945
0.45329788009075
0.40495270476304
0.36805253329625
0.42238783688369
0.39828900187587
0.41663680624726
0.40858080736085
0.43486400125793
0.73146012178274
0.72009098759793
0.57614172453435
0.77550934469563
0.9180140467806
0.74588367961544
0.85329108957084
0.67921458335772
0.76744571756678
1.018089488165
0.84217137175953
0.81507229962422
0.79608855962269
0.73055924110751
0.81122840040391
1.0489525364844
0.95270554589878
1.0520433595673
0.6447564650277
0.66023742899634
0.63017834166677
0.56460345213757
0.57640768610238
0.59774133722718
0.58875270389387
0.58075792651961
0.53192301575
0.51972792052463
0.55519207274596
0.55805823258817
0.627135880465
0.44299718357016
0.42632170233214
0.48553852486779
0.43297658637001
0.55046004237668
0.63235582657378
0.64439666834045
0.45422927812905
0.45386110286598
0.50006667153045
0.50643626726418
0.45866915283721
0.51829033614069
0.57906472619708
0.55445672887175
0.54195123322406
0.52954861567515
0.54814729321607
0.59367491995181
0.59082649054566
0.60404915717124
0.54187424969896
0.53778426584881
0.57546512646447
0.42381322449311
0.45906310460168
0.3819742915274
0.30160259547531
0.34645969700617
0.4123474244443
0.39664480963298
0.40134379565041
0.41721595078813
0.38051883029111
0.38166050361056
0.46348100073806
0.45931830492312
0.37220355086104
0.33760947951351
0.33612722194193
0.31294353676926
0.3169053585574
0.27431814186015
0.28449329776668
0.27661736819358
0.26807485308559
0.30205039304809
0.33737136810662
0.45915471959734
0.33403775670297
0.37875683175895
0.41509568630723
0.33807930912518
0.42878176288854
0.4538878082318
0.50133360351307
0.38206679003746
0.40289955598375
0.40875428341687
0.40678259930493
0.30395416123157
0.28596452182064
0.59039887898551
1.1412066251879
1.2880672987036
1.2236780151873
1.1536897863965
1.0843587308111
0.97379739581075
0.94911532856883
0.88513711932545
0.83995612572684
0.82700109083185
0.84636628615304
0.93625462979895
0.90225040196234
0.9270232342145
0.92305430915519
1.2090512108683
1.0410804932464
0.80864398537398
1.308523933286
1.1813083036338
1.1832565932844
1.2104493321486
1.0872011873678
1.2408772743658
1.0466275408335
1.0560192537554
0.28733149338535
0.70083196709132
0.54674967724513
0.53773651051495
0.61932663127326
0.67284858479377
0.69082491316232
0.57186288597844
0.60288901260726
0.60214920138712
0.66580680951768
0.54549918890406
0.57288235550504
0.62329342271837
0.68952351870414
0.6671662191728
0.68250658175227
0.65631875994648
0.63550725450442
0.67143198145748
0.61991559436528
0.61572650679118
0.60629524327209
0.71355992805369
0.5031220724551
0.46580609280091
0.48839999463101
0.51129595870372
0.49191180247611
0.51062686094336
0.42954433034824
0.41800079530085
0.43410701622664
0.4000998256845
0.31635152993753
0.35322715549651
0.30968668488308
0.28186574299982
0.30296740728618
0.3634408577539
0.33994743629879
0.33756157623617
0.36443092550135
0.3096993184571
0.30677795920705
0.43674683276357
0.44868592931419
0.36223006583421
0.33686770903584
0.38247630930502
0.38766727852856
0.40499482315237
0.40316282628368
0.34691387485069
0.34168897656551
0.29993378534872
0.72195077590462
0.7690265560473
0.69985310150656
0.73912368061521
0.75908437866141
0.80751609137043
0.72682737438047
0.77492393421748
0.71245396709738
0.76209751496182
0.78279242928049
0.70725867984031
0.69846039436381
0.77513849702216
1.0670905583515
0.91361543325381
0.82055592636415
0.89343210876107
0.76390792935743
0.79996506752917
0.82452484250794
0.80102439774541
0.89780382164195
0.94014070015543
0.85879550838921
0.75019636464051
0.68291814014575
0.69765979192992
0.71731275926581
0.69645931582063
0.69343540234213
0.70416405388089
0.70042786731914
0.78665283610371
0.71301538133651
0.5989299644426
0.64388346294917
0.50340747276205
0.55579919150302
0.44727784434946
0.43211755167422
0.45657805943472
0.41686682013852
0.49814396300897
0.48343246280576
0.46036849589542
0.53347317036894
0.63106649164948
0.57111721293221
0.52707160736477
0.67245360565532
0.49422932368607
0.43361592802884
0.48880997705981
0.4745045815559
0.43140338956958
0.36109424825802
0.39087768334527
0.39738572737905
0.35724004848616
0.37601847460432
0.42837330299161
0.38965731538567
0.72702215186877
0.53563349982923
0.67400724286369
0.70693729549568
0.75397738623397
0.62311333420691
0.86880621022115
0.76507015193248
0.76390854610288
0.740185860759
0.65940941389707
0.77117990948504
0.93918318185814
1.0579195721331
0.61440887702097
0.61483685085103
0.59120595830235
0.54663658458853
0.51762944615598
0.58080109487276
0.53849632897875
0.55667008184316
0.55134292144737
0.49416264800115
0.55874658118646
0.59888295501816
0.38251311935851
0.43875728131105
0.43454690003727
0.39752465758712
0.46922757732646
0.50567429511336
0.52659063682159
0.43863748024058
0.46133937499081
0.51068726160042
0.46308597601931
0.45122774905643
0.50418161209725
0.52281432367953
0.54075815652444
0.51474446646993
0.48058125240486
0.54492641037077
0.49351716093143
0.56768303994202
0.54990126503092
0.57391793853867
0.51746193350212
0.52780285127638
0.5846822043037
0.3907326263021
0.44251805348667
0.35063658363202
0.30238271138382
0.26979586999436
0.3162154285913
0.40646589940833
0.38943033347975
0.39628975767687
0.38136444516227
0.34392653618064
0.43196221229736
0.45587671621208
0.43866622667007
0.33699120076615
0.31161805078828
0.34377710778632
0.32403111773277
0.28553184375489
0.30074516119807
0.29193517579739
0.26545241399584
0.28295056145813
0.25586369827306
0.32174239014419
0.27179860015505
0.31840659879991
0.4285222601654
0.30267610911386
0.39829759032088
0.30968112469329
0.37559639154113
0.29957107670509
0.36236184802821
0.47276744214504
0.3276093012037
0.37630256208537
0.38068520984543
0.39204320167089
0.4246583952516
0.384393860998
0.28001546614579
0.29313362033818
1.1581455812527
1.0408406643985
0.94299661823873
0.91880816787872
0.80467062481193
0.73587633846687
0.75065263265739
0.8222456159598
0.78847028747209
0.78250046657315
0.80670073413573
1.160423808831
0.99276168101324
1.04923095275
1.1614802981912
1.0880119352375
1.22319500884
0.99009201487137
0.26072094259652
0.66999709547057
0.52227506951423
0.53505412424234
0.59004206014541
0.62415024275494
0.53719515835198
0.57691757812162
0.57512508872653
0.61760085843118
0.51579407711202
0.5308739520937
0.61004904940655
0.67371062794843
0.66749799711727
0.61266546852261
0.60005690957947
0.67381103861712
0.63476114711782
0.58069946562555
0.56397141683236
0.4714352932657
0.46965392139662
0.46737995489567
0.45527503686445
0.46843424326
0.40214826892565
0.42390263714597
0.39032682352943
0.41018173888371
0.39940266362839
0.37109301785663
0.30961170795213
0.27917039657266
0.33111650984508
0.32906526449312
0.28359037982362
0.31924548032629
0.27644670879281
0.35730606776078
0.36083140297287
0.3286808366668
0.31903982468691
0.32386730435163
0.3116599070824
0.43562546052143
0.43669207072202
0.32783917697309
0.36772068731106
0.3182038498414
0.35866555479015
0.40282171877455
0.39917773562956
0.32593525783102
0.31910079198818
0.26989515219545
0.7001936956516
0.73153620409412
0.66997303099677
0.69779455447024
0.70344815091397
0.75204734765822
0.71327239406564
0.67807775558664
0.69853932089513
0.67473871587085
0.70492252866479
0.66285609915638
0.73679365146861
1.0203426380157
0.86528543668323
0.94590235014067
0.76113308453128
0.83130567850752
0.71618006402535
0.72833489122906
0.77264424695179
0.73604306746423
0.83828809916968
0.90076620444665
0.71470261467182
0.71879563852466
0.62393054600713
0.63515496542484
0.62823224773449
0.62880161099097
0.6847629522078
0.65316137357856
0.70056919994642
0.6392463391551
0.68269823924112
0.5550932972772
0.46760240147462
0.47010617787453
0.38631208343459
0.44124613221531
0.41259739738607
0.36145807501145
0.38954172613554
0.4656508414425
0.50578545441855
0.44995910365582
0.4526258282196
0.50526415548486
0.53271582994194
0.61373879133482
0.5720644325989
0.51137243216508
0.65789555471176
0.48904990380825
0.45728618719899
0.42622023912227
0.45753674663949
0.39611094610688
0.43871724423926
0.30521028039153
0.34295963188749
0.37479026807756
0.31926315418016
0.35915933652066
0.33517175554257
0.3872105850754
0.37683041919703
0.5058067697884
0.51915975491056
0.59044562607313
0.59741507801071
0.58501918186162
0.81386444356678
0.85443811977557
0.72537479215917
0.70927043960412
0.74262552966795
0.65331680623586
0.6423036757999
0.61683790129002
0.63155759487012
0.73022079295595
1.024915925111
1.0394641869855
0.57322686754433
0.59522876886168
0.56734775539642
0.57422847694264
0.4937091711465
0.45792205849048
0.52209872815375
0.48913663131966
0.52157783986803
0.50144030770932
0.52819033860857
0.32107484243649
0.39326422558878
0.32395603502028
0.44200161585641
0.473085814749
0.48962687956768
0.44043474483235
0.48771668515688
0.4537835152371
0.43354878418471
0.47583574222683
0.47027114357681
0.50314365002203
0.49974939964503
0.47975407784513
0.45372362724745
0.50022376086958
0.47179827580625
0.51189733348986
0.51148774379692
0.58618518878575
0.53040725880481
0.50999196367538
0.51463343892004
0.52758415520226
0.34954471724752
0.4033044277198
0.35093730014139
0.27424349076575
0.25805761823935
0.37936378534326
0.36465537827464
0.40274962873944
0.36662209622261
0.32687358851121
0.40179913227665
0.42998915457721
0.46310400583393
0.32656209823049
0.32607876109428
0.31406594803748
0.25538747049359
0.27471851574047
0.2777726358709
0.25618388563538
0.25985699091875
0.24234859852454
0.30025655833486
0.27094607024288
0.30059692041733
0.28059680237377
0.35738701173908
0.26601357135719
0.35773716828669
0.364227647331
0.29737486790599
0.26198767007904
0.31651156116932
0.33677154686293
0.36495582840772
0.33438439630441
0.40938244263177
0.39280840241702
0.38387071756235
0.28265491975932
0.29283967940758
0.26857494681679
1.0681949604396
0.92237368910516
0.77815054688176
0.72830678421619
0.71477088046122
0.67355103202968
0.66896560267936
0.69941459928291
0.74893434669388
0.73460402826419
0.74463949262433
1.053036111886
1.0411721671093
1.1796069463097
1.1107240432593
0.97328500068014
0.25979088499878
0.62197192286981
0.48265765645522
0.52012359163665
0.48535593149224
0.61560123122828
0.52157708239357
0.53764229266927
0.55471141948341
0.59693863460769
0.51432919243067
0.60336762604925
0.63115559812434
0.63178296143593
0.56102575422824
0.56434846088689
0.63797093046627
0.62982247226234
0.60503246612997
0.58756169390269
0.52584654274175
0.56952855224132
0.44251358405948
0.45146157576549
0.44348045112752
0.37779372453475
0.3951231492171
0.41256176888155
0.3820746466128
0.4030996580683
0.37091787067634
0.28474158665249
0.33299418043067
0.30665884040563
0.32718596744984
0.29048915375209
0.26304524623903
0.29579190371735
0.26971226442566
0.35142759203519
0.35691514539248
0.33286880550432
0.31047731055071
0.29518467781242
0.28059749252284
0.32660258532423
0.27551640659815
0.41777723457431
0.3054795384633
0.33561165984137
0.2865353399308
0.33736819426882
0.37024670557528
0.37007383150637
0.29634899740251
0.33350610687747
0.28884599923742
0.25396073463053
0.66827907896919
0.71633656863367
0.6897523640664
0.63356544616882
0.66461351248456
0.66977593412264
0.65349644471861
0.63871712147954
0.68761907569687
0.6373302572288
0.6769385345159
0.63610722036346
0.62590995502962
0.69080037997114
1.0700470910674
0.89624936686037
0.80037688928707
0.72993727376851
0.80991288608788
0.68508219497536
0.7013828658721
0.77323048231819
0.85388258663603
0.83848672682815
0.92684647141595
0.66517951448023
0.66229660340806
0.58290628165002
0.58119125773637
0.62269384629322
0.60615740293411
0.64789590798853
0.57882099395594
0.61843157010003
0.64765795009827
0.41791413032945
0.45479147407318
0.40133109603736
0.48606090699917
0.36543326508851
0.40216570213531
0.39382110731061
0.35183061971215
0.48544766057766
0.43296640189765
0.492356068337
0.4347611960054
0.42461709817138
0.42123114084105
0.49092540727881
0.5199255555165
0.58370991672572
0.53530994792209
0.4843840973008
0.45930259097555
0.44545524470282
0.38977888919165
0.43338093535586
0.38112538635514
0.40547426142132
0.27468599254988
0.34667117305312
0.31976464143196
0.32431437203882
0.30508484424498
0.37281176019576
0.37059033251732
0.35589533765913
0.49314120103643
0.49916488321547
0.57046635441514
0.56637285162358
0.52332987068708
0.72580137158801
0.82353140079857
0.79941111915077
0.60316579721286
0.61241121943298
0.64477518227449
0.60749522726753
0.58593842289208
0.59003446137288
0.66381563175482
0.96364106482269
0.53728957970731
0.59842521024053
0.53678082628021
0.53444942885418
0.52395987735283
0.45467715885497
0.44545933038527
0.48317741189497
0.48893355426543
0.49219288208406
0.49345318988834
0.34261111772964
0.30672055853828
0.33085896674438
0.44530949472798
0.37370160583069
0.45716679214016
0.41847061069131
0.4841943487595
0.46610484725829
0.41405333674898
0.40551664209179
0.47498420069483
0.44418939144516
0.48460870153278
0.50158922043942
0.47969111738458
0.45880067148176
0.43147620300247
0.47781452351784
0.43687166303589
0.48883974561821
0.52849098184151
0.48907337098011
0.49763337000948
0.35160675825504
0.37869423964401
0.35362297433015
0.3147090483878
0.26541185156063
0.24503660003705
0.38411717357841
0.36236499180428
0.33535608975877
0.36602185925757
0.38363799913712
0.36452517768919
0.33684757480648
0.30294055352565
0.3142132421698
0.396029780554
0.43985044657321
0.40338523451825
0.46013501003169
0.31203484610583
0.28867824558297
0.26027096192838
0.27072941054115
0.25920706881495
0.25981659770855
0.25467815301343
0.24290908545894
0.27427025562459
0.25083530354087
0.27233776436519
0.30561541137446
0.29033635127401
0.28897847884891
0.26538670280089
0.33253259825725
0.33037446628968
0.3103998285467
0.28017808975481
0.27071820494333
0.33645761267397
0.3808416807134
0.31719434223327
0.38813675130028
0.37411653326115
0.40513425157402
0.38118227229102
0.26063585641126
0.26812516003269
0.25684161560557
1.0161441829511
0.77792961240872
0.66351211526232
0.67643210341418
0.63536326658795
0.63329430391826
0.62130042595493
0.6492903962177
0.66636536910406
0.6337981632266
0.66245658120697
0.96057394537177
1.0293347632653
0.91026774496941
0.24651806233047
0.62273176897441
0.48077912138279
0.49483135345678
0.61690837939622
0.49514337092817
0.52759994222618
0.53398839749247
0.53935450460634
0.5591237300142
0.56838689624258
0.56509241131403
0.52621283096493
0.52797090192167
0.57987422778386
0.5773500126701
0.50318102489793
0.53990710664804
0.43091142277271
0.43238890831834
0.3792453866656
0.40604273354798
0.37543512510999
0.36326739858071
0.37632489607557
0.35710675486133
0.26032187926374
0.31480061919816
0.3004822520746
0.30909825959088
0.27001776751588
0.25503298382932
0.2909869029632
0.26766861221177
0.3252685613439
0.3361541526823
0.31527569569184
0.28628346835872
0.27651052370134
0.29554750541036
0.29311641124745
0.30874248352256
0.26252460195715
0.38759244692395
0.28221103434116
0.30412714728232
0.33295749990605
0.34231830084063
0.35783896094894
0.29811397272778
0.27346129725784
0.3088405270575
0.27353854734832
0.26224250026683
0.66985089430671
0.6285203720112
0.58620328591732
0.64734605402593
0.59047790359301
0.63850806372391
0.66230332628746
0.59692247774788
0.64655160054688
0.59585976974497
0.59508321342469
0.58549067143066
0.66029088963484
0.66422871399419
0.99824708873517
0.77241828416796
0.74494562458266
0.65653116420587
0.76534254063613
0.64098889241328
0.66354432996574
0.70335153553942
0.85449865462482
0.88428053548502
0.90232688423821
0.58720974071423
0.61821061674393
0.57738425012725
0.65143254185018
0.62494086743694
0.52181273445787
0.55109862045739
0.55070718882169
0.39861026936075
0.38996585916993
0.43587685259262
0.36719908195099
0.46452247172696
0.30694679647729
0.35884715252774
0.39648026076595
0.38013170640914
0.34089770872963
0.30846292634103
0.44513314916214
0.47575960301311
0.40924566423092
0.48206106864706
0.45174834585594
0.40879112582901
0.38524258646511
0.45005379968432
0.5570330481611
0.51040748493179
0.44647583793506
0.51330492144965
0.43816197329391
0.40743281603169
0.35997737124189
0.40278560631316
0.35408975830916
0.36450612088964
0.28326944875098
0.31490288264162
0.33173059366789
0.27934903290303
0.32617520816698
0.28022489870898
0.35707884617111
0.45444455147008
0.50691946663733
0.45844255147834
0.48507966568518
0.55401327198916
0.49691320887042
0.62683830371199
0.82926186512223
0.72104457437933
0.6035901310284
0.57278696135717
0.61765570587713
0.60190987855295
0.55134647308482
0.52148079687722
0.5795488662321
0.53340727051564
0.5143906256037
0.51877496948792
0.55162924036253
0.52239477578722
0.50697236488301
0.42333351151888
0.42412129803627
0.43546808375688
0.45356256219785
0.45876308592069
0.4813429730927
0.47562515151973
0.34259382412696
0.29962408409643
0.32039880403272
0.32930124030583
0.35703417926607
0.36081705174573
0.37345089743834
0.38249494107604
0.40186714560862
0.44847585919787
0.43761361559089
0.4125671994119
0.39434908725648
0.43547620217115
0.41541609968724
0.45366746132615
0.45948394002953
0.45966177212793
0.43969859304907
0.42836056178247
0.44573302086333
0.47350099709633
0.45788755239504
0.46941078944987
0.32528155600698
0.37009401419702
0.32208794809682
0.30826978456285
0.25572597998007
0.24888025447477
0.36534346102809
0.33511133859691
0.3213805676795
0.37463388305331
0.33744054599184
0.33135723557861
0.32628211731912
0.30512066519509
0.27583216283481
0.28633478529597
0.37818123694259
0.42125491056512
0.40668204396954
0.44227660222554
0.28674018782506
0.27556751330903
0.24438871389414
0.26157075245821
0.25853579170102
0.24888052555184
0.24407263931893
0.25732558261049
0.25595781477253
0.25668936504319
0.26372187386075
0.27753524113334
0.30430748593021
0.25925352456141
0.27503602250484
0.30271012530242
0.30196422115949
0.32024821290042
0.26203335535167
0.24771417064977
0.31618812686329
0.33326112359255
0.36163450265268
0.30452525851755
0.30444772821367
0.34918493459015
0.379115514997
0.33009088450425
0.37013807608469
0.38143082401937
0.36296581532345
0.252854354087
0.2636986905982
0.95110154577107
0.71897511635744
0.69862098758621
0.53900320403823
0.64519556733933
0.54633102415778
0.54106324817342
0.52500664109442
0.51716299760553
0.53323240350645
0.54796338488973
0.56188004418367
0.52389354054757
0.82986856532471
0.24201996929385
0.57906371299143
0.44205737544684
0.45849752790593
0.59007263023452
0.45189357445509
0.51509816759915
0.50422379726884
0.51217095937869
0.53881899187221
0.50184226478862
0.4923920129011
0.54031787207384
0.54056109487022
0.51487406208919
0.46670840035488
0.52369267054479
0.39339431382485
0.36746685845481
0.39313681055324
0.38635176796516
0.34376576463458
0.33776989784937
0.36577904703301
0.33520214658114
0.30291367288666
0.30436147457962
0.2816638146204
0.2653957749805
0.25662862619525
0.25942826811658
0.27685213566567
0.25278116648253
0.31877443321229
0.31330420954377
0.30476714298586
0.264198323959
0.27377477167155
0.26205499658146
0.29171832497612
0.28055528241194
0.26892863160681
0.35638017452285
0.30238450118841
0.27888590372309
0.32087674405586
0.32668253863124
0.26916605463615
0.29263057291653
0.2618880087203
0.25125371462135
0.59739387100215
0.56762040358279
0.60858304391432
0.54632997584964
0.5825083991001
0.59104149106421
0.5491128168297
0.5929834164467
0.54932943070966
0.55870729265234
0.60906999140193
0.62503760092836
0.71916579762495
0.70540540600504
0.60270143903152
0.69417553824261
0.5835478228575
0.57537234569103
0.65655854667641
0.77929436194755
0.79087826710285
0.78921689277167
0.5753246705523
0.58390382731793
0.61525546164076
0.50335897460531
0.51801310429436
0.37946083610392
0.38243155579468
0.44304634446304
0.30668631661141
0.31396649663443
0.36492575570211
0.34414588106107
0.30586293089882
0.28220350312428
0.43168561870802
0.39345545445982
0.44315811157024
0.37874679788512
0.40100341432265
0.37510232965043
0.433939173445
0.55762885533339
0.48529610111808
0.40891968097369
0.42890222962173
0.49684448349832
0.40936387489238
0.42672125875998
0.38333168149761
0.40126960696068
0.32681364338074
0.35348085362212
0.33670442425127
0.2568448176109
0.30974057464825
0.30747438319454
0.31392046939966
0.2553643032867
0.28467750837045
0.32693789442786
0.47689085251319
0.439157591782
0.45319143729694
0.43871974121371
0.43634031487532
0.4640591789946
0.4518441679098
0.59167880494064
0.63222118063824
0.52036424465161
0.55716795625489
0.5667503356393
0.46928299655237
0.4921004734786
0.51772192884879
0.51611219605562
0.49606978780315
0.4891584033721
0.50159795443581
0.43773370277318
0.3692588308094
0.37771376490075
0.39347189712065
0.43202726627019
0.44535585694025
0.43372989257998
0.31121802944176
0.29996867489643
0.26561359193062
0.27216864634188
0.33886523641476
0.32969692790604
0.35863625778298
0.3718786904441
0.39645875564192
0.43047028547998
0.43942475518131
0.42818469102887
0.3879414905736
0.41695152336897
0.40346608165721
0.44472977217162
0.39786150755566
0.41714524309725
0.44487338943067
0.44155573250895
0.43629041818372
0.46025607076921
0.47066560700042
0.3245203410274
0.37164506966063
0.34359871669892
0.33254861408848
0.27963410124707
0.25428510038664
0.24310087267517
0.24240647712471
0.34302837757237
0.31587132290343
0.30588403645585
0.34996752005599
0.33282162838306
0.31826907459386
0.29882077619869
0.28209730177416
0.26768203284547
0.27524347871258
0.36300243697656
0.38748426345525
0.40117722564897
0.27247562034401
0.26629543495482
0.25081621515892
0.2470517383478
0.23996964071186
0.23728847907078
0.2435297071882
0.24114614974645
0.24878155800513
0.246214203657
0.26145708612477
0.27979776541504
0.24893206640593
0.25506003605308
0.29623045026385
0.29845730864822
0.25614513794948
0.24552227929515
0.24464357581913
0.30856268154242
0.30088826562289
0.33483187439212
0.31847671213101
0.35765288644586
0.28587429465948
0.27767146226512
0.33736594192623
0.34116979616885
0.35480221034998
0.3946781809752
0.32241428166273
0.32360215499908
0.37799653182337
0.33949995423843
0.39035271922933
0.24598876797149
0.24813517726148
0.65361019001019
0.4978797107565
0.49318993653174
0.54704529910104
0.48819992709605
0.53561069580049
0.50151912116353
0.4889077800222
0.48832873211137
0.51711703286142
0.48135137840341
0.49467657256846
0.4723660604718
0.73149214533739
0.24585260885199
0.56025814612217
0.58264999835661
0.44236421420366
0.48696717387813
0.50958253341173
0.49617412938238
0.46215227011463
0.50114197113821
0.54274780281295
0.50425549533
0.48055965787042
0.49421636931637
0.53035931155201
0.34039929640737
0.37406742362178
0.34273498324619
0.33220731436622
0.33640771189473
0.283452798754
0.31491306712096
0.28680541544855
0.25102423875122
0.24649238683096
0.26497040301375
0.24951776603063
0.30958070664298
0.28339275474277
0.25335009934582
0.26131701827672
0.26869750958372
0.25212793381349
0.28435725054825
0.29938783399798
0.26534934345453
0.31154883192851
0.30545798155485
0.26743994659539
0.26173092418239
0.26794968489656
0.2504246313339
0.24274843301215
0.56343578493555
0.59886611157131
0.5802536848489
0.51334398554902
0.53640472043029
0.55365977931285
0.55857392211918
0.52365294041301
0.57987156799898
0.62185570157663
0.55916608588188
0.61440681767297
0.55091936168195
0.65184655103713
0.5935549598355
0.72243965705891
0.52833146901246
0.458926908644
0.38549480146942
0.35257313847469
0.34598245336115
0.35684855607271
0.27419729133628
0.27916225194286
0.30289640719263
0.34435243323114
0.32023737826083
0.2985279274943
0.28326972514707
0.42082507249639
0.35723810458111
0.42980755262171
0.41407663317889
0.36006552949961
0.36453101884265
0.35455109264355
0.53713848241709
0.49018949375444
0.44665241218536
0.38637453631852
0.4516170784274
0.3941944045321
0.47703561762727
0.38351516693947
0.39435155551328
0.36585175263628
0.37703805616028
0.30830462364874
0.3141138901848
0.32753466804413
0.32609739278844
0.25858090228314
0.28683293084436
0.30172744829007
0.24750284281038
0.26127821120713
0.32309715294424
0.41542493029917
0.44078121267027
0.41646844826179
0.4320984068494
0.40037816430877
0.40167982651304
0.45795068944796
0.5341775822448
0.56212914420978
0.42147473386176
0.46881960867693
0.5080336052996
0.40475599244135
0.49057403973915
0.48746975028248
0.45632432733558
0.44485779920695
0.4529644403474
0.355207244978
0.36117934407266
0.40340882311431
0.41451592482756
0.28993589184542
0.26364381598533
0.25797931810562
0.26952642056652
0.28925213733908
0.32581579497723
0.34034764153569
0.33554471421982
0.34795660670899
0.40022121039156
0.36982560868873
0.4079627977053
0.41572227215403
0.41754140115766
0.36518282709518
0.38290961854316
0.37297634274365
0.4147742985612
0.38485967593945
0.41327354615362
0.41985193929428
0.44467448798565
0.41399945660222
0.41499563454262
0.42462025941333
0.45131779557043
0.31739596217669
0.35160612500436
0.33863942185588
0.32855234937672
0.26867390643102
0.23919353124297
0.2352394298111
0.23651531669486
0.34078287720491
0.31990399548308
0.29603385264067
0.31303285026699
0.28631733880276
0.32897485586516
0.30062145236139
0.32079350513495
0.29070192725925
0.26731349797708
0.25144612690536
0.2653754332343
0.26544876271508
0.36126599686529
0.3437742336177
0.3836417911782
0.26327592027818
0.24666295114201
0.24144801596895
0.23954749184782
0.23388460098209
0.22780463903303
0.2356919493133
0.23443339189763
0.23845172874251
0.23109316183996
0.2467948915624
0.25787892434016
0.28072099456657
0.24404202695035
0.26615291440553
0.31106749320561
0.27943239351048
0.24572386482315
0.24821402212009
0.25113181740048
0.33014179259782
0.28471688034064
0.27283137941168
0.31969319334181
0.30753923772348
0.28722860592035
0.2664618144344
0.33082052845374
0.32960941527065
0.34580608030825
0.36027216687505
0.30555456754554
0.30248332705815
0.38357890776608
0.39091878843028
0.34241612438145
0.37039701412227
0.25102698026382
0.23163503920637
0.55925565775394
0.4206360525534
0.4094776149066
0.42184931391137
0.47772034050244
0.49739212855538
0.51068073035733
0.47608099950124
0.43672965054749
0.42250490616451
0.42869265576076
0.42832943461262
0.49295621203819
0.40722575122499
0.42114594689821
0.40920593128801
0.23504733338792
0.53185009371938
0.5464398384302
0.42083108743725
0.42417807878761
0.46797973980781
0.4763696985493
0.473570424323
0.43040110164607
0.48002638207999
0.50573361649327
0.46484405433904
0.45703374527546
0.47694974992429
0.47383488433785
0.51750739674017
0.33069682653946
0.36757731768582
0.3332281847117
0.3208491986499
0.28357096177714
0.2787762079201
0.30707657122638
0.28435784227349
0.24489176487408
0.25500792181176
0.24045622748156
0.26106110203895
0.24244067639535
0.29190543276601
0.2698202758185
0.24436523838405
0.24796449229394
0.24497821758408
0.27362286329495
0.28099952001266
0.25203844213277
0.29871833789249
0.28572049139511
0.29981800160016
0.24705600588284
0.25046244064661
0.24215697550074
0.25727601405831
0.26063182604561
0.24509337103397
0.52866930502546
0.56681441962885
0.54072810062724
0.46992259097585
0.49972054286595
0.48043038909475
0.47414606189766
0.5164482110808
0.49079007553583
0.52705243657609
0.53486496133643
0.49192232830817
0.54302052024156
0.56111650100342
0.53596534202907
0.50646861602309
0.41980623311035
0.43784318219641
0.35831022063734
0.33713320497786
0.33081899468463
0.32374595578584
0.34323055530367
0.27421501371695
0.28044525303903
0.29008644104678
0.30017825818277
0.30591596200507
0.25854780855902
0.37308208977096
0.34697813272401
0.40244699305948
0.34048899360694
0.34910410601927
0.35175956459969
0.45590538676069
0.42028648854029
0.38276316059569
0.35397767546913
0.44904550883802
0.43102596964247
0.36028555566234
0.40812189958046
0.45818740893237
0.36212687846108
0.37596912288472
0.33434620634957
0.37511013772227
0.28724397270554
0.31657365981863
0.28856828871442
0.30815354263013
0.24800068733563
0.24793720371502
0.27817886649083
0.27774051280249
0.30235614765215
0.24303565879566
0.2474864909862
0.25866948852744
0.30527158881738
0.38111276224285
0.41984210971189
0.41480989065776
0.36173924300093
0.37365188267912
0.36686343451963
0.39933387033211
0.36874385524131
0.39640402359352
0.42711148571828
0.50331168946643
0.459075666012
0.42183699907372
0.38934159111077
0.46069627968917
0.3710407797812
0.44808382802012
0.44875791945828
0.42752979768495
0.43903172469122
0.41973346102289
0.36809334686815
0.38590508022203
0.26615996129067
0.3014343002548
0.25481934660553
0.26495286764838
0.25249372043092
0.2886929397436
0.26484617445112
0.26733559935311
0.34755532842068
0.31071875168206
0.28112775180372
0.35448761958404
0.36918467243955
0.36071289708471
0.37917972252603
0.38317165120951
0.39143109266325
0.3629280686202
0.35678987996726
0.34975313538625
0.38412600309787
0.40869732532904
0.41511445669361
0.41786383390788
0.39124528709428
0.40551559115531
0.41339045618438
0.45632997404144
0.29975825183632
0.34366125602017
0.31110974846281
0.25600568432445
0.2261476509326
0.2251127573164
0.22539788773176
0.31875193458605
0.34065371312035
0.31389531758357
0.29960064582279
0.27595498086211
0.30041397307639
0.28215469575989
0.3074973203034
0.27629819154587
0.29843231746999
0.26797079295891
0.29218630944209
0.26964895613794
0.24923672272686
0.23605278851213
0.24636198934397
0.24359542607743
0.33506914668164
0.32831571274717
0.24892706806777
0.23351374375544
0.24345276171256
0.23542469355351
0.22560819258902
0.22216120511801
0.2242232474041
0.22176192792071
0.22599218931373
0.22501497656336
0.21639830342828
0.23069091846555
0.24128269897659
0.26766552247107
0.26330037375839
0.29323625705471
0.27910568912371
0.26379298230034
0.23259829733634
0.25732838206331
0.23866399875419
0.24334689834326
0.3113200889563
0.2732013896119
0.28980914362908
0.28114745925605
0.26757985348451
0.27719851870379
0.28300183573472
0.30483248169631
0.31966242787144
0.3163362203619
0.35743588159859
0.36182733696543
0.33837332703703
0.33641045215523
0.34900275586835
0.22847808769257
0.22475537627237
0.51239587191738
0.39233375778545
0.3543207833743
0.40467588086189
0.4280091155672
0.45302333131981
0.45941256683692
0.44831691333547
0.43790514894817
0.35615436451115
0.42668304715344
0.35861290218429
0.40103656788122
0.38726282265522
0.23357849783305
0.23539358306254
0.52072243786828
0.53967570001548
0.42448195909126
0.38939772048809
0.39361126719843
0.45673321401982
0.48309534871428
0.44452252511616
0.39870930487752
0.45563107470575
0.43274407655407
0.4521717205158
0.4797481143405
0.43637353367325
0.45214824619463
0.5038735088591
0.32822273364625
0.33964095692666
0.31277537050538
0.29917109173062
0.26544913270549
0.27978449571134
0.27172462307114
0.26716920532868
0.23771058265644
0.23661624540457
0.23505729417837
0.23510190622834
0.24517538852737
0.23554905528199
0.28549244544397
0.2435681432892
0.24641153711087
0.25177219613996
0.26842269740589
0.27374329741371
0.27216705817614
0.26566014047397
0.27723065087061
0.3172060170933
0.23686869340603
0.24756192895589
0.25261973922087
0.24667168310782
0.23679853619002
0.50908391390125
0.42678946203684
0.45701130160499
0.45432414328591
0.44905300876248
0.42784792248297
0.46308469004066
0.46893034043247
0.51222974856455
0.43071966553113
0.46206514639201
0.49472136367439
0.46169889596339
0.36150180515082
0.38106124446748
0.35030581609846
0.32892351578555
0.30697276540652
0.29424056689735
0.31867227415531
0.32948456645434
0.27977342588991
0.25331924580395
0.25412841576024
0.26443573340012
0.2834263168284
0.28667150743789
0.35482442403214
0.3262762396237
0.39946089845906
0.31519673001633
0.35166356286166
0.32685612133916
0.32571600322786
0.42616054468172
0.40093895534224
0.35439669018625
0.33793140140304
0.41668928097787
0.42266409820889
0.34801977130249
0.38704586880664
0.46818302188592
0.33222837278029
0.35594298725903
0.34756286925469
0.36995352052929
0.27026106381471
0.28629454095957
0.27374831719344
0.28541191749917
0.24043658268306
0.2539725289897
0.27707751954435
0.24836340272082
0.25172377256822
0.28849643487429
0.37770065346336
0.36970981278967
0.39579749614334
0.41946013177061
0.33141523112147
0.32476542381512
0.36062192817664
0.33199423837386
0.35843948609452
0.40427036853318
0.42072163500815
0.3903024231305
0.40387294692546
0.38915131449814
0.3247959248199
0.41153277428545
0.42037511478767
0.38888512766626
0.34918457543764
0.35745017202618
0.26462563887477
0.29570989757341
0.2966300686835
0.25567983284122
0.27736622042759
0.24789869389996
0.2401523607978
0.2696403547932
0.25843366432217
0.31585742960795
0.28554764730737
0.33458322955577
0.35216006677489
0.34745485010377
0.35737767913009
0.37291930675293
0.36370271279402
0.36702677753014
0.35444669682388
0.33639899007451
0.36443403706752
0.38842987686069
0.394793145777
0.3695311943446
0.38621364849559
0.39546988776641
0.40170806753092
0.42296235857981
0.29816875705021
0.32937440502608
0.23883024087315
0.2155919538952
0.30531333173301
0.32137777344348
0.29788665859257
0.28201242814576
0.26364884422381
0.29828165627411
0.27938415496171
0.26542373912407
0.30853402964916
0.25010706372299
0.27405030398795
0.25552068731343
0.23495375304462
0.23416443603225
0.24395809277084
0.23645984845457
0.23611889661975
0.32665383614734
0.32163183973164
0.23764162853647
0.22744738190845
0.22833079245939
0.23364452251047
0.22265786668777
0.21732560467687
0.20622682106679
0.21097185447241
0.20383582655405
0.20893401629641
0.22455394315602
0.21033033214043
0.21103334681609
0.1991693461285
0.22515338221919
0.22120420102741
0.23538436966185
0.25892185314398
0.2623626160133
0.27726827324855
0.25242227824182
0.22348079731497
0.22841574570673
0.24129958124348
0.23541064063798
0.23862876072433
0.31683095033476
0.25639899172455
0.29131859885294
0.26322583318865
0.28171198568013
0.24708082712105
0.26330017936444
0.2685049114761
0.32011026465656
0.29478543500982
0.33791848257239
0.36033510607636
0.36870104609026
0.33286936547428
0.32053523068418
0.34301979885175
0.22631855494317
0.21796816672578
0.37766903295202
0.32041630833629
0.31970753467656
0.31446324023624
0.40839910874314
0.46315796590604
0.40243851061296
0.40996019052847
0.30960005985674
0.3235472151901
0.34443735746488
0.2307321381648
0.22125958137009
0.50780479890962
0.40041479157462
0.38502823836337
0.46954534170101
0.41217532140519
0.38599841068928
0.38321171051618
0.39879604532781
0.44462301351818
0.41678724525946
0.46807724007766
0.42544957949024
0.44970268377474
0.30260673743465
0.32568433851209
0.29799876759928
0.2932805074464
0.28572538843374
0.2622680813361
0.27456327628077
0.26995802175936
0.25678164213172
0.24697522852554
0.22773406604854
0.23877350531321
0.2280923184921
0.22152142981996
0.22371495145375
0.23876516372386
0.22394155551183
0.23519762484787
0.23690070829829
0.2402446196692
0.24650252806321
0.25668667161986
0.25992007233303
0.25979621846188
0.26374728210534
0.27579756642651
0.30281872959603
0.22500395687873
0.2299616651985
0.22818669206432
0.249533388422
0.2348167961333
0.23249243659133
0.22560307567909
0.49014515626544
0.41128490806751
0.40075521716043
0.42060476301806
0.3991902913352
0.43869837234992
0.38800835124331
0.39800286370163
0.40877832954927
0.38721271504875
0.35857664757588
0.33087854584324
0.32271584285612
0.30830474711044
0.29192211355946
0.26782744251762
0.27757087380947
0.28500888370596
0.25416493561522
0.24254845427891
0.24421079450034
0.26681942959469
0.25925327216247
0.28144564255713
0.33563727178415
0.30399825277036
0.29772713257573
0.33182606836502
0.30448930747813
0.30764489772949
0.37873489795834
0.35200441115514
0.34911120990337
0.33843652871966
0.32238945919322
0.38148771746904
0.43869012425069
0.39880354689802
0.32382732430755
0.3583852808301
0.37538687349092
0.3106485194123
0.32302813410046
0.3653416745648
0.35156846613102
0.31663837068442
0.2532512088833
0.2612828972528
0.28503701874197
0.26620654887218
0.27660747365912
0.2345429568409
0.24161007241509
0.2680470671779
0.23533864005594
0.26010200843025
0.24221762108162
0.28063181787528
0.3561154511493
0.34753469904825
0.38105353175063
0.39066095984412
0.31500618885721
0.3087229952212
0.33664042751078
0.3046251501469
0.32914918228019
0.36926767218997
0.33569366034012
0.40811399018027
0.3493506549166
0.32455696016542
0.37038470387228
0.3970978805064
0.35835505066835
0.3328802278285
0.24826406562659
0.28248604971854
0.27741653049861
0.24417637562273
0.25684288595815
0.24044031829164
0.23986788960693
0.26930346180641
0.24686896176141
0.30420395725037
0.28620893615237
0.3206204690913
0.33617772503067
0.32354720352585
0.35099406855793
0.3599972381012
0.34763886369375
0.33162651787015
0.3145854488226
0.36045552692039
0.38343822647811
0.36287442312205
0.35267071920245
0.37804632585795
0.38322582268766
0.37999687884088
0.30063643761409
0.23371133266648
0.20165460177202
0.30724303682083
0.29127824436454
0.28483753004795
0.26676856491908
0.29397953685299
0.26763950627007
0.27355350418111
0.25845398938183
0.30124328205654
0.25142895655701
0.23980518768274
0.24224492579497
0.25926919961807
0.23360416638791
0.22328868903545
0.23663562898156
0.23225181610272
0.22316035485648
0.22865503480931
0.22265216108314
0.31897105755334
0.21229240127997
0.21264749059465
0.22301441384487
0.22219690141301
0.20946816251585
0.20569889455068
0.19615347823408
0.2024589880985
0.19548174867151
0.19283073513994
0.2047420948033
0.20327210513094
0.20102997778183
0.19070670933517
0.21483482175754
0.18458230923917
0.21890755974666
0.21825436843503
0.23450740119123
0.24228962772077
0.25462572339623
0.25616170651039
0.2571632694415
0.2657032868488
0.24447156077391
0.23897956004679
0.21547924188206
0.21487886930918
0.22523900942843
0.22842510972128
0.23680428592153
0.23654155169116
0.24725999035824
0.28920897248415
0.28080579937512
0.25747510341391
0.27460800935663
0.2344265388416
0.26444909557342
0.24255862219023
0.27091396178148
0.29800110262517
0.29521377916977
0.33834938317048
0.35765742451319
0.35047747781917
0.33684010814653
0.30874676589101
0.30683773019759
0.33770775994872
0.32760581032139
0.2151833642253
0.20299671005235
0.33823220630842
0.35124905429995
0.28323025016847
0.30748895653692
0.32360937837733
0.29490891906129
0.36482273716159
0.36376522535348
0.38257766000742
0.37137606247549
0.32293854302028
0.3258655923204
0.29237053994287
0.21886680630044
0.21386623880693
0.38229421395022
0.36014369779354
0.39351398013745
0.41455056455048
0.36255866681764
0.35841617636266
0.37839928281159
0.41701205407604
0.39949680088087
0.42298320368078
0.29970335848115
0.30794516959459
0.29029736412105
0.28488185014965
0.27446455144407
0.26147253184915
0.25070052119102
0.2603314695779
0.25133456254433
0.24086988489218
0.2128563187572
0.22334487212084
0.22867495767154
0.21130371360915
0.21057843930924
0.20825889433142
0.22661986428762
0.21273053172856
0.23515806799161
0.22424667589437
0.24054570774093
0.25693470560443
0.24006285424988
0.25484599523105
0.27622208091556
0.27336389568998
0.29947859965283
0.21288111360982
0.21712545180499
0.21831257564438
0.23228801870809
0.2229340490979
0.22333836230066
0.23628935756142
0.22672819479514
0.21615120318002
0.3738339455735
0.36805133650564
0.35238106232266
0.32078326469033
0.34890634563129
0.33386955619326
0.30347153898033
0.29019331768045
0.29378446544188
0.29142448433781
0.28088841946038
0.26335386894188
0.27127897077809
0.27112216745409
0.24025466715756
0.25419500111119
0.25251280658333
0.27953049256979
0.26091600797808
0.30492190913077
0.29864872059289
0.29190234819908
0.28403790058724
0.31152627050241
0.3322560817255
0.29441619628413
0.29790265133742
0.33352453705209
0.34339128384689
0.34402271172102
0.32403031689009
0.36263318152403
0.39833709135252
0.33503773850221
0.30228991958749
0.38187480567952
0.34330542897564
0.30796003089074
0.32581642132841
0.30712114122833
0.3029896719686
0.23839464183214
0.24231547432536
0.26740883503424
0.27915615780634
0.26161650252881
0.26741468832301
0.23399237641151
0.22965168369001
0.26313589584372
0.23579778080632
0.23126427706551
0.24687416343499
0.3578541117422
0.34109556039629
0.3292370079417
0.30292333544748
0.30713417846229
0.33066238144105
0.27966984659298
0.29088430451806
0.30902525778765
0.31340823723431
0.33521549252565
0.35052158197772
0.33173942496882
0.3714883234047
0.3124660952792
0.30906786349668
0.34809537947706
0.36468137144813
0.34173511902203
0.34640988157528
0.30371305834844
0.32919709042806
0.25206522351454
0.28126438007832
0.27115425810938
0.25372761569767
0.27682936324761
0.24452439514777
0.24879340312965
0.24367171602513
0.25232771123714
0.24303584588558
0.25948426978014
0.31661766455161
0.31790569069654
0.31015913201449
0.32895842926454
0.33257946568495
0.32773362652072
0.31286571415567
0.29671586739982
0.34138338169189
0.33366328293643
0.34823385546414
0.35870306797763
0.35761351499306
0.28589595660519
0.2192649709903
0.23398390147236
0.18273320954171
0.29707910921511
0.2925645373484
0.26729019910549
0.24749243576107
0.27739737112007
0.25779586568145
0.25610943192345
0.24502870414185
0.28354486285315
0.22638369976681
0.23571844757059
0.23291729490326
0.24355472967536
0.26200972823659
0.22502462506639
0.20304420694878
0.22316874717798
0.22203269833299
0.2348529764629
0.20562237915395
0.20691229054608
0.20351428793719
0.29434119428153
0.19875464020787
0.2073626776192
0.21352391422611
0.19754791753947
0.18138028056031
0.19033339398595
0.18265220237792
0.1829242946696
0.18673605640349
0.18396811828522
0.19581091688127
0.18036893579495
0.17840493212322
0.19302322935402
0.17610579484568
0.17183651575315
0.20596345314255
0.2225782899005
0.20337895771511
0.2252741067959
0.23979511120051
0.25542553001001
0.24110863542168
0.24746194062739
0.24421280104592
0.23029178011063
0.23066112159737
0.19765151129277
0.19850747766134
0.22020012995773
0.21279800025079
0.22320986867808
0.23157652399287
0.22323671621896
0.22583495297877
0.28053497624976
0.27695801078727
0.24493353756725
0.25736818279845
0.26161189086094
0.22158440297144
0.24729886929155
0.23351450258184
0.28500280680388
0.31083411908463
0.33872620698508
0.34845216203257
0.33578992354938
0.31055755607753
0.30009143648256
0.29847278605349
0.31235668844908
0.31019394315537
0.19994422430183
0.18207130480567
0.34628579207905
0.33082583199347
0.33648795857995
0.2622838900934
0.30113081343279
0.27864983386596
0.27864535596608
0.35302908811784
0.34074925549074
0.34066434933262
0.31164139428922
0.27842975564713
0.28161750757976
0.21648024639609
0.20806036302319
0.35571197114185
0.38405901637408
0.34391792547448
0.3610613498626
0.33883339275503
0.39085938625431
0.3507989033523
0.35559901959676
0.29874778060942
0.26676951408686
0.25240699366797
0.2489736811014
0.23940382096853
0.24694766869304
0.23830105947774
0.19609866225334
0.20888447071352
0.21671647538701
0.22726833272215
0.20991839060052
0.1983262066325
0.19844700079808
0.20479070735751
0.21313215688582
0.2243767650776
0.21631964438871
0.23161833198081
0.23585605213112
0.23127087005435
0.26806570892089
0.23609862317849
0.26649441611985
0.26099851380488
0.21432904256826
0.19695144929747
0.21508778847503
0.19948894927985
0.21828656636579
0.2030581275983
0.21180370187786
0.2106960179708
0.2377470151479
0.23045316668391
0.21087799411945
0.20663107498102
0.37218448393557
0.35231180216006
0.33471783531023
0.3287455503715
0.32451508867084
0.30305272931306
0.28314742042245
0.29179966061618
0.28069033356411
0.28228797510215
0.26133912044807
0.2624266370579
0.25102041230263
0.2554427563874
0.2452088623811
0.24454290458163
0.2419639970727
0.25778642628928
0.29001056074982
0.2857238675715
0.27749816379698
0.28019291589463
0.30313618717241
0.31278219827196
0.28318635821265
0.27674607435665
0.29447186361323
0.3175907162155
0.32172060646673
0.31789713798953
0.30049122633192
0.3500334161014
0.37472177396388
0.32193490533711
0.28486849579479
0.36542321861244
0.32812323581573
0.29802135585877
0.31631168143795
0.28600552453472
0.28345615424609
0.23699616880858
0.2555901836817
0.26236097011423
0.24630850434858
0.25181207827903
0.22318684185592
0.21979773437173
0.25297707079845
0.22385879210621
0.2220959515682
0.22316333913084
0.24523539704537
0.31703289572096
0.31148168194127
0.32208006517709
0.26063831747609
0.30226236477902
0.28976698506505
0.3224576989886
0.26140529492253
0.26624179545252
0.30274219521991
0.28014669904142
0.29006033010315
0.30944586366749
0.32187868945986
0.331797646771
0.29743779634656
0.30279249955145
0.31968213663617
0.32753766943624
0.28821138110873
0.30266570089101
0.27031137639024
0.25147381391673
0.24987650645137
0.27713620243334
0.25967042747244
0.24090279343999
0.23830084636939
0.25608082244204
0.24989000918634
0.31170217624162
0.30442783539859
0.32505521331898
0.31100989978986
0.27817003361005
0.31294202436581
0.33658443016812
0.34020606051097
0.34283918436435
0.20208684049699
0.22359722714232
0.17202739606864
0.17690891461747
0.28121349959552
0.27287541279856
0.24930847540937
0.23428394998498
0.2707721400354
0.2718933163464
0.24534774239574
0.24008621351725
0.25715435939777
0.29259896757001
0.22853352818946
0.22114856058471
0.2188606091004
0.23613376312822
0.24708545676822
0.20682848240851
0.19828889981883
0.20508629570647
0.22582865128711
0.20989616404026
0.22317885704041
0.19490680628031
0.19555819813325
0.19997518578356
0.19231098687347
0.19339946252285
0.19022757344873
0.20145178125397
0.20092684552065
0.18191572725775
0.16303834087771
0.17745107298096
0.16062918349473
0.16689115370987
0.1730736320481
0.1808385923928
0.1879664780105
0.18758469102035
0.16065911806784
0.17116929116951
0.19039646047534
0.19144660531889
0.15809957411713
0.15703462940408
0.16883220458693
0.20772777397076
0.19823906857522
0.20597936770849
0.227985972266
0.23423811855554
0.24467737946005
0.2265154310796
0.23655136765878
0.23900958985072
0.21663519641641
0.22032890792001
0.22177032203691
0.18179953978117
0.19461781228953
0.18274187289584
0.20454551575225
0.2076935214386
0.21200183632424
0.22750493568387
0.22114441656341
0.22754475888062
0.20651394506933
0.22617519210925
0.20956708021739
0.22908900536589
0.26013523852976
0.26093327763005
0.28471183657019
0.2482271190831
0.23690467535628
0.24081791934796
0.2637261412753
0.2485293890266
0.2043968098487
0.24686095739329
0.2399679980516
0.22373147637677
0.28639009046072
0.33247347768604
0.30706077632007
0.30738372733758
0.28792175273497
0.30287317332742
0.1871794726859
0.17629322667061
0.33666385775865
0.33024064695389
0.29916634280504
0.30966105917855
0.25828622110388
0.26450621945862
0.2655195838096
0.26891714968132
0.26154321170241
0.28068131931774
0.32585766608818
0.29580750947936
0.313310753157
0.31381676484818
0.28959258082715
0.27729610157083
0.20331258087565
0.18393280453813
0.34776428993911
0.35781047589066
0.32963718740859
0.32874449007276
0.35258158930716
0.33622956663217
0.349073295997
0.28467454235997
0.26210718171273
0.23037953048022
0.23902950222738
0.1920741641413
0.18854983636328
0.18708832443409
0.20603135576731
0.20655665581471
0.20486020650319
0.19504221073765
0.18899158551685
0.19335528200035
0.17985959417483
0.18795300611665
0.20982903660186
0.20587937507041
0.21529945778992
0.22934717996755
0.2153749111829
0.21718039171683
0.24979605777884
0.23253755492185
0.25517792227936
0.24996673851595
0.27015572304719
0.19099074562578
0.17637707017448
0.20063823977754
0.21777597700611
0.1886516778369
0.20862955225535
0.21922258743942
0.19797059219409
0.1966916886412
0.21536262088665
0.19316656722614
0.23406159993302
0.22704509671773
0.22204716143495
0.19372007168221
0.34809848706689
0.32062728779674
0.31222565551202
0.2825083558552
0.2816805428033
0.26884033946406
0.28095631956331
0.27226114721966
0.25976969754049
0.25958213576141
0.24886076420546
0.25079832731664
0.24005599324534
0.25536583509641
0.23525706082478
0.23584478291151
0.27032587426048
0.27192825599251
0.25992088021389
0.25749059427069
0.28505334178774
0.29348050839699
0.26611586794594
0.26291612848161
0.27342366972559
0.29720673269158
0.31293593466325
0.32446068275609
0.30127306339006
0.32807307761745
0.36020940582325
0.29304337009089
0.27020470275118
0.34234331266138
0.28004176827669
0.31483733204813
0.29209925235943
0.27210516603398
0.27702005451329
0.22091066114535
0.22182411252946
0.23855567088894
0.24828807080449
0.24309882361592
0.2092409626605
0.20452911325016
0.23254265075881
0.20752523102682
0.20550228302895
0.29726027582663
0.28921046750682
0.30164564637019
0.26019572098392
0.27913784825854
0.26699362344623
0.29823698860397
0.25696314509691
0.28070415525714
0.26598480538266
0.27898080026238
0.27020344268368
0.30746072865951
0.29626583003563
0.30228356293824
0.29012310813597
0.26362694674884
0.29961624621236
0.31779692306537
0.32155058237793
0.30440301536316
0.26872446960839
0.2897747810572
0.2935469920245
0.24852127320839
0.24233198504445
0.23958997066786
0.25814062026552
0.24613111740893
0.23579106088627
0.23322540040443
0.24595277806514
0.24495123650206
0.29203361813324
0.28527091577243
0.30007336298702
0.30390950949488
0.29572614176078
0.32775958223136
0.32768232751432
0.34371624465972
0.20208710763137
0.20726651086875
0.15378426790615
0.16019223195894
0.26673275966611
0.26506654350506
0.23992991123057
0.26604750163885
0.23040813701486
0.24539723930338
0.2320944136615
0.24479911132778
0.21257738386894
0.20724954637489
0.22443442123989
0.22137288258052
0.20585434685776
0.24007489314189
0.2525067720067
0.18264540001708
0.19148421990258
0.1989679497375
0.19753002646972
0.22395274464707
0.20778438170439
0.21065896005796
0.18971951204138
0.18851848865223
0.18979756606454
0.18983766945887
0.19122241693822
0.1858962391555
0.17357816711658
0.19449202896649
0.1854841868403
0.16309698207281
0.15338030731858
0.17092200835056
0.1484725528207
0.15363512593819
0.16718855665991
0.1717374184655
0.17666228304525
0.15597475234266
0.17803186162345
0.18687835662423
0.17628466963712
0.13603267888513
0.13948586514158
0.14807812487803
0.15465235852073
0.20591079616771
0.2000900116574
0.18656033362153
0.21532332208357
0.22788290107906
0.20863056396035
0.21780095756183
0.22538767594821
0.2082124214061
0.17211714546721
0.17998320851957
0.20219357179328
0.20075787256623
0.21258070232447
0.22590061575118
0.21827020665679
0.22031478805644
0.19831132103946
0.1986457308264
0.22429538129582
0.2084201504841
0.20714206917899
0.20151986199622
0.20382704135092
0.22170606122121
0.24952621870576
0.2640996380396
0.26244202913753
0.27273400152576
0.23699252877249
0.23329860688454
0.21842560591119
0.23751614850678
0.25089218468888
0.26694265530216
0.25405101473605
0.23522693704851
0.19713344506307
0.23817803466554
0.23953561389369
0.210195982244
0.30278445985085
0.18013784356508
0.16944778899836
0.15248173530353
0.30731521646715
0.30075681612447
0.27832137037302
0.28749616821894
0.3068050369313
0.26107523975326
0.25626216367926
0.26167487735623
0.25110196129563
0.25949347549247
0.26714415698028
0.30866073136147
0.29137884973454
0.30178813001907
0.26988699875602
0.2559613090728
0.28109154400671
0.17509177119996
0.31076019859155
0.32987786159043
0.31624658393845
0.31931642186008
0.28048670955176
0.24725970764878
0.25727636540675
0.22461204062004
0.18576525564736
0.16533508298668
0.16498314792085
0.2017153666227
0.20219144508233
0.18939427142398
0.19005348444375
0.17277196981399
0.17236108661494
0.16750620612525
0.17700122707534
0.19401947191093
0.18379589721692
0.20243932010275
0.22084975900505
0.21371796896528
0.20211315420943
0.19905945357735
0.24976220651029
0.23428847850822
0.24099276160474
0.25478846480053
0.23646477683566
0.26250607632691
0.17127645848914
0.17268694211828
0.1890706423716
0.19723194640626
0.20515349483206
0.18567602710167
0.20837105269897
0.19649687296318
0.18291303481137
0.2052174899751
0.17742978977395
0.18812320502787
0.22303026952462
0.22818022711629
0.21063935394408
0.18013276565781
0.32782934916921
0.29758716159833
0.28701141665324
0.24959140449593
0.26319057206311
0.25750539947766
0.24769395226036
0.25480349445995
0.24192839837189
0.24525458349531
0.22229756368077
0.2244191455357
0.25842749936003
0.27660756464094
0.25311983136459
0.25434741588965
0.24884429903517
0.26981928240368
0.28320865200168
0.261656257821
0.28479155099573
0.28599822734517
0.31702085345281
0.32264066440771
0.30541715924876
0.28877923724659
0.33128048631821
0.28928038965691
0.24574820381479
0.27112709524311
0.26143420055988
0.27377520381886
0.29167245367919
0.27950791686876
0.25925066959122
0.26811161767179
0.20507189647486
0.21855146631175
0.22757363805597
0.22959095525262
0.23199019268584
0.2417871630815
0.19660081443117
0.19535702198597
0.19681761092391
0.29129731980183
0.28703613783494
0.2530447796233
0.26882792611162
0.27861378326997
0.24364813729029
0.26288065413278
0.26936187852817
0.2806000461442
0.25443664977606
0.27086053024634
0.26736457229279
0.27783528538694
0.26246109655849
0.25778551049643
0.28818133825814
0.28615130701232
0.29476667248849
0.31882722205654
0.30128072766633
0.26954249081011
0.25097399990357
0.28184330260894
0.24235672770384
0.23567571361266
0.23421338128134
0.2367872739668
0.24814956034822
0.2492421506468
0.23010039075173
0.24732428589485
0.27769709402021
0.28159241499753
0.28861709253061
0.27777389584314
0.3047363302468
0.30892122774669
0.19362141429619
0.20198662277002
0.13454930999011
0.14534880270455
0.26244300618949
0.21904515632549
0.23420923808387
0.21844133877365
0.23722393455045
0.20336437310869
0.20051381350767
0.21737469470294
0.23347792809932
0.24804425440823
0.1676444472554
0.17748865399116
0.19104584039079
0.21112067590857
0.20425541037459
0.17300928436065
0.1718680595524
0.17477957662944
0.18114533832801
0.1725232839463
0.17128780673749
0.16408742040222
0.18641133566103
0.17505428306462
0.15642236828171
0.14098031812901
0.15342469460374
0.16508007082243
0.127022540817
0.1538130256315
0.15893661361451
0.16494217110725
0.16502592447066
0.15451518953334
0.14617571293708
0.16547905644872
0.16906553174094
0.16298596644434
0.12754212154676
0.14267568704497
0.13219598911213
0.14838109032115
0.19621867012323
0.1850130045239
0.17752167475121
0.20898587979507
0.21445466771068
0.20262301980727
0.20011214114732
0.21670014833482
0.20367140669493
0.14897898797846
0.16296110564862
0.18801130392305
0.1834375093232
0.19434805835367
0.20838313310154
0.19297984515455
0.20901456985132
0.18012519568641
0.18388979115175
0.23222518275681
0.20651884830216
0.20603962406132
0.20778943815179
0.18182260233894
0.19140761095522
0.19658773490956
0.24988187102318
0.25531574434541
0.25098818286727
0.22292811102055
0.21775023126624
0.22008466296431
0.21242428737487
0.24175965599346
0.25420894172661
0.24058005191459
0.22008938063947
0.22260814865219
0.2234819947735
0.29266384346622
0.18252363370135
0.16909574462565
0.14796983883772
0.14236846993023
0.29695226600095
0.31264932458997
0.29258085531864
0.26425238197764
0.26089266173715
0.25164855579249
0.2597876987857
0.25230592510047
0.2524802358991
0.25343379053256
0.25019195764687
0.27092657962658
0.27349422602164
0.26644570545904
0.24874714478655
0.25819208606876
0.15713133563182
0.31108728065336
0.31586411440302
0.26730379400194
0.23306116913472
0.24157691483286
0.22488960931915
0.21168558813625
0.1656976265088
0.15701628155509
0.15810103997578
0.1642045795698
0.19529921163086
0.1798958100949
0.17849623117129
0.16162410842334
0.15162666729153
0.16184139492063
0.18413409342113
0.17738341036334
0.18965665692554
0.22237753162831
0.20614651177815
0.1976110631271
0.19196456397569
0.19152172003537
0.23295220772491
0.24613733910148
0.22734974484657
0.22934256514198
0.25408672081594
0.23851762008255
0.22814960406974
0.24826963162355
0.16488785604867
0.16339826254798
0.1558932211058
0.16781964192277
0.18555333276065
0.1782123633179
0.19500560284656
0.20242979518013
0.19782297388016
0.18892696522077
0.17610464436865
0.20494905813633
0.18946272340145
0.17401122477596
0.19604327598319
0.17031734375744
0.16966679487482
0.21193246613989
0.22414332028825
0.21043756579283
0.20230530261029
0.29557790491509
0.28362876935271
0.26389620025476
0.2802872791103
0.25590904740603
0.25157222771655
0.24086823033914
0.24272705521379
0.23234604315224
0.23202991504489
0.2191102931083
0.22603182054622
0.2187753671989
0.24438858792277
0.24896691087441
0.26600020350427
0.24130025595763
0.24294304634983
0.23754166433759
0.25785004484664
0.2606952182913
0.24780336061369
0.26946468976867
0.27500581520169
0.29535572727642
0.30238948117097
0.27516256693068
0.27323345530204
0.22762474244948
0.24134526854401
0.25495511180419
0.26180208854448
0.27467247482802
0.26845269167107
0.24454575342112
0.24961396746372
0.27482131300122
0.20211732767631
0.20235773166647
0.21307314093249
0.2151693757266
0.22886724189244
0.18025154692685
0.17844411948822
0.19220891582903
0.18012846389517
0.27398703872725
0.25277286781602
0.24606423464981
0.25573064829526
0.23982399398627
0.25487832001356
0.25520843626515
0.25873815804735
0.24749540869626
0.26764317285191
0.26386121339678
0.28878226134897
0.27898555265539
0.29169348524386
0.2884960445143
0.25590740822855
0.24612944994723
0.26245304376799
0.23250624794335
0.23060278027961
0.2293782848842
0.23293698726805
0.23699947749202
0.23753805036728
0.21470862880522
0.27451288720226
0.27545676938426
0.27748039041905
0.29100307756376
0.17859851867131
0.13165930131398
0.24389101360235
0.20514673996359
0.22026984188207
0.23665802431306
0.22106815467432
0.20208967127938
0.18796067433105
0.21041296368157
0.2204051456944
0.23577691574075
0.23879404243364
0.17264768115016
0.17105655879263
0.19630499139202
0.18180378882993
0.20605539263029
0.16081036256788
0.16953100150774
0.16962963083428
0.15838634389553
0.17314138982283
0.15652905403907
0.17308446334821
0.1561516927428
0.16830969142844
0.15174430087604
0.15752630486176
0.13475167869506
0.12746158711939
0.13072064833156
0.13702231495027
0.15103617387062
0.11513957712547
0.14754703884468
0.1592279392495
0.15429938027491
0.15082207583673
0.16943346789497
0.14472812312682
0.14672073463501
0.13412643627952
0.16723280911069
0.16157215297827
0.14960470266855
0.1128121838607
0.12752584612541
0.13584538815686
0.12786258753232
0.11756849682159
0.18825284978517
0.20501975325292
0.21180340835156
0.19446521284392
0.19380773583276
0.18609782107353
0.20801177077094
0.14543824128348
0.1375799586244
0.15773967074933
0.17474211908117
0.17519822706631
0.19898989482119
0.20398619639927
0.16910101447844
0.18261385396993
0.21699670736033
0.20852786453421
0.19653953863687
0.20482398986524
0.19491804853981
0.20190899141584
0.16430135963391
0.18082429791723
0.17049188257769
0.17985082228551
0.24903455384532
0.23674572460429
0.24198919338657
0.25585221721807
0.2276957659988
0.21583243539544
0.21212824462533
0.20761384690739
0.24361492397391
0.23824048043137
0.22261333497801
0.20403490096565
0.22278348153212
0.22586157936959
0.27916665023813
0.17846934128756
0.15670184604555
0.14142533638468
0.12407908283994
0.27607562629891
0.29697475479067
0.27190922501736
0.25165131440661
0.25431788370909
0.25106049071921
0.24281603535623
0.25378004889153
0.24318205060301
0.24444451258417
0.26056314365331
0.26146866499153
0.25140693293355
0.24583551149968
0.14499024034194
0.28944408538643
0.2504457860242
0.2360192688778
0.23631045655369
0.21056205680497
0.15291963393922
0.15805532829148
0.13358262642263
0.14141970884793
0.14988120427133
0.19893539351487
0.18135607065402
0.16426746904707
0.14737775248601
0.13272982663535
0.14833574196571
0.16434803140497
0.15871834398434
0.17651132124261
0.20928233447563
0.19692222477742
0.19918559664074
0.18752401459568
0.1811645296319
0.17193878592214
0.23034293659488
0.214923285193
0.21520576591066
0.23667108777301
0.21524855768691
0.23949973642773
0.14897471096776
0.1445863364163
0.1529240921689
0.16250795664731
0.15904665706842
0.17512940422804
0.16686679851307
0.18191706741373
0.19646371438317
0.19536621003595
0.17903969608892
0.18217158034541
0.18332892993237
0.16724039998485
0.15593577201616
0.1690746058507
0.15715864567873
0.20522310954261
0.2114735100355
0.1984830233296
0.26851020858859
0.26528425256118
0.24925389900572
0.25742123609353
0.24635578720327
0.221816199905
0.24243894147438
0.23291967496041
0.2395440232822
0.21818348459235
0.20637140406731
0.20461452669922
0.22676486891562
0.23951557477962
0.23197624985768
0.24774608790453
0.26436268823514
0.23609043364401
0.22757201417315
0.22463162354238
0.21827877568807
0.25263282784249
0.25546820983955
0.23396022027036
0.26822516876965
0.28166554208897
0.28723644948454
0.26180344074846
0.25765329201639
0.28337851087105
0.23548616562737
0.21750931671769
0.21334566718136
0.23392159887142
0.24467797063367
0.26013670112543
0.25234265460727
0.2333196406755
0.24383514492765
0.23934598826667
0.2587620568602
0.18946717429319
0.19987826271872
0.19081482059777
0.21623912305684
0.22281720569441
0.22171974230949
0.20181954728544
0.15908021717707
0.16137919097993
0.16926546804083
0.1790614365584
0.16546114013205
0.2593325894021
0.24455749305999
0.23056306738649
0.24943566050628
0.23879737760462
0.23676216372373
0.24509186454575
0.24065674424755
0.24723224558651
0.25347718193348
0.25564746477436
0.264841957393
0.26817747437385
0.28042370359519
0.27027445253249
0.22684493546044
0.21804522534254
0.2162574704219
0.21396695869271
0.22226360591976
0.22893038145258
0.22369118177631
0.20910745414314
0.21202082477775
0.25304074327762
0.2575703041664
0.17265060768288
0.10949179532079
0.19986304900599
0.21945217646701
0.20703486035091
0.22713555017208
0.19107573711928
0.18292020998836
0.20125944269864
0.20843787646862
0.21664729594231
0.24556159707687
0.17074522701588
0.16353997170712
0.17000183803783
0.18594660984256
0.14585779696543
0.15534529035422
0.16662481499946
0.15361328478825
0.14687924060766
0.16928884296866
0.1483347828186
0.16959789617034
0.16095863533182
0.14392190419003
0.15343516898311
0.13670732807785
0.13414834555412
0.12691965315123
0.12077158684892
0.12806724893785
0.13228387960502
0.1432985134096
0.10375339683138
0.10139864794106
0.14013761835242
0.1387664950674
0.14503810264476
0.14050648419341
0.15367017139791
0.14054214479364
0.13249749468762
0.1419413998167
0.13485809141903
0.15318113743447
0.12255302821062
0.14739647918821
0.13751992190263
0.10050689509871
0.10428971782673
0.10938572903015
0.13003445472307
0.12566981799986
0.1148187277506
0.17873152086678
0.18748321340375
0.18452496441167
0.18123731140063
0.17163676893303
0.20323132364231
0.13470983955441
0.13076659026263
0.12152631026481
0.14104248244486
0.17313070007404
0.18619647247467
0.19454032854406
0.16406445004185
0.17084191993953
0.20621617686071
0.1945518035342
0.19193018223179
0.20263791092747
0.18843718587392
0.1608942514199
0.17042825905518
0.16193141427362
0.1638789878998
0.17719706461071
0.23732218968116
0.23127926128524
0.22483200898111
0.21628849619771
0.21579583436528
0.20362212621759
0.19278976274315
0.23582702769989
0.23307815262855
0.21763711843806
0.21120018850662
0.19978711686334
0.2111344787374
0.22226320550988
0.25819390211519
0.14326211276793
0.12548720289676
0.10853881546674
0.26236118666716
0.25632810069553
0.24052256811255
0.24166079752527
0.24318762625948
0.22883710010673
0.24760123141284
0.23251091770457
0.242909538283
0.13028052900448
0.22884017266483
0.20270513121995
0.13379216564379
0.13242337682665
0.11801302871762
0.1303522054932
0.13554425933554
0.18512759273668
0.12986970858812
0.13650529247209
0.11676964961452
0.1533696884515
0.14012096092977
0.17303773650355
0.16223422240999
0.20471279130157
0.18650915076718
0.18898844915356
0.19740230512979
0.17078876836458
0.1678196488603
0.1640431896947
0.22045355031644
0.21077663233831
0.21076859248658
0.21103007241446
0.22183820324216
0.20464900730644
0.21271739174622
0.23299654576363
0.13746658505544
0.14385055723869
0.13073652073243
0.14363797348302
0.15961805776337
0.14932739704983
0.17168489394898
0.17085077613822
0.1661064110284
0.17913365067821
0.1865534214838
0.19560881824268
0.18407688347608
0.17285643281581
0.18018520740904
0.15733015438182
0.15304045347861
0.1497580579894
0.15299229131368
0.14750970654957
0.18754077888238
0.25323645772436
0.25370937914285
0.23908500837031
0.24561833869979
0.22361529256065
0.20754654909879
0.22484946097197
0.22402239884463
0.2262081559081
0.20417233166394
0.18503496168846
0.18809159378385
0.21617486554526
0.21509831436796
0.22617162137345
0.22274490535304
0.24293020866857
0.2347246285776
0.24462245809033
0.26664887607995
0.2190594639883
0.21629949402669
0.2120892582783
0.20973461238093
0.2400832466521
0.23803167808785
0.21963971288209
0.24812630983001
0.2494359479794
0.24507553086435
0.24508399822471
0.26855546491699
0.22959357489978
0.22556383616982
0.22772295077234
0.19739315862476
0.22104406477992
0.21398507924151
0.19647610513396
0.22594809768127
0.24617206603762
0.2300406551315
0.22089700188003
0.23045152883996
0.24323464073087
0.1868258014704
0.19277144930855
0.17716664896806
0.20592798209222
0.20697012689782
0.19268711987221
0.19780235279058
0.14965868313265
0.14971774666973
0.15332098860425
0.1619288156138
0.17737899806128
0.14893359357612
0.24813977291136
0.24007804447904
0.23055162059186
0.22045252168479
0.23421928532977
0.24508611665073
0.2346059505434
0.23900848233157
0.23773185343599
0.2413043938413
0.24034004866251
0.2621291869513
0.24781264370052
0.24918756514714
0.25249114736369
0.22716342516249
0.20813816165813
0.20635857514639
0.20847125146563
0.21689035726675
0.2188229406015
0.21383928413975
0.19833785562631
0.238556156497
0.16679671211118
0.18645851078884
0.20630613433914
0.19999154978068
0.2134088555498
0.18259947425061
0.18901690399931
0.18216859310042
0.19786663339171
0.20469675741435
0.20354496078666
0.16047497959637
0.15350297047139
0.16017143252529
0.18030547358747
0.14136256828435
0.13496849920329
0.14408461402387
0.15397054749546
0.1319537316047
0.15611856040762
0.13692842415224
0.17768243158822
0.15560814469111
0.14882561788051
0.12803384769184
0.1311353604156
0.13059300730115
0.10833264109792
0.12193847826906
0.10768319677167
0.10969650992742
0.12609263702249
0.11253262406639
0.09172002188134
0.09697948909553
0.130931055342
0.14292392912098
0.13530817789483
0.1507914321432
0.131156942085
0.12900341865564
0.13135203484235
0.15166064496117
0.11075364509534
0.13828963819458
0.12822726607419
0.13067113716369
0.092151339578957
0.096297791152862
0.09073497556826
0.1039361507658
0.11767205316647
0.11810301526392
0.10770472231744
0.10952758191445
0.17785935844665
0.18118871483953
0.18520711764447
0.17188962179023
0.18534938712585
0.14596973355346
0.11366922104016
0.11098855250863
0.10318821079804
0.12534803450815
0.14322378480668
0.15525990267145
0.17154013596391
0.17569227276071
0.14947662213834
0.15526894333409
0.20023116088512
0.18198175417732
0.18854018517748
0.18594349292193
0.14575977208955
0.16027012770764
0.16190801572884
0.14437722815967
0.16939258656829
0.22847324224183
0.22990919664104
0.21686215945074
0.21933932414129
0.20979276319851
0.2027905680405
0.19000594469077
0.19100877496232
0.23963504912403
0.21340550707741
0.21285915958795
0.19909185312808
0.19867549559147
0.18746483734543
0.2011428415086
0.21146535879859
0.1346949228452
0.13435240806408
0.10894448672808
0.10002787550248
0.24714940458422
0.24605578697493
0.23237950964518
0.23216001212147
0.23507779981734
0.22566813416679
0.11166247410519
0.11800920076755
0.11833133013969
0.11175042260241
0.11763973575114
0.11602856230065
0.13409263208944
0.11910418876577
0.11856762261456
0.11912789709652
0.13487279176394
0.13027966211427
0.15997672196693
0.1563199779267
0.2005402869773
0.17045675482787
0.17792716884939
0.18657930152023
0.16476481591017
0.16499927917088
0.15558116957761
0.21125084000841
0.19911534663482
0.20015226038543
0.19843254380887
0.20586867203927
0.19573660296211
0.20582420977163
0.21554053749206
0.12335779421237
0.13657584833422
0.14278975088667
0.13274749685631
0.11867406019437
0.14405635352649
0.15173757468221
0.15492879361394
0.16813568018942
0.17017734811533
0.17586649340075
0.18504490002724
0.18499699960305
0.1787620618744
0.16938573420373
0.17186243324168
0.15077066494237
0.15874584949035
0.14868655820301
0.13634059547801
0.13601844470475
0.2381221477869
0.22731356096932
0.23447108923987
0.21061200940012
0.20121399452609
0.21909295212009
0.20419050488781
0.1872952522917
0.17714950621948
0.19359152089125
0.21089902942536
0.19494278725627
0.20451601845821
0.22961131558117
0.2223573376095
0.22697169578847
0.24738356393513
0.20777604092488
0.2018198799535
0.20484359068674
0.20201478291939
0.23411924312083
0.21940437209677
0.23601011669969
0.23563028035568
0.23555765977605
0.23536662771579
0.23495670986853
0.25167742782131
0.21448028000039
0.22140256308547
0.2085302233744
0.19530739660525
0.19216628672699
0.19950381510638
0.2001416543842
0.17908431046244
0.18786881068601
0.21053882187512
0.23377093569091
0.21322978223587
0.21325982053011
0.20942472304413
0.21612685463382
0.17855125102453
0.17566044462107
0.17686076913924
0.16389730172851
0.20186071962254
0.18169124414701
0.20076992659607
0.18653548307724
0.13045339769659
0.13255952972002
0.13574399933368
0.16218476986874
0.14817181261143
0.15725345612324
0.13128049366904
0.23346674465888
0.21711873241273
0.21452352900028
0.21935003861072
0.23348097133213
0.22668742941181
0.22237368985877
0.22141547112977
0.2234965347836
0.24584424454107
0.23577329772379
0.23573885078963
0.21338280728634
0.21350129234457
0.20103857739604
0.19594961433715
0.20207687506654
0.20849086428215
0.17936070414419
0.17935608862343
0.2003481889614
0.18692655593492
0.17605297255698
0.17969935226864
0.16872690752968
0.18362201466673
0.19809727795612
0.2020016004509
0.1527400266807
0.163413474088
0.17394413084346
0.12230962827947
0.12369683422194
0.1434204320636
0.1495667790697
0.12659107472711
0.12001881677249
0.15999218808657
0.12183026909155
0.14089020559378
0.17203297017748
0.15922788518143
0.14665803041303
0.11568851769469
0.12059034594682
0.11226464291129
0.093375889060392
0.10319768824145
0.095079872038825
0.10029879666258
0.11054464317697
0.1139004721636
0.079475255019614
0.088021756663785
0.12958472951733
0.13540402657686
0.13710214667457
0.12367230067943
0.1399094844752
0.1517100141865
0.11892675389132
0.11232242726017
0.12026654208196
0.14278430061752
0.12909130341137
0.10143957480326
0.13416073479224
0.1139953976157
0.11590099953746
0.092907060705987
0.10018829728749
0.085984159084997
0.079450906985021
0.094771354265231
0.1147872148837
0.11506255865384
0.10380311131826
0.09601435025619
0.10083522204382
0.16492366365153
0.17753705500008
0.17959345492031
0.15309507983781
0.18252567427183
0.14439665634216
0.10030842449605
0.11248019062833
0.10474993934425
0.097751341398446
0.12918861532501
0.1512829358657
0.1566722847627
0.14315133690656
0.15234478764437
0.15546015475852
0.18736774991836
0.17872606731555
0.18709379251076
0.17934217982781
0.13420338856774
0.14798504532066
0.14619879074334
0.16400532772493
0.13104442509148
0.15629452082268
0.215326292122
0.21368524904901
0.20612806140066
0.21665467310325
0.19760708477754
0.17965922177675
0.17795861357699
0.22067912964376
0.20883080893085
0.20302596050344
0.19918451300982
0.1886956251707
0.18224486133433
0.17702612567067
0.20712612599056
0.19228117990221
0.12224714537735
0.13440059203447
0.11993849229157
0.085270534880163
0.22980149794165
0.23614769423991
0.230635510716
0.22397602133807
0.20875530770366
0.1057230594078
0.1113157228355
0.090682675084098
0.097137161002498
0.11512184044524
0.098307751054475
0.12622337213408
0.12626375276489
0.10651648438538
0.11627955745972
0.10423739444041
0.099912721686371
0.12060501681887
0.10782669698983
0.15163502450074
0.14007440988444
0.19153063598761
0.16785983065471
0.17894365872293
0.17212905176892
0.15552929500352
0.15414648320008
0.14097777617149
0.19587082514512
0.20107211143022
0.18318493247272
0.21045082908957
0.11600771956845
0.12490421043773
0.13013886819332
0.12235729535604
0.11650988128252
0.10319729898133
0.14638970745925
0.13618402574949
0.15941367945272
0.1516546441193
0.16035794329679
0.16465616159448
0.18046154002807
0.17751612251179
0.17364382726734
0.16315356542465
0.14184386225996
0.15285378129984
0.13716931231303
0.1266015297566
0.22855607962175
0.22629801302506
0.21612840846828
0.18629453072312
0.20035145506366
0.18353646487314
0.17365667286881
0.15567128212941
0.16862206269407
0.18128491676015
0.18935056646405
0.18786413589477
0.1932253454713
0.18841557537835
0.2162079723749
0.20291565018983
0.21328480956758
0.18686937989488
0.19711310647975
0.18778563578686
0.19000652139564
0.21477409636976
0.22779370309052
0.2192352498071
0.21853877687276
0.21751923096835
0.21904872596952
0.20411866720238
0.20553318545266
0.18332896023952
0.17934581897668
0.17371506288
0.18090780844431
0.19588176928268
0.18367431852862
0.16318669018155
0.16875598086692
0.218055796656
0.20713208108098
0.20610112523067
0.20197809561888
0.16492593404285
0.17130305280808
0.17372079144798
0.16351168263048
0.18611942336713
0.20819036557491
0.19100535961911
0.18038484253698
0.17906743123109
0.11685811090869
0.14573815386715
0.13478337947592
0.14589320053285
0.11442854637092
0.21970875496469
0.20435593214227
0.20473297700582
0.21220873652327
0.22636280448941
0.22514784502096
0.21294992671331
0.21515976509195
0.22016295690797
0.23358560924123
0.22135498372207
0.20415296913893
0.19974463089535
0.18651780052049
0.20841069791396
0.18119028759721
0.1797989648813
0.19511276600173
0.16897917980066
0.18649086117407
0.16697801934074
0.17300020836797
0.18409585826371
0.18909356097062
0.15558768319219
0.14146227146791
0.11690490597131
0.11423196701289
0.14101117638383
0.15204924432571
0.1123550698007
0.10901801669114
0.11345219289172
0.12596875262601
0.15383226723299
0.13714114867445
0.10252108854736
0.10823958703939
0.092101703219019
0.097362775338679
0.094329386806464
0.09283526358699
0.10675596141408
0.08138542914369
0.083154564566171
0.11494176566522
0.1244653434131
0.12547302065014
0.11714901475005
0.13046388721233
0.13967646965777
0.11020641553368
0.12046549734859
0.10536805591416
0.1217332258824
0.11249807340267
0.13530503408878
0.11621083913355
0.09835028329718
0.12065641961903
0.10892184449777
0.10869982952754
0.077859988405631
0.090965407552952
0.078732356122482
0.081401580177527
0.083014139688542
0.10057480344226
0.11080783294867
0.1015954271493
0.096478259514589
0.16108191855469
0.16451692156394
0.16727036500375
0.13684517874044
0.16814149580607
0.12448903269533
0.097504071621536
0.10288417999313
0.09649304151618
0.083161509024798
0.11484758136365
0.14348663735953
0.15513469518329
0.13615593651683
0.15075498767521
0.13854903499397
0.14127785950688
0.17409356665814
0.1785746179383
0.16892651326981
0.11889617371942
0.13281502807386
0.13460518492511
0.14275401522345
0.14505731602302
0.16435339255786
0.15935263660177
0.11898634739656
0.12909262286476
0.1533334364152
0.15713634006639
0.20989223774079
0.20031815579787
0.18807800646397
0.17228934498479
0.17178589875998
0.2124376378366
0.1996737283582
0.19944073597069
0.19312095946043
0.19840151650629
0.18348843214186
0.17948676107337
0.1709480982852
0.19692957683135
0.18627897472714
0.11483202737606
0.11474059891021
0.12050658589593
0.077280889479946
0.23026519032162
0.20694104297237
0.19218381156583
0.090970098858485
0.091442972590236
0.079546888368382
0.094054687232888
0.10365314761841
0.090864755423175
0.11958217475309
0.12926165820273
0.096819343049862
0.10488737285012
0.11930694555913
0.10687082007815
0.096455861676375
0.11805431617785
0.10716119460935
0.093658741182806
0.14095967976589
0.1314575404654
0.18615761549154
0.1574744206927
0.17587857948109
0.17400348527273
0.16343532817735
0.14481810826913
0.15505394234435
0.15023647976937
0.13742604716887
0.13338888039427
0.18543567072667
0.19939593792538
0.18712380193232
0.1765464478537
0.11859653895164
0.10301629851883
0.12528773894332
0.12726366504164
0.11726604462491
0.097448548851248
0.095723818240397
0.14058147516731
0.15658880536033
0.13338147410702
0.16265710982789
0.14370608436168
0.15842838496151
0.16671225059401
0.1736129612074
0.1576112423757
0.14324740062492
0.11653593570533
0.21622303900338
0.21515961065626
0.208133481914
0.20687248949739
0.17829343168904
0.17233909687655
0.15235957339895
0.14502215478805
0.15099110929814
0.17102382808513
0.16972117845509
0.17274922842197
0.17753002569534
0.20275284620592
0.20338915069232
0.17577553768485
0.18118048072977
0.17843299847163
0.2062459239665
0.21173786403213
0.20520676664284
0.20504562405753
0.19871715758709
0.18876303483483
0.19062811204142
0.20268907935
0.16173118835352
0.1567940992263
0.16977506429268
0.16118855229384
0.19142666012766
0.17508156184177
0.17032978629608
0.16007929358272
0.14254521069033
0.15458441051435
0.19628412096031
0.19606323231348
0.19996202863864
0.19079364141688
0.16663669221358
0.15033839882771
0.15968984805835
0.1709948512021
0.15229395814342
0.17919223800219
0.19965175961645
0.17516765836596
0.17229335146732
0.17377756349845
0.11851840272899
0.12936463816431
0.10737901593353
0.20086378628908
0.19805561214913
0.20106183499363
0.20584388338071
0.21264724794505
0.20400437437657
0.19537139406666
0.21539438039567
0.21848675758548
0.20463094246792
0.18824927681012
0.18498970178646
0.17311965806087
0.17655872682626
0.18771557890143
0.16451514771617
0.17424552989751
0.19104339772738
0.17590522397772
0.18022278644644
0.16215266982892
0.1725666052289
0.16934179115335
0.17976220904874
0.18726917253663
0.14764961087455
0.13677812055666
0.10331481451195
0.1113979272709
0.13032336864437
0.14523058288723
0.095776970121545
0.10247833044512
0.11887296941878
0.12643274524722
0.14649428951234
0.13252792997265
0.09622631751583
0.10459818915877
0.080047122829876
0.095381077197469
0.081899396000208
0.072396172260539
0.078795423181996
0.08790701749455
0.075659389962552
0.11333938258815
0.12684684422553
0.11037527298819
0.13120497049216
0.14461766249426
0.10553796690171
0.099415503236551
0.11234943305686
0.11600320927801
0.10119575267937
0.11459145458391
0.10095374072521
0.10905742288431
0.13447527416547
0.089430867709351
0.11551289544392
0.11523024582417
0.10225370102475
0.10114522864639
0.10161010448415
0.072259465963648
0.089555823986606
0.074559259226781
0.072433963019977
0.075692292418262
0.094802098342257
0.10104722532635
0.096037685286553
0.15823183589849
0.16845236978406
0.11471725493038
0.082613771973161
0.088252245946354
0.081387523213237
0.073576119506485
0.11005529685418
0.13307176539553
0.1375508181762
0.14645072911372
0.12166419371226
0.13863624044132
0.15954591923885
0.13223873948488
0.13417166950167
0.1490550014258
0.17416518259784
0.16991315981747
0.11235700858106
0.10502272198413
0.12112282613938
0.13343434243612
0.11747481043219
0.12889187504414
0.15083155708785
0.13306774151312
0.15998967527832
0.10349678344668
0.10586333359548
0.14240308472927
0.15574258305214
0.15820582694872
0.19592342009206
0.196910213001
0.18280094757962
0.16894009316847
0.16402136413253
0.19741521008833
0.18757919379169
0.18700465749371
0.18370151303103
0.18822049337753
0.17265622776088
0.17792216701059
0.16965167343579
0.17943343862907
0.17956424172801
0.10406284067811
0.10608953329342
0.10349337401139
0.10913132858671
0.12097326138031
0.068883389503981
0.21497202223803
0.19175331003161
0.20353939431773
0.18094065785574
0.08045099182998
0.079896715136957
0.079680778050982
0.089961017061635
0.079615328632076
0.09625926822776
0.10894585086885
0.095914371551224
0.082652071303
0.12171018049435
0.098543522993055
0.088684429237366
0.096012261517405
0.11253170778234
0.1040064190896
0.078842945893728
0.10578186994674
0.09310385348177
0.082420486358015
0.13301814852209
0.12614357842501
0.11595178577726
0.1503983029491
0.16580829682376
0.16166914706789
0.13613754939766
0.13896428090662
0.14412829180757
0.1382076997644
0.12284257322343
0.12889352313573
0.129732330832
0.12015569324631
0.17732453091906
0.18035444945033
0.17290084850634
0.16433620235677
0.10668838912158
0.097462325855188
0.099380671467994
0.12165383493449
0.12125437582022
0.12365173483792
0.1079808839188
0.09201611462557
0.08513208235909
0.13433312600177
0.14122845822343
0.1511722779666
0.12720487226265
0.12865927356036
0.15530168824688
0.14529689930266
0.15379257493646
0.1611928799072
0.15776140118215
0.1622722436317
0.15405750039649
0.13311445616813
0.10988734624407
0.10240226810937
0.197490464954
0.20198351499579
0.18992537877438
0.18395435851578
0.16350416524758
0.15505312716579
0.13226738240671
0.12856912464249
0.13748049619055
0.15429122664662
0.16636459308784
0.15381828217875
0.15709250979905
0.19495842363111
0.16909689133853
0.17605753212864
0.2051691904797
0.19549634156064
0.20032429303524
0.19014060937628
0.17099370020905
0.19531916311011
0.13991897367684
0.15879195223674
0.14180102441005
0.1949485733904
0.17454725688122
0.16879970501762
0.14458120390178
0.14128762495873
0.12520104799627
0.13836438796428
0.18297269146766
0.18369171554048
0.18798097658771
0.18211991506434
0.15026923045389
0.13600417588213
0.15102587644377
0.15736410676171
0.14013081097543
0.14891923643341
0.18851524268124
0.17322268087998
0.16883737333541
0.1629593849805
0.17624855042299
0.15906133634952
0.16107729177176
0.10546444367324
0.1087534869629
0.11212960909464
0.091209000289168
0.18409191790597
0.1860251946142
0.1878485862525
0.18991633489745
0.20025601497401
0.18789574418862
0.17965404351393
0.19493119577954
0.17864785720108
0.16460631005698
0.15869234095904
0.17826635927892
0.17040128121404
0.15050410625076
0.17073075593662
0.15702590940169
0.092484551836006
0.10239015374998
0.13111475801123
0.080214066055273
0.095202299910121
0.11855098104661
0.12131122108712
0.13421977724398
0.14686407693216
0.086940682733401
0.09602860793315
0.072003906400122
0.084953045108007
0.067583373538395
0.073917192362112
0.070646923624207
0.088611155972968
0.08287744580482
0.073937217053236
0.10784031863046
0.11929558448464
0.1006657094535
0.12157921254988
0.13841296818635
0.13840188037708
0.095586710674916
0.091776415442524
0.11309995075496
0.10343456720452
0.10573066204511
0.091817090511307
0.10509854592968
0.11862192438952
0.092249711540221
0.097691888156219
0.080756020251422
0.087468686653756
0.11057851075936
0.1052160554432
0.09236919181203
0.087846515118486
0.088117183801209
0.067700140905435
0.083153525387474
0.076537608991654
0.068196878011498
0.068632324518878
0.068106115822962
0.07568244267208
0.067867288909306
0.089697453260078
0.097551143891321
0.090145725375159
0.16272728485303
0.09402808712144
0.075822240727271
0.080052397592569
0.092256791947595
0.07999879154669
0.067865199242308
0.13168772802203
0.11070151171521
0.13394606171087
0.11581157326333
0.13799180698259
0.14730656250155
0.1267732120197
0.12130964600142
0.13217907509904
0.14061023148328
0.17709171914952
0.16840511313289
0.10000954477692
0.10778458169709
0.095307226717082
0.11826175037711
0.12252582597607
0.10392762327498
0.13422326636539
0.14499327100363
0.15168927584657
0.089547511567273
0.10207891196394
0.13540337952816
0.14607787007862
0.1509927545225
0.18736713183187
0.17261486195914
0.15232414056662
0.15454224112397
0.1684356902932
0.18549492777367
0.18069577814698
0.17974267514558
0.17474535877476
0.18367320384416
0.16239682969995
0.16825402178128
0.16934597146741
0.096562253082239
0.10692182783902
0.091981886009154
0.094622344597349
0.11497977315071
0.11618460169739
0.18091120317246
0.18658170129915
0.082021377631338
0.079991322926388
0.070416870998792
0.079485464184478
0.088003633560111
0.087162290770389
0.075108202733061
0.12290166349122
0.11605829634566
0.090143335802703
0.078995249635758
0.086279244114526
0.088284563142643
0.094809300624682
0.10697728309806
0.11417798493988
0.10530367045987
0.095446983983288
0.072045963618064
0.096177006355427
0.082743254738959
0.12848069833539
0.11352766776383
0.11148036041945
0.1053782576523
0.14001073683578
0.16160540965673
0.15929458494958
0.1313533123391
0.12652360767388
0.13604718273397
0.13626452853534
0.11485978985231
0.11762532385486
0.11005654175199
0.16553777176193
0.17517794745953
0.1616871975752
0.17632048316937
0.16031970203271
0.10368811608549
0.091735957646463
0.088222896129544
0.094632155955243
0.11174298795659
0.11478522291169
0.11670715676373
0.083870516764867
0.073022328308718
0.13600626625123
0.12677140741387
0.14176329173133
0.13414987066902
0.11957837203643
0.12089049441995
0.14230898839843
0.15463194647022
0.15128454321548
0.13974241729617
0.12808718086803
0.098076548621279
0.0885232810441
0.18252280380387
0.17720486620213
0.17665306383921
0.14858474054777
0.13300097296727
0.12332563716801
0.11113631557939
0.12553889184608
0.14085936052049
0.1528380126913
0.1413377210028
0.13718005208369
0.18385576582877
0.15652360611625
0.16448040796263
0.18394683030183
0.18463204937283
0.17342112537677
0.15484287606293
0.18276763000265
0.1406988049407
0.18258368229276
0.1753649785513
0.16750658715132
0.17140826406273
0.1554720848602
0.13313439778218
0.13614397834593
0.12318493551606
0.10604271783244
0.12045100429643
0.12851342996626
0.17671545855258
0.1782042908937
0.18269843338739
0.1383406376373
0.13158462147521
0.13946311449038
0.15084281201784
0.13902792159894
0.13278273073821
0.15223200938626
0.1750020329112
0.16048928427409
0.15789636929836
0.16350088982756
0.15474011468449
0.15394948915727
0.091072181665415
0.10651758462522
0.095055126106854
0.082183416947137
0.17777458006122
0.17804362463546
0.17948261056075
0.18044161164428
0.17062458378822
0.17635082175161
0.18322382647576
0.16849841646379
0.14657066770735
0.13283808390165
0.16126753620468
0.14653509219777
0.14859882132671
0.15941935740654
0.15277234950458
0.095243892913352
0.12671143698216
0.08513565329663
0.091963004295985
0.10720066405018
0.1349888265107
0.077719918755302
0.074496503392888
0.070728451690948
0.065876159720732
0.074860398387277
0.065673091666513
0.081338694591228
0.082738119996375
0.084608724888712
0.069688450303484
0.099433695943678
0.10983088641034
0.11821885947462
0.12202215719876
0.13244440597665
0.13499857409949
0.093778546305041
0.092158792509095
0.10550778427193
0.084001755061895
0.10389936917574
0.094840603928787
0.11545730740362
0.092305140380063
0.078835274534357
0.079789864170104
0.086931283610139
0.11091770120863
0.098227535946078
0.095371956357817
0.084934990223757
0.089505251158059
0.083036549313321
0.084760903691526
0.082002348986606
0.081781933223097
0.074053185899776
0.073157085730245
0.06969399614194
0.061904743991376
0.062319745616992
0.0699726217317
0.069972005392486
0.073734135923774
0.092067434551119
0.091885384038933
0.15188327141745
0.085063689257492
0.075633978749018
0.079197242987178
0.08640681769832
0.072099645679715
0.11396479975603
0.11785471641622
0.12946823265193
0.11169515292934
0.12716026912682
0.13303021837957
0.14441369260241
0.14872237120176
0.11563898469702
0.13582797751233
0.12159288886955
0.16948246109082
0.16424381479344
0.091187751915691
0.093660164194336
0.096784311126665
0.08986075545681
0.088804257215053
0.10357247644136
0.11960174638004
0.12466049730711
0.11039157091366
0.10161184478831
0.13114318657786
0.15967403605372
0.08678418126423
0.12738076543508
0.1251737464674
0.14417320221553
0.17503562188054
0.16583745542348
0.1554367415323
0.14183253324407
0.15645686018397
0.14766384693462
0.17502451610538
0.1665465632113
0.17410007574014
0.16904497972933
0.17941304710826
0.16305060266209
0.15585388045047
0.09239296041826
0.090838162751263
0.097934720628206
0.1117001879198
0.15645484304564
0.071774593198256
0.070346202993764
0.065291715292006
0.072901869933533
0.073788551500488
0.084757045218391
0.083819029652279
0.07152153050975
0.11702284859786
0.11059298217457
0.078959479721633
0.077496600793904
0.072809760675049
0.087877681897991
0.08906570170528
0.10154778082656
0.10650537396275
0.10841954335448
0.098411563405397
0.093514386536338
0.090788839423108
0.068409748010615
0.087092791538191
0.11641197204359
0.10967163901286
0.10376423089756
0.10251384300069
0.09950026282395
0.131720041745
0.12938223367337
0.1185044084339
0.11535669960149
0.12597655868172
0.12951587708672
0.12885847582056
0.1095614841303
0.11196630125278
0.16426585240214
0.15928956256937
0.16636502058834
0.15102473795524
0.095715414335839
0.078276867709341
0.091677415251645
0.075748081197875
0.087329395221315
0.10478072007408
0.10811614767847
0.11967244151306
0.075712931996957
0.068830495534529
0.13008928308179
0.12017236051614
0.1343850787469
0.12699133672406
0.11412674997335
0.1192293042528
0.13672879799391
0.14148765522439
0.13372011509189
0.13367850390503
0.085676378745333
0.080238371267188
0.17383881664051
0.16944248601761
0.15770491159736
0.1332720104517
0.12583664553902
0.12699205689237
0.10763149750582
0.10996231977949
0.13172944003299
0.13910738349241
0.12670010705278
0.15005738224255
0.15545966894397
0.18156591962519
0.17269417348815
0.15541566486233
0.14997347186226
0.13799018586298
0.1291255847507
0.18119568824965
0.16910553766881
0.15565057192403
0.16973290398168
0.15702906522646
0.1388295267772
0.12047894326494
0.12636591062471
0.13374795622691
0.10525963009014
0.09150988895548
0.11042695535929
0.099214326383738
0.11967061301478
0.12327417742397
0.10602520814112
0.16709612171958
0.16744328532782
0.17566665184131
0.13961085771037
0.13449094274883
0.13004174473887
0.12001272392314
0.14705143609096
0.16104903122372
0.15640927858172
0.15705511869302
0.14903924316392
0.14891253277177
0.079924722457911
0.094512667803824
0.08376317068052
0.075163612381133
0.17183098899263
0.16218598722654
0.17051209621972
0.17158923743804
0.17362301160094
0.15364114250421
0.16187417085862
0.13247201678195
0.14429107744658
0.13788809877141
0.15094805742908
0.14125024175502
0.095383867555632
0.097253601595756
0.088188336467307
0.079876465795987
0.084449228051143
0.10887094817663
0.13079159645717
0.074823736651114
0.075530121368794
0.065112897419367
0.066350856001017
0.069612749818627
0.066058169000342
0.077771282652899
0.084401845788895
0.078709699376628
0.064975330501171
0.071666020207004
0.10421218655277
0.12173268115369
0.113782652339
0.13348511959309
0.12401221261581
0.091302504346783
0.087942325855801
0.097515894955487
0.10548379498002
0.10883787168522
0.094400729813633
0.089847763188444
0.087515466617569
0.071919762466901
0.076134351695499
0.078712208515371
0.079305216234196
0.09897163415115
0.078605553346627
0.081372279530551
0.079371860631942
0.078157714688554
0.084942101167947
0.085082604778823
0.069000344470499
0.06869356200133
0.064053128254111
0.058968417401235
0.060069395201097
0.065372153796176
0.063014660860621
0.067178073023218
0.15216241988129
0.081792208076463
0.064431114761536
0.068916063612989
0.064436152071267
0.1045155673866
0.11174256221641
0.10197827344679
0.11319007327867
0.11866341834204
0.12183810286399
0.1354818312968
0.14555817689698
0.1412836152475
0.11129544521949
0.13646913287225
0.12524438938789
0.11826852393608
0.16267119026524
0.084935798247443
0.092099600429544
0.092161114453847
0.091677523435879
0.079711870889374
0.079598175127153
0.098596325719591
0.10129182436355
0.10882468086073
0.12130225973889
0.13076603230865
0.10261454682805
0.12446617107122
0.075071306861562
0.12943224429275
0.11435221489138
0.11700174154374
0.14066731750387
0.16728475998457
0.15226960074234
0.15518265120028
0.14712670156058
0.13572713798394
0.15356127901278
0.14106838291818
0.16615267172618
0.1629705271726
0.16161473761656
0.17473484121534
0.15316801679854
0.09102672265083
0.082755353664437
0.081874057262958
0.10218431909029
0.11282514924897
0.067822482147302
0.065006036122775
0.066479248696483
0.066921685405659
0.077105850771527
0.076087906908903
0.069764785428615
0.1104039872731
0.10799583887422
0.075141564726569
0.073104387629944
0.075242719581217
0.068926415166558
0.07059697843374
0.082444081278638
0.09116814366727
0.080483256842389
0.099706892003157
0.10134210569794
0.10517632397669
0.1013286920537
0.1026030498355
0.089874836286773
0.071951404064097
0.11719835263892
0.10344158250294
0.09511136058476
0.10474610691829
0.095159088912823
0.086925911100093
0.11851815677836
0.10764422584725
0.11075383191824
0.11804142598327
0.098581349588656
0.1138091958196
0.15714881716639
0.15182195511493
0.14993601602191
0.14181246691034
0.095661460778281
0.085032376843897
0.07455158776066
0.07479373341081
0.082661052346252
0.093360679610958
0.070397757242089
0.08171847450225
0.099619117818149
0.10621292712692
0.11438383195601
0.12120842246427
0.072306995919584
0.069538485849473
0.12987285961111
0.11442672288325
0.1326708795055
0.12939682929943
0.12665373161794
0.11495219038386
0.11131407636893
0.12925164391129
0.13088001358018
0.080454415980869
0.072084781553198
0.15479592133153
0.1510980588361
0.14378991799929
0.11062933752382
0.11195843449198
0.094544155325511
0.093849117698997
0.11696067094274
0.13293122549132
0.11798913921296
0.13968242469924
0.1447409453753
0.15345189210296
0.15740281064929
0.14423661339213
0.14783987935369
0.13474319740175
0.12872931760357
0.10688240361496
0.15827032455265
0.14228418452881
0.15623385513507
0.14694014838119
0.13124542785362
0.11435110676027
0.11444229835558
0.13225858963401
0.12292618915026
0.092112893895985
0.082214152178106
0.093742615822917
0.094199748189886
0.10305042221493
0.10261907133458
0.093166393487644
0.15854429379767
0.1590217169338
0.16253572176378
0.13499920577567
0.12564232188149
0.12059067623362
0.13077091241461
0.11034021232359
0.13684842488759
0.150886606073
0.15198096509353
0.14168266631836
0.14016804143515
0.076395042238892
0.081448123501129
0.09175065108506
0.084398342422446
0.075207538322913
0.1549399408816
0.14694307462506
0.15360461261765
0.15418249176786
0.14736370015751
0.14491969629775
0.13830673054687
0.13889072770019
0.096372714101478
0.08931443908662
0.080332096637249
0.070962217991096
0.078362415549598
0.10546239165726
0.071430598025569
0.066319114107379
0.064642429214624
0.062281607513699
0.064634893348829
0.062435365008299
0.076100862412926
0.081593211005962
0.074111881225535
0.06320171439815
0.070105121144734
0.09878332112219
0.11258609848718
0.1143001792338
0.10735457254075
0.12295397970235
0.088746286783615
0.085963588402319
0.097666488768931
0.10169460718315
0.094204287066801
0.091192738415805
0.081911362223885
0.080750725115176
0.08987631291655
0.066409865290614
0.07055919199556
0.071906887855498
0.070779911310247
0.071961323679109
0.075740090342853
0.076190200185568
0.095642738475029
0.094621956830761
0.077064972526517
0.071706522851349
0.071295847148053
0.079734514266801
0.080703816766447
0.06565602550326
0.068270448551362
0.064404719838152
0.061679482007026
0.060395476579457
0.056379563984694
0.056276424294941
0.061291579562501
0.062157266120891
0.14208000364673
0.069887423610366
0.064950922338072
0.062242485434134
0.066090578465156
0.098109592862047
0.10214372141564
0.10411486522811
0.11670291550893
0.11807786235964
0.12062743937799
0.12522511050543
0.13600800500143
0.1347907275319
0.13496736063798
0.14704772351968
0.10329893549785
0.12659042859228
0.12104153485884
0.11470970903838
0.15469802653373
0.076727568584914
0.094605847491911
0.079193082698238
0.094906978707948
0.083288653843646
0.082126672969329
0.076047724817333
0.078556132288962
0.074016155462629
0.075577721730618
0.09104769553637
0.11136534046799
0.096637496903245
0.10669352750571
0.12077489389936
0.12420675987319
0.073205885606711
0.11471225871527
0.10405093505952
0.10955594747102
0.13009735823176
0.14514578033267
0.15575959222959
0.14421691799054
0.1442830311086
0.12132825337824
0.14681223705118
0.13154035395588
0.15606283856644
0.15573395735983
0.15198828774952
0.16240456602018
0.082470905118884
0.078114922258912
0.10264144550537
0.069067127846927
0.066823604263472
0.06225869481446
0.071962675542968
0.076485190983614
0.064675462395116
0.10770621917093
0.070165892755099
0.069869119165429
0.070591186319564
0.070703347898794
0.077782572918746
0.063718607970104
0.064509291591802
0.083368040216958
0.084945219287225
0.09304175840816
0.086517191415648
0.099900995404846
0.097525215137966
0.099738308181308
0.09851606897752
0.09382047146723
0.093888473096934
0.09638106613978
0.092062968352196
0.091247466740086
0.085118074948842
0.11186843257171
0.10343281709758
0.096862658503908
0.10234973291167
0.10689688945332
0.1124874727298
0.10858640606824
0.14529769578949
0.13641620764492
0.13863199249895
0.090129404293482
0.08441507468657
0.071014609029303
0.072115268892833
0.071416898853662
0.080250704850681
0.08529026183505
0.080450278028116
0.096594559410167
0.10021023902735
0.10788876938576
0.11846724759922
0.068856991375965
0.063289830729837
0.12292559927352
0.11342421986304
0.12857033885921
0.1217265853348
0.1145567764915
0.11513193389119
0.10716529832821
0.12128887356575
0.1223248848337
0.073737992734112
0.14498857695323
0.1453277531331
0.13034442677548
0.096293150502742
0.093869627952136
0.10399126764905
0.12083818421117
0.10428346959566
0.13238341344473
0.1354218393339
0.14163117772488
0.14821355950887
0.13699327085113
0.13564352872205
0.11253012591955
0.11108185322149
0.09261397583386
0.15066153164495
0.13257003105792
0.13689633711845
0.12160756187774
0.094646178804373
0.11400315400111
0.10171568783558
0.11543334674556
0.1191512718532
0.12597038196768
0.11046820616227
0.081422864060728
0.083039803802147
0.084208153275259
0.083877189036168
0.097147950920637
0.09525917115721
0.082043659852693
0.15353863934776
0.15262297548193
0.15637661641057
0.12975409212168
0.12706975565179
0.11536387691401
0.12113013849194
0.11089837222379
0.10278886208676
0.1403315088565
0.14188955719722
0.1356369488155
0.13418119943447
0.078905245174784
0.081939477116637
0.089761653913288
0.077795303280407
0.067548884347832
0.13664725214187
0.11702958026456
0.13300318525407
0.091391162417966
0.084391043078964
0.07815836893379
0.075583254858933
0.070393253778899
0.09824635325674
0.067168319442639
0.063475385877506
0.062478381255496
0.059091249829495
0.059028136184064
0.066054177803977
0.059379195301091
0.077334180127293
0.072533327655154
0.074058140975176
0.058908193622704
0.065918201338344
0.069260014913239
0.11178838801034
0.099539871677361
0.10736665641757
0.12304589995527
0.083079090853924
0.081314858160471
0.08587771499146
0.098432753208985
0.08977381357114
0.089044739855314
0.076492665926597
0.080144320280007
0.076522744150814
0.078351402924717
0.084758420126939
0.062827040067183
0.063710602866597
0.070496744570751
0.066892706410089
0.067067513648991
0.070877541372963
0.070869602517338
0.072535309259508
0.071884735003218
0.074730136560691
0.073176169121193
0.091571854178401
0.073772960765508
0.06737542974013
0.068409858256606
0.074641807633933
0.066217373619782
0.061906052016063
0.067970199391713
0.064173252484215
0.064209736700977
0.062424365857064
0.058513568517625
0.060062445657386
0.057600364178829
0.057645772449427
0.14130932858768
0.14553993445437
0.070085187846379
0.081538282617592
0.0881698693332
0.10254875005831
0.098320986504239
0.11040529458164
0.12095910823628
0.11520668834129
0.11622672952471
0.12585173786815
0.12525911081302
0.1405441220245
0.1314363090587
0.13714885700374
0.13879791824161
0.10511989467823
0.097071893844387
0.12533486280367
0.12074130240694
0.11895024332396
0.10731908404704
0.082755862192523
0.10095681885475
0.08798270054568
0.0829165720094
0.080175410044035
0.078730345818026
0.070977576629717
0.070121446859443
0.071726164142094
0.07288067174643
0.070100427744301
0.071673640653835
0.070293201412359
0.081760827019632
0.098241063875681
0.093310623414327
0.11098837864082
0.093931975488064
0.10673387704597
0.12544234265466
0.112810046212
0.097028279349929
0.092725358471093
0.097910254143758
0.10775820669855
0.12081436067925
0.13744842750294
0.13954050683437
0.11081440365196
0.1180721908129
0.12199645116438
0.15026969669627
0.079239272810857
0.072113547091671
0.064301865857162
0.06258606294478
0.058917584474704
0.070095152843207
0.071867132108054
0.062513463661635
0.1031217410271
0.068577161349968
0.069629590280146
0.064474831648539
0.064205276406178
0.067562297054591
0.070715707499386
0.074551342826611
0.078742154253179
0.06021348598328
0.060850548841254
0.085947580165089
0.085646358721149
0.087590136098685
0.08968151838993
0.10184566815189
0.095032372028098
0.095344477026241
0.093015093781062
0.089416673211622
0.094129259982696
0.09410163202597
0.08348647839591
0.08900667785168
0.082627964954616
0.089027896168888
0.10745765796408
0.095522329755673
0.091229145711791
0.094082705970892
0.097953658112481
0.11531446447791
0.10637450467847
0.098622369213112
0.13190188066652
0.13416699100161
0.083431347879894
0.079034627668279
0.065387863565898
0.068151752540633
0.076226399731364
0.06487034946717
0.079396835536602
0.085282544794411
0.074507469223696
0.089801439291934
0.098964838295636
0.10453652303549
0.1095936340662
0.064722678151533
0.062652735737
0.11868820656612
0.10540608887505
0.11980015853334
0.11654636834771
0.11191293617116
0.11102594192982
0.10720594961067
0.11851374956024
0.11886069502746
0.066489214929065
0.129868015763
0.13221033969348
0.11394499797472
0.080525791356167
0.095170489268771
0.097699204712747
0.12475473234877
0.11371312875777
0.10034883524578
0.1292004289191
0.1290327056957
0.13288182328964
0.1395291124043
0.12373221204413
0.11143570529655
0.093591794491437
0.10724191458887
0.12433761092506
0.12321727655004
0.11507360867879
0.088667457129699
0.088878231517097
0.11461263788707
0.10251844546697
0.098398101746127
0.10488042454004
0.10989962658683
0.11867992224293
0.12160684213902
0.1102334344106
0.071001344672783
0.083166683765064
0.086445765939147
0.070793964393141
0.094496510391608
0.089948606214745
0.091031560032283
0.083753214966736
0.14401059195699
0.14467627254491
0.12066312318439
0.11781049590134
0.11005767541324
0.11347933757623
0.10746019318419
0.10136760534722
0.13577680397971
0.13682141491369
0.13085397664402
0.07405234213519
0.071217254104817
0.080870439205473
0.07444819318926
0.066031573293683
0.12325579388572
0.12721523971395
0.085945865012862
0.084598341118808
0.077144537120691
0.073662577310376
0.071971002537281
0.064782176349677
0.09038781855509
0.057652865323502
0.056494317689352
0.059078529125983
0.062907017047158
0.07310490822592
0.078413966508269
0.066506273336706
0.072587719455697
0.055944996876619
0.059401004834694
0.062800576175226
0.067029574116711
0.066132891230231
0.10302249132111
0.11508377127627
0.093429027109753
0.10047208340034
0.082056064572524
0.075635989216851
0.08010228332526
0.098086114544826
0.09216626295896
0.08410930077327
0.082483174680872
0.073398229918668
0.076348254863792
0.073442481514908
0.074179644743116
0.080274611410525
0.082889371722572
0.082253916331097
0.05841913025364
0.059877571783074
0.064616122775821
0.063215342632865
0.064121096272698
0.066059194940793
0.067162944490732
0.065657337558341
0.073896856134365
0.072776912275698
0.07031482963991
0.069621850212352
0.08482458856863
0.093483167340672
0.069014371824027
0.062612301597863
0.06340195049294
0.069902413322132
0.062887582409957
0.059357778690575
0.064351190089261
0.061001540430935
0.060623395796864
0.058403317056724
0.054249277719274
0.056861552873503
0.054002675991118
0.052024883474343
0.076828666092723
0.079197610451964
0.096810128226639
0.10747529462251
0.11538111506424
0.12002705721364
0.10777060004672
0.12572003967288
0.12372303862617
0.13348383623937
0.1332473141081
0.14072409505935
0.13216705327701
0.10266348910404
0.10475161255983
0.096520309384124
0.13010265160376
0.1178021970559
0.11807790942654
0.11350333894238
0.10297534336323
0.098288330519685
0.091325357020633
0.09265640570559
0.079532757013273
0.079124077983718
0.073338912840178
0.073341087580052
0.069528582516977
0.065588955358076
0.068780708449348
0.068118914935389
0.072997662818101
0.066904707208897
0.063656715482363
0.064932768704523
0.065379246372297
0.073811302198733
0.079934259096687
0.087214468123204
0.083458118583244
0.10660440438845
0.10099433177549
0.086556254848464
0.11661808610737
0.11185188142512
0.094603570879312
0.085331043220716
0.090589021401649
0.096580733093885
0.11405277958109
0.12611098573972
0.12706543474777
0.10788945357846
0.1213338664532
0.073820112802401
0.073431794014959
0.080305205676895
0.067312320979922
0.062095701147387
0.059637482520205
0.059079295176021
0.064524206666892
0.066827230726951
0.05878471131794
0.10180136976572
0.067811631237215
0.061988133974467
0.066184842332652
0.061538179995893
0.060854164534309
0.062019965477345
0.0641025113499
0.065679850028428
0.074504318617003
0.066626079455258
0.071689493705783
0.078335058878757
0.07577180966173
0.057589553554409
0.086171377358541
0.084790020678274
0.082065798311784
0.091263721275314
0.098033969812025
0.090240916058605
0.093912844564781
0.088947880517612
0.089387117354449
0.095101988032487
0.08915555868387
0.076786662453617
0.080608674787824
0.078742822278702
0.092924258297733
0.082364467528232
0.097875876204867
0.094010613105528
0.092213987688416
0.082989705112775
0.080924916243863
0.093783702677192
0.1106595375514
0.10740653771005
0.097553472723407
0.12369015489373
0.08416093963385
0.075025070053601
0.065027969593942
0.064313027952117
0.069398696870027
0.072457285312044
0.06358659769434
0.074073691254893
0.083814095763
0.091863773292703
0.106159872133
0.062377688761128
0.060684054584496
0.059625824578755
0.11557431915442
0.11010856904605
0.10347103529654
0.12048925690153
0.10613323865714
0.10298264295795
0.11586078673371
0.1162791986773
0.11468262253272
0.11847758490733
0.1091452641542
0.092210706231175
0.11545487823465
0.11131584474775
0.10495481053331
0.094233084119338
0.12120366634042
0.12119360156384
0.12935242549101
0.13283825680508
0.11847653938419
0.10704594195479
0.093777147274581
0.099486105113366
0.11711050146772
0.12320404758044
0.10603848550907
0.094656125409645
0.08435023947814
0.10631021819463
0.1016488066001
0.089310440583953
0.10126077049351
0.10909653576531
0.11093583049943
0.11231890030608
0.10276882670492
0.072210578541835
0.089365764128436
0.070972328094062
0.077599257454748
0.071956647589347
0.084340814514372
0.082448150830332
0.081832788635503
0.070530407966141
0.11816839360762
0.11344007876495
0.11260382793351
0.10625350928678
0.097468902127129
0.096345849036999
0.13266028710033
0.12219099229805
0.073793027120149
0.067480490701949
0.071941236423725
0.071399924372535
0.079432208851043
0.068995546543961
0.062580846462143
0.063136410477225
0.11875247708478
0.07356762053832
0.067931390268062
0.071081760480885
0.061891222052935
0.087032100297826
0.054778117267203
0.053016090545111
0.055372462838155
0.061105242681824
0.071325703774301
0.073683605718093
0.063710967192807
0.06845562439316
0.052301308602945
0.05641042622372
0.061450689884964
0.063812184965106
0.065315695253686
0.10632290955743
0.094546038890365
0.10020711682662
0.079165809038956
0.075922583963356
0.07009645666217
0.089750827448747
0.08726684663948
0.07969904993683
0.080907193973068
0.07470843990907
0.068214298215582
0.07129249456442
0.068386932443993
0.070127198680307
0.076213967370163
0.078062387444719
0.081177601125155
0.080870597813797
0.076958355308634
0.057222890866832
0.06059941923801
0.063014744009585
0.062239759519077
0.062417274787885
0.062193707624107
0.065607054420599
0.064684062843427
0.064846592979319
0.064590047759677
0.065814149789553
0.074364945835328
0.069040903267924
0.068857869376849
0.067407548497928
0.087759173675067
0.065155139750598
0.061369351293122
0.064565049384931
0.063340591114736
0.059048169607577
0.05631357717829
0.056130791972588
0.065031326983725
0.060937666120966
0.060897132526805
0.056239174720112
0.057982429547668
0.057553873682408
0.054477294747758
0.051117055207871
0.052509046820734
0.050949514377105
0.052658080613471
0.089604507173126
0.10240688841852
0.10935927559418
0.11323388540993
0.11440936186536
0.10806586161905
0.12053674275755
0.11816690961192
0.099615043891972
0.10246308258759
0.10135301053686
0.090414554037912
0.12271562156092
0.11660400153009
0.11330804101853
0.10325461412445
0.09406077537487
0.083312335861876
0.076603329571723
0.07398796556181
0.084122738427985
0.067801772081945
0.068760606568604
0.062512828234973
0.067100510976835
0.061548373222831
0.066784576982502
0.07015367096375
0.066702147126768
0.062325706521798
0.06145015759287
0.060335630150242
0.064034177182137
0.063532028173527
0.07487583151443
0.069910921186596
0.082893607237555
0.08286771639059
0.10768307437102
0.10235304584925
0.086168565515634
0.082860953419028
0.084017077640758
0.095189321777733
0.095935768189732
0.10472137437779
0.11220116881593
0.10795221771232
0.068339281193026
0.06733746570577
0.075123615582849
0.077130009140768
0.078184054877391
0.063776492962136
0.058850073113654
0.059211001670994
0.055311696061412
0.062389648479394
0.062661672564957
0.065520862343952
0.057975472632595
0.095115523649979
0.062349070559566
0.060225860949498
0.058312553666891
0.063168873066149
0.062481649020727
0.056841874671572
0.056544810867786
0.060236114827761
0.060848574204527
0.063028736027418
0.067059488467494
0.070252884114238
0.065189250684743
0.062936653029416
0.073546046443888
0.077181637621778
0.074395520391908
0.079597683941026
0.057508228897101
0.085311226214463
0.089902706473548
0.077499777490273
0.095194943087987
0.088419987923109
0.086050887300591
0.089431596480544
0.090045647019746
0.081693917188393
0.077617670797356
0.077023075306501
0.074895437009628
0.086196553454746
0.080574957154158
0.07837389818718
0.093121341136398
0.087646383107704
0.087463746282178
0.085074119074142
0.085361546659537
0.10576623406566
0.092325831357473
0.11958005706147
0.077524451030388
0.07452870276557
0.073222288517523
0.064902219001826
0.060483296082978
0.061845902064191
0.060107768883644
0.066078763949461
0.066290088300574
0.069322171783532
0.061224395051306
0.069886386059615
0.077833902157253
0.089655775917651
0.10069424177691
0.059708083367853
0.056703055996156
0.056560985077773
0.10798667697483
0.10449042172512
0.096081828872897
0.11583184629341
0.097245167492123
0.10815635594537
0.10882960713491
0.10795532852434
0.093183301819968
0.093284877097538
0.083233901292379
0.11612145188063
0.10272594034005
0.11170267770685
0.099082866365202
0.085710155302548
0.11899343072671
0.11359584657357
0.11734174650495
0.12011713387743
0.091838515347193
0.080333175935523
0.089715581777111
0.11076315193652
0.11450563372062
0.10238289002216
0.09314654873727
0.077583125692885
0.093187714583957
0.082056910253795
0.096784271839712
0.10975688912801
0.097710901338897
0.065873360852348
0.080392944675673
0.06647622078564
0.07149329200581
0.074037299968514
0.065407474055225
0.081547715155181
0.077572124303596
0.07235600007675
0.080029658422852
0.071266297157057
0.11271566595432
0.10832754667734
0.10020015435731
0.093344522321155
0.091447496821101
0.12366213211598
0.074383382173794
0.068235237954661
0.065828724511875
0.066192920180542
0.073111552607325
0.072730739766276
0.068440141880688
0.0662709596317
0.062448388853058
0.059626727757439
0.063028730502513
0.069186085214035
0.064873740053571
0.065249777583868
0.058583323100829
0.052214842803235
0.052808441354938
0.056083352936257
0.053913594426156
0.062320680163562
0.065708870113814
0.069043471777517
0.065002900687826
0.062034609628083
0.067619227650879
0.052385820891689
0.053107673480005
0.057777521728114
0.062109763669588
0.10668767651702
0.091342923785808
0.10316475123087
0.094374082927704
0.073552605826561
0.087991201778332
0.085284756523903
0.084786055264028
0.082890512145579
0.076315468144734
0.07570854921905
0.076117294656784
0.070833227532339
0.064511765280761
0.06764285125362
0.065713489074887
0.070011896033438
0.068735300594219
0.066762852099733
0.067623852877572
0.068543489841043
0.071531212225684
0.073727958778483
0.0808536394644
0.075847596617768
0.076287214349496
0.072904507638626
0.057081511480696
0.0590063396408
0.058799696502249
0.060897442972731
0.060751027551053
0.057572585977371
0.061189162603987
0.062839959537638
0.06267120892361
0.065132494526808
0.062466550587437
0.065906510204948
0.060506092287335
0.064805309698369
0.069973633983803
0.068000719676925
0.067084902213106
0.06566078763972
0.082555798209547
0.084027016408706
0.062663536250661
0.060829735844506
0.062581243656923
0.059228427666394
0.056185692003424
0.057645656118948
0.053624516704177
0.055501167824956
0.052807886287022
0.061212092964843
0.063826678247008
0.056250755603634
0.057094661401926
0.061817101167757
0.053974759466927
0.055163577136225
0.053804568211638
0.052735627102035
0.047988836390746
0.047636882726297
0.051670039868242
0.086625826149988
0.10469183954008
0.10839336089347
0.10509653031326
0.10781639270165
0.11233687113523
0.11141770492858
0.092196482698804
0.096473946005328
0.096642492446699
0.091402289745544
0.099420834791816
0.09546727535004
0.082428489588101
0.069754464045291
0.074875868004724
0.0742057855167
0.066886184600565
0.08161809161102
0.081821024691105
0.064705940829001
0.067834571131474
0.059511574430282
0.060916904388094
0.058215411176146
0.065263395436768
0.062730217616356
0.064470032803144
0.060731506953523
0.05727133109924
0.059447489479856
0.058631012092956
0.059160567789423
0.056171633296276
0.061105701239408
0.070062566974523
0.066977790943269
0.071807875516605
0.081604794584489
0.076344979046756
0.0822035544564
0.087107433181481
0.076151808805058
0.098047512756736
0.095794251209236
0.1009143448198
0.066790090398533
0.064200875568533
0.066507845458539
0.070079036053837
0.072378770272194
0.073343667526627
0.055167245159428
0.055978920273149
0.051563980530652
0.060084338145869
0.061191903316731
0.05434265215751
0.058482270703538
0.061867218008933
0.055133272393882
0.057308371427993
0.054325434753821
0.059329066914105
0.061965208038101
0.055630816411476
0.053556610085242
0.056168300529571
0.059886582933433
0.065131095067391
0.064774518097799
0.070181712269098
0.061341929556455
0.065513536538709
0.063977282738633
0.068911603347973
0.07237896373366
0.080462696259839
0.070608143719064
0.078648375417646
0.079763803057276
0.05193641091353
0.088896709341754
0.075228918708524
0.087277038240766
0.085577601578429
0.090534804903265
0.08003324701045
0.074733685608224
0.075699922170251
0.085840760818712
0.076630574790027
0.074663991741339
0.09412176023989
0.087689972779328
0.081531037681994
0.088290583014063
0.079168071606107
0.10511978891715
0.10134247121127
0.094489346992718
0.078252456262684
0.068379977841559
0.071893903869368
0.067089526029911
0.059819715240366
0.058279091833201
0.055999469467325
0.055724165805345
0.061073779630633
0.061557625936036
0.077733433030767
0.094543355513465
0.055951409877382
0.053922190314484
0.052462733421179
0.10180652168424
0.091943321933777
0.10390541583089
0.10453968427074
0.10602943093026
0.089544394259369
0.084239627908091
0.079206779537825
0.1131412573741
0.097436732948231
0.10370470050482
0.094809312731983
0.080214400093988
0.086307996871349
0.11096089941504
0.11330025822049
0.10921840040473
0.082721549386883
0.086655985440387
0.10680775313714
0.097837353410607
0.089604370089823
0.070975336629868
0.08876426237876
0.079739274304562
0.09284436387137
0.095062491891285
0.10163411388103
0.10737497689565
0.091278938042762
0.096405664679897
0.062748394556014
0.07846171708202
0.067389053757047
0.072376135104839
0.068848529204912
0.061803343123446
0.076767385761097
0.076019292120036
0.073851025510938
0.065573012055447
0.072848774559962
0.10578917058156
0.10343238462993
0.09889843794531
0.093710236283616
0.086949229287305
0.085359971617685
0.06976653796806
0.063412270463084
0.063651361427558
0.062922608458526
0.067164950437536
0.067157007738262
0.066094789058
0.058154799071275
0.056049294106974
0.058399900190859
0.068342575439741
0.063505628904911
0.05474940773441
0.048443655341367
0.049768711988355
0.054753876021717
0.050643973919394
0.059239433102788
0.064633967167423
0.06517961905655
0.064211967531562
0.057441522287339
0.065589061135046
0.052162619472385
0.049082991461193
0.057193687044666
0.055709256005095
0.05993024821474
0.08503268554213
0.10072397692808
0.090981385952571
0.071594385736779
0.082608221797074
0.085198643783921
0.092807730097147
0.083413016982012
0.080531079139511
0.07676985173201
0.071575243064242
0.072094189023429
0.071796977735812
0.077501018909897
0.069136600180444
0.06438988679173
0.065859369031448
0.063871223906694
0.06687596694677
0.066198662486516
0.063912993107943
0.066345256242344
0.067760462018546
0.072788286585839
0.070397110048147
0.074626459913045
0.073115239863858
0.073570643344661
0.073369421994921
0.070197283894471
0.052582298033287
0.054474377785533
0.055124860065597
0.057538836926686
0.05742179673508
0.05725243749086
0.056198048577673
0.058762589617717
0.05867771754952
0.06349566733573
0.062766614309329
0.059880987046109
0.062260713857592
0.057115780190838
0.060736743675725
0.062117580551917
0.065397770492966
0.080445448078442
0.058640058318691
0.055813147480895
0.058961695644623
0.056961300605974
0.053734973330899
0.055207062643367
0.053871121288224
0.05073941143044
0.052226356482348
0.050771568082158
0.06050201289389
0.054880658394969
0.055658712239478
0.061455453483369
0.052504195922123
0.052418506521559
0.050317034554397
0.048920804119946
0.047997871493551
0.048800919530003
0.081666345038252
0.10115779392066
0.10134155398453
0.10460192817011
0.087738731654649
0.093824712566001
0.099247043656077
0.089843090040401
0.095065369121097
0.086501294794815
0.10084875736202
0.091352048536356
0.076501850789039
0.068416676196621
0.076362628122847
0.068354743736683
0.064668388350241
0.079031066729467
0.077933410501203
0.059763151664869
0.062375292470313
0.058282636748955
0.0597971136119
0.056183787824079
0.060206274024544
0.062425657184789
0.057590024830896
0.063178401813783
0.056011621421127
0.055582696089417
0.054309952313975
0.05343880669616
0.05842238257056
0.058876943800732
0.064832418204738
0.073086021799462
0.07243101413611
0.092015708792332
0.075850203810078
0.078630392485594
0.072164460654085
0.059834108103669
0.063075179178168
0.068209327921248
0.067692100324096
0.070708207182466
0.074656971185279
0.050597997261933
0.051435322335347
0.051888030809485
0.06062341448158
0.056271971275773
0.059122730778202
0.050907791398694
0.057751969475611
0.057232327045078
0.060657716817099
0.059828185984766
0.05474435212362
0.050656027007578
0.053253404245668
0.052345421621615
0.054631222465658
0.056903293942229
0.062054200828739
0.067657786886571
0.063693231494739
0.05992963577143
0.062023386004484
0.061341950593675
0.06968082035015
0.072291232851137
0.082544428245422
0.068336811754681
0.076134775642426
0.078630152654301
0.04989898162102
0.074191065428429
0.087869810319428
0.081151823112204
0.085713122122133
0.076326320449743
0.077181984595394
0.069764989388608
0.071909094687072
0.074962167618164
0.08612181832556
0.082255743284428
0.078284004837623
0.068945820195644
0.093857474695667
0.079936430463075
0.082406086469668
0.078107709171027
0.10016564077171
0.090201497538379
0.075191362983825
0.064944942550576
0.066170995632161
0.064182884591963
0.054082251346928
0.055435721886268
0.055734044721974
0.060746768801031
0.060924821401022
0.094809311132781
0.052991005343853
0.054912008315268
0.04932625847638
0.10054188975136
0.086866400398914
0.080828835330685
0.077216307216475
0.10707251895242
0.10110247379865
0.10186694954632
0.078191701010023
0.084581934691615
0.084941218271358
0.10512676696753
0.082582182065013
0.079204019444862
0.098941459244659
0.091799005616654
0.081474312714128
0.072057085175731
0.082493797267351
0.083469698603788
0.088994053733377
0.089050513084111
0.090176556716445
0.083428155687312
0.092307874223407
0.062943508453869
0.062410804340064
0.070886409968179
0.070463767800159
0.065981784778773
0.066830781892663
0.063750495587427
0.071056406765862
0.069749143672192
0.06611675783086
0.062267430402532
0.068012578790195
0.10078525463056
0.10248269607307
0.096590243758939
0.096395656537923
0.088547205206068
0.085061237856677
0.08349906666879
0.066192837779929
0.060143073523643
0.062928959194078
0.060359487827778
0.063974350598927
0.066055975434553
0.062696694095568
0.06863736899198
0.054737571297775
0.052573740119609
0.056326248019133
0.056220724149591
0.065381742980667
0.059916549244518
0.050378105695912
0.046716455187599
0.048263124497928
0.051613580465324
0.05663853419543
0.047440918235141
0.060796153641882
0.06241309745013
0.056261655511146
0.062236659221656
0.049637548464985
0.046959633861864
0.055202776313458
0.053506125609832
0.085101280495048
0.08070332815067
0.09483224010428
0.067021583624828
0.07596139173536
0.084461570511811
0.077427771040331
0.090316502371418
0.093243128950296
0.076565446612373
0.073933968290586
0.076372509750217
0.071926208704895
0.06847608990302
0.068612352403974
0.067261288300934
0.066030724637346
0.061833177267067
0.062447665365798
0.059691192644813
0.06279287917609
0.06288540547578
0.059868199527796
0.065217033739662
0.063255211206736
0.064104157134445
0.069556945527089
0.068394206519452
0.072580987166092
0.07235945257157
0.070045506447794
0.069728865036159
0.070080500690046
0.069252796424243
0.066088455516893
0.050641056556863
0.052011805414089
0.055243402568994
0.055243873469466
0.054155099020394
0.055600735536084
0.053094430508046
0.055321286871354
0.062204625553714
0.059912095584959
0.062675067285043
0.059933083273506
0.053480119220393
0.057742807112984
0.058852578571675
0.063557557897914
0.079930531494933
0.055827914208497
0.057118225826683
0.054035446511012
0.057686064017259
0.051952100695804
0.050739600211084
0.051249291463996
0.049718386552102
0.048061445855604
0.050044402600543
0.048810857054434
0.048877631813803
0.05823156853335
0.052812620495651
0.059144848718187
0.055136725895877
0.051010346529355
0.050898903893887
0.048249619207016
0.046814348482132
0.046590887818541
0.075920369260993
0.082294169181796
0.10135441648732
0.08476758031924
0.089922276066202
0.096026296479813
0.086827997156765
0.082279714974114
0.089360432412586
0.072661561535616
0.07718556998318
0.066449038178532
0.06531179242026
0.070563391452415
0.076907507308013
0.070160121787739
0.064791320871811
0.060015052764404
0.07217042521276
0.07324712802134
0.056353451050727
0.057509799776245
0.055604908712124
0.055322657501849
0.052320447314178
0.055898564414391
0.057235500540045
0.057738445282459
0.062276931760701
0.054741751194266
0.051354362888931
0.051406997349539
0.054614871902688
0.04973015517183
0.055894732320563
0.066691674188823
0.078443011636768
0.072223179923653
0.070671891982134
0.065524235185693
0.060229346823962
0.064384773979291
0.061440940809154
0.063815293922942
0.068309614085452
0.068810068866135
0.07344424520263
0.051174443681664
0.05315079649307
0.04874987966991
0.058184742915657
0.055295866187353
0.056328323254751
0.049430741095271
0.054887297280489
0.053991805934128
0.056254626030542
0.055891819340318
0.052043246697718
0.052833132463742
0.049033666677339
0.048341044945361
0.0489486805233
0.049421083670416
0.052481462386615
0.050788070239093
0.057333427776862
0.063964285147398
0.06225799557058
0.066066993973197
0.059839664897161
0.058862576752012
0.056599639707824
0.060915722327828
0.063284522640756
0.063549313866154
0.059379260868906
0.06822831460841
0.069904564072449
0.064414647780068
0.077903486116465
0.069548562197003
0.08149480141526
0.07965320217369
0.07093704972106
0.072679837004829
0.068478780399162
0.066264663545473
0.06951335000848
0.069268645350199
0.080587692274276
0.078695239163571
0.074180611271951
0.065659412529259
0.087948232903261
0.07395429803971
0.078968613109715
0.07187113021484
0.09422217351284
0.087071109462853
0.072074486184308
0.062984097370338
0.065254329491503
0.062198151708179
0.051349753065943
0.05154512755337
0.056376026281851
0.058387649935804
0.049238277524314
0.052538061978803
0.050380284693503
0.093420468204034
0.077071233409831
0.072043949730654
0.10013607264514
0.071723714595657
0.080794772644294
0.081898151593974
0.082522677695601
0.071545706439693
0.072033899945857
0.092150876425223
0.075282675180612
0.067218346566572
0.075690286781738
0.08056199451578
0.083979058500472
0.079139564515714
0.084024925937515
0.059235777773228
0.063007152102514
0.060331062363139
0.062842866725334
0.066528471948011
0.067056145855026
0.065619051360909
0.064222394211267
0.05867389062984
0.067769946559663
0.068340483838783
0.066966857787617
0.062952406957101
0.064090263733967
0.067031522290303
0.097709822526115
0.09137196430602
0.089779292259472
0.085330360949324
0.079380126234275
0.063341605809543
0.05973921516434
0.062797004351174
0.057243096441875
0.064184719094842
0.058650059622737
0.064746973852176
0.053645070596383
0.053069224127711
0.054073208618254
0.055233840258776
0.05573743922311
0.045464540280885
0.048409566411433
0.046674452223251
0.045908518429506
0.051472258480591
0.047200928890294
0.054060389137289
0.047743541244469
0.060128212836367
0.05867439974078
0.054209641505217
0.058960922322088
0.05006616655323
0.047220674338156
0.052233872527516
0.079831717706812
0.091270753017036
0.074123128151182
0.074339803127608
0.070136389281274
0.079779323630751
0.079508804916132
0.086179764384391
0.070850637244796
0.070425091096233
0.067534184180248
0.064641518976591
0.064456831076705
0.064064565487492
0.063217739723525
0.058621323700107
0.060977847028184
0.059607300003699
0.06093439837307
0.061398882466258
0.058794615080111
0.062114054609833
0.062148101619609
0.066575206526519
0.063703996926813
0.07213021079907
0.07053678696678
0.07001735704943
0.069035960473628
0.066458356186394
0.068420962220606
0.067229504736846
0.063027269866429
0.050271901256192
0.052091789535383
0.052985724007549
0.053531364252573
0.053043178382135
0.05717274790567
0.053415862550587
0.058730075219678
0.059961559071079
0.053049806465827
0.050522891206886
0.054820461982934
0.05765106343474
0.055502229587679
0.07479002046315
0.05420564298787
0.057061312492847
0.053929378578963
0.051303216333229
0.055785070299497
0.049225869989245
0.048722137616547
0.048815739284012
0.047500191530682
0.048512596879104
0.049516668372086
0.047115755208445
0.046846655975076
0.04681412433149
0.049397914288349
0.056511380808803
0.052047627413811
0.049148259391733
0.046688537271886
0.045553540527072
0.072911709216456
0.075222205479242
0.093410650330588
0.085688382466397
0.076820919579347
0.090762307575002
0.0807072853328
0.081960926618668
0.072647136930882
0.067711459886776
0.074596825322423
0.062055892633442
0.060866968454412
0.071941997096512
0.066620970998459
0.060893081407252
0.066021005492323
0.057390695810713
0.059730573050605
0.068759554550052
0.070743403462819
0.07118024088047
0.054856254127767
0.056011370194617
0.051496700383505
0.049935271014805
0.05183268696152
0.05358185999221
0.058401657764168
0.064439445864651
0.051281760481151
0.049988873735145
0.048755794024568
0.050674914107554
0.047773720192973
0.063125369662702
0.075538442704727
0.073730252926126
0.065003954686074
0.058517904196826
0.057682905513353
0.064276108415933
0.060334320899731
0.061464403871134
0.066558445658824
0.047952237383744
0.050184410188704
0.046880806062408
0.055942419995686
0.05321923814876
0.053377769348079
0.055477202334265
0.047406881258382
0.052496110315558
0.051983386284551
0.049515054836944
0.051847139639362
0.046191521772404
0.048279554085616
0.046074710263927
0.048992947831168
0.049634636522667
0.054525005385719
0.056657569603484
0.058803428244173
0.062981860712707
0.063818610515443
0.059607948801346
0.05607475474044
0.060435270828333
0.054420941775297
0.059595694054707
0.060904476487152
0.055283345649285
0.064439073747387
0.067369203411384
0.071093658510349
0.060973256667553
0.066403601372226
0.077886287028634
0.071560308239901
0.06654262204867
0.065232268732911
0.066262632202601
0.063194715182513
0.064851803796409
0.069499419621485
0.069475767537896
0.077227205348201
0.082573732801426
0.072443744371824
0.062423873385806
0.073114160138361
0.076541328768151
0.068136813674036
0.090972318260773
0.073062830653232
0.06696641339943
0.063044123155567
0.058955318040529
0.062450620547464
0.057263384048702
0.048645785724139
0.048839575682826
0.054773741158256
0.049896820324615
0.046787356563508
0.051112171530271
0.069446300943492
0.068721358447175
0.09219717579035
0.071534668942963
0.077150766643779
0.076524956510489
0.088213848720752
0.075433181843931
0.086045696614824
0.071466251088916
0.074326497616491
0.064943365793763
0.078889690714764
0.082278414685314
0.054917660956129
0.05963321733613
0.059142043006588
0.058597952907205
0.062031876848814
0.059923399150623
0.065137657803884
0.067936799558083
0.06286772269659
0.060562946835645
0.065202037306934
0.065194744903245
0.06308754672867
0.058965012136516
0.064870389188607
0.09176115384496
0.088451289886814
0.08217341505619
0.078906902486217
0.058780286320473
0.055578340042084
0.058061505775725
0.054383790723609
0.060343229644862
0.058318754899715
0.055245153398977
0.049523728673371
0.052673962183868
0.048551759280135
0.051121830640324
0.056957168798238
0.050623310821137
0.053768113939099
0.045220758703281
0.046602540639275
0.047466639352978
0.046519884043219
0.044887188497343
0.044799526034993
0.048480440536214
0.048424477385383
0.046109333957757
0.058276577871562
0.051071596530414
0.04929418220879
0.04989716424775
0.076612158223998
0.072933946790798
0.072385006927694
0.06571665805303
0.077321179285906
0.07560985204986
0.066073667060353
0.066237823354124
0.063320650480896
0.061590101380171
0.061183208756858
0.06119626697423
0.058273630921934
0.058833206798772
0.06006024692944
0.057107314389353
0.061214571023437
0.060023251734227
0.063174299587448
0.061776104809428
0.069279613994022
0.072730563978025
0.065634183765602
0.063905945863786
0.062986583381796
0.06400206567658
0.064145091858208
0.051193947565778
0.047391932646732
0.048371491345466
0.050006999462049
0.051856177089738
0.055343448105087
0.049467504598482
0.050617687684292
0.048360750607527
0.052503900093606
0.055448416851993
0.053764835864279
0.050309584414946
0.054866036017964
0.051416569684156
0.052580282206462
0.049923197860692
0.049075454197305
0.057272110867926
0.046756114900193
0.046231058270041
0.046354476620657
0.047502341366433
0.045740696039825
0.046833372538051
0.048557588396837
0.046955705593772
0.044019363456439
0.04584011311869
0.046643421255182
0.048889733412333
0.054721134901089
0.051866322848843
0.048328072602789
0.04541687276562
0.046535194557622
0.043382527558148
0.069223695596046
0.072052223823025
0.078964082836052
0.072712070640351
0.075095272986682
0.075237811201782
0.067624634452915
0.064551177433696
0.069055020311539
0.05862045247255
0.062152999728179
0.061027015138001
0.05557104801451
0.071259397119688
0.067437525388359
0.065841903673459
0.059752110738959
0.062300675423909
0.054153613293804
0.05709363674391
0.057757979175137
0.06753129600006
0.068707676603237
0.068483135281665
0.052181673878278
0.05183913936909
0.047871042628996
0.046751154541005
0.051820049291737
0.047664759610169
0.050433024188821
0.054841755003606
0.057147078179966
0.060701841143442
0.051375129523135
0.047459939186643
0.048648755725166
0.048347147989364
0.060500165584715
0.061947470924848
0.056032355849905
0.054108274774542
0.061734913522349
0.056805259987145
0.063618945752537
0.045735322936049
0.046995180366234
0.046634264086891
0.055408547758424
0.051594540261395
0.050928656636368
0.055387713290216
0.052440092189202
0.048083741083674
0.045081788712922
0.050249118305457
0.051811368391325
0.047005683823861
0.04909872845061
0.044705290096511
0.045514064481337
0.044545725204746
0.046713039258062
0.047446899439985
0.052806162833753
0.055085304960955
0.057775113082736
0.059654645696807
0.06243742652087
0.057649687764588
0.057885689856906
0.05430499036989
0.058662906260992
0.052844929054841
0.056350023109855
0.053961978718975
0.060617192136706
0.062040417759807
0.06383490945331
0.068875777239084
0.056625358848264
0.067384744190321
0.064215236870227
0.060516262415361
0.061463579402412
0.059541576873493
0.06292204089282
0.065398154256582
0.068374929546166
0.064250003456667
0.073649052255129
0.076020834545674
0.068349188510215
0.071829125141624
0.070710150316054
0.072067177989754
0.065078432777395
0.058664675696046
0.063086768167639
0.056786765623667
0.05892697811887
0.054983819962432
0.054462210012596
0.047129026825142
0.050735040508678
0.046804846880194
0.048282888930467
0.066489486257142
0.069407334989328
0.069781719762423
0.07517662536123
0.072914098564753
0.072307984229529
0.076073918931424
0.0659951781257
0.068459203292682
0.064756753941246
0.055597322061986
0.054404090247038
0.057233358755465
0.058099700226983
0.054755378995293
0.059279132623373
0.058550476414695
0.061221075084108
0.062855721150882
0.068365966683132
0.06292777491041
0.057950317382143
0.060080926117903
0.060805654674584
0.05984512392807
0.055562871478147
0.060821783497987
0.074238920330151
0.057255472347352
0.057076002764278
0.056447308809761
0.054799180360712
0.050780997238052
0.056031858563398
0.053625769502381
0.046857064462299
0.049789198246154
0.048682173128319
0.048293610757024
0.049990209784081
0.054246143479897
0.051304720245103
0.042796915747166
0.044336968343965
0.045736659966139
0.045920959679999
0.044699123969972
0.043387851276478
0.042561213167578
0.045619267252012
0.046438682770279
0.044792617679625
0.05590432529309
0.047474991320115
0.047438013591393
0.068830858738533
0.065023076267224
0.062854220004072
0.072821267125947
0.061618945413702
0.061076036756484
0.059441614640618
0.058040090925261
0.061014389145863
0.056390834608105
0.05617976548677
0.057750199717611
0.055061667611972
0.057913544104091
0.061645453533659
0.056757998583313
0.060770961289214
0.059418100534492
0.065422227788751
0.063773859632098
0.06427277073645
0.061778939577243
0.062828589260542
0.048581994233969
0.046759181332679
0.045980960228038
0.047699053601964
0.050180619037161
0.051343438171236
0.054499456244683
0.050984164253615
0.047244182854819
0.046132512039913
0.051827620802076
0.052694173317369
0.054432237363339
0.049479208992675
0.052373618854855
0.050460180043747
0.052137233352037
0.049099552331797
0.046998525072428
0.046114529459301
0.055294522925061
0.045221841951565
0.045002612170228
0.044801127202519
0.045672758165292
0.04498063190625
0.045214008675525
0.050708213618099
0.044531034903051
0.041001422068639
0.043890890737038
0.044476343677586
0.044731199619537
0.046018613857937
0.053858371883723
0.051179439943161
0.050308513039893
0.046532417447947
0.044142506441618
0.042377901367288
0.06549820405106
0.067154135766511
0.070381454050061
0.071988530321495
0.064762442296227
0.062053613024893
0.057680707766749
0.054937011408434
0.059252375331584
0.056795471292362
0.053347098362457
0.053619505699274
0.066537320533338
0.062867331891746
0.057786949849951
0.058269234965734
0.063445818354066
0.06012789215297
0.050955415642775
0.053248310905737
0.05496957657814
0.064153328178848
0.051215224644613
0.050626100552301
0.049625709058167
0.046315120764966
0.046619836212185
0.051396656911844
0.048464489692601
0.048879667233027
0.048827072974528
0.053125123591648
0.060537316062917
0.047127363960164
0.046473942942858
0.048717757658959
0.045979178591271
0.059666608709899
0.051683287921463
0.056198741665138
0.054960647204798
0.045701715875751
0.046538957292927
0.044754255122139
0.051892115167988
0.04881322262041
0.050777793800571
0.048079103984423
0.053923833327681
0.051244949105429
0.045432798744248
0.0434287591164
0.04809859020351
0.048740360721451
0.044186202790289
0.046917452800499
0.047031624331962
0.049748691716811
0.043000748775537
0.044940351410217
0.044282847736522
0.043005052906312
0.047661266161224
0.044654293200651
0.052562449902244
0.050068444738629
0.053107164115564
0.056624761781564
0.059602108966389
0.0589475443571
0.0549165675803
0.055092110156569
0.0557036521383
0.052532373130397
0.054442039039254
0.054117329568343
0.05776299835106
0.05854084638015
0.067138171294489
0.055822000684472
0.066228673489871
0.061107500377041
0.063907357220529
0.059207692416053
0.059306556132231
0.058194379158776
0.058832351884625
0.06483338742593
0.065823661959635
0.061833674078499
0.070174012666268
0.070748079928341
0.066641364685289
0.068603515568602
0.068023796343003
0.068414348171134
0.062085892410971
0.058687940845303
0.054354419007355
0.057100026344051
0.050540135169708
0.046606923995492
0.04819941307574
0.046890440425688
0.045344389494547
0.062181353386426
0.066221552566799
0.066412696278027
0.067848427394755
0.067447282654124
0.059529027047474
0.055062641634294
0.054780669337788
0.05122883413947
0.056126343115246
0.051114259485148
0.054772285578501
0.059042597435578
0.059083320996305
0.064445874492896
0.062507281014832
0.060690656143504
0.056696085337009
0.057653733483992
0.058269039335388
0.055715071825094
0.055748939271375
0.069968242200852
0.054692431182096
0.055733717193503
0.050597014064058
0.047507970863011
0.054580936614119
0.054540216429792
0.051353106790841
0.045611095645111
0.046992356136737
0.049045465598002
0.047958136979305
0.047677486870263
0.046263555810945
0.050994804359051
0.048229020026707
0.048804373008171
0.043425121777043
0.041262669989756
0.044193732737477
0.042165255120015
0.0432841865346
0.043322037761527
0.044217405307862
0.045080946043885
0.04362915645262
0.043219861535013
0.042087846095389
0.045893649851799
0.044613626836215
0.046408311062563
0.064486366774006
0.068141259683258
0.061435030633765
0.058673731196244
0.060833895855471
0.067995039637664
0.058405846938582
0.057710868039062
0.056486789582796
0.056071585723015
0.057334045032615
0.055114096504093
0.054634803459288
0.05600103326126
0.055786526835866
0.058276264173225
0.054321662032073
0.05818754157368
0.062496204731173
0.063481233043228
0.061876807866013
0.060642346426826
0.061604292405247
0.060298041423397
0.058198919589038
0.060692381167486
0.058536723268232
0.04664180624287
0.045613597630956
0.045283979285421
0.046757262378012
0.048763180319056
0.049586916386597
0.053374749136815
0.047053051839003
0.045137580843163
0.044067765353456
0.050541219080327
0.051528309493463
0.046824296240348
0.050455655401306
0.051524810348753
0.049659542763912
0.052076083009206
0.051079098544746
0.046327987963016
0.045778260739974
0.044240166378261
0.0436137396732
0.042577265624816
0.040903523730199
0.044201255210426
0.044584084811313
0.044591303255268
0.042996914148273
0.046130300877633
0.048533294601972
0.040929721870406
0.038894086912058
0.039419649446713
0.041626568909999
0.041838622137107
0.045068151257313
0.048979090924924
0.047999403393568
0.047052899868234
0.039284971630117
0.064842063943264
0.062250054421502
0.064486096748484
0.066112992270106
0.058108216059807
0.053644596068547
0.05248438243937
0.055615882994452
0.060358874969632
0.05489343405871
0.049972404490385
0.049755327174238
0.052871525174092
0.062324403952993
0.055029537800027
0.054297857849148
0.058883020546373
0.061518735872593
0.059342790742095
0.050314073436157
0.052783575509555
0.051265106121638
0.052126195141934
0.062082029372341
0.049358577712018
0.048293176408699
0.04716600546576
0.046522264505241
0.047290217527487
0.047972677349766
0.047542421501376
0.046804423040513
0.046452020496416
0.056156148057468
0.044717260579524
0.045534604418064
0.046242717464297
0.044883250459721
0.049087562615927
0.055077699765481
0.052733971304943
0.044631406861081
0.044850469761762
0.042975504805641
0.05237822660323
0.04681253553454
0.053084097123223
0.048990996000009
0.046179488472529
0.053198705662233
0.048617714471063
0.049593548958504
0.044093845486177
0.041356233868609
0.041893423386196
0.046753447492564
0.042889034247175
0.044191059139154
0.046663270606726
0.04478640105835
0.047360127995652
0.048683826640858
0.049726005527008
0.04345575347841
0.042021278080683
0.045250821310439
0.043696850074964
0.04988748144344
0.050628115020773
0.055497135186459
0.058123126544912
0.056361167265403
0.05386302641285
0.051277473796245
0.051233707126476
0.054469710753515
0.057179906668293
0.055320985011659
0.06416251400795
0.054804384777125
0.051680646899393
0.061886597340378
0.057424937672722
0.059356007404792
0.055624544652135
0.057678471360841
0.056794281012914
0.061861833005935
0.064879009282234
0.063111480613185
0.058547290548407
0.060765714019702
0.067930447371788
0.064663194064421
0.05922935241574
0.055796588438809
0.051127057841145
0.056708962812071
0.049050334176671
0.045485147256797
0.045887027042464
0.044867979590343
0.043424183887109
0.059872907297062
0.064666742391171
0.06230822301146
0.063551040541356
0.063881138659519
0.059731027614645
0.051407678837473
0.050967960368471
0.048428541406437
0.052815198642166
0.05734232645697
0.049904949604853
0.050961289205251
0.054282532297332
0.056261265745856
0.061573912276705
0.05985044484629
0.053370381242305
0.056380842168392
0.056485893797505
0.055802276377061
0.051793249559811
0.06643780288141
0.052003686114466
0.051758871049392
0.050170079814516
0.048540196233939
0.052178267510188
0.055428116924606
0.051411410634912
0.045344819940259
0.046659592473265
0.047483900827881
0.048233281389881
0.045786148838287
0.04567838375947
0.048056994473037
0.044856444819471
0.050236138050033
0.049458599607114
0.048343642961762
0.045795041030818
0.040141024409545
0.039509802728724
0.039832551217644
0.044687382567245
0.042901182178985
0.040648505394631
0.04152000301991
0.044054808927961
0.041561019576553
0.042681591648453
0.043915893072475
0.045038605764519
0.041936326492177
0.04326069060149
0.040982006128549
0.039451841487148
0.044422471162461
0.062073433086133
0.063384315911368
0.061570887568264
0.057970137357221
0.05625977369236
0.057421428753084
0.055155890826029
0.055691954421014
0.054391354435744
0.054027725344512
0.055473635024514
0.051701689031903
0.052638346337973
0.054104810156817
0.053448114961737
0.054660364164996
0.060294089418951
0.061259035739541
0.057371455471256
0.056847689764144
0.057232575674457
0.062101426276705
0.056914286573465
0.054896809753878
0.057252474136962
0.056241837208331
0.045113699488756
0.044698396799414
0.043480642546658
0.045411229837504
0.047315285055125
0.048375613814182
0.050632796229205
0.045566532084057
0.042977498474655
0.040564845192658
0.043088373360072
0.049508477075955
0.048238039990647
0.049620248797098
0.050778065440609
0.046581551939195
0.049281756657548
0.045270882139402
0.044999730895252
0.043462384509906
0.040765302985561
0.041216778657501
0.039056702486684
0.041369516265707
0.042247465020499
0.041938539850012
0.039672565637543
0.044465222711483
0.044721963570777
0.039110763285241
0.036345865230876
0.038743666482468
0.037568033071006
0.037726897256066
0.039594266941561
0.041336832601781
0.039447039962749
0.044094442047898
0.047348182986318
0.045114669966921
0.062190806501478
0.060094077080204
0.061414456056505
0.052841306158966
0.050073445828897
0.056160842979612
0.050720383405149
0.052675946063029
0.047331637917331
0.052990728857011
0.055955310725465
0.053278592993937
0.055466029510506
0.050557593874681
0.047904344276853
0.050148533617033
0.048003639496435
0.048773055481153
0.052351291780772
0.046598032664024
0.047424430719994
0.045774549246226
0.044402548908152
0.044659928664677
0.04729719436406
0.046148206056366
0.044297628376619
0.044309663279053
0.046054310811196
0.045044697944725
0.044500619517745
0.043158105508563
0.045199861237399
0.045243292418245
0.044312926998011
0.04655163808544
0.053041351165218
0.050026919220696
0.042791473282561
0.042655181674506
0.040920001559358
0.049446538816878
0.044765393357326
0.050585633348321
0.048159785658609
0.046838315438601
0.050315966149586
0.047206630100873
0.043677988594418
0.041317260514503
0.038532067009529
0.039820821193381
0.041880607606875
0.038914958587192
0.044120669579079
0.039924576424515
0.041801347758521
0.044024795108975
0.04201058003407
0.047526127634291
0.048281365397997
0.041437786111316
0.039019256919965
0.043398131892508
0.046069783962819
0.040995969812783
0.048375209213112
0.049221166183136
0.048884230505067
0.053200657700726
0.054993094244061
0.055329033278008
0.054571463265956
0.052215996917441
0.050862924801974
0.051290957054355
0.05293259655104
0.05378739093608
0.051483282999011
0.049819522818044
0.059367397143558
0.057291013743504
0.059274136818458
0.052383720805657
0.054045749553093
0.053637186411875
0.060656848637146
0.062278527805523
0.062095156369482
0.055415997939391
0.057046076275629
0.058665481221957
0.056619997959235
0.05396103360406
0.049059449105556
0.0542583112855
0.048365124588516
0.043683697836195
0.045810676190038
0.041825499074987
0.040653416267387
0.057413820343587
0.060183518399065
0.058613212594195
0.058959935940592
0.057411940357835
0.058475882448189
0.048444153399689
0.050316115483795
0.049304735777994
0.050616024593929
0.054833581662079
0.04756601388141
0.050193140440871
0.052596450814535
0.053472246683491
0.056264307414508
0.051596327281718
0.0560211717385
0.052289374422011
0.053494243102516
0.051893484347946
0.050742165822923
0.063311990683868
0.049178326856201
0.050210768919297
0.05048893634079
0.052856547975957
0.050399962605351
0.043800690811131
0.044376405633139
0.045426531819695
0.046143795614857
0.045182275858325
0.044543764891787
0.045722977153976
0.043818861422034
0.048457483075965
0.048054169007839
0.046260122615735
0.0444020140835
0.038467523556333
0.038131349930107
0.042760655067906
0.041956407091071
0.038280492456964
0.039849704464174
0.041787897364176
0.04542923791479
0.042268376069603
0.040701820962462
0.041381272201127
0.042274790359911
0.039135240421302
0.041293561969247
0.038552714132126
0.037322648605149
0.042788202608513
0.059547781074711
0.060203381958537
0.062402577458307
0.055875079714181
0.057058004799934
0.054251845647225
0.052706595886107
0.053322458369549
0.053222609414341
0.052645608364489
0.050689834562385
0.050022752142623
0.056717087560729
0.056802045918137
0.055548340306978
0.055862999430537
0.055650766192398
0.058134517169215
0.054587337772051
0.054920203731303
0.051776855678471
0.054180751327088
0.043119031997047
0.04462293140878
0.042894707283275
0.041268176398185
0.04570821563061
0.045643425322094
0.046313850558144
0.043292092231262
0.043707337545347
0.039698657239223
0.039064596378601
0.043102204768508
0.047342959273635
0.045405029300629
0.049050535032004
0.04996300857032
0.046688681197802
0.045559484863761
0.044748449083899
0.043067109754458
0.042725438777585
0.04072040925352
0.038675452060943
0.037916246869063
0.037976049514246
0.040140453981149
0.039421590513411
0.043242644246445
0.038153759674892
0.037245483039989
0.032690251856095
0.036970809579352
0.033905363984215
0.037398343584924
0.034002655223977
0.039105747800085
0.057400806694161
0.057120439170815
0.058110591662159
0.051361698073481
0.050221936570213
0.04779793198153
0.053518303374434
0.048664797382742
0.04663721050932
0.051730330102658
0.055228829227143
0.054933384144093
0.048027526178759
0.046632717767109
0.04672071036497
0.051815792075154
0.047375360708547
0.044927185568243
0.047075776111427
0.049617025409842
0.04490572106182
0.044205979240524
0.043468501622443
0.045645442448474
0.04621087455065
0.043748175140519
0.042904106582499
0.042710763777907
0.042543286281771
0.041790108926688
0.043527051330151
0.045521629967362
0.042579833891378
0.042425404292003
0.04168088228309
0.041790024943258
0.043793567610796
0.041308409710205
0.045973474207269
0.044205006931398
0.049945616613485
0.048607130774964
0.040888381812745
0.038085967557301
0.045222174874331
0.042393468166358
0.051226367561029
0.047510102604218
0.045827191657483
0.045380907001672
0.051149613330274
0.048205134067506
0.040523337269585
0.039137996865487
0.036614510903222
0.036425500827556
0.040134133149658
0.038684329882781
0.037217225344997
0.041839254277698
0.039263529672233
0.03832204854727
0.04167984173808
0.045419484707351
0.047408223527921
0.049526744469761
0.04024966779809
0.039283655118208
0.037207371694764
0.041207917753319
0.043422194600455
0.044364541759531
0.046146409395769
0.038887867591641
0.039310310558839
0.047477701127241
0.050980625789189
0.052548502432244
0.054596579355547
0.048598585415612
0.049765283375706
0.050710785237783
0.053268156135234
0.051097754619385
0.049403755411778
0.047942593097237
0.058288753396882
0.05769592890892
0.054543052716629
0.052216539567347
0.051217115131117
0.051294843381018
0.053251833880729
0.054267711892012
0.05664893509178
0.05559117334108
0.054217314169312
0.050769144148543
0.053380876110795
0.051791865117944
0.046120435313399
0.048553631968132
0.041252380399643
0.04248410920358
0.039514743603294
0.038122852279517
0.056433128134763
0.058118274925751
0.056330952094537
0.057278826131186
0.053836719339278
0.054931397711936
0.049256043089265
0.048174634474124
0.049255522509598
0.045913971163689
0.051847117377785
0.053698788197805
0.052768457508715
0.045917241383891
0.047576117018391
0.05029403850272
0.050187612001092
0.051913934934187
0.051433295606694
0.050776070446586
0.048427482940351
0.059380979032705
0.046164282220322
0.050381571443177
0.048797377227881
0.052324486841282
0.04863358779582
0.049150172128978
0.041915055341175
0.042453813492254
0.044422446474409
0.044725941516674
0.046029366186898
0.044671774498951
0.044513138468593
0.044464459535275
0.043337345892618
0.044736827934768
0.042697848490807
0.048988846047296
0.045972523203735
0.045714405175486
0.044802451014521
0.045746974028513
0.044515156801798
0.035540664745815
0.035468354309526
0.036853256668835
0.04219548911116
0.040650743264946
0.036274339411234
0.038201663118135
0.039635092588606
0.040280871065088
0.043597599946753
0.039031148210244
0.039418114198172
0.041090750805889
0.039031721252475
0.037211487440961
0.038005128842827
0.034410276069855
0.056013626528372
0.057981514618233
0.053755215197071
0.05404086240991
0.053746374248204
0.051373595652251
0.04974614968772
0.050196688656497
0.050264261766536
0.054568127037388
0.055518056208341
0.054209024694596
0.053454808160804
0.053783506701495
0.053928965170964
0.053662064080545
0.054078613059917
0.056590980804471
0.051399725610419
0.049832420822835
0.051442833104522
0.039511905766669
0.040986949779745
0.039498833431684
0.043979394395447
0.043796087986391
0.04080621242488
0.041355265239219
0.037731028194996
0.038305130333107
0.040472209165969
0.046847641687586
0.044465864982196
0.046568530437674
0.048065562981925
0.046014155455041
0.045409243866565
0.043757832274549
0.042483386927895
0.03998434155933
0.042409356810092
0.039204123652337
0.039153005295702
0.035463691514399
0.035667478786414
0.040061042182921
0.040890011300471
0.044282624272687
0.034872648264109
0.032865423805852
0.030420246583034
0.030889388231548
0.030896340050612
0.034483011154633
0.037261921209848
0.034713358500629
0.031281335031743
0.037490124993863
0.055344999979256
0.048947207800838
0.048047533436644
0.046396523953536
0.052347942723338
0.046678866596722
0.044969388457774
0.052740848577561
0.048792543979839
0.052755023101845
0.046585712963066
0.044181420349523
0.04546840914042
0.048551533407805
0.046309132376699
0.044346683753884
0.042406932598999
0.044392485438912
0.048363971839834
0.041863056099269
0.04261508109591
0.041084078194936
0.043179717282016
0.043891133222774
0.042335775616167
0.04079952239792
0.040405618335988
0.040670808072166
0.041109510776414
0.041543339019392
0.042871149214406
0.041092993477468
0.038552845725969
0.038981192775921
0.041317226292435
0.043530013962701
0.041756663822524
0.038008395272365
0.034486700417222
0.042876299992969
0.040185904876167
0.048834436615565
0.044137802065718
0.043276279013129
0.043041898202465
0.048691697597456
0.047546149661715
0.040428907214793
0.038727974686955
0.036800062725514
0.033296854704249
0.036043166320937
0.034776935817772
0.037531262502979
0.034120478634546
0.037799362991654
0.036867397778266
0.03559354072102
0.039215956346548
0.041080258889414
0.04395980065848
0.044313638989569
0.045051049271855
0.037752332175542
0.034147759218681
0.039608725681913
0.041411907510149
0.045362748199066
0.042734664846565
0.043728843353133
0.037817919575039
0.039731315314525
0.050901331146593
0.051289220081828
0.050519163641518
0.046812078987573
0.047079688391551
0.047992301933396
0.050082185994094
0.049292713102759
0.047800624107798
0.04602911032002
0.055546366155406
0.05422787029611
0.050370284812671
0.050369654159
0.052016502301772
0.050816146043878
0.054156265281593
0.054784196429124
0.051126068708958
0.051044532578002
0.049557996728789
0.049847516454589
0.043417492855635
0.046258121063497
0.038820766635641
0.03603181647445
0.034701045373541
0.052827825306494
0.055203522960031
0.052679212983504
0.054065519952337
0.051218837354009
0.04668098448746
0.04702891424495
0.051343308148668
0.049945014659306
0.047070526906053
0.046444679761428
0.051140361661231
0.052015811562335
0.050546113593703
0.044687095918448
0.045962230550189
0.047400404980034
0.047767003695233
0.050828380581291
0.049634062659811
0.04831889969106
0.046457924959401
0.047671904900713
0.050025711471448
0.050707935050655
0.046070155447025
0.046302378727017
0.049328492627603
0.041090235691949
0.040341513496134
0.043248845429249
0.043560849353263
0.041875731318777
0.045369646128757
0.044801205046104
0.04362640035427
0.042977086843104
0.042819285293693
0.040744541213195
0.039202841086036
0.046789378129901
0.04498007898084
0.04462114933566
0.04438091287751
0.04440461629064
0.043714777036121
0.044628883314389
0.042333098172033
0.033866251767999
0.034652180401184
0.039687771150623
0.042960080642424
0.038277640274482
0.034048855653223
0.036423198063248
0.036438991998444
0.038431259267855
0.039322674288278
0.037038611460733
0.037118163698072
0.036536082968917
0.034465117432663
0.035666502117711
0.03654812521811
0.030865685765313
0.053017139687131
0.051301725410341
0.051104414416437
0.049684000413145
0.04736589076275
0.049405075383117
0.048041465395606
0.048427785439914
0.053063077764084
0.052344460740035
0.052749386927353
0.052165479772391
0.051041896976964
0.052138497482083
0.050722213524905
0.052085140721014
0.048663168695878
0.04702115679576
0.049680104279849
0.050648961038201
0.03750573033495
0.0401405988021
0.038909628997083
0.041821672215929
0.041262507606153
0.038521295539933
0.039563809579394
0.036299474269502
0.036097189104394
0.039703308420058
0.043550476033918
0.046500180046323
0.04278047045909
0.041770983507959
0.044515025416348
0.042042701611173
0.038573983513138
0.039656872987307
0.038053338101526
0.036470589243728
0.03447040819179
0.034015621274154
0.035720455630989
0.038429849453532
0.040769474658226
0.043021066692444
0.032039842277501
0.034453191837536
0.028231964797925
0.031670169839689
0.028723342200971
0.028959120322273
0.028975677730974
0.033796772916934
0.035079456291463
0.032264385381186
0.028956972672863
0.047327538843208
0.049051219470168
0.047574261083813
0.046677907081073
0.044580425505506
0.046039815333395
0.042750919643383
0.050239124689777
0.047516623122337
0.049649122460554
0.044031905969167
0.04156747574834
0.042680818951209
0.048458476581292
0.043790010497585
0.046438411487811
0.042851604169207
0.041477692552728
0.042429053728817
0.042890807105861
0.044938740880328
0.039055841780049
0.039057221668894
0.03684760862286
0.042005984047746
0.04202800697534
0.040936043640933
0.04014316017946
0.038499263910706
0.040301139305496
0.037550892331906
0.037778893659198
0.040186489382603
0.03823573233513
0.040510261928626
0.03825404947108
0.036318604992243
0.036878106941196
0.039486575221747
0.041433232655773
0.040410498631372
0.034615918838452
0.03154854856664
0.041005978137733
0.038971396172701
0.04740780916588
0.042760191065276
0.041974678044476
0.0444376331403
0.047465150541741
0.039530405216759
0.036599357470778
0.036600115555767
0.034971544660587
0.032775032845521
0.031199452456237
0.033061322834433
0.032495445618552
0.034341462211134
0.03372442106745
0.033459254538572
0.038700784266043
0.04259455296269
0.04265560703289
0.044457911393243
0.034961874586635
0.031287758280059
0.038609034662342
0.04095317816698
0.040231994795158
0.044696674936782
0.042827971536257
0.042131664733063
0.036287022758814
0.038042450661578
0.040503542737547
0.048736749818789
0.048810102854356
0.05029159127548
0.045580363322466
0.046983355984043
0.049298731492447
0.04797000337368
0.047537877858216
0.045791506236145
0.052076241042339
0.052129997154077
0.047247164015794
0.04725828447634
0.052070811874621
0.052080883735644
0.049308092277498
0.049226952616917
0.048037374938626
0.048050611339247
0.04236629695795
0.044741574078685
0.038890747771986
0.034997101708391
0.033727985759106
0.031814719717323
0.0521757216115
0.050841329836644
0.051208280898527
0.04907340415656
0.045263387172907
0.048205922341445
0.045853797383085
0.047609700711199
0.045708550550281
0.044350002464345
0.044733988692615
0.048312957695736
0.049229503045184
0.048776093544616
0.044753945380745
0.044256885954903
0.046859031844833
0.045881622474229
0.048448743019697
0.047449909437453
0.046215252634935
0.04610950066449
0.045829159322039
0.047109227751431
0.047886611662215
0.045172152857107
0.04605899386609
0.037736728884085
0.037528704515426
0.04060581836087
0.041562612049548
0.040567112150578
0.043016521639829
0.04390039268218
0.042872125932097
0.041647773003805
0.040718634546186
0.039869023502485
0.039115563408499
0.037799950853834
0.044515688968662
0.043739114176306
0.043274149073353
0.042699361417991
0.041407815786465
0.04276499337485
0.040714263374212
0.030716995172507
0.034111201323131
0.031473836633411
0.038988521018122
0.038208493137125
0.041227834020136
0.033961747217569
0.03176584808073
0.035867665450781
0.036537435112901
0.034381931166559
0.037874561567694
0.035170335451261
0.03489056469745
0.033717248940421
0.033382875327837
0.03081598834407
0.049409955991857
0.047487873846749
0.046351889732955
0.046612645781851
0.050418774702896
0.049739168636076
0.051067390910688
0.050334904240473
0.050555715863088
0.050466442745017
0.049529782668623
0.048651425055315
0.050383813567663
0.04901665068426
0.049868922749614
0.046769767763078
0.04725503223029
0.044750586948859
0.048972819328218
0.037506647165011
0.036380251347932
0.037363513277856
0.037271106465231
0.038207634888943
0.034587046446553
0.032000260984513
0.039149223259724
0.041170857983065
0.044415824729406
0.046572138300934
0.041921635302579
0.043066155435641
0.041542581633344
0.039946531879605
0.042864106071003
0.040074593685509
0.036325327336833
0.037962214510997
0.038983811055241
0.039152994498637
0.03580927607162
0.036234645645134
0.034353365506483
0.032182505004118
0.031996701643451
0.033533477193153
0.038754008294989
0.03940256759034
0.028742582250226
0.031017751046869
0.027777742631231
0.030108146291151
0.030347592551102
0.028736078535057
0.026682649080374
0.029087355811061
0.026687626450633
0.031639304675747
0.033426899009392
0.030857086572197
0.029280679520512
0.045821546651122
0.045884082219994
0.048187949858202
0.046152916169274
0.044756534141627
0.042492661662047
0.043354362015551
0.041415774238952
0.04740130184789
0.049159637457197
0.042004836243916
0.040631924906434
0.042000742386605
0.048343228872913
0.044023842337425
0.041746382732036
0.046318272727589
0.044287209208475
0.039220151814487
0.038342611160504
0.04148180702913
0.040681899557451
0.041546317395056
0.041678215245341
0.043983306217514
0.03705113925654
0.037802536878831
0.036567073036671
0.035826491852001
0.039659750184519
0.038137977549189
0.040509973012466
0.036294945773086
0.038265767954628
0.036754049331493
0.036503811634601
0.036189928686846
0.036681654437285
0.037835830666655
0.038492421380799
0.03459923579388
0.03466164304634
0.035469410238573
0.031323602871517
0.035510638400071
0.044795876636186
0.041716818682946
0.043773494633855
0.045304823988726
0.037452447465499
0.035864527013966
0.034848544145475
0.034812586542343
0.033121738832285
0.033496255474691
0.031246547905492
0.030371889297492
0.030453453699032
0.031905110788776
0.033949454794615
0.032386076647174
0.032357117231498
0.03217605440041
0.033144412677539
0.037443648829331
0.039580531556303
0.04309169867814
0.040572494180967
0.043157076190616
0.03053168642994
0.036613418784711
0.038824063504003
0.039875227433676
0.041402232680073
0.04306313122941
0.042022131300202
0.035767413307705
0.035629530552152
0.036466205454325
0.038682286915526
0.036932786266824
0.046574237183822
0.048530049063152
0.043529873663025
0.045031803263272
0.047057886923894
0.045987747924278
0.044632352306056
0.049819157271548
0.05062734745627
0.045965805861019
0.047023231569675
0.048486320348687
0.047707442182919
0.04519322932553
0.045256233887196
0.040608910069349
0.042892319593921
0.035913076456745
0.032057042421208
0.031255874566771
0.031447429143163
0.04947975983355
0.048227786827357
0.048824011306768
0.049800817081771
0.046380186567965
0.044623196349862
0.044131306042194
0.047437099405846
0.046017005267977
0.042598308705827
0.043154243921581
0.046756125920754
0.044668343941251
0.0444322798067
0.041731082719819
0.044613682055589
0.045864988712565
0.045410275535179
0.045969534490713
0.044934166906965
0.046416287519574
0.046171085437806
0.047135244095493
0.044437414396922
0.038431835542221
0.034731069593023
0.037051684863759
0.039651788934904
0.039749366852084
0.041319565109878
0.040770379956956
0.042587283351654
0.038563765705594
0.038132478542638
0.034834063845939
0.041117530436866
0.041299454758687
0.041508817223392
0.039870395604729
0.039905090512888
0.0426213167495
0.040083339302131
0.03865796002387
0.028473864726795
0.031483555664901
0.037726068413851
0.038814779529931
0.040912130333003
0.032482353454573
0.030596857614393
0.033843448541539
0.034614668986426
0.032618623046307
0.033907023688976
0.035851135393557
0.033225153921545
0.032743023074898
0.030571181469329
0.03083978917771
0.028732637719108
0.047869387762994
0.045248716187189
0.044898450160941
0.047097998147207
0.049338145327645
0.049282768410655
0.04943663137517
0.048984547592491
0.048853728451281
0.048024734214876
0.047144605340772
0.04675497071272
0.045410544567863
0.047291847764403
0.043270024722006
0.042850870883193
0.033217794611829
0.036685630225302
0.032064523878892
0.035279106225858
0.034720922379128
0.035690993013621
0.033972929567754
0.032305761317563
0.031064471754292
0.030253962434782
0.036400237053119
0.041256419499314
0.042760738745804
0.043946797097223
0.039667213000853
0.04199452743992
0.041285851263243
0.039818184927542
0.041113841753853
0.038640864360544
0.038520528616189
0.042518604414267
0.034858732217059
0.035863811596642
0.035760481225723
0.037214807395293
0.038452502601608
0.037646532856576
0.034654234464618
0.034743286412908
0.035424118740224
0.032692521213676
0.03100406867834
0.03075044146574
0.031747991755054
0.036858419708038
0.037993476945331
0.029111578818326
0.02842428851737
0.028683719033407
0.028958635113824
0.026827141059294
0.026089987844642
0.026975956307061
0.02603389298875
0.030694967202078
0.030954496164896
0.031767248830379
0.028723074977641
0.026811040013152
0.043381149200729
0.046345431438193
0.043062087990482
0.043302184067587
0.042373843794107
0.041067060245557
0.041169480365245
0.039007959276634
0.046324901029935
0.039259422298844
0.038000097860132
0.045652224420369
0.041875298064534
0.0392246722092
0.042075057507362
0.044725897245539
0.044350754504795
0.037226951962303
0.038655457076463
0.038918879443651
0.039282981640163
0.039353080723205
0.03550891220245
0.034207659009076
0.034092656571105
0.033247428648337
0.036747383059789
0.037440890618784
0.038541929442999
0.034607711056348
0.037592472316451
0.035157695952216
0.034910849030684
0.035424389545128
0.035454514603253
0.034895330658377
0.033704987307729
0.033804001468734
0.036926848555817
0.036411502988243
0.032317319011373
0.032142121668533
0.033109879662227
0.028533385686422
0.043936991009654
0.038743917441774
0.041870999996515
0.044646513047688
0.036911211060068
0.034610422062542
0.033890705459578
0.033566436304881
0.033631523069814
0.032012209427446
0.029544677944836
0.03052139798139
0.028152601951861
0.028402740449266
0.029590904284895
0.032309066939296
0.035532047587986
0.032251078056142
0.031350424804297
0.031593907631965
0.031604662180597
0.032316037826711
0.032105309704542
0.038131661491616
0.040140690223165
0.041404777222954
0.028318731547717
0.035967259909052
0.036686215096958
0.037541736273933
0.040215175639148
0.038350975560176
0.041298614378484
0.040514532910208
0.03507192140251
0.033850984970361
0.033993380418505
0.035914668334629
0.035299997257461
0.039011506489519
0.036703279770234
0.046826310586278
0.041580194933521
0.043566844504531
0.045233636959524
0.043718547373379
0.043119346060353
0.047897189353914
0.047637191940226
0.044246323410339
0.044926948127401
0.04597149239532
0.045464620977009
0.044477626782899
0.038712720905686
0.03288451221117
0.034118768332623
0.027917241582838
0.032076018070306
0.027649320097748
0.046500986947587
0.04577494029492
0.046417456132889
0.046967195781843
0.045021771674115
0.042433712299577
0.041444947951448
0.04492825543194
0.040921097538583
0.040997153539155
0.045470798462629
0.042233946366546
0.042069814652106
0.040429871970581
0.042804631258637
0.044070520995827
0.043701728174613
0.044897477608792
0.042818822797433
0.045154267178352
0.043971119943479
0.044643193588269
0.043288976474398
0.037365876383498
0.036519194039866
0.033090269471385
0.034689026906213
0.038761882936519
0.038962710461405
0.04009277243243
0.035821882107502
0.034470810212074
0.031143442937176
0.039724249647738
0.039971521438902
0.04001071193041
0.03812717523776
0.038190020052451
0.039964512790803
0.038152330871682
0.035466483214443
0.028748025662
0.036059977131527
0.037838594808924
0.0406118056386
0.032194657382974
0.029114337678272
0.029565524685935
0.033691105548847
0.033291865344822
0.031006373426271
0.031725363304404
0.030885264819636
0.030127723764331
0.028430999661546
0.02879891166267
0.045656145646389
0.045460040616322
0.046794704436933
0.047320174124572
0.046512044866426
0.046567774240559
0.046820072207704
0.046455705018131
0.045864541504355
0.045230182572473
0.043870812785385
0.045195199352391
0.041867672028036
0.041223843549751
0.031385563507379
0.032941584188285
0.03253883843225
0.032131500110373
0.033742387985615
0.029403389707273
0.029983508615589
0.029847623448873
0.034808757257873
0.039522543434031
0.040752908832242
0.042610526706211
0.038091995143459
0.040036684384271
0.039599414693507
0.043336424354379
0.038957190400986
0.041345866791104
0.036885573829281
0.036691034361159
0.042489980211981
0.033543234163445
0.033772112146844
0.035005194227779
0.036676444248451
0.035926689771918
0.033747943802544
0.033763541043045
0.032422182527527
0.029152858566071
0.030451540140665
0.029412036972171
0.030873356726881
0.030935683107534
0.031856422794654
0.036027671752042
0.029303471211501
0.026718462059714
0.027580662064712
0.029623567283141
0.027574485840892
0.026085448509828
0.026792171093349
0.025729730649722
0.026931719811737
0.026202920230674
0.025695406849152
0.030137785840016
0.029905658768813
0.032230758764006
0.026994795220652
0.041923997209385
0.043177424607154
0.041593081168469
0.038646558541031
0.039206349629615
0.035937610695218
0.044629013784118
0.037145836216456
0.038991535596633
0.036488713104053
0.04509848866164
0.042173556039925
0.040632056605376
0.036654987282779
0.038755825969324
0.042016196411919
0.040650850297759
0.042673788571152
0.043407269073556
0.036045683386658
0.037886824936251
0.038220680363621
0.038504277060274
0.03085677699295
0.031063191800888
0.034265438697991
0.031146345119454
0.034710071430622
0.035826542186877
0.033972077564566
0.032084555983518
0.036169219908075
0.03396059728692
0.034952042028374
0.032707924622794
0.033796807809416
0.032442234739562
0.031384752653868
0.030256640485269
0.035218047031219
0.029928773926749
0.030326350625257
0.031409569227734
0.028348883464982
0.041933940610918
0.038920448664173
0.040313990017632
0.042829674705609
0.043047598519861
0.034644723849881
0.036104970190469
0.031937037486471
0.032017915864421
0.034101710253136
0.030996757002454
0.031008387102269
0.030531902213791
0.030607607080107
0.027436026650899
0.028655905494199
0.026858439444165
0.028175497974148
0.028185925623567
0.034083021901775
0.030914721487227
0.031991289188583
0.030618590314079
0.027979484830357
0.029105799443587
0.02756671932928
0.031378671214555
0.033096494485622
0.031625534544795
0.036937554956134
0.038397563389684
0.026643280911075
0.035987424507207
0.034563416145082
0.036184410652092
0.038518511332386
0.037732998800945
0.040149903629423
0.04150929544745
0.033357162419711
0.032475253273133
0.032954051037971
0.033942939720696
0.033955622434068
0.037630930735808
0.037865870480276
0.034285530743453
0.04424934448247
0.042019330699893
0.044614118494152
0.045600233276078
0.046028023693366
0.041312715021534
0.042818326538498
0.044187897964337
0.044390740159592
0.042383678970911
0.038072159944751
0.030776865882714
0.027486101127405
0.02919421368515
0.02619426162933
0.045100108245663
0.044326297386842
0.045030407239114
0.041944728597181
0.039425579596616
0.041479415541083
0.039248099101294
0.043047574753322
0.03811887753078
0.039139953226596
0.042386357573549
0.041141989163546
0.041050115513712
0.038283360695995
0.039396317834672
0.040337755455526
0.039976161182769
0.042931878120084
0.042581688862192
0.043253592334282
0.040704072015341
0.035642902702511
0.03452831662595
0.030640486949518
0.03159371587504
0.037327693668711
0.038412951287107
0.03414980482492
0.031297846790738
0.037540552520415
0.038250891327646
0.041105808454593
0.034290374001922
0.034861063832686
0.037126159253214
0.03433715314325
0.033752702879851
0.036296035001757
0.034517800407723
0.038585378321809
0.030174807058226
0.031962467874213
0.027707973532916
0.027806336344174
0.032621783203822
0.03255959887046
0.031368512869632
0.03268895434799
0.030428762956258
0.030234184291681
0.029617489682808
0.027572011676659
0.028615321627716
0.026788528634925
0.028900428712942
0.045798490530303
0.043950763437579
0.045811076082858
0.046026857591389
0.044038483137717
0.043547349957586
0.042001976646575
0.043305638516713
0.040049954094921
0.039231693326163
0.02975988919998
0.031587273419977
0.031125883201126
0.030887977638515
0.030804997628145
0.033840555954615
0.031817653230109
0.02689737015678
0.027642237095188
0.026932058435817
0.03885995275289
0.041992614336349
0.036750224848026
0.039613409206868
0.038359091563823
0.042348195112403
0.039747876650173
0.035780341206503
0.036173417069827
0.037174330356438
0.035952110014582
0.040886559335099
0.033736965361776
0.032846432776933
0.034184199646565
0.034186000054516
0.036586349566419
0.034677748749983
0.034778919650918
0.033591225091275
0.030720149027478
0.02799695403971
0.028766203559599
0.030339812345158
0.029395063735671
0.027775344320024
0.030148988329351
0.031048040154354
0.029796095637581
0.030858237808928
0.027818014720538
0.026863620318717
0.027926002923123
0.026448966977527
0.026361685842032
0.026141019890559
0.025732344988273
0.026424703834475
0.025841269241426
0.028409398238754
0.031071431430884
0.028496202226977
0.031704311238229
0.027259228296114
0.040144741826157
0.040416153690888
0.036745492316765
0.034632575799431
0.042632183610037
0.035541073535251
0.036962002684773
0.035335163799766
0.043374852997967
0.040822312048567
0.041699014064525
0.038544019223194
0.037107808790079
0.035614976528923
0.037070228450765
0.039691491745794
0.038821915521098
0.040950606986124
0.033868674795837
0.036356839720461
0.035803363575141
0.037176732466821
0.036566502285458
0.037757547133065
0.030270935423264
0.032134515455783
0.028485032253423
0.033719826438919
0.034445527541663
0.031813341340168
0.032468018405556
0.033222583343319
0.030436655089453
0.03201248671801
0.033214898853573
0.032558729353487
0.031593317481609
0.031151574972076
0.029346512808073
0.029040999634404
0.029406136289499
0.027393495463231
0.028326405496948
0.030425753502161
0.02636529704271
0.037969886856232
0.037532965790066
0.039304162501368
0.038542016168756
0.040416333725054
0.040703084104571
0.043085233010834
0.033017725211664
0.033916000496083
0.031498125136702
0.031666602437132
0.032670461951824
0.029323351069758
0.029730109714202
0.029622426397284
0.027352170329091
0.027878122135455
0.026774760448558
0.026491359864064
0.028721287365115
0.026840017861087
0.033830516969005
0.031266881977781
0.029466981866089
0.032374271461132
0.029752464591061
0.029111297978315
0.026515086575548
0.027846570173848
0.028474393665924
0.028777557900658
0.030219637821979
0.031868874103437
0.030224146778546
0.035198749760521
0.037401410090612
0.026825019113605
0.035269436468623
0.033635987960358
0.034508848959228
0.038643943628645
0.040167427605093
0.032819885747181
0.032036930380079
0.031947663564598
0.033487777734564
0.036577596492324
0.035030405153726
0.043780625532639
0.043911503581193
0.038936262473511
0.040931309890718
0.04081917037733
0.041738049643601
0.042822614831781
0.039891028579135
0.036429380402051
0.028392801862058
0.026626927349522
0.026221388063072
0.029484890808878
0.02679139350154
0.043279641208543
0.043776411822639
0.041878997886188
0.040337181176792
0.037159903051615
0.039049921433654
0.037186431227801
0.034874610465071
0.039314750720266
0.036307147890961
0.038174307701107
0.034708055818676
0.037767733552618
0.042278054190638
0.040671949592558
0.042041874816975
0.033125861688675
0.031756208650636
0.029209116868231
0.031327155601324
0.028626260410013
0.035675746291572
0.035733165750108
0.031749651988838
0.030621548922653
0.033928322862194
0.039149741017226
0.034532244092626
0.031509334900876
0.032334499738598
0.033017088067356
0.031516295511986
0.030399131224901
0.034738815920915
0.038020621192402
0.029719026660839
0.030073146184691
0.030484648368089
0.027381790338117
0.027539178301496
0.032932063278404
0.031004936565215
0.031274863007674
0.030794372484057
0.028699140749038
0.027877217253632
0.027066963861338
0.025974179258127
0.026540102230076
0.043960377721173
0.041800212918296
0.043232630725096
0.044088805815106
0.044394246617869
0.041009477950875
0.041680135523207
0.038488339490464
0.026955747379308
0.030040285540212
0.030232021930143
0.030074780954099
0.030225242517454
0.031816696696285
0.030672557325229
0.027088232443665
0.0275370690082
0.026405785369188
0.027511600579879
0.039660247993349
0.039787071646787
0.038240551485215
0.036973906930696
0.037900192457139
0.035332186057763
0.03402989265935
0.03534552843986
0.036058614247642
0.035313513830054
0.034360974705512
0.032249644548004
0.031982852944881
0.03133839076022
0.033057387528387
0.032753334771449
0.035733035007396
0.033937279231812
0.034214352592495
0.032168227494795
0.029866107803458
0.027726310761624
0.028632268757538
0.028534922181897
0.027463407537412
0.028684119937234
0.031537522983537
0.030166516391488
0.028719275623847
0.029523309732264
0.026174301630793
0.026619271606059
0.027709387903554
0.025798731936188
0.025673828004235
0.025283991985474
0.0249421386451
0.026813864487156
0.025810977837739
0.025208008943271
0.027485290950658
0.028031602574879
0.03069672581093
0.028194577094343
0.03108765528969
0.026332918265803
0.03722027353711
0.03779071296537
0.033945096404286
0.03107460410092
0.039895742818719
0.035173340805377
0.032462153806761
0.042100287073505
0.038995740054906
0.04009402605679
0.037865675642982
0.036310389433341
0.035443670975131
0.033607028475638
0.035338154918805
0.037554777761581
0.039142156841186
0.039536183049562
0.032685201702985
0.033277142871273
0.034638248918698
0.034536137400599
0.035501668816838
0.036089252078161
0.027935442752275
0.027261261969055
0.032357021628248
0.033970849590141
0.031270431222436
0.030546209792017
0.032062470670654
0.033080014862222
0.029062427490359
0.029231399552958
0.03015233160911
0.031280877953433
0.031378006232802
0.03214644135039
0.031635067604918
0.03054194125808
0.030144049803284
0.02938744354624
0.026909079193498
0.026853099845919
0.028669385293077
0.028907918948672
0.026412439546267
0.027661304250626
0.028923420335754
0.02557776486923
0.036626455092364
0.036083585706609
0.039791251681818
0.037756123419481
0.03956374518142
0.040421725645897
0.032133809156474
0.033543127524426
0.031654572358101
0.030193983281979
0.030304013074935
0.028195083739047
0.028803553571756
0.029277445641335
0.028375250143795
0.026390344376793
0.025688575519378
0.025394597039267
0.027522756735161
0.026502835522992
0.030011315719955
0.028584580663763
0.028985899582653
0.0308127847331
0.029550563908056
0.026882772353055
0.027219752918294
0.027911144074349
0.02853617262631
0.028822914806702
0.029937675063963
0.031032839001665
0.03077916375565
0.034396446946074
0.036441794909293
0.025734033604899
0.034204453325436
0.034313609446268
0.033097376542722
0.032110689905479
0.033782093456932
0.038685614285478
0.031755775047285
0.030762911375442
0.037038468042257
0.033782276580924
0.037694950545597
0.039192780827081
0.039481545958005
0.041279303007009
0.03902000558958
0.034864700431855
0.026939960068608
0.025369791652361
0.025326985393357
0.027929437708601
0.028920797875254
0.027265713083189
0.040460079290791
0.041050363716212
0.039814437225304
0.039045649225639
0.033968034435837
0.037849009786213
0.03389519965056
0.033005668110968
0.036661850775657
0.03452217320639
0.034795017739608
0.033133693592716
0.033974244414862
0.040422201855698
0.0392986340026
0.040197449228846
0.033058391579154
0.031595332283199
0.031198008207604
0.028815386062417
0.029751396647827
0.033567359349146
0.029218170717534
0.027757212154981
0.031444578124049
0.032268717246413
0.038017216465061
0.034304187142003
0.030382819716391
0.031055736366799
0.03079376925266
0.030455860231032
0.028374694562532
0.033770597998815
0.03679633987866
0.028328331151635
0.029083183492078
0.029083842868597
0.026421262539041
0.027203562951107
0.026602386114244
0.031514552245471
0.029955851117179
0.030663659431505
0.030857415407027
0.029381376807804
0.028456251962185
0.027861636413039
0.026486065231308
0.027084730843071
0.026032973415295
0.026153927262458
0.042289134083022
0.041097546939247
0.040315635979968
0.039436718500845
0.039666330650055
0.037403330104396
0.026494276114944
0.028496127675514
0.028244969374854
0.029867283943576
0.028551832661928
0.029944122089775
0.031113553583246
0.030260191713337
0.027038275038235
0.026621809246179
0.027498720112938
0.03788921570618
0.038082941479233
0.038923194078189
0.036323509830605
0.036120393532404
0.033778486727523
0.034993343418442
0.032580843959356
0.03330855720347
0.034537579883881
0.034633461976659
0.032968281154551
0.031877562107308
0.030490460889115
0.032348527486521
0.034370037566546
0.032304637762198
0.035218278028488
0.032689905592739
0.032109493760694
0.030011158065692
0.028877569047666
0.02732118055136
0.028146754319257
0.027995363665066
0.026517875189812
0.028569043536591
0.030475793529348
0.029790279622955
0.029016874488749
0.029878292159691
0.025419459123597
0.025609738838167
0.026624663047978
0.027560805967474
0.02487298360348
0.02487264844694
0.024568719064055
0.02509329433585
0.024478684661714
0.026319460488172
0.025966776860789
0.025101807970423
0.026954698213735
0.027100871255683
0.029387614908082
0.027073268519605
0.032165154462865
0.030166744513107
0.035300446310683
0.035778592277249
0.031076656126857
0.033009552596123
0.040737005451314
0.037869471767368
0.038189464160893
0.03499649485589
0.036288579819901
0.035416116113735
0.036170682244325
0.03320731750795
0.033105784835179
0.03242355546366
0.035739887151226
0.038513481954599
0.036775378856265
0.038287132006602
0.031573158713002
0.033804778674338
0.031974945483023
0.034611747997227
0.033616055942171
0.035113082306054
0.026449657968088
0.027130411590127
0.031393674915107
0.032167546950083
0.030110630089498
0.02975131126775
0.03112699469905
0.030513527201428
0.031534307036181
0.027217345856333
0.026621766458951
0.028507960783874
0.02948530365302
0.02917762329383
0.031586645274011
0.030291099495586
0.030650986554562
0.030276495434278
0.029604726892125
0.029529397231673
0.028753267904203
0.027318673605467
0.026041036678019
0.026069827287821
0.026675277606602
0.028893768085762
0.025653848015905
0.02644321460641
0.028832436830501
0.025870428894113
0.034588134454031
0.037262590740483
0.03442266281579
0.036952496827282
0.038422230650848
0.037622541622528
0.032145922873372
0.030366141900064
0.03274418015182
0.030354173953998
0.029194090437171
0.029205695089939
0.026915734380674
0.027413202059386
0.028350083464746
0.027152018400114
0.025557311241305
0.025311432061041
0.026128973634066
0.026921185426657
0.025693811739724
0.028057323517839
0.028499226657203
0.030639826246417
0.029452797092532
0.025872009250025
0.026491963469185
0.026818866526919
0.027745126173279
0.027813177454525
0.029784215494616
0.030401720132233
0.037797883271543
0.0253952761248
0.033698556099006
0.033148379586529
0.031807832157103
0.031194069110478
0.031985106529972
0.032987709051106
0.030460164871552
0.035386335949059
0.034232817551843
0.0379594853202
0.039910046471389
0.037709581332822
0.04087501985806
0.034089378467426
0.025865781232013
0.024933459932422
0.026479100930567
0.026522107722273
0.025796759227061
0.039663547058027
0.036309997365338
0.032279230841564
0.035032621243626
0.032718550427979
0.029765517119269
0.033093667606313
0.030308715915798
0.038914334690465
0.032240009198165
0.030824912797418
0.029621706200038
0.02738371455116
0.027616023110576
0.03253854484109
0.028507192728124
0.026600878771727
0.030422449220294
0.032342305338126
0.036295557470939
0.03288880830483
0.027829476996806
0.029054794387712
0.028817854112473
0.027985237855175
0.027943789790266
0.028267663592305
0.027981408098667
0.027727996922199
0.02602817513161
0.026327678492802
0.02722353426398
0.025815292649399
0.029023455298207
0.030388278058997
0.029343280587937
0.027582479002518
0.026798685681007
0.026355444071353
0.026906094042012
0.025789341293118
0.026140601780657
0.03946154079012
0.038481302040996
0.035881541207466
0.025703463602422
0.028239699954701
0.028385880606508
0.030215241983747
0.029197622491108
0.025958406351087
0.025722135013902
0.026302027672205
0.037254762734371
0.036077958354743
0.036704645816198
0.033773590716376
0.032151091205426
0.033071118627619
0.033698665086781
0.033123672501354
0.035072521129322
0.030595950067801
0.033027100633037
0.031210495254318
0.031599823746374
0.034305204754313
0.032360419846438
0.031064178801638
0.028831315352698
0.028059317879989
0.026347859933183
0.027180949352203
0.026934488645498
0.028247213708017
0.025949189028553
0.027612721289122
0.030231549588981
0.029669327409371
0.029603593299956
0.028563588156593
0.02875464798184
0.028645052290821
0.029629608144221
0.025680714138888
0.026021052424365
0.028413880238469
0.026516048794797
0.025052103716385
0.024440260638562
0.024383790711219
0.024230607432315
0.024531869354511
0.023661028156795
0.024036757878214
0.025686672194556
0.025196152683619
0.024381592584717
0.026248570185309
0.027444864243316
0.029228060099357
0.028724886037812
0.027710107335087
0.025824479994284
0.031799166554534
0.030395429515632
0.033495491930971
0.031397451057057
0.032318520369046
0.039002337785408
0.037944451998701
0.03731783373461
0.036341759825403
0.035033110863706
0.03378484818356
0.034363488404482
0.033532930572754
0.034059073654973
0.032448842609152
0.033616002596997
0.031565313565214
0.031561360404913
0.036211538774697
0.035599343735368
0.031348554068654
0.030287347500464
0.032378501563035
0.033545859153952
0.030868182020717
0.034130804313411
0.032023393451326
0.026714513589198
0.025941300755019
0.030395345530445
0.02795676150859
0.029890308974194
0.026076438970218
0.027362136630051
0.026333635043189
0.028276474897578
0.029315593989185
0.028085948204346
0.027922603422654
0.028639461354918
0.029191333602484
0.029591756639335
0.028705821145727
0.028217577802627
0.027176315945201
0.027978588386219
0.025455638944974
0.025491864615308
0.026368269610385
0.027163218912164
0.025599758303774
0.025489132246264
0.0263715970085
0.02820449926303
0.027743634522588
0.025255561316364
0.025928836706593
0.034360023095014
0.033434278655603
0.035656448910333
0.033611197324973
0.034920570563471
0.036295793870994
0.030639288169291
0.03209016680288
0.029748264986438
0.031128806807296
0.029965528847855
0.02910608616512
0.029298642360634
0.028015608029768
0.02893461622205
0.027874993931781
0.026038260525294
0.026347843288964
0.027192625382287
0.027166564374693
0.026947453182298
0.025148038478728
0.024699924874038
0.024950626996502
0.026850923637752
0.025598564943873
0.025267738383656
0.027305126384876
0.029110338402145
0.027505966614286
0.02876717754439
0.025903547856533
0.025853455530577
0.025709488916391
0.026194612774834
0.026710511684147
0.027959484599958
0.028827618195889
0.029838965569153
0.024741634542439
0.032139746008338
0.035109626357718
0.031865527948477
0.030346595507533
0.031088611558755
0.030857284481253
0.029393827010277
0.032831810133585
0.034241767541429
0.036124943242682
0.038343005556273
0.036954229995207
0.039168672978196
0.025483701536456
0.02506305147249
0.025958541932523
0.02635046175944
0.02524464644426
0.037750763833843
0.034490225429532
0.030035428428155
0.029956787909629
0.029732985253076
0.027810290605984
0.030345247810895
0.028057258576052
0.037933154272145
0.030253347247489
0.03181553011075
0.028853860073436
0.028625564611134
0.027442010351133
0.027686249226074
0.029957707350644
0.027027635906886
0.029631530026213
0.028403680526147
0.031007708634243
0.031137605409372
0.026738312423285
0.027210860359801
0.026813439989562
0.026159351523391
0.027573050127093
0.027883722338995
0.026928230982691
0.02533473729985
0.025793777538588
0.026602479955789
0.025287451959671
0.029270811055664
0.026792148760419
0.025595598867762
0.026169252418088
0.024998018198023
0.02558605108143
0.036841708324216
0.027418882420093
0.030386931155903
0.02889621665632
0.027743499396199
0.025321837842086
0.025423274860162
0.026169883923324
0.034465870225083
0.035438587792962
0.032495422871358
0.031004431566321
0.032259345056049
0.032046700657093
0.032907468912997
0.032726751282471
0.032203887702282
0.033951931322088
0.029800543757097
0.030205227623467
0.031773455975106
0.030350637065699
0.03029256353418
0.031066973328002
0.03298917373691
0.031674922135445
0.03034149392629
0.028435698454269
0.027176512782634
0.02555514440006
0.026798059719035
0.026527810393871
0.027037607554108
0.025936832328918
0.024801658525256
0.027576504231907
0.0296471195936
0.029433914233675
0.029520052289918
0.028499347733487
0.028119124221065
0.027824489718615
0.028483165940226
0.02495058542331
0.025985791357627
0.025951090980689
0.027614729475837
0.026892212782063
0.024437244035528
0.024530389987822
0.023750382753531
0.023893221908514
0.024247923834398
0.023095773897073
0.023592214329049
0.0225206942324
0.022816707065144
0.024446065131434
0.026292160673044
0.025360417827447
0.026784781138
0.028583422741082
0.026476964086137
0.025311776580855
0.030217638220773
0.02993125794958
0.030004298358602
0.029730022568433
0.037714715460507
0.036284986105084
0.03583908518871
0.033704553585979
0.032142190712161
0.034314573249788
0.032890865719006
0.033242979673562
0.033153148120547
0.03126494419338
0.032811395931122
0.029783669115352
0.029653047802764
0.03611435226493
0.034839499455647
0.030084235886539
0.031668445911551
0.030159062050585
0.029297814201088
0.031679647914381
0.032609971978937
0.030824017464554
0.032613669354442
0.031608787082855
0.025716477234967
0.028839925303099
0.027712516589516
0.027110040608351
0.028693569918252
0.026123005075475
0.026891936724921
0.026580789744028
0.027312393039408
0.027379933378302
0.028280803401178
0.028663949769057
0.028631159897062
0.027738105387251
0.026977886066101
0.026615384935895
0.026764475650254
0.025732346192633
0.025669528030584
0.02589126196496
0.02663058175599
0.025899030420618
0.025791354414595
0.026292296231331
0.027233107767114
0.024598342008607
0.025327799611303
0.032528832457303
0.031972012785896
0.0355292329267
0.03285364378567
0.034605897292391
0.036070063548754
0.030348192629871
0.03098020415519
0.028745614827066
0.029933084886203
0.030800964667208
0.028963305682944
0.028719910863168
0.027545544976228
0.029219031782279
0.027957820384213
0.027152092599213
0.027738472095257
0.027301595944642
0.02689623133067
0.025296931954498
0.025270380525697
0.026477650871145
0.025822134740059
0.026550627211689
0.025915754621308
0.027049452596989
0.024739861063445
0.024113159909971
0.025548971332403
0.024847094911138
0.026868587945937
0.028325899257033
0.027209133740359
0.026918060460301
0.026010159492284
0.02552014429247
0.02530597125863
0.025979306261045
0.025761979249282
0.026652624704649
0.027375432178916
0.028426945736888
0.028418859371955
0.030122391628218
0.024929645758534
0.032538827798256
0.03046373015643
0.029886639862526
0.029211046843382
0.030291879494467
0.029827298741985
0.030039277774936
0.033066063021343
0.033031134908374
0.035928433658927
0.024531633697778
0.026151057054245
0.025403046995128
0.02784703729956
0.028959820565891
0.026573561174131
0.027664033256419
0.028941620272712
0.029660007925051
0.026894405302192
0.026799949163268
0.027309394718281
0.029770381161796
0.025690929696458
0.027429615229983
0.027793685125647
0.030924081904116
0.029221253381656
0.031577308096567
0.026324394299419
0.026878509239505
0.026599306550612
0.025391060123308
0.027578308730726
0.026629410999093
0.026547463309106
0.025199419811219
0.025111964583208
0.025809363788394
0.024647546943827
0.029139720696637
0.026527136019999
0.025591932082587
0.025048461697619
0.025472282347034
0.029417575122668
0.028841440124896
0.026841182656736
0.025404251826044
0.034365109866337
0.033941286621588
0.031116954562299
0.030258660261175
0.031551283750397
0.031278348282974
0.031938706487873
0.03244923435851
0.031699875435794
0.03150241135979
0.032029813924271
0.03263086932382
0.029627543504676
0.028681246711282
0.029683026981413
0.029991873130356
0.03017030322711
0.030428335687043
0.030788992574919
0.028279973894826
0.026733428640724
0.026072046757644
0.024370397940444
0.025272568544256
0.027326721656126
0.025133761652505
0.024211397241273
0.026942020331881
0.028738546878275
0.029661163998051
0.02850366487657
0.028530351966362
0.027624844696124
0.027782092185373
0.024550097969419
0.02502700120549
0.026010162162645
0.025861018441634
0.025240769854596
0.027375810260383
0.026292063880705
0.026472238825649
0.023802844106342
0.023637217251265
0.024062175738534
0.022718095628801
0.022885893979611
0.023162761466353
0.024705784441723
0.022332890881587
0.02373049063267
0.022817011008549
0.02169903406815
0.022618986862331
0.025531601658675
0.024899986009014
0.026266528005566
0.027614306737376
0.028845171976994
0.025713258172286
0.024963376359497
0.029221471293124
0.029506943890078
0.030518482016456
0.028640856216871
0.029056249729999
0.028703834500332
0.036133152992085
0.034628390469772
0.032277362409552
0.031423887408847
0.033440369251408
0.032579051313542
0.031669948034879
0.031652901013247
0.029541202008355
0.030148507769632
0.028878091164996
0.029377445342347
0.034780577480259
0.030227388237758
0.029384803459383
0.029338950066156
0.02866182390602
0.031464788186595
0.030055968265879
0.03225746440507
0.025351408112692
0.027951139282656
0.027262487490838
0.026933605488636
0.028099140583255
0.02547578819149
0.026061611110415
0.025833753244989
0.026906482426221
0.026344001192348
0.027509327150738
0.028138188388971
0.027414668179212
0.028532772810539
0.027525190112654
0.026403897308326
0.025677515440836
0.02590468035264
0.025292655885296
0.025004660354015
0.025135437653221
0.026152576022335
0.025016953389509
0.02567946186992
0.025385916377317
0.025084824793085
0.02706246058462
0.026004288521692
0.023858242596345
0.0246367406758
0.032407965492826
0.032068978816726
0.034328226915605
0.033281697662907
0.031701838804834
0.03448459830606
0.030197679777557
0.02907794851489
0.029727775214545
0.027782025201478
0.029572311889042
0.027632915451862
0.027306081682612
0.026772211242801
0.027862686218378
0.026670498305889
0.027368653388721
0.026078115167054
0.02585522518613
0.024553871390668
0.024840818635852
0.025420618262907
0.025004694555846
0.025482443042368
0.025322639410196
0.025952157754571
0.024769822730526
0.023567839300113
0.02385002505415
0.024873669747097
0.024362092971179
0.026188742877498
0.027533182021068
0.028654527658276
0.026407744809205
0.025862645958572
0.026928994857985
0.025496797025229
0.024763864610384
0.024697862617771
0.024920010619431
0.026107605570309
0.02518501818165
0.025887189828001
0.026940232293283
0.028429706912407
0.028704054029721
0.029372192218872
0.023950630025088
0.031515395008114
0.029603549700107
0.02883042772852
0.029705345939462
0.030086743948766
0.028664079354122
0.031325574479108
0.03338660547275
0.034888891700764
0.023603107238259
0.025406863237435
0.024683416219751
0.026625732825467
0.027829774880313
0.027159445955846
0.026002258606006
0.028972511130745
0.026162333291473
0.025742469353069
0.026208949267534
0.028402176025144
0.027084594937654
0.026844561452945
0.02824922788888
0.031227323355855
0.02910359547749
0.028719418612248
0.032209396851706
0.030782062977756
0.025503136673999
0.025558147058544
0.027362245578345
0.025591469319212
0.025089045464479
0.026544484650781
0.025801591880535
0.025798241948855
0.024140082314749
0.024308363586232
0.025413947074468
0.025245374299692
0.025514042073077
0.024683169320888
0.024113830311934
0.025702131066788
0.024820467788489
0.025433734038806
0.029692724104641
0.02833242007944
0.027713758677147
0.026038250079393
0.024666209612741
0.032860405737626
0.032561498741181
0.03101110291911
0.030012304202548
0.03082059564581
0.03150246814746
0.03006184447063
0.030813035141901
0.031120808688007
0.031451990582264
0.032171812843201
0.028570782362619
0.027843556993356
0.028723590912612
0.028895661535001
0.029061908442214
0.029898343175244
0.030293825266556
0.02755499736336
0.025699499097268
0.025511650910123
0.023731606884366
0.024102101014484
0.027179758081946
0.02664609260323
0.024894059298361
0.023651681539409
0.026438183396813
0.028375087163329
0.028657872840378
0.029986194665645
0.027937516650858
0.028113033656322
0.028335842019192
0.027852910958124
0.026835791230363
0.027300212832536
0.024596215209125
0.024863821412245
0.025243933596019
0.02492201472624
0.024386890160502
0.027155018116247
0.025970159901367
0.025757039738399
0.023020254024383
0.022939398959121
0.023956376976974
0.023664611853456
0.02351616263901
0.021640967372902
0.022533999608658
0.022779025642256
0.024122978776708
0.022005221168939
0.023384422331315
0.023115715687454
0.021708883837342
0.022024055606901
0.025241081634202
0.025444064988076
0.024118148890458
0.026562005943189
0.027477644019097
0.027911588264412
0.025007010096426
0.024160245874573
0.028903544150542
0.03045235057186
0.027937910448889
0.027979016482318
0.034810622816904
0.031746105979293
0.031435299121539
0.030365258971618
0.032446996638821
0.03149653570261
0.030755829056298
0.031671237356936
0.029660547109893
0.028802413331962
0.028753956218294
0.028444794965346
0.02861216480639
0.030033249692704
0.028853174391683
0.029187725982482
0.028565559632839
0.02772604807392
0.030497484764048
0.029964948249825
0.031671870807523
0.027614170511212
0.026497463888982
0.026152534865038
0.026877707027512
0.024865477766028
0.025683529566299
0.025650085838285
0.026458028540645
0.026338335598522
0.025625779436461
0.025962323275706
0.026149709900325
0.027279335907667
0.027921913654342
0.027492777343023
0.026705559098534
0.025482180078402
0.025043271930747
0.024427046243596
0.024232140031364
0.024701569927264
0.025214258059568
0.024480033960849
0.025055367080931
0.024798048381275
0.024719452772193
0.026113279658121
0.025042008509096
0.023593445505055
0.030920606505106
0.033573732346168
0.032426530951124
0.03128851656856
0.033867452883938
0.029174386471676
0.028508235937279
0.027588141984713
0.028606914566041
0.029952511888462
0.027135401157465
0.027083042660289
0.026848594799204
0.025970561812187
0.027616591922314
0.025610730033755
0.026193748496205
0.027111739254161
0.025607408783845
0.025321914724734
0.023873660567176
0.023741298250498
0.02457502550424
0.025006455873357
0.024870862953501
0.024752938145015
0.024505035120478
0.025080471374063
0.023916702179056
0.022916444363898
0.02309246133873
0.023825062825043
0.024768430598483
0.024010071430757
0.023533894474046
0.025532838744717
0.027212929177867
0.027752078908305
0.025990839376298
0.026044514294799
0.025282513306879
0.024926752599376
0.024425326732922
0.023892514511637
0.024471349059309
0.024938024725463
0.025334296405354
0.024280780890682
0.025205786700228
0.026196060798502
0.026951228057837
0.027469545934559
0.027620380482871
0.028744169269178
0.023441751827046
0.03080789463079
0.028349130355875
0.029961584655698
0.028315380580969
0.0284927695837
0.028618470789134
0.027558677131959
0.027196374114636
0.029570531859776
0.022600888353078
0.02387224420885
0.02637954542898
0.025874884196671
0.025607896173551
0.027899602635552
0.025817585791756
0.026490317035313
0.025892822655359
0.025562149982795
0.026041486318509
0.028384395707281
0.026038232436551
0.025632859197902
0.027475912195975
0.027879271729039
0.030491597216437
0.028918354622717
0.029605825630094
0.028394058542406
0.03133069768596
0.0308348530587
0.025059069480089
0.025963389637857
0.027340602026021
0.02518892396715
0.025206553157709
0.02654751665467
0.025307216033555
0.023513870276179
0.023818301787895
0.024257372455956
0.025326448774729
0.025045564461594
0.024120475757263
0.023007292891734
0.024043761313443
0.024831900976767
0.029031092291742
0.028224915283481
0.027340329478535
0.02534088283193
0.024547824678126
0.032148970535144
0.031995295638445
0.029798260448454
0.03073819632854
0.028913723760181
0.02973773892197
0.031131561934766
0.030074702228707
0.030527034625623
0.027957258236432
0.02832857928401
0.028188954843809
0.028063244672436
0.028674676232575
0.029511627965278
0.025860812130576
0.024313993502956
0.022630348744311
0.026406955451602
0.026129932246224
0.024061652214683
0.024673042801077
0.022751551297233
0.026016083326207
0.026676390763766
0.027886345275727
0.028248370447714
0.029709505422691
0.028415254916975
0.027647660960232
0.027697443952111
0.027646015788534
0.02641172001779
0.027465515212701
0.023699926157854
0.025037351263959
0.024636790816649
0.025437036761015
0.024752319216952
0.025105832170237
0.024133122811961
0.026265938836866
0.025992797772748
0.025671424605716
0.022108540106373
0.022864896182474
0.02397664338518
0.023720416440578
0.022971004030834
0.023326196142447
0.0219223190664
0.021792000067035
0.021936090066066
0.023195964781812
0.021200702765276
0.022800385859157
0.022060679463088
0.022466617100567
0.021194920249417
0.025079768285547
0.024590219361588
0.025099297281411
0.023431234435146
0.025754285491216
0.02689927174475
0.023792514745509
0.028894416231174
0.030106022347799
0.026690666166448
0.026656194413205
0.030503440429319
0.030354883542611
0.029989303196525
0.029776930958703
0.032491102163779
0.031375089742739
0.03046040388679
0.029609564012399
0.027548039461772
0.027322796760253
0.027548310597644
0.028967862265547
0.027507283591397
0.029392131367497
0.029279549247109
0.027769420791051
0.028785727151033
0.028814918803315
0.027675280945461
0.0269282852966
0.03053596788452
0.029240872233398
0.029576547029957
0.026571656314203
0.025746226999791
0.02533794688636
0.024447262986819
0.025352207400583
0.024841655837949
0.025340179619274
0.026770282084267
0.025360427375021
0.024978756845858
0.025403579951855
0.026554820449108
0.027000059861469
0.026781707668017
0.026312821029152
0.025237333731317
0.024344678729743
0.024359087321842
0.024048507144297
0.024587501571277
0.023910886708249
0.024641713623349
0.024372868535609
0.024019479580958
0.025471358810533
0.026051369138647
0.022434624797344
0.030783249432642
0.030837510976677
0.028897537898778
0.027885376274234
0.028430561564265
0.028749206848392
0.026642147932514
0.026783246894968
0.026236874452175
0.025991061896844
0.025293668453249
0.027026956320709
0.025186080530484
0.025656240009132
0.025646933680788
0.02615353439564
0.027008705235071
0.025049124924156
0.024334529643997
0.022740767020194
0.023698089116559
0.023783091614922
0.024901086306493
0.025024181169972
0.023826113327485
0.024707430183759
0.023941373556552
0.023552801401918
0.024162393598896
0.0230905178345
0.02278465036234
0.022226137728665
0.022976638397452
0.024102161736323
0.02327085625329
0.026462830741882
0.027705935446217
0.026086210133297
0.025359834081788
0.024704364291239
0.024564685076408
0.023779630218875
0.023623977690798
0.024747558123256
0.023933243713684
0.024453067116769
0.02457804405733
0.023790325084583
0.025528576735993
0.026171611811576
0.027074625951537
0.027608537809817
0.027614434229486
0.028142290399424
0.02255309593358
0.029882404926689
0.031018767252944
0.027979819764148
0.028947407481249
0.028301180188265
0.027720529576124
0.02633689059317
0.025998092807815
0.028623858867206
0.02260090149031
0.026217968302375
0.025262683123936
0.024943097746729
0.026565560874018
0.025879349523524
0.026659382141554
0.026328326424677
0.025261219526471
0.024389149324396
0.027822205991915
0.02536380549137
0.025279700183795
0.026090112982091
0.028115324864198
0.026829117583461
0.030695122109764
0.029631144946166
0.0281789192355
0.029116837929494
0.028944677953505
0.027370509212236
0.031512859160041
0.02960304281006
0.024495689647201
0.025162662780369
0.025576382830939
0.026201280446076
0.024507988576825
0.024511560167895
0.026194265469051
0.024410033899967
0.02546411695032
0.023217841715823
0.022625725778316
0.022923478797595
0.024409883068111
0.024464095536395
0.023288249037523
0.023706518824219
0.023987986263674
0.027555584085498
0.027315313135691
0.02448886960111
0.023864989454453
0.030433878655161
0.028816471149281
0.029657954268021
0.028556135068245
0.029091023729315
0.029976950388567
0.029440603656575
0.029634962592058
0.027693173831458
0.027635489515795
0.027818372154619
0.027544467842995
0.027630008731422
0.027717178333366
0.02487047676297
0.023803437420219
0.021741350685488
0.02697919134955
0.025904084013105
0.023522306673358
0.023887239691049
0.022977247280907
0.021997796065376
0.025394756806591
0.025815709073457
0.026210236780712
0.027402450629874
0.027973135197593
0.028784237212437
0.027870740137124
0.026942365283746
0.027630459065191
0.026987506128053
0.026447382523897
0.026794146064799
0.02364180821915
0.024234384105054
0.024050895513898
0.02505709018193
0.025130661073841
0.025428806090988
0.024657902398889
0.024911112753204
0.024821249625082
0.024546993643354
0.026108706728666
0.025909404791781
0.025942342165671
0.02524675359672
0.025840623186073
0.021609199917119
0.023163604259507
0.022923893067549
0.022151144946995
0.023546800033633
0.023281529546361
0.022522322613552
0.023004060659278
0.021015587330918
0.0209469116013
0.022311653874238
0.021143483132897
0.022982988467854
0.020746318534395
0.023135058886998
0.021895228970904
0.021199500878868
0.021970856166676
0.021405090989611
0.025294849884553
0.024276328075567
0.023989973511255
0.024474351191657
0.023470647594811
0.025371182518508
0.025872830588333
0.026483251251539
0.023329797671785
0.028399272430121
0.026225717957381
0.025952228659827
0.029746695801182
0.029167787479736
0.030405996336794
0.029420395845922
0.028698784733803
0.027526535195714
0.026824118812451
0.027397121385495
0.026640803893978
0.02749650424396
0.028250827795294
0.027594273188763
0.029383589412639
0.028206258167406
0.028723906600901
0.028167627890547
0.028023009755147
0.028062677516781
0.027242526263796
0.027586012330664
0.026544605461242
0.028311811358461
0.028699217778776
0.026419003481702
0.025020073989665
0.024350525722075
0.023717150098959
0.02474705622327
0.024078651465205
0.025128084075836
0.02582580681125
0.025162804012919
0.025175032690423
0.024633267992618
0.026120007411308
0.027005823121234
0.02555899788358
0.024427379524071
0.023833330262534
0.023398914982479
0.022944714950042
0.023887962182425
0.024381481376903
0.022865417168985
0.023726145474239
0.023227255061687
0.023124258051694
0.025706166898427
0.022493510048896
0.021627123435184
0.030105583539455
0.029776185974948
0.028540624251375
0.027520904941656
0.028568363611126
0.026502012909868
0.027008649819706
0.02589612487618
0.025922462282403
0.025962738846675
0.026322353323341
0.025497643370037
0.024720819451297
0.024646275487433
0.025155410281628
0.025179263777971
0.025588087476782
0.027079349214159
0.026082726362995
0.02421350610794
0.023542099921366
0.022743157612873
0.024336941835351
0.022668681170544
0.024319276730466
0.024248460115201
0.025552941854699
0.022715678372531
0.023964534676379
0.02328723696556
0.023966589660576
0.022924832092255
0.021691199581779
0.021962612713486
0.022085343673086
0.022982091584158
0.023315609419473
0.024154752180553
0.022821724872902
0.02575456037783
0.025198200908372
0.024727364578951
0.024266744076469
0.023700561117027
0.02262062314355
0.022642626028751
0.024158769864788
0.023111858814839
0.023995612205496
0.024147889039787
0.023641304966061
0.025186490412304
0.025946565634804
0.026494101988062
0.027403930903267
0.021925283427789
0.029392821928067
0.030151335421632
0.028484647180239
0.026650423465082
0.02587346636983
0.025307172206175
0.021591311487312
0.02254262241214
0.025496960126551
0.025354066620645
0.025120439586024
0.025281562958859
0.026073453651626
0.026159593343675
0.024695280769797
0.023613770070014
0.026800120118955
0.024807822355721
0.024550572258624
0.024521463675683
0.025567610075828
0.026062695598062
0.02672193160476
0.026657459669802
0.029709850638105
0.02726763553393
0.028856843944418
0.028264617841267
0.027334566155931
0.024527455315901
0.024968624792359
0.025946824385137
0.023957371143717
0.025674139531012
0.024084763523001
0.024841139056787
0.022336692462556
0.02169431518521
0.023154492365276
0.021941994533619
0.024183576364608
0.02413944929022
0.02268008457748
0.023689309097403
0.026605950116939
0.030127594526991
0.0282733613249
0.029401184693451
0.028797251420062
0.028512366245641
0.029287308123414
0.028443317261436
0.028737318168277
0.027172896623598
0.027772284087613
0.027193709299963
0.026702030191235
0.026862046239405
0.026698402718764
0.023024131887179
0.020721280762864
0.026360429996327
0.026870626179275
0.023031326625064
0.023838429269921
0.023734424267846
0.022402459401607
0.021360027648312
0.024890191220019
0.025205248886399
0.025952305305039
0.026264240323833
0.027456726484317
0.026978808166585
0.026575284166236
0.026825209651196
0.028025642921476
0.026263576900222
0.026741475031552
0.023456427060126
0.024128601053682
0.024398286187744
0.024736474888261
0.024805655052928
0.024048708513496
0.024744264206928
0.023912977948344
0.025764504430196
0.026184189315982
0.025333391160676
0.025101242851543
0.021906145355855
0.021495176447646
0.02326860082323
0.023070905322064
0.022495520546869
0.02209717831728
0.022701223074646
0.022960084047958
0.02378292064056
0.023149328195211
0.022302159933287
0.020604493380027
0.021761407322037
0.021624795710758
0.022513328382781
0.021318836180095
0.022471195752436
0.021719907803191
0.02158131556835
0.02162715737323
0.02124760433522
0.024996802343383
0.023880526663666
0.024266860676457
0.023673545752132
0.024613786268057
0.022797844742765
0.025481081182331
0.022578764763351
0.025252465331394
0.025283848853034
0.028747661879272
0.026583089315559
0.026087123849265
0.026503426462428
0.026254222714821
0.026103838788443
0.025648628193851
0.026657393126549
0.026934476491268
0.027700764598735
0.026875565009634
0.026766274291492
0.02828340408302
0.027557963177722
0.028222657608654
0.027587226766023
0.027372952658871
0.027735615947856
0.027784028528949
0.026568545176601
0.027072639817234
0.027333290386938
0.025571943979816
0.028210608102014
0.026104411401478
0.024377503073013
0.022795823827996
0.02394817267529
0.023742644047421
0.025007956133281
0.02548802934314
0.024507938660412
0.024612357227922
0.023954336684318
0.025337865217364
0.026432728453591
0.02720986870617
0.025455591675537
0.02453404557429
0.023791127223667
0.023147373928145
0.023004448971247
0.024417615034783
0.023923832144961
0.02227133218602
0.022754213974877
0.022686168686853
0.022939451346264
0.025013025449625
0.025727558409835
0.022195910927334
0.021616107438352
0.029433376935919
0.029503461929633
0.029349073692887
0.028851471369446
0.027550783010448
0.027280471322239
0.026989669592583
0.028780235323988
0.02787158157568
0.026404540669195
0.025289035568416
0.026376464424259
0.026889022418418
0.025214788719114
0.025822595648334
0.025585581134549
0.024975017177598
0.025948405541371
0.024956143035163
0.024783571223335
0.024248218552682
0.024481241221107
0.024420152660184
0.025141497440442
0.026443379206773
0.025827988086836
0.0238406605436
0.023968966923192
0.021975923552562
0.023490438001076
0.022648136594637
0.023907870397779
0.024145440941525
0.024212233055404
0.02515652840627
0.022551786548822
0.023240700347016
0.02346839146193
0.022467573882508
0.023707381210651
0.022222416031369
0.021777282765539
0.021776555886169
0.022106519845604
0.022905291366437
0.023021228869815
0.023973357959578
0.023676780491924
0.025493688195229
0.02466712489689
0.024253390287119
0.022738634255197
0.022364932919617
0.021927165427434
0.023752872780619
0.022977595912393
0.022855739369088
0.024070347654962
0.023427899438738
0.024381982643522
0.023596105601422
0.022883711865437
0.024928278516596
0.025089998799024
0.026142627373986
0.026801891506919
0.021617204447341
0.027375189608618
0.026223465443733
0.025009789339503
0.025460522955415
0.021678787785696
0.021786857868234
0.024686651518896
0.024733498453238
0.025457295047663
0.024606001481718
0.025547198540066
0.024568789155926
0.025312516597826
0.02637878772608
0.025257652835509
0.023429382466262
0.02665062488654
0.023584314743052
0.024904727524837
0.024613120993936
0.023702727224435
0.02534755551044
0.025969815240686
0.025549864603261
0.027249951974848
0.026702455025676
0.026220612566707
0.028089917775192
0.027388797273955
0.023778292232581
0.024293660409639
0.025374522997861
0.023452457182281
0.025120852713359
0.02432322093531
0.023244926668891
0.023695726694974
0.024893931935988
0.022109875470743
0.020889258664197
0.022701329636476
0.0219226860593
0.023683158183415
0.022380173550958
0.022980652486633
0.026424694828925
0.029158466886916
0.027768639503214
0.028637127239072
0.028025248699384
0.028686630049764
0.028071404028694
0.028363480478885
0.026682879889428
0.02700674923212
0.026778604385947
0.026586577852815
0.026230130462508
0.026456974046791
0.026229470363801
0.026233853693397
0.02237152980661
0.023257771017429
0.023299790776792
0.023493488787703
0.021832626956653
0.020807789180399
0.024637817806672
0.025067871974506
0.025388542435341
0.026146049340271
0.027095109302245
0.026558380340236
0.026319801763953
0.027027663450446
0.02766852648229
0.025889435440601
0.022942412739101
0.023654359894574
0.024638853168199
0.023819347850835
0.02501492578668
0.023640765781646
0.024826604293539
0.024133889042104
0.02514205791846
0.025510442472378
0.025118260456172
0.024934385730556
0.024964213557928
0.021154388693018
0.021373997314805
0.022873120701732
0.023051764518173
0.022620650966218
0.021608990123505
0.022284254405093
0.022549738477012
0.022504393835277
0.023058082040268
0.023535522622086
0.022663425524058
0.021890284562007
0.02118149731373
0.021355473328576
0.022052170577937
0.02170913396183
0.020985185546514
0.021825744378439
0.021837794621354
0.02118347766077
0.024811093636379
0.023640531901307
0.024352981129072
0.024253175689934
0.023015085381359
0.02409716744341
0.024071892472115
0.022332791554568
0.024931036749618
0.024450671057853
0.024142755936125
0.027908566889756
0.025865905482308
0.026266707574102
0.025020620652428
0.025597120958099
0.025438240504586
0.024936069500927
0.026117410080959
0.026995479489766
0.028107475635636
0.026437381113978
0.027891286729809
0.026754805487623
0.027050004570719
0.027589354937106
0.02600904793595
0.026375595664138
0.02663870870554
0.025529332327334
0.026029912652466
0.02377139252547
0.022374370027434
0.023423385823658
0.022835191180357
0.024245606497342
0.024277127841701
0.023962924778531
0.023423803114391
0.023366328860375
0.024702737562327
0.026154258344608
0.026412344819334
0.025063948796246
0.024960022969873
0.02392220717914
0.023195435093748
0.022278766715175
0.022908138225533
0.022126510512516
0.022674341338689
0.023636964258123
0.023577723570642
0.023317906654806
0.02204174930661
0.022515252319544
0.022380616931774
0.023330039005156
0.022315494656401
0.024703636409756
0.025026211732959
0.021939291649834
0.020837727889211
0.028186900643991
0.026906022868925
0.026812953272749
0.028163523075134
0.027436784785717
0.026556094758354
0.025592368421113
0.025000688091584
0.02604734248403
0.026213369615064
0.024870361655502
0.024786508463445
0.02550669481614
0.025634173967317
0.025494636259354
0.025024539345315
0.024663770957773
0.025233412601099
0.024379529656311
0.023993238056974
0.023568283901157
0.023958384326297
0.024456445574027
0.025310165496905
0.026309279208677
0.023438366688551
0.022065965704561
0.023314819436057
0.021728776900197
0.022649687576717
0.023565103045676
0.022923326006734
0.023588771482096
0.024594240609139
0.02373336138309
0.022210173448391
0.023005080981704
0.022195482128715
0.023197678134763
0.024085195037938
0.021065568201472
0.022090120537137
0.021254962993342
0.02097969854657
0.02226960903168
0.02279434678968
0.023392597876273
0.02310273241778
0.024925276372022
0.024533615035234
0.023683419161608
0.022596734946786
0.021547936925447
0.022249953855043
0.021879342532863
0.022596555407353
0.022813650751643
0.023275725700065
0.024236233844345
0.024079200216268
0.022859080664755
0.022696087182517
0.025057523264865
0.025575498865977
0.02103034429502
0.027415828099142
0.024597953369508
0.021507003098289
0.021134565363261
0.021702243789531
0.024189814804871
0.023796529785265
0.024298577636656
0.023454292666842
0.024833120081292
0.024275280468884
0.024278762278517
0.02577151640582
0.024825109580809
0.022426035385202
0.02353501101204
0.024151491829077
0.023799965923966
0.023446394134407
0.024386157713948
0.025173385973249
0.024767788193352
0.027159207239272
0.025955053832831
0.025697542119811
0.027095961753695
0.023717109215706
0.023390984561477
0.024458674893182
0.022462422615911
0.024771177524527
0.02427294505596
0.022641803420628
0.023150303124169
0.02424775659578
0.021989121765413
0.021522617426983
0.022200455864827
0.02321243391334
0.021109313413474
0.021671198499526
0.026019614216928
0.028307391581284
0.028126739733276
0.027175849923343
0.02729624941736
0.02795820994708
0.027641076384532
0.026400157992785
0.026156870326286
0.025720495394667
0.02568971453884
0.025837367807079
0.026092246748615
0.025573878624377
0.021876261204986
0.02277813051426
0.022944486714822
0.023733536523315
0.023062299394612
0.021244562913077
0.02449573393315
0.023783556882052
0.024686589395805
0.024722267628607
0.025147613360829
0.025695216196809
0.026647318535608
0.025846537249701
0.025553012298475
0.026760522632478
0.026476845351432
0.025240948856368
0.025642121258391
0.022673458661884
0.023480002632615
0.024675960196642
0.023940687260996
0.024554119431238
0.023503037693956
0.024315269337374
0.025494740142854
0.025216816828064
0.024905261245378
0.024908507551531
0.024869051091758
0.021129088911567
0.021134224247406
0.023168828870456
0.022769746558947
0.021702231365608
0.022305895741508
0.022724152740735
0.022422114802828
0.02288570746658
0.023398065107966
0.022589793033448
0.021666168110535
0.021357467957693
0.020861795084108
0.021100723837457
0.021361663528483
0.020934172126935
0.021217061189671
0.021732985408289
0.021590261639656
0.024665338898948
0.023080813042086
0.024039687161731
0.02397044468093
0.023806812558187
0.023020795271448
0.023664898633171
0.024384078392186
0.022384661141086
0.024881071110123
0.024546378057888
0.023815160629155
0.02365875138808
0.025095654070665
0.025380875048733
0.026644697424662
0.025658489370858
0.024825975873449
0.025630886547961
0.024630434737335
0.024201634009736
0.026017006049276
0.026400069725765
0.027508627636416
0.026252789377787
0.027484386931811
0.027051917736759
0.026767996460163
0.026197176646107
0.026369047935967
0.026662275593553
0.025178151265465
0.024914985544048
0.025239014881431
0.021439126195927
0.022540009352027
0.021927490876612
0.023121652027953
0.024172873805132
0.023882724266843
0.023608458566283
0.023266150820491
0.022634469707468
0.024525996223734
0.02550213486753
0.02455723680807
0.024367538974889
0.023410708036652
0.022683134700582
0.022141960292619
0.022025575351173
0.024050319184807
0.023581678833559
0.023000228668909
0.022800849996786
0.021337068938648
0.022214704972606
0.021377407300117
0.021367013618328
0.022671183750457
0.021542705412483
0.020794432304426
0.020546513112269
0.026081107346847
0.026153036577595
0.027721065310388
0.027906609608336
0.027204344351388
0.025790336144729
0.02543290635337
0.025544816569207
0.024607708402304
0.025415369620861
0.026479098990298
0.024588540786279
0.02425447235454
0.024827100225846
0.025177875059434
0.024782344097325
0.024541308125442
0.024815788440152
0.024191121254926
0.025561244064811
0.024166631682061
0.023942378956928
0.02336252312262
0.02380752865703
0.024248390587925
0.024638270302063
0.025457938566441
0.022963541814299
0.02140999986901
0.022481199067792
0.021695444735486
0.021723646923413
0.021813454614586
0.022914049683191
0.022400116240667
0.0240221828467
0.022849396821515
0.023953940318908
0.024209165436618
0.023260721355198
0.021606304954109
0.022495317261944
0.022789940345189
0.02199432197181
0.023265230649269
0.023759698175995
0.020843648686695
0.022318982421355
0.02112014927482
0.021172056903928
0.021259750289389
0.022537411376308
0.022418953399006
0.022863264770725
0.023563227653711
0.02321966344367
0.023955263645325
0.023257550766034
0.021537965301272
0.020712648075915
0.021646766103142
0.021081059055058
0.022039459244284
0.021976208470488
0.023919951164612
0.023512280405791
0.022852589079804
0.022745990083718
0.024724657062281
0.020557150523213
0.023736365378606
0.021749210269771
0.020699418300846
0.021106039762881
0.023595508769271
0.023546648581185
0.024088326993076
0.023270901351931
0.02425113137634
0.023700971818838
0.023923565937434
0.025553595748997
0.025247808351228
0.023397985596434
0.022632895032219
0.023593625654111
0.023121197856145
0.022539038462892
0.02468884515232
0.02478200221002
0.024496864524908
0.025695638073083
0.025877320536577
0.025388605048179
0.025292975311416
0.026333376641923
0.023378257571379
0.022614841728596
0.022108660965063
0.024335488385339
0.022562393563733
0.022830761703922
0.022879692164416
0.023450313362461
0.021546108688128
0.021215220680164
0.021722068043765
0.021137579133693
0.021236523882556
0.026557387062688
0.027167906356635
0.026807576184284
0.027203626322211
0.025906679048669
0.025979207021927
0.025706386981441
0.025461231682587
0.025187107713821
0.02570943932357
0.025566807238364
0.025424951459061
0.025389346061398
0.021687559544603
0.022513204207737
0.023059365548708
0.023342549842185
0.023062372729701
0.021328226549049
0.023828240999535
0.024755885598463
0.024062673855401
0.024227045757356
0.024956125779259
0.025417732344444
0.025552486784714
0.026095488189097
0.024983805926205
0.024939443262054
0.022396151339529
0.023297490202919
0.024104234446604
0.024097017946009
0.023712207360773
0.024019682771826
0.024041425188599
0.023379043754075
0.025259951746413
0.025107484401243
0.024341859019998
0.024474413077263
0.024254901546545
0.021189176317264
0.021591242430444
0.022916857619254
0.02258035437858
0.022113828749794
0.021464268210382
0.022248547739969
0.022226136777191
0.022677309500325
0.022077695812815
0.022506203869795
0.023057259421308
0.022587733733261
0.022993666475346
0.023372019294
0.02201897337357
0.022608478382995
0.021375748395704
0.0215171689315
0.021430568419222
0.021634624531501
0.021570466845117
0.020671742098733
0.020667146728404
0.021575142520956
0.021626314379452
0.021715108288399
0.024053380261559
0.02308138880195
0.023470275416521
0.023671670355632
0.022610074185189
0.023208898543029
0.023743419152677
0.024258570108151
0.02187705403883
0.024392281959142
0.023685167259431
0.023366579477352
0.022924158037912
0.024692282936245
0.025043545597647
0.025500259712953
0.024754281389385
0.025012383083887
0.024238429586512
0.023706187973193
0.025381027354626
0.025880762400792
0.02675999635735
0.026724639222581
0.026104154655443
0.026454272228128
0.025510285478971
0.024765879847242
0.020636453287911
0.021733373558898
0.021771572953611
0.022567614259188
0.023934695546466
0.02395263784267
0.023136258727628
0.022914970081
0.022448207513097
0.022121276130732
0.024021426431177
0.024958896320323
0.023637739048422
0.022913199475291
0.022135771500174
0.022169243997509
0.02126878287253
0.022037459497346
0.022056571663536
0.020872153357285
0.023854120054445
0.023191733320546
0.022783746907694
0.022650607339118
0.022556809197947
0.022262507090356
0.021334695510831
0.020859241764176
0.021535869817758
0.021366404117375
0.020453908600859
0.02089330437716
0.026157811653535
0.026607396416204
0.025022791596995
0.0253022062353
0.025320719134617
0.024217477771491
0.025120270959492
0.026167659912045
0.024219283215197
0.024467912076466
0.024898722736765
0.024715577245754
0.024417218691164
0.02439935699805
0.024798999209065
0.023680992415375
0.023888084463843
0.024119094587516
0.023665448428137
0.023629713890357
0.023217968456083
0.023141949844898
0.023862497945617
0.024548278226507
0.025027637153341
0.021173846153353
0.021415697274588
0.022424789676058
0.021554509386289
0.021082240185277
0.021635196592385
0.022798108742598
0.022343851685077
0.0226476147997
0.023248834737548
0.022470758625056
0.02362074844925
0.023771005967288
0.022971097258665
0.022092605230848
0.022464672858744
0.022654028233176
0.021573045526982
0.023227845202771
0.023058151357528
0.020635759920066
0.022008250417856
0.021481514303816
0.021348145767222
0.021345478550563
0.020728140234509
0.02227744471209
0.022490901027328
0.022694747564806
0.023329698547206
0.022747610811143
0.023439589386941
0.02257511196021
0.021030090328851
0.020507443367159
0.021623659097051
0.021401927347642
0.02247794008247
0.024139433370679
0.023474816692534
0.023183352676671
0.022361756546617
0.0247365931634
0.020613332825304
0.021041759963969
0.021044867454471
0.021270011203826
0.022637767367067
0.023782610214104
0.022746182240921
0.022411543455814
0.024358006028383
0.023299030396211
0.025020316565208
0.022480550624643
0.023596278600022
0.022528677148552
0.022476390827291
0.023925544189313
0.024845132538528
0.023984400620907
0.024249163124079
0.025201069686283
0.025700256358573
0.025249336116272
0.026219979884845
0.022653793048626
0.022359691699725
0.021520068903285
0.023783479389164
0.02215147153437
0.022365478124298
0.022388056912136
0.023323474593768
0.021153156323764
0.021310410103001
0.021624917337747
0.020685772305621
0.020951250182944
0.020903560651251
0.026211676481555
0.026668363283104
0.026374974406236
0.025421450508247
0.025622010605877
0.025459617763755
0.025219996290111
0.024901467848774
0.024716679826678
0.024860936968819
0.025047422987655
0.022121338936642
0.022387437944018
0.023047214592038
0.022511570602801
0.023625514874861
0.023037495290829
0.021063044016373
0.023613284320971
0.02436742997639
0.023901541243434
0.023923952248471
0.024317667488525
0.025128849662702
0.02532503893379
0.02459524063348
0.0243552851319
0.022729906148684
0.021966065555319
0.023102359374957
0.023527126663642
0.023835139070029
0.024169671101371
0.023415040119099
0.023665441233136
0.023691510311316
0.023987753803644
0.023372547840373
0.02455810327292
0.024603344852224
0.024190780576346
0.024061461049808
0.024048917773837
0.021621956214111
0.021720522244568
0.022714387457655
0.022633983043484
0.02173026105536
0.022020640499551
0.021214559879074
0.022290098201968
0.022060817267526
0.022370106979351
0.022839708922731
0.022074530278367
0.022289953702836
0.022858581760791
0.022979457075085
0.022274910602156
0.022885752063133
0.022954876039429
0.023726351404577
0.023221972573923
0.021872952523314
0.022157218761599
0.02300393980637
0.022390132479112
0.021160165142275
0.021378932669303
0.02196103750702
0.021384237567788
0.021207858181074
0.021490661524524
0.021622474466807
0.021115053932562
0.021150992183335
0.02182992238774
0.021801414870137
0.023758195655328
0.023975608744446
0.022763738886516
0.023320958233179
0.023780319210233
0.023051853621554
0.022386991024875
0.023160230586228
0.023291159951538
0.021915758028872
0.024271067685723
0.023706660939121
0.022819011028037
0.022411334424755
0.02467128109976
0.025294144804159
0.025186468926104
0.024095553299748
0.024932552724337
0.023791247268335
0.023286266473009
0.02303932581059
0.025049737356679
0.026393076261255
0.025492032214589
0.025828207525823
0.025008794606289
0.024486428413555
0.024242157310306
0.020980504471205
0.021738974186633
0.021397322425487
0.022516138662411
0.02250785167745
0.023334969487712
0.023435721548301
0.022329928662235
0.02275124976775
0.02116023841534
0.022010495712245
0.021350997103519
0.023683653512808
0.024642962342471
0.023521079133639
0.022939338195122
0.022642500232588
0.021568993632165
0.021420291505655
0.021257101547347
0.023491878075998
0.022879164309738
0.022494773445128
0.022442400543398
0.022040589384912
0.021794099433634
0.021521537518594
0.021365139585583
0.021203439402832
0.020740640057278
0.020879180700828
0.020796465327528
0.02556008517942
0.024514042010487
0.024639170778729
0.025660624326078
0.024748515828987
0.024056539167764
0.023786002052415
0.024645732292176
0.023898202203203
0.02413698535708
0.023988738988723
0.024290220184148
0.024407163933461
0.024570234883222
0.023875967651881
0.024694298292767
0.023470175223181
0.023449838859857
0.023587650346179
0.023162458802868
0.023732274486822
0.022597136663122
0.022976073802965
0.023956082242047
0.023532167559007
0.020722254472774
0.021502532403221
0.021764360672599
0.020916165202103
0.020521992241158
0.020868316788779
0.022609446631051
0.022283767994986
0.022457211101376
0.02301099621882
0.022402829917786
0.023101984696605
0.023661709198963
0.024130154136006
0.022807486874927
0.022098750308703
0.021612193941378
0.021939925670204
0.022982731633408
0.022155513620906
0.021114474982278
0.022977438593087
0.022955096616744
0.021140036419112
0.022020547816346
0.021931117605152
0.021209715475813
0.021110174805096
0.022212132257244
0.021938227148408
0.022426439743083
0.022301635092796
0.023021107262325
0.023240774648662
0.022999759719906
0.022628339957715
0.021174356866281
0.021044951076203
0.021683977616191
0.022543768830994
0.022164010626302
0.02379695140279
0.023602327999078
0.023169709570269
0.02259112131446
0.024148744679318
0.021413464407773
0.020878998003235
0.021351483307806
0.022427026613652
0.022937402342896
0.021174961425401
0.024026493517214
0.023134025254475
0.024614615505206
0.021596861298358
0.022433699127983
0.023143828828105
0.022309768917853
0.022360783498051
0.021815342191586
0.023441525960766
0.02404503652526
0.023596492250588
0.023432292200728
0.024908290335322
0.024950724369202
0.024474129138611
0.021654551878595
0.022045525716446
0.020973795927034
0.022044225216851
0.022299309211824
0.02151191361827
0.021029732211941
0.021188909802733
0.020709698371092
0.021445073086714
0.020732546752178
0.025688412738795
0.025775842732061
0.025018425036135
0.024814967894069
0.024573949711836
0.024498417954675
0.024451779114398
0.024342556414398
0.024635284280356
0.022059888243673
0.022591526476208
0.022124279081359
0.022826747729878
0.023309951816594
0.022973701322156
0.02411939224616
0.023632788810556
0.023747720584795
0.024210465029406
0.024706552692046
0.024745265153769
0.024584417713533
0.022505276283835
0.022126885164124
0.02300904524088
0.023075795807778
0.02377516898853
0.024056844761786
0.023555049385253
0.023662439885485
0.023807055666926
0.024151196765893
0.023260344197357
0.02392787848785
0.023941669437124
0.023939501977182
0.021941936334876
0.02174381613358
0.021780174721623
0.022750610745311
0.02255640908685
0.021578944215615
0.021913290353812
0.021688248990975
0.022277577184626
0.022165297337366
0.0222722986571
0.022683137229616
0.022023957420505
0.022346668744806
0.022826909093695
0.022907120583517
0.022192128446842
0.022650489164447
0.022834364828976
0.023240842682122
0.023091915636131
0.022107000947379
0.021977375246699
0.022474267043879
0.022425776256739
0.02132631600924
0.021134060304961
0.021630912986953
0.021844993711825
0.022163437063834
0.021232937521441
0.021176936330193
0.021645322547104
0.021798008368641
0.021045036161436
0.020935327246621
0.021976231778209
0.022040960396987
0.023754647904265
0.022539849370972
0.023123017511248
0.023393997908587
0.022653196438878
0.022462139110967
0.022963090084153
0.023592095163438
0.021700299533639
0.023296205748102
0.023468291280208
0.023179438019537
0.022086779909639
0.022373183066185
0.024000246133127
0.024859918033935
0.024676663964742
0.023970755826372
0.023850215253557
0.023976783424742
0.023829352545769
0.023359313422329
0.022636644938329
0.023235515180637
0.022492690585036
0.024904176646122
0.025656521676643
0.025262653345235
0.025361222435874
0.024950448497899
0.023951169636514
0.024723894285997
0.020563689891137
0.021268729063219
0.021955551315013
0.021165720065936
0.020775602753241
0.021795537766136
0.022267254379405
0.023062111801681
0.023087061881589
0.02218012368839
0.02262778483504
0.021461883845869
0.021071424431627
0.021415319804793
0.023716520369953
0.023555728674785
0.024092841875091
0.022925407551513
0.022277318086047
0.02114060749699
0.020779067845536
0.020595870039134
0.023094317449109
0.0229421550759
0.022785553401452
0.0225517088415
0.021972194077661
0.022431066529502
0.021937340743316
0.021687301709273
0.021325482155205
0.020777628909083
0.021442848076132
0.020769279686045
0.020789700124752
0.020804879551067
0.025074465060828
0.024363460896986
0.024298566576514
0.024556050362377
0.025062329133105
0.024584799593645
0.023990213195199
0.023612070954738
0.02358496441178
0.023772275192091
0.023640317892687
0.023789603176645
0.023788035368821
0.024180426014986
0.024075564411735
0.023445299211694
0.024099632256766
0.023144788815615
0.022986166286343
0.023617465782916
0.023318550077245
0.02268834093067
0.023741965831511
0.023213320421322
0.020776580314351
0.021289185533443
0.022325342995199
0.021238026442301
0.020375128804457
0.021439187164891
0.021071612539192
0.022030038303736
0.021838991781519
0.02214917999872
0.022695495857803
0.02187344238924
0.02278615034877
0.023130435385952
0.023796484088725
0.023557594362707
0.022665779058452
0.022321913433105
0.021834645158561
0.021483141023577
0.02193939570748
0.022607864468063
0.022279079574816
0.022801876229087
0.022965884480226
0.02298265087811
0.020945882400831
0.02156642740342
0.022168038252612
0.021885390983994
0.021430686745821
0.021200592969145
0.020938259039453
0.022296277221399
0.021811136754933
0.022511150480555
0.022214853314827
0.022655669848394
0.022210700575452
0.022540630117799
0.022804737447568
0.022845123159206
0.020898456837179
0.020839703130086
0.021570812257027
0.022448213985078
0.022168615947184
0.023815833235863
0.02363610842783
0.022930367907341
0.02236807708244
0.022637810145858
0.021537472697548
0.02095172783409
0.021896312202021
0.021320019542927
0.021588199408388
0.023570925775726
0.024109021567055
0.022350130431194
0.02138079065323
0.022037369616228
0.022848958938319
0.021491932950357
0.021917127418818
0.021389977633314
0.022891294396586
0.024227270918313
0.02324401898523
0.023203946407698
0.024658777299191
0.021479078459791
0.021035290625083
0.021955509031826
0.02210851004451
0.021551659981408
0.02119796664309
0.021256400488126
0.021291291176029
0.021276095771649
0.025194019156929
0.024671357282082
0.024394933818843
0.024557683840798
0.02412347466974
0.024457532106309
0.023875146907088
0.024024457094458
0.021656520622149
0.02222070516649
0.022570312470611
0.022033538579653
0.022826770835818
0.022863017718509
0.02309217040095
0.023315873098935
0.023238930863059
0.024218124385639
0.022640976047339
0.022052615612627
0.021825814963932
0.021452734741086
0.022949344539463
0.022836267102547
0.023046001093653
0.023535037819661
0.023712451512574
0.023330449626088
0.023577813147945
0.023632081525317
0.023130906193715
0.023556094940693
0.023662244389156
0.021967011584109
0.022010077387259
0.02191785082246
0.02266899894229
0.022289661490413
0.022060981945619
0.022014597919294
0.021836367285818
0.021902554033824
0.021706000939704
0.022208335756072
0.022174982042067
0.021844402244383
0.022455293172248
0.022599820979052
0.02194391846225
0.022103266644534
0.022231892941894
0.022501642813155
0.022891740619488
0.022810980978683
0.022188852583686
0.022447213212598
0.022995112233437
0.022674760608671
0.023135620290851
0.023047993984038
0.021965973652809
0.022269419044739
0.022258530527018
0.022487115968234
0.021828279153145
0.021508273764303
0.021854539650164
0.021912297029936
0.02206439091048
0.021895576667238
0.021513865467177
0.021673455709936
0.021887619437618
0.020835313099231
0.020733773641126
0.022051459725209
0.022087625742092
0.023450219873102
0.022460481971798
0.021974765049846
0.022718115694514
0.023110484757718
0.023321512557275
0.023245722949907
0.022344038974662
0.02296530157321
0.023375194089511
0.023036290526694
0.021679826911972
0.021868778634035
0.023575471975684
0.024259094190568
0.024275479895388
0.02357957373802
0.023645314105208
0.023256328259373
0.024089711621337
0.02317541010249
0.023610212010281
0.022996666766033
0.022680380837498
0.022597591030566
0.021687202055328
0.024702355085091
0.024842568107384
0.024308946177894
0.024872556043157
0.02385162365857
0.024343640557848
0.020462923690732
0.021018543051587
0.021245421841667
0.020568507886035
0.021316903719612
0.021680200280023
0.021856632990177
0.021683368860598
0.022320803902095
0.021293236298027
0.020908559048066
0.020962062992902
0.023360527358943
0.023112533485851
0.023975919501859
0.022772909008964
0.021805054726685
0.020598261665104
0.021478793289466
0.02266889100023
0.022839020914801
0.022456683294651
0.022960185805208
0.022284901315153
0.022274702539146
0.021916137698241
0.021913681295348
0.021869293702899
0.021283191567245
0.021248964322294
0.021243342673974
0.021192374757196
0.023808585974212
0.024409999647905
0.023934855009398
0.02396560806052
0.024064134393902
0.023648600064861
0.023694531575499
0.023500553468742
0.023200067521668
0.023556002082354
0.023187936047875
0.023225432593452
0.023603773329437
0.023926214308929
0.023170619471148
0.022904298141432
0.022895133414585
0.023268910166712
0.023100069871527
0.022314238822713
0.022664088120225
0.023557077280794
0.021004651564106
0.02114305737639
0.021763260286134
0.02115999108473
0.020816977389967
0.021418435538007
0.02122578565578
0.020801016974772
0.021687281303038
0.021855767777617
0.022406828029518
0.021838543466393
0.022357625809654
0.022789138210062
0.02294042131252
0.023534786625462
0.023579085599561
0.022244218433475
0.021613050492862
0.021944610526566
0.021756349915846
0.021936359561618
0.02246959638489
0.022101773771088
0.022637239482354
0.022834484523382
0.023185488168931
0.022839227734568
0.023313381576913
0.021480919960142
0.021554576854737
0.021887965690049
0.021680560272463
0.021573974938401
0.021224847306982
0.022144479138393
0.022021249607695
0.02251963605658
0.022092058664612
0.022251411187642
0.022505076432954
0.022123417807581
0.022686676799225
0.020684315932502
0.021353726458363
0.021934376786613
0.021332730486446
0.022125966049764
0.02267580638761
0.022317701507943
0.022554120817021
0.021503092235729
0.021534950903819
0.021223581816649
0.021557953623762
0.021369771500754
0.022943859597624
0.020889399998336
0.022352323057136
0.021303322087954
0.02077626042429
0.021168709662508
0.022566125546555
0.021147729613292
0.022617387954666
0.024273259859482
0.023101718456342
0.021381980282636
0.02122618325879
0.020773007745024
0.021825429493856
0.022206637567432
0.021460153003493
0.021215721170933
0.021481375703726
0.021275785410555
0.021356195836287
0.024291117491052
0.023868737088701
0.023795730819155
0.023633717589039
0.023817261437555
0.023656288358445
0.022078841179952
0.022345392584283
0.02262501528634
0.022738970687889
0.022479778389701
0.022952181119073
0.023264122285443
0.024132935966831
0.022268217575997
0.022774827456564
0.022199365362051
0.021782229508822
0.022016821244064
0.021447539365532
0.022804709710821
0.022547446699927
0.023054893052795
0.022958468604083
0.023245729107614
0.023547561896749
0.023405797458897
0.023726261109802
0.023279394075309
0.023505475788122
0.023079204676436
0.023417660323676
0.023567590472058
0.022127036273806
0.022310131176396
0.022447803627833
0.022545031464213
0.022045429005357
0.02201814654712
0.022092848335089
0.021881778100563
0.02146535589668
0.022102223595981
0.02189659327837
0.022353699257471
0.02210738493272
0.022159729824153
0.022160495717104
0.022097917196109
0.022417348151014
0.02247234380761
0.02240615114572
0.021964144554236
0.022282693176325
0.022345837562099
0.022164232151167
0.022475894071842
0.022810269388155
0.022566377571751
0.022799868310762
0.022026786484907
0.02217244210783
0.022260291050585
0.02259265033343
0.022527004136373
0.023008698904125
0.021889820975737
0.02201598160896
0.022244988331968
0.022138700651617
0.021935978193219
0.022004618566525
0.021637337732471
0.022193692683646
0.021431369213355
0.021681244237118
0.021887379539196
0.022192748917853
0.022483606995253
0.022209772249287
0.022208774627155
0.022175807326233
0.023385308758002
0.022862151702742
0.022387286319076
0.022152454928234
0.02277055424719
0.022985281267064
0.023256118415275
0.022978278545312
0.022259165870357
0.022458877570012
0.021406245604686
0.024207814748514
0.02387714973456
0.023043826637247
0.022784613703885
0.022967223877418
0.023729066178235
0.023007706233397
0.023052809564494
0.022575755605082
0.022494946699299
0.022449509352441
0.022519712032722
0.021617562422696
0.021238656019662
0.024504524681051
0.024095476492927
0.024120184792342
0.023232544177938
0.023810828955249
0.020644542651641
0.021099203045088
0.021375870446285
0.020986938276481
0.021331325577834
0.022022842226626
0.022358671351797
0.022300759336449
0.021320297226198
0.02098722765184
0.020697977563432
0.023085724065
0.022918511244706
0.023623467168992
0.021938733312239
0.021115908253703
0.021556350583572
0.02249119955012
0.022532846335243
0.022484203646723
0.022597953113871
0.022029126791078
0.022262750969514
0.022117393742812
0.021523702381066
0.021606819222598
0.021046916889899
0.021388363747828
0.021245053354982
0.021365742494775
0.023603184185046
0.023932120070195
0.023643167401488
0.023721668892144
0.023648732643997
0.023515206730222
0.023178125095785
0.023266130372555
0.023223061412901
0.023103452984794
0.023587546442142
0.023226822028999
0.023253892767458
0.022850447077214
0.023411486452748
0.023407978167653
0.022941156887565
0.022554532312188
0.022893982862481
0.022740544386759
0.02283845724994
0.022799353864997
0.022455828423278
0.022188693535157
0.021204826770418
0.021212350848371
0.020557793372956
0.021240522120467
0.021145747389819
0.021017838009292
0.022053670316019
0.022029113476323
0.022043207786464
0.022540239280548
0.0227697538187
0.023111515612758
0.022913621126734
0.023984743114921
0.023282164881237
0.02225750146988
0.021757546496649
0.02192697746865
0.021596933594995
0.021618041236649
0.022294857501757
0.02250919317221
0.021954033925669
0.022376874910667
0.022755749556219
0.022390867350872
0.023006060511407
0.021515506630146
0.022181310572885
0.02179320251365
0.021702414605903
0.021222114037227
0.021483613770134
0.021880406595813
0.021855794050808
0.022479845369518
0.022061874837993
0.022393114669002
0.022221361857557
0.022769742121823
0.022402478944946
0.022047029120815
0.021516011313865
0.021375787723139
0.021744622517766
0.021983883386326
0.021787225032331
0.022162661279122
0.022433101213494
0.022460900103784
0.022718976762738
0.02169876324821
0.021394984721079
0.021650550965926
0.021745052536434
0.02101247463837
0.021042796454871
0.022826156442916
0.020308083393964
0.02193202212535
0.021389812304924
0.020959776653622
0.022301895246773
0.020261488174742
0.02271074707274
0.022379958907533
0.020926709736284
0.020840271451749
0.02049808661969
0.021954317887043
0.022048328287643
0.021077030422329
0.021252435031525
0.021461671094176
0.02129750891966
0.024037054035279
0.024460300492034
0.023783819923725
0.023400830854847
0.023310085054927
0.022162216794168
0.022058346198578
0.022274685706528
0.022546019145678
0.022404456922546
0.022909886780715
0.022487646491802
0.022807366278944
0.023768268869493
0.022361801851315
0.022516242882418
0.022214744044778
0.021717691135382
0.021915749371209
0.021598362362095
0.022507972648991
0.022455218974457
0.023020743106957
0.022702839484487
0.023181709629189
0.023102567565718
0.02305280543123
0.023296057443293
0.023429434424966
0.023407409682139
0.023173851069408
0.022362942962389
0.022413916388709
0.022300742754754
0.022126968565732
0.021892001580616
0.022188214020927
0.021992807431139
0.021943419244774
0.021716797854779
0.02209231225134
0.022041670741298
0.022092336851804
0.022036848993877
0.022089608241179
0.022106332957539
0.022070245333404
0.022112585319703
0.022400666051183
0.022330580037507
0.022059399660118
0.022106813891657
0.022092251484592
0.022086392424384
0.022482886600929
0.022646138080849
0.022432967336977
0.022618975407442
0.022056876102378
0.022032818252786
0.022230927180432
0.022554232252569
0.022772137471598
0.0218994485478
0.022057961112933
0.021975046186252
0.022349304645833
0.022056957387747
0.021928161749615
0.021769673991994
0.022140188802531
0.021867580542597
0.02175669629861
0.02218064621584
0.022220885943685
0.02231204986766
0.022266495278212
0.021847104513145
0.022095051246969
0.022608936812148
0.022160358051832
0.022492686468442
0.022705025516618
0.023338193277922
0.023064311347679
0.022668614603953
0.022229808527458
0.022085376830093
0.023736474685885
0.023656877885311
0.023277338652634
0.022767052239394
0.022432398524488
0.023252425644587
0.022785976746152
0.022928527823175
0.022787405230527
0.022430569618195
0.022187230459866
0.021206148228182
0.020968447252837
0.024118450324827
0.023843816234739
0.023248328197773
0.023591980744737
0.021294456495036
0.021415459694063
0.020968878256977
0.021274718752165
0.021884521129602
0.021966423474134
0.022353681313337
0.022278044808955
0.0210553380572
0.020652820871165
0.020636740374843
0.02302552453258
0.022820429684205
0.022730634525352
0.023305435140482
0.022180599796992
0.021074601902602
0.021390106497846
0.022575754442719
0.022480137944977
0.022166827853278
0.022394974076639
0.022161434671582
0.021857376033691
0.02190699957126
0.021743560133138
0.021084295591249
0.02135334977225
0.021437415367433
0.021381654329842
0.02176207653875
0.023587177795578
0.023510669116102
0.023422128849207
0.023302708678263
0.023517155547439
0.023487112756862
0.023221381731076
0.023311794106264
0.022985411387138
0.023175767533348
0.022810237067695
0.023044240283258
0.023315942056889
0.023096667384938
0.023038971187867
0.02284126344917
0.022993994037101
0.022773289066851
0.022650065272392
0.022533834730625
0.022817492982422
0.022612103598484
0.022891224204258
0.022205976901339
0.022169801107958
0.02140206921882
0.021239607468411
0.021622332367249
0.021092494833226
0.021344708405038
0.021205015031547
0.02178502985809
0.02181420759386
0.021780491379202
0.02259610429435
0.022088835383321
0.022378583614967
0.02278407623027
0.022857728418275
0.023139621630891
0.022414524074681
0.021933943155196
0.021737442131375
0.021868473736111
0.021754135912857
0.021822589735536
0.02214653001918
0.022205897619569
0.021942464388738
0.022612438695612
0.022229083358455
0.023325201664105
0.021833131218188
0.022055126596401
0.022102995065437
0.021863153071918
0.021923513919199
0.021507426264342
0.021895177380525
0.022428922324137
0.022201863464691
0.02241493705178
0.021972674027271
0.021883429121006
0.022306380486997
0.022335632142148
0.021947068362675
0.021585873297163
0.021505599633316
0.021950950328512
0.022009260562258
0.022068023479838
0.021934007990456
0.02193978500499
0.022064161846326
0.022302007383863
0.022356542641831
0.022614015588751
0.022552227471613
0.021878991413335
0.021686732376998
0.021771429276482
0.021749783790666
0.021783964396841
0.02045549058115
0.021318100906685
0.020446402893374
0.020966032728825
0.022127726609669
0.021481805639362
0.020773473188698
0.021935908407482
0.021278868226295
0.02061526013472
0.020988111176348
0.021969623776383
0.022248720801968
0.021641322708744
0.021695914371757
0.021755720582432
0.023688653919965
0.023026787891452
0.023065052957625
0.021978617540806
0.022022622881531
0.022178219949313
0.022324298916568
0.022293789219292
0.022224303984281
0.022598507284987
0.022171180131931
0.022350740958239
0.022163156286237
0.022077876326675
0.021621573447261
0.021780930031086
0.02205113347023
0.022426756883754
0.022334245802714
0.022672906384291
0.022449763095261
0.022691122279743
0.022807705987891
0.022977444963172
0.023039474110013
0.0229134678811
0.023117962222206
0.022964436814589
0.022438219786943
0.022333004993938
0.022109471668579
0.022313751946708
0.022220444588406
0.022017182456964
0.021970872883612
0.021937851717481
0.021946379400346
0.022043941171372
0.022069201717877
0.021889919181159
0.022074006425912
0.022067911813482
0.022039670567394
0.021974140155381
0.022045918324218
0.021907094641325
0.021800052252565
0.022244093953849
0.022240867253726
0.022166346549446
0.0220686783973
0.021856338183168
0.022263349344079
0.02187725683794
0.022284175630717
0.022637441633263
0.022433642198576
0.022793232446048
0.02196685786774
0.022071533933164
0.021955475801162
0.022257900631911
0.022409256984055
0.022761332837016
0.022081310446067
0.022154859767242
0.022244392937704
0.022186178609976
0.022231848350326
0.02207164092483
0.02219801892246
0.02232144955345
0.021893665703064
0.02192019948179
0.022653112140578
0.022235487242307
0.022920481451785
0.022020135386241
0.021913178371327
0.022245819666166
0.022504598678647
0.022567642313906
0.02268267153512
0.022752780891525
0.023050995488604
0.022127607364216
0.022237548590129
0.023228879089783
0.023197110369756
0.022375473300316
0.022741313964204
0.023003502062452
0.023034278072125
0.022614393962874
0.022913855691055
0.022553280829038
0.022194742142904
0.021756176475297
0.020552661950827
0.020737770522324
0.021515155373542
0.023758636616003
0.023421288197093
0.022888328040155
0.02137102172505
0.021610984222929
0.021207195103915
0.021639584869675
0.02184926212979
0.02215311517732
0.022129016179205
0.021537560619749
0.020708488551615
0.022861463152011
0.022774768342529
0.022599592765255
0.022548006494554
0.022476264934574
0.023064479468405
0.021781304794338
0.021901161466549
0.02237832864909
0.022438741059666
0.022355752447003
0.022104405909644
0.02213550420031
0.021970239817556
0.022035773810944
0.021680611676771
0.021795820441045
0.021920019106772
0.021739715843126
0.022023397889349
0.021862635181336
0.023454729136993
0.023152049342682
0.02304105428485
0.023051868474843
0.023209148276514
0.022901410788056
0.023060265344437
0.022885025124462
0.022942197464269
0.022877154877763
0.022633385981061
0.022766751778204
0.02279171712181
0.022820549134338
0.02285028012074
0.022694742467763
0.02228265874165
0.022414708787212
0.022392620564998
0.022629448324131
0.022406437474313
0.022529003962872
0.022891795713497
0.022119538763013
0.022048258617158
0.021712912195023
0.021473064361774
0.021554099742732
0.021554201853831
0.021429098416189
0.021903040110801
0.022191869000756
0.02212086200754
0.02199741969868
0.022339960037294
0.022673848564133
0.022879127799544
0.02293028731454
0.022000306022681
0.021770363408205
0.021865975240986
0.021740049385338
0.021816061620037
0.022320295714898
0.022596294157255
0.022345696982645
0.022195308355395
0.021842604923558
0.021844969712087
0.021935324308067
0.021992388786568
0.021886615284025
0.02191908075203
0.021699686482634
0.022046218976827
0.021926654233691
0.022031710152399
0.022055807382656
0.021919192639991
0.0223576535336
0.022429869201927
0.021514942462817
0.021787467014376
0.021779748767654
0.021848901094133
0.022007182505061
0.022097362029998
0.022023650503458
0.022018113859765
0.022111700443244
0.022041437821559
0.022171839241667
0.022701411487549
0.022434970715995
0.022570778252562
0.022309020311387
0.021720018335944
0.021867868527728
0.022122892460768
0.021469311535456
0.020988445396687
0.020757746825656
0.02138057496747
0.021889122001473
0.0211973232965
0.021178128009193
0.021228540451223
0.022017959461546
0.021915734583851
0.021738547394867
0.021742974807218
0.022149916337945
0.022774330327534
0.022903886831311
0.022070482634807
0.022072427698275
0.022278254394173
0.022425052775099
0.022151393413406
0.022312219318897
0.022240959702093
0.022119744572104
0.021930199471685
0.021956752001155
0.022008355043187
0.021973802382024
0.022010979237997
0.022449206485625
0.022162294422823
0.022785169941529
0.022573717455598
0.022469905413599
0.022715345018641
0.022895221212071
0.022912279819239
0.023070631999135
0.022972474169448
0.022407008501704
0.022949034768386
0.022333400266795
0.022151891378047
0.022258225758423
0.022030020049953
0.022125024827438
0.02182053667816
0.021989519502741
0.02185558761098
0.021890201464182
0.021921772933948
0.021987736968408
0.021834124628469
0.021960774482679
0.022212039012317
0.021847181071737
0.021856424034703
0.021861310955798
0.021839818173757
0.021908275652352
0.021869074521536
0.021765650707512
0.022158150775968
0.021788256738964
0.022088002493873
0.022031408918332
0.022187806364989
0.021984224338245
0.021999595137005
0.02188418667302
0.022206802029262
0.021843507285888
0.022388804796388
0.022240779152522
0.022396040866815
0.022537326609923
0.022597780934611
0.021935771477391
0.021936938002149
0.02206760476082
0.02226799229117
0.022592210160438
0.022395999447371
0.022067338770963
0.022079066262301
0.022261465914349
0.02271401271248
0.02259498844061
0.022322869387112
0.022480987370814
0.022268909174459
0.022090957360118
0.022096089420126
0.022025932953053
0.022649177489831
0.022391898189279
0.022729630306093
0.021839414929481
0.022103874672081
0.022296001128218
0.022516098644083
0.022755890038596
0.022390229362538
0.022789994066993
0.021805223603207
0.022927451414211
0.022430702319209
0.022339944521409
0.022943783457104
0.023043628562253
0.022582262212303
0.022526822918754
0.022400904770673
0.021707645088486
0.022285858143163
0.021498697822034
0.021193568451167
0.020763535028119
0.02147735858821
0.023336130038259
0.022890200880656
0.021644893996349
0.021921288206798
0.02145677393577
0.021821797254852
0.02186100140925
0.022243561419113
0.021820290526694
0.022061781647533
0.021494333062177
0.021374441350383
0.022556793495798
0.022743495185225
0.022603009842352
0.022471040789999
0.022396221498661
0.02218754804953
0.022309474774529
0.023046971139535
0.021826262034288
0.022157147844564
0.022070123953406
0.022151344120669
0.021970144520773
0.022061452123595
0.021820960857767
0.022146523732719
0.02223718010738
0.022236014221462
0.021906763194181
0.022254333830738
0.021930344976218
0.023053410799542
0.0230595843427
0.022816091819704
0.022609283223471
0.022575419793371
0.022678782355244
0.022607979711738
0.022386753068588
0.022658076141277
0.022475146310157
0.022749764378856
0.022680950559917
0.022376562839188
0.022436287874785
0.022328499867123
0.022268874038098
0.022375382453066
0.022228886551068
0.022295737779679
0.022402506375931
0.022156094673306
0.022105814278568
0.021965391381635
0.021843393366538
0.021739947979782
0.021881894702876
0.021742898537561
0.021450174388015
0.021871750231564
0.022211351404798
0.022118441408112
0.021564701190938
0.022062629272711
0.02217487185094
0.022240834691707
0.022441974493676
0.022806977179231
0.02269340226806
0.021966713281367
0.02191013007392
0.021728609555761
0.021941382960605
0.02213915808501
0.022235760773915
0.022004337305937
0.022146286648253
0.021946526361947
0.021920839086012
0.021902460815297
0.02194529590832
0.021948845676449
0.021984667987907
0.021921018224565
0.021907375080184
0.022027924101866
0.021856856547988
0.022035917901134
0.02179961879765
0.022164220846516
0.021862426068634
0.022050787814129
0.021871809572269
0.022024628879152
0.022066024806718
0.022310414245378
0.022003574654999
0.022038674836157
0.022198006930626
0.022142607668181
0.022623471993067
0.022592303249873
0.022329113457965
0.022371563945447
0.022305976714867
0.021867211231743
0.021810964796128
0.022045067981443
0.022243784727721
0.021431699648042
0.020978304083522
0.021284828837318
0.022032092937991
0.021226198925873
0.021201700688966
0.021452779858904
0.021924433807335
0.022002627948196
0.022071408762333
0.022101945835182
0.022595299057048
0.022625233229844
0.022683758214858
0.021880982713552
0.022082965760043
0.02217402554175
0.022480052477685
0.02199195339466
0.022149434420864
0.022242991428292
0.022014420369459
0.021872555422685
0.021873555118083
0.02207002172244
0.022082005594387
0.021867946815512
0.022078376533263
0.022078418687988
0.022655442382956
0.02256417023832
0.022569283807261
0.0221530831161
0.022567200060268
0.022686146958643
0.022643746347474
0.022785655058887
0.022246099688669
0.022742164962239
0.02235850100144
0.022096336800708
0.022351891888254
0.021988667221237
0.022074427909851
0.021833484379383
0.021639949140563
0.02189418092157
0.022100635653444
0.021861528624932
0.02174725718727
0.021932307953147
0.022372541661937
0.021743236275264
0.021787913487747
0.021546870257501
0.021485482608554
0.021766138814591
0.021835093584241
0.021637872127374
0.021876496559317
0.021653948088726
0.021973581915416
0.022154327305466
0.021906145250217
0.02182256769973
0.021829544006344
0.021916243512828
0.021821993947107
0.022200853788513
0.022065759776244
0.022155008771645
0.022584289454864
0.022520843214954
0.022121013729866
0.02206362960446
0.021821550754124
0.021777075387267
0.022078263730024
0.02209788417932
0.02227795408868
0.022137492802216
0.022006091187883
0.02196977584256
0.022415181444259
0.022150999690298
0.022530162083228
0.022409164373777
0.02232973076439
0.022302312894462
0.022110616986706
0.022407909099994
0.022083519116246
0.022326460419644
0.022378352971784
0.022169058427142
0.022516621473616
0.022006386993162
0.021773532480901
0.022060118088297
0.02210136581917
0.022313319070434
0.022390866389643
0.022558190100755
0.021928207378729
0.02258361155919
0.022363403875145
0.022640190119482
0.022782525143168
0.022301264342047
0.022428716886195
0.022349087221288
0.021812153544017
0.022204288240975
0.021512461877514
0.021243201776531
0.02130004442181
0.021546775315484
0.021614968519133
0.022031294037161
0.022033792777843
0.021890577069969
0.021726810601964
0.0217713898764
0.021875434823981
0.02202316525492
0.02190343623798
0.021925858885552
0.021511764118196
0.021661723207166
0.022583882561814
0.022550993921747
0.022621359598365
0.022349166470391
0.022332882326358
0.022250376759629
0.022119959231967
0.022957171939344
0.022560893230222
0.022048414055153
0.022023924794086
0.022206176380766
0.021992359790849
0.022037992571677
0.022093802124903
0.022133049181388
0.022248673387203
0.022260780295527
0.022539777379593
0.02218772774274
0.022009666371236
0.022620728633555
0.022542725128132
0.022552504459469
0.022485038833023
0.022481911576912
0.022291823853071
0.022474498995134
0.022482503816029
0.022504740098965
0.022574228378529
0.022341401987134
0.022054228178524
0.02211516844317
0.0220902309372
0.022073907107512
0.02212206953997
0.022128622675163
0.02216477488176
0.022275954641228
0.02194712710828
0.021859958187427
0.022126686067479
0.022087055043681
0.022162907309712
0.022175336055741
0.021976063803656
0.021839295310299
0.022035014249153
0.022048995730698
0.022137671237807
0.021518283591455
0.022193380656658
0.021964832189033
0.022049492290876
0.022117454706126
0.021914231496241
0.022345270350117
0.022210575130485
0.022456325460772
0.021911317449182
0.021995641223877
0.021848914161419
0.021979570377985
0.021932586024274
0.022159076807794
0.022401903441202
0.021990489423403
0.021868716386296
0.0224114473754
0.022537150626682
0.021848725067409
0.021889302391945
0.02190277528898
0.021798614391143
0.021801031466682
0.02194418435131
0.021850009493842
0.021913503657716
0.021930166278368
0.02189138909574
0.021844525992744
0.021911128003797
0.02203341859803
0.022246201117966
0.021887923948813
0.021886993003751
0.022309761565193
0.021927266403647
0.021909477584783
0.021958553875498
0.022074462376512
0.022513329581646
0.02233130261639
0.022128488980289
0.022111838622532
0.0218849833122
0.022042479249583
0.022152472342578
0.022173978572407
0.021107037466371
0.021090360596747
0.021546109244347
0.021848228575113
0.021254413615775
0.021391419518778
0.022059936440514
0.021895674165446
0.022284232784551
0.022185251629797
0.022206094404731
0.022307110279302
0.022308674629228
0.021855812566349
0.021932193524648
0.022115475088292
0.022111570166894
0.021813423771064
0.022050796662992
0.021928940703083
0.021844339603771
0.021960466002983
0.021927865047984
0.022021761662604
0.021950275294678
0.022024736280239
0.022410633790243
0.022181776562833
0.022156904227131
0.022304679345526
0.022485367731822
0.02199355928919
0.022531501892339
0.022048354650193
0.022744782999878
0.0216430522085
0.022075091208137
0.022344897245911
0.021779866794514
0.021662051950757
0.022097460531355
0.021906434664264
0.022175766376679
0.021717605045488
0.021733602660624
0.021589500015259
0.021817809208889
0.02178521384286
0.021767999338032
0.021610871239906
0.02165922648835
0.021612453140033
0.021375119124375
0.021751633546259
0.021833571805687
0.021549769116182
0.021277307531786
0.021616784697283
0.021692605659253
0.021777450169476
0.021777011148462
0.021684374106863
0.021731064162102
0.021758608356368
0.021803031195004
0.021859805310512
0.021971671572226
0.021984872631477
0.021999545705576
0.022224960023554
0.022427427464173
0.022056935180009
0.021896862111634
0.021828299518983
0.02177113957512
0.02196313779909
0.022275127536532
0.022252903757039
0.021922772785876
0.021948571436362
0.022256834814106
0.022414326655365
0.022460532934952
0.022171757789594
0.022448729294177
0.021758474280718
0.022085114500657
0.021893175752147
0.022177055229792
0.022100126206925
0.022222612132286
0.021788679449363
0.022090356454881
0.021711277978479
0.022332347848977
0.021391878137824
0.02224754410405
0.022289022340204
0.022552871820307
0.02215901053855
0.022568136763456
0.022261235221618
0.022479070190798
0.022328620215307
0.022370105460461
0.021991713657187
0.022150718557795
0.021946647637907
0.022012143196494
0.021649594809296
0.021332352718477
0.022009527036627
0.021755367457835
0.021805729510985
0.022013040577206
0.021946063080911
0.022004509111109
0.022042284465581
0.021788274298054
0.021758927048163
0.022027697856023
0.022514529830432
0.022598731160885
0.022345292388977
0.022259016052993
0.022364790082409
0.022059090199916
0.022034078913959
0.022031606596896
0.022215441241504
0.022002713881247
0.022568823224783
0.021912750782721
0.021964503405641
0.02196120776958
0.02193184471626
0.021873060885781
0.02222708038469
0.021991224605812
0.022070901123715
0.022162663175069
0.02256554638951
0.022099360377828
0.022315977638069
0.022139767400848
0.022077513176972
0.021903443201561
0.022439593606987
0.022483808538331
0.022227218821839
0.022259720779286
0.022259930914766
0.022122330479458
0.022387478605559
0.022205460122354
0.022203369440916
0.022503596366639
0.022570391831863
0.022119021562326
0.021863695161356
0.021915714618663
0.021858954192705
0.021940269184749
0.022059074862698
0.021980736358922
0.021870770736972
0.022148413717189
0.022071172454586
0.021919952094538
0.022189567174592
0.021885850601342
0.021888933909272
0.022015438040182
0.022328391375695
0.022118655212931
0.022261766230054
0.02252435593124
0.02213049135833
0.021762703339963
0.022016954737352
0.022352228528701
0.02184008502461
0.022139500804573
0.021728216933574
0.021675458967508
0.022043625888758
0.021943714522698
0.022070687719161
0.022137587592449
0.022076554837291
0.021982385201042
0.02182046064811
0.021937536076901
0.022018753149608
0.02221515915418
0.021920951099218
0.0219437483139
0.021856621367772
0.021674897761363
0.022092527416105
0.022089435320139
0.021929811544276
0.021860545647691
0.022072342454431
0.021895586400846
0.021669192266607
0.021552052150683
0.021840980425934
0.021770528761791
0.021870267328395
0.021797411991889
0.021842939561185
0.02188090006549
0.02239631581589
0.022624476279766
0.021878749861671
0.021943825642788
0.021894836957737
0.022181771654869
0.022489867263881
0.022626210951144
0.021946214368942
0.021809695935232
0.021901710211869
0.02180912520816
0.022133894028544
0.022119290233701
0.021956968206434
0.02180127428491
0.022150998014711
0.022493674226949
0.021538533848547
0.021922709812284
0.022003060181352
0.022172530796228
0.022194697342125
0.022165519087739
0.022214047489038
0.022151290665387
0.022070922782475
0.021913243904701
0.021874518261667
0.022001971502492
0.021856220677656
0.021676424412122
0.02171818920344
0.021892870165396
0.021962200533319
0.021904486223098
0.022207791022269
0.021916375252295
0.021862425487944
0.022207571696464
0.022235414814823
0.022185209848539
0.022621382722486
0.022782623830735
0.02261657553216
0.021465957456539
0.022134722055175
0.021519508681067
0.022028569917568
0.021443007485552
0.021359699475366
0.022300794537302
0.021727635599223
0.02170668044132
0.021496536031872
0.021736018926451
0.021625717825485
0.021481425121918
0.021312323448169
0.02135817799146
0.021533580120374
0.021638339909198
0.021310759527298
0.021327855009787
0.021465750359671
0.021309346413472
0.021016956564203
0.021174420984536
0.021588332552709
0.021368123735294
0.02126031625454
0.021023460099192
0.021648790444126
0.021475953598883
0.021404161757427
0.02172875204261
0.021854053390176
0.021620394879914
0.021519685747521
0.021507618199965
0.021651891155528
0.021771038732743
0.021947987337816
0.022055695811175
0.021793313973868
0.021963551548893
0.022129416684268
0.02221190436819
0.022173641239982
0.021796017971584
0.021741984435314
0.021686317510658
0.022146579398316
0.02205334082933
0.02162831168622
0.022556067864853
0.022533392613515
0.022666965126358
0.022841720908131
0.022802105083097
0.022314792688718
0.02152929597015
0.021930854406083
0.021728138355748
0.021575414972536
0.022249004741436
0.021940397904446
0.022202106358626
0.021768440283573
0.021917460845581
0.021509514626999
0.022099109901904
0.021181031999105
0.022132012646599
0.022008568987752
0.022366559000244
0.021982108182666
0.022317133984195
0.022313018336726
0.022098827642825
0.022035831224067
0.021959177969342
0.021872427672529
0.021920173917326
0.021818078548733
0.021486941687255
0.02168754477388
0.021875442678391
0.021994414051259
0.021999332936522
0.022289983206891
0.021998414384753
0.02194947122498
0.021856353755809
0.022143673816027
0.022398273363404
0.02232881426902
0.022177634013675
0.021927976861855
0.022042964213211
0.021983203902718
0.021911505338037
0.021948054812243
0.021882809324178
0.021902311210884
0.021901572395952
0.021908620555387
0.021853326573399
0.021963630191009
0.022225713609018
0.022185873164746
0.02208186387421
0.022607630394582
0.022290367491722
0.02264726475398
0.022098045850185
0.021805561030945
0.021890389872394
0.022324000665911
0.022163272756707
0.022288818685048
0.021982746706208
0.02200470969463
0.022178954018925
0.021843637190203
0.022121008472717
0.022178391174433
0.022106038849026
0.022420335011095
0.022233239706032
0.022246688481122
0.021865777873963
0.021873479100151
0.021872141585867
0.021890375433151
0.021869758464944
0.021960426914135
0.021814299065159
0.022094692804292
0.021788298699807
0.021829408588706
0.021856474940165
0.022258796494555
0.021945665581971
0.022354554863955
0.022044628309904
0.022327480102107
0.022327372821796
0.022341356456851
0.022069160528626
0.022097251410491
0.022122385165986
0.022072288147239
0.021723731523391
0.022007408443563
0.021993407223304
0.021968289284408
0.022263781348468
0.022074879619484
0.021872260808727
0.021898304044249
0.022116502511935
0.022140502483066
0.022067617045921
0.021972664233102
0.021955913448632
0.021790351914844
0.02187926413845
0.021850969925298
0.022564153984903
0.021711320189445
0.021666884910824
0.021610279192893
0.022226580945946
0.021866194188749
0.021695431590438
0.021656615584647
0.021747971137854
0.021725891757569
0.021470114545567
0.021459239450677
0.021590976583274
0.021637747818703
0.021690620713867
0.021862096661561
0.021634031738397
0.021621852081767
0.021759327343277
0.021708299600186
0.022481821726663
0.022714118648357
0.022576561563292
0.021647725595353
0.022072308111307
0.021873190908018
0.022115713007794
0.022119797572595
0.022204439818344
0.022477004635853
0.021768052622157
0.02173864023754
0.021746662899895
0.021753869729055
0.021749853046144
0.021997083464137
0.021831438961808
0.022001201794664
0.022167872847754
0.022557919594289
0.021676011301449
0.0218872166011
0.022004401438791
0.022283982642835
0.022107346619646
0.02214407759088
0.022395743203822
0.022565732164943
0.022015781047868
0.022032769409182
0.021932130444982
0.022016874745482
0.021632878139573
0.021801180775055
0.021866279103487
0.021799105472576
0.021770602825366
0.021653075199372
0.021706015053169
0.021997014637505
0.022059894957275
0.02206724657039
0.022158321787765
0.022472799247205
0.021840574035035
0.021995771473407
0.022406282067025
0.022603340163203
0.022104793236467
0.021438570117962
0.021345710599742
0.021843999336325
0.02127306818005
0.021665412647811
0.02237100433096
0.022212799976669
0.021254780534985
0.022611487340503
0.021765733308454
0.021874357337254
0.0213736722454
0.021514262819605
0.021775638561752
0.021352052773095
0.021414201184367
0.021216906753816
0.02130032229223
0.021200694864358
0.021387498646638
0.021185981395912
0.021159110475812
0.021553099100726
0.021095598316112
0.020975229528362
0.020875916999729
0.021059526521342
0.020806114475485
0.021700968948118
0.021066298687614
0.021093041377363
0.020533520183822
0.021701520258108
0.021359910317273
0.021179407765511
0.021719810033045
0.02162660778277
0.021336071119064
0.021148197491882
0.02133629763579
0.021533421063945
0.021363351099946
0.021473754092667
0.02180655615746
0.021742224644761
0.021529125515729
0.021803791799461
0.022016053544554
0.021659636569586
0.021701732087491
0.021456256667398
0.021591633427117
0.021865016773004
0.021815559886094
0.021603957576436
0.02262851879365
0.022355193920919
0.021928598066156
0.022515082256337
0.022368442431286
0.022652707534421
0.022390720518163
0.022396925350965
0.02119595108217
0.021619187694075
0.021354465455082
0.021699383332152
0.021224642288425
0.022334590546368
0.022133148745681
0.021993279849611
0.021416910561337
0.021719328333826
0.021712789015765
0.020947492216346
0.021099233338861
0.021881952777211
0.021939277515912
0.02202295808024
0.022007646072026
0.022015941630304
0.022068749991257
0.022018919883051
0.02204061942253
0.021636800486859
0.021558876681237
0.021860544404491
0.02192203144898
0.02184270611336
0.021783352248087
0.02204044656722
0.021796924165835
0.021982981598136
0.022109515307906
0.022084925092564
0.021904204864269
0.022000524152277
0.02226854976163
0.022206767914526
0.022019493127723
0.022002821197643
0.02197020014777
0.021839565579734
0.021883904190118
0.021836991286582
0.02166984989967
0.021905612453955
0.021768978785781
0.021686905740609
0.021932071725702
0.021696552898484
0.022384796857264
0.022667091322383
0.022189631640018
0.022977945952782
0.022130754936433
0.021932742475533
0.021503836544753
0.021865893960869
0.022063443414136
0.021870541319425
0.021920491933664
0.021869327991616
0.021814014771053
0.022004996608943
0.022109437383255
0.021866876856849
0.021892375480756
0.021824448329348
0.021704340779942
0.021688983055399
0.021649352861752
0.021538358429626
0.021821960530489
0.021822883550896
0.021619049788643
0.021769282817237
0.021767168022458
0.021816935923725
0.02176625239073
0.021892929907102
0.021860744844954
0.022565419950429
0.022346876390329
0.021918052612381
0.022188899276151
0.022283433029643
0.022405485688156
0.021930883301374
0.021935934264665
0.021916418483751
0.021991088706191
0.021799781194801
0.022079883929435
0.02190468078343
0.022020932566692
0.02170275755679
0.021973200509903
0.021629341608637
0.022039620440007
0.021951356928372
0.021980515849668
0.021871244698134
0.021724765368019
0.021717209140724
0.021809195659676
0.022431534061086
0.021590544762859
0.021609938964621
0.021353127552837
0.021454320961007
0.022453837166237
0.02181259235428
0.021845895431855
0.021508002970195
0.021493473456117
0.021511517430164
0.021687812585997
0.021486853897459
0.021332432304735
0.021446485299576
0.021480626196601
0.021618569214708
0.021676430689831
0.021636404726955
0.021550845801807
0.021616751471336
0.021690356994816
0.02159602606412
0.022670526748499
0.022617326263392
0.021547310585504
0.022285640327245
0.021905370653168
0.021906815505177
0.022301868611465
0.022250519631152
0.021906194234539
0.022280787712366
0.022641583653957
0.021522632578492
0.021566454360728
0.021467050063431
0.021608007955508
0.021723507208794
0.021633061497656
0.022283974792471
0.02181514523504
0.022290831792497
0.02182674328484
0.02191385264508
0.022063932891605
0.022278913436442
0.022147195602372
0.022499903262748
0.021677520676016
0.02174337452243
0.021744317743977
0.021454354901922
0.021618976016104
0.021652341646282
0.021713624972931
0.021742272273414
0.021740904757547
0.022086692759681
0.022278322590138
0.021964557832655
0.022093479923192
0.022020176682733
0.021899732351389
0.021835860402657
0.022231972000249
0.021150170654641
0.021825872372754
0.021033183817587
0.021338860990503
0.021144464836602
0.02231000763723
0.021715311854959
0.022546504172013
0.021168509729287
0.021078438563429
0.021714628823855
0.022150266448058
0.021767510318001
0.021382058399551
0.021424381119211
0.021424722293316
0.021421358352005
0.021532305558745
0.021301153664183
0.021347991106454
0.02127426980895
0.021031140606309
0.021085924993096
0.020957960910922
0.02106349621883
0.021332270400643
0.020918823097667
0.021053214926216
0.021379176462457
0.020869030987785
0.021093857949047
0.020516236207125
0.020823484552944
0.020634526817058
0.020474190212351
0.021557889921794
0.020569474255187
0.020474185301356
0.020981588580186
0.020327221269654
0.020226473910425
0.021418635896772
0.021831074758186
0.021240550576522
0.021480042212397
0.021116050086723
0.021159727090771
0.021265562421124
0.021503156536787
0.021388685382927
0.021539815149134
0.021759446523807
0.021686724885488
0.021506860914105
0.021710149144473
0.021570278201492
0.021544739959439
0.021308098532094
0.021348591779859
0.02161589043635
0.02171209489184
0.021587494417738
0.021635632173069
0.022112860973886
0.02184744626554
0.0216899299358
0.021878646276385
0.022142516644236
0.022270979703757
0.022249115471662
0.02204330796326
0.021117995314235
0.021121899915291
0.021365626501965
0.021283325194246
0.021302426593162
0.020910235269576
0.021605411006809
0.021585345085799
0.021648091117845
0.021044992072398
0.021189967463923
0.021324798524857
0.020688506580493
0.0207239727812
0.021771551335152
0.021912128018486
0.022078079945044
0.021946482974318
0.021884439148693
0.022040931723669
0.021998019187867
0.02203710892988
0.022572194135689
0.021919116651804
0.022124734539326
0.021950723323106
0.021922848869106
0.022044218064243
0.022268750253952
0.022377656471608
0.022108495783565
0.022451234947052
0.021930371606623
0.021898922409434
0.022038764993813
0.022014275948884
0.021700253119565
0.021732454093025
0.021658371942438
0.021682901655661
0.021633705718897
0.021704196181288
0.021751180016236
0.021882887574489
0.021638604129139
0.021883787019171
0.022212914347544
0.023020726803172
0.022229418436766
0.022631339494211
0.021712258624108
0.022241400617125
0.022365682396894
0.021314403446526
0.021630860994369
0.021860202179107
0.021752313651762
0.021638820654798
0.021715890548837
0.02171308390302
0.021813762024645
0.021604112331315
0.021505405222984
0.021512669315075
0.021622507026462
0.021583984957991
0.021531446720206
0.021426145383256
0.021448077414583
0.021550286533041
0.021506127789277
0.021790020405033
0.021703759165853
0.02189867425478
0.022407705572058
0.021792841056738
0.022058145295458
0.022063944215264
0.022281450794718
0.022527794957836
0.021916180619788
0.021822310506358
0.021842386950424
0.021752172065785
0.022123151499487
0.021833456390908
0.021804300952558
0.021624543274609
0.021831088300681
0.021949070334089
0.021851807883815
0.021628789743376
0.021588339971778
0.022751819999414
0.022201027175107
0.02150815084754
0.021293847989121
0.02130277619632
0.021304208754091
0.021457040957706
0.021721265004561
0.021601021785025
0.021456717001756
0.021430085900519
0.021489419193889
0.021185465480676
0.021415302592532
0.021252509222601
0.021181993051879
0.021273851453111
0.021461502544386
0.021606279480055
0.021522416529471
0.021359816085784
0.021232154729692
0.021598102802855
0.021445847561532
0.022696171420104
0.022974342626922
0.021582820760934
0.02230324826958
0.021610853911403
0.021941913871477
0.022443795669028
0.02252656832852
0.021927320138983
0.021909490758809
0.022356584533408
0.021314973435866
0.021517155774073
0.021350616351816
0.021482131836309
0.02161752891054
0.021976119029229
0.021881350680509
0.021774243405469
0.022683974613473
0.02227659679367
0.021995292576235
0.022557212686916
0.022187859199688
0.022627552582944
0.022765659894589
0.021564874456389
0.021709698939238
0.021583810279574
0.021554706844705
0.02141373418867
0.021424704191681
0.021567454306054
0.021726341495337
0.022088051652377
0.02273619815874
0.02168039698445
0.021739054697702
0.022160545004811
0.022633632820164
0.021523011692788
0.021617942303118
0.021502444144735
0.021706526365208
0.020605303130485
0.021356547861048
0.020902756605807
0.02047153961049
0.020930403620715
0.021692616767529
0.022196433771074
0.021092734924177
0.020621387917429
0.020543321045287
0.021564572035447
0.022168202805258
0.021651025551745
0.021144583202797
0.020952222687726
0.021158793614866
0.021344677513859
0.021032693232747
0.021212137103204
0.021089839386731
0.020749091433214
0.020589907940649
0.021379623176886
0.020749598878938
0.020742959205038
0.021318854319166
0.021211236140061
0.020745492404785
0.020694311631507
0.020465118869688
0.020432997600949
0.020628935186327
0.020210113073762
0.020295772770501
0.020237107976784
0.020275899503236
0.020397483220849
0.020186275428151
0.020646228542394
0.019843642167376
0.020124304487769
0.019935735039515
0.019878164565061
0.021273067125124
0.021244172503208
0.021348568670969
0.020884035416567
0.020931661722355
0.020980269221011
0.021347470399559
0.02115418494508
0.021183945749434
0.021254042883052
0.021455882173739
0.02154050170919
0.021404482611497
0.021706592983958
0.021707621456745
0.021088361182112
0.021241241663731
0.021457590196493
0.021434807997237
0.021451456713327
0.021504972571757
0.021655195963665
0.021585825619179
0.021992094198996
0.022349835330203
0.022112804694548
0.022503235966314
0.022536438827474
0.02073437779679
0.020827878744607
0.021184796857287
0.021281789418515
0.021122193931123
0.021011209392829
0.020580033408339
0.021412306485814
0.02134551406713
0.020947883304974
0.020887296934081
0.021036313764538
0.020497443966885
0.021882717342368
0.021811343127089
0.021751776650634
0.021907774078422
0.021802641015759
0.021996958198802
0.022229898359894
0.022119156464261
0.021971440804834
0.02190141032537
0.022233410423555
0.021873117613788
0.02188073406861
0.022481605875687
0.021870878656732
0.022179511710845
0.022305725814077
0.022435643593518
0.022608253013785
0.021644576361223
0.021588208321813
0.0216118444868
0.021465031899563
0.021419330961453
0.021714478954024
0.021453482279769
0.021815028316258
0.021580078427857
0.021609887076183
0.021935117137087
0.022618561797146
0.02276800211979
0.021685025127703
0.022277314153159
0.022247837514339
0.02152506664483
0.022311471766437
0.02172985042174
0.021529698191499
0.021384061092601
0.021715631185197
0.021632939946832
0.021501225442507
0.02159995959436
0.021727455221583
0.021379939796857
0.021360755241716
0.021289598700368
0.021299407589573
0.021490838059116
0.021215608231221
0.021180894532021
0.021616354346782
0.021387599412582
0.021511889708146
0.021362940938058
0.021331777469749
0.021593236773955
0.021394376736994
0.021586911740454
0.022561187657218
0.021570823577762
0.022063820656977
0.021953380373943
0.022522850311933
0.022382377287605
0.02187778952059
0.021776994589547
0.021796785302461
0.021669373146332
0.021710526820502
0.02180134406003
0.021594033259523
0.021669857869302
0.021721692187183
0.021872791571478
0.021852829781088
0.021519782360978
0.022498223747068
0.022367825697901
0.021278930630158
0.021142580812712
0.021305823736269
0.021004064113717
0.021234994722771
0.021007760073366
0.021200074242703
0.021462847520048
0.021447404564603
0.021485064811835
0.021338140772389
0.021322703056978
0.02121892122146
0.021212339883459
0.021236696596621
0.021339032829674
0.021064738233579
0.020962271537975
0.020971656277828
0.020976569907502
0.021212254705737
0.021078572719454
0.021117091789178
0.02130094803866
0.021359970043878
0.021147499682754
0.021164138751536
0.021446501114707
0.021173207188674
0.02256424420248
0.02226038897945
0.02133055454796
0.022226987394569
0.021693484958558
0.022474295779795
0.022648572250515
0.021642106867073
0.021865498110333
0.022120362939575
0.021236933256155
0.021366091806764
0.021320967944266
0.02115230433631
0.021706906740647
0.022089397937479
0.021715824789548
0.021419745700118
0.021401033334861
0.022450707234307
0.022302542448753
0.022272995934947
0.022570167441108
0.022183715283002
0.022617680877812
0.022738179511613
0.021481485522415
0.021408237077758
0.021236392618157
0.021294520525537
0.021605842835827
0.021911700677023
0.022771543523531
0.021285507483278
0.021210774917107
0.021871674485787
0.022520564667799
0.021189426252889
0.021362756729844
0.021700016880234
0.021228171216065
0.020143660540791
0.020330732365941
0.020813256287367
0.021974050573223
0.02146685940026
0.022371591074737
0.02064791617873
0.020791280914384
0.020461319974447
0.020204373122656
0.021241071288573
0.021483241693463
0.022055421825395
0.021316142300341
0.02063584095399
0.021084072412314
0.021257075106196
0.020877375360702
0.020964316733791
0.020297745176905
0.020264148395155
0.02128935736223
0.020455247742031
0.020446637840688
0.021172464465729
0.021047369785962
0.020662188314748
0.020400540390749
0.02081590027255
0.020743595253358
0.020382056023591
0.019976406275543
0.020387471008768
0.01989284352913
0.020031194980425
0.020002211635167
0.020135873075213
0.019934324722625
0.020002354355046
0.01994533194893
0.019863202224702
0.019295919158177
0.01960009887442
0.019567836881896
0.01918225820001
0.021150663726824
0.02086392058503
0.021098697452244
0.02069250782164
0.020732547620319
0.020997797616569
0.020750680494432
0.021303380407206
0.021129590335277
0.021045169753168
0.021347790436497
0.021392624542106
0.021451344069468
0.020933812143478
0.020881941128792
0.021058615855104
0.021152557322509
0.021237174635347
0.021235077674247
0.021334433028623
0.021726418526234
0.021366779699352
0.021245542733178
0.021727478538042
0.022160417844884
0.021968699823713
0.022194744154835
0.022520139704868
0.020568102798545
0.021110805891728
0.020963059706695
0.020754182338238
0.020183004863682
0.021292908682951
0.021322743123834
0.020409985238059
0.020745310367826
0.020286227097577
0.020244061447594
0.020223295606717
0.021537258070695
0.021674951141205
0.021841477246469
0.021711673875565
0.021630718163474
0.021649862290097
0.021858143357133
0.021910202438205
0.022211349106225
0.022414325173988
0.021968629380276
0.021854103882264
0.021751211459504
0.022520016588891
0.021945644316584
0.022142669884904
0.022042906549805
0.022992312091408
0.022461644150127
0.022808982858921
0.021550691616364
0.021421181916379
0.021337142855472
0.021303600754265
0.021582848353877
0.021539417614097
0.021376380949125
0.021601101356557
0.021615741518346
0.021768879192621
0.02148040430654
0.022288340227002
0.021202351354989
0.021364955481685
0.021866217495583
0.021882416245103
0.021974468688992
0.021584893779012
0.021094387903197
0.021152825950466
0.021604569300696
0.021651733820551
0.021347561769389
0.021321793094347
0.021438562016174
0.021456832235995
0.021271916036731
0.021227955287526
0.021061103735797
0.021117392177041
0.021196963439926
0.021047521628004
0.021106487919352
0.02105911174234
0.021259313740479
0.021213180689085
0.021290905515185
0.021122126390701
0.021516868954083
0.021724341088507
0.02150850509413
0.022412773486744
0.021759804822068
0.022100209677476
0.022724613023452
0.021789355438383
0.02206785179597
0.021658671303238
0.021746652814262
0.021304402493954
0.021546121952862
0.021537900066912
0.02205981140118
0.021547215921273
0.021484427125795
0.021649462380878
0.021536579591565
0.02116001990842
0.022502336504279
0.022090594104981
0.020938023717751
0.020880667496852
0.021223103008671
0.021166529974734
0.020916877706109
0.020866874392748
0.021043634090166
0.021331061980509
0.021287424307509
0.021325022287139
0.02116349401932
0.02107762983262
0.020960349699338
0.020947758367476
0.020956297480538
0.020989324936019
0.020825506425977
0.020801081122178
0.020879678332567
0.020790892854665
0.020948422301229
0.021028792602614
0.020970047646666
0.021033163527395
0.021212832470488
0.02096145654708
0.021242467553685
0.021213169956983
0.021177436458586
0.022494374771673
0.021368501694081
0.021847130149291
0.021271593115141
0.022384307785364
0.022011726915356
0.022323608805234
0.020955559902925
0.021140653161438
0.021013237122332
0.021378484745011
0.021679006151684
0.022169537914247
0.021309078682559
0.021322263924356
0.020984343524454
0.021842614013813
0.022216192817233
0.022402557562533
0.022162992120499
0.022289644253109
0.022534112792189
0.021372959215106
0.021257777856338
0.021056633170096
0.021176957386275
0.021652308321704
0.02127198382519
0.021393426635346
0.021795296278467
0.022421010940105
0.020787922733556
0.021598523831081
0.02207775242417
0.021683381539285
0.020893221147795
0.020670676201568
0.021190249668115
0.020645439064689
0.01989083023829
0.020261732268325
0.021865993818792
0.021963979551497
0.020680965982237
0.020631525056632
0.020277517414516
0.020500848064496
0.020595904779049
0.020010427085403
0.020237063861481
0.019768142867528
0.020929730169181
0.020894626261441
0.021690237373509
0.020715076468215
0.020529312304557
0.020718630895693
0.020921214783488
0.021029444654738
0.020715781943714
0.020791944046935
0.020117893672728
0.020111495960332
0.021158229884966
0.020430817220946
0.020213900730969
0.020521124193311
0.020889005010569
0.020407980208317
0.020666668578542
0.020515990682184
0.020387185318786
0.020143031494779
0.019594182222146
0.020538394063236
0.01924045507417
0.020032536547177
0.019819103334508
0.019708217578343
0.019850728549486
0.020100571339458
0.019301711207637
0.019352727039539
0.019321554576046
0.019508707501963
0.018620404993376
0.019276887549572
0.019581117268319
0.01938159337468
0.019214949404757
0.018673885483695
0.020246830098026
0.019943347794741
0.020632848312272
0.020537281276931
0.020744944982646
0.021077501617094
0.021101556227147
0.020856106817858
0.021076401589056
0.021157061880946
0.0210864667026
0.021215767309027
0.020833806772318
0.020778249192946
0.021031855968151
0.021143677712025
0.020963648558323
0.021123590490376
0.021013372368939
0.020694351864001
0.021363626212745
0.021587821599668
0.021437531360325
0.021567529920905
0.021940807963608
0.02033700093488
0.02093542434644
0.020921738982112
0.020619040267074
0.020167553040581
0.020568289371726
0.020050109477932
0.01972577858275
0.020617540107243
0.020634680018829
0.019734006145978
0.019979606043184
0.019444702482978
0.01938814803884
0.01965533482522
0.021356613037832
0.021474623580864
0.021417582305322
0.0214035919212
0.021456447423527
0.021450232614153
0.022129101171601
0.022401472569114
0.022195640529459
0.02174781370018
0.021719884060047
0.0217150392411
0.02247456515208
0.021728500891483
0.022223313702409
0.022077640985145
0.021860287487899
0.02240197388322
0.022094232314414
0.022397761813266
0.021417663709573
0.021265122921062
0.021209766223982
0.021290796580729
0.021439310360255
0.02110082127234
0.021504658188154
0.021574736950028
0.02125471401131
0.021985274352146
0.020828664252774
0.020896151777409
0.021668293018661
0.021670530503488
0.022214330254738
0.020872294224429
0.021496039276976
0.020644797421912
0.021325438477517
0.021393634555192
0.021162436354158
0.021131651998193
0.021430583961491
0.02107229144364
0.021080632400629
0.021005464448706
0.020933150485367
0.020835153526223
0.020903549144792
0.020732223410876
0.020982186110859
0.021009989015963
0.020964875560203
0.021099040167854
0.020899906980268
0.021244508279184
0.021414153361991
0.021354589340084
0.022227734319612
0.022606535077431
0.021560038675519
0.022094081300155
0.022197210480074
0.02153450468469
0.021980878389908
0.021766291009492
0.021302260696847
0.021694298540931
0.02160519749492
0.021108602219272
0.021031009023987
0.0220003682729
0.02250800365597
0.021430220074971
0.021238939665443
0.021377159167613
0.021346680952674
0.021237451831869
0.022132189753047
0.020845952593123
0.020680671724697
0.020834096543484
0.020796775519304
0.0208293905298
0.02092427093934
0.021101457721216
0.020940393484719
0.020929625647472
0.020673633546687
0.020932662928523
0.020687742181162
0.020497619709699
0.020509676241813
0.020631250949127
0.020882005893024
0.020368822868215
0.020819148283511
0.020799091100957
0.020763503506409
0.021002152202687
0.020750098082564
0.020841127914719
0.020877475355502
0.020941862325331
0.022607473301658
0.020937875748915
0.021741464943155
0.020917150455351
0.021249208851618
0.022561869158567
0.022028715349498
0.021839518890383
0.020837853917589
0.020806490253903
0.020806458716007
0.021753044336469
0.021805352231732
0.021029291659619
0.020947251263666
0.020849975316801
0.021603237303479
0.022263057410746
0.022339386745532
0.02228937334785
0.02122767531028
0.02112100634782
0.02096432638304
0.020650943852268
0.020936929774964
0.021428842768214
0.021246085964116
0.022042659718937
0.022004261137003
0.020425254199253
0.020917890307894
0.021429907388317
0.021141078766647
0.020599073651268
0.019881279842059
0.020600857399944
0.019672589963484
0.019383032046893
0.019799003617427
0.020159958564114
0.021925306924697
0.021405572063855
0.020629549629402
0.020025957417107
0.020257642834345
0.020146052059405
0.02042938225021
0.020303751047454
0.020430996589185
0.019680360316296
0.019903148928342
0.019620661203316
0.019269935464012
0.020594182787014
0.021542587882688
0.02045775057139
0.020455839446161
0.020374560429061
0.020622402131379
0.020816357462459
0.019693551274234
0.019706724303808
0.020197832244692
0.019965818128593
0.020162495270324
0.020732805003644
0.020027531668882
0.020289465945296
0.020509133044605
0.020260855070993
0.020147753799801
0.019814937923762
0.019233558018912
0.018764051777909
0.019637491335429
0.019836303011867
0.01947701653177
0.019616628328691
0.019511017869755
0.019751352122066
0.018846547493148
0.018695266647532
0.018933919681893
0.018906058160012
0.018765154800443
0.018614651886875
0.018203838276347
0.018843212438455
0.019403085641685
0.019062807884096
0.018885160191576
0.01877527292266
0.018913151766003
0.018435200733045
0.019617469242469
0.019444953864318
0.020245567053638
0.020622671413759
0.020213691470149
0.020690283283035
0.020705643282464
0.020775012900697
0.020866285191582
0.020651235449699
0.020940564286968
0.020768847723468
0.021026432223968
0.020840707608541
0.020429924932405
0.020861595862982
0.02082942951539
0.020871502617188
0.020961678170012
0.020543291861695
0.020450861069842
0.02022880002701
0.02094267956126
0.021318193222047
0.02110988996121
0.021524266785918
0.020821621215624
0.020123378102433
0.020346540985054
0.019724621239901
0.020058243950182
0.02001249651248
0.019668759743743
0.01934877941424
0.020161080066006
0.019472678801038
0.019634017933182
0.018983852121687
0.018970321350565
0.021171274664362
0.021320053824984
0.021134603089365
0.02119658838535
0.021452673723762
0.021419026759061
0.021302312839709
0.022338377361021
0.022787826088121
0.022042843510487
0.021579247459694
0.021624199868745
0.021648287225922
0.022133512875525
0.02154305778788
0.021840158705158
0.021701280506019
0.022325108570793
0.022164575493906
0.022452088681683
0.022061763120753
0.021975220282643
0.022663452770734
0.020907953970125
0.020955375608874
0.021154718048452
0.021152859085402
0.021152690872962
0.02132791583175
0.02129914060149
0.020948342899705
0.021095188441995
0.021656961685792
0.020464561669795
0.020585923350899
0.020546928612438
0.021074571347807
0.021321859451054
0.021781183095052
0.020440119163404
0.020790605641074
0.021246087419527
0.021096567460221
0.021043884217903
0.02113625091571
0.02086718646204
0.020780838821451
0.020727644161418
0.020627608067042
0.020616381874743
0.020781261410436
0.020415379326995
0.021004066360697
0.020813770687226
0.020818158192691
0.020670810234082
0.021155355465943
0.021319716340748
0.02224457141413
0.021473600680064
0.02120621927425
0.022058408573177
0.021535691406596
0.021779263599543
0.02146779228507
0.021811857437507
0.021844895927054
0.021545757613255
0.020805604136358
0.021439597831152
0.020845072337029
0.021113298214923
0.020840633263609
0.021190596081686
0.022401359576352
0.022707242303393
0.021127151820259
0.021225053499484
0.021016982963986
0.020589757489872
0.020747777104667
0.020323885651442
0.020650130644163
0.020575249823287
0.020651284502935
0.020586789342485
0.020588690006058
0.020601167182595
0.020469908417127
0.020408864674941
0.020334644792427
0.02040192613334
0.020670341669509
0.020226320084248
0.020606607126435
0.020536946098844
0.020813868386976
0.020426771258915
0.02059365971141
0.020755766867225
0.020702699286153
0.021897867415321
0.020466977556321
0.021646985356569
0.020805991563314
0.02206298806547
0.021254263812411
0.020538759120387
0.020582030520886
0.020857598775631
0.021459314694149
0.021785746165574
0.021752302122739
0.021252735448725
0.020945574814566
0.020841332701281
0.020912533078604
0.021301844059074
0.022661858667089
0.022361338326511
0.021079303538208
0.020936782443039
0.020676429520138
0.020437479255509
0.020662344718348
0.021135082803577
0.020747941722196
0.021710570245464
0.019918902662228
0.020881346126918
0.021027821575089
0.020875965456056
0.020943891005269
0.020257592267988
0.019393958393709
0.019200361459982
0.019225195238284
0.019149734082619
0.018834216178806
0.019377547434868
0.01980303456462
0.021339896045228
0.020337221755767
0.020371322052185
0.019841234011802
0.020035429755542
0.019752159260591
0.020025677345261
0.01988534444342
0.019952114394497
0.01926653359234
0.019502246437559
0.019571089923816
0.019620350021872
0.018856728012641
0.018592168860876
0.020242185541095
0.02093566059429
0.020138600136411
0.02001613539943
0.020469535879167
0.020069803652494
0.020361811612231
0.020531819061497
0.019696055908912
0.020035588635171
0.019889461200945
0.019657360666714
0.01994007862398
0.020066277886617
0.020188252150715
0.020646916548935
0.020021192616818
0.020215493185329
0.019957889239064
0.020034220291941
0.019573006321227
0.018594789874487
0.019196069121523
0.018272093563357
0.018260120872648
0.019652881264052
0.019435111519831
0.019123396428769
0.019270296936782
0.018902066599199
0.01897603658888
0.019692444807054
0.018218276339583
0.018386920704852
0.018495580858419
0.018321488388107
0.018408026229067
0.018116772787001
0.018518718966715
0.017670906762276
0.018130613839647
0.018333581356616
0.018888270835206
0.018645558952042
0.018565861973688
0.018888422829456
0.018544777232753
0.018175614416303
0.017825306508688
0.019288563619015
0.01900951055163
0.020265405068843
0.020230469632197
0.019892483014894
0.019995722536759
0.020617253904531
0.020607316062586
0.020648073182456
0.020723990527452
0.020776865944367
0.02069913713175
0.020719849100541
0.020810225452789
0.020636223198905
0.020307799598815
0.020608769075945
0.020628683284902
0.020370881361207
0.019926923177576
0.020136215530984
0.019809486771224
0.019882575539722
0.020820387789591
0.020763841402988
0.020167866837394
0.020722826846397
0.019487467645223
0.019586437235474
0.019371875977722
0.01951180905881
0.019526168363712
0.019329199186799
0.018841954886011
0.019611248381618
0.018815360579013
0.0190318241241
0.018521123797521
0.02117631296265
0.020921349508244
0.021162530779472
0.020977679578853
0.021173541209656
0.020980577703312
0.021144653463956
0.021135389893259
0.022236445643719
0.022784973616579
0.02169579675624
0.021359098099542
0.021475330573403
0.021451277276203
0.021455292236034
0.022118025613761
0.021643249817449
0.021086218659964
0.021754092804665
0.021888445839667
0.021999513650658
0.022370862914385
0.022846620299889
0.021578293574903
0.021917665043506
0.021353641681093
0.022554565956727
0.020833976731123
0.020844699042051
0.020853385192115
0.02088394288976
0.021149568572745
0.021119967456417
0.020695028634963
0.020780264043029
0.02131365864094
0.020168240286824
0.020327141127293
0.020600905298521
0.019977980723249
0.020461672965099
0.020493849873514
0.020406503100827
0.021327112968182
0.021260370472366
0.020094849654133
0.020176188138417
0.020606974669173
0.020885149419477
0.020838582815245
0.020596239054765
0.020705035327356
0.020600778450622
0.02044102185517
0.020513440511876
0.020448016448542
0.020462856114834
0.020253531860888
0.020783788579084
0.020662705219416
0.020473206572174
0.021323327617346
0.022526246971724
0.021804506847753
0.020931241113687
0.020828480712594
0.021344098223953
0.021795424173178
0.021172079550255
0.021436693387714
0.021459788263431
0.022103535983955
0.021801510190625
0.020594355637085
0.020616923517736
0.021072346662549
0.020663578963317
0.020622239142469
0.020756712412739
0.022267139320245
0.022693875676771
0.020907717087418
0.020880510287893
0.02080938052858
0.020475234742438
0.020206120065548
0.020445563452898
0.020396239314588
0.020130065025306
0.020225124582764
0.019992484770765
0.020279438054656
0.019726277969412
0.020474409386158
0.020411475753224
0.020341125667155
0.020384716357365
0.020076182079318
0.020298321067678
0.020778846590672
0.020551991489694
0.021282050886703
0.020770862183286
0.020469026796029
0.021341786071526
0.020357735465399
0.020121852038237
0.020337720604828
0.021341639817329
0.021792454117144
0.020901964823698
0.020406109578209
0.020495488030339
0.020344259622032
0.021282677867868
0.020446942918942
0.022303507452695
0.021852308930816
0.020820550593529
0.0207014815075
0.020556614707185
0.020046915899145
0.020247147849156
0.020333653158215
0.020257430183417
0.021418532568634
0.019324856160097
0.019646156891734
0.020202902547477
0.020412149350815
0.020737836635943
0.020545969361978
0.02053371249473
0.020115218865905
0.018587817862936
0.018451417388487
0.019285461225391
0.01849799206327
0.018414554408169
0.019141487026985
0.020863253544344
0.019990455629612
0.019737629404405
0.019274473777384
0.019464051109141
0.019306248146296
0.019830479186917
0.019997678832371
0.019722838667236
0.020039293056683
0.018680865606162
0.018853447289879
0.019496197674756
0.019480045578775
0.019502444418522
0.018613432936491
0.018750144340528
0.018216929067951
0.020106164671339
0.020893969949456
0.020344790474384
0.019497629870528
0.020213176220147
0.01938029863805
0.020069719907952
0.019611577873742
0.019414725424907
0.019502696023246
0.019800021221549
0.019650060914702
0.020040421127039
0.020443158042609
0.019866877810731
0.019744288755571
0.020164028767629
0.019942954390019
0.019584883153585
0.019581901821564
0.01832077166956
0.018727135969406
0.018041408918402
0.017769058839427
0.018097755880167
0.017713987720911
0.019514998426554
0.019147181209806
0.018836491971985
0.018451373979376
0.018851072584002
0.019285366199893
0.017550758070007
0.017628372274287
0.018486787044478
0.017805398690322
0.017647819947086
0.017722541090468
0.017972455690258
0.017615991179604
0.017191410575548
0.017326182064966
0.018199985715147
0.017879104037273
0.018563813827424
0.018980100534011
0.018628848030747
0.018539601808194
0.018693217239833
0.018071272206866
0.018599029651231
0.017581897087281
0.018417757128983
0.018275495691331
0.020110017015266
0.020122459115238
0.019834858572084
0.019909740015744
0.020362890644831
0.020460585625283
0.020477294387712
0.020450392943309
0.020521753989451
0.020454962494763
0.020420934200349
0.020664308206573
0.020493620293978
0.020151427454929
0.020474564242017
0.019525219904606
0.01946638055956
0.019404625249941
0.019220799138205
0.019178705944925
0.019913615989548
0.020128727370273
0.019983385161213
0.019241312794542
0.019196397347936
0.019230179663813
0.018809387859414
0.019773793121641
0.018991076329682
0.01802971874121
0.018086919824826
0.018268686153924
0.017641867456721
0.020918856577127
0.020829511566188
0.020735952361199
0.020864588824325
0.020699701323443
0.020798040105856
0.020971761406518
0.020855055673543
0.021890961149894
0.022308935526067
0.021445215850443
0.021229353262386
0.020970779515639
0.021001378715418
0.021583289998881
0.022099350735398
0.021135057186842
0.020487369731988
0.021240181195154
0.021634720089256
0.021680769753954
0.021940006067826
0.021916037577444
0.020977572538006
0.021167754142473
0.020895885454037
0.021508664479847
0.020704554007962
0.020477331560132
0.020551026946185
0.020583792217116
0.02049026410309
0.020534892948936
0.020662707850099
0.021246743532279
0.019731982700066
0.019950773310061
0.019884216378595
0.020139287352108
0.019654706761956
0.020015844599664
0.020096789074799
0.020127460156177
0.0200798650664
0.020585734475059
0.019598766299825
0.019615430907132
0.020244673492905
0.02024283893784
0.020721713591361
0.02035863675336
0.02040242758588
0.020360797012004
0.020254978962087
0.020296617733959
0.020509293423264
0.020019799167114
0.020397017973002
0.020193958561695
0.021919522869851
0.021613621772406
0.020965623266722
0.020662011122787
0.020639241027452
0.020578168961696
0.021081460339633
0.021133499878086
0.020783970912155
0.021023584822801
0.021473705823536
0.021513870615917
0.0216757286355
0.021278472301518
0.020475622462728
0.020362714422595
0.020358989592935
0.020665441430305
0.020603044537053
0.020177794344674
0.020120938789966
0.020481104853843
0.022398614694696
0.021847334332713
0.020704797466762
0.020124797259943
0.020094884760918
0.019853095359436
0.019867990218176
0.019668493050414
0.019948990200456
0.019786658157427
0.019941421935409
0.019457670520873
0.019366916459139
0.020196065143189
0.020188867829862
0.020041708661875
0.020064653183707
0.019660521293047
0.01983620416438
0.02040279641489
0.020220000614904
0.0206904301821
0.020118188132796
0.020075137121782
0.020056469907039
0.019961597130353
0.019805513330554
0.020771172242001
0.021128359055896
0.020114689404231
0.020170591690431
0.020105966034094
0.019686960734751
0.020545710042308
0.01984932357105
0.021909088940575
0.021425507910133
0.020498505868563
0.020085843440311
0.019760399330934
0.020000347046245
0.019858060173639
0.019267841348922
0.018844479362761
0.018983894758528
0.020094648785573
0.020701943472547
0.019437199070549
0.019955657017909
0.018364665067438
0.017697671275471
0.018572828214084
0.017631658704279
0.018440295336883
0.017821531917164
0.018786695008854
0.020408991861289
0.019706099711319
0.019411543988954
0.018931751403231
0.019076406680952
0.019436530388185
0.018704064712786
0.019536392378267
0.019670102300717
0.019594108045645
0.019757995049004
0.019801210716591
0.018399169571068
0.018961258308939
0.018987601551945
0.019154645569795
0.018090718160286
0.018268774829425
0.018420195217386
0.017731624896368
0.01948421206668
0.020367973557841
0.020002735923501
0.0191480443417
0.019081515175115
0.019930450593929
0.019231011306898
0.019093895008413
0.019371514562168
0.01993340676683
0.019927718283779
0.020270604323728
0.019493526699335
0.020051562268752
0.019402484037911
0.019900052709494
0.019238474117822
0.018467825360543
0.017828826797809
0.017292691135807
0.017525881245539
0.017203401269218
0.017384073281139
0.017192878787114
0.019158795605993
0.019754430153726
0.018939672569564
0.018077236336329
0.018119725653714
0.01826007993752
0.018962881407373
0.01876039799115
0.01711618503223
0.016897828562561
0.017047368454648
0.017877127172144
0.017231982060817
0.017588457818696
0.017327531313971
0.017059076106374
0.017253662238311
0.017107573547433
0.016865034801499
0.016661720597943
0.016964705581161
0.018121331048628
0.017828488344519
0.017528403202797
0.018443654727976
0.01874379442666
0.018688387458978
0.018606965546184
0.018042030639019
0.01836924511675
0.01853325077931
0.017698076705128
0.018086334230722
0.017140730156686
0.017449738218814
0.017514992293832
0.017595170009088
0.020011686013423
0.019894825776719
0.019531881521951
0.019520892087498
0.02019459274208
0.020157551992278
0.020380794390504
0.02012901253733
0.020262216942422
0.02022334034156
0.019453335799934
0.018849314154163
0.019206712042603
0.019075482892429
0.018966697993343
0.019748966520812
0.019623647603757
0.019825767562807
0.019689312043703
0.018671523415546
0.018583730533496
0.018318999902877
0.019716865895365
0.018329733205248
0.017659758082716
0.017254951173458
0.017513537884587
0.017193626955824
0.020528880232222
0.020644177154515
0.020572094241399
0.020523896385363
0.020938611320197
0.020749693731803
0.022093672428931
0.020707011967998
0.02084629528491
0.020720574929556
0.021330786926756
0.020964502425035
0.020737275153196
0.020256577034885
0.020692788384968
0.021386610583335
0.021646479067304
0.022127994188231
0.021622938551076
0.021144523519922
0.020988935206338
0.020533313510007
0.020507421836977
0.020479933443608
0.020195178619715
0.020357714050892
0.020475161227976
0.020267741161092
0.020440707863789
0.020475497654471
0.019657297785981
0.019713873831513
0.019331479105489
0.019466081580095
0.019437328904754
0.019378040548593
0.019444939487403
0.019460661301384
0.01946103275249
0.019760404548798
0.019159260657112
0.019457660414307
0.019094219770378
0.01982732789581
0.019583420005305
0.02046759321486
0.020034879529941
0.020267861108439
0.020087446756551
0.019924826405727
0.019966831518793
0.019967395116282
0.021455826519022
0.020905939850107
0.020575156881294
0.020252437747169
0.019930816151924
0.020457555052782
0.020509288420276
0.020744518309871
0.020452320432739
0.020854905157318
0.020806519413497
0.021219722865086
0.021445030542474
0.020838325444088
0.019973854119275
0.019828049382843
0.020443284659464
0.019888789982161
0.02063404243561
0.020058933593839
0.020792686927802
0.019899783630257
0.019794480323872
0.019710514023112
0.01995736317541
0.021837563336001
0.021368044418191
0.019823252207064
0.01951172307761
0.019417432972227
0.019757690476564
0.019806027969693
0.019632701682888
0.019866661484656
0.019436942709068
0.019049809332522
0.019036367495166
0.019877507009226
0.0197871854599
0.019883809213958
0.019513157934472
0.019535872167188
0.019553824880127
0.01961086339881
0.019968687810545
0.019940327314696
0.020338252523974
0.01925041067291
0.019613352944656
0.019415883927516
0.01995056957797
0.019165549742182
0.020651991255083
0.019799803100086
0.019700058492939
0.019827977153634
0.019148872220092
0.020351285380341
0.019446954979948
0.021261506921295
0.020332649522451
0.019677572080057
0.019494250901733
0.019407535180757
0.019960081411518
0.01925546453277
0.018646651599531
0.018505301480262
0.01830520434322
0.018701234143159
0.018497529876207
0.020400501628384
0.019525458299027
0.020078814441745
0.019544675015364
0.017421546410626
0.017068019054403
0.016887448725537
0.017641596004656
0.018265426270727
0.016779169510035
0.017460706222706
0.017268048428945
0.019052119202327
0.019459094341528
0.018474200519102
0.018486533854947
0.019191428766971
0.018690618450059
0.018868490597442
0.019250397852039
0.019375635822422
0.019606021682947
0.017962462224541
0.018663232361222
0.018927045460787
0.017118916511143
0.018171650610789
0.017712098705361
0.017887929937436
0.017139447987648
0.017677814421821
0.018962845618456
0.019718290203913
0.018595686746554
0.018790691028563
0.019135089816194
0.018878511833214
0.019185342189453
0.01976198739178
0.019692648843138
0.019264314845976
0.019605777006879
0.019240692981112
0.019206860117273
0.019678537639494
0.019183120527096
0.018306766785525
0.017616385442742
0.01701807420589
0.016802094510183
0.016836722688842
0.016801042355908
0.016586638189293
0.019075487669704
0.01968580746694
0.018745930535376
0.017374649983576
0.017384428874047
0.018309153482763
0.016514550692696
0.016232735032045
0.016847837061453
0.01670856799548
0.017458918259132
0.016966352790061
0.016947388548246
0.016786682040535
0.016776459816919
0.016732346190323
0.016676809576861
0.016640003746929
0.016316227740302
0.016342016605356
0.017549590063683
0.017377686949453
0.016917698754672
0.017975537222616
0.018446532297508
0.018495065033737
0.018084799788291
0.018335010207922
0.017806706814518
0.018065584655118
0.016840933339544
0.017071810681172
0.016904784141843
0.01956908458578
0.019386066474705
0.019410049401664
0.01908002836345
0.020076516160815
0.019906572281562
0.019967095350644
0.020266748316316
0.018502310585742
0.019094131069244
0.018475402266814
0.018518851727293
0.018327803315116
0.018214942534945
0.019345632459865
0.019107508218809
0.018713373512322
0.018002074368466
0.017783887562154
0.017712052480944
0.019640484990027
0.017275597845061
0.016581549709323
0.016681238101186
0.016561481416795
0.02037044536574
0.020191897241619
0.020239927183586
0.020547741355267
0.02238276244647
0.020471937174045
0.020721888641044
0.020354929536242
0.020691184581576
0.02035492681149
0.019534036602908
0.021932126090108
0.02095473874739
0.020931139854553
0.020591477552536
0.020707390271796
0.020750495575883
0.020091749112525
0.01996633173833
0.020242805955716
0.020038597576898
0.020002001627272
0.020323850951525
0.020054055426038
0.01994204987354
0.020047891810095
0.019729937000265
0.019306814692851
0.019367631912715
0.01884120975262
0.019113901263969
0.018896897471497
0.018972476444043
0.018950532164805
0.019156770066941
0.019136070590586
0.019217997673476
0.019108982931098
0.019130801451883
0.018859028617447
0.018983692511301
0.018723128331733
0.019294118819444
0.018874516072358
0.019595668712175
0.020173868986432
0.019956149959585
0.019698818122836
0.020072237885913
0.019830174416387
0.019688008763413
0.021308451529297
0.020294029821982
0.019927178291115
0.019771770303362
0.019437602626158
0.019927233442455
0.020125889633491
0.02027342218575
0.020257890518364
0.02046279974951
0.021537472627434
0.020985254006657
0.020077855254454
0.019637261225681
0.019971831310515
0.019682240174004
0.0200545181326
0.019792996382897
0.019595462127814
0.019948534806809
0.019570620181838
0.019367850842272
0.019353526212619
0.019349599998044
0.019669305435247
0.021032148876157
0.019535426162289
0.019211627711435
0.01946324706662
0.018986554017058
0.019504785011129
0.019507543455079
0.019610589983829
0.018948326460311
0.018736629601817
0.018483162195596
0.019556099220288
0.019701520961763
0.019241475616934
0.019330272626743
0.019299086049846
0.019384527030128
0.019296425128252
0.019282974197401
0.019274113751922
0.019671219477739
0.018663320747287
0.019065341671729
0.018565818118321
0.019764143311887
0.018553128070357
0.020356342935064
0.01889944920541
0.018728067371699
0.018881587914182
0.019517152868069
0.020514579234995
0.020088853579885
0.01923740046094
0.019773488884803
0.019165659179093
0.019870863380021
0.018470923472899
0.018934155614957
0.018437126153247
0.017916014744824
0.017955364732185
0.017613291263149
0.018322339951191
0.01800243808579
0.018752898531259
0.019089756935984
0.019326774906733
0.019902498394332
0.018701934778052
0.016358700471874
0.016118277715092
0.016609109143765
0.016002459332877
0.016947634328309
0.017157140569821
0.015896287024282
0.016398734477919
0.018466258930954
0.019063464010185
0.017917530472303
0.0175273775897
0.018362095927481
0.018770061660567
0.019084226217832
0.0191856989118
0.017632830200824
0.018457324300273
0.018922039211921
0.016545296283491
0.017288108647606
0.017047584246944
0.017869707365088
0.017935470543916
0.017150841739428
0.016498568278152
0.017156312639802
0.016965422016011
0.018537255234847
0.018501291951483
0.01890446960951
0.018822425722167
0.01887990858001
0.019845892975593
0.019695731495564
0.019288437128724
0.018910137165244
0.019101549091346
0.017980844607648
0.017567044573572
0.017061500171784
0.016651511027185
0.016799861532214
0.016528495983608
0.016511645703959
0.016165226327041
0.01632970342736
0.01858786341177
0.019363869978357
0.018127708460166
0.016989006333681
0.0171263197457
0.017056984474847
0.016306807352959
0.015763569492616
0.015156348352099
0.015979386159719
0.015852460176323
0.01744706305644
0.017263924548628
0.016068289984478
0.015972884290746
0.016028033027135
0.016083375921828
0.016065138397183
0.016474644538438
0.016147108592507
0.016253598146981
0.01582433343974
0.015673245942491
0.017531196170226
0.017246808334594
0.016809067158756
0.016627270419254
0.018043941157505
0.017615785115614
0.017950388296826
0.018413744187024
0.017730308454319
0.017902917395768
0.017603019034493
0.016555559963756
0.016756049655845
0.015946954104838
0.019526412618934
0.019409828118918
0.018921018176656
0.019122013443944
0.019571092524852
0.018879173455754
0.020138635502742
0.01962207973783
0.017757442500109
0.017974940869177
0.017541350538465
0.017530574771277
0.018385321537362
0.018386765440003
0.017451422279123
0.017680032198502
0.017224731155723
0.019281989166723
0.01604457991556
0.015456000765796
0.015671514362625
0.015769052971833
0.019858566532957
0.019791803581209
0.021471399667083
0.020000771144455
0.020336070033393
0.020034479399871
0.019841552069253
0.019580048245315
0.019082308058558
0.020918495939989
0.020569530400298
0.020359920117609
0.019933700955504
0.020173281955467
0.020089605048887
0.020021681974632
0.019512815504094
0.01963739008347
0.019546136010079
0.019736505487812
0.019699724516144
0.019641496548997
0.018880530196969
0.018711238368704
0.018080446769199
0.018744165505028
0.018585269915687
0.018546714735024
0.018565463224841
0.018852474208426
0.018518256305731
0.018563737043028
0.018560510000892
0.018722025124732
0.018545248480527
0.01862304338312
0.018577729434788
0.018400006221803
0.018547315994049
0.018393647151895
0.018156720594653
0.018893439823458
0.019051645030506
0.019899670188334
0.019774010965692
0.019391448028878
0.019854899273464
0.019412035695969
0.020492225129233
0.020127691886359
0.019411012571827
0.018953487828987
0.019329641609944
0.019359410067172
0.019783463073761
0.019968509937895
0.019990413295212
0.021454832598284
0.020527760144704
0.019377868719266
0.0193272700722
0.019142709290684
0.020119618470803
0.018989504875359
0.019160320167541
0.018822110645216
0.018718179475605
0.01897673768527
0.019465956837566
0.019199923172369
0.019218366803984
0.019070394935601
0.018466403239007
0.019096763869268
0.01872654686647
0.018335766542816
0.018136941466943
0.019497868470009
0.018946662688399
0.018946386447347
0.018993832480336
0.018573708427543
0.01868442326929
0.018726285174819
0.018944513964698
0.018012694334003
0.018507972549944
0.018904626196998
0.018073534276616
0.018405584242621
0.019493467727688
0.018706351108149
0.01838636954135
0.018330170512543
0.017876398045648
0.018553597021568
0.019007975601364
0.019810040301764
0.018698982315489
0.019171225958272
0.01953273659957
0.018054644135831
0.01857957080778
0.018512696840653
0.017676433596299
0.017360637653454
0.018066328150442
0.016872487653659
0.017557713104998
0.01706414905334
0.01756336367392
0.018559121528649
0.017885734424423
0.017033744220133
0.01849126872771
0.018750563015246
0.018782313706692
0.019555691915423
0.017761608994732
0.015745926986144
0.015566088035362
0.015893999124263
0.01543570252036
0.016016322560954
0.016287384030072
0.015105582043154
0.015808741804822
0.018420796817345
0.017238296611268
0.017515229109232
0.0164666084206
0.0181399761571
0.018640652391201
0.018402400940777
0.017974682901485
0.017138893568005
0.018484172237917
0.016021309723203
0.015912359914205
0.016474343694446
0.017177952169786
0.017863914754101
0.017253621402137
0.016763528546776
0.016164665357508
0.016215307033003
0.016950890294874
0.016611871482162
0.01804664263312
0.018479800643707
0.018412785372718
0.018810229325389
0.019314751324026
0.018541271330311
0.018752844013031
0.019310438653931
0.018067489879768
0.017681501097623
0.017041055574223
0.017708113379956
0.017061672068724
0.016467898849392
0.016536132895957
0.015841791223601
0.016057051550566
0.015561217898587
0.015745928188795
0.01827059603583
0.018729024117767
0.019129866634699
0.017934772980815
0.016349252229209
0.016404781450159
0.016850803208876
0.015467909448963
0.015113281346271
0.014738993006607
0.014751589205923
0.015061826639113
0.015093611949568
0.015477606417865
0.01527802598783
0.016954452858345
0.016548322587565
0.015763812173627
0.015341372477173
0.015212800382064
0.015658577083667
0.01596540128751
0.015472998723474
0.016133645431636
0.015750695643369
0.015265200507145
0.017108417878049
0.017285339869529
0.016477961191144
0.016216354075304
0.016176093494036
0.017684711149831
0.017847044766722
0.017889307132758
0.017576833209296
0.017779059888316
0.017613378998823
0.016961900405408
0.015820557564178
0.016402422538619
0.016158089692327
0.015225861760352
0.019240828507072
0.018885213613003
0.018560860105906
0.018964502854187
0.019296281897125
0.018361931843923
0.019741096786885
0.019334560387464
0.01704756110569
0.017406177490759
0.017650496374366
0.017032538895665
0.016925897913152
0.017870518840305
0.016786841169196
0.016867452902661
0.016991877939678
0.016511836618991
0.015473505364299
0.014643621835844
0.015158790332012
0.014743700681729
0.019574501251349
0.021139669053644
0.019299720911372
0.019884511672912
0.019192142602164
0.020393084244671
0.01975844248128
0.020172647844451
0.019769316766623
0.019716660296743
0.019562201520896
0.019346222161035
0.01897227363503
0.01936942447248
0.019296233756576
0.018587370120267
0.018038356853093
0.017560457429881
0.017976452687762
0.018118178593894
0.018105765127995
0.018176382425627
0.018168782607595
0.01800493120568
0.01801849598247
0.018012839547461
0.017964542046621
0.017840740904469
0.018068421086155
0.018029370602525
0.017908639528886
0.017756440706342
0.017701490195067
0.018143047487615
0.018248865601658
0.019470120122755
0.019428557777621
0.019535278497672
0.019820942564549
0.019249844662023
0.018850322373462
0.018664162958617
0.018334291701825
0.018566211265179
0.019129111226413
0.01936751414853
0.020443574243925
0.019652882910439
0.01886482360996
0.018794471324033
0.018865983402223
0.018589723758387
0.019440907877832
0.020093620199156
0.018662338222823
0.018802939862817
0.018530010010539
0.018382743530664
0.018470617792255
0.018976835855505
0.018886036413481
0.018648923611266
0.018108859939566
0.018274723049474
0.018684734057649
0.018484222471547
0.017969860002338
0.018273255259884
0.017739546934259
0.018643433671087
0.018627968608147
0.01892847925416
0.018607215507931
0.018310709541947
0.01814650679635
0.018500263086493
0.01786870116095
0.017080817723642
0.018361171550469
0.01800539161846
0.018617482801305
0.018584273346185
0.0175759866697
0.017367994389251
0.018200901883809
0.017989105503047
0.017694192752864
0.017465704495332
0.017571736284515
0.01723289046043
0.017625428320648
0.018701034043477
0.019419088383627
0.018417183748615
0.01873835144721
0.01756779209434
0.018281839635506
0.01749653244924
0.01722906709115
0.017062514666219
0.016229460238509
0.016767578354436
0.016888854038455
0.016682891460585
0.016901965900592
0.017147155538802
0.018284156737858
0.017797707208825
0.016772155398639
0.018573333490453
0.017100619872045
0.018654832761935
0.018166665358324
0.018671096599496
0.017220024838137
0.014784460472195
0.014802602421878
0.014693911720423
0.01510756961229
0.014902231187409
0.014129821489925
0.01676272466349
0.016742139322961
0.016079065564306
0.017443635914612
0.018191528920824
0.017964581537467
0.017799028818179
0.016691912183447
0.017227005682868
0.018427454253414
0.016148648847874
0.015218886089339
0.015049923969863
0.015782778392995
0.017092586965471
0.016659198972607
0.017207163896568
0.016580979212063
0.017427441309805
0.01578340261122
0.015589437878536
0.01569571160541
0.016417150142426
0.015800700761302
0.017678075350665
0.018248240638678
0.018175885952988
0.019127183973917
0.018429078364491
0.0180230530992
0.017769717975378
0.017635708734899
0.016868702367459
0.016673841491255
0.017238921400421
0.016718010268308
0.017047581253827
0.016471900000846
0.015906221161066
0.016436346298514
0.015834754426338
0.015544994689891
0.015477569417543
0.015083702880215
0.015438101943575
0.018152248708005
0.017788595605999
0.018395912785985
0.01628361416093
0.015794031368919
0.01612810250881
0.015034471153715
0.014357216403133
0.014159104576177
0.014184499375325
0.014364146455431
0.014493552916727
0.014544318324587
0.014381853799971
0.014885160222711
0.015341558226261
0.014645250040364
0.016256377150914
0.015078706262746
0.01475940167911
0.014493197039169
0.01452825307286
0.015114398999207
0.015452776923777
0.015643287629463
0.015144928697773
0.015639757535497
0.015207546261196
0.01666924861381
0.016724719304058
0.016477501382166
0.016163426786059
0.01563508669234
0.015585510601958
0.017447551010044
0.017575096146653
0.017023237822404
0.017641641172968
0.017083337004433
0.017864801364417
0.016629896172072
0.015740632543611
0.015525803597931
0.016177158505993
0.01449615235069
0.018862710787705
0.018422853967649
0.018919785140182
0.018658865239467
0.017938448508756
0.01937116063692
0.016477136631477
0.016990620450429
0.016810212279539
0.01729321578994
0.016194468885726
0.016355867614167
0.016165204077834
0.016272478556262
0.015889042709622
0.014911585782188
0.014134798491903
0.014278319150843
0.019115067356805
0.018926121958657
0.019095890373907
0.018756434920794
0.019485100478987
0.019129546116142
0.019046578011667
0.018798635748436
0.019714568584052
0.018489088898412
0.018875029880567
0.018927384907125
0.018099988183578
0.017874449348432
0.017022855028327
0.01713585686196
0.017677253072925
0.017885217382672
0.017830088728147
0.018031256763632
0.017946064592802
0.017407242044937
0.017413678773244
0.017578113507527
0.017468843482364
0.017480398865511
0.017587074274795
0.017355113165137
0.017279414895837
0.017158031901221
0.017117849464079
0.018043572738549
0.019535322557844
0.018417215495122
0.018563666054514
0.017827742580428
0.017729270433587
0.017940451245166
0.018140792083748
0.018272769671062
0.01828119146509
0.019705109890971
0.019060073883627
0.017523398918627
0.017885644732762
0.018552338137599
0.017881721060617
0.01885993369995
0.01914896663155
0.018347371604619
0.018120760570409
0.018221902846509
0.018612475473063
0.017788758881155
0.01776468442356
0.018084439067171
0.019000836669733
0.017781397228799
0.017907708511792
0.017712843197229
0.017633712072603
0.017787001952143
0.017320205861976
0.018187540080973
0.018219232522558
0.018500587820122
0.017777771582835
0.017716828084286
0.017565076027751
0.017004948806404
0.016553349071295
0.016440265990178
0.01775654818579
0.017490098218743
0.018201849773639
0.018174577052431
0.016622691660682
0.016568000568782
0.017471546849892
0.017494719995424
0.017098239288465
0.016838294284138
0.016742399304997
0.016625860974597
0.016894357597427
0.017617604384937
0.018366486368286
0.017881494193006
0.01837737478658
0.018465584492911
0.017371467228051
0.017843013155949
0.01731414680662
0.017072226604592
0.016504403670608
0.016350935216228
0.015341623155605
0.015510705457754
0.015794037301645
0.016925448367119
0.016021311455768
0.016252275649095
0.016318488101843
0.017371722412482
0.01800793335537
0.016364103430536
0.016582141555303
0.018069540485212
0.017006477446592
0.016876096503399
0.01825177198441
0.018200596210058
0.016447952993426
0.013833402412137
0.014013081615953
0.01457363293651
0.014213414171564
0.01391917945861
0.013402860052232
0.016126119647636
0.016176092117039
0.015271276175837
0.01691618657385
0.017735707452917
0.016550888079595
0.016945388717973
0.018000931879627
0.015323578812973
0.014867013983248
0.014791548865254
0.014229196129785
0.01506673620187
0.015831975663955
0.016467108513445
0.016438856409978
0.015783624341539
0.017051596409816
0.01491521170675
0.01542221574678
0.01511916800964
0.015517666753385
0.015905266442237
0.015261745385115
0.017917907963128
0.017298146113667
0.016891954341973
0.016513138263576
0.017288520121722
0.016712462015313
0.015882790097373
0.015758876968737
0.015093653035009
0.015136604947747
0.015128737615736
0.014713212049963
0.014969645568702
0.017429079278767
0.018226217347633
0.017186151504096
0.018305511226918
0.015331082104416
0.014573679617712
0.015044282106379
0.013460059117039
0.013085343987953
0.013319171546183
0.01365928052265
0.014202755027796
0.014036615111007
0.013317397821978
0.014393637488794
0.014781504733111
0.013958234041028
0.015315885623449
0.014171072927696
0.01374399561401
0.013197153613366
0.013232825199732
0.014534520685859
0.015036962538084
0.015686088653167
0.015149858315734
0.01474212428524
0.014660036596738
0.016166482697355
0.016042981211849
0.015608912300389
0.015888684736366
0.015108492340161
0.017118592810614
0.01716879132163
0.017236238156639
0.016705896786366
0.015366273018128
0.015201906665677
0.015463397077601
0.013419830872033
0.018449562132138
0.018361613865541
0.017869618282899
0.015814140521314
0.016128400284823
0.015545598620752
0.016680416401758
0.015064302183376
0.016028007626956
0.015732220036791
0.015814384613682
0.015654016973722
0.013636707378005
0.013136511419965
0.013027157235061
0.018605892518033
0.018216521949098
0.018690916748546
0.018793496159684
0.01890542416697
0.01888193872081
0.018378874188807
0.018201911035722
0.018399532609987
0.018353912518077
0.017578659254354
0.018528334464071
0.017651199683935
0.017311938860337
0.017585480536698
0.017209516478612
0.016381649011551
0.016307513526015
0.01724617675786
0.017249584811063
0.017469314687482
0.016905870586049
0.017031517553223
0.016723816176937
0.01668517576542
0.016755978504562
0.017081307924284
0.016445934667757
0.016859514394995
0.017319125914111
0.018508690466258
0.018020548458653
0.01750847818999
0.017810204901429
0.01698749412535
0.017076386718237
0.017293269719581
0.01728631740396
0.017651077692952
0.017316627401253
0.019416750331167
0.018422738486502
0.016813212614572
0.017099508288497
0.017174136064223
0.018309652805009
0.018139757565246
0.017595050637852
0.017694073666012
0.017790445828187
0.017644527299442
0.018042417145081
0.017555339363148
0.0174814752177
0.017567088534167
0.017309215911539
0.017691013256541
0.01763723122801
0.017206539370034
0.017233047698516
0.017000225923264
0.017835665259598
0.018163403266213
0.017851055309915
0.017187064395145
0.017713571131259
0.017073047661358
0.017004018713584
0.016326033052064
0.015768425533474
0.015693024645655
0.017275378234932
0.016974173900017
0.01732104865297
0.017202312474655
0.016033818645625
0.016777339270997
0.015940300928442
0.016497013509882
0.017100233968416
0.016623695880131
0.016771725162728
0.016536450416985
0.016302721597501
0.016140736837083
0.016795177355724
0.015899877308858
0.016294199318308
0.017246969748943
0.01772460920605
0.017919795496935
0.016658412619446
0.017467343123644
0.016654906983946
0.017417828089346
0.01626372083215
0.016078005547138
0.015625999189489
0.014709389890584
0.015309344723387
0.015435946967114
0.01530684265199
0.016416134914518
0.015601208181421
0.015822069826989
0.017360018272987
0.015844138416037
0.016886714960203
0.015989296576689
0.015501263898811
0.016662526948768
0.017703458754514
0.01546313990314
0.013022000232897
0.013802503857125
0.012964264127107
0.014120868214125
0.013352242822587
0.012363268272658
0.012804350939915
0.015144424457038
0.016205059565079
0.015354724640962
0.014756555667399
0.016618445803325
0.015954852995743
0.016533103679563
0.017528848635266
0.014889141188997
0.014315023414458
0.014434371309082
0.013933668958518
0.013430785246659
0.014679019604579
0.014529333845049
0.015090464075454
0.015488326032449
0.015501733718837
0.015169745221083
0.014445907857892
0.01462378829375
0.014860803665283
0.015272780269963
0.014841446005293
0.015611006821051
0.01550573020771
0.015185477770585
0.014809723402494
0.017534332551068
0.017149330201743
0.016439725129082
0.015995251783508
0.01655016174343
0.017132872893897
0.016832478007729
0.016292326909617
0.015577325200398
0.015407844295989
0.015694822125416
0.014436053867351
0.014606261748606
0.014619034716915
0.01459336225445
0.017560669870714
0.017780614513371
0.014640915317101
0.01393458791873
0.014394036239869
0.01319852463372
0.013317169798711
0.012743958953977
0.012706816056248
0.012532683825034
0.013219367802342
0.013473387229507
0.014139491030132
0.01332466219574
0.01264745416787
0.013657957381295
0.01417575088779
0.014330005339533
0.014733602535144
0.013538287168622
0.01321864631112
0.014699066073048
0.013879122274497
0.013396284444924
0.013155592502706
0.012333899598152
0.014199252399616
0.01447491773914
0.015418141346195
0.014594332722925
0.01425386849463
0.014205136042261
0.015398847022639
0.016459685181591
0.015422867951219
0.014595318271424
0.017119934257332
0.01711183070677
0.016335513979165
0.015035078973814
0.014713038947788
0.014876943466374
0.015569395796551
0.012469997419348
0.017467762312253
0.014993495776612
0.01568995579738
0.015398931260714
0.01484225690903
0.015794548631774
0.015225832195356
0.015057121563432
0.012836408796101
0.012612466803985
0.018065256857503
0.017622638629136
0.017974189550479
0.018433727952516
0.019084802814228
0.017855429570726
0.018580110899777
0.018235690027576
0.01752176235675
0.017066078991546
0.018101503812728
0.017015785937368
0.016805552146922
0.016996315853187
0.016478463838853
0.015830000221506
0.016126440551579
0.016280820815152
0.01584878874299
0.016614050363608
0.016728882129427
0.016916550059762
0.016427956702166
0.016396015718604
0.016154859721627
0.016243681175183
0.016204589698898
0.015937987257407
0.016051380491063
0.015752548854262
0.016506817459316
0.016313829567458
0.017342451882335
0.017032340972657
0.016722564254089
0.017128822162603
0.016588690163287
0.01712722977545
0.016095806193904
0.016827736985085
0.016927688827339
0.016737223911035
0.018446950064463
0.017176665066114
0.016185508583393
0.016766676434175
0.016151943327278
0.016858094791329
0.017066488273966
0.017885245538672
0.01773994122813
0.016901084295182
0.01730835347179
0.017537804496367
0.017277979521283
0.017258414368307
0.017623007042752
0.017238183907189
0.017231742250481
0.017001917392016
0.017226250649806
0.016955698043725
0.017129446431099
0.017156908291101
0.017398308749674
0.016905947724068
0.016729511142038
0.017316287699356
0.01735132266952
0.016735443996045
0.017086142007815
0.017352479561891
0.016731726926061
0.016250207697552
0.015438535392123
0.015455773514944
0.015106309549366
0.015389317846423
0.015187029420009
0.016852420694048
0.016722135703292
0.016440180009987
0.016482029729568
0.015459874196634
0.01581903616021
0.015622210284482
0.015903734163814
0.015900515959212
0.015751753487731
0.015989838515861
0.016580455714261
0.015805809682624
0.015479619677106
0.015432349371716
0.015512039304994
0.016129177073735
0.015217949698926
0.016567502303039
0.017463577693797
0.016385665918278
0.017070844248835
0.016238667092748
0.015371707864152
0.016039181082135
0.014887744390509
0.014331051862053
0.014299609345746
0.0146839885851
0.014228767796907
0.014657798479722
0.015243442292131
0.015400513870599
0.01638707114313
0.014415338552516
0.015862932625243
0.016699473646657
0.015370713666143
0.014171307202266
0.016355908944526
0.016666293852829
0.012131945362337
0.013137903054331
0.012038977512046
0.013520718015268
0.012482051640944
0.01191190887728
0.014642684817278
0.014525965772748
0.015467460696157
0.014578746301771
0.013741216411919
0.015933726848492
0.015947387879133
0.014514075824733
0.014368516891204
0.013584930527472
0.013690232925082
0.013164682330731
0.012437742895998
0.013853558592673
0.01377569198654
0.014787365447502
0.015427971224821
0.01497009816982
0.01367827544244
0.013935745014083
0.014532108407921
0.014810910473205
0.01434132128421
0.015271892450418
0.015282703742404
0.014571427971833
0.014398922428663
0.016525374837254
0.015823938761217
0.015945984334931
0.016701799121498
0.015417013368841
0.014941097866223
0.015115233151434
0.014093173579924
0.014226527501327
0.01421048152915
0.014325504079328
0.014488489519593
0.01416967234669
0.017362372916243
0.017355319619326
0.017573936298288
0.014022721148524
0.013784073470888
0.013467747611788
0.012430313344647
0.01287281204429
0.012976889146092
0.012613675823062
0.012134560378219
0.012064361432516
0.011958183914997
0.012319731058313
0.01203065955808
0.011934967986256
0.01260863720692
0.013558500996908
0.013063871441658
0.013497078810477
0.013085377215735
0.011904787954763
0.013463690040151
0.013523869108251
0.014261260298321
0.014278279268041
0.012784103879247
0.014020426636092
0.013298225239372
0.0129088191922
0.012509189572075
0.013527183807831
0.014054260425143
0.014455658292019
0.014968703451819
0.014117971708627
0.013659098539658
0.014751413225666
0.01532522872004
0.014970095791022
0.014158961563
0.016745194538391
0.016404675502856
0.014416716208737
0.014253508333983
0.01491692859615
0.01530566406792
0.012054125434759
0.014746070223861
0.014559167968554
0.014963282943174
0.015105349969014
0.014079196277928
0.014676165810598
0.012317812526104
0.011742428812748
0.01707494463213
0.017392664744309
0.017403446771275
0.017601583044085
0.016826292234849
0.016663529017281
0.016927666916736
0.016151531385586
0.01677247774583
0.016634299454315
0.01611575899456
0.015482260287742
0.015542493509341
0.015653510715554
0.015906276669569
0.016127860097359
0.015869156045061
0.015537410971348
0.01628817258077
0.016672047003151
0.015887366764033
0.015540013551989
0.015504490591998
0.015205497284757
0.01570161150794
0.015366941067823
0.014988679360913
0.015952561045338
0.015482271012092
0.016657411259675
0.016108176518327
0.015861485832204
0.016647388826475
0.015811688705384
0.016701794419533
0.015423812433574
0.016196352652756
0.015423543439367
0.016694946143677
0.01478902878459
0.015865023555142
0.015512904550352
0.01593393100726
0.01677429131013
0.01679877468065
0.017610950692356
0.016144166618842
0.016732229778055
0.017365818019256
0.017334826456133
0.016759255882429
0.017123922501408
0.017233607861393
0.016674112496817
0.016496650493706
0.016446613223632
0.01684654550162
0.016593463842439
0.016056627878323
0.01684619963812
0.016231164729151
0.016575330358379
0.016644269046341
0.016942244672301
0.016179450954085
0.015561896542811
0.014791089583209
0.014912648524716
0.014910764413968
0.014754942847979
0.014756227764684
0.014830976098402
0.014643129230523
0.016542329750103
0.016102810364423
0.01563077420549
0.014670516219605
0.015208219483296
0.01494673454052
0.01540442498902
0.015302219948592
0.015304989992804
0.015896321222835
0.015419140828355
0.014762063439782
0.014840302972207
0.015611459865058
0.015280894335201
0.015426396596156
0.016282290685402
0.016760394893128
0.015801518842029
0.014690718710341
0.015474326839741
0.013889876433896
0.014146001167992
0.013776538083541
0.014175721454523
0.013446405764562
0.01357762273375
0.014293507287628
0.013568135394176
0.013612044460323
0.014684781209752
0.014190913773989
0.014654370655866
0.015010952688387
0.015770191689391
0.013796396385028
0.013964904275653
0.014333784886292
0.01520790554334
0.014414042006795
0.013895811245727
0.016114226421376
0.016324383666235
0.011234291174555
0.012898255065374
0.012375266098522
0.011081819136586
0.013320690617859
0.011564040434414
0.011225263346197
0.011280623891181
0.014212210723924
0.014124159473033
0.014812979960399
0.012831278505685
0.015582347932849
0.01373599444992
0.013662773022277
0.013243361198996
0.013299491868302
0.012409521470499
0.012215090207855
0.011561498679029
0.013346365683783
0.013633918480636
0.014062699500891
0.014930779467874
0.013511268203317
0.013151048896017
0.013808044090466
0.014566295901269
0.013708947176312
0.014732135292478
0.014751539286876
0.014494147158275
0.014123602573158
0.01379431807305
0.015916700370586
0.016483511094788
0.016140990310074
0.014932259954597
0.014658518677064
0.013501718549986
0.013907297609639
0.014105981358841
0.014152331844802
0.014019843722932
0.014168381357665
0.01354753309397
0.016926661436463
0.01696370022896
0.017230020111986
0.014115617195382
0.01306154011391
0.013283270757947
0.013646019381843
0.01305888543048
0.011940770273365
0.012212748803426
0.012272491496854
0.011513178050285
0.012323997266782
0.012303621263897
0.011060825550977
0.01145911306032
0.011099158576356
0.011052650961678
0.012094095485425
0.012114831409349
0.013255741186376
0.012852821487467
0.012817769620596
0.011107353542984
0.013040604988571
0.01303458915011
0.013480905692396
0.013466722950115
0.012635732408213
0.012892093487824
0.012675345353786
0.011946990342622
0.011284212259002
0.013190919570467
0.013163536698748
0.014048017358541
0.013410179603009
0.014055730278317
0.013319356060337
0.014129257533488
0.014291038915922
0.015196510806111
0.015839576358353
0.014575806458126
0.01352421827845
0.016368762690779
0.015711818934199
0.01357051970406
0.014462689200877
0.014684580344975
0.011145480951677
0.01442660567077
0.014084799620967
0.013426547245603
0.014320703529483
0.011384510139909
0.01107210863435
0.016391077636433
0.016774973755285
0.016724149657311
0.016749687751
0.01612138498088
0.015772151130527
0.015649533635613
0.016546438031338
0.016309766130587
0.014864876266746
0.014731558345116
0.015008828954881
0.015296621781485
0.01564487466708
0.015441963044303
0.016091777935127
0.0149364126541
0.015219909397881
0.014853578700288
0.014633677843228
0.01453055906734
0.015168810577182
0.014687238765986
0.014016762287954
0.01478118959762
0.015597008906197
0.015343805058794
0.015338024696903
0.01592715274375
0.01543638901001
0.016062077149703
0.014702779387824
0.015701202043966
0.015470134531044
0.014192268500594
0.016399610220739
0.014346253904045
0.01430869822283
0.014799292135959
0.014653190166144
0.015401663714667
0.015508058554909
0.015472325542147
0.015645960437011
0.016250031008459
0.017196264717555
0.015635370318381
0.016824372203363
0.016869580123366
0.016824741453097
0.016370662113927
0.016533566024277
0.016691248940183
0.016341966387191
0.015900714380935
0.016012573247973
0.016496090046345
0.01572574361655
0.016359609454559
0.016265125334441
0.0157267868955
0.015923937329717
0.016353600995
0.015643845886309
0.015018345601229
0.013919509030994
0.014241221279326
0.014801521348291
0.014064401689429
0.014037069359449
0.014121430578065
0.013954310771419
0.013911170058079
0.015963283645235
0.014726553336341
0.014134398936619
0.014420763985827
0.014605408349878
0.014272167447438
0.014887540323156
0.015666359280155
0.014651610703525
0.014390823570296
0.01559473178742
0.014659109971043
0.014513424723942
0.013965770195924
0.014739528321945
0.014612021741292
0.016389848283969
0.015232237642166
0.015484906314072
0.014811673967648
0.014335509213524
0.013826176012116
0.013310050666486
0.012881160754277
0.014172753246317
0.013322907780618
0.013019182146588
0.012818958037023
0.01322885061205
0.013738487867306
0.013483185358258
0.013143349426911
0.013563602064706
0.014338890042569
0.014002041264737
0.013492777398655
0.014950841790766
0.015627142917817
0.013277985304799
0.013340299340846
0.014365079366311
0.014173708124883
0.013804048465696
0.014524775489691
0.010348071143421
0.012010907731194
0.01165410221566
0.010745842078482
0.010949963335511
0.010517521998341
0.01290940204689
0.01095418740221
0.010377400857991
0.01043558856473
0.013349552038529
0.013876388293029
0.013848613649712
0.013517574182038
0.012850922090266
0.015402062825472
0.013350123322424
0.012995153999209
0.012499670081824
0.012967345625709
0.011623702518121
0.011247724672107
0.012219581543799
0.010907408444625
0.013095087186005
0.014437970761392
0.015208605068645
0.012814912929202
0.012474406349612
0.012569923022175
0.013147067366545
0.014465573916128
0.013395858339962
0.01326694962793
0.0143306793401
0.014521035866627
0.014051940681824
0.014223671694956
0.013545318192274
0.013657893489684
0.015635022177885
0.015909607072329
0.015884640915927
0.015055423979388
0.014286925804554
0.014377552113775
0.013139282997377
0.013400285147812
0.013511266197539
0.014146964592944
0.013522505679286
0.013481465331366
0.013527285763388
0.016407748850912
0.013369993270597
0.012718590733436
0.012593267512078
0.013187955519586
0.012399848783841
0.01314609931761
0.010854704977597
0.012017995900491
0.011554408632088
0.011724613192624
0.011075739714474
0.010987360363259
0.011843941781016
0.01176297317676
0.010494451288843
0.010855559619266
0.010741875325768
0.01033996562992
0.011710304218393
0.012006371825178
0.012851857264998
0.012158031485284
0.012187894439518
0.010616915268169
0.012508146178716
0.013417409955355
0.01321427618523
0.011723673897837
0.011946213961215
0.011761623740978
0.012627736346804
0.011159917508841
0.010858318571347
0.012821908593113
0.013602750120957
0.012901703110843
0.013292489271804
0.013767247971353
0.014288132469289
0.015579174700579
0.015946689631154
0.013996794932445
0.012977398264801
0.015848376061789
0.015391589510462
0.013050480958823
0.01373429237078
0.013148070560401
0.014048722334653
0.014523748994107
0.01381009581534
0.013827211722327
0.011008443326741
0.010271940159653
0.016640610153773
0.015968642270748
0.015871454517023
0.015584284759653
0.015178073694926
0.015005950182964
0.016101201858437
0.014459988904597
0.014319626823457
0.014316185771279
0.014593170461663
0.014641822560796
0.014759745921145
0.014898920699136
0.014659159549071
0.014589348753208
0.014639230683636
0.014325290709754
0.013982509674247
0.013825533427096
0.013685908397949
0.013398114918279
0.013777534076621
0.014740557769782
0.014259588296445
0.014466678557088
0.014658255133353
0.015187055119802
0.01560259553765
0.013853998464069
0.014699762891595
0.014408321651763
0.013730674134073
0.013898371796104
0.01311147194918
0.014137216142287
0.01308067718038
0.014656459273783
0.014531032585483
0.014143018918699
0.014731005547693
0.015661157195379
0.014713425106421
0.014659034260258
0.015127562123679
0.016549327243463
0.0151947936101
0.014862967584326
0.015913093907038
0.016283768455304
0.015448173955603
0.015902879962182
0.015691051722757
0.015378532218111
0.015306643632667
0.015847711288563
0.01514797781574
0.013823319257315
0.013036329042811
0.014154569007166
0.01378706665614
0.013501946087481
0.013588359408346
0.013749270548016
0.013192626666217
0.013826118787906
0.013296536506472
0.014117789486641
0.013722481722924
0.014179237379254
0.013524753609433
0.014536598748003
0.014291662412435
0.015158805105583
0.01376093479308
0.013856973071867
0.014968584475678
0.013987321940506
0.013645913057178
0.0133421001923
0.013833931653948
0.013947256412218
0.014522327659218
0.014739252263527
0.015632861524086
0.014264161559343
0.013557383575779
0.013206802349111
0.012811674417047
0.012598799995038
0.012202052248358
0.012519389621792
0.013590386660887
0.012738542423323
0.012249133538222
0.013003236910462
0.012449896157758
0.012696946286081
0.013181264926644
0.0127889452674
0.012243022770965
0.012241789476608
0.013765340262195
0.014110781972472
0.013156007115322
0.013136588440027
0.012842231492188
0.013939815023251
0.014543562075093
0.013463039442145
0.012386999959326
0.012410351466895
0.013838507519888
0.0098886792443801
0.0096768100508799
0.012112306270094
0.011424715540552
0.010604829936388
0.010012267853361
0.010152944658287
0.01017160867557
0.010014015787462
0.010055566334345
0.0098849005631577
0.012950505206451
0.012978160199199
0.013187413035328
0.012560198988906
0.015461519596355
0.014701851778206
0.012918568558266
0.012278275050142
0.011842671451755
0.012299342983558
0.010970730306501
0.011328441939248
0.0103749219219
0.011148736414687
0.0099016799537915
0.012482748285182
0.013152421821526
0.013877011352384
0.014649348966561
0.012143269158382
0.01192255546879
0.012570978988917
0.012935637054723
0.014130056613655
0.01338241515349
0.013601198921006
0.014413720024608
0.013313342121765
0.013082675190156
0.01326526306132
0.013241258556242
0.014606617527906
0.01476410202442
0.013744568828124
0.013703336007964
0.014340180711675
0.012781074380448
0.012817798521658
0.013147708375454
0.013268923537277
0.013468072778132
0.013304448547352
0.01317787638398
0.012701555243305
0.012523688883371
0.012000031953773
0.012558315506451
0.013166129062476
0.011989531468524
0.01225510202752
0.012654592248691
0.010667830069474
0.010420131446234
0.011989823132707
0.011416266686548
0.011211825579585
0.011162150857964
0.010523186665932
0.01049697404423
0.011644176781541
0.010032907353562
0.010235492984534
0.010410506079687
0.009902307917176
0.0096957938617879
0.010994688359356
0.011534601749422
0.012237580931565
0.011897803096531
0.012325267997456
0.0097480894886331
0.011763382957579
0.012459343563598
0.012777406194633
0.011392571276232
0.011267688551901
0.011184245376902
0.01177760472195
0.010652377317438
0.010214246622119
0.012338548973583
0.013466022010606
0.013265040718345
0.014379956375465
0.015086337739603
0.013426851580881
0.013791470677866
0.012840360910035
0.014902097308199
0.012399828909533
0.012989115257854
0.013312553220977
0.013493118410666
0.012420926185616
0.013180532446403
0.013824185839869
0.013974254774701
0.013388479225344
0.010349927562267
0.010304643639978
0.009573937076082
0.014822856760845
0.014974560603961
0.014510097178134
0.014446170411124
0.01446401363551
0.013932175107302
0.015700557440616
0.013664835183736
0.013615113558533
0.013671735802904
0.014277118830007
0.014250207139029
0.014396242354816
0.014112041937474
0.013841983317272
0.013865520573445
0.013580344551118
0.013311435788936
0.012698897858707
0.012873250341218
0.012413771714206
0.012855456316108
0.014063252370512
0.013687235272647
0.013893319590586
0.014219368521545
0.014551964418374
0.015226644766807
0.013143878710974
0.013235083524447
0.013040022862633
0.012656957645842
0.01440882255672
0.012378577853678
0.013156806067072
0.012060671715007
0.013665615702429
0.011895451761785
0.014221968877492
0.014107961008595
0.01377115131442
0.013082996389144
0.01404212985052
0.015176280101237
0.014651392648763
0.014013543392705
0.014578138588165
0.014791935168348
0.015582111677554
0.015138433340257
0.014807389427543
0.01478186641139
0.014544433244164
0.015191937555286
0.012421713273271
0.013694579989513
0.013248125772659
0.013137460224809
0.012621676857466
0.013265694545311
0.012879678883186
0.0130104002414
0.013161443702292
0.013337518285262
0.013519896087762
0.013116644605514
0.014139874840912
0.014061644532816
0.013906440933028
0.01328106597872
0.01428763944113
0.013341200163249
0.013021813133457
0.013342104857738
0.012555153248741
0.013004642577233
0.012603606975591
0.014096839000784
0.014348925555321
0.012670729268589
0.012103213089544
0.01205729730503
0.011460179754461
0.011431440752767
0.012887234162768
0.012213612670833
0.011518579067656
0.012094028128397
0.013003859201808
0.011761595648442
0.012113782931763
0.011982449520721
0.011844219769811
0.013245044316693
0.013380317012809
0.013015768139448
0.012874132172247
0.012715776385755
0.012586404277601
0.013467224857553
0.014357971238866
0.01258897727359
0.011943472907382
0.012338057169625
0.013244086582323
0.0089532425351319
0.0089061361555095
0.011832428438802
0.011799191831039
0.010842840766186
0.0097253340917419
0.0089775062767757
0.0099287167587728
0.0095794341815563
0.010338555546544
0.0094016063835518
0.0092396700091436
0.009160842534597
0.0088079810180161
0.012393827686045
0.012398554278935
0.011461039977917
0.014951292341976
0.014479645117198
0.012282153562817
0.012127919672802
0.011404840561546
0.011963646434375
0.010111719313249
0.010462893237919
0.009814432030671
0.010319492118151
0.011221832325748
0.0091250813459413
0.0096017346417193
0.012066960185973
0.012536539207003
0.013715539361113
0.011591249700074
0.011787821812211
0.011599843396302
0.012359839554201
0.013499428434337
0.014100778626623
0.012960244822742
0.013088474543268
0.012564296029659
0.012510122969227
0.012714810582965
0.012345109217495
0.01426793641805
0.014656199541237
0.01369189676709
0.012196867275883
0.012314107001273
0.012815054719101
0.012826872524782
0.012741216267113
0.011920012091288
0.011754402999775
0.012840988654325
0.011399213548578
0.011933072558224
0.012328260960456
0.010204514803478
0.010123593528389
0.0097832293287331
0.011537613697215
0.010818650871473
0.011261784935767
0.011306509117272
0.010644180704737
0.0099576798512779
0.010072128729691
0.010955479972992
0.0092535993622635
0.0097414102793848
0.009399070951703
0.0096358691487983
0.0090857220715305
0.0090146731611515
0.010953779959748
0.011578827565904
0.011817678534898
0.011616901228376
0.011405147185687
0.011817433290101
0.01212540738719
0.010898720611169
0.010816207822698
0.011212977191121
0.010402981662003
0.0099237837585392
0.009621272914984
0.011844183689867
0.012094531153862
0.012901898377368
0.01406137242127
0.013981864793297
0.012747716842811
0.013790946722508
0.012270232922586
0.012129530452943
0.011979561827961
0.012366403236119
0.012863714651003
0.012954673646114
0.012135501185168
0.011969820690696
0.012438364780775
0.013123372553297
0.014288422690726
0.013336118640649
0.0093958564436165
0.0093746676709404
0.0088680563763091
0.014190124887159
0.014456927762583
0.013538517533514
0.013299636640631
0.013175272895225
0.013399934613751
0.012999262377487
0.013119136881856
0.013552149652412
0.013580026366216
0.013452886162362
0.012847583824038
0.013365805479349
0.012446872252871
0.01216949408033
0.012349467781875
0.011949967937691
0.012320411098163
0.013209587959283
0.013136118953412
0.013285133017109
0.01375712502612
0.014614891938033
0.014187418465649
0.012193457451153
0.012379752608843
0.012826003187512
0.012117626927254
0.012420421674554
0.013910075448437
0.011977441824818
0.012181999652328
0.01171779753314
0.011335013779516
0.01303572574182
0.011712944741365
0.013480527952924
0.013745181614899
0.013123680949582
0.012203863665623
0.013349731829128
0.013108567141758
0.013664690532116
0.014160873943088
0.014487401039016
0.014368377854056
0.014503128115522
0.014015985376426
0.011512811873622
0.012235134372321
0.012663163883585
0.012753539895912
0.012269042944309
0.012718750523713
0.012124917737861
0.012703994543872
0.012272681382833
0.012560219120479
0.012620754147478
0.01301574483146
0.012281500448497
0.013397956245222
0.013428439658761
0.013187144673801
0.013872767438112
0.012567150470571
0.012341802804631
0.012327817630567
0.012592209843437
0.011770508001667
0.012344371780757
0.012141008206481
0.013638430266735
0.011546831277595
0.011088094662899
0.010698726588622
0.010951524697479
0.010874662105149
0.011178270246852
0.012720212859867
0.011590134627119
0.01149139228112
0.011160765634906
0.012165308292108
0.011598341676312
0.010722930033153
0.01098078437029
0.011734218272715
0.012973850917583
0.013239851282642
0.012627438749561
0.012496971605081
0.012002597921282
0.011840091594119
0.013428315795521
0.011817066786206
0.012184408951373
0.011664128613337
0.011148267715811
0.011872424400516
0.012493254132028
0.0083952642683578
0.0081026739471512
0.011485718124919
0.011461232064177
0.010593307257954
0.0096257332725883
0.0089342441590255
0.0086530732446486
0.0092012706684629
0.0094294575024162
0.0087777844650317
0.0098240510597373
0.008575926646513
0.01137206998026
0.011400679220215
0.014106087638425
0.011981369782555
0.012261604885313
0.011764515804902
0.011583981404636
0.010479460144173
0.011627148181605
0.010247025264365
0.0095974756465301
0.0089413239162656
0.0099537323967418
0.010605914967986
0.008355189016318
0.0095497112911445
0.0086401513385264
0.011719830208673
0.012159768549064
0.010732312010724
0.010871947214565
0.012020402851625
0.012991639198772
0.013483416088836
0.012317162943556
0.012437046954597
0.012843157559642
0.011850284592908
0.012128793286054
0.013656808834854
0.013221304327579
0.011971389921703
0.012005446886879
0.012229094158004
0.012055429140839
0.011260077930852
0.011251089373574
0.012130980479362
0.01150456212977
0.01084153806253
0.011425911702926
0.0095493195036738
0.0095126735977071
0.010538614216943
0.0092343654250882
0.010055958981063
0.01150424073288
0.010924578724376
0.010635894858166
0.01097669189084
0.010460820138169
0.0095171995487412
0.0087307345600832
0.0090157661875123
0.0089450348284196
0.0089074431641042
0.0091319833252003
0.0087255413143505
0.0082342789844946
0.010793064226992
0.011751294209772
0.01115376847688
0.011576188844546
0.011273555739745
0.010760299666694
0.009912037026034
0.0099893635427721
0.010425373051256
0.0093920250230649
0.009296930355991
0.0090344630894113
0.0088952294419068
0.011677244976761
0.01149005227921
0.011836273103665
0.01235990283646
0.013438081941686
0.013324152200833
0.012217987988466
0.013103756973037
0.011744049921324
0.012068995015275
0.012280264908768
0.01237058372474
0.011561419438377
0.011730181023117
0.011495935140092
0.012796982489403
0.013998723129548
0.013069928435062
0.0090552265771761
0.0081864688955055
0.013527298017306
0.013192737559897
0.012783318963076
0.012801532236076
0.012856406659993
0.012380334933898
0.012829566688121
0.01320045665989
0.0132324636908
0.012987598073339
0.01221533623983
0.012094270385045
0.011340633479716
0.011339084996535
0.011262601649652
0.011202465876097
0.011304728296088
0.013023604439929
0.012389534333453
0.011868541472333
0.012582966191471
0.013700221193765
0.013116912250353
0.013965334556758
0.011549466555565
0.011625404500665
0.012062230982586
0.011461818409184
0.011516586415366
0.012429841212029
0.011603868071684
0.011466342473852
0.012557013519971
0.011792313825178
0.010430945055283
0.010438545334409
0.011195369621619
0.012780612243372
0.0103911856982
0.013427277598226
0.013199727351799
0.012531441908948
0.011400265337054
0.011995713384027
0.012263788357809
0.013984202083003
0.01337824404849
0.01075256094886
0.011797118915685
0.011985416539366
0.012085829727456
0.011931510521108
0.011819011457701
0.011440209290219
0.012203102129605
0.011855156264452
0.011826727170992
0.011581371109124
0.012776787385356
0.012074430526683
0.013334799516294
0.012518814671197
0.013270672450235
0.011606277252572
0.011998570179409
0.011566490137167
0.011814780798003
0.011336459417707
0.011314095777879
0.011573710566771
0.01143547569489
0.013096072124949
0.010499236370925
0.010697674657763
0.010724136584312
0.010395739549544
0.010195545107304
0.010342906597188
0.011105959569057
0.010438356710637
0.012110806214135
0.011063416956421
0.011163699702108
0.010467112351647
0.01165396565825
0.010520994851462
0.010250651867488
0.010236320953536
0.012348581197042
0.012843887864017
0.01274566298424
0.012117275507177
0.011782249587794
0.01174525068153
0.011617085904217
0.012316671023937
0.011762292182417
0.011604236568992
0.011738033267611
0.010918528110306
0.011152693974084
0.011986745425063
0.007815408610981
0.007811790382852
0.0076366619865091
0.010862365860523
0.010827703770405
0.010643792899119
0.010035273689064
0.0094554854431074
0.0086289352476735
0.0084252165852651
0.0082569516043779
0.0079073009089505
0.008269740166803
0.0089966774380406
0.0086342257806001
0.0087651335421303
0.0083532781002102
0.009469383509993
0.0080775926975148
0.0078412362076708
0.010411671238521
0.010440932416851
0.011632312936824
0.011874561731323
0.011102126769919
0.01098305681125
0.010052224914463
0.010266497096801
0.01101718543099
0.0097596897834083
0.010079835244504
0.0087929024560112
0.0081021802299233
0.0090347142936301
0.010100268971574
0.0076564997973871
0.0087169329166325
0.0081415197017586
0.010959358786373
0.011652450541318
0.010378903597481
0.010450427334416
0.011572440195858
0.011692621199049
0.012579855477716
0.013014773370443
0.011848693419234
0.012044962916338
0.011954502924227
0.012120591630265
0.012225663538338
0.011531266371326
0.013255201183099
0.012868237185242
0.011694766294491
0.011748036593509
0.011860093044809
0.011741878341932
0.01049400973705
0.010397989145106
0.011669457138343
0.010552165020124
0.010883711970052
0.0093085194805717
0.0091729179498718
0.0096146757154959
0.010158846828349
0.008600401354097
0.0091188147978797
0.0094775053467698
0.010856611520923
0.0098128114935778
0.010616417109412
0.0098290668579343
0.0093674032406075
0.0082242465952938
0.0085003748608664
0.0084637154663959
0.0078804209842951
0.0077595157483457
0.010320404559976
0.011407378273977
0.010715875746586
0.011099585026176
0.010934948246807
0.010949639508296
0.010133390064258
0.0095508504276555
0.0094358348454343
0.0094346770940218
0.0100535497464
0.0087833603854785
0.0087749816348561
0.0085210284575719
0.0088560450870809
0.011597588983349
0.011046555127673
0.010892348265859
0.011098663793959
0.012803863292922
0.011983078142962
0.011729037022702
0.011131464628093
0.011690888614949
0.011931681504134
0.01224450255365
0.012078317841264
0.011002781201347
0.01111362533031
0.010941457043677
0.012346398740504
0.012293296981122
0.013420478874004
0.012401303897191
0.008274804447427
0.0075064009061367
0.0081579653941224
0.012282345182528
0.012678313932381
0.01200395911959
0.012259236257359
0.012284870839566
0.011852711217201
0.012236433355995
0.012335113104031
0.011372205033653
0.011294126331907
0.010392590793348
0.010729021173763
0.011190561137416
0.010631896370051
0.011082494496308
0.012199807036502
0.011871180095867
0.011416191270803
0.012016016722033
0.012557141480808
0.012998653544227
0.012720331595495
0.013397934484289
0.010908199285855
0.011409259104896
0.011629382233861
0.011586625778862
0.010382194132817
0.01019053538997
0.011765827101039
0.010355672782434
0.010702518480194
0.011927310306742
0.012415913741437
0.01212073782132
0.0108097946636
0.010141551608993
0.0096664518240724
0.0099961453823317
0.0099542832215457
0.011528573763444
0.01253449570824
0.012032668213196
0.010183540997589
0.012875265259589
0.013006549643122
0.012018501951699
0.011326677696795
0.010084199054117
0.011517801036269
0.011761136946267
0.013411571602304
0.013000114304444
0.010267186143728
0.01014940815762
0.011456144300792
0.011512843393053
0.011580554541002
0.01133811499381
0.011656366893446
0.011196347674569
0.011169399792764
0.011631707867615
0.011984747816426
0.011611662734171
0.011426761705595
0.011325293304233
0.011289078244848
0.011985345987165
0.011307933260725
0.012901154979692
0.012195391545822
0.012675563064105
0.011189551029545
0.011319353574174
0.010847153076298
0.011719726152633
0.010393037837524
0.010644966732079
0.010405380392163
0.010349345332054
0.010226255634028
0.010006581191976
0.0098257331255022
0.0093189366648049
0.010142274332776
0.0094179297145001
0.010254241930097
0.0097172690981474
0.01198543305917
0.011622860521348
0.010416006464318
0.010794021746172
0.010331502933362
0.0098813529726944
0.011289787664824
0.0097864107064505
0.0099710560215148
0.010067366000436
0.010185560444328
0.011865299284169
0.012302269215946
0.012264188780271
0.011306563789014
0.01186629597357
0.011262069962493
0.011142292846899
0.012088530335209
0.010386580663332
0.010861389594334
0.010600658000429
0.010536775849548
0.010626446055269
0.011035957940206
0.011177845677755
0.007348146628468
0.0069082884203791
0.010558898191509
0.011064550962429
0.010274644849136
0.0096761624722129
0.010042666257716
0.0086381791767703
0.0081073887960902
0.0078363080541045
0.0072882348354829
0.0075480555823604
0.0085641780593113
0.0082200704633572
0.0088918554534375
0.008340922369331
0.0079544843646366
0.0072423865220126
0.0071140904942661
0.011497398039749
0.01103502433525
0.01157540186173
0.010688047027785
0.010993569913281
0.009552208048175
0.0096887418642819
0.009201393854342
0.0093608564490011
0.0084566646846327
0.0081165681782327
0.0090303563990269
0.0099422904963666
0.0069912054673299
0.0076072942258584
0.0087298313913604
0.0076259551235378
0.010978808503025
0.0096771672736132
0.010225599467588
0.0098408748419659
0.010935823337305
0.011087484650011
0.012035392369672
0.012265092713913
0.012811190465813
0.011313611949148
0.011249605223147
0.011480101130758
0.011491568890402
0.011725586941172
0.010779456824698
0.011450902980576
0.011235894581728
0.010002184273551
0.0099159987480374
0.010591380419721
0.0088395007349221
0.0089938719267613
0.0088695887673116
0.0085496254656039
0.0092003953313144
0.0093638121525352
0.010410909751221
0.0081673293462275
0.0082815757707066
0.0085292946509468
0.0091497447996775
0.0092654781441389
0.00948915284267
0.0094979970915873
0.009841795867512
0.0087870286403764
0.0075951229597923
0.0081431684698288
0.0080315218443222
0.0077146630351495
0.0070526245397161
0.0097994281791971
0.010716439314907
0.010482550317216
0.010745546523185
0.010587775182461
0.0099846082614495
0.0096401717012272
0.0091926743511108
0.0092425382430728
0.0089163017029259
0.0090660926506495
0.0080283942330689
0.0076545592669081
0.0078565959940531
0.0080752636743585
0.010950438390673
0.010810936102102
0.010547444093065
0.010831139698623
0.011268355817687
0.011144590651803
0.011021721728721
0.011862424391268
0.011377548170137
0.0121824827247
0.01187696096876
0.011397818034856
0.010553676304867
0.010871443719841
0.010832408828373
0.010697797921274
0.011848467300926
0.012388151961243
0.012385156128219
0.0080038303537126
0.0077492464667011
0.007009135219841
0.0075084945998852
0.012033005074141
0.011436348391419
0.011675495836142
0.012324282967024
0.010418809750079
0.01034507301205
0.0099571374144507
0.01009382492591
0.010540929963676
0.010279353816664
0.010095151215955
0.010451876604198
0.011410368014389
0.011139544400449
0.010759269157809
0.011283652521181
0.011666654205247
0.012226105187313
0.012893765899026
0.012589503218677
0.0099361401313011
0.010641326052446
0.011008308474368
0.0098157870233978
0.010007239936808
0.011532351225883
0.010033844818871
0.010643565876348
0.0098972858987864
0.011366396450269
0.011889812809291
0.011461498153167
0.010836392731937
0.010117072472187
0.009374976805421
0.0092308896315489
0.0094056945166264
0.010819866945292
0.011762317489269
0.011525826216519
0.0095174961590893
0.011521407525994
0.010558869786004
0.009905612186223
0.0095202750492093
0.010870058762063
0.010913878769681
0.010982171958847
0.012692754837851
0.01254404221269
0.0094288905573384
0.0091070297537073
0.010817840667932
0.010874447734315
0.010630818602447
0.01096535126325
0.010615762064302
0.010313516000947
0.011260570488484
0.011100897599799
0.011274348692469
0.011416531770623
0.010664971037848
0.010728285871166
0.011242757519961
0.010586724600716
0.011502755790318
0.010418434918305
0.011167712763084
0.010489643494455
0.010334050162668
0.01125846125917
0.010006586464933
0.010133397670537
0.010168784864217
0.0099462074937681
0.0091182168127375
0.0091946451577919
0.0084759379489406
0.008525761164007
0.0090365210583605
0.0094305366126771
0.0091004799425098
0.0097274674225378
0.0099038462382543
0.0092562016686938
0.011485049123258
0.0099293925880646
0.010618380322071
0.010199015332535
0.010214102717341
0.0096765925993405
0.0093066860063148
0.010579382171887
0.0089666402893235
0.0096860978131908
0.0092674079578608
0.0097364031348084
0.0096709233761503
0.011139400707608
0.011592976448532
0.010917399490755
0.011089089259383
0.011306967469949
0.010813534693757
0.011119379417989
0.010327215349458
0.010819843813322
0.010341342020209
0.010231852868155
0.010533268984359
0.0066288408587889
0.0069536971053528
0.0061334649663957
0.010446416767654
0.010967940235441
0.0092579503337344
0.0095848020068189
0.0096062153127742
0.0085328567994758
0.0077563384287274
0.0075974980191076
0.0071066200451541
0.0067014729650962
0.0069698168734043
0.0073525846512307
0.006916123491146
0.008185768165438
0.0076984741442527
0.0087093245190599
0.0081304666041984
0.0074056128004336
0.0067840964442219
0.006489847138476
0.011033183505232
0.010784934929323
0.010751404979135
0.010439638084651
0.010615966455974
0.0090742511126354
0.0091382696722945
0.009657979183055
0.0082907101486848
0.0078376739100823
0.0086601099152004
0.0090885775223298
0.006337690573587
0.0070061283997351
0.0082019397091574
0.0085163605783153
0.0077064157600531
0.0069302032081105
0.0090443700078702
0.0095456060475217
0.0092981765086881
0.010569992193263
0.010812747741309
0.011652614382335
0.01075643928467
0.011194294401869
0.010826253597713
0.010917332161292
0.010467862870627
0.010449182058224
0.011180338324037
0.011004175976508
0.0099542369997253
0.0081379549353557
0.0089046468160674
0.0082611407153477
0.0083027333348645
0.0086565528995997
0.0092484275889532
0.0087672189344882
0.0078648405857195
0.0078923468706511
0.0078753000001793
0.0082234395477162
0.0082153047577682
0.0086095832192512
0.0086852784289705
0.0095006844228327
0.0097967361219681
0.0072239672904607
0.0071597930770476
0.0074458343942126
0.0075423788724045
0.0071661237806773
0.0062643253741251
0.0098614576234479
0.010433407745483
0.0097634891188019
0.0090883533826765
0.0084772407256972
0.0083831299604656
0.0080838964373378
0.0082751586817307
0.0079687509814337
0.007709313424775
0.007559701710896
0.0075748251476557
0.0076948345378754
0.010702030590014
0.010667067680536
0.010477143613165
0.010454080472553
0.0099568517038358
0.010853467908571
0.010820282094575
0.010858027559949
0.011360722474215
0.011295604376981
0.011681078675158
0.011479585353332
0.011374856828531
0.0099818039769581
0.010589134015685
0.010467775247126
0.010543554792135
0.010187154470256
0.011424452198383
0.012053634615977
0.0073488997376636
0.0072295187453992
0.0078737269820006
0.0070133242592507
0.0068532933571716
0.0063823619845534
0.010705505192011
0.011206339618341
0.011605363949637
0.0099598080014249
0.010037672194556
0.0091218303180259
0.0092186498122841
0.0098827852774541
0.0095981078266374
0.0093952871117731
0.0098640444996516
0.010960257288329
0.010464913762126
0.010146234485134
0.010701112083582
0.010918211450742
0.011716691868697
0.0099506895046924
0.0092486520138081
0.01033865066515
0.0093709563579104
0.010311865114273
0.0090304000227065
0.010650710236305
0.009933021847584
0.009295318784629
0.0093704374499134
0.011493170776521
0.011533733339647
0.010470422926727
0.010734921567253
0.0098772003668447
0.0092785790420074
0.0082580653606554
0.0089039970087097
0.0083923317945848
0.0088854462146609
0.0098513633187221
0.010964977303107
0.011214908735102
0.0083552957021707
0.01090837298937
0.0099523827153624
0.0093310559479625
0.0090884907593328
0.009023777275513
0.0098885089517226
0.0097856172892543
0.010136862201511
0.011891871671057
0.011844214698194
0.0088134173327662
0.008732003004394
0.010489809014197
0.010844179307894
0.0097297744951769
0.010495938324191
0.010604481566445
0.01001755257773
0.010308870634547
0.010006029437694
0.0099546379076435
0.010578678629616
0.010259652999574
0.010634528802047
0.010225628040837
0.010716119828718
0.010084482572628
0.011150051365575
0.011358888280877
0.010042364269029
0.010524439018166
0.010113477531128
0.010162597432057
0.0097591512908825
0.010696326941804
0.0093768975866469
0.0089756296508611
0.0099665542273854
0.0094002526076665
0.0097639250055668
0.0082887242758401
0.0084261800023696
0.0082875135234308
0.0084196074904714
0.008702202872427
0.0081046830382744
0.0084404267809554
0.0089413468989438
0.0096253357298159
0.0083063950431551
0.0092865800137733
0.0093516874757982
0.0084977344975896
0.0091490189059725
0.0099405732932417
0.0097470777605531
0.0091708205699394
0.0098804952126301
0.0087447219740574
0.0083258946281074
0.0084230511258997
0.0088632487513661
0.0085842911652731
0.009034719546381
0.0084077884651321
0.010499016512779
0.010427968507305
0.010559341185714
0.0099480478269926
0.010046894148324
0.010031144457155
0.0098825165128755
0.009933685806085
0.0062238824253913
0.0064151747447701
0.0057201862150937
0.010759369297923
0.0099109239525512
0.0092192745740372
0.0092351619022332
0.0079104449063708
0.0082549397719271
0.0070704714454209
0.0067918009964385
0.0061078649434856
0.0061591488174824
0.0070025116779639
0.0069081994449719
0.0066473705717131
0.0077241215258059
0.0083629431139189
0.0072322789363061
0.0084364195723587
0.0086411168422563
0.0074368583939821
0.0069061610831403
0.0059981084255243
0.0063304838063255
0.010459783119115
0.010042468407325
0.0089528369638068
0.0083737939733407
0.0086197143657219
0.0091414745342656
0.0094225893746666
0.0094245299876501
0.0076968254623311
0.0071533797187467
0.0079402472743512
0.0058936577895721
0.0064261609290724
0.0067907411090002
0.0080274363584758
0.0079055687230378
0.0070454504572198
0.0064578248015843
0.008603776656534
0.0089451835966846
0.0087636069758656
0.0104780652305
0.009962952165007
0.011332891932714
0.010426089061373
0.01069713403689
0.01049798602133
0.010605522858694
0.01040642464931
0.0098444673298765
0.010281576548135
0.0098498635689276
0.010703484010068
0.0078499820130016
0.0077501792408714
0.0081529315571416
0.0080353274076733
0.0086750507135304
0.0086931773797699
0.0082700144624619
0.0079437845009294
0.0072803756938917
0.0072503544037506
0.0072520352364004
0.0079125781263296
0.0079310266202606
0.0083935786794135
0.0092393412104764
0.0094472553212365
0.0071921294930789
0.00675744490495
0.0066273678795646
0.0071289825400708
0.0065646011521626
0.0058202205492607
0.0060352313336392
0.0093782495757784
0.0091951996661263
0.0085365331451126
0.0080628093921133
0.0078918660534727
0.0073025261258776
0.0072768964927368
0.0070287108689585
0.0069618298738207
0.0070044317375223
0.0071538848524306
0.010201879772327
0.010184337320579
0.0098739199638653
0.009873339268748
0.0095374213719284
0.010435499124634
0.010375013557207
0.010501048578553
0.010480997322546
0.010946123044892
0.011664600175229
0.010959986027029
0.0094479124885515
0.0099911880796084
0.0098535269574902
0.010590205144627
0.0099504400316291
0.0097327719568171
0.011690187092578
0.0071064465178839
0.0069533857571307
0.0066579763384537
0.0076377703693071
0.0063519422310391
0.0061467008439789
0.005864021987392
0.01042137203102
0.011234449209614
0.0092545035860459
0.0094032639010945
0.0083652727675312
0.0090919063795467
0.0088426027442072
0.0096689477463242
0.0095364078572271
0.0091856924200527
0.0089225853778224
0.0095029816667806
0.010339593174472
0.0094741446905833
0.010334403801597
0.010009608931699
0.0091064464173563
0.0082002173822566
0.0088902802088767
0.0096773032943108
0.0083595864199577
0.0086720169561707
0.0092526325156504
0.0081361169727856
0.011072596415144
0.010186247770358
0.0099964490885155
0.0095024140614055
0.0088686027568222
0.011158851172607
0.01012758688111
0.01026143938681
0.0092766838913069
0.0083516929924119
0.0080731103503382
0.0080577258565116
0.0081608993424655
0.0079065947722731
0.0086363351571055
0.0092181639734329
0.0081390976684268
0.01049087345407
0.0089861039535178
0.0081878117199814
0.0083123321368906
0.009233569678985
0.0091836593233613
0.0098002458407382
0.009084450792477
0.009877059133254
0.0084238083409165
0.0084829362672942
0.0079762009103163
0.0098077975188931
0.009006505511504
0.010101473761484
0.0098453162020661
0.0094329674686419
0.0095960142736379
0.0096825900095063
0.0096220751561983
0.009693468306192
0.010037749607234
0.0099796748816721
0.01061154347397
0.0094126850439575
0.010214776987474
0.0095373966371565
0.011052581996384
0.0094362501772736
0.010265215420238
0.0097812360312882
0.0092122152788685
0.00888761953117
0.0086066902940759
0.0084857758567995
0.0086528113840567
0.009865120719157
0.0080187567958374
0.0080339126476069
0.0079779999595381
0.0077690696637545
0.0078758045259203
0.0083108508575553
0.0081161967975331
0.0075069282435433
0.0079973675171762
0.0089197269787432
0.0086144574770317
0.0087110863681068
0.0081546647289744
0.0091392088514347
0.0088503012386145
0.0094574199262977
0.009842330588574
0.0094511463384879
0.008822548388653
0.0087303163109996
0.009360160740171
0.0084154089757789
0.008240233404414
0.0082506583278951
0.0091252089353481
0.0084126349885736
0.0092685313213273
0.009812010697545
0.010553279445282
0.0090559054413583
0.0057331319963346
0.0057988986330898
0.0052420305909027
0.010248733912266
0.0097324089723674
0.0096768188286735
0.0087005765543673
0.0092740863026206
0.0074004629465908
0.0077185143383482
0.0066256873310243
0.0065604822071452
0.0058545500576044
0.0059115632790944
0.0063651128273276
0.0064207825523539
0.0061873321361669
0.0073178805354709
0.0080270157544646
0.0070066739114437
0.0079771304713092
0.0082949545487749
0.0073403873117127
0.0071495538365224
0.0064551172561272
0.0055575941357991
0.0058813822492924
0.0099755251070471
0.009047415391946
0.0083100606353151
0.0082753931397298
0.0086257522697458
0.0091840069585859
0.0071490532809051
0.0074529688725885
0.0057655995717726
0.0061319516686153
0.006190394850145
0.0067610170171135
0.0075463779265398
0.0080779572858605
0.0074257339165389
0.0070489468898761
0.0065080066432489
0.0060865894282424
0.0088118085746352
0.0081969385763902
0.0098997861162312
0.0095827821573799
0.010804720593017
0.0098482592957128
0.01042147882662
0.0098829269249073
0.010630593966531
0.009940014052154
0.0095823100852438
0.0094654148954403
0.0094794670993276
0.0093449632229916
0.010260529466893
0.0072470690715974
0.007190872672907
0.0072469821084304
0.0080254598054197
0.0082379429158864
0.0087775921773593
0.0082104816511494
0.0079952003892266
0.0074289617090613
0.0070630451217332
0.0069447100293759
0.0071947306550774
0.007024261727573
0.0073384646077312
0.0073929333210739
0.0080160817298065
0.0087324838084704
0.0081954201240526
0.0091571655537786
0.0095337674758946
0.0067782573266433
0.0066001892090707
0.0063720412841976
0.0068996470217212
0.0058875318686522
0.005442943075941
0.0056477741411278
0.0091798925480592
0.0087418931843604
0.0073522526841105
0.0077776216829028
0.0073064140495027
0.0065475258119407
0.0067121525155549
0.0060361758494597
0.0064337696303306
0.0066408163598682
0.0096573149233379
0.0095622419450223
0.009534087066397
0.0092852823206256
0.0098842078968897
0.0097023508534851
0.0099529952583624
0.01003585447914
0.010593789080591
0.011274756255135
0.010579487019317
0.0097270129661985
0.0094366422431043
0.0095299016361803
0.01018362370465
0.0092878589070413
0.0065255911980821
0.0065146157435717
0.0066196063900887
0.006225228589565
0.0073020660258278
0.0060879454575665
0.0057720350864056
0.0055124854165004
0.0099646814560454
0.0084670461872006
0.0087198267904985
0.0083179321826984
0.0081181528978354
0.0093659970376234
0.0086593544884253
0.008589330647263
0.008101987220203
0.0086951291846358
0.0093458398379516
0.009701622280834
0.0085960291598102
0.0096861288514845
0.0085180310199621
0.0081743483595002
0.0081124506616407
0.0091270769310153
0.0091627935325023
0.0082592460445065
0.0084290831305695
0.0080402497551312
0.0085560901022772
0.0079989262252059
0.0079156131587877
0.010598453912202
0.0099654570704566
0.0097928040922644
0.0094934486335734
0.0087622016701293
0.008665654892909
0.0081618823849781
0.010706980165603
0.009611642930061
0.010086714807907
0.0089789320304334
0.0079051949824023
0.0071818208398907
0.0070964145700028
0.0073063163916765
0.0074462623797007
0.007133286451327
0.0076880352471586
0.0088678924467835
0.0075534252970875
0.0093120254017309
0.0083445802996111
0.0075743884777213
0.0079329075470491
0.0079940966425751
0.0085179327064722
0.0088103973733902
0.0085886050804253
0.0086035095775395
0.0086044419649876
0.0077430229782481
0.0078539524680873
0.0075195197302927
0.0095016149171062
0.0084929674454881
0.0094452719463252
0.0091285276020651
0.0088295080909432
0.0091592096955979
0.0092878664211943
0.0089182029308595
0.009023682865712
0.0092886068780466
0.0090438784095335
0.0090400214360832
0.0096786341392698
0.0094557946527913
0.010229366518055
0.0098313350852984
0.0093965920530079
0.010482387420052
0.0086569172891551
0.0090103737476016
0.0088377038541717
0.0084176711819392
0.0083424040401087
0.0080881246002731
0.0092800752267425
0.0071709068217008
0.0070160554398593
0.0072255569230442
0.0068565344377047
0.0076458867068017
0.0071116876567377
0.0075464641956366
0.0084251519347984
0.0073907733081415
0.0075507720005926
0.0070682939462398
0.0070017662755491
0.0079270478194026
0.0083859691440602
0.0086094952317685
0.0085478907364758
0.0091385490214091
0.0094460443503302
0.0088486785979398
0.008433219587331
0.0088532300876482
0.0081515574388868
0.0078987025499405
0.0076087033060734
0.0081662525058002
0.0093236699388068
0.010160717817339
0.0083803857315323
0.0086212546467076
0.0052529947610337
0.0051177329521796
0.0046138589664024
0.0095120294880425
0.0083581344824086
0.0089360891648748
0.0072932550282661
0.00684258738737
0.0077444901977091
0.0061553651746685
0.0053358219627751
0.0055648718896226
0.0063206100828647
0.0064485621954993
0.0056690406159936
0.0074741164695931
0.0070675648932132
0.007869374834325
0.0079290242077926
0.0082670742788726
0.0070889267208897
0.00569784532673
0.0050120338298635
0.0052170669953872
0.0084962329818538
0.0079008425475458
0.0082690889467177
0.0086385650564818
0.0086694721197353
0.0069499551227683
0.0050970609469815
0.0055255769879943
0.0056228870726372
0.0061949764217489
0.0076077300912005
0.0066282070774717
0.0065177097646217
0.0057674640349553
0.0055323617444921
0.0081325878512131
0.0077367526115964
0.0092096784418039
0.009326413279665
0.0096447575469582
0.0098732790108309
0.0092544417879973
0.010073343322887
0.009082217902251
0.0089732609059578
0.0093079381451527
0.0091642231523342
0.0097088059352294
0.0065814148152107
0.006495276726839
0.0073905266474377
0.006543506638184
0.0075076030500873
0.0082747504932916
0.0079720289291116
0.0083038837040864
0.0080722847304098
0.0073390614318564
0.007171290827115
0.0071171341567485
0.0065864389290633
0.0067584430183367
0.0064412485356029
0.0068900693116941
0.0068398621293704
0.0068296981405973
0.007160235336191
0.0072135363565045
0.0075604182783387
0.0085224206335497
0.0086729021799224
0.0076907630024458
0.0092647570165129
0.0060690573084613
0.0059690929825833
0.0064252817333296
0.0053944391941129
0.0048017392296308
0.0051556143652183
0.0086771570199669
0.0083226993561679
0.0067294135223402
0.0071784493516775
0.0065943058835984
0.0064121609066138
0.006448499568332
0.006119323778232
0.0060965478364078
0.0093641784226234
0.0092239795858354
0.0088087414241123
0.0095763734579123
0.0094055378651376
0.0097050535282689
0.0095740749835334
0.010444230922951
0.010741416483717
0.0093587594349207
0.0089984015422035
0.0089712143208407
0.0096868385102077
0.0098976618309105
0.008785651483761
0.0059024284235049
0.0059064404799798
0.0061940972433581
0.0057744644240865
0.0056189485407259
0.0057606811486379
0.0053146681894222
0.0047744177388139
0.0081450135021771
0.0081981685429308
0.0075594929505875
0.0085776563991394
0.0080294462989951
0.0079972675408861
0.0074542418438185
0.0088771622523115
0.0080840278050099
0.008598972456234
0.0084950428600107
0.0092431204316223
0.0084809536171256
0.007787923002132
0.0075811505001105
0.0076686591431557
0.0076955741887418
0.0086108147649977
0.0089494785581527
0.0076586730736023
0.0073914301184933
0.0073438624730255
0.0083122581612758
0.0068434140083741
0.0071472647871869
0.010384684013716
0.0095462113060425
0.0093190239931355
0.0097717092651701
0.0090447855269618
0.0080827972076647
0.0088200841511566
0.0079826414300581
0.0087473767247222
0.0074695210677204
0.0092617832432881
0.0095862955773168
0.0083571202596383
0.007297925138939
0.0065018787964464
0.0068571810038362
0.0068458566514291
0.0074136911113403
0.0069293420880917
0.0066578025102469
0.0067645829189385
0.0078254447898112
0.0071096026138517
0.0082805891677215
0.0067420789010272
0.0089371318268673
0.0083507234665916
0.0079949180633048
0.0073383160211769
0.0075738457485027
0.0076213604691816
0.0076457577876615
0.0082304585034746
0.007720382580421
0.0076554092307945
0.0072533338859266
0.0072809058470912
0.0076335225002523
0.0069922810084961
0.0075991644155647
0.0084352004516705
0.0085653087876336
0.00851351784434
0.0086224477166889
0.0088536298303151
0.008475681395788
0.0085071935834631
0.0084822595492515
0.0084901745559426
0.0088951055946599
0.0091536446233452
0.0094104801875139
0.0096495635047266
0.0089929249151181
0.0089542110278096
0.010003147799725
0.0083150612489445
0.0085895765293837
0.0080264012528274
0.007545218470138
0.0065315398384235
0.0068429722567618
0.0066609346695063
0.0070935418048155
0.0068368490346623
0.0067781406605158
0.0066437748429222
0.0073857557124784
0.0071109033258723
0.0081212926323439
0.0073115150551081
0.0074950382511321
0.0064014307564752
0.0069949954679396
0.006404624184467
0.0082878177186159
0.0077185840207326
0.0085481943422934
0.009146691531998
0.008496334102754
0.0082084288382218
0.0084011515864203
0.0075041826011204
0.0072544607166736
0.0071513554800551
0.0097614948378778
0.0081932269907077
0.0047355067981223
0.0048632712587902
0.0041978248832798
0.0094814058792947
0.0090887733835642
0.0084973780209102
0.0086425366677065
0.0072587445185388
0.0065934215018179
0.0064901936330028
0.0077164729286575
0.0074558854506542
0.0057211379763906
0.0059783391916693
0.0049436164884523
0.0050959576280814
0.0058851391202335
0.0061536898094241
0.0054376567992332
0.007396643823722
0.006589417988345
0.0078508182790596
0.0079178168785666
0.0066527536650532
0.0054525247525163
0.0048183376535471
0.0048515526412564
0.0082796986922966
0.0079860472445459
0.0083237667048651
0.0086931692760819
0.008649698176483
0.0062989003739735
0.0046295152075305
0.0050752642857627
0.0056387062303093
0.006060131055052
0.0069836000565906
0.0064839251290711
0.0062689225224702
0.0064214813227284
0.0051133159303604
0.0057860510272901
0.0057919224461525
0.0051043789259513
0.005544433278399
0.008136452048554
0.0077021716629126
0.0070415283325507
0.0090255218685625
0.0091302074056132
0.0098641179117521
0.0085791610463668
0.0088620116219263
0.0084146019049347
0.0087783740789732
0.0093391188768489
0.0061593990013776
0.0060360299413303
0.0061458192591044
0.0061997691628996
0.0069619563382649
0.0071841606117835
0.0079014326112303
0.0075118319747095
0.0080778450875627
0.0075765190844968
0.0071982349505429
0.0071564248399803
0.0068807694244745
0.0066511827384379
0.0061127354721565
0.0065733545320838
0.0062873842616815
0.0060368421109949
0.0063439258012989
0.0064237685705958
0.0063795796780702
0.0068864675556616
0.0069745733002032
0.0070592167929059
0.0073943202318396
0.0082471661949728
0.0084356986822119
0.0077404035284071
0.0087513006178056
0.0054540337577458
0.0061507061755131
0.0045775588868027
0.0045472748889245
0.0084478002212999
0.0063183878428209
0.0066418252823102
0.0071750983259094
0.0063671695009512
0.0055539111409381
0.0055623860739925
0.0056370978896083
0.0088280375823173
0.0087909656566741
0.0085986489632984
0.0092126773752217
0.0092346308434883
0.0090813384685501
0.0098931646517571
0.0089062449964619
0.0089686708392434
0.0089363962807016
0.0085220847248635
0.0093665057300875
0.0056014576623451
0.0055579191779597
0.0057949372489597
0.0053771231857387
0.0052790263909341
0.0052455738032058
0.005278903834934
0.0047844645747353
0.0046364283532707
0.007502262866443
0.0074972468201562
0.0074067439008806
0.0072597432022015
0.007788892399132
0.0081421025973349
0.0079900587853407
0.008811679560821
0.0077571749908443
0.0069977371614973
0.0066533291473564
0.0073011472988106
0.0079882678270915
0.0081655985529429
0.00682238587901
0.0069952409852937
0.0069516900243568
0.0072943570124103
0.0066190768792652
0.0068328471806773
0.0066288414768005
0.009360932344394
0.0088869787529665
0.0093354473018192
0.008509407729022
0.0090979391191531
0.0081208592733358
0.0076464269478954
0.0080290589225568
0.0084230387845884
0.0076478671012471
0.0081361289475348
0.0072365206912922
0.0088886082662768
0.0091652624807576
0.0081819492589107
0.0066259528430957
0.0063576100984123
0.0063483863916322
0.006470970542913
0.0076573637758928
0.0067147511103828
0.0064601873194518
0.006747305148183
0.0062004013247884
0.0060981609817457
0.0072825187743838
0.006909086016335
0.0080345748479461
0.0065534285395827
0.0082127018389017
0.0081398056292294
0.0078276194986158
0.0066905706611226
0.0078894383918582
0.0069370460104685
0.0070609636459997
0.006917460688283
0.0076725581600712
0.0073831684563516
0.0070489105916912
0.007374081186266
0.0066852333536598
0.0067779233044071
0.0070602501542209
0.0062696948509653
0.0069639603022807
0.0082019288502912
0.0079077013844798
0.0078989095944702
0.0080149632200368
0.0082518295255939
0.0079670504169409
0.0083599470434851
0.0081175896889713
0.0084451160541396
0.0083468102255362
0.008519118816079
0.0086394503550769
0.009451037268982
0.0095814537745572
0.0091725542132299
0.0084554117690553
0.0077704299328998
0.0080654705193479
0.0075883807638486
0.0077097870204831
0.0070502521302783
0.0071932241665356
0.0063475015590355
0.0064036592712446
0.0061616794140396
0.0064723277905425
0.0066854520239731
0.006172639670827
0.005934756389388
0.0070984406271498
0.0070475854044377
0.0070019590750594
0.006216643823294
0.0077532507618157
0.0061102574384393
0.0065467640916132
0.007245187724715
0.006012292004211
0.0077612716244167
0.0081885858523552
0.0074123748342421
0.0085241195957356
0.008847525579088
0.0082225988818963
0.0085835409459312
0.0076255442895846
0.0079494878792341
0.007216394637898
0.0065325814378824
0.0071836868772975
0.0041989492227453
0.0045088546100522
0.0041308390573986
0.0090431533824418
0.0082100592239943
0.0087569123461806
0.0074377913491285
0.0074604560712195
0.0065908587585613
0.0062773677823786
0.0062816921716577
0.0072079824593845
0.0070536411070489
0.0055673602778916
0.0055913623756385
0.0049177204544591
0.004996893803601
0.0055500312009713
0.0061783261870415
0.0057837943487559
0.0052661726356093
0.0070215941432867
0.0065152578968066
0.007938621522341
0.0074879935533057
0.0074691590745075
0.0065540992688294
0.0048722051807192
0.0042283417824272
0.0042900819159845
0.0076730765480991
0.0083331775354006
0.0077468961864555
0.0080314595918531
0.0085169613692938
0.0083800167952095
0.0086238974961633
0.0045747011751576
0.0041185945544786
0.0047763439917065
0.0059853507730138
0.0061315479351648
0.0061706224085737
0.0048180501619926
0.0048190310480499
0.0058470331988506
0.0053915772680227
0.0052415527071301
0.0046936168104589
0.0049536171971177
0.0070587362490716
0.0083491386030173
0.0079825279274014
0.0082454385754417
0.0088020835398901
0.0054903441137362
0.0054358364349259
0.0056959107822285
0.0056823387204758
0.0064800233655381
0.0069083122221777
0.0067003724675316
0.0074711678475541
0.0076939031913388
0.0073985488522702
0.0070275134057538
0.0069182817049241
0.0067161144830077
0.0063673720639336
0.0061793162323549
0.0060866041210672
0.0058437626428624
0.0059821483477001
0.0056038787718022
0.0056242013785867
0.0059887392566963
0.0064488735273495
0.0061549714382597
0.0061701751621538
0.0069613462092912
0.006492062114964
0.0067377400127646
0.0074763092768489
0.0082967532681912
0.0074253594283419
0.005705857117209
0.0042624893868158
0.0042550715454793
0.0055947952552159
0.0066576892407893
0.0061260041957306
0.0054122971741111
0.0052093899871973
0.0085026210015866
0.0081878730609653
0.008833879050123
0.0088396721123145
0.0086064254555076
0.0085721322795264
0.008570099391955
0.0082030239144506
0.008297102525541
0.0089445466037683
0.0050269499201548
0.0049467697198179
0.0055079392610844
0.0054412148978418
0.004937596630936
0.0047532987932834
0.0049987481557818
0.0046129215579135
0.0046926873917518
0.0044143895832408
0.004281234714519
0.0068057293930194
0.0068385035751968
0.0068499831436465
0.0066879145690417
0.0078633707624829
0.0078039026634471
0.0070861224386102
0.0070898887464212
0.0075774300224023
0.0065942007819551
0.0065896365055162
0.0064408279020208
0.0065576743406962
0.0070393780935898
0.0066427517694877
0.0074030098526598
0.0066404766603025
0.0066091098720296
0.0064661569962687
0.0067579874709738
0.0062692260960313
0.0064605211147706
0.0089271048788378
0.0091369449409676
0.0089081402386814
0.0085905205185218
0.008000775276936
0.0070735497568692
0.0075577871363047
0.0081479248885147
0.0070787831831928
0.0079576833255239
0.0066506430847365
0.0089223536429521
0.0084014807738179
0.006228243841771
0.0054765469440366
0.0054530768829018
0.0055123866314918
0.0070744198559918
0.0065947698658182
0.0063443021203882
0.006360466379489
0.0061221543355939
0.0063387531178449
0.0055919730467333
0.0055683784591374
0.0059423225518832
0.0075207975068873
0.0069618357446778
0.0068560216794829
0.0063462861518709
0.0081855640916881
0.0062664498528229
0.0076907398606651
0.007520492038751
0.0073303849701337
0.0063399093069827
0.0072493708929565
0.0066738890933426
0.0066531742701328
0.0068835773813751
0.0067046381066692
0.0067261810822246
0.0061671568074338
0.0076835895184592
0.0080267206377062
0.007655514618331
0.0073402121290873
0.0077698478682443
0.0076021294556768
0.007839058319825
0.0081708354465926
0.0076035485876401
0.0081859358826352
0.0077328335807074
0.0080726819690205
0.00841264763191
0.0088296642260933
0.0081236489039106
0.007668825806225
0.0072980135688217
0.0075374560472066
0.0066002890963459
0.0066678702059038
0.0069621597797194
0.0054815314803742
0.0055057224636521
0.0055583072891322
0.0063773758595406
0.0059755886358279
0.0055236292844086
0.0058446475872599
0.0063937723106556
0.0064695027207517
0.0062551082281655
0.0056215616211205
0.0057810031174627
0.0059218764950554
0.0055647135459954
0.0066389540450783
0.0062993770877198
0.0070079741675703
0.0054305201352029
0.0076679933402341
0.0082390856641401
0.0069974587320747
0.0085186243693536
0.0077404260373048
0.0082489561046694
0.0073345524149593
0.0074974198591083
0.0069121868045228
0.0072129524398433
0.0063880318466703
0.0065690683162178
0.0042064445900869
0.0040291831821351
0.003640722839815
0.0069641383407865
0.006977727439016
0.0062993889004075
0.0064465655967793
0.0061981669027393
0.0072129338539763
0.0066759160440279
0.0070856984515878
0.0057995032862249
0.0051863478906846
0.0053378870862609
0.004492542093567
0.0049783480682228
0.0045307595409473
0.0049330275819344
0.0054540498937664
0.0061310430333838
0.0053859123383096
0.0047009631694615
0.0071176246051548
0.0066552507721179
0.0075725940809925
0.0072828634355105
0.0076174264659402
0.0049800366537498
0.0044666854476854
0.0038129292935917
0.0039172815819035
0.0072544277837104
0.007983966084746
0.0071834099290644
0.008155308085424
0.0082209548023367
0.0083255322157738
0.0043627065907968
0.0036631200950448
0.0054882075815656
0.0054707902030652
0.0062882275326926
0.0056957192994127
0.0044337788232194
0.0046005440555315
0.0044313417694382
0.005345390079224
0.0051607258718305
0.0050359549938422
0.005087072546225
0.0040994308528687
0.0049341447448683
0.0066883768556665
0.0080778790234752
0.0080771581922607
0.0075083790941592
0.0078014832925392
0.0084605263751007
0.0051674043383928
0.0052030283745892
0.0054589707959378
0.0056529768461909
0.00570840233882
0.0051291238638809
0.0061678015560163
0.0064589348626795
0.0072135700099676
0.0073659350980127
0.0071918145982373
0.0069264467826177
0.0066674582685656
0.0065106642807308
0.0063035325283165
0.0061499787804158
0.0058714253199137
0.0056390868738599
0.0054777714756313
0.0055451227781557
0.0055906830120378
0.0052224501146193
0.005428899552728
0.0063024954066207
0.0062194778669905
0.005996253826114
0.0056862121940661
0.0059765260586467
0.0066226338871093
0.0062378504435083
0.0064691253248798
0.0067908561877714
0.0072037407783464
0.0077351175074276
0.0071399528304672
0.0037626647876324
0.0037883148885744
0.004386388520479
0.0052366798899616
0.0052716609909133
0.006293544166003
0.005435043839134
0.0043593975531162
0.0080451126978861
0.0077206472908333
0.0083693204581495
0.0085789117889814
0.0084222227266423
0.0082424055528415
0.0080986285830803
0.0085467655641653
0.0077445918479255
0.0078006922122251
0.0082529876533633
0.0048557685576467
0.004494544259348
0.0050704243406274
0.0050700519559527
0.0052260669397485
0.0047338185799861
0.0044743089647854
0.0049586930294333
0.0045390751637382
0.0038038555366386
0.0036598988313424
0.0064671997388794
0.0065034188313772
0.0064460316239518
0.0061959419821584
0.0072077870042656
0.0071085433216417
0.0067523897471236
0.0067518369038139
0.006952563383782
0.0060893432769236
0.0059254489740609
0.0062140128552894
0.0062623660047153
0.0063253521326329
0.0064485246849903
0.0058812290348572
0.0056267062969337
0.0063755924575601
0.0054494427710054
0.0055366254037037
0.0085074524899021
0.0087126764423251
0.0084217874094414
0.0077786539197886
0.0071168368425737
0.0077120452851562
0.0073779899534168
0.0082034201957227
0.0066541390579475
0.0071618160340762
0.0075112597077464
0.0061371680598476
0.0084341150678202
0.0056416421598139
0.0053033440629386
0.005287421764189
0.0053762919687262
0.0053764633233375
0.0053792818879071
0.0065145991472407
0.0073518591374843
0.0061526549404607
0.0064220972968102
0.0062261148212046
0.0060273245078856
0.006039688455003
0.005974728059446
0.0056901075933152
0.0058600910280911
0.0054091527444874
0.0054138594013653
0.0072012651429824
0.0063872602455426
0.0063669515322615
0.0060392044709674
0.0061498969070786
0.0079407700393758
0.0055161115283301
0.0070897143448991
0.0075615827669688
0.0071821831713392
0.0056867482450312
0.0064480067095801
0.0064274753539068
0.0066223758288937
0.0067842925608741
0.0061898533731627
0.0061185708912705
0.0055665291418326
0.007409779247797
0.0071950605505564
0.00731366217133
0.0070571802938156
0.0069920566951205
0.0071837789962153
0.0068885619239351
0.0076617897568774
0.0073920201727565
0.00708462949504
0.0075738510892802
0.0080554380387237
0.0075309526799999
0.0080545540506121
0.0069867946343951
0.0067957549184257
0.0068858225650884
0.0062742190571923
0.0064446600024663
0.0053182935456325
0.0051610094623025
0.0055033966367508
0.0054737952956645
0.0052488807440725
0.0051185846303385
0.0059219969804352
0.0060001067583358
0.0065341253657524
0.0057352088241803
0.005244235201141
0.0051195410615541
0.0051229809349559
0.0055280296112526
0.0055694506458832
0.0052502774162641
0.0065297266780242
0.0064191046868722
0.0061915875448407
0.0058490850403673
0.0051313085019789
0.0074653304507333
0.0073070178315494
0.0079546387643049
0.0072042576592545
0.0069664132155635
0.0054576744053881
0.0037322516862156
0.0037750391921907
0.0035544892529527
0.0031468923940814
0.0068840848741506
0.0069206029511489
0.0064385267627243
0.0058813194932966
0.0059838535222814
0.0057200349887595
0.0063246540917016
0.0070368964395966
0.0066886554733745
0.0054470620504685
0.005134519090726
0.0048069352489326
0.0052425550304285
0.0050659824765236
0.0054467566346037
0.0044140893522795
0.003992327819253
0.0045880757389128
0.0042442103666171
0.0045217696192324
0.0056841675326976
0.0051877997653839
0.0044710541416852
0.0067140198729604
0.0068284006569346
0.0076261098187782
0.0045588893544627
0.0043441502578766
0.0040707123164432
0.0036362821592196
0.003564672150678
0.0075224485504155
0.0077092615763282
0.007766004946456
0.0040383429714059
0.0041469762517095
0.0034845281834957
0.003690533623881
0.0052704057236491
0.0052030262091147
0.0057506047112432
0.0040802593772934
0.0045485675930999
0.0041376367677017
0.0046417571142823
0.0040158147958163
0.0053674844677815
0.0046728202098194
0.0048919368258598
0.003887373145621
0.004727665182116
0.0063893881733008
0.0076021088726473
0.0076178177056903
0.0069563170879145
0.0074757608418251
0.0074200211935178
0.0080470012085408
0.0047783412624724
0.0047486260583363
0.0053917554840033
0.0048305083135973
0.0053680907911779
0.004702374484565
0.0048926116400051
0.0060137062690613
0.0063126266924532
0.0067157363534815
0.0074802824161909
0.0065957650298257
0.00628007462432
0.0062991562554228
0.0065296415208659
0.0059323738171902
0.0057807753562971
0.0056779249463329
0.0054406144762649
0.0053117388806731
0.0052189192251339
0.0051835902739517
0.0052332861208738
0.0051000847612879
0.006097576900279
0.0063476257901505
0.0055821037654781
0.0053563361202936
0.005588697980191
0.0064890978232793
0.0062315321185729
0.0058224220157057
0.0065892773306494
0.0067083686408306
0.0075272711433435
0.0072117194123068
0.0032776358049273
0.0038203293183673
0.0038818484306835
0.0031906465932158
0.0047308420573396
0.0047583113147514
0.0060480879239729
0.0043344051780286
0.0042822391979022
0.0075220530544659
0.0081201147507855
0.008179229760399
0.0076734659214357
0.0073252605447983
0.0075564157256389
0.0078464364950364
0.0043509452155917
0.0047325519389143
0.0041231719711495
0.0048694946862629
0.0048774807258672
0.0042430213951765
0.0041314375264174
0.0046070097012919
0.0042344040771705
0.0035500572469589
0.0036880680518887
0.0063104522106423
0.0059102215555857
0.0058058664404594
0.0058874714533568
0.00568060930107
0.0070911955800993
0.0067657851558084
0.0066593729183773
0.0061330680714198
0.0065677046210671
0.0054997200219076
0.0060217616243032
0.0053626513973572
0.0055213849568521
0.0056313526990475
0.0054575162676455
0.0054353578025587
0.0057433547512026
0.0052924388829518
0.0056366899587068
0.0052471853389108
0.0083470091436463
0.0076473015304608
0.0066747452534346
0.0077953400174497
0.0068542111982017
0.007621958488488
0.0062093258805511
0.0067022631318271
0.0055325508610086
0.0053004275515794
0.0049375084175345
0.0050447722646407
0.0049328305407623
0.0050106257209259
0.0050828797970868
0.0063976419916043
0.0072003586440916
0.0075090254596123
0.0057296489426146
0.0059286835548414
0.0057319615147174
0.005519471329301
0.0055332464700544
0.0054508515113269
0.0056740270392798
0.0053249567838344
0.0051037908044572
0.0050482536142235
0.0051161024278872
0.0051039704608114
0.007473334525845
0.0059881171174842
0.0057249773943382
0.0057720340548115
0.0053067515379007
0.0066641544784045
0.0072364758585219
0.0053733412858712
0.005766344398528
0.0057599540064789
0.0059715918822909
0.0064188842128898
0.0055784892948656
0.0050392784675969
0.0069104115645947
0.0063870761827156
0.0066631504541907
0.0063919121031169
0.0070174127009259
0.0074650505951469
0.0069115833682358
0.0066927847305701
0.0069268729618614
0.0074652875507785
0.0069538722350475
0.0076225366422962
0.0076024072773232
0.0057167867624466
0.0062106942880149
0.0060114983160234
0.0049136508861858
0.0046654598197407
0.0052948024964578
0.0049749812483468
0.0045771365130538
0.0044894517186865
0.005473439974869
0.0057501467786686
0.0060824457652589
0.0063713986843503
0.0052783002475193
0.0052536270050567
0.0045098361144009
0.004957023501507
0.0044209165744779
0.0044925347572351
0.0056737517750175
0.0052438710509034
0.0048786928560155
0.0063118728674165
0.0061327442418555
0.0066898086199662
0.0056916915430611
0.0054963848122227
0.0049549614797857
0.0070604552852783
0.0053051806322099
0.0035818142742837
0.0035503897218826
0.003677670975462
0.0031284533075381
0.0030539762144678
0.0029857336913278
0.0063849924186884
0.0069058549774475
0.0069684211502418
0.006427387281587
0.0060300649853801
0.0060185303276301
0.0055636769468634
0.0055507809618053
0.0058529296423849
0.0073654698045887
0.0064398195524498
0.0063112229697272
0.0046993481953464
0.0052361127437831
0.0045610555082941
0.0048455462796871
0.0052628152153842
0.0051506190096454
0.00465608088167
0.0052720724465252
0.0039960376981422
0.0045113094520283
0.0041363846385541
0.0044058762146053
0.0057441320670717
0.0048194086480468
0.0051960991532462
0.0040163941994621
0.0075029360670249
0.0044220459027021
0.0039405395270127
0.003801510473113
0.00315837001779
0.0031274939436991
0.0036993182364666
0.0072350185481879
0.007281705590577
0.0038106407199231
0.0030309001070645
0.0034900898599639
0.0034747510741012
0.0049722169689344
0.0049901544630303
0.004819657891497
0.0057176955712069
0.0038153591953853
0.0039665886319242
0.0042389558207547
0.0041755151722024
0.0036916865811996
0.0051641273961469
0.0043551865891004
0.003527586888752
0.0037023029543073
0.0041775235458142
0.0060188591714485
0.0066555168600587
0.0070757828883092
0.0070754731269615
0.0043430912453068
0.005005129683257
0.0044119561733354
0.0050280899753612
0.0051394449930581
0.0056395560701314
0.0043227555209028
0.0044450272263324
0.0064917661583824
0.0063514573303696
0.0072517094228034
0.0064672901929561
0.0058349898062509
0.0061698920184698
0.0059415794279402
0.0055380646797054
0.0054367848073175
0.0057700418716208
0.0052714367213565
0.0052712245575187
0.0051006001800239
0.0051191519666231
0.0051208290964927
0.0048199288913281
0.0046449214550418
0.0062187355763302
0.0054160010284032
0.0064345857122363
0.0057011512797393
0.0054302356203104
0.0063158510279776
0.006469591868814
0.0073178580665064
0.0067828582849496
0.0031668778281529
0.0035255891227326
0.0035325210709397
0.0031225937730104
0.0041588384437205
0.0041494928191549
0.0039157390581344
0.0039576820894561
0.0040883791375838
0.0071074145856219
0.0073642437107193
0.0071851096293163
0.0073375855714212
0.0042304802129159
0.0042987807955168
0.0040631670075153
0.003638557339458
0.0043452805520998
0.0046332082863354
0.0048509128483742
0.0042904224586202
0.0039888645518089
0.0042947970427109
0.0043405936938916
0.0039446997225403
0.0033010458525869
0.0034161813713375
0.0034349337413033
0.0054885617694172
0.0052697249342013
0.0053223766658573
0.0054681992180666
0.0050949563301941
0.0064345814083852
0.0062470508218001
0.0054802475006766
0.0061706670440791
0.006223207484219
0.0052453139151203
0.0054138575373018
0.005149321102306
0.0053061500597737
0.0052840652848195
0.0054023544283857
0.00534401969907
0.0049024048996396
0.0053014533193942
0.0049845854903652
0.005328342614388
0.0050568269482222
0.0063400818371864
0.0067557326312655
0.0068228654120133
0.0073168823784939
0.0059718610816396
0.0063500307731074
0.0051929552157342
0.0049699956107563
0.0043507327168411
0.0043304966291992
0.00427408781347
0.0042508786093068
0.0043381171517471
0.0058647825558722
0.0053402022698592
0.0057144925944905
0.0059097440516058
0.0054172634965857
0.0055379532562639
0.0051619202080508
0.0051817525799358
0.0050153974582088
0.0045888542562
0.0046694506798826
0.0046474267808014
0.0047686447301637
0.0057455161462568
0.0052139868289987
0.0056699997911289
0.0052413402575018
0.005992716999389
0.0068185423880735
0.0051020784482439
0.0049862531166795
0.0057571169632694
0.0059437204578062
0.006406074076205
0.0066212055952686
0.0064001185649653
0.0058612762096952
0.0066566938708806
0.0068753905788774
0.0065288192651431
0.0062989509262483
0.0065762649011948
0.0073909182076083
0.0069598734487133
0.0067729369124645
0.0066266170020698
0.007217113030916
0.0057425446514562
0.0055758350264281
0.0042310610273067
0.0042227013444554
0.0048905597741753
0.0041774909473666
0.0039881851331405
0.0040535013460318
0.0041565342262897
0.0050124351284636
0.0052236256376644
0.0058103541119711
0.0059998647306617
0.006656841058805
0.0048601118363723
0.0046951748877122
0.0044409057935271
0.0042400792552495
0.0048885424200498
0.0041195709942189
0.0038665023015565
0.0041649627974792
0.0040727179400295
0.0057326808302799
0.0054160112717355
0.0047840432965315
0.0045187489555975
0.0054319868209442
0.0052187120280457
0.005106306397556
0.0044843139110743
0.0048702102720641
0.0031426678988216
0.0030802669007786
0.0033581113348841
0.0028914683585154
0.0026664327883226
0.0026545337615601
0.0061062746300717
0.0063592331181697
0.0064803875501419
0.006071469282465
0.0056595081058736
0.0056317394445588
0.0055418004635523
0.0059056492586432
0.0062046467349568
0.0061574842004888
0.0063904824843153
0.0045137067299789
0.0048117734528282
0.0043685395855771
0.0045744659184037
0.0048103137116103
0.0047604096896914
0.0044364525241565
0.0049682584379867
0.003682822136749
0.004256046752537
0.0037703272182338
0.0058375993213468
0.0045802135525579
0.0047493329872836
0.0037152485672715
0.0042389129105153
0.0037279869359492
0.003541880772896
0.00291608190733
0.0028516485159704
0.0033745749481382
0.0026707863107936
0.0030006802676631
0.0030652972434312
0.0044612725860929
0.0043981754309672
0.0052762358523836
0.004795865057807
0.0041835163373751
0.0056969626243371
0.0034790700025898
0.0035811555734739
0.0040851065010465
0.0041358393571268
0.0039358295383631
0.0033498123210607
0.0048139056683087
0.003518739736543
0.0033977424865455
0.0055563307380095
0.006286894979396
0.0068217381143739
0.0066195700725539
0.004014996638205
0.0045830562721241
0.0041496325609827
0.0046703215435145
0.0046761975169321
0.003860967184096
0.004374885020658
0.0041728622266921
0.0061627763635302
0.0062806852190275
0.0067527247058028
0.0055524447070844
0.0057939759988437
0.0056285682029667
0.0052493989967792
0.0051916363397153
0.005258434899465
0.0054748792737624
0.0049579620264212
0.004892593122944
0.004654564601674
0.0047116154635753
0.0046958424203081
0.0045284309177307
0.0061507798602777
0.0056639871640507
0.0050913492101922
0.0057910693597919
0.0063922622485744
0.006784652544296
0.0065271733993553
0.0068112282827862
0.0027917920121625
0.0031115602859756
0.0033583638587355
0.0025977097676093
0.0039891981838671
0.0034044772766692
0.0035229196265033
0.0034477882129042
0.006659550111558
0.0068415237705137
0.0067295848080352
0.0068343730260986
0.0040509099569626
0.0041271728705128
0.0036842766115267
0.0034029573513052
0.0034039767623193
0.0042709334408532
0.0042253860814542
0.0043455734689149
0.0044277270744349
0.0040419688564321
0.0035896346462237
0.0036772646456822
0.0040663418285205
0.0039228265097472
0.0035158708359141
0.0032439288965932
0.0026380793303838
0.0031541985341689
0.0050550030504467
0.0048832544065746
0.005087861148262
0.0049369631180455
0.0056940999145022
0.0060898397592495
0.0052896613652664
0.0051748858233276
0.0056518244646044
0.005639238444377
0.0049897003476419
0.0047577181611083
0.0047534324634435
0.0048277494304404
0.0050871080223292
0.0050524499737417
0.0048871599032203
0.0047795244143358
0.0049372108099268
0.0042719620391659
0.004788258995742
0.0042270546304444
0.0062753383348076
0.0065497874563716
0.0055333778951388
0.0047225769744888
0.0042949433048955
0.0040187736652756
0.0041356083622182
0.0041460533697435
0.0040805167319583
0.004085440337941
0.0042650900392628
0.0059989988162633
0.0057379581386213
0.0049348406864202
0.0053303082040881
0.0055954184962663
0.0050324266104459
0.0054375481352568
0.0051029443090445
0.0048685194180524
0.0046549502936372
0.004428198487259
0.0042306418483666
0.0041852571342335
0.0042835074067739
0.005339593351781
0.0051540745654462
0.0050874370091905
0.0068913683244378
0.0052951002034329
0.0044986269283131
0.0045372837628987
0.005631339141646
0.0059843268368004
0.0054989335246343
0.00616125928028
0.0062457431926895
0.0064544401826901
0.0066359707840936
0.0058071377079429
0.0060250031612439
0.0065820836491478
0.0064349044048659
0.0061909977637511
0.0053037037012613
0.0049174894191665
0.0040804991424529
0.0038353053585957
0.0041251236646753
0.0039761317467962
0.0038888015502758
0.0038653971177153
0.0036275350331275
0.0035929267008497
0.0046473298372941
0.0048575821651705
0.0053298768606127
0.0060590382514608
0.0054818216746111
0.0064218566284416
0.004331696594876
0.0045666777788567
0.0041067062605005
0.0039534051104842
0.0040679517762282
0.0042638748330578
0.0039047699351916
0.0039612666473236
0.0034102216356647
0.0037312656253012
0.0035294055151099
0.00359272249369
0.005450459405354
0.0052019916263983
0.0044397370918626
0.0048488471131881
0.0047238581922572
0.0044241456239154
0.0042603418374029
0.0027914398342902
0.0031782679192769
0.0027936350621854
0.0030111674236056
0.0034181024437145
0.0026050941180645
0.0026649981808024
0.0025507832273392
0.0060059552548778
0.0062413683644535
0.006458407846869
0.0057865995992837
0.0056318435373098
0.0052574604263634
0.005198710974425
0.00575648159007
0.0061195317571225
0.0060983003229565
0.0043302497887453
0.0046882963146978
0.0039762458340256
0.0043696357474474
0.0045822144069006
0.0046894030228749
0.004598451292283
0.0051156204652677
0.0037946455154801
0.0039903501383775
0.0035551528102013
0.0042356037952331
0.00450930471539
0.0039433356135181
0.0034776362741207
0.0035248558260718
0.0027421626828125
0.0026151139368885
0.0025639691096824
0.0029757406803969
0.0026805428354546
0.0028823219881065
0.0030909482370599
0.0041629769032074
0.0044237185629648
0.0039441766464877
0.0044383979131621
0.0049268411985765
0.0040890588849522
0.0037906434169349
0.005336200571163
0.0032448307540862
0.003329661690933
0.0033919561265055
0.0034160941017438
0.0037649662703448
0.0038256124222236
0.0042195236842559
0.0036729740923171
0.0030126891851482
0.0049009940181487
0.0031580483868231
0.0051332731335834
0.0057716129296871
0.0065149922266775
0.0035757219104095
0.0043784393220318
0.0041707425800521
0.0037147655700707
0.0045670152215268
0.0035480403285166
0.0041549811334961
0.0042734433972881
0.0037639356018309
0.0057638337957472
0.0061127693489127
0.005844530111213
0.0064591359242698
0.0051610151549749
0.0054646621396729
0.0053389689590918
0.0049188194771005
0.0047533315242757
0.0047777240188053
0.0050627954158019
0.0046143605769014
0.0046152916668236
0.004480753307843
0.0042420219901148
0.0060863547136021
0.0053167318343212
0.0046289352299755
0.0050056914488029
0.0049544145834218
0.0064056508356746
0.0062485355125441
0.0029329591476158
0.0026108236832591
0.0027816114475789
0.0025208543794517
0.0025100243269226
0.0033513229869081
0.0032644672985254
0.0033060628866875
0.0032942994071471
0.0063985793220722
0.0065412780408858
0.0064510664783297
0.0036063504148198
0.0039907888612523
0.0036879591387192
0.0034940499824135
0.003021851032195
0.0029383273270635
0.004119978702682
0.0039673868045867
0.0037442284898235
0.0033021872124136
0.0035420264461873
0.0032891730641121
0.0027191270384656
0.0026574515604686
0.0031247434416828
0.0048995930689352
0.0051655239913487
0.0046802700592574
0.0044072145058755
0.0043294439833411
0.005379975164805
0.0056047073928918
0.0048677770945746
0.0048203122958866
0.0048339596405909
0.005453702480757
0.0054141853598208
0.0042372088074139
0.0042086793238276
0.0041480292561691
0.0042877087059965
0.0048769219375621
0.0046083972412663
0.0045425225752911
0.0045599338668997
0.0042754140240927
0.0041122373526303
0.0041758677176567
0.0041259150739495
0.0058483097899934
0.0062962408611389
0.0049276413208515
0.0043546599991968
0.0041766713636213
0.003782967588879
0.0037899411943679
0.0037638146570876
0.0036077602506066
0.0040600928863972
0.0039006326046709
0.0058348628900353
0.0056337900716151
0.0053394465908955
0.0046775370422564
0.0052601799221335
0.0054540372798232
0.0050297714625778
0.0048349490411618
0.0050176100695614
0.0044506969250499
0.004850175613782
0.0043685917805219
0.0044408621487317
0.0039816752938257
0.003849971949996
0.0040822010820011
0.0038490465554449
0.003914637576984
0.0041241406172428
0.0050243606283827
0.0047457505816274
0.0047254949357085
0.0047355464589547
0.0043431689225015
0.0042029169528091
0.0042735424487045
0.0050863411145854
0.0058995583308526
0.0056138225935183
0.0052896828221587
0.0057555714562176
0.0056721931594105
0.0063319143465774
0.0058371461969201
0.0063025479955241
0.0054287076833858
0.0054855818613538
0.0056228613846599
0.0059801490339236
0.0058330233536998
0.0048236160301251
0.0037043266685672
0.0033985355585043
0.0034236573376458
0.0032798188386285
0.0032484819707922
0.003467538694209
0.0033023171509301
0.003686692283396
0.0031501711987281
0.0045057673988932
0.0042365144339895
0.0047727578382446
0.0046716555825236
0.0050396154068062
0.0060473576761324
0.0057155956963871
0.0054107901617344
0.0041655927051312
0.0042607095729152
0.0044580259189225
0.0036652822401119
0.0037430879704479
0.0040005061630801
0.0036610388947251
0.0037384100221712
0.0030095633604332
0.0034298715725633
0.003241666287308
0.0030834357031531
0.0032747892441357
0.004773376800942
0.0044816354669812
0.0044706716692279
0.0029795382569575
0.0029069066004691
0.0026502048976354
0.0027980896048831
0.0027637367405392
0.0030290225661559
0.0035052234437196
0.002276341032663
0.0025291097305898
0.0023027765634378
0.0022859464588699
0.0055753475234895
0.00618299061245
0.0053855736134512
0.0052149667206454
0.0053180933394688
0.0047321363193835
0.005609281307335
0.0056850502077569
0.0044184790671235
0.0039868176096315
0.0044541376970558
0.0039493133852585
0.0037681287841901
0.0042123222057097
0.0045180229557868
0.0049975917907659
0.0050325890819868
0.003825808429883
0.0036757238085891
0.0033440185342123
0.0042212899701572
0.0035505798292444
0.003116058473718
0.0031805530855376
0.0023705974853497
0.0027478189331598
0.0023114056138346
0.0025547661060189
0.002272149138076
0.0027728293356467
0.0028674203999864
0.0026013680515569
0.0028739600501455
0.0029865154624198
0.0041205610604207
0.0037929261535948
0.0037717976497965
0.0036250307359312
0.0042914978176513
0.0040595775436947
0.0048875279694325
0.0038899149890295
0.003558654095285
0.0030250390523127
0.0030188529386074
0.003105195587709
0.0031154840422467
0.0031331295216733
0.0037393793421343
0.0039583860010207
0.0032525583020302
0.004614150669877
0.0048425983310029
0.0051903023685275
0.0034534642003138
0.0033043394646513
0.0038420544994055
0.0034615733344602
0.0044520727877826
0.0032947905367873
0.0037429249229265
0.003934272169946
0.0034444372624169
0.0055165805377164
0.0057588890652708
0.0048639894469243
0.005158873155748
0.004992293023824
0.0046276721094506
0.0043642526773269
0.004546162314186
0.0057279362536585
0.0053788986380569
0.0045288007420052
0.0042324100108863
0.0045302667440228
0.0048763802025239
0.0059320699573342
0.0058888169791898
0.0028947230671947
0.0023547490969322
0.0027221764259374
0.0022987365008204
0.0023990690983852
0.0030467863399038
0.0031517315665992
0.0036699396659671
0.0031649751237801
0.0035685013551865
0.0036897683045836
0.0030203397811234
0.0028547596596418
0.0025828166143666
0.0038326652607546
0.0037696955831072
0.0030358617859597
0.0030841277442958
0.0025543381470483
0.0027295080198893
0.0043009683805911
0.004913568382084
0.0039942486147775
0.00466942297273
0.005240040303731
0.0053155421068669
0.0044513495163854
0.0043750190391712
0.0049872565241685
0.0043280669740485
0.0048980776662682
0.0052481259646546
0.0040894305242569
0.004161347744702
0.0038805497731762
0.0040177853570835
0.0044013481955043
0.0040960755132582
0.0039539699647107
0.0038340148908648
0.0039261444434796
0.0038316070300945
0.0056670256800233
0.0058961834184925
0.0046767589237511
0.0039420086622558
0.0043395894931937
0.0039674527649663
0.0039580288328126
0.0032896511107786
0.0035873493444584
0.0032486993413666
0.0036618660582129
0.0032464432350539
0.0036789686213336
0.0034145437088778
0.0034204437577156
0.0054920282987903
0.0053911843530042
0.0050270804676305
0.0043736462297177
0.004554611566496
0.0049151747982764
0.0050310579250285
0.0048328699016007
0.0046404167267015
0.0045793844012883
0.0046558092103006
0.0041424436778586
0.0045094215017728
0.0039834156411923
0.004007230180994
0.0036778871433635
0.0035752045854744
0.0036960833608798
0.0037356486421388
0.0034469696096946
0.0036122025997312
0.0038090783013413
0.0047200240136101
0.0045634507803198
0.0046587311652725
0.0040756563502125
0.0040769011528011
0.003808382164261
0.0050998808508077
0.0054904999071587
0.0054359173696315
0.0048999726032674
0.0054951790864941
0.0057018412899569
0.0060255149147144
0.0056882831498584
0.0051949280671567
0.0052648229779925
0.005173672765378
0.0053597378357359
0.005501583705017
0.0055953447242959
0.0043744118918576
0.0032328861506043
0.0031306238574451
0.0032159261026187
0.0031298339515659
0.0032068811834414
0.0030956021138312
0.0030371551790501
0.003318525128
0.003004876154768
0.0027752249470913
0.0040832142938372
0.0039301957145826
0.0045978503002005
0.0043932154425145
0.0050516315839535
0.0056936796050304
0.0054891469921689
0.0038676016435387
0.0039562624847777
0.004051706682764
0.0033070957725611
0.0034480827381287
0.0033201188309319
0.0033565250377182
0.0028426471522075
0.0027264063737675
0.003156832134473
0.0028866204791616
0.0031214521326401
0.0029558116286727
0.0041579639914482
0.0041756809544769
0.002728842051646
0.0026759761210082
0.0023075052862949
0.0025825403923899
0.0028403093983328
0.0031839931980663
0.0022281189081308
0.0021401060750874
0.0020435779517964
0.0053920865870057
0.005354993460844
0.0045660687976428
0.0041267601633788
0.0038601695207941
0.0040809474022369
0.0037774120789309
0.003650627688227
0.0042126687405082
0.0041376802409624
0.0047230114344326
0.0047915880227543
0.0047856206187845
0.0035618603607915
0.0034689788054323
0.0033429014706123
0.0028837883912471
0.0030715543104421
0.0021835554394376
0.0023761902849782
0.0021516462148036
0.0023230631833196
0.0020072790336716
0.0026242037415805
0.0026746674092398
0.0022891504635513
0.0025813137052915
0.002655807278949
0.0037897141898959
0.0035628971842771
0.0033138825965747
0.0031359667539918
0.0040157994434617
0.0037452033105025
0.0049646476283008
0.0031156625584998
0.0026620317550524
0.0028251573136092
0.002812468141304
0.0028384871174625
0.0031183926785228
0.0031417066414154
0.0034564794588392
0.0036993045912521
0.003787383216423
0.0043125469081703
0.0044620880198788
0.0032020645261227
0.00312738776834
0.0035375980301516
0.0032712005729582
0.0041283305285617
0.0029026916622466
0.0036600713207672
0.0036790415860325
0.0038769188597596
0.0030986366045749
0.0055347484331062
0.0046657060755944
0.0048409009792386
0.0051397399321039
0.0046989461180414
0.0043078994580247
0.0040754015443219
0.0041139130656607
0.0050538832697281
0.0041942365592841
0.003969684666789
0.0042651345648392
0.0043984287593827
0.0057079115161755
0.0057248581137368
0.005639968274067
0.0027775230170786
0.002073625249565
0.0025369744857783
0.002014131912497
0.0020281268244429
0.0026301104914127
0.0025357487686051
0.0033182532647749
0.0032099657791667
0.0029956205257742
0.0034204182115666
0.0034649015010116
0.0028992634903425
0.0025141279472295
0.0023842717290949
0.0036684623556373
0.0038490795790295
0.0034940070844073
0.0034198575482343
0.0026848165326387
0.0027410669046803
0.0023460165249414
0.0026308049554814
0.002537361589068
0.0039580701499664
0.0043877100168034
0.0038144735735839
0.0041475754585506
0.0046951238995833
0.0042981367862552
0.0039976318544952
0.0039860201489203
0.0043476021417087
0.0046444938372531
0.0043752599413823
0.0039345609007815
0.0047010939643693
0.0037264365165401
0.0038109439980389
0.0039436685945888
0.0034773877500546
0.0034155106941366
0.0040178754720711
0.0034573646590526
0.0032768613381719
0.003521764257056
0.0032754807861854
0.0054027680949455
0.0036921867464812
0.0043445168423545
0.0039961608994076
0.0033755753207985
0.0035387442540204
0.0030998322814109
0.0032508921969172
0.0031452004362666
0.003266835582692
0.0031346407708205
0.0035344658182684
0.0033280895777884
0.0033247493529795
0.0032451708758676
0.0051114253660823
0.005433007629594
0.0049853512510077
0.0046958355942639
0.0040377124583749
0.0042285308795861
0.0046804741940455
0.004841385616825
0.0048160621665826
0.0046529240740277
0.0046054918691155
0.004321470314523
0.0042643260405233
0.0044070675496216
0.0038807764412173
0.0038605782298418
0.0042210383650211
0.0033905596958795
0.0032370317439075
0.0032658646307781
0.0034556038920451
0.0029135692777816
0.00358594513365
0.0032088434386356
0.0034672164071967
0.0036876162810517
0.0044628719850746
0.0042299259767592
0.0044199571357478
0.0044579418815329
0.0036529848144209
0.0036322996518065
0.0034816811751363
0.0047557881304314
0.0049664610325774
0.0053685463585187
0.0054676922830232
0.0047967779696585
0.0048437430926695
0.0047212384837205
0.0049327301017995
0.0050368432457294
0.0051267960271372
0.004020709011799
0.0026457282355337
0.0027291562996847
0.0028685454179551
0.0029302905705859
0.0027614749037044
0.0026582859077365
0.0030751292722322
0.0028500244072703
0.0028467999266811
0.0026439781904103
0.0023859630899835
0.0039354846680494
0.0037937258363036
0.0042523619073657
0.0044306864176488
0.0041546178982206
0.0051237147679773
0.0047398433847058
0.003765953604833
0.0034868456906745
0.0038220158441167
0.0038720222405065
0.0031513966927105
0.0032020451805688
0.0034872052434278
0.0030439662539837
0.003112222904221
0.0025655961093527
0.0025555665542744
0.0024469465781711
0.0026935515861328
0.0026105112634046
0.0026882496683338
0.0029688092531404
0.0028871210274342
0.0025087186260396
0.0038658689581629
0.0026763968249165
0.0023548836202911
0.0023615971667755
0.002265051262816
0.0025747815352346
0.0027010819620902
0.0031328393954753
0.0031623532507395
0.0020328610001499
0.0021224590205346
0.0019171498965482
0.0019419546885835
0.0050097407702586
0.0043892137874987
0.0039581409606275
0.0038368007440948
0.0035267557882381
0.0033464201277287
0.0039296097727946
0.0040153190204364
0.0043681993846441
0.0043547653774714
0.0036204157753492
0.0029908735150647
0.0028460711763392
0.0028352883876917
0.0020461976049929
0.0019506031656793
0.0023417298673583
0.0019298742949992
0.0023947480732497
0.002048457859741
0.0021837493576171
0.0026896033234993
0.0023009297507366
0.002464431903755
0.0038078613644106
0.0033289244777744
0.00336785881085
0.0030205080340046
0.0033810111516542
0.0028904018382747
0.0030660450882645
0.0036352884533928
0.0034580665130504
0.0044481218877035
0.002468925990249
0.0025686105320329
0.0025457364568257
0.0027307839511264
0.0028559718844985
0.0025823587002651
0.0027995339777135
0.0032636788699912
0.0034741712270256
0.0034212626176106
0.0037801931778464
0.0044347299050043
0.0042014923109981
0.0027793458513651
0.0031142885374678
0.0026684195352916
0.0033476080641498
0.0032585005476209
0.00287515751322
0.0040101154687594
0.0026903248298836
0.0036102896319378
0.0036337567591716
0.003284694668711
0.0036897288009771
0.002718888751303
0.0041861745370064
0.0046282523633142
0.0048211190070141
0.0048493115760959
0.004309308780241
0.0038878480741811
0.0039453058584905
0.0047552157572696
0.0041260511436206
0.0036257320891139
0.004243782103095
0.0039755522657691
0.0044394559985543
0.0054962979793489
0.002593143736762
0.0019534714755238
0.0021318932791918
0.0025886667158488
0.0019290588735721
0.0020780912497387
0.0024677645406448
0.0025244993279205
0.003057279101706
0.002643787041749
0.0029611735347883
0.0032900020944585
0.0031105786471136
0.0022523916912283
0.0033163460568702
0.0035476670431601
0.0033754632708594
0.0031876388675751
0.0031798280311685
0.0025340705403299
0.0019993139336836
0.002416968954756
0.0023741613047693
0.0041445151128677
0.0043559017719206
0.0034308366813552
0.003485145537038
0.0045761151682118
0.0038648916537619
0.0037744279896414
0.0040030152142402
0.004409028972403
0.0044798894480079
0.004044449438772
0.0035638853554263
0.0032336988663765
0.0033714815351781
0.003327542781646
0.0033574180230555
0.0031788035515132
0.0035787270426041
0.0033199911959163
0.0031581247108883
0.0049531535803599
0.0033805646685608
0.0040331678303756
0.0038237624525599
0.0040101473874701
0.0032248799076408
0.0033402509745246
0.0026470388233624
0.0028183333437712
0.0029012023283007
0.0030520506070941
0.0026703837325895
0.0032167845047339
0.0031187410410635
0.0031497211204511
0.0029046559382095
0.0048489879133965
0.0050283089620675
0.0046284309139908
0.0040487212083664
0.0045985076859092
0.0046352795810062
0.0042491792257677
0.0048468558824313
0.0041780861576977
0.0042690856480585
0.0040447497661922
0.0039996038337173
0.0040860340838145
0.0034823196874022
0.0037704552192481
0.0034651646412013
0.0039450080202941
0.0030532860602466
0.0031338272596772
0.0029767550857063
0.002858182880021
0.0028744111970952
0.0032846412744642
0.0029424624732108
0.0032325200985861
0.0033758440655713
0.0037987143164139
0.0041253225452687
0.003901010457519
0.0039688655659833
0.0047286993045723
0.0040048764166053
0.0035476645329782
0.0033934083761681
0.0032843356240696
0.0049672432388492
0.0050510319275279
0.0046577492528191
0.0046656911800896
0.0044247819332648
0.0047683622893782
0.0048538347471349
0.0035322332527883
0.0025711654167655
0.002553376984018
0.0024627191242583
0.0025376682789574
0.0025440493770912
0.0024347993576863
0.0032428851743512
0.0026462525602636
0.0027887670593899
0.0025076144831969
0.0021536171255645
0.0023963685085832
0.0020295292180222
0.0036921563309141
0.0034583691376221
0.003965463944854
0.004047401754815
0.0041343999895443
0.0041775933437536
0.0038855794212456
0.0034279615637919
0.0031429695260898
0.0037301540572691
0.0028459271934986
0.0030024782585157
0.0028646872290955
0.0033777897503363
0.0034833005767323
0.0029242257763136
0.002668018614602
0.0029994217622333
0.0020971789746278
0.0025293095505193
0.0021205926848499
0.0020446764241316
0.0022328613678258
0.0024433616333067
0.002644335270629
0.0026222731401597
0.0024161631006422
0.0023137984569483
0.0021642118113353
0.002179132765206
0.0021333547712958
0.0023051395344902
0.0028934110704033
0.0023496214403456
0.0031097593465047
0.0019407406877586
0.0016693247792137
0.001818198871421
0.0047039185007495
0.0040298309436177
0.0038551946819835
0.0037738276250377
0.003486672917578
0.0032893076649047
0.0042265236861126
0.0039443986132016
0.0034631697125752
0.0034024273465151
0.0029520848627175
0.002591781442972
0.0026021811847711
0.0029958552161153
0.0017220281495892
0.0019638722388411
0.0016557797161991
0.0022082741705193
0.0021557558335312
0.0016517781695281
0.0022810302796064
0.0019131310543957
0.0021584383385574
0.0024398126053886
0.0022167090483688
0.0034588326396158
0.0038307681794151
0.0031722673548864
0.002643507241556
0.0029338358237485
0.0031283402178853
0.002628057236941
0.0027981711762671
0.002947912500715
0.0032778543103876
0.0033516561968419
0.0036414550487983
0.002222892672882
0.0023503327674818
0.002302563887385
0.00239055516957
0.0026596873252554
0.0029507576787338
0.0023830868250477
0.0026282781515872
0.0031422780898613
0.0032677985695011
0.0032836864642721
0.0034655465545853
0.0041575025038967
0.0026330817109766
0.0026942935782043
0.0024653626474016
0.0024908907944799
0.0030773751893345
0.0030582918617672
0.0027121338639853
0.0038213169109405
0.0023871345557378
0.0025409805411628
0.0033199683534288
0.0033428492450854
0.0030875645838791
0.0034202489894869
0.0025728562636285
0.0024010910183794
0.0039567066919608
0.0040207408380569
0.0043042153742899
0.0046176038978619
0.0035292170120274
0.0039041847260276
0.0035431419149125
0.0038885044673032
0.0043710162183713
0.0036467608386223
0.0050782511428212
0.0022869094868282
0.0025819765050006
0.0017757958066549
0.0020151165594158
0.0020262573540094
0.0025876293574501
0.0023012791366878
0.0017909635738075
0.0019285375025873
0.0018947054267343
0.0023137635188474
0.0023407628023585
0.0029911626116882
0.0027812054716058
0.002493884282182
0.002654299985864
0.0033554307401227
0.0029076206028527
0.0028090648024635
0.0019773433151252
0.0021217185871846
0.0031984401544223
0.003360479017705
0.0030886183166918
0.0019065026505518
0.0019757048167677
0.0020217072123458
0.0041187066105704
0.0040930261727205
0.0031084563246154
0.0033863383659112
0.0031142236020972
0.0042619443164762
0.0044202489638169
0.0037557367317801
0.0034435059922883
0.0034072310557583
0.0036724931766373
0.0040856081781939
0.0036511159076247
0.00310336139635
0.0031565081157479
0.0030894802489913
0.0034037916018369
0.0027592278753746
0.0032970823717257
0.0047638839458326
0.0031518982363043
0.0034461363240999
0.0040520362388627
0.0037978034722079
0.0038482278807459
0.0030370770286663
0.0030901273368787
0.0027230005694786
0.0026622869661415
0.0025012168682613
0.0025898687568709
0.0027076858330529
0.0026928817261913
0.0026960060368788
0.0026387390253889
0.0026200101405964
0.004265633116781
0.003819701513572
0.0042069054383531
0.0040489600990097
0.0046419380799002
0.0040006056981164
0.0040675801789894
0.0037697761127189
0.0032620516496684
0.0034318295241723
0.0032526514281125
0.0037060344290766
0.0028797289902371
0.0028668313276119
0.0028888845437425
0.0026650805259001
0.0026462558339369
0.0026060133281883
0.0028571725765555
0.0025988917775523
0.0030115744242323
0.0029496824272858
0.0030882361515548
0.0032633152848875
0.0035004567550282
0.0040270484641839
0.0037414637497278
0.0038795549086196
0.0045392550025556
0.0037739842282404
0.0033139531238843
0.0033879565260479
0.0032315009517312
0.0043395530333061
0.0045093879789588
0.0044121847925615
0.0024383703504511
0.0024133793012638
0.0023915674998248
0.0022449800703851
0.0030609930992781
0.0023999978070158
0.0025291174946915
0.0021775975679581
0.0021033438883613
0.0016704081658382
0.0019305665698537
0.0034092590769804
0.0038209493237739
0.0037801937435182
0.0039252090804456
0.0042932370065677
0.0038228362070195
0.0038570781499104
0.0035807960458221
0.003183183065218
0.0028798115105611
0.0026970109429463
0.0026405860374501
0.0028974550735609
0.0032943961743867
0.0031192018510939
0.0033348032936019
0.0024799562699477
0.0024302590126353
0.0026124222627344
0.0018909394356735
0.0019938432282578
0.002271018946263
0.0019520994347399
0.0020072198030489
0.0022324180264667
0.0022646880309685
0.0019480556861204
0.0022965840606842
0.0024018873525267
0.0025799250064313
0.0024578708658868
0.0020483214731085
0.0023273199141622
0.0021564418568035
0.0020354938564343
0.0018735498765866
0.0018790720500186
0.001866142590036
0.0018630293222534
0.0021911218702441
0.0027031764724852
0.0023801752435069
0.0028453033445908
0.0018107343617163
0.0016981344357518
0.0015610518550083
0.0015509439065488
0.0017447140838521
0.0034952965034924
0.0034091044025692
0.0033659834152716
0.0032413789853209
0.0041575620424925
0.0038244886283741
0.0032588949104878
0.0026884210327813
0.0022983258537091
0.0025426129002514
0.0025798553908528
0.0027758408204602
0.001583464765292
0.0017824880634943
0.0014119927191121
0.0020654114289717
0.0020878360925679
0.0022080918936163
0.001787660484359
0.0019446245379939
0.0023460342727429
0.0019565786800155
0.003290151888143
0.0035384347909157
0.0030848087628455
0.0023138450628464
0.002455435695746
0.0027348165512805
0.0023140087791609
0.0025349544874548
0.0030548265454361
0.0025952088835076
0.0031219726708914
0.0033869000906632
0.0019563787657231
0.0022562227569382
0.0021022853089625
0.0022000650733432
0.0027355550784378
0.0024544661231902
0.0026098387332701
0.0021479417575076
0.0024049563252184
0.0028086713448033
0.0031965450000984
0.0033362257193538
0.0038122201012807
0.0024758439713492
0.0026059989050174
0.0023002268352111
0.0023254307237099
0.002348513532772
0.0028412313869453
0.0031145343824727
0.0027931563307669
0.0034539495750214
0.0020058098162838
0.002540564531847
0.002255972680109
0.0031812385058487
0.0027727921059586
0.0022345153049283
0.0021188949777695
0.0038564064469011
0.0041173094311129
0.00328949826834
0.003502140734868
0.0033015631838489
0.0038254922868455
0.0035455901585321
0.0041287668957364
0.0021772613816194
0.0023132696118976
0.0014928861825133
0.0018565291151414
0.0017901678346358
0.0019283093596157
0.0019099682961655
0.0023239730526486
0.0014928723217686
0.0017612337042194
0.001937250757864
0.002013774083942
0.0026889140315757
0.0025847483936473
0.002221718849431
0.0025322787930625
0.0025972971884565
0.0030500020171017
0.0027466322245231
0.0026710271421939
0.001867288391133
0.0021709812146265
0.0030685153826473
0.0027957887978406
0.0017716967735634
0.0018555376469307
0.0018712380725653
0.003716204444485
0.0036982333392851
0.0027927223348267
0.003047913330637
0.0030093460299906
0.0027306613013365
0.003830475751874
0.0039649577153695
0.0033623373522692
0.0033805753644751
0.003074285956383
0.0035848687124236
0.0038329620459587
0.0033998396817905
0.0026549256535164
0.0027066338350804
0.0025949288179077
0.0030129547798315
0.002525353529098
0.002603749884095
0.0028855420132184
0.0030671528713562
0.0034292254182498
0.0032380742210088
0.0038331308164675
0.0037170444852076
0.0035088994805349
0.0025521493405115
0.00269137293172
0.0024760539858224
0.0024150917486766
0.0024019236602382
0.0024745618396409
0.0024487285566947
0.00256064607062
0.0024516738849741
0.0035036990792702
0.003983980292551
0.0042727117716025
0.0039081517854817
0.0038823431890517
0.0037727024170496
0.0035152619054364
0.0031375921111483
0.003396849044378
0.0032948739613703
0.0030002808858661
0.0028601709141767
0.002502138542738
0.0025512040825006
0.0023351923729177
0.0023422697429705
0.0027090034106935
0.0022885054487916
0.0026445301379516
0.0024406800191182
0.0026754205444309
0.0031400958180253
0.0028338689679856
0.0031164993363815
0.0036500910258901
0.0034856828483407
0.0041462409267582
0.0035030340578715
0.0030581760651836
0.0030965383621126
0.0033254232395245
0.0029392145392645
0.0040197128553501
0.0041210627972392
0.0041067263965724
0.0020525742183262
0.0020721623240461
0.0020255687393535
0.0020494527302844
0.0020226571444648
0.0031954519724312
0.0028000034805184
0.0025452609768263
0.0021406016958902
0.0023717688933191
0.0020141600845711
0.0016163135158168
0.0014855127931207
0.0016046788336975
0.0014919156519508
0.0031358075319736
0.0032910102237646
0.0035288327174727
0.0034977909190562
0.003552750404339
0.0035830612860317
0.0035949119309551
0.0025278603213436
0.0024606641091462
0.002640023009375
0.002394046209813
0.0026515950712413
0.00305817948748
0.0024275708929242
0.0022204481473498
0.0015998279643802
0.0018035581547929
0.0020183343430845
0.0017881130573807
0.0022106739086035
0.0019777007637877
0.0022555529154302
0.0021271623172618
0.0017650905199054
0.0022548581097112
0.0019966860642359
0.002246699683278
0.002361217758607
0.0021556572586216
0.0021803478085427
0.0020646619610785
0.0018697184778753
0.0016370507886323
0.0015396624177696
0.001858801998804
0.0016183145183353
0.0020884586611703
0.0026531615905788
0.0022237802650111
0.0022230894738783
0.0029442056118485
0.0026736889961164
0.001572056353558
0.0014493674456256
0.0015002349507972
0.001425653546295
0.003285688861853
0.0029966346115123
0.0029867692144009
0.0038239909180559
0.0037990567159221
0.0035249555338942
0.002232929121356
0.0026472013579736
0.0025925504572934
0.0023542535273629
0.0013837785422476
0.0018671501835863
0.0015273154200244
0.0013186176971098
0.0020407761758827
0.0019114164137896
0.0019946132926771
0.0015970805860863
0.0018368190855693
0.002112993944345
0.0031641373434209
0.0031101249143774
0.0035301645162701
0.0028278282783968
0.0020437113996781
0.0023401777190274
0.0023313749064087
0.0020476839518921
0.0024805762484549
0.002226210148977
0.0026534635176929
0.0032089776191534
0.0027260976636187
0.0031187477659457
0.0018868317797824
0.0019668296850457
0.0020164405873926
0.0024166641404678
0.0022128638031135
0.002677334814462
0.0019050115018303
0.0021858884888378
0.0029600002914992
0.0036626820869492
0.0022158826661581
0.0024215785208234
0.0019975428058256
0.0021038195306974
0.0020570146411261
0.0027053037196181
0.0028558544977355
0.0033247664828591
0.0018735542294255
0.0020090306014727
0.0018526982159754
0.0022738656218105
0.0028693966840025
0.0025372582008402
0.0020442243927425
0.0022285012131426
0.003567824037709
0.0039686372870453
0.003057739695924
0.0033746289811011
0.0030347445626175
0.0034768114922674
0.0033012026167054
0.0023706342869807
0.0021337195436071
0.0013401881933963
0.0015208686852334
0.0015378979865359
0.0016906722354373
0.001678687412831
0.0023161772061277
0.0013976803237762
0.0017269282091754
0.0014830870841776
0.0019078694742874
0.002571298654811
0.0025710022109705
0.0019728252665782
0.0022791911465962
0.0024786329892282
0.0027981012321343
0.0017872660580008
0.0016632931928064
0.0022877932963144
0.0019964670649083
0.0027439813008142
0.0026574826491572
0.0026701902707875
0.001485561161587
0.0017335340836139
0.0023852542330953
0.0025157058106542
0.0025859890736964
0.0024927699352014
0.003724738343841
0.0038335045470542
0.0030290944156108
0.0030958377903865
0.0027402824568429
0.0032076688602154
0.0031051749387127
0.002563536921755
0.0024411718495276
0.0025300641382055
0.0026439838892965
0.0023689099630279
0.002655010360603
0.0027930378253341
0.0032220887757943
0.0032762538786694
0.0035373283062698
0.0037610573268404
0.0033493906851248
0.0024697829281086
0.0025543819547638
0.0022464746067424
0.0020356761219094
0.0020288280747981
0.0022493734051
0.0020926275645588
0.002366011808127
0.0021292552384372
0.003869959008294
0.003562334082727
0.0035170746184602
0.0034509873599446
0.0033037606124553
0.0028546184021651
0.0031291711976424
0.0030828897188623
0.0027652614083835
0.0025655089678631
0.0024385602490516
0.0022562441881393
0.0023156489916821
0.0020886278028712
0.0019801124295678
0.0024925419050108
0.0020389408096008
0.0024894801550095
0.0024341349315209
0.0027949496988583
0.0020757685613765
0.0025283994175818
0.0028486429283685
0.0026722587585366
0.0028395869317408
0.0032905390430972
0.0031833473941528
0.0031841413079769
0.0030410187354036
0.0030154005365403
0.0028378343671377
0.0027393652896608
0.0037577401380216
0.0019803546957567
0.001898402101252
0.0018642492477966
0.0029353842464318
0.0025935179507577
0.0023817654083986
0.0025801208291776
0.0018557817586644
0.0021570672321547
0.001517820416661
0.0015077717834007
0.0013069771171076
0.0012989122712415
0.001503196483505
0.0012931970685478
0.0030416515498786
0.0031846946682476
0.0033673952979524
0.0034139176327044
0.0022947119511498
0.0023214186060421
0.0027234741986589
0.0024032279374189
0.0021827133722355
0.0027879823865309
0.0023706647602733
0.0028641264112198
0.0022205359294273
0.001923794660513
0.0015234222086717
0.0014047292925328
0.0015046357430991
0.0018724111240251
0.0014942557233506
0.001930922806578
0.0018160384467345
0.0019989012413383
0.0020007363564853
0.0019056664421059
0.0015647955154491
0.0019931045383261
0.0018442625767366
0.0019750833079943
0.0020786165871104
0.0019818433007054
0.0020307799249767
0.0017417966874546
0.0015954374955389
0.0014948068861397
0.0016230509044925
0.0014033668132316
0.0016124635400896
0.001481192809973
0.0014839312227574
0.0017556910098757
0.0027896978774858
0.002369599205991
0.0020938777675492
0.0023525247877082
0.0021032947098752
0.0027641516536327
0.001435740120077
0.0011243690578759
0.0013151809935049
0.0012664786665869
0.0033089199826186
0.0030010289924576
0.0028401751280292
0.0028398221025399
0.003545228418819
0.003515399471588
0.0021019221284015
0.0020966970365163
0.0026863347846539
0.0025198588919792
0.0023209174992364
0.0021840916041949
0.001076226538285
0.0014091248684684
0.0013720595896962
0.000987696466879
0.001847637045442
0.0018478396381816
0.0016121957029853
0.001743346660323
0.0018835795331231
0.0032983050366066
0.002768550798324
0.0028421443993172
0.0033453936339635
0.0026705726210754
0.0020420586382351
0.0020448111114377
0.0020718986761122
0.002212464078794
0.0024249344931575
0.0020273051286803
0.0025615802187554
0.0023853774265745
0.0028464190612667
0.0033444915230873
0.002599626606056
0.002769467234101
0.0017868941796586
0.0016813373372466
0.0016794610859316
0.0021919647792823
0.0020356179832625
0.0025373451706157
0.0018308531997763
0.0020247667257146
0.0035512238684362
0.0020993503931334
0.0019823046814835
0.0021766777731207
0.0018425879149861
0.0019172762661767
0.0019706255479872
0.0025217386527238
0.0030481100234335
0.0018272516416658
0.0018618804644411
0.0015543347662707
0.0017908319526773
0.0020777613058094
0.0022866773204929
0.0027686626585475
0.0025634336631277
0.002028443234695
0.0021861724338153
0.0034462160060344
0.0035886875823678
0.0032595062443546
0.0030615089220967
0.002804083919833
0.0029229717669594
0.0033136929458131
0.0029828251187102
0.0021806625991292
0.0020355254274322
0.0012187686024096
0.0012340544009919
0.0014493681250781
0.0014462175632536
0.0013396330157269
0.0015321106440026
0.0017294885581267
0.0021221271323534
0.0014866962813334
0.0013886364464952
0.0017301905111256
0.0022885688958702
0.0026171764879977
0.0018874334420544
0.0020766122636512
0.0022388770724765
0.0015385934336021
0.0017568953858995
0.0014718814932002
0.0020861872230732
0.0019692986695892
0.0025985193823072
0.0025494518250063
0.0013839694790592
0.0014627484178378
0.0017113441279802
0.0020993448416804
0.0021114891030225
0.0024193310276036
0.0020424163793187
0.0036365599961051
0.002706102640174
0.0027676135128681
0.0024862011280153
0.0030481073570162
0.0027965759276236
0.0021853742702592
0.0021481977387046
0.0023888801389198
0.0025230549201259
0.0023617813429427
0.00197960743161
0.0025079136076805
0.002640378233005
0.0027717272240714
0.0031871325002705
0.0031228602906784
0.0032717505026446
0.003373216779985
0.00215988228227
0.0023484911480632
0.0019268461811281
0.0019134237434582
0.0019368675781467
0.0019573718095656
0.0019525287383662
0.0035171347581869
0.0033495795526695
0.0033458180795951
0.0033171297715157
0.0031077866216494
0.0030579025014847
0.0029562775831202
0.002799549790367
0.002509952913496
0.0021786590985313
0.0020767620255398
0.0020430065459696
0.0019087721609591
0.0018853953778971
0.0019395443266175
0.0017979878276319
0.0022358633720844
0.0018799449670361
0.0026321433516385
0.00213499724812
0.0021076162512931
0.0019384790262374
0.0019137247490347
0.0022545438222424
0.0025748616773557
0.002819030738748
0.0031766455232916
0.00310825587079
0.0029824205359432
0.0030016714193396
0.0025842197422045
0.0025009092532822
0.00349047156883
0.0017041980720075
0.0015672054857931
0.0028564047982112
0.0024127756472747
0.0026016127693022
0.0022879170668312
0.0024049378315586
0.0016976901028991
0.0019199811528319
0.00129119013393
0.0013254145052076
0.0013313809959456
0.0013638243194312
0.00098646146994343
0.00096505668839577
0.0010530972682196
0.0029770666864344
0.0031126519503774
0.0030686898912711
0.0022133531170249
0.0020253256009905
0.0022934664018651
0.0021215435317142
0.0025883197422209
0.0022130241604032
0.0020080067216518
0.0021868144052576
0.0026560942655414
0.0024239244029934
0.002766977898263
0.0019300180157794
0.0018616985505362
0.0013508178583005
0.0012705634818379
0.0014132278696049
0.0017266738494194
0.0014153987781374
0.0017624469658013
0.0017468955772498
0.0015914829760675
0.001784668604
0.0017878699084169
0.0016029195344075
0.0018700635732398
0.0018010052168634
0.0017842872328733
0.0018296736608651
0.0016627371717497
0.0016525180026605
0.001473562397266
0.0013676978816563
0.0013406324750139
0.0016022211380951
0.0014465590485517
0.0010703242068965
0.0011716054255133
0.0011515686123146
0.0016417181674581
0.0025387956320902
0.0022583406182527
0.0018586511761555
0.0022287823917856
0.0018884838601264
0.0025533173546983
0.0011145649900285
0.0010164377398064
0.0010868427376818
0.0010319200353114
0.0029969293236552
0.0027422341529016
0.0025136263195817
0.0027101496944295
0.0027005450974879
0.0022650598676821
0.0019718130071751
0.0025813411835825
0.0023161854346364
0.0022216605425839
0.0020494558913007
0.00090948297290294
0.0013075939104848
0.00078875544814412
0.001776151620246
0.0016009759900631
0.0015571336174005
0.0029708891783894
0.002670709981954
0.0026432304309241
0.0030204135080958
0.0025003338438583
0.0018083308343626
0.002084160658947
0.0018229832418073
0.0020519245362137
0.0021734490795502
0.001803158997546
0.0022836985834236
0.0028701748789872
0.0026941814349998
0.0031312148410296
0.0025148922125078
0.0023264431664785
0.0016129487781216
0.0015112934271317
0.0022493106574107
0.0019028144569734
0.00165179324764
0.0019709129953749
0.0032498072586071
0.0021527054607563
0.0018776212117452
0.0017962390566465
0.0017826915329107
0.0029509737403547
0.0015525361557705
0.0016409265571128
0.0013841832831547
0.0014764390224164
0.0019855691834091
0.0021444252286113
0.0022645884662771
0.0020253567502682
0.0018186634483775
0.0019565297572375
0.0032367101714967
0.0029570926590657
0.0029340486023447
0.0026876460892373
0.0028122203048217
0.0029971608807625
0.0028414176131767
0.0027973633708269
0.0020875735246321
0.0010069834278935
0.0012485623280476
0.0011706694758209
0.0010217507046025
0.0012325449170153
0.0013843133882726
0.0013129291978152
0.0010672259313123
0.001489267270711
0.0016093352190096
0.0015891509421503
0.0013728938650407
0.0011890841387141
0.0014288029804341
0.0021447190481275
0.0023455035750463
0.0016150520705536
0.0019721440133736
0.0016378715644548
0.0017348798149167
0.0014371515130635
0.0012656620315247
0.0022512815170288
0.0020054907181337
0.0023136113883697
0.0012609348594534
0.001469208862126
0.0018717133226543
0.0021144203426033
0.0023438368862741
0.0021416367806138
0.0033372741296551
0.0024165683630885
0.0026292686603583
0.0022400857579746
0.0028077314345903
0.0027967786044999
0.0021345699654665
0.0019077233005378
0.0020185183653002
0.0020327232631907
0.0018886585076874
0.0022831335684495
0.0026189283231528
0.0027229962944247
0.0030211152648337
0.0031342178920796
0.0021320491970691
0.0019221942473919
0.0020991792845228
0.0018341935972353
0.0016519339810965
0.0017751592901504
0.003214829539633
0.0030666365239363
0.0030141429392498
0.0030489230196406
0.0028630821248371
0.002953548511917
0.0029104960257954
0.0028691657184567
0.0027248427139392
0.002645716567465
0.0027097144960443
0.0020569471966606
0.0021162176241041
0.0018593282895055
0.0018124838729462
0.0017224868247065
0.0018281438836522
0.00166537779708
0.0018399126519247
0.0016741008233728
0.001606970183482
0.0016597594397866
0.0020159852461125
0.0024158652610095
0.0019682181318791
0.0021367105286689
0.0017649794194029
0.0016906375606831
0.0021697512581613
0.0021457882589285
0.00233889242908
0.0027372616042457
0.0028797968010419
0.0030202638538389
0.0028658640818615
0.0028038105567906
0.0024937257789511
0.0032686806139897
0.0014554101734169
0.002757980699968
0.002320233012694
0.0025219086772747
0.0020400940059965
0.0022600117165739
0.0025403325641005
0.0016833163407305
0.0017711675043985
0.0014600614305818
0.0010394233793781
0.0012207938580642
0.001024969860048
0.0011209781044343
0.001082838712593
0.00087897054680526
0.00088629273234971
0.00075843638104403
0.00092932599173084
0.0028567416282759
0.0019063225718866
0.002204451144705
0.0018112579553592
0.0020358396395185
0.0018717952790967
0.0023640064790665
0.0022065206154874
0.0017952648781736
0.0020141714184759
0.0023955093470445
0.0027319345595711
0.0012572024237604
0.0011323319995721
0.0012147572292058
0.0010428564221887
0.0015118111053186
0.0012750262468886
0.0015911954985192
0.0015241365997659
0.0014073455022336
0.0016094389647253
0.0013713562620373
0.0016784980812074
0.0016274983766615
0.0016872702838206
0.0018138568140064
0.0015365871868463
0.00157794329566
0.0014723846072023
0.0014678640788222
0.0011363373552949
0.0010972490856854
0.001035352864236
0.0014134959679182
0.0015141990960738
0.0013308222032773
0.00091960405920332
0.0010615451151066
0.0010292665885547
0.0021014002249067
0.0017413257725468
0.0017624041157209
0.00188663123227
0.0025345267928456
0.00087928752536512
0.00094847811219172
0.00092613685457654
0.0028633434376894
0.0027977580794559
0.0026290734557439
0.0022500137918134
0.0025105408251823
0.0023584890009651
0.0023732837029256
0.0021301282433134
0.0017519312823861
0.0022014496553468
0.0020561222362186
0.0020978054361853
0.00073240705602082
0.0011049357220541
0.00069379282794726
0.00083239414904905
0.0015570083089715
0.0015455813455187
0.0014528832944005
0.0014257069573401
0.002927451770262
0.0025494978169611
0.0029766401629517
0.0022369992922386
0.0017119846016245
0.0017915908187233
0.0016940863560584
0.0018430323257527
0.001953959430321
0.0015595676767901
0.0019513468274898
0.0026936690049737
0.0022605000150541
0.0020895434765674
0.0014186936895494
0.001542152609245
0.0014223166791588
0.0016862594820166
0.0014631662372635
0.001753505852999
0.0020040377806002
0.0016702615124716
0.0015960602196997
0.0015303531223993
0.0014514243882717
0.0015395221434901
0.0017400594820468
0.0011368891287691
0.0021748081942141
0.0018201207362144
0.0018156244185146
0.002074292700696
0.0029453400248496
0.0028433143468686
0.0027468989304013
0.0025288380277345
0.0025213888887006
0.0027901396217144
0.0025324682220871
0.0025553684321794
0.0018339776874292
0.0020811563574979
0.00086507611437809
0.00093320718456553
0.0010116409547381
0.0009728123973521
0.0010501727602809
0.0011267605408908
0.001065543450962
0.00089462807557658
0.0015250754771087
0.0012327734235003
0.0015150328825668
0.0014984084388659
0.0012182072714596
0.00097032283583785
0.0013466403770036
0.0013643822544974
0.0021887722966918
0.0023504978932544
0.0015545106814862
0.0017393358504244
0.0014915315746836
0.0016453011500231
0.0012162944589932
0.0010594799015381
0.0018034511874486
0.0010188360230975
0.0013571764029302
0.0015124593652847
0.001860435477971
0.0020501769409099
0.0019326411918002
0.0022001000498947
0.0023221358981211
0.0019844396057623
0.0025820443182002
0.0025972101877014
0.0018601950146499
0.0016867408846668
0.0019004355364876
0.0016881759499387
0.0021546451309852
0.0024010607072889
0.0025984954212649
0.0028687785497833
0.0029099848532066
0.0018879696254806
0.0017649408923831
0.0019586269101299
0.0016575962058455
0.0013780790438539
0.0015294391049784
0.0030983273907446
0.0029711464443034
0.002678333382126
0.0026147053340099
0.0026397927024032
0.0025969036534183
0.0026122627891612
0.0025854293612764
0.0024399500738901
0.0024578170179954
0.0020359609332316
0.0017382330033051
0.002041194024525
0.0016410389442691
0.0016477173358266
0.0015016310456039
0.0015851811788425
0.0015932677866103
0.0015171709159232
0.0016057004068071
0.001475294521095
0.0017431950830187
0.0013654161336876
0.0014235226760812
0.0019047801770219
0.0023876668514026
0.0017232137696694
0.0019774219455335
0.0014686125605627
0.0014170600312062
0.0019624803650909
0.0020370029644908
0.0022557757790952
0.0024444214652926
0.0027230673500481
0.0026176948600593
0.0022800689534477
0.0024151206781888
0.0012777015304705
0.002418767507747
0.0023681781726005
0.002015248652322
0.0024009771977345
0.0025204569483393
0.0014239370516234
0.0016959811013217
0.0017092395812894
0.0015391641470406
0.0012743159732245
0.00081448767451846
0.0010921770785539
0.0013914548041206
0.00091616993284411
0.00076890474584991
0.00087135149184356
0.0012590869250403
0.00099881438344176
0.00061317735530457
0.00062599807905361
0.00059031519183104
0.00056714655061561
0.0006569138862572
0.001839219949661
0.0019070182860176
0.0022714035366442
0.0018134798649126
0.0016658182988711
0.001654322215298
0.0017811758879637
0.0022670868982922
0.0010498846642865
0.001142469023153
0.0010207553821114
0.00094339260235449
0.0010768574605554
0.0013758835942134
0.001390100419841
0.0014549316491023
0.0014006726913333
0.0012922291873893
0.0014653943460701
0.0013703668968742
0.001541920272804
0.0015489153410716
0.0017265399881027
0.001665514168921
0.0013674223230361
0.0013805008827416
0.0012997955145286
0.0012205452139322
0.0010041119634536
0.00093400376441458
0.0011041137595773
0.00090131244902023
0.0010224737029643
0.0012158952430461
0.0013114403266127
0.0011350162269849
0.00076252068211382
0.00082155947391699
0.00088790923876536
0.0020951920092621
0.0016601071216582
0.0016820707132376
0.0017738796324413
0.0023678962523482
0.00058345361389376
0.00079732719604314
0.00075254289770961
0.0026765674614052
0.0023614268054601
0.0021177327277526
0.0022465223950582
0.0022245585766713
0.0022749929278633
0.0022637065794805
0.0020248614536057
0.0020714793591392
0.0017900741338592
0.0019188115950783
0.0021370378633005
0.00055799779428827
0.00069213567536079
0.00046785165605951
0.00077001939231942
0.0014120561027745
0.0013110678483898
0.0022950772747072
0.0028114070452542
0.0021248336659745
0.0014704452384627
0.0015032634335982
0.001417505003312
0.001631508962334
0.0018345477189935
0.0014568830322572
0.0018271929862379
0.0025624302488304
0.0022798118029579
0.0021435531028542
0.0019252131727131
0.0019226040684667
0.001349221544265
0.001158423905285
0.001587539838203
0.0012928021655271
0.001668744509219
0.0017766137748944
0.0014677547187833
0.0013541018256262
0.0013974207098339
0.0014251828213679
0.001584084853554
0.0010728676277014
0.0018723307595798
0.002109685052124
0.0016082905893596
0.0015237023886132
0.0018508254495723
0.002034573045404
0.0027048738791992
0.0026058212024485
0.0024762741715629
0.002380617973163
0.0023703940801759
0.0026478822507019
0.0025585060126237
0.0022797378992442
0.0018424431758207
0.0021883596165178
0.00084622101473414
0.00078820158250437
0.00095236463989414
0.00077829149828322
0.00089738216150159
0.00080935207293236
0.0011261244523682
0.0010214472672858
0.00084369010393866
0.00073993453371211
0.0013088079636041
0.0011583415957043
0.001318030153372
0.0016936835175505
0.0012993313050664
0.00098126971902915
0.00086566073711533
0.0011567721101271
0.001180266952072
0.0022127713562387
0.0012745336445472
0.0014917038107124
0.0011172970222712
0.0010677672268134
0.00089660188879258
0.001669656084359
0.00098311449659697
0.0012006643914987
0.0015295874955233
0.0013879857941269
0.0018050005682329
0.0020433185021982
0.0019404920358506
0.0023460865017358
0.001781919364259
0.0023336223347256
0.0025925742638788
0.0016944786814982
0.0017542061353752
0.0014238612409887
0.0017065757169824
0.0014344718524547
0.0019982009018847
0.0023812750058498
0.0025908450284831
0.0026285961782713
0.0014647700556178
0.0017460094706718
0.0014404129974204
0.0013094851760804
0.0027089799910381
0.0024270599615217
0.0024434983188674
0.0023662934741214
0.0024775985180314
0.0024197656491476
0.0024470804795903
0.0022916603104246
0.0018153244963198
0.0016304873317811
0.0018376229935271
0.001522743006616
0.0014750078368871
0.0014447884921385
0.0013838258134253
0.0014983253633126
0.0016192783720843
0.0014059050706397
0.0012977946447038
0.0016080645540119
0.0012344867112506
0.0015371138244136
0.0011042286437192
0.0013251796906152
0.0013354808111454
0.0016736052197023
0.0021284817737923
0.0014119231334885
0.0017754494588341
0.0013840339812653
0.001290683645676
0.0017775640370995
0.0020501673929137
0.0019700208248024
0.0017851330797745
0.0022523705856804
0.0024435020281248
0.002583133384504
0.002391362881396
0.0021081507911811
0.0021468158715141
0.0022657551169119
0.0020048692113481
0.0022521340710152
0.0023819536961634
0.0014477944317709
0.0014706602269178
0.0013743650473109
0.0012116778172944
0.00073697234919082
0.00065085828077896
0.0008747699088405
0.0011655297753894
0.00076090953636427
0.00090553610410112
0.00063175739619691
0.0006873388901285
0.00090596470833426
0.0011175445868145
0.00071412426984134
0.00051997447312539
0.00055392968245787
0.00049583767557228
0.00041172090401248
0.00035431452848775
0.0005757669624643
0.0017316843177482
0.0017938122375644
0.0021442180584283
0.0016910836823225
0.0015337682548425
0.0014536985124429
0.0017349590122495
0.0010295276694482
0.00087975624395948
0.0010858074279403
0.00089076067901383
0.00069555955877896
0.00097878073373616
0.0013018126172676
0.0012302859201303
0.0012325605919581
0.0013505372400992
0.0012989581301004
0.001381672270189
0.0012264087332963
0.0012687338957287
0.0015522486946974
0.0013531327034089
0.0015602252106159
0.001581070697391
0.0012817382443367
0.0011896203592517
0.0014621191919382
0.0014218698584815
0.0012283592192398
0.00086681502185764
0.00075908176421217
0.0009213434115791
0.0010005141231358
0.0010384242048439
0.00074445695585884
0.00079860963457891
0.00095837489143776
0.00087955139645136
0.0011439688030829
0.0011236447820911
0.00059811220406502
0.00088546673642053
0.00059242309566323
0.00059384257449742
0.0018795825903655
0.0014202135725057
0.0017800633823466
0.0016119178826104
0.0022144924189245
0.00048102809858635
0.00059481986297831
0.00057179228051145
0.0023989360447947
0.0022787083084812
0.0019052790835094
0.0021335491672384
0.00207785485068
0.0021282825822088
0.0020975002211758
0.0018037851902866
0.0018032495129366
0.0017608355284649
0.0016787819421835
0.0018268510703173
0.0017703272700699
0.0018960683913112
0.0004748061320779
0.00045496416111559
0.00053788470230694
0.00037859578266331
0.00057281243797086
0.0012293949782601
0.0021805782681573
0.0026096306814169
0.0019478595562336
0.0013242024452732
0.0013369542930741
0.0014609527929383
0.0014205742204428
0.0015315459118674
0.0012659263370546
0.0016055392564799
0.0021793391319663
0.0021269507480954
0.0019481933882365
0.0020852474581983
0.0019473084271713
0.0016524050881924
0.0016972311082997
0.0011424869195463
0.0010656902282964
0.0013882246350605
0.0010492187136775
0.0014739538494862
0.0012554492440188
0.0012050682182253
0.0012166120970941
0.0012138446932366
0.00088186546895313
0.0016849690522276
0.0017911411294026
0.0015320797875173
0.0013660929575267
0.0016538228951947
0.0020068992053187
0.0023860256318036
0.0022017278145846
0.0022221234385421
0.0023871476331764
0.0022567353683751
0.0022134164039746
0.0020585959798991
0.00069855350497058
0.00071575090832767
0.00058048538334472
0.00073755656164357
0.00085746179613429
0.00069946516176363
0.00071819619385192
0.00096317588875759
0.0010545203799484
0.00087572970399108
0.00063361080889474
0.0005455132441337
0.0011988630001479
0.00128033925952
0.00096528677876235
0.0011329019042115
0.0013567292539
0.0015701007589098
0.0012982603060411
0.00084066214589848
0.00073417098435699
0.0009426598025444
0.0011219836805807
0.00097133236494432
0.0020226240869456
0.0011767728337535
0.0015117841009177
0.0010570068724795
0.00093635833675055
0.00090729077542609
0.00081973410947128
0.00082713768985348
0.00084606097327656
0.00086516887578279
0.0013851983195756
0.0013305160224669
0.0012262858835017
0.0012397460992728
0.001464660883727
0.0018994243414105
0.0017804853402762
0.0015530710844371
0.00215253332
0.00237188503525
0.0014692507378019
0.0015288093392519
0.001344871183723
0.0013660145697277
0.0014577295859436
0.0017549312650327
0.0021191791368684
0.0023917064904063
0.002402322910384
0.0014144626410932
0.0015087818442639
0.0010269083665653
0.0024301249915044
0.0022767937386596
0.002260510252011
0.0021758701749438
0.0023026138629195
0.0020697143321339
0.0015496238746007
0.0014888696778444
0.0012913388428655
0.0012946963994359
0.0012694485411327
0.0012204821824164
0.0012637773259942
0.0014638648460261
0.0015046688767061
0.0012559334273096
0.0011016815445205
0.0015814971005218
0.0014998077002356
0.0010584517783649
0.001181311468782
0.0013483495900103
0.00099730194580422
0.0010780591547393
0.00098120627204955
0.0010705051054262
0.0014783293568755
0.0012829378707555
0.0015097558028143
0.0018409191312969
0.0012924298038192
0.0010598821370945
0.0015984143147872
0.0017070941384039
0.0018489053481599
0.0017259336121689
0.0020238626109749
0.0022578044761833
0.0023889707052461
0.0023609877476119
0.0021374289078587
0.002054793078655
0.0022198255850285
0.0018694738370134
0.0022274469954796
0.0013065418620951
0.0014060543793816
0.00097866240590851
0.00057208206876244
0.00077432569150903
0.00043073199501607
0.00044698562335286
0.00068803598995255
0.0011691120104811
0.00047420013896295
0.00076003957111732
0.00070058632034642
0.00039195603749056
0.00051746351622571
0.00044639283919342
0.0006515531006267
0.00088074559552036
0.00078637696479821
0.00067150558895338
0.00035666848960844
0.00036321276902894
0.00038705999008155
0.00024835346195228
0.00021357361642316
0.00018856027349755
0.00029377153395267
0.001533253054306
0.001714032472934
0.0016622206183111
0.0019562951828989
0.0016344912913527
0.0014548224170386
0.0013435672235195
0.0010551282901659
0.00087586617859874
0.00078295921160934
0.00085641593028422
0.00068515566316429
0.00082053236848912
0.0010704099675586
0.0012200322726225
0.0011295470341621
0.0011245470842121
0.001158388794725
0.0010688385700345
0.001105792223523
0.0013760534881885
0.0015990973743994
0.0013407925728728
0.0012669802823852
0.0016134501468368
0.0015604472226788
0.0011093667225176
0.001327684034194
0.0010148112595202
0.0014421818250402
0.00064119841897501
0.00054491982556578
0.00072923996758601
0.00087082154371677
0.00092853109100846
0.00057917140345203
0.00077431148365742
0.00059093199584859
0.0008292689124365
0.00070281680445792
0.0009591739427328
0.0011531120866888
0.00092659779702888
0.00046872317147776
0.0009967052473246
0.00067004004556542
0.00050435933302709
0.00052493475348161
0.00049094118139799
0.0017087498949488
0.0013414695222401
0.0018961553013956
0.0016077354727682
0.00028427935695718
0.00048340996129052
0.00045954371737074
0.002114924477574
0.0016957305244931
0.0018932817544956
0.0017914491771693
0.0019122900304475
0.001850777836722
0.0022228556334301
0.0017636383753909
0.0016796262526009
0.0016761046459134
0.0016798374573536
0.0018728744542691
0.00030831734701464
0.00038127289608283
0.00049430053656492
0.00041521415397795
0.00023724531575703
0.00034076729242592
0.00060335075116879
0.00098650008788101
0.0019744675120697
0.0023958591267786
0.0012266024141011
0.0012719306894389
0.0012709608072356
0.0013708956242262
0.0015505119677961
0.0014166957349334
0.0011833809572984
0.002027084417486
0.0020101052145472
0.0017473240166686
0.0018379423485915
0.0021177487263182
0.0016507765173561
0.0014787571274406
0.0013699814410025
0.001607580328458
0.00097676394922391
0.00093251566447747
0.00091514058290247
0.0013419334530612
0.0012684060953079
0.0010829352106932
0.001276592637425
0.0018235158452215
0.0014314279614005
0.0018060145839652
0.0020752732926752
0.002275068656939
0.0021211102584209
0.0019664861854852
0.00051504257170278
0.00052294368129213
0.00057390950314456
0.00064426969373704
0.00060942417739088
0.00053346390805521
0.00061078055556691
0.00055699567637771
0.0007972088422761
0.0010129074497501
0.00086711014194182
0.00066587680459244
0.00040617103100348
0.00056894720679097
0.00038693476020711
0.0011478582341072
0.0011815617602681
0.00075558675785344
0.00094369853088064
0.0013198307294771
0.0012609391960839
0.00055835190666923
0.00064098932267319
0.00087420530623064
0.00093347585252733
0.0010514930733619
0.00088237253586185
0.00082310311854018
0.00069964459137243
0.00063529013897222
0.00075085575614823
0.00060599764788074
0.00074029533271607
0.0011818509382178
0.00094337482681538
0.000993063894667
0.0013887555155167
0.0017115393060959
0.0015327153733865
0.0013428758199156
0.0021604330571601
0.001223240819554
0.0011030288801009
0.0013012599966332
0.0011374660411929
0.0015860777729534
0.0021949873620039
0.0021934083822771
0.0013704152727012
0.00096746617431228
0.0020887776240699
0.0020021400917208
0.0019376915622097
0.0019381529238593
0.0013590419871803
0.001292496673585
0.0011246829843173
0.0010984468477236
0.0011167935615186
0.0010217164968876
0.0010963303316777
0.0012686104978414
0.0013244498442067
0.0010547556675254
0.00092094188757099
0.0013910149479371
0.0015699978135302
0.0012760414547249
0.0010056425874759
0.00087506371233066
0.0012161674213745
0.00084027629057617
0.00080267864544379
0.00097644943145269
0.0013741105192116
0.0013209932994395
0.0010405831450077
0.0012594177968944
0.0014789059139585
0.0016658111720356
0.0010489481869904
0.0009493848666114
0.0014304445012103
0.0014886217259573
0.0018198563822649
0.0015812098424718
0.0017856473528843
0.0020910699573005
0.0021911950319077
0.002069727432511
0.0020193054532124
0.001995488009272
0.0017111105335484
0.0011385442792676
0.0011705662723575
0.0013821861439092
0.0009344960546193
0.00090218424956987
0.000440037424021
0.00038604396150215
0.00059133427374992
0.00023996860980827
0.00034518748905782
0.00071940214044273
0.00068577121261215
0.0012363646635893
0.00035520082324543
0.00058681438594341
0.00058366894256626
0.00061278712481774
0.00039487506628485
0.00019999120371977
0.00028621643556984
0.00023905733576727
0.00031015392524403
0.00062900466159115
0.00048036483705553
0.00069215172037769
0.00063471580234919
0.00062527510213167
0.00047935592390131
0.00013137757598128
0.00025309028812563
0.00013620840371112
0.00018356330049277
0.00010479178455341
0.00015636407437734
0.0001269164156177
8.6624933273984e-05
0.00021785973402425
0.0015093055133444
0.0014962854096108
0.0018676095548977
0.0014548207398692
0.0014248415213612
0.0013186028780394
0.0012555551419788
0.00084777773810329
0.0009006684156968
0.00072783144571446
0.0007753496730038
0.00085225898058266
0.00050630341711422
0.00060658848923643
0.00098600589336113
0.0010189542634054
0.0011550592694525
0.001007196227111
0.0009581898410958
0.0012544834890603
0.0015315426193958
0.0012429072312223
0.0011507308265181
0.0015401516706934
0.0013941312800705
0.0010337627252105
0.001180414969027
0.00088341670526334
0.0013221013410924
0.00067412679743776
0.00046399202690126
0.00048044403649594
0.00053930790907665
0.00076218697420374
0.00092881205460968
0.00067250349725248
0.0010011406398531
0.00083034927761946
0.00057075865432031
0.00048013161772324
0.0005048899459872
0.00072023054718275
0.00052647000928122
0.00085755075355651
0.00098917885387451
0.00039485056959174
0.00086398524338929
0.00065646989985379
0.00043794099911605
0.00032015601378908
0.0004133196475243
0.00028262720104189
0.0015791920364184
0.0013953779809019
0.0017230798670231
0.00021211390527659
0.00012731594197634
0.00037518529918122
0.00031314079169955
0.0015655586202643
0.0016971679284712
0.0018264104602217
0.0016899095138204
0.0018954255142277
0.001741857888687
0.0016864862005419
0.0020828779776867
0.0016741637001556
0.001564478533842
0.0016246658550876
0.0017346027904538
0.0017683876891489
0.00024169239618242
0.00022186398463648
0.00042932422446064
0.000407573892462
0.00025755376407283
0.00013224052639582
0.00021930130040199
0.00047990949983336
0.0017787473525233
0.0010174625593885
0.0010488496572043
0.0012022081773645
0.00096692882103229
0.0014606514490854
0.0014096324649238
0.00098980440416608
0.0018213647870247
0.0017953988982957
0.0016880595881156
0.0018807672562292
0.0017242089322961
0.0016180030569881
0.001211755132276
0.0014370644858278
0.0015238816709182
0.00072426398084653
0.00069773692947361
0.0011631541813895
0.0011661323554332
0.0018492165100825
0.002130204085078
0.0017635522637221
0.00042242519113823
0.00044686710545759
0.00044014401143371
0.00050050313889006
0.0006217021390766
0.00053858284393733
0.00045960169833627
0.00044594454316558
0.00078261478276845
0.00089576682802175
0.0007187478429222
0.00087905545930494
0.00061986823085858
0.00025461751543291
0.00033718850071026
0.00053686382004289
0.00022249121134285
0.00022225447563909
0.00098674352564897
0.00099960929792178
0.00074094761719266
0.00078372554386082
0.0010810466273451
0.00048062923497179
0.00044785017357604
0.0007027523047711
0.00077473373217829
0.00077263934577812
0.00068102423922655
0.00054854435416948
0.00046465264925872
0.00053965352540573
0.00047170689050097
0.00053979360930097
0.00068423488423551
0.0011609193365596
0.00095109866659718
0.00074767174910134
0.00085601870921089
0.00090701157610807
0.0012538887473204
0.0015359090814434
0.0012454682938218
0.0011326683716995
0.0011292554111986
0.00092775947228676
0.0010287334585926
0.00095924813066532
0.0016185406271566
0.0020642103037152
0.00085185037973069
0.0019272665910288
0.0019588745455129
0.0018203677106543
0.0017601365507808
0.0017481037380974
0.0012503666960527
0.0010945110939361
0.00098019903041025
0.00096412203005757
0.00096341952432403
0.0009378640044803
0.0010302383121579
0.00087250208085798
0.0011742509980408
0.0012793067939724
0.0008872525781367
0.0007664557794843
0.00078581013745364
0.0013767519379307
0.0011976091383655
0.00089406783721952
0.0009176115835399
0.00064308832515956
0.0010690342927637
0.00059196667263105
0.00081993691583181
0.00053847316729544
0.00078816472943826
0.0014051082857831
0.0011103551410339
0.0011032527512775
0.00099086813096781
0.0014669644513445
0.0013325612933503
0.0017825662615275
0.00094715503087461
0.00081283656245375
0.0013010754910118
0.0013572127436563
0.0016303721904428
0.0013486410071078
0.0015978400625492
0.0018586657712837
0.0018376202915793
0.0012774843022026
0.001012192137916
0.0011701121040728
0.00086399819950807
0.00084395548950824
0.00041279296557592
0.00021995116089636
0.00037205110813985
0.00023446812180672
0.0005464338321155
0.00011083519265379
0.0001349918535834
0.0001306584244746
0.00068456289576178
0.0004562751857715
0.0010802509980831
0.00022486697145527
0.00020878222855628
0.00054334545519857
0.00041122443075184
0.00047361490250779
0.00055537180266886
0.00021192217236077
0.00011746305473281
9.3192863469442e-05
0.00016697054795385
0.00031269478493638
0.00011209244136708
0.00013539226316349
0.00012403428156442
0.00046625434623534
0.00047635007773814
0.00072537140405117
0.00045778073063197
0.0003903962485234
7.6122750102117e-05
0.00018402160414261
0.00013791261007548
8.7920212549598e-05
7.8065292409586e-05
6.4927644261035e-05
7.4903864632665e-05
0.00010203171943172
0.0015235193129487
0.0014068188835216
0.0017650120306348
0.001267645920763
0.001073106680845
0.00082331205494132
0.00083506748548908
0.00080956174126718
0.00070536797058094
0.00058912452049933
0.00079209682249135
0.00051931910088456
0.00092631465191973
0.00092583186890213
0.00096432745290554
0.00091068779068208
0.0011361396462193
0.0013585622038643
0.0013715901029933
0.0012435432344768
0.00092322227480856
0.001359088668437
0.0011275316569559
0.00061779421013367
0.00054131056975326
0.00039649395113843
0.00043834369658935
0.00046576578248713
0.00082955850145965
0.00058425128599562
0.00097576312695545
0.00075385616785394
0.00059980932805866
0.00065827784026385
0.00049085837923792
0.0003940966012669
0.00040193957424721
0.00081263755306422
0.00055319468772028
0.00044866982744195
0.00069381865566793
0.00089887824376013
0.00098874322953665
0.00022117486637259
0.00058938189295688
0.00026875322902967
0.00016853523143316
0.00024165218271973
0.00024562516691711
0.00012669657778011
0.00023203597267847
0.0015852727494879
0.001367966564021
8.8114798864595e-05
0.00014832526644915
7.7885608008918e-05
0.00021180967610798
0.00014399079803582
0.0015803767684493
0.0016246255345922
0.0017496986339829
0.0015865105796414
0.0017115154387575
0.0016657066358998
0.0018354123174593
0.0015934200805995
0.0013555256635949
0.0014015241120598
0.0016262379680537
0.00016339262281777
0.00012005455156933
8.3426448720292e-05
0.00022423202857906
0.0002171951095553
0.00013784146831881
6.3601680368198e-05
5.1120286299425e-05
0.00013964545632518
0.00033626178709026
0.0009083571141827
0.0010498723521575
0.00099874726735502
0.00098900577187011
0.00075667044371857
0.001291440314516
0.0012412769365207
0.00088064906163278
0.0015874764785973
0.0018738973232024
0.001641382670031
0.0012357591924704
0.0013202242694903
0.00070723466523411
0.00053072833472844
0.00050081989071912
0.0011835030556227
0.0010254293716045
0.00026467209577509
0.00029040461319025
0.00032193826292352
0.00024321380536749
0.00048370574686757
0.00031472743509615
0.00049458298333654
0.00056207741197007
0.00034758535199915
0.00044709721803521
0.00026676196475234
0.00040366935219529
0.00040245215548787
0.00029109264067103
0.00061045244017186
0.00082477472199785
0.00047272446838864
9.8750221432209e-05
0.00018243944776571
0.00030835668825302
8.1061210715445e-05
0.00015591853045156
0.00083078484293697
0.00083888147768438
0.00094240092575771
0.00059104905432227
0.0010326286201367
0.00038349729779933
0.00036189317543691
0.00050771778182756
0.0005114657510704
0.00042446598160481
0.00038388970236006
0.00050513263677555
0.0009596889546259
0.0008614859014899
0.00072954134513256
0.00058666923637134
0.00061216439426399
0.001024206453574
0.0011572197731854
0.00093988880675107
0.00091201316522952
0.00085847248871805
0.00083972480373026
0.00081524239054478
0.0015814066394699
0.001877509903993
0.00058723485196402
0.0018118173196772
0.0017437839843957
0.001662814929005
0.0010536868795382
0.0009575039104687
0.00077301442453863
0.0008862955949198
0.0007645957182411
0.00075790967618718
0.00083768430256875
0.00064006208140208
0.0011056748977058
0.0011540995756443
0.00073964113749045
0.00051740908090704
0.00058590442635795
0.0010466861735045
0.00079842972875986
0.00072271357786587
0.0004567797600008
0.0005030421736401
0.00058114172860515
0.00042239612179108
0.00043606482955242
0.00052607732520935
0.001205554071074
0.0010933484104796
0.00094148200683819
0.00088795971101517
0.0016985036442966
0.0012608181692329
0.0011729701870556
0.00056067146720847
0.0012241917099845
0.0011507937077137
0.00142065040269
0.0016372103616105
0.0012427001502437
0.0013501756440117
0.0017348238668285
0.001156317334848
0.00085107183327346
0.0011008713336248
0.00066743575715111
0.00070860388743029
0.00021883126671143
9.2251634614391e-05
0.0002256590959453
0.00014142186101035
9.213012036721e-05
0.00032630851472336
0.00051197760576713
0.00051348456060155
0.0003974399022805
0.00051006786034456
0.0009692033406259
0.00033903688531317
7.9993996677387e-05
0.00025357885946602
0.00038741064619686
0.0004789285255929
0.00044032361510142
0.00028417137162619
0.00013606105768944
7.9551024737124e-05
8.2942440791835e-05
0.00024385645425327
0.00020780925250839
0.00010051039674103
0.00036702744527035
0.00043555416071787
0.00031096069374901
0.00058843718196467
0.00034930086362945
0.00020120308911016
0.00014611703653985
9.1009816280885e-05
6.3587442495257e-05
0.0014106018998277
0.0013675486720633
0.0012220279306869
0.0013452207749353
0.00074827856145678
0.00063774360490573
0.00064320243381364
0.000551195109304
0.00060616303158652
0.0004064877706726
0.00065909240535306
0.00082295899397484
0.0006330628411103
0.0010365896574363
0.0012859370990003
0.0013023731280959
0.0010979418937289
0.0012022644356242
0.00074284347207238
0.00091185668878987
0.001161641254272
0.00047757207044339
0.00045204280497514
0.00023358199684314
0.00026285743735772
0.00028766017001546
0.00075644783191275
0.00050971046181588
0.00088518639448586
0.00074528646626715
0.00041366443439552
0.0003948359700615
0.00021974515429003
0.00023837242243097
0.0007342346877997
0.00054966509137758
0.00047172615430986
0.0004297517275052
0.00027817507094539
0.00070369771022613
0.00079953504843983
0.00091315186576477
0.00014116354224173
0.00048778374620412
0.00018757179353932
0.00017305078529096
8.1192646906963e-05
9.0210793153506e-05
0.00014992805755789
0.00016344594465762
7.2217268758801e-05
8.7804881753164e-05
0.0013462841946848
0.0011881553552857
0.0001408520999613
6.9278231111201e-05
6.3271921118103e-05
0.0014357950590259
0.0014992985158467
0.0013844346494183
0.0016155422681227
0.0014326495849389
0.0017431836116091
0.0013989884481265
0.0012755261672931
0.0014288945037521
8.0012124299338e-05
7.0728994015731e-05
0.00014710765665087
0.00017934558925618
0.00012985968420512
5.6774095187e-05
6.3179351704621e-05
0.00031068600781028
0.00074895840410298
0.00080354482501884
0.00087911922822151
0.0010466938997313
0.00080673272543382
0.00058927379257188
0.0011760433663258
0.00075305181004725
0.001371868821892
0.00174048632775
0.001370222269374
0.0011534622073055
0.00058576748313938
0.00043303336897843
0.00048539473707518
0.0010032071730637
0.00018000743676246
0.0001832012351734
0.00016784215172567
0.00017756733245384
0.00028846700804002
0.0001830196708323
0.00033632220540528
0.00049361511669071
0.00034116011572793
0.00025878021456711
0.00014811730517512
0.00020498258076517
0.00019869857231045
0.00025435256440493
0.00017874114910541
0.00053673453378938
0.00067030018027199
0.00029430369892559
0.0004672509910813
0.00016670471491551
8.4477049437026e-05
0.00021057017287329
6.0310141224974e-05
0.00077198372337606
0.00079242376717051
0.00049711913062926
0.00088470924792288
0.0009842897187932
0.0002398126931407
0.00020258817210907
0.00041979676402662
0.00041673454777864
0.00026269960451505
0.00023330019647426
0.00084122630045516
0.00062180171842234
0.0005100489289438
0.00045079799651214
0.00052000096112586
0.00047362091230354
0.00086951530825009
0.00072175872635351
0.00060760565073337
0.00058264955593443
0.00060435301150359
0.0013539866007615
0.00047174249316288
0.0014702645519859
0.00087937456460727
0.00078500220642664
0.00061203963192275
0.00065077016524674
0.00059323927493995
0.00055681659621704
0.00068214725797895
0.00091683801539371
0.00050944817624551
0.00096812866042581
0.00049981449596792
0.00048688509762338
0.00033450080911188
0.0004874383578702
0.00084847800427018
0.00064111062772841
0.00069361323823187
0.00057957455290698
0.00046331177168292
0.00028572281438128
0.0004048681475034
0.0004856347440615
0.00026324407966322
0.00024050271457566
0.0010006098051337
0.0012177119626687
0.00092760320917547
0.00074552699518687
0.00069802184399564
0.00094271297419114
0.00047712546356688
0.00095139663431148
0.00088279577917095
0.0014177113917746
0.00099590716506097
0.0011372835195445
0.0016013798869337
0.00089339686432737
0.00087458237248674
0.00054465592000191
0.00072320280549983
0.00059646902386799
0.00031598586939796
7.9603768317653e-05
0.000247598110888
0.00018262783009357
0.00018658107784174
0.00035931039007431
0.00029771975200354
0.00039911968827187
0.00039616670031748
0.00045678597101206
0.00016999725726663
0.00024691640840196
0.00041292066922704
0.00042496747738541
0.00015229396645967
0.00018897718332201
0.00012016273634828
0.00012893537117092
0.00016089247456304
7.4244386616908e-05
8.6458034008148e-05
0.00034172310358487
0.00017340630722499
0.00034571806966882
0.0003135457654446
0.00022040588640348
0.00015190707012855
6.8762338307042e-05
0.0012569273543872
0.0011558166231559
0.00057741366443053
0.00053318171111263
0.00052172490523856
0.00048364585110559
0.00062990643454394
0.00023915793790956
0.0005467302257167
0.0010804554738371
0.0010327796159458
0.0010516949977466
0.00073470516877912
0.0011415999902574
0.0010207973157463
0.00059413049983719
0.00029897258554511
0.00027756944489325
0.0001374156729006
0.00018430100054291
0.00018239545507125
0.00033116682737064
0.00072538587410345
0.0006078381540954
0.00074654745684947
0.00026855819782065
0.00024763848576561
0.00015645758264121
0.00055983442848919
0.00056379218381519
0.00030011620314806
0.00051985183079707
0.00025976801431003
0.00015350099195547
0.00081513635388444
0.0006072522226012
6.349860192855e-05
0.00030793401780792
0.00059674630429078
0.00010209088239671
9.2905734917388e-05
9.1812060560686e-05
7.2548401031247e-05
0.0012776479673305
6.8872860934777e-05
0.0013276482429301
0.0014399023648338
0.0013413076833281
0.0016297488075566
0.0012049137552104
0.0010859484735582
0.0012893856234041
6.7045629335636e-05
6.8848177988286e-05
9.5374649756419e-05
0.00014812729229891
0.00054092174581015
0.00058582833108943
0.00097371665797497
0.00071507139263746
0.00085014834719645
0.00077091356350443
0.00059331073529336
0.00044588808474921
0.0012492369490317
0.0013097781692596
0.000924025606591
0.00048176546860822
0.00021856717675245
0.00030021607989673
0.00042075244759311
0.00089636586524202
0.00090541651011227
7.7489070481061e-05
0.00011931772521878
0.0001075450567325
9.0465083214833e-05
7.1517468959681e-05
0.00019605736506863
8.5892440774225e-05
0.00016444708313748
0.00032714167819971
8.260014111997e-05
9.4398076280937e-05
0.00014343109847146
0.00015860600587487
7.6056135164412e-05
0.00033628463896966
0.00048120855338053
0.00018988767577176
0.00028216864874858
6.1896311994346e-05
0.00011932053533943
0.00059919243108686
0.0004698133424522
0.00031037540299648
0.000713294901331
0.00072721459157592
0.00014341199388794
0.00013839467601008
0.00032482342427501
0.00015032185954086
0.00067094715927541
0.0003959935130628
0.0002579270299863
0.00043830051733391
0.00039828837036305
0.00073353883387207
0.0006778302069629
0.00051820442564819
0.00049143089701474
0.00052415582477642
0.0014452283457718
0.0011902557357453
0.0002914294609072
0.0013197919174309
0.0013623533671533
0.00062026771768441
0.00050361744160588
0.00055174192734736
0.00045605799382747
0.00044938020270286
0.00054178680126293
0.0003259382399402
0.00032170430373555
0.00031836249398074
0.0002111583730423
0.00022235842807634
0.00027607447361476
0.00077403062516568
0.00054171832773361
0.00050881100954779
0.00043983691166555
0.00038853630280046
0.00027048053799704
0.00016859527383129
0.0002161617840472
0.00020519089569445
0.00028503405494581
0.00013883822620719
0.00017936473475165
0.00017729478032625
0.00080608448289759
0.00096037060680755
0.0010649160491473
0.00046924639360656
0.0006668339359751
0.00079917959337816
0.0002974903718486
0.00083740621140866
0.00071053482539466
0.00096126590116506
0.0011468960164678
0.00098014948440848
0.00070305178136546
0.00095319449129144
0.00066990029246095
0.00060319196505478
0.00021086351245281
9.3958617383588e-05
8.52653877348e-05
9.6834421952274e-05
0.00030693830985087
0.00021159242858758
0.0001797037030676
0.00054867210422297
0.00024684336888681
0.00024475325455161
8.3344768793024e-05
0.00015251573002981
0.00040382758700382
0.00025966791059338
0.00028249043905153
5.9355919881632e-05
7.2181767076421e-05
6.4055145231232e-05
5.7028644885209e-05
0.00021086384373172
0.00010373140853056
0.00016726321450081
0.00011091144144378
6.0598115172678e-05
0.0011115148633473
0.00046487350808434
0.00044079895506375
0.00030192732471638
0.00051476551010764
0.00015244141089011
0.0008881320337459
0.0010079185918266
0.00050196053821907
0.0003015880921741
0.0001925061817693
6.5982635108951e-05
0.0001214787857903
0.00011623656329239
6.402128092307e-05
0.00023765848599593
0.00054946602187766
0.00049604186193376
0.00061093597541004
0.00016619532124931
0.00013851784655515
0.00045273739750872
0.00061829468602821
0.00047085820080629
0.00026465584920228
0.00020387900445386
0.0004256385820669
0.00019951215196058
8.1725042057113e-05
0.00050498872741289
0.00020436411155101
0.00048946292075881
0.001236193178203
0.0011953221855413
0.0014402224114858
0.0010283261386221
0.00092276302084697
0.0011601646202641
0.00043076707095106
0.00047142394675684
0.00079298690309055
0.00067756137882559
0.00053591239081695
0.00060444554400957
0.00037793726821863
0.00049635376979979
0.0002538468800607
0.00031002907710375
0.00072258159884159
0.00030991700092223
0.00016959209727762
0.00020198658187396
0.00023869748115249
0.00074625143575863
0.00073601542387042
0.0001536176570094
6.5532456039926e-05
7.3369032192724e-05
0.00018773146946874
6.3831547824426e-05
0.00021327285698864
0.00028763386812565
0.00061080358636802
0.0006576440959189
6.5051257441935e-05
0.00020497480769109
6.452295886922e-05
0.0005518557468382
0.0001854882008508
0.00013945097788531
0.00024410580933023
0.00018440202554551
0.00052514818718374
0.00048457691023147
0.00031219683174565
0.00043195493412852
0.00040134086121425
0.00042261816457077
0.001186670663826
0.00012689255217573
0.00026803389077133
0.00026030344768487
0.00025549783575903
0.00034392294834055
0.00020854202579206
0.00027136299592464
0.00021205324128935
8.7027472562604e-05
0.00011386023259045
0.00013833256429167
0.00016672403829249
0.00050539716588252
0.00032029186125418
0.00036923757810929
0.00030524893424464
0.00025837803430544
0.00021007528585178
0.000149548563002
6.5865943092523e-05
0.0001005089716755
0.00013085473507566
0.00015192746760557
7.2072736773476e-05
5.9148052098266e-05
0.00010364830175133
7.2958216345541e-05
0.00063005230807725
0.00074117236808829
0.0009420365241189
0.00038083577849017
0.00039785951523141
0.00060170771928464
0.00012760768050877
0.0006998719260127
0.0006146416998866
0.00076324873843779
0.00089781889022107
0.00082770315807224
0.00061091426690951
0.00079796673649129
0.00061028637784229
6.8244235746257e-05
9.5331506993493e-05
0.00019750813760355
0.00035718078282429
8.6992119189916e-05
0.00014036882846363
0.00037529570890901
0.00035960302967216
6.4578314011314e-05
0.0002461513378102
0.00016987671066672
0.00015086571682596
4.6733610513504e-05
0.00011894397452294
0.00090736753475793
0.00022891620964775
0.00017440355014324
0.00033210656863997
7.5450263606745e-05
0.00076392460818742
0.00082140713084411
0.00017582116120378
8.4463139876298e-05
0.00031618772846402
0.00011293965423909
0.00056284755560833
0.00048412604236693
0.00051198218778287
0.00010178424603507
6.2659163511708e-05
0.00046499893224405
0.0002865177449244
0.00055255877480331
0.00027933730735074
0.00022605178457709
0.00016910842208158
7.7845419153346e-05
0.00039550608144071
0.0002978486671729
0.0010767676738481
0.0010000233396923
0.00097828468100093
0.00075554759632004
0.0007666534032625
0.00087341324754274
0.0002453142877025
0.00037729674465423
0.00042189407233891
0.00044325282410666
0.00036132698266155
0.00022458815066116
0.00029254624503379
0.00013055739329236
0.00029988660917692
0.00014744576725342
0.00019726790206394
7.2215095908137e-05
9.0977549344138e-05
0.00011592534621042
7.9456449924808e-05
9.2095945512919e-05
0.00019395547500696
0.00056771270585954
0.00053668026911816
0.00011518026406049
7.5968068966864e-05
6.9976041198674e-05
0.00014833506535761
0.00016846661433403
0.00032286877076632
0.00028559509596017
0.0001670634506629
0.0002571528957997
0.00020932435310031
0.00022693720324023
7.3219333572813e-05
8.6430095367159e-05
0.00016481326257277
0.00013308671977639
0.00012433652913057
0.00023648952391327
9.0443702153414e-05
0.00017605858650736
9.4133216237653e-05
8.1953967382526e-05
0.00015331516172403
0.00043306268025374
0.00017170134823719
0.0001920605682817
0.00011119307767636
0.00014703999696661
7.6404410669942e-05
6.764503814314e-05
0.00057235551076546
0.0007515084138041
0.00061546906590977
0.0003862797628817
0.00020424951079474
0.00021488490431849
0.00037409137846417
8.3278053268129e-05
0.00034894567273111
0.00071771210978022
0.00091463497807438
0.00065166691157586
8.3834444638245e-05
0.00020583544481972
0.0002861815466834
0.00035748374588801
0.00039383074848595
8.4308501388427e-05
7.6109933950157e-05
0.0001501540190258
7.5159599507846e-05
0.00071308691655639
0.00019116731495353
0.00050209693735363
0.00028965232649402
0.00031895260859748
0.00028314128731
0.00016154439760432
0.00014961482978506
0.00014576623948889
7.5931202768859e-05
0.00081455623649822
0.00081727030301762
0.00070954268989378
0.00060534243834561
0.000127373610341
0.00021010211931333
0.00027968025949736
0.00017812333003986
9.1578691212561e-05
0.0001389268645181
0.0002191599892513
5.64940190049e-05
0.00012609033242555
6.2821622947533e-05
7.921554800172e-05
8.4490269896169e-05
0.00033791592570864
6.3181380244098e-05
7.4535514540613e-05
6.7140336652916e-05
8.4311980952674e-05
8.5083942798739e-05
0.00024402085536824
0.00017182961357367
0.0001916992790346
7.8817702901836e-05
0.00014732816900969
0.00014672099411902
0.00012341804717339
9.8247237933424e-05
8.020791562293e-05
0.00025674829437311
8.8316630637807e-05
0.00011050813592941
0.00034612918923699
0.00064591073569619
0.00065125174144591
0.00057537736093159
0.00020958500124695
0.00012535648403605
0.00010310176573519
0.00023506724402869
6.4340930506671e-05
0.00010845851940639
0.00013947550939637
0.00036543520766132
7.7155707233383e-05
7.5252587971967e-05
0.00030732888728676
0.00017345797656303
0.00020868441911208
0.00020149404943128
7.2022982280685e-05
6.1619253158775e-05
0.00054734787250877
0.00051269382559992
6.0425449161135e-05
0.00012387033854377
0.0002504462357683
7.9088380859195e-05
0.00012075713523641
8.7661905273028e-05
0.0001027631101647
7.6097080757849e-05
7.2734814558598e-05
0.00022221466219793
9.2693760062372e-05
0.0002567419896939
0.00033375938086744
0.00011281975676555
0.00011884011421952
0.0003515196517176
)
;

boundaryField
{
    auto0
    {
        type            uniformFixedValue;
        uniformValue    table;
        uniformValueCoeffs
        {
            values          
4
(
(0 1.3332)
(0.003 1.3332)
(0.0031 0)
(0.01 0)
)
;
        }
        value           uniform 1.3332;
    }
    interface
    {
        type            zeroGradient;
    }
    auto2
    {
        type            fixedValue;
        value           uniform 0;
    }
}


// ************************************************************************* //
