/*--------------------------------*- C++ -*----------------------------------*\
| =========                 |                                                 |
| \\      /  F ield         | OpenFOAM: The Open Source CFD Toolbox           |
|  \\    /   O peration     | Version:  2412                                  |
|   \\  /    A nd           | Website:  www.openfoam.com                      |
|    \\/     M anipulation  |                                                 |
\*---------------------------------------------------------------------------*/
FoamFile
{
    version     2.0;
    format      ascii;
    arch        "LSB;label=32;scalar=64";
    class       labelList;
    location    "constant/polyMesh";
    object      faceProcAddressing;
}
// * * * * * * * * * * * * * * * * * * * * * * * * * * * * * * * * * * * * * //


18290
(
1131
1132
1133
1137
1139
1302
1348
1349
1350
1351
1381
1382
1383
1384
1387
1388
1389
1390
1391
1394
1395
1409
1410
1411
1412
1588
1589
1590
1591
1592
1630
1632
1633
1638
1639
1640
1652
1653
1654
1674
1675
1676
1677
1678
1679
1680
1681
1682
1683
1684
1685
1686
1687
1688
1689
1690
1691
1692
1694
1695
1696
1698
1699
1700
1707
1713
1714
1715
1716
1717
1720
1721
1722
1723
1724
1725
1772
1903
1904
1905
1906
1959
1960
1961
1962
1963
1964
1965
1967
1968
1969
1970
1971
1972
1973
1974
1976
1977
1978
1980
1981
1982
1987
1988
1991
1992
1993
1994
1995
1996
2010
2011
2012
2013
2014
2015
2016
2017
2018
2019
2020
2021
2022
2023
2024
2025
2026
2027
2028
2029
2030
2031
2032
2033
2034
2035
2036
2037
2038
2039
2041
2042
2043
2044
2046
2047
2048
2049
2050
2051
2052
2058
2059
2060
2061
2062
2063
2064
2066
2067
2068
2069
2070
2128
2129
2132
2133
2134
2135
2136
2270
2271
2273
2274
2275
2276
2324
2325
2326
2327
2328
2329
2330
2331
2332
2333
2334
2335
2336
2337
2338
2339
2340
2341
2342
2344
2349
2350
2351
2352
2353
2354
2360
2361
2362
2383
2384
2386
2388
2389
2390
2391
2392
2393
2394
2395
2396
2397
2398
2399
2400
2401
2402
2403
2404
2405
2406
2407
2408
2409
2410
2411
2412
2413
2414
2415
2416
2417
2418
2419
2420
2421
2422
2423
2424
2425
2426
2427
2428
2429
2430
2434
2435
2436
2439
2441
2442
2443
2444
2445
2446
2447
2448
2449
2450
2451
2452
2453
2501
2510
2512
2513
2523
2524
2525
2529
2530
2645
2646
2647
2653
2654
2655
2656
2657
2658
2659
2660
2661
2662
2663
2717
2718
2719
2720
2721
2722
2723
2724
2729
2730
2731
2732
2733
2734
2735
2736
2737
2738
2739
2740
2741
2742
2743
2744
2745
2746
2747
2748
2749
2751
2752
2753
2754
2755
2756
2757
2758
2768
2769
2770
2779
2786
2787
2789
2790
2793
2795
2796
2797
2798
2799
2800
2801
2802
2804
2805
2806
2807
2808
2809
2810
2811
2812
2813
2814
2815
2816
2817
2818
2819
2820
2821
2822
2823
2824
2825
2826
2827
2828
2830
2831
2832
2833
2834
2835
2836
2839
2840
2841
2842
2843
2848
2849
2850
2851
2852
2853
2854
2855
2856
2857
2858
2859
2860
2861
2862
2863
2914
2916
2918
2919
2920
2922
2923
2928
2929
2930
2931
2934
3043
3044
3047
3048
3055
3056
3057
3058
3059
3060
3061
3062
3063
3064
3065
3131
3132
3133
3138
3140
3145
3146
3147
3148
3149
3150
3151
3152
3153
3154
3155
3157
3158
3160
3161
3162
3163
3164
3165
3166
3167
3168
3170
3171
3172
3173
3174
3175
3176
3177
3178
3179
3180
3181
3182
3184
3185
3186
3192
3193
3214
3219
3220
3224
3226
3227
3230
3231
3232
3233
3234
3235
3236
3237
3239
3240
3241
3242
3243
3244
3245
3246
3247
3248
3249
3250
3251
3252
3253
3254
3255
3256
3257
3258
3259
3260
3261
3262
3263
3264
3265
3266
3267
3268
3269
3270
3271
3278
3279
3280
3281
3282
3283
3286
3287
3288
3291
3292
3293
3354
3355
3356
3357
3358
3360
3361
3362
3363
3367
3368
3369
3370
3371
3373
3374
3376
3380
3381
3382
3383
3482
3484
3485
3486
3487
3492
3493
3494
3495
3496
3497
3572
3575
3576
3577
3578
3581
3585
3586
3588
3589
3590
3591
3592
3593
3594
3595
3596
3600
3601
3602
3603
3604
3605
3606
3607
3608
3609
3610
3611
3612
3613
3614
3616
3617
3621
3622
3626
3627
3660
3661
3662
3666
3667
3668
3670
3671
3672
3673
3674
3675
3676
3677
3678
3679
3682
3683
3684
3685
3686
3687
3688
3689
3690
3691
3692
3694
3695
3696
3697
3698
3699
3700
3701
3702
3711
3712
3713
3714
3715
3717
3723
3724
3725
3729
3730
3731
3792
3793
3799
3800
3801
3802
3803
3804
3805
3806
3809
3810
3811
3812
3813
3814
3815
3816
3819
3820
3821
3822
3826
3827
3828
3841
3842
3843
3857
3905
3916
3917
3918
3919
3920
3921
3922
3923
3924
3926
3927
3928
3929
3930
3931
3932
3958
3959
4031
4033
4035
4036
4037
4039
4040
4041
4042
4043
4049
4050
4051
4052
4053
4054
4055
4056
4057
4058
4059
4060
4061
4062
4063
4064
4065
4066
4067
4069
4070
4071
4114
4121
4122
4123
4124
4131
4132
4133
4134
4135
4136
4137
4138
4139
4140
4141
4144
4145
4146
4147
4148
4149
4150
4151
4152
4153
4154
4160
4161
4162
4163
4164
4165
4166
4179
4185
4186
4187
4191
4193
4194
4250
4251
4252
4253
4254
4256
4257
4258
4259
4260
4261
4262
4263
4264
4265
4266
4267
4268
4269
4270
4271
4272
4273
4274
4275
4276
4277
4278
4282
4283
4284
4285
4289
4290
4291
4292
4305
4306
4315
4316
4317
4318
4319
4320
4321
4377
4383
4384
4385
4386
4387
4388
4389
4390
4391
4395
4396
4397
4398
4399
4400
4410
4411
4412
4419
4420
4422
4423
4427
4429
4501
4503
4504
4505
4506
4507
4508
4509
4519
4520
4521
4522
4523
4524
4525
4526
4527
4528
4529
4530
4531
4532
4533
4587
4589
4590
4591
4593
4595
4596
4597
4598
4599
4602
4603
4604
4605
4609
4613
4621
4622
4623
4624
4625
4628
4643
4644
4647
4648
4722
4723
4724
4727
4728
4729
4730
4731
4732
4733
4734
4735
4736
4737
4738
4739
4740
4741
4742
4743
4744
4745
4746
4747
4748
4749
4750
4751
4752
4753
4755
4756
4757
4758
4759
4760
4764
4765
4766
4767
4768
4769
4771
4780
4781
4789
4790
4791
4792
4793
4794
4795
4796
4797
4798
4803
4804
4807
4856
4857
4858
4862
4866
4867
4870
4883
4884
4885
4886
4896
4897
4898
4899
4900
4901
4902
4904
4905
4906
4985
4987
4988
4989
4990
4991
5006
5007
5008
5009
5010
5011
5012
5013
5014
5015
5016
5090
5091
5095
5097
5101
5102
5103
5104
5105
5123
5124
5125
5126
5128
5153
5154
5155
5238
5239
5245
5246
5247
5248
5251
5252
5253
5254
5255
5256
5257
5258
5259
5260
5261
5262
5263
5265
5266
5267
5268
5269
5270
5271
5272
5273
5274
5275
5276
5277
5278
5279
5280
5281
5282
5284
5285
5286
5288
5289
5290
5291
5293
5294
5295
5297
5298
5303
5304
5305
5306
5307
5308
5317
5318
5319
5320
5321
5322
5323
5324
5328
5331
5332
5387
5388
5389
5393
5411
5412
5413
5414
5415
5416
5417
5421
5422
5423
5428
5429
5430
5431
5432
5435
5436
5437
5533
5537
5538
5539
5540
5548
5550
5552
5553
5554
5555
5556
5557
5558
5621
5622
5626
5632
5633
5634
5635
5636
5637
5638
5659
5660
5663
5666
5697
5698
5784
5785
5786
5787
5788
5789
5794
5795
5796
5798
5799
5800
5801
5802
5803
5804
5805
5806
5807
5808
5809
5810
5811
5812
5813
5814
5815
5816
5817
5818
5819
5820
5821
5822
5823
5827
5828
5830
5831
5834
5835
5836
5837
5838
5842
5843
5844
5845
5854
5855
5856
5857
5858
5859
5860
5861
5862
5863
5864
5865
5866
5867
5868
5869
5870
5871
5872
5921
5922
5923
5934
5935
5936
5937
5938
5939
5940
5941
5942
5943
5944
5947
5948
5949
5950
5951
5956
5957
5958
5959
5960
5961
5962
5963
5964
5965
5966
5967
5968
6054
6055
6073
6074
6150
6156
6157
6159
6161
6162
6163
6189
6194
6195
6218
6219
6307
6308
6309
6310
6311
6312
6313
6314
6315
6316
6317
6324
6325
6326
6327
6328
6329
6330
6331
6332
6333
6334
6335
6336
6337
6338
6339
6340
6341
6343
6344
6345
6346
6347
6348
6349
6350
6355
6356
6357
6358
6359
6361
6362
6363
6364
6366
6367
6368
6369
6370
6371
6372
6373
6374
6382
6383
6384
6385
6386
6387
6388
6389
6390
6391
6392
6393
6394
6395
6396
6397
6398
6399
6400
6401
6402
6403
6404
6405
6412
6413
6451
6452
6453
6458
6459
6460
6461
6462
6463
6464
6465
6466
6467
6468
6469
6470
6471
6472
6473
6474
6475
6476
6477
6478
6479
6480
6481
6488
6491
6492
6495
6496
6497
6498
6499
6707
6716
6717
6721
6746
6749
6771
6772
6773
6880
6881
6882
6884
6885
6886
6887
6888
6889
6890
6891
6892
6893
6899
6900
6902
6903
6904
6905
6906
6907
6908
6909
6910
6911
6912
6914
6915
6916
6923
6924
6926
6927
6928
6929
6930
6931
6932
6933
6934
6935
6936
6937
6938
6939
6940
6941
6942
6943
6944
6949
6950
6951
6952
6953
6954
6955
6956
6957
6958
6959
6960
6961
6962
6963
6964
6965
6966
6967
6968
6969
6970
6971
6972
6975
6976
6977
6978
6979
6992
7016
7017
7018
7019
7022
7023
7024
7026
7027
7028
7029
7030
7031
7032
7033
7034
7035
7036
7037
7038
7039
7040
7041
7044
7045
7046
7047
7048
7049
7050
7051
7052
7062
7063
7065
7066
7067
7068
7069
7077
7078
7265
7304
7419
7420
7421
7422
7423
7424
7427
7428
7429
7430
7431
7432
7433
7434
7435
7436
7440
7441
7443
7444
7445
7448
7449
7450
7451
7452
7453
7454
7455
7459
7466
7467
7468
7469
7470
7471
7472
7473
7474
7477
7478
7479
7480
7481
7482
7483
7484
7485
7486
7489
7490
7491
7492
7493
7494
7495
7496
7497
7498
7499
7500
7501
7502
7503
7504
7505
7506
7507
7508
7509
7510
7511
7512
7514
7515
7516
7517
7518
7519
7520
7521
7522
7527
7534
7535
7557
7558
7561
7563
7565
7566
7568
7569
7570
7571
7572
7573
7574
7575
7576
7577
7578
7579
7580
7581
7582
7583
7585
7587
7591
7592
7593
7594
7595
7596
7599
7600
7605
7606
7607
7613
7615
7616
7701
7771
7819
7935
7936
7937
7938
7939
7940
7942
7943
7946
7947
7948
7949
7950
7951
7952
7953
7954
7955
7956
7957
7964
7969
7970
7972
7973
7974
7975
7976
7984
7985
7986
7987
7988
7989
7990
7993
7994
7995
7996
7997
8000
8001
8002
8003
8005
8006
8007
8008
8009
8010
8011
8012
8013
8016
8017
8019
8021
8022
8023
8024
8025
8026
8027
8030
8031
8035
8036
8057
8058
8059
8062
8063
8064
8065
8066
8068
8069
8072
8073
8074
8075
8076
8077
8078
8079
8080
8081
8082
8083
8087
8088
8093
8094
8095
8098
8099
8100
8101
8106
8108
8109
8118
8120
8121
8122
8218
8318
8432
8433
8434
8435
8437
8438
8439
8440
8441
8442
8445
8446
8447
8448
8449
8450
8451
8462
8463
8464
8471
8472
8473
8474
8475
8476
8477
8482
8483
8484
8485
8486
8487
8491
8493
8496
8497
8498
8499
8500
8501
8502
8503
8504
8505
8506
8507
8508
8512
8514
8515
8516
8517
8518
8519
8520
8521
8522
8523
8524
8528
8529
8530
8554
8556
8557
8558
8559
8560
8561
8562
8563
8564
8565
8566
8568
8571
8572
8573
8577
8578
8579
8580
8581
8582
8583
8584
8585
8586
8602
8604
8605
8620
8621
8622
8623
8782
8816
8818
8902
8903
8904
8905
8906
8907
8908
8909
8910
8911
8912
8913
8914
8915
8916
8917
8918
8919
8920
8930
8936
8937
8938
8939
8940
8946
8947
8948
8949
8950
8951
8952
8953
8954
8966
8967
8969
8971
8973
8974
8975
8976
8979
8984
8985
8986
8987
8988
8989
8990
8991
8992
8993
8994
8995
8996
8997
8998
8999
9000
9001
9002
9031
9032
9033
9034
9035
9036
9037
9038
9039
9040
9041
9042
9048
9055
9059
9060
9062
9063
9064
9072
9073
9089
9090
9091
9092
9093
9094
9095
9298
9353
9354
9378
9379
9380
9381
9382
9383
9384
9385
9386
9387
9388
9389
9390
9391
9392
9393
9394
9395
9396
9397
9398
9399
9400
9401
9402
9403
9410
9415
9417
9418
9423
9424
9425
9426
9427
9428
9429
9430
9443
9444
9448
9449
9458
9459
9460
9461
9462
9463
9464
9465
9466
9467
9469
9470
9471
9472
9474
9475
9476
9477
9478
9479
9480
9481
9498
9499
9500
9502
9504
9511
9512
9513
9514
9516
9517
9518
9519
9520
9521
9522
9523
9524
9543
9544
9545
9546
9554
9555
9556
9557
9560
9561
9562
9563
9576
9577
9578
9579
9580
9581
9582
9583
9584
9585
9776
9777
9780
9781
9803
9804
9805
9806
9807
9808
9809
9872
9873
9874
9875
9876
9877
9878
9879
9880
9881
9882
9883
9884
9885
9886
9887
9888
9889
9890
9891
9892
9893
9894
9895
9896
9898
9906
9911
9912
9913
9914
9926
9929
9930
9940
9941
9942
9943
9946
9947
9948
9949
9950
9951
9952
9953
9954
9955
9956
9957
9958
9959
9960
9961
9963
9966
9967
9968
9983
9984
9985
9986
9987
9988
9989
9990
9997
9998
9999
10000
10001
10002
10005
10006
10007
10009
10011
10012
10013
10025
10026
10032
10033
10034
10035
10036
10037
10053
10054
10055
10056
10057
10058
10059
10060
10061
10062
10063
10252
10268
10269
10270
10271
10272
10273
10277
10278
10279
10280
10281
10282
10283
10284
10336
10337
10338
10339
10340
10341
10342
10343
10344
10345
10346
10347
10348
10349
10350
10351
10352
10353
10354
10356
10357
10358
10359
10360
10361
10362
10364
10365
10366
10367
10373
10374
10404
10405
10406
10407
10408
10409
10412
10413
10414
10415
10416
10417
10418
10419
10420
10421
10422
10425
10426
10427
10428
10429
10433
10434
10435
10439
10440
10441
10453
10455
10456
10457
10458
10459
10460
10461
10462
10465
10466
10467
10468
10473
10475
10479
10480
10496
10498
10504
10506
10507
10508
10509
10510
10511
10512
10513
10517
10531
10532
10533
10534
10535
10536
10537
10538
10539
10540
10541
10731
10747
10748
10749
10750
10751
10752
10753
10757
10758
10759
10760
10818
10819
10820
10821
10822
10823
10824
10825
10826
10827
10828
10829
10830
10831
10832
10834
10836
10837
10839
10840
10841
10844
10846
10876
10878
10879
10880
10881
10882
10883
10884
10885
10887
10888
10889
10890
10892
10893
10894
10895
10896
10897
10902
10903
10904
10905
10906
10908
10909
10910
10911
10912
10913
10914
10915
10916
10922
10923
10941
10942
10943
10944
10945
10946
10947
10951
10952
10953
10963
10964
10965
10966
10979
10980
10987
10988
10989
10990
10994
10995
10996
11002
11004
11005
11011
11012
11013
11014
11015
11112
11185
11186
11192
11193
11194
11195
11199
11200
11207
11208
11209
11210
11211
11213
11214
11215
11216
11217
11222
11223
11232
11233
11234
11284
11285
11286
11287
11288
11289
11290
11291
11292
11293
11294
11295
11297
11298
11301
11302
11303
11304
11307
11333
11334
11336
11337
11339
11340
11341
11342
11343
11344
11350
11351
11352
11353
11354
11355
11356
11357
11358
11359
11360
11361
11362
11364
11365
11366
11367
11368
11369
11370
11371
11379
11380
11396
11397
11398
11399
11400
11404
11409
11410
11421
11431
11432
11433
11434
11438
11440
11441
11442
11446
11448
11449
11450
11451
11452
11453
11456
11457
11458
11459
11460
11461
11462
11463
11629
11630
11634
11635
11636
11637
11639
11640
11641
11649
11650
11651
11652
11653
11654
11655
11656
11657
11658
11659
11660
11661
11662
11665
11678
11679
11735
11736
11737
11738
11739
11740
11741
11742
11746
11747
11748
11753
11756
11791
11792
11794
11796
11797
11804
11805
11806
11807
11808
11809
11810
11811
11812
11813
11814
11815
11816
11817
11818
11819
11820
11821
11822
11824
11825
11826
11827
11828
11829
11830
11831
11832
11854
11855
11856
11857
11858
11861
11867
11884
11885
11886
11887
11889
11890
11891
11896
11898
11899
11901
11909
11910
11911
11912
11914
11915
11919
11920
11921
11922
11924
12037
12038
12077
12078
12079
12085
12086
12087
12088
12089
12092
12093
12094
12095
12096
12097
12101
12102
12103
12104
12105
12106
12107
12108
12109
12110
12111
12112
12113
12114
12115
12116
12117
12119
12120
12121
12186
12187
12188
12190
12191
12192
12193
12194
12196
12204
12209
12211
12237
12240
12241
12242
12244
12245
12252
12253
12254
12256
12257
12259
12260
12261
12262
12263
12264
12265
12266
12267
12268
12269
12270
12271
12272
12273
12274
12275
12276
12277
12278
12279
12280
12281
12282
12303
12304
12308
12316
12335
12336
12337
12338
12339
12340
12341
12345
12346
12348
12349
12350
12351
12352
12353
12354
12355
12356
12358
12360
12361
12362
12363
12520
12521
12526
12527
12528
12529
12530
12534
12535
12536
12537
12538
12539
12543
12544
12545
12546
12547
12548
12549
12550
12551
12552
12553
12554
12555
12556
12557
12558
12559
12629
12630
12631
12632
12633
12634
12635
12636
12637
12651
12652
12688
12690
12692
12693
12694
12695
12696
12701
12704
12705
12711
12712
12713
12714
12715
12716
12717
12718
12719
12720
12721
12722
12723
12724
12725
12727
12728
12729
12730
12731
12732
12733
12734
12735
12736
12764
12765
12766
12789
12796
12797
12798
12799
12800
12801
12802
12807
12808
12809
12810
12811
12812
12813
12815
12816
12817
12818
12820
12821
12822
12823
12824
12826
12857
12985
12986
12993
12994
12996
12997
12998
12999
13000
13001
13002
13003
13006
13007
13008
13009
13010
13011
13012
13013
13014
13015
13016
13017
13018
13019
13021
13022
13023
13024
13025
13026
13027
13096
13097
13098
13099
13100
13101
13103
13112
13116
13153
13156
13161
13162
13168
13169
13170
13171
13172
13173
13174
13175
13178
13179
13180
13181
13182
13183
13184
13185
13186
13187
13188
13189
13190
13191
13192
13193
13194
13195
13196
13197
13198
13199
13205
13222
13223
13225
13226
13229
13231
13232
13260
13261
13262
13263
13264
13265
13266
13267
13268
13269
13270
13272
13273
13274
13275
13276
13277
13278
13279
13280
13281
13282
13283
13284
13285
13289
13321
13322
13324
13325
13451
13452
13455
13456
13457
13459
13460
13461
13462
13463
13464
13465
13466
13467
13468
13469
13470
13471
13472
13473
13478
13479
13480
13481
13482
13556
13558
13559
13600
13612
13613
13622
13623
13624
13625
13626
13627
13628
13629
13634
13635
13636
13637
13638
13639
13640
13641
13642
13643
13644
13645
13646
13647
13648
13649
13651
13677
13678
13679
13680
13681
13682
13683
13707
13709
13710
13711
13712
13713
13716
13717
13718
13719
13720
13721
13722
13723
13724
13725
13726
13727
13728
13729
13730
13731
13732
13733
13734
13735
13736
13737
13738
13739
13740
13743
13778
13781
13782
13783
13867
13868
13869
13870
13912
13918
13919
13921
13922
13923
13924
13925
13926
13927
13928
13929
13930
13931
13932
13933
13934
13939
13940
13941
13942
13943
13944
14010
14011
14062
14068
14069
14070
14071
14072
14073
14074
14075
14076
14077
14080
14081
14082
14083
14084
14085
14086
14087
14088
14089
14090
14092
14093
14094
14095
14100
14108
14127
14128
14129
14130
14131
14132
14133
14161
14162
14163
14164
14165
14166
14167
14168
14169
14170
14171
14172
14173
14174
14175
14176
14177
14178
14179
14180
14181
14183
14184
14185
14214
14215
14219
14220
14221
14222
14223
14224
14320
14322
14323
14324
14325
14326
14327
14329
14332
14333
14334
14368
14369
14371
14372
14373
14374
14375
14376
14377
14379
14380
14381
14386
14387
14388
14389
14390
14392
14476
14484
14485
14486
14487
14488
14489
14490
14491
14492
14493
14494
14497
14498
14499
14500
14501
14502
14503
14504
14505
14506
14507
14510
14511
14513
14529
14531
14538
14548
14549
14550
14551
14552
14553
14554
14555
14581
14582
14584
14586
14587
14588
14589
14592
14593
14595
14596
14597
14598
14599
14600
14601
14602
14603
14604
14635
14636
14637
14638
14639
14640
14641
14644
14645
14646
14647
14648
14649
14754
14755
14756
14757
14758
14759
14760
14761
14762
14763
14764
14765
14766
14767
14768
14769
14807
14808
14810
14811
14812
14813
14814
14815
14816
14817
14818
14819
14820
14821
14822
14829
14830
14831
14832
14833
14835
14836
14837
14949
14950
14951
14952
14954
14955
14956
14957
14958
14964
14965
14966
14967
14968
14969
14970
14971
14974
14975
14976
14977
14978
14979
14980
14999
15000
15007
15008
15009
15019
15020
15022
15024
15025
15026
15027
15028
15029
15030
15031
15032
15061
15063
15064
15065
15066
15068
15069
15070
15071
15072
15073
15075
15076
15109
15110
15111
15112
15113
15114
15115
15116
15117
15118
15119
15120
15121
15122
15194
15195
15196
15197
15214
15215
15220
15221
15222
15223
15224
15225
15226
15228
15229
15230
15231
15232
15233
15234
15269
15273
15274
15275
15276
15278
15279
15280
15281
15285
15286
15287
15292
15293
15297
15395
15398
15399
15400
15401
15402
15403
15404
15405
15408
15409
15410
15411
15412
15413
15414
15415
15418
15419
15420
15421
15422
15423
15424
15440
15441
15444
15445
15453
15454
15458
15459
15462
15463
15464
15465
15466
15467
15468
15469
15470
15471
15472
15494
15497
15500
15501
15502
15503
15504
15505
15506
15507
15508
15511
15514
15515
15516
15542
15543
15544
15545
15547
15548
15549
15550
15551
15552
15553
15554
15555
15556
15557
15648
15649
15650
15659
15660
15668
15669
15670
15671
15672
15673
15681
15682
15683
15686
15687
15688
15689
15690
15691
15692
15725
15726
15727
15728
15729
15731
15732
15733
15734
15735
15736
15742
15744
15745
15840
15841
15843
15844
15845
15846
15847
15848
15849
15853
15854
15855
15856
15857
15858
15859
15860
15861
15862
15863
15864
15866
15868
15869
15870
15871
15872
15891
15892
15894
15900
15901
15902
15903
15904
15908
15909
15912
15913
15914
15915
15916
15917
15918
15919
15920
15921
15922
15923
15924
15925
15926
15947
15952
15954
15955
15956
15957
15958
15959
15965
15966
15993
15994
15995
15996
15997
15998
15999
16000
16001
16094
16095
16096
16097
16098
16099
16113
16114
16118
16119
16120
16121
16122
16126
16127
16128
16129
16137
16138
16139
16140
16142
16143
16144
16145
16146
16147
16148
16149
16150
16151
16152
16188
16189
16190
16191
16193
16194
16195
16196
16197
16204
16310
16311
16313
16314
16315
16317
16323
16324
16325
16326
16327
16328
16329
16330
16331
16333
16337
16338
16339
16340
16341
16342
16352
16353
16354
16355
16356
16357
16358
16366
16367
16368
16369
16370
16371
16375
16376
16379
16380
16381
16382
16383
16384
16408
16413
16414
16416
16419
16420
16421
16422
16423
16424
16430
16431
16432
16433
16456
16457
16458
16459
16460
16461
16462
16463
16464
16465
16466
16467
16565
16566
16567
16568
16583
16584
16585
16589
16590
16592
16593
16596
16597
16598
16599
16600
16601
16602
16610
16611
16612
16613
16615
16616
16617
16618
16619
16620
16621
16622
16623
16624
16666
16668
16669
16673
16674
16675
16770
16771
16783
16784
16785
16786
16787
16790
16791
16793
16794
16795
16796
16797
16798
16799
16800
16801
16802
16804
16805
16806
16808
16809
16810
16811
16812
16827
16828
16829
16836
16837
16838
16839
16840
16841
16842
16843
16844
16845
16846
16847
16852
16853
16854
16855
16857
16858
16859
16860
16861
16862
16863
16864
16865
16897
16898
16901
16903
16904
16910
16911
16913
16914
16920
16921
16927
16928
16929
16930
16931
16932
16933
16934
17046
17047
17048
17049
17050
17051
17052
17069
17070
17071
17072
17073
17074
17080
17082
17083
17084
17085
17086
17087
17093
17094
17095
17096
17097
17098
17099
17100
17101
17102
17103
17111
17112
17113
17114
17115
17116
17117
17118
17119
17120
17158
17159
17162
17163
17164
17202
17204
17207
17208
17273
17282
17288
17289
17290
17291
17292
17293
17294
17295
17296
17297
17298
17299
17300
17302
17305
17306
17307
17308
17309
17319
17320
17321
17322
17325
17326
17329
17330
17331
17332
17333
17334
17335
17336
17337
17338
17343
17344
17347
17348
17349
17350
17351
17352
17353
17354
17390
17397
17398
17409
17410
17418
17419
17420
17422
17423
17526
17527
17528
17529
17530
17540
17541
17542
17543
17544
17545
17557
17558
17561
17562
17563
17564
17565
17566
17567
17568
17573
17574
17575
17576
17577
17578
17579
17580
17581
17583
17584
17585
17586
17587
17588
17591
17597
17633
17634
17675
17676
17682
17683
17741
17750
17757
17758
17759
17760
17761
17762
17763
17764
17765
17766
17767
17771
17772
17773
17774
17775
17782
17783
17784
17785
17786
17787
17788
17789
17791
17792
17793
17794
17795
17796
17797
17798
17799
17800
17801
17802
17803
17804
17810
17811
17812
17813
17858
17863
17864
17865
17866
17867
17868
17869
17870
17976
17977
17978
17980
17981
17982
17993
17994
17995
17996
17997
17998
17999
18000
18001
18007
18010
18011
18012
18013
18017
18018
18019
18020
18021
18022
18026
18027
18028
18029
18030
18031
18032
18033
18035
18037
18039
18040
18041
18042
18043
18044
18050
18051
18129
18130
18135
18141
18142
18143
18144
18145
18207
18208
18219
18220
18231
18232
18233
18235
18236
18237
18238
18239
18240
18241
18242
18243
18249
18250
18251
18252
18263
18264
18265
18266
18269
18271
18273
18274
18275
18276
18277
18278
18279
18280
18281
18282
18283
18284
18285
18286
18291
18292
18293
18294
18295
18345
18346
18347
18348
18456
18457
18458
18460
18461
18462
18469
18470
18471
18472
18473
18479
18483
18484
18485
18486
18487
18488
18489
18491
18492
18494
18495
18496
18497
18498
18499
18500
18501
18502
18503
18504
18505
18508
18510
18511
18513
18518
18519
18520
18521
18522
18523
18524
18525
18526
18527
18531
18596
18597
18598
18600
18602
18603
18604
18611
18612
18613
18615
18681
18690
18701
18702
18706
18707
18708
18709
18710
18712
18713
18714
18715
18716
18718
18722
18723
18724
18738
18739
18740
18741
18742
18745
18746
18749
18750
18751
18752
18753
18754
18755
18756
18757
18758
18759
18760
18761
18762
18763
18764
18765
18770
18771
18772
18773
18774
18775
18776
18821
18822
18823
18933
18934
18935
18937
18938
18949
18950
18957
18959
18960
18961
18962
18963
18964
18965
18966
18967
18968
18970
18971
18972
18973
18975
18976
18977
18978
18981
18987
18991
18992
18993
18994
18995
18996
18997
18998
18999
19000
19001
19003
19004
19051
19052
19053
19054
19055
19057
19058
19059
19064
19065
19066
19067
19069
19072
19142
19152
19160
19168
19169
19170
19171
19172
19173
19174
19175
19176
19178
19179
19180
19181
19200
19201
19202
19203
19204
19205
19206
19207
19208
19209
19211
19212
19213
19214
19215
19216
19217
19218
19219
19220
19221
19222
19223
19229
19230
19231
19232
19233
19234
19235
19272
19393
19394
19396
19397
19398
19411
19412
19420
19421
19422
19423
19424
19425
19426
19427
19428
19429
19430
19431
19432
19433
19434
19435
19436
19437
19438
19439
19440
19441
19442
19443
19444
19450
19451
19452
19459
19460
19461
19462
19463
19464
19465
19466
19467
19468
19470
19471
19474
19516
19517
19518
19519
19521
19524
19525
19529
19530
19531
19532
19609
19616
19617
19623
19624
19625
19626
19628
19630
19631
19633
19658
19659
19660
19661
19662
19663
19664
19665
19667
19671
19673
19674
19675
19676
19677
19678
19679
19680
19681
19682
19683
19684
19685
19691
19692
19693
19694
19696
19697
19698
19699
19857
19859
19868
19869
19873
19874
19875
19876
19878
19879
19880
19881
19882
19883
19884
19885
19886
19887
19888
19889
19890
19891
19892
19893
19894
19895
19896
19897
19899
19900
19901
19902
19903
19918
19921
19922
19923
19924
19925
19926
19927
19928
19929
19930
19931
19933
19934
19935
19986
19987
19989
19990
19991
19992
19994
19995
19996
19997
20073
20086
20087
20090
20091
20092
20093
20094
20095
20096
20117
20118
20120
20121
20122
20123
20124
20127
20128
20129
20130
20133
20135
20136
20137
20138
20139
20140
20141
20142
20143
20146
20148
20149
20151
20152
20153
20293
20297
20299
20308
20314
20315
20316
20319
20320
20321
20322
20324
20325
20326
20327
20328
20329
20330
20331
20332
20333
20334
20335
20336
20337
20338
20339
20340
20341
20342
20343
20344
20345
20348
20350
20351
20361
20362
20368
20369
20370
20371
20372
20373
20374
20375
20376
20377
20378
20379
20380
20381
20382
20387
20427
20429
20430
20431
20432
20433
20434
20435
20436
20437
20438
20439
20440
20441
20442
20443
20446
20447
20448
20449
20450
20451
20528
20529
20532
20533
20534
20535
20565
20566
20567
20568
20569
20570
20573
20574
20575
20579
20580
20582
20583
20584
20585
20586
20587
20588
20589
20590
20591
20592
20593
20594
20595
20596
20735
20736
20745
20746
20755
20756
20757
20758
20759
20760
20761
20762
20765
20766
20767
20768
20769
20770
20771
20772
20773
20774
20775
20776
20777
20778
20779
20780
20781
20784
20785
20786
20787
20788
20789
20790
20795
20808
20814
20815
20816
20817
20818
20819
20820
20821
20822
20823
20824
20825
20830
20831
20832
20886
20887
20889
20890
20891
20892
20893
20894
20895
20896
20897
20898
20899
20900
20903
20904
20906
20907
20908
20909
20910
20911
20912
20913
20958
20960
20996
20997
21021
21022
21023
21024
21025
21026
21027
21028
21032
21033
21034
21036
21037
21041
21042
21043
21044
21046
21047
21048
21049
21050
21051
21052
21053
21055
21056
21057
21058
21059
21061
21062
21199
21200
21203
21204
21217
21218
21219
21220
21221
21222
21223
21224
21225
21226
21227
21228
21232
21233
21234
21235
21236
21237
21238
21239
21240
21246
21247
21248
21250
21251
21253
21254
21255
21256
21283
21284
21285
21286
21287
21288
21289
21290
21291
21292
21293
21294
21295
21296
21298
21299
21300
21302
21303
21350
21351
21355
21358
21359
21360
21361
21362
21363
21364
21365
21367
21368
21369
21370
21371
21372
21373
21374
21375
21376
21377
21378
21379
21380
21381
21384
21385
21387
21422
21423
21424
21462
21463
21464
21495
21496
21497
21498
21499
21504
21505
21506
21507
21508
21513
21514
21515
21516
21520
21521
21522
21523
21524
21525
21526
21529
21531
21659
21664
21674
21675
21676
21677
21678
21679
21680
21681
21682
21683
21684
21685
21686
21687
21688
21689
21690
21691
21692
21693
21694
21695
21696
21697
21698
21700
21702
21703
21704
21713
21714
21716
21717
21718
21740
21746
21747
21748
21749
21750
21752
21753
21754
21755
21756
21757
21758
21759
21807
21808
21809
21810
21812
21813
21814
21815
21817
21818
21819
21820
21821
21822
21825
21826
21827
21828
21829
21830
21831
21832
21833
21834
21835
21836
21837
21838
21839
21876
21877
21878
21879
21881
21910
21948
21949
21950
21951
21952
21953
21954
21955
21964
21965
21966
21967
21968
21969
21970
21971
21972
21977
21978
21979
21980
22102
22103
22104
22105
22116
22117
22118
22119
22120
22121
22122
22123
22124
22125
22126
22127
22128
22129
22130
22131
22132
22133
22134
22135
22136
22137
22138
22139
22141
22142
22143
22147
22148
22149
22150
22151
22165
22166
22167
22168
22192
22196
22197
22198
22199
22200
22201
22202
22203
22204
22205
22206
22207
22257
22261
22262
22263
22264
22266
22271
22272
22278
22279
22281
22283
22284
22285
22286
22287
22288
22289
22290
22328
22329
22330
22331
22332
22404
22405
22406
22407
22408
22409
22410
22411
22412
22423
22424
22425
22426
22427
22428
22429
22430
22431
22435
22436
22437
22438
22529
22556
22557
22558
22559
22562
22567
22568
22569
22570
22571
22572
22573
22574
22575
22576
22577
22578
22579
22581
22582
22583
22584
22585
22586
22587
22588
22589
22590
22591
22592
22593
22594
22595
22596
22597
22598
22599
22601
22603
22605
22607
22611
22614
22615
22616
22617
22618
22634
22656
22660
22661
22662
22663
22664
22665
22666
22667
22718
22719
22720
22721
22722
22723
22727
22728
22736
22737
22738
22739
22740
22741
22742
22743
22744
22746
22787
22788
22789
22790
22791
22865
22866
22867
22868
22869
22870
22871
22873
22880
22882
22883
22884
22886
22887
22888
22892
22893
22895
22994
22995
22997
22999
23000
23019
23020
23021
23022
23023
23028
23029
23030
23031
23032
23033
23035
23037
23038
23039
23040
23041
23042
23043
23044
23045
23046
23050
23051
23052
23053
23054
23055
23056
23057
23058
23059
23060
23061
23063
23069
23070
23074
23081
23082
23083
23084
23085
23086
23087
23088
23125
23126
23127
23128
23129
23184
23185
23186
23187
23189
23190
23191
23192
23193
23194
23195
23204
23205
23206
23207
23208
23209
23210
23211
23212
23213
23214
23237
23238
23244
23245
23257
23258
23259
23260
23261
23262
23333
23334
23335
23336
23337
23338
23339
23340
23341
23349
23350
23351
23352
23353
23354
23355
23356
23361
23362
23363
23364
23366
23422
23423
23442
23443
23444
23476
23477
23478
23479
23481
23484
23485
23513
23514
23521
23522
23523
23524
23525
23526
23527
23528
23529
23534
23535
23536
23538
23541
23542
23543
23544
23545
23546
23547
23548
23549
23550
23551
23563
23564
23565
23566
23569
23575
23577
23578
23579
23580
23581
23582
23583
23617
23618
23619
23620
23621
23622
23623
23624
23686
23687
23688
23689
23690
23693
23694
23695
23696
23697
23698
23699
23700
23701
23702
23710
23711
23712
23713
23714
23715
23716
23737
23738
23746
23748
23757
23758
23759
23760
23761
23762
23763
23835
23836
23837
23838
23839
23840
23841
23848
23849
23850
23851
23852
23853
23860
23861
23865
23866
23910
23920
23921
23922
23942
23944
23945
23946
23947
23948
23975
23976
23982
23983
23985
23986
24017
24018
24019
24024
24027
24028
24029
24030
24032
24033
24034
24035
24036
24041
24042
24043
24044
24045
24046
24047
24048
24053
24057
24058
24060
24076
24077
24078
24079
24080
24081
24082
24083
24107
24108
24109
24110
24111
24112
24113
24114
24115
24116
24117
24118
24119
24120
24189
24190
24191
24192
24193
24196
24199
24200
24201
24202
24203
24204
24205
24206
24207
24208
24209
24210
24212
24213
24220
24221
24222
24223
24224
24251
24252
24260
24264
24265
24266
24267
24268
24269
24270
24287
24288
24337
24338
24339
24340
24341
24347
24348
24349
24350
24351
24352
24358
24359
24360
24362
24363
24364
24399
24403
24407
24408
24409
24410
24411
24412
24446
24447
24448
24449
24450
24464
24465
24466
24467
24478
24480
24481
24487
24488
24489
24490
24491
24492
24528
24529
24530
24534
24535
24536
24537
24538
24541
24549
24550
24551
24562
24563
24570
24571
24573
24588
24589
24590
24591
24592
24593
24594
24595
24596
24597
24616
24617
24618
24619
24620
24621
24622
24623
24624
24625
24626
24627
24628
24695
24696
24697
24699
24700
24704
24705
24706
24707
24708
24709
24710
24711
24712
24713
24715
24721
24722
24723
24724
24725
24726
24727
24728
24729
24751
24757
24758
24761
24762
24763
24764
24765
24766
24837
24838
24839
24840
24841
24842
24850
24851
24852
24853
24855
24862
24863
24866
24867
24868
24869
24902
24903
24908
24909
24910
24911
24912
24913
24914
24915
24916
24949
24950
24951
24952
24953
24954
24955
24975
24976
24978
24979
24991
24993
24994
24995
24996
24997
24998
24999
25041
25042
25045
25046
25047
25051
25058
25068
25077
25078
25092
25093
25095
25096
25097
25098
25099
25100
25101
25112
25113
25114
25115
25116
25117
25118
25119
25120
25121
25122
25123
25124
25187
25188
25189
25195
25196
25197
25198
25199
25200
25201
25202
25203
25204
25205
25212
25213
25214
25215
25216
25217
25224
25233
25234
25240
25241
25310
25311
25312
25313
25314
25324
25325
25326
25330
25334
25335
25336
25337
25341
25342
25343
25344
25345
25385
25387
25388
25389
25390
25391
25392
25393
25394
25395
25396
25397
25398
25399
25432
25433
25434
25435
25436
25437
25438
25439
25440
25441
25442
25443
25444
25445
25447
25462
25463
25472
25473
25474
25475
25476
25478
25479
25480
25518
25562
25563
25564
25581
25582
25583
25584
25585
25586
25587
25598
25599
25600
25601
25602
25603
25604
25605
25606
25607
25608
25609
25610
25611
25683
25693
25694
25695
25696
25697
25698
25699
25700
25701
25703
25705
25706
25708
25709
25710
25711
25718
25719
25720
25721
25722
25728
25729
25730
25744
25745
25807
25810
25811
25816
25819
25820
25824
25825
25826
25827
25830
25831
25832
25833
25834
25835
25864
25865
25866
25867
25868
25869
25870
25871
25872
25873
25874
25875
25876
25878
25908
25909
25911
25913
25914
25915
25916
25917
25918
25919
25920
25921
25922
25923
25924
25942
25948
25949
25950
25951
25952
25953
25954
25955
26033
26034
26040
26041
26042
26043
26056
26058
26059
26060
26061
26062
26063
26068
26069
26070
26071
26072
26073
26074
26075
26076
26077
26078
26144
26145
26156
26157
26158
26159
26160
26161
26162
26163
26164
26165
26166
26167
26168
26169
26174
26175
26182
26183
26184
26245
26246
26247
26248
26249
26259
26260
26261
26262
26265
26266
26267
26268
26269
26270
26271
26297
26298
26299
26301
26304
26305
26333
26334
26335
26337
26338
26339
26340
26341
26342
26343
26344
26345
26346
26347
26348
26349
26357
26358
26359
26370
26371
26372
26373
26374
26375
26456
26457
26468
26471
26472
26473
26495
26496
26497
26498
26502
26503
26504
26505
26506
26507
26508
26509
26510
26583
26584
26587
26595
26596
26597
26598
26599
26600
26601
26603
26604
26605
26606
26607
26610
26611
26612
26616
26617
26621
26622
26624
26683
26691
26692
26693
26694
26695
26698
26699
26700
26701
26702
26703
26704
26705
26708
26709
26741
26742
26743
26745
26746
26747
26767
26771
26772
26773
26774
26776
26777
26778
26779
26780
26781
26782
26783
26784
26785
26790
26805
26806
26807
26808
26809
26810
26811
26895
26908
26909
26913
26914
26915
26916
26917
26934
26935
26936
26937
26938
26939
26940
26941
26942
27017
27026
27034
27035
27036
27037
27038
27039
27040
27041
27042
27043
27044
27045
27046
27048
27049
27051
27052
27053
27054
27055
27057
27061
27062
27114
27123
27124
27125
27126
27128
27131
27133
27134
27135
27136
27137
27138
27139
27141
27171
27172
27173
27174
27175
27176
27177
27179
27180
27181
27182
27183
27185
27200
27201
27205
27206
27207
27209
27210
27211
27212
27213
27214
27215
27216
27219
27220
27221
27222
27223
27231
27232
27233
27234
27235
27239
27240
27241
27246
27247
27248
27249
27347
27348
27351
27352
27353
27373
27374
27375
27376
27377
27378
27379
27380
27381
27382
27383
27458
27459
27466
27467
27468
27469
27476
27477
27478
27479
27480
27481
27482
27483
27484
27485
27486
27487
27493
27494
27550
27551
27552
27553
27554
27555
27561
27562
27563
27564
27566
27567
27568
27569
27570
27571
27572
27573
27576
27611
27612
27613
27614
27615
27616
27619
27620
27621
27622
27623
27641
27643
27644
27645
27646
27647
27648
27649
27650
27651
27657
27659
27660
27661
27662
27663
27664
27670
27671
27672
27673
27674
27675
27676
27677
27680
27688
27778
27779
27780
27781
27782
27783
27784
27785
27804
27805
27808
27809
27810
27811
27812
27813
27814
27815
27816
27904
27905
27907
27908
27909
27917
27918
27919
27920
27921
27922
27923
27924
27925
27927
27928
27929
27935
27936
27937
27938
27993
27994
27995
27996
27997
27999
28000
28001
28005
28006
28007
28008
28009
28010
28011
28012
28013
28014
28015
28016
28017
28018
28019
28023
28024
28063
28064
28066
28067
28069
28070
28081
28082
28083
28085
28086
28087
28093
28094
28097
28098
28099
28100
28103
28106
28107
28108
28109
28111
28114
28121
28202
28203
28204
28205
28206
28208
28232
28237
28238
28239
28240
28241
28242
28243
28244
28245
28246
28317
28318
28332
28336
28337
28338
28346
28347
28348
28349
28350
28351
28352
28353
28356
28357
28358
28359
28360
28362
28363
28364
28418
28419
28420
28423
28424
28425
28430
28431
28432
28434
28435
28436
28437
28438
28440
28441
28442
28443
28444
28445
28446
28451
28488
28489
28491
28492
28493
28494
28495
28496
28497
28498
28500
28504
28505
28507
28510
28511
28512
28513
28514
28519
28520
28521
28522
28523
28524
28526
28527
28530
28532
28533
28534
28535
28536
28545
28578
28636
28637
28638
28639
28640
28651
28652
28653
28664
28670
28671
28672
28673
28674
28675
28676
28746
28747
28766
28776
28777
28778
28779
28780
28781
28782
28783
28784
28785
28786
28789
28790
28834
28835
28838
28839
28841
28842
28843
28849
28850
28851
28853
28854
28855
28856
28857
28858
28860
28861
28862
28863
28864
28865
28873
28915
28916
28917
28918
28919
28920
28921
28922
28923
28925
28930
28931
28932
28933
28935
28940
28941
28942
28943
28944
28951
28952
28953
28954
28955
28956
28957
28960
28961
28962
28963
28964
28965
28966
28967
28968
28969
28974
28975
29007
29009
29010
29067
29068
29069
29070
29071
29072
29085
29086
29087
29088
29089
29090
29102
29103
29108
29109
29110
29111
29112
29183
29184
29185
29191
29192
29206
29207
29208
29209
29210
29211
29212
29213
29214
29215
29216
29217
29218
29220
29221
29222
29272
29274
29279
29285
29286
29287
29288
29289
29290
29291
29292
29293
29294
29295
29296
29297
29298
29299
29300
29302
29303
29304
29305
29306
29307
29352
29353
29354
29355
29356
29358
29359
29360
29361
29362
29363
29364
29369
29371
29372
29373
29375
29376
29381
29382
29383
29384
29385
29386
29387
29388
29389
29390
29391
29392
29393
29394
29395
29396
29402
29403
29409
29411
29412
29413
29446
29497
29511
29512
29513
29514
29515
29516
29517
29518
29519
29520
29521
29530
29531
29532
29534
29535
29552
29635
29636
29637
29638
29639
29643
29648
29650
29651
29652
29653
29654
29655
29656
29657
29658
29659
29660
29661
29662
29706
29710
29711
29712
29713
29716
29717
29718
29719
29720
29721
29722
29724
29725
29726
29727
29728
29729
29730
29731
29779
29780
29781
29782
29783
29784
29785
29786
29787
29788
29791
29793
29794
29795
29796
29797
29798
29799
29800
29801
29802
29803
29804
29805
29806
29807
29808
29809
29810
29811
29812
29813
29815
29821
29822
29832
29834
29835
29857
29858
29859
29877
29878
29942
29943
29944
29945
29946
29947
29948
29949
29950
29958
29959
29960
29961
29962
29963
29964
29983
29991
29998
29999
30076
30081
30082
30089
30093
30094
30095
30096
30097
30098
30099
30100
30101
30102
30103
30147
30148
30151
30152
30153
30157
30158
30159
30160
30162
30163
30164
30166
30167
30168
30169
30217
30218
30219
30220
30221
30222
30223
30224
30225
30227
30233
30236
30237
30238
30239
30240
30241
30242
30243
30244
30245
30246
30247
30248
30249
30250
30251
30252
30253
30256
30260
30261
30262
30263
30264
30265
30266
30267
30274
30275
30276
30277
30278
30280
30300
30301
30320
30321
30372
30373
30388
30389
30390
30392
30393
30394
30401
30402
30403
30404
30405
30406
30407
30408
30409
30410
30431
30438
30439
30440
30441
30444
30445
30446
30447
30534
30535
30537
30539
30540
30544
30545
30546
30547
30548
30549
30550
30551
30596
30599
30600
30601
30602
30607
30608
30609
30610
30614
30615
30616
30665
30666
30667
30668
30670
30671
30672
30673
30675
30676
30677
30678
30679
30680
30681
30682
30683
30684
30685
30686
30687
30688
30691
30692
30697
30698
30699
30700
30703
30704
30705
30707
30708
30709
30710
30713
30735
30737
30804
30805
30808
30826
30827
30828
30829
30830
30831
30832
30838
30839
30840
30841
30842
30873
30874
30876
30877
30879
30881
30882
30884
30885
30976
30977
30978
30979
30980
30982
30983
30984
31014
31016
31017
31018
31023
31024
31025
31027
31029
31030
31031
31032
31079
31080
31081
31082
31083
31086
31087
31088
31089
31090
31091
31092
31093
31094
31095
31096
31097
31098
31099
31100
31101
31102
31103
31104
31107
31109
31110
31111
31112
31114
31116
31117
31118
31119
31121
31132
31149
31150
31151
31152
31153
31227
31228
31229
31233
31234
31235
31258
31260
31261
31262
31263
31264
31265
31266
31267
31270
31271
31272
31273
31274
31275
31316
31317
31318
31319
31320
31323
31324
31325
31326
31327
31328
31330
31331
31332
31411
31412
31413
31414
31415
31416
31417
31418
31419
31427
31428
31456
31457
31461
31462
31463
31464
31468
31471
31473
31474
31527
31528
31529
31530
31531
31532
31533
31534
31535
31536
31537
31538
31539
31540
31541
31542
31543
31544
31545
31546
31547
31549
31550
31551
31555
31556
31557
31558
31568
31569
31570
31571
31572
31581
31582
31583
31584
31585
31635
31636
31637
31650
31653
31654
31681
31682
31683
31684
31685
31686
31691
31693
31694
31695
31696
31698
31699
31700
31749
31750
31751
31752
31753
31754
31755
31756
31757
31759
31760
31761
31762
31765
31766
31839
31840
31841
31842
31850
31851
31868
31869
31870
31871
31876
31877
31881
31882
31883
31930
31931
31932
31933
31934
31935
31936
31937
31938
31939
31940
31941
31942
31943
31944
31947
31948
31949
31950
31952
31953
31954
31963
31966
31967
31975
31976
31977
31978
31979
31980
31981
32049
32050
32051
32053
32054
32055
32056
32057
32058
32059
32060
32061
32069
32070
32074
32075
32076
32077
32078
32079
32102
32105
32106
32107
32112
32115
32116
32152
32163
32164
32165
32166
32167
32168
32169
32170
32171
32172
32173
32174
32175
32176
32177
32178
32180
32181
32182
32266
32267
32269
32270
32271
32276
32294
32295
32296
32297
32298
32299
32300
32301
32302
32303
32304
32306
32307
32352
32353
32354
32355
32356
32357
32358
32359
32360
32361
32362
32363
32364
32366
32367
32368
32375
32376
32378
32379
32380
32381
32382
32383
32396
32397
32398
32399
32400
32401
32468
32470
32473
32474
32475
32476
32477
32478
32479
32480
32481
32482
32483
32484
32485
32491
32492
32493
32496
32497
32499
32500
32501
32529
32530
32531
32532
32533
32534
32535
32536
32540
32541
32542
32543
32577
32578
32588
32589
32590
32591
32593
32594
32595
32596
32597
32598
32599
32600
32601
32602
32603
32604
32605
32606
32609
32610
32611
32612
32698
32699
32710
32711
32712
32713
32714
32715
32716
32717
32721
32762
32763
32764
32765
32766
32767
32768
32769
32770
32771
32772
32780
32781
32782
32783
32784
32786
32787
32788
32789
32790
32791
32801
32802
32803
32804
32833
32834
32835
32845
32846
32864
32865
32873
32874
32877
32878
32879
32880
32881
32882
32883
32884
32885
32886
32887
32888
32889
32890
32891
32897
32900
32901
32902
32903
32905
32906
32930
32931
32932
32933
32934
32935
32936
32937
32944
32945
32946
32983
32994
32995
32996
32997
32998
33000
33001
33002
33003
33004
33005
33006
33007
33008
33009
33010
33011
33012
33093
33094
33095
33111
33112
33120
33121
33122
33123
33124
33125
33126
33127
33138
33182
33183
33184
33185
33186
33187
33188
33189
33190
33191
33192
33193
33194
33195
33200
33201
33203
33204
33205
33206
33207
33208
33209
33210
33211
33226
33227
33228
33229
33258
33259
33260
33261
33268
33269
33279
33280
33308
33309
33310
33311
33317
33319
33320
33323
33324
33325
33326
33327
33328
33329
33330
33331
33332
33333
33334
33335
33340
33341
33342
33343
33344
33345
33346
33347
33348
33370
33371
33376
33377
33378
33379
33380
33381
33384
33385
33386
33422
33435
33437
33438
33439
33440
33441
33442
33443
33444
33445
33446
33447
33448
33449
33450
33451
33452
33453
33454
33464
33482
33483
33486
33547
33548
33549
33552
33570
33571
33572
33573
33574
33575
33576
33577
33578
33579
33581
33582
33594
33595
33635
33636
33637
33638
33639
33640
33641
33642
33643
33644
33645
33646
33647
33648
33650
33651
33652
33654
33655
33656
33657
33658
33659
33660
33661
33674
33675
33703
33704
33705
33707
33708
33716
33717
33718
33729
33730
33757
33758
33764
33765
33766
33769
33770
33772
33773
33774
33775
33776
33777
33778
33779
33780
33786
33787
33788
33789
33790
33791
33792
33793
33794
33795
33796
33797
33813
33814
33815
33816
33820
33821
33822
33828
33829
33832
33835
33872
33883
33884
33885
33886
33887
33888
33889
33890
33891
33892
33893
33894
33895
33896
33897
33909
33910
33911
33926
33927
33928
33929
33930
33932
33933
33936
33989
33990
33991
33995
34015
34017
34018
34019
34020
34021
34022
34023
34024
34025
34079
34080
34081
34082
34083
34084
34085
34086
34087
34088
34089
34092
34093
34097
34098
34099
34100
34101
34102
34103
34104
34143
34144
34145
34146
34147
34148
34149
34150
34151
34160
34161
34162
34163
34179
34180
34181
34182
34183
34188
34216
34217
34218
34219
34220
34225
34226
34227
34228
34229
34230
34231
34232
34233
34234
34235
34236
34237
34238
34239
34240
34241
34242
34243
34248
34249
34250
34251
34252
34270
34271
34272
34274
34275
34276
34278
34279
34280
34281
34285
34289
34290
34291
34292
34293
34294
34297
34317
34318
34344
34345
34346
34347
34348
34349
34350
34351
34352
34353
34366
34367
34368
34391
34392
34393
34394
34395
34397
34398
34399
34458
34459
34460
34461
34478
34479
34481
34483
34484
34485
34486
34487
34544
34545
34546
34547
34549
34550
34551
34552
34553
34554
34555
34556
34557
34606
34607
34608
34609
34612
34613
34630
34631
34636
34637
34670
34671
34672
34673
34674
34675
34679
34680
34681
34682
34683
34684
34685
34686
34687
34688
34689
34690
34691
34692
34693
34726
34727
34730
34731
34732
34734
34735
34736
34737
34741
34744
34745
34764
34765
34766
34784
34792
34798
34799
34800
34801
34802
34803
34804
34805
34806
34807
34808
34809
34810
34811
34812
34813
34814
34815
34816
34822
34823
34832
34833
34856
34857
34858
34859
34860
34861
34862
34863
34864
34865
34866
34867
34868
34869
34870
34937
34938
34955
34956
34961
34962
34963
34964
34965
34984
34985
35014
35015
35016
35017
35018
35019
35020
35021
35022
35023
35024
35025
35026
35063
35064
35065
35066
35068
35069
35070
35071
35072
35073
35077
35078
35079
35095
35096
35098
35102
35103
35133
35134
35135
35136
35137
35138
35139
35140
35144
35145
35146
35147
35148
35149
35150
35151
35152
35153
35154
35156
35158
35159
35160
35161
35184
35185
35188
35189
35190
35191
35192
35193
35194
35195
35196
35200
35201
35202
35203
35227
35228
35229
35230
35254
35255
35271
35272
35273
35274
35275
35276
35277
35278
35279
35280
35281
35282
35283
35285
35288
35289
35300
35301
35302
35303
35304
35321
35322
35323
35324
35325
35326
35327
35328
35329
35330
35331
35332
35333
35334
35335
35394
35395
35409
35410
35412
35415
35416
35417
35418
35420
35444
35445
35473
35474
35475
35476
35477
35478
35479
35480
35481
35482
35483
35484
35521
35522
35525
35526
35527
35528
35529
35530
35531
35536
35537
35538
35551
35552
35554
35559
35560
35592
35596
35597
35598
35599
35605
35606
35607
35609
35610
35611
35612
35613
35614
35615
35616
35617
35618
35619
35620
35621
35622
35624
35625
35626
35655
35656
35657
35660
35661
35662
35663
35664
35665
35666
35667
35668
35694
35717
35729
35730
35731
35732
35733
35734
35735
35736
35737
35738
35739
35741
35742
35743
35745
35746
35763
35764
35765
35766
35767
35768
35775
35776
35786
35787
35788
35789
35790
35791
35792
35794
35795
35796
35797
35798
35799
35800
35801
35802
35803
35804
35805
35806
35807
35808
35888
35890
35917
35942
35943
35944
35945
35948
35988
35989
35990
35991
35992
35995
35996
36014
36015
36019
36020
36056
36058
36059
36060
36061
36062
36068
36069
36070
36071
36072
36077
36078
36079
36080
36082
36083
36084
36085
36086
36087
36088
36089
36092
36093
36122
36123
36124
36125
36126
36127
36128
36130
36131
36193
36194
36195
36196
36197
36198
36199
36200
36201
36202
36203
36205
36206
36208
36209
36220
36221
36222
36223
36224
36226
36235
36245
36246
36247
36248
36249
36250
36251
36252
36253
36254
36255
36256
36258
36259
36260
36261
36262
36263
36264
36265
36266
36267
36268
36348
36368
36393
36394
36395
36396
36397
36398
36399
36400
36401
36402
36439
36440
36441
36442
36448
36449
36450
36471
36472
36473
36474
36475
36478
36479
36480
36518
36519
36520
36523
36524
36527
36528
36529
36530
36531
36532
36533
36534
36539
36540
36541
36548
36549
36552
36553
36554
36555
36556
36557
36559
36561
36562
36585
36587
36588
36589
36590
36592
36593
36595
36662
36663
36664
36665
36666
36667
36668
36669
36670
36671
36672
36673
36674
36675
36677
36682
36690
36691
36692
36693
36694
36695
36696
36697
36708
36709
36710
36716
36717
36718
36719
36720
36721
36722
36723
36724
36725
36726
36728
36730
36731
36732
36733
36734
36735
36736
36737
36738
36740
36741
36867
36868
36869
36870
36871
36903
36904
36905
36906
36910
36933
36934
36935
36936
36987
36988
36989
36990
36991
36992
36994
36995
36997
36998
36999
37000
37001
37002
37003
37004
37009
37018
37021
37022
37023
37024
37025
37026
37027
37028
37029
37030
37031
37032
37034
37035
37036
37037
37071
37072
37073
37074
37075
37076
37077
37078
37079
37081
37148
37149
37150
37151
37152
37153
37154
37155
37156
37157
37158
37159
37160
37161
37162
37177
37178
37179
37180
37181
37182
37189
37200
37201
37202
37203
37204
37205
37206
37207
37208
37209
37210
37211
37212
37214
37215
37217
37218
37220
37221
37222
37226
37227
37228
37229
37357
37358
37359
37360
37361
37363
37389
37390
37391
37395
37418
37419
37420
37480
37481
37482
37483
37484
37485
37486
37489
37490
37494
37495
37496
37497
37498
37499
37500
37501
37502
37505
37511
37516
37517
37518
37519
37520
37521
37522
37523
37524
37525
37526
37527
37528
37560
37561
37562
37563
37564
37565
37567
37568
37571
37572
37634
37635
37636
37637
37638
37639
37640
37641
37642
37643
37644
37645
37646
37647
37648
37659
37660
37661
37664
37665
37667
37675
37685
37686
37687
37688
37689
37690
37691
37692
37693
37694
37702
37704
37706
37710
37711
37819
37820
37824
37825
37826
37827
37846
37847
37849
37850
37851
37857
37875
37876
37877
37885
37886
37887
37936
37939
37940
37941
37949
37950
37951
37952
37955
37956
37959
37960
37961
37962
37963
37964
37965
37982
37983
37985
37986
37987
37988
37989
37990
38024
38025
38026
38027
38028
38030
38089
38090
38091
38093
38094
38096
38097
38098
38099
38100
38101
38102
38103
38104
38105
38106
38107
38108
38109
38110
38114
38115
38118
38119
38121
38122
38123
38124
38125
38126
38127
38135
38136
38137
38142
38144
38145
38146
38147
38148
38149
38150
38151
38153
38154
38158
38159
38160
38163
38168
38169
38170
38278
38279
38280
38281
38282
38301
38302
38303
38304
38305
38306
38307
38329
38332
38392
38393
38394
38398
38399
38400
38401
38406
38407
38408
38409
38410
38411
38412
38413
38415
38416
38417
38420
38421
38422
38442
38444
38445
38446
38447
38448
38449
38450
38451
38479
38480
38481
38482
38483
38484
38540
38541
38542
38543
38544
38545
38546
38547
38549
38550
38551
38552
38553
38554
38555
38556
38557
38558
38559
38560
38561
38562
38563
38571
38572
38575
38576
38577
38578
38588
38589
38590
38595
38596
38597
38598
38599
38601
38602
38604
38606
38613
38614
38615
38616
38617
38620
38621
38622
38735
38756
38758
38769
38771
38784
38785
38787
38788
38792
38793
38851
38853
38854
38857
38859
38860
38861
38862
38867
38868
38869
38870
38871
38872
38875
38876
38877
38878
38879
38880
38881
38882
38885
38886
38887
38899
38900
38901
38903
38904
38905
38906
38907
38908
38909
38910
38938
38939
38940
38970
38971
38972
39002
39004
39005
39006
39007
39008
39009
39010
39011
39012
39013
39014
39015
39016
39017
39018
39019
39020
39021
39022
39023
39024
39025
39026
39031
39032
39033
39034
39037
39047
39048
39049
39050
39052
39056
39057
39058
39059
39060
39061
39062
39068
39069
39070
39072
39075
39076
39187
39201
39217
39218
39219
39220
39275
39276
39281
39282
39286
39287
39288
39289
39290
39291
39292
39293
39299
39300
39301
39302
39303
39306
39307
39308
39309
39310
39311
39313
39314
39315
39316
39331
39332
39333
39334
39337
39338
39371
39372
39394
39406
39407
39432
39433
39434
39435
39436
39437
39438
39439
39440
39441
39442
39443
39444
39445
39446
39447
39448
39449
39454
39455
39456
39457
39458
39459
39460
39461
39462
39463
39464
39465
39466
39477
39478
39479
39480
39484
39485
39486
39487
39488
39490
39501
39502
39503
39504
39505
39510
39511
39512
39606
39607
39621
39654
39655
39656
39657
39731
39732
39733
39737
39738
39739
39740
39741
39742
39743
39744
39745
39746
39747
39755
39756
39757
39758
39762
39763
39764
39765
39766
39768
39769
39770
39771
39772
39773
39774
39775
39790
39791
39792
39793
39794
39795
39796
39850
39851
39864
39865
39866
39889
39890
39891
39892
39893
39894
39895
39896
39897
39903
39904
39905
39906
39907
39908
39909
39910
39911
39913
39916
39928
39929
39930
39931
39932
39933
39934
39936
39937
39940
39941
39942
39943
39944
39946
39947
39964
39965
39966
39967
39968
39973
39974
39975
39976
40070
40071
40072
40098
40099
40100
40110
40176
40178
40183
40184
40186
40187
40188
40189
40190
40191
40192
40193
40194
40195
40196
40197
40198
40201
40204
40205
40206
40207
40210
40211
40212
40213
40214
40215
40216
40217
40220
40222
40223
40224
40225
40226
40228
40229
40241
40242
40243
40244
40245
40246
40286
40287
40289
40294
40295
40296
40305
40309
40310
40335
40336
40337
40338
40339
40340
40341
40342
40343
40344
40345
40346
40347
40348
40352
40353
40354
40355
40356
40357
40358
40359
40362
40363
40364
40365
40376
40377
40378
40379
40380
40381
40382
40383
40389
40390
40391
40392
40393
40394
40400
40401
40408
40410
40411
40412
40413
40414
40419
40420
40421
40508
40511
40523
40534
40614
40615
40616
40617
40618
40619
40620
40624
40625
40626
40627
40628
40629
40630
40631
40632
40633
40634
40635
40636
40637
40641
40642
40646
40647
40648
40649
40650
40651
40658
40659
40660
40661
40662
40664
40667
40668
40681
40720
40721
40722
40728
40729
40764
40766
40767
40768
40769
40770
40771
40772
40773
40774
40775
40776
40777
40779
40780
40781
40782
40783
40784
40785
40786
40787
40788
40789
40803
40804
40805
40806
40807
40808
40809
40810
40817
40818
40819
40820
40821
40822
40824
40835
40842
40843
40844
40845
40846
40847
40852
40853
40854
40855
40856
40857
40900
40901
40956
40958
40959
40972
40973
40974
40985
41079
41080
41081
41084
41085
41086
41087
41092
41093
41094
41095
41096
41097
41098
41099
41100
41101
41102
41103
41104
41105
41110
41111
41114
41115
41116
41117
41118
41119
41120
41124
41126
41127
41128
41129
41130
41133
41134
41135
41148
41149
41150
41185
41187
41188
41192
41193
41223
41224
41225
41226
41227
41228
41229
41230
41231
41232
41233
41234
41235
41236
41237
41238
41239
41240
41242
41259
41260
41261
41262
41263
41264
41265
41266
41267
41268
41275
41276
41277
41278
41279
41281
41290
41298
41299
41300
41301
41302
41303
41304
41306
41310
41311
41361
41363
41364
41416
41417
41418
41420
41421
41422
41423
41433
41435
41542
41550
41551
41552
41553
41554
41555
41556
41557
41558
41559
41561
41562
41563
41564
41565
41566
41567
41568
41569
41570
41571
41577
41579
41582
41583
41584
41585
41586
41587
41588
41589
41590
41592
41597
41598
41600
41601
41602
41603
41604
41605
41607
41608
41609
41626
41627
41634
41635
41662
41663
41664
41665
41669
41670
41671
41706
41707
41708
41709
41710
41711
41712
41713
41714
41715
41716
41717
41718
41719
41720
41731
41732
41733
41734
41736
41737
41738
41739
41740
41741
41746
41747
41748
41749
41751
41758
41766
41768
41817
41819
41820
41821
41868
41869
41870
41871
41877
41878
41882
41899
41997
41999
42000
42001
42002
42003
42004
42005
42006
42007
42008
42009
42012
42013
42014
42015
42016
42017
42018
42019
42020
42021
42031
42032
42033
42034
42035
42036
42038
42043
42044
42046
42047
42048
42049
42050
42051
42055
42073
42075
42107
42110
42111
42112
42113
42145
42146
42147
42148
42149
42150
42151
42152
42153
42154
42155
42156
42157
42160
42174
42175
42176
42177
42178
42179
42180
42181
42182
42183
42184
42185
42187
42191
42192
42193
42194
42195
42197
42198
42199
42208
42209
42216
42284
42285
42286
42338
42344
42345
42361
42470
42471
42472
42474
42475
42476
42477
42478
42479
42481
42482
42483
42484
42485
42486
42487
42488
42489
42490
42491
42492
42493
42494
42498
42500
42503
42505
42506
42507
42512
42513
42514
42515
42516
42517
42518
42519
42520
42521
42541
42542
42566
42567
42568
42569
42571
42601
42602
42603
42604
42605
42606
42607
42608
42609
42610
42611
42612
42613
42614
42615
42616
42617
42631
42632
42633
42634
42635
42636
42637
42638
42639
42640
42641
42642
42643
42646
42647
42648
42649
42650
42652
42653
42654
42655
42660
42661
42664
42668
42669
42676
42732
42734
42735
42736
42737
42738
42778
42783
42784
42804
42805
42918
42919
42920
42924
42925
42926
42927
42928
42929
42930
42932
42933
42934
42935
42936
42937
42938
42939
42940
42941
42942
42943
42944
42945
42947
42951
42952
42953
42954
42955
42956
42957
42958
42959
42967
42968
42969
42970
42971
42972
42974
42976
42977
42978
42979
42980
42981
42982
43010
43011
43012
43041
43042
43043
43044
43078
43080
43081
43082
43083
43084
43085
43086
43087
43088
43089
43090
43091
43092
43102
43103
43104
43105
43106
43107
43108
43109
43110
43111
43112
43113
43115
43116
43117
43118
43119
43121
43122
43130
43131
43135
43147
43186
43187
43188
43189
43190
43192
43230
43236
43237
43254
43255
43314
43315
43319
43320
43342
43343
43370
43371
43386
43387
43388
43389
43392
43393
43394
43395
43396
43397
43398
43399
43400
43401
43402
43403
43404
43405
43406
43407
43408
43409
43410
43411
43412
43418
43419
43420
43421
43422
43423
43424
43425
43426
43434
43435
43438
43439
43440
43441
43442
43443
43444
43445
43446
43456
43457
43467
43468
43502
43503
43504
43505
43540
43541
43542
43543
43544
43545
43546
43547
43548
43549
43550
43551
43552
43563
43564
43565
43566
43567
43568
43569
43571
43572
43573
43574
43576
43577
43578
43579
43581
43582
43584
43585
43595
43596
43599
43650
43651
43652
43653
43654
43680
43681
43695
43702
43721
43783
43784
43819
43820
43830
43831
43853
43854
43855
43871
43872
43873
43874
43875
43878
43879
43880
43881
43882
43883
43884
43885
43886
43887
43888
43889
43890
43891
43892
43893
43894
43895
43896
43897
43898
43899
43901
43902
43903
43904
43905
43906
43907
43908
43915
43916
43919
43920
43921
43922
43923
43924
43925
43926
43927
43928
43929
43930
43937
43938
43939
43950
43984
43985
44023
44024
44025
44026
44027
44028
44029
44030
44031
44033
44043
44044
44045
44046
44047
44048
44049
44050
44052
44053
44054
44055
44057
44058
44069
44070
44071
44072
44120
44122
44123
44124
44125
44126
44147
44159
44168
44185
44186
44246
44247
44258
44281
44282
44288
44290
44292
44293
44294
44324
44325
44326
44327
44343
44344
44345
44346
44347
44348
44349
44350
44351
44352
44353
44354
44355
44356
44357
44358
44359
44360
44361
44362
44363
44364
44365
44366
44367
44368
44369
44371
44372
44373
44374
44375
44376
44377
44378
44379
44380
44382
44383
44390
44391
44392
44394
44395
44396
44397
44406
44408
44409
44410
44411
44420
44456
44457
44502
44503
44504
44505
44506
44507
44508
44510
44511
44514
44515
44519
44521
44522
44523
44524
44526
44527
44528
44529
44530
44531
44532
44536
44549
44550
44551
44552
44598
44599
44600
44601
44602
44603
44620
44621
44637
44646
44647
44721
44722
44723
44724
44728
44729
44731
44757
44758
44759
44760
44761
44762
44763
44764
44767
44768
44769
44770
44771
44779
44780
44802
44808
44809
44810
44811
44812
44813
44814
44832
44833
44834
44835
44836
44837
44838
44839
44840
44841
44842
44843
44844
44845
44847
44848
44849
44850
44851
44852
44854
44855
44856
44857
44858
44859
44860
44861
44862
44863
44870
44874
44875
44876
44886
44887
44924
44925
44927
44973
44974
44975
44976
44977
44978
44979
44980
44981
44982
44987
44988
44989
44990
44991
44995
44996
44997
44998
45001
45002
45003
45016
45017
45018
45019
45020
45021
45022
45023
45036
45071
45072
45073
45074
45075
45076
45092
45104
45116
45118
45192
45193
45198
45199
45200
45201
45231
45232
45233
45234
45235
45236
45238
45239
45241
45251
45252
45269
45270
45271
45272
45273
45276
45277
45278
45279
45280
45281
45282
45283
45284
45296
45297
45298
45299
45300
45301
45302
45303
45304
45305
45306
45307
45308
45309
45310
45312
45313
45314
45316
45317
45318
45319
45320
45326
45327
45328
45329
45330
45331
45332
45333
45334
45341
45342
45343
45373
45374
45377
45419
45420
45421
45422
45423
45424
45426
45428
45429
45432
45433
45434
45435
45437
45438
45448
45449
45450
45452
45454
45468
45505
45506
45507
45508
45509
45533
45539
45543
45627
45628
45630
45631
45632
45633
45661
45662
45663
45664
45665
45666
45667
45668
45669
45671
45684
45685
45686
45687
45709
45710
45711
45712
45713
45714
45717
45718
45719
45720
45721
45722
45723
45724
45725
45726
45738
45739
45740
45741
45742
45743
45744
45745
45746
45748
45749
45750
45751
45752
45755
45756
45757
45758
45763
45764
45765
45766
45767
45768
45769
45814
45815
45862
45863
45864
45865
45866
45867
45868
45869
45870
45871
45872
45873
45874
45875
45876
45880
45891
45892
45907
45927
45928
45929
45930
45931
45932
45934
45935
45936
45954
45968
45969
45971
45972
45982
45983
46063
46064
46065
46068
46097
46098
46099
46100
46101
46102
46103
46104
46105
46106
46107
46108
46109
46110
46124
46125
46128
46129
46130
46131
46132
46133
46141
46142
46143
46154
46155
46156
46157
46158
46159
46160
46162
46165
46166
46167
46168
46169
46170
46174
46175
46185
46186
46187
46188
46189
46190
46191
46192
46193
46194
46195
46196
46197
46198
46199
46200
46201
46202
46203
46205
46207
46208
46209
46211
46212
46213
46215
46216
46217
46218
46295
46296
46297
46298
46299
46300
46301
46302
46303
46304
46305
46306
46307
46308
46309
46310
46311
46323
46324
46325
46330
46331
46338
46339
46340
46364
46365
46366
46367
46368
46369
46370
46371
46393
46394
46395
46396
46414
46415
46418
46433
46515
46516
46550
46551
46552
46553
46554
46556
46557
46558
46559
46560
46561
46580
46581
46583
46586
46587
46589
46590
46598
46599
46600
46601
46608
46609
46610
46611
46612
46613
46614
46615
46616
46617
46618
46621
46622
46623
46624
46625
46626
46627
46628
46629
46630
46631
46632
46633
46634
46635
46639
46642
46643
46644
46645
46646
46647
46648
46649
46650
46655
46657
46658
46659
46662
46663
46664
46731
46732
46733
46734
46735
46736
46737
46738
46739
46740
46741
46742
46755
46756
46757
46764
46765
46766
46777
46794
46795
46796
46797
46798
46800
46821
46822
46824
46843
46844
46862
46865
46866
46973
46974
46975
46976
46977
46980
46981
47002
47003
47004
47005
47006
47010
47011
47012
47023
47024
47025
47026
47027
47033
47034
47035
47036
47037
47038
47039
47040
47041
47042
47043
47044
47045
47046
47051
47052
47053
47055
47056
47057
47058
47059
47060
47061
47067
47068
47072
47073
47074
47075
47076
47135
47136
47137
47138
47140
47141
47142
47143
47144
47145
47146
47147
47148
47150
47166
47167
47173
47175
47176
47177
47184
47185
47199
47202
47203
47204
47205
47206
47207
47237
47238
47239
47257
47258
47259
47260
47261
47279
47397
47398
47401
47402
47403
47406
47407
47408
47430
47431
47432
47433
47434
47435
47436
47437
47438
47439
47441
47445
47446
47447
47448
47456
47457
47458
47459
47467
47468
47469
47470
47471
47472
47473
47474
47475
47476
47477
47478
47479
47480
47481
47487
47488
47489
47490
47492
47493
47495
47496
47499
47501
47502
47503
47504
47567
47568
47569
47570
47571
47573
47574
47575
47576
47577
47578
47579
47597
47599
47600
47601
47608
47610
47611
47612
47613
47620
47634
47635
47636
47637
47638
47639
47640
47641
47674
47676
47677
47678
47679
47680
47682
47697
47714
47715
47723
47830
47831
47833
47834
47835
47836
47837
47874
47875
47876
47877
47878
47879
47880
47881
47883
47884
47885
47886
47887
47888
47889
47894
47895
47896
47897
47898
47903
47904
47905
47906
47907
47908
47909
47910
47911
47912
47913
47914
47915
47916
47920
47921
47922
47923
47924
47925
47929
47930
47932
47934
47989
47990
47991
47992
47993
47994
47995
47996
47997
47998
47999
48000
48020
48021
48027
48028
48029
48030
48031
48046
48047
48048
48049
48050
48051
48052
48053
48054
48055
48057
48089
48090
48092
48102
48103
48139
48140
48236
48257
48258
48259
48262
48263
48264
48265
48266
48302
48303
48304
48305
48306
48307
48308
48309
48310
48311
48312
48313
48314
48315
48316
48322
48323
48329
48330
48331
48332
48333
48334
48335
48336
48337
48339
48340
48341
48342
48343
48344
48346
48347
48348
48349
48350
48351
48352
48357
48360
48416
48417
48418
48419
48420
48421
48423
48424
48425
48427
48451
48457
48458
48459
48460
48461
48472
48473
48474
48475
48476
48477
48478
48479
48480
48481
48482
48483
48520
48521
48522
48540
48558
48559
48668
48675
48690
48691
48694
48695
48696
48697
48698
48699
48700
48701
48708
48709
48744
48745
48746
48748
48749
48750
48751
48752
48753
48754
48755
48757
48762
48763
48768
48769
48770
48771
48772
48773
48774
48775
48777
48779
48780
48781
48782
48783
48786
48787
48788
48789
48790
48791
48792
48793
48794
48795
48797
48841
48842
48843
48844
48845
48846
48848
48849
48850
48851
48852
48853
48854
48855
48887
48888
48890
48891
48893
48895
48896
48897
48898
48899
48900
48901
48902
48903
48940
48941
48942
48943
48961
48962
48963
48986
48987
48999
49000
49099
49100
49101
49107
49120
49121
49122
49123
49124
49125
49126
49127
49133
49139
49140
49141
49162
49164
49172
49173
49174
49175
49176
49177
49178
49179
49180
49181
49182
49183
49186
49192
49193
49194
49195
49196
49198
49200
49201
49202
49205
49206
49207
49212
49213
49214
49215
49216
49217
49218
49219
49220
49221
49222
49223
49224
49225
49270
49271
49272
49273
49274
49275
49276
49277
49278
49279
49280
49281
49282
49283
49284
49302
49303
49304
49305
49313
49314
49316
49317
49318
49319
49320
49321
49323
49324
49349
49350
49357
49358
49359
49360
49361
49362
49393
49395
49396
49400
49401
49414
49415
49416
49417
49418
49521
49522
49524
49525
49538
49539
49543
49544
49546
49547
49556
49557
49558
49559
49560
49583
49584
49589
49590
49591
49592
49593
49594
49595
49596
49597
49598
49602
49604
49605
49611
49612
49615
49616
49617
49619
49620
49621
49622
49628
49629
49630
49631
49632
49633
49634
49635
49636
49637
49638
49639
49640
49641
49642
49643
49644
49645
49646
49689
49690
49691
49692
49693
49694
49695
49696
49697
49698
49699
49700
49702
49703
49704
49725
49727
49728
49729
49730
49738
49739
49740
49741
49742
49743
49777
49778
49779
49780
49781
49818
49819
49820
49837
49838
49839
49840
49940
49941
49952
49971
49972
49973
49974
49975
49997
49998
49999
50003
50004
50005
50006
50007
50008
50009
50011
50012
50013
50014
50022
50023
50026
50028
50029
50032
50033
50034
50035
50037
50038
50039
50040
50041
50042
50043
50044
50045
50046
50047
50048
50049
50050
50051
50052
50053
50054
50087
50088
50089
50090
50091
50092
50093
50094
50095
50096
50097
50098
50099
50100
50101
50103
50104
50105
50133
50134
50136
50143
50171
50174
50175
50188
50206
50214
50215
50218
50236
50237
50357
50358
50359
50360
50374
50379
50380
50381
50384
50385
50387
50388
50397
50398
50414
50416
50417
50418
50419
50425
50426
50427
50429
50430
50431
50432
50434
50436
50437
50447
50448
50450
50451
50454
50455
50456
50458
50459
50462
50463
50464
50465
50466
50467
50468
50469
50470
50471
50472
50473
50474
50475
50476
50478
50479
50480
50481
50482
50519
50520
50521
50522
50523
50524
50525
50526
50527
50528
50529
50530
50531
50532
50533
50534
50535
50536
50540
50541
50542
50543
50574
50575
50576
50577
50578
50579
50580
50588
50589
50590
50618
50619
50622
50623
50624
50625
50655
50656
50668
50669
50672
50692
50693
50791
50792
50818
50819
50820
50821
50822
50825
50826
50830
50831
50843
50844
50845
50862
50863
50864
50865
50868
50869
50870
50871
50875
50878
50880
50892
50893
50895
50896
50902
50903
50904
50905
50906
50907
50908
50909
50910
50911
50912
50913
50914
50915
50916
50917
50918
50919
50920
50949
50950
50951
50952
50953
50954
50955
50956
50957
50958
50959
50961
50965
50966
50982
50983
50984
50985
50986
50987
51006
51007
51008
51009
51010
51011
51012
51022
51023
51036
51047
51048
51058
51059
51073
51074
51075
51077
51095
51096
51097
51109
51110
51111
51113
51261
51262
51263
51264
51265
51266
51269
51271
51272
51273
51274
51310
51311
51313
51314
51321
51322
51325
51326
51328
51335
51339
51340
51341
51345
51347
51348
51349
51350
51351
51352
51353
51354
51355
51356
51357
51358
51359
51360
51361
51362
51363
51365
51366
51367
51404
51405
51406
51407
51408
51409
51410
51411
51412
51413
51414
51417
51418
51419
51422
51439
51440
51441
51442
51443
51444
51445
51446
51464
51465
51466
51467
51469
51480
51481
51482
51494
51495
51496
51511
51518
51519
51521
51535
51538
51539
51561
51562
51563
51575
51714
51715
51716
51717
51718
51719
51721
51722
51723
51724
51725
51761
51762
51763
51764
51765
51766
51767
51768
51771
51772
51773
51776
51777
51778
51779
51780
51791
51795
51796
51797
51798
51799
51800
51804
51805
51806
51807
51808
51809
51810
51811
51812
51813
51814
51815
51816
51817
51818
51819
51820
51828
51856
51857
51858
51859
51860
51861
51862
51863
51867
51868
51869
51870
51871
51872
51873
51882
51883
51884
51885
51886
51893
51894
51895
51896
51897
51898
51899
51900
51901
51917
51918
51919
51920
51926
51940
51958
51966
51967
51979
51980
51982
51983
52003
52004
52005
52006
52007
52015
52016
52018
52019
52022
52023
52025
52036
52154
52155
52156
52157
52158
52159
52160
52161
52162
52163
52164
52165
52166
52167
52168
52169
52170
52209
52210
52211
52212
52213
52216
52217
52220
52221
52222
52223
52228
52231
52232
52236
52237
52238
52239
52243
52246
52247
52248
52249
52250
52251
52252
52253
52254
52255
52256
52257
52258
52259
52260
52269
52270
52296
52297
52298
52299
52300
52304
52306
52308
52310
52321
52322
52323
52324
52325
52335
52336
52337
52338
52339
52340
52341
52342
52343
52365
52366
52367
52368
52369
52373
52374
52375
52377
52378
52395
52419
52420
52421
52422
52426
52427
52440
52441
52480
52481
52483
52484
52485
52486
52487
52488
52496
52497
52609
52610
52611
52612
52613
52614
52615
52616
52617
52618
52619
52620
52621
52622
52623
52624
52625
52627
52628
52633
52635
52639
52640
52667
52668
52669
52670
52673
52674
52675
52677
52679
52680
52681
52683
52686
52687
52688
52690
52693
52694
52695
52698
52699
52700
52701
52702
52703
52704
52705
52706
52707
52708
52709
52710
52711
52743
52744
52745
52751
52752
52753
52755
52756
52759
52771
52772
52773
52774
52775
52776
52782
52783
52786
52789
52790
52791
52792
52793
52819
52820
52821
52822
52823
52824
52825
52829
52830
52831
52832
52833
52834
52870
52871
52877
52878
52879
52880
52883
52884
52885
52929
52930
52931
52932
52933
52934
52936
52941
53044
53054
53055
53056
53057
53058
53059
53060
53061
53062
53063
53064
53065
53066
53067
53068
53069
53070
53071
53072
53073
53074
53075
53077
53078
53079
53082
53083
53087
53088
53094
53122
53125
53126
53128
53133
53135
53138
53141
53142
53143
53146
53147
53148
53149
53150
53151
53152
53153
53154
53155
53156
53157
53188
53189
53196
53197
53199
53200
53201
53202
53219
53220
53221
53222
53223
53224
53225
53228
53232
53233
53234
53235
53239
53241
53242
53243
53244
53245
53246
53247
53274
53275
53276
53277
53278
53279
53283
53284
53285
53286
53287
53288
53289
53290
53333
53334
53335
53336
53338
53383
53384
53389
53390
53391
53392
53393
53394
53395
53396
53397
53502
53503
53504
53505
53506
53507
53508
53509
53510
53511
53513
53514
53515
53516
53517
53518
53519
53520
53521
53522
53523
53524
53525
53526
53527
53528
53529
53530
53534
53537
53538
53540
53541
53547
53581
53582
53584
53585
53586
53587
53588
53591
53592
53593
53594
53595
53596
53597
53598
53599
53600
53601
53602
53603
53617
53618
53648
53649
53650
53651
53654
53655
53658
53667
53668
53669
53670
53671
53672
53673
53674
53678
53679
53680
53681
53682
53683
53686
53689
53690
53732
53733
53734
53735
53736
53737
53738
53741
53742
53743
53744
53745
53746
53747
53771
53775
53776
53777
53778
53779
53780
53781
53826
53827
53831
53832
53833
53837
53838
53839
53840
53841
53842
53843
53844
53845
53846
53847
53970
53971
53972
53973
53974
53975
53976
53977
53978
53979
53980
53984
53985
53986
53987
53988
53989
53990
53991
53992
53993
53994
53995
53996
53997
53998
53999
54000
54003
54004
54005
54008
54009
54012
54013
54052
54053
54057
54058
54060
54061
54064
54065
54066
54067
54068
54069
54070
54071
54072
54073
54074
54075
54084
54085
54089
54090
54091
54117
54118
54119
54120
54121
54133
54134
54135
54136
54137
54138
54139
54140
54141
54142
54143
54144
54145
54146
54147
54148
54151
54152
54153
54156
54169
54170
54174
54175
54176
54177
54178
54200
54201
54204
54205
54206
54207
54208
54212
54213
54214
54215
54216
54217
54218
54219
54220
54244
54248
54249
54293
54294
54295
54296
54297
54298
54302
54303
54304
54305
54306
54307
54308
54438
54439
54440
54442
54443
54444
54445
54446
54447
54448
54450
54454
54455
54456
54457
54458
54460
54461
54462
54464
54465
54466
54467
54468
54469
54473
54476
54480
54481
54482
54485
54486
54522
54523
54524
54525
54526
54527
54528
54530
54531
54532
54533
54534
54535
54536
54537
54538
54539
54548
54549
54555
54556
54557
54558
54559
54587
54588
54589
54590
54592
54603
54604
54605
54606
54607
54608
54609
54610
54612
54626
54627
54628
54629
54630
54634
54635
54637
54661
54662
54663
54664
54665
54666
54667
54668
54669
54670
54671
54672
54673
54674
54675
54699
54700
54701
54706
54727
54728
54741
54742
54747
54748
54749
54750
54751
54753
54754
54758
54759
54882
54883
54884
54885
54886
54887
54888
54889
54890
54891
54892
54893
54894
54895
54896
54898
54900
54901
54902
54905
54906
54907
54908
54909
54910
54911
54912
54913
54914
54915
54918
54921
54922
54926
54927
54928
54943
54961
54962
54963
54964
54965
54966
54967
54968
54969
54970
54971
54972
54984
54985
54990
54991
54992
54993
54994
55025
55026
55027
55028
55039
55040
55041
55042
55043
55044
55045
55046
55047
55048
55049
55050
55051
55065
55066
55067
55070
55071
55072
55074
55075
55093
55094
55095
55101
55102
55104
55105
55106
55107
55108
55109
55110
55111
55112
55113
55114
55115
55118
55119
55131
55133
55134
55164
55165
55166
55167
55168
55187
55188
55189
55197
55198
55200
55328
55329
55330
55331
55332
55333
55334
55335
55336
55337
55338
55339
55343
55344
55347
55349
55350
55351
55352
55353
55354
55355
55356
55357
55358
55359
55360
55361
55362
55363
55366
55367
55368
55370
55371
55376
55377
55378
55379
55390
55391
55404
55405
55406
55407
55408
55410
55411
55412
55413
55414
55415
55416
55430
55431
55432
55433
55434
55435
55436
55441
55442
55443
55462
55463
55472
55481
55482
55493
55494
55495
55496
55497
55498
55512
55513
55514
55515
55516
55519
55520
55521
55522
55523
55527
55528
55529
55530
55531
55546
55547
55551
55552
55553
55554
55555
55556
55557
55558
55559
55561
55562
55563
55576
55577
55604
55605
55606
55607
55608
55609
55637
55638
55639
55643
55644
55645
55646
55776
55777
55778
55779
55780
55781
55782
55783
55784
55785
55786
55790
55791
55794
55795
55799
55800
55801
55803
55804
55805
55806
55807
55808
55809
55813
55814
55817
55818
55819
55830
55843
55844
55845
55847
55848
55849
55850
55863
55864
55865
55866
55867
55868
55871
55872
55874
55893
55894
55914
55915
55916
55917
55926
55927
55928
55929
55930
55932
55933
55934
55947
55948
55949
55950
55951
55952
55955
55956
55957
55958
55959
55960
55961
55962
55963
55965
55986
55987
55988
55994
55995
55996
55997
55998
55999
56001
56002
56003
56006
56007
56008
56050
56051
56052
56055
56056
56057
56058
56059
56085
56086
56089
56210
56211
56212
56213
56214
56215
56216
56217
56218
56219
56220
56225
56226
56227
56228
56230
56231
56232
56237
56238
56240
56241
56242
56258
56268
56269
56271
56272
56285
56286
56288
56289
56291
56305
56306
56317
56318
56325
56326
56333
56334
56335
56336
56337
56338
56341
56342
56343
56345
56362
56363
56364
56365
56366
56367
56368
56370
56371
56372
56373
56374
56375
56376
56377
56378
56379
56380
56381
56382
56383
56384
56385
56409
56410
56411
56412
56413
56414
56415
56416
56417
56418
56419
56425
56426
56427
56428
56468
56469
56470
56471
56472
56473
56474
56475
56476
56505
56506
56507
56508
56509
56625
56626
56627
56628
56629
56630
56631
56632
56634
56635
56636
56640
56641
56642
56643
56644
56645
56650
56651
56652
56653
56654
56655
56658
56659
56660
56661
56662
56663
56664
56665
56678
56679
56681
56694
56695
56696
56698
56699
56703
56716
56717
56718
56719
56722
56723
56726
56727
56730
56742
56744
56745
56759
56760
56776
56777
56781
56782
56783
56784
56785
56786
56787
56788
56789
56797
56802
56803
56804
56805
56806
56807
56808
56809
56812
56813
56814
56815
56816
56817
56818
56819
56820
56821
56822
56823
56824
56825
56826
56827
56828
56829
56830
56858
56859
56860
56861
56862
56865
56866
56867
56868
56869
56871
56874
56875
56919
56920
56921
56922
56923
56924
56925
56926
56927
56965
57081
57082
57083
57084
57085
57086
57087
57088
57091
57092
57096
57097
57098
57100
57101
57104
57105
57106
57107
57108
57109
57111
57112
57113
57114
57115
57142
57148
57150
57158
57159
57160
57161
57162
57163
57164
57165
57167
57168
57169
57170
57174
57188
57203
57205
57206
57216
57217
57218
57219
57220
57221
57222
57223
57224
57225
57226
57227
57228
57229
57242
57247
57248
57249
57250
57251
57252
57253
57254
57255
57256
57257
57258
57261
57262
57263
57264
57265
57266
57267
57268
57269
57271
57299
57300
57301
57302
57303
57304
57305
57306
57311
57312
57313
57314
57315
57316
57317
57361
57362
57363
57364
57365
57366
57367
57368
57369
57370
57535
57536
57537
57538
57539
57540
57541
57542
57543
57544
57545
57546
57547
57548
57551
57552
57553
57554
57555
57556
57557
57558
57559
57560
57561
57562
57563
57564
57566
57567
57569
57570
57571
57572
57573
57603
57604
57613
57614
57625
57626
57627
57628
57631
57632
57633
57646
57647
57657
57658
57667
57668
57669
57670
57671
57672
57673
57674
57675
57676
57677
57691
57696
57697
57698
57699
57700
57701
57704
57706
57707
57708
57709
57710
57731
57739
57740
57741
57742
57743
57744
57745
57748
57749
57756
57757
57758
57759
57760
57761
57762
57774
57775
57794
57795
57796
57797
57798
57799
57800
57801
57802
57803
57804
57816
57817
57818
57821
57981
57982
57983
57984
57985
57986
57987
57988
57989
57990
57991
57992
57993
57994
57995
57999
58000
58001
58003
58004
58005
58006
58007
58009
58010
58012
58013
58014
58015
58044
58045
58048
58049
58056
58057
58058
58059
58073
58074
58075
58076
58080
58081
58082
58098
58111
58122
58123
58124
58125
58126
58127
58128
58129
58130
58131
58132
58133
58134
58135
58136
58137
58138
58144
58145
58147
58148
58150
58156
58157
58158
58159
58160
58165
58166
58184
58185
58186
58187
58192
58195
58196
58200
58204
58205
58206
58207
58208
58210
58211
58226
58227
58229
58230
58248
58249
58250
58251
58252
58253
58254
58255
58267
58268
58421
58423
58424
58425
58426
58427
58428
58430
58431
58432
58433
58434
58435
58442
58443
58444
58445
58446
58447
58449
58450
58451
58452
58454
58455
58457
58458
58490
58498
58499
58500
58511
58513
58514
58515
58516
58519
58520
58542
58548
58550
58551
58552
58553
58554
58555
58556
58557
58558
58559
58560
58561
58562
58563
58564
58565
58575
58584
58585
58586
58587
58588
58589
58593
58594
58595
58596
58597
58614
58615
58616
58617
58618
58625
58626
58628
58629
58631
58632
58636
58637
58640
58641
58649
58650
58651
58652
58654
58655
58676
58677
58678
58679
58680
58697
58858
58859
58860
58862
58863
58864
58865
58866
58867
58868
58869
58870
58871
58872
58875
58876
58881
58882
58883
58884
58885
58886
58887
58888
58889
58890
58891
58894
58931
58934
58935
58936
58937
58938
58946
58947
58950
58951
58952
58953
58954
58955
58956
58957
58980
58988
58989
58990
58991
58992
58993
58994
58995
58996
58997
58998
58999
59000
59001
59002
59003
59004
59010
59011
59016
59017
59018
59019
59020
59021
59022
59023
59024
59025
59026
59027
59028
59046
59047
59048
59049
59050
59051
59052
59053
59055
59062
59063
59067
59068
59070
59071
59073
59074
59078
59079
59080
59081
59082
59083
59084
59085
59086
59090
59091
59107
59108
59109
59110
59111
59112
59113
59114
59115
59116
59117
59136
59137
59296
59297
59298
59299
59300
59301
59302
59303
59304
59305
59306
59307
59311
59312
59313
59314
59315
59316
59317
59318
59319
59320
59321
59322
59323
59324
59325
59328
59329
59332
59368
59375
59376
59377
59378
59379
59380
59381
59383
59384
59387
59390
59391
59392
59393
59394
59412
59421
59422
59423
59424
59425
59426
59430
59431
59432
59433
59444
59445
59446
59447
59448
59449
59450
59451
59452
59453
59454
59455
59456
59457
59458
59459
59483
59484
59485
59486
59487
59488
59489
59490
59491
59492
59501
59507
59510
59515
59516
59517
59518
59519
59520
59521
59522
59523
59524
59525
59526
59553
59554
59556
59557
59558
59559
59570
59571
59572
59573
59716
59717
59718
59719
59720
59721
59722
59723
59724
59725
59726
59727
59728
59730
59731
59732
59733
59734
59735
59736
59737
59738
59739
59740
59741
59742
59746
59747
59788
59790
59793
59794
59795
59796
59797
59798
59801
59802
59809
59810
59841
59842
59843
59844
59845
59846
59847
59848
59850
59853
59854
59855
59856
59865
59866
59868
59869
59870
59871
59872
59873
59874
59875
59876
59877
59878
59879
59880
59881
59882
59906
59907
59912
59913
59914
59915
59916
59917
59918
59919
59921
59924
59925
59926
59927
59928
59929
59930
59931
59932
59935
59936
59939
59943
59944
59945
59946
59947
59948
59949
59950
59951
59967
59968
59976
59977
59990
59992
59993
59994
60003
60004
60164
60165
60166
60167
60168
60169
60170
60171
60173
60174
60175
60176
60177
60178
60179
60180
60181
60182
60183
60184
60185
60186
60187
60188
60189
60190
60191
60232
60233
60234
60237
60238
60239
60241
60242
60243
60244
60250
60252
60253
60254
60255
60256
60275
60276
60282
60283
60284
60285
60287
60288
60291
60292
60293
60294
60299
60300
60301
60302
60303
60304
60305
60306
60307
60308
60309
60310
60311
60334
60335
60336
60340
60341
60347
60348
60349
60350
60351
60352
60353
60354
60355
60356
60357
60358
60359
60360
60361
60362
60363
60364
60365
60366
60367
60368
60369
60370
60371
60374
60375
60379
60380
60381
60382
60383
60384
60385
60386
60387
60390
60392
60394
60404
60405
60406
60409
60410
60417
60418
60419
60420
60421
60435
60436
60437
60438
60439
60440
60441
60442
60628
60629
60630
60631
60632
60633
60636
60637
60638
60639
60640
60641
60642
60643
60644
60645
60646
60647
60648
60649
60650
60651
60652
60653
60658
60705
60706
60707
60709
60710
60711
60712
60713
60714
60715
60716
60717
60718
60721
60723
60724
60725
60746
60749
60750
60756
60757
60758
60763
60764
60765
60770
60771
60772
60773
60776
60777
60778
60800
60801
60802
60806
60807
60808
60809
60810
60817
60818
60819
60820
60821
60822
60824
60826
60828
60829
60830
60831
60832
60833
60834
60835
60836
60837
60838
60839
60840
60843
60845
60846
60847
60849
60850
60851
60852
60853
60857
60858
60867
60868
60872
60873
60882
60883
60884
60885
60886
60887
60888
60907
60908
60909
60910
60912
60913
61094
61095
61096
61098
61099
61100
61101
61102
61103
61107
61108
61109
61154
61161
61162
61163
61164
61165
61166
61167
61168
61169
61170
61171
61173
61176
61177
61199
61201
61202
61203
61208
61211
61212
61213
61214
61215
61216
61217
61218
61219
61220
61245
61246
61247
61248
61249
61250
61251
61255
61261
61262
61263
61264
61265
61266
61267
61268
61273
61274
61275
61276
61278
61279
61280
61281
61282
61283
61284
61285
61286
61287
61289
61293
61295
61296
61297
61298
61299
61300
61301
61302
61303
61304
61306
61312
61313
61314
61323
61324
61325
61327
61338
61340
61344
61345
61346
61347
61348
61349
61350
61351
61352
61371
61372
61373
61374
61376
61495
61569
61570
61572
61592
61594
61595
61621
61622
61623
61624
61625
61626
61627
61628
61629
61631
61635
61636
61638
61639
61640
61660
61663
61664
61665
61668
61669
61670
61671
61672
61673
61674
61675
61676
61677
61678
61702
61703
61704
61705
61706
61707
61708
61709
61711
61715
61716
61726
61727
61728
61729
61730
61731
61737
61738
61739
61740
61741
61742
61743
61744
61745
61746
61747
61748
61749
61750
61751
61754
61755
61756
61757
61758
61759
61760
61761
61762
61763
61764
61769
61770
61771
61773
61774
61775
61782
61783
61784
61785
61786
61788
61789
61803
61804
61807
61809
61810
61811
61812
61813
61824
61825
61826
61827
61828
61829
61830
61831
61832
61933
62001
62002
62034
62057
62058
62059
62060
62061
62062
62063
62064
62065
62066
62067
62083
62084
62087
62088
62089
62093
62094
62095
62097
62113
62114
62115
62123
62124
62125
62126
62127
62128
62143
62144
62145
62146
62147
62152
62153
62154
62155
62156
62157
62158
62159
62160
62161
62162
62163
62165
62166
62167
62168
62169
62170
62171
62172
62173
62174
62175
62176
62181
62182
62183
62184
62186
62187
62188
62189
62195
62196
62197
62198
62199
62200
62201
62215
62216
62217
62218
62219
62222
62223
62224
62225
62226
62227
62228
62229
62235
62236
62237
62238
62239
62241
62242
62243
62346
62348
62430
62449
62452
62453
62454
62455
62456
62457
62458
62459
62460
62476
62478
62483
62484
62487
62488
62489
62504
62505
62508
62518
62519
62520
62521
62522
62523
62524
62525
62526
62527
62533
62534
62540
62543
62544
62546
62547
62548
62549
62552
62553
62554
62555
62556
62557
62558
62559
62560
62561
62564
62565
62566
62567
62568
62569
62570
62571
62572
62573
62576
62577
62578
62579
62581
62582
62583
62584
62585
62586
62587
62588
62589
62590
62605
62606
62607
62608
62609
62610
62611
62613
62614
62615
62617
62618
62619
62621
62623
62624
62625
62748
62757
62777
62778
62781
62782
62783
62784
62785
62786
62787
62788
62803
62810
62811
62812
62813
62840
62841
62842
62843
62844
62845
62846
62847
62848
62849
62851
62852
62859
62860
62869
62872
62873
62874
62875
62877
62878
62879
62880
62881
62882
62883
62885
62886
62887
62888
62889
62890
62893
62897
62898
62899
62901
62902
62903
62904
62905
62906
62907
62908
62909
62921
62922
62923
62924
62926
63028
63037
63038
63053
63054
63061
63062
63082
63083
63084
63085
63086
63087
63088
63089
63090
63091
63092
63093
63095
63100
63101
63111
63113
63116
63117
63118
63119
63120
63121
63122
63123
63124
63125
63126
63128
63129
63130
63131
63132
63134
63141
63142
63143
63144
63146
63147
63154
63241
63242
63263
63264
63265
63266
63267
63268
63273
63274
63275
63280
63281
63285
63286
63287
63288
63290
63291
63292
63295
63348
63356
63357
63363
63364
63365
63366
63403
63414
63419
63427
63430
63435
63436
63437
63438
63449
63450
63455
63466
63471
63485
63489
63496
63501
63503
63504
63505
63511
63513
63516
63519
63526
63527
63542
63550
63573
63580
63591
63594
63605
63607
63611
63616
63625
63640
63659
63662
63667
63668
63673
63676
63680
63682
63689
63697
63705
63719
63727
63742
63743
63749
63754
63755
63758
63759
63776
63780
63795
63803
63817
63822
63841
63845
63882
63884
63885
63901
63908
63909
63912
63917
63937
63941
63943
63944
63945
63947
63951
63953
63954
63955
63956
63958
63961
63969
63974
63984
63989
63995
63997
64027
64035
64048
64049
64055
64060
64061
64064
64071
64076
64077
64086
64089
64090
64101
64102
64105
64116
64126
64158
64162
64171
64185
64191
64203
64210
64212
64216
64227
64234
64252
64255
64256
64263
64271
64274
64283
64288
64290
64297
64299
64302
64306
64307
64308
64314
64318
64355
64362
64368
64380
64388
64389
64402
64408
64409
64415
64422
64423
64424
64430
64436
64444
64450
64452
64454
64457
64467
64468
64478
64479
64487
64489
64490
64492
64494
64496
64498
64499
64516
64536
64553
64554
64557
64604
64631
64642
64653
64654
64657
64658
64662
64671
64678
64701
64703
64704
64709
64715
64721
64724
64726
64730
64759
64762
64781
64843
64857
64866
64882
64885
64898
64910
64937
64949
64968
64979
64990
64992
65000
65008
65010
65017
65060
65063
65069
65074
65101
65103
65107
65111
65114
65120
65147
65158
65160
65166
65174
65175
65187
65188
65243
65260
65278
65279
65282
65284
65287
65295
65302
65303
65306
65309
65310
65312
65313
65322
65323
65326
65327
65331
65354
65369
65403
65411
65421
65482
65506
65528
65542
65552
65553
65567
65570
65574
65587
65597
65605
65614
65621
65630
65633
65638
65640
65650
65680
65687
65738
65754
65765
65768
65776
65777
65778
65779
65780
65782
65785
65786
65791
65797
65798
65800
65803
65804
65805
65807
65808
65809
65810
65812
65815
65817
65820
65824
65833
65838
65840
65853
65861
65874
65880
65920
65921
65941
65957
65962
65963
65969
65970
65971
65972
65979
65985
65987
65988
65989
65990
65999
66009
66013
66014
66022
66023
66048
66075
66081
66098
66107
66170
66175
66178
66183
66186
66188
66206
66216
66239
66242
66244
66245
66246
66247
66286
66289
66290
66291
66323
66329
66331
66335
66344
66348
66350
66360
66369
66372
66377
66381
66384
66391
66393
66411
66412
66413
66459
66480
66510
66511
66524
66542
66550
66551
66552
66555
66556
66560
66561
66562
66563
66565
66582
66584
66585
66595
66598
66619
66620
66657
66672
66696
66716
66718
66729
66730
66743
66745
66748
66749
66761
66792
66794
66797
66800
66801
66802
66805
66807
66808
66822
66823
66827
66828
66831
66832
66846
66863
66885
66910
66911
66913
66927
66932
66945
66946
66956
66968
66974
66975
66979
66980
66982
66983
66984
66985
66991
66998
66999
67007
67011
67012
67014
67024
67032
67039
67057
67092
67096
67120
67129
67130
67134
67142
67145
67150
67151
67155
67177
67185
67198
67199
67204
67207
67208
67209
67220
67225
67228
67229
67231
67237
67242
67250
67251
67263
67264
67266
67271
67291
67294
67304
67310
67318
67355
67357
67358
67360
67365
2385
2387
2438
2440
2725
2726
2727
2728
2780
2784
2788
2791
2792
2794
2803
2844
2845
3130
3134
3135
3136
3137
3139
3156
3159
3169
-3210
3215
3221
3222
3223
3225
3238
3284
3285
3289
3290
3498
3566
3567
3568
3573
3574
3587
3599
-3642
-3657
3665
3669
3680
3681
3693
3716
3718
3721
3722
-3726
3933
3934
4030
4038
-4047
-4106
4115
4116
4125
4129
4130
4155
4156
4157
4158
4159
-4183
4188
4192
4392
4393
4401
4402
4502
4510
4511
-4516
4570
4588
4592
4594
4606
4607
4608
4610
4611
4612
4614
-4615
4620
4626
4627
4629
4646
4658
4659
4863
4864
4865
4984
-4993
-5005
5094
5096
-5106
5127
5129
-5130
5156
5157
-5168
5264
5283
-5391
5398
-5532
5549
5551
5629
-5640
5661
5662
5665
-5699
5826
6056
6057
6058
-6072
6142
6143
6149
6158
6160
-6187
6196
6342
6487
6489
6490
6493
6494
6617
6618
6619
6708
6719
6722
6723
6747
-6755
6901
6913
6925
7042
7043
7064
-7193
7266
7295
7305
7313
7442
7446
7447
-7458
7475
7476
7584
7586
7588
-7603
7772
-7779
-7805
-7810
-7820
-7827
7962
7963
-7965
7971
7991
7992
7998
7999
8004
8014
8015
8070
8071
8084
8086
8107
8317
-8319
-8321
-8461
8478
8479
-8488
8490
8492
8494
-8509
-8510
8513
-8574
8587
8588
-8597
8603
-8609
-8773
-8775
8783
8927
8928
8929
-8957
8968
8970
8972
8977
8978
9045
9046
9047
9053
9054
9056
9057
9058
9061
9411
9416
-9441
-9447
9455
9468
9515
-9525
9529
9530
-9540
-9542
9547
-9742
9897
9905
9927
9928
9944
9945
10004
10008
10010
10024
-10027
10355
10363
10368
10372
10382
-10410
10423
10424
10474
-10476
-10477
10497
10505
10833
10835
10838
10842
10843
10845
10877
10886
10891
10954
-10959
10960
11016
11296
11299
-11305
11308
11335
11338
-11346
-11419
11422
11754
11755
11784
11788
-11789
11793
11795
11866
11888
11923
12189
12195
-12199
12205
12210
-12234
12236
-12239
12243
12255
12258
12317
-12327
12364
12638
-12647
-12648
12653
-12655
-12684
12686
12689
12702
12703
12706
12710
12790
12825
13020
13102
13113
13117
-13152
13157
13163
13176
13177
-13236
-13256
13288
-13474
13477
13555
13557
13601
13602
-13619
-13630
-13631
13650
-13687
-13704
13708
13714
13715
13741
13744
13917
-13935
13937
13938
-14007
-14056
14061
14091
14099
14101
14138
-14159
-14186
14370
14378
14382
14383
14391
14477
-14482
-14508
14512
14514
14583
14585
14590
14591
14594
14809
14834
14838
-14947
14953
14962
14963
14973
-14982
-14989
15067
15074
-15084
15270
15282
15283
15284
15294
-15295
15425
15498
15499
15509
15510
15513
-15738
-15831
15839
15851
15852
15865
15867
-15875
-15930
-15949
-15951
15953
-15960
16192
16203
-16298
16312
16316
-16322
-16334
-16336
16407
16415
-16418
-16425
16667
-16671
16792
16807
16896
16899
16900
16902
16912
-17161
17272
-17280
17287
17301
17391
17396
17399
-17408
17421
17582
-17769
17849
17850
18034
18036
18038
18206
-18215
-18225
-18229
18234
-18318
-18320
18342
18343
18509
18512
18514
18680
-18688
-18697
18711
18717
-18719
-18796
-18817
-18819
18979
-18984
18988
18989
18990
19131
19143
19159
-19164
19177
19210
19253
19254
19395
19413
19414
-19445
-19453
-19455
-19606
19608
19615
19621
19629
19632
19672
19695
19858
-19870
19898
19904
-19915
19919
19920
20074
-20084
20131
20132
20134
20147
20150
-20172
20323
20349
-20526
-20530
-20577
20581
20612
20747
20748
20782
20783
20807
20809
-20812
20905
-20986
20995
21035
21038
-21039
21054
21060
-21210
21241
21242
21243
21244
21245
21249
21252
-21272
-21278
21366
-21454
21461
21509
-21519
21527
21528
21699
21701
-21711
21715
21741
21751
21823
21909
-21956
-21962
21973
22140
-22154
-22159
22280
22282
-22359
-22371
-22416
-22421
22580
22602
22604
22606
-22608
22612
22613
-22622
22657
22726
22872
22881
22885
-22889
23034
23036
23047
23049
-23075
-23080
23188
-23197
-23344
-23346
-23515
-23519
23533
23537
23539
23540
23552
-23561
23576
23691
23692
-23781
-23845
23854
24031
24037
24054
-24056
-24064
24072
24073
-24075
24197
24211
-24278
-24289
-24344
24539
24540
24569
-24584
-24587
24701
24714
24774
24786
24854
25043
25052
25067
25069
-25075
25094
25190
-25249
-25262
-25315
-25321
25323
25329
25519
25521
-25525
-25551
-25557
-25560
-25571
-25578
-25580
25702
25704
25707
25806
-25814
25815
25821
25877
-26025
-26039
26057
-26147
-26149
-26171
-26244
26250
26272
26336
-26465
26474
-26494
26585
26586
26682
26706
26707
26775
26894
-26919
-27020
-27025
27047
27115
27140
27208
27217
27218
-27344
-27363
-27370
-27371
-27465
-27470
27565
-27652
-27653
27658
-27776
27906
-27989
27998
-28020
28065
28084
-28194
28207
-28218
28231
28421
28422
28439
28450
-28490
28506
-28627
-28635
-28654
-28666
-28668
28765
28840
28859
28874
28934
28936
-28939
-29059
-29066
29091
-29199
29273
29301
-29365
29370
29374
29498
29529
29533
-29537
29551
29705
29723
-29930
-29939
29957
-29967
-29988
-30087
30161
30165
30226
30232
-30234
-30369
-30370
30391
-30411
-30413
30430
30432
-30433
30435
30541
-30592
30595
30613
30674
30807
-30810
-30825
-30844
-30867
-30870
-30972
-30973
30981
-31012
31013
31026
-31084
-31225
31236
31259
-31278
31308
31458
31459
31472
31648
31649
-31656
-31678
31692
31697
-31706
-31742
31843
31880
-31888
-31890
-32067
-32071
32080
-32100
-32101
-32104
32113
32114
-32156
32268
32293
-32316
32498
32581
32592
-32718
32720
-32726
-32899
32904
-32921
-32927
-32941
32943
32982
32999
-33129
33137
-33350
-33366
-33368
-33372
-33405
-33425
-33428
-33436
33580
-33584
-33597
-33598
-33603
-33604
-33798
-33819
-33824
33833
33834
-33855
33871
33873
-33877
34016
34026
34038
34039
34040
-34058
-34266
34273
34277
34284
-34296
-34333
-34341
34480
34482
-34504
-34505
-34508
-34514
-34521
-34721
-34729
-34733
-34739
-34740
-34747
34748
34793
34954
34957
34960
-34983
35157
-35197
35206
-35260
-35266
35411
35413
35419
35608
35623
35627
-35650
-35654
-35658
-35669
-35674
35718
35719
35889
-35908
-35920
36081
-36091
-36119
36129
-36132
-36184
36257
36347
-36365
36451
36542
36547
36586
36591
36594
-36636
36652
36729
36739
36820
-36845
-36852
36909
36911
-36913
-37010
37017
-37123
37213
37216
37219
-37334
-37338
37394
37512
-37513
37566
-37570
-37601
-37698
-37699
37701
37703
37705
37707
37848
-37852
-37855
37858
-37975
37977
37984
-38029
-38056
38092
38095
38143
38155
-38162
-38308
-38315
38419
-38439
-38443
-38508
-38514
38548
38600
38603
-38611
38619
38757
38759
38770
38902
-38962
39003
39065
39071
39186
-39198
-39199
39202
39319
-39336
-39349
-39351
-39392
-39401
39489
-39495
39500
39506
39507
39622
39623
-39640
39767
-39804
-39806
-39857
-39862
-39951
-39953
-40060
-40083
-40086
40218
40219
-40253
40288
40306
40409
40415
40519
40533
-40652
40727
40765
40823
-40832
-40966
-40971
40986
-41156
41186
-41190
-41195
-41202
-41203
41280
41289
-41294
41305
-41428
41434
-41449
41578
41580
41591
-41667
-41673
41767
-41770
-41879
-41880
41881
-41897
41898
-42026
-42028
42039
42074
-42109
42196
-42204
-42206
-42212
42217
-42219
-42343
42497
42499
42570
-42796
42946
42960
42961
-42962
42973
42975
-42997
-43000
-43046
-43051
43079
43114
43136
-43144
-43235
-43415
-43417
-43427
-43458
43506
43570
43575
-43600
-43693
43900
-43910
43914
-43942
-43987
44051
-44078
-44087
-44165
-44173
44384
-44385
44389
44407
-44413
-44459
-44460
-44553
-44561
-44634
-44642
-44643
44846
44864
-44865
-44873
44926
-44992
45035
-45102
45110
-45112
45117
45311
45315
-45431
45451
45453
-45465
-45466
-45536
-45537
-45538
-45540
45542
-45547
-45551
-45753
-45759
-45778
-45811
-45898
-45899
-45904
-45906
-45962
-45970
46204
46214
-46312
-46335
46337
-46343
-46407
46416
46417
46432
-46435
46555
46641
46653
46656
46660
46661
-46770
-46774
-46776
-46845
-46846
-46849
-46850
-46863
-46864
-47065
-47070
47071
47139
47174
-47251
-47253
-47272
47278
-47399
47494
47572
47598
-47603
47607
47609
-47693
-47704
47716
-47927
47933
-48022
-48033
-48040
-48110
-48111
-48112
-48114
-48129
-48130
48260
48261
48356
-48359
48422
-48453
-48455
-48462
-48467
-48531
48539
-48555
-48557
-48569
48747
48756
48776
48778
48847
-48873
-48874
-48952
-48981
-48982
-48983
-48988
-49001
-49118
-49185
49197
49199
49394
-49397
-49399
-49410
49599
49600
49601
49726
-49732
-49792
-49793
-49808
-49812
-49814
-49815
-49816
-49949
49951
-50024
50027
-50132
50135
-50137
50189
-50190
-50230
-50372
50428
50435
50477
-50557
-50558
-50559
-50560
-50582
-50639
-50641
-50657
-50658
-50664
50667
-50670
50874
50877
50894
50981
-50989
51076
-51098
-51102
-51107
51112
-51114
-51128
-51320
-51324
51364
-51429
-51430
-51431
-51438
51468
-51472
-51536
-51537
-51564
-51571
-51573
-51577
-51593
-51596
51774
51775
-51888
-51924
-51925
51981
52008
-52013
52017
-52021
52024
-52214
-52219
-52326
-52330
-52332
52376
-52473
52482
52676
52689
-52778
-52781
-52826
-52913
-52914
-52923
-52927
-52928
52935
53127
53129
53130
53134
-53204
-53227
-53230
-53236
-53280
-53371
-53377
-53378
-53382
-53386
-53388
53512
-53577
-53580
53657
-53677
-53685
-53702
-53704
-53706
-53729
-53730
-53739
-53821
-53822
-53823
-53824
-53836
-53982
54048
-54049
-54050
-54150
-54168
-54192
-54211
-54275
-54287
54441
54449
-54452
-54453
54591
-54611
-54614
-54631
-54633
54636
-54655
-54726
54752
-54756
54897
54899
-54959
55052
-55053
-55163
55196
-55202
-55341
-55345
55409
-55499
-55500
-55502
-55517
-55524
55545
-55602
-55846
55931
-55954
55964
-55993
56000
-56054
-56087
-56088
56209
-56222
56224
56270
56344
-56357
-56389
-56421
56633
-56647
56697
-56778
-56780
-56811
-56857
56870
-56931
-56934
56966
57079
57080
-57090
-57095
57099
-57102
-57240
57270
-57275
-57287
-57290
-57298
-57344
-57376
-57384
-57386
-57534
-57605
57666
57690
-57715
-57718
57730
-57733
-57737
-57820
58002
58008
-58047
-58121
-58164
58188
58228
-58231
58422
-58439
58448
58549
58592
-58610
-58619
-58620
-58622
58624
58653
-58656
-58657
-58661
-58662
-58681
-58861
-58873
-58874
58930
-59043
-59044
59054
-59060
-59076
59092
-59097
-59120
-59133
-59135
59369
59420
-59479
-59493
-59497
-59498
-59500
-59536
-59541
59555
-59903
-59905
59920
-59923
-59940
-59956
-59957
-59958
-59959
-59970
-59975
59991
-60235
-60318
-60339
60391
60393
-60396
-60399
-60402
-60408
-60416
-60708
-60792
-60794
-60804
60827
-60848
-60871
-60880
60911
-60933
-61210
-61236
61277
61305
-61310
-61311
-61320
61326
61339
61343
-61353
61375
-61399
61667
-61694
-61695
61710
-61713
61768
61772
61781
-61787
-61815
-61816
62092
-62110
-62130
-62134
-62194
-62220
-62258
-62492
-62502
-62531
62620
-62632
62850
-62853
-62895
62925
-63069
63094
-63096
-63097
63140
63249
-63257
-890
-894
-1052
-1102
-1103
-1135
-1136
1138
-1140
-1150
-1151
-1152
-1155
-1301
-1343
-1344
-1347
-1362
-1386
-1392
-1393
-1396
-1401
-1416
-1417
-1462
-1587
1631
-1637
-1642
-1643
-1644
-1650
-1656
-1658
-1659
1693
1697
-1702
-1704
-1705
-1706
-1709
-1718
-1770
-1774
-1901
-1966
1979
-1986
-1997
-2003
2040
2045
-2054
-2055
-2065
-2113
-2118
-2119
-2140
-2141
-2261
-2267
-2269
-2272
2343
-2346
-2348
-2355
-2365
-2374
-2432
2433
-2503
-2504
-2506
-2507
-2508
2511
-2520
-2522
-2526
-2527
-2534
-2643
-2652
-2750
-2760
-2762
2829
2915
-2921
-2926
-2927
-2941
-2943
-2955
-3045
-3053
-3189
-3350
3359
-3365
-3366
3372
-3378
-3384
-3397
-3416
-3417
-3472
3483
-3490
-3513
3615
-3618
-3619
3620
-3625
-3796
3807
3808
-3817
3823
-3830
-3832
-3844
-3854
-3855
-3856
-3907
-3944
-3953
-3962
-3963
-3964
-4068
-4279
-4280
-4281
-4294
-4297
-4309
-4323
-4327
-4328
4376
-4378
-4394
-4424
-4426
4428
-4717
4754
-4761
-4763
4772
-4775
-4777
-4801
4805
4806
4855
-4860
-4882
-4891
-4892
-4895
-5237
-5249
5287
5292
5296
-5326
5327
-5390
-5410
-5434
-5779
-5781
-5783
-5797
-5829
-5833
-5839
-5850
-5880
5920
-5946
-5953
-6321
6360
6365
-6376
-6409
-6411
-6414
-6425
-6446
-6447
-6455
-6484
-6509
-6511
-6875
-6877
-6878
6883
-6897
-6945
-6973
-6974
-6985
-6988
6991
-7010
-7020
7025
-7057
-7160
7418
7513
-7524
-7526
7528
-7554
-7556
7564
7567
7614
-7856
7941
8018
8020
-8032
-8055
-8056
-8060
8097
8119
-8123
-8131
-8354
-8355
-8408
8436
-8444
-8525
-8527
8531
8555
8567
-8606
-8618
8624
-8630
8817
-8841
-8873
-8875
-9003
-9004
-9016
-9017
-9018
-9019
-9022
-9076
-9078
-9088
-9096
-9292
-9295
9299
-9317
-9318
-9320
-9322
-9350
9473
-9484
-9487
9501
-9503
-9509
-9510
-9559
-9676
-9772
-9774
9775
-9778
-9782
-9798
-9800
9962
-9969
-9980
-9982
9996
-10040
-10046
-10048
10251
-10253
-10275
-10431
-10432
10454
10516
-10523
-10526
-10578
-10648
-10650
-10732
-10736
-10737
-10738
-10741
-10745
10754
-10755
-10770
-10771
10907
-10925
-10992
-10993
-11001
11003
11113
-11198
-11205
11212
-11218
-11220
11363
-11394
-11401
-11402
11439
11447
-11569
-11570
-11646
-11647
-11648
-11663
-11664
11823
-11852
-11859
11897
11900
-11908
11913
-11957
12039
-12090
12118
-12288
-12290
-12298
12305
-12311
-12347
12357
-12388
-12391
-12533
12726
-12743
-12760
-12761
-12763
-12803
-12806
12814
12819
-12853
-12859
-12863
-12865
12995
-13005
13206
-13215
13224
13230
-13271
-13317
-13394
-13409
-13410
-13411
-13412
13458
-13652
-13660
-13661
-13664
-13672
-13847
-13871
-13874
-13916
-13920
-14102
-14104
-14114
-14120
-14125
14182
-14213
-14216
14321
14328
-14331
-14336
-14337
14530
14537
-14543
-14546
-14547
-14622
-14642
-14726
-14728
-14730
-14742
14972
-14993
-14994
-14995
-15016
-15018
15023
-15193
-15206
15227
15277
-15417
-15442
-15449
-15450
15546
15647
-15662
-15665
-15666
-15684
-15685
-15887
-15889
15890
15893
-15895
-15898
-15910
-15983
-16100
-16102
16141
-16247
16332
16359
-16364
16365
-16378
-16448
-16451
-16586
16591
16614
-16719
-16721
-16803
16830
-16833
-16923
-17054
-17058
-17068
17081
-17089
-17105
17203
17209
-17211
-17324
-17345
-17552
-17553
-17560
17592
-17673
-17680
-17684
-17688
17790
17809
17862
17979
-17992
-18014
-18015
18016
-18024
-18046
-18047
-18133
18134
18147
18270
18272
-18290
-18476
18478
-18481
18490
18493
-18507
18528
-18599
18601
-18608
-18610
18614
-18618
-18748
-18767
18936
18956
18974
-19005
19050
-19061
19063
19070
19073
-19226
-19410
-19418
-19419
19469
-19473
19475
19520
-19522
-19527
-19536
-19538
-19539
19666
-19853
-19854
-19866
19877
19932
19936
-19937
-19938
-19985
-19988
20119
-20144
20294
-20307
-20317
20383
-20385
20386
20428
-20444
-20455
-20486
-20487
-20488
-20491
-20636
-20638
-20740
-20828
-20829
-20884
20888
-20902
-20917
-20920
20959
20962
-21197
-21214
-21231
21297
21301
-21354
-21356
-21383
21386
-21420
-21425
21530
-21629
-21658
-21661
-21673
21811
-21873
21880
-21997
-22041
-22070
-22074
-22077
-22109
-22115
22258
22265
22267
-22333
-22528
-22531
-22535
-22725
22745
-22767
-22776
22894
-22943
-22953
-22970
22996
-23183
-23240
-23252
23365
-23369
-23409
-23410
-23441
-23445
-23467
-23469
23480
-23483
-23685
23747
-23750
-23752
-23864
-23912
-23923
23943
-23962
-23963
-23973
-23974
23984
24198
-24227
-24258
-24259
24357
-24414
-24444
-24445
24451
24452
24477
24479
-24483
24698
-24732
-24734
-24749
24750
-24905
24917
-24946
24948
-24958
-24965
24977
-24980
-24990
24992
-25221
-25222
25223
-25338
-25381
-25401
-25430
-25431
25448
-25452
-25454
25477
-25681
25723
25727
-25734
-25829
-25863
25879
25910
25912
-25934
-25943
-25944
-26176
-26178
26300
26302
26303
-26331
-26351
-26356
-26363
26369
-26579
26602
-26613
-26614
26615
-26618
26623
-26697
-26744
-26750
-26768
-26792
-26793
-26797
-26798
-26800
27056
27058
27127
27132
27178
27186
-27202
-27204
-27225
-27237
-27238
27384
-27488
-27489
-27495
-27496
-27559
-27560
-27617
-27625
27642
-27666
27678
27679
-27721
-27817
-27887
27926
-27930
-27932
-28002
-28068
-28072
28110
-28113
-28150
28247
-28313
-28314
-28324
-28355
28361
-28428
28433
28499
-28529
-28531
-28537
-28544
-28554
-28577
-28744
-28749
-28757
-28788
-28852
-28924
-28970
-28972
-28982
-28983
29008
-29117
-29182
29219
-29281
-29284
-29397
-29401
-29407
29410
-29430
-29560
-29561
-29567
29814
-29820
-29831
29833
-29860
-29861
-29993
-29994
-29995
-29997
-30085
-30106
30154
-30254
30257
-30271
-30273
30279
-30442
-30450
-30690
-30694
-30695
30706
-30712
-30720
30736
30875
30878
-30880
30883
-30888
-30889
-30985
-30990
-31019
-31020
31108
31115
31120
31122
-31130
-31134
-31203
-31205
-31207
-31208
31322
31329
-31403
31465
-31554
-31560
-31573
-31629
-31632
-31634
-31640
-31764
-31833
-31848
-31872
-31875
-31945
-31946
-31959
-31961
31962
31964
31965
-32015
-32047
-32052
32179
-32249
-32278
32365
-32377
-32391
-32424
-32440
-32446
-32461
32469
32607
32608
-32621
-32635
-32680
-32774
-32777
-32778
32785
-32824
-32825
32844
32872
-32875
-33021
-33034
-33038
-33097
-33199
-33202
-33284
-33285
33312
33318
-33322
-33481
33649
-33702
33706
-33734
-33760
-33768
33771
-33904
-33905
33931
33996
-34091
-34094
-34141
-34154
34187
-34354
-34355
-34358
34365
-34389
34396
-34462
34548
-34602
-34604
34605
-34628
-34632
34635
-34664
-34667
-34819
-34831
-34875
-35030
-35032
35067
35097
-35126
-35130
35155
35284
-35286
-35307
-35311
-35319
-35485
-35488
-35523
-35524
35553
-35586
-35591
35740
35793
-35947
35987
-36010
-36018
-36054
36055
36090
36204
-36207
-36211
36225
-36232
-36233
-36243
-36410
-36447
-36477
-36521
-36522
-36525
36558
-36560
36676
36678
36683
-36706
-36707
36727
-36879
-36908
-36975
-36984
36996
37033
-37170
-37184
37190
-37196
-37365
-37407
-37464
-37466
-37468
37493
37529
-37651
-37657
37666
-37668
-37676
-37679
-37683
37828
-37872
-37883
-37948
-37957
-37958
38128
38138
38152
-38210
-38328
-38330
-38382
-38391
-38395
-38396
38418
38573
38574
38579
-38581
-38592
-38593
38605
-38623
38786
-38791
-38844
38852
38858
-39036
39038
39051
39053
-39078
-39113
-39175
-39215
-39216
39277
-39283
-39296
39312
-39452
-39468
-39482
-39545
-39548
-39724
-39725
-39726
-39735
-39736
-39752
-39760
-39788
39912
39914
39915
-39917
39935
39945
-40016
-40074
40175
40177
-40180
40185
40221
40227
-40350
-40361
40366
40384
-40385
-40462
40509
40510
-40655
-40657
40663
-40666
-40801
-40812
-40957
-41068
-41076
41078
41082
41083
-41089
-41112
41125
-41132
41241
41243
-41258
-41271
-41273
41362
41419
41543
-41545
-41549
-41575
41606
41610
-41721
41735
41750
41818
41994
41998
42042
-42045
42054
42158
42159
-42161
-42172
42186
-42287
-42464
-42465
-42467
42473
42480
42504
-42627
42630
-42645
42651
42733
-42857
-42860
-42883
-42887
-42906
-42922
42931
-42948
-42984
-43100
43120
43191
-43219
43321
-43348
-43351
-43373
-43391
-43447
-43554
43583
-43647
43655
-43683
-43785
-43786
-43797
-43798
-43821
-43828
-43829
43856
43857
-43877
44032
-44038
-44039
-44091
44121
-44148
-44255
-44256
-44285
44289
44291
-44301
-44302
-44320
-44328
44381
44509
44520
-44533
44597
-44604
-44624
-44730
-44765
-44782
-44805
-44816
-44878
-44984
-45000
45070
45077
45091
-45093
-45195
-45196
45202
45237
-45240
-45249
-45253
-45274
-45289
45425
45436
-45501
-45524
-45634
-45635
45670
-45682
-45689
-45700
-45701
-45730
45747
-45877
-45926
45933
-45952
45953
46067
-46145
46161
-46173
-46177
-46183
46392
-46518
46579
46582
46588
46597
-46792
46799
46823
46825
-46956
-46984
-47008
-47014
-47028
47149
-47200
-47229
47236
-47240
-47381
-47404
47440
-47444
-47449
-47482
-47527
-47633
-47654
-47673
47675
47681
-47807
-47817
-47844
47882
-47899
47919
48056
-48081
48088
48091
-48242
-48272
-48317
48338
48345
-48382
48426
-48513
48519
-48665
-48672
48674
-48704
-48712
-48713
-48734
-48735
-48758
48904
-48931
-48936
-48938
-49097
-49105
-49106
-49131
-49132
49163
-49191
-49208
-49210
49322
49351
-49354
49356
49545
-49549
49603
49610
-49625
-49627
49701
49744
-49769
-49770
-49775
-49776
-49927
-49953
-49961
-49965
-49966
-49967
-49995
-49996
-50017
-50021
50036
50102
-50145
-50146
50170
50173
-50342
-50382
50386
50415
-50440
50449
50457
50539
-50601
-50609
-50621
50823
-50829
-50861
50879
-50883
-50888
-50890
-50891
-50898
-50900
-50901
50960
51035
-51044
-51259
51260
51270
51275
51327
-51330
-51336
51338
-51342
-51343
51346
-51373
-51384
51420
51421
-51493
51510
51520
-51720
-51727
-51783
51789
51790
-51794
51827
-51864
51939
-51957
-51959
-52174
-52179
-52191
-52224
-52226
52227
-52233
-52235
52240
52241
52242
52305
52307
52309
52394
-52414
52418
-52599
52626
-52632
52634
-52650
-52653
52682
-52691
-52716
-52754
-52758
52872
-52876
53076
-53084
-53086
53139
53140
-53163
-53171
53198
-53327
-53331
-53332
53337
-53531
53539
-53565
-53612
-53619
-53652
-53653
53656
-53769
53770
-53773
54010
-54028
-54037
-54054
54059
-54083
54122
54203
54243
54459
54463
-54470
54474
54475
-54502
-54508
-54546
-54553
-54684
-54904
-54920
-54982
54983
-54986
-54987
-55000
-55015
-55020
-55022
55103
-55130
55132
55348
55369
55389
-55392
-55393
-55429
-55439
55473
55560
55574
55575
-55578
-55797
55802
-55815
55829
-55851
55873
55892
-55905
56004
-56022
-56234
-56235
56236
56239
-56244
-56255
56257
-56275
56287
-56293
-56434
56649
-56657
56666
-56680
56702
-56720
-56721
56743
-56757
56863
56864
56877
-56885
57110
-57127
57129
-57146
57149
57166
57173
-57175
-57176
57187
57204
57259
57260
57307
-57322
57568
-57607
-57610
-57611
-57615
-57629
-57645
57665
57702
57703
57746
57747
57750
57751
-58024
58050
-58055
-58060
-58077
58099
-58109
58110
58149
58151
-58198
58199
-58202
58209
58429
58453
58456
-58492
-58496
58497
-58507
-58509
58512
-58518
58582
58583
58630
58633
-58638
58639
58892
58893
-58898
-58901
-58941
-58942
-58944
-58977
-58978
59072
-59327
-59364
-59373
-59388
-59401
59413
59427
59428
59429
-59441
-59502
59506
-59508
59509
-59743
-59753
-59792
-59800
59803
-59807
59808
-59833
59849
59867
-60196
60240
-60246
-60249
60251
-60274
60286
-60372
-60378
-60535
-60659
-60677
-60695
-60698
-60699
-60702
-60720
60722
-60735
60747
60748
-60752
60759
60774
60775
60823
60825
60841
60844
-61024
61097
-61133
-61134
-61158
-61174
-61175
-61205
61209
61288
-61290
61292
-61491
61494
-61498
-61589
61593
-61617
61630
-61632
61637
-61656
61659
-61662
61724
61725
61752
61753
61931
-61932
-62054
-62055
-62090
62096
-62141
62164
62240
62347
-62405
-62413
-62424
-62427
-62451
62477
-62479
62485
62486
62490
62539
62545
62616
62626
62747
62756
-62758
-62760
-62761
62779
62780
-62801
62804
62808
62809
62868
62870
62884
62894
62900
63029
-63104
-63107
63112
63127
63133
63135
63145
63240
-63277
-63278
63279
63284
63293
63349
-63361
63367
63368
63373
)


// ************************************************************************* //
