/*--------------------------------*- C++ -*----------------------------------*\
| =========                 |                                                 |
| \\      /  F ield         | OpenFOAM: The Open Source CFD Toolbox           |
|  \\    /   O peration     | Version:  2412                                  |
|   \\  /    A nd           | Website:  www.openfoam.com                      |
|    \\/     M anipulation  |                                                 |
\*---------------------------------------------------------------------------*/
FoamFile
{
    version     2.0;
    format      ascii;
    arch        "LSB;label=32;scalar=64";
    class       volScalarField;
    location    "0.007";
    object      p;
}
// * * * * * * * * * * * * * * * * * * * * * * * * * * * * * * * * * * * * * //

dimensions      [0 2 -2 0 0 0 0];

internalField   nonuniform List<scalar> 
32691
(
-0.00051759187249156
0.0018389858238961
-0.0021173262739757
-0.00084109191611381
-0.0016645961423397
0.00019176661801532
0.0024760547011881
0.0018950301023657
-0.0010843333584277
-0.00057719364486914
0.0027842132853221
0.0047815414451
-0.0026599737154611
-0.00083027108504082
-0.0020075080707619
-0.0007655830023797
-0.00063824055961813
-0.00078240501434232
-0.0018326313114496
-0.0019265600633205
0.00046284281400279
-0.0067158099572833
-0.0035870921685685
0.00055713744580473
0.00020782921962307
-0.0014191238622507
-0.00031283633782679
-0.0021642108278692
0.0029643094599322
-0.0029015161773734
0.0019478955121419
-0.0003995264628947
-0.0005835782828757
0.00074252326309762
-9.305036231907e-06
0.0023277210856847
0.0037126222007811
0.0045544261631223
-0.0030490057432629
-0.0057186746684563
0.00046131636366906
-0.0021519584533487
0.0014502298409986
-0.0027448970077089
-0.00055899219669316
0.00065874415903294
0.00066254033808832
0.0048291030815656
-0.0017411286254219
-0.0058730023919809
-0.0016715027197251
-0.0038998320897832
0.0033728251222065
-0.0031503139896846
-0.0030558895887024
-0.0009156563827681
-0.00070534642853723
-0.0032135297921126
-0.0048882672558632
-0.002535792332418
0.00049712306810947
-0.0021197440741403
-0.0024178106831409
-8.0796558392307e-05
1.2892578052631e-05
-0.0021014289393446
-0.00059704563827918
-0.0023339324140115
-0.0059804007359522
-0.0042719568841433
0.0024279121681958
0.0034148997187973
-0.006339264647458
0.00037600772031148
-0.0017144515774624
-0.002977332117297
-0.0040338850876726
0.0022829914769769
0.0036353431229916
0.00084169005192577
0.0025953981344842
-0.0022992709594015
-0.0022631163383766
-0.0031258082141306
0.00026576448500332
-0.00086120076745669
-0.0056335675970522
-0.003158445076394
-0.0060593373955275
-0.0024050291719142
0.0016390414916341
-5.579370128419e-05
0.0014666588832278
0.0030924477711346
0.00061884640597088
0.0016608322411317
0.0033006289837427
-0.0098208148297649
-0.011661407180995
-0.00055009420430287
-0.00092220115973425
-0.0086275725080865
-0.0063429040783733
0.00090040400393878
0.0020539546144515
-0.00011548906322005
-0.0006465749582263
-0.0033200408718374
-0.0050854846352643
-0.0039356045951718
-0.0018272030224086
-0.0054291075067677
-0.0011042457505615
-0.00098255812566108
-0.0037220731408705
-0.0022974237040598
-0.0063287315036722
-0.008784850216934
0.0011887031224085
-0.0029004606883983
-0.00023677430084197
-0.0069594016259945
0.00127078483618
-0.0054753730862383
-0.0012866412473016
-0.000205686086951
-0.0029045585743522
-0.0036359665202823
-0.0012067465672095
-0.0017655019031089
-0.001318733075195
-0.0016690578053704
-0.00069973939281451
0.0024625303727121
-0.0078703118739586
-0.0019485986394306
-0.0103877947131
0.0017978149788131
0.0013653208865269
0.0024864423454366
-0.012508501866315
-0.0058141028953819
0.0015206745465423
-0.0018738139426213
0.00011117476353177
-0.0021477397220734
-0.0023306711423857
0.0003184586099312
-0.0065149486194697
0.0011451700654708
-0.0064664331968045
-0.00089448111842176
-0.0010592752433681
0.0025554680982487
-0.0021580420240651
0.0024881419664725
0.0012785635618013
0.0020693855202392
-0.00047101594682813
0.00011045805944962
-0.0015155842319448
-0.0073531224107793
-0.002752496065251
-0.0078265781566775
0.00013049007385926
-0.001271101935141
-0.010442233074383
-0.011469935083663
-0.009893292071269
-0.003725717260447
-0.013221692032664
0.00245939067669
0.00013036846264926
0.00067952045226562
-0.0023831921834276
0.00095063803059693
-0.00014059711828509
0.0012211978045582
0.0028663110282166
-0.0026348710237728
0.0027247096581449
-0.0029216630898329
0.00056971823063878
-0.010923616368575
-0.0083602500627304
-0.021623812202043
0.0003383829007476
-0.0016845653843695
0.00064416053170596
0.00066919531682811
-0.015064647697282
-0.0086866480393805
0.00090006496895881
0.0031150269469852
0.00083888667183703
0.0013999049795507
0.0011247777833368
0.0014503344100423
-0.00078762417223509
0.0016487736561163
0.001453733245251
-8.6610167688306e-05
0.0050725626063819
0.0009331283469309
0.0009126489646853
-0.003001872813864
-0.0039571045299345
-0.002776538683662
-0.0048576929832773
-0.0094357425611758
-0.001378302578313
-0.0016122737880491
-0.00093852370339365
0.003134938432234
0.00067480412911666
-0.0020833240719674
-0.0025723242086952
-0.0027667649019263
-0.0026502065012804
0.0004074929887798
0.00054983804995779
-0.0011853418207091
-0.0031109924906284
-0.0061503978981865
-0.0071443149357856
-0.016219748026113
-0.0017318912410408
-0.00636095408983
-0.0024835930089357
-0.0045645847590634
-0.00098459204332698
-0.011233590163451
1.6218253748296e-05
-0.00036518539206115
-0.0024437849235118
-0.0036161967697211
0.0020160853638612
-0.0029992343173687
9.1543594157759e-05
0.0025070640038582
0.0020561033755039
7.0734654477207e-06
-0.0022650188976702
0.0045134071293676
0.0045974028328893
-0.00070563318067674
0.0035578679979647
0.0024440859979698
-0.012289444271296
-0.010602209814235
0.00090499140696135
0.00065616792346819
0.0018149345967142
-0.00044683762766994
0.0015220197327154
-0.019401786069923
-0.016521521626205
-0.0084268666940261
0.00088490038676065
0.00052677619332489
0.0026774794950594
0.0013130385023088
0.0036071390011502
-0.00082076530699406
0.001536102153139
0.0040180792682918
0.003556750298819
0.0045878073056332
-0.00075927301834668
-0.0039814707042509
-0.0020668733419365
-0.0054759766057137
0.0035741852237739
0.0035103619053619
0.0021668650880204
0.0028139374527009
-0.0042457815454304
-0.004008573739488
-0.011097736555396
-0.013047951429809
0.00079873831746754
-0.0033918730310278
-0.010002844236023
-0.0024409012929584
-0.0028081392805249
0.0028656393778405
0.0032475249151118
-0.0013098952095345
-0.0002874633206031
0.0021505694888357
0.0041527564060987
-0.0017150610684118
0.00078011078892502
-0.00052727291058059
0.0016407646416928
-0.0013651791959638
0.00020921592516033
-0.0054994541949864
0.00020497250569058
-0.0013623287722296
-0.013253630223386
-0.0010295755471626
0.0026264020729264
-0.0063164989014894
-0.017052081512823
-0.0042443149112233
-0.0048748425116853
-0.0097531074258861
-0.018046595610299
0.0010728308831038
0.00090339521911111
0.0028108230690455
-0.0035916905219227
-0.0024713398733556
-0.003235520759352
-0.0025590457777995
0.00086138009833934
9.3284868136025e-05
-0.0016915218799288
0.0017139917181289
0.0016533854407978
0.0027008626870699
0.0030549869109021
0.0041769696624512
-0.0011387238068536
-0.0016566959740103
0.0026986968386618
-0.0022169767961563
-0.00067846063126104
-0.00053996629925445
-0.026178122859753
-0.01795612559928
0.0032263683101736
-0.0065193587461977
0.0023271495663901
0.0019794272650627
0.00089933729205525
0.00034383886511776
0.0016570665480906
0.0011198941985167
0.0012130363624581
-0.025319539820642
-0.011374657491693
-0.021272886937901
0.00095330665368105
0.0014398239234797
-0.0016922264829178
0.0065259975982705
0.0047843699819249
0.0011345949255307
0.0035316728206124
0.001311211132634
0.0032264261630845
0.00026071297646645
0.0018130718876363
0.0025899639363469
0.0050638049229737
0.0031547216956723
0.0061302901787412
0.0011644370285739
0.002150998623574
0.001660261328963
0.0032325724685266
0.00052786866591508
0.00070214314594833
0.0037177694621319
-0.0010450187859494
0.0095765750895321
0.0048122131184164
0.0069884109272309
0.0098222469887662
-0.0034151342843592
0.0028189497607779
-0.00237461126741
-0.0038626434973426
-0.018569743466593
0.005115477590726
-0.00048311176676369
-0.009791473328806
-0.0047576143893259
-0.011181475083034
-0.0025151056400536
-0.0038217183310229
0.001422375848023
0.0044115256812508
0.0031517807256607
-0.00073060383542351
-0.0027669036787425
-0.00039967058285473
-0.0025173490330921
-0.00095097830989652
0.00089837314588976
0.0021709022733364
-0.0009839176429387
-0.0013090470014377
0.00094801113945226
-0.0036258753073899
-0.0059462612424951
-0.02093796657441
-0.0021085697168756
-0.010781793902737
-0.0081139422963874
-0.0095067056521883
-0.011636442750857
-0.019995450728086
1.8962650705992e-05
-0.019596899598116
0.0005307696049418
-0.001617789216396
-0.00011238087200916
-0.0043219861496965
0.00017651087671847
0.00013118381244425
0.0028245104487473
0.0014233264242379
0.0022139392203284
0.0018226353270603
0.0032794675632795
0.0016299209410988
4.0905238763608e-06
-0.0018927852758033
-0.00059516451903545
0.00079933034089222
0.0018471775201742
0.0016881492139138
0.00087000416193941
0.0015338874884565
0.00032250636290872
0.0043085324754776
-0.018752643411
-0.008165057569521
-0.00075109416818413
-0.00036452233181103
0.0027035991556166
0.0023907995734014
0.0026835216033038
0.0011306984600235
-0.00096532727606162
0.0023563672845196
-0.028288860924135
-0.0055092850139301
-0.020518465985168
-0.030851366100266
-0.012706643486871
7.5643467768047e-05
0.0081797157240251
0.013893863726721
0.0042605063990879
0.0023409369009822
0.0029477768938133
0.0078993085717029
0.007814625741465
0.0030492959318537
0.0035883759700635
0.0040638723677065
-0.00073199587435342
0.0039015982189936
0.0030873479179019
0.0063534158240642
0.0082725206263859
0.0024141236296888
0.0062196662053077
0.006642031794344
0.0045602185697742
0.0039610009634624
0.0053231697697577
0.0020588800061111
0.0015105366962974
-0.004750591528019
-0.0014682057655962
-0.001370854615769
-0.00043605418422567
-0.0011821495293981
0.010615934865717
0.0089809758026575
0.0061215569398038
0.0066210495763709
0.012156634596687
-0.0051497487565447
0.001679283242386
-0.0050839476484893
0.0020047501603735
-0.0011853820720154
-0.0014767898431273
-0.012642921398533
-0.018016230075309
0.0018354330211948
0.0056337394612536
-0.0060909150791774
-0.0020115788907707
-0.011215460036133
-0.017860006361606
0.00054133856363969
0.0015835746190789
-0.0073334330801324
0.0066355207525825
0.0040899731053006
0.00068667477728844
-0.0038631880620772
0.0010386341409938
-0.002893222309468
-0.00098483272064284
-0.0014059063172966
0.0016227834501909
0.00026089565353985
-0.0022874788316
-0.00053923057270575
0.0019230177032684
0.00011104656273563
-0.0003631281108548
-0.00031994679267415
-0.0031119405274811
-0.0018135454045244
-0.0033515648487089
0.0017940523248894
-0.011586017894229
-0.015428715517875
0.0016143382275035
-0.0049540108753054
-0.005252445747183
-0.0060188373685497
-0.0063284420810675
-0.01531356455395
0.00077729729466658
-0.0063843865883348
-0.0015391377925834
-0.0014286360980745
0.00025540486065384
-0.0025067404727499
-9.5942954856759e-05
-0.0010059252166703
0.0017500472517514
0.00074017634229967
0.0029952240247874
0.0020911285727866
0.0017514434221086
0.0042380607324922
0.002186540121525
-0.0031710409702468
-0.00016172477009851
-0.0034815660054142
-0.00070632716039814
0.0022235809575134
0.0021595332221388
-0.0014652730209338
0.001312106650024
0.00065793084572099
-0.031553268087382
-0.016473198032723
0.0035420553498319
0.0032136125810262
0.0028692385139674
0.0030521617334837
0.00043568220089918
0.0014794121169932
0.00075666996567933
-0.001006518680933
-0.0006451731107766
0.0008433186525262
0.00091837753193299
0.0030415145454736
-0.019454025877177
-0.0032849927299095
-0.021938895101562
0.0094878500408504
0.0053732463698479
0.012283929590815
0.0026651134435365
0.0088500374638817
0.0094694482782293
0.0043626037865937
0.0080104047839631
0.005671369753859
0.0079195514296566
0.0059019642866444
0.0029354363500523
0.0044536656436961
0.0071189518578775
0.0024510356479706
0.0050032663372358
0.0087882448635152
0.009077313083
0.005758889798107
0.0034292377091935
0.0050438038707976
0.0074590720472894
0.011862444638755
0.0049621777552633
0.0016411589641577
0.011680396396253
-0.0026102782936944
0.0017884158199019
0.0029422533730979
-0.0085648093292114
0.016321012071006
0.0084234774702002
0.010334562317798
0.015337273286335
0.009636542537568
-0.0034781714385935
-0.0079458429807242
0.0040358361103215
0.0026012587998926
0.0029844869558633
-0.0051722311484146
0.0091866004447983
-0.007474172307125
-0.021646779727811
-0.015436208559499
-0.010047713340055
-0.021200061343305
0.0076504966753211
0.0049750110719991
-0.005019456406681
-0.015199540528664
-0.0064885421597317
-0.01915054456135
-0.0024464811579001
-0.0014243954022971
0.0052721745685001
-0.0009729567755372
-0.00048897229630239
-0.0023012746133643
-0.0037455736640426
-0.0072461972594396
-0.0026495633220624
0.0010922641362956
0.0024780591063318
-0.0018950117770917
0.00070694954247097
0.0016590237130779
0.00097861927896452
-0.0047359830807029
-0.0020646657230887
0.0022884372309331
-0.004788851509907
-0.0081262015701652
-0.0016446985051965
-0.0023830741841154
-0.021850764842246
-0.010585447751012
-0.017385262455126
-0.018784812048289
-0.010519177433793
0.0019624643913871
0.0094209663060068
-0.028641110270674
-0.0035992606415152
-0.0039840590390209
-0.00068065925431327
-0.00075763703097415
-0.0014383268582266
0.0017383218654921
-0.00028487721026672
0.0010399749241439
0.0027026669242139
0.003280869549187
-0.00096505719344449
0.00048801352069246
-0.00053650500033018
0.0024366663564094
-0.00090611967886541
0.0041320330830421
-0.00057989358677916
0.0025530031730334
0.00098586246574523
0.00076430513199629
0.0026921533339747
-0.00076561761824007
0.0014406741861341
0.0024401497599851
0.0027973393696867
-0.022301001588598
-0.012482713370901
0.0028164688164278
-0.0042098137343227
0.0025022383881566
0.00019554960271171
0.0027676817709241
0.0024227880665496
0.0042224464643136
0.0055379987573802
0.0041994434716356
0.0012050251686516
0.0023728594953712
0.0012155273860278
0.003054909188169
0.0030942944414681
0.0032804903847307
0.0045002482173374
0.0025134673262235
-0.038150431571539
0.0014228242406681
-0.0020840874464555
-0.0148651967294
-0.039514123782981
-0.0037054599508344
-2.8437686164904e-05
0.010370406346546
0.015981183561759
0.018933619185865
0.022129289082234
0.01732414761883
0.021856499736008
0.012535516162236
0.0072419277579845
0.010501749371887
0.0057463591263346
0.0076695983116497
0.00996578601018
0.013489387414669
0.0044118816320906
0.0043325109999595
0.0067117838783818
0.0080457924783695
0.00051345849979773
0.0061218570302669
0.014005577539199
0.0087965699426184
0.010891841538022
0.0076789496684847
0.0097502160217692
0.002215589054677
0.0047458624887854
0.0093289081821193
0.01406389585509
0.0046205594647293
0.0056861464369519
0.0037935400955152
0.0053278553155392
0.0067290982807403
0.016514875184608
0.0037812830502055
0.0023529440733286
0.0024501551393299
0.018741965181519
0.023864849009585
0.0092278350016142
0.011294056853529
0.017183114568424
0.012821880253014
0.00087547073508647
-0.0041979367963878
-0.0096063793543488
-0.009654333930028
0.0059397697723569
0.0083088937412603
-0.0046666270593665
-0.024323493287205
-0.010818178526836
-0.0092001369278352
-0.021317326957903
-0.011195154146038
-0.031262291323285
0.0079721059782378
0.009184974498529
-0.0069898741874884
-0.0071625203550788
-0.0033763341301576
-0.022894607967303
-0.0034850703752382
-0.0023062611689059
0.004564058443492
0.0017337815451232
-0.0039625856841037
-0.004640136925636
0.0017326111152155
-0.00357020972571
0.00019428424414071
-0.0011586431950456
0.00045430715385896
-0.0042565945957552
0.00039937854178397
0.00046188080259837
-0.00054840025700295
-0.00025446400968117
0.0043125555807611
-0.001858205926119
-0.0050717252544354
-0.0006903912882611
-0.017087401337362
-0.0053875337439219
-0.0028455780321212
-0.0064961980923148
0.0029566236006636
-0.021703849777628
-0.00055792852895859
0.0056233456616635
0.0063343159652899
-0.019087515061792
-0.0096521778193887
-0.0028871024067419
-0.0014287967773629
4.427439793381e-05
0.00090348635889092
-7.8928541922189e-05
0.0014413838695689
0.00051303291031532
0.0054333609017126
0.0010311687590234
0.00096658633747367
0.0025442107792008
0.001338525333891
0.00069957392176069
-0.0052363696113089
-0.00083770571896345
0.002373349243565
0.00067086833604155
0.00037195155299584
-0.0026277917312989
0.0015616561931213
0.0029412815337135
-0.0013447381385755
-0.0011278379965611
0.0004521260899438
-0.0011273153873579
-0.021702321345494
-0.014132349793217
0.0016557386293104
-0.00088098392986467
0.0033169134542811
0.0010014416804506
0.0012408761767329
0.0021449220495066
0.0017537277127803
0.0010429931004285
0.0032367509326746
0.0034569946458737
0.0019149860486422
0.0055158821593461
0.0055224033982229
0.0065666506078618
0.0098051993002044
-0.00038062895072218
0.001568175287642
0.0014793569698292
0.0017336359927781
0.00047034745799262
0.00025324592476929
0.001987061029919
0.0047324749755721
0.00082901180173505
0.0052086860108539
-0.035179122573086
-0.021550841642624
0.0037032978966492
0.020055563034254
-0.018468295161213
-0.019538838681565
0.0017958537168596
-0.0075864748821436
0.016608481493075
0.015491410760543
0.016060370896076
0.02177498341871
0.015875424905365
0.024700292916799
0.014543168126895
0.0075342433731911
0.011253414209353
0.010750591890728
0.0085698622604117
0.015029697793983
0.006179924107778
0.0056381953679636
0.0069516585172713
0.0058444400034609
0.0090044413115916
0.0038362885802234
0.0037585355483188
0.0071373969486624
0.01690393273995
0.013643733533953
0.01785978238068
0.0089459557799256
0.0033227082367921
0.014758364112822
0.020961556140455
0.0098056943781671
0.0013594963495549
0.0064929961748833
0.0089306165094277
0.023705754185792
0.011786778949756
0.00087246347170871
0.026988057592428
0.017722795433071
0.025117154285738
0.010815403923679
0.013091476959716
0.015022669079113
0.0081745847103857
-0.0062524871471173
0.0046381857702826
-0.0083353706923053
-0.012084086262058
-0.0043037906356667
-0.01199454171605
-0.001492440044734
0.010395650550788
0.0082511205625141
0.012975077166137
-0.0039777577729372
-0.02794799506761
0.00052400245471254
-0.016228572943752
-0.019314058121779
-0.019813675176699
-0.0016297111778994
-0.030516031227912
0.012934791529476
0.0088446638934754
-0.014610663396352
-0.0063796346079603
-0.0058063108817433
-0.0047642945102224
0.00082775888884566
0.011471869782072
0.0010054762331352
-0.0051536410163948
-0.0026095264118853
-0.0034537537751444
-0.0037676410060015
-0.0034501233715443
-0.0046375476225833
0.0017331101203508
-0.0004978109430694
-0.00044741116398434
-0.0019676760814967
0.00087371921721207
0.00033191886283257
0.00015956044275718
-0.0039789052034599
0.00052934326717335
-0.0057417146429207
-0.0084373239720381
-0.023112594906088
0.0029295298560789
0.00034556628401199
-0.013383503122109
-0.0014939634316435
-0.004726658989957
-0.017508830868275
0.0026421339221738
-0.018325572010959
-0.026648207130543
0.0067569475525518
0.021835923503951
0.010966133653561
0.018425388203758
-0.022474689387584
-0.036196615294732
-0.0081655774111013
-0.0044383985380324
-0.00056736685398205
-0.0042917586206609
0.003734969740469
-0.0011275290409296
-0.0014520266454696
0.0040450315478128
0.0009533261526794
0.00045760718692093
0.0021101304177024
0.00085532589741539
-0.0010481598303515
0.00010099609897162
-0.00093838661711054
0.0015307632607968
0.0051618983717963
0.0032921799691122
0.0048697867337809
0.0015941451656154
0.0030163356633518
-0.0022483748584427
-0.00061573642315707
-0.00042400189887999
0.0028435390467477
-0.0029381692376992
0.0021256292582099
0.0032995856933902
0.00030688666249984
0.0092640895998844
0.0068743123784889
-0.034611062919053
-0.018466777270357
0.0049630358856598
0.0022753073813088
0.0024802219429386
0.0032135168209223
-0.0013242104818056
0.0048993573295991
0.0067053120616936
0.0021786692902159
0.0027933737455196
0.0022963708368531
0.0018007499711794
0.0017460260397672
0.0043481283358011
0.0040321809750328
0.0028463628402658
0.010673770920769
0.0040239338871536
0.0069199650739344
0.0018430575294342
-0.0018474878610836
0.0018875475366951
0.00032929240985078
-0.001889144073097
0.0038305852576056
-0.0004120305005818
0.0026776087902995
0.0084521574914564
0.0062503021440838
0.0030402785365786
-0.021156494584457
-0.017514549069638
-0.040171012265289
0.027232273330406
0.007451848494734
0.01424374126127
0.018152518461527
-0.044765629403445
0.013146430607655
0.0057563343689755
-0.0056539724302002
0.02331073678559
0.016287430335794
0.026027941557547
0.030437562789889
0.028799904175202
0.026542443999057
0.026415397652181
0.024679745902248
0.019228929577924
0.011014501157268
0.014410182100019
0.0099075598631661
0.012709418432443
0.011770540603138
0.016106060582331
0.012291266757638
0.0060033973904765
0.0097730453324269
0.003060322562621
0.010446833176711
0.0093111371175479
0.0033612695407386
-0.00078091378116752
0.00741564854514
0.009570500726656
0.0152032633569
0.0086552031513947
0.015660131552083
0.00954802154057
0.021001634006837
0.018769313663315
0.0048601142241338
0.0065675468947253
0.012369114166162
0.0248820352306
0.010292638893466
0.0036650307121999
0.0028703078306574
0.020516280328655
0.031927259577557
0.022792377267231
0.032953441337232
0.027006333762557
0.021022765931049
0.041929695583385
0.017741762798316
0.016561611470154
0.0097191023863621
0.0093770876610856
-0.0019811587502209
-0.0086743375500564
-0.015334933440582
-0.017379149726565
-0.012461267942361
-0.0085133471876961
0.00906534384737
0.019224812275339
0.015070259876362
-0.0015211859232874
-0.025180804040247
-0.014744096172716
-0.027647637068665
-0.02651706794197
-0.014894955291135
-0.023485951217354
0.0018113961217196
0.014249785219465
0.011671374915811
-0.0064677768138697
-0.0094557073088961
-0.0033093763540276
-0.0016157807197273
0.0086800415710396
0.0053011334865996
0.00041453489287562
-0.0061009201070672
-0.00050947729709864
-0.0052441797200918
-0.0044155467827725
-0.0060820721619434
-0.0030838670011841
-0.0011445187896435
-0.0027949914531974
-0.0025838069959223
-0.0014308165709798
-0.00021683145578345
-0.0011452353193473
-0.0014003848648991
0.0012075744464663
-0.00077822173812995
-0.0086415146279516
-0.0085766734261369
-0.023718624141973
-0.0023053951229332
0.00076278369931868
-0.0018795713480599
-0.0071789686997223
-0.011568860853436
0.0057720769530567
-0.0064442613272358
-0.015781231360416
-0.012958308523958
0.011774908129711
0.0010057959409889
-0.02347033126276
0.035603631681009
0.009823990551179
0.038123878810733
0.017965301380186
0.023230503634835
-0.011247186079847
-0.034233231867674
-0.0083333847646235
0.0020528288058689
0.0042056515294645
0.0014522788464489
0.0037292720438248
0.00247431203692
-0.0014319219877003
0.0028348726151436
0.00042899199667586
0.0012211218851826
0.0030322213416708
-0.0033592083029412
0.0008854333020419
-0.0040729270430421
-0.0013937815574273
0.00039039037959535
0.00020135553358861
-0.00033739259682973
0.0025172866615729
-0.00018811734890723
0.00064324837958233
0.0024455096844749
-0.00040523684249375
0.0016337609999728
0.0010377093765738
-0.0012975049628893
-0.00056866325694098
-0.0039135788589705
0.0078344033726545
0.0024220444527673
0.0053249673221809
-0.0421711336897
0.0017849131355275
-0.014126008521561
0.009226699305798
0.00067835104915313
-0.0042732235102267
-9.3699828579941e-05
0.0016121188187873
-0.0011720898409131
0.0020972122524826
2.1545136996697e-05
0.0016974256872418
0.0020838149132767
-0.00030976940687028
0.0021628428276153
0.0072766843949759
0.00408435981955
0.0048744861988199
0.010432889760033
0.0099328919920203
0.0091680532288979
0.011160586935955
0.0099303824482551
0.0074369956337039
0.0014511354740951
0.001251429781539
0.0015791217235908
0.0032381802461751
0.0012987410327274
-0.0016335197123248
0.0049280402717758
0.0070619778103622
0.0068312401089311
0.0036184539292658
0.0048660890541901
0.0017991505341763
0.0052966961043164
-0.045375456534
-0.019794128677438
-0.039416375633566
0.029919051563679
0.028133430116425
0.0029834456111188
0.0045750353369653
0.028800081895886
0.033084838814232
0.033094492970901
-0.034268217752577
0.015094490118236
0.021339100818266
-0.014541502806526
0.030567242323955
0.025038644653463
0.021839671906506
0.029800735240365
0.036909302490654
0.042024680059486
0.037534029416402
0.036388209342842
0.043008205896917
0.027784387436664
0.008462046181109
0.014569491775679
0.015112025063852
0.020268758806451
0.011095864716197
0.013838590135707
0.014455172527312
0.015565999354282
0.017496760369776
0.0099245398173028
0.0063868212716268
0.012000542370521
0.0095087065424302
-0.00064812400605755
0.011991713906046
0.0029096433067446
0.016893781115272
0.028065307678767
0.023321595735195
0.015436372762148
0.019439575102171
0.010253833853739
0.020590403185874
0.0056708124079228
0.018188370002746
0.033103320236396
0.0049811644919272
0.025601025507835
0.036188837680332
0.045630863453655
0.028233803030826
0.022202659896922
0.024553078146204
0.017056015687934
0.037923530944726
0.018479681621344
0.019668027928731
0.0054216113786269
0.0036266377072665
0.0058208242206168
-0.0040676432360725
-0.012635440655534
-0.018789401653374
-0.017868132428571
-0.0064551996971568
-0.0046444559535499
0.017362046686704
-0.040018226645032
0.0090723602738229
0.0096374277452131
-0.020550227891344
-0.037156757419091
-0.011899192121207
-0.0068677174685886
0.003540715735687
0.017307686033281
0.016796442192995
-0.012815966314879
-0.0081175222583735
-0.0071602726288005
-0.0039941139410836
0.02283697347497
0.015337914384591
0.0035791685302132
0.0023323522535007
-0.0073351756222846
-0.0038033046169884
-0.0051536174769852
-0.0051179744990736
-0.0047517111005061
-0.0014089029427063
-0.0021407105562641
-0.00158614388717
-0.00029958006197492
-0.00099535101479945
-0.00033132441458985
-0.0011678501515909
-0.00060808258374573
-0.00034023838333322
-0.00096137367375671
-0.00014345383241084
-4.2096757403056e-05
-0.030194743531244
-0.0054894842580352
-0.0050403897770091
-0.0026465301622638
0.013814914227485
-0.010053242331933
-0.0045140646961186
0.0010784594772098
-0.011851181579938
-0.016241590029216
-0.019543889797898
-0.029579326814731
0.0061642280543839
-0.015515787196754
-0.013979142839155
0.0072399795289007
-0.014955206765749
-0.031100379448487
0.038027125814504
0.035628825446927
0.015980749065974
0.032225907331294
0.02217823883823
0.017585963538335
0.039878787317522
-0.011274215827313
-0.035666208767965
-0.0028963552406099
0.00034242599009048
-0.0014627964405452
0.0011441442321303
-0.00041272775850938
-0.0016345045476356
-0.0032135330044459
0.0042504815267729
0.0037507021347502
0.0025690017274232
0.0040964244364409
0.0034217895289234
-0.0014499720138362
-0.0026657429245749
-0.0009672974537294
0.00056868066441087
-0.00011781022306166
0.0026105594953673
-0.0034898415548088
-0.0027847097884117
-0.0013076598732703
-0.0030949157993792
-0.0031767488823891
0.0066053491989338
0.00041474396163545
-0.00024217115335487
-0.0070069126716589
0.014744145773826
0.0080069530763796
0.0031691925118389
-0.035826217336867
0.0054668367033537
-0.019570885447224
0.025327164876526
0.00037781854287704
0.0027493382022501
0.00320150984013
-0.0012170109017579
0.0018646736539585
0.0012056784643798
0.0016709736184777
0.0070927037683993
0.006750261996928
0.0029966421842729
0.0035441506523359
0.0013827209501562
0.0010486222766412
0.0024816412556975
0.004485603143411
0.0027066512605005
0.0034037818721221
0.005812826786299
0.0041894165953575
0.0064044314957033
0.011640611872748
0.010338197885608
0.015237532822159
0.0091805400393185
0.0081554791716336
0.0037457336989562
0.0071456316619614
0.00012184732533789
-0.00046951878833092
-0.0025405996153044
0.0031127086955968
-0.0011589883181125
-0.0022145864384058
-0.004350830287084
0.0076933441743585
0.0042060259966689
0.013648928116042
0.0017968567755109
0.0061847071961719
0.0036457471179993
0.0031729730321085
-0.044160791443111
-0.044565739259105
-0.040824955374901
0.05780367195153
0.044764133460003
0.019384386719678
0.038361828299027
0.036569481912924
0.031605518462704
0.045817894762565
-0.027225937538273
0.022996828085499
-0.0069845622377101
-0.019872614012632
0.034135496988691
0.033090698434079
0.037089577808872
0.023287058772325
0.028489228603397
0.037946551890555
0.040514864639759
0.041615816235514
0.040842782362242
0.041829013236552
0.020822497405072
0.02479916594359
0.012789503241408
0.017193550045391
0.023395031308484
0.013364468904397
0.014478432931101
0.018706027979966
0.018919334882102
0.020876220864622
0.023977234744146
0.016220772259995
0.011091204211403
0.013400065067203
0.0071902943044594
0.0017304100821894
-0.00041507230144085
0.0088682831952107
0.0055102619764051
0.011487112015322
0.017196278265554
0.031410568636673
0.029269311222573
0.023779913713261
0.021345619726243
0.02555121245655
0.0093612255453926
0.026260887142959
0.036245819348988
0.040357001614195
0.042531275735457
0.045996340350523
0.025988159815906
0.038610859218378
0.049484982809976
0.03316450601333
0.018176963356395
0.022290923228541
0.021322211222081
0.012452139044288
0.014405152607003
0.0058521461600896
-0.0080939044394674
-0.017030758300421
-0.020792536240935
-0.021808085127234
-0.014382436639539
-0.0070452614172702
-0.0058538001358648
0.025896137234079
-0.024877107162324
-0.0011597593378615
-0.027898819807648
-0.036973546207591
-0.020207882366733
-0.0012380326533174
0.0032364736167614
0.011800260601669
-0.0056339014819839
-0.01085737665991
-0.0035561183627383
-0.00078824899643675
0.019409537436344
0.0091304376817792
0.0059219094907976
-0.0063363918071263
-0.0063139936873167
-0.0076894680004761
-0.0094492566719518
-0.0048007943825225
-0.0036825400388623
-0.0016122039425057
-0.003569452260708
-0.00026044829280097
0.00023287940297242
-0.00030855580082473
-0.0031908726769128
-0.001567913501074
-0.00066120354950542
0.0017225455596379
-0.00087977059148047
-0.0219933817387
-0.0016664615605942
-0.029324078816467
0.0076782588422203
-0.012417693412461
0.01616332099246
0.0043253729699562
-0.01019742080723
0.0048821690640475
0.0024711155062427
-0.017405758170458
-0.0085752613132235
-0.012372842230475
-0.023351402127806
-0.0052853779533347
0.027792819294528
0.013666546759369
0.010803500124296
0.0083911839956044
-0.011616485419837
0.050817389625805
0.050814031122955
0.041004656847575
0.048084508770741
0.034811327823465
0.044531824508514
0.0076715765527069
0.0448009184256
0.038568401370822
-0.0027507275548084
0.0040710904422928
-0.018217026003748
-0.010252705925043
0.0029098599941184
0.0015491625351595
0.0020210207717027
-0.004144407653401
0.0049504828609456
-0.0021484069164291
-0.0028736504456619
-0.0022377054459238
-0.001915096035087
-0.0031932738771361
0.0027033470571855
0.0018988181074758
-0.0029624877567728
-0.00040600914175237
0.00033029137363793
0.0011249032638944
-0.0022045923772179
-0.0051321202556082
-0.0020218170443773
-0.004930645248456
0.00027078937858953
-0.0039977836876591
0.0052506571206862
0.00039280398727818
0.007075971905071
0.0024075935112627
-0.0040639426803958
-0.0055034029820237
-0.0018907904075766
-0.0082283763373163
0.0092861465234015
0.007550001138133
-0.023719357269949
0.0075823732459665
0.0075288786984946
0.056891784559608
0.0017684512599384
-0.00072096750930945
-0.0020897045813796
-0.0056439525201592
-0.00074591973614864
0.0012775499335147
0.0066557180200495
0.0026658719394468
0.0052997402854732
0.0026965689207472
0.0016516221268567
0.0004700547107325
0.0021772652518502
0.0019101160524146
0.0038636360441075
0.0082505539141036
0.0098279328797619
0.0049141163486103
0.004905514717179
0.0058545987333218
0.012320883629285
0.0084167534694426
0.013263057680864
0.013404574765417
0.0042684053051994
0.01256045004117
0.013206565968043
0.010887021948902
0.010472261223852
0.00051737888189952
0.00096532276761037
-0.002102379293341
0.0050889049037627
-0.001792462179533
0.0056912323282935
0.0040563932649575
0.0044911944788165
0.011136943159775
0.011977838855893
0.0082238707392933
0.007188492744512
0.00020434991697744
0.0027759176328756
-0.00069950081640045
0.0029375361656759
0.007294031272701
-0.020005295358199
-0.015721458255424
0.047910154438005
0.060921548568901
0.054750892710916
0.036348387251111
0.028374708070854
0.041389313082935
0.021541137616614
0.035405294383357
0.050782506250839
0.054592686231382
0.0025071754459491
-0.035865875764669
-0.0016852456443117
0.011633491461572
0.054021677092249
0.050138685748011
0.036521305931388
0.034304095132878
0.041650474216111
0.054430147566965
0.05684740612156
0.050182046658702
0.04723291452577
0.043691219604798
0.035910161290382
0.037953889786088
0.035662062557342
0.017332300921794
0.014899711120754
0.02140264589083
0.018146782097192
0.027111484060235
0.017925379649348
0.022658376656737
0.011706114840184
0.014094430776612
0.01596740385246
0.012349339615926
-0.0017906224928367
0.0040042741075935
0.0092596498173731
0.0009711950996191
0.018828980161742
0.026394042584842
0.034775957287028
0.035868152659902
0.034685401365906
0.022324170365176
0.035449944179818
0.0065260171250865
0.03976929976661
0.042069868006079
0.053792583500621
0.054603477823274
0.0694387036216
0.037686615723634
0.029695961856301
0.025980787750256
0.053051338180294
0.045925182234299
0.027565558219684
0.033964097937506
0.03658419531528
0.019056021880213
0.02105673489681
-0.00021949258812829
0.020139172824604
-0.0054616700919476
-0.0050224202096136
-0.01980999822273
-0.012537096513898
-0.023542124136051
-0.014481896122478
-0.0082612796290824
0.02064249639857
-0.0086594223478475
0.011289996914117
0.02858581800338
-0.044229751654851
-0.038670899211355
-0.010937720224548
-0.034208867290391
0.014339139461963
0.038117086300204
-0.013910641109415
-0.010765083616897
-0.0054439747388351
0.031035009771811
0.0094555809200394
-0.0060764147988746
-0.0024733486292466
-0.0055254487381846
-0.01058794943008
-0.0027223262812237
-0.0025406394508223
-0.002717040011419
-0.0025485252612198
-0.00231516642847
-0.0017653899710411
-0.0012834130839333
-0.00060941710505332
-0.00170233993496
-0.0011357314349917
-0.00045664136204954
-0.022288533462885
0.0035329926717304
-0.0064745591624925
0.019077561991837
0.020693580766712
-0.011712672255555
-0.030850390899322
-0.0083203358731065
-0.01134717503716
-0.033945737019705
0.00049916052225727
-0.025142224571639
0.023401282805946
0.036004409727024
0.0008200225536884
-0.015367431895811
0.057835572169028
0.067739472161765
0.0550197158464
0.058613083768943
0.072113026219859
0.047233694386445
0.032333084255003
0.048111377312899
0.064450364275541
0.050948800030761
-0.022341530102242
-0.007536699148366
-0.0085450677355703
0.0040406145576838
0.001387184241097
0.0036031604507507
-0.0012315073229194
-0.0028195669641407
0.0029847540185618
0.0039930648339787
0.0015341571127314
-0.0010309192787617
0.00015165026412831
0.00057048101123975
-0.0021044232832714
-0.0029324249282472
-0.007199910453885
-0.0069852063741125
-0.0038161719906725
-0.0040964102674998
-0.0046763143236702
-0.0020607395774891
-0.0033242669568758
-0.0046676009536732
-0.0073659770310047
-0.0015367920620816
0.0089943707338896
0.0026171957074881
0.010533322990897
-0.00011994849814154
0.003716817659689
-0.0020187075816847
-0.0068900931947203
0.0026972756650265
-0.013186642623039
-0.0096053833597907
0.011944676360063
0.0064127797317775
-0.040354005954959
0.022429960822282
0.037234465393534
0.057956548530841
0.0031338666253868
0.0034546272316806
0.0023040807608507
-0.0010178549817738
-2.4758133035577e-05
0.0045289670998347
0.0037104044699926
0.0047941394823367
0.0013118737720004
0.0033729659780493
0.0045791741933201
0.0020432352480661
-0.0021858434856595
0.0019693374266585
0.0066444717806246
0.0059157988409152
0.0035376556817518
0.0079552704914332
0.014777719246522
0.011926712795256
0.016530397294227
0.013703636758269
0.012757658655754
0.012109564530409
0.013764866060595
0.015351795315639
0.005159997184824
0.0090929225331664
0.0015158508360331
-0.0022441253159281
-0.0021078560153789
-0.0031605845988926
0.003414117628633
-0.0001414113445822
-0.0038257396440818
-0.0024233142905173
-0.003344416173792
0.014052726529428
0.0094023281757217
0.0049020848363015
0.0045000997774109
0.0078863223162297
0.011915533471642
0.0048419930605504
0.0037187156802674
0.0092031667746616
-0.038716192702667
-0.024998048083754
0.054979189977278
0.067015567179706
0.073874218762817
0.071360389345695
0.086271373751064
0.072561705165911
0.081907572083489
0.035364476110648
0.053380509898225
0.048728475253961
0.048060998440721
0.069142317282688
0.065205281477432
-0.016850931507377
0.0090384869380922
0.022707692143557
-0.0093598366659536
0.059691880635885
0.051429457632115
0.05289841664553
0.048941405180227
0.035903099508331
0.049517996736265
0.036299715599801
0.06513471933072
0.05763515247301
0.049291765204524
0.058730708325198
0.06322458733853
0.026030002501374
0.03885480560778
0.039094399690983
0.02268327685143
0.019990331947788
0.0251879478277
0.015286208586326
0.025998870880046
0.023652456693069
0.011887800613293
0.010226909212177
0.018922879211611
0.010294185001389
-0.00084872291567557
-0.0068287688615877
0.010591758492726
0.0038859586002001
0.0074609000375385
0.019874662804715
0.025190558040273
0.034865207863974
0.037664481131837
0.029836246207513
0.039415261220922
0.030880669701273
0.035851624002631
0.041457423372139
0.053994692078984
0.060219811467145
0.055630685733818
0.042352215088265
0.03140713930285
0.057818741092713
0.046572418216961
0.049715834943141
0.052889268959126
0.033715069096741
0.043416212579403
0.030217752031573
0.022664952420764
0.0037622343266878
0.00046260776954599
0.020123204162663
-0.0031703703727936
-0.015793353944712
-0.0043983924830763
-0.017043049212477
-0.033152285320064
-0.033519682101549
-0.010519891802082
0.030186004844469
-0.041764363176349
-0.026479934972572
0.0040014170779948
0.036182535113444
-0.014713096847461
-0.043158026286868
0.001863205484685
0.043955755497116
-0.016190745433253
-0.0046004092961535
-0.0066449583830863
-0.0064794059557761
-0.0098349159069091
-0.011094584549624
-0.0087630151708471
-0.0035632511321193
-0.0060893903239266
-0.0055228139907835
-0.00054513204556892
0.00080555479532971
-0.00484225031822
-0.0026489657666952
0.00064306038189645
-0.0011041360032713
-0.0030161615246339
-0.011855163052006
0.012061435690587
0.005332840362373
-0.013491631652063
0.025681486703185
0.032054650667413
0.013564091959571
-0.024637554553231
-0.026428174496515
-0.0024597685425288
-0.012539702509702
0.0013001401715134
-0.013385290678288
-0.033587969334516
-0.010146772670768
-0.028952422460967
0.014078265469901
0.038060504630551
0.036369906757522
0.023575209380281
-0.014958757125451
0.066324221939816
0.071697415614817
0.05949755284593
0.060167140093871
0.076272745554862
0.070943906651917
0.082962391981164
0.049706334215937
0.071519503274962
0.021026716252563
0.035082967612028
0.067279736319789
0.061371847244043
-0.0077758211863066
0.013703965819846
-0.0010202081815197
-0.00099967428398028
-0.00049588195080182
-0.00026797337760652
-0.0043286385203044
0.00030707017305355
-0.0038555930535312
0.001213721413504
4.6219431218186e-05
-0.0029579731787471
-0.0030586722888251
-0.0016388079017675
-0.0009586792338138
-0.004124048714989
-0.0012708489174001
-0.0001651524793428
-0.0030287970324812
-0.0034053984522739
-0.0052818212074393
-0.010488216949395
-0.0077894140576814
-0.0075567245589789
-0.0066026297859298
-0.010352073623974
-0.0023027836471757
0.0044637524389289
-0.0098071126420181
0.0053340954850257
0.0078634105319884
0.010226679930707
0.0055169986590408
0.0038011231606281
-0.0062874426879147
-0.0075004461773034
0.0070065341990731
-0.0092383978204769
-0.023403798093657
0.014080199645429
-0.0039626407979738
0.051285110586276
0.023014392016966
0.046111121565429
-0.0016843298321906
-0.001575155982081
-0.0014037245439307
-0.00067306822999744
-0.0017004956510661
0.0026804345846367
0.0012056906397247
0.0056063206681142
0.0037323545884541
0.0016435155841288
0.00454185953402
0.0048490532792186
0.0067957102483306
0.0073440111335769
0.0013431722611946
0.00062337825557076
5.2639904954757e-05
0.00074390106683886
0.0042119627848756
0.0027546991310743
0.0047337862243887
0.0068259165484695
0.0069277054398732
0.0072858643152641
0.003034887109174
0.016463152591856
0.012227171487588
0.021582478659979
0.013002095088377
0.01624664751901
0.0071327040180373
0.013618141813619
0.020528009669102
0.012611210526766
0.011713653410869
0.012032361592544
-0.0014846066405129
-0.00081499050456243
0.00051468643145181
-0.0048630616895882
0.0005585472224421
0.0046785669606629
0.0030394900996869
0.0026167302474377
0.0017358390237906
0.0012872684981459
0.0023788594039555
0.00092206371699983
0.011620906441211
0.0017856098290436
0.00022024265457914
0.0056546457477913
0.0082326088265439
0.0067196042698264
-0.00043697505008575
-0.0020479279371966
0.010169917344716
-0.017592686724585
0.077696754938501
0.098671137155338
0.096415757093499
0.094733892298373
0.091580237743784
0.046215681856412
0.071553734853196
0.067966365520264
0.056993410271337
0.080976982614651
0.10237279706925
-0.025492077321673
0.029805619789203
-0.036320175761153
0.053267945344767
0.021044521143296
0.077213950258362
0.073053257260977
0.071288207188375
0.045834870979108
0.057104543039413
0.05138567931365
0.055384136930196
0.074070884125187
0.07444736093865
0.068362289806358
0.034254034636038
0.042094067090359
0.048223337365907
0.022397503780364
0.019805481553463
0.029154285424274
0.019772479689998
0.014878133939777
0.03184463660487
0.018874438265993
0.023743073017795
0.01521172338754
0.014949701135063
0.026635580983892
0.027378728670748
0.00025972809066401
0.0049681471832987
0.01667761263664
0.010462679668703
0.0030473349374452
0.027648597877978
0.023339447514487
0.035448081953921
0.034558057524838
0.044752106776119
0.050848974765509
0.034551249779638
0.048999543326383
0.056734319389276
0.055341746792953
0.07273468017105
0.050210088526621
0.037484472416602
0.031739003959217
0.06202924229856
0.060608469651293
0.065080742133449
0.041845136000889
0.048360827731233
0.032270349537652
0.039057664133502
-0.0088685338550357
0.011975086535907
0.028801361830126
-0.0083879552025693
-0.0091069305732462
-0.024901457915468
-0.021907535205188
-0.018382521180952
-0.011936589280825
-0.028322802537345
-0.039580753490406
0.003304341655397
0.032748969105425
0.0040899607402678
-0.026974874316323
-0.027348730380544
0.023956329445254
0.053261398973389
-0.012686839388495
-0.0098628223216159
-0.0097933476978562
-0.0092805232839301
-0.005466475681702
-0.011346885325118
-0.0041686541943165
-0.0067079374199198
-0.0042449467049386
-0.0064009936017077
-0.0094722531095709
-0.0049683907793231
-0.0011365667669601
-0.0027700294930351
-0.0049325959306744
6.7594389341607e-05
-0.00014738679913849
-0.0034216020504979
0.002415289891688
0.00090569277828402
0.01500532470684
0.015866522576647
-0.015004676739677
0.041060674217645
0.037167576015027
0.013611706368306
-0.025782711829228
0.0039582997928425
-0.019042590538976
-0.015209831744333
-0.010258558316931
-0.029249190443798
-0.0089790190693582
0.023594017757522
0.00064777411879436
0.047598753792086
0.054639312251937
0.0049768312257981
0.029713686554556
0.091983155989928
0.085548423493138
0.068080551587512
0.079039632103022
0.097610440025024
0.10759097759025
0.098356474055335
0.082959307355957
0.058302103935234
0.092321166304213
0.018969798062616
0.060736915369475
0.069643222993079
0.081739084364391
0.06801519946935
0.022398254016396
0.014427635277547
0.025812978181206
0.00048817646754058
0.0012520099676337
0.0031383066103794
-0.0045195094248846
-0.0058268450264028
-0.0023382571829306
-0.00075775189665881
0.00051782558563863
0.0022894927561919
-0.01592935958016
-0.015903633287203
-0.011637604978062
-0.016846520867707
-0.0094277168176026
-0.0067299728655752
-0.0098712900542242
-0.0020134323657499
-0.010410756850166
-0.0022029236447747
-0.00088357495034056
-0.012800912231165
0.0070748583743901
0.0097312752856175
0.0068694436262992
0.0045760202152563
-0.0018842963237602
0.011977309285475
-0.015193042224031
0.011691054558622
-0.015365091617839
0.063470496170758
0.0099971446933192
0.086211871223085
0.0022002516310387
0.0029681633137132
0.0038357748200404
-0.0017567994872972
-0.001501790900789
-0.0034773002299862
0.0018596922078083
-0.00017538251820651
0.00084918369504793
0.0041529812267105
0.00489287127056
0.0020179176731297
0.0056902993894418
0.0038908064614615
0.011150514543014
0.0081635254207221
-0.00090254741359072
-0.0031476694032973
0.001514483925118
-0.0023220206311457
0.0045273187732923
0.0031084583429575
-0.00083117659999432
0.0095300789698067
0.0081198179219566
0.021200814998332
0.017654139513438
0.014382862375969
0.019769228331291
0.013049424471178
0.020998657277075
0.021823826012517
0.010352464232584
0.013465029445604
-0.0033856464538177
0.0033833974491421
-0.00070184834883757
-0.0033098338979451
-0.007497200459858
-0.0097800577608437
-0.0013949703954807
0.0054094961391073
0.010121193498616
0.0047975419975493
-0.0015217026869918
0.00039456295983401
0.0033188500856779
-0.0014501543382823
-0.00011118965997083
0.0011674211943564
-0.00011884674271911
0.012933491428781
0.0041702327481285
0.012393377823887
0.010177965124649
0.00038275981726312
-0.00061390836437907
0.0063250721182614
0.0072257005812103
0.018237242872085
0.082284106951843
0.10393845890412
0.10467673368589
0.11300411315197
0.084035181516691
0.1105541858991
0.10122550221044
0.072352865663298
0.066639389444036
0.093894153960354
0.059086626719458
0.095763262261203
0.085708852554154
0.033336423203112
-0.0096533595555585
0.036307909516015
0.025566338189444
0.0025864821593843
0.084170651395596
0.071522160748366
0.075994153045252
0.048628139054494
0.073024620216168
0.063854871293413
0.048411299791097
0.080225032832745
0.066810966331077
0.039924311330866
0.036132669317816
0.052482275372397
0.036164709122845
0.036166461668712
0.017177669807641
0.019776602644647
0.021212227211444
0.033938388796135
0.015515235205215
0.039118562538533
0.033749785596201
0.021890168731736
0.027557021344852
0.017648851269435
0.030338424545691
0.023219358307466
0.0048923893091109
0.010935133466854
0.018177684826492
0.0080155755596559
1.1327349180541e-05
0.029010676233291
0.027390471275308
0.024697317676102
0.02883883629468
0.04402408605616
0.044587772113101
0.044736517617361
0.049789769358135
0.04550073609048
0.060335690466707
0.058500244503738
0.086345797183774
0.057092363937378
0.058611366952289
0.046456042374736
0.060158885368162
0.070955952188134
0.082947093406063
0.050197757631446
0.060846882321502
0.081194852550827
0.046857303170197
0.059448694185863
0.03395041977976
0.024375974007053
0.055765434010302
-0.011568793544625
-0.004447045742471
0.0041294139538745
0.020030020350125
-0.01210760353145
-0.015005817307807
0.0036663906635565
-0.037083791348107
-0.031206790142486
-0.023175368838348
-0.023864901744931
0.017232426775567
0.068698626533137
-0.0074117686032328
-0.010974351957008
-0.034795048973375
0.020167704676484
0.0030385752092288
0.077915602889491
-0.002667761614557
-0.0092541380065899
-0.013646055926518
-0.012316244866584
-0.0086532769238818
-0.0084226303431041
-0.0094984322548127
-0.0051566277233277
-0.0049601378149849
-0.005302329693118
-0.00026249021289483
-0.0024698126410221
-0.0039162940010724
-0.00025185647264749
-0.0038140739439146
0.0074514211343322
0.028059142182423
0.0069637389041346
0.022109232766881
-0.040762805818906
-0.014188402551852
0.042310156653185
0.047869025142595
0.039181440041594
0.027832822314416
-0.029985132283207
0.0032426925448465
-0.028471102418633
-0.027138556831725
-0.016886882105292
-0.020752354310726
-0.0010992793047554
0.0017517900909731
0.010492193075244
-0.02302949093921
0.032968996047595
0.070954453395777
0.051821084217268
0.026881595809871
0.036800755128471
0.093258988568282
0.10290843963959
0.081581196870181
0.10557680108312
0.11964115660621
0.11737390230372
0.14389472620586
0.14104213510435
0.10886459671992
0.044007177469814
0.085131201313912
0.10307128780567
0.089247431948991
0.052438414135911
0.079103220550722
0.076639965915402
0.08089969928583
0.042941158185697
0.056614044206376
0.00071346897717208
0.00010828627977461
-0.00035171168328084
-0.0049716039366709
-0.00093294108651397
0.0013605178924392
-0.0052169716105242
-0.0011544104564627
-9.8695011031969e-05
-0.0004261486032336
-0.012831725242135
-0.0098855755270738
-0.015995687343944
0.0028273079032688
-0.0079451309732582
-0.0049005471208951
-0.011832579629879
-0.019174894058819
-0.0020642891177239
0.0019277873386914
0.0079916428836581
-0.022139471238973
0.013009636764907
0.0055445222956506
-0.0055597766238212
0.012890634119696
0.020216801376787
0.010312410122762
0.088964933990664
0.040286296122404
0.0041149719952644
0.079017807512508
0.0014513539841844
-0.0046024326061016
0.0029989899563348
-0.0020479589705049
-0.0003042268804092
0.003665067997994
7.9085685346124e-05
-0.002151024441925
0.0021933568310315
-0.00014635116058086
0.00082015784859869
0.00031593965548643
0.0024188919642817
0.00089270783267935
0.0017200893278647
0.0052684969702532
0.0033927235070175
0.0047911886682772
0.010341885702834
0.0070864853288241
0.0034177862846095
0.0031371500851225
-0.00044676700842117
-0.0019890045173488
-0.0017921609058216
0.0054466775752734
0.0027417741718366
0.0025047930229614
0.0080864305586466
0.0065838137718068
0.027510248201347
0.013760970289525
0.020557689958895
0.017898729426553
0.0074612960872899
0.026024323176414
0.026093426808373
0.028607235408821
0.017851423211664
0.011253864504043
0.010442531316749
-0.0051344056053167
-0.0024946606846731
-0.00054279375354161
-0.0043865209428565
-0.0039657685284448
-0.010044641440826
-0.010934603638298
-0.0091964447921288
-0.0041253254266798
0.0044153193733201
0.0013270300981236
0.001478678293978
0.0017814475455105
0.0020243988841115
-0.00054318336554803
-0.00055222059080543
0.0030308651516343
0.00074184369858672
-0.0002431886351481
0.0013153283530506
0.015151840784209
0.014802783366339
0.0012250793670193
0.0069307471008965
0.005709203214799
-0.0027406825236962
0.0085324535213685
-0.002840969572196
0.016817021132005
0.010965895055632
0.10330834771129
0.11321279718315
0.13017970417569
0.12741909978747
0.13103473969314
0.12474819143827
0.13225277317968
0.10474910091622
0.12716381151297
0.085043620991534
0.092548638394415
0.098264455154952
0.11066716100616
0.072528186343766
0.086534493453129
0.11185605626732
0.09584982597636
0.0037053669080902
0.080193292225004
0.032865553134625
0.081299254737541
0.049722393011099
-0.010699244536905
0.093233753527376
0.10315321947045
0.064812338987621
0.080728825185339
0.051042053678578
0.080821128485147
0.063250719738787
0.060174886463494
0.093270730107977
0.084129891385233
0.077405218426746
0.03780190934791
0.034890322000167
0.059938840480748
0.028041697773226
0.02656380676468
0.030425436116816
0.0212027533743
0.027481789536438
0.038772321142223
0.013736770798694
0.04607000528584
0.035886347593793
0.043642209198317
0.020750334549142
0.032143293328705
0.029383875663221
0.029294972719039
0.042133624045814
0.0048889808706362
0.016873581711595
0.019462121916775
0.02133601114638
0.013995716074999
-0.0020917013494778
0.028695600005736
0.045859673949327
0.041961566099452
0.037247161065727
0.040812548179795
0.061585819447075
0.058655996104879
0.0516828537903
0.041934428662622
0.064765289864304
0.069228432122735
0.088124494304804
0.05784667101251
0.047155861485631
0.079175185217094
0.059925261894004
0.078334811030966
0.082674788468173
0.087933523792813
0.057955853700337
0.06648774162952
0.061417633461811
0.044645291875598
0.028771753762684
0.053965765841734
0.067604372032089
-0.017427208929574
-0.015180441249028
0.004758187926764
0.016729071257136
0.035285331084137
-0.023788342684958
-0.015466446680243
-0.040173766916087
-0.017546153859472
-0.0019772527638076
0.0091857888060343
0.063282970554831
-0.035188283063417
-0.013649981285646
-0.039219894678021
0.014168689053695
-0.0071033339266568
-0.0067006753636395
0.013903530333664
0.079441894457624
0.071302066846081
-0.017131877525798
-0.011057572523643
-0.022067990073014
-0.0094993055595397
-0.0091869478876443
-0.0062314457486581
-0.0091334230849035
-0.0019502035961879
-0.0036475955613781
-0.00082254425904328
-0.0042631262663979
-0.00015680263427215
0.015239482705574
0.021721535779027
0.025552232039982
0.0068698741157934
0.018981301349728
0.030225150762834
-0.029978038700864
-0.036671883122763
0.039605946518947
0.039553801338398
0.060045671701106
0.052156124366599
0.050879582899041
0.0017676931027183
-0.020683942660902
-0.0044104738911441
-0.011810511306347
0.020539444993872
-0.022276712932544
-0.0075745344207836
0.044452716637794
0.025773335581039
-0.01042129260325
0.051704207761417
0.077706691511896
0.070862824450988
0.0016184533361072
0.065534508758185
0.030839753522994
0.10485032283419
0.1041577576533
0.12807841258549
0.14751745981931
0.14670330580203
0.1504165103226
0.12816379698931
0.14139941887561
0.12414092925124
0.13460692435443
0.018543682857085
0.089418365600168
0.14164951924285
0.089187168513647
0.13103507700062
0.10911984636748
0.12337791704964
0.097206695060237
0.11139803702861
0.078425071381033
0.082279484656119
0.10270439349429
0.081803748316598
0.068960235420903
0.037425418282215
-0.00027891066173786
0.00089969632196626
-0.00010223797303849
0.0024638930153465
-0.0015047743620728
-0.001964269774452
-0.0097245193358371
-0.0043944934977444
0.0020883336712428
-0.0010006223987544
-9.7530222211031e-05
-0.020647798686674
-0.014315775142648
-0.017727597893311
-0.01964942861902
-0.0074643925474953
-0.013096742054582
-0.0098211527536614
-0.01934575840072
-0.0059556212607986
-0.00072761481988275
0.0083342391997719
0.010460095443702
-0.010222217100896
0.012775764330868
0.0231387319133
0.048350671931932
0.092836971453346
0.14350281486322
0.039209824721668
0.12200163429188
0.00095150843096914
-0.0018565674514231
0.0025366138625758
-0.0032447637858186
-0.00024662140128043
-0.0013822247255975
-0.0042338297127831
-0.0014982115703103
-0.0020570762406014
0.00065171542759091
-0.00071212893303882
-0.00080192568472058
0.0038097993182463
0.0030791169280844
0.00065759668088473
0.0057224286293307
0.00225749390861
0.011412034929834
-0.0015568224341893
0.00040674340917299
-0.00034991773524595
0.0036666751427304
0.00064190223884064
-0.00252393988493
-0.0012670085866905
0.0061947267374242
0.01085577548671
0.023079231741771
0.015812301096332
0.015757149966064
0.023955395930264
0.016153767417921
0.02109210534686
0.011217372350359
0.028584453364909
0.019070230415398
0.023862994005403
0.01952007676792
0.011661473910411
-0.00024067621794883
0.007468975057766
-0.0047576020806518
-0.0027161251450599
8.2419774864609e-05
-0.0017404429275078
-0.0095375967943335
-0.013075069856522
-0.012647890326824
-0.024923676984816
-0.010256111021503
-0.020979602641035
-0.01347048783354
-6.9809758254649e-05
0.00047594471175812
0.014152339847087
-0.0039539453835248
0.0031904132722295
-0.00012813759088553
0.0032244980082948
0.0044432532419852
0.0029153563115127
-0.00033456131531229
0.00061315880082722
0.00081275414440456
0.0016551674524994
0.0011021495991477
0.00082388284464405
0.025325705142946
0.015929073666823
0.008623721241802
-0.0013214432970057
-0.0021582822783482
0.0076145307831026
0.0082483722279741
0.042509136225551
0.10406975941569
0.11422901699665
0.13128157338677
0.14338105499033
0.13389931517056
0.1315316500676
0.13500551066304
0.15087618458068
0.14269715338196
0.13855125320152
0.14609512383358
0.15007187430091
0.13983159006921
0.10798535558527
0.087459214299589
0.087158828755245
0.096973566429548
0.10880071512447
0.097669867816078
0.12042479238406
0.11776786575189
0.056879208528475
0.097188437240948
0.029004472360111
0.072026281962706
0.098243519615391
0.022990591641188
0.10003149446552
0.10807706367744
0.077245632026175
0.057258077571275
0.0765621000016
0.083502636503502
0.077125894526978
0.06540328063427
0.045025462323501
0.10483158060916
0.10471321774212
0.084599897495496
0.050387733165283
0.050724967705715
0.070171045683556
0.03630130583488
0.0321032635375
0.037777745383093
0.047834346765745
0.049581783774093
0.045756408534389
0.044847992798635
0.02001771063737
0.037213900138986
0.025120819821387
0.027303071698726
0.041197459855737
0.0065319147419529
0.024578287738791
0.020503205250498
0.026044502786765
-4.3807863730856e-05
-0.0050907732534946
0.036820846169389
0.038917848045395
0.064894861396464
0.06566534058601
0.056300639991387
0.074938924395034
0.070384914853898
0.078644901075642
0.11349198903911
0.1080362968694
0.077101610530391
0.057938505953808
0.056831804994291
0.078656696663526
0.081911497210986
0.060182449606036
0.077603964783252
0.09393022935906
0.067823405608202
0.076645794437706
0.042122711143354
0.080440724017709
0.049434783772085
0.049577580757263
0.053009897750616
0.054284600164516
0.085931644044507
-0.03029522431533
-0.021047221281698
-0.017235847035519
0.0082877551023633
-0.01352948952711
-0.010485974330365
0.023443649001868
-0.013287244298463
0.090207034108989
0.073694163678907
-0.029978350513327
0.041480069508741
-0.041198059641588
0.034280771028998
-0.030739320464803
0.0045191695310671
0.015516000008031
0.11761793941467
0.10255617315518
-0.013164512778796
-0.01830792010535
-0.010250947080741
-0.0056553701367416
-0.0099244520912826
-0.0018653186654192
-0.0023056820088999
-0.005700377990368
-8.3408750992645e-05
0.027560799405127
0.028473294653438
0.035640423177007
0.019899860649131
0.012857469934237
0.035727547017492
-0.018606772587602
0.047683683804879
0.053434774141032
0.054299209755557
0.068954819033396
0.050126248825105
-0.0032964399965012
-0.033478236686476
-0.0059062346522188
-0.02451143372397
-0.011805731983979
0.012685587866483
0.034820021428714
0.0003364755686389
-0.025822644988014
0.011135212711536
0.090250600888608
0.091616883344533
0.10024245974172
0.019060239061468
0.057041675512213
0.13834447455867
0.18089308812058
0.15547912246057
0.18744175430066
0.15892017255463
0.14136357656874
0.19007646537822
0.14460020333544
0.182406439196
0.17933480019846
0.057074895362404
0.085556464303572
0.1295458040528
0.13167527802859
0.16674444039221
0.14115495796089
0.12189412680887
0.12436421925182
0.11246184520622
0.11801587434028
0.11243186596769
0.089649119323866
0.099109357942189
0.10258490464979
-0.00043657184262574
0.00025169216948416
-0.0017929086192377
-0.002115617924841
-0.011960498600068
-0.0011244832352626
-0.0042166684365781
-0.0018162475546705
-0.00033168416869862
0.00030901511647222
0.0003492073338393
-0.028991795820272
-0.028863752410128
-0.018693283533737
-0.00082633425823246
-0.011939569857223
-0.023495943451056
-0.015145738865591
-0.010426645902045
-0.028830737597876
-0.017430458087561
-0.00018056553888703
0.020602644220913
0.01482030252134
0.043649646805599
0.069442437109028
0.14542418579228
0.043273028853947
0.14918613399983
-0.0031847095660834
0.0018154343247855
0.00029139558104662
0.00020356799525783
0.00061554206467062
0.003328277587643
-0.0027854805834278
-4.2996832726437e-05
-0.0059005672226938
-0.008514367330862
-0.0027079261453392
-0.0020840250222023
-0.00048681038248241
0.0020079119918468
0.0019528860564093
0.0012003754886
0.004255396577702
0.0047607398877327
0.0025493740768857
0.011336796139584
-0.0024501702796762
-0.00015559434297367
-0.0017897702416909
-0.00026145157474884
0.0012075841375456
0.00064869809566034
0.00016590428812144
0.0075523010117448
0.031320079667125
0.01976157265835
0.011448296326922
0.03550164861337
0.016084476912774
0.0057999953033724
0.013120819275164
0.039733078662538
0.029473219089305
0.033962990694738
0.040555024820567
0.023779769822764
0.025457452583836
0.010675892538872
0.0037385509493909
-0.0076598431111781
-0.0045833489180966
-0.0052227696084568
-0.0052010172662036
-0.0078849462220191
-0.015932301523172
-0.012154853927552
-0.010819014004269
-0.015492826245228
-0.010889341368575
-0.002547247620203
-0.0012990051475643
-0.007181028451862
-0.0080499853755043
-0.00093159156160943
0.0026112295907966
-0.00047706649747601
-0.000880721928417
0.00019102377634789
0.0039526198576767
0.0012424375505768
-0.0036256248056316
0.00045560970029956
0.023328213144668
0.024583123155712
0.0093860923792761
0.0023505239145169
-0.0019543648028938
-0.0080414116780094
-0.0046388499784735
0.0098922274868432
-0.0020815311729044
0.097667836900839
0.14067531765507
0.13207735260851
0.15429023170108
0.1640436291136
0.1640636239464
0.14982484995411
0.14835919800177
0.13744580018094
0.17482408899755
0.16869529768949
0.16220192905852
0.16980104456554
0.13935180189586
0.13801679014105
0.15904902544587
0.15219213534327
0.16056750896024
0.12117679375516
0.10530408178097
0.10814890768067
0.11890780573631
0.10474154690886
0.10090597580993
0.1224764197971
0.14441811160278
0.05452013134625
0.13193227115546
0.017318924543395
0.07214373153425
0.11570116349996
0.080942432539688
0.065026674798769
0.10414284475808
0.10378861132618
0.12585494655546
0.055379994561279
0.069956098751813
0.097123058665698
0.081231888301513
0.067437905024958
0.051774539255568
0.11912414399599
0.11237696478327
0.090658590345112
0.046984483751475
0.04158216892842
0.078295186151331
0.046932286145883
0.027952107028128
0.04845821108819
0.053147083303559
0.042086729503851
0.047683596154323
0.032919747710447
0.034468182679305
0.040800892931112
0.03929081278255
0.014612948563975
0.02162078747275
0.0331540233033
0.026222403319338
0.02390282908317
-0.0024172038357257
0.015973417512507
-0.0053534246033272
0.04522905488202
0.058242098200317
0.064249981013069
0.063802793890065
0.074271436835119
0.075157802652375
0.11487966547069
0.1321938106501
0.063516867733567
0.065424520551181
0.093975146348495
0.072511870132464
0.084084639026707
0.055159083527129
0.081571044695765
0.086589846253184
0.10596694534781
0.088403988871845
0.049199869069475
0.067641696419527
0.090120775212779
0.067123545227404
0.070418103203881
0.043166966260108
0.032612869369324
0.076076503228982
0.09181526945354
0.11073260412726
-0.015214011093082
-0.040621270198533
-0.020723608843394
0.023959309625926
0.057206883766331
0.021363142062126
0.11596431871768
0.12499253177151
0.0086998666716358
0.02025078035917
-0.0038420236858191
0.015595625685204
-0.015833444698822
0.010250793242102
0.10956185828174
0.12212166231532
-0.024883202625023
-0.010508893003636
-0.0052388283538832
-0.00086403251262211
0.0378724062453
0.042880944670351
0.018367611924905
0.027478561662783
0.059283244434534
0.025756056782281
0.015868526761466
0.027552258282774
0.033217419310862
-0.011435962186153
0.050643708602482
0.064285679250655
0.049751117345415
0.056843597785543
0.085693146743065
-0.0086154441578443
-0.035661859978075
-0.040109461980821
-0.027306820933278
-0.014423942249814
0.0035314027073509
-0.016621931546456
0.038161573502164
0.070463656255971
0.005578964652826
-0.0011654320725549
0.0088355901435512
0.027279870116461
0.031303510039836
0.096228306155944
0.060322925684337
0.11407810308266
0.10294603059818
0.098495765223551
0.050488196051635
0.086753347315058
0.16322693357145
0.20386531673062
0.19281159946317
0.2067888832672
0.22340313592755
0.19981564433686
0.15579565823491
0.17150959235987
0.18807958109027
0.19051136137017
0.21595823362128
0.21800050401029
0.18568924285831
0.18660734792826
0.09522904997738
0.13893999637595
0.12898115241698
0.18894276860014
0.1488301553142
0.17311679043949
0.14938610504079
0.15171293704828
0.12744741798143
0.16599191761823
0.13469188228342
0.10251147338313
0.15199043752543
0.15107937509417
0.00067511015907468
0.0015949819938323
-0.0018362167946841
-0.0059893710470036
0.0010509209622322
0.002314256731861
-0.0017499266819641
-0.018433290969663
-0.0029824421363427
-0.040986544450599
-0.018151291146346
-0.02320654178039
-0.0036699411822083
-0.013389638988475
0.0041808572325923
0.012027527813248
0.019309816651968
0.099442493351766
0.077090857717615
0.12712992772184
0.17658040869059
0.18763282660609
0.0035105534434718
0.0009217119036094
-0.001152701577937
-0.003407373567816
0.00095328206012725
-0.0020957598253835
8.9612975554871e-05
-0.0026987215718105
-0.0022473961828082
7.9686128086149e-05
-0.0030731078044318
-0.0046944300750823
-0.0029211890928424
-0.0015038788471474
-0.0019429442865275
-0.00077492645733914
-0.0030043352959974
0.0049471297446421
0.0021558742211838
0.0098455741010369
0.0050876197750256
0.0014072213871333
0.015351590808003
-0.0026482534405251
0.0015163990116089
-0.0028475671433278
-0.0022393051143851
-0.0010413972851688
-0.00022128847962521
-0.00030155287040388
-0.0023706295200505
-0.00097866908262004
0.0020970926320715
0.031090116142638
0.028896000779075
0.023742928440135
0.036528639189915
0.020735377637086
0.0099877320904428
0.015874914688454
0.043434923960177
0.017741491200675
0.038728092375196
0.028141502014932
0.041403286728976
0.010673001598388
0.015579977750177
0.01689450039143
0.00028757549571668
0.0012900333050509
-0.013846937099901
-0.0052172468474627
-0.0055371084093272
-0.0030786566515569
-0.0064405690772371
-0.0075501603879171
-0.018860897775305
-0.015772214966578
-0.024228247837027
-0.017871113294298
0.0057829349416685
0.0026487279046442
0.00013756060556785
-0.014218845479003
0.00024224817986781
0.00081502452220141
0.00029036886527326
0.00019277494437045
0.0021867667617336
0.0010869109844663
0.0046303355851611
0.00044926813285524
0.0011076835011495
0.00058534007706203
0.031105006052453
0.017193109983127
0.0081275584342116
0.0015446302497587
-0.0015897361523007
-0.012682359494688
-0.0026606473841598
-0.012800637059957
0.0024632273996966
0.019258756135034
0.010070469600474
0.1196282103882
0.090738221165785
0.13462576025727
0.15472998781809
0.1597322180743
0.19291578707208
0.1658162042015
0.18404118903155
0.15393099475771
0.15881945471031
0.17502305388195
0.17123436401436
0.19598216373628
0.19110595098047
0.15811831681689
0.16149241948409
0.17021728871258
0.2042977346408
0.19746675337442
0.20056018912404
0.15092037439075
0.12790251599659
0.13548780372276
0.11970772536376
0.094996381385399
0.15272612871328
0.14242863421478
0.090702732733126
0.18640655376941
0.059234947661224
0.11060419133457
0.15901611644251
0.14482240438964
0.091158693885985
0.063945654068599
0.16312579841164
0.10973599201786
0.12919971508259
0.13481409998429
0.060447345732077
0.08846786874129
0.10045166761872
0.095611450890367
0.079003664144956
0.058543705691601
0.13235189952184
0.10011923750612
0.065836116705763
0.041917156285677
0.041951651006577
0.050500654863006
0.060480533914286
0.055688162968643
0.067020858901021
0.030774128236275
0.038932827941455
0.046881367695934
0.0071662159573126
-0.0068759043347742
0.021432771311011
0.038388684503613
0.028747175398636
-0.00019346342818979
0.0046985942574431
0.0074559906264225
0.048917771745254
0.036465822012489
0.079808367806142
0.069960621557164
0.076456068794184
0.10122165701093
0.14139886483172
0.13282927907171
0.080876262060699
0.089090153635689
0.091229758891864
0.064444503570532
0.078488436918638
0.084615683374855
0.10648439509552
0.079226593314589
0.12213042056398
0.10957516992935
0.074835125176384
0.077495355248442
0.094367922902375
0.089832946312735
0.038123384663095
0.050194551060873
0.029147989924715
0.10013329195891
0.11362261055816
0.13076914390978
-0.037826985563874
-0.026564226214674
-0.039890353185189
-0.021898081210473
0.049290031352655
0.042243361465368
0.052154161658221
0.12383797620851
0.13795974224861
0.1119219163681
0.051452096844929
0.046393220482196
-0.025511666039999
-0.0030744698504485
0.13389505510326
0.14744601446791
-0.023207988393964
-0.020772747811307
0.026989833260333
0.03710846941125
0.066251555434774
0.022454103073344
0.022490627684334
0.054365541493575
0.059640972910146
0.069625551290098
0.043709671276961
0.0017326510094969
0.034625408005421
0.016440260037901
0.0038749292152591
-0.039116069618744
0.052871324867048
0.060191845637124
0.060439492293162
0.07511065314282
0.069147200635943
0.10324983068456
-0.015930712117088
-0.036788757586012
-0.037352891252679
-0.039705196248822
-0.011269460615858
0.009515123993301
0.037764722131008
0.065140940145264
0.034548905540847
-0.012558056903708
0.023652394528429
0.103047777998
0.078926712668505
0.022716349430604
0.12562374496264
0.11244196242624
0.11587710513331
0.1389705226135
0.13565166866685
0.090298313431984
0.088488473445481
0.17759046207396
0.23632293608019
0.22800658893422
0.22384477583341
0.20028551716498
0.23156251013626
0.25209539505543
0.22408810761393
0.1553164923869
0.18389712144367
0.18942702976355
0.2121670796128
0.20881829046036
0.24705934604506
0.22264923617964
0.2201049940644
0.23032677711339
0.18528939360371
0.22840527421816
0.10875476460525
0.19172289836201
0.17722065858807
0.13986378254421
0.2115515778839
0.18769169811813
0.16863568806948
0.18620622099669
0.15251415425966
0.16331768051247
0.16360432581751
0.18067661148234
0.12034600780773
0.16071799838576
0.1527605308947
0.0004043881197791
-0.0034993206046532
0.00011367382325575
-0.0034469813046201
-0.0089324694413603
-0.004473905284073
0.0029147568354046
-0.00021689001334296
-0.038209896618679
0.0072667950077949
-0.018621044260387
-0.0064169358521613
-0.028936112930715
-0.022117939574653
-0.017515734046691
-0.020089037569505
0.010771543692127
0.022784900443576
0.091960886860482
0.1960675944055
0.18951953734378
-0.0021324957450629
0.0062839519532757
0.002252829206756
0.0012698490441726
-0.0019198547055094
0.00078067606618737
-9.4207216732643e-05
0.0006749662405777
-0.00092364036448186
0.00056100902604804
-0.0021678573099563
-0.005695432014906
-0.0036714120933617
-0.0057082367368859
-0.0044887915869858
0.00042559111902944
0.0001269786349223
0.0013942947369485
-0.0033462146402764
0.007945896323855
0.0056958346363236
-0.00051477763734503
0.016897441071137
-0.0031630320744934
-0.00635462697784
-0.0071703790722375
-0.0049595054104337
-0.0033218420959403
0.0010876943539095
0.0012376406759811
0.00092204760037593
0.0017302301819362
-0.0012302743283038
-0.002128110032948
0.0078542876021373
0.039671602531048
0.05274384173674
0.022439710889002
0.037385361668526
0.036803339671522
0.0087605999737313
0.048286581053796
0.02822026550313
0.04248187496204
0.038373452248786
0.049592064227853
0.021878339315954
0.02407692021529
0.016055508620564
0.020970855947151
-0.0015943587119055
0.0040621122684445
0.0066101804022633
-0.010846496479588
-0.0098850486739395
-0.025857973870932
-0.024391569081149
-0.016295477826206
-0.024013571271147
-0.024750582713483
0.017758017979064
-0.014009910732892
-0.015731403809894
0.0086572428516504
-0.019506367214441
-0.010937549782061
0.0037859500236789
0.0039717349955188
0.0038043528211818
0.0021575972211695
0.031248254785303
0.033767990311772
0.011894795435344
-0.00097730806563621
-0.0023713138816044
-0.017350496611672
-0.0032410294698202
-0.015425180709912
-0.012787846829359
-0.0049917494139852
0.014006813363114
0.0122516619103
0.1415630835161
0.16750741377712
0.15622922040219
0.15552249414762
0.17754630126408
0.21030678413334
0.1894099593377
0.17136612867613
0.18457729483728
0.19763870900156
0.19191029798467
0.14965703965031
0.20144783023519
0.18677541170349
0.19239973819283
0.22747927727671
0.22217470114003
0.1955881293735
0.16396830024962
0.17997929117455
0.22126157907029
0.21997786397052
0.20922445909535
0.17709994047899
0.15380665187612
0.15670521837156
0.12117888817491
0.17263590295266
0.17157506373489
0.15915964151996
0.19684930428358
0.2171970703556
0.052184961593907
0.11034797066878
0.20385880042332
0.16991285689459
0.12980843358549
0.10802495020597
0.16872304768173
0.20046560629406
0.12386969587174
0.14543534914398
0.13201118175138
0.15857539781381
0.064817348669507
0.08446631595463
0.11196419246466
0.11268825737829
0.08076430547261
0.060879345589688
0.14189432453274
0.058050423710424
0.064134526939113
0.045067411095192
0.051268243923968
0.061109187003709
0.06541591820645
0.067490896361491
0.063149721102716
0.040051018166542
0.063920904691151
0.017577934732368
0.0084181845940578
0.023965448875254
0.032547350855354
-0.0098495216203821
0.0035815440135066
0.065288280054231
0.036418542634655
0.067532560130482
0.092669814066423
0.08699216412676
0.1004404492846
0.14571614958449
0.16500692589122
0.086049553329285
0.10871631662865
0.064651025424922
0.10122619464996
0.083409346056357
0.10487057172776
0.10379875552722
0.09627024872947
0.12848960128282
0.11197806984345
0.05825857172605
0.08140837573684
0.11304954660291
0.10412220950682
0.035542603862699
0.049267863133844
0.070483024747587
0.091313641781626
0.10480456088514
0.15129641267311
0.13213830099851
-0.0094072728456093
0.017304225804466
0.056817326108825
0.056385259317418
0.17522417324738
0.14958914542337
0.10796059254639
0.17879906741485
0.1583427247214
0.050958587943486
0.012212790391112
0.012575540240445
-0.016948700383914
-0.039628811955685
0.13384147811316
-0.034167229083075
0.043517849430007
0.04922397946704
0.090432041448264
0.026837472730641
0.022288960748597
0.03868447681483
0.06591051266218
0.074675595554834
0.095855037569368
0.043277057284557
0.0054824512679654
0.051448855816572
0.04788048065342
0.0080194720773429
-0.0053792874094076
0.070259945006218
0.088094239866332
0.084971610765134
0.10242985764888
0.11560690408556
-0.022865029882681
-0.013084528491703
0.0001649534792159
0.051130373820555
0.11304056866259
0.0288203674711
-0.033356783708856
0.022081387199523
0.061290677514463
0.070485679135749
0.10155896305664
0.068619197645536
0.12741108352767
0.13038612020375
0.15254215194378
0.10355926635137
0.17750533080639
0.27748485444673
0.26768363048853
0.21847282968688
0.25214736549452
0.24459718390317
0.24061081726676
0.2387204821891
0.28034446717075
0.25914348574932
0.25580083356629
0.23431525629614
0.18459898017499
0.23541842124546
0.22095743681881
0.25821582909819
0.25471540605609
0.24259215237144
0.29331399581524
0.2911471134992
0.27167402014075
0.28345555071758
0.26773824882303
0.25695886588936
0.17719049567191
0.21689890888751
0.18791090868944
0.23852168930933
0.21665519984768
0.20108837309146
0.23099181100342
0.18689463262799
0.16389828871696
0.16567134173833
0.25707365608742
0.11535349812131
0.16085856531925
0.15616275933597
0.0031824395322426
-0.0011245068720127
-0.0087590105608614
0.0005432022015346
-0.0034445269699847
0.0010113424605781
-0.0032322029914136
0.0063267989476781
-0.013460529092188
-0.043767222904654
-0.042350747645861
-0.0040954425071237
0.025404049498837
0.24086952495346
0.002502034987765
-0.00083141134683601
-0.0024459271033338
0.00021896308366127
-0.0015671723034765
-0.0053794865682344
-0.0073013202431076
-0.0059218570432827
0.0051979691241522
-0.0029931205762092
0.0018688989596257
-0.0006346176084891
0.015856016646668
-0.00043216211333461
-0.0022683351457657
0.021296881179044
-0.0050169751851639
-0.0029056528703495
-0.0032938669809062
-0.00098140507976664
-0.0053469146232476
-0.0068892211440267
0.0019420580335413
0.039192188656873
0.033456796836449
0.0060779604831162
0.056717251484221
0.042834853964471
0.030051516837136
0.040043027814591
0.056155063439614
0.0029820333987414
0.017523861160577
0.028266250119074
0.015680815966641
0.03395331239249
0.024472208129528
-0.0028148261506597
-0.015213371162429
0.0036446516641401
-0.011535417237708
-0.027894211297412
-0.03050000262889
-0.026926127012249
0.0025505180697393
0.035004967174979
-0.012380430632547
-0.013130340739134
-0.013656591869546
-0.013543068578499
0.0096573533064696
-0.012172409526158
-0.011282429746539
-0.023187843197277
0.0030673214914464
0.035248030389937
0.027989522028284
0.02679425312337
0.0075874622884366
0.017561298103587
-0.013295677114295
-0.0029501346585826
-0.032899526887094
-0.026546414154394
-0.012589182650981
-0.0051796698697345
0.0061448291290938
0.0070294950693
0.031409143899821
0.16079547236028
0.21666111931025
0.17636674020436
0.15786294152028
0.1909789638718
0.17546854904329
0.1894850972404
0.21640966159768
0.23366437150703
0.21701143262554
0.21061457123751
0.1991906494391
0.19221457357933
0.23582907989461
0.19635046132558
0.16592707214491
0.21753015899452
0.26287316885583
0.25058093171986
0.24141966320396
0.20437148515079
0.17886220841871
0.20430181142186
0.23642035320681
0.25676971459408
0.26053303976084
0.24057296739826
0.27107477343037
0.17499690474073
0.22334564982843
0.18651963323602
0.11119746346373
0.18224231752348
0.15712993085214
0.16625434192944
0.24827397685657
0.27505919163137
0.10282269981941
0.19229479621915
0.21432165939943
0.2386751600545
0.10989815404849
0.1300617183158
0.21172672226196
0.16574284361062
0.24725649774288
0.13981431373654
0.1818214716981
0.14237625166393
0.16391511714145
0.16632942325914
0.074829716937064
0.10416858210005
0.13094100474613
0.1064774526188
0.095874164033215
0.071769399435828
0.16467855223817
0.057930479483437
0.067862564920806
0.04860980003311
0.049950035079061
0.051081582934595
0.080187665164443
0.071646361698329
0.074223476396044
0.081708771329189
0.061521633687436
0.036246009581581
0.023552858606441
-0.007499193120317
0.043030390144181
0.022568910279216
-0.020994025492649
-0.018254316731534
0.0076043483564359
0.087114202746341
0.065212671016224
0.068866308922488
0.080208540644588
0.12201518614668
0.092213320920423
0.076406855880758
0.10365539423016
0.090328023994549
0.10751379813769
0.10306435914448
0.14456341961844
0.13321352599383
0.11586367727867
0.062648935218707
0.079739345984187
0.12254791353777
0.11824694848215
0.091995512177425
0.032084917700036
0.073007603510436
0.11717841163181
0.10909648329364
0.14603198947706
0.16920461714117
-0.0079932278928129
0.051887523556275
0.058275426305674
0.10518181947099
0.20174831639859
0.15234390689247
0.17979845169773
0.093703142926099
0.10351095961468
0.24444341811568
0.19605529995899
0.079723962632886
0.010831650908487
0.04594840229077
-0.019221623818586
0.14082925574886
0.066112102822243
0.063016484527794
0.083353951316452
0.09901367396098
0.020925598297393
0.031422491672949
0.063735254096425
0.082805910582711
0.080974413931882
0.090347422619976
0.051393157376278
-0.0089373026146435
0.022378313557598
0.058410477776356
0.0355036787203
0.016117251034383
0.060277634128026
0.092081330685577
0.12248566160933
0.13073957942446
0.11885882787445
0.15264498307498
-0.042819953417735
-0.030222590842677
-0.010698216060373
0.086076773004347
0.11912742702897
0.080010270698378
0.039756949978507
-0.020110495356439
0.047915251139521
0.051790368393404
0.059578617491209
0.12457452128883
0.1304425177776
0.074103408769643
0.15784377108048
0.14730754150159
0.15844514084129
0.16500929189163
0.23041856200857
0.30178661743945
0.26233113889726
0.29127602628139
0.27773337663637
0.24527528884461
0.2695736020678
0.29858495083524
0.28416017547241
0.31510180793626
0.29740818287039
0.25964159263189
0.25891955798481
0.21565264937831
0.30585352470625
0.31041073430511
0.32760559762701
0.31223567841903
0.33434358902688
0.27318347679855
0.2794048603966
0.31512024272601
0.32779107148729
0.23159443619635
0.24503144081448
0.17974836506643
0.19507597184232
0.26513245523282
0.27766889910168
0.23299209972608
0.22331878053121
0.23021032949819
0.20622788835912
0.1960077283697
0.25888606789979
0.31751305013824
0.14215359751561
0.23640572147931
0.21455251910164
0.0036163011441387
-0.011369542470243
-0.0043272542990785
-0.00043273477476054
-0.010903149069632
-0.0046530790018635
-0.0024348864159359
-0.020234813246519
-0.034296205788619
-0.019274961713541
-0.016754166142494
0.0221240705233
0.0030629956104665
-0.0074348303995389
-0.0055155172514236
0.0047220634841396
-0.005179126093041
-0.0086478899079846
-0.0029251337609478
0.0089637067456226
-0.011700029207797
0.021669701623471
-0.0098492886821325
-0.0055970016323472
-0.0056097567791736
-0.010836837027074
-0.008874133168828
-0.0064101236936448
0.040536445650513
0.0041883329408652
0.063407097841226
0.035844311119731
0.053302376966083
0.062803702145458
0.010769997463777
0.016626042640845
0.03556441862807
0.013501668313077
0.033953954599126
0.011034537896241
0.034904380747951
-0.009750609027068
-0.010696282634106
-0.011244882683941
-0.0005428392639366
0.00031050676281248
-0.0018605073742934
0.033199953227753
-0.030995582425204
-0.027581994517022
-0.032334333158158
-0.026361708185813
-0.0082021177276866
-0.026028086854075
0.030582065690001
-0.012767938329544
-0.018686077318002
0.043036440991967
0.025844615605563
0.048255028925701
-0.021662070424227
-0.026186932735477
-0.011531435365717
0.00049107881238062
0.016404545721336
0.0039905034506892
0.019179686225492
0.029156125587499
0.030970981988181
0.21573129802606
0.24033613867208
0.19676603218295
0.19165937876262
0.20789139395617
0.1747315013514
0.21990321247029
0.20495683944338
0.2540503622774
0.27124693999742
0.22945652983324
0.25083693299802
0.24039527480042
0.21200330310099
0.18309095606542
0.23163814286444
0.19741468861665
0.30233594503525
0.23103156125173
0.2883170853672
0.26973026779573
0.2131177151265
0.27528250956369
0.22832898953977
0.29636974727508
0.31271183343684
0.2923422696522
0.32547128765527
0.21226856790057
0.25219536107918
0.17015855848519
0.21536197804045
0.17067861572949
0.24449134747135
0.31445108446332
0.33148061568464
0.16449823598663
0.20273504659295
0.25432950587651
0.29672642745479
0.11366403510642
0.25857142529153
0.24639588738178
0.301355099249
0.1460006795194
0.19294648513587
0.17787980287628
0.18353419919646
0.17197966288333
0.18835887433432
0.10338326012375
0.13946728303104
0.10574766191684
0.1816413657226
0.046966099943077
0.056586589115574
0.077364493331245
0.074297667276636
0.099307441604802
0.095786828345456
0.045123639957192
0.029018614606683
0.01303688863471
-0.033270120202412
-0.031567741297704
0.0075250125641775
0.082299304909383
0.069412587310861
0.070828032180685
0.093010573456099
0.14585689195616
0.11291388545063
0.083888329987166
0.10759458676501
0.092496425581257
0.089189436988701
0.11658613945233
0.11498652074687
0.12021626812877
0.14750791647909
0.16523124796458
0.14554933881975
0.064920875351112
0.082630896291563
0.13834631026637
0.14486803228237
0.09070103771595
0.088327093304017
0.063575171398355
0.13946525253486
0.13732461974852
0.1553560210584
0.17661929564807
0.16323798697815
0.24780602617597
0.22764654002374
0.15924182551152
0.19105951474328
0.058522640467425
0.11285673176899
0.24279544708526
0.20558963309613
0.20911922671189
0.10634055866714
0.019806864506194
-0.0075300268566748
0.024106958044142
0.148731933341
0.090382649839667
0.092589645247821
0.1399960941456
0.11971472923221
0.036015989816462
0.054710446690986
0.046514420187705
0.056760591885834
0.075014867191732
0.1169765835391
0.10188448641726
0.11152352903281
0.047159267102662
-0.0097922476933954
-0.0054055536091413
0.034176905728958
0.069468748430081
0.032234630281691
0.0014324425875289
0.072117134680103
0.15343849859837
0.17934781626228
0.13541360423516
-0.021337326674254
0.16125225927571
0.11095069880515
0.057126030864784
0.10933729966259
0.0018698500221088
0.036125801289124
0.10787476703613
0.10099184435862
0.12813788721003
0.17783462784371
0.17524542147305
0.24054061181883
0.23698897678478
0.31670629783041
0.34058688039379
0.29033295373428
0.31354493866649
0.29654625729936
0.30545958553721
0.31992999410768
0.32764629222438
0.29196442182915
0.31136646808693
0.33516665861473
0.29383258269548
0.30053433751875
0.22652043658396
0.33116169744895
0.33015320022722
0.36232420833997
0.35845350677908
0.33381539479256
0.36176399861055
0.36470058068376
0.30368153231428
0.34223080530717
0.32335831416148
0.36536804728584
0.36830954656614
0.26469554760862
0.25074628390852
0.24160382021101
0.19536000317499
0.26018626658808
0.32413070689836
0.31726573364263
0.25786728622636
0.24844519975045
0.2105970395097
0.29757049170779
0.33670242033356
0.24648979641938
-0.015728268056756
-0.021182098306934
-0.0058798940759728
-0.039536182840418
-0.021901103356184
-0.028382019043921
0.050231792849127
0.044571023273358
-0.0094873956990528
-0.0044551661419231
-0.0098157793655053
-0.0046454474606778
-0.015051566090208
0.0080353204655364
-0.010291934220158
-0.0097165723380704
-0.013646393774007
-0.019769789414522
-0.0086301917165918
0.05238488182712
0.032651069459413
0.054531965863246
0.074394571498848
0.068713701012918
0.0059418579191569
0.010447426126873
0.031575423760967
0.029684980391913
0.0046813459143873
0.052318048406863
0.021861056589836
0.035880228748869
-0.0035941971819575
-0.020741000919233
-0.015808960055837
-6.2780408245256e-05
-0.0035422501219773
0.024414986303792
-0.012561164846606
0.0054798162311992
0.05603331546916
0.028120215297478
-0.036687663208322
-0.017156643997874
-0.028256963766243
-0.005493084824186
0.042089467974279
0.029624267742629
0.048817374839806
-0.01286428711701
-0.028702026694779
-0.014847660884741
-0.0003001530269516
0.0083906540505989
0.00091855168734276
0.0051524663840456
0.027673811252788
0.023180630221957
0.24034207935566
0.32774325720284
0.20684180145482
0.21746383477263
0.20053977316749
0.24654404836975
0.24095088108982
0.24569265523502
0.27585877152351
0.29607706265861
0.27314516229172
0.27991677044827
0.22426429153714
0.19733065758681
0.25934825692108
0.20941520801757
0.32910471072246
0.30761269469047
0.29565381059074
0.22272416713666
0.3122385373948
0.25909015065176
0.33042551185125
0.34696701687856
0.32640059886724
0.32394179157935
0.35248231452507
0.28770693234142
0.19539993468145
0.22759516049527
0.16972594381736
0.31831702444498
0.35294332504749
0.36430150960796
0.17644533418276
0.24437413311532
0.31112188431327
0.27961144016609
0.32439510372298
0.33948993026815
0.16623113718985
0.25168046850672
0.31282123656285
0.31839490466858
0.15526370272723
0.21323288610399
0.18900238972996
0.17448705753892
0.1955879847286
0.21061655683073
0.1167476620768
0.15013672051812
0.12441466532184
0.061184651909694
0.065336755511714
0.051015315647008
0.089207393533625
0.103209177708
0.028640686104895
-0.0033533306041927
-0.030122512215711
-0.0062850898734823
0.11023423762961
0.088731381979407
0.085204394414796
0.1049507328175
0.078967606301599
0.16833804804806
0.14057634495226
0.12732989286252
0.077035720478379
0.10781622183557
0.10140064243676
0.087316674069698
0.13148477463816
0.093773846042487
0.13360875464323
0.16774332137265
0.15480892997416
0.12995167071229
0.059077942175621
0.077919019096154
0.16084144916095
0.12862296961458
0.13519887184862
0.1216272281313
0.074326257095176
0.11605615311206
0.054859413181093
0.16138624820064
0.13830379031513
0.15965266763012
0.17830676840489
0.17916335057436
0.26924937761449
0.207317178562
0.28942899436025
0.25045284380256
0.16368133465471
0.22152600242373
0.19668311485704
0.12032874595861
0.12327541878855
0.29457829513859
0.25489408585125
0.24465846761441
0.084545839664115
0.012391710118839
-0.013118650308983
0.052330650935
0.084690916910339
0.13963620684712
0.15211171151276
0.0076496506143813
0.060920350452879
0.01565949417755
0.052174000096276
0.091873403685204
0.085093019744723
0.078166683334198
0.14297676976736
0.099215602795229
0.13695213775657
0.062263384772403
-0.032846460186748
-0.0086018345524238
0.053870165023127
-0.0016621513800194
0.15234022756591
0.15871301711486
0.21403497034097
0.1743279733749
0.21878667036196
0.1663939792262
0.1423518771572
0.14921883222919
0.11438831195519
-0.0053755796828372
0.091917622889539
0.034311942566438
0.11342990715667
0.14850925385112
0.20011542984046
0.18287350756819
0.24290372703029
0.2599670314927
0.37011161979993
0.38723679101133
0.36265739282783
0.33951263438506
0.29484169234503
0.29975300686545
0.34672859090579
0.35933351977127
0.35812352117736
0.33126150764092
0.32688168966953
0.33766754945811
0.36871430039561
0.30511806112875
0.31735576631294
0.38238416417895
0.37815676005314
0.37714550048829
0.42411859063233
0.36296185937844
0.41114562400592
0.39678910532379
0.40184915147926
0.43979495335512
0.35341118424056
0.39734773054629
0.37449045234043
0.4406698461731
0.43715896589079
0.31924190620156
0.2529668529729
0.31964514954231
0.27450837555876
0.26821249110756
0.32020955326504
0.36601120354114
0.37734349628015
0.36563632570186
0.28218855643805
0.2396081559285
0.29817860158701
0.23492557612254
0.23398168363576
0.34703879863542
0.43998031393828
-0.013700162092772
0.0035876563943694
0.051032662372913
0.054791578568653
-0.0083428913371611
0.0019938576818698
-0.013037129055002
-0.011405344145487
-0.0085227871044264
-0.022298263321523
0.046575938014028
0.06228410775887
0.081487264509296
0.069077920263897
0.0090406798985739
0.021280221901057
0.040782471548973
0.041309829020858
0.014319443662629
0.042310972668665
0.017972906966882
-0.017570046034461
-0.022123496592098
-0.031495569090843
-0.010625502173667
-0.0078983861835112
-0.026063170893518
-0.0058061052466325
0.04976982493329
-0.012821826907951
-0.032938762293015
0.039937490984329
-0.0046009800688846
0.05116203866855
0.006300909464013
-0.030446400538666
0.039274263930665
0.053819826743467
-0.0064084469508632
-0.026919594423869
-0.012721833449412
-0.0021722853838943
-0.014935739218691
0.017779183113227
0.0049582817727054
-0.029081020828045
0.024842385839502
0.03626752909381
0.044893646288615
0.054192185464772
0.32697116097559
0.36822889074298
0.23249305375375
0.21807398078386
0.24823386509248
0.18987647632642
0.2601633359373
0.22922382846361
0.29579654252029
0.28206708609523
0.31996003967483
0.3302500184324
0.31200329177385
0.30775028001828
0.25947526508414
0.22865993711838
0.24824510871505
0.28307480524001
0.3473310711154
0.38853094284503
0.3364368229201
0.2639898216386
0.32630037602834
0.31395420114626
0.27817766998391
0.36629856021653
0.38629989775556
0.39485809950781
0.37600558339728
0.37820999878631
0.36452205344049
0.40510081107723
0.31365038610996
0.18824371759293
0.25229384449598
0.16343954564845
0.44565084342554
0.43727997900972
0.28035764221054
0.23436487778004
0.32953939934352
0.34348094802069
0.35734028640451
0.37274992383573
0.32996691472367
0.36872137306588
0.34395879253028
0.17292682583877
0.24253570805504
0.20940099844207
0.20715371673415
0.18890987038175
0.19587656893392
0.18799910203744
0.22328053513439
0.12624620905689
0.18658524614791
0.15103207930516
0.12219261140617
0.071664923319668
0.065562028322324
0.10107485742354
0.10470041429536
0.11504642578369
0.03038043859753
0.048153896472857
-0.012354193314636
0.11467467289989
0.084034447057534
0.10114465147129
0.099239955698873
0.19190273102747
0.17429942690102
0.13309928179231
0.066955453237504
0.08177544910494
0.10079477134725
0.088807786311771
0.11407440980648
0.10457123413544
0.15697306715534
0.13562054043288
0.17532513304141
0.15141490636807
0.14910776070345
0.15087222129803
0.083516750454534
0.14649793073636
0.14187648811651
0.17149480108157
0.12095363229892
0.099928266068666
0.053402262962602
0.13039386654784
0.20564804789422
0.16887175144072
0.1303515242692
0.19480082627339
0.18139227276246
0.18792367930365
0.24918925215855
0.33134587796425
0.23889931264748
0.18556657057369
0.2207475402089
0.35232912408284
0.28156737784283
0.31639151324613
0.24379750675268
0.2309773571332
0.18105312568372
0.060851081054256
0.31398657357765
0.30765870521344
0.27154359569146
0.2686121391583
0.10543393326201
0.062073392011274
0.042533763266206
0.10775524030003
0.14309390904792
0.13874674211259
-0.0027830578354189
0.024437191551041
0.075271678288689
0.011770826968641
0.0077838850008519
0.067881168648697
0.10298570607157
0.11380856316223
0.082735011030002
0.15943342103869
0.12288319654158
-0.039016755370899
0.072111702459495
0.057659069404837
0.025878340390735
0.17445711375634
0.20178510985606
0.2235869957232
0.22885935102366
0.18193201158858
0.25070992056519
0.22674298858778
0.20283981124953
0.1702354271143
0.13984795822731
0.17982436892656
0.11999325647217
0.019235580265716
0.070790291123404
0.14611831295566
0.12788884930054
0.18017244329185
0.19023636683972
0.20536057843549
0.28666455792743
0.39992734270047
0.39416070318985
0.42987848942944
0.38121722320241
0.33864540963001
0.34796495038843
0.38078427722115
0.3867851410853
0.33551156471301
0.39097405703909
0.36242845483564
0.36820112656481
0.39496331047838
0.33476068933343
0.35711382331367
0.44078503144451
0.45813151514223
0.43723329665409
0.46989229771265
0.41218958698814
0.44219133372065
0.40794950497613
0.43469769694223
0.48986986072145
0.41039199945641
0.37299866457707
0.45954479183701
0.48559830182573
0.48359437759956
0.32510478265193
0.32488441070438
0.34750433506732
0.28129516795521
0.33360493754463
0.36145807141972
0.44633528044775
0.38322184688772
0.44701488546764
0.38537798541499
0.30357188334552
0.29780137426177
0.26320995648727
0.26630583759806
0.43224921933843
0.51482650544246
-0.021807877819944
0.009640395147566
0.065960245537315
-0.020473089784342
-0.008092516915325
-0.022245455201731
-0.018178754781241
-0.022593376015918
0.071530798813403
0.090089017405684
0.087523835244708
0.075779399069379
0.01480350503124
0.02015391870606
0.039233943200022
0.041650667193231
0.049750328307478
0.0085228766489307
0.059489563808891
0.050833060356577
0.032133088244392
-0.02697278601525
-0.029061015998738
-0.0095952466104787
-0.015238868196224
-0.023182152800082
-0.038296190113407
-0.022599372415149
0.06818380745587
0.051907069745637
-0.019091795325546
0.0089338814649795
0.05509928535201
-0.0040719201252287
0.095934223263152
0.015240237764336
-0.035623714044683
-0.0059715875297946
-0.030722314249786
-0.013913847768913
0.008283719670971
-0.014303420019153
0.02238794534548
0.018008250978669
0.011097974185615
0.021032754255842
0.017196423731615
0.036416091790845
0.050728120505483
0.058149461236875
0.4405632367297
0.2558172457302
0.21166214322043
0.23375398245011
0.24985917848974
0.18754600804785
0.21394707382472
0.28046238083804
0.26853620733545
0.30944113034217
0.36045738491738
0.30920614843417
0.36268308787462
0.30579103099692
0.31203603141239
0.34926515850231
0.22501674315441
0.2260152457476
0.2393986736909
0.27740355359906
0.38441068834505
0.32894781451112
0.40640698602002
0.37266502097931
0.37767451909415
0.34689855393633
0.43075632565613
0.4499333359542
0.41389728529529
0.45799213571383
0.42876175392512
0.42218338094685
0.45721860659467
0.44559871621428
0.48321246973554
0.49183430185897
0.34675344435815
0.25937082740042
0.400497793256
0.36907088173233
0.35863134314384
0.40449164001914
0.3985563264143
0.43649133480486
0.323371518007
0.34220893661569
0.42851022830058
0.422420527701
0.16796919780248
0.25951170978679
0.25158551138627
0.20844645465285
0.23532880088766
0.19933559942302
0.2377353362153
0.19038205416307
0.23490435646023
0.18627539853122
0.21592492293011
0.13180395619956
0.17178419518433
0.12858626000132
0.062849609939656
0.077793869466676
0.11524915336034
-0.0024635627526087
-0.018056264366452
0.13646558230272
0.11076332819417
0.12210548957723
0.10797157653456
0.10592204743799
0.18807936732412
0.15822358464587
0.083723686767171
0.10362544809428
0.11643671030087
0.13198908844199
0.12999940967668
0.11756521722247
0.16883534574782
0.20949068784251
0.17785599543717
0.14695315586719
0.14264095449941
0.090233990222727
0.18033614293706
0.15262143019212
0.19498921977783
0.074322169759002
0.17982888860126
0.20634907521579
0.19438322990058
0.14751079761065
0.21352478841488
0.20916406786614
0.21015593384584
0.3422895953444
0.35719838513483
0.26827133762815
0.18798604719104
0.26045476493575
0.390473706714
0.38939427450894
0.30358230454768
0.30690530359747
0.27916329561556
0.2480058282676
0.20537667547941
0.10479308652048
0.375546844034
0.31989686747755
0.35570333390904
0.27379002350404
0.11858723881952
0.022241979062876
0.030816963184831
0.011588097316574
0.14331468002929
0.093784614396456
0.16510897806442
0.19007817722116
0.04063556273974
0.056126211679036
0.046482096166821
-0.024212381837382
0.092248832254684
0.09308272888708
0.15963585727439
0.20249911551864
0.13195666267973
0.01055208640024
0.079116885410212
0.18716901192384
0.24064549715169
0.23396817475501
0.26523651259297
0.30773991867273
0.29587540123749
0.23087187079448
0.25268215083154
0.23540818820476
0.21830487753752
0.19839634507465
0.19172486017636
0.057485171947045
0.083508693179579
0.18858059616788
0.16940229374884
0.22303428140379
0.23947488327236
0.29437401510407
0.44372630792326
0.44273972909245
0.46798835323207
0.4115213071809
0.36383618916973
0.36979524840355
0.42483446490285
0.40219172668515
0.4216310549337
0.38694485002613
0.37479380971886
0.38259037750942
0.39724794483443
0.4304438897345
0.31501725293321
0.40905545915713
0.47227325975475
0.49303935546911
0.49288852763261
0.5179764869793
0.46608232539957
0.43354073676583
0.46741056753426
0.44937737301112
0.46528820490307
0.50401054776811
0.52331682709261
0.51069103245847
0.44811630490493
0.43646394692607
0.54801685013903
0.55918577101112
0.53018980608663
0.53960994828941
0.34202697224936
0.33367298841168
0.35980744032604
0.39396576587651
0.34223242729668
0.34526986676991
0.44546974319391
0.45892885182865
0.50736590721936
0.42415876888421
0.31102420068533
0.29307565365586
0.33095384704323
0.51500411704373
0.44852452443125
-0.028490969411857
0.03405725311136
-0.0067357399090391
-0.010483401325946
-0.026135545092204
0.1145877935952
0.092201485711087
0.081129800737222
0.0054981334908255
0.029095191327338
0.04328271988039
0.03482028946109
0.058646469342405
-0.001373012518726
0.059422833454884
0.051985950894966
0.0067330326592373
-0.032330738979078
-0.032462791346903
-0.0086556521707486
0.0022105845462151
0.022251221407866
0.10151804730163
0.018602613753108
-0.03079599322899
0.012330976164583
0.07781961234684
-0.022747381449068
0.083513369837987
-0.029042126988131
-0.00046261104195761
-0.024252358943009
-0.013458531968243
-0.021830508915024
0.014395284584067
0.034612183240157
-0.010715097561936
0.0170429854158
0.024075156107284
0.047070825371493
0.037698865562716
0.073154347263661
0.043092773886053
0.065012231290676
0.087009523523635
0.5295695443233
0.24578317240871
0.28625304362992
0.29718196919788
0.25244329742491
0.33680726374785
0.38255450520053
0.36229333805327
0.38591347771895
0.38683558652335
0.36231978829087
0.3246579960552
0.33211355818394
0.36424973375566
0.24878055061791
0.24287708853557
0.27450044785633
0.29092108373403
0.41715535116449
0.41688414077269
0.45011574373016
0.41566586159617
0.39364465593457
0.40768309063813
0.36653694176155
0.490117948621
0.47856346387178
0.46682553153813
0.44368720928911
0.47197918813751
0.50932414822729
0.55279556970406
0.54278172488437
0.41158863391627
0.39178183173396
0.3327810319865
0.42236243764757
0.42537754694285
0.44209084659067
0.47117331683613
0.48855034570242
0.35295834264146
0.43470316132413
0.4686796929779
0.45916436912917
0.173698389653
0.29722299654788
0.26635989829062
0.28444496244776
0.24294852465747
0.22940108047141
0.25123586051071
0.22320766144521
0.2373423134179
0.21215705965127
0.26146254465295
0.22444358999916
0.15025500629401
0.18393413913325
0.16985971946718
0.14829746906386
0.079009135733743
0.12049413385595
0.15477076143198
0.13107787525457
0.14967144949
0.144540160459
0.16379497392098
0.12341337430329
0.10042687167572
0.1158702527891
0.14860536096933
0.11362628601318
0.18647524031585
0.20210246468139
0.19021892032835
0.16542652052734
0.17350346386305
0.17819935010171
0.18630536932988
0.21662475039629
0.10952975359488
0.149774029839
0.2496867210623
0.24040399424929
0.19045144150544
0.23542676353202
0.21972910612809
0.14160256312099
0.23956710452083
0.23586923022716
0.21277243008009
0.32735963833706
0.40367070733329
0.36219902616367
0.404968619804
0.40955492523782
0.28023822727536
0.23391559429961
0.42697362614107
0.45222257542796
0.35106818278873
0.43200467245276
0.33484829128415
0.33951526729339
0.29372584891995
0.29335166131935
0.25196183516244
0.15640519862948
0.39643015352972
0.29301842700522
0.076240596326301
0.069724411711614
0.084740163282988
0.17905491153355
0.10124026136432
0.21631223940283
0.21859361779792
0.0041173020774506
0.071073565534966
0.02307750144618
0.010367076891266
0.12391332630524
0.064762527959386
0.14700296154844
0.17057381075589
0.20712414679533
0.14960309083424
-0.01946479973151
0.094621419355615
0.21272731879842
0.27162509114865
0.28359114363403
0.3000355211095
0.31944699059466
0.3141197281804
0.30232419975492
0.33232992362311
0.29542201095823
0.30240468882482
0.27397239320455
0.28975317553587
0.23647156206183
0.23134916245167
0.070011966657953
0.099501660797955
0.23225964905137
0.17207634640742
0.27361287183433
0.32399891347822
0.50199345787794
0.46921078474433
0.50107385025541
0.44889363362113
0.39502517702193
0.4160885459976
0.44039870377542
0.46072073577748
0.39947445636787
0.39792239628173
0.40733697976306
0.39840377117444
0.44156999846436
0.43588723763403
0.4621323596912
0.35069684737333
0.41612756377111
0.50589984638352
0.48621579066468
0.5328596967278
0.54265346903321
0.5564298828719
0.56034874464353
0.53715722175507
0.47333511910246
0.5200129116144
0.50194395268081
0.5099933960704
0.56517279254739
0.58022731208971
0.57306559002373
0.55020829458529
0.53741604905398
0.52855941833631
0.6425675743585
0.62950376665599
0.59919107132693
0.39667329199142
0.37731395777279
0.35299546374153
0.426557219131
0.39993618822281
0.4508830036332
0.5215152469498
0.44974481532261
0.47783200889012
0.47546030524567
0.51726180179819
0.55788643215597
0.44114408161409
0.35544857638367
0.34217466710086
0.36557069348236
0.5355210436519
-0.028386131095083
0.038043936646201
-0.010458693724642
0.090870116116795
0.11302165608713
0.018034081182981
0.039896565666606
0.052510497106718
0.068750652704291
0.006733627139376
0.061531657784961
0.050640262896086
-0.011498187694955
0.033303063165067
-0.022883683188862
-0.027755048865036
0.020432346669882
0.030877857617596
0.0035340220780995
0.099579159416831
0.11796942770719
-0.0025603429644919
0.032630717800227
0.10057686931836
-0.013583242652475
0.029107127518012
0.086427123341474
0.085253000241501
0.14646088272134
0.0016912593379749
-0.029965105335283
-0.0051505337348921
-0.031920200266884
0.0054869895135373
-0.01481241790209
0.011955579093896
0.048053570859206
0.015742157275494
0.050844429776514
0.052307097782629
0.074465458851253
0.067163324891102
0.10100962032196
0.56768162904492
0.31683118498421
0.30109489604579
0.40242526465882
0.41696933354877
0.35386344010608
0.39755234129223
0.41772280855356
0.41124374437138
0.3534160651777
0.34729532083104
0.34983153657457
0.32361954504827
0.36228495577275
0.39574913300514
0.27015558414494
0.29636022430088
0.44443892073873
0.42365914008303
0.48104949352113
0.41739681482944
0.44966445932873
0.36610320207576
0.50387067797709
0.51909496148456
0.48297865322939
0.47164006345225
0.51925611687732
0.57878392346485
0.54967642876783
0.5957377231934
0.60662782689535
0.53622452297284
0.43846466423461
0.4704131873726
0.40263342223199
0.44241967352164
0.48643220775455
0.45831547292834
0.49193700148807
0.53239600557511
0.51427008959205
0.55156189190332
0.44060554850319
0.52319129875687
0.54051934166507
0.30601502250312
0.29179301464746
0.24527628421144
0.22544121275192
0.30022099357474
0.26201184102214
0.27791211999667
0.24042299759364
0.23444749328238
0.28657317284248
0.25757295786515
0.23706111539298
0.14674250368698
0.18838651212418
0.21327817600682
0.15877315076802
0.080475199974825
0.1454926483551
0.14929870508205
0.18996709689525
0.11406567768625
0.12054408120501
0.14143564647774
0.17666138166625
0.1077503548912
0.21095423719939
0.22276049955663
0.18750786022869
0.16173761289021
0.15836177712124
0.18313145209235
0.18880603803093
0.19195672245862
0.20350509911922
0.24840291955052
0.20502712186376
0.15612426661496
0.27131551191149
0.21621805911093
0.24795651203101
0.27304898800058
0.18361503362785
0.13654862780045
0.26849258666059
0.33873407198861
0.3357653659735
0.40947688558431
0.44578739893639
0.41592711948568
0.35168833417386
0.45985480109817
0.48335844946652
0.21143853115458
0.31688231030445
0.47018266895864
0.44896748750334
0.49678305297209
0.38969132084541
0.37489553447106
0.52399935716253
0.43001484234659
0.31552239059581
0.29028257274121
0.30832410300136
0.32357591923537
0.22225413939029
0.44115216366154
0.31483849430576
0.29403407378185
0.10735089808778
0.028367377578177
0.11847645349555
0.22850213698686
0.16994264942638
0.097045489499997
0.24598280824409
0.27689842651259
0.059487178355961
0.016058823424765
0.072287005179668
0.10939386601986
0.20481768225561
0.21342919749749
0.27171548941262
0.18167008045854
0.12597426517485
0.00042330672063019
0.074947560528726
0.30972131798766
0.3442725922512
0.37055438700338
0.34052516809299
0.36161354076345
0.36294987999315
0.39454571781778
0.34941957628334
0.31265865644026
0.28969032656054
0.2713558824661
0.32213875729116
0.35137602071313
0.25989677926464
0.23907223253278
0.27931492452593
0.18753827304892
0.52990221171064
0.51183790609587
0.54714808171356
0.48087059365266
0.43749360443981
0.46270343220219
0.46767071564169
0.44688351286869
0.44460884696813
0.41747884030461
0.42053267726207
0.39134883335675
0.43920535708874
0.4680854089369
0.49852561749405
0.47100380748388
0.55926130790421
0.53370562708199
0.60038767821129
0.57310131685252
0.55878920832794
0.60124047551938
0.5218938606204
0.55534718806914
0.5828673372713
0.63545491050229
0.63175998117941
0.60670883068017
0.59277410596467
0.56453999851354
0.6726546792839
0.66924310135637
0.68069253829504
0.62313799257228
0.45191007072668
0.44746464604169
0.49404342970196
0.45096583269736
0.39582232126238
0.53535375501266
0.5377075343814
0.5031850656006
0.55571216589439
0.50452800734851
0.57554335364669
0.61786462653211
0.54730746667205
0.3881882178463
0.38176263828364
0.61818957542434
0.063131462893673
0.015354399966423
0.090919634683763
0.095879821015913
0.14340650367527
0.014695344961634
0.049110604943647
-0.009855547270315
0.056621775268688
0.077460989084337
0.010527172865448
-0.01677208905459
-0.033737115299137
0.041654366174945
0.11414471883213
0.16230451423752
0.16418639326214
0.0060927672706486
0.10096621212503
0.071281262996705
0.0028494321862985
0.058735045519838
0.046035401408365
0.093153635714743
0.073089752439573
0.14003511164496
0.1829277092601
0.00014188195078665
-0.024850039177576
-0.0097873142976046
0.033092069525335
0.044168988971313
0.041787288191134
0.034873719619418
0.074030449781943
0.062762171735915
0.052411357010533
0.094235962915334
0.66175578952498
0.33134889225318
0.45993812418575
0.46920791267538
0.38543823717082
0.35008451159585
0.45226440436327
0.40848862313195
0.451946385694
0.45436863118003
0.4019133000164
0.37061410464793
0.33605867989743
0.33317137072037
0.37475570574141
0.31690115964042
0.36994706657566
0.39524129793457
0.41803285885772
0.33096714614588
0.28727733950174
0.48262599847879
0.52219194964235
0.46541268054177
0.49882535309925
0.40515215822203
0.55000764463999
0.55093771820727
0.52521573924538
0.50108766148117
0.56539226064906
0.58830625924362
0.58368643092835
0.64642998333424
0.68462953716218
0.65316629164569
0.62618907094125
0.58282540893242
0.51049343617076
0.52994109359346
0.4436350986174
0.51610087243448
0.50261770432383
0.53091890301418
0.55159798353815
0.57009360488889
0.55877902344611
0.55166183233533
0.6192860358209
0.52187195783659
0.55989840323714
0.31137208397764
0.25795594771272
0.26846490014488
0.32405928299384
0.29844962659927
0.29053882937388
0.28761763059335
0.25679314067185
0.30708039372977
0.30685115757573
0.18047377221132
0.21972330219438
0.23435802124531
0.085935426696676
0.12547569257659
0.094413273392063
0.12003365444811
0.1892849957142
0.12971397449877
0.23218330340045
0.25429217974335
0.2083854527977
0.19236812587493
0.16161052486089
0.17102889089155
0.19991000960513
0.24614025874584
0.23025138857654
0.20505917980146
0.25267129751184
0.30772580583417
0.29654697580876
0.21431997219857
0.20147161776984
0.38084661698355
0.3773331391732
0.36840083103475
0.45003174559859
0.49473482635355
0.46154209052006
0.41786125443834
0.42725763205327
0.38796021953979
0.4788162151349
0.50466894922476
0.49825303682572
0.53593667115375
0.27689284975779
0.48267135105903
0.55556396913175
0.51851577860843
0.45277032611761
0.44235312323427
0.55185990224141
0.51032111724858
0.3106077555402
0.31657670654779
0.34259393197864
0.46007867376766
0.29931545047839
0.098015523760136
0.17982159051723
0.28744870223416
0.15777834248588
0.094822943987625
0.057048866250426
0.1252237325882
0.19144661240228
0.23689886808215
0.28299703595564
0.21064443828772
0.019807801197028
0.10038332691195
0.10165757402297
0.34979483724932
0.30915386223235
0.37464378614445
0.4253750264024
0.41104826852292
0.42611818581956
0.36487331783357
0.44919416213952
0.36938192792736
0.36074341208155
0.4071063486019
0.33209191707139
0.38601408797202
0.38975489708162
0.31212948735616
0.24043265572644
0.3196983187528
0.21886150941859
0.55173613310933
0.57331667772933
0.53741366349213
0.51604490148264
0.56612276347601
0.50420099957612
0.46979713964173
0.47826255703619
0.49898803640247
0.51502577075945
0.48668280700805
0.45475817326225
0.45792792576545
0.42951722011189
0.46278063298451
0.45246393041533
0.49827163041616
0.5371362534638
0.47420304271324
0.57722941739152
0.61368034535868
0.53536764759913
0.652178151264
0.63644788607608
0.59771701504384
0.61624955444859
0.64698999453343
0.55979318405984
0.57292074297947
0.67623671978022
0.67413545041233
0.64941340544729
0.65949725744415
0.64123219243247
0.65415067963266
0.74825958642561
0.73042097886568
0.74534859233547
0.72397454255564
0.51483390598847
0.53639277880282
0.5633736137661
0.51298642015178
0.62012573278501
0.56701074208001
0.54019361251221
0.59276328398475
0.56119653110881
0.62414169695928
0.61991114683739
0.64975059199807
0.45233328894073
0.43880011036677
0.025932604828278
0.12101488415806
-0.0046782276500818
0.029435001264582
0.046713975637445
-0.018969784011543
0.0096659998221341
0.080717725682142
0.0045971780256662
-0.0062875090162118
0.090130893639814
0.17004484779855
0.20194898310668
0.20529794432274
0.10649372864845
0.0840918202471
0.075982102628356
0.023708592154157
0.013999198727095
0.1291594119045
0.062350177614667
0.20203103134253
0.00099992728795382
-0.016943357125241
-0.027248548019257
0.0072151493465045
0.014623628147751
0.06898942780568
0.059886849485648
0.017223250302565
0.095923154898794
0.73606582538914
0.36844057098373
0.48982239669972
0.49085566873821
0.40493760727695
0.3804225108297
0.47731593105755
0.45161588835211
0.39431980752541
0.47402778890224
0.47618929648871
0.42257800435416
0.40297809171187
0.3545896067799
0.36482110636763
0.40477168777524
0.40530096288454
0.41478383643134
0.45145635344773
0.33535596749503
0.53024621349511
0.5550246330835
0.5389722071213
0.49969703492669
0.5210992292951
0.51098290355262
0.43923294645673
0.61250145585245
0.55132231759874
0.60602459562905
0.62849008069043
0.62969079715113
0.6558035589343
0.63860347852746
0.66712472198435
0.69958112083695
0.70572549575219
0.65405339830265
0.63085733554128
0.71218746675819
0.53489253776961
0.57134004355232
0.53846890218872
0.55052600297682
0.56048590213433
0.53431234757234
0.61103170298799
0.64583168143379
0.5783794694805
0.61530224631166
0.60244180747113
0.67281300325297
0.65078251805908
0.65301547663174
0.33469690513834
0.29682053892025
0.34622070258884
0.31221388697167
0.30427446834298
0.3358537103243
0.28653855560166
0.25841407766576
0.33869543291691
0.32084199849779
0.2408256893257
0.27242805597451
0.096543576296714
0.13674891828075
0.2217751468853
0.18109132418082
0.12388082787793
0.27648563755606
0.24546223723106
0.20359511554264
0.16341787728965
0.18722780327281
0.21682214400259
0.21600353255347
0.26715560516489
0.23020492159929
0.23435609817784
0.30374451053715
0.27498864281848
0.32280127890238
0.33124323776084
0.25962756552571
0.17474925190211
0.38075502439804
0.40649751486789
0.37181912679409
0.42520997668941
0.52218718394042
0.49662141353849
0.46918451473905
0.53376017596248
0.48461493552514
0.53052623725241
0.4511467129753
0.46359304710296
0.45515626261857
0.37616392009565
0.52685798842286
0.55331520275315
0.54204917414172
0.5937038313562
0.54302141503132
0.5190310737733
0.58996335857801
0.5999790283401
0.51037913769082
0.59837215920615
0.5942037877664
0.33904780045923
0.34648094985191
0.49398882484915
0.30890776379366
0.11020183845109
0.23612918366779
0.17312817218363
0.31922324308321
0.16402167079367
0.078654281923645
0.17667811358376
0.21564526992374
0.26208169594152
0.32875909670436
0.2610383673439
0.06600346243911
0.11791644574664
0.099296255770548
0.401237903124
0.38081762502146
0.43189458153698
0.4616571576804
0.4540046922435
0.41613742893663
0.44730703948762
0.4652062621227
0.44304272348751
0.46744622012928
0.42299843101889
0.40334557385463
0.36126324332256
0.4669919783818
0.44963471279867
0.44974386249491
0.42339034882756
0.38098855889744
0.30518806639641
0.29121866749492
0.61520873453676
0.61088161463515
0.57906457535621
0.57166002149146
0.62161179423395
0.56062724063075
0.49524984439753
0.51585433789749
0.52213229291631
0.53267726564937
0.50945365570543
0.46747041463627
0.47860536297696
0.47056961161189
0.49607373001437
0.53827319625831
0.50510882453281
0.61900130245552
0.60175165229445
0.65111148142499
0.74443707548967
0.66729840639999
0.66429849668998
0.66810107681981
0.64357293712399
0.61622977568655
0.68879987638346
0.69213003970811
0.59681241516011
0.61581360640578
0.69557525446128
0.75302458838554
0.73571255341696
0.68626953040969
0.705072395411
0.73276229802352
0.79412517959913
0.74655218975293
0.77794724631568
0.77713096122893
0.74741469578439
0.53390604869008
0.59040920146943
0.56274405858347
0.5704721468126
0.63268284664108
0.49198819423944
0.59633604354536
0.54355064455845
0.60102201474054
0.63702548885895
0.6439983629848
0.64402876968508
0.67004630633867
0.74264750684622
0.46699124194535
0.040175815244371
-0.0023662563947599
0.026528038903135
0.054215351904938
0.084603642336092
0.11230825208956
0.15267327115256
0.18365368308082
0.22494956152772
0.24033679575906
0.24135185690293
0.14271118686587
0.11962384069949
0.088335511766142
0.1054405596498
0.010178633477191
0.055797283826177
0.22897559119947
-0.022245055864815
0.017631461387912
0.042617888324033
0.011953265717606
0.079565210121497
0.011848686730981
0.10173386247416
0.10155543388861
0.75322454507801
0.37448867875653
0.5221881942127
0.53125444466938
0.44749271737485
0.39603024238948
0.37677109881087
0.51013059733666
0.46698223020431
0.47341962437497
0.41096617794003
0.5234277716947
0.5087455701533
0.45718788496921
0.39428734751117
0.41274730800977
0.40001222297372
0.42374573871453
0.43691627543796
0.40339409120283
0.45666456554633
0.46471109041487
0.47437451063325
0.36227873312634
0.55701300352793
0.60617205166683
0.58388593449874
0.55159275048038
0.56390690666523
0.53922582971871
0.64302483811105
0.6293747640203
0.63962439449926
0.66021025842123
0.69337974607021
0.72011284782194
0.74724263369832
0.75477117379557
0.77284369045961
0.70976739958939
0.70252003965831
0.73657292193134
0.60733328082373
0.64515775464178
0.64677350208638
0.61477834630704
0.59975050185966
0.68235409236042
0.66886954105127
0.64991395250199
0.64479057852347
0.65420350569165
0.65945815078674
0.72418054907776
0.7161755208391
0.70987712601968
0.35705036847801
0.31055423780595
0.38147610885137
0.34749000043001
0.32210283498357
0.27398871995221
0.34788950414251
0.30373264662105
0.36688534203385
0.31423407857974
0.29236176200594
0.37601187013518
0.37415776958425
0.2988531166998
0.094129778641648
0.18888542775578
0.25596814361242
0.20415799254278
0.30710888215903
0.26926688609101
0.25090709992872
0.27622133178753
0.19721221669781
0.16520061741488
0.22469500327465
0.30458146980266
0.26314599613574
0.33226845536192
0.29546860661571
0.34348963491776
0.34482362335777
0.35567122791102
0.31451951015353
0.21837659764023
0.1994584304603
0.42679710048315
0.36763921847504
0.4814210330468
0.40442091957895
0.41430168224471
0.46114113914538
0.53541281157954
0.51202891708743
0.52707933461951
0.56463112624946
0.57602561969485
0.52781746605614
0.4196127582299
0.48234998467494
0.50532070656884
0.39514943652907
0.56944774107102
0.6123500289194
0.57310498374315
0.57018380376532
0.62868237170032
0.58965051777634
0.57686247553215
0.64509765281216
0.5447313143453
0.65306125030904
0.60323297131977
0.65676931714689
0.35442295399381
0.53510184376335
0.29000307420963
0.2136271686126
0.19947884660637
0.38713045821867
0.18784433179758
0.1831053133028
0.27536654243185
0.24229436035014
0.37201959126162
0.28485599451048
0.097318538674204
0.09113084466996
0.43499377202605
0.44125635752013
0.47394543446311
0.49460126559562
0.49220889899904
0.43762549182692
0.46529986933275
0.48653928493114
0.50632369238465
0.47994080933424
0.41749213944654
0.40603327707257
0.48860823720367
0.51405788089902
0.459094737151
0.44584751768845
0.43500360812797
0.36286874917841
0.33766176869034
0.63649242573693
0.61955876493182
0.5715326007223
0.61873105673031
0.6325605123548
0.5737836897742
0.55905627303583
0.53135652685408
0.55679789888064
0.58631738913117
0.52407895943621
0.56918282201704
0.49737059124091
0.52276370561601
0.50367394075759
0.56348509708163
0.55450629064621
0.49516254509661
0.67989134806664
0.62103278788583
0.72128911780314
0.78704865073819
0.7756583957013
0.75441929092195
0.67937564774955
0.6993426640528
0.68870482612204
0.68151985012351
0.75215488095366
0.64687231774154
0.62089597612635
0.63585530659957
0.76030945598039
0.7282115810085
0.72347553200442
0.77646760379095
0.75019440042772
0.75972272485186
0.79814608999738
0.8510085252193
0.77565677459065
0.85105293422679
0.78186306626269
0.84347333229753
0.7924335861307
0.57748522013185
0.6636386795349
0.58315144543093
0.60731463260942
0.63421124321625
0.70867275206063
0.56019785676684
0.58335143873243
0.66319923033699
0.69002318074284
0.69010859529947
0.65053798758932
0.63961930357693
0.68993483356057
0.74002051628893
0.77993577831721
0.044607127545422
0.10691142591177
0.15875474231235
0.14109075037271
0.19912321508026
0.27647587774304
0.28083403635996
0.20348142846146
0.17554710651073
0.15887800117115
0.1651563891218
0.023003304739204
0.080891729892419
0.069759820614918
0.039807657315068
0.088396696786875
0.0045919757987355
0.12904185831348
0.85061206540738
0.40743448495577
0.55354994981649
0.53112256910015
0.47929492296563
0.44224415555005
0.54383842264812
0.49702282854507
0.50349099771268
0.45907242671951
0.56314730752913
0.55527969060949
0.47491455613725
0.40601683011362
0.41167623106284
0.45886371469714
0.47455874327557
0.40334622310524
0.43584596484234
0.50016480095997
0.51970869381581
0.60380146041303
0.60971445127703
0.60294895332064
0.61176688683263
0.59472853293572
0.67711235848048
0.6617574716243
0.68128602049715
0.67290179972689
0.677642358794
0.70811421422786
0.7353703232051
0.76172145289881
0.77219701948798
0.75608915638573
0.7989728250736
0.77206551845034
0.82323875019251
0.73007557433755
0.72721955549197
0.72902108198851
0.78206389729632
0.66577979963247
0.6812998600246
0.62421406802043
0.62723265570157
0.74420686164085
0.70131388591112
0.69945688506256
0.68066688070837
0.66903032015066
0.67861852028769
0.77783215665576
0.77843566299997
0.76424925043638
0.37568767300108
0.33946036238084
0.40660493437871
0.38021842174037
0.36967043041176
0.321817249538
0.35706302533068
0.39203859637074
0.37163924177828
0.39698794907321
0.3588119495879
0.393765113199
0.32421614184331
0.12328981659657
0.21584227109844
0.16378027883721
0.29572264239371
0.2207468726492
0.33750148432221
0.31130119769924
0.27299352142366
0.31613481784235
0.21689873845611
0.18464587049282
0.32070916899318
0.33459912908433
0.34280480188007
0.26388673567332
0.41207560308158
0.41172922702982
0.34301052103787
0.40438921234743
0.36127662690242
0.36041925894117
0.27382979298727
0.47587664184985
0.52408173022941
0.46390353810778
0.5039938810714
0.57474717473102
0.58415625544055
0.54879918871346
0.57410544900633
0.55982979396874
0.54302561052854
0.59996562452017
0.59297323820456
0.56106093965289
0.51856261823526
0.44122687556387
0.48772465644677
0.522177669257
0.39811021019727
0.59099897079084
0.6168942584243
0.63295231741067
0.6088094666898
0.67970536765173
0.63563115056307
0.64779225568873
0.63670024221569
0.6871159840169
0.64180937743724
0.70032866381387
0.69334359729871
0.66060483276185
0.68885006649125
0.56723486356097
0.55769147995812
0.33374407825565
0.31176769562316
0.40397757712037
0.22327666748777
0.17130969307386
0.20234102520986
0.22013339605684
0.29025218306364
0.35988002704504
0.30499374529938
0.40238359413081
0.41826284265096
0.30749515922548
0.07756994667474
0.092062744443414
0.47298918386498
0.47038966083882
0.50124711017727
0.4936183945164
0.55040326768393
0.56374982231866
0.48642530658259
0.50950464409663
0.52597561803271
0.5629944995418
0.46447581432797
0.59295262807804
0.57358632549966
0.56731491408484
0.5041685300944
0.39944793678983
0.39070305211957
0.64780640842523
0.6015407216057
0.63466474678201
0.66015038438046
0.61166840054021
0.61189883336638
0.58349101654667
0.58232954015722
0.59585181123267
0.62326367490971
0.5712189612997
0.6011699348775
0.55534528977497
0.57027134337235
0.48557516101817
0.5505416637174
0.57667600595546
0.57173102940101
0.56381964414749
0.74180498990033
0.68106121272715
0.73822743618002
0.83859008336814
0.84895258418607
0.72553108554012
0.74550614335951
0.68779167769124
0.73945590519879
0.79979344638363
0.68520760322844
0.65820667814722
0.61677164187345
0.79313863172309
0.77143054143283
0.80478032366301
0.84990674822663
0.81273799624074
0.85583151981595
0.9079343175057
0.84704584914448
0.92823689797692
0.84943257278926
0.89371185635842
0.84618912358429
0.75733318551308
0.6015256271041
0.69940619194561
0.68519849720472
0.60405300699263
0.77670175631699
0.78226260752624
0.73736481876415
0.74465917705886
0.73170800702809
0.76265637300069
0.65218790398867
0.69519002722501
0.70282696550652
0.80272649998308
0.81561243305206
0.84799842237675
0.086483541418259
0.15598919159979
0.19328957531568
0.21562112217173
0.29261570436069
0.34365881840151
0.3343465097464
0.30163295846097
0.229619730851
0.19851444455426
0.18445115442935
0.059566013797601
0.074718142817805
0.021601128947202
0.066473415378731
0.13105729221634
0.87498129143274
0.45010373553351
0.60490235480974
0.5605579072273
0.59477356716545
0.44725798799211
0.56408267933363
0.53752502794364
0.52352129333252
0.4787505837635
0.57528943357196
0.47410522328358
0.44641778810832
0.44641086861602
0.51703249465969
0.51551819740103
0.43616779935642
0.43273091910539
0.46683707083451
0.49014366968985
0.56143130783644
0.5121946256203
0.6395461054589
0.63294019866318
0.63041824251012
0.71934335271527
0.7038876663029
0.68084614891133
0.721381003316
0.68156818630802
0.72472245695989
0.78578269814073
0.78623482706677
0.81930110153741
0.77358355093483
0.82648965504869
0.85482421626113
0.8356450525302
0.88052454510538
0.75515103806242
0.74226169018219
0.77270600077874
0.79020846372744
0.84348615002613
0.73351962526434
0.68883796567981
0.75549385242628
0.65671324895603
0.80577520938645
0.7539654477629
0.7606968969592
0.73645299588964
0.73058076585786
0.72757515510537
0.84978624205149
0.78286161115825
0.8157362896632
0.84291467685364
0.40495590939291
0.35163010465216
0.38213849986183
0.43970308031679
0.40620111194989
0.40010452636247
0.39907412477202
0.41852253528751
0.36224063521705
0.43357601470424
0.38168564219244
0.41848017229624
0.42239363352121
0.36313093903317
0.086575496692592
0.18530376326194
0.25119992999766
0.3135980837093
0.24014510891096
0.35666469314639
0.33783881818223
0.26830532371582
0.20974959930783
0.20164923273156
0.14719326309544
0.35457375766166
0.37400350388379
0.35905901023107
0.45643919737693
0.42445985076991
0.41517325904565
0.41077163552481
0.43655450850358
0.34610503548391
0.24289024478473
0.58839145644269
0.4929406982698
0.49557064810929
0.4187288668028
0.58281414563615
0.62288474549298
0.61733926477889
0.61312669500091
0.53654311669633
0.60870206113044
0.56948975164364
0.63117829877254
0.62405572509437
0.65113273758944
0.57878158742084
0.54096981383526
0.47598859078821
0.52996642198665
0.56919035964899
0.63025762799237
0.64230296099155
0.68369633885711
0.64256405609183
0.71349275016708
0.68843767787989
0.73301391056525
0.73060302661462
0.66710317865543
0.75969565705
0.76245952353091
0.6652059002587
0.70552614143918
0.73510101972869
0.58888472635152
0.5875952849167
0.37068785846838
0.34295170880536
0.46802336790534
0.26182452581582
0.19024318288708
0.16757507045337
0.29309419360828
0.30095659674342
0.36055675628888
0.35693531196204
0.43639923784237
0.45576134267137
0.37784114568997
0.10067261652975
0.50992382757792
0.46429082485675
0.53572646957813
0.5328756900474
0.54887078904138
0.58272018481582
0.55863292032759
0.54002878885628
0.57440193959611
0.54277410411177
0.48894146262425
0.61683397881494
0.61526189293242
0.59345508162208
0.47180493697237
0.56396406861068
0.46467580997673
0.67928917555838
0.60799041535645
0.62354292950948
0.69317584597717
0.70022511600641
0.61677465930847
0.65028169604836
0.60890745992097
0.58238822070745
0.60532919970129
0.62069175157523
0.65553385213096
0.60708682164186
0.64680592083123
0.59106354630689
0.55849147981931
0.60358943324502
0.59317244834774
0.75748666597199
0.7205170272376
0.74853118602658
0.79903364917053
0.90440292045349
0.91600955746774
0.7249782430445
0.75650082512217
0.79634089587497
0.75437695912286
0.72584373011301
0.7504027822936
0.79276281972795
0.85423072733706
0.82895691976791
0.70491341199296
0.6511762285376
0.69809762608336
0.62947127019185
0.81906975228451
0.86275448391529
0.86737449951013
0.86456381977822
0.90321880282044
0.87737895371318
0.94402434357048
0.97545427706861
0.9139484601611
0.95907934132844
0.91317706586992
0.85144839520747
0.78149869459584
0.66697794682885
0.72621790765517
0.72059954557436
0.73263286674534
0.6811196597893
0.82972593983511
0.80736429681115
0.78859455224814
0.71970750034761
0.8142209217261
0.68743514063983
0.72581116647862
0.69027081776688
0.72178121635735
0.86509183266695
0.8845290429563
0.9112074116868
0.09428419117065
0.20602232342634
0.28991111242145
0.25939543395031
0.37584217892325
0.3591149632159
0.3808229322642
0.30052695870796
0.30669565244232
0.37240117308141
0.27349293142929
0.10435385282191
0.069778831693945
0.14815970600124
0.93871553477441
0.44581177462323
0.60900417702248
0.59395123620836
0.44961960623624
0.59943603767286
0.55570437196201
0.54313623410217
0.54017328370885
0.52146956577734
0.51153396799585
0.5132854274841
0.55202914025404
0.55492291502891
0.48348513425675
0.49294646593123
0.58705502789033
0.54212083262218
0.66519280872404
0.65848752408411
0.72981316050053
0.69708702115437
0.73962763492569
0.743861260948
0.72324517499201
0.75279457216889
0.83969788798765
0.83978803138465
0.84963115036385
0.82712845252775
0.89120227442428
0.92596030381338
0.86332377096117
0.91878702210926
0.80848284912044
0.78614605407487
0.81724538510885
0.84846832733589
0.88159750639133
0.85052588507663
0.75864798699605
0.7491789911436
0.8288333093921
0.70875032819731
0.83125686460376
0.81766048168761
0.78049983823346
0.77472036573682
0.75692590654649
0.86483759284268
0.88898799118199
0.84199117940715
0.86091939280008
0.8812586344652
0.39959717906948
0.4461026631663
0.48781560514613
0.41546944280811
0.46637920333051
0.40380342730229
0.37931293553696
0.46609579029044
0.40199371786564
0.45567141519359
0.44441050328554
0.47365953792649
0.37626261538804
0.39144119088743
0.1191561877414
0.27539279879857
0.30236778845216
0.37405172310496
0.24620288309776
0.38738250130781
0.34278092970126
0.30347064950271
0.19037197657208
0.15081486547082
0.15559885279401
0.44137337922103
0.42440559064269
0.46844693306789
0.40915098441088
0.42198186423089
0.48523742336363
0.38347958764532
0.35879202334615
0.64043207511406
0.59422816861085
0.53438948370437
0.58562809029305
0.44541125940026
0.66518222035198
0.64485034119362
0.64715290708386
0.65984184785054
0.65076624517478
0.6391538012879
0.60389551028547
0.53172969675318
0.65008537415062
0.5848555585161
0.62425141840041
0.66617915213287
0.70202481276879
0.63121296069601
0.49712802231479
0.55868573848644
0.61564718931941
0.54449009146823
0.65975451218434
0.69606638023506
0.74052460186398
0.69441156531663
0.76542055170462
0.73981374539386
0.78386661934905
0.78620650100829
0.77806883264937
0.75379517504834
0.78066786480692
0.79103975195559
0.71480944067358
0.63643015418842
0.57743834749927
0.63735443636215
0.47069360000907
0.39468200203641
0.51141025934068
0.34100562546882
0.1743212973535
0.21868661377629
0.33469925081078
0.32575130487217
0.39966022389217
0.37800842153093
0.38382257945005
0.50940492565377
0.4439387734019
0.50945349803462
0.55262982743663
0.52420202608765
0.51197211800551
0.54836679062666
0.57030312651259
0.63826613525103
0.59940327223317
0.59456744662934
0.56211649075155
0.60504988033308
0.59066120491457
0.56970603790273
0.65401714510133
0.68726347096741
0.64957033821324
0.64365233418572
0.55487626291113
0.61223599943752
0.52479334668663
0.7322382101729
0.71014231408749
0.65376076663821
0.66474446044473
0.69642616332861
0.71638020529262
0.67157778733601
0.68964517445233
0.6501517130103
0.63667407637111
0.63053518688035
0.65387703104387
0.66582639846253
0.64553249943997
0.61166099487133
0.6406212915957
0.62796644355739
0.81346455853236
0.74411609520634
0.81658049245655
0.83920625565293
0.9424270955469
0.95554494149947
0.7585257930243
0.80400772316314
0.82971457573284
0.74717541933084
0.80498598794874
0.80757050936635
0.8112672658122
0.86062881428712
0.92325497494022
0.89199987966396
0.73836079169805
0.67966654127969
0.70397004114579
0.65571627535355
0.87336992110967
0.90497226383258
0.9436398029713
0.90678576529402
0.94260981615949
0.93482568373772
1.0031043286617
0.9685715726476
0.95421783966729
0.9521139089337
0.95333682429397
0.9180866376058
0.85651408610334
0.87324289745313
0.78981776410981
0.80770147321383
0.75229669567801
0.77118760926123
0.89983562442008
0.9050942940156
0.8240143405798
0.80486385835313
0.75722626275959
0.84881433234416
0.83024396592187
0.73434690540213
0.70929801885946
0.80839061209373
0.7470243731954
0.73011294880103
0.75580558016546
0.92654613510016
0.93731598081126
0.088188567694079
0.21378952093379
0.28859863725675
0.32590399627966
0.31785339760021
0.32122456518198
0.4678193188479
0.46394226535115
0.4881506174655
0.37667566711711
0.36862394920392
0.4382410088805
0.32812933957816
0.1776225385398
1.0084285872946
0.49569003058339
0.66271301225271
0.64073579910289
0.47473356259172
0.65502615939827
0.5709147126328
0.57740390199108
0.56816199178141
0.53747453772734
0.58410194460427
0.59345048726334
0.5268647495232
0.53613380121833
0.57296283729177
0.63443122834899
0.55881909960162
0.71218230547504
0.759279146803
0.71870984463186
0.72631957773377
0.79333138279577
0.79861057619598
0.75351703139151
0.80105394467351
0.86805068502705
0.85676233695288
0.89640752478632
0.93260327620672
0.93788585508843
0.9387613486732
0.90370293717087
0.97718676337673
0.8322232843728
0.83400149724819
0.84378813994336
0.92565063492568
0.91700796261009
0.85607768542207
0.80451642050075
0.80805423509115
0.86290469285925
0.75754117788811
0.83896693704243
0.8621812411611
0.82526578786806
0.81907396043838
0.93907052701111
0.8842762283242
0.9335356083509
0.94427938165282
0.46820088332611
0.50649875949854
0.45127637244014
0.50715282449387
0.4553662190815
0.45060717129031
0.52342518216734
0.45163927811387
0.50765898012554
0.49159069614528
0.43746063684831
0.43048046568294
0.26545765285337
0.263364130951
0.39120173643721
0.27773269331204
0.4498430295599
0.42820746392108
0.31111649042528
0.19531713556851
0.16269251818628
0.16594710502158
0.46428740546324
0.46106301221859
0.44370439340368
0.46316461084185
0.46197834623062
0.67952785385082
0.61354532477477
0.5115684544056
0.64309729560224
0.6830471709446
0.71098731000302
0.73068548713937
0.71429916625786
0.73731236649291
0.60177139155641
0.69332538113363
0.63948338829841
0.70745016725945
0.68679686317505
0.7266555613765
0.66208614173674
0.4990284126547
0.59339565857013
0.67675290733021
0.64107227810209
0.57004592885502
0.69989227518919
0.68323522004675
0.73340374741321
0.70344360171046
0.81215691037271
0.77043124624747
0.78888372521144
0.86343840592556
0.82026639371599
0.81182602334668
0.822595448906
0.85320349707012
0.82246335440757
0.76018491804263
0.61384005509272
0.66698909189884
0.64616896796481
0.50544398467297
0.48768536508561
0.56506343209073
0.54721658393365
0.36496322951805
0.30988875606668
0.34976167021834
0.39088507330753
0.43681338198321
0.46791116806202
0.54651376263281
0.50856611288157
0.53977587118877
0.56826715565348
0.59101746852395
0.56089085046355
0.6210045151673
0.65332049356879
0.66940843436393
0.61938268897073
0.64706589267624
0.64158983813261
0.64049447758574
0.74103406310189
0.73208493170929
0.78023663735034
0.74821184729893
0.57828014463387
0.66668818492238
0.57265332791278
0.75293831647202
0.72143979046375
0.68022241362774
0.66557977790197
0.67652718361192
0.73361839152693
0.69538149027493
0.71036139944675
0.64990727154419
0.71366625937094
0.68355613636254
0.6472182537619
0.66237657678327
0.66931114613454
0.6397604585754
0.62285022476929
0.8208379838998
0.75092753294895
0.79109977230879
0.80441225506696
0.90428519987078
0.9688714188403
1.0172024349074
1.0172901239962
0.79799021802577
0.84508918521359
0.86398596651929
0.78746463813919
0.8151196500073
0.83249029167591
0.87375814968331
0.91265267198972
0.94055821373189
0.92391329748253
0.76226250391989
0.72866363730453
0.71216013822639
0.92435325231661
0.94419792488398
0.94975052262793
0.99733733484721
0.99746189375512
1.0598752977376
1.0095881845284
1.0044979156013
0.99230299184373
0.99468925950694
0.955251365821
0.91777500186692
0.94458608341627
0.86756570699089
0.78289336455243
0.84125512306398
0.9562783588308
0.95646317204929
0.92385704717245
0.85148916045867
0.84635213570834
0.80689229215325
0.83520963291757
0.76527325136107
0.8980593655674
0.90814772088372
0.76182646390791
0.7222820971017
0.74852155591138
0.69000026337371
0.81022249284427
0.82447018614878
0.73966454093735
0.79797795703125
0.72466684844809
0.98026354130154
0.98198203412908
0.28996665159748
0.37025131515404
0.36026198250443
0.36440819660748
0.50912414550671
0.48285051077034
0.50512437131485
0.46033112182961
0.44893775315942
0.49332583075753
0.36415203961244
0.45210182991505
0.39332280409032
0.21915917147703
1.0104033872221
0.51223437054779
0.48069660932201
0.66654136047259
0.60432718167739
0.5668163194358
0.58895747638863
0.63356413960342
0.57468162307931
0.51514669415051
0.57313068361023
0.61392551640474
0.5926538249262
0.5480959805712
0.7998621165428
0.74965961185528
0.79837058056132
0.81793788378089
0.80697091522496
0.90835388293262
0.8443131874615
0.8997106852861
1.0021082546716
1.0224208063301
0.93377547463881
0.99036964974197
0.85699327872212
0.89227607013884
0.9611495539955
0.88953299788272
0.88544270355491
0.94030546495128
0.883401206391
0.86731088561494
0.91666684965504
0.84582390824354
0.864537414796
0.95724406028458
0.95532123373193
0.95061350239708
0.98411080601362
1.0085611232621
0.50420943667833
0.45871345889281
0.47198312620041
0.53169205921147
0.51883610161812
0.45872388254552
0.48427811880325
0.52549708405944
0.45977626701825
0.35522291414485
0.42601394588882
0.31759780137008
0.43993105672891
0.28089238463702
0.35059869030494
0.20655437131479
0.51614030073061
0.55185695354254
0.64428191318561
0.73296897623862
0.63556171096156
0.56918898648848
0.72726485704821
0.71654812307432
0.72833821730873
0.74883038471939
0.75497778932375
0.77738631866612
0.77115133258112
0.62686535183375
0.75303386576344
0.66255423399654
0.67603740766633
0.74436272566986
0.74459555554709
0.76789743708575
0.51763989377205
0.5873902186335
0.64647472093442
0.71742473161387
0.61153761748339
0.69941060109128
0.58664145542363
0.74139933639805
0.72838479019106
0.76199712863327
0.74454181401859
0.83618885405736
0.84606374949953
0.8267769708226
0.81701224135695
0.90001251896929
0.86904230296594
0.84261745663411
0.91897736414598
0.8863226319452
0.78598106115364
0.69999568026095
0.66212453582696
0.5628150067646
0.51388420186782
0.65315685822839
0.64123729206292
0.57563453632475
0.39560190228401
0.31901717872521
0.45397028203367
0.49383746882395
0.48479088790208
0.48983433350296
0.56906259539197
0.52861884621957
0.61614833117966
0.6408948015351
0.62371324639594
0.72643349064715
0.69782028598144
0.68840319865334
0.6660892292192
0.79214786405734
0.82848065866654
0.79790101636052
0.81308266311888
0.73925064336412
0.64297862232276
0.713841315228
0.63752310177948
0.7916382856792
0.71948194662378
0.76342206315591
0.70910597105629
0.70072332318565
0.6964916806649
0.76826028176305
0.74715829040818
0.76029650673058
0.69419571787346
0.73772399462628
0.69117005576358
0.68083336692408
0.64793410555952
0.69858274760213
0.69839673206348
0.68995594056819
0.6486548086455
0.84104866184536
0.78466656456925
0.80484329578634
0.82141709390965
0.9396251855168
1.0338105693727
1.0677003083592
1.0655829442166
0.80763972638786
0.83952212255238
0.88540491850516
0.85507225393905
0.9049348955705
0.82346133175818
0.87369999292499
0.83406702076394
0.88742232059231
0.94133221825559
0.99084773047257
0.95168950341254
0.9521477870795
0.76919972798962
0.79481938906399
0.73932124244283
0.95097118869619
1.000383226142
1.0056113185878
1.024195728209
1.0476202405845
1.0702413726961
1.0726986595298
1.0545013613933
1.0436846414438
1.0738710036342
1.0042179873982
0.9623915147455
0.91372552934592
0.99121824205091
0.85847598599037
0.83098090538902
0.89394537036703
0.99336354503581
0.9797979530669
0.94064318955103
0.81720530586478
0.90276853085003
0.92226879951253
0.83674586002504
0.85916832851446
0.90078501451052
0.93571000807886
0.77744999764352
0.76432250203546
0.76152736146908
0.74003252526865
0.85061538303751
0.86535462754536
0.73291622275267
0.71744360933325
0.79905759578593
0.75286821584683
0.99695143031306
1.0838593070087
0.31847563611098
0.4626507584511
0.47358301463801
0.54345089819799
0.5414232462851
0.53662895976536
0.51601965077159
0.51207727556771
0.50111379923809
0.51027305170906
0.49150664519184
0.50975540003637
0.5386058749091
0.47468241659003
0.50743525405015
0.47377558800783
1.0734976056736
0.54479649414648
0.51883451638884
0.69349604060967
0.69031419403422
0.62581793248482
0.60984190683592
0.61633208098438
0.67093077948984
0.59111209386599
0.55529063696777
0.61589651901119
0.6439753504493
0.61696957757314
0.61400908715868
0.5586696960779
0.82454552048988
0.76622010585219
0.823572540962
0.83771713137193
0.91047239374031
0.92367727038028
0.86925014921828
0.91317810221854
1.0192766407061
0.9804103516735
1.0386667064714
0.95891779159784
1.0290166167843
0.88945145028147
0.93698942369968
1.0030551182401
0.94818690312097
1.0075877672521
0.92419436183641
0.91192986981871
0.97161341906497
0.87740131250943
0.90734343953692
0.8835373569096
0.99481080645935
0.98668087911447
1.0198540208755
0.97321906839872
0.97009063052275
1.0167954902099
0.5399176871197
0.48548926915004
0.51822578756427
0.59287999618446
0.547029635681
0.54541258104392
0.59694509501639
0.54546798130189
0.52954293328988
0.5246180188486
0.50832441450319
0.49105888563713
0.33122603896699
0.3205980289994
0.38076990680796
0.55071315987454
0.53140373308082
0.59675192250107
0.69329077654537
0.75647235650121
0.70967286758209
0.64877050405171
0.59165379665305
0.79446138144271
0.76881887528231
0.7716087317785
0.81253126524913
0.80233013954562
0.83764803659042
0.68658899866822
0.77296665333286
0.70364771366327
0.78349911082824
0.77791371627939
0.7842356282237
0.633191949621
0.68292538150647
0.73201774330149
0.76582881782991
0.60546380574412
0.65311446714875
0.74894337672362
0.68781500869009
0.61817638348224
0.77380454009348
0.75829633644745
0.8174988728139
0.74621192597765
0.89037032675936
0.84366241283062
0.89883707385715
0.84777824712747
0.95771183525458
0.94507789982608
0.90458619126748
0.90624175378926
0.84952390995693
0.98177113105174
0.916420592278
0.93544793140657
0.83735803745059
0.75043206504039
0.69480822152288
0.69779974569971
0.62528373094804
0.54048563772954
0.70334938045925
0.6719652595343
0.66301562339344
0.67327196619436
0.63396604444259
0.35860207635482
0.4670018750126
0.51061881450103
0.49732969684415
0.5483001452092
0.5348694023277
0.62246644191087
0.58207239224108
0.65607431125272
0.64763874241403
0.68046644131587
0.73529876546556
0.70686053597501
0.84472173945021
0.81962490008474
0.87407448458161
0.83214047749505
0.86595252748039
0.7956008575541
0.78484841156982
0.7265046304101
0.72265974798545
0.78307581749898
0.69326213620159
0.78651632648675
0.76643721961819
0.77790053291869
0.75294026700049
0.74725320530782
0.73245884029522
0.77185161736924
0.78658954617134
0.79434999838847
0.74333828411395
0.70211194886543
0.69395730123289
0.68759085981743
0.73302609522618
0.71268426978695
0.70101524748604
0.64331338125501
0.87545154442148
0.80076299039139
0.85257394842111
0.97856900870937
1.0729405504709
1.0981950055511
1.0988717904585
0.84266926192009
0.80717313452547
0.8515957052578
0.88046506614017
0.92402693756219
0.87628557614943
0.9122229972938
0.8632054375356
0.92137403593283
0.87796561198452
0.94695432838344
0.88994283376982
0.93773886549671
0.98707505552176
1.0221956738225
0.99819079403801
1.0077834326439
0.81196742366633
0.8231362813895
1.0005442050881
1.0323481553804
1.0138333368354
1.0807452057041
1.0720131681749
1.1320379857258
1.1167799169599
1.0917282828153
1.0560773640068
1.0779517738819
1.0829476001917
1.0355732370093
1.0009032969324
0.9421761919328
0.90416260717025
0.86977131189786
0.89559712693834
0.94008426804534
1.085737509937
0.95611003512086
1.0578722389709
1.0157515437807
0.85117917948631
0.92891338941898
0.89706697455335
0.90801356097184
0.93641799210868
0.91991997918437
0.90757067626457
0.84605658705954
0.82168756490723
0.8451138929667
0.77725060117844
0.76692321887889
0.80668839690771
0.81313710521429
0.7944253370812
1.0686967667787
1.0863646010829
0.35401201624502
0.5072233547254
0.66107790808241
0.53948492423132
0.61103413593105
0.59956773291878
0.58816464045513
0.55410882332577
0.52031079131034
0.54782654158487
0.47475278678474
0.57016262967431
0.54653565163849
0.51452728120288
1.0721372778825
1.0693541846391
0.54986899453407
0.51337875537452
0.6887789789077
0.73953937463597
0.73259300612344
0.63512778975104
0.59997089385152
0.65051164498779
0.71880815701806
0.62250597810261
0.66385379633113
0.64893598809425
0.6059896339969
0.66279460042643
0.64462505075558
0.56878924603385
0.83171977355805
0.80965369517785
0.85381483883403
0.88242038287828
0.95376554741986
0.92271512564001
0.92897731464071
0.9462773849056
1.0570029617557
1.0182318720983
1.0480853940517
1.0984898806065
1.0087346333639
1.0502106253541
0.90428014695261
1.0103999479112
1.0139035694287
0.98935259323701
0.93690396635287
0.93239093472686
0.93736197356531
0.95161098471451
0.92693149193416
0.84752979289083
1.0157473464153
0.995354097035
0.98442534108797
1.0128546725251
1.0772396437874
0.55528534559713
0.63659383167012
0.6128387148935
0.57872214916384
0.57570938489856
0.61834082602608
0.60949575943205
0.58817672233931
0.54331669508541
0.51949303416887
0.54325865809458
0.36170913154008
0.45525466541283
0.65107244952751
0.66995858822177
0.70843772703016
0.78378877233603
0.80280245881624
0.78281039094689
0.6999623127921
0.66731284442129
0.81099618395137
0.85147614620099
0.83595442691443
0.83951820280555
0.87261098749055
0.86170020358288
0.73997500575615
0.81621919266884
0.71052890597639
0.83078603714695
0.77966964330061
0.82212395071285
0.83015455779379
0.67358151660884
0.70656188141878
0.78079310970917
0.80008727062871
0.65222169678661
0.65959631706848
0.7744070778912
0.72054170500136
0.60449589066868
0.82358404051778
0.7854407502555
0.80088642496499
0.75803722024489
0.92722703390093
0.90365411339536
0.93158695645737
0.90607772761754
1.0032329858501
0.97128878543582
0.91115252188275
0.97406298858912
0.94608963142899
0.87519236862541
0.75367652527094
0.76982860672636
0.7262016677138
0.68892811699754
0.65606975166241
0.61842670880033
0.73645327441005
0.73280787753801
0.71855518515703
0.65935665994688
0.46263681721186
0.51131292359548
0.58227150967053
0.55757747161337
0.62655307269153
0.68739764771622
0.66976698496247
0.72531994535822
0.77829509514426
0.760802630347
0.89348678236833
0.85233658354646
0.81663241729382
0.91612179700139
0.82922443421825
0.92340913979521
0.95647689082973
0.81778393046813
0.75727014421769
0.78705245021919
0.72835342970294
0.8173989597616
0.79530930637199
0.79924120713272
0.78654343956506
0.76210401688368
0.77961295592786
0.76844851388753
0.78898405226068
0.81880572352017
0.77247007563125
0.73661106215826
0.72271691850907
0.76434858301693
0.7451428890635
0.7261651080836
0.7182156386243
0.68700684479441
0.88269298789096
0.82408755948356
1.0060600900538
1.1075259328404
0.86724612497049
0.84202048971892
0.8823994895858
0.91390665145084
0.9457378315152
0.88105798567746
0.92006385670561
0.94217388040563
0.86423560462149
0.98043231559593
0.92598041112985
0.96171440616181
1.0150484745347
1.0217386531406
0.98614549811952
1.0233990562752
1.02076265225
0.82823500453206
0.83834075276607
1.0353614655548
1.0667914930111
1.0617266532352
1.0632278217972
1.123456299311
1.1160342128756
1.1712425741964
1.1268939546858
1.1351463565725
1.0941199459882
1.060535118613
1.1302908174955
1.1074595544811
1.1278975417399
1.0428360948305
1.0544175006043
1.0105247006631
0.95760932352366
0.94614577336702
0.90614186938094
0.97886659066349
1.096604678012
1.1017497680422
1.0156542111141
1.0723317642092
1.0249658292427
0.84806083502791
0.96740980016464
0.88792457226546
0.95422807362901
0.92053876494451
0.99898787803287
0.94624817466906
0.94066905958811
0.82921007829839
0.88091146911502
0.81142526922615
0.77391762843611
0.75990068812359
0.81808450309551
0.84093481713386
0.80519309802888
1.058044249398
1.1503477233191
0.6780646511805
0.70698956116301
0.70503766379555
0.64875341336136
0.64402865579447
0.59711298554191
0.56372801894716
0.62334217408434
0.64380027553346
0.65073962388908
0.63974615346955
1.0721674238771
1.1420283992235
0.55917626418828
0.72196209963415
0.74492264920407
0.61298694321615
0.69940440141734
0.73634291180865
0.74191880710172
0.71217878483018
0.64222313901506
0.69718070944597
0.61537170527486
0.67808056460992
0.63634812101625
0.87215250294838
0.83872501977229
0.8845616533407
0.89038524579886
0.90407579820656
0.95443274950606
0.9322849431293
0.93623822249743
0.98535436737801
1.0006618920719
1.0863361664283
1.0919749736212
1.0415408349168
1.1086635830792
1.1323240896411
1.0297651449138
1.097821705203
1.0632652292468
1.0768321711892
1.0372124739691
1.0048166751177
0.97680696958263
0.95479892781916
0.96121664139881
0.95396414760037
0.92351462635801
0.87741156422291
1.0559219724156
1.0306954828253
1.0375938813774
0.98404125183426
1.0346347663446
1.0530640522464
1.1238558114718
0.5707365835585
0.66693662780586
0.66252129433489
0.64212436919563
0.65059512357452
0.6351117943997
0.54488274770115
0.58375170393805
0.46487104471958
0.52003611744865
0.72311575657236
0.77251463310724
0.70100216282058
0.82955370770237
0.85450290980869
0.83797384052054
0.76281741870807
0.71449291293349
0.89191812906114
0.92536936138227
0.9131812603613
0.88541183357208
0.92216237278068
0.88325417163553
0.78076208388219
0.86324805499191
0.87693350576381
0.8179509576901
0.86435746404821
0.8647000139341
0.74523731459059
0.7875247876387
0.79345467113883
0.80571319019625
0.83239464241127
0.69802750538366
0.6409584206467
0.69893863695896
0.82532346504989
0.76139641292969
0.746108438814
0.8613866403041
0.84206514419602
0.77009591686799
0.79917574338196
0.85102222659358
0.9803885133257
0.96301167648347
0.90882564671059
0.94285768759457
0.92325088910512
1.060638927239
1.025459066783
0.92938621679269
1.0562634275536
0.93184502830666
1.0132850675248
0.89929364127307
0.78851409523393
0.80106332650211
0.74822071707205
0.72877477528203
0.73907320475659
0.65492959340337
0.78063821200104
0.79277636053845
0.75440526324809
0.69943856815432
0.77731623528723
0.66447950769494
0.64338013083616
0.6420484871466
0.75154967834693
0.71215749987052
0.77237618166724
0.80791455960791
0.96190012410263
0.89557335593094
0.88312273248887
0.99085872411207
0.9044673729653
0.96676105345187
0.99126036456361
0.79834369505208
0.90349174318998
0.8255882902521
0.78239511438869
0.84584407901115
0.81808067220019
0.8391292203826
0.79611005140359
0.78543987934531
0.7988655054533
0.82250294565137
0.8543670988358
0.77898529962458
0.74193725156622
0.7758191925255
0.79340813918346
0.75568855623266
0.74305605755758
0.75139878390038
0.87443453690648
1.0186706872739
1.161279194155
0.86679221386633
0.89551332268445
0.90687558557312
0.94326787443308
0.88987175674931
0.93477348138462
0.92866972015207
0.95422095966148
0.87585943474128
0.97407303865437
1.0127335349403
0.99161824569185
0.95883884436744
1.0141600325171
1.0297847858643
1.0098890751391
1.0106032464339
1.0547455202402
1.0253879811347
1.05298607353
0.84338911968509
1.0986219700298
1.1030909557448
1.07003330403
1.133121049524
1.1284050053375
1.1692671218209
1.1692153202028
1.1805261027757
1.1516804094717
1.1226131366962
1.0937655096278
1.0962950244304
1.173806238205
1.1441856119506
1.0635559527218
1.1581526218221
1.0405625472175
1.0488582704238
1.0084817407928
0.99359100371095
0.96286501283425
0.96750581297598
0.97152058746743
0.93036869604501
1.0034687828243
1.0267245220603
1.1545862207376
1.1071835908229
1.0990746017671
1.0912211022082
1.0371598672009
0.99637508838503
0.98304010239722
0.89934169624156
0.91087090685735
0.95885588018213
0.91828083323692
1.0134910242821
0.94259895145964
0.9922478310834
0.92941589196043
0.87470956150176
0.8863601907482
0.81316958956577
0.78373760296309
0.79047846298884
0.81312487053833
0.85800450597857
0.86237491766501
0.81582416279617
0.83199309616534
1.0828816522216
1.1775989587887
0.74715687302812
0.74032678689041
0.73955203006606
0.776951631571
0.74068678098992
0.69210210165315
0.72627653799124
0.627652049082
0.5479138298179
0.6653567034745
0.66209502994238
0.67405170241587
0.69320306041979
1.1185597980271
1.1355330071332
0.74933774787076
0.78424885543446
0.72513770084348
0.69820817484749
0.77329083363052
0.77773025625296
0.7389146787751
0.67604755225397
0.71622835687055
0.66858529191017
0.88200478383374
0.86469267329703
0.89734884777052
0.90538302535694
0.93024427781475
0.95520645735816
0.97895419223971
0.94801397655206
0.97708078976958
0.99916759130391
1.1161431573317
1.1377441578092
1.0393828896602
1.090877849065
1.1196110882618
1.1648224060814
1.0599939997096
1.1214944461698
1.0554027726732
1.1190779752897
1.0184859934995
0.96771012319886
1.0166527248296
0.96587841893262
0.9240961186422
0.92997707976363
0.88220201369056
1.0921683105882
1.0548182970061
1.0581027799904
1.0204688096882
1.0373619673191
1.0603372772124
0.99651108741123
1.0861738244947
1.1260376113708
0.72560939640667
0.71835166084523
0.70943681740567
0.65326449967804
0.64491815024094
0.75240073369919
0.82242799711936
0.76838071550154
0.87410023498061
0.86509901129269
0.87505158009114
0.82974548535734
0.87196429891667
0.76995400679223
0.99149722336028
0.92543901637853
0.96748476643866
0.90011608285567
0.94884389074122
0.85151084541832
0.87171395491151
0.89211990059624
0.90596011321348
0.85455471556129
0.82319720041527
0.88814781930723
0.88736197636668
0.82043748044903
0.80789562841653
0.8061896116959
0.83179935429335
0.75028679344718
0.70549966219958
0.8049041109124
0.86244683983299
0.73504286392914
0.79926784055753
0.86695667226188
0.83634747241924
0.86869126602207
0.87461598150383
1.035643741476
1.0079776484026
0.94211192852808
0.9208995761073
0.9636258253175
0.9426860131201
1.0572633132534
1.0568670519968
0.95070869602893
1.0554350586127
1.0637157441214
0.98660634596736
0.78528858121865
0.81120682059749
0.83135115293321
0.72795918418865
0.83596549463108
0.79302962011818
0.80279338453237
0.83969677113762
0.7561329170082
0.81023716553905
0.70944224151106
0.75414546813342
0.79623985424213
0.72570626553105
0.69920478224598
0.70344969593634
0.78876272898365
0.75566510634251
0.79540650546622
0.7982956173116
0.86332135326781
0.81746125567855
0.97801783999777
0.90503219762812
0.92048723036589
0.95376756171198
0.89589823422254
0.94656128410261
0.97686948704941
0.99461479160694
0.8649241495918
0.91833499521028
0.82617427897423
0.84968851673122
0.84763242711993
0.86200022052252
0.83122295229108
0.82706441415985
0.83441234790578
0.85612186831527
0.88653964936658
0.8118436435349
0.82400512242877
0.80057760350198
0.77970401043401
0.7871373103372
0.9032539105735
1.065527315816
1.0072508597315
1.1764345639895
0.88176458673312
0.88940982308086
0.93623944861382
0.98364891433453
0.9166731536154
0.94972715363778
0.96062774554272
0.98078384411896
0.90559789857163
1.0485692870156
0.99950281493925
1.0013959347841
0.97806808773448
0.94626184382414
1.0307482704755
1.0650442619778
1.0240606748723
1.0284644214149
1.0000924336162
1.1000374646338
1.0836801580524
1.0993234410345
0.88556228193797
1.1268242486889
1.1024158845648
1.1332095032484
1.16292471769
1.2125593277953
1.1593446777641
1.2071881245074
1.1701704529062
1.1264814387705
1.1287559768367
1.0972544790978
1.2104604336054
1.1411901804387
1.1189514196937
1.1836819383582
1.1418948374342
1.0614410514225
1.0414758879997
1.0668335128794
1.0190043243925
0.99188298716632
0.95734650197521
1.0095668773296
0.98978781394898
1.0045518428001
1.0518552566741
1.0672442628803
1.1903617085496
1.1525340336787
1.1079453463706
1.1769944095063
1.157033732424
1.0921704471451
1.0277945273925
1.02194597011
0.90691921813579
0.91777538811645
0.9893835555169
0.97311026186588
0.95202382947416
1.0564963912942
0.9719803508679
0.99936796591214
0.90866084720555
0.85806618499292
0.81476764981307
0.79560156532012
0.81231225675527
0.8575853739286
0.88025478242736
0.87917583049392
0.85657114996665
0.86002215764727
1.1015579248025
1.2133304545602
0.74896647684404
0.7829803936936
0.77606725418036
0.82634812462703
0.74375486138565
0.83497874889389
0.82286749147101
0.71089877126315
0.62712253036699
0.72023669313212
0.74377304271039
0.7235611249295
0.73521225632639
1.146415949737
1.1833173320068
0.78771651274676
0.73928236284632
0.80832388286764
0.77538374059676
0.81244459419768
0.71507569223036
0.78778095067465
0.77441605352338
0.87921239760003
0.93673663032745
0.96858075722201
0.97209090497497
0.99637128892228
0.9830041899511
1.0019642332417
1.1608100365334
1.1665468313474
1.05843288793
1.0231212140825
1.0950462473519
1.1130109315328
1.1539207143501
1.1447811741212
1.1002415354949
1.1264495856919
1.1238265242536
1.0382841061251
1.007787364008
1.0245588835176
0.93842744983898
0.99994302226508
0.9341817651548
0.95000788250205
1.0942777066329
1.118363608642
1.0454942770964
1.0979906415754
1.0397096429428
1.0926807334156
1.0552626679239
1.069419266377
0.99514818994208
1.0153809659805
1.1198535994013
1.1856661796886
0.73473375395619
0.75787038585321
0.76730599924155
0.71677136036725
0.64457653379597
0.82816726506602
0.82436572181341
0.86301620142537
0.91037753997823
0.89930910189142
0.9437610862934
0.87612082118238
0.94725257789163
0.8461567082956
0.99257457396701
1.0014260621031
1.0099481064172
0.96577711936286
0.89676989610055
0.90798502873464
0.91829573655329
0.91380223408583
0.87943657527065
0.85444865008258
0.91492340882377
0.92309597591285
0.88693099699077
0.84808920118726
0.84238645354396
0.84879829327915
0.87661985592884
0.77129954995696
0.74319637333421
0.8328530723981
0.9087741501419
0.76112565469881
0.82580584813576
0.88091779805993
0.85170178339804
0.90010306106403
0.90640465358398
1.0210377739002
0.96496356780453
0.95395729849463
0.99893212478112
0.97764118805443
1.1279832082815
1.1045877603885
0.98349467398504
1.1051090148465
1.1269118114274
1.0872567173499
1.0052707975561
0.85168075451363
0.86067814572685
0.84197736741361
0.81742579257821
0.84983082088024
0.88516649757822
0.82459778198129
0.8666820502633
0.89472428972641
0.83647195719516
0.80725493097054
0.87063032164013
0.73194004125288
0.78208281894141
0.80940538145723
0.86460201858081
0.75100018306942
0.84264161377522
0.83011705921766
0.8969400438023
0.87124116969221
0.92964653157667
0.97245249421758
0.97020840836131
0.91869465838392
0.93828365633247
1.0348579601404
1.0383098222265
0.92565569089071
0.88197856466771
0.85873687663682
0.87034703733661
0.83781011928232
0.85911781589057
0.91552275532213
0.85607476097855
0.81925586664131
0.81076612280244
0.80716914615505
1.0748076868438
1.0249096120176
1.2199245189541
1.166050434371
0.90821217627066
0.92451471465785
0.97145778277336
1.0009163232611
0.93032460820563
0.92746519386581
0.97587418810328
0.97805110046527
0.94928442979946
0.89019231107578
1.0101053777779
1.0138876280234
1.0245830652307
0.98738828211988
0.96920007995812
1.0549496525716
1.0798442202004
1.057408938491
1.0212615473334
1.0535075701756
1.0155353168074
1.100730792104
1.0952622104795
1.0731335530018
1.1235512662218
1.0981000145625
1.1311859910148
1.1371218101259
1.1462459736751
1.2186357648056
1.2208849257492
1.1923364226007
1.2303608351489
1.1831758101031
1.1356808873911
1.1220154926072
1.1048189732544
1.1137543501793
1.2274300391237
1.1430843256272
1.098494428064
1.1091982094846
1.2001387759505
1.1981136968858
1.1370520628744
1.0484846976206
1.0706589552544
1.0563855925742
1.0088469695537
0.99246157686435
0.97579025581807
1.0563453828374
1.0288568498596
1.0402521842031
1.0834249531855
1.0799110334473
1.1096993704279
1.2112224354023
1.201498338962
1.162426797902
1.1475624534219
1.1742858608765
1.1466244263523
1.0783915088313
1.1056166628715
1.1279852614047
1.0601029073386
1.020915354964
1.0613677431133
1.0188962544531
0.94966556245338
0.94501318850165
0.90388393293513
0.97566561118889
1.013312002633
1.0113187954342
0.94795101936436
0.96717575250276
1.0759653554937
0.97090460702326
0.98085574558243
1.0168518897772
0.90165085724012
0.82388835127773
0.86441621227894
0.86696697032739
0.89654744912601
0.87286122742902
1.1313338545082
1.1861097197247
0.77917339649348
0.74695986336349
0.8515645880925
0.84044801836503
0.89500730956043
0.86555333654908
0.84699742561937
0.88928025254319
0.83088277072503
0.87288309806289
0.77035739142328
0.65315788992441
0.77912294935956
0.74249792046733
0.80841991032576
0.77176317560629
1.1886786762152
1.2201469736509
0.80415592968323
0.78332537569764
0.83140622871373
0.82947745398873
0.78500517220207
0.80974937292079
0.77408898789787
0.90586505823188
0.94312363787293
1.0076964232538
0.98252707804264
1.1834498594799
1.1575980335577
1.2084456806635
1.0768790167319
1.0651779769338
1.1176960570232
1.1100877235677
1.1104283211393
1.1510708178385
1.2266921672556
1.1824540348421
1.1628851354771
1.183390820357
1.0728347460657
1.0228410568284
1.0573339926218
1.0684854118593
0.96465341750277
1.0060955551301
0.95930844670917
0.96517604883345
0.92778867289105
1.1318846845408
1.1387573986571
1.0674367449293
1.0364498308343
1.0953167068455
1.0542084272118
1.0322920563288
1.0769674378232
1.0727357180849
1.047862584271
1.1159898432263
0.9955945006379
1.0145982362738
1.0158629860183
1.1529806555749
0.77408406813862
0.81695123344778
0.81435757005097
0.7157559205663
0.89808725561204
0.86363956883543
0.90617133359782
0.8961087753887
0.96263221877738
0.96382416932377
0.98455653387838
0.9310635948904
1.0015535331413
0.86740294547345
1.0741210229434
1.069085874193
0.93648313748996
0.93858505565286
0.9620415530592
0.96883191223889
0.90351447960506
0.89063370091464
0.9435656367444
0.94817476247464
0.92599924143504
0.8858400027822
0.85733358845492
0.83834891172383
0.87980844429815
0.81859785402467
0.76031340547214
0.88723769447828
0.94184122069104
0.80065271649289
0.9143630911004
0.85534247784392
0.88955578536111
0.92656688847018
0.9180258404354
1.0538318609418
1.0853592772499
0.99483704338857
0.98538405666773
1.0157476487568
1.1573090942284
1.121524858307
1.0649364724933
1.1533927499113
1.1613039186078
0.88252601478624
0.89647189518738
0.87455695792927
0.84860467205571
0.91466399223062
0.94608173073912
0.87545689174283
0.93753989648507
0.89293114248196
0.87434951351548
0.81148426560823
0.89810475615551
0.74915027075205
0.8601451527986
0.87099238679787
0.893560866248
0.82877457960685
0.87678499943901
0.84539827751766
0.83940813844354
0.87184508734766
0.94369209725451
0.89721783971362
0.8882526144098
0.99400698424413
1.0175562926328
1.0473435454543
0.97002349374349
0.99820585854611
1.0809325777195
1.0955926247567
0.99931044121595
0.94937765669909
0.89371224713882
0.90202372088053
0.87805388753018
0.87133894205853
0.88409875604152
0.83181967482056
0.83242006776776
0.80431986485142
1.0725559162154
1.0532694729454
1.240696199518
1.1931821825215
0.93333137017239
0.93533618499833
0.98710707327118
0.93333164395111
1.0015844087373
0.96935108243948
1.0014957882376
0.97074671468075
1.0378084956923
1.037176660069
1.0062813688471
1.0141798556964
1.0430653274327
0.97491092687677
0.95877606388927
1.1025894098969
1.0671996596159
1.0670367949741
1.0616516221103
1.0132518962509
1.0450482069912
1.0332149632515
1.0988149716227
1.1297377167462
1.0901125488348
1.1429660534755
1.0955630698635
1.1290618999404
1.1595706020547
1.1786933516892
1.2164455320083
1.2297593724966
1.2068765643358
1.1905587991436
1.2140072782001
1.1904827246999
1.1450902064634
1.1292328534832
1.1095462714082
1.1487200032812
1.1125132383645
1.0955120643082
1.1364599850818
1.2471294060819
1.1898800954505
1.1873011926313
1.148930449472
1.0443470660576
1.0536614668483
1.0939819363186
1.0236438567679
1.0018788107903
1.0927702666747
1.0873220143597
1.0558696828991
1.1031907012401
1.1898733311282
1.1758000520418
1.1494829707122
1.1559932926134
1.147984036858
1.0985442560044
1.1623634930456
1.1559722500521
1.0824302342677
1.065466194237
1.0176331580977
1.0400098048923
1.0588582913336
1.0771895466712
1.0871083662991
1.0184857150517
0.96368869251014
0.93823179489105
0.94151466102067
0.92207829265946
1.0062100766181
1.003597117438
1.0481750494428
1.018189049627
0.98165375016895
0.93748821030123
0.95656235144808
0.99108715468052
1.0956450426775
0.98676582762473
0.97859443839466
1.0376459985681
0.87348708929773
1.1219093741273
1.1807043361634
1.2431570141153
0.84271019374721
0.82277927115876
0.89806687378456
0.8889326370128
0.85218153407713
0.93014740483915
0.92814182732863
0.87337344751761
0.97017478034968
0.95241459101607
0.88742773840223
0.82135818347907
0.80115404087186
0.82200954830122
0.8499504691961
0.83602895459491
0.76832505928992
1.2145347167699
0.86209800831241
0.8225796297583
0.84515798995494
0.83460717386883
0.91044463254211
0.9741395393814
0.95263133486071
1.0097171358069
1.1723083938122
1.1777406127069
1.2335374966263
1.0696329269751
1.0671603504589
1.1452099767319
1.0956610360185
1.1447869365188
1.1782434981676
1.2081291638199
1.1911695973258
1.1610697620456
1.2155841206915
1.1072735117229
1.0213690268875
1.0458081557628
1.0838200974809
1.0889941804378
0.96768215601914
0.99503839478573
0.98127530249052
0.9503845710222
0.98856125267341
0.94101225311857
1.1533566240083
1.1295272281431
1.0900588464548
1.0668358966009
1.0440366761779
1.0871925198129
1.0460246563161
1.0703080255602
1.1006322251244
1.0505666836262
1.1221145120344
1.1317857941419
1.0125746827452
1.0129884403047
1.0400554692876
1.1832556193643
0.81602524906809
0.86832675010198
0.88329147613367
0.94765498313004
0.95366048554725
0.95076704543731
0.99650947960017
0.98716041944558
1.0160434617657
1.0103448627082
1.1274258416123
1.1135439652117
0.97625708398612
0.91920613448567
0.97047256080124
0.96472137348471
0.98835152467747
0.93274746922015
0.90939974376597
0.94819852832105
0.90766310239091
0.90817943264986
0.84616855474745
0.83998973637061
0.8731653923533
0.89750867768792
0.81109164910539
0.90597372774518
1.0061912183193
0.93544153395417
0.93875515157677
0.92264227567499
0.89195239506447
0.91205215958314
0.94284909075393
0.92889518787726
1.1096311658541
1.0543491700985
1.0630025049668
1.0070492773441
1.0149811823684
0.99546500702355
1.1575191205567
1.1543208601313
1.1392678012642
0.89527991326524
0.90105906084434
0.90539649162192
0.9385846482364
0.91713900284859
1.0040140282474
0.94440043200606
0.86829452132245
0.80641903253684
0.94133848908841
0.894683118108
0.94281861550188
0.91860918025956
0.85308330499329
0.87729501326554
0.90341648902544
0.9079838584351
0.8885226114782
0.84321015651032
0.87697982797621
0.94033643892038
0.97791171468582
0.91096625524617
1.0097356981423
1.0613989630291
1.0810735907896
1.0627002895221
1.0039908729495
0.98849609901765
1.1074964913621
0.9433234994792
0.91341043502222
0.90679815071609
0.89704656410032
0.91606914123459
0.86889672983341
0.86213933619574
1.0691562760085
1.0533443088726
1.2509560683997
1.1920956885466
0.94053051436489
1.0102054788955
0.98531990224999
1.0138993710649
0.97911623843699
1.0445397224802
1.0434037453137
1.0064142368556
0.98875306099803
0.96524782844793
1.1019170223964
1.0925146292066
1.0656986830174
1.0377103238164
1.0327633426188
1.1107315447068
1.1568427898114
1.1017807570747
1.165066034275
1.1106808043557
1.1509535821504
1.1588559807927
1.1832725103849
1.2055934695556
1.210560812708
1.2135466924789
1.1977773219748
1.2048716301635
1.2516100668849
1.1675878197905
1.1224713161009
1.1252830856047
1.1110424842824
1.1317902660191
1.1804144304783
1.1209271747214
1.1138998715004
1.1393403183566
1.2273149219935
1.1725515218231
1.1985055714826
1.1290251351755
1.046258066197
1.0625181137501
1.0884504037582
1.0337847731713
1.023513645759
1.1031723903097
1.1211580989517
1.0766330070224
1.107660270072
1.2448192024914
1.2399727236769
1.1615711660705
1.2221601485902
1.1747729745144
1.129500855851
1.1952531677626
1.1536457102314
1.0902330680747
1.0820173301268
1.000508031619
1.0358213678795
1.0497632313459
1.0705025794671
1.0930768757628
1.1036781813042
1.0945559856326
0.95900163347788
0.95383713900121
0.95714999390271
1.0247252421338
1.0256903888843
1.0590717187811
1.0593246922124
0.99058671756675
0.96385298794279
0.98064729028945
1.0149599701571
0.99949429672878
1.0037088815217
0.89187556572245
1.1407418990883
1.1231059430918
1.2002753530269
1.2177162150068
0.8684774019381
0.84632633155491
0.85650240812352
0.95887850493456
0.96153331779567
1.0008690394703
0.94825264515674
0.94519751213543
0.97446103045495
0.98625248190646
0.98630627535039
0.85364571638224
0.87039927088203
0.90387348061839
0.87159381443611
0.835350479444
1.2578313761237
0.85569037486547
0.83963501366869
0.93097572902993
0.98554059791244
0.97344099818955
1.0086009287427
1.0300081829167
1.193993953697
1.2050031891506
1.1769105619457
1.2308135863682
1.0704306355082
1.1660625283304
1.0984621132506
1.1465184123726
1.2552885009212
1.203489275484
1.1602224539343
1.2142260129904
1.1118020083851
1.0191358918965
1.0532105293259
1.0751763751618
1.0787099215407
1.1243777456688
0.9959576197534
0.96657714863947
1.0008390688929
0.99716569239904
0.95538342743636
0.97707339913661
0.99176616302406
0.96013258220585
1.1446334541923
1.1831097706337
1.1350615442463
1.1347702338899
1.0754469877186
1.1010815540165
1.0580590980516
1.0439648572013
1.0556103792256
1.0816567832143
1.1023864345935
1.0450080697786
1.0694899022737
1.1008280183077
1.0679688452205
1.1232257392665
1.143762442356
1.0312672721076
1.0060056836696
1.0269918403274
1.0451483709392
0.8599677015085
0.90533874305175
0.94350334993094
0.91077324859928
0.96772881764215
0.99983029248608
1.0207467298208
1.0113870688953
1.0637557998786
1.0761106067015
1.1192144265702
1.1218820946767
1.120452650065
1.0099846428376
0.99035626072067
0.94592020268737
0.99469151069807
0.9825341182526
1.0122400336531
0.9566106279758
0.94576555600299
0.96624289340542
0.93409039317624
0.9239881207093
0.89460873832585
0.87455346238822
0.92012044383749
0.93150430464193
1.0544471110761
1.0362029919912
0.98421473494645
0.94394156226482
0.91984723648357
0.9277915204256
0.96837531545919
0.95858977081607
0.92071822321416
1.131565362081
1.0787227947906
1.1060040154879
1.0270643680443
1.016649203931
1.2090361857204
1.2179320383301
1.143255916929
1.2137724403266
0.91904438388191
0.98160811730739
1.0027779031947
0.90532485111647
1.0358755258171
0.94800027208833
0.98130435955857
0.96962025817203
0.94688476482185
0.9398305699579
0.9506335643275
0.90276219370147
0.91552289827032
0.89818475983268
0.90192571765185
0.96997122138399
0.99778523598816
0.94953450566584
1.047049175913
1.0732502117482
1.0748983580804
1.0661768445068
1.0465438125802
1.0327066771727
1.1350815983043
0.91876821522902
0.91811331384343
0.91727384701764
0.8937222238732
1.0897607694048
1.2333792506813
0.96623589419784
1.0374169384562
1.0075544181131
0.98225508630342
1.0069651595258
1.0362958301407
1.0635830805501
1.0186978257116
1.0064991391531
0.98136409007545
0.97449854420017
1.0791895178426
1.0888650834859
1.0505237610946
1.0823448436794
1.0440038884904
1.1452757840864
1.1044715580341
1.1764161486376
1.1542828251266
1.090861359109
1.150825275056
1.0937924417591
1.162466061978
1.1738531236137
1.1627152229977
1.2534805117276
1.2595304314272
1.2595556998003
1.2081049639965
1.2132953692342
1.2326440717938
1.2299100617328
1.1448210939974
1.1220944646942
1.1471931070038
1.1187613991685
1.0966158312647
1.1561286713256
1.1220649119367
1.18070146304
1.0970432768713
1.1225924361562
1.1593837752952
1.2228025465862
1.2060843070144
1.1460843283951
1.1671667060325
1.2098480946901
1.065985813582
1.031801288279
1.0207995273993
1.1256067130041
1.1193864035113
1.1632340996341
1.1149821799695
1.247000850603
1.2200979649772
1.2373550525261
1.1887285420278
1.2203394752759
1.1774815110829
1.1948812779836
1.0926416499256
1.0660416371547
1.0126966328681
1.0301907991867
1.0542165071293
1.0548699868047
1.0598893506911
1.068193798298
1.1187748207915
1.0779921425964
1.1347730115655
1.1221160094934
0.96086893867358
0.98120190705616
0.97201213285572
0.9494209108355
1.0241396790913
1.0341942455987
1.085702513231
1.0738990005348
0.98291575309198
0.98805030239271
1.0157691282895
1.0332155848599
0.9990355687477
0.99408492551029
0.91291930808564
1.1435202293839
1.1472531744785
1.2014505980419
1.2699929047815
0.92029524991882
0.88069778432817
0.91193784310736
0.99629242035057
0.99448003326668
1.0210866416634
1.0545066882603
0.96153896349921
1.0590722991881
1.0438512940372
0.93449561217549
0.9252036465677
0.96347161218601
0.96154430095867
1.2385551304962
0.89731788358205
0.95844476001073
0.98764224036137
0.98093793893844
1.0241240906768
1.2486465250071
1.2109379782601
1.2525351146345
1.2175316722779
1.1495492369577
1.0607775716381
1.0851407430673
1.1155292615317
1.1497906339786
1.2700061032852
1.2165651707328
1.1991050308491
1.2311223089825
1.127087421675
1.0336941565753
1.0693395088823
1.0516950791769
1.0944213263769
1.0951104299574
1.1417796937704
0.9969779646991
1.0177503695261
1.0182911449671
0.97747983550154
1.012064290681
0.97190245130661
1.1532757918632
1.212171250917
1.1275158684212
1.1140432223012
1.1237066132077
1.0881036130626
1.1007480348566
1.0700710182681
1.0446513630637
1.0544902566533
1.082647214571
1.072642130934
1.0957972838226
1.1013783825604
1.1402181147202
1.1280951375162
1.1798461639594
1.029053968125
1.0189431558279
1.049563514075
0.93755322904971
0.94671864947612
0.99261622805197
0.97763653128487
1.0090395137982
1.0700934372479
1.0150243591954
1.0615490221644
1.0651518862188
1.1156413956609
1.1825976739646
1.1707276954407
1.0541090741857
1.0398440236616
1.0354093051891
0.97930179745616
0.94945928409405
0.99545255285792
1.0208994021087
1.0161122310506
1.0549034578845
0.96423137527909
0.95618328805898
0.99276485232555
0.93803934975732
0.91212705078871
0.90584587518703
0.94150844199035
0.9738813819619
0.91335982824749
1.0321854029949
1.1026289347999
1.0721761823772
1.0721061839252
0.96525532311843
0.94206494843921
0.95144481012838
0.98015714113742
0.96838030603415
0.97191109743427
0.94488368354304
1.1590219372455
1.1016615605325
1.0886572313004
1.0529115411368
1.0136215262652
1.0260095148455
1.0440929981697
1.2399569145908
1.2033211378971
1.1824789935791
1.1850101890342
1.1906067804197
0.94650224966958
1.0176640942317
1.0846629488704
0.95080507072911
1.0363803884445
1.040174597705
0.99557321492733
1.0164654632368
1.0003400207466
0.97840145216568
0.96617878595685
0.94408141961449
0.9399620121728
0.91543312810397
0.93951012117722
1.0314331854144
1.0796374477283
1.1110860775039
1.1583147197017
1.1358991499608
1.0707921503085
1.0577751304928
1.181988270267
1.1272176037293
0.95269819267632
0.95020952572115
1.0815584215359
1.2600260534019
1.0433254780295
1.0034150199604
1.0272197181716
0.9888631110969
1.0490472330476
1.0595203320396
1.0306756936634
1.0153253301275
1.0114294216491
0.96257291564974
1.0804712806548
1.1017483399134
1.0805245408207
1.0610835127649
1.1475046403915
1.1267716618851
1.0986062481938
1.1927270575754
1.1863894190705
1.0873562503187
1.1327865088483
1.0925737900292
1.1149142643829
1.179663060778
1.1901273605428
1.188565581025
1.2661205640895
1.241235605604
1.2370441228871
1.1812427416519
1.1984159145182
1.2163828763405
1.2691665380725
1.2191740397509
1.1497842471207
1.1484968413762
1.1252251086539
1.142365486163
1.1019765024033
1.1241777187572
1.1541381588205
1.1645163868939
1.1312627887993
1.1090407870727
1.1646502570786
1.1352697866739
1.1590593266055
1.2113486916931
1.2620811472396
1.2194554039661
1.1516905880238
1.1373547982027
1.1745829464221
1.0601461860671
1.0537663932513
1.1753750671054
1.1483496448684
1.1972881501971
1.1115361919034
1.2252024887057
1.216220759108
1.2759657383056
1.2203209850484
1.1858415314427
1.2062864305461
1.200276268643
1.0887779144755
1.0731111689904
1.029884053377
1.0427442604407
1.0557151473067
1.0599513815183
1.0918533985922
1.1230993610388
1.0876497073456
1.1530371219346
1.1495158672763
1.1252203399176
0.97563366958042
0.98527993559239
1.0223881806489
1.0499747313344
1.0289510189289
1.0916674181517
1.0941639223591
0.99700521983551
0.99384939759306
1.0105004507184
1.0268479952957
1.0394779309509
1.0149510935611
0.99523401907014
0.94918675973922
1.1473456595554
1.2298848563207
1.2608195643482
0.95854706133215
0.95729515582838
1.0441680638566
1.0470128291375
1.0707604095186
1.1132941566044
1.0195921610092
1.0954177505257
1.007464070044
1.2720877074627
0.99009431411391
1.030817616309
1.2579238056686
1.2522059992047
1.2466788630888
1.2010831620806
1.1647248068461
1.0707489666176
1.160793682085
1.2313868469475
1.2651061240964
1.1993535743241
1.2465668730328
1.110959707949
1.1608947844088
1.0373147846924
1.0838779499761
1.0678531176899
1.0516829350711
1.111532296036
1.1044301929222
1.1395877994151
1.0054956060319
1.0268871112609
1.0185507523224
1.0216700214006
0.99854852913238
1.0217335066153
1.0122817192571
0.97964456469054
1.1853434872625
1.1404417923173
1.2080445317101
1.121933092605
1.1047236244256
1.1260083418783
1.079748192441
1.0905999440874
1.0963824071794
1.0686032885764
1.0506961754325
1.0490291711374
1.0694518789139
1.0866519346272
1.0691858074189
1.1075132938696
1.1468406098889
1.1209342374017
1.1759189470883
1.1723331790395
1.0509327417317
0.98472024068598
0.98877294829367
1.0379766415247
1.0119658815906
1.1015726590597
1.0931085803344
1.0510822602282
1.0844756783784
1.1114595648062
1.1763133432071
1.211772222372
1.1802029805868
1.0696960102717
1.107661121894
1.0911765613998
1.040550308033
0.98395501974488
1.0045994447954
0.98632820221853
0.9402688009525
1.0262203742062
1.0465238049835
1.0429628703674
1.0681892152681
0.98150270913734
0.97735367643085
1.0094645600095
0.96799033372888
0.96159682249266
0.97079489243472
0.99110033425056
0.94809204653985
1.0614285925647
1.0375259749115
1.0941865866327
1.1443015472262
1.0971850080958
1.0558281964312
1.1202653010923
1.1255423898357
0.9648592148871
0.98535181539333
1.0032060661765
0.97955891586781
0.9665788022965
1.1293464528315
1.0724085773238
1.1227823064818
1.0521602491851
1.0300596434998
1.0660307074299
1.0442513035555
1.2216218475081
1.2463217091805
1.195913451423
1.188887138904
1.2272730270059
1.2512598846402
0.96322152592204
0.96872708985396
1.0597526085172
1.1203838528833
1.0482793449228
0.99203113300747
1.0217989605094
1.0277304387551
1.0249305642571
0.99666590757869
0.98795151577329
0.95045840194277
0.96953434045934
0.98514639597971
0.97848420811985
1.0519836150769
1.0921471024065
1.1428534429613
1.1622804287138
1.1354073336457
1.1007480077641
1.091831035071
1.1597773371589
0.97436051849077
1.0820466082217
1.0621406168441
1.0193789222656
1.0335609331167
1.0108139709824
1.0589317787797
1.0402084850097
1.0588074560778
1.026299484731
1.0190512568752
1.0206562305301
1.0752391709039
1.0959457815771
1.0813604390006
1.0698301756158
1.1808602490891
1.1386370787614
1.1291788286815
1.1040566115921
1.1891470949434
1.0930104728556
1.131518199703
1.0713726048899
1.0961107940078
1.1058552571064
1.2045882174402
1.1658498352882
1.2430577088401
1.2762104918874
1.2175651672674
1.241326991003
1.2754336657947
1.179878980873
1.1770816380112
1.2606472649462
1.2173443687027
1.1370805943072
1.1132487332216
1.1368356533446
1.0924010057547
1.1076356914903
1.1668383638194
1.1158049308237
1.0894604257365
1.1733987789378
1.1124903285343
1.1421601691357
1.1847514695498
1.1887489286634
1.2636039404985
1.2587732599167
1.2107694544786
1.1353773753859
1.1501361985037
1.1908069988069
1.1648679534207
1.0577551758584
1.0519822560922
1.0468876321953
1.1873476203364
1.1421345124665
1.2420467171585
1.281851907876
1.2488003964768
1.2661961851339
1.2677044835935
1.2044233905792
1.1854809573726
1.1968952488655
1.1879544503802
1.096457521184
1.0857372451363
1.0297095431627
1.0786342633657
1.0784718817744
1.0992087939715
1.126520031189
1.131935055509
1.0930480481411
1.1896752563026
1.1282232899049
0.98374053570056
0.99178317144244
1.0077303107651
1.026781998222
1.0569374172361
1.0514706455232
1.1152510632081
1.0921886972504
0.9901100574883
1.0218406932537
1.0193426686033
1.0450842650864
1.0346405458324
1.0563025298246
1.0199395010835
1.0107496916413
1.1241499010171
1.172808230186
1.2141015429012
1.2250637570065
1.0023133229849
1.0092507168784
1.0691429369699
1.1027020835646
1.0847440522747
1.0982641823379
1.273408633343
1.2648171557017
1.2507442599007
1.2250874131667
1.2238888794908
1.2047380043071
1.1384681423118
1.1372992791654
1.2039678187046
1.2358662101535
1.2122847605816
1.2225918571923
1.1268526242259
1.1364928863929
1.0389702936935
1.0969537227747
1.0764165523548
1.0554956307134
1.1239836122917
1.0968810741626
1.1505118388809
1.0192027780418
1.0390348644206
1.0319339708332
1.0352952283952
1.0244511700062
1.0305154707204
1.0226291973753
1.0023583989495
1.1774587534966
1.1906057715813
1.1271825923613
1.1571074194191
1.2014162217395
1.1038472383208
1.0974247432839
1.0999155737949
1.0780172978123
1.0808178694992
1.0615688326618
1.0527710925797
1.0473808009455
1.0701112138181
1.0914827176601
1.0726966848372
1.11226123518
1.0952978943049
1.1263633989821
1.1772569279166
1.1718949144432
1.0227238068138
1.1104215459605
1.0916913706939
1.1096191683416
1.1051988659897
1.10973883078
1.1442107741395
1.2022002400998
1.196127155113
1.1216680818972
1.0705907031367
1.1436777053728
1.074499327781
1.0020420064309
1.0401501813058
1.0094715754625
0.97670075372518
1.036079520066
1.0624922098269
1.0624494157347
1.0506172834622
0.98902003231919
1.0038679502429
0.99340009550361
0.98222874094314
0.98288411114857
0.99012201801539
1.0194151023417
0.98379890421467
1.0971527210056
1.0510246581611
1.1654433120783
1.1685300352784
1.1631959455384
1.1776367281733
1.0696523891071
1.1337493195858
1.1470646524224
1.1632527290262
0.9821332992968
1.0047721510056
1.0136743200119
1.017198717509
1.0009112832676
1.1540421262533
1.1371770401335
1.097164732322
1.1140567427897
1.0412889790198
1.0746231743327
1.0334551901032
1.0639596213114
1.2705811843465
1.2582014209548
1.2259528781598
1.1701692614627
1.2185763840717
1.2453451908175
1.2647159891857
0.98313107910752
1.0930435712026
1.1191229342938
1.097910979684
1.006988034845
1.0377473903134
1.0584417722741
1.0534806790667
1.0330679742793
0.98146592777278
0.99000128822199
1.0064135142293
1.0549064251535
1.0805346267544
1.116244694947
1.1935465198118
1.1488173023229
1.13703419567
1.1775542044792
1.0592275980027
1.0274092021795
1.0502671962079
1.0658503193166
1.0531644976488
1.0639311001759
1.043871338266
1.0215801794406
1.0263843781937
1.0906608519931
1.0658367248112
1.064530261165
1.1836092369174
1.1561033100738
1.1122431347323
1.0976187661083
1.2274098727929
1.2010391896502
1.0806476329152
1.1261909174021
1.1177190607283
1.073481521034
1.0825760988658
1.0971006696466
1.2103204379625
1.1655714945545
1.2727941647511
1.2684612209796
1.2501287920972
1.2493834607653
1.1993251462438
1.1813844440571
1.1642624248101
1.2492095280525
1.1848842800726
1.1210283516656
1.1106389632087
1.1209882430491
1.1404227471276
1.0995891145646
1.0813956576245
1.1063101375489
1.1770888321683
1.1084442561978
1.0992356356096
1.1227014747149
1.1609687057866
1.1067760492748
1.1645575654047
1.1783740427159
1.2087724362154
1.1716771471613
1.1842508663296
1.2451328228447
1.1912276911585
1.1194971205677
1.1184300897822
1.1546016190728
1.1520547626775
1.163655282064
1.0636950324894
1.0531387464912
1.0486833660494
1.2177863537703
1.1372931085186
1.2174762466433
1.2663252692664
1.2709395304732
1.2189717453724
1.2334080991619
1.232332345653
1.2480993344511
1.2447598858116
1.0892546573556
1.0910847160239
1.0735595929254
1.0423333783605
1.0765049825068
1.081812100507
1.089192900465
1.1385858822877
1.1092235475407
1.1672938569252
1.0856012982644
1.2199056798355
1.1364385909249
1.0032528929108
1.0074342089845
1.0475008942999
1.0408305560201
1.075299306895
1.1324436289012
1.1032266989225
1.01923587029
1.0252410202543
1.0461394684999
1.033518626533
1.0651474149504
1.0514570824138
1.0629913362496
1.0174125974251
1.0350305583166
1.1485518148865
1.1185281503005
1.1810839662838
1.2641183882965
1.0486798123122
1.0603053375988
1.1039519691115
1.107442544792
1.1739772460468
1.2449221397325
1.2210339566832
1.2710846295163
1.256814906052
1.1709633412697
1.2211327720265
1.1621032600967
1.1230517279242
1.1499563928146
1.1242191540286
1.1828431246228
1.2551578214547
1.2284946904067
1.2741153961538
1.1219220943978
1.1617871534234
1.041759417202
1.0967725074243
1.0678610953411
1.0764037092136
1.1114470953435
1.1038964928107
1.1478513869692
1.0270035026312
1.0254958599466
1.038722597437
1.0132794202028
1.1654136433165
1.1776975481319
1.1252539341826
1.1321069938106
1.2097885978236
1.2342404224163
1.0877763289746
1.1040560793854
1.0825723301713
1.0905242838276
1.0767395143966
1.0652833409711
1.0532042173404
1.0484584632859
1.0677295922445
1.077024869338
1.1004094915374
1.0890950915939
1.1483948575137
1.1992425930728
1.0597429050772
1.1167221038102
1.1202197847244
1.1315032582224
1.1746462884186
1.1686185017253
1.1885173418247
1.255086518875
1.1922044360344
1.1187985812154
1.0982473895903
1.1643956341473
1.1669761202567
1.1008666311159
1.0254928059768
1.0540634375377
1.0390169756252
1.0812604771603
1.0681347082445
1.0833367387994
1.0736096926463
1.0173018228168
1.0022424964396
1.0074422899238
1.0055364963886
1.0114006922937
1.0712564129608
1.1421562725499
1.0711270502205
1.1665176853078
1.2196756357854
1.192236552214
1.2241818997869
1.0780615342589
1.1122598301168
1.1894911454373
1.1457403612692
1.0029975240376
1.0142242267518
1.0184076495724
1.0226475090239
1.1541814784573
1.0865765097764
1.1008295978349
1.1220914921383
1.0623952933231
1.0301627522329
1.0456825094526
1.0552960162507
1.0672775331313
1.2608422575637
1.1783395010546
1.2190148109986
1.2287370852659
1.2631638417033
1.0006815378749
1.1216299000683
1.1786710375891
1.0906755521716
1.0226903715809
1.030801952721
1.0632326472501
1.0834838297576
1.0383259120651
1.0027536015786
1.0156069807561
1.0947536237017
1.1051895920527
1.14032198771
1.1314983211969
1.1792024914666
1.2150583856589
1.1961966897679
1.1879769064062
1.0425456610853
1.0571421003733
1.0511619589661
1.0351672205622
1.0353156233168
1.0770469814717
1.0901309956016
1.1680148347364
1.131035106815
1.1040497985093
1.0817114186018
1.2435532218508
1.2189278701271
1.1774031934033
1.111736837726
1.084463729858
1.0979370069063
1.2225724107268
1.1585732004734
1.2300886101409
1.2025960742307
1.2663385293294
1.2226937848679
1.1373456751074
1.1965917650622
1.1687740565247
1.12257507081
1.1018107642931
1.1102024965834
1.1216679364775
1.0792510979697
1.0806092237117
1.1056815347402
1.087628859321
1.1777588761294
1.0877395654382
1.1083330659594
1.0851254877297
1.1114544539399
1.1356202067097
1.0998225278684
1.1355850739877
1.1773436685661
1.2349751129182
1.1454771576089
1.1618200834729
1.1998850081509
1.1964257052659
1.1189172371331
1.104092001263
1.1175986576556
1.1330605695537
1.0584847102723
1.0574343121817
1.0561124071699
1.2380120935132
1.1563496383222
1.2586649973461
1.2353160575013
1.234249783779
1.2087281240536
1.2721399154466
1.2149798690875
1.2445039561218
1.2107974112557
1.0784048673769
1.0726693537366
1.0939519931286
1.0641910866165
1.0550497754158
1.079333705371
1.1000646229516
1.1474175281692
1.1391339918285
1.166449510374
1.1275180983074
1.1646344119711
1.0770142869604
1.100312148539
1.20895078392
1.2340562838324
1.1592690110984
1.1170484390156
1.0178702432253
1.0602935529457
1.0933443663639
1.1355008415585
1.1091936831561
1.03524883693
1.0383975456839
1.0564831675366
1.0550972378117
1.0298483001578
1.0529109244921
1.0683561387699
1.0560820720582
1.0268463773849
1.0358848664049
1.1210917248101
1.1655714338148
1.0954178054961
1.2492627639941
1.078928795446
1.1766745381597
1.199145378333
1.2687467628637
1.2632698592392
1.2467869713789
1.2108228567257
1.165681285715
1.1982074771891
1.133170054548
1.1208219168078
1.1352695289832
1.1341936003998
1.1035281861078
1.1145657527183
1.2143811426293
1.2166329930572
1.27415740505
1.2639016040219
1.1424693162516
1.1606079065532
1.0506498836095
1.09759544855
1.0576014700726
1.0691199953812
1.0883120966211
1.1348342953025
1.1039512193433
1.103805943936
1.1814621799933
1.1575641896125
1.0399944954335
1.0181854403361
1.0374098070358
1.0485631413559
1.1594078628875
1.1595955460843
1.1359044916727
1.104544325454
1.1191473475391
1.2150618587374
1.1900627687464
1.0906857143535
1.0853179735988
1.0872070380309
1.0727145168745
1.0932324955688
1.0768813417001
1.0626734740741
1.053342662054
1.0741263911842
1.0951852130677
1.2283171229626
1.0842236334871
1.123587023211
1.1284548360441
1.172490151276
1.1211130582895
1.1753331091098
1.2433163352688
1.2348407482402
1.2121271613039
1.1496726823617
1.1410497791459
1.232529135638
1.2109762145381
1.0467339471717
1.0443967150472
1.0957174767975
1.0881364496962
1.0774047272284
1.0231349000915
1.0297719670118
1.0269013856899
1.0266426614337
1.1100353015303
1.1462123329819
1.1143974745272
1.0700522131936
1.2086511616609
1.2492839640487
1.186276556577
1.2325243387345
1.069738559494
1.1161397046078
1.106992474254
1.1814740400551
1.2131713063332
1.2025722401467
1.0268829919736
1.026774139336
1.0262357527927
1.0377211538023
1.133226838989
1.1879122784432
1.0891954436344
1.0903113070058
1.1250547214302
1.0585134494773
1.0354189606926
1.0660600653587
1.067230071432
1.0874186655052
1.2283826685324
1.274532239139
1.2295889138601
1.1281697162366
1.1648925626148
1.1008693438511
1.1063404519897
1.0503803157957
1.0845676790413
1.113978248182
1.0394224429338
1.0263114436346
1.0291190932594
1.1029808149465
1.1333198901191
1.1789159805927
1.1532121967739
1.1695381352423
1.2258659494087
1.1921889264095
1.1963132522246
1.2134394516744
1.0445231493902
1.0595936744199
1.047141730924
1.0520387129497
1.0430378042305
1.0362031393192
1.0749035330826
1.080468624255
1.1818988183267
1.1025511425637
1.097905376625
1.0802641116704
1.2422277624928
1.1824170805315
1.0998371316791
1.1097247769374
1.0806140365287
1.0884786305392
1.1934835427105
1.1396055199131
1.2414240315343
1.2104980794563
1.2308115905556
1.2136580852463
1.1909433286445
1.1229991269349
1.1725590163201
1.1030782522157
1.082689574085
1.1208762875788
1.0737668861401
1.0691329074857
1.0861836395916
1.1219239323365
1.0811122952045
1.0891859064959
1.14146838352
1.0748129094654
1.1211822045376
1.0772268784399
1.0789851288642
1.1217550398287
1.0774596535335
1.108573541191
1.1346671113067
1.2239285124333
1.1595948743589
1.2042536283154
1.1157586224177
1.1274582059866
1.2025856685944
1.1777574136864
1.1049808682388
1.0918234620713
1.106684497928
1.0530936340383
1.0495294064999
1.2256268306672
1.2523295839935
1.2692381561824
1.2093455362058
1.2487607807329
1.2227752956397
1.2259076520695
1.2133726989059
1.2483168379409
1.0736852594296
1.0741171267475
1.0743229779257
1.0855268707716
1.0635135303903
1.072388880703
1.0465037700056
1.0940722569475
1.1758136545339
1.125497892797
1.128599323926
1.148962100201
1.1818671213098
1.1105989967549
1.1097938107394
1.1805263754846
1.0824707479957
1.2445318482541
1.2706044418679
1.1802899708257
1.1444795532836
1.1262455617929
1.0296006356265
1.0666287831612
1.0825491723435
1.1476849734512
1.1013582727685
1.0584908841685
1.0546945936369
1.0624894469899
1.0691735137319
1.035674206561
1.0559119926206
1.0608792182119
1.0868694836235
1.0688380338383
1.0427025097972
1.103080997485
1.123963629385
1.1462434176451
1.1854070902137
1.0842881715232
1.2149570066838
1.1109171260287
1.2028432983409
1.1548907915295
1.1848617824004
1.2502839577261
1.2449590268249
1.2090139308462
1.1793360714717
1.2390930477636
1.1581650272446
1.1467744720526
1.1582048108409
1.1932403128572
1.0953786415858
1.1334325731752
1.1101030366903
1.1257699092822
1.0871601881013
1.0949992803316
1.2459046496659
1.2101990090879
1.2693744605012
1.2514759891135
1.1293922612024
1.1327278012212
1.1769502892223
1.0860150126442
1.0754027737174
1.0731463031271
1.137561542903
1.1271729153572
1.1052091390954
1.1034350511402
1.1864665074505
1.1856348943529
1.1298518703279
1.1823180707729
1.0488832387849
1.0386903806652
1.0476767198564
1.0541848484673
1.1665754571306
1.1636096102069
1.1333979524175
1.1264357112787
1.1065053764886
1.1139205052106
1.1297036937771
1.1891209679771
1.2171745443553
1.0830781697754
1.0708550135762
1.0714447054905
1.0908028744916
1.0728487549707
1.066675047975
1.0835482303686
1.0677922381722
1.0638903376738
1.0680613882707
1.0605785530624
1.0746454988491
1.0963471985728
1.2025426252034
1.2261096562396
1.1182397802185
1.1870730751165
1.1791194249504
1.2114434236279
1.2036137660182
1.2418994849962
1.2681522197094
1.2797731129398
1.2328501246227
1.1462658880846
1.1229989446654
1.1446923038394
1.2430647902233
1.050278687618
1.0859106134973
1.0759309513442
1.0371082564255
1.039910202143
1.0446380462229
1.1007204542864
1.1403690286217
1.065462915047
1.246788208027
1.2361774203514
1.2522327797718
1.0660888412335
1.0892401611843
1.1088314993872
1.1815822454008
1.2266730836523
1.2260911153857
1.2034078564479
1.0355282684652
1.0385732272152
1.0410130674057
1.0464561462383
1.1366628228974
1.1938695012383
1.0893619134083
1.0977002035895
1.1292493091896
1.1045307402349
1.0488275137477
1.0652914726736
1.076598333271
1.0702684181985
1.0580481252439
1.0710938590786
1.0887900221676
1.2376350033118
1.2171824354414
1.2735406532194
1.2597389389542
1.1457795667818
1.1705238255896
1.122478537522
1.1364793554975
1.0638625269602
1.0960810111574
1.1335901316297
1.0492958542599
1.1323120521747
1.1935479569316
1.2451664084101
1.1879202053348
1.2032055153453
1.0660226245007
1.0501419525253
1.0547533232864
1.1461993701565
1.1074181415059
1.0865391477879
1.2509075137474
1.1595791295266
1.0893728446852
1.0859544045836
1.0800854676826
1.0716363175155
1.1895452232959
1.1263870844735
1.205333629838
1.2042616877938
1.171094374576
1.180925826317
1.2141231930338
1.1311190456475
1.1043123955035
1.111083913278
1.0875035319044
1.0784541769944
1.0993994277793
1.0720318852195
1.0669165706004
1.058866080222
1.0691385534763
1.088664686924
1.0658527108035
1.0586517184059
1.0640589843299
1.137400195144
1.0560337678832
1.0577784090275
1.0791088949244
1.0634786826783
1.1133971110374
1.0865476427511
1.0751814761353
1.1035667360354
1.1214963113541
1.22463552015
1.1621345900553
1.1685071150089
1.0976649990673
1.0895810024595
1.1250263395088
1.1138724708551
1.1701131210016
1.1473647093984
1.1611776759896
1.080149090602
1.0681951004481
1.0852644071156
1.0540653779995
1.2799548446425
1.2358094063486
1.2578034325774
1.2459686124137
1.183533420887
1.2173611360182
1.2222936685441
1.2676074550627
1.2275125088811
1.0549993610708
1.077798308188
1.0718173768361
1.0938762421718
1.0695945943314
1.0669178542205
1.0536589207726
1.0501250583121
1.0490489972128
1.1750222641396
1.112391060176
1.1362795979824
1.1368810522444
1.1689289157035
1.2117839416744
1.1173950143385
1.1068069474935
1.0891882438654
1.2733385923045
1.256791467183
1.1783987337136
1.1567930017986
1.1201809674866
1.0932931339416
1.0938179422871
1.1630844020037
1.1092229229515
1.0902381073785
1.0802746952786
1.0635224852783
1.078523379323
1.0832404639715
1.04501678737
1.0643944629654
1.0738749528516
1.0832684893013
1.0994316783335
1.0969480651158
1.1495717379405
1.1790983558499
1.0659139866081
1.0910063407737
1.1824966233964
1.1681624726301
1.2018036208735
1.2069050834733
1.2237888675014
1.1902007152267
1.1593464589522
1.157540733791
1.1791318957832
1.1002915496642
1.0848437017979
1.0971559639666
1.0900147425892
1.0789312553203
1.0986198597069
1.1164183096427
1.0785998581893
1.0732019607592
1.1043834297625
1.0928328229483
1.2149383449286
1.2382418997886
1.2487220134073
1.1254079269857
1.1369686283082
1.182656416862
1.145143571267
1.103263318532
1.0652254039378
1.0741260175952
1.1276687398852
1.1691907188516
1.1076243517128
1.1008412760314
1.1961106193588
1.1313587441545
1.1411331577925
1.0606867432384
1.0493670277429
1.0511145429698
1.044181677301
1.059510854134
1.1456135219574
1.1300068679402
1.2026057095179
1.1158629531905
1.1273507602212
1.0984658065197
1.0964934597295
1.1979510764088
1.2167972420452
1.0785045713353
1.0835889660684
1.0653540973548
1.0764674477029
1.0800727725276
1.0738248920914
1.0706171267612
1.0700737612493
1.0603197222639
1.0798823753415
1.0853907316736
1.1955429205696
1.2667537479066
1.2105326985344
1.1818498729878
1.2039364839897
1.2174447045323
1.2527832699418
1.2409135788093
1.2793811265294
1.2134718747599
1.1790109484459
1.1176083808388
1.1748099130052
1.2518548957545
1.066029464313
1.1065032526672
1.0873444492139
1.0505449111934
1.0509355456278
1.1236208349796
1.1458475607398
1.0843228697475
1.2481644737088
1.0725692046763
1.0744486614869
1.101380575652
1.0871830089569
1.1314371528629
1.1947058712745
1.2070760947344
1.2197414250678
1.2753219385279
1.2099238054081
1.2311861673715
1.0432201260881
1.0471975568374
1.0476209908401
1.1647429784101
1.1817585446796
1.0944916726358
1.077744164603
1.1068225987382
1.1431669016619
1.1044368574809
1.0583456982517
1.0714257900218
1.0844186196717
1.0620182772707
1.0779883579494
1.076932429978
1.2730432418865
1.2218793994977
1.2230044034191
1.2494188309752
1.1580041071653
1.186420664637
1.1204613255852
1.1349569511901
1.1401413416358
1.1710936921457
1.0570628317751
1.1408216364048
1.214512742726
1.2528834548702
1.2352157066812
1.246875590688
1.0630583162116
1.0533701124496
1.059412970809
1.0745373553158
1.0824186072203
1.1804442053333
1.1309566506377
1.0704290228838
1.0714331479335
1.1815136369221
1.2088098257322
1.1315580860038
1.1634653896183
1.1557302237979
1.168686331472
1.1333426069299
1.0896424239018
1.0824268966684
1.1049735202429
1.0835372137641
1.0718081507768
1.0676086264378
1.0579043716567
1.0633619172488
1.0600883816566
1.0491458181731
1.0729190937317
1.0531893079464
1.1514458642407
1.042606358705
1.0451876489291
1.0482070293054
1.0417615568758
1.1101217089912
1.0671639225918
1.0493178662706
1.0711887619762
1.0549264603524
1.0710103214813
1.1278176195712
1.0722440024932
1.1926870692392
1.1512593388214
1.0598198579733
1.0558656710811
1.0626185681918
1.0720814117162
1.1060231454642
1.1140963348326
1.1073047161303
1.095082269405
1.1194609789289
1.1567061113199
1.0573159810507
1.0519161670496
1.0523517281036
1.2682932877296
1.184097064252
1.2127642868289
1.198545395008
1.1766707585278
1.2365099977775
1.2640946939914
1.2310232142424
1.0447063768201
1.0828062558648
1.0674705408449
1.0885575459195
1.0708387512131
1.0534482612084
1.0611371791719
1.0555222050031
1.05193576398
1.0505640113036
1.1719044696072
1.1977639584853
1.1122989712125
1.1394384994116
1.1339155394172
1.1267573808637
1.1662322779405
1.119068736044
1.2063488927884
1.2165658777235
1.0923183910607
1.0938225089182
1.2339060242231
1.2159995738159
1.1630642689837
1.1373009529341
1.1099154466175
1.1127798008256
1.1594261224972
1.2046218509492
1.093003865357
1.1195379569256
1.1018368739683
1.0691732192107
1.0742765687343
1.0861255941211
1.0504721407645
1.0664126405762
1.0827568980971
1.0701804023154
1.129288618283
1.0749684032675
1.0644472890276
1.2439487868146
1.2051869229835
1.223842281126
1.1808965840802
1.2229617397654
1.1718722094645
1.1225840931034
1.1149814046463
1.1423877319019
1.0835515757641
1.0835854182139
1.0876145345634
1.0643501933345
1.1122903414857
1.0585581485676
1.089167181528
1.0712786540412
1.0675537504108
1.0861728039798
1.0961418617171
1.0702102344777
1.0725481184033
1.174496629601
1.2185966586197
1.1094493779253
1.1099499311111
1.1527454309912
1.1218204824655
1.1590831984591
1.0781986539119
1.1089436214891
1.1227839259186
1.1459094822633
1.165272794181
1.0987965262668
1.0860228559852
1.1694999391594
1.1120274926319
1.0609606866668
1.0555004896496
1.0503750244499
1.0542459658809
1.1306754533267
1.1452221291904
1.1090492859286
1.1715079643295
1.0921597350597
1.101508628832
1.0937821538791
1.0861181504301
1.1803722126776
1.1646075525058
1.0821114874196
1.0762471885306
1.0680474415057
1.0618433262789
1.0630826870282
1.0606606591483
1.0683010464793
1.0603965776306
1.0777223725636
1.0713406954134
1.20606759126
1.2521429091611
1.198636017116
1.1960884032506
1.25379037663
1.2095797681282
1.2229996686272
1.2036858356348
1.27874770374
1.2459109933003
1.1738660334086
1.1419555733581
1.1556691470985
1.10086850027
1.0873129659504
1.0609563630438
1.1084836106605
1.1377484440131
1.1497640374372
1.2521223550123
1.2240351540961
1.071663048453
1.0711041241692
1.1108025711421
1.0777352881575
1.1172143073847
1.1435764032893
1.1968272073947
1.1617067559772
1.1587614898608
1.2780080616332
1.2738101018676
1.2398173664233
1.236788414889
1.1845576993061
1.2201303382009
1.2745031186621
1.0535402459437
1.0530689345364
1.0570778138504
1.0813529955423
1.1081450967903
1.1116559915483
1.1320458254717
1.0942423440085
1.0614796372914
1.0771466139709
1.0669705205013
1.0687450245871
1.0758565403654
1.2487287698065
1.2308828470705
1.2095470831204
1.2036396277369
1.1670451106733
1.2136465012294
1.1230998824146
1.1386445020418
1.1784602373706
1.1749398401091
1.2019253745727
1.2460196994341
1.2431887116914
1.0630323398158
1.0563077166262
1.0621652493346
1.0703320274739
1.0650062315754
1.0561892684115
1.1629849615608
1.1235975131455
1.0647421978465
1.0651357136649
1.1438626371045
1.1792485511623
1.1121423080311
1.1205884067536
1.1193294649266
1.1226451604457
1.0929756126827
1.0706473167268
1.0529180952754
1.083276747943
1.0843868254632
1.0594706775238
1.0632198358565
1.0498571859161
1.0596275039233
1.0473559383404
1.027720664424
1.0440809129967
1.0375535427176
1.043895112723
1.0426662085803
1.0194381123296
1.0229786505995
1.014841594786
1.072116453753
1.0366757595269
1.079699362215
1.0157068108465
1.043344226221
1.0943533726758
1.0592695534042
1.187440329504
1.1130462251956
1.037888108567
1.0413956757794
1.0180083116942
1.0174109642541
1.0534665731136
1.0570812671923
1.0550797064089
1.0241305103406
1.0988868969253
1.1183181618725
1.0548174669651
1.2275708438802
1.2000179908326
1.2220467184871
1.161019600909
1.2603904710999
1.2624952966034
1.0234010873388
1.0448317654564
1.0767092243845
1.0574141729419
1.0667719421752
1.0842917849449
1.0673955843627
1.0459945368954
1.0580802756829
1.0507000606585
1.0471015686444
1.0500596019127
1.1976291680724
1.2150959459162
1.0746337082441
1.1624020978107
1.100802714475
1.1278389698412
1.1568959219919
1.1146604562478
1.1776051102531
1.114905117832
1.1377768622514
1.2105579215973
1.0923304707384
1.2471961196432
1.2143155048094
1.2149043997283
1.1960149117101
1.1382658314963
1.1034007048995
1.1373385016711
1.1438773824604
1.1775232519243
1.1992210555806
1.0915993260663
1.1094127285756
1.0668639846022
1.0759514277622
1.0917828329644
1.0558237489114
1.0625641647958
1.0457642823402
1.0600535438767
1.1085046851357
1.069505707134
1.0737690340251
1.170358382736
1.1764600371438
1.1349837120251
1.1568974692615
1.1063136569386
1.1110491277712
1.1160694907732
1.0819733057107
1.0624990368619
1.0435241148082
1.0740342312562
1.0248383886539
1.1208509836658
1.1394512734171
1.0284197557619
1.0544041797739
1.0687701174375
1.0621075443499
1.0494550378412
1.0486292988942
1.0661050249956
1.0861057098355
1.059981244572
1.2140949210173
1.0851934427224
1.0910789353095
1.148257176883
1.1273932330147
1.1088474163283
1.1377562274268
1.1114539967358
1.1643679636952
1.1557919192227
1.0880895750817
1.1783891664833
1.0990360842597
1.0595351925133
1.0544526782973
1.0559386773608
1.0576825971719
1.0996849510617
1.1206495659489
1.1055084471237
1.1201984147993
1.0883094388274
1.0856423160102
1.1758801443484
1.0754127907681
1.0803521720542
1.0827269047404
1.0850133171963
1.0754679302894
1.1360538053739
1.1327545741007
1.0696903873029
1.0711140811938
1.0592838687326
1.0575362493739
1.0637781958718
1.0614837530631
1.0547673233858
1.0749537156695
1.0657964838412
1.1561409442739
1.21971928328
1.254972136165
1.2111012426457
1.226534529233
1.2732881207398
1.2238773515008
1.2666520653625
1.2680899968082
1.1417096013512
1.1228877857318
1.1426974747555
1.1096429753088
1.0962192198398
1.0812761695992
1.1174992785159
1.1600668324799
1.1180995417368
1.2331136597213
1.210046973059
1.2677983254454
1.0750472167977
1.1188024256661
1.0942362543121
1.1057385124854
1.1219009972774
1.1772209871274
1.1591176287195
1.1955839139226
1.15966419125
1.2721243243327
1.2441902228889
1.2339089514746
1.2124786611913
1.1818387061146
1.2221458217209
1.2716009945973
1.05571716767
1.0596502774854
1.0621740591237
1.0778922974973
1.095499852747
1.1187317661841
1.0942246348461
1.1299646759365
1.0966626438038
1.0705504139978
1.0642223077605
1.0744394249995
1.0824348010129
1.2162458787786
1.2509395609141
1.218775130853
1.1640889952622
1.1627715199337
1.1879232587739
1.2055588532129
1.173582662624
1.1811875159145
1.1958987101655
1.1732847647228
1.2241075350264
1.0549142540987
1.0562131405328
1.0470148182001
1.0385622878741
1.1483050434548
1.0907882079237
1.0457394815699
1.0926773550924
1.1623942065134
1.053848291571
1.1158973874953
1.0976362410905
1.1188717155804
1.0741015005944
1.0416882103667
1.018899382975
1.0248355587525
1.0587442276723
1.0430538182321
1.0521923228614
1.0396193548437
1.0331707125857
1.0485150024885
1.0363979622916
1.0129796605356
1.0276066034662
1.0259488310158
1.0149673767954
1.003371702236
1.003175739221
0.99405609741736
1.0082023518661
1.0807334286256
1.0286257420915
1.0728018715748
0.99817163640661
1.0119937470774
1.0155783026301
0.98565364554224
1.0229356317002
1.0382438077463
1.0399896545528
1.1793926192761
1.1244077165172
1.0067488462279
1.015567731674
0.98306995526483
0.99799461617896
1.0032013712998
1.0504841982719
1.0346011619918
1.0005996311244
1.0005481743594
1.0327358027161
1.0900961341297
1.0527611005333
1.2384873341565
1.1816097844612
1.1595595644807
1.2111654373083
1.2332323747138
1.2295991152809
1.0277928431711
1.0762199622353
1.0690691205136
1.0593429077334
1.0591175180621
1.0630167777575
1.0895807569284
1.0816235350435
1.0717827217354
1.0405556723576
1.0496713395717
1.0485188830614
1.0404403860239
1.0638297633364
1.2051150871518
1.2002295073857
1.2434252289887
1.0840167455068
1.055014273663
1.1650136616073
1.1450127812648
1.0853644159747
1.1445572770373
1.0918628065405
1.1521367469116
1.1084494296344
1.1262038294908
1.184524860043
1.119502606936
1.1496662056345
1.2327794058246
1.2238302841111
1.2239628311326
1.173464764199
1.1334597959384
1.1412538985349
1.112004561507
1.1204937652706
1.1658998572686
1.2076912171093
1.0964427916877
1.1122956452728
1.0681845709455
1.0871730688257
1.0921901356056
1.066620191381
1.0209319632817
1.0395189417233
1.0539041813396
1.1197726867744
1.1447246624892
1.1264458879734
1.0798465971873
1.0814080776963
1.0874351147302
1.0632086993674
1.0168895036599
1.0387806082346
0.98976941320842
0.99901504114382
1.0067399430266
1.1137342037539
1.1027676116705
1.0158300996479
1.0416078343789
1.0562819704971
1.0169110540778
1.0459709266829
1.0462176474693
1.0390579977408
1.0624600903799
1.0537334813495
1.0694038279832
1.1116775075958
1.141188337021
1.1035148790017
1.0954722129082
1.1053429219133
1.1213807754348
1.1672836503278
1.1890304067864
1.1434608316799
1.0699851778072
1.0928261405012
1.0557775999633
1.0636959726056
1.057501790898
1.0826690096657
1.0826917550932
1.0978930597139
1.0794924044334
1.1501795693617
1.0468722266214
1.054722062911
1.0387784823417
1.0589975443978
1.060262523831
1.069574609454
1.0705918183114
1.1294578371729
1.1055211990648
1.0599653008608
1.0616082507771
1.0571024248883
1.0615166561505
1.0464948044686
1.0564358773006
1.0464425470962
1.0653226938988
1.0607526147959
1.1692030256011
1.2240042184137
1.2113586675793
1.2647809353942
1.2527503215762
1.2336297716689
1.1774339485462
1.1185552390627
1.1491234930143
1.0964825452445
1.0962870799492
1.0950425065276
1.1169647527899
1.1532238998125
1.1213320406472
1.2609101206341
1.2274916451134
1.2661522607232
1.0880571664915
1.1092785520665
1.1132592885931
1.1307514596843
1.2123888493525
1.1587869229815
1.1718836474951
1.1462779385438
1.1805417260628
1.126114088386
1.1682657275834
1.2554159628622
1.2247386462532
1.2381927973533
1.2170745404714
1.1677579855772
1.2050872082848
1.2560908597888
1.0614370435013
1.061110875983
1.0693173039397
1.081763916922
1.0882927849585
1.1030269799792
1.1050014648563
1.1056420690944
1.1218142050478
1.0762606034496
1.0656739162132
1.075980686036
1.0739840735383
1.1842199950389
1.2134774934328
1.1990221579581
1.1316028145109
1.1553212453389
1.177429675165
1.2612185273409
1.0568256302783
1.030890205912
1.0168163056603
1.053867741441
1.0122532559586
1.0897093128703
1.0274784561102
1.0718601599488
1.1229402608823
0.99752731431236
1.0174012108486
1.0639969316318
1.0684699847412
1.0662376830115
1.0150868769067
1.0006403687207
0.99104227164114
1.0016091768563
1.0040617713412
1.0300478131564
1.0368651176732
1.028801732157
1.0319963649264
1.0536672683571
1.0105639754826
1.0052108632691
1.0059602747324
1.0108904455597
0.99224039219457
0.99582989526295
0.9798964233342
0.98181516199554
0.98295855974555
0.97574018712255
0.98756504519608
1.0604623614165
1.1104131505019
1.0149224275515
0.99534033054358
1.102170032378
1.0417448670743
0.97767515895254
0.99663488244395
0.9772830325186
0.97199458731216
0.97702652287394
1.0165950523263
1.0053492636647
1.1277874820223
1.1551140891641
0.99072575456239
0.95852819525903
0.96293916246682
0.96262475951739
0.97349858163668
1.0022665107048
1.032405382361
1.0430023852688
0.9934822899912
0.98789412678227
0.98195961781686
1.0545031668355
1.0594896760231
1.2224245711675
1.2614700260232
1.2649463321162
1.023789991783
1.0217595879776
1.0879945512403
1.0765979373744
1.0572351576287
1.046515549597
1.0546498009617
1.0648708369353
1.0633673145814
1.0849014810802
1.0944337456055
1.0739119427019
1.0382593386891
1.0336011211381
1.0507152149429
1.0480540010187
1.0407526964137
1.03115357943
1.2263197712845
1.0712492157923
1.0535675360057
1.047109176309
1.0355055507998
1.1952570406018
1.1575825768914
1.1321307516663
1.0660843221628
1.0419270361884
1.1565244403847
1.0592863814354
1.1325153787194
1.1858300964034
1.1981538570264
1.1520379985629
1.1169734735429
1.1149459473835
1.1335926830172
1.1131648707581
1.1535824192017
1.2735024211883
1.2316163020994
1.1671831794852
1.1785410172557
1.151936940004
1.1598147772265
1.1298410171682
1.2386760715837
1.186414295002
1.114048893759
1.079206486741
1.002364661047
1.0294943352541
1.0984461576832
1.1204560307779
1.0631125243216
1.0367619160889
1.0265915621174
1.0332398666716
1.0574846742857
1.0010303369604
1.0030514251457
1.0219699916325
0.9963012803799
0.96652258948699
0.97622160673454
0.99885426182767
0.9909845787617
1.0568638585993
1.0578878071538
1.0144491367162
1.0284210210085
1.0180395280788
1.0184984838365
1.0451382393374
1.0321674694487
1.0386687750887
1.0188268218233
1.0313483710045
1.0561546338173
1.0978798385376
1.1915419778064
1.1243885214131
1.0938830085521
1.0711540454676
1.087682496349
1.1232036102384
1.1411733398065
1.227548998218
1.1334153934388
1.0762006114914
1.0695915838923
1.0780368567601
1.0572345563187
1.0549105747796
1.04300630072
1.0477683905915
1.0415662997208
1.0692125087342
1.0548914743169
1.1091137991808
1.0235470444938
1.0318452429252
1.0153127784484
1.0368974103678
1.0579658876377
1.0568258740689
1.0587985471652
1.0962358906893
1.054276099144
1.0538267323189
1.0491488630568
1.0455122879496
1.0471858813027
1.0397058498003
1.0451962366768
1.0387766814127
1.0641516245737
1.0536205842343
1.1663737583801
1.26730713151
1.2286477160144
1.2621616865588
1.2469952536988
1.1491806545759
1.1382857812718
1.1175945247978
1.1128428384511
1.1267698590725
1.0840447301807
1.0871754741377
1.0781219501411
1.0898310275345
1.1623588912172
1.2650782457242
1.2638213784002
1.2197054503552
1.1180802804573
1.1117055206263
1.1135247206263
1.1816855998731
1.1936316405412
1.1456739230602
1.1655151352034
1.150675451792
1.1372758253805
1.1777739161343
1.127708996528
1.1301269163222
1.1459392012044
1.2161401670059
1.2148988521229
1.2107634823578
1.2227296738511
1.1311954786851
1.1728543008048
1.1881164609324
1.2185611390422
1.0615353021712
1.0652249577396
1.0722833946936
1.0795879314459
1.0855024642774
1.0845565728179
1.0900322462739
1.0828984322786
1.0641332743776
1.0644088379814
1.0715731746116
1.1530858803311
1.2283004598154
1.20810126724
1.0980951316488
1.0873623753212
1.1801624060752
1.049137960628
1.0028618931317
1.0148527481729
0.99409353151955
1.0215798734644
1.0013643150502
1.0771454489939
1.0134141462228
0.96331289873535
0.97816633597997
1.0128304173895
1.0302902983535
1.0059371538019
1.0031762784293
0.97481094615297
0.97995931864051
0.97205209004105
0.98448963266416
0.98106020024011
0.97992240170442
1.0166764849003
1.0164171053829
1.036667566428
1.0077408423093
1.0122442999841
0.99536918810536
0.98153100974356
0.97274530280118
1.0044297092737
0.98726126356109
0.97086241793533
0.97513185119373
0.95292257634467
0.95686550711956
0.95221234536531
0.94592075641323
0.97703016075781
0.98024612802426
0.967474778142
1.0325694539944
1.0792186445436
0.97347430746666
0.95807943670444
1.0594696687117
1.0156978578873
0.94812444086172
0.94173617261033
0.97617419745399
0.99006799259361
0.94068708445499
0.94917079307041
0.9942307228035
1.01048303271
1.004042628449
1.114194902682
1.1344988709263
0.98071456934985
0.92225509851627
0.93064517692866
0.92834387317257
0.9332374158786
0.95603460948837
0.99656292156169
0.98134617222975
0.94289221215107
0.92480607542072
0.91197932729871
1.2338021955624
1.2537698726595
1.0075767949399
1.0842267594907
1.0769261656101
1.0729172092305
1.0329611610163
1.0598669287408
1.060899422011
1.0632165627285
1.0929738103665
1.0859669537889
1.0723617037671
1.0323529776461
1.047041171825
1.0428585862112
1.0505145113483
1.0426110867239
1.0534187762539
1.0350899864712
1.0152914686451
1.059539619706
1.0939568229862
1.062787711094
1.0696025576618
1.0081690288678
0.98628426767326
1.0220650057476
1.1713286111876
1.165422274067
1.090262783961
1.1541176537054
1.0641686313872
1.0146406700438
1.1570511643792
1.0262895388324
1.1057639418062
1.1677676363552
1.2113896909639
1.1946010055998
1.126316443163
1.1077744472121
1.1106008657653
1.1174797189604
1.117887878012
1.1627617566955
1.2683922636135
1.2657639867842
1.1769852434567
1.1664813324148
1.1407178355669
1.174178625789
1.1287640832325
1.2073659505187
1.095958462781
0.97391016897246
0.97340430570411
0.9850561870995
0.99996022961436
1.0420637051471
1.063741238808
1.026286215218
1.0079409752747
1.0136350520583
0.99763292972013
1.0482370750919
0.96832550592311
0.94765514726637
0.98374839967666
1.0004706050232
1.0153522054073
0.96280358981216
0.96518957589898
0.94427598846364
0.98055513140829
0.93050997670546
0.95411571226571
0.98586575719774
0.96790953388225
1.0001286852882
1.0130108779604
0.99575916957643
1.011473445446
1.0123381058782
1.0363036808198
1.0276249551728
1.0262560384219
1.0086919438093
1.0323268884382
1.050924628015
1.0957714810115
1.1476884434974
1.1173061998518
1.0609614362129
1.0603204420673
1.0639485207199
1.0843310737968
1.0954220690375
1.1083037314239
1.1357298471021
1.2472515569283
1.1622707208458
1.0584707723165
1.0488346205847
1.052131056829
1.0540058097161
1.030242764564
1.0248279224244
1.0386652862342
1.0740210078613
1.0400417096764
1.0214535701945
1.126963573034
0.99652996816714
1.0128877044248
1.0372245441246
1.0498159176581
1.0405338906372
1.001762944803
1.0439984801058
1.0529797244801
1.0593224131254
1.0424482210906
1.0501178717576
1.0325116093981
1.0282016668629
1.0547701787532
1.050934669183
1.0435538475705
1.2148559178781
1.2321686099474
1.1208739014965
1.0904808935429
1.1011146069563
1.1186361109256
1.1065531164622
1.0810942641914
1.0836022491926
1.0739329261786
1.0866021662141
1.1497972562415
1.2368741117726
1.2249303006112
1.1960634019172
1.0983157768332
1.1063328374704
1.1233372943999
1.1748246498039
1.1713881355726
1.1272928785852
1.1372353833262
1.150100418241
1.1210469154072
1.153892931495
1.1084624403098
1.1110265633309
1.1212015069204
1.1823656783021
1.1855183466811
1.2181729459411
1.1803482418262
1.1810566545382
1.124101906453
1.1391247524179
1.2050069296547
1.2265093269555
1.061325122284
1.0749596011922
1.080302852032
1.0832863000721
1.0851763059864
1.0696674971135
1.066683290655
1.0624021099172
1.1168295976969
1.1686989404682
1.2277443402856
1.1767385051937
1.1677764049983
1.0626666159147
1.0501812482914
1.0911522125947
1.1763607090773
0.96551482462162
0.98661333388026
0.97502432322844
1.0413524205493
0.99128253752878
0.89714534821442
0.925011349088
0.97600565701775
1.0062927758461
0.97191317207083
0.96834860066262
0.93538645131428
0.95100921599401
0.91430793590487
0.93854248589416
0.94156248963214
0.94241197204504
0.99509624241256
1.0231363250199
0.99997521786633
1.0134047613211
0.96872172128526
0.97401444948711
0.94087741083281
0.98487462799722
0.97809970587081
0.95412350583379
0.96909072044756
0.95058594762574
0.92446355737829
0.93546110722754
0.92558659461534
0.92773642593221
0.95187310458349
0.9626009672946
0.96309956900862
0.95222727259666
0.94873158009324
1.0282354769102
1.0446112816321
0.94305767837353
0.97954303955816
0.93454449081142
1.0743225463402
1.0095648982005
0.9331148772373
0.91799794960734
0.92950524687066
0.94803568771669
0.9694360796248
0.93823282350693
0.93818773732942
0.9264662949642
0.99826015719686
0.95831748852099
1.0964353687588
0.924173693848
0.91958671581298
0.89921899532824
0.89618222776069
0.90158766476355
0.93193620354534
0.90462331684527
0.91081618452035
0.87979635498323
0.96984626196423
0.91314302413125
0.96315306521925
0.91174077456723
0.90447460750042
0.90004714798203
0.90125024963388
0.99771915998895
1.0916066361105
1.0717985541602
1.0579037830825
1.0868465823758
1.0334941975133
1.0558176801713
1.0675250517913
1.0261725864088
1.0419099139657
1.0499279134557
1.034465429603
1.0531944513728
1.0466629578548
1.0350205568674
1.015734319746
1.0688931536226
1.0824479399772
1.0293936529809
0.98768679628628
1.0157720838647
0.96104195414166
1.1694299816182
1.1477100389215
1.096348312785
1.0495269009224
1.0123323987083
1.0949604674103
0.99424414635427
1.0212105708871
1.1154733079115
1.0085967225506
1.0601698364629
0.99941793380573
1.1288847775649
1.2221759827611
1.2341755180206
1.1409421254832
1.1074569533202
1.1385503714788
1.125724232624
1.2535786770051
1.1830217521044
1.1457100220737
1.2038879986076
1.1302446027044
1.1422071757013
1.2200092177018
0.9420451938982
0.93081943507218
0.98006363136999
0.96956217821357
0.96836226082877
0.9548108803105
1.0424079169511
1.0192128447765
0.98685747261407
0.97742756084657
0.97484177180471
0.96935022471919
0.94821018811304
1.0284656202583
0.93217100696811
0.98450181786252
0.90717278125351
0.98737262581431
0.94179365604964
0.96991677715821
0.97792114813447
0.92516601428175
0.90510908439022
0.90398501063141
0.93184106411104
0.94410871472892
0.92081947261017
0.90706353511445
0.98085537003579
0.96872147337501
0.94955375421353
0.97616813192992
0.96525971743013
1.0017975300437
1.0058019572113
0.98280340487674
1.0183077095324
1.0072995312529
0.99036103921557
1.032156367751
1.0247697869053
1.0771658527907
1.1128234542496
1.084361046013
1.0347541544919
1.0247410865099
1.029808943458
1.0589675074227
1.0540289137957
1.0693762875819
1.0793591432956
1.1165492642143
1.1248468759652
1.0442647366979
1.0326083938746
1.0532542608253
0.98679620239611
0.99925814311628
1.0235148177121
0.98969971572185
1.0203806471042
1.0493013979572
1.0498242933727
1.0246120722175
0.98032432319345
0.98206650080165
1.0689335152475
0.98452014965247
0.98124467459123
1.0131821121511
1.0274163273852
0.99394687375904
0.9627249733405
0.9936190067227
1.0344645026825
1.0374500736125
1.0191658273035
1.0402988557466
1.020523711645
1.0466830129559
1.0393889851335
1.0327277327143
1.26436307375
1.1035335113563
1.1218064825825
1.0862189861981
1.086224297678
1.08205275257
1.1001465752892
1.0853339698647
1.0683258645303
1.0708975316323
1.0965879371246
1.0801794582269
1.2699795859526
1.2259377531915
1.2169197921872
1.1057779483105
1.0827329799703
1.1035127489235
1.1325806852079
1.1709440487168
1.1234521701669
1.1358148076073
1.1576841709322
1.097934383531
1.117095471343
1.1768624667139
1.1898999465103
1.1770615208305
1.2145685789366
1.1487859749447
1.1867665525656
1.0956844023642
1.1198726637035
1.2281588300075
1.1682493399253
1.1810413193956
1.0633318986
1.0652513427875
1.0643402228614
1.064428275669
1.0562894800544
1.0587635732238
1.0621828052007
1.0731298395292
1.0993720245449
1.1810618328849
1.168844527147
1.1331845311635
1.0087863543478
1.0481209471468
1.0288076376488
1.0423990485841
1.039544037653
0.93383775162796
0.9508183232988
0.93127469733119
1.0405005846066
0.87561712010944
0.86608995813697
0.97212332690781
0.93347520795498
0.98588024218047
0.93462968894196
0.93344883177742
0.93186117563107
0.92050976195361
0.93418310596966
0.88282576927195
0.90982577365953
0.91737251508746
0.94824666699791
1.0252781818007
0.99520314039737
1.0170091882442
1.0032571357263
0.94426190167686
0.97738230837718
0.96959022302709
0.96827370637562
0.95921317831969
0.93543732945798
0.94238896354119
0.93902364577787
0.92475730057539
0.90961588565496
0.90873717854134
0.90344789015474
0.92674459170743
0.91586697865666
0.90919783316077
0.91194477196055
0.90731678101114
0.91834166536429
0.93327577853668
0.95378759882215
0.93311732650281
0.9309102399653
0.92287875540845
0.98340371299075
1.0572767431705
0.98203322121931
0.94644480076929
0.90850333344371
0.88489874883479
1.0320068168184
1.0099736125927
0.96045884017203
0.91554342101497
0.9030375637129
0.92459791570288
0.88850905400157
0.92961408893349
0.93188924573987
0.91942279244516
0.91785663846388
0.9080397762619
0.98987494191285
0.97554533445899
0.93707744544065
1.0430633944795
0.89111509700122
0.87455489668263
0.87942233472518
0.8718560450603
0.88723025489257
0.85335208354071
0.88099612476434
0.89874575664111
0.90476304712074
0.86358839979691
0.87688552711274
0.90338486704852
0.85089945717144
0.90920833765479
0.90810314174941
0.89876591177059
0.84686168478467
0.8355794783899
0.85785694960307
0.98841885077498
1.1007419363746
1.0869739747407
1.0386356808768
1.0323276548967
1.0586722007514
1.0532418543537
1.0114203557111
1.0367244227382
1.0469378822573
1.0436944762708
1.010102972656
1.0809365455144
1.0795662226792
1.0050548569481
1.0284530474113
0.96985239682159
0.94885871247233
1.009254936357
1.0014269873703
0.9457345304864
1.1117591257365
1.06027346079
1.078346265551
1.0352220422295
0.9718574169638
1.0058973534533
1.0757872234074
0.93945125100636
0.94247617193717
1.0098555767282
1.0502309931421
1.0337623472558
0.93962005207859
0.95390549018677
1.1522716512267
1.2057248013061
1.2447485668968
1.2283633750636
1.1605275027538
1.1100022206125
1.2259489047337
1.1789909282209
1.136297554795
1.1965956820229
1.157771520139
0.91596719955214
0.92572161482807
0.91409326147119
0.9345863942631
0.9353415683706
0.93774066461189
0.98257002233424
0.98780483297104
0.92401574234467
0.9271456308
0.9326293882306
0.89130304850487
0.90482204639795
0.91632533001354
0.92193209889824
0.87723951207817
0.89051888838169
0.93604456037572
0.92685065210398
0.92739400237117
0.92252286042284
0.87909137088843
0.8858845561388
0.90833355073646
0.92250828701672
0.93150260701682
0.88599851989533
0.89796939370339
0.90396728818551
0.9522132491258
0.93760721787875
0.96251178432216
0.92424299876746
0.96408465727018
0.97749012493549
0.89232394753489
1.0013591352784
0.97577329758814
1.0056700161799
1.0197191277536
1.0146846755356
1.0453157123518
1.0798265264548
1.0057737805705
1.014444236488
1.0121721118725
1.0186743341513
1.0474312412232
1.0445193596957
1.0742227642651
1.0619254344791
1.1038632670371
1.0422340384733
1.0410835978889
1.0316060459208
0.98963084389649
0.9501548942088
0.98246873060616
0.99538868754873
0.93403056540644
0.97021415148859
0.98426671075281
0.9879356168341
0.96072588832468
0.94354602113388
0.96988581449498
1.0168585908652
0.95157948447031
0.91699581377633
0.92299004642045
1.0283827150346
1.0063228232778
1.0311010521126
1.0296305248485
1.0359897389887
1.2251910794343
1.0900600258446
1.0876143740859
1.0671239206221
1.0661655931455
1.0729691888194
1.0813063892796
1.0659172887087
1.0639688621311
1.0536784369284
1.0693498219943
1.0699981031319
1.2440827438913
1.1747824259972
1.0898212173842
1.0959233344004
1.1187779572168
1.1476257434944
1.1000245354821
1.0948192677246
1.1283548026375
1.1512935164577
1.0845286545282
1.0753931543844
1.11267792198
1.0912991326353
1.1327395957569
1.1477034120614
1.133431153042
1.1570037344111
1.1435027131465
1.131759731276
1.0800398920217
1.100640956246
1.1750748855993
1.1796811394737
1.1343706591351
1.0493598926123
1.0519379874853
1.0506455722217
1.0562079194115
1.0546448414295
1.0348865553388
1.0375950374597
1.0999337248074
1.0495085914912
1.1213760223753
1.1790047005948
1.1164021153263
0.99042045448999
0.9660693720612
0.98446552237998
0.98730033936873
0.91355648192718
0.91436863096271
0.98232796177683
0.81990451824412
0.82371194214243
0.92758170099025
0.90278890408551
0.94412498029651
0.92226303228534
0.9147985612642
0.90832748710345
0.88183171694913
0.91233629325907
0.85998001408162
0.83386058574069
0.90447825152646
0.88257577249632
0.92682643297291
0.96953653273586
1.0162669095717
0.98931392365275
0.9373415599232
0.95909866386561
0.97735524358024
0.99369312899496
0.96723005216611
0.94815837722859
0.93130609383464
0.90878182521636
0.91868256979123
0.9163465732266
0.94840091763509
0.8998600912064
0.87607866009095
0.90021573432124
0.88069994087572
0.90163556996701
0.89027031518063
0.87827665284261
0.89250080146381
0.9035785111
0.91975520697357
0.91568017725011
0.92706054475067
0.91679001449653
0.91792089972805
0.92075098767027
0.90401010097519
0.93080898683216
0.97222801496991
0.95110601121689
0.91934984946313
0.87748855434469
0.86655604756602
0.98338954977765
0.95521341782744
0.92927138750267
0.89110456540718
0.88654934869532
0.87794143519414
0.89163165600205
0.86641132249435
0.88798581343433
0.91503401779228
0.90562611173715
0.96736356497372
0.90577258412287
1.0072392117537
0.85049490586521
0.83179532332658
0.83782803295121
0.87192095724079
0.81643195143547
0.84425459325203
0.81360902670079
0.82988747695301
0.87671588090078
0.83046488502091
0.84020566396383
0.88542638489355
0.8094108609178
0.88380030057054
0.86132021362922
0.83302260308437
0.79496008103757
0.81333796728988
0.97831981549802
1.0762163332003
1.0278121441027
1.030902309504
1.0094740454619
1.01455788046
1.0619051788147
1.0250659395045
1.0742156152339
1.0242852245411
1.0251017435281
1.093661804944
1.0566654782401
1.0001491414305
1.0091566605529
0.9277918408651
0.92016170004187
0.98254600677374
0.97383779368072
0.91937768708602
1.099091917423
1.0323000670969
1.0716761672229
0.9641686851212
0.93033249914077
1.0428563927473
0.97246381178916
1.1016657642106
0.93054891450974
0.93755901065511
0.9762549070061
0.92664774685627
0.93769084116329
0.93789376663953
1.1358090947847
1.2171051207465
1.1294690954473
1.1202455308752
1.1070315508793
1.2489406385889
1.1811452991474
0.88003818353497
0.88517221024305
0.91858576678849
0.9184050770045
0.92317511375314
0.93274893907786
0.91935535367257
0.91893172646787
0.87990399800932
0.9144777870134
0.88776683487638
0.92548403357139
0.84678218264465
0.88117062853216
0.91329537504853
0.90388144010767
0.89434780939915
0.84067996264656
0.82343909399208
0.89596733716695
0.88171471217814
0.83887834773009
0.84896328335694
0.87846183049058
0.9180117825148
0.90408752651347
0.86108800579996
0.86548162412622
0.87420116007335
0.94632548498342
0.92216799323515
0.97421411001256
0.89951848600345
0.9443019167649
0.96692907338199
0.85076990238163
0.94689839870027
1.0026408991256
0.97962889514314
1.0007385711767
1.0180420388763
1.067175714883
1.0693645578071
0.98365366923807
0.9849908102148
1.0067609502089
1.0125384198527
1.0134043313342
1.0020996050365
1.0316414366655
1.0660729561342
1.031880483019
1.0803184774458
1.0345504545261
1.008921411113
0.94928588393707
0.93008513976851
0.937931461211
0.95288413052197
0.92462950149613
0.956503814195
0.9578844856914
0.94063244234218
0.91859669021201
1.007844082953
0.90887977244122
0.90938747949142
0.84933313441775
1.0323308700184
1.1885312583921
1.051770284648
1.0561040960753
1.0593567096146
1.0574996963872
1.0614242329209
1.0401473519261
1.0410992147446
1.0701659860089
1.0484100554337
1.2186618439562
1.1556212213393
1.0670637777013
1.0862202231341
1.1161194414199
1.1009517232453
1.0958343384213
1.1251947145156
1.1179918280158
1.1271926768599
1.0757305062575
1.1042482906654
1.0834473412012
1.0808514599926
1.1131125720872
1.1160423557422
1.0870164252198
1.1662157735406
1.0944377821342
1.1037435772618
1.0616377113382
1.0673635104905
1.1657267127041
1.1242250583229
1.1318131575932
1.0391528046319
1.0441594475492
1.0354908658545
1.052567259412
1.0353069853274
1.0257319005311
1.009107379743
1.0316619560549
1.0551733305968
1.0795175551154
1.0270000463023
1.1174016824538
1.0710538278502
0.9549765241195
0.99600887541582
0.9303324167191
0.91838615031069
0.92994784317968
0.98412496237935
0.88775422323726
0.87608352080983
0.91994121154173
0.77266339708196
0.77662518714567
0.90116194971217
0.9221459059153
0.84472889466178
0.88631807772793
0.88557299294721
0.85487979118526
0.8936627408699
0.81817107589659
0.78266700107074
0.86741358363414
0.8440763058107
0.97396035638525
0.95490034238832
1.00567530285
0.89700328928214
0.92981104002151
0.96729431825655
0.94269886158823
0.99773138598799
0.99500095399834
0.93816850432795
0.91491168449813
0.93072514584129
0.90454058265874
0.89445129605549
0.89425210752152
0.89106009651576
0.8817114451516
0.85881006307351
0.86554869927629
0.84638172784605
0.87064374409668
0.8666678243899
0.85279424932404
0.8839878543615
0.87123702485831
0.87702829705833
0.90267196852642
0.90156224234265
0.91248269432528
0.92277376323193
0.90607885973387
0.89576105080934
0.89897093408659
0.88722003667441
0.87881555313157
0.88324388972718
0.9132121854163
0.92529293880539
0.88019572032277
0.85594452679871
0.8351151418053
0.95371530486977
0.93839166579259
0.87897248814786
0.85824799124942
0.8938044390536
0.8622843822455
0.82945437827836
0.85596603417491
0.8792283520715
0.8847040025261
0.98261582825025
0.87546810548145
0.8339398960912
0.80469406401354
0.83023923748962
0.80856624932111
0.79760148776118
0.79214552432835
0.80702221349147
0.8149051865171
0.77741569543925
0.79671087303813
0.80383097645614
0.85165805018307
0.80754898211617
0.8621931220277
0.83393538344986
0.78750586306216
0.83283710327451
0.78254172265996
0.75675057641693
0.77430024171419
0.94928699266401
0.98948452979488
1.0374939329656
1.0123192463611
1.0157281479303
1.059086575999
1.0306024356912
1.0318322194858
1.0864077466266
1.0610169291125
1.0364002177845
0.96109909877742
1.0053644187474
0.96661660113134
1.0171693406993
0.93589742764523
0.92750870515759
0.88185046361931
0.96178221583561
0.94711900687625
0.89973975082737
0.87619089166657
0.98065327158152
0.95514310287587
0.92726006680428
0.91919155866522
0.87285534302118
1.0002033129864
1.0179886252077
0.95476259153518
0.87428476442063
0.90704367016373
0.92926289391576
0.88541774726843
0.90772873750694
1.1197742803605
1.1339457369466
1.2249489717368
1.1616156613091
1.1800451604588
0.87098494841405
0.88739537563682
0.86545678177467
0.88763746546567
0.90883942314664
0.90847645977295
0.94235870674242
0.88634137353564
0.88412252109456
0.82938476636978
0.87994083766549
0.8536608793367
0.88550938796275
0.80069415704478
0.84744291404231
0.87531730401348
0.85812886195271
0.83947388374029
0.81478892920477
0.8173760283338
0.80532835707374
0.79201887970545
0.83139249998154
0.83480369913475
0.79930918606409
0.79526117000361
0.83914338928988
0.88300738347789
0.88091781898738
0.9124764193375
0.87213808649346
0.84622448766656
0.83150694883686
0.85576115296812
0.87149370443174
0.88123124114403
0.86047952604077
0.88638534377788
0.90720137689774
0.87520546942987
0.94730635411022
0.91762929388113
0.97002591053977
0.96793141132608
0.99435920614362
1.035091933747
1.0292249757231
1.0376919198637
0.95320995928827
0.93857446165353
0.97570029879788
0.99301905487855
0.98189851317119
0.9765822005632
1.0049038086935
1.0252045315046
1.0058127897916
1.0369721040224
1.0161511734443
0.99077717384762
0.93530949335726
0.9035814038381
0.92220808010745
0.9364265171069
0.90749014464285
0.90666517216742
0.88987536587758
0.89036562702371
0.85236375911668
0.86462418602098
0.83877826551974
1.0072355024096
1.1912723459974
1.0369787322025
1.0539680132837
1.0111591190745
1.0306767197475
1.0238382853983
1.0446835586849
1.2177200623295
1.1650776224489
1.0782764461471
1.0826111371009
1.0716628040027
1.0688231062089
1.1046088993926
1.0626943874037
1.0631604819116
1.0497305148161
1.0520618082983
1.0559904416769
1.0572052333738
1.1229194774845
1.113228630509
1.048120748144
1.1740703652721
1.0682362930959
1.048423731128
1.0548048987704
1.0110499083667
1.0481185484947
1.0872648753206
1.1284901709258
1.099890697133
1.0469229397566
1.0082566936162
1.0263943625808
0.99805191949619
0.99623727744475
0.9771446710787
1.0579830831135
1.0375514375674
0.96108262327306
1.0791897883425
0.92388827991522
0.95540292168553
0.88696555358621
0.89515021107435
0.8939248357013
0.94681813919477
0.84409644555108
0.72622436600019
0.76036585468147
0.75338234350511
0.72997464032633
0.87247391219022
0.83618910141533
0.88466951341674
0.80543518495133
0.87106798567935
0.85116679699025
0.83833161486622
0.85347409335121
0.80033475572136
0.77712646792901
0.83634132052077
0.95093224137207
0.99601110727398
0.92397947267477
0.92432829600716
0.89307750532852
0.95243593127458
0.96572814124919
0.98916098954088
0.90065093498178
0.90046503769896
0.88042704910469
0.86474453625649
0.86433213366254
0.86446358983406
0.85833028791038
0.83031846561093
0.84386617596444
0.85262471684509
0.85371740198499
0.8473869058355
0.83692046464364
0.859484500902
0.85726481806532
0.87836469387994
0.86325884550249
0.91948956126007
0.89992880288879
0.90683895249706
0.90034536505362
0.87215619740005
0.88389859804632
0.87659167707336
0.85380610403547
0.84252075578641
0.87113568534704
0.8779384341928
0.85216007973086
0.81095297383574
0.83750606533806
0.92670963083554
0.84730146168674
0.86056358050585
0.82864198017214
0.78236820715424
0.84048764512655
0.84328773702448
0.85616070538219
0.94468636503677
0.86763266565446
0.82011481644744
0.80616277204425
0.76714057583085
0.80526105978374
0.77983672248861
0.77043073814825
0.75252351681825
0.7603810680172
0.79071629409018
0.76202288736207
0.74155314615143
0.75716214166267
0.76314187831194
0.7629207459471
0.83257084749926
0.79578798507157
0.75961387104591
0.75058221639772
0.70609517982406
0.93992893359335
0.95911388280525
1.0240034144075
1.0113993001666
0.97643492078537
1.0419705797236
1.0194523878953
1.0608024448985
1.0753872657752
1.0461215142223
1.0552702861282
0.94021641288833
0.95270440560647
0.98995644786209
0.90565115311983
0.89686155760999
0.91820233944222
0.85387380783322
0.85941714749014
0.93288844001089
0.94888274873375
0.94055626881839
0.85884811601085
0.84837697280946
0.91020127282578
0.87921425907616
0.87137536137056
0.84302671930508
0.98994636771374
1.0687998483956
0.88881731043914
0.82206239555912
0.86279119328286
0.86940773058302
0.83632301922239
1.1406342663733
1.1096162652911
1.1453976945351
1.1872714581146
0.84483296969227
0.84701521776435
0.87679354006434
0.84276340688888
0.85828117672255
0.88923688973204
0.82932306382475
0.8380342900213
0.77811027351539
0.86695627455623
0.83431828912168
0.81339242145114
0.86345423430376
0.75549165300751
0.83608114979368
0.81099980874929
0.77730102097964
0.79295157062365
0.75098015374638
0.77621144417781
0.7520206192804
0.79674774160581
0.76870614267398
0.80912656441297
0.82321821488233
0.85005969855546
0.86523151320929
0.90373926060182
0.86832772331921
0.82235127194607
0.85177661927789
0.81164830013567
0.83865539034259
0.84735158265259
0.82002227236439
0.86670927717794
0.8966138709897
0.90711111788156
0.84699864043277
0.9005249739607
0.95916503612157
0.98169174064309
0.9654785433736
0.97899504502083
1.0176999966443
0.98222178226388
0.92746846838539
0.94297407541079
0.92754378021185
0.97090080484321
0.97433524825577
0.96224208486805
0.93501779615807
0.99284581936937
0.98520931408563
1.0354503343268
1.0029353539899
0.93264646463641
0.89670852707794
0.89754331071929
0.873578043358
0.90712939412062
0.89218508363138
0.85240288635684
0.85318727133786
0.84915913042016
0.83344852163029
0.76828778128691
0.83251599696688
0.98878972168636
1.0359014145551
1.0338232679936
0.98906565367753
1.0005659657186
0.99685275632852
1.0306318448971
1.031474385515
1.0455664443848
1.1343865896334
1.0550379135007
1.0347477359239
1.0763608788735
1.0456330104349
0.99167011689058
1.0065894943943
1.0252198657915
1.0094259693326
1.0350209314802
1.0650082599381
1.0615584933197
0.99746081718142
1.118451655381
1.0441942986846
0.99883710440702
1.0081648297738
1.0744621311456
1.0557563184861
1.077998837948
1.0226515471674
1.0088395254222
0.98100611553162
0.98076389456653
0.93685101991579
0.98989899352678
0.99484499269201
0.94650268620119
1.0592619043571
0.90460872703368
0.87518676596107
0.82334385530193
0.86312763392711
0.82589670683599
0.8618774401439
0.90560088114677
0.89244190117569
0.81626758206385
0.70900927538705
0.7281562434638
0.74843334928391
0.74684861702196
0.70238601216227
0.70761727740242
0.82391346625774
0.8033033389504
0.76138458694829
0.83556013083605
0.7894912066399
0.77554667383278
0.80716611233863
0.9370028137319
0.92100915201
0.90893961120147
0.86563670097418
0.95302608637004
0.95699454555207
0.86459823581387
0.87079622970998
0.84843278744456
0.83847208718262
0.84200732846473
0.83793490416254
0.82181976580146
0.83287245575705
0.8293214597074
0.821620112156
0.84705587753884
0.83185507629837
0.85240149109403
0.85455184381609
0.91050368613261
0.93197562810862
0.87022485360728
0.86681371132417
0.85155440374797
0.8555145041574
0.85722209885129
0.84038394059965
0.78085346172803
0.81759554868328
0.84223864119127
0.78357550377347
0.8159493285765
0.85998000510385
0.78653416324544
0.75177961217316
0.80622595752098
0.81785637588773
0.84717346760593
0.83029307905183
0.79435310553129
0.77025470178167
0.7755874035986
0.75073994852971
0.75150667564655
0.81232025953586
0.73201647403151
0.72323148236973
0.72310588962486
0.75718267646354
0.71683490196403
0.75287685213379
0.73990189236183
0.73816055420514
0.68881276002835
0.71836609565964
0.7268016162506
0.74873198755756
0.80944250921871
0.78312838405116
0.73894034278053
0.70718358446604
0.73583169812421
0.66253364991673
0.91954565256623
0.93799541996492
0.98748336583564
0.9742967763379
0.97588713019048
1.0040010994456
1.041298217506
1.0135867489115
1.020749204761
0.88701491809077
0.94447286429361
0.96019889925881
0.91656984932518
0.98195587634759
0.98262792127892
0.88758292036695
0.87214980276973
0.88037610933061
0.83268128017202
0.83337287967255
0.82903589807598
0.92040572976781
0.94643200631254
0.90267582441255
0.82424909786904
0.80629096873808
0.83563975851087
0.80178982761167
0.8520062539669
0.81493492409721
0.79069885031337
0.93358372361791
1.0090349917821
1.0482891897848
0.88517875300799
0.78100890125085
0.80987889231764
0.79910110332442
1.0829633806818
1.1292162407522
0.81553285108256
0.79732848398312
0.85501012650529
0.8088890041443
0.86790874399192
0.77173321275359
0.77631719178463
0.75005031730665
0.84878920749577
0.80217953436099
0.78046437265849
0.82100639463135
0.82558663935539
0.75051838850693
0.70960217950624
0.79831405281011
0.79842255554827
0.73255202701923
0.75467595143842
0.70239684180308
0.72475338554232
0.70464728515588
0.75130510740042
0.73277213387043
0.78126419765263
0.8067073892274
0.83499915373949
0.83618884607777
0.87167484416431
0.85909215494549
0.84055786066096
0.79879675687811
0.82520359719562
0.7860828622358
0.80899279364293
0.80106988075499
0.83200452664309
0.83676302387267
0.86606336650211
0.88913088604436
0.80228841384552
0.94425554957995
0.92964055405525
0.93636719469164
0.96728932059678
0.9493264458365
0.91620943813258
0.91142372701041
0.9158315122316
0.88335998280579
0.95024399698981
0.96700407333705
0.94006349370925
0.97395993233329
0.91160280853782
0.9378619161284
0.87399323500881
0.85508795772221
0.88533696040171
0.84420337837863
0.87026204870106
0.8395553808219
0.82942544287015
0.77462247218044
0.82471582376789
0.74506199198554
0.77661960652364
0.98756749397642
0.9716401279008
0.97250742813185
0.9903039754319
0.99971041307183
1.0130980230238
1.0419602846713
1.1122770784361
1.032221654664
0.98907577057143
0.99493872494586
0.93730208963103
0.94939890397354
0.98395429628009
0.97574516501501
0.97171192763772
1.0138652735226
1.0369299005403
1.0613478523056
0.97929846056674
0.97097637139429
0.97634159034869
0.96127014350233
0.96648281835915
1.0527979352065
0.99476809028106
1.0338429620277
0.94405070972174
0.91961345409769
0.9511068973171
0.98868266676326
0.92066887946266
0.90943738966952
0.85654769817062
0.8286444411102
0.76393750608451
0.80341790930294
0.83205541682745
0.79158499543183
0.82644957132633
0.85645975306362
0.78733972475146
0.6509484889201
0.69378908772673
0.71971020904728
0.72064934163939
0.70559508516168
0.66296646899616
0.66264405284816
0.77087565646473
0.76274968559475
0.7121089683971
0.80951889124002
0.74527941316906
0.76203065209418
0.89772517489154
0.85782622952086
0.84227327939643
0.94838284655504
0.83074734023983
0.83180356698882
0.82489110055435
0.81412855054321
0.83483344042557
0.80339700213946
0.80362074896831
0.81255891916767
0.79980920240774
0.8148411012046
0.84299646412396
0.80732981963038
0.83573898679215
0.82959911615971
0.87967481086015
0.85777806591899
0.86870571090661
0.84293657104849
0.84543232541902
0.79660114634005
0.76725888684955
0.73594997470103
0.80191486701071
0.76775873706762
0.76948185495989
0.80164310019667
0.79204004618194
0.74062164872915
0.71945307428001
0.81409174731489
0.80213053729876
0.80217128561736
0.79806049068955
0.77244657408342
0.74466912188389
0.76889204623931
0.72939036387048
0.71802068229141
0.70855364709225
0.79075775668069
0.71050900410309
0.70601147745838
0.69695315977882
0.71560226566336
0.68608317284677
0.69341957720737
0.76286165984133
0.69892457750291
0.64431871111389
0.67662428319154
0.69329210283486
0.7029826372515
0.7094309005858
0.78835370263476
0.77235211044872
0.75854517250721
0.71607785114054
0.68705043387298
0.66305384330274
0.89067309516939
0.9121395721057
0.95979404530801
1.0085522744836
1.0570953811289
1.0376693646383
0.8763709694287
0.85906934446697
0.90972099631295
0.93821488649927
0.86940029477101
0.91318349755076
0.96940875195389
0.86473828570926
0.83608360210472
0.86725367503776
0.89335677411764
0.85113885770171
0.7789645733486
0.79212929046728
0.79827959484846
0.92030882538792
0.80638510426862
0.78072549915287
0.78082349943938
0.79287937501932
0.77535051477155
0.8542399785089
0.79991397112113
0.75968366774802
0.78956142894313
0.94207471623979
1.0496587292419
0.75777213826616
0.76202417275517
0.78324850455121
0.73634091358867
1.0728329109222
0.77704930050305
0.80321242435037
0.79135673149523
0.74204565741665
0.7464433654457
0.70005432328817
0.79777667036959
0.7696834887944
0.76952039432096
0.74714086727861
0.79585254258242
0.79860780652534
0.70791745273438
0.68090688221941
0.76549187926867
0.7601803068909
0.69422783530852
0.72382667150281
0.72778391964932
0.75158243807811
0.66185249112261
0.71398333047813
0.6994894306514
0.66472533859495
0.72486095799308
0.6957380224179
0.77280129483527
0.74938070051131
0.78513849445921
0.80584814848639
0.8334237715183
0.83714627797171
0.82258432113487
0.81294672950088
0.80472733937533
0.77896040773586
0.78539608397207
0.78535301775371
0.80783578437739
0.80919000254483
0.88162842406573
0.79416572348312
0.92616117270474
0.90483478870782
0.91694679401986
0.90315840529535
0.93956035504692
0.97278034506768
0.87368603146823
0.90079031974282
0.88925168505478
0.86287717945636
0.93473860535858
0.93083071804048
0.91276503839537
0.94250722045678
0.89196415203028
0.90746439753931
0.8511093020969
0.8435283653825
0.81128690127764
0.84543157405197
0.7797656236686
0.74346704490369
0.76909309489358
0.74482033966822
0.69949232182278
0.96010195314542
0.93713234605659
0.93031611408099
0.98577433497492
1.000140921669
0.93896606793805
0.95065874017063
0.9199211067165
0.89581289604017
0.92648748992872
0.9078488913696
0.98161756149038
0.97517279237375
1.0396426789338
0.94151538836421
0.97102862200497
0.92892429127308
0.95616516038673
0.92254882533781
0.93322517368331
0.99080058911219
0.96507434181407
0.91735052763023
0.87171037193899
0.94848808583395
0.86516483227724
0.83990075573477
0.82858587925638
0.84086771663836
0.7971260359888
0.72223791736437
0.76072916457378
0.77269705004571
0.79398599381508
0.77348158242889
0.74969000656821
0.81864382781087
0.80980897057551
0.75449501396555
0.65438590076051
0.64195429707508
0.68431009771603
0.66407707184776
0.677520989532
0.67860327336992
0.69902091375671
0.70620050651746
0.68675741927542
0.66488510907737
0.64958868835881
0.7409666154444
0.71010899175019
0.7374108253303
0.86754068194306
0.90225056869844
0.83094202642309
0.81119903480851
0.83022927049972
0.91520154711568
0.80867810484613
0.80402604931513
0.80003810337528
0.79483368906081
0.80184010034149
0.79000851481056
0.79396896256271
0.79195304067316
0.79857791188311
0.81089917701703
0.77819015424915
0.81213471035936
0.8622454464609
0.86014946455281
0.85051987171307
0.83137176466943
0.84900114733647
0.83406202391774
0.80885838173257
0.82916047147572
0.81332400035999
0.73815602797246
0.71753782761481
0.70489610201259
0.74271228346564
0.74568500017337
0.74622370507399
0.7825566465788
0.73338053384649
0.70440068893808
0.68327598088407
0.77243206154318
0.77317301194914
0.74136239175049
0.74563404892678
0.76296440038873
0.73310032309466
0.75780446383905
0.75000948139952
0.69832606563776
0.70253633909538
0.68202913174122
0.67956210502474
0.66391405553164
0.64096501836627
0.68682418081191
0.69547967036532
0.67779203578131
0.64617330741368
0.70404538240654
0.72993915150726
0.64371027928139
0.61458017493808
0.62292670929507
0.65260388388585
0.65676945583544
0.69531558002152
0.74383742688434
0.72470267177068
0.71816461730478
0.61485486063159
0.88927440137741
0.87567537010387
0.90912391337773
0.9358426364129
0.98896831337814
0.83036066224409
0.81934112103678
0.88195343177481
0.912344425573
0.90644909616894
0.82283666268573
0.84476133191907
0.93755807314109
0.92628008927371
0.80473406974892
0.82335193144238
0.87033328487249
0.888922807068
0.83834009444494
0.77840483131159
0.78659808767147
0.76411321154859
0.76864635550679
0.90414529516423
0.76518864291516
0.75034239702775
0.77139999670776
0.75641427160569
0.78084984732272
0.76541655860458
0.73383673671995
0.73053669506166
0.73599645638657
0.99260021258963
0.70135074692592
0.72909000438477
0.72717344547896
0.70344793005711
0.7433583014279
0.78715436934733
0.76592255367743
0.69868987267277
0.69770781093547
0.65659470514433
0.79664845043063
0.7336607595102
0.78900468280367
0.74306065812613
0.71609942854338
0.78019171231134
0.76521275909865
0.77017971321789
0.68718702952116
0.64810442083254
0.65596993585599
0.73697434760958
0.66982979296397
0.68942893297339
0.71265082148675
0.70331629135154
0.73020467291719
0.73737888174898
0.74645170777174
0.68631482226886
0.65941204273166
0.69274598135671
0.67699954547421
0.7421657145375
0.75621519719531
0.79172304796326
0.81811882470277
0.81697355978628
0.78726194641991
0.74855476949978
0.75577394796827
0.77961106509855
0.79899068694842
0.78112245155073
0.86058080889371
0.77843067928512
0.75215876270426
0.89136403558619
0.85320793650328
0.86914819004133
0.8624386021335
0.89992500885645
0.94983955201951
0.87077993424066
0.89125816758565
0.87006951253711
0.84351349137418
0.84530780324322
0.90963398362955
0.86937700928542
0.82293567026338
0.8157452442504
0.77926625021333
0.82927367086148
0.75870884460083
0.70306615105671
0.72515853335594
0.703152104024
0.6551191322422
0.90736093382906
0.91012903135962
0.9093392297898
0.9159827204167
0.9396159321373
0.91454406600069
0.90534466926891
0.86713895673229
0.83775343155866
0.90223989154695
0.9013790537479
0.86178680054645
0.91214944081682
0.93113808004482
0.98848922814431
0.92309235254272
0.92337089643003
0.91303163617492
0.89288867705186
0.89883119969637
0.9624542256552
0.90794650079126
0.90467254354979
0.83773781225954
0.90189000575929
0.82914702643154
0.84323176420971
0.79798486533991
0.83922463486564
0.79836740764272
0.71523425944951
0.73839796993938
0.74242231547058
0.75661704832368
0.75465975256798
0.72530866756339
0.76332243994698
0.70251529649368
0.8071173150035
0.7838308750756
0.79344135249464
0.7554635020179
0.61766992588124
0.61234667759554
0.62588438362977
0.68965659389759
0.66786740041739
0.64053368263273
0.65328780973844
0.68228409211408
0.65435820157466
0.67385024575288
0.69498293909809
0.69866019662081
0.65276737068627
0.68355108701086
0.64345598060702
0.61006597251273
0.70275453841779
0.84783270055553
0.86783817585962
0.83794653108688
0.80086268955704
0.78745603103697
0.79865410665355
0.77845356762819
0.78508743317254
0.77767242522451
0.77709651328141
0.7846524184944
0.75287562265462
0.76351268059595
0.77573175193728
0.76867542417381
0.78068204266613
0.83082168580095
0.8461821122074
0.80703977441416
0.7962367921415
0.80931205337356
0.86130498541069
0.80739088054856
0.78199621554932
0.79878373553142
0.78937106751926
0.70314270636399
0.68090167396063
0.65918403643601
0.69964392470261
0.72953582394261
0.7362448832114
0.75153208915846
0.70876291809664
0.67211568987373
0.63473405511119
0.67201705635467
0.74259349420484
0.71903304409304
0.73998788115142
0.73986521788505
0.69507045599234
0.73075988255787
0.68818615870383
0.68094994501123
0.66524643217962
0.64045338853886
0.64430576021313
0.6159125084007
0.64567184845012
0.64880739481905
0.63181052314464
0.6044605446919
0.67626942730421
0.68540286320672
0.61128674094653
0.58372981609657
0.6088134451026
0.59745957535227
0.60339261509215
0.62492135347644
0.64822574409031
0.62120682885207
0.6778775097894
0.71853172206332
0.68865046238023
0.88826594676768
0.86543056932568
0.88643428369052
0.83146426964394
0.80811140152148
0.87829335469011
0.84635687992184
0.89191927490718
0.77663125522076
0.79823531546696
0.80930703524292
0.81498944505782
0.83468961067423
0.76615949693462
0.74584956807864
0.74459624998304
0.72406711726159
0.73145216893021
0.76191694164479
0.72472548884288
0.72993475253534
0.7127397405719
0.69863769285003
0.69135377308969
0.75391383901338
0.72757034211482
0.68345299207935
0.69430065922661
0.72419768769605
0.70566718417925
0.69156511351834
0.67182695214155
0.70527108491267
0.71183886256445
0.69030711827797
0.70773698437789
0.76550874339804
0.737227832441
0.65579061135921
0.64957399900536
0.63073602138238
0.75996207553264
0.69893947610888
0.75634118044143
0.73741825350065
0.71749526281228
0.74813882762582
0.73655766164024
0.6792232244391
0.64947533885994
0.60333725046764
0.62768555523342
0.66146661123847
0.61699941959985
0.69768137031303
0.63019911398299
0.65572779429478
0.67534261121646
0.6584629698981
0.71566348045617
0.72671315380183
0.65095033030045
0.61114881181697
0.66833493850976
0.69722749324173
0.64215545501808
0.72386885418054
0.73068774029743
0.72806619596926
0.77056810160491
0.78439655791104
0.79747963193198
0.79566200931555
0.76687993375756
0.74737399022474
0.74798127457266
0.75964029611669
0.76470579708322
0.74510261834203
0.72969467393597
0.85141762852202
0.83809475875197
0.85545858241909
0.82270738790298
0.85899318340758
0.9124896274956
0.85590659288332
0.8657418326083
0.85772687884307
0.80574620257887
0.81136832001003
0.8155729764524
0.80844798667554
0.79337543505583
0.7470930030056
0.79882615864233
0.74208851293424
0.65788116540031
0.72087231790183
0.65564883601705
0.63139661192133
0.88538269183532
0.87558186118682
0.86720842830839
0.8743201267383
0.87910711937592
0.89542058739704
0.84517763308674
0.82798145845245
0.81778987677066
0.84728387751926
0.86365870339123
0.82887743502294
0.86900889079607
0.92080981260752
0.89115529827197
0.89635399795642
0.86098942173003
0.86874452367888
0.84316216954758
0.8662913990886
0.90663416102013
0.86602493214434
0.87586454014977
0.81893077316024
0.76368384536651
0.78161558175131
0.80365376252451
0.778474516147
0.67930362966226
0.69151936782437
0.708536167844
0.72104233561262
0.71532375116874
0.69709005537356
0.72189573301416
0.67517079537825
0.76773797775514
0.75755412174482
0.73726022974377
0.7020683494235
0.61154191380389
0.6045918111768
0.65889831184163
0.64937759383426
0.61147317146064
0.62767681079163
0.66217204910504
0.70007040077363
0.65481254695416
0.64378325524773
0.65483631357778
0.66349218493855
0.60727919866702
0.64589647321291
0.61109087723156
0.59033839063288
0.6557058460199
0.83160827100689
0.82742460940925
0.86264243124473
0.78358405661668
0.80156314626525
0.7681252013707
0.75717984283674
0.76513846220879
0.75869442218354
0.75688678333223
0.73927808265932
0.73901552402498
0.79748375311642
0.80298565543942
0.79200590569986
0.78831809860314
0.80612025794102
0.83269730722676
0.78242066983769
0.79529628788158
0.75237695806956
0.77075664383195
0.66347506267459
0.67466794139839
0.64856988553062
0.62697111578677
0.70994172422567
0.70262737925772
0.70602159997111
0.67499640627113
0.68589379951375
0.62536493145323
0.61408905460482
0.6662303669672
0.71524378112166
0.68580370985111
0.72562567961273
0.72826108219746
0.70157604806375
0.67926973739283
0.681381911093
0.66042047470989
0.65081196338498
0.62981877166277
0.6066111826646
0.5978484184508
0.60414754402403
0.62170635990844
0.60004651851545
0.66031220414432
0.59817115256745
0.59201637365061
0.54729474621262
0.58534504572502
0.56152944441797
0.60074764653356
0.56478352730029
0.61676825320594
0.83226815563538
0.83519562364122
0.85386094849913
0.79988993300044
0.81273770896061
0.76265600506955
0.8281239672718
0.83103535203658
0.74353919918486
0.78303417349221
0.80995398680355
0.81983606314157
0.73443074578982
0.72508923001293
0.73685473714078
0.76360761634423
0.71968810732723
0.68846441200551
0.70329017011112
0.73218391203136
0.69793960247285
0.68202957597426
0.65765997509269
0.71759147166397
0.72875117511117
0.67975625544895
0.66933021974132
0.66300115918926
0.66152471700431
0.65528229800974
0.68152663998192
0.71635787742433
0.66227109991807
0.64563808763041
0.64352228075697
0.65616707297032
0.6807773205315
0.63162430173391
0.69601402593196
0.68339006068925
0.73138539004925
0.72247832218569
0.63046317793543
0.59522384196359
0.70365063928462
0.66272574740728
0.75967392155211
0.7245322454741
0.70606187416248
0.69609040216663
0.75472392159236
0.72054364419918
0.6364208133132
0.61912073814886
0.5913515301817
0.58702780061291
0.63034010108481
0.6137690457576
0.59347049549054
0.66095638233443
0.62499652433948
0.61190580211369
0.65194904112145
0.69155163711827
0.7145871489269
0.73620623025893
0.64030191666211
0.6149266546821
0.59774287103528
0.6389205642625
0.66392131440265
0.67310527653674
0.70029284010135
0.61269250590273
0.61718288845003
0.70762304386673
0.74640539458181
0.75612468347292
0.78783273472192
0.72469517679237
0.73057448407065
0.73627813212536
0.76221761345134
0.73728663866674
0.72090411447089
0.71125353481042
0.84108261259036
0.83656918176687
0.80711226104968
0.82825511881907
0.79430107481258
0.85285904243271
0.83484742013641
0.79466369179736
0.80723885233301
0.78695588867142
0.77634051588069
0.75954830965048
0.78792816831106
0.7775158896528
0.71318556076614
0.74123285269752
0.63508321921052
0.66219310299187
0.62165816225374
0.5976077634685
0.8584018178313
0.84448304240036
0.83062439365899
0.84641975804424
0.82911113103143
0.84519162191957
0.82241376480466
0.78196031530976
0.81111995158453
0.75545914731441
0.8398754503402
0.84926178910076
0.81771819129267
0.76308730730672
0.83069840019567
0.836018892789
0.82978591754223
0.81730173308703
0.82941180416059
0.86571378767837
0.83509159826524
0.84511220891987
0.7624750508371
0.83035255779478
0.74935147817696
0.78721859376394
0.75911629277443
0.75634637981382
0.65289878256648
0.64306326540843
0.69475058942539
0.69808371696875
0.7133632156327
0.70214128598335
0.6946994980664
0.6857732774742
0.67305785792952
0.70461713038343
0.64181601909863
0.76643633784426
0.72695635892222
0.72158385973523
0.70712025665409
0.7257924916483
0.69455085550998
0.57829375061068
0.57906717793504
0.58950990143007
0.65233853451478
0.63486526768217
0.58525889632003
0.60789367209542
0.63094854125761
0.63176230682329
0.67194092358533
0.62105241183236
0.63017775505065
0.64181479198907
0.60843783352408
0.59538192468411
0.60631936544129
0.56604647702763
0.79209824232722
0.82373876711932
0.76465568698472
0.77028865937317
0.76593305354698
0.73907175844421
0.72638498718379
0.73101783204844
0.7313401064459
0.77772255171428
0.79484811944063
0.78337319564856
0.76808906935631
0.76638887595283
0.77289291062044
0.78766087127163
0.78655944418864
0.81902859022184
0.75171075923108
0.73045455958156
0.74287914571329
0.62052074654313
0.61150150446971
0.60007360777968
0.68099634994653
0.67863445412971
0.64167993584149
0.64895490996289
0.59829255793027
0.60305428735317
0.62903199577895
0.70611837266516
0.67134993012855
0.69362821326827
0.70856861662289
0.68885285193763
0.67839227748409
0.65855438763787
0.65116837135547
0.61723092225162
0.64534087119924
0.60804283453429
0.60991600111469
0.56244142321094
0.57304188623382
0.61994080030791
0.63089270651914
0.67016843561742
0.56518869437067
0.54998756476197
0.5275659412381
0.52041324928864
0.53383267038852
0.55412743751376
0.58791286579193
0.57042458371055
0.54058999943448
0.59579449943143
0.82777885262028
0.7673053428845
0.77128689935541
0.73715911348721
0.81426779393415
0.77814812049755
0.69946364670283
0.78687333815026
0.75009958423248
0.79597805949219
0.71084625285717
0.68789948210923
0.71292888980309
0.72329462902466
0.70104426478233
0.67827840165776
0.65289065871678
0.6715654799621
0.71524767891199
0.65211411287981
0.64583416828446
0.6241013847256
0.6626204433149
0.6785511106731
0.65123583019421
0.63815141330676
0.62910311977369
0.64064524764204
0.64659185273788
0.65025396220844
0.67044526302316
0.62678609539698
0.61059090823953
0.61594004408162
0.63619862898694
0.66275294816645
0.6492406565868
0.59530388606254
0.5614455177528
0.67216136198434
0.63221559343426
0.73290815126505
0.68033531546937
0.67167716584927
0.66472953452195
0.72319578766161
0.70969014172243
0.62968785668417
0.61516395609042
0.59160025837265
0.55914325922741
0.58579618504073
0.56981045179794
0.59463424832573
0.56495965194112
0.60129202897471
0.59346938259196
0.57433160745784
0.61795362900638
0.64068384085603
0.67418427265401
0.67413273412161
0.68431056350521
0.60491275914782
0.56449753385079
0.61968963859823
0.63746802971787
0.68446308178182
0.65118460369152
0.66653758706867
0.59732431037891
0.61808855762624
0.74265443134203
0.7513025013647
0.73410473163756
0.69912989910507
0.69973082913484
0.7079947725356
0.72892589609039
0.72064646348316
0.70770188081512
0.68782885488247
0.81131058701701
0.79564825497922
0.78582254423986
0.78269578829633
0.80994137114874
0.7574095562029
0.78876920355681
0.78565090541528
0.74571280529893
0.76193850513306
0.74582554964584
0.75005069503956
0.67218858643654
0.71145723454544
0.59732085562339
0.58105634157663
0.56492701040493
0.80712018891915
0.81318723664953
0.79260524161404
0.81358851527105
0.79621927457256
0.76276731746501
0.74731613247511
0.81317977331465
0.80233821108436
0.77308245412588
0.73865927455372
0.8306356670041
0.80270950600086
0.79512853441074
0.70711073548498
0.76549725125936
0.78304027464858
0.78101849317959
0.79181669347098
0.78206610065121
0.83278910030566
0.77056505504161
0.7808426803439
0.75502383487955
0.77018666293382
0.71798694669629
0.71631989386651
0.74979521377478
0.64695912435032
0.62672932927967
0.67676867262536
0.6811148839044
0.65555739806038
0.7038404835407
0.69546662174733
0.68616802627299
0.6582994928847
0.64310654113341
0.62889114897274
0.59914113569498
0.73262110758743
0.7095381118103
0.70369285458497
0.69443552408722
0.689340316536
0.68746950694758
0.70140946650267
0.64704868577123
0.55965787630846
0.56985119256361
0.61917474562157
0.65598950477135
0.60029033229981
0.56060242554474
0.58550622697423
0.58457270806773
0.60411021744965
0.61943728159813
0.59530784297804
0.59952534703669
0.58792204616
0.56571248095987
0.57804966662153
0.59090711583372
0.53663604882179
0.75918114226476
0.74074509597582
0.73609413939676
0.72420559764341
0.69932458047213
0.7255975042552
0.70918745395358
0.71324222480401
0.76094379346549
0.76128973223499
0.77378622802386
0.76276585571464
0.74400561810445
0.7501701906188
0.75697926328795
0.7730720469228
0.71994070871744
0.69836830767444
0.72499310529983
0.73282743658427
0.59259019039063
0.61069451322116
0.59095143565063
0.65219601230187
0.64250070748309
0.61205030565119
0.62358753917759
0.57613845754188
0.57768299253571
0.62015208834048
0.65993631038242
0.68812542582013
0.64358140321056
0.62934330620635
0.66626243339362
0.64145044872458
0.59595905102243
0.60702486970639
0.59015808923604
0.57068475245908
0.5555974001215
0.54189232474182
0.5741429018353
0.59873396359228
0.62886531113351
0.65387397009072
0.54059736378157
0.56049599916108
0.50525508431449
0.52132875250811
0.49629357807783
0.49923296521819
0.51412228206353
0.54120362065308
0.55566227621449
0.5445363181671
0.51519066631619
0.73742192617771
0.77263379412077
0.75343708076745
0.75226188852903
0.70011750846834
0.72612906538297
0.65469289040684
0.76404478340748
0.72776478728835
0.757264235684
0.67954813451275
0.65168077017034
0.67059224912315
0.72635596722269
0.66655676461997
0.70673770639493
0.6597392540472
0.64051420673562
0.65065996663179
0.6533532082844
0.67293615145052
0.60578447254555
0.59728753313031
0.5764437407869
0.64728701195003
0.65289567498596
0.62259095678318
0.62749282880507
0.60852569942827
0.63098992944484
0.59104815173856
0.59987344415449
0.63475126576419
0.60753815363313
0.63047214539638
0.5981471820953
0.5842399187993
0.58876876089657
0.61705495899305
0.63931239207217
0.63261173574184
0.56343390032599
0.53738983930624
0.64117484932393
0.61823976152731
0.71182746864415
0.65780799480852
0.64925107707206
0.67221447766088
0.703769172622
0.62006506117019
0.58698620937478
0.58780708311081
0.56642162449761
0.54670315255157
0.53596857290417
0.55536186909623
0.5482704912235
0.55993387013542
0.56318854358743
0.5480420000536
0.60718296542534
0.65359993615244
0.65295298092253
0.67386982400189
0.5792500094801
0.53700847036698
0.60099772760652
0.63024541368568
0.6214307193476
0.67290170039325
0.64903247296456
0.64479207645868
0.57395365419605
0.59439798744297
0.62527945873956
0.7177567882251
0.72645598171847
0.72903223550681
0.68143182651741
0.69653910833607
0.71788810111259
0.70374399905715
0.70043399260211
0.68004769459691
0.77012578288011
0.78603614381452
0.74335233555812
0.73603074543015
0.76989550749314
0.75699856447886
0.72666135855382
0.7323314822355
0.72224992407724
0.72190603413869
0.65713430749645
0.68905182975482
0.60008211113486
0.56602404971222
0.55827725306431
0.54446674443803
0.78031234575653
0.7701529761867
0.7745184087684
0.76462732242197
0.71436212555845
0.76034148585595
0.72380506644082
0.75721121780683
0.72866196600233
0.69524450883269
0.70319827110796
0.7698597861479
0.75949406975707
0.75956443971769
0.70940388977036
0.69991214634568
0.75417487422161
0.73010700589253
0.75618041103277
0.7459539444808
0.76941834075164
0.73093860934863
0.72928171456389
0.72019803672764
0.73488899282415
0.70144195996277
0.70528594935187
0.60009368522873
0.59835005803451
0.63747692221353
0.65208290069337
0.63738455260712
0.66960075727192
0.6887066335999
0.66857981897316
0.65449889381065
0.63301923199205
0.60518236736543
0.60675736209004
0.59484286115787
0.70092216572618
0.6851421022504
0.68074206204449
0.64650411679876
0.64665119433733
0.65796257252348
0.62800284534633
0.53805168647732
0.56336123711256
0.5452873423177
0.60379172356153
0.59963613905097
0.6329058110387
0.54967025555737
0.53520051185029
0.56732537116477
0.58391146009097
0.56033961716015
0.60071503466493
0.57206087550569
0.57177043397669
0.56414928947232
0.55743418282247
0.53358530976085
0.71950301584
0.7002620109513
0.68605231247268
0.69065740074062
0.73450541592757
0.72859359164611
0.7509892625692
0.74414997118506
0.75253420357993
0.74119631015515
0.72671802607435
0.72057142843635
0.73403854346214
0.74119136203047
0.74561622830506
0.69711035199329
0.69796457588612
0.67344321296239
0.71746331328775
0.59370253166052
0.58277120061001
0.59097112811927
0.59171006726912
0.602161378495
0.55479224765082
0.53701619375365
0.61156879347119
0.62787610755385
0.6668430272621
0.68957909084034
0.63637075494734
0.64735239303329
0.62730580347932
0.61044472216389
0.64402854791642
0.61485020632127
0.56580147306036
0.5878888219208
0.59803144190359
0.60528252488009
0.56234950966861
0.56938042316867
0.54683972422699
0.52476934715254
0.51982190711716
0.52791206706098
0.60321400920095
0.61078346472349
0.51180396116085
0.53138203419265
0.49753150612086
0.49548977150634
0.50134949247569
0.48739862974391
0.4718027227318
0.49424948946807
0.47453260932694
0.51521162748545
0.52758108047178
0.52115518484529
0.50841595020711
0.71735924399927
0.7141792055444
0.7521686351243
0.73443140192622
0.69706053042121
0.66877958539673
0.67886737541065
0.64048354030385
0.72647414914037
0.74998932197437
0.65612156615311
0.64048748918757
0.65877546430022
0.72460571472076
0.66590054507605
0.64119445556283
0.70911150541555
0.67744369255561
0.61169695591091
0.59851955511817
0.6367116274558
0.62570765648265
0.63090712815548
0.64101673532009
0.66062579368838
0.59139495616636
0.58681477646166
0.57148221729331
0.57516225792041
0.61080365329265
0.59960302328536
0.62703318662729
0.57632371468516
0.60078098771463
0.58263345144491
0.57794011330714
0.58082840070916
0.59000137155885
0.60203401662795
0.60412620272394
0.5618961344006
0.56300135461487
0.57014105550563
0.53781614986332
0.5766651447496
0.68181630819891
0.64516712053589
0.66413734839876
0.67821025620655
0.58964647110337
0.57144976368174
0.5669467013903
0.55687048258455
0.54714498351212
0.54304485243741
0.52606074656068
0.52504877776547
0.53003895977131
0.53687583743714
0.55305207284942
0.53868953039955
0.53148751083878
0.54704345224862
0.53673581940714
0.59257878158466
0.61722933990466
0.65640369512481
0.62573091518785
0.65664398443801
0.52626196474641
0.57242118189735
0.60550071246937
0.61366612306675
0.63070130766621
0.65163946262558
0.63914626788327
0.56740236940642
0.56159719509174
0.57387426964376
0.59799910599523
0.57805224842096
0.6901943583071
0.71048251277655
0.65945426692925
0.67246867197526
0.6929099197829
0.68347756080073
0.66790574097589
0.75064004315985
0.75106587260332
0.72091145187497
0.69883428129095
0.72431291655927
0.72091396724834
0.6869467451588
0.68748731185312
0.63292391864207
0.66595873197048
0.57725339947905
0.54467254905187
0.53354357216189
0.53777265344388
0.74875868151512
0.74622703044775
0.75520816054215
0.75478585632379
0.72684270729472
0.6940129333813
0.69183264718139
0.74521866295321
0.72857082601541
0.66085715888919
0.67131938455006
0.73033568989654
0.70840254862127
0.70149278112921
0.64439753444427
0.69835719210939
0.72057862229127
0.7113379469883
0.72926207143305
0.6940848180021
0.71637310862039
0.70570669667625
0.72427220895018
0.68354817977996
0.6122467391154
0.56826764675242
0.5924204007285
0.62502206891494
0.62424856708788
0.64799084108544
0.64267812387193
0.66113654345815
0.61035548115301
0.60100692401245
0.57042518095496
0.64796857267899
0.64950313297014
0.65298325883176
0.61093371528982
0.61947930309904
0.64707945954824
0.62849194110013
0.59858430468349
0.51151733453284
0.53682471684224
0.58571709074453
0.60136087366038
0.62711128945179
0.52928093806682
0.51542548989415
0.54022974079786
0.55464889114499
0.54776223115993
0.55504027751288
0.57489542416932
0.55003561681519
0.54922706660519
0.5359799388603
0.53943577724562
0.51060125324564
0.70174019281046
0.67126594773733
0.67005180499963
0.69877168227985
0.73018291599871
0.72611695292252
0.7406241313974
0.7331930740034
0.72130499772755
0.71509696848122
0.69749259487041
0.69550638179023
0.67663277667639
0.69809919213107
0.64886949305121
0.6513421675956
0.5503308015133
0.58716773565295
0.54032759622044
0.56238681624122
0.55782010243883
0.56780419640727
0.54416426794393
0.52914820344484
0.52064899549451
0.52316042329447
0.57503234952677
0.62711029952824
0.64312106875886
0.6577577563673
0.60773972248978
0.63418433670478
0.62027422130365
0.60432626203146
0.62227642067896
0.58803330613286
0.58945762125244
0.63929892673208
0.54349598086913
0.55702533093932
0.55531781936948
0.57429434959729
0.58854162067996
0.58287030468761
0.54281467610387
0.54541940855259
0.55288346274306
0.52576412964027
0.50352480951524
0.4929911775494
0.49884394619892
0.57215000470899
0.58982236719208
0.51259798722838
0.49322891461676
0.46304903301428
0.46977270660418
0.45228388436591
0.44499375356107
0.46032561328365
0.4501567425937
0.48669524619993
0.50781219760403
0.49885234649075
0.498815060037
0.47905253918431
0.68021233698778
0.71875924076929
0.6729394612603
0.67604766748256
0.65174089149008
0.64142727146832
0.64522167731112
0.6074806237663
0.71401803641276
0.61936737481304
0.60463511347781
0.69087904230808
0.63823730176895
0.60972755460411
0.64805549210561
0.68866600656056
0.67844426088454
0.58105802699997
0.59685220889982
0.60063183481276
0.60036367563742
0.60493094874885
0.56717145674223
0.56128233275448
0.55901589307681
0.55023017563966
0.58284591393562
0.58380907974053
0.59716833956295
0.55436359895556
0.58454558679909
0.55971258306373
0.55023585624365
0.56625095955647
0.55917338150209
0.56180076873614
0.55366908759657
0.55469110870556
0.59455045395439
0.5832759222679
0.53903114899467
0.53340715026971
0.54248274729324
0.50747054972731
0.67019506044937
0.60343301402741
0.63836447910626
0.66879358245373
0.58346952057881
0.55662001717783
0.54318931556249
0.54505583529985
0.54350867496546
0.52633987108713
0.50553171950951
0.52708006440985
0.50537468761398
0.50949222946312
0.50797066310663
0.5215247443389
0.56767554166135
0.53344170378197
0.529616112339
0.51569437984688
0.54053125377501
0.52199148881371
0.52176145810517
0.59658584391247
0.61483562668826
0.62975035116196
0.50937110230438
0.5599409431592
0.57044536684116
0.58349629695087
0.61746585070602
0.59320983947672
0.62611305563343
0.6190357699624
0.5505789700598
0.5378904778452
0.53456034437182
0.56134654494331
0.55628702309064
0.60180331295241
0.57272668218458
0.69341441046871
0.63027735021393
0.65649494975908
0.6724526470057
0.65269004952459
0.64738646969015
0.72828434118146
0.71344028738397
0.69267123312932
0.67547957201639
0.69302541752382
0.68940613353934
0.67663773693659
0.60854803822709
0.55222436256341
0.56476889582355
0.50515152384887
0.53744305157635
0.50495306114647
0.71260676003403
0.71054704184189
0.71982736089457
0.72087414610736
0.70340507023547
0.64310812496018
0.64896235965922
0.70613356802014
0.63628547207538
0.64060242103089
0.70994066833704
0.65444877240498
0.66010046023415
0.62786288509655
0.65723010274614
0.68900307886509
0.68516210411675
0.69418926810142
0.64921494902773
0.69611793153423
0.67499343636018
0.69022581451328
0.6648753386123
0.59507618929872
0.5803935518171
0.53987975591084
0.56425669705535
0.61308997565856
0.61609528897803
0.62839161028295
0.57615820656974
0.56309174649052
0.53539465440433
0.62839107239025
0.633005277894
0.62990843916386
0.60256705361928
0.60476083473444
0.60819605516808
0.60221109204667
0.57205938943673
0.5144624589695
0.56059513883606
0.58654720591061
0.62165891940156
0.52118478370195
0.50270698724631
0.50223175272815
0.53459265567123
0.53673718404837
0.53279264759901
0.52864711376965
0.51913833611681
0.52596462489868
0.49535916563646
0.51226571822918
0.67744165828619
0.68029347329317
0.69714148610097
0.70781805690788
0.70277611264712
0.70458446294398
0.69707887206847
0.69582957582496
0.6830361838592
0.67688454521418
0.65535363884004
0.67438008180448
0.63328889419986
0.62729877379945
0.53166257464589
0.54647220590895
0.53344725818878
0.52241977747957
0.53448189703267
0.50437053661285
0.508418420895
0.51179808837213
0.54888561608737
0.60134162807713
0.6205360937999
0.63925284487838
0.58432672708324
0.60615453389003
0.59862566778824
0.64877709688573
0.58927949732247
0.62035199274233
0.56295121848089
0.56389864097278
0.63933222274725
0.51980217904872
0.52093282632664
0.54024235955213
0.56162197177618
0.55966200997144
0.52648259924992
0.52879741321051
0.51652035103376
0.49434105893301
0.49037536333158
0.47403380108325
0.48916336452333
0.48242739456076
0.49296487777369
0.56383250146755
0.50013698469984
0.46181221663445
0.44162314336944
0.46919869682971
0.4464600552071
0.44147678095886
0.43623775768341
0.42656907643771
0.44436682569143
0.45437479253301
0.4278322081827
0.4782379073602
0.48198859109262
0.50399789292238
0.47977422715375
0.65619456579452
0.67273005658649
0.65491216621467
0.60843687749428
0.61402640179503
0.57387017012726
0.68812520730228
0.59455721293417
0.61661673642321
0.58961137212069
0.68127675187696
0.64138058773559
0.62095079090288
0.57083780741655
0.60756532490139
0.64629572883091
0.63216623714532
0.66165713969775
0.66803373852175
0.56428150145052
0.58574069991012
0.5889140474014
0.58795430284727
0.53084312936731
0.5308244106959
0.56249526829173
0.52972345804947
0.54912301229404
0.56166324790029
0.53840932030815
0.52363913103728
0.56659988309617
0.5401878302527
0.55175936063445
0.5353478091813
0.5364036662007
0.53083115369565
0.52657327279878
0.51715152089792
0.56946916175925
0.51304091502244
0.51382763061944
0.51689775589836
0.49605581543835
0.64229075477666
0.60515294512538
0.61736972484857
0.64992457224199
0.64652058564841
0.54986475510911
0.5650957025709
0.51334716235388
0.51524529287518
0.54347949619221
0.50506747047562
0.50707636450346
0.50914069983297
0.50685594595944
0.47736655297836
0.50045323534464
0.48254254965664
0.49314083007474
0.48741693699878
0.54458056087824
0.50350336702399
0.51758531943165
0.50854453076967
0.49404421003628
0.48012824730825
0.50619193913059
0.5025072712011
0.52853957841418
0.5106077928572
0.57759389213819
0.58979884025167
0.47901619992428
0.55472335409109
0.54061564296705
0.55775105743585
0.59088125774181
0.58187223835071
0.61237856174114
0.62850915852731
0.52443556588227
0.51491057385122
0.51759564184358
0.52754187620598
0.53390628907829
0.58195441068027
0.58217246503302
0.53387303835797
0.66000036052255
0.63647926251127
0.6653340593423
0.70113657115774
0.6953699735048
0.65223266339813
0.65013161307373
0.66758493491572
0.67356200739011
0.64869581041609
0.59918865436385
0.53299127577291
0.48541187412259
0.509755962218
0.48023183838752
0.69186669882745
0.6883635277152
0.69040134369559
0.65874457644922
0.60756421052265
0.65249917469135
0.61322746897623
0.67774086086307
0.59793589577525
0.61819484904154
0.66262903403626
0.64068757063575
0.64716585589845
0.59572249255316
0.61952706092991
0.63654523284436
0.60854640850613
0.66436316168155
0.65820987839364
0.67102359528617
0.63203528853926
0.57384638775308
0.55899131521527
0.51028661893535
0.53941032626837
0.59750010259475
0.61261814082148
0.55972498477951
0.53922061677334
0.60193140462787
0.60729604335669
0.64368428978866
0.56137089936836
0.57212140163544
0.59676331931526
0.56220646367665
0.55777008090098
0.56251730893646
0.54046969455544
0.59193765412991
0.49462386586405
0.51176959613046
0.48567762353208
0.47633648323815
0.51643177267867
0.51449713203507
0.51490584729895
0.52365587746057
0.52097371956225
0.50598176711397
0.51251112224483
0.50449403468294
0.4897929276489
0.47874475776503
0.50329783535011
0.68468428284172
0.65936781042596
0.69110634075771
0.68898801288524
0.66017922101055
0.65482439511821
0.6326484409872
0.6498652915866
0.60848173994438
0.60128248481077
0.51043549987769
0.52791387846223
0.51175319200102
0.50823853437687
0.49473438628265
0.53347863424421
0.50439668416747
0.47210207757159
0.47994717896171
0.48382270351688
0.59040787436222
0.63195846685705
0.56594135503836
0.59984720131859
0.58181676573954
0.63551535734453
0.59993418449202
0.54703665900039
0.5543479651529
0.56620100142145
0.55254965828251
0.61710496039955
0.52006364221669
0.50881950953196
0.52334689484986
0.53070557100105
0.56196313307746
0.54127904669986
0.53591518594656
0.52517289360219
0.48536579791197
0.46604029637545
0.46671548576859
0.48290886906363
0.46200601810121
0.44432163660506
0.47140558251292
0.47724859635959
0.46579794388148
0.47765588840982
0.46798541911566
0.4547242409967
0.4358561593715
0.42230777956176
0.42370366931566
0.42719877757298
0.41658202448445
0.44127549960286
0.4219531978361
0.44711952459688
0.48666534329636
0.46221137373658
0.48816152309803
0.46181650167201
0.63474184584928
0.63957927953858
0.58865395321896
0.5644213374274
0.66503137593773
0.57511410652003
0.59176404794618
0.57516739509339
0.65999180883955
0.62167406806382
0.63769215700733
0.59002333766883
0.57379016218771
0.55731938937284
0.58463958981055
0.6160430346719
0.60750289319831
0.63993388540008
0.53182334845066
0.5612477295939
0.55710445673927
0.57221497773104
0.55894171459527
0.57927586277199
0.52282503799952
0.54377273062693
0.51090339019438
0.53310688321422
0.53783459410878
0.51101883439225
0.51894068817377
0.52366359845046
0.51774799932461
0.52257964531058
0.54700654070463
0.5239956668603
0.51537465895766
0.52444696448664
0.50243181867592
0.50044383226093
0.52047965133941
0.49319731440549
0.49598607784839
0.49746604362524
0.47541774314042
0.5941005495707
0.5839683769707
0.60092357174852
0.59467258753518
0.61640112972427
0.61758229734784
0.64962186023548
0.52335164796296
0.53251240427333
0.49971875930002
0.50109996758241
0.51468707681919
0.48443866580759
0.48807048864756
0.48184696365901
0.46207838354517
0.47623806604906
0.46213288105104
0.47846471023886
0.47855152969711
0.46767212022572
0.53576412586059
0.50539158220695
0.47571743096865
0.5132350083244
0.47813088722028
0.49034418176571
0.4832353333968
0.47902818800824
0.46122617778093
0.46469881206932
0.48489086489884
0.50425085064561
0.48576522712761
0.55305419479193
0.57422039415718
0.46387838600666
0.54173852824124
0.52112233722924
0.53347872733352
0.58944827302833
0.61087811672434
0.5128369831058
0.50480450290784
0.49853754849358
0.52310486533655
0.56221982319204
0.54390626733574
0.67436563970465
0.66874452788835
0.61785028781794
0.6389468171889
0.62393302004978
0.63488372765086
0.65446470613571
0.61821524134926
0.58190992770928
0.5126759348962
0.47160677077423
0.47510285516405
0.50796437330889
0.48619413115491
0.66435234032063
0.67644026666672
0.65629612404457
0.63531160459808
0.59183248402378
0.61848428968761
0.59470074417558
0.56777044628035
0.62344719239684
0.58571864029535
0.59515315644778
0.56509465851438
0.59773901355017
0.65172527017527
0.6358094353726
0.64968826545567
0.5448911357158
0.52091214868495
0.48729147551114
0.53322543047575
0.5155808612713
0.57768560203568
0.57811534199153
0.538175982505
0.52847436993805
0.55688183460744
0.61527108684609
0.55804298750576
0.5394114421087
0.5471222845901
0.5536841717795
0.53698279388408
0.53140354392959
0.54089482784166
0.58206078773589
0.48094001461733
0.50012513183736
0.48620275782582
0.46348090269107
0.45576336967283
0.51774168560405
0.48877483412169
0.49260476684244
0.50647761304434
0.48551439126956
0.49505509983904
0.47285874827251
0.45426213507046
0.4798685510186
0.66204379451003
0.63313551154748
0.65298866408756
0.67177011527623
0.67383700757382
0.61851215298325
0.63077162778405
0.58564299024818
0.48681723832312
0.50962411795336
0.49760727470407
0.49559290110123
0.49046509889066
0.50251123313231
0.48438015715172
0.46459847341118
0.46526190341852
0.46861885518193
0.48093216332007
0.60198197702397
0.60207471973455
0.58152199368331
0.56341258436379
0.57385969986368
0.54094521396263
0.52093633993712
0.54015288112885
0.55124343141326
0.53618610257261
0.52978287047724
0.49238350204696
0.49318205765285
0.4872452786405
0.50422611700872
0.50462077616446
0.5464213635526
0.52769184622495
0.52859898962911
0.49866733150184
0.47155549502272
0.44634833028024
0.45171936002578
0.44466381752749
0.43076417100713
0.44269831557739
0.48407886641798
0.45894505801759
0.44064020960932
0.44835215950358
0.45175111700151
0.43492758547838
0.42463528995078
0.39991953050517
0.40087408587932
0.40367558548207
0.38774228989759
0.44140332613486
0.42405369846257
0.39585746303795
0.43882245971263
0.43271365589131
0.47747978171252
0.46005617252491
0.47717244537248
0.44582254564959
0.59652887605567
0.60460768583594
0.56252973564621
0.53742901204638
0.62509012466831
0.5673132178253
0.5475317440593
0.642231723433
0.59600227344192
0.61738150489953
0.57947281128968
0.55821032230233
0.55713283463381
0.53425598744437
0.56776080250354
0.5924773933842
0.61142148435662
0.61877003038398
0.51770016094785
0.51816597062122
0.53125888838612
0.536130257776
0.54800957296745
0.55147064651843
0.50456646543713
0.49240327055892
0.51479041032146
0.52916865299763
0.50378723780111
0.48973116384962
0.5107201381062
0.51760762328642
0.49354634096436
0.51091569244956
0.50008633662563
0.51324604799986
0.52876585860553
0.53010296043588
0.50278403244726
0.49136597639798
0.49886822491497
0.49619403121225
0.487147898417
0.48434595212346
0.4869881347404
0.5159761176425
0.48238868488058
0.47161250788841
0.47612412884513
0.45524230455246
0.57426573008998
0.56284915724722
0.605281407842
0.57969794489984
0.60417916188886
0.61240615714721
0.51352352444383
0.52689165950159
0.49618983679354
0.48064351979225
0.47863837160292
0.47091589741483
0.46601564352736
0.4711381771401
0.46400600529441
0.43870688249767
0.44820543670608
0.45050940165137
0.45191198357236
0.44709881974798
0.48285179638683
0.46848109607346
0.46525574799003
0.48544332101064
0.4666182684463
0.47571056502317
0.4602733484613
0.45758980576144
0.45352414556358
0.45959837774543
0.47300854194059
0.4894898328945
0.4848649461452
0.53868795770402
0.55685672631979
0.44855306565667
0.52560273080388
0.52721573151748
0.51059224136429
0.49505628844179
0.52255177726374
0.58887403985257
0.49273506194415
0.47857141117289
0.56787463853749
0.52067797346153
0.59897046273668
0.61601681482144
0.60822528381296
0.63102974316763
0.60623594959927
0.56252510938325
0.46290310241093
0.44743022246364
0.45209003099619
0.47907692516134
0.5102766638816
0.4764977137449
0.62671650397299
0.64170456082782
0.62808265702286
0.61867249587911
0.56011571423496
0.60220924283353
0.55840630909664
0.55288589921919
0.59022999267788
0.56432791357148
0.56703602985509
0.55502979466239
0.56064439851917
0.6265942180065
0.61218511612862
0.62730739583611
0.54314313007227
0.52385771756922
0.50737297190928
0.4734578831657
0.51321808953068
0.55106559053678
0.51340742440497
0.50504345549758
0.52793695401403
0.53004224509702
0.59834579284874
0.55178712842089
0.52653031126113
0.5253740241534
0.53179337516477
0.52623214200075
0.51270106145538
0.52099455405583
0.56219194371312
0.4561532704519
0.46929728754802
0.47785439541389
0.44984152938511
0.44428078656122
0.43888319426232
0.49180396597605
0.47768990031592
0.48065489358175
0.47912797394633
0.4812769548014
0.47175341218846
0.48683465015766
0.48121973464572
0.4618522705556
0.45495545757378
0.43939605631621
0.64136862146184
0.62407608723176
0.61362504751734
0.59847742381626
0.60225466216484
0.56863134657071
0.47503287812716
0.47322846676252
0.46848209326885
0.48491296221154
0.46227793073869
0.47913710178538
0.48510532829351
0.47140330604112
0.44933891492244
0.45565275318891
0.46794708168892
0.57655971342456
0.58021841978438
0.59251658827866
0.55164448292323
0.54876976617407
0.51430937959926
0.53042021021439
0.49560189217954
0.50734991413006
0.52533953817827
0.52603173029387
0.5051104724717
0.48597996611518
0.46767679479569
0.48941126373078
0.52611420863768
0.50057647504648
0.54231794039443
0.50276306277933
0.49306944147961
0.46461591583102
0.45860444344899
0.42856294768514
0.43914674692323
0.4276035341837
0.40936630653021
0.43496214440933
0.46215343177899
0.45147123977524
0.43852065159858
0.45413515877942
0.41902439652634
0.41244863507866
0.40265565070925
0.4187344289961
0.37392869642542
0.38341053314717
0.38150245935539
0.39528722856489
0.36697635758986
0.43300047057522
0.42619209683697
0.39684607201824
0.42343022019325
0.41593191116837
0.45289539919586
0.42889012509271
0.4937417431088
0.45814943426543
0.57542567785915
0.5808349926353
0.53655650061399
0.54283939619586
0.62782658789428
0.58151287991333
0.5899407843275
0.53626884764521
0.56188819828695
0.54996377602661
0.56967367839893
0.52214106884651
0.5316379133671
0.5138434438899
0.57344810454892
0.60276525910716
0.57611632976522
0.60755054890966
0.48984771214402
0.52370493529457
0.49523420067171
0.53307094387587
0.52382418750122
0.53648001492836
0.47556065578785
0.47649116114571
0.49237840183088
0.50084974618044
0.48166936624707
0.47463735150678
0.48809952911215
0.48832218664202
0.49118127486329
0.47589247924986
0.48339322054825
0.47034627674143
0.48144214992716
0.48403894110042
0.51422622593332
0.52438424432816
0.52640654048011
0.47758040749115
0.46783119035189
0.48104084150206
0.4793865335982
0.47864616382035
0.4677174729443
0.46076338881483
0.46132843209457
0.47704239950276
0.45120277434079
0.4555499420059
0.4662014944182
0.43560532481635
0.54820274004706
0.58303787201317
0.54020819020377
0.57116490342954
0.58700077240422
0.58013728461955
0.50682731348898
0.48254827733554
0.50557820042247
0.47348749603784
0.45603443184472
0.45612873137556
0.43722201049256
0.44069718276558
0.45713124503283
0.43742201615169
0.42107259271118
0.42733866172795
0.44607993211296
0.4367349552651
0.43337562568081
0.45285413308517
0.44772368990126
0.47863531027999
0.45974493783848
0.45446692277139
0.4405691503257
0.43219313002736
0.43380180382423
0.43391410046497
0.46309779898073
0.4715748963118
0.57730326342894
0.42764736203571
0.51777381767721
0.50928485850971
0.49103206820072
0.47878973992166
0.49084194590729
0.50684838995413
0.47053855096364
0.54462087949808
0.55598848536766
0.597162966816
0.61551179205112
0.58400746789716
0.62373893814674
0.55127050088429
0.44361692796728
0.42362342799213
0.45870620914945
0.48074244370066
0.45316392083464
0.61702317294161
0.58226202580402
0.54448303941694
0.56869454352747
0.54439647990193
0.52677021884111
0.5565745791959
0.53300964449014
0.60647354369939
0.52644660042503
0.50610759768473
0.48152166935872
0.44839396282303
0.48793274632581
0.53189159505536
0.49126424196226
0.48548338793305
0.5138201534279
0.52203368924716
0.57548609280228
0.52872219978865
0.50319092401127
0.50098966117839
0.51301548721247
0.50484817459678
0.49429380193247
0.45138771965734
0.4469968057838
0.4599922153789
0.42837584425399
0.42706022815857
0.43961183227458
0.4176005443285
0.45746196858657
0.46905185233819
0.45602742480989
0.45816368280361
0.46936193966344
0.44656558500838
0.45938355218675
0.42531457711463
0.4322226004054
0.60186883169356
0.58588980147444
0.5464876317913
0.44604883588379
0.45793089883976
0.45288774231627
0.47308638670961
0.45296042081677
0.42767767615084
0.43260455678734
0.44521169864667
0.56696805261661
0.54913863457785
0.55931369099257
0.5125057984462
0.48684281426219
0.50299856304501
0.51211282826966
0.50018696145441
0.53389798593688
0.46315918902341
0.49991048638702
0.47051591404239
0.48962809443753
0.52349401842479
0.497178786853
0.47519359034651
0.44189060165613
0.43496388753775
0.40591699110113
0.41722411345278
0.40739335531647
0.42617263390634
0.39354298817236
0.41345558548638
0.4539650318101
0.44721278421088
0.44333517570997
0.42767965267285
0.43163761880887
0.43269216203682
0.44549025642508
0.40035103701114
0.38447137305501
0.42791445184181
0.39441287008332
0.36515250541832
0.36465977472006
0.37193832528514
0.36779366711808
0.37207298812887
0.34883851381667
0.35202267317554
0.41165970890665
0.39957340832884
0.37424995216977
0.39206320636615
0.41948237461244
0.44478343936998
0.44099190232905
0.43901099659153
0.4094701382867
0.48581665666368
0.45902983346003
0.55434022382277
0.53036835820451
0.52818424715624
0.60301909721275
0.58233396610314
0.5756103086497
0.5653407246905
0.53506480734966
0.51836616932735
0.52944188064912
0.52225512594004
0.54261913219167
0.50969359680801
0.54151520571012
0.49396898430463
0.50796929876401
0.57040111516169
0.57177659286111
0.48581256306959
0.46876932958218
0.4971702830206
0.51619602506801
0.47561991390527
0.52298480320235
0.49576709044609
0.4692234365352
0.46034731795756
0.47667268055383
0.44608234537863
0.46909833345777
0.45746409213503
0.46365482929855
0.4817183176698
0.45783837350963
0.47043237953435
0.48027836223992
0.50650799448075
0.50134633443082
0.46171907487284
0.46116465470073
0.45567636405842
0.4519266950645
0.46198141608217
0.45422984622167
0.44104887303274
0.43958258531485
0.44157573971418
0.44390301238992
0.44149988999331
0.43683960767129
0.43218017216029
0.44929974697294
0.44660856527925
0.42011022224214
0.42446213761276
0.54631750964586
0.52962714305136
0.56068033342491
0.52161903832917
0.53857260132545
0.55835556040846
0.47878363648255
0.51254069736199
0.46659722832015
0.48000631591463
0.46057882584799
0.4522905940862
0.45646724891636
0.43768248379278
0.44432675497414
0.43725747396217
0.43593010327441
0.42050470532276
0.42739980738851
0.43637282663523
0.42215453475985
0.39908205807483
0.40395689828203
0.41281431356116
0.42250442724253
0.40824325332368
0.40593778453393
0.43945510642275
0.45375782259107
0.42894610974594
0.44297017457742
0.43628430040031
0.45427262473017
0.42331067703212
0.4137130234189
0.41451116036441
0.42731901223069
0.44458786933299
0.45889741944252
0.40357164941698
0.48884371663396
0.53671101089163
0.48345798670956
0.46128277951127
0.47184552332378
0.47313389086841
0.44976207391227
0.53651581375953
0.54998693288483
0.5727453095091
0.59342321686185
0.57376994284329
0.60256902169328
0.43273862330698
0.40849987944445
0.46071948446785
0.43860550121967
0.42938970122932
0.58839850753959
0.56358907503814
0.53113528578323
0.52207893019049
0.51768592758926
0.50526765172859
0.52986834856225
0.50617360648877
0.59324980140678
0.50806562149001
0.51965765288659
0.47493840032014
0.46339709701652
0.44410922905907
0.47073152549672
0.49642879995856
0.47669182385146
0.51247160513806
0.48762925066665
0.4988798424977
0.50016302855773
0.48484749370313
0.47820979338997
0.48121554616367
0.47827734256738
0.42784511867779
0.43721023784486
0.43972817995602
0.40264811030745
0.40435091839378
0.42052686653296
0.39758616076521
0.44883065464481
0.4368480131342
0.42616035553726
0.44414596407982
0.39859007253854
0.4180320882395
0.56402205588889
0.44428966624799
0.47184059873946
0.44618022986765
0.43025514709907
0.41335103462045
0.4211912323853
0.42622053935669
0.52476040277415
0.53970332462661
0.49111527885907
0.46665378058785
0.48840360218913
0.48667456444333
0.4996363461105
0.49853053652216
0.48443762369188
0.51593322182044
0.44728252578693
0.45198148821376
0.47824164972838
0.45302576003435
0.44915985945074
0.47387733315772
0.50342659472888
0.48331098294389
0.46138086119396
0.43452340369851
0.41656447174347
0.39690587601264
0.40072724650991
0.39094201352673
0.39765169772295
0.3820466996594
0.37364663920867
0.41055385473017
0.43962349732418
0.43873171953029
0.44069726007109
0.41818861022461
0.41333310031762
0.40855028737742
0.42535352349377
0.37833364398376
0.37595678208473
0.37944919069678
0.40698318768948
0.39280319310253
0.34390674165479
0.35188390237995
0.35327427099216
0.35011370835385
0.3650976394164
0.33860364538215
0.35187071400819
0.32086438327861
0.32486436456665
0.37531093862526
0.3887082040852
0.37442000333886
0.40112616654878
0.43331388555778
0.41607858712289
0.4030765869258
0.45803884385333
0.44822948764103
0.51948337180782
0.49501920580699
0.58123862724346
0.55750930008466
0.55595537930066
0.51256622933324
0.49187459449754
0.52522533777808
0.50748186063119
0.51848805443433
0.53334177489513
0.49315355341432
0.53725739590905
0.46786340246601
0.48102318458131
0.56840688926128
0.55844816847332
0.46076521884743
0.4858605820799
0.46587083674453
0.44948391025419
0.48218241574593
0.49896690679456
0.46907281493729
0.49518367545004
0.48451358241149
0.45040113251216
0.44994514472403
0.43242806682014
0.43419449036664
0.44913789431085
0.44071662328055
0.46718052290912
0.43985110706655
0.44151129821698
0.46472225279077
0.50907814464851
0.44532280274699
0.44218982042076
0.43280876517211
0.4303394767806
0.44548750799534
0.43078577380214
0.43042005101037
0.4266681319889
0.42248818798109
0.4278287741277
0.42682256421341
0.42701739848594
0.42968858620756
0.42982630748974
0.3977330680895
0.41178997323845
0.51561357621517
0.50401784311156
0.55552382773392
0.50995696692357
0.53279539169051
0.55845763999532
0.47764567725113
0.4915987400821
0.4543239954542
0.45729558084649
0.4739079341869
0.43640530343135
0.43626428571186
0.42205806701367
0.44733561555506
0.42990221501624
0.41412097199077
0.42017990526437
0.42590057033668
0.4191824059794
0.40768346525743
0.41595190923102
0.41365841172333
0.42391369468063
0.4090171972606
0.40077426758386
0.4169605575753
0.39279023989511
0.3732528337401
0.39295192560025
0.3901910256037
0.42470787838444
0.43339918605487
0.42482643450685
0.41395179792281
0.42967124949624
0.42534912575567
0.40202084030501
0.40318863815436
0.39545424886897
0.40424756573048
0.41348895537308
0.4311986608467
0.4311775355486
0.45519084753978
0.39719876444278
0.49145988501459
0.45936815209672
0.45130800035731
0.44126458071296
0.45506578259407
0.45179786446258
0.50857270305176
0.53240918454353
0.52328371564216
0.56472043504993
0.39077626008496
0.44421919667948
0.42207240663997
0.50316444919347
0.49949529486369
0.4859163688466
0.49011421253096
0.4792200385855
0.48515117630361
0.42095655108269
0.44790216894448
0.46287309817808
0.48727613716796
0.4555729186165
0.47917171930561
0.46663643243926
0.49702845018542
0.47272108666727
0.50065932060879
0.46026555040155
0.45938688585472
0.46580872908593
0.45635073024976
0.42350342208894
0.40846998564816
0.42674912533794
0.39227516116672
0.38608738539078
0.40122918589869
0.38347961572801
0.44346532817948
0.42559960645798
0.42765261111452
0.39838072748917
0.40735369903573
0.44966454277379
0.44121253953486
0.41523723822832
0.40911949805344
0.52506343289531
0.51724206909621
0.46456953427051
0.45002920912493
0.47453597473119
0.47047238367791
0.48125587465469
0.49339663600965
0.47841296820861
0.47249912271663
0.48297090600725
0.49388779606285
0.44220875052255
0.4278275102664
0.44155995769249
0.44338888455245
0.44843024260818
0.46229740739528
0.46609800140924
0.42622411038424
0.39707439067709
0.39314439647568
0.36993208562031
0.38593603216711
0.39691248849661
0.36064769052942
0.34906033734309
0.38944664142311
0.4197856415973
0.44080058075437
0.41898110013092
0.4177776822982
0.4014517306047
0.40736919255979
0.37117813466424
0.35367179145769
0.37112621071477
0.36885974176455
0.36447164085162
0.40304021136211
0.37516682154772
0.38335682320725
0.33883861832155
0.31861174440138
0.33130094550006
0.32905413508146
0.33025324822744
0.33879871942864
0.3575449626915
0.31922598550739
0.35307952806849
0.3340808699652
0.29860533705257
0.30914724125888
0.36995306369089
0.35955461974666
0.39255213488967
0.41232799471818
0.43653578471665
0.41086647400929
0.38549280213864
0.43941752777623
0.43998745893505
0.45659994365431
0.49325084532582
0.48293664182885
0.4714832987678
0.55824618953128
0.53803439436251
0.48734268921316
0.47558710917609
0.51472654718841
0.50346777047794
0.49654734921612
0.51115403438181
0.46458459336058
0.50390883891901
0.45899028671706
0.45240841844853
0.54676859616367
0.45825271171685
0.44705198967876
0.44723289241158
0.4324012860061
0.47720556280914
0.45427613518597
0.48994667320875
0.42210862571876
0.42731961299204
0.4164856314367
0.41930721346846
0.43478062950903
0.42429798326364
0.45132849475137
0.42640783939391
0.42136151226058
0.44976656413746
0.4801505928043
0.43578092730731
0.41846090594875
0.43472078754646
0.4226305312688
0.40935098867651
0.41820430285899
0.41392472060364
0.41519289748525
0.40253783918021
0.40294253175618
0.40593687198562
0.39409233072471
0.42186413200111
0.41078392319676
0.3939383624242
0.41485982346506
0.41700400311691
0.37100933011426
0.39554891541867
0.50984170515337
0.5025670131295
0.53885900516533
0.51272289501737
0.48911703707803
0.53488413459205
0.46882534256592
0.45955787566179
0.47739475262954
0.43199632730278
0.44788013515469
0.40640954263951
0.40363354589215
0.39719670310015
0.41833915305738
0.3947329916051
0.40738237465729
0.39987629830576
0.39771529277244
0.38664145381272
0.39923226693254
0.38848016678468
0.4027935286718
0.38149353267604
0.37841641282707
0.3899458768792
0.38350332188064
0.36049162215881
0.35627020858334
0.37382178191989
0.38173421680266
0.4084465574428
0.41711505941576
0.43341933047905
0.40332672091301
0.38911682581875
0.40968344996067
0.41736311569607
0.39786807733458
0.38319146237925
0.37780397255666
0.39545928998591
0.3719482635487
0.38066585323405
0.39504456301333
0.42699432053981
0.43055062331579
0.43906770637664
0.366157858052
0.47286845827515
0.4414680748477
0.43216758161115
0.44475698074863
0.44982057301774
0.49056233661345
0.50606693644305
0.53182193955772
0.55252556399678
0.36825514667997
0.4234506933369
0.39758878495161
0.48580587042781
0.4754814311381
0.47408442004973
0.47354898522603
0.46995225817939
0.40226851513546
0.42341930610392
0.44706868996665
0.46441847067405
0.46089008581776
0.45342815859092
0.46219761236504
0.49152264877894
0.46503946416399
0.45411190536999
0.50594952482953
0.48521414071559
0.45250088758906
0.4343683868395
0.4554393981187
0.4533132621134
0.43114091873838
0.39753300411736
0.38152565498803
0.40922768568197
0.36200720233089
0.36627821780044
0.37748419212065
0.38927039496294
0.38616397403319
0.37993396936516
0.36355711816786
0.40601471418635
0.38905915485614
0.4063822094195
0.45080490526072
0.43008545291871
0.41829060273031
0.39433644533125
0.3857492690872
0.49877779347607
0.49285125232413
0.46388766568835
0.44373156211159
0.46062008792696
0.47483918770301
0.4434618497687
0.45946905063348
0.46597250044032
0.47246371443409
0.48791232994757
0.41834245720127
0.4090513961237
0.4180636409323
0.42032611582281
0.42473846066792
0.45127429743801
0.45505420525534
0.40855498808917
0.36992085973099
0.37211338047277
0.34371219415139
0.35267118687017
0.38937651754546
0.38120073051235
0.34969695576525
0.33348053072002
0.37698963332753
0.40995854550472
0.41779861160621
0.44523844577835
0.40697122014355
0.40904646729987
0.41098959926107
0.40362081867593
0.38350154864439
0.39581283426826
0.35886625807827
0.34152205614765
0.34864289345654
0.34358056859798
0.3374204637117
0.39329750299314
0.36361670377799
0.36260977909602
0.31578418457406
0.30168996827276
0.31577727977595
0.31774308082918
0.31724974966065
0.30008446209362
0.30845019026541
0.31949967278014
0.33449287010497
0.30305345651353
0.34873708487027
0.33061305052976
0.30233756957499
0.2929873583401
0.35373185623575
0.37157385450779
0.33493265811891
0.39237917235225
0.40598616224181
0.41327961972786
0.38590401730982
0.37020529820965
0.4289619816584
0.45488631204256
0.45107445984099
0.45135973448557
0.53954452409777
0.47746134956626
0.4759764190333
0.45748910776552
0.49784979591993
0.48636896289969
0.47901100313884
0.50217105867767
0.48183367176926
0.44590141141257
0.45912366377685
0.43391632789076
0.43524993554843
0.45646088594724
0.43133548348196
0.43855307464725
0.42698843389017
0.41695664622511
0.45821605495646
0.44854431983021
0.47863641313456
0.41938709533644
0.39818562488257
0.39856891135899
0.41185751257325
0.40189503738298
0.43156011333939
0.40954190006669
0.40655691277711
0.41036015180608
0.45313306333039
0.42610995427689
0.47490929064216
0.41830708427769
0.41988816762185
0.41424100464898
0.40512314399116
0.38968344218156
0.38699742416864
0.38500831224181
0.38012578864779
0.38115887495879
0.38328139329563
0.37947989323435
0.39890912809755
0.38961165543463
0.3774322995116
0.39085239134872
0.3867522355697
0.35844749292407
0.48159057771632
0.52534235965338
0.49768654601222
0.47795041949368
0.52634111147144
0.45046228689901
0.44594060132505
0.42524030700236
0.43080540954524
0.45131831337956
0.38972128251932
0.39885370342783
0.39183538786711
0.37900003630219
0.41287610983544
0.3708561918871
0.38533237612112
0.39550112485949
0.38051089748892
0.38006786738477
0.36695459095669
0.36988285933772
0.38232880561846
0.37175850335397
0.36865541264099
0.39976468275344
0.36305495326454
0.36704678908594
0.35676363192607
0.33878321621967
0.33327362238899
0.35748831782237
0.35968474016585
0.36675011042788
0.36292417671928
0.39424978222639
0.40258564554834
0.41246214250475
0.38670849957305
0.38735364898285
0.38189115932838
0.39780457497109
0.37967113253083
0.36194043665708
0.35907453413163
0.38038384957409
0.3722325767463
0.35056859682986
0.36245462173168
0.3782675118517
0.39120735788954
0.40391924190048
0.40505768193187
0.42330355243483
0.34903604801891
0.46219188347123
0.415514898752
0.44810671729199
0.41745598689119
0.41834335574342
0.41834892469045
0.46525560197224
0.47701933641627
0.48605473326527
0.33915341375321
0.37329674558035
0.45148571978658
0.45362243716447
0.45422481824189
0.44902978288704
0.4011095665895
0.40113814721572
0.43609821284688
0.41083491082645
0.43205095130364
0.45741571182492
0.45169834135641
0.42939036430898
0.44958344552905
0.44237980150044
0.47423842765963
0.45207733993406
0.46664153378903
0.43758336265028
0.48817936114064
0.48852072040873
0.42895529786223
0.42754639511261
0.44269387114748
0.42933995443199
0.41817959678129
0.38614202621248
0.3637981826914
0.34212215996881
0.34657454114779
0.34520540044867
0.37436958585098
0.377214637273
0.3626905903323
0.33801321903112
0.36655435629661
0.3895215695985
0.43447818033483
0.42279340746022
0.40352021751889
0.38129075429281
0.376402810608
0.48843876059599
0.4847126432923
0.43882456229601
0.45796317146681
0.42050728277305
0.43643918227171
0.46598088952055
0.44471537848478
0.45500780064008
0.40766607686112
0.41038983051551
0.40442122217042
0.40213599680663
0.41662549064264
0.43914616141791
0.36783730028532
0.34432623896937
0.32516370773351
0.36812550154872
0.36451619350347
0.33261185021726
0.33643064510164
0.30818867976498
0.36077983632061
0.38168883965456
0.39770918393718
0.40748895316643
0.43745521294756
0.41877447452743
0.39678947987982
0.3972446000881
0.39441406389404
0.36857840145567
0.39493609132347
0.33465579210575
0.3680224861023
0.33102406930479
0.34597868906508
0.33466130716321
0.34243006579682
0.32944331999348
0.37041869360319
0.3581918838264
0.35670021915143
0.2849721062962
0.2868727856388
0.31404228481109
0.30208256374256
0.30125661293768
0.30654749498673
0.29321690580847
0.29305985981867
0.29807743336173
0.31289459720159
0.2791328340716
0.32832372485796
0.30649502552373
0.29060206945659
0.26676739745273
0.34835847826346
0.33530368662839
0.35616713745575
0.31850597637657
0.37145649247045
0.39447356292316
0.35631465135803
0.42772188367468
0.44876719543803
0.42512573399678
0.42502143078402
0.45624443083152
0.45407617131428
0.44943896271248
0.44515984071897
0.50108523136302
0.48107372999576
0.46570907016985
0.45915897326183
0.42542562939555
0.43098656685719
0.41119500975835
0.43806876755478
0.41107022234622
0.43939280596895
0.4362040411912
0.4079712042967
0.43059969596188
0.42923242639724
0.40602284828023
0.39559639317656
0.45654191389455
0.43500803595998
0.43915496522534
0.39692222192531
0.37939073501062
0.38377512237097
0.38203864349861
0.41108818079621
0.38709646346616
0.37847674457443
0.41194315370047
0.38438520900487
0.42583990206364
0.41298251293517
0.39584506483165
0.39722530568935
0.39547454663616
0.38693595520557
0.37039635000637
0.35756882128991
0.37388386246698
0.3694699073566
0.36392397680485
0.35676538255676
0.38144319243337
0.37471278454784
0.35787569476456
0.37957979629934
0.38458609240193
0.33199660276587
0.47167885855076
0.46854142516446
0.4441187886338
0.43947580741418
0.42454709846721
0.42660729619986
0.37437633082283
0.38453425996518
0.37677506419629
0.37397174803615
0.36224891275796
0.39720883711709
0.3559874648741
0.37065776584624
0.36940476419787
0.37464296198828
0.38928566364371
0.3659968149805
0.36064581318744
0.34070369973804
0.36152693967138
0.36443862489357
0.37567711605499
0.36023713140523
0.35555956479323
0.35082611529862
0.37399047050606
0.33548006232997
0.34199132942855
0.33799124018449
0.32912119017569
0.31368299995387
0.3364737068888
0.33858446123626
0.34882357084374
0.38516364978416
0.40576821102774
0.38305989386922
0.3705356842353
0.36793435784843
0.3780735062773
0.36289538806178
0.34670538332661
0.35938571136858
0.34473938283376
0.35671435203212
0.34800147234263
0.33407011515312
0.36043658902581
0.37208459611234
0.39029246048499
0.40249478258392
0.40143727495123
0.4099615554035
0.3288109923388
0.44319769440661
0.46700654732093
0.40440564526378
0.42494848602918
0.41168815562246
0.45004590796088
0.44716955240215
0.45468026522969
0.46122379826295
0.33019756620181
0.43078169225741
0.43068564403468
0.42502733710143
0.42905298740021
0.40039793321093
0.41228680756505
0.38710909153681
0.40913524220109
0.38460799195528
0.43416778717045
0.42840854558681
0.40750120802621
0.41565992752539
0.44925279397415
0.41531570001015
0.47697106794041
0.46037132786686
0.43549478505552
0.4491503614244
0.45550602137722
0.41356864899058
0.48747463541971
0.46953508351372
0.40250924698184
0.40415183738423
0.41398301905399
0.41517852594588
0.40316730804073
0.39283994735487
0.37371310014269
0.34269112682617
0.35915277041716
0.32821749481579
0.32548812184496
0.32946678035528
0.34905100348617
0.363081248272
0.34307647048672
0.35574838570903
0.36643448314323
0.4039804911869
0.39700383073708
0.35893822290099
0.35050546912825
0.45463573985513
0.41899473958197
0.43572950812594
0.41144997342669
0.42231448391282
0.44374728086436
0.43398688049037
0.43607439078492
0.39581326697795
0.39262625624577
0.39366485747766
0.3891175412299
0.39276264636729
0.39670172493261
0.34092037407646
0.33088383955963
0.29939818430723
0.37657403404958
0.35472155773331
0.31272740893598
0.31407568827945
0.30054833331212
0.29721022460273
0.3450393596494
0.35242971844128
0.36627700925221
0.38464171887941
0.3981979188515
0.41805073899857
0.40586985859591
0.37970654526595
0.39784609555148
0.37841076252656
0.3662812701179
0.37668650333633
0.33213532015187
0.34528350137077
0.31062830782461
0.33534690386575
0.33327913633117
0.3425545448584
0.32387709670406
0.33659787337916
0.32970364290529
0.3295002239056
0.36293108237079
0.36289310642939
0.3531525945647
0.33688010809135
0.35466230489426
0.26593396478099
0.28702103083209
0.28860707995761
0.26098320572767
0.29306845067744
0.28379725243482
0.27736513196836
0.28550825991607
0.26723653728445
0.26918162832913
0.29650853414657
0.27147097404708
0.30728788487194
0.25825841163491
0.33247870228234
0.30979948482349
0.28756214521354
0.26801804019024
0.25525992851832
0.34888661095689
0.32507650060614
0.31722960448605
0.34247297766154
0.3089917768262
0.36281378493471
0.36802350779619
0.38033668921298
0.34097873908776
0.41663773561542
0.41498926333956
0.41072009679039
0.44237923136987
0.43055077004428
0.46101757596752
0.44913454382192
0.44529186543953
0.42601407443464
0.40218534476145
0.43525042919653
0.39475932910694
0.40474461757629
0.41930052592805
0.40720345952006
0.4353585008272
0.41302797864864
0.42163346417777
0.41155868690815
0.41143378558505
0.41147356239574
0.39838353632914
0.40141168198923
0.38707580917828
0.41295200065222
0.41859899849438
0.38693603994244
0.36581583204349
0.35653576233968
0.36369873271437
0.39315055677395
0.36954663114144
0.36253322674311
0.38643444819593
0.37127313894948
0.41415477697121
0.39024717607334
0.3794985502752
0.39101590118234
0.36710297313424
0.34843316242003
0.35145690575522
0.34727664218823
0.34059502239938
0.35511836563057
0.34262346368813
0.33105330280309
0.35993992089118
0.34484000910898
0.33546293852867
0.36910283266796
0.33216784849964
0.30728192236552
0.45681185286145
0.44858294578909
0.43018824564258
0.40309445855069
0.41852557949674
0.37163332834282
0.3801455975781
0.3542984109936
0.36267940729568
0.36359395317066
0.37914231156436
0.35674975860491
0.34131010950362
0.33637036856489
0.35200987963068
0.3522943595037
0.35730940923208
0.38712541705453
0.36547737711575
0.3423346552666
0.33805665421046
0.33592108804366
0.37237477377088
0.33275170327468
0.35736556301685
0.3394208352867
0.36559245272893
0.32502017505117
0.3284189088663
0.32361106842622
0.32572039896371
0.32175333315069
0.29673616337531
0.2934664168601
0.30984501316019
0.32332355378041
0.32109061484628
0.32710305367036
0.33394655555807
0.36483007571671
0.3590281554051
0.35541443158037
0.35833158075091
0.35750634742541
0.33692140928045
0.32224275213738
0.34167401045898
0.32158445623602
0.3454746296064
0.32963939402664
0.31895443320092
0.34718682725638
0.36301125746582
0.37180661394797
0.39286127021923
0.30774333789667
0.43288605128417
0.44998285771897
0.41436562066931
0.42792816490582
0.42667573956211
0.43137500760979
0.29928257258442
0.30995222626558
0.41222969565406
0.41563509685637
0.41205987051065
0.38236698051163
0.3917739000622
0.38333969915549
0.3960138595831
0.36659695939071
0.411873210285
0.40337787222963
0.39071441321809
0.39310330554046
0.40203292788313
0.40174349932557
0.4129790516768
0.40019488672278
0.45758360924977
0.40948647418227
0.43849460905144
0.43434224653906
0.40481352506366
0.39524071106865
0.39459750424019
0.40020909140422
0.37118135876703
0.3571585642134
0.32730643838451
0.33878659013302
0.30789116074788
0.30065056336924
0.32852454567506
0.29971264060142
0.34855552334618
0.33554399951077
0.32941207440845
0.35168729701415
0.38025050861955
0.45308246621031
0.40539503310932
0.43137924796464
0.41679560864331
0.41093937574504
0.42950154960752
0.41208793744128
0.4177391869829
0.3806141305283
0.39289334958425
0.3776033913509
0.36755870311585
0.37346860465589
0.37018473503703
0.30515074253507
0.27478237229627
0.36244102670604
0.37270325820433
0.29828806264912
0.30985873774192
0.30256042268441
0.28090979080729
0.27548163767675
0.32821785658934
0.3364378774695
0.35358524174697
0.36440357522633
0.38502920616306
0.37465979324001
0.36827521343137
0.37781236354739
0.40547276766922
0.35742439519703
0.37102920570049
0.31302597203122
0.3033440119976
0.3124195418675
0.31666239272129
0.32112590442234
0.30153024864165
0.32686382959597
0.30620336673007
0.35461936227562
0.35826930250692
0.33463378317306
0.33380647831662
0.26138365242287
0.24939215809634
0.29081225780165
0.27398932709891
0.26976484973241
0.25368366605692
0.2596887153195
0.27354844841138
0.28885696250355
0.28088525269623
0.26687593745208
0.24738737153018
0.27032317727149
0.26099436084275
0.2848255917865
0.2488954761175
0.31317668506709
0.29671118226111
0.27132391995978
0.25081950948458
0.23487922293275
0.33517520258436
0.3215152431672
0.31562973688423
0.30018042247495
0.34585675590927
0.28523667547956
0.359254705549
0.32295096662689
0.38291932923816
0.38545566138186
0.43758491333093
0.40275500859874
0.38993189019186
0.39204399408725
0.41547825012801
0.3755098115476
0.37411261251315
0.38459613970961
0.38739272165786
0.40723919910606
0.38580959702476
0.38825860071011
0.41252185231247
0.39776378204464
0.40898542341563
0.39602577138985
0.3935954505773
0.40382159403761
0.40116456959383
0.38116546239651
0.38941378228867
0.39083221608311
0.36193670888131
0.40748228360393
0.37664371149368
0.34809026673006
0.3413965662429
0.36867345819539
0.34970650232371
0.35760133819223
0.37953977916279
0.35647624462719
0.39439507193126
0.36544725268287
0.35922757180202
0.37651293292269
0.39217524073735
0.35955027012323
0.34303571915894
0.33106982237414
0.33637195323846
0.33236886476105
0.33686560516542
0.32692110245534
0.31621497761894
0.33721327674548
0.32804251707743
0.31918850125169
0.35192113907347
0.36477380370241
0.31956027788279
0.29462730043623
0.44733037484442
0.44410656159203
0.43623166824633
0.43297366640062
0.40899798011027
0.39375720857477
0.39406602506646
0.42182070871289
0.40309105471248
0.36629212402032
0.33870986381078
0.36137396261959
0.37667217918096
0.33516065394457
0.34737634895528
0.35036438447008
0.33398300684752
0.36431578284512
0.34123021944539
0.32951422995818
0.32596692526109
0.33311691222483
0.33154288130869
0.34395613438415
0.36847232950712
0.35533059220042
0.33414770068855
0.32451331143713
0.31086382248446
0.34595643332171
0.32557349380338
0.33423907338656
0.35129196281256
0.33041503762792
0.35092373764888
0.30995975447526
0.31582638918504
0.31545945293137
0.30282317951276
0.31226911193146
0.29661259824823
0.28559708294393
0.27650108968127
0.30039418375596
0.31134495690132
0.29982535109585
0.31609981528046
0.31133801358839
0.35428261163721
0.34367160422888
0.33756073338711
0.33592710448606
0.31865342724459
0.30334091655973
0.32476448207133
0.30747322494906
0.31612075691332
0.34014403016644
0.33321216745732
0.32649299482407
0.31429880246461
0.29641392932043
0.33636353369928
0.34105321429539
0.36340036639743
0.37695006788026
0.28824686058984
0.38844483797244
0.40929113193619
0.40489695411793
0.42061465340331
0.30381308159121
0.28881641632365
0.39003696988281
0.39436530745917
0.40884390005172
0.39424149449189
0.3836785406086
0.36234375089237
0.39258454163211
0.38509833301937
0.35836118784903
0.35850634341576
0.39767232567452
0.3624698953014
0.39093308130869
0.3868425779393
0.36456136824403
0.38679802088533
0.39170257240099
0.39545808003461
0.41476444512847
0.3924841901386
0.38945770934947
0.4207315253799
0.40121601702298
0.36565549462283
0.37638414126077
0.38647234701561
0.3591212182428
0.3400495039257
0.32609205442213
0.30330537874532
0.31664994913757
0.33470809062744
0.28729317254899
0.27704279379154
0.31260929080879
0.29106984732546
0.3291328802221
0.31838924667035
0.33069215229649
0.3706548924071
0.43289810043336
0.39247940755959
0.4141553922804
0.39942894955529
0.41601555250111
0.40250412338943
0.40935617497787
0.36699986277308
0.37211087144268
0.36688481864966
0.36316746941431
0.35288034569435
0.36173363882783
0.3597825809198
0.35713214589394
0.27547645573563
0.29545217363082
0.28651576026954
0.28637038772826
0.2709338655728
0.25003094421988
0.31419364573751
0.32713822540167
0.33617805684274
0.35468404440317
0.37534163705636
0.36243777700659
0.35899602766856
0.378515403667
0.39615685001975
0.343167648551
0.29715461953496
0.28684293616951
0.30970466383603
0.2913826075585
0.32023941246295
0.28814898605464
0.32404088088158
0.30851311982615
0.33641714273721
0.33861273225311
0.32418838003044
0.32425646021584
0.32833783289609
0.2401520978274
0.24077443114308
0.26925626922488
0.26706932248747
0.26069066122568
0.24278542349104
0.24441823024296
0.25013115293364
0.25106639679379
0.26973244230833
0.27486765255083
0.26316749140975
0.25590427190015
0.23907971885019
0.22425456817427
0.29142192232236
0.28102375338268
0.24760143796745
0.27475383301294
0.23933744955684
0.21333340535765
0.33097889751429
0.31211453261065
0.311666593152
0.31427375690572
0.27771331762364
0.30210741134758
0.32831019246704
0.27518737691144
0.34050745745384
0.36296764811696
0.3569391934536
0.41775942987049
0.39571316078893
0.38901782903937
0.35828283544951
0.3686585499711
0.3554775586815
0.35215437173462
0.36570296915443
0.39274997747026
0.41041519398207
0.37510669898365
0.40078136399536
0.37425169814458
0.38225326482249
0.39629552000945
0.36107765355511
0.36927615576794
0.37295029901118
0.35037988891078
0.36969875021269
0.33065642683539
0.3211328281635
0.35076226856118
0.32567615024748
0.33628910593084
0.34907069820161
0.33421335783485
0.36425593534519
0.34999626201298
0.33644067929138
0.3638762880678
0.36990108007299
0.34333411122779
0.34761742701065
0.3228059546338
0.31763567045519
0.31589742225671
0.3279865219069
0.3105517983768
0.31627157238295
0.31025536354099
0.3085398613016
0.31635381067328
0.29325382011798
0.32457815039894
0.31645023801124
0.32161036289349
0.29329937210237
0.33631260347437
0.34280362241623
0.30323474651475
0.27103225664444
0.4175019645018
0.38692834889282
0.37901720601346
0.40863494928119
0.39144478134592
0.37375849444553
0.341575011253
0.32561012513313
0.35016666641732
0.3545964370378
0.32089855674676
0.32553330431013
0.33516144211665
0.34342926073889
0.34389047301809
0.33609751030728
0.32075467374833
0.34487814544527
0.32484602906846
0.30476864469363
0.30850299755314
0.30968639345101
0.32531844900546
0.34198279520895
0.3637028611767
0.31358342543251
0.30190533427538
0.34143808204446
0.30371005719954
0.31545085775022
0.32151729507893
0.31184991599734
0.32902530055145
0.33535214417659
0.30743445285146
0.29382465965953
0.29576721189677
0.28274876642044
0.29078052365052
0.31607368332035
0.26713797141444
0.27925687410299
0.25754006459957
0.26897674129126
0.28365275102892
0.28229109688143
0.29475173443521
0.28994910428539
0.33732609891037
0.32926757220009
0.31849035873718
0.32469466999347
0.29890515872762
0.3076537785017
0.28536858296694
0.29052736583104
0.30343679143534
0.31762432334108
0.3175609079713
0.31356540275983
0.29267300981878
0.27953107626892
0.33374895354436
0.34568970133166
0.26824815693884
0.38529073234274
0.39513182764126
0.28669670949725
0.27263016957168
0.27825561756617
0.37011214026263
0.36636311997513
0.37891191493648
0.36512654156774
0.35842082734125
0.34800359652753
0.36324063924606
0.36463655161803
0.34933293217906
0.33103065749998
0.35590690010042
0.37096702571917
0.3576732051319
0.35018697195566
0.36158403011215
0.36796345622293
0.37388278954845
0.40499440054749
0.37125394636724
0.37220157479717
0.38996508750107
0.36218556378682
0.35129272997301
0.36060351780472
0.33521030706621
0.33012890638457
0.31721886195391
0.2847856279479
0.29910349166244
0.3196905819947
0.27802233069906
0.27274519642905
0.29727654346277
0.3172145669489
0.26801980929896
0.29978385733539
0.35679788237259
0.41532220537109
0.40318657235707
0.37785042431031
0.38055135603773
0.39961764071841
0.39146605921269
0.35679268462327
0.34942860896085
0.34003680148058
0.33696745140533
0.3430318710884
0.35522997747951
0.33644431163041
0.26546640713014
0.2661655384925
0.27577350462316
0.29523920691524
0.26903718297546
0.24718507003763
0.30663717898849
0.29109426346452
0.312821397745
0.31857686042123
0.32992921691274
0.34002833889505
0.36386346191725
0.34308281770072
0.33747020798673
0.37028685163134
0.36673764136995
0.32586843618791
0.33542560915321
0.28511121577447
0.27451233459208
0.30890326665789
0.28807096796675
0.30533646464354
0.27776275070458
0.30741593260484
0.34099991190603
0.32922381836451
0.31652353359554
0.31981351455722
0.32100358391674
0.21485432445567
0.21334338319718
0.26244150444025
0.25915981912751
0.22666354361137
0.23024747928179
0.24186680690065
0.23609400842263
0.25093987707257
0.26414976614584
0.2463367988121
0.23625647672613
0.2254484743771
0.23305022422269
0.20894932894217
0.22081469295201
0.26013389870082
0.25155009506476
0.21384462796167
0.20372344357333
0.32397456693208
0.294130492805
0.31265126611854
0.2953439671683
0.29684044880201
0.26633601534467
0.28470126859957
0.32719280278078
0.26014313098107
0.33654706889934
0.34923876375529
0.34670089177961
0.34428493647331
0.37854210304011
0.36873771424949
0.39087814335027
0.35635846556294
0.35063111660771
0.35526830635635
0.33316454640448
0.33286825680484
0.35853125983265
0.37414846524036
0.39541545718673
0.36810488148601
0.39202048760303
0.38046705968568
0.37327772657126
0.35957774704602
0.36524262676786
0.37335328895426
0.33958688402763
0.33080727378821
0.34733143116604
0.30190784015884
0.32762271736965
0.30535076815224
0.31592604481095
0.32308203744994
0.33146635796881
0.3201836923967
0.35266247473199
0.32990582312168
0.32142475196733
0.34621879769364
0.33013143751642
0.32604081208496
0.30352442959386
0.29440204426941
0.30669234099
0.30078238152546
0.31323064583609
0.2979080754571
0.29261006128502
0.29466437656196
0.27134295814961
0.29026109363812
0.29874191122343
0.28714834125602
0.29723892041614
0.27323986771678
0.27003890592833
0.24853444194206
0.36456383863355
0.36182803713102
0.40159019869234
0.40038353763084
0.38271586314566
0.35254869663742
0.33817597510616
0.33748130029941
0.31269618639375
0.33284088008436
0.36056380926496
0.30852066737423
0.30638548290289
0.31587857510568
0.32778764994863
0.32220331377397
0.3175671580741
0.32783661274369
0.30561420118398
0.34797969786014
0.30960336567756
0.29628855858301
0.29345756913501
0.3032597655351
0.31073651798128
0.32074051914124
0.34174105468363
0.29265024941767
0.27463260469405
0.32148184208497
0.28836521192615
0.30396033339871
0.28909956643695
0.29717185186565
0.29025640924651
0.33533361218399
0.31075250860028
0.31277773128504
0.33031499947783
0.29199795250214
0.26762122253626
0.2787927476932
0.28002528756688
0.27283538702695
0.28160024765929
0.29777173825095
0.24594367659817
0.27017861611027
0.2507057048779
0.24292722710196
0.25659444175771
0.27486895085193
0.2652566678945
0.28044417683914
0.29012813328309
0.28505499105748
0.31371245314383
0.31091974952064
0.29787438002385
0.27280167575854
0.29110653741569
0.25953717731069
0.27048504594933
0.27952547231291
0.30209087729331
0.29336347925228
0.27960646102922
0.27039873924629
0.319526009014
0.24484311319149
0.36999941499676
0.2774347090661
0.25017019527242
0.25555307068156
0.35548404726606
0.35460174026837
0.36388520209726
0.35204874543193
0.347270307228
0.33523415361507
0.34986362355687
0.35355616808759
0.35361183790111
0.34463396645334
0.33576365549649
0.36234005355698
0.33352359028873
0.32612071012
0.35830371986226
0.35896274516492
0.36022572203229
0.35946979296853
0.36971223861457
0.35941932519438
0.35914857580452
0.37114708897978
0.34186069665734
0.32765556114264
0.31512446056918
0.3179207858931
0.27197053027756
0.30134821713199
0.28382244307311
0.29432479506799
0.25783873372494
0.24581791359121
0.28629794366656
0.2700245791369
0.25292538352182
0.36246510315145
0.37876284536398
0.36912185628286
0.38203647248145
0.34222686970629
0.34574224367705
0.33742252683878
0.3314476830031
0.32096406039224
0.33590716803636
0.33591593549518
0.33211418122519
0.33412082193848
0.24236907260408
0.24853097315543
0.27157922280239
0.28096758412672
0.26081118960145
0.22726623501826
0.2863502007706
0.31108861124751
0.29372262081498
0.30046293791127
0.32126575946861
0.33083055826067
0.33740932555849
0.35445698857512
0.31677317970035
0.31692101531284
0.26245872918158
0.26362520749282
0.28688487387586
0.28870166142719
0.27469976150446
0.28564023692293
0.29318852433913
0.26575608675266
0.33072075588101
0.33196478083828
0.29777430462852
0.30454735709709
0.29975233449679
0.19850914146685
0.20204357592178
0.24658405593003
0.24456619635127
0.22139736234304
0.20787178332915
0.22735708365398
0.22101943495359
0.23609982642029
0.21611397183657
0.23432914853108
0.25240265426494
0.23857763808407
0.24585405633568
0.26138524158241
0.22602721304141
0.24640644434346
0.21026573427756
0.21430277080948
0.21956668635325
0.20345254692837
0.20743121690714
0.24431226635635
0.25367776845043
0.23909724428294
0.1819368308791
0.19825180811965
0.30334664593207
0.2818675607407
0.29254532802224
0.28522929372511
0.25431127456287
0.26889474162023
0.28200570173897
0.31979602548189
0.2411453476949
0.34405785207547
0.32411386375961
0.32777426126184
0.31977731441391
0.36086150533611
0.35210606726604
0.34945115355561
0.33947122512728
0.33496164578215
0.32305632181112
0.3196241595651
0.33947140010901
0.36240147735424
0.37869496530196
0.37186334609381
0.35531774127657
0.36696721858253
0.33976197456748
0.32366544434628
0.27814500004973
0.3023424538486
0.28678859490147
0.296032069746
0.30554347991501
0.31685116256377
0.3142984908394
0.29964723352326
0.33137382781242
0.30603820209581
0.3046245752422
0.32986474502214
0.30242628389224
0.28827252920653
0.28238075042956
0.27680269025046
0.28988139253839
0.29426683147159
0.29346891862824
0.28020277770409
0.30217864804155
0.28265306109518
0.27964194779067
0.28132286882768
0.28174740094567
0.28292006160351
0.26349328123902
0.27932289993093
0.2645983611786
0.25970750992884
0.24722516349414
0.23912960969024
0.35653182324803
0.36634149653593
0.32636368817918
0.33054719509889
0.32840885756312
0.29578133053423
0.32062358029186
0.35225076499023
0.29437186261428
0.30335145195621
0.31735046413141
0.3155944707817
0.31074605905903
0.31561715650919
0.32647079908545
0.28297084868083
0.29965992612954
0.3041616457127
0.28193661334917
0.2872888244018
0.28601430112629
0.28278589047716
0.29592268602528
0.31444980633984
0.32587841395867
0.25911352572051
0.27548815952467
0.31206705921135
0.27661345200138
0.26852687352993
0.28948571120166
0.28507928760578
0.28619074918777
0.27973446394086
0.31350287858427
0.29411257676267
0.30054105513053
0.31029141273999
0.2796443237171
0.25850269039201
0.26581553046492
0.26526532348377
0.25292805177964
0.27174890735564
0.2735901618023
0.22540423797781
0.24945047495867
0.24058694438822
0.23028599315531
0.24219686725616
0.23862011429338
0.25892851547133
0.25615505333029
0.26634871369628
0.27638837219935
0.26486203904189
0.29355840813872
0.28674280137207
0.27652805364307
0.25082985107451
0.27621845015314
0.25106584711627
0.26595027405954
0.30293319880996
0.28801771188871
0.28249229388428
0.25069503894007
0.31626555550771
0.22505871375674
0.25407552276088
0.2378209984647
0.2411747912855
0.32816813323842
0.35216002734854
0.3318887605673
0.33023162455855
0.34185004679125
0.32152550620669
0.34316527261936
0.32517603011842
0.34028716161842
0.33538909361045
0.31925897280647
0.33980819795547
0.34898425224221
0.34004958419146
0.34646325037793
0.34847040389551
0.35387366227397
0.3499528961675
0.36531496494291
0.31952752923258
0.31250031329908
0.29852353038685
0.29627461518321
0.25660898049588
0.2817915034492
0.27002192598696
0.2832890579694
0.24445769033682
0.23309729375713
0.27004166944598
0.24581307820951
0.23902280140801
0.23646786806941
0.35288721653078
0.36657805823625
0.35779236272097
0.32779820772423
0.33488592789759
0.32832542976402
0.32500907903523
0.31428951512983
0.30520926849995
0.31094139736376
0.32171676256695
0.23568168341639
0.24253966769337
0.27141073017311
0.25086309727908
0.28126405127707
0.24997669912345
0.21120088518432
0.27405254279593
0.29679356457621
0.28491526974549
0.28921766370469
0.30030340705237
0.32111109904428
0.3284591385271
0.3003719937786
0.29800488334428
0.26464109760363
0.24414266348779
0.2502626545422
0.26550775344396
0.27531698477937
0.28620753489503
0.26911390530027
0.27149662493235
0.27305570804097
0.28347275313004
0.26173285433644
0.31012325714725
0.31347985284076
0.2900905279248
0.29097821419492
0.29096948850408
0.19357527192958
0.18368325434442
0.23596268703432
0.23908721531831
0.2030522831629
0.21812328834334
0.19236505307248
0.22151729153798
0.20636784932072
0.21987230991459
0.23663061383111
0.20672717839075
0.21603769559
0.23794638434733
0.24613307299481
0.21793819818612
0.2415512936486
0.23935500807447
0.26832655022151
0.24850151828659
0.21143968122583
0.22196888003499
0.24763437029714
0.23269331960361
0.18744052360009
0.19276069929871
0.21626578686292
0.22174997291561
0.19421616047858
0.17780269283407
0.18623558515967
0.23558038913882
0.23905917417726
0.16716846973468
0.17616156567644
0.29968441750256
0.29401284559668
0.27243668688505
0.26990850998998
0.28285837689497
0.26333371415933
0.23684608265055
0.25895491873531
0.26452186926783
0.22813070218316
0.35226266515529
0.32252546201508
0.31331859039309
0.31144187603716
0.34517498289632
0.34464910293116
0.33495295562148
0.3189824686547
0.32735818739418
0.30321187813453
0.29891905046713
0.30685128983588
0.32560858567602
0.35824798891705
0.33724704875471
0.35083502904117
0.32535481024865
0.31026726394087
0.30912568743495
0.2625750973228
0.2888758253614
0.26645053054279
0.28338650522253
0.2905782569541
0.28708535694529
0.29431154493972
0.29130796394601
0.28231577748713
0.30277437186037
0.29059699189943
0.29370921522874
0.28529761231975
0.31700390635262
0.29197631094078
0.2758742322177
0.28002708853151
0.27383983599332
0.27744392557315
0.27178581300478
0.28643523326349
0.26375330685941
0.26212683637046
0.26557573183056
0.26508791207506
0.2642894284196
0.24672155427498
0.26932860047472
0.23967282886263
0.23003487654306
0.2388652045897
0.21944626738693
0.33847269657552
0.30907791125798
0.31088765044123
0.33720713302394
0.30851212254786
0.29029849128044
0.28200784594869
0.30447138360418
0.28196173623951
0.28850029541774
0.28685188892544
0.29980053561531
0.3036800403012
0.31123400764446
0.29625124313618
0.32132871752744
0.27845903649601
0.27181155107232
0.28306943152108
0.26928262348612
0.2783786324087
0.26511083289566
0.26797180936378
0.29683733571327
0.28071997511227
0.23998589997934
0.25710300175343
0.29180032779112
0.25369284759087
0.24580109067487
0.26845027537761
0.27449092904993
0.27339559922555
0.26198490624141
0.29777413561026
0.28158871203187
0.28374375879756
0.29238648122644
0.31332234640272
0.26529311261141
0.24777637152747
0.24091774138769
0.24555066502361
0.26417967660394
0.24433084761028
0.24197186867267
0.25627168965626
0.25977958410121
0.22353108534663
0.23804796547599
0.23704629867716
0.21007975763555
0.22762714415319
0.24548165425477
0.24772431892884
0.23914685832228
0.24663780030135
0.26608243356664
0.26646847187233
0.26007774850446
0.27516523295644
0.26181286545814
0.24933093139471
0.23429227923655
0.26473746091428
0.24718434417621
0.28760957592699
0.28302917431949
0.27609552369343
0.24505212737981
0.29674660544136
0.22218426756016
0.21532156132025
0.23005307502638
0.3168721185766
0.32937159393598
0.30222322884069
0.32418563155213
0.30592842211568
0.3259382871362
0.30360107537123
0.31555450785055
0.32245402557102
0.32072089639024
0.30529079814118
0.30632828053216
0.31814510584181
0.3256288223791
0.32077996261354
0.32530607482862
0.33428582150642
0.33137300747157
0.326782683066
0.29672851092152
0.29070711808441
0.2729624225008
0.25236347709456
0.24452274339878
0.22937264317175
0.21011813487412
0.25181213437227
0.21590432464463
0.2405958443407
0.21720502258184
0.33632386822695
0.34025649323273
0.31330049040125
0.30711020762803
0.30345584898165
0.30004679441721
0.29603311701525
0.29205579947393
0.30557669752997
0.23124201521258
0.23492772472786
0.23360017641314
0.25457913899184
0.26714872974012
0.24414196509788
0.28794136692045
0.27139316700505
0.28243943844802
0.29300072363911
0.30640753104084
0.31111930847518
0.29817609889425
0.24816789638681
0.2301195228669
0.24332860913678
0.25033524987296
0.27218498052636
0.28122220169571
0.26746521562113
0.27002689609659
0.27533623901998
0.28433459699235
0.25541289255302
0.27724804525137
0.28248881447855
0.28257662732785
0.19566656569181
0.17407217047688
0.16940212057979
0.23384713136765
0.2233600849274
0.18528565158157
0.19939303826628
0.18289185853078
0.20987495874885
0.19645979978248
0.20685724967234
0.22691828326901
0.19176152177444
0.20671436923187
0.2287725021194
0.23466795018845
0.20351682848384
0.22602660131453
0.23099346320343
0.25175118362238
0.24161177872569
0.20195688168877
0.20670100799511
0.22784872349834
0.22227305808189
0.17694495342492
0.18218579567036
0.18241555556704
0.20196121575101
0.22595859832116
0.20332099245548
0.18755779231544
0.16846228801268
0.17854438726366
0.20832383902651
0.21379300780579
0.15735471511683
0.17179947279886
0.28692715728517
0.25257067113476
0.25575718057494
0.26426325265578
0.24407647657157
0.23061460319925
0.24393771115024
0.26769683423029
0.2093816077312
0.32542282777484
0.30948345552397
0.31570317336146
0.30190539917561
0.30603623846702
0.32273009091429
0.32967243056852
0.31963867988172
0.30778486151972
0.31288144064126
0.29868014621683
0.29505875960265
0.28382578882229
0.27948214682913
0.29488652642631
0.28410268121061
0.31625477974103
0.33837705487317
0.32745056017106
0.33626747958112
0.31885953540726
0.29332255576777
0.30953240506923
0.2416458482074
0.26016708909777
0.28944466985428
0.26855856315432
0.24633027837547
0.26287002196879
0.27381781082699
0.27386770942766
0.28057945649398
0.27309772495393
0.26908513967528
0.27298352108023
0.26868294232991
0.29521639475224
0.28360126941182
0.27330090624676
0.2957776717797
0.2662547001479
0.26148105803313
0.25110337220473
0.25737499722099
0.25128870270926
0.27113365306186
0.26172664602086
0.25571559785263
0.25364327114878
0.25140239416277
0.25817801722358
0.24953577100343
0.24760101924698
0.22762994288702
0.24201973822095
0.22706149367498
0.22748995877367
0.21966861727483
0.19947446522274
0.32537614058973
0.30646425435469
0.29524739153047
0.30937677708755
0.31779191980576
0.30189209856994
0.2846162750247
0.27489268297066
0.27111325516247
0.27125929992392
0.27277844842045
0.2737043260604
0.28288876600551
0.29201297162634
0.29360989237705
0.27575285942518
0.3029558477993
0.26476778021716
0.25352713513564
0.27601555236835
0.26440292819579
0.25613630464925
0.28383811653897
0.26433609098506
0.21791363091876
0.23861634531769
0.25759349441108
0.27673634600017
0.24489538610912
0.23976105966508
0.23363535048772
0.25019569963587
0.25006159538458
0.24614093498136
0.28313234067291
0.26423882876362
0.26765644452867
0.26890306105292
0.29715716322632
0.29997000800979
0.25794197970002
0.24660829576613
0.22714151000383
0.21999020204179
0.23509471293017
0.24497536374969
0.23545335381597
0.24430093891713
0.25354382311198
0.26309455701284
0.19632210078899
0.22191806766976
0.22866791628444
0.22318088757686
0.20093355075106
0.21491298762429
0.21526726098117
0.23551017438543
0.23140418645872
0.23696850038342
0.22552831504097
0.24514100011122
0.23689858311274
0.24581688940913
0.2477859758023
0.24967746637001
0.24174850776831
0.22146016796979
0.21562553098392
0.24860473836928
0.23645430061633
0.2851905910872
0.2809604492783
0.25959195829398
0.23553150556667
0.23901866774069
0.1991355746338
0.19420075784651
0.23067395963545
0.21099176723327
0.29867570449342
0.30883778855649
0.31825614931615
0.28382780559919
0.2907748638104
0.29607406656442
0.3065424502307
0.3001037713
0.28228939471853
0.28898690010598
0.30224412939141
0.31909451401082
0.30871358451767
0.31213275363997
0.32231990971535
0.27544936942578
0.25772304782519
0.23564716658352
0.22934705764683
0.21043485654535
0.19094899315595
0.20999999324472
0.22169481771353
0.20525101547729
0.32133242571827
0.30336241840195
0.29592718570577
0.29876478565744
0.28830880539859
0.29573253311788
0.27638591575528
0.27784388239549
0.21165752027706
0.2139929038923
0.23312907589554
0.21843807116913
0.24590665488379
0.2508702129115
0.25366336187182
0.25768675706304
0.26338344089746
0.29304786565441
0.24072149744282
0.23009163710887
0.21079624500401
0.21740186721385
0.24189114896986
0.23528555508664
0.24410280201214
0.25870194719739
0.26621179158705
0.25631694483144
0.2635580568705
0.26549457762034
0.24253590996286
0.26438219842627
0.26733588807173
0.17794264559349
0.1665886313842
0.15668970733768
0.22176010995033
0.20930688964052
0.17560990718218
0.19353498039204
0.19655446105121
0.16953189115735
0.18251489576657
0.200700866557
0.19589048125163
0.1778320861954
0.20639156666048
0.21525449227461
0.17791940545409
0.19427342817525
0.19780511827461
0.21359871276319
0.22977260030511
0.22631297564764
0.19729398905103
0.21018291034201
0.23425581367101
0.21960973084774
0.24510356206682
0.23825242579159
0.18523722409889
0.20449617510899
0.20820961098757
0.22425073131498
0.17248999332739
0.17521127107772
0.17376804728338
0.190091465929
0.19961784063146
0.20814769990009
0.19559321122257
0.17815827888345
0.16634059772795
0.19944074150108
0.20618789524995
0.15871994143579
0.16586480922866
0.27172811106873
0.2488867129394
0.23325057501134
0.23671724051023
0.25184558070771
0.26176402780495
0.25424643653828
0.21842594645372
0.24040390682027
0.2582678831436
0.30194406885994
0.28200418706288
0.28669442729677
0.3141399800827
0.31204061926421
0.30445546913595
0.29703377138595
0.29342787071329
0.29881427048118
0.2971297447229
0.27198382223658
0.28648684620174
0.27392846186712
0.27554377329805
0.27158988557339
0.26818842903575
0.30664957415667
0.31324531390745
0.2982985722155
0.3128908623442
0.28096104564027
0.29629289956413
0.21995237308941
0.24454117151906
0.26470053403487
0.24425148293021
0.23616544462813
0.24783995146334
0.25437429920091
0.25398441187527
0.2515019852295
0.25246600114482
0.25212230115198
0.26911582317786
0.2696159405441
0.25517165894716
0.28640991042605
0.26011521652826
0.2456098957614
0.23905602891593
0.23999449793568
0.25353019558159
0.24823598879993
0.24124939629702
0.25079722226136
0.24592970031694
0.23599507300121
0.24231018325449
0.24142827912125
0.24068283086339
0.23889095873473
0.21867727748182
0.2068231335846
0.19432184731561
0.28746323913874
0.3070278695018
0.28213241078329
0.28814357334979
0.28485986207713
0.27046544911363
0.27747432421049
0.26505932985999
0.25190485432463
0.26445367103748
0.25221830601023
0.25372546563514
0.26275187572651
0.28206893074733
0.2631793683191
0.25105497610978
0.24126676148933
0.26140005753322
0.24872250092419
0.24033474169834
0.24478712882341
0.27177682309712
0.2215711845737
0.20772851981889
0.237374156831
0.25823472314144
0.23966656236093
0.2263392700179
0.23161192311821
0.21241509530174
0.24412514939322
0.23255551696515
0.27153478631071
0.25853541105643
0.25745903143799
0.25353683638939
0.25891305087299
0.28211408960474
0.28978429183585
0.241012774083
0.22055746370807
0.21928948628686
0.21343390539127
0.22478483349106
0.23598528159423
0.22355985747501
0.23556900512396
0.23661695923777
0.25815891682699
0.25965995806583
0.26612350866348
0.1931244559493
0.20374641818123
0.21105897179114
0.20907914021052
0.19121653749943
0.20508509688542
0.22192025374906
0.22023439275089
0.23912819945652
0.22121234696682
0.21753092076598
0.23458842470236
0.22384261643491
0.2379123046036
0.22011716092535
0.20722663696654
0.21607819111375
0.19721560774759
0.23077736367282
0.24822829318864
0.22139399907553
0.22738053599046
0.19291136064103
0.18850733790573
0.19952568303743
0.21195606258449
0.279295400454
0.291356968462
0.27108236845014
0.29103139604323
0.27871943027326
0.27409742039346
0.26423646083937
0.28707388578673
0.26994237808016
0.29016757553626
0.31253660360724
0.30000294657194
0.26296719413918
0.26451526172632
0.23937064254406
0.21149301281584
0.22612261019699
0.19749060374253
0.19122088212473
0.20276253657897
0.21473339506809
0.18952309934099
0.29036684236946
0.27456122493544
0.27150313707136
0.26425174259771
0.2711648295458
0.26428276657906
0.20536029890605
0.21173750870775
0.22325766059677
0.24071775389339
0.23573643704743
0.24525746174924
0.25629436093737
0.28847023729602
0.22100538805765
0.2400282361676
0.21773376987736
0.20081606516283
0.20679744232183
0.20374366484423
0.23336284623329
0.22223749120201
0.24374604452271
0.23729059717264
0.24584424748924
0.2554677553187
0.25523427230019
0.26453075682211
0.25216006707984
0.25941279731375
0.24197946780823
0.25596988470898
0.26309329220669
0.15876849366073
0.15577960910946
0.20986983787935
0.2152460390854
0.15991965573457
0.17169099262803
0.18087809555352
0.19043212515872
0.18355871587858
0.15660239008917
0.16898543957158
0.20278804766668
0.18579645563593
0.18082539224675
0.19411720758899
0.17070767039428
0.2029823127894
0.21082163251286
0.20713143436468
0.18059975225624
0.1965536244792
0.20349976200881
0.18167636061278
0.21395345532217
0.2287231308281
0.21278941090615
0.22928548336137
0.18069021072871
0.1953772615065
0.20158694546773
0.22037782535788
0.21421367910492
0.23561219700615
0.17998212543452
0.19427366409039
0.20910787671337
0.15522560401223
0.15832363778647
0.15826958838555
0.18343761589444
0.20818492906343
0.19280106440478
0.18138340333479
0.1626935362585
0.14986503863559
0.14483799113557
0.16008421080892
0.15353091612255
0.17490575948346
0.26373760748571
0.24635134180812
0.24370855909356
0.23305924580573
0.23520197402834
0.24880337906853
0.25155963637946
0.23893335811
0.2069598558346
0.28243918665323
0.27108952655568
0.30764513926664
0.28722449181398
0.2765052103494
0.26405595982145
0.28062740856741
0.27965734867445
0.25917701162874
0.26276338319073
0.25856593285686
0.26080760934567
0.27210282441945
0.25819075668464
0.26032734828714
0.24788605284158
0.29932252896141
0.28846380005206
0.28957836200199
0.26033379969348
0.27973957346495
0.22359418279689
0.20603466534327
0.24885570085942
0.2349246800764
0.21448760844657
0.24368600488639
0.24634139824826
0.2391493088441
0.23665823628538
0.25363378164847
0.23667725861411
0.25269927660187
0.24301347202785
0.27302227308542
0.23128133541284
0.23051562875134
0.22458270092478
0.2405345152274
0.2318268814656
0.23102274462603
0.23419621568382
0.23280843188216
0.23678853149434
0.22001704410228
0.21807420871648
0.21851784191025
0.22050010824888
0.19034819146461
0.19173791941601
0.17674668791363
0.28151745124449
0.29132732053571
0.26945975441712
0.28163321175411
0.26689877869989
0.26167947284652
0.25907718445294
0.25618012840051
0.25164414521519
0.24596430690443
0.26886430301759
0.24928916880692
0.24976005818297
0.23945024769644
0.25523222663618
0.26545371163577
0.25109679708943
0.23383521711488
0.23536163590898
0.23331406632348
0.24260439266854
0.23774424456984
0.22833578971383
0.2270905858604
0.20930079565544
0.1907019468465
0.21899936678228
0.20480738929556
0.2168896057593
0.19450546704972
0.2390783948316
0.21903281873942
0.24720925117774
0.25001277569393
0.24367250533027
0.26330735810695
0.24810304880656
0.29900942252617
0.27749182400476
0.22604868637483
0.21139019376174
0.21071865734136
0.19913472335165
0.20938360091473
0.22511250680132
0.22985018980002
0.20861140369321
0.22055979395692
0.23524377658
0.21986515270752
0.24654063654011
0.17447161238604
0.20700409902953
0.20056867172379
0.17749872144544
0.19100750337869
0.19552534711249
0.20905649116082
0.20515318454868
0.22918858727956
0.20947148586006
0.21938210616827
0.20609478288607
0.23245377841864
0.22477819521662
0.20988283166012
0.18792597704337
0.20344055059808
0.21019397629722
0.1974852538467
0.190996954138
0.20554154672581
0.2240031214391
0.21769685295664
0.2310460534758
0.17694118991611
0.18869792103114
0.17173436171647
0.2011516517327
0.26688134685288
0.26749583782946
0.27101327985299
0.2473498140386
0.2712837371456
0.26025361312389
0.24446558444679
0.26490777587239
0.24567795801209
0.27846538485434
0.27460701601379
0.2431181043155
0.24306350107589
0.21773320369035
0.20148667248582
0.20855317051872
0.19056453406385
0.1769292343609
0.18448022128525
0.17387408941159
0.27647480012611
0.29335555502698
0.26802765155089
0.25341923971089
0.25418243290498
0.19866821843891
0.20015249010387
0.20552354226238
0.21750957912031
0.21179268855604
0.24328720382152
0.22566237988048
0.23396392753831
0.27308978193769
0.21254277878446
0.22194097164961
0.20302538561068
0.18643241042167
0.18856961754141
0.18401303495241
0.21996944185676
0.21557589702426
0.2399596570451
0.22088508644553
0.23966055065538
0.24077054024731
0.23904231337296
0.25099608427192
0.25253372084728
0.2544925026539
0.24729514128087
0.14454808934211
0.14440741273555
0.20280935784002
0.15373298313406
0.15730710197436
0.17740070420086
0.16539590314409
0.1765058358833
0.17144173504093
0.14650443521891
0.15675541936038
0.18801309316368
0.17786830834777
0.17086554757163
0.18634852921036
0.15703739694939
0.19081607024269
0.20598637400909
0.20355964445515
0.17367443441375
0.18716041326183
0.18991558814104
0.17710617009315
0.20977526918704
0.21797383898978
0.2042784972096
0.21790893420748
0.17272967704388
0.17903291433962
0.18962345989902
0.21571596798482
0.2231450141822
0.16702078846069
0.19649464259471
0.18260472409047
0.20624809480932
0.14617023635104
0.15058545092218
0.1543723656452
0.1559640794686
0.17198289530327
0.16665755346656
0.14515116578785
0.1433591181815
0.13806514033432
0.14650125421205
0.1509832903083
0.16529392886526
0.23124466070834
0.22908092782732
0.21726360334372
0.23403439569709
0.25233286774054
0.23665735712745
0.22150685242699
0.20224240795811
0.26639836476487
0.28974123611937
0.27988821897445
0.27602167947895
0.25982920682927
0.26322654226042
0.26052649597799
0.25301585865985
0.2479204122555
0.25054584172013
0.24912814943141
0.25384511751654
0.23479274091603
0.22671343180649
0.28619934936846
0.27809581533604
0.25460806552359
0.26760146258872
0.20916054543251
0.18924334095045
0.21355352567712
0.19823681901947
0.23027501800643
0.23729759050169
0.23375868065803
0.22759267689479
0.21911118151052
0.2369801815803
0.21252681058294
0.24595077384685
0.23298134582982
0.23317478115747
0.25653074423532
0.22744162393155
0.20638820724549
0.20358053844066
0.23165289336097
0.22443471899002
0.21408274223879
0.22567152249553
0.22295737822966
0.21517765348564
0.20736101010128
0.20692959958458
0.20318417482459
0.17716776561133
0.1890189919434
0.17618437526325
0.17058053992691
0.27338925208833
0.26069023381712
0.26149779888835
0.26452670835245
0.26134750704233
0.25785493161531
0.24953052082175
0.26145561698417
0.24201294251208
0.25199293384791
0.23366384161543
0.24303190078653
0.25595288603346
0.24017091296541
0.24203767395323
0.23382065083182
0.23833219031218
0.23628365940058
0.22898506603997
0.21840830729298
0.2329379002874
0.21986245548833
0.24227367832623
0.21685007988353
0.21699478639435
0.18757623330809
0.175115584568
0.19623872812592
0.19878369595063
0.20962025208399
0.17989740830637
0.22258401021738
0.20195048570373
0.23051836965587
0.25338399313526
0.2280624986392
0.22431165625772
0.24512625377291
0.25918353618108
0.25791666105765
0.2280777190558
0.21340680632908
0.19575233519963
0.19325955331951
0.18741926292385
0.20068141955008
0.20873202660397
0.21105489252315
0.19948761434296
0.22148862964535
0.20694643648846
0.25059541463989
0.16984132556463
0.19756840507286
0.19426957500043
0.19152514424557
0.18204329700402
0.18533671534681
0.19978395502677
0.21580580719976
0.20305141832338
0.2107736522764
0.20501566193234
0.19231115127886
0.21632481896107
0.21275490190578
0.20029253700419
0.17286516097171
0.18702839463191
0.19822402434243
0.18985938795045
0.19158269476749
0.17509535453797
0.19658021202803
0.19903853830589
0.21130097840253
0.211595111388
0.22169134180219
0.2274994808716
0.16770625438827
0.1770176043289
0.16074658097011
0.17434193476377
0.19400799739094
0.24402188273765
0.25521045173411
0.24140352932268
0.2426230829797
0.25830081527771
0.23518919158385
0.22444098586717
0.24284783475407
0.22443506890758
0.22195005950068
0.2069132476409
0.18712917009275
0.19941100767936
0.17288783906695
0.17746998358827
0.16819669855593
0.27303922188491
0.23703154119607
0.2407666615856
0.18165913756374
0.19411952390326
0.19939054292766
0.20861211484429
0.21168312326974
0.20448165431497
0.22205659797188
0.20029340530993
0.21703234187353
0.20242781563908
0.1881143947591
0.17834235804698
0.17303362231127
0.1807615558716
0.21311072849598
0.20664318226759
0.22517810757252
0.21188962367237
0.22263233817737
0.22650202969938
0.23237082758998
0.23905891606673
0.23180710670603
0.24068361079177
0.23619199816965
0.13826684285935
0.13666806883059
0.18967740988804
0.14088161131143
0.14709471888922
0.15497074750797
0.15602113617421
0.16609530254403
0.16619381680725
0.16637202180869
0.17537310900313
0.15970574839643
0.14639949111565
0.1900068963166
0.17170524878604
0.15595058161447
0.17669444458833
0.14415284516888
0.15797533314223
0.19590563847468
0.18870620408721
0.19361025508629
0.17867811186211
0.16988792526573
0.19267954142244
0.16595369912353
0.20086983011838
0.21438518390211
0.20531326204064
0.2227740418147
0.16271625576965
0.17503434735408
0.17356791977068
0.1873605824126
0.2075979844925
0.21959804334222
0.18599379052619
0.17867532756021
0.19299578536602
0.14239971406934
0.14533279387252
0.1519918707762
0.14883632764283
0.14946763613008
0.16413460827183
0.16124475662107
0.13652536611973
0.13738170000622
0.12907078438594
0.14633834699062
0.15061577057726
0.21829893950251
0.2122595267293
0.22022829718851
0.2320571911428
0.22293542692959
0.23407565600312
0.18910612740312
0.25157745921869
0.2642879878355
0.26185571584965
0.24865040941546
0.24750372758692
0.24760204829485
0.253255001922
0.24198126956265
0.24299355564113
0.23280545799144
0.23353350178022
0.23299743249325
0.22177412850682
0.21651301177462
0.21790836006869
0.27187378436228
0.26132323442787
0.23843890228222
0.19604277271788
0.17421296888664
0.19711897249137
0.19334939980623
0.22301767061586
0.22130017170285
0.21094314497596
0.20750713922221
0.19088740604225
0.23238782316704
0.23818256442751
0.21840182094537
0.22751100782473
0.21897608805138
0.24378787530029
0.21132612529918
0.20158825704515
0.21792954399616
0.21361390858062
0.21512507965264
0.20379929930678
0.20764386776605
0.20392243372669
0.19724540606318
0.19526632930773
0.17360766165444
0.17806741332097
0.17107246531952
0.15696932893459
0.16698552302687
0.26582597566214
0.24602061594546
0.24455097432761
0.24436286056545
0.24503781356411
0.23595727064781
0.25274387832204
0.23494065133239
0.23581049355681
0.23681903124203
0.22036953180301
0.22890852457512
0.23004633756219
0.22971805585956
0.23121354469874
0.22915357731778
0.21966868810566
0.21351794423995
0.21095862017706
0.21640765032002
0.21793373619313
0.21325343915295
0.23618238677464
0.20409288576713
0.20530549989723
0.18484594056566
0.16485395474556
0.18082464132881
0.19109019594031
0.19654609706322
0.19653321351621
0.234227667316
0.21595621281985
0.22067538522306
0.21259444115653
0.23758589583206
0.24894892765212
0.24987786391294
0.1982170065536
0.18627022465294
0.18607181067882
0.17093506211542
0.19217990387664
0.20748846315045
0.21698569082081
0.20750926760838
0.19873314813813
0.16346307719166
0.15572301283945
0.18176607533319
0.18019657097296
0.17280374018228
0.17527600743055
0.17267825155417
0.19951506644781
0.1894535508755
0.19791515548589
0.19865693201925
0.18799827166183
0.21099210677951
0.20893672780644
0.17262190183817
0.15919628805557
0.18107292893686
0.18510763384772
0.17576385856953
0.17371970494691
0.16351786924014
0.19091260992088
0.18930548003903
0.20154503897462
0.19560368775503
0.22482418261024
0.21153535454955
0.21879424887592
0.15709630929864
0.18108662715492
0.16624494924063
0.15898535421692
0.16127844770685
0.2370913070807
0.22049200812959
0.23047323801345
0.24053492088723
0.21764736198131
0.21383469794898
0.19030271443003
0.17685933681733
0.18137248391551
0.15672165162769
0.16647091872957
0.15606309247654
0.22556957732684
0.23175675383544
0.17752930826695
0.18680769914393
0.2046207035717
0.21200388880504
0.18784730293675
0.20485141487606
0.2044250870428
0.18641845625096
0.17661809329553
0.17848433389618
0.16475841851322
0.1644165616231
0.16862458261311
0.20622551964156
0.19219894059925
0.22513972685027
0.21747632161995
0.20798478802748
0.221762075949
0.22529053170888
0.22990953311405
0.23752384623441
0.23389507360799
0.13606841946985
0.12986547440974
0.1343681635672
0.18507419715327
0.13284723634543
0.13551158087063
0.14627551389923
0.14644354701808
0.14678689020343
0.15029065428465
0.16399611488884
0.15377136101672
0.16615333246095
0.15439608072934
0.16895689825282
0.14840913149954
0.17252444779655
0.15719761886912
0.15884915980986
0.14520226584888
0.16930399154784
0.17478298777569
0.13617386986015
0.13997844729888
0.15225939027881
0.18934462189319
0.18420745406428
0.19165407407437
0.18062110214232
0.17900985591838
0.16168711294694
0.18797448083199
0.16444106373862
0.20376863047429
0.19446518337734
0.20457811004535
0.21285449761346
0.21881694779921
0.16879813097659
0.17120581251877
0.18226678276281
0.19623932264732
0.21497864673311
0.20463241327823
0.16739335147498
0.18199912842985
0.19038922801135
0.13156809489669
0.13440293720992
0.15002144775313
0.14107539190865
0.13997172884916
0.15140098564867
0.13972146500192
0.15926021380128
0.12521709022502
0.1251282641002
0.12034522585966
0.13453114967687
0.14407494323539
0.19695789623145
0.21193635242519
0.2213081671014
0.20865319832336
0.22820153325217
0.2272816972355
0.25020225557874
0.23500119698688
0.23129530009628
0.23924670001051
0.24306462472105
0.23076490389114
0.22817209779225
0.22246302699098
0.22035558701893
0.22289659871511
0.21673614001067
0.21097689526074
0.19483663568068
0.19958032133708
0.25175527628699
0.23645218798701
0.17747041298737
0.16090772300736
0.19335612541061
0.17603399122396
0.21133480031905
0.21724591316038
0.20633482453638
0.20197793733307
0.19269764490273
0.18971455417327
0.21826879991622
0.23129078449328
0.22261856931015
0.21058479529459
0.20749558951082
0.21172303980205
0.20779159556088
0.23898725046273
0.18447556392254
0.20218003682383
0.19614546838517
0.20310867388857
0.19492420529479
0.18444340186867
0.18003351811982
0.17561899213833
0.15728169151285
0.16177476363621
0.15748559898912
0.15137201530568
0.15506540115541
0.23963694589203
0.24103693298262
0.22771969717708
0.22126945012073
0.22090518942628
0.22679945935944
0.21926295982903
0.21173098102263
0.21859565040033
0.21555817417573
0.22201003900298
0.22580929070947
0.21454346608964
0.2128754097489
0.20503713055667
0.20280836669389
0.20724567802619
0.20397038895944
0.20574253083169
0.20724889138699
0.19916291761507
0.1929175522856
0.19507054441679
0.17602946540505
0.16756414346385
0.16237909560868
0.17836808053825
0.17932988400738
0.18388625167158
0.22466419208231
0.20462888204294
0.21203116200473
0.2047004817273
0.20126031663389
0.2056353816607
0.21533616533406
0.23082705875713
0.23453153519197
0.18328707432752
0.17491331622792
0.16115412010164
0.18322179832392
0.19633591854515
0.20224013182289
0.18205245459651
0.15376000370173
0.16509784436659
0.17627881829131
0.16916674177475
0.16580030842318
0.16677392786025
0.1879585844152
0.18019667539185
0.18519932121285
0.18952542148033
0.17951186516489
0.19229707201823
0.16925504674247
0.15686077194967
0.17055035554319
0.16534303443099
0.16707687672967
0.16199800713499
0.15729152539868
0.19014151625142
0.17871284198867
0.18289633102188
0.19073716258826
0.19042559013883
0.22001879251052
0.21673789514154
0.19823462518983
0.20879415114033
0.14600174806321
0.17252654220421
0.15996984996051
0.15912377653918
0.14732435743069
0.22485596122722
0.22269316786475
0.21502559682203
0.22606080571205
0.19497766000531
0.19084208183741
0.17541815979103
0.16499402662401
0.15632352548569
0.15836706107004
0.14495845571161
0.21712024046529
0.21682602999935
0.22003775134136
0.17324738251006
0.18414030380154
0.19348362751437
0.20824842308827
0.17674779046108
0.1948504970596
0.19571406470392
0.17137155494067
0.16081848835866
0.16261934877926
0.15011449738229
0.15028344480771
0.15449311408925
0.19272689840866
0.1867282749331
0.21750964321179
0.21088386898412
0.21363836661331
0.19589275452184
0.21382870744921
0.21979203973517
0.21986699775
0.22502755028706
0.12451848226946
0.12205507192231
0.12366132709527
0.18252311465665
0.12815116257016
0.1263829056188
0.13322380044877
0.13514098003181
0.14053486115908
0.14935577354187
0.14450283324655
0.15431384622681
0.1484088124587
0.15546308716916
0.13564811815089
0.17013357692683
0.15265010359142
0.14681909076898
0.13892780847271
0.16372275002987
0.17296248869835
0.12215546637696
0.12840340822664
0.14792723048642
0.18384541392503
0.18779050687171
0.17666982235425
0.17029814529693
0.15771292038719
0.17431349112457
0.15686427551566
0.19342194058115
0.18521820291779
0.19477670823288
0.21019388341554
0.21102612582216
0.16063117655639
0.17087536736351
0.16214768467515
0.16679625692344
0.18982894915008
0.19088422034511
0.20057862493943
0.19543977004635
0.17565549423568
0.17616687740849
0.1240859092427
0.13030625411693
0.12856356764729
0.1308960127925
0.13874956423379
0.13602549461673
0.13794171714798
0.13143898096417
0.14696006872814
0.14288994191017
0.12000998829597
0.12241154759394
0.11330498028128
0.13310564588746
0.13468231137017
0.14320982933513
0.18759235966979
0.19833498287506
0.2072418257914
0.21617182165329
0.21653918771351
0.2349696191586
0.21865666197719
0.22246427671744
0.2290400535482
0.2180522158886
0.21871814219389
0.21303383871751
0.20553064653779
0.21227042172245
0.19940363016756
0.19125948956363
0.19100132112514
0.19789156097593
0.18735808454112
0.17248959206994
0.16539118002447
0.15442559219297
0.17317360316326
0.16784676559333
0.18044981187243
0.20116745193435
0.1960760673401
0.19120746315555
0.17503297608682
0.16963532953196
0.21821703396452
0.21567724980675
0.21762872299735
0.19948264632431
0.20709002014846
0.19616668149516
0.19671579575581
0.23574218216399
0.22085982706683
0.18425166383581
0.19389609555819
0.17866201446233
0.17487522479792
0.15863948582198
0.14888810746657
0.16082214862266
0.15182115416294
0.15192295285622
0.14355799957072
0.14100398261464
0.15558859588499
0.22552180768628
0.2165164885795
0.21741834375759
0.21367588257689
0.21185465607946
0.20374734122868
0.20924094125331
0.21098219715284
0.21109263042122
0.21651901912619
0.20591824877299
0.19556401929359
0.19255072390417
0.19276221367169
0.19356765840898
0.19168011813684
0.19454208763141
0.19627381530169
0.20009753730229
0.18407116497377
0.18041864771868
0.18372968306477
0.16618070301114
0.15784969327135
0.15834509729106
0.16341710365718
0.17274874389556
0.17548394039031
0.20819321043376
0.18503601315315
0.18893514776346
0.20340947488294
0.18902776095805
0.19711287929394
0.18750109957427
0.19016852472483
0.20844476418612
0.2038421228647
0.22329950938924
0.17520192860412
0.17812644538931
0.17046928133055
0.15343361406029
0.17651175267481
0.18743996087165
0.20249639958372
0.17912461207939
0.1714017486737
0.14630640114878
0.14733047978758
0.15284180827611
0.16487520465866
0.15920928919902
0.16307737050157
0.15237209675658
0.16804980691882
0.18220564162561
0.17517223718771
0.18173782241508
0.17286504463874
0.18251066514112
0.16289197568094
0.15350073230825
0.14335766184501
0.1559717281661
0.15065936578005
0.14440860021021
0.17507731285664
0.17028253843234
0.18113126756649
0.18424862621235
0.21042752644208
0.20553361260354
0.19659086238083
0.18946486782222
0.16836950229137
0.14900633699075
0.14757029114091
0.14174884246737
0.20835322455438
0.19465104601171
0.20711441043372
0.21120463417913
0.17867584200051
0.17562426072714
0.17051032103105
0.15238828465897
0.1474483551135
0.15088325180618
0.15385566356906
0.2020684806963
0.20150555310702
0.16707840653242
0.18081146162066
0.19473675104732
0.18225358532777
0.16145712659176
0.17890860489065
0.16730871620437
0.15689777999402
0.15218703637299
0.1454268835981
0.14026788954942
0.15036604211125
0.18235428416144
0.20621893037015
0.19740872543414
0.19773069502367
0.19972905549743
0.21102050550276
0.11822358177177
0.11388660117646
0.11631064426622
0.12145191472953
0.13017357625314
0.11963435850161
0.1297883841921
0.12846086230756
0.14152854254689
0.1419300113282
0.14338935189863
0.13453411988284
0.1433669530012
0.15671042644654
0.14683729183587
0.13467085261175
0.16627105873
0.15828653065616
0.14486283562014
0.15346854232386
0.14112897569707
0.12827338278248
0.16865684962626
0.16847367534363
0.11875026187469
0.11910221888012
0.11485435404749
0.14209849547788
0.17312153962956
0.1713131671131
0.15959120240178
0.15435838672412
0.16474289172714
0.17376497397568
0.14795549879143
0.18742724122539
0.1816839712648
0.18698660196293
0.19822508350519
0.20251141737959
0.15551730080555
0.16012585118437
0.156041651047
0.16390713624094
0.18488900562224
0.20097728285861
0.19533490345381
0.16217157318904
0.17765700844918
0.12433468233638
0.12254052743398
0.12730435453384
0.13228359765956
0.13188424199973
0.13677994653763
0.1426684189473
0.12732445851651
0.1238867122841
0.13883381778189
0.11891231935456
0.11339554059687
0.11107123322556
0.13156394080271
0.12433499048399
0.12515261817259
0.1946447040775
0.19551657443729
0.21180124450617
0.2088238465238
0.22483333111987
0.20454899344413
0.21712027280151
0.21073090861028
0.21048438279117
0.1979512426544
0.20489435513586
0.19653738901658
0.19998881911291
0.18596523677645
0.19199343509824
0.17259131492148
0.18601841546581
0.17601595564789
0.18588256438754
0.15936140337756
0.15464851263308
0.15697530384082
0.16790437864889
0.17760451722239
0.1554100572982
0.21053359385075
0.21616057608658
0.20788455535372
0.20376299123643
0.19695827279182
0.18799626168424
0.19244696640269
0.183587527528
0.19164310905788
0.18511474403472
0.21953198509765
0.17678348710867
0.17444066679092
0.18284936365948
0.15858799547779
0.16975811242848
0.16121356576647
0.14599533776666
0.15022625804409
0.14066814726573
0.14323048560164
0.14531918715276
0.13462438030069
0.13898820679763
0.14838976604858
0.1472854731206
0.21516283928344
0.21120165173166
0.2028578720576
0.20181615147067
0.19969237099254
0.19204042315694
0.20536468401693
0.19895553934435
0.19966786250907
0.21074793036771
0.21425107107954
0.19466986228604
0.18309300103057
0.1854224796259
0.18559357035795
0.18737550104515
0.18999387953355
0.18810943364724
0.18365261011942
0.19502659235352
0.18835447170873
0.17405621179622
0.18288260228583
0.17246539558837
0.17147237154319
0.16571682076367
0.14677445908811
0.15271667514664
0.15774655898364
0.14661353840234
0.16037433042531
0.16631356723232
0.20071090085443
0.21131353003914
0.17541777640065
0.17799940048242
0.18071280518442
0.18344979065954
0.18277531315606
0.17640629735475
0.18605639532097
0.1952307156064
0.19211996247257
0.1662760276201
0.1707323146777
0.16189819349776
0.15511445442225
0.14441911554058
0.17573411059518
0.18641652929423
0.16933099121651
0.16400413400634
0.14155759138057
0.13740023338124
0.14906593720411
0.15941601315566
0.15879880832192
0.16598340912523
0.15084468507785
0.1438392993274
0.15439106053013
0.17546167607192
0.16607848743042
0.17018028583906
0.16346687242537
0.18017945116865
0.14319309529603
0.14474642714026
0.15657694764065
0.14627429827499
0.15149402328776
0.13876742744306
0.14283651802501
0.13617225026397
0.16734316290687
0.16517965447316
0.17067976613864
0.17198240291298
0.19301222525703
0.19072603297846
0.18350647705958
0.15427503342883
0.14114455712866
0.13374348529539
0.19212457283574
0.17631771051453
0.16996407887307
0.15701871643377
0.147833292182
0.14257472142867
0.19646261418581
0.19459042698637
0.19266391934378
0.16462878889019
0.17303659739037
0.1801130384852
0.16876832111049
0.15576142008961
0.15242273079106
0.15244566694896
0.14166077755
0.13945835669349
0.13902841164987
0.13893309706483
0.17206856097719
0.19630840372415
0.19412959426144
0.11295786937809
0.11155653264086
0.12198333848086
0.11393186580361
0.12653864604166
0.11293303356136
0.11341563052732
0.12445641705613
0.12222635759934
0.13211491507
0.1339459441539
0.14094477353039
0.13092545829993
0.13130764091524
0.14598455196653
0.15258912267308
0.15174073011282
0.13464062573307
0.12608130000826
0.14831582231919
0.1572849902834
0.13250225381026
0.14470885251586
0.14933056996031
0.13264748268423
0.12406929412008
0.12508115009624
0.16298329161129
0.11844657531823
0.11181773784008
0.11612883903093
0.10860822318718
0.14422060978974
0.13280647316512
0.17327177138226
0.17490169124068
0.15674180668491
0.1519705814108
0.15744598189501
0.16450590957229
0.14362364552366
0.18153483051931
0.1868142693802
0.1706704433419
0.18345883655385
0.19147868780944
0.20017299382225
0.19078182420239
0.14617442414688
0.15628783367321
0.15856844114813
0.18669729011765
0.18897343013618
0.16541493669259
0.11905914601948
0.1252758765659
0.11481060825901
0.12067053544129
0.12187899071758
0.13616557261277
0.1279355029654
0.13489971989217
0.12563320854885
0.12228770584079
0.11864472314485
0.13276075937586
0.10768386030951
0.10488157087227
0.10084683443773
0.12355813776456
0.11743697194983
0.120352484496
0.18943151062578
0.19119600804951
0.20867479126491
0.18920010391338
0.20251207076887
0.20678364209199
0.19606209734927
0.19678469370733
0.18978163353104
0.18229670272681
0.17768615184294
0.17508584867295
0.1764898049061
0.15705274046409
0.17511554012262
0.16593163126001
0.1699186245483
0.14642045991263
0.14088803663374
0.15809378690247
0.17322975471113
0.15406096355508
0.2067836649709
0.19986979173042
0.19502841452828
0.18803612834155
0.18616500783437
0.18301940109924
0.17924405627263
0.18774867466057
0.17311335379164
0.17548726695937
0.16837465970751
0.17900274460804
0.15836250639236
0.14899794950788
0.13471804076498
0.14280645987778
0.13762270712462
0.13395014587849
0.13626727980384
0.12903569825514
0.12888590767179
0.14055831414188
0.14051722612018
0.20479742318995
0.19973300960321
0.20195889540864
0.18815247621954
0.18877752623178
0.19491569773437
0.18304598491992
0.19398969410683
0.19600253159758
0.19220392163522
0.20716706290554
0.19978248660555
0.2015755229101
0.17912627130029
0.17973334573417
0.18233748405129
0.18281403552044
0.17481133466269
0.18311755942609
0.17782892147564
0.18447217246852
0.16529725706066
0.16996861581446
0.16431262219333
0.16336029137675
0.15786091964383
0.14374843134482
0.15295535682907
0.14422994128624
0.13698954605364
0.14710160583553
0.15286467233941
0.1863786453417
0.18943761902444
0.19659675285141
0.16968629117198
0.16626437451279
0.16723323048846
0.17878303573916
0.17993721570846
0.17409896404923
0.17350097992332
0.1808751535888
0.18789270013549
0.19163606657723
0.18257234297624
0.15669505826205
0.15364036216271
0.15134791837638
0.15244364344107
0.14460038225615
0.13604541661661
0.16783268393786
0.15941198142827
0.15246795283526
0.13674645909108
0.1442633328751
0.14995994124843
0.15789601518765
0.1476696916202
0.15494687863837
0.14486376007893
0.14438128620112
0.14072341856214
0.14805509372423
0.16467517994127
0.16103953343058
0.15836686222395
0.16056514290414
0.15853749562123
0.16937656212671
0.13802354555375
0.13686772086165
0.13532014177909
0.14437341027247
0.13496159722689
0.14264449278952
0.13224496757127
0.13213620345891
0.1335943949537
0.13078981549089
0.16125171854715
0.16860835636954
0.16344267594884
0.16403052066652
0.17349908919356
0.18749110060494
0.17435934462612
0.18553919356243
0.13244996190048
0.12581545036716
0.18018218826037
0.1823778458776
0.17496295076553
0.16278598712102
0.1574352566115
0.14765916585987
0.13810724116342
0.13347246198627
0.18980045067221
0.18865335588915
0.1857012721751
0.1893568079868
0.16380712316832
0.16758305341294
0.17160157429722
0.17016273092094
0.16325360451442
0.14728544372259
0.14543535429962
0.14819104466442
0.14472412774493
0.13278241152886
0.14083846360706
0.12973276341104
0.13322271531457
0.10329520817768
0.10413325734379
0.11427734782571
0.10590573775174
0.12363792017698
0.11826924430587
0.10563287677425
0.11261248361419
0.1062684329922
0.13156596905697
0.11569856930758
0.11124619382019
0.12690594018557
0.1298666012986
0.12548603233874
0.1245468810838
0.13855647273107
0.15243127143017
0.14417436096432
0.14708043538949
0.13498920794187
0.12833940493823
0.13977497794245
0.15107682521337
0.13190565895711
0.13832319815409
0.15532972237905
0.13976165433155
0.13113298252863
0.12466195870351
0.11673785934481
0.12013533142874
0.16428480687431
0.10812332720912
0.10629909171817
0.10758019711874
0.10204811711436
0.14033469426573
0.13062787028445
0.17005814800097
0.16739738664837
0.14618990850655
0.1428921668006
0.1469150585458
0.16150809814023
0.15501215152262
0.13649758040107
0.17462151391315
0.17564883030359
0.16462007334042
0.17429591865333
0.18625279567093
0.14136822278375
0.14899594291517
0.14857757873858
0.15958070456648
0.17614041915658
0.1769591139169
0.16187121147916
0.11159150608095
0.11719681504574
0.12455055870552
0.10930244984317
0.11156109181985
0.11598579303867
0.11955453932318
0.12757982823385
0.12696346118598
0.13406751239717
0.12009744431904
0.11784108840831
0.11825033641716
0.11159362899686
0.10994646294144
0.10332784208105
0.10166437464373
0.095697623304695
0.11932268183413
0.11033289198096
0.12460289126706
0.17668428307968
0.18019590463977
0.18696106357371
0.18760553391946
0.19295117585109
0.18750369620953
0.18143559615201
0.17269522575456
0.16335626917826
0.16588827423039
0.16637441442882
0.15489441466988
0.16392138814659
0.1587211576575
0.16225285650616
0.16881370240792
0.13825134367053
0.14819229207752
0.14062154386519
0.16511260890471
0.1514271030356
0.14122478952458
0.19530514947191
0.1893272924431
0.1875323931053
0.18351964333432
0.17740165130073
0.17329088175245
0.17093508833192
0.16561009820131
0.16593303473533
0.16884884911224
0.15485505765885
0.16876237799992
0.15325560631216
0.12874576943403
0.12852690890237
0.1290849239637
0.12285534496318
0.12467056802712
0.1331381473847
0.1400765143804
0.13172015832034
0.19243401669379
0.18479873415099
0.18290451830116
0.18366810115909
0.18329742418043
0.18479106349805
0.19369990305818
0.18706759686487
0.18763087768037
0.17042474771193
0.1710336325342
0.17162323952064
0.17160541218763
0.16505807304335
0.17654320637582
0.1788055954423
0.16945139196243
0.17313802133554
0.16426048549548
0.16219525684279
0.15470655419012
0.15097541436825
0.14947179705326
0.13616468223487
0.1397006399169
0.14195839718115
0.14229295849813
0.13866875764858
0.13473430990846
0.14395371697893
0.17529252285329
0.15609278678432
0.1562083477915
0.15222616912604
0.16631271795445
0.16824177353185
0.16833700551141
0.16407439331743
0.1720591247395
0.16839905444731
0.17929505247443
0.18054502381209
0.17356986149731
0.14778755910218
0.14802926383015
0.14252931451729
0.13993595323369
0.12938150651341
0.16098422009175
0.15250154808592
0.14561910359355
0.14683746004455
0.12656488877427
0.13495350211059
0.14270097050943
0.14545510922523
0.1425767581686
0.14898105356843
0.14242255285469
0.15190302122197
0.13968276644517
0.14204545802433
0.13038952749244
0.16204951301681
0.15432393440328
0.15121228240595
0.15835478009058
0.15309409978783
0.15024480728544
0.16471280798691
0.1324978645347
0.13128172653592
0.13721801913794
0.13164123490244
0.13479916225948
0.12570618293991
0.12781792068726
0.12798595350626
0.12424847691084
0.12693522414154
0.12341969630169
0.16016112461369
0.15772074527317
0.15504498861787
0.16768989460795
0.17632521572579
0.17388883672411
0.12586602088881
0.13175285093636
0.11875372510726
0.17088508895462
0.1620637879879
0.15260108154123
0.15085501114014
0.14211590757323
0.12459160744418
0.17623161554963
0.17707398428581
0.17494707660959
0.15526204207039
0.16490924529428
0.15281912390159
0.14051187363539
0.14501130383835
0.13631313838754
0.13683395127038
0.13424739502381
0.13479186540589
0.12174156201742
0.12928090436811
0.12277147899952
0.095277601872665
0.10631375375065
0.11525760893165
0.097238635406605
0.10642481760943
0.10242183987302
0.097411472046152
0.12218776719411
0.10812296555159
0.11444448787995
0.11002757504274
0.10868935936185
0.12536423014562
0.12044672190589
0.11926169283585
0.11833495209695
0.12816200553551
0.13192244982361
0.14020354607902
0.14632238045682
0.14640066798956
0.14844018232744
0.14183317023808
0.13289769254114
0.13016629106586
0.12415010510056
0.14127658941543
0.15482575075554
0.12509336282918
0.13277962429833
0.15494102653623
0.13000081020877
0.14235550119048
0.11680705147651
0.12342507773431
0.10998379099036
0.11145719539024
0.16427774856345
0.10058737828785
0.10062032147381
0.098690044112026
0.10068865458177
0.10100936836071
0.098245967231216
0.097103339534781
0.13602703497798
0.15944712326748
0.14268244190137
0.14422736051303
0.14010681125945
0.159090676738
0.1552354361027
0.13790499693363
0.170520386248
0.17086282806036
0.16318837542711
0.17087902539373
0.17344397868741
0.14611397613575
0.14098271940108
0.14913129468894
0.16873086238168
0.17257265500589
0.15407992447896
0.16193961172167
0.10446007165231
0.11102813448
0.11605784185487
0.099971165765395
0.1081377643255
0.11130062054934
0.11472511176699
0.11988655222834
0.1227415422915
0.12772915054091
0.12591727924769
0.11278904480757
0.10912926087664
0.10906822754782
0.10530982984999
0.10403997435988
0.10110819214158
0.094039220768355
0.090830424235522
0.11018360120097
0.10901133798392
0.11720723632356
0.17056268611934
0.16957997262527
0.17941990823586
0.17384005780501
0.18398912773493
0.16773888945257
0.1647376270079
0.16126121985125
0.146487384034
0.15911445648757
0.1497893845027
0.15501119754378
0.16085513290311
0.13929071006442
0.14365914501368
0.13020815193333
0.14005963926878
0.13592151210836
0.18683923569084
0.18332530410175
0.18411151571743
0.17470299595573
0.17481898090588
0.17111648497952
0.16381712723865
0.16096164788315
0.15728914920123
0.15325152790924
0.15955287909572
0.16271212395319
0.14981477058559
0.14922871277902
0.12057745731705
0.12254569378033
0.12112839617702
0.11456374421822
0.12691463528608
0.11723220110216
0.12352512500993
0.13007103924915
0.12696240575382
0.18415059054963
0.17527757044674
0.17033307921105
0.17411644037336
0.17502076958408
0.17631840635077
0.16466508896649
0.16446094220788
0.16597607280539
0.16409665852686
0.16841481754123
0.16382650129827
0.16209069007321
0.16546309058818
0.15937095461216
0.15512689657465
0.15275223193546
0.15942523153279
0.14200702206852
0.13282257657868
0.13785522015536
0.13686802006863
0.13546661172863
0.13678404367588
0.12555477477772
0.16710804664822
0.14615898059052
0.1498873767189
0.14705585474809
0.15532319633389
0.15710515950121
0.1561795421629
0.16133260512936
0.17013220346085
0.17382285144122
0.16557929530558
0.13936803150181
0.1448019855182
0.12359590508214
0.12828876493689
0.15297061762069
0.14585381519804
0.14245832295636
0.14226651773494
0.14166763760261
0.12882344343759
0.13349948071277
0.13035209290618
0.13953136601177
0.14347970824469
0.1465579559755
0.14551066172255
0.13230898186015
0.13188670666294
0.12539937946142
0.15431092582083
0.15196030947781
0.14274676919645
0.14928658490409
0.14111635814193
0.14163623504116
0.15663146541589
0.12227505656873
0.12326458603201
0.12896799758622
0.12229153152525
0.12774045503378
0.11826518621081
0.11878854232154
0.12023493168164
0.116797696306
0.12168568391214
0.11474930785426
0.15185344727799
0.16155049719945
0.15273179306019
0.15807854316172
0.16982746924493
0.11866314537725
0.13102763384458
0.12603917872465
0.11294945441557
0.15976511427398
0.15208784173014
0.14482428785456
0.14429245596847
0.14410435919673
0.13466715926626
0.17000767819911
0.17260561796614
0.14531722301004
0.13366005817205
0.14248911898646
0.1334159401981
0.13011946806566
0.133944485826
0.12826933717643
0.12637903605297
0.12767422069591
0.12236135099197
0.11386156410989
0.1199730540891
0.12145968962037
0.11317314863321
0.093602242551038
0.10298865037673
0.10984114009373
0.093390621134319
0.098762734346821
0.10121131216508
0.09516833194124
0.10350330491143
0.10570787232877
0.10373859736859
0.10429686986585
0.10403973713435
0.11854090489833
0.1127581909293
0.11002243489046
0.11989321367735
0.12421205113078
0.13337302721059
0.12545329812447
0.137485492742
0.14362187558969
0.13361958040467
0.12652736175852
0.11486710578962
0.15694394698306
0.11906749476296
0.12824755736389
0.15160838240983
0.15041279174762
0.12784494078937
0.13274518314506
0.1164814217017
0.1113483155023
0.12049715482004
0.10161464967455
0.10978287854672
0.10952301682086
0.10111484962007
0.092702281127609
0.093160646437996
0.093006960469849
0.092364334282696
0.10214894300784
0.10222530669048
0.093882335783966
0.092058868538269
0.093376846421268
0.15744933811457
0.134156279429
0.13571752247854
0.13356267508299
0.15158024801849
0.1474074207738
0.12701153469171
0.13737933784874
0.16477039995201
0.164753644915
0.15593156266169
0.16489179772916
0.17252637928865
0.13485143222962
0.14550560630569
0.1477632590972
0.16294234538184
0.14834442132484
0.15306126324629
0.10108486543898
0.10035812667314
0.1032398058416
0.10272380498051
0.11210047032037
0.10486238059588
0.10848224817336
0.11595777177897
0.1207533556954
0.12248394634241
0.11147513294324
0.10690592772957
0.10476378043045
0.10783795405963
0.10184399417551
0.090705921520134
0.088359821716431
0.089441520592164
0.083399623569355
0.10281734934292
0.16783334513278
0.163340937291
0.15931807084728
0.16667640602137
0.17464737757514
0.15072316103139
0.1483597954349
0.14757074485561
0.13584480506801
0.15513536976071
0.14070356323209
0.14165014899496
0.14936571880535
0.13266202506835
0.13197502388549
0.12548623179468
0.13481537155683
0.13204077945198
0.12944870929072
0.17214904000991
0.16285221306004
0.16544143808751
0.1612302489146
0.1548611768784
0.15187905942961
0.14970730806456
0.14581813081766
0.15258626978568
0.14193614694434
0.14105667539264
0.1131159927785
0.11384907048154
0.12019522950342
0.11379862211331
0.1065122513216
0.11803964597674
0.11440713261807
0.11085558414114
0.13152968419875
0.1175621124603
0.17454622203002
0.16743008602987
0.16730469470616
0.16899276839893
0.17160154110864
0.15631780466374
0.15676486671123
0.15749941008517
0.15277872788185
0.16433777126104
0.15290252305911
0.15189991383822
0.16372451304486
0.15822628892245
0.16393019570063
0.14913752692541
0.14634377317066
0.1454631921728
0.14824025707585
0.13529392452257
0.12556139355215
0.13406562589396
0.12772747151002
0.12751126428677
0.12587232177269
0.12191706136204
0.15134723151576
0.13655714792362
0.14899062783465
0.13933029690435
0.14077673448883
0.14357756744146
0.15390017879124
0.15417002691695
0.16526286653555
0.17120216331913
0.16249455807905
0.13966533394367
0.11523444751522
0.12242748143346
0.14767356854718
0.13684600039501
0.14410809223988
0.13294472543365
0.14370120771639
0.13285782157548
0.13251029156141
0.12318973654473
0.12719137772261
0.12936463900007
0.1364826430414
0.13353732784886
0.13671860180563
0.14447959388367
0.14637787516511
0.13826322600038
0.12531774962793
0.12950361541498
0.12673646398038
0.12909226768012
0.11689991149672
0.12227173678729
0.14170435145312
0.1406097354708
0.13610800544723
0.14224519992121
0.13861560489321
0.13796953755067
0.14848293780792
0.11479424565506
0.11314628383011
0.12148011735449
0.11453552877826
0.11221724764971
0.11664522209305
0.11452563490459
0.10952197838554
0.11367933075182
0.11026022405487
0.15193714489507
0.15528920630257
0.15597345590889
0.14837702639779
0.11912691042711
0.11206151983143
0.12362136565477
0.11894027704494
0.12488960816395
0.10555357008428
0.14798354279243
0.14288011025549
0.13639394731701
0.13536552801196
0.13556343007715
0.12583936365871
0.16583142937091
0.14207388898835
0.12867534926276
0.13322039192529
0.12817159468938
0.12366080688106
0.11983338893439
0.1179738403963
0.11181718404397
0.10659922400482
0.11341988781528
0.11560326915355
0.086489153994143
0.094831598633813
0.086664180378516
0.093266736366925
0.091636799944709
0.088916611049214
0.1034078025616
0.095406706440518
0.10809826843005
0.10032736830866
0.11316617018878
0.10312156012213
0.095663473175745
0.12020975930551
0.1102489077113
0.10933268188398
0.10407033131489
0.11770706545673
0.13088751231775
0.12237714656667
0.13239917125579
0.13506933249408
0.11036878587828
0.11166762594473
0.15487997777847
0.11674164742557
0.12025306404786
0.14772233735218
0.14625778424507
0.12921955477108
0.11954641053159
0.1380800090924
0.13053458852395
0.11660255129104
0.10234422201446
0.11731958408155
0.09433565697804
0.10796900754097
0.10813528944621
0.096738289046729
0.08817884436161
0.086620330640356
0.089752240571376
0.088288405177585
0.087606153458403
0.094346820595352
0.098358892546965
0.087787938792516
0.085471268594867
0.086156218104948
0.14959764229655
0.1292062012843
0.13246502757214
0.13870009112812
0.12286591837388
0.1503213255559
0.14647727180732
0.1276314505952
0.15675042234377
0.15490326669267
0.15634214824731
0.13625980590832
0.12552155045325
0.14035341975723
0.13993058055098
0.15451197665684
0.14185265696774
0.14962019646691
0.094801117142789
0.099203984723133
0.091930357519775
0.096558803684204
0.099228738561413
0.10434447745536
0.10247373955726
0.10743721974064
0.1173420470918
0.12589300685446
0.10409356953908
0.10185933932659
0.10164269789952
0.095617909773798
0.089629347780065
0.084732900390598
0.081743261639532
0.080568077566746
0.087951360304543
0.076439411334641
0.15717642757481
0.16258143272144
0.15239669296565
0.15376461913393
0.14954342436199
0.16897986981625
0.13957763264415
0.14442516131614
0.14070094276624
0.13317235563228
0.14153719764865
0.13435203279607
0.13795558080237
0.12433498471225
0.1267742192146
0.11628620090612
0.13283567898218
0.12711003888815
0.12391668526938
0.12183926921872
0.1634108723067
0.1583977919763
0.15378790721644
0.14876604139355
0.15412681649355
0.1453356726124
0.14745064434688
0.14236724153943
0.14274523786413
0.13642502064122
0.13379169803934
0.10620671454204
0.11056446725207
0.11874015342679
0.10937603897261
0.10542794344944
0.10933549539079
0.10639887653981
0.12817689369517
0.11732096678873
0.16879301099246
0.16369469606111
0.15731088124683
0.15852631560305
0.16035923867538
0.16179149541234
0.15371214023704
0.14830404549181
0.14813844825342
0.14874487723307
0.15046105038761
0.14646965570215
0.15134056198274
0.14881961046872
0.15460196779636
0.15395849247887
0.14582125740864
0.14140075100791
0.14589640670286
0.12947515642898
0.1257042062575
0.12279052500998
0.12553213655023
0.11857947891203
0.11531125531132
0.14546001748599
0.12704834574107
0.13655061731119
0.14057774339056
0.13582543370875
0.12735229905255
0.12998287299389
0.13675733570459
0.15369911852833
0.14459391664907
0.1651032860105
0.14772304827672
0.13227123628143
0.11587083543118
0.11897839903082
0.13894913049255
0.13042968252331
0.13871136325011
0.14398123816117
0.13393291092228
0.13365486319654
0.12990768959775
0.13047475248487
0.12324029214142
0.11397978611225
0.12661280592516
0.12926512099993
0.13736952794984
0.13794833160444
0.13358818068511
0.12170800215628
0.12379483011233
0.12758829275608
0.12569643943503
0.10889951745164
0.11710682865505
0.12405460499358
0.1341865286027
0.14018210654329
0.13583146249945
0.13140513559971
0.12891350918451
0.1453240151214
0.14528427954838
0.11207826340992
0.11361187861098
0.10797479235646
0.10434449153753
0.11046243408645
0.10637774786326
0.10338527595366
0.14292898955185
0.1470856216248
0.14424569679238
0.109632682269
0.10681573309192
0.1051903779096
0.1212708236304
0.11075508230799
0.12144926956376
0.09715017304758
0.139195763387
0.12733104412218
0.1275800758859
0.12661754969021
0.11764085450935
0.15811498014343
0.13359710486768
0.11887955279092
0.13010405613056
0.1244853160697
0.11820940229329
0.13293067155263
0.11360557058296
0.11094615268252
0.10825864521714
0.10596485424419
0.1059270998405
0.098327200554913
0.11106477844149
0.079809608700165
0.088199909699365
0.079786827877345
0.08983585618124
0.085503274491813
0.10230461936143
0.095547614024749
0.088341177261989
0.098997276735441
0.094704506444947
0.11214287540266
0.10900655336537
0.095525520888626
0.10607793397259
0.09064066990524
0.11332192308729
0.10508719362361
0.10205609076886
0.096995966227109
0.11968618829688
0.12648135629588
0.11408013167971
0.12366323660408
0.1288000066103
0.13166704843439
0.11018108576652
0.11063708722649
0.15022177807033
0.11745121398653
0.11542566450311
0.12240462782879
0.1377049445611
0.12185386601898
0.13527380474704
0.1302817815777
0.12209011531865
0.11373361602466
0.098314648756193
0.12189043494015
0.088143433559178
0.10959433292517
0.10366241446597
0.10319448864671
0.094520551183585
0.089662165153833
0.079938805290368
0.078651400267367
0.082119972965411
0.083002127533046
0.078354660884464
0.089403204772055
0.09773985244722
0.09682230670373
0.091846575805712
0.080753153126325
0.077286477589699
0.079953467697788
0.12838630186574
0.12882471835187
0.13197923045087
0.14553547196813
0.14269708103582
0.13762651660847
0.14529680440391
0.14998845058846
0.14714200372877
0.15045019629803
0.1327764548636
0.12289928962299
0.13230750216468
0.14998890298614
0.13270711432341
0.14201449185172
0.093725625421301
0.086739184219257
0.092945162207313
0.094458015147699
0.098301751298313
0.093848702975261
0.097864553539538
0.11283084760856
0.12235721594
0.097741383658686
0.10433243438811
0.098104002615931
0.09460997969236
0.10436959060001
0.094999537335395
0.089366238431521
0.085225058034664
0.077472656374638
0.076620144387292
0.074373371725516
0.078422203984367
0.073829224515833
0.14935235363812
0.15276307267192
0.14111750935328
0.14234298158111
0.14058397067562
0.15971275606487
0.13241236913236
0.1379105761476
0.13434364002165
0.13712692986011
0.13021522432894
0.13290577887104
0.11770768290039
0.1284943436245
0.11980700742351
0.11174265387314
0.12485010723962
0.11708379175721
0.11499482378278
0.11423020770565
0.15682582987386
0.15347063722402
0.14097324299225
0.14347718687876
0.13649812583948
0.13857333917975
0.13633820154079
0.12744699405991
0.1290733252082
0.10607651731204
0.10511084595267
0.10817636820222
0.10093656949016
0.096097385827917
0.10335772181251
0.10560361808605
0.099136651346282
0.11031605338719
0.159080263868
0.1531412743461
0.14686721164097
0.15135245193435
0.15825255102263
0.15018347517738
0.14547547234485
0.1415144062433
0.14387276742249
0.14161832271811
0.14208468397022
0.13885761454282
0.14668238997157
0.14801373268522
0.14581746028158
0.13951143724699
0.13388785059269
0.13935421534697
0.12045107069264
0.1237658194004
0.11760186855891
0.11510377517057
0.11662387824897
0.11060516031068
0.10707280736167
0.13632059871729
0.11808973441448
0.12008229575779
0.12471917661609
0.13055148763543
0.13748414717749
0.13135356462047
0.11963084730483
0.1258174592391
0.13732008941214
0.14866017142585
0.14108516304108
0.15443661211869
0.14456753149826
0.12516878030939
0.11359790985923
0.13167348820531
0.12703277705033
0.12603622237332
0.1308946859861
0.13427027609536
0.12401899908941
0.12436355433593
0.10904791461744
0.13809651280015
0.13514832292014
0.12859081154295
0.11529857290681
0.11636617848283
0.11967059606152
0.11803183516446
0.11312328894008
0.10589399369189
0.11866114501208
0.12970659547555
0.13201641575894
0.12939541423001
0.12505267782564
0.12206853274906
0.13601787895002
0.13736483653416
0.10400684475194
0.10802715744521
0.099740199628581
0.10334226325827
0.096289334598328
0.10472075708029
0.10044937639225
0.095609105572461
0.14127829000299
0.13517410500866
0.10251524974346
0.10190889495815
0.10922924076724
0.1144572062162
0.10733235985063
0.11728108327223
0.095102410288908
0.12286537346674
0.11946924204541
0.11383158936637
0.15167379386909
0.12845442687891
0.11842031732179
0.11148871134854
0.12444711771004
0.11497202084402
0.11157515512897
0.11076633746681
0.10494680966437
0.097691536282235
0.095540182886903
0.10381135794674
0.093272740963953
0.11334170268029
0.076553099302352
0.08237346562999
0.074504298742682
0.082438209398208
0.078823504929899
0.081966968918602
0.095103785550817
0.088723120132287
0.083351340559536
0.087369586940793
0.081446912147096
0.092701165250883
0.10063897741119
0.10997505603514
0.10863496122418
0.094527979445877
0.10118362182967
0.084140373229642
0.087614399597365
0.09947202879428
0.095299643815303
0.09012895229805
0.1171611368466
0.11705696368094
0.11218946783034
0.11857679750794
0.10331181805523
0.10353104188795
0.11214870832291
0.11208009197485
0.1166309109085
0.13425332361233
0.11496068295441
0.11873320110772
0.13047330169323
0.12294542966711
0.11837602748654
0.1064953069478
0.091832853321708
0.081641709193003
0.10340620737865
0.1051630157159
0.10017965234101
0.10229372224372
0.087837559600406
0.086427787841643
0.073181425632696
0.075785603829162
0.076097752913676
0.074499536962917
0.07865666281282
0.079838602405104
0.07477877427993
0.087373394343799
0.09526959597251
0.09154799669984
0.090389992909916
0.087134706348664
0.089757929285559
0.081681226530044
0.073584314231255
0.074742845594585
0.1197665079857
0.12942098492381
0.12011955955927
0.13252441931159
0.12982921314863
0.1370249898738
0.1358959018915
0.13591406331845
0.14466682949093
0.13827264845741
0.14160302037753
0.12794744694861
0.11544112222115
0.12716223472038
0.14106008829915
0.12997688262852
0.13568451372373
0.08739746643559
0.079742012356232
0.083999994052739
0.084670237310275
0.087246542729594
0.092083190636699
0.093184883191363
0.091716091214244
0.10039108562047
0.095680631090784
0.090660279270337
0.08974133130398
0.10336790019641
0.10075252725184
0.088333468250413
0.076652948617657
0.072848879618205
0.07129589124
0.070371294834766
0.066146546878417
0.14818329330843
0.14744877780505
0.14127596974309
0.13509670064678
0.13796469933105
0.13459776535841
0.15209115364763
0.1226465135381
0.12876613346779
0.12564993363304
0.13146453265959
0.12220656146154
0.12552325288652
0.11171692707718
0.12145579566953
0.11257966601719
0.10684968855183
0.10733604661531
0.11794988524334
0.11298438171741
0.11076637444124
0.11832891292124
0.11002886969693
0.1416606740516
0.13625793448381
0.13525945081609
0.13595368984238
0.13312609917345
0.13052509928141
0.11978929477927
0.12722381821743
0.12100433875311
0.095980356869733
0.10545526876652
0.097367932095773
0.10868208210215
0.095605690978001
0.091314927299083
0.096257757315927
0.096825230445314
0.09326041749908
0.14703535684336
0.14529418922632
0.14751050929334
0.14930848862854
0.13802411464357
0.13461061614613
0.13550358827985
0.13365075216346
0.13422547950208
0.14016541084489
0.13031568750865
0.1455577227025
0.13801593693223
0.12924453717008
0.12655055074995
0.14111449736549
0.11797267956851
0.1103081796195
0.11781665910061
0.10730362827659
0.10623584859258
0.10451239942551
0.10344775060659
0.12712384989643
0.11475146622931
0.11031067316461
0.11216237747617
0.11983699286674
0.1271618244105
0.12510909656959
0.12721902021581
0.11024560787583
0.12356788149681
0.12191137041319
0.12726728946764
0.13603698607899
0.13868213931802
0.11831323977399
0.12552757432341
0.1310038743805
0.1187308897161
0.12779494179744
0.11952581141784
0.11590468372506
0.10403291080656
0.13077684664569
0.12039298865287
0.11400394914573
0.11161156629344
0.11772730298622
0.11599719513805
0.1137231053891
0.10116555393704
0.12151742864492
0.12537222766275
0.12139030751232
0.11758935595815
0.11557760362679
0.13302180389199
0.13221804232997
0.096220066934316
0.09527141247036
0.095896147881484
0.091782386214598
0.095467369420111
0.088889838409266
0.12952864348096
0.10312178797095
0.097836237472291
0.097732197523437
0.095976410806091
0.1030190980619
0.11646614627275
0.10326596015508
0.11443591082688
0.091225870575239
0.086668768631855
0.11452794813297
0.10504118934631
0.14712499187647
0.12706646513979
0.11343890437361
0.10918802959196
0.11593166981281
0.1106012342831
0.10630828145679
0.10422820602183
0.094217195306383
0.091686863444899
0.094998948453249
0.084491544940779
0.090644886741366
0.10956239934816
0.069606730806704
0.072895604150153
0.067787232094227
0.07601453600713
0.07915247668701
0.07285184712421
0.080451129269188
0.087450401705195
0.082036929945065
0.078108204326947
0.083743739778194
0.087908220784612
0.091108506340067
0.095191248200059
0.10306299759597
0.10107785181553
0.090037087345333
0.09142495192205
0.099053368130703
0.09825296047806
0.076649527346565
0.07818177097525
0.092896085410037
0.089489046946569
0.085133214572907
0.11093242566378
0.12021045224109
0.11220939885843
0.10645080879203
0.11177723950468
0.10456960356353
0.11270824006265
0.11189804267992
0.10556039874183
0.11294069723793
0.11466886999554
0.12169348729819
0.1349182440214
0.11805097895084
0.1220733809567
0.11326247184559
0.11550385980551
0.10395335236035
0.085156938513121
0.092653731786161
0.079664310989064
0.075216749701718
0.10539634343091
0.10179223027483
0.094144788319012
0.098944435379001
0.081048122956892
0.078074913926334
0.082626928678028
0.069467523817676
0.072382881192485
0.069718144822266
0.071862359959284
0.075860803995184
0.076154467073597
0.077064232045521
0.071410290708005
0.070972800147337
0.080989962592745
0.088960312420029
0.086754261262106
0.086100831941726
0.092959323873494
0.085878106795382
0.079825614540105
0.075485513937006
0.067594929724144
0.068379797806558
0.11901242028416
0.1206838278075
0.11500568494393
0.11596880617147
0.13209822791816
0.12540690852896
0.13026434853486
0.13300315565087
0.13225782334539
0.13683406899627
0.13538075729448
0.1370838686163
0.12360873116999
0.11623457523361
0.12157179366913
0.12368190927489
0.081566049858027
0.085175694097278
0.076686362454845
0.074046188653953
0.077234979384129
0.082089481942295
0.0843686035432
0.084385261583734
0.091270780520371
0.091584780309156
0.089177810299262
0.085563064996553
0.082950175020486
0.09876404422327
0.097176048895286
0.083206765924378
0.072112280691305
0.06855734100254
0.066103319061714
0.064551968582342
0.14706122742467
0.14008990810017
0.14053195250513
0.13491847121441
0.12820984912295
0.12935860554428
0.12747986120306
0.14494860784353
0.12069492329307
0.12028150562396
0.12384974646856
0.12306615853665
0.1187029384588
0.11770824851733
0.12433982059162
0.1046480231332
0.1149660886668
0.10555051346479
0.10158904855644
0.10113651491425
0.11184864737284
0.11330325485522
0.10786453700239
0.11085242596345
0.10330463769083
0.11120919392097
0.10274377557208
0.14069923018296
0.13173114113623
0.12964744441381
0.13030267161011
0.12244241116748
0.11337829488382
0.11944446747373
0.11390704309787
0.091684217710449
0.099448590760763
0.10769334682378
0.09435325252894
0.092408211126421
0.10634674770514
0.087245812132467
0.086628353601511
0.085638701995678
0.089536909613222
0.093900372140616
0.092340306411885
0.086685955317721
0.13843412410695
0.14026152740142
0.12654321810203
0.13313882479608
0.13221040915879
0.12891180848013
0.12917349612066
0.13135389581741
0.12800580767582
0.1264825315225
0.13838435627181
0.13440466718356
0.12426000976601
0.1102440754447
0.10544445862757
0.10612518669944
0.10940498873721
0.10297580719071
0.10051880624887
0.096303247949071
0.12372660764892
0.12169821723411
0.10689476724576
0.1041300534841
0.10601405576758
0.11196927377627
0.11924831967534
0.12905881076304
0.10647019022543
0.10779616719622
0.1131549281633
0.11419335204846
0.11666912420283
0.13154876788133
0.13128887158802
0.11664047145147
0.12452253271403
0.11484469339914
0.11388249938544
0.097765282939409
0.10843773655358
0.11494003060351
0.11087256054247
0.11372260930525
0.097530549060524
0.11621030263612
0.11781238693624
0.11932831849709
0.1244609234781
0.11267182073849
0.10785048340821
0.1137069587798
0.12893099811039
0.087738194935611
0.08810156347765
0.085979186668004
0.08737477280061
0.12402176376118
0.096983688535748
0.090298396224388
0.092125501489255
0.096194623564925
0.10652080998431
0.097201110862333
0.11253645020563
0.082696984184036
0.086851570066225
0.080014280308357
0.10702181892635
0.096899957645233
0.13916635044124
0.12010552044176
0.10857064680374
0.1013055999002
0.11147821074665
0.11358695330188
0.094616215347501
0.094698624389548
0.087663760032932
0.086810459794987
0.086155961403286
0.082201456268593
0.092402414175288
0.080110522794033
0.081787470350778
0.11022287835006
0.06389363033334
0.065198918797982
0.068410224335999
0.0627151414803
0.072327371903607
0.073164748605667
0.085150134363637
0.076173647224812
0.071597958349735
0.078948713557849
0.082385720765106
0.084254736089118
0.096752211813437
0.091993805289539
0.10394821616719
0.10206899278209
0.083210119168414
0.084475546871211
0.093979359867817
0.099920584709243
0.099510191691858
0.07223444948947
0.075392404961661
0.076419429405011
0.08654830770231
0.085650585301322
0.081926333848204
0.079777745747343
0.11582219622859
0.10142293544577
0.1137987912019
0.10549949006288
0.10225750162949
0.10516529541243
0.11239110026845
0.10683431706825
0.12068540676401
0.12984657945306
0.11390063042751
0.11355030393077
0.12105165706904
0.11512681948943
0.10627602532566
0.107150580669
0.084331555723823
0.088763937769495
0.076972658035983
0.074802505588992
0.070683676121885
0.071692452151751
0.10235074210052
0.097510037873848
0.091524484431548
0.076942899553273
0.075828265469028
0.077972853579811
0.062464462898248
0.06394341013401
0.070174053078388
0.063468026257072
0.064587044351756
0.068498492063741
0.073298392226853
0.071492812442899
0.066352076502137
0.063167350519502
0.080463820432946
0.076050826653595
0.082901192488175
0.091828068813671
0.088412659086265
0.087996551903282
0.091154778136504
0.07929189551078
0.088365251201047
0.074072991887767
0.060280542602199
0.063295920724416
0.11587115949209
0.11909720632427
0.11394784616151
0.11459035811962
0.12619313348697
0.1222289369748
0.12429513298285
0.12667829322843
0.12454634914232
0.12988524891093
0.12734862768709
0.13126003401124
0.12055381734742
0.11340620971906
0.11827430321266
0.074648523575289
0.080336453978563
0.071468922582819
0.069813478660644
0.071562462018633
0.075667119452561
0.081274215862768
0.083813418063017
0.085487680734576
0.092058644262629
0.082276328691879
0.08030647034417
0.10452008982228
0.068608432149358
0.061646929062073
0.060572595318488
0.060334675096506
0.059643251245273
0.1375747271564
0.1344669181577
0.13397339496841
0.13337757535352
0.12815708220072
0.12179604823655
0.12440086856471
0.13569291918901
0.11344796895525
0.11275060301125
0.11392154799586
0.11949480223579
0.11631364853731
0.11510384912625
0.11286802209411
0.09915131387329
0.10867133120172
0.095060420940738
0.094695051596342
0.094420514065098
0.10533624578744
0.10732917904982
0.098761481532013
0.1014618682474
0.097465869480345
0.10277443863572
0.094191716874795
0.13630713009596
0.12239394714395
0.12083707538794
0.12051360706564
0.1174087487683
0.11260600347368
0.11020933437912
0.085622992673864
0.09528956073368
0.10276333543324
0.084989370510672
0.089590033483093
0.089789815922881
0.10004364378323
0.079840755267534
0.079793041750913
0.088540770015258
0.078616681160622
0.090034924550502
0.087959918007426
0.085567753806927
0.078680025502804
0.13299353606381
0.12086156306247
0.12493421328234
0.12663252440258
0.12529491194192
0.12379273510865
0.13213932601223
0.11994950003031
0.12837844306452
0.11774228709039
0.097248322312649
0.098670143074795
0.10552752958629
0.10435680290239
0.10405583422009
0.095659752542599
0.092729424596258
0.088710833838665
0.11769316694694
0.1144636271491
0.11283630011344
0.099702473185501
0.096810755232371
0.099257037786063
0.11173273680012
0.1068966961483
0.11752141066774
0.12357725683675
0.099453254676182
0.10061615203492
0.10032683705076
0.11288454349142
0.10773340670339
0.10884827405152
0.1237864877241
0.11556960652403
0.10870302804124
0.10928433541066
0.09276220789003
0.099946210243133
0.10906434142265
0.10662243410555
0.10612286409157
0.093532800168373
0.091943791742146
0.11232594136048
0.11329839599495
0.11402894837541
0.11684811224742
0.1037286646004
0.10049369184978
0.1062334948594
0.12016195345671
0.083729183258732
0.078872452262941
0.07902136019282
0.11574253726383
0.090864150690001
0.083961329512646
0.088051608115728
0.08872679323585
0.096983186577415
0.090916191294756
0.1037407752567
0.077845198334868
0.083169696084197
0.076776875158103
0.099122215044746
0.093144784194854
0.1306789548128
0.10064205985804
0.10108111092634
0.10730205283245
0.092865868892815
0.092803074557858
0.080745300773115
0.079838986035762
0.079976019143747
0.087382569932721
0.072992503132988
0.076491706649341
0.059265966634778
0.063233078067263
0.061742649972976
0.056464568806059
0.059763904585933
0.066966419286758
0.067976707869585
0.077765644946461
0.071131333859583
0.072796329121137
0.066401287858859
0.074234004490282
0.084130233153173
0.080254556186654
0.091783586547612
0.08967620881911
0.10245049611937
0.095188432836278
0.10182467325962
0.083286894325674
0.087393794247772
0.093491452224674
0.094649169579162
0.06602438443068
0.075068088085434
0.070195836000866
0.072852604689874
0.081353848133547
0.077533251478918
0.075995839804755
0.074250939770012
0.096775440193412
0.11123909635999
0.099522226007025
0.097321523794922
0.1044444133843
0.1179233336843
0.11736435317006
0.12585828772315
0.10655017227243
0.11837760815881
0.10623389847015
0.11468085203461
0.10086318932908
0.087740861466599
0.078564025869349
0.069676392993482
0.074124103874822
0.069151188805142
0.065247658623985
0.066298167196899
0.097435916329368
0.10674705539361
0.095009904046443
0.071656030118995
0.075309025739271
0.071258407769434
0.072527591999101
0.073955608699664
0.05861282818617
0.057646410513922
0.061205436737408
0.065915933721157
0.058881608409071
0.061149282386734
0.063351478567084
0.065172674484027
0.065846352698389
0.065988596592501
0.064996331883037
0.061371234118165
0.061597132817899
0.078034894580954
0.077848799326546
0.07397349376705
0.08130160756759
0.087104200082564
0.089964872464303
0.089137464598188
0.081497345983281
0.087021046885412
0.089708072564889
0.076583972685553
0.082188379266065
0.068959199153813
0.074363625785978
0.054706485160346
0.056710148672105
0.11410920393408
0.11397064144204
0.10808637343338
0.10693648072817
0.11838752730382
0.11911443119439
0.12015088255261
0.11954819920388
0.12112522121446
0.11471376010543
0.077042488968779
0.074948122436664
0.06664805507665
0.069723179218482
0.06473138838482
0.077125669686596
0.069547548636767
0.075595016637999
0.077521988433546
0.080178677898747
0.074956969964585
0.07358888423565
0.10341383940419
0.060731481058288
0.05735523074558
0.056216571461845
0.053936656906554
0.054978869414701
0.12805723463026
0.13189499628081
0.12241186306448
0.1160768725845
0.11780335946632
0.11955701811965
0.10952772998301
0.10510602477538
0.11120070456975
0.10856285045976
0.10633259902991
0.091098846510421
0.10180409126486
0.092419760805416
0.090316619324528
0.089709084313485
0.099576311116748
0.10221809955303
0.092722735153449
0.093628672671489
0.091899431332517
0.10164525661097
0.09438947518238
0.13033367967134
0.11728401768294
0.11576023162161
0.11824353068632
0.11031644665579
0.10852090474652
0.079025887758621
0.096842393461353
0.09748359005158
0.08161111973908
0.082426648375496
0.086195878038333
0.085318199775322
0.075138665990801
0.074651916432575
0.082263092905463
0.071853998992502
0.084329848097238
0.087863420421156
0.079165200671996
0.078333045143221
0.072423520846533
0.12488240541061
0.11476439979019
0.12315957528657
0.11930680030958
0.11827445370526
0.1166130927527
0.1136242431435
0.093132847769128
0.092235758953214
0.096975051777764
0.095687330125171
0.087942499042115
0.087571023236845
0.085149439128994
0.11429338330698
0.10987511080061
0.10529091495547
0.092592045242919
0.089176458671875
0.096218579727543
0.089732884946396
0.10557886897235
0.099219591125617
0.12054928220007
0.10825711766389
0.12007197926957
0.09451031120803
0.10040573964903
0.1007980860001
0.090963910801906
0.099169973755065
0.10472762417939
0.10005315510514
0.099780935625576
0.1101968677194
0.10042290476412
0.095171160719315
0.10679243694518
0.10478182105436
0.10460045024252
0.10665042058267
0.095975745802429
0.086795790195523
0.087232272472982
0.10567553023961
0.10827930571981
0.11407349345814
0.10074532427697
0.10439925958714
0.09889682841433
0.095035132177538
0.099627650057632
0.11532692273598
0.077190522175345
0.074802483508979
0.10806259808508
0.085907679369276
0.079436986460837
0.079872661506024
0.085746602755776
0.08988689134721
0.085509771946018
0.10122445700948
0.072651239510649
0.078365966588187
0.070273845785767
0.086760740581605
0.12666376159524
0.098329989105699
0.098682709861517
0.097166471265562
0.10915033736751
0.086380715831809
0.085645277827667
0.080024771351533
0.073149068722504
0.07946912435263
0.070879881965097
0.075896451944857
0.075092753754473
0.07763085824025
0.070861074908993
0.052834976301745
0.058536608073083
0.056713135909743
0.055430942869201
0.06175484148596
0.052580651777593
0.052957199146452
0.063898362797676
0.06804873458277
0.07292129910323
0.0645506564392
0.060474265716303
0.082729471981399
0.080032261701901
0.084746628773332
0.096814026873333
0.091009558075085
0.097179401312896
0.078595715634003
0.086526018558094
0.092207457132761
0.05879542338894
0.066427797346849
0.068780495926892
0.066600025330357
0.067246729406027
0.074321911996624
0.075990401788494
0.070926845019369
0.06905136899265
0.093673503655175
0.099683136514103
0.095192095573296
0.10076687050113
0.11404983084855
0.11211061241855
0.10207261999831
0.10945475886816
0.10290325811709
0.10180858775934
0.10990844471299
0.10057068705539
0.086623227896075
0.077236814866933
0.069269742067312
0.066200544291989
0.064473364484059
0.058938297702234
0.060808321821432
0.097562720277882
0.106669720278
0.093420354089939
0.065700973007482
0.067462145731664
0.067955130117908
0.056054699115709
0.055057028498216
0.054060743822901
0.056902644587684
0.062019895157791
0.053943467459204
0.053978111774221
0.060143061338539
0.06259469666899
0.062319821662594
0.063416300838812
0.061228438376387
0.059845242246346
0.056711799819384
0.072374202854266
0.072435493259058
0.067416275000657
0.07629682875464
0.084198588261772
0.086982595616692
0.082826260030836
0.087276740201842
0.080308065914518
0.083394777317021
0.066980884965122
0.070391763411653
0.053173787502886
0.10756855024102
0.10487879662205
0.1077074124487
0.10020483612958
0.11481133750032
0.1142202210958
0.11621495122658
0.12056010602406
0.069988777578663
0.064724777018881
0.061400599104023
0.063643594564743
0.067351111894156
0.05913465819579
0.07156523544853
0.067092132476408
0.07088865033685
0.072434303926183
0.068684728791811
0.067829946730708
0.10499308385995
0.052451736793072
0.050031598174561
0.048976621567659
0.048725303383463
0.12430092004904
0.11618190822848
0.10838776284054
0.11200945933984
0.10056203211854
0.10255936159418
0.10415329921173
0.10665264630231
0.096703145514267
0.086871673690144
0.086340837592273
0.095737321322832
0.093127136022356
0.090034530646192
0.089384935003266
0.086840034331532
0.085613714126144
0.096201824382811
0.091060162677013
0.1236348095634
0.11191278119347
0.11373728158829
0.11048779212561
0.11184952656291
0.10433474599496
0.10066617989748
0.072159294421113
0.091696388046572
0.092209340710946
0.074211095016719
0.076206205076501
0.079798292191279
0.085311770825387
0.08273421359902
0.069781812131037
0.076414562849543
0.069581403870412
0.069904625823339
0.081907367013052
0.080715367998281
0.081756609940825
0.077156625250069
0.075658780857256
0.07775071479956
0.073403510225899
0.11980958243162
0.11639753517775
0.10697682622904
0.11918258477715
0.11495539795362
0.1100321690008
0.086716074719562
0.085909709320711
0.089011148600085
0.092308960354813
0.08566963223515
0.082340138532845
0.07772306891791
0.10566814309908
0.086324898726214
0.085050851172847
0.097062951379188
0.086994327895974
0.08442969453268
0.098989000616408
0.11112639509332
0.10470838674643
0.11057515323721
0.088130425212407
0.088857248997664
0.089848965240759
0.098937920154196
0.091318300450515
0.088453595926692
0.093134489251137
0.10018033481704
0.09165353508236
0.10491226473364
0.09770077794434
0.098843000147271
0.091071232229717
0.10177367422276
0.10362797575584
0.10387189795639
0.08926831699192
0.084129990667767
0.082222723167186
0.10750484881484
0.11155481752626
0.098313944494924
0.095720015413656
0.10090467427686
0.10115641336922
0.096527474131999
0.093350177442201
0.087107889595625
0.07075424290771
0.068253001765322
0.086020091484832
0.076007955560194
0.075172895303519
0.073521543434522
0.07894679490467
0.078009446721322
0.067118661627045
0.065429206079434
0.070403102484866
0.078597807135579
0.12033537553572
0.091071950175722
0.10455686791827
0.095010293081079
0.10920523147445
0.082483646340487
0.091176320071885
0.079168005365412
0.074355468076878
0.067010826930224
0.069697162976
0.073615271874603
0.067705072983489
0.069218444323593
0.068251505003815
0.067985285003976
0.07270254428726
0.06837015836316
0.046071673664108
0.051158477123432
0.056967300794438
0.049871768544604
0.052908018838064
0.056104493593323
0.046705093940591
0.046410457236236
0.061326650290746
0.068132794380014
0.058792394641657
0.05319341939382
0.075318073696548
0.084316098215298
0.092038439107002
0.097536689986005
0.075712292797389
0.084969091387061
0.093568794373392
0.054585527719425
0.059454589001007
0.063519118277892
0.069762435820701
0.064639508590026
0.059628720252366
0.061032394220686
0.069103814807032
0.064905583883089
0.070246072454422
0.064854965414942
0.094667818923166
0.095009805211234
0.09612555815979
0.11529835260322
0.11165259322595
0.10460350050061
0.097335261815349
0.099721411753537
0.082306713766947
0.076507152071598
0.071402558749024
0.064935080537992
0.068029665764034
0.064304261837964
0.062338005118078
0.055261441267412
0.060267971678281
0.090402192473127
0.10235825205051
0.084621690558858
0.060080865256682
0.063999730310539
0.066223310757739
0.055941329541586
0.050168987199394
0.046689356377543
0.046853613019821
0.050542229623086
0.060061165591444
0.054554513047596
0.046706948391238
0.047580907679182
0.05442821104172
0.05633297153495
0.056390790324002
0.061726472512821
0.058288132648127
0.060558338658279
0.054979646502819
0.051960259726469
0.072090987072777
0.072166943819193
0.06676869868076
0.065304470720626
0.078458694467513
0.070638268772222
0.080269550932518
0.087067245728566
0.078355711211825
0.082155909780379
0.078345700555629
0.064798165455452
0.068296534972449
0.045578890167145
0.10680697070073
0.10497750952214
0.097458683232524
0.10218777091656
0.10979659648083
0.097756323649793
0.11830435490043
0.10920826312296
0.065969068076191
0.056608155686118
0.055693456313098
0.058215820487617
0.067039918560238
0.06025930053115
0.067887616184981
0.064959005804381
0.064529304774531
0.099716785586421
0.044865508724869
0.043692029000495
0.043287490796736
0.043637217589931
0.10930607090029
0.10145264604258
0.09177825191075
0.093598972406162
0.095818818176966
0.10014990933959
0.081158384967128
0.089836667099422
0.07911454344351
0.087143172770646
0.085797911597638
0.080393398086017
0.081869784610572
0.081803982635869
0.080780038661185
0.09406514329731
0.083617195110899
0.10438703527428
0.10485189625469
0.10220354787103
0.10415706957039
0.098560154338447
0.089633255248011
0.075110500647484
0.067358138725573
0.071736557493393
0.079292446952932
0.081299996063458
0.079944343667167
0.06859429187405
0.061908443355487
0.071773485137923
0.061698444029925
0.068445459823215
0.06221640939051
0.0751512285894
0.075646846554656
0.077961503146432
0.079168571566116
0.072470227009828
0.073824972235392
0.071908305463124
0.070607574888152
0.11174614925537
0.11277891790112
0.10319793328154
0.11448611863043
0.10445840556576
0.079371338818682
0.080458319599639
0.085887898402109
0.079988943576377
0.073957888374392
0.071415696640846
0.10016585941286
0.079376631632573
0.07683006029693
0.08902185441139
0.080119415517037
0.076252403259602
0.1009588495517
0.08238550194602
0.085796228893695
0.090141409216875
0.090580575396523
0.08542765840976
0.081874580182634
0.088447568119547
0.1012366535524
0.097463858999603
0.096706368531167
0.094568147404281
0.083822146979392
0.093409202779416
0.085599745072574
0.08026788912912
0.077496117140372
0.10616522095465
0.092468577261413
0.096629607445472
0.096798387790704
0.086398751473773
0.085091997508542
0.081704428941607
0.066505453791735
0.062759672175683
0.079126103891603
0.068866056941378
0.068853812966789
0.069032735612409
0.071682541601098
0.071177302821406
0.076121898154454
0.06175530463406
0.063056296981163
0.060919960722407
0.066224493035904
0.074302426583866
0.085183261958871
0.090248960132716
0.10357511249698
0.077707702505309
0.085640250950884
0.087873556113094
0.071332082507962
0.069011266764971
0.064199231397361
0.058541851482493
0.0699230768366
0.064811903288079
0.068650423283502
0.074205792246152
0.064197070332431
0.060095154315893
0.063179513884674
0.064937082918849
0.06716101983921
0.075207100724764
0.059326051091542
0.043749917683143
0.049071936096513
0.053154230748132
0.047860673308028
0.045097245247304
0.04844271939824
0.040566863061308
0.04432666446295
0.061132881925305
0.056134096394
0.053925481983207
0.04751746518843
0.074973299119777
0.08524045541077
0.079370583875273
0.079759279611327
0.069686220503914
0.088098812715608
0.05310250357563
0.047123632635532
0.056873308183074
0.064363029137534
0.065557839583411
0.057833643579256
0.054819751892419
0.057369922111717
0.059859926241216
0.067388664387328
0.062624165828965
0.059633298836651
0.088977705383919
0.089070861898856
0.095679956748877
0.10428022887239
0.091158605037248
0.093333583540844
0.10297283585247
0.083676684891271
0.079456275692462
0.070970254953506
0.078640935792955
0.072495364558511
0.06410666935278
0.065435255547241
0.057802031689886
0.058630169117421
0.051088859117297
0.055281397167273
0.086625357936339
0.092016415607467
0.098088343527816
0.082591980735453
0.05511635428977
0.056960295946728
0.063602877354605
0.04967818394562
0.044085025137415
0.04233672868027
0.044094649041813
0.047323590649145
0.042152428712606
0.048719849625059
0.044915086868173
0.056365793624983
0.047662492776017
0.043025958646804
0.042670999507723
0.04277250274099
0.054286656889091
0.057100185484704
0.052878027249415
0.059617327105143
0.056505345169551
0.050910850190721
0.066360744403939
0.071350509097816
0.065026447540482
0.06188386580294
0.061881457081006
0.075976469201153
0.075384751190035
0.080703974803644
0.077716553807234
0.081936387798679
0.078863118993114
0.071152781385704
0.058026095005853
0.064626137523353
0.062732643437002
0.041489186132172
0.10078861696861
0.096266305307954
0.092167594316853
0.098981555072543
0.10435485328908
0.090469554373968
0.10928421431049
0.10386417783957
0.058795990408424
0.054277860028327
0.056947078131969
0.050227940617409
0.053495004265189
0.061210016856801
0.062380896470952
0.057304080200349
0.064729484667009
0.057578159164454
0.042038411201433
0.037895672976126
0.038845839274386
0.037982398990015
0.096288339938656
0.085449042307967
0.090748536313175
0.089170825639511
0.082662527194518
0.077820724612718
0.082366743744251
0.075300893211758
0.076925301078727
0.075502668626146
0.074791974004198
0.086114718739927
0.079482294688381
0.099438064350571
0.094877227929899
0.08449968688444
0.069108772891183
0.064473792764622
0.066250883101939
0.07439607321689
0.077178627656696
0.075656922684767
0.062079636878555
0.059249982098204
0.068471455816301
0.058815221551658
0.061583804322571
0.058238344034498
0.070712534289671
0.071178849771306
0.072411094620566
0.0682508831285
0.069739494645278
0.064172012982871
0.062400274265897
0.10491212152806
0.10561620091085
0.10769203806488
0.074268311389812
0.07327419535675
0.079318430839307
0.073654670332649
0.076662672742142
0.065546868513892
0.073026282066631
0.070173639528559
0.080698703241963
0.075016355495316
0.069089319239744
0.075712071174693
0.093236266684725
0.079576438238159
0.077859838827567
0.083082068251435
0.088097308469162
0.087066938624666
0.083130563753397
0.077918864619802
0.083203311298532
0.094711410956591
0.092925635951618
0.089398145737127
0.078874451031992
0.083372976672787
0.08845571674869
0.084658749611753
0.075226466547198
0.082193514114051
0.072388796419407
0.088877568080337
0.091216072520935
0.096593597375246
0.090825076078923
0.085190219441987
0.080153793977729
0.060448998584782
0.0586470184684
0.058239293403404
0.078612870271491
0.074552998859094
0.065663306099793
0.064511030363894
0.062436161839976
0.065031891090266
0.06529445387509
0.064397783894014
0.068807833311565
0.056917468951212
0.060470937957901
0.057747135824153
0.054283041435603
0.061409803021306
0.068602736868175
0.082714643635674
0.086005482267268
0.074234311985895
0.083849257509849
0.071256981701836
0.069331423754645
0.054921255673946
0.052732136086145
0.060452156427191
0.063978358803768
0.062119396383752
0.061350821242065
0.064966816231907
0.068721299580151
0.0683345344875
0.056327578541182
0.065634905780043
0.053705815426987
0.059311949783003
0.061514371410708
0.06917280500073
0.053471003645377
0.036982194811981
0.043350051508307
0.042552835203312
0.040073287596575
0.037631730190541
0.035655507562478
0.052418723573783
0.050922811680365
0.046828094750877
0.069051887897492
0.079622572882858
0.081072753698419
0.076468301114209
0.065961984192122
0.069828852333345
0.08729586596626
0.055479862094296
0.047064433774799
0.041680797128576
0.051014976704266
0.065182589259955
0.05866225268607
0.060307160854478
0.054219508489119
0.056600936322427
0.048870584438758
0.053932767028343
0.05563456956102
0.062881429417305
0.056132455033137
0.054924895548654
0.087302221353896
0.086931355804381
0.10099448325003
0.089071478955135
0.084668833167976
0.080899998828831
0.079775149329316
0.069823181540016
0.066746312993398
0.073536016988046
0.068869315668222
0.072886915737955
0.064527893137037
0.059307547667087
0.065526569203948
0.059226403048902
0.055615597382913
0.055549498931808
0.047199703291141
0.052171276760222
0.085814171877971
0.080288130074006
0.088144270695144
0.052328174584246
0.05327597940665
0.057675808450117
0.048301030046997
0.040421577948653
0.039287474808398
0.038576196163756
0.043142152743696
0.044247992803218
0.042937480514466
0.036605274954512
0.043550171161418
0.049542350363884
0.040491747293326
0.047559216933336
0.039778202604131
0.039217504834038
0.040764009329547
0.037005734712644
0.050261216821028
0.052761125193213
0.0553735015785
0.051445781679515
0.05575664763538
0.051416997901712
0.062812498862069
0.065354909755722
0.066011966658756
0.061547426220336
0.056232030164708
0.056419633641359
0.072824360989165
0.076394783512525
0.072114287932207
0.080564467670009
0.073343275132102
0.08249329666981
0.068404040985591
0.058426997440186
0.056557165977915
0.063662341988645
0.036139485058332
0.094936301441234
0.08999067752093
0.096735921037315
0.093748673087367
0.085004526254722
0.10334223856317
0.055286707560674
0.055378209000871
0.048927532987387
0.05681132840867
0.045401237344507
0.058102220115226
0.052437502063347
0.058535409476668
0.053824755960704
0.037527959097623
0.035946832703334
0.033880869121057
0.088153267703508
0.085060879567482
0.082439881866528
0.079142732836602
0.073378917234162
0.075088404139458
0.069088573782677
0.069999477700765
0.071707052942025
0.071693651908864
0.093374995733201
0.089681313551354
0.079764328361259
0.070327672742814
0.057974195664857
0.062978815537094
0.061952353797898
0.067458137712672
0.073402683222979
0.079166148724394
0.071976298113746
0.056014822605938
0.052813357338882
0.063125604300042
0.056507534887109
0.053071689622828
0.058631447594833
0.052834661901264
0.063586454540549
0.06444894695462
0.060379637836488
0.058620604345272
0.068517737584035
0.066073592153828
0.073189378869583
0.067635401476069
0.069465477028567
0.075636024453918
0.059289728051503
0.064320153433888
0.062821875536375
0.075385999100056
0.067835731008204
0.060576287952503
0.069671903583198
0.089973159825153
0.072039117798968
0.069704247994129
0.071880214453382
0.08375462609355
0.081338486121322
0.079561542222492
0.088302109576009
0.073799738164012
0.070607692137687
0.076869531174793
0.096598007620711
0.076205322356284
0.079288995656054
0.071886786665719
0.073274232323128
0.07670569789363
0.069046851027641
0.08204382502162
0.08571487552148
0.090124625259107
0.078805272482988
0.076741321979262
0.053776744538466
0.053584123264675
0.056309497391167
0.052355334971421
0.073479011992949
0.068650610812997
0.059741413893173
0.059846112091973
0.056654848150567
0.058285728019172
0.059484344396977
0.064077527235646
0.064952345581812
0.05192019258273
0.05400047491654
0.052686457676421
0.051034522868929
0.05432233830614
0.060388274724712
0.07641917660068
0.084468441353105
0.080687653664446
0.073092264219634
0.078669185575368
0.071596124684979
0.066143206408001
0.063083700646133
0.05096979393175
0.048470667105737
0.046747130094951
0.052991840143177
0.06716775759231
0.055948352310882
0.06055125160509
0.057041526695513
0.062319200229184
0.070951324278733
0.05107331402755
0.056843091497772
0.05991463336948
0.048456308708696
0.051800696153145
0.057026551073875
0.062197653989543
0.049860528307313
0.031756303816771
0.037273456695626
0.04296743032725
0.035459167145465
0.032286451851769
0.030890652674072
0.046798341367641
0.046246665638914
0.04103601552906
0.063309288478819
0.078080976007951
0.064160094208947
0.067116849343478
0.081628806268771
0.049061621457887
0.045109491058361
0.042734635266071
0.036726323382711
0.046205141447029
0.051703017086229
0.058978530833082
0.057702362300881
0.049668712734147
0.051518520659939
0.041929376122084
0.053644662400192
0.050108170380722
0.055435212233928
0.05818430769015
0.051571887568412
0.08290659912022
0.075200533469283
0.070684618107886
0.065859922324175
0.07363185789649
0.069446934096408
0.059226627170779
0.058979236283079
0.051117306177944
0.052691132467698
0.052924447912691
0.045450597254311
0.048742176879888
0.077179851585101
0.086712208621841
0.07375188254762
0.085290265069656
0.044930451015305
0.045419624005386
0.048448180891431
0.034633295893909
0.032778591554425
0.032597293247257
0.038376080996572
0.042586323954278
0.040366400774692
0.029941357106444
0.040875287696117
0.045034912733171
0.037073420856815
0.042410279470784
0.032921320298591
0.032426828088774
0.031894448775419
0.031050209147048
0.045579402448548
0.050385421292832
0.055057685279693
0.052541682251121
0.048037075035964
0.047091602436415
0.058166796681011
0.061676362343644
0.055907223609571
0.059247136986835
0.051845878561447
0.072568307834986
0.074745296116801
0.075144997972446
0.069453542119881
0.055198551000385
0.053931684653335
0.057140252630702
0.029655874271487
0.090579925017553
0.088937246814791
0.083274183939547
0.04991539584114
0.049158765014321
0.042256927874506
0.051908706629992
0.038562005594671
0.053257749389279
0.053157416103544
0.054473102071941
0.052153301825609
0.030435155954193
0.030625689433984
0.027513068826497
0.083651235896417
0.078048754375572
0.07513429468693
0.066622833509262
0.068862442964507
0.069865963900071
0.062368320723023
0.062321077178592
0.064684991870652
0.069629788105973
0.064624578388069
0.087549966094464
0.075761368054478
0.065867077499136
0.067529265833396
0.057954203645879
0.053754155912294
0.056271073624863
0.058600362889294
0.060820104127088
0.069177027059874
0.050964628396069
0.06016462232485
0.050897385335931
0.04860999391423
0.056333974874582
0.053055351131552
0.047076390503031
0.063628545955376
0.052822066125353
0.061151493467089
0.060462497509619
0.062554211265146
0.067494321099355
0.060223272716524
0.065460703408403
0.069113462559512
0.053047922970059
0.062434230637302
0.056860443133748
0.068302704496554
0.061453669041912
0.052656985339454
0.060949705759208
0.062158151146341
0.085407731713943
0.085769232088841
0.069391698787525
0.061686922655369
0.077391915048424
0.075743468881724
0.080717357320126
0.071582594124707
0.07230849359129
0.070688912668081
0.070657109309349
0.076473347768614
0.075688426674052
0.067260343076496
0.069013101760309
0.066000087512986
0.078982938958041
0.085502267150261
0.080500265635396
0.07224016105555
0.079473418905705
0.069272501065071
0.051339851948411
0.047318445928047
0.050529256258167
0.047916119464418
0.068399518492446
0.064638294968146
0.053446723189067
0.053339847107452
0.052016292259625
0.056658685425909
0.053115729670274
0.059043237886641
0.054381325223432
0.057485231686935
0.063325757203481
0.058896342874987
0.04693732669241
0.051445466605932
0.051500746181141
0.048216971188673
0.04552559089246
0.053777923889567
0.076859344453597
0.075880133898123
0.065879683040841
0.074430100166624
0.065434116088325
0.069364856504826
0.059428560280733
0.059052027412232
0.045382978064759
0.043074914443587
0.048664180731045
0.045223664123589
0.050543431378765
0.063045637620978
0.054419206332975
0.054306015121296
0.061225442082977
0.04733578630436
0.052311105011617
0.051278813704995
0.04391213979678
0.05008355416737
0.059906501046458
0.042500813472034
0.028217822359523
0.036623605355974
0.03055027802276
0.040552010827995
0.029836980442428
0.024508359472254
0.027770879080791
0.041896006913415
0.045229278631752
0.041832631847642
0.037273715863022
0.062499928523398
0.058528875061325
0.064602531955046
0.07646445492308
0.047441353664558
0.039979001627224
0.043461883352756
0.036826096316385
0.030855497923357
0.044581559214593
0.041567318468846
0.046622821260764
0.052683385606516
0.0509903075668
0.045074166296763
0.039157817675075
0.04024527685978
0.04877726336329
0.053400202846566
0.047937769046675
0.055791799879606
0.055603318936648
0.051690775362096
0.0475243517343
0.077416583036152
0.073240771975541
0.066318854130564
0.061180359208488
0.065684840191647
0.072517858115002
0.068291000514851
0.065144254959759
0.057033850609274
0.055947365489778
0.059047820818913
0.045930439876209
0.048508091605332
0.04896107499207
0.046451714192047
0.078148072052055
0.078697857816908
0.040745875005498
0.040722053494519
0.043949637985085
0.034382250099707
0.033741805801508
0.031306090050657
0.029633278298459
0.028269158672866
0.0359222523066
0.037964231913063
0.042444524083819
0.035837211076068
0.027559470366475
0.035745820521022
0.038717845262637
0.042603228928018
0.044877052347089
0.034933184928671
0.031446661573141
0.037685393760085
0.031978409995444
0.02881430728805
0.029066523751611
0.025109562093101
0.043719769637842
0.045707824247083
0.052184503621577
0.048121770617143
0.044764929908808
0.044426170732168
0.055893777491923
0.065510803362055
0.054763156702401
0.047838749665433
0.072141753455231
0.073771669427345
0.065665285139612
0.052862498922241
0.049571094748986
0.051801446373193
0.058352022454565
0.025142010727299
0.077854035171222
0.043486707147227
0.050757383536405
0.043300710162674
0.037693012004267
0.044322925095368
0.050738652347247
0.047456691493323
0.026250768142973
0.026465732460365
0.078451227512398
0.070070543494822
0.06955764036542
0.062424101241093
0.064096365585853
0.062598909908576
0.059514534189839
0.057236092088207
0.063973924990928
0.061783112884909
0.08136727429178
0.068899942481161
0.062258379405594
0.063667642082028
0.05311005294898
0.048736556101842
0.053740270877489
0.057332444936983
0.052669393802538
0.054578589602252
0.058061305689394
0.064742796568057
0.048638109472803
0.046621994884905
0.04972341589694
0.046339909125095
0.044568326261983
0.050002294494518
0.047828605725563
0.043948314703125
0.060534458341425
0.046405692530861
0.0539249356738
0.053606438681601
0.056416518431322
0.061552585816761
0.059584302865798
0.066576222425061
0.045401233431175
0.055958165975786
0.056781402107689
0.04845340262434
0.061941509644216
0.05411527919977
0.04971181786194
0.059274449047364
0.052942482093574
0.061216918411514
0.058533906675573
0.080404188174665
0.080486832279606
0.064675168291061
0.05639415420426
0.075694079454216
0.07068107997754
0.072333668766383
0.076375366081892
0.070095036540094
0.066902920819093
0.067118780663852
0.068316239468112
0.068100563913308
0.070414320257474
0.070338674240551
0.074069721671565
0.066856862521151
0.065069726222604
0.07352861384466
0.075155592956584
0.066746881995142
0.071989581306397
0.07593537550161
0.065994721551598
0.045198973621804
0.042930334179622
0.047403724878029
0.047257942809519
0.046847395297647
0.043083253808036
0.065826378169421
0.063313068613784
0.047086543401802
0.047378904923139
0.047108628760591
0.048621209338169
0.052147896346286
0.055301005852654
0.047366790221081
0.050319215523611
0.056224551564909
0.063352488782102
0.053805382889226
0.043150680854688
0.045434584532489
0.046524861573454
0.046130771591191
0.039632580438649
0.051758455748937
0.072440096013407
0.06440635806945
0.067110412850068
0.060121049311809
0.052542513393688
0.059725906255738
0.039683534678636
0.041429683610689
0.040752701846649
0.044548454714836
0.037460451677503
0.045779084244521
0.052123130429388
0.05039891955624
0.053191533233894
0.038809692468467
0.0446406452439
0.047241195240051
0.047755828378585
0.03689010099424
0.047797037299534
0.05215736074161
0.023164180596338
0.033728089301031
0.026178959300197
0.036881032690146
0.024651779517384
0.022556234265399
0.037133299007417
0.037076777555965
0.040845428512075
0.036169722977201
0.031140556230282
0.057206609714903
0.058914087273679
0.044414035522183
0.04401691911704
0.035944394175982
0.038105446144443
0.032753319008058
0.026793808937403
0.038538903584113
0.036350566659079
0.043998571020893
0.052670043929206
0.047758333882322
0.034633975786452
0.036533473144472
0.038939267542641
0.049551573825946
0.044464451224287
0.053586730942728
0.054203420574623
0.047055633040677
0.044890235984781
0.066908153934091
0.060042217254332
0.05999596612812
0.067731925696652
0.056502231315236
0.05201013814186
0.054031269128909
0.04383319930444
0.045319779888692
0.045155759118765
0.046834985545992
0.047128214679414
0.044044696910138
0.07608638940763
0.074763783734624
0.075470895584135
0.035319044951526
0.039668903035646
0.038299028785874
0.0293347608724
0.031998819297884
0.031474566703825
0.027887924154586
0.027529883032488
0.027083565271
0.026365958718922
0.026226508858491
0.023824613390391
0.025424532518308
0.032290504644331
0.039107421454878
0.035033883144688
0.037242217691044
0.034908602606004
0.022549501502522
0.034282611038404
0.03640554637037
0.040097624955183
0.042051862235473
0.028921949324301
0.033816760909323
0.029072189160487
0.026693504376209
0.025303547557595
0.038910188577672
0.042823941613
0.04469050880843
0.048246160885544
0.044784842877611
0.040398375939357
0.050032471497159
0.055065477004701
0.051212227908568
0.044789960900933
0.069566267149745
0.06607989673199
0.047322662075868
0.046634993443765
0.0523968853251
0.05570103557231
0.024243143086035
0.039729286819487
0.041993558057847
0.045699224923597
0.039903819575194
0.033637234062217
0.046008241345771
0.02564048688939
0.021201708524179
0.06532488430714
0.062138583280133
0.056768901449371
0.057696453345058
0.051674781977348
0.050552631371256
0.057055727562127
0.053889855008502
0.067505927067487
0.06018989970692
0.049208996648063
0.045069825403607
0.048102516978572
0.050219891367154
0.053102433468318
0.056018430982507
0.055378780238162
0.051521470760755
0.05423138741631
0.063137695068206
0.044364775934077
0.046115208802447
0.043439715620224
0.038652871972289
0.048983361407213
0.0431442485212
0.038383245923922
0.056855193526732
0.042229795629647
0.05291673810286
0.04585761728354
0.05034275766992
0.060264509710265
0.053838131431386
0.06362999535062
0.042677973401778
0.051520970957172
0.04208631061249
0.051540405347319
0.040190123735976
0.053243537205158
0.050609999544376
0.05478571202397
0.057783791512167
0.05368952891402
0.077857502435139
0.057669212798045
0.051307055740612
0.072985313544409
0.07417981357825
0.066429066624085
0.071867941026712
0.072332491348522
0.064960789743582
0.060958950265924
0.062829950586762
0.068347141948991
0.063913747217111
0.058940723290272
0.070198801643155
0.062522177391
0.064462777966317
0.067684978846695
0.07129316332821
0.061396587006234
0.041030892464259
0.038346960365465
0.044838615075985
0.042521257982487
0.044073772615059
0.045602097285549
0.04219151050063
0.039222209785597
0.063105879957848
0.057587074769877
0.043376244781321
0.042481554566306
0.044462646020656
0.04683811002478
0.051415432753927
0.043390870652783
0.048302452044016
0.056686085875599
0.042870302306846
0.038391167329486
0.041773063005222
0.04427438652642
0.03983195389676
0.043339968177368
0.063441763560586
0.065102903265759
0.056140379139051
0.047672955946874
0.054824891618392
0.033964314940896
0.035941371457689
0.035800859396349
0.041290125382719
0.035187338696603
0.036149474434813
0.041243776906946
0.034078666582491
0.031632480968651
0.045234445164665
0.043323780713971
0.047529069881102
0.047574413324326
0.048897340160164
0.033064652467375
0.036586831318474
0.037119261610053
0.046057419862342
0.041536813388455
0.032615701422545
0.043370226850914
0.048282947268792
0.018471235586388
0.032208099369841
0.029267500721425
0.020762814709003
0.035812232048565
0.02043352498165
0.018198562289966
0.020368670129147
0.033893200817966
0.033812369719123
0.036375903206668
0.02644941807429
0.056353298413275
0.039321948574842
0.039334677457697
0.03375765357528
0.03623431219668
0.027747930425842
0.023572122929541
0.020817124615133
0.035657059596603
0.036381992992102
0.038812844174148
0.047776327802916
0.034077442346026
0.03072021790323
0.03487343452708
0.047687304551735
0.039746640656106
0.049531659719197
0.049839030995804
0.04732791113782
0.043907332061903
0.04021073089341
0.060776569102432
0.066425049266093
0.062344855775975
0.052415640420752
0.050091704703851
0.039504815701818
0.043088795953603
0.044093210922839
0.045932284178276
0.044600970335411
0.044664948320821
0.039074169901977
0.070675755320376
0.070684925007506
0.071898422397276
0.035432437902584
0.030771155308528
0.035437269943798
0.039701238648708
0.035908762210115
0.026585973655395
0.027983664458322
0.026232979548066
0.024071139252206
0.029235438183891
0.029833602773945
0.020807331672985
0.021110487779883
0.019579507956229
0.020188996006598
0.02806407361684
0.02905731178718
0.037604139700508
0.034230461397041
0.033900127204908
0.01824101660144
0.031903036613876
0.033034153104148
0.035157240157247
0.036263749059332
0.027944522444625
0.027867979702465
0.02396680627677
0.020867951080696
0.018423298379696
0.03654204755325
0.036539899559357
0.042087482795028
0.039448871218982
0.044775819486541
0.03819776573336
0.044845555142044
0.045996387666586
0.05436705573556
0.059364778202551
0.048472435450647
0.039647128590272
0.065222298476449
0.059384092223711
0.041500437175511
0.048570510690171
0.050523235225575
0.018704893099503
0.037141562010476
0.039149849868923
0.028266528013122
0.044113354287868
0.020718197644176
0.017812601662588
0.059676793242587
0.05077829069798
0.052053153234651
0.047067022735461
0.051892281988838
0.053482159428859
0.049057544778482
0.065096490303421
0.063386126566578
0.042027176895091
0.042881085527337
0.04608771390681
0.048726811427091
0.053607985152849
0.052653261165031
0.057747209737411
0.047172492531709
0.039019101734712
0.042146494302659
0.038189710422871
0.035233417446813
0.046592187359817
0.037718014771222
0.033372050922059
0.037273874914468
0.04600089853337
0.042440744294681
0.04860920322694
0.054792563362467
0.05149912948268
0.057370445581313
0.037351773833233
0.050839935488547
0.044718537670181
0.03593616043143
0.046544948615443
0.038594993707197
0.036420066390062
0.040367318548228
0.044120626856217
0.05126459195343
0.050825121010735
0.052339623983726
0.04944061286101
0.048476502477425
0.072911738519994
0.054325403603709
0.048089770643899
0.067930782888085
0.068650480744749
0.063323275818938
0.065769075054668
0.066430770492586
0.061356800867271
0.057772678686842
0.058403642627821
0.063863494695532
0.056140703410651
0.064675101280134
0.063605153788975
0.057697622962617
0.058559020309778
0.06456836465877
0.056142536627116
0.037042994321313
0.032926599474674
0.040149162913769
0.04588719021417
0.038433178583487
0.038788247771478
0.041068146712998
0.037081553740819
0.035552615788426
0.05766190519224
0.037492744337959
0.039521958772362
0.039824228569587
0.043760619043701
0.039692026960627
0.047744133564299
0.054912056281562
0.037930269081969
0.041955930065864
0.054788539443818
0.038056175504469
0.03815238971116
0.033289106264757
0.038103475895872
0.03865194462239
0.061353115155172
0.050582400284769
0.054511552966702
0.049472851389291
0.045439996821886
0.033834683501057
0.029794139607058
0.030708418101685
0.04068332913867
0.036154457700957
0.033603059070518
0.029756601195434
0.034803102493147
0.038748407074858
0.033640598370471
0.028895428694729
0.030021190969398
0.04301113045869
0.042364363273727
0.03837927099032
0.045325555057651
0.044639490197553
0.031249533883248
0.032381807246656
0.033380629239238
0.038351024656701
0.036499409632917
0.037390198311563
0.014501204298835
0.027033437701624
0.025063409547971
0.018208694337201
0.02070668199061
0.017238223544981
0.03377159352124
0.017299718092951
0.014161310368761
0.014735845164193
0.029812379224977
0.031557758795689
0.031632701962112
0.03101219534626
0.026586445631907
0.0543786313423
0.037032536762681
0.033458790971863
0.028439287463315
0.033862227883103
0.024007386099918
0.018263857115296
0.023608792146772
0.017741509603026
0.033713512798058
0.044641637415222
0.04992895267076
0.029266670206024
0.02697661544206
0.027391436555614
0.030123207689447
0.047147425687503
0.037254455082967
0.037385385526224
0.046074708986711
0.048687515699787
0.043785576907669
0.04376876920678
0.039148097437107
0.038436500829854
0.058359463685811
0.060914077692156
0.059590625382202
0.053327785511011
0.046882658482573
0.048251526815718
0.037471637234287
0.039604747536118
0.039661356204444
0.045203743185247
0.040957247602271
0.040168767610561
0.03985399397173
0.065241729636763
0.029224219557143
0.029286351657204
0.031151872785424
0.036502840211587
0.031640021287484
0.03709083026515
0.019914605923494
0.027083851376641
0.02325777319909
0.023132051047904
0.022619318671359
0.020506162563672
0.027461354863212
0.026940985388322
0.017166238010109
0.01791020106606
0.016344260540519
0.015093577890089
0.026461376596535
0.028691149428293
0.034958177167264
0.029905651505302
0.029867647370658
0.015727791171408
0.029980864259593
0.034851046087981
0.035117760036693
0.022811701680549
0.021437548115884
0.019613796316084
0.024117107572341
0.016496538706375
0.016588711647452
0.034236028915303
0.038758452592941
0.03615525413979
0.03930494059056
0.042195936303424
0.046668801104678
0.057433617423332
0.060429361648613
0.04398485198842
0.03553415033271
0.060127870573151
0.05622972853836
0.037618979497238
0.042876367953799
0.037950159382685
0.044991419544041
0.04899104143049
0.033898926533847
0.040168566810248
0.018708419026264
0.013917746869779
0.046003556947106
0.047093923470645
0.044420572629863
0.047079135032891
0.04855828238503
0.045649970155519
0.061271134185209
0.040877173664602
0.037637806183524
0.040319778441965
0.044008097646836
0.043378364932972
0.044557378779044
0.048461311433602
0.045819362473242
0.035580415879377
0.042020110582954
0.037970312253523
0.033235797004751
0.031055419001847
0.033916388560803
0.030903429745413
0.031265793116135
0.040871171072685
0.035816185779849
0.041676917350963
0.04451902216978
0.050823631539737
0.054991415944391
0.032300028877062
0.043395260352407
0.03818387223195
0.034038502593216
0.033844532355915
0.030168696885312
0.039583106109949
0.0296499125376
0.037265760836475
0.044524796387066
0.040196741679273
0.04572724024895
0.055067949904577
0.046229435712868
0.042084950762925
0.042196340292341
0.066096335941077
0.051676641528214
0.039830676244833
0.059159526356347
0.061653669598256
0.054563202520005
0.058190286881411
0.058571694826306
0.055495613364919
0.053591070373122
0.059847141643131
0.052272078558218
0.031081895081393
0.028416466172243
0.040730285676989
0.036974155779934
0.034218609385606
0.035466598376214
0.03763889500975
0.030770103886338
0.031586686732033
0.033667329540607
0.04033303524543
0.034915510467962
0.040506005502015
0.034250599013027
0.045573201119219
0.042303186068229
0.051077196295475
0.033742227161593
0.038400759746801
0.04960711141879
0.033065790805858
0.033686684113502
0.030518468962338
0.032327517251264
0.033386265143895
0.045466402626631
0.048373270817343
0.056309243313387
0.044762266265047
0.039469777626259
0.028749297453678
0.027466357005548
0.024995797488679
0.027236544145008
0.027969838736944
0.036212521129889
0.032326634420059
0.028528202466939
0.034339086398191
0.028551470338849
0.031114928216171
0.034296286866721
0.029722311776012
0.024320227536117
0.024367929083917
0.038122285382426
0.042272326387948
0.036274032973586
0.036063787222143
0.033574450513025
0.037717006794752
0.037279573058855
0.031521167610557
0.025643031715968
0.027752379471725
0.034476481312158
0.011836247954145
0.011479859776018
0.02872553905251
0.024430429298805
0.018183886821811
0.014108005044452
0.016469926471224
0.016232912252959
0.014235586397466
0.012666103039701
0.01278676250281
0.026628455801653
0.026918301374566
0.027988704744841
0.023769254708064
0.055227261926393
0.048523973499417
0.03485086033843
0.028668765650708
0.025585010891522
0.030053643777756
0.020253175047626
0.022915220042372
0.013896776077986
0.017777613188121
0.012987509165875
0.030302363970721
0.035201475830348
0.040072739084325
0.045650374720514
0.026042018014217
0.024037343251271
0.025694700270293
0.034746865185208
0.045290361818554
0.039208962652002
0.038778890863931
0.04511041906852
0.037162765316942
0.036587847642649
0.03497439237143
0.035588438501251
0.049242205448761
0.051078786034184
0.042877289614438
0.042516596912702
0.047390847074713
0.035129305499745
0.034969535860461
0.037474123832693
0.038053363136053
0.039750644355693
0.039486190241206
0.038209369531539
0.026579867567912
0.028046436121019
0.025555963467134
0.031536621643123
0.036131692123216
0.029184711328971
0.030537191696372
0.033733486368885
0.018221935974131
0.01835218591768
0.027900856361681
0.023235982916139
0.023547744403751
0.023337624165262
0.019430019266615
0.01804186911437
0.026612302155749
0.015519135704684
0.01522966179035
0.015500733927093
0.012698372677418
0.011042122742878
0.022140468613094
0.025643718857991
0.0308562375797
0.028381278909608
0.030968595949202
0.011380433640362
0.025006664946723
0.030659786727918
0.032861083083732
0.021335206961374
0.019218141227441
0.017292541635253
0.019570712658378
0.015168912230186
0.013600810764847
0.032502712620461
0.040191327651256
0.03814100020405
0.046922067328459
0.052486083329995
0.039779470981158
0.041771723660332
0.034948701477361
0.052082665357245
0.03321841199762
0.03731110925039
0.039737949325036
0.040831393028565
0.03313514380433
0.038379291427057
0.043098887740972
0.044287974391604
0.03773136151405
0.015945001548948
0.013906143431371
0.0099523544196027
0.039123676094571
0.040032233029692
0.03647372922055
0.039694521429357
0.044023290185801
0.037794463415198
0.057215740242459
0.035589149401053
0.033605357960313
0.035740752379703
0.042232342229021
0.041504245555105
0.042691182498484
0.042637611580307
0.031286316399529
0.03718318271352
0.033917665509177
0.030978386084744
0.025207748214605
0.028400915492683
0.025189955509165
0.026993246208366
0.035043661972434
0.031405078662123
0.038782016515502
0.042417590924994
0.045962084064156
0.052100318705149
0.028142052422046
0.030211575242313
0.030213322644017
0.02805458932009
0.038265737733458
0.026870659583047
0.032285398001873
0.02325014817598
0.037666788843131
0.022581724557583
0.042819428030111
0.042417786131954
0.038864800267794
0.03220785757921
0.039901879532205
0.052238251948367
0.047659244270449
0.03705176497206
0.047110029827468
0.035789962348151
0.057010039153193
0.052695936121296
0.050679477923503
0.050074777590048
0.047702931332271
0.052474785269158
0.025810808487756
0.038560499507052
0.034251372235881
0.032444594921565
0.027608025826307
0.029666378575187
0.032142101355242
0.031437532510925
0.03231749984653
0.035409372060953
0.036401097355262
0.032443731649247
0.043718115433742
0.041419914699551
0.040750293519751
0.034126833010596
0.044531216775958
0.030257624778406
0.029664010287881
0.031650058570852
0.025590701684206
0.027707176012915
0.027331531749426
0.041959556154475
0.045209343707912
0.024072025765155
0.022532011362844
0.020594162371782
0.022587477826995
0.022401537486761
0.032781477004301
0.028741674790002
0.02399495533721
0.028165353271435
0.034855509875592
0.02468734469198
0.028032226178262
0.020401958601632
0.021662259880862
0.034629311860846
0.036898611723347
0.035784474690856
0.033382875503684
0.034032535631848
0.032959875715805
0.034434603159232
0.033391937042646
0.025905550434292
0.024429449427628
0.028509515979591
0.030992439207146
0.0072366520531897
0.0069484576123771
0.027492611682553
0.026674511737407
0.021343488571208
0.013903330557496
0.0082060513642862
0.015248668123737
0.013479876685409
0.018351874161731
0.011286511855203
0.0095846202618317
0.0084787044111055
0.0066023881429347
0.023355095002525
0.023478264632511
0.01867975727342
0.050994968561083
0.046894185324516
0.031002086296543
0.028002637857253
0.022866169895367
0.028484786203441
0.015566407455431
0.017947731670589
0.011214839271746
0.013629135754687
0.019333929276451
0.0081906814163005
0.0123363921867
0.026611447981839
0.030405342105464
0.037532404692311
0.02296448495187
0.023684294095372
0.020380889056646
0.031089033895651
0.040688588244956
0.045121709367115
0.036488184513892
0.035618667341566
0.032289708797975
0.032632010934522
0.031380116254041
0.0296555042232
0.046426548733312
0.048868837022675
0.042341907153439
0.031552675950132
0.031730033045469
0.034984229838077
0.03592478032624
0.035021757690444
0.021792846354189
0.023030796539123
0.034047115839641
0.025598742148378
0.028993473412724
0.031784718410986
0.015985773397744
0.016543756275706
0.014640926164426
0.025456978343979
0.019763914942531
0.021745381961201
0.024322015782208
0.020466585879674
0.015889317100754
0.016479642920371
0.022213147214469
0.010898222243246
0.014482992246289
0.010361666593461
0.010930525465588
0.0077600523493666
0.0084652279004619
0.022241231489128
0.026354991961227
0.02849412418757
0.026816695338097
0.023592738852734
0.026664820567941
0.028444937602012
0.018217196662066
0.016525827262286
0.017521529022522
0.012131150558574
0.010850985223497
0.0099157793784468
0.028934467638058
0.030696180781109
0.035480101955104
0.043494020601344
0.043671770885912
0.034215409553815
0.041295194841806
0.030995794518473
0.031262939636834
0.030276872646663
0.033073808013683
0.036277605013608
0.036929897292192
0.030948841405711
0.029825449780848
0.032955152192944
0.037702401096151
0.046288297248646
0.03947115075745
0.010343136459541
0.0095771390696716
0.0064218565868371
0.036054577908525
0.033789094659906
0.03697453583213
0.034769055120225
0.03324168039351
0.033633981426852
0.030719446561369
0.033309957696515
0.037415418400544
0.036656784082895
0.038103033075879
0.025517499650928
0.034572810492301
0.026064714004842
0.023231508713027
0.025703215340775
0.022975780340431
0.025270065370556
0.030797764462306
0.027392175855547
0.034297742100814
0.039052237511501
0.047045240776781
0.043668487756662
0.022499883512926
0.024339589211616
0.029425615278935
0.02379713892187
0.024661055676328
0.034206801442056
0.022618102589301
0.027468706627071
0.020077408564925
0.019861612283362
0.034067315608283
0.020022787682193
0.038123074350673
0.040507837103252
0.034578563983119
0.027323346337877
0.035409575879754
0.032797976186957
0.033866309792492
0.044151614338424
0.047580611209894
0.046183756415608
0.047981613790028
0.043440004841389
0.020592085812864
0.028248384168383
0.030491078953359
0.029999161680591
0.02388265831462
0.026812268296046
0.028007742814597
0.030583343024217
0.027355407909055
0.027988357352676
0.028262206886681
0.034320450679994
0.026975699564113
0.038240979678603
0.037445380848331
0.035551285137382
0.040953684974398
0.030144480923047
0.025308468688769
0.024626364882526
0.026728904644181
0.021697050952676
0.023696975765923
0.023987835771671
0.039305522553997
0.018769437259668
0.018388989923242
0.015897267838292
0.01936212297867
0.018733224319156
0.021300984134906
0.031439105126648
0.025793904890757
0.024511061617064
0.022899202957806
0.029327717846939
0.024417696581965
0.01554922467442
0.018315701253272
0.019332751126155
0.031967271923481
0.036068994078884
0.033012071665165
0.031152781669514
0.029108146142194
0.027550472086307
0.03053681267298
0.022296978257418
0.024017923176568
0.023318194189466
0.019416282639223
0.025544338931487
0.026659639133091
0.0046387139152998
0.0024429539919188
0.025790123553771
0.025045107075604
0.020395506877731
0.013436916714958
0.0093761719107405
0.0070895956114934
0.010869223777314
0.012920324795146
0.009173851712677
0.015496252804335
0.0056394716108252
0.018174272640368
0.018997702072944
0.044246366451657
0.028753625485857
0.03133299259048
0.026327000991274
0.023981549580526
0.017714888096764
0.02625565347291
0.017377839472406
0.010731467755066
0.0071911549293931
0.012297670958883
0.016159669271316
0.004985872480201
0.011660523692702
0.0066474055753105
0.024273595861703
0.028950275498885
0.018166673179909
0.018694005169013
0.029116345799321
0.036941253423443
0.040370780025316
0.031663519908658
0.03151420039672
0.033080292196882
0.026931870224327
0.02794809035443
0.042003046647414
0.038833146795646
0.029593738260784
0.02960871336263
0.032175091728537
0.030434021692658
0.018352375730293
0.020426835909472
0.029212299111033
0.026363870816566
0.021947917428387
0.026302100016086
0.012592888206096
0.012902207151727
0.019358659881368
0.01192854081104
0.017014176371291
0.024897192548605
0.021418707786578
0.018212869521711
0.02284978815786
0.019932557050369
0.013314807233979
0.0074968142479845
0.0098654152526574
0.0077801328821539
0.0073121281113826
0.0086636692122901
0.0068369191354618
0.0046589663492297
0.021652187937471
0.027618440764134
0.02399389525865
0.027219648290687
0.025184048626833
0.020176411026177
0.012992253400684
0.01234464426666
0.012967379400553
0.0078205206068998
0.0082298917154483
0.007418610441148
0.0070681283759204
0.028353518182746
0.026421884602192
0.028964789896229
0.032242357744381
0.038771834853726
0.038239721298948
0.03096485082475
0.036235268504604
0.028635891656679
0.030997719792856
0.032302252790511
0.0327539090243
0.026718615420531
0.028567461449236
0.026636462282967
0.035248470299437
0.043536241413003
0.037375373605814
0.0090827789877431
0.0026599738953502
0.030680179523524
0.035536477703238
0.031549119119116
0.030309790557156
0.031439471430488
0.026946602581762
0.031804741933663
0.035919346529022
0.03518436951004
0.035397535707624
0.022569057824931
0.023972653685175
0.018908278971423
0.020527111707216
0.019785303255098
0.019751705455221
0.01961703334971
0.031442747058489
0.025942356379562
0.02235252128752
0.029954554162846
0.039646565558954
0.034963092547798
0.043184648922628
0.019159826497483
0.019828995415457
0.025491430432985
0.020731572982515
0.020710348375285
0.025515988156141
0.019628269981298
0.023111675127397
0.031000538923861
0.025041344239997
0.015024540687295
0.015017786436065
0.021301255409824
0.032517226521203
0.0143922152776
0.038373502894175
0.036554588146009
0.030529215820842
0.021917253183795
0.025514758264177
0.024774414387771
0.043513530763677
0.038875219924178
0.017352017964629
0.025005075704304
0.026285828341142
0.026288179094522
0.021855848249109
0.025632976585541
0.023334237541385
0.028802366698358
0.025666532338559
0.023893827909852
0.022770878171917
0.033416329128966
0.0270996596642
0.038392640893569
0.031207967845127
0.037262542670983
0.020175936167648
0.024142621073
0.021830857002915
0.022971273025946
0.019471855407562
0.018221755892744
0.020004060771022
0.020427743618495
0.035599707824892
0.014350734000002
0.014510658482125
0.018114233396645
0.012954504413346
0.015914543565866
0.015978429754548
0.021141315265818
0.016569241126828
0.027333309388046
0.022325754397633
0.022518855600689
0.01848077424999
0.026363935658272
0.015602183168938
0.014133766423388
0.013499286897057
0.027492984856153
0.032680200927454
0.032682893466104
0.029852215436646
0.026326261623634
0.027614035685673
0.02680901642065
0.024778038787261
0.019665020929488
0.022348232152961
0.020821266910268
0.018524017220992
0.021653928238439
0.022959820813165
0.0014362890664417
0.001751624620301
0.00081971423743235
0.02202983571159
0.021487662679549
0.020620401501618
0.017077766245958
0.013118661675005
0.0078379643615572
0.0062405454320188
0.004696271398474
0.0029077004239146
0.0054876935073341
0.010198474306651
0.0081815814727177
0.0097223535885832
0.0069058441298725
0.013635952571381
0.0035787130358508
0.0014404610191895
0.013883463023064
0.014338816999017
0.027172827464169
0.029032502787993
0.022270698998918
0.020555734105067
0.014883799081138
0.016884333646168
0.022328089558583
0.015058982905524
0.01627054947309
0.0065239047354334
0.0025819855318651
0.0074645585458068
0.013373460798738
0.00087966326141876
0.0072980863852104
0.0044883506975908
0.020228562822406
0.025534641219929
0.016055117755241
0.016923061082605
0.025717187664658
0.027214491542074
0.034018393493937
0.037093690656121
0.029011860921319
0.029942908420247
0.028061235039281
0.030005628222258
0.0293485540847
0.025097911123533
0.038899722078628
0.036105903687065
0.027787813609415
0.028585117442786
0.029571681530754
0.028460938663696
0.014156166093151
0.015829937150674
0.026545289851639
0.020439383805444
0.022653996514389
0.010555517075175
0.011242267457936
0.014466896178112
0.017477333453598
0.008653536066036
0.01197311761713
0.013780230248988
0.020993290632805
0.013300192548545
0.020698075009789
0.016222470194289
0.013594739168795
0.0040090480098956
0.0076686970997555
0.0055135364161042
0.0013597089792737
0.0015041277818503
0.018759488560508
0.025637009835432
0.02153375778878
0.024232320288335
0.022972907966778
0.02296531109743
0.016335762335942
0.010957385987681
0.0099840471474143
0.0089011493002417
0.0096469298668325
0.0063275188995135
0.0050138152549952
0.0046949329448242
0.0078408382979336
0.027951197748629
0.024254184458002
0.022977892125257
0.024446446661318
0.034078349578385
0.02930224127001
0.029050163655736
0.025071746448447
0.02849546438831
0.029902608661576
0.031690354275475
0.030600740976067
0.023219725748942
0.024710390402625
0.023113027323091
0.031886041638204
0.031608367863884
0.03944127346087
0.032481014001755
0.0057414383894765
-0.00086929387505748
0.002788328034569
0.025173954073251
0.032209689399403
0.026406476996692
0.027533820859458
0.028126965873144
0.024690466462185
0.028480586059019
0.031701327319856
0.018916399421125
0.018770566608372
0.014096482053892
0.016714956165433
0.020983170776193
0.016339420736075
0.020267244403164
0.026405124906772
0.02220659353545
0.019242164855293
0.026297627263737
0.031035546842639
0.035319833767307
0.033263375416086
0.039064233832498
0.015650174991903
0.019770285466266
0.022455893286906
0.023061289089876
0.01456247042299
0.013956276307572
0.022238589899754
0.014053882129204
0.018890779405974
0.026330562979846
0.030906838574224
0.028178392380278
0.019849294335162
0.011874870523784
0.010474189394755
0.01096369735274
0.014009349853003
0.023283298464386
0.031625814576042
0.027747112259612
0.012673570448853
0.034366211668496
0.036087261928536
0.026883781868919
0.021815112190339
0.01483717074083
0.023136086200274
0.021323056004785
0.039578290138501
0.036360815894869
0.0148944713967
0.013827767751383
0.022913790929557
0.024219963726128
0.023977045549808
0.018112237310155
0.024546948636656
0.021587775298299
0.022503037447133
0.025810065642887
0.027680733677379
0.024190157328183
0.020960697504103
0.02169632263119
0.021243213551429
0.028435885494328
0.021789173635548
0.035819430350752
0.02968775914711
0.033021969178925
0.019477321830312
0.021014850396625
0.017600424272286
0.024353128717313
0.015187758053525
0.014664693703453
0.01482670556583
0.013936272396
0.012985328188653
0.013371071080539
0.011276809128429
0.011087227395045
0.015732291124211
0.010588554613979
0.017123561388951
0.013205969857095
0.025758938918619
0.024646233795398
0.018047545647625
0.021340793604009
0.018308655124478
0.015020723354025
0.024156579916591
0.010375770508114
0.012925839972918
0.012344354878442
0.011198173752502
0.024995144407924
0.029166671819654
0.030864832846065
0.024645703688966
0.026570695140487
0.022926448501994
0.023885816606363
0.021259033913939
0.014154578685015
0.018168354456882
0.015415940797173
0.016804894207285
0.017931515815618
0.020928984963487
0.018727483720251
-0.00081817698302713
-0.0033549833098483
0.020152954152001
0.023501153126894
0.018429534046092
0.015325368145331
0.016957711375705
0.0087419034962923
0.0054833003139869
0.0032249418968927
0.00025625498060842
0.0021657382810252
0.0084458239608319
0.0059271487668899
0.010204874041232
0.0072250314933046
0.0052016118738161
-0.0010633131847344
-0.002335412266512
0.026444508917012
0.0232158616775
0.027267816377908
0.020249503270492
0.02132578334768
0.012350967282872
0.013508935564253
0.011857456036686
0.012110322875693
0.0053654884777678
0.0027670069236154
0.0074118491464882
0.012930000619206
-0.0025875462374768
0.0013430252404224
0.0077845407594401
0.0028936962914359
0.020571980411525
0.012528308538096
0.015983426734685
0.013978059135524
0.021710837416862
0.023571434297572
0.030645793764933
0.03193088027126
0.035580205423446
0.025385668891124
0.025149104340303
0.025374063519726
0.025826565344083
0.026334411782702
0.020749786122972
0.026934080288731
0.024748535104058
0.012705828998196
0.01708355059524
0.02111085409196
0.0086350205182298
0.0085198651399469
0.0094491838631426
0.0071777842490497
0.012088595562
0.013551700026351
0.018842722939892
0.0063269371178774
0.0062788597782402
0.0089786572579975
0.012392876961295
0.0126375943122
0.01232423955214
0.01428943848758
0.016380562370875
0.0093482954931484
0.00084168717412392
0.0047115312984435
0.0051909061222907
0.0009399181998067
-0.0016663127660207
0.016015797541458
0.021052655424287
0.02022050836107
0.022019929090193
0.020753571058296
0.016181764980442
0.013305130111313
0.0080812711824392
0.0099654910785282
0.0066851487562363
0.0080892010345355
0.0025865149590825
-0.00025324018674524
0.0011806083846478
0.003588143319083
0.02350641393176
0.022949818339144
0.021424270822945
0.022634372209052
0.024753910975178
0.024508455809841
0.024070292654868
0.029564842210608
0.026319829876486
0.031785536367173
0.029387464369368
0.025996929774076
0.020534581396434
0.023029872823859
0.022622044722517
0.021696988895952
0.028628901590824
0.031738442840424
0.031609891628853
0.0042690811719241
0.0029371057616573
-0.002483563932326
-0.0016338738086956
0.027116574367444
0.022228142715704
0.026952945351141
0.031633527826642
0.013767089027702
0.015176291088826
0.012169515039042
0.013425060033174
0.017803021820634
0.015524067329469
0.013746907473402
0.016331183754875
0.021843780922158
0.018405412513414
0.01523247662453
0.021554477097806
0.024642820728328
0.029652268880081
0.035232200647692
0.032694899865134
0.010490411691649
0.015588041787836
0.018852914770373
0.011699495157485
0.011492332791712
0.019009056510727
0.010858851096384
0.019456647642946
0.014621971154051
0.023572268996792
0.027905633747247
0.024514424338917
0.020363121018193
0.015533096640866
0.0090692569236432
0.0087166987265814
0.011475074176894
0.02030072985078
0.026982784177881
0.024198303488452
0.010120888516274
0.024446010586842
0.018000289875461
0.014326896136122
0.011356284838064
0.02004133095224
0.01862786520324
0.017196387926013
0.034486131905147
0.032889869898195
0.010505960841583
0.0080691826759433
0.019042522179136
0.02063971913531
0.015427430156325
0.020686797269778
0.018832691618845
0.017687378087231
0.023015698621786
0.022793950479152
0.023554557238797
0.02291389211567
0.016623703670297
0.017824549745024
0.021766523707825
0.017069019580287
0.02562222610522
0.015533780980898
0.020448105610308
0.016608027404145
0.015020327481476
0.021210410186238
0.012859296514522
0.012608404527467
0.012561870162854
0.012312617653168
0.0079959823560745
0.0080083395858424
0.0049941385517346
0.0062287068598329
0.0095451237554821
0.011909301308468
0.0098122286316461
0.013294048165752
0.015239608917782
0.01083001027344
0.022513044395394
0.016105716155009
0.01991357960509
0.017863918112033
0.017929127349521
0.014213053805547
0.012026663750798
0.01995391668237
0.0075470408472671
0.0097098115785642
0.010019198702115
0.011441968140844
0.0096395383668588
0.01966286466709
0.026028707233835
0.022044251767194
0.022654851029602
0.023227827645097
0.020566604414997
0.017634623451879
0.014741465145343
0.018470333337693
0.013701981150798
0.014869208496073
0.01727065040964
-0.0037677616848106
-0.0028591065173127
-0.0074780977200629
0.019713224341143
0.023205929100526
0.013407161308626
0.015037287137379
0.015014021743377
0.0084543422541788
0.0039570685006535
0.003056876942865
-0.00063778786148231
-0.002679806637396
-0.0011180247697704
0.0016870403617945
-0.0016595301502938
0.0063886146292128
0.0040347763060721
0.0096593778102716
0.0066809333521588
0.0023004536767527
-0.002158440616418
-0.0056959933426374
0.023535524830356
0.022063617511151
0.021375282731065
0.018932147487596
0.019745635812832
0.010579655306127
0.012426215347171
0.01472730493739
0.0041598384290108
0.0017883970223096
0.0060333853194832
0.0084437945136044
-0.0058049497019445
-0.0010519679314217
0.0052747981291581
0.0063652785663435
0.003070715344271
-0.0014959901815827
0.0090854657563638
0.012375702091605
0.011271098093056
0.02012190311209
0.021988093764848
0.027906084925471
0.021864172399194
0.02517620727623
0.021225023564206
0.022746253790564
0.018375081537802
0.019209409630786
0.02520408832663
0.024083734667765
0.01730921475269
0.0049593159469258
0.0089652081422325
0.0042256811083358
0.0067626030407732
0.0085777730836829
0.012156419046541
0.010500207152121
0.0053514547194382
0.0050375248470182
0.0047400920014013
0.0071339784519327
0.0072738665333338
0.0099580252973244
0.0095299283260568
0.014674565178279
0.016558890963511
-0.00047829804173394
-0.0011148830650984
-0.00016708227929445
0.0029898607095502
-0.0016802825043732
-0.0055467811844674
0.016501399556516
0.020222389862055
0.015141857912129
0.010297956120695
0.0048905612644193
0.0055902617841787
0.0027042628005288
0.0039838171929398
0.0017713484429893
0.00058260472508382
-1.780461151324e-06
-8.6591917036323e-05
0.0017130902987587
0.022360143331285
0.021775920677698
0.020489792191672
0.020483845058657
0.01727207182057
0.022475368958866
0.02317567098397
0.023194649439877
0.02597181620745
0.025414975480483
0.028029694224042
0.026579150291701
0.025824204793452
0.016929639881861
0.021403776040666
0.020814745573735
0.021029212692492
0.018560297435059
0.025440781281093
0.029598696342016
0.00076965991395123
-6.2041743137788e-07
0.0037640867830999
-0.0029344732362838
-0.0038644838677868
-0.0068739261936599
0.018510807007366
0.024519143852411
0.027116102452192
0.012607917751755
0.013745605202537
0.0084602375486057
0.0087486779064992
0.014591899319043
0.011111488885711
0.0096716708974641
0.014159517668702
0.018624469185401
0.015068850756217
0.012234937028719
0.019001483316019
0.019738549316407
0.026535945252468
0.011770650906603
0.0088878151107371
0.016081147198608
0.0082861356310147
0.013857610352559
0.0069041041939101
0.01982030467684
0.015387356379945
0.010146372562845
0.010615295229597
0.025571030734732
0.025572321020628
0.018617549338617
0.020483139402607
0.014665813487271
0.0097311028401659
0.0037267664450626
0.0076667189851955
0.00470863925568
0.0080349192346253
0.0143082688853
0.020956177760125
0.022782964542538
0.0051061944881903
0.020840040042523
0.014203955937708
0.010852067943793
0.0088589655481749
0.0089442523357554
0.014464802465381
0.012938172238424
0.012258111785722
0.028923333222588
0.028617660149261
0.0074620396459758
0.0064996903626144
0.01771324372946
0.019879745383472
0.011138456253555
0.017736495720653
0.019188815751714
0.015419982543934
0.015720543847902
0.015954422251732
0.015997677182706
0.019215470570921
0.018059405387123
0.019621193492373
0.015361907954376
0.018596708230991
0.015039624940048
0.023160072711248
0.025081857216677
0.013771987497048
0.016408299364321
0.013832233414848
0.014272448893328
0.011876970523309
0.018869736349068
0.010155888002132
0.0073147026429784
0.0107113587835
0.0099333053781611
0.012709253365526
0.0041289356514561
0.0044626586069709
0.0030188511885529
0.0050145909447216
0.0076830721466645
0.0046474101163303
0.0066142618341324
0.0098475964401817
0.011743011224082
0.0047647596673755
0.01134579224908
0.012237402269613
0.0063177704943854
0.011241771174853
0.016264344883339
0.015421221605594
0.012078704753552
0.016905137217329
0.0088872284956422
0.0037656563251881
0.0047909269507828
0.0068912635779644
0.0058540699576457
0.0074218736944632
0.0045869672314613
0.01636507320939
0.019246322330755
0.019856303999986
0.01458402210943
0.012637454726853
0.012403440871843
0.0098571502889038
0.01364032188283
-0.0069291713375045
-0.004156045416975
-0.0081853026780105
0.022239307051778
0.017051211735641
0.012698332768702
0.013050103967949
0.0052524966577835
0.0072281858612587
7.3740870634307e-05
-0.0010345600440379
-0.0054657683784527
-0.0051960097548775
-0.00044332499559308
-0.00016856486197849
-0.0019975032851388
0.0037191994255384
0.0080833103764638
0.0014590496093591
0.0086624078788011
0.0095401129721791
0.0029537226231133
-0.00010616365980469
-0.0062872410882068
-0.0051340081738714
0.019630175295669
0.016710506237565
0.010244253731682
0.0070498882578876
0.0094227772055009
0.012212316809164
0.013019480913995
0.013578495859133
0.0010902090563775
-0.002016046842197
0.0018161614745704
-0.0079087457402829
-0.0047343473297526
-0.0034607539941175
0.0038618545945119
0.0047092043174016
-0.00051941593580458
-0.0033641790689046
0.0073710267297037
0.0088779699471715
0.0079846613525619
0.020024154600587
0.015987512766236
0.026091053824716
0.020053022473702
0.021741745817503
0.019762353164079
0.020813470577747
0.017902451117532
0.014866175634719
0.01874791191541
0.01565675461054
0.022079217522103
0.0026679720340715
0.0029063925125078
0.0051607374493259
0.0055270473239309
0.0091109663991338
0.0098572680300322
0.0075367208295178
0.005743055644032
0.0022289329433494
0.0020501228060344
0.001186879895033
0.0058318076743722
0.00640407994235
0.0089107700485021
0.013431068155769
0.014439985792209
0.00062268037203421
-0.0034914048707695
-0.0047983499490161
0.0008022807091485
-0.0048109464387394
-0.0080293065014375
-0.0074662937994749
0.014090872875853
0.012312473031688
0.0081274954516113
0.0033290884563779
0.0032880430780261
-0.0016494950900317
-0.0013598212185871
-0.0030764059843481
-0.0043364572486764
-0.0029514998621462
-0.00079465321176741
0.01904349998367
0.018973009434233
0.017260370578915
0.017202894144986
0.014978072449152
0.019912232983747
0.020247326309013
0.020991875789311
0.020805822912581
0.023365812647754
0.02733833630941
0.022974429903584
0.013680910287861
0.017744010558834
0.017118467667161
0.021431287952918
0.017419840477154
0.016230366988394
0.027021878985454
-0.00023755150658586
-0.00037440778116306
-0.0021633805432895
0.003263837847012
-0.0067573742191133
-0.0067565578737722
-0.0093698787481226
0.016921358974119
0.024687313567084
0.0093762358847975
0.010518698773381
0.0040025063310044
0.0080685541226513
0.0071938133554456
0.014010645049914
0.012649313619757
0.0098400681154945
0.0077545179435968
0.012511117028714
0.015506849908916
0.0096412378228751
0.017039813218584
0.014187582717282
0.0082720356699054
0.0039345811274861
0.007025399055018
0.012726284916995
0.0043358306473833
0.0059883519756238
0.0083547564814561
0.00272624505158
0.023027508806552
0.017403111164228
0.015123361149483
0.013205592723546
0.0091164744780398
0.023588189994952
0.016864590244195
0.017639125853466
0.011489787597245
0.0038752783176966
0.00158638009792
0.0010108206066477
0.0023189530590553
0.0033298850545031
0.0071645486999922
0.010995388035117
0.001560686450767
0.018802231125959
0.0095885303728604
0.0040949803930929
0.0050757065445455
0.0095320280221706
0.010511824842069
0.012547308824225
0.0086326328382915
0.0095734071079272
0.0050882775028149
0.005562631217953
0.0023271019667251
0.014122021873804
0.0061128726632974
0.015817086760437
0.015196520437277
0.011904685432358
0.012442463757311
0.014473129650482
0.013671042632824
0.014358820128174
0.017234545630768
0.016323121627048
0.019711139697501
0.010706437074542
0.015904481283171
0.011985407004839
0.023281663523722
0.0099995042117961
0.015729337854526
0.012720810430602
0.0091154245683851
0.0077800126944187
0.0050118753659756
0.0055196754013172
0.0054662932820617
0.013222067098778
0.0014587561679847
0.0012397747843602
0.0028075317161717
0.0011372214242461
0.0015328152815525
0.0060055967624514
0.0056451904246229
0.0020054252447493
0.0038804797177553
0.0099414166267076
0.007914001036675
0.0086694507261382
0.0052037002508498
0.011762073664643
0.01008209664008
0.012781661117127
0.015509098044404
0.01411393804322
0.010599984926705
0.0092446581229618
0.01338704048176
0.0074164453849817
0.001652970759609
0.0038493041364562
0.0084525542723689
0.0038330948292084
0.0082127408136903
0.015063429399042
0.02044340273558
0.0069814575441946
-0.0076153549985463
-0.0078894643329413
-0.010934405700283
0.019156707022134
0.015955898514768
0.015459570767544
0.010128534624319
0.013164532220081
0.0024120349843324
0.00509554367951
-0.0016684016968653
-0.0012070115179878
-0.0060517270046781
-0.0061540698674046
-0.0032187647167955
-0.0029179769054544
-0.003716884307817
0.0025039111235109
0.0063881459820168
0.0010272389080976
0.0064909314806653
0.0081567233119576
0.0030573100122257
0.0014436596438291
-0.0028606354296925
-0.0097321318930044
-0.0065405493725688
0.01744124517136
0.010581749860349
0.0064140132611033
0.0080752139067426
0.0096435707309446
0.012269645635151
-0.0023233300242805
0.00024271931292028
-0.0069257492056079
-0.0049778702013269
-0.0064427237447519
-0.0032640671377093
0.0014121135822772
0.0043853599445399
0.0022667074073173
-0.00051440264706308
-0.0033452617968102
-0.0043997758859707
0.0081601296089785
0.0052973597189935
0.016284944976661
0.014598534435946
0.022699920085591
0.016821658860853
0.02035311006149
0.01661133666809
0.021078852603806
0.015178424924489
0.013716661051648
0.012428903345329
0.014238626904561
0.013102052395654
0.019586099614153
-0.0007545770659324
0.00058171676038608
-8.9274267532805e-05
0.0049060876419394
0.0067199031616966
0.010596536687898
0.0074964374718193
0.0064781246268608
0.0036821294642848
0.0015602717644905
0.00049614710680476
0.0013401498185519
0.0013117207507003
0.0030445463196398
0.0034716134604924
0.0068116262771307
0.010970027323392
0.0080748484567859
0.013080763167944
0.0151629316565
-0.0014686833113006
-0.0021711898160411
-0.0053242913508074
0.00035412402357951
-0.0088773035814795
-0.0089524597731238
-0.0089270677273202
0.013163763436147
0.010023328862012
-0.0005596347088998
0.0032489190850682
-7.2092282734384e-05
-0.0058945111686303
-0.0050676528853174
-0.0084983559181425
-0.0049649869260041
-0.0039452188744169
0.016004062131785
0.015412715438423
0.015345071080189
0.013758260952404
0.016671176389298
0.016469610941016
0.018087967585251
0.017887686151052
0.02115177662938
0.024631876754135
0.020442727430021
0.016213848420189
0.01492251734073
0.015430708991082
0.018716011987258
0.013949082318583
-0.003508339264193
-0.0023948339737185
-0.001586062437954
-0.0048302789495111
0.0018812560001452
-0.0071600840417674
-0.0081672738711204
-0.010164714983444
0.014416996492474
0.0046007472869539
0.0069378839455428
0.004420766871726
0.0030730954162168
0.012062133133837
0.0078053490432622
0.0070794283287542
0.0030071819926162
0.0077441595006224
0.012359113968941
0.011751976771411
0.0054419239991122
0.013340027399207
0.0056529481527479
0.0022916085481093
0.00292322133884
0.0091136625180001
0.0099175394794621
0.0020188280829261
0.0057196314376799
0.0024963452888948
0.004140480292454
0.00017278048736444
0.0010163370222068
0.020523182628401
0.016266093908992
0.015466190189768
0.013298039804026
0.0090817578553182
0.008439760130862
0.0051569109157123
0.021166687880865
0.014131788454373
0.016754016518834
0.010527080368643
0.0023533846570853
-0.0012210885320344
-0.0029586308452215
-0.001151570110664
0.0019579461762994
-0.0011706795769698
0.003195742514143
0.009323596573254
-0.00025926431939764
0.011734629761317
0.0066237634808193
0.0010284138958581
0.0035812317372903
0.0025058892683505
0.0050901291081427
0.0092891825427374
0.0067288377398469
0.0060630161074636
0.0045844018948377
0.0021572864522245
0.0020499898292209
-0.00014686791179045
0.012273184253632
0.0046096107786708
0.012278390791464
0.01016646842743
0.0086315984400182
0.010258918734123
0.010821389724114
0.0082737033951747
0.010981355085976
0.011752657477813
0.010841231421797
0.010945982266032
0.015577321713437
0.013701101713011
0.01777950246252
0.014400122188454
0.011639837115144
0.019692639504755
0.0065470416426051
0.0088131589057041
0.0077131773041118
0.0050410673010946
0.0056378383959611
0.0026592533605115
0.0098109505820567
-0.0015938837782518
-0.0029905192935941
-0.001681204348753
-0.0031541505274479
0.00046445422389867
-0.0019437713639638
0.0023436634970317
0.0073870395910894
0.0013867360482249
0.0018765578671243
0.00035541734962779
-0.0010352503801001
0.0038487422971805
0.0075400328540516
0.0091612473930398
0.0085403321945168
0.011439559631892
0.013643316946424
0.011284632094922
0.0078737881599603
0.010656419095659
0.0063659596205822
0.0021416496751163
0.00096576681468789
0.00089334919617367
0.012443397388519
0.018032920217707
0.0039439283921162
0.0045255048108126
-0.010451488947752
-0.0099613584871726
-0.014153469348434
0.015000159584679
0.0084300428652503
0.011839420996955
0.0031358616272983
0.00018956737135348
0.0046865994984438
-0.0033294992202265
-0.0079627410762637
-0.0074394676410937
-0.0034777930306733
-0.0019367110369982
-0.0061836470352494
0.0036342456597702
0.0017524016647027
0.0057922790891727
0.0061507990515885
0.0083506686728337
0.0019480250042566
-0.0059386132263463
-0.011576098177239
-0.0090104136593208
0.0081488755210956
0.0046738254232926
0.008022018857384
0.0093896774089713
0.010212894003648
-0.0024766164858543
-0.010469665998501
-0.0087236680070534
-0.0094597847047888
-0.0060521995962759
0.0016560332640429
-0.0014237715378662
-0.0034499645313694
-0.0054459528041936
-0.0076540626728589
0.0052662220672398
0.003548279208613
0.012675340961679
0.013594619554328
0.015857836981699
0.017242238688356
0.012748591405486
0.018091971848134
0.011352159538551
0.010372242513694
0.011202465112086
0.012441498713844
0.016165310132787
-0.003656773436458
-0.0023204928049879
0.0019844691201901
-0.0036695236876796
0.0028368291665806
0.0068734216147616
0.0059425885246089
0.0085130196097353
0.0074741497839389
0.0033558682002165
0.0024621100763202
0.0021861582761758
-0.00058336541245393
-0.00014940514229433
-0.0026454034832079
-0.00018494869539899
0.00038129430675457
0.00054278425828293
0.002401153260368
0.0028639132543887
0.0048444411543398
0.0097760574408881
0.010472349504566
0.0049559079012191
0.013677800800836
-0.0053898299128863
-0.0066737238533381
-0.001944818878325
-0.010714684204885
-0.011887347549039
-0.011702064665531
0.010417378473523
0.0075623804878193
-0.0041200537397163
0.0012713975968948
-0.0037873000296678
-0.007279488542238
-0.0072067635554401
-0.0068519555350545
-0.0067866012136817
0.014527192988949
0.013484223640127
0.011293289503394
0.015062898319668
0.014323230465318
0.016056189562827
0.015615038212229
0.019892957003656
0.021330072588432
0.013659663659736
0.011827429771824
0.012080983820911
0.015755171892007
0.017274094612878
0.010222565223569
-0.0066379557740598
-0.0055939296479879
-0.0044123847049022
-0.0073318967224091
-0.0081721624108047
-0.0096126446510167
-0.010499510815632
-0.013449315612352
0.0035218379003145
0.0043565165040244
-5.8021270290236e-06
0.008230775052981
0.0037540858583711
0.0039166072557534
-0.00071676719097083
0.0084760788056878
0.0047815168281453
0.0081871977393606
0.0052095113389226
0.010970397743716
0.0058197219231355
0.001437686174797
-0.00011100686904235
0.00032799350721212
0.0011814395651416
0.006502640335194
0.0089927790054954
8.5214092127707e-05
0.00059927220955108
-0.0015633793974906
0.0031265292556893
-0.0043602746077408
-0.0024626711983861
0.018983001741516
0.014207783734982
0.012804016106508
0.015681763554845
0.010753940598013
0.0057621324189389
0.0096456595041615
0.0044421931775379
0.0094566813639566
0.0011220335083252
0.012053407330362
0.013787884331022
0.0072844401860519
-0.0015572881644524
-0.0050029972388181
-0.003471525554715
-0.0040737280854426
0.0019080372255321
-0.0015024063173342
-0.0043078023155197
-0.0038215303103402
0.0042595473487347
-0.0002619360076562
0.0066916415477593
-0.0039552915671317
0.0099308995216899
0.0064753121006289
0.0045999094201043
0.00128212341342
0.0016071492000978
0.002309586222069
0.00075344332912279
0.0065156800783021
0.0031841255364109
0.0010440850507252
-0.0012375434565056
-0.00061300545245673
0.0024879620474884
-0.0025189101313685
0.00062312213644659
0.0067440313295484
0.0069824522158206
0.0070680578863167
0.0069155071962029
0.010619776325408
0.0080298982865977
0.007390318857952
0.007633968322896
0.007763472902561
0.010570343806273
0.012830357407955
0.014153494944592
0.01508468927053
0.010936975645506
0.0094402521583919
0.017575408120559
0.0042924119598218
0.0073257720090021
0.0031949183960552
0.00018907632491803
-0.0048987243390629
-0.0038224369696229
-0.0045281794574049
-0.0011516035509993
-0.0036579766835301
-0.0035529812270598
-0.0056122795860287
0.0021762696701568
-0.00066326146261674
0.0059963429400528
0.0025131967611815
0.0020201126663408
-0.0037031737208113
0.00025363023129607
-0.0041763830352377
0.0075713118585651
0.0042469610993881
0.0080875176064776
0.011963710992738
0.0090045071140734
0.007049680311833
0.008248652482176
0.0032018490407041
-0.0020829097553277
-0.0026198555717324
0.016105154539012
0.00081622048648908
-0.013215898570195
-0.011140886965745
-0.015473583939022
0.014883549000355
0.012477276587007
0.0094643084578453
0.010311401715924
0.0024380319173364
-0.00088599144302993
-0.0013507293571329
0.0054000984294952
0.0038135742288568
-0.004753081409701
-0.0034291356870393
-0.0097972581103867
-0.00921507267698
-0.0054791005867792
-0.0026922832302708
-0.0059987756524809
0.0035681673192105
-0.00056037139093522
0.0060357143680583
0.0065675106068568
-0.00060550230574621
-0.0061077888441796
-0.011096819608316
-0.010697449610101
0.0076054726503973
0.0056337797243186
0.0082521215373852
0.010183486730079
0.010127183726092
-0.0064284647489937
-0.01249263448659
-0.009634788703781
-0.0093367185207623
-0.0063191871368081
-0.00041899682801087
-0.002940027343156
-0.0034856140731028
-0.0043333220347537
-0.0083911373688967
-0.0046415087636674
-0.0053430540517569
-0.0096873198847347
-0.0090813883425517
0.0056216235006601
0.0037299210632189
-0.00027972156752277
0.0118824400034
0.01275329834924
0.01679644926293
0.008563472637592
0.010331610713212
0.007119416724548
0.010019495133839
0.014531583251988
-0.0054503926412103
-0.0071182835565005
-0.0047967278669028
-0.0040168859254194
9.2932484437815e-05
0.0019648614325617
0.0055546543060171
0.0037021552015357
0.0071501770490029
0.0048790652680526
0.0026976892628883
0.0023100767479309
0.0010845032349274
-0.00012828865268635
-0.0027300906925232
-0.0010884361483438
-0.0022672028315029
-0.0036051336259051
-0.0025195634346772
-0.0012902824512687
-0.0014041646027301
0.0010953267186407
0.0020730861701475
0.002349206816707
0.0040972449230447
0.0085168040320017
0.0092913566896677
0.0060614713006114
0.01096114624059
-0.0095743500888958
-0.0030515148303589
-0.012189748552829
-0.014057686731901
0.0093121039085155
-0.0055364778609263
-0.0017729341123885
0.00056933075305761
-0.003543516147006
-0.0099976155163311
-0.010517848644207
-0.010578486016235
0.0113635175573
0.011151273140291
0.010388667611936
0.013481813823175
0.013615748986554
0.012587420625443
0.016366399312254
0.011468606010272
0.012402865474039
0.011935965342726
0.0094164780787964
0.014126595613752
-0.0074265434143289
-0.0070546377467575
-0.0054332485551192
-0.0088413699077383
-0.010565914396783
-0.0099078319678903
-0.0098877533638975
-0.014531134206599
-0.014657309359121
3.539510546663e-06
0.00011264665052611
0.0012598734036061
-0.00022866588393891
0.0039605492161263
0.0057009997479734
0.0027240724854593
0.0092233025553284
0.0027521533676341
-0.0013263064367249
-0.0040703023799598
-0.0013243326073957
0.0036150046027225
0.004415318314722
-0.0034771557550866
-0.00097720237127113
-0.0016862470737242
-0.0016380509937189
-0.0050417338250178
-0.0039458864166132
-0.0048907187464899
0.013434927736111
0.010517668038381
0.013238526743214
0.0083647594073399
0.012329044039833
0.0065399585606146
0.0033968011995007
0.0059884640649275
0.0078899818838547
0.0033323563333568
0.0056072087064655
4.4327510935463e-05
0.010231097680875
0.011825462761106
0.0065622655314881
-0.0050605643591703
-0.0068538131528365
-0.0070627234112047
-0.0068527583891773
0.0035233910769024
-0.0009118021215979
-0.0027141000303304
-0.0020906027082889
-0.0056004900531307
-0.0055818004694549
0.0018521810387882
-0.00058445468482169
0.0057929332385755
-0.0068485015282132
0.0058860494073194
0.0063161235461571
0.004136596691943
-0.0031513331529319
0.0036930244138337
-0.0020468215979322
0.00016972938821272
-0.0024343254667596
0.0034006401986762
0.001801122655996
-0.00109858795413
0.00052407463031616
-0.0036434715982326
-0.0030349884970589
-0.00092506168591833
-0.0065434148574829
-0.0034010855319382
0.0060680894401965
0.0035862189855544
0.0033872926838159
0.0040739737753355
0.0061866068224036
0.0037316350695035
0.0080087576010853
0.0059182807236969
0.0070527807605601
0.0072081647301732
0.0093271485909984
0.0095778002559862
0.014184035286424
0.014640188707147
0.011958575400313
0.0082881323637947
0.0012422380906758
0.0047819165644844
0.00050293041916323
0.0017816525262474
-0.0015798624597362
-0.0014158478208651
-0.0069684100789063
-0.0067096217830784
-0.0058074647105371
-0.0030641660779472
-0.0046385014058146
-0.0054003802183852
-0.0086332738168003
0.00032922594240255
0.00043271260337647
-0.0006099679997642
-0.0045691780891942
0.0049451034702096
-0.0040025566066212
-0.0011906454948063
0.0021911288928858
-0.0052729511841778
0.0047337135828633
0.0074514288901448
0.0030645320662518
0.0089995983817287
0.010722344222646
0.0080410673483761
0.0099074931707607
0.0041837442238846
0.0061201430758178
0.0015323044064048
-0.0057481028346775
-0.0026480817217763
-0.015092591597222
-0.011992205199646
-0.014177280518411
0.012740723800826
0.007877698495052
0.011258109079404
0.0031219521904369
0.0039144375867408
-0.00085749239210817
-0.0022277656950101
-0.0017526640107698
0.0029274402214384
0.0021810098932665
-0.005078450053338
-0.0053665175331767
-0.0091940463276756
-0.0091120128120637
-0.0063705755097032
-0.0021693665866638
-0.0043500366007924
-0.0071821467876965
0.0019844336000309
-0.00011363848308351
0.0069035605997468
0.004422870838455
0.0043801932020027
-9.2338659992344e-05
-0.0096829358866894
-0.014442585989221
-0.013249218694926
0.0047909978817808
0.0078765396903613
0.0035435446417942
0.0068616792553262
0.0089039575327441
0.0088597273698667
0.010209183079745
-0.013322881179856
-0.015123665724027
-0.011960282829621
-0.0067732636703492
-0.0043972598309127
-0.0052570382498939
-0.010104169964961
-0.010109395838571
-0.0043882010874947
-0.0063340744298089
-0.0076997691505847
-0.012455561464498
-0.012081722273933
-0.00070550497931738
0.0073360555718559
0.005234884989079
0.0076148994250402
0.01138236873802
-0.0088102269684464
-0.009361621022665
-0.0062654499243559
-0.0059959956985371
-0.0023062904170777
-5.678422578954e-05
-0.00062244827017065
0.0035714465523099
0.0055588091797414
0.0041801172257355
0.0020803145821514
0.0011581915857051
0.00014282926551487
-0.00091931890914192
-0.0024740368875251
-0.0025138523429383
-0.0040955196669524
-0.0039181623086643
-0.005241416063033
-0.0053862765842107
-0.0045300468556534
-0.00081758731217455
-0.0023951475201438
-0.0023483732609949
0.0018791204132062
-0.00011888550319956
0.00093996009257616
0.0045536928069362
0.0087570332999757
0.0043871712029285
-0.004845232076489
-0.013524818100069
-0.013910210374743
-0.0094952383006223
-0.002263936571751
-0.0049114925881966
-0.011663998918617
-0.01141432799967
0.0098453976897346
0.0081702906175951
0.011677414501395
0.011289273842464
0.010180256623865
0.0094767605797186
0.0099660453970196
0.0080191173026214
0.008281352279529
0.011768080823754
-0.010190660624648
-0.0096703064226284
-0.006161754782934
-0.007364988838095
-0.010500195065303
-0.012248233457675
-0.011231720316386
-0.014197030940974
-0.012447291953725
-0.013896908561897
-0.014453876275739
-0.0038487765173109
-0.0033595272450701
-0.0017073449032504
-0.0033079629748421
0.0042716566643474
0.0041007416840847
-0.00042160955736806
-0.0010350934836957
0.0016956186565176
-0.0042748935029916
-0.0046303529980586
-0.0069442879215826
-0.005069863110791
-0.0011440320485133
-0.0041727658346821
0.00011195017928498
-0.0047672172991764
-0.0038124133643269
-0.0061062482821959
-0.0034890250877525
-0.0076105557486291
-0.0073716935324974
0.011158253503753
0.012289026870793
0.011017851256387
0.0088012835377222
0.005682895823295
0.00078425822099389
0.0038814884229251
0.0071172813433979
0.00059411430284148
0.0050555869385213
-0.002032351670955
0.010995522328363
0.0075972696948673
-0.0055649112622174
-0.0099238000980901
-0.01077079587872
-0.010095533939187
0.0015305548300545
-0.0014991382322645
-0.002153492347996
-0.0030194857862136
-0.0042961617094617
-0.0045496180281992
-0.008369104881674
-0.0086378591517583
-0.0049209485661205
0.0031702830346833
0.00063959764697134
-0.00072533822741279
-0.0027006277991729
0.0066325860014318
-0.0070509043072613
0.0037476857151068
0.0025161539608539
0.0020278342556355
-0.00436139918714
0.00015109517677479
-0.0033126080673429
-0.002807845524999
-0.0006422416777053
-0.0021610392395531
-0.0043258518997356
-0.0063780003238735
0.0029980859383043
0.0054902621878406
0.0021306581399996
0.00083669350207924
0.0029875303827441
0.0012581706018849
0.0051118437446771
0.0070083795329771
0.0038477109214499
0.0070852262371518
0.0039959402830331
0.0070959694377525
0.0088654708280184
0.010896890205372
0.0069224421251481
0.0029614682650205
-0.00080154060071895
0.0014314122711069
-0.0048663860788993
-0.0051935373003594
-0.0037173074615006
-0.010135505157161
-0.0098676408575495
-0.009189828404936
-0.0074393812937439
-0.0071066749199297
-0.0092265136809647
-0.0075433296823008
-0.0029727218120554
-0.0013962496746201
-0.0042108255369153
-0.0070965787335835
-0.0077559635614743
-0.004982910198835
-0.0061080177382295
-0.00073109562192315
-0.0021548110539732
0.00094715446746913
-0.008080407755054
0.0045727438347181
0.0072512285227935
0.00090053489892656
0.0090084806216191
0.0052080254028723
0.0074406558925113
0.0029748840102916
0.0039517459255258
0.00068058166373502
0.0021841246760595
-0.0077351436944802
-0.0054787003260282
-0.013313881672307
-0.01339305813085
-0.016165231951621
0.00087178263640507
0.0014168891669135
-0.0020040806979969
-0.0016542907568445
-0.0021196869728982
0.0029281356584852
0.00068849433996318
0.0024934591910648
-0.0038868505748965
-0.0063989868858959
-0.0057301764231563
-0.010240165869759
-0.0076317879515026
-0.010962550193676
-0.0091000134397994
-0.0061891586397895
-0.0024455080156455
-0.0063179007336606
-0.008551157216609
0.002701073437841
0.00031804530712054
0.0049940726022006
0.0035449541450314
0.0051281164659074
-0.0083126324800708
-0.010131643886872
-0.016183982953732
-0.013648033047462
0.002758725283924
0.0062123733991265
0.001075136541697
0.0075203084559077
0.0082425690331143
0.008518358942762
-0.01351063082671
-0.016707145608024
-0.0094016346314291
-0.0071794982400263
-0.0027512223315472
-0.0077243844547422
-0.01128009747321
-0.011666683557416
-0.011789483278317
-0.0065106650416351
-0.006972255537076
-0.0081975845045242
-0.0088295386560758
-0.016051555070098
-0.012139118901714
-0.0015234084105661
0.0064172642978541
0.0065469310335927
0.00323095971475
0.0055973409788778
0.0094944989862671
-0.0092491900379488
-0.0099402132560426
-0.0070209705238576
-0.0059834533387193
-0.0052740674335198
-0.0087017998394246
-0.0029955896089109
-0.0018176582865173
0.0023995447789693
0.0035677957109621
0.0029894817517977
0.0016946464094772
0.0004404158842709
-0.00064983034126326
-0.0018261640516946
-0.0020844161192124
-0.0029749955145063
-0.0050351827708108
-0.0052424748822428
-0.0053223570927732
-0.0051951629494377
-0.0077307545093863
-0.0061962970485707
-0.0014511508851384
-0.0016650511715677
-0.0028371790910236
-0.0044299287096797
-0.0028062042804887
0.00037921558829317
-0.00095533787244689
-0.00040825287241488
0.0011770100427001
0.0034706129460406
0.0061705478522003
0.0031860077683362
-0.01471262217537
-0.016878693599484
-0.012849666647814
-0.011753225825383
-0.010333673005318
-0.0026733905744206
-0.0079013890289965
-0.015022466058406
0.0077295592781445
0.0056349938639106
0.0086355755423529
0.010471048941619
0.0096211432345518
0.0074143986870016
0.007328460885885
0.0093965696646602
0.0055250219705811
0.0058799450104635
0.0081901197261509
-0.0090760044246545
-0.011838576877508
-0.0080945382374955
-0.008476547076803
-0.0084013092340007
-0.01064516026086
-0.013226239384035
-0.010510279074154
-0.013159634273548
-0.016696329689204
-0.017310801106387
-0.0046500916528612
-0.0037903017117678
-0.0036366183979216
-0.0060685117572996
0.0014994856740746
0.00029838885861607
-0.0013435410586672
-0.0031710282489828
-0.0022597904918466
-0.0069170486377049
-0.0073273497183553
-0.0063477359581335
-0.0056481862419053
-0.0067583311576759
-0.0057058930341924
-0.0066933721398034
-0.0095144806705415
-0.0067497817697134
-0.010754755558679
-0.010750845978646
0.0086875997658833
0.010203302045673
0.0085159981761335
0.0050924587856541
0.0013131706684875
0.004337300501907
0.0030235185186423
0.0070985646768994
-0.0014014092320407
0.0014837910036253
0.0032618367491316
-0.0042522875544543
0.0079681611615816
-0.0090768949015811
-0.010339371481691
-0.011926626364163
-0.011559223605197
-0.010151332100929
-0.012147404719294
-0.001176393168753
0.0029522773311183
-0.0035042121958179
-0.0012538252360779
-0.002340044295209
-0.0037688205353608
-0.0039695037335796
-0.0051506862602029
-0.0064851249154973
-0.0062676941000138
-0.0087657986267237
-0.0079662403904665
0.0021093722395108
-0.0015418498698384
-0.0032151002963097
-0.0043140926604973
-0.0029330684272924
0.0058095577371468
-0.010361311759171
-0.00041235449175335
0.0038468261837885
0.0017995265797241
-0.0071508383029332
-0.0036246448532586
-0.0031561735902362
-0.0012867982932366
-0.00038753133215938
-0.005028294919512
-0.0055889834876833
-0.0091851613041977
0.0021279037923065
0.00090009985325637
0.0015855008209083
-0.00033146632893426
-0.00061426271192429
0.00070313387960127
-0.00187312667741
0.0047099875746017
0.0029140909026939
0.00093976901342171
0.003508825703148
0.0069472818759708
0.0044531057359433
0.0064949971686133
-0.0008380152535991
-0.0027730763954818
-0.0025762210093637
-0.0063513735242945
-0.0051227483778784
-0.011804218753326
-0.0099438555903867
-0.010680568478169
-0.011144253879331
-0.011551291075414
-0.010100173997075
-0.0042634489073751
-0.0037361805934295
-0.0008046660252666
-0.0061524301083753
-0.0076879269906775
-0.009770781216578
-0.010584739722994
-0.0057736893055628
-0.0052486032603495
-0.0073423132006198
-0.0010928142496223
-0.0012464815538979
-0.0023922776699071
-0.004394942306944
-0.0084398117788649
0.0041676571321116
0.0030848839280655
0.0060514338879793
0.0026526230576757
0.00081220952036769
-0.011021890383227
-0.017035382163253
-0.014012676093762
-0.01471811750221
-0.017819135646662
0.0007563285459935
0.0014710765915941
-0.00066159468427169
-0.0039768719072785
-0.0030224893802084
-0.0036438251284821
-0.00097578130085
0.0021819307376476
0.00038735261021795
-0.0052380392949959
-0.0066017394505162
-0.0079646500279021
-0.0056388208581583
-0.0072113602960418
-0.0049875835020164
-0.0097347610801512
-0.012333887653345
-0.01009692052793
-0.012018434724052
-0.010025713137764
-0.0035857409321681
-0.0059667284860184
-0.010007671189384
0.00055952666414581
0.0015925748565583
0.0050828331491044
-0.010509338664498
-0.010968554941893
-0.012221397182862
-0.014965270328565
-0.015157934469213
0.0043254623211183
0.005438803275935
0.0056850906391254
-0.014028506803533
-0.015205870727135
-0.016202732290767
-0.015997331320183
-0.008096339213253
-0.0093123837139522
-0.0052877249229519
-0.012785933141252
-0.010275853166622
-0.014103325862094
-0.011311501665064
-0.013604618803692
-0.005872240024512
-0.0091269510422108
-0.0090618841611311
-0.015257689488243
-0.011951633361881
-0.0031211355495222
0.0033732930199511
0.0044519015954021
-2.7207606878355e-06
0.0039538843039274
0.0028904575346951
0.007287219069406
-0.011359777807495
-0.012646411426149
-0.0071893289649569
-0.010018600410128
-0.006319558398473
-0.011043122212729
-0.0089601150799215
-0.0034688849626483
-0.0018542796206297
0.0014121539553175
0.0047087642886044
0.00022805390140103
-0.00088974224390014
-0.0012931155663685
-0.00077844939778414
-0.003224855799056
-0.0030768171323453
-0.0038860668857207
-0.0052524715249175
-0.0059162338632213
-0.0064807350250803
-0.0068261913124177
-0.0071500137487118
-0.0072870323111366
-0.0021705063417381
-0.0010703879747908
-0.0043884198481437
-0.0056969764100909
-0.0044055063211196
-0.00027734328958816
-0.0014116585607537
-0.0032727395337964
0.00042247229663699
0.0011070513856888
0.0047816826967795
0.0033929289891098
-0.016919632964922
-0.01322015581273
-0.015786189748601
-0.01817029187966
-0.013004723843628
-0.012734519159978
-0.0034467922150864
-0.01560335023779
-0.014753645094171
0.0048390060765641
0.0073453588425744
0.007313290916537
0.0054873738955583
0.0032589272346588
0.0046040468012273
0.0059448165851389
-0.011018166018162
-0.0096535133312776
-0.012604056049163
-0.0080809017122073
-0.010034696680958
-0.012586137622499
-0.014196213580798
-0.011349620351762
-0.014150375015657
-0.018397333729006
-0.016160234887654
-0.0049091724096632
-0.0083095816704695
-0.0076885530192207
-0.0066406068649372
-0.0087088050598064
0.0011757810490235
-0.0013467940958618
-0.0012322565652155
-0.0050077817777044
-0.0028284509086108
-0.0090851187941192
-0.0072351426647708
-0.010589204335917
-0.010308010324744
-0.0086083603392
-0.010538531240109
-0.0092867865127813
-0.0068311847132299
-0.0125475800709
-0.0088214202848373
-0.012087496814365
0.0081715039006388
0.0048638005940666
-0.00036235433305737
0.0052282794569099
0.00079459535931516
0.0046095375397913
-0.0038308770290769
-0.00090550235244755
-0.0074587432864918
-0.0095631982770806
-0.011699517466432
-0.012583109557993
-0.011331051333342
-0.011885999627862
-0.011759831721666
-0.00083131172732567
0.0024591638985573
0.0039390441999962
-0.0050414094416749
-0.0036964408278537
-0.004223977047482
-0.0055804185683182
-0.0065129938123144
-0.0066251732009765
-0.0062675582074249
-0.0074275327429216
-0.010564239942466
-0.0093811373610188
-0.0093368528390754
-0.0087548809337925
0.0036861012807943
-0.0032382763633935
-0.0050671293507687
-0.0043833243152725
-0.012124758498485
-0.0015530982167728
0.0022518288768387
-0.0079551365067961
-0.0073826978910252
-0.0068261858101094
-0.0048830415127925
-0.0018200352431763
-0.0078764658016091
-0.011587515011865
-0.00015850416515651
-0.0031197675550457
-0.002237531623914
-0.0051522498782628
0.0014764109837801
0.0043220268239135
0.00017407374561314
-0.00058919674947795
0.0008455533022601
0.004287620545234
0.0018960743829621
0.004994058799108
0.0043648547475588
-0.0085653875421732
-0.0055159686842265
-0.0075370479868018
-0.011743395791819
-0.012093769433389
-0.012678787819803
-0.012221899480167
-0.01340776494583
-0.012646441405204
-0.0065770727022086
-0.0046515051161562
-0.0024895833276759
-0.0011779722394975
-0.0090001084630453
-0.0075722200102894
-0.011171273493649
-0.010731971441197
-0.011461774064202
-0.012846457595958
-0.0051055250732108
-0.0070694568055898
-0.0088788916341846
-0.0020034964601283
-0.0024050722856857
0.00029537572660463
-0.0044321641074013
-0.0052563579419831
-0.0083767546965858
0.0019599988797314
-0.011581355967696
-0.015486037651795
-0.014606434465
-0.013726305345071
-0.017074935235113
-0.018727280943571
-0.018673595973721
-0.0010781142186561
0.00087345474791703
0.0020816875252124
-0.0012418975845916
-0.0026820931723008
-0.0029379056743605
-0.0056911432947667
-0.0041319272228645
-0.0031988104382332
0.0039143593980427
-0.00022749823155687
-0.00048983019444157
-0.0083301382224179
-0.0054429362182752
-0.0087668486269422
-0.0075890686162211
-0.0054327960416749
-0.0063331400916791
-0.0086979200733355
-0.0056754670028551
-0.012168141925279
-0.0089264954959912
-0.011241293526314
-0.0097343787743798
-0.0037437534270039
-0.0075149015292545
-0.0059479795364068
-0.010968448358214
0.0048020553062252
-0.010173546659398
-0.012554979026301
-0.012772099846945
-0.017736712822796
-0.017192467488156
-0.013920305824192
0.0023483675859151
0.003090985521812
-0.016240578112324
-0.018669178906736
-0.015999596964324
-0.017568261983835
-0.0081265595897002
-0.0089652768281994
-0.011353864625484
-0.005433236554855
-0.014112529812473
-0.01283834288345
-0.011279658527072
-0.013582841653674
-0.014265440903011
-0.0070257271256222
-0.011027487840255
-0.017742594894988
-0.015782445116356
-0.015175343635291
-0.0043568189968407
-0.0012211925024071
0.0018974630801625
0.0017548953309039
-0.012739437590726
-0.0083987129086751
-0.011879700254977
-0.0076556781592415
-0.0069229019614985
-0.0047059987741961
-0.011649125635029
-0.010607255344503
4.7734067154685e-05
-0.00072740957140565
0.0034087438074734
-0.00030328730523167
-0.0027595711699556
-0.0019023337434086
-0.0026728559932962
-0.0048263009871889
-0.0048753710038983
-0.0031123587808504
-0.0056217100698385
-0.0057688897480535
-0.0065711973282914
-0.0065582301568215
-0.0065535024181517
-0.0086836493017262
-0.0088009920089812
-0.0012782817016002
-0.0048590887310777
0.00010006115465917
-0.0034688005503767
-0.0044101104284793
-0.00099976069097262
0.00024595962360346
0.0039920596868004
0.0014804488853078
-0.016265710810077
-0.014027827196192
-0.015848546144576
-0.017676869311683
-0.015392087632737
-0.015674615767222
-0.015959718298014
-0.015234605575902
-0.016588224377788
0.0023338507371445
0.0037954345615902
0.0027854062401627
0.0037307874937459
-0.011577965718176
-0.010238893800335
-0.011382057719455
-0.014357708135998
-0.0097954231208737
-0.010645572314834
-0.0085176077812698
-0.012567398483008
-0.012931260639005
-0.01309784423883
-0.011971538703574
-0.015160104555886
-0.017376071758471
-0.016513134133125
-0.018623707512871
-0.0087337348417746
-0.010997930034519
-0.01043197579776
-0.0082927802614772
-0.011260461160315
-0.0031657690392868
-0.0033682056150266
-0.0079615335833535
-0.004262060488902
-0.004649208560308
-0.009809859773803
-0.010702093457359
-0.012101292997919
-0.010990228744216
-0.011246561791197
-0.0089003214533521
-0.011598086115001
-0.012102116676864
-0.008991499955589
-0.012721416981916
-0.0096802095867011
-0.013665939843668
-0.001415432588032
0.00052392281726824
0.00061593357151826
0.0031858561428614
-0.004130162526765
-0.0022872737157457
-0.008057776900829
-0.012108035834403
-0.013614519423256
-0.015223222495391
-0.014847123987195
-0.015165296405108
-0.014984302882338
-0.0033212654584388
-0.0066781276433999
-0.0048385975515131
-0.0034205193945353
-0.0057693637908281
-0.0045141785087652
-0.0071822476549253
-0.0077972682982935
-0.008551085142089
-0.01298370637801
-0.010535202572168
-0.010592650829981
-0.0095686563674227
-0.0035728576080636
-0.007355848988685
-0.0046845265787118
-0.0064082478720852
-0.0053511761927095
0.00091247684345689
-0.0083400724673501
-0.010271443210103
-0.0049226589739816
-0.0038092852893702
-0.0011285378088748
-0.0010579382812026
-0.0027122054431068
-0.0051899412188482
0.00012437692301932
0.0010280475072383
-0.0013730588709592
-0.0021548770289952
-0.0003514262294357
0.0037015759964617
0.0018619399032822
0.0011422707353654
0.000603001556211
0.0030579574005182
-0.0085034506975089
-0.010056484541171
-0.014916534716232
-0.014475816010359
-0.012362058046791
-0.015470569550197
-0.01642642088123
-0.015449023253913
-0.012651152339078
-0.0083138473365534
-0.0056590473725054
-0.0036239673276504
-0.0022554737812713
0.00039181099835008
-0.009342005190675
-0.0090722580992051
-0.010992941193641
-0.011306587340914
-0.01154422490427
-0.013254153194032
-0.014106654722623
-0.013405332000228
-0.015696716998228
-0.0043844746132442
-0.0057982672915294
-0.0077480728193579
-0.0096625165813039
-0.0054193022768585
-0.0064432996543286
-0.007225285160587
-0.009849833943458
-0.012311915953701
-0.017902484193283
-0.015973353150605
-0.013748789931856
-0.016756879681148
-0.01938932102353
-0.019526226256839
-0.0027620525622191
-0.001666027246086
-0.00067438601217867
-0.0024712899304639
-0.0040838076914318
-0.0048223835924751
-0.0042087942336391
-0.0024299999433893
-0.0015783940977606
-0.0013447293329526
-0.00030304081466566
-0.0086629042786096
-0.007255396597977
-0.0092120580587637
-0.0079561255473187
-0.0068093760149728
-0.007885201363646
-0.0094644561312102
-0.0064720543888695
-0.01194442011619
-0.010226522771762
-0.012266569520709
-0.002949164029496
-0.0079949179846438
-0.0074735636601042
-0.011986353628976
-0.01019996934161
-0.01226161904636
-0.012814890672741
-0.017168609261011
-0.016953574920057
-0.014479889557053
-0.019508981601774
-0.017950022915713
-0.019039142241328
-0.010626772554622
-0.011325594957207
-0.007978852190717
-0.01088060725917
-0.014719763223719
-0.0046984563643209
-0.015207240418
-0.013934902900077
-0.012248263272815
-0.010679864736574
-0.014966769243286
-0.014844353685055
-0.0079636216839502
-0.017438662731636
-0.017044008349892
-0.0063933777175135
-0.0027071591629579
0.0012157004497465
-0.00046097584404766
-0.014072161215182
-0.0098741687663878
-0.012222892352787
-0.00874504495931
-0.0086170333023009
-0.01397868467557
-0.0099799811309794
-0.011035526723503
-0.0014685443200958
-0.0010850696710703
0.0013390169341267
-0.0038451285888259
-0.0032107238448727
-0.0038932002972629
-0.0054445616726676
-0.0055905115033299
-0.0051869455455046
-0.004374759783104
-0.00643593934166
-0.0070206985474269
-0.0079242531869345
-0.0085394678211961
-0.0086658434909843
-0.0091656917930605
-0.0016624184290831
-0.0034798899551288
-0.0053018040997833
-0.0028384505695893
-1.9429845635472e-05
0.0015049079149833
0.00045345300191498
0.0017413478898833
-0.016729394238246
-0.016315900555857
-0.013619854901346
-0.019846370963121
-0.016955167587631
-0.018324211967791
-0.017036804585822
-0.018398536906085
0.00072575605881215
0.0017213064219464
0.00055846411915942
0.0013517367820037
-0.011075429715949
-0.0099422773002782
-0.012893096293497
-0.014545429631927
-0.015149611518929
-0.009399311875138
-0.010378089754213
-0.011603817777159
-0.011013414236621
-0.013057140194605
-0.014334324855733
-0.013531269181189
-0.013842310076933
-0.014110486071231
-0.017347202561641
-0.016979687660085
-0.020083761267134
-0.018085704801239
-0.0094070358668661
-0.012698967478326
-0.010041192381436
-0.011080411367743
-0.0055407918640581
-0.0035413634601523
-0.0085090764836676
-0.0091038119376285
-0.0063236139021572
-0.0069919270338729
-0.011623608906321
-0.012210500942259
-0.012026580116115
-0.011969711722113
-0.011101309030828
-0.0099480782724432
-0.011017328897259
-0.012160641497585
-0.0095223291139747
-0.015736342178569
-0.012082228104389
-0.016706058267791
-0.0018239483661413
-0.00016965998739876
-0.0058522270095807
-0.009883821493322
-0.014693449525551
-0.014883250022731
-0.016553453171555
-0.01672299674319
-0.016401466135012
-0.016193889257135
-0.014697481158008
-0.0020633458574356
-0.0035150988598644
-0.0080578380265279
-0.0065265780368163
-0.0046688156219301
-0.0069775203866068
-0.0045190652422754
-0.0062635018335046
-0.0078397519569736
-0.00991281750378
-0.012282700071879
-0.011698984276823
-0.012178066093796
-0.011278162850588
-0.0052065060142011
-0.0073966947106592
-0.006567915871855
0.00088637760193405
-0.0071796635119197
-0.010893408544758
-0.012005336983577
-0.0059569100415686
-0.0034652396067618
-0.0059511965874259
-0.0032856015099056
-0.0018752744358352
-0.00090771709542891
0.00031649558953228
-0.0042279800960838
-0.0029759665749263
0.0002059431874426
-0.00041678530252819
-0.0015806278546116
-0.009293983737528
-0.012641176114741
-0.015781714254535
-0.014970405820495
-0.016519084653718
-0.017273119298134
-0.017341729118894
-0.017400224645893
-0.015195224248077
-0.014031742101955
-0.0092317414375917
-0.0074818088565455
-0.0054224240709911
-0.0024268910208428
-0.0043861721512851
-0.00031675391790785
-0.011296088398809
-0.0089153852985084
-0.011781222288332
-0.012132771793864
-0.01114633339599
-0.013662761976862
-0.015119935407323
-0.013113218183749
-0.016520471288905
-0.013750739009133
-0.016128022144435
-0.016756562872245
-0.0050823519193865
-0.0063777016210321
-0.0097058225971698
-0.0077330936952726
-0.0085345675746503
-0.0094275486118682
-0.01529582629642
-0.018578155166061
-0.013956428095733
-0.017391047170559
-0.015009623235036
-0.012878920079064
-0.018224421721868
-0.017751265279342
-0.018044821592203
-0.0032515472395082
-0.0024116228531148
-0.00056754492823972
-0.0033573366130506
-0.0034963697697162
-0.0060016584195912
-0.0051790305538722
-0.0031953079499617
-0.0015659858505034
-0.0018039991158926
-0.0091961663645857
-0.0073132655296959
-0.010146033962476
-0.0083311024907004
-0.0073719137919241
-0.0076008584406733
-0.008448587815979
-0.0059784210019437
-0.010525923048777
-0.010490993786605
-0.012439808591273
-0.0092410802399302
-0.0081669030528768
-0.011295279766055
-0.013173608737904
-0.012036823486027
-0.016897484200944
-0.019012915371047
-0.018448732423849
-0.015331953946618
-0.019677722375547
-0.017496891117517
-0.018966775622905
-0.011681988013248
-0.0097059675841793
-0.014260205077107
-0.011174164121695
-0.0092538455016781
-0.014076900801724
-0.016803845314524
-0.0067464620753476
-0.0165833044406
-0.01483613010053
-0.014781334659676
-0.013941553473738
-0.013577958888025
-0.011665730937915
-0.010253641947046
-0.014700142718941
-0.015876261630516
-0.0081682725823385
-0.018590264579049
-0.0085391534169631
-0.0054602311688093
-0.0006861243634337
-0.015095848372019
-0.010387174084097
-0.010764535384395
-0.013798761790065
-0.0087627112375711
-0.014193620217411
-0.010538106349011
-0.010350047501771
-0.012173158010411
-0.0030230196535303
-0.0007736294526819
-0.0030089596922779
-0.00016530487801875
-0.0050204615582249
-0.0046866222749697
-0.0052080758832665
-0.0068320161643497
-0.0077006881760965
-0.0067080051842064
-0.0057496572300723
-0.0077166674085845
-0.0078497912667849
-0.0087641090716882
-0.010987655580562
-0.0016025355000601
-0.0044745501171355
-0.0072509627611262
-0.0055626455548571
-0.0057045250484211
-0.00021536575478059
-0.00092287587725931
-0.015042757637761
-0.016905491503204
-0.017131997847674
-0.018600220808324
-0.020324095023834
-0.018687890713182
-0.019825542028683
-0.017176091221227
-0.019125452760185
-0.00031460588332847
-2.2633770243742e-05
-0.00013578969500109
-0.013187404118407
-0.010873490710232
-0.011406869979878
-0.012130874247449
-0.015293066445644
-0.015862367714152
-0.0098017760135399
-0.011403625453664
-0.013593932081387
-0.01550261724743
-0.014992114707476
-0.016800013963061
-0.018821445435279
-0.019894249469128
-0.016846036221019
-0.010696726506804
-0.0086341260461369
-0.012232417892611
-0.014335115991403
-0.014572154248297
-0.0073763395296215
-0.0055979849281387
-0.0097937290909547
-0.0099694557256119
-0.010788095499222
-0.0065885805762312
-0.007651077640137
-0.015493100138102
-0.014812691175589
-0.015562846992752
-0.014828832456312
-0.01105287097299
-0.013142259309238
-0.013027414007067
-0.011202516573881
-0.015877104618759
-0.017766654565001
-0.014530624039031
-0.017302604747421
-0.0031509195060439
-0.001224699643795
-0.0079054604179573
-0.010477235677006
-0.014622730468392
-0.01597457152263
-0.016361551892953
-0.016513978240263
-0.017765235695285
-0.016997442140006
-0.015677573149048
-0.0029083597211298
-0.0038701306897513
-0.0048898833209431
-0.0087262910018231
-0.0060485931757371
-0.0047876630527643
-0.0062362848841606
-0.0069798058378646
-0.0062888762657396
-0.0095456664470515
-0.0075210686828204
-0.010121859876452
-0.011364500075465
-0.013955236751607
-0.013965037969663
-0.011569607566675
-0.013165444576473
-0.013339939112062
-0.011051678400824
-0.0061327798766024
-0.0079422751646811
-0.0080718158493921
-0.0088823502810776
-0.011154262958208
-0.011788244609844
-0.012738426974026
-0.0079058282135941
-0.0038921616972377
-0.0046786686672726
-0.0063043595996598
-0.0048047808552921
-0.0040017720231146
-0.001466011990594
-0.0031509814742181
-0.0013643323094662
-0.0053948943272279
-0.0059620819779365
-0.0045996747881789
-0.0023252559993293
-0.0026724152447388
-0.011746865249031
-0.016286841988004
-0.017332011490354
-0.018858254186901
-0.019147372987736
-0.019207202193463
-0.014293344977127
-0.017622498269412
-0.012997906969085
-0.015572762390505
-0.009067621945314
-0.010973738882612
-0.0069572576631135
-0.0078764834873713
-0.0060701054772478
-0.0017488234220715
-0.0031477351207793
-0.0048470639599257
-0.01231728353058
-0.0097768805048881
-0.0089765150678873
-0.012529023358018
-0.011557959814016
-0.015987942088215
-0.016493221517677
-0.0147594706032
-0.017147921269473
-0.017393588307043
-0.014384363754403
-0.017402228352046
-0.01913717878758
-0.0076789205110862
-0.0085892188876353
-0.0089307545097779
-0.013792217978883
-0.014145939734554
-0.016770953131899
-0.014730758029207
-0.015416628822577
-0.013102313735846
-0.011900645051863
-0.019952312699665
-0.017324008818717
-0.019773744518974
-0.019393123278386
-0.0047366731505618
-0.0023829930803345
-0.0049080917903821
-0.0056655193412876
-0.0043934104539353
-0.006595524193888
-0.0042632737593719
-0.0029748073067163
-0.0086324185567684
-0.010249438892945
-0.0078026628161279
-0.0098260366613115
-0.010979057015751
-0.0083833173383145
-0.0084217318517828
-0.0056226490917649
-0.0058619731419214
-0.010124925741439
-0.011195511403036
-0.012618422716947
-0.0089598164249101
-0.012657536726824
-0.013299114844755
-0.013073203705646
-0.018207689008651
-0.014937430326923
-0.019630601938431
-0.017692791440434
-0.019760275441963
-0.016267855969195
-0.014703414693832
-0.018348036868327
-0.017546922625501
-0.017864846011091
-0.011308081708012
-0.013447883643286
-0.015250022683422
-0.014960899344208
-0.010822075176603
-0.013432651089514
-0.0082420321544371
-0.016552784015332
-0.015585017582739
-0.017624509836286
-0.016129671057285
-0.016636105579938
-0.014879729533434
-0.014608020292873
-0.011064056024707
-0.010657133309095
-0.016640797052496
-0.0091821254072169
-0.0072899915735974
-0.007916172451492
-0.015248992015022
-0.015631152856627
-0.011956229184195
-0.01396731231314
-0.008806206553584
-0.013481724248276
-0.011256027406421
-0.010765044816534
-0.012588280228352
-0.0036604057235717
-0.0031825055614947
-0.0063144193748513
-0.0052640690915658
-0.006201238881656
-0.0077362633414521
-0.0087243328976072
-0.0071655976491526
-0.0029319641382018
-0.0042838180333254
-0.0074157415171248
-0.0081586372670588
-0.0072198196348258
-0.0060011353706543
-0.0020839823187357
-0.0019801740029546
-0.013775409776134
-0.017530169690952
-0.014626378138678
-0.019475699166252
-0.018435872324243
-0.018607411050295
-0.017891638626296
-0.013065939179125
-0.013621191503084
-0.011411360209863
-0.010429126562707
-0.013919475825043
-0.014659316458808
-0.017855554095295
-0.01044363904305
-0.011624635990412
-0.014443800723344
-0.017505616326456
-0.02036831042623
-0.018565362168702
-0.013640839188015
-0.0095314054751395
-0.015609064948713
-0.010830832198179
-0.0073078884351015
-0.0064928838266242
-0.011553320273655
-0.011401388757269
-0.0085612014232761
-0.012732971296334
-0.010536630733552
-0.0074515350651494
-0.016100273544163
-0.014920308502336
-0.014732874752312
-0.016247517454455
-0.013979773896071
-0.015816169529496
-0.015844854486383
-0.01707062765563
-0.013799160517011
-0.016997227492021
-0.0038186527553069
-0.0023760924083657
-0.0085530573803603
-0.012260812125778
-0.0099849023149532
-0.016998732075537
-0.014344776203067
-0.018547004522811
-0.016174876326542
-0.019132510262624
-0.015814228471236
-0.019405659128018
-0.015366122174313
-0.019096207246602
-0.017671949359741
-0.0041729272987961
-0.0041744304927957
-0.0061107203406158
-0.0095800647800331
-0.0084621144506527
-0.0072603980458483
-0.0061732934774308
-0.0062421644613008
-0.0078370188722857
-0.0075204372803329
-0.0073949979449324
-0.010009953082832
-0.0086367127611463
-0.011828790079444
-0.01251949902732
-0.014557885058057
-0.013911874113835
-0.014581958479863
-0.012639765198437
-0.015995456709291
-0.013533859347694
-0.011660969663332
-0.0072542136494887
-0.0091227261889014
-0.0097797838532445
-0.011705400928712
-0.012940151634356
-0.013264771044992
-0.0075510712536539
-0.0059698855969903
-0.0050095872533853
-0.0073559284403155
-0.0045860724414034
-0.0037382861551876
-0.0031129606612237
-0.0035994901682571
-0.0061804994121098
-0.0057893565992208
-0.0068615535122218
-0.0054705389274333
-0.003989734409123
-0.0035685384078035
-0.014239363385722
-0.018995656343235
-0.019310153074222
-0.017113488250967
-0.020128835349946
-0.019129942673313
-0.016436453751031
-0.016843788022216
-0.012301072631083
-0.016461923948409
-0.015087540434619
-0.010245904651917
-0.011322624884299
-0.0079338955600875
-0.0081729653410842
-0.0058984348955132
-0.0029897185012983
-0.0042233910054297
-0.012790690903302
-0.010681400153499
-0.010123276620277
-0.013363780138947
-0.011755740218195
-0.018249368889513
-0.015823930835886
-0.016220549194553
-0.018786661119441
-0.019613355563889
-0.015708909534407
-0.01509424769565
-0.01863866332406
-0.0093012443376385
-0.0094292225980107
-0.013722018184024
-0.015351465918745
-0.01761481862613
-0.014665554423935
-0.0128214667975
-0.011583406167264
-0.018145112472391
-0.018677635175394
-0.019155450434697
-0.0056261550331353
-0.0043356888012901
-0.0073599958393819
-0.008916123344757
-0.010239250797195
-0.008887133483525
-0.0098761155649581
-0.010670403211858
-0.0082993573436076
-0.0093716503391487
-0.0073249047363719
-0.006354999502175
-0.0065167053339578
-0.010233086093333
-0.011498583311735
-0.012872196213911
-0.013487262977613
-0.011998933674702
-0.016945822977356
-0.0152780618111
-0.017991648320347
-0.017707537807602
-0.01965831184027
-0.015318026790435
-0.014443905542467
-0.020010389342548
-0.018311584876772
-0.019603778119654
-0.011755737086079
-0.013257334759015
-0.018042551800103
-0.016538255373129
-0.011511040315577
-0.015132753415452
-0.0084067962669192
-0.018694713927169
-0.019434127673841
-0.015772522398944
-0.016827834742062
-0.015752809854663
-0.013797010896395
-0.013576065787819
-0.012140665784098
-0.010822297918287
-0.011073817763904
-0.01054862336206
-0.0086367843322961
-0.015236311726427
-0.015268497514961
-0.012631242680511
-0.013525518391021
-0.0094009756132061
-0.014666246982353
-0.011631344686103
-0.011008390211694
-0.010449822278669
-0.012573016376165
-0.0035728841826084
-0.0068697595435872
-0.0059765922096739
-0.0049653431399221
-0.0068235336337056
-0.0086714071975922
-0.0093751460191215
-0.0085639455151565
-0.0051545660490229
-0.007879804784388
-0.0090257470035422
-0.0078155332383314
-0.0071207156201369
-0.0032230961419449
-0.0029974757859166
-0.0033840230848641
-0.013234207198117
-0.017272406100669
-0.014194943906412
-0.019316700037102
-0.019904723357189
-0.020093041769995
-0.02029259899028
-0.01398197897972
-0.012608048239868
-0.013796900986454
-0.011043885963239
-0.010496272808412
-0.0138404623032
-0.015725575690343
-0.017456577646178
-0.011246609479423
-0.0097500063092756
-0.010714323658381
-0.012663630004779
-0.015724138893861
-0.018183251384719
-0.018727187187348
-0.019871275045323
-0.017346342970096
-0.015784995214842
-0.011488226959073
-0.014882585630015
-0.013550900593909
-0.0094037937170738
-0.01164728036792
-0.013694498814642
-0.013595998388518
-0.011379344984352
-0.0095368072263137
-0.012180152073578
-0.014170292493367
-0.0097888073939358
-0.016222133199884
-0.015261321006012
-0.017106325054586
-0.01630135348479
-0.018322973534467
-0.01403001948038
-0.018163239598196
-0.01972119727993
-0.015641495238615
-0.019415137952673
-0.0046391794134945
-0.012086049726122
-0.0094129182545313
-0.010656267458088
-0.018455760321497
-0.016125253449843
-0.019900240321422
-0.018995650335466
-0.019680450803377
-0.017905199821471
-0.019803184049396
-0.015634915275258
-0.018818286364705
-0.019563985142961
-0.017108421428979
-0.0054477619989513
-0.0038702095101296
-0.0058166422176997
-0.0068689350727269
-0.010455849758981
-0.0093842719099687
-0.0080780523102177
-0.0070733263904453
-0.0068093588600215
-0.0068005847178551
-0.0069552394909161
-0.0090467987008426
-0.0084592713067178
-0.0081097110950208
-0.010447189285401
-0.011320599623179
-0.0093807808984482
-0.015451929693182
-0.014951629349076
-0.015970075142749
-0.012927646668719
-0.017512251304152
-0.012404009176163
-0.014919409192882
-0.012335800590545
-0.011431785017107
-0.0080349801116211
-0.010098669915237
-0.0091982537432763
-0.0097286060124191
-0.013343744465743
-0.014080293317019
-0.013657391362515
-0.0084913274871403
-0.0070862106939728
-0.0050114205328064
-0.0043536780691873
-0.0080053012126749
-0.0071792156133107
-0.0079935170577554
-0.0072852245403627
-0.0056980277244863
-0.005063057646883
-0.014662612124079
-0.020129851752635
-0.018308156188389
-0.018419588470168
-0.018522416399965
-0.015731006541483
-0.018709382337594
-0.012382848631657
-0.013818200919803
-0.018392176028918
-0.016051832380413
-0.015436502968061
-0.010431289125453
-0.011357756960637
-0.0085937095370769
-0.0075555746108978
-0.0087272911259673
-0.0052766894113117
-0.006790297471756
-0.011870972684981
-0.014661480411069
-0.010090100696208
-0.010033438032994
-0.012884050649322
-0.012708874286367
-0.011638342557342
-0.018037613706731
-0.017056728721676
-0.016149532493986
-0.018463105938688
-0.021203014452844
-0.02035938334826
-0.01495843894815
-0.016495685586936
-0.014624344989807
-0.016520067945079
-0.020996604566091
-0.0099828812348045
-0.012487325619888
-0.014500748666877
-0.015749623855666
-0.015449935732397
-0.013417439262529
-0.012236337374567
-0.01197208294665
-0.011198982974923
-0.019396278685898
-0.017029327558887
-0.019882216222829
-0.018922474384272
-0.0055302591814745
-0.0076297147285712
-0.0097020904283724
-0.0092150356490742
-0.010192485105228
-0.011323916222388
-0.0086961502362164
-0.0095922269998902
-0.00840507133096
-0.0077784499378274
-0.0094471434403752
-0.013348306686674
-0.012852439976975
-0.012216986567619
-0.016999422941744
-0.017476983981777
-0.014494626925581
-0.019517737838691
-0.015845636160413
-0.018269676593959
-0.018608691729635
-0.015024991836949
-0.020069266279011
-0.017880317017583
-0.011649553418038
-0.013565058982791
-0.012768767005976
-0.017382262201971
-0.017092071817797
-0.01776701117425
-0.015013199567412
-0.012754922722749
-0.015132438898541
-0.0098331502398409
-0.018764890647212
-0.016524263397461
-0.017438179031148
-0.017223173146985
-0.015119358045224
-0.016478366465946
-0.01410151218859
-0.011775767924552
-0.012124177463241
-0.01095005346912
-0.010511570975702
-0.0088297859185104
-0.009513037113024
-0.016179233769224
-0.014732559033047
-0.016250430164997
-0.013138325937341
-0.013761273919417
-0.014901478598918
-0.0093985245610229
-0.013682438716808
-0.011342086847181
-0.010612319468175
-0.011378204713613
-0.010941936162859
-0.01289962629776
-0.0079820727189048
-0.0067810524749829
-0.0063498113539932
-0.0060959465872945
-0.0079848361804849
-0.0092304391073182
-0.0086850815122245
-0.0062378535714982
-0.0080347223984019
-0.0096725014030576
-0.0075545260895422
-0.0083876169510179
-0.0073245842931928
-0.0039495038228587
-0.013058293400813
-0.015979821081954
-0.014583291438922
-0.01358331356705
-0.019034591847249
-0.017839857570162
-0.020652826612281
-0.020244893692395
-0.01251218711077
-0.014978891139981
-0.013098599443935
-0.011026153256068
-0.011212469644666
-0.014070039426513
-0.011882271980412
-0.010409685234764
-0.010678987055587
-0.011863165859123
-0.012803338376299
-0.01779194585148
-0.01973688504084
-0.018573965726727
-0.017651295820998
-0.011777072196938
-0.011095344167151
-0.015912690340784
-0.017788074744084
-0.0088852156264993
-0.013587372649647
-0.013301723263097
-0.011899137167413
-0.01093084548753
-0.0096097647609894
-0.013096752668567
-0.015782269467675
-0.018412545664909
-0.017246544522132
-0.018558190862407
-0.017110823540517
-0.01803608028534
-0.016233103339969
-0.017060373701576
-0.020322271147966
-0.0065927233364668
-0.012720836786121
-0.0099073795018086
-0.010757005108643
-0.010070224724547
-0.019056716766253
-0.016091573769808
-0.020385652071594
-0.018034951766543
-0.018615390364862
-0.017357156832433
-0.020561237930717
-0.015802739347477
-0.017092365697017
-0.018328898063438
-0.01812000043722
-0.0061205293672084
-0.0056365234164379
-0.0070129935588304
-0.0097065448229706
-0.0079760879914669
-0.0073589758864851
-0.0081624826252943
-0.0061277034160746
-0.0081374415061419
-0.0087083986276997
-0.0089004119314258
-0.0090992683588198
-0.0089776722866943
-0.011683199142517
-0.010052140302995
-0.012503603103594
-0.0096240921538619
-0.01596747403357
-0.014137551143114
-0.016059141692456
-0.015965441530767
-0.016559677974873
-0.013051996340752
-0.014604135469728
-0.012483244117512
-0.012303204525083
-0.011080499622347
-0.0087057959648605
-0.010891053865885
-0.010659891006389
-0.0076652657230414
-0.011358457258387
-0.012759548438049
-0.014277509074799
-0.01357297753392
-0.0061098093173066
-0.0059695594117283
-0.007552082631245
-0.0081125341808119
-0.0094961997919044
-0.0067141383739893
-0.0061351868218135
-0.016968607765835
-0.02004500986679
-0.017930275597992
-0.02081094511382
-0.020169467989582
-0.017423736229281
-0.01578773351841
-0.011276129502998
-0.013011934721464
-0.013718916820185
-0.019372900722199
-0.017848587930327
-0.014021394333161
-0.016381795131246
-0.010525825221666
-0.012000917871884
-0.0092624771253884
-0.0086395601407547
-0.0080999627865408
-0.0085732846035007
-0.009502141331042
-0.012498336558375
-0.014361870728518
-0.010448056760905
-0.01253708775617
-0.013856831533434
-0.01262182682399
-0.011052692602454
-0.010615049350197
-0.019291042643116
-0.019288064169469
-0.018409010575635
-0.017286318056789
-0.018539651888887
-0.018843725434444
-0.020977318813049
-0.014291071215738
-0.016648703182238
-0.015531298015188
-0.016166713343644
-0.021168757395204
-0.012693651202323
-0.013211881226513
-0.015042663240071
-0.014430556818611
-0.013597680967692
-0.011452957020843
-0.012050308726161
-0.010678233449256
-0.017484849555021
-0.018988785965261
-0.016310683065564
-0.0061635999913809
-0.0082973258391367
-0.0095191829517505
-0.009269682760091
-0.0095892744202941
-0.010884656730361
-0.0083033031248269
-0.0090353024288263
-0.0095345438915355
-0.010029094494564
-0.01249092708608
-0.012344908856801
-0.011930596863795
-0.01111282890281
-0.016583929346464
-0.016805615933657
-0.017967828809082
-0.015253486950903
-0.013607986111064
-0.018507196434942
-0.015789208452205
-0.019909814918176
-0.01782968958605
-0.015036704961743
-0.018874935802096
-0.012684606158581
-0.010520365354189
-0.013709394962777
-0.019832303196519
-0.017094533244278
-0.017124645381385
-0.019818762134638
-0.015585673626746
-0.015230848416059
-0.013573550303252
-0.014996919501813
-0.013322318010872
-0.019963466327265
-0.016291135873753
-0.018643405647336
-0.018575567412875
-0.014468669564576
-0.013865441373019
-0.01575532224883
-0.01369828502103
-0.011767723877965
-0.011846446128472
-0.011037335948173
-0.011053853227008
-0.0092016254751481
-0.015756406341311
-0.015787247572338
-0.016616115186648
-0.016344041786255
-0.012647198632095
-0.013526453008169
-0.013752676296342
-0.0093596587679285
-0.015024782893178
-0.01405936718085
-0.011253662178829
-0.010894753866767
-0.011395657281663
-0.011139974510994
-0.012546802855311
-0.013792096683678
-0.009102055856146
-0.0082282600761543
-0.0073811081060732
-0.0067779922807948
-0.0099086407973478
-0.0084166497943766
-0.0096481701664994
-0.0088216476731461
-0.0072795971910352
-0.0089724758100266
-0.0052942101895126
-0.013320233389276
-0.012327776259845
-0.015535981239333
-0.013901194030738
-0.013618127259295
-0.012618198008495
-0.01366038475506
-0.016902461056821
-0.019413183270294
-0.0163077753456
-0.019302319109133
-0.018807609091516
-0.012160211250445
-0.012240800315976
-0.014541626671921
-0.013782496953934
-0.0098630438169348
-0.01131503680727
-0.011608244093689
-0.014812401851545
-0.013608432915963
-0.011756448889992
-0.010323428359514
-0.011607842531257
-0.019820658178957
-0.020374470154965
-0.018481359901795
-0.011229328720051
-0.012898766949296
-0.016702265029819
-0.014445196856088
-0.017222485671997
-0.01002999519708
-0.0093308293985491
-0.012856104531666
-0.014737006572582
-0.01503644778865
-0.012602399497365
-0.011085438501585
-0.014707446334799
-0.01925456651968
-0.016963770414714
-0.019067934959467
-0.016513381995201
-0.018142271614224
-0.018688013525736
-0.0069338742067985
-0.012906865772392
-0.011813802555232
-0.0094782376918796
-0.01070997190288
-0.010271091928418
-0.017625858563468
-0.017205281883652
-0.018385192592613
-0.018467578555471
-0.019848167593249
-0.019903944223611
-0.018630626551112
-0.018821010042852
-0.019182282025077
-0.020736179944516
-0.018842578827672
-0.0076818720742487
-0.0098657783422337
-0.0083480344492952
-0.0084601451533938
-0.0069173233805098
-0.0084827802320685
-0.0089703697571169
-0.0093124597236971
-0.011723455455351
-0.010789499056941
-0.012544177862258
-0.0098540680620931
-0.015714738115373
-0.014482454201548
-0.01540240022175
-0.01815733644062
-0.015964967352604
-0.018038178370303
-0.014866322837194
-0.017957415033145
-0.01374325376095
-0.01332722830403
-0.012104994063965
-0.011581002257056
-0.010682274544745
-0.0084709508497333
-0.011094046578706
-0.0099910539244669
-0.0080791962219712
-0.011604044594887
-0.013000534516362
-0.012793360405611
-0.014562982328119
-0.0081890640459853
-0.0080022660440663
-0.0075402231345757
-0.018247700151057
-0.017358169739877
-0.020777462402111
-0.017540789521385
-0.011350014066836
-0.012023395140457
-0.01281527658086
-0.019083246957191
-0.01271664825272
-0.015760149465336
-0.017840547799829
-0.011263496824292
-0.0095561875519495
-0.009720809420609
-0.0087565790966336
-0.0077270122755959
-0.0086623852635215
-0.0090253676835719
-0.0096768902033103
-0.013225865315311
-0.011755833239965
-0.012903847775196
-0.012728706217487
-0.011841619195735
-0.010518474948637
-0.011255457726345
-0.010877207894963
-0.021056211123558
-0.021449027341666
-0.019285921547026
-0.016184304108339
-0.018703411428175
-0.019087123946794
-0.02063586092399
-0.020331835855331
-0.014747441567602
-0.013263639802054
-0.014696444925037
-0.017638797281901
-0.014277924329837
-0.016183025637291
-0.018700337413412
-0.02087011906766
-0.01201233746573
-0.011891222518529
-0.013506864303979
-0.013282925766463
-0.014339360445522
-0.013759965460274
-0.014716628310281
-0.012095941947436
-0.011046044685195
-0.011187340449116
-0.010945829121777
-0.016078508753867
-0.018445683465584
-0.017553796521456
-0.016670520349756
-0.015500532714252
-0.010702383127714
-0.010244191110953
-0.0097950009885307
-0.010332306199101
-0.0087616172256819
-0.0090998322984511
-0.0099030731383331
-0.01295670720152
-0.012924867187467
-0.012400027907537
-0.011058892917804
-0.01097645343584
-0.015020380750136
-0.01658465433128
-0.016116978745558
-0.014540330173257
-0.014127921476792
-0.016782440583979
-0.017890134895195
-0.017844764714033
-0.014677178314964
-0.020189383158118
-0.012131804888634
-0.010951870111351
-0.012510110033472
-0.02037757113965
-0.018883491755587
-0.019574792864173
-0.020160131752101
-0.015696073958121
-0.014714562809959
-0.016092025597912
-0.012876600526808
-0.01342516146786
-0.02025141943404
-0.015541739129084
-0.01735770848056
-0.017462859781358
-0.014280361582876
-0.014967676222207
-0.013644159545397
-0.016179936892477
-0.014117022221579
-0.011909100997903
-0.010708595348904
-0.011290900130044
-0.010171830657345
-0.015456355809593
-0.014786610830678
-0.018021823873466
-0.015575270363724
-0.015774877401563
-0.013466914315364
-0.012134857111233
-0.013793186428811
-0.010056127041243
-0.014668834468743
-0.012496577678431
-0.013791320775973
-0.011230735467316
-0.01158926476394
-0.011878641258056
-0.012890319554765
-0.0086616374802663
-0.007910523994327
-0.010293486961735
-0.0093064268127294
-0.0096321945306108
-0.0086110455367219
-0.009107427275188
-0.0080071829297509
-0.011989737700115
-0.011931615046623
-0.014885303093851
-0.013744577546104
-0.014027038741153
-0.012421032072752
-0.012176863359965
-0.012878547660136
-0.016716592071577
-0.01721789548102
-0.020389022296054
-0.01988773743947
-0.012513531713942
-0.011863395588949
-0.014109998846082
-0.01302620376613
-0.013825414968489
-0.010559036577896
-0.010940113197453
-0.010947927442589
-0.013927653340265
-0.012519244191554
-0.010486494916915
-0.01161277386199
-0.017605781329439
-0.020260569250008
-0.017102980969412
-0.012738093275921
-0.012790031777846
-0.018673352730677
-0.015990457568386
-0.017716929337733
-0.019433638776532
-0.011121774610845
-0.010315709069764
-0.01468870139413
-0.013940527858075
-0.015024350587094
-0.012463858565218
-0.011493817756756
-0.015106051481257
-0.019913757412743
-0.018321495983169
-0.020008090342268
-0.017237658585705
-0.020037446734792
-0.01804520469078
-0.013424587161173
-0.012342916921534
-0.011828687328875
-0.011920393780618
-0.0097628683339502
-0.010271732877399
-0.010818559603026
-0.019579149498539
-0.017075395297391
-0.020690437509891
-0.020241047647467
-0.01994731329843
-0.020687578671635
-0.020804639313218
-0.01867740240308
-0.017932214732975
-0.010301779598679
-0.0091740585478336
-0.0075388398777621
-0.0087202674878318
-0.0084653588773433
-0.0090082317450074
-0.0098510550742548
-0.012075421912707
-0.010610281998574
-0.010659268511361
-0.013638756355508
-0.014424125629701
-0.014465192009636
-0.015403044878047
-0.017924007910153
-0.015551189801324
-0.014436138125434
-0.017970687637237
-0.015014620915787
-0.01724330470957
-0.013065241465761
-0.011254095773184
-0.012202711722149
-0.011773684051463
-0.011033669807891
-0.012163019420688
-0.008928689995381
-0.012455237982366
-0.013208673340758
-0.013516150244422
-0.013397102810412
-0.014501968323777
-0.0090622568121317
-0.009100490278859
-0.0083115069060195
-0.019748187400196
-0.018083826532144
-0.020500080974947
-0.018277951897662
-0.017607144785938
-0.01035694877981
-0.011157580279441
-0.011372358470918
-0.011917775642826
-0.012159231688176
-0.020179051645157
-0.0123162357159
-0.013779966402168
-0.017715664445976
-0.014808816124125
-0.011200229787935
-0.010966200925316
-0.01000890516974
-0.0097041995109636
-0.0092630935917751
-0.0092179895793596
-0.0096647276635731
-0.011398729373898
-0.013643022326461
-0.012855823394436
-0.012804746772585
-0.011959655995125
-0.010998370746041
-0.021283541884872
-0.020288165634695
-0.01493508128305
-0.017979616846361
-0.019406018878274
-0.018106012837043
-0.014490269761395
-0.015524947909294
-0.013184559074851
-0.012236662251479
-0.013061501170849
-0.018920656171644
-0.016663424605773
-0.014683435854958
-0.015363057972413
-0.012267136695124
-0.011326504226308
-0.011149952844803
-0.012184787148681
-0.012569395753383
-0.012462177859923
-0.012604795371966
-0.013701755165062
-0.011728062401248
-0.010681045339371
-0.011087220772901
-0.010806798935289
-0.010145392990935
-0.010822411336226
-0.01640900857256
-0.015305733493918
-0.014942795239139
-0.015627041817203
-0.010430780025845
-0.0099501427783329
-0.010486180195746
-0.0097620998477162
-0.0087760673293015
-0.0097401725971093
-0.012984122796722
-0.01191700787588
-0.011116336619449
-0.010856146173313
-0.013592330899001
-0.014435386170203
-0.015712559802883
-0.014109769565898
-0.013685778468869
-0.015111170138175
-0.016011927663724
-0.018675282943148
-0.01776392726306
-0.014264681579732
-0.01215887799956
-0.012195440137628
-0.010767227231639
-0.012683748052783
-0.020606405726548
-0.020313690262411
-0.017759917865237
-0.020237072303491
-0.014719347474662
-0.016556467225257
-0.014969377701139
-0.012753679445098
-0.013506879870867
-0.014726916780822
-0.018163118248971
-0.015687319677736
-0.018556300999587
-0.014329409999972
-0.015132974071631
-0.013094054244922
-0.016069153546183
-0.013638986345564
-0.010775215776611
-0.01115658270567
-0.014572460114066
-0.014797345187938
-0.018680977301442
-0.015315656780323
-0.015887417019141
-0.012589280628589
-0.011711059081577
-0.010028790743039
-0.013079514069232
-0.013864002529571
-0.015999475389053
-0.012977646595469
-0.011559296260833
-0.011317601756935
-0.011782367780066
-0.011283165214842
-0.0088219465105281
-0.0081622439578707
-0.010485361822366
-0.0091922877248385
-0.0099034828120348
-0.0091999057767818
-0.0093889456747925
-0.011205799872808
-0.011908196073296
-0.013190933497685
-0.012501734380235
-0.012332309824931
-0.01163711270029
-0.011172654923389
-0.012090276741379
-0.016185921173364
-0.016332132118182
-0.017324123873688
-0.019697582209128
-0.012080272720265
-0.011190969668808
-0.014755634687214
-0.013288475222599
-0.013276328757159
-0.010368727479332
-0.014616223766937
-0.012065180737363
-0.012392783469932
-0.011481383174111
-0.010927835311176
-0.012007669718017
-0.011580568880245
-0.018078543304617
-0.018011819985472
-0.017644145320107
-0.01607983370756
-0.020066868389149
-0.020438064100674
-0.011630550139974
-0.010355914645355
-0.014793804155414
-0.014610380818601
-0.016205015385282
-0.013268202629454
-0.015132137643919
-0.017714355980867
-0.02011456147023
-0.020457104496721
-0.018887955870532
-0.018884920204691
-0.013104505488482
-0.012517033382821
-0.011951711865471
-0.011138530897894
-0.010044996413537
-0.0095788420026204
-0.011097679940246
-0.018937262090235
-0.016228491010653
-0.018915597098671
-0.020159954294002
-0.020076783544863
-0.019206165989807
-0.020338917156312
-0.020608368579951
-0.018557898180401
-0.0089666829500256
-0.0093482359731783
-0.0092790122036705
-0.0094678800312935
-0.0098040548264562
-0.012222768440091
-0.010584486577861
-0.010412855595648
-0.012854301527598
-0.014929303438462
-0.01336094630379
-0.015583046231174
-0.01638412900939
-0.018614222700989
-0.01551663228595
-0.013983227180254
-0.017988652525453
-0.014158136456057
-0.016008340553431
-0.014148142151628
-0.018535281253454
-0.012305296663605
-0.011388672492295
-0.011776466534931
-0.011567126754264
-0.011192252111573
-0.012278172828874
-0.013113541956116
-0.012309346673801
-0.014819537142134
-0.014200741505858
-0.014742968284559
-0.0097467311388288
-0.019370425913788
-0.016150639873649
-0.019501678417657
-0.010989867587066
-0.010955147895312
-0.011112392565084
-0.0111609477793
-0.011183422699838
-0.011241950784438
-0.011373095480556
-0.012307563383605
-0.01404227433969
-0.012612370919616
-0.016797411077404
-0.015648475996263
-0.011422922836176
-0.010260820602273
-0.0094392607110438
-0.0093800420769374
-0.011081245154576
-0.013288286649077
-0.012130973619089
-0.013457783500515
-0.012334128934975
-0.011631213010984
-0.011284399975889
-0.010520353965734
-0.020239270835166
-0.021528131661339
-0.013003250786469
-0.01542890717827
-0.017507057069137
-0.01782621006383
-0.018487983725235
-0.014354088036393
-0.014748260047828
-0.012367418744157
-0.011511422569507
-0.012110174990735
-0.012350483666686
-0.019366713965745
-0.017565339903707
-0.014343833016863
-0.016775459704404
-0.01164472045542
-0.010946854228384
-0.010457255531249
-0.010974335583564
-0.011351251275059
-0.01333612568144
-0.01089159616824
-0.011540094351978
-0.014323275709364
-0.01188860071132
-0.011029250655046
-0.010295159868007
-0.010634135645853
-0.01045415381082
-0.010933965741577
-0.010358097651892
-0.010218439202835
-0.01647573555764
-0.014132379847036
-0.013041412237865
-0.013351205196238
-0.010157313312335
-0.010937441332691
-0.00984316038343
-0.010469995226935
-0.0097943485102478
-0.009529693815191
-0.011830713533444
-0.013132253669003
-0.011278228251786
-0.01196044372836
-0.010672114493016
-0.010693553746792
-0.012271598473924
-0.014004367450303
-0.016633198190488
-0.013232399943527
-0.013809090263446
-0.016105663155916
-0.018643814400329
-0.016726619560993
-0.014732692436727
-0.011368722685784
-0.012627393339056
-0.011927888287068
-0.010611156396341
-0.012862666456151
-0.018578432385266
-0.020014440274409
-0.018304543367798
-0.015839910606611
-0.014122749787638
-0.017333531014953
-0.014148861373003
-0.015937472895613
-0.013535761326942
-0.012034597425855
-0.013260192413914
-0.015316387823019
-0.016854135804961
-0.018822624470656
-0.01899844712765
-0.013353342880124
-0.014478733653939
-0.012405963020875
-0.014746188605468
-0.013519387630849
-0.011270006792265
-0.014100372513096
-0.014973181324399
-0.014654461022078
-0.017059157366425
-0.015525291479236
-0.015184749380413
-0.012530971428853
-0.010136549542034
-0.011917060025291
-0.012786510577148
-0.016012291649024
-0.016789549267809
-0.011880507726652
-0.012602181178534
-0.010963056154372
-0.010721818588904
-0.011079211877828
-0.011205257063751
-0.0090009573097669
-0.0088583856587289
-0.0093424984289517
-0.0095092130319591
-0.010323396306333
-0.0096983274387289
-0.0095743722148212
-0.0096139482135198
-0.010798499830742
-0.011255198508797
-0.0122742875187
-0.013537224407266
-0.011759186272861
-0.011216008513192
-0.011702417128259
-0.010710462877084
-0.01054715563571
-0.011553464180499
-0.016013933786007
-0.016360764453504
-0.017171614220477
-0.010742682820634
-0.010899065506908
-0.013940944031853
-0.013251869525839
-0.013427255855742
-0.013345068771721
-0.011402693860985
-0.011895053543675
-0.011644016783725
-0.010876239738132
-0.010981729205482
-0.011599165034905
-0.016970486071985
-0.018024116268352
-0.016760212617337
-0.018477333931542
-0.018437315973764
-0.015953513299546
-0.020400666462126
-0.010456821060433
-0.016168343445684
-0.014839129156743
-0.01657597800463
-0.012678868476765
-0.016229325348512
-0.018144321558123
-0.019591602944055
-0.018881522605172
-0.017664980413722
-0.017638142964194
-0.020047606634019
-0.012398381420157
-0.012126341761363
-0.012849253209036
-0.011295851487387
-0.011285874392666
-0.01037442367085
-0.010411270417548
-0.018541500836364
-0.015725608267804
-0.02044615205084
-0.019811852710932
-0.020444059778062
-0.020430020620276
-0.019906738301986
-0.009754814758555
-0.0094538282238447
-0.0091598058378393
-0.0091890014883648
-0.010089524366289
-0.010044299232674
-0.010646645210903
-0.010937986282506
-0.013614069156086
-0.013071775244184
-0.014236388988183
-0.01683165989896
-0.019980662551474
-0.014099828620398
-0.014130351541463
-0.016304549577593
-0.013583246286959
-0.019902867155298
-0.013250931510103
-0.014053217491506
-0.016380225187096
-0.017223811606271
-0.019979348479165
-0.012120233609014
-0.011397483137362
-0.011140848881989
-0.011029941253641
-0.011933605178411
-0.013195675284186
-0.012030955396691
-0.014387390139946
-0.014738519084886
-0.010162550908163
-0.016102319412748
-0.017745848522625
-0.010238261263392
-0.010986776055903
-0.010634866440547
-0.010583588393529
-0.010694457385335
-0.010506942316832
-0.01035720083852
-0.0098996816407152
-0.011247212695023
-0.010619095638731
-0.013252695920597
-0.012751008067477
-0.011514300652907
-0.01385428622104
-0.010251901149917
-0.0095794402143016
-0.0096867698962114
-0.010410672439781
-0.010955788158732
-0.011035760752189
-0.012998965248218
-0.011848035389003
-0.012507687980803
-0.01182321093976
-0.011729239241109
-0.011332529189347
-0.011303032418205
-0.010512843681057
-0.021260247778197
-0.021350653645507
-0.011954301522768
-0.014525102205874
-0.017272986485623
-0.018600357808548
-0.017532109850895
-0.013289117737151
-0.016667950070205
-0.013377325751886
-0.011932205299112
-0.011284662791207
-0.011209327507516
-0.016244727068355
-0.013535232423154
-0.011048917381312
-0.01046270971695
-0.0098153669131348
-0.010166262368863
-0.010394865479777
-0.010394964569225
-0.011510859324246
-0.010748209270716
-0.012905336210031
-0.0094632947287215
-0.013252283081128
-0.010498816362125
-0.010296655142136
-0.010047160359578
-0.010216793546232
-0.0099543969595589
-0.010321472578234
-0.0097572569063026
-0.010142240720567
-0.014033328975516
-0.012755626089363
-0.01253520515884
-0.012789661692406
-0.010289794635245
-0.011413801268997
-0.0099368089740026
-0.0099445889345232
-0.010213926032591
-0.011631795405781
-0.012374590994972
-0.011250254323651
-0.011226889419712
-0.010371879081617
-0.010137590973706
-0.010112051661311
-0.014380461755702
-0.011144216489893
-0.014823978422474
-0.013213498766572
-0.016803380065861
-0.011471829806137
-0.011938678413961
-0.012697887993593
-0.010780767477261
-0.012903855836231
-0.019173490550662
-0.017145309337602
-0.018888714001627
-0.014229603809987
-0.013652788309101
-0.016344755086487
-0.014877913060195
-0.012850133786718
-0.014245622295815
-0.011842006266355
-0.012434704012261
-0.013921682401139
-0.017048064537565
-0.017706676312959
-0.012906679566494
-0.013986901447824
-0.014716971147501
-0.012054526089087
-0.011865504759289
-0.013227081648021
-0.014644767305124
-0.014063911198879
-0.015278408233502
-0.0099951417342284
-0.011008632850322
-0.011891183564212
-0.015953826252531
-0.017027592890044
-0.01169709475275
-0.011762973860137
-0.010767471716458
-0.010910585816634
-0.010308315564587
-0.010151926332577
-0.0095619844776797
-0.0096720391905586
-0.0096214192608621
-0.010006845799622
-0.01007498622403
-0.0097184379197323
-0.0097776027654628
-0.0095572959473541
-0.010255260420982
-0.011544574381719
-0.010721906019894
-0.012693382390182
-0.01284625179182
-0.0112168320517
-0.01028495442683
-0.0104929371733
-0.010014119091851
-0.0097001309673264
-0.0096570146069319
-0.010364210796833
-0.013924428190348
-0.013601971814172
-0.01740614098867
-0.010502879739088
-0.01014851102681
-0.013290528448577
-0.012128984078473
-0.010863930357765
-0.010695805181547
-0.011535608184311
-0.011443007095479
-0.011474072204267
-0.010335841347257
-0.011023178983561
-0.014242460747323
-0.015966850172961
-0.019468347956331
-0.017485230961109
-0.015231633593209
-0.018775992515068
-0.011171205126705
-0.015433974529735
-0.014604494664854
-0.015123694248944
-0.012488430591331
-0.013200573579031
-0.016739253197457
-0.019643686275644
-0.019976387655443
-0.018454862049364
-0.019828700557597
-0.012466189617514
-0.011773560898839
-0.012193356908132
-0.010471080326593
-0.010485000466404
-0.016817425952783
-0.019942708680534
-0.015334022143171
-0.020779902838367
-0.016727251212847
-0.017537295564002
-0.0099923080564494
-0.0097715636174247
-0.009775492258672
-0.009980492837694
-0.010316590445023
-0.0097661771907843
-0.0099313849029981
-0.010269605525447
-0.010822529767932
-0.010841753534263
-0.010592912119687
-0.012794169089578
-0.012519797635445
-0.014236388323361
-0.016393401742429
-0.017597858609292
-0.012738020781073
-0.014293569689232
-0.012969078254417
-0.01388524266448
-0.01549522322025
-0.017078328146947
-0.013369530858686
-0.013522922839893
-0.014749504073976
-0.013513456912041
-0.018029984106845
-0.01618261103285
-0.011200157761664
-0.012118412444398
-0.011197007821809
-0.010926509632946
-0.011760396668564
-0.011049422342353
-0.011982228119514
-0.012764370222341
-0.013411016714091
-0.010460531622461
-0.0154160654628
-0.010330923411646
-0.010490125636313
-0.01032196824455
-0.01008480422044
-0.010365779948503
-0.010216817618932
-0.010374121546038
-0.0097231998422698
-0.0095045760004423
-0.0084470452227637
-0.0092147967533385
-0.0093728713254871
-0.0102688069158
-0.012126709941107
-0.01175680599612
-0.011838018570723
-0.0092315634257249
-0.01279918616113
-0.010075562022284
-0.0098713464425451
-0.010339784124427
-0.010063736253988
-0.010983236920134
-0.012462133313911
-0.011565574017285
-0.011765560496995
-0.011896979012801
-0.011196205789505
-0.010663423755444
-0.0099869695211307
-0.012083011459426
-0.0096460252882085
-0.013599243127112
-0.014065128656972
-0.018070794608749
-0.014805779270332
-0.012432531621133
-0.016547609377807
-0.013068886464448
-0.011479716659349
-0.0094811285649562
-0.01549412927667
-0.013399637892239
-0.010938623520424
-0.0099939422567076
-0.0094721019478584
-0.009524275860377
-0.010097835535747
-0.0097041727942503
-0.0096902560445357
-0.008951023836525
-0.0096713800322443
-0.011200790806929
-0.010848536025618
-0.013807611253862
-0.0083372178173641
-0.01341827788186
-0.010841737292418
-0.0098069453214021
-0.0094025799417144
-0.0096613059213905
-0.009585098317206
-0.0099210944541195
-0.010296043927257
-0.011997090623656
-0.010323565313664
-0.010186658895304
-0.010885602667113
-0.011152562538278
-0.0096287617395497
-0.0097087055452505
-0.0096508556008913
-0.01004737437493
-0.011844411202596
-0.01161245350316
-0.010837179733527
-0.01000236270939
-0.010493624338554
-0.0089079379630338
-0.014120031289319
-0.0095446047190461
-0.011414083858672
-0.014160378645232
-0.012151220054815
-0.014768540975296
-0.017342821070598
-0.011541027443986
-0.011714768271622
-0.011056020553774
-0.012745195203412
-0.016874150552391
-0.016196557358507
-0.016584056745927
-0.014739650135636
-0.013665095514101
-0.01627436762169
-0.014464684420246
-0.012009686489724
-0.012228477220474
-0.013543067672067
-0.017247675670112
-0.015670727929178
-0.015785423101729
-0.013777915966961
-0.013206944884267
-0.011756405793907
-0.012304944108829
-0.012864689138006
-0.012918261151824
-0.013726721541723
-0.010932607339103
-0.0099316471617843
-0.011230815140656
-0.014089633812632
-0.01031323190629
-0.01032719740037
-0.0099701775753542
-0.010067249400028
-0.0096279088219052
-0.0095229655767816
-0.0098478792748512
-0.0098612572450835
-0.0098885083003203
-0.010151199065058
-0.0097054292788163
-0.0094915401369505
-0.0096974665775591
-0.0098609948768544
-0.0098274705471656
-0.011666297104455
-0.0089020887158396
-0.01151325678834
-0.0092962276914637
-0.0091570432107063
-0.0088147004157164
-0.0082045390790345
-0.0092759250224107
-0.0086516429247938
-0.0091269421661279
-0.0096407030071572
-0.012899355374985
-0.012851213266001
-0.016690301665012
-0.016496935867906
-0.010412955083068
-0.010006245848214
-0.012161203495388
-0.01183570432179
-0.010128475978903
-0.010045874049309
-0.010034949396167
-0.0096388158202949
-0.0097087218291912
-0.013339974409272
-0.014065046724846
-0.01770545185705
-0.016478443896766
-0.014853722851511
-0.019842097970553
-0.014675140586702
-0.014109692316101
-0.015439820229302
-0.012562902840231
-0.012712017587709
-0.015543796635261
-0.017380047006077
-0.016732801887891
-0.017323656624277
-0.011605710950994
-0.011273498864628
-0.01220179233749
-0.010247926732446
-0.010399385774833
-0.016682738165537
-0.017891746719357
-0.014438267548249
-0.017874496057323
-0.016886891960518
-0.017743480539922
-0.010844543677206
-0.010314383422558
-0.0097312382479571
-0.0097949004007313
-0.0099753243914496
-0.0099609432707167
-0.010249556185142
-0.01055519164419
-0.010523173003473
-0.010464001833136
-0.011660800730885
-0.01192740055116
-0.011644033757005
-0.012811339539932
-0.015417243081344
-0.017707107475215
-0.011694889992611
-0.016020920874911
-0.012398229269242
-0.011725112528959
-0.01253492195217
-0.013741817605377
-0.014963973154755
-0.017381560539762
-0.012271524540468
-0.013087819328522
-0.014590864063489
-0.012654698001324
-0.018029351357719
-0.015802331161359
-0.010665416475818
-0.011198013798962
-0.010584650156629
-0.010927048994747
-0.011583675738027
-0.012053569703267
-0.013399830071579
-0.012857064340629
-0.013277251443566
-0.010204443702604
-0.010150632583059
-0.0099480274001286
-0.010190533235978
-0.010177659087447
-0.009519550598738
-0.0097671947045076
-0.0094870326054079
-0.0093081425326543
-0.0085012274288113
-0.0067420099381181
-0.0079827709661013
-0.0091174482730742
-0.0074220739849695
-0.0077398999694192
-0.0079198943710172
-0.010732372153906
-0.010664530397743
-0.0095449226194147
-0.0097000606651231
-0.0085205066836004
-0.0079094221369688
-0.010094276863267
-0.0094105451423321
-0.0097284441089271
-0.010397194474948
-0.010061038529514
-0.012067701812187
-0.01085976112237
-0.010738506787106
-0.010454422883135
-0.0098538943510382
-0.0087344015785129
-0.012258306460685
-0.01245472341545
-0.014041273101152
-0.014335067106824
-0.01212067327703
-0.017007371055203
-0.010079524769168
-0.0091634789097199
-0.015672503272218
-0.012786039177038
-0.012348515845457
-0.0099158393059681
-0.0094206897570639
-0.0093915749817756
-0.0083796929745468
-0.0087817613443405
-0.0089004972723573
-0.0086218102011769
-0.0079459800482376
-0.0083025210127781
-0.0083015245224694
-0.0095438613380723
-0.0088534853742283
-0.010055621752132
-0.0094758755292739
-0.012627588664029
-0.0076384691347541
-0.0068604751582538
-0.010672849932514
-0.009580566009637
-0.0088982512557489
-0.0088259470134548
-0.0090429000501685
-0.0098054678170027
-0.0087225577698381
-0.010194941150084
-0.0089933387827294
-0.010423198200795
-0.011031445637108
-0.0091481278915926
-0.0095731574730844
-0.0096863443361528
-0.0093941201959636
-0.010015139876008
-0.011451273187831
-0.0094994136693362
-0.0095023284150519
-0.010169643956673
-0.010134054482846
-0.0076369221756588
-0.008761443571818
-0.0083570369719532
-0.010380316681017
-0.012279730122672
-0.014664580245726
-0.011702339845165
-0.011035417528821
-0.011937611014368
-0.017315461676047
-0.015068315677468
-0.016772445171388
-0.013727774582241
-0.012758717872555
-0.014788700724616
-0.013673285039062
-0.012081169535532
-0.012092604871374
-0.011615754058339
-0.013773493363413
-0.012695406297155
-0.015354373792204
-0.014896938482019
-0.012376971181511
-0.013732645807441
-0.010690879702661
-0.011880778019881
-0.012557446582269
-0.011996041435502
-0.0098074987725246
-0.0093073336668923
-0.010346217886051
-0.01252783705486
-0.009859687910841
-0.0099216647555363
-0.0097211985669326
-0.0090282304456852
-0.0094738986501963
-0.0097665838572277
-0.0096938009774849
-0.0098333272881882
-0.0097998949989805
-0.0095542489942832
-0.0098235614645006
-0.010258730665552
-0.0096662129774134
-0.0092748058768588
-0.0094766284765589
-0.0098320228328036
-0.0085805144665165
-0.0099822275443689
-0.0081365602158949
-0.0092634639972219
-0.01187019585795
-0.0082723008979454
-0.0082257836265052
-0.0079577968945282
-0.0073634460542087
-0.0075368921464179
-0.0082554648089541
-0.0077586219266628
-0.0083327870268796
-0.009332441145351
-0.0086603093223385
-0.011636353311782
-0.011723170450493
-0.014004185801343
-0.013601909307302
-0.0099941062690312
-0.0093543163804326
-0.0096158934819035
-0.01016607347027
-0.0090774139032751
-0.009202410210173
-0.0092226219301009
-0.011895086751471
-0.013041085361069
-0.015994198984107
-0.015041506925457
-0.017479041225409
-0.014706354668062
-0.014137634192017
-0.013366189477699
-0.014837698289763
-0.012850095988174
-0.011669964853324
-0.015823147588877
-0.015036317537381
-0.017576193324683
-0.016538272581217
-0.017699330965099
-0.011578286856412
-0.011669539688644
-0.01051245337103
-0.0106678624638
-0.017774773652024
-0.013618252528697
-0.018191958809412
-0.016309007114426
-0.010494923631563
-0.0098549612301484
-0.0099175548021539
-0.0097858102477595
-0.010050944849986
-0.010052168586112
-0.010365725303196
-0.010140656710076
-0.011009713860731
-0.011006935887813
-0.010960140009968
-0.012911518383867
-0.011717740999703
-0.015613498964479
-0.017065964715839
-0.011397543941037
-0.010688581244176
-0.015672280271374
-0.012147452272966
-0.010972595315644
-0.011125128126073
-0.012233593966748
-0.0130496083768
-0.016188957686942
-0.016281032856904
-0.01151549496343
-0.012379553234513
-0.01332058327305
-0.012592338281456
-0.016759295612509
-0.013923518028649
-0.010049652207986
-0.010122004635688
-0.01063520189041
-0.010926924207565
-0.010356518842078
-0.010639123396497
-0.010951607070492
-0.011319313554911
-0.012772148250259
-0.012401970081979
-0.010026842472536
-0.0094422407700303
-0.0097819201374633
-0.0097391792524772
-0.0088762225414761
-0.0083202313235247
-0.0081652273249142
-0.0076848556397683
-0.0053464615749916
-0.0060789537775933
-0.00618383187288
-0.0079034731338655
-0.0064284648208765
-0.0065890884263812
-0.0066943646938739
-0.0070737360249167
-0.0079664356336936
-0.0092507788011445
-0.008704057939617
-0.0085274473469342
-0.0075514655632295
-0.0071912512530514
-0.0074723559204113
-0.0050235485603383
-0.0089682437086501
-0.0088234516203589
-0.0095304753458058
-0.010001548895583
-0.0097373611991925
-0.010905314552231
-0.01015142322331
-0.010379964691189
-0.0094752089684229
-0.0092022827521575
-0.0081226091775647
-0.010759252667507
-0.010282758747083
-0.012836575564947
-0.014564526770793
-0.010612487620197
-0.0099215524652539
-0.008663562954317
-0.013851737061888
-0.016373576886499
-0.011237322395441
-0.010794743896036
-0.0092277628898847
-0.0095390549470126
-0.010110286964419
-0.0088924373807987
-0.0081550433841552
-0.0078491036299236
-0.0083634694183134
-0.008529409523487
-0.0088526838014908
-0.0070991847246663
-0.0076389731269594
-0.0077814079482774
-0.0072772126914381
-0.0079120793263496
-0.0083274004381232
-0.0084679764994408
-0.010950740894878
-0.0083249601314192
-0.010089370050191
-0.014143295267545
-0.0060853504702248
-0.0068229304821571
-0.005609792417525
-0.0090670269096368
-0.0089688876024365
-0.0080642493360045
-0.0089666190146598
-0.0085027590897455
-0.0093422371605589
-0.0080951302756171
-0.0096923183093698
-0.0077510249613673
-0.010407488013095
-0.010633775431865
-0.0090628103410349
-0.0092063361006368
-0.0093296116423723
-0.009301030145997
-0.009687685946135
-0.010858228862971
-0.0088700708585271
-0.0094735699924152
-0.0087820018000501
-0.0096403862570348
-0.010299626907969
-0.0098660768460745
-0.0059205964820321
-0.0076180959659639
-0.0081382773621265
-0.0067088072437942
-0.0091537655912749
-0.011346179716877
-0.011290817967983
-0.011366170842281
-0.012024920946494
-0.01577363646902
-0.014879571193264
-0.01322634840049
-0.012605643620704
-0.011713054166053
-0.013655490169814
-0.013017312146042
-0.011276555149328
-0.012603336957093
-0.011833348572412
-0.011122821643949
-0.013257705049588
-0.012835741735997
-0.012447551568807
-0.01454729462998
-0.012666111050969
-0.011880824361045
-0.012567093612706
-0.010577087714226
-0.011886808506976
-0.011754331741821
-0.0089905921259423
-0.007985007319776
-0.011983971154657
-0.0091304275774725
-0.0092329070830654
-0.0089765079124851
-0.0081421936749187
-0.0089754148979062
-0.0095313022666572
-0.0094117014318258
-0.0093674299885567
-0.0097497036765437
-0.010248951951506
-0.0095623279496218
-0.0093635968726519
-0.0093980882784025
-0.0074400847436289
-0.0088481858248664
-0.0094736653290785
-0.0071760140586174
-0.0068188195244349
-0.0092226656956639
-0.007649723939624
-0.0069899405923935
-0.0080427016399508
-0.0067650764168364
-0.0054802535927903
-0.0057854771067747
-0.0077056747458361
-0.007768713577678
-0.0067914154464886
-0.0072752686825118
-0.0079321499091806
-0.0085111478198271
-0.0086756700291081
-0.010180582004732
-0.010070608833741
-0.013397232256327
-0.012744152426772
-0.012973743563416
-0.0092433606991019
-0.0082278820401392
-0.0088212456383797
-0.0098132677571904
-0.0092584556851998
-0.0085699681984535
-0.0091865908963153
-0.0080486260925379
-0.010407649117203
-0.012149779359182
-0.016603270389962
-0.013723220650562
-0.013399236955606
-0.015717566543479
-0.017614158285928
-0.012986591265187
-0.014464746163577
-0.013655084964461
-0.012314327414767
-0.011411627810384
-0.014601153235773
-0.014954389000088
-0.016879972159455
-0.015096543371552
-0.015923470737548
-0.011022665008161
-0.01165151104462
-0.010029884438235
-0.010497617411984
-0.015396596704478
-0.013305849170634
-0.01389210581919
-0.010670456669269
-0.009772078641233
-0.0095234109648424
-0.0096186547503938
-0.0099882316516241
-0.010185301997388
-0.010399933146684
-0.010698788282635
-0.011904824657886
-0.011266856992908
-0.013572114475885
-0.014435921190574
-0.010478912999468
-0.010322460492554
-0.010213800732006
-0.01343018611112
-0.010183762499147
-0.011468456848411
-0.010274224926782
-0.010570683680544
-0.010238107908934
-0.011698363033744
-0.011471171779541
-0.013998022928805
-0.013039948243032
-0.014081312244445
-0.010494095916918
-0.011885961855254
-0.01130799444454
-0.012386206017837
-0.014659401702168
-0.01292750993666
-0.0098007843885398
-0.0095613398128701
-0.0095373759962876
-0.010170414641735
-0.010197299992236
-0.010415227414632
-0.011404364067642
-0.011056190912212
-0.011570174991802
-0.012125675708554
-0.0096143839674088
-0.0090305681449068
-0.0095393898615932
-0.0080388170807853
-0.0077889557141364
-0.0063798906493207
-0.0042670686334787
-0.0054881797422309
-0.0043343591044293
-0.0040376001724201
-0.0050951962937057
-0.0073412431638015
-0.0041953847512584
-0.0059596468747413
-0.0076101983748689
-0.0042958433341668
-0.0070621725489957
-0.0044711997477859
-0.0068260057456421
-0.0067120700977922
-0.0073759022617055
-0.0093819380920195
-0.0054646359947948
-0.0045941925115179
-0.0069965920105861
-0.004144589238094
-0.0040199189715261
-0.0027231416301982
-0.0034928774143076
-0.0080746068732453
-0.0086792359572994
-0.0092382648526734
-0.0095986847863384
-0.0097168460944885
-0.009312627127487
-0.0098815523847573
-0.0085503293381599
-0.0083850045391259
-0.0082089241400317
-0.0066947444861309
-0.0096008153512344
-0.010959745310652
-0.013998591319785
-0.0096200956603701
-0.0073982710358021
-0.012690849306732
-0.013482425554084
-0.010762232315694
-0.010525689974497
-0.0085673408246808
-0.0093698824077612
-0.0094659784927191
-0.0084866894996465
-0.0097522264605912
-0.0083752143646003
-0.0073940856585338
-0.0078485922571067
-0.0072160622567414
-0.007864109306147
-0.00541137692202
-0.0060067674143417
-0.0063212169699184
-0.0064893585861296
-0.0070639264534406
-0.0068081564510909
-0.0095356049078272
-0.0068006179492524
-0.010810257133736
-0.0063757468554038
-0.009293585755841
-0.009537208381994
-0.012101037444423
-0.0049879987043852
-0.0069521444355253
-0.005270921504654
-0.0046431952756292
-0.0046129985794408
-0.0079401866889585
-0.0085563410866163
-0.0076230607341232
-0.0090157371663016
-0.0086083496030036
-0.0048291664519455
-0.0082792343440889
-0.005964265503466
-0.010734763154315
-0.0082390961825274
-0.0086513525259035
-0.0087433659326456
-0.0089061369624729
-0.009338869086284
-0.009661501064183
-0.011109953490846
-0.0091983230472358
-0.0086475213066222
-0.0098411961928698
-0.010099071011508
-0.0040799952648975
-0.0054430985265214
-0.0072013013068079
-0.0068727640528967
-0.0050071495060251
-0.0049833044835864
-0.0099190764915171
-0.011295144569102
-0.011398296072471
-0.01118725967975
-0.014168712285023
-0.011187101476015
-0.011778716295048
-0.011627481870288
-0.010888278704018
-0.011377885429174
-0.012793305115118
-0.011423128525091
-0.012221977569543
-0.010913318064665
-0.010540604859742
-0.01048184494081
-0.012876445240396
-0.011744213460698
-0.012728595069808
-0.011196242478366
-0.012582332047312
-0.012490039434315
-0.011460420568271
-0.010633632693543
-0.0095557993858895
-0.0077061883840816
-0.007721713795527
-0.0090732856652548
-0.007963011076656
-0.0088591855676671
-0.0092835636302353
-0.010465366000267
-0.0093999127047277
-0.0088841591082018
-0.0055265261843017
-0.0076612428083166
-0.0053775991375347
-0.0053081339621998
-0.0081491667012601
-0.0088237099389009
-0.0072183627309856
-0.0057875319150949
-0.0058283227031111
-0.0070138229933439
-0.0064339954600935
-0.005234970720954
-0.0039947284291625
-0.004923023994625
-0.0039163076650536
-0.0069045675959261
-0.0071586318607266
-0.0052514877589192
-0.0063158156280534
-0.0079445015477452
-0.0073225750819662
-0.0097884299345013
-0.0088354900432556
-0.012391334493502
-0.011939254697426
-0.0072243549571783
-0.0089416226892859
-0.0090578058553309
-0.0060795956489511
-0.0077142958123145
-0.0084313592734955
-0.0059803298649249
-0.010516063277142
-0.01374488923806
-0.011835357440547
-0.013645704299562
-0.016837857164555
-0.011802015177933
-0.012824046770489
-0.013674792534175
-0.011529345848197
-0.012083906295878
-0.013263239354139
-0.015946680275657
-0.012489206247258
-0.0098369508968762
-0.0099401589905531
-0.010128749101988
-0.011629367065617
-0.012795902438957
-0.0094299206924338
-0.0095028370033862
-0.0090378804939757
-0.0095710533886076
-0.0091774429749399
-0.0094135567843405
-0.010932554288014
-0.0096464892702724
-0.012565493256033
-0.013744845954697
-0.0095249381346313
-0.0097663045460125
-0.0092374881247102
-0.012634275416544
-0.0096301537674485
-0.010552379606835
-0.0097997573655398
-0.0094449005616122
-0.0097210658980366
-0.0088535096579169
-0.0096419556716001
-0.011045950452257
-0.0099504194901584
-0.012965345565505
-0.0093920969904362
-0.010252010943754
-0.01072310217565
-0.010838911865298
-0.010645701031174
-0.011184159657677
-0.01400947892112
-0.011115535178886
-0.0089956009872599
-0.0088279210777587
-0.0094790128589774
-0.0095034785620439
-0.0093989855291438
-0.0099959746612922
-0.01096512179027
-0.011002828493781
-0.011456743690387
-0.0091265113204176
-0.0086409353067133
-0.0068473906602412
-0.0069842891611569
-0.0076532402879712
-0.0060580608860525
-0.0058805534230006
-0.003730106070794
-0.0028151914007725
-0.0042159273620823
-0.0024722303141781
-0.0032898872315824
-0.0047488057286195
-0.005412079017966
-0.0075113558014848
-0.0031461717926518
-0.0045099372757768
-0.0076773908336486
-0.0065676722723496
-0.0038983031106996
-0.002093597804266
-0.0038774940200058
-0.0025634780973941
-0.0034953868702401
-0.0073733937369639
-0.0049123708589672
-0.005568794293058
-0.0056816105679577
-0.008636335288544
-0.0087069575404469
-0.0031449077367386
-0.004507237677208
-0.0031581424723598
-0.0028314054845196
-0.0031863752009835
-0.0028006992495558
-0.0015452833615945
-0.0017533443607694
-0.0024903757839148
-0.0080222902704776
-0.0078373747104128
-0.0088182649708225
-0.0086164707556226
-0.0087616823041318
-0.0083610851101335
-0.0087727067392892
-0.0068892905601358
-0.0093181379817019
-0.0068138012995379
-0.0097740142754567
-0.0061383871390734
-0.0085128917849704
-0.0099680895028826
-0.012014066246152
-0.0081659136994644
-0.0073886619062839
-0.013448106838801
-0.0089515753228584
-0.0079885374587929
-0.0088554588059666
-0.008667689420044
-0.008191494760237
-0.0093870374696116
-0.0079151902189501
-0.0067466583256482
-0.0072387827417608
-0.0060276202115906
-0.0074254729826193
-0.0050298612581372
-0.0047532487377823
-0.0056098256755699
-0.0048592393032175
-0.0060450174225607
-0.0062699318050198
-0.0051604576260173
-0.0070892413527266
-0.0098877617833947
-0.0079729077260238
-0.0052771015344616
-0.0064718969361477
-0.006485769718354
-0.005160846864286
-0.0079806333191304
-0.0083921762716002
-0.0041211341100479
-0.0060374477108158
-0.0048140152392428
-0.0038345226857333
-0.0032477287693183
-0.0039062356703156
-0.0045190040073917
-0.0080548062866231
-0.0075307196797172
-0.0085153354419446
-0.0034341120008014
-0.0034123443550629
-0.0059712859271948
-0.0041425952310305
-0.0080115223973157
-0.008317573501491
-0.0086424886025218
-0.0083705473384836
-0.008856099288258
-0.0091168265003969
-0.0088668205843144
-0.009628955842042
-0.010565179448256
-0.0082269629147984
-0.0098423067772812
-0.010125480089642
-0.0096578988416652
-0.0038753059607157
-0.0025209259518025
-0.006547141998351
-0.0056227410525897
-0.0054017586668409
-0.0026259220297041
-0.0031977445861123
-0.0078466962002035
-0.010802194339059
-0.013862912453231
-0.0093895975184801
-0.011236519753234
-0.0096584232982909
-0.010163707972554
-0.0103412728572
-0.011800427253548
-0.011033423191877
-0.011664046164968
-0.010266201237399
-0.010199284457417
-0.010314585845269
-0.011409301111416
-0.011621957243748
-0.011055137655281
-0.010490711195011
-0.0097450160564655
-0.0096300062777339
-0.0085524774199767
-0.0073105370127346
-0.0088770068945997
-0.0099437588318807
-0.0086086723532872
-0.0057816036306732
-0.0046074380160273
-0.0076396863296332
-0.0048643893290028
-0.0049333752609308
-0.0043612168373413
-0.0070757036463321
-0.0052356379566376
-0.0053626109240316
-0.0057941253500642
-0.0058805842426387
-0.0062192841311291
-0.0045875305078074
-0.002238008297377
-0.0029396505829451
-0.0040076585010914
-0.0020888173432765
-0.0024554379933991
-0.0062110454167533
-0.0061816356395134
-0.0050244653628812
-0.0053625730375464
-0.0063346227648326
-0.0077040377259395
-0.0084704876126311
-0.010289487538868
-0.0099345295534658
-0.0086518638869447
-0.0083115779914598
-0.0051954465933696
-0.0060189434630415
-0.0063904522673434
-0.0052049451288989
-0.0097697162461386
-0.0096601193272708
-0.012577653343647
-0.013245551084171
-0.0098924751357959
-0.012343629531638
-0.012520635456717
-0.013971736964407
-0.011961831117536
-0.011947245547451
-0.012362185899565
-0.010721056318187
-0.012835770353258
-0.013865635744001
-0.011737656664005
-0.0096636548481536
-0.010237192494458
-0.011014104956092
-0.0090484997077711
-0.0092053662005837
-0.0087085039942093
-0.0088542306178755
-0.0090986180530909
-0.008786893826104
-0.0088837443652672
-0.0098045353773459
-0.0089795214046375
-0.011917465643048
-0.012465368215813
-0.0085404907637947
-0.0088381693274189
-0.0088200014609786
-0.0086055546846908
-0.010485803245303
-0.0083100357042436
-0.0082388883152453
-0.0088789224219962
-0.0086158154542451
-0.0081888039015953
-0.0098123192060164
-0.0066031618228733
-0.008539767188889
-0.0096606681909553
-0.010173450707473
-0.008039244819898
-0.010421629879342
-0.0092964251313238
-0.0080787959383938
-0.0086409046467808
-0.009595553338224
-0.009780555248502
-0.010464960549145
-0.010730891526393
-0.012822810921398
-0.010882316020252
-0.0082819267000271
-0.0079621852251242
-0.0087054365789729
-0.0085948836121102
-0.0090002535405899
-0.0092804864224024
-0.010342906615586
-0.0073012087633183
-0.0059804751104341
-0.0066731501424744
-0.0054628964285663
-0.0051683009850361
-0.0035876357871743
-0.0018923720329661
-0.0028866952853802
-0.0016482980755041
-0.003833763927217
-0.0012358515290271
-0.00094764243860644
-0.001389274084194
-0.0049326787392113
-0.0032162825511202
-0.0063691767462176
-0.0019095614330021
-0.0015456345810965
-0.0042431392017297
-0.0064377838205502
-0.0057529618091213
-0.0055742754534242
-0.0021819939261665
-0.0015616653004936
-0.0011514638257257
-0.0028180677797059
-0.0033130462759931
-0.001349109922904
-0.0012788375602762
-0.0016519282295312
-0.0054677055079074
-0.0045643040512196
-0.0054492678823159
-0.0075466086294863
-0.0077071517826453
-0.0021156665376257
-0.0031911824579978
-0.0034939996230801
-0.0017480440534934
-0.001886670232691
-0.0018677455636332
-0.0015968744667351
-0.001553094238604
-0.0080126938758295
-0.0073927668806811
-0.0085212716692467
-0.0075248375332553
-0.0078254062379449
-0.0066211978697683
-0.010039552366035
-0.0083154013640141
-0.0066382371719919
-0.0085041333813365
-0.0059569334183395
-0.0085260222338095
-0.012390535125343
-0.0080344387595472
-0.0065890818030775
-0.012451178250931
-0.0072410999975433
-0.0083685765430763
-0.0087825599213601
-0.0072750549994797
-0.005993279387736
-0.0072678027805286
-0.006599552854021
-0.0044703207340688
-0.0041120405937071
-0.0045982849361114
-0.0042673686497456
-0.0039924979406033
-0.0064545641102366
-0.0047083130858068
-0.0066602935943969
-0.0051685670935008
-0.0043806609034669
-0.0082494464388695
-0.0070277162286232
-0.0043991773617821
-0.0048498568111709
-0.0064430192955391
-0.0053031272757618
-0.0044733672400618
-0.0074055092830729
-0.0082845805152642
-0.0079208894918924
-0.0023370277590454
-0.0041649782032916
-0.0023478108140886
-0.0015256427053426
-0.0025047752022748
-0.0023885768197899
-0.0031388308806413
-0.0034456857445292
-0.007994561931077
-0.0074155098337639
-0.0018112808767184
-0.0020859356849048
-0.0022232480277966
-0.004375578978413
-0.0024795139738922
-0.0080139628638217
-0.0080453645396101
-0.0084177842441353
-0.008180690859241
-0.0087088105289168
-0.0092241832808031
-0.0091071893579448
-0.0086647697297234
-0.0076510960470342
-0.0089986154999081
-0.0098395223345565
-0.002361373054666
-0.0030472100634022
-0.0011945142801987
-0.0043823135782915
-0.0039671840557689
-0.0027366240561261
-0.0015783949850781
-0.00081272893035291
-0.0018205524314404
-0.0074792441174746
-0.0086777694806106
-0.0086502711779
-0.0095668312809977
-0.0093258805742764
-0.0083711294851277
-0.0088544249194465
-0.009287184770427
-0.010163017171468
-0.010348332604716
-0.0097531132636116
-0.009825230449852
-0.009486551042472
-0.0097431952821017
-0.0087147499707368
-0.0093315752695637
-0.0088781628668952
-0.008288963779616
-0.0063224359577659
-0.0039711222394454
-0.0030510300016244
-0.0031400671031321
-0.0049359703873796
-0.0043556319656223
-0.003359244562802
-0.0038249271688091
-0.0045910449889012
-0.0031603224323676
-0.0035479449444704
-0.0043089643100033
-0.0078212681788143
-0.0047724527778938
-0.0034036052297107
-0.0041873987491652
-0.0054301829340934
-0.0034606337302228
-0.00086270545235041
-0.0016001553581095
-0.0023348895436834
-0.0008653824751043
-0.0017999677452492
-0.0051721606871638
-0.0054395125882995
-0.0057753821778564
-0.0038771893563913
-0.0059935501143119
-0.005751127821936
-0.0063844843053479
-0.0095264876603501
-0.006440382919429
-0.0041160516208501
-0.0042522251223946
-0.0084741292268248
-0.011463892380564
-0.012210590015331
-0.010082961313959
-0.0079693899135539
-0.0094812332002344
-0.01335879047091
-0.010367507580483
-0.011222296185731
-0.0094193817760467
-0.012046797785882
-0.011975722524791
-0.010100478797186
-0.0090461194664778
-0.0097815672017454
-0.009495692557461
-0.008855407394353
-0.0087631504642506
-0.0084038139029689
-0.0078581560386942
-0.0077824924438454
-0.0086809452636978
-0.0077264625067369
-0.0098995750496047
-0.0099903744900076
-0.006673298149389
-0.0062731565429656
-0.0081701802542764
-0.0079242909274026
-0.009348726022927
-0.0056101918224494
-0.005940583575064
-0.0079864396802931
-0.0080612121275077
-0.0067871901373006
-0.0054600423682771
-0.0084963263494956
-0.0086603230339103
-0.0062474563347091
-0.0079774089507797
-0.0089428524717704
-0.0080985187539728
-0.0077607979526085
-0.0069593282214073
-0.0080026409287993
-0.010190030172685
-0.0087583593570095
-0.0088802600719592
-0.0096138577534665
-0.0076829792301837
-0.0070551012467452
-0.0080110919106614
-0.0083986931734256
-0.0077146893291429
-0.0079758457879648
-0.0093767660009489
-0.0068419637819408
-0.0050596770022023
-0.0061623075780306
-0.0043528595865601
-0.0044468248730093
-0.0018444255751763
-0.00065121571444139
-0.00157749560925
-0.0010846606416075
-0.00055701400839883
-0.002251394556417
-0.003823359680979
-0.0038917969339959
-0.0026665426541174
-0.0032003696995341
-0.0059880027657078
-0.0027604786998519
-0.00068212295046015
-0.0049093431913638
-0.0056672149451579
-0.0064742059977966
-0.0049527917941635
-0.0029763770289315
-0.0011974680653645
-0.00091097879527938
-0.0012215753469945
-0.0029939751811432
-0.0020012467264253
-0.001429407097364
-0.0047487035386022
-0.0053064400787142
-0.0028387147219868
-0.0042848114347237
-0.0057307673576699
-0.0048123117825248
-0.0030772898047469
-0.0019109754203346
-0.0016302573334926
-0.0073755718133938
-0.0075049018564403
-0.0067386816600796
-0.0071456476367955
-0.006522531081079
-0.0088105156176087
-0.0073312774452199
-0.0054756365785192
-0.004433232105016
-0.0062183704317472
-0.010047634077364
-0.0058200965395527
-0.0099658779044119
-0.0066353115586438
-0.0079674035744077
-0.0083789326332004
-0.0064869599101195
-0.006925944232728
-0.0050437448464809
-0.005831278801998
-0.006513697693377
-0.0033533641641227
-0.0032890033392444
-0.0027989323197739
-0.0024059775271437
-0.00234336557262
-0.0055765140176938
-0.0037253942080017
-0.0059010595298003
-0.0050945902639792
-0.0053638850332733
-0.0069245619654832
-0.0026125882846609
-0.0031341119151511
-0.0058801630596106
-0.0057263589204853
-0.004225965476028
-0.0049317992402872
-0.0026675675437268
-0.0073496667407533
-0.0071759368148692
-0.0071935915252731
-0.0016081946356879
-0.0034658866445867
-0.0014424083144795
-0.0016742579660059
-0.0008017641385026
-0.00078380008727357
-0.002017857424765
-0.0014361472145098
-0.0020075180348281
-0.0014456565333047
-0.0072604495291176
-0.0065202743989909
-0.0024497914417521
-0.0017639746185154
-0.00090378843949479
-0.0074179354897664
-0.0078216096878508
-0.0075095297573829
-0.0083273674198297
-0.0085220912425972
-0.0091073800948965
-0.0081814340127256
-0.0074725631708645
-0.0087565045948367
-0.001468628687591
-0.00088252507039991
-0.0025931266553305
-0.0046329522266203
-0.0018946676279176
-0.0011779154787788
-0.00071156391763136
-0.0072942808713951
-0.0079835025596912
-0.007311376677906
-0.0072873106919212
-0.009123931089441
-0.0081269192473474
-0.0069429988542295
-0.0084562452278607
-0.0094183337581601
-0.0090495604460741
-0.0094704218896623
-0.0086432652639438
-0.0089040622458108
-0.0077337606177636
-0.0084037881529499
-0.0075240012596398
-0.007267166921464
-0.0022235955894408
-0.0033484961959795
-0.0015780946164132
-0.003393635166742
-0.0025607007226423
-0.0015830667928794
-0.0026676870103304
-0.0035159169807008
-0.0026859759680385
-0.0021866440906815
-0.0031065130907634
-0.0028709149786654
-0.0047549000492055
-0.0032430038943507
-0.002257007820498
-0.0035723627220384
-0.0045460401239656
-0.0022384526512017
-0.0033499982126818
-0.001322123558314
-0.00067778235755372
-0.0015202923371288
-0.00097747630668297
-0.0048688421298361
-0.0050193160038823
-0.0031833880327723
-0.005303136107143
-0.0057617653749393
-0.0039135418421674
-0.0046712077250235
-0.0065501683747392
-0.0083612991972267
-0.0025796693052655
-0.0025028325947803
-0.010013742337089
-0.010234217841691
-0.009153450179147
-0.007342049981192
-0.0085178938927352
-0.0091874086038969
-0.0080421646822075
-0.0074308514368948
-0.0099480918375455
-0.0099008451340107
-0.0087016632069541
-0.0078620610904697
-0.0085153152454438
-0.0078724218132921
-0.0063943296310178
-0.0062641577601914
-0.007176858579052
-0.0059796423151352
-0.008660657103931
-0.0093058433616786
-0.0059332674147426
-0.0069436934197589
-0.0050234620663276
-0.0067454142290595
-0.0076457179178648
-0.0050069047776809
-0.0041587430169421
-0.0054966474295497
-0.0065088536309375
-0.0067449275451287
-0.0058322959678027
-0.0057608885868407
-0.0051490453345043
-0.0035716427789327
-0.0064685655823008
-0.0067981603791621
-0.0042599560575044
-0.0052367170822271
-0.0072466283063006
-0.0077796795290117
-0.0066080302907349
-0.0060174477543325
-0.0068330984326627
-0.0076209978812935
-0.0081133401143799
-0.006406329593681
-0.0057795952458791
-0.0078469712823851
-0.0065418013399443
-0.0068986979547119
-0.0086118449423635
-0.0054934167677206
-0.0050940229618004
-0.0034228382888265
-0.0045766475846755
-0.0036604680282317
-0.0024273290036464
-0.00059545505678703
-0.0014990520798795
-0.0013612373159756
-0.0013569620582001
-0.0023811847907915
-0.0022640361318182
-0.0028098388033657
-0.0027535472288345
-0.0030697354847222
-0.0029421746212915
-0.0037095855381175
-0.0056651503878121
-0.0045184309258631
-0.0021520175442169
-0.0019464633817169
-0.0010781095380541
-0.0016404776968505
-0.0022249270080103
-0.00074872279872366
-0.0014032557497109
-0.0044172443366278
-0.0014989102456074
-0.0027375806059231
-0.0061270925321532
-0.0039375131210485
-0.0032767343562606
-0.0017699121925292
-0.0070841046300053
-0.0062985746323309
-0.0051639336572089
-0.0071476436360668
-0.0056902662815234
-0.0041731816431376
-0.0045888250949569
-0.0046157168858044
-0.0089380044489112
-0.0070651974703192
-0.0063441615243733
-0.0062983321475983
-0.0047218516000955
-0.0063250185373135
-0.0058417027279238
-0.0039417324288889
-0.0021398553398457
-0.0021097918648072
-0.0015133601275404
-0.0016245603581089
-0.0018407130074853
-0.00257184442142
-0.0053488232955166
-0.0043791198842566
-0.0048493093986392
-0.0034718245677717
-0.0043364529430704
-0.0021361059316414
-0.0047066204909945
-0.0058476073251347
-0.0027322879575573
-0.004696504504214
-0.0032018734079172
-0.00174202503888
-0.0067506789112661
-0.005754348083141
-0.00061081424885896
-0.0023163543567425
-0.003922177116484
-0.00083190856067319
-0.00082507899675843
-0.00067275758826584
-0.00061379064187896
-0.0069576392235726
-0.0015770991034561
-0.0073515568868168
-0.0078737098797615
-0.0080573966787322
-0.0090084651845601
-0.0072330090033035
-0.0065581129349159
-0.0086642198365531
-0.001623357163202
-0.0012538875479304
-0.0028832526254444
-0.0043990388478149
-0.0058780574279492
-0.0056634643406745
-0.007487488918437
-0.0059795337029441
-0.0076843550660662
-0.0086866602018607
-0.0066795263559461
-0.0053730680925456
-0.0088546013574947
-0.0082235589718215
-0.0078036824580908
-0.0057734918564598
-0.0050746098613658
-0.0047087647195117
-0.0079569490108298
-0.00626116459548
-0.006978034436311
-0.00082033171094891
-0.0014768251907494
-0.0016010695427841
-0.00085341364986224
-0.0017744220789593
-0.0017039319162637
-0.00092975385770524
-0.0013431515729554
-0.0024087338693639
-0.0013792720968482
-0.001235516684611
-0.0029324394389506
-0.0018953025388493
-0.0007068619198788
-0.0024308025391206
-0.0030778998887651
-0.0013183820242633
-0.0019390932881839
-0.00053837882774439
-0.00097827152498536
-0.0038713501470984
-0.0029546720728036
-0.0020410232905786
-0.0042481563361151
-0.0042485462880588
-0.0027125343615181
-0.0027819629577096
-0.0053540438648027
-0.0018657197503909
-0.0095822815460157
-0.0079123702837432
-0.0043549431383378
-0.0065098301616363
-0.0083110816076242
-0.0069218178058669
-0.0064653108637032
-0.0069343660527307
-0.0088442684894353
-0.0085269685450081
-0.0082105745799202
-0.0072346656626602
-0.0049763502255346
-0.0073395258113558
-0.0074956645145096
-0.005194230606008
-0.0071139236049509
-0.005023981180999
-0.007969931709071
-0.0081602710683335
-0.0046190689856761
-0.0032426665932562
-0.0049311104172326
-0.0033379496142754
-0.0021933180114602
-0.0023481435706981
-0.0036472594382253
-0.0057418431106204
-0.005610694230048
-0.0063065870190038
-0.0037509925466528
-0.0034314995852606
-0.0028888905829735
-0.0021764359024024
-0.0025467453371055
-0.0045584515270678
-0.0045980993353465
-0.0026018976108646
-0.0034483706037822
-0.0033112264198116
-0.0062433800073068
-0.0063582591624739
-0.0068096392986579
-0.0037557382561031
-0.0059973271265898
-0.0069622164080387
-0.0050722715392711
-0.0057215891940083
-0.0047952111654987
-0.0062538902125648
-0.0066999007390766
-0.0055860477085241
-0.0044318776267777
-0.0055263092025483
-0.0040910148604486
-0.003880556878287
-0.00190113889041
-0.00065803798224469
-0.00056815350224492
-0.0008300115910069
-0.002079734108049
-0.0015861484498573
-0.0010951491992734
-0.0038259356874895
-0.0014998112017884
-0.0015001216447914
-0.0019060894509183
-0.0026701909716185
-0.0047720953711303
-0.0038303402228598
-0.0030512205869589
-0.00067829543462314
-0.00091629487644301
-0.00066777330419752
-0.000747714802222
-0.0027190665193147
-0.0010307673663336
-0.0045492608347183
-0.0026003073576943
-0.0018015267129624
-0.0062052812696713
-0.007317026603339
-0.0038532872289256
-0.002613457059763
-0.0041521325716693
-0.0025948458278966
-0.005488017136203
-0.0058200774576464
-0.0031305210617038
-0.0020853109259318
-0.0014113719149912
-0.00072142405624636
-0.0010447885220336
-0.0010000954624978
-0.00066133401736291
-0.0017008438321485
-0.0041397644141973
-0.0035739842348896
-0.0041047423886467
-0.0033360687455418
-0.0032017045304676
-0.0035477458713865
-0.0051558822537588
-0.0050701708430972
-0.0025771120581586
-0.0017349038269112
-0.0039086233241234
-0.0027109220073763
-0.00095811396604247
-0.0050275738418881
-0.0013948166134278
-0.0033162032038729
-0.0069888917223737
-0.0076657124926229
-0.0082746812779968
-0.0063300187772863
-0.0058703316318607
-0.0078694917978866
-0.0048031013287315
-0.0044888018281143
-0.0060209922942986
-0.0057507169079327
-0.0046287023635909
-0.0071734660535083
-0.0041441611465131
-0.0058880429934138
-0.003485224443257
-0.0034866149883068
-0.0058278559399263
-0.0036340339687741
-0.0033879897654141
-0.0030445275668242
-0.0046737905628389
-0.0053750436377058
-0.0055772510460689
-0.0010773751230844
-0.0015761492832739
-0.00095663199675601
-0.0012586791673265
-0.00047100419055095
-0.0013258127957034
-0.0018612804501123
-0.0038500092825239
-0.0039751605271421
-0.001002711913721
-0.003481161131119
-0.001700969913774
-0.0072882249082104
-0.0048600086446397
-0.0030064965941333
-0.0037512468105515
-0.0049690268883522
-0.005382874202425
-0.0052094007359969
-0.0044102587342435
-0.0061493805859342
-0.0068011831023713
-0.006743915076537
-0.0068587893768478
-0.0032245585728961
-0.0041875508721816
-0.0044954680141852
-0.0048637858035601
-0.0029655881899879
-0.0032963653181048
-0.0023962014315014
-0.0023353585905021
-0.00091480438796247
-0.0015466801703677
-0.0019151345510606
-0.0020509180803978
-0.003802047043489
-0.0040327258544551
-0.0035227686831973
-0.0039125022527158
-0.0021991926780428
-0.0020491259475299
-0.0017608185725257
-0.00091139367602349
-0.00087746836135988
-0.0027088452451233
-0.0025528282086012
-0.0017387302518013
-0.0010374382550964
-0.0016020135111683
-0.0017008050985184
-0.0045920680693072
-0.0050630515687124
-0.0061065658196561
-0.0029700138038328
-0.0034478529281427
-0.0047144409970786
-0.0030831055780875
-0.0047449159955378
-0.0041291233579324
-0.004987178723971
-0.0053154408307707
-0.0050501991585809
-0.0040251005607926
-0.0046303901230007
-0.0036310543585276
-0.00048148571584268
-0.00063207087202153
-0.0012512090580808
-0.002538782072004
-0.00074470615472001
-0.0011898959633415
-0.0023703422181435
-0.0023808214242638
-0.00098520518067928
-0.0031086260771139
-0.0029759000444843
-0.0015153482201914
-0.00078410759821943
-0.0025841453713291
-0.0052610920175038
-0.0047135620059073
-0.0016903361859878
-0.0025996625313415
-0.0017254394698095
-0.0048350608966141
-0.0048325494234583
-0.0011242717012421
-0.00070503242580837
-0.0023778195149751
-0.00095770200289785
-0.0041459427051335
-0.00328585378544
-0.003296520363269
-0.0016624166022837
-0.0016339772535564
-0.0035463755390392
-0.0022633845221721
-0.0044919502529754
-0.0033224895452859
-0.00218139528837
-0.0018098707267769
-0.00072832646656642
-0.0037013249678707
-0.0020220017881579
-0.006268649502916
-0.0065181624162532
-0.0060400871606993
-0.0048347332536839
-0.0052994451687876
-0.0063105344652917
-0.0031736990384446
-0.0038199671060746
-0.0039376520992379
-0.0037021316334218
-0.0032979833725238
-0.0026523626324787
-0.0038855826342567
-0.0017602778646638
-0.0030704988880898
-0.0018596469752261
-0.0026474993556803
-0.0018706182905188
-0.0016004517267172
-0.003237383763579
-0.00060575656946119
-0.00065578965906471
-0.0012078591514748
-0.0033824040602455
-0.003389906737561
-0.0033334304388566
-0.0014195305037815
-0.0020486886907373
-0.0031440281200075
-0.0026197584352052
-0.0034803528830204
-0.0029269451622438
-0.0026093470226029
-0.0036861568934271
-0.0048498407949889
-0.0041754629512708
-0.0020040939593525
-0.0017841720199984
-0.0026772614970082
-0.0032495219825786
-0.0032627821412436
-0.0020251823527962
-0.0016992104225282
-0.0014196765971682
-0.0012145187946247
-0.00075447322560531
-0.0018714818315301
-0.0033201682432426
-0.0020143360573144
-0.001864055674679
-0.0010212164542519
-0.0012565900603542
-0.001079660042717
-0.0018362559281341
-0.0043780176405007
-0.0050214708943353
-0.0041782707333053
-0.002797562639602
-0.0015286278989641
-0.00190089949301
-0.0034743174492231
-0.0015278286502151
-0.002503535876175
-0.0046289928046565
-0.0054659611381295
-0.0040330807335784
-0.00059158768744253
-0.0013795670879101
-0.001741939251116
-0.0021479161151797
-0.0025715919348528
-0.0014115504282579
-0.0010443671261364
-0.0027701833258661
-0.0007977689894332
-0.0044042969995008
-0.0012996502479584
-0.0035089641143374
-0.0020286183390106
-0.0021259926562535
-0.0022852305051987
-0.0012355793362167
-0.0012675449300635
-0.0014688227991344
-0.00095896965689592
-0.0057326798328535
-0.0049995550619315
-0.0044159628330351
-0.0041094444005555
-0.0014877172373823
-0.0021639348345052
-0.0023539614465072
-0.0016766977126579
-0.0011886950903269
-0.0016637050041371
-0.0025192074498498
-0.00077409056340399
-0.0013207713260889
-0.00064829299890122
-0.00092984283364113
-0.0005281681014163
-0.002140720169737
-0.0016496889947402
-0.0013386759384897
-0.0017304598196436
-0.0016133580216624
-0.001315289897917
-0.0023151711526227
-0.0022382390081352
-0.0019996424852112
-0.0011571293295158
-0.0028145606429056
-0.0029858994007178
-0.0032154704083455
-0.0017591722284278
-0.0021943173065471
-0.0018642060737381
-0.0011199926342392
-0.001105588584721
-0.0027405983191819
-0.0046152522762919
-0.0041924411082289
-0.0037008961508149
-0.0014655074697778
-0.0011007880471093
-0.00074143135367977
-0.0018701548476087
-0.0017588140065113
-0.00093184324668315
-0.0010644236335741
-0.0024469363123608
-0.0018175655287758
-0.00058406845157546
-0.002131651541727
-0.0011166127406917
-0.0013078897030667
-0.0015429519421238
-0.0004632482069861
-0.00057305603706465
-0.0035221169793149
-0.0034461968729128
-0.00046006809764795
-0.0010031016821757
-0.0016822789543584
-0.001140837925393
-0.0011683545938891
-0.00090516772175452
-0.00097017517831808
-0.0012152539576503
-0.0019045609269283
-0.0014977094431166
-0.00073974049952866
-0.0017092975043781
-0.0023318808337041
-0.00083709360147236
-0.00094445965020324
-0.0022737628019541
)
;

boundaryField
{
    auto0
    {
        type            uniformFixedValue;
        uniformValue    table;
        uniformValueCoeffs
        {
            values          
4
(
(0 1.3332)
(0.003 1.3332)
(0.0031 0)
(0.01 0)
)
;
        }
        value           uniform 0.00017721267639805;
    }
    interface
    {
        type            zeroGradient;
    }
    auto2
    {
        type            fixedValue;
        value           uniform 0;
    }
}


// ************************************************************************* //
