/*--------------------------------*- C++ -*----------------------------------*\
| =========                 |                                                 |
| \\      /  F ield         | OpenFOAM: The Open Source CFD Toolbox           |
|  \\    /   O peration     | Version:  2412                                  |
|   \\  /    A nd           | Website:  www.openfoam.com                      |
|    \\/     M anipulation  |                                                 |
\*---------------------------------------------------------------------------*/
FoamFile
{
    version     2.0;
    format      ascii;
    arch        "LSB;label=32;scalar=64";
    class       pointVectorField;
    location    "0.006";
    object      pointDisplacement;
}
// * * * * * * * * * * * * * * * * * * * * * * * * * * * * * * * * * * * * * //

dimensions      [0 1 0 0 0 0 0];

internalField   nonuniform List<vector> 
6598
(
(4.883105314728e-07 -5.5858774344289e-09 -9.435400736261e-08)
(0 0 0)
(4.5991459183114e-07 7.1578711153634e-08 -9.2429615844016e-08)
(3.9267625316242e-07 1.4624565876224e-07 -1.0485268673777e-07)
(3.3328782668707e-07 2.3784971912395e-07 -1.2683691027357e-07)
(3.0447021129926e-07 3.0987408731101e-07 -1.5102604344965e-07)
(2.3141624769397e-07 3.3755034216331e-07 -1.6863329372814e-07)
(1.4331473919907e-07 3.8851498623731e-07 -1.8321799312768e-07)
(6.2212100185054e-08 4.2168369769705e-07 -1.8127533455596e-07)
(-2.7807283504691e-08 4.2781493480135e-07 -1.6127680189702e-07)
(-1.1305288691789e-07 4.2215943721738e-07 -1.365274797807e-07)
(-2.1155126796491e-07 4.1081225446142e-07 -1.1718607524506e-07)
(-2.9363080090731e-07 3.8490947552775e-07 -1.1203547554137e-07)
(-3.2794304186859e-07 3.2595000415421e-07 -1.1926649406044e-07)
(-3.4456735060573e-07 2.2220225382708e-07 -1.3012470637569e-07)
(-3.6950349418933e-07 1.2770407959279e-07 -1.4160776103327e-07)
(-3.8338223668186e-07 5.2412092460222e-08 -1.4643600788811e-07)
(-3.7982127449099e-07 -3.6905010658124e-08 -1.3793553971375e-07)
(-3.6073298672996e-07 -1.199205368351e-07 -1.1838378869675e-07)
(-3.3389779270948e-07 -1.9819141425201e-07 -9.5915787648044e-08)
(-3.0857439961742e-07 -2.9019088807902e-07 -7.7938050513608e-08)
(-2.5014182711808e-07 -3.4125983552811e-07 -6.3051782558075e-08)
(-1.6374752482631e-07 -3.8866663571307e-07 -5.325168046541e-08)
(-9.4243130428826e-08 -4.491039072099e-07 -5.5335690331793e-08)
(-1.1591893901565e-08 -4.8061037400315e-07 -7.8464598619099e-08)
(7.9362186549878e-08 -4.7858165489502e-07 -1.1115332336724e-07)
(1.4974228651709e-07 -4.3184721590014e-07 -1.4196481183465e-07)
(2.2928569544501e-07 -3.6174423630843e-07 -1.6396550810434e-07)
(3.2039946552125e-07 -3.2016805849986e-07 -1.7556805247702e-07)
(3.6872358717947e-07 -2.5227711701039e-07 -1.7028665555944e-07)
(4.2322581865852e-07 -1.6973130211285e-07 -1.4870347288784e-07)
(4.7257170823915e-07 -9.384981269175e-08 -1.1871832318566e-07)
(0 0 0)
(0 0 0)
(0 0 0)
(0 0 0)
(0 0 0)
(0 0 0)
(0 0 0)
(0 0 0)
(0 0 0)
(0 0 0)
(0 0 0)
(0 0 0)
(0 0 0)
(0 0 0)
(0 0 0)
(0 0 0)
(0 0 0)
(0 0 0)
(0 0 0)
(0 0 0)
(0 0 0)
(0 0 0)
(0 0 0)
(0 0 0)
(0 0 0)
(0 0 0)
(0 0 0)
(0 0 0)
(0 0 0)
(0 0 0)
(-8.9023737517219e-07 5.1493677392489e-08 -3.5753180874472e-07)
(-2.3695546373003e-06 1.2130557462891e-07 -8.1515790885679e-08)
(-3.1041380340886e-06 1.663750031153e-07 1.1027161652481e-06)
(-1.5250165268685e-06 1.5148286252991e-07 3.05133100026e-06)
(4.0675431944221e-06 4.9598437341993e-08 5.5970696012893e-06)
(1.4577723796609e-05 -1.2437060727217e-07 8.079235670875e-06)
(3.0362524280324e-05 -3.4891725168432e-07 9.78022080165e-06)
(5.057200789673e-05 -5.6935130043905e-07 9.8550807056031e-06)
(7.245028718387e-05 -7.3812835671638e-07 7.8033140982052e-06)
(9.3181320935115e-05 -8.386644065974e-07 3.4684183089199e-06)
(0.00011094006683408 -8.9019188409188e-07 -2.498905345961e-06)
(0.00012316844610673 -9.100992379383e-07 -9.4806721591666e-06)
(0.00013044499116484 -8.8901118284649e-07 -1.6994061455738e-05)
(0.00013275980387799 -8.1249084968485e-07 -2.4725377015177e-05)
(0.00012888310721308 -6.8394425482286e-07 -3.2312567628666e-05)
(0.00012071723755451 -5.0406994524573e-07 -3.9432182983505e-05)
(0.00010737810512672 -2.7811516073704e-07 -4.5344273349849e-05)
(9.1571560612436e-05 -5.3326001198931e-08 -4.9627149185122e-05)
(7.5556007300088e-05 1.3604422419797e-07 -5.1981647845531e-05)
(6.111325401908e-05 2.5652570891776e-07 -5.2725961034419e-05)
(5.0239490953976e-05 2.9148493633339e-07 -5.2702822279095e-05)
(4.2207246477094e-05 2.7097383657278e-07 -5.2267981610252e-05)
(3.6502406241077e-05 2.3057602455652e-07 -5.1965804609101e-05)
(3.1801485499924e-05 1.8595027149431e-07 -5.2004363964187e-05)
(2.6595181114744e-05 1.42027717456e-07 -5.1984112415594e-05)
(2.1507630218767e-05 1.111638440353e-07 -5.1484178413812e-05)
(1.675123038352e-05 9.0741905331733e-08 -5.0504026143029e-05)
(1.2802243995864e-05 8.0015734213042e-08 -4.9166374347897e-05)
(9.8222473583747e-06 6.7374793127931e-08 -4.7558815274911e-05)
(7.7778923557163e-06 5.8883634987953e-08 -4.5868843907991e-05)
(6.3335247847241e-06 4.6253319874733e-08 -4.4214111240112e-05)
(5.1894257892501e-06 3.2497537900927e-08 -4.2550408884865e-05)
(4.0957802638119e-06 1.7422498241297e-08 -4.0846142483452e-05)
(3.082190001611e-06 2.0161424848233e-10 -3.8987933618894e-05)
(2.2095957221648e-06 -1.539494239365e-08 -3.7047370129041e-05)
(1.5523196130779e-06 -2.7446228129941e-08 -3.4979346553965e-05)
(1.0947452740678e-06 -3.7785462442907e-08 -3.2911164433637e-05)
(5.9220779354761e-07 -4.2985308593931e-08 -3.0817882091163e-05)
(1.5254169399599e-07 -3.7527804208921e-08 -2.8663871295844e-05)
(-4.5490352305427e-07 -2.2924260523389e-08 -2.6496383508546e-05)
(-1.2095183268031e-06 -3.4028831238569e-09 -2.4185401169839e-05)
(-1.9877100789763e-06 1.4617652324935e-08 -2.1776514090706e-05)
(-2.89654364537e-06 2.2122779180566e-08 -1.924176455035e-05)
(-3.6491349379089e-06 1.6956979084941e-08 -1.647331618783e-05)
(-4.0431817137325e-06 5.1937016258108e-09 -1.3597639574024e-05)
(-4.1447174581483e-06 -8.0152684547226e-09 -1.06243814051e-05)
(-3.6648309383126e-06 -1.7630268516005e-08 -7.5134464502411e-06)
(-2.4145731685592e-06 -1.8250832496163e-08 -4.4780898162581e-06)
(-7.2853764739791e-07 -1.0799688389571e-08 -1.8466158636976e-06)
(0 0 0)
(0 0 0)
(0 0 0)
(0 0 0)
(0 0 0)
(0 0 0)
(0 0 0)
(0 0 0)
(0 0 0)
(0 0 0)
(0 0 0)
(0 0 0)
(0 0 0)
(0 0 0)
(0 0 0)
(0 0 0)
(0 0 0)
(0 0 0)
(0 0 0)
(0 0 0)
(0 0 0)
(0 0 0)
(0 0 0)
(0 0 0)
(0 0 0)
(0 0 0)
(0 0 0)
(0 0 0)
(0 0 0)
(0 0 0)
(0 0 0)
(0 0 0)
(0 0 0)
(0 0 0)
(0 0 0)
(0 0 0)
(0 0 0)
(0 0 0)
(0 0 0)
(0 0 0)
(0 0 0)
(0 0 0)
(0 0 0)
(0 0 0)
(0 0 0)
(0 0 0)
(0 0 0)
(0 0 0)
(0 0 0)
(0 0 0)
(0 0 0)
(0 0 0)
(0 0 0)
(0 0 0)
(0 0 0)
(0 0 0)
(0 0 0)
(0 0 0)
(0 0 0)
(0 0 0)
(0 0 0)
(0 0 0)
(0 0 0)
(0 0 0)
(0 0 0)
(0 0 0)
(0 0 0)
(0 0 0)
(0 0 0)
(0 0 0)
(0 0 0)
(0 0 0)
(0 0 0)
(0 0 0)
(0 0 0)
(0 0 0)
(0 0 0)
(0 0 0)
(0 0 0)
(0 0 0)
(0 0 0)
(0 0 0)
(0 0 0)
(0 0 0)
(0 0 0)
(0 0 0)
(0 0 0)
(0 0 0)
(0 0 0)
(0 0 0)
(0 0 0)
(0 0 0)
(0 0 0)
(0 0 0)
(0 0 0)
(0 0 0)
(0 0 0)
(0 0 0)
(0 0 0)
(0 0 0)
(0 0 0)
(0 0 0)
(0 0 0)
(0 0 0)
(0 0 0)
(0 0 0)
(0 0 0)
(0 0 0)
(0 0 0)
(0 0 0)
(0 0 0)
(0 0 0)
(0 0 0)
(0 0 0)
(0 0 0)
(0 0 0)
(0 0 0)
(0 0 0)
(0 0 0)
(0 0 0)
(0 0 0)
(0 0 0)
(0 0 0)
(0 0 0)
(0 0 0)
(0 0 0)
(0 0 0)
(-3.7030016646829e-07 -1.322571615641e-07 -1.4090390279173e-06)
(-4.8331390466745e-07 -2.7221881908902e-07 -1.6312875106095e-06)
(-4.6509758912647e-07 -3.9719252848555e-07 -1.7074270164337e-06)
(-3.5786456255924e-07 -4.6295470411743e-07 -1.6700470323866e-06)
(-2.4096233692003e-07 -4.8858025322889e-07 -1.6160268913776e-06)
(-1.3321633594489e-07 -5.0329032718687e-07 -1.5871709089852e-06)
(-3.1278395489553e-08 -5.1220435654706e-07 -1.5752966228772e-06)
(6.8535378939109e-08 -5.0513222586586e-07 -1.5701416594395e-06)
(1.6650823537507e-07 -4.7535200719821e-07 -1.5679733309966e-06)
(2.5303474041776e-07 -4.263705354555e-07 -1.5683234482634e-06)
(3.3134520698801e-07 -3.6412972296074e-07 -1.5703679125365e-06)
(4.0230888241972e-07 -2.9024808523652e-07 -1.5724292079474e-06)
(4.5554060048419e-07 -2.0379600142322e-07 -1.5742736651726e-06)
(4.8801674296898e-07 -1.0505253572747e-07 -1.5744480684566e-06)
(5.0016733324359e-07 -4.9413513729495e-09 -1.5735741708249e-06)
(4.9418850591212e-07 9.6021067262104e-08 -1.5720524330295e-06)
(4.6752029289098e-07 1.9690716729562e-07 -1.5707520402117e-06)
(4.1779553798831e-07 2.8601845777366e-07 -1.5688245896982e-06)
(3.4749310770111e-07 3.624000695857e-07 -1.5670461495134e-06)
(2.6721342976941e-07 4.2627656126045e-07 -1.5651021595555e-06)
(1.7693191654538e-07 4.7570755103686e-07 -1.5636491385334e-06)
(7.4635444708691e-08 5.0358825687011e-07 -1.5620796360793e-06)
(-2.8172144716574e-08 5.0567787419333e-07 -1.5609058297405e-06)
(-1.3002943626298e-07 4.8763900353203e-07 -1.5623880803745e-06)
(-2.2930649455129e-07 4.5469812361673e-07 -1.5639759515659e-06)
(-3.1868406008259e-07 4.0092487934049e-07 -1.5654174418576e-06)
(-4.0901490537994e-07 3.3598170605863e-07 -1.5897690100889e-06)
(-5.0764597374706e-07 2.6513030093909e-07 -1.6477522324894e-06)
(-4.582793821762e-07 1.3354697158946e-07 -1.5139301039112e-06)
(-2.1100744435738e-07 1.879191773909e-08 -1.1480175786971e-06)
(-1.4844566101226e-06 3.9348985596952e-07 -3.9820273347388e-07)
(-2.9309732792888e-06 8.4230525166087e-07 1.9418410449047e-06)
(8.4947682219225e-06 -1.3894841358731e-06 6.9335201028228e-06)
(3.9746652370609e-05 -7.3203138307963e-06 1.0102622503912e-05)
(8.239226390825e-05 -1.5073903989252e-05 5.8646277366364e-06)
(0.00011616997974125 -2.1051052563089e-05 -5.8854259314233e-06)
(0.00013081161208212 -2.3662812626313e-05 -2.0845450069516e-05)
(0.00012424645810989 -2.2372175170137e-05 -3.5956354787381e-05)
(9.8704752662513e-05 -1.755499948804e-05 -4.7732839303124e-05)
(6.6951524804446e-05 -1.1572152727163e-05 -5.249258300107e-05)
(4.5146933398577e-05 -7.6416780237095e-06 -5.2482867367816e-05)
(3.3631715624449e-05 -5.643607810529e-06 -5.193056177335e-05)
(2.3782139545267e-05 -4.0244056721121e-06 -5.1783847746534e-05)
(1.4510798704755e-05 -2.4556960285495e-06 -4.9874214364555e-05)
(8.6096199302756e-06 -1.4573759325089e-06 -4.6721887169019e-05)
(5.6464567215124e-06 -9.566280911435e-07 -4.3387311055043e-05)
(3.5187007493506e-06 -6.1483138307593e-07 -3.9932472511941e-05)
(1.823737189767e-06 -3.5238696171102e-07 -3.602818969881e-05)
(8.4237582692972e-07 -1.8772283541387e-07 -3.1881020013045e-05)
(-1.199033215623e-07 7.1101408454882e-10 -2.7596802990703e-05)
(-1.5622380796461e-06 2.907602369011e-07 -2.3007007542731e-05)
(-3.254267885172e-06 5.9646966300104e-07 -1.7921661989505e-05)
(-4.0837981981664e-06 7.1010370280078e-07 -1.2210581257155e-05)
(-3.0783682620956e-06 5.4017459504744e-07 -5.9712512740979e-06)
(-1.613619047587e-06 2.5693924342388e-07 -3.1572218182808e-06)
(-6.966213059109e-07 -2.8595375923169e-07 -3.2978401917426e-07)
(-6.5853647268679e-07 -7.5884814927078e-07 -3.990282929233e-07)
(-3.6751372541381e-07 -9.9660163978396e-07 -4.7317069141859e-07)
(-6.7104230044783e-08 -1.0432162816844e-06 -4.8441078566294e-07)
(2.0709851350795e-07 -8.5930235772926e-07 -4.1420904821224e-07)
(5.0707162490202e-07 -6.2022745078007e-07 -3.699294443244e-07)
(8.072426905918e-07 -3.7842566370403e-07 -4.0030266620754e-07)
(8.799452071718e-07 -6.0660933741147e-08 -4.0305389019866e-07)
(7.4472698016398e-07 2.438993698473e-07 -3.6632853502398e-07)
(4.6626295261308e-07 4.6542503155795e-07 -3.1212541390092e-07)
(1.515260358152e-07 6.2414399171067e-07 -3.0724166574103e-07)
(-1.8098030154719e-07 7.7200625728857e-07 -3.7903306213203e-07)
(-5.2264608847888e-07 8.6696829793334e-07 -4.7869207741846e-07)
(-7.5117273096022e-07 7.1416005275591e-07 -5.0184296450235e-07)
(-7.6116888460678e-07 3.6152250259893e-07 -4.1528874160495e-07)
(-1.3933042334948e-06 -2.3322846517495e-07 -3.227179271566e-07)
(-2.7037698228881e-06 -4.6660160521774e-07 3.6530467239825e-07)
(-2.588383045569e-06 -4.4147823396923e-07 1.956868023825e-06)
(7.2352689342305e-07 9.5156752387582e-08 4.2201303089819e-06)
(8.3823483963195e-06 1.3290277074915e-06 6.8300340023869e-06)
(2.1409742322968e-05 3.4513832765809e-06 9.0372163407396e-06)
(3.927980640083e-05 6.3840657852155e-06 1.0030572877277e-05)
(6.0284280376833e-05 9.8633806335402e-06 9.0891731327826e-06)
(8.1754237298049e-05 1.3442225829645e-05 5.8686581850669e-06)
(0.00010076685805169 1.6648244173416e-05 6.3771655477888e-07)
(0.00011540511530555 1.9206782318563e-05 -5.8873101717006e-06)
(0.00012535803102997 2.107285030203e-05 -1.3198704158788e-05)
(0.00012980139937027 2.192959510487e-05 -2.0850757422407e-05)
(0.00012913067804186 2.1995565809708e-05 -2.8561997459537e-05)
(0.00012326489331019 2.1174011708033e-05 -3.5950848025653e-05)
(0.0001124255718232 1.9475872834547e-05 -4.2557720749213e-05)
(9.8242831863369e-05 1.7245846978162e-05 -4.7694931663554e-05)
(8.2032108932468e-05 1.451931138805e-05 -5.1041026911102e-05)
(6.7012044807082e-05 1.199021264037e-05 -5.2510791317278e-05)
(5.4729305194512e-05 9.8866249463736e-06 -5.2805499578127e-05)
(4.5301208942597e-05 8.2107411302773e-06 -5.2550240429789e-05)
(3.8661403397654e-05 6.9889753059964e-06 -5.2108113986086e-05)
(3.3647236926779e-05 6.0577072813289e-06 -5.1970623885125e-05)
(2.8813233316214e-05 5.181900128702e-06 -5.2052654997496e-05)
(2.370445873395e-05 4.269658256316e-06 -5.1796037488136e-05)
(1.8701315801816e-05 3.3667017159962e-06 -5.1051516240111e-05)
(1.4456091245667e-05 2.6216530981352e-06 -4.9864533129327e-05)
(1.1014861231655e-05 2.0115660294121e-06 -4.8384748148945e-05)
(8.5769078522633e-06 1.5788216245683e-06 -4.6706189547604e-05)
(6.9000260913888e-06 1.2692771715512e-06 -4.5035955895285e-05)
(5.6434703067229e-06 1.0339226200923e-06 -4.3375299733451e-05)
(4.5909708040388e-06 8.3755506285551e-07 -4.1711404695711e-05)
(3.5139324758297e-06 6.3072755060992e-07 -3.9926701223991e-05)
(2.5953224101742e-06 4.5576099692408e-07 -3.8024293649994e-05)
(1.8257313061651e-06 3.0846310139983e-07 -3.601448872483e-05)
(1.3023996389068e-06 1.9966590673823e-07 -3.3933002825534e-05)
(8.4816709482997e-07 1.0730480001243e-07 -3.186987351358e-05)
(3.6541680641336e-07 1.4135663802192e-08 -2.9737144635207e-05)
(-1.1149979654508e-07 -6.1609382518226e-08 -2.758664458766e-05)
(-8.0693564631982e-07 -1.6640730485802e-07 -2.5356551925848e-05)
(-1.5632321094733e-06 -2.7936973394016e-07 -2.2985708157253e-05)
(-2.3884905249399e-06 -4.0803053371547e-07 -2.0536282725545e-05)
(-3.2507431362098e-06 -5.505893553461e-07 -1.7891543242075e-05)
(-3.8163887542331e-06 -6.4861562614893e-07 -1.5049288803289e-05)
(-4.0694905229086e-06 -7.1179105901675e-07 -1.2087022261249e-05)
(-3.8917201431471e-06 -7.4153313961268e-07 -8.8945106146475e-06)
(-2.9309944406403e-06 -5.7788570870671e-07 -5.6588556933054e-06)
(-1.2893181206178e-06 -2.3584361800049e-07 -2.6739620401474e-06)
(2.167663980256e-05 -3.9174478406444e-06 9.1307205018206e-06)
(-3.0050663300127e-06 8.1842575360115e-07 2.784535599375e-07)
(5.6892652323281e-07 1.5197070364591e-07 4.3084095372387e-06)
(6.0862136215847e-05 -1.1209150411594e-05 9.1227392660799e-06)
(0.00010143673340202 -1.8432542691816e-05 6.3289770338025e-07)
(0.00012628353433334 -2.2918417806352e-05 -1.3188721999304e-05)
(0.0001301478092924 -2.3506531220343e-05 -2.8559643677564e-05)
(0.0001132241853545 -2.0265839435875e-05 -4.2589320553982e-05)
(8.2235308326361e-05 -1.4411862847238e-05 -5.1054430363006e-05)
(5.4546317325976e-05 -9.320816545481e-06 -5.2749491736512e-05)
(3.857364179103e-05 -6.487025278654e-06 -5.2051289840261e-05)
(2.8856719227404e-05 -4.8582235111917e-06 -5.2024801045118e-05)
(1.877734196757e-05 -3.1722654122418e-06 -5.1053330370156e-05)
(1.1053820521276e-05 -1.8680909959223e-06 -4.8394026975492e-05)
(6.9101195256751e-06 -1.167203153117e-06 -4.5051426045671e-05)
(4.590374182753e-06 -7.8768350635103e-07 -4.1718226461444e-05)
(2.6015988088115e-06 -4.7303677287562e-07 -3.8034362876008e-05)
(1.2954771712113e-06 -2.6477781833972e-07 -3.3946161841885e-05)
(3.5812664766019e-07 -9.4538574895009e-08 -2.9749143238612e-05)
(-8.0878174117138e-07 1.3902446730978e-07 -2.5371763446323e-05)
(-2.3909359403466e-06 4.4760367656323e-07 -2.0563838940898e-05)
(-3.8209971976443e-06 6.8152427532941e-07 -1.5109240540339e-05)
(-3.9535463578753e-06 6.8329791974261e-07 -9.1380913768091e-06)
(-2.140640084562e-07 -1.0448038232787e-06 -4.9001830310682e-07)
(-7.1867137907262e-07 -5.2170544972691e-07 -3.557415093176e-07)
(-5.218961077575e-07 -9.1002245963162e-07 -4.4115177863359e-07)
(7.4448476663125e-08 -9.8139202359517e-07 -4.5774927258015e-07)
(3.4047652533046e-07 -7.2553005321225e-07 -3.7491415897828e-07)
(6.6866867788355e-07 -5.0732512866707e-07 -3.8263897152982e-07)
(8.8329879172885e-07 -2.2287308966717e-07 -4.0988883037543e-07)
(8.444336021343e-07 9.9181667285549e-08 -3.8908544204393e-07)
(6.0856993450559e-07 3.6184417363672e-07 -3.3849676257293e-07)
(3.1358453878144e-07 5.5949101828587e-07 -2.9841241122503e-07)
(-1.7108699817644e-08 6.9540391180666e-07 -3.3500430977789e-07)
(-3.4851815967512e-07 8.3388215524153e-07 -4.3150724184896e-07)
(-6.5539001572696e-07 8.2374194946844e-07 -5.0426398329602e-07)
(-8.1952240087456e-07 5.730897184728e-07 -4.7119468729589e-07)
(8.8431398836915e-05 -3.2355521874103e-05 3.4133136282643e-06)
(-1.8608755879492e-06 -1.2129069554459e-06 -4.1554660139214e-06)
(-1.5294015372912e-06 -1.5614098536086e-06 -4.092736036821e-06)
(-1.1058970674169e-06 -1.757664980675e-06 -3.90179573331e-06)
(-7.078627493562e-07 -1.8950249649548e-06 -3.8124819899458e-06)
(-3.0643338414226e-07 -1.9793486184296e-06 -3.7809679322473e-06)
(9.0811064047805e-08 -1.9880441954994e-06 -3.759875397739e-06)
(4.8391034248425e-07 -1.9185680855328e-06 -3.7453948944743e-06)
(8.5440115560073e-07 -1.7722658182154e-06 -3.7387843309797e-06)
(1.1847437883702e-06 -1.5611615821501e-06 -3.7392704370161e-06)
(1.4744103352379e-06 -1.2856866495126e-06 -3.7412542567045e-06)
(1.7028782203116e-06 -9.6337809370398e-07 -3.7445823080082e-06)
(1.862434155838e-06 -5.9894173395975e-07 -3.7479497576425e-06)
(1.9482906742835e-06 -2.0620688766534e-07 -3.7501959344379e-06)
(1.9562151077319e-06 1.8887679710248e-07 -3.7491606400205e-06)
(1.8847061820304e-06 5.8524388645241e-07 -3.7454283169021e-06)
(1.7337103739335e-06 9.5546054358993e-07 -3.7420781804128e-06)
(1.5080399287404e-06 1.2846461527337e-06 -3.7392118890721e-06)
(1.2158470043255e-06 1.5659895622172e-06 -3.736686319845e-06)
(8.7884636232724e-07 1.7795440360988e-06 -3.7325934392613e-06)
(4.9934832103733e-07 1.9221015256283e-06 -3.7294599049089e-06)
(9.9209586272924e-08 1.9828167180617e-06 -3.7284946636835e-06)
(-2.9966753871897e-07 1.962960263358e-06 -3.735186674363e-06)
(-6.9332885052053e-07 1.8636533916164e-06 -3.7464243199387e-06)
(-1.0481148522494e-06 1.6827668479274e-06 -3.741857144121e-06)
(-1.3540524988452e-06 1.4239386831574e-06 -3.7164111958052e-06)
(-1.673541611728e-06 1.1434585024776e-06 -3.8169341624527e-06)
(-2.0909731581997e-06 8.1356264061007e-07 -4.1806613114375e-06)
(-2.030551351936e-06 -9.7778735761573e-07 -8.3304735022344e-08)
(-3.3296127405305e-06 1.6288550816359e-06 1.0151814150861e-06)
(6.8892531130062e-05 -2.5232850346043e-05 7.754168059336e-06)
(2.9063690785609e-05 -1.0524545326451e-05 9.8730752133887e-06)
(-2.2870835585428e-06 1.1927727803627e-06 -3.1339020700709e-07)
(1.9288566398629e-06 -1.1503604180789e-06 -3.0439761485111e-07)
(0.00011655511331238 -4.2554396321321e-05 -9.4728911790251e-06)
(3.6826081739253e-06 -9.9634174041471e-07 5.7095238543177e-06)
(0.00012553924786952 -4.5862267297271e-05 -2.4714285920241e-05)
(0.00011430651315157 -4.1693554976287e-05 -3.9427356863053e-05)
(8.6524813196409e-05 -3.1321228577609e-05 -4.9660951072792e-05)
(5.7660623801378e-05 -2.069301639652e-05 -5.2696849089613e-05)
(3.9619503654434e-05 -1.40437149193e-05 -5.223542149579e-05)
(2.9898576815607e-05 -1.0531075077467e-05 -5.1967918234667e-05)
(2.0315459774758e-05 -7.1654407513416e-06 -5.1474072040852e-05)
(1.2147402680756e-05 -4.312494351449e-06 -4.9175097362337e-05)
(7.3535593698161e-06 -2.6151503348707e-06 -4.5890585028147e-05)
(4.8867456845121e-06 -1.7448677605412e-06 -4.2561874884029e-05)
(2.9110535522836e-06 -1.0654652293099e-06 -3.8992133681458e-05)
(1.4639918682322e-06 -5.7150105719405e-07 -3.4988881679142e-05)
(5.6083641091125e-07 -2.3059218458185e-07 -3.0832383193192e-05)
(-4.1799482439505e-07 1.4751695801584e-07 -2.6529418674851e-05)
(-1.8608556482832e-06 7.067511448933e-07 -2.1843782148272e-05)
(-3.4002496687651e-06 1.2558011397913e-06 -1.6598327740819e-05)
(-3.9159576978011e-06 1.3930573265041e-06 -1.0837277699122e-05)
(-1.5084806325444e-06 -2.0670375483136e-06 -2.3827667328986e-07)
(2.2974176174199e-06 -3.3359755762767e-07 -3.1838502615023e-07)
(-7.5481355742404e-07 -2.6345684150291e-06 -4.1923378705667e-07)
(4.5746084427423e-08 -2.6822515995945e-06 -4.4150106158625e-07)
(-1.8543300338002e-06 -1.6244792024962e-06 -1.0719801365495e-07)
(-3.511770654415e-07 -2.7539580432708e-06 -4.4730963310067e-07)
(-1.7278769963228e-06 1.0439100638705e-06 3.1105596185205e-06)
(-1.8281321591298e-06 -7.1044682954326e-07 -3.7028102332432e-06)
(1.5631899075569e-06 -1.4834821640488e-06 -2.8480512228286e-07)
(-1.1363619476518e-06 -2.3933247097119e-06 -3.4850087932488e-07)
(2.1871583850684e-06 -7.6272457865744e-07 -3.1285347745253e-07)
(1.1666983881076e-06 -1.7958885948901e-06 -2.9470773995468e-07)
(2.0704514125647e-06 5.048449751676e-07 -3.0542572830492e-07)
(1.4493377355916e-06 1.164026499489e-06 -2.6119353159575e-07)
(6.657136435193e-07 1.638437170311e-06 -2.4983541295899e-07)
(-1.8193827494902e-07 2.0860104194634e-06 -3.1921318032206e-07)
(-1.0893480495626e-06 2.3566065848626e-06 -4.3961059015008e-07)
(-1.7943035054468e-06 2.0230191132941e-06 -4.9211842027801e-07)
(0.00012245038557346 -4.4701679292413e-05 -3.2295152181545e-05)
(0.00010460325846169 -3.8252549838944e-05 -2.5080535488455e-06)
(0.00012363272664988 -4.5122572374596e-05 -1.6977126194282e-05)
(4.8114670481901e-05 -1.7596302091673e-05 9.9126923128126e-06)
(-2.7361690299334e-06 -1.0724954283098e-06 1.1083596622973e-06)
(-1.4032311531307e-06 -6.9669923138481e-07 2.9047146794735e-06)
(3.6763311715309e-06 1.0994131943553e-06 5.482989389982e-06)
(1.3665157529851e-05 4.6241640687981e-06 8.0145170040193e-06)
(2.8536464773842e-05 9.8496660588045e-06 9.7013856468139e-06)
(4.7220178890888e-05 1.6438774069287e-05 9.7876920377376e-06)
(6.7773024365601e-05 2.367923757175e-05 7.7121578715912e-06)
(8.727804902216e-05 3.0589234611431e-05 3.4152888860187e-06)
(0.00010328789667203 3.6365431876428e-05 -2.5001030791952e-06)
(0.00011506641214308 4.0682389628951e-05 -9.4694955724592e-06)
(0.00012196686191848 4.3356911627221e-05 -1.6972033552519e-05)
(0.0001238344817631 4.4302211676847e-05 -2.4712603050722e-05)
(0.00012076998906175 4.3433359031544e-05 -3.2288509906425e-05)
(0.0001128005942651 4.0781293927766e-05 -3.9400555313495e-05)
(0.00010070181338536 3.6536887754719e-05 -4.5333951880183e-05)
(8.5998837705208e-05 3.1332001483065e-05 -4.9620996974534e-05)
(7.0915498927738e-05 2.5960098897995e-05 -5.2005522594582e-05)
(5.7840906429864e-05 2.1214672109105e-05 -5.2772878896658e-05)
(4.7538727769494e-05 1.7436444227154e-05 -5.2768331399805e-05)
(3.9805255682001e-05 1.4575315359249e-05 -5.2345189845386e-05)
(3.4447605388878e-05 1.2578412686955e-05 -5.2001892810518e-05)
(2.9879140403359e-05 1.0902017065494e-05 -5.2025454422063e-05)
(2.5036126344628e-05 9.1371003968971e-06 -5.1986422567404e-05)
(2.0172782119776e-05 7.3775149886916e-06 -5.1481977245754e-05)
(1.5732963741558e-05 5.7836628640222e-06 -5.0498577704982e-05)
(1.2056950960346e-05 4.4581993768519e-06 -4.9157085635143e-05)
(9.2312469260189e-06 3.4272295494184e-06 -4.755732596961e-05)
(7.3134927582369e-06 2.7175815026055e-06 -4.5862737856471e-05)
(5.949877374284e-06 2.2121389722704e-06 -4.4202689001285e-05)
(4.8843975582739e-06 1.807133225523e-06 -4.2544778063317e-05)
(3.8368198186934e-06 1.4132647647705e-06 -4.0835683685689e-05)
(2.9011435290485e-06 1.0622445093497e-06 -3.8975551388538e-05)
(2.0923479795392e-06 7.5998234050035e-07 -3.702575232409e-05)
(1.4674973177075e-06 5.1550946055901e-07 -3.4960928921277e-05)
(1.0385541713599e-06 3.3838527690027e-07 -3.289417314097e-05)
(5.7163554731381e-07 1.554553371798e-07 -3.080454754078e-05)
(1.4500797342104e-07 -1.6721284115822e-09 -2.8657675526183e-05)
(-4.1333465764284e-07 -1.9365462659018e-07 -2.6488664829785e-05)
(-1.1318622380121e-06 -4.3731900358397e-07 -2.4176490148409e-05)
(-1.8675773390855e-06 -6.8942012412685e-07 -2.1765953098552e-05)
(-2.6973708755544e-06 -9.7418640626785e-07 -1.9244439962545e-05)
(-3.4019207436983e-06 -1.2051131265585e-06 -1.6503921891456e-05)
(-3.7886427797732e-06 -1.3355536930809e-06 -1.3624666302261e-05)
(-3.8708580272616e-06 -1.4089497972736e-06 -1.0572714506889e-05)
(-3.1995273380752e-06 -1.3830605497162e-06 -6.9801294198203e-06)
(1.3929106766226e-05 -4.8649164194382e-06 8.2019959390865e-06)
(7.9310592947232e-07 -2.117222239918e-06 -3.4295236018766e-07)
(0.00010176499334603 -3.6996480717801e-05 -4.5399331591097e-05)
(7.1024314330561e-05 -2.5623378207828e-05 -5.198455810194e-05)
(4.7299524395257e-05 -1.6865766254088e-05 -5.2654551467844e-05)
(3.4369349445204e-05 -1.2124974429072e-05 -5.1920067885036e-05)
(2.5135552144444e-05 -8.8514576586973e-06 -5.1951097648373e-05)
(1.5860952159652e-05 -5.61218650656e-06 -5.0512071354525e-05)
(9.3015164042038e-06 -3.303932800506e-06 -4.7579629018496e-05)
(5.9657668969579e-06 -2.1282995434536e-06 -4.4227437717896e-05)
(3.8429321244878e-06 -1.3841759393056e-06 -4.0847671888762e-05)
(2.0988907271759e-06 -7.9331655770034e-07 -3.7049626742404e-05)
(1.0292781825221e-06 -4.0807220631349e-07 -3.2921917256337e-05)
(1.3147638343299e-07 -6.5669299551004e-08 -2.8691827188942e-05)
(-1.1230824292025e-06 4.2148861679111e-07 -2.4243150268637e-05)
(-2.6897458867707e-06 1.009500550243e-06 -1.9333130591071e-05)
(-3.7955764520222e-06 1.3772060886152e-06 -1.3775433455766e-05)
(-3.4759697061241e-06 1.2548507142976e-06 -7.6418546977918e-06)
(4.352241016448e-07 -2.4539712176226e-06 -4.0742612364454e-07)
(1.7895580506163e-06 8.6394552844146e-07 -2.9059679688736e-07)
(2.2524532406345e-06 9.4493218985e-08 -3.1621148113602e-07)
(1.0659133903645e-06 1.4226374958817e-06 -2.431666081392e-07)
(2.492945990761e-07 1.8635735936e-06 -2.8140651246512e-07)
(-6.2939341817268e-07 2.2746683596729e-06 -3.7929011162873e-07)
(-1.4961398976326e-06 2.275692040444e-06 -4.807424460277e-07)
(-2.0415654890514e-06 1.6626465493174e-06 -4.4151037277138e-07)
(-2.7826232869844e-06 2.0574484731166e-06 2.1245469675173e-06)
(-2.0638659766943e-06 -2.6527648931394e-06 -6.6272975952924e-06)
(-1.4419598259517e-06 -2.9617366980016e-06 -6.4375328178904e-06)
(-8.1844069132695e-07 -3.1861774788057e-06 -6.4201338582718e-06)
(-1.6513322294654e-07 -3.2729479604945e-06 -6.3919895544162e-06)
(4.8554463705671e-07 -3.2212850444906e-06 -6.3505215025992e-06)
(1.1169908324241e-06 -3.0432266345921e-06 -6.3204525250517e-06)
(1.6967523710084e-06 -2.7513637843996e-06 -6.3072530075983e-06)
(2.2106762618648e-06 -2.3504834405952e-06 -6.3056110960294e-06)
(2.631746558573e-06 -1.8516282674959e-06 -6.3083531031628e-06)
(2.9458533280596e-06 -1.2859278268408e-06 -6.3119139708587e-06)
(3.1487902768874e-06 -6.6226950822589e-07 -6.3147815352368e-06)
(3.224131470487e-06 -1.2290598490294e-08 -6.3161165061876e-06)
(3.1689810487713e-06 6.4069918913278e-07 -6.3165189230059e-06)
(2.9826070723355e-06 1.2733784063741e-06 -6.3152522823288e-06)
(2.6767187643911e-06 1.8505781395716e-06 -6.3129841875586e-06)
(2.2543291074329e-06 2.3599340904434e-06 -6.3097689271418e-06)
(1.7338072623294e-06 2.7683614031188e-06 -6.306198075179e-06)
(1.142974454057e-06 3.059498884484e-06 -6.3021710989286e-06)
(5.0032945096674e-07 3.2248138325851e-06 -6.2990436237912e-06)
(-1.5588714328234e-07 3.2601242353203e-06 -6.3070800515352e-06)
(-8.1116155851677e-07 3.1694286190608e-06 -6.3384218036545e-06)
(-1.4310730946995e-06 2.9439929772687e-06 -6.3738332573218e-06)
(-1.9616893027431e-06 2.5836723073731e-06 -6.3187359211304e-06)
(-2.3822384264496e-06 2.1142169499072e-06 -6.1620715727201e-06)
(-2.87330598282e-06 1.6729637041111e-06 -6.5024886315533e-06)
(8.9542742926816e-05 -5.1413308409646e-05 5.6437489273923e-07)
(-1.3531385934063e-06 8.0088725170593e-07 -2.3139821613487e-05)
(3.0541740122235e-06 -1.4331170923735e-06 5.1089531105653e-07)
(8.6707656404041e-05 -4.9743173013421e-05 -4.7793825010771e-05)
(-1.3116257555757e-06 3.7380801569996e-06 3.1512928670387e-07)
(5.9059518361159e-05 -3.3735525929432e-05 -5.2483947303015e-05)
(-3.585807940426e-06 2.0519868371313e-06 -1.2472578901546e-05)
(3.3844077942091e-05 -1.907246381046e-05 -5.2019218420911e-05)
(2.5384724337736e-05 -1.4244546698296e-05 -5.1991996331661e-05)
(1.6720076463003e-05 -9.393234385436e-06 -5.1044642366164e-05)
(9.8417689883541e-06 -5.557529673083e-06 -4.8417073726573e-05)
(6.1139268040659e-06 -3.4729814156121e-06 -4.5066568720419e-05)
(-2.523142794001e-06 3.4272110355401e-06 2.706387091725e-07)
(3.077397734069e-06 -1.7787641656617e-06 -3.9934855130647e-05)
(1.6061511220772e-06 -9.6407242524259e-07 -3.6032691872503e-05)
(7.1717482869537e-07 -4.4053059009067e-07 -3.190063107384e-05)
(-9.6081918993574e-08 5.1095967665729e-08 -2.7667436052032e-05)
(-6.9025417981607e-07 4.0424876706108e-07 -2.5488747008978e-05)
(3.9773800780135e-05 -2.2518562742204e-05 -5.2466926423699e-05)
(-2.8092929845465e-06 1.6518606661434e-06 -1.8093067888658e-05)
(-7.8406150776875e-07 -4.1292213413362e-06 3.7338691669608e-07)
(-1.980626244633e-06 3.7292575061162e-06 2.9847252303718e-07)
(0.00010036549984526 -5.764279693858e-05 -4.2619758080993e-05)
(-2.4460707656078e-06 -1.7933033445704e-06 1.4077126031795e-06)
(-3.1399473811274e-06 2.2583671227707e-06 4.1923152338409e-07)
(-1.7974033940438e-06 -3.2424803081863e-06 6.0028962964543e-07)
(7.3033898111933e-05 -4.1877583852534e-05 5.8154526660417e-06)
(3.4000134876163e-06 -1.7409810861003e-07 4.7451751553075e-07)
(2.9164220479659e-06 1.0608921018003e-06 4.6338055383855e-07)
(7.0747983996582e-08 3.189405618031e-06 3.9999382091703e-07)
(-1.3273819798636e-06 -3.7706838281157e-06 4.4268844600955e-07)
(3.348968751219e-06 -8.198084143517e-07 4.9381623572137e-07)
(2.0211402750563e-06 -2.5031229815001e-06 4.8781076249818e-07)
(1.9186279592328e-06 2.0349365711351e-06 4.6729689891404e-07)
(7.1923208101747e-07 2.8051995650249e-06 4.3266389266675e-07)
(3.2520507991734e-06 4.6376505797231e-07 4.6232412196492e-07)
(-6.0948528510668e-07 3.5205444504633e-06 3.6004614882182e-07)
(3.9973608113148e-06 -2.2871275753609e-06 -4.1725313410021e-05)
(4.0930088349575e-07 -4.0440561199378e-06 3.4476734588257e-07)
(7.5363588013931e-06 -3.8429704573899e-06 7.0799723083621e-06)
(-2.866488527661e-06 2.8742289980182e-06 2.2777986431999e-07)
(0.00011572224520109 -6.649934732651e-05 -2.0830652261165e-05)
(5.4269571775135e-05 -3.1000593934334e-05 9.1102692440254e-06)
(0.00011097103679772 -6.3749420174264e-05 -1.3197562402737e-05)
(3.5529250672014e-05 -2.0122003072693e-05 1.0199280316838e-05)
(3.765924139269e-07 -2.4391795735081e-07 4.0710759470958e-06)
(7.6052102878906e-06 3.8322816702342e-06 6.8225998531599e-06)
(1.9219144442645e-05 1.0455362707422e-05 9.0150429089489e-06)
(3.4669101749443e-05 1.9282305138053e-05 9.9510947461904e-06)
(5.2942797800614e-05 2.9671947871976e-05 8.9589847729891e-06)
(7.1508127393141e-05 4.0235442409807e-05 5.7782244919265e-06)
(8.791442119538e-05 4.9637318931238e-05 5.5791992149701e-07)
(0.00010100894243857 5.7242951921281e-05 -5.8812994572479e-06)
(0.00010904404470666 6.210430569153e-05 -1.3166099039577e-05)
(0.00011375376135561 6.5125659909489e-05 -2.0811672955925e-05)
(0.00011297692317902 6.4978302181992e-05 -2.8513575488331e-05)
(0.00010803979240734 6.239721998635e-05 -3.5956953646341e-05)
(9.8849501744684e-05 5.7249139075297e-05 -4.25888687697e-05)
(8.5778681976447e-05 4.9772657538533e-05 -4.7737437205808e-05)
(7.2435728402013e-05 4.2067316407229e-05 -5.110415561741e-05)
(5.9010143718311e-05 3.4247878824128e-05 -5.2573244136328e-05)
(4.8255200882931e-05 2.7957146470644e-05 -5.2879910373649e-05)
(3.9945156308888e-05 2.306855617488e-05 -5.2605928473344e-05)
(3.3946090141136e-05 1.9555946557418e-05 -5.2130866583528e-05)
(2.9693646089001e-05 1.7098215705262e-05 -5.1975349724068e-05)
(2.5311893235324e-05 1.4595404853497e-05 -5.2044013900648e-05)
(2.0700821813514e-05 1.1967997301131e-05 -5.1790893954028e-05)
(1.6535788581206e-05 9.5950431381049e-06 -5.1035256169414e-05)
(1.2693004832136e-05 7.3937636944592e-06 -4.986093055988e-05)
(9.724158887472e-06 5.686306575641e-06 -4.83889404042e-05)
(7.4972331874605e-06 4.3917442463647e-06 -4.6700958984652e-05)
(6.0666635428755e-06 3.5563320765218e-06 -4.5031276514748e-05)
(4.9853732980181e-06 2.9183949277624e-06 -4.3368055414936e-05)
(3.9849613786995e-06 2.3272913567137e-06 -4.1703193430389e-05)
(3.0657989030884e-06 1.7888954569556e-06 -3.9907323955308e-05)
(2.2942819542949e-06 1.3346734281527e-06 -3.7995679529888e-05)
(1.5966404047076e-06 9.1776672436768e-07 -3.5990027321651e-05)
(1.1505909460048e-06 6.3850016248953e-07 -3.390360501717e-05)
(7.266793105843e-07 3.7512689445577e-07 -3.1846582913881e-05)
(3.3892361171955e-07 1.3815148256328e-07 -2.9719949224189e-05)
(-9.1099628118208e-08 -1.1029393666692e-07 -2.7574130325277e-05)
(-7.145201266846e-07 -4.5602218481628e-07 -2.5340474912327e-05)
(-1.3780950935035e-06 -8.2911171199261e-07 -2.2948683387781e-05)
(-2.099150968902e-06 -1.2402056550895e-06 -2.0485340537388e-05)
(-2.8429540994446e-06 -1.6354469201679e-06 -1.7869771560176e-05)
(-3.3482578760503e-06 -1.8651125843698e-06 -1.5094588951996e-05)
(-3.5861784602033e-06 -1.9892157339212e-06 -1.226023667233e-05)
(-3.4950362242999e-06 -2.0031355969936e-06 -9.4810034798676e-06)
(1.9523893794744e-05 -1.0830955863845e-05 9.2630017702685e-06)
(0.00010984432089526 -6.3141079674248e-05 -3.5966199393487e-05)
(1.5054532274254e-06 -3.0546796049241e-06 4.3496589458492e-07)
(2.5753998428044e-06 -1.9870206350412e-06 5.1346430163771e-07)
(-2.1864820429683e-06 -2.5895214501669e-06 9.0259517389333e-07)
(-3.5517794635317e-06 1.9694160477297e-06 -9.5702510898691e-06)
(0.0001149719457791 -6.6091094030353e-05 -2.8520499888977e-05)
(-3.3235705570096e-06 1.940321614467e-06 -1.5304727201168e-05)
(1.2845512100087e-05 -7.2324697244518e-06 -4.9884321992503e-05)
(2.0868592885704e-05 -1.1705448110396e-05 -5.1767238963592e-05)
(-2.7824168234205e-06 -2.2271598343692e-06 -7.2449691968965e-06)
(7.2770998971271e-05 -4.1671497439234e-05 -5.1079495611132e-05)
(2.9677654893076e-05 -1.6673488042172e-05 -5.1898811301053e-05)
(4.8124916374201e-05 -2.7385253991943e-05 -5.2753002072922e-05)
(7.5700823042494e-06 -4.2849485347255e-06 -4.673354745365e-05)
(4.998511356244e-06 -2.8443072340033e-06 -4.3398684469591e-05)
(2.3029843967896e-06 -1.3529768644329e-06 -3.8030432739559e-05)
(1.1495917752467e-06 -6.9919135090779e-07 -3.3954301983595e-05)
(3.2556848175707e-07 -2.0204109089469e-07 -2.9791349606588e-05)
(-1.8516986265169e-07 -4.2477691180091e-06 3.4821754934648e-07)
(-2.0604442705293e-06 1.2185703040364e-06 -2.0721247345783e-05)
(2.9439332817303e-07 3.6729512845372e-07 4.4783098382167e-06)
(2.4621463118935e-06 1.5838487499621e-06 4.691539671432e-07)
(1.3296969042117e-06 2.4249717449522e-06 4.5903181435959e-07)
(9.7904722696594e-07 -3.6019605490539e-06 3.7724120886463e-07)
(0.00010283077091429 -5.9050101144632e-05 -5.8979116731097e-06)
(3.2426244903087e-05 -2.6623708045363e-05 -5.2237434686986e-05)
(2.4438856347335e-05 -1.9955674440162e-05 -5.1937333769604e-05)
(-1.3530613735636e-06 -3.7637109145718e-06 -9.2230059687316e-06)
(-5.9316861674174e-07 -3.9627863501801e-06 -9.2412340204643e-06)
(2.082865942034e-07 -3.9959614118656e-06 -9.1608128426066e-06)
(1.0017968119594e-06 -3.8678326342335e-06 -9.0801702804458e-06)
(1.7460381458343e-06 -3.5700138534496e-06 -9.0301922346038e-06)
(2.4193829888641e-06 -3.1389353419865e-06 -9.0113864756048e-06)
(2.9975861512777e-06 -2.5879931705148e-06 -9.0098198174028e-06)
(3.4535643079162e-06 -1.9315369383247e-06 -9.0134308615056e-06)
(3.7753896434521e-06 -1.1983440010697e-06 -9.0167599816739e-06)
(3.9404114378327e-06 -4.1389971354319e-07 -9.0184701686952e-06)
(3.9495543700967e-06 3.8761258634041e-07 -9.0212710721582e-06)
(3.8017312169567e-06 1.1791246656176e-06 -9.0251548962528e-06)
(3.4935132575893e-06 1.9255559166502e-06 -9.0270884446832e-06)
(3.0421385071093e-06 2.5962349180724e-06 -9.0262402606549e-06)
(2.4606261963375e-06 3.1587916832004e-06 -9.0234758528587e-06)
(1.777967004073e-06 3.5937214619961e-06 -9.0189504511536e-06)
(1.0228876083658e-06 3.8842630016669e-06 -9.012479312893e-06)
(2.2494790175775e-07 4.0008325790188e-06 -9.014021348847e-06)
(-5.7791756732155e-07 3.9636241025012e-06 -9.0539091296083e-06)
(-1.3618617332472e-06 3.7725368974314e-06 -9.1493971647787e-06)
(-2.0956421451864e-06 3.422349524699e-06 -9.2417426435745e-06)
(-2.6919922672533e-06 2.923244218614e-06 -8.9914924215784e-06)
(-3.0756591172952e-06 2.3611424540035e-06 -8.4665904534582e-06)
(3.1976049201088e-06 1.0641213641434e-07 1.8612828189977e-06)
(-2.1251974072267e-06 1.8002283393151e-06 -1.9620381433812e-05)
(4.6281907720442e-07 -4.0681538347999e-07 -3.0881358669862e-05)
(1.1924279270079e-06 -1.0353640054174e-06 -3.4994404839204e-05)
(2.1041604798039e-06 -2.2627849099069e-06 1.9071811915603e-06)
(2.3602015467559e-06 -2.0027399854572e-06 -3.8995964857775e-05)
(3.8734883653036e-05 -3.1946216003365e-05 -5.26719236778e-05)
(2.5053497473868e-06 1.2116525782904e-06 1.844231787584e-06)
(1.636486566266e-07 -4.334595452114e-06 1.7856582602427e-06)
(7.0913234136177e-05 -5.8949169552946e-05 -4.9676510615979e-05)
(1.666210932353e-05 -1.358963298701e-05 -5.1462210487619e-05)
(0.00010040208615245 -8.3456487424375e-05 -3.2287698385139e-05)
(6.0499037647798e-06 -4.9895589512694e-06 -4.5898425912228e-05)
(2.8091525615261e-05 -2.2992074791467e-05 -5.1901755760977e-05)
(0.0001028204253753 -8.5420064679951e-05 -2.4703201410589e-05)
(-1.7686672864531e-06 4.1246535128112e-06 1.7098245738042e-06)
(4.7317360330018e-05 -3.9158938445612e-05 -5.2719710117223e-05)
(2.0595082969451e-05 -1.6800998137878e-05 -5.1928922087084e-05)
(8.8620461333503e-07 2.6232640068632e-06 1.7890156402881e-06)
(3.9879222048774e-06 -3.3171732393206e-06 -4.2567603045114e-05)
(1.7057529833034e-06 -1.4644536934889e-06 -3.7050570296473e-05)
(8.4186188226465e-07 -7.3678565649133e-07 -3.2943111963819e-05)
(-4.0265465300118e-07 -4.3494732273666e-06 1.8338784326181e-06)
(3.0505524492132e-06 -1.1239474206464e-06 1.9211837961398e-06)
(5.8239423873443e-05 -4.8322422448453e-05 -5.2008019597938e-05)
(8.3408253628227e-05 -6.933314797384e-05 -4.5419415965444e-05)
(-1.335901041313e-06 -3.5252469849068e-06 1.8575633558624e-06)
(7.2653861795927e-05 -6.0133137004947e-05 3.3408433338629e-06)
(1.5197867736867e-06 2.2103141010867e-06 1.8209674953947e-06)
(1.0012102647164e-05 -8.1850429576507e-06 -4.9180695902318e-05)
(-3.6511525303018e-07 3.5479458540876e-06 1.7216426409881e-06)
(-1.4607877981288e-06 1.2343701151868e-06 -2.2118985080993e-05)
(3.2145464030957e-06 -5.2145742354396e-07 1.8924829397392e-06)
(1.3047174032315e-05 -1.0646284491414e-05 -5.0512395046364e-05)
(1.1533527941456e-06 -3.456522573544e-06 1.7836218846018e-06)
(-2.688819573165e-06 -3.001324247495e-06 -9.4910569776751e-06)
(9.5430905154319e-05 -7.9230627816725e-05 -9.499463582962e-06)
(7.0744471564702e-07 -4.1066138379887e-06 1.7633667691607e-06)
(3.0123584182435e-06 7.0463047656821e-07 1.8439952634686e-06)
(-1.0802055610523e-06 3.964650914226e-06 1.6955024746608e-06)
(3.1323452306607e-06 -2.6268478980414e-06 -4.085234368038e-05)
(3.4171138043386e-06 1.9952246790285e-06 5.6112679790029e-06)
(-1.1016126495921e-06 -1.6328508534235e-06 2.9175756864698e-06)
(5.6812303802839e-05 -4.6800764843767e-05 7.712016690034e-06)
(0.00010120050584105 -8.4077193078789e-05 -1.6978072237267e-05)
(4.0018607734508e-05 -3.2669052397479e-05 9.9392516423951e-06)
(1.1492736560996e-05 -8.9063754378305e-06 8.3581739536299e-06)
(1.1694746359008e-05 8.8607674132685e-06 8.0811261756183e-06)
(2.3687052679279e-05 1.9040268530953e-05 9.6683094886685e-06)
(3.8675650845416e-05 3.1696733784202e-05 9.6727041049527e-06)
(5.5126368379994e-05 4.5515999153341e-05 7.566423041467e-06)
(7.0853022994459e-05 5.8709627408602e-05 3.2790427810672e-06)
(8.3809054546231e-05 6.9655089882647e-05 -2.6039483464232e-06)
(9.3339099474576e-05 7.7888508955136e-05 -9.5083047293107e-06)
(9.9141878976715e-05 8.3150002456967e-05 -1.6977877261787e-05)
(0.00010079634878163 8.4840737255906e-05 -2.4728900174664e-05)
(9.8393636673582e-05 8.3164778977181e-05 -3.2339027027613e-05)
(9.20287412895e-05 7.7948744242049e-05 -3.9496729999898e-05)
(8.2075481596968e-05 6.9623539830187e-05 -4.5461265002601e-05)
(7.0104627725271e-05 5.9464958435494e-05 -4.9739812529231e-05)
(5.7827693539098e-05 4.8940597549294e-05 -5.2114777105496e-05)
(4.711978373898e-05 3.9737930195355e-05 -5.2856535245122e-05)
(3.8720215356317e-05 3.2527833317058e-05 -5.2817417114287e-05)
(3.2389045042244e-05 2.7084100374426e-05 -5.2353677953033e-05)
(2.8045479967186e-05 2.3452961242042e-05 -5.1980128446431e-05)
(2.4330764946587e-05 2.0359095526633e-05 -5.1988276134408e-05)
(2.0404558737206e-05 1.7139311072583e-05 -5.1954575246231e-05)
(1.6435715117007e-05 1.385868537201e-05 -5.145727493305e-05)
(1.2830832352524e-05 1.0849998225639e-05 -5.048564712808e-05)
(9.8393835956301e-06 8.3413373883093e-06 -4.9146075616715e-05)
(7.5278264871506e-06 6.3947919374338e-06 -4.7543404327462e-05)
(5.9617605421496e-06 5.0700091733647e-06 -4.5848560315807e-05)
(4.8457373930935e-06 4.1252107768224e-06 -4.4185528868074e-05)
(3.9650833288375e-06 3.3692503958323e-06 -4.2520010672622e-05)
(3.1111256502018e-06 2.6463291544836e-06 -4.0799822138674e-05)
(2.3463069561681e-06 1.9953697301769e-06 -3.8932697557816e-05)
(1.6925465058705e-06 1.4342484626661e-06 -3.6979230422019e-05)
(1.1830621852345e-06 9.8783858315195e-07 -3.4911899309078e-05)
(8.3727835278711e-07 6.7767529806503e-07 -3.2843168391617e-05)
(4.7089901410261e-07 3.4896573687959e-07 -3.0760697689463e-05)
(1.234013890352e-07 4.0928033230754e-08 -2.861981364473e-05)
(-3.3488235743016e-07 -3.422397705522e-07 -2.6442833459148e-05)
(-9.2053886767416e-07 -8.2956696285745e-07 -2.410374749731e-05)
(-1.5323470579886e-06 -1.3536864306233e-06 -2.1632067232023e-05)
(-2.2161172861239e-06 -1.9342741226339e-06 -1.9023907803479e-05)
(-2.7941489091594e-06 -2.3007991350847e-06 -1.638647753339e-05)
(-3.1482646730521e-06 -2.4639008911255e-06 -1.3629678881064e-05)
(-3.2175555102099e-06 -2.5625442148849e-06 -1.0760626158775e-05)
(2.4320474188335e-05 -1.9540425626781e-05 9.997473235737e-06)
(9.3696148300519e-05 -7.7860704411661e-05 -3.9440885071155e-05)
(2.7194648094385e-06 -1.6264218649247e-06 5.8031925714499e-06)
(1.6286064796049e-06 -2.8377298516842e-06 1.8462677428877e-06)
(2.5401234772143e-06 -1.6603670369553e-06 1.9348864707396e-06)
(-3.0447586732797e-06 2.6081702646732e-06 -1.3977898716961e-05)
(8.5709790811684e-05 -7.1037699660589e-05 -2.5617893022841e-06)
(3.1379142034485e-07 3.2118719573145e-06 1.755379411034e-06)
(-9.2083696093633e-07 -4.0814239845248e-06 1.8523365205507e-06)
(-1.7029060081849e-06 1.9740235166689e-06 3.2293800581988e-06)
(7.6562630308729e-06 -6.2849129102927e-06 -4.7589622571344e-05)
(-8.7070817243239e-07 7.3614516103944e-07 -2.4477743754451e-05)
(2.0964638646077e-06 1.7890985037076e-06 1.8400519153882e-06)
(-2.3361103061305e-06 3.8473128024896e-06 1.7626433064997e-06)
(4.8894990668248e-06 -4.0466902037673e-06 -4.4238096036111e-05)
(1.2050222832282e-07 -1.0342151839528e-07 -2.8791804652066e-05)
(-3.0386468828828e-07 2.6047359003659e-07 -2.6704839735596e-05)
(-3.1351835026091e-06 2.8933524695343e-06 1.400475409728e-06)
(-2.7083078046763e-06 2.3074174171181e-06 -1.6892043012527e-05)
(-2.0328801430432e-06 -3.4202325431308e-06 -9.1009600849387e-06)
(-3.203212685808e-06 2.6408248594754e-06 -1.1107923261103e-05)
(-1.567886930418e-06 -2.7875366238521e-06 2.1871818915441e-06)
(-2.0083335192296e-06 2.3856898555436e-06 -1.8613005744819e-05)
(1.1822012906061e-06 -1.4488476534921e-06 -3.6035582670807e-05)
(-1.9585774828954e-07 -4.1410325052021e-06 -1.202768781911e-05)
(6.475279448957e-07 -4.1102542923738e-06 -1.1865344244142e-05)
(1.4587921954116e-06 -3.8984963373315e-06 -1.1744784695796e-05)
(2.206075155606e-06 -3.5223727397883e-06 -1.1685018070347e-05)
(2.855695781445e-06 -2.9967614995606e-06 -1.1665777658357e-05)
(3.401317831004e-06 -2.3653269570035e-06 -1.1664604778572e-05)
(3.8064273257469e-06 -1.6346768296347e-06 -1.167066617577e-05)
(4.0592073550705e-06 -8.3869906523996e-07 -1.1678316803039e-05)
(4.1590114916209e-06 -1.0233589006873e-08 -1.1684239606418e-05)
(4.0725063196699e-06 8.2140686742791e-07 -1.1687337449837e-05)
(3.8296909812546e-06 1.6246571855707e-06 -1.1689525256069e-05)
(3.429373263868e-06 2.3656004625167e-06 -1.1692053542253e-05)
(2.8833880182107e-06 3.0079823906991e-06 -1.1694103996815e-05)
(2.2283805208006e-06 3.5389348996306e-06 -1.1689880181782e-05)
(1.4770603580657e-06 3.9160507854327e-06 -1.1677825332395e-05)
(6.7373478331206e-07 4.1350992861243e-06 -1.1669176759748e-05)
(-1.4987496346633e-07 4.1869962738916e-06 -1.1697877398728e-05)
(-9.6463813251086e-07 4.057804063852e-06 -1.1806726922162e-05)
(-1.759925120432e-06 3.7672677995012e-06 -1.2019333407892e-05)
(-2.5502250383126e-06 3.2519847933886e-06 -1.2329667616932e-05)
(-6.63287361878e-07 1.8631219585253e-06 3.6451734677753e-06)
(-2.3534527800129e-06 -3.3850568524682e-06 -1.1393371964671e-05)
(2.7139454766666e-05 -3.0862400906319e-05 1.0241158223828e-05)
(5.4743722932741e-05 -6.3727225180194e-05 5.7598140898788e-06)
(-1.8829919522767e-08 -1.6920596684321e-06 3.7762859281054e-06)
(3.5998214164093e-05 -4.2101339255085e-05 -5.2781577235752e-05)
(-2.850380415032e-06 3.4642228748582e-06 1.6662198386024e-06)
(2.2106009618799e-05 -2.5610457432326e-05 -5.1879340983982e-05)
(8.5981845084109e-05 -0.0001008836629918 -2.8538763027438e-05)
(5.4361264886048e-05 -6.3854453952761e-05 -5.1101997707233e-05)
(-1.7634517317991e-06 -3.7238008940873e-06 -1.1924719566336e-05)
(1.5730850049338e-05 -1.8133045031258e-05 -5.1748628849119e-05)
(4.8924556493311e-07 -3.1037978058159e-07 3.8474620867531e-06)
(1.6813926250195e-06 -2.040737540873e-06 -3.8038848386734e-05)
(3.7084466098815e-06 -4.3785323623394e-06 -4.3405706955173e-05)
(2.462207318971e-07 -3.0276345123986e-07 -2.988370504692e-05)
(1.4993184957239e-05 -1.6641258881746e-05 9.4381430089552e-06)
(5.5891667891292e-07 -6.8727494169959e-07 -3.1944103395693e-05)
(1.351131082005e-07 -5.9557789202804e-07 3.8642958812714e-06)
(1.0618306302823e-07 -1.8857751135697e-06 3.8804547076632e-06)
(8.4473861774588e-07 -1.0392621302314e-06 -3.3970590469202e-05)
(1.0652227851967e-07 -1.3452888307713e-06 3.7450544245939e-06)
(6.5274282116189e-05 -7.6613486368548e-05 -4.7770106727415e-05)
(8.7515313716267e-08 -1.6426104303328e-06 3.7294695391497e-06)
(2.5346194404387e-05 -2.9442506088597e-05 -5.2026909894368e-05)
(-6.4434661978507e-08 1.3320337676874e-07 3.8028177483436e-06)
(1.0018777588546e-07 -1.8619186340552e-06 3.7849165777015e-06)
(8.3278491558689e-05 -9.7553221760904e-05 -1.3207267099281e-05)
(-2.7895023114098e-06 -2.9856633765767e-06 -1.2349652019351e-05)
(-1.0239308983019e-06 -3.9889900439747e-06 -1.2163375627012e-05)
(9.6554482252451e-06 -1.1152378677092e-05 -4.9875133140559e-05)
(5.5142819373847e-07 -1.7712250151465e-07 3.7900434848791e-06)
(4.5786081376496e-06 -5.3709973576053e-06 -4.5071540383347e-05)
(-6.5787013307605e-07 1.3378410503367e-06 4.1337845681885e-06)
(2.3084690943336e-07 6.8806976285956e-08 3.8090107580488e-06)
(-3.1887320294184e-07 7.8161218906996e-07 3.7305463094706e-06)
(4.2584613469198e-07 -5.9631278929926e-08 3.7973799586956e-06)
(-1.4568381174387e-06 1.7068607086564e-06 -2.1177017581646e-05)
(-1.0698524738986e-06 2.1604878308127e-06 3.7480014897898e-06)
(6.1793847938956e-06 6.0303311270068e-06 6.969753918631e-06)
(8.6346026739741e-05 -0.00010127526234215 -2.0835566721453e-05)
(4.0923920890891e-05 -4.7238154907895e-05 9.095676896735e-06)
(1.9021108405794e-05 -2.1970179640225e-05 -5.1970955728653e-05)
(-1.1232364024889e-07 5.3922202268662e-07 3.776656547172e-06)
(1.445696191116e-05 1.6143734916427e-05 9.016861824462e-06)
(2.5824036213619e-05 3.0178332146812e-05 9.8924416245347e-06)
(3.9317709835952e-05 4.6572038829122e-05 8.842018622138e-06)
(5.3058258056001e-05 6.3125868420298e-05 5.5461011779002e-06)
(6.525026096544e-05 7.7855224824569e-05 2.975788618309e-07)
(7.4608924175312e-05 8.9280738355588e-05 -6.1636567965605e-06)
(8.1197190752646e-05 9.7379107277325e-05 -1.3405483605696e-05)
(8.421790221523e-05 0.00010144118112844 -2.1038868109953e-05)
(8.387432117983e-05 0.00010139856060338 -2.8786674449635e-05)
(8.0162626545195e-05 9.7130062377841e-05 -3.624137549442e-05)
(7.3087209440831e-05 8.861904560773e-05 -4.28984274117e-05)
(6.3816537355123e-05 7.7267918846669e-05 -4.8017255065017e-05)
(5.3242484259585e-05 6.4429768553116e-05 -5.13008539721e-05)
(4.3441855499729e-05 5.2385764295473e-05 -5.2712202566047e-05)
(3.5479599953816e-05 4.25294336835e-05 -5.2932762385261e-05)
(2.9334287832324e-05 3.4994081941429e-05 -5.2598426992931e-05)
(2.5044459776582e-05 2.9801537193997e-05 -5.208347346443e-05)
(2.1815419154137e-05 2.5966972438149e-05 -5.1911531305915e-05)
(1.8698638773378e-05 2.2300553647439e-05 -5.1981782847446e-05)
(1.5390217976335e-05 1.8420408197698e-05 -5.1729950563918e-05)
(1.2131885631578e-05 1.4599336265421e-05 -5.099765560534e-05)
(9.3808861248871e-06 1.1305405114711e-05 -4.9817859423203e-05)
(7.1384084566132e-06 8.6236948832997e-06 -4.8325213258595e-05)
(5.5662487306394e-06 6.7257628780062e-06 -4.6641768789043e-05)
(4.4711483802131e-06 5.4166405591526e-06 -4.4966213908857e-05)
(3.6442522595101e-06 4.4158935489026e-06 -4.3298373090825e-05)
(2.9545523810875e-06 3.5724916034371e-06 -4.161580438877e-05)
(2.2534007482814e-06 2.7338756674451e-06 -3.9814056455223e-05)
(1.658395422707e-06 2.0159524820516e-06 -3.7901839327118e-05)
(1.1611321128289e-06 1.4058376287247e-06 -3.5883685209822e-05)
(8.2655137051371e-07 9.8694324772229e-07 -3.3796380260871e-05)
(5.4715701903826e-07 6.2584369343121e-07 -3.1736719516657e-05)
(2.4204775211551e-07 2.3716645788999e-07 -2.9616340238672e-05)
(-7.1059211788343e-08 -1.5553194039778e-07 -2.7464773922553e-05)
(-5.2593590792411e-07 -7.0975946728023e-07 -2.5203559741652e-05)
(-1.0253635902986e-06 -1.3255523203746e-06 -2.2760299773255e-05)
(-1.5817981070775e-06 -2.0348943351895e-06 -2.012440091269e-05)
(-2.1193936343649e-06 -2.7725798399564e-06 -1.705075493463e-05)
(-2.6512677158152e-06 -2.82920444444e-06 -1.4754030669023e-05)
(7.659213835657e-05 -8.9738628013093e-05 -5.9418886905572e-06)
(7.4882525118349e-05 -8.792830665668e-05 -4.2619518915048e-05)
(5.4729589496566e-06 -5.7570557687665e-06 7.2194187410264e-06)
(-1.7909224169043e-08 -8.1585053679205e-07 3.804548912806e-06)
(3.0827181303834e-07 -4.1701943223122e-07 3.8759264917631e-06)
(-4.6447095408674e-07 1.2610725432718e-06 3.6837376598503e-06)
(1.6370216563957e-07 -1.56051144416e-06 3.9089000822659e-06)
(4.4219649665115e-05 -5.1871909447149e-05 -5.2537763237836e-05)
(5.729876884501e-06 -6.6722699988984e-06 -4.6739075617147e-05)
(7.3708308169613e-06 -8.5475444934125e-06 -4.8407300127743e-05)
(-2.3970420694302e-06 2.9273746777436e-06 -1.5726672883075e-05)
(-4.2896268866268e-08 5.9913712292331e-08 -2.784085819188e-05)
(1.2459014683553e-05 -1.4376549737846e-05 -5.103941554604e-05)
(2.9997488347862e-06 -3.5623787475139e-06 -4.1729197189644e-05)
(2.9749857380932e-05 -3.4676233924057e-05 -5.249096736938e-05)
(8.2162501680394e-07 -2.3614787388646e-07 3.8094829455698e-06)
(6.6999863073231e-05 -7.8358172672264e-05 5.1320648090644e-07)
(8.2165153950042e-05 -9.6434349983144e-05 -3.5961903178373e-05)
(-8.9269325844147e-07 2.0870915745012e-06 3.6093094044909e-06)
(2.2876231532469e-06 -2.744827770614e-06 -3.9944119710672e-05)
(9.8240128295338e-07 4.2863298386386e-08 4.4769357871279e-06)
(-3.2471876223294e-07 -1.7790320943669e-06 3.517123425701e-06)
(-9.4442944265961e-07 1.1068488498745e-06 -2.3527670924337e-05)
(6.5873021371432e-05 -0.00011163218215428 -3.2302069063763e-05)
(1.046164636876e-06 -3.8561443671066e-06 -1.44148150572e-05)
(1.8018801652565e-06 -3.5803871807987e-06 -1.4275703902706e-05)
(2.4800818235756e-06 -3.1486430612139e-06 -1.4213877253785e-05)
(3.0509334179654e-06 -2.5874573845585e-06 -1.4199304468202e-05)
(3.4968902176008e-06 -1.9210368944817e-06 -1.420401773536e-05)
(3.812586383959e-06 -1.1848084105234e-06 -1.4214476119266e-05)
(3.9767268356089e-06 -4.0251759170818e-07 -1.4224617183302e-05)
(3.980388740727e-06 3.9845117542358e-07 -1.4231364138094e-05)
(3.8217507489987e-06 1.182913687937e-06 -1.4234538912719e-05)
(3.5053834018731e-06 1.9216802771822e-06 -1.4236301929198e-05)
(3.053302819728e-06 2.5904790973744e-06 -1.423811170241e-05)
(2.4752371314734e-06 3.1535864630229e-06 -1.4237214046497e-05)
(1.79838325496e-06 3.5899692209895e-06 -1.4228627245375e-05)
(1.0644033615645e-06 3.8849583149401e-06 -1.4213425579056e-05)
(3.035778565061e-07 4.0244109849303e-06 -1.421322100333e-05)
(-4.6059549841323e-07 4.0011516382039e-06 -1.4285995062196e-05)
(-1.1961429910389e-06 3.8062720537868e-06 -1.4496355462127e-05)
(-1.8710038329976e-06 3.4432239854446e-06 -1.4904523801155e-05)
(8.6213101225391e-06 -1.4353982191969e-05 -5.0490959853643e-05)
(4.753946162889e-05 -8.0183115832005e-05 3.3446967843605e-06)
(-3.8363057000573e-06 -4.3889745470526e-06 6.1585938400989e-06)
(6.7751456226227e-05 -0.00011477464255104 -2.4710455615968e-05)
(6.2625198510638e-05 -0.00010606477210135 -9.5063700423608e-06)
(-1.319845447441e-06 3.7863145232568e-06 6.0751032261191e-06)
(1.6156276954838e-05 -2.6998582283555e-05 -5.1927652900125e-05)
(4.6787034404407e-05 -7.9376507292294e-05 -4.9693391935465e-05)
(5.4223955318013e-07 -9.7761192257602e-07 -3.2958250352865e-05)
(-5.0870016475563e-06 2.3073177870121e-06 6.1264775157305e-06)
(-1.9573818407803e-08 -3.1637450008085e-06 5.9680118054151e-06)
(2.469168656026e-06 4.3168225248636e-06 6.2329474281026e-06)
(5.6379180566271e-05 -9.5405153467023e-05 -2.586877721872e-06)
(1.6470251800273e-05 -2.6666912738952e-05 1.0081827918473e-05)
(2.1409318231547e-05 -3.59888264907e-05 -5.2234577975907e-05)
(1.0902504061431e-06 -1.9456047779492e-06 -3.7056311887975e-05)
(1.1022904253797e-05 -1.835109039152e-05 -5.1442194615925e-05)
(-5.2682568494968e-06 2.4659714835385e-07 6.1052671247775e-06)
(-4.5724289161788e-07 5.4731587318412e-07 -2.5768125268952e-05)
(-3.5468982917145e-06 3.3760551306893e-06 6.0292255237479e-06)
(2.5546779982134e-05 -4.3071693421664e-05 -5.2708721939919e-05)
(-1.8503122492498e-06 -4.2047085026222e-06 6.0752717350819e-06)
(-2.4992904629279e-06 3.5924134300699e-06 6.0147778380167e-06)
(1.8498956758208e-05 -3.1005327807166e-05 -5.1903634754815e-05)
(-4.901762773264e-06 -2.9304428708557e-06 6.1402490663732e-06)
(-9.9584973134386e-08 4.4286895786519e-06 6.2230418094563e-06)
(-2.20286369604e-06 -3.3082637251891e-06 -1.3942580582902e-05)
(3.2235287646811e-06 -5.5070154975583e-06 -4.4246418320718e-05)
(-1.6994013544818e-06 2.9062169955435e-06 -1.7775158633276e-05)
(6.6429761703196e-05 -0.00011253994579436 -1.6990094214454e-05)
(-4.5012725010848e-06 -3.7687843023698e-06 6.1586456891246e-06)
(-5.0160161579367e-06 -1.8909006409114e-06 6.109880045748e-06)
(7.6497444593149e-07 -1.3728056923843e-06 -3.5004386000113e-05)
(-5.1956533939659e-06 -8.2642280750753e-07 6.098748103641e-06)
(-1.3180017570986e-06 2.1696823527709e-06 -2.0369630620755e-05)
(2.0441427401445e-06 -3.0890015645105e-06 6.2256458032469e-06)
(3.7348687579116e-05 -6.2566725703426e-05 7.7156143822396e-06)
(1.3561048953072e-05 -2.2608589786331e-05 -5.1918113903279e-05)
(-2.9427165477409e-06 -4.5808597492055e-06 6.1343228232877e-06)
(7.3780494815068e-06 1.1290061790164e-05 7.9539772262256e-06)
(1.4773193390736e-05 2.5373217589114e-05 9.6289483333359e-06)
(2.5045002650491e-05 4.3848007866956e-05 9.6119839016203e-06)
(3.6239245301155e-05 6.3562620219435e-05 7.2973095699801e-06)
(4.638495297779e-05 8.1325140847823e-05 2.769684965375e-06)
(5.4826500013497e-05 9.6320839308107e-05 -3.2606147780538e-06)
(6.0952070633209e-05 0.00010738153596324 -1.0230268576059e-05)
(6.425179182466e-05 0.00011344409079275 -1.7690785571079e-05)
(6.5531775186781e-05 0.0001160602053679 -2.5464096227837e-05)
(6.3669275249819e-05 0.00011294990589618 -3.307730581345e-05)
(5.9229339185239e-05 0.00010518816348561 -4.0255303977164e-05)
(5.2734101322939e-05 9.3627043646988e-05 -4.6079592709185e-05)
(4.4706786668156e-05 7.9179216894584e-05 -5.0188890250518e-05)
(3.6879997646483e-05 6.5087153675199e-05 -5.2375689665014e-05)
(2.9875085038828e-05 5.2431140386665e-05 -5.2956927936501e-05)
(2.4442459295808e-05 4.2626399522694e-05 -5.2813550461839e-05)
(2.0691775461571e-05 3.5941038343295e-05 -5.2254187046195e-05)
(1.7853655621071e-05 3.093583101808e-05 -5.189334511402e-05)
(1.5580871917906e-05 2.7052853771778e-05 -5.192362563339e-05)
(1.3026603149673e-05 2.2698008068596e-05 -5.1867389810396e-05)
(1.0492573312506e-05 1.8356352398882e-05 -5.1360535428275e-05)
(8.189900532669e-06 1.4365334558426e-05 -5.0376704644039e-05)
(6.211678365584e-06 1.0915675800257e-05 -4.9004857630009e-05)
(4.779427650105e-06 8.4095873577623e-06 -4.7377394419527e-05)
(3.8019432286338e-06 6.7005382356862e-06 -4.5672568016233e-05)
(3.071365768963e-06 5.4241687607518e-06 -4.4014033629805e-05)
(2.5159723599751e-06 4.4515682165535e-06 -4.2335044251837e-05)
(1.9609430809999e-06 3.4756617522535e-06 -4.0601592873551e-05)
(1.4763771401764e-06 2.6272394841359e-06 -3.8726969016999e-05)
(1.0475732691243e-06 1.8676442492001e-06 -3.6766319245765e-05)
(7.265677083786e-07 1.2909790976781e-06 -3.4683262941882e-05)
(5.2030785355518e-07 9.1115449331577e-07 -3.2615072944575e-05)
(2.7962736198903e-07 4.5399326990475e-07 -3.0527503720442e-05)
(7.2746668674907e-08 5.4962461205784e-08 -2.8386160424088e-05)
(-2.3066035960735e-07 -5.0377590684532e-07 -2.6202240376024e-05)
(-6.1327265340675e-07 -1.2006208967732e-06 -2.3845876971057e-05)
(-9.9447403321996e-07 -1.896330239665e-06 -2.1376055956866e-05)
(-1.3931411018067e-06 -2.7695910156639e-06 -1.858768611335e-05)
(5.4893010060107e-05 -9.3124973656251e-05 -4.5393470156458e-05)
(8.3048695640566e-06 -1.2871049318865e-05 8.654132377762e-06)
(-4.4683816142149e-06 2.9691561230845e-06 6.0855313900744e-06)
(-5.2111886426625e-06 1.3277261041093e-06 6.1188948340978e-06)
(-8.7237812766773e-07 -3.8984004194341e-06 6.0303271207173e-06)
(2.6442341280723e-05 -4.383580439563e-05 9.9242924232152e-06)
(1.3277257458437e-06 5.0074211781526e-06 6.3872985169048e-06)
(3.1123481357461e-05 -5.262608309259e-05 -5.2769223983815e-05)
(3.9966098798013e-06 -6.7619525134828e-06 -4.5895533258185e-05)
(5.0755736652517e-06 -8.517315017116e-06 -4.7582479932461e-05)
(-9.2375123773394e-07 1.4923107916281e-06 -2.264791186511e-05)
(6.1736357531933e-05 -0.00010465563629293 -3.9457536246456e-05)
(2.4464917509409e-06 2.4579652559571e-06 5.6487547223204e-06)
(3.0818953848164e-07 -5.5557873386229e-07 -3.0938151355935e-05)
(6.8057004317353e-07 -2.337065830406e-06 5.8651149706835e-06)
(-1.4715525062808e-06 -3.5386480542188e-06 -1.5253864133169e-05)
(6.6124472774566e-06 -1.1046671663844e-05 -4.9167182128502e-05)
(2.6043510033687e-06 -4.4990043108103e-06 -4.257400252806e-05)
(2.3612205337576e-07 -3.9449365672968e-06 -1.4655328952919e-05)
(3.8558561590498e-05 -6.5331744276938e-05 -5.2056616797388e-05)
(1.5196174808959e-06 -2.6795595647274e-06 -3.9001839810269e-05)
(9.4288047329155e-08 -1.5559357788777e-07 -2.8889711751278e-05)
(-5.9671264095789e-07 -3.852895420926e-06 -1.492447735488e-05)
(1.9886564959376e-06 -3.0472953826069e-06 -1.6719997638552e-05)
(2.5532439923012e-06 -2.5993199368712e-06 -1.6678253818603e-05)
(3.005704566853e-06 -2.0384069438969e-06 -1.6674313551833e-05)
(3.3444637335304e-06 -1.4001618092326e-06 -1.6682044678883e-05)
(3.5564226583961e-06 -7.1109593355941e-07 -1.6691914922948e-05)
(3.6310787262904e-06 6.8855125200972e-09 -1.6701898041815e-05)
(3.5538791540156e-06 7.248182058496e-07 -1.6709229673848e-05)
(3.338189881695e-06 1.413412519099e-06 -1.6713982331563e-05)
(2.9905458256435e-06 2.0497620796429e-06 -1.6716114810321e-05)
(2.5244418318954e-06 2.6077156322328e-06 -1.6716856159281e-05)
(1.9573840119102e-06 3.0596840285351e-06 -1.6717404175165e-05)
(1.3282217014281e-06 3.3899564259834e-06 -1.6711676687025e-05)
(6.7389288141797e-07 3.5948065077015e-06 -1.6689541751742e-05)
(1.1663019470253e-08 3.6706437440016e-06 -1.6671746710263e-05)
(-6.3974978959741e-07 3.5734703801701e-06 -1.6799498716573e-05)
(-1.2272144317907e-06 3.3125985614507e-06 -1.7161241126356e-05)
(4.477618039887e-05 -0.00011943614935689 -1.3188159082172e-05)
(3.5894045238779e-05 -9.5530794766512e-05 5.8102256358216e-07)
(2.0401109328822e-06 -3.5609653378489e-06 -4.0867126976603e-05)
(-1.5107684599494e-05 -3.8419807617246e-07 8.232934886532e-06)
(1.0340405230241e-05 -2.6992384568122e-05 -5.1964171114527e-05)
(-1.0799061935641e-05 1.0096191295498e-05 8.0930849760735e-06)
(2.6364722184517e-06 -1.1693995582341e-05 8.1431687064808e-06)
(-1.3165983718058e-05 -9.2256117531795e-06 8.2971700018263e-06)
(4.0758718713557e-06 -9.2673355464483e-06 7.8105692056402e-06)
(-1.4316122141268e-05 5.616516027728e-06 8.1730267285971e-06)
(4.6453364119478e-05 -0.00012347945012521 -2.8562149900176e-05)
(-2.4057926282217e-06 1.4498630165335e-05 8.2954720969808e-06)
(1.6177538325722e-05 -4.2571119105643e-05 -5.2496960249615e-05)
(-8.2466945583798e-06 1.1613459780963e-05 8.0799656766098e-06)
(-2.8709220916453e-06 -1.3760912940045e-05 8.2646563413008e-06)
(6.2168820065798e-07 -3.4799739873548e-06 -1.7122893289658e-05)
(1.2031341918806e-05 -3.1465421508129e-05 -5.1878379253381e-05)
(2.9522783393231e-05 -7.8355146861297e-05 -5.1125435927635e-05)
(2.8908885881243e-07 -8.5049422105197e-07 -3.194226412232e-05)
(1.3339885706555e-06 -3.3491470345261e-06 -1.6856157827906e-05)
(4.6559583273743e-05 -0.00012387619448197 -2.0836990583476e-05)
(6.7961881090225e-06 -1.7653563588138e-05 -5.1011909787793e-05)
(4.0484813242639e-05 -0.00010768868380235 -4.26118998612e-05)
(-1.4328470873803e-05 -6.4650260700062e-06 8.2747449671238e-06)
(5.9768813227994e-06 1.7525650701628e-05 8.7759558366624e-06)
(-1.0418331578529e-06 2.5702950129379e-06 -1.9721931373098e-05)
(-1.2964452146799e-05 8.142922259202e-06 8.1340595075526e-06)
(-5.4849700011953e-06 1.302284683817e-05 8.1482315594563e-06)
(4.0345311863427e-06 -1.0550056630752e-05 -4.8397707759466e-05)
(2.9234839829358e-05 -7.7547548646837e-05 5.7950960509143e-06)
(4.1112522018458e-05 -0.00010958473929299 -5.903782025435e-06)
(5.2791281066952e-06 -1.3744157046298e-05 -4.9848482992836e-05)
(-8.1526997528938e-07 -3.2382455809193e-06 -1.7802777192614e-05)
(8.5419247739416e-06 -2.2269726515823e-05 -5.1726283901217e-05)
(-5.9863703454036e-06 -1.3984075956581e-05 8.3142412951744e-06)
(1.3809280045859e-05 -3.6228734813318e-05 -5.2026625817236e-05)
(1.3212210816144e-05 3.8428531083254e-05 9.9030975847176e-06)
(2.1256627203431e-05 6.0562006775689e-05 8.4899833798439e-06)
(2.8987160810387e-05 8.1533762472129e-05 4.7265840719086e-06)
(3.5402311588213e-05 9.9136116990115e-05 -8.3427088170852e-07)
(4.0236312469256e-05 0.00011289725906332 -7.53248169501e-06)
(4.3342537344389e-05 0.00012186211273136 -1.4867862502683e-05)
(4.4715935951509e-05 0.00012581350758978 -2.2555490881245e-05)
(4.4274033267943e-05 0.00012484797976882 -3.0281331618751e-05)
(4.1929528488206e-05 0.00011821387188509 -3.7693774283817e-05)
(3.7885885083186e-05 0.00010691146711452 -4.4122021416165e-05)
(3.2700120652202e-05 9.2140654018829e-05 -4.8922415113518e-05)
(2.7134633524377e-05 7.6054850129468e-05 -5.1830328976204e-05)
(2.2066068529298e-05 6.1578596373165e-05 -5.289808877534e-05)
(1.802344534336e-05 4.9835531163403e-05 -5.2935439141532e-05)
(1.4990202580697e-05 4.1184614040196e-05 -5.2469202865888e-05)
(1.289321744683e-05 3.5298170565076e-05 -5.1956422132802e-05)
(1.1264333441876e-05 3.0812573159614e-05 -5.1851864412721e-05)
(9.609951926938e-06 2.6384465203653e-05 -5.1900344936955e-05)
(7.8710403709617e-06 2.167775580932e-05 -5.1585488083576e-05)
(6.1994398364022e-06 1.7105068955311e-05 -5.0793852736915e-05)
(4.7560823828639e-06 1.3157727546445e-05 -4.9550403317742e-05)
(3.6205993130813e-06 1.0022060137983e-05 -4.801196277949e-05)
(2.8275045964419e-06 7.8605884004783e-06 -4.6303613480285e-05)
(2.2777991517865e-06 6.3407052296993e-06 -4.4628028061455e-05)
(1.8526163123403e-06 5.1889308568464e-06 -4.2951233302393e-05)
(1.4763590615629e-06 4.1669220112237e-06 -4.1257324823197e-05)
(1.1236241673609e-06 3.175256650453e-06 -3.9435560230459e-05)
(8.1715747237504e-07 2.3249258159637e-06 -3.7509911379792e-05)
(5.6584612443981e-07 1.6063606564793e-06 -3.546789739431e-05)
(4.0637387222981e-07 1.1494778618733e-06 -3.3379236765404e-05)
(2.5481815967752e-07 6.9737300714079e-07 -3.1313874393983e-05)
(1.0992063750975e-07 2.3345676631195e-07 -2.9191101248819e-05)
(-5.2426707684073e-08 -2.6949752410085e-07 -2.7064197079692e-05)
(-2.8856388199245e-07 -9.766838670324e-07 -2.4815468026327e-05)
(-5.3421100666485e-07 -1.7179944680697e-06 -2.2431911183821e-05)
(-8.131412035107e-07 -2.4502990935657e-06 -2.0172473271672e-05)
(3.5328567137327e-05 -9.4067961430771e-05 -4.7770271663979e-05)
(-1.4965302211092e-05 2.6720763665826e-06 8.20207687196e-06)
(1.1993938827793e-07 -1.3188829522242e-05 8.2698551814236e-06)
(2.1828507288028e-05 -5.7328487506296e-05 9.0984302734794e-06)
(1.4321153845403e-05 -3.7425367948971e-05 1.022785159242e-05)
(-8.9058854192294e-06 -1.3221695029254e-05 8.3366957101963e-06)
(1.1863631083071e-06 1.6166414229005e-05 8.5213265997466e-06)
(1.9584999438748e-05 -5.1696925861245e-05 -5.2802748332419e-05)
(2.4850690460462e-06 -6.6432492565278e-06 -4.50742841195e-05)
(3.1210896389992e-06 -8.2402855181865e-06 -4.6739699277124e-05)
(-7.6284906790895e-07 1.8214706510439e-06 -2.201074014191e-05)
(-1.4957557927728e-05 -3.4581321904659e-06 8.2554763879785e-06)
(6.1858288374187e-07 -1.7778513386814e-06 -3.6037086243721e-05)
(1.3515737970804e-07 -3.736952407196e-07 -2.9881147213554e-05)
(-1.1224491409932e-07 -3.4205130923578e-06 -1.7530090301412e-05)
(4.4402133941764e-05 -0.00011805208535527 -3.5960236844604e-05)
(-5.3581479650508e-07 8.874389871334e-07 -2.4839787185628e-05)
(8.8258658557396e-07 -2.5079838752039e-06 -3.8039905243403e-05)
(-1.1336855881128e-05 -1.155420820259e-05 8.3278732557808e-06)
(4.3629135649003e-07 -1.2667284279277e-06 -3.3969011959843e-05)
(2.4068428562285e-05 -6.3690554758989e-05 -5.2578680543473e-05)
(8.3065844107994e-06 -2.071291147528e-05 9.512093227887e-06)
(1.993603230507e-06 -5.4231515491483e-06 -4.341419758871e-05)
(2.3176800092073e-06 -1.8909753346302e-06 -1.9061596276975e-05)
(2.6481015700612e-06 -1.4040535491063e-06 -1.9068090568964e-05)
(2.8736375979413e-06 -8.5864274599393e-07 -1.9074716811956e-05)
(2.9852663938169e-06 -2.8036072473822e-07 -1.9081461009673e-05)
(2.9811188860602e-06 3.0864334921211e-07 -1.9089906471162e-05)
(2.8622385623e-06 8.8654898759009e-07 -1.9098509513616e-05)
(2.630424382232e-06 1.4314572168e-06 -1.9104233902035e-05)
(2.2878994333637e-06 1.9160091208853e-06 -1.9107388836918e-05)
(1.8614975348598e-06 2.3258311378341e-06 -1.9118276989089e-05)
(1.3763022760274e-06 2.6438165083065e-06 -1.9136088305915e-05)
(8.639928138385e-07 2.8711590654973e-06 -1.9127946185856e-05)
(3.432720034919e-07 3.0013653806281e-06 -1.9047976574652e-05)
(-1.7423460115703e-07 3.0506926340587e-06 -1.8930104903632e-05)
(-6.6739447130217e-07 2.8979477086152e-06 -1.9172826898025e-05)
(4.0885579465006e-06 -2.0873445506406e-05 -5.1420759885399e-05)
(1.6793985128382e-05 -9.0703321032371e-05 3.4645494593787e-06)
(-8.2090437615166e-06 2.7496860054711e-05 9.6236566447259e-06)
(-2.6103940638349e-05 -1.4653895611598e-05 9.7403278715281e-06)
(8.5432029009666e-07 -2.7663645191613e-06 -1.9373534499123e-05)
(1.1478401713278e-05 -5.9971011981449e-05 -5.2771472139825e-05)
(5.9643094535839e-06 -3.0698258852964e-05 -5.192129138702e-05)
(1.413889522444e-06 -2.6125142868699e-06 -1.9146712430477e-05)
(-1.8076934485925e-05 2.138415309771e-05 9.4852085641997e-06)
(1.2014896359597e-06 -3.3753366799409e-06 -3.9953561240687e-05)
(-1.6964524189143e-07 3.0783865720499e-07 -2.6881279539399e-05)
(5.0248264119292e-06 -2.5760995324281e-05 -5.1900475853243e-05)
(1.3110863270998e-05 -7.0483211674287e-05 7.7406062984154e-06)
(2.3930627091788e-05 -0.00012708801117374 -3.2294554802025e-05)
(-1.9228030853169e-05 -2.413573906073e-05 9.7636941431299e-06)
(1.8837029196226e-06 -9.7494611482802e-06 -4.7582743628803e-05)
(-2.9083966397855e-05 -3.4307031029909e-06 9.7247158579336e-06)
(2.3927476589931e-05 -0.00012803453984361 -1.6939356136707e-05)
(7.9001450256929e-06 -4.0903309125511e-05 -5.2234831738777e-05)
(1.4113097181082e-05 -7.4122820809507e-05 -5.2073316469704e-05)
(2.4448871675079e-05 -0.00013024549195563 -2.4697962664156e-05)
(1.9046638962599e-06 -2.3034242338275e-06 -1.9076568555027e-05)
(-2.7781061788502e-05 8.0689090649062e-06 9.629686275168e-06)
(-2.8132735450388e-05 -9.1860026883366e-06 9.7361556074024e-06)
(1.99942723999e-05 -0.00010596390309237 -4.5406705925739e-05)
(-2.5553816560659e-05 1.3236260438897e-05 9.5581373081346e-06)
(-1.336447716829e-05 2.4517404482355e-05 9.5341537756736e-06)
(4.4333767446589e-06 3.4017368541555e-05 9.8422530426046e-06)
(2.232439136262e-05 -0.00012040803912199 -9.4002266308709e-06)
(2.4693814257859e-06 -1.264990264003e-05 -4.9149961527736e-05)
(1.7106314216761e-05 -9.0238263913186e-05 -4.9711031059603e-05)
(1.9972294426884e-05 -0.00010781881487498 -2.4418115937951e-06)
(-7.8909742703231e-06 -2.7843327071237e-05 9.800153299692e-06)
(6.8539437613073e-06 -3.5345313082315e-05 -5.189168662961e-05)
(8.794642959531e-06 5.6061388540753e-05 9.1840241456936e-06)
(1.3341926139565e-05 7.8503873437822e-05 6.1616084385674e-06)
(1.7290197020109e-05 9.8491056147142e-05 1.0711769365388e-06)
(2.0391440864968e-05 0.00011444728606449 -5.3320696100714e-06)
(2.2378106608994e-05 0.00012525919088883 -1.2550604639445e-05)
(2.3426999605358e-05 0.0001312424030532 -2.0146900279607e-05)
(2.3457855315959e-05 0.00013162497489086 -2.7918273327692e-05)
(2.2497053767478e-05 0.00012647403657946 -3.546921380551e-05)
(2.0721918629374e-05 0.00011615370696394 -4.2293830145357e-05)
(1.8098243105339e-05 0.00010139160008074 -4.7653907396483e-05)
(1.5156023324695e-05 8.4714941277268e-05 -5.1172411934851e-05)
(1.2361255718129e-05 6.8701052228051e-05 -5.2744919885685e-05)
(1.0080500702108e-05 5.5447570906363e-05 -5.3001545823647e-05)
(8.3556607695989e-06 4.5538546807518e-05 -5.2644749892416e-05)
(7.1117966133612e-06 3.8418288804252e-05 -5.2072146516174e-05)
(6.2475509772779e-06 3.3571055439237e-05 -5.1823119834458e-05)
(5.4171541253462e-06 2.9016418683057e-05 -5.189010863519e-05)
(4.5047678041379e-06 2.4152757860821e-05 -5.1714334380057e-05)
(3.5920290270246e-06 1.9300277359031e-05 -5.1079384529874e-05)
(2.7635143310834e-06 1.4934689980008e-05 -4.9968680812929e-05)
(2.1066830457397e-06 1.1404628773431e-05 -4.8518423061544e-05)
(1.6225550694086e-06 8.8172138418053e-06 -4.6834873490128e-05)
(1.2845260701437e-06 7.0543653631905e-06 -4.5142018487644e-05)
(1.0430315308944e-06 5.762453574703e-06 -4.3464338704547e-05)
(8.3352467398724e-07 4.6879353866757e-06 -4.1786552475875e-05)
(6.3735343055605e-07 3.6158120751527e-06 -4.0015211745946e-05)
(4.6843819464755e-07 2.6863705935269e-06 -3.8113248989229e-05)
(3.2814469715882e-07 1.8897310287637e-06 -3.6115852724791e-05)
(2.3782926017497e-07 1.3389358662432e-06 -3.4023711658607e-05)
(1.607660730223e-07 8.8766661297151e-07 -3.1963895859995e-05)
(8.5539965055328e-08 3.9656494261568e-07 -2.986985341269e-05)
(2.0554320991168e-08 -7.0990689245539e-08 -2.7783685666631e-05)
(-7.9450709997424e-08 -7.1641075702713e-07 -2.5692495706424e-05)
(-1.9278377325769e-07 -1.4921941339025e-06 -2.3340665884156e-05)
(-2.896481648145e-05 2.4199264977228e-06 9.6905778195868e-06)
(9.4564880966225e-06 -4.9124276087467e-05 9.9174988500071e-06)
(-1.3951871519223e-05 -2.7089650888833e-05 9.7929124637281e-06)
(-2.5048374785593e-06 3.0796710307922e-05 9.7383347526456e-06)
(9.4409171874194e-06 -4.9054055058429e-05 -5.2691983110421e-05)
(-2.3318196443071e-05 -1.9855720434936e-05 9.7479652366601e-06)
(-2.9593511114282e-07 -2.4421055532752e-06 -2.0548602568649e-05)
(2.6789631613718e-07 -2.7151017055204e-06 -1.9809921839292e-05)
(1.5923068722943e-06 -4.4159902796737e-06 -4.1743004949759e-05)
(3.2085998571721e-06 -1.6365680999822e-05 -5.046342925182e-05)
(2.5290571893332e-07 -1.5676035286624e-06 -3.4985944734914e-05)
(-1.4231354628382e-08 7.6417652724226e-08 -2.7816884165036e-05)
(-5.1714071983068e-07 2.069768343717e-06 -2.1533740501138e-05)
(-2.2298181009239e-05 1.7737553608173e-05 9.4987887100731e-06)
(1.1582831143154e-06 -6.3154293723861e-06 -4.4248836721399e-05)
(-5.4481262555756e-07 1.2388397476188e-06 -2.3899380262011e-05)
(2.2374950995783e-05 -0.00011890528800303 -3.9430860914093e-05)
(4.6207655978552e-06 -2.7502130307676e-05 9.9015132464891e-06)
(3.6940789351022e-07 -2.2342242069213e-06 -3.7045616562597e-05)
(1.0288702259138e-07 -6.2083825500099e-07 -3.0856801343805e-05)
(1.773507801152e-07 -1.1155290265812e-06 -3.2920009199112e-05)
(-1.9261781709319e-06 -2.6863076047381e-05 9.7645400599512e-06)
(1.464338963338e-06 -7.7372020319742e-06 -4.5900622791099e-05)
(-2.5291702443697e-07 6.773448257511e-07 -2.5769248956201e-05)
(7.0126443941496e-07 -4.0697620635865e-06 -4.0876227975807e-05)
(2.0611697260899e-06 -8.2256920704926e-07 -2.1295319030379e-05)
(2.1977234239614e-06 -4.1152732664274e-07 -2.1302505800622e-05)
(2.2399087694508e-06 1.824263189491e-08 -2.1308144941603e-05)
(2.193990921871e-06 4.4790419792455e-07 -2.1314575668633e-05)
(2.0561751594672e-06 8.5864967120413e-07 -2.1318590211162e-05)
(1.8391706820469e-06 1.2356070375742e-06 -2.1325831319417e-05)
(1.5590782554969e-06 1.566595651323e-06 -2.1346094518016e-05)
(1.2161267870997e-06 1.8216663777589e-06 -2.1380334189828e-05)
(8.4651767154244e-07 2.0144505307991e-06 -2.1414174167946e-05)
(4.6724820936828e-07 2.1543580303482e-06 -2.1363301200589e-05)
(9.304460517515e-08 2.2777911959031e-06 -2.1143155514464e-05)
(-2.696426475493e-07 2.3958250043196e-06 -2.0774394580249e-05)
(8.8986422988392e-07 -5.4835446555669e-05 -5.2786291426245e-05)
(-4.5681419371131e-05 -9.7638263573667e-06 1.0001502266486e-05)
(3.5468392710729e-07 -1.8873626678068e-05 -5.0990177587696e-05)
(-4.5247614917536e-05 8.5114210807871e-06 9.9654353620027e-06)
(5.1927049466166e-07 -3.0811452143497e-06 -3.9001250666479e-05)
(8.862159810037e-07 -0.00012615332743059 -1.3031322031691e-05)
(-4.2472429028251e-05 1.7097730627315e-05 9.8841638349966e-06)
(9.5103518361323e-08 -1.852683293803e-06 -2.2329689761768e-05)
(-1.8400948059659e-05 4.2054889813426e-05 9.7382872783324e-06)
(-3.198028450439e-05 3.1118920847354e-05 9.7812153252801e-06)
(1.1402640851757e-06 -8.3362684945493e-05 -5.1166517727922e-05)
(-2.6430677888509e-05 -4.1685474923639e-05 9.8171987161157e-06)
(2.7361716098653e-07 -8.1306486675129e-05 5.9613480392983e-06)
(4.9919963257059e-07 -2.8644141404732e-05 -5.1953270566397e-05)
(1.019797992154e-06 -6.7457142294373e-05 -5.2562575618004e-05)
(1.5922463400349e-06 -1.5427347941831e-06 -2.128363777764e-05)
(7.8222014727788e-08 -7.1058958591129e-06 -4.5075265708564e-05)
(3.666450011422e-08 -1.4447283815014e-07 -2.8706145155984e-05)
(1.415905637544e-06 -0.00013114395453872 -2.8482155667517e-05)
(1.2418765571437e-06 -0.00013190214987571 -2.0734899066461e-05)
(-3.8019623540835e-05 2.4723210810958e-05 9.8137998033387e-06)
(-3.9490864169693e-05 -2.7290211844289e-05 9.9071426569577e-06)
(1.8516380266462e-06 -1.2012553598607e-06 -2.1289442853752e-05)
(6.6810652935401e-07 -3.8342617198981e-05 -5.199933032358e-05)
(1.2187395880891e-06 -9.9305532545505e-05 -4.7810989266716e-05)
(4.2721296206118e-07 -2.3526588718893e-05 -5.1718205159615e-05)
(1.3436491611147e-07 -8.7268405547443e-06 -4.6730830241364e-05)
(-2.5669572382892e-05 3.7004803495501e-05 9.7551321505766e-06)
(7.7691978740916e-07 -4.5185228599879e-05 -5.246929064481e-05)
(8.9982243867525e-07 -2.0021707105635e-06 -2.1365549213141e-05)
(1.3274231872411e-06 -0.00011475899774651 -4.2610631780786e-05)
(2.0565519791945e-07 -1.1254276992554e-05 -4.8396935636809e-05)
(5.8376384102873e-07 -3.3529092966246e-05 -5.1861075442244e-05)
(6.095715167902e-07 -0.00011641156374648 -5.646832386111e-06)
(-1.6342946633751e-06 5.1250938981793e-05 9.5203836741408e-06)
(-2.7386906188941e-07 7.4052073476977e-05 7.1223469495788e-06)
(1.0233796315221e-06 9.5007826054644e-05 2.5328261786428e-06)
(2.0193209943307e-06 0.00011218682652704 -3.594136896783e-06)
(2.541165256722e-06 0.00012518710476479 -1.0675094408514e-05)
(2.7924592128973e-06 0.00013181262590563 -1.8176369736037e-05)
(2.8601712886824e-06 0.00013412930297082 -2.5980314442987e-05)
(2.7186526056038e-06 0.00013040710980176 -3.3583878202081e-05)
(2.5413043901383e-06 0.00012047025823489 -4.0712432206921e-05)
(2.2183440401517e-06 0.00010707873797253 -4.6461460244045e-05)
(1.8755386068844e-06 9.0161566950391e-05 -5.0481369730903e-05)
(1.5891176147619e-06 7.3602061266291e-05 -5.2538251606156e-05)
(1.3152434509592e-06 5.9403057955348e-05 -5.3004363538636e-05)
(1.1501623081367e-06 4.8075743544269e-05 -5.2794036059429e-05)
(1.0082844018798e-06 4.0640453283156e-05 -5.2194964067943e-05)
(9.1008221145491e-07 3.5073752207506e-05 -5.1833631965112e-05)
(8.3980197182746e-07 3.0575377584554e-05 -5.1879131411505e-05)
(7.1881123193207e-07 2.5712882569927e-05 -5.1790532069543e-05)
(5.9292803745207e-07 2.0714077908595e-05 -5.1268612700053e-05)
(4.5309190598188e-07 1.6255698502528e-05 -5.0278009625226e-05)
(3.4380558158137e-07 1.2352475110401e-05 -4.89127663561e-05)
(2.5802337454978e-07 9.4734757650664e-06 -4.7268115563985e-05)
(1.8936338623465e-07 7.5891899240054e-06 -4.5561593953242e-05)
(1.4531459402339e-07 6.0955500439333e-06 -4.3888989498712e-05)
(9.7687514576408e-08 5.0422284583986e-06 -4.2209543269301e-05)
(6.4791813982432e-08 3.9125060596045e-06 -4.0482905447447e-05)
(4.5306138577378e-08 2.9427770268135e-06 -3.8594470304824e-05)
(3.355548192547e-08 2.1192973750806e-06 -3.6633460779289e-05)
(2.7694506515188e-08 1.4502386372951e-06 -3.4554792359508e-05)
(1.837714682637e-08 1.0329117925583e-06 -3.2505482940327e-05)
(1.7431879098953e-08 5.2068263486809e-07 -3.0456160279586e-05)
(2.5964223946205e-08 9.110779157415e-08 -2.8383392080486e-05)
(3.9692774606635e-08 -4.9953658913591e-07 -2.636045198709e-05)
(2.0140767935588e-08 -1.1474852815838e-06 -2.4438434704865e-05)
(-4.6352942882793e-05 -5.6220835891528e-07 1.0013396098097e-05)
(1.762971613643e-07 -6.0632350692618e-05 9.0761195913522e-06)
(2.7706975731818e-07 -1.457863265978e-05 -4.9837300621049e-05)
(-3.3796017450172e-05 -3.5014999376168e-05 9.856609540293e-06)
(9.2030830396462e-07 -5.179352411702e-06 -4.2587032508825e-05)
(1.1861862791473e-06 -4.1501605327641e-05 1.016983213321e-05)
(-2.1756740871124e-08 -1.3526632907504e-06 -3.3898949746737e-05)
(-4.3399965089397e-05 -1.8740572931102e-05 9.96149157698e-06)
(-3.0715840419698e-07 1.2829891546165e-06 -2.4007961816936e-05)
(-7.473861898672e-08 4.7207277859467e-07 -2.6505858750559e-05)
(3.5923509533798e-08 -5.845755964831e-06 -4.3419843610241e-05)
(9.1833390651517e-07 -0.00010099119630143 7.6763711970044e-07)
(1.2658847454228e-06 -1.8119619124313e-06 -2.1301390195886e-05)
(8.8966026746456e-09 -3.6550565083156e-07 -2.9667144236684e-05)
(-1.2489426268038e-08 -8.4972056651958e-07 -3.1818875288872e-05)
(-1.9988212739498e-08 -1.8792202883751e-06 -3.6001178475202e-05)
(1.4010862146662e-06 -0.00012548971702178 -3.5939109445932e-05)
(-1.7092332984719e-05 -4.5988082632689e-05 9.8483384448399e-06)
(4.7507977956969e-07 -2.0003112835557e-06 -2.1760897858601e-05)
(-1.0525779619265e-05 4.6751436285884e-05 9.6789322493592e-06)
(1.5239512141968e-06 -1.2767289245814e-07 -2.3424354343317e-05)
(1.5271827219707e-06 1.6190593127761e-07 -2.3429146229858e-05)
(1.4652922964312e-06 4.4560483945846e-07 -2.343021981767e-05)
(1.361853005865e-06 7.1836149041864e-07 -2.3432750389426e-05)
(1.173627295414e-06 9.4146345921132e-07 -2.3454337875752e-05)
(9.578956392699e-07 1.1351691705492e-06 -2.3498479343943e-05)
(7.177840098005e-07 1.2863288345134e-06 -2.3546073131521e-05)
(4.4500380765709e-07 1.3821240987905e-06 -2.3601001600558e-05)
(1.7355237997261e-07 1.5003292195253e-06 -2.3407665204414e-05)
(-7.0197149126225e-06 -4.5450577243087e-05 1.0014304183218e-05)
(-6.4934977789584e-05 5.8777262263862e-06 8.6718735639877e-06)
(-6.2048454243412e-05 1.8182019846438e-05 8.6466443743627e-06)
(-1.8802117532678e-05 -0.00010682892607537 -1.9507362959783e-06)
(-1.7520532413476e-05 -0.00010623260709501 -4.5425870076557e-05)
(-5.8115462452384e-05 -3.1580211727244e-05 8.5113902870515e-06)
(-3.241056901984e-05 5.5269277743803e-05 8.3285673378154e-06)
(-1.969182003538e-05 -0.00011913810228894 -3.9383647737022e-05)
(-4.1091659629197e-06 -2.5777568449654e-05 -5.1889308107201e-05)
(-7.7769792297771e-06 -4.8806714059683e-05 -5.2661108697711e-05)
(1.1817294855866e-06 -9.2385113639688e-07 -2.3409811318551e-05)
(-2.1742638780757e-05 -0.00013046469768641 -2.4576332019089e-05)
(1.9478982695709e-08 1.769073660576e-07 -2.7406690847828e-05)
(-9.5866661641836e-06 -5.9784872219041e-05 -5.2746160693714e-05)
(-6.2971436805399e-05 -1.9566376720976e-05 8.6275136828765e-06)
(-4.9789724992646e-05 3.943948102814e-05 8.5289277531731e-06)
(-2.5817740986877e-06 -1.6333371408099e-05 -5.0463222842421e-05)
(-5.6612919191866e-05 2.9297467403803e-05 8.5877722972609e-06)
(-2.114250052201e-05 -0.00012755170783264 -3.2201484814643e-05)
(1.3550260827745e-06 -6.8968454750767e-07 -2.3411021268819e-05)
(1.4569299401251e-06 -4.1270000345865e-07 -2.3419336796868e-05)
(-5.602081355301e-06 -3.527377348507e-05 -5.1857904292446e-05)
(-2.1726604923782e-05 -0.0001281080771536 -1.6729312102316e-05)
(-3.3132339522576e-06 -2.0829778227094e-05 -5.1411847077734e-05)
(-1.261142365093e-06 -7.76873428371e-06 -4.5893731582787e-05)
(-4.1775011592167e-05 4.8035462158547e-05 8.4478656775364e-06)
(-6.4629781869409e-06 -4.0773525942799e-05 -5.2206957398546e-05)
(-1.5476220184204e-06 -9.7124586422364e-06 -4.7571538420298e-05)
(-4.8800192597416e-06 -3.0634248851263e-05 -5.1901331470308e-05)
(-2.0883067769596e-05 -0.00012015429483089 -9.060940516895e-06)
(-3.1084057938659e-05 -6.3795788502593e-05 7.8206691402892e-06)
(-1.22857568158e-05 6.8612021901462e-05 7.7247478226395e-06)
(-1.3525265095765e-05 8.984597980672e-05 3.5933881152027e-06)
(-1.4616399470386e-05 0.00010804596800333 -2.2150377712612e-06)
(-1.5581618846452e-05 0.00012150455197469 -9.1197804003623e-06)
(-1.6394013231128e-05 0.00012991687528008 -1.6594605914611e-05)
(-1.6686487147381e-05 0.00013301723408153 -2.4349268531406e-05)
(-1.637959873625e-05 0.00013031318309365 -3.2032501671502e-05)
(-1.5439158541141e-05 0.00012227342520206 -3.9294597339575e-05)
(-1.3796604812434e-05 0.00010910092425647 -4.538926118354e-05)
(-1.1828791793577e-05 9.3030930364156e-05 -4.98016255261e-05)
(-9.6519209469495e-06 7.6323570479873e-05 -5.2257129411191e-05)
(-7.7558562889615e-06 6.1495146129678e-05 -5.299446349157e-05)
(-6.2880902250524e-06 4.9958255056211e-05 -5.2881947740886e-05)
(-5.1650490384918e-06 4.1498748261581e-05 -5.2326337837994e-05)
(-4.4297410202777e-06 3.5814943273307e-05 -5.1885084198793e-05)
(-3.8015461288458e-06 3.1259800474705e-05 -5.1860133821595e-05)
(-3.1853424229487e-06 2.6423159438576e-05 -5.1840281422057e-05)
(-2.5885710186673e-06 2.15641277457e-05 -5.1402269716635e-05)
(-2.0181355984555e-06 1.6946970823107e-05 -5.0507107341243e-05)
(-1.5482563813469e-06 1.3002984651379e-05 -4.9213117579985e-05)
(-1.1861441318684e-06 9.9459049730157e-06 -4.7620511931909e-05)
(-9.4829196624019e-07 7.8461334876818e-06 -4.5912850042209e-05)
(-7.8721062308369e-07 6.3494340450179e-06 -4.4238966436503e-05)
(-6.6444512631767e-07 5.1978277872578e-06 -4.2558251595459e-05)
(-5.4543549107342e-07 4.1085860635296e-06 -4.085411857602e-05)
(-4.1931296119266e-07 3.0957716510084e-06 -3.899197657433e-05)
(-2.9838353253198e-07 2.250565976966e-06 -3.7045441044455e-05)
(-2.0563716785472e-07 1.5636243283355e-06 -3.500069564383e-05)
(-1.5093091744128e-07 1.1190203920978e-06 -3.2985982263635e-05)
(-8.7878681591438e-08 6.5598552091693e-07 -3.1017248292774e-05)
(-1.1594989055914e-08 2.1033746389099e-07 -2.8981620943255e-05)
(9.0830584593093e-08 -3.1847285327487e-07 -2.687193172097e-05)
(-1.9869913243534e-06 -1.2598790171516e-05 -4.9144101531952e-05)
(-4.2951788367749e-05 -5.4199797488614e-05 8.0982608642269e-06)
(-5.1829914623609e-05 -4.3343939288413e-05 8.3376887943868e-06)
(7.6565083752317e-07 -1.3115018651656e-06 -2.3409623201756e-05)
(-1.3991415857916e-05 -9.0658033417214e-05 3.5444771633683e-06)
(-1.1954908714563e-05 -7.3821693371697e-05 -5.2098629484466e-05)
(-1.5010030917242e-05 -6.8917718001288e-05 7.8598265185351e-06)
(2.292066832565e-07 -1.1322827186172e-06 -2.4438831651139e-05)
(-1.299422186257e-07 1.704115724429e-06 -2.2804126415521e-05)
(-2.1410813276222e-07 -1.0852184364897e-06 -3.276439315473e-05)
(-6.5231710030652e-05 -6.9080663284089e-06 8.6689059278578e-06)
(-1.43392701468e-08 -3.5993992665916e-06 -3.9951891460174e-05)
(-1.4798100174974e-05 -9.0289691377126e-05 -4.9750085277362e-05)
(9.2019993711205e-09 -9.0193532179428e-08 -2.8431621439932e-05)
(-1.8620323238335e-08 -2.6966647035749e-06 -3.8015758162077e-05)
(9.8977422500945e-07 -1.1408474546398e-06 -2.339275637396e-05)
(-9.8856953642431e-08 -5.7155792530529e-07 -3.0619390630801e-05)
(-2.9680295420103e-07 -1.5436759606822e-06 -3.4884759635574e-05)
(-1.7264983815608e-08 9.5393229272634e-07 -2.5085521947488e-05)
(-1.0482186826885e-06 -6.3398766685551e-06 -4.4249563060847e-05)
(5.333588848387e-07 -1.4301662399355e-06 -2.3340579197654e-05)
(-2.2997923992231e-05 6.2458829465311e-05 8.0965515485651e-06)
(2.2135194395285e-09 -4.6858956840017e-06 -4.1753783530035e-05)
(8.2791219556534e-07 1.6567808715574e-07 -2.5495198207242e-05)
(7.8120608064508e-07 3.0834685574507e-07 -2.5500009685372e-05)
(7.0571860963392e-07 4.4051481114776e-07 -2.5502264304566e-05)
(6.0221210815515e-07 5.5358593700276e-07 -2.5541361967639e-05)
(4.6427602806094e-07 6.2495759274726e-07 -2.5602737270313e-05)
(3.2628315565573e-07 6.8903499209953e-07 -2.5605733447467e-05)
(-2.7413833267232e-05 -7.8322000366421e-05 -5.1202666529093e-05)
(-3.9696582441733e-05 -0.0001081925852095 -5.0796648371106e-06)
(-1.467317276405e-05 -4.2357267913515e-05 -5.2447117542974e-05)
(-7.173244919596e-07 -4.0932883280216e-06 -4.0871497874941e-05)
(-3.3325531525837e-05 -8.8936624315449e-05 2.6770944582991e-06)
(8.1097303106974e-07 -1.4177048253579e-07 -2.5480699972053e-05)
(-8.2973706637987e-05 -1.6495410568383e-05 5.5767539633433e-06)
(1.4372109947661e-07 6.5138200805165e-07 -2.5880014129335e-05)
(4.9601667768548e-07 -6.7841915236222e-07 -2.5380360162391e-05)
(-3.3073922807693e-05 -9.4351354672479e-05 -4.7839482376323e-05)
(-4.9616085842314e-05 6.6063542285923e-05 5.321318144642e-06)
(-6.9238875711607e-05 4.4084168649181e-05 5.6389237664758e-06)
(-1.7855416198525e-05 -5.1370370305458e-05 -5.2761124806557e-05)
(-7.7174783535823e-06 -2.225810149994e-05 -5.1707791637093e-05)
(-5.9866306399289e-05 5.5581194352234e-05 5.5338307404421e-06)
(-1.0893677105031e-05 -3.1435355609621e-05 -5.182497242792e-05)
(-4.40517073904e-05 -0.00012451905819542 -2.0608753302233e-05)
(-8.844790765684e-07 -5.2077068111827e-06 -4.2589194160665e-05)
(-4.1824488781252e-05 -0.00011879646577178 -3.5848989819311e-05)
(6.8887020186891e-07 -4.2808878672952e-07 -2.5471293802725e-05)
(7.5965333955387e-07 -2.8886308624243e-07 -2.5476955351056e-05)
(-7.1298198984774e-05 -4.6924658863901e-05 5.3469500616514e-06)
(-8.4039777292779e-05 -2.2498626763945e-07 5.6344010036035e-06)
(-1.246202717529e-05 -3.6008277354937e-05 -5.1964665987634e-05)
(-2.8660971912479e-06 -8.2505975359683e-06 -4.6722188576155e-05)
(-9.356861895646e-06 -2.6977012976916e-05 -5.1932781332378e-05)
(-4.2741845776256e-05 -0.00011938983027202 -1.2790150637707e-05)
(-8.2099700956893e-05 1.5764214920583e-05 5.6391974544094e-06)
(-3.815342014411e-05 -0.00010847317868118 -4.2584986050496e-05)
(-2.6723780382199e-05 8.3264139302164e-05 4.3599494151022e-06)
(-2.9644927005597e-05 0.00010133181133529 -1.1038713703967e-06)
(-3.1972483435974e-05 0.00011540569110655 -7.8289107128942e-06)
(-3.4050186131447e-05 0.00012531306331366 -1.5235680720741e-05)
(-3.48748691408e-05 0.00012842331122341 -2.294689727731e-05)
(-3.4626427765858e-05 0.00012745256346218 -3.0658016454525e-05)
(-3.2830604615103e-05 0.00012044447937185 -3.8015835211981e-05)
(-2.9461349693948e-05 0.00010812467083517 -4.4396264401661e-05)
(-2.5592163404595e-05 9.3656971773034e-05 -4.9130733116198e-05)
(-2.0986537363496e-05 7.670019377141e-05 -5.196799733899e-05)
(-1.6998095063455e-05 6.2181844015566e-05 -5.2939212872651e-05)
(-1.3793723681366e-05 5.038552025833e-05 -5.2943335748922e-05)
(-1.1303114002035e-05 4.1393388151493e-05 -5.244794542093e-05)
(-9.7336630554232e-06 3.5764506899918e-05 -5.1936557137239e-05)
(-8.4027258656257e-06 3.1017237051738e-05 -5.1852035004052e-05)
(-7.1093952600393e-06 2.6509164757228e-05 -5.1882275494119e-05)
(-5.8224654393876e-06 2.181732140312e-05 -5.1507014548244e-05)
(-4.5532484459018e-06 1.7148108607727e-05 -5.0695106133974e-05)
(-3.5308654431877e-06 1.3318106285948e-05 -4.9458474253286e-05)
(-2.6701058226815e-06 1.0079632128349e-05 -4.7920423627154e-05)
(-2.1127929498963e-06 7.9654348358807e-06 -4.6214076697966e-05)
(-1.7332724252802e-06 6.416491919555e-06 -4.4544063888249e-05)
(-1.4297764917462e-06 5.2112649499431e-06 -4.286009590593e-05)
(-1.17832311157e-06 4.2128641547414e-06 -4.1175666215163e-05)
(-9.0051972889072e-07 3.1667745332324e-06 -3.9335307963832e-05)
(-6.5781473906572e-07 2.3340687888435e-06 -3.7415600787641e-05)
(-4.5721965429588e-07 1.6119170367684e-06 -3.5411113140394e-05)
(-3.4468139344556e-07 1.1801632847446e-06 -3.3433185695608e-05)
(-2.2888502115119e-07 7.8268772715672e-07 -3.1603588882854e-05)
(-9.3675999586658e-08 3.4261014527307e-07 -2.9686601052681e-05)
(5.0084848225855e-08 -6.6446518135861e-08 -2.7760459048593e-05)
(-3.6479956715329e-06 -1.05117563926e-05 -4.8381790730581e-05)
(-4.7367331731852e-06 -1.3669806724297e-05 -4.9838017342592e-05)
(-4.9521950802538e-05 -7.510193861832e-05 4.1128211250504e-06)
(-6.1594706071596e-05 -6.1019710494186e-05 4.9302273765419e-06)
(-4.3731579410343e-05 -0.00012416579849867 -2.8386568417893e-05)
(5.9323944848473e-07 -5.5138785577961e-07 -2.5498549316053e-05)
(-2.2101358965996e-05 -6.3307371392103e-05 -5.2574957825501e-05)
(-4.7815406820622e-07 -1.2195629758017e-06 -3.3712155852473e-05)
(-5.5298917452965e-07 -3.0691321960461e-06 -3.8981251043178e-05)
(8.3912011689367e-07 1.1793828223593e-08 -2.5491679443246e-05)
(8.9325475089472e-08 1.6463812113718e-07 -2.7385640161228e-05)
(-4.0836928144266e-07 -2.2182165869867e-06 -3.6991267851666e-05)
(3.226619802994e-07 -7.3533070867085e-07 -2.5480764456872e-05)
(-7.8585917257729e-05 -3.2181411615849e-05 5.491336263706e-06)
(-7.7503113302952e-08 -2.7794739731603e-07 -2.9321688402346e-05)
(-7.6945623058109e-05 3.0642598005349e-05 5.6458028155566e-06)
(-6.1199507527056e-06 -1.7634709156964e-05 -5.0997978664739e-05)
(-2.3374879412084e-06 -6.6838927083726e-06 -4.5071523990507e-05)
(-2.8853141480975e-07 -7.5634961749394e-07 -3.1503744630883e-05)
(-3.8795098202841e-05 7.5219574721261e-05 4.9328286536851e-06)
(-3.6707194851591e-05 -6.531362635366e-05 -5.2116467911649e-05)
(1.9234359375897e-07 6.7920445661751e-08 -2.747442248992e-05)
(1.7852725401428e-07 9.6371355056892e-08 -2.7437540112271e-05)
(1.3101359016253e-07 9.2813990286593e-08 -2.7538601932918e-05)
(8.8589701978502e-08 8.6468908818476e-08 -2.7609431602526e-05)
(-6.0730021994429e-05 -0.00010605016407694 -9.2492846537225e-06)
(-1.0307751411608e-05 -1.8378549845001e-05 -5.1412037699156e-05)
(-2.0041383108992e-05 -3.5815199088179e-05 -5.2161199270286e-05)
(1.8683229441532e-07 -3.8727641393717e-08 -2.7415063908763e-05)
(1.520223993727e-07 -9.1506616693921e-08 -2.7406093192796e-05)
(-6.7251135073251e-05 7.1733236337862e-05 1.1205596681033e-06)
(-1.5133390281055e-05 -2.7031729856156e-05 -5.1869068865773e-05)
(-9.7124044487273e-05 -2.8307623609497e-05 9.7800277630473e-07)
(-0.00010072357940219 -9.345730816661e-06 1.0611938576913e-06)
(1.7198110051171e-07 -6.6125272440564e-08 -2.7420101505788e-05)
(-1.5816819388062e-06 -4.4532942476286e-06 -4.1742225608968e-05)
(1.9054415309736e-07 -1.1374260057769e-08 -2.742319713285e-05)
(-9.5588340665174e-05 2.7995220066281e-05 1.1769254650453e-06)
(-2.3998017430692e-05 -4.2845017992366e-05 -5.2665079054066e-05)
(1.9599151174139e-07 1.9347283172772e-08 -2.7447606940379e-05)
(-6.3493760226205e-05 -0.00011295829835976 -3.2139300956039e-05)
(-1.7316222417983e-05 -3.0956024217581e-05 -5.1821190431714e-05)
(-8.8119426414939e-05 4.4554604696307e-05 1.271725508506e-06)
(-4.4861323977942e-05 -7.9769583373763e-05 -4.9801450603699e-05)
(-1.2701710664007e-05 -2.2649983058271e-05 -5.1878762875362e-05)
(-0.00010014243687379 9.6654536336241e-06 1.1174445059884e-06)
(-5.2912086280834e-05 -9.4050427335059e-05 -4.5441972687624e-05)
(-5.9579145932449e-05 -0.00010592262213937 -3.9380848346606e-05)
(-6.5010321715142e-05 -0.00011602495509219 -2.4557252812208e-05)
(-4.3378834765957e-05 9.3203361672755e-05 -2.0319882296372e-07)
(-4.7120805290319e-05 0.00010788278340053 -6.6599253712354e-06)
(-5.0082412637604e-05 0.00011743417674044 -1.3959465165431e-05)
(-5.2249615978333e-05 0.00012201364696573 -2.1577734034485e-05)
(-5.2094739525815e-05 0.0001214671131217 -2.9274326793012e-05)
(-4.9762028885154e-05 0.00011591212130804 -3.6714804318811e-05)
(-4.5310413168645e-05 0.00010556542214533 -4.3325606021202e-05)
(-3.9227176651905e-05 9.147063961655e-05 -4.8396608885782e-05)
(-3.2706690414982e-05 7.6063613713517e-05 -5.1589763520514e-05)
(-2.6463330657392e-05 6.1501406370423e-05 -5.2862516704081e-05)
(-2.1427361254214e-05 4.9727211580709e-05 -5.2987001738316e-05)
(-1.7639941529333e-05 4.0898973126716e-05 -5.2554606014812e-05)
(-1.4996919631606e-05 3.4821993134088e-05 -5.2018205102873e-05)
(-1.3059946391304e-05 3.0398453504594e-05 -5.1861723019229e-05)
(-1.1090872907156e-05 2.6020519703775e-05 -5.1907448196408e-05)
(-9.1105665326487e-06 2.1488611863275e-05 -5.1611177549371e-05)
(-7.2336065302239e-06 1.7142756711498e-05 -5.0869191065292e-05)
(-5.5736954893184e-06 1.3258321924294e-05 -4.9696535830746e-05)
(-4.2567752975101e-06 1.0142463442789e-05 -4.8210711942928e-05)
(-3.3080895050592e-06 7.8971294562435e-06 -4.6517155014355e-05)
(-2.6992403645622e-06 6.3647529945302e-06 -4.4842299080983e-05)
(-2.2366973399039e-06 5.2004692636748e-06 -4.3171309810544e-05)
(-1.8178330491366e-06 4.1809011122518e-06 -4.1490167819157e-05)
(-1.4055023476554e-06 3.1893235874495e-06 -3.9688784548991e-05)
(-1.0482467014529e-06 2.3739442901169e-06 -3.7807058516364e-05)
(-7.4908463752871e-07 1.6769748814694e-06 -3.5867838713658e-05)
(-5.5807801206638e-07 1.2073392465421e-06 -3.3902364706703e-05)
(-4.0622494806592e-07 8.4723422833041e-07 -3.2090653881189e-05)
(-2.1709994258939e-07 4.9186260227434e-07 -3.0480323743013e-05)
(-4.7814679816782e-06 -8.5308309172273e-06 -4.7563690857567e-05)
(-6.1970473453757e-06 -1.1041920451854e-05 -4.9144435021703e-05)
(-5.5486903828465e-05 -9.3628555690646e-05 -1.9729028695865e-06)
(-2.9448703190141e-05 -5.2445659346174e-05 -5.2761335728684e-05)
(-8.0579982469076e-06 -1.4359852888717e-05 -5.0464738569008e-05)
(-8.0461896762085e-05 -6.2153130374907e-05 8.1581467948241e-07)
(-6.5837142587185e-07 -1.7303444397666e-06 -3.589881483794e-05)
(2.0014040152748e-07 4.3036113782494e-08 -2.747297270925e-05)
(-7.8352323686051e-05 5.8801195768706e-05 1.3366687300998e-06)
(-1.2295666314188e-06 -3.3891515629655e-06 -3.9932436919334e-05)
(-1.926276908247e-06 -5.4755402231758e-06 -4.3417466366954e-05)
(-9.0552052804715e-05 -4.6275606527981e-05 8.7780224384122e-07)
(-5.5158684840517e-07 -8.8194247833789e-07 -3.2464982128458e-05)
(8.6588909132766e-08 -6.6177384290322e-08 -2.7640118823262e-05)
(-6.389206158047e-05 -0.00011342381203256 -1.6814587302884e-05)
(-3.817603306854e-06 -6.8046457702482e-06 -4.5883664161609e-05)
(-6.7223561425692e-08 1.6546150271193e-07 -2.8787014655195e-05)
(-5.5843168350487e-05 8.3205899189084e-05 5.7291177570254e-07)
(-6.8660694265068e-05 -7.7947053345518e-05 -5.5462006400566e-08)
(1.6435035090055e-07 -2.4723885576606e-07 -2.6993172026779e-05)
(-7.9525030298373e-07 -1.2921987943155e-06 -3.4758055622669e-05)
(-1.4203343042289e-07 -1.9816456216546e-07 -2.9173783902427e-05)
(-1.9994601967685e-07 -3.6155024276787e-07 -2.990063296361e-05)
(-1.7228796905497e-07 1.9617065823532e-07 -2.9217511922004e-05)
(-7.0674334912184e-06 -8.599076903221e-06 -4.8381596088153e-05)
(-2.1088941923739e-05 -2.5701999958408e-05 -5.1788412048393e-05)
(-2.8381709316606e-05 -3.4571207066206e-05 -5.2432149586747e-05)
(-0.00010725523091057 -4.1742571793808e-05 -4.5708192311964e-06)
(-9.4868013212213e-05 5.8133722926347e-05 -3.7549573849258e-06)
(-2.4345044790135e-07 5.863328401587e-08 -2.9277520745673e-05)
(-2.4395431383241e-07 -1.3823851028811e-07 -2.9426488970688e-05)
(-2.5641908404699e-06 -4.545278499882e-06 -4.2580237280588e-05)
(-1.18889630412e-05 -1.4452340837952e-05 -5.0999255497208e-05)
(-0.00011137269433036 2.1930363341806e-05 -4.2366186242146e-06)
(-2.3079739083063e-07 1.8015584592258e-07 -2.9328960196172e-05)
(-2.4340415124387e-07 1.2214562691542e-07 -2.9290402891917e-05)
(-0.00011280659887112 -2.0703315392268e-05 -4.404479245715e-06)
(-8.3809212563907e-05 7.2474073447639e-05 -3.5925767291569e-06)
(-8.0276108639728e-05 -9.8222685763394e-05 -3.5822915626802e-05)
(-4.2751993254242e-05 -5.2052917708718e-05 -5.2607496353619e-05)
(-2.3914160220116e-07 -3.3678676189403e-09 -2.9316932345937e-05)
(-2.4187795116e-05 -2.947452617695e-05 -5.1927695927918e-05)
(-8.3139092239536e-05 -0.0001033953587817 -2.0880372883644e-05)
(-2.4723805074163e-07 -6.8721910014857e-08 -2.9395581206523e-05)
(-0.00010459278332338 4.1055039847497e-05 -4.0008781336099e-06)
(-5.2842409575179e-05 -6.4331183428389e-05 -5.1221833357577e-05)
(-3.1263516227463e-06 -5.5652490831216e-06 -4.4251721532219e-05)
(-1.5013327292076e-05 -1.8238298086741e-05 -5.1696776909722e-05)
(-0.00011380544631122 8.8884369659997e-07 -4.3089664127872e-06)
(-8.1094743499201e-05 -9.8913555029231e-05 -1.3427743739595e-05)
(-6.3829248002234e-05 -7.7704222349691e-05 -4.7869560085058e-05)
(-7.3250160752554e-05 -8.9390640883428e-05 -4.261074852594e-05)
(-8.3594388980475e-05 -0.00010276165304472 -2.8399725788512e-05)
(-2.1521525367021e-07 -1.9300876570827e-07 -2.9403654785228e-05)
(-6.0563824999492e-05 9.7768975200068e-05 -5.4605413643334e-06)
(-6.4728915692662e-05 0.00010746798526453 -1.2577651968098e-05)
(-6.8596952973964e-05 0.00011255932731795 -1.9987436976223e-05)
(-6.8813841843991e-05 0.00011242679089413 -2.7657640219082e-05)
(-6.6644209746361e-05 0.00010896748766891 -3.5148976581279e-05)
(-6.1062795607702e-05 9.9947630404127e-05 -4.201891288105e-05)
(-5.336201942526e-05 8.7486265543463e-05 -4.7473100743479e-05)
(-4.5012861653981e-05 7.3801182607374e-05 -5.1069820924383e-05)
(-3.6379428955206e-05 5.956337493938e-05 -5.2719762089447e-05)
(-2.9577094418973e-05 4.8356189030455e-05 -5.3000395136035e-05)
(-2.4181822415378e-05 3.9400107949973e-05 -5.2667578248665e-05)
(-2.0465218052016e-05 3.3361679548321e-05 -5.2116511934055e-05)
(-1.7842680293032e-05 2.9151078939283e-05 -5.1868195791636e-05)
(-1.5239927671909e-05 2.496630131649e-05 -5.1936281402506e-05)
(-1.2623960435967e-05 2.0836017873986e-05 -5.1723362794081e-05)
(-1.0081470170819e-05 1.6726500480998e-05 -5.1064430874029e-05)
(-7.788811810009e-06 1.2998968179392e-05 -4.9966735454108e-05)
(-5.9702210156046e-06 1.0006369450974e-05 -4.8540836568594e-05)
(-4.5630280776866e-06 7.6526352067775e-06 -4.6870844254837e-05)
(-3.7312551972651e-06 6.2293898150298e-06 -4.5189581716544e-05)
(-3.062207891056e-06 5.0521484005823e-06 -4.3528878181741e-05)
(-2.5018989983755e-06 4.0889385088207e-06 -4.1862554209735e-05)
(-1.9656210895455e-06 3.1763268117757e-06 -4.0104415454038e-05)
(-1.4850493148107e-06 2.3802760389316e-06 -3.8261413204795e-05)
(-1.08928584562e-06 1.7390909461129e-06 -3.6435276293691e-05)
(-7.9934435106691e-07 1.2239975232302e-06 -3.4500216253649e-05)
(-6.113920657594e-07 8.735263058763e-07 -3.2574171648699e-05)
(-2.8936052671793e-07 4.2504484500819e-07 -3.0368303281416e-05)
(-9.2394359096443e-06 -1.1225612937985e-05 -4.9838322837641e-05)
(-7.5770674607436e-05 -9.0957400332009e-05 -6.4774525757415e-06)
(-3.4582860562355e-05 -4.2103334621599e-05 -5.2779477980967e-05)
(-9.1895805800625e-07 -2.480690479774e-06 -3.797301775911e-05)
(-8.5371956965564e-05 -7.5451017528331e-05 -4.0742209906413e-06)
(-5.1227437682534e-07 -5.3675739192771e-07 -3.1322330447623e-05)
(-1.8160454113924e-05 -2.2098887560253e-05 -5.1908242264161e-05)
(-5.5305361144081e-06 -6.7245877194051e-06 -4.6725853411722e-05)
(-8.7498945103625e-07 -9.6197003869157e-07 -3.3703807372745e-05)
(-9.764869736795e-05 -6.0747899358631e-05 -4.6103199147048e-06)
(-1.1262661552409e-06 -1.8859314950199e-06 -3.6942354303647e-05)
(-2.04842279186e-06 -3.5900416672455e-06 -4.0860538570127e-05)
(-7.2318779121163e-05 8.5772177994395e-05 -4.2142757263109e-06)
(-0.00010873858228293 5.443905186557e-05 -9.4406711079448e-06)
(-6.4185511142104e-07 2.0769432089455e-07 -3.109180101013e-05)
(-1.9910729587975e-05 -1.6965080474188e-05 -5.185660648165e-05)
(-0.00012324697829724 1.3616432432002e-05 -1.0365552861963e-05)
(-2.7143548041757e-05 -2.3129976516739e-05 -5.1784611517434e-05)
(-9.7181116817785e-05 -7.8906544234993e-05 -1.0738002596117e-05)
(-9.2683521863569e-05 -7.9886391213257e-05 -3.9351586165722e-05)
(-0.00011218272899216 -5.681714612365e-05 -1.1022992332313e-05)
(-0.00010049595864331 -8.8023434096918e-05 -2.445894001419e-05)
(-4.6139782307234e-05 -3.9367627414405e-05 -5.2795094067035e-05)
(-7.0721062683011e-07 -2.5018065766233e-07 -3.1422919688793e-05)
(-0.00012004437122199 -3.3245569902432e-05 -1.0496883037655e-05)
(-9.7748073275181e-05 7.0846348386513e-05 -9.0406390059934e-06)
(-2.3690918530402e-05 -2.0178335774688e-05 -5.1841472836234e-05)
(-3.1317221709323e-05 -2.6663259402493e-05 -5.2146401554013e-05)
(-1.5503694986092e-06 -2.6665211690564e-06 -3.8955649355956e-05)
(-8.9038710369927e-07 -6.8478765790127e-07 -3.2965129710869e-05)
(-5.5493932659767e-07 5.2667431513637e-07 -3.136654771379e-05)
(-0.00011773785676625 3.521128464159e-05 -1.0090168114592e-05)
(-5.7316975446757e-05 -4.8941776013833e-05 -5.2150841921542e-05)
(-3.6480004062448e-06 -4.4334706728816e-06 -4.3424525965619e-05)
(-0.00012403587115229 -9.6337249489332e-06 -1.0326815148816e-05)
(-9.7033900775261e-05 -8.8823126352918e-05 -1.7545258915221e-05)
(-6.7478342611474e-07 6.6177623595613e-08 -3.1123836040662e-05)
(-7.0075879722994e-05 -5.9973442499281e-05 -4.9817796723793e-05)
(-8.2569310484448e-05 -7.0844897717223e-05 -4.5455047680943e-05)
(-9.8612312587648e-05 -8.5592438151939e-05 -3.2074927287283e-05)
(-6.2028801426e-07 -3.8959085866717e-07 -3.1355496678108e-05)
(-3.7620783065404e-05 -3.2060661062388e-05 -5.2662904548491e-05)
(-7.7535252549435e-05 9.60292952633e-05 -1.0846447558612e-05)
(-8.3443331410357e-05 9.9862393719444e-05 -1.7973199742127e-05)
(-8.5182871295388e-05 0.00010113909076794 -2.5620034420352e-05)
(-8.2926872416917e-05 9.8482441496167e-05 -3.3149845433262e-05)
(-7.7440528057811e-05 9.2171894460349e-05 -4.0300156369743e-05)
(-6.8453337507256e-05 8.1788473563308e-05 -4.619446579773e-05)
(-5.7950567249787e-05 6.9337643313255e-05 -5.0302334866489e-05)
(-4.7461097962676e-05 5.676908018712e-05 -5.2434990914822e-05)
(-3.8354887177948e-05 4.580764638011e-05 -5.2965653440456e-05)
(-3.1523015271166e-05 3.7483554841097e-05 -5.278266054953e-05)
(-2.6339291504567e-05 3.1324854958685e-05 -5.2255539781115e-05)
(-2.2799073167664e-05 2.7131349417596e-05 -5.1902742043106e-05)
(-1.9779332035302e-05 2.357442260865e-05 -5.1933363642884e-05)
(-1.644276827204e-05 1.9721234067015e-05 -5.1843872139433e-05)
(-1.3267290083097e-05 1.5994059079134e-05 -5.1290509127932e-05)
(-1.0303051949053e-05 1.2518454263049e-05 -5.0294928345775e-05)
(-7.8768605428074e-06 9.6293491808238e-06 -4.8934533959013e-05)
(-6.0596237872398e-06 7.4210907995437e-06 -4.7318251935798e-05)
(-4.8179805435802e-06 5.9017403027727e-06 -4.5624352495732e-05)
(-3.9666708319479e-06 4.8257472567948e-06 -4.3970581042883e-05)
(-3.2684388093101e-06 3.9455800969122e-06 -4.2316455249584e-05)
(-2.5831117971667e-06 3.0960533692933e-06 -4.061759389145e-05)
(-1.9820991000029e-06 2.3510949406236e-06 -3.880716979006e-05)
(-1.4776734802681e-06 1.7254535943736e-06 -3.6992621913353e-05)
(-1.0960006325312e-06 1.2966295128736e-06 -3.534583000336e-05)
(-9.7140692552211e-06 -8.2736617752666e-06 -4.9144240137282e-05)
(-1.2641693716691e-05 -1.075722577766e-05 -5.0466111207143e-05)
(-7.0169829639454e-07 -8.5682325620669e-08 -3.1262532830608e-05)
(-6.0607579175637e-07 3.5495909693815e-07 -3.1181360030335e-05)
(-1.2179827240573e-06 -1.3640326828964e-06 -3.590834519632e-05)
(-4.4657736397427e-06 -5.4384014877399e-06 -4.5074437771119e-05)
(-2.9914537320395e-06 -3.6063060005641e-06 -4.1751073898293e-05)
(-1.6158687821451e-05 -1.375216815716e-05 -5.1408085597263e-05)
(-7.4745449368948e-06 -6.3640909823127e-06 -4.7569684766095e-05)
(-9.0164549566342e-07 9.4503654586105e-07 -3.3624508514927e-05)
(-8.6289811763923e-05 8.3090639417804e-05 -8.568273344547e-06)
(-1.2384730278204e-06 -9.3736839593055e-07 -3.4937748578352e-05)
(-0.00011230070397695 -6.9173790748123e-05 -1.8943779027815e-05)
(-1.0153071471388e-06 4.391384292153e-07 -3.2842165697017e-05)
(-0.00011321447265112 -6.8997458404646e-05 -2.8051414960718e-05)
(-2.9021965992032e-05 -1.6834318073325e-05 -5.1777676705922e-05)
(-9.6718995515241e-07 6.85225534518e-07 -3.3134617912872e-05)
(-4.7319990572833e-05 -2.7520778085888e-05 -5.2815908223193e-05)
(-2.04326538146e-05 -1.1865410694255e-05 -5.1693932646441e-05)
(-1.1477009390775e-06 -2.4689517410997e-07 -3.3259210086074e-05)
(-0.00010768792498785 6.6936068996815e-05 -1.4203793821518e-05)
(-2.4856366584945e-05 -1.4410076640375e-05 -5.1893984858579e-05)
(-3.3057470090263e-05 -1.9147298705445e-05 -5.1901470999526e-05)
(-1.1366403843698e-06 -5.3943397507341e-07 -3.3639153389815e-05)
(-0.00012673623724192 2.7993626289094e-05 -1.6807691563826e-05)
(-5.85318407404e-05 -3.4144404161928e-05 -5.2642179688824e-05)
(-1.0630782158971e-06 2.2044046341308e-07 -3.2791593914245e-05)
(-7.2620189756874e-05 -4.2497792002735e-05 -5.1265382974872e-05)
(-8.6698055280689e-05 -5.0911035870037e-05 -4.7876858156846e-05)
(-4.8339085164172e-06 -4.1179390461959e-06 -4.4269956869746e-05)
(-3.8907061474257e-05 -2.2557318601927e-05 -5.2419945010251e-05)
(-1.1021334970868e-06 -2.4460335160947e-09 -3.2959466740092e-05)
(-9.6227782903491e-05 8.4312356875889e-05 -1.5100979803679e-05)
(-9.9684409925391e-05 8.6100034229595e-05 -2.306698020129e-05)
(-9.8679320511086e-05 8.4874215299685e-05 -3.0669742742321e-05)
(-9.3371611174813e-05 8.0824642036222e-05 -3.804714183292e-05)
(-8.3771547627518e-05 7.2817180232122e-05 -4.4469354856454e-05)
(-7.2098324370531e-05 6.2887832393084e-05 -4.9174897809199e-05)
(-5.9476031963632e-05 5.1882697481983e-05 -5.1926961117345e-05)
(-4.8200003039987e-05 4.197846437049e-05 -5.286365274322e-05)
(-3.9445035632341e-05 3.4314422512449e-05 -5.2860934584624e-05)
(-3.268976718948e-05 2.8363352680505e-05 -5.2425705510155e-05)
(-2.8130972843428e-05 2.4424590674775e-05 -5.1976816454038e-05)
(-2.4452876014022e-05 2.1257564467326e-05 -5.1914531860872e-05)
(-2.0676275454975e-05 1.8037182865582e-05 -5.194301747941e-05)
(-1.6796255781937e-05 1.4749137308743e-05 -5.1533978502311e-05)
(-1.3163998315217e-05 1.1634949410814e-05 -5.0675788674576e-05)
(-1.011449802218e-05 9.0102246436653e-06 -4.9405908857615e-05)
(-7.7022243927454e-06 6.8992555332146e-06 -4.7858650690285e-05)
(-6.0617788385352e-06 5.4407853198649e-06 -4.6162274835719e-05)
(-4.9530919042341e-06 4.4434646861611e-06 -4.4505291188252e-05)
(-4.0731183487615e-06 3.6347062385876e-06 -4.2859677413279e-05)
(-3.3061914325033e-06 2.9419818321135e-06 -4.1217555144553e-05)
(-2.5443016724999e-06 2.2592474071724e-06 -3.9468075575437e-05)
(-1.905711544972e-06 1.6635057943353e-06 -3.7605744175585e-05)
(-0.00010023236386946 -5.9224187584493e-05 -4.2601502099793e-05)
(-0.00011867942803964 4.9821559274513e-05 -1.5951939374094e-05)
(-1.2573979713515e-05 -7.3123297567825e-06 -4.9842604875199e-05)
(-1.3202074680244e-06 1.1057363106917e-06 -3.5416357712979e-05)
(-0.00010924217042964 -6.5320395885478e-05 -3.5789721785349e-05)
(-1.639611281437e-05 -9.5209694613741e-06 -5.0991406899164e-05)
(-1.7679367244501e-06 -1.3891102835231e-06 -3.7066358851535e-05)
(-5.9259057594554e-06 -5.0457042927784e-06 -4.5901925850223e-05)
(-0.00012888824923745 -2.0759545824965e-05 -1.640192641447e-05)
(-2.299834518017e-06 -2.7372646514943e-06 -3.9952036949059e-05)
(-0.00013004423964664 3.4687110604743e-06 -1.6719984931166e-05)
(-1.7173524029549e-06 -1.9864827405728e-06 -3.7993996379382e-05)
(-0.00012321537154065 -4.5203802330659e-05 -1.7056715837728e-05)
(-3.9720624718325e-06 -3.3711202510393e-06 -4.262564689685e-05)
(-9.6588199172517e-06 -5.6085500765191e-06 -4.8385508501341e-05)
(-0.00012950067346538 -3.0697073953263e-05 -2.1955546350292e-05)
(-1.6875379505289e-06 -8.5501465175216e-07 -3.6141176663472e-05)
(-2.9457418418825e-05 -1.0523208407912e-05 -5.1855428125137e-05)
(-0.00011202728629545 6.8134633451868e-05 -2.0379476620725e-05)
(-1.3236165878656e-06 7.1967984391559e-07 -3.468525149553e-05)
(-3.386795160928e-05 -1.2063720108728e-05 -5.1791650822364e-05)
(-1.5901660119722e-06 -4.4024867952432e-07 -3.5406831027246e-05)
(-1.5625869294647e-05 -5.6282592282658e-06 -5.046402691272e-05)
(-2.4043848084363e-06 -1.9658092766938e-06 -3.9062917503141e-05)
(-5.7399600787529e-05 -2.0716353955294e-05 -5.2824784473553e-05)
(-0.00013273320527879 -8.489041434524e-06 -2.3128594249315e-05)
(-1.3649385165505e-06 4.3064483349268e-07 -3.4392944023549e-05)
(-6.0695393549903e-06 -3.5221403838027e-06 -4.5099241943509e-05)
(-7.110425585301e-05 -2.5835192071429e-05 -5.2186669463391e-05)
(-8.7015035239147e-05 -3.1762891828745e-05 -4.9839018151906e-05)
(-3.8999040641545e-05 -1.393264227693e-05 -5.2142934838542e-05)
(-0.00013157631044342 1.669185547923e-05 -2.3398113656949e-05)
(-0.00011244542203433 6.7229863914936e-05 -2.7683245956703e-05)
(-0.0001082689435469 6.5719082946254e-05 -3.5271783764322e-05)
(-9.9120838669276e-05 6.0515476805557e-05 -4.2179195415851e-05)
(-8.6266194279795e-05 5.2809047007961e-05 -4.759943619637e-05)
(-7.2636603308093e-05 4.4566840849048e-05 -5.1085716383079e-05)
(-5.8899356379374e-05 3.6152291535698e-05 -5.2617773355783e-05)
(-4.807772119142e-05 2.9509422298921e-05 -5.289092749549e-05)
(-3.9545013686254e-05 2.4286931974494e-05 -5.2595208769824e-05)
(-3.3576948722204e-05 2.0592101129978e-05 -5.210266851459e-05)
(-2.9329128551359e-05 1.7997505147322e-05 -5.1902810451476e-05)
(-2.5053039233858e-05 1.5413205146702e-05 -5.1982755566655e-05)
(-2.0655780796409e-05 1.2757853336397e-05 -5.1766825882001e-05)
(-1.6441623358341e-05 1.0227196717573e-05 -5.1074599111294e-05)
(-1.2624389981906e-05 7.9226726908781e-06 -4.9938743139089e-05)
(-9.6536234750972e-06 6.1136340600528e-06 -4.8481624054224e-05)
(-7.394713205887e-06 4.712516876706e-06 -4.6801624084586e-05)
(-6.0299449642668e-06 3.8445834359949e-06 -4.5129679413242e-05)
(-4.9496744261241e-06 3.1558942296107e-06 -4.3481036416797e-05)
(-4.0520013589915e-06 2.5803231678533e-06 -4.1862304394766e-05)
(-3.1782775144822e-06 2.0394150442903e-06 -4.0191841416521e-05)
(-2.4285606452873e-06 1.5783369359409e-06 -3.8459767824567e-05)
(-0.00010235352083166 -3.7625151485261e-05 -4.5469889501076e-05)
(-0.00012208867281985 -4.7103604861918e-05 -3.2129154253743e-05)
(-0.00011466244979987 -4.2772884374859e-05 -3.9357493854571e-05)
(-0.00012424314417077 4.4823346909545e-05 -2.3687486319365e-05)
(-0.00012382146855025 -5.0071494642602e-05 -2.4572810919737e-05)
(-2.0034717070702e-05 -7.1911921493181e-06 -5.1409403884664e-05)
(-1.8001071792178e-06 1.1235658859586e-06 -3.6603386274711e-05)
(-7.4628503861227e-06 -4.3221428586589e-06 -4.6727695928488e-05)
(-2.480024538707e-05 -8.8625535794627e-06 -5.1862516264412e-05)
(-1.5285707474493e-06 -1.0749342452541e-07 -3.4927564375381e-05)
(-2.3965472745494e-06 -1.2884237209199e-06 -3.8233598947656e-05)
(-4.6753883395588e-05 -1.6721203998167e-05 -5.2664319280547e-05)
(-4.988945127974e-06 -2.9064207206098e-06 -4.349007927665e-05)
(-3.1595210844975e-06 -2.6520063924064e-06 -4.0934174809249e-05)
(-1.4340387890754e-06 1.6975935334784e-07 -3.4516640739384e-05)
(-1.196445267212e-05 -4.2930905243419e-06 -4.913390417306e-05)
(-5.4198787648369e-05 -8.921606088233e-06 -5.2804272188717e-05)
(-2.3498305954488e-05 -3.8402433023736e-06 -5.1711721961994e-05)
(-2.3087465975361e-06 -7.1228950144503e-07 -3.7535143105008e-05)
(-3.3271921136516e-05 -5.332318821397e-06 -5.1816063084155e-05)
(-0.00012509341824899 -2.2452062685128e-05 -3.5692105863847e-05)
(-2.8526184908551e-05 -4.601732795963e-06 -5.1933426509684e-05)
(-1.7821293423936e-06 7.2096722603478e-07 -3.6107163735262e-05)
(-7.2975424247064e-06 -2.5968690082718e-06 -4.5892150423131e-05)
(-6.690831942031e-05 -1.1157423751913e-05 -5.2655777208096e-05)
(-8.2565597242133e-05 -1.3980282116141e-05 -5.1285876318536e-05)
(-3.8128821827313e-05 -6.0852329006682e-06 -5.1927039562614e-05)
(-0.00013013753075809 1.6190203964708e-06 -3.0960896429462e-05)
(-0.00011281141630564 4.4198178316693e-05 -3.9341743554589e-05)
(-0.0001008640903938 3.9520246265354e-05 -4.543479881407e-05)
(-8.5863872173466e-05 3.3718600651037e-05 -4.979001120483e-05)
(-7.0417479377213e-05 2.7796559200678e-05 -5.2139643599036e-05)
(-5.7273556947037e-05 2.2681842584126e-05 -5.2818449307389e-05)
(-4.6865335298805e-05 1.8608408771344e-05 -5.2736299419338e-05)
(-3.9244047507054e-05 1.562902335448e-05 -5.227649396013e-05)
(-3.3962507406414e-05 1.351467104239e-05 -5.1921635293495e-05)
(-2.9428879842535e-05 1.1716822668783e-05 -5.1951627672478e-05)
(-2.4739920787934e-05 9.8605883889176e-06 -5.1924542836147e-05)
(-1.9895383413275e-05 7.9705775735182e-06 -5.1452724923548e-05)
(-1.5472317819263e-05 6.2686741510306e-06 -5.0492791901457e-05)
(-1.181086625623e-05 4.8408817197087e-06 -4.9146370300868e-05)
(-9.0117371801816e-06 3.7300283136237e-06 -4.7541886480269e-05)
(-7.1683028260134e-06 2.9811623296758e-06 -4.5837511131217e-05)
(-5.8363061069999e-06 2.425107635452e-06 -4.4172721007912e-05)
(-4.8237463479998e-06 2.0035264028443e-06 -4.2521958033596e-05)
(-3.835602193763e-06 1.6171577758366e-06 -4.0869422720389e-05)
(-2.9342963682678e-06 1.2770885926663e-06 -3.9160223484056e-05)
(-9.9451657413981e-05 -1.711040346286e-05 -4.7915512614553e-05)
(-9.1763658260404e-06 -3.2705481113466e-06 -4.7551276386564e-05)
(-0.00012831591276447 2.7567823320009e-05 -2.9331742906615e-05)
(-0.0001298136408301 -2.6454317182896e-05 -2.841738669118e-05)
(-0.00012062141372705 4.7225724218709e-05 -3.201212060405e-05)
(-4.4666862899736e-05 -7.1772097479905e-06 -5.2423623595669e-05)
(-1.775245320466e-06 4.1056278835321e-07 -3.5880936820973e-05)
(-4.0591431958782e-06 -2.3517599805636e-06 -4.1874100820088e-05)
(-5.965963962192e-06 -2.1448685821512e-06 -4.43004271566e-05)
(-3.1816701446337e-06 -1.7924224534006e-06 -4.0138225281733e-05)
(-0.00011425715288032 -1.9879084952062e-05 -4.2588158966375e-05)
(-2.1805643176334e-06 -2.331388930785e-07 -3.6970025260515e-05)
(-1.85162430555e-05 -3.0281806036866e-06 -5.0998223450595e-05)
(-2.2781633993326e-06 1.0625004131394e-06 -3.7628384220941e-05)
(-1.4280716421701e-05 -2.3238456599928e-06 -4.9822038186272e-05)
(-0.00012353747502553 2.4286242806379e-05 -3.5966702151954e-05)
(-3.1173676147552e-06 -1.0390506528757e-06 -3.9438240536425e-05)
(-0.00011311468754972 2.2073134601629e-05 -4.2662439978836e-05)
(-7.5396888527627e-05 1.1942290764278e-06 -5.2187869552858e-05)
(-2.0077217266705e-06 1.5057128836887e-07 -3.6464588414974e-05)
(-3.6060293157209e-05 8.8794013932756e-07 -5.1850084890198e-05)
(-0.00010825824666169 1.2586940554941e-06 -4.5492518186402e-05)
(-4.1755511205169e-05 1.0104994689895e-06 -5.2157020080939e-05)
(-2.6242610364121e-05 5.8695153876001e-07 -5.1910628680803e-05)
(-9.8430499291109e-05 1.9320249211095e-05 -4.7929924626286e-05)
(-8.1868223452601e-05 1.6183323504486e-05 -5.1272997302536e-05)
(-6.6507251338138e-05 1.3285218397447e-05 -5.2622825261554e-05)
(-5.4081412144579e-05 1.0932428881934e-05 -5.2811901428894e-05)
(-4.4776694323203e-05 9.1637780914417e-06 -5.2477114237714e-05)
(-3.8134213227454e-05 7.8374310730927e-06 -5.2000016715053e-05)
(-3.3275095500006e-05 6.8271344625131e-06 -5.1883918901074e-05)
(-2.8447688696506e-05 5.8141356619135e-06 -5.1976949095789e-05)
(-2.3381068023839e-05 4.7973376300123e-06 -5.174247045723e-05)
(-1.8394933055601e-05 3.7995329849364e-06 -5.1013918185423e-05)
(-1.4120444903727e-05 2.9613530544446e-06 -4.981957099947e-05)
(-1.0753468591532e-05 2.2893925964476e-06 -4.8329903419683e-05)
(-8.3757178370566e-06 1.8147592716383e-06 -4.6633312519864e-05)
(-6.7337160910975e-06 1.4526053120306e-06 -4.4941594019979e-05)
(-5.5135230182415e-06 1.1616754931246e-06 -4.3227986895907e-05)
(-4.4449825752391e-06 9.6314639251924e-07 -4.1514615346852e-05)
(-3.3551502640731e-06 7.9152063413206e-07 -3.9682299755273e-05)
(-9.1869875585587e-05 1.1379722185032e-06 -4.9869870287978e-05)
(-8.4826276923197e-06 -1.341037487423e-06 -4.6675222683949e-05)
(-4.9713947587971e-05 1.0263208294831e-06 -5.2683374438826e-05)
(-0.00012218895873884 1.1186251411988e-06 -3.9164012662474e-05)
(-2.9889343043894e-06 -3.8524750210134e-07 -3.8882784413517e-05)
(-2.4310239073816e-06 6.3930705682578e-07 -3.7702526830737e-05)
(-1.0875028119876e-05 -1.7370691587497e-06 -4.8345563734213e-05)
(-1.6456500953195e-05 3.614209677028e-07 -5.0454855355079e-05)
(-4.9524392547595e-06 -1.8359463528258e-06 -4.2752011916408e-05)
(-6.0759339572525e-05 1.0411966841148e-06 -5.2800065527608e-05)
(-3.1500007212854e-05 6.9315799271801e-07 -5.191817941855e-05)
(-6.8561338158357e-06 -1.085444182038e-06 -4.5034192367211e-05)
(-2.1210866248809e-05 4.4536304329079e-07 -5.1431678478009e-05)
(-1.253565795817e-05 3.0632147150226e-07 -4.9109260845668e-05)
(-4.0036650569949e-06 -1.4472516233437e-06 -4.1156476222697e-05)
(-7.6210367878997e-06 2.1762769328349e-07 -4.5782604410909e-05)
(-6.1941593399501e-06 1.4744485151597e-07 -4.409040417495e-05)
(-4.9411033071962e-06 1.381480406998e-08 -4.2203694812954e-05)
(-3.7414067907256e-06 1.5325150652793e-07 -4.0279118392547e-05)
(-2.7812667183621e-06 1.7779651487688e-07 -3.8364576709585e-05)
(-3.8928410693393e-06 -6.0512816240083e-07 -4.0646403344486e-05)
(-9.6277865062158e-06 2.6192174631329e-07 -4.7500392705707e-05)
(-5.6546263045805e-06 -9.5558132748898e-07 -4.3451920545632e-05)
(-4.7570205202399e-06 -9.7038476986388e-07 -4.2058015956951e-05)
(2.764751936917e-05 -9.4350024925124e-06 3.0718213345126e-06)
(5.0115834306066e-05 -2.6581731189559e-05 -6.1991907322176e-06)
(-1.2903826689111e-05 -1.9477353114805e-05 1.2222097928737e-06)
(-6.6829561140108e-06 2.8567906247196e-05 2.8861291926794e-06)
(-1.6338708929778e-05 5.5632952222285e-05 -5.0893506644095e-06)
(-2.9581712845403e-05 -3.0390747233048e-05 -8.5359480760155e-06)
(1.6210909396397e-05 1.2457628049857e-05 3.3884598486667e-06)
(3.0627738290603e-05 4.2531400970368e-05 -1.989671147256e-06)
(6.9198344355187e-05 -3.7442563072447e-05 -1.0316792595998e-05)
(-2.5645689491347e-05 6.760114107062e-05 -1.5660271178636e-05)
(8.0754597606586e-07 4.0433594385897e-07 3.3357625207617e-07)
(5.798163764931e-05 5.1870844948904e-05 -1.4159663822647e-05)
(5.9854917513986e-05 4.799572947853e-05 -3.2773095992238e-05)
(6.2762910621761e-05 3.8769476104763e-05 -4.0867132463284e-05)
(4.9794681434587e-06 2.499032403752e-06 1.4152730245633e-06)
(6.9134345835627e-06 6.2249758610077e-06 2.2167227950951e-06)
(4.679818903814e-06 6.5574052921665e-06 1.9184863619563e-06)
(4.8422679896857e-06 4.2056498421513e-06 2.0386990529366e-06)
(-7.1250728888561e-07 9.5436851961987e-06 2.1489886771665e-06)
(-2.7148268642336e-08 -1.4859573070394e-07 1.2172254483212e-07)
(-2.6567524827911e-06 1.6260355006556e-05 2.7517026859448e-06)
(-6.8777596581647e-07 2.5945163001386e-06 8.0189396028378e-07)
(-6.2293215681055e-06 9.6107045761793e-06 2.3834483224335e-06)
(-6.635820718636e-08 1.8753294131383e-06 1.2130681456884e-06)
(-2.8396507022269e-08 4.1011792573112e-06 2.6995451394609e-06)
(-3.2153045427778e-06 3.6980066304899e-05 2.1241152184388e-06)
(-3.9997025771207e-05 -3.2096466754791e-05 -2.2470511319598e-05)
(-2.1537804218344e-05 -3.3851022413533e-05 -3.2497296841107e-05)
(-2.6029549925312e-05 -1.4979745548463e-05 -3.7080333076819e-05)
(-1.3834436821905e-05 7.4491899722092e-05 -3.0794732431113e-05)
(-1.7769371830106e-05 5.1173045656409e-05 -4.2883652520387e-05)
(-5.2097491036826e-06 3.44875792604e-05 -4.639843421594e-05)
(-2.2628578659178e-06 2.7819814626251e-05 4.5070622953124e-06)
(-8.6523334823263e-06 1.9307099558443e-06 2.1361964863659e-06)
(-6.1316765056925e-06 -5.053170934011e-06 1.9442091270686e-06)
(-5.4454804447124e-06 1.3577982429313e-06 1.8496008347706e-06)
(-5.1365094340345e-07 -2.5923409961001e-06 2.1902907756905e-06)
(-6.0853694737784e-06 4.668619221687e-06 1.9039268262791e-06)
(2.4443837310103e-06 5.3216175740926e-06 2.4032367801763e-06)
(-1.6317857312766e-06 1.4915583959616e-05 2.9215898809107e-06)
(-1.7258188741226e-05 1.0504005634076e-05 3.2420677699719e-06)
(-3.2573899301018e-05 1.7715892404038e-05 5.9644455462974e-07)
(-1.2622831038994e-05 3.4044848634401e-05 2.1751285312023e-06)
(-5.5169710584112e-06 -2.361681263495e-06 1.4814016924086e-06)
(-1.772321324583e-05 -8.531570090944e-06 3.3096669678596e-06)
(-6.3207054195655e-06 -5.8037167636935e-07 1.6898692095846e-06)
(-2.423201495508e-05 -4.3667813195879e-06 3.3489185853448e-06)
(-3.3133250033435e-05 -4.6954104935589e-06 2.8316744800823e-06)
(-1.8173124877535e-06 8.8428128827356e-07 1.4280126166458e-06)
(-3.3630063807802e-05 9.3740396357503e-06 2.1086744650589e-06)
(-3.8088912716141e-05 1.6721045699423e-05 1.6661055222399e-06)
(2.9711156805483e-07 -9.4336444090159e-06 2.3962503978305e-06)
(-3.2996442922448e-07 -3.8007062688165e-07 2.639977638695e-07)
(-2.2229001607204e-06 -6.7534715457485e-06 1.8149990948166e-06)
(-1.5585918207992e-05 -1.5716805185422e-05 3.4422620552209e-06)
(-2.9221456119786e-05 -1.3419550188054e-05 2.8702264005691e-06)
(1.8999990079737e-06 -4.2916929926044e-06 1.244414185104e-06)
(-6.551624271947e-08 -3.7410364141674e-06 1.0307593886087e-06)
(-5.8823564978056e-08 -1.4192729674304e-05 2.7867958718999e-06)
(-1.1151346687878e-05 -1.5166882848982e-05 3.6772750542475e-06)
(3.1202670128363e-06 -5.7460303520342e-06 1.7017116320986e-06)
(1.1738379258176e-05 -1.4446532539182e-05 3.1230356103273e-06)
(5.9998895479123e-06 -1.1291166006954e-05 2.7864392913287e-06)
(7.0335191709142e-06 -1.938744874288e-05 2.8008501653218e-06)
(1.8112209005851e-06 -2.2748176115394e-05 3.0328771328283e-06)
(3.5164244582128e-06 -2.1521861495826e-06 1.1365714718073e-06)
(6.31045425972e-06 -1.8385245805573e-06 1.5828943060147e-06)
(2.2647795618849e-05 4.6299167769889e-07 3.0816688653101e-06)
(1.7761972752053e-05 -1.0631470791799e-05 3.1866912880322e-06)
(1.9195736988093e-05 -9.6060498111605e-06 3.3274716254346e-06)
(6.3512304901935e-05 -2.5505702850821e-05 -3.250515505034e-05)
(6.9668337047553e-05 -3.8262530968321e-05 -4.1820717624694e-05)
(3.9006003002631e-05 -2.1087879164097e-05 -4.9078576831949e-05)
(5.5291625634265e-07 -5.245166203881e-08 2.404650010209e-07)
(4.7332333182194e-07 1.1967702254725e-07 9.3032027097277e-07)
(-3.4937387052528e-07 1.6783625527615e-10 -1.1643375962342e-07)
(1.2252762367413e-06 9.254042261339e-08 3.6852681363543e-07)
(7.260099274268e-06 -5.501113644751e-07 2.0463952540359e-06)
(2.043243555152e-06 4.6337716679874e-06 2.7321537969166e-06)
(2.3218881297983e-05 1.7442540048001e-06 2.7581833306139e-06)
(1.0750931921193e-05 1.3356348486901e-05 3.0101360800955e-06)
(3.6451240267343e-05 -1.147905913585e-05 1.5513196500062e-07)
(3.0627015021687e-05 -2.1455493695634e-06 2.6340456141804e-06)
(2.4743746564869e-05 -2.6902545166425e-05 2.0314301194712e-06)
(1.0982574554143e-05 7.2970081538294e-06 2.7573223093463e-06)
(2.0717379426859e-05 4.5798254598361e-06 3.4608759274591e-06)
(3.5493906818667e-05 1.4934830603561e-05 1.8461637818412e-06)
(1.9003221649168e-05 -2.6101429599085e-06 3.3628102601596e-06)
(2.1734050304443e-05 -2.3308179979716e-07 4.9550605766056e-06)
(4.7866877794304e-05 -1.0099991818806e-05 -9.7364147057925e-08)
(1.3334371005132e-06 -4.5985294579707e-08 1.8847479177862e-06)
(1.0803104274436e-05 1.2832154878904e-06 2.5851593531138e-06)
(2.2595732428792e-05 -1.6880504408708e-05 3.7885497156488e-06)
(4.2031433052559e-05 -1.9430422421146e-07 4.8310417043509e-06)
(6.5259706481845e-05 -8.6170153960695e-06 -6.338816497199e-06)
(5.6700326922514e-05 1.8365012688443e-05 -4.1211853229215e-06)
(3.0757018803184e-05 2.8495608197536e-05 -4.8907225243488e-05)
(7.659861708411e-05 -4.0006846334629e-06 -1.0986322534717e-05)
(5.625478743006e-05 -1.0227137088816e-05 5.8509766107725e-06)
(-3.3675889539534e-07 -3.0855641529702e-07 1.2764655245104e-06)
(2.5780427114464e-05 2.1825927761832e-05 7.8757881872599e-07)
(7.75895053986e-06 2.5178659458589e-05 -7.9499870140159e-07)
(8.4853454673663e-06 1.5407171734673e-05 3.4596523285647e-06)
(1.9946506092392e-05 3.7843254945609e-05 5.0541691603401e-07)
(3.4065813679159e-05 2.796103906363e-05 -3.4488363112938e-06)
(3.1851948150295e-05 4.0119720776039e-05 -1.0733027240535e-05)
(9.0301556681971e-06 7.8007102597869e-06 3.5869112961383e-06)
(2.7430348924139e-05 2.4547732047676e-05 2.8107702365887e-06)
(3.5254709398792e-05 3.1941241432074e-05 3.1800403556191e-06)
(1.8757585450932e-06 -2.0684169456128e-07 2.497616526666e-06)
(8.0409705602158e-06 1.2048864257091e-07 3.9941834832004e-06)
(4.5563305625363e-05 -2.9757029329206e-05 9.0661504975557e-07)
(4.1394684584592e-05 -4.1670236708527e-05 -3.4385717383445e-06)
(1.1546115299005e-05 -4.5564214999678e-05 -9.6899064995961e-06)
(-1.00900878559e-05 -7.6746019321556e-06 -3.5125114226131e-05)
(2.1218574523658e-05 -3.0804267993831e-05 4.7130268206696e-06)
(4.7113501075797e-05 -4.6493877145095e-05 -1.5560547640761e-05)
(7.648231966031e-05 -4.7253681680269e-05 -1.1000647615015e-05)
(2.1308215949318e-05 -5.0566639074542e-06 -4.788493743028e-05)
(5.6009849506275e-05 -9.2543664587467e-06 -1.8590625400812e-05)
(4.9086214657891e-05 5.0671133102756e-06 -2.3629038525526e-05)
(7.6819412020814e-05 1.8803447216784e-05 -7.7787987035665e-06)
(7.8986090366982e-05 4.9142358766866e-06 -2.1503044455157e-05)
(9.1968610508119e-05 -4.9788330020231e-06 -5.2153231438252e-06)
(0.0001054026182377 -2.660093766423e-06 -1.8119849264601e-05)
(0.00011797336189887 5.9525185014624e-07 -1.7113634968174e-05)
(2.7083306643687e-05 2.5248116116927e-08 8.0993824327742e-06)
(4.6646778134322e-05 4.6483953765608e-06 1.4430161794027e-06)
(4.8960731454427e-05 3.0698047132821e-06 -7.9217755558183e-06)
(-1.1265400935574e-05 -1.2224450035571e-05 -1.1935319374586e-05)
(-4.2992656330082e-05 -2.655846939859e-05 -1.2081179157158e-05)
(-3.837234870763e-05 -4.8393603607761e-05 -7.2956170933303e-06)
(-4.4042283003026e-05 5.0292249985122e-06 -3.2361209593303e-06)
(3.7259642087599e-06 3.5517393928373e-05 -1.3789150527207e-05)
(-1.2465544856565e-05 4.6411135468491e-05 -1.6898684178695e-05)
(5.283818576903e-06 -3.01480826122e-05 -2.0117621064604e-05)
(3.1390929194086e-06 -2.3472985622155e-06 -4.2559532022605e-06)
(7.6868923096668e-07 -4.7149073237945e-05 -4.6428254951229e-06)
(1.6258854007412e-05 5.5465331145008e-05 -4.8502764937476e-07)
(4.7562147488116e-05 3.3192663362093e-05 -1.4963279471251e-05)
(3.3843593347673e-05 -8.6980040854779e-06 -4.5009987199467e-06)
(1.7849899857437e-05 -4.5624748892562e-05 -8.9485259581181e-07)
(1.114582510829e-05 -2.6945088959386e-05 3.9507267575283e-06)
(5.086921550114e-05 4.6946604981312e-05 -9.2304871848232e-08)
(1.7558545621689e-05 2.1399594053783e-06 6.5598427025795e-06)
(7.9301640853876e-05 3.447911143768e-05 -1.5105524199285e-05)
(3.5147208260653e-05 5.4160300315823e-05 -2.4775807194036e-05)
(-1.8553647488963e-06 5.157297119261e-05 -2.2664683665389e-05)
(-1.2855470424853e-05 2.4639744841488e-05 -5.2421931235122e-05)
(3.9948436700192e-05 4.893196850802e-05 -2.9472072209127e-05)
(5.465442335174e-05 6.848900563399e-05 -1.9733007834836e-06)
(7.671785749561e-05 6.6563288784437e-05 -1.06995368087e-05)
(7.5023150582944e-05 4.5690789834264e-05 -2.7015602418786e-05)
(8.5920546007241e-05 3.8906724719379e-05 -2.9854375146217e-05)
(2.6791586283654e-05 3.0581965142119e-05 -5.5172492696882e-05)
(2.0022074466551e-05 1.622619184467e-05 -5.4661677959361e-05)
(7.2577256979609e-06 6.0653487794989e-06 -4.7472350884601e-05)
(6.6300159669379e-05 -6.1028559480511e-07 5.6102513585114e-06)
(7.5003316824127e-05 7.2358899312035e-06 -6.5822630010066e-07)
(-1.4555671003171e-06 -5.9985970810444e-05 -1.7629114843558e-05)
(-1.1386624054619e-05 -7.4778193951427e-05 -6.919558885686e-06)
(3.1572375847449e-05 -6.8714777924802e-05 -4.0157532404993e-06)
(6.2336709688032e-05 -6.1703975591608e-05 -2.0898450789925e-05)
(4.3631046824219e-06 8.0365874845363e-06 -2.4353445432511e-05)
(-9.159511528542e-06 -1.4272143416196e-05 -3.0769858072542e-05)
(5.2666319034613e-05 7.8205550243185e-07 -3.1343542847173e-05)
(4.1243207444372e-05 -5.224381876039e-05 3.5537213759744e-07)
(5.6284572593613e-05 -6.6428195470657e-05 1.3243863467295e-07)
(6.5224347966388e-05 -7.7939037274813e-05 -1.427038973585e-05)
(7.4311189084636e-05 -6.3347141929587e-05 -2.4173663138992e-05)
(8.4836574652212e-05 -9.1436207344046e-06 -2.6775445449972e-05)
(7.5571138108903e-05 -4.5613171959332e-07 -3.6565827132557e-05)
(7.6647407959024e-05 -4.8515556836373e-08 -4.069088477904e-05)
(0.00011914156683551 -1.3110617347779e-05 -3.1624292030905e-05)
(4.5889967294925e-05 1.1846806048897e-06 7.447782245216e-06)
(9.900401889546e-05 3.3700115202538e-06 -4.3469690251394e-06)
(9.6770155487883e-05 1.0491572612192e-05 -1.5660160038819e-05)
(-5.8013119284693e-05 -2.6534200307294e-05 -2.8109257910565e-05)
(-8.0414321039922e-05 -2.2402270809305e-06 -2.5053112607249e-05)
(-5.1807509643769e-05 -5.9178652307654e-05 -2.7357696575221e-05)
(-4.5399414381752e-05 -1.0363118082255e-06 -3.4852447840762e-05)
(-4.5621126969607e-06 -7.4760280161877e-06 -3.5914976734288e-05)
(-2.9877096238828e-06 -3.0240634711946e-06 -3.5113416948899e-05)
(-1.8631066316836e-06 -1.0708406322902e-06 -3.2058176055964e-05)
(-2.121856449495e-05 5.2685637350071e-05 -3.0839793459275e-05)
(-9.3302671342561e-06 -6.8286792123799e-05 -3.0947046854744e-05)
(-1.1191401759537e-05 -4.6819721790652e-05 -3.65241445548e-05)
(6.5645085596894e-06 9.5511567365321e-06 -3.2664786949038e-05)
(5.3490554708535e-05 8.2782723473371e-05 -1.6258197785168e-05)
(4.4383311040978e-05 8.2580585672018e-05 -3.1023213965707e-05)
(4.1958793019924e-05 3.5645224293301e-05 -3.4936506640742e-05)
(4.6985208435167e-05 -5.5132760756236e-05 -2.9023295885711e-05)
(4.2597050173666e-05 -8.3940622683753e-05 -2.3274501948346e-05)
(5.0747182824536e-05 -9.778611629641e-05 -2.8484828277372e-05)
(5.8681869509046e-05 -6.3982245097652e-05 -3.5874603151459e-05)
(1.8619182454418e-05 -4.092582353636e-05 -3.8763810104008e-05)
(4.3457842419986e-05 -8.4303317315655e-06 -3.4655837595431e-05)
(2.1090347552771e-05 -5.4227384889439e-08 -3.4920993007645e-05)
(3.9807890019113e-05 -1.2927268521169e-05 -4.0931071825271e-05)
(1.0223950666518e-05 -1.0014683035604e-05 -4.761160677855e-05)
(6.4930219198289e-06 -2.0041446122145e-06 -4.2223090134172e-05)
(4.2565467613727e-06 -2.8030235969761e-06 -4.3758473705373e-05)
(7.519942563646e-05 7.1619872623753e-05 -2.7425204219413e-05)
(8.6557173735311e-05 -8.0142356690248e-05 -1.3008428271197e-05)
(8.828845410724e-05 -6.4848633519167e-05 -2.8915119110895e-05)
(7.1999789940322e-05 -4.1281202694495e-05 -4.4106176605761e-05)
(8.2688278643465e-05 3.4416165234102e-06 -4.4673440037574e-05)
(9.0830219721227e-05 -1.5179457296812e-05 5.3386992804557e-07)
(0.00010995546226382 2.2956146958262e-06 -9.0773075324587e-06)
(0.00010794635534705 -1.208848847239e-05 -4.1434614879724e-05)
(0.00011487005960065 -4.0331429390682e-06 -4.1813379510892e-05)
(7.6373819592559e-05 -7.12593559326e-06 -5.4763311123025e-05)
(0.0001181212912317 1.9764498261804e-05 -1.728999270452e-05)
(2.7351645883509e-05 4.0327131204683e-05 -3.7677137566642e-05)
(-1.2645959969273e-05 3.7677147898617e-05 -3.8295763575389e-05)
(-3.4836403234244e-05 3.5312178330757e-05 -3.967913948254e-05)
(-3.984481910466e-06 7.1392125065978e-05 -4.1962036239359e-05)
(-7.5092062519808e-07 2.3234182217461e-05 -3.6579218485415e-05)
(-6.0596046991608e-06 1.3745175309751e-05 -4.8249656812582e-05)
(-1.7235006443241e-06 8.1885330622611e-06 -4.5994634939773e-05)
(-1.0729712959918e-06 2.8921571049643e-06 -3.6715893055559e-05)
(3.5060977132498e-05 6.7042454564507e-05 -3.9472565394902e-05)
(3.2185195289747e-05 2.0303677276399e-05 -4.0486490383224e-05)
(2.5619284847906e-05 2.4635940123526e-05 -4.4004986993374e-05)
(8.4843111555885e-05 8.2822528414536e-05 -2.536993815607e-05)
(7.6003936632639e-05 8.970962926581e-05 -3.4624425492109e-05)
(6.9421590730415e-05 6.3105326492618e-05 -4.6783850919124e-05)
(6.6060995990071e-05 2.8817965682573e-05 -4.4193200198592e-05)
(5.7066680494231e-05 2.0674519982001e-05 -4.8076067941265e-05)
(4.8122617550283e-05 2.01282050735e-05 -5.2312521977709e-05)
(3.3145485212544e-06 3.0249092650893e-06 -4.2283973175418e-05)
(0.00012282025763496 3.101523664043e-06 -2.2793903599363e-05)
(0.00012587092721818 2.5214564083972e-07 -2.6243644604669e-05)
(0.00010681686916977 -9.1272062856445e-07 -3.7537213570168e-05)
(-1.0176421009442e-05 -5.2887502630422e-07 -3.4114160866041e-05)
(-5.1556629661483e-05 -2.153603541543e-05 -3.9148718228192e-05)
(-8.4623506616955e-05 -2.2822326581409e-05 -4.1169179808015e-05)
(-1.1848387538353e-05 -5.5665019055112e-05 -4.0368042329063e-05)
(-5.6615317728515e-06 -0.0001083962408161 -3.2676535151914e-05)
(6.0354976911348e-06 -9.8069290631631e-06 -3.4079991719481e-05)
(-2.6463244715784e-06 -6.9952379639937e-06 -3.3400347677652e-05)
(4.1212240291832e-05 -9.9918089381339e-05 -3.5213504051563e-05)
(4.1395855221884e-05 -3.5048037313082e-05 -4.2898627876195e-05)
(1.9952379508461e-05 -9.3346860001749e-06 -3.7680114627965e-05)
(7.9330211740356e-05 -9.5724883525613e-05 -2.5272433053798e-05)
(7.9081732267757e-05 -8.8673575405759e-05 -3.4500011943451e-05)
(5.3364372024895e-05 -7.2305947512459e-05 -4.7659798670874e-05)
(5.0377187300841e-05 -4.5135531259101e-05 -4.8973785364611e-05)
(5.1147431891409e-05 -6.1895017765436e-06 -4.9549184164073e-05)
(5.3957940876659e-05 1.454603484432e-06 -5.3203530968379e-05)
(3.5403219992168e-05 -1.3144168102329e-06 -5.2508648454836e-05)
(6.2358091934238e-05 -7.8374242281934e-06 -5.6566884333627e-05)
(0.00012381104225138 -2.7912740976969e-05 -2.4873936555068e-05)
(0.00010344981183093 2.8620371438579e-07 -4.5444810448207e-05)
(-3.5746196027652e-05 -1.3145888092545e-05 -4.2992209257532e-05)
(-6.6981969585109e-05 -9.6363978999524e-06 -4.7482082946677e-05)
(-3.8859670602623e-05 -2.4422761656142e-05 -4.6780495092812e-05)
(-1.4114329851194e-05 -8.3494942855299e-06 -3.8071476180055e-05)
(-7.615870203282e-07 -1.9398962646265e-06 -3.3421105901584e-05)
(4.3939212067899e-06 2.3229608279367e-05 -4.0046266576025e-05)
(1.7649612394233e-06 -3.0131788307047e-05 -4.1255415469973e-05)
(3.5549024158223e-06 -1.9845682921031e-05 -3.8653031303968e-05)
(-5.6647981800012e-06 -7.7958228069931e-07 -3.3020919199984e-05)
(3.6996658521017e-05 5.36959763349e-05 -5.0674454547661e-05)
(3.1985502417014e-05 5.8273262859704e-05 -5.3654701069898e-05)
(2.5081136367348e-05 1.2091698892994e-05 -4.6009843555972e-05)
(1.4781915010704e-05 -3.3588368508714e-05 -4.3774077379389e-05)
(2.54427000155e-05 -7.4703840048755e-05 -4.9224658374309e-05)
(2.8140725480263e-05 -6.8395390222824e-05 -5.4241282192009e-05)
(1.2550670141177e-05 -1.8503637735858e-05 -4.1758324306808e-05)
(1.6110157026922e-05 -2.0718212714626e-05 -4.7174277080811e-05)
(2.1558739851609e-05 -2.8532952612819e-06 -4.1584043550023e-05)
(1.9208021110471e-05 -7.296612816276e-06 -4.400627479153e-05)
(7.3936689248227e-06 -3.5712096798373e-07 -3.8117379418602e-05)
(1.7581132494337e-06 -8.7462288283937e-07 -3.5252607969168e-05)
(5.3329030567234e-05 5.8594892868721e-05 -5.4038637049309e-05)
(3.5471990231404e-05 2.0602781989331e-05 -5.5282583658385e-05)
(5.8893481276961e-05 -7.0532929120099e-05 -4.9520286783037e-05)
(4.9164234930269e-05 -3.1522487426543e-05 -5.3020803699882e-05)
(3.7819600377293e-05 -1.9309302381683e-05 -5.3851370500271e-05)
(3.287579086415e-05 -1.5121073399227e-05 -5.4854755632666e-05)
(2.9678614439231e-05 -5.0987407251991e-07 -5.3800273009538e-05)
(0.00011710348855348 -2.6343549697298e-05 -3.9136181727431e-05)
(0.00010371622924424 -1.4004292957494e-06 -4.7254494384442e-05)
(5.0452556408923e-05 -7.8208932802586e-06 -5.6316124212164e-05)
(4.6338632491756e-05 7.4054641474774e-07 -5.6143414676657e-05)
(2.985392221438e-05 -2.8292321525433e-06 -5.6879598228935e-05)
(8.8627593165332e-05 -1.988596739482e-06 -5.2119423056483e-05)
(9.4458365731555e-05 1.4810001400153e-05 -4.9545689301421e-05)
(1.6931986102391e-05 1.3300593767145e-05 -4.5716048813282e-05)
(3.3861798484954e-06 1.6044370463988e-05 -4.2178768793726e-05)
(-1.4620333121139e-05 1.7158812010975e-05 -4.7450511616646e-05)
(-1.4594737236618e-06 3.8184317477799e-05 -5.4604708765233e-05)
(-3.5936570960025e-07 9.1414839100938e-06 -3.9650222721305e-05)
(-9.8479239652572e-07 1.2501767720615e-06 -3.3980892830471e-05)
(3.6275410624899e-05 5.5050167609469e-05 -5.6197447823535e-05)
(9.3974254169762e-06 1.1162878300325e-05 -4.4677503569675e-05)
(6.7932204338038e-06 9.3627566098221e-06 -4.2764387746385e-05)
(6.4274975740087e-05 5.6128227837468e-05 -5.2570021432775e-05)
(3.1690421889854e-05 2.5505097073564e-05 -5.657792796337e-05)
(3.5703798905538e-05 2.4320172434131e-05 -5.5493455509453e-05)
(3.1397203832032e-05 1.2313273826787e-05 -5.4989483215073e-05)
(2.0374465958607e-05 9.4883067047808e-06 -5.3135238191406e-05)
(1.7536068527932e-05 7.097872199821e-06 -5.1944745873855e-05)
(3.4183667483287e-06 2.0554360723221e-06 -4.416291580558e-05)
(1.1034934161016e-06 9.406067295406e-07 -3.5081568827085e-05)
(1.1102194993561e-06 7.0187485404019e-07 -3.5944865513439e-05)
(7.5690657671934e-05 8.6832749770118e-06 -5.407412479281e-05)
(1.0956217538216e-05 -1.2156227167177e-05 -4.4239753485832e-05)
(3.0484442238605e-05 -3.2990309888884e-05 -5.660419268645e-05)
(3.2112452874368e-05 -3.6410454884597e-05 -5.4777406415192e-05)
(2.8162414501409e-05 -1.4554336583396e-05 -5.6666085661738e-05)
(1.9345825250949e-05 7.4265066582751e-08 -5.0514456464386e-05)
(5.8558674300657e-06 -1.0915699796187e-06 -3.6198807933103e-05)
(1.1746679426475e-06 -2.7729565040881e-06 -3.4649628223164e-05)
(1.9107127330484e-05 -3.1456956885043e-06 -5.3677624508753e-05)
(1.1918170293255e-05 -8.1445151557283e-07 -4.9742129206467e-05)
(2.6047245799465e-05 -2.4564486751903e-06 -5.6470199161197e-05)
(6.4782263318244e-05 -1.7209336044605e-06 -5.4969144480158e-05)
(4.8367607717331e-05 -4.6419388584967e-07 -5.7090608697681e-05)
(1.1358345251802e-07 -1.5136278038457e-06 -3.4227261317613e-05)
(-1.3324927315592e-05 7.6270822435404e-07 -4.3190696837312e-05)
(-2.7763868944969e-05 5.1297320932268e-08 -5.2769772983772e-05)
(-1.3387181923711e-05 1.0389030680418e-05 -4.5616367370941e-05)
(-1.0139427027017e-05 -2.0813228909482e-06 -4.2027049423699e-05)
(-2.0805433517768e-06 -1.0222040699391e-05 -3.9554242160393e-05)
(-3.6760542178147e-07 -3.5246539399981e-05 -5.4684228858768e-05)
(2.1697435937196e-06 -1.1069797049281e-05 -4.2333226599009e-05)
(5.3436506061292e-07 -5.8298131137371e-07 -3.1815172699846e-05)
(6.7486076758053e-05 1.3361565812574e-05 -5.4386416661544e-05)
(5.1802463980889e-06 3.6783886625285e-06 -3.701474920071e-05)
(9.2137143075243e-06 1.7191855209128e-05 -5.2195683063667e-05)
(1.7732558982198e-05 1.6433259495093e-05 -5.524018540852e-05)
(1.4369862229098e-05 5.4984881573306e-06 -5.2880599360309e-05)
(4.21796261106e-05 7.1037604241959e-07 -5.5000470681988e-05)
(3.1012947428552e-05 6.3689583994555e-07 -5.6949685865867e-05)
(-1.0352672329853e-06 5.3487478609113e-06 -3.5252489092907e-05)
(1.1837518986818e-06 3.5866564878722e-07 -3.1469897676329e-05)
(-5.0179209052892e-06 -2.1897009145216e-06 -3.6433981793687e-05)
(-7.479773114088e-07 -6.2871106500184e-07 -2.8177230433382e-05)
(-1.9157301037819e-07 -2.1926948357111e-07 -2.0653901269669e-05)
(-2.6711992847412e-07 -3.3206454617944e-07 -2.4531855834535e-05)
(8.5615450637537e-07 -6.6854864199033e-06 -3.8641342852538e-05)
(9.091869565946e-06 1.8270182421127e-05 -5.1509928766935e-05)
(1.0545273690472e-05 -1.4610961726194e-05 -4.8688773830057e-05)
(1.1323888296915e-05 -2.9267163875715e-05 -5.6446286862702e-05)
(1.1335347102813e-05 -2.1332008954903e-05 -5.4890765514759e-05)
(8.5842307234249e-06 -9.7921022204594e-06 -4.9778510403184e-05)
(7.9832657248006e-06 -2.1959428212805e-06 -4.0814833968847e-05)
(3.2845716673772e-06 -1.6850456018357e-06 -3.3624431596503e-05)
(5.4500420827777e-06 1.2635117361196e-06 -4.0930971913938e-05)
(1.3393320583762e-06 -4.758080582798e-07 -3.4686308814757e-05)
(6.2725509453745e-07 -1.950340252529e-07 -2.9774060255134e-05)
(2.7722693260701e-07 -9.7018082667726e-08 -2.4566080401669e-05)
(2.4214446643229e-05 -2.7593072764052e-05 -5.5028224740352e-05)
(1.8817546109105e-05 -1.0827199612031e-05 -5.3777454819121e-05)
(1.7615394465831e-05 -1.0034158010974e-05 -5.4314794754126e-05)
(1.2062183325512e-05 -6.2527513499325e-06 -5.1912318195579e-05)
(1.1019441462799e-05 7.6236652382999e-08 -5.0625228878988e-05)
(1.7461477823402e-05 -1.7574262241059e-06 -5.512131409882e-05)
(1.5282179079456e-05 -2.0949393193061e-06 -5.4965743962964e-05)
(1.132109847806e-05 2.4357795351156e-07 -5.3385621501283e-05)
(4.8275929417246e-05 -8.4474255638436e-06 -5.4761017076745e-05)
(3.5877040792619e-05 7.4645165510903e-07 -5.4555191884614e-05)
(3.3812033528777e-05 7.2399283799942e-06 -5.5624329092843e-05)
(5.5056127264116e-06 4.4127388605507e-06 -4.1002388009541e-05)
(-1.5472575681745e-06 6.1302418054593e-06 -4.0322749517257e-05)
(-7.7646078410466e-06 5.939712880375e-06 -4.5325402396298e-05)
(-1.5459638287051e-06 1.460503300759e-05 -5.2468777622949e-05)
(5.0244887726276e-07 3.483511062713e-06 -3.6287921845563e-05)
(-5.9857439101625e-07 6.931827679007e-07 -3.0085264774031e-05)
(-2.262416023806e-07 4.5415313515004e-07 -2.67772044365e-05)
(-7.2598331896342e-08 3.3198311817359e-07 -2.6502405770712e-05)
(5.4624106177929e-06 1.6452707442732e-05 -5.3947647339732e-05)
(3.5011613132013e-06 4.4023847553303e-06 -4.1675875976356e-05)
(3.0751751350315e-06 2.9482434858453e-06 -4.0001047307704e-05)
(2.0496647131783e-05 1.8780320136353e-05 -5.5113033470611e-05)
(1.3211353145138e-05 9.9762935608438e-06 -5.3969328732578e-05)
(1.4106703157567e-05 1.3163413449248e-05 -5.325400567244e-05)
(1.1613254960137e-05 4.7561675654688e-06 -5.1975824759664e-05)
(6.9843597843137e-06 4.6386171474279e-06 -4.991302126333e-05)
(5.690459367303e-06 2.3494550849755e-06 -4.6996425620834e-05)
(4.8883801768183e-07 3.8055350362432e-07 -3.2210034449453e-05)
(3.4007290751373e-06 -5.8898530658139e-06 -4.4514073738987e-05)
(1.4638164335066e-05 -1.721506417357e-05 -5.407792805664e-05)
(1.2158689668623e-05 -1.4811844832716e-05 -5.3057501412631e-05)
(1.0635981154337e-05 -5.663888504714e-06 -5.2948748300873e-05)
(1.0210362433593e-05 -1.6953343761416e-06 -5.2244171247676e-05)
(2.828889677277e-06 -3.0857769921483e-07 -3.6552177628545e-05)
(-4.331827621485e-07 -6.315457475008e-08 -2.9735390400551e-05)
(5.9488929646937e-06 -1.3567442069188e-06 -4.8789060147275e-05)
(2.9032431832889e-06 -4.6591167135766e-07 -4.0275312626337e-05)
(8.0556021491122e-06 -1.2583658184079e-06 -5.1202419538498e-05)
(2.6247531686789e-05 -4.8094639957671e-07 -5.3833370637018e-05)
(2.0997339519229e-05 1.2751218620631e-06 -5.5799966964254e-05)
(-2.5519117469691e-07 2.3996083581798e-07 -3.0164747607499e-05)
(-2.700802071224e-06 -3.7233079640774e-07 -3.4641993086168e-05)
(-1.3112155850945e-05 2.7757940010871e-07 -5.2588046786314e-05)
(-7.7270070800675e-06 3.5537088735131e-06 -4.5490349881747e-05)
(-2.8943800958128e-06 -6.9967886617914e-07 -3.5755794494155e-05)
(-6.1013874151457e-07 -2.713644713765e-06 -3.486780526613e-05)
(-1.4639944906487e-06 -1.3555707587501e-05 -5.2909247992176e-05)
(-3.8793045741056e-07 -3.2631695234699e-06 -3.8058926257538e-05)
(4.1243901619451e-07 -1.5077093489078e-06 -3.0778114090293e-05)
(2.6492139906168e-05 6.7001015267296e-06 -5.3922832558536e-05)
(2.9957570286311e-05 5.9973356771805e-07 -5.4480397722319e-05)
(2.8292440096476e-06 5.5778026358716e-06 -4.6736360508583e-05)
(6.5117104593863e-06 6.5574841680968e-06 -5.1301181098397e-05)
(1.686731838321e-05 6.3347532190999e-08 -5.2699458568232e-05)
(1.305727113331e-05 1.5491633948634e-07 -5.4158209201469e-05)
(1.1740162682739e-07 1.8657097078376e-06 -3.0586478681411e-05)
(-1.3373989860514e-07 8.3487748001999e-08 -2.4169808783282e-05)
(-1.5748447972688e-06 -1.9070595832718e-08 -2.9965864425895e-05)
(-7.2219305931604e-08 -9.4580232943453e-08 -1.7689025332285e-05)
(-1.1231548711431e-07 -3.0473895500964e-06 -3.8200556361573e-05)
(7.3414285103743e-06 1.2241697059692e-05 -5.3471841226736e-05)
(3.3340955271409e-06 -4.9504002531245e-06 -4.4817935743518e-05)
(4.5768171905445e-06 -1.1223483920058e-05 -5.2961958123907e-05)
(2.8542561772649e-06 -8.3683445866689e-06 -5.1583225179129e-05)
(2.3087622009784e-06 -3.276534924744e-06 -4.1542665686883e-05)
(8.9518923707788e-07 -1.5329581729534e-06 -3.3268383585268e-05)
(2.070360742471e-06 -1.02607555088e-07 -3.3846015797097e-05)
(5.5699854794729e-07 -1.1529003169989e-07 -2.4328134993086e-05)
(1.2595902202926e-06 -3.2510139867376e-07 -3.0988297337571e-05)
(8.0796857773283e-08 -1.5263275926738e-08 -1.737243185471e-05)
(9.6760477759994e-06 -1.0080788478059e-05 -5.1733301604282e-05)
(6.0131624111022e-06 -4.0598835713667e-06 -4.8689258878457e-05)
(5.2054125242385e-06 -3.2809264520001e-06 -4.8316598921209e-05)
(3.623774247954e-06 -2.4039136260862e-06 -4.5718230524832e-05)
(2.3586728898475e-06 1.4650719583936e-07 -3.8449879112537e-05)
(4.6920022512493e-06 2.2586813938886e-07 -4.6655449186629e-05)
(3.7782420457784e-06 -5.8631175248303e-08 -4.4673672482687e-05)
(2.6256628673873e-06 2.7507303955696e-07 -4.1452435802167e-05)
(1.8075138499517e-05 -3.2211294833839e-06 -5.3296260295107e-05)
(2.0060035063035e-05 -1.2299845888956e-07 -5.3968641041717e-05)
(1.0499922976878e-05 6.3786425384204e-07 -5.0904136951052e-05)
(8.3025053571928e-06 2.1335982853711e-07 -5.1819600507974e-05)
(-8.1538600349749e-08 -3.4842009417374e-07 -2.4204255730058e-05)
(-1.0725369182597e-06 -3.2217024094737e-07 -2.8839513206557e-05)
(-4.4697371838416e-06 -5.1225430291665e-07 -4.5380455267912e-05)
(-1.3874915887565e-06 1.120740516083e-06 -3.3356348970976e-05)
(-1.830756081631e-07 1.3328263604951e-06 -3.0874220861923e-05)
(-1.1439880044032e-07 3.9518165371763e-06 -4.3414536431994e-05)
(-4.7987159787585e-08 7.7030035499311e-07 -2.6683777428501e-05)
(-6.0339101289639e-08 8.1449260672405e-08 -1.9851154040763e-05)
(-3.1820523719457e-07 -2.3098121717859e-06 -3.6631100823194e-05)
(-2.054042851589e-07 -4.3593752387718e-06 -4.4930375752847e-05)
(1.0199517976651e-07 1.0037795739695e-07 -2.2271216419342e-05)
(-8.1175733393337e-08 -1.832407115224e-07 -2.0504146578067e-05)
(1.683503404674e-06 9.3847033097918e-07 -3.3573438844779e-05)
(1.8923564622913e-06 5.2876734215171e-06 -4.7168148069206e-05)
(6.864775498815e-07 4.6179749280972e-07 -2.6810063339963e-05)
(3.7978170407892e-07 3.6596491055044e-07 -2.3983187678136e-05)
(2.9050102070136e-06 -5.9580436686134e-06 -4.9479321613446e-05)
(1.4566908489103e-06 -1.27321683994e-06 -3.5156841976448e-05)
(4.1213084525895e-07 -2.6881811329352e-07 -2.328663563469e-05)
(5.2179887030616e-06 4.9660077965978e-06 -4.9253999891105e-05)
(4.009843823659e-06 4.0483207760237e-06 -4.7948027115852e-05)
(3.2958179866879e-06 2.7526629080944e-06 -4.4862475426429e-05)
(2.8056841585821e-06 1.3256327929058e-06 -4.1647317172981e-05)
(2.0354084950215e-06 6.4074631567274e-07 -3.9203395967821e-05)
(1.4843272565295e-06 7.2921756597911e-07 -3.6550596189384e-05)
(6.466859420576e-08 6.1474512672027e-08 -2.3325280667233e-05)
(-5.9407025200246e-07 -6.0763646211891e-07 -1.9860912095592e-05)
(-7.7208372679357e-07 -7.6788833237026e-07 -1.0405195053594e-05)
(5.0916895835077e-06 -7.384387664793e-06 -4.9635782734344e-05)
(3.4686302764941e-06 -5.5523187549838e-06 -4.8372720845933e-05)
(3.3363694101321e-06 -4.2737013736968e-06 -4.5564504457587e-05)
(4.3053539989246e-06 -1.7993419965298e-06 -4.5234097690173e-05)
(2.0360297018769e-06 -3.0519795378195e-07 -3.803473869243e-05)
(1.681509993844e-06 -2.9357089540205e-07 -3.8022664238177e-05)
(9.0378934782812e-07 -1.1657907148659e-07 -3.2641557127264e-05)
(1.139839326557e-05 -1.948349532033e-06 -5.0797726112202e-05)
(9.3653823695198e-06 -2.0525866255896e-07 -4.966423444597e-05)
(2.6636908191674e-06 -3.6029939166997e-07 -4.2015664741207e-05)
(6.8942298528752e-06 -8.00567846668e-07 -4.7633313955973e-05)
(6.6281192567034e-06 1.4288493833065e-06 -4.7049453013541e-05)
(4.4156702186707e-08 4.4024931913089e-07 -2.2567409869641e-05)
(1.1214293485941e-06 1.5508247063517e-06 -3.7318271600873e-05)
(6.7576890234407e-07 1.3989339629285e-06 -3.6127279620051e-05)
(4.6641563506646e-07 1.2018142964339e-07 -2.4011010251551e-05)
(3.0376323415791e-06 2.149611483031e-06 -4.2461817056371e-05)
(5.7755603725743e-06 1.8278861432753e-07 -4.5916964728337e-05)
(4.9258181766472e-06 1.3565008309122e-07 -4.429557610426e-05)
(-5.4673554529625e-07 -1.5423761148384e-08 -2.4626090211255e-05)
(-1.7129550130834e-06 -6.6110253839646e-08 -3.7005960884736e-05)
(-1.2807044417635e-06 -1.0008094481804e-06 -3.5308798560487e-05)
(-4.091557049311e-07 -1.0980261406281e-07 -2.2950541887801e-05)
(-5.339493951692e-08 -3.6066807217757e-08 -1.5416110216678e-05)
(8.1650985040653e-08 8.7961599262969e-08 -1.1193356903093e-05)
(2.7689159607306e-07 1.7176806364363e-07 -7.8625650641991e-06)
(-1.5207551955901e-07 -1.1000890887936e-06 -3.0901628523804e-05)
(-1.5518428299424e-07 -5.3873060577702e-07 -2.5134999089477e-05)
(7.9167575800956e-08 -1.0068310602278e-07 -1.8904388089726e-05)
(7.2597210810305e-07 -7.7439735598953e-07 -3.006154926479e-05)
(1.5045385358299e-06 -3.0066238865454e-06 -4.405177120932e-05)
(1.0144668552917e-06 -2.1541143842699e-06 -4.1027184993254e-05)
(5.4101434788269e-07 -1.1130072514496e-06 -3.3707448325351e-05)
(2.8005816484553e-07 -6.320078883758e-07 -2.9457458498257e-05)
(6.5065534790072e-07 -1.9848034629396e-07 -2.6744762490524e-05)
(2.1439919285815e-07 -1.1961594613841e-07 -1.9635767183016e-05)
(2.9638995284796e-07 -3.9673456414641e-08 -2.239989481197e-05)
(-4.7219219891952e-07 1.7897722497866e-07 -1.5901729668602e-05)
(-6.8561566856299e-07 4.856687960194e-07 -9.8924688633126e-06)
(-7.365289992552e-07 3.0086870131797e-07 -4.7889708792157e-06)
(2.6604462676458e-06 -3.1821567032206e-06 -4.2644232782692e-05)
(1.8189653435027e-06 -1.1875074481337e-06 -3.9482483284282e-05)
(1.1766943405488e-06 -7.5797316193174e-07 -3.7501449453333e-05)
(8.6276364473677e-07 -5.5814814808437e-07 -3.4217447745989e-05)
(9.9458134587673e-07 5.6091238803377e-08 -3.4955175911657e-05)
(1.2959737581793e-06 -9.8146118587202e-08 -3.7411474679656e-05)
(9.6156808812572e-07 -9.8707871862568e-08 -3.5302936201563e-05)
(6.7510208200786e-07 -1.4062138629675e-07 -3.2345136551708e-05)
(5.2339662549473e-06 -1.1269656367069e-06 -4.4963621237244e-05)
(2.9450360418014e-06 -7.8462482795453e-08 -4.0760453769269e-05)
(2.0840931307138e-06 9.8849414873392e-08 -4.0360689989379e-05)
(-6.0823583410634e-08 -1.1823237153182e-07 -1.7705163627441e-05)
(-2.8142506044542e-07 -4.3444504029994e-08 -2.1276756889395e-05)
(-1.0264767603608e-06 -1.4947840254285e-07 -3.3965962275011e-05)
(-9.18497805763e-07 6.8557646985738e-07 -3.4243721977179e-05)
(-1.5041452697969e-08 1.4194061207897e-07 -1.8118860260265e-05)
(1.4592616817675e-07 8.8464453988362e-07 -3.227948027174e-05)
(3.3305450101254e-08 1.9712622533405e-07 -2.0005428789312e-05)
(1.3381167472298e-07 -2.7583634948344e-07 -1.4156253156309e-05)
(5.3978314104666e-07 -5.3428657057947e-07 -8.9197378164964e-06)
(4.9497517306317e-07 -7.5252355454382e-07 -4.6598702044563e-06)
(-2.0039761691626e-07 -6.4656822010347e-07 -2.8330717197934e-05)
(1.4324563013411e-09 -1.6258687611054e-06 -3.8179564391508e-05)
(-9.6050858087458e-09 -1.1136066020243e-07 -1.7862228787022e-05)
(-4.0880734294631e-09 -6.4021530827799e-08 -1.6751424607894e-05)
(4.8840095288508e-07 4.352765727806e-07 -2.8427592895964e-05)
(4.6200996192773e-07 1.3365500060516e-06 -3.7457331913129e-05)
(3.7256329150329e-07 2.1248237895558e-07 -2.6208276660533e-05)
(1.9893559927466e-07 1.4474355927554e-07 -2.2147121536634e-05)
(8.1647976639194e-07 -1.465708224964e-06 -3.8230752263061e-05)
(2.3570396309659e-07 -3.7445572052063e-07 -2.5885839332257e-05)
(1.2033598159262e-07 -4.9685918908161e-09 -1.7521412053353e-05)
(1.8677264795507e-06 1.8611996262091e-06 -4.0570300816627e-05)
(1.1271262376447e-06 1.1812824206274e-06 -3.8322848182815e-05)
(8.1519663466949e-07 7.9149550794244e-07 -3.5151747652953e-05)
(8.1732232620578e-07 3.753535318585e-07 -3.3409270895244e-05)
(5.4328058860736e-07 3.3815947871974e-07 -3.1634707503509e-05)
(3.2269210436718e-07 8.3500067078372e-08 -2.7070024705718e-05)
(-8.9729450414287e-07 -1.2165184980948e-06 -6.8886212319201e-06)
(2.0319386345867e-06 -2.4886442287674e-06 -4.0572285852054e-05)
(1.3069062908581e-06 -1.5153944464155e-06 -3.8264183332666e-05)
(8.0330395521588e-07 -7.6018567396717e-07 -3.4548192886641e-05)
(6.1737632666267e-07 -3.632291982155e-07 -3.2738021133329e-05)
(4.8758546518774e-07 -5.5470312522352e-08 -2.8847959526461e-05)
(3.7534698428281e-07 -4.4732430893389e-08 -2.8151085492292e-05)
(1.2751845262199e-07 -1.4898054327164e-08 -2.3327100183271e-05)
(3.3651277421503e-06 -7.0609489507879e-07 -4.1241239352065e-05)
(3.440780962846e-07 -4.3660840403422e-08 -3.0324566273582e-05)
(1.5746091781754e-06 -1.9756633720768e-08 -3.6701338150558e-05)
(2.0021032762922e-06 2.526220501118e-07 -3.8189192210089e-05)
(1.3605163511102e-08 2.0253238261488e-07 -2.1300522994127e-05)
(5.3360591596749e-07 9.2907249358238e-07 -3.5671230642486e-05)
(1.5148041998915e-07 2.9671822510822e-07 -2.7335786802231e-05)
(1.7454660957866e-07 8.5976537442092e-08 -2.176656819479e-05)
(1.3182729353671e-07 1.9037283132457e-08 -2.6480517583235e-05)
(3.7209745684749e-07 -2.3714417054766e-07 -2.9399645536903e-05)
(1.534458370044e-07 -1.3509127181364e-07 -2.2099588895762e-05)
(-2.4241397905225e-08 -1.4304477237861e-07 -1.8527366512531e-05)
(2.2257530893853e-07 2.7503702979183e-07 -3.5887314701878e-06)
(1.5645637256391e-07 -4.0616171429939e-07 -3.0319231167532e-05)
(6.2148944754821e-08 -8.9167147724662e-08 -1.8258149676621e-05)
(6.005537596673e-07 -7.145032409816e-07 -3.3410363084679e-05)
(1.8732557048993e-07 -1.0617409417318e-07 -2.7356692667906e-05)
(-5.2201431647737e-08 3.005229175418e-08 -2.3705168130585e-05)
(1.854318929765e-08 -1.116577006597e-08 -1.3723903889707e-05)
(-4.4803244316305e-08 -6.9420200143826e-09 -1.8513945147131e-05)
(-1.6826055510985e-07 4.4679381405108e-09 -2.6557664504229e-05)
(-1.2203200220854e-06 -9.4385292495251e-10 -2.3518230486586e-05)
(-2.0720100414821e-06 3.7322817096828e-07 -1.9976022780492e-05)
(6.7692665309709e-07 -7.5692465442023e-08 -3.3009225949729e-05)
(1.0222046386277e-07 1.1403897419274e-08 -1.6968208885934e-05)
(-4.9729484162715e-09 -3.7424367694264e-08 -1.5324882839961e-05)
(-1.8399152233981e-07 -1.2081292081014e-08 -2.2045822081539e-05)
(-3.3726368320048e-07 -8.4193517462503e-08 -2.7890152298528e-05)
(-2.2973613701749e-07 -2.9652029272119e-07 -2.6938004540236e-05)
(-2.9127959812141e-07 -4.2502235487243e-08 -2.3708222892361e-05)
(-2.643502169178e-08 1.3875303376463e-07 -1.9549413850602e-05)
(-2.3768108622464e-08 7.489802549482e-08 -1.6471565393076e-05)
(-2.7512017700801e-08 1.1777369906832e-08 -1.3540106091269e-05)
(6.1674627639436e-07 4.1495922733404e-08 -3.18807893164e-05)
(1.1030829904667e-06 -2.823166687766e-08 -3.4564773266937e-05)
(-6.9534432695727e-08 -4.087348980657e-08 -2.2946985521941e-05)
(2.2936246151729e-08 2.4771900540025e-08 -1.5964562122914e-05)
(3.84718217845e-10 2.9064002634394e-08 -1.491043561653e-05)
(-5.2092218454981e-08 -2.3448855739935e-08 -1.2884645529186e-05)
(-2.3037103619308e-08 -4.9642119802895e-08 -2.509543004853e-05)
(-5.3256446175533e-07 -6.268854436645e-07 -2.3085897005775e-05)
(-4.5910933074436e-07 -2.1740557139223e-07 -2.2963698016351e-05)
(-7.8939509681188e-07 -3.9759563722593e-07 -1.7886957608388e-05)
(5.9792054238827e-08 -2.7508986134115e-08 -2.8721809704223e-05)
(1.43074253684e-07 -1.6951412382743e-08 -2.8055908173713e-05)
(6.5639597161192e-08 6.9029944725152e-08 -1.8748144048114e-05)
(1.1680254861353e-07 1.8600412078254e-07 -2.7601369873693e-05)
(1.2345677944496e-08 1.3661583550534e-07 -2.3279814398821e-05)
(-3.6181423422007e-08 -1.4991576765132e-07 -2.0113655876235e-05)
(1.3145858812718e-08 -2.1539260307551e-07 -2.6789015287783e-05)
(4.4239121053826e-08 -1.306429166148e-07 -2.4737320968917e-05)
(3.3241818657566e-09 -1.1735901745798e-08 -1.4084385725304e-05)
(5.9686882097296e-09 -8.8674510159534e-09 -1.0666513872189e-05)
(1.0057159203069e-08 4.7605599225574e-09 -9.2404406550658e-06)
(-2.674247310431e-08 1.750890236937e-09 -1.1466554393298e-05)
(1.8779668608642e-07 1.3348531873242e-07 -2.8510692831617e-05)
(5.8904771943082e-08 -8.0075505872164e-08 -2.8666675031834e-05)
(-1.1265182306739e-07 1.4516592123669e-07 -2.7102926671294e-05)
(-7.2234432888004e-07 9.3580780340472e-07 -2.3330981453223e-05)
(-3.4428406694468e-07 2.300079023376e-07 -1.8627385656528e-05)
(-3.0022482895177e-07 3.5610903655416e-08 -1.8873492702868e-05)
(-1.2398608868268e-06 3.2885704082218e-07 -1.792498838329e-05)
(-1.1815842931664e-06 1.0505607090138e-07 -1.2857329493106e-05)
(-2.3546700476208e-06 3.8455402940418e-07 -1.7559829301234e-05)
(-7.0439764497519e-08 -9.6626999809222e-09 -2.8173872694975e-05)
(-6.6282681520208e-07 4.4328025626383e-09 -2.5653522109824e-05)
(-4.7602750816666e-07 -6.3337382886191e-08 -2.3627208610427e-05)
(6.7085167506966e-08 7.2519999167297e-09 -1.2899892565721e-05)
(5.6239966069199e-07 -7.7655902969444e-08 -2.235797127224e-05)
(6.7793103233722e-08 7.4704558041124e-08 -1.3536766522309e-05)
(1.8532294070638e-07 3.1835554343293e-08 -1.1143769121433e-05)
(-8.6203200890045e-10 -2.7820524730871e-08 -1.2904964457012e-05)
(-3.5841190636879e-09 1.0552869843779e-08 -1.205457848785e-05)
(3.7651374417281e-08 2.8903765695427e-07 -1.1211970768304e-05)
(-5.4502326470457e-09 -4.7920536771309e-09 -7.8175850901089e-06)
(-1.3356880038338e-07 -2.2779665132702e-07 -2.0089879302582e-05)
(-4.4973552082583e-07 -7.7652599805214e-07 -1.7712353121664e-05)
(-1.55963211498e-07 -1.3110909179994e-07 -1.1417763247921e-05)
(-1.6110088110056e-07 2.1535475983997e-07 -1.8238310836855e-05)
(-1.9142834357455e-07 5.8568063994173e-07 -2.1513209861055e-05)
(-4.0555121679788e-07 1.0063134931316e-06 -1.8757458083909e-05)
(-1.9766409283996e-07 2.3998316890962e-07 -1.2951337319991e-05)
(-3.6968467337456e-07 4.4060822928504e-07 -1.1178032802277e-05)
(-2.5793210555117e-07 6.1022073969255e-08 -1.2074971463128e-05)
(-5.798177349238e-07 1.3415330703365e-07 -1.0292819918381e-05)
(-4.5399529015158e-07 1.1405617267396e-07 -7.1547719547204e-06)
(-1.0378167389335e-06 -8.526677305744e-07 -2.1228770820195e-05)
(-1.1330452162127e-06 -6.8915786861908e-07 -1.3331625438959e-05)
(-7.6421223225013e-07 4.8509585662701e-07 -1.8131871135089e-05)
(-2.3701050407957e-06 1.7143282439846e-06 -1.5041193491648e-05)
(-1.9858827834067e-06 1.3336764903395e-06 -1.1672724914627e-05)
(-1.6959986933584e-06 -1.1734217404661e-07 -1.2261822747893e-05)
(-1.0242669389588e-06 1.864344098608e-07 -2.4380274008406e-05)
(-2.7591327178834e-06 -8.7623191445406e-08 -1.3324765264698e-05)
(-3.0869836325102e-06 2.3754685176183e-07 -1.0045649083202e-05)
(-2.3024106529126e-06 2.1091421316683e-07 -5.573908696931e-06)
(-1.8754484660877e-06 -1.3403965931062e-08 -2.1483063909438e-05)
(-1.3457966404124e-06 -3.7434728209539e-07 -2.2525247507507e-05)
(-1.5212895688152e-06 -7.3445932866938e-07 -1.1437139724685e-05)
(6.9411351170082e-08 -3.5930309123625e-07 -6.7389892149182e-06)
(-4.2781203685425e-07 -4.1520422510398e-07 -4.9505465735023e-06)
(-1.7371509259552e-06 -1.6897574821447e-06 -1.2485685833539e-05)
(-2.2234146930329e-06 -2.5602689626535e-06 -1.1053315456844e-05)
(-1.2695931431325e-06 -8.5546765995076e-07 -6.837522124165e-06)
(-1.1454290449886e-06 -4.9757762751218e-07 -4.6663241073853e-06)
(-3.4271489982326e-06 -5.7853095416245e-08 -1.5501602972029e-05)
(-2.3796968513587e-06 -4.272780267405e-08 -1.5699972683593e-05)
(3.7882528571372e-08 8.1858120438011e-08 -6.6445010750014e-06)
(4.088258673387e-07 1.0527698880995e-07 -9.8245623967934e-06)
(1.2968302235965e-06 2.1881232121243e-07 -1.3917009491509e-05)
(3.4646025732756e-07 -2.7689140062658e-07 -9.8678226698259e-06)
(-3.0255051840298e-08 -1.5718846229345e-07 -7.0613237359387e-06)
(1.2337885895655e-09 -7.6761285517915e-07 -1.2452924331203e-05)
(-5.4343783220538e-08 5.1497183011175e-07 -1.1240963357354e-05)
(2.9608332917823e-07 2.0468674811673e-06 -1.4268968918613e-05)
(-6.771562061714e-08 7.3708448956512e-08 -4.987163845757e-06)
(7.1348424297912e-08 1.0923143098084e-07 -3.7254772335288e-06)
(-3.9467333737367e-07 -3.095533797819e-07 -1.0665614248093e-05)
(-3.3827707695316e-07 -1.1725606691465e-06 -1.4633836937746e-05)
(-5.7976001903204e-07 1.7188184824704e-06 -1.4794644163342e-05)
(-5.6093226744879e-07 9.4653654544131e-07 -9.8055041415233e-06)
(-3.038928502462e-07 1.9566717739971e-07 -4.9783567313968e-06)
(-1.9702000057276e-06 -1.7631847670234e-06 -1.6908395784454e-05)
(-1.5262087846814e-06 1.4163612248155e-06 -8.9414761155114e-06)
(-1.1411936204044e-06 1.9628395656184e-07 -6.1530368763788e-06)
(-1.1426656162704e-06 2.1447618769515e-07 -4.0352635110204e-06)
(-4.8020677163055e-07 9.6432184423237e-08 -1.7901392860071e-06)
(-1.130077280672e-06 2.2191024687583e-07 -2.9239050350625e-06)
(-3.2044388052825e-06 6.151334704624e-07 -1.6161602537928e-05)
(-2.8914408846375e-06 4.649966129266e-08 -1.7799572495257e-05)
(-3.537107328836e-06 -2.483751535627e-07 -1.0387093094769e-05)
(-2.4718777044475e-06 1.9622246812701e-10 -1.0514143995291e-05)
(4.7946264967535e-07 1.2103699702764e-07 -5.0713269694088e-06)
(2.2115791166448e-06 2.4925951553871e-07 -8.5688918250378e-06)
(6.6021526890789e-07 7.650658235684e-07 -6.8496880488324e-06)
(6.8542050505319e-07 -6.9330359163737e-09 -4.1466156003693e-06)
(-1.9133988548683e-08 -3.6256136350422e-07 -4.5010795595573e-06)
(1.7302794963671e-08 6.8914499899965e-07 -5.7393062879774e-06)
(9.3571445752852e-08 3.75738895042e-07 -3.2518456813846e-06)
(3.5799137027399e-08 1.0697193239954e-07 -2.1358274461516e-06)
(-1.2300993390277e-06 -2.059479512223e-06 -9.5536857359496e-06)
(-6.1891393808111e-07 -1.2048282663734e-06 -4.9106538251305e-06)
(-4.8055721828957e-07 -2.7797177045648e-07 -3.1424337962059e-06)
(-6.4079175575926e-07 8.7658781904669e-07 -7.3655500548363e-06)
(-1.0672517224191e-06 2.0488216252811e-06 -9.7754347047327e-06)
(-6.9209482982301e-07 1.9515505615212e-06 -5.4409139894696e-06)
(-4.5994306384728e-07 4.491060553805e-07 -3.2398096055636e-06)
(-2.51664383273e-07 3.2429248726119e-07 -1.6804416724476e-06)
(-5.0951529702645e-07 9.5717630018415e-08 -3.5771087596683e-06)
(-3.1406806695222e-07 1.3519381312252e-07 -2.0346313662631e-06)
(-1.3126458840082e-06 -1.2905504311023e-06 -5.6878629782972e-06)
(-6.4113750978221e-07 -3.3657328568484e-07 -2.6140696424828e-06)
(-1.1838453075571e-06 8.3533084589362e-07 -4.6710633765178e-06)
(-6.2974904764593e-07 5.0456243967166e-07 -2.649004195971e-06)
(-3.6354707274747e-06 6.2034827063414e-07 -1.0988797623819e-05)
(-3.36855558574e-06 -4.6363269096547e-08 -8.5003054597387e-06)
(-1.4983513501147e-06 2.2644486079011e-09 -3.2511059057681e-06)
(-2.1678174076376e-06 -3.9045493743526e-07 -5.213916563984e-06)
(-1.731671944658e-07 -2.1747294042771e-07 -1.4312851456078e-06)
(-4.3512946779069e-08 -2.862834754516e-07 -1.9345367450507e-06)
(2.9832836012648e-07 -1.8966943267704e-07 -1.7815508697115e-06)
(7.581188900454e-08 -5.1388846593228e-07 -1.7977636943469e-06)
(-2.4897756964555e-07 -5.5893172365418e-07 -2.4439420178529e-06)
(-8.8640119728452e-07 -6.7090276710092e-07 -2.7773862538573e-06)
(1.0905531012235e-07 1.9621034190505e-08 -1.2924928180344e-06)
(-6.6974134857348e-07 6.1755106231019e-09 -1.6605635896474e-06)
(3.4282908305299e-07 -6.7526194263462e-07 -2.294580860769e-06)
(-6.9434804172983e-08 -1.2664113238376e-06 -3.1099733117965e-06)
(1.127440902699e-07 -2.2903600850026e-06 -5.6881131801795e-06)
(-1.8898241019786e-07 -1.6503651005069e-06 -5.6721521396673e-06)
(2.9012741365788e-07 -2.666215434821e-06 -1.0047196006505e-05)
(1.0720394504047e-06 -2.2675550272417e-07 -3.2818772592025e-06)
(5.9081866096719e-07 6.251362089965e-08 -1.9610188944515e-06)
(1.6553725277511e-06 -6.126356931407e-07 -5.8775294815841e-06)
(4.0958255334297e-07 5.2238950224047e-08 -2.3409152978096e-06)
(4.6588979928859e-07 -2.8700296167018e-07 -3.2142433936383e-06)
(7.5012277498952e-07 -1.1746952611728e-06 -4.7024377012456e-06)
(1.3269537455098e-06 -1.8404177470413e-06 -9.1554766706629e-06)
(9.1081428787088e-07 -1.4658340195223e-06 -1.0659460219601e-05)
(4.8433789690381e-07 2.0731333056671e-07 -1.5049469638852e-06)
(1.0903504946214e-06 1.2935703039342e-07 -4.1934881102586e-06)
(2.4093639224997e-06 -1.1937945696378e-06 -9.0469452303311e-06)
(2.9937206969764e-07 8.6341885175089e-07 -2.9726908377284e-06)
(-8.8586640685169e-08 5.6976077563801e-07 -1.8447860863632e-06)
(3.5657167683485e-07 3.6820906626219e-07 -2.0936793388574e-06)
(1.0300713706562e-07 5.0044915547244e-07 -2.3104718571186e-06)
(6.5704221467669e-07 3.7257271104895e-07 -3.6777879941667e-06)
(1.5278648006604e-06 6.6646894389191e-07 -5.294505578366e-06)
(1.7529816564799e-06 1.133468300825e-06 -7.4130212042707e-06)
(1.7627212089088e-06 9.0027528194274e-07 -1.0984063085894e-05)
(5.8983093116893e-07 1.6331557409453e-06 -4.8198907277016e-06)
(-3.5328580460244e-07 7.5508115692304e-07 -2.3216659840541e-06)
(7.0889579817147e-08 1.4049748472247e-06 -4.4964043998157e-06)
(7.1519730029202e-07 1.73452056417e-06 -8.8241415241194e-06)
(9.1556725669473e-07 1.8435924344088e-06 -1.1187472730646e-05)
(-2.7091230242679e-07 1.7284692772376e-06 -7.3385626308388e-06)
(3.3597236388469e-07 1.9657627085677e-06 -1.0370787665301e-05)
(2.6060963741035e-07 6.8155287496904e-09 5.2376135370207e-07)
(1.3057306328294e-05 5.0435375702288e-08 -5.1676505785844e-05)
(1.1578369023451e-05 2.4260912441552e-06 -5.1439974062947e-05)
(3.722272022573e-06 4.0084227978179e-07 -4.2152261799382e-05)
(-2.6641242406646e-05 1.1333563100411e-05 -5.6357344000427e-05)
(-8.639018560289e-06 7.0700422792344e-06 -4.4567295601932e-05)
(1.583091690395e-06 5.172254224756e-06 -3.6228464568446e-05)
(-1.3335926840332e-05 1.8935880726911e-05 -5.4311440228366e-05)
(-2.8126616883874e-05 2.1387098732935e-05 -5.5136502210238e-05)
(-7.5844712868358e-06 1.2563881119543e-05 -5.168525495829e-05)
(-1.0986131286597e-05 8.843665789335e-06 -4.5289778490446e-05)
(-2.5662056718643e-05 1.0653800915165e-05 -5.4957448291784e-05)
(-2.2093469422582e-05 1.616799610921e-05 -5.6433966153379e-05)
(-3.1116551780417e-05 2.8600685236749e-05 -5.5485042726794e-05)
(-1.6632369830723e-05 -1.0628636471132e-06 -5.1623392958579e-05)
(-2.308335493806e-05 -9.232481427737e-06 -5.5470497830161e-05)
(-6.4242555202414e-06 -6.5784309837096e-06 -4.1890065244426e-05)
(-1.6531060579099e-05 -9.6583907399681e-06 -5.4101363759042e-05)
(-1.4011431026845e-05 -3.8897193984466e-07 -5.1877281465491e-05)
(-1.9528145042936e-05 1.6729270301789e-06 -5.0725991883051e-05)
(-1.595758198865e-05 4.2491365300117e-06 -5.3401759258831e-05)
(-1.449938870472e-05 4.830260107222e-06 -5.3449357292474e-05)
(-8.8420436629923e-06 2.1929704148989e-06 -4.9966678498207e-05)
(-3.7342094482155e-05 9.5618484273184e-06 -5.6928784043534e-05)
(-6.7601835317903e-06 1.0348924102092e-05 -5.2353265416765e-05)
(4.1220165744731e-07 1.3193753076736e-05 -5.2340746599315e-05)
(-1.3637391006481e-05 1.1762672509162e-05 -5.4149640723376e-05)
(-6.0765896725727e-06 5.3769600645052e-06 -5.0323539899195e-05)
(-2.4998094606681e-05 6.6614796986702e-06 -5.4053286743951e-05)
(-4.0877613665417e-06 3.1866316709547e-06 -4.2174673589075e-05)
(-7.9624420735667e-06 1.0580633573875e-05 -5.345137539707e-05)
(-1.7852284345764e-06 1.3323697719652e-06 -3.4240162354212e-05)
(-7.0056728601052e-06 3.4255564159747e-06 -4.9797148017789e-05)
(-5.2234619897052e-06 -5.0342559010915e-07 -3.6788191973961e-05)
(-1.2429364735173e-05 -6.6792368425227e-06 -5.2179816138979e-05)
(-5.7472882330157e-06 -4.0748500113072e-06 -4.4697325115614e-05)
(-6.8837188285845e-06 -1.3760617197449e-05 -5.3547152571759e-05)
(-3.5298477488794e-06 -4.4543642819194e-06 -4.3895020394317e-05)
(-1.2470582623729e-05 -8.2498914969155e-06 -5.2907197914982e-05)
(-6.3327399479863e-06 -8.7214194860514e-07 -4.5294205519926e-05)
(-4.9571414552088e-06 2.6341780086595e-08 -4.500868697913e-05)
(-3.5527758065997e-06 9.1564413069241e-07 -4.398242091308e-05)
(-2.9613773851031e-05 1.0613102544294e-06 -5.3580570845567e-05)
(-8.6473642791865e-06 -8.9062699016638e-06 -4.9496214377465e-05)
(-9.0953410675271e-06 -1.6847351864505e-05 -5.5074590478562e-05)
(-1.2445487720012e-05 2.3888991044804e-05 -5.4255061613792e-05)
(1.420759560887e-06 2.2747926005488e-05 -5.3225164338099e-05)
(-2.1120453854407e-06 3.9907201569495e-05 -5.835706185945e-05)
(2.7598441489551e-06 2.6582026740985e-05 -5.2108170996226e-05)
(-2.1720505010212e-05 3.6083446334611e-05 -5.7125894579974e-05)
(-1.829781171513e-05 3.5778228206662e-05 -5.3980629320206e-05)
(-4.232735368873e-05 3.8040165516471e-05 -5.6223648575997e-05)
(-4.7543574582772e-05 4.2699054281935e-05 -5.7614634473104e-05)
(-6.1186730456436e-05 5.3805423825573e-05 -5.3809384616313e-05)
(-2.961906839352e-05 4.1265538145527e-06 -5.5537381549973e-05)
(-4.4253066169259e-05 2.6942518652472e-05 -5.4510914918532e-05)
(-3.7201528796493e-05 1.9831983187198e-05 -5.7099721239213e-05)
(-7.2521473882223e-06 -1.4261274383167e-05 -4.7794245209933e-05)
(-3.0059371499626e-05 -1.5046286531247e-05 -5.644997799781e-05)
(-2.4867775911035e-05 -1.9713877979384e-05 -5.5114845430234e-05)
(-3.8935060128007e-05 -2.623552955351e-05 -5.4687823619898e-05)
(-3.4012948159332e-05 1.1432292351133e-07 -5.0094887452235e-05)
(-4.400217346922e-05 1.705149115657e-05 -5.5725308475723e-05)
(-5.4753833447274e-05 2.9122864171634e-05 -5.5448497281877e-05)
(-7.7603672859877e-05 3.0737817492501e-05 -4.9661812373151e-05)
(1.8897538998615e-05 2.7283789227924e-05 -5.4806499478559e-05)
(-1.2016611056676e-07 5.5208995698176e-05 -5.6245439662384e-05)
(-2.0975443846494e-05 5.9963916174652e-05 -5.3359173872792e-05)
(-5.4973704003571e-05 4.7216965115312e-05 -5.3385463437089e-05)
(-4.4707003605798e-05 1.2888316656825e-05 -5.5675770094055e-05)
(-5.531815409967e-05 3.0916830381404e-05 -5.4562329683584e-05)
(-3.9210491979204e-05 4.26399396687e-07 -5.3729848143588e-05)
(-6.2279126273666e-05 3.7084749815618e-05 -5.4930339234185e-05)
(-1.7030360491654e-05 -2.0211474580737e-06 -4.0889070810343e-05)
(-2.174472972298e-05 -2.3301221272741e-05 -4.9471976007036e-05)
(-2.0027024683091e-05 -5.0013381223788e-05 -5.5811515281119e-05)
(-2.0067375235267e-05 -2.3846512308791e-05 -4.6026191197719e-05)
(-2.2097075604575e-05 1.2689015232659e-05 -4.4626159639202e-05)
(-5.9983265632937e-06 1.1782936903962e-05 -3.8642711690702e-05)
(-2.2884080214662e-05 2.4676220764404e-05 -4.4927808796532e-05)
(-3.4537856305844e-05 3.1791882915149e-05 -4.2533501783783e-05)
(-4.4512420195469e-05 -3.6027909460332e-05 -5.2592034781412e-05)
(-4.2093058047095e-05 -3.0849505646214e-06 -4.9370483565284e-05)
(-8.2100228779593e-05 4.3449130936611e-05 -4.5826234631086e-05)
(-7.7749503610141e-05 -9.540469197134e-06 -4.4834996911926e-05)
(-6.5377132989226e-05 2.289912444792e-05 -5.5334777499049e-05)
(-8.6899619668922e-05 4.7820098374328e-05 -4.8939767148833e-05)
(5.9398238660895e-06 5.8309160741728e-05 -5.2954261363008e-05)
(-4.3495238109128e-06 8.8368533990651e-05 -5.2176693211125e-05)
(-9.3399616196476e-06 0.00010679501543816 -4.6631990885641e-05)
(4.1903345350059e-06 6.5931906159119e-05 -5.0227933045503e-05)
(2.0068188182512e-06 6.2887443983498e-05 -4.4926596463584e-05)
(-3.5827671879672e-05 5.8326196602075e-05 -5.0686921527055e-05)
(-3.7295879313086e-05 8.6335228515709e-05 -4.2973134872612e-05)
(-4.3770801386739e-05 0.00010259010687031 -3.1694762895861e-05)
(-7.7134681926798e-05 7.981095156935e-05 -3.9012035111613e-05)
(-8.5077078366985e-05 6.9260342945683e-05 -3.5182279108047e-05)
(-9.0484931884029e-05 6.3894828444947e-05 -4.0961137544599e-05)
(3.8128435842198e-05 7.6126568393847e-05 -4.3398935315395e-05)
(-4.3286960638928e-06 0.00012104840291719 -3.6626216152871e-05)
(-2.6717961679692e-05 1.4096028814395e-06 -3.7723844518331e-05)
(-3.7702424012383e-05 9.6892445086738e-05 -2.7783868775841e-05)
(-8.0487219819928e-05 -4.7576246913438e-05 -4.3081959195647e-05)
(-9.4840495808699e-05 -5.2066326688142e-05 -3.3513827802089e-05)
(-9.3623572089218e-05 3.4065075776035e-05 -3.669526594552e-05)
(-8.3445803254904e-05 5.3142031932244e-05 -2.7068723964024e-05)
(-9.1279803107096e-05 3.9506441786018e-05 -1.8262570765617e-05)
(-0.00011449198636304 3.7075975204197e-05 -3.5186275825781e-05)
(-0.00010315624804547 6.0990218018604e-05 -3.1701273851819e-05)
(-8.8534248830864e-05 -6.1061053524295e-07 -5.1382417985902e-05)
(-7.4775581042246e-05 -4.2288261478553e-05 -4.8771878691429e-05)
(-9.9819348089872e-05 5.4035084958365e-05 -4.3782565846367e-05)
(-8.2831693900583e-05 4.7844078934799e-05 -5.0856987230043e-05)
(-0.00010165039728421 3.4973902918613e-05 -4.6160645119692e-05)
(-0.00010144008218181 6.590911761417e-05 -2.1954811223299e-05)
(-5.2984460053009e-05 2.6834297668666e-05 -3.5140949401434e-05)
(1.0168800595277e-07 4.3701437088061e-05 -3.4066892165965e-05)
(-6.636227767484e-05 5.0558184333612e-05 -2.668486840303e-05)
(-5.8587194520402e-05 3.3869160698788e-05 -2.0594538344563e-05)
(-5.9760284241469e-05 -5.5508317239975e-05 -3.804394645211e-05)
(-3.7459397787716e-05 -0.00010365807052031 -3.3397908312646e-05)
(-4.737542064566e-05 -6.0958994632609e-05 -3.4129284211004e-05)
(-8.0082283273109e-05 -6.2355071000407e-05 -3.0147725239857e-05)
(-9.8510583238905e-05 -2.3811176714628e-05 -3.0493223226353e-05)
(-7.7443715044938e-05 3.1069333451195e-05 -7.4539222729878e-06)
(-8.5404515664667e-05 -1.0386226086237e-05 -1.5956559287658e-05)
(9.8394877087966e-07 8.0086729389232e-05 -3.3870259841607e-05)
(3.5002713661673e-06 0.00011680002123357 -1.8246068967864e-05)
(-1.0586720072241e-05 0.00010485999389029 -1.1961959199077e-05)
(1.1839941311849e-05 9.1524217800651e-05 -2.1395465423157e-05)
(-1.1554090990799e-06 8.1502267931571e-05 -1.7048889955939e-05)
(-4.0959190271408e-05 8.9165954798278e-05 -1.9867858436935e-05)
(-4.8408256469296e-05 7.1994584177874e-05 -2.2924574705537e-06)
(-3.7447179326548e-05 6.0306993688666e-05 -5.408196624952e-06)
(-5.5572184702625e-05 4.6135855392316e-05 2.554514192012e-08)
(-0.00011624774004558 4.3102166510883e-05 -1.9822767332498e-05)
(-0.00012196619094914 2.9277693020299e-06 -3.6423366517181e-05)
(-0.00011927644110935 2.433304388732e-05 -2.9860234131038e-05)
(-8.5034479623219e-05 7.3487316812123e-05 -1.204930606979e-05)
(-3.9366907978144e-05 5.6335967412919e-06 -2.3186429666275e-05)
(-4.6777357374068e-05 4.6066751382058e-05 -1.5096481309902e-05)
(-8.3291628759614e-05 -5.1134166387851e-05 -1.8536229316651e-05)
(-7.5390544521311e-05 -4.2963431120928e-05 -1.2365628764539e-05)
(-6.3867439963166e-05 -2.8187872141451e-05 -1.3161877773742e-06)
(-7.3076042729669e-05 -1.6225022024055e-06 -2.2713449260087e-06)
(-6.9983383393608e-05 2.0177744624725e-05 -3.1676978323121e-06)
(-6.474529112154e-05 1.3735720070368e-05 -3.8089706068757e-06)
(-9.0330932201639e-05 4.604026889009e-05 -3.322810730284e-06)
(-0.00012038612857804 1.1141143731287e-05 -1.4479404327848e-05)
(-6.5627331138444e-05 5.1711960039095e-05 2.2709168268396e-06)
(2.9997699101005e-05 8.4688886831268e-05 -1.1621995302159e-05)
(6.5480764278089e-06 8.6343882978501e-05 -5.857465427309e-06)
(-9.9132156393566e-06 7.686933261121e-05 -8.553374180231e-06)
(-2.3905916219583e-05 5.1306641698744e-05 2.6263032395318e-07)
(-8.0718161428065e-05 8.5682901048749e-07 3.4813280127103e-06)
(-4.1226468374241e-05 1.9856131313554e-05 4.857695097001e-06)
(-5.4169004133909e-05 -1.4950566914925e-05 -1.5980035786802e-05)
(-4.8601963795399e-05 -5.4945322979842e-05 -1.3633311782015e-05)
(-3.2564590427472e-05 -6.1124308917497e-05 -2.37856578185e-06)
(-5.5561011526529e-05 2.6682470556556e-05 -7.3360854578205e-06)
(-3.9372937962105e-05 2.3986144496598e-05 -1.1749521655244e-06)
(-5.1860245329034e-05 -3.9867489906563e-05 -3.420948021015e-06)
(-6.4975898205768e-05 -8.3509912677408e-06 -4.2185598753322e-06)
(-4.840880885503e-05 2.3122168686237e-06 -9.8766017085708e-08)
(-8.8802127904731e-06 6.2677063879241e-05 -5.0411806150095e-06)
(-7.6947284508732e-06 5.0228644897828e-05 2.7501500710549e-06)
(5.8914641150325e-06 5.2478001625606e-05 -2.8549284684381e-06)
(-2.2756935725268e-05 3.5402947602225e-05 2.2320469512088e-06)
(-4.5279855881278e-05 1.3832728384685e-05 7.5771803206488e-06)
(-2.6997646950589e-05 1.2479375577934e-06 7.833828086097e-06)
(-3.038718957394e-05 -3.4065280144398e-05 2.5433298136592e-07)
(-3.8273731222691e-05 1.2509399783209e-06 4.3422745828376e-07)
(-3.70024270085e-05 -1.7031121354255e-05 2.7823499375648e-06)
(-1.2226546636063e-05 5.3530847083223e-06 4.4330977429356e-06)
(3.6087934336847e-08 2.7746745498511e-05 -4.2791918197506e-06)
(-5.5841413974312e-06 -9.1362782232748e-08 4.1544941967621e-06)
(-2.0043645803352e-05 -1.0334015796632e-06 3.2666225624638e-06)
(8.5316041661904e-07 -5.0315713688187e-07 8.7333270547723e-07)
(-1.3993588759177e-06 7.8961554235489e-07 -3.8265324257611e-05)
(-9.4108094871585e-07 1.4407760636015e-06 -3.8775746914655e-05)
(-5.960469018949e-07 8.4257590514308e-07 -3.4357698773217e-05)
(-4.518178693263e-07 3.6974745876233e-07 -2.9088864460422e-05)
(-2.0440259962094e-06 9.0243921485117e-07 -4.0293505464368e-05)
(-2.3007104998616e-06 1.9662954114322e-06 -4.0405546518116e-05)
(-1.2984174419516e-06 1.1240434403833e-06 -3.810784393472e-05)
(-2.3090191516299e-06 2.0743062175887e-06 -4.2224509626751e-05)
(-3.09765359678e-06 2.5567048787766e-06 -4.5147095610685e-05)
(-1.2631730378953e-06 -6.9617203469366e-07 -3.688301716047e-05)
(-1.1405323891195e-06 -7.1333546788729e-07 -3.6943297660834e-05)
(-8.3940172367027e-07 9.3304742679848e-09 -3.3271061853702e-05)
(-2.3230848120196e-06 5.2414546188917e-08 -4.0955698579943e-05)
(-1.195131124491e-06 4.743540555759e-07 -3.6864318541804e-05)
(-7.5873907483222e-07 2.8469516792436e-07 -3.3682816311285e-05)
(-4.4884194131252e-07 2.793185335344e-07 -3.1368883095779e-05)
(-2.3226863125755e-06 1.2551824850788e-06 -4.2436197579648e-05)
(-8.4838025200963e-07 1.5396049382655e-06 -3.8229855628415e-05)
(-1.3319915816062e-07 1.5201775287376e-06 -3.7555063640731e-05)
(-1.0813214187571e-07 3.1277146772774e-06 -4.3047941986934e-05)
(-9.2021068356342e-07 1.7392746784034e-06 -3.8827393381118e-05)
(-1.7034886836263e-06 3.1141528361352e-06 -4.4154024558507e-05)
(-3.5736486041346e-06 3.4862113450879e-06 -4.7823057817892e-05)
(-1.2604900121508e-06 2.7450440883094e-07 -3.5427073173786e-05)
(-2.2749371754753e-07 1.6691997895478e-07 -2.3856752765708e-05)
(-3.9825701783439e-07 6.2042439470152e-07 -3.2359418046423e-05)
(5.363475886702e-08 4.4181696869634e-07 -2.8773332356637e-05)
(-1.399351830665e-08 1.067866828607e-06 -3.5995515012425e-05)
(-2.0950425054553e-07 8.0807465812132e-07 -3.3435070396923e-05)
(-1.7593447608545e-07 3.5775948468553e-07 -2.9278390043173e-05)
(-1.3641332407236e-07 2.2618279996315e-07 -2.872475095923e-05)
(-8.4838568045358e-07 -3.5761611943384e-08 -3.4073665712217e-05)
(-2.0018902382616e-07 -2.173599625797e-07 -2.3454877658077e-05)
(-4.981457989055e-08 -4.0621264871718e-07 -2.5804108065589e-05)
(-3.6880733547661e-07 -2.0427702591645e-08 -2.4563049398238e-05)
(-1.8032809443356e-07 1.3311800630117e-07 -2.300947093093e-05)
(-1.3232377860999e-07 7.105987074091e-08 -2.1357692361306e-05)
(-1.093574022445e-08 1.0724102758564e-08 -1.8456661978348e-05)
(-2.9260528674955e-07 2.8535246382992e-07 -3.0330282255863e-05)
(-9.5502709119173e-07 -4.6339530172599e-07 -3.4836803488943e-05)
(-4.440504811316e-07 -3.1204972158959e-07 -3.1207480442184e-05)
(-1.4450969390411e-07 -1.0105669228554e-07 -2.867609008136e-05)
(-1.7626609472387e-07 -2.4319759416729e-08 -2.5843957978524e-05)
(1.064905095228e-07 1.4675004740928e-08 -2.1462618378981e-05)
(-2.0872195786685e-07 1.2696696753192e-07 -2.8420785626934e-05)
(7.4247793669091e-09 -5.3109433287813e-09 -2.5722962587251e-05)
(-9.4867264979851e-07 -1.4701492820488e-10 -3.3434125048589e-05)
(1.224264311016e-07 5.4977594424622e-08 -2.4786663746008e-05)
(-5.2234855675555e-07 1.5955151313023e-07 -3.121946043294e-05)
(8.6844448866286e-08 -1.3983149378841e-07 -2.5644343448538e-05)
(9.4882142305156e-07 -3.3614621204046e-07 -1.80337805879e-05)
(-3.2151649738433e-06 2.003992914045e-06 -4.383351744118e-05)
(-1.0112005394826e-07 4.9508785039051e-07 -2.4453161651049e-05)
(-1.310571806398e-06 -1.2854967429502e-06 -3.8162343611537e-05)
(-7.4467013568867e-07 5.1865576361313e-07 -2.9391267786301e-05)
(-2.078118078663e-06 -1.3298160123125e-06 -4.1097510789583e-05)
(-2.965680864093e-06 -1.6554767686892e-06 -4.3455654610954e-05)
(-3.5593904435163e-06 -2.5214065433823e-06 -4.5912236368074e-05)
(-2.382496103422e-06 -3.1773439748029e-09 -3.9473159652768e-05)
(-3.0944583800697e-06 9.4605313219101e-07 -4.3740166557211e-05)
(-1.2128266313667e-07 1.951065804209e-06 -3.8147630187009e-05)
(-3.0034335210551e-08 4.2560280552777e-06 -4.5815536301905e-05)
(4.8462534744868e-07 3.5763568677386e-06 -4.317390911761e-05)
(-1.8232728410316e-06 3.612923514567e-06 -4.5297802901675e-05)
(-6.4652497115225e-06 5.9165623865127e-06 -4.9877968409158e-05)
(-4.1046111086184e-06 1.4424542914326e-06 -4.3531208222356e-05)
(-4.8134432018464e-06 2.7260244368377e-06 -4.5214719588573e-05)
(-1.6814323548372e-06 3.7706132992394e-07 -3.7583288135638e-05)
(-7.922824423555e-07 -8.250754406353e-07 -3.4883198257254e-05)
(-6.1138883397562e-07 -1.196989564954e-06 -3.7049907381887e-05)
(-6.3015577582301e-06 3.6842434796433e-06 -4.7455529249984e-05)
(-4.2633904789809e-06 2.7750721604696e-06 -4.7723945636973e-05)
(-9.8942025501658e-07 -3.5571240902151e-07 -2.9455934640385e-05)
(-1.2707627049455e-06 -1.5627560862948e-06 -3.7326280926822e-05)
(-1.7355399936464e-06 -3.7982533412434e-06 -4.5485918891162e-05)
(-3.9742883250234e-06 -3.2458280148842e-06 -4.7513366413494e-05)
(-5.552515326674e-06 1.777397242782e-06 -4.7006504677723e-05)
(-2.489661789106e-06 1.7715696909332e-07 -3.9037806774044e-05)
(-3.8658386876826e-06 6.3311287811445e-07 -4.2820582979099e-05)
(-7.7618217097313e-06 4.4298491360916e-06 -4.8986091358213e-05)
(9.7978746395465e-07 1.0909972873083e-05 -5.0362303168809e-05)
(-3.8487429019211e-07 1.1197108802238e-05 -5.2048775188921e-05)
(5.2675837419191e-07 3.1404595158253e-06 -3.8625955735177e-05)
(-2.8504112041999e-06 4.7615577250138e-06 -4.6545358124218e-05)
(-9.615633362794e-06 5.3598792482051e-06 -5.0668832942235e-05)
(-5.3267826916058e-06 2.0027697821971e-07 -4.4546184311068e-05)
(-3.1233631272076e-07 1.9563351035308e-06 -3.1891837999146e-05)
(-1.6500220862899e-06 -2.368526333637e-06 -3.7356572868067e-05)
(-6.5018170074985e-06 -4.06385723407e-06 -5.0046829983809e-05)
(-1.2223586454878e-05 3.3715633412902e-06 -5.1676629727758e-05)
(-6.4261301070369e-06 1.2929627303847e-06 -4.8621373926858e-05)
(-1.5529226555384e-05 8.9691705139341e-06 -5.3325685935276e-05)
(-9.3524982558955e-06 6.8200882513133e-06 -5.2815418122941e-05)
(-1.3985119649447e-05 4.3756662442248e-06 -5.2924629517163e-05)
(-1.0893978478523e-05 1.7456313021728e-07 -4.9765534872966e-05)
(-2.2502985472221e-05 1.2856067503534e-05 -5.3793545230431e-05)
(6.331727542178e-06 1.1235485651237e-05 -5.1726783351287e-05)
(-4.7308831124325e-07 2.3537428912161e-05 -5.4296232286257e-05)
(-1.4306398738004e-06 1.5550108574681e-05 -5.4951035344441e-05)
(-1.0329685796357e-06 5.3507093269281e-06 -4.3870129271753e-05)
(-1.8270404123051e-05 4.2603514573863e-07 -5.2491814635844e-05)
(-2.5765098543567e-05 1.5081992198152e-05 -5.4261619906377e-05)
(-1.6313965283896e-05 1.0602479648916e-05 -5.4951491932975e-05)
(-2.6113819234832e-05 8.7293892454772e-06 -5.505979769262e-05)
(-3.7962628236501e-08 3.1748398130678e-08 -2.8569436806302e-05)
(4.313999144897e-08 2.0458441458301e-07 -2.9530709344644e-05)
(-2.5621330914188e-08 7.4172623396562e-07 -3.2637561306389e-05)
(6.7851727859914e-09 5.5564655855629e-09 -2.3613145553215e-05)
(2.483572937414e-08 2.5613085274924e-07 -2.4297039934059e-05)
(2.2236441873243e-07 -4.0815659563917e-07 -2.27361678624e-05)
(-1.066523434674e-07 -1.8424892937482e-08 -1.9055176755147e-05)
(-1.3802524233256e-07 -1.6453878600404e-07 -2.6881284723852e-05)
(-6.8263663734513e-08 -2.1233705997204e-07 -2.8597348066998e-05)
(-6.5340759666426e-09 -7.0213054836723e-10 -1.6121422474234e-05)
(1.5088363970989e-07 -9.8324657370001e-08 -1.7509325168258e-05)
(1.9354104227843e-06 -3.3393190296551e-07 -2.0931843663046e-05)
(2.8991928496538e-07 -1.4033331262395e-07 -1.4141530426814e-05)
(1.8765046724393e-08 -1.8510736336125e-07 -1.0995375681067e-05)
(4.1376296835317e-08 -1.1663922684366e-06 -1.6379476420817e-05)
(9.1740495793106e-08 -1.8558001987971e-06 -1.9982836601797e-05)
(7.009154316411e-07 -9.2882815258142e-07 -1.7027543514373e-05)
(1.0047548308141e-06 -1.7143231809717e-06 -1.3872890705367e-05)
(5.9252060260658e-07 3.2713902243505e-09 -1.6306638229592e-05)
(3.9826240137195e-07 4.8105693365587e-07 -1.5976734335603e-05)
(1.2916525212362e-06 -6.6125878946723e-07 -1.504242249483e-05)
(1.2860555660785e-06 7.691170971214e-07 -1.8707756298511e-05)
(1.1775197942289e-06 6.9630187066728e-07 -1.5219508847667e-05)
(3.2476256709364e-07 1.7712195617902e-07 -2.0368875783847e-05)
(1.4870782679658e-06 2.4666773746423e-07 -9.9455825159178e-06)
(2.4105896708162e-06 -1.0113594803662e-06 -1.3853896116919e-05)
(-7.7146721194141e-07 5.5720712195688e-07 -3.3313799476271e-05)
(-9.0355480113811e-07 3.493551734493e-07 -3.343317312607e-05)
(4.1951219434793e-07 -8.4839163850532e-08 -2.599950882571e-05)
(-5.2628206769568e-09 -1.1735862536236e-08 -1.9117305997724e-05)
(7.4539891459925e-08 1.4433551689857e-07 -2.3515336388758e-05)
(-1.2225266051551e-06 7.0593742874447e-07 -3.5925368966693e-05)
(-1.0938955624728e-07 -2.0521897819914e-08 -2.8849510639459e-05)
(-2.0713450849123e-06 1.1944189008988e-06 -3.8739729851732e-05)
(-2.5144505755953e-07 2.1352249110473e-06 -4.0927674186436e-05)
(-2.227456958683e-06 7.7091152375769e-07 -3.8913765498368e-05)
(1.2035051403103e-06 -5.8588370779174e-07 -2.2154303442002e-05)
(2.5359678525875e-08 -2.8295911513722e-07 -1.5955283423056e-05)
(2.5448785422467e-08 -6.3832567506454e-07 -2.3510783949767e-05)
(3.4332220786971e-06 -7.3596541979656e-07 -1.0659266715635e-05)
(7.6839733059291e-07 -6.044701348154e-07 -6.1007619410352e-06)
(3.8800733513967e-06 -9.7165969811992e-08 -1.0548500210787e-05)
(4.2485256744409e-07 1.4561099334385e-07 -7.1541291209481e-06)
(4.7619360507561e-07 5.9358133807105e-07 -7.7934168305711e-06)
(3.7773640412673e-07 -2.1658350341966e-07 -2.574301555607e-05)
(8.2090765267479e-07 -3.1616803662328e-07 -2.5093932920572e-05)
(1.206739096272e-06 -4.358347468191e-08 -2.7689943727693e-06)
(2.808052094316e-06 -1.9220585008286e-06 -1.5780025085215e-05)
(1.585628815186e-07 -2.3428384406619e-06 -1.7042733877126e-05)
(1.2188818762742e-07 -1.1386254886879e-06 -1.0424683839986e-05)
(3.1400642035088e-06 -5.3202695105617e-07 -7.8971767701577e-06)
(8.5581989881245e-08 -3.9776465139424e-07 -3.3261234835008e-06)
(3.3050016528284e-06 -5.3543261953001e-07 -1.431568277255e-05)
(-1.9508443736339e-05 3.6661045618027e-06 -5.4031540177852e-05)
(5.5737290678182e-07 -6.6044958544767e-08 -1.4858528312708e-06)
(2.9641213482255e-06 7.9422464158559e-08 -1.8359749664774e-05)
(2.3693628616915e-06 -2.7765527424437e-09 -1.742261164078e-05)
(1.0759495901019e-06 1.1602089314419e-06 -1.3771896686114e-05)
(1.4123045296292e-06 2.3535337651109e-06 -1.7472747918641e-05)
(3.4070934414148e-06 -1.8783143978582e-09 -1.5754187041691e-05)
(3.773449534099e-06 -5.8165239511897e-08 -1.2664224931806e-05)
(5.7823217293199e-07 1.4257276454579e-08 -2.6150306388625e-05)
(-4.5987068690778e-07 4.8168561874327e-09 -3.0872025452545e-05)
(-1.5413988215576e-06 -7.5121558867566e-08 -3.6536087688015e-05)
(2.0729955367302e-07 -2.1394395008525e-07 5.6321129352939e-07)
(-1.3455429215884e-06 -2.4084507313756e-07 2.0145763602595e-06)
(-1.8784606131772e-05 -3.107428585082e-07 6.3848077031588e-06)
(-5.3740606482388e-05 1.6104328979582e-06 -5.5308168621376e-05)
(-1.2379583885505e-05 -1.6178457744839e-05 -4.8040825089386e-05)
(-1.2316051921156e-05 -3.2279122330684e-05 -5.4711930009208e-05)
(-6.7806362650487e-05 -4.0145803354519e-06 -5.4877121960694e-05)
(-0.00012499676412137 1.4071719278438e-05 -1.992152910363e-05)
(-0.0001248886931233 1.6369076145215e-06 -3.0499573582721e-05)
(-4.133709049196e-05 -4.7208714599758e-05 -4.4112943595696e-05)
(1.4378033813035e-06 -3.3576316331833e-05 -3.8888620339203e-05)
(-4.0341868617466e-06 -8.907157604162e-05 -4.4287196626842e-05)
(-3.0106429354212e-05 -9.7161206117204e-05 -4.3380202146973e-05)
(-0.00010393492147275 6.0092686649564e-06 -4.6051195618341e-05)
(-6.8477274848536e-05 -2.0889158495576e-07 4.6556218703993e-06)
(-4.7761296598472e-05 -5.6364474982533e-05 -2.0000627839046e-05)
(9.3347187366326e-06 -6.6831435285681e-05 -2.1830387218067e-05)
(-6.3792360985111e-06 -8.6446712184952e-05 -1.0952232174818e-05)
(-4.7145725600848e-05 -7.3012365161625e-05 -9.3447912295126e-06)
(-4.6955178980027e-05 1.1320403970441e-06 6.7306580274427e-06)
(-5.7302409845045e-05 9.1953204116718e-06 2.5685164705068e-06)
(-1.8752820390667e-05 -4.4584608024799e-05 7.6844155045982e-07)
(-9.7334557209293e-05 -2.7027733259941e-06 -1.8508215396771e-06)
(-2.2743135600552e-05 -2.9347353793668e-07 -5.4025938671622e-05)
(-1.3473941415887e-05 3.3365155843614e-07 -5.1126336147223e-05)
(-8.4174620351315e-06 2.7591495041465e-07 -5.0906603050898e-05)
(-8.5388605056479e-06 3.7437984491112e-07 -4.8935535660271e-05)
(-5.8494194143258e-06 7.7836862875199e-07 -4.8986605455006e-05)
(-1.4916780699233e-06 -1.8432161033108e-06 -3.7058889535472e-05)
(-1.6938492588762e-06 -5.8406714474701e-06 -4.90377955237e-05)
(-4.6266986876272e-06 9.5340314485706e-09 -4.62164711879e-05)
(-1.1147905936514e-06 -2.9564807562377e-06 -4.3109431780938e-05)
(-4.4865821916798e-05 1.1972057371607e-06 -5.4943021267726e-05)
(-2.5564534444899e-05 -6.6030397739851e-06 -5.4431045126594e-05)
(-3.6981646979476e-05 -8.7524111556756e-06 -5.5741336901159e-05)
(-7.0922020726008e-06 -1.9304003996753e-05 -5.441736216803e-05)
(-6.721882162426e-05 -9.13164485136e-06 -5.3897516116551e-05)
(-2.1716048333391e-05 -6.6094421251449e-05 -5.4651354432521e-05)
(-1.6253835496567e-05 -5.2442583202383e-06 -5.2714396118004e-05)
(-4.9169480626381e-06 -9.9682172912287e-07 -4.4939851814347e-05)
(-4.844725254706e-07 -6.1147516972288e-07 -2.9593531194684e-05)
(-1.1538199890585e-06 -1.7991722728819e-06 -3.939086127466e-05)
(-2.3600846674469e-06 -4.1440122439134e-07 -4.0067289688407e-05)
(-9.9139681722892e-06 -1.9965379487525e-06 -5.0522648456603e-05)
(1.1007076978522e-06 1.5592086827481e-07 -2.777217216799e-06)
(3.312014602404e-06 3.3105608583349e-07 -1.0336981284395e-05)
(1.1987367462222e-06 2.3903071922309e-07 -2.3688661420207e-05)
(3.1969809524833e-07 5.3559592922354e-07 -1.9100231178724e-05)
(-1.1531429912889e-06 -2.5361019162568e-07 -3.4680988185958e-05)
(-3.1552212310282e-06 8.7864495863144e-08 -4.1154596656066e-05)
(-1.9045214193438e-07 -1.4690984509864e-07 1.3662643775783e-07)
(-8.6049438558803e-06 -1.7841329886783e-06 3.3841279413681e-06)
(-7.4615982061862e-06 -3.6280139222712e-06 -3.1269044927253e-07)
(-1.4365099492979e-06 -3.1481248748592e-05 9.7549602761479e-07)
(-2.1627004386213e-05 -2.4773036690311e-05 2.1683687385374e-06)
(-3.3747210433354e-05 -4.1039105955529e-06 6.2628288474671e-06)
(-8.0805221004424e-05 -1.5688750516659e-05 -5.7770973088648e-07)
(-3.716405088582e-05 -9.0284362870977e-05 -2.9237348880985e-05)
(-0.00011156551589784 -1.9220427624967e-05 -3.8701591915242e-05)
(-0.00011375197391733 -1.2954364083659e-05 -1.2718518176029e-05)
(3.5055037484526e-06 3.4571992790281e-07 2.9065731764925e-06)
(1.294084506154e-05 2.6762200482004e-06 4.4114490825165e-06)
(8.6532010060641e-05 2.1464700147918e-05 -2.6134223266221e-06)
(6.284568815123e-05 1.3502814336056e-05 6.0904615002764e-06)
(8.1097052809057e-05 3.6683517703468e-06 3.1361539446887e-06)
(3.7606237259926e-05 9.2135051498558e-06 6.7603239396392e-06)
(8.6341883036306e-05 1.7241769003006e-05 -5.123082110388e-05)
(0.00010656894147041 2.0172913765876e-05 -4.3959290985251e-05)
(0.0001247008589957 1.628314144911e-06 -3.2751346495009e-05)
(0.00011654073554131 2.5189268028387e-05 -3.7171275621685e-05)
(5.841428680142e-05 8.5706188110897e-06 -5.458627076363e-05)
(4.7705763730585e-05 1.4420613130831e-05 -5.6549885043587e-05)
(7.4722520463011e-08 1.6980746184939e-05 -5.2380174506072e-05)
(4.0110422917636e-07 3.5956040554491e-05 -5.5871955315347e-05)
(4.1175830174406e-05 1.0560026271984e-05 -5.5919462499671e-05)
(3.0790606701185e-05 6.8703850383109e-06 -5.4924306073125e-05)
(2.7514031345956e-05 8.4283965655782e-06 -5.4795789609186e-05)
(2.0556551650347e-05 4.141179691231e-06 -5.455553955777e-05)
(0.00011179564230902 2.1163728009772e-05 -8.9411014372337e-06)
(0.00010980364327068 1.750568843936e-05 -2.1434064159467e-05)
(0.00011610784428255 2.8182846084391e-05 -2.5521622553416e-05)
(0.00011270248848053 2.5313051431026e-05 -3.4693602257969e-05)
(0.00010156895787264 2.4748907587729e-05 -8.5858705823172e-06)
(1.8138827086732e-05 3.448901920712e-06 -5.3364106133234e-05)
(1.5404920214463e-05 2.5437188013224e-06 -5.217026077654e-05)
(1.1775239682083e-05 3.1486741876222e-06 -5.2808116604475e-05)
(8.5593758711532e-06 2.1419083172532e-06 -5.0227150906869e-05)
(7.9341465761943e-06 1.1199795753716e-06 -4.8545832099495e-05)
(4.9299607405125e-06 1.2525109852725e-06 -4.5287500527674e-05)
(2.657725134459e-06 6.2001837254167e-07 -4.0305453610833e-05)
(4.5859622452621e-06 1.0873114903808e-06 -4.3571948067822e-05)
(1.3658428944762e-06 2.5909741791897e-07 -3.5903068610782e-05)
(9.9159724482921e-07 2.0169213102895e-07 -3.3535178743608e-05)
(3.2628082089096e-07 2.7624607131641e-08 -2.9994634936877e-05)
(-2.0785146865613e-07 -6.0694662785816e-08 -2.7140431487625e-05)
(-1.2227824609368e-08 -4.6569739598958e-08 -2.3409625844066e-05)
(-8.9717360203493e-07 -1.8701676961488e-07 -2.4900426419361e-05)
(-1.7767010345303e-06 -3.1460044522238e-07 -1.9328543643689e-05)
(-2.7353506221734e-06 -5.3214442528198e-07 -1.7455747862457e-05)
(-3.4954733995514e-06 -5.9165603037707e-07 -1.4403500314105e-05)
(-2.8162169816239e-06 -8.9744573750153e-07 -1.4374129642011e-05)
(-8.9102465953363e-07 -1.6884073459563e-06 -1.1140868482524e-05)
(-3.4441701701133e-06 -7.5106888203914e-07 -1.1898589039614e-05)
(-3.0659327706985e-06 -8.4342173462749e-07 -9.0035934928243e-06)
(-1.1286632258084e-06 -2.5068146541196e-07 -2.6626864625354e-06)
(-3.5820380179416e-06 7.3304719994894e-09 -1.2425551222587e-05)
(-5.178887898725e-07 -8.4195412209397e-08 -1.3059204118689e-06)
(-1.4612375056463e-06 -6.5384896315633e-07 2.0029232509052e-06)
(-2.767456461724e-05 2.8029339420014e-06 3.7936480508277e-06)
(-1.6055491244866e-05 -5.1571441009607e-06 5.6186816265697e-06)
(-2.5844892142579e-06 -4.6766404742473e-05 2.0928591817089e-08)
(-1.443724098584e-05 -2.7568124009814e-05 3.2558063413293e-06)
(-9.3070336412745e-05 -3.2394107170891e-05 -2.4296823481867e-06)
(-4.5318508402104e-05 -9.1582629877144e-05 -1.1439316249032e-05)
(2.660911579269e-06 -0.00010385276621075 -1.937891675067e-05)
(-0.00011604258149029 -4.2978021506181e-05 -2.0533095575675e-05)
(-8.7268759021335e-05 -2.3004892925722e-05 -5.1217975685604e-05)
(-1.232454754824e-06 -2.1225811751134e-05 -4.3617877524714e-05)
(-4.3420005793883e-06 -3.590210841326e-05 -5.255539499936e-05)
(2.95034794939e-06 -2.1075668512561e-05 -5.1388246478483e-05)
(-1.4476600321263e-05 -3.0294766097298e-05 -5.6954506721101e-05)
(-2.2016768599899e-07 -7.7002126979549e-06 -4.2569271781751e-05)
(8.5433025514471e-07 -1.5186779817418e-05 -5.2160920986295e-05)
(-5.3067185736723e-05 -1.17315439804e-05 6.7079238725534e-06)
(1.0131551860369e-06 -6.8882409992044e-06 -4.7057544038362e-05)
(-4.2770221509768e-06 -8.2614861788962e-06 -5.0811926533904e-05)
(-2.1131632121798e-06 -7.5125722424857e-06 -5.0636344413158e-05)
(-2.0345644092449e-06 -6.3787238715368e-07 -3.8273998763595e-05)
(-8.1872527459442e-08 -2.7651737730912e-07 -2.161918550084e-05)
(-1.2299482367419e-08 -8.9427426006539e-07 -3.3428919127057e-05)
(-3.9796283668124e-07 -1.0911605133038e-06 -3.4200562354732e-05)
(-6.8587894318322e-06 4.2171231862092e-07 -4.6740697899617e-05)
(-4.1433133438535e-06 -7.9368987478974e-07 -4.296271420012e-05)
(1.2357094896686e-07 -1.5835360204697e-06 -3.6689833182731e-05)
(-1.157249447434e-06 -2.008854862669e-06 -4.0600826156325e-05)
(-2.8674102381593e-06 -1.3850097589786e-06 -4.1157446486617e-05)
(-5.7896694415037e-06 -3.1714344188635e-06 -4.7407020019934e-05)
(-4.1320640707026e-08 -8.9235676965255e-07 -2.752789190771e-05)
(3.5073867282106e-07 -4.0992534704015e-06 -4.5414091041312e-05)
(-2.2944961163861e-07 -5.9789723315762e-07 -3.1708649197658e-05)
(-4.3944168835056e-08 -3.1988458063087e-07 -2.66455924875e-05)
(-3.5529093723966e-09 9.924611594379e-10 -2.3152973064449e-05)
(3.4629706552093e-07 1.0110046864342e-07 -2.6356936721017e-05)
(-1.1471841789335e-08 -3.7121122958234e-08 -1.4105111840498e-05)
(5.2696698205319e-07 1.1058231370823e-06 -1.8513060331196e-05)
(8.0209977583712e-08 7.4514388428648e-07 -1.766177038771e-05)
(8.6303416325502e-08 3.7661793592011e-07 -6.9810349610425e-06)
(1.0943319666909e-06 -1.2561451832062e-07 -2.4412522077894e-05)
(-4.0617555609049e-05 -7.5185192574509e-05 -4.910514370486e-05)
(5.4478439368978e-06 -7.7255327042022e-05 -5.0674998922975e-05)
(-7.0510678197169e-05 -2.5563656889081e-05 -5.4251856852137e-05)
(-0.0001075130698372 -4.492964065985e-05 -4.1405795548868e-05)
(-4.7347315226348e-05 -2.4333773650658e-05 -5.5590732942633e-05)
(-2.7930239537087e-05 -1.3762963277501e-05 -5.408257558708e-05)
(1.7711194629304e-06 7.0854159403897e-07 -2.1246942842134e-05)
(3.2965802931514e-06 1.1443076291807e-06 -1.1852829037648e-05)
(-2.0628493394441e-05 -7.0576712049868e-06 -5.3484801888167e-05)
(-2.1727463538847e-05 -1.3914394290935e-05 -5.366882883117e-05)
(-3.9073433796726e-05 -1.9926134514466e-05 -5.5016706921504e-05)
(-3.8290854791632e-05 -2.27964096971e-05 -5.7815657875154e-05)
(1.8218324096383e-05 -4.1812592040664e-05 -5.7098476136684e-05)
(-8.4228816191856e-05 -3.1999964012885e-05 -5.048435110291e-05)
(-2.9924684825104e-06 -5.7756248716324e-05 -5.2516971625235e-05)
(-7.5728447676096e-05 -4.3414792857074e-05 -5.1596266377564e-05)
(-0.0001156186779105 -5.1216248675438e-05 -2.9064796733704e-05)
(3.3001853945228e-05 -8.279506626903e-05 -4.4747775018853e-05)
(-6.8430994099986e-07 -2.561400886675e-07 -3.2182901358564e-05)
(-1.2271843485342e-05 -6.0154753126128e-06 -5.1627093693704e-05)
(4.1335102497864e-08 -7.5553635609831e-06 -4.9890000527206e-05)
(-8.0826490321666e-06 -3.5716230525654e-06 -4.9383560996628e-05)
(-5.5893664039582e-06 -3.3748270515124e-06 -4.9622866891225e-05)
(2.4203913520819e-07 -2.5102733957171e-07 -2.5363762293318e-05)
(3.1807194779542e-07 -7.1436178799063e-07 -3.3481796184763e-05)
(-4.8726164182203e-08 -5.4557069674246e-07 -2.9790436120279e-05)
(-3.8262796053161e-06 -2.3884103973234e-06 -4.3344597645592e-05)
(-4.9874765671173e-06 -2.2064763640679e-06 -4.5200940460692e-05)
(-4.1666934899096e-06 -3.7312606321867e-06 -4.5820965737746e-05)
(-1.8047353962845e-07 -2.0656208938638e-06 -3.8615416503057e-05)
(2.2403987887521e-06 1.4430122675732e-06 -1.7771762176512e-05)
(5.8717210919405e-09 5.8279334119736e-07 -2.2094295579278e-05)
(-1.4366455622446e-06 -1.1314241393186e-06 -3.713167981919e-05)
(-9.293494311083e-07 -7.4168908227216e-07 -3.4303787346774e-05)
(-2.0124960293494e-06 -1.616480609672e-06 -3.9560318878029e-05)
(-2.5687084132788e-06 -2.9407253445799e-06 -4.2199455699766e-05)
(-3.7496733700557e-07 -2.8297566898161e-07 2.5418406293255e-07)
(-8.0791403690393e-07 -4.3289582395755e-07 7.4740236850485e-07)
(7.0378097783809e-07 -5.2921659281227e-05 1.3842604051282e-07)
(-5.822341593501e-05 -4.0190818962214e-05 4.3681343407316e-06)
(3.4059444323203e-05 -8.4404075278019e-05 -1.0531421093809e-05)
(-3.2032736260265e-05 -2.0088954797085e-05 7.5339004316295e-06)
(-5.7269116577899e-05 -4.4133370664934e-05 -5.4604659976692e-05)
(-9.433308172107e-05 -7.8804210110575e-05 -2.8847531372858e-05)
(-8.6536794360649e-05 -6.5995905284354e-05 -4.4422416279371e-05)
(-8.0727505860545e-05 -6.078959673238e-05 -3.5930645992003e-06)
(7.9761066084517e-06 -0.00010141071837058 -3.1204902130661e-05)
(-1.2418619535003e-05 -8.8137180306766e-06 -5.2348298320331e-05)
(-6.2194235413384e-06 -5.119321066563e-06 -4.8379046840658e-05)
(-3.9088204141205e-05 -3.3080868931373e-05 -5.5265725176384e-05)
(-2.9301479055487e-05 -2.4302745632516e-05 -5.4652710865814e-05)
(-2.7916374280851e-07 -2.0026352185343e-05 -5.3663305788215e-05)
(-2.4137259183487e-05 -2.0507888305491e-05 -5.3986436446765e-05)
(1.445706780128e-06 4.9948665843092e-07 9.016819948944e-07)
(4.6508101297312e-06 1.2999064837337e-05 2.7098982704023e-06)
(1.9903546828375e-05 7.1025048276524e-06 6.1215347826192e-06)
(2.1790876932948e-05 7.1811472490663e-05 -7.5393163780691e-06)
(0.00010842795532455 4.0554594615248e-05 -1.758554171086e-05)
(8.6252076299555e-05 3.2709906304679e-05 -5.0413482219322e-05)
(1.018763865004e-05 4.2794916520837e-06 -5.1208723493895e-05)
(6.205862277375e-06 2.479538751611e-06 -4.8117651141201e-05)
(1.8742904512087e-06 3.0264797666234e-06 -4.264096564554e-05)
(1.7345281337084e-06 6.655928408647e-07 -3.7923378032603e-05)
(3.2276820940528e-07 7.0532038143946e-07 -3.2217410967626e-05)
(3.2952727864708e-06 1.2304521466276e-06 -4.2344333633853e-05)
(-5.1388389955514e-07 -2.6224061986496e-07 -2.5763919244512e-05)
(-1.6468166317315e-06 -8.6855900174304e-07 -2.054571619905e-05)
(-3.1735669811287e-06 -1.4307278152656e-06 -1.2250241821436e-05)
(-2.9965892267428e-06 -1.9511955416902e-06 -9.6356327246319e-06)
(1.8381463096992e-07 -1.2212629004752e-06 -6.2334630055962e-06)
(-1.0564441030941e-06 -6.3863761948059e-07 -2.34204177273e-05)
(2.6064245445682e-06 1.4965811663901e-06 -4.035878078604e-05)
(8.427765538399e-06 4.9237011016114e-06 -4.9291771625258e-05)
(5.7019200498605e-06 3.2144894483365e-06 -4.6202498575484e-05)
(0.00010836352324696 5.8766108265248e-05 -1.9684158868134e-05)
(6.4934213753339e-06 0.00010497559924078 -3.8593671889437e-05)
(2.8407873050205e-05 1.6691341086264e-05 -5.3939513865685e-05)
(1.6954573315619e-06 2.132914191461e-05 -5.5831815135178e-05)
(7.6095089997092e-05 4.4210792751191e-05 -5.1372652040248e-05)
(7.2125749614362e-06 8.3953263883871e-05 -5.321548830299e-05)
(5.208686185318e-05 2.417438418408e-05 2.0494361433716e-06)
(3.1232191933365e-05 1.6504494260807e-05 -5.5011918250294e-05)
(-6.7613360487781e-05 -0.00010210971343651 -1.9909002478869e-05)
(-9.1833912923412e-05 -7.9147862271317e-05 -1.7556938799585e-05)
(1.082217177215e-05 -2.0105925331255e-05 3.3488752720844e-06)
(-1.1737068638804e-05 -1.4624074457725e-05 -5.3552121194041e-05)
(6.8408054504118e-06 -1.5349235011808e-05 -5.4878862374041e-05)
(-6.813259149157e-06 -1.0203748088653e-05 -5.1670183564943e-05)
(-8.742080311225e-06 -7.5401474203049e-06 -5.1363345723177e-05)
(-1.2334907846303e-06 -1.6216160523757e-06 -3.8299899797897e-05)
(4.7313347810559e-07 -1.1758174228601e-06 -3.6434426337366e-05)
(-4.1635929631829e-06 -5.6637169774083e-06 -4.7663207736803e-05)
(1.640644897184e-06 -3.7194009045347e-06 -4.5587831661529e-05)
(-4.4038186991577e-08 1.1571469740165e-07 -2.4981003749495e-05)
(-8.8502123308504e-07 2.1005622135314e-06 -1.2548898475296e-05)
(-6.315327933e-05 -8.3828413928945e-05 -4.6050661694992e-05)
(-4.465604802148e-05 -5.7995072311452e-05 -5.4427403081338e-05)
(1.9449046576666e-05 -4.7782477461046e-05 -5.5128202546936e-05)
(6.0238488360306e-05 -4.8742321742539e-05 -5.3273038166497e-05)
(-2.8549924095594e-05 -4.2532607804624e-05 -5.5368952981954e-05)
(-1.7293406630213e-05 -2.6454266296706e-05 -5.4311576028741e-05)
(9.9689248258961e-06 -1.9675992710015e-05 -5.5110381512061e-05)
(1.9059826772824e-05 -1.657170851843e-05 -5.465024628836e-05)
(-1.6361784108948e-05 -2.0786920410726e-05 -5.3919432480594e-05)
(2.0054672157808e-05 1.3445804886528e-05 6.7572837208193e-06)
(7.4607297444784e-06 6.8090766859042e-06 5.1780840244078e-06)
(1.8768730404116e-06 1.7195907860227e-06 2.1222275141396e-06)
(1.5343303465916e-05 1.870421600747e-05 -5.380643913772e-05)
(1.1086513562695e-05 1.0614093091076e-05 -5.1828849302429e-05)
(4.4276525800397e-06 2.478524788477e-06 -4.4182451802069e-05)
(3.8035979888698e-07 2.7937907552616e-07 -3.0882524967114e-05)
(9.2980847802983e-08 7.956588265441e-09 -2.8476671707608e-05)
(-1.8705250715719e-06 -1.629154627653e-06 -1.9446648881364e-05)
(-2.3917332418015e-06 -2.4911186800398e-06 -1.4527374192857e-05)
(1.0315952251515e-07 -3.2177105205522e-06 -1.3538990202335e-05)
(-2.0977111672989e-06 -2.0029212858484e-06 -6.8371810347854e-06)
(1.3805762583895e-06 1.1279883391848e-06 -3.7132003149089e-05)
(-9.4738064540261e-08 1.7202554160787e-06 -3.7918890543345e-05)
(9.7360886939418e-07 5.0472684370007e-07 -3.4415851830791e-05)
(9.8997660837223e-05 8.0616077800651e-05 -2.6453889929523e-05)
(7.7813410595708e-05 7.344000580559e-05 -4.5076956989915e-05)
(4.3636931573704e-05 3.8368800240546e-05 -5.4434702105914e-05)
(5.3944149353411e-05 4.7900782143735e-05 4.3411795520569e-06)
(8.8764963203244e-05 4.6246201994351e-05 -3.1811269643145e-06)
(-7.4383821242676e-06 -5.5895180399828e-06 4.4225066562582e-06)
(-0.0001022838410271 -6.6374004980306e-05 -3.5964326786445e-05)
(-0.00010522213490754 -2.6030044762735e-05 -4.2754683221709e-05)
(-7.2871348825763e-06 -1.6721223185116e-05 -5.2919194845951e-05)
(-4.0278684993586e-06 -1.2522751580303e-05 -5.1606413683699e-05)
(-1.0577773215608e-05 -1.2941417093335e-05 -5.1999650701542e-05)
(-1.3707280515753e-06 -3.1331845577081e-06 -4.1497403827894e-05)
(-3.7176552725816e-06 -7.8111877297654e-06 -4.9180214156388e-05)
(-5.882492242136e-07 -1.5771929185792e-06 -3.6885480568068e-05)
(-9.7923825471904e-05 -5.1233242394796e-05 -1.5557990818897e-05)
(-5.2637729609574e-05 -0.00011543304336743 -2.1726848184152e-05)
(-4.9820684567096e-05 -0.00011426312160468 -3.1655466907186e-05)
(-3.3884526073798e-05 -6.5093626579507e-05 -5.4238033825303e-05)
(-3.6407287728724e-05 -0.00010579100313605 -4.3101311492784e-05)
(-2.139043733835e-05 -4.5986712989756e-05 -5.5082872642466e-05)
(-1.3133409512234e-05 -3.2943895023947e-05 -5.4687527470694e-05)
(-1.1900725184949e-05 -2.8108843830399e-05 -5.5145530693315e-05)
(-3.1917939757778e-05 -1.5363225832697e-05 -5.4869962686067e-05)
(-1.9201067229792e-05 -1.3786288135796e-05 -5.5278949245407e-05)
(0.00010005159122152 5.176615681464e-05 -4.1406317774438e-05)
(8.3094628378587e-05 7.1270180944132e-05 -8.7108199773829e-06)
(-4.2048270107508e-06 6.1050047681972e-05 2.7769344926161e-06)
(-1.8551255708427e-07 6.7843599427161e-06 -4.7679824472576e-05)
(3.3790558756874e-08 -3.2107408901173e-07 -2.639545569542e-05)
(7.8292596421536e-07 6.0408994701744e-07 -2.4165487753482e-05)
(3.5514891205955e-07 1.5495495786676e-07 2.1065800997029e-07)
(2.2079781896381e-06 2.2090613489061e-06 3.5453131999836e-06)
(2.0102370373356e-05 3.1562617966451e-05 6.9187802529363e-06)
(5.6789408293893e-05 8.5189858305814e-05 -4.8960274953639e-06)
(5.6093609976386e-05 0.00010818619703218 -2.4394656967551e-05)
(3.968049542041e-05 7.0493187967513e-05 -5.3011585793734e-05)
(2.753252491704e-05 4.1437191077225e-05 -5.4688148283788e-05)
(1.6945316453934e-05 2.8893685082377e-05 -5.3488108330351e-05)
(6.1207287763798e-05 0.00010142690350385 -3.8361619676339e-05)
(3.7340596144792e-05 3.3263379814441e-05 7.1543677336075e-06)
(5.5136166073782e-06 9.3067276507578e-06 -4.9715482115963e-05)
(4.2104948585219e-06 4.7656184988575e-06 -4.660707022219e-05)
(2.8366538685527e-06 3.0692681114793e-06 -4.3110283426501e-05)
(1.742350236856e-06 3.1006605841427e-06 -4.1048333251035e-05)
(6.161424096412e-07 9.5171768241749e-07 -3.4470448185334e-05)
(-5.7871753628133e-07 -5.7129807731898e-07 -2.5285547297631e-05)
(-1.5386800570546e-06 -2.5531317761288e-06 -1.6017604781701e-05)
(4.4690856218538e-05 4.9199524224232e-05 -5.5286634531207e-05)
(2.6631153030323e-05 2.4753140453447e-05 -5.3875607184945e-05)
(-7.2957302275334e-07 -9.9711098918317e-07 -3.5307283903616e-05)
(1.911067940825e-07 2.3187497109332e-07 -2.9895157480613e-05)
(2.9790330162598e-06 4.7455155710083e-06 -4.4643198350356e-05)
(-7.6395423954299e-07 -1.220293554385e-06 -3.1598395899964e-06)
(-1.2276461143359e-07 -2.18370906945e-07 1.7001210433266e-07)
(-5.222754331598e-06 -1.6646483404074e-05 6.3435549817598e-06)
(-2.4143886025811e-05 -5.657993925199e-05 -5.505966487603e-05)
(-1.9183511336895e-05 -3.9675060804659e-05 -5.7598328870286e-05)
(-3.2291040524428e-05 -0.00012075791166349 -2.7906058127884e-05)
(-3.5222352136889e-05 -9.6265244051074e-05 -4.7201361533297e-05)
(-3.4048261932113e-05 -7.1917488583425e-05 -5.2471149217326e-05)
(-2.335429555722e-05 -8.0339830921615e-05 -5.2356086914543e-05)
(-4.4165072373391e-05 -7.6569271171072e-05 -5.1475925649429e-05)
(-6.0231461497066e-05 -9.4567294419587e-05 -4.1224779932812e-05)
(-5.2737900059186e-05 -0.00010675857082126 -3.8234857281006e-05)
(-2.0525682525157e-05 -3.0434839948537e-05 7.1665117584961e-06)
(-2.6818555237937e-05 -8.6857340548995e-05 -3.5765225832961e-06)
(-4.5630092587154e-05 -0.00010947861379797 -1.5749626853646e-05)
(-6.0531480688504e-05 -8.8742811727114e-05 -2.8103388810544e-05)
(-9.1022970149579e-06 -2.0904671130064e-05 -5.4098786529664e-05)
(-4.2182213310605e-06 -9.9382648021764e-06 -5.0615846401788e-05)
(-4.3232445315505e-06 -8.2327668803876e-06 -5.196237494835e-05)
(-2.5370859790217e-06 -4.9392204311369e-06 -4.5460110644664e-05)
(-2.733114614353e-06 -6.7034973985128e-06 -4.7240595907613e-05)
(-8.1928366653327e-07 -2.2580941399678e-06 -3.9082269755032e-05)
(-1.1274655663478e-06 -4.1224028517534e-06 -4.3594708064821e-05)
(-2.0811837529499e-06 -3.9496672905528e-06 -4.3877623374537e-05)
(2.0735590885417e-07 5.837670163373e-07 -2.5926038773311e-05)
(6.8841043531478e-07 1.951005834775e-06 -2.0812379389609e-05)
(8.7470649784492e-07 3.2624029129548e-06 -8.3424732206458e-06)
(1.1652786149415e-06 2.3395642679767e-06 -6.0952459931076e-06)
(2.8706454186894e-07 1.2564448864431e-06 -2.9838321983139e-06)
(-7.2360218184902e-06 -3.5556645771617e-05 -5.5765711480373e-05)
(-1.6526852146978e-05 -3.9324916709073e-05 -5.4786546522377e-05)
(-4.8003619111062e-06 -2.5613122131751e-05 -5.4203635347696e-05)
(-1.0705747075849e-05 -2.5086112369975e-05 -5.4703395225602e-05)
(1.4037383342631e-05 2.1752296732742e-05 5.6182662081076e-06)
(9.8481921551654e-06 1.6954969894005e-05 -5.240117332672e-05)
(-1.3089310715947e-06 -3.3749683977626e-06 -1.4127791957986e-05)
(-1.4037966080994e-06 -3.1521627123196e-06 -1.1338767718325e-05)
(1.832441612939e-06 8.6278547460114e-06 4.4007985431171e-06)
(8.4321878682807e-06 1.7477020221937e-05 4.4387972928439e-06)
(3.6860620495762e-06 1.2463304479346e-05 -5.1691813695763e-05)
(1.596062550948e-07 8.3091508885336e-07 -3.2937473013052e-05)
(2.6843751494033e-07 6.0690287658379e-07 -3.1980028318723e-05)
(-2.6889832289954e-07 -1.7564452432877e-06 -2.17236502566e-05)
(-7.0295958287797e-07 -1.6722531586464e-06 -2.1408825061114e-05)
(6.6407890361717e-07 4.6365091265916e-06 -4.397306470939e-05)
(1.400445358502e-06 3.4364061305364e-06 -4.2981409621714e-05)
(3.4713851521189e-07 1.988768990682e-06 -3.824431617284e-05)
(9.6961705615663e-07 1.7665987386796e-06 -3.8531601263335e-05)
(1.8570198420366e-05 9.8568180587145e-05 -4.8826341123421e-05)
(3.8532066687574e-05 8.6933469998603e-05 -5.038179193157e-05)
(1.8324090524415e-05 0.00012522122271457 -3.4513171469098e-05)
(3.2326902963199e-05 0.00011636015494997 -3.3574409709033e-05)
(1.5882624370636e-05 5.0893531493307e-05 -5.5650635018025e-05)
(2.8702733767271e-05 4.910672586034e-05 -5.5749287631748e-05)
(8.7836638206654e-06 3.4623832890672e-05 -5.4730800421902e-05)
(1.4561459454926e-05 3.2353443115005e-05 -5.5619733019962e-05)
(8.1363790568018e-06 5.5699540601531e-05 4.8141315623965e-06)
(1.997519230105e-05 4.8684216781475e-05 5.6514583314298e-06)
(1.5218948191753e-05 8.6079250622924e-05 9.4397793332274e-07)
(3.3141887613278e-05 8.278021747962e-05 -2.1379926975921e-06)
(2.5074613261327e-05 0.00011719457115707 -1.2379466321093e-05)
(4.3675949673059e-05 0.00010687093408754 -1.5221364629095e-05)
(-9.2761091798463e-08 -7.6306206964993e-07 -1.8268251354116e-06)
(-2.8604976036045e-07 -9.0850487789915e-07 -2.2744250436666e-06)
(-7.4848334474121e-07 -2.7648829044405e-06 -1.6836333195704e-05)
(-7.7683758447625e-07 -3.0309375543345e-06 -7.767822648674e-06)
(-5.6696245106916e-07 -3.5046612791432e-06 -1.3618449126856e-05)
(-7.0702804244436e-07 -2.3298412900913e-06 -1.4135175689623e-05)
(-1.0860579715013e-07 -5.0815016035971e-07 -2.6319976435699e-05)
(9.2871734781884e-08 3.6784545595997e-07 -3.028567626325e-05)
(6.224119711939e-07 1.5680707720621e-06 -3.6697366410903e-05)
(2.8409472398573e-07 1.1196753069742e-06 -3.6217226817596e-05)
(1.3209396104786e-09 1.1574992299645e-06 -3.4617926128505e-05)
(3.6470030348753e-07 1.1853287007737e-06 -3.5113717240412e-05)
(8.3981655909059e-07 3.7959711474403e-06 -4.2017650645075e-05)
(5.177425136423e-07 2.5125383599093e-06 -4.171289242657e-05)
(-2.048954548427e-07 7.0018222024116e-08 1.0603304357476e-06)
(-7.5270378453405e-06 -7.0183284739408e-05 4.1797005205661e-06)
(-3.6694813693521e-06 -9.7166278569096e-05 -4.8335802542405e-05)
(-8.4507188783217e-06 -0.0001221487047934 -3.1155858018768e-05)
(2.235677610005e-07 -2.5700399200741e-05 7.0054181317862e-06)
(8.7475087033174e-07 -2.429311329519e-05 -5.3925029420945e-05)
(-7.3372986855287e-07 -1.4228111628778e-05 -5.2017827360893e-05)
(-5.8996456849264e-07 -4.5791968513529e-06 -4.4804165084785e-05)
(-2.172416247924e-07 -6.2653953955014e-06 -4.6247305827304e-05)
(1.0148228738541e-07 -1.0259611748966e-05 -5.0510815377634e-05)
(-5.1822658604774e-08 -4.4896291421615e-07 -3.0364553400419e-05)
(1.949351733024e-08 -1.5261981564849e-07 -2.8944430281723e-05)
(-1.9906698450866e-07 3.3410369874609e-06 -1.4917592877599e-05)
(1.2311568078089e-07 -2.4362591443517e-06 -4.0116916780428e-05)
(9.579671108755e-06 -0.00011245645225051 -3.9273379669758e-05)
(4.948061598358e-06 -5.7227055742081e-05 -5.5466815437353e-05)
(9.6185542144605e-06 -8.7972867830453e-05 -1.2857387690328e-06)
(7.6295519860684e-06 -0.00011836174351961 -2.0175827211965e-05)
(7.5403171351027e-07 1.7712304448914e-06 2.2558420816826e-06)
(3.6852224149068e-06 1.610516512802e-05 6.4860498441255e-06)
(9.1444706619612e-06 3.6060522111128e-05 3.465802116292e-06)
(2.5268941098914e-05 0.00010147748437418 -4.6452809270583e-05)
(1.6788002864469e-05 6.6891218527066e-05 4.1965254821336e-06)
(-1.7517864802447e-06 3.4248497899092e-05 7.4244763802644e-06)
(8.5132373537301e-06 3.502110741808e-05 6.7186793351858e-06)
(6.7441348726632e-06 9.8880484576337e-05 -2.4253955951515e-06)
(2.9950974445632e-05 9.9176592465787e-05 -6.0446230621939e-06)
(2.2112348307463e-06 8.6187915897462e-06 -4.8707699290604e-05)
(2.2900893915393e-07 2.7619955090296e-06 -3.9906531568121e-05)
(6.4438593626155e-07 2.5335402253102e-06 -4.0354819753659e-05)
(6.8451252075704e-06 2.3664582464203e-05 -5.3621893778736e-05)
(2.2039007877327e-05 7.5623237579717e-05 -5.4327282295834e-05)
(4.0507289873195e-06 4.9177479166049e-05 -5.5882813803226e-05)
(9.9212167498479e-06 4.1518533952365e-05 -5.5736000926414e-05)
(3.4942487454163e-07 2.5993176489206e-06 -5.8492870957255e-06)
(3.030653271065e-08 -3.0975735586226e-07 2.4831559805282e-07)
(-3.2286606317419e-06 -4.331048130327e-06 3.9879607837144e-06)
(2.1447953604246e-06 -1.6090753568913e-05 6.0407015268686e-06)
(-1.6981201785415e-05 -5.2583202390869e-05 6.3788615248668e-06)
(1.489258840036e-05 -7.6200201460806e-05 -5.2936118915245e-05)
(2.0435961570516e-05 -0.00012155659062657 -2.3375554034611e-05)
(2.2049081764895e-05 -0.00010832172115726 -4.3204741537621e-05)
(1.3898214352711e-05 -4.4555035723719e-05 6.0756527022722e-06)
(6.6726270060011e-06 -2.0457265679989e-05 -5.3647921092202e-05)
(-2.9515463626365e-06 -1.3134089286961e-05 -5.2928145309222e-05)
(3.5728118293902e-07 -2.1095746646304e-06 -3.8524298461028e-05)
(2.3108888464039e-07 -1.4851265279881e-06 -3.6376532037897e-05)
(-5.6275847339128e-09 7.9196332731005e-08 -2.7956470314103e-05)
(-8.7033014415176e-07 3.4325958051614e-06 -1.373461727691e-05)
(1.1613360649617e-05 -4.9968561127401e-05 -5.5166356418533e-05)
(6.8249953217932e-06 -2.8007497225697e-05 -5.3678987731109e-05)
(-1.3183031544966e-05 -2.3852800256813e-05 -5.702904469223e-05)
(-1.6446944487202e-07 -1.1072718175233e-06 -2.3927853405003e-05)
(-3.616325964612e-07 -3.4373336107644e-06 -1.0561489827131e-05)
(1.5745914743364e-08 -3.0917168379209e-08 -2.7858486692288e-05)
(2.8473739712536e-06 9.9457016543845e-06 -5.0247342814423e-05)
(2.0543284798781e-06 6.0151097490019e-06 -4.6826193456136e-05)
(1.8210810641799e-06 1.724376950021e-05 -5.2679292213808e-05)
(4.839650232222e-06 1.6835052990252e-05 -5.3232046993643e-05)
(-4.5108414175533e-07 3.1210778029101e-05 -5.4116111015646e-05)
(7.9950227654793e-06 2.9445734257687e-05 -5.4462587624733e-05)
(1.3258787049643e-06 4.6000594709819e-06 -4.4954802260046e-05)
(-1.5550524283976e-07 5.1710438269031e-07 -1.3902499557463e-06)
(-2.6614232918491e-08 -9.3516055297221e-07 5.9061248062945e-07)
(1.6784303814204e-05 6.7494222397484e-05 -5.4588518701907e-05)
(1.6394739018261e-05 4.7930784885957e-05 -5.7612272634467e-05)
(6.0015511508456e-06 0.00011946748804642 -4.0225743538462e-05)
(2.9698612545808e-05 0.00010909045954402 -4.225812177923e-05)
(1.7095425711047e-06 -2.3350773530475e-06 2.3864159878401e-06)
(2.0939639662168e-06 -5.9850250775434e-06 5.1509318478955e-06)
(3.312469416807e-05 -8.5245227683612e-05 -5.0537809578688e-05)
(2.171193582462e-05 -3.6366843715253e-05 -5.5487573026976e-05)
(1.2191111741779e-05 -3.159452410026e-05 -5.3841468588485e-05)
(4.637308273777e-05 -0.00011873836784088 -2.489632294345e-05)
(5.3244734735025e-05 -0.00011088864090171 -2.2242629695907e-05)
(4.2656201033572e-05 -9.2900856753682e-05 -4.6597279936401e-05)
(4.4945342817934e-05 -0.00011109121557832 -3.6262730429214e-05)
(5.48054175266e-05 -0.00010535854303032 -3.4950186686085e-05)
(3.2102903629132e-05 -6.8159578006126e-05 3.0279602437589e-06)
(2.3648902737028e-05 -4.9814778451128e-05 7.0910675552903e-06)
(3.8376793612243e-05 -8.7990227719571e-05 -3.4832095014905e-06)
(4.2301753185656e-05 -0.00010112761322314 -7.0140177035036e-06)
(5.8246386668945e-06 -1.357257167662e-05 7.0094437864073e-06)
(7.5844747425057e-06 -1.7292487210676e-05 -5.2405762912628e-05)
(5.4330859768402e-06 -1.0579663935778e-05 -5.0990921995081e-05)
(2.9989395337835e-06 -7.5971503115306e-06 -4.8545191937013e-05)
(8.5098244559344e-07 -6.881165247651e-06 -4.8652899545368e-05)
(2.5601257606343e-06 -6.0242510823435e-06 -4.6717680963143e-05)
(1.0372643481362e-06 -2.3800936793829e-06 -3.9410820304372e-05)
(6.6286573745228e-07 -1.8040591068664e-06 -3.7339624276402e-05)
(1.4006462209658e-06 -2.9125873176303e-06 -4.1966693612444e-05)
(6.9517806924581e-07 -3.6847601834139e-06 -4.258930865452e-05)
(1.4983322553289e-06 -3.9730304146413e-06 -4.3599784927103e-05)
(4.440732400294e-07 -1.2185519670148e-06 -3.562523622079e-05)
(2.5419245736341e-07 -6.5255639042648e-07 -3.2088971659322e-05)
(1.6443514424574e-07 -9.1060860683016e-07 -3.3238124952865e-05)
(3.8639342598007e-07 -1.0213158292994e-06 -3.3861367845924e-05)
(1.9566786943472e-06 -4.9459121841929e-06 -4.4949379022903e-05)
(5.7482831953754e-08 -1.2788059039103e-07 -2.8062599549852e-05)
(-5.7840656751854e-07 1.4423487734305e-06 -2.2925553138925e-05)
(-4.0953051915014e-07 1.0338112023055e-06 -2.2375667963806e-05)
(-4.7430125888948e-07 2.0046383089745e-06 -2.0772246816481e-05)
(-5.1009095229938e-07 3.2225392372842e-06 -7.6041531183534e-06)
(-1.2906293606319e-06 2.8570846906178e-06 -7.9687481780492e-06)
(-2.6255056516926e-07 1.6779037463538e-06 -3.8104153766255e-06)
(2.0174402527241e-05 -4.5285228890894e-05 -5.5235865386437e-05)
(1.4104651866845e-05 -3.3937903633666e-05 -5.5072075848155e-05)
(1.267886114889e-05 -2.3805493714712e-05 -5.4157453517461e-05)
(-1.7501835937628e-06 4.1932411906987e-05 -5.6162510148629e-05)
(-4.4038844554253e-06 7.4699851741858e-05 -5.421931062818e-05)
(-8.6325672665546e-06 0.00012204975507046 -2.4000336100489e-05)
(-1.8593231637223e-05 0.00010797434104719 -9.0338893267228e-06)
(-2.0961167828846e-06 7.1582747012077e-05 4.1038912100949e-06)
(-3.1086721913712e-07 2.8024789714021e-06 -4.0311856013366e-05)
(3.6106854457757e-08 1.1736912119296e-08 -2.8482120794935e-05)
(2.1814790471979e-07 -1.5041667497648e-06 -2.2853024793308e-05)
(-1.7249746164906e-06 2.1202465702091e-05 -5.3541617546348e-05)
(-7.259311375461e-07 9.473957411186e-06 -4.9412346544755e-05)
(-7.0606556465228e-07 6.0583498473818e-06 -4.6109722652881e-05)
(7.0169962831889e-08 -1.406936261638e-06 -3.1083681672021e-06)
(1.0393410497548e-06 -3.4669875619407e-06 -1.3374461831456e-05)
(3.5845262958755e-08 -1.0430417608995e-06 -2.8736725566441e-07)
(-3.4623437573913e-06 2.4453574392651e-05 6.6390978759962e-06)
(-4.6372675582437e-06 1.5227328387128e-05 6.3588989687999e-06)
(-7.1098094136042e-06 2.4106561750429e-05 -5.4135803742062e-05)
(-3.5682594284786e-06 1.3116408031758e-05 -5.1752199335146e-05)
(6.4914978389614e-07 -1.8302361189072e-06 -2.1455637573074e-05)
(1.1288557947252e-09 8.9554861533364e-08 -2.8714074434395e-05)
(-1.3690487639926e-06 4.162177322686e-06 -4.314909261511e-05)
(-7.0585880843815e-07 2.4182125351684e-06 -3.9119958465756e-05)
(-3.2181505110742e-05 9.9887634923426e-05 -4.6926132151717e-05)
(-3.8406123405079e-05 0.00011586072313956 -3.5777994003954e-05)
(-9.8942640855203e-06 4.0684866503519e-05 -5.5136665902832e-05)
(-3.5571321959548e-05 0.00011572292071451 -1.628354876387e-05)
(6.4057662461045e-06 -9.5482971136916e-06 5.6971871976962e-06)
(5.5799964796699e-05 -9.2390117463886e-05 -1.1662252919894e-05)
(7.1361235023886e-05 -9.9399125249005e-05 -1.710415674645e-05)
(4.0713324284041e-05 -6.2329336768823e-05 -5.455179733778e-05)
(2.9727499345381e-05 -4.7923219749465e-05 -5.561322899414e-05)
(2.0653431885682e-05 -2.6125392082837e-05 -5.404508131088e-05)
(2.3772605048374e-06 -3.6219678542179e-06 -4.4119502996243e-05)
(7.2514169730865e-07 -1.2286118802258e-06 -3.679230697433e-05)
(4.1896981331646e-07 -4.7792508578754e-07 -3.1729829629988e-05)
(-2.4582362872899e-07 4.0399369182115e-07 -2.5767058883474e-05)
(-1.0503775325692e-06 1.7909114335815e-06 -2.0551742808666e-05)
(-1.1690035897533e-07 1.5650722752187e-07 -2.7631776577876e-05)
(-1.8431882960033e-06 3.1944775512565e-06 -1.3006814550514e-05)
(4.66312136077e-05 -5.5591764249476e-05 -5.3708962977543e-05)
(2.0210989239366e-05 -2.23176819077e-05 -5.3052809778414e-05)
(-8.1063536007712e-06 2.6382671197052e-05 -5.4989801139905e-05)
(-1.0097493120938e-05 3.3676041509861e-05 -5.4622983221827e-05)
(-1.7340596899257e-05 5.976008094787e-05 -5.4607149133813e-05)
(-2.242839931566e-05 7.6078743520075e-05 -5.3583508213147e-05)
(-2.8099880474388e-05 9.2180110791262e-05 -5.0259441894809e-05)
(-5.5364336079244e-06 1.8042889112323e-05 -5.3321318900517e-05)
(-2.43884613893e-06 8.0620634812718e-06 -5.1224656021884e-05)
(-5.8820798701651e-07 1.797619630194e-06 -3.7180450809578e-05)
(-5.8173632442244e-07 1.3544484645928e-06 -3.732507229711e-05)
(-1.1182470944114e-06 3.0596898492104e-06 -4.37527626224e-05)
(-2.9212965497134e-06 9.2126781544709e-06 -5.0138775650201e-05)
(-2.0659989287135e-06 8.0583154704149e-06 -4.8084990335268e-05)
(-1.5206106622056e-06 4.8802637347539e-06 -4.5571715543688e-05)
(-2.1572701721512e-06 6.6633361588611e-06 -4.6566164098706e-05)
(5.047540453268e-07 -3.3801229348042e-06 -1.5847158485798e-05)
(3.2497387391121e-07 -1.1480494266093e-06 -2.7001179877456e-06)
(5.2280122906801e-07 -2.1247143447164e-06 -4.8287992158963e-06)
(9.3638698927286e-07 -2.9419317923784e-06 -7.5914881918308e-06)
(1.5104829471059e-06 -2.3154307767989e-06 -7.350757431036e-06)
(5.6538132102654e-07 -3.5942186893481e-06 -1.065800179879e-05)
(1.2241973875168e-06 -3.1473028748547e-06 -1.0538279389658e-05)
(1.8794377130037e-06 -2.7954869449421e-06 -1.3917664871186e-05)
(1.9874044077281e-07 -4.3353237374651e-07 -2.6488176718378e-05)
(5.9124548703488e-08 -3.0075003783441e-08 -2.8022872816426e-05)
(8.6710087030184e-07 -1.8329447377239e-06 -1.9505301575596e-05)
(-1.3355870099592e-06 2.140697574339e-06 -3.9100491920784e-05)
(-1.7419420541528e-06 2.8019219127907e-06 -4.2037111553984e-05)
(-3.8050413354649e-07 1.1612616303117e-06 -3.448411455681e-05)
(1.1472270735868e-07 -5.6414184356264e-07 -1.3179988599689e-07)
(2.4887332249398e-07 -1.7620051549016e-06 2.0087853232789e-07)
(1.8802830337215e-08 -1.1414021451874e-06 1.7502957551345e-06)
(-2.4275421440793e-06 6.762136011384e-06 4.9345015076531e-06)
(-8.7010882928332e-06 2.5721561116567e-05 3.8905562996765e-06)
(-8.3601507506659e-06 1.4283965352355e-05 5.9534043447602e-06)
(-1.0756405540646e-05 2.9228316201095e-05 6.8184590473296e-06)
(-2.4496194686552e-05 7.7219116668739e-05 2.0777987895898e-06)
(-1.598082713535e-05 6.2212791018297e-05 5.2605195543588e-06)
(-7.3845605332477e-06 9.1252793452992e-05 -1.617592697611e-06)
(-3.4556870606506e-05 9.1746883286222e-05 -3.3335483069389e-06)
(-1.184666798849e-05 4.3327659446112e-05 7.5504618709882e-06)
(-2.0195221857895e-05 6.26121570627e-05 6.5256946105799e-07)
(-3.1077175751662e-05 0.00011856370417319 -3.3068317243889e-05)
(-5.8897431032511e-06 1.1581020994308e-05 -5.2054343149961e-05)
(-3.0791231117231e-06 6.4332779447732e-06 -4.8085470118618e-05)
(-2.0849912135962e-05 3.5239053836717e-05 -5.4731805575555e-05)
(1.2558262923566e-07 8.3260161868783e-07 -2.4896670637562e-05)
(5.5644244748327e-07 3.1823556556704e-06 -1.6421200373931e-05)
(2.9383334114628e-05 -1.7988911915477e-05 -5.423033688187e-05)
(7.565252122944e-06 -8.1754527784515e-06 -5.0039459014373e-05)
(-2.5333265272292e-06 2.5865394032866e-06 -1.2936720322939e-05)
(-4.3841839467652e-07 5.0953098817862e-07 -2.5878804253653e-05)
(-2.7917911593477e-07 2.6760020741434e-07 -2.5741624101752e-05)
(-1.1327559902038e-06 1.1944033639105e-06 -1.9873488519833e-05)
(1.7973000499872e-07 -2.1007862273813e-07 -2.9766263575547e-05)
(3.3372677096598e-06 -2.9488668419336e-06 -4.3783515203893e-05)
(1.054930987958e-06 -1.2485121339496e-06 -3.6355237978852e-05)
(5.7353804531285e-06 -6.572873485009e-06 -4.8157365751667e-05)
(4.8940375811519e-06 -4.6019241543906e-06 -4.8444012466849e-05)
(4.2240949519268e-06 -4.9898503902544e-06 -4.6995615423398e-05)
(-5.6931307960182e-07 8.9251440918725e-07 1.1380652618406e-07)
(-8.7286254528977e-07 9.6764070235189e-07 1.738047274551e-07)
(4.2103121639915e-06 -3.17194218376e-06 2.8843239793194e-06)
(1.0425615611812e-05 -8.6811354974905e-06 5.5482510531137e-06)
(2.7750426037385e-05 -3.2140634518108e-05 8.0242083377046e-06)
(5.6326968260132e-05 -6.5473912177524e-05 -5.1737912694065e-05)
(4.0418189509738e-05 -4.4902690335022e-05 -5.4461103633736e-05)
(7.0009940078056e-05 -7.8887740743656e-05 -4.6912811915948e-06)
(9.2174542822477e-05 -8.3055977670761e-05 -1.7401282321685e-05)
(1.4374883851488e-06 -1.0061557816248e-05 3.6056652185156e-06)
(-1.4609279428517e-05 2.1708708878895e-05 -5.3777588902018e-05)
(-1.1808116319534e-05 1.9052120681868e-05 -5.3357028191043e-05)
(-5.451435645445e-06 7.8647410661689e-06 -4.8862194874156e-05)
(1.1670321432157e-06 -2.8294164425072e-06 -1.6845864466235e-05)
(9.5086384387925e-08 -8.865478463481e-07 -2.5057262327699e-05)
(3.0903485605999e-07 -8.2427408776251e-07 -2.414141137224e-05)
(-1.9579966008161e-07 6.8400287177942e-07 -3.2059013297954e-05)
(-5.0508519300287e-07 3.7319352983803e-06 -4.2280135458218e-05)
(-1.1286966926687e-06 3.3100727806531e-06 -4.118007578874e-05)
(-1.3262458812329e-06 1.6791443032547e-05 -5.2870451847534e-05)
(-3.1692443093988e-06 4.6008055120464e-06 -4.6081660518808e-05)
(-9.6062298039779e-07 7.5524915143988e-06 3.9305257811369e-06)
(-1.6956591263167e-06 4.5365406008495e-06 3.2846616723826e-06)
(-4.9091196289098e-05 8.2877398170865e-05 -5.0053762848121e-05)
(-1.4552525646947e-05 0.00012115913440087 -3.8041792132373e-05)
(-3.2822922919296e-05 0.00011749306200094 -3.8661303443767e-05)
(-2.9106056380697e-05 4.6328267824049e-05 -5.4906186525487e-05)
(-5.9665360477553e-05 0.00010967161846117 -3.0476269483133e-05)
(-3.2283151787488e-05 0.00012284343847749 -2.2555507831734e-05)
(-6.6653082904868e-05 9.9856649457008e-05 -1.3429724439169e-05)
(-3.0186536680795e-05 5.5300186187428e-05 4.9968439988621e-06)
(-3.2460860734174e-06 1.9081536832825e-06 -1.2458362154007e-05)
(-4.017839781698e-07 2.1107734901268e-07 -2.6035427004103e-05)
(-8.2121593292815e-07 6.1910607623949e-07 -2.4523265160232e-05)
(-1.6852184036809e-06 9.0456024064397e-07 -2.0491045568296e-05)
(1.9536037664216e-06 -1.0098537663676e-06 -3.8595429358693e-05)
(3.9789537611072e-06 -2.1752341700114e-06 -4.3352489797437e-05)
(6.7065980466416e-06 -3.4414470159936e-06 -4.7897414600718e-05)
(-6.1833644602103e-07 5.3971697086464e-07 2.8271809849531e-07)
(1.9639295503189e-06 -6.8284186960201e-07 2.9542449811095e-06)
(9.7711681387987e-06 -4.5001656566398e-06 5.3190982118026e-06)
(2.0578438540412e-05 -1.5024407923467e-05 7.3849389635122e-06)
(6.7646181862005e-05 -3.2973122623453e-05 -5.3527103663626e-05)
(4.5805631808598e-05 -2.8518880680182e-05 -5.5287088149651e-05)
(9.1873260542935e-05 -4.7632989211589e-05 -4.6591155837068e-05)
(9.7960239898984e-05 -6.3691645012833e-05 -3.7402183816548e-05)
(7.3985055936886e-05 -4.304225518682e-05 2.4175694112662e-06)
(0.0001042722844453 -6.2975107351187e-05 -1.7151351924026e-05)
(2.5839112362109e-06 -5.3606328550125e-06 3.7947911791396e-06)
(1.3835957708905e-05 -7.7106198962581e-06 -5.2420621359811e-05)
(2.26626793226e-05 -1.3190956983814e-05 -5.3840737902475e-05)
(-2.707506661276e-05 2.2379966473289e-05 -5.3743682780612e-05)
(-5.4559309522764e-05 5.6493238906549e-05 -5.3566005150628e-05)
(-6.1464606412007e-05 8.7303216073332e-05 -4.6074485446376e-05)
(-8.5343350262017e-05 6.7499497924601e-05 -4.5388526275068e-05)
(-7.1102443324455e-05 0.00010110649369411 -3.4988039792496e-05)
(-7.8040966950844e-05 9.4387765978035e-05 -2.8848830251811e-05)
(-6.4878515247027e-05 0.00010782270305787 -2.0006998767091e-05)
(-7.4223123622569e-05 8.8944132672417e-05 -2.63490557484e-05)
(-1.1148064238584e-05 9.7520359346873e-06 -5.1694325186567e-05)
(-6.2543041536154e-06 9.6461477148619e-06 -5.0622362916892e-05)
(-3.5330465948534e-06 3.4032386070634e-06 -4.3604834142297e-05)
(-3.0854644963019e-05 3.0164497522446e-05 7.2341982622875e-06)
(-2.1543423796999e-05 2.0154356856295e-05 -5.4097469149888e-05)
(1.4224186990768e-06 -1.3839705365157e-06 -2.098788478604e-05)
(-2.4936289973826e-06 4.2994529063496e-06 -4.415018199758e-05)
(-3.9907406035208e-06 5.2149572326507e-06 -4.7903794046589e-05)
(-1.0357411356706e-06 1.156214567003e-06 -3.6027174468761e-05)
(3.7699907989988e-05 -0.00011227019452356 -1.4968334365931e-05)
(4.6219257868113e-05 -0.00010203360194884 -2.0337877606323e-05)
(-4.6215399576438e-05 7.4003624225146e-05 -5.1903550551919e-05)
(-3.9742873775044e-05 5.0958456190336e-05 -5.6599425773647e-05)
(-9.1655751046929e-05 8.4023245763199e-05 -1.8887359706512e-05)
(-5.8711642288118e-05 0.00010010996457496 -4.1337369215549e-05)
(-6.2210315822259e-05 7.2010148871449e-05 -4.8373497420245e-05)
(-1.6480616792684e-05 2.6786915929379e-05 -5.3401180275399e-05)
(-1.208423367405e-05 1.6425452353675e-05 -5.5236148517675e-05)
(-9.5739204353235e-06 1.5103190679457e-05 -5.2666717329508e-05)
(-3.2804924183494e-05 5.2353902354256e-05 -5.5974352038807e-05)
(-2.6498063952045e-06 8.7990382908343e-07 -6.5480553344983e-06)
(-5.8051422008533e-06 5.3333749935263e-06 -4.8181918991969e-05)
(2.2835951697016e-05 -4.9990138788558e-06 -5.4709313558203e-05)
(3.3496895210873e-05 -5.9284010774427e-06 -5.4319091734486e-05)
(3.5029082685133e-05 -1.3201439254225e-05 -5.5970981819609e-05)
(6.535292359089e-05 -1.5388789000989e-05 -5.4963879354525e-05)
(0.00011143252813834 -2.2746156120025e-05 -4.3192631305215e-05)
(7.6117576403348e-05 -2.822944525601e-05 -5.2988520605745e-05)
(0.00011016243182373 -4.3253171681512e-05 -3.3844025518608e-05)
(0.00012275028112228 -2.0588382193831e-05 -1.9859088972197e-05)
(7.1890352897972e-07 -3.3165034019481e-07 -3.2790395521665e-05)
(9.9982012453884e-07 -2.3542635131743e-07 -3.4016923545976e-05)
(1.3154408297833e-06 -4.6711020478319e-07 -3.6753796302953e-05)
(-8.5910436912273e-08 2.0872681278303e-08 -2.7533049858864e-05)
(2.2542138981679e-05 -4.1047559723754e-06 -5.3539866724556e-05)
(1.0038246762834e-05 -3.7999983241177e-06 -5.1501589568687e-05)
(9.0363963247501e-06 -2.0461223192113e-06 -4.8763496138185e-05)
(2.6900407140151e-06 -6.146280235841e-07 -3.9564938057031e-05)
(3.2708373096431e-06 -1.156310378607e-06 -4.2351459585466e-05)
(-6.2982510375925e-07 9.3005798840137e-08 -1.5950925689926e-06)
(-3.2823282976758e-06 5.8743576240759e-07 -8.2492621160884e-06)
(-2.890967146308e-06 1.1603736736567e-06 -1.4223569702875e-05)
(-1.5945815829916e-06 3.3927643881032e-07 -2.2529164948359e-05)
(-4.73897035508e-06 4.1488087109778e-06 -4.7016282347871e-05)
(-1.4095406050129e-05 1.310956902935e-05 -5.287941443612e-05)
(2.2106018706724e-05 -3.8320814953178e-06 6.5987557842782e-06)
(6.2932829026642e-05 -2.7956611443137e-05 3.1893932065863e-06)
(3.7501563247744e-05 -1.5328582031271e-05 7.0468654831555e-06)
(1.453369474872e-05 -2.65668485652e-06 -5.229975259202e-05)
(4.2379057194021e-07 -1.1321291567501e-07 -3.0687233923061e-05)
(-5.3384926396458e-07 1.4016572025929e-07 -2.5776450604211e-05)
(-3.4293858804672e-06 5.7393973701768e-07 -1.3917647907306e-05)
(4.1421787682136e-06 -4.7539059828605e-07 -4.3122463855411e-05)
(2.0147603459288e-06 -2.9562645643288e-07 -3.8334403564334e-05)
(1.4296739038504e-06 -2.8924625133273e-07 -3.6055674421019e-05)
(4.1181541649065e-06 -5.2929967552e-07 -4.5500811872579e-05)
(0.00011988126894388 -2.0619915257223e-05 -3.6873053853025e-05)
(0.00012248520915118 -2.1093131598044e-05 -3.1780993187782e-05)
(3.9222651800593e-05 -7.1572833299349e-06 -5.454706787955e-05)
(9.9289956894841e-05 -2.0690683709402e-05 -4.8050415020413e-05)
(8.476761864405e-05 -1.6904699692332e-05 -5.1995329155301e-05)
(3.6480855819445e-05 -5.6459027977587e-06 7.6391309104349e-06)
(7.4102007396204e-05 -1.3803734975788e-05 4.3401863631468e-06)
(0.00010541025684203 -1.6954815951429e-05 -5.1946736224559e-06)
(0.000106103508011 -2.3336030217909e-05 -1.9960230637983e-05)
(1.3295356302533e-05 -2.8008059269842e-06 4.6460763904132e-06)
(7.6344191018773e-05 -9.1140698921588e-05 -3.913921969846e-05)
(4.0889335430172e-05 -4.8240527962479e-05 6.3165485777333e-06)
(2.9006931901098e-06 -2.3001595360671e-06 -1.2191119851837e-05)
(3.5076037519634e-06 -1.5187841403787e-06 -1.2099596286005e-05)
(2.0589912701709e-07 -5.2328689571249e-09 4.6014331673662e-08)
(4.5510490954308e-07 -6.9922047718366e-07 2.214156759767e-07)
(5.892253152866e-09 2.3410301842424e-08 4.9430479014292e-09)
(-2.1012043425205e-06 -4.115442102568e-06 1.2255518134503e-06)
(-1.5455813203701e-06 5.4935246610319e-07 5.8245879040579e-07)
(-5.0476902643344e-06 8.0022899574962e-07 1.3335150127816e-06)
(-1.8205288131451e-06 1.4166708009713e-06 6.7130415488417e-07)
(-6.0709809174761e-08 5.2755808901459e-06 1.3814646936964e-06)
(3.6096986520434e-07 -4.947847492751e-06 1.3395400834352e-06)
(4.6265602724728e-06 -3.2657662335066e-06 1.4551569759375e-06)
(-3.8413863603033e-06 -3.0851049064827e-06 1.6044570138914e-06)
(3.0417111902083e-06 -3.0701192021737e-06 1.3825993652243e-06)
(4.6235140901639e-08 -6.1265212348841e-07 -1.5531674270249e-06)
(-2.6883195884987e-07 -4.4731325842683e-07 -1.3361812721134e-06)
(1.1509249313559e-07 -4.2473043847921e-07 -1.1515208401327e-06)
(4.38181661591e-07 5.077655217294e-08 -1.1870363533534e-06)
(5.9796643971438e-07 2.134300755723e-07 -1.6078218380574e-06)
(-3.0460914442847e-07 3.0988846320678e-07 -1.1608534391238e-06)
(-4.1441624645773e-07 5.4647037583944e-07 -1.6444264396275e-06)
(3.5451135233361e-07 -6.7145552795329e-07 -1.8546623598781e-06)
(1.9788673088332e-07 5.8008980553657e-07 -1.6591624220014e-06)
(-4.5708625657704e-07 3.3443252567666e-07 -1.557914229306e-06)
(-8.7486130621497e-07 3.7181092055787e-07 -2.2473997579891e-06)
(-3.1345315400128e-08 -5.8103269980273e-07 -1.6170812213192e-06)
(1.2031829510163e-07 -4.9518078168143e-07 -1.4059611378712e-06)
(2.0537758272509e-07 -1.1638188070619e-06 -3.0810592531584e-06)
(3.3184325328225e-07 -6.6426000009178e-08 -1.3880008568849e-06)
(6.1831330643575e-07 -2.9993044671804e-07 -1.7351863452379e-06)
(3.2678566665073e-07 5.0382707071058e-07 -1.7368745999491e-06)
(3.8600920220103e-07 3.1489081405038e-07 -1.5025403454709e-06)
(5.7651289570698e-07 6.7449413016063e-07 -2.1229061779097e-06)
(2.6180855287756e-08 5.6007632263548e-07 -1.5186006342246e-06)
(2.0346241590874e-07 4.4640197504239e-07 -1.2580712771272e-06)
(6.3071658592577e-07 1.1714784901558e-06 -3.1271346381296e-06)
(1.7435614143434e-07 -2.6469971269599e-07 -1.2619902765604e-06)
(4.7003200491142e-07 -3.7275501943269e-07 -2.0201968019991e-06)
(2.7758227408933e-07 1.071700426629e-07 -1.1856833983783e-06)
(7.5655502006693e-07 3.3211231702558e-07 -2.9139554908614e-06)
(-5.5124148852491e-07 2.5213887378401e-07 -1.7516608367754e-06)
(-2.62915757111e-07 2.4999679473027e-07 -1.1605025902434e-06)
(-3.3122915182904e-07 2.0131003303341e-07 -1.3991232752604e-06)
(-5.074626525537e-07 3.0515542521468e-07 -2.4242608308633e-06)
(-3.3950040891642e-07 -9.9968757216321e-08 -1.3795221457537e-06)
(-4.5736625375438e-07 -1.7925467948619e-07 -1.3610594552665e-06)
(-9.0665056226805e-07 -1.8213503555634e-07 -2.9236503780185e-06)
(-4.8587698501928e-07 8.016010179805e-08 -1.3718634405195e-06)
(-4.1396570829063e-07 -3.350870587121e-08 -1.2360917440591e-06)
(-1.1328816682781e-06 -1.1938953577704e-08 -3.0009269386749e-06)
(-3.6724543225643e-08 2.2652042422895e-07 -1.2314817354931e-06)
(-1.0020023783166e-07 -2.3373100369464e-07 -1.0464390211065e-06)
(-3.8166530167121e-08 -1.7867981353375e-07 -1.0426145171511e-06)
(-2.9108338434722e-07 -2.1158857141651e-07 -1.3034237553972e-06)
(1.5899231369302e-07 1.0099263945356e-07 -1.1318967069674e-06)
(3.4370370666717e-08 -8.1618367282204e-08 -9.41507074616e-07)
(8.9527829146374e-08 1.8192867041664e-07 -1.2351326482681e-06)
(2.1085732985696e-07 2.5819175107369e-07 -2.4099722631966e-06)
(-2.3125744624019e-07 -1.4509410387587e-08 -1.3182112684857e-06)
(-1.0528101110308e-07 6.9736269073349e-08 -1.0549658870197e-06)
(-1.7499872296021e-07 9.4494861997027e-08 -1.0010076255607e-06)
(7.0373884695445e-08 -2.3758396233798e-07 -1.3019902346232e-06)
(1.6493861668607e-07 -1.8592302326202e-07 -1.9907198223675e-06)
(-9.6520109829062e-09 7.6257773407006e-08 -1.1930235851056e-06)
(-5.9924520722838e-08 -5.5845099904263e-08 -8.5131290991377e-07)
(4.9418575208194e-09 -8.0576288374645e-08 -1.7335139643996e-06)
(-1.5852364173203e-07 -7.9361653630452e-08 -9.9098327886554e-07)
(0.0001168313965722 -1.9971984350802e-05 -1.1546617672287e-05)
(-1.798222312421e-06 8.1146917029788e-07 -4.7813194802523e-06)
(-3.2391703292347e-07 -2.076380161555e-06 -4.6384398910321e-06)
(-8.388266786323e-07 -2.0301346737048e-06 -5.2104532203819e-06)
(8.6677016427008e-07 -1.7989775747601e-06 -4.6742993921345e-06)
(1.2078763640027e-06 -1.0508621303965e-06 -3.9484705426898e-06)
(1.9507521319247e-06 -6.9615260525497e-07 -4.6999029980027e-06)
(2.2762102999011e-06 5.3379913974356e-08 -5.2168148248657e-06)
(1.7267595629035e-06 5.5554500848084e-07 -4.0088650873845e-06)
(-1.0342895775088e-06 1.6485492180349e-06 -4.2957554081288e-06)
(-1.7981682317469e-06 1.6750297421177e-06 -5.4494477440589e-06)
(6.2260388564057e-07 -4.9915694905033e-07 -3.295574460096e-05)
(2.6691729689006e-06 1.5142221723189e-06 -7.489405157669e-06)
(-6.3684985864871e-08 -3.0451917907833e-06 -1.6094833246883e-05)
(-5.9976969501364e-07 -2.466910417204e-06 -1.9434586654984e-05)
(-3.7235733164427e-07 -1.5306786966814e-06 -1.875580008896e-05)
(-2.6456365237751e-05 -0.00010318813766588 -6.7187853060466e-06)
(1.840567404983e-05 -1.3742366982027e-05 3.2213688796481e-06)
(1.4809186353441e-05 -3.2536192971397e-06 2.8437474470384e-06)
(2.5958828811519e-05 -7.5833340535429e-06 3.0613333231653e-06)
(1.3264806340765e-05 -1.1857865921846e-05 3.1841820449651e-06)
(1.1373213638778e-05 -7.1961656037617e-06 2.6998163278313e-06)
(1.8225647219403e-05 -2.4405315797225e-05 2.2448092474991e-06)
(3.292609366951e-05 -1.0484882452801e-05 2.222371897333e-06)
(2.016961908065e-05 -2.0988310378624e-05 3.2842212097518e-06)
(1.3281533728723e-05 -1.7506351429846e-05 3.3312806860934e-06)
(2.766090110522e-05 -1.7434383174154e-05 2.7065836085253e-06)
(8.9223590726157e-06 -7.2528543601578e-06 2.501343041251e-06)
(3.6882932734438e-05 -3.7061322099699e-05 -1.7959706210125e-06)
(4.1526390672715e-05 -2.7575549045485e-05 3.3143572134731e-07)
(2.955818015284e-05 -1.4082187665989e-05 4.8355632084567e-06)
(5.3054501550288e-05 -1.4836303795403e-05 -2.5511778218198e-06)
(2.9939813398192e-05 -2.6957268176167e-05 3.3464563983953e-06)
(3.583792217326e-05 -2.4819004053744e-05 1.4375819002947e-06)
(2.9371594766355e-05 -4.1026294092536e-05 -5.5154503004486e-06)
(3.5982877482206e-05 -4.0764264147948e-05 -8.732198920485e-06)
(2.0496713235004e-05 -3.7734080331592e-05 -2.7530967331482e-06)
(4.358555366644e-05 -2.1368357904337e-05 -2.5152562427619e-06)
(2.9091458966394e-05 -4.0576028327086e-05 3.2138788763457e-07)
(2.6182009559853e-05 -3.0927188587355e-05 2.0821976110054e-06)
(5.5640832044016e-05 -3.8250111746203e-05 -8.8078181677918e-06)
(3.2008435057651e-05 -3.1467880049078e-05 3.9745661754792e-08)
(-1.4998879141132e-05 -1.7040968351316e-05 3.0258842811637e-06)
(-6.3835296958097e-06 -2.2454047056178e-05 2.5292194521911e-06)
(-6.1605621935829e-06 -1.4001296737062e-05 2.0224688332881e-06)
(-2.0368049087577e-06 -2.3911580966712e-05 2.9575291188897e-06)
(-3.0126636405125e-06 -1.6202770809681e-05 3.0736611492229e-06)
(-2.2301019168685e-05 -1.5650781669333e-05 3.2134262368971e-06)
(-1.3458391361178e-05 -1.2554613054909e-05 3.1639397971661e-06)
(-1.5872705149224e-05 -9.2614873571244e-06 3.1908417538536e-06)
(-2.1269256487694e-05 -7.7323683750935e-06 2.398751498044e-06)
(-2.8931046632612e-05 -1.0798562820531e-05 6.7752721589311e-07)
(-1.1149862948627e-05 -1.8178335112275e-05 3.1486122342531e-06)
(-8.6670973720283e-06 -1.0911131983025e-05 2.7977917499409e-06)
(-2.1377851653725e-05 -2.2450465091033e-05 1.7122958050385e-06)
(-1.0577651996946e-05 -1.2830641028992e-05 3.172169264213e-06)
(-1.6669054786564e-05 1.5260800179535e-05 3.0467062962128e-06)
(-1.1739609511407e-05 2.1009107945797e-05 2.7670599881802e-06)
(4.3296038387792e-07 2.3401400911127e-05 2.7274814250676e-06)
(-6.2308644724831e-06 3.3795232108509e-05 1.3541795775468e-06)
(-2.0033882257412e-05 6.6856945540202e-06 3.1550150671004e-06)
(-9.6419950627005e-06 6.5891232283537e-06 2.4493227752743e-06)
(-1.1523235771294e-05 2.1774823185158e-05 3.1016745654302e-06)
(-1.0000917248792e-05 2.7883579685798e-05 2.9253153741254e-06)
(-1.9428483169503e-05 9.9422703660778e-06 2.7481225952198e-06)
(-1.012672881573e-05 4.9971501949438e-06 2.8795936332503e-06)
(-1.8591194896894e-05 2.6843671448523e-05 2.0596090129901e-06)
(-1.1102001467946e-05 1.2885058625549e-05 2.9888745078188e-06)
(-2.7417058304328e-05 4.4782816405117e-05 -2.2900767324609e-06)
(-1.6772950265758e-05 4.6250663013717e-05 -4.1977217402901e-06)
(4.7201768224737e-06 4.2794901964058e-05 -5.6328564370077e-06)
(-1.8238986517362e-06 4.9945729887752e-05 -8.5850771353352e-06)
(-3.7819705219948e-05 3.4866247860176e-05 -9.9706647209063e-07)
(-4.9639596314034e-05 2.2656207931317e-05 -3.8384561345563e-06)
(-2.4573586612981e-05 2.3784897858637e-05 2.0702109661792e-06)
(-2.915791113477e-05 5.2513598967838e-05 -3.7185601618987e-06)
(-3.5357820399454e-05 2.8673592023347e-05 -4.9825864102511e-06)
(-2.8315781986369e-05 2.3978272762803e-05 -2.7835510018774e-06)
(-3.4288332762777e-05 4.2304612792304e-05 -7.5177236317138e-06)
(-2.5315643800528e-05 3.4765502405518e-05 -8.1371349846412e-07)
(-3.8969793102648e-05 -3.3353219336668e-05 -4.4295051143654e-06)
(-1.9655894284927e-05 -3.8078266100556e-05 -6.0262522858821e-06)
(-1.6663585838617e-05 -1.8992341727655e-05 -7.7673424280509e-06)
(-1.6834230496308e-05 -3.8858059302235e-05 -9.6765034400331e-06)
(-4.4812348441242e-05 -2.7982027186474e-05 -8.5545042818442e-07)
(-3.4550863795799e-05 -3.8791305200181e-05 -8.160164793168e-07)
(-3.7445390612031e-05 -2.4195305639529e-05 5.5858083050271e-07)
(-3.4923270345115e-05 -1.5776666371424e-05 -6.6391578647262e-06)
(-4.4318363416538e-05 -2.1547822624686e-05 -8.9960138583086e-06)
(-2.5193308750271e-05 -4.5024059748181e-05 -3.043743744218e-06)
(-1.309437510835e-05 -4.0917041689927e-05 -8.2892626429424e-07)
(-3.1599858300166e-05 -4.3066395951295e-05 -8.4200085261301e-06)
(-2.4645718930204e-05 -3.2913307341024e-05 -2.1131849530666e-06)
(1.7810418678656e-05 1.522386803283e-05 3.2845688941361e-06)
(9.5188774793285e-06 9.6024613746752e-06 3.0782666360818e-06)
(1.1803636638002e-05 2.0508000468492e-05 3.1089048287136e-06)
(1.0689044803683e-05 1.416516458867e-05 2.2482563805869e-06)
(3.7596057157492e-06 1.3114962057246e-05 2.6813339378355e-06)
(1.3259058808327e-05 1.6773338262224e-05 3.3197235411433e-06)
(1.722439071773e-05 2.0088943541399e-05 3.4156302230497e-06)
(2.2844585927309e-05 1.2817070665741e-05 2.6975411497911e-06)
(1.6160475367975e-05 6.1055400478413e-06 2.9687363336078e-06)
(2.3866582913362e-05 1.9929523476913e-05 2.9184237541193e-06)
(1.0731507718641e-05 1.0532042624574e-05 2.8591209322908e-06)
(3.8076228173022e-05 3.0413028853047e-05 -2.850929948726e-06)
(4.4463813603853e-05 2.8614061384711e-05 -1.212621036937e-06)
(2.2950423508458e-05 4.3805151595318e-05 -5.9465247648704e-06)
(2.6146693139991e-05 2.1020402375375e-05 -6.5017648438855e-06)
(2.0991337998583e-05 3.6557648538921e-05 -2.7441816581586e-06)
(4.692661509778e-05 1.4424523916875e-05 -5.2112008471664e-06)
(4.0640008911781e-05 1.3906452763221e-05 -2.3292693769452e-06)
(4.6473826548412e-05 3.1341266700648e-05 -6.2887217723108e-06)
(3.1890535864484e-05 2.7186085853785e-05 -1.6343527504061e-07)
(9.1369114469873e-06 6.3408407159876e-05 -1.7043437667923e-05)
(-6.1079953426755e-05 3.8264629907965e-05 -7.5240422285963e-06)
(-7.1923686924739e-05 1.451949031749e-05 -1.4480506528237e-05)
(-5.510721190465e-05 5.5742451871429e-05 -1.2714132863907e-05)
(-3.563852274916e-05 2.6799978068739e-05 -1.9677857654475e-05)
(-3.5192500186591e-05 1.9801031538101e-05 -1.4192056061261e-05)
(-3.6348992507104e-05 4.8179244091434e-05 -2.0586961054237e-05)
(-4.4088793006674e-05 4.6943877753858e-05 -1.0316189530315e-05)
(6.900096571717e-05 3.783767692758e-05 -1.2654286121026e-05)
(6.5813700684316e-05 3.1551999194884e-05 2.3128399024505e-07)
(5.548526936614e-05 4.6507681268716e-05 -5.9798086554413e-06)
(7.5095955704773e-05 1.2519741043001e-05 -1.7248474139804e-05)
(6.6955092248331e-05 2.2736468340489e-05 -1.1423040877115e-05)
(3.9211489928374e-05 5.4617729875223e-05 -1.6770896137684e-05)
(1.2752871672256e-05 3.3210142604899e-05 -2.0707534825595e-05)
(3.4583009819991e-05 3.9820323145278e-05 -2.2628255396886e-05)
(2.7505216916582e-05 5.5137829567226e-05 -1.3856198076427e-05)
(4.8106913567496e-05 6.2192179040361e-05 -1.0172867003492e-05)
(5.0237536502982e-05 7.187662604392e-05 -1.3314589185302e-05)
(5.3765264106228e-05 3.1346838313557e-05 -1.8529051134129e-05)
(6.3531595725075e-05 3.1492869870076e-06 -1.8407606312235e-05)
(6.4820290052106e-05 2.9551167864522e-05 -2.0941242361882e-05)
(5.4952211951929e-05 5.3634763017797e-05 -1.899148714033e-05)
(6.3544254223588e-05 5.8325807879946e-05 -2.2214069982895e-05)
(5.1634591209894e-05 4.5524352183426e-05 -1.171496531673e-05)
(4.2169769744483e-05 4.6111101944094e-05 -4.0078723361129e-05)
(9.6789814054673e-05 5.6139676377302e-05 -3.4309583548307e-05)
(5.9775474144775e-05 9.2533710827744e-06 -4.2369441229106e-05)
(8.5258434704553e-05 4.8846726628862e-05 -3.3818367816717e-05)
(2.5166011566491e-05 3.4504225981897e-05 -3.8684166198442e-05)
(7.8953151307542e-06 3.9451111300078e-05 -3.8618786147687e-05)
(2.5382412781071e-05 5.6148159004766e-05 -4.1498934891627e-05)
(1.789415456002e-05 3.3849134215303e-05 -4.017313115066e-05)
(5.8755984073698e-05 7.0354332988626e-05 -3.8865945403997e-05)
(5.5335683529888e-05 6.1629058422495e-05 -3.7191382562561e-05)
(3.7518290710904e-05 2.0568572585282e-05 -3.8214439876525e-05)
(4.4542029191861e-05 -9.3003353302801e-09 -3.9181477038191e-05)
(3.8318439595003e-05 1.3011106754138e-05 -3.9765458451079e-05)
(3.9284059379951e-05 3.9545510660035e-05 -4.1661428819932e-05)
(3.7922035892874e-05 3.6550059136234e-05 -4.4208229623294e-05)
(5.0441012114839e-05 3.252105995417e-05 -3.8027163192638e-05)
(5.2577616043275e-05 4.8550788901352e-05 -3.5789472419967e-05)
(2.9301376602595e-06 5.9022119918168e-06 1.6557431207335e-06)
(2.2938181583446e-06 2.6237580135521e-06 9.3275384288958e-07)
(1.1490921593534e-06 3.7502425880986e-06 1.028382533626e-06)
(6.1943112003311e-08 4.1683340097225e-06 1.1329707454712e-06)
(1.4498167829714e-06 6.0731336183281e-06 1.619779826879e-06)
(2.0878417007548e-06 4.1786247148308e-06 1.4304104408462e-06)
(4.5592217057044e-06 4.081474619692e-06 1.6301354554468e-06)
(1.7072098517322e-08 -5.6488897840716e-07 6.5675079510488e-07)
(2.7433191139256e-06 1.6657902143666e-06 2.0188573563726e-06)
(8.720814839742e-06 1.1063383460749e-05 2.8038947556348e-06)
(2.4488814446379e-06 2.9045822030716e-06 1.4623647000177e-06)
(-4.0422558355767e-06 7.6708807472149e-06 1.9920766233027e-06)
(-1.9575862853816e-06 4.4020051874274e-06 1.4847181845822e-06)
(-3.1156027375779e-06 9.7819770778509e-06 2.5002570811383e-06)
(-4.5487527729053e-06 1.7540756851844e-05 2.9089739860678e-06)
(-1.8049604508071e-06 1.0703483853281e-05 2.9001903442989e-06)
(1.6691699224731e-06 1.9809304311464e-05 3.0909300427591e-06)
(1.9219348889125e-06 2.3267808203266e-05 3.5477469255404e-06)
(-6.3008795032078e-06 1.7012392020881e-05 3.2201453957269e-06)
(-6.6528971626443e-07 1.8006643395802e-06 1.5447743544525e-06)
(-4.4644035081826e-06 2.6624770104679e-05 3.1631692615901e-06)
(-3.6526434025929e-06 2.3546582540113e-05 3.5192351910873e-06)
(-3.8711975140113e-05 -4.6744434179117e-05 -1.7698600620165e-05)
(-9.3245512865874e-06 -4.9406726775866e-05 -1.9581327478465e-05)
(1.7097347002475e-05 -5.12361043248e-05 -1.8222386238914e-05)
(-2.2132682397813e-05 -2.3996381724323e-05 -2.162477101263e-05)
(-1.4169607115105e-05 -6.5601331938692e-05 -1.5164527006204e-05)
(-1.4471129389099e-05 -4.9227916676478e-05 -2.1864989691107e-05)
(-1.1818239487562e-05 -5.2271760836455e-05 -1.6461019387591e-05)
(-6.099047037339e-05 -4.2974628783025e-05 -1.2505079149367e-05)
(-5.1971687703724e-05 -5.6093462016253e-05 -7.1901074747966e-06)
(-5.4981384213344e-05 -4.057074250615e-05 -1.2206647781989e-05)
(-3.6263262823271e-05 -6.6584718412396e-05 -1.3786873286353e-05)
(-3.4655627674881e-05 -6.1173110022131e-05 -1.1188698509048e-05)
(-3.7782031160374e-05 -4.768038257739e-05 -1.3993411301521e-05)
(-3.7643705588299e-05 -4.6016528659996e-05 -3.0976165558797e-05)
(3.6675748775337e-06 -4.373768763282e-05 -3.1410122640521e-05)
(-1.8636370759616e-05 -5.8214781530621e-05 -3.3821643126928e-05)
(-1.5235635033808e-05 -4.3666313154013e-05 -2.8751700931221e-05)
(-6.9714578180346e-05 -4.6901961715472e-05 -2.7496079627168e-05)
(-6.6383207976587e-05 -2.2197256245539e-05 -3.0705204749181e-05)
(-6.552432455222e-05 -7.1890627030321e-05 -2.353703637705e-05)
(-6.7275946821458e-05 -4.7308278637986e-05 -2.3945247743692e-05)
(-4.0760804014862e-05 -1.7608809516411e-05 -3.2753811361235e-05)
(-4.9080233677181e-05 4.590851460562e-06 -3.0126201320971e-05)
(-3.250050177267e-05 -2.1323134886033e-05 -2.8919654015136e-05)
(-3.8765876935091e-05 -7.7811019678377e-05 -2.6987953517988e-05)
(-4.1744130065796e-05 -7.4579519467781e-05 -2.2078693617167e-05)
(-3.4527433904962e-05 -3.764794599576e-05 -3.4474088382965e-05)
(-4.2357431840717e-05 -4.9428453107916e-05 -2.6512051515516e-05)
(-3.6251491401926e-05 -3.954537004211e-05 -4.0519959637066e-05)
(-9.5196435221319e-06 -2.8237229896843e-05 -3.681394532752e-05)
(-1.8645715120384e-05 -3.3687811546569e-05 -3.989405047441e-05)
(-6.6318980321172e-05 -5.1610405428303e-05 -4.0999199496573e-05)
(-3.5715196649148e-05 2.0573437917963e-06 -3.7873213965214e-05)
(-2.7755350887325e-05 -1.7571763305919e-05 -3.9477932991758e-05)
(-2.0738303491113e-05 -1.8116286366361e-05 -3.5303012738485e-05)
(-3.8418202375461e-05 -6.6524783322731e-05 -4.1985587146316e-05)
(-3.7573696569123e-05 -7.3138318291375e-05 -3.7878519649873e-05)
(-3.3760076960388e-05 -3.8644503449829e-05 -3.7662798340813e-05)
(-4.6358384248245e-05 6.7708557092043e-05 -2.8259865776387e-05)
(9.1314199454625e-06 5.6496754822938e-05 -3.1990983586544e-05)
(-2.8145191647664e-05 1.7145125510313e-05 -3.2328639266892e-05)
(-3.7969692233462e-05 6.297715288676e-05 -2.2518017356873e-05)
(-7.1559813416357e-05 6.2664086224153e-05 -2.4461866002293e-05)
(-7.7158790405185e-05 3.0980807547885e-05 -2.9177682921402e-05)
(-6.9197139951894e-05 5.6894604731815e-05 -1.5848950169302e-05)
(-3.2286832036727e-05 8.2915564773058e-05 -3.0673487701816e-05)
(-4.9950503500885e-05 3.8551364822935e-05 -3.0858094918823e-05)
(-6.3634081165114e-05 3.0218238254234e-05 -2.5587421624512e-05)
(-3.6496043449315e-05 5.6012426842513e-05 -3.3770098073448e-05)
(-1.6849713529632e-05 1.2468202521396e-05 -3.574612264322e-05)
(-1.6941960397125e-05 5.0748738689848e-05 -3.8030342313762e-05)
(-5.8395517864804e-05 4.6049003199613e-05 -4.1514072993787e-05)
(-4.1871347702758e-05 1.7862522528738e-05 -4.0288120810168e-05)
(-6.8479477245838e-05 6.2301541484525e-05 -3.4148127319074e-05)
(-3.5036293326815e-05 6.5151156205108e-05 -4.1015024952576e-05)
(-4.7879697236004e-05 6.2062375662544e-05 -4.5036847290713e-05)
(-2.9745082781308e-05 2.1407344694514e-05 -3.6725372190039e-05)
(-4.1854697636426e-05 4.4828861658023e-05 -3.8143041246775e-05)
(-9.1970347891751e-06 1.405116010744e-05 -3.801839570944e-05)
(-1.0928951098391e-05 3.0917265510049e-05 -4.2003042401808e-05)
(-4.5822822464686e-05 2.7611725960423e-05 -5.0761442825129e-05)
(-4.2430684383564e-05 1.3044743628481e-05 -4.6912177385031e-05)
(-4.5638875348906e-05 3.2275259287122e-05 -4.8338855101598e-05)
(-1.8578309006578e-05 4.4546700143851e-05 -4.8645896644772e-05)
(-1.8008902170792e-05 3.5522357162202e-05 -4.9067485265818e-05)
(-2.0841736629272e-05 9.4255527287485e-06 -4.0743127341294e-05)
(-1.95321827214e-05 -2.6961123101315e-06 -3.8072227641144e-05)
(-2.4959464043584e-05 1.400139750054e-05 -4.0574098417788e-05)
(-1.753824414392e-05 2.2871235020381e-05 -4.5523052561221e-05)
(-2.9218615998097e-05 3.6728649134175e-05 -4.6572574262344e-05)
(-2.2399267024989e-06 3.6980384127587e-07 6.5873883898225e-07)
(5.3686738197431e-07 -2.1915243477746e-07 -4.9066852560593e-08)
(-1.3260619170792e-06 -3.5228371612503e-08 4.1231468821864e-07)
(-3.5572741649325e-06 4.5883669131137e-07 1.2295342282456e-06)
(-6.675772744887e-06 -1.6407043090203e-06 1.7868062845109e-06)
(-4.1057567221553e-06 -9.1317371668844e-07 1.0976374357789e-06)
(-1.152605562215e-05 -1.488187942181e-06 2.5704377610232e-06)
(-1.0457858230647e-05 -4.2672402736248e-06 2.7914683525002e-06)
(-1.4209582452881e-05 4.4239123092879e-06 2.9627649567532e-06)
(-9.7655948946721e-06 2.5259019108906e-06 2.4011448942425e-06)
(-1.653805058636e-05 7.5789780785589e-07 3.1559807675824e-06)
(-1.3798872589307e-05 1.8600444447299e-05 3.1198365831805e-06)
(-4.3514162514131e-06 3.6694261778001e-06 3.1356438116614e-06)
(-1.5208454537998e-05 8.9774020994182e-06 3.1639467751217e-06)
(-1.8690971861185e-06 2.4190970247538e-06 2.5981678949551e-06)
(-8.6984517059082e-06 1.3690605270681e-05 3.9476146350453e-06)
(-2.4722106863133e-05 1.6512082960358e-05 2.660852331159e-06)
(-1.098282347095e-05 -3.1507835528719e-06 2.6473985976715e-06)
(-1.5060098427796e-05 -3.6964425161888e-06 3.0334298914268e-06)
(-4.3002481560003e-06 -7.4026806534793e-07 1.8282185159904e-06)
(9.4309675198452e-07 -2.7528823162349e-08 4.1018246520823e-07)
(-1.072253515534e-05 -2.4950418807485e-07 2.5477532039713e-06)
(-1.6836313783156e-05 -1.7211303780095e-07 3.2054386531506e-06)
(-1.9751979417811e-05 -4.4256306813054e-06 3.3868750758685e-06)
(-1.6500487385295e-05 4.5640026545632e-06 3.5462920738272e-06)
(-2.7486934796952e-05 6.1813068125087e-06 2.9052092298416e-06)
(-5.3447260811309e-06 1.017390585258e-06 3.6847192195572e-06)
(-1.9423805915569e-05 5.4883599360821e-07 3.5076024083375e-06)
(-6.3205292080358e-06 1.2015453750345e-06 2.3422164364257e-06)
(-2.5754442575128e-06 9.2799764190366e-07 2.8846960482993e-06)
(-1.5751537823662e-06 -4.6315556071141e-06 1.4032803412939e-06)
(4.0615600580681e-07 -4.767986172807e-06 1.6345996569975e-06)
(-3.5530901312645e-06 -8.7659911146959e-06 2.5903533534258e-06)
(-3.0241103531859e-06 -9.3481280893673e-06 2.3430120725964e-06)
(1.7101843357045e-06 -1.0024596101623e-05 2.3729779135957e-06)
(-8.4590729174341e-06 -5.5512644626522e-06 2.3275621173734e-06)
(-1.3205667221763e-06 -1.1579932445198e-06 1.2711961880213e-06)
(-4.5985227747129e-06 -4.0336575436595e-06 1.5272481747472e-06)
(-5.0457326077412e-06 -6.3469459422267e-06 2.0034567612939e-06)
(-4.6492509428739e-06 -3.7224578471034e-06 2.9286959699221e-06)
(-1.4670403056068e-05 -1.1061762261316e-05 3.2183469081746e-06)
(-2.1502331554858e-05 -1.869848301496e-05 3.3848317437671e-06)
(-1.3567733944655e-05 -5.627958574478e-06 3.2753727943394e-06)
(-2.3083838560965e-05 -1.0460650126421e-05 3.5853130568822e-06)
(-2.2009648174765e-06 -1.2568093086456e-06 1.5227478879579e-06)
(-2.2107971750184e-06 -7.7725555846968e-06 3.0609869469645e-06)
(-7.4835372263273e-06 -2.1344427429477e-05 2.9497249269219e-06)
(-6.6662072695939e-06 -9.065620737817e-06 2.7682298084101e-06)
(-1.2360354330188e-07 5.0998109115088e-07 1.0844690713568e-06)
(2.7335197092617e-06 -2.9226323974027e-06 1.041701071108e-06)
(5.7382640104234e-06 -9.2013562769453e-06 2.4397429143334e-06)
(5.9114131774589e-06 -1.0146813647354e-05 2.7771628901303e-06)
(1.6357803932201e-06 -5.8300018864175e-06 1.8525676046306e-06)
(4.6015229630369e-07 -1.0462221448845e-06 1.1159636560534e-06)
(3.1579457770636e-06 -6.33323571055e-06 1.8325311150582e-06)
(8.9648217404558e-07 -5.9209996938895e-06 1.6352242121615e-06)
(4.7770410021281e-06 -1.5019724835322e-05 2.9706442166741e-06)
(1.0070749401513e-05 -2.3448777745276e-05 3.0787747118787e-06)
(-6.6629032177047e-07 1.7064269305307e-06 7.9694451335981e-07)
(2.2258808886482e-06 -8.071135980868e-06 2.5637659441674e-06)
(1.6498838440171e-05 -5.2678883691061e-06 2.9927373432078e-06)
(7.0418234680649e-06 -2.5440454253371e-06 1.8791139517959e-06)
(1.0039366030765e-05 5.2207534694368e-07 2.1925549609876e-06)
(1.6619552848907e-05 -4.3832862059314e-06 3.0185712381292e-06)
(9.8780183039295e-06 -8.4836823436165e-06 2.7553924538138e-06)
(3.7064588559837e-06 -2.1275080526773e-06 1.7706327094117e-06)
(3.0732364039686e-06 -3.5440860463615e-06 1.7816294304193e-06)
(4.3110623634361e-06 -4.496896879613e-06 1.6153777484576e-06)
(2.8975242819055e-05 -2.9630175408176e-05 -4.6458052467977e-05)
(4.7976446454166e-05 -2.9249614570863e-05 -4.9338175540746e-05)
(7.0692837103927e-05 -2.8300664644273e-05 -5.1527487044165e-05)
(4.5786316187639e-05 -4.5264387246865e-05 -5.1333417260869e-05)
(5.1227870473855e-05 -2.1289731166062e-05 -4.6893308091153e-05)
(1.4305436291282e-05 -1.3458558414175e-05 -3.7780703039871e-05)
(1.8098648504953e-05 -1.7197872900452e-05 -4.1774305488348e-05)
(3.0224567133698e-05 -1.3553998402519e-05 -4.3728166992805e-05)
(2.6803950128565e-05 1.6447925219738e-06 -4.1415295773558e-05)
(3.3739347959755e-05 -9.2387648263844e-06 -4.213756395209e-05)
(2.838116804429e-05 -4.7100378781472e-05 -4.9696400294615e-05)
(3.0300342310673e-05 -3.2975293457505e-05 -4.9366750755852e-05)
(2.3048487894102e-05 -1.5366580544601e-05 -4.5221491650769e-05)
(3.0552464142289e-05 -2.5478082115033e-05 -4.3819870401165e-05)
(3.1056980019047e-05 -2.6248367366234e-05 -4.1861780565058e-05)
(-5.1809212550548e-06 -1.0090354912153e-05 2.8875515896572e-06)
(9.3934186463658e-06 -5.9525518823883e-06 2.8865995085361e-06)
(6.6790438875506e-06 -5.5091952515854e-06 2.1489452062088e-06)
(-1.5538515870116e-05 -8.1832260598145e-06 3.2083582837969e-06)
(-7.1157734630303e-06 3.2092354008241e-06 1.9577321989173e-06)
(1.379711641281e-05 3.7150172695467e-06 2.8627205769516e-06)
(2.688176947681e-05 -1.5012502788142e-05 1.1197852187752e-06)
(7.8546720646608e-06 -1.7865116017063e-05 9.8239415247227e-07)
(1.6731841701527e-05 3.7963834605552e-06 1.051732394012e-06)
(3.038163064229e-05 4.2113992366149e-07 1.9103716354689e-06)
(2.5417149826451e-05 9.523099096492e-07 -1.021958028132e-06)
(1.9349543844171e-05 -2.4216302273186e-05 -1.0178285097144e-06)
(2.1119774240239e-05 -9.0733112092257e-06 2.4400470224247e-06)
(2.2240968674621e-05 8.1104968831212e-06 3.095339907359e-06)
(6.0342685139838e-06 2.4632904632885e-06 2.8808016098476e-06)
(3.4160310775871e-05 1.0058446762797e-05 1.5854167547246e-06)
(2.3961830538119e-05 1.5094813124756e-05 3.05153035304e-06)
(3.5814649030522e-05 -1.3844255528555e-05 2.353166294386e-06)
(3.5739058178822e-05 -3.045735354403e-07 2.3942124186552e-06)
(4.68180674718e-05 -9.8816421651415e-06 1.0655842694144e-06)
(4.4715909430199e-05 -1.0268321684728e-06 -3.2796659595078e-07)
(5.2129658310236e-05 -1.5966852183193e-06 -2.6833070480001e-06)
(3.6313332885941e-05 -1.4488252026485e-05 1.7709061597524e-06)
(1.9076765564524e-05 -2.3249222822765e-05 4.2835324043115e-06)
(1.1035073814909e-05 -1.3371328292715e-05 3.9650301623784e-06)
(2.3737504706879e-05 -2.0917439247906e-05 3.0286906865611e-06)
(4.14512162862e-05 1.8599412923354e-05 2.1484346200558e-06)
(6.2744143197198e-05 1.1028778825331e-05 -2.8446639199911e-06)
(5.9926163199963e-05 -2.6878273686047e-07 -5.0513900282541e-06)
(5.7911115456865e-05 1.7680510486156e-05 -9.9447174802243e-06)
(5.3040494205666e-05 3.2470265979352e-05 -4.1173108595113e-06)
(5.0528606922903e-05 1.415715400176e-05 -2.3766535188499e-06)
(6.4960243809664e-05 -2.2592492931642e-05 -2.3788192366635e-06)
(6.5148358237688e-05 -2.8375168119793e-07 1.2749702775715e-07)
(8.1357624842565e-05 -1.5721479312633e-05 -4.8990088577101e-06)
(5.2657686599079e-05 -9.5415838559742e-06 2.3315100107597e-06)
(-8.1466583692011e-06 1.9308915873914e-05 1.3432837305935e-06)
(9.0209311365062e-06 2.8358734626813e-05 2.0533208765578e-06)
(-2.4701980807185e-05 1.63047119499e-05 2.100559933918e-06)
(-2.6277782910147e-05 6.5579638752164e-06 3.1605779750291e-07)
(-1.663152220605e-05 2.2934113105559e-05 -9.4437541199649e-07)
(-5.8688037919802e-06 1.4583296424291e-05 2.5465677636952e-06)
(1.1075510983159e-05 2.4578145649909e-05 3.1665104909039e-06)
(2.2999416031623e-06 2.6909494454374e-05 2.9309020822349e-06)
(1.3219407536416e-05 3.1708011808363e-05 1.9765120815921e-06)
(1.8325719271807e-05 2.4155553536745e-05 2.8210779028067e-06)
(2.0126605398449e-05 2.1146005954454e-05 3.1366822073222e-06)
(2.5873765695578e-05 2.0492356887535e-05 -3.0356714337318e-06)
(1.4567067479173e-05 8.0333680667639e-06 4.7367410965155e-06)
(2.8278465100303e-05 -5.2801648676128e-05 -5.1018193009596e-06)
(8.4127097480018e-06 -5.5850597658682e-05 -4.7741969709768e-06)
(-1.3477467163325e-05 -5.2914849873004e-05 -5.6011347766736e-06)
(1.1947435767782e-05 -6.0173869193505e-05 -8.3428106122985e-06)
(1.5353554004489e-05 -5.0017005746663e-05 -9.4498866571397e-09)
(8.9076703907815e-06 -3.1814471018109e-05 5.8893142429356e-06)
(2.5960810248862e-05 -5.8484552983226e-05 -2.9094226554622e-06)
(3.2132853607886e-05 -5.8703039277229e-05 -1.0936292300591e-05)
(4.2853150504922e-05 -5.010804512807e-05 -4.3888703638768e-06)
(3.8912814180262e-05 -4.4232669866913e-05 -1.0731163502702e-05)
(-1.6938881656641e-05 -1.9682114772606e-05 -4.0293262443553e-05)
(-4.601790458487e-06 -1.968120842992e-05 -3.718093642937e-05)
(-6.4681847181677e-06 -3.4135212677262e-05 -4.369197318001e-05)
(-6.5690671201516e-06 -1.8664612018368e-05 -3.8383346399995e-05)
(-9.7182526795335e-06 -2.262611023057e-05 -3.7777747209844e-05)
(-4.7688008610913e-05 -4.6830270760769e-05 -5.091669436231e-05)
(-5.1059255274596e-05 -3.4114490128387e-05 -4.7420870423797e-05)
(-1.420034136533e-05 -1.1497048994438e-05 -3.6278330891054e-05)
(-2.7751728964825e-05 -4.2481185311467e-05 -4.7550938076459e-05)
(-1.4829889509425e-05 -1.6176826088222e-05 -3.998738421342e-05)
(-2.8035120296334e-05 -3.0268555924247e-05 -4.3154930835188e-05)
(5.7423876082164e-05 -4.3042633327926e-05 -2.9715371435422e-06)
(4.0933250616515e-05 -2.8895211247289e-05 6.2381926958281e-06)
(5.7157995738747e-05 -4.4534762338768e-05 2.0046553299356e-06)
(4.807524567107e-05 -5.6766274677131e-05 -8.3363069717279e-06)
(5.6218296160494e-05 -5.8030404386464e-05 -9.284718159222e-06)
(1.7657664541153e-05 -1.3813443558237e-05 -4.5929935352372e-05)
(9.3453332569906e-06 -1.2685080775981e-05 -4.191034676996e-05)
(2.8524398445712e-06 -1.2369400406206e-05 -3.8480911781479e-05)
(8.4257136188848e-06 -7.4218900400562e-06 -3.7314033990822e-05)
(9.4228381049059e-06 -2.4510386963882e-05 -4.8009364156747e-05)
(1.0835337750946e-05 -1.5190965422367e-05 -4.171886650421e-05)
(1.8511074208293e-05 2.6541718096858e-06 -4.4919427197294e-05)
(1.0659209042932e-05 -4.7338834168234e-06 -3.9961263195451e-05)
(1.9399978557949e-05 -2.4593932375553e-05 -5.1236390289464e-05)
(1.7379153698883e-05 -1.7550143694065e-05 -4.9605222692991e-05)
(2.7185355607592e-05 -3.13075852506e-05 -5.2901277389297e-05)
(1.7216388304648e-05 -1.0956733289449e-05 -4.6536638519349e-05)
(1.4045721458476e-05 -9.6229415143931e-06 -4.5706649580813e-05)
(2.5380602320072e-05 -1.9135103323038e-05 -4.8803954878986e-05)
(4.0935395601657e-05 -2.1791241086004e-05 -1.6938560511546e-05)
(6.453484444459e-05 -1.9707539739516e-05 -1.4100526266502e-05)
(5.5705760017832e-05 5.5252096495282e-06 -1.5812938069842e-05)
(5.9936410812239e-05 -2.1871464223804e-05 -1.9846778738758e-05)
(5.4984376586675e-05 -1.3543198021873e-05 -1.1500207116875e-05)
(1.4779163029548e-05 -4.2307834067703e-05 -1.5126522985519e-05)
(-2.1347423425357e-05 -2.7466433415878e-05 -1.7317788510537e-05)
(1.0107565360965e-05 1.8621395805779e-06 -1.7464536292669e-05)
(3.540657585565e-05 5.2685499678373e-06 -1.7819529264486e-05)
(2.8444155787987e-05 3.1736689874563e-05 -1.7396657580403e-05)
(3.4426302661806e-05 2.6065123130924e-06 -2.0643171718118e-05)
(3.4741928498333e-05 8.2003210927327e-06 -1.4083818579153e-05)
(3.2735925063627e-05 -2.9860164583542e-05 -2.1249863826863e-05)
(3.3474360483683e-05 -2.3936901198677e-05 -1.2482838384663e-05)
(3.1128156585385e-05 -1.7005244589194e-05 -9.2394347382477e-06)
(8.119612052431e-05 -1.9694660750186e-05 -1.6082817281655e-05)
(8.7917346171344e-05 6.8207633010709e-06 -1.1489700321686e-05)
(9.2910131375882e-05 -1.8076886557595e-05 -1.6279417280102e-05)
(5.8911299013636e-05 -5.1771675555848e-05 -1.7719457951258e-05)
(7.0244229204863e-05 -2.7561350821384e-05 -2.2976486604398e-05)
(0.00010221871345769 -1.7307656371518e-05 -1.0668918629306e-05)
(9.4930620488128e-05 -3.6978409010576e-05 -1.7222029178522e-05)
(9.6530190851733e-05 -3.6914847942142e-05 -5.2764650021066e-06)
(8.7949686127739e-05 -2.9454278689447e-05 -3.9476088679662e-06)
(-5.9291641519458e-05 -1.7815477343843e-05 -7.1589101579395e-06)
(-5.5316635678295e-05 -2.3430197405739e-05 -2.3915774202755e-06)
(-5.5700859160023e-05 -9.7925973579423e-06 -1.2323165560113e-06)
(-5.7633962743422e-05 5.5803773716838e-07 -5.9382257108247e-06)
(-4.0801450024419e-05 1.1513419899563e-05 -9.1915024394643e-06)
(-6.0090984550323e-05 -1.2260248262761e-06 -1.0123660968689e-05)
(-4.7856370077314e-05 -3.4755849406431e-05 -5.5938343185117e-06)
(-6.0891658675766e-05 -2.4979605491684e-05 -8.9526094062266e-06)
(-5.1414075887395e-05 -1.8191798387681e-05 -4.0401750408715e-06)
(-1.7581481588904e-05 2.9029469451932e-05 -1.1018078393485e-05)
(1.1057976380657e-05 2.2539567233729e-05 -1.0250496503014e-05)
(-1.533727166057e-05 7.8402095744799e-06 -8.0117408320315e-06)
(-2.0584444793e-05 5.3805069252145e-05 -1.0455474749819e-05)
(-1.4537618727519e-05 3.2087708157072e-05 -7.0602172560677e-06)
(-1.7102031321752e-05 -2.2810361326808e-05 -4.7877715873293e-06)
(-4.291227136794e-07 -3.3515247052805e-05 -3.3837375210116e-06)
(6.0660677448603e-06 -2.3205691108671e-05 -7.5008455073299e-06)
(-3.4748883610776e-05 -1.629657192378e-05 -1.8407333604374e-06)
(-2.3772318066249e-05 3.5363614619012e-06 -4.1088156867292e-06)
(-1.212388423943e-05 -2.203353355615e-05 -1.4268070866499e-06)
(1.7580554054879e-05 5.6721457817252e-05 -6.359470600708e-06)
(7.2495609640505e-06 6.4503746162942e-05 -9.8215016863444e-06)
(3.595518147167e-05 5.0048473650445e-05 -4.6636218133346e-06)
(3.5942435792735e-06 -4.3252420357551e-05 -5.7628514937003e-07)
(5.6160926436488e-06 -3.7932714552566e-05 2.1491945376733e-06)
(1.3247670232607e-05 -3.4113000959615e-05 1.6042834206555e-06)
(3.649461507683e-05 6.1427406859452e-05 -8.3084415778973e-06)
(3.484176615102e-05 5.0325759214336e-05 1.2982474524472e-06)
(3.8370629850477e-05 5.940523632395e-05 1.8163495738675e-06)
(1.9431055330727e-05 3.257145190151e-05 -2.6499229175059e-05)
(5.5891228236807e-05 3.1803640559852e-05 -2.5142345608063e-05)
(-3.2563206596588e-06 2.010061851363e-05 -4.6584318010493e-05)
(9.2698121163028e-06 2.1242193964713e-05 -4.8381439130509e-05)
(-5.5860157261656e-06 1.0736233568577e-05 -4.0029419241749e-05)
(-6.5632954064518e-06 2.2961787616372e-05 -4.6631549636567e-05)
(-2.3950964920077e-05 1.7570898968745e-05 -5.2618060635964e-05)
(-2.2515779580542e-05 8.1741633275738e-06 -4.8033241033326e-05)
(-2.7782655719931e-05 2.1800413457938e-05 -5.2516517143994e-05)
(-1.1157541864212e-05 5.5051053015446e-06 -3.9319746332363e-05)
(-1.228370033704e-05 6.4710457309824e-06 -3.878546384878e-05)
(-1.3788348662544e-05 1.6493788447497e-05 -4.4527225171013e-05)
(6.3582251846323e-05 5.5063624506796e-05 -8.7604442806349e-06)
(7.3111481300021e-05 4.4382523551528e-05 -3.0526346374389e-07)
(7.149909247481e-05 6.2048101965402e-05 -1.196783949634e-05)
(7.95486130687e-05 2.5911663026769e-05 -2.4550446418252e-05)
(8.7934782436543e-05 4.3842594121361e-05 -1.5461702970317e-05)
(9.4502647719583e-05 2.2735667713811e-05 -2.44048021939e-05)
(5.7250992944987e-05 2.6706725202179e-05 -2.8893078744737e-05)
(6.2867529904203e-05 2.7891708688448e-06 -2.7408927900518e-05)
(6.7831533578226e-05 2.3616899797049e-05 -3.0432022736113e-05)
(1.3066967624048e-05 9.1759276947522e-06 -4.8292168303746e-05)
(2.4786890948144e-05 1.1103593973144e-05 -5.5091268184842e-05)
(1.5385244510244e-05 5.0930886916573e-06 -4.8282922613933e-05)
(1.8243177848271e-05 1.1716147202068e-05 -5.0872661160777e-05)
(6.0461090548429e-06 7.8799336301677e-06 -4.2015102296516e-05)
(1.1919153568001e-06 8.1363989589342e-06 -3.9146365260305e-05)
(5.8113952456336e-06 1.29348570344e-05 -4.6673371711645e-05)
(1.0437268880471e-05 1.4447784144509e-05 -4.9822614168041e-05)
(1.8713205800971e-05 2.8623032982739e-05 -5.615815673228e-05)
(1.5068888221145e-05 1.7910269094913e-05 -5.2284256094408e-05)
(8.6699070540812e-06 5.0701939587593e-06 -4.1221648558297e-05)
(9.2336000627974e-06 4.6853944825612e-07 -4.0724128637046e-05)
(9.3516759654498e-06 3.7759413236726e-06 -4.2429619991377e-05)
(9.5901253668691e-06 8.4090407007168e-06 -4.6401624500301e-05)
(4.9526519352974e-06 -6.2915672678015e-05 -1.379193062312e-05)
(1.00944399625e-05 -6.8808316534964e-05 -6.7325537510072e-06)
(5.5760513529752e-06 -6.5912594954977e-05 -1.7644968007604e-05)
(-1.4328723596167e-05 -6.4479981406135e-05 -5.4331065776629e-06)
(-4.013469744433e-06 -4.9188011329828e-05 5.4339118771793e-06)
(-1.5339916836311e-05 -5.8287577998779e-05 -9.1260521054277e-06)
(-1.4795578433347e-05 -4.6347651486215e-05 -1.3061368265885e-05)
(3.6403423633409e-05 -7.1374920128907e-05 -2.0547381933712e-05)
(5.0778947024703e-05 -6.8927641526702e-05 -8.8793199840862e-06)
(-1.4766918459179e-05 -7.3315740880534e-05 -1.8032924170798e-05)
(1.0103832230637e-05 -4.7323069691961e-05 -2.1723282492115e-05)
(3.1703886866242e-05 -4.9314664037924e-05 -2.1410346129297e-05)
(4.2174279159699e-05 -4.7862196085574e-05 -2.481341212548e-05)
(1.6768167143033e-05 -7.9181566571886e-05 -1.2892330246734e-05)
(1.1470183361913e-05 -6.6872170407459e-05 2.7863185013735e-06)
(3.2686133740385e-05 -6.6644040542712e-05 -1.4076217290166e-05)
(1.1316102905598e-05 -2.3205776929037e-05 -2.3203352596615e-05)
(9.3840719789462e-06 -3.5412225119613e-05 -2.5823046363446e-05)
(-7.0401544224424e-06 4.6025950794012e-06 -2.6892450488508e-05)
(-1.2539384119172e-05 2.531805210043e-06 -2.0362174962759e-05)
(-2.1172216346212e-05 -2.2839463935301e-05 -2.597705689433e-05)
(-4.832021336351e-05 -2.6086565633613e-05 -2.5092198561006e-05)
(-2.0807210640511e-05 -5.2874777361735e-05 -2.5048908534303e-05)
(2.841394738257e-05 -3.5836476697927e-05 -2.8554227152564e-05)
(5.6846387408321e-05 -2.8828205543424e-05 -2.8360104732446e-05)
(1.3458857333794e-06 -2.4495302918849e-05 -2.8679868638456e-05)
(1.0156260625056e-05 -6.0825171052057e-05 -2.731979038809e-05)
(2.632559606142e-05 2.8208950622215e-06 -2.8637067727702e-05)
(2.5322462556371e-05 2.0999522985403e-06 -3.1792217976561e-05)
(3.1150371018596e-05 -2.8863755533174e-05 -3.1874628696202e-05)
(3.9250875345835e-05 -2.265150308824e-05 -2.5378784941223e-05)
(8.2575515584695e-05 -5.6844239018462e-05 -9.5302183754825e-06)
(9.2014705918969e-05 -5.9672544807331e-05 -1.3188471333813e-05)
(7.9364452521714e-05 -4.3458606160552e-05 -2.3081412354181e-05)
(8.0135219059671e-05 -3.9884220739429e-05 -2.7875505405663e-05)
(8.1816104831564e-05 -1.8331118548821e-05 -3.2759777743188e-05)
(9.8677728746588e-05 1.9139558493827e-06 -3.0268045004797e-05)
(9.5231554507822e-05 -2.7419811139412e-05 -3.3393515906767e-05)
(5.6137736601732e-05 -4.7801652125259e-05 -3.3288869736136e-05)
(7.5095399312897e-05 6.1198745269035e-06 -3.2849400956113e-05)
(8.15025160921e-05 -4.8925501101975e-05 -3.0505143286288e-05)
(6.5526307027439e-05 -2.6011765488046e-05 -3.684975254612e-05)
(0.00011073641603117 -2.5864807423792e-05 -3.2438425131887e-05)
(8.5696270577067e-05 -2.2057148751832e-05 -3.9265737861322e-05)
(9.7148126269964e-05 -4.5975239514288e-05 -3.399260112188e-05)
(0.00010815122278972 -9.3948038931164e-10 -3.2476313977893e-05)
(0.00011501278924788 -4.7349475843665e-05 -2.3249587754568e-05)
(0.0001093304178856 -4.1933253400736e-05 -2.0105641395509e-05)
(0.00010227657873646 -2.7960144656431e-05 -3.8289494576244e-05)
(0.00011573946107989 -1.5875518081557e-05 -2.631770515993e-05)
(-8.0689917352973e-05 -3.1163316618355e-05 -2.3413787484959e-05)
(-9.6261341361675e-05 -2.1522239745472e-05 -1.4280182757305e-05)
(-8.7571995539173e-05 -3.115153561411e-05 -2.6192123796844e-05)
(-4.4659012932046e-05 4.3592358697443e-06 -2.6947219893396e-05)
(-6.8443459010719e-05 -3.1210206186295e-08 -2.2911550735799e-05)
(-6.9272705247101e-05 -2.9478951590198e-05 -2.3031251528102e-05)
(-6.4852875973117e-05 -2.3985769757201e-05 -1.912115770065e-05)
(-6.1080724995239e-05 -6.5886627537684e-05 -2.0486475868752e-05)
(-6.1798822826718e-05 -7.0367427329873e-05 -4.7714697770791e-06)
(-4.9813860685661e-05 -8.3094033815205e-05 -1.4626840847784e-05)
(-6.2055642988126e-05 -1.9885732379567e-05 -3.3684103089975e-05)
(-7.9570452843634e-05 -1.742761843774e-05 -3.2194673083192e-05)
(-7.9948825059535e-05 -4.7265816776992e-05 -2.9459966732739e-05)
(-6.4071838358e-05 2.2926302970743e-06 -3.2964973549016e-05)
(-6.4977422548014e-05 -4.6149520290382e-06 -3.7061698357678e-05)
(-6.1915253227992e-05 -3.8287000691596e-05 -3.2490651646222e-05)
(-6.0027253596744e-05 -2.8854296104618e-05 -3.5511129692148e-05)
(-3.5787979594523e-05 -1.8833417895672e-05 -3.5475144874556e-05)
(-1.008097178763e-05 -1.1847425559081e-05 -4.0466327349098e-05)
(-3.8686127545673e-06 -1.0834687797033e-05 -3.7113563426727e-05)
(-3.1334957439274e-06 -3.6934951055578e-06 -3.2690749780469e-05)
(-1.986252693048e-05 -1.3174783842124e-05 -4.6958559897908e-05)
(-2.3606175645947e-05 -3.0949815074389e-05 -5.3972588140715e-05)
(-1.9559883900205e-05 -1.3702201275613e-05 -4.4394279120694e-05)
(-1.0193420468821e-05 -4.4743847793379e-06 -3.7218637956285e-05)
(-9.5186082675997e-06 -4.8481452278549e-06 -3.8243544759885e-05)
(-1.1522650350507e-05 -2.0655400540025e-05 -4.7151529977312e-05)
(-1.2937892295087e-05 -2.5091628575594e-05 -4.7005429052595e-05)
(-8.6523573105047e-06 -1.0811557763206e-05 -4.0902046004869e-05)
(-8.2573955390818e-06 -9.9283285848148e-06 -3.7091428011774e-05)
(-5.7422861230179e-06 -9.196231270051e-06 -4.3092943103553e-05)
(-2.1115839862106e-06 -1.0923709827798e-05 -4.305886730092e-05)
(3.3808095681557e-06 -5.6815420255852e-06 -3.7863169974381e-05)
(-1.824921971943e-06 -7.0072441273569e-06 -3.8944509511977e-05)
(-1.3196584652053e-05 -1.0414795948312e-05 -4.8991584639383e-05)
(-1.0267475631061e-05 -1.6454537533816e-05 -5.1452206631454e-05)
(-1.801698235313e-05 -1.0963673712901e-05 -5.0906322430656e-05)
(-5.4309835879438e-06 -2.428507967047e-06 -3.6424247862705e-05)
(-3.9137632060705e-06 -1.9183090992433e-05 -5.1616894638353e-05)
(-5.359027299853e-06 -1.9940362027841e-05 -4.961308812864e-05)
(-6.841334947191e-06 -9.2340108047586e-06 -4.2552488521513e-05)
(-4.2538875092457e-06 -3.7476133611436e-06 -3.914372397059e-05)
(-1.5409483516275e-06 -3.6230592511545e-06 -3.5667416785806e-05)
(1.1645265108624e-06 -3.9467287369913e-06 -3.6186135176858e-05)
(-7.3093512278251e-06 -5.0462126705546e-06 -4.5760474563661e-05)
(-5.5591142389424e-06 -2.1411010124744e-06 -3.9135837562306e-05)
(-9.6384726846083e-06 -9.976492817841e-06 -5.2184390859766e-05)
(-8.862460609031e-06 -5.7271511780449e-06 -4.5763990549019e-05)
(-3.0581845529868e-06 -1.6478726033751e-06 -3.3579610199955e-05)
(-4.1506030848394e-06 9.2297178278888e-07 -3.6013205908459e-05)
(-4.6078456049481e-06 -7.5803844094718e-06 -4.5843118263735e-05)
(-6.3855025763045e-06 -7.3681447079408e-06 -4.8431129560484e-05)
(-5.1375919458848e-06 -1.107447490582e-05 -4.9381594562411e-05)
(-3.2567911427789e-06 -3.4900573934331e-06 -3.9171200116576e-05)
(-4.3943693553543e-06 -5.2635400082117e-06 -4.0411270261384e-05)
(-2.8915469679581e-05 3.1228714303129e-05 -2.9164538741605e-05)
(4.3057692990269e-06 2.8099176337969e-05 -2.8725602266806e-05)
(4.6144276739006e-06 5.9265010388819e-05 -2.7981771789743e-05)
(-1.1364123779895e-06 2.4777250568889e-05 -3.0768231207193e-05)
(-1.7361564654972e-05 5.3601283659736e-06 -2.8803151869893e-05)
(-2.3417576999853e-05 3.1942119244965e-05 -2.6115671245395e-05)
(-2.3743346777139e-05 -6.9755527532642e-05 -2.7118194349465e-05)
(7.2920519639266e-06 -8.8115095515463e-05 -2.1222285256062e-05)
(1.2371852770379e-05 -7.7065176694028e-05 -3.0367930313981e-05)
(-2.8446895458168e-05 -8.8738392377315e-05 -1.8081006699926e-05)
(-1.485478540138e-05 -9.9154441943748e-05 -1.1076613962528e-05)
(-1.8259095262405e-05 -9.2921892014774e-05 -2.4631879178466e-05)
(-2.0003190705185e-05 -7.5267163319112e-05 -2.2281975656759e-05)
(7.6305401356866e-06 -7.3439602056337e-05 -3.5093789022399e-05)
(3.3005770650745e-05 -6.4874231893634e-05 -3.33193262989e-05)
(7.9097287861394e-06 -4.8130476300451e-05 -3.4049436434128e-05)
(1.2268236219466e-05 -8.0231576638174e-05 -3.8707247299629e-05)
(-9.8131172389887e-06 -8.9678212798718e-05 -3.1100904000544e-05)
(-1.5947894524212e-05 -8.4356408310724e-05 -3.6216363572698e-05)
(-1.2797073047825e-05 -2.3250138640501e-05 -3.3258960496551e-05)
(1.3404231851889e-05 -2.104609767663e-05 -3.2811694344749e-05)
(6.9840465482927e-06 -1.6447808703794e-05 -3.4345423348598e-05)
(-2.1363428101721e-05 3.4763165579843e-06 -3.3934387521675e-05)
(3.6071901762062e-05 7.7636742316256e-05 -2.6015429419665e-05)
(5.2006951982612e-05 7.5372390898696e-05 -2.723083186436e-05)
(-1.5283288419526e-05 8.2315578641089e-05 -2.5330682465608e-05)
(1.9347115501727e-05 8.0977103072373e-05 -2.9060022637959e-05)
(3.273620394268e-05 9.2599223084178e-05 -1.9558819947736e-05)
(2.993657337077e-05 0.00010065302142245 -2.1625358137431e-05)
(3.3085770345979e-05 7.4741066165357e-05 -2.2144786180343e-05)
(3.0734069555543e-05 6.874792203234e-05 -1.8483377646068e-05)
(3.0196747130098e-05 2.2228040484559e-05 -3.367868154104e-05)
(5.1908113476805e-05 2.2725318879193e-05 -3.3757234556738e-05)
(4.8095463165355e-05 2.2554953210472e-05 -3.5833580296284e-05)
(3.2748494565624e-05 5.1990467165156e-05 -3.3655869448308e-05)
(2.7674066017521e-05 6.1651673761951e-05 -3.6969438715183e-05)
(2.6838978237685e-05 3.37648486373e-05 -3.5250292877624e-05)
(2.7468806503395e-05 2.7840440516006e-05 -3.149509244205e-05)
(2.5402894592495e-05 -0.00010826023645097 -2.3542031856643e-05)
(3.5231832353592e-06 -0.00011277304147148 -1.2698218506615e-05)
(2.6691907584958e-05 -9.322680520431e-05 -2.886343689367e-05)
(5.8447332510464e-05 -7.9203361442959e-05 -2.9072130587542e-05)
(3.2706850711772e-05 -8.5233084432166e-05 -3.515889884948e-05)
(2.3779249267666e-05 -0.00010406874708013 -7.4876214560963e-06)
(2.4987226681291e-05 -0.00010840740117956 -3.0436226004865e-05)
(3.1050997339145e-05 -0.00010034393743579 -1.5790172956697e-05)
(2.6041051307269e-05 -1.8604817128567e-05 -3.6021906888065e-05)
(4.7961488138842e-05 -2.0701465878728e-05 -3.8671260729314e-05)
(5.1556700521908e-05 6.402281874611e-06 -3.7820752778551e-05)
(3.5748572267084e-05 -2.3254875407995e-05 -3.9181706360334e-05)
(2.895417720264e-05 1.0305675537038e-05 -3.5100012066673e-05)
(3.1933318666685e-05 -4.4514872954751e-05 -3.6550612273379e-05)
(1.2947910144902e-05 -1.5591610080881e-05 -3.5476272937674e-05)
(5.8074669904127e-06 -4.3156231557946e-06 -4.2105407252237e-05)
(1.039157083991e-05 -5.1440633569042e-06 -4.8730854545558e-05)
(3.5724892939108e-06 -4.6709517205849e-06 -4.0348257536752e-05)
(3.1311636271146e-06 -2.0102932626949e-06 -3.4593952335452e-05)
(2.9717976079506e-06 -9.2559000779013e-06 -4.7377700491798e-05)
(4.2842238109897e-06 -5.7359046259435e-06 -4.0991891390715e-05)
(5.0064154639345e-06 2.7891508102831e-07 -3.7699158969275e-05)
(7.0920641523738e-06 -2.8389697169026e-06 -4.1481770360505e-05)
(7.5351009785927e-06 -7.0719600896998e-06 -4.8395516922211e-05)
(1.2387549956727e-05 -1.454913520663e-05 -5.2475965223719e-05)
(5.1974347256912e-06 -3.6954217939575e-06 -4.2231467751626e-05)
(4.8123890449178e-06 -3.86168322113e-06 -4.4004703000833e-05)
(1.0293770812146e-05 -6.8545696642691e-06 -4.7926374869338e-05)
(9.9601403573311e-06 -6.4350137411689e-06 -4.6103059427455e-05)
(9.579841216618e-05 5.0216797642184e-05 -1.6825342480986e-05)
(9.5314743186856e-05 6.6204592599762e-05 -1.8859906845823e-05)
(6.5110839292093e-05 8.8221952063186e-05 -1.6836644555463e-05)
(7.2077460463417e-05 9.2658739669268e-05 -1.6513901558843e-05)
(7.7257138694116e-05 6.5903377225494e-05 -2.2653981889407e-05)
(6.6650958556535e-05 2.1498006854619e-05 -3.9765642352799e-05)
(9.7985952364312e-05 2.148382695689e-05 -3.3599196402394e-05)
(8.9678343363333e-05 2.523032936825e-05 -3.9577424782621e-05)
(7.1350672764964e-05 2.4139750062832e-05 -3.6342795117601e-05)
(6.1082819737045e-05 -9.9055305314881e-05 -1.18023858718e-05)
(7.3749385286063e-05 -8.4905126640405e-05 -2.0592410083825e-05)
(7.2389122275706e-05 -8.4926216785042e-05 -3.0599962443144e-05)
(7.6426067216804e-05 -6.1884995899189e-05 -3.771283206003e-05)
(9.7955022047545e-05 -6.5456966493984e-05 -2.9932764603664e-05)
(4.8113629358244e-05 -6.3484022820401e-05 -3.9805700190196e-05)
(7.1232669019712e-05 -4.4440374707885e-05 -3.8149284260088e-05)
(7.1247273769426e-05 -6.8552498125031e-05 -3.9795558282753e-05)
(6.3541646705939e-05 -1.3486635784348e-05 -4.5200402936596e-05)
(8.6850960883908e-05 -1.9846584304554e-05 -4.4214793030052e-05)
(7.7614552750139e-05 -1.3255821585635e-05 -4.8692630319446e-05)
(5.1855681412456e-05 4.554511732765e-06 -4.457013146425e-05)
(6.3834865783909e-05 -1.4025298136691e-05 -4.2518390752011e-05)
(0.00010065927891865 -2.2483462513529e-05 -4.6650015610645e-05)
(7.7691736122997e-05 -3.9111874531488e-05 -4.8158008707488e-05)
(0.00010284254148685 -4.1549954964097e-05 -4.3600476987703e-05)
(0.00010682352511378 -3.5277627162377e-05 -4.0677430132638e-05)
(9.0769188293475e-05 -1.7724306896334e-05 -5.0523767525648e-05)
(8.2607274687482e-05 1.5293843892734e-06 -5.1793035334647e-05)
(-1.1448941077502e-05 2.2248790827915e-05 -3.4860328269426e-05)
(5.4803600497812e-06 1.705544813335e-05 -3.3844508639257e-05)
(3.9353270981319e-06 3.8512972499767e-05 -3.614110470245e-05)
(-6.0044294760995e-08 1.8374934278358e-05 -3.4367673283576e-05)
(-3.9108924834784e-05 -2.9704061976847e-07 -3.658798100923e-05)
(-2.0044343019556e-05 3.2061987124057e-05 -3.5069649689675e-05)
(-5.8316448742539e-05 2.2542254360388e-05 -3.9218703402328e-05)
(-8.5151002803761e-05 -4.5589461726103e-06 -3.9004748093974e-05)
(-8.8969037169931e-05 1.9306588133582e-05 -3.3233459321954e-05)
(-6.1110865771589e-05 1.0164273337005e-06 -4.138169096785e-05)
(-7.387588091344e-06 1.1071567804993e-05 -4.4860955985493e-05)
(-3.5487868170734e-06 7.7475933580843e-06 -3.9636546237963e-05)
(-2.355617382685e-06 1.3385006529314e-05 -4.5745645743598e-05)
(-1.8173480283049e-06 3.1675258768697e-06 -3.398421327951e-05)
(-3.723979868657e-06 1.0651578963529e-05 -4.1759676814641e-05)
(-1.4170305938076e-05 1.2892939016147e-05 -5.0470092168923e-05)
(-1.3885031315602e-05 6.3824827182579e-06 -4.7492019544096e-05)
(-2.0184979636396e-05 1.6700352208335e-05 -5.2934229506738e-05)
(-6.9108746081305e-06 4.759623235296e-06 -3.9531817406062e-05)
(-7.9415706384076e-06 6.2404863473908e-06 -4.0577527567342e-05)
(-1.0858727693144e-05 1.3362174458268e-05 -4.7543229721679e-05)
(-1.5236448735403e-06 2.2113801121078e-06 -3.4197444207882e-05)
(-3.9341706401413e-07 2.4827705080556e-06 -3.345576238819e-05)
(7.5863007830225e-07 2.9676554907445e-06 -3.5572593115363e-05)
(-3.233058544313e-07 1.0904964782634e-06 -2.7752320844033e-05)
(-4.0348303576152e-07 3.3856794713694e-06 -3.6511429848899e-05)
(-3.8151067853974e-06 4.5734833903442e-06 -4.5134840066499e-05)
(-6.7059974682479e-06 3.5682443325616e-06 -4.8959485952587e-05)
(-3.0831959457176e-06 2.3579131159844e-06 -4.080707012152e-05)
(-4.1568705630227e-06 8.5073927741403e-06 -5.1188986832616e-05)
(-2.5540697673348e-06 4.0339803920943e-06 -4.080138871571e-05)
(-1.4268236838473e-06 1.0712359513039e-06 -2.9977486888909e-05)
(-1.4437722210642e-06 2.9996602754818e-07 -2.932613486433e-05)
(-1.2668646681058e-06 8.4851321024382e-07 -2.9115437322514e-05)
(-1.5437829552738e-06 1.7446544831314e-06 -3.3592385785736e-05)
(-1.3291149951587e-06 2.0163202304924e-06 -3.5324814978845e-05)
(-2.7320865648548e-06 6.2702303526006e-06 -4.4555554232941e-05)
(9.7101138575799e-06 6.1680332889027e-05 -3.9434332233938e-05)
(1.8604658260648e-05 8.5098741748273e-05 -3.8040928808932e-05)
(5.0258899191762e-05 8.8682114402816e-05 -3.2828300028208e-05)
(2.8904071283188e-05 8.9295183128897e-05 -3.8712502600675e-05)
(2.0488742804161e-05 2.0494900379716e-05 -3.6808627936668e-05)
(5.359800807732e-06 5.020616180592e-06 -3.3496816148859e-05)
(2.3326825105103e-05 1.5575976473814e-06 -3.5835455964021e-05)
(1.5800838650848e-05 1.0922914156218e-05 -3.5756021748893e-05)
(1.5639125432577e-05 2.0027678382547e-05 -3.5204263820379e-05)
(6.5535634508793e-05 5.7029419233217e-05 -4.4181563716734e-05)
(0.00010348521739634 5.7377761306193e-05 -3.536553083988e-05)
(8.0183138875962e-05 1.292608452315e-05 -4.8210494332073e-05)
(8.2342590493691e-05 3.7658736071313e-05 -4.683633968349e-05)
(6.6383106198933e-05 1.8088081541513e-05 -5.102990790091e-05)
(3.5607658755827e-05 1.677087156205e-05 -4.3107910810937e-05)
(2.9147206401691e-05 2.353825987034e-06 -3.9204767527746e-05)
(5.3353801538794e-05 3.6551886862821e-05 -4.732303004987e-05)
(5.0167157776675e-05 3.3504241761638e-05 -4.9882692094706e-05)
(4.7699722178991e-05 3.8550627465112e-06 -4.6475008797681e-05)
(4.0326385862312e-05 1.4601323747908e-05 -4.7441369545742e-05)
(-0.00010386231936477 -2.6128900443535e-05 -3.4968920933161e-05)
(-7.9266740129352e-05 -3.2841043076659e-05 -3.8080690344573e-05)
(-0.00012350519984122 -1.2455790694121e-05 -2.344610426915e-05)
(-0.00011074153407671 -6.0923043908198e-07 -3.2765614287622e-05)
(-9.9277070679452e-05 3.5673421680316e-06 -4.0852318430142e-05)
(-0.0001110196245916 -2.5903805341493e-05 -3.5280001454026e-05)
(8.1312160435309e-06 -0.00010578320831357 -3.7236800421769e-05)
(-3.3080283878637e-05 -0.00012110772997959 -1.898613950633e-05)
(-3.4375643130962e-05 -0.00010318878775113 -2.8833500080053e-05)
(-1.2541604264324e-05 -8.4918375185104e-05 -4.1346008751889e-05)
(-1.1133575284906e-05 -0.00012254006574233 -2.3744358644827e-05)
(-1.870744542537e-05 -0.00011609201334357 -1.6621387875338e-05)
(-1.5965942665437e-05 -0.00010769315157946 -3.7879962461479e-05)
(-1.2396277636782e-05 -0.00010722145333547 -2.7711626332216e-05)
(-9.0271085244651e-06 -1.0662531519513e-05 -3.4855830016382e-05)
(-5.1586666084963e-06 2.5610601677254e-06 -3.3466042535408e-05)
(-1.0339167885025e-05 -1.0720450321232e-05 -3.488254205607e-05)
(1.7275764126079e-05 -6.9899141711794e-05 -4.2641651725807e-05)
(4.3518215329957e-05 -5.1180943684425e-05 -4.2896189322122e-05)
(5.0749204532513e-05 -8.157232129662e-05 -4.1133822943426e-05)
(5.2741432215294e-05 -5.3590227867808e-05 -4.5625014685027e-05)
(-1.2897481680838e-05 -6.0496545789119e-05 -4.3585534845056e-05)
(2.9356088632628e-06 -5.5658171598959e-05 -4.463681485974e-05)
(2.2381131201284e-05 -2.9551248305831e-05 -3.9280070225497e-05)
(1.3545464849645e-05 -2.2855385204228e-05 -3.7478322416003e-05)
(2.7009779982499e-05 -0.00010914681435371 -3.7022171890211e-05)
(2.2577348662357e-05 -4.6017862991038e-05 -4.3317591380257e-05)
(3.7614565793215e-06 -8.983709971073e-06 -3.3796087740242e-05)
(3.7201244355486e-06 -2.6803605568283e-05 -3.8711289118062e-05)
(1.6440220211518e-05 4.2514655536304e-06 -3.6075011248489e-05)
(9.8787122912518e-06 -6.9521903159518e-07 -3.442497818873e-05)
(1.671881127952e-05 -2.4490708861517e-05 -3.9563120875088e-05)
(1.9550570212112e-05 -1.0255598070207e-05 -3.6451847767253e-05)
(7.3826507626136e-05 -5.3502157606466e-05 -4.8461962519008e-05)
(2.8998474514239e-05 -4.7389386201479e-05 -4.6487183067219e-05)
(3.6446466088788e-05 -5.4112453823933e-06 -4.7962122797528e-05)
(5.7474834132272e-05 -1.3674500485907e-05 -5.3535040737707e-05)
(5.1865633912522e-05 -9.343831639072e-06 -5.5106771152066e-05)
(3.7039330512947e-05 5.7887861793484e-06 -4.7924581924704e-05)
(3.6306377135311e-05 2.8212375707281e-06 -5.0185247328639e-05)
(3.4873892627892e-05 -9.8800401630952e-06 -4.9861438745724e-05)
(-5.7201310352013e-05 -1.7534365508377e-05 -4.942069428167e-05)
(-3.6476517095873e-05 2.3487372523114e-06 -4.2938192797253e-05)
(-2.1393162168092e-05 -1.5445181469898e-06 -3.7250555661985e-05)
(-6.4238275834066e-05 1.9614778960476e-05 -4.6558233251614e-05)
(-3.9407103056717e-05 -2.7545287592167e-06 -4.56729172954e-05)
(-4.5610546400253e-05 7.4396782237551e-07 -4.2815957326169e-05)
(-5.0705588926106e-05 -2.2716659644599e-05 -4.4731150333091e-05)
(-5.0519822734804e-05 -2.0377642890482e-05 -4.1934032935746e-05)
(-5.4973346776662e-05 -5.2427932498404e-05 -4.9337044729747e-05)
(-7.4824855552093e-05 -7.9478248144808e-05 -4.2518316736075e-05)
(-4.6887197638694e-05 -6.5854475766149e-05 -4.6681205697464e-05)
(-2.6264636695196e-05 -9.2721420827204e-06 -4.2571731614014e-05)
(-5.0662085716307e-05 -2.0905818778577e-05 -5.1308327050584e-05)
(-2.8153989140938e-05 4.4235141443724e-06 -4.3817295258211e-05)
(-1.49613863665e-05 1.0069237083076e-06 -3.7129328195679e-05)
(-1.9345390496356e-05 1.2768221895066e-06 -4.0758790922313e-05)
(-2.8164415288545e-05 -2.2606613142786e-05 -4.6071909951646e-05)
(-2.7715989305319e-05 -1.1439728235949e-05 -4.5702599999467e-05)
(-2.0880257186038e-06 -2.0625607479157e-06 -3.6279607422451e-05)
(9.664375861762e-07 -1.4964550278541e-06 -3.2650984670425e-05)
(-5.155195435277e-06 -3.152833420081e-06 -4.520439703067e-05)
(-6.0307967439655e-06 -6.0323950958527e-06 -4.9496854349687e-05)
(-3.0566292424626e-06 -1.6446193055859e-06 -3.8801474316407e-05)
(-6.0847583364405e-06 -3.5935525796798e-06 -4.5664512361554e-05)
(-2.2763070759385e-06 -3.8837626340821e-06 -4.2322334630284e-05)
(-2.5591396693151e-06 -5.8040713680464e-06 -4.7862937745227e-05)
(-1.2571763434813e-06 -1.4277532589607e-06 -3.3167633859218e-05)
(-2.4711890333018e-06 -2.3146615691241e-06 -3.7077988451853e-05)
(-5.0340173456958e-06 1.463045265142e-05 -3.6059957445196e-05)
(4.8074927868446e-06 9.6501694643254e-06 -3.4452817766791e-05)
(3.7876739443989e-06 2.4886120043392e-05 -3.8348551099075e-05)
(6.1404651025499e-07 6.1079688536219e-06 -3.3657855238644e-05)
(-8.189730305344e-06 2.1664896364359e-06 -3.3890362391338e-05)
(-1.14232387579e-05 1.3379368362962e-05 -3.608946995554e-05)
(-8.623874565428e-06 -3.4880175514894e-05 -4.2375128324163e-05)
(5.992887248023e-06 -4.2174066338031e-05 -4.4179716267443e-05)
(1.0810309729919e-05 -6.770674392732e-05 -4.7659119326024e-05)
(5.9913695590903e-06 -4.6673035119662e-05 -4.776690213937e-05)
(-1.088398926519e-05 -6.1830651319842e-05 -4.7962603822452e-05)
(-1.3145318509407e-05 -9.6911270659006e-05 -4.6210451444395e-05)
(-1.2680230349431e-05 -5.3501214426974e-05 -4.9895000622995e-05)
(-1.686711641886e-05 -5.0405590640596e-05 -4.4289427903693e-05)
(4.6398151234061e-07 -3.5380161524675e-05 -4.6282841353931e-05)
(1.5558098949788e-05 -3.356035790083e-05 -4.7102762113017e-05)
(4.0864109024786e-06 -2.4769843505909e-05 -4.3497192019806e-05)
(-1.5707224244944e-05 -2.9202114587212e-05 -4.4887692616606e-05)
(-2.2771375636835e-05 -4.5226288309909e-05 -5.1604843142302e-05)
(-6.7898993778495e-06 -3.0247702153479e-05 -4.590705787758e-05)
(-5.9846196607654e-06 -1.5061884796278e-05 -3.8007558752175e-05)
(-2.0070577790939e-06 -6.9365570434752e-06 -3.2912014788022e-05)
(8.0356871389323e-06 -6.8977157376532e-06 -3.4993890222613e-05)
(1.9442008978299e-06 1.7448558536592e-06 -3.2997015464676e-05)
(3.8502427621919e-06 -6.8702599740902e-06 -3.444902701782e-05)
(-6.7508563166803e-06 2.4364970868647e-06 -3.3822930721016e-05)
(-4.2867259799244e-06 -5.920028215544e-06 -3.3057088306327e-05)
(2.5222989755996e-05 4.6915082413459e-05 -4.7451661799306e-05)
(4.0868919576118e-05 4.8091066920692e-05 -4.7516909859998e-05)
(4.4979362437223e-05 7.6185052888096e-05 -4.6931691354767e-05)
(9.9317535999599e-06 4.2885678504643e-05 -4.4760016063116e-05)
(-4.7823310808851e-06 4.7312840983221e-05 -4.7166265567734e-05)
(1.5417548444753e-05 4.3652286540429e-05 -4.8086807393514e-05)
(2.3267317007686e-05 7.124478177253e-05 -4.8517260802865e-05)
(2.6971003174402e-05 7.8838698044284e-05 -5.0709895817227e-05)
(1.8912269764056e-05 2.7461238814235e-05 -4.1176020635283e-05)
(2.5429730350599e-05 5.1076364826308e-05 -4.5285139991239e-05)
(1.3447791119717e-05 1.0555361235398e-05 -3.8471708105227e-05)
(2.7519175047445e-05 1.1948023355385e-05 -4.4581473020647e-05)
(1.8045472342359e-06 1.3067169240602e-05 -3.7142405349961e-05)
(1.2707617253867e-05 2.5448289693979e-05 -4.5527242062755e-05)
(9.8503030134991e-06 5.2629059660962e-06 -3.7482651713857e-05)
(1.6402973477741e-05 -7.9858133911101e-05 -5.2583782399319e-05)
(3.2775493243668e-05 -5.7052656555684e-05 -5.2354817498135e-05)
(1.6717850306272e-05 -5.8047416695392e-05 -5.2083030338599e-05)
(1.3721759550261e-05 -4.7890003277839e-05 -5.2510152316712e-05)
(2.4751836439953e-05 -9.7997867226425e-05 -4.8240056143776e-05)
(1.1027199129114e-05 -7.4986442073555e-05 -5.3792347470508e-05)
(1.2300435241768e-05 -2.9003455466957e-05 -4.8356749748254e-05)
(3.5952496925728e-06 -4.0755150012715e-05 -5.2263190805686e-05)
(2.6497137889296e-05 -3.6167618674545e-05 -5.1329057782444e-05)
(5.4178713176827e-07 -7.5922161822111e-06 -3.4261030745803e-05)
(1.1415964909146e-06 2.8163611033586e-06 -3.3754151137664e-05)
(2.9139415813853e-06 -3.6492517708389e-06 -3.3832297998762e-05)
(8.7513716126918e-06 -2.0851005236701e-07 -3.6669796287716e-05)
(2.1406331312016e-05 6.026076274182e-07 -4.4129362822734e-05)
(1.2930359885899e-05 -6.8500119564674e-06 -3.8524705494386e-05)
(1.0687608607417e-06 -8.457117171011e-06 -3.6303956376127e-05)
(8.9628714518961e-06 5.1115166927645e-06 -3.9833284266313e-05)
(1.6532316883997e-05 3.1343893529456e-06 -4.5606875226093e-05)
(1.5972050865235e-05 -3.5685677327913e-06 -4.6179534478744e-05)
(5.8601030033305e-06 -1.0028841391908e-05 -4.0880453711083e-05)
(7.9106123548281e-06 -6.3720894105291e-06 -4.076023382391e-05)
(1.6007827811518e-06 -1.0954911967394e-06 -3.4195194073405e-05)
(2.8339782770048e-06 -1.6810646444823e-06 -4.1651346945381e-05)
(4.645779081198e-06 -2.289343319733e-06 -4.7308514204502e-05)
(3.0790736189807e-06 -3.4227161612734e-06 -4.621954856993e-05)
(2.9510113702629e-06 -1.4304153551948e-06 -4.0218358137881e-05)
(-1.2457783878854e-07 -1.0946257398735e-06 -2.8958255425538e-05)
(4.5529547671261e-07 -6.4670384006439e-07 -2.6306019690485e-05)
(1.0755222947347e-06 -5.0955133462626e-07 -2.9225962194861e-05)
(1.3692997499666e-06 1.1488953057276e-07 -3.0492083959566e-05)
(1.5663421101236e-06 -2.2740028073753e-07 -3.1584281186705e-05)
(2.2248350535883e-06 -2.6177310187082e-06 -4.1650444322818e-05)
(1.6447784748041e-06 -9.7925037124482e-07 -3.6314623624294e-05)
(5.0388421283527e-05 4.9534145807272e-05 -5.2933812836745e-05)
(7.0319346170935e-05 4.3936193133899e-05 -5.1833900713022e-05)
(5.5115240602337e-05 8.1307482562246e-05 -4.833196560384e-05)
(5.82462834567e-05 7.8407351748993e-05 -4.9262453797397e-05)
(3.7628772745539e-05 3.3262364530909e-05 -5.411308777604e-05)
(3.462909207347e-05 1.1553883746771e-05 -5.2040592888021e-05)
(6.1086655736276e-05 7.9358115279588e-06 -5.577674260146e-05)
(5.6852750098952e-05 2.7374946781379e-05 -5.629686578148e-05)
(4.8660169467066e-05 1.1397728507406e-05 -5.6864438978503e-05)
(2.8424694096933e-05 6.8140341301127e-06 -5.1895243067903e-05)
(3.871905132482e-05 -5.1639017543166e-06 -5.797497758905e-05)
(2.9039203915313e-05 -6.5444425943208e-06 -5.5902684812957e-05)
(3.69071568269e-05 1.6836452872559e-06 -5.7332816230009e-05)
(4.1861973700997e-05 -1.61444245753e-05 -5.6049769858771e-05)
(3.48631471005e-05 -6.3728297849961e-06 -5.7555302726467e-05)
(-4.642279673252e-06 8.5170194684519e-06 -3.7125770213866e-05)
(2.1170961230521e-06 6.6369757973035e-06 -3.6713861390794e-05)
(-6.5431138327605e-06 -4.5534919146535e-07 -3.3795779737566e-05)
(-3.2124531395269e-06 2.0850559327553e-06 -3.3423568622749e-05)
(-2.1147798106069e-05 8.9190403111483e-06 -4.5307949170732e-05)
(-3.7207369801723e-05 1.2979099556414e-05 -5.0794901653999e-05)
(1.7673432589844e-05 3.5913931978815e-05 -5.2719895782588e-05)
(2.6427684275981e-06 3.2770130636701e-05 -5.0256053010393e-05)
(1.2771246051167e-05 6.4258462813745e-05 -5.5851713729891e-05)
(1.7342458765465e-05 4.3652580270825e-05 -5.6482781695098e-05)
(3.4095259545188e-05 2.7227090069856e-05 -5.6845268753312e-05)
(5.744545812144e-05 3.1537496656556e-05 -5.5267433582199e-05)
(2.0274310448456e-05 1.4317118980496e-05 -5.0465263114867e-05)
(4.6137497264371e-05 3.7170881739524e-05 -5.7195700741929e-05)
(1.8434487983682e-05 5.2243866851989e-06 -4.8895826200101e-05)
(2.6586610114048e-05 6.593477756499e-06 -5.4627772479462e-05)
(2.922448962087e-05 1.3381027565631e-05 -5.6118744754304e-05)
(2.3875930990157e-05 5.8429302069333e-06 -5.4474359109149e-05)
(1.0323542556576e-05 2.9330254155827e-06 -4.1592385451238e-05)
(8.9745379773359e-07 7.092779010663e-07 -3.1468663515836e-05)
(1.4871370056572e-06 8.1291240321142e-07 -3.6087912477783e-05)
(2.7779577650386e-06 1.1700807532411e-06 -4.2422917233398e-05)
(1.28206669654e-06 3.5657927679482e-07 -3.3417778612106e-05)
(2.1345064116834e-06 1.1995731857021e-06 -3.9731162946464e-05)
(6.2200061973314e-07 9.1756450912326e-07 -3.0790787107724e-05)
(2.1259897948248e-07 9.0945537261989e-07 -2.9507779380656e-05)
(3.4736717519108e-07 5.1393399320055e-07 -2.5868275192839e-05)
(1.660324398709e-06 2.4931036728561e-06 -4.205940183231e-05)
(1.4977622416592e-06 1.5666949330694e-06 -3.8143646567549e-05)
(7.1396227363031e-07 2.9767230548013e-07 -2.7182838255442e-05)
(7.3712757258438e-07 2.074045634738e-08 -2.6530500376907e-05)
(6.7440571276557e-07 2.755068836993e-07 -2.7245049844901e-05)
(7.2262294687527e-07 6.4408719986847e-07 -3.0273465931878e-05)
(6.0705882447127e-07 5.8761550926257e-07 -2.9576334674837e-05)
(1.0392998047761e-06 8.9236132273849e-07 -3.2448223236849e-05)
(1.5587540877014e-06 1.4257165326211e-06 -3.686937916199e-05)
(9.6029952174007e-06 -1.856463758934e-05 -4.6794636684499e-05)
(2.8427558910862e-06 -1.8124962218447e-05 -4.4501918111663e-05)
(-4.1476709127283e-06 -1.6541657035072e-05 -4.3389493070926e-05)
(1.9057494189815e-06 -1.9050380479715e-05 -4.7382095358235e-05)
(7.1853026673834e-06 -3.1167140983088e-05 -5.258201410433e-05)
(1.6854660888272e-05 -3.1529822828514e-05 -5.4311268288675e-05)
(1.4080144763088e-05 -4.8819303476834e-05 -5.6594570723911e-05)
(9.5284542592115e-06 -2.9383243026249e-05 -5.4830135258612e-05)
(8.1660396943517e-06 -1.8329324719488e-05 -4.8036395215594e-05)
(1.5794771022352e-05 -1.936423815904e-05 -5.1514830972047e-05)
(3.1878679548489e-05 -6.0009508020282e-05 -5.4927665271509e-05)
(5.3698548829628e-05 -4.1957929954132e-05 -5.4808993673691e-05)
(3.6767138987132e-05 -4.3576913573715e-05 -5.64873473958e-05)
(2.0059973066566e-05 -1.3783074799059e-05 -5.2445700686575e-05)
(3.1650829659909e-05 -2.1716153525846e-05 -5.5767366021775e-05)
(1.7387917606065e-05 -1.0932871748072e-05 -5.2382008727191e-05)
(2.3284646516618e-05 -2.9048081064517e-05 -5.6926986109424e-05)
(1.8476650060855e-05 -2.0206634880263e-05 -5.5431297937041e-05)
(1.3219721300258e-05 -5.0773578913265e-06 -4.7833562643084e-05)
(2.3011362510392e-05 -6.3310111980522e-06 -5.5033880515434e-05)
(2.1850753239117e-05 1.1527998314194e-06 -5.442746251737e-05)
(1.0410533456018e-05 -4.6402054588034e-06 -4.3105680994449e-05)
(1.4072903035159e-05 1.34466453053e-07 -4.7835403741037e-05)
(1.3203509130188e-05 9.7282510835884e-07 -4.8409431629216e-05)
(1.1619217928089e-05 -3.1684970949813e-06 -4.7051275357055e-05)
(1.7089387547726e-05 -5.5500113799393e-06 -5.0060958556574e-05)
(1.6755595702288e-05 -3.8605077938673e-06 -5.2955544776235e-05)
(2.1287657098225e-05 3.3736727431445e-06 -5.5017050612084e-05)
(2.1155228121136e-05 9.8255512162715e-07 -5.5827001773427e-05)
(2.7706999512988e-05 -1.0481845301719e-05 -5.4528223426173e-05)
(2.8362124358146e-05 -9.0400047827399e-06 -5.5971657969999e-05)
(-1.6311537397728e-05 -5.8562398249949e-06 -4.3617127714034e-05)
(-2.7131717107447e-05 -6.0369376330097e-06 -5.1066484606988e-05)
(-3.1200186419564e-05 -1.5791522627592e-05 -5.4603565057033e-05)
(-3.3128950852798e-05 -8.9758114112815e-06 -5.2309701435823e-05)
(-1.889024062194e-05 7.1714011713615e-08 -4.5142260330237e-05)
(-6.5027545722277e-06 2.4024543322545e-06 -3.6595219806128e-05)
(-1.6888628218266e-05 -1.2521684509032e-05 -4.7258246726504e-05)
(-1.7520064837585e-05 -6.8076368352001e-06 -4.7142569338568e-05)
(-6.7612210549908e-06 -4.8968015929584e-06 -3.8037629810291e-05)
(-2.0675662046618e-05 -6.1147962517056e-06 -4.5096027260872e-05)
(3.3918281565976e-06 3.0484791117704e-06 -3.4699961524967e-05)
(5.0602731398105e-06 1.7173640854187e-07 -3.5202284665164e-05)
(3.8570690436697e-06 3.1196582024105e-06 -3.5685647331867e-05)
(8.4186839603629e-06 2.864489671656e-06 -4.2115266784925e-05)
(4.5575462864e-06 7.6571856121927e-06 -4.2011781832412e-05)
(3.0298520664433e-05 2.8056351838485e-05 -5.4782969725174e-05)
(2.251278811102e-05 2.9773267679206e-05 -5.5816567744908e-05)
(2.0837537888778e-05 2.7361812152722e-05 -5.5261846476375e-05)
(1.1092782013564e-05 1.4208970804194e-06 -4.759118652824e-05)
(2.106051143859e-05 1.0299494711806e-05 -5.5771927968555e-05)
(1.7362516839609e-05 5.054721030993e-06 -5.4846183316108e-05)
(6.1475529804889e-06 1.2090420387042e-07 -3.8206524849703e-05)
(1.2317256922536e-05 6.7372626463342e-06 -5.0216202589181e-05)
(1.3587148380225e-05 8.8999108756428e-06 -5.3220241674577e-05)
(9.5655733807346e-06 3.7584549909136e-06 -4.8104812783452e-05)
(-2.8167972780019e-06 2.4350673169116e-06 -3.5038710082264e-05)
(3.2950735090167e-06 3.95649271407e-06 -3.5717105464874e-05)
(1.5988836035755e-06 9.0788098804831e-06 -3.9381641234939e-05)
(-1.7912117636969e-06 -2.4845845362546e-06 -3.2619569032666e-05)
(7.4374900151382e-07 -1.7272595197671e-06 -3.0872217556258e-05)
(-1.9830334802858e-06 4.6459648790724e-07 -3.115305721042e-05)
(-5.2954429684797e-06 5.8812756648507e-07 -3.5976154217305e-05)
(-1.8177826596481e-06 2.008774405449e-07 -3.0583207138724e-05)
(-1.7606753688945e-06 -1.2863233823036e-06 -3.0619890473678e-05)
(-1.4463155838591e-06 -4.1083467951015e-06 -3.5001933744577e-05)
(-9.7940148057792e-06 -2.6523936687371e-06 -4.3001315403833e-05)
(-1.2194065296262e-05 -6.1520166280723e-06 -4.8014053430704e-05)
(-1.7372936614774e-05 -4.3747835083179e-06 -5.0596700868281e-05)
(-1.2677576063967e-05 1.6473497015328e-06 -4.6281805074284e-05)
(-9.1422834182661e-06 9.1782746498187e-08 -4.3186692271966e-05)
(-7.4351166838691e-06 -2.2876329500529e-06 -4.1465083504071e-05)
(-6.3438140807309e-07 -5.9946656317367e-07 -2.9027113903544e-05)
(-1.655918067174e-07 -5.8994811884525e-07 -2.5333147302732e-05)
(1.4918227639233e-07 -4.3040909131678e-07 -2.3113062640992e-05)
(-1.489844144082e-07 -1.0462109616142e-06 -3.1179433204786e-05)
(-2.6524025350164e-07 -7.509018504576e-07 -2.6934060434164e-05)
(-1.4331819775981e-06 -6.5912023793321e-07 -3.5831640028795e-05)
(-8.8451669505417e-07 -2.4344140568177e-07 -2.9263394321408e-05)
(-3.9587489524875e-07 -2.5719754573513e-07 -2.3185206014752e-05)
(-4.117225460589e-07 1.3116717135983e-08 -2.2620988170618e-05)
(-5.8802157711623e-07 -5.5047461376213e-07 -2.7294831133921e-05)
(-5.1723851913298e-07 -1.0708730298033e-06 -3.2020987293903e-05)
(-4.794743990224e-07 -1.5537763057631e-06 -3.661763143658e-05)
(-6.8536486059376e-07 -1.0686200896595e-06 -3.3838765930868e-05)
(-4.1287091064661e-07 -3.9387462923716e-07 -2.557267461318e-05)
(-5.1431677972752e-07 -7.6857125358433e-07 -2.8111297408336e-05)
(1.2165678327685e-06 -1.2327343197716e-05 -4.5949242770677e-05)
(6.9767765088087e-06 -1.5097493517648e-05 -4.932325313666e-05)
(1.9127540769168e-06 -1.1119016159958e-05 -4.6393118594008e-05)
(-4.7275995754928e-06 -1.2159460167716e-05 -4.7099605044144e-05)
(-2.3877941223296e-06 -1.0136746296252e-05 -4.531524097527e-05)
(8.0097004295503e-06 1.6257808773588e-05 -4.8773803869268e-05)
(2.3024286497881e-06 1.4842605645687e-05 -4.5987781694379e-05)
(-4.7813723214107e-06 1.910431790529e-05 -5.0143450129484e-05)
(3.384020263921e-06 1.5579088599551e-05 -4.8286284022153e-05)
(9.6869413900446e-06 2.7790787943855e-05 -5.4923750391888e-05)
(7.6260765808378e-06 2.1758615069795e-05 -5.3678102118557e-05)
(6.7037733317224e-06 -2.628827658759e-05 -5.6437687680992e-05)
(3.5629649277216e-06 -3.4563234957588e-05 -5.5435586431987e-05)
(2.4090390130591e-06 -2.9589446700252e-05 -5.6427708560817e-05)
(4.4485588518186e-06 -1.950968554971e-05 -5.2964212330182e-05)
(5.065089358291e-06 -1.7310573318758e-05 -5.2832425652704e-05)
(9.3145744410952e-06 -4.1703182829302e-05 -5.5261304408385e-05)
(3.9443708390501e-06 -2.545851934654e-05 -5.5593778107118e-05)
(1.0820233641118e-05 -2.4302315937848e-05 -5.600328685937e-05)
(5.2096984142459e-06 -1.3335959590889e-05 -5.0382668843898e-05)
(5.3933839462154e-06 -1.1843697824733e-05 -4.7177061470858e-05)
(4.2927917316379e-06 -5.8968640165077e-06 -3.988816297459e-05)
(2.8367162786684e-06 3.3072189971335e-07 -3.2092748409618e-05)
(2.2656883089738e-06 4.4527319217617e-07 -3.1694666288741e-05)
(3.8528648572293e-06 -1.8497541507719e-06 -3.4180473279572e-05)
(3.0017691293832e-06 -1.6918880039742e-06 -3.5302681294764e-05)
(9.2402352299846e-07 -1.2940986948973e-06 -3.1111784112813e-05)
(1.3124445221247e-06 -4.2035397070048e-06 -3.804528706337e-05)
(2.1742658520156e-06 5.7663930336357e-07 -3.223990692734e-05)
(3.6023723480416e-06 2.8500627722783e-06 -3.7868702141339e-05)
(1.9142325814994e-06 8.8096728786739e-07 -3.3147826954781e-05)
(1.6129957822314e-06 -1.104059173548e-06 -3.3584169613922e-05)
(4.7866765990182e-06 -1.2169743827205e-06 -4.0551276230926e-05)
(1.9814913814488e-06 -3.2028662368411e-06 -3.7725958222189e-05)
(5.1612366020259e-07 -4.2534544371631e-07 -2.920198751154e-05)
(9.1063337952085e-07 -4.8841843199777e-07 -3.4289739739255e-05)
(1.3151005978537e-06 -6.0291099588973e-07 -3.7585127403192e-05)
(9.5932215855732e-07 -8.5294816343006e-07 -3.6265830683642e-05)
(8.3469257509388e-07 -4.4693190235906e-07 -3.2401056859637e-05)
(1.8767891091681e-07 -2.9406085392728e-07 -2.2934923309512e-05)
(3.071122032326e-08 -2.7050193559905e-07 -2.0504450086447e-05)
(1.2583067533556e-07 -1.3669063204731e-07 -1.8363714120897e-05)
(3.1034652120429e-07 -1.4271877599356e-07 -2.2428400374727e-05)
(3.8749068613077e-07 3.2697580027731e-08 -2.3603323946665e-05)
(4.8021084523273e-07 -2.1300782077808e-07 -2.5694470518678e-05)
(5.9085386896531e-07 -8.3151993453883e-07 -3.3980579333948e-05)
(4.5948846781054e-07 -6.3933333737297e-07 -3.1397877738439e-05)
(3.493717363467e-07 -2.6002648419994e-07 -2.5616231536819e-05)
(3.0240282523309e-07 -3.7012927954862e-07 -2.7344385157185e-05)
(5.3042260470009e-07 -4.6197172831356e-07 -2.902363548149e-05)
(6.698415575528e-07 -5.6542465703281e-07 -3.0201075494659e-05)
(4.0152926875678e-07 -2.1770792805125e-07 -2.8284492998624e-05)
(7.4171913239479e-07 -2.7703036523193e-07 -3.3139537024566e-05)
(4.4128440759258e-07 -3.6300615336996e-07 -3.1020087358452e-05)
(5.0737523513654e-07 -3.1890611810298e-07 -3.0124811630764e-05)
(1.2222864445065e-07 -1.5446625655444e-07 -2.0041634754053e-05)
(3.1115066708391e-08 -1.404073845639e-07 -1.8228623028815e-05)
(8.3265639152054e-08 -7.4507576092218e-08 -1.6931195287228e-05)
(1.0509689581134e-07 -3.3877652070193e-07 -2.5659994458583e-05)
(1.056953583876e-07 -1.6717273211579e-07 -2.0734800412271e-05)
(1.0091865895864e-07 -2.262739571766e-07 -2.1648951219315e-05)
(1.939311550491e-07 -9.0244984058873e-08 -2.0853903778581e-05)
(2.3980014155163e-07 1.6791741445722e-08 -2.2005286448338e-05)
(1.529389376676e-07 -6.3922952460635e-08 -1.9420334545325e-05)
(2.6339151086032e-07 -1.5334542912131e-07 -2.3309380044032e-05)
(2.9301035581998e-07 -4.0894409570865e-07 -2.9860591022773e-05)
(2.0193567088188e-07 -2.7314222761434e-07 -2.6329638099917e-05)
(2.6434314627465e-07 -4.2218879855675e-07 -2.8939378967147e-05)
(2.3111561704661e-07 -1.7384042609516e-07 -2.4232461463997e-05)
(1.3050132923299e-05 1.5609182830439e-06 -5.4029716729524e-05)
(1.812002783271e-05 -7.0586312852733e-06 -5.3956866573121e-05)
(1.0073167830984e-05 -2.6032255088206e-06 -5.2540689847339e-05)
(-2.4822912660082e-06 2.8381883720623e-06 -3.4519925073878e-05)
(5.7721930407595e-07 2.01037605375e-06 -3.1628751780397e-05)
(1.4217376926052e-06 6.3539520680545e-06 -3.9597884369356e-05)
(7.6334386054381e-07 2.1693116552145e-06 -3.2406432521617e-05)
(-4.3320675965746e-06 1.1703870261104e-06 -3.515687975885e-05)
(-1.4980999083853e-06 5.6150196560409e-07 -3.0220729262787e-05)
(-1.4358443437843e-06 1.6182365620663e-06 -3.2073933354792e-05)
(-2.3146210730929e-06 3.6481106678625e-06 -3.5079375757462e-05)
(-4.0411513329638e-07 5.055571905853e-07 -2.8505335087885e-05)
(-1.5494507369734e-07 2.7665220361704e-07 -2.224429654648e-05)
(9.3861242874804e-08 3.785244121042e-07 -2.3968685010721e-05)
(-1.3352405048067e-07 5.8151517518241e-08 -1.855603759768e-05)
(-1.837033399177e-07 3.4425543363414e-07 -2.3150477555711e-05)
(-6.5930222567506e-07 3.5507433192776e-07 -3.0477869040123e-05)
(-7.6027169036342e-07 7.9980781587977e-07 -3.4737888668888e-05)
(-7.5542211186734e-07 5.1313436088798e-07 -3.3486310190262e-05)
(-4.0264716407298e-07 7.4300598709972e-07 -3.2161929308867e-05)
(-3.8310928167354e-07 1.3752153563296e-06 -3.7440290028365e-05)
(-4.295529645503e-07 9.4739316083216e-07 -3.3776954981399e-05)
(-3.2811645206602e-07 1.6912052082631e-07 -2.3450310972195e-05)
(-2.7794299768136e-07 1.9811309089547e-07 -2.3639527054464e-05)
(-3.7315593780155e-07 4.1308036703633e-07 -2.7863857017435e-05)
(-2.6177543339975e-07 3.7446308914924e-07 -2.688035198435e-05)
(-4.85408755043e-07 6.2890419263233e-07 -2.9532628259233e-05)
(-1.3534034839099e-07 2.0801884953743e-07 -2.2803976398714e-05)
(-1.1657372478202e-07 3.6352005335054e-08 -1.8905263844507e-05)
(-8.8056445262524e-08 2.2401662274487e-07 -2.1765635555816e-05)
(-2.9645056674201e-07 2.9985602201027e-07 -2.7870558251568e-05)
(-3.6155711027191e-07 1.0832780805433e-07 -2.6965560765809e-05)
(-4.1695271510272e-07 2.7315076596341e-07 -2.9142184718956e-05)
(-2.0654943442734e-07 3.9773337867745e-07 -2.854131670279e-05)
(-1.8302301500404e-07 2.9546635765248e-07 -2.6870454754181e-05)
(-2.2712630603741e-07 1.3607951651899e-07 -2.2826400017609e-05)
(-2.6124366732571e-07 2.998936970957e-07 -2.651011908463e-05)
(6.7737627598967e-06 1.1789300904044e-05 -4.9429002776264e-05)
(1.2030101541227e-05 2.2025985766874e-05 -5.5667066128207e-05)
(1.0343500423698e-05 1.2215452243321e-05 -5.2609490422115e-05)
(9.7081915658001e-07 1.2087627303277e-05 -4.8973147173945e-05)
(2.0943492550096e-06 1.0806591692968e-05 -4.577189623919e-05)
(3.3602101362896e-06 2.1418493324757e-05 -5.513389237022e-05)
(2.8700910500016e-06 7.9436102099368e-06 -4.510594402481e-05)
(2.2262026921136e-05 1.2317242827079e-05 -5.4792939533528e-05)
(1.9835215247578e-05 1.2062408094218e-05 -5.3767939294821e-05)
(8.7452264725667e-06 7.6493489138619e-06 -5.1241125163956e-05)
(8.0123692815779e-06 3.4283647752382e-06 -4.9550286740477e-05)
(1.4924519236265e-05 6.7965724941583e-06 -5.3697039041076e-05)
(9.2362575090796e-06 2.2795807498693e-06 -5.1494825650816e-05)
(4.9362792064106e-06 1.9879728752832e-06 -4.199405463733e-05)
(7.0621662468933e-06 6.5075394593828e-07 -4.7209400131305e-05)
(4.9722406798141e-06 1.5985155464497e-06 -4.4080405371031e-05)
(-1.525928418993e-06 -6.7899366126005e-06 -4.3611464725795e-05)
(3.2096996439005e-07 -6.1931738405705e-06 -4.3823075150221e-05)
(8.5952332134943e-06 -1.2273584232804e-05 -5.3322682771359e-05)
(3.4836835570578e-06 -1.8179795989362e-05 -5.4798645678367e-05)
(3.617374458344e-06 -9.9611705492717e-06 -5.1014042499716e-05)
(5.659448329948e-06 -6.9706532094127e-06 -4.920286856637e-05)
(6.7712669854922e-06 -5.5877257309029e-06 -4.9800046629698e-05)
(1.517648592918e-05 -1.1006921670215e-05 -5.3776958031249e-05)
(6.8651315319417e-06 -2.7801112909346e-06 -4.7425541777102e-05)
(7.2502006238038e-06 -3.5733371133057e-06 -4.9741709104983e-05)
(7.8955227860568e-06 -1.0664277662545e-05 -5.337916121845e-05)
(7.4641342013005e-06 -7.227680442348e-06 -5.1571525985478e-05)
(8.8336631780694e-06 -7.4946022911141e-06 -5.1780311705879e-05)
(4.5837376121435e-06 -1.2995598674778e-06 -4.4330576008362e-05)
(7.0242656211959e-06 2.0032443918453e-07 -4.9603031179251e-05)
(2.7108296711004e-06 -1.193307378724e-06 -3.7626608663662e-05)
(3.5000647259366e-06 1.0901617769334e-07 -3.9873334077527e-05)
(3.5386480729112e-06 1.7476367026222e-07 -4.1303679323188e-05)
(5.4951064141334e-06 -8.2327022778897e-07 -4.5469463259575e-05)
(5.3453935161537e-06 -1.2083211320538e-06 -4.7906911297018e-05)
(8.635862979249e-06 -3.638601076213e-06 -5.0048702557285e-05)
(6.1859476368764e-06 -1.3179439058139e-06 -4.9104479713729e-05)
(6.4846137653541e-06 1.3257324849506e-07 -4.9753509550327e-05)
(9.1148568866171e-06 -1.3436892287527e-06 -5.2411990176519e-05)
(-4.8543035392364e-06 -1.5639441671956e-06 -3.8882205501309e-05)
(-8.2178731609037e-06 -2.7698429008681e-06 -4.6614242081744e-05)
(-1.5083681636084e-05 -2.6360725720895e-06 -5.3340239269965e-05)
(-8.4589159864301e-06 2.6466136600402e-07 -4.5635194041823e-05)
(-9.8031479107601e-06 -2.6021769429986e-06 -4.9616127955553e-05)
(-1.045055721992e-05 -2.9827271978493e-06 -4.7818493999969e-05)
(-3.084560837859e-06 9.8568262140101e-07 -3.4930817906616e-05)
(-6.5361495469486e-06 1.2704750068705e-06 -4.4478895261428e-05)
(-8.2852935668797e-06 6.7914594828702e-07 -4.358099308724e-05)
(-5.1016067775809e-06 -1.572655331341e-06 -4.142561555835e-05)
(1.3720483619128e-06 1.4650640304019e-06 -3.1994161248198e-05)
(2.541718607061e-06 1.0996906004344e-06 -3.6359173563052e-05)
(2.2405228131739e-06 1.0790134041239e-06 -3.5870734136633e-05)
(4.1351414493358e-07 1.0971807444465e-06 -2.7639635001071e-05)
(4.7733330649592e-07 -2.3296958067106e-08 -2.6670193521138e-05)
(7.7986629650327e-07 1.0500894414087e-06 -2.9399736477701e-05)
(1.4984141939153e-06 3.1418233513133e-06 -3.8179219933022e-05)
(1.2459577856732e-06 1.9516282457901e-06 -3.4013142855565e-05)
(1.5819468075321e-06 1.381553507508e-07 -3.1048568802169e-05)
(9.9212974346817e-07 7.5351269794976e-07 -2.8470698037703e-05)
(1.2815970274943e-05 7.443748173005e-06 -5.2472433648946e-05)
(8.180065611388e-06 5.7928130780872e-06 -5.1241885907144e-05)
(4.933498468918e-06 6.3079138400469e-06 -4.8986947089458e-05)
(6.8689597796177e-06 1.0660720599235e-05 -5.281029519672e-05)
(6.6577097239811e-06 8.5182080636173e-06 -5.1300074203542e-05)
(3.7913592492154e-06 3.4481159107023e-06 -4.5253340001273e-05)
(9.2077965050414e-06 8.4722969662045e-06 -5.3388286341608e-05)
(3.4950839382832e-06 1.4381700599679e-06 -4.2571698567867e-05)
(5.5477525015543e-06 1.0858854725517e-06 -4.7850099206047e-05)
(5.9821233234979e-06 3.0078493390425e-06 -4.9250360618238e-05)
(4.6989265730307e-06 1.240131537699e-06 -4.6870695270041e-05)
(2.7036268355759e-06 2.2255318497723e-07 -3.8643361744599e-05)
(2.5980260927212e-06 7.681521150554e-07 -3.9281356840238e-05)
(-7.8717645134545e-07 1.4917137434746e-06 -3.0460066283343e-05)
(1.1459549561003e-06 1.8293832661307e-06 -3.311395147151e-05)
(1.5214772329669e-06 4.1945220754911e-06 -3.9641032835536e-05)
(-2.5941928670529e-06 1.3352624014828e-06 -3.484816808223e-05)
(-3.0017298988506e-06 2.0742687966021e-06 -3.6845789276553e-05)
(-9.4847228986764e-07 1.7671229099875e-06 -3.2647725819586e-05)
(-3.4949046365662e-07 -1.0221664380174e-06 -2.8276231985204e-05)
(2.4587056739412e-07 -7.7354666011645e-07 -2.6822516799152e-05)
(-1.2767184979321e-06 -8.8165727462209e-07 -3.0240643159968e-05)
(-4.8673477623757e-07 2.3803539061044e-07 -2.5521570814694e-05)
(-6.5492808936201e-07 -4.5061269407674e-07 -2.6205695628997e-05)
(-7.5446222815567e-07 -9.7765885107381e-07 -2.9703514826828e-05)
(-1.3636556047546e-07 -1.9084866281435e-07 -2.1998487447983e-05)
(-5.5270005644633e-08 -2.315707195042e-07 -2.1726492596427e-05)
(-2.6530473301699e-07 -2.2957845754017e-07 -2.582920459174e-05)
(-4.0103455124954e-07 -4.8825373776261e-07 -3.125772908221e-05)
(-2.0824276450991e-07 -1.2071788191131e-07 -2.2892758284608e-05)
(-4.2365319012006e-07 -2.4747567229236e-07 -2.8800438330129e-05)
(-1.5268242103905e-07 -9.7297352159788e-08 -2.0219339223618e-05)
(-1.9596093010327e-07 -4.0258636992564e-07 -2.7856359797541e-05)
(-2.7012139890536e-07 -7.4752051817635e-07 -3.3294384819437e-05)
(-1.1908046821702e-07 -3.6099348778578e-07 -2.6781693694722e-05)
(-1.2276195819818e-07 -1.7597217843417e-07 -2.192692174713e-05)
(-1.8597797233789e-07 -1.7700986443404e-07 -2.1631872798593e-05)
(3.4725781636164e-06 6.9708445940277e-06 -4.7119535278511e-05)
(-3.7003780762559e-10 7.6622717071289e-06 -4.7237354297412e-05)
(1.3967558360657e-06 7.0638187016679e-06 -4.5034193091865e-05)
(2.6316354086494e-06 1.3211560150932e-05 -5.3232136190611e-05)
(2.485264349524e-06 7.5663036283265e-06 -4.8279125354743e-05)
(7.6126259287066e-06 -1.2230539006732e-05 -5.2765821058169e-05)
(4.3515448535072e-06 -6.6508769611731e-06 -5.0112316119617e-05)
(8.6570413676227e-07 -1.105461165781e-05 -5.2864103713842e-05)
(1.7556311681313e-06 -6.3710077323821e-06 -4.8331773726378e-05)
(1.2911040448453e-06 -3.8547260080067e-06 -4.2925515592124e-05)
(2.9038091436123e-06 -1.3203896963449e-05 -5.192028632479e-05)
(2.866826841449e-06 -1.7211564204306e-05 -5.2805102409449e-05)
(1.9446612599349e-06 -8.0043966786956e-06 -4.9961091888911e-05)
(6.7122363018863e-07 -7.3506040949964e-07 -2.7588205150761e-05)
(2.8179364071614e-07 -1.5273674221246e-06 -3.136347601596e-05)
(7.3722480250002e-07 6.3162526438447e-08 -2.5987293030364e-05)
(1.2187038067316e-06 -1.8287040430724e-06 -3.4828255439523e-05)
(1.336603465102e-06 -8.3774452903913e-07 -3.1108804032922e-05)
(9.408158924333e-06 -6.5788977902904e-06 -5.0969374067559e-05)
(6.590215337667e-06 -5.1690381382056e-06 -4.9661533566859e-05)
(2.8842093673019e-06 -5.3892988584717e-06 -4.8679701121993e-05)
(3.1565460035532e-06 -3.6238202398359e-06 -4.5132122349037e-05)
(5.1598368750378e-06 -5.7716161362103e-06 -5.025862288617e-05)
(2.3104255897307e-06 -5.2186935298668e-07 -3.8832500043998e-05)
(3.9730869908099e-06 -1.0730526860018e-06 -4.522235068493e-05)
(2.5365258849078e-06 -5.3015507501804e-07 -4.0268155787189e-05)
(2.4152671828426e-06 -1.2651055926686e-06 -4.0210328176681e-05)
(-2.2738852043195e-06 -9.073156543979e-07 -3.7060108621936e-05)
(-3.5460747803684e-06 -2.0931488272043e-06 -4.4684438665576e-05)
(-4.3648297935575e-06 -1.3828583542004e-06 -4.4590817718817e-05)
(-2.4227192950832e-06 1.0809889094156e-07 -3.6454222509597e-05)
(-1.5937927759887e-06 -4.3842347941863e-08 -3.3083197772517e-05)
(-2.912825393931e-06 -1.9447042618769e-06 -4.0379589111939e-05)
(-1.8604504061286e-06 -1.1051118769973e-06 -3.6782448603618e-05)
(-2.3961493802566e-06 -7.3545907033586e-07 -3.5589763380522e-05)
(-2.5205300544245e-07 8.5709298584503e-07 -2.6621484618188e-05)
(4.2374676530011e-07 7.4884600561313e-07 -2.5993917444352e-05)
(2.7789552279202e-07 1.4845681519165e-06 -3.0685719037007e-05)
(1.6241555812758e-07 5.6895790613564e-07 -2.4775571251993e-05)
(-9.9724933647371e-07 6.4397632115132e-07 -2.8192208524427e-05)
(-4.1462387922003e-07 1.8826552693252e-06 -3.3786715633082e-05)
(-2.5647590890555e-07 2.3844765103116e-07 -2.4065595216483e-05)
(-5.3511548386586e-07 4.5801383054372e-07 -2.6244961549336e-05)
(-1.7402056378038e-07 1.1251054640429e-06 -2.7725521577823e-05)
(1.6432135172915e-08 7.5328110849933e-08 -1.6791346411124e-05)
(-8.5602804920366e-08 6.8186627498865e-08 -2.3385269307329e-05)
(-6.4252205651173e-08 8.4428258901631e-08 -2.6914261552324e-05)
(-7.550675511547e-08 1.8940532765729e-08 -2.2509292580628e-05)
(-1.9509934046005e-07 2.0850714732518e-07 -2.693053986115e-05)
(-8.0933332457374e-08 1.3994695445867e-07 -2.44225330225e-05)
(-4.1191520152963e-08 1.3473878164089e-07 -2.6780283041679e-05)
(-7.1122640993721e-08 1.4111552009405e-07 -2.1480914446171e-05)
(-6.33853924858e-08 4.0889744649681e-08 -1.708749319471e-05)
(-7.2002977609252e-08 3.7745880963279e-08 -1.7063759544334e-05)
(3.2186258251468e-07 -1.9132948956992e-06 -3.495576987894e-05)
(-1.4987439834084e-06 -3.5403544012784e-06 -4.3995760421326e-05)
(-1.3004791639597e-06 -3.5334736345247e-06 -4.2063606098518e-05)
(-4.5964483487244e-07 -1.2181386950234e-06 -2.977743826122e-05)
(-5.5827634885839e-07 -2.0798665526403e-06 -3.6881962206833e-05)
(-2.4563437427692e-07 -4.3665024840107e-07 -2.4142587366303e-05)
(1.6569233087876e-07 -3.2381896884101e-07 -2.2449397982702e-05)
(-8.5873448319942e-07 -1.1925333092977e-06 -3.265151126603e-05)
(-4.9017468699031e-07 1.0749564703603e-08 -2.4427869813344e-05)
(-1.542250749755e-07 2.0884986595686e-08 -2.1148941182968e-05)
(-2.4515453832292e-07 -3.901494317048e-07 -2.3270264311592e-05)
(1.7940911378274e-06 3.675370425733e-06 -4.2828774194389e-05)
(3.4596360467025e-06 6.2687588229967e-06 -4.9359805770125e-05)
(2.4520638351926e-06 3.1953193283138e-06 -4.3543127539766e-05)
(6.347914755804e-07 2.863204386832e-06 -3.8823387237434e-05)
(1.2049960314584e-06 6.5273781586757e-06 -4.8442796012434e-05)
(1.1313303442777e-06 1.6860949661855e-06 -3.3640888816954e-05)
(8.6731461029038e-07 2.4883942076305e-06 -3.8144175397396e-05)
(7.0276385414654e-07 5.1796885237573e-07 -2.6461904284006e-05)
(1.364591746571e-06 4.7027412956749e-07 -3.1492300572336e-05)
(1.468640862374e-06 1.3710754178618e-06 -3.5261709500669e-05)
(1.3697676403363e-06 5.2733364781177e-07 -3.2810440608892e-05)
(5.8468334077495e-07 1.2429841349203e-06 -3.0635795982401e-05)
(4.736700642789e-07 9.4931464630481e-07 -2.8977310704867e-05)
(6.1369166611232e-07 -4.4473826304637e-08 -2.4484785391049e-05)
(1.1352296792246e-06 -2.0925537656305e-06 -3.8119347992377e-05)
(2.2094199922172e-07 -3.1566797004838e-06 -4.2250610451933e-05)
(1.2962286225874e-06 -3.9412875836456e-06 -4.476186946005e-05)
(6.6595640817354e-07 -1.795795865131e-06 -3.6507013905101e-05)
(1.6706902099441e-06 -1.8747299266197e-06 -3.9892129160668e-05)
(6.8736282221932e-07 -9.640826322496e-07 -3.025498217183e-05)
(1.0925091691562e-06 -1.3570433978289e-07 -2.9916249383027e-05)
(1.0230172282161e-06 -4.0751715958495e-07 -3.062899200275e-05)
(1.608581052426e-07 -7.2487099619385e-07 -2.6475913453654e-05)
(3.8858185178013e-07 4.8922685688112e-08 -2.2504656870615e-05)
(2.5403142874115e-07 -5.3497535090224e-08 -2.030565207986e-05)
(4.3607036392679e-07 -2.6115694971889e-07 -2.35795089014e-05)
(5.9705335479486e-07 -4.0734741163427e-07 -2.5730609370421e-05)
(2.9183881452604e-06 2.7937036268229e-06 -4.4773731364857e-05)
(4.6835669342863e-06 3.1263155409578e-06 -4.8031915232071e-05)
(6.208105591361e-06 6.0788565906853e-06 -4.8298759137259e-05)
(5.1311064471405e-06 3.5959581819217e-06 -4.758484502139e-05)
(3.818703939427e-06 5.8160583625359e-06 -4.8251764551318e-05)
(2.9801406634053e-06 2.5847144383964e-06 -4.48634027749e-05)
(1.7451380441128e-06 3.31217822369e-07 -3.6090071757785e-05)
(3.4224637997833e-06 6.2011984946887e-07 -4.3775883885679e-05)
(4.1395676690728e-06 1.9863145350507e-06 -4.6044962071829e-05)
(2.3175019527268e-06 3.0710856173195e-07 -4.0441202587111e-05)
(9.1474511056016e-07 3.9362918328425e-07 -2.9166625145771e-05)
(-2.6414173191102e-07 -1.885589769834e-07 -1.8005552972509e-05)
(-6.7791941636721e-07 -4.2429261496734e-07 -2.1830942466293e-05)
(-2.3911209223049e-07 -6.4615699218582e-08 -1.6321595624367e-05)
(-1.9432787920196e-07 -1.6121890028346e-07 -2.1822565500052e-05)
(-9.6028772153069e-08 -1.0526117921249e-07 -1.2776988241244e-05)
(-2.4669534447902e-08 -1.0883791075954e-07 -1.2470293784153e-05)
(-1.0203504014019e-07 -2.8559713659906e-07 -1.6124832563123e-05)
(-1.2524567895065e-07 -2.1216496032894e-07 -1.2339702436036e-05)
(-2.4713112603621e-07 -3.5517671488585e-07 -1.7852329003256e-05)
(-4.8672315790427e-07 -8.8643534393208e-07 -2.2129921066412e-05)
(-1.2045891629242e-07 -2.7447142255471e-09 -1.2810483917016e-05)
(-1.7414588963225e-07 -6.8317646031624e-08 -1.2666835704471e-05)
(-3.3043108649139e-07 -2.7959989763064e-07 -1.5095360972882e-05)
(-4.1376638668841e-07 -3.9700903641683e-07 -1.3675867050204e-05)
(-8.0005527698645e-08 -6.3858713103835e-08 -1.7341757803006e-05)
(-2.3926840964317e-08 -2.7310682068935e-08 -1.9251353276469e-05)
(2.5288660499627e-06 -2.1199022060903e-06 -4.360867500554e-05)
(4.4615281972546e-06 -3.5177117546534e-06 -4.6638831060369e-05)
(3.9352555259895e-06 -2.5030186023858e-06 -4.477711972638e-05)
(1.1751672555327e-06 -1.4781136083329e-06 -3.7555437742497e-05)
(1.556494524448e-06 -2.5850898441345e-06 -4.3347057735753e-05)
(1.935658602918e-06 -1.1444486604891e-06 -3.9085186497945e-05)
(2.7242985159679e-06 -3.1050930261619e-06 -4.6035056805924e-05)
(2.9036607081551e-06 -3.340400451293e-06 -4.6712010732816e-05)
(1.8007579252585e-06 -2.0316224983332e-06 -4.1714295180758e-05)
(2.8991002817066e-06 -7.1154438995693e-07 -4.2432780225382e-05)
(9.6096738885508e-07 -8.3775892698662e-07 -3.3107553322245e-05)
(1.270529195227e-06 1.2680454692862e-08 -3.336391421043e-05)
(8.996988672282e-07 2.8107427016475e-08 -3.0560921278929e-05)
(9.3023102371225e-07 -3.0122380368384e-07 -3.1876838248617e-05)
(1.4702997082044e-06 -3.5257924582185e-07 -3.7609877953092e-05)
(1.5684227696775e-06 -7.9242993092872e-07 -3.8719371615019e-05)
(2.6016287655361e-06 -1.0775367249573e-06 -4.0889808840105e-05)
(1.9771122122844e-06 -3.9248524739676e-07 -3.9940971234099e-05)
(1.7036684831693e-06 5.0482492493915e-08 -3.89713214491e-05)
(-1.8348260525188e-07 4.0709127493113e-07 -2.3163765895576e-05)
(1.1780867921459e-07 4.2441109836103e-07 -2.3007968212589e-05)
(2.5804017512524e-07 1.0182401681518e-06 -2.9565782175714e-05)
(6.085383173817e-08 1.4113720242094e-07 -1.9461243385403e-05)
(-4.935359153214e-07 4.4005363659891e-07 -2.6055259845191e-05)
(-2.1485226063824e-07 9.5646498391174e-07 -2.9150608258182e-05)
(-2.420388229718e-07 7.5441724065448e-07 -2.7757342659168e-05)
(-1.9696022056351e-07 2.3093486528042e-07 -2.1187005031723e-05)
(8.3981673374022e-07 1.4713701226507e-06 -3.5122375167914e-05)
(1.8870293306459e-07 1.8723723214502e-06 -3.5796796786074e-05)
(8.3499362289479e-07 2.752765382368e-06 -4.127124035015e-05)
(1.8541914864731e-06 2.8808834210491e-06 -4.2860712432232e-05)
(7.8396872838396e-07 1.9762171111755e-06 -3.8521159267376e-05)
(5.3174694080141e-07 6.5702981139877e-07 -2.7297795691965e-05)
(8.6092394585288e-07 1.6507744449829e-06 -3.5364105604023e-05)
(3.0002286009621e-07 6.8916939312153e-08 -2.0980539299867e-05)
(4.8652017394163e-08 2.7052089836657e-07 -2.0411470174728e-05)
(1.4919202545318e-07 2.6236964834888e-07 -2.1133931506099e-05)
(1.5947237804794e-07 8.1118938985846e-07 -2.9728898858418e-05)
(1.4362444572261e-06 1.3728083264552e-06 -3.8561589630643e-05)
(2.6637000913634e-06 1.7587051673882e-06 -4.2965365391108e-05)
(8.5136482439459e-07 1.1280587485284e-06 -3.4367766231459e-05)
(1.7681051578814e-06 1.5495024745605e-06 -3.9867340979362e-05)
(7.9642761037256e-07 3.134442078622e-07 -3.0973515457645e-05)
(1.4093263559493e-06 3.4244610507284e-07 -3.6646206328165e-05)
(1.9999673078403e-06 1.1058481323928e-06 -4.0542491581956e-05)
(1.4060164947098e-06 4.2637469769649e-07 -3.7478588167258e-05)
(4.2841324639963e-07 2.0472753039436e-07 -2.4504266558148e-05)
(4.1821775725595e-07 -3.3614827931434e-08 -2.3117653650795e-05)
(1.0468969225663e-06 7.0080268331798e-07 -3.453667777034e-05)
(7.6295181044646e-07 1.3353769750521e-08 -2.9804552628238e-05)
(7.0870846426707e-07 2.4567037282691e-07 -3.0362864710343e-05)
(9.2483639860855e-07 3.1293811270251e-07 -3.1230266492339e-05)
(-1.0268879554642e-06 -4.3088033774889e-07 -3.0690587080842e-05)
(-2.035821359414e-06 -5.5398564353734e-07 -3.8438641313298e-05)
(-1.1901549134264e-06 -2.6241405818216e-08 -3.1854832109279e-05)
(-9.5412357725467e-07 1.5119314459254e-07 -3.0172573471872e-05)
(-1.4382818952381e-06 -1.1087355889822e-06 -3.5832568036797e-05)
(-9.2172559603248e-08 -9.3374643297681e-08 -1.9458223036577e-05)
(-3.6642285621149e-08 -8.1508675759323e-08 -1.6558658366178e-05)
(5.9219448483136e-09 -5.8291285024554e-08 -1.4189863010652e-05)
(-3.3248942432017e-08 -9.8921423941975e-08 -1.9710702390244e-05)
(-4.7201012518779e-08 -9.270592471035e-08 -1.6736986173328e-05)
(-9.2606370422979e-08 -6.4442043069796e-08 -2.2449002257854e-05)
(1.082152951956e-08 1.5231493589135e-09 -1.9960235777102e-05)
(-1.9555443889632e-07 -1.541263374165e-07 -2.450217603865e-05)
(-5.8078996274275e-08 -1.0797616369665e-07 -2.2700346759893e-05)
(-8.7536319598637e-09 -2.5480444871018e-08 -2.0567370788419e-05)
(-8.934319557197e-08 -1.7725219723436e-07 -2.2820782138616e-05)
(-3.976412155187e-08 -4.6982790175238e-08 -1.7590448450781e-05)
(7.2545529313033e-09 5.114158952395e-09 -1.5294440956798e-05)
(2.271343203243e-07 3.6331448969385e-07 -9.1361474547102e-06)
(8.0501087489061e-08 2.3682369643293e-07 -8.8650333319368e-06)
(-5.5382538235304e-08 3.555215933431e-07 -8.4905965108513e-06)
(1.9663423010963e-07 7.8160270251958e-07 -1.0893239035105e-05)
(6.2202644136244e-07 3.9190303396735e-07 -1.0819079119003e-05)
(1.3377679501687e-06 6.9631388366285e-07 -1.2871878688431e-05)
(9.2173971664349e-07 6.7836063689703e-07 -1.0355177818751e-05)
(2.517987295897e-07 -2.0074824355156e-08 -7.8253621308285e-06)
(2.1025530404251e-07 1.462909666052e-07 -8.9063442011376e-06)
(4.8686835040395e-07 7.9512165096328e-07 -1.1611856234902e-05)
(7.6432500368799e-07 1.6422568633699e-06 -1.3218874404888e-05)
(4.0417912430464e-07 9.260292699421e-07 -9.8436636937462e-06)
(4.4192738583001e-07 5.4452062169476e-07 -9.3246044590617e-06)
(4.5896535158324e-07 5.25505376817e-07 -1.2694698150628e-05)
(1.7996116938339e-07 2.2189009650002e-07 -1.1388073632282e-05)
(2.7281883306798e-07 -1.6459333573375e-06 -3.5703861257371e-05)
(1.5294061576608e-07 -1.0451729043477e-06 -3.0937133599818e-05)
(-8.27740261955e-07 -1.5381095666978e-06 -3.5617785385865e-05)
(-5.9920727387398e-07 -2.9668100377906e-06 -4.2580459893251e-05)
(-2.4573666316618e-07 -1.5653004902843e-06 -3.3980183421339e-05)
(8.0151075009835e-08 -2.1433359292025e-07 -1.9490684770362e-05)
(-1.5537193099246e-07 8.646385090365e-08 -1.9272823929131e-05)
(-8.9472836700874e-08 1.8229467052353e-08 -1.8008310290009e-05)
(-1.2219482255877e-07 -2.089412162976e-07 -1.9593037730176e-05)
(1.1581124304811e-06 -3.824875740059e-06 -4.5591098151117e-05)
(2.3319661370932e-06 -4.062275219652e-06 -4.6892473606169e-05)
(1.7542772701776e-07 -3.7251821477931e-06 -4.488187325702e-05)
(7.4541208309773e-07 -2.5038548285873e-06 -4.1796364196911e-05)
(4.6011211391222e-07 -2.1541901277342e-06 -4.0012873351269e-05)
(9.0618252037626e-07 -5.6672307559018e-06 -4.5738791915141e-05)
(1.1366506540685e-06 -7.1781385440939e-06 -4.7321000704873e-05)
(5.5013314377174e-07 -3.5763337073698e-06 -4.3779846930576e-05)
(1.5655450138047e-06 -4.7952468327786e-06 -4.7239665512563e-05)
(9.5044014552896e-07 -1.2297709795394e-06 -3.6841652689494e-05)
(4.7907159352183e-08 -7.9710197268074e-07 -2.8656224487809e-05)
(3.4230352796039e-07 -5.2816997688293e-07 -2.5964542776447e-05)
(2.4414244966191e-07 -6.6722372543252e-07 -2.8184342831322e-05)
(6.9352894952554e-07 -1.3570505760461e-06 -3.5041010918751e-05)
(9.957647967131e-09 -1.8208286763221e-07 -1.842901836632e-05)
(-1.4704871248529e-08 -4.1804823830742e-07 -2.3306260016607e-05)
(1.5264282709852e-07 -3.4859433594796e-09 -1.8314971299708e-05)
(1.2182991292788e-07 -3.4067832998477e-09 -1.7480952106519e-05)
(2.2393010276442e-07 -3.4852627085437e-07 -2.3630755158051e-05)
(3.0870111471167e-07 -1.9387690067868e-07 -2.1953542260057e-05)
(-1.5055819640785e-07 1.5018924625022e-07 -1.5056016457841e-05)
(-8.1080622580364e-07 2.7863586173355e-07 -2.0193077066914e-05)
(-5.2882172488747e-07 5.2334401984576e-07 -2.0460810210274e-05)
(-1.4254753844287e-07 7.711331921106e-08 -1.9463555240172e-05)
(-4.1061615646632e-08 6.1855028334367e-08 -1.3372277730366e-05)
(-9.3016106819522e-09 5.1597244200713e-08 -9.3399266092115e-06)
(-2.7693181959783e-08 2.2928625377845e-08 -9.966807459038e-06)
(-1.1049067143606e-07 1.1151321966006e-07 -1.1419929169821e-05)
(-1.1822835130813e-07 5.0533525197824e-08 -1.3344820973148e-05)
(-3.0980076589922e-08 9.7178976116535e-09 -1.4278080942796e-05)
(-3.5792806771027e-07 5.8056108646608e-07 -2.0743558760756e-05)
(-4.1499015016496e-07 4.5959944795315e-07 -1.770626335588e-05)
(-3.0309701526916e-07 2.5435921622349e-07 -1.4801260550525e-05)
(-4.1899858132235e-07 3.248039357384e-07 -1.3467750281486e-05)
(-9.8227152400434e-08 8.2140456599484e-08 -1.6634331224501e-05)
(-1.6432591629548e-08 7.6112931788181e-09 -1.667100958387e-05)
(-9.1845679621118e-07 6.3214679633762e-07 -6.122145801282e-06)
(-1.9550616412925e-06 9.3449365591085e-07 -7.7031565297138e-06)
(-1.3780171154032e-06 1.2792241030754e-06 -6.8412387305534e-06)
(-1.3025066685184e-06 6.669190008298e-07 -8.3018832871799e-06)
(-3.988816663472e-07 4.69365945431e-07 -4.9216112910317e-06)
(-6.8624355293169e-08 4.2688520762112e-07 -4.0290968992826e-06)
(-2.3330033211907e-07 1.9582951511515e-07 -3.6702395145614e-06)
(-2.1497711873075e-07 3.2121782740964e-07 -3.3035828808635e-06)
(-5.0383945524147e-07 1.6928498386178e-07 -4.5994664907344e-06)
(-5.590816761435e-07 -1.00790813445e-07 -4.4327212240978e-06)
(-7.2925053662331e-07 3.1650494935083e-07 -6.7608570230982e-06)
(-7.3282746013541e-07 8.975577785314e-07 -6.0471110496529e-06)
(-8.744376096646e-07 1.596440231966e-06 -7.1768567516329e-06)
(-8.2732006953995e-07 9.3995273187933e-07 -5.2540602376631e-06)
(-5.619755670378e-07 4.1281878782982e-07 -4.306012845234e-06)
(-9.4907432814404e-07 7.797080636834e-07 -9.3110228933391e-06)
(1.0137001340545e-06 -8.3392225124612e-07 -3.5852378113232e-05)
(2.5466053156852e-06 -1.8516630247973e-06 -4.1860265371733e-05)
(1.8504542593096e-06 -1.3642229654857e-06 -3.9710071151267e-05)
(5.7304316307381e-07 -8.6063117218502e-07 -3.321769359846e-05)
(8.5674588885051e-07 -1.6712741405548e-06 -3.9492163289852e-05)
(1.3638833782521e-06 -1.5773818659365e-06 -3.9763187172735e-05)
(1.8056003783805e-06 -2.1831571016447e-06 -4.2370301595425e-05)
(1.1437489093295e-06 -2.8458886772819e-07 -3.6372170304441e-05)
(8.4009385739551e-07 -1.0198179474115e-07 -3.4297884932429e-05)
(5.9854688631073e-07 7.8456008481069e-08 -2.911202054783e-05)
(5.6077100081239e-07 6.0768943247531e-08 -2.9464143600733e-05)
(5.5641213493771e-07 -1.3416415987551e-07 -2.9408196282523e-05)
(-5.9200082759417e-07 -1.627407732193e-07 -2.7642756070662e-05)
(-3.3796787848416e-07 -1.8145438190664e-07 -2.2754738032351e-05)
(-2.6889285163811e-07 5.7999947574467e-08 -2.0520752984464e-05)
(-2.1094939769423e-07 -2.1702831686883e-07 -2.1177139709478e-05)
(-1.299892071202e-06 -3.5233855103461e-07 -3.5502477454155e-05)
(-6.2717183917361e-07 5.2033748387655e-08 -2.750604074447e-05)
(-5.7028232119751e-07 4.2966068478098e-09 -2.8143968577822e-05)
(-7.2280311849159e-07 -4.6254448270835e-07 -3.078552773063e-05)
(-1.0372891995565e-06 -7.259730250377e-07 -3.4374931275895e-05)
(-5.0318713674928e-07 -2.7328807416483e-07 -2.7472091650236e-05)
(-7.2820546413305e-07 -2.7237941661921e-07 -2.8988339386138e-05)
(-1.5035025599957e-07 1.2189986389817e-07 -1.8916123000901e-05)
(4.4807022889817e-08 1.5819405470628e-07 -1.8580911376989e-05)
(2.0624490082794e-08 3.9614778867087e-07 -2.3263426724562e-05)
(-4.4670801353501e-07 2.9092113587821e-07 -2.5717524337142e-05)
(-4.1587067464211e-07 2.0627606234086e-07 -2.3842510593538e-05)
(-8.2284027949672e-08 -4.8809574633651e-08 -1.7410653153187e-05)
(-1.6378930725804e-07 2.670333533376e-07 -2.1258231484491e-05)
(1.7850254865701e-07 -1.8785783929865e-07 -1.5189347053593e-05)
(5.019711798062e-08 -1.0150046165891e-07 -1.2251037413781e-05)
(1.1370141033542e-08 -2.0116383073029e-08 -9.8779713773751e-06)
(3.8937198013631e-08 -6.2490122064714e-08 -1.4233302225448e-05)
(3.6357166679213e-07 -2.7757659145696e-07 -1.8972096855755e-05)
(6.5429898153694e-07 -9.1536881043937e-07 -2.178110946314e-05)
(3.1005229676875e-07 -1.2080226675034e-07 -1.8202128507453e-05)
(6.6233152618247e-07 -5.568668957301e-07 -1.8388111351212e-05)
(2.5365859777353e-07 -1.6126746884422e-07 -2.1585971035004e-05)
(1.9668210008187e-07 -3.2845132290076e-07 -1.8128257271388e-05)
(3.7533286401459e-07 -8.6000988132866e-07 -2.0675411039351e-05)
(8.3358013009162e-08 -1.62635493593e-07 -2.0128904437662e-05)
(1.0281153292622e-07 -6.4428048545305e-08 -1.3737297103054e-05)
(7.2918478680054e-08 -8.3145582239881e-09 -1.1291449611608e-05)
(6.1229992924013e-08 -4.3217448046776e-08 -9.5761908316809e-06)
(5.6693266889721e-08 -3.1219454024288e-08 -1.6246330022339e-05)
(1.7737618830363e-07 -1.809153153544e-07 -1.2547018276976e-05)
(2.3246448825673e-07 -3.1727448759409e-07 -1.200137626914e-05)
(9.1570793212113e-08 -9.438411064139e-08 -1.79936318843e-05)
(5.177446380237e-07 -7.0185612123967e-07 -5.9589017974744e-06)
(1.9359252712483e-07 -4.5525015504292e-07 -4.5124649006703e-06)
(-1.1061592357165e-07 -6.0556585664526e-07 -4.8068317741227e-06)
(1.722951227238e-07 -1.8913367188357e-07 -3.8321461516573e-06)
(1.019775097121e-07 -5.9176394160955e-07 -6.1360753988572e-06)
(1.1517582434528e-06 -1.0781765476723e-06 -6.4786904855748e-06)
(1.0882254445108e-06 -4.2655421312892e-07 -6.3338507494543e-06)
(8.2712629539761e-07 -5.9221178679587e-07 -4.0543549012736e-06)
(1.1576461292259e-06 -1.0546504975176e-06 -8.6373408359029e-06)
(7.5389569542045e-07 -1.3862616518626e-06 -6.5129993799621e-06)
(9.021480795011e-07 -2.1155328361434e-06 -8.381360834134e-06)
(5.9784864962889e-07 -1.2800187705629e-06 -8.0521537873188e-06)
(4.5441018248879e-07 -3.000197271984e-07 -4.9392537523562e-06)
(4.5382953072998e-07 -3.5511718352108e-08 -4.3736967778499e-06)
(5.1616669591607e-07 -3.790204070497e-07 -4.3498267212111e-06)
(5.9491768356025e-07 -4.3416567730538e-07 -6.2973160299853e-06)
(2.7322825702845e-07 -5.5588881340507e-07 -2.856074558462e-06)
(5.0808413989489e-07 -6.9063048505799e-07 -7.7126753381101e-06)
(4.3422841914576e-08 -9.2507176316532e-07 -3.169494070146e-05)
(3.6565735096842e-08 -6.1632480339138e-07 -2.8124020617646e-05)
(-4.5512072707127e-07 -1.2978239350837e-06 -3.5935468290882e-05)
(-5.6255586673875e-07 -8.8728175238126e-07 -3.2224794128417e-05)
(-1.9832522378519e-07 -3.7599524214291e-07 -2.3209027077967e-05)
(-1.226899556195e-07 -3.736715336447e-07 -2.3250857768311e-05)
(-3.1488873086552e-07 -1.6486924783163e-06 -3.8025902195843e-05)
(-2.7587256293061e-07 -7.8944713852266e-07 -3.1723792082922e-05)
(-1.4428852060686e-07 -8.3006668360114e-07 -3.0012205294745e-05)
(-8.6977435519267e-08 -1.0699546749768e-07 -1.7885365936994e-05)
(4.1986520585457e-08 -1.4028142834859e-07 -1.7761069799931e-05)
(3.6431389972747e-08 2.2502549168362e-08 -1.6626144927829e-05)
(-2.2199769527681e-07 -1.2727156607016e-07 -2.0850563105797e-05)
(-1.1379321472537e-07 -1.1141481169263e-08 -1.8129454136251e-05)
(7.3448164699632e-07 1.0101021654548e-06 -3.5178850357318e-05)
(1.0552476421434e-06 2.0691013520143e-06 -4.0641365132804e-05)
(8.7305861458551e-07 9.9769102679098e-07 -3.6567503817243e-05)
(3.8456759981784e-07 1.3180402632693e-06 -3.6353155787131e-05)
(2.8825492110975e-07 5.3925431793973e-07 -2.7062604168276e-05)
(3.3971145566227e-07 6.69268586509e-07 -3.0899471077554e-05)
(1.4908437851047e-07 1.3994337286157e-07 -1.9323720227719e-05)
(3.4490917331029e-07 1.7985710265714e-07 -2.4162252149933e-05)
(5.0025520339258e-07 4.5648286960502e-07 -3.0207228391607e-05)
(2.3215088750506e-07 3.2302269853234e-07 -2.4576290916165e-05)
(2.0738494721873e-07 3.6305429284765e-07 -2.6059473160939e-05)
(1.6705294045103e-07 1.3575225535747e-08 -1.8365194347142e-05)
(1.6559563104614e-07 1.3771473764945e-07 -2.0385731343832e-05)
(1.6693361476671e-07 1.8615907515249e-07 -2.041428280241e-05)
(4.9945494069969e-07 -2.1485687049069e-06 -4.0664803394513e-05)
(7.0871321094377e-08 -3.2851625092756e-06 -4.1640806604383e-05)
(1.3274046349607e-07 -2.3337230336251e-06 -4.0993863108941e-05)
(4.1270127801392e-07 -1.3262568017357e-06 -3.6233591308085e-05)
(3.2348076352384e-07 -1.1237153385779e-06 -3.5365236524368e-05)
(6.83542649655e-07 -3.1226072890753e-06 -4.0862987755628e-05)
(4.9321553926984e-07 -1.8418759288086e-06 -3.9435550674944e-05)
(6.9742768342907e-07 -2.4394672896155e-06 -4.182191398482e-05)
(1.8560365459299e-07 -4.7228659115336e-07 -2.6950450311965e-05)
(3.0176214504501e-08 -4.3620038484182e-07 -2.5316844652614e-05)
(2.6861861018967e-07 -8.5422366098855e-07 -3.303132344605e-05)
(1.8799430044155e-07 -5.6134899574696e-07 -2.934231410792e-05)
(4.0045952892635e-07 -6.3991355224168e-07 -3.2653396886672e-05)
(1.1090650082434e-07 -2.9351643208557e-07 -2.2823318234043e-05)
(1.5877891553123e-07 -5.2256337120674e-07 -2.9357425855881e-05)
(1.0729932567585e-07 -8.7382636383206e-08 -1.8007252170964e-05)
(1.0616631890423e-07 6.0553129720486e-09 -1.7369297613104e-05)
(2.6263374697065e-07 2.5956790590587e-09 -2.2144398839261e-05)
(1.4211832826159e-07 -1.1947804181701e-07 -1.9165493170548e-05)
(1.4242601957861e-06 9.7514653701833e-07 -3.8333693078522e-05)
(1.8012064355822e-06 1.8331797868775e-06 -3.918822376955e-05)
(1.0142849512324e-06 1.3627268532051e-06 -3.7084846119326e-05)
(6.313186800537e-07 6.2106418272885e-07 -3.3498704506505e-05)
(5.1703931426569e-07 1.8109591601749e-07 -2.9486280583369e-05)
(9.8781496319908e-07 1.4002455214956e-07 -3.53223251193e-05)
(1.0614614125871e-06 5.2633574713029e-07 -3.5822081322111e-05)
(6.7345719580388e-07 1.3262802707821e-07 -3.2438654613239e-05)
(3.5991912299786e-07 1.2411593010274e-07 -2.6912458943926e-05)
(4.7104315224134e-07 -4.3147420480539e-07 -3.1476468290171e-05)
(1.0623505116093e-06 -7.3674935134066e-07 -3.5650648886283e-05)
(7.5898910134666e-07 -2.855629866411e-07 -3.3595150986218e-05)
(7.7294343716541e-07 -4.965450456338e-07 -3.4056459857447e-05)
(5.7041768790151e-07 -6.6613240084646e-07 -3.4257304571875e-05)
(6.9278299530712e-07 -7.6893154225174e-07 -3.4935677570255e-05)
(4.0870419741767e-07 -1.1548660664101e-07 -3.1059840733104e-05)
(2.5265461368648e-07 -6.2456006824184e-08 -2.6739523202919e-05)
(3.3954049667687e-07 -1.5972269327657e-07 -2.9813279331982e-05)
(3.969586942413e-07 -4.3143440078692e-08 -3.0555610202461e-05)
(3.2944659255118e-07 -1.5200001214146e-07 -3.0343975015978e-05)
(1.9843102344825e-07 -6.0743309513516e-08 -2.8631915875066e-05)
(5.1678292068936e-07 -1.4741286843881e-07 -3.1693527003792e-05)
(-8.0748564847767e-08 1.0766612191614e-07 -1.8643559555009e-05)
(1.1826696338691e-08 9.0111167752964e-08 -1.7773957189749e-05)
(4.9261160130441e-08 2.5292768075733e-07 -2.2168063106803e-05)
(2.4257244467702e-08 5.3289247067727e-08 -1.6624493444107e-05)
(-1.0590388958685e-07 -8.9657051042888e-09 -1.8130575084433e-05)
(-1.6026276029277e-07 1.1586284793235e-07 -2.042618979162e-05)
(2.5780403005578e-07 5.465165344114e-07 -3.1041069335818e-05)
(3.9069790624377e-07 4.7522967728227e-07 -3.152331189633e-05)
(9.7479760125131e-08 3.9515377606101e-07 -2.6794668592972e-05)
(-8.9290832100695e-08 3.9476324119296e-07 -2.6857398339764e-05)
(6.2187549412945e-08 7.0503196115769e-07 -3.252219757273e-05)
(-5.2570619446038e-09 4.4752652889072e-07 -2.6819591760691e-05)
(2.5696739746709e-07 6.3452609845415e-07 -3.2809912003677e-05)
(1.8459507558649e-07 2.8326557864326e-07 -2.473075467166e-05)
(1.5571167460224e-07 3.3244204273945e-07 -2.6926779074308e-05)
(1.2278890055884e-07 9.6277354993185e-08 -1.9312459219605e-05)
(2.1535576608022e-07 8.6545881773713e-08 -2.2299558894223e-05)
(2.3898913888044e-07 2.1322420751249e-07 -2.5883172935393e-05)
(2.5460680749455e-07 1.4729960419828e-08 -2.3085937984762e-05)
(3.5689339413806e-08 6.6642379185448e-08 -1.6746812499356e-05)
(9.1984629396835e-08 1.8090990035699e-07 -2.1612092823958e-05)
(8.772424304731e-08 1.4559967879967e-07 -2.0856926802793e-05)
(1.0903859302359e-07 6.4935908937081e-09 -1.726601128922e-05)
(6.4259081918713e-08 -8.452548299116e-08 -1.7026440613772e-05)
(7.3942079489528e-08 7.1357640321048e-08 -1.7120424769608e-05)
(7.353259752152e-07 6.0193197414401e-07 -3.3170470964647e-05)
(5.4226654517199e-07 2.2330652164355e-07 -3.1716943273467e-05)
(2.876374294615e-07 3.6490029378383e-07 -3.0152270898022e-05)
(3.9229968421318e-07 4.8905170996532e-07 -3.2056408460494e-05)
(4.0525098925656e-07 2.0348800852493e-07 -2.9293544066937e-05)
(2.8825138385515e-07 2.1832807700817e-07 -2.8826725462563e-05)
(1.9683075253204e-07 8.5174559675024e-08 -2.5056484476089e-05)
(2.6302681995635e-07 2.1755557501255e-08 -2.7290555439757e-05)
(2.895375303876e-07 9.5424618672253e-08 -2.9006438727176e-05)
(1.109160338335e-07 7.3250184785701e-08 -1.972759696391e-05)
(1.705727258204e-07 1.7410088070197e-08 -2.175320750806e-05)
(1.1203698578454e-07 5.9218149637742e-08 -2.4312232336537e-05)
(1.0486399129252e-07 2.8400395779852e-08 -2.0831823478673e-05)
(9.001227914083e-08 -2.8487824335535e-07 -2.4802176638055e-05)
(3.627244503907e-09 -2.601753524295e-07 -2.3140101768433e-05)
(2.8753612291731e-08 -4.1339088470801e-07 -2.8066912780086e-05)
(1.6577697930613e-07 -4.1773267729802e-07 -2.9343748465882e-05)
(7.9490440328512e-08 -2.394420139179e-07 -2.3895568280741e-05)
(1.9282720642024e-07 -2.8570658558446e-07 -2.8060700344078e-05)
(4.1450443271761e-07 -6.6531264308241e-07 -3.2947520517172e-05)
(2.7925319723314e-07 -6.2831924944991e-07 -3.2992990850869e-05)
(3.9787206009535e-07 -5.0554556732114e-07 -3.2445230076311e-05)
(3.2228991548335e-07 -3.9520669868598e-07 -3.147142921861e-05)
(2.1183369292262e-07 -3.8249131162917e-07 -3.0897081339757e-05)
(5.8978827182745e-07 -9.2098252904781e-07 -3.4804640970203e-05)
(2.250091350482e-07 -1.928901260506e-07 -2.7909875522899e-05)
(3.6849337564509e-07 -2.7615540898246e-07 -3.0829250442424e-05)
(1.0518117019471e-07 -8.4184839636629e-08 -2.8448322745613e-05)
(1.1865300907216e-07 -1.7245577222001e-07 -2.4484013367618e-05)
(1.3590560345575e-07 -2.4431784193983e-07 -2.8286511946044e-05)
(1.9275193644284e-07 -1.0812062421593e-07 -2.4398295581162e-05)
(1.1559909053202e-07 -5.5330389548706e-08 -2.2818522413968e-05)
(2.0681581460707e-07 -2.4126807885656e-07 -2.9435487776088e-05)
(9.7230790604224e-08 -1.1377757966637e-07 -2.5154842589975e-05)
(7.0000281103657e-08 -2.9928325020573e-08 -1.5532628025968e-05)
(1.2905532341216e-07 -3.5325590932017e-08 -1.9642274776469e-05)
(1.7855155212769e-07 -3.3181949970315e-08 -2.1001501506159e-05)
(1.6310313213909e-08 -4.947801018081e-08 -1.4517310543895e-05)
(-4.5861907384116e-08 -2.797579115977e-08 -1.4890640383599e-05)
(1.8120726941606e-08 2.4700976685045e-08 -1.4521180324057e-05)
(-3.076611910624e-09 -1.0106148668058e-07 -1.6544499478463e-05)
(2.202833652546e-09 -3.320297127377e-08 -1.3280439167744e-05)
(9.115176236223e-08 2.7935884830855e-08 -1.6828634292362e-05)
(4.5121400704252e-08 2.727408276099e-08 -1.4634339634455e-05)
(3.8703636373113e-08 -2.7581103013767e-08 -1.3865697268073e-05)
(4.0148972824249e-08 -1.6543128290506e-08 -2.063552030416e-05)
(4.9249703939051e-08 -2.3736861317326e-08 -2.5580303633752e-05)
(-5.3504968837083e-09 -1.0826098704155e-08 -2.3838086379861e-05)
(-1.6167618483378e-07 3.3425800092254e-08 -2.3530857400415e-05)
(4.3297241566291e-08 -1.5123965571393e-08 -1.6194662974965e-05)
(3.7483004162463e-08 -3.8134850437084e-08 -1.8393147798903e-05)
(4.5423685832344e-08 3.5578200480619e-09 -1.7337898192327e-05)
(-2.1627445744839e-08 1.5592430661122e-09 -1.8371753141059e-05)
(-5.6782866089775e-07 8.2971230782986e-08 -2.4412215206053e-05)
(-4.4895755639167e-07 1.8005989848892e-07 -2.2951028924921e-05)
(-9.7022120737533e-07 4.0722127122748e-07 -2.3703594622904e-05)
(-1.0182298347023e-06 1.8152854699656e-07 -2.2548797584038e-05)
(-1.0402986774369e-06 -2.4594101149049e-08 -1.9912120515814e-05)
(-6.5263461761389e-07 -1.7314319494694e-07 -3.2866670072833e-05)
(-4.5273885648189e-07 -1.1350849588599e-07 -2.8973440710786e-05)
(-2.6832759440031e-07 -1.1247455331224e-08 -2.4094910787225e-05)
(-1.0007148431311e-07 -7.2261672376213e-08 -1.8273932906403e-05)
(-2.6857030554944e-07 -1.2302764909836e-07 -2.4156483472493e-05)
(-4.2705742298691e-07 -3.5171378397406e-07 -3.074171178083e-05)
(-3.6067238788013e-07 -4.5613471093179e-07 -3.1307068886827e-05)
(-3.3935390114903e-07 -5.7623345899774e-07 -3.1995269291102e-05)
(-2.0381957215481e-07 -3.241405272941e-07 -2.8185726192227e-05)
(3.0413998667543e-08 3.0664408762337e-08 -1.4179940860746e-05)
(4.3250733762028e-08 2.8995906265417e-08 -1.8781263103896e-05)
(-8.8044686636263e-10 5.9933055891536e-10 -1.5140435446925e-05)
(4.2693121299895e-09 3.5075536571659e-08 -1.2939496474383e-05)
(9.0989943800778e-09 3.5868017870229e-09 -1.1452941236783e-05)
(2.3537173615718e-08 4.20134287544e-08 -1.7391345569423e-05)
(7.5334319901454e-09 1.5378049775098e-08 -1.448253280247e-05)
(3.1892877015656e-08 1.7249237486861e-11 -1.2716937062272e-05)
(6.7792748911281e-09 1.1238241986297e-08 -1.159755952754e-05)
(-8.279301788479e-08 -1.1279224553377e-07 -2.779804374532e-05)
(-3.1200082315869e-07 -2.6660706941863e-07 -2.5083896109704e-05)
(1.5745692242671e-08 -4.4276420187684e-08 -2.7782317578056e-05)
(-2.2959661097973e-07 -4.2267711836736e-07 -2.5984515775575e-05)
(-1.4841502546836e-07 -2.2027097134918e-07 -2.3690058548511e-05)
(-1.6224785613965e-07 -5.9495477661052e-08 -1.8917785462365e-05)
(-6.6722618383828e-07 -2.0667224702879e-07 -2.0332145470697e-05)
(-6.0492780945601e-08 -4.903581293799e-09 -1.4452540006399e-05)
(7.5635401957278e-08 1.8215677553339e-07 -2.3935626588202e-05)
(1.312617242727e-07 1.3735345040932e-07 -2.3680279055119e-05)
(1.3422848792945e-08 1.8689074270998e-07 -2.2508713466688e-05)
(4.5869840032057e-08 3.2205242247055e-07 -2.9061626222586e-05)
(5.0213679023609e-08 9.4027187305284e-08 -1.7928612254916e-05)
(4.6260060381667e-08 1.0202167184279e-07 -2.1420009275024e-05)
(4.7941932291707e-09 -1.7756860875163e-07 -2.1110592621105e-05)
(2.6033763432006e-09 -1.0705385367782e-07 -1.960095196149e-05)
(-3.7285931096845e-08 -1.9626126197686e-07 -2.4737148432917e-05)
(-5.79166260702e-08 -1.9873436797055e-07 -2.1632385798984e-05)
(8.4858886351544e-08 -2.7545199421941e-07 -2.8748627061115e-05)
(7.6618792871374e-08 -4.1615133373595e-07 -3.046780597122e-05)
(6.2919171179758e-08 -4.7907874248375e-07 -3.0341347074952e-05)
(6.492264887592e-08 -2.2456791320999e-07 -2.5114951917006e-05)
(2.9665896416126e-08 -1.2224357216582e-07 -2.7641097992582e-05)
(4.1444931268515e-09 -2.7978223676437e-08 -1.9793835855209e-05)
(1.6040880725451e-08 -3.8679368727514e-08 -2.3211157408676e-05)
(-5.0677252901186e-08 5.9107973577885e-08 -1.9655897528952e-05)
(-5.8262312471166e-09 -1.9671798098651e-08 -1.7267834601475e-05)
(2.0199934227619e-08 -5.2065605364632e-08 -1.5518288907117e-05)
(-2.1488865731963e-08 9.5599801219775e-08 -1.7380656345794e-05)
(4.6302572824875e-08 -1.0167396672713e-07 -2.0915392732946e-05)
(-1.8005256509805e-08 -2.0347336924761e-08 -1.2306412313699e-05)
(1.315762977493e-08 -2.6119783032379e-08 -1.2096213816961e-05)
(-2.3551845379174e-08 2.4715843819566e-08 -1.3104974847231e-05)
(-4.3103600781325e-08 5.1586504796091e-09 -1.4831810184528e-05)
(-9.4002829972239e-09 3.5398276935756e-09 -1.0991388947788e-05)
(-7.1572009972874e-09 -9.1509567137728e-09 -1.1029019734841e-05)
(-2.0068145185699e-08 -1.0995389583041e-08 -1.3962470076205e-05)
(-3.4623424870403e-09 1.1602125651852e-09 -1.0956924939028e-05)
(-1.1125591825436e-09 2.3968614655249e-09 -9.5582762293505e-06)
(3.0452959034258e-09 -5.7865992186761e-10 -1.1056804983099e-05)
(-2.0880173613083e-08 -1.5663369560475e-09 -9.4529235697351e-06)
(-7.84062215662e-08 1.7572440499888e-07 -2.7186571575232e-05)
(-7.6742322700979e-09 3.9553617243005e-09 -2.6574966113605e-05)
(-8.4607199242443e-08 7.5756243064969e-08 -2.7726632154735e-05)
(-9.3604009472439e-08 1.1896848049058e-07 -2.4690968927515e-05)
(-2.7494415044001e-07 2.959939417358e-07 -2.2157575915744e-05)
(-4.5334481337462e-07 3.187839289325e-07 -2.3634757655515e-05)
(-8.660689505733e-07 6.2115477608162e-07 -2.2119654045302e-05)
(-1.4620502575358e-07 2.3604288290967e-07 -2.2646063082203e-05)
(-4.4008148475784e-07 -4.2026669562816e-09 -1.5980465435908e-05)
(-7.8678088630923e-07 1.6375382198954e-08 -1.5249041188432e-05)
(-7.0839422587344e-07 2.6416990253601e-07 -1.360407251707e-05)
(-1.447360158373e-06 2.1891223872045e-07 -1.5660004782676e-05)
(-1.4378464691541e-06 8.2556063358068e-07 -1.6575261254838e-05)
(-1.7763092040318e-06 2.2448273967542e-08 -1.7884575204018e-05)
(-2.5483477836421e-06 1.0138232515289e-06 -1.7448472557672e-05)
(-2.1313945027468e-06 5.4533303710719e-07 -1.4526701152435e-05)
(1.6205543352184e-07 3.076301247298e-08 -1.7178330195226e-05)
(2.6790862809257e-08 1.1727042678386e-08 -1.2720370251176e-05)
(9.9301912633801e-09 -3.1817390000197e-09 -1.1323905408908e-05)
(5.6144393898674e-08 2.8443325282358e-08 -1.1104380536151e-05)
(7.6383925151396e-08 -1.0291622928876e-08 -1.5534504355244e-05)
(2.2065816654374e-07 -1.4154410036907e-08 -1.5450987959295e-05)
(1.0001753196469e-07 6.9203053972301e-08 -1.6497404576109e-05)
(1.8102741606433e-07 5.7544432585025e-08 -1.46462892178e-05)
(3.7466229349689e-08 1.1221930426697e-08 -1.6854725040084e-05)
(-4.8992830140489e-08 -1.4710317457792e-08 -1.8154204946339e-05)
(-6.2226763638498e-10 -3.1513328605675e-10 -9.9358165703351e-06)
(-5.9716154539716e-09 1.0237427594343e-08 -1.329673834066e-05)
(6.3082574191372e-09 6.4763421308241e-08 -1.505802734189e-05)
(-1.0765766351115e-08 1.8389695790005e-07 -1.3386868142375e-05)
(6.5184846216788e-08 1.1074251882922e-07 -1.6537174012957e-05)
(1.0743150424474e-07 2.5335943828732e-07 -2.0373873987697e-05)
(9.8543258639268e-09 2.9426553409464e-08 -1.755022000097e-05)
(1.9302745340355e-09 7.2618501153447e-09 -1.2494795859376e-05)
(2.2008122940997e-08 5.3151338998251e-08 -1.1305004718922e-05)
(3.7176279536568e-08 2.5852508174646e-07 -1.8460393694175e-05)
(1.3162028455006e-08 1.2453339862436e-07 -2.1086288399096e-05)
(8.194415660707e-08 2.299838236634e-07 -1.6077757533166e-05)
(4.4233716666296e-08 3.2036544039305e-08 -9.0602682569278e-06)
(-3.9755296920213e-08 5.7022844347375e-08 -8.012586999057e-06)
(4.9188976991545e-08 -1.4375478080017e-08 -7.6485006744325e-06)
(4.3063894145228e-08 1.100200223416e-07 -1.0319741710451e-05)
(4.787853537111e-08 7.5326901155946e-08 -8.1918622619993e-06)
(-3.2953306780344e-08 -2.062116585078e-07 -1.8415402854776e-05)
(-1.2157769597416e-08 -3.9886890826038e-08 -1.8518879818517e-05)
(-1.4703358547796e-07 -4.5289788508045e-07 -2.4015358063671e-05)
(-1.7437799465343e-07 -7.1104998313839e-07 -2.0579273200177e-05)
(-4.165769162527e-08 -6.0537829589446e-08 -1.4614848750397e-05)
(-7.293828963032e-08 -5.0307120234696e-08 -9.9271714856787e-06)
(-2.0529054060009e-08 -5.5745487881081e-08 -9.2170747759912e-06)
(-7.6309911729426e-08 9.052260641073e-09 -9.302651258396e-06)
(-8.9710437094082e-08 -6.9564617549827e-08 -8.9258972049992e-06)
(-2.4145866263232e-07 -9.0239318769793e-08 -1.1319588826493e-05)
(-1.4241085946567e-07 -2.2408793817477e-07 -1.0502690197355e-05)
(-2.4493661019591e-08 -2.8419893675311e-08 -1.0529244460397e-05)
(-1.3656556921772e-07 6.0885132992363e-07 -2.3708811840276e-05)
(-3.0234698540433e-07 6.6942764870226e-07 -2.3994259458151e-05)
(-4.4250634215221e-08 1.0454355931422e-06 -2.4025280728955e-05)
(-1.5037473327843e-08 3.2826956650352e-07 -2.4730456528953e-05)
(-8.0073275084228e-08 2.3788846454881e-07 -2.1532171673986e-05)
(-9.6689121008431e-08 3.8744914566218e-07 -1.8051551250804e-05)
(-2.8401456045075e-07 1.1599963501212e-06 -2.3811935785698e-05)
(-1.0286152338695e-07 5.4256578227683e-07 -2.5935644390088e-05)
(-1.6719368357735e-07 1.0005981516419e-06 -2.1450362000863e-05)
(-1.7210255448147e-07 2.9721773087437e-07 -1.497925249749e-05)
(-1.2699359895929e-07 5.7008283764299e-07 -1.4528214400346e-05)
(-4.1285505787246e-07 5.7896500042644e-07 -1.5076714681969e-05)
(-1.2125218650739e-07 2.3841326971057e-07 -1.1234303643903e-05)
(-2.0510234724596e-07 1.1609754342305e-07 -9.5240251779027e-06)
(-4.2937508111913e-07 -4.3867853045694e-08 -1.0964435753795e-05)
(-3.9102494654659e-08 5.066296033669e-08 -7.1070277227559e-06)
(-6.6356403366391e-08 1.8966841432565e-07 -8.7439271232252e-06)
(-1.3155157216931e-07 -1.5968153792222e-08 -8.4541856204073e-06)
(-1.8100293142124e-07 -3.5927766722198e-08 -7.690614537452e-06)
(-2.143083352824e-07 1.4611050296204e-07 -7.772514229623e-06)
(-1.2834667834256e-06 -1.1276535846375e-06 -2.2250399214915e-05)
(-1.0292772798578e-06 -1.3245917875229e-06 -2.1163149829392e-05)
(-1.225426320826e-06 -1.9996778618662e-06 -1.9072444556617e-05)
(-1.05145431967e-06 -9.7154293912698e-07 -1.8265470695659e-05)
(-8.2034345997449e-07 -2.9659718246255e-07 -1.3146881469486e-05)
(-1.3677752608036e-06 -3.4364633420626e-07 -1.6084738251565e-05)
(-2.1474555891386e-06 -1.0777218264281e-06 -1.7173999223728e-05)
(-1.6126076138882e-06 -4.3347436369537e-07 -1.4319611481562e-05)
(-1.021372874645e-06 -6.7274185259951e-07 -1.5380438986995e-05)
(-8.5977049908857e-07 -5.8409967901913e-08 -1.3316301079817e-05)
(-8.6843805717371e-07 -1.9903689459904e-07 -1.1562175335593e-05)
(-6.2913479859553e-07 -1.9972911819289e-07 -1.4559971339488e-05)
(-2.2096409738951e-06 1.6617747324712e-06 -1.8039763492412e-05)
(-7.761127847528e-07 8.1866725905199e-07 -1.4477975991983e-05)
(-8.6845326282518e-07 1.3700850086242e-06 -1.6469145481388e-05)
(-1.1745631315739e-06 6.5673987016798e-07 -1.3410439783013e-05)
(-1.6891524287345e-06 1.9144604998714e-06 -1.6768503377216e-05)
(-1.1175099959509e-06 1.2918293635682e-06 -1.2949248675753e-05)
(-9.4643568591341e-07 8.4806195571279e-07 -1.7198282161013e-05)
(-1.2164605522292e-06 3.1946611000358e-07 -1.1426528954831e-05)
(-1.9581972870229e-06 5.1733729966897e-07 -1.1689198055965e-05)
(-8.7046484806525e-07 1.8796152043555e-09 -9.8941684814129e-06)
(-1.2584677478807e-06 -3.2789254275205e-08 -9.3513725703415e-06)
(-1.5485009014801e-06 8.2990361767462e-07 -1.2326832226039e-05)
(-1.2090592965468e-06 4.4826988131905e-07 -9.546423858126e-06)
(-2.7770929153207e-06 6.7423883536693e-07 -9.9782253433646e-06)
(-1.86625240868e-06 3.9537369043107e-07 -9.2328224156675e-06)
(-2.1929265933528e-06 9.6186701706526e-07 -1.0186446851018e-05)
(-3.182882883677e-06 1.2655951662112e-06 -9.2517967047699e-06)
(-3.0907432809462e-06 1.1565945071773e-06 -1.1893759225848e-05)
(-2.5055049189926e-06 4.4788333321641e-07 -8.1879156973035e-06)
(-2.2793659566066e-06 -7.8222962816258e-08 -7.8970653007847e-06)
(-2.7921457382692e-06 5.1360959363166e-07 -1.1975592431826e-05)
(-2.8061193355352e-07 -3.5921850686234e-07 -7.6112940077822e-06)
(-4.8706525382073e-07 -1.9522474096748e-07 -8.7496424660633e-06)
(-7.367913872679e-07 -3.9791600943748e-07 -8.2236356890709e-06)
(-1.1140158498798e-07 -7.3376413012236e-08 -6.2174632149377e-06)
(-1.888444892499e-07 -7.6543991565886e-07 -1.0041642886836e-05)
(-4.437170184601e-07 -7.349635201582e-07 -8.0440932033362e-06)
(-2.7263652190679e-07 -2.5663793939483e-07 -6.0008982542843e-06)
(-2.2331382191752e-07 -2.5173708920107e-07 -8.126769514904e-06)
(-2.5575850439884e-06 -1.6809782121872e-06 -1.4260706868519e-05)
(-2.8920645831784e-06 -2.2248745186486e-06 -1.2316285960976e-05)
(-8.5143219309865e-07 -1.2742503482696e-06 -1.3270769752292e-05)
(-1.6058078288197e-06 -2.4721158278941e-06 -1.3735589663745e-05)
(-1.5147210414628e-06 -1.457116116163e-06 -1.4668300680447e-05)
(-1.3149291667674e-06 -5.4824780837121e-07 -8.3635086645094e-06)
(-2.2411055904224e-06 -5.6121125375538e-07 -1.0606008424048e-05)
(-2.2405040631139e-06 -1.3621758515662e-06 -1.024794250404e-05)
(-1.7944615653476e-06 -5.0591303111987e-07 -7.2679982894788e-06)
(-7.4375961206647e-07 -5.7954495385083e-07 -6.9219627152543e-06)
(-6.3923317706646e-07 -1.0631885107184e-07 -6.0148562845715e-06)
(-1.1759685932094e-06 -1.1852821803282e-06 -9.1991689359589e-06)
(-1.3785973090735e-06 -2.0209448371017e-08 -8.0030343453511e-06)
(-9.9757031383143e-07 -3.2196534374584e-07 -6.0716645307151e-06)
(4.7083088769451e-07 2.0454609672938e-07 -1.2567595185105e-05)
(9.2900720081913e-07 2.5959065830434e-07 -1.6036266091903e-05)
(4.8296933695368e-07 -1.3298106627282e-08 -1.1331945086246e-05)
(1.9457346657691e-07 -7.7350065347011e-09 -8.8881007434271e-06)
(6.673035223015e-07 1.5784734896212e-08 -9.975745392307e-06)
(6.3651783384754e-07 4.5551505470352e-07 -1.5745393031719e-05)
(9.7779806305884e-08 -1.2987993540084e-07 -8.0534918755697e-06)
(-4.363208244422e-08 -7.9152695658328e-08 -7.6629835803499e-06)
(-5.4867575286877e-08 -2.8704945581578e-07 -9.330837771976e-06)
(2.0265775869573e-07 -1.3354805017192e-07 -1.042500715936e-05)
(9.5329078264865e-08 -3.2808213729708e-07 -1.0450639091342e-05)
(1.5140497817674e-07 -4.4224591725832e-07 -9.3029706702167e-06)
(6.5540669109118e-08 2.8600543198268e-09 -6.9769143125168e-06)
(1.2923561396306e-07 -1.4234755498815e-07 -6.9156604676826e-06)
(5.3830993072766e-08 -1.0483992033532e-07 -8.8097629047977e-06)
(2.0780002986872e-07 5.4512139452311e-07 -1.1792806996488e-05)
(-8.5702953949215e-08 1.1645387167117e-06 -1.2597296124796e-05)
(5.6352751298298e-07 1.2808650119729e-06 -1.4955235804434e-05)
(2.9163643969188e-07 6.2053930517355e-07 -1.4478258667195e-05)
(1.0974136142509e-07 1.0200757674387e-06 -1.4818192125646e-05)
(1.1961522453491e-07 9.1355269165716e-09 -5.8806529936674e-06)
(-1.0214446055013e-07 1.6136417143312e-07 -6.3123920830314e-06)
(9.2361681017633e-08 -8.4344967126774e-08 -5.076890891841e-06)
(1.5800888919023e-07 1.7578548504582e-07 -5.2119355441817e-06)
(-2.82427656491e-07 -5.7064503042325e-07 -1.2064497943052e-05)
(-7.4553714108917e-07 -8.7865784769832e-07 -1.4811253733426e-05)
(-8.9952172633036e-07 -1.5472332642426e-06 -1.6675342694824e-05)
(-7.6011072957605e-08 -4.6857496269056e-07 -1.2610859356124e-05)
(-2.9636507989367e-07 -6.5201428375595e-07 -1.4522229004453e-05)
(-4.5394813286843e-07 1.9769181729909e-06 -1.7792704386266e-05)
(-9.6005832339899e-07 2.224849831027e-06 -1.7944844858014e-05)
(-1.4029001207173e-06 2.7188750925256e-06 -1.5546925447108e-05)
(-1.1756928034487e-07 1.9984995472129e-06 -1.6148972928902e-05)
(-1.4558076431148e-07 2.7585451361835e-06 -1.8029531212136e-05)
(-1.2561755032207e-07 1.4820182722107e-06 -1.8272828720267e-05)
(-3.45998651411e-07 1.0807247191667e-06 -1.5092903887463e-05)
(-7.5291432411563e-07 2.9795587996235e-06 -1.7559774643368e-05)
(-6.1507777513858e-07 2.5364475277642e-06 -1.6026711924747e-05)
(-1.0828425571688e-06 1.433477914333e-06 -1.0482747428324e-05)
(-8.4788669349407e-08 7.7608808730096e-07 -9.0480749988117e-06)
(-1.7062222636773e-07 1.5257534325669e-06 -1.123809039456e-05)
(-2.5763918819615e-07 4.1563066075436e-07 -8.2416696967409e-06)
(-3.199606860818e-07 4.6959435175929e-07 -7.0838150443566e-06)
(-4.2619490847557e-07 1.2684123701167e-06 -9.138908545808e-06)
(-4.2426692699236e-07 9.2001958556522e-07 -1.1754485633238e-05)
(-8.6169918859616e-08 4.09209972128e-07 -5.1685592345988e-06)
(-2.1534326155224e-07 -6.4784997633239e-08 -4.51172241609e-06)
(-2.421610235011e-07 -3.9134270025996e-08 -3.6499498333832e-06)
(-2.7146180619499e-06 1.9964160932953e-06 -1.0277273103636e-05)
(-2.4293604603748e-06 1.796226545525e-06 -7.6211943666896e-06)
(-1.9614951464096e-06 2.5174352888977e-06 -9.0771591932273e-06)
(-1.7476191243613e-06 2.1907523320039e-06 -1.231967072247e-05)
(-8.8656816452136e-07 2.1699284645436e-07 -4.4801124088675e-06)
(-1.6901950969055e-06 3.8694532314983e-07 -5.9254414573685e-06)
(-1.5780685728781e-06 -1.0676887213043e-07 -5.0945883592756e-06)
(-1.1311333168941e-06 -6.7258479078467e-08 -5.1411087140025e-06)
(-7.9168088650084e-07 -6.6538215383861e-08 -3.6479070426973e-06)
(-1.0310506287363e-06 5.4558801534047e-07 -5.1458247943227e-06)
(-6.6968433431095e-07 2.4147802779707e-07 -3.3232109904938e-06)
(7.3398881366999e-07 3.2492165301586e-07 -6.4036636759385e-06)
(4.0426744100277e-07 2.4244292343294e-07 -5.6424381016924e-06)
(2.7106492914305e-07 -3.8297477178713e-08 -4.7021640245824e-06)
(3.7437312755393e-07 2.6055765295329e-07 -4.5962366490296e-06)
(1.4816479784428e-06 3.2392317968717e-07 -8.3082624520165e-06)
(1.5104013379783e-06 -1.0568831250546e-07 -7.9934856101098e-06)
(1.4042582682967e-06 7.4334971579442e-07 -8.4241115185961e-06)
(1.5593806955112e-06 4.611819296604e-07 -6.9841434037312e-06)
(7.6725291878881e-07 -2.5140421042682e-08 -6.6086935432912e-06)
(1.2131644977124e-06 -5.7729283857836e-07 -9.0633836900657e-06)
(9.0485289489957e-07 -5.1216910033086e-08 -5.7025717106677e-06)
(8.8273843291815e-07 4.0871840206891e-07 -8.158070490498e-06)
(8.7899715849445e-07 3.0997854298348e-07 -5.7944048935339e-06)
(1.9935570226142e-07 -2.8155151084613e-07 -4.874902851305e-06)
(-3.2214341596633e-08 -1.9851775896157e-07 -4.5191594407334e-06)
(-4.9312701376073e-08 -1.8928160376112e-07 -3.4901127958765e-06)
(4.1010094285277e-07 -2.4679440207198e-07 -6.5491402019304e-06)
(1.7628408986534e-07 9.6521511702556e-07 -7.8811509155623e-06)
(-1.8052789679424e-07 7.9924655769271e-07 -7.0170227372503e-06)
(-8.6259821140635e-08 1.4909952093724e-06 -8.1360685180601e-06)
(-2.5500418402697e-07 9.5414337221818e-07 -5.9556328350151e-06)
(5.7455799963682e-07 1.1828538198625e-06 -9.3248061040235e-06)
(2.1044609505228e-07 4.5270727791067e-07 -5.5184067954052e-06)
(1.6341423755188e-07 4.062962330584e-07 -4.2920746880688e-06)
(2.6675634436065e-07 1.5604608662113e-06 -8.1726664801383e-06)
(2.2702398355e-07 2.6049215988199e-06 -9.2633937536948e-06)
(1.8332414747261e-07 1.5540597822798e-06 -6.5906150982019e-06)
(2.6306337704452e-07 9.2196548485383e-07 -5.7921009601153e-06)
(1.1172291593101e-07 1.6804912841071e-07 -2.8895607691034e-06)
(-5.798029298624e-08 1.1503257715151e-07 -2.7473375560676e-06)
(-6.3421748269919e-08 -8.2724137070117e-08 -2.4479078687895e-06)
(3.5852132633004e-07 1.8803058409767e-07 -3.4794751595883e-06)
(4.5678021531572e-07 5.5433182266946e-07 -4.401202266886e-06)
(1.556314621693e-07 -4.6653546453282e-08 -2.9611325346952e-06)
(2.1364232875506e-07 -3.6819620842998e-08 -2.4913684282499e-06)
(-6.1996974611399e-07 -1.3998853403378e-06 -8.4765406815513e-06)
(-1.1391925742076e-07 -1.2438495874162e-06 -7.4972086135482e-06)
(-1.6081787668977e-07 -1.165191650767e-06 -8.9609979851419e-06)
(-3.4630734064374e-07 -2.2677916115395e-06 -1.0614465352207e-05)
(-6.640769531913e-07 -2.0446913457425e-06 -7.9277204935621e-06)
(-3.494521077887e-07 -7.3117192940549e-07 -6.4194665196161e-06)
(-3.6979253088647e-07 -1.0813880489165e-06 -6.0260883193972e-06)
(-2.8232809108431e-07 -2.7871003537936e-07 -3.5184518846454e-06)
(-6.7485538746918e-07 -2.8366277065596e-07 -4.3398703432188e-06)
(-7.1700760488107e-07 -6.7483621467822e-07 -4.6554110767255e-06)
(-3.3413251459555e-07 -6.2121141120853e-07 -4.1334829147576e-06)
(-3.4536856443409e-07 -5.0192697013061e-07 -3.0161933460487e-06)
(-2.739981177979e-07 -3.4285183623115e-08 -2.9428588626866e-06)
(-1.8366177029658e-07 -2.7165613498552e-07 -2.5367639019378e-06)
(-3.9101667821291e-07 2.4927466788035e-06 -1.1153654082016e-05)
(-1.3254164350765e-06 3.1946632021507e-06 -1.0939517059436e-05)
(-5.6960454287679e-08 2.5441069493052e-06 -7.2941116214021e-06)
(-4.8788347898612e-07 1.5072318017557e-06 -8.0975812734519e-06)
(-5.1669048968114e-07 3.5630693251665e-06 -1.0390231993728e-05)
(-6.0200158881853e-07 2.4321658936926e-06 -8.5745518489253e-06)
(-3.9180473800479e-07 7.3432182749048e-07 -4.4811751283492e-06)
(-8.3555472199462e-08 7.8730137218926e-07 -4.3228296374215e-06)
(-4.2966651943848e-07 1.4179781087113e-06 -5.6718006735983e-06)
(-2.0322030986553e-07 7.1746147736175e-07 -3.1739142791388e-06)
(-6.2700227901359e-07 9.3425985164651e-07 -3.9814478828324e-06)
(-1.1125623797972e-07 3.8816992999654e-07 -2.8323158163e-06)
(5.3082212563977e-09 3.0345868314229e-07 -2.1239315348407e-06)
(-1.7043060568532e-07 -7.1814791666497e-08 -1.7343695708896e-06)
(-3.8809187611754e-07 -2.5469055490629e-08 -2.4478987741086e-06)
(-1.5255640162236e-07 2.6591582364971e-07 -1.9573353811218e-06)
(-1.5117751401961e-07 1.1381694873383e-07 -2.1299551071138e-06)
(-2.2158657898233e-06 -1.2578398485073e-06 -6.6452487026188e-06)
(-1.5889521815119e-06 -2.4375882037452e-06 -7.8486092423074e-06)
(-1.3390302308752e-06 -1.8367050313376e-06 -5.1620627093393e-06)
(-6.0545209784232e-07 -6.0144723734591e-07 -3.1589388606105e-06)
(-1.8505809819723e-06 -1.7522418203505e-06 -8.4654898319098e-06)
(-5.6875602211064e-07 -1.6470300155912e-07 -2.6302218523514e-06)
(-3.4560381758413e-07 -2.0980424745343e-07 -2.0723834047262e-06)
(-5.6100245810125e-07 5.8571359566422e-09 -2.4959527556366e-06)
(-1.1115310676526e-06 7.5757245403575e-07 -3.3784937117391e-06)
(-8.9615870821001e-07 4.0724486218549e-07 -3.0357744758808e-06)
(-8.3461536942115e-07 7.0402700608483e-07 -2.4984425747469e-06)
(-7.3351560679677e-07 8.4436645106424e-07 -3.0416065312958e-06)
(-1.2340295516958e-06 1.6364764928555e-06 -5.9711012541091e-06)
(-5.5952800617218e-07 -9.0684028141434e-07 -2.9642971357663e-06)
(-2.7202628400626e-07 -3.6650755598424e-07 -1.5654408171013e-06)
(-3.3537272227752e-08 -4.9163407337302e-07 -2.0789734246925e-06)
(-1.0488156763006e-07 -7.353935755156e-07 -3.48948948068e-06)
(-1.8646518607023e-07 -1.1615288192499e-06 -3.5172679656476e-06)
(-1.5732322854664e-07 -4.945678247579e-07 -1.6532088618586e-06)
(2.5948969955581e-07 -1.0387129931638e-06 -4.6887327929214e-06)
(-1.2809660403258e-07 -9.06008944414e-07 -4.7199578299011e-06)
(5.394939349721e-07 -1.9034378269382e-06 -6.2753170325065e-06)
(2.4934910231183e-07 -1.228799288667e-06 -4.0622605426605e-06)
(-5.4444308514082e-08 -2.335557957579e-06 -8.1472606478329e-06)
(8.1254123863638e-07 -2.1868705655799e-06 -1.0096884116899e-05)
(9.8968500288275e-07 -2.3925721637526e-06 -1.2312270605829e-05)
(2.4232806760164e-07 -1.744176632645e-06 -8.7617220756639e-06)
(3.3264425310959e-07 -1.7148794895204e-06 -1.0356388439966e-05)
(5.1337306034407e-07 -2.5452244363358e-06 -8.5452955741596e-06)
(1.6025879964667e-07 -3.3294895036117e-06 -8.4174531615096e-06)
(4.4307582186685e-07 -2.6579243568445e-06 -1.1960611958305e-05)
(9.5044146708444e-07 -3.9241921962281e-07 -4.8193211024955e-06)
(1.3698065185169e-06 -4.1158950688782e-08 -5.963416902907e-06)
(8.6437650572721e-07 -1.7621084380203e-07 -3.7007773061185e-06)
(2.3525837801197e-06 -2.208308520353e-06 -8.9472303701516e-06)
(1.9190155822546e-06 -1.7731987941694e-06 -1.2154514371999e-05)
(1.8516329082013e-06 -2.6840771386113e-06 -1.0704150219529e-05)
(8.5679581861345e-07 5.7938426075334e-07 -2.4207254555474e-06)
(9.5051593966327e-07 7.2751795462183e-07 -3.3981805032319e-06)
(1.1227214444385e-06 4.5708327533277e-07 -3.2460667353954e-06)
(1.9192983614835e-06 1.1169889307845e-06 -5.0512344901376e-06)
(1.9752120242853e-06 3.0482341686353e-07 -6.4390628024526e-06)
(1.1512830988524e-06 2.9156891296386e-07 -5.2213958396721e-06)
(2.6082976719413e-06 7.9253936486195e-07 -6.5319498770112e-06)
(2.9858546367835e-06 3.2472612756257e-07 -7.7381597255103e-06)
(1.905318064594e-06 -1.5459066306127e-07 -5.7258089379687e-06)
(2.3437456063059e-06 -2.5130389207701e-07 -8.101431558651e-06)
(2.4749055593628e-06 9.4352172639698e-07 -9.0256107501932e-06)
(1.5031729839241e-06 2.6283109196229e-07 -4.3325698888016e-06)
(4.4464068520187e-07 6.5426458752381e-07 -3.5016497926648e-06)
(1.5662286986326e-07 7.3441520008883e-07 -3.7164861186912e-06)
(7.7370389994544e-07 8.5603957678456e-07 -4.7243161495575e-06)
(5.4565084251408e-07 1.2010298698101e-06 -5.1359160475794e-06)
(1.3345141002559e-06 1.0936206525735e-06 -5.4975796243651e-06)
(1.7812804901466e-06 1.8461461138207e-06 -6.3460394603161e-06)
(9.6773465674761e-07 5.8226797665452e-07 -5.1317294606382e-06)
(9.9264054721628e-07 1.5466357088939e-06 -5.8458388148149e-06)
(7.7528116915838e-07 1.0838940096605e-06 -4.0645811406533e-06)
(1.0463636710766e-06 1.7747821805419e-06 -7.4639792976973e-06)
(8.296037576617e-07 6.6268060990172e-07 -3.9579225876158e-06)
(1.0473403025742e-06 1.0941278040633e-06 -6.4014934165401e-06)
(2.965247582444e-06 2.0566205672467e-06 -9.9740999131765e-06)
(1.7289109537671e-06 1.6629446451342e-06 -9.8359788541032e-06)
(2.8045190683956e-06 1.9395117150146e-06 -1.2531482576496e-05)
(1.7965794288542e-06 2.937168654659e-06 -1.0860726325956e-05)
(8.4191816555465e-07 2.7776569514625e-06 -1.054005248624e-05)
(9.7219405338116e-07 3.6681307111876e-06 -1.0885346109374e-05)
(6.9311936117435e-07 2.2538616695453e-06 -7.2906702642055e-06)
(1.6085789724294e-07 2.2305369569666e-06 -1.2392328777781e-05)
(-2.66978152536e-07 2.307057021582e-06 -1.381717757576e-05)
(9.2810742149112e-07 2.8535854088035e-06 -1.303570903219e-05)
(1.037624900667e-06 2.7642684111766e-06 -1.5527828982234e-05)
(3.1826067481539e-07 1.4678857951108e-06 -1.1210556707302e-05)
(3.2628520080208e-07 3.3347699264115e-06 -1.2495421408385e-05)
(-2.8561894508401e-05 9.5088262237776e-06 -5.6781152770695e-05)
(-1.873510978417e-05 6.3864670101452e-06 -5.3004281103696e-05)
(-2.1448863169724e-05 1.3627576696911e-05 -5.5350369933632e-05)
(-1.4978144466164e-05 4.7409836332824e-06 -5.1603252797204e-05)
(-3.634030050365e-05 8.607329145093e-06 -5.5336879697847e-05)
(-3.1108100546191e-05 4.6729805671177e-07 -5.6797260076544e-05)
(-3.5689940718518e-05 1.7538890602423e-05 -5.572403209711e-05)
(-2.7239443507056e-05 1.7521086065782e-06 -5.5723537301068e-05)
(-2.3420275489491e-05 4.2351495314188e-06 -5.6190210193382e-05)
(-1.3807786840953e-05 6.4618360218142e-06 -4.6012069405637e-05)
(-1.6430102233427e-05 1.2469571287027e-05 -5.4921262219981e-05)
(-1.7998972164579e-05 2.5028148187693e-05 -5.5107506871536e-05)
(-2.9916136522399e-05 1.540760465766e-05 -5.4545255151203e-05)
(-3.2742455466121e-05 1.0432726968334e-05 -5.4331917024572e-05)
(-2.2651680387894e-05 9.6301793069563e-06 -5.6563782414051e-05)
(-2.8443560920494e-05 -1.6888730451224e-05 -5.6987988966434e-05)
(-1.6876530500356e-05 -1.7969210615621e-05 -5.4930669132961e-05)
(-3.2833187985341e-05 -2.735053282567e-05 -5.5272773666854e-05)
(-1.8851512811151e-05 -3.7865977305899e-06 -5.4709029260145e-05)
(-1.5300172474944e-05 -5.0824309380448e-06 -5.1561681608468e-05)
(-1.3574651892095e-05 -7.6007371731478e-07 -5.0371487059819e-05)
(-2.9791514486215e-05 -2.7742956257971e-06 -5.4914718710504e-05)
(-2.8299339636187e-05 -8.6510414423301e-06 -5.5121570505752e-05)
(-3.2958332911278e-05 -5.4677193207533e-06 -5.5502761071601e-05)
(-2.1258205489707e-05 3.4221185166385e-07 -5.5569873952478e-05)
(-2.0468639850196e-05 9.470101352325e-07 -5.5131759879584e-05)
(-2.3451543667841e-05 -3.2721608351118e-06 -5.5997539070742e-05)
(-2.3395981613502e-05 -4.6549920922711e-06 -5.2426226172669e-05)
(-4.1358615234801e-05 -6.5118457787654e-06 -5.6244421351643e-05)
(-4.9047554203586e-05 -1.6501201392212e-05 -5.4744400252471e-05)
(-3.2896468598822e-05 1.5385094984454e-06 -5.5993895040896e-05)
(-2.6093128410998e-05 -4.6552673216204e-06 -5.5591565828581e-05)
(-7.5936174320139e-06 4.8530487384315e-06 -4.9731203236246e-05)
(-1.2722846239276e-05 5.7093329504164e-06 -5.3951937684331e-05)
(-2.0336739253866e-05 7.8151544967451e-06 -5.356838321673e-05)
(-1.3462417025408e-05 -3.5427011605116e-07 -5.3204620353739e-05)
(-4.5140826850415e-05 1.1793136202348e-05 -5.7543551569528e-05)
(-2.9275319067106e-05 6.8989383704496e-06 -5.3162740814161e-05)
(-2.9296808726063e-05 2.0300183681158e-05 -5.5940152201422e-05)
(-2.3051518621051e-05 7.5630596919092e-06 -5.1828600146875e-05)
(-5.8917090522784e-05 1.4361448774272e-05 -5.566633074238e-05)
(-6.8016275943308e-05 9.1308689670838e-06 -5.557736985953e-05)
(-4.5837294689349e-05 2.2480440734592e-05 -5.7964515597002e-05)
(-4.4912061258684e-05 1.5158829742496e-06 -5.6752084544034e-05)
(-4.195279333852e-05 5.486535446856e-07 -5.5114719244449e-05)
(-8.2715445642832e-06 7.9088443102828e-06 -5.0358778363177e-05)
(-5.4188734609344e-06 9.2142356911911e-06 -4.9651379664763e-05)
(-4.7294055108538e-06 1.3888368166505e-05 -5.3431942505125e-05)
(-3.7103408707509e-06 4.4356189720156e-06 -4.0628416578979e-05)
(-8.0030834534007e-06 1.4825662899818e-05 -5.4804216932363e-05)
(-5.8484394785369e-06 4.2777601689588e-06 -4.5303822395322e-05)
(-5.9061246518389e-06 7.1512221100035e-06 -4.9554271285048e-05)
(-5.0313505873841e-06 4.3682291845543e-06 -4.8469308475341e-05)
(-6.9219611617379e-06 8.5173260845503e-06 -5.2107628716702e-05)
(-1.2774798302707e-05 6.8418585223344e-06 -5.2173792769403e-05)
(-2.2061637377225e-06 9.9635277086053e-07 -3.4183321136175e-05)
(-5.0522730058776e-06 1.6023971555693e-06 -4.4824467749418e-05)
(-3.5794418158846e-06 1.7693122843618e-07 -3.8680138622262e-05)
(-2.5368934324057e-06 8.9782512455744e-07 -3.6679842760487e-05)
(-3.0244040763508e-06 2.3868864485818e-06 -4.2171089533015e-05)
(-3.4841855619797e-06 1.5519328539673e-06 -3.8603820823372e-05)
(-1.331648719963e-05 -1.2983808794577e-05 -5.469795329777e-05)
(-7.4099713525531e-06 -8.2435997945334e-06 -5.1164416704441e-05)
(-3.1781416186439e-06 -6.5149048178449e-06 -4.5758720249041e-05)
(-1.009531321921e-05 -3.1265988533768e-06 -5.1505435514145e-05)
(-5.6999810661094e-06 -1.8355981274269e-06 -4.6318363860538e-05)
(-9.4538352806971e-06 3.7163846779385e-07 -5.1019571083952e-05)
(-9.5943775027145e-06 -4.6010254494634e-06 -5.1982590873476e-05)
(-1.0548901652988e-05 -2.575413036407e-06 -5.1255927731415e-05)
(-6.4909952304236e-06 1.704996042654e-06 -4.9234973348925e-05)
(-3.6286755838188e-06 1.1893338956962e-06 -4.2666064826271e-05)
(-4.1418361355239e-06 2.6922285721284e-06 -4.6326439408127e-05)
(-9.4340058403319e-06 2.526238794228e-06 -5.0155477014442e-05)
(-5.8500907308228e-06 2.73429509436e-06 -4.9303116400144e-05)
(-1.4722744469834e-05 -1.6742590496223e-05 -5.5724677319981e-05)
(-1.1187834819711e-05 -1.8346316145217e-05 -5.5936456883439e-05)
(-9.0955246710035e-06 -1.1257647879438e-05 -5.041416106569e-05)
(4.7709374553438e-06 3.8125306418604e-05 -5.7848676896247e-05)
(2.2685287813365e-06 3.1487898519617e-05 -5.7345611011506e-05)
(-1.2961093014369e-05 4.2542502049808e-05 -5.7072259814508e-05)
(-5.4029830864307e-06 4.9348385283812e-05 -5.5306421715707e-05)
(-5.2164906279758e-06 3.201334233487e-05 -5.6838083857965e-05)
(-2.7753082900117e-06 2.0960882805481e-05 -5.3102257452584e-05)
(-6.34888085474e-06 3.3686382351381e-05 -5.7772346808959e-05)
(-3.9291712274537e-05 2.9012438858153e-05 -5.7758085456939e-05)
(-1.1591957408612e-05 4.9440894278298e-05 -5.7374528767129e-05)
(-2.7931321457337e-05 3.0919028842803e-05 -5.6264905009851e-05)
(-6.1805542462452e-05 3.8528130539947e-05 -5.5800659053401e-05)
(-4.2368449751198e-05 3.3401324157532e-05 -5.7282645012397e-05)
(-7.9632205640365e-05 2.7687131313927e-05 -5.249381745828e-05)
(-6.5662236632809e-05 5.9317314358447e-05 -5.1843918054798e-05)
(-1.3187346720148e-05 -1.7129099197731e-05 -5.1401855269961e-05)
(-2.348689060223e-05 -2.5592796988461e-05 -5.6611250493458e-05)
(-1.081407077599e-05 -2.7207270015713e-05 -5.5487198415438e-05)
(-3.3249095603569e-05 -2.9914730320306e-05 -5.6269097300958e-05)
(-5.9517890449771e-05 -2.3522025639095e-05 -5.4892039943939e-05)
(-3.9502108074349e-05 -1.0991730399579e-05 -5.6052406004199e-05)
(-4.6778608729963e-05 -3.5656513827498e-05 -5.5775774904219e-05)
(-4.8699392789353e-05 -2.549282341523e-05 -5.741462329283e-05)
(-4.7584784935327e-05 -7.5556959013845e-06 -5.5437544551318e-05)
(-3.5650606114223e-05 -1.2405201070994e-05 -5.0758150403692e-05)
(-6.6211074735899e-05 -9.3180197044631e-06 -5.6013937473116e-05)
(-5.7137879308417e-05 1.2954345799458e-06 -5.6187068540107e-05)
(-5.7631430343128e-05 -2.1139354987977e-05 -5.5627110910605e-05)
(-4.7501479538046e-05 -1.2443619818524e-05 -5.657552813636e-05)
(-6.8602264987505e-05 2.7785839840533e-05 -5.3506915183739e-05)
(-4.5410479896321e-05 1.2637233708941e-05 -5.0283363738701e-05)
(-3.9874102475193e-05 2.5598136292044e-05 -5.1971402740771e-05)
(-9.5336508089549e-05 2.5093356515251e-05 -4.8799614402552e-05)
(-7.037313843302e-05 -1.0315673192514e-06 -5.1299821576625e-05)
(-6.4832401652215e-05 1.0576263311875e-05 -5.4413804638555e-05)
(-2.8895547060303e-05 3.8464231230001e-05 -5.2062539467542e-05)
(-4.2238804907708e-05 6.9594374883907e-05 -5.2423169155325e-05)
(-3.5156533570761e-05 6.0033021646758e-05 -5.4932192146051e-05)
(-2.8863999753557e-05 1.9689382697026e-05 -4.7220645069683e-05)
(-3.1311161884605e-05 3.0694489879589e-05 -5.262791175037e-05)
(-1.3812268250053e-05 3.4983045502302e-05 -5.0470237726376e-05)
(-3.3587181767818e-05 3.8950587536647e-05 -5.0467964489603e-05)
(-7.9460256288851e-05 5.777581152641e-05 -4.8877536629723e-05)
(-5.9887508454739e-05 4.7295278251492e-05 -5.0781464459624e-05)
(-0.00010223993933759 5.5579575599473e-05 -4.0685170910428e-05)
(-0.00011416604488781 3.1036298126928e-05 -3.9529453494263e-05)
(-8.5745445366861e-05 8.1721464423923e-05 -3.9821769227016e-05)
(-5.7286180198235e-05 -5.8641893253613e-05 -5.2670030894449e-05)
(-2.9826562353749e-05 -4.4865494548815e-05 -5.4412693054567e-05)
(-9.8084619756119e-05 2.9440643276194e-05 -4.1412305042959e-05)
(-6.7357209030408e-05 2.1459423591054e-05 -4.3623932794332e-05)
(-7.3291578724974e-05 4.9535883377745e-05 -4.3518962087254e-05)
(-9.9701941224488e-05 9.4540097296707e-06 -4.4771868142916e-05)
(-1.6264295145901e-05 9.6986842177282e-05 -4.6166692309813e-05)
(8.2183483821046e-06 9.951375361431e-05 -4.6336528152182e-05)
(8.1433695485553e-06 9.1021819457069e-05 -5.0660233089472e-05)
(-3.2756420586311e-05 9.1000949282657e-05 -4.8720575694733e-05)
(-1.941980498933e-05 6.9207557055696e-05 -4.9566966165691e-05)
(-1.1154150122862e-05 7.389971346651e-05 -5.1635469096492e-05)
(-4.7037037060067e-05 8.3937502929817e-05 -4.5989081138988e-05)
(-5.5128054741838e-05 5.3265834912006e-05 -4.778289048294e-05)
(-2.6671278822891e-05 5.4048722356018e-05 -4.7091326047622e-05)
(-6.3694138210482e-05 7.6315958225259e-05 -3.9479876809888e-05)
(-6.0218436058806e-05 7.7819524212308e-05 -2.6960264453605e-05)
(-7.1432056683966e-05 7.3009569378048e-05 -9.762616543351e-06)
(-5.4089326282895e-05 9.7372795784822e-05 -1.1447461196513e-05)
(-6.2788029930486e-05 5.3821131284222e-05 -3.1183575971537e-05)
(-3.2415018649521e-05 6.9813259468999e-05 -3.6120742184811e-05)
(-0.00010144858410594 3.0922191599633e-05 -2.4870301038624e-05)
(-0.00011173226758764 2.5963004212627e-05 -1.3295547028365e-05)
(-0.00010085398691383 2.087595107003e-05 -4.3819956672521e-06)
(-0.00010340012127875 4.8850197472513e-05 -1.7620591025779e-05)
(-0.00010109766289536 3.0900607569854e-06 -2.2234097894651e-05)
(-0.00011330511943751 1.9218598903682e-05 -2.5623020607138e-05)
(-6.9136577307061e-05 -8.3309032806677e-05 -3.3700477633297e-05)
(-8.3743793713916e-05 2.2063586587908e-05 -1.6638399316154e-05)
(-7.682436271627e-05 1.6787618276676e-05 2.6344867025316e-06)
(-6.437987984098e-05 1.1258719786508e-05 4.2671412358575e-06)
(-6.1595640031233e-05 2.8135092126599e-05 4.8836875004675e-06)
(-8.3575860639129e-05 3.6785177196836e-05 -4.3112620911161e-06)
(-8.3654571426139e-05 6.6835238427708e-06 -5.4957474768101e-06)
(-9.3070370054329e-05 1.06878525429e-05 -8.136689798763e-06)
(1.2589842918579e-05 0.00010076553130845 -1.1806255935779e-05)
(1.2179070310545e-05 0.00011068549201083 -1.1054554764395e-05)
(-1.7798885548009e-05 9.3136918609253e-05 -1.2895887708343e-05)
(-7.2096139084531e-06 0.00010106031258604 -2.3336731780844e-05)
(-1.3251056715389e-05 8.2388369768018e-05 -3.9454161536793e-06)
(-3.129992683074e-05 7.5356431598887e-05 -6.6132818826861e-06)
(-6.2040435213925e-05 2.0836126135556e-05 -1.1964490536426e-05)
(-7.1992017270828e-05 -1.8840692155401e-06 -8.8019915708726e-06)
(-6.7339245997576e-05 -2.2277635096106e-05 -6.4983665664193e-06)
(-7.741339920325e-05 -1.6158762772907e-05 -1.0403560762383e-05)
(-4.1921358051869e-05 -7.4472647043093e-06 7.0382190474444e-06)
(-4.3876081211312e-05 -1.6194779817931e-05 3.7670783982839e-06)
(-6.0544246717385e-05 -5.7503420840817e-06 1.0170821431907e-06)
(-4.7008588820797e-05 1.1671218595546e-05 3.0212729040766e-06)
(-5.7369463954831e-05 1.0032721932675e-05 -1.5310624376649e-06)
(-4.6337765125343e-05 2.3500400583151e-05 4.3064155993172e-07)
(-3.1943712253209e-05 6.8970118854588e-06 7.2424517133066e-06)
(-4.2653973103653e-05 3.1293188951444e-06 4.8272773920918e-06)
(-1.979867769178e-05 3.4845829527006e-06 5.884563569312e-06)
(-2.3280866447008e-05 1.0197363938697e-05 5.7518282371636e-06)
(-5.75838303545e-05 1.9808520008817e-06 8.0166478520119e-07)
(-4.3245732796308e-05 6.4977013559105e-09 3.034873371979e-06)
(-4.1490408359552e-05 8.8571429308156e-06 2.9620256218765e-06)
(-2.2033729427798e-05 6.5045488194636e-05 -1.146766318004e-05)
(1.3817540497469e-06 6.7422175356766e-05 -2.4586914924242e-06)
(-3.387316368813e-05 5.7085908413803e-05 -6.2088944538733e-06)
(-1.5901388027248e-05 6.8355649607765e-05 -4.6280157751722e-06)
(-3.4952594577645e-05 4.4280587661353e-05 -4.1262046954738e-07)
(-3.1008001621936e-05 2.6604602811146e-05 3.7818462809832e-06)
(-1.6028000814382e-05 1.3495831875831e-05 5.012966324918e-06)
(-2.0574322913412e-05 2.7895639259025e-05 5.5101118711974e-06)
(-2.2356045390743e-05 3.7933427258179e-05 6.3411885627499e-06)
(-4.487715030837e-05 4.1735610239048e-05 -4.0349231338339e-06)
(-4.4025883667255e-05 4.1126658778709e-05 -1.1841909712859e-06)
(-4.8163484192004e-05 -5.3992357982939e-05 -9.2001201032217e-06)
(-3.6634337299715e-05 -3.7668119959089e-05 5.5372909970039e-06)
(-3.2346514916447e-05 -5.1850262226708e-05 -1.8555510359298e-06)
(-1.6832499598472e-05 -1.1331777035707e-05 6.4359499850339e-06)
(-3.2558281056951e-05 -3.0245792329169e-05 2.5699052172654e-06)
(-3.9886545713243e-05 -7.3509543568629e-06 2.7209761725971e-06)
(-4.4944425182341e-05 -1.3876613330948e-05 3.5857031004718e-07)
(-2.2206341102834e-05 -2.8098016300768e-06 4.5731268256905e-06)
(-4.730826147773e-05 -9.0968861695429e-06 2.3948107587496e-06)
(1.9599357842376e-06 5.1051988251663e-05 1.5253880208394e-06)
(1.1902904486341e-06 3.0900945939027e-05 5.9244964479503e-06)
(2.6815295673048e-06 5.1907192035895e-05 3.4829847135249e-06)
(-1.1948439279343e-05 3.398660245786e-05 4.4481857746073e-06)
(-1.2199888379593e-05 4.9098229179923e-05 2.7028830106392e-07)
(-9.6264534632972e-06 4.900696507507e-05 -8.2898732412644e-07)
(3.5191504948789e-06 4.3705186949575e-05 -1.3301793181811e-06)
(3.1789246452393e-06 4.0437428848003e-05 1.9573595031838e-06)
(-1.8351533207718e-05 4.098142488933e-05 6.0836113467632e-07)
(-6.6836185565779e-06 3.9022191898815e-05 2.4135135696035e-06)
(-1.1037686879675e-05 4.0277345537459e-05 -1.868775336994e-06)
(-2.8005081572338e-05 -2.3452463126456e-05 3.1109861612285e-06)
(-1.1196513913215e-05 -1.1878254105746e-05 5.4432388243507e-06)
(-3.249759003028e-05 -9.8804280142427e-06 2.2563272526065e-06)
(-3.2467628216346e-05 -2.837132943254e-06 2.8286758741244e-06)
(-3.0435505915545e-05 2.4233509217841e-06 2.3109488419658e-06)
(-3.9173567167526e-05 -1.2420053265184e-05 8.7223807980558e-07)
(-1.8737999651655e-06 5.5175014996802e-07 -4.0273913948907e-05)
(-1.2966212129974e-06 3.8154107043448e-07 -3.6120121089197e-05)
(-1.0685477401595e-06 2.2392830503629e-07 -3.5240651163401e-05)
(-2.8460134176174e-06 7.3642056468494e-07 -4.1201405733202e-05)
(-2.5240696114479e-06 1.2904013895652e-06 -4.1388286315361e-05)
(-2.3968129422047e-06 1.1207969251126e-06 -4.0457784746928e-05)
(-1.7949397050704e-06 8.0885899273195e-08 -3.964638433634e-05)
(-1.862912506704e-06 4.3646089774801e-07 -3.99133575513e-05)
(-2.4562982350953e-06 6.1595805094845e-07 -4.1764593057548e-05)
(-9.4299875490026e-07 1.1983398658185e-06 -3.7287841674104e-05)
(-1.4612179811174e-06 1.339408856359e-06 -3.9720470747656e-05)
(-6.2050819550204e-07 1.6459553462149e-06 -3.9471612787851e-05)
(-1.2472661943811e-06 9.7703402017055e-07 -3.7098112809842e-05)
(-5.4872807239771e-07 2.1566711658664e-07 -2.8963325858524e-05)
(-4.9235826497508e-07 2.0296640555138e-07 -2.875680144544e-05)
(-6.5911891290607e-07 5.3726786915464e-07 -3.3239507338509e-05)
(-5.2328744635833e-07 7.4795398316402e-08 -2.9616514027657e-05)
(-9.705228873204e-07 4.7652010721387e-07 -3.1953072899896e-05)
(-4.1304654833401e-07 2.7089901767259e-07 -2.4071234062251e-05)
(-1.4885313404133e-06 5.5247772887823e-08 -3.5866398494575e-05)
(-1.8151378374686e-06 5.6825035229562e-07 -3.8512697753594e-05)
(-1.6506913724146e-06 1.3149930999434e-06 -3.9611160506837e-05)
(-7.1199473086555e-07 4.6994152712979e-08 -2.770306601421e-05)
(-8.430740268486e-07 4.1134905578925e-07 -3.1148415102675e-05)
(-1.2262450454545e-06 -2.6767813580179e-07 -3.6951175381326e-05)
(-8.3024972251485e-07 -3.0268941323631e-07 -3.3295041767516e-05)
(-6.6938207960676e-07 -1.3809391098862e-07 -3.1716799409426e-05)
(-1.5914413396869e-06 3.2957006238122e-08 -3.8600667903575e-05)
(-1.0056253627664e-06 9.5991697805794e-08 -3.5399320250159e-05)
(-1.6487666265745e-06 -6.4106497128368e-07 -3.910958315472e-05)
(-1.3511367650022e-06 -2.1947053242887e-07 -3.765561160757e-05)
(-2.8314189855663e-06 -9.2468375588797e-07 -4.2622244616451e-05)
(-3.1660285765687e-06 2.6186411547807e-07 -4.3369054062338e-05)
(-2.2314441010119e-06 -5.0427484100772e-07 -4.0546657027243e-05)
(-2.9908120188471e-06 -6.2432055626655e-07 -4.3004830876046e-05)
(-5.5687052433339e-07 8.4969831462732e-08 -3.1603274913958e-05)
(-4.0381825013875e-07 2.6067949842646e-07 -3.0015502718953e-05)
(-2.92960099479e-07 8.5082973114649e-08 -2.6948036292249e-05)
(-7.4082272854846e-07 3.582923209819e-07 -3.3980322329783e-05)
(-3.6414309438449e-07 1.0486595109549e-07 -3.0172958784853e-05)
(-3.2335250191148e-06 7.7542044838288e-07 -4.4472529487118e-05)
(-1.8965205181741e-06 3.5301307029852e-07 -3.8080449007609e-05)
(-4.8917553929725e-06 1.2794948394177e-06 -4.5587979501373e-05)
(-3.6476090544479e-06 1.743285136092e-06 -4.607731367514e-05)
(-3.0645733839222e-06 1.3599158962745e-06 -4.4139609651459e-05)
(-2.7953563560605e-06 5.7198321534498e-09 -4.2645054197753e-05)
(-3.8948516057978e-06 2.3486545129078e-07 -4.5515115292034e-05)
(-2.4399533305394e-07 1.1080902850716e-06 -3.3000668753841e-05)
(2.2491364537847e-07 1.8413008552921e-06 -3.8596634859008e-05)
(-4.1713086038827e-07 1.9863918831078e-06 -4.0130040963234e-05)
(-1.5855439563302e-07 7.421837584704e-07 -2.9517313745851e-05)
(-1.7637678121105e-06 1.8387617879298e-06 -4.1958119954822e-05)
(-9.0379725491099e-07 1.5498873903726e-06 -3.6703147644543e-05)
(-9.1269903627059e-07 2.731020845721e-06 -4.2952281534788e-05)
(-2.8051400663708e-06 2.2487377967114e-06 -4.5303480433011e-05)
(-2.0318189121785e-06 3.0203385811923e-06 -4.5093863876541e-05)
(-1.9719076489318e-06 2.6819738515323e-06 -4.3762596932192e-05)
(-1.473091418525e-06 1.0980325669434e-06 -3.7512875845204e-05)
(-2.0098884006027e-06 2.2598620665484e-06 -4.3110381572534e-05)
(-5.168168339973e-06 3.6619320754442e-06 -4.9085069256673e-05)
(-3.6229665727111e-06 3.2185655942806e-06 -4.7665896329294e-05)
(-7.5518508907355e-06 2.7414865061331e-06 -4.8417691972297e-05)
(-4.6398514832327e-06 2.1726088448919e-06 -4.7925567967631e-05)
(-1.0420521205594e-07 1.0700880295782e-06 -3.6113792004971e-05)
(1.4006565903431e-07 1.449515650201e-06 -3.6309653795534e-05)
(8.0041533587643e-08 8.4060789122419e-07 -3.4467850975162e-05)
(-4.7261670402021e-07 1.1015854567386e-06 -3.5554244007827e-05)
(-1.6876565077143e-07 1.475940560361e-06 -3.6230929753861e-05)
(-1.0634796896237e-07 6.0540695363869e-07 -3.1924489417897e-05)
(-1.0737250238995e-07 8.1182652793918e-07 -3.42142076584e-05)
(-1.9858717870995e-07 6.0041732306857e-07 -2.9650936807127e-05)
(8.0629447424813e-08 4.9324971514116e-07 -2.7149525736268e-05)
(6.1699505554293e-08 9.5691526268672e-07 -3.4125816009353e-05)
(-1.091870184512e-07 3.0306005792425e-07 -2.302148655151e-05)
(-1.2963384119038e-07 6.0042964732921e-07 -2.8432206506183e-05)
(-4.611366927788e-07 6.4184304227287e-07 -3.2631938751468e-05)
(-6.1637167293795e-07 5.0045682271271e-07 -3.3492921125942e-05)
(-2.0441380532642e-07 5.5407694093325e-07 -3.1672225758164e-05)
(-2.9082947039007e-07 4.6220204663456e-07 -3.1203310462594e-05)
(-8.8821160705452e-08 2.2417788108092e-07 -2.440778383109e-05)
(-2.8153836330626e-07 -8.099819250345e-07 -3.3712224374173e-05)
(-7.3113777816471e-07 -8.0247801092021e-07 -3.5490755802956e-05)
(-3.2402062546234e-07 -5.0371976101683e-07 -2.9392378444285e-05)
(-4.8288376375439e-07 -3.396622345615e-07 -2.9241675908354e-05)
(-2.1775773412071e-07 8.2228439828831e-08 -2.6698131486721e-05)
(-1.8883949009922e-07 4.2404061244764e-09 -2.4515842782318e-05)
(-4.083232443578e-07 -9.5840482954214e-08 -3.0703627810126e-05)
(-2.0946477629552e-07 -7.8871554724306e-08 -2.6116062151745e-05)
(-9.5763694185855e-08 -1.8029885868867e-08 -2.3104335420832e-05)
(-2.8045542625309e-07 -1.5776147525846e-09 -2.8513402197819e-05)
(-1.231972740865e-07 3.6028777097903e-09 -2.6552143409285e-05)
(-9.4974295610094e-08 -3.2701885503062e-08 -2.6387102131842e-05)
(5.6247502505654e-08 -1.6695292903776e-08 -2.6436584134639e-05)
(1.1587285854148e-07 -3.7787273628061e-08 -2.1985298391561e-05)
(1.2596691188499e-07 -1.4375365858834e-08 -2.765197409381e-05)
(2.0283316755284e-07 -5.3761676728551e-08 -2.7477726124633e-05)
(1.0341937807733e-07 -9.2758423411461e-09 -2.5683646950044e-05)
(-1.8148370917341e-07 5.2678668877491e-08 -2.8753841284357e-05)
(-2.6642530090421e-06 -2.8602168337402e-06 -4.3630010812328e-05)
(-2.5112156038174e-06 -1.9593431369747e-06 -4.2997835304899e-05)
(-1.8559328432069e-06 -2.784279973353e-06 -4.378480346478e-05)
(-1.33757239672e-06 -1.3528982387043e-06 -3.8700922949225e-05)
(-1.2398673089762e-06 -1.5880471383046e-06 -3.8684735422463e-05)
(-1.3034292535501e-06 4.414043946004e-07 -3.2917207253764e-05)
(-8.3143751201918e-07 3.9756682625193e-07 -2.8211647715135e-05)
(-2.5117930492034e-06 1.7150509043633e-06 -4.2637503252316e-05)
(-1.9229635289057e-06 8.6747843445633e-07 -3.6792714472512e-05)
(-4.3107180607998e-06 -1.5576130562104e-07 -4.6537170372442e-05)
(-2.7843517283071e-06 -1.0808307616934e-06 -4.1850193971145e-05)
(-6.2034972928178e-06 -4.9374582784456e-07 -4.8229055031627e-05)
(-7.3418693645924e-06 -2.226181388786e-06 -4.7737837714546e-05)
(-7.4356487036698e-06 -1.0823518746348e-06 -4.9611614695063e-05)
(-5.0435665822006e-06 -1.8242449619339e-06 -4.8107497920272e-05)
(-4.2528209751803e-06 -1.0602293219037e-06 -4.5887863950602e-05)
(-5.4739524836943e-07 4.0717663950516e-06 -4.6135034224281e-05)
(3.0738847078673e-07 3.8197132644401e-06 -4.503984217323e-05)
(4.8179242227308e-07 5.9350883571821e-06 -4.5954401062454e-05)
(4.5187997554453e-07 3.0857705563327e-06 -4.3520168518205e-05)
(-1.4659594911044e-06 3.3918457288206e-06 -4.5239819684448e-05)
(-1.4969115194142e-06 4.7418447601035e-06 -4.717780396529e-05)
(-4.4936489309004e-07 3.4742157454823e-06 -4.4240425921298e-05)
(-4.4598173758278e-07 2.9888041935659e-06 -4.3784325831699e-05)
(-5.7742086050352e-07 4.962821472815e-06 -4.4436774130726e-05)
(-4.1402262419252e-07 2.0858638055545e-06 -3.7402850235423e-05)
(3.5091864818041e-07 1.8046761730196e-06 -3.4633097666916e-05)
(-9.5380992449565e-07 2.5312560142205e-06 -3.9602327514033e-05)
(-1.0946879014325e-06 4.9578472130683e-06 -4.6927390071051e-05)
(-4.8965379770463e-08 2.376589624463e-06 -3.7409819576185e-05)
(-3.2257592176631e-06 3.5335237732476e-06 -4.6179888898348e-05)
(-1.576426589782e-06 3.0630880012774e-06 -4.1826089428084e-05)
(-1.676492245777e-06 5.0791460104373e-06 -4.755401703114e-05)
(-3.8467235110256e-06 3.9784730920327e-06 -4.8355287040499e-05)
(-3.5497507093385e-06 5.5139365364463e-06 -4.9214411837945e-05)
(-3.2311522141389e-06 5.2099810694708e-06 -4.8851834153876e-05)
(-2.2767374075425e-06 2.6434320510914e-06 -4.3077303143961e-05)
(-1.9276087869245e-06 -1.7966288556021e-06 -4.0131880120927e-05)
(-1.2260123131061e-06 -2.3001254634176e-06 -4.027548785181e-05)
(-2.5202424491194e-06 -3.9787797251147e-06 -4.6649943377222e-05)
(-2.0938375536807e-06 -2.5192699444021e-06 -4.2887884654731e-05)
(-1.9724558475946e-06 -2.3976042609941e-06 -4.1761221442734e-05)
(-6.1548585769036e-06 -3.9681353113771e-06 -5.0552455165671e-05)
(-4.3506651433584e-06 -4.1161831870389e-06 -4.8494632846734e-05)
(-9.4518684397739e-06 -4.9937415664941e-06 -5.0733000379251e-05)
(-6.2385787761955e-06 -2.5186728802473e-06 -4.9885273557004e-05)
(-7.3262508839943e-06 -5.7568409538977e-06 -4.9997517046243e-05)
(-6.6816776850519e-07 7.5314861426843e-06 -5.0271572003145e-05)
(6.5221428935575e-07 6.7300676814622e-06 -4.9251972115319e-05)
(-1.3018711839434e-06 1.2076471448951e-05 -5.0844092781652e-05)
(-6.7645475845794e-07 5.4355942725186e-06 -4.6738779921062e-05)
(3.7567454973699e-08 3.9814444785215e-06 -4.0674663742524e-05)
(6.9424157885963e-07 7.0251058915887e-06 -4.8628344209029e-05)
(-1.5692305165457e-06 3.611503090814e-06 -4.0779468568994e-05)
(-1.584951476067e-06 7.0526749869799e-06 -4.9082906286797e-05)
(-7.2057047949672e-07 3.109555457273e-06 -3.9139242679788e-05)
(-3.5629228073803e-06 -3.9585051748332e-06 -4.5185052482781e-05)
(-5.8982954084743e-06 -4.2104739576256e-06 -4.8566984676074e-05)
(-6.7203466128029e-06 -7.4285946746621e-06 -5.1736785589001e-05)
(-5.5307854575428e-06 -1.0310702661469e-05 -5.2855165822558e-05)
(-4.1892275858305e-06 -6.0691924832977e-06 -5.0243183844048e-05)
(-2.9605727816985e-06 -3.4242996887926e-06 -4.4581318194718e-05)
(-1.9890179569224e-06 1.5571959153934e-05 -5.4786389071329e-05)
(1.2003203353159e-06 1.9033736711511e-05 -5.4048375906919e-05)
(5.4789222209411e-07 1.1788197964813e-05 -5.3112852536655e-05)
(-3.6529611963938e-06 9.4599954991796e-06 -5.105231712231e-05)
(-2.2713674179804e-06 1.1335232469036e-05 -5.3169504261154e-05)
(-4.5192507234011e-08 2.8525595176064e-07 -2.8832148415406e-05)
(-1.1005912885044e-07 3.1375076557278e-07 -2.9931777305245e-05)
(-1.1007022689854e-07 2.632745319928e-07 -2.7619070764654e-05)
(-1.6737009185839e-08 3.5927880128653e-07 -3.0254922372336e-05)
(-3.8775469929703e-08 1.933784963933e-07 -2.5241087214689e-05)
(-6.6470503443432e-08 3.2693097431585e-07 -2.779472168961e-05)
(8.9687617605669e-09 1.2962597768499e-07 -2.7925191693337e-05)
(-8.9857065129751e-08 4.630802369026e-07 -3.1050597235778e-05)
(-1.0181622049459e-08 3.0648641158707e-08 -1.9229519686737e-05)
(5.8658123858636e-09 5.7926102924657e-08 -1.9082888835581e-05)
(-5.2966949002652e-09 1.4963816584878e-08 -2.2144485393218e-05)
(-1.3248563717547e-09 4.455865730805e-08 -2.4301875357224e-05)
(3.1036254835856e-08 -1.7336938092667e-07 -2.2492252868567e-05)
(-1.8425317516502e-08 5.1028841209398e-08 -1.5852534992444e-05)
(7.7195568569816e-09 -4.2927513105544e-08 -1.7111514400498e-05)
(-2.5612346507796e-08 9.5520635139961e-08 -2.0805810474706e-05)
(4.3177864704105e-08 4.7367105746206e-07 -3.0337457849584e-05)
(-7.7777102508891e-08 4.8307964756553e-07 -3.0788075468773e-05)
(2.9180813590222e-07 -3.3363108229607e-07 -2.2008226805402e-05)
(8.2833223147074e-07 -6.437111557245e-07 -2.3607827622159e-05)
(1.365993959032e-07 -1.3869712235759e-07 -2.4047287557036e-05)
(4.5528921544562e-07 -5.7809420665245e-07 -2.4963069983933e-05)
(4.1609595834005e-07 -1.4858570360861e-07 -1.2493092620202e-05)
(6.0299743798989e-07 -4.1508360284308e-07 -1.4933782493463e-05)
(1.4095236531891e-07 -5.5840684775749e-07 -1.4155204988266e-05)
(-7.2355252390484e-08 -3.4925999793164e-07 -1.4074777436504e-05)
(-8.5159573060594e-08 -7.5939737135465e-07 -1.6925704709713e-05)
(3.2898389837235e-07 -4.7126863254461e-07 -1.6295369455334e-05)
(2.3701709347902e-07 -8.4159162377454e-07 -1.787624606451e-05)
(8.1196155040629e-07 -1.0680670890028e-06 -1.4362267920615e-05)
(3.3171830303428e-07 -6.7247977134379e-07 -1.2668572502003e-05)
(5.7705457660698e-07 -1.3467336387436e-06 -1.5748045443182e-05)
(5.5648886196025e-07 -8.8839704280597e-07 -1.1743149577172e-05)
(1.6148382623442e-06 -1.7592112616767e-06 -1.6595150903023e-05)
(1.7359393208821e-06 -1.0634640820326e-06 -1.8368319947927e-05)
(6.9818538479315e-07 -5.857554987233e-07 -1.3408594608245e-05)
(1.1170483100684e-06 -8.6537922221228e-07 -1.2039496765045e-05)
(1.1337238048581e-06 3.3900559302614e-07 -1.9611069200121e-05)
(5.8459557783523e-07 2.5125687015662e-07 -1.7271011315153e-05)
(1.9999883372333e-06 2.9034240009296e-07 -2.0577693322376e-05)
(1.1189290003436e-06 1.5485865458967e-08 -2.0757285745956e-05)
(1.3967423846435e-06 2.6647911501141e-08 -1.8080208720067e-05)
(9.7593774512847e-07 4.624211644884e-07 -2.2836799732749e-05)
(1.8203888093465e-06 5.7542284513816e-07 -1.810851644955e-05)
(6.969223788732e-07 1.5232048865703e-07 -2.08833129311e-05)
(1.3705014143261e-07 2.7215385506273e-07 -1.3992543263579e-05)
(7.7865851281094e-07 6.0926317240478e-07 -1.9860413559346e-05)
(1.2683557582183e-06 1.4376744234855e-06 -2.0952377217381e-05)
(2.4586913749459e-07 1.8459509266113e-07 -1.4594919510259e-05)
(9.3067816064264e-07 1.0114214924993e-06 -1.7067640433842e-05)
(2.1824145470564e-07 2.4098871510875e-07 -1.7409244555073e-05)
(1.8898958514105e-06 -4.1742221540963e-07 -1.6441792853847e-05)
(8.7363467286451e-07 -2.0293494777174e-07 -1.3895969868351e-05)
(1.3714355532655e-06 -3.379870787276e-07 -1.3272529724292e-05)
(2.947511239566e-06 -8.0060634448128e-07 -1.7376677675526e-05)
(7.5954921206614e-07 -3.5380240701888e-07 -9.0369485954528e-06)
(3.8032387615659e-07 -1.5735986701069e-07 -7.6109895013351e-06)
(1.3167490590455e-06 -2.1192317079355e-07 -1.0770094075386e-05)
(7.5598623431739e-07 -6.6875193237384e-08 -8.4894583059883e-06)
(7.1118393124588e-07 -2.8071311624363e-07 -1.0524567235402e-05)
(2.2346492466454e-06 7.6625606458865e-07 -1.3280684785863e-05)
(1.1260842984704e-06 3.0670863550451e-07 -1.0705458698671e-05)
(3.301428850952e-06 5.0645348000867e-07 -1.3466083009848e-05)
(3.0633799150668e-06 1.4412916684087e-06 -1.4796665910948e-05)
(2.8952745647401e-06 6.8927881658183e-07 -1.6415864467379e-05)
(2.2419783184219e-06 4.6109628518773e-08 -1.3741397839629e-05)
(2.4590769890936e-06 -1.6449191708499e-07 -1.0985867944729e-05)
(2.01627857851e-06 8.8775325211038e-07 -1.5517765033336e-05)
(2.3597818079148e-06 5.300179261436e-07 -1.0916591145116e-05)
(-1.1600142999393e-08 -3.1355373168464e-08 -2.346857233114e-05)
(1.9394534434782e-07 1.4109453554351e-07 -2.699597380672e-05)
(4.1859553215018e-08 2.2503501455941e-08 -2.547029883602e-05)
(1.0723560719676e-07 1.0035292937994e-07 -2.1085057452799e-05)
(2.2135118152203e-07 1.8091362845279e-06 -3.9658633092643e-05)
(1.7272927684982e-07 3.050197082261e-06 -4.1655642602723e-05)
(9.1363691129828e-08 1.7903845833934e-06 -3.9310368995116e-05)
(-7.5337942081293e-07 2.2940884746765e-06 -4.1260781938317e-05)
(-7.3351572040596e-07 2.5473619798549e-06 -4.2190384701486e-05)
(-1.3031023034775e-07 1.2116574190411e-06 -3.6117764200748e-05)
(9.3989867111357e-08 -1.0565491062432e-06 -2.1196206202878e-05)
(9.0753252955384e-08 -4.2872408296981e-07 -2.0557488845346e-05)
(8.3125399848376e-07 1.1248971154364e-06 -1.1104601180091e-05)
(1.8024549198837e-06 1.3243993322321e-06 -1.3455379644401e-05)
(2.4409794310744e-06 2.4381911353761e-06 -1.500848749374e-05)
(1.5389870166001e-06 2.1891691775534e-06 -1.3365499548205e-05)
(1.0796271267811e-06 1.1299923277893e-06 -9.8748235833924e-06)
(3.2818740013893e-07 -1.8605626664308e-06 -1.7491589815298e-05)
(-5.0991891806744e-08 -1.8674037077535e-06 -1.5651543024522e-05)
(-7.4898967805742e-08 -2.395502755433e-06 -1.8280188186898e-05)
(4.2246279444714e-07 -2.7201325654071e-06 -1.8143934862549e-05)
(2.0899816493093e-07 -1.1912987104765e-06 -1.4761548411887e-05)
(5.1124438706858e-07 -2.3355172255532e-06 -1.5030852984634e-05)
(2.9861333485213e-07 -8.0122937338103e-07 -9.6131249926294e-06)
(-4.3823443261089e-08 -1.6876630416853e-06 -1.2340077945789e-05)
(4.6739101240788e-07 -1.5093826529253e-06 -1.1702063871039e-05)
(2.2842776581983e-07 -9.9235540157965e-07 -8.679150603302e-06)
(2.6345784061426e-07 -1.1297881645211e-06 -1.2444608436349e-05)
(-2.5497423797302e-05 -4.4623291013321e-05 -5.7394350189446e-05)
(-1.5249376034429e-05 -5.5763149802159e-05 -5.6465533887091e-05)
(-9.2767339608236e-06 -4.4479748254058e-05 -5.6890719827735e-05)
(-3.6520418206946e-05 -4.6684099591031e-05 -5.5652122990872e-05)
(-1.889310408156e-05 -2.7880119820859e-05 -5.5654574665438e-05)
(-3.2529821505352e-05 -0.00010629039411666 -3.9073176668734e-05)
(-2.9145890269561e-05 -8.1306517694979e-05 -4.427730560065e-05)
(-8.1238796591465e-05 -9.252531899798e-05 -3.3027081690043e-05)
(-7.4634607891211e-05 -0.00010198692417934 -2.467671828356e-05)
(-5.7654358473008e-05 -8.714142333859e-05 -4.0191129559829e-05)
(-5.4774532361878e-05 -0.00010722075060477 -3.24346954139e-05)
(-3.4803156169018e-05 -5.3933395163736e-05 4.9471982154767e-06)
(-2.6715163960854e-05 -7.3797959206522e-05 -3.70316570151e-07)
(-2.9603926257256e-05 -8.0155998042007e-05 -1.3238722312972e-05)
(-4.2308752336968e-05 -7.5631165778724e-05 1.7602848377529e-07)
(-1.0600914548854e-05 -3.5060934316452e-05 6.0766719418446e-06)
(-9.7742171083988e-06 -1.6178341384095e-05 6.4282820798603e-06)
(-5.8128148124333e-06 -7.3715601436386e-06 -5.0283939185486e-05)
(-3.075889680208e-06 -4.9595993325095e-06 -4.8405829101213e-05)
(-1.3406461134208e-05 -2.6806795394736e-05 -5.7151749634719e-05)
(-8.2497670753942e-06 -2.5013374680307e-05 -5.6997068901452e-05)
(-1.9543487894577e-05 -2.689421814746e-05 -5.5610245455895e-05)
(-2.4196542888745e-05 -3.3884054589698e-05 -5.5426678789727e-05)
(5.058116152729e-07 7.8000478585847e-07 -2.4892845810085e-05)
(1.9345601779481e-07 5.6353696434798e-07 -2.3958521636112e-05)
(2.4685419457524e-07 8.3505175094268e-07 -2.1064084587506e-05)
(3.3618647821508e-07 4.4081327491366e-07 -2.2683612009322e-05)
(6.6613101090508e-07 1.2266019031035e-06 -2.2743474570971e-05)
(2.1536633844637e-07 3.2133827101708e-07 -2.6430989021557e-05)
(-5.0463379320123e-05 -9.9152164553575e-05 -1.7959215992001e-05)
(-2.5925370945753e-05 -0.00010589318449909 -2.0648942051278e-05)
(-7.1904573599292e-05 -8.7007525144592e-05 -1.1806487164511e-05)
(1.3297293915496e-06 1.278268060329e-05 -4.6554473989593e-05)
(2.6596601250418e-06 2.2710966252013e-05 -5.4896732632391e-05)
(-5.4643067230075e-06 2.4185189239018e-05 -5.5413202940638e-05)
(-4.9366028750464e-06 1.9889125873362e-05 -5.497438268816e-05)
(-1.6913904711143e-06 7.9314608589491e-06 -4.0445869249042e-05)
(-3.4085763872826e-06 1.1496897095052e-05 -4.7284567402906e-05)
(-1.5569969760341e-07 -2.7415532585166e-05 3.9095948672103e-06)
(5.3999007688503e-06 -3.9378068027607e-05 3.2568042116831e-06)
(-3.1967289493351e-06 -6.9879222619166e-06 4.9990025383231e-06)
(-4.237368323059e-06 -3.0739192310187e-05 2.4621272628653e-06)
(-1.4859947656357e-06 -9.046315408097e-06 4.8872576779915e-06)
(-3.9177940433428e-06 -3.3238400264174e-05 4.3620607524511e-06)
(-6.3295545551291e-06 -6.0997212576271e-05 -5.5462319031066e-05)
(5.5081105790983e-06 -5.3185086370489e-05 -5.6249410965331e-05)
(-1.0900566004177e-05 -4.2602165075259e-05 -5.2721136070095e-05)
(-5.0603916148389e-06 -7.3691772732786e-05 -5.3900568068052e-05)
(-2.92301616771e-06 -3.3334241748433e-05 -5.6564533492579e-05)
(5.6630709552055e-06 -3.7036219212845e-05 -5.7371355256157e-05)
(-1.2796257760771e-05 -4.6927683217356e-05 -5.5705944605049e-05)
(-2.0903617971404e-06 -4.8234775052804e-05 -5.5473493646767e-05)
(-4.9724210928581e-06 -3.078335562948e-05 -5.6831981077577e-05)
(-8.9351977356468e-07 -1.9901599449033e-05 -5.5890790995663e-05)
(-5.5239069457662e-06 -2.4001430050975e-05 -5.6680079141481e-05)
(-7.8354659714751e-06 -3.1433852446811e-05 -5.4109936270142e-05)
(-3.7839407798587e-06 -1.6433354367856e-05 -5.3932945776719e-05)
(-2.0080314346937e-06 -1.2619303470233e-05 -5.1391547087502e-05)
(-1.1453466941579e-06 -2.8925050125314e-05 -5.4789658668932e-05)
(-3.6058375371096e-06 -3.3782812843583e-05 -5.486186846517e-05)
(-3.3261977218045e-06 -1.9281669305071e-05 -5.5854295819271e-05)
(-2.2987886366997e-06 -2.4349467841553e-05 -5.6556444898305e-05)
(-1.458757892369e-06 -1.1489709540156e-05 -5.3009373570165e-05)
(2.1379849283449e-06 -1.4441431843799e-05 -5.4209782165996e-05)
(-5.0210312806408e-06 -1.2800470917424e-05 -5.3750693236938e-05)
(-4.4872668444651e-06 -2.0052828863397e-05 -5.3847926573447e-05)
(-1.7137946203286e-06 -7.0163793545658e-06 -4.7483877050856e-05)
(-9.3259829178555e-07 -6.8269875048293e-06 -4.8192303148488e-05)
(-5.2963689584021e-07 -1.8444990237572e-05 -5.362550058826e-05)
(-3.8049468745776e-07 -1.7399470185449e-06 -3.9096038408306e-05)
(1.1234414244695e-07 -1.4367293390338e-06 -3.7866690437838e-05)
(7.8181862651727e-08 -9.9471763010019e-07 -3.4852192411842e-05)
(-2.6032446529186e-07 -1.3037824827706e-06 -3.7269093847955e-05)
(-1.7687275363015e-07 -1.9814266954722e-06 -3.8354722703886e-05)
(-4.2424437380948e-07 -2.8768448796937e-06 -4.0387168508814e-05)
(-1.5313969014915e-07 -1.264329956032e-06 -3.5613625955131e-05)
(-2.7627266112174e-07 -2.7820288228106e-06 -4.2525142871647e-05)
(-8.6880912602324e-07 -2.7684637748008e-06 -4.2960783237754e-05)
(-1.4817403205939e-07 -4.1560258471033e-06 -4.3090761103292e-05)
(-4.942112229431e-07 -2.6795019766123e-06 -4.1726339821155e-05)
(-2.6989259850598e-07 -2.8541916456346e-06 -4.2863643509115e-05)
(-4.8923225663345e-07 -4.6877148039551e-06 -4.7259717137462e-05)
(-1.7455953280244e-06 -5.2067183540797e-06 -4.8097371559189e-05)
(-2.0649125366645e-06 -7.7982558518058e-06 -4.8384132510206e-05)
(-8.8688809189991e-07 -3.5106587465645e-06 -4.4290318568188e-05)
(-6.1992512753825e-07 -7.1544707946014e-06 -4.8390234882798e-05)
(-1.6425712810626e-06 -9.223055386794e-06 -4.9840644030447e-05)
(-1.0221558413029e-06 -5.0380709950009e-06 -4.6410739337458e-05)
(-2.1852521267068e-07 -5.880915168213e-06 -4.8758424626471e-05)
(-8.6764839814492e-08 -6.4553027885237e-07 -3.2024397039748e-05)
(1.0040552555796e-07 -7.7749495943882e-07 -3.3148162752339e-05)
(-9.6805893518522e-08 -8.9350596373774e-07 -3.2944892679041e-05)
(4.3595267358264e-08 1.9218376199867e-07 -2.5686216331761e-05)
(5.7919592049485e-09 1.8617643493032e-08 -2.6998564812683e-05)
(7.6557915782335e-08 1.2066424644258e-07 -2.7232989805084e-05)
(-7.141577071502e-09 -6.3063691829255e-08 -2.4189081439123e-05)
(4.6297120468442e-08 3.2524801523847e-07 -2.6958114089393e-05)
(2.7004800654634e-09 -1.2577836408853e-07 -2.879877901388e-05)
(-7.6025656031091e-09 -1.5954737289168e-07 -2.8066790406131e-05)
(3.2770270475274e-07 1.3963947749642e-06 -2.0052472178821e-05)
(7.1231765980795e-08 1.8647519108093e-06 -2.0893757975503e-05)
(2.2626581370393e-07 1.4457718565187e-06 -2.2890028227774e-05)
(4.0318173531632e-07 2.0332278572009e-06 -1.8099225050169e-05)
(-9.8958396873925e-06 0.00010957394079617 -3.4922014598914e-05)
(1.8743561407411e-05 0.00010831379205713 -3.0238782954942e-05)
(2.1095351999859e-05 0.00012345725998921 -2.2296806634441e-05)
(-1.176569278992e-05 8.9128435330495e-05 -3.8041235135779e-05)
(-1.7533939412041e-05 0.00010511746432693 -3.8588618271338e-05)
(-2.62639829429e-06 0.00012722570910369 -2.7028046353514e-05)
(-1.4947345430608e-05 0.0001100790995983 -2.8172828100177e-05)
(-1.9113313419704e-06 2.240359020973e-05 -5.6452472677805e-05)
(-2.4795073522495e-06 2.0416105211713e-05 -5.5779835327855e-05)
(-3.138008630414e-06 2.7893935834862e-05 -5.6378138362628e-05)
(-5.5566200226479e-06 6.6733457262364e-05 -5.6990012182684e-05)
(5.6963805439507e-06 5.6688667171136e-05 -5.7611705639837e-05)
(-2.5249811100809e-05 7.0942770074035e-05 -5.5318483408069e-05)
(-1.0391274095892e-05 8.9445426915141e-05 -5.18210959395e-05)
(-9.274821189169e-06 5.1007649313088e-05 -5.5462873977221e-05)
(6.8429010725235e-07 -7.0688344308234e-07 -8.4921514146672e-08)
)
;

boundaryField
{
    auto0
    {
        type            fixedValue;
        value           nonuniform List<vector> 
87
(
(6.1717232627732e-07 1.3603169945683e-07 -1.1188052833096e-07)
(6.0592809210007e-07 -5.4191710563239e-09 -1.1761204335566e-07)
(0 0 0)
(0 0 0)
(0 0 0)
(0 0 0)
(-6.1130923634945e-07 2.1238417439042e-07 -1.7313069837572e-07)
(0 0 0)
(-6.2759933346261e-07 7.7725307634775e-08 -1.7690931911239e-07)
(-6.011464544537e-07 3.6167028546789e-07 -1.4578587199738e-07)
(-5.3710261120563e-07 4.8685384656286e-07 -1.2391324633959e-07)
(0 0 0)
(0 0 0)
(0 0 0)
(0 0 0)
(0 0 0)
(0 0 0)
(0 0 0)
(0 0 0)
(0 0 0)
(0 0 0)
(-1.7950310336337e-07 6.7966894718111e-07 -1.6738404040855e-07)
(0 0 0)
(-3.098082511932e-07 6.4784943602963e-07 -1.3066834272755e-07)
(0 0 0)
(0 0 0)
(0 0 0)
(0 0 0)
(0 0 0)
(0 0 0)
(0 0 0)
(-5.7301617307951e-07 -3.2851045225656e-07 -1.1813262592691e-07)
(-6.0619977180758e-07 -2.0573041906715e-07 -1.500699601883e-07)
(0 0 0)
(0 0 0)
(0 0 0)
(0 0 0)
(-4.1025685404e-08 6.6777945162886e-07 -1.9928011684793e-07)
(1.0724698061077e-07 6.7135991412388e-07 -2.1873011535562e-07)
(0 0 0)
(1.3190386181745e-07 -7.1944557859249e-07 -1.1525798822383e-07)
(0 0 0)
(2.5267133138016e-07 -6.8554947115497e-07 -1.537186366412e-07)
(0 0 0)
(0 0 0)
(0 0 0)
(-2.7453236649608e-08 -7.0332008660449e-07 -8.5084283249692e-08)
(0 0 0)
(0 0 0)
(0 0 0)
(0 0 0)
(0 0 0)
(0 0 0)
(0 0 0)
(0 0 0)
(0 0 0)
(6.2951233946401e-07 -2.7468879287637e-07 -1.5941913234029e-07)
(0 0 0)
(0 0 0)
(0 0 0)
(0 0 0)
(0 0 0)
(0 0 0)
(0 0 0)
(6.0802458882056e-07 2.6200265702448e-07 -1.1682518534529e-07)
(0 0 0)
(-2.8843680911057e-07 -6.3269838925704e-07 -6.4319623381203e-08)
(5.4962753635035e-07 3.8205589383196e-07 -1.3967294622183e-07)
(-1.7493186552937e-07 -6.9162761520036e-07 -7.0674917734237e-08)
(0 0 0)
(-6.2980070386822e-07 -6.7864719823097e-08 -1.6720968980503e-07)
(3.5712506140827e-07 5.6859069129738e-07 -2.0737694855856e-07)
(0 0 0)
(0 0 0)
(0 0 0)
(2.3514373106923e-07 6.4755583630078e-07 -2.2168992090208e-07)
(0 0 0)
(-4.3841898572555e-07 5.7873593324792e-07 -1.1558857441558e-07)
(0 0 0)
(0 0 0)
(5.6421145460712e-07 -3.9430302902674e-07 -1.8291294240104e-07)
(4.8302606497563e-07 -4.9648747981606e-07 -1.9397881064294e-07)
(3.6295455695915e-07 -5.8861463259802e-07 -1.8426522746954e-07)
(6.4364038897504e-07 -1.5095288436219e-07 -1.3407982755772e-07)
(-5.1038927823687e-07 -4.5094357963185e-07 -9.1830282693698e-08)
(4.6634103419957e-07 4.7792231172775e-07 -1.7678750223534e-07)
(-4.1158882035332e-07 -5.4699124854319e-07 -7.2479334433698e-08)
)
;
    }
    interface
    {
        type            fixedValue;
        value           nonuniform List<vector> 
1860
(
(-3.2175555102099e-06 -2.5625442148849e-06 -1.0760626158775e-05)
(-3.1482646730521e-06 -2.4639008911255e-06 -1.3629678881064e-05)
(-2.7895023114098e-06 -2.9856633765767e-06 -1.2349652019351e-05)
(-1.2489426268038e-08 -8.4972056651958e-07 -3.1818875288872e-05)
(1.0288702259138e-07 -6.2083825500099e-07 -3.0856801343805e-05)
(8.8966026746456e-09 -3.6550565083156e-07 -2.9667144236684e-05)
(3.8368198186934e-06 1.4132647647705e-06 -4.0835683685689e-05)
(3.5139324758297e-06 6.3072755060992e-07 -3.9926701223991e-05)
(4.5909708040388e-06 8.3755506285551e-07 -4.1711404695711e-05)
(1.4531459402339e-07 6.0955500439333e-06 -4.3888989498712e-05)
(1.8936338623465e-07 7.5891899240054e-06 -4.5561593953242e-05)
(-7.8721062308369e-07 6.3494340450179e-06 -4.4238966436503e-05)
(-1.4568381174387e-06 1.7068607086564e-06 -2.1177017581646e-05)
(-2.0083335192296e-06 2.3856898555436e-06 -1.8613005744819e-05)
(-1.3180017570986e-06 2.1696823527709e-06 -2.0369630620755e-05)
(1.6061511220772e-06 -9.6407242524259e-07 -3.6032691872503e-05)
(2.0988907271759e-06 -7.9331655770034e-07 -3.7049626742404e-05)
(1.4639918682322e-06 -5.7150105719405e-07 -3.4988881679142e-05)
(-1.5817981070775e-06 -2.0348943351895e-06 -2.012440091269e-05)
(-2.1193936343649e-06 -2.7725798399564e-06 -1.705075493463e-05)
(-2.2161172861239e-06 -1.9342741226339e-06 -1.9023907803479e-05)
(2.630424382232e-06 1.4314572168e-06 -1.9104233902035e-05)
(2.9905458256435e-06 2.0497620796429e-06 -1.6716114810321e-05)
(3.338189881695e-06 1.413412519099e-06 -1.6713982331563e-05)
(-6.0759339572525e-05 1.0411966841148e-06 -5.2800065527608e-05)
(-7.5396888527627e-05 1.1942290764278e-06 -5.2187869552858e-05)
(-6.690831942031e-05 -1.1157423751913e-05 -5.2655777208096e-05)
(2.6721342976941e-07 4.2627656126045e-07 -1.5651021595555e-06)
(-9.1716182686563e-09 -1.6031904924712e-08 -2.9184559673073e-08)
(-1.1786289781305e-08 -1.4909820885045e-08 -2.9498526241827e-08)
(-1.8160454113924e-05 -2.2098887560253e-05 -5.1908242264161e-05)
(-1.5133390281055e-05 -2.7031729856156e-05 -5.1869068865773e-05)
(-1.2701710664007e-05 -2.2649983058271e-05 -5.1878762875362e-05)
(-6.6444512631767e-07 5.1978277872578e-06 -4.2558251595459e-05)
(9.7687514576408e-08 5.0422284583986e-06 -4.2209543269301e-05)
(2.0441427401445e-06 -3.0890015645105e-06 6.2256458032469e-06)
(5.4729589496566e-06 -5.7570557687665e-06 7.2194187410264e-06)
(8.3048695640566e-06 -1.2871049318865e-05 8.654132377762e-06)
(4.8457373930935e-06 4.1252107768224e-06 -4.4185528868074e-05)
(4.9853732980181e-06 2.9183949277624e-06 -4.3368055414936e-05)
(6.0666635428755e-06 3.5563320765218e-06 -4.5031276514748e-05)
(8.799452071718e-07 -6.0660933741147e-08 -4.0305389019866e-07)
(8.8329879172885e-07 -2.2287308966717e-07 -4.0988883037543e-07)
(-3.8338223668186e-07 5.2412092460222e-08 -1.4643600788811e-07)
(3.8019432286338e-06 6.7005382356862e-06 -4.5672568016233e-05)
(4.4711483802131e-06 5.4166405591526e-06 -4.4966213908857e-05)
(5.5662487306394e-06 6.7257628780062e-06 -4.6641768789043e-05)
(2.8622385623e-06 8.8654898759009e-07 -1.9098509513616e-05)
(-1.08928584562e-06 1.7390909461129e-06 -3.6435276293691e-05)
(-1.4850493148107e-06 2.3802760389316e-06 -3.8261413204795e-05)
(-1.4776734802681e-06 1.7254535943736e-06 -3.6992621913353e-05)
(-9.7748073275181e-05 7.0846348386513e-05 -9.0406390059934e-06)
(-9.4868013212213e-05 5.8133722926347e-05 -3.7549573849258e-06)
(-0.00010873858228293 5.443905186557e-05 -9.4406711079448e-06)
(4.8124916374201e-05 -2.7385253991943e-05 -5.2753002072922e-05)
(4.7299524395257e-05 -1.6865766254088e-05 -5.2654551467844e-05)
(3.9773800780135e-05 -2.2518562742204e-05 -5.2466926423699e-05)
(-1.980626244633e-06 3.7292575061162e-06 2.9847252303718e-07)
(-1.3116257555757e-06 3.7380801569996e-06 3.1512928670387e-07)
(-1.0893480495626e-06 2.3566065848626e-06 -4.3961059015008e-07)
(-9.6718995515241e-07 6.85225534518e-07 -3.3134617912872e-05)
(-1.3202074680244e-06 1.1057363106917e-06 -3.5416357712979e-05)
(-1.3236165878656e-06 7.1967984391559e-07 -3.468525149553e-05)
(-2.5014182711808e-07 -3.4125983552811e-07 -6.3051782558075e-08)
(3.1358453878144e-07 5.5949101828587e-07 -2.9841241122503e-07)
(4.6626295261308e-07 4.6542503155795e-07 -3.1212541390092e-07)
(4.0230888241972e-07 -2.9024808523652e-07 -1.5724292079474e-06)
(-1.3812893437226e-08 7.3727464733796e-09 -2.7040036032677e-08)
(-1.2660405632395e-08 9.6966480219959e-09 -2.6749323003676e-08)
(-3.585807940426e-06 2.0519868371313e-06 -1.2472578901546e-05)
(-3.0447586732797e-06 2.6081702646732e-06 -1.3977898716961e-05)
(-3.3235705570096e-06 1.940321614467e-06 -1.5304727201168e-05)
(3.9495543700967e-06 3.8761258634041e-07 -9.0212710721582e-06)
(4.1590114916209e-06 -1.0233589006873e-08 -1.1684239606418e-05)
(4.0725063196699e-06 8.2140686742791e-07 -1.1687337449837e-05)
(1.2954771712113e-06 -2.6477781833972e-07 -3.3946161841885e-05)
(1.0947452740678e-06 -3.7785462442907e-08 -3.2911164433637e-05)
(8.4237582692972e-07 -1.8772283541387e-07 -3.1881020013045e-05)
(-2.3381068023839e-05 4.7973376300123e-06 -5.174247045723e-05)
(-2.1210866248809e-05 4.4536304329079e-07 -5.1431678478009e-05)
(-1.8394933055601e-05 3.7995329849364e-06 -5.1013918185423e-05)
(-2.1088941923739e-05 -2.5701999958408e-05 -5.1788412048393e-05)
(-2.4187795116e-05 -2.947452617695e-05 -5.1927695927918e-05)
(-1.7316222417983e-05 -3.0956024217581e-05 -5.1821190431714e-05)
(0.00011375376135561 6.5125659909489e-05 -2.0811672955925e-05)
(0.0001238344817631 4.4302211676847e-05 -2.4712603050722e-05)
(0.00012196686191848 4.3356911627221e-05 -1.6972033552519e-05)
(3.8296909812546e-06 1.6246571855707e-06 -1.1689525256069e-05)
(3.429373263868e-06 2.3656004625167e-06 -1.1692053542253e-05)
(3.4935132575893e-06 1.9255559166502e-06 -9.0270884446832e-06)
(-4.4449825752391e-06 9.6314639251924e-07 -4.1514615346852e-05)
(-3.3551502640731e-06 7.9152063413206e-07 -3.9682299755273e-05)
(-3.835602193763e-06 1.6171577758366e-06 -4.0869422720389e-05)
(-2.0604442705293e-06 1.2185703040364e-06 -2.0721247345783e-05)
(-1.4607877981288e-06 1.2343701151868e-06 -2.2118985080993e-05)
(-1.3531385934063e-06 8.0088725170593e-07 -2.3139821613487e-05)
(-6.966213059109e-07 -2.8595375923169e-07 -3.2978401917426e-07)
(-1.3933042334948e-06 -2.3322846517495e-07 -3.227179271566e-07)
(4.5991459183114e-07 7.1578711153634e-08 -9.2429615844016e-08)
(-4.7120805290319e-05 0.00010788278340053 -6.6599253712354e-06)
(-3.1972483435974e-05 0.00011540569110655 -7.8289107128942e-06)
(-2.9644927005597e-05 0.00010133181133529 -1.1038713703967e-06)
(2.9749857380932e-05 -3.4676233924057e-05 -5.249096736938e-05)
(3.2426244903087e-05 -2.6623708045363e-05 -5.2237434686986e-05)
(2.5346194404387e-05 -2.9442506088597e-05 -5.2026909894368e-05)
(5.9292803745207e-07 2.0714077908595e-05 -5.1268612700053e-05)
(4.5047678041379e-06 2.4152757860821e-05 -5.1714334380057e-05)
(7.1881123193207e-07 2.5712882569927e-05 -5.1790532069543e-05)
(-2.5502250383126e-06 3.2519847933886e-06 -1.2329667616932e-05)
(-2.3970420694302e-06 2.9273746777436e-06 -1.5726672883075e-05)
(3.8734883653036e-05 -3.1946216003365e-05 -5.26719236778e-05)
(-7.7535252549435e-05 9.60292952633e-05 -1.0846447558612e-05)
(-6.0563824999492e-05 9.7768975200068e-05 -5.4605413643334e-06)
(-7.2318779121163e-05 8.5772177994395e-05 -4.2142757263109e-06)
(-3.0857439961742e-07 -2.9019088807902e-07 -7.7938050513608e-08)
(6.0856993450559e-07 3.6184417363672e-07 -3.3849676257293e-07)
(-1.6998095063455e-05 6.2181844015566e-05 -5.2939212872651e-05)
(-9.6519209469495e-06 7.6323570479873e-05 -5.2257129411191e-05)
(-2.0986537363496e-05 7.670019377141e-05 -5.196799733899e-05)
(1.4763590615629e-06 4.1669220112237e-06 -4.1257324823197e-05)
(1.8526163123403e-06 5.1889308568464e-06 -4.2951233302393e-05)
(8.3352467398724e-07 4.6879353866757e-06 -4.1786552475875e-05)
(6.1994398364022e-06 1.7105068955311e-05 -5.0793852736915e-05)
(2.7635143310834e-06 1.4934689980008e-05 -4.9968680812929e-05)
(4.7560823828639e-06 1.3157727546445e-05 -4.9550403317742e-05)
(5.729876884501e-06 -6.6722699988984e-06 -4.6739075617147e-05)
(4.5786081376496e-06 -5.3709973576053e-06 -4.5071540383347e-05)
(3.9966098798013e-06 -6.7619525134828e-06 -4.5895533258185e-05)
(2.4621463118935e-06 1.5838487499621e-06 4.691539671432e-07)
(2.5053497473868e-06 1.2116525782904e-06 1.844231787584e-06)
(2.9164220479659e-06 1.0608921018003e-06 4.6338055383855e-07)
(3.4047652533046e-07 -7.2553005321225e-07 -3.7491415897828e-07)
(2.0709851350795e-07 -8.5930235772926e-07 -4.1420904821224e-07)
(-2.1155126796491e-07 4.1081225446142e-07 -1.1718607524506e-07)
(3.4369349445204e-05 -1.2124974429072e-05 -5.1920067885036e-05)
(2.9677654893076e-05 -1.6673488042172e-05 -5.1898811301053e-05)
(3.3844077942091e-05 -1.907246381046e-05 -5.2019218420911e-05)
(-6.9332885052053e-07 1.8636533916164e-06 -3.7464243199387e-06)
(-8.1116155851677e-07 3.1694286190608e-06 -6.3384218036545e-06)
(-1.4310730946995e-06 2.9439929772687e-06 -6.3738332573218e-06)
(4.7317360330018e-05 -3.9158938445612e-05 -5.2719710117223e-05)
(3.3946090141136e-05 1.9555946557418e-05 -5.2130866583528e-05)
(3.2389045042244e-05 2.7084100374426e-05 -5.2353677953033e-05)
(2.8045479967186e-05 2.3452961242042e-05 -5.1980128446431e-05)
(8.1197190752646e-05 9.7379107277325e-05 -1.3405483605696e-05)
(6.0952070633209e-05 0.00010738153596324 -1.0230268576059e-05)
(6.425179182466e-05 0.00011344409079275 -1.7690785571079e-05)
(-1.4055023476554e-06 3.1893235874495e-06 -3.9688784548991e-05)
(-9.0051972889072e-07 3.1667745332324e-06 -3.9335307963832e-05)
(-1.17832311157e-06 4.2128641547414e-06 -4.1175666215163e-05)
(-1.9228030853169e-05 -2.413573906073e-05 9.7636941431299e-06)
(-8.9058854192294e-06 -1.3221695029254e-05 8.3366957101963e-06)
(-1.3951871519223e-05 -2.7089650888833e-05 9.7929124637281e-06)
(0.00010100894243857 5.7242951921281e-05 -5.8812994572479e-06)
(0.00011506641214308 4.0682389628951e-05 -9.4694955724592e-06)
(0.00010328789667203 3.6365431876428e-05 -2.5001030791952e-06)
(-1.3991415857916e-05 -9.0658033417214e-05 3.5444771633683e-06)
(-3.3325531525837e-05 -8.8936624315449e-05 2.6770944582991e-06)
(-1.5010030917242e-05 -6.8917718001288e-05 7.8598265185351e-06)
(-1.5503694986092e-06 -2.6665211690564e-06 -3.8955649355956e-05)
(-9.1895805800625e-07 -2.480690479774e-06 -3.797301775911e-05)
(-1.1262661552409e-06 -1.8859314950199e-06 -3.6942354303647e-05)
(-3.6950349418933e-07 1.2770407959279e-07 -1.4160776103327e-07)
(8.8589701978502e-08 8.6468908818476e-08 -2.7609431602526e-05)
(4.6427602806094e-07 6.2495759274726e-07 -2.5602737270313e-05)
(1.3101359016253e-07 9.2813990286593e-08 -2.7538601932918e-05)
(1.1022904253797e-05 -1.835109039152e-05 -5.1442194615925e-05)
(1.3561048953072e-05 -2.2608589786331e-05 -5.1918113903279e-05)
(1.5730850049338e-05 -1.8133045031258e-05 -5.1748628849119e-05)
(-3.4456735060573e-07 2.2220225382708e-07 -1.3012470637569e-07)
(6.6866867788355e-07 -5.0732512866707e-07 -3.8263897152982e-07)
(-3.2794304186859e-07 3.2595000415421e-07 -1.1926649406044e-07)
(-3.5517794635317e-06 1.9694160477297e-06 -9.5702510898691e-06)
(-3.9159576978011e-06 1.3930573265041e-06 -1.0837277699122e-05)
(7.7778923557163e-06 5.8883634987953e-08 -4.5868843907991e-05)
(6.9101195256751e-06 -1.167203153117e-06 -4.5051426045671e-05)
(8.6096199302756e-06 -1.4573759325089e-06 -4.6721887169019e-05)
(-1.7686672864531e-06 4.1246535128112e-06 1.7098245738042e-06)
(-2.3361103061305e-06 3.8473128024896e-06 1.7626433064997e-06)
(-3.3962507406414e-05 1.351467104239e-05 -5.1921635293495e-05)
(-3.3275095500006e-05 6.8271344625131e-06 -5.1883918901074e-05)
(-2.9428879842535e-05 1.1716822668783e-05 -5.1951627672478e-05)
(-3.1816701446337e-06 -1.7924224534006e-06 -4.0138225281733e-05)
(-2.3965472745494e-06 -1.2884237209199e-06 -3.8233598947656e-05)
(-3.1173676147552e-06 -1.0390506528757e-06 -3.9438240536425e-05)
(-2.7386906188941e-07 7.4052073476977e-05 7.1223469495788e-06)
(-1.3525265095765e-05 8.984597980672e-05 3.5933881152027e-06)
(1.0233796315221e-06 9.5007826054644e-05 2.5328261786428e-06)
(1.3515737970804e-07 -3.736952407196e-07 -2.9881147213554e-05)
(3.666450011422e-08 -1.4447283815014e-07 -2.8706145155984e-05)
(-1.4616399470386e-05 0.00010804596800333 -2.2150377712612e-06)
(2.0193209943307e-06 0.00011218682652704 -3.594136896783e-06)
(-1.7029060081849e-06 1.9740235166689e-06 3.2293800581988e-06)
(-6.5787013307605e-07 1.3378410503367e-06 4.1337845681885e-06)
(-2.850380415032e-06 3.4642228748582e-06 1.6662198386024e-06)
(5.6083641091125e-07 -2.3059218458185e-07 -3.0832383193192e-05)
(1.0292781825221e-06 -4.0807220631349e-07 -3.2921917256337e-05)
(-1.5250165268685e-06 1.5148286252991e-07 3.05133100026e-06)
(5.6892652323281e-07 1.5197070364591e-07 4.3084095372387e-06)
(-2.9309732792888e-06 8.4230525166087e-07 1.9418410449047e-06)
(-8.7878681591438e-08 6.5598552091693e-07 -3.1017248292774e-05)
(-1.1594989055914e-08 2.1033746389099e-07 -2.8981620943255e-05)
(1.7431879098953e-08 5.2068263486809e-07 -3.0456160279586e-05)
(-2.140640084562e-07 -1.0448038232787e-06 -4.9001830310682e-07)
(-7.5481355742404e-07 -2.6345684150291e-06 -4.1923378705667e-07)
(-3.6751372541381e-07 -9.9660163978396e-07 -4.7317069141859e-07)
(1.7290197020109e-05 9.8491056147142e-05 1.0711769365388e-06)
(-3.1263516227463e-06 -5.5652490831216e-06 -4.4251721532219e-05)
(-1.926276908247e-06 -5.4755402231758e-06 -4.3417466366954e-05)
(-2.5641908404699e-06 -4.545278499882e-06 -4.2580237280588e-05)
(5.9010143718311e-05 3.4247878824128e-05 -5.2573244136328e-05)
(5.7827693539098e-05 4.8940597549294e-05 -5.2114777105496e-05)
(4.711978373898e-05 3.9737930195355e-05 -5.2856535245122e-05)
(1.4587921954116e-06 -3.8984963373315e-06 -1.1744784695796e-05)
(1.7460381458343e-06 -3.5700138534496e-06 -9.0301922346038e-06)
(1.0017968119594e-06 -3.8678326342335e-06 -9.0801702804458e-06)
(3.2814469715882e-07 1.8897310287637e-06 -3.6115852724791e-05)
(3.355548192547e-08 2.1192973750806e-06 -3.6633460779289e-05)
(2.7694506515188e-08 1.4502386372951e-06 -3.4554792359508e-05)
(-7.0169829639454e-07 -8.5682325620669e-08 -3.1262532830608e-05)
(-7.0721062683011e-07 -2.5018065766233e-07 -3.1422919688793e-05)
(-2.4723805074163e-07 -6.8721910014857e-08 -2.9395581206523e-05)
(1.802344534336e-05 4.9835531163403e-05 -5.2935439141532e-05)
(2.4442459295808e-05 4.2626399522694e-05 -5.2813550461839e-05)
(2.9875085038828e-05 5.2431140386665e-05 -5.2956927936501e-05)
(1.2802243995864e-05 8.0015734213042e-08 -4.9166374347897e-05)
(1.1014861231655e-05 2.0115660294121e-06 -4.8384748148945e-05)
(9.8222473583747e-06 6.7374793127931e-08 -4.7558815274911e-05)
(2.2106009618799e-05 -2.5610457432326e-05 -5.1879340983982e-05)
(1.6156276954838e-05 -2.6998582283555e-05 -5.1927652900125e-05)
(1.8498956758208e-05 -3.1005327807166e-05 -5.1903634754815e-05)
(-1.5285707474493e-06 -1.0749342452541e-07 -3.4927564375381e-05)
(-2.0077217266705e-06 1.5057128836887e-07 -3.6464588414974e-05)
(-2.1805643176334e-06 -2.331388930785e-07 -3.6970025260515e-05)
(2.9811188860602e-06 3.0864334921211e-07 -1.9089906471162e-05)
(3.5538791540156e-06 7.248182058496e-07 -1.6709229673848e-05)
(-2.4395431383241e-07 -1.3823851028811e-07 -2.9426488970688e-05)
(-6.2028801426e-07 -3.8959085866717e-07 -3.1355496678108e-05)
(-2.1521525367021e-07 -1.9300876570827e-07 -2.9403654785228e-05)
(-4.4297410202777e-06 3.5814943273307e-05 -5.1885084198793e-05)
(9.1008221145491e-07 3.5073752207506e-05 -5.1833631965112e-05)
(1.0082844018798e-06 4.0640453283156e-05 -5.2194964067943e-05)
(1.3147638343299e-07 -6.5669299551004e-08 -2.8691827188942e-05)
(-1.199033215623e-07 7.1101408454882e-10 -2.7596802990703e-05)
(-4.1799482439505e-07 1.4751695801584e-07 -2.6529418674851e-05)
(7.0853022994459e-05 5.8709627408602e-05 3.2790427810672e-06)
(8.791442119538e-05 4.9637318931238e-05 5.5791992149701e-07)
(7.1508127393141e-05 4.0235442409807e-05 5.7782244919265e-06)
(0.00010143673340202 -1.8432542691816e-05 6.3289770338025e-07)
(8.8431398836915e-05 -3.2355521874103e-05 3.4133136282643e-06)
(8.239226390825e-05 -1.5073903989252e-05 5.8646277366364e-06)
(0.00011297692317902 6.4978302181992e-05 -2.8513575488331e-05)
(-4.1333465764284e-07 -1.9365462659018e-07 -2.6488664829785e-05)
(-7.145201266846e-07 -4.5602218481628e-07 -2.5340474912327e-05)
(-1.1318622380121e-06 -4.3731900358397e-07 -2.4176490148409e-05)
(4.477618039887e-05 -0.00011943614935689 -1.3188159082172e-05)
(4.1112522018458e-05 -0.00010958473929299 -5.903782025435e-06)
(6.2625198510638e-05 -0.00010606477210135 -9.5063700423608e-06)
(-3.7030016646829e-07 -1.322571615641e-07 -1.4090390279173e-06)
(1.4982338646631e-08 7.0833384321443e-09 -2.9273553460905e-08)
(1.3459508363485e-08 3.1616786605438e-09 -2.8217692083141e-08)
(1.5523196130779e-06 -2.7446228129941e-08 -3.4979346553965e-05)
(1.8257313061651e-06 3.0846310139983e-07 -3.601448872483e-05)
(1.3023996389068e-06 1.9966590673823e-07 -3.3933002825534e-05)
(-5.9863703454036e-06 -1.3984075956581e-05 8.3142412951744e-06)
(-3.3296127405305e-06 1.6288550816359e-06 1.0151814150861e-06)
(-1.7278769963228e-06 1.0439100638705e-06 3.1105596185205e-06)
(-2.7826232869844e-06 2.0574484731166e-06 2.1245469675173e-06)
(2.8813233316214e-05 5.181900128702e-06 -5.2052654997496e-05)
(3.1801485499924e-05 1.8595027149431e-07 -5.2004363964187e-05)
(3.3647236926779e-05 6.0577072813289e-06 -5.1970623885125e-05)
(4.0957802638119e-06 1.7422498241297e-08 -4.0846142483452e-05)
(3.082190001611e-06 2.0161424848233e-10 -3.8987933618894e-05)
(5.7840906429864e-05 2.1214672109105e-05 -5.2772878896658e-05)
(4.7538727769494e-05 1.7436444227154e-05 -5.2768331399805e-05)
(5.4729305194512e-05 9.8866249463736e-06 -5.2805499578127e-05)
(4.8894990668248e-06 -4.0466902037673e-06 -4.4238096036111e-05)
(3.7084466098815e-06 -4.3785323623394e-06 -4.3405706955173e-05)
(-4.1931296119266e-07 3.0957716510084e-06 -3.899197657433e-05)
(-6.5781473906572e-07 2.3340687888435e-06 -3.7415600787641e-05)
(-1.1363619476518e-06 -2.3933247097119e-06 -3.4850087932488e-07)
(-1.5084806325444e-06 -2.0670375483136e-06 -2.3827667328986e-07)
(-5.218961077575e-07 -9.1002245963162e-07 -4.4115177863359e-07)
(3.2235287646811e-06 -5.5070154975583e-06 -4.4246418320718e-05)
(-4.0731183487615e-06 3.6347062385876e-06 -4.2859677413279e-05)
(-4.9530919042341e-06 4.4434646861611e-06 -4.4505291188252e-05)
(-4.9496744261241e-06 3.1558942296107e-06 -4.3481036416797e-05)
(2.9693646089001e-05 1.7098215705262e-05 -5.1975349724068e-05)
(2.2942819542949e-06 1.3346734281527e-06 -3.7995679529888e-05)
(1.5966404047076e-06 9.1776672436768e-07 -3.5990027321651e-05)
(2.0923479795392e-06 7.5998234050035e-07 -3.702575232409e-05)
(5.9768813227994e-06 1.7525650701628e-05 8.7759558366624e-06)
(1.3212210816144e-05 3.8428531083254e-05 9.9030975847176e-06)
(1.4773193390736e-05 2.5373217589114e-05 9.6289483333359e-06)
(2.5824036213619e-05 3.0178332146812e-05 9.8924416245347e-06)
(2.5045002650491e-05 4.3848007866956e-05 9.6119839016203e-06)
(-8.1526997528938e-07 -3.2382455809193e-06 -1.7802777192614e-05)
(-2.9593511114282e-07 -2.4421055532752e-06 -2.0548602568649e-05)
(-1.1224491409932e-07 -3.4205130923578e-06 -1.7530090301412e-05)
(-9.9451657413981e-05 -1.711040346286e-05 -4.7915512614553e-05)
(-8.2565597242133e-05 -1.3980282116141e-05 -5.1285876318536e-05)
(-9.1869875585587e-05 1.1379722185032e-06 -4.9869870287978e-05)
(-4.901762773264e-06 -2.9304428708557e-06 6.1402490663732e-06)
(-5.0160161579367e-06 -1.8909006409114e-06 6.109880045748e-06)
(4.2584613469198e-07 -5.9631278929926e-08 3.7973799586956e-06)
(3.0541740122235e-06 -1.4331170923735e-06 5.1089531105653e-07)
(2.1871583850684e-06 -7.6272457865744e-07 -3.1285347745253e-07)
(3.348968751219e-06 -8.198084143517e-07 4.9381623572137e-07)
(-5.5493932659767e-07 5.2667431513637e-07 -3.136654771379e-05)
(-9.0164549566342e-07 9.4503654586105e-07 -3.3624508514927e-05)
(-1.4297764917462e-06 5.2112649499431e-06 -4.286009590593e-05)
(-2.2366973399039e-06 5.2004692636748e-06 -4.3171309810544e-05)
(-1.8178330491366e-06 4.1809011122518e-06 -4.1490167819157e-05)
(-5.6546263045805e-06 -9.5558132748898e-07 -4.3451920545632e-05)
(-5.965963962192e-06 -2.1448685821512e-06 -4.43004271566e-05)
(-4.9524392547595e-06 -1.8359463528258e-06 -4.2752011916408e-05)
(5.9617605421496e-06 5.0700091733647e-06 -4.5848560315807e-05)
(7.5278264871506e-06 6.3947919374338e-06 -4.7543404327462e-05)
(-1.6796255781937e-05 1.4749137308743e-05 -5.1533978502311e-05)
(-2.0676275454975e-05 1.8037182865582e-05 -5.194301747941e-05)
(-2.0655780796409e-05 1.2757853336397e-05 -5.1766825882001e-05)
(1.6650823537507e-07 -4.7535200719821e-07 -1.5679733309966e-06)
(-7.8760250611498e-09 1.2924174654513e-08 -2.6306895961735e-08)
(-4.693595063762e-09 1.3556950545883e-08 -2.6602627810606e-08)
(3.3631715624449e-05 -5.643607810529e-06 -5.193056177335e-05)
(2.8856719227404e-05 -4.8582235111917e-06 -5.2024801045118e-05)
(2.9898576815607e-05 -1.0531075077467e-05 -5.1967918234667e-05)
(-2.6463330657392e-05 6.1501406370423e-05 -5.2862516704081e-05)
(-2.1427361254214e-05 4.9727211580709e-05 -5.2987001738316e-05)
(8.072426905918e-07 -3.7842566370403e-07 -4.0030266620754e-07)
(2.0401109328822e-06 -3.5609653378489e-06 -4.0867126976603e-05)
(2.9997488347862e-06 -3.5623787475139e-06 -4.1729197189644e-05)
(2.2876231532469e-06 -2.744827770614e-06 -3.9944119710672e-05)
(6.8535378939109e-08 -5.0513222586586e-07 -1.5701416594395e-06)
(9.0811064047805e-08 -1.9880441954994e-06 -3.759875397739e-06)
(4.8391034248425e-07 -1.9185680855328e-06 -3.7453948944743e-06)
(6.8539437613073e-06 -3.5345313082315e-05 -5.189168662961e-05)
(1.3809280045859e-05 -3.6228734813318e-05 -5.2026625817236e-05)
(1.2031341918806e-05 -3.1465421508129e-05 -5.1878379253381e-05)
(8.0162626545195e-05 9.7130062377841e-05 -3.624137549442e-05)
(9.20287412895e-05 7.7948744242049e-05 -3.9496729999898e-05)
(9.8393636673582e-05 8.3164778977181e-05 -3.2339027027613e-05)
(-4.6059549841323e-07 4.0011516382039e-06 -1.4285995062196e-05)
(-6.3974978959741e-07 3.5734703801701e-06 -1.6799498716573e-05)
(-1.1961429910389e-06 3.8062720537868e-06 -1.4496355462127e-05)
(9.1833390651517e-07 -0.00010099119630143 7.6763711970044e-07)
(6.095715167902e-07 -0.00011641156374648 -5.646832386111e-06)
(-1.8802117532678e-05 -0.00010682892607537 -1.9507362959783e-06)
(4.5309190598188e-07 1.6255698502528e-05 -5.0278009625226e-05)
(-2.0181355984555e-06 1.6946970823107e-05 -5.0507107341243e-05)
(-1.5482563813469e-06 1.3002984651379e-05 -4.9213117579985e-05)
(3.9767268356089e-06 -4.0251759170818e-07 -1.4224617183302e-05)
(3.812586383959e-06 -1.1848084105234e-06 -1.4214476119266e-05)
(3.5564226583961e-06 -7.1109593355941e-07 -1.6691914922948e-05)
(2.2066068529298e-05 6.1578596373165e-05 -5.289808877534e-05)
(1.0080500702108e-05 5.5447570906363e-05 -5.3001545823647e-05)
(-4.7367331731852e-06 -1.3669806724297e-05 -4.9838017342592e-05)
(-6.1970473453757e-06 -1.1041920451854e-05 -4.9144435021703e-05)
(-8.0579982469076e-06 -1.4359852888717e-05 -5.0464738569008e-05)
(4.8924556493311e-07 -3.1037978058159e-07 3.8474620867531e-06)
(3.2145464030957e-06 -5.2145742354396e-07 1.8924829397392e-06)
(8.2162501680394e-07 -2.3614787388646e-07 3.8094829455698e-06)
(1.2418765571437e-06 -0.00013190214987571 -2.0734899066461e-05)
(-2.1726604923782e-05 -0.0001281080771536 -1.6729312102316e-05)
(8.862159810037e-07 -0.00012615332743059 -1.3031322031691e-05)
(8.4947682219225e-06 -1.3894841358731e-06 6.9335201028228e-06)
(1.3929106766226e-05 -4.8649164194382e-06 8.2019959390865e-06)
(3.6826081739253e-06 -9.9634174041471e-07 5.7095238543177e-06)
(-0.00013004423964664 3.4687110604743e-06 -1.6719984931166e-05)
(-0.00012673623724192 2.7993626289094e-05 -1.6807691563826e-05)
(-0.00012324697829724 1.3616432432002e-05 -1.0365552861963e-05)
(-7.2336065302239e-06 1.7142756711498e-05 -5.0869191065292e-05)
(-5.5736954893184e-06 1.3258321924294e-05 -4.9696535830746e-05)
(-4.5532484459018e-06 1.7148108607727e-05 -5.0695106133974e-05)
(-6.7251135073251e-05 7.1733236337862e-05 1.1205596681033e-06)
(-8.3809212563907e-05 7.2474073447639e-05 -3.5925767291569e-06)
(3.5998214164093e-05 -4.2101339255085e-05 -5.2781577235752e-05)
(7.0913234136177e-05 -5.8949169552946e-05 -4.9676510615979e-05)
(7.2770998971271e-05 -4.1671497439234e-05 -5.1079495611132e-05)
(5.8239423873443e-05 -4.8322422448453e-05 -5.2008019597938e-05)
(-1.9869913243534e-06 -1.2598790171516e-05 -4.9144101531952e-05)
(2.7706975731818e-07 -1.457863265978e-05 -4.9837300621049e-05)
(2.0565519791945e-07 -1.1254276992554e-05 -4.8396935636809e-05)
(1.3341926139565e-05 7.8503873437822e-05 6.1616084385674e-06)
(-1.3793723681366e-05 5.038552025833e-05 -5.2943335748922e-05)
(-7.7558562889615e-06 6.1495146129678e-05 -5.299446349157e-05)
(6.9000260913888e-06 1.2692771715512e-06 -4.5035955895285e-05)
(6.3335247847241e-06 4.6253319874733e-08 -4.4214111240112e-05)
(-1.1366403843698e-06 -5.3943397507341e-07 -3.3639153389815e-05)
(1.2014896359597e-06 -3.3753366799409e-06 -3.9953561240687e-05)
(1.5923068722943e-06 -4.4159902796737e-06 -4.1743004949759e-05)
(9.8977422500945e-07 -1.1408474546398e-06 -2.339275637396e-05)
(4.9601667768548e-07 -6.7841915236222e-07 -2.5380360162391e-05)
(5.9323944848473e-07 -5.5138785577961e-07 -2.5498549316053e-05)
(4.3629135649003e-07 -1.2667284279277e-06 -3.3969011959843e-05)
(7.6497444593149e-07 -1.3728056923843e-06 -3.5004386000113e-05)
(5.4223955318013e-07 -9.7761192257602e-07 -3.2958250352865e-05)
(-1.5901660119722e-06 -4.4024867952432e-07 -3.5406831027246e-05)
(1.777967004073e-06 3.5937214619961e-06 -9.0189504511536e-06)
(1.0228876083658e-06 3.8842630016669e-06 -9.012479312893e-06)
(1.142974454057e-06 3.059498884484e-06 -6.3021710989286e-06)
(-3.0715840419698e-07 1.2829891546165e-06 -2.4007961816936e-05)
(-1.7264983815608e-08 9.5393229272634e-07 -2.5085521947488e-05)
(-7.473861898672e-08 4.7207277859467e-07 -2.6505858750559e-05)
(-3.3488235743016e-07 -3.422397705522e-07 -2.6442833459148e-05)
(-5.2593590792411e-07 -7.0975946728023e-07 -2.5203559741652e-05)
(-9.2053886767416e-07 -8.2956696285745e-07 -2.410374749731e-05)
(-2.4145731685592e-06 -1.8250832496163e-08 -4.4780898162581e-06)
(-3.0783682620956e-06 5.4017459504744e-07 -5.9712512740979e-06)
(-3.6648309383126e-06 -1.7630268516005e-08 -7.5134464502411e-06)
(-6.1594706071596e-05 -6.1019710494186e-05 4.9302273765419e-06)
(-7.1298198984774e-05 -4.6924658863901e-05 5.3469500616514e-06)
(-5.1829914623609e-05 -4.3343939288413e-05 8.3376887943868e-06)
(-7.7503113302952e-08 -2.7794739731603e-07 -2.9321688402346e-05)
(-1.9994601967685e-07 -3.6155024276787e-07 -2.990063296361e-05)
(-2.8853141480975e-07 -7.5634961749394e-07 -3.1503744630883e-05)
(-2.3534527800129e-06 -3.3850568524682e-06 -1.1393371964671e-05)
(-1.7634517317991e-06 -3.7238008940873e-06 -1.1924719566336e-05)
(-2.0328801430432e-06 -3.4202325431308e-06 -9.1009600849387e-06)
(3.4749310770111e-07 3.624000695857e-07 -1.5670461495134e-06)
(-2.5885710186673e-06 2.15641277457e-05 -5.1402269716635e-05)
(-3.1853424229487e-06 2.6423159438576e-05 -5.1840281422057e-05)
(-5.8224654393876e-06 2.181732140312e-05 -5.1507014548244e-05)
(-3.6060293157209e-05 8.8794013932756e-07 -5.1850084890198e-05)
(-3.8134213227454e-05 7.8374310730927e-06 -5.2000016715053e-05)
(4.5301208942597e-05 8.2107411302773e-06 -5.2550240429789e-05)
(-5.9476031963632e-05 5.1882697481983e-05 -5.1926961117345e-05)
(-4.8200003039987e-05 4.197846437049e-05 -5.286365274322e-05)
(-4.7461097962676e-05 5.676908018712e-05 -5.2434990914822e-05)
(-7.2636603308093e-05 4.4566840849048e-05 -5.1085716383079e-05)
(-7.0417479377213e-05 2.7796559200678e-05 -5.2139643599036e-05)
(-5.8899356379374e-05 3.6152291535698e-05 -5.2617773355783e-05)
(-4.1775011592167e-05 4.8035462158547e-05 8.4478656775364e-06)
(-4.9616085842314e-05 6.6063542285923e-05 5.321318144642e-06)
(-3.241056901984e-05 5.5269277743803e-05 8.3285673378154e-06)
(3.4968902176008e-06 -1.9210368944817e-06 -1.420401773536e-05)
(3.005704566853e-06 -2.0384069438969e-06 -1.6674313551833e-05)
(3.3444637335304e-06 -1.4001618092326e-06 -1.6682044678883e-05)
(4.0592073550705e-06 -8.3869906523996e-07 -1.1678316803039e-05)
(3.9404114378327e-06 -4.1389971354319e-07 -9.0184701686952e-06)
(3.7753896434521e-06 -1.1983440010697e-06 -9.0167599816739e-06)
(6.475279448957e-07 -4.1102542923738e-06 -1.1865344244142e-05)
(-1.9585774828954e-07 -4.1410325052021e-06 -1.202768781911e-05)
(2.3612205337576e-07 -3.9449365672968e-06 -1.4655328952919e-05)
(-5.9702210156046e-06 1.0006369450974e-05 -4.8540836568594e-05)
(-4.5630280776866e-06 7.6526352067775e-06 -4.6870844254837e-05)
(-4.2567752975101e-06 1.0142463442789e-05 -4.8210711942928e-05)
(-1.9820991000029e-06 2.3510949406236e-06 -3.880716979006e-05)
(-1.5323470579886e-06 -1.3536864306233e-06 -2.1632067232023e-05)
(-1.0253635902986e-06 -1.3255523203746e-06 -2.2760299773255e-05)
(5.0016733324359e-07 -4.9413513729495e-09 -1.5735741708249e-06)
(1.9482906742835e-06 -2.0620688766534e-07 -3.7501959344379e-06)
(1.9562151077319e-06 1.8887679710248e-07 -3.7491606400205e-06)
(3.6239245301155e-05 6.3562620219435e-05 7.2973095699801e-06)
(3.9317709835952e-05 4.6572038829122e-05 8.842018622138e-06)
(1.2658847454228e-06 -1.8119619124313e-06 -2.1301390195886e-05)
(1.5922463400349e-06 -1.5427347941831e-06 -2.128363777764e-05)
(1.9046638962599e-06 -2.3034242338275e-06 -1.9076568555027e-05)
(3.224131470487e-06 -1.2290598490294e-08 -6.3161165061876e-06)
(5.1894257892501e-06 3.2497537900927e-08 -4.2550408884865e-05)
(4.590374182753e-06 -7.8768350635103e-07 -4.1718226461444e-05)
(-1.253565795817e-05 3.0632147150226e-07 -4.9109260845668e-05)
(-1.6456500953195e-05 3.614209677028e-07 -5.0454855355079e-05)
(-1.4280716421701e-05 -2.3238456599928e-06 -4.9822038186272e-05)
(-5.7399600787529e-05 -2.0716353955294e-05 -5.2824784473553e-05)
(-5.4198787648369e-05 -8.921606088233e-06 -5.2804272188717e-05)
(-1.9895383413275e-05 7.9705775735182e-06 -5.1452724923548e-05)
(-1.1828791793577e-05 9.3030930364156e-05 -4.98016255261e-05)
(-1.3796604812434e-05 0.00010910092425647 -4.538926118354e-05)
(-2.5592163404595e-05 9.3656971773034e-05 -4.9130733116198e-05)
(-1.1305288691789e-07 4.2215943721738e-07 -1.365274797807e-07)
(6.211678365584e-06 1.0915675800257e-05 -4.9004857630009e-05)
(4.779427650105e-06 8.4095873577623e-06 -4.7377394419527e-05)
(7.1384084566132e-06 8.6236948832997e-06 -4.8325213258595e-05)
(8.6346026739741e-05 -0.00010127526234215 -2.0835566721453e-05)
(6.6429761703196e-05 -0.00011253994579436 -1.6990094214454e-05)
(8.3278491558689e-05 -9.7553221760904e-05 -1.3207267099281e-05)
(-2.3079739083063e-07 1.8015584592258e-07 -2.9328960196172e-05)
(-1.7228796905497e-07 1.9617065823532e-07 -2.9217511922004e-05)
(0.0001028204253753 -8.5420064679951e-05 -2.4703201410589e-05)
(0.00011572224520109 -6.649934732651e-05 -2.0830652261165e-05)
(0.0001149719457791 -6.6091094030353e-05 -2.8520499888977e-05)
(-3.7414067907256e-06 1.5325150652793e-07 -4.0279118392547e-05)
(9.8393835956301e-06 8.3413373883093e-06 -4.9146075616715e-05)
(1.2830832352524e-05 1.0849998225639e-05 -5.048564712808e-05)
(9.3808861248871e-06 1.1305405114711e-05 -4.9817859423203e-05)
(-4.5721965429588e-07 1.6119170367684e-06 -3.5411113140394e-05)
(-3.4468139344556e-07 1.1801632847446e-06 -3.3433185695608e-05)
(-2.0563716785472e-07 1.5636243283355e-06 -3.500069564383e-05)
(-1.0698524738986e-06 2.1604878308127e-06 3.7480014897898e-06)
(1.6813926250195e-06 -2.040737540873e-06 -3.8038848386734e-05)
(2.3602015467559e-06 -2.0027399854572e-06 -3.8995964857775e-05)
(1.2845512100087e-05 -7.2324697244518e-06 -4.9884321992503e-05)
(1.3047174032315e-05 -1.0646284491414e-05 -5.0512395046364e-05)
(1.6720076463003e-05 -9.393234385436e-06 -5.1044642366164e-05)
(1.9021108405794e-05 -2.1970179640225e-05 -5.1970955728653e-05)
(4.4333767446589e-06 3.4017368541555e-05 9.8422530426046e-06)
(-2.8526184908551e-05 -4.601732795963e-06 -5.1933426509684e-05)
(-3.3271921136516e-05 -5.332318821397e-06 -5.1816063084155e-05)
(-2.9457418418825e-05 -1.0523208407912e-05 -5.1855428125137e-05)
(-1.8516986265169e-07 -4.2477691180091e-06 3.4821754934648e-07)
(-7.8406150776875e-07 -4.1292213413362e-06 3.7338691669608e-07)
(-3.511770654415e-07 -2.7539580432708e-06 -4.4730963310067e-07)
(-1.1477009390775e-06 -2.4689517410997e-07 -3.3259210086074e-05)
(7.4972331874605e-06 4.3917442463647e-06 -4.6700958984652e-05)
(-2.8381709316606e-05 -3.4571207066206e-05 -5.2432149586747e-05)
(-2.0041383108992e-05 -3.5815199088179e-05 -5.2161199270286e-05)
(1.5156023324695e-05 8.4714941277268e-05 -5.1172411934851e-05)
(1.5891176147619e-06 7.3602061266291e-05 -5.2538251606156e-05)
(1.2361255718129e-05 6.8701052228051e-05 -5.2744919885685e-05)
(-1.673541611728e-06 1.1434585024776e-06 -3.8169341624527e-06)
(-1.3540524988452e-06 1.4239386831574e-06 -3.7164111958052e-06)
(-2.3822384264496e-06 2.1142169499072e-06 -6.1620715727201e-06)
(-1.9877100789763e-06 1.4617652324935e-08 -2.1776514090706e-05)
(-2.89654364537e-06 2.2122779180566e-08 -1.924176455035e-05)
(-2.3909359403466e-06 4.4760367656323e-07 -2.0563838940898e-05)
(-2.9461349693948e-05 0.00010812467083517 -4.4396264401661e-05)
(-1.5439158541141e-05 0.00012227342520206 -3.9294597339575e-05)
(-3.2830604615103e-05 0.00012044447937185 -3.8015835211981e-05)
(-3.3080895050592e-06 7.8971294562435e-06 -4.6517155014355e-05)
(-2.6701058226815e-06 1.0079632128349e-05 -4.7920423627154e-05)
(1.1236241673609e-06 3.175256650453e-06 -3.9435560230459e-05)
(6.3735343055605e-07 3.6158120751527e-06 -4.0015211745946e-05)
(0.0001132241853545 -2.0265839435875e-05 -4.2589320553982e-05)
(0.00012424645810989 -2.2372175170137e-05 -3.5956354787381e-05)
(0.00012071723755451 -5.0406994524573e-07 -3.9432182983505e-05)
(3.5053834018731e-06 1.9216802771822e-06 -1.4236301929198e-05)
(3.8217507489987e-06 1.182913687937e-06 -1.4234538912719e-05)
(1.5580871917906e-05 2.7052853771778e-05 -5.192362563339e-05)
(2.1815419154137e-05 2.5966972438149e-05 -5.1911531305915e-05)
(1.7853655621071e-05 3.093583101808e-05 -5.189334511402e-05)
(1.1582831143154e-06 -6.3154293723861e-06 -4.4248836721399e-05)
(1.464338963338e-06 -7.7372020319742e-06 -4.5900622791099e-05)
(2.4850690460462e-06 -6.6432492565278e-06 -4.50742841195e-05)
(9.0830584593093e-08 -3.1847285327487e-07 -2.687193172097e-05)
(5.0084848225855e-08 -6.6446518135861e-08 -2.7760459048593e-05)
(-2.4310239073816e-06 6.3930705682578e-07 -3.7702526830737e-05)
(-1.7821293423936e-06 7.2096722603478e-07 -3.6107163735262e-05)
(-2.2781633993326e-06 1.0625004131394e-06 -3.7628384220941e-05)
(5.6464567215124e-06 -9.566280911435e-07 -4.3387311055043e-05)
(0.00010120050584105 -8.4077193078789e-05 -1.6978072237267e-05)
(2.9439332817303e-07 3.6729512845372e-07 4.4783098382167e-06)
(-1.22857568158e-05 6.8612021901462e-05 7.7247478226395e-06)
(-2.9838353253198e-07 2.250565976966e-06 -3.7045441044455e-05)
(-7.8768605428074e-06 9.6293491808238e-06 -4.8934533959013e-05)
(-6.0596237872398e-06 7.4210907995437e-06 -4.7318251935798e-05)
(-4.1447174581483e-06 -8.0152684547226e-09 -1.06243814051e-05)
(-4.0837981981664e-06 7.1010370280078e-07 -1.2210581257155e-05)
(-4.0431817137325e-06 5.1937016258108e-09 -1.3597639574024e-05)
(6.657136435193e-07 1.638437170311e-06 -2.4983541295899e-07)
(1.515260358152e-07 6.2414399171067e-07 -3.0724166574103e-07)
(2.492945990761e-07 1.8635735936e-06 -2.8140651246512e-07)
(3.1487902768874e-06 -6.6226950822589e-07 -6.3147815352368e-06)
(3.8017312169567e-06 1.1791246656176e-06 -9.0251548962528e-06)
(3.1689810487713e-06 6.4069918913278e-07 -6.3165189230059e-06)
(-2.2930649455129e-07 4.5469812361673e-07 -1.5639759515659e-06)
(4.0066056731099e-09 -1.4285788105727e-08 -2.7629362348464e-08)
(-1.3002943626298e-07 4.8763900353203e-07 -1.5623880803745e-06)
(4.6281907720442e-07 -4.0681538347999e-07 -3.0881358669862e-05)
(3.2556848175707e-07 -2.0204109089469e-07 -2.9791349606588e-05)
(1.2050222832282e-07 -1.0342151839528e-07 -2.8791804652066e-05)
(1.6370216563957e-07 -1.56051144416e-06 3.9089000822659e-06)
(-9.2083696093633e-07 -4.0814239845248e-06 1.8523365205507e-06)
(-4.0265465300118e-07 -4.3494732273666e-06 1.8338784326181e-06)
(7.3087209440831e-05 8.861904560773e-05 -4.28984274117e-05)
(8.2075481596968e-05 6.9623539830187e-05 -4.5461265002601e-05)
(2.5753998428044e-06 -1.9870206350412e-06 5.1346430163771e-07)
(1.5631899075569e-06 -1.4834821640488e-06 -2.8480512228286e-07)
(1.9288566398629e-06 -1.1503604180789e-06 -3.0439761485111e-07)
(-7.6945623058109e-05 3.0642598005349e-05 5.6458028155566e-06)
(-5.6612919191866e-05 2.9297467403803e-05 8.5877722972609e-06)
(-6.2048454243412e-05 1.8182019846438e-05 8.6466443743627e-06)
(8.3823483963195e-06 1.3290277074915e-06 6.8300340023869e-06)
(4.0675431944221e-06 4.9598437341993e-08 5.5970696012893e-06)
(7.2352689342305e-07 9.5156752387582e-08 4.2201303089819e-06)
(-1.3273819798636e-06 -3.7706838281157e-06 4.4268844600955e-07)
(-1.335901041313e-06 -3.5252469849068e-06 1.8575633558624e-06)
(-2.2870835585428e-06 1.1927727803627e-06 -3.1339020700709e-07)
(-3.0050663300127e-06 8.1842575360115e-07 2.784535599375e-07)
(-8.1952240087456e-07 5.730897184728e-07 -4.7119468729589e-07)
(-2.0415654890514e-06 1.6626465493174e-06 -4.4151037277138e-07)
(-1.1336855881128e-05 -1.155420820259e-05 8.3278732557808e-06)
(-1.3165983718058e-05 -9.2256117531795e-06 8.2971700018263e-06)
(-4.5012725010848e-06 -3.7687843023698e-06 6.1586456891246e-06)
(4.0236312469256e-05 0.00011289725906332 -7.53248169501e-06)
(4.3342537344389e-05 0.00012186211273136 -1.4867862502683e-05)
(3.1210896389992e-06 -8.2402855181865e-06 -4.6739699277124e-05)
(5.0755736652517e-06 -8.517315017116e-06 -4.7582479932461e-05)
(-1.637959873625e-05 0.00013031318309365 -3.2032501671502e-05)
(2.7186526056038e-06 0.00013040710980176 -3.3583878202081e-05)
(2.5401234772143e-06 -1.6603670369553e-06 1.9348864707396e-06)
(1.351131082005e-07 -5.9557789202804e-07 3.8642958812714e-06)
(2.1041604798039e-06 -2.2627849099069e-06 1.9071811915603e-06)
(-3.8363057000573e-06 -4.3889745470526e-06 6.1585938400989e-06)
(-2.9427165477409e-06 -4.5808597492055e-06 6.1343228232877e-06)
(7.4472698016398e-07 2.438993698473e-07 -3.6632853502398e-07)
(-3.6073298672996e-07 -1.199205368351e-07 -1.1838378869675e-07)
(-3.3389779270948e-07 -1.9819141425201e-07 -9.5915787648044e-08)
(-1.4328470873803e-05 -6.4650260700062e-06 8.2747449671238e-06)
(-1.4957557927728e-05 -3.4581321904659e-06 8.2554763879785e-06)
(1.4321153845403e-05 -3.7425367948971e-05 1.022785159242e-05)
(8.3065844107994e-06 -2.071291147528e-05 9.512093227887e-06)
(1.6470251800273e-05 -2.6666912738952e-05 1.0081827918473e-05)
(-1.1016126495921e-06 -1.6328508534235e-06 2.9175756864698e-06)
(3.4171138043386e-06 1.9952246790285e-06 5.6112679790029e-06)
(3.765924139269e-07 -2.4391795735081e-07 4.0710759470958e-06)
(2.3687052679279e-05 1.9040268530953e-05 9.6683094886685e-06)
(3.8675650845416e-05 3.1696733784202e-05 9.6727041049527e-06)
(3.0505524492132e-06 -1.1239474206464e-06 1.9211837961398e-06)
(-3.8354887177948e-05 4.580764638011e-05 -5.2965653440456e-05)
(-3.9445035632341e-05 3.4314422512449e-05 -5.2860934584624e-05)
(-3.1523015271166e-05 3.7483554841097e-05 -5.278266054953e-05)
(-5.336201942526e-05 8.7486265543463e-05 -4.7473100743479e-05)
(-6.1062795607702e-05 9.9947630404127e-05 -4.201891288105e-05)
(-6.8453337507256e-05 8.1788473563308e-05 -4.619446579773e-05)
(1.3665157529851e-05 4.6241640687981e-06 8.0145170040193e-06)
(2.1409742322968e-05 3.4513832765809e-06 9.0372163407396e-06)
(8.3408253628227e-05 -6.933314797384e-05 -4.5419415965444e-05)
(9.3696148300519e-05 -7.7860704411661e-05 -3.9440885071155e-05)
(0.00010036549984526 -5.764279693858e-05 -4.2619758080993e-05)
(2.7139454766666e-05 -3.0862400906319e-05 1.0241158223828e-05)
(4.0923920890891e-05 -4.7238154907895e-05 9.095676896735e-06)
(2.6442341280723e-05 -4.383580439563e-05 9.9242924232152e-06)
(6.0284280376833e-05 9.8633806335402e-06 9.0891731327826e-06)
(6.7773024365601e-05 2.367923757175e-05 7.7121578715912e-06)
(8.1754237298049e-05 1.3442225829645e-05 5.8686581850669e-06)
(-6.2939341817268e-07 2.2746683596729e-06 -3.7929011162873e-07)
(-7.2620189756874e-05 -4.2497792002735e-05 -5.1265382974872e-05)
(-8.6698055280689e-05 -5.0911035870037e-05 -4.7876858156846e-05)
(-7.0075879722994e-05 -5.9973442499281e-05 -4.9817796723793e-05)
(-2.8132735450388e-05 -9.1860026883366e-06 9.7361556074024e-06)
(4.0018607734508e-05 -3.2669052397479e-05 9.9392516423951e-06)
(5.4269571775135e-05 -3.1000593934334e-05 9.1102692440254e-06)
(5.6812303802839e-05 -4.6800764843767e-05 7.712016690034e-06)
(4.8255200882931e-05 2.7957146470644e-05 -5.2879910373649e-05)
(3.9945156308888e-05 2.306855617488e-05 -5.2605928473344e-05)
(0.00012076998906175 4.3433359031544e-05 -3.2288509906425e-05)
(0.00012913067804186 2.1995565809708e-05 -2.8561997459537e-05)
(1.4577723796609e-05 -1.2437060727217e-07 8.079235670875e-06)
(1.2459014683553e-05 -1.4376549737846e-05 -5.103941554604e-05)
(9.6554482252451e-06 -1.1152378677092e-05 -4.9875133140559e-05)
(8.9542742926816e-05 -5.1413308409646e-05 5.6437489273923e-07)
(7.3033898111933e-05 -4.1877583852534e-05 5.8154526660417e-06)
(-4.5310413168645e-05 0.00010556542214533 -4.3325606021202e-05)
(5.4361264886048e-05 -6.3854453952761e-05 -5.1101997707233e-05)
(0.00010737810512672 -2.7811516073704e-07 -4.5344273349849e-05)
(0.0001124255718232 1.9475872834547e-05 -4.2557720749213e-05)
(6.5531775186781e-05 0.0001160602053679 -2.5464096227837e-05)
(6.3669275249819e-05 0.00011294990589618 -3.307730581345e-05)
(8.387432117983e-05 0.00010139856060338 -2.8786674449635e-05)
(2.3457855315959e-05 0.00013162497489086 -2.7918273327692e-05)
(2.8601712886824e-06 0.00013412930297082 -2.5980314442987e-05)
(5.9229339185239e-05 0.00010518816348561 -4.0255303977164e-05)
(5.2734101322939e-05 9.3627043646988e-05 -4.6079592709185e-05)
(4.6453364119478e-05 -0.00012347945012521 -2.8562149900176e-05)
(6.7751456226227e-05 -0.00011477464255104 -2.4710455615968e-05)
(6.5873021371432e-05 -0.00011163218215428 -3.2302069063763e-05)
(2.8908885881243e-07 -8.5049422105197e-07 -3.194226412232e-05)
(8.6707656404041e-05 -4.9743173013421e-05 -4.7793825010771e-05)
(8.6524813196409e-05 -3.1321228577609e-05 -4.9660951072792e-05)
(1.1495917752467e-06 -6.9919135090779e-07 -3.3954301983595e-05)
(8.3556607695989e-06 4.5538546807518e-05 -5.2644749892416e-05)
(7.1117966133612e-06 3.8418288804252e-05 -5.2072146516174e-05)
(1.7106314216761e-05 -9.0238263913186e-05 -4.9711031059603e-05)
(2.9522783393231e-05 -7.8355146861297e-05 -5.1125435927635e-05)
(1.4113097181082e-05 -7.4122820809507e-05 -5.2073316469704e-05)
(2.4330764946587e-05 2.0359095526633e-05 -5.1988276134408e-05)
(1.8698638773378e-05 2.2300553647439e-05 -5.1981782847446e-05)
(2.0404558737206e-05 1.7139311072583e-05 -5.1954575246231e-05)
(2.8091525615261e-05 -2.2992074791467e-05 -5.1901755760977e-05)
(2.5413043901383e-06 0.00012047025823489 -4.0712432206921e-05)
(-3.3073922807693e-05 -9.4351354672479e-05 -4.7839482376323e-05)
(-5.2912086280834e-05 -9.4050427335059e-05 -4.5441972687624e-05)
(-3.815342014411e-05 -0.00010847317868118 -4.2584986050496e-05)
(2.631746558573e-06 -1.8516282674959e-06 -6.3083531031628e-06)
(2.9458533280596e-06 -1.2859278268408e-06 -6.3119139708587e-06)
(1.7028782203116e-06 -9.6337809370398e-07 -3.7445823080082e-06)
(3.4535643079162e-06 -1.9315369383247e-06 -9.0134308615056e-06)
(1.862434155838e-06 -5.9894173395975e-07 -3.7479497576425e-06)
(4.5554060048419e-07 -2.0379600142322e-07 -1.5742736651726e-06)
(4.8801674296898e-07 -1.0505253572747e-07 -1.5744480684566e-06)
(-2.04326538146e-05 -1.1865410694255e-05 -5.1693932646441e-05)
(-2.480024538707e-05 -8.8625535794627e-06 -5.1862516264412e-05)
(-2.4856366584945e-05 -1.4410076640375e-05 -5.1893984858579e-05)
(2.0315459774758e-05 -7.1654407513416e-06 -5.1474072040852e-05)
(2.3782139545267e-05 -4.0244056721121e-06 -5.1783847746534e-05)
(1.877734196757e-05 -3.1722654122418e-06 -5.1053330370156e-05)
(1.5254169399599e-07 -3.7527804208921e-08 -2.8663871295844e-05)
(5.9220779354761e-07 -4.2985308593931e-08 -3.0817882091163e-05)
(3.6541680641336e-07 1.4135663802192e-08 -2.9737144635207e-05)
(2.4204775211551e-07 2.3716645788999e-07 -2.9616340238672e-05)
(-7.1059211788343e-08 -1.5553194039778e-07 -2.7464773922553e-05)
(1.234013890352e-07 4.0928033230754e-08 -2.861981364473e-05)
(-1.0307751411608e-05 -1.8378549845001e-05 -5.1412037699156e-05)
(-7.7174783535823e-06 -2.225810149994e-05 -5.1707791637093e-05)
(5.0248264119292e-06 -2.5760995324281e-05 -5.1900475853243e-05)
(8.5419247739416e-06 -2.2269726515823e-05 -5.1726283901217e-05)
(4.0885579465006e-06 -2.0873445506406e-05 -5.1420759885399e-05)
(-2.7807283504691e-08 4.2781493480135e-07 -1.6127680189702e-07)
(-6.7104230044783e-08 -1.0432162816844e-06 -4.8441078566294e-07)
(6.2212100185054e-08 4.2168369769705e-07 -1.8127533455596e-07)
(1.8701315801816e-05 3.3667017159962e-06 -5.1051516240111e-05)
(1.4456091245667e-05 2.6216530981352e-06 -4.9864533129327e-05)
(1.675123038352e-05 9.0741905331733e-08 -5.0504026143029e-05)
(-7.2975424247064e-06 -2.5968690082718e-06 -4.5892150423131e-05)
(-6.8561338158357e-06 -1.085444182038e-06 -4.5034192367211e-05)
(-8.4826276923197e-06 -1.341037487423e-06 -4.6675222683949e-05)
(-1.6441623358341e-05 1.0227196717573e-05 -5.1074599111294e-05)
(-1.5472317819263e-05 6.2686741510306e-06 -5.0492791901457e-05)
(-4.0901490537994e-07 3.3598170605863e-07 -1.5897690100889e-06)
(-5.0764597374706e-07 2.6513030093909e-07 -1.6477522324894e-06)
(1.5239512141968e-06 -1.2767289245814e-07 -2.3424354343317e-05)
(8.1097303106974e-07 -1.4177048253579e-07 -2.5480699972053e-05)
(8.3912011689367e-07 1.1793828223593e-08 -2.5491679443246e-05)
(-1.775245320466e-06 4.1056278835321e-07 -3.5880936820973e-05)
(-1.4340387890754e-06 1.6975935334784e-07 -3.4516640739384e-05)
(-1.3649385165505e-06 4.3064483349268e-07 -3.4392944023549e-05)
(1.1299346963982e-08 -8.7790806789228e-09 -2.7577739505342e-08)
(-8.1868223452601e-05 1.6183323504486e-05 -5.1272997302536e-05)
(-6.6507251338138e-05 1.3285218397447e-05 -5.2622825261554e-05)
(2.6015988088115e-06 -4.7303677287562e-07 -3.8034362876008e-05)
(1.823737189767e-06 -3.5238696171102e-07 -3.602818969881e-05)
(3.4380558158137e-07 1.2352475110401e-05 -4.89127663561e-05)
(2.855695781445e-06 -2.9967614995606e-06 -1.1665777658357e-05)
(2.4800818235756e-06 -3.1486430612139e-06 -1.4213877253785e-05)
(3.0509334179654e-06 -2.5874573845585e-06 -1.4199304468202e-05)
(3.401317831004e-06 -2.3653269570035e-06 -1.1664604778572e-05)
(3.077397734069e-06 -1.7787641656617e-06 -3.9934855130647e-05)
(2.3029843967896e-06 -1.3529768644329e-06 -3.8030432739559e-05)
(2.082865942034e-07 -3.9959614118656e-06 -9.1608128426066e-06)
(2.9545523810875e-06 3.5724916034371e-06 -4.161580438877e-05)
(3.1111256502018e-06 2.6463291544836e-06 -4.0799822138674e-05)
(3.9650833288375e-06 3.3692503958323e-06 -4.2520010672622e-05)
(-4.5490352305427e-07 -2.2924260523389e-08 -2.6496383508546e-05)
(-1.2384730278204e-06 -9.3736839593055e-07 -3.4937748578352e-05)
(-8.9038710369927e-07 -6.8478765790127e-07 -3.2965129710869e-05)
(-2.9889343043894e-06 -3.8524750210134e-07 -3.8882784413517e-05)
(-2.7812667183621e-06 1.7779651487688e-07 -3.8364576709585e-05)
(-2.9966753871897e-07 1.962960263358e-06 -3.735186674363e-06)
(-2.0638659766943e-06 -2.6527648931394e-06 -6.6272975952924e-06)
(-2.688819573165e-06 -3.001324247495e-06 -9.4910569776751e-06)
(-1.8001071792178e-06 1.1235658859586e-06 -3.6603386274711e-05)
(1.1822012906061e-06 -1.4488476534921e-06 -3.6035582670807e-05)
(8.4473861774588e-07 -1.0392621302314e-06 -3.3970590469202e-05)
(3.0657989030884e-06 1.7888954569556e-06 -3.9907323955308e-05)
(2.9011435290485e-06 1.0622445093497e-06 -3.8975551388538e-05)
(-2.87330598282e-06 1.6729637041111e-06 -6.5024886315533e-06)
(-3.4759697061241e-06 1.2548507142976e-06 -7.6418546977918e-06)
(-2.0909731581997e-06 8.1356264061007e-07 -4.1806613114375e-06)
(-8.7498945103625e-07 -9.6197003869157e-07 -3.3703807372745e-05)
(3.6442522595101e-06 4.4158935489026e-06 -4.3298373090825e-05)
(2.5159723599751e-06 4.4515682165535e-06 -4.2335044251837e-05)
(-9.2375123773394e-07 1.4923107916281e-06 -2.264791186511e-05)
(-5.4481262555756e-07 1.2388397476188e-06 -2.3899380262011e-05)
(-5.3581479650508e-07 8.874389871334e-07 -2.4839787185628e-05)
(-7.7440528057811e-05 9.2171894460349e-05 -4.0300156369743e-05)
(-8.3771547627518e-05 7.2817180232122e-05 -4.4469354856454e-05)
(1.2131885631578e-05 1.4599336265421e-05 -5.099765560534e-05)
(8.189900532669e-06 1.4365334558426e-05 -5.0376704644039e-05)
(-6.6644209746361e-05 0.00010896748766891 -3.5148976581279e-05)
(-4.9762028885154e-05 0.00011591212130804 -3.6714804318811e-05)
(2.3463069561681e-06 1.9953697301769e-06 -3.8932697557816e-05)
(-1.8608556482832e-06 7.067511448933e-07 -2.1843782148272e-05)
(-1.1230824292025e-06 4.2148861679111e-07 -2.4243150268637e-05)
(1.1924279270079e-06 -1.0353640054174e-06 -3.4994404839204e-05)
(1.0475732691243e-06 1.8676442492001e-06 -3.6766319245765e-05)
(1.4763771401764e-06 2.6272394841359e-06 -3.8726969016999e-05)
(8.1715747237504e-07 2.3249258159637e-06 -3.7509911379792e-05)
(-7.6210367878997e-06 2.1762769328349e-07 -4.5782604410909e-05)
(-6.7337160910975e-06 1.4526053120306e-06 -4.4941594019979e-05)
(-8.3757178370566e-06 1.8147592716383e-06 -4.6633312519864e-05)
(7.1717482869537e-07 -4.4053059009067e-07 -3.190063107384e-05)
(5.6379180566271e-05 -9.5405153467023e-05 -2.586877721872e-06)
(4.753946162889e-05 -8.0183115832005e-05 3.3446967843605e-06)
(6.6999863073231e-05 -7.8358172672264e-05 5.1320648090644e-07)
(5.4715701903826e-07 6.2584369343121e-07 -3.1736719516657e-05)
(8.2655137051371e-07 9.8694324772229e-07 -3.3796380260871e-05)
(5.2030785355518e-07 9.1115449331577e-07 -3.2615072944575e-05)
(9.578956392699e-07 1.1351691705492e-06 -2.3498479343943e-05)
(6.0221210815515e-07 5.5358593700276e-07 -2.5541361967639e-05)
(-2.1251974072267e-06 1.8002283393151e-06 -1.9620381433812e-05)
(-7.1683028260134e-06 2.9811623296758e-06 -4.5837511131217e-05)
(-7.394713205887e-06 4.712516876706e-06 -4.6801624084586e-05)
(-9.0117371801816e-06 3.7300283136237e-06 -4.7541886480269e-05)
(2.9110535522836e-06 -1.0654652293099e-06 -3.8992133681458e-05)
(1.7057529833034e-06 -1.4644536934889e-06 -3.7050570296473e-05)
(3.5187007493506e-06 -6.1483138307593e-07 -3.9932472511941e-05)
(3.8429321244878e-06 -1.3841759393056e-06 -4.0847671888762e-05)
(-3.8209971976443e-06 6.8152427532941e-07 -1.5109240540339e-05)
(-3.254267885172e-06 5.9646966300104e-07 -1.7921661989505e-05)
(-3.6491349379089e-06 1.6956979084941e-08 -1.647331618783e-05)
(-1.8710038329976e-06 3.4432239854446e-06 -1.4904523801155e-05)
(-1.2272144317907e-06 3.3125985614507e-06 -1.7161241126356e-05)
(1.7355237997261e-07 1.5003292195253e-06 -2.3407665204414e-05)
(4.4500380765709e-07 1.3821240987905e-06 -2.3601001600558e-05)
(1.4372109947661e-07 6.5138200805165e-07 -2.5880014129335e-05)
(-2.3066035960735e-07 -5.0377590684532e-07 -2.6202240376024e-05)
(-9.3675999586658e-08 3.4261014527307e-07 -2.9686601052681e-05)
(1.4569299401251e-06 -4.1270000345865e-07 -2.3419336796868e-05)
(3.035778565061e-07 4.0244109849303e-06 -1.421322100333e-05)
(1.1663019470253e-08 3.6706437440016e-06 -1.6671746710263e-05)
(-1.8675773390855e-06 -6.8942012412685e-07 -2.1765953098552e-05)
(-2.099150968902e-06 -1.2402056550895e-06 -2.0485340537388e-05)
(-2.6973708755544e-06 -9.7418640626785e-07 -1.9244439962545e-05)
(-0.00012218895873884 1.1186251411988e-06 -3.9164012662474e-05)
(-0.00010825824666169 1.2586940554941e-06 -4.5492518186402e-05)
(-0.00011311468754972 2.2073134601629e-05 -4.2662439978836e-05)
(-3.7886427797732e-06 -1.3355536930809e-06 -1.3624666302261e-05)
(-3.5861784602033e-06 -1.9892157339212e-06 -1.226023667233e-05)
(-3.8708580272616e-06 -1.4089497972736e-06 -1.0572714506889e-05)
(-2.5018989983755e-06 4.0889385088207e-06 -4.1862554209735e-05)
(-3.4019207436983e-06 -1.2051131265585e-06 -1.6503921891456e-05)
(-2.8429540994446e-06 -1.6354469201679e-06 -1.7869771560176e-05)
(-3.3482578760503e-06 -1.8651125843698e-06 -1.5094588951996e-05)
(-0.00011244542203433 6.7229863914936e-05 -2.7683245956703e-05)
(-9.8679320511086e-05 8.4874215299685e-05 -3.0669742742321e-05)
(-9.9684409925391e-05 8.6100034229595e-05 -2.306698020129e-05)
(2.1977234239614e-06 -4.1152732664274e-07 -2.1302505800622e-05)
(-2.8092929845465e-06 1.6518606661434e-06 -1.8093067888658e-05)
(-2.4181822415378e-05 3.9400107949973e-05 -5.2667578248665e-05)
(-1.7639941529333e-05 4.0898973126716e-05 -5.2554606014812e-05)
(-3.1995273380752e-06 -1.3830605497162e-06 -6.9801294198203e-06)
(-2.9309944406403e-06 -5.7788570870671e-07 -5.6588556933054e-06)
(-3.8917201431471e-06 -7.4153313961268e-07 -8.8945106146475e-06)
(-2.9577094418973e-05 4.8356189030455e-05 -5.3000395136035e-05)
(1.5271827219707e-06 1.6190593127761e-07 -2.3429146229858e-05)
(2.2399087694508e-06 1.824263189491e-08 -2.1308144941603e-05)
(2.4193829888641e-06 -3.1389353419865e-06 -9.0113864756048e-06)
(2.206075155606e-06 -3.5223727397883e-06 -1.1685018070347e-05)
(-1.4120444903727e-05 2.9613530544446e-06 -4.981957099947e-05)
(-8.1844069132695e-07 -3.1861774788057e-06 -6.4201338582718e-06)
(-1.6513322294654e-07 -3.2729479604945e-06 -6.3919895544162e-06)
(-3.0643338414226e-07 -1.9793486184296e-06 -3.7809679322473e-06)
(-0.00012353747502553 2.4286242806379e-05 -3.5966702151954e-05)
(-9.8430499291109e-05 1.9320249211095e-05 -4.7929924626286e-05)
(-0.0001008640903938 3.9520246265354e-05 -4.543479881407e-05)
(-5.9671264095789e-07 -3.852895420926e-06 -1.492447735488e-05)
(-1.319845447441e-06 3.7863145232568e-06 6.0751032261191e-06)
(-2.4057926282217e-06 1.4498630165335e-05 8.2954720969808e-06)
(-9.9584973134386e-08 4.4286895786519e-06 6.2230418094563e-06)
(-5.4849700011953e-06 1.302284683817e-05 8.1482315594563e-06)
(3.3134520698801e-07 -3.6412972296074e-07 -1.5703679125365e-06)
(-1.0581459176661e-08 1.1717125235999e-08 -2.6416317715091e-08)
(-0.00012424314417077 4.4823346909545e-05 -2.3687486319365e-05)
(-0.00011867942803964 4.9821559274513e-05 -1.5951939374094e-05)
(4.9919963257059e-07 -2.8644141404732e-05 -5.1953270566397e-05)
(-4.1091659629197e-06 -2.5777568449654e-05 -5.1889308107201e-05)
(-4.8800192597416e-06 -3.0634248851263e-05 -5.1901331470308e-05)
(3.8720215356317e-05 3.2527833317058e-05 -5.2817417114287e-05)
(2.2777991517865e-06 6.3407052296993e-06 -4.4628028061455e-05)
(1.0430315308944e-06 5.762453574703e-06 -4.3464338704547e-05)
(1.8755386068844e-06 9.0161566950391e-05 -5.0481369730903e-05)
(-4.988945127974e-06 -2.9064207206098e-06 -4.349007927665e-05)
(-3.9720624718325e-06 -3.3711202510393e-06 -4.262564689685e-05)
(-4.0591431958782e-06 -2.3517599805636e-06 -4.1874100820088e-05)
(-2.6339291504567e-05 3.1324854958685e-05 -5.2255539781115e-05)
(-2.0465218052016e-05 3.3361679548321e-05 -5.2116511934055e-05)
(6.525026096544e-05 7.7855224824569e-05 2.975788618309e-07)
(7.4608924175312e-05 8.9280738355588e-05 -6.1636567965605e-06)
(8.3809054546231e-05 6.9655089882647e-05 -2.6039483464232e-06)
(9.9141878976715e-05 8.3150002456967e-05 -1.6977877261787e-05)
(8.421790221523e-05 0.00010144118112844 -2.1038868109953e-05)
(3.6940789351022e-07 -2.2342242069213e-06 -3.7045616562597e-05)
(-1.9988212739498e-08 -1.8792202883751e-06 -3.6001178475202e-05)
(-1.8620323238335e-08 -2.6966647035749e-06 -3.8015758162077e-05)
(-6.5010321715142e-05 -0.00011602495509219 -2.4557252812208e-05)
(-4.3731579410343e-05 -0.00012416579849867 -2.8386568417893e-05)
(-6.3493760226205e-05 -0.00011295829835976 -3.2139300956039e-05)
(-6.0299449642668e-06 3.8445834359949e-06 -4.5129679413242e-05)
(-5.8363061069999e-06 2.425107635452e-06 -4.4172721007912e-05)
(-0.00011280659887112 -2.0703315392268e-05 -4.404479245715e-06)
(-0.00012403587115229 -9.6337249489332e-06 -1.0326815148816e-05)
(-0.00011380544631122 8.8884369659997e-07 -4.3089664127872e-06)
(-2.9083966397855e-05 -3.4307031029909e-06 9.7247158579336e-06)
(-4.6352942882793e-05 -5.6220835891528e-07 1.0013396098097e-05)
(-2.896481648145e-05 2.4199264977228e-06 9.6905778195868e-06)
(0.00012363272664988 -4.5122572374596e-05 -1.6977126194282e-05)
(0.00012553924786952 -4.5862267297271e-05 -2.4714285920241e-05)
(-1.1232364024889e-07 5.3922202268662e-07 3.776656547172e-06)
(-6.4434661978507e-08 1.3320337676874e-07 3.8028177483436e-06)
(3.4669101749443e-05 1.9282305138053e-05 9.9510947461904e-06)
(-2.5553816560659e-05 1.3236260438897e-05 9.5581373081346e-06)
(-4.2472429028251e-05 1.7097730627315e-05 9.8841638349966e-06)
(-3.8019623540835e-05 2.4723210810958e-05 9.8137998033387e-06)
(6.2475509772779e-06 3.3571055439237e-05 -5.1823119834458e-05)
(1.1264333441876e-05 3.0812573159614e-05 -5.1851864412721e-05)
(1.289321744683e-05 3.5298170565076e-05 -5.1956422132802e-05)
(-1.261142365093e-06 -7.76873428371e-06 -4.5893731582787e-05)
(-2.3374879412084e-06 -6.6838927083726e-06 -4.5071523990507e-05)
(-2.8660971912479e-06 -8.2505975359683e-06 -4.6722188576155e-05)
(1.837714682637e-08 1.0329117925583e-06 -3.2505482940327e-05)
(2.3782926017497e-07 1.3389358662432e-06 -3.4023711658607e-05)
(-1.6875379505289e-06 -8.5501465175216e-07 -3.6141176663472e-05)
(1.415905637544e-06 -0.00013114395453872 -2.8482155667517e-05)
(-2.1742638780757e-05 -0.00013046469768641 -2.4576332019089e-05)
(2.9975861512777e-06 -2.5879931705148e-06 -9.0098198174028e-06)
(2.2106762618648e-06 -2.3504834405952e-06 -6.3056110960294e-06)
(-7.4908463752871e-07 1.6769748814694e-06 -3.5867838713658e-05)
(1.9054415309736e-07 -1.1374260057769e-08 -2.742319713285e-05)
(-2.4345044790135e-07 5.863328401587e-08 -2.9277520745673e-05)
(-2.3914160220116e-07 -3.3678676189403e-09 -2.9316932345937e-05)
(2.2183440401517e-06 0.00010707873797253 -4.6461460244045e-05)
(-3.062207891056e-06 5.0521484005823e-06 -4.3528878181741e-05)
(-2.6992403645622e-06 6.3647529945302e-06 -4.4842299080983e-05)
(-3.7312551972651e-06 6.2293898150298e-06 -4.5189581716544e-05)
(-2.1709994258939e-07 4.9186260227434e-07 -3.0480323743013e-05)
(-6.7223561425692e-08 1.6546150271193e-07 -2.8787014655195e-05)
(2.469168656026e-06 4.3168225248636e-06 6.2329474281026e-06)
(7.3780494815068e-06 1.1290061790164e-05 7.9539772262256e-06)
(2.4464917509409e-06 2.4579652559571e-06 5.6487547223204e-06)
(-1.3163998315217e-05 1.1634949410814e-05 -5.0675788674576e-05)
(-1.011449802218e-05 9.0102246436653e-06 -4.9405908857615e-05)
(-1.0303051949053e-05 1.2518454263049e-05 -5.0294928345775e-05)
(-1.2295666314188e-06 -3.3891515629655e-06 -3.9932436919334e-05)
(-5.5298917452965e-07 -3.0691321960461e-06 -3.8981251043178e-05)
(-8.4027258656257e-06 3.1017237051738e-05 -5.1852035004052e-05)
(-3.8015461288458e-06 3.1259800474705e-05 -5.1860133821595e-05)
(-1.1861441318684e-06 9.9459049730157e-06 -4.7620511931909e-05)
(-2.1127929498963e-06 7.9654348358807e-06 -4.6214076697966e-05)
(-9.4829196624019e-07 7.8461334876818e-06 -4.5912850042209e-05)
(-4.0836928144266e-07 -2.2182165869867e-06 -3.6991267851666e-05)
(2.7962736198903e-07 4.5399326990475e-07 -3.0527503720442e-05)
(1.0992063750975e-07 2.3345676631195e-07 -2.9191101248819e-05)
(7.2746668674907e-08 5.4962461205784e-08 -2.8386160424088e-05)
(-2.0883067769596e-05 -0.00012015429483089 -9.060940516895e-06)
(-3.9696582441733e-05 -0.0001081925852095 -5.0796648371106e-06)
(7.6565083752317e-07 -1.3115018651656e-06 -2.3409623201756e-05)
(8.9982243867525e-07 -2.0021707105635e-06 -2.1365549213141e-05)
(5.333588848387e-07 -1.4301662399355e-06 -2.3340579197654e-05)
(-5.9259057594554e-06 -5.0457042927784e-06 -4.5901925850223e-05)
(-4.8339085164172e-06 -4.1179390461959e-06 -4.4269956869746e-05)
(-6.0695393549903e-06 -3.5221403838027e-06 -4.5099241943509e-05)
(-4.40517073904e-05 -0.00012451905819542 -2.0608753302233e-05)
(1.7852725401428e-07 9.6371355056892e-08 -2.7437540112271e-05)
(-1.4203343042289e-07 -1.9816456216546e-07 -2.9173783902427e-05)
(-1.3931411018067e-06 -2.7695910156639e-06 -1.858768611335e-05)
(-1.4715525062808e-06 -3.5386480542188e-06 -1.5253864133169e-05)
(-5.1714071983068e-07 2.069768343717e-06 -2.1533740501138e-05)
(-7.6284906790895e-07 1.8214706510439e-06 -2.201074014191e-05)
(-1.0418331578529e-06 2.5702950129379e-06 -1.9721931373098e-05)
(1.173627295414e-06 9.4146345921132e-07 -2.3454337875752e-05)
(-2.7824168234205e-06 -2.2271598343692e-06 -7.2449691968965e-06)
(-3.1084057938659e-05 -6.3795788502593e-05 7.8206691402892e-06)
(1.4510798704755e-05 -2.4556960285495e-06 -4.9874214364555e-05)
(5.3242484259585e-05 6.4429768553116e-05 -5.13008539721e-05)
(7.0104627725271e-05 5.9464958435494e-05 -4.9739812529231e-05)
(6.3816537355123e-05 7.7267918846669e-05 -4.8017255065017e-05)
(5.0707162490202e-07 -6.2022745078007e-07 -3.699294443244e-07)
(-6.4629781869409e-06 -4.0773525942799e-05 -5.2206957398546e-05)
(-1.467317276405e-05 -4.2357267913515e-05 -5.2447117542974e-05)
(-7.7769792297771e-06 -4.8806714059683e-05 -5.2661108697711e-05)
(7.9362186549878e-08 -4.7858165489502e-07 -1.1115332336724e-07)
(1.4974228651709e-07 -4.3184721590014e-07 -1.4196481183465e-07)
(-3.4851815967512e-07 8.3388215524153e-07 -4.3150724184896e-07)
(-3.1595210844975e-06 -2.6520063924064e-06 -4.0934174809249e-05)
(-2.4043848084363e-06 -1.9658092766938e-06 -3.9062917503141e-05)
(-4.4666862899736e-05 -7.1772097479905e-06 -5.2423623595669e-05)
(-3.8128821827313e-05 -6.0852329006682e-06 -5.1927039562614e-05)
(-4.1755511205169e-05 1.0104994689895e-06 -5.2157020080939e-05)
(4.0345311863427e-06 -1.0550056630752e-05 -4.8397707759466e-05)
(-1.7679367244501e-06 -1.3891102835231e-06 -3.7066358851535e-05)
(-1.2179827240573e-06 -1.3640326828964e-06 -3.590834519632e-05)
(-1.5294015372912e-06 -1.5614098536086e-06 -4.092736036821e-06)
(-1.1058970674169e-06 -1.757664980675e-06 -3.90179573331e-06)
(-1.4231354628382e-08 7.6417652724226e-08 -2.7816884165036e-05)
(-5.5843168350487e-05 8.3205899189084e-05 5.7291177570254e-07)
(1.1694746359008e-05 8.8607674132685e-06 8.0811261756183e-06)
(6.1793847938956e-06 6.0303311270068e-06 6.969753918631e-06)
(1.445696191116e-05 1.6143734916427e-05 9.016861824462e-06)
(-9.8856953642431e-08 -5.7155792530529e-07 -3.0619390630801e-05)
(-1.6158687821451e-05 -1.375216815716e-05 -5.1408085597263e-05)
(-1.2641693716691e-05 -1.075722577766e-05 -5.0466111207143e-05)
(-1.639611281437e-05 -9.5209694613741e-06 -5.0991406899164e-05)
(-7.6116888460678e-07 3.6152250259893e-07 -4.1528874160495e-07)
(-1.18889630412e-05 -1.4452340837952e-05 -5.0999255497208e-05)
(-1.5013327292076e-05 -1.8238298086741e-05 -5.1696776909722e-05)
(0.00012980139937027 2.192959510487e-05 -2.0850757422407e-05)
(1.5196174808959e-06 -2.6795595647274e-06 -3.9001839810269e-05)
(2.5135552144444e-05 -8.8514576586973e-06 -5.1951097648373e-05)
(2.5384724337736e-05 -1.4244546698296e-05 -5.1991996331661e-05)
(-1.9910729587975e-05 -1.6965080474188e-05 -5.185660648165e-05)
(9.3339099474576e-05 7.7888508955136e-05 -9.5083047293107e-06)
(0.00010904404470666 6.210430569153e-05 -1.3166099039577e-05)
(4.7507977956969e-07 -2.0003112835557e-06 -2.1760897858601e-05)
(2.6789631613718e-07 -2.7151017055204e-06 -1.9809921839292e-05)
(9.5103518361323e-08 -1.852683293803e-06 -2.2329689761768e-05)
(-6.6739447130217e-07 2.8979477086152e-06 -1.9172826898025e-05)
(-1.567886930418e-06 -2.7875366238521e-06 2.1871818915441e-06)
(-1.7974033940438e-06 -3.2424803081863e-06 6.0028962964543e-07)
(9.3181320935115e-05 -8.386644065974e-07 3.4684183089199e-06)
(9.8849501744684e-05 5.7249139075297e-05 -4.25888687697e-05)
(0.00010803979240734 6.239721998635e-05 -3.5956953646341e-05)
(-2.3884905249399e-06 -4.0803053371547e-07 -2.0536282725545e-05)
(-6.0617788385352e-06 5.4407853198649e-06 -4.6162274835719e-05)
(-4.8179805435802e-06 5.9017403027727e-06 -4.5624352495732e-05)
(-1.7943035054468e-06 2.0230191132941e-06 -4.9211842027801e-07)
(-2.866488527661e-06 2.8742289980182e-06 2.2777986431999e-07)
(-3.4950362242999e-06 -2.0031355969936e-06 -9.4810034798676e-06)
(3.0421385071093e-06 2.5962349180724e-06 -9.0262402606549e-06)
(0.00010460325846169 -3.8252549838944e-05 -2.5080535488455e-06)
(0.00011616997974125 -2.1051052563089e-05 -5.8854259314233e-06)
(-7.9525030298373e-07 -1.2921987943155e-06 -3.4758055622669e-05)
(-5.5158684840517e-07 -8.8194247833789e-07 -3.2464982128458e-05)
(-1.8098030154719e-07 7.7200625728857e-07 -3.7903306213203e-07)
(-1.1591893901565e-08 -4.8061037400315e-07 -7.8464598619099e-08)
(0.00010079634878163 8.4840737255906e-05 -2.4728900174664e-05)
(2.462207318971e-07 -3.0276345123986e-07 -2.988370504692e-05)
(5.5891667891292e-07 -6.8727494169959e-07 -3.1944103395693e-05)
(8.4186188226465e-07 -7.3678565649133e-07 -3.2943111963819e-05)
(-1.181086625623e-05 4.8408817197087e-06 -4.9146370300868e-05)
(-9.6536234750972e-06 6.1136340600528e-06 -4.8481624054224e-05)
(-1.2624389981906e-05 7.9226726908781e-06 -4.9938743139089e-05)
(-9.2683521863569e-05 -7.9886391213257e-05 -3.9351586165722e-05)
(-8.2569310484448e-05 -7.0844897717223e-05 -4.5455047680943e-05)
(-0.00010023236386946 -5.9224187584493e-05 -4.2601502099793e-05)
(-2.7413833267232e-05 -7.8322000366421e-05 -5.1202666529093e-05)
(-3.6707194851591e-05 -6.531362635366e-05 -5.2116467911649e-05)
(-4.4861323977942e-05 -7.9769583373763e-05 -4.9801450603699e-05)
(-8.7237812766773e-07 -3.8984004194341e-06 6.0303271207173e-06)
(-4.6447095408674e-07 1.2610725432718e-06 3.6837376598503e-06)
(-6.63287361878e-07 1.8631219585253e-06 3.6451734677753e-06)
(-8.7015035239147e-05 -3.1762891828745e-05 -4.9839018151906e-05)
(6.8892531130062e-05 -2.5232850346043e-05 7.754168059336e-06)
(-1.0153071471388e-06 4.391384292153e-07 -3.2842165697017e-05)
(-9.2394359096443e-06 -1.1225612937985e-05 -4.9838322837641e-05)
(-9.7140692552211e-06 -8.2736617752666e-06 -4.9144240137282e-05)
(4.5306138577378e-08 2.9427770268135e-06 -3.8594470304824e-05)
(6.7012044807082e-05 1.199021264037e-05 -5.2510791317278e-05)
(7.0915498927738e-05 2.5960098897995e-05 -5.2005522594582e-05)
(8.5769078522633e-06 1.5788216245683e-06 -4.6706189547604e-05)
(8.5778681976447e-05 4.9772657538533e-05 -4.7737437205808e-05)
(0.00010070181338536 3.6536887754719e-05 -4.5333951880183e-05)
(-3.1278395489553e-08 -5.1220435654706e-07 -1.5752966228772e-06)
(-1.905711544972e-06 1.6635057943353e-06 -3.7605744175585e-05)
(2.5532439923012e-06 -2.5993199368712e-06 -1.6678253818603e-05)
(1.9886564959376e-06 -3.0472953826069e-06 -1.6719997638552e-05)
(0.00012628353433334 -2.2918417806352e-05 -1.3188721999304e-05)
(0.00013081161208212 -2.3662812626313e-05 -2.0845450069516e-05)
(3.1323452306607e-06 -2.6268478980414e-06 -4.085234368038e-05)
(1.8018801652565e-06 -3.5803871807987e-06 -1.4275703902706e-05)
(1.046164636876e-06 -3.8561443671066e-06 -1.44148150572e-05)
(1.3339885706555e-06 -3.3491470345261e-06 -1.6856157827906e-05)
(8.5432029009666e-07 -2.7663645191613e-06 -1.9373534499123e-05)
(4.6724820936828e-07 2.1543580303482e-06 -2.1363301200589e-05)
(2.7194648094385e-06 -1.6264218649247e-06 5.8031925714499e-06)
(1.3763022760274e-06 2.6438165083065e-06 -1.9136088305915e-05)
(8.639928138385e-07 2.8711590654973e-06 -1.9127946185856e-05)
(1.3282217014281e-06 3.3899564259834e-06 -1.6711676687025e-05)
(2.3927476589931e-05 -0.00012803453984361 -1.6939356136707e-05)
(4.6559583273743e-05 -0.00012387619448197 -2.0836990583476e-05)
(2.4448871675079e-05 -0.00013024549195563 -2.4697962664156e-05)
(-1.7092332984719e-05 -4.5988082632689e-05 9.8483384448399e-06)
(2.1507630218767e-05 1.111638440353e-07 -5.1484178413812e-05)
(1.0340405230241e-05 -2.6992384568122e-05 -5.1964171114527e-05)
(1.4993184957239e-05 -1.6641258881746e-05 9.4381430089552e-06)
(2.4320474188335e-05 -1.9540425626781e-05 9.997473235737e-06)
(8.4651767154244e-07 2.0144505307991e-06 -2.1414174167946e-05)
(1.6177538325722e-05 -4.2571119105643e-05 -5.2496960249615e-05)
(9.4409171874194e-06 -4.9054055058429e-05 -5.2691983110421e-05)
(1.9584999438748e-05 -5.1696925861245e-05 -5.2802748332419e-05)
(-1.6994013544818e-06 2.9062169955435e-06 -1.7775158633276e-05)
(6.2168820065798e-07 -3.4799739873548e-06 -1.7122893289658e-05)
(-1.363010647291e-08 4.2594597062157e-09 -2.7165448881433e-08)
(-1.759925120432e-06 3.7672677995012e-06 -1.2019333407892e-05)
(-2.0956421451864e-06 3.422349524699e-06 -9.2417426435745e-06)
(-1.3618617332472e-06 3.7725368974314e-06 -9.1493971647787e-06)
(2.0611697260899e-06 -8.2256920704926e-07 -2.1295319030379e-05)
(1.8516380266462e-06 -1.2012553598607e-06 -2.1289442853752e-05)
(1.3550260827745e-06 -6.8968454750767e-07 -2.3411021268819e-05)
(-2.04842279186e-06 -3.5900416672455e-06 -4.0860538570127e-05)
(-2.9914537320395e-06 -3.6063060005641e-06 -4.1751073898293e-05)
(3.2085998571721e-06 -1.6365680999822e-05 -5.046342925182e-05)
(5.2791281066952e-06 -1.3744157046298e-05 -4.9848482992836e-05)
(2.4693814257859e-06 -1.264990264003e-05 -4.9149961527736e-05)
(5.949877374284e-06 2.2121389722704e-06 -4.4202689001285e-05)
(4.8843975582739e-06 1.807133225523e-06 -4.2544778063317e-05)
(-8.3594388980475e-05 -0.00010276165304472 -2.8399725788512e-05)
(-0.00010049595864331 -8.8023434096918e-05 -2.445894001419e-05)
(-8.3139092239536e-05 -0.0001033953587817 -2.0880372883644e-05)
(-3.3132339522576e-06 -2.0829778227094e-05 -5.1411847077734e-05)
(4.2721296206118e-07 -2.3526588718893e-05 -5.1718205159615e-05)
(-2.9680295420103e-07 -1.5436759606822e-06 -3.4884759635574e-05)
(1.5590782554969e-06 1.566595651323e-06 -2.1346094518016e-05)
(1.8391706820469e-06 1.2356070375742e-06 -2.1325831319417e-05)
(1.79838325496e-06 3.5899692209895e-06 -1.4228627245375e-05)
(1.4770603580657e-06 3.9160507854327e-06 -1.1677825332395e-05)
(2.2283805208006e-06 3.5389348996306e-06 -1.1689880181782e-05)
(-0.00011466244979987 -4.2772884374859e-05 -3.9357493854571e-05)
(-0.00010924217042964 -6.5320395885478e-05 -3.5789721785349e-05)
(-6.5231710030652e-05 -6.9080663284089e-06 8.6689059278578e-06)
(-4.5681419371131e-05 -9.7638263573667e-06 1.0001502266486e-05)
(3.9619503654434e-05 -1.40437149193e-05 -5.223542149579e-05)
(1.1402640851757e-06 -8.3362684945493e-05 -5.1166517727922e-05)
(1.2187395880891e-06 -9.9305532545505e-05 -4.7810989266716e-05)
(-4.6509758912647e-07 -3.9719252848555e-07 -1.7074270164337e-06)
(-3.5786456255924e-07 -4.6295470411743e-07 -1.6700470323866e-06)
(1.214045865287e-08 1.3362746517516e-08 -3.0417527877406e-08)
(6.111325401908e-05 2.5652570891776e-07 -5.2725961034419e-05)
(7.5556007300088e-05 1.3604422419797e-07 -5.1981647845531e-05)
(-1.0482186826885e-06 -6.3398766685551e-06 -4.4249563060847e-05)
(-8.6266194279795e-05 5.2809047007961e-05 -4.759943619637e-05)
(-7.2098324370531e-05 6.2887832393084e-05 -4.9174897809199e-05)
(-1.5816819388062e-06 -4.4532942476286e-06 -4.1742225608968e-05)
(-3.5308654431877e-06 1.3318106285948e-05 -4.9458474253286e-05)
(-9.7336630554232e-06 3.5764506899918e-05 -5.1936557137239e-05)
(-1.3059946391304e-05 3.0398453504594e-05 -5.1861723019229e-05)
(-1.246202717529e-05 -3.6008277354937e-05 -5.1964665987634e-05)
(-2.6723780382199e-05 8.3264139302164e-05 4.3599494151022e-06)
(-3.8795098202841e-05 7.5219574721261e-05 4.9328286536851e-06)
(-4.3378834765957e-05 9.3203361672755e-05 -2.0319882296372e-07)
(2.0014040152748e-07 4.3036113782494e-08 -2.747297270925e-05)
(1.9599151174139e-07 1.9347283172772e-08 -2.7447606940379e-05)
(2.193990921871e-06 4.4790419792455e-07 -2.1314575668633e-05)
(-6.4185511142104e-07 2.0769432089455e-07 -3.109180101013e-05)
(-1.0630782158971e-06 2.2044046341308e-07 -3.2791593914245e-05)
(-6.7478342611474e-07 6.6177623595613e-08 -3.1123836040662e-05)
(-2.4285606452873e-06 1.5783369359409e-06 -3.8459767824567e-05)
(-0.00010725523091057 -4.1742571793808e-05 -4.5708192311964e-06)
(-0.00012004437122199 -3.3245569902432e-05 -1.0496883037655e-05)
(-3.9227176651905e-05 9.147063961655e-05 -4.8396608885782e-05)
(-4.5012861653981e-05 7.3801182607374e-05 -5.1069820924383e-05)
(-3.2706690414982e-05 7.6063613713517e-05 -5.1589763520514e-05)
(-0.00011230070397695 -6.9173790748123e-05 -1.8943779027815e-05)
(-9.7033900775261e-05 -8.8823126352918e-05 -1.7545258915221e-05)
(-1.5581618846452e-05 0.00012150455197469 -9.1197804003623e-06)
(4.8554463705671e-07 -3.2212850444906e-06 -6.3505215025992e-06)
(6.7373478331206e-07 4.1350992861243e-06 -1.1669176759748e-05)
(1.0644033615645e-06 3.8849583149401e-06 -1.4213425579056e-05)
(3.0827181303834e-07 -4.1701943223122e-07 3.8759264917631e-06)
(-5.2111886426625e-06 1.3277261041093e-06 6.1188948340978e-06)
(-1.9656210895455e-06 3.1763268117757e-06 -4.0104415454038e-05)
(2.8275045964419e-06 7.8605884004783e-06 -4.6303613480285e-05)
(3.980388740727e-06 3.9845117542358e-07 -1.4231364138094e-05)
(-4.4776694323203e-05 9.1637780914417e-06 -5.2477114237714e-05)
(-4.9713947587971e-05 1.0263208294831e-06 -5.2683374438826e-05)
(3.6310787262904e-06 6.8855125200972e-09 -1.6701898041815e-05)
(-7.1093952600393e-06 2.6509164757228e-05 -5.1882275494119e-05)
(2.8736375979413e-06 -8.5864274599393e-07 -1.9074716811956e-05)
(1.7198110051171e-07 -6.6125272440564e-08 -2.7420101505788e-05)
(1.520223993727e-07 -9.1506616693921e-08 -2.7406093192796e-05)
(-2.4340415124387e-07 1.2214562691542e-07 -2.9290402891917e-05)
(-6.0607579175637e-07 3.5495909693815e-07 -3.1181360030335e-05)
(-1.9573818407803e-08 -3.1637450008085e-06 5.9680118054151e-06)
(4.638495297779e-05 8.1325140847823e-05 2.769684965375e-06)
(5.4826500013497e-05 9.6320839308107e-05 -3.2606147780538e-06)
(4.352241016448e-07 -2.4539712176226e-06 -4.0742612364454e-07)
(9.7904722696594e-07 -3.6019605490539e-06 3.7724120886463e-07)
(4.0930088349575e-07 -4.0440561199378e-06 3.4476734588257e-07)
(7.245028718387e-05 -7.3812835671638e-07 7.8033140982052e-06)
(-8.9269325844147e-07 2.0870915745012e-06 3.6093094044909e-06)
(6.8057004317353e-07 -2.337065830406e-06 5.8651149706835e-06)
(-4.8237463479998e-06 2.0035264028443e-06 -4.2521958033596e-05)
(-4.0520013589915e-06 2.5803231678533e-06 -4.1862304394766e-05)
(3.0362524280324e-05 -3.4891725168432e-07 9.78022080165e-06)
(5.057200789673e-05 -5.6935130043905e-07 9.8550807056031e-06)
(3.9746652370609e-05 -7.3203138307963e-06 1.0102622503912e-05)
(-8.2099700956893e-05 1.5764214920583e-05 5.6391974544094e-06)
(-9.5588340665174e-05 2.7995220066281e-05 1.1769254650453e-06)
(-1.1021334970868e-06 -2.4460335160947e-09 -3.2959466740092e-05)
(0.00010076685805169 1.6648244173416e-05 6.3771655477888e-07)
(0.00011094006683408 -8.9019188409188e-07 -2.498905345961e-06)
(-6.4728915692662e-05 0.00010746798526453 -1.2577651968098e-05)
(-5.0082412637604e-05 0.00011743417674044 -1.3959465165431e-05)
(2.2374950995783e-05 -0.00011890528800303 -3.9430860914093e-05)
(1.4010862146662e-06 -0.00012548971702178 -3.5939109445932e-05)
(2.3930627091788e-05 -0.00012708801117374 -3.2294554802025e-05)
(1.99942723999e-05 -0.00010596390309237 -4.5406705925739e-05)
(1.3274231872411e-06 -0.00011475899774651 -4.2610631780786e-05)
(6.1736357531933e-05 -0.00010465563629293 -3.9457536246456e-05)
(8.2165153950042e-05 -9.6434349983144e-05 -3.5961903178373e-05)
(7.4882525118349e-05 -8.792830665668e-05 -4.2619518915048e-05)
(-7.8352323686051e-05 5.8801195768706e-05 1.3366687300998e-06)
(-5.9866306399289e-05 5.5581194352234e-05 5.5338307404421e-06)
(-6.9238875711607e-05 4.4084168649181e-05 5.6389237664758e-06)
(5.7660623801378e-05 -2.069301639652e-05 -5.2696849089613e-05)
(5.9059518361159e-05 -3.3735525929432e-05 -5.2483947303015e-05)
(3.5920290270246e-06 1.9300277359031e-05 -5.1079384529874e-05)
(2.0700821813514e-05 1.1967997301131e-05 -5.1790893954028e-05)
(2.0172782119776e-05 7.3775149886916e-06 -5.1481977245754e-05)
(2.5036126344628e-05 9.1371003968971e-06 -5.1986422567404e-05)
(1.1478401713278e-05 -5.9971011981449e-05 -5.2771472139825e-05)
(1.019797992154e-06 -6.7457142294373e-05 -5.2562575618004e-05)
(3.4447605388878e-05 1.2578412686955e-05 -5.2001892810518e-05)
(3.8661403397654e-05 6.9889753059964e-06 -5.2108113986086e-05)
(-1.7909224169043e-08 -8.1585053679205e-07 3.804548912806e-06)
(1.2147402680756e-05 -4.312494351449e-06 -4.9175097362337e-05)
(1.5860952159652e-05 -5.61218650656e-06 -5.0512071354525e-05)
(-8.844790765684e-07 -5.2077068111827e-06 -4.2589194160665e-05)
(2.2135194395285e-09 -4.6858956840017e-06 -4.1753783530035e-05)
(-7.173244919596e-07 -4.0932883280216e-06 -4.0871497874941e-05)
(-9.4442944265961e-07 1.1068488498745e-06 -2.3527670924337e-05)
(-2.5291702443697e-07 6.773448257511e-07 -2.5769248956201e-05)
(-1.6964524189143e-07 3.0783865720499e-07 -2.6881279539399e-05)
(7.0126443941496e-07 -4.0697620635865e-06 -4.0876227975807e-05)
(5.1927049466166e-07 -3.0811452143497e-06 -3.9001250666479e-05)
(-2.1756740871124e-08 -1.3526632907504e-06 -3.3898949746737e-05)
(-0.00011202728629545 6.8134633451868e-05 -2.0379476620725e-05)
(-9.6227782903491e-05 8.4312356875889e-05 -1.5100979803679e-05)
(-8.6289811763923e-05 8.3090639417804e-05 -8.568273344547e-06)
(-0.0001082689435469 6.5719082946254e-05 -3.5271783764322e-05)
(-1.5632321094733e-06 -2.7936973394016e-07 -2.2985708157253e-05)
(-8.0693564631982e-07 -1.6640730485802e-07 -2.5356551925848e-05)
(-1.1149979654508e-07 -6.1609382518226e-08 -2.758664458766e-05)
(1.1847437883702e-06 -1.5611615821501e-06 -3.7392704370161e-06)
(2.5303474041776e-07 -4.263705354555e-07 -1.5683234482634e-06)
(8.5440115560073e-07 -1.7722658182154e-06 -3.7387843309797e-06)
(4.9934832103733e-07 1.9221015256283e-06 -3.7294599049089e-06)
(9.9209586272924e-08 1.9828167180617e-06 -3.7284946636835e-06)
(7.4635444708691e-08 5.0358825687011e-07 -1.5620796360793e-06)
(-6.3829248002234e-05 -7.7704222349691e-05 -4.7869560085058e-05)
(-5.2842409575179e-05 -6.4331183428389e-05 -5.1221833357577e-05)
(-2.7143548041757e-05 -2.3129976516739e-05 -5.1784611517434e-05)
(-2.3690918530402e-05 -2.0178335774688e-05 -5.1841472836234e-05)
(-2.9021965992032e-05 -1.6834318073325e-05 -5.1777676705922e-05)
(-7.5770674607436e-05 -9.0957400332009e-05 -6.4774525757415e-06)
(-8.5371956965564e-05 -7.5451017528331e-05 -4.0742209906413e-06)
(-6.8660694265068e-05 -7.7947053345518e-05 -5.5462006400566e-08)
(1.4990202580697e-05 4.1184614040196e-05 -5.2469202865888e-05)
(-3.198028450439e-05 3.1118920847354e-05 9.7812153252801e-06)
(-1.8076934485925e-05 2.138415309771e-05 9.4852085641997e-06)
(-2.2298181009239e-05 1.7737553608173e-05 9.4987887100731e-06)
(-2.7781061788502e-05 8.0689090649062e-06 9.629686275168e-06)
(-4.5247614917536e-05 8.5114210807871e-06 9.9654353620027e-06)
(-7.788811810009e-06 1.2998968179392e-05 -4.9966735454108e-05)
(-7.7022243927454e-06 6.8992555332146e-06 -4.7858650690285e-05)
(8.5539965055328e-08 3.9656494261568e-07 -2.986985341269e-05)
(2.5481815967752e-07 6.9737300714079e-07 -3.1313874393983e-05)
(-5.5807801206638e-07 1.2073392465421e-06 -3.3902364706703e-05)
(-4.0622494806592e-07 8.4723422833041e-07 -3.2090653881189e-05)
(3.5923509533798e-08 -5.845755964831e-06 -4.3419843610241e-05)
(-4.9411033071962e-06 1.381480406998e-08 -4.2203694812954e-05)
(-0.00010459278332338 4.1055039847497e-05 -4.0008781336099e-06)
(-1.0525779619265e-05 4.6751436285884e-05 9.6789322493592e-06)
(-2.5048374785593e-06 3.0796710307922e-05 9.7383347526456e-06)
(-8.2090437615166e-06 2.7496860054711e-05 9.6236566447259e-06)
(4.0484813242639e-05 -0.00010768868380235 -4.26118998612e-05)
(5.4893010060107e-05 -9.3124973656251e-05 -4.5393470156458e-05)
(3.5328567137327e-05 -9.4067961430771e-05 -4.7770271663979e-05)
(-3.8928410693393e-06 -6.0512816240083e-07 -4.0646403344486e-05)
(7.5965333955387e-07 -2.8886308624243e-07 -2.5476955351056e-05)
(6.8887020186891e-07 -4.2808878672952e-07 -2.5471293802725e-05)
(2.4068428562285e-05 -6.3690554758989e-05 -5.2578680543473e-05)
(3.8558561590498e-05 -6.5331744276938e-05 -5.2056616797388e-05)
(3.1123481357461e-05 -5.262608309259e-05 -5.2769223983815e-05)
(4.8867456845121e-06 -1.7448677605412e-06 -4.2561874884029e-05)
(-0.00011218272899216 -5.681714612365e-05 -1.1022992332313e-05)
(-0.00012321537154065 -4.5203802330659e-05 -1.7056715837728e-05)
(1.2161267870997e-06 1.8216663777589e-06 -2.1380334189828e-05)
(3.226619802994e-07 -7.3533070867085e-07 -2.5480764456872e-05)
(2.292066832565e-07 -1.1322827186172e-06 -2.4438831651139e-05)
(4.883105314728e-07 -5.5858774344289e-09 -9.435400736261e-08)
(-8.9023737517219e-07 5.1493677392489e-08 -3.5753180874472e-07)
(4.7257170823915e-07 -9.384981269175e-08 -1.1871832318566e-07)
(1.6435035090055e-07 -2.4723885576606e-07 -2.6993172026779e-05)
(8.6588909132766e-08 -6.6177384290322e-08 -2.7640118823262e-05)
(3.5812664766019e-07 -9.4538574895009e-08 -2.9749143238612e-05)
(3.6879997646483e-05 6.5087153675199e-05 -5.2375689665014e-05)
(4.3441855499729e-05 5.2385764295473e-05 -5.2712202566047e-05)
(-9.356861895646e-06 -2.6977012976916e-05 -5.1932781332378e-05)
(5.4171541253462e-06 2.9016418683057e-05 -5.189010863519e-05)
(9.609951926938e-06 2.6384465203653e-05 -5.1900344936955e-05)
(1.1993938827793e-07 -1.3188829522242e-05 8.2698551814236e-06)
(-2.4992904629279e-06 3.5924134300699e-06 6.0147778380167e-06)
(3.0818953848164e-07 -5.5557873386229e-07 -3.0938151355935e-05)
(8.9325475089472e-08 1.6463812113718e-07 -2.7385640161228e-05)
(3.2628315565573e-07 6.8903499209953e-07 -2.5605733447467e-05)
(-4.7815406820622e-07 -1.2195629758017e-06 -3.3712155852473e-05)
(2.9334287832324e-05 3.4994081941429e-05 -5.2598426992931e-05)
(3.5479599953816e-05 4.25294336835e-05 -5.2932762385261e-05)
(6.7961881090225e-06 -1.7653563588138e-05 -5.1011909787793e-05)
(8.6213101225391e-06 -1.4353982191969e-05 -5.0490959853643e-05)
(-1.0481148522494e-06 1.6827668479274e-06 -3.741857144121e-06)
(-3.1868406008259e-07 4.0092487934049e-07 -1.5654174418576e-06)
(-0.00011773785676625 3.521128464159e-05 -1.0090168114592e-05)
(1.1817294855866e-06 -9.2385113639688e-07 -2.3409811318551e-05)
(-1.969182003538e-05 -0.00011913810228894 -3.9383647737022e-05)
(7.659213835657e-05 -8.9738628013093e-05 -5.9418886905572e-06)
(8.5709790811684e-05 -7.1037699660589e-05 -2.5617893022841e-06)
(-5.7950567249787e-05 6.9337643313255e-05 -5.0302334866489e-05)
(1.4744103352379e-06 -1.2856866495126e-06 -3.7412542567045e-06)
(1.8683229441532e-07 -3.8727641393717e-08 -2.7415063908763e-05)
(-5.9579145932449e-05 -0.00010592262213937 -3.9380848346606e-05)
(-7.3250160752554e-05 -8.9390640883428e-05 -4.261074852594e-05)
(-8.0276108639728e-05 -9.8222685763394e-05 -3.5822915626802e-05)
(-1.43392701468e-08 -3.5993992665916e-06 -3.9951891460174e-05)
(2.5290571893332e-07 -1.5676035286624e-06 -3.4985944734914e-05)
(6.1858288374187e-07 -1.7778513386814e-06 -3.6037086243721e-05)
(-9.7124044487273e-05 -2.8307623609497e-05 9.7800277630473e-07)
(-8.2973706637987e-05 -1.6495410568383e-05 5.5767539633433e-06)
(-7.8585917257729e-05 -3.2181411615849e-05 5.491336263706e-06)
(1.4652922964312e-06 4.4560483945846e-07 -2.343021981767e-05)
(8.2791219556534e-07 1.6567808715574e-07 -2.5495198207242e-05)
(-2.6103940638349e-05 -1.4653895611598e-05 9.7403278715281e-06)
(-0.00013273320527879 -8.489041434524e-06 -2.3128594249315e-05)
(-0.0001298136408301 -2.6454317182896e-05 -2.841738669118e-05)
(-0.00013013753075809 1.6190203964708e-06 -3.0960896429462e-05)
(2.6043510033687e-06 -4.4990043108103e-06 -4.257400252806e-05)
(1.4674973177075e-06 5.1550946055901e-07 -3.4960928921277e-05)
(1.1505909460048e-06 6.3850016248953e-07 -3.390360501717e-05)
(0.00013275980387799 -8.1249084968485e-07 -2.4725377015177e-05)
(3.5529250672014e-05 -2.0122003072693e-05 1.0199280316838e-05)
(0.00010283077091429 -5.9050101144632e-05 -5.8979116731097e-06)
(7.2653861795927e-05 -6.0133137004947e-05 3.3408433338629e-06)
(4.5746084427423e-08 -2.6822515995945e-06 -4.4150106158625e-07)
(7.4448476663125e-08 -9.8139202359517e-07 -4.5774927258015e-07)
(-5.6106709780819e-09 -1.5928418882805e-08 -2.8557742329183e-08)
(-2.2491714513115e-09 -1.6407715567363e-08 -2.8022959728007e-08)
(9.2019993711205e-09 -9.0193532179428e-08 -2.8431621439932e-05)
(3.6502406241077e-05 2.3057602455652e-07 -5.1965804609101e-05)
(-4.4683816142149e-06 2.9691561230845e-06 6.0855313900744e-06)
(-1.2964452146799e-05 8.142922259202e-06 8.1340595075526e-06)
(-1.0799061935641e-05 1.0096191295498e-05 8.0930849760735e-06)
(-3.3796017450172e-05 -3.5014999376168e-05 9.856609540293e-06)
(-4.2951788367749e-05 -5.4199797488614e-05 8.0982608642269e-06)
(-9.7181116817785e-05 -7.8906544234993e-05 -1.0738002596117e-05)
(-4.3399965089397e-05 -1.8740572931102e-05 9.96149157698e-06)
(-6.2971436805399e-05 -1.9566376720976e-05 8.6275136828765e-06)
(-1.1303114002035e-05 4.1393388151493e-05 -5.244794542093e-05)
(1.4493377355916e-06 1.164026499489e-06 -2.6119353159575e-07)
(-2.523142794001e-06 3.4272110355401e-06 2.706387091725e-07)
(1.1863631083071e-06 1.6166414229005e-05 8.5213265997466e-06)
(-6.5853647268679e-07 -7.5884814927078e-07 -3.990282929233e-07)
(3.0447021129926e-07 3.0987408731101e-07 -1.5102604344965e-07)
(2.167663980256e-05 -3.9174478406444e-06 9.1307205018206e-06)
(-5.602081355301e-06 -3.527377348507e-05 -5.1857904292446e-05)
(6.6810652935401e-07 -3.8342617198981e-05 -5.199933032358e-05)
(1.9523893794744e-05 -1.0830955863845e-05 9.2630017702685e-06)
(2.9063690785609e-05 -1.0524545326451e-05 9.8730752133887e-06)
(-6.0948528510668e-07 3.5205444504633e-06 3.6004614882182e-07)
(-1.0802055610523e-06 3.964650914226e-06 1.6955024746608e-06)
(7.7691978740916e-07 -4.5185228599879e-05 -5.246929064481e-05)
(5.4743722932741e-05 -6.3727225180194e-05 5.7598140898788e-06)
(3.7348687579116e-05 -6.2566725703426e-05 7.7156143822396e-06)
(-1.5107684599494e-05 -3.8419807617246e-07 8.232934886532e-06)
(-1.4965302211092e-05 2.6720763665826e-06 8.20207687196e-06)
(8.794642959531e-06 5.6061388540753e-05 9.1840241456936e-06)
(-1.6394013231128e-05 0.00012991687528008 -1.6594605914611e-05)
(2.541165256722e-06 0.00012518710476479 -1.0675094408514e-05)
(-3.3061914325033e-06 2.9419818321135e-06 -4.1217555144553e-05)
(-3.1782775144822e-06 2.0394150442903e-06 -4.0191841416521e-05)
(-2.5443016724999e-06 2.2592474071724e-06 -3.9468075575437e-05)
(0.0001301478092924 -2.3506531220343e-05 -2.8559643677564e-05)
(-9.0552052804715e-05 -4.6275606527981e-05 8.7780224384122e-07)
(1.773507801152e-07 -1.1155290265812e-06 -3.2920009199112e-05)
(9.4564880966225e-06 -4.9124276087467e-05 9.9174988500071e-06)
(1.3110863270998e-05 -7.0483211674287e-05 7.7406062984154e-06)
(1.762971613643e-07 -6.0632350692618e-05 9.0761195913522e-06)
(-1.5093091744128e-07 1.1190203920978e-06 -3.2985982263635e-05)
(-2.2888502115119e-07 7.8268772715672e-07 -3.1603588882854e-05)
(5.3058258056001e-05 6.3125868420298e-05 5.5461011779002e-06)
(5.5126368379994e-05 4.5515999153341e-05 7.566423041467e-06)
(-3.4626427765858e-05 0.00012745256346218 -3.0658016454525e-05)
(2.0868592885704e-05 -1.1705448110396e-05 -5.1767238963592e-05)
(2.5044459776582e-05 2.9801537193997e-05 -5.208347346443e-05)
(-9.9120838669276e-05 6.0515476805557e-05 -4.2179195415851e-05)
(5.0239490953976e-05 2.9148493633339e-07 -5.2702822279095e-05)
(5.4546317325976e-05 -9.320816545481e-06 -5.2749491736512e-05)
(-4.2741845776256e-05 -0.00011938983027202 -1.2790150637707e-05)
(-2.114250052201e-05 -0.00012755170783264 -3.2201484814643e-05)
(-4.1824488781252e-05 -0.00011879646577178 -3.5848989819311e-05)
(-1.7520532413476e-05 -0.00010623260709501 -4.5425870076557e-05)
(-1.4798100174974e-05 -9.0289691377126e-05 -4.9750085277362e-05)
(0.00012245038557346 -4.4701679292413e-05 -3.2295152181545e-05)
(4.8114670481901e-05 -1.7596302091673e-05 9.9126923128126e-06)
(2.7134633524377e-05 7.6054850129468e-05 -5.1830328976204e-05)
(3.2700120652202e-05 9.2140654018829e-05 -4.8922415113518e-05)
(1.9478982695709e-08 1.769073660576e-07 -2.7406690847828e-05)
(9.304460517515e-08 2.2777911959031e-06 -2.1143155514464e-05)
(2.9879140403359e-05 1.0902017065494e-05 -5.2025454422063e-05)
(-3.9244047507054e-05 1.562902335448e-05 -5.227649396013e-05)
(1.6535788581206e-05 9.5950431381049e-06 -5.1035256169414e-05)
(1.1666983881076e-06 -1.7958885948901e-06 -2.9470773995468e-07)
(-4.7570205202399e-06 -9.7038476986388e-07 -4.2058015956951e-05)
(-4.0036650569949e-06 -1.4472516233437e-06 -4.1156476222697e-05)
(-1.85162430555e-05 -3.0281806036866e-06 -5.0998223450595e-05)
(-2.3498305954488e-05 -3.8402433023736e-06 -5.1711721961994e-05)
(-2.696426475493e-07 2.3958250043196e-06 -2.0774394580249e-05)
(-2.6897458867707e-06 1.009500550243e-06 -1.9333130591071e-05)
(-2.9342963682678e-06 1.2770885926663e-06 -3.9160223484056e-05)
(-9.6277865062158e-06 2.6192174631329e-07 -4.7500392705707e-05)
(1.0492573312506e-05 1.8356352398882e-05 -5.1360535428275e-05)
(7.8710403709617e-06 2.167775580932e-05 -5.1585488083576e-05)
(-0.00013157631044342 1.669185547923e-05 -2.3398113656949e-05)
(6.6124472774566e-06 -1.1046671663844e-05 -4.9167182128502e-05)
(6.4791813982432e-08 3.9125060596045e-06 -4.0482905447447e-05)
(-4.0694905229086e-06 -7.1179105901675e-07 -1.2087022261249e-05)
(-3.8163887542331e-06 -6.4861562614893e-07 -1.5049288803289e-05)
(6.1139268040659e-06 -3.4729814156121e-06 -4.5066568720419e-05)
(4.998511356244e-06 -2.8443072340033e-06 -4.3398684469591e-05)
(3.9849613786995e-06 2.3272913567137e-06 -4.1703193430389e-05)
(3.9973608113148e-06 -2.2871275753609e-06 -4.1725313410021e-05)
(-4.7319990572833e-05 -2.7520778085888e-05 -5.2815908223193e-05)
(-3.7620783065404e-05 -3.2060661062388e-05 -5.2662904548491e-05)
(-3.8907061474257e-05 -2.2557318601927e-05 -5.2419945010251e-05)
(-3.1317221709323e-05 -2.6663259402493e-05 -5.2146401554013e-05)
(-2.299834518017e-06 -2.7372646514943e-06 -3.9952036949059e-05)
(7.8222014727788e-08 -7.1058958591129e-06 -4.5075265708564e-05)
(-7.0674334912184e-06 -8.599076903221e-06 -4.8381596088153e-05)
(-4.7814679816782e-06 -8.5308309172273e-06 -4.7563690857567e-05)
(-1.196445267212e-05 -4.2930905243419e-06 -4.913390417306e-05)
(-1.0875028119876e-05 -1.7370691587497e-06 -4.8345563734213e-05)
(-1.5622380796461e-06 2.907602369011e-07 -2.3007007542731e-05)
(-5.2682568494968e-06 2.4659714835385e-07 6.1052671247775e-06)
(-1.0482467014529e-06 2.3739442901169e-06 -3.7807058516364e-05)
(7.265677083786e-07 1.2909790976781e-06 -3.4683262941882e-05)
(1.0902504061431e-06 -1.9456047779492e-06 -3.7056311887975e-05)
(-2.3318196443071e-05 -1.9855720434936e-05 9.7479652366601e-06)
(-1.4996919631606e-05 3.4821993134088e-05 -5.2018205102873e-05)
(4.7089901410261e-07 3.4896573687959e-07 -3.0760697689463e-05)
(8.3727835278711e-07 6.7767529806503e-07 -3.2843168391617e-05)
(1.1830621852345e-06 9.8783858315195e-07 -3.4911899309078e-05)
(-5.1650490384918e-06 4.1498748261581e-05 -5.2326337837994e-05)
(-6.2880902250524e-06 4.9958255056211e-05 -5.2881947740886e-05)
(3.9692774606635e-08 -4.9953658913591e-07 -2.636045198709e-05)
(2.5964223946205e-08 9.110779157415e-08 -2.8383392080486e-05)
(-2.20286369604e-06 -3.3082637251891e-06 -1.3942580582902e-05)
(-2.6512677158152e-06 -2.82920444444e-06 -1.4754030669023e-05)
(5.6584612443981e-07 1.6063606564793e-06 -3.546789739431e-05)
(4.0637387222981e-07 1.1494778618733e-06 -3.3379236765404e-05)
(-3.817603306854e-06 -6.8046457702482e-06 -4.5883664161609e-05)
(-3.7955764520222e-06 1.3772060886152e-06 -1.3775433455766e-05)
(-5.9316861674174e-07 -3.9627863501801e-06 -9.2412340204643e-06)
(-3.4002496687651e-06 1.2558011397913e-06 -1.6598327740819e-05)
(1.361853005865e-06 7.1836149041864e-07 -2.3432750389426e-05)
(2.0561751594672e-06 8.5864967120413e-07 -2.1318590211162e-05)
(-9.6463813251086e-07 4.057804063852e-06 -1.1806726922162e-05)
(-1.4987496346633e-07 4.1869962738916e-06 -1.1697877398728e-05)
(-3.4050186131447e-05 0.00012531306331366 -1.5235680720741e-05)
(-3.48748691408e-05 0.00012842331122341 -2.294689727731e-05)
(-1.6686487147381e-05 0.00013301723408153 -2.4349268531406e-05)
(-8.4039777292779e-05 -2.2498626763945e-07 5.6344010036035e-06)
(-0.00010072357940219 -9.345730816661e-06 1.0611938576913e-06)
(-0.00010014243687379 9.6654536336241e-06 1.1174445059884e-06)
(-4.9789724992646e-05 3.943948102814e-05 8.5289277531731e-06)
(-2.9448703190141e-05 -5.2445659346174e-05 -5.2761335728684e-05)
(-2.2101358965996e-05 -6.3307371392103e-05 -5.2574957825501e-05)
(-1.7855416198525e-05 -5.1370370305458e-05 -5.2761124806557e-05)
(2.2494790175775e-07 4.0008325790188e-06 -9.014021348847e-06)
(-9.1763658260404e-06 -3.2705481113466e-06 -4.7551276386564e-05)
(2.4606261963375e-06 3.1587916832004e-06 -9.0234758528587e-06)
(1.5080399287404e-06 1.2846461527337e-06 -3.7392118890721e-06)
(4.1779553798831e-07 2.8601845777366e-07 -1.5688245896982e-06)
(1.7337103739335e-06 9.5546054358993e-07 -3.7420781804128e-06)
(-2.8172144716574e-08 5.0567787419333e-07 -1.5609058297405e-06)
(1.2158470043255e-06 1.5659895622172e-06 -3.736686319845e-06)
(8.7884636232724e-07 1.7795440360988e-06 -3.7325934392613e-06)
(-2.4739920787934e-05 9.8605883889176e-06 -5.1924542836147e-05)
(-2.5053039233858e-05 1.5413205146702e-05 -5.1982755566655e-05)
(-1.0081470170819e-05 1.6726500480998e-05 -5.1064430874029e-05)
(-9.1105665326487e-06 2.1488611863275e-05 -5.1611177549371e-05)
(1.6225550694086e-06 8.8172138418053e-06 -4.6834873490128e-05)
(3.6205993130813e-06 1.0022060137983e-05 -4.801196277949e-05)
(-7.4628503861227e-06 -4.3221428586589e-06 -4.6727695928488e-05)
(1.8098243105339e-05 0.00010139160008074 -4.7653907396483e-05)
(1.3152434509592e-06 5.9403057955348e-05 -5.3004363538636e-05)
(3.7885885083186e-05 0.00010691146711452 -4.4122021416165e-05)
(5.5142819373847e-07 -1.7712250151465e-07 3.7900434848791e-06)
(3.1976049201088e-06 1.0641213641434e-07 1.8612828189977e-06)
(2.5546779982134e-05 -4.3071693421664e-05 -5.2708721939919e-05)
(2.1409318231547e-05 -3.59888264907e-05 -5.2234577975907e-05)
(3.0123584182435e-06 7.0463047656821e-07 1.8439952634686e-06)
(-1.9278377325769e-07 -1.4921941339025e-06 -2.3340665884156e-05)
(-1.8193827494902e-07 2.0860104194634e-06 -3.1921318032206e-07)
(-1.7108699817644e-08 6.9540391180666e-07 -3.3500430977789e-07)
(-1.8400948059659e-05 4.2054889813426e-05 9.7382872783324e-06)
(-1.336447716829e-05 2.4517404482355e-05 9.5341537756736e-06)
(1.607660730223e-07 8.8766661297151e-07 -3.1963895859995e-05)
(2.2497053767478e-05 0.00012647403657946 -3.546921380551e-05)
(2.0721918629374e-05 0.00011615370696394 -4.2293830145357e-05)
(4.1929528488206e-05 0.00011821387188509 -3.7693774283817e-05)
(-1.1954908714563e-05 -7.3821693371697e-05 -5.2098629484466e-05)
(-3.9666708319479e-06 4.8257472567948e-06 -4.3970581042883e-05)
(8.8986422988392e-07 -5.4835446555669e-05 -5.2786291426245e-05)
(-2.5669572382892e-05 3.7004803495501e-05 9.7551321505766e-06)
(1.2845260701437e-06 7.0543653631905e-06 -4.5142018487644e-05)
(3.432720034919e-07 3.0013653806281e-06 -1.9047976574652e-05)
(-7.4745449368948e-06 -6.3640909823127e-06 -4.7569684766095e-05)
(-1.2573979713515e-05 -7.3123297567825e-06 -4.9842604875199e-05)
(4.6843819464755e-07 2.6863705935269e-06 -3.8113248989229e-05)
(-9.764869736795e-05 -6.0747899358631e-05 -4.6103199147048e-06)
(-8.0461896762085e-05 -6.2153130374907e-05 8.1581467948241e-07)
(3.053302819728e-06 2.5904790973744e-06 -1.423811170241e-05)
(-6.113920657594e-07 8.735263058763e-07 -3.2574171648699e-05)
(-2.8936052671793e-07 4.2504484500819e-07 -3.0368303281416e-05)
(2.0691775461571e-05 3.5941038343295e-05 -5.2254187046195e-05)
(2.0140767935588e-08 -1.1474852815838e-06 -2.4438434704865e-05)
(2.2378106608994e-05 0.00012525919088883 -1.2550604639445e-05)
(2.3426999605358e-05 0.0001312424030532 -2.0146900279607e-05)
(1.7693191654538e-07 4.7570755103686e-07 -1.5636491385334e-06)
(2.9234839829358e-05 -7.7547548646837e-05 5.7950960509143e-06)
(1.6793985128382e-05 -9.0703321032371e-05 3.4645494593787e-06)
(-3.9490864169693e-05 -2.7290211844289e-05 9.9071426569577e-06)
(-1.8503122492498e-06 -4.2047085026222e-06 6.0752717350819e-06)
(-3.1887320294184e-07 7.8161218906996e-07 3.7305463094706e-06)
(2.7361716098653e-07 -8.1306486675129e-05 5.9613480392983e-06)
(-3.6511525303018e-07 3.5479458540876e-06 1.7216426409881e-06)
(-5.85318407404e-05 -3.4144404161928e-05 -5.2642179688824e-05)
(-5.7316975446757e-05 -4.8941776013833e-05 -5.2150841921542e-05)
(6.7389288141797e-07 3.5948065077015e-06 -1.6689541751742e-05)
(-4.807772119142e-05 2.9509422298921e-05 -5.289092749549e-05)
(-1.9261781709319e-06 -2.6863076047381e-05 9.7645400599512e-06)
(-2.8709220916453e-06 -1.3760912940045e-05 8.2646563413008e-06)
(1.0659133903645e-06 1.4226374958817e-06 -2.431666081392e-07)
(-1.0893677105031e-05 -3.1435355609621e-05 -5.182497242792e-05)
(-9.5866661641836e-06 -5.9784872219041e-05 -5.2746160693714e-05)
(-1.4316122141268e-05 5.616516027728e-06 8.1730267285971e-06)
(4.4715935951509e-05 0.00012581350758978 -2.2555490881245e-05)
(-1.3267290083097e-05 1.5994059079134e-05 -5.1290509127932e-05)
(6.0499037647798e-06 -4.9895589512694e-06 -4.5898425912228e-05)
(2.8833880182107e-06 3.0079823906991e-06 -1.1694103996815e-05)
(-0.00012062141372705 4.7225724218709e-05 -3.201212060405e-05)
(-5.5135230182415e-06 1.1616754931246e-06 -4.3227986895907e-05)
(-2.8447688696506e-05 5.8141356619135e-06 -5.1976949095789e-05)
(1.8614975348598e-06 2.3258311378341e-06 -1.9118276989089e-05)
(2.5244418318954e-06 2.6077156322328e-06 -1.6716856159281e-05)
(2.2878994333637e-06 1.9160091208853e-06 -1.9107388836918e-05)
(-3.0386468828828e-07 2.6047359003659e-07 -2.6704839735596e-05)
(-4.5724289161788e-07 5.4731587318412e-07 -2.5768125268952e-05)
(-4.2896268866268e-08 5.9913712292331e-08 -2.784085819188e-05)
(9.4232944215184e-09 1.5822616523429e-08 -3.0025827196503e-08)
(9.4288047329155e-08 -1.5559357788777e-07 -2.8889711751278e-05)
(0.00011097103679772 -6.3749420174264e-05 -1.3197562402737e-05)
(-2.1100744435738e-07 1.879191773909e-08 -1.1480175786971e-06)
(1.1503308687593e-08 -3.54510861815e-09 -2.7333524436957e-08)
(-4.582793821762e-07 1.3354697158946e-07 -1.5139301039112e-06)
(0.00013044499116484 -8.8901118284649e-07 -1.6994061455738e-05)
(4.4706786668156e-05 7.9179216894584e-05 -5.0188890250518e-05)
(1.658395422707e-06 2.0159524820516e-06 -3.7901839327118e-05)
(2.2534007482814e-06 2.7338756674451e-06 -3.9814056455223e-05)
(3.1379142034485e-07 3.2118719573145e-06 1.755379411034e-06)
(7.0747983996582e-08 3.189405618031e-06 3.9999382091703e-07)
(1.3026603149673e-05 2.2698008068596e-05 -5.1867389810396e-05)
(-5.2094739525815e-05 0.0001214671131217 -2.9274326793012e-05)
(1.9219144442645e-05 1.0455362707422e-05 9.0150429089489e-06)
(7.6052102878906e-06 3.8322816702342e-06 6.8225998531599e-06)
(-5.3421100666485e-07 -1.7179944680697e-06 -2.2431911183821e-05)
(-2.8856388199245e-07 -9.766838670324e-07 -2.4815468026327e-05)
(-3.1351835026091e-06 2.8933524695343e-06 1.400475409728e-06)
(-1.2893181206178e-06 -2.3584361800049e-07 -2.6739620401474e-06)
(-1.9616893027431e-06 2.5836723073731e-06 -6.3187359211304e-06)
(-1.5588714328234e-07 3.2601242353203e-06 -6.3070800515352e-06)
(5.0032945096674e-07 3.2248138325851e-06 -6.2990436237912e-06)
(-1.613619047587e-06 2.5693924342388e-07 -3.1572218182808e-06)
(7.5700823042494e-06 -4.2849485347255e-06 -4.673354745365e-05)
(7.3535593698161e-06 -2.6151503348707e-06 -4.5890585028147e-05)
(-2.7361690299334e-06 -1.0724954283098e-06 1.1083596622973e-06)
(-2.588383045569e-06 -4.4147823396923e-07 1.956868023825e-06)
(-2.7037698228881e-06 -4.6660160521774e-07 3.6530467239825e-07)
(2.1256627203431e-05 6.0562006775689e-05 8.4899833798439e-06)
(7.5363588013931e-06 -3.8429704573899e-06 7.0799723083621e-06)
(-1.3780950935035e-06 -8.2911171199261e-07 -2.2948683387781e-05)
(1.1492736560996e-05 -8.9063754378305e-06 8.3581739536299e-06)
(0.00012535803102997 2.107285030203e-05 -1.3198704158788e-05)
(-9.1099628118208e-08 -1.1029393666692e-07 -2.7574130325277e-05)
(1.4500797342104e-07 -1.6721284115822e-09 -2.8657675526183e-05)
(3.071365768963e-06 5.4241687607518e-06 -4.4014033629805e-05)
(5.9657668969579e-06 -2.1282995434536e-06 -4.4227437717896e-05)
(-6.4934977789584e-05 5.8777262263862e-06 8.6718735639877e-06)
(-5.0870016475563e-06 2.3073177870121e-06 6.1264775157305e-06)
(8.8620461333503e-07 2.6232640068632e-06 1.7890156402881e-06)
(1.5197867736867e-06 2.2103141010867e-06 1.8209674953947e-06)
(-6.9025417981607e-07 4.0424876706108e-07 -2.5488747008978e-05)
(-4.9521950802538e-05 -7.510193861832e-05 4.1128211250504e-06)
(9.8240128295338e-07 4.2863298386386e-08 4.4769357871279e-06)
(0.0001128005942651 4.0781293927766e-05 -3.9400555313495e-05)
(-2.6430677888509e-05 -4.1685474923639e-05 9.8171987161157e-06)
(2.0211402750563e-06 -2.5031229815001e-06 4.8781076249818e-07)
(3.3892361171955e-07 1.3815148256328e-07 -2.9719949224189e-05)
(7.266793105843e-07 3.7512689445577e-07 -3.1846582913881e-05)
(1.7338072623294e-06 2.7683614031188e-06 -6.306198075179e-06)
(1.1169908324241e-06 -3.0432266345921e-06 -6.3204525250517e-06)
(-2.4460707656078e-06 -1.7933033445704e-06 1.4077126031795e-06)
(-2.1864820429683e-06 -2.5895214501669e-06 9.0259517389333e-07)
(3.8064273257469e-06 -1.6346768296347e-06 -1.167066617577e-05)
(-8.7070817243239e-07 7.3614516103944e-07 -2.4477743754451e-05)
(1.6925465058705e-06 1.4342484626661e-06 -3.6979230422019e-05)
(1.1861862791473e-06 -4.1501605327641e-05 1.016983213321e-05)
(2.5311893235324e-05 1.4595404853497e-05 -5.2044013900648e-05)
(9.5430905154319e-05 -7.9230627816725e-05 -9.499463582962e-06)
(0.00012326489331019 2.1174011708033e-05 -3.5950848025653e-05)
(-7.1867137907262e-07 -5.2170544972691e-07 -3.557415093176e-07)
(-2.030551351936e-06 -9.7778735761573e-07 -8.3304735022344e-08)
(-8.5863872173466e-05 3.3718600651037e-05 -4.979001120483e-05)
(-1.5476220184204e-06 -9.7124586422364e-06 -4.7571538420298e-05)
(1.3436491611147e-07 -8.7268405547443e-06 -4.6730830241364e-05)
(1.6286064796049e-06 -2.8377298516842e-06 1.8462677428877e-06)
(1.5054532274254e-06 -3.0546796049241e-06 4.3496589458492e-07)
(-6.1327265340675e-07 -1.2006208967732e-06 -2.3845876971057e-05)
(1.8837029196226e-06 -9.7494611482802e-06 -4.7582743628803e-05)
(1.666210932353e-05 -1.358963298701e-05 -5.1462210487619e-05)
(7.3708308169613e-06 -8.5475444934125e-06 -4.8407300127743e-05)
(1.9186279592328e-06 2.0349365711351e-06 4.6729689891404e-07)
(1.1053820521276e-05 -1.8680909959223e-06 -4.8394026975492e-05)
(-9.6588199172517e-06 -5.6085500765191e-06 -4.8385508501341e-05)
(1.1501623081367e-06 4.8075743544269e-05 -5.2794036059429e-05)
(-1.2095183268031e-06 -3.4028831238569e-09 -2.4185401169839e-05)
(-8.0878174117138e-07 1.3902446730978e-07 -2.5371763446323e-05)
(8.2032108932468e-05 1.451931138805e-05 -5.1041026911102e-05)
(9.1571560612436e-05 -5.3326001198931e-08 -4.9627149185122e-05)
(4.4274033267943e-05 0.00012484797976882 -3.0281331618751e-05)
(8.2235308326361e-05 -1.4411862847238e-05 -5.1054430363006e-05)
(1.8847061820304e-06 5.8524388645241e-07 -3.7454283169021e-06)
(4.9418850591212e-07 9.6021067262104e-08 -1.5720524330295e-06)
(9.8242831863369e-05 1.7245846978162e-05 -4.7694931663554e-05)
(3.927980640083e-05 6.3840657852155e-06 1.0030572877277e-05)
(4.7220178890888e-05 1.6438774069287e-05 9.7876920377376e-06)
(2.9826070723355e-06 1.2733784063741e-06 -6.3152522823288e-06)
(-6.389206158047e-05 -0.00011342381203256 -1.6814587302884e-05)
(-3.8999040641545e-05 -1.393264227693e-05 -5.2142934838542e-05)
(-3.386795160928e-05 -1.2063720108728e-05 -5.1791650822364e-05)
(9.3015164042038e-06 -3.303932800506e-06 -4.7579629018496e-05)
(2.3084690943336e-07 6.8806976285956e-08 3.8090107580488e-06)
(-9.8612312587648e-05 -8.5592438151939e-05 -3.2074927287283e-05)
(-5.5486903828465e-05 -9.3628555690646e-05 -1.9729028695865e-06)
(-1.644276827204e-05 1.9721234067015e-05 -5.1843872139433e-05)
(-1.2623960435967e-05 2.0836017873986e-05 -5.1723362794081e-05)
(-1.6342946633751e-06 5.1250938981793e-05 9.5203836741408e-06)
(-3.1500007212854e-05 6.9315799271801e-07 -5.191817941855e-05)
(-8.3443331410357e-05 9.9862393719444e-05 -1.7973199742127e-05)
(-2.6242610364121e-05 5.8695153876001e-07 -5.1910628680803e-05)
(-2.4452876014022e-05 2.1257564467326e-05 -5.1914531860872e-05)
(-1.9779332035302e-05 2.357442260865e-05 -5.1933363642884e-05)
(1.9609430809999e-06 3.4756617522535e-06 -4.0601592873551e-05)
(-1.7332724252802e-06 6.416491919555e-06 -4.4544063888249e-05)
(-1.5849675849975e-09 1.5278213171372e-08 -2.7408819504555e-08)
(-7.9934435106691e-07 1.2239975232302e-06 -3.4500216253649e-05)
(-3.5468982917145e-06 3.3760551306893e-06 6.0292255237479e-06)
(-6.1941593399501e-06 1.4744485151597e-07 -4.409040417495e-05)
(8.7515313716267e-08 -1.6426104303328e-06 3.7294695391497e-06)
(-2.4096233692003e-07 -4.8858025322889e-07 -1.6160268913776e-06)
(-9.4243130428826e-08 -4.491039072099e-07 -5.5335690331793e-08)
(-1.4121093296248e-08 1.0760247718968e-09 -2.7227527460142e-08)
(-6.0730021994429e-05 -0.00010605016407694 -9.2492846537225e-06)
(-8.1094743499201e-05 -9.8913555029231e-05 -1.3427743739595e-05)
(1.5390217976335e-05 1.8420408197698e-05 -5.1729950563918e-05)
(1.6435715117007e-05 1.385868537201e-05 -5.145727493305e-05)
(6.0862136215847e-05 -1.1209150411594e-05 9.1227392660799e-06)
(4.5146933398577e-05 -7.6416780237095e-06 -5.2482867367816e-05)
(4.2207246477094e-05 2.7097383657278e-07 -5.2267981610252e-05)
(0.00011540511530555 1.9206782318563e-05 -5.8873101717006e-06)
(-7.2853764739791e-07 -1.0799688389571e-08 -1.8466158636976e-06)
(2.370445873395e-05 4.269658256316e-06 -5.1796037488136e-05)
(-5.5305361144081e-06 -6.7245877194051e-06 -4.6725853411722e-05)
(-5.4543549107342e-07 4.1085860635296e-06 -4.085411857602e-05)
(5.6434703067229e-06 1.0339226200923e-06 -4.3375299733451e-05)
(-5.2264608847888e-07 8.6696829793334e-07 -4.7869207741846e-07)
(-6.5539001572696e-07 8.2374194946844e-07 -5.0426398329602e-07)
(-1.4961398976326e-06 2.275692040444e-06 -4.807424460277e-07)
(8.8258658557396e-07 -2.5079838752039e-06 -3.8039905243403e-05)
(1.1611321128289e-06 1.4058376287247e-06 -3.5883685209822e-05)
(-1.3530613735636e-06 -3.7637109145718e-06 -9.2230059687316e-06)
(3.3328782668707e-07 2.3784971912395e-07 -1.2683691027357e-07)
(-8.5182871295388e-05 0.00010113909076794 -2.5620034420352e-05)
(-8.2926872416917e-05 9.8482441496167e-05 -3.3149845433262e-05)
(-0.00011281141630564 4.4198178316693e-05 -3.9341743554589e-05)
(-0.00012509341824899 -2.2452062685128e-05 -3.5692105863847e-05)
(0.00010984432089526 -6.3141079674248e-05 -3.5966199393487e-05)
(0.00011430651315157 -4.1693554976287e-05 -3.9427356863053e-05)
(8.444336021343e-07 9.9181667285549e-08 -3.8908544204393e-07)
(-0.00012382146855025 -5.0071494642602e-05 -2.4572810919737e-05)
(-0.00012950067346538 -3.0697073953263e-05 -2.1955546350292e-05)
(0.00010040208615245 -8.3456487424375e-05 -3.2287698385139e-05)
(8.727804902216e-05 3.0589234611431e-05 3.4152888860187e-06)
(7.9001450256929e-06 -4.0903309125511e-05 -5.2234831738777e-05)
(-1.299422186257e-07 1.704115724429e-06 -2.2804126415521e-05)
(-2.3087465975361e-06 -7.1228950144503e-07 -3.7535143105008e-05)
(5.7163554731381e-07 1.554553371798e-07 -3.080454754078e-05)
(2.1828507288028e-05 -5.7328487506296e-05 9.0984302734794e-06)
(7.177840098005e-07 1.2863288345134e-06 -2.3546073131521e-05)
(-4.8331390466745e-07 -2.7221881908902e-07 -1.6312875106095e-06)
(4.6787034404407e-05 -7.9376507292294e-05 -4.9693391935465e-05)
(2.0595082969451e-05 -1.6800998137878e-05 -5.1928922087084e-05)
(-1.4388162936306e-08 -1.9922376144377e-09 -2.7289927180944e-08)
(2.2095957221648e-06 -1.539494239365e-08 -3.7047370129041e-05)
(2.5953224101742e-06 4.5576099692408e-07 -3.8024293649994e-05)
(9.2030830396462e-07 -5.179352411702e-06 -4.2587032508825e-05)
(-4.2751993254242e-05 -5.2052917708718e-05 -5.2607496353619e-05)
(-2.3998017430692e-05 -4.2845017992366e-05 -5.2665079054066e-05)
(-6.8596952973964e-05 0.00011255932731795 -1.9987436976223e-05)
(-1.3097334336465e-08 -1.2043265088013e-08 -2.9177552806192e-08)
(1.1533527941456e-06 -3.456522573544e-06 1.7836218846018e-06)
(1.0652227851967e-07 -1.3452888307713e-06 3.7450544245939e-06)
(2.6767187643911e-06 1.8505781395716e-06 -6.3129841875586e-06)
(2.4752371314734e-06 3.1535864630229e-06 -1.4237214046497e-05)
(3.857364179103e-05 -6.487025278654e-06 -5.2051289840261e-05)
(2.2524532406345e-06 9.4493218985e-08 -3.1621148113602e-07)
(2.2974176174199e-06 -3.3359755762767e-07 -3.1838502615023e-07)
(-9.6081918993574e-08 5.1095967665729e-08 -2.7667436052032e-05)
(4.0758718713557e-06 -9.2673355464483e-06 7.8105692056402e-06)
(-3.7982127449099e-07 -3.6905010658124e-08 -1.3793553971375e-07)
(-3.1399473811274e-06 2.2583671227707e-06 4.1923152338409e-07)
(-1.4032311531307e-06 -6.9669923138481e-07 2.9047146794735e-06)
(1.636486566266e-07 -4.334595452114e-06 1.7856582602427e-06)
(-3.2507431362098e-06 -5.505893553461e-07 -1.7891543242075e-05)
(6.5274282116189e-05 -7.6613486368548e-05 -4.7770106727415e-05)
(6.6951524804446e-05 -1.1572152727163e-05 -5.249258300107e-05)
(9.8417689883541e-06 -5.557529673083e-06 -4.8417073726573e-05)
(1.0012102647164e-05 -8.1850429576507e-06 -4.9180695902318e-05)
(-1.3998048315714e-08 -5.1143127566601e-09 -2.7618054741808e-08)
(4.6752029289098e-07 1.9690716729562e-07 -1.5707520402117e-06)
(-1.3321633594489e-07 -5.0329032718687e-07 -1.5871709089852e-06)
(5.849477272805e-09 1.6635898525687e-08 -2.92589422813e-08)
(7.6562630308729e-06 -6.2849129102927e-06 -4.7589622571344e-05)
(1.413889522444e-06 -2.6125142868699e-06 -1.9146712430477e-05)
(3.9805255682001e-05 1.4575315359249e-05 -5.2345189845386e-05)
(3.4000134876163e-06 -1.7409810861003e-07 4.7451751553075e-07)
(7.1024314330561e-05 -2.5623378207828e-05 -5.198455810194e-05)
(8.5981845084109e-05 -0.0001008836629918 -2.8538763027438e-05)
(2.0964638646077e-06 1.7890985037076e-06 1.8400519153882e-06)
(-7.0197149126225e-06 -4.5450577243087e-05 1.0014304183218e-05)
(5.2942797800614e-05 2.9671947871976e-05 8.9589847729891e-06)
(4.4219649665115e-05 -5.1871909447149e-05 -5.2537763237836e-05)
(7.2435728402013e-05 4.2067316407229e-05 -5.110415561741e-05)
(-5.7273556947037e-05 2.2681842584126e-05 -5.2818449307389e-05)
(-4.6865335298805e-05 1.8608408771344e-05 -5.2736299419338e-05)
(0.00010176499334603 -3.6996480717801e-05 -4.5399331591097e-05)
(9.8704752662513e-05 -1.755499948804e-05 -4.7732839303124e-05)
(8.6097450748302e-09 -9.9697789261768e-09 -2.7588479712973e-08)
(6.4587078657973e-09 -1.2226930213511e-08 -2.756183715399e-08)
(7.3134927582369e-06 2.7175815026055e-06 -4.5862737856471e-05)
(1.2056950960346e-05 4.4581993768519e-06 -4.9157085635143e-05)
(1.5732963741558e-05 5.7836628640222e-06 -5.0498577704982e-05)
(1.2693004832136e-05 7.3937636944592e-06 -4.986093055988e-05)
(5.8376384102873e-07 -3.3529092966246e-05 -5.1861075442244e-05)
(8.3980197182746e-07 3.0575377584554e-05 -5.1879131411505e-05)
(2.1066830457397e-06 1.1404628773431e-05 -4.8518423061544e-05)
(1.6967523710084e-06 -2.7513637843996e-06 -6.3072530075983e-06)
(8.4816709482997e-07 1.0730480001243e-07 -3.186987351358e-05)
(1.0385541713599e-06 3.3838527690027e-07 -3.289417314097e-05)
(-2.2799073167664e-05 2.7131349417596e-05 -5.1902742043106e-05)
(-2.8130972843428e-05 2.4424590674775e-05 -5.1976816454038e-05)
(-3.3576948722204e-05 2.0592101129978e-05 -5.210266851459e-05)
(-3.268976718948e-05 2.8363352680505e-05 -5.2425705510155e-05)
(-3.9545013686254e-05 2.4286931974494e-05 -5.2595208769824e-05)
(0.00011655511331238 -4.2554396321321e-05 -9.4728911790251e-06)
(2.2543291074329e-06 2.3599340904434e-06 -6.3097689271418e-06)
(-5.7791756732155e-07 3.9636241025012e-06 -9.0539091296083e-06)
(2.6595181114744e-05 1.42027717456e-07 -5.1984112415594e-05)
(-1.8608755879492e-06 -1.2129069554459e-06 -4.1554660139214e-06)
(-9.9447403321996e-07 -1.896330239665e-06 -2.1376055956866e-05)
(-8.131412035107e-07 -2.4502990935657e-06 -2.0172473271672e-05)
(1.9573840119102e-06 3.0596840285351e-06 -1.6717404175165e-05)
(0.00012888310721308 -6.8394425482286e-07 -3.2312567628666e-05)
(-2.9329128551359e-05 1.7997505147322e-05 -5.1902810451476e-05)
(-4.6753883395588e-05 -1.6721203998167e-05 -5.2664319280547e-05)
(-1.0753468591532e-05 2.2893925964476e-06 -4.8329903419683e-05)
(-5.4081412144579e-05 1.0932428881934e-05 -5.2811901428894e-05)
(-1.7842680293032e-05 2.9151078939283e-05 -5.1868195791636e-05)
(-3.6379428955206e-05 5.956337493938e-05 -5.2719762089447e-05)
(-2.7083078046763e-06 2.3074174171181e-06 -1.6892043012527e-05)
(3.5402311588213e-05 9.9136116990115e-05 -8.3427088170852e-07)
(-0.00011137269433036 2.1930363341806e-05 -4.2366186242146e-06)
(-2.9363080090731e-07 3.8490947552775e-07 -1.1203547554137e-07)
(1.0018777588546e-07 -1.8619186340552e-06 3.7849165777015e-06)
(1.0618306302823e-07 -1.8857751135697e-06 3.8804547076632e-06)
(2.8987160810387e-05 8.1533762472129e-05 4.7265840719086e-06)
(-1.7173524029549e-06 -1.9864827405728e-06 -3.7993996379382e-05)
(-1.0960006325312e-06 1.2966295128736e-06 -3.534583000336e-05)
(1.9234359375897e-07 6.7920445661751e-08 -2.747442248992e-05)
(1.9972294426884e-05 -0.00010781881487498 -2.4418115937951e-06)
(2.6364722184517e-06 -1.1693995582341e-05 8.1431687064808e-06)
(-3.4582860562355e-05 -4.2103334621599e-05 -5.2779477980967e-05)
(-4.6139782307234e-05 -3.9367627414405e-05 -5.2795094067035e-05)
(-3.6479956715329e-06 -1.05117563926e-05 -4.8381790730581e-05)
(-2.1410813276222e-07 -1.0852184364897e-06 -3.276439315473e-05)
(2.7924592128973e-06 0.00013181262590563 -1.8176369736037e-05)
(7.9310592947232e-07 -2.117222239918e-06 -3.4295236018766e-07)
(3.2039946552125e-07 -3.2016805849986e-07 -1.7556805247702e-07)
(-7.5117273096022e-07 7.1416005275591e-07 -5.0184296450235e-07)
(-3.9535463578753e-06 6.8329791974261e-07 -9.1380913768091e-06)
(9.8370063768121e-10 -1.5860041473436e-08 -2.7757881563642e-08)
(4.4402133941764e-05 -0.00011805208535527 -3.5960236844604e-05)
(9.2312469260189e-06 3.4272295494184e-06 -4.755732596961e-05)
(-1.8543300338002e-06 -1.6244792024962e-06 -1.0719801365495e-07)
(2.0554320991168e-08 -7.0990689245539e-08 -2.7783685666631e-05)
(-1.4844566101226e-06 3.9348985596952e-07 -3.9820273347388e-07)
(1.4568401765876e-08 1.0621454636301e-08 -3.0167871400909e-08)
(1.2120098487745e-08 -6.7411158373444e-09 -2.7441939378525e-08)
(-7.078627493562e-07 -1.8950249649548e-06 -3.8124819899458e-06)
(-1.4419598259517e-06 -2.9617366980016e-06 -6.4375328178904e-06)
(3.5894045238779e-05 -9.5530794766512e-05 5.8102256358216e-07)
(3.2520507991734e-06 4.6376505797231e-07 4.6232412196492e-07)
(-2.6919922672533e-06 2.923244218614e-06 -8.9914924215784e-06)
(-5.2426707684073e-08 -2.6949752410085e-07 -2.7064197079692e-05)
(1.8933490834178e-09 1.6400180288842e-08 -2.8366308387505e-08)
(-1.8281321591298e-06 -7.1044682954326e-07 -3.7028102332432e-06)
(-1.3696411706401e-08 -8.56405400138e-09 -2.8318823408387e-08)
(2.4438856347335e-05 -1.9955674440162e-05 -5.1937333769604e-05)
(-2.7941489091594e-06 -2.3007991350847e-06 -1.638647753339e-05)
(3.9879222048774e-06 -3.3171732393206e-06 -4.2567603045114e-05)
(-6.8813841843991e-05 0.00011242679089413 -2.7657640219082e-05)
(-5.2249615978333e-05 0.00012201364696573 -2.1577734034485e-05)
(-1.0239308983019e-06 -3.9889900439747e-06 -1.2163375627012e-05)
(-1.1090872907156e-05 2.6020519703775e-05 -5.1907448196408e-05)
(-1.5239927671909e-05 2.496630131649e-05 -5.1936281402506e-05)
(-1.7423460115703e-07 3.0506926340587e-06 -1.8930104903632e-05)
(-5.1956533939659e-06 -8.2642280750753e-07 6.098748103641e-06)
(-3.203212685808e-06 2.6408248594754e-06 -1.1107923261103e-05)
(-2.0034717070702e-05 -7.1911921493181e-06 -5.1409403884664e-05)
(1.993603230507e-06 -5.4231515491483e-06 -4.341419758871e-05)
(7.0571860963392e-07 4.4051481114776e-07 -2.5502264304566e-05)
(-2.2997923992231e-05 6.2458829465311e-05 8.0965515485651e-06)
(-3.2684388093101e-06 3.9455800969122e-06 -4.2316455249584e-05)
(-4.4657736397427e-06 -5.4384014877399e-06 -4.5074437771119e-05)
(-8.2466945583798e-06 1.1613459780963e-05 8.0799656766098e-06)
(-0.00010768792498785 6.6936068996815e-05 -1.4203793821518e-05)
(-7.110425585301e-05 -2.5835192071429e-05 -5.2186669463391e-05)
(-2.5817740986877e-06 -1.6333371408099e-05 -5.0463222842421e-05)
(3.5468392710729e-07 -1.8873626678068e-05 -5.0990177587696e-05)
(4.6207655978552e-06 -2.7502130307676e-05 9.9015132464891e-06)
(2.9852663938169e-06 -2.8036072473822e-07 -1.9081461009673e-05)
(-5.1227437682534e-07 -5.3675739192771e-07 -3.1322330447623e-05)
(-2.5831117971667e-06 3.0960533692933e-06 -4.061759389145e-05)
(-3.6480004062448e-06 -4.4334706728816e-06 -4.3424525965619e-05)
(-3.1041380340886e-06 1.663750031153e-07 1.1027161652481e-06)
(4.2322581865852e-07 -1.6973130211285e-07 -1.4870347288784e-07)
(9.724158887472e-06 5.686306575641e-06 -4.83889404042e-05)
(2.5802337454978e-07 9.4734757650664e-06 -4.7268115563985e-05)
(-1.6374752482631e-07 -3.8866663571307e-07 -5.325168046541e-08)
(2.6481015700612e-06 -1.4040535491063e-06 -1.9068090568964e-05)
(1.3296969042117e-06 2.4249717449522e-06 4.5903181435959e-07)
(-0.00010235352083166 -3.7625151485261e-05 -4.5469889501076e-05)
(3.6872358717947e-07 -2.5227711701039e-07 -1.7028665555944e-07)
(3.6763311715309e-06 1.0994131943553e-06 5.482989389982e-06)
(-8.8119426414939e-05 4.4554604696307e-05 1.271725508506e-06)
(-3.0756591172952e-06 2.3611424540035e-06 -8.4665904534582e-06)
(8.5998837705208e-05 3.1332001483065e-05 -4.9620996974534e-05)
(2.8536464773842e-05 9.8496660588045e-06 9.7013856468139e-06)
(2.2928569544501e-07 -3.6174423630843e-07 -1.6396550810434e-07)
(-1.8829919522767e-08 -1.6920596684321e-06 3.7762859281054e-06)
(0.00012316844610673 -9.100992379383e-07 -9.4806721591666e-06)
(5.9643094535839e-06 -3.0698258852964e-05 -5.192129138702e-05)
(-7.9450709997424e-08 -7.1641075702713e-07 -2.5692495706424e-05)
(1.4331473919907e-07 3.8851498623731e-07 -1.8321799312768e-07)
(-9.3371611174813e-05 8.0824642036222e-05 -3.804714183292e-05)
(-0.00012831591276447 2.7567823320009e-05 -2.9331742906615e-05)
(7.1923208101747e-07 2.8051995650249e-06 4.3266389266675e-07)
(1.1931506965057e-08 -2.622532419635e-10 -2.7508661691566e-08)
(2.3141624769397e-07 3.3755034216331e-07 -1.6863329372814e-07)
(1.3277257458437e-06 5.0074211781526e-06 6.3872985169048e-06)
(-6.1199507527056e-06 -1.7634709156964e-05 -5.0997978664739e-05)
(-7.8909742703231e-06 -2.7843327071237e-05 9.800153299692e-06)
(2.232439136262e-05 -0.00012040803912199 -9.4002266308709e-06)
(-6.5837142587185e-07 -1.7303444397666e-06 -3.589881483794e-05)
(-1.5625869294647e-05 -5.6282592282658e-06 -5.046402691272e-05)
(-2.3695546373003e-06 1.2130557462891e-07 -8.1515790885679e-08)
(-5.8115462452384e-05 -3.1580211727244e-05 8.5113902870515e-06)
(1.7895580506163e-06 8.6394552844146e-07 -2.9059679688736e-07)
(2.3176800092073e-06 -1.8909753346302e-06 -1.9061596276975e-05)
(-0.00012888824923745 -2.0759545824965e-05 -1.640192641447e-05)
(-0.00012208867281985 -4.7103604861918e-05 -3.2129154253743e-05)
(2.0704514125647e-06 5.048449751676e-07 -3.0542572830492e-07)
(-0.00011425715288032 -1.9879084952062e-05 -4.2588158966375e-05)
(-3.2471876223294e-07 -1.7790320943669e-06 3.517123425701e-06)
(7.0744471564702e-07 -4.1066138379887e-06 1.7633667691607e-06)
(2.0391440864968e-05 0.00011444728606449 -5.3320696100714e-06)
(-0.00011321447265112 -6.8997458404646e-05 -2.8051414960718e-05)
(-3.3057470090263e-05 -1.9147298705445e-05 -5.1901470999526e-05)
(7.8120608064508e-07 3.0834685574507e-07 -2.5500009685372e-05)
(3.9267625316242e-07 1.4624565876224e-07 -1.0485268673777e-07)
)
;
    }
    auto2
    {
        type            fixedValue;
        value           uniform (0 0 0);
    }
}


// ************************************************************************* //
