<?xml version="1.0"?>
<VTKFile type="UnstructuredGrid" version="0.1" byte_order="LittleEndian">
   <UnstructuredGrid>
      <Piece NumberOfPoints="1126" NumberOfCells="0" > 
         <Points> 
            <DataArray type="Float64" Name="Position" NumberOfComponents="3" format="ascii"> 
               -0.00460669  -0.00193719  0.048973  
               -0.00456781  -0.00200993  0.0494405  
               0.00160798  -0.00471205  0.037189  
               0.00200235  -0.00457186  0.0356426  
               -0.00139233  -0.00477747  0.0491934  
               -0.00220156  -0.00446538  0.0493789  
               0.00144515  -0.00476144  0.000519076  
               0.00055569  -0.00494527  0.0428234  
               -0.000726652  -0.00492843  0.0430252  
               -0.000329968  -0.0049675  0.0418745  
               0.00212629  0.00450561  0.0493708  
               0.0039017  -0.00308936  0.000931061  
               0.00492654  -0.000745812  0.000639472  
               0.00158607  0.0047187  0.00947666  
               0.00235331  0.00438427  0.0106703  
               0.00305025  0.00393379  0.00917739  
               -0.00328297  -0.00374281  0.0489824  
               0.00362748  -0.00342349  0.000621582  
               -2.70975e-05  0.00499733  0.0489422  
               0.000860549  0.00491524  0.0484703  
               -0.000320539  0.00496843  0.0474879  
               0.00465954  0.00178107  0.000747089  
               0.00446995  0.00219301  0.000660817  
               0.00277785  -0.00415735  0.0494309  
               -0.000541918  -0.00494663  0.0494155  
               -0.00471424  -0.00160076  0.0492902  
               0.00490393  -0.000975452  0.0493445  
               0.00282105  0.00412189  0.000766351  
               0.0031146  -0.00388099  0.0492498  
               0.00374281  -0.00328297  0.0493879  
               0.00346852  0.00359053  0.000640672  
               0.00402934  0.00293383  0.000826627  
               -0.0018087  -0.00465116  0.0485934  
               -0.00170791  0.00468174  0.000893579  
               -0.00218173  0.00447598  0.000661621  
               -0.00216439  0.00448525  0.00251426  
               0.00446538  -0.00220156  0.0493674  
               0.00281927  -0.00412336  0.0489452  
               0.00496479  0.000357461  0.00554857  
               0.00493509  0.000659086  0.00662799  
               0.00495694  -0.000437193  0.00686191  
               -0.0015826  -0.00471975  0.00106305  
               -0.000709477  -0.00493012  0.00153217  
               0.00345094  -0.00360496  0.0487281  
               0.00334747  -0.00368988  0.047679  
               0.00263182  -0.0042354  0.0482347  
               -0.00309965  0.00389326  0.0171823  
               -0.00382784  0.00317936  0.0175693  
               -0.00133353  0.0047953  0.000590372  
               0.00210912  0.00451479  0.00103012  
               0.00242218  0.00434746  0.000712353  
               -0.0031642  -0.00384028  0.00120854  
               -0.00241032  -0.0043538  0.000966192  
               0.00375506  0.00326804  0.00145335  
               0.00459897  0.00195164  0.00206904  
               0.00372093  0.00330962  0.00239369  
               0.00204124  0.00455107  0.000559948  
               0.00446995  0.00219301  0.00123799  
               -0.00465459  0.00179741  0.00292777  
               -0.00439295  0.00233707  0.00193126  
               -0.00470852  0.0016196  0.00198529  
               0.00118389  -0.0048407  0.0494153  
               -0.00177342  0.00466186  0.0491404  
               -0.00200909  -0.00456826  0.000644285  
               0.00496893  -0.000315496  0.00098358  
               0.00498864  0.000115337  0.000617708  
               -0.00491673  0.000845485  0.0382039  
               -0.00490619  -0.000952446  0.0378922  
               -0.00496255  -0.000380251  0.0369558  
               0.00313435  0.00386477  0.000986872  
               -0.000592085  -0.00494168  0.0168272  
               -0.00031728  -0.00496875  0.0155755  
               -0.0031642  -0.00384028  0.000558407  
               -0.00280948  -0.00413139  0.000646067  
               -0.00329239  0.00373508  0.0494205  
               0.00498207  0.000182048  0.00184135  
               -0.00115057  -0.0048508  0.000589541  
               -0.000268126  -0.00497359  0.0312726  
               0.000865782  -0.00491473  0.0316316  
               0.00308673  -0.00390386  0.0408176  
               0.00387264  -0.00312477  0.0414405  
               -0.000709477  -0.00493012  0.000799284  
               0.00181565  -0.00464905  0.0486639  
               0.00118389  -0.0048407  0.0489248  
               -0.000302776  -0.00497018  0.000577366  
               0.00357428  0.00348833  0.04829  
               0.00359097  0.00346798  0.0473824  
               0.00477133  -0.00141256  0.0492505  
               0.00465116  -0.0018087  0.0494652  
               -0.000471224  0.00495359  0.0493952  
               0.0019825  -0.00458247  0.0221109  
               0.00317204  -0.00383385  0.0228372  
               -0.00439147  -0.00233984  0.0305348  
               0.00206269  0.00453961  0.016277  
               0.00276219  0.00416572  0.0150202  
               0.00307496  0.00391352  0.0163742  
               0.00385489  0.0031464  0.0490609  
               -0.00435937  0.0023999  0.0186585  
               -0.00442263  0.00228154  0.0200365  
               -0.00486287  0.00111078  0.0191247  
               -0.00134589  0.00479156  0.049395  
               -0.00494207  0.000588188  0.049335  
               0.00103133  -0.00488698  0.00365727  
               0.00254311  -0.00428282  0.00362288  
               0.0018011  -0.00465347  0.00304545  
               0.00462706  0.00188815  0.0142772  
               0.00490868  0.000927155  0.0132928  
               -0.0046053  0.0019398  0.0490015  
               -0.0046053  0.0019398  0.0494491  
               0.00484535  -0.00116854  0.00133133  
               -0.00458211  -0.00198317  0.0010801  
               0.00289487  0.00406131  0.0493716  
               0.00467538  -0.00172887  0.00378754  
               0.00417103  -0.00275225  0.00202276  
               0.00405424  -0.00290349  0.00362402  
               -0.00493563  -0.000653604  0.000832155  
               -0.00348843  -0.00357419  0.000728813  
               -0.00437404  -0.00237244  0.0472217  
               -0.000541918  -0.00494663  0.0489253  
               0.000325151  -0.00496798  0.0491569  
               -0.00294623  -0.00401917  0.0493798  
               -0.00360496  -0.00345094  0.0494293  
               -0.00389297  0.0031  0.000579026  
               -0.0032683  0.00375485  0.000576398  
               -0.00360435  0.00345168  0.000731285  
               0.00457846  -0.00199001  0.000574555  
               0.00417103  -0.00275225  0.000621103  
               0.000860549  0.00491524  0.049202  
               -0.00152331  0.00473774  0.00335005  
               -0.00160522  0.00471289  0.00473283  
               -0.000806583  0.00492056  0.00403441  
               0.00239643  -0.00436122  0.0232657  
               0.00339592  -0.00365011  0.0238269  
               -0.00315359  0.00384899  0.00830286  
               -0.00291931  0.00404125  0.00692363  
               -0.00191497  0.00461857  0.0071687  
               0.00297872  -0.0039925  0.000825007  
               0.00437494  -0.00237077  0.00108321  
               0.0018581  -0.00463618  0.000619668  
               0.00144515  -0.00476144  0.000926498  
               -0.00138183  -0.00478065  0.00669094  
               0.00122412  0.00482849  0.00156352  
               0.00494871  -0.000520792  0.0492639  
               0.000875595  -0.00491376  0.00130593  
               0.0018581  -0.00463618  0.00194485  
               0.000603286  -0.00494058  0.000660413  
               -0.00294591  0.00401942  0.0492406  
               -0.00492481  0.000763448  0.000801445  
               -0.00478488  0.00136791  0.000685958  
               0.00471124  0.00161066  0.0490532  
               0.00455949  0.0020255  0.0493706  
               0.00241955  0.00434886  0.00489836  
               0.0025034  0.00430405  0.00345401  
               0.0031931  0.00381656  0.0037968  
               0.00401917  -0.00294623  0.0490989  
               -0.000915408  0.00490984  0.0491406  
               -0.000645703  -0.0049364  0.00251569  
               0.000860585  -0.00491524  0.00246484  
               0.00332445  -0.00370876  0.0383299  
               -0.000849478  -0.00491633  0.0472765  
               0.00331297  -0.00371819  0.00144961  
               0.00382785  -0.00317935  0.0467244  
               -0.00147564  -0.00475219  0.00568086  
               0.00477841  0.00138923  0.000960172  
               0.00466416  0.00176587  0.00121653  
               0.00129203  0.00480789  0.0494137  
               0.00171818  0.00467862  0.0489434  
               -0.00091689  0.00490969  0.00051962  
               -0.00493027  -0.00070803  0.0490194  
               -0.00471424  -0.00160076  0.0486558  
               0.00441891  0.00228851  0.0469543  
               0.00462299  0.00190157  0.0480705  
               0.0048885  0.00102629  0.0467781  
               -0.00258575  -0.00426003  0.0490711  
               0.000373196  0.00496324  0.000559487  
               -5.70684e-05  0.00499438  0.000712726  
               0.000297996  0.00497065  0.00103067  
               0.00262539  -0.00423884  0.000587789  
               -0.00495619  0.000444845  0.0116668  
               -0.00490947  -0.000919187  0.0115808  
               -0.00496542  0.000351071  0.0129559  
               0.0027707  -0.00416117  0.00957373  
               0.00257259  -0.00426706  0.0106679  
               -0.00499225  7.87121e-05  0.00110401  
               -0.00460335  0.00194344  0.047883  
               0.00301323  0.00396418  0.0466006  
               -0.00332702  0.00370665  0.0256473  
               -0.00285015  0.00409801  0.0246867  
               -0.00096725  -0.00490473  0.0131268  
               -0.00231659  -0.0044039  0.0129125  
               0.00436277  -0.00239352  0.0324924  
               0.0016379  0.00470298  0.000874665  
               0.00491243  0.000889072  0.0477575  
               -0.00459067  0.00196716  0.00104357  
               0.00483697  0.00119618  0.00170021  
               0.00494627  0.00054548  0.000919325  
               -0.00426307  0.00258005  0.0302056  
               -0.00356471  0.00349998  0.0315334  
               -0.00497969  0.000206226  0.0489112  
               -0.00494207  0.000588188  0.0479497  
               -0.00302921  0.00395106  0.0428455  
               0.00495057  -0.000501827  0.0487881  
               0.00490393  -0.000975452  0.0487715  
               0.00471987  -0.00158219  0.000774727  
               -0.00362087  0.00343155  0.0494498  
               -0.00228905  -0.00441862  0.00424504  
               -0.0015826  -0.00471975  0.00273184  
               -0.000900222  -0.00491134  0.00363452  
               0.00454505  -0.00205252  0.0411614  
               0.0048193  -0.00125444  0.0401778  
               0.00455975  -0.00202501  0.0392656  
               0.00122412  0.00482849  0.000602455  
               0.0040323  -0.00293023  0.0332894  
               0.00453236  -0.00207624  0.0335201  
               0.00482022  -0.00125138  0.0458763  
               0.00499808  1.95244e-05  0.045295  
               0.004858  -0.00112684  0.0443596  
               0.00421134  -0.00267683  0.0243275  
               0.000289553  0.00497148  0.00385996  
               0.00196206  0.0045934  0.0470062  
               0.00289487  0.00406131  0.0482934  
               0.00251873  0.00429585  0.0490596  
               0.00124047  -0.00482353  0.0481088  
               0.00200993  -0.00456781  0.049328  
               -0.00257441  0.00426609  0.0487159  
               -0.00234982  0.00438614  0.0471137  
               -0.00134589  0.00479156  0.0484794  
               -0.00484235  0.00117845  0.00134909  
               -0.0043627  -0.00239366  0.0490104  
               -0.0031449  0.00385612  0.00938227  
               -0.00362814  0.00342269  0.0102447  
               -0.00390128  0.00308988  0.0093047  
               -0.00332028  -0.00371219  0.0310328  
               -0.00210252  -0.00451832  0.0322683  
               -0.00189307  -0.00462557  0.0309241  
               -0.00474136  0.00151137  0.04939  
               -0.00176917  -0.00466316  0.0138002  
               0.000417233  0.00495891  0.0494131  
               0.00187926  0.00462976  0.00167426  
               0.00145379  0.00475883  0.00225138  
               0.0048283  0.00122475  0.0493796  
               0.00323809  0.00377964  0.0490595  
               -0.00427951  -0.0025493  0.0459901  
               0.00465116  -0.0018087  0.0490358  
               -0.00474225  0.00150841  0.00836831  
               0.00435081  0.00241591  0.0489187  
               0.0041362  0.00280362  0.0493723  
               0.00200993  -0.00456781  0.0479998  
               0.00462908  -0.0018815  0.0475827  
               0.00470702  -0.00162458  0.0481034  
               0.00483699  -0.0011961  0.0477954  
               0.00385489  0.0031464  0.049477  
               0.00342822  0.00362361  0.0436348  
               0.00404777  0.00291138  0.0445795  
               0.00392394  0.00306226  0.0457276  
               0.0039017  -0.00308936  0.000521064  
               -0.00496807  -0.000324195  0.0493771  
               0.0041362  0.00280362  0.0479846  
               -0.00220156  -0.00446538  0.0469429  
               -0.00442985  0.00226804  0.00963771  
               -0.00486882  0.00109119  0.0105134  
               -0.00438214  0.0023573  0.0108464  
               -0.00258575  -0.00426003  0.049481  
               -0.00418035  -0.00273481  0.0394671  
               -0.0045236  -0.00209264  0.041254  
               -4.0336e-05  -0.00499603  0.00174019  
               0.00155261  -0.00472885  0.0113523  
               -0.00182918  0.00464495  0.0358232  
               -0.00209369  -0.00452304  0.00189744  
               0.00395503  0.00302438  0.0418706  
               0.00445656  0.00221806  0.0411219  
               0.00357351  0.00348927  0.0493721  
               -0.00439295  0.00233707  0.000639557  
               -0.00417664  0.00274176  0.000527436  
               -0.00475979  0.00145062  0.0462851  
               -0.00498468  -0.000155563  0.0471633  
               -0.00425777  -0.00258998  0.000755944  
               -0.00389718  -0.00309487  0.00108632  
               -0.00427486  -0.00255799  0.00157127  
               0.00258965  -0.00425794  0.0025406  
               0.00490396  0.000975104  0.000617259  
               -0.00486013  0.00111982  0.0490714  
               -0.0049151  0.000862  0.00196025  
               -0.00389297  0.0031  0.00360185  
               -0.00492418  0.000769846  0.044976  
               -0.00316208  -0.00384202  0.0144819  
               -0.00381835  -0.00319092  0.0140847  
               -0.00341081  -0.00363789  0.0154353  
               -0.00388099  -0.0031146  0.0485558  
               0.000803405  0.00492087  0.000874252  
               4.28867e-05  -0.00499578  0.0363621  
               0.00105282  -0.00488046  0.000722787  
               -0.00290687  0.00405147  0.0306249  
               0.00446288  0.00220624  0.0160652  
               0.00431474  0.00248339  0.0150426  
               0.00477841  0.00138923  0.000534007  
               -0.00241032  -0.0043538  0.000537489  
               -0.00271595  0.00419044  0.0331452  
               0.000538396  -0.00494697  0.0473781  
               0.00021372  -0.00497895  0.00108404  
               -0.0049455  0.000553334  0.00737865  
               -0.00493137  -0.000696779  0.00767567  
               0.00410441  0.00284235  0.0296435  
               0.00347252  0.00358725  0.0298909  
               0.00415066  0.002786  0.0307516  
               0.00417692  -0.00274123  0.017341  
               0.00361713  -0.00343611  0.0168422  
               0.00381218  -0.00319844  0.0181794  
               -0.00291931  0.00404125  0.00080145  
               -0.00418188  0.00273195  0.0493135  
               -0.00389035  0.00310318  0.0492262  
               -0.00134589  0.00479156  0.0469927  
               0.00323378  0.00378318  0.0337014  
               0.00404653  0.00291289  0.0339496  
               0.00433909  0.00243784  0.034903  
               0.00462694  0.00188856  0.0359453  
               0.00242218  0.00434746  0.00134788  
               0.00151124  0.0047414  0.0272731  
               0.00455399  0.00203578  0.0458139  
               0.00483269  0.0012103  0.0443319  
               -0.00343053  -0.00362171  0.0482725  
               -0.00366465  -0.00337821  0.0472791  
               -0.00298432  -0.0039879  0.0477953  
               -0.00236447  0.00437831  0.0460065  
               -0.00274216  0.00417642  0.0443464  
               -0.00415735  -0.00277785  0.0494292  
               0.00088075  -0.00491325  0.0162229  
               0.000947886  0.00490664  0.020251  
               -0.00383633  0.00316901  0.00245724  
               -0.00133353  0.0047953  0.00168248  
               0.00458315  -0.00198123  0.00709132  
               0.00481417  -0.00127133  0.00592485  
               -0.0006065  -0.00494026  0.0386546  
               -0.000513945  -0.00494938  0.0396567  
               0.00496601  -0.00034509  0.0171083  
               -0.00388099  -0.0031146  0.0492428  
               0.00224434  -0.00444252  0.00104704  
               0.00499116  8.97942e-05  0.0483349  
               -0.00129662  -0.0048065  0.0175232  
               -0.00223214  -0.00444904  0.016779  
               -0.00128418  -0.00481027  0.0160161  
               0.00144964  -0.00476008  0.046665  
               -0.000497353  0.00495101  0.00307581  
               -0.000990233  0.00489944  0.00242109  
               -0.00317259  0.00383339  0.0485408  
               0.00418566  0.00272489  0.0258044  
               0.00453507  0.00207119  0.0249786  
               -0.00254215  0.00428333  0.00138348  
               -0.00417664  0.00274176  0.000942246  
               -0.00383446  0.0031713  0.00105926  
               0.0049292  0.000718823  0.0493197  
               -0.00418188  0.00273195  0.0487067  
               -0.00165578  0.00469755  0.0450367  
               -0.0013338  0.00479522  0.0434398  
               -0.00444045  -0.0022482  0.0244864  
               -0.00415415  -0.00278175  0.0236768  
               0.00248903  0.00431173  0.0331426  
               0.00157  0.00472357  0.0331908  
               0.00218884  0.00447218  0.0340916  
               0.00269167  0.00420341  0.0371015  
               0.00283485  0.00411057  0.0381836  
               0.00355578  0.00351086  0.0376173  
               0.00479398  -0.00133789  0.0234308  
               0.00499987  1.30523e-06  0.0231523  
               0.00426003  -0.00258575  0.048376  
               0.00416377  -0.00276583  0.0474769  
               0.00449125  -0.00215317  0.0480831  
               0.00239366  -0.0043627  0.0489272  
               -0.00091689  0.00490969  0.000927513  
               -0.00420542  -0.00268792  0.0484073  
               -0.00401947  0.00294585  0.021869  
               -0.00304379  0.0039391  0.0209119  
               -0.00274958  0.00417246  0.0221883  
               0.00273508  0.00418021  0.00182876  
               0.00282442  0.00411913  0.00124104  
               -0.00217951  0.00447717  0.049395  
               0.00264061  0.0042307  0.0455914  
               -2.56631e-05  -0.00499747  0.0233609  
               0.00085216  -0.00491607  0.0226743  
               0.000905026  -0.00491086  0.0238552  
               -0.000661252  0.00493487  0.00166959  
               0.00384666  -0.00315643  0.0046434  
               0.00390874  -0.00308078  0.00566597  
               0.00320808  -0.00380427  0.00524606  
               -0.00362087  0.00343155  0.0490027  
               -0.00364272  -0.00340492  0.0125703  
               -0.00430661  -0.00249859  0.0133265  
               0.00468771  0.00168823  0.0341704  
               -0.00109526  -0.00486758  0.0270601  
               0.000608526  -0.00494007  0.0277203  
               -0.000579528  -0.00494292  0.0282045  
               -0.00465094  -0.00180944  0.0275069  
               -0.00470527  -0.00163033  0.0254095  
               -0.00492099  -0.00080225  0.0272295  
               -0.00317249  0.00383347  0.0475661  
               0.0043982  -0.00232724  0.0295262  
               0.00470938  -0.00161679  0.0304448  
               0.00402267  -0.00294196  0.0396826  
               -0.000292531  -0.00497119  0.00108357  
               -0.00206734  0.00453713  0.0426934  
               -0.00251221  0.00429934  0.00428689  
               -0.00389533  0.00309713  0.00480689  
               -0.0010628  0.00487743  0.0299494  
               -0.00199157  0.00457763  0.0309152  
               0.00421184  -0.00267591  0.0126239  
               0.0033328  -0.00370191  0.0115638  
               -0.0040174  0.00294838  0.00174273  
               0.000543035  -0.00494652  0.017454  
               -0.00375062  0.00327345  0.0481159  
               0.000325151  -0.00496798  0.0483762  
               -0.00468912  -0.00168359  0.0021757  
               -0.00493929  -0.000616405  0.00185935  
               0.00326432  0.00375811  0.0184676  
               0.0021414  0.00449754  0.0187265  
               0.00271537  0.00419074  0.0176614  
               0.00498927  -0.000108907  0.0490543  
               -0.00275673  -0.00416864  0.0363584  
               0.00473642  0.00152765  0.0369051  
               0.00441334  0.00229892  0.0375086  
               0.00492089  0.00080319  0.0391848  
               0.0049954  -4.67415e-05  0.0403112  
               0.00291044  0.00404853  0.0351759  
               -0.00377174  -0.00324772  0.0419357  
               -0.00367249  -0.00336865  0.0406011  
               -0.00256809  -0.00426947  0.0422023  
               0.00115397  -0.00484977  0.0193198  
               0.00149459  -0.00474645  0.0183118  
               -0.000410696  0.00495955  0.00103067  
               -0.00381837  0.0031909  0.0470964  
               -0.00314558  0.00385556  0.0465921  
               -0.00467669  0.00172454  0.0221205  
               -0.00490756  0.000938585  0.0212418  
               0.00324845  0.00377113  0.00480862  
               -0.00367074  0.00337079  0.0283976  
               -0.0028509  0.00409739  0.0284768  
               -0.00406721  0.00288769  0.0477336  
               -0.0043136  0.00248553  0.0481492  
               -0.00347768  -0.00358301  0.00355674  
               -0.0031642  -0.00384028  0.00475288  
               -0.000487432  0.00495199  0.000560129  
               0.00498426  0.000159765  0.0363883  
               0.0044274  -0.00227261  0.0488114  
               -0.00214877  0.0044936  0.0267785  
               -0.00325816  0.00376317  0.00111545  
               0.00384365  -0.0031601  0.0290539  
               0.000593949  0.0049415  0.0374722  
               0.000934891  0.00490792  0.0390462  
               0.00313659  -0.00386294  0.0395491  
               0.00216488  -0.00448499  0.0410838  
               -0.00475187  -0.0014767  0.039834  
               0.00488792  -0.0010282  0.0163588  
               -0.00262827  -0.0042373  0.00288917  
               0.00256848  0.00426926  0.00239571  
               -0.00462421  0.00189754  0.0484787  
               -0.00351821  -0.00354975  0.0214102  
               -0.00390285  -0.00308796  0.0227552  
               -0.00231996  -0.0044021  0.00661043  
               -0.00325141  -0.00376871  0.00583356  
               -0.000818776  0.00491936  0.0457579  
               -0.00481411  -0.00127153  0.0198654  
               -0.00494811  -0.000526868  0.0192139  
               -0.00474746  -0.00149125  0.0188355  
               -0.00498983  0.000103292  0.00347803  
               0.00209756  0.00452097  0.0287436  
               0.00158408  0.0047193  0.0296539  
               0.000380794  0.0049625  0.0282379  
               0.00258462  -0.00426063  0.0472198  
               -0.00496244  -0.000381345  0.0419094  
               -0.00494166  0.000592286  0.04134  
               -0.00482117  0.00124825  0.0473135  
               -0.00447812  0.00217772  0.00754074  
               0.00488598  0.00103461  0.015211  
               0.00417294  -0.00274869  0.0155329  
               0.00357577  -0.00348651  0.0158451  
               0.0049292  0.000718823  0.0487318  
               0.00496078  0.000398188  0.0329193  
               0.00366252  0.0033808  0.0361382  
               -0.00304124  -0.00394119  0.0389535  
               -0.00169626  -0.00468527  0.0432756  
               0.00346813  -0.00359085  0.0144567  
               0.00139306  0.00477725  0.00391761  
               6.60707e-05  -0.00499349  0.0130876  
               -0.000786279  -0.00492256  0.0141487  
               0.00298635  -0.00398624  0.0350338  
               0.00246156  0.00432641  0.0274526  
               0.00310581  0.0038882  0.0283102  
               0.00367346  0.00336746  0.0274052  
               -0.00470705  -0.00162448  0.0460732  
               -0.00427688  0.00255423  0.0464367  
               0.00240096  0.0043588  0.0130031  
               0.00251873  0.00429585  0.0494761  
               -0.00233412  0.00439453  0.0386794  
               -0.00362549  0.00342593  0.0384836  
               -0.00297403  0.00399635  0.0375265  
               -0.000435419  -0.00495711  0.020076  
               -0.00490504  -0.000964194  0.0326201  
               -0.00479356  -0.00133929  0.0314339  
               -0.00312367  -0.00387354  0.0223524  
               -0.00165654  -0.00469732  0.0220662  
               -0.00254171  -0.00428357  0.0215515  
               0.00335707  -0.003682  0.0455597  
               0.00286185  0.00408841  0.00771134  
               0.00176021  0.00466587  0.0176444  
               0.00476638  -0.00142887  0.048777  
               0.00463972  -0.00184642  0.0485416  
               -0.00363692  -0.00341199  0.0489461  
               0.00442977  0.00226818  0.0429977  
               -0.00491786  -0.00083402  0.0229013  
               -0.00472137  -0.00157725  0.0237842  
               0.000551453  0.00494569  0.0016737  
               -0.000962718  0.00490518  0.036271  
               -0.0006815  0.00493288  0.0347988  
               0.0049723  0.000281255  0.0492639  
               0.00498927  -0.000108907  0.0494735  
               0.00430166  0.00250786  0.00389799  
               0.00271781  0.00418944  0.0250095  
               0.00341562  0.00363394  0.0121892  
               0.00390573  0.00308445  0.0111877  
               0.00328612  0.00374022  0.0309202  
               0.00243863  0.00433866  0.0307171  
               -0.00478923  -0.00135357  0.0134323  
               -0.00494476  -0.000560834  0.0140378  
               -0.00393962  -0.00304315  0.0478472  
               0.00478389  -0.00137116  0.0294429  
               -0.00494107  0.000598377  0.00490682  
               -0.00469788  0.00165469  0.00452819  
               -0.00388149  0.00311399  0.022857  
               0.00401082  0.00295639  0.00705658  
               0.00362499  0.00342653  0.0388543  
               -0.00361455  -0.00343925  0.0106794  
               0.00490396  0.000975104  0.00243164  
               0.00496238  -0.000381937  0.00342949  
               0.00467911  0.00171657  0.028936  
               0.00499153  8.59849e-05  0.0283505  
               0.00481411  0.00127155  0.0277498  
               0.000253138  0.00497507  0.029735  
               -0.00230638  0.00440936  0.0100023  
               -0.00199814  -0.00457411  0.0356532  
               -0.0022276  -0.00445146  0.037295  
               -0.002772  -0.00416048  0.0111892  
               0.000253331  -0.00497505  0.0141121  
               -5.67795e-05  0.00499441  0.00208381  
               -0.0046313  0.00187418  0.0146973  
               -0.00431378  0.0024852  0.015553  
               -0.00491754  -0.000837263  0.0480025  
               0.00492152  -0.000796809  0.0352554  
               -0.00360435  0.00345168  0.00138724  
               -0.0030945  0.00389748  0.0020127  
               0.00342598  0.00362544  0.0102595  
               0.00294412  -0.0040209  0.036698  
               0.00189259  -0.00462571  0.0422137  
               0.000972787  -0.00490419  0.0415452  
               0.000675468  -0.00493347  0.0354475  
               0.000134925  -0.00498671  0.0341691  
               -0.000653489  -0.00493564  0.0350434  
               -0.00263202  0.00423529  0.0295811  
               -0.00127649  0.00481261  0.0282992  
               0.00390872  0.00308081  0.00831475  
               0.00494627  0.00054548  0.000515898  
               -0.000109763  0.00498919  0.00650299  
               -0.00338135  -0.00366207  0.0337341  
               0.00487007  0.00108705  0.0250923  
               -0.00152525  -0.00473715  0.03427  
               -0.0044117  0.00230199  0.048737  
               -0.00440469  0.00231511  0.0492253  
               0.00499544  4.62911e-05  0.014044  
               0.00472115  0.001578  0.0307672  
               0.00473973  0.00151675  0.0325257  
               0.00495884  0.000417894  0.0317132  
               0.0045076  -0.00212258  0.0284444  
               0.00484801  -0.00115979  0.0279859  
               0.00476778  -0.00142428  0.0326804  
               0.00494805  -0.000527436  0.0340286  
               0.00474202  -0.00150919  0.0344044  
               -0.00140292  0.00477426  0.020774  
               -0.000414604  0.00495917  0.0213213  
               0.000240767  0.00497629  0.0462368  
               0.000691939  -0.00493185  0.00797838  
               0.000876019  -0.00491372  0.00598035  
               0.00187927  -0.00462976  0.00748897  
               0.00189547  0.00462484  0.00296056  
               0.00390116  0.00309002  0.0286881  
               -0.00324079  0.00377742  0.00309918  
               -0.00394857  -0.00303225  0.00544341  
               -0.00399898  -0.00297082  0.0043845  
               -0.0035841  0.00347636  0.0357297  
               -5.16771e-05  0.00499491  0.0196315  
               -0.00442354  -0.00227984  0.0224686  
               0.00292131  0.00403961  0.00657464  
               -0.00475504  0.00146628  0.0482097  
               -0.00411828  0.00282546  0.0276076  
               -0.00269425  -0.00420203  0.0258898  
               -0.00165183  -0.00469875  0.011469  
               -0.00210212  -0.00451853  0.00955846  
               -0.000399729  0.00496063  0.024761  
               -0.00184312  0.00464072  0.0257142  
               -0.000808351  0.00492038  0.0266185  
               -0.00412592  -0.00281614  0.0489427  
               0.00473301  0.00153889  0.00747036  
               -0.00482907  -0.00122222  0.0470564  
               -0.00355216  -0.00351528  0.0259351  
               -0.00303358  -0.00394747  0.0268034  
               0.00473083  -0.00154607  0.0253137  
               0.00491626  -0.000850193  0.0244972  
               -0.00490892  -0.000924706  0.0448222  
               0.00268695  0.00420594  0.0227585  
               0.00462641  0.00189032  0.00470019  
               0.00490664  0.000947913  0.004057  
               -0.00438042  0.00236052  0.0136352  
               -0.00341431  0.00363502  0.0152379  
               -0.00374762  0.0032771  0.0131888  
               -0.00197799  0.00458488  0.024401  
               -8.85391e-05  -0.00499128  0.00707179  
               0.00323809  0.00377964  0.0494762  
               -0.00367698  -0.00336318  0.024853  
               -0.00176425  0.00466465  0.019602  
               0.00486545  0.0011023  0.0298066  
               0.00497724  -0.000231046  0.0296987  
               0.00336226  0.00367774  0.0134459  
               -0.00498456  0.000156717  0.0153718  
               -5.70684e-05  0.00499438  0.00134861  
               -0.00297383  -0.00399652  0.0300175  
               -0.00377112  -0.00324847  0.0298266  
               -0.00437304  0.00237433  0.0475385  
               -0.00348843  -0.00357419  0.00229379  
               0.00417017  0.00275386  0.0221469  
               0.00471194  0.00160834  0.0220196  
               -0.00434426  0.00242816  0.00569531  
               -0.00437109  0.00237796  0.0233491  
               0.00246454  -0.00432482  0.011726  
               0.00178312  -0.00465892  0.00941678  
               -0.00166795  0.00469386  0.0218847  
               0.0041737  -0.00274726  0.0431473  
               0.00338143  -0.003662  0.0427194  
               -0.00245456  0.00433015  0.00883381  
               -0.00209985  -0.00451975  0.0151714  
               -0.000532671  0.00494754  0.0290671  
               0.00154409  0.00473143  0.0372383  
               0.00203304  0.00455546  0.0388986  
               -0.0049488  0.000519824  0.0270966  
               0.00422406  -0.00265305  0.0144484  
               0.00468677  -0.00169133  0.0142275  
               0.00470072  -0.00164534  0.0130746  
               -0.00471946  -0.00158355  0.0357152  
               0.00237538  0.00437247  0.0416769  
               0.00119712  0.00483668  0.0409561  
               0.00133664  0.00479436  0.0459485  
               0.00287528  0.00407739  0.0265175  
               0.001919  0.00461641  0.0257593  
               -0.00487014  -0.00108683  0.00444678  
               -0.00493032  -0.000707477  0.00561854  
               -0.00113124  -0.00485667  0.00913082  
               -0.00474441  0.00150132  0.0115137  
               0.00494303  0.000578404  0.0426502  
               -0.00431638  0.00248032  0.00858232  
               0.00497701  -0.000233416  0.0464976  
               0.00475274  -0.00147384  0.019686  
               0.00276898  -0.00416209  0.0260834  
               0.00210596  -0.00451648  0.0267439  
               0.00395299  0.00302687  0.00475787  
               0.00375506  0.00326804  0.00333402  
               0.00437258  0.00237519  0.00280041  
               0.000873633  0.00491395  0.034049  
               -0.00321649  -0.00379737  0.00733851  
               0.000693589  0.00493169  0.00735023  
               -0.00495306  -0.000476614  0.0388149  
               -0.00496602  0.000345041  0.0399731  
               -0.00490412  0.000973469  0.0391951  
               0.00313435  0.00386477  0.000545829  
               -0.00319481  -0.00381516  0.00871657  
               -0.00419884  -0.00270023  0.00850667  
               0.00193489  -0.00460792  0.0456979  
               0.00150837  -0.00474227  0.0442183  
               -0.000399718  0.00496063  0.0444548  
               -0.0022165  0.00445739  0.0405656  
               0.00392385  0.00306237  0.0171378  
               0.00378268  0.00323439  0.0161585  
               0.00391243  0.00307629  0.0198951  
               0.0044698  0.00219329  0.0190729  
               -0.00105597  0.0048795  0.00806006  
               -0.000455396  0.00495515  0.00524265  
               -0.000293801  0.00497106  0.0123745  
               -0.000524419  0.00494835  0.0135572  
               -0.00478991  0.00135132  0.00937447  
               0.000791455  0.00492205  0.00500367  
               0.000104135  0.00498974  0.0101562  
               -0.00121126  0.00483239  0.00987814  
               0.00109011  0.00486915  0.00287293  
               0.00414879  -0.00278828  0.031106  
               -0.00480207  0.00131124  0.0201046  
               0.00412129  -0.00282179  0.021363  
               0.003493  -0.00357044  0.0216155  
               0.00414976  -0.00278709  0.0227818  
               0.000163119  -0.00498393  0.0302864  
               0.0033368  -0.00369863  0.00640606  
               0.00354315  -0.00352626  0.0075243  
               0.00276302  -0.00416528  0.0076154  
               -0.00478223  -0.00137665  0.0146099  
               0.00497306  0.0002735  0.0488097  
               -0.00180229  -0.00465311  0.041666  
               6.06468e-05  -0.00499403  0.00440008  
               0.00111388  -0.00486194  0.00478209  
               -0.00430386  -0.00250374  0.0350426  
               0.00493349  -0.000675334  0.0307698  
               0.00498927  -0.000108907  0.0475163  
               0.00492904  -0.000720492  0.0473997  
               -0.00447543  0.00218276  0.0124523  
               0.00402864  -0.00293469  0.00686129  
               -0.00459316  0.00196251  0.0375079  
               -0.000754099  -0.00492573  0.0294497  
               -0.00497316  0.000272543  0.00593359  
               -0.00492352  -0.000776553  0.00664651  
               -0.00262125  -0.00424106  0.0435619  
               0.00492983  -0.00071244  0.0480252  
               0.000834172  0.00491784  0.0218591  
               -0.00425855  -0.00258851  0.0112183  
               -0.00462887  -0.00188218  0.0125352  
               0.00467916  0.00171641  0.0240054  
               -0.00218161  -0.00447605  0.0269003  
               -0.003338  -0.00369764  0.0278138  
               -0.00298854  0.00398444  0.0398198  
               -0.00446039  -0.0022109  0.0482779  
               -0.00455088  0.0020416  0.0364232  
               -0.00340348  -0.00364391  0.0462983  
               -0.00359392  -0.00346439  0.0450285  
               -0.00179646  -0.00465488  0.0280726  
               -0.00421259  -0.0026745  0.0161838  
               -0.00467524  -0.00172934  0.015571  
               -0.00466501  -0.00176305  0.0167882  
               -0.0010561  -0.00487946  0.00776886  
               -0.00280445  0.00413552  0.0136109  
               -0.00463472  0.00186289  0.0472426  
               0.00465994  -0.00177976  0.0357343  
               0.00432322  -0.00246752  0.0346802  
               0.00124923  0.00482088  0.0107506  
               0.00192732  0.00461197  0.0202322  
               0.00483713  0.00119564  0.0196312  
               0.00498129  0.000189935  0.0195964  
               0.00321085  -0.00380199  0.00844015  
               0.00423834  0.00262633  0.0365486  
               -0.00276051  0.00416662  0.011768  
               -0.00169079  0.00468693  0.0107651  
               0.00496087  0.000397304  0.0272733  
               -0.0043241  0.00246589  0.0399268  
               -0.00366284  0.00338042  0.00742812  
               -0.00468372  -0.00170138  0.0105042  
               -0.00494064  -0.000602689  0.0104982  
               0.00490919  -0.000921994  0.0118547  
               0.00156846  -0.00472404  0.0172447  
               0.00256801  -0.00426951  0.0170096  
               -0.00376583  -0.00325492  0.0373049  
               -0.00486387  0.0011075  0.0233878  
               -0.00498447  0.000157713  0.0230097  
               0.00445196  -0.00222668  0.00609383  
               0.0047473  -0.00149178  0.0471615  
               0.000864087  0.00491489  0.0449096  
               -0.00497071  0.00029738  0.0240556  
               0.003798  0.00321572  0.0145585  
               -0.00480885  0.00128887  0.0432944  
               -0.0040603  0.0028961  0.0431964  
               -0.00465842  0.00178477  0.0443826  
               0.00445318  0.0022244  0.0230305  
               0.00488897  0.00102477  0.0231468  
               0.00442779  -0.0022719  0.0453183  
               -0.00123143  0.00482628  0.0393287  
               -0.000716337  0.00492945  0.0378041  
               0.00460183  0.00194628  0.0387191  
               -0.000667187  0.00493429  0.0146567  
               -0.00470749  -0.00162302  0.0333561  
               -0.00436477  -0.0023898  0.0316985  
               0.00434966  0.00241805  0.00971661  
               -0.00474812  -0.00148906  0.00346257  
               -0.00471795  -0.00158852  0.0478669  
               -0.00427562  -0.00255658  0.047835  
               -0.00411162  -0.00283357  0.00728007  
               -0.0046897  -0.00168167  0.0078685  
               0.00499071  9.42744e-05  0.0413535  
               0.00490475  -0.000967067  0.0412886  
               -0.00284789  -0.00409987  0.0195281  
               -0.0036889  -0.00334865  0.0195312  
               0.00177183  0.00466235  0.00782127  
               -0.000157874  0.00498445  0.0392621  
               0.00119973  0.00483589  0.00618193  
               -0.000398345  -0.00496077  0.0179334  
               -0.00499141  -8.72135e-05  0.0331082  
               -0.00488354  0.00104264  0.0366986  
               -0.00477784  -0.00139111  0.0219085  
               0.00497386  0.000265391  0.0162991  
               0.0028874  -0.00406744  0.0419093  
               -0.00452823  -0.00208398  0.00463155  
               0.000929382  -0.00490846  0.0457634  
               -0.00477352  0.00140536  0.0279776  
               -0.00467865  0.0017181  0.0291598  
               -0.00463801  -0.00185207  0.00598377  
               0.00382589  0.00318173  0.0242203  
               -0.00412875  -0.0028127  0.0334913  
               -0.00446303  0.00220595  0.0419571  
               0.00398288  -0.00299044  0.0362761  
               0.00374926  -0.00327511  0.0351115  
               0.0020456  0.00454875  0.0362497  
               -0.00388105  0.00311452  0.0487387  
               -0.00479643  0.00132982  0.0245021  
               -0.00439175  -0.00233932  0.0449959  
               0.00447026  -0.00219243  0.0370871  
               0.000181928  0.00498208  0.00898691  
               0.00111151  0.00486265  0.0085861  
               -0.00162556  0.00470672  0.0139204  
               -0.00127444  0.00481323  0.0127943  
               -0.00252147  0.00429438  0.0056474  
               0.00483368  -0.00120703  0.0483388  
               0.00465694  0.00178966  0.00609567  
               0.000443184  0.00495635  0.0164617  
               3.03822e-05  0.00499701  0.0155164  
               0.00368033  -0.0033591  0.020631  
               0.000530725  0.00494773  0.0432854  
               -0.00198337  0.00458201  0.0230954  
               -0.000121005  -0.00498808  0.0460308  
               -0.00320107  0.00381002  0.0347951  
               -0.00210356  0.00451776  0.0347015  
               -0.00480424  0.00130408  0.0173753  
               -0.00249428  0.00430892  0.0162354  
               0.00441339  -0.00229883  0.0114161  
               0.00116479  -0.00484649  0.0299171  
               0.00458044  -0.00198631  0.0166562  
               -0.000726776  -0.00492842  0.0106609  
               -0.000977105  0.00490342  0.0157209  
               0.0011854  0.00484024  0.0155689  
               0.004954  -0.000467011  0.015513  
               -0.00138145  -0.00478077  0.0232921  
               0.00268418  -0.00420742  0.0432495  
               0.00382659  -0.00318088  0.0196331  
               0.00441244  -0.00230062  0.0465454  
               -0.00496765  0.00032844  0.0202087  
               -0.00352449  0.0035446  0.0455269  
               0.00499381  -6.28902e-05  0.0385868  
               0.00326658  0.00375626  0.0017  
               -0.00468931  -0.00168296  0.036924  
               -0.00184297  -0.00464077  0.0247755  
               -0.00137142  -0.00478381  0.0463594  
               -0.00445804  -0.00221529  0.0212396  
               -0.00403865  -0.00292248  0.020645  
               -0.0039576  0.00302124  0.0370638  
               0.00492718  -0.000739382  0.0204519  
               0.0045629  -0.00201911  0.0205932  
               0.000595915  0.00494131  0.0128374  
               0.00285617  -0.00409307  0.030203  
               0.0027604  -0.00416668  0.028969  
               -0.0027372  -0.00417908  0.0248793  
               -0.00218824  0.0044725  0.014936  
               0.000229057  0.00497744  0.0115181  
               -0.00480972  -0.001286  0.0302712  
               0.000552382  0.0049456  0.0401227  
               -0.00100592  0.00489468  0.0403901  
               0.000260385  0.00497435  0.0414311  
               0.00291998  0.00404071  0.00295656  
               0.00308041  0.00390905  0.00228778  
               0.00448754  -0.00216011  0.0421972  
               0.00333204  0.00370254  0.0414644  
               -0.00492102  0.000801884  0.0302354  
               -6.01608e-05  0.00499407  0.0311398  
               2.71997e-05  -0.00499732  0.0322829  
               -0.00494253  -0.00058354  0.0460072  
               -0.00497466  -0.000257304  0.0407882  
               -0.00425731  -0.00259084  0.0438141  
               -0.000391273  -0.00496146  0.021952  
               -0.000934947  -0.00490792  0.040577  
               0.000572282  -0.00494364  0.0399813  
               -0.00498735  -0.000128481  0.0306312  
               -0.0049763  -0.000240629  0.0293162  
               0.00483433  -0.00120487  0.0424319  
               0.00102091  0.00489014  0.0230993  
               0.0021612  0.00448696  0.0238293  
               -0.00472048  0.00158019  0.0160242  
               -0.00110148  -0.0048657  0.0212335  
               -0.00316395  -0.00384049  0.0351372  
               -0.000455046  -0.00495518  0.0257873  
               -0.000361873  -0.00496436  0.0243629  
               0.00235949  0.00438097  0.0433943  
               0.00323742  0.00378019  0.0424634  
               -0.00146325  -0.00475595  0.0452379  
               0.000154432  -0.00498479  0.0374302  
               0.00497927  -0.000210449  0.0128477  
               -0.00428669  -0.00253587  0.0188193  
               0.0028021  -0.00413745  0.0448584  
               -0.0046632  -0.00176903  0.017821  
               -0.00423312  -0.0026361  0.0174605  
               0.00331388  -0.00371744  0.0267953  
               -0.00464665  0.00182358  0.0406266  
               -0.00144454  -0.00476163  0.0197004  
               -0.00214999  -0.00449295  0.0205404  
               -0.00499089  9.24999e-05  0.00907943  
               -0.00406487  0.00289054  0.0291922  
               -0.00382069  -0.00318807  0.0323635  
               -0.00438366  0.00235445  0.0353095  
               0.000282439  -0.00497218  0.0289607  
               -0.00356609  0.0034983  0.029824  
               0.00186495  0.0046341  0.0117516  
               0.00499328  -6.82738e-05  0.026357  
               -0.0048612  0.00111632  0.0138027  
               0.00222736  0.00445159  0.0217518  
               0.00494947  0.000513061  0.0212654  
               -0.00477935  0.00138611  0.0056243  
               0.0048822  0.00104706  0.016938  
               0.000764234  -0.00492473  0.0388641  
               -0.00118915  0.0048391  0.0421461  
               0.00277785  -0.00415735  0.0462274  
               0.00487808  -0.00106067  0.0389727  
               0.00490611  0.000953276  0.0264362  
               0.00492498  -0.00076174  0.00470248  
               -0.00499139  8.74526e-05  0.0182357  
               0.00090464  -0.0049109  0.0264536  
               0.00350461  -0.00356092  0.00252274  
               -0.00377408  0.00324487  0.0340995  
               -0.00106304  -0.00487736  0.0320558  
               -0.00497969  0.000206226  0.0428723  
               -0.00217805  -0.00447795  0.0445012  
               0.00399161  0.0029798  0.0128667  
               0.00456186  0.00202106  0.0124778  
               -0.00311383  -0.00388162  0.0184542  
               -0.00365484  -0.00339016  0.0168534  
               -0.00381676  -0.00319286  0.0357949  
               0.00205941  0.00454136  0.0446689  
               0.00487432  0.00107307  0.0409865  
               0.00471365  0.00160271  0.0420808  
               0.00441675  -0.00229254  0.0265857  
               0.00415765  -0.00277728  0.0257492  
               0.00411812  -0.00282565  0.0273785  
               -0.00496552  0.000350073  0.0254715  
               0.00305109  -0.00393311  0.0127695  
               0.00438405  -0.00235372  0.00499284  
               -0.00499198  -8.1473e-05  0.0220389  
               0.00467323  0.00173594  0.0399745  
               -0.00117661  0.0048429  0.00612149  
               0.00434538  0.00242607  0.027774  
               -0.00443573  -0.00225703  0.0287552  
               -0.00494276  -0.000581128  0.0246396  
               0.00462783  0.00188562  0.0269373  
               -0.00491254  -0.000887961  0.0162936  
               0.000319509  0.00496853  0.0365101  
               -0.00420787  -0.00268334  0.00996842  
               -0.00239792  -0.00436043  0.00764699  
               -0.00466588  0.0017602  0.0339847  
               0.00497664  0.000237166  0.0241541  
               0.00366157  0.00338195  0.00587803  
               -0.00496846  0.000320238  0.0315394  
               -0.00091887  -0.0049095  0.0368321  
               -0.00112259  0.00485929  0.0116898  
               0.00345891  0.00359842  0.0323001  
               0.00426568  0.00257518  0.032465  
               0.00463584  -0.00185921  0.0182229  
               0.00497821  0.000221232  0.0111233  
               0.00495165  0.00049091  0.00995103  
               0.00456706  0.00201134  0.0109199  
               0.0025139  -0.00429844  0.0340628  
               0.00234423  -0.00438912  0.00492609  
               0.00207287  -0.00453417  0.00622761  
               -0.00124488  0.0048222  0.0237446  
               -0.00439715  -0.00232922  0.0145483  
               -0.00426916  0.00256867  0.0326702  
               -0.00452956  0.00208149  0.0312687  
               -0.00033205  0.0049673  0.0230896  
               -0.00242923  0.00434369  0.0127011  
               -0.00300635  -0.00396982  0.00976662  
               0.00341617  -0.00363349  0.0341481  
               -0.00257304  -0.00426682  0.0454657  
               0.00134487  -0.00479186  0.0138372  
               0.00343967  -0.0036142  0.0323694  
               0.00281944  -0.00412322  0.0329954  
               -0.00464659  0.00182377  0.0268735  
               0.00498851  -0.000116655  0.00808277  
               0.00480075  -0.00131557  0.00791888  
               0.00494174  0.000591543  0.037761  
               0.00194586  -0.00460205  0.030943  
               -0.00343895  -0.0036148  0.0438938  
               -0.000514174  -0.00494936  0.0060958  
               -0.00427384  0.00255991  0.0453163  
               0.00236644  -0.00437725  0.0139662  
               -0.00251618  -0.00429722  0.00538167  
               -0.0041515  -0.00278498  0.0265859  
               -0.00419494  -0.00270752  0.0275929  
               -0.00383063  0.00317596  0.0445993  
               0.0049701  -0.000303558  0.0187077  
               0.00491254  -0.000888007  0.0217816  
               -0.00267461  0.00421253  0.0316656  
               -0.00341806  0.00363195  0.0239521  
               -0.00278989  0.00414747  0.0417134  
               0.00442426  -0.00227849  0.0191372  
               0.00114237  0.00485329  0.0242562  
               -0.00403106  -0.00293174  0.00293445  
               0.00144461  -0.00476161  0.0342436  
               -0.00493116  -0.000698977  0.0173112  
               0.00483522  -0.00120193  0.0316388  
               0.00356282  0.00350229  0.0226075  
               -0.00247456  0.00431946  0.0180883  
               -0.00132039  0.00479929  0.0184354  
               0.00121733  -0.00483055  0.0149939  
               0.00344341  -0.00361114  0.0103189  
               0.00400263  -0.00296637  0.00874286  
               0.000565082  -0.00494434  0.0446429  
               0.00284254  -0.00410426  0.0317068  
               0.0016249  -0.00470692  0.0127664  
               -0.00157067  -0.00472337  0.0398103  
               0.00323805  0.00377967  0.0211425  
               -0.0017452  -0.00467043  0.0296124  
               -0.00490425  0.000972165  0.0332685  
               0.00156306  -0.00472568  0.0286403  
               -0.00160963  0.00471155  0.0170944  
               -0.000478917  0.00495283  0.0168528  
               -0.00172959  -0.00467516  0.0258443  
               0.00496942  0.000310464  0.0348563  
               0.00188866  -0.00462691  0.0207313  
               -0.00484605  -0.00116625  0.00933814  
               -0.00433138  0.00245225  0.0167548  
               0.00228748  -0.00441946  0.0388316  
               -0.00127281  0.00481372  0.0319698  
               -0.00124132  0.00482327  0.0334416  
               0.00302782  -0.0039522  0.0189233  
               -0.00158608  -0.0047187  0.038719  
               -0.000465678  -0.00495413  0.0448627  
               -0.000176439  -0.00498262  0.0438949  
               0.00112052  0.00485992  0.0192438  
               0.00204011  0.00455168  0.0319631  
               0.0010695  0.0048754  0.0319785  
               0.00486273  -0.00111125  0.0376853  
               -0.00384299  0.0031609  0.0408662  
               0.00483478  0.0012034  0.00896335  
               0.00471521  -0.00159756  0.0100202  
               -0.00479754  0.00132615  0.0356805  
               -0.00493061  0.000704533  0.0348125  
               -0.00498184  0.00018435  0.0359966  
               -0.00364822  0.00339823  0.041995  
               0.00445436  0.00222219  0.00866414  
               0.000245168  -0.00497585  0.0187712  
               -0.00016701  -0.00498355  0.00967301  
               0.00482192  -0.00124578  0.0268702  
               0.00479072  0.00134864  0.0181498  
               0.00263891  -0.00423161  0.0154438  
               -0.00324341  -0.00377528  0.0134514  
               -0.00124694  -0.00482157  0.0442356  
               -0.00485619  -0.00113282  0.0430308  
               -0.0033599  0.00367967  0.0196327  
               -0.0036487  0.00339765  0.0325657  
               0.00313696  0.00386263  0.0200657  
               0.00138662  -0.0047792  0.0325506  
               -0.000512899  -0.00494948  0.0331854  
               0.00453792  -0.00206585  0.0220463  
               -0.00418313  -0.00272961  0.0384472  
               -0.00415183  -0.00278457  0.025548  
               0.00040625  -0.00495999  0.0107479  
               -0.0038095  0.00320171  0.0117502  
               0.00378811  -0.00322777  0.0445836  
               0.00453384  0.00207348  0.0171616  
               5.40806e-05  0.00499467  0.0176998  
               -0.0023156  -0.00440443  0.0408318  
               -0.00491557  -0.000857243  0.0207682  
               0.0010302  0.00488732  0.0352554  
               -0.00247427  -0.00431962  0.0289648  
               -0.00287896  -0.00407437  0.0235604  
               0.00140466  0.00477373  0.031017  
               -0.0046597  0.00178056  0.0256868  
               -0.00438314  0.00235542  0.0247733  
               0.00107777  0.00487289  0.0141605  
               -0.00464695  -0.00182257  0.0383978  
               -0.00427008  0.00256694  0.0383369  
               0.00255061  0.00427881  0.0401772  
               0.00379394  0.00322067  0.0401543  
               -0.00461204  0.00192719  0.0391311  
               0.0045287  0.0020831  0.020413  
               0.00219646  -0.00446811  0.0249458  
               0.00341465  -0.00363474  0.0253883  
               -0.00441951  -0.00228737  0.0425434  
               0.00409111  -0.00285856  0.0097493  
               0.00449948  -0.00213777  0.0442509  
               0.000596583  -0.00494124  0.0249198  
               -0.00165058  0.00469913  0.0369804  
               -5.17994e-05  0.0049949  0.0330801  
               0.00498472  -0.000155167  0.0253324  
               -0.00369131  0.00334572  0.00610773  
               -0.00476356  0.00143816  0.03231  
               0.00437624  -0.00236833  0.038283  
               -0.00493196  0.000690806  0.0165357  
               -0.00172917  -0.00467529  0.0186472  
               0.00466351  -0.00176801  0.0155945  
               -0.00223137  -0.00444945  0.033409  
               0.00490799  -0.000934179  0.017924  
               -0.00494636  -0.000544637  0.0350496  
               -0.00474215  -0.00150877  0.0346574  
               0.00498121  0.000190759  0.0442778  
               -0.00493169  -0.000693599  0.033989  
               0.00335123  0.00368679  0.0256724  
               -0.00115806  -0.00484853  0.0378124  
               0.00131957  0.00479954  0.0439725  
               0.00451896  -0.00210133  0.00861062  
               0.00189014  -0.00462646  0.0162502  
               0.0015916  0.00471702  0.039962  
               -0.000485966  -0.00495214  0.0118405  
               -0.00499351  -6.59363e-05  0.0279243  
               -0.0032526  0.00376773  0.0275092  
               0.000783888  0.00492279  0.0260547  
               0.00124353  0.00482261  0.0422326  
               0.00495042  -0.000503366  0.00930344  
               0.00493781  -0.000631387  0.010336  
               0.00314119  -0.00385917  0.0199181  
               0.00485495  -0.00113691  0.00261355  
               0.00221968  -0.00445569  0.0084751  
               0.00337605  -0.00366642  0.0281027  
               -0.00370876  0.00332446  0.0164787  
               0.00397722  0.00299733  0.021008  
               0.00495957  -0.00041045  0.0432998  
               0.00136867  -0.00478465  0.0255598  
               -0.00444304  -0.00224335  0.0200087  
               -0.004211  0.00267748  0.0261723  
               0.00149095  -0.00474755  0.0395673  
               -0.00488352  -0.00104274  0.0282296  
               0.00203433  0.00455477  0.0350917  
               -0.00492592  0.000752189  0.0292396  
               0.000476882  -0.00495303  0.0121607  
               0.0025188  0.00429581  0.0296941  
               0.00229023  -0.00441799  0.0195591  
               0.0049342  0.000668072  0.012277  
               0.000512027  -0.00494957  0.0332163  
               0.00254552  -0.00428153  0.0279536  
               -0.00381034  0.00320068  0.0205462  
               -0.00496427  -0.000362796  0.0438368  
               0.000659174  -0.00493508  0.0215748  
               -0.00383302  -0.00317304  0.0287342  
            </DataArray>
         </Points> 

         <Cells>
            <DataArray type="Int32" Name="connectivity" NumberOfComponents="1" format="ascii">
               
            </DataArray> 
            <DataArray type="Int32" Name="offsets" NumberOfComponents="1" format="ascii">
               
            </DataArray>
            <DataArray type="UInt8"  Name="types" NumberOfComponents="1" format="ascii">
               
            </DataArray>
         </Cells>
         <PointData Scalars="Rank " Vectors="DisplacementDelta Force ">
            <DataArray type="UInt32" Name="Rank" NumberOfComponents="1" format="ascii">
               0 0 0 0 0 0 0 0 0 0 0 0 0 0 0 0 0 0 0 0 0 0 0 0 0 0 0 0 0 0 0 0 0 0 0 0 0 0 0 0 0 0 0 0 0 0 0 0 0 0 0 0 0 0 0 0 0 0 0 0 0 0 0 0 0 0 0 0 0 0 0 0 0 0 0 0 0 0 0 0 0 0 0 0 0 0 0 0 0 0 0 0 0 0 0 0 0 0 0 0 0 0 0 0 0 0 0 0 0 0 0 0 0 0 0 0 0 0 0 0 0 0 0 0 0 0 0 0 0 0 0 0 0 0 0 0 0 0 0 0 0 0 0 0 0 0 0 0 0 0 0 0 0 0 0 0 0 0 0 0 0 0 0 0 0 0 0 0 0 0 0 0 0 0 0 0 0 0 0 0 0 0 0 0 0 0 0 0 0 0 0 0 0 0 0 0 0 0 0 0 0 0 0 0 0 0 0 0 0 0 0 0 0 0 0 0 0 0 0 0 0 0 0 0 0 0 0 0 0 0 0 0 0 0 0 0 0 0 0 0 0 0 0 0 0 0 0 0 0 0 0 0 0 0 0 0 0 0 0 0 0 0 0 0 0 0 0 0 0 0 0 0 0 0 0 0 0 0 0 0 0 0 0 0 0 0 0 0 0 0 0 0 0 0 0 0 0 0 0 0 0 0 0 0 0 0 0 0 0 0 0 0 0 0 0 0 0 0 0 0 0 0 0 0 0 0 0 0 0 0 0 0 0 0 0 0 0 0 0 0 0 0 0 0 0 0 0 0 0 0 0 0 0 0 0 0 0 0 0 0 0 0 0 0 0 0 0 0 0 0 0 0 0 0 0 0 0 0 0 0 0 0 0 0 0 0 0 0 0 0 0 0 0 0 0 0 0 0 0 0 0 0 0 0 0 0 0 0 0 0 0 0 0 0 0 0 0 0 0 0 0 0 0 0 0 0 0 0 0 0 0 0 0 0 0 0 0 0 0 0 0 0 0 0 0 0 0 0 0 0 0 0 0 0 0 0 0 0 0 0 0 0 0 0 0 0 0 0 0 0 0 0 0 0 0 0 0 0 0 0 0 0 0 0 0 0 0 0 0 0 0 0 0 0 0 0 0 0 0 0 0 0 0 0 0 0 0 0 0 0 0 0 0 0 0 0 0 0 0 0 0 0 0 0 0 0 0 0 0 0 0 0 0 0 0 0 0 0 0 0 0 0 0 0 0 0 0 0 0 0 0 0 0 0 0 0 0 0 0 0 0 0 0 0 0 0 0 0 0 0 0 0 0 0 0 0 0 0 0 0 0 0 0 0 0 0 0 0 0 0 0 0 0 0 0 0 0 0 0 0 0 0 0 0 0 0 0 0 0 0 0 0 0 0 0 0 0 0 0 0 0 0 0 0 0 0 0 0 0 0 0 0 0 0 0 0 0 0 0 0 0 0 0 0 0 0 0 0 0 0 0 0 0 0 0 0 0 0 0 0 0 0 0 0 0 0 0 0 0 0 0 0 0 0 0 0 0 0 0 0 0 0 0 0 0 0 0 0 0 0 0 0 0 0 0 0 0 0 0 0 0 0 0 0 0 0 0 0 0 0 0 0 0 0 0 0 0 0 0 0 0 0 0 0 0 0 0 0 0 0 0 0 0 0 0 0 0 0 0 0 0 0 0 0 0 0 0 0 0 0 0 0 0 0 0 0 0 0 0 0 0 0 0 0 0 0 0 0 0 0 0 0 0 0 0 0 0 0 0 0 0 0 0 0 0 0 0 0 0 0 0 0 0 0 0 0 0 0 0 0 0 0 0 0 0 0 0 0 0 0 0 0 0 0 0 0 0 0 0 0 0 0 0 0 0 0 0 0 0 0 0 0 0 0 0 0 0 0 0 0 0 0 0 0 0 0 0 0 0 0 0 0 0 0 0 0 0 0 0 0 0 0 0 0 0 0 0 0 0 0 0 0 0 0 0 0 0 0 0 0 0 0 0 0 0 0 0 0 0 0 0 0 0 0 0 0 0 0 0 0 0 0 0 0 0 0 0 0 0 0 0 0 0 0 0 0 0 0 0 0 0 0 0 0 0 0 0 0 0 0 0 0 0 0 0 0 0 0 0 0 0 0 0 0 0 0 0 0 0 0 0 0 0 0 0 0 0 0 0 0 0 0 0 0 0 0 0 0 0 0 0 0 0 0 0 0 0 0 0 0 0 0 0 0 0 0 0 0 0 0 0 0 0 0 0 0 0 0 0 0 0 0 0 0 0 0 0 0 0 0 0 0 0 0 0 0 0 0 0 0 0 0 0 0 0 0 0 0 0 0 0 0 0 0 0 0 0 0 0 0 0 0 0 0 0 0 0 0 0 0 0 0 0 0 0 0 0 0 0 0 0 0 0 0 0 0 0 0 0 0 0 0 0 0 0 0 0 0 0 0 0 0 0 0 0 0 0 0 0 0 0 0 0 0 0 0 0 0 0 0 0 0 0 0 0 0 0 0 0 0 0 0 0 0 0 0 0 0 0 0 0 0 0 0 0 0 
            </DataArray>
            <DataArray type="Float64" Name="DisplacementDelta" NumberOfComponents="3" format="ascii">
               0 0 0  0 0 0  0 0 0  0 0 0  0 0 0  0 0 0  0 0 0  0 0 0  0 0 0  0 0 0  0 0 0  0 0 0  0 0 0  0 0 0  0 0 0  0 0 0  0 0 0  0 0 0  0 0 0  0 0 0  0 0 0  0 0 0  0 0 0  0 0 0  0 0 0  0 0 0  0 0 0  0 0 0  0 0 0  0 0 0  0 0 0  0 0 0  0 0 0  0 0 0  0 0 0  0 0 0  0 0 0  0 0 0  0 0 0  0 0 0  0 0 0  0 0 0  0 0 0  0 0 0  0 0 0  0 0 0  0 0 0  0 0 0  0 0 0  0 0 0  0 0 0  0 0 0  0 0 0  0 0 0  0 0 0  0 0 0  0 0 0  0 0 0  0 0 0  0 0 0  0 0 0  0 0 0  0 0 0  0 0 0  0 0 0  0 0 0  0 0 0  0 0 0  0 0 0  0 0 0  0 0 0  0 0 0  0 0 0  0 0 0  0 0 0  0 0 0  0 0 0  0 0 0  0 0 0  0 0 0  0 0 0  0 0 0  0 0 0  0 0 0  0 0 0  0 0 0  0 0 0  0 0 0  0 0 0  0 0 0  0 0 0  0 0 0  0 0 0  0 0 0  0 0 0  0 0 0  0 0 0  0 0 0  0 0 0  0 0 0  0 0 0  0 0 0  0 0 0  0 0 0  0 0 0  0 0 0  0 0 0  0 0 0  0 0 0  0 0 0  0 0 0  0 0 0  0 0 0  0 0 0  0 0 0  0 0 0  0 0 0  0 0 0  0 0 0  0 0 0  0 0 0  0 0 0  0 0 0  0 0 0  0 0 0  0 0 0  0 0 0  0 0 0  0 0 0  0 0 0  0 0 0  0 0 0  0 0 0  0 0 0  0 0 0  0 0 0  0 0 0  0 0 0  0 0 0  0 0 0  0 0 0  0 0 0  0 0 0  0 0 0  0 0 0  0 0 0  0 0 0  0 0 0  0 0 0  0 0 0  0 0 0  0 0 0  0 0 0  0 0 0  0 0 0  0 0 0  0 0 0  0 0 0  0 0 0  0 0 0  0 0 0  0 0 0  0 0 0  0 0 0  0 0 0  0 0 0  0 0 0  0 0 0  0 0 0  0 0 0  0 0 0  0 0 0  0 0 0  0 0 0  0 0 0  0 0 0  0 0 0  0 0 0  0 0 0  0 0 0  0 0 0  0 0 0  0 0 0  0 0 0  0 0 0  0 0 0  0 0 0  0 0 0  0 0 0  0 0 0  0 0 0  0 0 0  0 0 0  0 0 0  0 0 0  0 0 0  0 0 0  0 0 0  0 0 0  0 0 0  0 0 0  0 0 0  0 0 0  0 0 0  0 0 0  0 0 0  0 0 0  0 0 0  0 0 0  0 0 0  0 0 0  0 0 0  0 0 0  0 0 0  0 0 0  0 0 0  0 0 0  0 0 0  0 0 0  0 0 0  0 0 0  0 0 0  0 0 0  0 0 0  0 0 0  0 0 0  0 0 0  0 0 0  0 0 0  0 0 0  0 0 0  0 0 0  0 0 0  0 0 0  0 0 0  0 0 0  0 0 0  0 0 0  0 0 0  0 0 0  0 0 0  0 0 0  0 0 0  0 0 0  0 0 0  0 0 0  0 0 0  0 0 0  0 0 0  0 0 0  0 0 0  0 0 0  0 0 0  0 0 0  0 0 0  0 0 0  0 0 0  0 0 0  0 0 0  0 0 0  0 0 0  0 0 0  0 0 0  0 0 0  0 0 0  0 0 0  0 0 0  0 0 0  0 0 0  0 0 0  0 0 0  0 0 0  0 0 0  0 0 0  0 0 0  0 0 0  0 0 0  0 0 0  0 0 0  0 0 0  0 0 0  0 0 0  0 0 0  0 0 0  0 0 0  0 0 0  0 0 0  0 0 0  0 0 0  0 0 0  0 0 0  0 0 0  0 0 0  0 0 0  0 0 0  0 0 0  0 0 0  0 0 0  0 0 0  0 0 0  0 0 0  0 0 0  0 0 0  0 0 0  0 0 0  0 0 0  0 0 0  0 0 0  0 0 0  0 0 0  0 0 0  0 0 0  0 0 0  0 0 0  0 0 0  0 0 0  0 0 0  0 0 0  0 0 0  0 0 0  0 0 0  0 0 0  0 0 0  0 0 0  0 0 0  0 0 0  0 0 0  0 0 0  0 0 0  0 0 0  0 0 0  0 0 0  0 0 0  0 0 0  0 0 0  0 0 0  0 0 0  0 0 0  0 0 0  0 0 0  0 0 0  0 0 0  0 0 0  0 0 0  0 0 0  0 0 0  0 0 0  0 0 0  0 0 0  0 0 0  0 0 0  0 0 0  0 0 0  0 0 0  0 0 0  0 0 0  0 0 0  0 0 0  0 0 0  0 0 0  0 0 0  0 0 0  0 0 0  0 0 0  0 0 0  0 0 0  0 0 0  0 0 0  0 0 0  0 0 0  0 0 0  0 0 0  0 0 0  0 0 0  0 0 0  0 0 0  0 0 0  0 0 0  0 0 0  0 0 0  0 0 0  0 0 0  0 0 0  0 0 0  0 0 0  0 0 0  0 0 0  0 0 0  0 0 0  0 0 0  0 0 0  0 0 0  0 0 0  0 0 0  0 0 0  0 0 0  0 0 0  0 0 0  0 0 0  0 0 0  0 0 0  0 0 0  0 0 0  0 0 0  0 0 0  0 0 0  0 0 0  0 0 0  0 0 0  0 0 0  0 0 0  0 0 0  0 0 0  0 0 0  0 0 0  0 0 0  0 0 0  0 0 0  0 0 0  0 0 0  0 0 0  0 0 0  0 0 0  0 0 0  0 0 0  0 0 0  0 0 0  0 0 0  0 0 0  0 0 0  0 0 0  0 0 0  0 0 0  0 0 0  0 0 0  0 0 0  0 0 0  0 0 0  0 0 0  0 0 0  0 0 0  0 0 0  0 0 0  0 0 0  0 0 0  0 0 0  0 0 0  0 0 0  0 0 0  0 0 0  0 0 0  0 0 0  0 0 0  0 0 0  0 0 0  0 0 0  0 0 0  0 0 0  0 0 0  0 0 0  0 0 0  0 0 0  0 0 0  0 0 0  0 0 0  0 0 0  0 0 0  0 0 0  0 0 0  0 0 0  0 0 0  0 0 0  0 0 0  0 0 0  0 0 0  0 0 0  0 0 0  0 0 0  0 0 0  0 0 0  0 0 0  0 0 0  0 0 0  0 0 0  0 0 0  0 0 0  0 0 0  0 0 0  0 0 0  0 0 0  0 0 0  0 0 0  0 0 0  0 0 0  0 0 0  0 0 0  0 0 0  0 0 0  0 0 0  0 0 0  0 0 0  0 0 0  0 0 0  0 0 0  0 0 0  0 0 0  0 0 0  0 0 0  0 0 0  0 0 0  0 0 0  0 0 0  0 0 0  0 0 0  0 0 0  0 0 0  0 0 0  0 0 0  0 0 0  0 0 0  0 0 0  0 0 0  0 0 0  0 0 0  0 0 0  0 0 0  0 0 0  0 0 0  0 0 0  0 0 0  0 0 0  0 0 0  0 0 0  0 0 0  0 0 0  0 0 0  0 0 0  0 0 0  0 0 0  0 0 0  0 0 0  0 0 0  0 0 0  0 0 0  0 0 0  0 0 0  0 0 0  0 0 0  0 0 0  0 0 0  0 0 0  0 0 0  0 0 0  0 0 0  0 0 0  0 0 0  0 0 0  0 0 0  0 0 0  0 0 0  0 0 0  0 0 0  0 0 0  0 0 0  0 0 0  0 0 0  0 0 0  0 0 0  0 0 0  0 0 0  0 0 0  0 0 0  0 0 0  0 0 0  0 0 0  0 0 0  0 0 0  0 0 0  0 0 0  0 0 0  0 0 0  0 0 0  0 0 0  0 0 0  0 0 0  0 0 0  0 0 0  0 0 0  0 0 0  0 0 0  0 0 0  0 0 0  0 0 0  0 0 0  0 0 0  0 0 0  0 0 0  0 0 0  0 0 0  0 0 0  0 0 0  0 0 0  0 0 0  0 0 0  0 0 0  0 0 0  0 0 0  0 0 0  0 0 0  0 0 0  0 0 0  0 0 0  0 0 0  0 0 0  0 0 0  0 0 0  0 0 0  0 0 0  0 0 0  0 0 0  0 0 0  0 0 0  0 0 0  0 0 0  0 0 0  0 0 0  0 0 0  0 0 0  0 0 0  0 0 0  0 0 0  0 0 0  0 0 0  0 0 0  0 0 0  0 0 0  0 0 0  0 0 0  0 0 0  0 0 0  0 0 0  0 0 0  0 0 0  0 0 0  0 0 0  0 0 0  0 0 0  0 0 0  0 0 0  0 0 0  0 0 0  0 0 0  0 0 0  0 0 0  0 0 0  0 0 0  0 0 0  0 0 0  0 0 0  0 0 0  0 0 0  0 0 0  0 0 0  0 0 0  0 0 0  0 0 0  0 0 0  0 0 0  0 0 0  0 0 0  0 0 0  0 0 0  0 0 0  0 0 0  0 0 0  0 0 0  0 0 0  0 0 0  0 0 0  0 0 0  0 0 0  0 0 0  0 0 0  0 0 0  0 0 0  0 0 0  0 0 0  0 0 0  0 0 0  0 0 0  0 0 0  0 0 0  0 0 0  0 0 0  0 0 0  0 0 0  0 0 0  0 0 0  0 0 0  0 0 0  0 0 0  0 0 0  0 0 0  0 0 0  0 0 0  0 0 0  0 0 0  0 0 0  0 0 0  0 0 0  0 0 0  0 0 0  0 0 0  0 0 0  0 0 0  0 0 0  0 0 0  0 0 0  0 0 0  0 0 0  0 0 0  0 0 0  0 0 0  0 0 0  0 0 0  0 0 0  0 0 0  0 0 0  0 0 0  0 0 0  0 0 0  0 0 0  0 0 0  0 0 0  0 0 0  0 0 0  0 0 0  0 0 0  0 0 0  0 0 0  0 0 0  0 0 0  0 0 0  0 0 0  0 0 0  0 0 0  0 0 0  0 0 0  0 0 0  0 0 0  0 0 0  0 0 0  0 0 0  0 0 0  0 0 0  0 0 0  0 0 0  0 0 0  0 0 0  0 0 0  0 0 0  0 0 0  0 0 0  0 0 0  0 0 0  0 0 0  0 0 0  0 0 0  0 0 0  0 0 0  0 0 0  0 0 0  0 0 0  0 0 0  0 0 0  0 0 0  0 0 0  0 0 0  0 0 0  0 0 0  0 0 0  0 0 0  0 0 0  0 0 0  0 0 0  0 0 0  0 0 0  0 0 0  0 0 0  0 0 0  0 0 0  0 0 0  0 0 0  0 0 0  0 0 0  0 0 0  0 0 0  0 0 0  0 0 0  0 0 0  0 0 0  0 0 0  0 0 0  0 0 0  0 0 0  0 0 0  0 0 0  0 0 0  0 0 0  0 0 0  0 0 0  0 0 0  0 0 0  0 0 0  0 0 0  0 0 0  0 0 0  0 0 0  0 0 0  0 0 0  0 0 0  0 0 0  0 0 0  0 0 0  0 0 0  0 0 0  0 0 0  0 0 0  0 0 0  0 0 0  0 0 0  0 0 0  0 0 0  0 0 0  0 0 0  0 0 0  0 0 0  0 0 0  0 0 0  0 0 0  0 0 0  0 0 0  0 0 0  0 0 0  0 0 0  0 0 0  0 0 0  0 0 0  0 0 0  0 0 0  0 0 0  0 0 0  0 0 0  0 0 0  0 0 0  0 0 0  0 0 0  0 0 0  0 0 0  0 0 0  0 0 0  0 0 0  0 0 0  0 0 0  0 0 0  0 0 0  0 0 0  0 0 0  0 0 0  0 0 0  0 0 0  0 0 0  0 0 0  0 0 0  0 0 0  0 0 0  0 0 0  0 0 0  0 0 0  0 0 0  0 0 0  0 0 0  0 0 0  0 0 0  0 0 0  0 0 0  0 0 0  0 0 0  0 0 0  0 0 0  0 0 0  0 0 0  0 0 0  0 0 0  0 0 0  0 0 0  0 0 0  0 0 0  0 0 0  0 0 0  0 0 0  0 0 0  0 0 0  0 0 0  0 0 0  0 0 0  0 0 0  0 0 0  0 0 0  0 0 0  0 0 0  0 0 0  0 0 0  0 0 0  0 0 0  0 0 0  0 0 0  0 0 0  0 0 0  0 0 0  0 0 0  0 0 0  0 0 0  0 0 0  0 0 0  0 0 0  0 0 0  0 0 0  0 0 0  0 0 0  0 0 0  0 0 0  0 0 0  0 0 0  0 0 0  0 0 0  0 0 0  0 0 0  0 0 0  0 0 0  0 0 0  0 0 0  0 0 0  0 0 0  0 0 0  0 0 0  0 0 0  0 0 0  0 0 0  0 0 0  0 0 0  0 0 0  0 0 0  0 0 0  0 0 0  0 0 0  0 0 0  0 0 0  0 0 0  0 0 0  0 0 0  0 0 0  0 0 0  0 0 0  0 0 0  0 0 0  0 0 0  0 0 0  0 0 0  0 0 0  0 0 0  0 0 0  0 0 0  0 0 0  0 0 0  0 0 0  0 0 0  0 0 0  0 0 0  0 0 0  0 0 0  0 0 0  0 0 0  0 0 0  0 0 0  0 0 0  0 0 0  0 0 0  0 0 0  0 0 0  0 0 0  0 0 0  0 0 0  0 0 0  0 0 0  0 0 0  0 0 0  0 0 0  0 0 0  0 0 0  0 0 0  0 0 0  0 0 0  0 0 0  0 0 0  0 0 0  0 0 0  0 0 0  0 0 0  0 0 0  0 0 0  0 0 0  0 0 0  0 0 0  0 0 0  0 0 0  0 0 0  0 0 0  0 0 0  0 0 0  0 0 0  0 0 0  0 0 0  0 0 0  0 0 0  0 0 0  0 0 0  0 0 0  0 0 0  0 0 0  0 0 0  0 0 0  0 0 0  0 0 0  0 0 0  0 0 0  0 0 0  0 0 0  0 0 0  0 0 0  0 0 0  0 0 0  0 0 0  0 0 0  0 0 0  0 0 0  0 0 0  0 0 0  0 0 0  0 0 0  0 0 0  0 0 0  0 0 0  0 0 0  0 0 0  0 0 0  0 0 0  0 0 0  0 0 0  0 0 0  0 0 0  0 0 0  0 0 0  0 0 0  0 0 0  0 0 0  0 0 0  0 0 0  0 0 0  0 0 0  0 0 0  0 0 0  0 0 0  0 0 0  0 0 0  0 0 0  0 0 0  0 0 0  0 0 0  0 0 0  0 0 0  0 0 0  0 0 0  0 0 0  0 0 0  0 0 0  0 0 0  0 0 0  0 0 0  0 0 0  0 0 0  0 0 0  0 0 0  0 0 0  0 0 0  0 0 0  0 0 0  0 0 0  0 0 0  0 0 0  0 0 0  0 0 0  0 0 0  0 0 0  0 0 0  0 0 0  0 0 0  0 0 0  0 0 0  0 0 0  0 0 0  0 0 0  0 0 0  0 0 0  0 0 0  0 0 0  0 0 0  0 0 0  0 0 0  0 0 0  0 0 0  0 0 0  0 0 0  0 0 0  0 0 0  0 0 0  
            </DataArray>
            <DataArray type="Float64" Name="Force" NumberOfComponents="3" format="ascii">
               0 0 0  -9.03137e-09 -3.88293e-09 3.17773e-10  1.78723e-06 -4.97384e-06 -6.58367e-12  1.30594e-06 -3.07725e-06 2.67863e-10  -2.09525e-08 -8.09368e-08 1.44441e-09  -1.98557e-08 -4.30998e-08 -6.66512e-10  2.68327e-05 -0.000103606 -2.13272e-06  2.03435e-07 -1.93118e-06 4.92392e-09  -2.94087e-07 -1.54258e-06 -1.78839e-08  -1.13295e-07 -1.94121e-06 -6.30311e-09  2.20851e-08 5.6073e-08 -1.09243e-09  0.000103421 -8.08293e-05 -8.32992e-08  0.000224053 -2.14754e-05 -8.49029e-07  7.63553e-06 2.13767e-05 -7.49142e-09  8.28631e-06 1.46824e-05 -4.52279e-09  1.60621e-05 2.1259e-05 -2.67911e-08  -3.86031e-08 -4.98869e-08 1.90671e-09  6.44889e-05 -6.86321e-05 2.78427e-06  1.14782e-09 1.67619e-07 -4.453e-10  8.52794e-08 4.08531e-07 -7.00518e-10  -2.74961e-08 5.71241e-07 8.63711e-09  0 0 0  0.000176602 8.98986e-05 -1.11564e-07  2.57979e-08 -3.78767e-08 -1.68127e-10  -2.47299e-09 -2.7863e-08 -1.53952e-10  -4.3949e-08 -1.26119e-08 -6.30184e-10  2.05524e-08 -4.55523e-09 -4.54563e-10  0 0 0  2.14941e-08 -2.26886e-08 -8.84123e-10  8.44922e-09 -7.26931e-09 3.63503e-10  0.000155702 0.000147456 9.46034e-07  0.000147887 0.00010392 8.58328e-07  -1.02451e-07 -2.56093e-07 3.60024e-09  0 0 0  -4.30967e-05 8.81825e-05 2.91058e-06  -4.16336e-05 8.48396e-05 2.61311e-07  7.81213e-09 -4.34513e-09 2.78281e-10  6.2998e-08 -9.02874e-08 -2.34677e-10  6.42178e-05 2.74986e-06 3.11707e-08  3.2471e-05 4.65506e-06 1.33079e-08  3.36695e-05 -4.83877e-06 6.32576e-09  -4.41638e-05 -0.000141732 -1.13434e-07  -1.89989e-05 -0.00012386 5.73786e-07  8.61957e-08 -8.11991e-08 -5.3907e-10  3.06497e-07 -3.28096e-07 6.89132e-09  0 0 0  -2.20443e-06 3.04641e-06 -2.41454e-10  -5.78466e-06 4.96059e-06 1.19148e-09  -5.91223e-05 0.000184849 8.54408e-07  0 0 0  4.86841e-05 7.86906e-05 2.7116e-06  -9.19803e-05 -0.000107498 -9.13823e-08  -6.96927e-05 -0.000126411 -1.58481e-07  5.314e-05 4.62067e-05 2.08992e-06  0 0 0  9.06656e-05 7.2181e-05 -1.17435e-07  4.81939e-05 9.81964e-05 -2.35985e-06  0.000138625 6.88085e-05 1.48134e-06  -0.000148159 5.55146e-05 -2.22607e-07  -4.3053e-05 2.38883e-05 1.46858e-06  -9.49842e-05 3.54899e-05 -1.02901e-07  6.65097e-09 -3.6453e-08 -4.19921e-10  0 0 0  -7.89746e-05 -0.000184824 8.65322e-07  7.07766e-05 -6.33337e-06 -6.97158e-08  0 0 0  -2.82112e-06 5.84492e-07 4.62628e-08  -1.62942e-06 -3.62201e-07 6.90878e-10  -2.41765e-06 -1.81802e-07 2.37232e-08  5.65764e-05 5.96374e-05 -2.24044e-06  -2.2654e-07 -3.03071e-06 3.62149e-12  -2.1248e-07 -7.16355e-06 1.98007e-10  -0.000132389 -0.00015329 1.11719e-06  0 0 0  -9.94309e-09 1.04577e-08 4.72741e-10  0.000274361 5.49402e-06 2.10639e-07  -4.03733e-05 -0.00019986 1.21445e-06  -5.01942e-08 -2.999e-06 3.23471e-10  3.6423e-07 -1.94712e-06 7.48927e-11  1.24796e-06 -1.49157e-06 -5.84242e-09  1.11087e-06 -9.36568e-07 9.78405e-10  0 0 0  5.15599e-08 -1.1915e-07 -2.49014e-10  2.66609e-08 -1.27436e-07 -1.98847e-10  -5.0629e-06 -9.82065e-05 2.96372e-06  8.3799e-08 6.80285e-08 -3.26566e-09  2.9872e-07 2.99444e-07 7.40501e-11  0 0 0  4.03596e-08 -1.63849e-08 -6.622e-10  -4.11028e-09 5.52103e-08 -7.87492e-10  1.86584e-06 -4.38908e-06 4.9574e-11  3.04515e-06 -3.58071e-06 8.01474e-11  -3.50735e-06 -1.86125e-06 -1.40646e-09  2.38366e-06 5.76814e-06 -6.34399e-13  3.86037e-06 6.10946e-06 1.1447e-09  1.83403e-06 2.63427e-06 3.1022e-10  0 0 0  -4.50737e-06 2.46117e-06 7.36384e-10  -5.36179e-06 2.87778e-06 1.05074e-11  -5.13572e-06 1.24345e-06 1.18057e-10  -1.27455e-08 4.45179e-08 -5.86562e-10  -5.30866e-08 6.68748e-09 -7.60349e-10  3.09731e-05 -0.000153227 2.96088e-06  7.198e-05 -0.00011055 5.20737e-07  2.9377e-05 -7.01314e-05 -4.57546e-08  7.66807e-06 3.18228e-06 6.96913e-10  9.10206e-06 1.98638e-06 1.68486e-09  0 0 0  -6.78068e-09 2.9111e-09 2.40192e-10  0.000131894 -3.77354e-05 1.63962e-06  -0.000287344 -0.000107152 3.14601e-07  0 0 0  0.000133639 -5.11106e-05 -2.42118e-07  0.000138737 -8.0349e-05 -7.24091e-08  7.77843e-05 -5.70534e-05 2.27527e-07  -0.000262152 -3.70074e-05 -1.30941e-06  -7.148e-05 -6.15028e-05 2.74672e-06  -4.56078e-07 -2.53408e-07 -5.58924e-09  -1.43806e-08 -1.33276e-07 -4.23397e-10  3.92765e-10 -7.83942e-09 2.54588e-10  -2.48481e-08 -3.20992e-08 -1.164e-09  -6.21383e-09 -6.5253e-09 2.94653e-10  -7.58108e-05 6.51687e-05 3.05909e-06  -7.38832e-05 7.77716e-05 -1.87066e-06  0 0 0  7.90076e-05 -3.56602e-05 1.93953e-06  0.00016557 -0.000102455 2.2248e-07  6.54746e-09 4.23239e-08 -1.21967e-09  -3.30909e-05 0.000100776 -8.7799e-07  -1.8718e-05 5.67718e-05 -5.11783e-07  -1.32503e-05 8.5816e-05 7.39476e-07  2.1877e-06 -4.11821e-06 4.67362e-11  3.14532e-06 -3.39001e-06 2.29653e-11  -1.48604e-05 1.75778e-05 1.32936e-07  -2.61886e-05 3.62301e-05 -1.18257e-07  -1.28966e-05 2.90416e-05 2.94121e-07  6.33041e-05 -8.17409e-05 -1.98177e-06  0.000131819 -6.62901e-05 1.43821e-06  7.96499e-05 -0.000185139 7.3755e-07  2.58489e-05 -7.03833e-05 -2.12776e-06  -1.14332e-05 -3.47379e-05 -2.79825e-07  1.79049e-05 7.07744e-05 2.17599e-06  1.40321e-08 -1.43004e-09 4.90758e-10  2.80573e-05 -0.000139597 -1.92802e-07  3.93928e-05 -9.23984e-05 -1.54859e-07  2.01194e-05 -0.000204489 1.12291e-06  -2.22718e-08 3.05869e-08 -4.09529e-10  -9.55181e-05 9.78239e-06 2.81363e-06  -0.000183353 4.63918e-05 7.1198e-07  1.31426e-07 4.54435e-08 -2.73543e-10  3.57134e-08 1.71906e-08 -9.96157e-12  3.69063e-05 6.62015e-05 2.9513e-07  2.2359e-05 4.48492e-05 -2.79714e-07  4.50705e-05 5.35952e-05 -7.47917e-07  6.29635e-08 -4.36889e-08 1.19824e-09  -1.3009e-08 8.5413e-08 -2.51329e-09  -4.61113e-06 -8.77479e-05 2.69002e-07  2.49964e-05 -0.000132374 -1.16853e-06  2.77294e-06 -3.04708e-06 -2.54146e-09  -1.39426e-07 -8.8858e-07 2.57087e-10  0.000110792 -0.000135071 -1.6037e-06  3.96033e-07 -3.24919e-07 -3.45622e-09  -1.71136e-05 -5.0485e-05 5.62075e-07  0 0 0  7.20112e-05 1.98562e-05 1.56882e-06  3.00613e-09 1.1642e-08 3.94374e-10  2.58566e-08 6.89754e-08 2.24018e-09  -1.58789e-05 0.000104397 -2.11107e-06  -1.48076e-07 -2.33994e-08 -2.93277e-10  -6.3248e-08 -1.98507e-08 1.99327e-09  4.29064e-07 2.28723e-07 1.06818e-08  3.34676e-07 1.33028e-07 -2.07846e-10  1.28803e-06 2.72743e-07 6.77961e-09  -4.42134e-08 -7.09397e-08 -2.44495e-09  5.3691e-06 0.000105442 -1.95404e-06  0 0 0  0 0 0  4.61943e-05 -7.47054e-05 2.59125e-06  -9.60837e-06 7.93384e-07 9.44497e-08  -1.1599e-05 -2.04723e-06 -1.54173e-07  -1.58761e-05 9.04649e-07 -5.28892e-08  9.25759e-06 -1.30034e-05 4.15477e-09  6.30326e-06 -1.00858e-05 2.47395e-09  -0.0002388 7.55957e-06 -2.23786e-06  -1.22651e-07 5.26284e-08 4.0237e-09  3.38518e-07 4.77471e-07 7.20605e-09  -3.25565e-06 3.71355e-06 2.26871e-10  -2.85529e-06 3.91682e-06 5.3742e-11  -2.05157e-06 -9.50434e-06 1.6801e-09  -4.78487e-06 -8.55475e-06 9.3456e-09  3.31463e-06 -1.89714e-06 8.87945e-11  6.37e-05 0.000172382 7.24954e-07  2.63014e-07 4.7718e-08 5.15348e-11  -6.48407e-05 2.78386e-05 2.11285e-06  6.93877e-05 1.99274e-05 8.09828e-08  0.000120459 1.11472e-05 -9.93823e-07  -4.13969e-06 2.61126e-06 7.29712e-10  -1.96194e-06 1.78758e-06 2.39711e-10  -1.54863e-07 7.28737e-09 -2.3428e-10  -3.89861e-07 3.99831e-08 3.43843e-09  -1.60716e-06 2.02908e-06 1.85622e-09  1.21932e-07 -1.00587e-08 -4.74262e-10  3.7008e-08 -8.50263e-09 5.64857e-10  0.000185356 -5.41225e-05 -1.37553e-06  -1.80012e-08 1.54456e-08 -6.72698e-10  -4.79791e-05 -9.78348e-05 -1.59314e-06  -3.49089e-05 -0.00011953 1.31203e-06  -2.31435e-05 -0.000116019 4.34258e-07  1.9194e-06 -9.74305e-07 1.33421e-10  1.16739e-06 -3.08726e-07 4.06326e-11  1.71911e-06 -7.88328e-07 -8.89273e-10  2.69368e-05 0.000104219 -2.11305e-06  2.16589e-06 -1.69357e-06 9.38622e-11  3.34371e-06 -1.37262e-06 8.86988e-11  7.16778e-07 -1.90041e-07 4.35676e-10  1.25552e-06 1.46813e-09 4.71081e-10  1.82677e-06 -4.15818e-07 2.99239e-10  4.91636e-06 -2.92709e-06 9.60762e-11  6.92661e-06 9.32734e-05 8.8303e-07  2.47606e-07 6.76044e-07 -8.94584e-09  2.97485e-07 4.44311e-07 9.34512e-10  8.80854e-08 1.58036e-07 -4.55035e-10  2.39011e-08 -9.2492e-08 2.79643e-09  8.61225e-09 -2.10908e-08 -1.90529e-10  -1.31828e-07 2.24071e-07 3.19444e-09  -2.36652e-07 4.39784e-07 -4.28508e-09  -8.50365e-08 2.49282e-07 3.22838e-09  -0.000134678 3.51881e-05 -1.37189e-07  -4.74818e-08 -2.63406e-08 1.64086e-09  -9.95776e-06 1.21726e-05 -1.09181e-07  -1.21416e-05 1.28816e-05 7.33735e-08  -1.15703e-05 9.89482e-06 -1.12862e-07  -3.1875e-06 -3.76872e-06 3.4622e-10  -1.88757e-06 -3.3625e-06 1.04661e-09  -1.71067e-06 -4.6595e-06 9.78244e-10  -2.09526e-08 6.58225e-09 -6.24726e-10  -2.26999e-06 -5.92349e-06 -1.87637e-09  5.85989e-10 1.15901e-08 3.76752e-10  2.47323e-05 5.11515e-05 -1.65432e-06  3.10586e-05 0.000103219 -2.30381e-07  5.49368e-08 1.47955e-08 2.9883e-11  5.70448e-08 5.88264e-08 2.30154e-09  -3.9356e-07 -2.44542e-07 -2.8002e-10  0 0 0  -2.73193e-05 9.04941e-06 -5.4649e-10  1.53538e-07 8.90802e-08 -6.41516e-10  1.93603e-08 1.32357e-08 -5.88405e-10  8.16546e-08 -1.94925e-07 -6.10942e-10  1.52315e-07 -7.30033e-08 -1.6305e-09  0 0 0  1.31896e-07 -3.7507e-08 8.53597e-10  9.80931e-09 8.3943e-09 3.87157e-10  1.55191e-06 1.50208e-06 -3.51656e-09  1.23194e-06 9.11354e-07 1.85872e-09  1.14583e-06 8.99597e-07 1.21435e-09  7.84084e-05 -6.7413e-05 -2.004e-06  -4.35817e-08 -3.30244e-09 -5.61904e-10  3.68253e-07 2.5095e-07 -4.71971e-09  -2.93326e-07 -6.0157e-07 -9.84805e-09  -1.60631e-05 8.35635e-06 2.20346e-07  -1.14695e-05 2.66103e-06 1.00144e-07  -1.40568e-05 7.67896e-06 -1.03848e-07  -6.08489e-09 -9.77384e-09 3.7346e-10  -2.07756e-06 -1.45689e-06 2.76676e-09  -2.52068e-06 -1.02869e-06 -1.79229e-08  2.51428e-06 -5.19425e-05 -1.50556e-06  4.26653e-06 -1.30624e-05 2.35943e-09  -1.28836e-06 3.03641e-06 1.77223e-09  -6.50445e-05 -0.000132566 -1.53168e-06  1.34681e-06 9.47566e-07 9.20735e-10  1.54591e-06 8.35055e-07 1.08503e-10  1.86699e-08 1.9281e-08 -7.27224e-10  -0.000183592 8.97367e-05 8.47018e-07  -8.85221e-05 6.16645e-05 -2.26889e-06  -7.33883e-07 2.31812e-07 7.09958e-09  -5.60458e-07 6.8526e-10 5.15881e-09  -0.00022645 -0.00013793 -1.18904e-06  -5.39743e-05 -4.64083e-05 -2.0138e-06  -0.000134001 -8.75627e-05 1.93268e-06  4.57861e-05 -7.52896e-05 3.59934e-07  9.6653e-05 2.56858e-05 7.11206e-07  -1.77882e-07 4.52815e-08 -3.82941e-10  -0.000102005 1.58684e-05 -1.28682e-07  -0.000107383 7.49053e-05 2.00626e-06  -2.1591e-06 3.15022e-07 -9.09425e-09  -5.90868e-06 -7.55787e-06 5.0657e-09  -5.29316e-06 -3.92665e-06 -2.09739e-08  -5.77535e-06 -5.94975e-06 3.72611e-10  0 0 0  2.61339e-05 0.000172966 7.29566e-07  8.39191e-08 -2.51605e-06 1.18186e-10  0 0 0  -1.62125e-06 2.01701e-06 1.17567e-10  5.80959e-06 3.00723e-06 1.17265e-10  3.14827e-06 1.80845e-06 1.02577e-09  0.000101286 3.16859e-05 -1.6578e-06  -5.61858e-05 -9.03131e-05 -2.19448e-06  -2.86617e-06 4.54034e-06 6.29013e-10  4.87864e-08 -4.42711e-07 -3.44706e-09  3.41149e-06 -6.99012e-05 2.06287e-06  -4.98818e-05 6.30027e-06 -1.74218e-07  -3.48221e-05 -5.29616e-06 -3.89173e-08  2.66275e-06 1.6367e-06 3.66871e-11  1.51455e-06 1.51404e-06 2.72469e-11  3.42569e-06 2.17426e-06 4.61746e-11  2.447e-06 -1.69627e-06 -8.02161e-11  4.4445e-06 -4.01105e-06 4.99935e-10  4.17237e-06 -3.45695e-06 2.09877e-10  -0.000115859 0.000167045 8.66815e-07  -7.46995e-09 5.21443e-09 3.04775e-10  0 0 0  -1.73174e-07 6.76994e-07 -1.0112e-08  2.53673e-06 2.76487e-06 1.24566e-10  2.91308e-06 2.22446e-06 1.61075e-10  1.50863e-06 8.66707e-07 3.49885e-11  3.91063e-06 1.48959e-06 9.14575e-11  3.22566e-05 6.70492e-05 2.12319e-06  1.39722e-06 5.1111e-06 8.22713e-11  1.04728e-06 4.16381e-07 1.45774e-09  1.78942e-06 5.26078e-07 -7.89945e-10  -1.33496e-07 -1.4043e-07 1.55911e-09  -1.23585e-07 -1.06066e-07 4.86119e-09  -2.512e-07 -3.45413e-07 4.5844e-09  -3.182e-07 6.51414e-07 6.6473e-09  -7.35206e-07 1.17726e-06 -2.02344e-08  -2.70121e-08 -1.63614e-08 -1.62706e-10  8.94288e-07 -6.351e-06 8.27439e-10  1.25863e-06 6.79528e-06 1.88e-10  -6.85983e-05 5.88783e-05 2.68392e-07  -4.47332e-05 0.000120794 4.90923e-07  1.92894e-05 -8.89777e-06 4.32469e-10  5.61579e-05 -1.23807e-05 1.62815e-08  -3.24523e-07 -2.82736e-06 7.97093e-09  -2.1088e-07 -2.08888e-06 1.2321e-08  4.35624e-06 -1.30894e-07 1.77483e-10  -1.53584e-08 -1.31818e-08 -5.77301e-10  6.21917e-05 -0.000112843 -8.52451e-08  0 0 0  -1.04017e-06 -4.10917e-06 2.90916e-11  -4.22311e-06 -7.57909e-06 4.37273e-10  -1.81311e-06 -6.05535e-06 1.27004e-09  1.53338e-07 -5.35727e-07 6.01215e-09  -7.55836e-06 7.4276e-05 -5.1533e-08  -1.29516e-05 4.98757e-05 1.53107e-06  -1.00358e-07 1.14147e-07 -9.83997e-10  3.831e-06 2.43033e-06 5.16019e-11  4.03255e-06 2.08682e-06 -4.24776e-12  -7.28727e-05 0.000132323 -1.19095e-07  -6.89655e-05 3.82581e-05 -2.28512e-06  -5.63837e-05 4.84762e-05 -2.20167e-06  6.23647e-08 5.66313e-09 7.3119e-10  -8.16449e-08 5.6839e-08 -2.90536e-09  -4.44468e-07 1.21408e-06 1.97178e-08  -4.45521e-07 1.65849e-06 -2.42045e-08  -3.20854e-06 -1.53177e-06 2.64874e-10  -1.89732e-06 -1.36983e-06 1.00482e-10  2.07184e-06 3.27168e-06 1.32879e-10  8.76945e-07 2.64897e-06 1.04345e-10  7.69794e-07 1.66812e-06 5.94341e-11  1.71478e-06 2.69747e-06 1.26385e-10  8.5572e-07 1.2297e-06 -8.74966e-11  2.35091e-06 2.15253e-06 2.43585e-10  3.27026e-06 -1.07518e-06 -8.93253e-12  5.73661e-06 -9.98539e-08 3.19019e-11  7.50021e-08 -4.08954e-08 -3.02681e-09  2.04898e-07 -1.50108e-07 9.91182e-10  1.12977e-07 -6.04655e-08 4.39268e-09  0 0 0  -1.96296e-05 7.54747e-05 -2.30696e-06  -5.62157e-08 -3.9123e-08 -1.99765e-09  -2.77397e-06 2.02256e-06 1.12987e-10  -3.84705e-06 5.00523e-06 1.77658e-10  -2.70247e-06 4.23273e-06 3.01843e-11  0 0 0  4.17473e-05 6.72508e-05 -2.23181e-06  -1.75359e-08 3.57515e-08 -1.13931e-09  7.67862e-07 1.13695e-06 2.55264e-10  -5.84081e-08 -3.48555e-06 7.46878e-11  7.44668e-07 -3.42886e-06 1.05616e-11  1.15871e-06 -5.64114e-06 7.95573e-11  -1.93659e-05 0.000125747 4.82646e-07  5.60926e-05 -5.1183e-05 7.86942e-07  2.60346e-05 -2.1672e-05 -1.41456e-09  3.84078e-05 -4.78882e-05 -2.05332e-07  0 0 0  -8.09014e-06 -7.62796e-06 5.9391e-08  -7.23818e-06 -4.04068e-06 -1.27914e-07  5.10224e-06 1.84578e-06 1.70739e-10  -8.82744e-07 -4.2538e-06 5.13831e-11  6.08681e-07 -4.26078e-06 4.30537e-11  -4.98959e-07 -4.22371e-06 5.10842e-11  -2.10002e-06 -7.74184e-07 1.34816e-11  -4.46118e-06 -1.42224e-06 -4.07327e-10  -4.52051e-06 -7.82894e-07 2.798e-10  -2.0565e-07 2.65905e-07 8.7268e-10  3.69433e-06 -1.90404e-06 9.51664e-11  1.87397e-06 -6.76992e-07 2.42504e-11  2.82079e-06 -2.15736e-06 1.29376e-09  -4.09882e-06 -7.91592e-05 -2.31257e-06  -5.58513e-07 1.19778e-06 1.30358e-08  -8.27384e-05 0.000131699 4.17648e-08  -5.26894e-05 4.50569e-05 5.93777e-07  -1.37013e-06 5.69865e-06 1.39994e-10  -1.40698e-06 2.95258e-06 -2.96754e-11  8.62054e-06 -5.97651e-06 1.54107e-09  8.66707e-06 -9.26657e-06 2.4609e-09  -0.00010102 7.02459e-05 5.05278e-07  4.21357e-07 -4.25956e-06 2.09673e-10  -1.94457e-07 1.83393e-07 -5.87967e-10  8.53732e-09 -1.6903e-07 8.5579e-10  -9.43623e-05 -3.50737e-05 -5.9913e-08  -0.000213344 -2.79956e-05 3.53116e-07  3.67089e-06 4.00432e-06 1.97328e-10  2.42144e-06 4.68477e-06 -8.58595e-11  2.46852e-06 3.54634e-06 2.6498e-10  0 0 0  -1.53929e-06 -2.38171e-06 6.03186e-09  2.29967e-06 6.11492e-07 1.06212e-10  2.75583e-06 1.42319e-06 9.21384e-11  2.03458e-06 2.9929e-07 1.1834e-10  3.1048e-06 -5.46339e-08 1.9683e-10  2.62518e-06 3.49749e-06 1.02205e-10  -1.85798e-06 -1.64265e-06 -1.65362e-08  -2.97208e-06 -2.93276e-06 1.69271e-08  -1.54633e-06 -2.42969e-06 2.38708e-10  1.1576e-06 -4.97374e-06 1.49261e-10  1.88472e-06 -5.03263e-06 -2.13305e-11  -3.89135e-06 7.63885e-05 -2.24823e-06  -3.299e-07 2.54355e-07 -4.66134e-10  -4.61526e-07 5.23476e-07 -6.71769e-09  -6.69233e-06 2.59986e-06 1.99407e-10  -3.66216e-06 6.0276e-07 -8.23658e-10  3.63781e-05 4.33285e-05 3.06122e-07  -2.15654e-06 1.95496e-06 2.277e-10  -2.79331e-06 4.51551e-06 -2.36437e-11  -1.07795e-07 7.50222e-08 3.92956e-09  0 0 0  -4.97916e-05 -5.23681e-05 2.30224e-07  -4.6203e-05 -5.60862e-05 7.8985e-07  -4.50214e-06 8.93362e-05 2.7643e-06  3.2356e-06 1.40881e-07 7.2571e-11  0 0 0  -1.81238e-06 4.01156e-06 7.59149e-11  -4.92454e-05 6.34193e-05 -2.38284e-06  4.10017e-06 -3.28465e-06 8.4778e-11  3.92668e-07 2.77289e-06 6.63639e-10  4.68923e-07 2.56124e-06 1.76489e-09  1.48015e-06 -1.84528e-06 -1.56074e-09  1.10156e-06 -2.25982e-06 4.85083e-09  -2.47351e-06 -8.58085e-07 -4.28647e-10  4.47474e-06 -1.18905e-06 4.49274e-10  -6.35084e-05 -0.000101186 -1.22358e-06  2.68689e-05 4.53013e-05 1.43394e-06  -9.22787e-08 3.95886e-08 -2.92452e-09  -2.71801e-06 -2.49502e-06 2.41942e-10  -3.5389e-06 -3.05892e-06 5.18845e-11  -1.26642e-05 -2.29458e-05 -1.09657e-08  -4.2263e-05 -4.69731e-05 -8.29996e-07  -1.14211e-07 8.23848e-07 9.16398e-09  -3.90087e-06 -8.01521e-07 4.21268e-10  -2.71691e-06 -2.15168e-07 -5.12291e-10  -3.974e-06 -1.33001e-06 -1.75305e-10  -0.000187335 8.10398e-06 -1.97498e-06  1.62645e-06 3.94805e-06 5.42638e-11  1.49485e-06 4.8945e-06 8.88633e-11  2.44023e-07 3.86963e-06 5.30022e-11  2.1982e-07 -3.94381e-07 -3.70592e-09  -1.96311e-06 -2.01889e-07 -2.95239e-08  -2.13095e-06 3.24862e-07 -8.47153e-10  -5.20333e-07 1.417e-07 -4.65184e-09  -3.72567e-05 1.58711e-05 5.99509e-07  6.84375e-06 1.49482e-06 1.83059e-10  4.30206e-06 -2.98227e-06 4.01964e-10  2.37197e-06 -2.34453e-06 1.26297e-10  0 0 0  3.72357e-06 1.58871e-07 7.38783e-11  2.51994e-06 2.30443e-06 8.53781e-11  -2.1603e-06 -2.89204e-06 -1.04911e-08  -3.88019e-07 -1.10344e-06 1.06113e-08  5.63734e-06 -5.57077e-06 9.16709e-10  2.44831e-05 7.93651e-05 -5.8427e-07  2.6593e-07 -7.2841e-06 1.45936e-09  -6.5056e-07 -3.99257e-06 8.75554e-11  9.7345e-07 -1.36862e-06 4.13738e-11  1.08944e-06 1.89799e-06 2.20119e-11  2.64676e-06 3.4623e-06 5.17258e-11  3.31741e-06 3.03952e-06 7.78406e-11  -7.02119e-07 -2.42947e-07 7.27377e-09  -4.43332e-07 2.75353e-07 -4.2262e-10  5.74821e-06 1.04245e-05 2.35426e-09  2.20922e-08 3.49869e-08 -1.17295e-09  -1.66203e-06 3.14227e-06 1.64448e-08  -2.06108e-06 2.11709e-06 -2.96489e-08  -1.99527e-06 2.62526e-06 1.02125e-08  -1.56383e-07 -5.01766e-06 9.77252e-11  -3.26872e-06 -6.29774e-07 1.07815e-08  -2.56461e-06 -7.15608e-07 -1.33249e-08  -2.97515e-06 -3.66811e-06 1.90135e-10  -1.55947e-06 -4.48706e-06 1.67094e-10  -1.86595e-06 -3.13487e-06 9.12108e-12  4.58035e-07 -4.6321e-07 -5.8288e-09  1.76837e-05 2.3044e-05 -2.60698e-08  2.22819e-06 6.45638e-06 3.33265e-10  6.5495e-08 -1.78236e-08 -1.79513e-09  6.17465e-08 -2.66551e-08 1.51104e-09  -4.22023e-08 -3.62393e-08 1.6811e-09  1.55046e-06 8.04545e-07 -7.22675e-10  -2.39074e-06 -4.13036e-07 1.701e-11  -4.583e-06 -1.45895e-06 -1.63515e-10  0 0 0  -4.43211e-07 2.67971e-06 1.26244e-09  -5.5529e-07 4.41161e-06 9.49493e-10  2.67484e-08 2.70723e-09 4.99053e-11  2.33596e-08 -1.61234e-09 4.49907e-11  6.68021e-05 3.79719e-05 2.8811e-08  2.4582e-06 3.88022e-06 3.06961e-11  5.80392e-06 6.54759e-06 8.81559e-10  1.4081e-05 1.13466e-05 2.07874e-09  2.81852e-06 3.07888e-06 6.46781e-11  1.03415e-06 1.79996e-06 2.60866e-11  -3.60787e-06 -1.02879e-06 -4.24718e-08  -7.98671e-06 -6.69794e-07 3.62792e-08  -1.92376e-07 -1.50472e-07 -6.36339e-10  3.02086e-06 -8.02967e-07 8.78768e-11  -6.24623e-05 6.25856e-06 6.0298e-07  -0.000115249 4.66828e-05 -7.94927e-07  -4.02904e-06 3.57508e-06 1.42851e-10  4.48427e-05 3.08914e-05 5.08562e-08  3.13687e-06 2.95491e-06 -2.44558e-10  -7.7461e-06 -7.46504e-06 3.98603e-08  0.000120638 2.50651e-05 -1.1996e-06  0.000130694 -6.07179e-06 -1.48785e-07  4.96056e-06 1.88924e-06 8.90158e-11  4.24301e-06 1.84305e-07 4.99237e-11  2.10521e-06 5.59765e-07 2.32865e-11  2.37682e-07 3.74983e-06 6.25376e-11  -9.24886e-06 1.81272e-05 -4.61206e-08  -1.42459e-06 -3.3781e-06 1.61488e-09  -1.57556e-06 -2.65094e-06 -1.0523e-09  -5.86012e-06 -8.34776e-06 -3.19668e-08  2.42669e-07 -6.26833e-06 1.35915e-09  -1.35285e-08 0.000106198 -1.41427e-07  -6.72222e-06 2.67378e-06 1.15159e-08  -6.86077e-06 4.30402e-06 -5.54159e-10  -2.45722e-07 -3.62584e-08 -7.06754e-10  3.34094e-06 -4.38674e-07 1.00362e-10  -4.75801e-05 5.00417e-05 1.99669e-06  -0.000101134 0.000132382 -1.83758e-06  1.31812e-05 1.43783e-05 8.2905e-09  2.69108e-06 -3.78805e-06 -5.35034e-10  5.87488e-07 -1.47443e-06 3.73445e-09  2.65053e-07 -1.38339e-06 -1.54463e-08  3.92363e-07 -2.5514e-06 8.7904e-10  1.01345e-07 -2.69963e-06 -2.86209e-10  -4.49046e-07 -3.53352e-06 7.44743e-10  -1.79697e-06 2.90793e-06 -1.56959e-10  -1.36856e-06 4.9923e-06 3.96072e-11  1.80063e-05 1.4133e-05 1.34166e-09  0.000108081 1.08846e-05 1.7899e-09  -1.68346e-06 4.36731e-05 4.55861e-07  -3.26355e-06 -3.48802e-06 8.40085e-09  3.28863e-06 6.74357e-07 2.93025e-11  -1.49426e-06 -4.39417e-06 4.40551e-09  -5.05906e-08 2.80904e-08 1.75437e-09  -1.67077e-08 9.26951e-09 -5.40665e-10  1.21374e-05 5.18791e-10 1.04359e-09  4.71868e-06 1.61559e-06 9.56738e-11  3.63985e-06 1.14025e-06 8.67333e-11  3.90518e-06 1.69462e-07 8.92864e-11  2.9411e-06 -1.35954e-06 4.42926e-11  4.20156e-06 -9.24138e-07 8.24882e-11  2.72333e-06 -5.59761e-07 6.46289e-11  2.6614e-06 -2.31059e-07 6.73696e-11  2.48833e-06 -8.15516e-07 1.05172e-10  -1.24817e-06 4.80754e-06 -5.50378e-11  -3.58328e-07 4.05982e-06 5.33093e-12  4.24743e-08 9.29377e-07 -9.12171e-10  6.72429e-06 -4.6058e-05 -1.56123e-08  8.55049e-06 -5.77629e-05 1.41659e-08  1.36829e-05 -3.61347e-05 -2.92658e-08  2.80595e-05 6.99014e-05 -1.83374e-07  3.29239e-06 2.75911e-06 6.61561e-11  -9.64376e-05 0.000118746 6.6418e-08  -2.77037e-05 -2.14025e-05 -1.09436e-08  -7.94734e-05 -6.15358e-05 -4.83456e-08  -2.92847e-06 3.02337e-06 3.47568e-09  -3.16619e-07 6.45839e-06 1.93074e-10  -4.31027e-06 -2.29726e-06 1.63465e-10  3.75902e-05 5.68002e-05 -1.44299e-07  0 0 0  -3.47643e-06 2.30719e-06 1.23981e-10  -1.2595e-06 -1.8633e-06 2.09955e-11  -7.64056e-06 -2.09005e-05 -1.38124e-08  -8.74344e-06 -2.00806e-05 -1.68476e-07  -5.98128e-07 6.69962e-06 1.20177e-10  -1.74024e-06 4.16325e-06 8.13268e-11  -6.8655e-07 5.50873e-06 8.08769e-11  0 0 0  2.63498e-05 8.79363e-06 8.20255e-10  -3.39014e-07 -8.61664e-08 -8.56307e-10  -2.35702e-06 -2.43642e-06 1.95157e-10  -2.01584e-06 -2.63701e-06 4.8274e-11  5.30172e-06 -1.81305e-06 6.58509e-11  4.4527e-06 -7.80984e-07 4.72713e-11  -9.64181e-07 -2.34169e-07 -9.13327e-09  2.54204e-06 4.011e-06 1.79225e-10  8.31929e-05 3.02585e-05 2.96335e-08  0.000108663 1.92073e-05 2.97822e-07  -7.50224e-06 4.40686e-06 4.71529e-08  -6.52828e-06 7.24285e-06 2.23248e-09  -8.0857e-06 7.25365e-06 -1.10502e-08  -1.79049e-06 4.2803e-06 5.76697e-11  9.99141e-07 -3.21101e-05 2.74689e-07  6.75687e-09 8.72282e-09 3.35403e-10  -2.52978e-06 -2.3216e-06 4.0168e-11  -2.44763e-06 5.62973e-06 2.54757e-10  3.03455e-06 6.23811e-07 8.81502e-11  5.14667e-06 -9.19544e-08 1.0712e-10  7.40867e-06 8.54602e-06 2.51784e-09  -8.01757e-06 5.46105e-08 -4.16354e-08  3.50032e-06 7.16148e-05 2.0667e-06  -1.8617e-06 -2.42461e-06 -2.80491e-10  -3.2394e-06 -2.55368e-06 -3.25707e-10  -2.84882e-07 1.58107e-07 6.93227e-10  -0.000100034 -0.000105196 1.38249e-06  3.01305e-06 1.85068e-06 5.17488e-11  4.4904e-06 1.40609e-06 1.31154e-10  -5.9077e-05 3.28357e-05 -9.90008e-07  -3.97493e-06 2.1754e-06 1.56016e-10  4.63863e-06 -8.43369e-06 -1.55675e-10  1.11867e-05 -3.00989e-05 4.76779e-09  -1.62269e-06 4.5962e-06 9.01638e-11  1.46979e-06 -9.15559e-07 2.79799e-09  1.12903e-06 -1.16872e-06 -2.08093e-09  -1.16432e-05 2.22266e-05 -5.83482e-08  -3.53194e-06 -7.93123e-06 7.2767e-10  -3.16551e-07 3.57828e-06 5.57371e-11  7.20813e-07 2.17898e-06 4.60253e-11  1.07853e-06 2.6211e-06 -4.87566e-10  -3.41428e-06 3.49445e-07 -4.3383e-10  4.92719e-06 -3.02664e-06 6.62803e-10  7.4513e-06 -2.69584e-06 1.2977e-09  1.37719e-05 -4.99363e-06 3.07337e-09  -2.73932e-06 -9.00813e-07 -1.97318e-08  9.34193e-07 1.81178e-06 -4.32399e-10  3.32562e-07 1.49445e-06 -5.82316e-10  2.09602e-07 8.0038e-07 -7.88289e-09  2.42725e-06 3.83101e-06 3.20012e-11  1.70783e-06 4.14476e-06 5.83842e-12  -8.95861e-05 -1.57342e-05 9.29047e-08  -3.45732e-05 -5.37761e-06 -4.25364e-08  -4.815e-06 -1.57161e-05 4.7238e-07  -8.29167e-06 2.51199e-06 5.51175e-08  1.91087e-06 2.43277e-07 1.60934e-12  -1.76087e-05 1.09128e-05 -1.6949e-07  7.16368e-07 -1.97332e-08 4.32892e-10  3.72425e-06 -9.89895e-07 1.86635e-10  1.9344e-06 -2.71994e-06 4.84612e-11  1.71763e-06 -4.03833e-06 7.26571e-11  5.52565e-05 4.21519e-05 2.45107e-08  6.33594e-05 5.24373e-05 -3.10169e-07  0.000151942 7.44172e-05 -1.39646e-06  6.20252e-07 3.34694e-06 1.51414e-10  -2.24483e-05 -2.5167e-05 3.72243e-07  5.84021e-06 4.39523e-05 -9.9167e-08  -3.61791e-06 -3.07938e-07 1.78447e-08  -1.24359e-06 6.08625e-08 -1.29427e-09  -2.00023e-06 3.38794e-07 -2.14512e-08  6.62173e-05 8.56748e-05 -1.88937e-06  -1.9188e-05 -2.37434e-05 5.2533e-08  -2.30962e-05 -1.59151e-05 -4.05533e-07  4.14042e-07 -1.01981e-06 6.59515e-10  4.3113e-07 -1.2709e-06 3.6618e-09  -1.02997e-07 1.62762e-06 1.73335e-09  -7.22005e-07 1.54322e-06 9.48266e-09  5.61436e-06 4.55262e-06 4.15883e-10  6.19604e-06 5.37215e-06 5.82226e-10  3.00668e-06 2.37331e-06 2.63934e-10  5.77329e-06 3.18796e-06 1.45306e-10  -1.05098e-05 4.67402e-05 -3.13311e-08  -6.31899e-06 8.3075e-05 -1.07732e-06  -2.58777e-07 4.73109e-06 -7.583e-10  -5.86684e-07 5.77556e-06 7.58296e-10  -1.64309e-05 4.37629e-06 -1.42493e-07  1.06429e-05 6.88337e-05 7.73814e-07  -8.38391e-08 2.01603e-05 2.27157e-08  -4.13453e-06 1.69543e-05 -4.13272e-08  2.16765e-05 0.000125064 1.26622e-06  4.76534e-06 -3.51273e-06 1.04903e-10  -2.42934e-06 7.05593e-07 2.15371e-10  2.98285e-06 -2.0679e-06 1.17629e-10  3.80792e-06 -4.64128e-06 -6.53485e-12  3.95262e-06 -2.49534e-06 -6.1402e-12  5.22101e-08 -4.09951e-06 1.4322e-10  3.45093e-05 -3.99459e-05 7.38784e-08  1.438e-05 -1.40898e-05 1.76813e-08  1.15808e-05 -1.60571e-05 2.13336e-08  -5.4423e-06 -1.60795e-06 3.42185e-08  8.81578e-08 7.63771e-09 3.42844e-11  -3.20209e-07 -9.43763e-07 -3.43425e-09  -3.3534e-06 -0.000111278 4.19577e-07  1.80809e-05 -7.4736e-05 -1.21135e-06  -2.4871e-06 -1.4492e-06 -5.80239e-09  2.93308e-06 -4.25904e-07 4.88956e-11  3.19788e-07 1.71774e-09 8.89698e-11  1.98434e-07 -1.77108e-08 6.15217e-10  -9.29702e-06 4.30428e-06 -8.11682e-09  2.67342e-05 -1.84765e-05 -1.01464e-09  -2.82958e-06 1.24961e-06 -4.84028e-08  -3.31528e-07 -2.04109e-06 3.63503e-11  -5.92731e-05 2.98399e-06 -3.2527e-08  -2.75223e-05 -4.18301e-06 -1.86917e-08  -6.09715e-07 -9.68804e-07 1.06511e-08  1.19839e-07 -1.05576e-08 -5.63234e-10  1.11159e-06 5.51646e-06 7.96836e-11  -1.67924e-05 -1.04228e-05 4.13116e-08  -1.01571e-05 -3.83284e-06 1.54249e-07  3.21726e-06 1.05986e-06 2.71227e-11  -1.95064e-06 -3.89507e-06 5.82565e-11  -2.10715e-06 -2.44391e-06 2.27214e-10  -2.04094e-06 2.51325e-06 -1.14191e-08  -1.65713e-07 -7.11421e-08 9.64393e-10  -1.97599e-06 9.42452e-07 2.46171e-08  -6.16112e-07 -6.49022e-07 -1.31607e-08  -6.56709e-07 -6.49508e-07 9.11783e-09  -7.00725e-07 -2.01532e-06 5.10753e-11  -4.18415e-06 -2.64741e-06 -6.38793e-10  -3.38018e-06 -1.26299e-06 1.11878e-10  -3.15247e-06 -1.16277e-06 -4.75898e-10  -6.97787e-06 -3.72641e-05 -9.69711e-09  -3.09166e-06 4.71281e-06 4.323e-09  -2.00259e-07 8.59613e-08 -6.41684e-09  3.8608e-06 -1.32047e-06 -1.72803e-11  2.91175e-06 -1.84053e-06 9.15376e-11  2.93553e-06 1.1101e-05 7.43203e-09  1.582e-06 3.42814e-06 8.68564e-11  3.68905e-06 9.80665e-07 2.29337e-11  5.06845e-06 2.18692e-07 9.97646e-11  1.88577e-05 -2.22133e-05 2.41113e-08  2.03169e-06 1.41587e-06 6.99033e-11  -6.7975e-06 9.5827e-06 2.80968e-08  -3.77455e-06 8.93024e-06 2.70583e-08  3.25323e-06 9.42934e-08 3.80093e-11  -2.22907e-06 1.32049e-06 -9.47481e-10  -2.8633e-05 2.39226e-05 -5.33755e-07  -1.12867e-05 -4.03856e-06 1.09389e-07  -2.46156e-05 -2.18149e-06 -1.06841e-08  9.23457e-06 -1.9094e-06 1.02967e-10  1.38662e-06 -4.04865e-06 7.3656e-10  3.14804e-06 -4.8439e-06 5.3226e-10  -2.62113e-06 -2.33539e-06 2.39673e-08  -2.26853e-06 6.59852e-07 -1.20292e-11  -3.55453e-06 1.52261e-07 -1.15602e-09  5.09299e-05 -2.6192e-05 2.13193e-08  3.56659e-07 -9.8351e-08 1.61873e-09  2.10933e-07 1.16028e-06 -1.75048e-08  -3.51e-06 3.61323e-07 4.22389e-10  6.07666e-06 5.06323e-06 -5.3151e-11  -2.47734e-06 7.73452e-07 9.38395e-10  -1.33803e-06 9.2453e-07 2.42918e-08  -9.89101e-07 4.2186e-07 -1.14066e-08  4.09548e-06 2.12025e-06 8.105e-11  3.35848e-06 6.8729e-07 2.4204e-11  1.49438e-06 -8.55362e-07 -1.04297e-09  -8.26763e-07 2.78645e-06 3.93912e-11  -6.54687e-07 4.15535e-06 3.54036e-10  2.0075e-06 7.91408e-07 2.03979e-10  -4.83627e-07 4.78114e-06 1.22284e-09  -3.32938e-06 -1.37125e-06 -1.21561e-08  -3.97815e-06 -2.28395e-06 -2.43351e-09  1.78247e-05 1.02547e-05 4.83798e-09  -0.000185832 -5.86009e-05 6.68534e-08  -1.14728e-07 -3.60059e-08 -3.54602e-09  -1.08591e-07 -6.02683e-08 -3.64653e-09  -3.49849e-05 -2.42948e-05 6.35533e-07  -3.3326e-05 -1.22629e-05 -5.74791e-08  1.10886e-06 1.04732e-09 6.34835e-11  1.59949e-06 -3.2371e-07 2.34686e-10  -2.67207e-06 -4.34914e-06 2.67651e-10  -2.83712e-06 -2.6024e-06 9.14936e-12  1.71222e-05 3.94278e-05 -1.62392e-07  -5.98237e-08 2.40084e-06 2.32841e-09  1.95776e-05 7.43047e-05 4.12779e-07  -3.11001e-07 -4.16004e-06 1.81473e-10  -2.25168e-06 2.55963e-08 -3.11249e-09  -2.82381e-06 5.11997e-07 5.02201e-09  -3.62691e-06 -9.72752e-07 3.51253e-10  4.77011e-06 1.44451e-07 3.00656e-10  6.95698e-07 -1.00119e-06 -6.34787e-10  -6.37077e-05 -3.29241e-05 7.75051e-07  7.13442e-08 -5.01208e-07 1.3008e-09  -3.19324e-06 9.30704e-07 8.05989e-10  -3.93239e-06 1.53691e-06 -1.53757e-09  -8.40093e-05 -3.58586e-05 3.31155e-08  5.30917e-06 4.449e-06 7.77652e-11  -2.29655e-06 -1.60118e-06 7.8384e-09  -2.28454e-06 1.14168e-06 -1.465e-08  2.46537e-06 -2.04472e-06 2.74203e-11  1.87776e-06 -1.6543e-06 1.43892e-11  8.91771e-07 2.25469e-06 5.86196e-11  -6.33766e-08 5.44144e-08 2.50207e-09  -3.36882e-06 9.78005e-07 3.26274e-10  -1.34197e-06 -7.42444e-07 1.00003e-08  3.35118e-06 -1.83632e-06 -1.70553e-10  2.26228e-07 3.00518e-05 -4.97899e-08  3.62268e-06 1.48888e-05 7.57291e-09  -2.86635e-06 8.09206e-06 9.38138e-10  -2.20551e-06 7.9755e-06 8.68296e-09  -3.26311e-05 5.40661e-05 7.31486e-08  0 0 0  7.9871e-05 2.88332e-05 5.60518e-08  7.79336e-07 5.51533e-06 7.41826e-10  1.50714e-07 6.04311e-06 -1.8481e-10  2.77e-06 -2.43396e-06 5.35433e-12  9.56489e-08 1.60676e-06 1.20877e-08  -1.20981e-06 2.61611e-06 9.70274e-11  -3.39686e-09 -4.50396e-07 -4.83523e-10  -1.67367e-06 2.12521e-06 -3.01356e-09  -1.43473e-06 3.1837e-06 9.87525e-11  -5.39555e-06 1.82309e-06 4.64454e-10  -3.00991e-06 5.7289e-06 1.08957e-09  1.52794e-05 -8.42281e-06 2.23268e-09  1.28572e-06 -3.94532e-06 5.80775e-11  2.79529e-06 -1.29246e-06 3.20565e-11  -1.69701e-06 -1.17791e-05 -9.09123e-09  -1.27432e-06 5.35538e-06 8.03209e-10  1.98228e-06 6.26447e-06 6.57683e-10  8.42556e-06 -7.40367e-07 1.80662e-09  -1.33503e-06 -4.45255e-06 1.09463e-10  9.39382e-07 -1.57768e-06 -2.01354e-09  2.99316e-06 -2.34182e-06 2.59938e-10  4.8016e-07 -2.47038e-07 1.3226e-10  -3.86101e-06 3.96479e-07 9.98894e-10  -8.08095e-07 8.12803e-07 9.24535e-10  1.41579e-06 6.10224e-10 4.97536e-11  4.605e-05 6.07897e-05 2.23256e-06  -2.85081e-06 -1.08554e-06 2.07564e-08  -1.67188e-06 -4.20856e-06 5.68237e-11  -1.72855e-07 -6.5814e-07 6.56101e-09  -2.30023e-06 -1.09654e-06 -3.38405e-10  -2.92961e-06 -2.38655e-06 3.83915e-10  -2.87579e-06 2.27924e-06 1.54183e-08  4.83843e-06 -6.31325e-07 1.84555e-10  4.5931e-06 -1.88828e-06 6.25554e-11  1.28853e-06 9.05817e-06 1.54036e-10  1.9227e-06 -2.39661e-06 8.75001e-11  2.30648e-06 -3.55851e-06 6.88138e-11  -1.27086e-06 -1.88002e-06 -1.00501e-11  -2.78178e-06 5.2725e-06 5.10809e-10  5.53811e-07 1.51664e-05 -1.08597e-10  -2.9809e-06 -7.93763e-07 1.02206e-09  8.31867e-08 1.57052e-06 2.74672e-09  -3.49687e-07 1.88823e-06 -8.70513e-09  4.23965e-08 2.71761e-06 1.99116e-08  6.48538e-05 8.8628e-05 -1.25109e-06  6.9616e-05 8.40517e-05 -2.6303e-07  1.23559e-06 -6.50113e-07 -4.49722e-11  1.15666e-06 1.30883e-06 -5.58367e-10  -3.1042e-06 7.09988e-07 -3.49972e-10  1.37341e-07 5.318e-06 1.49539e-10  4.36201e-08 -3.84608e-06 4.81576e-10  -9.95085e-07 -1.00133e-07 1.52799e-08  -2.31208e-06 -2.36406e-07 3.31614e-08  -1.32424e-06 -7.3449e-07 -2.21432e-08  -2.67203e-07 -3.57455e-06 4.91357e-11  -3.02713e-07 -1.91214e-06 -2.66818e-08  2.71676e-07 -1.94654e-06 1.16365e-08  -4.2045e-06 -1.36407e-07 6.97362e-09  -2.13475e-06 -1.6433e-07 -5.56415e-10  1.89345e-06 -4.10646e-07 3.07904e-10  9.02442e-07 5.38292e-06 8.17109e-11  2.79633e-06 5.0809e-06 3.54996e-11  -4.74214e-06 1.38521e-06 8.26138e-10  -9.93495e-07 -4.78667e-06 -1.13088e-11  -2.34808e-06 -2.99125e-06 -7.51271e-09  -5.23869e-07 -4.41678e-06 5.2354e-11  -5.34585e-07 -4.51957e-06 3.76764e-11  1.157e-06 2.26645e-06 1.48276e-08  1.34636e-06 1.63202e-06 6.15485e-09  -1.69381e-07 -5.27769e-07 -7.19253e-10  1.51831e-07 -3.10924e-06 -1.54135e-09  5.10925e-06 -4.44146e-07 1.53299e-09  -3.41859e-06 -2.16757e-06 4.88418e-10  6.2206e-07 -9.28136e-07 1.18823e-08  -5.52898e-06 -2.03384e-06 2.41406e-10  -4.92289e-06 -3.21172e-06 4.27595e-10  2.19693e-06 -2.43493e-06 4.01163e-11  -2.19521e-06 8.6982e-07 9.676e-10  -1.13677e-06 -3.61113e-06 1.70427e-10  -1.70188e-06 -3.27596e-06 7.45346e-11  -2.91289e-05 5.77638e-07 2.30788e-07  -2.54539e-06 1.64222e-06 6.4239e-10  -2.11624e-06 -1.92586e-06 -1.42157e-09  -3.06496e-06 1.58769e-06 2.37871e-09  2.33948e-07 -4.20465e-06 2.99749e-11  -1.94543e-06 1.97632e-06 -5.75036e-10  7.24078e-06 1.65854e-05 2.68146e-10  3.29825e-06 -9.63483e-08 3.1833e-11  -8.53601e-06 2.02408e-06 2.4535e-08  2.21627e-06 4.28935e-06 8.74651e-11  5.93139e-06 7.24845e-07 1.77651e-10  -4.68769e-05 1.27772e-05 -4.21994e-07  4.38685e-06 9.03618e-07 8.04009e-10  3.44402e-07 -2.07459e-06 -4.05778e-09  -6.78794e-07 2.7743e-06 -1.33482e-08  4.3148e-07 -6.21948e-07 -1.05707e-08  2.62365e-06 -5.7495e-07 -2.17791e-10  4.29729e-06 9.44838e-07 5.13171e-11  8.56565e-05 -1.47647e-05 4.01555e-08  -7.1229e-06 2.1152e-07 9.41503e-10  5.15176e-07 -3.27045e-06 5.95558e-11  0.000139855 -0.000132133 -1.81567e-06  -2.88918e-06 2.44783e-06 -9.11028e-11  -7.20763e-07 -2.8344e-06 -4.88775e-11  -1.71763e-06 8.75683e-08 -1.2121e-09  -4.38304e-07 -8.86144e-07 8.75779e-09  8.15511e-06 5.68181e-06 3.58526e-09  9.57986e-06 3.9219e-06 3.76095e-09  -4.33305e-06 -5.15322e-06 3.24692e-10  -3.11943e-06 -3.22335e-06 8.52367e-10  -4.40931e-06 -3.38617e-06 7.96937e-09  5.82156e-07 1.14527e-06 -1.78486e-08  1.74962e-06 3.60575e-07 2.58179e-10  2.49432e-06 8.52523e-07 2.81187e-10  3.96677e-06 -2.04643e-06 6.36928e-11  1.86239e-06 -1.29114e-06 2.44717e-11  2.68656e-06 -1.86251e-06 4.56901e-11  -5.77277e-06 1.68139e-07 -3.02872e-10  6.43824e-06 -7.58428e-06 1.21634e-09  5.10914e-05 -2.73522e-05 1.47614e-08  -4.89114e-06 -1.66359e-07 1.21754e-09  3.06463e-06 1.17027e-06 3.0979e-10  -1.01692e-05 4.10851e-05 3.935e-07  2.79324e-06 1.71745e-06 6.05368e-11  -2.89648e-06 -1.37276e-06 3.21102e-10  -3.55354e-06 -2.83188e-07 8.80884e-10  3.02156e-06 1.39917e-06 3.47679e-11  -5.18564e-06 -7.47293e-07 1.68093e-09  7.24744e-08 2.90709e-06 1.73047e-10  -2.07583e-05 -1.35996e-05 1.61502e-07  -1.43724e-05 -2.70596e-05 -2.67238e-07  -4.42008e-06 1.8201e-06 -5.81732e-09  2.2416e-06 1.94612e-07 1.78883e-11  6.01265e-05 5.14615e-05 6.8885e-08  -4.62326e-06 2.19489e-07 8.80403e-10  -5.39828e-07 -2.5487e-06 8.01133e-10  -3.45088e-06 1.2936e-05 -3.35252e-09  2.02418e-06 2.27823e-06 7.19875e-11  4.18627e-06 2.50547e-06 9.27539e-11  5.1254e-06 -2.11406e-06 4.45492e-10  1.04196e-05 3.18997e-07 3.0179e-09  1.90954e-05 2.47383e-06 3.15684e-09  2.09546e-05 7.58941e-06 4.21225e-09  1.66382e-06 -3.13907e-06 1.67318e-10  2.66829e-05 -5.04544e-05 -7.21171e-07  2.35702e-05 -5.4193e-05 3.49223e-07  -8.82245e-07 3.72231e-06 8.00927e-11  -5.02093e-06 -2.83968e-06 1.26962e-08  -3.03171e-06 1.85286e-06 -2.50436e-09  -4.66183e-06 1.90599e-06 3.85419e-09  -4.07191e-07 4.99118e-06 4.35869e-11  -5.27102e-06 8.91252e-06 2.00138e-08  -1.34707e-05 -1.83439e-05 -8.31122e-08  1.78927e-06 -1.98728e-06 1.06225e-10  -6.70871e-07 -1.12293e-06 7.72907e-09  1.17425e-06 -4.22511e-06 -3.34652e-10  2.03723e-06 -2.01285e-06 5.11892e-11  2.04157e-06 -3.1531e-06 1.23907e-10  -5.16521e-06 2.1028e-06 -9.25552e-10  4.81525e-05 -6.90775e-08 4.96053e-09  2.41338e-05 -6.40469e-06 7.38089e-09  2.21144e-06 3.20441e-07 6.31976e-11  1.58328e-06 -3.72715e-06 1.28038e-10  -1.02931e-06 -1.02543e-06 -2.00772e-08  -5.8697e-06 -5.56184e-05 -3.55926e-08  -7.81691e-07 4.32984e-07 -9.08988e-09  6.21651e-06 -1.05859e-05 6.24563e-10  -2.78708e-05 -4.77877e-05 5.97632e-07  -3.85502e-06 -2.28473e-06 1.25054e-10  -2.77953e-06 -1.75886e-06 -1.90645e-10  -7.9866e-07 6.83107e-07 1.01722e-08  3.99249e-06 -1.14444e-07 1.16042e-10  4.62693e-06 -8.10737e-07 1.24288e-10  -1.69554e-06 2.74449e-06 -1.00188e-10  -2.92105e-06 2.92722e-06 4.67954e-11  -1.11248e-06 1.70261e-06 2.7683e-08  3.4699e-06 -1.85529e-06 9.21269e-11  1.06699e-06 5.28592e-06 9.85709e-11  -9.9459e-05 -6.94306e-05 -1.26495e-06  7.04961e-07 -2.53849e-06 2.16452e-10  -4.55825e-06 -6.48762e-07 9.534e-11  3.71886e-06 -9.90686e-07 5.27477e-11  2.53205e-06 2.53122e-06 5.84384e-11  -2.87663e-06 4.80441e-06 2.22921e-10  -1.35875e-06 5.21934e-06 4.68404e-10  1.48216e-06 -5.32186e-06 4.4136e-11  6.15737e-06 -6.08408e-06 5.50433e-09  2.33214e-05 -1.76536e-05 5.21143e-09  1.8272e-07 -1.52535e-06 -6.15626e-09  2.42463e-06 -3.11457e-06 8.25142e-11  3.53239e-06 -9.47217e-06 2.31557e-09  -5.57546e-07 -1.58587e-06 1.90409e-08  2.44166e-06 2.75122e-06 3.81345e-11  -1.76922e-06 -4.81857e-06 2.30849e-10  -2.89133e-06 5.11794e-07 -1.00683e-08  1.31588e-06 -4.04045e-06 2.53588e-11  -1.96951e-06 5.58821e-06 2.40628e-10  -6.85845e-07 6.28873e-06 6.47406e-10  -1.18255e-06 -3.10842e-06 5.15687e-11  4.32568e-06 5.26607e-07 1.32639e-10  1.7124e-06 -4.56669e-06 3.64834e-12  -2.26303e-05 -6.83649e-06 -3.27714e-07  -3.77755e-06 2.135e-06 1.01607e-09  8.46849e-07 -1.71951e-06 2.71719e-09  -1.41823e-06 5.3744e-06 9.99911e-11  -1.05781e-06 3.65032e-06 8.94313e-11  3.22317e-06 -4.1452e-06 -1.57516e-11  -8.84376e-07 -2.14286e-06 -2.6504e-08  -1.147e-07 -8.72195e-07 9.07136e-09  -2.31704e-08 -1.33967e-06 1.53246e-09  7.58581e-07 3.56992e-06 1.28926e-10  1.43294e-06 2.67316e-06 3.96646e-11  5.81347e-07 2.72977e-06 5.5477e-11  4.44968e-06 -7.76866e-07 5.14969e-11  -1.77787e-06 1.50845e-06 3.24103e-08  2.49468e-05 5.52506e-06 7.52636e-09  2.70187e-05 -9.80845e-06 6.60212e-09  -1.79071e-06 4.91431e-07 1.51534e-08  -2.56236e-06 3.71475e-07 -2.54276e-09  -2.10669e-06 1.16082e-07 -1.23923e-08  -1.12856e-06 1.01899e-06 -1.35486e-08  2.49099e-05 1.27238e-05 1.3479e-08  1.62375e-07 -3.94616e-06 1.42808e-10  -1.56398e-07 -3.25098e-05 -1.54309e-07  3.2363e-06 -6.64079e-07 4.69597e-11  5.35824e-06 1.17979e-06 5.04833e-10  4.40141e-06 -7.22206e-06 6.68864e-10  -4.00429e-06 -4.78608e-06 1.8257e-08  -8.92536e-08 -3.25006e-07 -8.64965e-09  -1.64247e-06 -4.23901e-07 -1.62766e-09  -5.31411e-06 5.81375e-06 2.70188e-10  -3.10632e-06 2.78116e-06 1.68606e-10  3.10488e-06 4.06403e-06 2.17249e-10  1.58469e-06 -4.46649e-06 2.0143e-10  -6.11339e-07 -3.69001e-06 1.03077e-09  4.35581e-06 -1.79428e-06 1.65544e-10  -2.60507e-06 -1.8238e-06 -2.81072e-08  -3.8283e-06 -2.51001e-06 -4.10232e-10  1.85784e-06 -1.18591e-05 9.79272e-09  -1.14113e-05 9.32979e-06 4.67824e-08  1.12403e-06 -1.03261e-06 7.69519e-09  3.84862e-06 1.78271e-06 4.07918e-10  2.46349e-07 6.0315e-06 5.38019e-10  -1.03505e-06 -2.04037e-06 3.19956e-08  -5.04832e-06 -8.75728e-07 -1.80162e-10  8.04595e-07 3.99176e-06 5.31602e-11  -2.19856e-06 -3.57622e-06 1.89797e-10  -3.20484e-06 -4.74154e-06 1.01041e-10  9.3003e-07 2.80472e-06 4.28416e-11  -3.24882e-06 1.14895e-06 6.86296e-11  -2.91605e-06 1.64792e-06 2.5431e-10  2.77245e-06 1.12525e-05 1.30835e-09  -2.20841e-06 -8.26564e-07 -2.37634e-08  -1.32706e-06 8.7783e-07 -1.15997e-08  1.63963e-06 2.73833e-06 -2.23894e-10  2.54054e-06 2.05189e-06 6.89436e-10  -1.87552e-06 8.16481e-07 -2.18555e-08  4.55294e-06 1.87342e-06 1.97016e-10  2.1437e-06 -4.03221e-06 7.92944e-11  3.08112e-06 -3.3216e-06 6.66382e-11  -1.59724e-06 -8.83194e-07 2.66232e-08  1.58999e-05 -1.21565e-05 2.99318e-09  1.36443e-06 -7.04224e-07 1.52999e-10  3.35343e-07 -3.39044e-06 3.94345e-11  -1.38959e-06 3.41995e-06 4.66552e-09  8.48311e-08 5.81159e-06 2.30119e-10  3.33349e-06 -9.68282e-08 2.28247e-11  -5.35395e-05 4.80599e-05 2.56603e-07  -1.95866e-06 5.71932e-07 1.03247e-09  2.43559e-06 -1.3863e-06 -7.32349e-10  -4.85086e-06 5.0096e-07 -2.79192e-09  -2.29614e-06 -6.25633e-06 2.36754e-10  4.69368e-06 -1.84668e-06 3.23548e-10  -1.88072e-06 -3.31561e-06 1.66643e-09  4.11009e-06 -8.43523e-07 2.67314e-10  -2.51471e-06 -2.04422e-07 9.34625e-09  -3.51487e-06 -9.69705e-07 -2.45777e-09  1.11519e-06 3.20829e-08 -8.31616e-11  -3.63972e-06 -3.70754e-07 5.54432e-10  2.45401e-06 2.45321e-06 -5.01537e-15  -4.86631e-07 -2.35693e-06 -7.79429e-09  2.22863e-07 9.43788e-07 4.88627e-09  2.01418e-05 -9.29297e-06 8.57217e-09  1.7874e-06 -4.40303e-06 4.04071e-11  5.64175e-07 1.67805e-06 -1.68144e-09  -7.55304e-07 -9.13151e-06 -2.76861e-09  -5.56772e-06 -3.37906e-08 9.44298e-10  -3.68222e-06 4.33525e-06 -4.59503e-11  8.17086e-07 6.13491e-06 4.54458e-11  3.94642e-07 1.50277e-06 -4.04314e-09  1.7312e-05 -2.56148e-06 3.19203e-09  1.62272e-05 -2.06533e-06 -5.645e-10  2.32604e-06 -2.89891e-06 -1.19788e-10  9.07632e-05 -2.55656e-05 -5.74893e-07  6.46439e-06 -1.35065e-05 -1.71925e-10  2.93771e-06 -3.16519e-06 4.29515e-11  -3.18642e-06 2.88097e-06 9.37125e-10  3.89703e-06 2.9872e-06 -1.0763e-10  1.80638e-06 -8.29985e-08 1.58757e-10  9.05188e-07 -3.24799e-06 4.91762e-11  -4.6061e-06 -2.45501e-06 2.16094e-10  -3.61557e-06 2.39538e-06 -1.19679e-10  9.89548e-07 -2.86221e-06 -1.23512e-08  -3.17503e-06 -8.46272e-07 7.08289e-10  1.09443e-06 2.37165e-06 8.07221e-11  -2.15017e-06 2.26914e-07 6.52516e-10  8.62235e-07 -9.16332e-06 1.32878e-09  1.67259e-06 2.72598e-06 2.7849e-11  2.37896e-06 -4.48062e-06 2.28599e-10  8.7443e-06 1.28393e-06 1.27729e-09  4.28039e-07 -2.73635e-06 4.39956e-10  2.01932e-06 -3.80017e-06 2.8076e-11  -3.44684e-06 2.95569e-06 -3.27275e-11  -1.09949e-06 -7.62354e-08 1.18002e-08  7.9502e-07 -5.94928e-06 1.0748e-11  -3.23146e-06 -2.78954e-06 4.10619e-10  
            </DataArray>
         </PointData> 
      </Piece>
   </UnstructuredGrid> 
</VTKFile>
