<?xml version="1.0"?>
<VTKFile type="UnstructuredGrid" version="0.1" byte_order="LittleEndian">
   <UnstructuredGrid>
      <Piece NumberOfPoints="1126" NumberOfCells="0" > 
         <Points> 
            <DataArray type="Float64" Name="Position" NumberOfComponents="3" format="ascii"> 
               -0.00460669  -0.00193719  0.048973  
               -0.00456781  -0.00200993  0.0494405  
               0.00160798  -0.00471205  0.037189  
               0.00200235  -0.00457186  0.0356426  
               -0.00139233  -0.00477747  0.0491934  
               -0.00220156  -0.00446538  0.0493789  
               0.00144515  -0.00476144  0.000519076  
               0.00055569  -0.00494527  0.0428234  
               -0.000726652  -0.00492843  0.0430252  
               -0.000329968  -0.0049675  0.0418745  
               0.00212629  0.00450561  0.0493708  
               0.0039017  -0.00308936  0.000931061  
               0.00492654  -0.000745812  0.000639472  
               0.00158607  0.0047187  0.00947666  
               0.00235331  0.00438427  0.0106703  
               0.00305025  0.00393379  0.00917739  
               -0.00328297  -0.00374281  0.0489824  
               0.00362748  -0.00342349  0.000621582  
               -2.70975e-05  0.00499733  0.0489422  
               0.000860549  0.00491524  0.0484703  
               -0.000320539  0.00496843  0.0474879  
               0.00465954  0.00178107  0.000747089  
               0.00446995  0.00219301  0.000660817  
               0.00277785  -0.00415735  0.0494309  
               -0.000541918  -0.00494663  0.0494155  
               -0.00471424  -0.00160076  0.0492902  
               0.00490393  -0.000975452  0.0493445  
               0.00282105  0.00412189  0.000766351  
               0.0031146  -0.00388099  0.0492498  
               0.00374281  -0.00328297  0.0493879  
               0.00346852  0.00359053  0.000640672  
               0.00402934  0.00293383  0.000826627  
               -0.0018087  -0.00465116  0.0485934  
               -0.00170791  0.00468174  0.000893579  
               -0.00218173  0.00447598  0.000661621  
               -0.00216439  0.00448525  0.00251426  
               0.00446538  -0.00220156  0.0493674  
               0.00281927  -0.00412336  0.0489452  
               0.00496479  0.000357461  0.00554857  
               0.00493509  0.000659086  0.00662799  
               0.00495694  -0.000437193  0.00686191  
               -0.0015826  -0.00471975  0.00106305  
               -0.000709477  -0.00493012  0.00153217  
               0.00345094  -0.00360496  0.0487281  
               0.00334747  -0.00368988  0.047679  
               0.00263182  -0.0042354  0.0482347  
               -0.00309965  0.00389326  0.0171823  
               -0.00382784  0.00317936  0.0175693  
               -0.00133353  0.0047953  0.000590372  
               0.00210912  0.00451479  0.00103012  
               0.00242218  0.00434746  0.000712353  
               -0.0031642  -0.00384028  0.00120854  
               -0.00241032  -0.0043538  0.000966192  
               0.00375506  0.00326804  0.00145335  
               0.00459897  0.00195164  0.00206904  
               0.00372093  0.00330962  0.00239369  
               0.00204124  0.00455107  0.000559948  
               0.00446995  0.00219301  0.00123799  
               -0.00465459  0.00179741  0.00292777  
               -0.00439295  0.00233707  0.00193126  
               -0.00470852  0.0016196  0.00198529  
               0.00118389  -0.0048407  0.0494153  
               -0.00177342  0.00466186  0.0491404  
               -0.00200909  -0.00456826  0.000644285  
               0.00496893  -0.000315496  0.00098358  
               0.00498864  0.000115337  0.000617708  
               -0.00491673  0.000845485  0.0382039  
               -0.00490619  -0.000952446  0.0378922  
               -0.00496255  -0.000380251  0.0369558  
               0.00313435  0.00386477  0.000986872  
               -0.000592085  -0.00494168  0.0168272  
               -0.00031728  -0.00496875  0.0155755  
               -0.0031642  -0.00384028  0.000558407  
               -0.00280948  -0.00413139  0.000646067  
               -0.00329239  0.00373508  0.0494205  
               0.00498207  0.000182048  0.00184135  
               -0.00115057  -0.0048508  0.000589541  
               -0.000268126  -0.00497359  0.0312726  
               0.000865782  -0.00491473  0.0316316  
               0.00308673  -0.00390386  0.0408176  
               0.00387264  -0.00312477  0.0414405  
               -0.000709477  -0.00493012  0.000799284  
               0.00181565  -0.00464905  0.0486639  
               0.00118389  -0.0048407  0.0489248  
               -0.000302776  -0.00497018  0.000577366  
               0.00357428  0.00348833  0.04829  
               0.00359097  0.00346798  0.0473824  
               0.00477133  -0.00141256  0.0492505  
               0.00465116  -0.0018087  0.0494652  
               -0.000471224  0.00495359  0.0493952  
               0.0019825  -0.00458247  0.0221109  
               0.00317204  -0.00383385  0.0228372  
               -0.00439147  -0.00233984  0.0305348  
               0.00206269  0.00453961  0.016277  
               0.00276219  0.00416572  0.0150202  
               0.00307496  0.00391352  0.0163742  
               0.00385489  0.0031464  0.0490609  
               -0.00435937  0.0023999  0.0186585  
               -0.00442263  0.00228154  0.0200365  
               -0.00486287  0.00111078  0.0191247  
               -0.00134589  0.00479156  0.049395  
               -0.00494207  0.000588188  0.049335  
               0.00103133  -0.00488698  0.00365727  
               0.00254311  -0.00428282  0.00362288  
               0.0018011  -0.00465347  0.00304545  
               0.00462706  0.00188815  0.0142772  
               0.00490868  0.000927155  0.0132928  
               -0.0046053  0.0019398  0.0490015  
               -0.0046053  0.0019398  0.0494491  
               0.00484535  -0.00116854  0.00133133  
               -0.00458211  -0.00198317  0.0010801  
               0.00289487  0.00406131  0.0493716  
               0.00467538  -0.00172887  0.00378754  
               0.00417103  -0.00275225  0.00202276  
               0.00405424  -0.00290349  0.00362402  
               -0.00493563  -0.000653604  0.000832155  
               -0.00348843  -0.00357419  0.000728813  
               -0.00437404  -0.00237244  0.0472217  
               -0.000541918  -0.00494663  0.0489253  
               0.000325151  -0.00496798  0.0491569  
               -0.00294623  -0.00401917  0.0493798  
               -0.00360496  -0.00345094  0.0494293  
               -0.00389297  0.0031  0.000579026  
               -0.0032683  0.00375485  0.000576398  
               -0.00360435  0.00345168  0.000731285  
               0.00457846  -0.00199001  0.000574555  
               0.00417103  -0.00275225  0.000621103  
               0.000860549  0.00491524  0.049202  
               -0.00152331  0.00473774  0.00335005  
               -0.00160522  0.00471289  0.00473283  
               -0.000806583  0.00492056  0.00403441  
               0.00239643  -0.00436122  0.0232657  
               0.00339592  -0.00365011  0.0238269  
               -0.00315359  0.00384899  0.00830286  
               -0.00291931  0.00404125  0.00692363  
               -0.00191497  0.00461857  0.0071687  
               0.00297872  -0.0039925  0.000825007  
               0.00437494  -0.00237077  0.00108321  
               0.0018581  -0.00463618  0.000619668  
               0.00144515  -0.00476144  0.000926498  
               -0.00138183  -0.00478065  0.00669094  
               0.00122412  0.00482849  0.00156352  
               0.00494871  -0.000520792  0.0492639  
               0.000875595  -0.00491376  0.00130593  
               0.0018581  -0.00463618  0.00194485  
               0.000603286  -0.00494058  0.000660413  
               -0.00294591  0.00401942  0.0492406  
               -0.00492481  0.000763448  0.000801445  
               -0.00478488  0.00136791  0.000685958  
               0.00471124  0.00161066  0.0490532  
               0.00455949  0.0020255  0.0493706  
               0.00241955  0.00434886  0.00489836  
               0.0025034  0.00430405  0.00345401  
               0.0031931  0.00381656  0.0037968  
               0.00401917  -0.00294623  0.0490989  
               -0.000915408  0.00490984  0.0491406  
               -0.000645703  -0.0049364  0.00251569  
               0.000860585  -0.00491524  0.00246484  
               0.00332445  -0.00370876  0.0383299  
               -0.000849478  -0.00491633  0.0472765  
               0.00331297  -0.00371819  0.00144961  
               0.00382785  -0.00317935  0.0467244  
               -0.00147564  -0.00475219  0.00568086  
               0.00477841  0.00138923  0.000960172  
               0.00466416  0.00176587  0.00121653  
               0.00129203  0.00480789  0.0494137  
               0.00171818  0.00467862  0.0489434  
               -0.00091689  0.00490969  0.00051962  
               -0.00493027  -0.00070803  0.0490194  
               -0.00471424  -0.00160076  0.0486558  
               0.00441891  0.00228851  0.0469543  
               0.00462299  0.00190157  0.0480705  
               0.0048885  0.00102629  0.0467781  
               -0.00258575  -0.00426003  0.0490711  
               0.000373196  0.00496324  0.000559487  
               -5.70684e-05  0.00499438  0.000712726  
               0.000297996  0.00497065  0.00103067  
               0.00262539  -0.00423884  0.000587789  
               -0.00495619  0.000444845  0.0116668  
               -0.00490947  -0.000919187  0.0115808  
               -0.00496542  0.000351071  0.0129559  
               0.0027707  -0.00416117  0.00957373  
               0.00257259  -0.00426706  0.0106679  
               -0.00499225  7.87121e-05  0.00110401  
               -0.00460335  0.00194344  0.047883  
               0.00301323  0.00396418  0.0466006  
               -0.00332702  0.00370665  0.0256473  
               -0.00285015  0.00409801  0.0246867  
               -0.00096725  -0.00490473  0.0131268  
               -0.00231659  -0.0044039  0.0129125  
               0.00436277  -0.00239352  0.0324924  
               0.0016379  0.00470298  0.000874665  
               0.00491243  0.000889072  0.0477575  
               -0.00459067  0.00196716  0.00104357  
               0.00483697  0.00119618  0.00170021  
               0.00494627  0.00054548  0.000919325  
               -0.00426307  0.00258005  0.0302056  
               -0.00356471  0.00349998  0.0315334  
               -0.00497969  0.000206226  0.0489112  
               -0.00494207  0.000588188  0.0479497  
               -0.00302921  0.00395106  0.0428455  
               0.00495057  -0.000501827  0.0487881  
               0.00490393  -0.000975452  0.0487715  
               0.00471987  -0.00158219  0.000774727  
               -0.00362087  0.00343155  0.0494498  
               -0.00228905  -0.00441862  0.00424504  
               -0.0015826  -0.00471975  0.00273184  
               -0.000900222  -0.00491134  0.00363452  
               0.00454505  -0.00205252  0.0411614  
               0.0048193  -0.00125444  0.0401778  
               0.00455975  -0.00202501  0.0392656  
               0.00122412  0.00482849  0.000602455  
               0.0040323  -0.00293023  0.0332894  
               0.00453236  -0.00207624  0.0335201  
               0.00482022  -0.00125138  0.0458763  
               0.00499808  1.95244e-05  0.045295  
               0.004858  -0.00112684  0.0443596  
               0.00421134  -0.00267683  0.0243275  
               0.000289553  0.00497148  0.00385996  
               0.00196206  0.0045934  0.0470062  
               0.00289487  0.00406131  0.0482934  
               0.00251873  0.00429585  0.0490596  
               0.00124047  -0.00482353  0.0481088  
               0.00200993  -0.00456781  0.049328  
               -0.00257441  0.00426609  0.0487159  
               -0.00234982  0.00438614  0.0471137  
               -0.00134589  0.00479156  0.0484794  
               -0.00484235  0.00117845  0.00134909  
               -0.0043627  -0.00239366  0.0490104  
               -0.0031449  0.00385612  0.00938227  
               -0.00362814  0.00342269  0.0102447  
               -0.00390128  0.00308988  0.0093047  
               -0.00332028  -0.00371219  0.0310328  
               -0.00210252  -0.00451832  0.0322683  
               -0.00189307  -0.00462557  0.0309241  
               -0.00474136  0.00151137  0.04939  
               -0.00176917  -0.00466316  0.0138002  
               0.000417233  0.00495891  0.0494131  
               0.00187926  0.00462976  0.00167426  
               0.00145379  0.00475883  0.00225138  
               0.0048283  0.00122475  0.0493796  
               0.00323809  0.00377964  0.0490595  
               -0.00427951  -0.0025493  0.0459901  
               0.00465116  -0.0018087  0.0490358  
               -0.00474225  0.00150841  0.00836831  
               0.00435081  0.00241591  0.0489187  
               0.0041362  0.00280362  0.0493723  
               0.00200993  -0.00456781  0.0479998  
               0.00462908  -0.0018815  0.0475827  
               0.00470702  -0.00162458  0.0481034  
               0.00483699  -0.0011961  0.0477954  
               0.00385489  0.0031464  0.049477  
               0.00342822  0.00362361  0.0436348  
               0.00404777  0.00291138  0.0445795  
               0.00392394  0.00306226  0.0457276  
               0.0039017  -0.00308936  0.000521064  
               -0.00496807  -0.000324195  0.0493771  
               0.0041362  0.00280362  0.0479846  
               -0.00220156  -0.00446538  0.0469429  
               -0.00442985  0.00226804  0.00963771  
               -0.00486882  0.00109119  0.0105134  
               -0.00438214  0.0023573  0.0108464  
               -0.00258575  -0.00426003  0.049481  
               -0.00418035  -0.00273481  0.0394671  
               -0.0045236  -0.00209264  0.041254  
               -4.0336e-05  -0.00499603  0.00174019  
               0.00155261  -0.00472885  0.0113523  
               -0.00182918  0.00464495  0.0358232  
               -0.00209369  -0.00452304  0.00189744  
               0.00395503  0.00302438  0.0418706  
               0.00445656  0.00221806  0.0411219  
               0.00357351  0.00348927  0.0493721  
               -0.00439295  0.00233707  0.000639557  
               -0.00417664  0.00274176  0.000527436  
               -0.00475979  0.00145062  0.0462851  
               -0.00498468  -0.000155563  0.0471633  
               -0.00425777  -0.00258998  0.000755944  
               -0.00389718  -0.00309487  0.00108632  
               -0.00427486  -0.00255799  0.00157127  
               0.00258965  -0.00425794  0.0025406  
               0.00490396  0.000975104  0.000617259  
               -0.00486013  0.00111982  0.0490714  
               -0.0049151  0.000862  0.00196025  
               -0.00389297  0.0031  0.00360185  
               -0.00492418  0.000769846  0.044976  
               -0.00316208  -0.00384202  0.0144819  
               -0.00381835  -0.00319092  0.0140847  
               -0.00341081  -0.00363789  0.0154353  
               -0.00388099  -0.0031146  0.0485558  
               0.000803405  0.00492087  0.000874252  
               4.28867e-05  -0.00499578  0.0363621  
               0.00105282  -0.00488046  0.000722787  
               -0.00290687  0.00405147  0.0306249  
               0.00446288  0.00220624  0.0160652  
               0.00431474  0.00248339  0.0150426  
               0.00477841  0.00138923  0.000534007  
               -0.00241032  -0.0043538  0.000537489  
               -0.00271595  0.00419044  0.0331452  
               0.000538396  -0.00494697  0.0473781  
               0.00021372  -0.00497895  0.00108404  
               -0.0049455  0.000553334  0.00737865  
               -0.00493137  -0.000696779  0.00767567  
               0.00410441  0.00284235  0.0296435  
               0.00347252  0.00358725  0.0298909  
               0.00415066  0.002786  0.0307516  
               0.00417692  -0.00274123  0.017341  
               0.00361713  -0.00343611  0.0168422  
               0.00381218  -0.00319844  0.0181794  
               -0.00291931  0.00404125  0.00080145  
               -0.00418188  0.00273195  0.0493135  
               -0.00389035  0.00310318  0.0492262  
               -0.00134589  0.00479156  0.0469927  
               0.00323378  0.00378318  0.0337014  
               0.00404653  0.00291289  0.0339496  
               0.00433909  0.00243784  0.034903  
               0.00462694  0.00188856  0.0359453  
               0.00242218  0.00434746  0.00134788  
               0.00151124  0.0047414  0.0272731  
               0.00455399  0.00203578  0.0458139  
               0.00483269  0.0012103  0.0443319  
               -0.00343053  -0.00362171  0.0482725  
               -0.00366465  -0.00337821  0.0472791  
               -0.00298432  -0.0039879  0.0477953  
               -0.00236447  0.00437831  0.0460065  
               -0.00274216  0.00417642  0.0443464  
               -0.00415735  -0.00277785  0.0494292  
               0.00088075  -0.00491325  0.0162229  
               0.000947886  0.00490664  0.020251  
               -0.00383633  0.00316901  0.00245724  
               -0.00133353  0.0047953  0.00168248  
               0.00458315  -0.00198123  0.00709132  
               0.00481417  -0.00127133  0.00592485  
               -0.0006065  -0.00494026  0.0386546  
               -0.000513945  -0.00494938  0.0396567  
               0.00496601  -0.00034509  0.0171083  
               -0.00388099  -0.0031146  0.0492428  
               0.00224434  -0.00444252  0.00104704  
               0.00499116  8.97942e-05  0.0483349  
               -0.00129662  -0.0048065  0.0175232  
               -0.00223214  -0.00444904  0.016779  
               -0.00128418  -0.00481027  0.0160161  
               0.00144964  -0.00476008  0.046665  
               -0.000497353  0.00495101  0.00307581  
               -0.000990233  0.00489944  0.00242109  
               -0.00317259  0.00383339  0.0485408  
               0.00418566  0.00272489  0.0258044  
               0.00453507  0.00207119  0.0249786  
               -0.00254215  0.00428333  0.00138348  
               -0.00417664  0.00274176  0.000942246  
               -0.00383446  0.0031713  0.00105926  
               0.0049292  0.000718823  0.0493197  
               -0.00418188  0.00273195  0.0487067  
               -0.00165578  0.00469755  0.0450367  
               -0.0013338  0.00479522  0.0434398  
               -0.00444045  -0.0022482  0.0244864  
               -0.00415415  -0.00278175  0.0236768  
               0.00248903  0.00431173  0.0331426  
               0.00157  0.00472357  0.0331908  
               0.00218884  0.00447218  0.0340916  
               0.00269167  0.00420341  0.0371015  
               0.00283485  0.00411057  0.0381836  
               0.00355578  0.00351086  0.0376173  
               0.00479398  -0.00133789  0.0234308  
               0.00499987  1.30523e-06  0.0231523  
               0.00426003  -0.00258575  0.048376  
               0.00416377  -0.00276583  0.0474769  
               0.00449125  -0.00215317  0.0480831  
               0.00239366  -0.0043627  0.0489272  
               -0.00091689  0.00490969  0.000927513  
               -0.00420542  -0.00268792  0.0484073  
               -0.00401947  0.00294585  0.021869  
               -0.00304379  0.0039391  0.0209119  
               -0.00274958  0.00417246  0.0221883  
               0.00273508  0.00418021  0.00182876  
               0.00282442  0.00411913  0.00124104  
               -0.00217951  0.00447717  0.049395  
               0.00264061  0.0042307  0.0455914  
               -2.56631e-05  -0.00499747  0.0233609  
               0.00085216  -0.00491607  0.0226743  
               0.000905026  -0.00491086  0.0238552  
               -0.000661252  0.00493487  0.00166959  
               0.00384666  -0.00315643  0.0046434  
               0.00390874  -0.00308078  0.00566597  
               0.00320808  -0.00380427  0.00524606  
               -0.00362087  0.00343155  0.0490027  
               -0.00364272  -0.00340492  0.0125703  
               -0.00430661  -0.00249859  0.0133265  
               0.00468771  0.00168823  0.0341704  
               -0.00109526  -0.00486758  0.0270601  
               0.000608526  -0.00494007  0.0277203  
               -0.000579528  -0.00494292  0.0282045  
               -0.00465094  -0.00180944  0.0275069  
               -0.00470527  -0.00163033  0.0254095  
               -0.00492099  -0.00080225  0.0272295  
               -0.00317249  0.00383347  0.0475661  
               0.0043982  -0.00232724  0.0295262  
               0.00470938  -0.00161679  0.0304448  
               0.00402267  -0.00294196  0.0396826  
               -0.000292531  -0.00497119  0.00108357  
               -0.00206734  0.00453713  0.0426934  
               -0.00251221  0.00429934  0.00428689  
               -0.00389533  0.00309713  0.00480689  
               -0.0010628  0.00487743  0.0299494  
               -0.00199157  0.00457763  0.0309152  
               0.00421184  -0.00267591  0.0126239  
               0.0033328  -0.00370191  0.0115638  
               -0.0040174  0.00294838  0.00174273  
               0.000543035  -0.00494652  0.017454  
               -0.00375062  0.00327345  0.0481159  
               0.000325151  -0.00496798  0.0483762  
               -0.00468912  -0.00168359  0.0021757  
               -0.00493929  -0.000616405  0.00185935  
               0.00326432  0.00375811  0.0184676  
               0.0021414  0.00449754  0.0187265  
               0.00271537  0.00419074  0.0176614  
               0.00498927  -0.000108907  0.0490543  
               -0.00275673  -0.00416864  0.0363584  
               0.00473642  0.00152765  0.0369051  
               0.00441334  0.00229892  0.0375086  
               0.00492089  0.00080319  0.0391848  
               0.0049954  -4.67415e-05  0.0403112  
               0.00291044  0.00404853  0.0351759  
               -0.00377174  -0.00324772  0.0419357  
               -0.00367249  -0.00336865  0.0406011  
               -0.00256809  -0.00426947  0.0422023  
               0.00115397  -0.00484977  0.0193198  
               0.00149459  -0.00474645  0.0183118  
               -0.000410696  0.00495955  0.00103067  
               -0.00381837  0.0031909  0.0470964  
               -0.00314558  0.00385556  0.0465921  
               -0.00467669  0.00172454  0.0221205  
               -0.00490756  0.000938585  0.0212418  
               0.00324845  0.00377113  0.00480862  
               -0.00367074  0.00337079  0.0283976  
               -0.0028509  0.00409739  0.0284768  
               -0.00406721  0.00288769  0.0477336  
               -0.0043136  0.00248553  0.0481492  
               -0.00347768  -0.00358301  0.00355674  
               -0.0031642  -0.00384028  0.00475288  
               -0.000487432  0.00495199  0.000560129  
               0.00498426  0.000159765  0.0363883  
               0.0044274  -0.00227261  0.0488114  
               -0.00214877  0.0044936  0.0267785  
               -0.00325816  0.00376317  0.00111545  
               0.00384365  -0.0031601  0.0290539  
               0.000593949  0.0049415  0.0374722  
               0.000934891  0.00490792  0.0390462  
               0.00313659  -0.00386294  0.0395491  
               0.00216488  -0.00448499  0.0410838  
               -0.00475187  -0.0014767  0.039834  
               0.00488792  -0.0010282  0.0163588  
               -0.00262827  -0.0042373  0.00288917  
               0.00256848  0.00426926  0.00239571  
               -0.00462421  0.00189754  0.0484787  
               -0.00351821  -0.00354975  0.0214102  
               -0.00390285  -0.00308796  0.0227552  
               -0.00231996  -0.0044021  0.00661043  
               -0.00325141  -0.00376871  0.00583356  
               -0.000818776  0.00491936  0.0457579  
               -0.00481411  -0.00127153  0.0198654  
               -0.00494811  -0.000526868  0.0192139  
               -0.00474746  -0.00149125  0.0188355  
               -0.00498983  0.000103292  0.00347803  
               0.00209756  0.00452097  0.0287436  
               0.00158408  0.0047193  0.0296539  
               0.000380794  0.0049625  0.0282379  
               0.00258462  -0.00426063  0.0472198  
               -0.00496244  -0.000381345  0.0419094  
               -0.00494166  0.000592286  0.04134  
               -0.00482117  0.00124825  0.0473135  
               -0.00447812  0.00217772  0.00754074  
               0.00488598  0.00103461  0.015211  
               0.00417294  -0.00274869  0.0155329  
               0.00357577  -0.00348651  0.0158451  
               0.0049292  0.000718823  0.0487318  
               0.00496078  0.000398188  0.0329193  
               0.00366252  0.0033808  0.0361382  
               -0.00304124  -0.00394119  0.0389535  
               -0.00169626  -0.00468527  0.0432756  
               0.00346813  -0.00359085  0.0144567  
               0.00139306  0.00477725  0.00391761  
               6.60707e-05  -0.00499349  0.0130876  
               -0.000786279  -0.00492256  0.0141487  
               0.00298635  -0.00398624  0.0350338  
               0.00246156  0.00432641  0.0274526  
               0.00310581  0.0038882  0.0283102  
               0.00367346  0.00336746  0.0274052  
               -0.00470705  -0.00162448  0.0460732  
               -0.00427688  0.00255423  0.0464367  
               0.00240096  0.0043588  0.0130031  
               0.00251873  0.00429585  0.0494761  
               -0.00233412  0.00439453  0.0386794  
               -0.00362549  0.00342593  0.0384836  
               -0.00297403  0.00399635  0.0375265  
               -0.000435419  -0.00495711  0.020076  
               -0.00490504  -0.000964194  0.0326201  
               -0.00479356  -0.00133929  0.0314339  
               -0.00312367  -0.00387354  0.0223524  
               -0.00165654  -0.00469732  0.0220662  
               -0.00254171  -0.00428357  0.0215515  
               0.00335707  -0.003682  0.0455597  
               0.00286185  0.00408841  0.00771134  
               0.00176021  0.00466587  0.0176444  
               0.00476638  -0.00142887  0.048777  
               0.00463972  -0.00184642  0.0485416  
               -0.00363692  -0.00341199  0.0489461  
               0.00442977  0.00226818  0.0429977  
               -0.00491786  -0.00083402  0.0229013  
               -0.00472137  -0.00157725  0.0237842  
               0.000551453  0.00494569  0.0016737  
               -0.000962718  0.00490518  0.036271  
               -0.0006815  0.00493288  0.0347988  
               0.0049723  0.000281255  0.0492639  
               0.00498927  -0.000108907  0.0494735  
               0.00430166  0.00250786  0.00389799  
               0.00271781  0.00418944  0.0250095  
               0.00341562  0.00363394  0.0121892  
               0.00390573  0.00308445  0.0111877  
               0.00328612  0.00374022  0.0309202  
               0.00243863  0.00433866  0.0307171  
               -0.00478923  -0.00135357  0.0134323  
               -0.00494476  -0.000560834  0.0140378  
               -0.00393962  -0.00304315  0.0478472  
               0.00478389  -0.00137116  0.0294429  
               -0.00494107  0.000598377  0.00490682  
               -0.00469788  0.00165469  0.00452819  
               -0.00388149  0.00311399  0.022857  
               0.00401082  0.00295639  0.00705658  
               0.00362499  0.00342653  0.0388543  
               -0.00361455  -0.00343925  0.0106794  
               0.00490396  0.000975104  0.00243164  
               0.00496238  -0.000381937  0.00342949  
               0.00467911  0.00171657  0.028936  
               0.00499153  8.59849e-05  0.0283505  
               0.00481411  0.00127155  0.0277498  
               0.000253138  0.00497507  0.029735  
               -0.00230638  0.00440936  0.0100023  
               -0.00199814  -0.00457411  0.0356532  
               -0.0022276  -0.00445146  0.037295  
               -0.002772  -0.00416048  0.0111892  
               0.000253331  -0.00497505  0.0141121  
               -5.67795e-05  0.00499441  0.00208381  
               -0.0046313  0.00187418  0.0146973  
               -0.00431378  0.0024852  0.015553  
               -0.00491754  -0.000837263  0.0480025  
               0.00492152  -0.000796809  0.0352554  
               -0.00360435  0.00345168  0.00138724  
               -0.0030945  0.00389748  0.0020127  
               0.00342598  0.00362544  0.0102595  
               0.00294412  -0.0040209  0.036698  
               0.00189259  -0.00462571  0.0422137  
               0.000972787  -0.00490419  0.0415452  
               0.000675468  -0.00493347  0.0354475  
               0.000134925  -0.00498671  0.0341691  
               -0.000653489  -0.00493564  0.0350434  
               -0.00263202  0.00423529  0.0295811  
               -0.00127649  0.00481261  0.0282992  
               0.00390872  0.00308081  0.00831475  
               0.00494627  0.00054548  0.000515898  
               -0.000109763  0.00498919  0.00650299  
               -0.00338135  -0.00366207  0.0337341  
               0.00487007  0.00108705  0.0250923  
               -0.00152525  -0.00473715  0.03427  
               -0.0044117  0.00230199  0.048737  
               -0.00440469  0.00231511  0.0492253  
               0.00499544  4.62911e-05  0.014044  
               0.00472115  0.001578  0.0307672  
               0.00473973  0.00151675  0.0325257  
               0.00495884  0.000417894  0.0317132  
               0.0045076  -0.00212258  0.0284444  
               0.00484801  -0.00115979  0.0279859  
               0.00476778  -0.00142428  0.0326804  
               0.00494805  -0.000527436  0.0340286  
               0.00474202  -0.00150919  0.0344044  
               -0.00140292  0.00477426  0.020774  
               -0.000414604  0.00495917  0.0213213  
               0.000240767  0.00497629  0.0462368  
               0.000691939  -0.00493185  0.00797838  
               0.000876019  -0.00491372  0.00598035  
               0.00187927  -0.00462976  0.00748897  
               0.00189547  0.00462484  0.00296056  
               0.00390116  0.00309002  0.0286881  
               -0.00324079  0.00377742  0.00309918  
               -0.00394857  -0.00303225  0.00544341  
               -0.00399898  -0.00297082  0.0043845  
               -0.0035841  0.00347636  0.0357297  
               -5.16771e-05  0.00499491  0.0196315  
               -0.00442354  -0.00227984  0.0224686  
               0.00292131  0.00403961  0.00657464  
               -0.00475504  0.00146628  0.0482097  
               -0.00411828  0.00282546  0.0276076  
               -0.00269425  -0.00420203  0.0258898  
               -0.00165183  -0.00469875  0.011469  
               -0.00210212  -0.00451853  0.00955846  
               -0.000399729  0.00496063  0.024761  
               -0.00184312  0.00464072  0.0257142  
               -0.000808351  0.00492038  0.0266185  
               -0.00412592  -0.00281614  0.0489427  
               0.00473301  0.00153889  0.00747036  
               -0.00482907  -0.00122222  0.0470564  
               -0.00355216  -0.00351528  0.0259351  
               -0.00303358  -0.00394747  0.0268034  
               0.00473083  -0.00154607  0.0253137  
               0.00491626  -0.000850193  0.0244972  
               -0.00490892  -0.000924706  0.0448222  
               0.00268695  0.00420594  0.0227585  
               0.00462641  0.00189032  0.00470019  
               0.00490664  0.000947913  0.004057  
               -0.00438042  0.00236052  0.0136352  
               -0.00341431  0.00363502  0.0152379  
               -0.00374762  0.0032771  0.0131888  
               -0.00197799  0.00458488  0.024401  
               -8.85391e-05  -0.00499128  0.00707179  
               0.00323809  0.00377964  0.0494762  
               -0.00367698  -0.00336318  0.024853  
               -0.00176425  0.00466465  0.019602  
               0.00486545  0.0011023  0.0298066  
               0.00497724  -0.000231046  0.0296987  
               0.00336226  0.00367774  0.0134459  
               -0.00498456  0.000156717  0.0153718  
               -5.70684e-05  0.00499438  0.00134861  
               -0.00297383  -0.00399652  0.0300175  
               -0.00377112  -0.00324847  0.0298266  
               -0.00437304  0.00237433  0.0475385  
               -0.00348843  -0.00357419  0.00229379  
               0.00417017  0.00275386  0.0221469  
               0.00471194  0.00160834  0.0220196  
               -0.00434426  0.00242816  0.00569531  
               -0.00437109  0.00237796  0.0233491  
               0.00246454  -0.00432482  0.011726  
               0.00178312  -0.00465892  0.00941678  
               -0.00166795  0.00469386  0.0218847  
               0.0041737  -0.00274726  0.0431473  
               0.00338143  -0.003662  0.0427194  
               -0.00245456  0.00433015  0.00883381  
               -0.00209985  -0.00451975  0.0151714  
               -0.000532671  0.00494754  0.0290671  
               0.00154409  0.00473143  0.0372383  
               0.00203304  0.00455546  0.0388986  
               -0.0049488  0.000519824  0.0270966  
               0.00422406  -0.00265305  0.0144484  
               0.00468677  -0.00169133  0.0142275  
               0.00470072  -0.00164534  0.0130746  
               -0.00471946  -0.00158355  0.0357152  
               0.00237538  0.00437247  0.0416769  
               0.00119712  0.00483668  0.0409561  
               0.00133664  0.00479436  0.0459485  
               0.00287528  0.00407739  0.0265175  
               0.001919  0.00461641  0.0257593  
               -0.00487014  -0.00108683  0.00444678  
               -0.00493032  -0.000707477  0.00561854  
               -0.00113124  -0.00485667  0.00913082  
               -0.00474441  0.00150132  0.0115137  
               0.00494303  0.000578404  0.0426502  
               -0.00431638  0.00248032  0.00858232  
               0.00497701  -0.000233416  0.0464976  
               0.00475274  -0.00147384  0.019686  
               0.00276898  -0.00416209  0.0260834  
               0.00210596  -0.00451648  0.0267439  
               0.00395299  0.00302687  0.00475787  
               0.00375506  0.00326804  0.00333402  
               0.00437258  0.00237519  0.00280041  
               0.000873633  0.00491395  0.034049  
               -0.00321649  -0.00379737  0.00733851  
               0.000693589  0.00493169  0.00735023  
               -0.00495306  -0.000476614  0.0388149  
               -0.00496602  0.000345041  0.0399731  
               -0.00490412  0.000973469  0.0391951  
               0.00313435  0.00386477  0.000545829  
               -0.00319481  -0.00381516  0.00871657  
               -0.00419884  -0.00270023  0.00850667  
               0.00193489  -0.00460792  0.0456979  
               0.00150837  -0.00474227  0.0442183  
               -0.000399718  0.00496063  0.0444548  
               -0.0022165  0.00445739  0.0405656  
               0.00392385  0.00306237  0.0171378  
               0.00378268  0.00323439  0.0161585  
               0.00391243  0.00307629  0.0198951  
               0.0044698  0.00219329  0.0190729  
               -0.00105597  0.0048795  0.00806006  
               -0.000455396  0.00495515  0.00524265  
               -0.000293801  0.00497106  0.0123745  
               -0.000524419  0.00494835  0.0135572  
               -0.00478991  0.00135132  0.00937447  
               0.000791455  0.00492205  0.00500367  
               0.000104135  0.00498974  0.0101562  
               -0.00121126  0.00483239  0.00987814  
               0.00109011  0.00486915  0.00287293  
               0.00414879  -0.00278828  0.031106  
               -0.00480207  0.00131124  0.0201046  
               0.00412129  -0.00282179  0.021363  
               0.003493  -0.00357044  0.0216155  
               0.00414976  -0.00278709  0.0227818  
               0.000163119  -0.00498393  0.0302864  
               0.0033368  -0.00369863  0.00640606  
               0.00354315  -0.00352626  0.0075243  
               0.00276302  -0.00416528  0.0076154  
               -0.00478223  -0.00137665  0.0146099  
               0.00497306  0.0002735  0.0488097  
               -0.00180229  -0.00465311  0.041666  
               6.06468e-05  -0.00499403  0.00440008  
               0.00111388  -0.00486194  0.00478209  
               -0.00430386  -0.00250374  0.0350426  
               0.00493349  -0.000675334  0.0307698  
               0.00498927  -0.000108907  0.0475163  
               0.00492904  -0.000720492  0.0473997  
               -0.00447543  0.00218276  0.0124523  
               0.00402864  -0.00293469  0.00686129  
               -0.00459316  0.00196251  0.0375079  
               -0.000754099  -0.00492573  0.0294497  
               -0.00497316  0.000272543  0.00593359  
               -0.00492352  -0.000776553  0.00664651  
               -0.00262125  -0.00424106  0.0435619  
               0.00492983  -0.00071244  0.0480252  
               0.000834172  0.00491784  0.0218591  
               -0.00425855  -0.00258851  0.0112183  
               -0.00462887  -0.00188218  0.0125352  
               0.00467916  0.00171641  0.0240054  
               -0.00218161  -0.00447605  0.0269003  
               -0.003338  -0.00369764  0.0278138  
               -0.00298854  0.00398444  0.0398198  
               -0.00446039  -0.0022109  0.0482779  
               -0.00455088  0.0020416  0.0364232  
               -0.00340348  -0.00364391  0.0462983  
               -0.00359392  -0.00346439  0.0450285  
               -0.00179646  -0.00465488  0.0280726  
               -0.00421259  -0.0026745  0.0161838  
               -0.00467524  -0.00172934  0.015571  
               -0.00466501  -0.00176305  0.0167882  
               -0.0010561  -0.00487946  0.00776886  
               -0.00280445  0.00413552  0.0136109  
               -0.00463472  0.00186289  0.0472426  
               0.00465994  -0.00177976  0.0357343  
               0.00432322  -0.00246752  0.0346802  
               0.00124923  0.00482088  0.0107506  
               0.00192732  0.00461197  0.0202322  
               0.00483713  0.00119564  0.0196312  
               0.00498129  0.000189935  0.0195964  
               0.00321085  -0.00380199  0.00844015  
               0.00423834  0.00262633  0.0365486  
               -0.00276051  0.00416662  0.011768  
               -0.00169079  0.00468693  0.0107651  
               0.00496087  0.000397304  0.0272733  
               -0.0043241  0.00246589  0.0399268  
               -0.00366284  0.00338042  0.00742812  
               -0.00468372  -0.00170138  0.0105042  
               -0.00494064  -0.000602689  0.0104982  
               0.00490919  -0.000921994  0.0118547  
               0.00156846  -0.00472404  0.0172447  
               0.00256801  -0.00426951  0.0170096  
               -0.00376583  -0.00325492  0.0373049  
               -0.00486387  0.0011075  0.0233878  
               -0.00498447  0.000157713  0.0230097  
               0.00445196  -0.00222668  0.00609383  
               0.0047473  -0.00149178  0.0471615  
               0.000864087  0.00491489  0.0449096  
               -0.00497071  0.00029738  0.0240556  
               0.003798  0.00321572  0.0145585  
               -0.00480885  0.00128887  0.0432944  
               -0.0040603  0.0028961  0.0431964  
               -0.00465842  0.00178477  0.0443826  
               0.00445318  0.0022244  0.0230305  
               0.00488897  0.00102477  0.0231468  
               0.00442779  -0.0022719  0.0453183  
               -0.00123143  0.00482628  0.0393287  
               -0.000716337  0.00492945  0.0378041  
               0.00460183  0.00194628  0.0387191  
               -0.000667187  0.00493429  0.0146567  
               -0.00470749  -0.00162302  0.0333561  
               -0.00436477  -0.0023898  0.0316985  
               0.00434966  0.00241805  0.00971661  
               -0.00474812  -0.00148906  0.00346257  
               -0.00471795  -0.00158852  0.0478669  
               -0.00427562  -0.00255658  0.047835  
               -0.00411162  -0.00283357  0.00728007  
               -0.0046897  -0.00168167  0.0078685  
               0.00499071  9.42744e-05  0.0413535  
               0.00490475  -0.000967067  0.0412886  
               -0.00284789  -0.00409987  0.0195281  
               -0.0036889  -0.00334865  0.0195312  
               0.00177183  0.00466235  0.00782127  
               -0.000157874  0.00498445  0.0392621  
               0.00119973  0.00483589  0.00618193  
               -0.000398345  -0.00496077  0.0179334  
               -0.00499141  -8.72135e-05  0.0331082  
               -0.00488354  0.00104264  0.0366986  
               -0.00477784  -0.00139111  0.0219085  
               0.00497386  0.000265391  0.0162991  
               0.0028874  -0.00406744  0.0419093  
               -0.00452823  -0.00208398  0.00463155  
               0.000929382  -0.00490846  0.0457634  
               -0.00477352  0.00140536  0.0279776  
               -0.00467865  0.0017181  0.0291598  
               -0.00463801  -0.00185207  0.00598377  
               0.00382589  0.00318173  0.0242203  
               -0.00412875  -0.0028127  0.0334913  
               -0.00446303  0.00220595  0.0419571  
               0.00398288  -0.00299044  0.0362761  
               0.00374926  -0.00327511  0.0351115  
               0.0020456  0.00454875  0.0362497  
               -0.00388105  0.00311452  0.0487387  
               -0.00479643  0.00132982  0.0245021  
               -0.00439175  -0.00233932  0.0449959  
               0.00447026  -0.00219243  0.0370871  
               0.000181928  0.00498208  0.00898691  
               0.00111151  0.00486265  0.0085861  
               -0.00162556  0.00470672  0.0139204  
               -0.00127444  0.00481323  0.0127943  
               -0.00252147  0.00429438  0.0056474  
               0.00483368  -0.00120703  0.0483388  
               0.00465694  0.00178966  0.00609567  
               0.000443184  0.00495635  0.0164617  
               3.03822e-05  0.00499701  0.0155164  
               0.00368033  -0.0033591  0.020631  
               0.000530725  0.00494773  0.0432854  
               -0.00198337  0.00458201  0.0230954  
               -0.000121005  -0.00498808  0.0460308  
               -0.00320107  0.00381002  0.0347951  
               -0.00210356  0.00451776  0.0347015  
               -0.00480424  0.00130408  0.0173753  
               -0.00249428  0.00430892  0.0162354  
               0.00441339  -0.00229883  0.0114161  
               0.00116479  -0.00484649  0.0299171  
               0.00458044  -0.00198631  0.0166562  
               -0.000726776  -0.00492842  0.0106609  
               -0.000977105  0.00490342  0.0157209  
               0.0011854  0.00484024  0.0155689  
               0.004954  -0.000467011  0.015513  
               -0.00138145  -0.00478077  0.0232921  
               0.00268418  -0.00420742  0.0432495  
               0.00382659  -0.00318088  0.0196331  
               0.00441244  -0.00230062  0.0465454  
               -0.00496765  0.00032844  0.0202087  
               -0.00352449  0.0035446  0.0455269  
               0.00499381  -6.28902e-05  0.0385868  
               0.00326658  0.00375626  0.0017  
               -0.00468931  -0.00168296  0.036924  
               -0.00184297  -0.00464077  0.0247755  
               -0.00137142  -0.00478381  0.0463594  
               -0.00445804  -0.00221529  0.0212396  
               -0.00403865  -0.00292248  0.020645  
               -0.0039576  0.00302124  0.0370638  
               0.00492718  -0.000739382  0.0204519  
               0.0045629  -0.00201911  0.0205932  
               0.000595915  0.00494131  0.0128374  
               0.00285617  -0.00409307  0.030203  
               0.0027604  -0.00416668  0.028969  
               -0.0027372  -0.00417908  0.0248793  
               -0.00218824  0.0044725  0.014936  
               0.000229057  0.00497744  0.0115181  
               -0.00480972  -0.001286  0.0302712  
               0.000552382  0.0049456  0.0401227  
               -0.00100592  0.00489468  0.0403901  
               0.000260385  0.00497435  0.0414311  
               0.00291998  0.00404071  0.00295656  
               0.00308041  0.00390905  0.00228778  
               0.00448754  -0.00216011  0.0421972  
               0.00333204  0.00370254  0.0414644  
               -0.00492102  0.000801884  0.0302354  
               -6.01608e-05  0.00499407  0.0311398  
               2.71997e-05  -0.00499732  0.0322829  
               -0.00494253  -0.00058354  0.0460072  
               -0.00497466  -0.000257304  0.0407882  
               -0.00425731  -0.00259084  0.0438141  
               -0.000391273  -0.00496146  0.021952  
               -0.000934947  -0.00490792  0.040577  
               0.000572282  -0.00494364  0.0399813  
               -0.00498735  -0.000128481  0.0306312  
               -0.0049763  -0.000240629  0.0293162  
               0.00483433  -0.00120487  0.0424319  
               0.00102091  0.00489014  0.0230993  
               0.0021612  0.00448696  0.0238293  
               -0.00472048  0.00158019  0.0160242  
               -0.00110148  -0.0048657  0.0212335  
               -0.00316395  -0.00384049  0.0351372  
               -0.000455046  -0.00495518  0.0257873  
               -0.000361873  -0.00496436  0.0243629  
               0.00235949  0.00438097  0.0433943  
               0.00323742  0.00378019  0.0424634  
               -0.00146325  -0.00475595  0.0452379  
               0.000154432  -0.00498479  0.0374302  
               0.00497927  -0.000210449  0.0128477  
               -0.00428669  -0.00253587  0.0188193  
               0.0028021  -0.00413745  0.0448584  
               -0.0046632  -0.00176903  0.017821  
               -0.00423312  -0.0026361  0.0174605  
               0.00331388  -0.00371744  0.0267953  
               -0.00464665  0.00182358  0.0406266  
               -0.00144454  -0.00476163  0.0197004  
               -0.00214999  -0.00449295  0.0205404  
               -0.00499089  9.24999e-05  0.00907943  
               -0.00406487  0.00289054  0.0291922  
               -0.00382069  -0.00318807  0.0323635  
               -0.00438366  0.00235445  0.0353095  
               0.000282439  -0.00497218  0.0289607  
               -0.00356609  0.0034983  0.029824  
               0.00186495  0.0046341  0.0117516  
               0.00499328  -6.82738e-05  0.026357  
               -0.0048612  0.00111632  0.0138027  
               0.00222736  0.00445159  0.0217518  
               0.00494947  0.000513061  0.0212654  
               -0.00477935  0.00138611  0.0056243  
               0.0048822  0.00104706  0.016938  
               0.000764234  -0.00492473  0.0388641  
               -0.00118915  0.0048391  0.0421461  
               0.00277785  -0.00415735  0.0462274  
               0.00487808  -0.00106067  0.0389727  
               0.00490611  0.000953276  0.0264362  
               0.00492498  -0.00076174  0.00470248  
               -0.00499139  8.74526e-05  0.0182357  
               0.00090464  -0.0049109  0.0264536  
               0.00350461  -0.00356092  0.00252274  
               -0.00377408  0.00324487  0.0340995  
               -0.00106304  -0.00487736  0.0320558  
               -0.00497969  0.000206226  0.0428723  
               -0.00217805  -0.00447795  0.0445012  
               0.00399161  0.0029798  0.0128667  
               0.00456186  0.00202106  0.0124778  
               -0.00311383  -0.00388162  0.0184542  
               -0.00365484  -0.00339016  0.0168534  
               -0.00381676  -0.00319286  0.0357949  
               0.00205941  0.00454136  0.0446689  
               0.00487432  0.00107307  0.0409865  
               0.00471365  0.00160271  0.0420808  
               0.00441675  -0.00229254  0.0265857  
               0.00415765  -0.00277728  0.0257492  
               0.00411812  -0.00282565  0.0273785  
               -0.00496552  0.000350073  0.0254715  
               0.00305109  -0.00393311  0.0127695  
               0.00438405  -0.00235372  0.00499284  
               -0.00499198  -8.1473e-05  0.0220389  
               0.00467323  0.00173594  0.0399745  
               -0.00117661  0.0048429  0.00612149  
               0.00434538  0.00242607  0.027774  
               -0.00443573  -0.00225703  0.0287552  
               -0.00494276  -0.000581128  0.0246396  
               0.00462783  0.00188562  0.0269373  
               -0.00491254  -0.000887961  0.0162936  
               0.000319509  0.00496853  0.0365101  
               -0.00420787  -0.00268334  0.00996842  
               -0.00239792  -0.00436043  0.00764699  
               -0.00466588  0.0017602  0.0339847  
               0.00497664  0.000237166  0.0241541  
               0.00366157  0.00338195  0.00587803  
               -0.00496846  0.000320238  0.0315394  
               -0.00091887  -0.0049095  0.0368321  
               -0.00112259  0.00485929  0.0116898  
               0.00345891  0.00359842  0.0323001  
               0.00426568  0.00257518  0.032465  
               0.00463584  -0.00185921  0.0182229  
               0.00497821  0.000221232  0.0111233  
               0.00495165  0.00049091  0.00995103  
               0.00456706  0.00201134  0.0109199  
               0.0025139  -0.00429844  0.0340628  
               0.00234423  -0.00438912  0.00492609  
               0.00207287  -0.00453417  0.00622761  
               -0.00124488  0.0048222  0.0237446  
               -0.00439715  -0.00232922  0.0145483  
               -0.00426916  0.00256867  0.0326702  
               -0.00452956  0.00208149  0.0312687  
               -0.00033205  0.0049673  0.0230896  
               -0.00242923  0.00434369  0.0127011  
               -0.00300635  -0.00396982  0.00976662  
               0.00341617  -0.00363349  0.0341481  
               -0.00257304  -0.00426682  0.0454657  
               0.00134487  -0.00479186  0.0138372  
               0.00343967  -0.0036142  0.0323694  
               0.00281944  -0.00412322  0.0329954  
               -0.00464659  0.00182377  0.0268735  
               0.00498851  -0.000116655  0.00808277  
               0.00480075  -0.00131557  0.00791888  
               0.00494174  0.000591543  0.037761  
               0.00194586  -0.00460205  0.030943  
               -0.00343895  -0.0036148  0.0438938  
               -0.000514174  -0.00494936  0.0060958  
               -0.00427384  0.00255991  0.0453163  
               0.00236644  -0.00437725  0.0139662  
               -0.00251618  -0.00429722  0.00538167  
               -0.0041515  -0.00278498  0.0265859  
               -0.00419494  -0.00270752  0.0275929  
               -0.00383063  0.00317596  0.0445993  
               0.0049701  -0.000303558  0.0187077  
               0.00491254  -0.000888007  0.0217816  
               -0.00267461  0.00421253  0.0316656  
               -0.00341806  0.00363195  0.0239521  
               -0.00278989  0.00414747  0.0417134  
               0.00442426  -0.00227849  0.0191372  
               0.00114237  0.00485329  0.0242562  
               -0.00403106  -0.00293174  0.00293445  
               0.00144461  -0.00476161  0.0342436  
               -0.00493116  -0.000698977  0.0173112  
               0.00483522  -0.00120193  0.0316388  
               0.00356282  0.00350229  0.0226075  
               -0.00247456  0.00431946  0.0180883  
               -0.00132039  0.00479929  0.0184354  
               0.00121733  -0.00483055  0.0149939  
               0.00344341  -0.00361114  0.0103189  
               0.00400263  -0.00296637  0.00874286  
               0.000565082  -0.00494434  0.0446429  
               0.00284254  -0.00410426  0.0317068  
               0.0016249  -0.00470692  0.0127664  
               -0.00157067  -0.00472337  0.0398103  
               0.00323805  0.00377967  0.0211425  
               -0.0017452  -0.00467043  0.0296124  
               -0.00490425  0.000972165  0.0332685  
               0.00156306  -0.00472568  0.0286403  
               -0.00160963  0.00471155  0.0170944  
               -0.000478917  0.00495283  0.0168528  
               -0.00172959  -0.00467516  0.0258443  
               0.00496942  0.000310464  0.0348563  
               0.00188866  -0.00462691  0.0207313  
               -0.00484605  -0.00116625  0.00933814  
               -0.00433138  0.00245225  0.0167548  
               0.00228748  -0.00441946  0.0388316  
               -0.00127281  0.00481372  0.0319698  
               -0.00124132  0.00482327  0.0334416  
               0.00302782  -0.0039522  0.0189233  
               -0.00158608  -0.0047187  0.038719  
               -0.000465678  -0.00495413  0.0448627  
               -0.000176439  -0.00498262  0.0438949  
               0.00112052  0.00485992  0.0192438  
               0.00204011  0.00455168  0.0319631  
               0.0010695  0.0048754  0.0319785  
               0.00486273  -0.00111125  0.0376853  
               -0.00384299  0.0031609  0.0408662  
               0.00483478  0.0012034  0.00896335  
               0.00471521  -0.00159756  0.0100202  
               -0.00479754  0.00132615  0.0356805  
               -0.00493061  0.000704533  0.0348125  
               -0.00498184  0.00018435  0.0359966  
               -0.00364822  0.00339823  0.041995  
               0.00445436  0.00222219  0.00866414  
               0.000245168  -0.00497585  0.0187712  
               -0.00016701  -0.00498355  0.00967301  
               0.00482192  -0.00124578  0.0268702  
               0.00479072  0.00134864  0.0181498  
               0.00263891  -0.00423161  0.0154438  
               -0.00324341  -0.00377528  0.0134514  
               -0.00124694  -0.00482157  0.0442356  
               -0.00485619  -0.00113282  0.0430308  
               -0.0033599  0.00367967  0.0196327  
               -0.0036487  0.00339765  0.0325657  
               0.00313696  0.00386263  0.0200657  
               0.00138662  -0.0047792  0.0325506  
               -0.000512899  -0.00494948  0.0331854  
               0.00453792  -0.00206585  0.0220463  
               -0.00418313  -0.00272961  0.0384472  
               -0.00415183  -0.00278457  0.025548  
               0.00040625  -0.00495999  0.0107479  
               -0.0038095  0.00320171  0.0117502  
               0.00378811  -0.00322777  0.0445836  
               0.00453384  0.00207348  0.0171616  
               5.40806e-05  0.00499467  0.0176998  
               -0.0023156  -0.00440443  0.0408318  
               -0.00491557  -0.000857243  0.0207682  
               0.0010302  0.00488732  0.0352554  
               -0.00247427  -0.00431962  0.0289648  
               -0.00287896  -0.00407437  0.0235604  
               0.00140466  0.00477373  0.031017  
               -0.0046597  0.00178056  0.0256868  
               -0.00438314  0.00235542  0.0247733  
               0.00107777  0.00487289  0.0141605  
               -0.00464695  -0.00182257  0.0383978  
               -0.00427008  0.00256694  0.0383369  
               0.00255061  0.00427881  0.0401772  
               0.00379394  0.00322067  0.0401543  
               -0.00461204  0.00192719  0.0391311  
               0.0045287  0.0020831  0.020413  
               0.00219646  -0.00446811  0.0249458  
               0.00341465  -0.00363474  0.0253883  
               -0.00441951  -0.00228737  0.0425434  
               0.00409111  -0.00285856  0.0097493  
               0.00449948  -0.00213777  0.0442509  
               0.000596583  -0.00494124  0.0249198  
               -0.00165058  0.00469913  0.0369804  
               -5.17994e-05  0.0049949  0.0330801  
               0.00498472  -0.000155167  0.0253324  
               -0.00369131  0.00334572  0.00610773  
               -0.00476356  0.00143816  0.03231  
               0.00437624  -0.00236833  0.038283  
               -0.00493196  0.000690806  0.0165357  
               -0.00172917  -0.00467529  0.0186472  
               0.00466351  -0.00176801  0.0155945  
               -0.00223137  -0.00444945  0.033409  
               0.00490799  -0.000934179  0.017924  
               -0.00494636  -0.000544637  0.0350496  
               -0.00474215  -0.00150877  0.0346574  
               0.00498121  0.000190759  0.0442778  
               -0.00493169  -0.000693599  0.033989  
               0.00335123  0.00368679  0.0256724  
               -0.00115806  -0.00484853  0.0378124  
               0.00131957  0.00479954  0.0439725  
               0.00451896  -0.00210133  0.00861062  
               0.00189014  -0.00462646  0.0162502  
               0.0015916  0.00471702  0.039962  
               -0.000485966  -0.00495214  0.0118405  
               -0.00499351  -6.59363e-05  0.0279243  
               -0.0032526  0.00376773  0.0275092  
               0.000783888  0.00492279  0.0260547  
               0.00124353  0.00482261  0.0422326  
               0.00495042  -0.000503366  0.00930344  
               0.00493781  -0.000631387  0.010336  
               0.00314119  -0.00385917  0.0199181  
               0.00485495  -0.00113691  0.00261355  
               0.00221968  -0.00445569  0.0084751  
               0.00337605  -0.00366642  0.0281027  
               -0.00370876  0.00332446  0.0164787  
               0.00397722  0.00299733  0.021008  
               0.00495957  -0.00041045  0.0432998  
               0.00136867  -0.00478465  0.0255598  
               -0.00444304  -0.00224335  0.0200087  
               -0.004211  0.00267748  0.0261723  
               0.00149095  -0.00474755  0.0395673  
               -0.00488352  -0.00104274  0.0282296  
               0.00203433  0.00455477  0.0350917  
               -0.00492592  0.000752189  0.0292396  
               0.000476882  -0.00495303  0.0121607  
               0.0025188  0.00429581  0.0296941  
               0.00229023  -0.00441799  0.0195591  
               0.0049342  0.000668072  0.012277  
               0.000512027  -0.00494957  0.0332163  
               0.00254552  -0.00428153  0.0279536  
               -0.00381034  0.00320068  0.0205462  
               -0.00496427  -0.000362796  0.0438368  
               0.000659174  -0.00493508  0.0215748  
               -0.00383302  -0.00317304  0.0287342  
            </DataArray>
         </Points> 

         <Cells>
            <DataArray type="Int32" Name="connectivity" NumberOfComponents="1" format="ascii">
               
            </DataArray> 
            <DataArray type="Int32" Name="offsets" NumberOfComponents="1" format="ascii">
               
            </DataArray>
            <DataArray type="UInt8"  Name="types" NumberOfComponents="1" format="ascii">
               
            </DataArray>
         </Cells>
         <PointData Scalars="Rank " Vectors="DisplacementDelta Force ">
            <DataArray type="UInt32" Name="Rank" NumberOfComponents="1" format="ascii">
               0 0 0 0 0 0 0 0 0 0 0 0 0 0 0 0 0 0 0 0 0 0 0 0 0 0 0 0 0 0 0 0 0 0 0 0 0 0 0 0 0 0 0 0 0 0 0 0 0 0 0 0 0 0 0 0 0 0 0 0 0 0 0 0 0 0 0 0 0 0 0 0 0 0 0 0 0 0 0 0 0 0 0 0 0 0 0 0 0 0 0 0 0 0 0 0 0 0 0 0 0 0 0 0 0 0 0 0 0 0 0 0 0 0 0 0 0 0 0 0 0 0 0 0 0 0 0 0 0 0 0 0 0 0 0 0 0 0 0 0 0 0 0 0 0 0 0 0 0 0 0 0 0 0 0 0 0 0 0 0 0 0 0 0 0 0 0 0 0 0 0 0 0 0 0 0 0 0 0 0 0 0 0 0 0 0 0 0 0 0 0 0 0 0 0 0 0 0 0 0 0 0 0 0 0 0 0 0 0 0 0 0 0 0 0 0 0 0 0 0 0 0 0 0 0 0 0 0 0 0 0 0 0 0 0 0 0 0 0 0 0 0 0 0 0 0 0 0 0 0 0 0 0 0 0 0 0 0 0 0 0 0 0 0 0 0 0 0 0 0 0 0 0 0 0 0 0 0 0 0 0 0 0 0 0 0 0 0 0 0 0 0 0 0 0 0 0 0 0 0 0 0 0 0 0 0 0 0 0 0 0 0 0 0 0 0 0 0 0 0 0 0 0 0 0 0 0 0 0 0 0 0 0 0 0 0 0 0 0 0 0 0 0 0 0 0 0 0 0 0 0 0 0 0 0 0 0 0 0 0 0 0 0 0 0 0 0 0 0 0 0 0 0 0 0 0 0 0 0 0 0 0 0 0 0 0 0 0 0 0 0 0 0 0 0 0 0 0 0 0 0 0 0 0 0 0 0 0 0 0 0 0 0 0 0 0 0 0 0 0 0 0 0 0 0 0 0 0 0 0 0 0 0 0 0 0 0 0 0 0 0 0 0 0 0 0 0 0 0 0 0 0 0 0 0 0 0 0 0 0 0 0 0 0 0 0 0 0 0 0 0 0 0 0 0 0 0 0 0 0 0 0 0 0 0 0 0 0 0 0 0 0 0 0 0 0 0 0 0 0 0 0 0 0 0 0 0 0 0 0 0 0 0 0 0 0 0 0 0 0 0 0 0 0 0 0 0 0 0 0 0 0 0 0 0 0 0 0 0 0 0 0 0 0 0 0 0 0 0 0 0 0 0 0 0 0 0 0 0 0 0 0 0 0 0 0 0 0 0 0 0 0 0 0 0 0 0 0 0 0 0 0 0 0 0 0 0 0 0 0 0 0 0 0 0 0 0 0 0 0 0 0 0 0 0 0 0 0 0 0 0 0 0 0 0 0 0 0 0 0 0 0 0 0 0 0 0 0 0 0 0 0 0 0 0 0 0 0 0 0 0 0 0 0 0 0 0 0 0 0 0 0 0 0 0 0 0 0 0 0 0 0 0 0 0 0 0 0 0 0 0 0 0 0 0 0 0 0 0 0 0 0 0 0 0 0 0 0 0 0 0 0 0 0 0 0 0 0 0 0 0 0 0 0 0 0 0 0 0 0 0 0 0 0 0 0 0 0 0 0 0 0 0 0 0 0 0 0 0 0 0 0 0 0 0 0 0 0 0 0 0 0 0 0 0 0 0 0 0 0 0 0 0 0 0 0 0 0 0 0 0 0 0 0 0 0 0 0 0 0 0 0 0 0 0 0 0 0 0 0 0 0 0 0 0 0 0 0 0 0 0 0 0 0 0 0 0 0 0 0 0 0 0 0 0 0 0 0 0 0 0 0 0 0 0 0 0 0 0 0 0 0 0 0 0 0 0 0 0 0 0 0 0 0 0 0 0 0 0 0 0 0 0 0 0 0 0 0 0 0 0 0 0 0 0 0 0 0 0 0 0 0 0 0 0 0 0 0 0 0 0 0 0 0 0 0 0 0 0 0 0 0 0 0 0 0 0 0 0 0 0 0 0 0 0 0 0 0 0 0 0 0 0 0 0 0 0 0 0 0 0 0 0 0 0 0 0 0 0 0 0 0 0 0 0 0 0 0 0 0 0 0 0 0 0 0 0 0 0 0 0 0 0 0 0 0 0 0 0 0 0 0 0 0 0 0 0 0 0 0 0 0 0 0 0 0 0 0 0 0 0 0 0 0 0 0 0 0 0 0 0 0 0 0 0 0 0 0 0 0 0 0 0 0 0 0 0 0 0 0 0 0 0 0 0 0 0 0 0 0 0 0 0 0 0 0 0 0 0 0 0 0 0 0 0 0 0 0 0 0 0 0 0 0 0 0 0 0 0 0 0 0 0 0 0 0 0 0 0 0 0 0 0 0 0 0 0 0 0 0 0 0 0 0 0 0 0 0 0 0 0 0 0 0 0 0 0 0 0 0 0 0 0 0 0 0 0 0 0 0 0 0 0 0 0 0 0 0 0 0 0 0 0 0 0 0 0 0 0 0 0 0 0 0 0 0 0 0 0 0 0 0 0 0 0 0 
            </DataArray>
            <DataArray type="Float64" Name="DisplacementDelta" NumberOfComponents="3" format="ascii">
               1.46341e-10 -2.97886e-10 1.60031e-10  2.25986e-11 -2.50664e-10 5.21783e-11  1.66684e-09 -1.91202e-09 -1.96069e-09  1.09226e-09 -1.28861e-09 -9.30439e-10  5.85943e-11 4.97328e-12 2.55234e-10  -7.23973e-11 1.25259e-10 1.47458e-10  3.70244e-08 -1.51808e-07 5.11827e-07  -4.52444e-10 -1.44227e-09 -3.11294e-10  3.3859e-10 -2.03498e-09 -3.97967e-11  4.73253e-10 -1.72417e-10 -1.69021e-10  2.49455e-10 2.99421e-10 1.29393e-10  -1.35989e-07 -4.25303e-09 6.86717e-07  -4.133e-07 -2.35597e-08 4.7159e-07  2.0515e-07 4.18547e-07 -1.65291e-06  4.90164e-07 1.12529e-06 -1.47378e-06  1.09914e-07 2.11493e-07 -1.92604e-06  -8.62685e-10 -4.59297e-10 1.21634e-10  -3.09148e-07 1.14842e-07 3.85311e-07  -2.03014e-10 1.02807e-09 3.77588e-10  -2.12566e-10 5.62545e-10 8.01728e-10  -6.028e-10 4.13508e-10 5.79599e-10  -3.05981e-09 3.17355e-07 6.38744e-07  -1.13628e-07 2.41359e-07 6.33234e-07  1.79485e-10 -3.18375e-10 1.228e-10  1.06599e-10 -1.73387e-10 1.71016e-10  8.91905e-11 -1.44585e-10 1.35952e-10  1.63825e-10 -9.37675e-11 -8.23723e-11  2.05449e-07 3.2375e-07 6.93615e-07  2.19326e-10 -3.79737e-10 2.12184e-10  1.93518e-10 -2.62579e-10 1.19727e-10  -2.52228e-07 -1.68525e-07 5.86695e-07  2.86136e-07 3.87444e-07 8.46953e-07  1.90308e-11 -7.4114e-11 2.63542e-10  -2.07598e-07 3.21813e-07 7.45439e-07  -1.14448e-07 1.59326e-08 6.08603e-07  -2.25461e-06 4.2959e-06 1.39808e-06  2.67419e-10 -2.45701e-10 2.19952e-12  2.36482e-10 -5.0801e-10 3.86391e-10  6.96858e-06 6.64744e-07 -1.32368e-06  5.17199e-06 8.50981e-07 -1.96886e-06  4.87699e-06 -5.25337e-07 -2.08936e-06  -2.4012e-07 -5.85524e-07 9.40461e-07  -2.96006e-07 -1.6713e-06 1.24619e-06  1.41292e-10 -3.62095e-10 4.57853e-10  -4.38862e-11 -4.86218e-10 5.23882e-10  -6.58174e-11 -2.12739e-10 5.5004e-10  -8.66611e-08 1.18869e-07 -7.26248e-07  -9.40539e-08 9.20566e-08 -6.64084e-07  1.34767e-07 -4.09509e-07 4.41351e-07  3.40881e-07 6.87251e-07 9.73706e-07  9.96498e-08 1.20335e-07 6.54339e-07  -5.66176e-07 -8.49629e-07 1.0642e-06  -3.19435e-07 -5.04007e-07 8.52335e-07  1.38521e-06 1.25028e-06 1.3803e-06  3.0433e-06 1.98215e-06 1.57247e-06  3.67009e-06 3.13631e-06 1.55497e-06  2.81951e-08 -1.09055e-08 5.06345e-07  7.94593e-07 8.7078e-07 1.18424e-06  -5.75378e-06 1.99582e-06 1.03442e-06  -2.69304e-06 1.53543e-06 1.45146e-06  -3.14753e-06 1.00366e-06 1.49714e-06  3.42284e-11 -2.8854e-10 1.01915e-10  1.2816e-10 1.42739e-10 3.40059e-10  -3.90073e-08 3.64172e-08 5.40193e-07  2.01102e-07 -7.09076e-08 8.26966e-07  -1.21719e-07 -1.99704e-08 4.15884e-07  -6.12843e-10 -1.23641e-10 -1.40022e-10  -7.45287e-10 -1.87912e-10 -3.18624e-10  1.55203e-10 -4.00006e-10 -7.09518e-10  4.03728e-07 5.3994e-07 9.36936e-07  -4.50637e-08 -1.36014e-07 -7.50273e-07  -1.74378e-08 -2.23698e-07 -9.96812e-07  2.70312e-07 2.31626e-07 4.93405e-07  -1.73656e-07 -2.59614e-07 5.70979e-07  -2.75451e-10 1.40833e-10 5.33015e-11  2.07839e-06 1.05454e-07 1.42347e-06  1.54934e-08 1.85743e-07 4.78257e-07  2.94283e-10 -1.34026e-09 -5.91984e-09  6.80405e-10 -1.86619e-09 -5.09129e-09  -3.06868e-10 -6.48241e-10 -2.9422e-10  -7.58886e-10 8.46812e-10 -3.15282e-10  -4.63767e-08 -3.18074e-07 6.75707e-07  1.73648e-10 -4.97817e-10 5.46856e-10  9.42256e-11 -6.14811e-10 3.86503e-10  -1.91644e-08 7.31623e-08 4.69897e-07  -3.40165e-10 1.73675e-10 3.86675e-10  -3.82441e-10 -2.76581e-11 3.01883e-10  1.99301e-10 -1.70353e-10 -7.64566e-11  1.62241e-10 -1.71181e-10 -4.48679e-11  -1.17008e-10 8.09463e-10 4.43582e-11  1.16222e-08 -3.39751e-08 -1.37247e-07  3.19172e-08 -2.96952e-08 -1.12375e-07  -1.61874e-09 -1.81605e-09 -7.76978e-09  3.94059e-08 1.50664e-07 -8.59058e-07  7.57491e-08 1.38074e-07 -1.13088e-06  6.57204e-08 6.37424e-08 -8.32124e-07  -1.27588e-10 3.48513e-11 2.04431e-10  -5.7172e-08 2.94656e-08 -4.51585e-07  -7.54928e-08 5.26893e-08 -3.00609e-07  -1.10415e-07 2.44461e-08 -3.95363e-07  5.39511e-11 5.45775e-10 1.40138e-10  -4.19257e-10 3.0397e-10 6.25422e-12  1.50559e-06 -8.23164e-06 4.93286e-07  3.70933e-06 -6.99513e-06 4.47251e-07  2.08536e-06 -6.25223e-06 1.03354e-06  1.60999e-07 8.18802e-08 -1.28168e-06  3.92881e-07 1.02112e-07 -1.51437e-06  -6.04358e-10 1.74671e-10 1.2198e-10  -4.47868e-10 1.51497e-10 -3.40259e-11  8.52648e-07 -2.40956e-07 1.17773e-06  2.31276e-08 -1.7133e-07 8.74388e-07  1.89737e-10 4.75504e-10 1.13618e-11  7.50832e-06 -2.72415e-06 2.46348e-07  2.09636e-06 -1.34541e-06 1.40646e-06  5.65122e-06 -4.31797e-06 5.09391e-07  9.28858e-09 7.30275e-08 6.87186e-07  -3.99637e-08 -1.25179e-07 6.06161e-07  -1.65684e-10 6.95119e-11 1.009e-10  1.1659e-10 -2.99079e-10 3.41715e-10  2.15372e-11 -4.43907e-10 2.2636e-10  -4.828e-10 -4.56308e-11 9.89462e-12  -6.59533e-10 -5.06461e-10 -1.09427e-10  -1.88463e-08 4.17465e-08 5.62184e-07  -6.8307e-08 5.7686e-08 5.98565e-07  -3.40803e-07 3.65178e-07 7.23309e-07  -1.16975e-07 6.14207e-08 4.44531e-07  -3.71331e-07 2.36508e-07 4.2229e-07  -2.12606e-10 4.4697e-10 2.24595e-10  -2.10993e-06 7.10843e-06 8.88049e-07  -2.56772e-06 8.66039e-06 -7.71012e-07  -1.17322e-06 8.94254e-06 1.82605e-07  1.6128e-08 -2.42535e-08 -9.57491e-08  2.15086e-08 -1.966e-08 -8.31878e-08  -1.05191e-06 1.02142e-06 -2.63192e-06  -2.98093e-06 4.10947e-06 -2.15783e-06  -1.66201e-06 3.95731e-06 -2.4588e-06  -1.49662e-07 -3.77412e-07 6.71914e-07  3.45899e-07 -1.09697e-07 9.40227e-07  -4.32143e-08 -2.85711e-07 5.93783e-07  1.77113e-07 -8.14569e-07 8.99623e-07  -1.36023e-06 -4.97752e-06 -2.16414e-06  6.08551e-07 1.86006e-06 1.44473e-06  1.80223e-10 -8.2744e-11 -4.61626e-11  3.12368e-07 -1.26929e-06 1.14072e-06  9.93704e-07 -3.38672e-06 1.38987e-06  7.17081e-08 6.7528e-08 5.64541e-07  -3.1445e-10 1.51048e-10 1.70403e-10  -2.68971e-07 1.31418e-09 7.51489e-07  1.47859e-07 -4.98378e-08 6.2922e-07  4.92936e-10 1.41789e-10 1.3123e-10  2.71408e-10 8.46703e-11 7.95672e-11  3.98016e-06 7.48319e-06 -9.92424e-07  3.69175e-06 6.91717e-06 7.32972e-07  5.19796e-06 6.35263e-06 3.70148e-07  3.19088e-10 -3.10411e-10 2.1142e-10  -5.34356e-11 9.60621e-10 2.44003e-10  -6.34557e-07 -4.72622e-06 1.40878e-06  7.48317e-07 -4.73033e-06 1.40214e-06  8.3048e-10 -6.97949e-10 -5.38106e-10  -5.27106e-10 -1.88865e-09 3.82092e-10  3.6801e-07 -1.02915e-06 1.10586e-06  -2.5277e-10 -2.6046e-10 2.54627e-10  -1.92786e-06 -6.61076e-06 -1.54418e-06  8.93296e-08 3.86977e-07 7.98045e-07  5.57954e-07 7.2911e-07 1.08253e-06  -1.08396e-10 1.04663e-10 1.48818e-10  4.7222e-11 1.52349e-10 4.32289e-10  6.98904e-08 -2.46302e-07 3.4268e-07  2.01268e-11 9.20814e-11 2.01223e-10  3.42579e-10 -1.05308e-10 2.0911e-10  2.66894e-10 2.81188e-11 -4.75966e-11  2.52596e-10 -9.93906e-11 2.31037e-10  1.60046e-09 4.62686e-10 2.3736e-10  -3.19507e-10 7.51109e-11 1.5312e-10  2.44975e-08 -1.89368e-07 4.29314e-07  6.4044e-08 1.17182e-07 5.19788e-07  1.49652e-07 5.40138e-07 8.75734e-07  -1.24967e-07 -3.4825e-07 5.16218e-07  -1.07053e-06 5.55939e-08 -1.5891e-06  -1.23682e-06 -1.91615e-07 -1.72442e-06  -6.27292e-07 1.02081e-07 -1.60955e-06  8.24246e-08 -2.49688e-07 -1.45618e-06  6.24754e-07 -9.60938e-07 -1.36389e-06  -6.71435e-07 1.22003e-07 9.95919e-07  -1.84108e-10 -1.55911e-10 4.2997e-10  -2.263e-10 -1.01612e-11 1.16301e-10  -7.85641e-09 9.30298e-09 -4.45241e-08  -1.08705e-08 1.83956e-08 -6.29745e-08  -6.58156e-08 -4.48839e-07 -1.55225e-06  -2.34917e-07 -3.39288e-07 -1.61672e-06  1.57382e-09 -5.41693e-10 -4.53842e-09  1.15865e-07 1.74453e-07 8.23026e-07  3.76435e-10 -9.65028e-11 5.15408e-11  -6.08728e-07 3.36633e-07 9.3157e-07  1.47247e-06 8.5863e-07 1.40152e-06  -2.77115e-07 3.29475e-08 6.96732e-07  -1.92472e-09 1.94647e-09 -9.38588e-09  -1.33362e-09 1.0235e-09 -5.70606e-09  -2.20721e-10 3.6757e-10 1.40334e-10  -6.67618e-10 3.15669e-10 2.63959e-10  -1.37753e-09 1.92345e-09 -7.75238e-10  4.93102e-10 -2.10507e-10 6.18044e-13  3.8238e-10 -2.186e-10 -1.76688e-11  -7.0558e-08 2.65057e-09 6.52128e-07  -2.78136e-10 1.31853e-10 2.41557e-11  -3.6843e-06 -7.33707e-06 -2.65923e-07  -1.60711e-06 -5.30088e-06 1.24108e-06  -1.30483e-06 -7.87735e-06 3.41651e-07  1.34828e-09 -7.21721e-10 3.89218e-10  -1.61349e-09 -3.79077e-11 -6.75568e-12  3.96241e-10 -7.61635e-10 -8.20433e-10  3.02781e-08 -1.50858e-07 5.27261e-07  6.46456e-10 -1.11961e-10 -3.6959e-09  1.76835e-09 -1.4666e-10 -3.20166e-09  -1.69467e-10 -7.5029e-10 4.21854e-11  4.77795e-10 -2.12377e-11 -3.18798e-10  1.21415e-09 -6.5003e-10 1.89629e-10  1.70184e-08 -1.02621e-08 -6.77867e-08  7.59587e-07 8.93362e-06 2.87259e-07  -1.87714e-10 -3.8214e-11 2.96402e-10  3.67989e-10 1.04466e-09 5.89025e-10  5.55094e-10 8.68275e-10 1.75888e-10  -1.20712e-10 2.10772e-10 7.26562e-10  1.20831e-10 -3.56138e-10 1.62065e-10  -2.40722e-10 1.25574e-10 4.9958e-10  -2.35279e-10 3.88551e-10 4.03372e-11  1.18999e-10 5.42746e-10 6.16284e-10  -1.18552e-06 2.11717e-07 1.21913e-06  -1.7517e-10 -5.68015e-10 1.03159e-10  -1.28774e-07 -1.79915e-08 -1.72947e-06  -5.52622e-07 5.29513e-07 -1.27528e-06  -2.83802e-07 1.86091e-07 -1.86476e-06  -2.88349e-09 -2.15198e-09 -7.74474e-09  -6.53932e-10 -7.41411e-10 -4.25868e-09  -1.67549e-09 -1.46052e-09 -7.35531e-09  -5.36268e-10 2.0413e-10 -5.35315e-11  -7.60625e-08 -2.35981e-07 -1.39202e-06  -1.81468e-10 4.32383e-10 7.32468e-11  8.87952e-07 2.23418e-06 1.43179e-06  1.38581e-06 4.23641e-06 1.64913e-06  3.52921e-10 1.00734e-10 5.14119e-11  7.15599e-11 5.94032e-10 1.44203e-10  -7.65849e-10 -6.09695e-11 -5.74443e-10  3.09354e-10 -2.63735e-10 2.12245e-11  -1.49319e-06 7.14694e-07 -2.56179e-06  2.96429e-10 1.13464e-10 2.24547e-10  3.50864e-11 1.10039e-11 1.1623e-10  1.7467e-10 -1.85104e-10 6.30134e-10  4.85573e-10 -3.99894e-10 3.77461e-10  4.60026e-10 -2.67465e-10 2.34406e-10  6.55655e-10 -3.79911e-10 2.69439e-10  -4.68951e-11 3.51948e-11 9.35204e-11  9.18365e-10 1.30017e-09 -9.88886e-12  9.40408e-10 3.6959e-10 4.08096e-10  2.08594e-09 1.01713e-09 2.42856e-11  -2.70896e-07 1.74678e-07 3.18553e-07  -4.37169e-11 1.46105e-10 9.67069e-11  1.73802e-10 1.70052e-10 2.98742e-10  1.39088e-10 -1.06992e-09 8.93256e-11  -3.1397e-07 3.03234e-07 -1.60044e-06  -5.65567e-07 1.48604e-07 -1.19289e-06  -8.87461e-07 6.30751e-07 -1.30481e-06  -1.95284e-10 1.45976e-10 7.5832e-11  -6.35665e-10 -8.85511e-10 -9.25786e-10  3.64964e-10 -1.53207e-10 -3.93921e-10  -8.06438e-09 -2.26287e-06 1.305e-06  4.18529e-07 -1.08441e-06 -1.57277e-06  1.40475e-11 1.28112e-09 -1.85025e-09  -1.21146e-06 -2.7053e-06 1.33704e-06  -2.44085e-10 3.19931e-11 -1.47673e-10  6.50279e-10 6.92848e-11 -1.01742e-10  -8.33925e-11 1.60402e-10 9.19271e-11  -2.37119e-08 9.43715e-08 5.6269e-07  -3.64543e-08 6.64973e-08 4.81115e-07  3.55241e-10 -2.85917e-10 -2.74487e-10  -2.55915e-10 -1.01497e-10 1.58387e-10  2.2219e-07 -9.77097e-08 6.05352e-07  -5.47705e-07 -6.51526e-07 9.57739e-07  -1.41888e-06 -1.07298e-06 1.27029e-06  2.07016e-06 -4.48791e-06 1.31918e-06  -4.18698e-07 5.23285e-08 3.69023e-07  -7.7132e-10 3.54205e-10 5.64452e-11  -3.26524e-06 4.50577e-07 1.50222e-06  -5.74642e-06 4.64476e-06 3.19196e-07  -3.22597e-09 9.29135e-10 -2.60246e-10  -2.19789e-07 -2.40753e-07 -1.24259e-06  -2.07334e-07 -1.6885e-07 -1.34338e-06  -1.55539e-07 -1.74554e-07 -1.0512e-06  -5.52677e-10 -6.69055e-10 3.50687e-10  4.8848e-08 -1.46145e-07 7.52417e-07  3.4479e-10 -1.0566e-09 -1.36746e-09  1.44342e-07 -4.67175e-07 6.49055e-07  -1.71543e-09 2.07226e-09 -8.32677e-09  2.10972e-07 1.29958e-07 -8.78974e-07  8.63921e-08 8.82802e-08 -1.10496e-06  -3.2046e-07 1.00002e-07 3.61055e-07  -4.73696e-08 -1.74435e-08 4.791e-07  -1.27678e-09 1.25889e-09 -3.73764e-09  -2.96123e-10 -6.1712e-12 5.98282e-10  9.8086e-08 -6.48724e-07 9.11119e-07  -3.90285e-06 6.80443e-07 -2.38877e-06  -2.88904e-06 -2.66515e-07 -2.62022e-06  3.57475e-09 2.79119e-09 -1.09654e-08  3.74343e-09 4.38716e-09 -1.03575e-08  1.66372e-09 1.28171e-09 -7.77861e-09  7.46634e-08 -5.43582e-08 -6.63892e-07  1.23072e-07 -1.17274e-07 -7.70364e-07  9.4282e-08 -6.93869e-08 -5.07558e-07  -1.18076e-07 5.04618e-08 8.22106e-07  -4.03573e-10 1.50786e-10 3.52725e-11  -4.05311e-10 1.63132e-10 8.31035e-11  -2.72492e-10 1.14596e-09 3.42622e-10  1.48925e-09 1.03531e-09 -3.57055e-09  9.32383e-10 2.1455e-11 -3.62142e-09  -2.11078e-10 -1.82909e-09 -2.21735e-09  2.16523e-09 2.23858e-10 -8.60984e-10  6.1496e-07 1.16849e-06 1.26707e-06  3.69741e-09 9.63846e-09 -2.42597e-08  8.7981e-10 8.81624e-10 1.49019e-10  1.7781e-09 2.23994e-10 1.98887e-10  -5.36542e-10 -4.87886e-10 4.92499e-10  7.41349e-10 4.65662e-10 3.10903e-10  -5.08893e-11 -3.79466e-10 4.64448e-10  -1.81716e-10 4.39537e-10 4.32755e-10  4.43449e-10 -5.22439e-10 -1.02513e-10  -2.91088e-10 -5.04885e-10 -6.60324e-11  3.34764e-08 -2.00131e-07 -8.70917e-07  1.45095e-08 9.88778e-08 -2.87833e-07  -3.60529e-06 3.23081e-06 1.33437e-06  -4.93483e-07 1.5814e-06 1.30211e-06  4.40616e-06 -1.84187e-06 -2.29516e-06  6.45549e-06 -1.80351e-06 -1.43751e-06  -1.11881e-09 -1.39825e-09 -5.80495e-10  -8.31232e-10 -1.93724e-09 -8.1126e-10  1.80043e-07 -6.08581e-09 -7.34978e-07  -6.01951e-10 -6.91629e-10 -6.55323e-11  9.84363e-08 -1.02398e-06 9.6826e-07  1.13169e-10 -2.32746e-10 9.09206e-11  -6.25451e-08 -1.31173e-07 -6.3617e-07  -1.02154e-07 -2.04198e-07 -7.67253e-07  -7.69289e-08 -2.19663e-07 -9.04889e-07  7.80734e-10 -9.84103e-10 -8.3241e-12  -3.11733e-07 6.56206e-06 1.2157e-06  -6.59332e-07 3.90278e-06 1.45281e-06  -3.2857e-10 8.90233e-11 4.10154e-10  1.2291e-08 8.98504e-09 -4.12279e-08  1.77833e-08 9.96793e-09 -5.84397e-08  -8.87968e-07 1.22888e-06 1.28724e-06  -6.05549e-07 4.90484e-07 8.65968e-07  -6.35645e-07 6.40471e-07 1.01994e-06  3.2455e-10 4.71832e-11 4.86934e-11  -5.76251e-10 2.35153e-10 3.05646e-10  5.73012e-11 6.64823e-10 4.30374e-10  -2.75449e-10 1.48352e-09 -4.57233e-10  -2.12993e-08 -1.01786e-08 -6.22057e-08  -2.1165e-08 -1.53306e-08 -8.49208e-08  1.50757e-09 1.00148e-09 -3.89152e-09  8.02751e-10 5.71094e-10 -3.94753e-09  9.70623e-10 5.24812e-10 -3.06915e-09  8.09637e-10 1.34079e-09 -1.35039e-09  5.11897e-10 -3.69723e-10 -1.10676e-09  7.10487e-10 7.1474e-10 -8.32498e-10  2.11604e-08 -3.34151e-09 -8.95701e-08  3.82029e-08 4.00222e-09 -9.76705e-08  2.76843e-10 -1.88717e-10 4.16878e-10  1.28915e-10 -2.44184e-10 4.01854e-10  4.33328e-10 -2.50478e-10 3.80354e-10  1.24603e-10 -4.13932e-10 3.95373e-10  3.08409e-08 7.13935e-08 7.07539e-07  -2.8584e-10 -5.80807e-10 3.06972e-10  -1.93407e-08 1.85101e-08 -1.63503e-07  -4.88791e-08 5.76208e-08 -2.35022e-07  -1.27551e-08 2.53183e-08 -1.46467e-07  1.45281e-06 2.3637e-06 1.49722e-06  5.6822e-07 8.88487e-07 1.12878e-06  -5.74169e-11 6.15193e-11 2.11521e-10  2.42126e-10 8.13886e-10 4.12051e-10  3.92486e-09 -3.19985e-08 -9.45769e-08  5.14855e-09 -4.3217e-08 -1.15503e-07  5.52854e-09 -3.21315e-08 -7.85554e-08  -8.41763e-08 1.53908e-06 1.32427e-06  5.94903e-06 -5.37917e-06 -4.83557e-07  5.48126e-06 -4.52601e-06 -1.35441e-06  4.85932e-06 -6.24893e-06 -1.0709e-06  -3.9413e-10 1.53377e-10 1.86911e-10  -5.22329e-07 -4.65605e-07 -1.70122e-06  -2.55105e-07 -1.97483e-07 -1.54539e-06  1.83516e-09 5.61711e-10 -3.00143e-09  -3.77497e-09 -8.82963e-09 -2.69596e-08  1.37839e-09 -5.98841e-09 -1.9781e-08  -9.25106e-10 -6.42489e-09 -1.57815e-08  -7.58311e-09 -3.34566e-09 -2.24464e-08  -1.59837e-08 -7.32254e-09 -4.61948e-08  -7.45299e-09 1.85484e-11 -2.40623e-08  -2.39554e-10 2.36421e-10 1.4343e-10  4.48887e-09 -1.68231e-09 -1.17155e-08  5.07767e-09 -1.2822e-09 -9.04809e-09  1.56619e-09 -1.31285e-09 -9.51815e-10  -4.51565e-08 -6.59651e-07 9.00651e-07  -2.78793e-10 1.31675e-09 -2.33082e-10  -4.14479e-06 8.01326e-06 -2.55299e-07  -5.56829e-06 4.37402e-06 -6.21037e-07  -8.36278e-10 4.25769e-09 -1.03246e-08  -9.95806e-10 2.17009e-09 -7.32309e-09  5.19877e-07 -2.23398e-07 -1.6826e-06  7.21691e-07 -8.02016e-07 -1.66147e-06  -2.02752e-06 1.67289e-06 1.36613e-06  1.70543e-08 -1.39558e-07 -6.3455e-07  -4.4974e-10 2.98859e-10 4.08883e-10  -1.82103e-10 -3.82357e-10 6.00392e-10  -3.39563e-06 -1.21542e-06 1.50698e-06  -2.63832e-06 -2.17859e-07 1.49934e-06  3.45393e-08 7.97001e-08 -4.95215e-07  6.74204e-08 1.27221e-07 -4.60897e-07  7.3477e-08 1.26529e-07 -6.06928e-07  1.63436e-10 -9.31019e-11 2.02345e-11  -3.01555e-10 -1.6895e-10 -1.61222e-09  1.00789e-09 2.63296e-10 -1.06677e-09  1.0595e-09 -5.5191e-12 -1.46536e-09  -1.42574e-10 -2.45951e-11 -6.55363e-11  9.0428e-10 1.23421e-10 -5.09133e-11  6.6028e-10 1.49784e-09 -2.36764e-09  -2.70004e-10 -5.58205e-10 -1.3807e-09  -2.42756e-09 -2.45709e-09 -6.31024e-10  -1.20054e-09 -1.99186e-09 -9.41131e-10  3.58606e-08 -1.01517e-07 -3.75286e-07  4.33797e-08 -1.42792e-07 -4.94173e-07  8.0732e-08 1.69658e-07 8.41935e-07  2.98002e-11 2.59212e-10 1.9342e-10  -7.78159e-10 8.58986e-10 9.73669e-11  -4.27485e-08 1.45395e-08 -1.41491e-07  -4.24652e-08 7.13296e-09 -1.9611e-07  5.51555e-06 6.43842e-06 -7.84255e-07  -6.43424e-09 6.98388e-09 -1.75125e-08  -4.96187e-09 5.97692e-09 -1.67449e-08  5.54756e-11 -5.79537e-11 4.17219e-10  -8.32322e-11 -1.12261e-10 4.40654e-10  -4.84084e-06 -5.11592e-06 5.26443e-07  -5.39713e-06 -6.42652e-06 -7.01518e-07  6.26171e-08 -4.1172e-07 3.91083e-07  -8.02097e-11 2.57905e-10 -1.01502e-09  4.14541e-10 -3.0249e-10 1.97007e-10  -4.85719e-09 8.34777e-09 -2.93602e-08  -7.84822e-07 9.06224e-07 1.12302e-06  4.56399e-09 -2.95067e-09 -1.3635e-08  -9.89347e-11 4.49552e-10 -1.71823e-09  3.04351e-10 8.96689e-10 -2.94238e-10  5.43396e-10 -5.02415e-11 -7.11083e-10  8.53087e-10 -1.47148e-09 -2.76449e-10  1.19773e-09 2.39296e-10 -1.11255e-09  2.21711e-07 -2.51622e-08 -8.71182e-07  -2.92832e-06 -5.15706e-06 1.06866e-06  2.26709e-06 4.08613e-06 1.58369e-06  -5.29745e-10 7.86629e-11 3.01541e-10  -3.49489e-08 -2.81813e-08 -1.82157e-07  -3.0724e-08 -2.54132e-08 -1.18582e-07  -2.53528e-06 -4.49203e-06 -2.12328e-06  -4.89946e-06 -5.44436e-06 -1.68133e-06  3.28144e-11 7.74807e-10 3.92882e-10  -7.40092e-08 -1.85022e-08 -3.10806e-07  -6.64513e-08 4.052e-09 -3.8862e-07  -9.16754e-08 -3.57252e-08 -4.46155e-07  -8.47744e-06 2.61651e-09 5.44396e-07  1.60819e-09 3.74652e-09 -1.52546e-08  9.10315e-10 2.9692e-09 -1.08171e-08  -2.50532e-10 7.0938e-09 -1.7687e-08  1.83544e-10 -8.65187e-10 1.44613e-10  -1.62297e-09 2.16994e-10 -1.188e-10  -1.01628e-09 -4.90919e-10 -3.50509e-10  -4.54961e-10 2.07025e-11 2.61743e-10  -3.48827e-06 1.74654e-06 -2.48335e-06  1.7679e-07 2.81068e-08 -1.05234e-06  1.74828e-07 -1.27458e-07 -1.02132e-06  1.21391e-07 -1.23837e-07 -9.56095e-07  9.57839e-11 -6.70108e-11 1.14174e-10  1.11086e-09 2.39335e-10 -4.28526e-09  -4.44461e-10 -7.91384e-10 -1.18537e-09  -4.97182e-10 4.3611e-10 -5.52558e-10  5.10693e-10 -2.00026e-10 -3.40709e-10  1.40256e-07 -1.1134e-07 -1.23139e-06  2.47336e-06 8.60968e-06 1.05794e-07  1.03809e-08 -4.00409e-07 -1.55504e-06  -1.3571e-08 -2.13474e-07 -1.31458e-06  -1.17634e-10 4.26025e-11 -1.76412e-09  4.75224e-09 8.86602e-09 -2.32599e-08  3.39598e-09 4.63068e-09 -1.70717e-08  5.97726e-09 5.87418e-09 -2.33955e-08  -1.24766e-09 -6.06692e-10 -3.06566e-10  5.94025e-10 -1.47939e-10 1.60979e-11  2.52192e-07 4.21234e-07 -1.55397e-06  2.90647e-10 4.43068e-10 -3.94029e-12  -1.77001e-09 1.30809e-09 -7.72851e-10  1.07824e-10 7.41685e-10 -1.11107e-09  -7.79378e-10 2.68324e-10 -3.54555e-10  -1.04016e-08 -6.05979e-08 -2.85965e-07  -1.28078e-09 -5.23269e-10 -4.83815e-09  -2.77028e-09 -6.83821e-10 -5.9326e-09  -3.052e-08 -3.40897e-08 -1.33258e-07  -1.44188e-08 -4.19734e-08 -1.5215e-07  -2.17569e-08 -4.27591e-08 -1.74788e-07  3.62383e-10 -1.60582e-09 1.43602e-10  1.99471e-06 2.34312e-06 -2.7447e-06  7.89983e-08 1.50031e-07 -6.14625e-07  4.79464e-10 -2.70241e-10 4.24196e-12  4.89163e-10 -3.11847e-10 1.7511e-10  -8.55737e-10 -7.28087e-10 1.05716e-10  -4.82106e-10 -5.03196e-10 -8.14335e-11  -3.42072e-08 -3.16565e-09 -1.12145e-07  -2.55757e-08 -6.56677e-09 -8.08505e-08  5.19663e-07 2.09916e-06 1.46436e-06  -6.73758e-10 6.93532e-10 -1.49704e-09  -1.26549e-09 1.08756e-09 -2.36275e-09  1.89622e-10 -1.52618e-11 3.12566e-11  1.4824e-10 -2.86582e-11 -1.84776e-11  7.46274e-06 4.51732e-06 1.47126e-07  8.65236e-09 1.44012e-08 -5.46953e-08  4.54496e-07 5.21556e-07 -1.64703e-06  8.12827e-07 7.25644e-07 -1.55703e-06  1.46047e-09 2.22069e-09 -8.02191e-09  2.00028e-09 3.56857e-09 -8.51684e-09  -4.4235e-08 8.25479e-09 -1.45158e-06  -2.66609e-07 -3.59838e-09 -1.31457e-06  -3.1012e-10 -2.98111e-10 5.20821e-10  6.09895e-09 -2.02839e-09 -1.15057e-08  -8.00148e-06 8.07391e-07 -9.04397e-07  -8.10416e-06 2.62088e-06 -4.18353e-07  -2.591e-08 1.90363e-08 -1.10705e-07  4.19986e-06 3.15258e-06 -2.40711e-06  1.5156e-09 2.08887e-09 -7.54335e-10  -6.76266e-07 -5.80439e-07 -1.26859e-06  3.90284e-06 1.28816e-06 1.48522e-06  7.0405e-06 -4.2844e-07 6.60561e-07  3.96367e-09 1.31549e-09 -1.43474e-08  6.56572e-09 1.22463e-09 -1.7416e-08  1.20822e-08 3.3104e-09 -2.09624e-08  -6.41622e-10 4.66545e-09 -1.08538e-08  -2.74641e-07 5.03587e-07 -1.28882e-06  1.20477e-10 1.86561e-10 -1.46269e-09  2.82752e-10 2.47294e-10 -1.31453e-09  -5.73039e-07 -8.54926e-07 -1.55743e-06  3.5643e-09 -2.88551e-07 -1.30918e-06  2.58771e-07 3.18149e-06 1.52788e-06  -1.73756e-07 9.77769e-08 -1.17997e-06  -2.60199e-07 1.784e-07 -1.00323e-06  1.84225e-10 1.4967e-10 8.28398e-11  1.5241e-09 -5.29284e-10 -2.17388e-09  -1.22049e-06 1.32117e-06 1.27115e-06  -2.3136e-06 2.96882e-06 1.4716e-06  3.68698e-07 5.9477e-07 -1.43436e-06  4.84858e-10 -1.84255e-09 -1.34016e-09  1.10332e-10 -7.3232e-11 -1.10099e-09  4.52138e-10 2.98101e-10 -6.00683e-10  -5.36655e-11 -4.56107e-10 -1.29384e-09  -5.42981e-10 -6.59583e-10 -2.42071e-09  4.95578e-10 -1.72754e-09 -1.75849e-09  -2.82856e-09 3.91616e-09 -1.20915e-08  -2.04666e-09 7.40959e-09 -1.71091e-08  1.39249e-06 1.07135e-06 -2.76929e-06  -5.99604e-07 -2.84973e-08 2.98655e-07  -3.20782e-07 6.0985e-06 -2.17903e-06  -1.45316e-09 -1.56033e-09 -2.40439e-09  1.32359e-08 4.09283e-09 -5.58726e-08  1.33397e-10 -4.03827e-10 -2.38003e-09  -4.5252e-10 8.95652e-11 2.75558e-10  -4.59814e-10 1.43957e-10 4.29565e-11  3.05548e-07 4.48031e-08 -1.33815e-06  2.20744e-09 3.34281e-10 -7.3386e-09  1.74735e-09 5.2399e-10 -4.40332e-09  2.34506e-09 9.63772e-11 -5.86522e-09  6.02083e-09 -3.06532e-09 -1.55928e-08  4.05541e-09 -3.74555e-10 -1.89012e-08  1.03937e-09 -1.93485e-10 -4.41999e-09  1.04905e-09 -4.55339e-10 -2.45097e-09  1.88561e-09 -2.3975e-10 -2.39764e-09  -1.62444e-08 6.04802e-08 -2.39543e-07  -1.27277e-09 4.00295e-08 -2.02327e-07  -2.5023e-10 1.14233e-09 1.42248e-10  3.51795e-07 -2.48763e-06 -2.74786e-06  1.17019e-06 -6.88616e-06 -1.6356e-06  1.16865e-06 -3.43179e-06 -2.48744e-06  2.51391e-06 6.45435e-06 1.20916e-06  3.83378e-09 2.8065e-09 -1.46902e-08  -4.32525e-06 5.34103e-06 8.26383e-07  -6.12217e-06 -4.71755e-06 -1.38405e-06  -7.02474e-06 -5.16357e-06 -2.91635e-07  -5.53023e-10 6.85381e-10 -1.71137e-09  -4.28654e-10 1.06914e-07 -3.35442e-07  -3.93819e-08 -2.02645e-08 -1.33279e-07  3.66219e-06 4.60407e-06 -2.15179e-06  -4.4858e-10 6.97291e-11 3.12985e-10  -9.55553e-09 6.6458e-09 -2.23857e-08  -9.45485e-09 -1.54466e-08 -3.74729e-08  -4.7682e-07 -1.36152e-06 -1.69263e-06  -3.76845e-08 -2.03975e-07 -1.60198e-06  -4.64276e-09 2.01385e-08 -6.34902e-08  -6.03822e-09 1.26118e-08 -4.54876e-08  -1.8749e-09 7.54014e-09 -3.04724e-08  -4.53712e-10 -7.2208e-10 1.11463e-10  3.50637e-06 1.32864e-06 -2.6759e-06  -8.62168e-11 3.63566e-11 -1.73026e-10  -1.28258e-08 -1.08672e-08 -3.66671e-08  -8.17464e-09 -8.86865e-09 -2.9378e-08  2.14818e-08 -4.50779e-09 -4.70005e-08  2.59708e-08 -2.35309e-09 -6.2245e-08  3.34122e-10 -4.09145e-10 1.94122e-10  1.80925e-08 3.2088e-08 -1.14929e-07  7.98688e-06 3.69854e-06 -7.653e-07  7.65151e-06 1.98575e-06 -6.05795e-08  -2.21555e-07 1.27111e-07 -1.44484e-06  -1.95229e-07 2.17609e-07 -1.02959e-06  -2.60134e-07 2.36045e-07 -1.53837e-06  -1.06009e-08 2.72896e-08 -6.91313e-08  8.86426e-09 -4.59822e-06 -2.34213e-06  2.38854e-11 3.06265e-10 2.0116e-11  -1.52235e-08 -1.18596e-08 -5.45282e-08  -2.64595e-08 8.66641e-08 -3.37165e-07  2.63711e-09 2.77425e-10 -1.02426e-08  2.73732e-09 -1.23272e-09 -1.06937e-08  3.34398e-07 4.01402e-07 -1.48348e-06  -2.41178e-07 -1.10937e-08 -1.06069e-06  1.63507e-07 9.27057e-07 1.10792e-06  -4.03527e-09 -4.29593e-09 -9.48354e-09  -3.27821e-09 -3.58609e-09 -9.78536e-09  -1.62449e-10 -2.61061e-11 3.98616e-10  -2.58479e-06 -2.88922e-06 1.28783e-06  2.79865e-08 2.40606e-08 -1.49743e-07  2.38295e-08 9.27961e-09 -1.51876e-07  -6.38165e-06 3.32186e-06 -1.23742e-06  -3.27938e-08 1.81605e-08 -9.5222e-08  5.22046e-07 -9.01521e-07 -1.70987e-06  1.31459e-07 -4.29006e-07 -1.6262e-06  -1.27809e-08 3.15312e-08 -1.62507e-07  -4.83131e-11 -1.19369e-10 -1.73558e-10  -2.55234e-10 -4.64051e-10 -4.43782e-10  -2.41752e-07 1.68815e-07 -2.23972e-06  -1.25141e-07 -2.50625e-07 -1.09078e-06  -1.29692e-09 5.96984e-09 -1.35685e-08  8.48637e-11 3.05259e-11 -1.95967e-09  1.39439e-10 3.55506e-10 -4.34693e-10  -1.29873e-08 3.12746e-09 -2.58656e-08  1.76993e-07 -9.54247e-08 -1.24563e-06  1.90838e-07 -1.13235e-07 -1.31437e-06  4.78873e-07 -2.21102e-07 -1.58573e-06  -5.48752e-10 5.63938e-10 -2.49168e-09  -3.37863e-10 -4.7388e-10 1.25466e-10  -1.03112e-09 6.79747e-10 -6.53232e-10  -3.34786e-10 6.37785e-10 1.76842e-10  7.41319e-09 1.06071e-08 -3.07939e-08  6.46004e-09 1.27112e-08 -4.09749e-08  -8.93398e-06 -2.12072e-06 -5.56841e-07  -6.99172e-06 -1.20907e-06 -1.42441e-06  4.51064e-08 1.03086e-07 -1.97371e-06  -8.95822e-07 2.94922e-07 -1.51028e-06  2.51612e-10 2.41015e-10 7.24003e-11  -1.12743e-06 6.68577e-07 -2.50151e-06  2.10992e-10 -2.74004e-10 1.78553e-10  8.25514e-08 -2.45827e-08 -3.2209e-07  7.27227e-09 -1.11678e-08 -3.47214e-08  6.50531e-09 -1.152e-08 -2.86242e-08  6.98319e-06 5.34403e-06 -7.14448e-07  5.75852e-06 4.80604e-06 8.18315e-07  5.67907e-06 3.49084e-06 1.34653e-06  -1.32653e-10 4.50106e-10 -3.13859e-09  -2.6203e-06 -2.85144e-06 -2.59082e-06  3.6422e-07 3.79625e-06 -2.64147e-06  -2.31971e-09 -6.65998e-11 -8.60449e-10  6.95134e-10 2.30771e-10 -2.31739e-10  -6.93513e-10 -2.0592e-10 -6.45215e-10  -3.02509e-08 6.66548e-09 5.01599e-07  -3.23062e-07 -3.44852e-07 -2.41287e-06  -5.48825e-07 -4.03371e-07 -2.51888e-06  1.14242e-09 -2.3883e-09 4.96359e-10  -6.34264e-10 -3.17697e-10 6.59456e-10  1.28167e-10 1.90668e-09 3.17041e-10  1.9244e-10 -1.46978e-09 -8.69618e-10  1.54251e-07 1.1223e-07 -7.2092e-07  2.28025e-07 1.70474e-07 -8.6712e-07  6.65868e-08 4.55286e-08 -3.01944e-07  9.59466e-08 4.98839e-08 -3.88113e-07  -4.16507e-07 1.68425e-06 -2.78747e-06  -7.60754e-07 9.0736e-06 -1.29396e-06  -5.2612e-08 6.57552e-07 -1.69761e-06  -2.29685e-08 2.63008e-07 -1.46141e-06  7.15314e-08 1.94517e-07 -1.82609e-06  1.32355e-06 8.72897e-06 -1.11292e-06  8.32639e-08 6.44093e-07 -1.27271e-06  -9.92014e-08 1.9829e-07 -1.24615e-06  1.63285e-06 6.51326e-06 1.33048e-06  1.53075e-09 -2.30715e-10 -7.21064e-09  -6.47817e-08 2.70535e-08 -2.9428e-07  4.14922e-08 -2.97894e-08 -1.88661e-07  4.3373e-08 -3.94142e-08 -1.67663e-07  3.05187e-08 -2.68197e-08 -1.16258e-07  4.33458e-10 -3.68661e-09 -9.16834e-09  3.90383e-06 -4.61356e-06 -1.84602e-06  2.20445e-06 -2.06129e-06 -2.46225e-06  1.43522e-06 -2.51488e-06 -2.56025e-06  -2.9098e-07 -5.93061e-08 -1.20727e-06  3.15107e-10 -9.437e-11 9.82213e-11  -4.67363e-10 8.39172e-10 -5.78237e-10  7.94745e-08 -9.13967e-06 -4.99421e-07  1.78224e-06 -8.62021e-06 -8.12048e-07  2.28929e-10 1.4109e-10 -2.02775e-09  3.59812e-09 -1.113e-09 -8.04789e-09  5.54704e-10 -2.96333e-10 2.65364e-10  4.89809e-10 -3.65877e-10 3.33128e-10  -5.84206e-07 2.94789e-07 -1.63466e-06  4.15902e-06 -2.84211e-06 -2.16935e-06  -7.24162e-10 5.54221e-10 -1.23058e-09  -5.78073e-10 -8.07353e-09 -1.13684e-08  -6.82366e-06 3.38011e-07 -1.52049e-06  -5.28287e-06 -9.10021e-07 -2.03055e-06  3.72325e-10 4.72694e-10 -2.91204e-10  6.93984e-10 -3.7091e-10 1.57922e-10  8.78902e-09 4.00479e-08 -1.65263e-07  -1.27268e-06 -6.76505e-07 -1.55278e-06  -4.41647e-07 -1.80268e-07 -1.74588e-06  3.05078e-08 1.02374e-08 -7.84352e-08  -5.34172e-09 -9.66298e-09 -2.8814e-08  -5.10147e-09 -3.57087e-09 -2.09205e-08  -1.08176e-10 7.49012e-10 -8.0227e-10  -1.49997e-10 -4.8409e-10 2.57722e-10  2.89434e-10 -1.8124e-11 -9.38135e-10  -2.22345e-10 -8.29284e-10 -4.41356e-10  -7.28484e-10 -6.05792e-10 -9.7389e-11  -2.00033e-09 -6.38758e-09 -1.77068e-08  -1.36496e-07 -6.64735e-08 -8.93603e-07  -1.88024e-07 -3.38934e-08 -1.0457e-06  -1.46554e-07 -5.48776e-08 -7.69488e-07  -4.55361e-07 -2.62638e-06 -2.72857e-06  -6.31295e-08 1.70852e-07 -1.45168e-06  7.54449e-11 -2.76621e-10 3.62626e-10  1.39669e-09 -4.88442e-10 -2.09808e-09  9.83616e-10 4.34447e-10 -2.39114e-09  3.46064e-07 1.08961e-06 -1.43707e-06  1.3866e-08 5.98054e-08 -2.9175e-07  8.02081e-08 3.51697e-08 -3.29675e-07  9.02736e-08 9.30555e-09 -3.31589e-07  4.86629e-07 -5.76863e-07 -2.39625e-06  1.52991e-09 -6.50554e-10 -7.52133e-10  -5.62252e-07 8.63613e-07 -1.64328e-06  -3.90106e-07 9.57124e-07 -1.30829e-06  9.90798e-09 2.55649e-09 -2.39191e-08  -8.36869e-10 -4.59323e-10 5.46011e-11  -3.02745e-06 2.61537e-06 -2.46038e-06  -1.0309e-06 -2.3305e-07 -1.22168e-06  -1.37816e-06 -1.66837e-07 -1.1555e-06  8.86551e-07 -9.36505e-08 -1.72322e-06  5.72823e-08 -1.598e-07 -6.73502e-07  7.43579e-08 -1.25969e-07 -7.41085e-07  6.25755e-10 6.06896e-10 -8.77568e-10  -3.43423e-08 9.49803e-09 -9.53052e-08  -3.84405e-08 3.16566e-09 -1.07338e-07  6.26652e-06 -3.14374e-06 -1.59972e-06  4.75762e-10 -4.69381e-10 3.77189e-10  5.26066e-11 1.57227e-09 1.98917e-10  -2.72249e-08 3.61768e-09 -7.68927e-08  1.68246e-07 1.80227e-07 -1.24576e-06  -1.53704e-09 3.01348e-10 4.74778e-10  1.97542e-10 3.00414e-10 -4.99926e-10  -8.96817e-10 -2.58328e-10 8.04069e-11  3.18454e-08 1.51203e-08 -1.03663e-07  3.6681e-08 6.07969e-09 -9.7585e-08  2.19398e-09 -1.799e-09 -3.34953e-11  -4.88716e-10 1.70775e-10 -7.29138e-10  1.40179e-11 5.66544e-10 -1.54634e-09  -1.14252e-09 -9.20558e-10 -2.98937e-10  1.22168e-08 1.5991e-07 -1.19867e-06  -8.88775e-10 1.16942e-11 -3.66642e-09  -2.32411e-09 -9.02526e-10 -6.02206e-09  3.42736e-07 1.90651e-07 -1.61185e-06  -8.13424e-06 -2.50542e-06 7.07761e-07  3.38798e-10 3.37113e-12 1.16333e-10  -1.24577e-10 -2.51063e-10 3.61147e-10  -3.34182e-06 -2.36742e-06 -2.54993e-06  -2.11779e-06 -7.60117e-07 -2.72058e-06  -1.60214e-09 -3.39824e-10 -3.71151e-10  3.03676e-10 -1.14233e-09 -1.96874e-11  -4.17574e-08 -7.22876e-08 -3.54221e-07  -4.16709e-08 -3.69627e-08 -3.57259e-07  8.93533e-07 2.28751e-06 -2.70295e-06  1.64626e-10 2.81956e-10 -5.57128e-10  1.44418e-06 6.42782e-06 -1.97126e-06  -1.72894e-08 -9.0702e-08 -5.55225e-07  -2.6412e-10 3.45545e-11 -4.10266e-09  2.62296e-13 1.54821e-10 -1.18669e-09  -5.21949e-08 -1.63584e-08 -1.61929e-07  2.40928e-07 -8.19043e-09 -8.60715e-07  1.32809e-11 -9.21554e-10 -5.87429e-10  -7.91741e-06 -3.69232e-06 -6.56545e-07  7.50714e-10 -5.96683e-10 1.40514e-10  -7.10818e-09 1.8205e-09 -2.11798e-08  1.5378e-10 7.71223e-10 -1.33843e-08  -6.7845e-06 -2.9541e-06 -1.64743e-06  2.2717e-08 1.52699e-08 -7.19523e-08  1.28346e-10 -1.59128e-10 -3.13828e-09  -2.3689e-10 1.17467e-09 -5.44462e-10  -7.0215e-10 4.20163e-10 -1.45369e-09  -2.24663e-10 3.78664e-10 -1.95326e-09  4.31324e-10 6.59111e-10 -1.92458e-09  -5.17477e-10 2.47621e-10 2.89783e-10  -1.9206e-08 6.79622e-09 -6.73108e-08  -2.64253e-09 -1.77447e-09 8.56727e-11  1.3686e-09 -3.04542e-10 -5.71885e-10  9.72325e-08 2.47909e-07 -2.11756e-06  1.67955e-07 7.22639e-07 -2.41859e-06  -8.3502e-08 2.85068e-07 -1.3787e-06  -1.43421e-07 5.3715e-07 -1.63043e-06  -3.31941e-06 6.50639e-06 -1.35208e-06  5.19393e-10 -3.00949e-10 9.59608e-11  6.39097e-06 2.73805e-06 -1.68109e-06  5.51237e-09 2.0914e-07 -8.57044e-07  3.13253e-08 2.48474e-07 -1.01903e-06  5.03832e-08 -4.25852e-08 -2.43831e-07  -4.45388e-10 1.01792e-10 2.27169e-10  -1.018e-08 2.84188e-08 -1.01959e-07  1.94028e-10 5.3308e-10 1.57138e-10  -1.30941e-10 1.77487e-10 -2.03682e-09  -2.71802e-10 8.18545e-10 -1.84757e-09  -1.46502e-07 4.36462e-08 -6.89593e-07  -1.08573e-07 1.76135e-07 -8.76693e-07  1.07579e-06 -5.04463e-07 -1.54443e-06  7.53872e-10 -5.52061e-09 -1.01467e-08  1.11904e-07 -3.5721e-08 -8.11829e-07  -1.50416e-07 -1.06554e-06 -1.3638e-06  -2.43251e-08 2.03847e-07 -9.7695e-07  4.57888e-08 2.706e-07 -1.00885e-06  3.23505e-07 -2.53803e-08 -9.88112e-07  -6.7245e-09 -2.18186e-08 -9.89761e-08  -1.65832e-11 3.99987e-10 -6.67652e-10  7.54696e-08 -6.35368e-08 -3.32523e-07  4.49093e-10 -7.20127e-10 8.94806e-11  -7.43088e-08 1.10807e-08 -2.80439e-07  -8.60905e-10 6.7033e-10 1.24765e-10  -4.07763e-10 -1.71618e-10 -4.93813e-10  1.542e-06 1.79188e-06 1.48911e-06  6.77508e-10 1.09716e-09 -8.36288e-10  -6.9683e-09 -1.70433e-08 -5.51893e-08  -5.32646e-10 -1.25199e-09 4.25714e-10  -6.13794e-08 -2.53394e-08 -1.99613e-07  -5.24586e-08 -2.90184e-08 -2.38965e-07  -8.64572e-10 6.6221e-10 -1.2109e-09  8.1179e-08 -7.02852e-09 -2.56407e-07  6.72982e-08 -2.18389e-08 -2.45571e-07  4.86512e-08 4.76769e-07 -1.59998e-06  1.36588e-09 -1.89725e-09 -9.59248e-09  2.86389e-09 -4.23146e-09 -1.39769e-08  -9.35437e-09 -1.35387e-08 -5.36122e-08  -7.42237e-08 1.66747e-07 -1.1299e-06  5.26245e-08 1.20008e-06 -1.61145e-06  -1.00961e-09 1.015e-10 -8.81372e-09  2.58924e-10 1.00727e-09 -7.82589e-10  3.36026e-10 -9.09112e-10 -8.63141e-10  -1.29325e-10 2.32267e-09 -4.33366e-10  3.79612e-06 5.56526e-06 1.22841e-06  2.54555e-06 3.34427e-06 1.56689e-06  1.15689e-09 -2.6949e-10 -4.3605e-10  2.57925e-10 1.99071e-10 2.42326e-10  -3.52197e-09 3.41458e-10 -8.3669e-09  -4.01982e-10 2.21413e-09 -7.1398e-09  2.55294e-10 -2.55588e-09 -3.97445e-09  -1.10361e-09 -5.95682e-10 -2.21041e-10  -7.58298e-10 7.17847e-10 1.95743e-10  -7.48852e-10 -4.7153e-10 9.26629e-11  -4.25962e-09 -4.75311e-08 -1.54393e-07  -1.08927e-10 -8.4953e-10 -1.40511e-09  1.95834e-10 -3.11122e-10 -1.1823e-09  -2.19451e-09 5.79661e-10 -7.57316e-09  -5.40414e-09 -4.65862e-10 -1.27731e-08  1.33544e-09 -8.68855e-10 -5.18495e-10  1.02842e-08 4.02603e-08 -1.02389e-07  1.39348e-08 3.50456e-08 -8.28629e-08  -1.94433e-07 1.00034e-07 -9.28806e-07  -1.49872e-08 -6.63323e-08 -1.95873e-07  -1.76501e-09 -1.27315e-09 -1.60533e-09  -3.3445e-09 -1.64972e-08 -4.10622e-08  4.71195e-10 -2.341e-08 -6.55022e-08  1.25524e-09 1.90088e-09 5.03203e-10  9.11112e-10 1.51212e-09 2.20045e-10  4.9146e-12 4.07034e-10 1.518e-10  -2.54232e-10 6.35317e-11 -1.47205e-09  3.11854e-07 5.36675e-08 -1.64471e-06  -9.21664e-08 -4.869e-08 -4.52621e-07  5.02398e-10 -7.99479e-10 9.14102e-10  -1.6152e-07 -6.93521e-08 -5.92297e-07  -1.64381e-07 -9.21502e-08 -6.46259e-07  7.58127e-09 -9.76969e-09 -2.77328e-08  -9.64026e-10 7.87906e-10 -3.02933e-10  -3.13937e-08 -6.73914e-08 -3.22298e-07  -2.32983e-08 -5.91626e-08 -2.48715e-07  -2.31844e-07 1.6762e-07 -1.98039e-06  -3.11058e-09 4.8912e-09 -1.37324e-08  -8.77172e-10 4.16247e-11 -4.66556e-09  2.93764e-10 -3.81829e-13 -1.88361e-09  2.30645e-10 -7.96512e-09 -1.24177e-08  -3.51013e-09 4.21532e-09 -1.1333e-08  4.05507e-07 1.08322e-06 -1.71493e-06  1.12605e-08 -1.56626e-09 -3.31703e-08  -2.63605e-07 7.71164e-08 -1.42183e-06  1.62141e-08 3.06617e-08 -1.67659e-07  5.11577e-08 1.78615e-09 -2.00118e-07  -6.91275e-06 1.9957e-06 -1.3376e-06  1.7088e-07 3.13325e-08 -7.46112e-07  -4.66377e-11 1.50277e-09 -1.47644e-10  -7.80148e-10 2.14961e-09 1.45181e-10  6.72899e-10 -2.17019e-09 7.07448e-12  6.87846e-10 -4.85e-10 -7.49629e-10  9.35464e-09 2.69318e-09 -3.08964e-08  7.69746e-06 -1.12429e-06 -7.13576e-07  -1.63165e-07 1.65298e-08 -5.18767e-07  2.34708e-09 -1.00349e-08 -3.26103e-08  2.77879e-06 -3.4674e-06 1.24261e-06  -4.62462e-10 1.46982e-10 -2.71637e-09  -2.18206e-10 -1.34826e-09 -4.31289e-09  -1.4088e-09 -3.19332e-10 -9.86134e-11  -1.95564e-10 -2.10768e-10 1.07892e-10  4.12966e-07 3.57669e-07 -1.59671e-06  5.69995e-07 2.33895e-07 -1.66802e-06  -7.77962e-08 -8.81255e-08 -4.94573e-07  -1.08672e-07 -8.51235e-08 -7.54681e-07  -1.2751e-09 -2.0678e-09 -1.96584e-09  -5.62144e-11 9.22113e-10 1.85072e-10  9.53234e-11 7.26768e-10 -3.11852e-10  2.24494e-09 6.59986e-10 -2.4074e-10  1.0767e-08 -3.79042e-09 -3.15426e-08  1.31928e-08 -6.14346e-09 -3.99399e-08  6.4888e-09 -4.80298e-09 -2.30184e-08  -1.3542e-08 2.76587e-09 -4.47906e-08  2.86714e-07 -3.3861e-07 -1.66192e-06  6.85995e-06 -3.82657e-06 -8.59065e-07  -4.66528e-08 -3.41765e-09 -1.50856e-07  1.67019e-09 5.2853e-10 1.06345e-10  -1.51455e-06 6.73229e-06 -1.95844e-06  8.05934e-09 2.71492e-09 -2.02865e-08  -4.46479e-09 -1.97714e-09 -1.50345e-08  -2.05147e-08 -1.39039e-09 -6.10928e-08  1.20484e-08 4.55096e-09 -2.62402e-08  -1.76461e-07 -3.07474e-08 -8.91622e-07  -2.13255e-10 2.8057e-10 -1.37351e-09  -3.37421e-07 -1.25347e-07 -1.25296e-06  -1.53218e-06 -2.56444e-06 -2.77551e-06  -2.15548e-09 8.03812e-10 -3.00031e-09  2.96751e-08 3.03532e-09 -7.35806e-08  5.77741e-06 5.18488e-06 -1.64341e-06  -3.02473e-09 6.09695e-10 -6.33906e-09  3.34088e-10 -2.29599e-10 -9.66356e-10  -2.66725e-07 1.11716e-06 -1.62424e-06  1.53851e-09 1.02078e-09 -4.33879e-09  1.99093e-09 7.28887e-10 -4.19593e-09  1.00866e-07 -3.97634e-08 -5.09822e-07  1.21924e-06 8.70097e-08 -1.51809e-06  6.36872e-07 1.75992e-07 -1.4181e-06  1.13786e-06 4.23894e-07 -1.5124e-06  1.16642e-09 -3.85508e-10 -2.75759e-09  3.60616e-06 -7.23176e-06 -8.35833e-07  2.55973e-06 -6.03355e-06 -1.76536e-06  -1.03874e-08 3.41166e-08 -8.3781e-08  -2.14942e-07 -8.438e-08 -1.24436e-06  -1.23364e-09 4.23001e-10 -4.09148e-09  -1.70604e-09 2.58377e-10 -6.68873e-09  -1.60894e-09 3.12863e-08 -1.01092e-07  -2.87196e-07 5.40338e-07 -1.65805e-06  -1.01885e-07 -2.808e-07 -1.48194e-06  2.11337e-10 -1.3878e-10 -2.80477e-09  -1.07793e-09 -1.83285e-09 -1.96986e-11  4.82146e-08 -1.90702e-07 -1.37661e-06  2.18521e-09 -1.72165e-09 -4.44071e-09  1.67869e-09 -1.18047e-09 -3.81202e-09  -1.34855e-08 4.58664e-09 -2.76876e-08  1.97448e-06 -5.80399e-08 -2.74542e-06  2.51533e-06 -7.36466e-07 -2.72323e-06  2.34089e-10 -2.94699e-10 -4.32569e-10  8.74612e-10 -1.87868e-09 -7.14379e-09  -2.6749e-10 8.70089e-11 1.5161e-10  -5.95742e-07 -6.74421e-06 -1.74096e-06  -2.7178e-10 1.14093e-10 -4.98871e-11  1.7137e-07 -3.07584e-07 -1.34478e-06  -3.92024e-06 -6.54214e-06 -1.31791e-06  -1.19007e-08 -8.50489e-09 -3.11297e-08  -6.94415e-09 -4.12124e-09 -2.26345e-08  1.22561e-10 -2.86437e-10 5.76593e-10  7.24521e-08 3.62903e-10 -4.43771e-07  4.423e-08 -4.99746e-09 -1.669e-07  -1.41459e-09 1.73601e-09 -5.22219e-09  -1.68048e-08 1.75368e-08 -7.87449e-08  -5.07258e-10 -2.25649e-11 4.07564e-10  8.07372e-08 -4.83514e-08 -3.82613e-07  7.84499e-09 2.73231e-08 -7.42893e-08  -4.71604e-06 -3.36777e-06 1.14108e-06  -1.94572e-10 1.13893e-09 -2.42032e-09  -1.257e-07 -2.06159e-08 -6.74656e-07  2.55029e-09 -3.47658e-10 -6.37455e-09  2.31884e-08 2.23176e-08 -1.24541e-07  -3.5295e-08 8.89483e-08 -5.6144e-07  -2.84447e-08 1.05478e-07 -5.05089e-07  4.81017e-08 -2.10843e-07 -1.12566e-06  5.56108e-07 -5.95298e-07 -1.22777e-06  5.56561e-07 -1.79474e-07 -2.26099e-06  4.8936e-10 -3.10004e-09 -1.05481e-10  1.27529e-09 -7.99257e-10 -5.12348e-09  1.99249e-07 -4.94366e-07 -1.65661e-06  4.09653e-10 -9.26278e-10 -9.17844e-10  4.08722e-08 3.01391e-08 -2.11002e-07  -1.00752e-09 -3.56966e-09 -1.06797e-08  -1.13015e-09 6.76069e-10 -3.70327e-09  1.71091e-09 -6.08135e-09 -1.46936e-08  -5.74137e-08 1.82754e-07 -7.36339e-07  -2.95485e-08 2.17202e-07 -7.8347e-07  -7.32727e-09 -1.78729e-08 -3.90774e-08  9.62786e-10 -4.2313e-10 -2.1729e-09  1.32289e-08 -3.92131e-08 -2.35355e-07  3.30941e-08 1.17269e-07 -1.59189e-06  -1.56771e-07 1.04855e-07 -8.19468e-07  4.74129e-11 1.61173e-09 -4.06312e-10  -7.16471e-10 2.22424e-09 -5.18535e-09  -5.1654e-10 1.46074e-09 -3.35254e-09  7.16013e-08 -8.74891e-08 -4.01759e-07  7.70936e-11 -1.25644e-09 -6.7105e-10  8.44466e-10 -1.22785e-09 -3.95326e-10  4.32713e-10 -2.86344e-09 -1.60206e-10  2.80504e-08 7.75477e-08 -3.81613e-07  1.12625e-09 1.30936e-09 -5.60539e-09  2.14666e-10 3.09861e-10 -5.56847e-09  2.16628e-09 -4.71475e-10 -1.1221e-10  -1.91774e-10 -4.22236e-10 2.12458e-11  3.47773e-07 2.76695e-07 -2.16156e-06  6.86243e-07 -2.46396e-07 -1.2401e-06  8.11763e-10 -3.26071e-10 -1.63238e-09  -3.89016e-10 -7.96385e-11 -2.50329e-09  8.41599e-10 -2.25639e-10 -1.79472e-09  -9.58845e-10 1.03093e-09 6.83227e-11  9.39126e-07 5.99961e-07 -2.51411e-06  1.93594e-08 -7.77225e-08 -4.32989e-07  -4.21281e-09 -6.06904e-07 -1.54978e-06  1.09467e-08 -2.46799e-09 -2.91644e-08  9.9547e-08 3.7052e-08 -5.3533e-07  1.58492e-07 -2.56807e-07 -1.02947e-06  -2.53699e-07 -2.3882e-07 -1.50371e-06  1.05461e-09 5.90013e-10 -4.27101e-10  -1.02269e-09 9.05051e-12 -3.6022e-10  -8.32837e-08 9.20214e-08 -3.26095e-07  -1.16794e-09 1.10051e-09 -4.04883e-09  3.73556e-08 4.68781e-08 -2.96178e-07  4.45457e-10 -9.89547e-10 -4.28431e-09  -6.3636e-11 -2.05109e-09 -3.61674e-09  3.13299e-08 -1.66671e-08 -1.50788e-07  -1.59587e-09 -6.00146e-10 -2.3349e-10  -1.72494e-08 -1.04655e-08 -4.27924e-08  7.69327e-08 -9.90605e-07 -1.4076e-06  -8.32742e-07 7.47849e-07 -1.62413e-06  6.73367e-10 -1.12448e-09 6.25908e-10  1.38729e-07 7.5e-08 -7.18721e-07  -1.04328e-08 9.94391e-08 -6.33474e-07  -2.3072e-10 -1.21724e-10 -2.9062e-10  -7.16524e-08 -1.63985e-08 -2.3273e-07  2.96027e-10 2.10022e-10 -2.25178e-09  -2.07805e-09 -3.62735e-09 -1.26512e-08  -1.97638e-08 -2.26483e-08 -9.16071e-08  1.06202e-09 2.42358e-09 -7.77079e-09  -1.33954e-08 4.80424e-09 -4.15494e-08  -1.54853e-08 9.71886e-09 -6.18914e-08  9.82075e-08 3.63954e-07 -1.29064e-06  -8.99943e-10 -1.52832e-10 -5.71561e-10  1.0929e-09 -5.53501e-10 -1.16928e-09  2.87499e-10 1.11247e-09 -6.54006e-10  2.76887e-10 6.48901e-10 -4.53037e-10  2.7913e-11 -3.83538e-10 -3.90999e-10  7.30835e-08 4.58608e-08 -2.66043e-07  7.07896e-09 -1.42833e-08 -5.34745e-08  1.00104e-08 -9.29514e-09 -4.51627e-08  -2.5912e-10 2.68545e-10 -5.03659e-10  3.16395e-07 -2.4384e-07 -1.42723e-06  8.32797e-10 -1.07726e-09 6.27852e-10  2.07649e-09 -2.12438e-08 -5.49089e-08  1.96917e-11 5.425e-10 -1.63912e-09  -7.45286e-10 1.93122e-09 -3.93248e-09  1.74841e-08 -3.47132e-09 -4.84458e-08  -4.70122e-06 4.19858e-06 -1.4283e-06  -2.13324e-09 4.28218e-10 -5.09976e-09  9.59679e-10 -3.40169e-10 -4.41152e-10  -1.60735e-07 4.10705e-08 -8.36865e-07  -5.6631e-08 -1.03415e-07 -4.5137e-07  1.8648e-07 -7.15339e-08 -9.98564e-07  -5.57922e-10 -2.38599e-10 -2.86589e-09  1.10726e-07 -1.10773e-08 -5.70339e-07  -1.35375e-09 -4.09583e-10 -2.63992e-09  -2.00683e-09 2.44415e-10 -2.49285e-09  8.35532e-10 3.13003e-10 1.19344e-10  -1.45119e-09 -2.93833e-10 -2.83519e-09  1.08957e-08 1.05932e-08 -4.25676e-08  -1.60231e-10 -8.46948e-10 -6.6613e-10  -2.13496e-10 7.70193e-10 4.93131e-10  8.72874e-07 -3.55285e-07 -2.43905e-06  8.12679e-08 -1.75273e-07 -8.76919e-07  6.90592e-11 1.38477e-09 -6.6362e-10  -1.00445e-07 -9.3306e-07 -1.75557e-06  -6.74768e-09 6.57537e-11 -1.97982e-08  -7.48689e-09 7.44475e-09 -2.2407e-08  2.92469e-09 9.54186e-09 -3.70234e-08  -9.15715e-10 2.16281e-11 -1.94821e-10  -1.09102e-07 5.49934e-08 -1.75186e-06  9.17873e-07 -5.27884e-08 -1.23551e-06  5.79519e-08 -6.70014e-08 -3.0821e-07  4.74386e-06 -1.10103e-06 1.46181e-06  2.11158e-07 -8.50202e-07 -2.421e-06  4.49733e-09 -5.06602e-09 -1.84701e-08  -1.59385e-07 1.43021e-07 -8.59234e-07  6.38017e-08 5.15938e-08 -2.21506e-07  1.21216e-09 -7.84753e-11 -3.26645e-11  4.19649e-09 -1.48573e-08 -4.36572e-08  -8.17527e-08 -3.64805e-08 -2.95846e-07  -1.14405e-08 5.78347e-09 -3.48842e-08  5.32864e-10 -1.52017e-09 -4.55477e-10  -7.74958e-09 -8.53433e-10 -1.76003e-08  7.17598e-10 7.09692e-10 -2.39814e-09  -2.45851e-09 -1.11733e-09 -1.30244e-08  7.6548e-08 -7.31637e-07 -1.75571e-06  2.63008e-09 3.77941e-09 -1.06387e-08  5.62825e-08 -9.56746e-08 -3.41847e-07  7.5763e-07 1.20003e-07 -1.71461e-06  -5.71186e-10 -8.30046e-10 -3.89331e-09  3.99163e-09 -6.31639e-09 -1.98314e-08  -5.96957e-08 6.431e-08 -2.61455e-07  -2.9156e-10 -1.06992e-10 -4.43314e-10  -1.00696e-10 -5.83651e-08 -1.66889e-07  -3.83584e-09 -2.64494e-09 -1.45151e-08  
            </DataArray>
            <DataArray type="Float64" Name="Force" NumberOfComponents="3" format="ascii">
               0 0 0  -4.18726e-07 -1.79886e-07 1.48259e-08  7.03135e-05 -0.000195588 -9.41362e-10  5.30039e-05 -0.000124593 1.35677e-08  -1.00495e-06 -3.88131e-06 6.02292e-08  -8.14353e-07 -1.77012e-06 -2.62976e-08  0.000152705 -0.000577441 -2.41396e-05  7.86246e-06 -7.51637e-05 1.97196e-07  -1.16954e-05 -6.13198e-05 -6.99407e-07  -4.42498e-06 -7.50541e-05 -2.38817e-07  8.9092e-07 2.22144e-06 -3.43403e-08  0.000879138 -0.000705258 -3.45026e-05  0.00131088 -0.000114211 -2.41915e-05  0.000234736 0.000664084 5.09017e-07  0.000298973 0.000524615 9.8388e-07  0.000437569 0.000577617 1.55242e-06  -1.65028e-06 -2.13236e-06 8.17965e-08  0.000334104 -0.00036209 8.56036e-06  3.64514e-08 6.48585e-06 -1.25622e-08  3.38138e-06 1.6182e-05 -2.65458e-08  -1.13956e-06 2.33363e-05 3.48392e-07  0 0 0  0.000974248 0.000479454 -1.97283e-05  1.42077e-06 -2.08975e-06 -1.13336e-08  -1.43175e-07 -1.62276e-06 -9.5468e-09  -1.9904e-06 -5.68944e-07 -2.67966e-08  1.00304e-06 -2.22255e-07 -2.22828e-08  0 0 0  1.08275e-06 -1.14316e-06 -4.45543e-08  4.52843e-07 -3.89272e-07 1.95459e-08  0.000865484 0.000814467 -4.3051e-06  0.000921106 0.00067079 -3.31903e-05  -4.41312e-06 -1.10268e-05 1.43749e-07  0 0 0  -0.000217245 0.000449857 1.01882e-05  -0.000465993 0.000950745 -2.37382e-05  4.67699e-07 -2.60014e-07 1.66166e-08  3.25154e-06 -4.67165e-06 -7.36977e-09  0.00103743 4.14097e-05 1.58347e-05  0.000502685 7.5016e-05 9.52822e-06  0.000506094 -7.56593e-05 9.66944e-06  -0.000305638 -0.00103223 -2.76023e-05  -0.000169114 -0.00107601 -3.54224e-05  4.34997e-06 -4.10896e-06 -2.19185e-08  1.44644e-05 -1.55406e-05 3.264e-07  0 0 0  -0.000136832 0.000189042 1.99413e-07  -0.000363595 0.000311789 5.02882e-07  -0.000339514 0.00104406 -3.54929e-06  0 0 0  0.00027471 0.000447073 9.54872e-06  -0.000711265 -0.000811396 -1.81193e-05  -0.000531977 -0.000924839 -3.01297e-05  0.00048282 0.000432988 -1.10491e-05  0 0 0  0.00103547 0.000839007 -6.77463e-06  0.000253704 0.000522967 -2.32981e-05  0.00117409 0.000556424 -2.52549e-05  -0.00204661 0.000760941 -1.66967e-05  -0.000510458 0.000287826 6.35504e-06  -0.00109191 0.000395437 -1.49862e-05  3.81922e-07 -2.09489e-06 -2.4172e-08  0 0 0  -0.000425612 -0.000993816 -2.27085e-05  0.000549892 -5.02687e-05 -2.28704e-05  0 0 0  -0.000112517 2.33191e-05 1.83771e-06  -6.52859e-05 -1.45148e-05 4.27794e-08  -9.8713e-05 -7.45701e-06 9.70975e-07  0.000390044 0.000403495 -3.37961e-05  -1.37072e-05 -0.000183633 1.41764e-07  -1.23303e-05 -0.000406632 4.36136e-07  -0.0007291 -0.00082925 -3.1032e-06  0 0 0  -4.27331e-07 4.4964e-07 2.03484e-08  0.00290284 2.83646e-05 -5.95729e-05  -0.000205398 -0.00108559 -6.7587e-06  -2.23361e-06 -0.000133668 1.72861e-08  1.61226e-05 -8.62103e-05 3.99497e-09  4.71962e-05 -5.63801e-05 -2.21437e-07  4.24219e-05 -3.576e-05 3.61323e-08  0 0 0  2.79374e-06 -6.45843e-06 -1.39478e-08  1.36304e-06 -6.52751e-06 -1.01498e-08  -3.34507e-05 -0.000504079 8.39987e-06  3.36885e-06 2.73518e-06 -1.31274e-07  1.14698e-05 1.14983e-05 -9.15339e-10  0 0 0  2.04285e-06 -8.19616e-07 -2.80077e-08  -1.5321e-07 1.99906e-06 -2.55564e-08  0.000107209 -0.000252322 5.53142e-08  0.000170098 -0.000199988 5.82503e-08  -0.000161548 -8.55431e-05 -5.87917e-08  0.000144552 0.00035 3.69685e-07  0.000225571 0.00035616 3.9121e-07  0.000110725 0.000159034 1.97557e-07  0 0 0  -0.000283978 0.000155018 2.50848e-07  -0.000329047 0.00017658 1.71795e-07  -0.000320713 7.77507e-05 1.58067e-07  -5.21757e-07 1.80579e-06 -2.09174e-08  -2.09553e-06 2.68788e-07 -2.71895e-08  0.00045597 -0.0022075 6.69307e-05  0.0010924 -0.00166783 5.42145e-05  0.000413474 -0.000986761 -6.01476e-06  0.000409164 0.000168772 8.98411e-07  0.000449295 9.83866e-05 1.11932e-06  0 0 0  -3.17036e-07 1.36128e-07 1.12618e-08  0.00121014 -0.000362899 -1.83158e-05  -0.00211584 -0.000780737 -4.95677e-05  0 0 0  0.00225806 -0.000865829 -9.60767e-07  0.00160855 -0.000899142 -2.49299e-05  0.00128069 -0.000936638 2.26515e-05  -0.00161428 -0.000236098 -4.12422e-05  -0.00038237 -0.000335088 1.31069e-05  -1.89145e-05 -1.04876e-05 -2.2924e-07  -6.7882e-07 -6.40756e-06 -1.30047e-08  2.31845e-08 -4.62189e-07 1.50663e-08  -1.01503e-06 -1.31133e-06 -4.76295e-08  -3.21213e-07 -3.37321e-07 1.52142e-08  -0.000374081 0.000329477 1.15571e-05  -0.000411774 0.000432617 -1.7018e-05  0 0 0  0.00040999 -0.000179235 2.69501e-06  0.000967058 -0.000600506 -2.62965e-05  2.34303e-07 1.51499e-06 -4.3433e-08  -0.000483261 0.00146802 -1.58113e-05  -0.000314878 0.000897644 8.20373e-06  -0.000216486 0.00134947 2.57129e-05  0.000118893 -0.000223988 4.49453e-08  0.000169138 -0.000182213 4.59441e-08  -0.00029345 0.000351537 6.84489e-06  -0.000396031 0.000549388 1.43462e-05  -0.000189739 0.000418811 8.99546e-06  0.000345251 -0.000446548 -2.1128e-05  0.00111241 -0.000540322 -5.59114e-06  0.000417636 -0.000975943 -2.43153e-05  0.000177369 -0.00049348 -3.53812e-05  -0.000178232 -0.000546688 6.54011e-06  0.00012899 0.000518796 -6.40328e-06  7.71661e-07 -7.8668e-08 2.67257e-08  0.000204669 -0.0010499 -2.33483e-05  0.000450394 -0.00102714 -2.19037e-05  0.000103432 -0.00110089 -1.88295e-05  -9.07256e-07 1.25021e-06 -1.50911e-08  -0.000500895 6.12467e-05 9.87391e-06  -0.00108299 0.000272174 -9.10973e-07  5.42155e-06 1.88468e-06 -9.11387e-09  1.42337e-06 6.92702e-07 3.75952e-09  0.000525987 0.000949947 3.09692e-05  0.00031314 0.00064652 1.29125e-05  0.00068739 0.000818302 5.32234e-06  3.13208e-06 -2.17355e-06 5.46826e-08  -5.24822e-07 3.44852e-06 -1.01218e-07  -5.93752e-05 -0.00109678 -1.3996e-05  0.0002901 -0.00162284 -5.73652e-05  0.000108237 -0.000118936 -9.74273e-08  -5.86121e-06 -3.76694e-05 9.68089e-09  0.00101285 -0.00128061 -6.54164e-05  1.58542e-05 -1.30456e-05 -1.40333e-07  -0.000267653 -0.000810207 2.39654e-05  0 0 0  0.000604978 0.000178653 -1.44093e-05  1.44017e-07 5.57623e-07 1.88114e-08  1.01303e-06 2.70248e-06 8.79034e-08  -8.47072e-05 0.000575474 -2.30747e-05  -6.51623e-06 -1.03671e-06 -1.82351e-08  -3.00826e-06 -9.43881e-07 9.43758e-08  1.58945e-05 8.4819e-06 3.99711e-07  1.36043e-05 5.43143e-06 -4.94617e-09  4.7699e-05 1.00307e-05 2.48397e-07  -1.87615e-06 -3.01043e-06 -1.03727e-07  2.9388e-05 0.000571007 -2.38314e-05  0 0 0  0 0 0  0.000265101 -0.000416465 6.80896e-06  -0.000375221 3.05706e-05 4.10373e-06  -0.000471769 -8.2928e-05 -5.20083e-06  -0.000769624 4.30056e-05 3.0323e-07  0.000301877 -0.000424482 8.66842e-07  0.000239889 -0.000382742 8.56332e-07  -0.00173697 7.30072e-05 -6.41961e-05  -4.5094e-06 1.93523e-06 1.4769e-07  1.27522e-05 1.80156e-05 2.76707e-07  -0.000169167 0.000192937 3.97757e-08  -0.000154042 0.000210968 3.61991e-08  -0.000102152 -0.00047511 1.25134e-06  -0.000232585 -0.000416844 1.98126e-06  0.000145287 -8.31511e-05 8.33346e-09  0.000335663 0.000942819 -2.36267e-05  1.07152e-05 1.95303e-06 2.39701e-09  -0.000494326 0.000215839 -4.71189e-06  0.000670377 0.000195552 -1.20245e-05  0.000785423 6.01965e-05 -2.60734e-05  -0.000191645 0.000120849 4.34322e-08  -8.82915e-05 8.04176e-05 1.5832e-08  -6.33152e-06 2.96697e-07 -1.04859e-08  -1.51709e-05 1.5302e-06 1.33177e-07  -6.02181e-05 7.6146e-05 6.95721e-08  5.52687e-06 -4.53789e-07 -2.40281e-08  1.80998e-06 -4.15599e-07 2.78778e-08  0.00110977 -0.00033525 -2.45195e-05  -8.20746e-07 7.04447e-07 -3.07979e-08  -0.000773491 -0.0015688 1.31024e-06  -0.000457532 -0.00157732 1.37743e-08  -0.000358865 -0.00171708 2.00923e-05  7.40277e-05 -3.75306e-05 4.34795e-09  4.49236e-05 -1.188e-05 1.18248e-09  6.64036e-05 -3.04507e-05 -3.406e-08  0.000151204 0.000586262 -1.8494e-05  9.2669e-05 -7.23956e-05 5.651e-09  0.0001439 -5.90662e-05 7.01328e-09  2.80692e-05 -7.44169e-06 1.7689e-08  4.56199e-05 1.21137e-08 1.61511e-08  6.67413e-05 -1.51881e-05 1.03462e-08  0.000262287 -0.000155942 4.57716e-08  0.000107845 0.00138291 7.88313e-06  9.74091e-06 2.65455e-05 -3.47152e-07  1.15702e-05 1.7326e-05 3.46871e-08  3.39078e-06 6.07495e-06 -1.51592e-08  1.16926e-06 -4.52814e-06 1.37127e-07  5.51706e-07 -1.35575e-06 -1.31439e-08  -5.38084e-06 9.13917e-06 1.33667e-07  -9.58699e-06 1.78087e-05 -1.75648e-07  -3.57398e-06 1.04965e-05 1.33949e-07  -0.00106227 0.000268025 -5.39718e-05  -2.36894e-06 -1.31454e-06 8.18386e-08  -0.000290079 0.000353661 -1.84353e-06  -0.000412714 0.000435836 3.62471e-06  -0.000351265 0.000297959 -2.72099e-06  -0.000143308 -0.000169477 2.3077e-08  -8.22366e-05 -0.00014658 5.02155e-08  -7.73075e-05 -0.000210704 5.13633e-08  -8.79694e-07 2.76246e-07 -2.62725e-08  -0.00012188 -0.000318809 3.17667e-07  2.62165e-08 5.17746e-07 1.67652e-08  0.000216234 0.000450138 -3.16078e-05  0.000301197 0.00100553 -4.11354e-05  2.22849e-06 6.01729e-07 2.00723e-09  2.28904e-06 2.36072e-06 9.219e-08  -1.5652e-05 -9.72371e-06 -1.26442e-08  0 0 0  -0.000578407 0.000193845 6.20942e-06  6.56251e-06 3.8103e-06 -2.71122e-08  9.54495e-07 6.5203e-07 -2.90055e-08  4.05882e-06 -9.63214e-06 -1.80435e-08  6.46312e-06 -3.09732e-06 -6.99621e-08  0 0 0  6.03489e-06 -1.71627e-06 3.80034e-08  4.35554e-07 3.73216e-07 1.72637e-08  5.65101e-05 5.46853e-05 -1.21797e-07  4.44863e-05 3.29071e-05 6.81532e-08  4.15093e-05 3.26147e-05 4.43227e-08  0.000433773 -0.000373108 -2.70674e-05  -2.00804e-06 -1.48584e-07 -2.37731e-08  1.42808e-05 9.7158e-06 -1.8989e-07  -1.19847e-05 -2.45624e-05 -4.01718e-07  -0.000525287 0.000272963 8.08228e-06  -0.000415478 9.63726e-05 4.21866e-06  -0.000518909 0.00028318 -2.26742e-06  -2.78294e-07 -4.46901e-07 1.71614e-08  -8.03705e-05 -5.63943e-05 1.09619e-07  -9.6133e-05 -3.91282e-05 -6.57024e-07  3.30217e-05 -0.000548286 -3.44781e-05  0.000167768 -0.000517313 1.50597e-06  -5.14338e-05 0.000121107 7.40107e-08  -0.000748661 -0.00151772 -6.11152e-05  4.88995e-05 3.44038e-05 3.44468e-08  5.62369e-05 3.03757e-05 3.50351e-09  7.55984e-07 7.80692e-07 -2.95086e-08  -0.000973277 0.000479646 -1.89234e-05  -0.000489767 0.000340773 -2.64483e-05  -2.77462e-05 8.74091e-06 2.69528e-07  -2.18191e-05 3.80156e-09 1.97941e-07  -0.00141975 -0.000882917 -3.77033e-05  -0.000402212 -0.000352202 -2.07597e-05  -0.00140305 -0.000929572 -2.80211e-05  0.000543599 -0.000895775 -2.90465e-05  0.000586972 0.000176151 -9.35683e-06  -6.96518e-06 1.77729e-06 -1.32128e-08  -0.00112255 0.000182928 -4.58485e-06  -0.00150848 0.00105434 6.29603e-05  -8.19352e-05 1.19567e-05 -3.4143e-07  -0.000325788 -0.000417483 8.66867e-07  -0.000282409 -0.00020929 -4.55331e-07  -0.000343171 -0.000353903 4.57315e-07  0 0 0  0.000166693 0.00102412 -2.0922e-05  3.33261e-06 -0.000100553 6.17328e-09  0 0 0  -7.44663e-05 9.26214e-05 1.02806e-08  0.000345624 0.000178976 3.26e-07  0.000180912 0.000103891 1.77062e-07  0.000547856 0.000168403 -1.14538e-05  -0.00031485 -0.00051112 -2.72584e-05  -0.000121369 0.000192011 3.21717e-08  2.19335e-06 -1.95679e-05 -1.57238e-07  3.17665e-05 -0.000530537 6.59841e-06  -0.000798218 0.000101321 7.11688e-06  -0.000649476 -9.99925e-05 9.36339e-06  0.000122326 7.5246e-05 8.51151e-09  6.92834e-05 6.92608e-05 5.38187e-09  0.000151982 9.64407e-05 1.10408e-08  0.000147939 -0.00010251 1.17509e-07  0.000270786 -0.000244715 2.80083e-07  0.000256016 -0.000212421 2.39513e-07  -0.000627226 0.00090365 -1.25823e-05  -3.76343e-07 2.62364e-07 1.53106e-08  0 0 0  -7.04152e-06 2.75288e-05 -4.08835e-07  0.00010593 0.00011551 6.91921e-09  0.000121062 9.24155e-05 7.48467e-09  6.17679e-05 3.54755e-05 3.73221e-09  0.000155935 5.93304e-05 8.12407e-09  0.000227371 0.00047631 -2.07541e-06  6.77734e-05 0.00024831 1.65772e-08  3.75484e-05 1.49264e-05 5.28168e-08  6.35844e-05 1.87092e-05 -2.83434e-08  -5.7186e-06 -6.016e-06 6.1417e-08  -5.04776e-06 -4.33285e-06 1.98593e-07  -1.03823e-05 -1.4279e-05 1.85672e-07  -1.27903e-05 2.61965e-05 2.66704e-07  -2.84476e-05 4.55029e-05 -7.80956e-07  -1.40017e-06 -8.47672e-07 -8.83639e-09  5.34864e-05 -0.000378278 4.07585e-07  7.54441e-05 0.000406634 1.73876e-07  -0.000857887 0.000724616 -1.17096e-05  -0.000394786 0.00102737 -3.47057e-05  0.000287777 -0.000129594 5.05547e-06  0.000864384 -0.000186441 1.88081e-05  -1.27145e-05 -0.000110963 3.14753e-07  -8.19516e-06 -8.09749e-05 4.77513e-07  0.000265732 -7.91016e-06 2.94066e-07  -7.42744e-07 -6.3759e-07 -2.79608e-08  0.000547011 -0.000948561 -1.15283e-05  0 0 0  -6.43106e-05 -0.000254204 2.42316e-07  -0.000261375 -0.000469367 5.02118e-07  -0.000110131 -0.00036741 4.82549e-07  6.73313e-06 -2.3425e-05 2.5385e-07  -0.000111435 0.0010957 -1.43368e-05  -0.000144049 0.000555633 6.08683e-06  -4.1046e-06 4.69477e-06 -3.04453e-08  0.000193144 0.000122543 2.01264e-08  0.00021315 0.000110325 2.51972e-08  -0.000492376 0.000923495 -3.18473e-05  -0.00045282 0.000253013 -3.51691e-05  -0.000408258 0.000359509 -4.06278e-05  2.51167e-06 2.28428e-07 2.91655e-08  -2.97249e-06 2.06943e-06 -1.06046e-07  -1.74215e-05 4.74803e-05 7.67404e-07  -1.68514e-05 6.27358e-05 -9.17419e-07  -0.0001725 -8.23515e-05 3.33186e-08  -0.000105022 -7.58225e-05 2.54777e-08  8.70639e-05 0.000137596 8.03553e-09  3.68874e-05 0.00011142 7.36626e-09  3.21242e-05 6.96116e-05 3.37818e-09  6.6409e-05 0.000104456 7.73916e-09  3.22388e-05 4.63274e-05 -2.34374e-09  8.92989e-05 8.17483e-05 1.2071e-08  0.000183779 -6.02897e-05 3.16242e-08  0.000326324 -5.67801e-06 7.8648e-08  3.61786e-06 -1.97289e-06 -1.45984e-07  8.96078e-06 -6.5651e-06 3.6953e-08  5.08038e-06 -2.71912e-06 1.97452e-07  0 0 0  -0.00013667 0.000510306 -3.45753e-05  -2.65654e-06 -1.84916e-06 -9.42456e-08  -0.000161207 0.000117531 4.81056e-08  -0.000226101 0.000293872 1.33261e-07  -0.000153202 0.000240149 6.92057e-08  0 0 0  0.000286408 0.000463902 -3.3359e-05  -6.8158e-07 1.38968e-06 -4.43363e-08  2.81518e-05 4.17838e-05 1.53885e-08  -3.20445e-06 -0.000192889 3.57416e-08  4.21183e-05 -0.00019427 4.74667e-08  6.26208e-05 -0.00030522 5.28099e-08  -0.000185277 0.00110548 -2.81393e-05  0.000920498 -0.000837931 2.9773e-05  0.000435951 -0.000363863 1.38123e-05  0.000600519 -0.000750934 6.31953e-06  0 0 0  -0.000363751 -0.000341091 3.86746e-06  -0.000368759 -0.000203859 -5.37387e-06  0.00021271 7.69158e-05 1.17754e-08  -4.40693e-05 -0.000212481 1.88101e-08  3.01066e-05 -0.000210757 1.45464e-08  -2.40664e-05 -0.000204961 1.18508e-08  -0.000104992 -3.87303e-05 4.99086e-09  -0.000234284 -7.46792e-05 -3.41933e-09  -0.000227565 -3.95589e-05 3.1236e-08  -8.12069e-06 1.04996e-05 3.26694e-08  0.000170942 -8.80413e-05 1.06781e-08  8.56989e-05 -3.09647e-05 3.26672e-09  0.000107762 -8.22849e-05 5.17355e-08  -3.50619e-05 -0.000524273 -3.27469e-05  -2.09504e-05 4.49876e-05 5.07486e-07  -0.00127196 0.00202872 6.26488e-05  -0.00078875 0.000672521 1.70333e-05  -6.2955e-05 0.000260641 1.88887e-08  -6.37737e-05 0.000133556 4.92027e-09  0.000394975 -0.000273673 1.34983e-06  0.000361262 -0.000388236 1.87718e-06  -0.000914697 0.0006364 -3.14647e-05  2.58196e-05 -0.000261263 1.56642e-07  -7.32518e-06 6.92815e-06 -1.31958e-08  4.22831e-07 -8.35774e-06 3.37613e-08  -0.00109113 -0.000414533 -3.81525e-06  -0.00225443 -0.000291705 -4.51801e-05  0.000225031 0.000245477 2.05826e-07  0.000150561 0.000291266 2.16399e-07  0.000152159 0.000218554 1.80568e-07  0 0 0  -6.11382e-05 -9.45739e-05 2.38378e-07  8.93604e-05 2.37611e-05 6.13452e-09  0.000105161 5.42399e-05 6.14116e-09  7.69211e-05 1.12529e-05 4.86667e-09  0.000118471 -2.15341e-06 7.62523e-09  0.000106521 0.000141897 9.13858e-09  -7.05179e-05 -6.24105e-05 -5.93598e-07  -0.000112189 -0.000110819 6.35559e-07  -5.97099e-05 -9.40168e-05 6.30675e-09  7.0492e-05 -0.000302853 1.44189e-07  0.000117048 -0.000312593 2.5293e-07  -2.70263e-05 0.000538152 -4.08612e-05  -1.24196e-05 9.58105e-06 -1.46554e-08  -1.78451e-05 2.02498e-05 -2.61259e-07  -0.000390654 0.000151619 9.01413e-08  -0.000219917 3.61959e-05 2.80595e-08  0.000555236 0.00065814 2.88235e-05  -0.000104551 9.47311e-05 1.67802e-08  -0.000135444 0.000219014 1.39944e-08  -3.83381e-06 2.66825e-06 1.39828e-07  0 0 0  -0.000661352 -0.000695364 8.97087e-06  -0.000734995 -0.000875019 2.49138e-05  -2.68099e-05 0.000541073 1.01395e-05  0.000127269 5.53604e-06 5.68289e-09  0 0 0  -9.21109e-05 0.000203589 1.75488e-08  -0.000315298 0.000398298 -4.61024e-05  0.000191509 -0.000153285 1.67404e-08  1.5012e-05 0.000106428 2.73673e-08  1.77721e-05 9.72371e-05 6.72824e-08  5.6819e-05 -7.09338e-05 -5.76341e-08  4.22928e-05 -8.67798e-05 1.88005e-07  -9.51154e-05 -3.29935e-05 -1.20731e-08  0.000270855 -7.20205e-05 4.18351e-07  -0.000870494 -0.00138726 -1.26728e-05  0.000260102 0.000443295 -2.92715e-06  -3.47442e-06 1.49065e-06 -1.10479e-07  -0.000158273 -0.00014534 5.58712e-08  -0.00020121 -0.000173806 5.91651e-08  -0.000188979 -0.000330017 3.7565e-06  -0.000605049 -0.000679347 1.52917e-05  -4.56531e-06 3.25105e-05 3.47027e-07  -0.000237023 -4.87194e-05 1.28236e-07  -0.000166248 -1.31629e-05 3.49944e-08  -0.00024505 -8.20691e-05 1.60345e-07  -0.00290598 0.000133107 1.86301e-06  7.66208e-05 0.000186149 1.40244e-08  6.79432e-05 0.000222735 1.23795e-08  1.16254e-05 0.000185404 1.47232e-08  1.01705e-05 -1.81489e-05 -1.71116e-07  -7.60533e-05 -7.79873e-06 -1.13796e-06  -8.19542e-05 1.2494e-05 -3.41998e-08  -1.95592e-05 5.32189e-06 -1.73206e-07  -0.000570341 0.00024305 1.70437e-05  0.000396108 8.67526e-05 3.64785e-07  0.00024927 -0.000172836 3.11837e-07  0.000141251 -0.00013963 1.97644e-07  0 0 0  0.000161363 6.84761e-06 8.39169e-09  0.000100152 9.14605e-05 6.47405e-09  -8.36197e-05 -0.000111929 -4.00498e-07  -1.5442e-05 -4.38528e-05 4.1786e-07  0.000312026 -0.000308059 7.78207e-07  0.00036489 0.00112357 3.16609e-07  1.34146e-05 -0.000361099 9.52553e-07  -3.56048e-05 -0.000217688 2.65421e-07  4.0118e-05 -5.64027e-05 3.77707e-09  5.28735e-05 9.21049e-05 6.58864e-09  0.000126366 0.000165153 1.40338e-08  0.000163385 0.000149779 1.64077e-08  -2.82407e-05 -9.81526e-06 3.02352e-07  -1.68664e-05 1.0482e-05 -1.25274e-08  0.000282927 0.000513912 1.79333e-06  8.5047e-07 1.34703e-06 -4.53421e-08  -6.41882e-05 0.00012136 6.43469e-07  -7.96566e-05 8.17955e-05 -1.13924e-06  -7.90493e-05 0.000103858 4.09483e-07  -9.37138e-06 -0.000301398 1.21455e-07  -0.000144259 -2.78215e-05 4.89277e-07  -0.000117149 -3.2679e-05 -5.97705e-07  -0.000169563 -0.000208982 6.80667e-08  -8.78719e-05 -0.000252829 7.4051e-08  -0.000108643 -0.000182324 5.99444e-08  1.72953e-05 -1.74897e-05 -2.22804e-07  0.000333412 0.000426321 6.30929e-06  0.000137984 0.000400042 2.97987e-07  3.54088e-06 -9.63729e-07 -9.69614e-08  3.10488e-06 -1.3409e-06 7.60511e-08  -1.97997e-06 -1.70024e-06 7.88994e-08  5.69056e-05 2.95291e-05 -2.70491e-08  -0.000136121 -2.34511e-05 1.65224e-08  -0.000251802 -8.03263e-05 2.48814e-08  0 0 0  -1.74576e-05 0.00010539 5.17583e-08  -2.24373e-05 0.000178858 4.14896e-08  1.3469e-06 1.36635e-07 2.05223e-09  1.2367e-06 -8.52665e-08 2.09857e-09  0.00100439 0.000553511 4.46245e-06  0.0001301 0.000205523 3.2186e-08  0.000252916 0.000284592 4.79166e-07  0.000551408 0.00044606 2.07913e-06  0.000123246 0.000134614 9.57365e-09  4.57609e-05 7.97199e-05 4.84268e-09  -0.000180145 -5.12871e-05 -1.56139e-06  -0.000426077 -3.45017e-05 2.24514e-06  -8.3015e-06 -6.47473e-06 -1.96733e-08  0.000140723 -3.74056e-05 1.02713e-08  -0.00102758 9.75224e-05 2.35027e-05  -0.0018203 0.000741062 3.91208e-05  -0.000227504 0.000201866 6.33165e-08  0.000693264 0.000479258 1.18742e-05  0.000116718 0.00010995 -7.84711e-09  -0.000278415 -0.000268758 1.81337e-06  0.00157854 0.000329629 -1.77191e-05  0.00201505 -0.000100772 4.35168e-06  0.000232591 8.8611e-05 1.61339e-08  0.000201951 8.76592e-06 1.36185e-08  0.00010177 2.70595e-05 7.77598e-09  1.08558e-05 0.000171509 8.61729e-09  -0.000307339 0.000603301 -7.68751e-07  -5.70173e-05 -0.000135049 6.66666e-08  -6.2497e-05 -0.000105014 -4.14602e-08  -0.000229874 -0.00032761 -4.08079e-07  1.29842e-05 -0.000335963 5.67031e-07  9.04458e-06 0.00109186 -5.72632e-06  -0.000386863 0.000153703 1.25839e-06  -0.000410475 0.000257131 6.24999e-07  -1.00833e-05 -1.50368e-06 -1.98362e-08  0.000137221 -1.80839e-05 7.09184e-09  -0.000384132 0.000395693 -1.60271e-05  -0.000981437 0.00128903 -4.37679e-05  0.000441166 0.000483792 1.54623e-06  0.00010705 -0.000150665 -1.76393e-08  2.26398e-05 -5.67566e-05 1.46669e-07  1.00837e-05 -5.26338e-05 -5.91395e-07  1.59386e-05 -0.000104015 3.95155e-08  4.25729e-06 -0.000113619 -9.45296e-09  -1.82198e-05 -0.000144356 3.52919e-08  -8.499e-05 0.000137491 -6.09312e-10  -6.57434e-05 0.000240011 1.66533e-08  0.000400038 0.000320307 3.65201e-06  0.000577726 5.55193e-05 -8.90849e-06  -1.80074e-05 0.000574277 1.68796e-05  -0.000136577 -0.000145904 3.49576e-07  0.00017342 3.54422e-05 1.53354e-08  -6.17372e-05 -0.000181308 1.85219e-07  -2.14221e-06 1.18939e-06 7.41553e-08  -7.0282e-07 3.89957e-07 -2.28378e-08  0.000664237 1.25118e-07 1.14406e-06  0.000211179 7.22276e-05 1.26299e-08  0.000157839 4.93954e-05 6.71115e-09  0.000174294 7.58946e-06 8.41106e-09  0.00014145 -6.53841e-05 8.96428e-09  0.000202411 -4.45077e-05 1.64664e-08  0.000118529 -2.43651e-05 5.87441e-09  0.000112843 -9.79666e-06 5.76122e-09  0.000105715 -3.46618e-05 7.42364e-09  -7.46208e-05 0.000287584 1.30394e-07  -2.10186e-05 0.000238223 7.76364e-08  1.65911e-06 3.64533e-05 -4.85303e-08  0.000135178 -0.000939572 8.84282e-06  0.000133882 -0.000921158 2.89752e-05  0.000232939 -0.000615596 9.86101e-06  0.000341363 0.000854343 4.65313e-06  0.00015583 0.000130493 1.55763e-08  -0.00128847 0.00159437 9.53373e-06  -0.000398691 -0.000315927 4.46453e-06  -0.00125991 -0.000997073 2.72104e-05  -0.000119593 0.000123252 1.37356e-07  -1.95437e-05 0.000395333 1.73284e-07  -0.000246604 -0.000131571 7.96072e-08  0.000557922 0.000836661 9.57907e-06  0 0 0  -0.000172213 0.000114489 1.79356e-08  -6.42233e-05 -9.50108e-05 1.00601e-08  -0.000321753 -0.000882367 1.80172e-06  -0.000292867 -0.000667537 -4.72463e-06  -3.12968e-05 0.000350798 4.67147e-08  -9.02867e-05 0.000215786 3.01329e-08  -3.4338e-05 0.000274235 2.30418e-08  0 0 0  0.000459032 0.000147773 2.44481e-06  -1.3745e-05 -3.51261e-06 -2.3511e-08  -0.000119638 -0.000123673 2.48812e-08  -0.000100129 -0.000131027 1.55025e-08  0.000276389 -9.45105e-05 3.49996e-08  0.000242618 -4.25232e-05 2.67383e-08  -3.82228e-05 -9.29914e-06 -3.60486e-07  0.000144851 0.000228425 6.22185e-08  0.00131966 0.00047262 2.98427e-05  0.00167385 0.000291581 2.15759e-05  -0.000386138 0.000227897 2.98594e-06  -0.000373294 0.000414859 8.32637e-07  -0.000393604 0.000353405 6.28559e-07  -9.61532e-05 0.000229525 3.75139e-08  1.31616e-05 -0.000509048 1.08255e-05  3.13769e-07 4.04979e-07 1.56469e-08  -0.000135431 -0.000124136 2.29678e-08  -0.000150011 0.000345498 1.95391e-07  0.000139106 2.85687e-05 8.01024e-09  0.000238802 -4.39881e-06 1.45705e-08  0.000379213 0.000436864 1.48457e-06  -0.000466346 3.64572e-06 -1.78506e-06  3.68796e-05 0.000533577 -4.64539e-06  -8.55867e-05 -0.000111467 -9.53879e-09  -0.000150668 -0.000118791 -9.45314e-09  -1.02827e-05 5.70741e-06 2.8924e-08  -0.00116834 -0.00122381 -6.10385e-05  0.000175321 0.000107558 3.66154e-08  0.000262468 8.2343e-05 7.56306e-08  -0.00085806 0.000472813 -3.16927e-06  -0.000222687 0.000121724 5.61619e-08  0.000189714 -0.000345373 1.43128e-06  0.000353234 -0.000945277 2.14069e-06  -9.31116e-05 0.000262941 7.89078e-08  5.61418e-05 -3.49786e-05 1.07292e-07  4.41998e-05 -4.5803e-05 -8.10577e-08  -0.000289772 0.000546096 2.90384e-06  -0.000209187 -0.000468275 7.16462e-07  -1.46815e-05 0.000166804 1.12976e-08  2.78712e-05 8.42074e-05 3.52034e-09  4.09639e-05 9.9614e-05 -1.72484e-08  -0.000169139 1.73094e-05 -9.60422e-09  0.000273747 -0.000167981 4.96664e-07  0.000408124 -0.000147249 8.50372e-07  0.000657467 -0.00023772 1.72736e-06  -0.000113959 -3.75033e-05 -8.12941e-07  3.54136e-05 6.86105e-05 -1.62181e-08  1.25832e-05 5.64936e-05 -2.11035e-08  7.94811e-06 3.03571e-05 -2.9229e-07  0.000121601 0.000191879 1.85209e-08  8.80968e-05 0.000214081 2.54252e-08  -0.001444 -0.000230499 3.58018e-05  -0.000516127 -7.26761e-05 4.46255e-06  -0.000129306 -0.000431673 1.41952e-05  -0.000324981 9.82907e-05 2.77973e-06  6.89179e-05 8.7559e-06 8.37733e-10  -0.000399621 0.000251009 -7.50738e-08  2.70451e-05 -7.65247e-07 1.59136e-08  0.000225037 -5.98192e-05 1.03284e-07  9.88665e-05 -0.000139013 1.37041e-08  8.62836e-05 -0.000202679 2.04964e-08  0.000844265 0.000648439 3.06902e-05  0.00083882 0.000698674 -1.13184e-05  0.00182114 0.000851968 -3.06877e-05  2.56425e-05 0.000138009 8.52394e-09  -0.000340178 -0.000383552 1.23771e-05  0.000102679 0.000760951 1.11912e-05  -0.000140816 -1.19074e-05 6.82039e-07  -4.87464e-05 2.40404e-06 -3.9475e-08  -7.74359e-05 1.31407e-05 -8.24521e-07  0.000381545 0.000497072 -2.44178e-05  -0.000466676 -0.000572208 7.69795e-06  -0.00055655 -0.000381142 -3.0474e-06  1.69325e-05 -4.16814e-05 2.67358e-08  1.69326e-05 -4.97314e-05 1.54376e-07  -3.85749e-06 6.06324e-05 5.95118e-08  -2.76494e-05 5.90721e-05 3.83516e-07  0.000344659 0.000279163 3.52913e-07  0.000371283 0.000322395 5.65643e-07  0.000182189 0.000143867 1.07469e-07  0.000352849 0.000194883 1.82339e-07  -0.000201676 0.000890161 9.10993e-06  -9.27629e-05 0.00123648 2.46374e-05  -1.13872e-05 0.000208634 6.26387e-07  -2.94219e-05 0.000289517 4.22842e-07  -0.000470055 0.000125607 -2.96075e-06  0.000170993 0.00109498 4.16994e-05  -3.15097e-06 0.000716379 2.14381e-06  -0.000137291 0.000562618 1.03704e-07  0.000248681 0.0015086 -1.78411e-06  0.000214588 -0.000158185 1.14915e-08  -0.000148184 4.30456e-05 7.68836e-08  0.000172865 -0.000119834 5.19578e-08  0.000221103 -0.00026974 9.02026e-08  0.000220856 -0.000139314 4.11699e-08  2.20769e-06 -0.000184997 1.59856e-08  0.00051628 -0.000602401 2.16295e-05  0.000228178 -0.000224937 5.57411e-06  0.00018773 -0.000263339 4.12905e-06  -0.000294665 -8.70972e-05 2.19463e-06  3.69183e-06 3.20235e-07 1.54604e-09  -1.25456e-05 -3.70208e-05 -1.26171e-07  -6.87905e-05 -0.00188529 2.99137e-05  0.000297301 -0.00119829 -8.47447e-06  -0.00010344 -6.02312e-05 -2.44019e-07  0.000133459 -1.93203e-05 7.25947e-09  1.28725e-05 5.49404e-08 3.35715e-09  7.73308e-06 -6.90344e-07 2.34348e-08  -0.000417819 0.000192715 9.54916e-07  0.000411003 -0.000286614 9.85608e-06  -0.000112765 4.97967e-05 -1.92226e-06  -1.54568e-05 -9.50211e-05 5.46782e-09  -0.000882429 3.91196e-05 2.13843e-05  -0.000386534 -5.76588e-05 9.03361e-06  -2.44341e-05 -3.88181e-05 4.30522e-07  5.15638e-06 -4.53842e-07 -2.45444e-08  6.41729e-05 0.000317956 6.84077e-08  -0.000660294 -0.00041035 4.24421e-06  -0.000470272 -0.000178218 8.76544e-06  0.000176371 5.81495e-05 3.50038e-08  -9.61927e-05 -0.000192363 2.00193e-08  -0.000102611 -0.000118911 1.8839e-08  -7.85296e-05 9.6744e-05 -4.42255e-07  -7.61639e-06 -3.26838e-06 3.55515e-08  -8.11022e-05 3.86311e-05 1.01266e-06  -2.42953e-05 -2.55993e-05 -5.10647e-07  -2.57293e-05 -2.54412e-05 3.63811e-07  -3.38605e-05 -9.74458e-05 6.14201e-09  -0.000252022 -0.000159698 2.32126e-07  -0.000196639 -7.35313e-05 1.53579e-07  -0.000188772 -6.96807e-05 2.07986e-07  -0.000137339 -0.00075027 9.89282e-06  -0.00015782 0.000241 5.06968e-07  -6.9771e-06 2.99439e-06 -2.23525e-07  0.000156928 -5.37702e-05 3.6476e-09  0.000122966 -7.77332e-05 5.82991e-09  0.000107011 0.00040485 1.13916e-06  9.49899e-05 0.000205855 9.44112e-08  0.000225256 5.98788e-05 1.36117e-07  0.00031067 1.34536e-05 1.5711e-07  0.000441333 -0.000515069 5.77711e-06  7.92067e-05 5.51988e-05 4.95076e-09  -0.000272399 0.000385471 2.15921e-06  -0.000137543 0.00032402 1.71802e-06  0.00016056 4.71288e-06 1.37248e-08  -8.54006e-05 5.06494e-05 -2.26161e-08  -0.000468801 0.000389525 -4.96616e-06  -0.00041665 -0.000148556 4.30672e-06  -0.00090097 -7.86355e-05 1.12505e-06  0.000372858 -7.64446e-05 7.07038e-07  8.61191e-05 -0.000251408 2.30748e-07  0.000195026 -0.000300169 3.05645e-07  -0.000105947 -9.44568e-05 9.76159e-07  -0.000128731 3.74441e-05 1.98741e-08  -0.000203979 9.00353e-06 -2.82774e-08  0.00080317 -0.000405254 2.17119e-05  1.45652e-05 -4.01784e-06 6.80165e-08  7.91757e-06 4.37303e-05 -6.52808e-07  -0.000193766 1.9949e-05 5.73703e-08  0.000337017 0.000281671 6.41323e-07  -9.51873e-05 2.97102e-05 4.08872e-08  -5.05733e-05 3.49401e-05 9.20831e-07  -3.79843e-05 1.62049e-05 -4.24986e-07  0.000233748 0.000120953 4.49891e-08  0.000190609 3.8974e-05 2.53151e-08  5.64532e-05 -3.23274e-05 -4.00603e-08  -3.17914e-05 0.000107005 -2.15866e-09  -2.50971e-05 0.000159267 1.25656e-08  7.46456e-05 2.93854e-05 8.45806e-09  -2.71428e-05 0.000268901 4.96405e-07  -0.000143454 -5.90634e-05 -5.1834e-07  -0.000177744 -0.000101916 -1.07789e-07  0.000573517 0.000329098 1.52839e-06  -0.00284181 -0.00090239 4.113e-06  -4.95162e-06 -1.5536e-06 -1.52642e-07  -4.6983e-06 -2.60786e-06 -1.57874e-07  -0.000526401 -0.000363751 1.83043e-05  -0.00062859 -0.000233 8.34387e-06  4.07802e-05 9.55982e-09 2.83127e-09  6.13295e-05 -1.2411e-05 1.00051e-08  -0.000162864 -0.000264906 1.57012e-07  -0.000173327 -0.000158895 9.08676e-08  0.000315848 0.000737102 9.20274e-06  -2.34057e-06 9.19254e-05 8.86242e-08  0.00028837 0.00109009 3.87904e-05  -1.9042e-05 -0.000254631 1.6721e-07  -9.69256e-05 1.07881e-06 -1.2573e-07  -0.000115549 2.0935e-05 2.06477e-07  -0.00021039 -5.64214e-05 6.27561e-08  0.000283004 8.4933e-06 3.10543e-07  2.69057e-05 -3.87182e-05 -2.19153e-08  -0.001 -0.000514022 2.08723e-05  2.96354e-06 -2.08221e-05 4.34281e-08  -0.000154421 4.50089e-05 4.76374e-08  -0.000186767 7.30484e-05 -6.29595e-08  -0.00123694 -0.000526976 4.46466e-05  0.000291801 0.000244415 5.44348e-08  -9.79747e-05 -6.83207e-05 3.39446e-07  -8.64947e-05 4.31835e-05 -5.50579e-07  9.95365e-05 -8.25325e-05 2.63145e-09  7.73695e-05 -6.81503e-05 3.75369e-09  3.51966e-05 8.89973e-05 3.89759e-09  -2.3824e-06 2.04527e-06 9.38965e-08  -0.000181646 5.27388e-05 4.37527e-08  -5.29936e-05 -2.93512e-05 4.08965e-07  0.000131602 -7.20316e-05 -4.41096e-09  7.24759e-06 0.000852747 6.10925e-07  8.94185e-05 0.000368863 1.60686e-06  -0.00015174 0.000428511 7.9281e-07  -0.000102246 0.000372201 1.67797e-06  -0.000474961 0.000790785 1.09751e-05  0 0 0  0.00124339 0.00044929 3.56539e-05  4.77993e-05 0.000336853 3.88551e-07  9.05897e-06 0.000355037 4.55436e-07  0.00016464 -0.000144647 9.19364e-08  3.66942e-06 6.08112e-05 4.56844e-07  -6.66852e-05 0.000144111 2.86929e-08  -1.3387e-07 -1.93014e-05 -1.51484e-08  -6.96805e-05 8.83925e-05 -1.21486e-07  -5.87816e-05 0.000130201 4.97241e-09  -0.000339282 0.000114584 2.68443e-07  -0.000183962 0.00035016 4.75136e-07  0.000594547 -0.000327699 1.83744e-06  5.79442e-05 -0.000177791 1.15536e-08  0.000168773 -7.80695e-05 1.83003e-07  -6.56404e-05 -0.000448602 5.46925e-07  -7.62302e-05 0.000320079 4.06229e-07  0.000117795 0.000372562 6.37009e-07  0.000496971 -4.38104e-05 6.88029e-07  -7.35726e-05 -0.000245052 5.78817e-08  3.72021e-05 -6.24077e-05 -7.60149e-08  0.00018084 -0.000141563 9.95344e-08  1.96534e-05 -1.01351e-05 5.05936e-09  -0.000235438 2.41657e-05 1.4385e-07  -3.13977e-05 3.15912e-05 3.47724e-08  5.43191e-05 5.22189e-09 2.89433e-09  0.00033493 0.000439225 -1.90962e-07  -0.000116177 -4.41971e-05 8.52691e-07  -8.92712e-05 -0.000224418 3.27181e-08  -7.12012e-06 -2.73247e-05 2.74518e-07  -0.000134642 -6.41826e-05 2.11527e-08  -0.000173933 -0.000141819 1.07078e-07  -0.000116003 9.19088e-05 6.03324e-07  0.000289108 -3.75447e-05 1.40258e-07  0.000272583 -0.000112065 1.1371e-07  6.12505e-05 0.000429438 6.28239e-07  8.7223e-05 -0.000108643 9.16514e-09  0.000106843 -0.000164657 1.4401e-08  -6.74523e-05 -9.97812e-05 1.40491e-08  -0.000161514 0.000306316 3.408e-07  2.15905e-05 0.000589037 1.73838e-06  -0.000141123 -3.75791e-05 5.24662e-08  3.13882e-06 5.93293e-05 1.06323e-07  -1.33372e-05 7.19112e-05 -3.28172e-07  1.63537e-06 0.000103158 7.56793e-07  0.000851015 0.00115701 -6.41022e-06  0.000723441 0.000849986 -3.59915e-05  4.71197e-05 -2.48035e-05 -4.48005e-10  4.32728e-05 4.91173e-05 -2.12337e-08  -0.00014397 3.2924e-05 -9.5114e-09  6.07703e-06 0.000234423 1.53256e-08  1.87252e-06 -0.000167433 2.47147e-08  -3.89319e-05 -3.94517e-06 5.96547e-07  -8.96364e-05 -9.12553e-06 1.29905e-06  -5.26269e-05 -2.92038e-05 -8.75686e-07  -1.52456e-05 -0.000203846 5.50595e-08  -1.19102e-05 -7.51797e-05 -1.04524e-06  1.05749e-05 -7.57492e-05 4.53185e-07  -0.000193108 -6.31887e-06 3.24681e-07  -0.000101934 -7.84617e-06 -2.02929e-08  7.09318e-05 -1.53712e-05 1.24839e-08  4.98724e-05 0.000296662 5.78835e-08  0.000153549 0.000278954 5.64788e-08  -0.000286897 8.3767e-05 3.53507e-07  -5.81968e-05 -0.000280816 8.29738e-08  -9.51401e-05 -0.000121161 -3.01711e-07  -2.70266e-05 -0.000226836 2.51874e-08  -2.86651e-05 -0.00024211 2.84623e-08  4.3183e-05 8.45876e-05 5.50405e-07  4.98912e-05 6.06787e-05 2.31057e-07  -6.77881e-06 -2.11898e-05 -1.65842e-08  5.99137e-06 -0.000122854 -6.01539e-08  0.000236387 -2.0115e-05 7.03267e-07  -0.000210671 -0.000133561 1.7898e-07  2.43063e-05 -3.62645e-05 4.67931e-07  -0.000342019 -0.000125795 2.80287e-07  -0.000304236 -0.000198535 2.71811e-07  0.000109499 -0.000121362 1.31965e-08  -8.41595e-05 3.33381e-05 3.97528e-08  -6.79684e-05 -0.000215818 9.43486e-08  -0.000100998 -0.000194156 7.53456e-08  -0.000871766 1.97714e-05 8.50594e-06  -0.000121227 7.81851e-05 3.66665e-08  -9.25145e-05 -8.41671e-05 -5.94989e-08  -0.000127538 6.59845e-05 8.75081e-08  1.09857e-05 -0.000197131 1.05406e-08  -9.14086e-05 9.28563e-05 -1.99646e-08  0.000301431 0.000697029 2.55525e-06  0.000167966 -4.93153e-06 1.66102e-08  -0.000447596 0.000104658 2.09208e-06  0.000128972 0.00024951 5.14049e-08  0.000352529 4.30678e-05 1.05973e-07  -0.000695868 0.000193542 4.5729e-06  0.000265415 5.45583e-05 2.53741e-07  1.3482e-05 -8.14192e-05 -1.57918e-07  -2.54344e-05 0.000104125 -5.00829e-07  1.81418e-05 -2.60084e-05 -4.09549e-07  0.000100958 -2.21411e-05 -7.47266e-09  0.000218402 4.78783e-05 2.02972e-08  0.00139027 -0.00023435 4.41212e-05  -0.000443796 1.32795e-05 3.75221e-07  2.61255e-05 -0.000166197 1.33029e-08  0.00174949 -0.00165754 -5.80113e-05  -0.000121614 0.000103075 -3.94412e-09  -3.1734e-05 -0.0001248 4.29048e-10  -6.63377e-05 3.36489e-06 -3.66612e-08  -1.78143e-05 -3.60072e-05 3.66767e-07  0.000394443 0.000275203 1.44104e-06  0.000444648 0.000182723 1.14675e-06  -0.000267086 -0.000317728 2.32496e-07  -0.000190668 -0.000197125 2.69839e-07  -0.000179399 -0.00013753 3.28674e-07  2.11979e-05 4.18124e-05 -6.47262e-07  6.45166e-05 1.33017e-05 1.04205e-08  9.08503e-05 3.10915e-05 1.14155e-08  0.000197184 -0.000101702 2.00502e-08  9.4485e-05 -6.55048e-05 8.67515e-09  0.000131471 -9.11444e-05 9.44228e-09  -0.000299598 8.74666e-06 1.20636e-08  0.00031039 -0.000365464 1.1385e-06  0.000896337 -0.000481976 1.13234e-05  -0.000287476 -9.68739e-06 1.61801e-07  0.000113125 4.30611e-05 1.2211e-08  -0.000138848 0.000547795 2.14302e-05  0.000135509 8.34334e-05 1.23183e-08  -0.000138983 -6.58707e-05 2.33269e-08  -0.00019256 -1.53449e-05 7.49648e-08  0.000149072 6.90305e-05 1.07154e-08  -0.000310516 -4.44966e-05 3.3354e-07  2.82046e-06 0.00011469 9.12313e-09  -0.000684233 -0.000448575 5.39546e-06  -0.000260685 -0.000494663 2.19365e-06  -0.000185758 7.65069e-05 -2.40626e-07  0.000122859 1.06677e-05 2.05817e-08  0.000870034 0.000739208 2.73039e-05  -0.000206354 9.79652e-06 4.31485e-08  -2.12471e-05 -0.000100454 3.16002e-08  -0.000137786 0.000516328 1.11067e-06  8.53526e-05 9.61244e-05 6.30172e-09  0.000178044 0.000106499 8.38234e-09  0.000312499 -0.000128845 1.99612e-07  0.000398966 1.15303e-05 1.53341e-06  0.000639638 8.32451e-05 7.01863e-07  0.000796527 0.000287912 2.19401e-06  6.98732e-05 -0.000131903 1.13019e-08  0.000421009 -0.000788828 -1.15711e-06  0.000349817 -0.000798242 2.54495e-05  -4.78456e-05 0.000201321 2.34719e-08  -0.000283414 -0.000160556 1.14407e-06  -0.000132335 8.09232e-05 -1.05892e-07  -0.000210352 8.59773e-05 1.82644e-07  -2.25816e-05 0.000275186 5.7197e-08  -0.000245271 0.000413562 2.42037e-06  -0.000438793 -0.000596894 -1.76363e-06  7.50674e-05 -8.33625e-05 5.07426e-09  -2.64702e-05 -4.42932e-05 3.00881e-07  6.22954e-05 -0.000223757 4.36614e-07  8.76028e-05 -8.65568e-05 6.3407e-09  8.68511e-05 -0.000134305 9.81901e-09  -0.000256269 0.00010431 -2.86903e-08  0.00100355 1.46897e-06 1.00337e-05  0.000464733 -0.000122903 3.31366e-06  8.45348e-05 1.22066e-05 3.20253e-09  6.96838e-05 -0.000163978 9.68683e-09  -4.09788e-05 -4.0807e-05 -7.94457e-07  -0.000102754 -0.00088742 2.66097e-05  -2.99184e-05 1.65868e-05 -3.53132e-07  0.00033961 -0.000578784 1.09319e-06  -0.000440294 -0.000760764 3.39196e-05  -0.000195837 -0.000115952 2.32174e-08  -0.000136811 -8.65962e-05 4.08144e-10  -3.03887e-05 2.60126e-05 3.89714e-07  0.000245724 -6.94344e-06 1.19043e-07  0.000272418 -4.76251e-05 7.97144e-08  -7.51767e-05 0.000121583 8.49603e-12  -0.000160374 0.000160734 3.15414e-08  -4.11933e-05 6.309e-05 1.03166e-06  0.000210017 -0.000112345 8.0142e-08  5.67193e-05 0.000280947 4.49379e-08  -0.00133223 -0.00092586 -1.6873e-05  2.94611e-05 -0.000106083 1.10443e-08  -0.000281888 -3.99906e-05 2.51874e-07  0.000164579 -4.39334e-05 8.78298e-09  0.00014522 0.000145169 5.26054e-08  -0.000179508 0.000299451 2.76109e-07  -8.42388e-05 0.000323433 2.26512e-07  8.43045e-05 -0.000302708 3.03002e-07  0.000230504 -0.000227682 4.65345e-07  0.000538908 -0.000407408 6.24156e-06  7.15187e-06 -5.92281e-05 -2.40884e-07  0.000107341 -0.000137608 9.16281e-09  0.000169721 -0.000455383 1.3152e-06  -2.19314e-05 -6.23959e-05 7.47225e-07  0.000144386 0.000162723 8.09008e-08  -8.26958e-05 -0.000225262 2.06114e-08  -0.000122923 2.17617e-05 -4.21571e-07  6.2304e-05 -0.000191835 1.18227e-08  -0.000121945 0.000345625 3.11595e-07  -4.17112e-05 0.000380769 3.54439e-07  -6.07241e-05 -0.000159558 1.62419e-08  0.000178374 2.16571e-05 8.49896e-09  0.000102072 -0.000272446 1.16498e-07  -0.000667913 -0.000201666 -9.38443e-06  -0.00023406 0.000132233 2.83179e-07  3.30583e-05 -6.71266e-05 1.06501e-07  -6.19068e-05 0.000234584 1.26158e-08  -4.37197e-05 0.000151039 1.00861e-08  0.000199649 -0.000256906 2.48824e-07  -3.42908e-05 -8.30412e-05 -1.01838e-06  -4.54794e-06 -3.4787e-05 3.59136e-07  -8.96927e-07 -5.18972e-05 6.4006e-08  4.68052e-05 0.000220121 1.18855e-07  6.16878e-05 0.00011501 5.2931e-09  2.49731e-05 0.000117511 5.95876e-09  0.000173586 -3.03241e-05 4.60284e-09  -6.78631e-05 5.75625e-05 1.23729e-06  0.000676738 0.000146313 3.05651e-06  0.000924799 -0.000333686 1.71652e-06  -7.47313e-05 2.05174e-05 6.31634e-07  -0.000107688 1.56105e-05 -1.0515e-07  -8.82012e-05 4.86896e-06 -5.10812e-07  -4.13467e-05 3.73131e-05 -4.87036e-07  0.000607412 0.000315242 6.68683e-06  1.00128e-05 -0.000240922 1.16057e-07  -1.90976e-06 -0.00103322 -1.73855e-06  0.000160681 -3.29729e-05 1.66285e-08  0.000330762 7.27763e-05 2.69413e-07  0.000261602 -0.000428147 4.72299e-07  -0.000198876 -0.000238019 1.69126e-06  -3.51166e-06 -1.27894e-05 -3.40561e-07  -6.41294e-05 -1.65966e-05 -3.95643e-08  -0.000327842 0.00035838 2.00114e-07  -0.000134959 0.000120837 1.36465e-08  0.000186335 0.000243906 1.3821e-07  6.86438e-05 -0.00019348 1.34524e-08  -2.61382e-05 -0.000157687 4.94056e-08  0.000250943 -0.000103312 7.41687e-08  -0.000102767 -7.20094e-05 -1.10474e-06  -0.000199234 -0.000130758 -1.33892e-09  6.63416e-05 -0.000427966 1.04384e-06  -0.000468377 0.000384269 4.12576e-06  4.27264e-05 -3.92747e-05 2.94044e-07  0.000237434 0.000109909 2.60102e-07  1.52525e-05 0.000374194 2.58207e-07  -4.03064e-05 -7.95967e-05 1.25229e-06  -0.000301272 -5.21832e-05 9.19534e-08  3.22403e-05 0.000160075 5.55947e-09  -0.000103311 -0.000168218 1.71882e-08  -0.000176925 -0.000261853 5.84312e-08  4.10744e-05 0.000124008 6.47369e-09  -0.000167378 5.92908e-05 2.10424e-08  -0.000156995 8.86677e-05 3.34433e-08  0.000148536 0.00060475 9.51302e-07  -8.64351e-05 -3.24001e-05 -9.22099e-07  -5.21243e-05 3.44756e-05 -4.52706e-07  6.17346e-05 0.000103231 -8.63001e-09  9.35313e-05 7.55591e-05 2.63123e-08  -7.28108e-05 3.17101e-05 -8.56236e-07  0.000271892 0.000111899 8.85476e-08  0.000112124 -0.000210726 3.14603e-08  0.000159242 -0.000171848 2.68385e-08  -6.23771e-05 -3.45006e-05 1.04936e-06  0.000532096 -0.000405126 1.0825e-06  5.12466e-05 -2.64849e-05 5.52271e-09  1.76793e-05 -0.000178745 2.29031e-08  -5.41394e-05 0.000132839 1.86186e-07  3.55471e-06 0.000244238 1.65274e-08  0.000175615 -5.14573e-06 2.06142e-08  -0.000804794 0.000731057 3.39553e-05  -8.64317e-05 2.52393e-05 4.77933e-08  9.4091e-05 -5.35395e-05 -2.69692e-08  -0.000297465 3.07973e-05 8.40561e-08  -0.00014071 -0.000382928 2.49119e-07  0.000275272 -0.000108312 2.99768e-07  -8.06455e-05 -0.000142122 7.4163e-08  0.000253142 -5.19784e-05 1.60654e-07  -0.000105855 -8.6124e-06 3.95484e-07  -0.000148414 -4.09847e-05 -9.62615e-08  4.02159e-05 1.16568e-06 -2.59247e-09  -0.000155015 -1.58348e-05 3.40741e-08  0.000126913 0.000126881 1.76513e-08  -1.91356e-05 -9.27707e-05 -3.05768e-07  8.38167e-06 3.55373e-05 1.78632e-07  0.000457749 -0.000211321 4.31489e-06  0.000108239 -0.000266132 3.35702e-07  2.13537e-05 6.34868e-05 -6.31262e-08  -3.27524e-05 -0.000398753 9.39093e-07  -0.000269067 -1.6715e-06 6.00844e-08  -0.000186343 0.000219343 1.61681e-08  4.11731e-05 0.000309927 2.87552e-08  1.49066e-05 5.67647e-05 -1.52379e-07  0.000513225 -7.39019e-05 2.91819e-06  0.000600957 -7.71513e-05 1.73981e-06  0.000140025 -0.000174428 9.90175e-08  0.00117611 -0.000343832 -2.42034e-05  0.000143368 -0.000301724 3.48196e-06  0.000141106 -0.000151974 1.40287e-08  -0.000193816 0.000175143 2.4685e-07  0.000233387 0.000178846 9.61287e-08  6.56965e-05 -3.06514e-06 6.17993e-09  4.69405e-05 -0.00016843 1.92045e-08  -0.000278671 -0.000148508 1.55144e-07  -0.000186035 0.000123375 1.67927e-08  3.85058e-05 -0.000111467 -4.77912e-07  -0.000153877 -4.10165e-05 4.27928e-08  4.44311e-05 9.62842e-05 5.99766e-09  -0.000102473 1.08154e-05 3.80521e-08  3.66632e-05 -0.000389669 1.05792e-06  7.61363e-05 0.000124131 5.67257e-09  0.000144923 -0.000272969 1.6191e-07  0.000364843 5.32288e-05 1.31144e-06  1.82788e-05 -0.000116965 2.15166e-08  9.78121e-05 -0.000183847 1.6024e-08  -0.000206151 0.00017657 1.19468e-07  -4.27457e-05 -2.98481e-06 4.46555e-07  4.69644e-05 -0.000351267 1.03588e-07  -0.000153689 -0.00013253 2.92771e-08  
            </DataArray>
         </PointData> 
      </Piece>
   </UnstructuredGrid> 
</VTKFile>
