<?xml version="1.0"?>
<VTKFile type="UnstructuredGrid" version="0.1" byte_order="LittleEndian">
   <UnstructuredGrid>
      <Piece NumberOfPoints="1126" NumberOfCells="0" > 
         <Points> 
            <DataArray type="Float64" Name="Position" NumberOfComponents="3" format="ascii"> 
               -0.00460669  -0.00193719  0.048973  
               -0.00456781  -0.00200993  0.0494405  
               0.00160798  -0.00471205  0.037189  
               0.00200235  -0.00457186  0.0356426  
               -0.00139233  -0.00477747  0.0491934  
               -0.00220156  -0.00446538  0.0493789  
               0.00144515  -0.00476144  0.000519076  
               0.00055569  -0.00494527  0.0428234  
               -0.000726652  -0.00492843  0.0430252  
               -0.000329968  -0.0049675  0.0418745  
               0.00212629  0.00450561  0.0493708  
               0.0039017  -0.00308936  0.000931061  
               0.00492654  -0.000745812  0.000639472  
               0.00158607  0.0047187  0.00947666  
               0.00235331  0.00438427  0.0106703  
               0.00305025  0.00393379  0.00917739  
               -0.00328297  -0.00374281  0.0489824  
               0.00362748  -0.00342349  0.000621582  
               -2.70975e-05  0.00499733  0.0489422  
               0.000860549  0.00491524  0.0484703  
               -0.000320539  0.00496843  0.0474879  
               0.00465954  0.00178107  0.000747089  
               0.00446995  0.00219301  0.000660817  
               0.00277785  -0.00415735  0.0494309  
               -0.000541918  -0.00494663  0.0494155  
               -0.00471424  -0.00160076  0.0492902  
               0.00490393  -0.000975452  0.0493445  
               0.00282105  0.00412189  0.000766351  
               0.0031146  -0.00388099  0.0492498  
               0.00374281  -0.00328297  0.0493879  
               0.00346852  0.00359053  0.000640672  
               0.00402934  0.00293383  0.000826627  
               -0.0018087  -0.00465116  0.0485934  
               -0.00170791  0.00468174  0.000893579  
               -0.00218173  0.00447598  0.000661621  
               -0.00216439  0.00448525  0.00251426  
               0.00446538  -0.00220156  0.0493674  
               0.00281927  -0.00412336  0.0489452  
               0.00496479  0.000357461  0.00554857  
               0.00493509  0.000659086  0.00662799  
               0.00495694  -0.000437193  0.00686191  
               -0.0015826  -0.00471975  0.00106305  
               -0.000709477  -0.00493012  0.00153217  
               0.00345094  -0.00360496  0.0487281  
               0.00334747  -0.00368988  0.047679  
               0.00263182  -0.0042354  0.0482347  
               -0.00309965  0.00389326  0.0171823  
               -0.00382784  0.00317936  0.0175693  
               -0.00133353  0.0047953  0.000590372  
               0.00210912  0.00451479  0.00103012  
               0.00242218  0.00434746  0.000712353  
               -0.0031642  -0.00384028  0.00120854  
               -0.00241032  -0.0043538  0.000966192  
               0.00375506  0.00326804  0.00145335  
               0.00459897  0.00195164  0.00206904  
               0.00372093  0.00330962  0.00239369  
               0.00204124  0.00455107  0.000559948  
               0.00446995  0.00219301  0.00123799  
               -0.00465459  0.00179741  0.00292777  
               -0.00439295  0.00233707  0.00193126  
               -0.00470852  0.0016196  0.00198529  
               0.00118389  -0.0048407  0.0494153  
               -0.00177342  0.00466186  0.0491404  
               -0.00200909  -0.00456826  0.000644285  
               0.00496893  -0.000315496  0.00098358  
               0.00498864  0.000115337  0.000617708  
               -0.00491673  0.000845485  0.0382039  
               -0.00490619  -0.000952446  0.0378922  
               -0.00496255  -0.000380251  0.0369558  
               0.00313435  0.00386477  0.000986872  
               -0.000592085  -0.00494168  0.0168272  
               -0.00031728  -0.00496875  0.0155755  
               -0.0031642  -0.00384028  0.000558407  
               -0.00280948  -0.00413139  0.000646067  
               -0.00329239  0.00373508  0.0494205  
               0.00498207  0.000182048  0.00184135  
               -0.00115057  -0.0048508  0.000589541  
               -0.000268126  -0.00497359  0.0312726  
               0.000865782  -0.00491473  0.0316316  
               0.00308673  -0.00390386  0.0408176  
               0.00387264  -0.00312477  0.0414405  
               -0.000709477  -0.00493012  0.000799284  
               0.00181565  -0.00464905  0.0486639  
               0.00118389  -0.0048407  0.0489248  
               -0.000302776  -0.00497018  0.000577366  
               0.00357428  0.00348833  0.04829  
               0.00359097  0.00346798  0.0473824  
               0.00477133  -0.00141256  0.0492505  
               0.00465116  -0.0018087  0.0494652  
               -0.000471224  0.00495359  0.0493952  
               0.0019825  -0.00458247  0.0221109  
               0.00317204  -0.00383385  0.0228372  
               -0.00439147  -0.00233984  0.0305348  
               0.00206269  0.00453961  0.016277  
               0.00276219  0.00416572  0.0150202  
               0.00307496  0.00391352  0.0163742  
               0.00385489  0.0031464  0.0490609  
               -0.00435937  0.0023999  0.0186585  
               -0.00442263  0.00228154  0.0200365  
               -0.00486287  0.00111078  0.0191247  
               -0.00134589  0.00479156  0.049395  
               -0.00494207  0.000588188  0.049335  
               0.00103133  -0.00488698  0.00365727  
               0.00254311  -0.00428282  0.00362288  
               0.0018011  -0.00465347  0.00304545  
               0.00462706  0.00188815  0.0142772  
               0.00490868  0.000927155  0.0132928  
               -0.0046053  0.0019398  0.0490015  
               -0.0046053  0.0019398  0.0494491  
               0.00484535  -0.00116854  0.00133133  
               -0.00458211  -0.00198317  0.0010801  
               0.00289487  0.00406131  0.0493716  
               0.00467538  -0.00172887  0.00378754  
               0.00417103  -0.00275225  0.00202276  
               0.00405424  -0.00290349  0.00362402  
               -0.00493563  -0.000653604  0.000832155  
               -0.00348843  -0.00357419  0.000728813  
               -0.00437404  -0.00237244  0.0472217  
               -0.000541918  -0.00494663  0.0489253  
               0.000325151  -0.00496798  0.0491569  
               -0.00294623  -0.00401917  0.0493798  
               -0.00360496  -0.00345094  0.0494293  
               -0.00389297  0.0031  0.000579026  
               -0.0032683  0.00375485  0.000576398  
               -0.00360435  0.00345168  0.000731285  
               0.00457846  -0.00199001  0.000574555  
               0.00417103  -0.00275225  0.000621103  
               0.000860549  0.00491524  0.049202  
               -0.00152331  0.00473774  0.00335005  
               -0.00160522  0.00471289  0.00473283  
               -0.000806583  0.00492056  0.00403441  
               0.00239643  -0.00436122  0.0232657  
               0.00339592  -0.00365011  0.0238269  
               -0.00315359  0.00384899  0.00830286  
               -0.00291931  0.00404125  0.00692363  
               -0.00191497  0.00461857  0.0071687  
               0.00297872  -0.0039925  0.000825007  
               0.00437494  -0.00237077  0.00108321  
               0.0018581  -0.00463618  0.000619668  
               0.00144515  -0.00476144  0.000926498  
               -0.00138183  -0.00478065  0.00669094  
               0.00122412  0.00482849  0.00156352  
               0.00494871  -0.000520792  0.0492639  
               0.000875595  -0.00491376  0.00130593  
               0.0018581  -0.00463618  0.00194485  
               0.000603286  -0.00494058  0.000660413  
               -0.00294591  0.00401942  0.0492406  
               -0.00492481  0.000763448  0.000801445  
               -0.00478488  0.00136791  0.000685958  
               0.00471124  0.00161066  0.0490532  
               0.00455949  0.0020255  0.0493706  
               0.00241955  0.00434886  0.00489836  
               0.0025034  0.00430405  0.00345401  
               0.0031931  0.00381656  0.0037968  
               0.00401917  -0.00294623  0.0490989  
               -0.000915408  0.00490984  0.0491406  
               -0.000645703  -0.0049364  0.00251569  
               0.000860585  -0.00491524  0.00246484  
               0.00332445  -0.00370876  0.0383299  
               -0.000849478  -0.00491633  0.0472765  
               0.00331297  -0.00371819  0.00144961  
               0.00382785  -0.00317935  0.0467244  
               -0.00147564  -0.00475219  0.00568086  
               0.00477841  0.00138923  0.000960172  
               0.00466416  0.00176587  0.00121653  
               0.00129203  0.00480789  0.0494137  
               0.00171818  0.00467862  0.0489434  
               -0.00091689  0.00490969  0.00051962  
               -0.00493027  -0.00070803  0.0490194  
               -0.00471424  -0.00160076  0.0486558  
               0.00441891  0.00228851  0.0469543  
               0.00462299  0.00190157  0.0480705  
               0.0048885  0.00102629  0.0467781  
               -0.00258575  -0.00426003  0.0490711  
               0.000373196  0.00496324  0.000559487  
               -5.70684e-05  0.00499438  0.000712726  
               0.000297996  0.00497065  0.00103067  
               0.00262539  -0.00423884  0.000587789  
               -0.00495619  0.000444845  0.0116668  
               -0.00490947  -0.000919187  0.0115808  
               -0.00496542  0.000351071  0.0129559  
               0.0027707  -0.00416117  0.00957373  
               0.00257259  -0.00426706  0.0106679  
               -0.00499225  7.87121e-05  0.00110401  
               -0.00460335  0.00194344  0.047883  
               0.00301323  0.00396418  0.0466006  
               -0.00332702  0.00370665  0.0256473  
               -0.00285015  0.00409801  0.0246867  
               -0.00096725  -0.00490473  0.0131268  
               -0.00231659  -0.0044039  0.0129125  
               0.00436277  -0.00239352  0.0324924  
               0.0016379  0.00470298  0.000874665  
               0.00491243  0.000889072  0.0477575  
               -0.00459067  0.00196716  0.00104357  
               0.00483697  0.00119618  0.00170021  
               0.00494627  0.00054548  0.000919325  
               -0.00426307  0.00258005  0.0302056  
               -0.00356471  0.00349998  0.0315334  
               -0.00497969  0.000206226  0.0489112  
               -0.00494207  0.000588188  0.0479497  
               -0.00302921  0.00395106  0.0428455  
               0.00495057  -0.000501827  0.0487881  
               0.00490393  -0.000975452  0.0487715  
               0.00471987  -0.00158219  0.000774727  
               -0.00362087  0.00343155  0.0494498  
               -0.00228905  -0.00441862  0.00424504  
               -0.0015826  -0.00471975  0.00273184  
               -0.000900222  -0.00491134  0.00363452  
               0.00454505  -0.00205252  0.0411614  
               0.0048193  -0.00125444  0.0401778  
               0.00455975  -0.00202501  0.0392656  
               0.00122412  0.00482849  0.000602455  
               0.0040323  -0.00293023  0.0332894  
               0.00453236  -0.00207624  0.0335201  
               0.00482022  -0.00125138  0.0458763  
               0.00499808  1.95244e-05  0.045295  
               0.004858  -0.00112684  0.0443596  
               0.00421134  -0.00267683  0.0243275  
               0.000289553  0.00497148  0.00385996  
               0.00196206  0.0045934  0.0470062  
               0.00289487  0.00406131  0.0482934  
               0.00251873  0.00429585  0.0490596  
               0.00124047  -0.00482353  0.0481088  
               0.00200993  -0.00456781  0.049328  
               -0.00257441  0.00426609  0.0487159  
               -0.00234982  0.00438614  0.0471137  
               -0.00134589  0.00479156  0.0484794  
               -0.00484235  0.00117845  0.00134909  
               -0.0043627  -0.00239366  0.0490104  
               -0.0031449  0.00385612  0.00938227  
               -0.00362814  0.00342269  0.0102447  
               -0.00390128  0.00308988  0.0093047  
               -0.00332028  -0.00371219  0.0310328  
               -0.00210252  -0.00451832  0.0322683  
               -0.00189307  -0.00462557  0.0309241  
               -0.00474136  0.00151137  0.04939  
               -0.00176917  -0.00466316  0.0138002  
               0.000417233  0.00495891  0.0494131  
               0.00187926  0.00462976  0.00167426  
               0.00145379  0.00475883  0.00225138  
               0.0048283  0.00122475  0.0493796  
               0.00323809  0.00377964  0.0490595  
               -0.00427951  -0.0025493  0.0459901  
               0.00465116  -0.0018087  0.0490358  
               -0.00474225  0.00150841  0.00836831  
               0.00435081  0.00241591  0.0489187  
               0.0041362  0.00280362  0.0493723  
               0.00200993  -0.00456781  0.0479998  
               0.00462908  -0.0018815  0.0475827  
               0.00470702  -0.00162458  0.0481034  
               0.00483699  -0.0011961  0.0477954  
               0.00385489  0.0031464  0.049477  
               0.00342822  0.00362361  0.0436348  
               0.00404777  0.00291138  0.0445795  
               0.00392394  0.00306226  0.0457276  
               0.0039017  -0.00308936  0.000521064  
               -0.00496807  -0.000324195  0.0493771  
               0.0041362  0.00280362  0.0479846  
               -0.00220156  -0.00446538  0.0469429  
               -0.00442985  0.00226804  0.00963771  
               -0.00486882  0.00109119  0.0105134  
               -0.00438214  0.0023573  0.0108464  
               -0.00258575  -0.00426003  0.049481  
               -0.00418035  -0.00273481  0.0394671  
               -0.0045236  -0.00209264  0.041254  
               -4.0336e-05  -0.00499603  0.00174019  
               0.00155261  -0.00472885  0.0113523  
               -0.00182918  0.00464495  0.0358232  
               -0.00209369  -0.00452304  0.00189744  
               0.00395503  0.00302438  0.0418706  
               0.00445656  0.00221806  0.0411219  
               0.00357351  0.00348927  0.0493721  
               -0.00439295  0.00233707  0.000639557  
               -0.00417664  0.00274176  0.000527436  
               -0.00475979  0.00145062  0.0462851  
               -0.00498468  -0.000155563  0.0471633  
               -0.00425777  -0.00258998  0.000755944  
               -0.00389718  -0.00309487  0.00108632  
               -0.00427486  -0.00255799  0.00157127  
               0.00258965  -0.00425794  0.0025406  
               0.00490396  0.000975104  0.000617259  
               -0.00486013  0.00111982  0.0490714  
               -0.0049151  0.000862  0.00196025  
               -0.00389297  0.0031  0.00360185  
               -0.00492418  0.000769846  0.044976  
               -0.00316208  -0.00384202  0.0144819  
               -0.00381835  -0.00319092  0.0140847  
               -0.00341081  -0.00363789  0.0154353  
               -0.00388099  -0.0031146  0.0485558  
               0.000803405  0.00492087  0.000874252  
               4.28867e-05  -0.00499578  0.0363621  
               0.00105282  -0.00488046  0.000722787  
               -0.00290687  0.00405147  0.0306249  
               0.00446288  0.00220624  0.0160652  
               0.00431474  0.00248339  0.0150426  
               0.00477841  0.00138923  0.000534007  
               -0.00241032  -0.0043538  0.000537489  
               -0.00271595  0.00419044  0.0331452  
               0.000538396  -0.00494697  0.0473781  
               0.00021372  -0.00497895  0.00108404  
               -0.0049455  0.000553334  0.00737865  
               -0.00493137  -0.000696779  0.00767567  
               0.00410441  0.00284235  0.0296435  
               0.00347252  0.00358725  0.0298909  
               0.00415066  0.002786  0.0307516  
               0.00417692  -0.00274123  0.017341  
               0.00361713  -0.00343611  0.0168422  
               0.00381218  -0.00319844  0.0181794  
               -0.00291931  0.00404125  0.00080145  
               -0.00418188  0.00273195  0.0493135  
               -0.00389035  0.00310318  0.0492262  
               -0.00134589  0.00479156  0.0469927  
               0.00323378  0.00378318  0.0337014  
               0.00404653  0.00291289  0.0339496  
               0.00433909  0.00243784  0.034903  
               0.00462694  0.00188856  0.0359453  
               0.00242218  0.00434746  0.00134788  
               0.00151124  0.0047414  0.0272731  
               0.00455399  0.00203578  0.0458139  
               0.00483269  0.0012103  0.0443319  
               -0.00343053  -0.00362171  0.0482725  
               -0.00366465  -0.00337821  0.0472791  
               -0.00298432  -0.0039879  0.0477953  
               -0.00236447  0.00437831  0.0460065  
               -0.00274216  0.00417642  0.0443464  
               -0.00415735  -0.00277785  0.0494292  
               0.00088075  -0.00491325  0.0162229  
               0.000947886  0.00490664  0.020251  
               -0.00383633  0.00316901  0.00245724  
               -0.00133353  0.0047953  0.00168248  
               0.00458315  -0.00198123  0.00709132  
               0.00481417  -0.00127133  0.00592485  
               -0.0006065  -0.00494026  0.0386546  
               -0.000513945  -0.00494938  0.0396567  
               0.00496601  -0.00034509  0.0171083  
               -0.00388099  -0.0031146  0.0492428  
               0.00224434  -0.00444252  0.00104704  
               0.00499116  8.97942e-05  0.0483349  
               -0.00129662  -0.0048065  0.0175232  
               -0.00223214  -0.00444904  0.016779  
               -0.00128418  -0.00481027  0.0160161  
               0.00144964  -0.00476008  0.046665  
               -0.000497353  0.00495101  0.00307581  
               -0.000990233  0.00489944  0.00242109  
               -0.00317259  0.00383339  0.0485408  
               0.00418566  0.00272489  0.0258044  
               0.00453507  0.00207119  0.0249786  
               -0.00254215  0.00428333  0.00138348  
               -0.00417664  0.00274176  0.000942246  
               -0.00383446  0.0031713  0.00105926  
               0.0049292  0.000718823  0.0493197  
               -0.00418188  0.00273195  0.0487067  
               -0.00165578  0.00469755  0.0450367  
               -0.0013338  0.00479522  0.0434398  
               -0.00444045  -0.0022482  0.0244864  
               -0.00415415  -0.00278175  0.0236768  
               0.00248903  0.00431173  0.0331426  
               0.00157  0.00472357  0.0331908  
               0.00218884  0.00447218  0.0340916  
               0.00269167  0.00420341  0.0371015  
               0.00283485  0.00411057  0.0381836  
               0.00355578  0.00351086  0.0376173  
               0.00479398  -0.00133789  0.0234308  
               0.00499987  1.30523e-06  0.0231523  
               0.00426003  -0.00258575  0.048376  
               0.00416377  -0.00276583  0.0474769  
               0.00449125  -0.00215317  0.0480831  
               0.00239366  -0.0043627  0.0489272  
               -0.00091689  0.00490969  0.000927513  
               -0.00420542  -0.00268792  0.0484073  
               -0.00401947  0.00294585  0.021869  
               -0.00304379  0.0039391  0.0209119  
               -0.00274958  0.00417246  0.0221883  
               0.00273508  0.00418021  0.00182876  
               0.00282442  0.00411913  0.00124104  
               -0.00217951  0.00447717  0.049395  
               0.00264061  0.0042307  0.0455914  
               -2.56631e-05  -0.00499747  0.0233609  
               0.00085216  -0.00491607  0.0226743  
               0.000905026  -0.00491086  0.0238552  
               -0.000661252  0.00493487  0.00166959  
               0.00384666  -0.00315643  0.0046434  
               0.00390874  -0.00308078  0.00566597  
               0.00320808  -0.00380427  0.00524606  
               -0.00362087  0.00343155  0.0490027  
               -0.00364272  -0.00340492  0.0125703  
               -0.00430661  -0.00249859  0.0133265  
               0.00468771  0.00168823  0.0341704  
               -0.00109526  -0.00486758  0.0270601  
               0.000608526  -0.00494007  0.0277203  
               -0.000579528  -0.00494292  0.0282045  
               -0.00465094  -0.00180944  0.0275069  
               -0.00470527  -0.00163033  0.0254095  
               -0.00492099  -0.00080225  0.0272295  
               -0.00317249  0.00383347  0.0475661  
               0.0043982  -0.00232724  0.0295262  
               0.00470938  -0.00161679  0.0304448  
               0.00402267  -0.00294196  0.0396826  
               -0.000292531  -0.00497119  0.00108357  
               -0.00206734  0.00453713  0.0426934  
               -0.00251221  0.00429934  0.00428689  
               -0.00389533  0.00309713  0.00480689  
               -0.0010628  0.00487743  0.0299494  
               -0.00199157  0.00457763  0.0309152  
               0.00421184  -0.00267591  0.0126239  
               0.0033328  -0.00370191  0.0115638  
               -0.0040174  0.00294838  0.00174273  
               0.000543035  -0.00494652  0.017454  
               -0.00375062  0.00327345  0.0481159  
               0.000325151  -0.00496798  0.0483762  
               -0.00468912  -0.00168359  0.0021757  
               -0.00493929  -0.000616405  0.00185935  
               0.00326432  0.00375811  0.0184676  
               0.0021414  0.00449754  0.0187265  
               0.00271537  0.00419074  0.0176614  
               0.00498927  -0.000108907  0.0490543  
               -0.00275673  -0.00416864  0.0363584  
               0.00473642  0.00152765  0.0369051  
               0.00441334  0.00229892  0.0375086  
               0.00492089  0.00080319  0.0391848  
               0.0049954  -4.67415e-05  0.0403112  
               0.00291044  0.00404853  0.0351759  
               -0.00377174  -0.00324772  0.0419357  
               -0.00367249  -0.00336865  0.0406011  
               -0.00256809  -0.00426947  0.0422023  
               0.00115397  -0.00484977  0.0193198  
               0.00149459  -0.00474645  0.0183118  
               -0.000410696  0.00495955  0.00103067  
               -0.00381837  0.0031909  0.0470964  
               -0.00314558  0.00385556  0.0465921  
               -0.00467669  0.00172454  0.0221205  
               -0.00490756  0.000938585  0.0212418  
               0.00324845  0.00377113  0.00480862  
               -0.00367074  0.00337079  0.0283976  
               -0.0028509  0.00409739  0.0284768  
               -0.00406721  0.00288769  0.0477336  
               -0.0043136  0.00248553  0.0481492  
               -0.00347768  -0.00358301  0.00355674  
               -0.0031642  -0.00384028  0.00475288  
               -0.000487432  0.00495199  0.000560129  
               0.00498426  0.000159765  0.0363883  
               0.0044274  -0.00227261  0.0488114  
               -0.00214877  0.0044936  0.0267785  
               -0.00325816  0.00376317  0.00111545  
               0.00384365  -0.0031601  0.0290539  
               0.000593949  0.0049415  0.0374722  
               0.000934891  0.00490792  0.0390462  
               0.00313659  -0.00386294  0.0395491  
               0.00216488  -0.00448499  0.0410838  
               -0.00475187  -0.0014767  0.039834  
               0.00488792  -0.0010282  0.0163588  
               -0.00262827  -0.0042373  0.00288917  
               0.00256848  0.00426926  0.00239571  
               -0.00462421  0.00189754  0.0484787  
               -0.00351821  -0.00354975  0.0214102  
               -0.00390285  -0.00308796  0.0227552  
               -0.00231996  -0.0044021  0.00661043  
               -0.00325141  -0.00376871  0.00583356  
               -0.000818776  0.00491936  0.0457579  
               -0.00481411  -0.00127153  0.0198654  
               -0.00494811  -0.000526868  0.0192139  
               -0.00474746  -0.00149125  0.0188355  
               -0.00498983  0.000103292  0.00347803  
               0.00209756  0.00452097  0.0287436  
               0.00158408  0.0047193  0.0296539  
               0.000380794  0.0049625  0.0282379  
               0.00258462  -0.00426063  0.0472198  
               -0.00496244  -0.000381345  0.0419094  
               -0.00494166  0.000592286  0.04134  
               -0.00482117  0.00124825  0.0473135  
               -0.00447812  0.00217772  0.00754074  
               0.00488598  0.00103461  0.015211  
               0.00417294  -0.00274869  0.0155329  
               0.00357577  -0.00348651  0.0158451  
               0.0049292  0.000718823  0.0487318  
               0.00496078  0.000398188  0.0329193  
               0.00366252  0.0033808  0.0361382  
               -0.00304124  -0.00394119  0.0389535  
               -0.00169626  -0.00468527  0.0432756  
               0.00346813  -0.00359085  0.0144567  
               0.00139306  0.00477725  0.00391761  
               6.60707e-05  -0.00499349  0.0130876  
               -0.000786279  -0.00492256  0.0141487  
               0.00298635  -0.00398624  0.0350338  
               0.00246156  0.00432641  0.0274526  
               0.00310581  0.0038882  0.0283102  
               0.00367346  0.00336746  0.0274052  
               -0.00470705  -0.00162448  0.0460732  
               -0.00427688  0.00255423  0.0464367  
               0.00240096  0.0043588  0.0130031  
               0.00251873  0.00429585  0.0494761  
               -0.00233412  0.00439453  0.0386794  
               -0.00362549  0.00342593  0.0384836  
               -0.00297403  0.00399635  0.0375265  
               -0.000435419  -0.00495711  0.020076  
               -0.00490504  -0.000964194  0.0326201  
               -0.00479356  -0.00133929  0.0314339  
               -0.00312367  -0.00387354  0.0223524  
               -0.00165654  -0.00469732  0.0220662  
               -0.00254171  -0.00428357  0.0215515  
               0.00335707  -0.003682  0.0455597  
               0.00286185  0.00408841  0.00771134  
               0.00176021  0.00466587  0.0176444  
               0.00476638  -0.00142887  0.048777  
               0.00463972  -0.00184642  0.0485416  
               -0.00363692  -0.00341199  0.0489461  
               0.00442977  0.00226818  0.0429977  
               -0.00491786  -0.00083402  0.0229013  
               -0.00472137  -0.00157725  0.0237842  
               0.000551453  0.00494569  0.0016737  
               -0.000962718  0.00490518  0.036271  
               -0.0006815  0.00493288  0.0347988  
               0.0049723  0.000281255  0.0492639  
               0.00498927  -0.000108907  0.0494735  
               0.00430166  0.00250786  0.00389799  
               0.00271781  0.00418944  0.0250095  
               0.00341562  0.00363394  0.0121892  
               0.00390573  0.00308445  0.0111877  
               0.00328612  0.00374022  0.0309202  
               0.00243863  0.00433866  0.0307171  
               -0.00478923  -0.00135357  0.0134323  
               -0.00494476  -0.000560834  0.0140378  
               -0.00393962  -0.00304315  0.0478472  
               0.00478389  -0.00137116  0.0294429  
               -0.00494107  0.000598377  0.00490682  
               -0.00469788  0.00165469  0.00452819  
               -0.00388149  0.00311399  0.022857  
               0.00401082  0.00295639  0.00705658  
               0.00362499  0.00342653  0.0388543  
               -0.00361455  -0.00343925  0.0106794  
               0.00490396  0.000975104  0.00243164  
               0.00496238  -0.000381937  0.00342949  
               0.00467911  0.00171657  0.028936  
               0.00499153  8.59849e-05  0.0283505  
               0.00481411  0.00127155  0.0277498  
               0.000253138  0.00497507  0.029735  
               -0.00230638  0.00440936  0.0100023  
               -0.00199814  -0.00457411  0.0356532  
               -0.0022276  -0.00445146  0.037295  
               -0.002772  -0.00416048  0.0111892  
               0.000253331  -0.00497505  0.0141121  
               -5.67795e-05  0.00499441  0.00208381  
               -0.0046313  0.00187418  0.0146973  
               -0.00431378  0.0024852  0.015553  
               -0.00491754  -0.000837263  0.0480025  
               0.00492152  -0.000796809  0.0352554  
               -0.00360435  0.00345168  0.00138724  
               -0.0030945  0.00389748  0.0020127  
               0.00342598  0.00362544  0.0102595  
               0.00294412  -0.0040209  0.036698  
               0.00189259  -0.00462571  0.0422137  
               0.000972787  -0.00490419  0.0415452  
               0.000675468  -0.00493347  0.0354475  
               0.000134925  -0.00498671  0.0341691  
               -0.000653489  -0.00493564  0.0350434  
               -0.00263202  0.00423529  0.0295811  
               -0.00127649  0.00481261  0.0282992  
               0.00390872  0.00308081  0.00831475  
               0.00494627  0.00054548  0.000515898  
               -0.000109763  0.00498919  0.00650299  
               -0.00338135  -0.00366207  0.0337341  
               0.00487007  0.00108705  0.0250923  
               -0.00152525  -0.00473715  0.03427  
               -0.0044117  0.00230199  0.048737  
               -0.00440469  0.00231511  0.0492253  
               0.00499544  4.62911e-05  0.014044  
               0.00472115  0.001578  0.0307672  
               0.00473973  0.00151675  0.0325257  
               0.00495884  0.000417894  0.0317132  
               0.0045076  -0.00212258  0.0284444  
               0.00484801  -0.00115979  0.0279859  
               0.00476778  -0.00142428  0.0326804  
               0.00494805  -0.000527436  0.0340286  
               0.00474202  -0.00150919  0.0344044  
               -0.00140292  0.00477426  0.020774  
               -0.000414604  0.00495917  0.0213213  
               0.000240767  0.00497629  0.0462368  
               0.000691939  -0.00493185  0.00797838  
               0.000876019  -0.00491372  0.00598035  
               0.00187927  -0.00462976  0.00748897  
               0.00189547  0.00462484  0.00296056  
               0.00390116  0.00309002  0.0286881  
               -0.00324079  0.00377742  0.00309918  
               -0.00394857  -0.00303225  0.00544341  
               -0.00399898  -0.00297082  0.0043845  
               -0.0035841  0.00347636  0.0357297  
               -5.16771e-05  0.00499491  0.0196315  
               -0.00442354  -0.00227984  0.0224686  
               0.00292131  0.00403961  0.00657464  
               -0.00475504  0.00146628  0.0482097  
               -0.00411828  0.00282546  0.0276076  
               -0.00269425  -0.00420203  0.0258898  
               -0.00165183  -0.00469875  0.011469  
               -0.00210212  -0.00451853  0.00955846  
               -0.000399729  0.00496063  0.024761  
               -0.00184312  0.00464072  0.0257142  
               -0.000808351  0.00492038  0.0266185  
               -0.00412592  -0.00281614  0.0489427  
               0.00473301  0.00153889  0.00747036  
               -0.00482907  -0.00122222  0.0470564  
               -0.00355216  -0.00351528  0.0259351  
               -0.00303358  -0.00394747  0.0268034  
               0.00473083  -0.00154607  0.0253137  
               0.00491626  -0.000850193  0.0244972  
               -0.00490892  -0.000924706  0.0448222  
               0.00268695  0.00420594  0.0227585  
               0.00462641  0.00189032  0.00470019  
               0.00490664  0.000947913  0.004057  
               -0.00438042  0.00236052  0.0136352  
               -0.00341431  0.00363502  0.0152379  
               -0.00374762  0.0032771  0.0131888  
               -0.00197799  0.00458488  0.024401  
               -8.85391e-05  -0.00499128  0.00707179  
               0.00323809  0.00377964  0.0494762  
               -0.00367698  -0.00336318  0.024853  
               -0.00176425  0.00466465  0.019602  
               0.00486545  0.0011023  0.0298066  
               0.00497724  -0.000231046  0.0296987  
               0.00336226  0.00367774  0.0134459  
               -0.00498456  0.000156717  0.0153718  
               -5.70684e-05  0.00499438  0.00134861  
               -0.00297383  -0.00399652  0.0300175  
               -0.00377112  -0.00324847  0.0298266  
               -0.00437304  0.00237433  0.0475385  
               -0.00348843  -0.00357419  0.00229379  
               0.00417017  0.00275386  0.0221469  
               0.00471194  0.00160834  0.0220196  
               -0.00434426  0.00242816  0.00569531  
               -0.00437109  0.00237796  0.0233491  
               0.00246454  -0.00432482  0.011726  
               0.00178312  -0.00465892  0.00941678  
               -0.00166795  0.00469386  0.0218847  
               0.0041737  -0.00274726  0.0431473  
               0.00338143  -0.003662  0.0427194  
               -0.00245456  0.00433015  0.00883381  
               -0.00209985  -0.00451975  0.0151714  
               -0.000532671  0.00494754  0.0290671  
               0.00154409  0.00473143  0.0372383  
               0.00203304  0.00455546  0.0388986  
               -0.0049488  0.000519824  0.0270966  
               0.00422406  -0.00265305  0.0144484  
               0.00468677  -0.00169133  0.0142275  
               0.00470072  -0.00164534  0.0130746  
               -0.00471946  -0.00158355  0.0357152  
               0.00237538  0.00437247  0.0416769  
               0.00119712  0.00483668  0.0409561  
               0.00133664  0.00479436  0.0459485  
               0.00287528  0.00407739  0.0265175  
               0.001919  0.00461641  0.0257593  
               -0.00487014  -0.00108683  0.00444678  
               -0.00493032  -0.000707477  0.00561854  
               -0.00113124  -0.00485667  0.00913082  
               -0.00474441  0.00150132  0.0115137  
               0.00494303  0.000578404  0.0426502  
               -0.00431638  0.00248032  0.00858232  
               0.00497701  -0.000233416  0.0464976  
               0.00475274  -0.00147384  0.019686  
               0.00276898  -0.00416209  0.0260834  
               0.00210596  -0.00451648  0.0267439  
               0.00395299  0.00302687  0.00475787  
               0.00375506  0.00326804  0.00333402  
               0.00437258  0.00237519  0.00280041  
               0.000873633  0.00491395  0.034049  
               -0.00321649  -0.00379737  0.00733851  
               0.000693589  0.00493169  0.00735023  
               -0.00495306  -0.000476614  0.0388149  
               -0.00496602  0.000345041  0.0399731  
               -0.00490412  0.000973469  0.0391951  
               0.00313435  0.00386477  0.000545829  
               -0.00319481  -0.00381516  0.00871657  
               -0.00419884  -0.00270023  0.00850667  
               0.00193489  -0.00460792  0.0456979  
               0.00150837  -0.00474227  0.0442183  
               -0.000399718  0.00496063  0.0444548  
               -0.0022165  0.00445739  0.0405656  
               0.00392385  0.00306237  0.0171378  
               0.00378268  0.00323439  0.0161585  
               0.00391243  0.00307629  0.0198951  
               0.0044698  0.00219329  0.0190729  
               -0.00105597  0.0048795  0.00806006  
               -0.000455396  0.00495515  0.00524265  
               -0.000293801  0.00497106  0.0123745  
               -0.000524419  0.00494835  0.0135572  
               -0.00478991  0.00135132  0.00937447  
               0.000791455  0.00492205  0.00500367  
               0.000104135  0.00498974  0.0101562  
               -0.00121126  0.00483239  0.00987814  
               0.00109011  0.00486915  0.00287293  
               0.00414879  -0.00278828  0.031106  
               -0.00480207  0.00131124  0.0201046  
               0.00412129  -0.00282179  0.021363  
               0.003493  -0.00357044  0.0216155  
               0.00414976  -0.00278709  0.0227818  
               0.000163119  -0.00498393  0.0302864  
               0.0033368  -0.00369863  0.00640606  
               0.00354315  -0.00352626  0.0075243  
               0.00276302  -0.00416528  0.0076154  
               -0.00478223  -0.00137665  0.0146099  
               0.00497306  0.0002735  0.0488097  
               -0.00180229  -0.00465311  0.041666  
               6.06468e-05  -0.00499403  0.00440008  
               0.00111388  -0.00486194  0.00478209  
               -0.00430386  -0.00250374  0.0350426  
               0.00493349  -0.000675334  0.0307698  
               0.00498927  -0.000108907  0.0475163  
               0.00492904  -0.000720492  0.0473997  
               -0.00447543  0.00218276  0.0124523  
               0.00402864  -0.00293469  0.00686129  
               -0.00459316  0.00196251  0.0375079  
               -0.000754099  -0.00492573  0.0294497  
               -0.00497316  0.000272543  0.00593359  
               -0.00492352  -0.000776553  0.00664651  
               -0.00262125  -0.00424106  0.0435619  
               0.00492983  -0.00071244  0.0480252  
               0.000834172  0.00491784  0.0218591  
               -0.00425855  -0.00258851  0.0112183  
               -0.00462887  -0.00188218  0.0125352  
               0.00467916  0.00171641  0.0240054  
               -0.00218161  -0.00447605  0.0269003  
               -0.003338  -0.00369764  0.0278138  
               -0.00298854  0.00398444  0.0398198  
               -0.00446039  -0.0022109  0.0482779  
               -0.00455088  0.0020416  0.0364232  
               -0.00340348  -0.00364391  0.0462983  
               -0.00359392  -0.00346439  0.0450285  
               -0.00179646  -0.00465488  0.0280726  
               -0.00421259  -0.0026745  0.0161838  
               -0.00467524  -0.00172934  0.015571  
               -0.00466501  -0.00176305  0.0167882  
               -0.0010561  -0.00487946  0.00776886  
               -0.00280445  0.00413552  0.0136109  
               -0.00463472  0.00186289  0.0472426  
               0.00465994  -0.00177976  0.0357343  
               0.00432322  -0.00246752  0.0346802  
               0.00124923  0.00482088  0.0107506  
               0.00192732  0.00461197  0.0202322  
               0.00483713  0.00119564  0.0196312  
               0.00498129  0.000189935  0.0195964  
               0.00321085  -0.00380199  0.00844015  
               0.00423834  0.00262633  0.0365486  
               -0.00276051  0.00416662  0.011768  
               -0.00169079  0.00468693  0.0107651  
               0.00496087  0.000397304  0.0272733  
               -0.0043241  0.00246589  0.0399268  
               -0.00366284  0.00338042  0.00742812  
               -0.00468372  -0.00170138  0.0105042  
               -0.00494064  -0.000602689  0.0104982  
               0.00490919  -0.000921994  0.0118547  
               0.00156846  -0.00472404  0.0172447  
               0.00256801  -0.00426951  0.0170096  
               -0.00376583  -0.00325492  0.0373049  
               -0.00486387  0.0011075  0.0233878  
               -0.00498447  0.000157713  0.0230097  
               0.00445196  -0.00222668  0.00609383  
               0.0047473  -0.00149178  0.0471615  
               0.000864087  0.00491489  0.0449096  
               -0.00497071  0.00029738  0.0240556  
               0.003798  0.00321572  0.0145585  
               -0.00480885  0.00128887  0.0432944  
               -0.0040603  0.0028961  0.0431964  
               -0.00465842  0.00178477  0.0443826  
               0.00445318  0.0022244  0.0230305  
               0.00488897  0.00102477  0.0231468  
               0.00442779  -0.0022719  0.0453183  
               -0.00123143  0.00482628  0.0393287  
               -0.000716337  0.00492945  0.0378041  
               0.00460183  0.00194628  0.0387191  
               -0.000667187  0.00493429  0.0146567  
               -0.00470749  -0.00162302  0.0333561  
               -0.00436477  -0.0023898  0.0316985  
               0.00434966  0.00241805  0.00971661  
               -0.00474812  -0.00148906  0.00346257  
               -0.00471795  -0.00158852  0.0478669  
               -0.00427562  -0.00255658  0.047835  
               -0.00411162  -0.00283357  0.00728007  
               -0.0046897  -0.00168167  0.0078685  
               0.00499071  9.42744e-05  0.0413535  
               0.00490475  -0.000967067  0.0412886  
               -0.00284789  -0.00409987  0.0195281  
               -0.0036889  -0.00334865  0.0195312  
               0.00177183  0.00466235  0.00782127  
               -0.000157874  0.00498445  0.0392621  
               0.00119973  0.00483589  0.00618193  
               -0.000398345  -0.00496077  0.0179334  
               -0.00499141  -8.72135e-05  0.0331082  
               -0.00488354  0.00104264  0.0366986  
               -0.00477784  -0.00139111  0.0219085  
               0.00497386  0.000265391  0.0162991  
               0.0028874  -0.00406744  0.0419093  
               -0.00452823  -0.00208398  0.00463155  
               0.000929382  -0.00490846  0.0457634  
               -0.00477352  0.00140536  0.0279776  
               -0.00467865  0.0017181  0.0291598  
               -0.00463801  -0.00185207  0.00598377  
               0.00382589  0.00318173  0.0242203  
               -0.00412875  -0.0028127  0.0334913  
               -0.00446303  0.00220595  0.0419571  
               0.00398288  -0.00299044  0.0362761  
               0.00374926  -0.00327511  0.0351115  
               0.0020456  0.00454875  0.0362497  
               -0.00388105  0.00311452  0.0487387  
               -0.00479643  0.00132982  0.0245021  
               -0.00439175  -0.00233932  0.0449959  
               0.00447026  -0.00219243  0.0370871  
               0.000181928  0.00498208  0.00898691  
               0.00111151  0.00486265  0.0085861  
               -0.00162556  0.00470672  0.0139204  
               -0.00127444  0.00481323  0.0127943  
               -0.00252147  0.00429438  0.0056474  
               0.00483368  -0.00120703  0.0483388  
               0.00465694  0.00178966  0.00609567  
               0.000443184  0.00495635  0.0164617  
               3.03822e-05  0.00499701  0.0155164  
               0.00368033  -0.0033591  0.020631  
               0.000530725  0.00494773  0.0432854  
               -0.00198337  0.00458201  0.0230954  
               -0.000121005  -0.00498808  0.0460308  
               -0.00320107  0.00381002  0.0347951  
               -0.00210356  0.00451776  0.0347015  
               -0.00480424  0.00130408  0.0173753  
               -0.00249428  0.00430892  0.0162354  
               0.00441339  -0.00229883  0.0114161  
               0.00116479  -0.00484649  0.0299171  
               0.00458044  -0.00198631  0.0166562  
               -0.000726776  -0.00492842  0.0106609  
               -0.000977105  0.00490342  0.0157209  
               0.0011854  0.00484024  0.0155689  
               0.004954  -0.000467011  0.015513  
               -0.00138145  -0.00478077  0.0232921  
               0.00268418  -0.00420742  0.0432495  
               0.00382659  -0.00318088  0.0196331  
               0.00441244  -0.00230062  0.0465454  
               -0.00496765  0.00032844  0.0202087  
               -0.00352449  0.0035446  0.0455269  
               0.00499381  -6.28902e-05  0.0385868  
               0.00326658  0.00375626  0.0017  
               -0.00468931  -0.00168296  0.036924  
               -0.00184297  -0.00464077  0.0247755  
               -0.00137142  -0.00478381  0.0463594  
               -0.00445804  -0.00221529  0.0212396  
               -0.00403865  -0.00292248  0.020645  
               -0.0039576  0.00302124  0.0370638  
               0.00492718  -0.000739382  0.0204519  
               0.0045629  -0.00201911  0.0205932  
               0.000595915  0.00494131  0.0128374  
               0.00285617  -0.00409307  0.030203  
               0.0027604  -0.00416668  0.028969  
               -0.0027372  -0.00417908  0.0248793  
               -0.00218824  0.0044725  0.014936  
               0.000229057  0.00497744  0.0115181  
               -0.00480972  -0.001286  0.0302712  
               0.000552382  0.0049456  0.0401227  
               -0.00100592  0.00489468  0.0403901  
               0.000260385  0.00497435  0.0414311  
               0.00291998  0.00404071  0.00295656  
               0.00308041  0.00390905  0.00228778  
               0.00448754  -0.00216011  0.0421972  
               0.00333204  0.00370254  0.0414644  
               -0.00492102  0.000801884  0.0302354  
               -6.01608e-05  0.00499407  0.0311398  
               2.71997e-05  -0.00499732  0.0322829  
               -0.00494253  -0.00058354  0.0460072  
               -0.00497466  -0.000257304  0.0407882  
               -0.00425731  -0.00259084  0.0438141  
               -0.000391273  -0.00496146  0.021952  
               -0.000934947  -0.00490792  0.040577  
               0.000572282  -0.00494364  0.0399813  
               -0.00498735  -0.000128481  0.0306312  
               -0.0049763  -0.000240629  0.0293162  
               0.00483433  -0.00120487  0.0424319  
               0.00102091  0.00489014  0.0230993  
               0.0021612  0.00448696  0.0238293  
               -0.00472048  0.00158019  0.0160242  
               -0.00110148  -0.0048657  0.0212335  
               -0.00316395  -0.00384049  0.0351372  
               -0.000455046  -0.00495518  0.0257873  
               -0.000361873  -0.00496436  0.0243629  
               0.00235949  0.00438097  0.0433943  
               0.00323742  0.00378019  0.0424634  
               -0.00146325  -0.00475595  0.0452379  
               0.000154432  -0.00498479  0.0374302  
               0.00497927  -0.000210449  0.0128477  
               -0.00428669  -0.00253587  0.0188193  
               0.0028021  -0.00413745  0.0448584  
               -0.0046632  -0.00176903  0.017821  
               -0.00423312  -0.0026361  0.0174605  
               0.00331388  -0.00371744  0.0267953  
               -0.00464665  0.00182358  0.0406266  
               -0.00144454  -0.00476163  0.0197004  
               -0.00214999  -0.00449295  0.0205404  
               -0.00499089  9.24999e-05  0.00907943  
               -0.00406487  0.00289054  0.0291922  
               -0.00382069  -0.00318807  0.0323635  
               -0.00438366  0.00235445  0.0353095  
               0.000282439  -0.00497218  0.0289607  
               -0.00356609  0.0034983  0.029824  
               0.00186495  0.0046341  0.0117516  
               0.00499328  -6.82738e-05  0.026357  
               -0.0048612  0.00111632  0.0138027  
               0.00222736  0.00445159  0.0217518  
               0.00494947  0.000513061  0.0212654  
               -0.00477935  0.00138611  0.0056243  
               0.0048822  0.00104706  0.016938  
               0.000764234  -0.00492473  0.0388641  
               -0.00118915  0.0048391  0.0421461  
               0.00277785  -0.00415735  0.0462274  
               0.00487808  -0.00106067  0.0389727  
               0.00490611  0.000953276  0.0264362  
               0.00492498  -0.00076174  0.00470248  
               -0.00499139  8.74526e-05  0.0182357  
               0.00090464  -0.0049109  0.0264536  
               0.00350461  -0.00356092  0.00252274  
               -0.00377408  0.00324487  0.0340995  
               -0.00106304  -0.00487736  0.0320558  
               -0.00497969  0.000206226  0.0428723  
               -0.00217805  -0.00447795  0.0445012  
               0.00399161  0.0029798  0.0128667  
               0.00456186  0.00202106  0.0124778  
               -0.00311383  -0.00388162  0.0184542  
               -0.00365484  -0.00339016  0.0168534  
               -0.00381676  -0.00319286  0.0357949  
               0.00205941  0.00454136  0.0446689  
               0.00487432  0.00107307  0.0409865  
               0.00471365  0.00160271  0.0420808  
               0.00441675  -0.00229254  0.0265857  
               0.00415765  -0.00277728  0.0257492  
               0.00411812  -0.00282565  0.0273785  
               -0.00496552  0.000350073  0.0254715  
               0.00305109  -0.00393311  0.0127695  
               0.00438405  -0.00235372  0.00499284  
               -0.00499198  -8.1473e-05  0.0220389  
               0.00467323  0.00173594  0.0399745  
               -0.00117661  0.0048429  0.00612149  
               0.00434538  0.00242607  0.027774  
               -0.00443573  -0.00225703  0.0287552  
               -0.00494276  -0.000581128  0.0246396  
               0.00462783  0.00188562  0.0269373  
               -0.00491254  -0.000887961  0.0162936  
               0.000319509  0.00496853  0.0365101  
               -0.00420787  -0.00268334  0.00996842  
               -0.00239792  -0.00436043  0.00764699  
               -0.00466588  0.0017602  0.0339847  
               0.00497664  0.000237166  0.0241541  
               0.00366157  0.00338195  0.00587803  
               -0.00496846  0.000320238  0.0315394  
               -0.00091887  -0.0049095  0.0368321  
               -0.00112259  0.00485929  0.0116898  
               0.00345891  0.00359842  0.0323001  
               0.00426568  0.00257518  0.032465  
               0.00463584  -0.00185921  0.0182229  
               0.00497821  0.000221232  0.0111233  
               0.00495165  0.00049091  0.00995103  
               0.00456706  0.00201134  0.0109199  
               0.0025139  -0.00429844  0.0340628  
               0.00234423  -0.00438912  0.00492609  
               0.00207287  -0.00453417  0.00622761  
               -0.00124488  0.0048222  0.0237446  
               -0.00439715  -0.00232922  0.0145483  
               -0.00426916  0.00256867  0.0326702  
               -0.00452956  0.00208149  0.0312687  
               -0.00033205  0.0049673  0.0230896  
               -0.00242923  0.00434369  0.0127011  
               -0.00300635  -0.00396982  0.00976662  
               0.00341617  -0.00363349  0.0341481  
               -0.00257304  -0.00426682  0.0454657  
               0.00134487  -0.00479186  0.0138372  
               0.00343967  -0.0036142  0.0323694  
               0.00281944  -0.00412322  0.0329954  
               -0.00464659  0.00182377  0.0268735  
               0.00498851  -0.000116655  0.00808277  
               0.00480075  -0.00131557  0.00791888  
               0.00494174  0.000591543  0.037761  
               0.00194586  -0.00460205  0.030943  
               -0.00343895  -0.0036148  0.0438938  
               -0.000514174  -0.00494936  0.0060958  
               -0.00427384  0.00255991  0.0453163  
               0.00236644  -0.00437725  0.0139662  
               -0.00251618  -0.00429722  0.00538167  
               -0.0041515  -0.00278498  0.0265859  
               -0.00419494  -0.00270752  0.0275929  
               -0.00383063  0.00317596  0.0445993  
               0.0049701  -0.000303558  0.0187077  
               0.00491254  -0.000888007  0.0217816  
               -0.00267461  0.00421253  0.0316656  
               -0.00341806  0.00363195  0.0239521  
               -0.00278989  0.00414747  0.0417134  
               0.00442426  -0.00227849  0.0191372  
               0.00114237  0.00485329  0.0242562  
               -0.00403106  -0.00293174  0.00293445  
               0.00144461  -0.00476161  0.0342436  
               -0.00493116  -0.000698977  0.0173112  
               0.00483522  -0.00120193  0.0316388  
               0.00356282  0.00350229  0.0226075  
               -0.00247456  0.00431946  0.0180883  
               -0.00132039  0.00479929  0.0184354  
               0.00121733  -0.00483055  0.0149939  
               0.00344341  -0.00361114  0.0103189  
               0.00400263  -0.00296637  0.00874286  
               0.000565082  -0.00494434  0.0446429  
               0.00284254  -0.00410426  0.0317068  
               0.0016249  -0.00470692  0.0127664  
               -0.00157067  -0.00472337  0.0398103  
               0.00323805  0.00377967  0.0211425  
               -0.0017452  -0.00467043  0.0296124  
               -0.00490425  0.000972165  0.0332685  
               0.00156306  -0.00472568  0.0286403  
               -0.00160963  0.00471155  0.0170944  
               -0.000478917  0.00495283  0.0168528  
               -0.00172959  -0.00467516  0.0258443  
               0.00496942  0.000310464  0.0348563  
               0.00188866  -0.00462691  0.0207313  
               -0.00484605  -0.00116625  0.00933814  
               -0.00433138  0.00245225  0.0167548  
               0.00228748  -0.00441946  0.0388316  
               -0.00127281  0.00481372  0.0319698  
               -0.00124132  0.00482327  0.0334416  
               0.00302782  -0.0039522  0.0189233  
               -0.00158608  -0.0047187  0.038719  
               -0.000465678  -0.00495413  0.0448627  
               -0.000176439  -0.00498262  0.0438949  
               0.00112052  0.00485992  0.0192438  
               0.00204011  0.00455168  0.0319631  
               0.0010695  0.0048754  0.0319785  
               0.00486273  -0.00111125  0.0376853  
               -0.00384299  0.0031609  0.0408662  
               0.00483478  0.0012034  0.00896335  
               0.00471521  -0.00159756  0.0100202  
               -0.00479754  0.00132615  0.0356805  
               -0.00493061  0.000704533  0.0348125  
               -0.00498184  0.00018435  0.0359966  
               -0.00364822  0.00339823  0.041995  
               0.00445436  0.00222219  0.00866414  
               0.000245168  -0.00497585  0.0187712  
               -0.00016701  -0.00498355  0.00967301  
               0.00482192  -0.00124578  0.0268702  
               0.00479072  0.00134864  0.0181498  
               0.00263891  -0.00423161  0.0154438  
               -0.00324341  -0.00377528  0.0134514  
               -0.00124694  -0.00482157  0.0442356  
               -0.00485619  -0.00113282  0.0430308  
               -0.0033599  0.00367967  0.0196327  
               -0.0036487  0.00339765  0.0325657  
               0.00313696  0.00386263  0.0200657  
               0.00138662  -0.0047792  0.0325506  
               -0.000512899  -0.00494948  0.0331854  
               0.00453792  -0.00206585  0.0220463  
               -0.00418313  -0.00272961  0.0384472  
               -0.00415183  -0.00278457  0.025548  
               0.00040625  -0.00495999  0.0107479  
               -0.0038095  0.00320171  0.0117502  
               0.00378811  -0.00322777  0.0445836  
               0.00453384  0.00207348  0.0171616  
               5.40806e-05  0.00499467  0.0176998  
               -0.0023156  -0.00440443  0.0408318  
               -0.00491557  -0.000857243  0.0207682  
               0.0010302  0.00488732  0.0352554  
               -0.00247427  -0.00431962  0.0289648  
               -0.00287896  -0.00407437  0.0235604  
               0.00140466  0.00477373  0.031017  
               -0.0046597  0.00178056  0.0256868  
               -0.00438314  0.00235542  0.0247733  
               0.00107777  0.00487289  0.0141605  
               -0.00464695  -0.00182257  0.0383978  
               -0.00427008  0.00256694  0.0383369  
               0.00255061  0.00427881  0.0401772  
               0.00379394  0.00322067  0.0401543  
               -0.00461204  0.00192719  0.0391311  
               0.0045287  0.0020831  0.020413  
               0.00219646  -0.00446811  0.0249458  
               0.00341465  -0.00363474  0.0253883  
               -0.00441951  -0.00228737  0.0425434  
               0.00409111  -0.00285856  0.0097493  
               0.00449948  -0.00213777  0.0442509  
               0.000596583  -0.00494124  0.0249198  
               -0.00165058  0.00469913  0.0369804  
               -5.17994e-05  0.0049949  0.0330801  
               0.00498472  -0.000155167  0.0253324  
               -0.00369131  0.00334572  0.00610773  
               -0.00476356  0.00143816  0.03231  
               0.00437624  -0.00236833  0.038283  
               -0.00493196  0.000690806  0.0165357  
               -0.00172917  -0.00467529  0.0186472  
               0.00466351  -0.00176801  0.0155945  
               -0.00223137  -0.00444945  0.033409  
               0.00490799  -0.000934179  0.017924  
               -0.00494636  -0.000544637  0.0350496  
               -0.00474215  -0.00150877  0.0346574  
               0.00498121  0.000190759  0.0442778  
               -0.00493169  -0.000693599  0.033989  
               0.00335123  0.00368679  0.0256724  
               -0.00115806  -0.00484853  0.0378124  
               0.00131957  0.00479954  0.0439725  
               0.00451896  -0.00210133  0.00861062  
               0.00189014  -0.00462646  0.0162502  
               0.0015916  0.00471702  0.039962  
               -0.000485966  -0.00495214  0.0118405  
               -0.00499351  -6.59363e-05  0.0279243  
               -0.0032526  0.00376773  0.0275092  
               0.000783888  0.00492279  0.0260547  
               0.00124353  0.00482261  0.0422326  
               0.00495042  -0.000503366  0.00930344  
               0.00493781  -0.000631387  0.010336  
               0.00314119  -0.00385917  0.0199181  
               0.00485495  -0.00113691  0.00261355  
               0.00221968  -0.00445569  0.0084751  
               0.00337605  -0.00366642  0.0281027  
               -0.00370876  0.00332446  0.0164787  
               0.00397722  0.00299733  0.021008  
               0.00495957  -0.00041045  0.0432998  
               0.00136867  -0.00478465  0.0255598  
               -0.00444304  -0.00224335  0.0200087  
               -0.004211  0.00267748  0.0261723  
               0.00149095  -0.00474755  0.0395673  
               -0.00488352  -0.00104274  0.0282296  
               0.00203433  0.00455477  0.0350917  
               -0.00492592  0.000752189  0.0292396  
               0.000476882  -0.00495303  0.0121607  
               0.0025188  0.00429581  0.0296941  
               0.00229023  -0.00441799  0.0195591  
               0.0049342  0.000668072  0.012277  
               0.000512027  -0.00494957  0.0332163  
               0.00254552  -0.00428153  0.0279536  
               -0.00381034  0.00320068  0.0205462  
               -0.00496427  -0.000362796  0.0438368  
               0.000659174  -0.00493508  0.0215748  
               -0.00383302  -0.00317304  0.0287342  
            </DataArray>
         </Points> 

         <Cells>
            <DataArray type="Int32" Name="connectivity" NumberOfComponents="1" format="ascii">
               
            </DataArray> 
            <DataArray type="Int32" Name="offsets" NumberOfComponents="1" format="ascii">
               
            </DataArray>
            <DataArray type="UInt8"  Name="types" NumberOfComponents="1" format="ascii">
               
            </DataArray>
         </Cells>
         <PointData Scalars="Rank " Vectors="DisplacementDelta Force ">
            <DataArray type="UInt32" Name="Rank" NumberOfComponents="1" format="ascii">
               0 0 0 0 0 0 0 0 0 0 0 0 0 0 0 0 0 0 0 0 0 0 0 0 0 0 0 0 0 0 0 0 0 0 0 0 0 0 0 0 0 0 0 0 0 0 0 0 0 0 0 0 0 0 0 0 0 0 0 0 0 0 0 0 0 0 0 0 0 0 0 0 0 0 0 0 0 0 0 0 0 0 0 0 0 0 0 0 0 0 0 0 0 0 0 0 0 0 0 0 0 0 0 0 0 0 0 0 0 0 0 0 0 0 0 0 0 0 0 0 0 0 0 0 0 0 0 0 0 0 0 0 0 0 0 0 0 0 0 0 0 0 0 0 0 0 0 0 0 0 0 0 0 0 0 0 0 0 0 0 0 0 0 0 0 0 0 0 0 0 0 0 0 0 0 0 0 0 0 0 0 0 0 0 0 0 0 0 0 0 0 0 0 0 0 0 0 0 0 0 0 0 0 0 0 0 0 0 0 0 0 0 0 0 0 0 0 0 0 0 0 0 0 0 0 0 0 0 0 0 0 0 0 0 0 0 0 0 0 0 0 0 0 0 0 0 0 0 0 0 0 0 0 0 0 0 0 0 0 0 0 0 0 0 0 0 0 0 0 0 0 0 0 0 0 0 0 0 0 0 0 0 0 0 0 0 0 0 0 0 0 0 0 0 0 0 0 0 0 0 0 0 0 0 0 0 0 0 0 0 0 0 0 0 0 0 0 0 0 0 0 0 0 0 0 0 0 0 0 0 0 0 0 0 0 0 0 0 0 0 0 0 0 0 0 0 0 0 0 0 0 0 0 0 0 0 0 0 0 0 0 0 0 0 0 0 0 0 0 0 0 0 0 0 0 0 0 0 0 0 0 0 0 0 0 0 0 0 0 0 0 0 0 0 0 0 0 0 0 0 0 0 0 0 0 0 0 0 0 0 0 0 0 0 0 0 0 0 0 0 0 0 0 0 0 0 0 0 0 0 0 0 0 0 0 0 0 0 0 0 0 0 0 0 0 0 0 0 0 0 0 0 0 0 0 0 0 0 0 0 0 0 0 0 0 0 0 0 0 0 0 0 0 0 0 0 0 0 0 0 0 0 0 0 0 0 0 0 0 0 0 0 0 0 0 0 0 0 0 0 0 0 0 0 0 0 0 0 0 0 0 0 0 0 0 0 0 0 0 0 0 0 0 0 0 0 0 0 0 0 0 0 0 0 0 0 0 0 0 0 0 0 0 0 0 0 0 0 0 0 0 0 0 0 0 0 0 0 0 0 0 0 0 0 0 0 0 0 0 0 0 0 0 0 0 0 0 0 0 0 0 0 0 0 0 0 0 0 0 0 0 0 0 0 0 0 0 0 0 0 0 0 0 0 0 0 0 0 0 0 0 0 0 0 0 0 0 0 0 0 0 0 0 0 0 0 0 0 0 0 0 0 0 0 0 0 0 0 0 0 0 0 0 0 0 0 0 0 0 0 0 0 0 0 0 0 0 0 0 0 0 0 0 0 0 0 0 0 0 0 0 0 0 0 0 0 0 0 0 0 0 0 0 0 0 0 0 0 0 0 0 0 0 0 0 0 0 0 0 0 0 0 0 0 0 0 0 0 0 0 0 0 0 0 0 0 0 0 0 0 0 0 0 0 0 0 0 0 0 0 0 0 0 0 0 0 0 0 0 0 0 0 0 0 0 0 0 0 0 0 0 0 0 0 0 0 0 0 0 0 0 0 0 0 0 0 0 0 0 0 0 0 0 0 0 0 0 0 0 0 0 0 0 0 0 0 0 0 0 0 0 0 0 0 0 0 0 0 0 0 0 0 0 0 0 0 0 0 0 0 0 0 0 0 0 0 0 0 0 0 0 0 0 0 0 0 0 0 0 0 0 0 0 0 0 0 0 0 0 0 0 0 0 0 0 0 0 0 0 0 0 0 0 0 0 0 0 0 0 0 0 0 0 0 0 0 0 0 0 0 0 0 0 0 0 0 0 0 0 0 0 0 0 0 0 0 0 0 0 0 0 0 0 0 0 0 0 0 0 0 0 0 0 0 0 0 0 0 0 0 0 0 0 0 0 0 0 0 0 0 0 0 0 0 0 0 0 0 0 0 0 0 0 0 0 0 0 0 0 0 0 0 0 0 0 0 0 0 0 0 0 0 0 0 0 0 0 0 0 0 0 0 0 0 0 0 0 0 0 0 0 0 0 0 0 0 0 0 0 0 0 0 0 0 0 0 0 0 0 0 0 0 0 0 0 0 0 0 0 0 0 0 0 0 0 0 0 0 0 0 0 0 0 0 0 0 0 0 0 0 0 0 0 0 0 0 0 0 0 0 0 0 0 0 0 0 0 0 0 0 0 0 0 0 0 0 0 0 0 0 0 0 0 0 0 0 0 0 0 0 0 0 0 0 0 0 0 0 0 0 0 0 0 0 0 0 0 0 0 0 0 0 0 0 0 0 0 0 0 0 0 0 0 0 0 0 0 0 0 0 0 0 0 0 0 0 0 0 0 0 0 0 0 0 0 0 0 0 0 0 0 0 0 0 0 0 
            </DataArray>
            <DataArray type="Float64" Name="DisplacementDelta" NumberOfComponents="3" format="ascii">
               -8.01973e-10 -2.73244e-10 -5.5741e-10  -3.59643e-10 -1.35221e-10 -3.73864e-10  -1.07114e-10 7.70376e-10 3.98951e-10  3.45961e-10 2.85761e-10 -5.27082e-10  2.17792e-10 -2.59696e-10 -5.26347e-10  1.20393e-10 -3.59933e-11 -3.46588e-10  6.03616e-08 9.6968e-08 3.89477e-07  5.26877e-10 3.4806e-11 1.14855e-10  -7.23552e-10 -8.96116e-10 7.19018e-11  -3.44135e-10 -1.2083e-09 -7.1138e-11  6.29951e-11 1.33455e-10 -2.9319e-10  1.39677e-06 -1.33774e-06 8.97856e-07  -5.34598e-07 1.9528e-07 4.03577e-07  2.50028e-07 9.9108e-07 -8.93998e-07  3.16683e-07 6.045e-07 -7.11946e-07  6.44343e-07 7.56114e-07 -8.99983e-07  -2.01271e-10 -1.21907e-10 -3.62533e-10  3.72592e-07 -2.82773e-07 6.92221e-07  -2.67264e-11 2.33813e-10 -4.76869e-10  2.55057e-10 5.52394e-10 -6.04852e-10  -2.20736e-11 1.33445e-09 -4.6987e-10  7.81795e-07 6.12475e-08 6.06564e-07  -1.10318e-07 -2.4793e-07 5.13164e-07  2.39971e-10 -3.23245e-10 -4.80719e-10  2.36275e-10 -3.49995e-10 -4.57141e-10  -4.6758e-10 -1.84936e-10 -4.98809e-10  3.55014e-10 -5.70187e-11 -3.73998e-10  4.3717e-07 4.13916e-07 6.20818e-07  3.65655e-10 -4.56866e-10 -5.80203e-10  3.69914e-10 -2.89779e-10 -4.81705e-10  -3.01577e-08 -2.14684e-08 5.32787e-07  3.83238e-07 2.38076e-07 6.08044e-07  5.23749e-11 -7.25513e-10 -6.3648e-10  5.1763e-08 5.67959e-07 6.82632e-07  2.35748e-07 -2.03091e-07 4.02926e-07  -2.17618e-06 5.01316e-06 1.10428e-06  3.75123e-10 -2.68157e-10 -4.19097e-10  5.21301e-10 -7.54319e-10 -7.31487e-10  4.83995e-06 3.39444e-07 -2.71645e-06  1.57513e-06 3.36877e-07 -2.10402e-06  1.03288e-06 1.44103e-07 -1.91396e-06  -4.53193e-07 -1.19391e-06 9.08122e-07  -5.0487e-07 -2.86994e-06 1.00897e-06  7.96088e-10 -8.22987e-10 -6.76208e-10  1.13962e-09 -1.22066e-09 -4.85405e-10  1.2166e-09 -1.94006e-09 -7.04845e-10  -4.82581e-08 6.12052e-08 -8.06235e-08  -4.34416e-08 3.67369e-08 -7.34639e-08  2.07023e-07 5.17958e-08 5.09401e-07  3.54067e-07 5.37171e-07 7.55944e-07  1.44049e-07 5.26503e-09 5.22875e-07  -9.86007e-07 -1.07854e-06 9.08664e-07  -5.7769e-07 -9.63979e-07 7.66058e-07  1.81627e-06 1.72484e-06 1.15224e-06  3.34049e-06 1.2408e-06 8.63286e-07  4.71324e-06 4.42145e-06 1.10948e-06  -9.0223e-08 -2.79316e-07 3.35817e-07  2.06684e-06 7.23681e-07 8.22192e-07  -7.61633e-06 2.80819e-06 4.49455e-07  -3.96173e-06 1.77507e-06 9.96551e-07  -4.95973e-06 1.59173e-06 9.86653e-07  1.74781e-10 -2.94187e-10 -5.23296e-10  2.54624e-11 5.32989e-10 -5.38244e-10  2.78154e-08 1.96862e-07 4.99525e-07  1.18586e-06 1.92659e-07 7.31741e-07  6.7242e-07 9.94901e-08 5.89417e-07  -6.86892e-11 3.36837e-10 -8.79647e-10  -1.21125e-09 8.6049e-11 -8.32852e-10  -1.84254e-09 1.91321e-10 -8.30267e-10  8.49578e-07 9.17083e-07 8.61806e-07  -7.16203e-10 -9.54828e-08 -9.00049e-08  -5.67423e-09 -1.05353e-07 -1.44437e-07  2.81381e-07 3.69549e-07 4.128e-07  -2.27919e-07 -3.33451e-07 4.78738e-07  1.36336e-10 1.20187e-10 -1.89329e-10  5.49577e-06 2.8003e-07 7.54336e-07  3.59941e-08 2.09232e-07 4.76681e-07  -5.80029e-10 -3.5906e-10 -7.24433e-10  -7.22407e-11 -4.42313e-10 -3.23623e-10  1.39234e-09 -5.88195e-10 1.58823e-10  2.00926e-09 -7.33418e-10 -1.2664e-10  -1.43381e-07 -6.62986e-07 6.88548e-07  7.65044e-10 -1.15963e-09 -8.96686e-10  4.06629e-10 -7.21228e-10 -8.09197e-10  -6.80596e-08 3.48708e-09 4.6243e-07  8.34794e-10 6.64687e-10 -3.65273e-10  1.2215e-09 8.80575e-10 -1.00921e-12  4.31414e-10 -1.32614e-10 -4.25584e-10  1.96117e-10 -1.1809e-10 -3.29007e-10  -2.33197e-11 1.27086e-10 -3.05377e-10  3.85772e-09 -2.91417e-09 -1.64963e-08  -7.46543e-10 5.33717e-10 -1.18271e-08  6.39513e-10 7.28508e-10 -1.24941e-09  3.10645e-08 7.55692e-08 -1.15372e-07  9.70077e-08 1.23205e-07 -1.7192e-07  7.482e-08 8.56508e-08 -1.13563e-07  3.52097e-10 3.27229e-10 -3.45584e-10  -3.10969e-08 1.71869e-08 -5.6753e-08  -1.04561e-08 1.95922e-09 -2.63672e-08  -1.85274e-08 1.53493e-09 -4.45715e-08  6.147e-11 1.83452e-10 -3.73024e-10  -4.08808e-11 -1.11991e-10 -2.116e-10  2.37824e-06 -9.58428e-06 -1.64954e-07  4.56158e-06 -7.88326e-06 -3.02491e-07  3.03343e-06 -7.62516e-06 6.19741e-07  2.123e-07 8.24443e-08 -2.22178e-07  2.45441e-07 3.74369e-08 -2.89851e-07  4.41304e-11 3.75957e-13 -1.02366e-10  -1.48138e-11 6.1818e-12 -6.56437e-11  1.67229e-06 -3.4354e-07 6.94315e-07  -1.92501e-06 -6.73677e-07 9.53462e-07  7.40738e-11 8.99816e-11 -2.40943e-10  8.56835e-06 -3.47644e-06 -8.89361e-08  4.03544e-06 -3.23068e-06 8.86393e-07  6.91035e-06 -5.12497e-06 -7.29244e-08  -7.11582e-07 -5.73675e-08 7.4893e-07  -1.16325e-07 4.86415e-08 5.4273e-07  -1.43781e-09 -6.573e-10 -5.13564e-10  3.42088e-10 -8.07301e-10 -6.62228e-10  2.77359e-10 -8.48887e-10 -6.56373e-10  -2.87403e-11 -1.02796e-11 -2.60419e-10  -2.31409e-10 -1.1733e-10 -2.25483e-10  -4.67188e-08 -2.42669e-07 4.05485e-07  -7.66867e-08 -1.83405e-07 3.05118e-07  -4.52459e-07 9.07173e-08 4.6424e-07  -3.21527e-07 -9.47531e-08 3.42256e-07  8.23225e-08 -3.42915e-07 5.91251e-07  1.11418e-10 6.06843e-11 -3.61558e-10  -2.67271e-06 8.85412e-06 3.23089e-07  -2.69228e-06 7.36699e-06 -2.08768e-06  -1.80084e-06 9.62204e-06 -8.13072e-07  -6.89852e-10 -1.97556e-09 -9.32392e-09  2.5363e-11 6.32242e-10 -7.07921e-09  -7.80086e-07 9.83313e-07 -9.42282e-07  -8.68899e-07 9.4819e-07 -1.82413e-06  -4.80071e-07 4.25477e-07 -1.54944e-06  7.36861e-07 -5.33897e-07 7.7987e-07  1.18717e-06 -1.13802e-06 7.78054e-07  -5.68265e-08 5.51236e-07 4.69247e-07  3.40041e-07 -6.63416e-07 7.87631e-07  -3.83334e-07 -1.41781e-06 -2.1318e-06  2.49857e-07 2.21225e-06 1.09844e-06  4.65058e-10 -2.59364e-11 -4.24966e-10  3.89697e-07 -1.79306e-06 1.05148e-06  1.82794e-06 -4.00376e-06 1.22565e-06  -6.89737e-08 1.71335e-07 5.27956e-07  1.88992e-10 2.10931e-10 -3.39657e-10  -8.19795e-07 2.62703e-08 7.19913e-07  -4.74615e-07 5.7051e-08 6.63821e-07  3.69197e-10 -8.89848e-11 -3.77387e-10  7.81329e-11 -5.01832e-11 -2.39039e-10  3.63318e-06 6.31671e-06 -2.28308e-06  4.4858e-06 7.12169e-06 -1.1008e-07  6.18288e-06 7.19056e-06 -5.83228e-07  6.08516e-10 -4.5486e-10 -5.79614e-10  -1.53831e-11 3.46792e-10 -4.52176e-10  -7.26809e-07 -5.79678e-06 8.32316e-07  1.45239e-06 -6.59284e-06 1.04695e-06  -6.60173e-11 9.14781e-10 -1.44045e-10  5.98014e-10 -4.13087e-10 -3.67647e-10  2.51572e-06 -2.53306e-06 1.06762e-06  1.69884e-09 -1.37417e-09 -1.14785e-10  -1.46104e-06 -4.33358e-06 -2.88854e-06  1.31504e-06 1.02027e-07 8.43439e-07  2.09166e-06 4.19747e-07 8.51281e-07  1.1243e-10 7.29406e-11 -2.86674e-10  2.38607e-10 4.46067e-10 -5.20962e-10  7.50905e-08 3.21188e-07 4.9742e-07  -5.01373e-10 -3.19595e-10 -5.79612e-10  -1.16971e-09 -4.00211e-10 -6.51574e-10  1.38029e-09 7.20067e-10 2.76872e-10  1.0284e-09 3.16629e-10 -3.02715e-10  5.6481e-10 2.23058e-10 1.39863e-10  7.4064e-11 -1.26077e-10 -4.43631e-10  -2.4199e-07 1.94052e-07 4.9405e-07  -2.26043e-07 9.15838e-07 6.81747e-07  -3.23297e-07 1.33592e-06 8.73182e-07  2.41345e-07 4.55115e-08 5.25215e-07  -3.84301e-07 2.87749e-08 -5.58263e-07  -5.02205e-07 -1.28505e-07 -5.44933e-07  -2.37078e-07 2.50136e-08 -3.52867e-07  6.32881e-07 -9.40488e-07 -9.45331e-07  3.33005e-07 -5.65709e-07 -7.53311e-07  -2.21124e-06 3.65581e-08 8.36626e-07  5.20812e-10 -8.86875e-12 -3.80184e-10  7.90165e-10 6.29207e-10 1.70216e-10  -6.202e-10 1.51147e-09 -4.38465e-09  2.19056e-09 -1.35933e-09 -5.77313e-09  -5.94211e-08 -2.74374e-07 -3.451e-07  -1.02805e-07 -2.43973e-07 -3.50716e-07  -3.81633e-10 9.41342e-10 1.17977e-10  -1.84488e-07 -1.23385e-07 5.79971e-07  1.37927e-09 2.05746e-10 -1.92174e-11  -1.66103e-06 5.24173e-07 8.57008e-07  3.72175e-06 5.24815e-07 9.00392e-07  1.18619e-06 7.34978e-08 8.8375e-07  1.22801e-09 -2.49917e-11 -1.17786e-09  -1.82701e-10 5.66727e-10 -1.22793e-09  -2.44353e-10 -2.68136e-10 -4.05664e-10  -2.02979e-10 -4.53041e-10 -4.497e-10  6.42104e-10 1.14973e-10 4.6396e-10  8.03122e-10 -3.84922e-11 -4.99518e-10  8.94742e-10 -1.29496e-10 -4.92263e-10  -2.35692e-07 -8.07456e-08 4.25627e-07  1.45483e-10 8.15562e-11 -1.23177e-10  -4.27857e-06 -7.72424e-06 -1.12727e-06  -2.43768e-06 -6.96905e-06 6.73801e-07  -1.43694e-06 -7.88695e-06 -3.50875e-07  9.25624e-10 -7.85447e-11 -5.56493e-10  2.80573e-09 -1.11654e-10 -5.05265e-10  2.13429e-09 3.07682e-10 7.00278e-11  -1.87475e-07 2.65931e-08 3.96372e-07  1.66379e-09 -2.17282e-10 1.57884e-10  2.44766e-10 3.3051e-11 -8.18415e-11  1.49667e-09 -2.88175e-11 2.45879e-10  6.01825e-10 1.33439e-10 3.96058e-10  2.81426e-10 -6.20222e-11 -1.56517e-10  9.22731e-10 1.74358e-10 -7.75642e-09  3.10859e-08 9.14414e-06 -5.32919e-07  1.70784e-10 7.65259e-10 1.1578e-10  3.40346e-10 4.03761e-10 -3.96244e-10  4.48206e-11 1.73054e-10 -3.55015e-10  9.6934e-10 -1.95744e-09 -8.2857e-10  3.43086e-10 -4.25072e-10 -6.17243e-10  2.2029e-10 6.29611e-10 -6.79947e-10  -3.6062e-10 2.09853e-09 -4.15329e-10  -1.67562e-10 1.06303e-09 -7.02068e-10  -2.73347e-06 5.64266e-07 9.34056e-07  -6.11533e-10 -2.25556e-10 -4.9143e-10  -7.09808e-07 8.93192e-07 -9.52219e-07  -5.96375e-07 5.18087e-07 -8.58827e-07  -9.12582e-07 7.4018e-07 -9.19204e-07  2.0925e-10 2.34055e-10 -8.09805e-10  8.68445e-10 -1.3364e-10 -7.20231e-10  9.3106e-10 9.42252e-10 -6.93155e-10  -1.43789e-11 -1.90557e-11 -9.1976e-11  -1.01353e-07 -2.23444e-07 -2.58685e-07  1.0706e-11 3.43379e-11 -2.55169e-10  9.59135e-07 2.31806e-06 1.09295e-06  1.29167e-06 5.01589e-06 1.07945e-06  3.54697e-10 -6.31476e-11 -3.16426e-10  2.31572e-10 1.65096e-10 -3.28717e-10  -1.61455e-09 -8.66187e-10 -4.9272e-11  6.02136e-10 -3.00803e-10 -4.78878e-10  -1.01074e-06 3.59213e-07 -8.52549e-07  2.02161e-10 1.05771e-10 -3.72127e-10  1.10028e-10 1.47748e-10 -2.29993e-10  1.21393e-09 -2.04659e-09 -7.10781e-10  1.23493e-09 -5.12507e-10 -2.82123e-10  1.30088e-09 -4.32183e-10 -3.8676e-10  1.38405e-09 -2.87467e-10 -2.94241e-10  1.46377e-10 1.60307e-10 -2.07929e-10  4.93922e-10 1.0255e-09 -1.16637e-10  -1.92566e-10 5.46162e-10 -2.49127e-10  -5.13288e-10 1.41487e-10 4.36121e-10  2.82427e-07 -3.46694e-07 5.79641e-07  -1.95379e-10 -1.90886e-10 -3.48327e-10  8.842e-10 5.82483e-10 -2.83107e-10  -2.8846e-10 -7.66746e-10 -2.29936e-10  -1.02633e-06 5.09521e-07 -9.00413e-07  -7.89225e-07 2.42692e-07 -8.64847e-07  -6.10796e-07 3.29165e-07 -7.85488e-07  5.05238e-11 -3.74969e-12 -2.46229e-10  -4.19524e-10 4.94829e-10 -4.46853e-13  -8.74878e-10 4.0084e-10 -3.78103e-11  2.04841e-08 -3.27812e-06 1.00994e-06  1.31169e-07 -4.8121e-07 -5.87591e-07  4.87124e-10 -7.65935e-10 -4.03538e-11  -2.02983e-06 -4.31958e-06 1.04247e-06  1.28953e-09 1.48951e-09 -1.18189e-10  8.093e-10 7.65357e-10 1.36844e-10  1.86287e-10 1.4454e-10 -2.39555e-10  2.69855e-08 -2.00871e-07 5.36802e-07  -2.71119e-07 -3.09979e-08 4.04571e-07  -6.13681e-10 2.73138e-10 -4.72714e-10  -1.06345e-09 -4.38642e-10 -4.57345e-10  -5.97737e-07 -1.63101e-07 7.12156e-07  -1.29279e-06 -5.69088e-07 9.25181e-07  -3.42425e-06 -1.69422e-06 1.2091e-06  3.47801e-06 -5.41356e-06 9.21548e-07  4.33669e-07 -3.85044e-08 5.97719e-07  2.61342e-11 -9.83993e-11 -1.80991e-10  -4.62401e-06 8.3779e-07 8.57982e-07  -7.05151e-06 5.46212e-06 -8.78581e-08  -2.88697e-10 4.03513e-11 -2.86419e-10  -1.21097e-07 -1.50477e-07 -2.19698e-07  -1.80192e-07 -1.65496e-07 -2.36265e-07  -8.61944e-08 -8.61992e-08 -1.65974e-07  -6.40482e-10 -3.07073e-10 -4.7128e-10  -2.47182e-07 5.01892e-07 6.51705e-07  3.14349e-10 4.87321e-10 2.37102e-10  8.61654e-08 -2.64641e-07 5.83993e-07  1.83801e-10 2.67342e-10 -1.16644e-09  7.14773e-08 3.34331e-08 -1.29007e-07  1.55496e-07 8.73539e-08 -1.8077e-07  1.75667e-07 -1.08069e-07 5.1863e-07  -9.03363e-08 -1.28563e-07 4.25065e-07  9.25621e-10 -2.56351e-10 -3.64147e-10  9.85428e-10 -2.05194e-09 -6.17372e-10  5.50599e-08 -1.26825e-06 8.52287e-07  -4.95869e-07 1.25864e-07 -1.33346e-06  -7.96046e-07 -4.30048e-08 -1.06089e-06  -2.59821e-10 5.16167e-11 -1.45968e-09  5.76169e-10 3.9262e-10 -1.56944e-09  -7.32645e-10 -7.15738e-10 -1.28976e-09  6.00222e-08 -3.03268e-08 -7.67868e-08  4.19549e-08 -4.97085e-08 -8.82984e-08  2.24644e-08 -1.80777e-08 -6.05012e-08  1.01857e-07 -3.04055e-07 4.36483e-07  1.2761e-10 4.42343e-11 -7.94173e-11  1.77503e-10 1.17291e-10 -1.32133e-10  -4.24887e-10 1.68796e-09 -3.40121e-10  -1.44066e-09 -6.78961e-10 8.76159e-11  -8.26219e-10 -6.02982e-10 -1.83079e-10  7.64591e-10 1.00553e-09 -3.87862e-10  -1.10505e-09 1.72954e-10 -1.12533e-09  1.09507e-06 1.48213e-06 1.04652e-06  6.65767e-10 -2.45892e-09 -2.09426e-09  5.38453e-10 -2.13731e-11 2.81749e-10  -1.44798e-10 3.19776e-10 4.74884e-11  -3.0728e-10 -1.93787e-10 -5.32186e-10  -1.20204e-09 -7.16177e-10 -6.27169e-10  -1.38513e-10 -4.40208e-10 -5.52517e-10  -5.82151e-10 2.26356e-09 -2.04204e-10  -6.38018e-10 2.256e-09 3.24794e-11  -2.8994e-10 -1.37988e-10 -2.82687e-10  1.48859e-08 -8.34471e-08 -1.13523e-07  3.00921e-09 1.96169e-09 -2.51882e-08  -4.81471e-06 3.59144e-06 9.28632e-07  -6.52929e-07 3.54881e-06 1.15816e-06  3.78558e-07 -2.06915e-07 -1.63358e-06  3.34154e-06 -8.89053e-07 -2.936e-06  4.91169e-10 -1.20704e-09 1.42344e-10  2.92754e-10 -1.88638e-09 3.54864e-11  6.42846e-08 -1.79202e-09 -7.70819e-08  -3.6327e-10 -1.84475e-10 -3.18045e-10  9.8737e-07 -1.24515e-06 8.93458e-07  1.53087e-09 2.52924e-11 -3.01663e-10  -6.59296e-09 -6.30821e-08 -6.93552e-08  -2.0844e-08 -4.71076e-08 -9.28737e-08  -1.90958e-08 -7.95716e-08 -1.27504e-07  9.37867e-10 -2.06408e-09 -4.43214e-11  -1.17366e-06 8.7386e-06 5.66117e-07  -1.12396e-06 6.11143e-06 1.06726e-06  3.0581e-10 6.4753e-10 -5.46163e-10  -1.26029e-09 -6.99889e-10 -4.28677e-09  4.66485e-10 -2.11113e-09 -5.90287e-09  -5.97704e-07 1.11926e-06 8.94405e-07  -1.044e-06 3.82015e-07 6.95765e-07  -1.25712e-06 6.23784e-07 7.33224e-07  5.0594e-10 -3.15952e-12 -3.75702e-10  4.18498e-10 3.89742e-11 -2.01349e-10  -4.50038e-10 1.50127e-09 -7.08606e-11  2.23631e-10 8.52236e-10 2.76679e-10  1.29441e-09 -2.02788e-10 -7.65687e-09  -5.60862e-09 -3.56212e-09 -8.86219e-09  -1.28696e-09 -1.1647e-09 1.99879e-10  6.05546e-10 6.67469e-10 6.41829e-12  8.51948e-10 2.00272e-09 -5.28369e-11  1.8701e-10 -1.65248e-10 -3.4039e-10  2.04048e-10 8.39701e-10 -1.64464e-10  -6.0508e-10 -2.09918e-10 -6.60852e-10  6.37442e-09 -2.42506e-09 -1.00452e-08  -8.26751e-10 -7.12398e-10 -1.03585e-08  1.17008e-09 -8.31951e-10 -5.13946e-10  1.42658e-09 -1.04901e-09 -3.31704e-10  1.13587e-09 -6.46928e-10 -4.08802e-10  6.67703e-10 -9.96734e-10 -8.28369e-10  -7.27222e-08 1.495e-06 8.39412e-07  -8.52368e-10 -3.11172e-10 -5.32935e-10  -1.21675e-08 8.57742e-09 -1.74755e-08  -4.55533e-09 8.49324e-09 -1.89798e-08  -5.41697e-09 4.53419e-09 -1.51644e-08  2.17743e-06 2.74268e-06 1.25843e-06  1.15776e-06 1.33136e-06 9.89179e-07  1.29655e-10 1.74273e-10 -3.84766e-10  3.93799e-10 5.49235e-10 -5.51426e-11  -1.54124e-09 -4.54402e-09 -9.73395e-09  -9.51982e-10 -2.10552e-09 -1.18465e-08  6.3008e-10 3.82395e-10 -8.18694e-09  -6.1141e-07 4.45217e-06 1.19805e-06  6.37548e-06 -5.10216e-06 -1.6977e-06  3.71102e-06 -2.81335e-06 -2.85775e-06  3.93756e-06 -4.56428e-06 -2.5335e-06  2.40579e-10 2.4719e-10 -2.47733e-10  -2.40436e-07 -1.82013e-07 -3.88507e-07  -2.13943e-07 -1.33053e-07 -3.16291e-07  -6.8083e-10 -4.01376e-10 -3.52263e-10  1.27899e-09 4.37746e-10 -3.22081e-09  6.62675e-10 2.11172e-10 -2.89302e-09  4.90245e-10 2.68006e-09 -2.49393e-09  -4.01678e-10 -8.49359e-10 -2.66611e-09  -2.08122e-10 7.45892e-10 -4.39661e-09  2.1863e-09 -2.11455e-10 -3.71061e-09  7.95393e-11 1.36727e-09 -6.21301e-10  -1.80956e-09 1.22602e-09 -7.98657e-10  8.86564e-10 1.90059e-10 -5.39334e-10  1.21611e-10 1.71373e-09 2.59726e-10  -1.41918e-07 -1.2406e-06 8.73466e-07  3.51146e-10 8.20187e-10 1.76788e-10  -4.93348e-06 7.94859e-06 -1.0678e-06  -6.2952e-06 4.93517e-06 -2.09601e-06  1.15894e-10 -2.32351e-09 -1.1109e-09  6.38548e-10 -2.4361e-10 -1.15206e-09  1.98921e-07 -1.29579e-07 -3.6656e-07  2.4445e-07 -2.94912e-07 -5.7212e-07  -3.28898e-06 1.90955e-06 9.39062e-07  1.37275e-09 -6.52464e-08 -7.53209e-08  5.64811e-10 4.44674e-10 -5.3089e-10  5.84979e-10 -1.58981e-09 -7.24518e-10  -5.34361e-06 -1.87118e-06 1.03498e-06  -4.85024e-06 -7.226e-07 8.75892e-07  3.32862e-08 2.78982e-08 -5.36777e-08  6.9187e-09 1.76765e-08 -4.60304e-08  2.68896e-08 3.26723e-08 -7.18677e-08  7.71783e-10 2.69637e-13 -4.73533e-10  -1.95241e-10 3.06958e-10 8.20871e-11  -8.21863e-10 4.01258e-10 -9.26691e-10  -9.53075e-10 3.28804e-10 -5.15288e-10  4.52817e-10 -3.29504e-10 -1.97545e-12  1.03821e-09 -9.99464e-11 -3.73065e-10  2.0991e-10 5.88656e-10 -3.23127e-10  -3.81573e-10 -4.99662e-10 5.778e-10  8.88096e-10 5.64556e-10 1.85294e-10  2.4781e-11 -5.84384e-10 4.64567e-10  4.93163e-09 -1.74038e-08 -3.64513e-08  9.32643e-09 -3.09908e-08 -5.71165e-08  -2.62721e-07 2.01748e-06 9.61411e-07  5.28233e-12 1.27267e-09 -5.93576e-10  -1.51243e-10 1.8332e-09 -3.26397e-10  4.93367e-10 -3.04617e-10 -1.65722e-08  -1.37384e-08 3.25041e-09 -2.06611e-08  5.25748e-06 5.9128e-06 -2.21291e-06  5.7074e-10 -1.27351e-10 -1.5252e-09  1.07959e-09 -7.16049e-10 -1.58894e-09  4.39757e-10 6.07384e-10 -5.72977e-10  4.33997e-10 2.13203e-10 -3.40724e-10  -5.91796e-06 -5.718e-06 -1.24621e-07  -5.07043e-06 -6.05419e-06 -1.90253e-06  -5.46144e-08 6.27638e-07 5.95192e-07  -2.43609e-10 -4.4241e-11 -8.94602e-10  8.76855e-10 -5.74648e-10 -5.36804e-10  -5.47579e-10 7.79547e-10 -2.97824e-09  -6.56628e-07 3.49114e-07 7.02535e-07  -1.36271e-09 1.32756e-09 -1.24264e-09  9.36583e-11 -4.97226e-10 2.17472e-10  -3.35505e-12 -1.45128e-11 3.35902e-10  4.78214e-11 2.52629e-10 2.94177e-10  6.7588e-10 -6.1421e-11 4.8242e-11  -1.12684e-09 -1.30316e-10 1.53744e-10  7.68333e-08 -1.78943e-08 -1.07789e-07  -4.13344e-06 -6.46847e-06 4.78501e-07  3.2854e-06 4.73888e-06 1.13177e-06  3.03013e-10 -6.76685e-11 -1.70632e-10  -7.38925e-09 -8.9121e-09 -2.07978e-08  -2.48546e-09 1.27806e-09 -1.16583e-08  -5.99343e-07 -1.39413e-06 -2.27172e-06  -2.41882e-06 -2.94983e-06 -2.93524e-06  -3.30163e-10 1.49656e-09 9.78043e-12  -1.68079e-08 -3.24136e-09 -3.62124e-08  -4.36378e-08 -9.25155e-09 -4.40512e-08  -4.65573e-08 -1.20389e-08 -4.86146e-08  -8.9038e-06 2.5393e-07 5.0099e-08  5.15282e-10 -5.91617e-10 -1.82607e-09  -4.2968e-10 -2.17197e-09 -1.58566e-09  6.43257e-10 -7.51373e-10 -1.6433e-09  1.24695e-09 -1.85489e-09 -1.55443e-10  -1.32954e-09 4.64962e-10 6.90886e-11  -1.65727e-09 1.02172e-09 8.0272e-11  1.78991e-10 -2.82593e-10 -5.12669e-10  -5.37066e-07 3.98303e-07 -1.20229e-06  1.54803e-07 2.71084e-08 -1.75516e-07  9.00935e-08 -4.35707e-08 -1.40358e-07  7.12323e-08 -7.91807e-08 -1.20142e-07  1.20934e-09 5.67809e-11 -4.23815e-10  -2.28418e-10 -3.38943e-10 -2.84512e-10  2.16173e-10 7.03421e-10 -6.85311e-10  5.54606e-10 -2.38743e-10 4.71396e-12  -5.93469e-10 -2.23909e-09 5.50071e-11  1.15843e-07 -1.29654e-07 -2.13383e-07  2.16e-06 7.96349e-06 -7.39795e-07  -4.64588e-09 -2.74597e-07 -3.4793e-07  -5.5826e-08 -2.1016e-07 -2.26157e-07  1.51131e-09 -2.55307e-10 -4.49434e-10  1.32463e-09 8.96735e-10 -2.05485e-09  -3.5692e-10 -3.33578e-10 -1.71872e-09  -1.21001e-09 -1.02586e-09 -2.68448e-09  -1.30841e-09 -5.49524e-10 -2.08767e-10  -3.3748e-10 1.05826e-09 -4.55623e-10  1.28874e-07 2.3821e-07 -3.84168e-07  1.45943e-11 6.01962e-11 -2.16206e-10  6.65792e-10 7.19999e-10 -1.09842e-10  -3.89219e-10 6.81966e-10 -3.06212e-10  2.90579e-10 8.04614e-10 -2.91441e-10  -3.803e-10 -1.27496e-08 -2.92804e-08  2.20957e-10 1.0098e-10 -6.11766e-10  -2.33171e-10 -1.08381e-10 -1.03731e-09  1.29711e-09 1.03268e-09 -1.36181e-08  -1.21267e-09 -3.81621e-09 -1.26426e-08  -4.80816e-09 -7.16082e-09 -1.94333e-08  1.31445e-09 -8.41423e-10 1.89259e-10  5.79008e-07 8.54102e-07 -1.18821e-06  5.58457e-10 4.06204e-08 -7.69683e-08  7.12033e-10 -2.13874e-10 -5.0788e-10  9.46489e-10 -4.26421e-10 -4.87639e-10  -3.40686e-10 -1.64565e-10 -3.65817e-10  4.06968e-10 1.08298e-09 -2.69611e-10  -7.66423e-09 -2.80716e-09 -1.16828e-08  -1.10267e-09 -3.66387e-10 -9.8217e-09  -2.17607e-07 2.6973e-06 1.16445e-06  6.34163e-10 -3.7653e-10 5.01131e-13  1.11858e-09 -1.08807e-09 -2.43323e-10  5.67662e-10 2.3368e-11 -4.02975e-10  3.01465e-10 9.82199e-12 -3.26061e-10  7.48522e-06 4.92185e-06 -4.93252e-07  9.87794e-10 1.02963e-09 -6.7698e-09  2.81358e-07 3.27444e-07 -4.9801e-07  5.19568e-07 4.04445e-07 -6.66667e-07  -1.49382e-09 -1.89808e-09 -1.32142e-09  -6.74695e-11 -7.31758e-10 -1.20016e-09  -2.47361e-07 -6.35519e-08 -3.26955e-07  -1.75133e-07 3.9576e-09 -2.41065e-07  -7.72747e-10 -2.94939e-10 -6.24789e-10  -8.84734e-10 6.62851e-10 -1.00785e-09  -7.22692e-06 1.05856e-06 -2.32333e-06  -8.14111e-06 3.08846e-06 -1.516e-06  2.54083e-09 -9.42792e-10 -1.24892e-08  8.78841e-07 8.03877e-07 -1.71226e-06  -1.36022e-09 -9.13384e-10 -1.91127e-10  -5.0528e-07 -4.68141e-07 -8.13363e-07  6.00461e-06 9.44738e-07 4.96e-07  8.02133e-06 -6.67741e-07 1.6132e-07  -2.05413e-09 -5.6906e-10 -1.66971e-09  -1.36876e-09 -5.63728e-11 -1.37327e-09  -1.1076e-09 2.32314e-10 -1.74704e-09  2.21437e-10 -1.34409e-09 -1.04646e-09  -3.8666e-07 8.18602e-07 -9.11809e-07  1.26265e-10 4.2418e-10 -1.18308e-10  1.53083e-10 -3.69579e-10 1.22702e-10  -2.41784e-07 -4.24112e-07 -6.62198e-07  1.75705e-08 -1.74358e-07 -2.35083e-07  -4.90379e-07 5.44616e-06 1.12054e-06  -1.48795e-07 4.44701e-08 -1.95106e-07  -6.93514e-08 4.39422e-08 -1.36963e-07  -1.38032e-09 -6.11445e-10 -5.65768e-10  -8.37094e-10 -1.55713e-10 -7.52792e-10  -1.61486e-06 1.03601e-06 8.45114e-07  -2.83134e-06 3.20836e-06 1.09256e-06  6.4961e-07 5.84843e-07 -7.75447e-07  -4.06583e-11 1.10966e-09 -1.43513e-10  6.79728e-10 -5.26156e-10 3.0833e-10  4.64242e-10 -1.26454e-09 8.59216e-11  5.03443e-10 1.14053e-11 -4.90791e-10  4.62137e-10 -9.53509e-10 -5.09062e-10  4.8939e-10 4.2106e-10 -4.84601e-10  8.52425e-11 6.61923e-10 -9.61944e-10  -5.46895e-10 -1.08304e-09 -1.63377e-09  7.7068e-07 6.91002e-07 -9.62866e-07  -8.79499e-10 -2.60464e-10 5.55412e-07  6.37642e-08 1.38373e-06 -2.28205e-06  1.52446e-09 1.85735e-09 -2.40891e-10  4.2838e-09 -2.14556e-11 -6.21037e-09  1.12125e-09 5.03114e-10 -4.97481e-10  2.5601e-10 1.58777e-11 -1.45472e-10  9.27209e-11 1.89307e-12 -7.79376e-11  2.25801e-07 -1.02993e-08 -2.32968e-07  -1.80344e-09 -5.51959e-10 -1.03214e-09  -9.79508e-10 -4.80023e-10 -6.82084e-10  -1.08929e-09 -1.59561e-10 -6.42847e-10  -1.10825e-09 5.88813e-10 -1.88122e-09  -2.19327e-09 1.16046e-09 -1.9935e-09  1.09473e-09 -3.27747e-11 2.10825e-10  5.47253e-10 -2.63141e-10 -7.74149e-10  1.29349e-09 -4.60959e-10 -4.92248e-10  -1.81459e-09 1.2721e-08 -2.429e-08  8.53497e-10 1.74072e-08 -1.97023e-08  -5.09821e-11 1.23134e-09 1.08976e-10  1.82439e-07 -1.06807e-06 -9.57459e-07  5.1886e-07 -3.33287e-06 -2.83673e-06  4.07733e-07 -7.42816e-07 -1.27709e-06  2.83144e-06 6.56687e-06 5.48123e-07  -1.58116e-09 -1.27406e-09 -1.66499e-09  -5.36689e-06 6.00673e-06 6.17024e-07  -4.12723e-06 -3.05478e-06 -2.80475e-06  -6.98849e-06 -4.92389e-06 -1.38345e-06  -6.40669e-11 -2.26904e-10 -1.59246e-10  -1.40815e-09 1.27954e-08 -3.6502e-08  -4.70398e-09 -7.91791e-12 -1.36993e-08  1.13144e-06 1.60033e-06 -2.20448e-06  1.52796e-10 -1.67549e-10 -2.51456e-10  2.33382e-09 -2.27473e-10 -1.49179e-09  1.97643e-10 6.47739e-10 -4.34193e-09  -1.032e-07 -4.98788e-07 -5.81673e-07  -4.20198e-07 -8.61689e-07 -9.06557e-07  7.39803e-10 2.8951e-12 -4.87917e-09  6.35034e-11 7.41229e-10 -4.079e-09  -6.63903e-10 -1.0327e-09 -3.49696e-09  -5.73288e-10 -2.62757e-10 -4.22244e-10  8.61932e-07 2.67841e-07 -1.29725e-06  -1.68481e-09 -7.08871e-10 -3.1845e-10  2.12657e-09 5.80712e-10 -4.45522e-09  7.44412e-10 6.08952e-10 -2.69557e-09  -2.72353e-09 1.88031e-09 -4.78341e-09  -2.17572e-09 1.02852e-09 -6.95078e-09  -2.02709e-09 -8.81031e-11 -5.62891e-10  2.76196e-09 -4.24932e-10 -1.22129e-08  7.12784e-06 3.26604e-06 -1.67815e-06  7.89567e-06 1.47386e-06 -6.07054e-07  -2.30995e-07 1.0487e-07 -2.78027e-07  -6.47935e-08 7.07127e-08 -1.63184e-07  -1.8377e-07 1.49057e-07 -3.29351e-07  5.50196e-10 2.13792e-10 -6.22287e-09  -7.2798e-08 -9.91245e-07 -1.63919e-06  1.11103e-10 6.93406e-11 -1.99114e-10  -1.49039e-09 -2.47362e-09 -7.8572e-09  -4.9739e-09 1.65003e-08 -3.69007e-08  2.66308e-10 2.42215e-10 -1.32312e-09  -1.69582e-09 2.6452e-10 -1.35594e-09  1.42366e-07 1.51167e-07 -3.04482e-07  -1.38725e-07 9.16286e-09 -1.54927e-07  -3.8164e-07 2.71217e-06 1.05278e-06  6.73069e-10 5.707e-10 -8.59745e-10  1.48869e-09 1.27078e-09 -1.13125e-09  6.86837e-10 2.88178e-10 -5.35152e-10  -4.12282e-06 -3.86148e-06 1.02156e-06  9.04024e-09 5.87656e-09 -1.45956e-08  7.67877e-09 5.97095e-09 -1.75685e-08  -4.15775e-06 2.42496e-06 -2.83399e-06  1.3911e-10 -2.76141e-09 -8.14633e-09  1.78628e-07 -3.79202e-07 -5.09156e-07  4.40086e-07 -1.05131e-06 -9.59045e-07  -3.00903e-10 5.00939e-09 -1.7453e-08  1.40036e-09 -3.79996e-10 -1.78437e-10  1.42575e-09 -1.34853e-10 2.90497e-11  -6.83012e-07 1.11631e-06 -9.14228e-07  -6.97638e-08 -1.25689e-07 -1.78765e-07  7.79339e-11 -2.11686e-09 -1.28786e-09  5.22275e-10 -1.5669e-10 2.16155e-10  -1.85435e-10 -3.54601e-10 2.18547e-10  9.43328e-10 -5.14988e-12 -2.91697e-09  1.53855e-07 -8.6661e-08 -2.07887e-07  2.05781e-07 -3.49577e-08 -2.16382e-07  2.42372e-07 -3.31518e-08 -3.142e-07  -1.14273e-09 -1.76323e-10 8.76697e-11  1.10108e-09 2.14712e-09 6.58127e-11  1.13537e-09 1.47515e-09 4.83323e-10  4.66838e-12 6.0097e-10 8.06082e-11  -5.49181e-10 -1.69666e-09 -3.41989e-09  1.99159e-10 -6.87785e-10 -5.22068e-09  -8.30482e-06 -1.72824e-06 -1.50591e-06  -4.77305e-06 -5.35201e-07 -2.91613e-06  -2.03054e-07 -1.08969e-06 -9.37339e-07  -4.19849e-07 1.74591e-07 -6.07198e-07  6.45798e-10 -9.8199e-11 -6.07251e-10  -9.23805e-07 6.28418e-07 -8.36499e-07  1.19619e-09 -1.9259e-10 6.73257e-11  2.07035e-08 -8.60996e-09 -3.42133e-08  -8.92327e-10 1.13853e-09 -3.65623e-09  -4.53741e-10 9.27915e-10 -2.22983e-09  6.55756e-06 5.17626e-06 -1.94624e-06  6.64027e-06 6.10084e-06 1.96591e-07  6.27724e-06 3.65615e-06 6.10961e-07  1.28442e-09 -2.70262e-10 -7.47551e-11  -2.46688e-07 -4.38049e-07 -1.34057e-06  2.64148e-07 8.47355e-07 -1.31844e-06  8.7789e-10 5.03687e-10 -3.40703e-10  -1.56465e-09 7.17837e-10 -3.73121e-10  -5.04489e-10 5.02151e-10 -4.78047e-10  1.69936e-07 1.16764e-07 4.63076e-07  -8.01746e-07 -9.13059e-07 -8.42961e-07  -1.02837e-06 -6.19006e-07 -7.90978e-07  4.09985e-10 -3.87891e-10 9.04424e-11  8.68877e-10 -1.12359e-09 -4.93463e-10  -2.96231e-11 7.64804e-10 -8.57551e-12  3.1775e-11 2.01801e-09 2.45804e-10  4.93423e-08 3.9876e-08 -7.97432e-08  5.12079e-08 5.28243e-08 -1.2527e-07  9.1682e-09 7.66005e-09 -3.35729e-08  9.57432e-09 7.01072e-09 -4.80763e-08  -2.17544e-07 8.46904e-07 -8.70568e-07  -7.91125e-07 6.29999e-06 -2.81411e-06  -8.50045e-09 4.11321e-07 -4.64702e-07  -3.76538e-08 2.73193e-07 -3.04046e-07  -1.25193e-06 3.72447e-07 -8.8957e-07  9.1487e-07 6.85938e-06 -2.36213e-06  2.46014e-08 8.79967e-07 -8.7194e-07  -2.3834e-07 9.82297e-07 -9.36282e-07  1.24435e-06 7.16636e-06 6.52011e-07  -3.8804e-10 1.74807e-09 -4.34887e-10  -1.95083e-08 1.74968e-09 -2.73785e-08  7.59618e-09 -3.88266e-09 -2.11156e-08  2.75257e-09 -3.71156e-09 -1.89572e-08  3.56401e-09 -1.05253e-10 -9.95629e-09  -7.60716e-10 1.40663e-09 -8.71675e-10  1.49812e-06 -1.61676e-06 -2.3793e-06  6.9699e-07 -8.96545e-07 -1.30115e-06  7.16661e-07 -8.9884e-07 -1.12331e-06  -1.30163e-07 -4.1578e-08 -1.88906e-07  9.81137e-10 2.24582e-11 -4.7379e-10  -1.33322e-10 -2.35437e-09 2.73821e-10  3.70075e-07 -8.81332e-06 -1.37156e-06  1.87268e-06 -7.82532e-06 -2.13727e-06  -1.77462e-09 -2.15881e-10 -1.71319e-10  -1.90974e-10 4.76175e-11 -6.29974e-10  1.27128e-09 -8.57481e-11 -7.41671e-11  1.50731e-09 -2.61679e-10 -1.70078e-10  -3.15216e-07 1.56277e-07 -4.1332e-07  7.87176e-07 -8.04194e-07 -1.90943e-06  -6.44819e-10 8.40128e-10 -2.43625e-10  -2.42104e-10 -1.074e-09 -1.06725e-09  -3.29477e-06 2.96684e-07 -2.88139e-06  -1.31742e-06 -8.47495e-08 -2.26333e-06  -8.03822e-10 -1.72992e-09 -1.0418e-10  1.38611e-09 -1.62115e-10 -3.09295e-10  6.59779e-10 9.17112e-09 -1.73658e-08  -4.50781e-07 -2.16721e-07 -6.37608e-07  -3.55109e-07 -1.24746e-07 -4.34286e-07  2.61585e-09 5.04246e-10 -6.40416e-09  1.53653e-09 2.42252e-09 -2.51123e-09  3.86074e-10 -6.44739e-10 -2.09813e-09  3.6775e-10 4.54736e-10 6.63187e-11  -1.06503e-09 -3.10563e-10 -6.08436e-10  -1.44205e-09 1.15586e-09 -3.86871e-10  -9.1079e-10 -4.98092e-10 -1.85281e-10  -8.76981e-10 -7.99831e-10 -1.58163e-10  -1.83421e-10 -4.56508e-10 -2.11292e-09  -7.80245e-08 -4.44404e-08 -1.31174e-07  -1.26621e-07 -5.59182e-08 -1.4476e-07  -7.49358e-08 -1.97665e-08 -9.53039e-08  -1.61353e-07 -9.97911e-07 -1.10988e-06  -1.21472e-07 2.10989e-07 -2.80963e-07  3.55767e-10 1.71953e-10 -6.06472e-10  6.06469e-10 1.75028e-10 -5.50544e-10  1.15494e-09 3.41894e-10 -6.47732e-10  1.72914e-07 7.41735e-07 -7.39427e-07  1.39e-08 2.28186e-08 -2.45226e-08  2.01159e-08 8.60677e-10 -3.33452e-08  1.48287e-08 -2.07363e-10 -3.63595e-08  7.9925e-07 -1.07451e-06 -9.79e-07  -1.79531e-10 7.29948e-10 -9.17623e-10  -2.13054e-07 3.48241e-07 -5.37491e-07  -1.88771e-07 6.51268e-07 -7.7125e-07  -2.46387e-09 -8.74911e-10 -2.35469e-09  4.38821e-10 9.9718e-10 -6.66826e-10  -6.34832e-07 6.95601e-07 -1.3472e-06  -6.67987e-07 -2.62562e-07 -7.86841e-07  -6.08159e-07 -4.38105e-08 -8.15378e-07  4.198e-07 -1.02094e-07 -5.12127e-07  1.50465e-08 -5.19929e-08 -8.00831e-08  4.38808e-08 -7.04725e-08 -8.35347e-08  -1.42612e-09 -9.4671e-11 -3.49514e-10  -7.4391e-09 8.80893e-10 -8.7416e-09  -3.0562e-09 -6.82358e-11 -1.07556e-08  2.43354e-06 -1.31265e-06 -2.84385e-06  1.35112e-09 -3.50437e-10 -1.93543e-10  -1.34415e-11 3.22615e-10 7.37412e-11  -1.71058e-09 2.84922e-10 -8.01962e-09  1.47453e-07 1.1467e-07 -1.96361e-07  -1.37973e-09 9.87811e-11 -5.72429e-10  -8.80969e-10 1.01244e-09 1.4334e-10  -9.98811e-10 8.15868e-10 -3.38689e-10  4.01428e-10 1.76808e-09 -1.04258e-08  1.48607e-09 7.64673e-10 -9.74587e-09  -3.56041e-10 6.06255e-10 1.9762e-10  6.39386e-10 1.01078e-09 1.02048e-10  4.63484e-11 -1.7285e-10 4.72516e-10  -1.21352e-11 2.00226e-10 -2.82202e-10  -3.19982e-08 1.92558e-07 -2.11273e-07  4.61841e-10 5.16595e-10 -2.24814e-10  1.20118e-09 1.06169e-09 -6.87863e-10  9.39986e-07 5.39229e-07 -8.44545e-07  -9.24045e-06 -2.89493e-06 1.60707e-07  -1.6961e-09 -6.06479e-10 -5.54993e-10  -1.21343e-09 -4.49265e-10 -6.06173e-10  -2.88844e-07 -9.63358e-08 -1.35321e-06  -8.82486e-07 -1.80753e-07 -9.10672e-07  2.4602e-09 4.30849e-10 -1.46154e-10  8.46585e-10 7.2496e-10 -3.63231e-10  -1.06817e-08 -1.20298e-08 -3.19352e-08  -2.58961e-08 -1.56812e-08 -3.62387e-08  4.08023e-07 9.85157e-07 -1.10886e-06  1.04264e-10 1.27921e-09 2.49975e-10  7.93759e-07 2.56656e-06 -2.54106e-06  -2.9633e-09 -6.43968e-08 -6.5323e-08  -4.42789e-10 -2.99949e-10 -4.95081e-10  -2.17418e-10 6.24847e-10 -3.03998e-10  -8.70749e-09 -2.87292e-09 -1.5511e-08  8.37792e-08 1.2011e-08 -1.15382e-07  1.23354e-09 -2.15236e-10 -9.77521e-11  -7.52193e-06 -3.28138e-06 -1.81768e-06  5.98797e-10 -1.85413e-09 1.70473e-10  6.24708e-10 5.52383e-10 -1.264e-09  4.10855e-10 1.78304e-10 -1.58818e-09  -3.10379e-06 -9.56802e-07 -2.88505e-06  -8.91655e-10 2.28004e-10 -8.1176e-09  -3.14572e-10 1.11159e-09 -8.21945e-11  -7.52649e-10 -6.73469e-11 1.28207e-10  7.51739e-10 9.05633e-10 -5.09008e-10  1.15026e-09 4.2618e-10 -6.51006e-10  8.60641e-10 3.97703e-10 -3.23154e-10  4.24778e-10 1.43128e-10 -2.69575e-10  -2.05092e-09 1.27231e-09 -7.10618e-09  -5.28475e-10 2.98918e-10 -2.57915e-10  9.50068e-12 7.33661e-10 -7.28573e-10  3.92218e-08 1.24567e-06 -9.02085e-07  2.28733e-07 1.13805e-06 -9.28032e-07  -6.20877e-08 2.24223e-07 -2.61935e-07  -6.58113e-08 3.20509e-07 -3.86345e-07  -2.67453e-06 3.96119e-06 -2.98481e-06  1.26002e-09 -2.46119e-10 -4.3226e-10  2.95117e-06 1.34355e-06 -2.64039e-06  1.11639e-08 1.05483e-07 -1.03047e-07  -3.57422e-09 1.29268e-07 -1.4967e-07  1.33343e-08 -9.02837e-09 -2.519e-08  4.47946e-10 7.60952e-10 1.18018e-10  -2.13409e-09 2.42471e-09 -1.05707e-08  5.53623e-10 -2.25061e-09 -8.83818e-11  4.50373e-10 -1.6566e-10 -4.3591e-10  6.23934e-10 -6.64692e-10 -6.93067e-10  -4.44787e-08 2.1116e-08 -7.38159e-08  -3.39509e-08 6.9402e-08 -1.11347e-07  4.11939e-07 -1.86125e-07 -6.42714e-07  -6.53332e-10 1.97351e-09 -9.5831e-10  9.17138e-08 -3.47601e-08 -9.3057e-08  -1.13472e-07 -7.23977e-07 -7.12145e-07  -1.1538e-08 1.14443e-07 -1.3952e-07  1.73847e-08 1.05563e-07 -1.4234e-07  1.10245e-07 -6.82521e-09 -1.65905e-07  -1.89527e-10 -6.4402e-09 -9.36635e-09  9.76263e-10 -4.51704e-10 2.64841e-10  2.21094e-08 -1.22195e-08 -3.25931e-08  1.22624e-09 -6.32017e-10 1.02978e-10  -1.85477e-08 -1.69753e-09 -2.94565e-08  1.42555e-10 1.10177e-09 -1.55652e-10  1.01198e-09 -4.33107e-10 1.51915e-10  2.29801e-06 2.60505e-06 1.34098e-06  -2.11198e-09 -5.38777e-10 -5.45984e-10  1.19846e-09 1.85997e-09 -6.99687e-09  3.62722e-10 -6.2338e-10 -4.67884e-10  -1.1781e-08 -5.64926e-09 -1.85591e-08  -1.05376e-08 -7.81985e-09 -2.43963e-08  -2.78406e-10 1.25599e-10 -2.36109e-11  9.9406e-09 -3.46797e-09 -2.5049e-08  1.49458e-08 -1.0709e-08 -2.60056e-08  3.32927e-08 3.09467e-07 -4.15868e-07  -3.40172e-10 1.21564e-09 -8.16517e-10  -1.11924e-09 1.70016e-09 -1.67529e-09  -2.53576e-09 -1.39082e-09 -7.03398e-09  -4.97251e-08 1.40122e-07 -1.8662e-07  5.48788e-08 5.2483e-07 -6.19719e-07  -1.37414e-09 -4.11843e-10 -1.71976e-09  3.61766e-10 1.27623e-09 4.16177e-10  4.59514e-10 1.69222e-09 2.51159e-10  7.5711e-10 5.95446e-10 1.77781e-10  5.52814e-06 7.19116e-06 5.93024e-07  4.07881e-06 4.89825e-06 1.19222e-06  1.26932e-09 -3.25243e-10 -6.40203e-11  8.4867e-10 1.49328e-09 7.21599e-12  -4.38985e-11 -9.76329e-11 -1.3946e-09  5.90573e-11 -8.82182e-10 -7.29437e-10  -2.17834e-10 6.54148e-10 -3.96362e-10  -8.04309e-10 -1.01426e-10 -3.55282e-10  -4.71526e-10 4.8863e-10 -1.89491e-10  -8.9342e-10 -1.43125e-10 -4.11018e-10  -5.31364e-10 -7.33942e-09 -1.39385e-08  1.55427e-10 -1.7633e-09 3.7407e-10  -2.17382e-10 -1.34792e-09 3.6169e-10  1.92966e-09 -4.78678e-11 -1.45664e-09  -1.57864e-09 -2.29858e-10 -9.16162e-10  9.86027e-10 2.30984e-10 1.15706e-11  6.7439e-10 -1.47966e-09 -1.15338e-08  5.90757e-10 -2.49233e-09 -7.72821e-09  -8.84816e-08 3.24537e-08 -1.19137e-07  -1.84059e-09 -5.08139e-10 -1.94884e-08  5.03939e-10 1.09074e-09 -1.58803e-10  8.9305e-10 -2.915e-10 -3.38641e-09  2.38653e-10 4.82415e-10 -7.42171e-09  2.90752e-10 3.37989e-10 -2.23095e-10  4.14692e-10 8.50399e-10 -1.32877e-10  -2.77598e-10 -1.88213e-09 -2.82512e-10  3.36806e-10 -5.28799e-10 6.43046e-10  3.40699e-07 -3.9188e-08 -3.40096e-07  -4.39057e-08 -2.02847e-08 -4.59307e-08  7.34468e-10 -2.43145e-10 -3.11079e-10  -5.20355e-08 -1.22688e-08 -5.81976e-08  -3.71696e-08 -1.11751e-08 -6.55887e-08  3.85518e-10 -7.23441e-12 -2.51813e-09  -1.14784e-10 -6.43367e-11 -5.91689e-11  -6.35519e-09 -1.9629e-08 -3.46872e-08  -1.12545e-08 -1.71529e-08 -2.42569e-08  -1.30525e-06 8.44269e-08 -9.14618e-07  -1.16583e-10 8.06651e-10 -1.34423e-09  4.21668e-10 4.62785e-10 -9.77794e-10  -7.37668e-10 7.73659e-10 -2.11469e-10  -1.31624e-13 2.53744e-09 -1.66091e-09  -2.54168e-10 9.94784e-10 -1.01463e-09  1.69647e-07 4.42724e-07 -5.63012e-07  -8.40043e-11 -6.24955e-10 -4.00388e-09  -2.42248e-07 5.87028e-08 -2.52712e-07  3.00479e-09 7.98789e-09 -1.95331e-08  9.15031e-09 3.88202e-09 -1.96633e-08  -4.47277e-06 1.61078e-06 -2.97231e-06  7.16241e-08 1.69039e-08 -8.73195e-08  -9.02403e-11 -1.65952e-09 -3.94287e-11  6.54841e-10 4.48269e-10 -1.27042e-10  9.60302e-10 -8.1575e-10 1.53395e-10  9.36353e-10 1.93179e-10 1.9653e-10  -3.42268e-09 -1.05697e-09 -4.44275e-09  7.64911e-06 -1.39241e-06 -1.71557e-06  -2.56251e-08 -1.09722e-08 -5.91934e-08  -3.958e-10 -1.14064e-09 -2.63217e-09  5.26268e-06 -5.28048e-06 6.51698e-07  4.1368e-10 2.26639e-11 -3.10779e-10  4.68416e-10 -4.05026e-10 -3.92839e-10  -2.37091e-09 5.07295e-10 -1.85435e-10  -2.84741e-10 -1.24982e-09 -3.34421e-10  2.23054e-07 1.7225e-07 -3.65969e-07  2.63675e-07 1.47178e-07 -4.12165e-07  -1.54482e-08 -1.73204e-08 -5.20458e-08  -3.72563e-08 -3.8699e-08 -9.18045e-08  4.92885e-10 1.67675e-09 1.95819e-11  6.56224e-10 7.02788e-10 -5.82951e-12  1.12602e-09 -2.9e-11 9.60073e-12  -2.72644e-10 2.92288e-10 -3.30249e-10  -1.84326e-09 1.29213e-09 -2.73774e-09  -7.88049e-11 4.58556e-11 -4.19955e-09  -3.23093e-10 -3.49421e-10 -2.36531e-09  2.09719e-09 -7.78357e-10 -5.07324e-09  1.56058e-07 -2.70055e-07 -3.36917e-07  6.4466e-06 -3.43954e-06 -2.3013e-06  -3.49744e-09 -2.23464e-10 -1.52582e-08  -7.51337e-10 -5.27272e-10 -2.23534e-11  -7.29254e-07 2.21337e-06 -2.85659e-06  -6.76813e-10 -2.6772e-10 -2.1808e-09  -7.87749e-10 1.20242e-10 -9.20282e-10  -3.89685e-10 -7.53898e-10 -6.86435e-09  -2.02359e-09 -5.39665e-11 -2.92941e-09  -8.87464e-08 -1.46124e-08 -1.11115e-07  5.73513e-10 -2.72482e-10 -1.59978e-10  -8.46316e-07 -5.82171e-07 -9.15382e-07  -2.66372e-07 -7.24293e-07 -1.09926e-06  3.04598e-09 -4.70931e-10 9.29805e-11  4.82284e-09 1.61062e-09 -6.01599e-09  3.10439e-06 2.77147e-06 -2.77909e-06  1.55746e-09 1.0511e-10 -6.02249e-10  3.66594e-10 -4.29783e-10 1.74321e-10  -7.0446e-08 4.3983e-07 -5.76746e-07  -5.28768e-10 -8.81304e-10 -5.45413e-10  -8.68682e-10 -1.02431e-09 -6.16193e-10  3.69275e-08 -1.06494e-08 -5.88953e-08  4.67335e-07 1.70204e-08 -6.84737e-07  9.12938e-07 1.00087e-07 -9.07151e-07  5.68357e-07 3.2503e-07 -7.16436e-07  2.33933e-10 1.16139e-09 -3.6248e-10  3.2739e-06 -6.32855e-06 -2.3164e-06  1.00528e-06 -2.08414e-06 -2.67381e-06  7.17355e-10 -2.32442e-09 -7.51301e-09  -1.52164e-07 -1.12375e-07 -1.95997e-07  1.50857e-09 3.72179e-10 -8.1445e-10  1.82491e-09 2.52365e-10 -9.71942e-10  1.24887e-09 1.08988e-09 -1.20814e-08  -1.20544e-07 2.71348e-07 -3.89469e-07  -6.89315e-07 -8.02981e-07 -9.1218e-07  1.67163e-09 2.10967e-10 -4.80567e-10  -7.43526e-11 -2.51684e-10 -2.0167e-10  8.12525e-08 -2.40942e-07 -2.62557e-07  5.81876e-10 8.60166e-10 8.54731e-11  2.68053e-10 9.21968e-10 1.12098e-10  5.13282e-09 -1.89743e-09 -2.42006e-09  1.38334e-06 7.27041e-08 -9.0018e-07  8.65644e-07 -4.14693e-08 -9.22472e-07  -8.03038e-10 -1.79853e-10 -4.97912e-10  -8.50889e-10 1.92206e-09 -4.45995e-10  -1.02096e-09 -1.29592e-09 -3.95317e-10  -3.56918e-07 -3.06136e-06 -2.66537e-06  -6.73218e-10 9.78777e-10 -3.04505e-10  8.23742e-08 -1.75891e-07 -2.52567e-07  -3.08824e-06 -5.12023e-06 -2.72151e-06  2.43331e-09 1.57714e-09 -2.44491e-09  1.14002e-09 6.23801e-10 -1.9559e-09  -7.51011e-10 1.25197e-09 -5.0314e-10  4.53777e-08 -3.53414e-09 -5.24274e-08  7.80203e-09 -1.76854e-09 -1.56254e-08  7.58922e-10 -8.27728e-10 -9.84969e-10  2.61181e-10 8.82789e-10 -7.3972e-09  4.90623e-10 8.84725e-10 -3.51235e-10  2.85802e-08 -1.34753e-08 -3.99061e-08  8.18275e-10 6.07136e-10 -5.70393e-09  -6.59166e-06 -4.23206e-06 6.4253e-07  5.26975e-10 -1.11501e-09 -5.0372e-10  -7.3857e-08 -1.35053e-08 -7.54686e-08  -4.11775e-10 2.60898e-10 -3.07443e-10  6.68056e-09 4.91763e-09 -1.23031e-08  -2.86952e-08 4.56047e-08 -6.6285e-08  -8.27698e-09 3.44284e-08 -5.80637e-08  4.61168e-08 -1.55839e-07 -1.73489e-07  5.74062e-07 -5.88425e-07 -8.36694e-07  8.49729e-07 -6.73563e-07 -9.02994e-07  2.29707e-10 4.46588e-10 5.50891e-11  -1.18476e-09 1.7618e-09 -7.231e-11  1.09415e-07 -3.10043e-07 -3.61937e-07  1.18514e-10 -1.73048e-09 1.57379e-10  4.08872e-09 1.11279e-08 -1.98544e-08  1.39675e-09 2.09423e-09 -1.17281e-09  1.50766e-09 -6.70247e-10 -4.59634e-10  1.79651e-10 9.15938e-10 -2.26757e-09  -1.92683e-08 6.021e-08 -8.59426e-08  2.31251e-09 7.14691e-08 -9.51749e-08  1.87498e-09 1.67832e-09 -3.85898e-09  -6.68398e-10 2.69912e-10 -6.44674e-10  9.37423e-09 -1.48691e-08 -2.18435e-08  -1.12988e-06 -2.37695e-07 -9.67099e-07  -8.01891e-08 5.33183e-08 -8.90278e-08  7.12163e-10 -1.07504e-09 -1.86869e-11  8.51025e-10 -1.53308e-09 -5.1098e-10  4.69026e-10 -6.92546e-10 -4.67979e-10  1.12157e-08 -1.98002e-08 -4.73748e-08  5.94106e-10 -1.26412e-09 1.24384e-10  -3.37514e-10 -7.49346e-10 1.46397e-10  -3.51438e-10 1.67999e-10 -7.5184e-12  5.38101e-09 2.41349e-08 -4.39762e-08  -5.706e-10 -9.84461e-10 -3.91089e-10  -1.35145e-11 -3.66735e-11 -4.74004e-10  -1.1725e-09 2.01472e-10 -5.52357e-10  3.50109e-10 9.10495e-10 -2.98577e-10  1.19681e-06 2.38257e-07 -8.96687e-07  9.5355e-07 -2.80139e-07 -9.3038e-07  -5.19012e-10 6.18118e-10 -3.64117e-10  -3.66785e-10 -4.50151e-10 6.40271e-12  -1.52403e-09 7.1637e-11 -2.84371e-10  1.67909e-10 5.53063e-10 -4.20189e-11  9.92259e-07 5.06411e-07 -8.56857e-07  -2.4289e-09 -3.63193e-08 -4.98899e-08  9.90519e-09 -1.00284e-06 -9.07003e-07  9.71778e-10 3.23895e-10 -2.64999e-09  3.88363e-08 3.45901e-09 -6.36967e-08  4.39329e-08 -8.85091e-08 -1.40987e-07  -1.80749e-07 -1.9986e-07 -2.84017e-07  -9.79118e-10 -2.65427e-09 -3.64672e-11  -2.27786e-09 2.31866e-10 -5.48424e-11  9.60177e-10 3.61915e-09 -3.79776e-08  1.46937e-09 -3.8609e-10 -5.09561e-10  5.85968e-09 1.47314e-08 -2.9478e-08  -2.01506e-10 3.35551e-10 -2.44166e-11  5.78895e-10 -6.40333e-10 -1.75941e-10  5.00176e-09 -5.72362e-10 -1.45379e-08  -4.68588e-10 3.06031e-10 -7.20697e-10  4.15594e-09 2.05594e-09 -5.05398e-09  3.63678e-08 -6.59119e-07 -7.00363e-07  -3.15545e-07 2.74415e-07 -5.50473e-07  5.86805e-10 1.28887e-11 -3.39586e-10  6.31317e-08 2.93566e-08 -8.07576e-08  5.64136e-09 6.55317e-08 -7.31211e-08  2.1093e-11 -1.17147e-09 3.88656e-11  -9.83404e-09 1.34651e-09 -2.3366e-08  1.01333e-09 -1.25763e-10 -4.26752e-10  1.3124e-09 1.05664e-09 -1.75635e-09  -3.48464e-10 7.26751e-10 -7.353e-09  -7.30996e-10 -1.32456e-09 -8.59697e-10  2.48704e-09 -2.56976e-10 -5.59592e-09  -2.7429e-09 1.44373e-09 -6.26701e-09  2.12189e-08 1.34337e-07 -2.46875e-07  -7.43627e-10 -2.08767e-10 -5.25316e-10  -1.71714e-09 1.64474e-09 -3.74579e-10  9.45126e-11 7.11218e-10 6.10819e-10  -4.14447e-10 6.43145e-11 4.44733e-10  -1.78239e-10 9.46439e-10 -6.50727e-10  1.64179e-08 3.98282e-09 -2.1057e-08  -4.12406e-11 -1.59629e-09 -6.47633e-09  -1.27058e-09 1.15085e-09 -5.16836e-09  -1.07469e-09 3.97049e-11 3.82508e-11  8.10608e-07 -5.0585e-07 -8.87374e-07  7.89274e-10 2.07532e-10 -4.69435e-10  6.61421e-10 7.26266e-10 -5.39451e-09  3.29354e-10 -8.24928e-10 5.81653e-10  8.09872e-10 -2.24703e-09 -4.41275e-10  1.31379e-09 1.50257e-09 -5.04104e-09  -2.45615e-06 2.15878e-06 -2.74064e-06  7.20135e-10 2.24915e-10 -9.64107e-10  7.28175e-10 5.78135e-10 -2.29717e-10  -6.92583e-08 8.59004e-09 -1.02325e-07  -4.70804e-09 -2.82927e-08 -5.06631e-08  1.20336e-07 -2.98142e-08 -1.48494e-07  1.45177e-09 2.85954e-11 -5.12452e-10  5.31974e-08 -9.77299e-09 -6.33863e-08  -1.15011e-09 2.29511e-10 1.70565e-11  4.97861e-10 4.70445e-12 -1.14935e-11  -2.47098e-10 7.97489e-12 -2.67691e-11  1.49359e-09 2.83297e-10 -1.79947e-10  -2.09039e-10 2.12455e-10 -4.83973e-09  6.02831e-10 -9.09922e-10 1.966e-10  5.14934e-10 5.98773e-10 -9.77133e-12  1.08234e-06 -3.56064e-07 -8.5851e-07  4.15151e-08 -9.20411e-08 -1.11921e-07  4.90712e-10 1.01109e-09 5.31958e-10  -7.80113e-08 -5.33114e-07 -5.16864e-07  5.80212e-09 7.52954e-10 -1.71846e-09  1.63026e-09 -9.82615e-10 -2.79689e-09  -1.06681e-10 -2.44958e-09 -4.89633e-09  1.23447e-09 1.37447e-09 2.31228e-11  1.34018e-06 -1.32816e-07 -9.87515e-07  7.93459e-07 -1.29506e-07 -8.81326e-07  1.1949e-08 -1.17544e-08 -2.92082e-08  5.1173e-06 -1.2844e-06 7.99083e-07  6.60822e-07 -1.15581e-06 -9.45436e-07  -1.2667e-09 1.51121e-09 -2.21533e-09  -6.99342e-08 6.18383e-08 -9.73061e-08  7.05767e-09 1.42199e-10 -1.81192e-08  2.26791e-10 -3.57599e-10 -3.73353e-10  -5.35404e-10 7.57851e-10 -4.44979e-09  -8.2149e-09 -4.93935e-09 -3.46538e-08  3.82478e-09 1.9983e-10 -4.3256e-09  -2.31504e-10 1.03278e-09 1.07772e-10  1.72372e-09 -3.40106e-10 -6.91366e-10  1.13215e-09 1.51101e-09 -3.28159e-10  -9.71331e-10 6.27497e-10 -1.23225e-09  1.52438e-08 -4.12651e-07 -4.5575e-07  2.208e-10 -9.04119e-10 -1.66307e-09  5.67119e-09 -1.37791e-08 -3.59664e-08  2.82518e-07 3.40802e-08 -4.3356e-07  1.18703e-10 -4.31259e-10 -2.16899e-10  -6.02842e-11 6.82978e-11 -2.18395e-09  -9.94178e-09 5.07821e-09 -2.07104e-08  -2.58023e-09 1.72954e-10 -3.16951e-10  1.11168e-09 -2.14379e-09 -2.02988e-08  1.89139e-09 1.2098e-09 -1.65328e-09  
            </DataArray>
            <DataArray type="Float64" Name="Force" NumberOfComponents="3" format="ascii">
               0 0 0  1.19428e-09 5.25707e-10 -9.75969e-11  -2.66633e-07 7.47339e-07 1.48954e-10  -1.21048e-07 2.97168e-07 1.84439e-10  8.98976e-09 3.47461e-08 -1.02788e-09  6.93278e-09 1.44624e-08 2.74728e-10  0.000172625 -0.000649657 -2.46662e-05  -8.66628e-08 8.04857e-07 -1.55613e-09  1.35096e-07 7.02267e-07 8.89003e-09  4.96514e-08 8.40535e-07 3.33313e-09  -9.15448e-09 -2.40084e-08 5.82221e-10  0.000936075 -0.000745868 -2.41537e-05  0.00155929 -0.00013477 -2.44168e-05  4.62889e-05 0.000128959 6.07958e-07  3.68432e-05 6.58783e-05 4.05586e-07  0.000109758 0.00014447 4.37548e-07  1.75251e-08 2.26512e-08 -9.07594e-10  0.000416931 -0.000452867 1.15244e-05  -1.07691e-09 -1.15487e-07 5.39743e-10  -5.19462e-08 -2.51856e-07 6.21755e-10  1.76968e-08 -3.72776e-07 -5.9627e-09  0 0 0  0.00110512 0.000546863 -1.74668e-05  -1.23023e-08 1.82039e-08 -1.96748e-11  4.99162e-10 7.0686e-09 4.27457e-12  1.63332e-08 4.72486e-09 1.87666e-10  -7.77706e-09 1.71704e-09 1.1285e-10  0 0 0  -1.14423e-08 1.2084e-08 3.82281e-10  -5.11201e-09 4.41304e-09 -2.90115e-10  0.00106516 0.00100597 4.75607e-07  0.00104027 0.000752355 -2.22688e-05  6.2803e-08 1.57497e-07 -2.63597e-09  0 0 0  -0.00026873 0.000559158 1.27851e-05  -0.000407469 0.000831414 -5.93811e-06  -4.92363e-09 2.76743e-09 -2.45781e-10  -4.54407e-08 6.52965e-08 1.28308e-10  0.000385577 1.52808e-05 5.54084e-06  0.000232383 3.48642e-05 2.65206e-06  0.00023621 -3.53872e-05 2.38051e-06  -0.000329027 -0.00110106 -2.16833e-05  -0.000170932 -0.00110436 -2.33539e-05  -5.80556e-08 5.41542e-08 5.60927e-10  -2.11374e-07 2.25139e-07 -4.55476e-09  0 0 0  -1.16434e-06 1.61131e-06 3.61922e-08  -2.22128e-06 1.90067e-06 6.84125e-08  -0.000396998 0.00122175 1.31039e-06  0 0 0  0.000329217 0.000536679 1.35552e-05  -0.000781695 -0.000895208 -1.54182e-05  -0.000566249 -0.000995029 -2.11918e-05  0.000506971 0.000446793 -1.28627e-06  0 0 0  0.000939344 0.000755718 -3.16084e-06  0.000285299 0.000587356 -2.39183e-05  0.00125326 0.000599708 -9.44735e-06  -0.00156837 0.000590338 -6.03714e-07  -0.000447268 0.000249127 1.07824e-05  -0.000979989 0.000362879 -4.22753e-06  -2.83778e-09 1.47245e-08 -4.6239e-11  0 0 0  -0.000491102 -0.00114221 -2.16141e-05  0.000568939 -5.15216e-05 -1.88536e-05  0 0 0  5.92365e-07 -1.22646e-07 -1.01125e-08  3.48343e-07 7.72489e-08 5.03318e-10  4.51254e-07 3.25153e-08 -3.93051e-09  0.000406656 0.00042202 -3.01756e-05  -8.92117e-08 -1.22673e-06 2.37765e-08  -1.84009e-07 -6.62543e-06 6.73749e-08  -0.000870974 -0.000994866 4.04667e-07  0 0 0  2.67412e-09 -2.83793e-09 -1.39552e-10  0.00272171 2.60841e-05 -2.00603e-05  -0.000240915 -0.0012603 -3.26589e-06  -4.28974e-09 -3.84539e-07 2.8737e-10  4.94245e-08 -2.55162e-07 1.30121e-10  -4.93853e-07 5.89207e-07 2.35713e-09  -4.52488e-07 3.81656e-07 -3.76054e-10  0 0 0  -3.71519e-08 8.34255e-08 6.08299e-10  -1.89972e-08 8.96689e-08 1.91749e-10  -4.1779e-05 -0.000644241 1.18727e-05  -4.12852e-08 -3.35168e-08 1.60072e-09  -1.97526e-07 -1.98182e-07 3.55178e-10  0 0 0  -2.09652e-08 8.69035e-09 3.13233e-10  2.78583e-09 -3.83416e-08 5.79555e-10  7.87819e-07 -1.86364e-06 8.21652e-09  1.44634e-06 -1.69447e-06 5.74517e-09  -6.26544e-07 -3.25962e-07 3.11544e-10  1.87371e-06 4.50812e-06 6.13727e-08  4.26708e-06 6.92681e-06 1.11429e-07  1.21434e-06 1.74208e-06 3.29204e-08  0 0 0  -2.03698e-06 1.13843e-06 3.37258e-08  -2.7404e-06 1.48925e-06 2.41227e-08  -2.15605e-06 5.26685e-07 2.53124e-08  7.54447e-09 -2.65015e-08 3.49952e-10  1.70263e-08 -1.89298e-09 3.65938e-10  0.000276113 -0.00143687 5.48552e-05  0.000678307 -0.00104448 3.70549e-05  0.000311563 -0.000743987 4.23498e-07  1.2213e-05 5.20573e-06 1.32979e-07  2.14448e-05 4.59025e-06 1.77319e-07  0 0 0  -1.37111e-10 6.08551e-11 -1.81362e-11  0.00128199 -0.000377282 -4.27601e-06  -0.00241591 -0.000879853 -3.52602e-05  0 0 0  0.00137851 -0.000526972 1.24719e-05  0.00148806 -0.000836462 -1.30462e-05  0.000740335 -0.000542424 2.02024e-05  -0.0018589 -0.000267453 -3.65022e-05  -0.000506587 -0.000444677 1.61922e-05  3.17705e-07 1.78076e-07 4.05272e-09  7.75821e-09 6.95968e-08 3.64586e-10  -2.37476e-11 7.83799e-10 -1.04362e-10  1.07862e-08 1.39469e-08 4.74227e-10  2.52685e-09 2.62236e-09 -1.77395e-10  -0.000474712 0.000416783 1.62316e-05  -0.000471598 0.000495638 -1.79187e-05  0 0 0  0.000489275 -0.000215225 3.5505e-06  0.00109471 -0.000679307 -2.5547e-05  -3.51473e-09 -2.27178e-08 6.19905e-10  -0.000337896 0.00104225 -2.11967e-07  -0.000101203 0.000295595 2.07532e-06  -0.000120342 0.000741568 1.78732e-05  9.50663e-07 -1.78215e-06 5.4756e-09  1.44638e-06 -1.5547e-06 4.84742e-09  -0.000103475 0.000122159 1.31728e-06  -0.000163864 0.000227132 2.96157e-06  -8.90542e-05 0.000199609 2.8154e-06  0.000392048 -0.000509072 -2.32261e-05  0.00115279 -0.000564652 7.45704e-07  0.000478646 -0.00111988 -2.27389e-05  0.000194975 -0.000540979 -3.10565e-05  -6.69013e-05 -0.000203005 6.89755e-07  0.000141437 0.000567635 -9.47013e-08  -5.99712e-09 6.28929e-10 -2.51174e-10  0.000232848 -0.0011648 -1.95693e-05  0.000424886 -0.000973402 -1.18068e-05  0.000126622 -0.00130423 -1.54158e-05  7.9257e-09 -1.06703e-08 2.25484e-10  -0.000644323 7.72636e-05 1.28517e-05  -0.00127679 0.000323665 2.41006e-06  -9.38252e-08 -3.18351e-08 3.13595e-10  -1.38881e-08 -6.31668e-09 1.31482e-10  0.000230511 0.000418612 1.08791e-05  0.000181115 0.000376685 7.80248e-06  0.000372348 0.000444246 3.55841e-06  -4.63326e-08 3.21048e-08 -1.00997e-09  8.38674e-09 -5.49214e-08 1.65282e-09  -5.37362e-05 -0.000983716 1.06322e-06  0.000274723 -0.00149187 -3.10657e-05  -4.58982e-07 5.05232e-07 6.46067e-10  9.52952e-08 6.2877e-07 -2.12345e-10  0.00107972 -0.00135882 -5.23114e-05  -2.83353e-07 2.31847e-07 2.53683e-09  -9.33432e-05 -0.00027851 8.46307e-06  0 0 0  0.000631138 0.000185907 -6.41006e-06  -1.17892e-09 -4.6128e-09 -1.98765e-10  -1.44152e-08 -3.84579e-08 -1.26147e-09  -9.62963e-05 0.00065449 -2.45759e-05  7.46594e-08 1.17475e-08 6.03516e-11  2.60575e-08 8.16578e-09 -8.47555e-10  -2.57154e-07 -1.37236e-07 -6.47219e-09  -1.72842e-07 -6.7925e-08 2.51696e-10  -7.56693e-07 -1.60911e-07 -3.83653e-09  2.50144e-08 4.01847e-08 1.36526e-09  3.49999e-05 0.000663909 -2.5013e-05  0 0 0  0 0 0  0.000291744 -0.000461373 8.78106e-06  -3.21805e-05 2.74321e-06 5.9844e-07  -3.49855e-05 -6.10934e-06 -2.02641e-07  -3.77174e-05 2.262e-06 3.01437e-07  4.58869e-05 -6.44363e-05 4.88766e-07  2.24371e-05 -3.63141e-05 4.37237e-07  -0.00189549 8.21403e-05 -5.4543e-05  7.1202e-08 -3.06202e-08 -2.34307e-09  -2.05957e-07 -2.90509e-07 -4.08251e-09  -1.25756e-06 1.43396e-06 2.48949e-09  -1.30844e-06 1.78803e-06 3.75027e-09  -4.01703e-06 -1.79365e-05 2.43499e-07  -9.89152e-06 -1.76278e-05 2.88012e-07  2.44281e-07 -1.41413e-07 3.77924e-10  0.000400128 0.00111016 -1.82493e-05  -1.50513e-07 -2.63128e-08 -1.54179e-11  -0.000538157 0.000234379 2.20074e-06  0.00066763 0.000195598 -5.44436e-06  0.000916588 7.38063e-05 -2.44628e-05  -8.13728e-07 5.09811e-07 7.56717e-10  -2.70398e-07 2.44933e-07 3.84304e-10  7.67958e-08 -3.21727e-09 3.40097e-10  2.3506e-07 -2.30886e-08 -1.89655e-09  7.27446e-07 -9.10527e-07 -3.58904e-10  -7.4616e-08 6.17369e-09 1.72952e-10  -1.37618e-08 3.1992e-09 -2.52526e-10  0.00125269 -0.000376959 -2.41317e-05  4.74057e-09 -4.08195e-09 1.63936e-10  -0.000407297 -0.000837042 4.70132e-06  -0.000381945 -0.00132868 1.47264e-05  -0.000213536 -0.00107273 1.76555e-05  -6.66076e-07 3.40896e-07 1.69738e-10  -3.70561e-07 9.80515e-08 -1.83038e-11  -4.65614e-07 2.13461e-07 4.03915e-10  0.000173715 0.000671148 -2.11584e-05  8.06094e-09 -3.4843e-09 1.3301e-10  8.05472e-09 -4.26209e-09 3.19707e-10  -4.0008e-07 1.06162e-07 -1.53388e-10  -6.29912e-07 -9.93221e-10 -1.20961e-10  -8.55377e-07 1.9572e-07 4.69748e-11  2.05212e-06 -1.22341e-06 3.81473e-09  6.46154e-05 0.000820253 1.24143e-05  -1.39166e-07 -3.83544e-07 5.20571e-09  -1.70545e-07 -2.52493e-07 -6.09979e-10  -4.78686e-08 -8.66478e-08 4.29926e-10  -1.80795e-08 6.97225e-08 -2.06598e-09  -3.71449e-09 9.00571e-09 -5.2732e-11  7.83562e-08 -1.3269e-07 -1.89632e-09  1.58785e-07 -2.95855e-07 2.58923e-09  5.63778e-08 -1.65447e-07 -2.31863e-09  -0.00118365 0.000302305 -4.23229e-05  1.96316e-08 1.08522e-08 -7.06635e-10  -5.46127e-05 6.71661e-05 -1.98845e-07  -5.4782e-05 5.81448e-05 8.33772e-07  -6.36198e-05 5.46764e-05 -1.84159e-07  -4.88734e-07 -5.8203e-07 4.01754e-10  -1.77904e-07 -3.2068e-07 3.1613e-10  -2.94481e-07 -8.0581e-07 6.0988e-10  4.05331e-09 -1.26968e-09 1.10667e-10  -2.93214e-06 -7.55952e-06 1.34555e-07  -2.23757e-10 -4.26993e-09 -1.69646e-10  0.000217092 0.000450321 -2.20188e-05  0.000291855 0.000976274 -2.02948e-05  -3.11249e-08 -8.38107e-09 -1.53968e-11  -2.74865e-08 -2.8374e-08 -1.13473e-09  3.0865e-07 1.92501e-07 -4.16959e-11  0 0 0  -0.000210198 6.92609e-05 7.13523e-07  -6.68984e-08 -3.86178e-08 2.9784e-10  9.06716e-10 6.19855e-10 -1.72062e-11  -5.75694e-08 1.36455e-07 2.6686e-10  -1.10129e-07 5.28653e-08 1.24625e-09  0 0 0  -6.89401e-08 1.95845e-08 -5.26547e-10  -1.32109e-09 -1.13934e-09 -9.65178e-11  -6.94111e-07 -6.77678e-07 1.70865e-09  -5.64477e-07 -4.18612e-07 -7.29523e-10  -6.23182e-07 -4.89506e-07 -3.16862e-10  0.00049195 -0.000423208 -2.98972e-05  1.20315e-08 9.7683e-10 1.22871e-10  -2.28382e-07 -1.56904e-07 2.47563e-09  1.98128e-07 4.07989e-07 6.89194e-09  -8.03778e-05 4.19202e-05 1.79003e-06  -4.2912e-05 9.86842e-06 8.08417e-07  -5.25194e-05 2.88713e-05 5.78842e-08  2.67414e-09 4.3086e-09 -2.06167e-10  4.93469e-07 3.40664e-07 -1.23783e-09  9.19717e-07 3.76148e-07 6.90856e-09  3.01042e-05 -0.000543714 -2.63501e-05  1.45716e-05 -4.41325e-05 3.87125e-07  7.61091e-08 -1.77261e-07 -7.98543e-11  -0.000695349 -0.00141029 -3.25417e-05  -5.41313e-07 -3.80882e-07 -2.13016e-10  -5.50194e-07 -2.97883e-07 1.25223e-10  -3.88232e-09 -4.01577e-09 1.69775e-10  -0.0011231 0.000556268 -1.58498e-05  -0.000550067 0.000382242 -2.71616e-05  4.21896e-07 -1.33719e-07 -4.08298e-09  3.77779e-07 3.27523e-11 -3.52748e-09  -0.00164439 -0.00101911 -3.59089e-05  -0.000454245 -0.000398253 -2.07232e-05  -0.00137406 -0.000917769 -2.03349e-06  0.000460297 -0.000757793 -9.00722e-06  0.000678759 0.000199914 -6.31484e-06  6.83884e-08 -1.69421e-08 4.23954e-10  -0.00107013 0.000165781 2.6919e-07  -0.000942263 0.000658673 4.1364e-05  1.26875e-06 -1.79141e-07 6.78508e-09  -7.01417e-06 -8.86207e-06 1.50791e-07  -8.3037e-06 -6.15977e-06 7.39521e-08  -4.17019e-06 -4.30188e-06 9.91102e-08  0 0 0  0.000202369 0.00126681 -1.54871e-05  -1.12247e-08 3.08247e-07 6.61619e-11  0 0 0  -2.73306e-07 3.40133e-07 3.09416e-10  3.32433e-06 1.72283e-06 7.30519e-08  2.74187e-06 1.59438e-06 6.18521e-08  0.0006165 0.000190189 -1.19457e-05  -0.000352479 -0.000574888 -2.81176e-05  -1.4867e-07 2.27121e-07 4.17087e-10  -4.17036e-08 3.79885e-07 2.71089e-09  3.18516e-05 -0.000575138 1.01068e-05  -0.000350761 4.34572e-05 4.49741e-07  -0.000251645 -3.80939e-05 1.17256e-06  6.19647e-07 3.84795e-07 5.65461e-10  3.42799e-07 3.4282e-07 2.58837e-10  5.47872e-07 3.46121e-07 5.14185e-10  1.09443e-06 -7.56169e-07 1.60334e-08  2.56123e-06 -2.30884e-06 5.17248e-08  1.6485e-06 -1.36837e-06 3.24753e-08  -0.000771886 0.00109975 -1.23367e-05  -9.78369e-11 7.34472e-11 -3.31534e-11  0 0 0  1.23758e-07 -4.79565e-07 7.1149e-09  4.65034e-08 5.09414e-08 3.11601e-10  1.56907e-08 9.72316e-09 1.64104e-10  -8.30712e-08 -4.85405e-08 1.43888e-10  -3.64033e-07 -1.40707e-07 2.16534e-10  0.000259004 0.000540098 2.893e-06  4.59263e-07 1.69059e-06 1.30602e-09  -5.26233e-07 -2.09478e-07 -6.96266e-10  -7.98717e-07 -2.34456e-07 4.50172e-10  7.50678e-08 7.89899e-08 -1.31461e-09  9.07919e-08 7.79257e-08 -3.52969e-09  1.7191e-07 2.35403e-07 -3.1748e-09  2.03287e-07 -4.1645e-07 -4.46936e-09  3.92873e-07 -6.29267e-07 1.08787e-08  9.83461e-09 5.90211e-09 -1.8664e-11  4.81675e-07 -3.67567e-06 6.60611e-08  6.00307e-07 3.23552e-06 2.21925e-08  -0.000735644 0.000629251 1.40742e-06  -0.000428977 0.00112573 -2.3955e-05  0.000130882 -5.98411e-05 1.10041e-06  0.00033112 -7.2333e-05 5.10136e-06  7.16745e-08 6.23878e-07 -1.66811e-09  6.5785e-08 6.7705e-07 -4.21743e-09  1.78508e-06 -6.02084e-08 3.48529e-08  5.46052e-09 4.7207e-09 1.86244e-10  0.000584951 -0.00102836 -8.43879e-06  0 0 0  -3.66971e-07 -1.42827e-06 3.50181e-08  -2.56446e-06 -4.5437e-06 7.67704e-08  -1.16577e-06 -3.91632e-06 8.94106e-08  -1.20724e-07 4.22331e-07 -4.39066e-09  -8.62217e-05 0.000835467 -1.08859e-07  -0.000142524 0.000546736 1.30092e-05  6.48067e-08 -7.27584e-08 1.00383e-09  1.37619e-06 8.72493e-07 1.86203e-09  1.63017e-06 8.45668e-07 2.04656e-09  -0.000551711 0.00103123 -2.69373e-05  -0.00045296 0.000252895 -2.8535e-05  -0.000448777 0.000394159 -3.82895e-05  -4.28172e-08 -3.80349e-09 -4.92891e-10  5.86535e-08 -4.08576e-08 2.08786e-09  2.51889e-07 -6.90718e-07 -1.07697e-08  2.08828e-07 -7.80615e-07 1.14263e-08  -1.3429e-06 -6.41251e-07 2.49173e-09  -8.71564e-07 -6.29596e-07 2.30866e-09  8.78754e-08 1.44873e-07 3.4604e-10  3.02091e-08 9.05913e-08 2.36457e-10  3.15308e-09 6.80949e-09 1.09639e-10  -2.7819e-07 -4.39644e-07 6.79918e-11  -1.90269e-07 -2.73533e-07 8.62209e-11  -4.13754e-07 -3.81077e-07 -3.061e-12  1.37416e-06 -4.51339e-07 3.49246e-09  2.46239e-06 -4.00097e-08 8.03367e-09  -5.19563e-08 2.83967e-08 2.10437e-09  -1.4501e-07 1.06236e-07 -5.55632e-10  -7.96251e-08 4.26491e-08 -3.09233e-09  0 0 0  -0.000158593 0.000589248 -3.53704e-05  2.339e-08 1.62755e-08 8.32454e-10  -1.21431e-06 8.85875e-07 6.00588e-09  -1.96248e-06 2.54533e-06 1.43188e-08  -1.21929e-06 1.90882e-06 6.50855e-09  0 0 0  0.000327668 0.000531846 -3.18776e-05  8.85973e-09 -1.80792e-08 5.56932e-10  -4.2014e-07 -6.27503e-07 -1.48264e-10  -2.31664e-08 -1.53574e-06 3.74867e-09  3.50183e-07 -1.62027e-06 5.27186e-09  5.09625e-07 -2.48904e-06 5.5488e-09  -0.000191191 0.00118714 -1.67201e-05  0.000409177 -0.000377666 2.03612e-05  0.000115184 -9.61869e-05 3.10704e-06  0.000190618 -0.000237801 1.80982e-06  0 0 0  -2.18028e-05 -2.06364e-05 4.44531e-07  -1.43651e-05 -8.33833e-06 -1.23305e-07  -9.69962e-09 -6.44664e-10 2.97074e-10  -3.23052e-07 -1.54718e-06 1.24388e-09  2.08287e-07 -1.45247e-06 1.07091e-09  -1.51924e-07 -1.3333e-06 8.2136e-10  -7.49454e-07 -2.7773e-07 4.59768e-10  -1.84971e-06 -5.91038e-07 1.54615e-09  -1.71272e-06 -2.97997e-07 1.53112e-09  1.42788e-07 -1.84749e-07 -6.652e-10  8.77379e-07 -4.50225e-07 4.09668e-10  3.59502e-07 -1.31736e-07 1.96495e-10  -8.43455e-07 6.50639e-07 -8.90453e-11  -3.74065e-05 -0.000570002 -3.04803e-05  2.41332e-07 -5.14225e-07 -5.33467e-09  -0.000637184 0.00101237 3.18626e-05  -0.00031545 0.000268265 6.1057e-06  -2.86978e-07 1.17515e-06 9.11523e-10  -2.29482e-07 4.73853e-07 4.31021e-10  2.35469e-05 -1.63395e-05 2.31141e-07  2.60405e-05 -2.78923e-05 3.87053e-07  -0.000905045 0.000626733 -1.86538e-05  1.32861e-07 -1.35637e-06 2.8481e-08  1.50712e-07 -1.41704e-07 6.91506e-10  -6.03015e-09 1.19833e-07 -7.24087e-10  -0.00104693 -0.000394556 -2.09167e-06  -0.00219784 -0.000283953 -1.34339e-05  1.89944e-06 2.07247e-06 2.2455e-08  1.31822e-06 2.5666e-06 2.93906e-08  1.3047e-06 1.87666e-06 3.40329e-08  0 0 0  1.86366e-07 2.9014e-07 -7.57175e-10  -3.14677e-07 -8.35203e-08 1.63729e-10  -4.55132e-07 -2.38135e-07 1.1298e-10  -5.16202e-07 -7.61433e-08 1.62479e-10  -9.43956e-07 1.62945e-08 1.74145e-10  -1.77856e-07 -2.39997e-07 2.77603e-10  8.16967e-07 7.27608e-07 7.17816e-09  9.76331e-07 9.58281e-07 -5.56771e-09  6.70551e-07 1.04365e-06 -2.08886e-11  4.40491e-07 -1.86191e-06 1.84422e-08  5.29528e-07 -1.41866e-06 3.25477e-08  -3.07902e-05 0.000635716 -3.91184e-05  2.22246e-07 -1.71849e-07 1.38541e-10  3.02955e-07 -3.43344e-07 4.68121e-09  -2.89631e-06 1.12365e-06 1.27158e-08  -1.43226e-06 2.35182e-07 9.56431e-09  0.000229177 0.000272558 1.09302e-05  -6.19024e-07 5.58175e-07 6.16049e-10  -8.00318e-07 1.29563e-06 1.27484e-09  8.70199e-08 -6.06074e-08 -3.16357e-09  0 0 0  -0.000469131 -0.000493249 1.47488e-05  -0.000310101 -0.000373113 1.2616e-05  -3.28903e-05 0.000689333 1.53941e-05  -4.45868e-07 -1.76324e-08 2.46104e-10  0 0 0  -6.76677e-07 1.49028e-06 1.3587e-09  -0.000329134 0.000413994 -3.95179e-05  1.09451e-06 -8.75353e-07 9.10624e-10  -7.49147e-08 -4.99335e-07 -6.44897e-11  -1.17955e-07 -6.31293e-07 -3.31958e-10  -3.91683e-07 4.78628e-07 7.18586e-10  -4.00455e-07 8.24471e-07 -1.33978e-09  7.16332e-07 2.46609e-07 4.28932e-10  2.16538e-06 -5.69348e-07 6.64629e-08  -0.000695641 -0.00110745 -6.19524e-06  0.000241989 0.000412696 5.73551e-06  4.27768e-08 -1.8363e-08 1.3634e-09  -1.03533e-06 -9.45827e-07 9.36863e-09  -1.6917e-06 -1.46482e-06 7.2432e-09  -7.57423e-05 -0.000133825 1.34656e-06  -0.000222809 -0.000248246 1.93818e-06  7.21258e-08 -5.10522e-07 -5.54066e-09  -1.0384e-06 -2.01674e-07 1.42261e-08  -6.29479e-07 -4.85571e-08 1.01779e-08  -8.14013e-07 -2.84778e-07 2.35529e-08  -0.00181186 6.76727e-05 1.78978e-06  4.56733e-07 1.11696e-06 8.94974e-10  3.30418e-07 1.09049e-06 6.38604e-10  7.43658e-08 1.19427e-06 1.10288e-09  -1.59868e-07 2.884e-07 3.04229e-09  7.8763e-07 8.04461e-08 1.20314e-08  8.14837e-07 -1.24153e-07 1.62978e-10  3.10221e-07 -8.43632e-08 2.86764e-09  -0.000268696 0.000113656 6.1473e-06  5.65027e-06 1.18199e-06 8.26273e-08  4.54238e-06 -3.14572e-06 5.49026e-08  2.21635e-06 -2.20557e-06 3.95421e-08  0 0 0  1.99597e-07 8.54265e-09 3.34634e-10  -2.76936e-07 -2.57993e-07 1.73759e-10  5.21091e-07 7.04231e-07 2.99649e-09  1.9113e-07 5.53664e-07 -5.61709e-09  9.3795e-06 -9.27382e-06 1.22297e-07  0.000204834 0.000644124 -2.24155e-07  4.18436e-07 -1.27632e-05 1.40093e-07  -7.04583e-07 -4.38781e-06 4.75709e-08  -8.41057e-08 1.18164e-07 1.11751e-10  3.65915e-07 6.37861e-07 6.63528e-10  8.05882e-07 1.0478e-06 1.00025e-09  1.12342e-06 1.03203e-06 1.23395e-09  4.527e-07 1.57423e-07 -4.76363e-09  2.52141e-07 -1.5703e-07 1.64117e-10  1.49911e-05 2.71828e-05 2.42425e-07  -9.46784e-09 -1.50217e-08 5.08526e-10  3.66674e-07 -6.96897e-07 -3.30018e-09  5.124e-07 -5.23018e-07 7.72655e-09  2.99049e-07 -3.98857e-07 -1.45553e-09  -5.91351e-08 -1.80493e-06 1.6975e-08  -2.75432e-07 -5.38988e-08 1.50732e-09  -3.84637e-07 -1.07082e-07 -1.40564e-09  -1.29985e-06 -1.59294e-06 8.14463e-09  -6.55412e-07 -1.89212e-06 9.31e-09  -6.94004e-07 -1.1696e-06 8.40456e-09  -3.36131e-07 3.39723e-07 4.62996e-09  0.000131315 0.000169565 9.00335e-07  1.14625e-06 3.25664e-06 4.87056e-08  -2.73012e-08 7.37001e-09 7.12477e-10  -3.85505e-08 1.66502e-08 -1.01167e-09  1.80157e-08 1.54979e-08 -7.50561e-10  -5.94128e-07 -3.09245e-07 2.61973e-10  -1.0418e-06 -1.76896e-07 2.24585e-09  -1.88946e-06 -6.05383e-07 3.81928e-09  0 0 0  3.44266e-08 -2.1892e-07 -2.66994e-11  8.83139e-09 -6.12013e-08 2.57905e-10  -9.9073e-09 -9.78802e-10 -1.29247e-10  -9.98219e-09 6.97823e-10 -8.40497e-11  0.000663024 0.000365253 7.74799e-06  1.07141e-06 1.7034e-06 2.53476e-09  1.75568e-05 1.98977e-05 1.69285e-07  5.5299e-05 4.41802e-05 5.25614e-07  3.70384e-07 4.06271e-07 3.81134e-10  1.74885e-07 3.08476e-07 2.56952e-10  -6.48817e-06 -1.84711e-06 -1.83156e-08  -1.31266e-05 -1.17177e-06 1.99053e-07  1.18765e-07 9.35105e-08 7.054e-10  7.35778e-07 -1.95689e-07 5.2328e-10  -0.000346713 3.29523e-05 7.10486e-06  -0.000855861 0.000346467 1.85603e-05  -1.84426e-06 1.63389e-06 8.37093e-09  0.000333612 0.000229483 2.89371e-06  -6.91711e-07 -6.62113e-07 2.23534e-10  -2.93626e-05 -2.81415e-05 4.88883e-07  0.0012649 0.000263926 -4.07248e-06  0.00135201 -6.59919e-05 5.79551e-06  1.28295e-06 4.93015e-07 8.8799e-10  1.22455e-06 5.2644e-08 9.37801e-10  6.84406e-07 1.81963e-07 5.20077e-10  5.32121e-08 8.43557e-07 4.53527e-10  -4.61908e-05 9.18851e-05 4.06565e-07  1.25224e-07 3.10982e-07 -5.68029e-11  2.37746e-07 4.07238e-07 1.64442e-10  -1.86643e-05 -2.65491e-05 1.51584e-07  2.80099e-07 -7.59612e-06 1.0172e-07  6.30226e-06 0.00103314 -4.22506e-06  -7.11347e-06 2.87797e-06 1.35357e-07  -7.19597e-06 4.63309e-06 1.19789e-07  1.62153e-07 2.35218e-08 7.47788e-10  -2.42796e-07 3.09628e-08 2.31343e-10  -0.00039785 0.00041214 -9.25276e-06  -0.000940322 0.00122754 -2.32847e-05  7.34247e-05 7.97407e-05 6.68708e-07  -3.41117e-07 4.77676e-07 2.57869e-10  -2.40143e-07 6.05561e-07 -1.36009e-09  -1.15776e-07 6.03751e-07 6.50228e-09  -3.5845e-08 2.15767e-07 1.12525e-10  -3.58659e-09 3.01624e-08 9.22765e-11  3.13783e-08 2.09921e-07 1.42416e-10  -4.19895e-07 6.79052e-07 3.38872e-10  -3.91548e-07 1.44345e-06 1.27326e-09  0.000140859 0.000110787 7.21467e-07  0.000742989 7.03043e-05 -1.11069e-05  -8.80262e-06 0.000259067 5.4799e-06  1.36493e-08 1.42648e-08 -2.1866e-10  1.27611e-06 2.59453e-07 1.44043e-09  2.22754e-08 8.19975e-08 7.18727e-11  1.35026e-08 -7.50942e-09 -4.88214e-10  1.1319e-09 -6.43946e-10 3.34995e-11  2.09275e-05 -1.48142e-08 2.4826e-07  7.67561e-07 2.64229e-07 5.58025e-10  3.05921e-07 9.50065e-08 2.94859e-10  5.15486e-07 2.42171e-08 3.52078e-10  9.10262e-07 -4.20821e-07 6.13601e-10  1.29783e-06 -2.8473e-07 1.20052e-09  9.94337e-08 -1.97673e-08 4.5171e-10  -5.03228e-08 4.25427e-09 2.39102e-10  -6.87491e-08 2.12643e-08 2.69899e-10  -5.91482e-07 2.26884e-06 1.47994e-08  -1.51261e-07 1.69334e-06 8.92624e-09  -2.75218e-08 -5.8476e-07 5.15555e-10  4.84455e-05 -0.000336926 1.09983e-06  4.6835e-05 -0.000309758 6.72221e-06  9.25358e-05 -0.000245378 1.73591e-06  0.000258902 0.000652846 8.15483e-06  9.59191e-07 7.99916e-07 1.12914e-09  -0.000951118 0.00117178 1.20438e-05  -0.000119189 -9.41754e-05 1.67837e-06  -0.000575485 -0.000453964 1.34183e-05  1.58218e-07 -1.69519e-07 -1.65945e-10  -1.55319e-07 3.23912e-06 2.73917e-08  -1.83543e-06 -9.76541e-07 7.71614e-09  0.000248467 0.000368994 2.22933e-06  0 0 0  -1.21912e-06 8.16654e-07 1.05678e-09  -5.15958e-07 -7.63262e-07 9.69777e-10  -2.71619e-05 -7.39272e-05 6.02423e-07  -4.77482e-05 -0.000110758 -4.62716e-07  -2.62444e-07 2.92888e-06 3.81782e-09  -7.01478e-07 1.6764e-06 2.0721e-09  -2.41729e-07 1.90836e-06 1.91816e-09  0 0 0  0.000211887 7.04964e-05 5.89402e-07  2.35521e-07 6.01308e-08 5.08923e-10  -9.32177e-07 -9.63798e-07 1.50364e-09  -7.37634e-07 -9.67144e-07 9.42025e-10  2.2193e-06 -7.56971e-07 3.26698e-09  1.9267e-06 -3.36841e-07 3.22292e-09  5.70569e-07 1.37712e-07 5.58532e-09  1.08658e-06 1.71753e-06 8.61704e-09  0.000609367 0.000221754 1.29469e-05  0.000975551 0.000175155 1.59336e-05  -1.35231e-05 7.846e-06 2.30784e-07  -8.96097e-06 9.8107e-06 1.63429e-07  -1.95034e-05 1.74932e-05 1.96953e-07  -8.27014e-07 1.98205e-06 4.01685e-09  5.54581e-06 -0.000204512 2.87342e-06  -1.57747e-09 -2.00937e-09 -1.0378e-10  -1.09418e-06 -1.00347e-06 2.20896e-09  -1.2116e-06 2.76892e-06 2.68697e-08  5.90426e-07 1.20173e-07 3.76852e-10  1.19255e-06 -2.95255e-08 7.76135e-10  1.60059e-05 1.85095e-05 2.25367e-07  -7.2793e-06 1.34804e-08 7.21593e-08  3.86188e-05 0.000603188 1.35521e-06  -3.72629e-07 -4.87198e-07 2.86886e-10  -6.73896e-07 -5.3382e-07 3.79227e-10  1.98114e-07 -1.10136e-07 -4.73623e-10  -0.00109897 -0.00115196 -2.90961e-05  1.2623e-06 7.73564e-07 5.29108e-09  1.951e-06 6.14508e-07 7.75185e-09  -0.00028251 0.000156445 -1.80638e-06  -1.85363e-06 1.01497e-06 4.91113e-09  1.42914e-05 -2.59685e-05 2.70334e-07  6.18776e-05 -0.000168162 8.81752e-07  -7.28031e-07 2.03922e-06 9.38397e-09  -6.15408e-07 3.83816e-07 -1.11359e-09  -4.2563e-07 4.36457e-07 8.79e-10  -7.83346e-05 0.000150327 2.01529e-07  -2.64305e-06 -6.05437e-06 1.26575e-07  -7.42692e-08 8.83848e-07 8.12974e-10  -1.12441e-07 -3.38496e-07 8.53638e-11  -2.4512e-07 -5.90259e-07 2.61132e-10  -1.26341e-06 1.29368e-07 9.47629e-10  7.47716e-06 -4.70406e-06 8.35507e-08  1.21662e-05 -4.4179e-06 1.33912e-07  3.48149e-05 -1.27561e-05 3.63984e-07  2.80794e-07 8.56463e-08 3.00916e-09  -3.66499e-07 -7.14831e-07 3.60717e-10  -1.27098e-07 -5.70761e-07 2.43166e-10  -1.19733e-07 -4.62969e-07 4.84542e-09  8.85444e-07 1.39842e-06 1.54991e-09  7.10447e-07 1.7393e-06 2.01869e-09  -0.000557392 -8.58188e-05 1.39284e-05  -0.000144537 -2.09185e-05 1.1409e-06  -3.20545e-05 -0.00010296 3.55166e-06  -2.59445e-05 7.91053e-06 3.57662e-07  -8.04453e-07 -1.01603e-07 4.45283e-11  -0.000125683 7.74386e-05 -6.98746e-07  -4.42386e-07 1.07373e-08 -8.98182e-11  1.32752e-06 -3.53387e-07 1.48115e-08  7.94476e-07 -1.11699e-06 1.22702e-09  6.55601e-07 -1.53039e-06 1.75528e-09  0.00038478 0.000295591 1.43999e-05  0.000606624 0.000504373 -6.75945e-07  0.00155262 0.000744069 -1.57184e-05  -5.04961e-09 -3.71766e-08 1.41732e-10  -0.000162005 -0.000182232 3.89553e-06  4.25095e-05 0.000320612 1.08262e-06  9.42955e-07 8.35828e-08 -5.383e-09  3.60459e-07 -1.74644e-08 6.21501e-10  5.92042e-07 -1.00468e-07 6.49933e-09  0.000429569 0.000561533 -2.49537e-05  -0.000148169 -0.000183681 1.21539e-06  -0.000185048 -0.000127802 -2.39427e-06  -2.72054e-07 6.69807e-07 -6.34557e-10  -2.11904e-07 6.25575e-07 -1.50677e-09  6.13449e-08 -9.28156e-07 -4.83826e-10  2.33084e-07 -5.00626e-07 -1.84865e-09  2.98406e-06 2.41144e-06 6.02388e-08  4.16589e-06 3.59097e-06 9.859e-08  1.58983e-06 1.25103e-06 1.89035e-08  3.15277e-06 1.74681e-06 2.43564e-08  -8.60203e-05 0.000380345 1.338e-06  -3.37302e-05 0.000469374 6.27267e-06  -7.0197e-07 1.28613e-05 9.57065e-08  -1.10906e-06 1.03654e-05 1.18185e-07  -9.56248e-05 2.50593e-05 -3.05089e-07  7.05275e-05 0.000456325 1.65878e-05  -7.11698e-07 9.95645e-05 8.56603e-07  -2.46167e-05 9.92739e-05 3.14844e-07  0.000211603 0.00124591 1.46864e-05  8.41375e-07 -6.2713e-07 4.87803e-10  -1.07636e-06 3.12451e-07 8.30248e-09  1.25089e-06 -8.67443e-07 6.49686e-09  1.6531e-06 -1.99996e-06 1.02632e-08  1.8371e-06 -1.16189e-06 4.32898e-09  5.26149e-09 -7.18647e-07 6.17161e-10  0.00016797 -0.000198045 4.69579e-06  8.91217e-05 -8.73518e-05 1.07595e-06  7.26425e-05 -0.000101053 9.66157e-07  -6.83066e-06 -2.04127e-06 1.18065e-07  -6.19806e-08 -5.42063e-09 -5.54049e-11  1.29039e-07 3.83066e-07 1.0781e-09  -2.37797e-05 -0.000865918 1.38053e-05  0.000107488 -0.000445638 -4.23232e-06  1.67072e-07 9.71129e-08 2.71573e-10  5.08044e-07 -7.04944e-08 3.24971e-10  -2.02139e-07 -1.10187e-09 -3.14348e-12  -1.40624e-07 1.24929e-08 -3.08086e-10  -2.42268e-05 1.13317e-05 2.29149e-07  0.000153371 -0.000106176 2.05001e-06  5.81149e-07 -2.55043e-07 9.95788e-09  -8.15495e-08 -4.93331e-07 2.45686e-10  -0.000272712 1.20015e-05 5.41976e-06  -0.000130308 -1.99091e-05 2.18757e-06  2.9379e-07 4.67869e-07 -5.22533e-09  -6.78671e-08 5.99115e-09 3.04548e-10  4.54333e-07 2.24236e-06 9.1316e-09  -5.73556e-05 -3.55997e-05 5.81854e-07  -2.41293e-05 -9.10172e-06 6.75581e-07  1.38706e-06 4.56966e-07 2.64007e-09  -6.77328e-07 -1.36747e-06 1.36229e-09  -6.66009e-07 -7.66809e-07 7.01593e-10  5.41449e-07 -6.66146e-07 3.4974e-09  9.30864e-08 3.99997e-08 -8.4544e-10  2.41833e-07 -1.18086e-07 -2.50839e-09  4.7093e-07 4.92396e-07 1.00286e-08  4.17841e-07 4.11006e-07 -5.76583e-09  -2.14287e-07 -6.19489e-07 5.74851e-10  -1.69928e-06 -1.08883e-06 5.8082e-08  -2.09986e-06 -7.6715e-07 5.71947e-08  -1.24199e-06 -4.4597e-07 3.21453e-08  -5.02373e-05 -0.000270047 1.51833e-06  -5.90545e-06 8.9406e-06 1.0345e-07  1.34276e-07 -5.75812e-08 4.35771e-09  -3.48304e-07 1.16249e-07 1.30391e-10  -8.12577e-08 5.161e-08 1.18088e-10  1.24166e-05 4.68729e-05 4.16028e-07  6.97764e-07 1.51186e-06 1.04805e-08  1.57574e-06 4.16554e-07 1.74088e-08  1.74299e-06 8.63822e-08 2.38291e-08  0.000121558 -0.000143618 1.05775e-06  -2.80415e-07 -1.95606e-07 1.65603e-10  -2.44495e-05 3.44036e-05 4.64637e-07  -1.52739e-05 3.62597e-05 3.53872e-07  1.17416e-06 3.69391e-08 1.04181e-09  6.7693e-07 -3.96767e-07 1.1402e-09  -0.000203093 0.000169305 -2.70275e-06  -4.39944e-05 -1.5759e-05 7.6411e-07  -0.000104589 -9.42997e-06 7.60581e-07  2.88918e-05 -5.98897e-06 2.54531e-07  4.78841e-07 -1.38886e-06 4.55514e-08  1.44945e-06 -2.15195e-06 5.01762e-08  3.27541e-07 2.79281e-07 -1.5226e-09  -1.07316e-06 3.12258e-07 2.39406e-09  -1.63291e-06 7.09467e-08 4.04404e-09  0.000249492 -0.000125119 5.38486e-06  -2.49298e-07 6.88045e-08 -9.87388e-10  -1.15712e-07 -6.41786e-07 9.81266e-09  -1.59689e-06 1.64026e-07 3.30254e-09  8.57534e-06 7.08765e-06 1.16473e-07  1.0593e-06 -3.29257e-07 2.46526e-10  6.54038e-07 -4.52947e-07 -1.13174e-08  4.96767e-07 -2.13596e-07 6.28964e-09  1.773e-06 9.14323e-07 5.95903e-09  1.54228e-06 3.16553e-07 3.5075e-09  -8.55611e-07 4.95399e-07 1.0316e-09  2.27833e-07 -7.75099e-07 -2.83552e-10  1.27352e-07 -7.94512e-07 1.02594e-10  -4.70311e-07 -1.85269e-07 6.3759e-11  -4.59547e-07 4.75873e-06 1.0409e-07  -9.15651e-08 -3.68534e-08 2.04196e-11  -4.9786e-07 -2.80687e-07 -2.80181e-10  0.000102789 5.94178e-05 6.74663e-07  -0.00185297 -0.000586546 2.3058e-05  7.51219e-08 2.35724e-08 2.38031e-09  6.72412e-08 3.73124e-08 2.30123e-09  -0.000255131 -0.000177112 6.71083e-06  -0.000242936 -8.95324e-05 8.18683e-07  -4.68855e-07 -1.25702e-09 2.58146e-11  -5.74657e-07 1.15873e-07 9.41963e-11  -1.19088e-06 -1.92488e-06 1.96835e-08  -1.04586e-06 -9.65889e-07 1.3837e-08  0.00011941 0.000276098 8.5706e-07  1.31969e-08 -6.39587e-07 -5.40726e-10  0.000110323 0.000416652 1.06124e-05  -8.45586e-08 -1.14142e-06 2.22402e-08  -8.16167e-08 -2.43586e-11 2.845e-10  4.65227e-07 -8.22873e-08 -5.641e-10  -1.51728e-06 -4.06631e-07 4.80063e-09  3.11522e-06 1.09604e-07 4.66484e-08  -2.68529e-07 3.85983e-07 3.80219e-10  -0.000408267 -0.000213447 1.26964e-05  -4.93038e-08 3.46972e-07 -1.02542e-10  -9.95141e-07 2.89958e-07 8.69108e-10  -9.81324e-07 3.8535e-07 5.10085e-10  -0.000393249 -0.000169155 9.67546e-06  2.31533e-06 1.94183e-06 5.2909e-09  -3.0143e-08 -2.18556e-08 3.82419e-10  8.75621e-07 -4.35613e-07 5.37357e-09  -2.93215e-07 2.4316e-07 5.38818e-11  -1.54697e-07 1.3789e-07 1.22257e-10  -1.05565e-07 -2.62503e-07 5.2465e-11  4.29913e-08 -3.694e-08 -1.69599e-09  -1.39767e-06 4.06001e-07 2.68364e-09  8.18793e-07 4.52498e-07 -4.69901e-09  -5.49666e-07 3.0435e-07 2.31126e-10  1.12691e-06 0.000213243 4.54218e-07  2.628e-05 0.000108149 4.30067e-07  -4.81925e-06 1.34205e-05 1.48972e-07  -5.8994e-06 2.0882e-05 2.51404e-07  -0.000162417 0.00027255 2.84521e-06  0 0 0  0.000532283 0.000194337 1.00858e-05  4.40588e-07 3.36075e-06 6.09831e-08  2.30128e-07 5.79645e-06 8.35516e-08  1.05026e-06 -9.2755e-07 1.03354e-08  -4.24577e-08 -7.45269e-07 -6.27115e-09  -5.53864e-07 1.1955e-06 4.49731e-09  8.00483e-10 3.00613e-07 -4.78302e-10  -2.76211e-08 3.10784e-08 2.58235e-10  -5.88898e-09 6.26669e-09 1.05901e-10  -2.76728e-06 9.27404e-07 4.10566e-08  -2.13901e-06 4.02184e-06 9.08282e-08  5.25491e-05 -2.88788e-05 4.37039e-07  2.59656e-07 -7.91512e-07 5.00789e-10  1.10639e-06 -5.18804e-07 2.53927e-08  -7.39215e-06 -5.01101e-05 3.68206e-07  -8.10367e-07 3.42865e-06 9.59015e-08  2.39308e-06 7.60287e-06 1.10424e-07  7.6878e-06 -7.64771e-07 1.50519e-07  -5.55177e-07 -1.84898e-06 5.65079e-09  -3.83335e-07 6.51807e-07 1.44524e-09  1.16283e-06 -9.16006e-07 1.67589e-08  -3.22727e-07 1.6634e-07 1.88845e-11  -1.40482e-06 1.43541e-07 1.44509e-08  4.67216e-07 -4.70319e-07 -5.14915e-10  -3.19208e-07 -4.16079e-10 1.76682e-10  0.000358397 0.000472522 5.16923e-06  4.68623e-07 1.79382e-07 -2.46882e-09  -7.32634e-07 -1.84372e-06 3.0473e-09  1.3015e-07 4.90232e-07 -4.21842e-09  -8.77835e-07 -4.18178e-07 6.13598e-09  -9.91222e-07 -8.06856e-07 9.62006e-09  3.88849e-07 -3.08654e-07 -3.66375e-09  1.8459e-06 -2.36497e-07 1.7251e-08  1.63054e-06 -6.72743e-07 1.43499e-08  2.98495e-06 2.0353e-05 2.16175e-07  4.15295e-07 -5.13759e-07 3.97908e-10  5.8673e-07 -8.97261e-07 6.76388e-10  -5.56357e-07 -8.22763e-07 1.35787e-09  -2.91035e-06 5.38598e-06 1.04685e-07  1.92322e-06 5.51822e-05 3.79517e-07  -6.57055e-07 -1.75098e-07 6.288e-10  -2.68713e-08 -5.27625e-07 -8.43056e-10  1.20193e-07 -6.49773e-07 3.11431e-09  -1.80174e-08 -1.03503e-06 -7.88322e-09  0.000628922 0.000859586 1.98749e-06  0.000686598 0.00081923 -1.74626e-05  -4.97479e-07 2.61487e-07 1.29102e-10  -3.85843e-07 -4.32398e-07 3.44099e-10  -6.27922e-07 1.44123e-07 4.16405e-10  2.3226e-08 8.49191e-07 5.8675e-10  2.54341e-09 -2.65268e-07 3.81481e-10  6.22123e-07 6.2042e-08 -9.63159e-09  7.66724e-07 7.87074e-08 -1.05224e-08  6.16149e-07 3.41734e-07 1.09808e-08  -1.2282e-07 -1.63142e-06 6.18612e-09  1.04589e-07 6.77598e-07 8.88116e-09  -8.84764e-08 6.28843e-07 -3.83742e-09  -7.16374e-07 -2.49057e-08 1.74579e-09  -5.60554e-07 -4.30585e-08 2.184e-10  -7.76854e-07 1.69083e-07 -4.30379e-11  4.09851e-07 2.39983e-06 7.04105e-09  1.2982e-06 2.36902e-06 6.04066e-09  -3.5976e-06 1.04898e-06 5.77961e-08  -4.27315e-07 -2.05548e-06 9.87714e-09  1.56497e-07 1.95212e-07 7.28097e-10  -2.102e-07 -1.71854e-06 1.84747e-09  -2.32891e-07 -1.95965e-06 3.02859e-09  -5.2971e-07 -1.04222e-06 -7.35921e-09  -5.58746e-07 -6.73187e-07 -2.48579e-09  1.11516e-07 3.51507e-07 -9.75583e-11  -2.65597e-08 5.33922e-07 4.40479e-10  1.28494e-05 -1.12352e-06 1.47172e-07  -1.19245e-06 -7.79518e-07 2.18521e-08  -3.7814e-07 5.66186e-07 -7.00676e-09  -1.88028e-06 -7.35335e-07 4.11289e-08  -2.38404e-06 -1.55689e-06 5.09577e-08  8.35718e-07 -9.27495e-07 9.91403e-10  7.19399e-07 -2.84532e-07 -1.23105e-10  -4.65991e-07 -1.48417e-06 1.46573e-08  -6.63278e-07 -1.27893e-06 1.14249e-08  -0.000172143 2.80514e-06 2.4222e-06  -6.28537e-07 4.03217e-07 6.49546e-10  -1.90059e-07 -1.73234e-07 2.77035e-11  1.76028e-07 -9.56187e-08 -4.13292e-10  6.31031e-08 -1.106e-06 7.47402e-10  -4.13638e-07 4.19741e-07 2.98434e-10  2.59354e-05 5.85947e-05 4.84941e-07  1.29127e-06 -3.71016e-08 1.39821e-09  -1.47034e-05 3.63392e-06 2.05965e-07  8.97343e-07 1.73376e-06 7.32042e-09  2.40738e-06 2.97302e-07 1.36999e-08  -0.000210157 5.86087e-05 5.69013e-07  2.42568e-06 5.20096e-07 4.92782e-08  -8.13827e-08 4.90299e-07 1.08676e-09  2.75737e-07 -1.11604e-06 4.90403e-09  -3.02742e-07 4.37337e-07 7.96578e-09  -6.68195e-07 1.4541e-07 4.36493e-10  1.65716e-06 3.63919e-07 1.75208e-09  0.000614772 -0.000101179 1.79535e-05  -2.73524e-06 1.20036e-07 3.96428e-08  1.88488e-07 -1.2031e-06 1.08236e-09  0.00144988 -0.00137571 -2.86521e-05  -6.64155e-08 6.09795e-08 -2.41958e-11  -7.25744e-08 -2.85699e-07 1.72078e-10  8.61359e-07 -4.3002e-08 6.84368e-10  2.31614e-07 4.6991e-07 -5.01649e-09  2.06927e-05 1.43861e-05 2.95244e-07  2.74391e-05 1.1124e-05 2.93639e-07  -2.21768e-06 -2.6627e-06 3.31804e-08  -1.89116e-06 -1.95702e-06 3.14833e-08  4.37626e-07 3.38253e-07 -6.95914e-10  -3.21734e-07 -6.32762e-07 9.51978e-09  -6.06793e-07 -1.21926e-07 5.95034e-11  -9.26565e-07 -3.15453e-07 -2.1492e-11  1.42931e-06 -7.36582e-07 1.34426e-09  7.14147e-07 -4.95021e-07 8.09153e-10  9.26066e-07 -6.42045e-07 5.83079e-10  -2.41323e-06 6.82845e-08 2.96798e-09  1.6321e-05 -1.91867e-05 2.39541e-07  0.000282119 -0.000150206 4.43947e-06  -2.11813e-06 -7.14181e-08 1.20348e-08  -8.38717e-07 -3.23505e-07 1.06069e-10  -5.45548e-05 0.000221769 5.6538e-06  9.02035e-07 5.5728e-07 1.04389e-09  -7.53085e-07 -3.56887e-07 6.81334e-10  -1.53517e-06 -1.22026e-07 2.59638e-09  1.04142e-06 4.82289e-07 8.5601e-10  -3.16013e-06 -4.59139e-07 5.80068e-08  -9.47293e-09 -2.54529e-07 1.72486e-10  -0.000114521 -7.5261e-05 2.02746e-06  -0.000102808 -0.00019375 -6.62475e-07  2.51076e-08 -7.71737e-09 4.21803e-10  9.76322e-07 8.4612e-08 1.74496e-09  0.000363476 0.000310113 7.91482e-06  -5.78233e-07 2.87501e-08 4.42776e-10  8.52825e-08 4.03969e-07 -2.98071e-11  -1.25071e-05 4.68288e-05 3.24767e-07  9.93993e-08 1.15217e-07 2.7929e-10  2.51881e-07 1.46819e-07 3.7757e-10  1.85746e-06 -7.7334e-07 3.11628e-08  3.60712e-05 1.14656e-06 3.53855e-07  9.03138e-05 1.17408e-05 5.05515e-07  8.43736e-05 3.08808e-05 6.90488e-07  -4.95596e-08 8.63364e-08 1.56563e-10  0.000147556 -0.000273611 -1.15651e-06  0.000116095 -0.000264683 6.2462e-06  -4.07176e-07 1.70339e-06 3.41195e-09  -4.88498e-06 -2.73022e-06 7.78683e-08  -2.61296e-07 1.6227e-07 6.74773e-12  -7.55599e-07 3.08061e-07 1.05896e-09  -1.76533e-07 2.1671e-06 6.69884e-09  -1.46096e-05 2.47582e-05 3.24111e-07  -7.39272e-05 -0.000101402 4.96684e-08  -7.71591e-08 8.43944e-08 -3.1852e-11  4.41522e-07 7.41787e-07 -5.28239e-09  1.62639e-06 -5.76751e-06 8.38865e-08  9.11105e-08 -9.04148e-08 3.30382e-10  5.82467e-08 -1.0319e-07 2.60228e-10  -1.86455e-06 7.56494e-07 1.29175e-09  0.000380848 -7.92808e-07 1.61449e-06  0.00019203 -5.09042e-05 6.52046e-07  -4.44765e-07 -6.58274e-08 1.35456e-10  2.36265e-07 -5.47989e-07 3.84498e-10  5.18888e-07 5.19693e-07 1.12706e-08  -3.45821e-05 -0.000303294 6.5593e-06  4.31337e-07 -2.40294e-07 5.22191e-09  9.79002e-06 -1.64147e-05 2.11932e-07  -0.000152247 -0.000262596 1.00219e-05  -1.56637e-06 -9.29775e-07 1.37883e-09  -9.21985e-07 -5.86291e-07 6.91465e-10  4.52144e-07 -3.86269e-07 -5.49551e-09  1.19962e-06 -3.37724e-08 1.91487e-08  1.87661e-06 -3.2862e-07 1.07319e-08  -2.18619e-07 3.51182e-07 1.89463e-10  -1.37277e-06 1.3763e-06 4.05707e-09  4.57498e-07 -6.98037e-07 -1.10752e-08  1.23307e-06 -6.60802e-07 1.43863e-08  5.03808e-07 2.48117e-06 3.59312e-09  -0.0010717 -0.000749844 -7.38376e-06  -2.69078e-08 9.67573e-08 1.42087e-10  -1.82091e-06 -2.67669e-07 5.05423e-08  3.64644e-07 -1.05459e-07 3.61279e-10  1.04753e-06 1.04637e-06 6.82428e-09  -1.03384e-06 1.72883e-06 3.98884e-08  -5.54159e-07 2.11482e-06 3.64879e-08  1.26812e-06 -4.52363e-06 7.7971e-08  2.35037e-05 -2.33131e-05 3.48081e-07  0.000154163 -0.000116247 8.09316e-07  -1.12634e-07 9.24095e-07 4.3085e-09  3.72718e-07 -4.62756e-07 4.28337e-10  7.79474e-06 -2.07036e-05 2.52026e-07  1.528e-07 4.4015e-07 -5.82495e-09  1.09512e-06 1.2187e-06 8.85462e-09  -4.38758e-07 -1.19996e-06 9.16351e-10  -2.35694e-08 6.4472e-09 4.52061e-10  3.74345e-07 -1.16439e-06 7.19753e-10  -1.09998e-06 3.11619e-06 4.86839e-08  -3.72455e-07 3.52693e-06 5.21472e-08  -5.06783e-07 -1.32897e-06 1.72812e-09  -1.80068e-07 -2.35871e-08 2.70858e-10  7.01092e-07 -1.88702e-06 1.20322e-08  -0.000130174 -3.99086e-05 -1.44681e-06  -2.36071e-06 1.32594e-06 4.46729e-08  -1.79589e-07 3.64326e-07 -4.78321e-10  -1.81285e-07 6.90987e-07 4.30651e-10  -2.23163e-08 8.75758e-08 2.84743e-10  1.14591e-06 -1.44712e-06 3.18912e-08  2.14622e-07 5.29216e-07 7.49958e-09  7.30137e-08 5.56261e-07 -5.68824e-09  1.6246e-08 7.16614e-07 -2.02915e-10  3.91513e-07 1.81851e-06 1.8865e-08  1.48266e-07 2.72889e-07 2.06855e-10  5.20126e-08 2.61479e-07 2.71807e-10  -7.42687e-07 1.27347e-07 5.67946e-10  5.56536e-07 -4.73935e-07 -1.02093e-08  0.000162956 3.6375e-05 8.78168e-07  0.000131576 -4.79707e-05 9.67603e-07  1.55609e-07 -4.13863e-08 -1.44828e-09  1.25366e-07 -1.83547e-08 6.77788e-10  2.18105e-07 -1.0511e-08 2.19381e-09  5.02713e-07 -4.54158e-07 6.50062e-09  0.000186304 9.47755e-05 1.0289e-06  4.31796e-08 -1.10991e-06 1.70825e-08  -1.56446e-06 -0.000208857 -8.90518e-08  1.14225e-06 -2.33993e-07 1.06651e-09  2.28923e-06 5.14175e-07 4.13632e-08  4.25342e-06 -6.9329e-06 1.13141e-07  -7.97322e-06 -9.56366e-06 1.73193e-07  5.57162e-08 2.02738e-07 5.42379e-09  7.88012e-07 2.01099e-07 6.91038e-10  -3.05679e-06 3.32449e-06 3.46547e-08  -2.45806e-07 2.20486e-07 2.99761e-10  1.40274e-06 1.82858e-06 1.92171e-08  1.26284e-07 -3.4892e-07 4.42998e-10  -2.72204e-08 -1.45448e-07 3.90975e-10  1.86292e-06 -7.67178e-07 7.96986e-09  4.60307e-07 3.14898e-07 5.13352e-09  -1.59433e-06 -1.04565e-06 1.74754e-09  7.70197e-06 -4.8614e-05 3.40188e-07  -3.85501e-05 3.15845e-05 4.87562e-07  -6.0315e-07 5.54946e-07 -4.14924e-09  1.93668e-06 9.02839e-07 3.73266e-08  9.11135e-08 2.01437e-06 4.21776e-08  3.37376e-07 6.60568e-07 -9.73787e-09  -1.84794e-06 -3.15581e-07 1.39507e-08  -6.49714e-08 -2.97131e-07 1.54213e-10  -5.3577e-07 -8.79671e-07 8.89032e-10  -1.4716e-06 -2.16879e-06 5.98084e-09  1.53232e-07 4.66409e-07 2.87751e-10  -1.25001e-06 4.40586e-07 1.59629e-09  -1.22498e-06 6.9315e-07 2.10615e-09  5.6064e-06 2.1917e-05 2.19436e-07  5.16626e-07 1.89923e-07 5.79221e-09  3.08659e-07 -2.02496e-07 2.01921e-09  -4.63169e-07 -7.74677e-07 8.56224e-11  -6.96983e-07 -5.65432e-07 1.25332e-10  5.31623e-07 -2.31365e-07 5.75492e-09  2.19771e-06 9.13493e-07 1.06394e-08  8.73679e-07 -1.63917e-06 2.88691e-09  1.2739e-06 -1.37798e-06 1.99928e-09  6.36752e-07 3.52852e-07 -1.04765e-08  7.77944e-05 -5.97578e-05 5.23834e-07  -6.38747e-07 3.2991e-07 4.79602e-11  1.39171e-07 -1.40824e-06 1.78578e-09  1.895e-07 -4.87205e-07 -5.45087e-11  7.47956e-10 3.34676e-07 4.96184e-10  1.37102e-06 -4.33822e-08 1.81637e-09  -0.00029556 0.000266468 9.3901e-06  -2.08893e-07 6.09717e-08 2.017e-10  -4.94753e-07 2.80239e-07 3.59244e-10  -2.74834e-06 2.81732e-07 4.42268e-08  -9.77585e-07 -2.60453e-06 3.28533e-08  3.62334e-06 -1.41428e-06 6.85856e-08  -1.29554e-07 -2.24987e-07 2.93709e-10  1.26366e-06 -2.62263e-07 2.94417e-08  1.81883e-07 1.56764e-08 -4.91688e-10  1.34526e-07 3.44564e-08 6.0378e-10  -4.9166e-07 -1.24625e-08 -3.46905e-11  1.94267e-08 -2.12916e-09 6.45571e-10  9.52174e-07 9.51985e-07 1.56407e-09  8.97083e-08 4.33543e-07 1.59467e-09  -1.11628e-07 -4.71163e-07 -2.52556e-09  0.000141458 -6.52825e-05 6.18083e-07  1.04438e-06 -2.53055e-06 4.34878e-08  -1.75921e-07 -5.26447e-07 6.28557e-10  -2.11662e-06 -2.54149e-05 2.30855e-07  -1.73602e-06 -1.2414e-08 1.74775e-09  -1.37668e-06 1.61489e-06 1.6018e-09  3.11521e-07 2.33699e-06 2.62445e-09  -1.75682e-07 -6.68378e-07 2.24181e-09  0.000111303 -1.72862e-05 5.89151e-07  6.4883e-05 -8.16397e-06 5.19612e-07  9.34949e-07 -1.16938e-06 1.37028e-08  0.00100563 -0.000287402 -1.10983e-05  4.43894e-05 -9.28794e-05 4.84105e-07  9.37666e-07 -1.0084e-06 9.92735e-10  -2.53446e-06 2.28647e-06 3.96449e-08  1.95678e-06 1.4976e-06 1.10257e-08  -7.95534e-07 3.49093e-08 1.38196e-10  3.66715e-07 -1.31548e-06 1.69254e-09  -1.36475e-06 -7.33698e-07 1.87909e-08  -1.36279e-06 9.06327e-07 2.10308e-09  -2.65386e-07 7.69069e-07 4.03959e-09  -9.0805e-07 -2.42182e-07 9.6957e-10  -7.80448e-08 -1.68888e-07 4.72594e-11  -5.56522e-07 5.87199e-08 6.18688e-10  2.37648e-06 -2.52885e-05 2.07464e-07  3.53838e-07 5.80395e-07 3.2874e-10  9.67089e-07 -1.80678e-06 2.19543e-08  2.77551e-05 4.15042e-06 2.16852e-07  5.6363e-09 -5.03876e-08 2.55962e-11  6.66919e-07 -1.24618e-06 9.38997e-10  -1.87462e-06 1.60709e-06 1.30619e-08  6.48648e-07 4.38539e-08 -6.95579e-09  3.67316e-07 -2.71716e-06 1.32203e-08  -8.10551e-07 -6.95812e-07 9.33596e-10  
            </DataArray>
         </PointData> 
      </Piece>
   </UnstructuredGrid> 
</VTKFile>
