<?xml version="1.0"?>
<VTKFile type="UnstructuredGrid" version="0.1" byte_order="LittleEndian">
   <UnstructuredGrid>
      <Piece NumberOfPoints="1126" NumberOfCells="0" > 
         <Points> 
            <DataArray type="Float64" Name="Position" NumberOfComponents="3" format="ascii"> 
               -0.00460669  -0.00193719  0.048973  
               -0.00456781  -0.00200993  0.0494405  
               0.00160798  -0.00471205  0.037189  
               0.00200235  -0.00457186  0.0356426  
               -0.00139233  -0.00477747  0.0491934  
               -0.00220156  -0.00446538  0.0493789  
               0.00144515  -0.00476144  0.000519076  
               0.00055569  -0.00494527  0.0428234  
               -0.000726652  -0.00492843  0.0430252  
               -0.000329968  -0.0049675  0.0418745  
               0.00212629  0.00450561  0.0493708  
               0.0039017  -0.00308936  0.000931061  
               0.00492654  -0.000745812  0.000639472  
               0.00158607  0.0047187  0.00947666  
               0.00235331  0.00438427  0.0106703  
               0.00305025  0.00393379  0.00917739  
               -0.00328297  -0.00374281  0.0489824  
               0.00362748  -0.00342349  0.000621582  
               -2.70975e-05  0.00499733  0.0489422  
               0.000860549  0.00491524  0.0484703  
               -0.000320539  0.00496843  0.0474879  
               0.00465954  0.00178107  0.000747089  
               0.00446995  0.00219301  0.000660817  
               0.00277785  -0.00415735  0.0494309  
               -0.000541918  -0.00494663  0.0494155  
               -0.00471424  -0.00160076  0.0492902  
               0.00490393  -0.000975452  0.0493445  
               0.00282105  0.00412189  0.000766351  
               0.0031146  -0.00388099  0.0492498  
               0.00374281  -0.00328297  0.0493879  
               0.00346852  0.00359053  0.000640672  
               0.00402934  0.00293383  0.000826627  
               -0.0018087  -0.00465116  0.0485934  
               -0.00170791  0.00468174  0.000893579  
               -0.00218173  0.00447598  0.000661621  
               -0.00216439  0.00448525  0.00251426  
               0.00446538  -0.00220156  0.0493674  
               0.00281927  -0.00412336  0.0489452  
               0.00496479  0.000357461  0.00554857  
               0.00493509  0.000659086  0.00662799  
               0.00495694  -0.000437193  0.00686191  
               -0.0015826  -0.00471975  0.00106305  
               -0.000709477  -0.00493012  0.00153217  
               0.00345094  -0.00360496  0.0487281  
               0.00334747  -0.00368988  0.047679  
               0.00263182  -0.0042354  0.0482347  
               -0.00309965  0.00389326  0.0171823  
               -0.00382784  0.00317936  0.0175693  
               -0.00133353  0.0047953  0.000590372  
               0.00210912  0.00451479  0.00103012  
               0.00242218  0.00434746  0.000712353  
               -0.0031642  -0.00384028  0.00120854  
               -0.00241032  -0.0043538  0.000966192  
               0.00375506  0.00326804  0.00145335  
               0.00459897  0.00195164  0.00206904  
               0.00372093  0.00330962  0.00239369  
               0.00204124  0.00455107  0.000559948  
               0.00446995  0.00219301  0.00123799  
               -0.00465459  0.00179741  0.00292777  
               -0.00439295  0.00233707  0.00193126  
               -0.00470852  0.0016196  0.00198529  
               0.00118389  -0.0048407  0.0494153  
               -0.00177342  0.00466186  0.0491404  
               -0.00200909  -0.00456826  0.000644285  
               0.00496893  -0.000315496  0.00098358  
               0.00498864  0.000115337  0.000617708  
               -0.00491673  0.000845485  0.0382039  
               -0.00490619  -0.000952446  0.0378922  
               -0.00496255  -0.000380251  0.0369558  
               0.00313435  0.00386477  0.000986872  
               -0.000592085  -0.00494168  0.0168272  
               -0.00031728  -0.00496875  0.0155755  
               -0.0031642  -0.00384028  0.000558407  
               -0.00280948  -0.00413139  0.000646067  
               -0.00329239  0.00373508  0.0494205  
               0.00498207  0.000182048  0.00184135  
               -0.00115057  -0.0048508  0.000589541  
               -0.000268126  -0.00497359  0.0312726  
               0.000865782  -0.00491473  0.0316316  
               0.00308673  -0.00390386  0.0408176  
               0.00387264  -0.00312477  0.0414405  
               -0.000709477  -0.00493012  0.000799284  
               0.00181565  -0.00464905  0.0486639  
               0.00118389  -0.0048407  0.0489248  
               -0.000302776  -0.00497018  0.000577366  
               0.00357428  0.00348833  0.04829  
               0.00359097  0.00346798  0.0473824  
               0.00477133  -0.00141256  0.0492505  
               0.00465116  -0.0018087  0.0494652  
               -0.000471224  0.00495359  0.0493952  
               0.0019825  -0.00458247  0.0221109  
               0.00317204  -0.00383385  0.0228372  
               -0.00439147  -0.00233984  0.0305348  
               0.00206269  0.00453961  0.016277  
               0.00276219  0.00416572  0.0150202  
               0.00307496  0.00391352  0.0163742  
               0.00385489  0.0031464  0.0490609  
               -0.00435937  0.0023999  0.0186585  
               -0.00442263  0.00228154  0.0200365  
               -0.00486287  0.00111078  0.0191247  
               -0.00134589  0.00479156  0.049395  
               -0.00494207  0.000588188  0.049335  
               0.00103133  -0.00488698  0.00365727  
               0.00254311  -0.00428282  0.00362288  
               0.0018011  -0.00465347  0.00304545  
               0.00462706  0.00188815  0.0142772  
               0.00490868  0.000927155  0.0132928  
               -0.0046053  0.0019398  0.0490015  
               -0.0046053  0.0019398  0.0494491  
               0.00484535  -0.00116854  0.00133133  
               -0.00458211  -0.00198317  0.0010801  
               0.00289487  0.00406131  0.0493716  
               0.00467538  -0.00172887  0.00378754  
               0.00417103  -0.00275225  0.00202276  
               0.00405424  -0.00290349  0.00362402  
               -0.00493563  -0.000653604  0.000832155  
               -0.00348843  -0.00357419  0.000728813  
               -0.00437404  -0.00237244  0.0472217  
               -0.000541918  -0.00494663  0.0489253  
               0.000325151  -0.00496798  0.0491569  
               -0.00294623  -0.00401917  0.0493798  
               -0.00360496  -0.00345094  0.0494293  
               -0.00389297  0.0031  0.000579026  
               -0.0032683  0.00375485  0.000576398  
               -0.00360435  0.00345168  0.000731285  
               0.00457846  -0.00199001  0.000574555  
               0.00417103  -0.00275225  0.000621103  
               0.000860549  0.00491524  0.049202  
               -0.00152331  0.00473774  0.00335005  
               -0.00160522  0.00471289  0.00473283  
               -0.000806583  0.00492056  0.00403441  
               0.00239643  -0.00436122  0.0232657  
               0.00339592  -0.00365011  0.0238269  
               -0.00315359  0.00384899  0.00830286  
               -0.00291931  0.00404125  0.00692363  
               -0.00191497  0.00461857  0.0071687  
               0.00297872  -0.0039925  0.000825007  
               0.00437494  -0.00237077  0.00108321  
               0.0018581  -0.00463618  0.000619668  
               0.00144515  -0.00476144  0.000926498  
               -0.00138183  -0.00478065  0.00669094  
               0.00122412  0.00482849  0.00156352  
               0.00494871  -0.000520792  0.0492639  
               0.000875595  -0.00491376  0.00130593  
               0.0018581  -0.00463618  0.00194485  
               0.000603286  -0.00494058  0.000660413  
               -0.00294591  0.00401942  0.0492406  
               -0.00492481  0.000763448  0.000801445  
               -0.00478488  0.00136791  0.000685958  
               0.00471124  0.00161066  0.0490532  
               0.00455949  0.0020255  0.0493706  
               0.00241955  0.00434886  0.00489836  
               0.0025034  0.00430405  0.00345401  
               0.0031931  0.00381656  0.0037968  
               0.00401917  -0.00294623  0.0490989  
               -0.000915408  0.00490984  0.0491406  
               -0.000645703  -0.0049364  0.00251569  
               0.000860585  -0.00491524  0.00246484  
               0.00332445  -0.00370876  0.0383299  
               -0.000849478  -0.00491633  0.0472765  
               0.00331297  -0.00371819  0.00144961  
               0.00382785  -0.00317935  0.0467244  
               -0.00147564  -0.00475219  0.00568086  
               0.00477841  0.00138923  0.000960172  
               0.00466416  0.00176587  0.00121653  
               0.00129203  0.00480789  0.0494137  
               0.00171818  0.00467862  0.0489434  
               -0.00091689  0.00490969  0.00051962  
               -0.00493027  -0.00070803  0.0490194  
               -0.00471424  -0.00160076  0.0486558  
               0.00441891  0.00228851  0.0469543  
               0.00462299  0.00190157  0.0480705  
               0.0048885  0.00102629  0.0467781  
               -0.00258575  -0.00426003  0.0490711  
               0.000373196  0.00496324  0.000559487  
               -5.70684e-05  0.00499438  0.000712726  
               0.000297996  0.00497065  0.00103067  
               0.00262539  -0.00423884  0.000587789  
               -0.00495619  0.000444845  0.0116668  
               -0.00490947  -0.000919187  0.0115808  
               -0.00496542  0.000351071  0.0129559  
               0.0027707  -0.00416117  0.00957373  
               0.00257259  -0.00426706  0.0106679  
               -0.00499225  7.87121e-05  0.00110401  
               -0.00460335  0.00194344  0.047883  
               0.00301323  0.00396418  0.0466006  
               -0.00332702  0.00370665  0.0256473  
               -0.00285015  0.00409801  0.0246867  
               -0.00096725  -0.00490473  0.0131268  
               -0.00231659  -0.0044039  0.0129125  
               0.00436277  -0.00239352  0.0324924  
               0.0016379  0.00470298  0.000874665  
               0.00491243  0.000889072  0.0477575  
               -0.00459067  0.00196716  0.00104357  
               0.00483697  0.00119618  0.00170021  
               0.00494627  0.00054548  0.000919325  
               -0.00426307  0.00258005  0.0302056  
               -0.00356471  0.00349998  0.0315334  
               -0.00497969  0.000206226  0.0489112  
               -0.00494207  0.000588188  0.0479497  
               -0.00302921  0.00395106  0.0428455  
               0.00495057  -0.000501827  0.0487881  
               0.00490393  -0.000975452  0.0487715  
               0.00471987  -0.00158219  0.000774727  
               -0.00362087  0.00343155  0.0494498  
               -0.00228905  -0.00441862  0.00424504  
               -0.0015826  -0.00471975  0.00273184  
               -0.000900222  -0.00491134  0.00363452  
               0.00454505  -0.00205252  0.0411614  
               0.0048193  -0.00125444  0.0401778  
               0.00455975  -0.00202501  0.0392656  
               0.00122412  0.00482849  0.000602455  
               0.0040323  -0.00293023  0.0332894  
               0.00453236  -0.00207624  0.0335201  
               0.00482022  -0.00125138  0.0458763  
               0.00499808  1.95244e-05  0.045295  
               0.004858  -0.00112684  0.0443596  
               0.00421134  -0.00267683  0.0243275  
               0.000289553  0.00497148  0.00385996  
               0.00196206  0.0045934  0.0470062  
               0.00289487  0.00406131  0.0482934  
               0.00251873  0.00429585  0.0490596  
               0.00124047  -0.00482353  0.0481088  
               0.00200993  -0.00456781  0.049328  
               -0.00257441  0.00426609  0.0487159  
               -0.00234982  0.00438614  0.0471137  
               -0.00134589  0.00479156  0.0484794  
               -0.00484235  0.00117845  0.00134909  
               -0.0043627  -0.00239366  0.0490104  
               -0.0031449  0.00385612  0.00938227  
               -0.00362814  0.00342269  0.0102447  
               -0.00390128  0.00308988  0.0093047  
               -0.00332028  -0.00371219  0.0310328  
               -0.00210252  -0.00451832  0.0322683  
               -0.00189307  -0.00462557  0.0309241  
               -0.00474136  0.00151137  0.04939  
               -0.00176917  -0.00466316  0.0138002  
               0.000417233  0.00495891  0.0494131  
               0.00187926  0.00462976  0.00167426  
               0.00145379  0.00475883  0.00225138  
               0.0048283  0.00122475  0.0493796  
               0.00323809  0.00377964  0.0490595  
               -0.00427951  -0.0025493  0.0459901  
               0.00465116  -0.0018087  0.0490358  
               -0.00474225  0.00150841  0.00836831  
               0.00435081  0.00241591  0.0489187  
               0.0041362  0.00280362  0.0493723  
               0.00200993  -0.00456781  0.0479998  
               0.00462908  -0.0018815  0.0475827  
               0.00470702  -0.00162458  0.0481034  
               0.00483699  -0.0011961  0.0477954  
               0.00385489  0.0031464  0.049477  
               0.00342822  0.00362361  0.0436348  
               0.00404777  0.00291138  0.0445795  
               0.00392394  0.00306226  0.0457276  
               0.0039017  -0.00308936  0.000521064  
               -0.00496807  -0.000324195  0.0493771  
               0.0041362  0.00280362  0.0479846  
               -0.00220156  -0.00446538  0.0469429  
               -0.00442985  0.00226804  0.00963771  
               -0.00486882  0.00109119  0.0105134  
               -0.00438214  0.0023573  0.0108464  
               -0.00258575  -0.00426003  0.049481  
               -0.00418035  -0.00273481  0.0394671  
               -0.0045236  -0.00209264  0.041254  
               -4.0336e-05  -0.00499603  0.00174019  
               0.00155261  -0.00472885  0.0113523  
               -0.00182918  0.00464495  0.0358232  
               -0.00209369  -0.00452304  0.00189744  
               0.00395503  0.00302438  0.0418706  
               0.00445656  0.00221806  0.0411219  
               0.00357351  0.00348927  0.0493721  
               -0.00439295  0.00233707  0.000639557  
               -0.00417664  0.00274176  0.000527436  
               -0.00475979  0.00145062  0.0462851  
               -0.00498468  -0.000155563  0.0471633  
               -0.00425777  -0.00258998  0.000755944  
               -0.00389718  -0.00309487  0.00108632  
               -0.00427486  -0.00255799  0.00157127  
               0.00258965  -0.00425794  0.0025406  
               0.00490396  0.000975104  0.000617259  
               -0.00486013  0.00111982  0.0490714  
               -0.0049151  0.000862  0.00196025  
               -0.00389297  0.0031  0.00360185  
               -0.00492418  0.000769846  0.044976  
               -0.00316208  -0.00384202  0.0144819  
               -0.00381835  -0.00319092  0.0140847  
               -0.00341081  -0.00363789  0.0154353  
               -0.00388099  -0.0031146  0.0485558  
               0.000803405  0.00492087  0.000874252  
               4.28867e-05  -0.00499578  0.0363621  
               0.00105282  -0.00488046  0.000722787  
               -0.00290687  0.00405147  0.0306249  
               0.00446288  0.00220624  0.0160652  
               0.00431474  0.00248339  0.0150426  
               0.00477841  0.00138923  0.000534007  
               -0.00241032  -0.0043538  0.000537489  
               -0.00271595  0.00419044  0.0331452  
               0.000538396  -0.00494697  0.0473781  
               0.00021372  -0.00497895  0.00108404  
               -0.0049455  0.000553334  0.00737865  
               -0.00493137  -0.000696779  0.00767567  
               0.00410441  0.00284235  0.0296435  
               0.00347252  0.00358725  0.0298909  
               0.00415066  0.002786  0.0307516  
               0.00417692  -0.00274123  0.017341  
               0.00361713  -0.00343611  0.0168422  
               0.00381218  -0.00319844  0.0181794  
               -0.00291931  0.00404125  0.00080145  
               -0.00418188  0.00273195  0.0493135  
               -0.00389035  0.00310318  0.0492262  
               -0.00134589  0.00479156  0.0469927  
               0.00323378  0.00378318  0.0337014  
               0.00404653  0.00291289  0.0339496  
               0.00433909  0.00243784  0.034903  
               0.00462694  0.00188856  0.0359453  
               0.00242218  0.00434746  0.00134788  
               0.00151124  0.0047414  0.0272731  
               0.00455399  0.00203578  0.0458139  
               0.00483269  0.0012103  0.0443319  
               -0.00343053  -0.00362171  0.0482725  
               -0.00366465  -0.00337821  0.0472791  
               -0.00298432  -0.0039879  0.0477953  
               -0.00236447  0.00437831  0.0460065  
               -0.00274216  0.00417642  0.0443464  
               -0.00415735  -0.00277785  0.0494292  
               0.00088075  -0.00491325  0.0162229  
               0.000947886  0.00490664  0.020251  
               -0.00383633  0.00316901  0.00245724  
               -0.00133353  0.0047953  0.00168248  
               0.00458315  -0.00198123  0.00709132  
               0.00481417  -0.00127133  0.00592485  
               -0.0006065  -0.00494026  0.0386546  
               -0.000513945  -0.00494938  0.0396567  
               0.00496601  -0.00034509  0.0171083  
               -0.00388099  -0.0031146  0.0492428  
               0.00224434  -0.00444252  0.00104704  
               0.00499116  8.97942e-05  0.0483349  
               -0.00129662  -0.0048065  0.0175232  
               -0.00223214  -0.00444904  0.016779  
               -0.00128418  -0.00481027  0.0160161  
               0.00144964  -0.00476008  0.046665  
               -0.000497353  0.00495101  0.00307581  
               -0.000990233  0.00489944  0.00242109  
               -0.00317259  0.00383339  0.0485408  
               0.00418566  0.00272489  0.0258044  
               0.00453507  0.00207119  0.0249786  
               -0.00254215  0.00428333  0.00138348  
               -0.00417664  0.00274176  0.000942246  
               -0.00383446  0.0031713  0.00105926  
               0.0049292  0.000718823  0.0493197  
               -0.00418188  0.00273195  0.0487067  
               -0.00165578  0.00469755  0.0450367  
               -0.0013338  0.00479522  0.0434398  
               -0.00444045  -0.0022482  0.0244864  
               -0.00415415  -0.00278175  0.0236768  
               0.00248903  0.00431173  0.0331426  
               0.00157  0.00472357  0.0331908  
               0.00218884  0.00447218  0.0340916  
               0.00269167  0.00420341  0.0371015  
               0.00283485  0.00411057  0.0381836  
               0.00355578  0.00351086  0.0376173  
               0.00479398  -0.00133789  0.0234308  
               0.00499987  1.30523e-06  0.0231523  
               0.00426003  -0.00258575  0.048376  
               0.00416377  -0.00276583  0.0474769  
               0.00449125  -0.00215317  0.0480831  
               0.00239366  -0.0043627  0.0489272  
               -0.00091689  0.00490969  0.000927513  
               -0.00420542  -0.00268792  0.0484073  
               -0.00401947  0.00294585  0.021869  
               -0.00304379  0.0039391  0.0209119  
               -0.00274958  0.00417246  0.0221883  
               0.00273508  0.00418021  0.00182876  
               0.00282442  0.00411913  0.00124104  
               -0.00217951  0.00447717  0.049395  
               0.00264061  0.0042307  0.0455914  
               -2.56631e-05  -0.00499747  0.0233609  
               0.00085216  -0.00491607  0.0226743  
               0.000905026  -0.00491086  0.0238552  
               -0.000661252  0.00493487  0.00166959  
               0.00384666  -0.00315643  0.0046434  
               0.00390874  -0.00308078  0.00566597  
               0.00320808  -0.00380427  0.00524606  
               -0.00362087  0.00343155  0.0490027  
               -0.00364272  -0.00340492  0.0125703  
               -0.00430661  -0.00249859  0.0133265  
               0.00468771  0.00168823  0.0341704  
               -0.00109526  -0.00486758  0.0270601  
               0.000608526  -0.00494007  0.0277203  
               -0.000579528  -0.00494292  0.0282045  
               -0.00465094  -0.00180944  0.0275069  
               -0.00470527  -0.00163033  0.0254095  
               -0.00492099  -0.00080225  0.0272295  
               -0.00317249  0.00383347  0.0475661  
               0.0043982  -0.00232724  0.0295262  
               0.00470938  -0.00161679  0.0304448  
               0.00402267  -0.00294196  0.0396826  
               -0.000292531  -0.00497119  0.00108357  
               -0.00206734  0.00453713  0.0426934  
               -0.00251221  0.00429934  0.00428689  
               -0.00389533  0.00309713  0.00480689  
               -0.0010628  0.00487743  0.0299494  
               -0.00199157  0.00457763  0.0309152  
               0.00421184  -0.00267591  0.0126239  
               0.0033328  -0.00370191  0.0115638  
               -0.0040174  0.00294838  0.00174273  
               0.000543035  -0.00494652  0.017454  
               -0.00375062  0.00327345  0.0481159  
               0.000325151  -0.00496798  0.0483762  
               -0.00468912  -0.00168359  0.0021757  
               -0.00493929  -0.000616405  0.00185935  
               0.00326432  0.00375811  0.0184676  
               0.0021414  0.00449754  0.0187265  
               0.00271537  0.00419074  0.0176614  
               0.00498927  -0.000108907  0.0490543  
               -0.00275673  -0.00416864  0.0363584  
               0.00473642  0.00152765  0.0369051  
               0.00441334  0.00229892  0.0375086  
               0.00492089  0.00080319  0.0391848  
               0.0049954  -4.67415e-05  0.0403112  
               0.00291044  0.00404853  0.0351759  
               -0.00377174  -0.00324772  0.0419357  
               -0.00367249  -0.00336865  0.0406011  
               -0.00256809  -0.00426947  0.0422023  
               0.00115397  -0.00484977  0.0193198  
               0.00149459  -0.00474645  0.0183118  
               -0.000410696  0.00495955  0.00103067  
               -0.00381837  0.0031909  0.0470964  
               -0.00314558  0.00385556  0.0465921  
               -0.00467669  0.00172454  0.0221205  
               -0.00490756  0.000938585  0.0212418  
               0.00324845  0.00377113  0.00480862  
               -0.00367074  0.00337079  0.0283976  
               -0.0028509  0.00409739  0.0284768  
               -0.00406721  0.00288769  0.0477336  
               -0.0043136  0.00248553  0.0481492  
               -0.00347768  -0.00358301  0.00355674  
               -0.0031642  -0.00384028  0.00475288  
               -0.000487432  0.00495199  0.000560129  
               0.00498426  0.000159765  0.0363883  
               0.0044274  -0.00227261  0.0488114  
               -0.00214877  0.0044936  0.0267785  
               -0.00325816  0.00376317  0.00111545  
               0.00384365  -0.0031601  0.0290539  
               0.000593949  0.0049415  0.0374722  
               0.000934891  0.00490792  0.0390462  
               0.00313659  -0.00386294  0.0395491  
               0.00216488  -0.00448499  0.0410838  
               -0.00475187  -0.0014767  0.039834  
               0.00488792  -0.0010282  0.0163588  
               -0.00262827  -0.0042373  0.00288917  
               0.00256848  0.00426926  0.00239571  
               -0.00462421  0.00189754  0.0484787  
               -0.00351821  -0.00354975  0.0214102  
               -0.00390285  -0.00308796  0.0227552  
               -0.00231996  -0.0044021  0.00661043  
               -0.00325141  -0.00376871  0.00583356  
               -0.000818776  0.00491936  0.0457579  
               -0.00481411  -0.00127153  0.0198654  
               -0.00494811  -0.000526868  0.0192139  
               -0.00474746  -0.00149125  0.0188355  
               -0.00498983  0.000103292  0.00347803  
               0.00209756  0.00452097  0.0287436  
               0.00158408  0.0047193  0.0296539  
               0.000380794  0.0049625  0.0282379  
               0.00258462  -0.00426063  0.0472198  
               -0.00496244  -0.000381345  0.0419094  
               -0.00494166  0.000592286  0.04134  
               -0.00482117  0.00124825  0.0473135  
               -0.00447812  0.00217772  0.00754074  
               0.00488598  0.00103461  0.015211  
               0.00417294  -0.00274869  0.0155329  
               0.00357577  -0.00348651  0.0158451  
               0.0049292  0.000718823  0.0487318  
               0.00496078  0.000398188  0.0329193  
               0.00366252  0.0033808  0.0361382  
               -0.00304124  -0.00394119  0.0389535  
               -0.00169626  -0.00468527  0.0432756  
               0.00346813  -0.00359085  0.0144567  
               0.00139306  0.00477725  0.00391761  
               6.60707e-05  -0.00499349  0.0130876  
               -0.000786279  -0.00492256  0.0141487  
               0.00298635  -0.00398624  0.0350338  
               0.00246156  0.00432641  0.0274526  
               0.00310581  0.0038882  0.0283102  
               0.00367346  0.00336746  0.0274052  
               -0.00470705  -0.00162448  0.0460732  
               -0.00427688  0.00255423  0.0464367  
               0.00240096  0.0043588  0.0130031  
               0.00251873  0.00429585  0.0494761  
               -0.00233412  0.00439453  0.0386794  
               -0.00362549  0.00342593  0.0384836  
               -0.00297403  0.00399635  0.0375265  
               -0.000435419  -0.00495711  0.020076  
               -0.00490504  -0.000964194  0.0326201  
               -0.00479356  -0.00133929  0.0314339  
               -0.00312367  -0.00387354  0.0223524  
               -0.00165654  -0.00469732  0.0220662  
               -0.00254171  -0.00428357  0.0215515  
               0.00335707  -0.003682  0.0455597  
               0.00286185  0.00408841  0.00771134  
               0.00176021  0.00466587  0.0176444  
               0.00476638  -0.00142887  0.048777  
               0.00463972  -0.00184642  0.0485416  
               -0.00363692  -0.00341199  0.0489461  
               0.00442977  0.00226818  0.0429977  
               -0.00491786  -0.00083402  0.0229013  
               -0.00472137  -0.00157725  0.0237842  
               0.000551453  0.00494569  0.0016737  
               -0.000962718  0.00490518  0.036271  
               -0.0006815  0.00493288  0.0347988  
               0.0049723  0.000281255  0.0492639  
               0.00498927  -0.000108907  0.0494735  
               0.00430166  0.00250786  0.00389799  
               0.00271781  0.00418944  0.0250095  
               0.00341562  0.00363394  0.0121892  
               0.00390573  0.00308445  0.0111877  
               0.00328612  0.00374022  0.0309202  
               0.00243863  0.00433866  0.0307171  
               -0.00478923  -0.00135357  0.0134323  
               -0.00494476  -0.000560834  0.0140378  
               -0.00393962  -0.00304315  0.0478472  
               0.00478389  -0.00137116  0.0294429  
               -0.00494107  0.000598377  0.00490682  
               -0.00469788  0.00165469  0.00452819  
               -0.00388149  0.00311399  0.022857  
               0.00401082  0.00295639  0.00705658  
               0.00362499  0.00342653  0.0388543  
               -0.00361455  -0.00343925  0.0106794  
               0.00490396  0.000975104  0.00243164  
               0.00496238  -0.000381937  0.00342949  
               0.00467911  0.00171657  0.028936  
               0.00499153  8.59849e-05  0.0283505  
               0.00481411  0.00127155  0.0277498  
               0.000253138  0.00497507  0.029735  
               -0.00230638  0.00440936  0.0100023  
               -0.00199814  -0.00457411  0.0356532  
               -0.0022276  -0.00445146  0.037295  
               -0.002772  -0.00416048  0.0111892  
               0.000253331  -0.00497505  0.0141121  
               -5.67795e-05  0.00499441  0.00208381  
               -0.0046313  0.00187418  0.0146973  
               -0.00431378  0.0024852  0.015553  
               -0.00491754  -0.000837263  0.0480025  
               0.00492152  -0.000796809  0.0352554  
               -0.00360435  0.00345168  0.00138724  
               -0.0030945  0.00389748  0.0020127  
               0.00342598  0.00362544  0.0102595  
               0.00294412  -0.0040209  0.036698  
               0.00189259  -0.00462571  0.0422137  
               0.000972787  -0.00490419  0.0415452  
               0.000675468  -0.00493347  0.0354475  
               0.000134925  -0.00498671  0.0341691  
               -0.000653489  -0.00493564  0.0350434  
               -0.00263202  0.00423529  0.0295811  
               -0.00127649  0.00481261  0.0282992  
               0.00390872  0.00308081  0.00831475  
               0.00494627  0.00054548  0.000515898  
               -0.000109763  0.00498919  0.00650299  
               -0.00338135  -0.00366207  0.0337341  
               0.00487007  0.00108705  0.0250923  
               -0.00152525  -0.00473715  0.03427  
               -0.0044117  0.00230199  0.048737  
               -0.00440469  0.00231511  0.0492253  
               0.00499544  4.62911e-05  0.014044  
               0.00472115  0.001578  0.0307672  
               0.00473973  0.00151675  0.0325257  
               0.00495884  0.000417894  0.0317132  
               0.0045076  -0.00212258  0.0284444  
               0.00484801  -0.00115979  0.0279859  
               0.00476778  -0.00142428  0.0326804  
               0.00494805  -0.000527436  0.0340286  
               0.00474202  -0.00150919  0.0344044  
               -0.00140292  0.00477426  0.020774  
               -0.000414604  0.00495917  0.0213213  
               0.000240767  0.00497629  0.0462368  
               0.000691939  -0.00493185  0.00797838  
               0.000876019  -0.00491372  0.00598035  
               0.00187927  -0.00462976  0.00748897  
               0.00189547  0.00462484  0.00296056  
               0.00390116  0.00309002  0.0286881  
               -0.00324079  0.00377742  0.00309918  
               -0.00394857  -0.00303225  0.00544341  
               -0.00399898  -0.00297082  0.0043845  
               -0.0035841  0.00347636  0.0357297  
               -5.16771e-05  0.00499491  0.0196315  
               -0.00442354  -0.00227984  0.0224686  
               0.00292131  0.00403961  0.00657464  
               -0.00475504  0.00146628  0.0482097  
               -0.00411828  0.00282546  0.0276076  
               -0.00269425  -0.00420203  0.0258898  
               -0.00165183  -0.00469875  0.011469  
               -0.00210212  -0.00451853  0.00955846  
               -0.000399729  0.00496063  0.024761  
               -0.00184312  0.00464072  0.0257142  
               -0.000808351  0.00492038  0.0266185  
               -0.00412592  -0.00281614  0.0489427  
               0.00473301  0.00153889  0.00747036  
               -0.00482907  -0.00122222  0.0470564  
               -0.00355216  -0.00351528  0.0259351  
               -0.00303358  -0.00394747  0.0268034  
               0.00473083  -0.00154607  0.0253137  
               0.00491626  -0.000850193  0.0244972  
               -0.00490892  -0.000924706  0.0448222  
               0.00268695  0.00420594  0.0227585  
               0.00462641  0.00189032  0.00470019  
               0.00490664  0.000947913  0.004057  
               -0.00438042  0.00236052  0.0136352  
               -0.00341431  0.00363502  0.0152379  
               -0.00374762  0.0032771  0.0131888  
               -0.00197799  0.00458488  0.024401  
               -8.85391e-05  -0.00499128  0.00707179  
               0.00323809  0.00377964  0.0494762  
               -0.00367698  -0.00336318  0.024853  
               -0.00176425  0.00466465  0.019602  
               0.00486545  0.0011023  0.0298066  
               0.00497724  -0.000231046  0.0296987  
               0.00336226  0.00367774  0.0134459  
               -0.00498456  0.000156717  0.0153718  
               -5.70684e-05  0.00499438  0.00134861  
               -0.00297383  -0.00399652  0.0300175  
               -0.00377112  -0.00324847  0.0298266  
               -0.00437304  0.00237433  0.0475385  
               -0.00348843  -0.00357419  0.00229379  
               0.00417017  0.00275386  0.0221469  
               0.00471194  0.00160834  0.0220196  
               -0.00434426  0.00242816  0.00569531  
               -0.00437109  0.00237796  0.0233491  
               0.00246454  -0.00432482  0.011726  
               0.00178312  -0.00465892  0.00941678  
               -0.00166795  0.00469386  0.0218847  
               0.0041737  -0.00274726  0.0431473  
               0.00338143  -0.003662  0.0427194  
               -0.00245456  0.00433015  0.00883381  
               -0.00209985  -0.00451975  0.0151714  
               -0.000532671  0.00494754  0.0290671  
               0.00154409  0.00473143  0.0372383  
               0.00203304  0.00455546  0.0388986  
               -0.0049488  0.000519824  0.0270966  
               0.00422406  -0.00265305  0.0144484  
               0.00468677  -0.00169133  0.0142275  
               0.00470072  -0.00164534  0.0130746  
               -0.00471946  -0.00158355  0.0357152  
               0.00237538  0.00437247  0.0416769  
               0.00119712  0.00483668  0.0409561  
               0.00133664  0.00479436  0.0459485  
               0.00287528  0.00407739  0.0265175  
               0.001919  0.00461641  0.0257593  
               -0.00487014  -0.00108683  0.00444678  
               -0.00493032  -0.000707477  0.00561854  
               -0.00113124  -0.00485667  0.00913082  
               -0.00474441  0.00150132  0.0115137  
               0.00494303  0.000578404  0.0426502  
               -0.00431638  0.00248032  0.00858232  
               0.00497701  -0.000233416  0.0464976  
               0.00475274  -0.00147384  0.019686  
               0.00276898  -0.00416209  0.0260834  
               0.00210596  -0.00451648  0.0267439  
               0.00395299  0.00302687  0.00475787  
               0.00375506  0.00326804  0.00333402  
               0.00437258  0.00237519  0.00280041  
               0.000873633  0.00491395  0.034049  
               -0.00321649  -0.00379737  0.00733851  
               0.000693589  0.00493169  0.00735023  
               -0.00495306  -0.000476614  0.0388149  
               -0.00496602  0.000345041  0.0399731  
               -0.00490412  0.000973469  0.0391951  
               0.00313435  0.00386477  0.000545829  
               -0.00319481  -0.00381516  0.00871657  
               -0.00419884  -0.00270023  0.00850667  
               0.00193489  -0.00460792  0.0456979  
               0.00150837  -0.00474227  0.0442183  
               -0.000399718  0.00496063  0.0444548  
               -0.0022165  0.00445739  0.0405656  
               0.00392385  0.00306237  0.0171378  
               0.00378268  0.00323439  0.0161585  
               0.00391243  0.00307629  0.0198951  
               0.0044698  0.00219329  0.0190729  
               -0.00105597  0.0048795  0.00806006  
               -0.000455396  0.00495515  0.00524265  
               -0.000293801  0.00497106  0.0123745  
               -0.000524419  0.00494835  0.0135572  
               -0.00478991  0.00135132  0.00937447  
               0.000791455  0.00492205  0.00500367  
               0.000104135  0.00498974  0.0101562  
               -0.00121126  0.00483239  0.00987814  
               0.00109011  0.00486915  0.00287293  
               0.00414879  -0.00278828  0.031106  
               -0.00480207  0.00131124  0.0201046  
               0.00412129  -0.00282179  0.021363  
               0.003493  -0.00357044  0.0216155  
               0.00414976  -0.00278709  0.0227818  
               0.000163119  -0.00498393  0.0302864  
               0.0033368  -0.00369863  0.00640606  
               0.00354315  -0.00352626  0.0075243  
               0.00276302  -0.00416528  0.0076154  
               -0.00478223  -0.00137665  0.0146099  
               0.00497306  0.0002735  0.0488097  
               -0.00180229  -0.00465311  0.041666  
               6.06468e-05  -0.00499403  0.00440008  
               0.00111388  -0.00486194  0.00478209  
               -0.00430386  -0.00250374  0.0350426  
               0.00493349  -0.000675334  0.0307698  
               0.00498927  -0.000108907  0.0475163  
               0.00492904  -0.000720492  0.0473997  
               -0.00447543  0.00218276  0.0124523  
               0.00402864  -0.00293469  0.00686129  
               -0.00459316  0.00196251  0.0375079  
               -0.000754099  -0.00492573  0.0294497  
               -0.00497316  0.000272543  0.00593359  
               -0.00492352  -0.000776553  0.00664651  
               -0.00262125  -0.00424106  0.0435619  
               0.00492983  -0.00071244  0.0480252  
               0.000834172  0.00491784  0.0218591  
               -0.00425855  -0.00258851  0.0112183  
               -0.00462887  -0.00188218  0.0125352  
               0.00467916  0.00171641  0.0240054  
               -0.00218161  -0.00447605  0.0269003  
               -0.003338  -0.00369764  0.0278138  
               -0.00298854  0.00398444  0.0398198  
               -0.00446039  -0.0022109  0.0482779  
               -0.00455088  0.0020416  0.0364232  
               -0.00340348  -0.00364391  0.0462983  
               -0.00359392  -0.00346439  0.0450285  
               -0.00179646  -0.00465488  0.0280726  
               -0.00421259  -0.0026745  0.0161838  
               -0.00467524  -0.00172934  0.015571  
               -0.00466501  -0.00176305  0.0167882  
               -0.0010561  -0.00487946  0.00776886  
               -0.00280445  0.00413552  0.0136109  
               -0.00463472  0.00186289  0.0472426  
               0.00465994  -0.00177976  0.0357343  
               0.00432322  -0.00246752  0.0346802  
               0.00124923  0.00482088  0.0107506  
               0.00192732  0.00461197  0.0202322  
               0.00483713  0.00119564  0.0196312  
               0.00498129  0.000189935  0.0195964  
               0.00321085  -0.00380199  0.00844015  
               0.00423834  0.00262633  0.0365486  
               -0.00276051  0.00416662  0.011768  
               -0.00169079  0.00468693  0.0107651  
               0.00496087  0.000397304  0.0272733  
               -0.0043241  0.00246589  0.0399268  
               -0.00366284  0.00338042  0.00742812  
               -0.00468372  -0.00170138  0.0105042  
               -0.00494064  -0.000602689  0.0104982  
               0.00490919  -0.000921994  0.0118547  
               0.00156846  -0.00472404  0.0172447  
               0.00256801  -0.00426951  0.0170096  
               -0.00376583  -0.00325492  0.0373049  
               -0.00486387  0.0011075  0.0233878  
               -0.00498447  0.000157713  0.0230097  
               0.00445196  -0.00222668  0.00609383  
               0.0047473  -0.00149178  0.0471615  
               0.000864087  0.00491489  0.0449096  
               -0.00497071  0.00029738  0.0240556  
               0.003798  0.00321572  0.0145585  
               -0.00480885  0.00128887  0.0432944  
               -0.0040603  0.0028961  0.0431964  
               -0.00465842  0.00178477  0.0443826  
               0.00445318  0.0022244  0.0230305  
               0.00488897  0.00102477  0.0231468  
               0.00442779  -0.0022719  0.0453183  
               -0.00123143  0.00482628  0.0393287  
               -0.000716337  0.00492945  0.0378041  
               0.00460183  0.00194628  0.0387191  
               -0.000667187  0.00493429  0.0146567  
               -0.00470749  -0.00162302  0.0333561  
               -0.00436477  -0.0023898  0.0316985  
               0.00434966  0.00241805  0.00971661  
               -0.00474812  -0.00148906  0.00346257  
               -0.00471795  -0.00158852  0.0478669  
               -0.00427562  -0.00255658  0.047835  
               -0.00411162  -0.00283357  0.00728007  
               -0.0046897  -0.00168167  0.0078685  
               0.00499071  9.42744e-05  0.0413535  
               0.00490475  -0.000967067  0.0412886  
               -0.00284789  -0.00409987  0.0195281  
               -0.0036889  -0.00334865  0.0195312  
               0.00177183  0.00466235  0.00782127  
               -0.000157874  0.00498445  0.0392621  
               0.00119973  0.00483589  0.00618193  
               -0.000398345  -0.00496077  0.0179334  
               -0.00499141  -8.72135e-05  0.0331082  
               -0.00488354  0.00104264  0.0366986  
               -0.00477784  -0.00139111  0.0219085  
               0.00497386  0.000265391  0.0162991  
               0.0028874  -0.00406744  0.0419093  
               -0.00452823  -0.00208398  0.00463155  
               0.000929382  -0.00490846  0.0457634  
               -0.00477352  0.00140536  0.0279776  
               -0.00467865  0.0017181  0.0291598  
               -0.00463801  -0.00185207  0.00598377  
               0.00382589  0.00318173  0.0242203  
               -0.00412875  -0.0028127  0.0334913  
               -0.00446303  0.00220595  0.0419571  
               0.00398288  -0.00299044  0.0362761  
               0.00374926  -0.00327511  0.0351115  
               0.0020456  0.00454875  0.0362497  
               -0.00388105  0.00311452  0.0487387  
               -0.00479643  0.00132982  0.0245021  
               -0.00439175  -0.00233932  0.0449959  
               0.00447026  -0.00219243  0.0370871  
               0.000181928  0.00498208  0.00898691  
               0.00111151  0.00486265  0.0085861  
               -0.00162556  0.00470672  0.0139204  
               -0.00127444  0.00481323  0.0127943  
               -0.00252147  0.00429438  0.0056474  
               0.00483368  -0.00120703  0.0483388  
               0.00465694  0.00178966  0.00609567  
               0.000443184  0.00495635  0.0164617  
               3.03822e-05  0.00499701  0.0155164  
               0.00368033  -0.0033591  0.020631  
               0.000530725  0.00494773  0.0432854  
               -0.00198337  0.00458201  0.0230954  
               -0.000121005  -0.00498808  0.0460308  
               -0.00320107  0.00381002  0.0347951  
               -0.00210356  0.00451776  0.0347015  
               -0.00480424  0.00130408  0.0173753  
               -0.00249428  0.00430892  0.0162354  
               0.00441339  -0.00229883  0.0114161  
               0.00116479  -0.00484649  0.0299171  
               0.00458044  -0.00198631  0.0166562  
               -0.000726776  -0.00492842  0.0106609  
               -0.000977105  0.00490342  0.0157209  
               0.0011854  0.00484024  0.0155689  
               0.004954  -0.000467011  0.015513  
               -0.00138145  -0.00478077  0.0232921  
               0.00268418  -0.00420742  0.0432495  
               0.00382659  -0.00318088  0.0196331  
               0.00441244  -0.00230062  0.0465454  
               -0.00496765  0.00032844  0.0202087  
               -0.00352449  0.0035446  0.0455269  
               0.00499381  -6.28902e-05  0.0385868  
               0.00326658  0.00375626  0.0017  
               -0.00468931  -0.00168296  0.036924  
               -0.00184297  -0.00464077  0.0247755  
               -0.00137142  -0.00478381  0.0463594  
               -0.00445804  -0.00221529  0.0212396  
               -0.00403865  -0.00292248  0.020645  
               -0.0039576  0.00302124  0.0370638  
               0.00492718  -0.000739382  0.0204519  
               0.0045629  -0.00201911  0.0205932  
               0.000595915  0.00494131  0.0128374  
               0.00285617  -0.00409307  0.030203  
               0.0027604  -0.00416668  0.028969  
               -0.0027372  -0.00417908  0.0248793  
               -0.00218824  0.0044725  0.014936  
               0.000229057  0.00497744  0.0115181  
               -0.00480972  -0.001286  0.0302712  
               0.000552382  0.0049456  0.0401227  
               -0.00100592  0.00489468  0.0403901  
               0.000260385  0.00497435  0.0414311  
               0.00291998  0.00404071  0.00295656  
               0.00308041  0.00390905  0.00228778  
               0.00448754  -0.00216011  0.0421972  
               0.00333204  0.00370254  0.0414644  
               -0.00492102  0.000801884  0.0302354  
               -6.01608e-05  0.00499407  0.0311398  
               2.71997e-05  -0.00499732  0.0322829  
               -0.00494253  -0.00058354  0.0460072  
               -0.00497466  -0.000257304  0.0407882  
               -0.00425731  -0.00259084  0.0438141  
               -0.000391273  -0.00496146  0.021952  
               -0.000934947  -0.00490792  0.040577  
               0.000572282  -0.00494364  0.0399813  
               -0.00498735  -0.000128481  0.0306312  
               -0.0049763  -0.000240629  0.0293162  
               0.00483433  -0.00120487  0.0424319  
               0.00102091  0.00489014  0.0230993  
               0.0021612  0.00448696  0.0238293  
               -0.00472048  0.00158019  0.0160242  
               -0.00110148  -0.0048657  0.0212335  
               -0.00316395  -0.00384049  0.0351372  
               -0.000455046  -0.00495518  0.0257873  
               -0.000361873  -0.00496436  0.0243629  
               0.00235949  0.00438097  0.0433943  
               0.00323742  0.00378019  0.0424634  
               -0.00146325  -0.00475595  0.0452379  
               0.000154432  -0.00498479  0.0374302  
               0.00497927  -0.000210449  0.0128477  
               -0.00428669  -0.00253587  0.0188193  
               0.0028021  -0.00413745  0.0448584  
               -0.0046632  -0.00176903  0.017821  
               -0.00423312  -0.0026361  0.0174605  
               0.00331388  -0.00371744  0.0267953  
               -0.00464665  0.00182358  0.0406266  
               -0.00144454  -0.00476163  0.0197004  
               -0.00214999  -0.00449295  0.0205404  
               -0.00499089  9.24999e-05  0.00907943  
               -0.00406487  0.00289054  0.0291922  
               -0.00382069  -0.00318807  0.0323635  
               -0.00438366  0.00235445  0.0353095  
               0.000282439  -0.00497218  0.0289607  
               -0.00356609  0.0034983  0.029824  
               0.00186495  0.0046341  0.0117516  
               0.00499328  -6.82738e-05  0.026357  
               -0.0048612  0.00111632  0.0138027  
               0.00222736  0.00445159  0.0217518  
               0.00494947  0.000513061  0.0212654  
               -0.00477935  0.00138611  0.0056243  
               0.0048822  0.00104706  0.016938  
               0.000764234  -0.00492473  0.0388641  
               -0.00118915  0.0048391  0.0421461  
               0.00277785  -0.00415735  0.0462274  
               0.00487808  -0.00106067  0.0389727  
               0.00490611  0.000953276  0.0264362  
               0.00492498  -0.00076174  0.00470248  
               -0.00499139  8.74526e-05  0.0182357  
               0.00090464  -0.0049109  0.0264536  
               0.00350461  -0.00356092  0.00252274  
               -0.00377408  0.00324487  0.0340995  
               -0.00106304  -0.00487736  0.0320558  
               -0.00497969  0.000206226  0.0428723  
               -0.00217805  -0.00447795  0.0445012  
               0.00399161  0.0029798  0.0128667  
               0.00456186  0.00202106  0.0124778  
               -0.00311383  -0.00388162  0.0184542  
               -0.00365484  -0.00339016  0.0168534  
               -0.00381676  -0.00319286  0.0357949  
               0.00205941  0.00454136  0.0446689  
               0.00487432  0.00107307  0.0409865  
               0.00471365  0.00160271  0.0420808  
               0.00441675  -0.00229254  0.0265857  
               0.00415765  -0.00277728  0.0257492  
               0.00411812  -0.00282565  0.0273785  
               -0.00496552  0.000350073  0.0254715  
               0.00305109  -0.00393311  0.0127695  
               0.00438405  -0.00235372  0.00499284  
               -0.00499198  -8.1473e-05  0.0220389  
               0.00467323  0.00173594  0.0399745  
               -0.00117661  0.0048429  0.00612149  
               0.00434538  0.00242607  0.027774  
               -0.00443573  -0.00225703  0.0287552  
               -0.00494276  -0.000581128  0.0246396  
               0.00462783  0.00188562  0.0269373  
               -0.00491254  -0.000887961  0.0162936  
               0.000319509  0.00496853  0.0365101  
               -0.00420787  -0.00268334  0.00996842  
               -0.00239792  -0.00436043  0.00764699  
               -0.00466588  0.0017602  0.0339847  
               0.00497664  0.000237166  0.0241541  
               0.00366157  0.00338195  0.00587803  
               -0.00496846  0.000320238  0.0315394  
               -0.00091887  -0.0049095  0.0368321  
               -0.00112259  0.00485929  0.0116898  
               0.00345891  0.00359842  0.0323001  
               0.00426568  0.00257518  0.032465  
               0.00463584  -0.00185921  0.0182229  
               0.00497821  0.000221232  0.0111233  
               0.00495165  0.00049091  0.00995103  
               0.00456706  0.00201134  0.0109199  
               0.0025139  -0.00429844  0.0340628  
               0.00234423  -0.00438912  0.00492609  
               0.00207287  -0.00453417  0.00622761  
               -0.00124488  0.0048222  0.0237446  
               -0.00439715  -0.00232922  0.0145483  
               -0.00426916  0.00256867  0.0326702  
               -0.00452956  0.00208149  0.0312687  
               -0.00033205  0.0049673  0.0230896  
               -0.00242923  0.00434369  0.0127011  
               -0.00300635  -0.00396982  0.00976662  
               0.00341617  -0.00363349  0.0341481  
               -0.00257304  -0.00426682  0.0454657  
               0.00134487  -0.00479186  0.0138372  
               0.00343967  -0.0036142  0.0323694  
               0.00281944  -0.00412322  0.0329954  
               -0.00464659  0.00182377  0.0268735  
               0.00498851  -0.000116655  0.00808277  
               0.00480075  -0.00131557  0.00791888  
               0.00494174  0.000591543  0.037761  
               0.00194586  -0.00460205  0.030943  
               -0.00343895  -0.0036148  0.0438938  
               -0.000514174  -0.00494936  0.0060958  
               -0.00427384  0.00255991  0.0453163  
               0.00236644  -0.00437725  0.0139662  
               -0.00251618  -0.00429722  0.00538167  
               -0.0041515  -0.00278498  0.0265859  
               -0.00419494  -0.00270752  0.0275929  
               -0.00383063  0.00317596  0.0445993  
               0.0049701  -0.000303558  0.0187077  
               0.00491254  -0.000888007  0.0217816  
               -0.00267461  0.00421253  0.0316656  
               -0.00341806  0.00363195  0.0239521  
               -0.00278989  0.00414747  0.0417134  
               0.00442426  -0.00227849  0.0191372  
               0.00114237  0.00485329  0.0242562  
               -0.00403106  -0.00293174  0.00293445  
               0.00144461  -0.00476161  0.0342436  
               -0.00493116  -0.000698977  0.0173112  
               0.00483522  -0.00120193  0.0316388  
               0.00356282  0.00350229  0.0226075  
               -0.00247456  0.00431946  0.0180883  
               -0.00132039  0.00479929  0.0184354  
               0.00121733  -0.00483055  0.0149939  
               0.00344341  -0.00361114  0.0103189  
               0.00400263  -0.00296637  0.00874286  
               0.000565082  -0.00494434  0.0446429  
               0.00284254  -0.00410426  0.0317068  
               0.0016249  -0.00470692  0.0127664  
               -0.00157067  -0.00472337  0.0398103  
               0.00323805  0.00377967  0.0211425  
               -0.0017452  -0.00467043  0.0296124  
               -0.00490425  0.000972165  0.0332685  
               0.00156306  -0.00472568  0.0286403  
               -0.00160963  0.00471155  0.0170944  
               -0.000478917  0.00495283  0.0168528  
               -0.00172959  -0.00467516  0.0258443  
               0.00496942  0.000310464  0.0348563  
               0.00188866  -0.00462691  0.0207313  
               -0.00484605  -0.00116625  0.00933814  
               -0.00433138  0.00245225  0.0167548  
               0.00228748  -0.00441946  0.0388316  
               -0.00127281  0.00481372  0.0319698  
               -0.00124132  0.00482327  0.0334416  
               0.00302782  -0.0039522  0.0189233  
               -0.00158608  -0.0047187  0.038719  
               -0.000465678  -0.00495413  0.0448627  
               -0.000176439  -0.00498262  0.0438949  
               0.00112052  0.00485992  0.0192438  
               0.00204011  0.00455168  0.0319631  
               0.0010695  0.0048754  0.0319785  
               0.00486273  -0.00111125  0.0376853  
               -0.00384299  0.0031609  0.0408662  
               0.00483478  0.0012034  0.00896335  
               0.00471521  -0.00159756  0.0100202  
               -0.00479754  0.00132615  0.0356805  
               -0.00493061  0.000704533  0.0348125  
               -0.00498184  0.00018435  0.0359966  
               -0.00364822  0.00339823  0.041995  
               0.00445436  0.00222219  0.00866414  
               0.000245168  -0.00497585  0.0187712  
               -0.00016701  -0.00498355  0.00967301  
               0.00482192  -0.00124578  0.0268702  
               0.00479072  0.00134864  0.0181498  
               0.00263891  -0.00423161  0.0154438  
               -0.00324341  -0.00377528  0.0134514  
               -0.00124694  -0.00482157  0.0442356  
               -0.00485619  -0.00113282  0.0430308  
               -0.0033599  0.00367967  0.0196327  
               -0.0036487  0.00339765  0.0325657  
               0.00313696  0.00386263  0.0200657  
               0.00138662  -0.0047792  0.0325506  
               -0.000512899  -0.00494948  0.0331854  
               0.00453792  -0.00206585  0.0220463  
               -0.00418313  -0.00272961  0.0384472  
               -0.00415183  -0.00278457  0.025548  
               0.00040625  -0.00495999  0.0107479  
               -0.0038095  0.00320171  0.0117502  
               0.00378811  -0.00322777  0.0445836  
               0.00453384  0.00207348  0.0171616  
               5.40806e-05  0.00499467  0.0176998  
               -0.0023156  -0.00440443  0.0408318  
               -0.00491557  -0.000857243  0.0207682  
               0.0010302  0.00488732  0.0352554  
               -0.00247427  -0.00431962  0.0289648  
               -0.00287896  -0.00407437  0.0235604  
               0.00140466  0.00477373  0.031017  
               -0.0046597  0.00178056  0.0256868  
               -0.00438314  0.00235542  0.0247733  
               0.00107777  0.00487289  0.0141605  
               -0.00464695  -0.00182257  0.0383978  
               -0.00427008  0.00256694  0.0383369  
               0.00255061  0.00427881  0.0401772  
               0.00379394  0.00322067  0.0401543  
               -0.00461204  0.00192719  0.0391311  
               0.0045287  0.0020831  0.020413  
               0.00219646  -0.00446811  0.0249458  
               0.00341465  -0.00363474  0.0253883  
               -0.00441951  -0.00228737  0.0425434  
               0.00409111  -0.00285856  0.0097493  
               0.00449948  -0.00213777  0.0442509  
               0.000596583  -0.00494124  0.0249198  
               -0.00165058  0.00469913  0.0369804  
               -5.17994e-05  0.0049949  0.0330801  
               0.00498472  -0.000155167  0.0253324  
               -0.00369131  0.00334572  0.00610773  
               -0.00476356  0.00143816  0.03231  
               0.00437624  -0.00236833  0.038283  
               -0.00493196  0.000690806  0.0165357  
               -0.00172917  -0.00467529  0.0186472  
               0.00466351  -0.00176801  0.0155945  
               -0.00223137  -0.00444945  0.033409  
               0.00490799  -0.000934179  0.017924  
               -0.00494636  -0.000544637  0.0350496  
               -0.00474215  -0.00150877  0.0346574  
               0.00498121  0.000190759  0.0442778  
               -0.00493169  -0.000693599  0.033989  
               0.00335123  0.00368679  0.0256724  
               -0.00115806  -0.00484853  0.0378124  
               0.00131957  0.00479954  0.0439725  
               0.00451896  -0.00210133  0.00861062  
               0.00189014  -0.00462646  0.0162502  
               0.0015916  0.00471702  0.039962  
               -0.000485966  -0.00495214  0.0118405  
               -0.00499351  -6.59363e-05  0.0279243  
               -0.0032526  0.00376773  0.0275092  
               0.000783888  0.00492279  0.0260547  
               0.00124353  0.00482261  0.0422326  
               0.00495042  -0.000503366  0.00930344  
               0.00493781  -0.000631387  0.010336  
               0.00314119  -0.00385917  0.0199181  
               0.00485495  -0.00113691  0.00261355  
               0.00221968  -0.00445569  0.0084751  
               0.00337605  -0.00366642  0.0281027  
               -0.00370876  0.00332446  0.0164787  
               0.00397722  0.00299733  0.021008  
               0.00495957  -0.00041045  0.0432998  
               0.00136867  -0.00478465  0.0255598  
               -0.00444304  -0.00224335  0.0200087  
               -0.004211  0.00267748  0.0261723  
               0.00149095  -0.00474755  0.0395673  
               -0.00488352  -0.00104274  0.0282296  
               0.00203433  0.00455477  0.0350917  
               -0.00492592  0.000752189  0.0292396  
               0.000476882  -0.00495303  0.0121607  
               0.0025188  0.00429581  0.0296941  
               0.00229023  -0.00441799  0.0195591  
               0.0049342  0.000668072  0.012277  
               0.000512027  -0.00494957  0.0332163  
               0.00254552  -0.00428153  0.0279536  
               -0.00381034  0.00320068  0.0205462  
               -0.00496427  -0.000362796  0.0438368  
               0.000659174  -0.00493508  0.0215748  
               -0.00383302  -0.00317304  0.0287342  
            </DataArray>
         </Points> 

         <Cells>
            <DataArray type="Int32" Name="connectivity" NumberOfComponents="1" format="ascii">
               
            </DataArray> 
            <DataArray type="Int32" Name="offsets" NumberOfComponents="1" format="ascii">
               
            </DataArray>
            <DataArray type="UInt8"  Name="types" NumberOfComponents="1" format="ascii">
               
            </DataArray>
         </Cells>
         <PointData Scalars="Rank " Vectors="DisplacementDelta Force ">
            <DataArray type="UInt32" Name="Rank" NumberOfComponents="1" format="ascii">
               0 0 0 0 0 0 0 0 0 0 0 0 0 0 0 0 0 0 0 0 0 0 0 0 0 0 0 0 0 0 0 0 0 0 0 0 0 0 0 0 0 0 0 0 0 0 0 0 0 0 0 0 0 0 0 0 0 0 0 0 0 0 0 0 0 0 0 0 0 0 0 0 0 0 0 0 0 0 0 0 0 0 0 0 0 0 0 0 0 0 0 0 0 0 0 0 0 0 0 0 0 0 0 0 0 0 0 0 0 0 0 0 0 0 0 0 0 0 0 0 0 0 0 0 0 0 0 0 0 0 0 0 0 0 0 0 0 0 0 0 0 0 0 0 0 0 0 0 0 0 0 0 0 0 0 0 0 0 0 0 0 0 0 0 0 0 0 0 0 0 0 0 0 0 0 0 0 0 0 0 0 0 0 0 0 0 0 0 0 0 0 0 0 0 0 0 0 0 0 0 0 0 0 0 0 0 0 0 0 0 0 0 0 0 0 0 0 0 0 0 0 0 0 0 0 0 0 0 0 0 0 0 0 0 0 0 0 0 0 0 0 0 0 0 0 0 0 0 0 0 0 0 0 0 0 0 0 0 0 0 0 0 0 0 0 0 0 0 0 0 0 0 0 0 0 0 0 0 0 0 0 0 0 0 0 0 0 0 0 0 0 0 0 0 0 0 0 0 0 0 0 0 0 0 0 0 0 0 0 0 0 0 0 0 0 0 0 0 0 0 0 0 0 0 0 0 0 0 0 0 0 0 0 0 0 0 0 0 0 0 0 0 0 0 0 0 0 0 0 0 0 0 0 0 0 0 0 0 0 0 0 0 0 0 0 0 0 0 0 0 0 0 0 0 0 0 0 0 0 0 0 0 0 0 0 0 0 0 0 0 0 0 0 0 0 0 0 0 0 0 0 0 0 0 0 0 0 0 0 0 0 0 0 0 0 0 0 0 0 0 0 0 0 0 0 0 0 0 0 0 0 0 0 0 0 0 0 0 0 0 0 0 0 0 0 0 0 0 0 0 0 0 0 0 0 0 0 0 0 0 0 0 0 0 0 0 0 0 0 0 0 0 0 0 0 0 0 0 0 0 0 0 0 0 0 0 0 0 0 0 0 0 0 0 0 0 0 0 0 0 0 0 0 0 0 0 0 0 0 0 0 0 0 0 0 0 0 0 0 0 0 0 0 0 0 0 0 0 0 0 0 0 0 0 0 0 0 0 0 0 0 0 0 0 0 0 0 0 0 0 0 0 0 0 0 0 0 0 0 0 0 0 0 0 0 0 0 0 0 0 0 0 0 0 0 0 0 0 0 0 0 0 0 0 0 0 0 0 0 0 0 0 0 0 0 0 0 0 0 0 0 0 0 0 0 0 0 0 0 0 0 0 0 0 0 0 0 0 0 0 0 0 0 0 0 0 0 0 0 0 0 0 0 0 0 0 0 0 0 0 0 0 0 0 0 0 0 0 0 0 0 0 0 0 0 0 0 0 0 0 0 0 0 0 0 0 0 0 0 0 0 0 0 0 0 0 0 0 0 0 0 0 0 0 0 0 0 0 0 0 0 0 0 0 0 0 0 0 0 0 0 0 0 0 0 0 0 0 0 0 0 0 0 0 0 0 0 0 0 0 0 0 0 0 0 0 0 0 0 0 0 0 0 0 0 0 0 0 0 0 0 0 0 0 0 0 0 0 0 0 0 0 0 0 0 0 0 0 0 0 0 0 0 0 0 0 0 0 0 0 0 0 0 0 0 0 0 0 0 0 0 0 0 0 0 0 0 0 0 0 0 0 0 0 0 0 0 0 0 0 0 0 0 0 0 0 0 0 0 0 0 0 0 0 0 0 0 0 0 0 0 0 0 0 0 0 0 0 0 0 0 0 0 0 0 0 0 0 0 0 0 0 0 0 0 0 0 0 0 0 0 0 0 0 0 0 0 0 0 0 0 0 0 0 0 0 0 0 0 0 0 0 0 0 0 0 0 0 0 0 0 0 0 0 0 0 0 0 0 0 0 0 0 0 0 0 0 0 0 0 0 0 0 0 0 0 0 0 0 0 0 0 0 0 0 0 0 0 0 0 0 0 0 0 0 0 0 0 0 0 0 0 0 0 0 0 0 0 0 0 0 0 0 0 0 0 0 0 0 0 0 0 0 0 0 0 0 0 0 0 0 0 0 0 0 0 0 0 0 0 0 0 0 0 0 0 0 0 0 0 0 0 0 0 0 0 0 0 0 0 0 0 0 0 0 0 0 0 0 0 0 0 0 0 0 0 0 0 0 0 0 0 0 0 0 0 0 0 0 0 0 0 0 0 0 0 0 0 0 0 0 0 0 0 0 0 0 0 0 0 0 0 0 0 0 0 0 0 0 0 0 0 0 0 0 0 0 0 0 0 0 0 0 0 0 0 0 0 0 0 0 0 0 0 0 0 0 0 0 0 0 0 0 0 0 0 0 0 0 0 0 0 0 0 0 0 0 0 0 0 0 0 0 0 0 0 0 0 0 0 0 0 0 0 0 0 0 0 0 0 0 0 0 0 0 0 
            </DataArray>
            <DataArray type="Float64" Name="DisplacementDelta" NumberOfComponents="3" format="ascii">
               1.3e-09 5.9008e-10 2.5041e-10  6.45271e-10 4.18978e-10 3.58247e-10  -1.21507e-09 -1.91688e-09 -8.26789e-09  -4.90387e-10 -3.91856e-10 -1.44631e-08  -1.09976e-10 4.63972e-10 4.65515e-10  1.34455e-11 1.18109e-10 2.4957e-10  2.95359e-08 -1.30613e-07 1.36255e-07  -2.7511e-10 -1.55523e-11 -1.94604e-09  -2.43196e-10 1.71798e-09 -1.94199e-09  1.54687e-10 -9.03047e-10 -1.67081e-09  -4.53584e-10 -7.04566e-10 4.27491e-11  1.99596e-07 -8.04201e-08 1.27573e-07  8.28722e-07 7.25013e-08 1.85691e-07  8.52255e-07 1.97414e-06 -1.91914e-06  6.22479e-07 7.56686e-07 -2.02972e-06  1.80486e-06 2.18005e-06 -1.81273e-06  8.21904e-10 3.84477e-10 -4.12589e-11  1.75954e-07 -1.26386e-07 8.2533e-08  4.56884e-11 -3.90084e-10 -2.44649e-10  -1.56636e-10 -7.21591e-11 -7.62678e-10  2.62415e-10 -1.23471e-10 -9.87813e-10  3.78665e-07 9.29917e-08 1.92211e-07  5.91573e-07 2.09247e-07 1.58114e-07  -9.85641e-11 2.72168e-11 1.132e-10  5.12697e-11 3.61502e-10 3.66705e-10  4.44926e-10 2.59004e-10 3.86005e-10  -9.95097e-10 1.89303e-10 5.40054e-10  3.20983e-07 5.58895e-07 3.40711e-07  -2.79152e-10 2.01142e-10 8.68484e-11  -3.2745e-10 -7.12815e-13 1.73365e-10  1.50406e-07 2.90299e-07 2.49428e-07  4.05284e-07 3.2534e-07 2.04378e-07  -7.76259e-11 1.0581e-09 1.75283e-10  -4.52936e-08 2.6941e-07 2.48545e-07  -6.62805e-08 2.42561e-07 1.73249e-07  -7.68116e-07 2.07425e-06 7.71735e-07  -8.70078e-10 5.59668e-11 3.95585e-10  -3.03021e-10 3.6282e-10 4.53111e-11  8.07275e-06 8.34613e-07 -6.92942e-07  6.99227e-06 1.31422e-06 -1.8178e-06  6.20438e-06 -4.40197e-07 -1.96399e-06  -1.58581e-08 -6.23607e-07 2.553e-07  -7.02804e-08 -1.15834e-06 4.14233e-07  -5.4822e-10 4.39501e-10 -2.00228e-10  5.58793e-10 1.69084e-10 -8.36038e-10  -1.15483e-09 1.94693e-09 -4.24901e-10  -7.25179e-08 1.41307e-07 -1.61015e-06  -1.85831e-07 1.79357e-07 -1.59329e-06  -8.36664e-08 3.10523e-07 1.55445e-07  5.4516e-07 7.59969e-07 4.3058e-07  4.16624e-07 6.60802e-07 3.64595e-07  -1.02293e-07 -1.04021e-07 1.65929e-07  -4.71834e-08 -2.88818e-07 1.78375e-07  5.52771e-07 7.32024e-07 3.00355e-07  1.25272e-06 5.28793e-07 3.23917e-07  1.30553e-06 1.67775e-06 4.71834e-07  2.94743e-07 3.6333e-07 2.67436e-07  6.691e-07 2.79801e-07 2.3312e-07  -2.38903e-06 9.54074e-07 8.20889e-07  -6.87746e-07 4.96656e-07 4.70443e-07  -5.99428e-07 2.99467e-07 5.22673e-07  1.67874e-12 -1.49515e-10 8.06791e-11  -3.47114e-10 -2.58412e-10 2.15303e-10  -2.17654e-08 -3.5962e-07 1.51414e-07  8.18794e-07 1.35641e-07 2.57019e-07  4.61109e-07 8.34147e-08 2.41449e-07  -4.2713e-10 -1.04688e-10 -5.72304e-09  9.66628e-10 6.07742e-10 -6.70597e-09  -1.83979e-10 -1.91115e-10 -8.85966e-09  4.34666e-07 7.64504e-07 3.61436e-07  -1.41536e-09 -1.76993e-07 -1.74163e-06  -1.83235e-08 -1.38402e-07 -1.90035e-06  -3.00885e-08 -1.46875e-08 4.50408e-08  7.27915e-08 6.04775e-08 8.58232e-08  -1.68251e-10 4.78952e-10 1.25112e-11  1.66523e-06 2.00234e-07 3.06463e-07  -1.01368e-08 -4.52128e-07 2.00342e-07  9.44103e-10 -7.10136e-09 -6.21941e-08  -4.98146e-10 -3.34744e-09 -5.55236e-08  -8.93976e-10 1.85449e-09 -2.504e-09  -5.10924e-10 8.06148e-10 -1.73624e-09  -4.11655e-09 -4.66415e-07 2.80786e-07  -5.53463e-10 5.26388e-10 -3.65849e-11  -1.69551e-10 1.02146e-10 2.65831e-11  -1.91086e-08 -4.14265e-07 2.16842e-07  -5.62479e-10 -1.47993e-09 -4.4296e-10  -5.36531e-10 -7.87976e-10 -1.0477e-09  -1.30984e-09 1.97761e-10 5.32679e-10  -5.1663e-10 -6.26468e-11 4.0088e-10  -2.32361e-11 -2.09823e-10 -3.78059e-11  3.68225e-08 -6.99705e-08 -9.98896e-07  3.01723e-08 -4.28345e-08 -8.6386e-07  -1.00908e-08 -4.44473e-09 -8.02717e-08  1.24151e-07 1.8045e-07 -1.77508e-06  2.25544e-07 3.39327e-07 -1.98506e-06  1.25059e-07 1.685e-07 -1.79081e-06  -2.08096e-10 -9.82532e-10 2.35734e-11  -1.32844e-07 1.1721e-07 -1.58038e-06  -5.43272e-08 3.4654e-08 -1.42248e-06  -7.89157e-08 1.57869e-08 -1.5435e-06  -2.3182e-10 -9.13013e-11 1.29125e-10  7.9187e-10 -2.44415e-10 5.02963e-10  8.85339e-07 -5.39978e-06 1.01709e-06  2.31452e-06 -3.77268e-06 9.79128e-07  8.84258e-07 -2.61289e-06 1.00524e-06  9.19337e-07 4.02544e-07 -1.99407e-06  1.3311e-06 3.05958e-07 -1.5972e-06  1.41125e-09 -2.63423e-10 2.84465e-10  7.91431e-10 -1.23765e-10 3.84705e-10  6.45861e-07 9.77795e-08 2.14039e-07  -3.41079e-07 5.16835e-09 1.42684e-07  -3.36856e-10 -7.6701e-10 1.69431e-10  4.42999e-06 -1.63139e-06 7.63602e-07  7.64413e-07 -3.87788e-07 3.84118e-07  3.49552e-06 -2.51814e-06 9.14412e-07  -3.25987e-07 -1.03164e-08 1.21684e-07  5.44907e-09 4.45713e-08 4.31837e-08  9.36552e-10 -4.50722e-10 -4.19889e-10  1.71641e-10 1.09992e-09 3.45655e-10  1.03878e-10 8.09528e-10 1.61443e-10  3.43703e-10 1.54806e-10 1.47037e-10  7.64416e-10 3.07282e-10 1.91499e-10  -2.35317e-07 1.65784e-07 1.22161e-07  4.58881e-08 1.52949e-09 1.09099e-07  -3.99687e-08 2.50821e-08 1.56075e-07  2.34079e-07 -1.96521e-08 9.99498e-08  1.68799e-07 -5.87109e-08 9.00498e-08  -3.22408e-10 -1.65951e-10 -2.51403e-10  -1.14967e-06 4.26899e-06 9.94666e-07  -2.3976e-06 7.85653e-06 6.68239e-08  -9.28701e-07 6.57739e-06 7.4605e-07  2.45234e-08 -3.72877e-08 -7.78587e-07  1.93612e-08 -2.06729e-08 -6.71787e-07  -2.47001e-06 3.00213e-06 -2.02327e-06  -3.62646e-06 5.41234e-06 -1.99362e-06  -1.89039e-06 5.45658e-06 -2.00921e-06  9.47329e-08 -6.71606e-08 1.01802e-07  3.61111e-07 -7.73758e-08 1.55563e-07  1.16498e-07 -3.69237e-07 1.43455e-07  1.36948e-07 -4.15687e-07 1.96645e-07  -2.18817e-06 -7.12483e-06 -1.76155e-06  6.16142e-07 9.23794e-07 4.83856e-07  -9.6342e-10 2.12082e-10 5.66964e-10  6.65789e-08 -6.39462e-07 2.91523e-07  2.60092e-07 -7.05166e-07 4.69986e-07  -7.91489e-10 -3.14392e-07 2.1071e-07  -4.59578e-10 5.89777e-10 5.59745e-11  -8.92772e-08 2.77485e-08 7.32036e-08  -1.03228e-07 5.72317e-08 5.71104e-08  -3.68323e-10 2.46767e-10 3.47542e-10  9.76675e-11 1.91654e-10 1.1648e-10  4.07027e-06 7.26466e-06 -9.62044e-08  2.69944e-06 4.47185e-06 6.71652e-07  3.68319e-06 4.82995e-06 6.41853e-07  -6.54233e-10 -2.98301e-11 1.85685e-10  -1.01069e-10 -4.05873e-10 5.03977e-11  -1.91752e-07 -2.36869e-06 7.35049e-07  1.86244e-07 -1.85575e-06 7.66701e-07  4.85217e-10 -1.47037e-09 -5.55761e-09  2.07613e-11 -1.18782e-09 -1.33756e-09  2.87311e-07 -1.69234e-07 2.4555e-07  1.19778e-10 3.62048e-10 -4.42742e-10  -2.50307e-06 -8.00091e-06 -7.74571e-07  5.92771e-07 1.09447e-07 2.70016e-07  7.43083e-07 2.11944e-07 2.5056e-07  -4.56275e-10 -2.75491e-10 -5.30747e-11  -7.66538e-10 -8.94869e-10 -2.48853e-10  -3.45518e-08 4.0749e-08 1.22535e-07  4.23029e-10 -2.31698e-10 4.56699e-10  1.36523e-09 3.99685e-10 1.67217e-10  -1.23163e-09 -8.83374e-10 -7.8356e-10  -6.09713e-10 -2.52988e-10 -3.01047e-10  9.56999e-10 -4.07922e-10 -6.26482e-10  2.1987e-10 3.44042e-10 1.52782e-10  1.00048e-07 4.12829e-08 1.45188e-07  7.4057e-08 -1.38693e-08 1.73062e-07  1.57913e-07 1.64867e-07 3.04282e-07  1.38892e-07 -1.9742e-07 8.68971e-08  -5.09287e-07 1.44559e-07 -1.73726e-06  -3.50236e-07 -7.07074e-08 -1.62928e-06  -1.15629e-06 4.41013e-08 -1.39364e-06  1.35828e-06 -1.76262e-06 -2.08668e-06  3.83147e-07 -7.40266e-07 -2.04033e-06  -1.58957e-07 -1.72768e-08 1.64464e-07  5.45954e-11 -2.03793e-10 -7.9031e-10  1.29118e-10 6.55287e-10 -1.3462e-09  -2.00069e-08 2.55524e-08 -4.06169e-07  -2.43165e-08 2.93975e-08 -5.36357e-07  -3.52081e-07 -1.36196e-06 -1.47507e-06  -5.60032e-07 -1.15294e-06 -1.3731e-06  8.13902e-09 -4.97697e-09 -4.16267e-08  4.9464e-07 6.67811e-07 3.56693e-07  -1.14952e-09 -1.70679e-10 -7.9503e-10  -1.44558e-07 1.63598e-07 1.50894e-07  1.22984e-06 2.06103e-07 3.20437e-07  9.36987e-07 1.21465e-07 3.06497e-07  -1.48624e-08 8.28887e-09 -9.30056e-08  -1.06462e-09 3.57245e-09 -5.81245e-08  1.23813e-09 -3.89597e-10 4.28756e-10  8.48744e-10 -8.93389e-11 -5.48294e-10  -1.26148e-10 -1.6808e-09 -9.00842e-10  -1.23557e-09 2.33938e-10 4.45653e-10  -1.80459e-09 3.60714e-10 3.70606e-10  4.28644e-07 7.61298e-09 1.53427e-07  -8.52235e-12 3.48422e-10 5.09534e-11  -3.05271e-06 -5.33316e-06 6.83793e-07  -5.31113e-07 -2.16307e-06 7.90251e-07  -6.63368e-07 -5.0399e-06 8.2589e-07  -3.62903e-10 -4.92094e-10 -1.16948e-09  -2.73813e-09 5.015e-10 -2.00312e-09  -2.42637e-09 -1.14081e-10 -3.54146e-09  2.01179e-07 8.43361e-08 2.26193e-07  1.85969e-09 -1.22611e-09 -3.27584e-08  4.80515e-09 -2.27051e-09 -3.01757e-08  -7.51022e-10 3.79965e-10 -3.69436e-10  5.116e-10 -1.29576e-10 -3.89513e-10  -5.4994e-10 2.00557e-10 -3.27213e-10  4.15198e-08 -1.68493e-08 -5.87081e-07  3.05062e-07 5.92293e-06 8.68408e-07  1.62742e-10 1.00722e-09 -1.36912e-09  -5.89792e-10 -1.06582e-09 -5.95524e-10  -5.6175e-10 -1.03547e-09 -4.15038e-11  -9.46064e-10 1.24202e-09 -5.20027e-10  -3.04918e-10 1.93996e-10 1.28486e-10  -6.21486e-10 2.18724e-10 3.55914e-10  2.73153e-10 -1.11835e-09 -5.00764e-10  -7.00501e-11 -8.79822e-10 -1.28004e-11  -2.31042e-07 8.81664e-08 2.19584e-07  1.3765e-09 6.42982e-10 2.44686e-10  -1.77425e-06 2.05386e-06 -1.95496e-06  -1.50777e-06 1.27041e-06 -2.18186e-06  -2.26097e-06 1.74782e-06 -1.92002e-06  -3.49333e-09 -5.52393e-09 -6.70387e-08  -2.26418e-09 -6.78864e-09 -4.39595e-08  -3.96967e-09 -9.91104e-09 -7.05372e-08  8.13807e-10 -1.65812e-10 4.75378e-10  -4.95946e-07 -1.24114e-06 -1.86363e-06  -9.86173e-11 -1.78338e-11 -1.42467e-10  9.28751e-07 1.46984e-06 4.87008e-07  1.03443e-06 1.97216e-06 6.14958e-07  -3.55997e-10 2.09862e-10 3.91448e-10  -4.4036e-10 -1.15152e-09 4.53735e-11  1.57899e-09 7.9894e-10 -2.94951e-10  -1.56058e-09 2.66805e-10 3.9053e-10  -3.54654e-06 9.62437e-07 -2.02175e-06  2.41222e-10 -6.33481e-12 5.45533e-11  2.41911e-10 -3.06081e-10 2.96067e-11  -1.05192e-09 1.31876e-09 -4.9778e-10  -1.58931e-09 1.47548e-10 -7.02419e-10  -2.3954e-09 3.89303e-10 -3.4781e-10  -1.86592e-09 3.58692e-10 -5.17966e-10  2.40449e-11 -5.31503e-10 9.64618e-11  2.46126e-10 -9.01579e-10 -9.84278e-10  8.17746e-10 2.7065e-10 -9.94723e-10  4.64463e-10 9.46821e-10 -1.20995e-09  3.20275e-08 -2.56716e-10 6.93404e-08  3.33258e-10 -3.02808e-10 4.09885e-10  -1.17284e-10 -5.32362e-10 -3.68213e-10  -7.17853e-12 9.56588e-10 -9.00197e-10  -2.32856e-06 1.15069e-06 -1.93831e-06  -1.72685e-06 4.90396e-07 -2.14064e-06  -1.11798e-06 4.70156e-07 -2.20507e-06  1.50779e-10 8.86053e-11 1.62248e-10  2.27861e-09 1.31451e-09 -3.7515e-09  -1.42271e-09 -6.03073e-10 -1.74298e-09  -9.72413e-08 -1.23902e-06 4.7433e-07  1.11413e-07 -6.51059e-07 -1.75681e-06  -1.2387e-09 1.56974e-09 -1.37983e-08  -1.80993e-07 -7.38669e-07 4.28943e-07  -1.74964e-09 -1.32998e-09 -1.51105e-09  -2.68246e-09 -9.83038e-10 -2.00317e-09  -1.68297e-10 -7.33652e-10 1.2392e-10  -2.24421e-07 1.99285e-07 1.26535e-07  -6.58584e-08 6.67409e-08 8.81035e-08  -5.27252e-10 -5.37356e-10 1.92797e-10  3.62772e-10 8.75467e-11 -5.81589e-10  -1.69898e-07 5.83898e-08 5.89865e-08  -1.00712e-07 5.76493e-08 8.29126e-08  -2.9599e-07 1.51526e-07 2.9128e-07  9.27748e-07 -1.2682e-06 7.37708e-07  5.88045e-07 1.05047e-07 2.51536e-07  9.8803e-10 -2.00268e-10 4.77989e-10  -6.42466e-07 1.17595e-07 5.08783e-07  -3.54312e-06 2.96459e-06 7.50831e-07  -4.37581e-10 -8.49761e-10 -4.94138e-11  -3.79865e-07 -5.72838e-07 -2.02037e-06  -7.85225e-07 -5.81022e-07 -1.95594e-06  -2.03271e-07 -2.61529e-07 -1.87816e-06  1.59135e-09 6.89331e-10 -4.01006e-10  2.48047e-07 2.56278e-07 2.76262e-07  -6.08034e-10 -2.07678e-09 -1.17008e-08  6.70599e-08 -2.08226e-07 1.96003e-07  -4.14227e-09 7.03789e-09 -8.09935e-08  1.90865e-07 1.18806e-07 -1.84099e-06  4.2258e-07 2.44489e-07 -2.00348e-06  3.93206e-07 6.92607e-08 1.95716e-07  7.48794e-08 -1.57317e-09 9.46011e-08  -3.52125e-09 4.53082e-09 -3.49969e-08  -8.20359e-10 -1.5334e-10 -1.06331e-09  -5.55619e-08 -6.37313e-07 3.1966e-07  -6.05462e-06 2.83094e-07 -2.3429e-06  -5.24421e-06 -7.41341e-07 -2.42614e-06  8.1484e-09 5.74533e-09 -1.12928e-07  2.73704e-09 2.47899e-09 -1.03347e-07  6.99877e-09 3.87888e-09 -7.67294e-08  1.34792e-07 -9.34927e-08 -1.66683e-06  1.22296e-07 -1.31575e-07 -1.68523e-06  1.40663e-07 -1.36822e-07 -1.64924e-06  -7.72865e-08 1.89842e-07 1.86219e-07  5.12277e-10 1.35399e-11 2.24053e-10  3.58635e-10 8.71386e-11 1.55535e-10  9.17757e-11 -4.14345e-10 -9.10394e-10  3.77498e-09 3.02413e-09 -2.74489e-08  3.31918e-09 3.49132e-09 -2.39067e-08  9.61822e-10 1.43199e-09 -1.83869e-08  1.96159e-10 8.33649e-10 -1.23927e-08  7.74842e-07 1.27643e-06 4.67914e-07  1.30057e-10 1.99161e-08 -2.50897e-07  -1.32362e-09 -5.42935e-10 -9.90373e-10  4.77181e-10 7.0686e-11 -6.70398e-10  4.31873e-10 6.82433e-11 -5.8959e-10  7.24059e-12 -3.49206e-10 -5.39259e-10  -5.38579e-10 1.24919e-10 -6.2552e-10  3.06973e-10 -5.43513e-10 -1.14098e-09  -6.17299e-10 -3.08425e-10 -3.03066e-10  8.23069e-10 3.66599e-10 3.27881e-10  1.61007e-08 -1.68635e-07 -1.77185e-06  1.04695e-08 7.96596e-08 -1.34375e-06  -1.31142e-06 1.15259e-06 6.90667e-07  -1.95018e-07 9.0504e-07 5.24975e-07  5.32402e-06 -2.64716e-06 -2.18404e-06  7.60794e-06 -2.21911e-06 -1.23901e-06  1.06385e-09 3.65618e-09 -5.54625e-09  8.03882e-10 3.76712e-09 -2.49587e-09  1.42486e-07 2.30066e-08 -1.68266e-06  1.11705e-09 4.70391e-10 2.53201e-10  1.00933e-07 -2.30782e-07 1.90623e-07  -2.59329e-09 8.623e-11 -7.61495e-11  -1.61382e-08 -1.75504e-07 -1.72719e-06  -9.94636e-08 -1.62019e-07 -1.76886e-06  -3.6777e-08 -1.0885e-07 -1.81654e-06  -1.49058e-09 3.49483e-10 -8.81011e-10  -3.46118e-07 3.53076e-06 9.96636e-07  -3.46655e-07 1.99154e-06 7.5368e-07  -2.32824e-10 1.10136e-10 2.1022e-10  2.14882e-08 1.84616e-08 -3.90459e-07  2.10076e-08 2.68512e-08 -4.96189e-07  -2.69625e-07 6.0653e-07 3.56018e-07  -3.66971e-07 2.59934e-07 1.53933e-07  -3.09286e-07 2.19261e-07 2.0232e-07  -5.76928e-10 1.38577e-10 5.28889e-10  6.69211e-10 -1.46975e-10 2.05197e-11  -9.57286e-10 3.1799e-10 -8.62643e-10  8.0656e-11 -6.98588e-10 -9.28119e-10  -4.65771e-08 -1.28209e-08 -5.72506e-07  -2.24749e-08 -4.15865e-09 -7.02697e-07  3.45728e-09 5.73709e-09 -3.42813e-08  -2.64146e-11 3.49775e-09 -3.32581e-08  -7.73709e-10 -8.7989e-10 -2.44828e-08  -6.62731e-10 8.94275e-10 -8.01468e-09  -1.36825e-09 -8.77282e-10 -5.75047e-09  -7.20498e-10 -2.32223e-10 -6.373e-09  2.79584e-08 -9.99421e-09 -7.38766e-07  5.08984e-08 9.01764e-09 -7.98806e-07  -1.34891e-09 1.88178e-10 -4.06821e-10  -3.51922e-10 -2.20998e-10 -8.146e-10  -1.626e-09 3.56891e-11 -5.57843e-10  -6.23034e-10 8.13357e-10 1.10578e-10  -4.65472e-08 2.57572e-07 2.45834e-07  1.44123e-09 4.42488e-10 -4.18059e-10  -3.09553e-08 1.00225e-08 -1.03628e-06  -2.75154e-08 4.93674e-08 -1.23292e-06  -3.07583e-08 5.71187e-08 -9.85558e-07  1.02735e-06 1.73365e-06 4.78079e-07  6.55069e-07 1.10516e-06 4.02758e-07  -4.8602e-10 2.45506e-10 1.039e-10  7.56136e-10 7.05179e-10 -2.12057e-10  -6.51887e-09 -3.18008e-08 -7.49002e-07  1.90593e-08 -3.64599e-08 -8.85435e-07  3.32219e-09 -4.66028e-08 -6.6016e-07  -6.12285e-08 6.9032e-07 4.94758e-07  5.65616e-06 -4.66404e-06 4.20589e-07  6.72047e-06 -5.43469e-06 -8.45593e-07  5.42122e-06 -6.47597e-06 -2.78687e-07  1.73508e-10 1.50683e-10 1.26012e-10  -6.53867e-07 -5.7448e-07 -1.3244e-06  -1.34929e-06 -6.44672e-07 -1.56474e-06  4.87461e-09 2.28031e-09 -2.2489e-08  -4.49704e-09 -2.20277e-08 -2.57955e-07  -1.49308e-10 -2.36442e-08 -2.10589e-07  -2.57226e-09 -2.63716e-08 -1.80794e-07  -8.08994e-09 1.30992e-09 -2.25881e-07  -2.78644e-08 -7.5272e-09 -4.43271e-07  -2.72809e-08 -1.44105e-09 -2.49966e-07  2.06338e-10 -1.08226e-09 -8.93552e-12  1.22004e-08 -5.64618e-09 -1.15968e-07  3.80123e-10 5.30153e-10 -8.39027e-08  7.6507e-10 -1.96475e-09 -3.12267e-09  -5.23277e-08 -8.42815e-07 3.41162e-07  8.82707e-10 -1.508e-09 -1.25503e-09  -3.39591e-06 6.42743e-06 5.47037e-07  -5.42111e-06 4.60774e-06 -4.07619e-08  -3.44121e-09 1.69207e-08 -1.01786e-07  -4.97407e-09 7.75267e-09 -7.3333e-08  8.00186e-07 -5.54723e-07 -1.3229e-06  1.99547e-07 -1.91015e-07 -1.60062e-06  -6.37437e-07 5.07371e-07 3.98063e-07  1.42989e-08 -2.36085e-07 -1.72613e-06  -7.4082e-11 -3.34398e-10 -8.72134e-11  -8.86099e-11 1.06115e-09 -5.13194e-10  -1.27359e-06 -1.56421e-07 7.08349e-07  -7.80488e-07 -1.1794e-07 5.17549e-07  1.08712e-07 9.33038e-08 -1.62645e-06  4.23351e-08 9.26685e-08 -1.60641e-06  9.27824e-08 1.51431e-07 -1.70433e-06  -1.31254e-09 1.86357e-10 5.9693e-10  6.05233e-10 -1.03689e-09 -1.09104e-08  -1.03152e-09 -8.96701e-10 -8.56668e-09  3.35926e-10 -1.54831e-10 -6.67957e-09  -3.45369e-10 5.70545e-10 -4.81167e-09  8.28126e-10 -4.45906e-10 -2.47327e-09  3.32509e-09 1.50734e-09 -1.58953e-08  4.84668e-10 9.49271e-10 -1.20368e-09  7.03608e-10 2.88909e-10 -2.52058e-09  -2.77207e-10 -3.21071e-10 -1.49737e-09  7.01086e-09 -7.12658e-08 -1.55266e-06  4.4605e-08 -1.68246e-07 -1.67436e-06  2.61344e-08 1.9618e-07 2.61716e-07  -3.29512e-10 -1.25243e-09 -1.32784e-10  6.47207e-10 -1.8727e-09 -5.27378e-10  -1.06993e-07 4.35958e-08 -1.00429e-06  -5.01311e-08 7.18329e-09 -1.17229e-06  5.32387e-06 6.44962e-06 2.21224e-08  -5.06696e-09 7.53794e-09 -1.72831e-07  -9.18244e-09 1.51054e-08 -1.68268e-07  -3.13133e-10 -5.69458e-10 -3.40268e-10  6.38659e-10 -5.14024e-10 -4.93459e-10  -3.2994e-06 -2.89167e-06 9.89845e-07  -5.24747e-06 -5.82213e-06 2.75486e-07  3.24709e-11 2.38407e-08 1.17561e-07  2.9278e-09 -4.74002e-10 -1.05148e-08  -1.80668e-09 3.60787e-10 1.49988e-10  -9.53157e-09 2.31904e-08 -2.93125e-07  -1.99866e-07 3.69662e-07 2.46961e-07  1.39085e-08 -1.06935e-08 -1.34118e-07  5.65727e-10 2.28543e-09 -7.95195e-09  1.61128e-10 5.94781e-11 -5.1769e-09  -1.9758e-10 2.88038e-10 -4.09923e-09  -2.18748e-09 1.9886e-09 -1.90899e-09  -1.2718e-09 -1.00325e-10 -2.76492e-09  1.65427e-07 1.23519e-08 -1.75616e-06  -1.32395e-06 -1.86098e-06 8.43217e-07  1.56576e-06 2.58604e-06 5.49107e-07  1.20621e-09 -2.80575e-10 -3.01319e-10  -4.02082e-08 -1.40586e-08 -1.14691e-06  -4.31328e-08 -2.98154e-08 -8.68073e-07  -3.40934e-06 -6.67834e-06 -1.76008e-06  -5.56298e-06 -6.36364e-06 -1.13744e-06  -4.65547e-10 -7.78871e-10 -1.01315e-09  -1.16812e-07 -2.65841e-08 -1.44333e-06  -9.04918e-08 -2.52386e-08 -1.54391e-06  -1.51257e-07 -3.26611e-08 -1.60075e-06  -5.20831e-06 -1.36363e-07 1.06186e-06  4.14933e-09 1.17845e-08 -1.51641e-07  5.93173e-09 1.83626e-08 -1.12661e-07  -9.62999e-10 6.81002e-09 -1.8212e-07  -7.44994e-10 1.39846e-09 -1.01452e-09  2.27477e-09 -1.05005e-09 -2.21436e-09  1.22327e-09 -9.5713e-10 -2.13262e-09  -7.59598e-10 1.78593e-10 -5.64819e-10  -4.33551e-06 1.91796e-06 -2.07551e-06  3.67319e-07 1.29399e-07 -1.99946e-06  1.35584e-07 -3.24621e-08 -1.8351e-06  7.26787e-08 -9.2404e-08 -1.77634e-06  -1.99715e-09 -2.88062e-11 4.00108e-10  6.16592e-09 6.09324e-11 -3.56592e-08  2.02665e-09 2.15303e-09 -1.25651e-08  -1.42561e-09 -3.22806e-09 -5.26317e-09  -1.03756e-10 2.23024e-09 -1.24624e-09  4.87164e-07 -5.67722e-07 -2.05607e-06  1.7669e-06 5.71648e-06 6.76993e-07  -5.37745e-08 -1.32913e-06 -1.49152e-06  -2.2545e-07 -1.03226e-06 -2.03302e-06  2.57017e-10 -7.6526e-10 -1.73648e-08  -7.27374e-10 3.00382e-09 -2.37399e-07  1.00819e-08 1.14172e-08 -1.78534e-07  1.40889e-08 1.55838e-08 -2.36811e-07  7.07111e-10 8.6583e-10 -5.84058e-10  -3.00172e-10 -1.02828e-09 -7.30769e-11  5.78535e-07 1.25561e-06 -1.5356e-06  -2.7275e-10 -5.69034e-10 1.58374e-10  4.17077e-10 -1.13883e-09 -4.90331e-09  9.11272e-11 -1.40443e-09 -4.98711e-09  -4.19856e-10 -1.64655e-10 -7.92401e-09  -1.61486e-08 -7.52707e-08 -1.42835e-06  -5.34769e-09 -1.60007e-09 -3.97493e-08  -6.65395e-09 -2.35374e-09 -5.87333e-08  -4.59075e-08 -4.55997e-08 -9.43737e-07  -2.55625e-08 -4.18983e-08 -1.00253e-06  -3.36728e-08 -1.91938e-08 -1.10723e-06  -9.13045e-10 5.66905e-10 -9.82861e-10  2.69004e-06 4.15505e-06 -2.03668e-06  8.11794e-08 2.18351e-07 -1.69404e-06  -1.54919e-09 2.56267e-10 3.02942e-10  -1.82788e-09 2.5891e-10 1.6971e-11  1.08858e-09 4.03448e-10 -1.63138e-11  3.69638e-10 -1.23249e-10 -3.5609e-10  -2.46776e-08 8.60034e-09 -8.4724e-07  -6.00923e-08 -1.53578e-08 -6.84584e-07  3.44951e-07 8.03499e-07 5.1719e-07  2.34085e-11 -1.11408e-10 -1.19098e-08  -3.66302e-13 3.42198e-09 -1.94979e-08  -7.1323e-10 1.3942e-10 5.79871e-10  -4.72005e-10 1.25029e-10 4.89692e-10  4.2466e-06 2.99074e-06 6.81672e-07  1.89748e-08 2.85899e-08 -4.94544e-07  5.23367e-07 5.4671e-07 -1.46464e-06  7.3256e-07 5.65179e-07 -1.94154e-06  6.35979e-09 7.92987e-09 -7.13712e-08  1.56249e-09 5.20057e-09 -7.79763e-08  -1.6271e-06 -4.93163e-07 -1.59067e-06  -1.24063e-06 -2.13835e-07 -1.91518e-06  4.69112e-10 -3.10981e-10 -7.73663e-10  1.0983e-08 -1.94848e-09 -1.19154e-07  -8.51852e-06 4.84975e-07 -8.76562e-08  -6.81898e-06 2.13167e-06 2.9854e-07  -7.22042e-08 5.48616e-08 -8.61871e-07  5.07004e-06 3.8291e-06 -2.00678e-06  1.7897e-09 9.69913e-10 -3.98724e-09  -9.16041e-07 -7.84666e-07 -2.00472e-06  2.10545e-06 3.71451e-07 3.70626e-07  3.95976e-06 -1.43054e-07 7.51954e-07  1.56981e-08 7.8231e-09 -1.37656e-07  1.23236e-08 4.81629e-11 -1.73048e-07  7.54492e-09 8.50949e-10 -2.1222e-07  -9.29877e-11 1.14664e-08 -1.10355e-07  -9.31846e-07 1.60693e-06 -2.15305e-06  -1.26184e-10 -2.50915e-09 -1.45164e-08  -1.6187e-09 -1.02025e-09 -8.37459e-09  -4.3589e-07 -5.01834e-07 -1.80365e-06  -1.04586e-08 -1.0068e-06 -1.98982e-06  1.07957e-07 1.28416e-06 6.53853e-07  -5.77496e-07 2.40701e-07 -1.90713e-06  -1.86386e-07 7.86572e-08 -1.86354e-06  1.2814e-09 1.6525e-10 -2.59097e-10  2.67466e-09 6.50549e-10 -1.51679e-08  -3.29851e-07 3.66207e-07 2.82375e-07  -6.46211e-07 1.0603e-06 5.57072e-07  1.46101e-06 1.29511e-06 -2.00959e-06  1.08582e-09 1.19765e-10 -9.86813e-09  -1.8406e-09 8.79346e-10 -8.97784e-10  -1.79648e-09 -2.10187e-10 -1.28683e-09  -6.09813e-10 -2.16565e-09 -1.53085e-08  5.96589e-10 -1.14198e-09 -2.29786e-08  -8.60496e-10 -3.73059e-09 -1.71056e-08  -5.8533e-09 8.68038e-09 -1.16358e-07  -3.78289e-09 1.32755e-08 -1.79054e-07  2.97759e-06 2.41164e-06 -1.90069e-06  5.77572e-07 9.46927e-08 2.31412e-07  2.59455e-07 8.21386e-06 -1.79442e-06  -5.39032e-09 -5.96755e-09 -2.83831e-08  8.45307e-09 1.03572e-08 -4.71537e-07  -2.4488e-09 -2.98015e-09 -2.2576e-08  1.00671e-09 -1.82177e-10 9.0003e-12  8.18666e-10 -5.72372e-11 3.39817e-10  1.19438e-06 4.1174e-08 -1.91882e-06  1.22745e-08 5.04561e-09 -7.64396e-08  3.73909e-09 1.06296e-09 -4.03382e-08  7.57456e-09 1.13893e-09 -5.29341e-08  1.38708e-08 -4.34366e-09 -1.63745e-07  1.9981e-08 -5.97454e-09 -1.93419e-07  4.23784e-09 -2.01136e-09 -3.9418e-08  2.40439e-09 6.38479e-10 -2.39859e-08  4.32573e-10 -6.64264e-11 -2.17669e-08  -2.85642e-08 5.32457e-08 -1.2402e-06  -1.77311e-08 2.87323e-08 -1.13011e-06  1.47378e-10 -1.71021e-11 -6.39897e-10  6.00655e-07 -4.56237e-06 -2.076e-06  1.48995e-06 -8.56452e-06 -1.43644e-06  2.14449e-06 -5.20539e-06 -2.20885e-06  1.7159e-06 3.49734e-06 6.25387e-07  1.50537e-08 1.48599e-08 -1.55329e-07  -2.06275e-06 2.66117e-06 8.71678e-07  -6.76691e-06 -4.87239e-06 -7.39597e-07  -5.96981e-06 -3.94091e-06 5.88124e-07  -1.69727e-09 3.06643e-09 -1.4216e-08  -5.59511e-09 1.05441e-07 -1.46916e-06  -5.31155e-08 -2.19933e-08 -9.25027e-07  4.21991e-06 6.31199e-06 -1.87756e-06  1.63523e-09 -3.77888e-10 -6.52338e-10  -1.29004e-08 1.14297e-08 -2.27002e-07  -6.65694e-09 -6.31717e-09 -3.76436e-07  -1.44764e-07 -2.90952e-07 -1.64322e-06  -8.23216e-07 -1.96163e-06 -1.83742e-06  1.83996e-09 4.3146e-08 -5.28322e-07  -7.56454e-09 2.79835e-08 -3.9643e-07  -6.92187e-10 2.8838e-08 -3.0728e-07  1.63679e-09 7.6117e-10 6.79039e-11  5.2351e-06 1.85571e-06 -2.18199e-06  1.33445e-09 6.73093e-10 -6.0026e-10  -2.01701e-08 -1.05651e-08 -3.70795e-07  -1.19812e-08 -1.59482e-08 -2.80001e-07  4.0346e-08 -1.28391e-08 -4.52554e-07  4.39283e-08 -9.42612e-09 -5.62614e-07  -3.6625e-10 9.03404e-11 5.35663e-11  2.16759e-08 5.55983e-08 -8.63466e-07  6.67399e-06 3.08261e-06 1.98886e-07  5.43711e-06 1.07818e-06 5.93136e-07  -1.02997e-06 6.02664e-07 -1.65399e-06  -1.55864e-07 2.05138e-07 -1.98516e-06  -8.56007e-07 8.35987e-07 -1.4246e-06  -5.71376e-09 1.64716e-08 -5.83029e-07  -2.31154e-07 -6.43194e-06 -1.95566e-06  -2.44782e-10 -6.52141e-10 1.7041e-10  -2.17347e-08 -1.07379e-08 -5.14501e-07  -3.29051e-08 8.48344e-08 -1.45786e-06  7.00148e-09 3.14578e-09 -1.03434e-07  1.43676e-08 1.82014e-10 -1.06282e-07  7.56658e-07 8.92407e-07 -1.7433e-06  -2.3377e-07 6.89046e-08 -1.91017e-06  1.18913e-07 4.33631e-07 3.72942e-07  -5.01358e-09 -5.65441e-09 -9.9105e-08  -1.13451e-08 -9.86561e-09 -1.04345e-07  -9.46352e-10 -2.46574e-10 -6.00486e-10  -7.31762e-07 -5.62063e-07 6.41487e-07  3.58332e-08 1.27786e-08 -9.80932e-07  7.53232e-08 1.43284e-08 -1.00794e-06  -6.57563e-06 3.61918e-06 -1.06619e-06  -4.17358e-08 3.7523e-08 -7.80886e-07  1.25571e-07 -3.57435e-07 -1.46476e-06  7.58254e-07 -2.09313e-06 -1.94442e-06  -3.15231e-08 7.33589e-08 -1.03961e-06  -1.43269e-09 -1.28275e-10 -9.28062e-10  -8.75442e-10 -3.34621e-10 -5.22691e-10  -1.44818e-06 2.73833e-06 -1.93368e-06  -1.55123e-07 -2.80316e-07 -1.99523e-06  -2.19911e-09 1.25574e-08 -1.37918e-07  -7.21462e-10 1.64173e-09 -8.25323e-09  -4.01877e-10 6.09072e-10 -4.99123e-09  -1.5548e-08 7.66052e-10 -2.63633e-07  6.19861e-07 -3.20875e-07 -2.01677e-06  9.85619e-07 -1.9609e-07 -1.97022e-06  1.24147e-06 -3.56708e-07 -1.48169e-06  -2.12356e-09 -1.03411e-09 -1.35463e-08  -5.35661e-10 -6.38651e-10 -2.21821e-09  -4.4247e-10 -2.41933e-09 -2.0008e-09  3.75076e-10 -2.03945e-10 -4.86131e-10  1.31466e-08 2.22936e-08 -3.16003e-07  7.2437e-09 2.67307e-08 -3.96571e-07  -8.31768e-06 -1.68584e-06 4.66242e-07  -9.36531e-06 -1.30849e-06 -1.03211e-06  -5.78925e-07 -2.76294e-06 -1.89009e-06  -6.78078e-07 1.9789e-07 -1.87853e-06  1.61772e-10 -1.26083e-10 -1.67482e-10  -2.94674e-06 1.72707e-06 -1.92079e-06  2.83364e-10 1.78005e-10 -5.85121e-10  8.52548e-08 -1.91615e-08 -1.4825e-06  1.20685e-08 -1.72634e-08 -3.54215e-07  5.46812e-09 -2.05951e-08 -2.90599e-07  5.99357e-06 5.20109e-06 1.12771e-07  2.85202e-06 3.11881e-06 7.07746e-07  2.04361e-06 1.30823e-06 5.11321e-07  -9.23234e-10 4.61152e-09 -2.45793e-08  -3.39679e-06 -4.23386e-06 -2.12083e-06  1.10687e-06 6.1975e-06 -2.21278e-06  -5.59199e-10 2.52669e-10 -4.66375e-09  1.47383e-09 -1.44056e-09 -2.90371e-09  9.94682e-10 -8.05765e-10 -4.23621e-09  8.06084e-08 2.51452e-07 2.49012e-07  -1.8235e-06 -2.19236e-06 -1.96419e-06  -3.00622e-06 -1.7448e-06 -2.00798e-06  -9.22071e-10 5.4476e-10 -1.17023e-09  2.2596e-10 -3.40281e-12 -8.46926e-10  -2.9774e-10 1.37058e-10 -1.22238e-09  -5.38076e-10 4.22501e-10 -2.89585e-09  1.48631e-07 1.26893e-07 -1.72612e-06  1.55105e-07 1.48425e-07 -1.81742e-06  7.77305e-08 5.40056e-08 -1.43623e-06  1.5213e-07 7.48918e-08 -1.5608e-06  -6.72175e-07 4.41847e-06 -2.05954e-06  -5.16417e-07 9.20498e-06 -3.97253e-07  5.78471e-08 8.32211e-07 -1.28928e-06  -9.27398e-08 1.29357e-06 -1.7319e-06  -2.68057e-06 7.64099e-07 -1.89534e-06  1.35672e-06 8.48305e-06 -5.21792e-08  1.7567e-08 1.52202e-06 -2.00493e-06  -4.88813e-07 1.9344e-06 -2.12484e-06  9.28375e-07 3.05256e-06 7.26969e-07  8.5685e-09 -9.06277e-09 -6.51698e-08  -2.86051e-08 1.01033e-08 -1.3955e-06  4.5205e-08 -3.26902e-08 -1.15154e-06  5.36529e-08 -6.26895e-08 -1.09546e-06  4.22797e-08 -1.89103e-08 -8.67753e-07  1.74682e-09 -8.23195e-09 -8.96588e-08  5.51747e-06 -6.25693e-06 -1.69832e-06  4.09697e-06 -4.266e-06 -2.26291e-06  3.12859e-06 -4.5581e-06 -2.26883e-06  -7.58185e-07 -2.28653e-07 -2.10736e-06  -1.5394e-09 1.23696e-10 5.28939e-10  1.22577e-10 1.38343e-09 -1.96239e-09  1.59569e-07 -7.96013e-06 4.84656e-07  1.7137e-06 -8.56565e-06 1.40322e-07  -1.18932e-09 2.2707e-11 -1.66429e-08  5.42817e-09 7.4275e-10 -7.48901e-08  -1.0243e-09 1.00053e-10 -8.33237e-10  -1.34792e-09 3.82356e-10 -7.16314e-10  -6.81924e-07 3.13699e-07 -1.39242e-06  5.66797e-06 -4.47472e-06 -2.16545e-06  -7.42964e-10 -4.28307e-10 -7.84757e-09  -1.7711e-09 -6.75523e-10 -1.21191e-07  -9.31261e-06 5.70198e-08 -1.37101e-06  -7.75388e-06 -1.12265e-06 -2.13294e-06  -1.83598e-10 9.14308e-10 -9.64605e-10  -1.9801e-09 3.48771e-10 -3.49142e-10  1.74817e-08 6.33607e-08 -1.0318e-06  -4.05589e-07 -2.30956e-07 -1.85844e-06  -1.044e-06 -4.04625e-07 -1.2543e-06  2.31632e-08 2.10186e-08 -6.51457e-07  -1.35811e-08 -2.32944e-08 -2.72165e-07  -1.10282e-08 -1.01582e-08 -2.03272e-07  -5.60804e-10 2.81537e-10 -2.94252e-09  1.25317e-09 2.00988e-10 -3.35049e-10  -1.75258e-10 -1.45786e-09 -1.09746e-08  -3.9516e-10 -5.34078e-10 -4.91622e-11  1.57016e-09 1.02716e-09 -5.52354e-10  -3.9897e-09 -8.93219e-09 -1.87624e-07  -8.75854e-08 -1.6677e-07 -1.74851e-06  -4.8361e-08 -6.12281e-08 -1.89054e-06  -9.66239e-08 -5.77145e-08 -1.65566e-06  -1.14004e-06 -5.02272e-06 -2.02624e-06  -6.87961e-07 1.12668e-06 -1.62325e-06  -7.97808e-10 -2.16921e-10 -3.9136e-10  9.82732e-10 -1.03537e-09 -1.28613e-08  1.19405e-09 -2.51523e-09 -1.89493e-08  2.28831e-07 7.97161e-07 -1.93721e-06  1.11641e-08 2.08937e-08 -1.34745e-06  9.22563e-08 1.28733e-08 -1.49224e-06  1.20539e-07 -4.29303e-09 -1.5033e-06  2.58311e-06 -3.02954e-06 -2.2247e-06  -3.49754e-10 7.43934e-10 -1.03854e-08  -1.86812e-07 1.50291e-07 -1.57877e-06  -2.48515e-07 7.18758e-07 -2.16402e-06  2.47244e-08 5.74903e-09 -2.47945e-07  -1.40583e-09 -5.64973e-11 -2.68104e-09  -3.79192e-06 3.72639e-06 -2.06689e-06  -1.12016e-06 -4.48098e-07 -2.11936e-06  -1.08159e-06 -4.12899e-08 -2.15124e-06  4.94698e-07 -1.17743e-07 -1.62258e-06  5.42725e-08 -2.20659e-07 -1.70759e-06  8.84716e-08 -1.81369e-07 -1.70401e-06  -6.23865e-11 -1.31944e-09 -7.79112e-09  -2.1723e-09 2.19729e-09 -7.75947e-07  -4.20858e-08 5.32075e-09 -8.37881e-07  7.43048e-06 -4.05773e-06 -1.44234e-06  -1.17916e-09 2.15215e-10 -6.06146e-10  -4.85693e-10 -9.61875e-10 -1.44494e-09  -3.07043e-08 -2.55571e-09 -6.42815e-07  5.33642e-07 4.33709e-07 -2.01291e-06  -4.60941e-11 6.61658e-10 -6.86135e-10  -9.72729e-10 -9.92424e-10 -9.14189e-10  1.02524e-09 -9.14384e-10 -8.66879e-10  6.46693e-08 3.4429e-08 -8.18243e-07  4.04136e-08 1.94938e-08 -8.01858e-07  8.1101e-10 -6.06831e-10 -4.80505e-10  -1.73581e-10 8.91978e-11 -3.7162e-09  9.67665e-10 8.63562e-10 -7.47869e-09  1.03099e-09 4.69932e-10 -4.53678e-09  -9.91608e-08 6.78494e-07 -1.9962e-06  -3.41432e-09 -1.72245e-09 -3.10388e-08  -9.33932e-09 -4.36048e-09 -5.46135e-08  2.19743e-06 1.22557e-06 -1.91707e-06  -5.12719e-06 -1.26033e-06 1.17758e-06  1.87745e-09 3.65844e-10 -3.61653e-10  1.01885e-09 -1.79725e-10 -6.26065e-10  -4.67746e-06 -2.98498e-06 -2.13478e-06  -4.49977e-06 -1.5027e-06 -2.24917e-06  -1.7235e-09 -1.30863e-09 -1.51559e-09  -2.8567e-10 -3.40669e-10 -1.46453e-09  -6.47e-08 -7.42828e-08 -1.51565e-06  -7.24145e-08 -4.59367e-08 -1.5056e-06  1.84485e-06 4.8058e-06 -2.12844e-06  -4.73073e-10 -7.40989e-10 -4.45222e-09  2.21507e-06 8.76638e-06 -1.41147e-06  -2.36818e-10 -1.94251e-07 -1.70932e-06  -2.02909e-09 5.27365e-10 -3.2996e-08  -1.91953e-09 -1.41339e-10 -1.0247e-08  -3.22068e-08 6.08448e-09 -1.04638e-06  1.50303e-07 6.57482e-08 -1.78912e-06  -1.78063e-09 1.94425e-09 -8.18032e-10  -7.54528e-06 -3.00319e-06 3.01676e-07  -1.44259e-09 1.13919e-09 -6.81925e-10  -6.59833e-09 1.89529e-09 -1.97324e-07  -1.42823e-08 7.59844e-09 -1.28401e-07  -8.58039e-06 -3.13156e-06 -1.46921e-06  4.68752e-08 4.37423e-08 -6.09101e-07  -2.35033e-09 -3.95834e-09 -3.00646e-08  -1.15904e-09 -2.46857e-10 -1.16961e-09  2.54434e-09 -2.96145e-09 -1.0742e-08  1.5114e-09 -2.58335e-09 -1.60809e-08  -1.14394e-09 -7.46346e-10 -1.06856e-08  2.69651e-10 3.55774e-11 8.55433e-11  -1.94212e-08 1.40613e-09 -5.68079e-07  6.23185e-10 3.83124e-10 -5.0332e-10  7.50546e-10 -1.6186e-09 -8.82155e-09  1.43065e-07 2.57903e-06 -1.98789e-06  9.12943e-07 3.21435e-06 -2.08515e-06  -3.62527e-07 1.13966e-06 -1.82422e-06  -1.76871e-07 1.03565e-06 -1.33262e-06  -4.01409e-06 7.45025e-06 -1.02693e-06  -2.46047e-09 5.05992e-10 -6.36406e-11  8.04322e-06 3.38769e-06 -1.31602e-06  3.96426e-08 1.51976e-07 -1.71353e-06  -6.6297e-09 1.7665e-07 -1.89012e-06  3.50458e-08 -4.00006e-08 -1.30013e-06  3.61296e-10 6.38242e-10 -1.83049e-09  -5.43274e-09 2.49424e-08 -8.25394e-07  -7.33706e-10 1.25146e-10 -4.9475e-10  -2.17678e-09 2.06049e-09 -1.84153e-08  -1.22793e-09 1.21183e-09 -1.88667e-08  -1.94198e-07 2.79815e-08 -1.65199e-06  2.2256e-08 1.10388e-07 -1.72755e-06  3.32011e-07 -1.00543e-07 -1.83349e-06  3.31777e-09 -1.01873e-08 -1.0207e-07  1.34022e-07 -2.33739e-08 -1.69652e-06  -1.12637e-07 -1.15168e-06 -1.98046e-06  -2.50736e-08 1.97815e-07 -1.82299e-06  7.71947e-08 1.41484e-07 -1.88369e-06  3.25446e-07 4.21778e-08 -1.93316e-06  -2.72393e-08 -5.28809e-08 -7.63527e-07  -4.89103e-12 -1.52752e-09 -5.81696e-10  5.14126e-08 -6.05696e-08 -1.4975e-06  -4.67429e-10 -5.42878e-11 -4.94107e-10  -5.77819e-08 -7.83998e-09 -1.37422e-06  -1.96202e-10 -8.19418e-10 -1.15178e-09  -1.11683e-09 1.13259e-09 -6.14743e-09  8.38473e-07 1.37258e-06 3.98424e-07  -9.11613e-10 -1.53686e-10 -9.48737e-09  -1.69316e-08 -3.55749e-08 -5.26219e-07  1.24402e-11 -1.31497e-10 -5.67689e-10  -2.52098e-08 -9.26984e-10 -1.19117e-06  -6.64073e-08 -3.49565e-08 -1.31085e-06  -1.94441e-10 9.66366e-11 -9.31888e-09  7.43008e-08 -1.44722e-08 -1.34502e-06  5.7091e-08 -1.35179e-08 -1.30648e-06  2.17573e-07 1.28606e-06 -1.43034e-06  3.93682e-09 -7.02673e-09 -9.16659e-08  1.02559e-08 -1.41203e-08 -1.37183e-07  -3.26746e-09 -6.13934e-09 -5.12813e-07  -1.85495e-07 4.95294e-07 -1.98282e-06  5.12056e-08 5.55841e-07 -1.6158e-06  -6.31288e-09 -1.87768e-09 -8.65571e-08  -5.9427e-10 -3.53737e-09 -3.46789e-09  -1.13466e-09 -4.0205e-10 -2.64177e-09  -1.15403e-10 -2.07086e-10 -1.23489e-09  2.32433e-06 3.48367e-06 6.25877e-07  1.43932e-06 2.18591e-06 5.02311e-07  -1.13908e-09 9.6401e-11 -1.40238e-09  -9.11294e-10 -7.92843e-10 -2.45247e-09  -7.72946e-09 4.51732e-09 -9.06544e-08  -1.49141e-10 9.52984e-09 -6.9086e-08  2.55946e-10 -8.49387e-09 -4.47819e-08  -1.03772e-09 6.44601e-11 -4.551e-10  -5.59048e-10 -1.53429e-09 -2.49478e-09  3.36229e-10 -5.51828e-10 -1.0445e-09  -4.57224e-10 -2.24688e-08 -1.02679e-06  1.18719e-11 8.95558e-10 -1.85589e-09  6.79687e-10 2.03526e-10 -3.07319e-09  -1.12157e-08 7.25178e-10 -7.73824e-08  -1.2047e-09 1.47534e-09 -1.24747e-07  -2.74563e-10 2.19177e-10 -1.32778e-09  5.19572e-09 6.26603e-08 -8.09831e-07  2.43385e-08 5.02401e-08 -6.75306e-07  -2.17785e-07 3.42984e-08 -1.75733e-06  -8.70197e-09 -4.67305e-08 -1.17573e-06  2.81317e-11 -3.44699e-10 -1.74645e-08  -3.16435e-09 -2.31101e-08 -3.84538e-07  -1.2959e-08 -4.49281e-08 -5.81513e-07  -7.90656e-10 -1.10973e-10 -1.52547e-09  -1.11468e-09 -1.31496e-09 -1.67101e-09  -1.25196e-10 1.55121e-09 -1.7166e-10  6.22536e-10 -1.4446e-09 -8.71563e-09  1.10724e-06 -4.02003e-08 -1.402e-06  -1.06384e-07 -3.34693e-08 -1.60037e-06  -3.46942e-10 -1.77625e-10 -1.14197e-09  -2.34717e-07 -5.64844e-08 -1.66759e-06  -1.68613e-07 -1.10329e-07 -1.70992e-06  7.2799e-09 -1.01922e-08 -2.85207e-07  -1.5532e-10 2.89274e-10 -2.28008e-09  -2.47804e-08 -9.16196e-08 -1.49199e-06  -2.73029e-08 -2.0647e-08 -1.33394e-06  -2.63931e-06 3.65807e-08 -1.95756e-06  -9.59727e-09 4.58326e-09 -1.28642e-07  -3.67626e-09 -2.85247e-09 -4.19986e-08  -5.57056e-10 -6.25716e-10 -1.64949e-08  -5.95065e-11 -1.71148e-08 -1.42687e-07  -6.56588e-09 3.79053e-09 -1.05921e-07  1.97048e-07 4.91037e-07 -1.45965e-06  2.7114e-08 7.45414e-09 -3.23416e-07  -1.1198e-06 2.23456e-07 -1.75208e-06  3.65832e-08 7.20798e-08 -1.05424e-06  6.40515e-08 7.16377e-09 -1.16732e-06  -7.95568e-06 1.69997e-06 -1.05926e-06  1.54893e-07 7.76183e-08 -1.71893e-06  1.94189e-09 -1.24877e-09 -4.93333e-09  -1.7646e-10 8.68544e-10 -1.57171e-09  -4.7707e-10 9.71586e-10 -1.16666e-09  -1.53071e-09 5.62799e-10 -4.60167e-09  4.24437e-08 9.95626e-09 -3.16548e-07  6.80064e-06 -1.00613e-06 1.67712e-07  -2.37151e-07 -2.04895e-08 -1.64299e-06  4.80591e-09 -2.04053e-08 -3.13983e-07  1.22013e-06 -1.13868e-06 6.07754e-07  -2.0013e-09 1.53491e-09 -2.42795e-08  -1.52117e-09 -6.84242e-09 -4.85718e-08  2.76342e-09 -3.76057e-10 -9.29405e-10  -2.79005e-10 8.82162e-10 -4.00497e-10  9.6018e-07 7.20403e-07 -1.51543e-06  8.36184e-07 4.87846e-07 -1.36606e-06  -7.88737e-08 -9.06207e-08 -1.65732e-06  -1.56035e-07 -1.76358e-07 -1.76285e-06  -2.26155e-09 -1.01439e-09 -1.32889e-08  -6.48518e-10 -1.34085e-09 -9.93166e-10  -2.92725e-09 -1.2432e-09 -2.00224e-09  1.89532e-10 -2.93807e-10 -2.90454e-10  2.10499e-08 -1.063e-08 -3.05599e-07  1.1235e-08 -7.55477e-09 -3.93299e-07  9.82762e-09 -2.59218e-09 -2.34924e-07  -4.16567e-08 3.10816e-09 -4.28592e-07  7.84703e-07 -1.02651e-06 -1.33758e-06  7.04146e-06 -3.9411e-06 1.05628e-08  -7.29311e-08 1.15001e-08 -1.02954e-06  3.57887e-10 6.24032e-10 -3.98535e-09  -1.44045e-06 8.07836e-06 -1.51513e-06  6.8975e-09 7.28873e-09 -2.10539e-07  -7.40067e-09 -5.59364e-09 -1.50902e-07  -3.41688e-08 -2.95479e-09 -5.41167e-07  2.1224e-08 5.6476e-09 -2.7532e-07  -4.84208e-08 3.10578e-08 -1.67983e-06  4.60613e-10 2.0841e-09 -1.00096e-08  -1.62532e-06 -9.37289e-07 -2.05217e-06  -2.26362e-06 -4.68967e-06 -2.12465e-06  -8.38046e-09 2.1211e-09 -2.55198e-08  9.31171e-10 9.83651e-10 -6.22807e-07  6.30483e-06 6.10505e-06 -1.29655e-06  -8.21723e-09 -4.69274e-10 -5.84389e-08  -2.53212e-10 -9.6294e-11 -1.03721e-08  7.41905e-08 2.74059e-07 -1.59191e-06  2.77924e-09 3.61188e-09 -4.41085e-08  4.06396e-09 4.12841e-09 -4.15404e-08  1.79791e-07 -6.64324e-08 -1.63728e-06  6.17083e-07 -3.69113e-08 -2.1026e-06  2.2304e-06 2.26748e-07 -2.10309e-06  6.65014e-07 4.31029e-07 -2.0659e-06  1.08088e-09 -4.66573e-09 -2.3863e-08  3.61665e-06 -7.15605e-06 9.5912e-08  3.46698e-06 -7.64935e-06 -1.59972e-06  1.02789e-09 3.28483e-08 -7.05968e-07  -7.40263e-07 -3.31557e-07 -2.07875e-06  -4.11138e-09 2.40052e-09 -3.87799e-08  -8.55819e-09 3.51487e-09 -6.59551e-08  -1.70526e-09 5.87242e-08 -8.15853e-07  -4.17215e-07 7.93037e-07 -1.25918e-06  -1.17919e-06 -1.39032e-06 -1.85358e-06  -5.66128e-10 -1.90339e-09 -2.27651e-08  -3.08707e-10 -3.20118e-10 -5.26186e-10  2.7874e-07 -1.14653e-06 -1.8413e-06  2.45897e-09 -3.86221e-09 -4.38741e-08  9.7074e-10 -3.6052e-09 -3.56811e-08  -3.10769e-08 1.49899e-08 -2.84539e-07  4.13601e-06 8.59257e-09 -2.01517e-06  4.06786e-06 -1.12507e-06 -2.12331e-06  1.91629e-09 -2.93694e-10 -6.94638e-09  3.69181e-09 -8.51535e-09 -7.18053e-08  -1.58777e-11 4.70756e-11 -8.29169e-10  -9.4076e-07 -8.44345e-06 -1.31702e-06  6.69935e-10 -7.88867e-10 -4.77102e-10  5.36073e-07 -9.89197e-07 -1.91799e-06  -4.42306e-06 -7.19197e-06 -4.15027e-07  -2.09942e-08 -1.08483e-08 -3.07756e-07  -1.14087e-08 -7.11243e-09 -2.2023e-07  -1.30757e-10 -1.2084e-10 -5.49405e-10  1.65612e-07 -5.42181e-09 -1.59527e-06  3.82419e-08 -1.12202e-08 -1.06591e-06  -3.26502e-09 6.9474e-09 -5.66722e-08  -2.47967e-08 2.08789e-08 -6.65499e-07  8.61186e-10 -1.36455e-09 -2.32278e-09  8.48518e-08 -4.41124e-08 -1.56985e-06  4.69589e-09 3.37022e-08 -6.09298e-07  -2.22446e-06 -1.09762e-06 1.06536e-06  7.4044e-10 -2.08014e-09 -2.24543e-08  -2.49269e-07 -2.19159e-08 -1.64309e-06  7.13638e-09 -1.24758e-09 -5.35714e-08  1.85865e-08 2.71616e-08 -8.8887e-07  -9.64556e-08 1.70987e-07 -1.61166e-06  -2.00082e-08 1.63352e-07 -1.59509e-06  7.26567e-08 -3.98602e-07 -1.9745e-06  1.10998e-06 -1.03386e-06 -2.19553e-06  2.53865e-06 -2.15756e-06 -2.14793e-06  -4.87525e-11 -8.57221e-11 -5.89595e-10  4.99498e-09 -6.61725e-09 -5.49203e-08  3.53965e-07 -1.05804e-06 -1.36318e-06  -7.57338e-10 2.16422e-09 -2.84974e-09  3.42147e-08 4.65289e-08 -1.1863e-06  -9.32325e-09 -1.81682e-08 -1.13936e-07  -5.65652e-09 1.63363e-09 -3.13027e-08  3.82485e-09 -1.43242e-08 -1.54619e-07  -3.10855e-08 2.05272e-07 -1.64719e-06  3.92812e-09 2.11025e-07 -1.6616e-06  -8.4292e-09 -1.79791e-08 -3.83042e-07  4.74003e-09 2.74907e-10 -1.81371e-08  1.99165e-08 -3.80599e-08 -1.26793e-06  -2.51442e-06 -6.79551e-07 -2.03574e-06  -1.06341e-07 2.63161e-08 -1.63889e-06  -1.30098e-09 -4.766e-10 -4.74007e-09  -2.63923e-09 8.28754e-09 -5.24981e-08  2.88457e-10 2.4034e-09 -3.12947e-08  9.37696e-08 -1.30101e-07 -1.59518e-06  -1.45133e-09 2.78721e-09 -5.17705e-09  -2.90026e-10 1.34806e-09 -2.86393e-10  -1.67963e-10 2.28612e-09 -8.66962e-10  -7.9804e-09 8.41105e-08 -1.52647e-06  1.49869e-09 6.03956e-09 -5.06735e-08  5.42241e-10 2.93865e-09 -5.09327e-08  1.73312e-09 5.99094e-10 -7.68059e-09  -1.79583e-10 -9.38164e-10 -2.72695e-09  2.92992e-06 7.5974e-07 -1.821e-06  1.72997e-06 -4.61801e-07 -2.16796e-06  -1.37715e-09 -4.41681e-10 -1.384e-08  -1.98827e-09 1.55337e-09 -1.88805e-08  7.84174e-11 3.91375e-10 -1.20756e-08  8.81561e-10 -2.62596e-09 -1.37648e-09  3.07399e-06 1.57054e-06 -1.86805e-06  -4.78686e-09 -1.21757e-07 -1.62922e-06  8.0743e-09 -2.16749e-06 -1.85332e-06  9.35825e-09 8.62204e-10 -2.79014e-07  1.77978e-07 5.76865e-08 -1.63545e-06  1.09877e-07 -2.35052e-07 -1.88302e-06  -7.74147e-07 -9.95483e-07 -1.67287e-06  2.46027e-10 3.93711e-09 -4.79814e-10  1.56117e-09 -1.14598e-09 -6.98732e-10  -8.76021e-08 9.34285e-08 -1.48388e-06  -4.94828e-09 4.94072e-09 -4.16443e-08  6.88646e-08 5.85214e-08 -1.38557e-06  1.34833e-09 -7.42214e-09 -4.10104e-08  -4.16849e-10 -1.98231e-09 -3.40786e-08  5.67116e-08 -2.76023e-08 -1.00946e-06  1.48151e-09 -1.35051e-10 -5.57309e-09  -3.57839e-08 -1.62109e-08 -4.24428e-07  1.94923e-07 -1.25842e-06 -1.97674e-06  -2.92722e-07 2.08131e-07 -1.62779e-06  -9.33856e-10 -4.89916e-10 -6.06032e-10  1.58428e-07 9.11476e-08 -1.71916e-06  3.13202e-08 2.39865e-07 -1.64859e-06  1.60283e-10 1.51234e-10 -2.25935e-09  -8.32658e-08 -1.36447e-08 -1.28529e-06  -7.44188e-10 2.54651e-09 -1.59855e-08  -1.1915e-08 -1.68709e-08 -1.4072e-07  -3.2293e-08 -5.46875e-08 -7.29125e-07  2.44956e-09 8.00652e-09 -7.13279e-08  -2.9017e-08 1.12102e-08 -4.04169e-07  -1.2655e-08 1.06767e-08 -5.27472e-07  2.19048e-07 9.45419e-07 -2.02089e-06  1.84209e-09 1.11342e-09 -5.5499e-09  8.2779e-10 -1.12051e-09 -5.35762e-09  5.18024e-10 1.55259e-10 -3.40333e-09  4.81441e-10 5.38256e-10 -3.55131e-09  3.84617e-10 -1.4805e-10 -3.88571e-09  4.8676e-08 1.48128e-08 -1.34765e-06  1.42519e-08 -2.79049e-08 -4.89711e-07  2.5583e-08 -2.86313e-08 -4.33622e-07  -5.47359e-10 -1.15513e-09 -1.01215e-09  1.68941e-06 -1.19823e-06 -2.08826e-06  -1.18673e-09 -4.97433e-11 -1.97371e-10  -1.36942e-09 -2.67807e-08 -4.97075e-07  -1.85495e-10 5.04696e-10 -1.03057e-08  -3.45464e-10 7.57571e-09 -3.39797e-08  2.50155e-08 -2.39942e-09 -4.39726e-07  -5.45849e-06 5.37016e-06 -1.47853e-06  -1.20719e-09 -2.88676e-10 -4.37486e-08  -1.76273e-09 -5.74479e-10 -5.87343e-09  -2.06633e-07 4.84729e-08 -1.68758e-06  -2.88736e-08 -1.38799e-07 -1.62891e-06  2.4111e-07 2.50327e-08 -1.86241e-06  -4.17407e-09 -4.94721e-09 -3.06888e-08  1.88633e-07 -2.46443e-08 -1.63746e-06  -1.43623e-10 -2.68326e-10 -1.69069e-08  -3.34062e-09 -1.11463e-09 -1.9044e-08  -7.16056e-10 2.41061e-10 -3.13674e-10  -4.41521e-09 -3.56281e-10 -2.44001e-08  1.72357e-08 2.07728e-08 -4.11696e-07  -4.36962e-10 2.07196e-09 -7.61905e-09  -9.029e-10 -4.5351e-10 -1.98313e-09  2.84247e-06 -1.43997e-06 -2.08802e-06  4.23043e-08 -1.55036e-07 -1.7571e-06  6.93358e-11 -1.56921e-09 -3.96785e-09  -1.70023e-08 -5.1544e-07 -1.42374e-06  -3.41068e-08 -2.90185e-09 -2.01672e-07  -1.67162e-08 2.57137e-08 -2.31427e-07  2.10832e-09 4.16285e-08 -3.62022e-07  -2.73277e-10 5.9633e-10 -1.76908e-09  2.84403e-06 -1.98047e-07 -1.93596e-06  1.72625e-06 -1.13507e-07 -2.22779e-06  5.08006e-08 -6.98288e-08 -1.44334e-06  1.88767e-06 -1.73589e-07 5.23293e-07  1.72437e-06 -3.20815e-06 -2.18498e-06  1.28608e-08 -1.48261e-08 -1.82475e-07  -2.31054e-08 2.74634e-08 -1.66508e-06  3.52853e-08 3.80885e-08 -1.21981e-06  -1.8038e-10 2.5447e-10 -7.62244e-10  8.24941e-09 -2.81253e-08 -4.15368e-07  -1.24594e-07 -4.45839e-08 -1.41653e-06  -3.12568e-08 1.82917e-08 -3.53132e-07  -2.4215e-10 -2.4191e-09 -4.45399e-09  -1.59326e-08 -1.23814e-09 -1.83727e-07  -1.15623e-09 -1.43013e-09 -1.67788e-08  -4.12871e-09 3.30855e-09 -1.26695e-07  8.73822e-08 -7.35863e-07 -1.35386e-06  2.13714e-09 9.33777e-09 -1.10692e-07  6.47779e-08 -8.18996e-08 -1.5029e-06  4.98659e-07 1.34603e-07 -1.3543e-06  7.37057e-10 -2.76794e-09 -3.30461e-08  4.73943e-09 -1.16518e-08 -1.93141e-07  -1.19154e-08 1.89254e-08 -1.31928e-06  1.60692e-09 -7.33597e-10 -1.68329e-10  2.28945e-08 -7.06382e-08 -1.09753e-06  -1.64737e-08 -1.3371e-08 -1.49705e-07  
            </DataArray>
            <DataArray type="Float64" Name="Force" NumberOfComponents="3" format="ascii">
               0 0 0  1.55686e-06 6.68822e-07 -5.50907e-08  -0.000245766 0.000683266 -9.61262e-10  -0.000179343 0.000421986 -2.50193e-08  3.75848e-06 1.4516e-05 -2.24765e-07  3.0443e-06 6.61598e-06 9.8438e-08  0.000147648 -0.000556595 -2.34629e-05  -2.89239e-05 0.000276146 -7.15892e-07  4.28385e-05 0.000224624 2.56348e-06  1.61065e-05 0.00027299 8.73728e-07  -3.35826e-06 -8.37208e-06 1.28984e-07  0.000847079 -0.000678632 -3.78081e-05  0.0014437 -0.000125203 -2.74602e-05  9.32349e-06 2.30883e-05 1.15223e-06  -2.26671e-05 -3.57727e-05 7.87756e-07  4.54428e-05 6.04536e-05 1.53379e-06  6.17472e-06 7.9786e-06 -3.06173e-07  0.000359488 -0.000390362 9.44119e-06  -1.37178e-07 -2.44007e-05 4.65292e-08  -1.27236e-05 -6.08871e-05 9.9047e-08  4.28457e-06 -8.77822e-05 -1.31221e-06  0 0 0  0.00106588 0.000519839 -1.95075e-05  -5.27373e-06 7.75505e-06 4.10648e-08  5.35325e-07 6.07462e-06 3.60694e-08  7.46136e-06 2.13092e-06 9.93091e-08  -3.72421e-06 8.25254e-07 8.27518e-08  0 0 0  -4.0228e-06 4.24726e-06 1.65404e-07  -1.6859e-06 1.4492e-06 -7.28282e-08  0.000844064 0.000796607 -4.40597e-06  0.000992567 0.00072425 -3.66695e-05  1.6479e-05 4.11781e-05 -5.38866e-07  0 0 0  -0.000237943 0.000493107 1.13247e-05  -0.00045617 0.000930637 -3.24223e-05  -1.73262e-06 9.63237e-07 -6.16695e-08  -1.20317e-05 1.72862e-05 2.72153e-08  0.00126349 5.30543e-05 1.88655e-05  0.000475607 7.01601e-05 1.39056e-05  0.000497108 -7.4317e-05 1.40245e-05  -0.000315847 -0.00106735 -3.0918e-05  -0.00016538 -0.00104564 -3.84447e-05  -1.6136e-05 1.52415e-05 8.13111e-08  -5.38108e-05 5.78117e-05 -1.21525e-06  0 0 0  0.000168952 -0.000233441 3.52953e-07  0.000503534 -0.000431352 5.18772e-07  -0.000350478 0.00108301 -2.50061e-06  0 0 0  0.00029918 0.00048689 9.958e-06  -0.000727053 -0.000828189 -1.92521e-05  -0.000555388 -0.000964821 -3.4023e-05  0.000465263 0.000419521 -1.4299e-05  0 0 0  0.00101442 0.000823667 -7.54794e-06  0.000260068 0.000537207 -2.43853e-05  0.001164 0.000548804 -3.0463e-05  -0.0020278 0.000748499 -3.45046e-05  -0.000492435 0.000280479 2.18268e-06  -0.00105304 0.000376464 -2.27366e-05  -1.42503e-06 7.80763e-06 8.89168e-08  0 0 0  -0.000457392 -0.00105797 -2.50407e-05  0.000568178 -5.31744e-05 -2.54811e-05  0 0 0  0.000395226 -8.18894e-05 -6.45685e-06  0.000228093 5.07064e-05 -1.18605e-07  0.000341569 2.5741e-05 -3.35063e-06  0.000417052 0.000430598 -3.81782e-05  1.63411e-05 0.00021856 2.00242e-07  1.30692e-05 0.000396426 -1.71416e-07  -0.000730669 -0.000833814 -8.07468e-07  0 0 0  1.61796e-06 -1.7024e-06 -7.70102e-08  0.00278719 2.73003e-05 -7.59106e-05  -0.000213194 -0.00111064 -4.97769e-06  6.89978e-06 0.000409664 -3.59126e-08  -4.98812e-05 0.000266422 1.7552e-09  -0.000170935 0.000204204 8.00462e-07  -0.000154266 0.000130048 -1.31771e-07  0 0 0  -1.03517e-05 2.39356e-05 4.97542e-08  -5.05463e-06 2.42115e-05 3.63458e-08  -3.47537e-05 -0.000515767 8.22378e-06  -1.26349e-05 -1.02585e-05 4.92258e-07  -4.29611e-05 -4.30675e-05 2.64797e-10  0 0 0  -7.58833e-06 3.04271e-06 1.02978e-07  5.78785e-07 -7.53759e-06 9.5574e-08  -0.00021865 0.000514553 2.45453e-07  -0.00036855 0.000433397 1.403e-07  0.000489289 0.000259359 2.14571e-07  -0.000160312 -0.000388747 2.48803e-07  -0.000211712 -0.000332982 5.48765e-07  -0.000126 -0.000181077 6.70013e-08  0 0 0  0.000431769 -0.000236848 2.50843e-07  0.000578885 -0.000310229 4.34335e-07  0.00050579 -0.000122474 3.18068e-07  1.96631e-06 -6.80273e-06 7.80715e-08  7.92243e-06 -1.01756e-06 1.02061e-07  0.00049017 -0.00229342 3.21853e-05  0.00112184 -0.001699 2.34477e-05  0.000407124 -0.000973432 -1.42401e-05  -0.000314626 -0.00012813 -5.02924e-07  -0.000281308 -6.31198e-05 -1.24047e-07  0 0 0  1.19251e-06 -5.11985e-07 -4.22853e-08  0.00116874 -0.00035169 -2.01616e-05  -0.00207031 -0.000764222 -5.19759e-05  0 0 0  0.00227823 -0.000864856 -3.16151e-05  0.00148013 -0.000824589 -2.59167e-05  0.00127973 -0.000935669 3.46894e-07  -0.00166198 -0.00024061 -4.14287e-05  -0.000381835 -0.00033492 1.32108e-05  7.0572e-05 3.91316e-05 8.54906e-07  2.53074e-06 2.38862e-05 4.84204e-08  -8.56061e-08 1.70707e-06 -5.57615e-08  3.80038e-06 4.90955e-06 1.78201e-07  1.20712e-06 1.26772e-06 -5.72065e-08  -0.000403478 0.000356186 1.24689e-05  -0.000392821 0.000413679 -1.59146e-05  0 0 0  0.000452762 -0.000197789 2.65069e-06  0.000972879 -0.000609732 -2.59771e-05  -8.81919e-07 -5.70244e-06 1.63301e-07  -0.000481627 0.00145727 -3.43737e-05  -0.00039813 0.00113839 1.0166e-05  -0.000226235 0.0014677 1.03864e-05  -0.000270467 0.000509202 1.82945e-07  -0.000394451 0.000424966 2.20773e-07  -0.000121871 0.000142956 3.41359e-06  -0.000368284 0.000511607 1.91094e-05  -0.000166138 0.000373193 1.22549e-05  0.000349965 -0.00045281 -2.07042e-05  0.00110322 -0.000531737 -8.11906e-06  0.000448708 -0.00105565 -2.4901e-05  0.000188471 -0.000523025 -3.88611e-05  -0.000146269 -0.000460951 1.0039e-05  0.000128877 0.000524222 -8.82902e-06  -2.87571e-06 2.93191e-07 -9.95774e-08  0.000208962 -0.00107112 -2.55543e-05  0.000437491 -0.000988711 -2.7829e-05  0.000108565 -0.00110313 -1.75118e-05  3.43989e-06 -4.74003e-06 5.73224e-08  -0.000521192 6.40321e-05 1.03106e-05  -0.00109801 0.000276157 -4.17172e-07  -2.02868e-05 -7.05558e-06 3.32247e-08  -5.38156e-06 -2.61838e-06 -1.37743e-08  0.000624371 0.00112027 3.82254e-05  0.000349518 0.000711408 6.82897e-06  0.000748633 0.000888721 -1.05473e-06  -1.16083e-05 8.05561e-06 -2.02147e-07  1.97679e-06 -1.29882e-05 3.81076e-07  -5.48538e-05 -0.00103076 -2.29802e-05  0.000270169 -0.0015154 -7.05532e-05  -0.000383141 0.000420944 3.56998e-07  2.18677e-05 0.000140456 -3.82969e-08  0.000962993 -0.00121983 -6.65613e-05  -5.91851e-05 4.86959e-05 5.2443e-07  -0.000310123 -0.00093995 2.52121e-05  0 0 0  0.000583493 0.000173817 -1.6376e-05  -5.45414e-07 -2.11184e-06 -7.13193e-08  -3.80637e-06 -1.01541e-05 -3.30381e-07  -8.41439e-05 0.000576299 -2.30188e-05  2.43852e-05 3.87714e-06 6.63604e-08  1.12313e-05 3.52411e-06 -3.52461e-07  -5.96407e-05 -3.18245e-05 -1.49973e-06  -5.102e-05 -2.03698e-05 1.83445e-08  -0.000179221 -3.76934e-05 -9.35437e-07  7.00868e-06 1.1246e-05 3.87264e-07  2.9246e-05 0.000570692 -2.38803e-05  0 0 0  0 0 0  0.000309844 -0.000486814 8.14963e-06  7.0966e-05 -5.14986e-06 -2.72354e-08  0.000118491 2.1021e-05 2.41856e-06  0.000417957 -2.08629e-05 1.52325e-06  -5.23477e-06 7.33115e-06 8.13197e-07  -2.36878e-05 3.62593e-05 6.99161e-07  -0.00169279 7.46481e-05 -6.66873e-05  1.69515e-05 -7.27456e-06 -5.55648e-07  -4.78605e-05 -6.76127e-05 -1.03909e-06  0.000431559 -0.000492352 9.57162e-08  0.000370476 -0.000508121 1.87845e-07  6.24244e-05 0.00029983 5.94124e-08  0.00013403 0.000239567 2.97124e-07  -0.000458769 0.000262524 -1.25911e-08  0.00036495 0.0010318 -2.73e-05  -4.00632e-05 -7.3062e-06 -9.82516e-09  -0.000504943 0.000220471 -6.1383e-06  0.000629696 0.000185311 -1.37386e-05  0.000808959 6.0434e-05 -2.90047e-05  0.000575529 -0.00036298 -6.15294e-08  0.000273557 -0.000249238 -1.70723e-08  2.38224e-05 -1.11815e-06 3.82635e-08  5.69687e-05 -5.75134e-06 -5.01204e-07  0.000222373 -0.000281216 -2.53455e-07  -2.05152e-05 1.68465e-06 8.8953e-08  -6.70921e-06 1.5406e-06 -1.03376e-07  0.00116846 -0.000353435 -2.47236e-05  3.1126e-06 -2.67148e-06 1.16793e-07  -0.000838706 -0.0016952 -2.38411e-05  -0.000444569 -0.00150962 -1.2956e-05  -0.00037969 -0.00181738 9.30552e-06  -0.000268217 0.000136003 -1.45511e-08  -0.000161478 4.27049e-05 -5.92024e-09  -0.00023725 0.000108792 1.20949e-07  0.000142369 0.000555398 -1.712e-05  -0.00029979 0.000234382 -8.73325e-09  -0.000467407 0.000191888 -1.00847e-08  -0.000105122 2.78705e-05 -6.64963e-08  -0.000171168 -5.05514e-08 -6.13446e-08  -0.000249242 5.67256e-05 -3.77329e-08  -0.000623311 0.000371122 1.296e-07  0.000110052 0.00152415 -2.99861e-06  -3.66385e-05 -9.98487e-05 1.30596e-06  -4.34626e-05 -6.50959e-05 -1.32199e-07  -1.27582e-05 -2.28603e-05 5.71649e-08  -4.33499e-06 1.67874e-05 -5.08587e-07  -2.04916e-06 5.03754e-06 4.90547e-08  2.02265e-05 -3.43536e-05 -5.01557e-07  3.59258e-05 -6.67446e-05 6.58219e-07  1.34355e-05 -3.94592e-05 -5.0427e-07  -0.00105925 0.000266924 -5.72078e-05  8.84607e-06 4.90877e-06 -3.0574e-07  -1.02821e-05 1.41124e-05 6.79745e-07  2.67075e-05 -2.72798e-05 3.7194e-07  -2.27617e-06 3.25317e-06 7.67928e-07  0.000440979 0.000521921 -3.59232e-08  0.000260938 0.000464987 -1.44664e-07  0.000236908 0.000644568 -1.09348e-07  3.34279e-06 -1.04982e-06 9.98195e-08  9.74845e-05 0.000257452 5.15971e-07  -9.90763e-08 -1.95685e-06 -6.33876e-08  0.000216801 0.000452232 -3.81286e-05  0.000293214 0.000985385 -5.17424e-05  -8.30556e-06 -2.24328e-06 -8.3188e-09  -8.58048e-06 -8.84921e-06 -3.45673e-07  5.83076e-05 3.6222e-05 4.78875e-08  0 0 0  -0.000180129 5.8518e-05 3.88523e-06  -2.4653e-05 -1.43142e-05 1.01439e-07  -3.60569e-06 -2.46312e-06 1.09651e-07  -1.50509e-05 3.57278e-05 6.86748e-08  -2.40633e-05 1.15319e-05 2.60018e-07  0 0 0  -2.24248e-05 6.37749e-06 -1.41695e-07  -1.63125e-06 -1.39788e-06 -6.464e-08  -0.000210173 -0.000203437 4.57742e-07  -0.000166278 -0.000123024 -2.54753e-07  -0.000156102 -0.000122654 -1.66534e-07  0.000436185 -0.000374775 -2.72795e-05  7.55076e-06 5.57696e-07 8.88671e-08  -5.35065e-05 -3.63987e-05 7.12802e-07  4.47809e-05 9.17722e-05 1.49977e-06  1.25399e-05 -6.369e-06 9.47147e-07  4.69817e-05 -1.11925e-05 2.49054e-07  6.76933e-05 -3.64638e-05 1.36691e-06  1.04725e-06 1.68165e-06 -6.4587e-08  0.000288194 0.000202093 -3.99256e-07  0.000350571 0.000142639 2.38282e-06  3.25536e-05 -0.000514785 -3.54796e-05  -2.70467e-05 8.91417e-05 8.55733e-07  0.000175725 -0.000413886 -2.32146e-07  -0.000714754 -0.00144353 -7.15861e-05  -0.000179609 -0.000126365 -1.21731e-07  -0.000204977 -0.000110696 -9.04073e-09  -2.84743e-06 -2.94048e-06 1.11208e-07  -0.00102872 0.000509218 -1.94486e-05  -0.000474496 0.000329705 -2.61325e-05  0.000104147 -3.27975e-05 -1.01376e-06  8.18951e-05 -2.31145e-08 -7.43232e-07  -0.00141683 -0.000879054 -3.60153e-05  -0.000411829 -0.000361012 -2.12235e-05  -0.00132424 -0.000876855 -3.82717e-05  0.000532346 -0.000877884 -3.95538e-05  0.000623161 0.000189685 -1.12738e-05  2.62354e-05 -6.69466e-06 4.94753e-08  -0.00107844 0.000186397 -1.01154e-05  -0.00156261 0.00109195 4.34113e-05  0.000306799 -4.47576e-05 1.28057e-06  0.000281853 0.000362768 -6.64934e-07  0.000220272 0.000163211 4.05749e-07  0.000354194 0.000367378 2.85521e-07  0 0 0  0.00016778 0.0010312 -2.23078e-05  -1.14734e-05 0.000343564 -9.98409e-09  0 0 0  0.000225744 -0.000280841 -1.07288e-08  -0.000372874 -0.000192837 2.45047e-07  -0.00016958 -9.73082e-05 3.34891e-07  0.000562772 0.000173099 -1.1045e-05  -0.000303921 -0.000492991 -2.70592e-05  0.00039323 -0.000622222 -8.56548e-08  -8.13563e-06 7.2592e-05 5.82687e-07  3.37518e-05 -0.000538872 6.01014e-06  -0.000573195 8.23162e-05 1.44101e-05  -0.000275794 -4.34189e-05 7.30944e-06  -0.000363244 -0.000223213 6.47255e-09  -0.000204854 -0.000204793 2.31306e-09  -0.000467735 -0.000296728 1.48512e-08  -0.000183252 0.000126988 1.35559e-07  -0.00032183 0.000292426 4.4348e-07  -0.000370731 0.000307713 2.30767e-07  -0.000617808 0.000884052 -1.09713e-05  1.42064e-06 -9.90382e-07 -5.77318e-08  0 0 0  2.6421e-05 -0.00010332 1.5345e-06  -0.000346278 -0.000377811 -3.09228e-09  -0.000398656 -0.000304543 -2.44664e-08  -0.000206702 -0.000118733 -5.29035e-09  -0.00053088 -0.000202045 -1.34764e-08  0.00022723 0.000477125 -4.23781e-06  -0.000184712 -0.000676417 3.03227e-08  -0.000141043 -5.60626e-05 -1.98093e-07  -0.000237545 -6.98989e-05 1.0523e-07  2.13575e-05 2.24674e-05 -2.28738e-07  1.88303e-05 1.61629e-05 -7.41162e-07  3.87407e-05 5.32849e-05 -6.94395e-07  4.78152e-05 -9.79486e-05 -9.98113e-07  0.000105832 -0.000169307 2.90595e-06  5.23088e-06 3.16643e-06 3.34227e-08  -5.96423e-05 0.000415485 3.07716e-07  -0.000136576 -0.000739273 4.04313e-07  -0.000833664 0.000693617 -2.13086e-05  -0.000377443 0.000982717 -3.74111e-05  0.000236302 -0.000104831 6.79224e-06  0.00100209 -0.000214525 2.87529e-05  4.50856e-05 0.000393396 -1.10762e-06  2.93699e-05 0.000290523 -1.71724e-06  -0.000337904 9.50882e-06 2.2291e-07  2.78556e-06 2.39123e-06 1.04947e-07  0.00054278 -0.000938628 -1.21354e-05  0 0 0  8.52672e-05 0.00033706 2.78104e-07  0.000326874 0.000586411 4.66914e-07  0.000119458 0.000398551 3.73884e-07  -2.50023e-05 8.69728e-05 -9.44245e-07  -0.000102868 0.00104472 -2.36701e-05  -0.000128933 0.000502206 2.44007e-06  1.54454e-05 -1.76678e-05 1.13484e-07  -0.000502031 -0.000318482 5.97868e-08  -0.000523785 -0.000271183 8.69792e-08  -0.000511119 0.000962149 -3.69213e-05  -0.000507344 0.000282875 -4.06235e-05  -0.000420719 0.00037131 -4.34166e-05  -9.32049e-06 -8.47521e-07 -1.08394e-07  1.11643e-05 -7.77227e-06 3.97978e-07  6.50638e-05 -0.00017734 -2.86564e-06  6.25982e-05 -0.000233001 3.40872e-06  0.00041286 0.000197114 6.1875e-08  0.000240304 0.000173474 7.28763e-08  -0.00028089 -0.000443627 4.56225e-09  -0.000118964 -0.000359171 -4.07879e-09  -0.000105247 -0.000228067 -1.47406e-08  -0.000230386 -0.000362601 -2.48065e-08  -0.000113986 -0.000163798 1.33647e-08  -0.000312683 -0.000286265 -4.16673e-08  -0.000407004 0.000133791 1.32688e-07  -0.000712359 1.23232e-05 1.71836e-07  -1.34084e-05 7.31177e-06 5.40961e-07  -3.33855e-05 2.44594e-05 -1.39415e-07  -1.89119e-05 1.01219e-05 -7.35342e-07  0 0 0  -0.000138014 0.000516224 -3.6291e-05  9.91959e-06 6.90492e-06 3.51932e-07  0.000324533 -0.000236597 1.87709e-07  0.000433628 -0.000563154 2.69674e-07  0.000320894 -0.000501502 1.25691e-07  0 0 0  0.000289039 0.00046808 -3.63525e-05  2.56478e-06 -5.22923e-06 1.66643e-07  -0.000105712 -0.000156903 -5.90209e-08  7.34494e-06 0.000429046 1.29592e-07  -9.05423e-05 0.000415505 1.15025e-07  -0.000145608 0.000708518 2.02654e-07  -0.000177327 0.00104684 -3.02215e-05  0.000998729 -0.000911378 1.70885e-05  0.000494891 -0.000412822 1.39895e-05  0.000701407 -0.0008776 8.51343e-06  0 0 0  0.000152146 0.000140421 -1.71974e-07  0.000240338 0.000128789 3.20787e-06  -0.000699985 -0.000253095 -2.96332e-08  0.000118067 0.000569186 4.74237e-08  -8.21083e-05 0.000574876 5.05566e-08  6.75588e-05 0.000571965 -4.87929e-09  0.000285692 0.000105372 2.58342e-08  0.000586808 0.000186929 1.55065e-07  0.000606706 0.000105276 -4.17144e-09  3.04018e-05 -3.93075e-05 -1.22239e-07  -0.000503033 0.000259295 1.32068e-08  -0.000259142 9.35589e-05 6.72783e-09  -0.000387203 0.000295766 -1.84709e-07  -3.73226e-05 -0.000551672 -3.6395e-05  7.73806e-05 -0.000166145 -1.88722e-06  -0.00142366 0.00226977 4.60302e-05  -0.000887505 0.000757378 1.95238e-05  0.000188601 -0.000782559 9.37773e-09  0.000194505 -0.000407664 1.75972e-08  -0.000181892 0.000126193 2.26019e-07  -8.47964e-05 9.3308e-05 8.33357e-07  -0.000921613 0.000640849 -3.47014e-05  -3.42753e-05 0.000346981 2.59893e-07  2.7459e-05 -2.59709e-05 4.95552e-08  -1.56973e-06 3.10362e-05 -1.25832e-07  -0.00098852 -0.000377793 -4.24328e-06  -0.00215698 -0.000285199 -6.38776e-05  -0.000342603 -0.000374786 6.50213e-08  -0.000229434 -0.000444346 2.34244e-07  -0.000206055 -0.000295988 3.22814e-07  0 0 0  0.000209792 0.000324707 -8.15389e-07  -0.000309909 -8.24063e-05 -1.98667e-08  -0.000367673 -0.000189804 -1.83734e-08  -0.000273757 -4.0011e-05 -1.19127e-08  -0.00042574 7.69858e-06 -2.88953e-08  -0.000358385 -0.000477488 -1.59155e-08  0.000258145 0.00022852 2.16354e-06  0.000406213 0.000401059 -2.30406e-06  0.00021839 0.000343787 -2.40094e-08  -0.000115838 0.0004981 2.98384e-07  -0.00016911 0.000451686 1.4217e-07  -2.60717e-05 0.000522173 -4.22636e-05  4.64976e-05 -3.58701e-05 5.46211e-08  6.6734e-05 -7.5721e-05 9.75987e-07  0.000792864 -0.000307592 3.31137e-07  0.000419281 -6.83712e-05 3.73372e-07  0.000658163 0.000779726 3.13758e-05  0.000296249 -0.000268534 -1.17667e-08  0.000384503 -0.000621331 4.58593e-08  1.43769e-05 -1.00057e-05 -5.2446e-07  0 0 0  -0.000667904 -0.000702237 -7.42812e-06  -0.000837956 -0.0010038 2.11546e-05  -2.61444e-05 0.000529199 9.44164e-06  -0.000438171 -1.90347e-05 -1.64561e-08  0 0 0  0.000246802 -0.000546512 6.47524e-08  -0.000351334 0.000443569 -5.47218e-05  -0.000556649 0.000445963 4.33551e-08  -5.26184e-05 -0.000372421 -8.64484e-08  -6.31672e-05 -0.00034528 -2.40735e-07  -0.000203972 0.000254544 2.08891e-07  -0.000153377 0.000314753 -6.80018e-07  0.000341875 0.000118543 5.69558e-08  -0.000307133 8.17008e-05 3.0298e-07  -0.000845166 -0.00134875 -2.09542e-05  0.000264373 0.000451028 -9.50181e-06  1.30831e-05 -5.61307e-06 4.15787e-07  0.000306332 0.000280771 2.68734e-07  0.000437553 0.000378404 2.21563e-07  -0.00018739 -0.000323565 5.16256e-06  -0.000676299 -0.000761925 2.40951e-05  1.71052e-05 -0.000121753 -1.30078e-06  0.000403303 8.24898e-05 1.71167e-07  0.000267086 2.11222e-05 1.89587e-07  0.000370843 0.000123737 2.35421e-07  -0.00304773 0.000154761 -2.78042e-05  -0.000218314 -0.000529815 3.44082e-08  -0.000200907 -0.000657619 4.45572e-09  -3.27051e-05 -0.000519345 1.64288e-08  -3.78369e-05 6.75241e-05 6.35619e-07  0.000278925 2.85952e-05 4.17077e-06  0.000299096 -4.56e-05 1.22036e-07  7.34801e-05 -1.99895e-05 6.529e-07  -0.000482518 0.00020593 1.85034e-05  -0.000381285 -8.46122e-05 3.74516e-07  -0.000237301 0.000164659 1.32406e-07  -0.000139864 0.000138156 2.85246e-07  0 0 0  -0.000517303 -2.21504e-05 -6.27265e-09  -0.000340829 -0.000311481 -8.32709e-09  0.000296915 0.000397481 1.40855e-06  5.66171e-05 0.000160805 -1.53026e-06  -0.000246346 0.000242435 -5.25668e-07  0.000412585 0.00128785 -2.229e-06  -8.75039e-06 0.000216693 5.28202e-08  3.09927e-05 0.000188884 -2.81115e-07  -0.000134942 0.000189722 -4.32707e-09  -0.000146543 -0.000255314 3.75714e-08  -0.000358432 -0.000469 2.89052e-08  -0.000441386 -0.000404341 6.09415e-08  0.000105302 3.65943e-05 -1.1255e-06  6.31239e-05 -3.9231e-05 4.661e-08  -0.00016408 -0.000299932 -6.27845e-07  -3.2074e-06 -5.08018e-06 1.70994e-07  0.000227556 -0.000430257 -2.28418e-06  0.0002814 -0.000288947 4.04089e-06  0.000274213 -0.000360426 -1.42031e-06  1.66851e-05 0.000524221 2.7086e-07  0.000457004 8.82091e-05 -1.5108e-06  0.000361847 0.000100969 1.88786e-06  0.00035631 0.000438738 2.87337e-07  0.00018427 0.000530445 3.47476e-07  0.000208858 0.000351262 2.44597e-07  -6.45514e-05 6.52774e-05 8.30127e-07  0.000166572 0.000215272 6.21831e-06  -0.000187223 -0.000545266 3.38293e-07  -1.3132e-05 3.57422e-06 3.59569e-07  -1.14986e-05 4.9658e-06 -2.81838e-07  7.39512e-06 6.35037e-06 -2.94788e-07  -0.000210797 -0.000109372 1.00834e-07  0.000294982 5.07273e-05 9.813e-08  0.000580306 0.000184365 1.68115e-07  0 0 0  5.99017e-05 -0.000361848 -1.67431e-07  7.497e-05 -0.000597943 -1.22063e-07  -5.02609e-06 -5.09855e-07 -7.75959e-09  -4.5865e-06 3.16187e-07 -7.78971e-09  0.00107524 0.000599561 -6.68243e-06  -0.000321199 -0.000506756 5.73823e-08  -8.85863e-05 -9.79298e-05 4.45151e-07  -7.51684e-05 -6.25323e-05 9.68111e-07  -0.000378059 -0.000413005 8.23257e-09  -0.000139248 -0.000242575 1.63714e-09  0.000119388 3.44486e-05 8.66964e-07  0.000336488 2.5835e-05 -1.68713e-06  3.09614e-05 2.41467e-05 7.15695e-08  -0.000412197 0.000109585 -3.8931e-09  -0.00119527 0.000118285 2.5895e-05  -0.00202739 0.000825167 2.47884e-05  0.000497489 -0.000440741 2.42332e-07  0.00059519 0.000398542 1.53324e-05  -0.000416697 -0.000392637 3.90719e-08  2.7792e-05 2.74552e-05 5.07032e-07  0.00153944 0.000325171 -3.28336e-05  0.00205925 -0.000103788 -4.77467e-06  -0.000669534 -0.000255286 4.09292e-08  -0.000574743 -2.4931e-05 5.21354e-08  -0.000281229 -7.47763e-05 2.21161e-08  -3.19544e-05 -0.000506187 1.84611e-08  5.92744e-06 -1.05116e-05 9.38411e-07  0.00019407 0.000460003 -2.23869e-07  0.000217987 0.00036602 1.48451e-07  5.24196e-05 7.5105e-05 8.36703e-07  -1.09947e-05 0.000275628 -4.28378e-07  1.08873e-05 0.00105771 -6.55055e-06  0.000352175 -0.000139771 -1.26175e-06  0.000411355 -0.000256851 1.42658e-07  3.77087e-05 5.62021e-06 7.58213e-08  -0.000463181 6.08547e-05 -1.39154e-08  -0.000399031 0.000408845 -1.92417e-05  -0.00097427 0.00129204 -5.75542e-05  -1.36342e-05 -1.5258e-05 9.5447e-07  -0.000370365 0.000521038 8.02257e-08  -8.29011e-05 0.000207819 -5.35043e-07  -3.66962e-05 0.000191513 2.15287e-06  -5.37337e-05 0.000349996 -1.23756e-07  -1.40788e-05 0.000373743 3.91255e-08  6.14125e-05 0.000484876 -1.13695e-07  0.000249999 -0.000404315 2.56637e-08  0.000186756 -0.000680492 4.12259e-08  0.00011285 8.74829e-05 3.07606e-06  0.000610044 5.80155e-05 -1.00696e-05  -2.25932e-05 0.000673434 2.36966e-05  0.00044729 0.000478046 -1.14265e-06  -0.000429092 -8.80259e-05 7.49505e-08  0.000205374 0.000603534 -6.02049e-07  8.07844e-06 -4.48527e-06 -2.7961e-07  2.67241e-06 -1.48273e-06 8.67998e-08  -0.000512162 -4.72099e-07 -5.11386e-07  -0.000648785 -0.000221946 1.08231e-08  -0.000501723 -0.000157035 -2.45135e-09  -0.000540221 -2.34794e-05 7.41192e-09  -0.00039441 0.000182337 2.40081e-08  -0.000566166 0.00012455 5.96457e-08  -0.000379842 7.79794e-05 -4.19731e-09  -0.000370983 3.22091e-05 -4.91299e-09  -0.000349111 0.000114547 -8.94167e-09  0.000137856 -0.000531242 2.74547e-07  4.11482e-05 -0.000463515 2.47513e-07  -6.24249e-06 -0.00013693 1.80709e-07  5.76955e-05 -0.000355865 6.85852e-06  0.00014326 -0.00102808 3.81525e-05  0.000134463 -0.000354016 1.09824e-05  0.000359385 0.000898094 -5.86621e-06  -0.000448025 -0.000375316 2.49315e-08  -0.0012976 0.00161671 -3.79741e-06  -0.000485443 -0.000384606 5.65177e-06  -0.00139746 -0.00110115 1.48e-05  0.000404082 -0.000416786 -4.62354e-07  3.29801e-05 -0.000665911 3.89391e-07  0.000515791 0.000274349 2.59308e-07  0.000559877 0.000850316 1.42765e-05  0 0 0  0.000471745 -0.000313146 2.08087e-08  0.000163575 0.000241997 5.53447e-08  6.55294e-05 0.000180767 1.18878e-06  5.798e-06 1.0117e-05 8.02701e-07  7.80518e-05 -0.000864963 1.69273e-07  0.000231043 -0.000552922 8.17893e-08  9.13639e-05 -0.000732004 7.59928e-08  0 0 0  0.000288333 9.65072e-05 1.99822e-06  5.14089e-05 1.31357e-05 8.89437e-08  0.000307987 0.000318394 6.13323e-08  0.000266487 0.000348455 6.1396e-08  -0.000690958 0.000235843 1.03535e-07  -0.000570114 9.96428e-05 1.66338e-07  0.000141955 3.45271e-05 1.34092e-06  -0.000311538 -0.000491694 2.33853e-07  0.00157447 0.000563484 2.33134e-05  0.00181118 0.000311992 1.00543e-05  0.000281511 -0.000168963 -1.48526e-06  0.000342676 -0.000381654 -3.87945e-07  0.000234091 -0.000210666 7.96947e-07  0.000228369 -0.000546722 1.79458e-07  1.30856e-05 -0.000415199 1.4137e-05  -1.18368e-06 -1.5278e-06 -5.90015e-08  0.000325135 0.000298351 9.59942e-08  0.000253408 -0.000582424 3.2197e-07  -0.000412898 -8.47154e-05 5.17168e-09  -0.000704586 1.25376e-05 9.77274e-09  -0.000253785 -0.000292328 -4.69948e-07  0.000441567 -3.64182e-06 2.30721e-06  3.71466e-05 0.000522784 -6.56182e-06  0.000256265 0.000334076 6.34287e-08  0.000447092 0.000352148 7.02115e-08  3.86469e-05 -2.14508e-05 -1.08016e-07  -0.00109673 -0.0011494 -6.92272e-05  -0.000363109 -0.000223129 1.78152e-07  -0.000534422 -0.000167113 1.41155e-07  -0.00100796 0.000554595 -4.05789e-07  0.000501991 -0.000274884 1.33725e-07  -4.00821e-05 7.45093e-05 5.27033e-07  1.13389e-05 -3.38397e-05 1.39978e-06  0.000188048 -0.000534349 1.68957e-07  -0.000206847 0.000128865 -3.9374e-07  -0.000162448 0.000168333 2.99872e-07  -5.42753e-05 0.000102336 2.38948e-06  0.00020505 0.000456486 -5.63918e-07  4.27458e-05 -0.000483514 4.01241e-08  -9.68407e-05 -0.000292561 -4.78629e-09  -0.000144892 -0.00035225 6.99703e-08  0.000457335 -4.68342e-05 1.1882e-07  -0.00022816 0.000138988 -2.75884e-07  -0.000330147 0.000119187 -5.35424e-07  -0.00035677 0.000128935 5.79812e-07  0.000386192 0.000126873 2.79962e-06  -0.000129219 -0.000250353 6.42503e-08  -4.56836e-05 -0.00020508 8.05904e-08  -2.98265e-05 -0.000113921 1.09735e-06  -0.000320732 -0.000506129 3.71829e-08  -0.000223901 -0.00054313 5.30257e-08  -0.00165669 -0.000270268 3.39737e-05  -0.000589897 -8.45648e-05 4.77207e-06  -1.35753e-05 -3.88475e-05 2.69471e-06  7.63284e-05 -2.30397e-05 -2.40875e-07  -0.000253805 -3.22976e-05 4.52175e-10  -0.000107784 6.5389e-05 2.15138e-06  -0.000101471 2.86193e-06 -5.97959e-08  -0.000373497 9.92967e-05 1.99063e-07  -0.000254847 0.000358357 3.69609e-08  -0.000228534 0.000537675 9.2841e-08  0.0010085 0.000766858 2.202e-05  0.000878305 0.000722378 -2.35434e-05  0.0018297 0.000854873 -4.40014e-05  -8.4371e-05 -0.000454919 -1.70687e-08  -0.000254399 -0.000282085 1.34196e-05  6.61813e-05 0.00044585 1.38009e-05  0.00049979 4.23819e-05 -2.4455e-06  0.000175507 -8.66323e-06 1.42986e-07  0.000276108 -4.68893e-05 2.93807e-06  0.000372513 0.000483544 -2.43987e-05  -8.01439e-05 -0.000102265 3.74616e-06  -8.94159e-05 -6.14167e-05 1.75599e-06  -6.30345e-05 0.00015516 -1.00489e-07  -6.2699e-05 0.00018413 -5.72355e-07  1.44063e-05 -0.000226106 -2.20514e-07  9.98828e-05 -0.000213433 -1.36692e-06  -0.000457745 -0.000369199 4.71062e-07  -0.000402953 -0.000350243 9.63129e-08  -0.000313271 -0.00024698 2.94376e-07  -0.000555073 -0.000305775 1.67645e-07  -8.32506e-05 0.000368666 9.45283e-06  -0.000119371 0.00157124 2.63594e-05  5.32159e-06 -9.49115e-05 2.09489e-07  2.06922e-05 -0.000205399 2.84541e-07  -2.04825e-05 4.38436e-06 9.2247e-07  0.000208841 0.00133203 3.86899e-05  -4.77576e-07 -1.89145e-05 1.0914e-06  8.55162e-07 -4.86944e-06 8.53486e-07  0.000244007 0.00153192 -2.16027e-05  -0.000657913 0.000485005 -1.08462e-08  0.000263024 -7.64024e-05 1.05858e-07  -0.000339919 0.000235612 1.46721e-07  -0.000438179 0.000533404 2.40209e-07  -0.000481074 0.000303637 1.4667e-07  -6.68978e-06 0.000556004 2.29271e-10  0.000541568 -0.000630688 2.71485e-05  0.000144252 -0.000142518 5.84811e-06  0.000107641 -0.000152514 4.32849e-06  0.000252261 7.4662e-05 -1.94175e-06  -1.37742e-05 -1.19467e-06 -5.79713e-09  4.56626e-05 0.000134775 4.55784e-07  -9.11864e-05 -0.00211113 1.82908e-05  0.000348868 -0.00139707 -9.63635e-06  0.000344535 0.000200535 8.10558e-07  -0.000407339 5.90915e-05 6.18084e-09  -4.80575e-05 -2.0698e-07 -1.28888e-08  -2.88853e-05 2.57814e-06 -8.80221e-08  0.00018436 -8.44958e-05 5.01472e-07  0.000354347 -0.000247265 1.29577e-05  0.000392066 -0.000173113 6.69294e-06  4.52717e-05 0.000278317 1.18052e-08  -0.000988203 4.7129e-05 3.01685e-05  -0.000390347 -5.7472e-05 1.24755e-05  8.98906e-05 0.000142783 -1.58477e-06  -1.9202e-05 1.69007e-06 9.11834e-08  -0.000130504 -0.000646455 3.03353e-07  0.000131176 8.21207e-05 1.39572e-07  0.000210845 8.00224e-05 -2.48443e-06  -0.000415099 -0.000136536 8.55301e-08  0.000259917 0.000518994 3.51684e-08  0.000284596 0.000330109 6.39457e-10  0.000281526 -0.000346924 1.61257e-06  2.83968e-05 1.21862e-05 -1.33251e-07  0.000277593 -0.000132292 -3.44202e-06  9.0555e-05 9.54161e-05 1.9052e-06  9.55309e-05 9.44528e-05 -1.3496e-06  9.44586e-05 0.000271783 2.41858e-08  0.00027136 0.000172691 3.79574e-07  0.000189649 7.09821e-05 4.08789e-07  0.000204986 7.5744e-05 2.94993e-07  -5.25618e-05 -0.000284958 6.14298e-06  0.000117268 -0.000180021 -2.17572e-07  2.62144e-05 -1.12505e-05 8.39629e-07  -0.000534526 0.000182876 -3.45635e-11  -0.00040817 0.000257886 -1.00284e-08  -7.58339e-06 -2.91454e-05 7.91654e-07  -0.000167054 -0.000362094 1.91509e-07  -0.000376514 -0.000100126 1.92932e-07  -0.000515652 -2.25075e-05 3.20124e-07  6.91419e-05 -8.33462e-05 3.39886e-06  -0.000273037 -0.000190271 -7.70026e-09  5.32412e-05 -7.57225e-05 7.13344e-07  9.59585e-06 -2.18379e-05 3.73753e-07  -0.000437103 -1.26853e-05 2.29303e-08  0.00030607 -0.000181431 8.54316e-08  -0.000362379 0.000299751 -1.94195e-06  3.90236e-05 1.37987e-05 2.41274e-07  7.01095e-05 4.94787e-06 1.18898e-06  -8.25858e-05 1.64046e-05 6.93893e-07  -0.00010977 0.000322052 4.2639e-07  -0.000242472 0.000375099 4.08638e-07  0.000368052 0.000328149 -3.41193e-06  0.000283851 -8.2526e-05 9.96992e-08  0.000442549 -1.85154e-05 3.04962e-07  0.00089897 -0.000451634 2.80324e-05  -5.43078e-05 1.49808e-05 -2.54047e-07  -2.96238e-05 -0.000163624 2.44008e-06  0.000450227 -4.63845e-05 9.54077e-08  -0.000279281 -0.000235653 1.75727e-07  0.000352532 -0.00011002 -1.4607e-07  0.000187177 -0.00012931 -3.40296e-06  0.000141393 -6.03167e-05 1.581e-06  -0.000512007 -0.000265098 2.08286e-07  -0.00042078 -8.6374e-05 1.17094e-07  -0.000211794 0.000121253 1.50159e-07  0.000113579 -0.000382252 7.84892e-09  8.82538e-05 -0.000559493 -4.26936e-08  -0.000265053 -0.000104412 -2.53829e-08  2.48331e-05 -0.000245886 -4.37243e-07  0.00046439 0.000191248 1.68752e-06  0.000556548 0.000319117 3.56738e-07  -1.25313e-06 -9.88055e-07 9.82605e-07  -0.00285534 -0.000914143 -4.34365e-05  1.84709e-05 5.79535e-06 5.6933e-07  1.75425e-05 9.73722e-06 5.89318e-07  -0.000407127 -0.000280508 1.97073e-05  -0.000263698 -0.000100838 6.01171e-06  -0.000148403 -3.41397e-08 -9.07034e-09  -0.000222727 4.51084e-05 -3.27869e-08  0.000268576 0.000437019 2.38385e-07  0.000289149 0.000265609 2.59476e-07  0.0001591 0.000379197 1.05095e-05  8.29949e-06 -0.000327428 -3.17547e-07  0.000344573 0.00129802 5.19916e-05  2.67656e-05 0.000358069 9.6349e-08  0.00031138 -3.44211e-06 4.06857e-07  0.000398069 -7.20448e-05 -6.9659e-07  0.000426955 0.00011449 1.17023e-07  -0.000311602 -8.80433e-06 2.25539e-07  -9.8331e-05 0.000141521 8.21491e-08  -0.00112962 -0.000581657 1.16087e-05  -1.10022e-05 7.73058e-05 -1.63e-07  0.000431874 -0.000125876 -7.93731e-08  0.000542193 -0.000211787 2.63396e-07  -0.00137715 -0.000591138 5.71113e-05  -0.000681453 -0.000571031 2.1126e-07  0.000318432 0.000222034 -1.09541e-06  0.000316837 -0.000158113 2.00483e-06  -0.000340433 0.000282314 -9.761e-10  -0.000260762 0.00022965 -4.42176e-09  -0.000120634 -0.000304998 -3.81153e-09  8.96923e-06 -7.69994e-06 -3.53745e-07  0.000433231 -0.000125781 9.19458e-08  0.00019707 0.000109136 -1.51788e-06  -0.000458359 0.000250954 2.70955e-08  2.16885e-06 6.65681e-05 1.7797e-06  1.4559e-05 6.09302e-05 1.39461e-06  0.000119826 -0.000338726 -3.16069e-07  4.94328e-05 -0.000185236 2.3222e-07  -0.000578912 0.000966726 1.76649e-05  0 0 0  0.00147184 0.000530138 5.14127e-05  -5.74795e-05 -0.000400326 3.88989e-07  -8.86106e-06 -0.00035317 8.55509e-08  -0.000301014 0.000265268 2.16684e-07  -1.35602e-05 -0.000224964 -1.69373e-06  0.000147337 -0.000318347 1.31662e-07  4.95084e-07 7.15091e-05 5.53486e-08  0.000232116 -0.000294599 4.17996e-07  0.000196141 -0.000434625 -4.76861e-09  0.000448859 -0.00015163 3.39577e-07  0.000203865 -0.000388679 1.81021e-07  -0.000111478 6.0359e-05 5.05128e-07  -0.000173433 0.00053208 7.70756e-09  -0.000194246 8.98278e-05 1.56663e-07  6.41801e-06 4.7133e-05 6.11769e-07  7.79561e-05 -0.000328339 1.54969e-07  -0.00011707 -0.000371815 -2.49477e-07  -0.000485255 4.16331e-05 2.38576e-07  0.000164772 0.000550647 2.05331e-07  -0.000137252 0.000230274 2.85493e-07  -0.000304452 0.000238073 2.98021e-07  -7.34103e-05 3.78533e-05 -1.9248e-08  0.000408348 -4.19452e-05 1.48743e-07  0.000117201 -0.000117902 -1.29747e-07  -0.000191954 -1.54723e-08 -7.74676e-09  0.000344073 0.000449746 -2.32602e-06  0.000401342 0.000152777 -2.91075e-06  0.000214271 0.000540099 6.40236e-08  2.64247e-05 0.000101377 -1.02016e-06  0.000257239 0.000122616 2.1952e-07  0.000317612 0.00025851 1.09473e-07  0.000398619 -0.000315852 -2.10957e-06  -0.000534101 6.99573e-05 3.35341e-07  -0.000491947 0.000201952 2.69104e-07  -3.5887e-05 -0.000255086 5.52868e-07  -0.000262093 0.000326669 3.26755e-09  -0.000310778 0.000479304 1.48271e-08  0.000163111 0.000241259 2.48647e-08  0.000152423 -0.000289532 5.79946e-07  -4.33523e-06 -0.000100852 8.12468e-07  0.000418718 0.000111493 -1.17906e-07  -1.12839e-05 -0.000213995 -3.80586e-07  4.81779e-05 -0.000259659 1.1956e-06  -6.00487e-06 -0.00037718 -2.77624e-06  0.000870217 0.00117794 -2.01552e-05  0.000705611 0.000818703 -4.64331e-05  -0.000172736 9.09039e-05 3.71278e-09  -0.000157666 -0.000178868 7.56823e-08  0.000431244 -9.86956e-05 6.79695e-08  -1.85423e-05 -0.000724118 1.62309e-09  -5.93788e-06 0.000529006 -4.22243e-08  0.000146023 1.47812e-05 -2.23473e-06  0.000325011 3.3097e-05 -4.71568e-06  0.000194724 0.000108056 3.24091e-06  3.12839e-05 0.000418266 1.67469e-07  4.29997e-05 0.000271583 3.7708e-06  -3.80226e-05 0.000272241 -1.62993e-06  0.000583097 1.90952e-05 -9.3982e-07  0.000297338 2.28896e-05 9.9015e-08  -0.000260485 5.64981e-05 -4.29726e-08  -0.000111483 -0.00066269 2.02677e-07  -0.000356008 -0.000646383 2.27817e-07  0.000309569 -9.03365e-05 1.5507e-07  0.000109979 0.000529746 2.63646e-07  0.000319351 0.000406724 1.02514e-06  6.86067e-05 0.000579591 5.31383e-08  6.83699e-05 0.000577475 1.34082e-07  -0.000160059 -0.000313444 -2.04619e-06  -0.000183549 -0.000223222 -8.48535e-07  2.50699e-05 7.83729e-05 6.07943e-08  -2.10072e-05 0.000428459 2.19135e-07  -0.000112932 9.69496e-06 3.97617e-07  0.000327558 0.000207168 1.91603e-07  -9.04419e-05 0.000134948 -1.74073e-06  0.000461819 0.000170027 3.87247e-07  0.000395255 0.000259122 3.97815e-07  -0.000292929 0.000324847 5.85486e-08  0.000304566 -0.000120725 -1.24992e-07  0.000117711 0.000372952 2.32738e-07  0.000184239 0.000355317 3.23873e-07  -3.47023e-05 -1.0601e-06 3.52594e-06  0.000350057 -0.000225881 -5.54224e-08  0.000293288 0.00026683 1.99554e-07  0.000427428 -0.000221392 -3.08056e-07  -3.15608e-05 0.000568315 2.47464e-08  0.000269467 -0.000273725 9.24027e-08  -6.92308e-05 -0.0001679 1.03008e-06  -0.000439085 1.27034e-05 5.32162e-08  0.000328995 -7.39864e-05 -9.76746e-07  -0.000257912 -0.000499557 2.03067e-07  -0.000680851 -8.27669e-05 3.33971e-07  -0.000826792 0.000232715 1.05824e-05  -0.000323176 -6.61205e-05 3.92855e-07  -4.76936e-05 0.00028822 5.61017e-07  9.33292e-05 -0.000382213 1.82985e-06  -6.7618e-05 9.69492e-05 1.53101e-06  -0.000359595 7.88575e-05 2.87705e-08  -0.0005727 -0.000126051 6.76026e-08  0.00157293 -0.000265446 3.82938e-05  0.000631545 -1.85983e-05 1.1967e-07  -6.81175e-05 0.00043235 5.94384e-08  0.00165647 -0.00158047 -7.06661e-05  0.000399387 -0.000338368 1.31894e-08  9.94017e-05 0.000390918 1.41136e-08  0.000245504 -1.24472e-05 1.30263e-07  6.56753e-05 0.000132701 -1.35581e-06  -0.000203345 -0.000142108 3.49736e-07  -0.000201715 -8.32748e-05 6.54093e-07  0.000395319 0.000469247 3.62926e-07  0.000236877 0.00024498 6.21056e-08  0.000612454 0.000469507 -1.10985e-06  -7.92498e-05 -0.000156338 2.41486e-06  -0.000233775 -4.81935e-05 -3.72649e-08  -0.000333113 -0.000114031 -3.91166e-08  -0.00051901 0.00026773 4.70147e-08  -0.000240495 0.000166724 3.18844e-08  -0.000359047 0.000248911 3.1273e-08  0.000763727 -2.18333e-05 1.81037e-07  -0.000155709 0.0001834 6.5524e-07  0.00101734 -0.000544656 8.44959e-06  0.000586398 1.98256e-05 1.89958e-07  -0.000406766 -0.000154941 -4.39587e-08  -0.000174703 0.000675554 3.18746e-05  -0.000375022 -0.000230434 3.9113e-08  0.000400779 0.000189945 -5.6439e-09  0.000459447 3.66268e-05 -8.19526e-09  -0.000400382 -0.000185396 3.02905e-09  0.00032794 4.62125e-05 2.97346e-07  -9.65065e-06 -0.000393149 -2.92616e-08  9.48872e-06 5.92535e-06 1.23925e-06  -0.000125356 -0.000225552 3.616e-06  0.000608981 -0.000250781 8.21199e-07  -0.000289914 -2.51604e-05 7.53417e-08  0.0010572 0.000890683 3.86912e-05  0.000643038 -3.05606e-05 -1.13095e-07  7.34007e-05 0.000346848 -1.04242e-07  2.26234e-05 -8.38949e-05 9.25238e-07  -0.000269674 -0.000303604 -1.80026e-08  -0.000567315 -0.00033934 -2.86459e-09  -0.000440317 0.000180373 2.3598e-07  -6.78813e-05 -1.76098e-06 6.2516e-07  -2.98604e-05 -3.94639e-06 8.34715e-07  -0.000108964 -3.87122e-05 1.03656e-06  -0.00023007 0.000434073 -3.0839e-08  0.000499015 -0.000935631 3.33193e-07  0.00039006 -0.000892741 3.38347e-05  0.000108605 -0.000458085 1.31835e-07  0.000254481 0.000144502 -8.08298e-07  0.000419448 -0.000256433 3.51721e-07  0.000649877 -0.00026564 -5.40516e-07  4.92373e-05 -0.000606556 1.93796e-07  0.000121323 -0.00020294 5.26111e-08  1.06082e-06 3.72279e-07 7.4366e-07  -0.000246988 0.000274191 -1.06145e-08  9.84418e-05 0.000164722 -1.12064e-06  -4.5909e-05 0.000164654 -1.10082e-07  -0.000279524 0.00027618 -1.051e-09  -0.000279873 0.000432388 -8.90291e-09  0.000686569 -0.000279762 2.05156e-07  0.000409642 -1.54615e-06 8.30564e-06  0.000191341 -4.97442e-05 2.91152e-06  -0.000296531 -4.287e-05 -1.04374e-08  -0.00021435 0.000504408 1.22927e-08  0.00015146 0.000150811 2.93789e-06  -0.000112435 -0.000974181 3.27522e-05  0.000111769 -6.196e-05 1.31886e-06  -0.000262251 0.000448154 -7.85788e-07  -0.000510734 -0.000876965 3.99931e-05  0.000519292 0.000307463 2.46893e-08  0.000378271 0.00023924 4.81341e-08  0.000112993 -9.67077e-05 -1.45159e-06  -0.000369352 1.08752e-05 2.39527e-07  -0.000546711 9.56765e-05 3.39306e-07  0.000235629 -0.000381317 3.14571e-08  0.000371482 -0.000371293 1.88368e-07  0.000150309 -0.000230201 -3.7643e-06  -0.000331571 0.000176961 2.74712e-07  -0.00013713 -0.000679397 1.10907e-07  -0.00127323 -0.00088251 -2.5798e-05  -9.7616e-05 0.000351506 -2.61558e-08  0.00035769 5.0129e-05 4.69186e-07  -0.000514917 0.000137172 1.24979e-08  -0.00030923 -0.000309135 2.26469e-07  0.000262293 -0.000437793 3.32116e-07  0.000125826 -0.000487009 3.38189e-07  -7.78979e-05 0.000279494 1.20333e-07  -2.22661e-05 2.19467e-05 5.62784e-07  9.35304e-05 -6.90423e-05 3.48795e-06  -2.65627e-05 0.000219856 8.96474e-07  -0.000332831 0.00042713 5.83508e-09  -9.08754e-05 0.000244085 3.41998e-07  7.84605e-05 0.000223352 -2.67806e-06  -0.000280223 -0.000315162 1.81722e-07  0.000243271 0.000662454 2.00974e-08  0.00039882 -7.04381e-05 1.40563e-06  -0.000177642 0.000545554 1.89927e-08  0.00015153 -0.000429604 3.58356e-07  5.1506e-05 -0.000465311 3.49143e-07  0.000155185 0.000408115 8.26092e-08  -0.00059593 -7.24324e-05 -1.41892e-08  -0.000188758 0.00050409 2.69714e-07  -2.91788e-05 -8.66348e-06 5.64341e-07  0.000278642 -0.000157577 3.0376e-07  -0.000117448 0.000238464 -3.7344e-07  0.000195223 -0.000739758 3.82178e-09  0.000142931 -0.000493647 -1.71912e-08  -0.00030321 0.000388719 2.95301e-07  0.000121296 0.000294037 3.62398e-06  1.6797e-05 0.000128538 -1.32386e-06  3.29755e-06 0.000191427 -2.35322e-07  -7.47035e-05 -0.000350803 2.68417e-07  -0.000192314 -0.000358778 1.96716e-09  -7.86367e-05 -0.00036981 4.64982e-10  -0.000607918 0.000106239 -8.3178e-09  0.000245458 -0.000208183 -4.46155e-06  8.27167e-05 1.86209e-05 2.1991e-06  -4.56918e-05 1.60356e-05 1.3794e-06  0.000252368 -6.92375e-05 -2.13386e-06  0.000358049 -5.19118e-05 3.76134e-07  0.00029986 -1.65042e-05 1.76405e-06  0.00015166 -0.000136844 1.7912e-06  0.000133054 6.4983e-05 4.3011e-06  -1.50534e-05 0.000373738 1.90089e-07  -9.42933e-07 -4.3803e-05 1.4042e-06  -0.000429092 8.79265e-05 5.29321e-08  -0.00046593 -0.000102626 3.80854e-07  -0.000255357 0.000416752 5.42739e-07  0.000129345 0.000153896 -5.52826e-07  1.29035e-05 4.6993e-05 1.25188e-06  0.000236733 6.12574e-05 1.45072e-07  0.0005419 -0.000593368 5.18136e-07  0.00043029 -0.000385204 -1.38221e-08  -0.000328635 -0.000430212 3.56973e-07  -0.000218444 0.000615685 -2.13794e-08  8.46772e-05 0.000510684 -1.37819e-07  -0.000517741 0.000212446 1.54979e-07  0.000361719 0.000253334 3.89963e-06  0.000503099 0.000329509 1.25356e-07  -4.84727e-06 3.50839e-05 6.39659e-07  0.000128699 -0.000106171 -4.5222e-07  -0.000158825 0.00014598 -1.09252e-06  -0.000319636 -0.000147924 2.60011e-07  -2.19481e-05 -0.000537346 2.68638e-07  0.000145569 0.000287429 -4.5146e-06  0.000557738 9.65022e-05 2.85649e-07  -0.000108625 -0.000539257 -1.19395e-08  0.00029883 0.000485951 2.1787e-08  0.000403525 0.000595999 1.97148e-07  -0.000126052 -0.000380419 -5.61081e-09  0.00042339 -0.000149635 5.58833e-08  0.000376214 -0.000212624 7.29638e-08  -0.000118534 -0.000486069 -3.45919e-07  0.000304914 0.000114197 3.27455e-06  0.00018329 -0.000121179 1.57283e-06  -0.000222117 -0.000371334 2.829e-08  -0.000338541 -0.000273609 -9.70065e-08  0.000258953 -0.000112745 3.03931e-06  -0.000497846 -0.000204868 1.67388e-07  -0.000273557 0.000515157 8.88499e-08  -0.000397406 0.000428101 5.60372e-08  0.000229329 0.00012685 -3.85703e-06  -2.90014e-05 2.1262e-05 6.93671e-07  -0.000190534 9.84486e-05 -2.0138e-08  -4.31871e-05 0.000436485 4.63874e-08  0.000188108 -0.000462171 -6.26414e-07  -1.14056e-05 -0.000790979 -2.54842e-08  -0.00043844 1.26598e-05 7.01597e-08  -0.000879355 0.000799972 4.29627e-05  0.000272329 -7.95265e-05 -1.48308e-07  -0.000332988 0.000189465 9.37128e-08  0.000338872 -3.51229e-05 4.57866e-07  0.00021161 0.000577043 3.35235e-07  -0.000274405 0.000108465 4.16648e-07  0.000260747 0.000459641 -2.20653e-07  -0.00034382 7.02407e-05 3.72798e-07  0.000355737 2.90389e-05 -1.32026e-06  0.000493622 0.000136173 3.38658e-07  -0.000150482 -4.35541e-06 1.05907e-08  0.000508275 5.17448e-05 -8.7543e-08  -0.000320622 -0.000320589 3.37533e-08  6.70129e-05 0.000324646 1.07779e-06  -3.11695e-05 -0.000132123 -6.67747e-07  9.93052e-05 -4.57402e-05 2.81632e-06  -0.000117812 0.000288679 6.73802e-08  -7.68073e-05 -0.000228372 2.28378e-07  1.03017e-05 0.000125887 6.07127e-07  0.000757899 4.36667e-06 -7.77006e-08  0.000503968 -0.000592954 9.03496e-08  -0.000107144 -0.000803681 9.52915e-08  -5.4759e-05 -0.000208523 5.73365e-07  1.8932e-05 -3.62926e-06 1.1727e-06  -6.11181e-05 7.95907e-06 6.37845e-07  -0.000247102 0.000308453 2.87231e-07  0.00112199 -0.000332829 -2.99661e-05  3.11665e-05 -6.63841e-05 1.97554e-06  -0.000394609 0.000425122 5.51442e-08  0.000213635 -0.000193243 2.93947e-07  -0.000437959 -0.0003346 2.24111e-07  -0.00024295 1.1292e-05 -2.2227e-08  -0.000118062 0.000423685 7.03112e-08  0.000481539 0.000256774 2.21875e-07  0.000476027 -0.000315591 1.36135e-07  -0.000138108 0.000399686 1.72693e-06  0.000437006 0.000116486 -7.14181e-08  -0.000148999 -0.000322889 -1.21135e-08  0.000299576 -3.16144e-05 -6.62033e-08  -1.19049e-05 0.000126292 4.14824e-07  -0.000224636 -0.000366197 1.4054e-08  -0.000241134 0.000453999 2.86109e-07  -0.000120669 -1.68771e-05 4.79065e-07  -5.92206e-05 0.000378472 -6.40577e-08  -0.000272033 0.000512018 3.26925e-08  0.000381724 -0.000327324 1.70211e-07  0.000158806 1.10737e-05 -1.65982e-06  -9.1012e-05 0.00067844 3.23596e-07  0.000440196 0.000379641 -6.29048e-09  
            </DataArray>
         </PointData> 
      </Piece>
   </UnstructuredGrid> 
</VTKFile>
