<?xml version="1.0"?>
<VTKFile type="UnstructuredGrid" version="0.1" byte_order="LittleEndian">
   <UnstructuredGrid>
      <Piece NumberOfPoints="1126" NumberOfCells="0" > 
         <Points> 
            <DataArray type="Float64" Name="Position" NumberOfComponents="3" format="ascii"> 
               -0.00460669  -0.00193719  0.048973  
               -0.00456781  -0.00200993  0.0494405  
               0.00160798  -0.00471205  0.037189  
               0.00200235  -0.00457186  0.0356426  
               -0.00139233  -0.00477747  0.0491934  
               -0.00220156  -0.00446538  0.0493789  
               0.00144515  -0.00476144  0.000519076  
               0.00055569  -0.00494527  0.0428234  
               -0.000726652  -0.00492843  0.0430252  
               -0.000329968  -0.0049675  0.0418745  
               0.00212629  0.00450561  0.0493708  
               0.0039017  -0.00308936  0.000931061  
               0.00492654  -0.000745812  0.000639472  
               0.00158607  0.0047187  0.00947666  
               0.00235331  0.00438427  0.0106703  
               0.00305025  0.00393379  0.00917739  
               -0.00328297  -0.00374281  0.0489824  
               0.00362748  -0.00342349  0.000621582  
               -2.70975e-05  0.00499733  0.0489422  
               0.000860549  0.00491524  0.0484703  
               -0.000320539  0.00496843  0.0474879  
               0.00465954  0.00178107  0.000747089  
               0.00446995  0.00219301  0.000660817  
               0.00277785  -0.00415735  0.0494309  
               -0.000541918  -0.00494663  0.0494155  
               -0.00471424  -0.00160076  0.0492902  
               0.00490393  -0.000975452  0.0493445  
               0.00282105  0.00412189  0.000766351  
               0.0031146  -0.00388099  0.0492498  
               0.00374281  -0.00328297  0.0493879  
               0.00346852  0.00359053  0.000640672  
               0.00402934  0.00293383  0.000826627  
               -0.0018087  -0.00465116  0.0485934  
               -0.00170791  0.00468174  0.000893579  
               -0.00218173  0.00447598  0.000661621  
               -0.00216439  0.00448525  0.00251426  
               0.00446538  -0.00220156  0.0493674  
               0.00281927  -0.00412336  0.0489452  
               0.00496479  0.000357461  0.00554857  
               0.00493509  0.000659086  0.00662799  
               0.00495694  -0.000437193  0.00686191  
               -0.0015826  -0.00471975  0.00106305  
               -0.000709477  -0.00493012  0.00153217  
               0.00345094  -0.00360496  0.0487281  
               0.00334747  -0.00368988  0.047679  
               0.00263182  -0.0042354  0.0482347  
               -0.00309965  0.00389326  0.0171823  
               -0.00382784  0.00317936  0.0175693  
               -0.00133353  0.0047953  0.000590372  
               0.00210912  0.00451479  0.00103012  
               0.00242218  0.00434746  0.000712353  
               -0.0031642  -0.00384028  0.00120854  
               -0.00241032  -0.0043538  0.000966192  
               0.00375506  0.00326804  0.00145335  
               0.00459897  0.00195164  0.00206904  
               0.00372093  0.00330962  0.00239369  
               0.00204124  0.00455107  0.000559948  
               0.00446995  0.00219301  0.00123799  
               -0.00465459  0.00179741  0.00292777  
               -0.00439295  0.00233707  0.00193126  
               -0.00470852  0.0016196  0.00198529  
               0.00118389  -0.0048407  0.0494153  
               -0.00177342  0.00466186  0.0491404  
               -0.00200909  -0.00456826  0.000644285  
               0.00496893  -0.000315496  0.00098358  
               0.00498864  0.000115337  0.000617708  
               -0.00491673  0.000845485  0.0382039  
               -0.00490619  -0.000952446  0.0378922  
               -0.00496255  -0.000380251  0.0369558  
               0.00313435  0.00386477  0.000986872  
               -0.000592085  -0.00494168  0.0168272  
               -0.00031728  -0.00496875  0.0155755  
               -0.0031642  -0.00384028  0.000558407  
               -0.00280948  -0.00413139  0.000646067  
               -0.00329239  0.00373508  0.0494205  
               0.00498207  0.000182048  0.00184135  
               -0.00115057  -0.0048508  0.000589541  
               -0.000268126  -0.00497359  0.0312726  
               0.000865782  -0.00491473  0.0316316  
               0.00308673  -0.00390386  0.0408176  
               0.00387264  -0.00312477  0.0414405  
               -0.000709477  -0.00493012  0.000799284  
               0.00181565  -0.00464905  0.0486639  
               0.00118389  -0.0048407  0.0489248  
               -0.000302776  -0.00497018  0.000577366  
               0.00357428  0.00348833  0.04829  
               0.00359097  0.00346798  0.0473824  
               0.00477133  -0.00141256  0.0492505  
               0.00465116  -0.0018087  0.0494652  
               -0.000471224  0.00495359  0.0493952  
               0.0019825  -0.00458247  0.0221109  
               0.00317204  -0.00383385  0.0228372  
               -0.00439147  -0.00233984  0.0305348  
               0.00206269  0.00453961  0.016277  
               0.00276219  0.00416572  0.0150202  
               0.00307496  0.00391352  0.0163742  
               0.00385489  0.0031464  0.0490609  
               -0.00435937  0.0023999  0.0186585  
               -0.00442263  0.00228154  0.0200365  
               -0.00486287  0.00111078  0.0191247  
               -0.00134589  0.00479156  0.049395  
               -0.00494207  0.000588188  0.049335  
               0.00103133  -0.00488698  0.00365727  
               0.00254311  -0.00428282  0.00362288  
               0.0018011  -0.00465347  0.00304545  
               0.00462706  0.00188815  0.0142772  
               0.00490868  0.000927155  0.0132928  
               -0.0046053  0.0019398  0.0490015  
               -0.0046053  0.0019398  0.0494491  
               0.00484535  -0.00116854  0.00133133  
               -0.00458211  -0.00198317  0.0010801  
               0.00289487  0.00406131  0.0493716  
               0.00467538  -0.00172887  0.00378754  
               0.00417103  -0.00275225  0.00202276  
               0.00405424  -0.00290349  0.00362402  
               -0.00493563  -0.000653604  0.000832155  
               -0.00348843  -0.00357419  0.000728813  
               -0.00437404  -0.00237244  0.0472217  
               -0.000541918  -0.00494663  0.0489253  
               0.000325151  -0.00496798  0.0491569  
               -0.00294623  -0.00401917  0.0493798  
               -0.00360496  -0.00345094  0.0494293  
               -0.00389297  0.0031  0.000579026  
               -0.0032683  0.00375485  0.000576398  
               -0.00360435  0.00345168  0.000731285  
               0.00457846  -0.00199001  0.000574555  
               0.00417103  -0.00275225  0.000621103  
               0.000860549  0.00491524  0.049202  
               -0.00152331  0.00473774  0.00335005  
               -0.00160522  0.00471289  0.00473283  
               -0.000806583  0.00492056  0.00403441  
               0.00239643  -0.00436122  0.0232657  
               0.00339592  -0.00365011  0.0238269  
               -0.00315359  0.00384899  0.00830286  
               -0.00291931  0.00404125  0.00692363  
               -0.00191497  0.00461857  0.0071687  
               0.00297872  -0.0039925  0.000825007  
               0.00437494  -0.00237077  0.00108321  
               0.0018581  -0.00463618  0.000619668  
               0.00144515  -0.00476144  0.000926498  
               -0.00138183  -0.00478065  0.00669094  
               0.00122412  0.00482849  0.00156352  
               0.00494871  -0.000520792  0.0492639  
               0.000875595  -0.00491376  0.00130593  
               0.0018581  -0.00463618  0.00194485  
               0.000603286  -0.00494058  0.000660413  
               -0.00294591  0.00401942  0.0492406  
               -0.00492481  0.000763448  0.000801445  
               -0.00478488  0.00136791  0.000685958  
               0.00471124  0.00161066  0.0490532  
               0.00455949  0.0020255  0.0493706  
               0.00241955  0.00434886  0.00489836  
               0.0025034  0.00430405  0.00345401  
               0.0031931  0.00381656  0.0037968  
               0.00401917  -0.00294623  0.0490989  
               -0.000915408  0.00490984  0.0491406  
               -0.000645703  -0.0049364  0.00251569  
               0.000860585  -0.00491524  0.00246484  
               0.00332445  -0.00370876  0.0383299  
               -0.000849478  -0.00491633  0.0472765  
               0.00331297  -0.00371819  0.00144961  
               0.00382785  -0.00317935  0.0467244  
               -0.00147564  -0.00475219  0.00568086  
               0.00477841  0.00138923  0.000960172  
               0.00466416  0.00176587  0.00121653  
               0.00129203  0.00480789  0.0494137  
               0.00171818  0.00467862  0.0489434  
               -0.00091689  0.00490969  0.00051962  
               -0.00493027  -0.00070803  0.0490194  
               -0.00471424  -0.00160076  0.0486558  
               0.00441891  0.00228851  0.0469543  
               0.00462299  0.00190157  0.0480705  
               0.0048885  0.00102629  0.0467781  
               -0.00258575  -0.00426003  0.0490711  
               0.000373196  0.00496324  0.000559487  
               -5.70684e-05  0.00499438  0.000712726  
               0.000297996  0.00497065  0.00103067  
               0.00262539  -0.00423884  0.000587789  
               -0.00495619  0.000444845  0.0116668  
               -0.00490947  -0.000919187  0.0115808  
               -0.00496542  0.000351071  0.0129559  
               0.0027707  -0.00416117  0.00957373  
               0.00257259  -0.00426706  0.0106679  
               -0.00499225  7.87121e-05  0.00110401  
               -0.00460335  0.00194344  0.047883  
               0.00301323  0.00396418  0.0466006  
               -0.00332702  0.00370665  0.0256473  
               -0.00285015  0.00409801  0.0246867  
               -0.00096725  -0.00490473  0.0131268  
               -0.00231659  -0.0044039  0.0129125  
               0.00436277  -0.00239352  0.0324924  
               0.0016379  0.00470298  0.000874665  
               0.00491243  0.000889072  0.0477575  
               -0.00459067  0.00196716  0.00104357  
               0.00483697  0.00119618  0.00170021  
               0.00494627  0.00054548  0.000919325  
               -0.00426307  0.00258005  0.0302056  
               -0.00356471  0.00349998  0.0315334  
               -0.00497969  0.000206226  0.0489112  
               -0.00494207  0.000588188  0.0479497  
               -0.00302921  0.00395106  0.0428455  
               0.00495057  -0.000501827  0.0487881  
               0.00490393  -0.000975452  0.0487715  
               0.00471987  -0.00158219  0.000774727  
               -0.00362087  0.00343155  0.0494498  
               -0.00228905  -0.00441862  0.00424504  
               -0.0015826  -0.00471975  0.00273184  
               -0.000900222  -0.00491134  0.00363452  
               0.00454505  -0.00205252  0.0411614  
               0.0048193  -0.00125444  0.0401778  
               0.00455975  -0.00202501  0.0392656  
               0.00122412  0.00482849  0.000602455  
               0.0040323  -0.00293023  0.0332894  
               0.00453236  -0.00207624  0.0335201  
               0.00482022  -0.00125138  0.0458763  
               0.00499808  1.95244e-05  0.045295  
               0.004858  -0.00112684  0.0443596  
               0.00421134  -0.00267683  0.0243275  
               0.000289553  0.00497148  0.00385996  
               0.00196206  0.0045934  0.0470062  
               0.00289487  0.00406131  0.0482934  
               0.00251873  0.00429585  0.0490596  
               0.00124047  -0.00482353  0.0481088  
               0.00200993  -0.00456781  0.049328  
               -0.00257441  0.00426609  0.0487159  
               -0.00234982  0.00438614  0.0471137  
               -0.00134589  0.00479156  0.0484794  
               -0.00484235  0.00117845  0.00134909  
               -0.0043627  -0.00239366  0.0490104  
               -0.0031449  0.00385612  0.00938227  
               -0.00362814  0.00342269  0.0102447  
               -0.00390128  0.00308988  0.0093047  
               -0.00332028  -0.00371219  0.0310328  
               -0.00210252  -0.00451832  0.0322683  
               -0.00189307  -0.00462557  0.0309241  
               -0.00474136  0.00151137  0.04939  
               -0.00176917  -0.00466316  0.0138002  
               0.000417233  0.00495891  0.0494131  
               0.00187926  0.00462976  0.00167426  
               0.00145379  0.00475883  0.00225138  
               0.0048283  0.00122475  0.0493796  
               0.00323809  0.00377964  0.0490595  
               -0.00427951  -0.0025493  0.0459901  
               0.00465116  -0.0018087  0.0490358  
               -0.00474225  0.00150841  0.00836831  
               0.00435081  0.00241591  0.0489187  
               0.0041362  0.00280362  0.0493723  
               0.00200993  -0.00456781  0.0479998  
               0.00462908  -0.0018815  0.0475827  
               0.00470702  -0.00162458  0.0481034  
               0.00483699  -0.0011961  0.0477954  
               0.00385489  0.0031464  0.049477  
               0.00342822  0.00362361  0.0436348  
               0.00404777  0.00291138  0.0445795  
               0.00392394  0.00306226  0.0457276  
               0.0039017  -0.00308936  0.000521064  
               -0.00496807  -0.000324195  0.0493771  
               0.0041362  0.00280362  0.0479846  
               -0.00220156  -0.00446538  0.0469429  
               -0.00442985  0.00226804  0.00963771  
               -0.00486882  0.00109119  0.0105134  
               -0.00438214  0.0023573  0.0108464  
               -0.00258575  -0.00426003  0.049481  
               -0.00418035  -0.00273481  0.0394671  
               -0.0045236  -0.00209264  0.041254  
               -4.0336e-05  -0.00499603  0.00174019  
               0.00155261  -0.00472885  0.0113523  
               -0.00182918  0.00464495  0.0358232  
               -0.00209369  -0.00452304  0.00189744  
               0.00395503  0.00302438  0.0418706  
               0.00445656  0.00221806  0.0411219  
               0.00357351  0.00348927  0.0493721  
               -0.00439295  0.00233707  0.000639557  
               -0.00417664  0.00274176  0.000527436  
               -0.00475979  0.00145062  0.0462851  
               -0.00498468  -0.000155563  0.0471633  
               -0.00425777  -0.00258998  0.000755944  
               -0.00389718  -0.00309487  0.00108632  
               -0.00427486  -0.00255799  0.00157127  
               0.00258965  -0.00425794  0.0025406  
               0.00490396  0.000975104  0.000617259  
               -0.00486013  0.00111982  0.0490714  
               -0.0049151  0.000862  0.00196025  
               -0.00389297  0.0031  0.00360185  
               -0.00492418  0.000769846  0.044976  
               -0.00316208  -0.00384202  0.0144819  
               -0.00381835  -0.00319092  0.0140847  
               -0.00341081  -0.00363789  0.0154353  
               -0.00388099  -0.0031146  0.0485558  
               0.000803405  0.00492087  0.000874252  
               4.28867e-05  -0.00499578  0.0363621  
               0.00105282  -0.00488046  0.000722787  
               -0.00290687  0.00405147  0.0306249  
               0.00446288  0.00220624  0.0160652  
               0.00431474  0.00248339  0.0150426  
               0.00477841  0.00138923  0.000534007  
               -0.00241032  -0.0043538  0.000537489  
               -0.00271595  0.00419044  0.0331452  
               0.000538396  -0.00494697  0.0473781  
               0.00021372  -0.00497895  0.00108404  
               -0.0049455  0.000553334  0.00737865  
               -0.00493137  -0.000696779  0.00767567  
               0.00410441  0.00284235  0.0296435  
               0.00347252  0.00358725  0.0298909  
               0.00415066  0.002786  0.0307516  
               0.00417692  -0.00274123  0.017341  
               0.00361713  -0.00343611  0.0168422  
               0.00381218  -0.00319844  0.0181794  
               -0.00291931  0.00404125  0.00080145  
               -0.00418188  0.00273195  0.0493135  
               -0.00389035  0.00310318  0.0492262  
               -0.00134589  0.00479156  0.0469927  
               0.00323378  0.00378318  0.0337014  
               0.00404653  0.00291289  0.0339496  
               0.00433909  0.00243784  0.034903  
               0.00462694  0.00188856  0.0359453  
               0.00242218  0.00434746  0.00134788  
               0.00151124  0.0047414  0.0272731  
               0.00455399  0.00203578  0.0458139  
               0.00483269  0.0012103  0.0443319  
               -0.00343053  -0.00362171  0.0482725  
               -0.00366465  -0.00337821  0.0472791  
               -0.00298432  -0.0039879  0.0477953  
               -0.00236447  0.00437831  0.0460065  
               -0.00274216  0.00417642  0.0443464  
               -0.00415735  -0.00277785  0.0494292  
               0.00088075  -0.00491325  0.0162229  
               0.000947886  0.00490664  0.020251  
               -0.00383633  0.00316901  0.00245724  
               -0.00133353  0.0047953  0.00168248  
               0.00458315  -0.00198123  0.00709132  
               0.00481417  -0.00127133  0.00592485  
               -0.0006065  -0.00494026  0.0386546  
               -0.000513945  -0.00494938  0.0396567  
               0.00496601  -0.00034509  0.0171083  
               -0.00388099  -0.0031146  0.0492428  
               0.00224434  -0.00444252  0.00104704  
               0.00499116  8.97942e-05  0.0483349  
               -0.00129662  -0.0048065  0.0175232  
               -0.00223214  -0.00444904  0.016779  
               -0.00128418  -0.00481027  0.0160161  
               0.00144964  -0.00476008  0.046665  
               -0.000497353  0.00495101  0.00307581  
               -0.000990233  0.00489944  0.00242109  
               -0.00317259  0.00383339  0.0485408  
               0.00418566  0.00272489  0.0258044  
               0.00453507  0.00207119  0.0249786  
               -0.00254215  0.00428333  0.00138348  
               -0.00417664  0.00274176  0.000942246  
               -0.00383446  0.0031713  0.00105926  
               0.0049292  0.000718823  0.0493197  
               -0.00418188  0.00273195  0.0487067  
               -0.00165578  0.00469755  0.0450367  
               -0.0013338  0.00479522  0.0434398  
               -0.00444045  -0.0022482  0.0244864  
               -0.00415415  -0.00278175  0.0236768  
               0.00248903  0.00431173  0.0331426  
               0.00157  0.00472357  0.0331908  
               0.00218884  0.00447218  0.0340916  
               0.00269167  0.00420341  0.0371015  
               0.00283485  0.00411057  0.0381836  
               0.00355578  0.00351086  0.0376173  
               0.00479398  -0.00133789  0.0234308  
               0.00499987  1.30523e-06  0.0231523  
               0.00426003  -0.00258575  0.048376  
               0.00416377  -0.00276583  0.0474769  
               0.00449125  -0.00215317  0.0480831  
               0.00239366  -0.0043627  0.0489272  
               -0.00091689  0.00490969  0.000927513  
               -0.00420542  -0.00268792  0.0484073  
               -0.00401947  0.00294585  0.021869  
               -0.00304379  0.0039391  0.0209119  
               -0.00274958  0.00417246  0.0221883  
               0.00273508  0.00418021  0.00182876  
               0.00282442  0.00411913  0.00124104  
               -0.00217951  0.00447717  0.049395  
               0.00264061  0.0042307  0.0455914  
               -2.56631e-05  -0.00499747  0.0233609  
               0.00085216  -0.00491607  0.0226743  
               0.000905026  -0.00491086  0.0238552  
               -0.000661252  0.00493487  0.00166959  
               0.00384666  -0.00315643  0.0046434  
               0.00390874  -0.00308078  0.00566597  
               0.00320808  -0.00380427  0.00524606  
               -0.00362087  0.00343155  0.0490027  
               -0.00364272  -0.00340492  0.0125703  
               -0.00430661  -0.00249859  0.0133265  
               0.00468771  0.00168823  0.0341704  
               -0.00109526  -0.00486758  0.0270601  
               0.000608526  -0.00494007  0.0277203  
               -0.000579528  -0.00494292  0.0282045  
               -0.00465094  -0.00180944  0.0275069  
               -0.00470527  -0.00163033  0.0254095  
               -0.00492099  -0.00080225  0.0272295  
               -0.00317249  0.00383347  0.0475661  
               0.0043982  -0.00232724  0.0295262  
               0.00470938  -0.00161679  0.0304448  
               0.00402267  -0.00294196  0.0396826  
               -0.000292531  -0.00497119  0.00108357  
               -0.00206734  0.00453713  0.0426934  
               -0.00251221  0.00429934  0.00428689  
               -0.00389533  0.00309713  0.00480689  
               -0.0010628  0.00487743  0.0299494  
               -0.00199157  0.00457763  0.0309152  
               0.00421184  -0.00267591  0.0126239  
               0.0033328  -0.00370191  0.0115638  
               -0.0040174  0.00294838  0.00174273  
               0.000543035  -0.00494652  0.017454  
               -0.00375062  0.00327345  0.0481159  
               0.000325151  -0.00496798  0.0483762  
               -0.00468912  -0.00168359  0.0021757  
               -0.00493929  -0.000616405  0.00185935  
               0.00326432  0.00375811  0.0184676  
               0.0021414  0.00449754  0.0187265  
               0.00271537  0.00419074  0.0176614  
               0.00498927  -0.000108907  0.0490543  
               -0.00275673  -0.00416864  0.0363584  
               0.00473642  0.00152765  0.0369051  
               0.00441334  0.00229892  0.0375086  
               0.00492089  0.00080319  0.0391848  
               0.0049954  -4.67415e-05  0.0403112  
               0.00291044  0.00404853  0.0351759  
               -0.00377174  -0.00324772  0.0419357  
               -0.00367249  -0.00336865  0.0406011  
               -0.00256809  -0.00426947  0.0422023  
               0.00115397  -0.00484977  0.0193198  
               0.00149459  -0.00474645  0.0183118  
               -0.000410696  0.00495955  0.00103067  
               -0.00381837  0.0031909  0.0470964  
               -0.00314558  0.00385556  0.0465921  
               -0.00467669  0.00172454  0.0221205  
               -0.00490756  0.000938585  0.0212418  
               0.00324845  0.00377113  0.00480862  
               -0.00367074  0.00337079  0.0283976  
               -0.0028509  0.00409739  0.0284768  
               -0.00406721  0.00288769  0.0477336  
               -0.0043136  0.00248553  0.0481492  
               -0.00347768  -0.00358301  0.00355674  
               -0.0031642  -0.00384028  0.00475288  
               -0.000487432  0.00495199  0.000560129  
               0.00498426  0.000159765  0.0363883  
               0.0044274  -0.00227261  0.0488114  
               -0.00214877  0.0044936  0.0267785  
               -0.00325816  0.00376317  0.00111545  
               0.00384365  -0.0031601  0.0290539  
               0.000593949  0.0049415  0.0374722  
               0.000934891  0.00490792  0.0390462  
               0.00313659  -0.00386294  0.0395491  
               0.00216488  -0.00448499  0.0410838  
               -0.00475187  -0.0014767  0.039834  
               0.00488792  -0.0010282  0.0163588  
               -0.00262827  -0.0042373  0.00288917  
               0.00256848  0.00426926  0.00239571  
               -0.00462421  0.00189754  0.0484787  
               -0.00351821  -0.00354975  0.0214102  
               -0.00390285  -0.00308796  0.0227552  
               -0.00231996  -0.0044021  0.00661043  
               -0.00325141  -0.00376871  0.00583356  
               -0.000818776  0.00491936  0.0457579  
               -0.00481411  -0.00127153  0.0198654  
               -0.00494811  -0.000526868  0.0192139  
               -0.00474746  -0.00149125  0.0188355  
               -0.00498983  0.000103292  0.00347803  
               0.00209756  0.00452097  0.0287436  
               0.00158408  0.0047193  0.0296539  
               0.000380794  0.0049625  0.0282379  
               0.00258462  -0.00426063  0.0472198  
               -0.00496244  -0.000381345  0.0419094  
               -0.00494166  0.000592286  0.04134  
               -0.00482117  0.00124825  0.0473135  
               -0.00447812  0.00217772  0.00754074  
               0.00488598  0.00103461  0.015211  
               0.00417294  -0.00274869  0.0155329  
               0.00357577  -0.00348651  0.0158451  
               0.0049292  0.000718823  0.0487318  
               0.00496078  0.000398188  0.0329193  
               0.00366252  0.0033808  0.0361382  
               -0.00304124  -0.00394119  0.0389535  
               -0.00169626  -0.00468527  0.0432756  
               0.00346813  -0.00359085  0.0144567  
               0.00139306  0.00477725  0.00391761  
               6.60707e-05  -0.00499349  0.0130876  
               -0.000786279  -0.00492256  0.0141487  
               0.00298635  -0.00398624  0.0350338  
               0.00246156  0.00432641  0.0274526  
               0.00310581  0.0038882  0.0283102  
               0.00367346  0.00336746  0.0274052  
               -0.00470705  -0.00162448  0.0460732  
               -0.00427688  0.00255423  0.0464367  
               0.00240096  0.0043588  0.0130031  
               0.00251873  0.00429585  0.0494761  
               -0.00233412  0.00439453  0.0386794  
               -0.00362549  0.00342593  0.0384836  
               -0.00297403  0.00399635  0.0375265  
               -0.000435419  -0.00495711  0.020076  
               -0.00490504  -0.000964194  0.0326201  
               -0.00479356  -0.00133929  0.0314339  
               -0.00312367  -0.00387354  0.0223524  
               -0.00165654  -0.00469732  0.0220662  
               -0.00254171  -0.00428357  0.0215515  
               0.00335707  -0.003682  0.0455597  
               0.00286185  0.00408841  0.00771134  
               0.00176021  0.00466587  0.0176444  
               0.00476638  -0.00142887  0.048777  
               0.00463972  -0.00184642  0.0485416  
               -0.00363692  -0.00341199  0.0489461  
               0.00442977  0.00226818  0.0429977  
               -0.00491786  -0.00083402  0.0229013  
               -0.00472137  -0.00157725  0.0237842  
               0.000551453  0.00494569  0.0016737  
               -0.000962718  0.00490518  0.036271  
               -0.0006815  0.00493288  0.0347988  
               0.0049723  0.000281255  0.0492639  
               0.00498927  -0.000108907  0.0494735  
               0.00430166  0.00250786  0.00389799  
               0.00271781  0.00418944  0.0250095  
               0.00341562  0.00363394  0.0121892  
               0.00390573  0.00308445  0.0111877  
               0.00328612  0.00374022  0.0309202  
               0.00243863  0.00433866  0.0307171  
               -0.00478923  -0.00135357  0.0134323  
               -0.00494476  -0.000560834  0.0140378  
               -0.00393962  -0.00304315  0.0478472  
               0.00478389  -0.00137116  0.0294429  
               -0.00494107  0.000598377  0.00490682  
               -0.00469788  0.00165469  0.00452819  
               -0.00388149  0.00311399  0.022857  
               0.00401082  0.00295639  0.00705658  
               0.00362499  0.00342653  0.0388543  
               -0.00361455  -0.00343925  0.0106794  
               0.00490396  0.000975104  0.00243164  
               0.00496238  -0.000381937  0.00342949  
               0.00467911  0.00171657  0.028936  
               0.00499153  8.59849e-05  0.0283505  
               0.00481411  0.00127155  0.0277498  
               0.000253138  0.00497507  0.029735  
               -0.00230638  0.00440936  0.0100023  
               -0.00199814  -0.00457411  0.0356532  
               -0.0022276  -0.00445146  0.037295  
               -0.002772  -0.00416048  0.0111892  
               0.000253331  -0.00497505  0.0141121  
               -5.67795e-05  0.00499441  0.00208381  
               -0.0046313  0.00187418  0.0146973  
               -0.00431378  0.0024852  0.015553  
               -0.00491754  -0.000837263  0.0480025  
               0.00492152  -0.000796809  0.0352554  
               -0.00360435  0.00345168  0.00138724  
               -0.0030945  0.00389748  0.0020127  
               0.00342598  0.00362544  0.0102595  
               0.00294412  -0.0040209  0.036698  
               0.00189259  -0.00462571  0.0422137  
               0.000972787  -0.00490419  0.0415452  
               0.000675468  -0.00493347  0.0354475  
               0.000134925  -0.00498671  0.0341691  
               -0.000653489  -0.00493564  0.0350434  
               -0.00263202  0.00423529  0.0295811  
               -0.00127649  0.00481261  0.0282992  
               0.00390872  0.00308081  0.00831475  
               0.00494627  0.00054548  0.000515898  
               -0.000109763  0.00498919  0.00650299  
               -0.00338135  -0.00366207  0.0337341  
               0.00487007  0.00108705  0.0250923  
               -0.00152525  -0.00473715  0.03427  
               -0.0044117  0.00230199  0.048737  
               -0.00440469  0.00231511  0.0492253  
               0.00499544  4.62911e-05  0.014044  
               0.00472115  0.001578  0.0307672  
               0.00473973  0.00151675  0.0325257  
               0.00495884  0.000417894  0.0317132  
               0.0045076  -0.00212258  0.0284444  
               0.00484801  -0.00115979  0.0279859  
               0.00476778  -0.00142428  0.0326804  
               0.00494805  -0.000527436  0.0340286  
               0.00474202  -0.00150919  0.0344044  
               -0.00140292  0.00477426  0.020774  
               -0.000414604  0.00495917  0.0213213  
               0.000240767  0.00497629  0.0462368  
               0.000691939  -0.00493185  0.00797838  
               0.000876019  -0.00491372  0.00598035  
               0.00187927  -0.00462976  0.00748897  
               0.00189547  0.00462484  0.00296056  
               0.00390116  0.00309002  0.0286881  
               -0.00324079  0.00377742  0.00309918  
               -0.00394857  -0.00303225  0.00544341  
               -0.00399898  -0.00297082  0.0043845  
               -0.0035841  0.00347636  0.0357297  
               -5.16771e-05  0.00499491  0.0196315  
               -0.00442354  -0.00227984  0.0224686  
               0.00292131  0.00403961  0.00657464  
               -0.00475504  0.00146628  0.0482097  
               -0.00411828  0.00282546  0.0276076  
               -0.00269425  -0.00420203  0.0258898  
               -0.00165183  -0.00469875  0.011469  
               -0.00210212  -0.00451853  0.00955846  
               -0.000399729  0.00496063  0.024761  
               -0.00184312  0.00464072  0.0257142  
               -0.000808351  0.00492038  0.0266185  
               -0.00412592  -0.00281614  0.0489427  
               0.00473301  0.00153889  0.00747036  
               -0.00482907  -0.00122222  0.0470564  
               -0.00355216  -0.00351528  0.0259351  
               -0.00303358  -0.00394747  0.0268034  
               0.00473083  -0.00154607  0.0253137  
               0.00491626  -0.000850193  0.0244972  
               -0.00490892  -0.000924706  0.0448222  
               0.00268695  0.00420594  0.0227585  
               0.00462641  0.00189032  0.00470019  
               0.00490664  0.000947913  0.004057  
               -0.00438042  0.00236052  0.0136352  
               -0.00341431  0.00363502  0.0152379  
               -0.00374762  0.0032771  0.0131888  
               -0.00197799  0.00458488  0.024401  
               -8.85391e-05  -0.00499128  0.00707179  
               0.00323809  0.00377964  0.0494762  
               -0.00367698  -0.00336318  0.024853  
               -0.00176425  0.00466465  0.019602  
               0.00486545  0.0011023  0.0298066  
               0.00497724  -0.000231046  0.0296987  
               0.00336226  0.00367774  0.0134459  
               -0.00498456  0.000156717  0.0153718  
               -5.70684e-05  0.00499438  0.00134861  
               -0.00297383  -0.00399652  0.0300175  
               -0.00377112  -0.00324847  0.0298266  
               -0.00437304  0.00237433  0.0475385  
               -0.00348843  -0.00357419  0.00229379  
               0.00417017  0.00275386  0.0221469  
               0.00471194  0.00160834  0.0220196  
               -0.00434426  0.00242816  0.00569531  
               -0.00437109  0.00237796  0.0233491  
               0.00246454  -0.00432482  0.011726  
               0.00178312  -0.00465892  0.00941678  
               -0.00166795  0.00469386  0.0218847  
               0.0041737  -0.00274726  0.0431473  
               0.00338143  -0.003662  0.0427194  
               -0.00245456  0.00433015  0.00883381  
               -0.00209985  -0.00451975  0.0151714  
               -0.000532671  0.00494754  0.0290671  
               0.00154409  0.00473143  0.0372383  
               0.00203304  0.00455546  0.0388986  
               -0.0049488  0.000519824  0.0270966  
               0.00422406  -0.00265305  0.0144484  
               0.00468677  -0.00169133  0.0142275  
               0.00470072  -0.00164534  0.0130746  
               -0.00471946  -0.00158355  0.0357152  
               0.00237538  0.00437247  0.0416769  
               0.00119712  0.00483668  0.0409561  
               0.00133664  0.00479436  0.0459485  
               0.00287528  0.00407739  0.0265175  
               0.001919  0.00461641  0.0257593  
               -0.00487014  -0.00108683  0.00444678  
               -0.00493032  -0.000707477  0.00561854  
               -0.00113124  -0.00485667  0.00913082  
               -0.00474441  0.00150132  0.0115137  
               0.00494303  0.000578404  0.0426502  
               -0.00431638  0.00248032  0.00858232  
               0.00497701  -0.000233416  0.0464976  
               0.00475274  -0.00147384  0.019686  
               0.00276898  -0.00416209  0.0260834  
               0.00210596  -0.00451648  0.0267439  
               0.00395299  0.00302687  0.00475787  
               0.00375506  0.00326804  0.00333402  
               0.00437258  0.00237519  0.00280041  
               0.000873633  0.00491395  0.034049  
               -0.00321649  -0.00379737  0.00733851  
               0.000693589  0.00493169  0.00735023  
               -0.00495306  -0.000476614  0.0388149  
               -0.00496602  0.000345041  0.0399731  
               -0.00490412  0.000973469  0.0391951  
               0.00313435  0.00386477  0.000545829  
               -0.00319481  -0.00381516  0.00871657  
               -0.00419884  -0.00270023  0.00850667  
               0.00193489  -0.00460792  0.0456979  
               0.00150837  -0.00474227  0.0442183  
               -0.000399718  0.00496063  0.0444548  
               -0.0022165  0.00445739  0.0405656  
               0.00392385  0.00306237  0.0171378  
               0.00378268  0.00323439  0.0161585  
               0.00391243  0.00307629  0.0198951  
               0.0044698  0.00219329  0.0190729  
               -0.00105597  0.0048795  0.00806006  
               -0.000455396  0.00495515  0.00524265  
               -0.000293801  0.00497106  0.0123745  
               -0.000524419  0.00494835  0.0135572  
               -0.00478991  0.00135132  0.00937447  
               0.000791455  0.00492205  0.00500367  
               0.000104135  0.00498974  0.0101562  
               -0.00121126  0.00483239  0.00987814  
               0.00109011  0.00486915  0.00287293  
               0.00414879  -0.00278828  0.031106  
               -0.00480207  0.00131124  0.0201046  
               0.00412129  -0.00282179  0.021363  
               0.003493  -0.00357044  0.0216155  
               0.00414976  -0.00278709  0.0227818  
               0.000163119  -0.00498393  0.0302864  
               0.0033368  -0.00369863  0.00640606  
               0.00354315  -0.00352626  0.0075243  
               0.00276302  -0.00416528  0.0076154  
               -0.00478223  -0.00137665  0.0146099  
               0.00497306  0.0002735  0.0488097  
               -0.00180229  -0.00465311  0.041666  
               6.06468e-05  -0.00499403  0.00440008  
               0.00111388  -0.00486194  0.00478209  
               -0.00430386  -0.00250374  0.0350426  
               0.00493349  -0.000675334  0.0307698  
               0.00498927  -0.000108907  0.0475163  
               0.00492904  -0.000720492  0.0473997  
               -0.00447543  0.00218276  0.0124523  
               0.00402864  -0.00293469  0.00686129  
               -0.00459316  0.00196251  0.0375079  
               -0.000754099  -0.00492573  0.0294497  
               -0.00497316  0.000272543  0.00593359  
               -0.00492352  -0.000776553  0.00664651  
               -0.00262125  -0.00424106  0.0435619  
               0.00492983  -0.00071244  0.0480252  
               0.000834172  0.00491784  0.0218591  
               -0.00425855  -0.00258851  0.0112183  
               -0.00462887  -0.00188218  0.0125352  
               0.00467916  0.00171641  0.0240054  
               -0.00218161  -0.00447605  0.0269003  
               -0.003338  -0.00369764  0.0278138  
               -0.00298854  0.00398444  0.0398198  
               -0.00446039  -0.0022109  0.0482779  
               -0.00455088  0.0020416  0.0364232  
               -0.00340348  -0.00364391  0.0462983  
               -0.00359392  -0.00346439  0.0450285  
               -0.00179646  -0.00465488  0.0280726  
               -0.00421259  -0.0026745  0.0161838  
               -0.00467524  -0.00172934  0.015571  
               -0.00466501  -0.00176305  0.0167882  
               -0.0010561  -0.00487946  0.00776886  
               -0.00280445  0.00413552  0.0136109  
               -0.00463472  0.00186289  0.0472426  
               0.00465994  -0.00177976  0.0357343  
               0.00432322  -0.00246752  0.0346802  
               0.00124923  0.00482088  0.0107506  
               0.00192732  0.00461197  0.0202322  
               0.00483713  0.00119564  0.0196312  
               0.00498129  0.000189935  0.0195964  
               0.00321085  -0.00380199  0.00844015  
               0.00423834  0.00262633  0.0365486  
               -0.00276051  0.00416662  0.011768  
               -0.00169079  0.00468693  0.0107651  
               0.00496087  0.000397304  0.0272733  
               -0.0043241  0.00246589  0.0399268  
               -0.00366284  0.00338042  0.00742812  
               -0.00468372  -0.00170138  0.0105042  
               -0.00494064  -0.000602689  0.0104982  
               0.00490919  -0.000921994  0.0118547  
               0.00156846  -0.00472404  0.0172447  
               0.00256801  -0.00426951  0.0170096  
               -0.00376583  -0.00325492  0.0373049  
               -0.00486387  0.0011075  0.0233878  
               -0.00498447  0.000157713  0.0230097  
               0.00445196  -0.00222668  0.00609383  
               0.0047473  -0.00149178  0.0471615  
               0.000864087  0.00491489  0.0449096  
               -0.00497071  0.00029738  0.0240556  
               0.003798  0.00321572  0.0145585  
               -0.00480885  0.00128887  0.0432944  
               -0.0040603  0.0028961  0.0431964  
               -0.00465842  0.00178477  0.0443826  
               0.00445318  0.0022244  0.0230305  
               0.00488897  0.00102477  0.0231468  
               0.00442779  -0.0022719  0.0453183  
               -0.00123143  0.00482628  0.0393287  
               -0.000716337  0.00492945  0.0378041  
               0.00460183  0.00194628  0.0387191  
               -0.000667187  0.00493429  0.0146567  
               -0.00470749  -0.00162302  0.0333561  
               -0.00436477  -0.0023898  0.0316985  
               0.00434966  0.00241805  0.00971661  
               -0.00474812  -0.00148906  0.00346257  
               -0.00471795  -0.00158852  0.0478669  
               -0.00427562  -0.00255658  0.047835  
               -0.00411162  -0.00283357  0.00728007  
               -0.0046897  -0.00168167  0.0078685  
               0.00499071  9.42744e-05  0.0413535  
               0.00490475  -0.000967067  0.0412886  
               -0.00284789  -0.00409987  0.0195281  
               -0.0036889  -0.00334865  0.0195312  
               0.00177183  0.00466235  0.00782127  
               -0.000157874  0.00498445  0.0392621  
               0.00119973  0.00483589  0.00618193  
               -0.000398345  -0.00496077  0.0179334  
               -0.00499141  -8.72135e-05  0.0331082  
               -0.00488354  0.00104264  0.0366986  
               -0.00477784  -0.00139111  0.0219085  
               0.00497386  0.000265391  0.0162991  
               0.0028874  -0.00406744  0.0419093  
               -0.00452823  -0.00208398  0.00463155  
               0.000929382  -0.00490846  0.0457634  
               -0.00477352  0.00140536  0.0279776  
               -0.00467865  0.0017181  0.0291598  
               -0.00463801  -0.00185207  0.00598377  
               0.00382589  0.00318173  0.0242203  
               -0.00412875  -0.0028127  0.0334913  
               -0.00446303  0.00220595  0.0419571  
               0.00398288  -0.00299044  0.0362761  
               0.00374926  -0.00327511  0.0351115  
               0.0020456  0.00454875  0.0362497  
               -0.00388105  0.00311452  0.0487387  
               -0.00479643  0.00132982  0.0245021  
               -0.00439175  -0.00233932  0.0449959  
               0.00447026  -0.00219243  0.0370871  
               0.000181928  0.00498208  0.00898691  
               0.00111151  0.00486265  0.0085861  
               -0.00162556  0.00470672  0.0139204  
               -0.00127444  0.00481323  0.0127943  
               -0.00252147  0.00429438  0.0056474  
               0.00483368  -0.00120703  0.0483388  
               0.00465694  0.00178966  0.00609567  
               0.000443184  0.00495635  0.0164617  
               3.03822e-05  0.00499701  0.0155164  
               0.00368033  -0.0033591  0.020631  
               0.000530725  0.00494773  0.0432854  
               -0.00198337  0.00458201  0.0230954  
               -0.000121005  -0.00498808  0.0460308  
               -0.00320107  0.00381002  0.0347951  
               -0.00210356  0.00451776  0.0347015  
               -0.00480424  0.00130408  0.0173753  
               -0.00249428  0.00430892  0.0162354  
               0.00441339  -0.00229883  0.0114161  
               0.00116479  -0.00484649  0.0299171  
               0.00458044  -0.00198631  0.0166562  
               -0.000726776  -0.00492842  0.0106609  
               -0.000977105  0.00490342  0.0157209  
               0.0011854  0.00484024  0.0155689  
               0.004954  -0.000467011  0.015513  
               -0.00138145  -0.00478077  0.0232921  
               0.00268418  -0.00420742  0.0432495  
               0.00382659  -0.00318088  0.0196331  
               0.00441244  -0.00230062  0.0465454  
               -0.00496765  0.00032844  0.0202087  
               -0.00352449  0.0035446  0.0455269  
               0.00499381  -6.28902e-05  0.0385868  
               0.00326658  0.00375626  0.0017  
               -0.00468931  -0.00168296  0.036924  
               -0.00184297  -0.00464077  0.0247755  
               -0.00137142  -0.00478381  0.0463594  
               -0.00445804  -0.00221529  0.0212396  
               -0.00403865  -0.00292248  0.020645  
               -0.0039576  0.00302124  0.0370638  
               0.00492718  -0.000739382  0.0204519  
               0.0045629  -0.00201911  0.0205932  
               0.000595915  0.00494131  0.0128374  
               0.00285617  -0.00409307  0.030203  
               0.0027604  -0.00416668  0.028969  
               -0.0027372  -0.00417908  0.0248793  
               -0.00218824  0.0044725  0.014936  
               0.000229057  0.00497744  0.0115181  
               -0.00480972  -0.001286  0.0302712  
               0.000552382  0.0049456  0.0401227  
               -0.00100592  0.00489468  0.0403901  
               0.000260385  0.00497435  0.0414311  
               0.00291998  0.00404071  0.00295656  
               0.00308041  0.00390905  0.00228778  
               0.00448754  -0.00216011  0.0421972  
               0.00333204  0.00370254  0.0414644  
               -0.00492102  0.000801884  0.0302354  
               -6.01608e-05  0.00499407  0.0311398  
               2.71997e-05  -0.00499732  0.0322829  
               -0.00494253  -0.00058354  0.0460072  
               -0.00497466  -0.000257304  0.0407882  
               -0.00425731  -0.00259084  0.0438141  
               -0.000391273  -0.00496146  0.021952  
               -0.000934947  -0.00490792  0.040577  
               0.000572282  -0.00494364  0.0399813  
               -0.00498735  -0.000128481  0.0306312  
               -0.0049763  -0.000240629  0.0293162  
               0.00483433  -0.00120487  0.0424319  
               0.00102091  0.00489014  0.0230993  
               0.0021612  0.00448696  0.0238293  
               -0.00472048  0.00158019  0.0160242  
               -0.00110148  -0.0048657  0.0212335  
               -0.00316395  -0.00384049  0.0351372  
               -0.000455046  -0.00495518  0.0257873  
               -0.000361873  -0.00496436  0.0243629  
               0.00235949  0.00438097  0.0433943  
               0.00323742  0.00378019  0.0424634  
               -0.00146325  -0.00475595  0.0452379  
               0.000154432  -0.00498479  0.0374302  
               0.00497927  -0.000210449  0.0128477  
               -0.00428669  -0.00253587  0.0188193  
               0.0028021  -0.00413745  0.0448584  
               -0.0046632  -0.00176903  0.017821  
               -0.00423312  -0.0026361  0.0174605  
               0.00331388  -0.00371744  0.0267953  
               -0.00464665  0.00182358  0.0406266  
               -0.00144454  -0.00476163  0.0197004  
               -0.00214999  -0.00449295  0.0205404  
               -0.00499089  9.24999e-05  0.00907943  
               -0.00406487  0.00289054  0.0291922  
               -0.00382069  -0.00318807  0.0323635  
               -0.00438366  0.00235445  0.0353095  
               0.000282439  -0.00497218  0.0289607  
               -0.00356609  0.0034983  0.029824  
               0.00186495  0.0046341  0.0117516  
               0.00499328  -6.82738e-05  0.026357  
               -0.0048612  0.00111632  0.0138027  
               0.00222736  0.00445159  0.0217518  
               0.00494947  0.000513061  0.0212654  
               -0.00477935  0.00138611  0.0056243  
               0.0048822  0.00104706  0.016938  
               0.000764234  -0.00492473  0.0388641  
               -0.00118915  0.0048391  0.0421461  
               0.00277785  -0.00415735  0.0462274  
               0.00487808  -0.00106067  0.0389727  
               0.00490611  0.000953276  0.0264362  
               0.00492498  -0.00076174  0.00470248  
               -0.00499139  8.74526e-05  0.0182357  
               0.00090464  -0.0049109  0.0264536  
               0.00350461  -0.00356092  0.00252274  
               -0.00377408  0.00324487  0.0340995  
               -0.00106304  -0.00487736  0.0320558  
               -0.00497969  0.000206226  0.0428723  
               -0.00217805  -0.00447795  0.0445012  
               0.00399161  0.0029798  0.0128667  
               0.00456186  0.00202106  0.0124778  
               -0.00311383  -0.00388162  0.0184542  
               -0.00365484  -0.00339016  0.0168534  
               -0.00381676  -0.00319286  0.0357949  
               0.00205941  0.00454136  0.0446689  
               0.00487432  0.00107307  0.0409865  
               0.00471365  0.00160271  0.0420808  
               0.00441675  -0.00229254  0.0265857  
               0.00415765  -0.00277728  0.0257492  
               0.00411812  -0.00282565  0.0273785  
               -0.00496552  0.000350073  0.0254715  
               0.00305109  -0.00393311  0.0127695  
               0.00438405  -0.00235372  0.00499284  
               -0.00499198  -8.1473e-05  0.0220389  
               0.00467323  0.00173594  0.0399745  
               -0.00117661  0.0048429  0.00612149  
               0.00434538  0.00242607  0.027774  
               -0.00443573  -0.00225703  0.0287552  
               -0.00494276  -0.000581128  0.0246396  
               0.00462783  0.00188562  0.0269373  
               -0.00491254  -0.000887961  0.0162936  
               0.000319509  0.00496853  0.0365101  
               -0.00420787  -0.00268334  0.00996842  
               -0.00239792  -0.00436043  0.00764699  
               -0.00466588  0.0017602  0.0339847  
               0.00497664  0.000237166  0.0241541  
               0.00366157  0.00338195  0.00587803  
               -0.00496846  0.000320238  0.0315394  
               -0.00091887  -0.0049095  0.0368321  
               -0.00112259  0.00485929  0.0116898  
               0.00345891  0.00359842  0.0323001  
               0.00426568  0.00257518  0.032465  
               0.00463584  -0.00185921  0.0182229  
               0.00497821  0.000221232  0.0111233  
               0.00495165  0.00049091  0.00995103  
               0.00456706  0.00201134  0.0109199  
               0.0025139  -0.00429844  0.0340628  
               0.00234423  -0.00438912  0.00492609  
               0.00207287  -0.00453417  0.00622761  
               -0.00124488  0.0048222  0.0237446  
               -0.00439715  -0.00232922  0.0145483  
               -0.00426916  0.00256867  0.0326702  
               -0.00452956  0.00208149  0.0312687  
               -0.00033205  0.0049673  0.0230896  
               -0.00242923  0.00434369  0.0127011  
               -0.00300635  -0.00396982  0.00976662  
               0.00341617  -0.00363349  0.0341481  
               -0.00257304  -0.00426682  0.0454657  
               0.00134487  -0.00479186  0.0138372  
               0.00343967  -0.0036142  0.0323694  
               0.00281944  -0.00412322  0.0329954  
               -0.00464659  0.00182377  0.0268735  
               0.00498851  -0.000116655  0.00808277  
               0.00480075  -0.00131557  0.00791888  
               0.00494174  0.000591543  0.037761  
               0.00194586  -0.00460205  0.030943  
               -0.00343895  -0.0036148  0.0438938  
               -0.000514174  -0.00494936  0.0060958  
               -0.00427384  0.00255991  0.0453163  
               0.00236644  -0.00437725  0.0139662  
               -0.00251618  -0.00429722  0.00538167  
               -0.0041515  -0.00278498  0.0265859  
               -0.00419494  -0.00270752  0.0275929  
               -0.00383063  0.00317596  0.0445993  
               0.0049701  -0.000303558  0.0187077  
               0.00491254  -0.000888007  0.0217816  
               -0.00267461  0.00421253  0.0316656  
               -0.00341806  0.00363195  0.0239521  
               -0.00278989  0.00414747  0.0417134  
               0.00442426  -0.00227849  0.0191372  
               0.00114237  0.00485329  0.0242562  
               -0.00403106  -0.00293174  0.00293445  
               0.00144461  -0.00476161  0.0342436  
               -0.00493116  -0.000698977  0.0173112  
               0.00483522  -0.00120193  0.0316388  
               0.00356282  0.00350229  0.0226075  
               -0.00247456  0.00431946  0.0180883  
               -0.00132039  0.00479929  0.0184354  
               0.00121733  -0.00483055  0.0149939  
               0.00344341  -0.00361114  0.0103189  
               0.00400263  -0.00296637  0.00874286  
               0.000565082  -0.00494434  0.0446429  
               0.00284254  -0.00410426  0.0317068  
               0.0016249  -0.00470692  0.0127664  
               -0.00157067  -0.00472337  0.0398103  
               0.00323805  0.00377967  0.0211425  
               -0.0017452  -0.00467043  0.0296124  
               -0.00490425  0.000972165  0.0332685  
               0.00156306  -0.00472568  0.0286403  
               -0.00160963  0.00471155  0.0170944  
               -0.000478917  0.00495283  0.0168528  
               -0.00172959  -0.00467516  0.0258443  
               0.00496942  0.000310464  0.0348563  
               0.00188866  -0.00462691  0.0207313  
               -0.00484605  -0.00116625  0.00933814  
               -0.00433138  0.00245225  0.0167548  
               0.00228748  -0.00441946  0.0388316  
               -0.00127281  0.00481372  0.0319698  
               -0.00124132  0.00482327  0.0334416  
               0.00302782  -0.0039522  0.0189233  
               -0.00158608  -0.0047187  0.038719  
               -0.000465678  -0.00495413  0.0448627  
               -0.000176439  -0.00498262  0.0438949  
               0.00112052  0.00485992  0.0192438  
               0.00204011  0.00455168  0.0319631  
               0.0010695  0.0048754  0.0319785  
               0.00486273  -0.00111125  0.0376853  
               -0.00384299  0.0031609  0.0408662  
               0.00483478  0.0012034  0.00896335  
               0.00471521  -0.00159756  0.0100202  
               -0.00479754  0.00132615  0.0356805  
               -0.00493061  0.000704533  0.0348125  
               -0.00498184  0.00018435  0.0359966  
               -0.00364822  0.00339823  0.041995  
               0.00445436  0.00222219  0.00866414  
               0.000245168  -0.00497585  0.0187712  
               -0.00016701  -0.00498355  0.00967301  
               0.00482192  -0.00124578  0.0268702  
               0.00479072  0.00134864  0.0181498  
               0.00263891  -0.00423161  0.0154438  
               -0.00324341  -0.00377528  0.0134514  
               -0.00124694  -0.00482157  0.0442356  
               -0.00485619  -0.00113282  0.0430308  
               -0.0033599  0.00367967  0.0196327  
               -0.0036487  0.00339765  0.0325657  
               0.00313696  0.00386263  0.0200657  
               0.00138662  -0.0047792  0.0325506  
               -0.000512899  -0.00494948  0.0331854  
               0.00453792  -0.00206585  0.0220463  
               -0.00418313  -0.00272961  0.0384472  
               -0.00415183  -0.00278457  0.025548  
               0.00040625  -0.00495999  0.0107479  
               -0.0038095  0.00320171  0.0117502  
               0.00378811  -0.00322777  0.0445836  
               0.00453384  0.00207348  0.0171616  
               5.40806e-05  0.00499467  0.0176998  
               -0.0023156  -0.00440443  0.0408318  
               -0.00491557  -0.000857243  0.0207682  
               0.0010302  0.00488732  0.0352554  
               -0.00247427  -0.00431962  0.0289648  
               -0.00287896  -0.00407437  0.0235604  
               0.00140466  0.00477373  0.031017  
               -0.0046597  0.00178056  0.0256868  
               -0.00438314  0.00235542  0.0247733  
               0.00107777  0.00487289  0.0141605  
               -0.00464695  -0.00182257  0.0383978  
               -0.00427008  0.00256694  0.0383369  
               0.00255061  0.00427881  0.0401772  
               0.00379394  0.00322067  0.0401543  
               -0.00461204  0.00192719  0.0391311  
               0.0045287  0.0020831  0.020413  
               0.00219646  -0.00446811  0.0249458  
               0.00341465  -0.00363474  0.0253883  
               -0.00441951  -0.00228737  0.0425434  
               0.00409111  -0.00285856  0.0097493  
               0.00449948  -0.00213777  0.0442509  
               0.000596583  -0.00494124  0.0249198  
               -0.00165058  0.00469913  0.0369804  
               -5.17994e-05  0.0049949  0.0330801  
               0.00498472  -0.000155167  0.0253324  
               -0.00369131  0.00334572  0.00610773  
               -0.00476356  0.00143816  0.03231  
               0.00437624  -0.00236833  0.038283  
               -0.00493196  0.000690806  0.0165357  
               -0.00172917  -0.00467529  0.0186472  
               0.00466351  -0.00176801  0.0155945  
               -0.00223137  -0.00444945  0.033409  
               0.00490799  -0.000934179  0.017924  
               -0.00494636  -0.000544637  0.0350496  
               -0.00474215  -0.00150877  0.0346574  
               0.00498121  0.000190759  0.0442778  
               -0.00493169  -0.000693599  0.033989  
               0.00335123  0.00368679  0.0256724  
               -0.00115806  -0.00484853  0.0378124  
               0.00131957  0.00479954  0.0439725  
               0.00451896  -0.00210133  0.00861062  
               0.00189014  -0.00462646  0.0162502  
               0.0015916  0.00471702  0.039962  
               -0.000485966  -0.00495214  0.0118405  
               -0.00499351  -6.59363e-05  0.0279243  
               -0.0032526  0.00376773  0.0275092  
               0.000783888  0.00492279  0.0260547  
               0.00124353  0.00482261  0.0422326  
               0.00495042  -0.000503366  0.00930344  
               0.00493781  -0.000631387  0.010336  
               0.00314119  -0.00385917  0.0199181  
               0.00485495  -0.00113691  0.00261355  
               0.00221968  -0.00445569  0.0084751  
               0.00337605  -0.00366642  0.0281027  
               -0.00370876  0.00332446  0.0164787  
               0.00397722  0.00299733  0.021008  
               0.00495957  -0.00041045  0.0432998  
               0.00136867  -0.00478465  0.0255598  
               -0.00444304  -0.00224335  0.0200087  
               -0.004211  0.00267748  0.0261723  
               0.00149095  -0.00474755  0.0395673  
               -0.00488352  -0.00104274  0.0282296  
               0.00203433  0.00455477  0.0350917  
               -0.00492592  0.000752189  0.0292396  
               0.000476882  -0.00495303  0.0121607  
               0.0025188  0.00429581  0.0296941  
               0.00229023  -0.00441799  0.0195591  
               0.0049342  0.000668072  0.012277  
               0.000512027  -0.00494957  0.0332163  
               0.00254552  -0.00428153  0.0279536  
               -0.00381034  0.00320068  0.0205462  
               -0.00496427  -0.000362796  0.0438368  
               0.000659174  -0.00493508  0.0215748  
               -0.00383302  -0.00317304  0.0287342  
            </DataArray>
         </Points> 

         <Cells>
            <DataArray type="Int32" Name="connectivity" NumberOfComponents="1" format="ascii">
               
            </DataArray> 
            <DataArray type="Int32" Name="offsets" NumberOfComponents="1" format="ascii">
               
            </DataArray>
            <DataArray type="UInt8"  Name="types" NumberOfComponents="1" format="ascii">
               
            </DataArray>
         </Cells>
         <PointData Scalars="Rank " Vectors="DisplacementDelta Force ">
            <DataArray type="UInt32" Name="Rank" NumberOfComponents="1" format="ascii">
               0 0 0 0 0 0 0 0 0 0 0 0 0 0 0 0 0 0 0 0 0 0 0 0 0 0 0 0 0 0 0 0 0 0 0 0 0 0 0 0 0 0 0 0 0 0 0 0 0 0 0 0 0 0 0 0 0 0 0 0 0 0 0 0 0 0 0 0 0 0 0 0 0 0 0 0 0 0 0 0 0 0 0 0 0 0 0 0 0 0 0 0 0 0 0 0 0 0 0 0 0 0 0 0 0 0 0 0 0 0 0 0 0 0 0 0 0 0 0 0 0 0 0 0 0 0 0 0 0 0 0 0 0 0 0 0 0 0 0 0 0 0 0 0 0 0 0 0 0 0 0 0 0 0 0 0 0 0 0 0 0 0 0 0 0 0 0 0 0 0 0 0 0 0 0 0 0 0 0 0 0 0 0 0 0 0 0 0 0 0 0 0 0 0 0 0 0 0 0 0 0 0 0 0 0 0 0 0 0 0 0 0 0 0 0 0 0 0 0 0 0 0 0 0 0 0 0 0 0 0 0 0 0 0 0 0 0 0 0 0 0 0 0 0 0 0 0 0 0 0 0 0 0 0 0 0 0 0 0 0 0 0 0 0 0 0 0 0 0 0 0 0 0 0 0 0 0 0 0 0 0 0 0 0 0 0 0 0 0 0 0 0 0 0 0 0 0 0 0 0 0 0 0 0 0 0 0 0 0 0 0 0 0 0 0 0 0 0 0 0 0 0 0 0 0 0 0 0 0 0 0 0 0 0 0 0 0 0 0 0 0 0 0 0 0 0 0 0 0 0 0 0 0 0 0 0 0 0 0 0 0 0 0 0 0 0 0 0 0 0 0 0 0 0 0 0 0 0 0 0 0 0 0 0 0 0 0 0 0 0 0 0 0 0 0 0 0 0 0 0 0 0 0 0 0 0 0 0 0 0 0 0 0 0 0 0 0 0 0 0 0 0 0 0 0 0 0 0 0 0 0 0 0 0 0 0 0 0 0 0 0 0 0 0 0 0 0 0 0 0 0 0 0 0 0 0 0 0 0 0 0 0 0 0 0 0 0 0 0 0 0 0 0 0 0 0 0 0 0 0 0 0 0 0 0 0 0 0 0 0 0 0 0 0 0 0 0 0 0 0 0 0 0 0 0 0 0 0 0 0 0 0 0 0 0 0 0 0 0 0 0 0 0 0 0 0 0 0 0 0 0 0 0 0 0 0 0 0 0 0 0 0 0 0 0 0 0 0 0 0 0 0 0 0 0 0 0 0 0 0 0 0 0 0 0 0 0 0 0 0 0 0 0 0 0 0 0 0 0 0 0 0 0 0 0 0 0 0 0 0 0 0 0 0 0 0 0 0 0 0 0 0 0 0 0 0 0 0 0 0 0 0 0 0 0 0 0 0 0 0 0 0 0 0 0 0 0 0 0 0 0 0 0 0 0 0 0 0 0 0 0 0 0 0 0 0 0 0 0 0 0 0 0 0 0 0 0 0 0 0 0 0 0 0 0 0 0 0 0 0 0 0 0 0 0 0 0 0 0 0 0 0 0 0 0 0 0 0 0 0 0 0 0 0 0 0 0 0 0 0 0 0 0 0 0 0 0 0 0 0 0 0 0 0 0 0 0 0 0 0 0 0 0 0 0 0 0 0 0 0 0 0 0 0 0 0 0 0 0 0 0 0 0 0 0 0 0 0 0 0 0 0 0 0 0 0 0 0 0 0 0 0 0 0 0 0 0 0 0 0 0 0 0 0 0 0 0 0 0 0 0 0 0 0 0 0 0 0 0 0 0 0 0 0 0 0 0 0 0 0 0 0 0 0 0 0 0 0 0 0 0 0 0 0 0 0 0 0 0 0 0 0 0 0 0 0 0 0 0 0 0 0 0 0 0 0 0 0 0 0 0 0 0 0 0 0 0 0 0 0 0 0 0 0 0 0 0 0 0 0 0 0 0 0 0 0 0 0 0 0 0 0 0 0 0 0 0 0 0 0 0 0 0 0 0 0 0 0 0 0 0 0 0 0 0 0 0 0 0 0 0 0 0 0 0 0 0 0 0 0 0 0 0 0 0 0 0 0 0 0 0 0 0 0 0 0 0 0 0 0 0 0 0 0 0 0 0 0 0 0 0 0 0 0 0 0 0 0 0 0 0 0 0 0 0 0 0 0 0 0 0 0 0 0 0 0 0 0 0 0 0 0 0 0 0 0 0 0 0 0 0 0 0 0 0 0 0 0 0 0 0 0 0 0 0 0 0 0 0 0 0 0 0 0 0 0 0 0 0 0 0 0 0 0 0 0 0 0 0 0 0 0 0 0 0 0 0 0 0 0 0 0 0 0 0 0 0 0 0 0 0 0 0 0 0 0 0 0 0 0 0 0 0 0 0 0 0 0 0 0 0 0 0 0 0 0 0 0 0 0 0 0 0 0 0 0 0 0 0 0 0 0 0 0 0 0 0 0 0 0 0 0 0 0 0 0 0 0 0 0 0 0 0 0 0 0 0 0 0 0 0 0 0 0 0 0 0 0 0 0 0 0 0 0 0 0 
            </DataArray>
            <DataArray type="Float64" Name="DisplacementDelta" NumberOfComponents="3" format="ascii">
               -1.59319e-09 8.56415e-10 -1.36449e-09  -6.46543e-10 7.31292e-10 -7.61696e-10  1.18043e-09 -5.13056e-09 -8.24833e-08  1.89267e-09 -4.90503e-09 -1.40702e-07  -8.54414e-10 -1.69986e-09 -1.55074e-09  4.35473e-11 -1.4318e-09 -1.31132e-09  -9.57382e-09 -1.14721e-07 7.98177e-08  1.06505e-09 9.96757e-11 -1.1681e-08  -1.51987e-09 -3.92882e-10 -1.06045e-08  -9.10826e-10 -1.51086e-09 -1.72321e-08  -5.35916e-11 -5.42618e-11 -7.61039e-10  2.93618e-07 -1.28963e-07 1.86797e-07  5.77371e-07 -3.76641e-08 1.51934e-07  1.09114e-06 3.55492e-06 -2.67598e-06  8.90657e-07 1.68405e-06 -2.08703e-06  2.43072e-06 3.19584e-06 -2.78361e-06  2.14308e-09 7.43823e-10 -9.83018e-10  1.94807e-07 -1.29076e-07 1.20385e-07  -9.10953e-11 -1.4259e-09 -1.00922e-09  5.64222e-10 -4.54835e-10 -1.93398e-09  8.41579e-11 4.38983e-10 -2.70104e-09  1.84301e-07 1.27806e-07 1.92579e-07  2.55224e-07 2.00669e-07 1.90276e-07  -4.81498e-10 5.49466e-10 -4.04515e-10  -6.90723e-10 -6.05279e-10 -9.06579e-10  -1.03235e-09 5.33592e-10 -1.25751e-09  9.20239e-10 1.02405e-10 -1.05052e-09  4.34625e-08 1.47601e-07 2.34806e-07  -6.1953e-10 6.22783e-10 -5.60745e-10  -2.6689e-10 6.47703e-10 -3.85941e-10  2.91561e-07 3.03162e-07 1.96551e-07  2.32552e-07 2.2798e-07 2.42356e-07  -1.26901e-09 -3.12802e-09 -1.65846e-09  -9.82963e-08 3.2691e-07 2.07738e-07  -1.65808e-07 3.45491e-07 1.81593e-07  -3.67925e-07 9.58115e-07 4.02381e-07  4.96596e-10 3.38109e-10 -7.33206e-10  -7.90079e-10 7.33057e-10 -1.05743e-09  6.30259e-06 4.25907e-07 4.16279e-07  7.45449e-06 8.94002e-07 -5.53026e-07  7.85091e-06 -8.49721e-07 -7.41145e-07  -9.69811e-08 -2.03356e-07 1.91672e-07  -1.18892e-07 -4.02472e-07 2.45881e-07  -8.07239e-10 7.59297e-10 -1.32377e-09  -3.38801e-10 -1.38909e-10 -2.7052e-09  3.50541e-10 -1.36098e-09 -2.03041e-09  -3.49974e-07 4.13775e-07 -2.06591e-06  -1.37506e-07 1.4595e-07 -2.01544e-06  -9.20802e-08 3.78708e-07 1.78804e-07  1.56555e-08 3.10083e-07 3.19926e-07  7.48877e-08 2.61961e-07 2.27448e-07  -2.75496e-07 -1.94879e-07 2.2871e-07  -9.89671e-08 -9.84301e-08 1.78033e-07  3.63062e-07 4.42991e-07 4.34625e-07  5.86042e-07 5.00555e-07 4.76858e-07  8.88905e-07 1.02913e-06 6.8515e-07  1.64085e-08 1.88224e-07 1.77297e-07  3.24659e-07 2.9168e-07 3.01544e-07  -9.9376e-07 2.01259e-07 5.54208e-07  -2.12864e-07 1.91441e-07 2.18169e-07  -4.90232e-07 7.8508e-08 2.51853e-07  -3.13724e-10 6.02368e-10 -3.76072e-10  -3.37767e-10 2.67685e-10 -1.07568e-09  -8.18615e-08 -1.29992e-07 1.14061e-07  3.9298e-07 1.06291e-08 1.78812e-07  2.77126e-07 2.35171e-08 1.3136e-07  -4.7793e-09 5.89842e-10 -6.05798e-08  -1.08587e-09 6.63406e-10 -6.74585e-08  -5.92075e-09 6.71284e-10 -9.2436e-08  1.90398e-07 2.70354e-07 3.09847e-07  -1.07869e-07 -7.61652e-07 -2.00166e-06  -4.56425e-08 -1.2161e-06 -1.54055e-06  -2.17852e-07 -1.86413e-07 1.29782e-07  -1.29048e-07 -1.00241e-07 1.27298e-07  4.54887e-10 -4.05248e-10 -3.82517e-10  6.1409e-07 8.77969e-08 2.103e-07  -7.40109e-08 -1.69266e-07 1.3835e-07  -1.70102e-09 -2.60893e-08 -5.33982e-07  -1.0041e-09 -1.67982e-08 -4.83339e-07  2.26653e-09 -3.47608e-09 -2.5067e-08  1.55565e-09 -3.01222e-09 -2.02616e-08  -9.8086e-08 -2.16742e-07 1.5059e-07  -3.0939e-11 6.8323e-10 -1.58129e-09  -3.57238e-10 1.29115e-09 -1.06883e-09  -5.66997e-08 -1.95424e-07 9.09252e-08  8.92986e-10 1.25318e-09 -1.54545e-09  1.29926e-09 7.66671e-10 -1.71781e-09  1.05525e-09 1.81394e-10 -1.10613e-09  2.90802e-10 3.34079e-10 -7.33806e-10  -1.36123e-10 -7.6805e-10 -3.49303e-10  1.60026e-08 -3.10213e-08 -1.82862e-06  2.35096e-08 -4.06282e-08 -1.78941e-06  -2.20953e-08 -1.12212e-08 -6.40862e-07  3.46154e-07 9.16732e-07 -1.88464e-06  5.16503e-07 7.04005e-07 -1.42184e-06  5.40206e-07 6.90233e-07 -1.87777e-06  -1.37867e-10 8.14262e-10 -1.04362e-09  -1.15353e-07 3.29358e-08 -1.76751e-06  -2.19664e-07 9.27921e-08 -1.74306e-06  -2.27083e-07 6.01469e-08 -1.71027e-06  -2.38324e-10 -4.29838e-10 -6.40065e-10  4.15783e-12 -1.2013e-10 -1.01394e-09  6.75497e-07 -3.00358e-06 7.72916e-07  9.69428e-07 -2.38917e-06 7.48735e-07  4.19367e-07 -1.8059e-06 6.78885e-07  2.76525e-07 6.85562e-08 -1.68743e-06  1.06283e-06 1.13687e-07 -2.22152e-06  -6.0067e-10 -6.72139e-12 -1.14348e-09  -4.36388e-10 9.21961e-12 -6.29724e-10  4.91251e-07 -1.58701e-07 1.5709e-07  -6.75527e-07 -1.71876e-07 3.00438e-07  -3.95405e-12 1.12836e-10 -8.15958e-10  2.2016e-06 -9.11362e-07 8.06057e-07  5.36184e-07 -3.01105e-07 2.83366e-07  1.47152e-06 -1.14077e-06 7.72536e-07  -5.03048e-07 -1.14814e-07 2.84191e-07  -2.96317e-07 -1.91352e-07 1.8537e-07  -1.36041e-09 -8.81911e-10 -2.39785e-09  -1.12639e-09 -7.15396e-10 -1.25648e-09  -5.82382e-10 -1.01429e-10 -7.45645e-10  1.20825e-09 -2.70144e-10 -6.29684e-10  1.28832e-09 1.00406e-09 -7.37207e-11  -1.74013e-07 2.98173e-07 1.11957e-07  -1.77784e-07 2.90869e-07 1.6346e-07  -1.89021e-07 3.53479e-07 1.35878e-07  3.24691e-07 -1.43475e-07 1.57095e-07  3.23622e-07 -1.476e-07 1.3742e-07  3.17357e-10 -5.80086e-10 -7.70995e-10  -4.16012e-07 1.89078e-06 7.20458e-07  -1.45448e-06 4.79307e-06 8.17432e-07  -2.25479e-07 3.23867e-06 8.65462e-07  6.44929e-09 -4.44948e-08 -1.76267e-06  2.39995e-08 -4.47823e-08 -1.72943e-06  -3.65156e-06 4.63338e-06 -2.34622e-06  -4.3977e-06 6.53116e-06 -9.18987e-07  -2.78235e-06 7.53942e-06 -1.20898e-06  1.10138e-08 -3.01919e-08 1.07674e-07  4.04997e-07 -1.95379e-07 2.20699e-07  3.48267e-08 -2.50402e-07 1.00011e-07  1.26757e-08 -2.77526e-07 1.65935e-07  -2.21504e-06 -8.17561e-06 -7.60151e-07  1.02067e-07 9.93507e-07 4.40781e-07  1.15394e-09 -1.92822e-11 -1.15151e-09  1.94343e-08 -3.23061e-07 1.98334e-07  7.86881e-08 -7.25224e-07 3.79845e-07  1.78214e-08 -2.20354e-07 1.04155e-07  6.25294e-10 -3.451e-10 -7.25746e-10  -4.80207e-07 4.28457e-08 2.1486e-07  -3.37784e-07 6.2901e-08 1.61458e-07  -1.01806e-09 -8.18945e-10 -6.72014e-10  -9.30179e-10 -4.58261e-10 -2.88914e-10  2.58356e-06 4.87232e-06 7.51879e-07  1.25877e-06 2.44488e-06 8.40927e-07  2.03188e-06 2.66648e-06 8.56381e-07  -3.09552e-10 8.77537e-10 -8.36061e-10  -3.36071e-10 -8.75503e-10 -8.4928e-10  -8.24118e-08 -8.17401e-07 5.11906e-07  1.64553e-07 -1.0304e-06 5.20668e-07  2.56163e-09 -3.24862e-09 -5.80842e-08  1.5211e-10 2.19264e-09 -1.95566e-09  1.52076e-07 -1.98502e-07 2.08136e-07  1.47615e-09 -2.24187e-09 -2.94977e-09  -1.99946e-06 -6.84412e-06 4.99004e-07  2.12326e-07 1.13598e-07 2.00632e-07  2.91155e-07 2.32226e-07 2.69235e-07  2.81382e-10 -6.02691e-11 -6.37729e-10  4.21026e-10 3.92915e-10 -1.39625e-09  -1.38759e-08 3.01993e-07 1.59622e-07  -1.14531e-09 -1.50028e-10 -1.78341e-09  -2.42841e-09 3.57445e-10 -1.78556e-09  1.34023e-09 1.28046e-09 -2.09882e-09  -6.35229e-10 2.44003e-10 -1.85201e-09  -1.3115e-09 1.27781e-10 -3.27469e-09  7.22821e-10 -1.59034e-09 -1.37497e-09  2.2227e-08 3.91471e-07 2.22664e-07  4.25202e-08 4.16561e-07 2.58423e-07  7.29907e-08 6.10866e-07 3.56288e-07  -1.71894e-08 -7.50255e-08 6.15543e-08  -1.41472e-06 1.89432e-07 -1.86003e-06  -1.45463e-06 -2.20347e-07 -1.88456e-06  -1.48028e-06 2.34078e-07 -2.0545e-06  1.74556e-06 -3.02146e-06 -2.65312e-06  8.07752e-07 -1.6109e-06 -2.19292e-06  -5.18353e-07 -2.25769e-08 2.66838e-07  -4.64872e-10 3.30324e-10 -2.54808e-09  -1.52199e-10 -4.35039e-10 -2.72638e-09  -2.01612e-08 2.12665e-08 -1.51268e-06  -1.70113e-08 4.49238e-08 -1.6099e-06  -1.75319e-07 -1.21821e-06 -2.09358e-06  -4.83451e-07 -1.09421e-06 -1.90982e-06  1.71176e-08 -7.42693e-09 -3.78359e-07  6.16124e-08 5.22495e-07 2.75837e-07  -4.78278e-10 -7.80313e-11 -1.73454e-09  -2.40168e-07 1.26804e-07 1.15928e-07  3.71382e-07 2.47227e-07 3.06349e-07  3.87457e-07 5.93216e-08 1.54263e-07  -1.84036e-08 1.57557e-08 -7.01685e-07  -1.16051e-08 7.52513e-09 -4.96368e-07  -5.46931e-10 -3.64969e-10 -1.62143e-09  -5.13086e-10 -4.29101e-10 -2.1752e-09  -2.61678e-10 7.31526e-11 -1.19298e-08  7.05732e-10 -2.57968e-11 -1.47492e-09  1.45364e-09 8.81182e-11 -1.5251e-09  4.12073e-07 -1.62112e-07 1.87322e-07  4.14902e-10 -5.53714e-10 -3.30335e-10  -1.35503e-06 -2.89242e-06 9.40677e-07  -2.13896e-07 -8.24836e-07 5.54134e-07  -2.82098e-07 -2.33807e-06 8.30346e-07  -2.93496e-09 6.8467e-11 -2.315e-08  4.41197e-09 -4.15946e-10 -3.23793e-08  4.40791e-09 -5.48234e-11 -4.17179e-08  -2.03859e-09 3.54857e-07 2.18106e-07  1.24076e-08 -8.40166e-09 -2.9685e-07  1.44267e-08 -6.58106e-09 -2.77158e-07  1.54752e-09 -1.68374e-10 -4.24166e-09  1.0145e-09 -2.51081e-10 -4.8663e-09  1.25018e-09 -1.59881e-09 -8.17309e-09  2.28912e-08 -2.61e-08 -1.69231e-06  5.0876e-07 3.36549e-06 7.99537e-07  -8.29043e-10 1.92933e-10 -2.25053e-09  6.69493e-11 3.25651e-11 -1.55883e-09  -4.30348e-10 -4.9285e-10 -1.10231e-09  8.86784e-10 -9.59857e-10 -2.34285e-09  -1.3141e-10 5.11837e-10 -5.40165e-10  5.04427e-10 9.24279e-12 -1.81025e-09  -5.8374e-10 1.58178e-09 -2.14513e-09  -7.13709e-10 7.09827e-12 -2.00059e-09  -5.07523e-07 6.37628e-08 2.30665e-07  -2.79199e-10 1.57813e-09 -1.04877e-09  -2.03715e-06 2.70784e-06 -2.66137e-06  -1.39111e-06 1.43673e-06 -2.31511e-06  -2.79738e-06 2.25592e-06 -2.68522e-06  -1.92421e-08 -1.89295e-08 -5.58282e-07  -5.12387e-09 -9.29497e-09 -4.01743e-07  -9.11637e-09 -2.10085e-08 -5.80266e-07  -2.83562e-10 7.32028e-11 -7.58353e-10  -2.47093e-07 -5.70579e-07 -1.88202e-06  1.31407e-10 -5.36743e-10 -3.68086e-10  1.45984e-07 8.40855e-07 4.8085e-07  2.79724e-07 1.55015e-06 6.01526e-07  -2.32173e-10 -6.36841e-10 -4.99259e-10  -5.52847e-12 2.44633e-10 -1.16196e-09  -1.22043e-09 -2.06252e-09 -2.98933e-09  9.46748e-10 2.89066e-10 -1.20732e-09  -6.22326e-06 1.85688e-06 -2.28288e-06  -1.59686e-09 -2.6657e-10 -9.21336e-10  -7.38852e-10 1.57104e-10 -4.90595e-10  5.60123e-10 -1.32445e-09 -2.4241e-09  6.56894e-10 -1.63071e-10 -2.49581e-09  1.43483e-09 4.3437e-12 -2.07994e-09  7.95843e-10 -3.69511e-11 -2.32265e-09  -3.56576e-10 3.18115e-10 -5.4769e-10  1.29382e-10 8.70061e-10 -8.8765e-09  -9.53625e-10 -6.08318e-12 -7.49619e-09  -2.95588e-09 -1.22472e-09 -3.88972e-09  2.09893e-07 -1.03196e-07 1.11786e-07  -5.31235e-10 -1.73865e-10 -1.1902e-09  -3.06652e-10 7.74159e-10 -1.8835e-09  -7.25806e-10 -2.366e-11 -1.94423e-09  -2.81742e-06 1.39429e-06 -2.68241e-06  -1.70589e-06 4.01186e-07 -2.29018e-06  -1.42474e-06 8.3268e-07 -2.06643e-06  4.93536e-10 -9.9911e-10 -8.67863e-10  -2.72082e-09 -2.28277e-10 -3.78487e-08  -2.64067e-09 -1.48877e-09 -2.17384e-08  -7.2189e-08 -3.87468e-07 2.8777e-07  4.15386e-07 -1.37109e-06 -1.93397e-06  -1.87399e-09 3.64007e-09 -1.34494e-07  -1.52818e-07 -3.09434e-07 3.31769e-07  2.5691e-09 1.36262e-09 -1.73908e-08  1.60026e-09 1.44482e-09 -2.21333e-08  -1.71432e-10 3.42534e-10 -7.29175e-10  -2.2862e-07 1.75455e-07 1.12438e-07  -9.39527e-08 1.60738e-07 1.0158e-07  -1.57365e-09 1.21626e-09 -3.09357e-09  -8.95106e-10 8.13764e-11 -2.24707e-09  -4.07716e-07 -1.48847e-07 2.28745e-07  -3.18497e-07 -1.35845e-07 2.08358e-07  -6.31245e-07 -1.75668e-07 3.12802e-07  2.10611e-07 -9.63208e-07 5.28794e-07  2.92017e-07 8.54267e-08 1.37359e-07  1.93826e-10 -8.70422e-11 -1.23301e-09  -7.96692e-07 6.46144e-08 3.44334e-07  -1.21234e-06 1.17445e-06 7.2203e-07  2.51957e-09 -1.04259e-09 -5.44746e-09  -7.06728e-07 -6.33527e-07 -1.57136e-06  -6.38356e-07 -5.64333e-07 -1.74832e-06  -8.64179e-07 -7.83597e-07 -1.62738e-06  1.08095e-09 1.89082e-09 -1.60603e-09  4.24365e-08 7.33304e-07 3.27479e-07  -6.34261e-10 -1.31018e-09 -1.10432e-07  -5.74127e-09 -1.86561e-07 1.11095e-07  -1.03064e-08 1.24989e-08 -6.36439e-07  1.0194e-06 3.83257e-07 -1.78321e-06  7.46501e-07 4.0395e-07 -1.45823e-06  1.50541e-07 6.53482e-08 1.43571e-07  -5.11922e-08 -3.47609e-08 8.0203e-08  -6.23493e-09 1.34222e-08 -3.1326e-07  1.47824e-09 -5.30975e-10 -2.36831e-09  -5.8607e-08 -2.25739e-07 1.69908e-07  -8.37012e-06 7.96787e-07 -1.34321e-06  -8.35224e-06 -1.08592e-06 -1.78626e-06  2.03292e-08 1.10294e-08 -7.9666e-07  7.93143e-09 1.19887e-08 -7.48483e-07  1.02555e-08 9.07911e-09 -6.07752e-07  1.49562e-07 -2.33656e-08 -2.02545e-06  3.54754e-07 -2.88229e-07 -2.07641e-06  4.67141e-09 3.77036e-08 -1.7909e-06  -2.82785e-07 5.06118e-07 2.07774e-07  -1.28946e-10 -3.84047e-10 -5.69573e-10  2.0733e-10 -5.62245e-10 -5.9907e-10  -3.2513e-10 1.03173e-10 -2.5122e-09  5.26824e-09 9.34271e-09 -2.63195e-07  6.83713e-09 5.83278e-09 -2.40567e-07  7.27812e-09 5.44214e-09 -1.80875e-07  5.82611e-09 2.7623e-09 -1.28683e-07  1.47863e-07 5.14119e-07 4.15445e-07  1.2101e-08 9.02186e-09 -1.22545e-06  7.81321e-10 -9.81411e-10 -3.98173e-09  -3.27273e-10 -2.19229e-10 -7.02757e-09  1.95057e-09 1.12365e-09 -2.12142e-09  -1.95318e-09 -1.16819e-09 -3.03008e-09  6.36513e-10 -8.18442e-10 -2.37532e-09  6.80103e-10 1.38308e-10 -3.66683e-09  -8.21622e-10 1.89681e-09 -7.84459e-09  4.37127e-10 1.21809e-09 -2.39446e-10  1.76776e-07 -1.00056e-06 -1.87722e-06  7.08376e-08 1.98648e-07 -1.80515e-06  -1.48486e-07 5.11926e-07 3.2923e-07  -1.14615e-07 6.97884e-07 2.38372e-07  6.8865e-06 -3.01373e-06 -1.11846e-06  6.93694e-06 -1.93664e-06 2.02843e-07  1.35159e-10 -5.3073e-09 -5.15772e-08  -5.95542e-10 -1.8828e-09 -3.64262e-08  4.5856e-07 1.5701e-08 -2.04599e-06  1.09553e-09 1.5493e-09 -2.50804e-10  -9.09976e-08 -1.84544e-07 1.21846e-07  1.72928e-09 -3.93635e-10 -1.48936e-09  -7.55526e-08 -2.43746e-07 -1.92467e-06  -2.47122e-07 -5.88019e-07 -1.99956e-06  -3.14379e-07 -1.22801e-06 -1.73094e-06  7.14913e-10 -1.66331e-09 -1.95315e-09  2.06441e-07 1.74339e-06 6.36724e-07  4.11728e-09 9.85773e-07 3.96916e-07  8.48981e-10 -3.30753e-10 -1.98587e-09  2.34265e-08 7.8398e-09 -1.50357e-06  4.58845e-08 5.68425e-09 -1.61419e-06  -2.99842e-07 6.31671e-07 2.49034e-07  -1.21871e-07 2.22947e-07 1.2543e-07  -1.00191e-07 3.23383e-07 1.46617e-07  2.81234e-10 -5.1096e-10 -8.07672e-10  3.32169e-10 -7.64615e-10 -1.42862e-09  3.8015e-10 3.79897e-10 -6.43054e-09  -3.50861e-10 8.83078e-10 -9.4106e-09  -1.41159e-08 -2.57978e-08 -1.68242e-06  -6.03151e-08 -4.67459e-08 -1.75598e-06  6.1498e-09 1.38116e-08 -3.15846e-07  3.31201e-09 1.25276e-08 -3.09378e-07  3.40797e-09 1.15249e-08 -2.35182e-07  1.97174e-09 3.74944e-09 -8.77736e-08  1.55006e-09 4.62658e-09 -6.06792e-08  2.80149e-09 2.30056e-09 -7.33526e-08  2.6114e-08 -1.94214e-08 -1.75105e-06  4.77047e-09 -9.18192e-09 -1.76808e-06  9.08803e-11 4.49171e-10 -1.90845e-09  4.72041e-10 -6.07298e-10 -2.67187e-09  3.69799e-10 3.48509e-10 -2.2438e-09  -4.75739e-11 6.47762e-11 -1.15697e-09  -2.02902e-08 5.12757e-07 2.17736e-07  -1.00085e-10 1.72385e-09 -1.75226e-09  -1.12229e-07 1.08756e-07 -1.81243e-06  -1.23277e-07 1.9883e-07 -1.80681e-06  -3.41708e-08 3.66068e-08 -1.8085e-06  3.43838e-07 6.95657e-07 5.40809e-07  1.79729e-07 3.77485e-07 3.79496e-07  7.43395e-11 7.96747e-11 -6.93369e-10  -7.84581e-11 1.34973e-09 -5.43657e-09  -1.42305e-08 -6.65355e-08 -1.77573e-06  -2.10659e-08 -4.09431e-08 -1.79441e-06  -4.37397e-09 -5.71249e-08 -1.74048e-06  4.69365e-08 9.1136e-07 2.95677e-07  3.17827e-06 -2.81551e-06 9.45681e-07  5.24528e-06 -4.30848e-06 4.59161e-07  3.79082e-06 -4.80955e-06 6.77756e-07  6.20518e-10 -6.77812e-10 -9.53971e-10  -1.03399e-06 -8.64511e-07 -1.82958e-06  -7.65329e-07 -5.44278e-07 -2.07523e-06  1.4728e-08 5.393e-09 -2.26802e-07  -1.06642e-08 -2.60871e-08 -1.30287e-06  2.62338e-09 -2.96447e-08 -1.17664e-06  -8.59137e-09 -2.91274e-08 -1.08319e-06  -5.87302e-09 -5.04333e-10 -1.20805e-06  -1.19268e-08 -9.4174e-09 -1.55183e-06  -1.68306e-08 2.36622e-09 -1.26445e-06  -4.85858e-10 1.17094e-09 -2.53951e-09  2.27118e-08 -9.49646e-09 -8.11976e-07  1.50076e-08 -3.66812e-09 -6.50671e-07  3.12912e-10 7.34627e-10 -3.59357e-08  -1.15183e-07 -2.24247e-07 1.80264e-07  -9.19203e-10 -1.78066e-10 -1.29774e-08  -1.76134e-06 3.63455e-06 8.67734e-07  -3.22064e-06 2.61459e-06 8.22081e-07  -1.02321e-08 3.04369e-08 -7.41726e-07  -4.01488e-09 1.21906e-08 -5.8711e-07  1.07009e-06 -6.24614e-07 -2.11125e-06  8.64816e-07 -1.08396e-06 -1.89077e-06  -1.1655e-07 3.54942e-07 1.67128e-07  3.23361e-08 -2.10738e-07 -1.92065e-06  5.06669e-10 -3.2116e-10 -2.54282e-09  -1.3723e-10 2.99261e-10 -1.54839e-09  -1.15324e-06 -2.88435e-07 4.97791e-07  -9.35942e-07 -1.50825e-07 3.87226e-07  1.23697e-07 1.11015e-07 -1.7154e-06  8.46438e-08 1.41739e-07 -1.68612e-06  7.05925e-08 8.77861e-08 -1.83394e-06  1.63085e-09 -2.02101e-10 -1.2839e-09  -3.76989e-09 -4.78467e-09 -1.11652e-07  3.29067e-09 1.5069e-09 -9.20443e-08  5.13489e-09 3.26154e-09 -7.47638e-08  1.55406e-09 -5.69356e-10 -4.3613e-08  3.00459e-09 -7.57168e-10 -2.99573e-08  5.80672e-09 9.30363e-09 -1.67008e-07  -1.00005e-09 -1.09063e-09 -1.56995e-08  -7.61552e-10 -2.80026e-10 -2.64401e-08  1.70821e-10 1.49183e-09 -1.43435e-08  9.78898e-08 -2.37721e-07 -1.72779e-06  9.29906e-08 -1.08522e-07 -1.73126e-06  4.02192e-08 6.51826e-07 2.77338e-07  -1.46814e-09 1.15354e-09 -2.84792e-09  6.89677e-10 -5.69248e-10 -2.498e-09  -1.86499e-08 9.74079e-09 -1.79513e-06  -1.33975e-07 1.44783e-08 -1.81821e-06  3.32174e-06 4.05524e-06 8.10283e-07  -2.36478e-08 1.89927e-08 -1.03244e-06  -2.60161e-08 3.37897e-08 -1.01125e-06  -7.53752e-10 6.69804e-10 -2.90762e-09  -5.33395e-10 1.22333e-10 -2.3611e-09  -1.35291e-06 -1.23444e-06 7.65482e-07  -2.76484e-06 -3.27579e-06 9.15015e-07  2.13858e-08 4.33555e-07 2.06575e-07  6.3639e-09 -4.5187e-10 -1.10637e-07  5.64943e-10 4.54047e-10 -1.34447e-09  -1.85756e-08 2.81614e-09 -1.32966e-06  -2.30905e-07 4.98401e-07 2.10043e-07  1.82497e-08 -1.79125e-08 -9.00982e-07  -2.80104e-10 2.13651e-09 -7.7885e-08  -8.57456e-11 2.47405e-09 -4.56613e-08  7.39564e-10 -2.57146e-09 -3.70666e-08  1.50808e-09 -1.73179e-09 -2.33855e-08  -3.89718e-09 -2.01506e-09 -3.30457e-08  8.36971e-07 -1.62388e-07 -1.96169e-06  -4.7972e-07 -7.37347e-07 5.90772e-07  5.5825e-07 1.21772e-06 6.84488e-07  -2.24144e-10 -1.24727e-10 -1.80239e-09  -5.63547e-08 -7.12648e-08 -1.81738e-06  -7.2846e-08 -4.83964e-08 -1.79053e-06  -3.5087e-06 -6.94158e-06 -6.10203e-07  -4.63419e-06 -5.12955e-06 2.36686e-07  5.94938e-10 -3.11692e-10 -4.5412e-09  -3.15313e-07 -9.1678e-08 -1.73624e-06  -2.50997e-07 -3.30145e-08 -1.68683e-06  -1.41849e-07 -5.03112e-08 -1.68231e-06  -2.56107e-06 4.30555e-08 7.11385e-07  1.37294e-08 3.31823e-08 -9.53713e-07  8.28561e-09 3.51697e-08 -7.9459e-07  3.20882e-09 1.1361e-08 -1.04147e-06  5.05243e-10 -1.75461e-09 -2.11999e-09  1.29512e-09 1.2629e-09 -1.7145e-08  -2.69502e-09 2.24923e-09 -2.0625e-08  -3.20246e-10 1.83214e-10 -2.75698e-09  -6.69797e-06 3.05251e-06 -1.43896e-06  9.2449e-07 1.1072e-07 -1.47356e-06  1.0047e-06 -6.40637e-07 -1.65915e-06  8.73068e-07 -7.82532e-07 -1.81658e-06  1.1293e-09 -4.99243e-10 -1.18955e-09  1.34774e-08 6.12458e-10 -3.31888e-07  5.26918e-09 6.03482e-09 -1.23863e-07  -1.1397e-09 -2.50944e-09 -4.55584e-08  -1.40581e-10 -2.73258e-09 -9.26922e-09  2.75493e-07 -2.25008e-07 -1.65264e-06  9.88189e-07 3.64843e-06 8.37664e-07  5.33109e-08 -1.17714e-06 -2.06264e-06  2.82578e-08 -3.76721e-07 -1.73418e-06  4.40447e-09 -3.09218e-09 -1.7303e-07  1.34459e-08 1.36691e-08 -1.19876e-06  2.23694e-08 2.74245e-08 -1.04053e-06  2.12616e-08 1.93774e-08 -1.2078e-06  1.17927e-09 -6.52885e-10 -3.24213e-09  -2.22018e-09 1.49158e-09 -3.38651e-09  8.54769e-07 1.08573e-06 -2.04144e-06  -2.20615e-10 -2.216e-10 -6.74487e-10  1.5305e-10 1.99e-09 -5.31461e-08  -3.12627e-09 2.60288e-10 -5.44405e-08  -2.91261e-09 5.35505e-09 -7.63473e-08  -8.69779e-10 -2.43469e-07 -1.77865e-06  -1.55215e-08 -2.31143e-10 -3.68165e-07  -1.54945e-08 -3.74088e-09 -5.1091e-07  -3.04159e-08 -5.04241e-08 -1.80274e-06  -2.43313e-08 -8.97044e-08 -1.80598e-06  -3.51068e-08 -9.19817e-08 -1.81626e-06  1.10519e-09 -7.69399e-10 -3.82179e-09  4.46181e-06 6.3083e-06 -1.89014e-06  -7.34728e-09 9.45104e-08 -1.86099e-06  3.67456e-10 4.45617e-10 -1.46484e-09  5.60244e-10 4.79153e-10 -1.73321e-09  2.04798e-09 1.78239e-09 -8.0053e-10  2.02488e-09 1.90865e-09 -1.23235e-08  -8.98873e-08 -5.36138e-08 -1.76629e-06  -3.83322e-08 -3.20449e-08 -1.74732e-06  1.50629e-07 1.11532e-06 4.62138e-07  -1.72827e-10 3.70753e-09 -1.16661e-07  -2.45588e-11 8.65283e-09 -1.88296e-07  8.74814e-10 -3.50186e-10 -9.95846e-10  6.87716e-10 -9.40921e-11 -8.77397e-10  2.41523e-06 1.72146e-06 8.45772e-07  3.43319e-08 5.50616e-08 -1.62365e-06  1.11689e-06 1.07244e-06 -1.79711e-06  1.40719e-06 9.0808e-07 -1.85953e-06  1.48427e-08 2.24754e-08 -5.79239e-07  8.24099e-09 1.62926e-08 -6.12508e-07  -4.89913e-07 -8.70777e-09 -2.11241e-06  -5.12295e-07 1.39462e-07 -1.87324e-06  4.23523e-10 1.27277e-09 -2.74955e-09  2.12137e-08 -6.77338e-10 -8.29037e-07  -5.56046e-06 6.30097e-07 7.3663e-07  -4.24115e-06 1.32287e-06 8.52316e-07  -4.27822e-09 9.60259e-09 -1.76598e-06  6.60311e-06 5.1725e-06 -9.64794e-07  1.20385e-10 1.04896e-10 -4.81467e-08  -9.82504e-07 -1.01005e-06 -2.17902e-06  5.40792e-07 3.41602e-07 4.39466e-07  1.57218e-06 -8.9659e-08 7.08588e-07  3.7823e-08 1.79987e-08 -9.13754e-07  2.70797e-08 7.84107e-10 -1.03153e-06  6.60858e-09 3.82168e-09 -1.13774e-06  5.53729e-10 2.74252e-08 -7.7995e-07  -1.07663e-06 2.23787e-06 -2.44483e-06  -5.73477e-09 -9.35816e-09 -1.43289e-07  -1.39859e-09 -3.41303e-09 -8.01003e-08  -4.43356e-07 -9.56325e-07 -1.95783e-06  1.64645e-07 -6.61332e-07 -1.75645e-06  2.2458e-07 1.29442e-06 3.92756e-07  -6.09137e-07 1.78113e-07 -1.71274e-06  -9.01052e-07 5.3221e-07 -1.62892e-06  -2.59962e-09 -4.28903e-10 -1.64466e-09  7.79391e-09 -1.83772e-09 -1.58717e-07  -1.43231e-07 4.67104e-07 1.85673e-07  -3.37722e-07 8.87871e-07 2.79994e-07  1.33471e-06 1.423e-06 -2.25795e-06  3.13068e-09 -4.39724e-09 -9.75366e-08  -1.90879e-10 -1.85038e-09 -1.45189e-08  1.60594e-10 -1.79626e-09 -1.9242e-08  1.18547e-09 -5.20977e-09 -1.51577e-07  -2.1485e-10 -1.29292e-08 -2.25538e-07  -4.23025e-09 -9.60391e-09 -1.74255e-07  -1.82167e-08 2.87473e-08 -8.14629e-07  -2.17664e-08 1.9942e-08 -1.03409e-06  5.01949e-06 4.08819e-06 -2.44232e-06  3.76235e-07 4.19383e-08 1.04265e-07  -1.30963e-07 8.51543e-06 -4.08921e-07  -4.0328e-09 -2.4101e-09 -2.61244e-07  6.53871e-08 -2.7636e-10 -1.60008e-06  -5.79468e-09 -1.61713e-08 -2.1909e-07  -1.93823e-10 -3.47158e-10 -1.43895e-09  -3.62687e-10 -2.40412e-10 -7.81983e-10  6.26943e-07 -1.16797e-07 -1.9455e-06  1.94186e-08 7.73998e-09 -6.07737e-07  1.28708e-08 5.53868e-09 -3.71902e-07  1.41768e-08 1.8511e-10 -4.67336e-07  1.85913e-08 -4.87921e-09 -1.01862e-06  3.73025e-08 -5.97897e-09 -1.10874e-06  1.44002e-08 -2.88834e-09 -3.56484e-07  9.40326e-09 -1.45739e-09 -2.39087e-07  9.66873e-09 -4.81637e-09 -2.12532e-07  -4.3315e-08 2.01381e-07 -1.84578e-06  3.23066e-08 1.42103e-07 -1.83813e-06  5.48762e-12 5.11764e-10 -3.32068e-09  1.08748e-06 -7.76882e-06 -2.17518e-06  1.35609e-06 -7.51986e-06 1.73058e-07  2.92502e-06 -7.61701e-06 -1.50913e-06  6.72839e-07 2.05174e-06 7.32865e-07  3.07057e-08 2.53167e-08 -9.70262e-07  -6.07039e-07 1.32924e-06 5.59458e-07  -5.24087e-06 -3.33046e-06 5.89012e-07  -3.36666e-06 -1.94924e-06 9.4946e-07  -5.74738e-09 4.00861e-09 -1.38216e-07  9.63908e-09 2.3489e-07 -1.74269e-06  -9.53956e-08 -5.55099e-08 -1.79191e-06  5.05544e-06 7.04421e-06 -3.61481e-07  -7.89192e-10 1.24182e-10 -2.07472e-09  -2.42392e-08 1.20342e-08 -1.17794e-06  -2.20578e-08 -9.90089e-09 -1.50285e-06  -3.34705e-07 -1.66056e-06 -1.89327e-06  -1.40627e-06 -2.97121e-06 -2.71333e-06  1.89927e-09 6.06468e-08 -1.61844e-06  -2.26072e-08 3.33667e-08 -1.50796e-06  -9.0868e-09 -1.47146e-08 -1.35863e-06  4.91448e-10 1.79844e-09 -9.04269e-10  6.68965e-06 2.31809e-06 -1.49976e-06  -7.20476e-10 -5.44474e-10 -1.70977e-09  -2.61683e-08 -2.49372e-08 -1.48971e-06  -2.18766e-08 -2.51262e-08 -1.33705e-06  2.6199e-08 6.29511e-10 -1.57759e-06  3.47367e-08 -3.12082e-09 -1.66316e-06  -2.61222e-09 -3.98803e-10 -6.89078e-09  3.73284e-08 1.81246e-08 -1.77154e-06  4.15578e-06 1.86869e-06 6.88808e-07  2.83203e-06 7.25144e-07 8.09923e-07  -8.31969e-07 2.84789e-07 -2.23415e-06  -6.85421e-07 5.83785e-07 -1.49113e-06  -1.01292e-06 6.02902e-07 -2.37103e-06  -1.51387e-08 5.80947e-08 -1.63618e-06  -1.15059e-07 -8.593e-06 -1.11191e-06  -2.38847e-11 1.80201e-10 -6.50379e-10  -3.11077e-08 -2.93707e-08 -1.6494e-06  -7.71726e-08 2.83134e-07 -1.73383e-06  2.3851e-08 7.79146e-09 -7.63108e-07  2.79764e-08 3.7601e-09 -7.78782e-07  7.58374e-07 7.06382e-07 -1.9581e-06  -1.03901e-06 2.69293e-08 -1.55236e-06  1.01891e-07 8.33432e-07 3.47785e-07  -1.35298e-08 -1.58609e-08 -7.26775e-07  -1.85208e-08 -1.75509e-08 -7.57576e-07  -1.89029e-10 4.42048e-10 -2.99456e-09  -4.64692e-07 -4.06907e-07 4.14096e-07  1.02074e-07 5.3141e-08 -1.81886e-06  1.04337e-07 5.78366e-08 -1.84404e-06  -5.7415e-06 3.04202e-06 2.75119e-07  -1.07968e-08 -1.72945e-08 -1.71653e-06  6.86344e-07 -1.34152e-06 -1.90191e-06  1.37992e-06 -3.77589e-06 -2.75435e-06  1.23738e-08 4.23585e-08 -1.82511e-06  3.47832e-09 -1.46068e-09 -1.02653e-08  5.95062e-10 1.27144e-09 -1.2105e-08  -2.2259e-06 4.30877e-06 -2.66795e-06  -5.28594e-07 -9.19865e-07 -1.48216e-06  -8.71837e-09 2.69802e-08 -8.98206e-07  1.65591e-09 3.99322e-09 -8.41942e-08  1.91477e-09 4.0801e-09 -4.83583e-08  -1.86104e-08 1.09211e-08 -1.27762e-06  4.64636e-07 -2.28013e-07 -1.64993e-06  5.56356e-07 -1.80862e-07 -1.80461e-06  1.13022e-06 -3.13727e-07 -2.17881e-06  -6.88409e-09 -3.06686e-09 -1.37549e-07  5.99887e-10 3.09189e-09 -1.87485e-08  1.28766e-09 2.10587e-09 -2.32654e-08  -4.51954e-10 1.9403e-10 -4.26677e-09  1.41677e-08 1.53415e-08 -1.37536e-06  1.79069e-08 2.81168e-08 -1.51354e-06  -4.99062e-06 -1.0353e-06 9.27172e-07  -7.28514e-06 -1.13562e-06 4.05855e-07  -8.557e-07 -3.89689e-06 -2.72756e-06  -1.3354e-06 5.22874e-07 -1.89212e-06  1.84593e-09 -8.71628e-10 -1.42979e-08  -4.86348e-06 2.73594e-06 -2.46263e-06  2.32169e-10 -5.49204e-10 -3.73375e-09  2.60478e-07 -8.38165e-08 -1.78142e-06  -5.05921e-09 4.83518e-09 -1.46799e-06  2.19929e-09 -1.95979e-08 -1.34776e-06  3.70225e-06 3.1371e-06 7.84542e-07  1.63398e-06 1.80369e-06 8.11823e-07  1.14613e-06 9.47953e-07 6.80989e-07  3.31163e-09 1.21749e-08 -2.37716e-07  -5.08731e-06 -5.55956e-06 -1.39433e-06  1.25422e-06 8.35614e-06 -1.39478e-06  -1.31697e-09 1.05998e-09 -4.8195e-08  -3.78986e-09 8.62296e-10 -3.3159e-08  -2.97217e-09 1.67785e-10 -4.2761e-08  9.20018e-08 1.31354e-07 1.58816e-07  -3.68475e-06 -4.3102e-06 -2.55294e-06  -4.92703e-06 -3.07195e-06 -2.54269e-06  -1.0768e-09 1.49498e-09 -3.92977e-09  1.29213e-09 -4.33296e-09 -8.09147e-09  7.12778e-11 1.93387e-09 -7.52399e-09  -1.605e-09 1.50145e-09 -2.62383e-08  2.73543e-07 1.67028e-07 -1.92823e-06  7.58548e-07 6.02571e-07 -1.82369e-06  1.64742e-07 1.33724e-07 -1.81205e-06  1.47562e-07 1.02539e-07 -1.75998e-06  -1.44976e-06 7.33491e-06 -2.20935e-06  -3.27366e-07 6.30104e-06 6.92853e-07  -1.81014e-07 1.23767e-06 -1.96237e-06  -1.38372e-07 6.9695e-07 -1.96131e-06  -3.71569e-06 1.01297e-06 -2.76112e-06  1.0124e-06 5.73649e-06 7.01676e-07  2.296e-07 2.50186e-06 -2.39581e-06  -4.88817e-07 2.51425e-06 -2.45908e-06  4.58702e-07 2.17761e-06 6.58813e-07  2.34811e-08 -1.27559e-08 -5.52064e-07  -2.92572e-07 6.15192e-08 -1.77231e-06  1.66268e-07 -1.0839e-07 -1.86222e-06  9.38747e-08 -8.05054e-08 -1.84945e-06  3.42579e-08 -4.38287e-08 -1.79505e-06  -1.27499e-09 -3.13334e-08 -6.87046e-07  5.55836e-06 -6.33364e-06 -2.3329e-07  5.41091e-06 -5.60206e-06 -1.58228e-06  4.16412e-06 -6.46684e-06 -1.6275e-06  -4.1966e-07 -5.49067e-08 -1.54602e-06  8.513e-10 -4.6263e-10 -1.34418e-09  4.49697e-10 -9.99886e-10 -1.797e-08  1.85455e-07 -4.21816e-06 8.82981e-07  1.26077e-06 -5.35873e-06 7.22607e-07  -8.79141e-09 -3.946e-09 -1.70776e-07  1.75291e-08 -1.19889e-10 -6.0008e-07  -1.09109e-10 -4.89414e-10 -2.2696e-09  1.03301e-09 -5.632e-10 -2.6023e-09  -1.51253e-06 7.33225e-07 -2.02608e-06  6.51947e-06 -4.99701e-06 -8.88147e-07  -3.77791e-09 1.27207e-09 -7.6922e-08  -6.57151e-09 -1.39004e-08 -8.32741e-07  -8.00647e-06 3.39663e-07 1.11844e-07  -8.56857e-06 -1.38016e-06 -6.17049e-07  -5.19562e-11 -1.18455e-09 -8.9102e-09  8.88595e-10 -2.10307e-10 -2.00002e-09  2.95976e-08 9.08014e-08 -1.82166e-06  -1.3363e-06 -7.50323e-07 -1.83479e-06  -1.22548e-06 -4.59351e-07 -2.00377e-06  2.68227e-08 2.37629e-09 -1.69982e-06  -2.18749e-08 -2.67434e-08 -1.32296e-06  -1.87036e-08 -2.75059e-08 -1.1435e-06  -2.16735e-09 -7.55783e-10 -3.45819e-08  -6.33631e-10 1.40701e-09 -1.83269e-09  -6.0696e-09 2.89033e-09 -1.11283e-07  -1.351e-09 1.25887e-11 -2.55604e-09  -7.51851e-10 -5.89613e-10 -5.20431e-09  -1.79296e-08 -2.22145e-08 -1.10219e-06  -1.01018e-06 -4.56818e-07 -1.86545e-06  -1.09122e-06 -3.5962e-07 -1.56928e-06  -8.33869e-07 -1.96216e-07 -2.02262e-06  -1.3479e-06 -7.42759e-06 -2.04163e-06  -2.83553e-07 2.47322e-07 -2.28757e-06  -7.3712e-10 7.25483e-10 -3.19968e-09  8.18191e-09 -3.07531e-09 -1.36666e-07  1.2072e-08 -7.83849e-09 -1.93646e-07  5.65833e-07 1.7625e-06 -2.1228e-06  1.24463e-07 2.51048e-07 -1.80708e-06  2.19725e-07 6.8014e-08 -1.78097e-06  2.07684e-07 2.43828e-08 -1.78201e-06  3.94053e-06 -5.00387e-06 -2.43496e-06  3.86994e-09 4.0273e-09 -1.05084e-07  -9.47547e-07 1.36398e-06 -1.82707e-06  -4.79864e-07 1.3998e-06 -2.04616e-06  1.67289e-08 -4.23611e-09 -1.23856e-06  -6.05868e-10 1.28508e-09 -3.42652e-08  -5.38787e-06 4.96705e-06 -1.4753e-06  -1.69876e-06 -4.60813e-07 -2.12562e-06  -2.15539e-06 -1.49719e-07 -2.2244e-06  1.34878e-06 -2.01044e-07 -1.78288e-06  1.13756e-07 -2.65536e-07 -1.95156e-06  2.28917e-07 -3.1629e-07 -2.00797e-06  -5.07317e-09 -2.7035e-09 -8.19499e-08  -5.85292e-08 -1.03137e-08 -1.718e-06  -5.68502e-08 -2.62451e-08 -1.74669e-06  6.88953e-06 -3.57768e-06 -2.26597e-08  4.66275e-10 -2.07358e-10 -2.77664e-09  -2.76578e-10 1.17378e-09 -6.27093e-09  -4.34288e-08 -2.03776e-09 -1.68824e-06  5.8327e-07 4.33583e-07 -1.53972e-06  8.37115e-11 -1.10226e-09 -1.14505e-08  -5.9714e-10 1.19152e-09 -1.06014e-08  8.49454e-10 7.532e-11 -7.44943e-09  2.85553e-08 2.51398e-08 -1.78495e-06  1.28657e-08 4.69413e-09 -1.77295e-06  -1.74606e-09 1.12197e-09 -5.3108e-09  8.10888e-10 2.76648e-09 -4.185e-08  -2.5273e-09 5.11697e-09 -6.85687e-08  4.89964e-09 3.33069e-09 -5.11319e-08  -2.24881e-08 7.87076e-07 -1.55153e-06  -1.50484e-08 -3.25689e-09 -2.94265e-07  -1.96038e-08 -1.18223e-08 -4.78405e-07  2.71611e-06 1.47831e-06 -2.5709e-06  -2.73864e-06 -7.09053e-07 8.33336e-07  -2.59213e-09 -1.40206e-10 -1.67117e-09  -8.99903e-10 7.20322e-10 -2.39357e-09  -7.09456e-06 -4.33401e-06 -1.3285e-06  -7.47892e-06 -2.37622e-06 -2.0747e-06  4.98307e-09 1.04969e-09 -2.03468e-08  -1.5427e-09 3.06932e-09 -2.17039e-08  -1.68881e-07 -2.02905e-07 -1.73345e-06  -2.59117e-07 -2.06147e-07 -1.73682e-06  2.80261e-06 7.36257e-06 -1.9446e-06  -7.41907e-10 4.37558e-09 -4.22776e-08  1.97562e-06 8.14176e-06 -1.01808e-09  -2.00184e-08 -7.57723e-08 -1.81117e-06  -1.52173e-08 1.01898e-09 -3.19922e-07  -6.68922e-09 8.64986e-10 -1.00996e-07  -1.25871e-07 -6.70181e-08 -1.80199e-06  1.04189e-06 5.13547e-08 -1.90869e-06  5.19781e-10 -7.1973e-10 -1.76073e-08  -4.84356e-06 -1.83416e-06 9.85129e-07  -1.42363e-10 -1.64035e-09 -3.88417e-09  -3.3616e-08 1.89266e-08 -1.10723e-06  -3.10777e-08 1.87322e-08 -8.88394e-07  -8.43087e-06 -3.11035e-06 1.02407e-07  2.87711e-08 3.3571e-08 -1.69775e-06  -9.16316e-09 -2.05732e-09 -2.80359e-07  -4.11265e-10 -1.86632e-09 -1.62201e-08  4.70311e-09 -2.26455e-09 -1.1345e-07  7.7902e-09 -4.78785e-09 -1.69034e-07  1.77282e-09 4.99136e-09 -1.17606e-07  6.75588e-10 -9.26501e-10 -1.38886e-09  -6.13161e-08 9.67219e-09 -1.64185e-06  1.67977e-09 9.13461e-10 -5.77679e-09  5.5538e-09 -2.69057e-09 -8.69848e-08  3.49375e-07 4.96962e-06 -2.69956e-06  1.38006e-06 5.74877e-06 -2.54931e-06  -1.25679e-07 5.11578e-07 -1.98943e-06  -4.9907e-07 1.35657e-06 -2.08415e-06  -3.19286e-06 6.05491e-06 3.77608e-07  1.75055e-09 3.44037e-12 -1.81916e-09  6.98236e-06 2.79036e-06 -3.7645e-08  6.00606e-08 9.63589e-07 -1.98524e-06  3.95331e-08 1.3947e-06 -1.57397e-06  2.1508e-07 -1.47671e-07 -1.84121e-06  -1.18029e-10 1.72492e-09 -1.01699e-08  1.47516e-08 8.15214e-09 -1.72955e-06  2.41294e-10 -2.00363e-09 -4.09467e-09  -5.30694e-09 6.21938e-09 -1.87299e-07  -3.75379e-09 8.66358e-09 -1.94521e-07  -1.49397e-07 1.07181e-07 -1.98364e-06  -6.54275e-07 9.93211e-07 -1.85455e-06  1.22011e-06 -6.81156e-07 -1.86675e-06  3.73243e-09 -2.66128e-08 -7.53332e-07  6.33361e-07 -2.45319e-07 -2.07382e-06  -2.39796e-07 -1.89969e-06 -2.18391e-06  -2.04571e-07 1.25587e-06 -1.68952e-06  2.40608e-07 1.33606e-06 -1.58987e-06  1.03919e-06 -1.48915e-07 -1.64573e-06  -3.02932e-09 -4.99498e-08 -1.79309e-06  -1.00356e-09 -6.30681e-10 -9.09126e-09  2.53543e-07 -1.54512e-07 -1.76686e-06  2.44129e-11 -5.77109e-10 -2.96188e-09  -2.97332e-07 -6.35925e-09 -1.7834e-06  1.09002e-09 -1.53014e-09 -4.93499e-09  1.39221e-09 -1.73909e-09 -5.35392e-08  4.70296e-07 6.29097e-07 5.26233e-07  -6.00546e-09 -3.20938e-09 -9.42463e-08  -1.22319e-09 1.12873e-08 -1.66327e-06  7.49439e-10 1.05595e-09 -3.90979e-09  -1.70192e-07 -7.81192e-08 -1.81529e-06  -1.77324e-07 -1.0589e-07 -1.8216e-06  -4.94944e-09 2.64411e-09 -8.9655e-08  2.01714e-07 -3.91652e-08 -1.82775e-06  2.59149e-07 -1.3355e-07 -1.84903e-06  2.12218e-07 9.23003e-07 -1.98376e-06  7.78458e-09 -1.09538e-08 -6.98805e-07  1.48802e-08 -3.12544e-08 -9.23032e-07  -2.65348e-08 -2.98215e-09 -1.64872e-06  -2.55431e-07 5.73207e-07 -1.52553e-06  1.50914e-07 1.37788e-06 -1.93179e-06  -1.87006e-08 -4.55838e-09 -6.8343e-07  -4.09201e-10 2.82254e-09 -3.12046e-08  2.57372e-10 2.77656e-09 -2.84591e-08  -3.79674e-11 3.49448e-10 -2.02571e-08  1.10213e-06 1.71306e-06 7.7847e-07  6.98991e-07 1.04282e-06 6.80246e-07  -1.21737e-09 -9.29303e-10 -1.38074e-08  7.76069e-10 1.27757e-09 -2.02942e-08  -1.04706e-08 7.29238e-09 -6.92825e-07  -5.57444e-10 2.65261e-08 -5.54457e-07  -1.66769e-10 -1.92663e-08 -4.00215e-07  1.30522e-09 3.2511e-10 -3.59717e-09  5.10313e-10 3.82088e-10 -2.59619e-08  -6.76837e-10 -6.90332e-10 -8.98003e-09  -2.35839e-08 -9.31123e-08 -1.8155e-06  -3.33221e-10 -1.61022e-09 -2.57123e-08  -1.74175e-09 -4.80186e-10 -3.20451e-08  -2.08273e-08 -5.01086e-10 -6.25575e-07  -8.85934e-09 7.40905e-09 -8.54055e-07  8.72503e-11 5.56004e-10 -1.25571e-08  2.77845e-08 4.66491e-08 -1.74778e-06  4.39583e-08 6.30623e-08 -1.70779e-06  -9.61414e-07 3.47951e-07 -1.82802e-06  -2.24933e-08 -1.04599e-07 -1.82098e-06  -4.69384e-09 -7.11335e-09 -1.66689e-07  -4.37738e-09 -2.45265e-08 -1.52081e-06  2.46876e-09 -3.71185e-08 -1.70979e-06  -4.2853e-10 3.99522e-10 -9.42599e-09  -8.98092e-10 -1.22766e-09 -1.41162e-08  -5.92629e-11 -4.58238e-09 -5.99046e-09  -6.5585e-10 -6.46066e-09 -7.51987e-08  1.41112e-06 -1.65813e-08 -2.09166e-06  -1.78706e-07 -1.15705e-07 -1.66857e-06  3.34526e-10 -8.82327e-10 -6.3255e-09  -1.25133e-07 -3.63647e-09 -1.89972e-06  -1.81889e-07 2.71807e-08 -1.91184e-06  6.36452e-09 -7.9741e-09 -1.33178e-06  -1.28265e-09 -1.25668e-09 -2.61826e-08  -6.46795e-08 -2.26519e-07 -1.74918e-06  -7.55976e-08 -1.71573e-07 -1.80479e-06  -4.92359e-06 1.63951e-07 -2.68383e-06  -2.51997e-08 1.48066e-08 -8.84892e-07  -1.24011e-08 -8.23457e-09 -3.96693e-07  -9.27571e-09 5.99963e-09 -1.59319e-07  -5.04614e-10 -2.52032e-08 -9.33943e-07  -1.62356e-08 1.69741e-08 -7.71308e-07  8.29711e-07 1.53033e-06 -1.83991e-06  3.07443e-08 -1.18146e-09 -1.41325e-06  -8.09348e-07 2.02754e-07 -2.08984e-06  2.76015e-08 5.22856e-08 -1.83382e-06  1.51021e-07 4.6892e-08 -1.84931e-06  -6.5569e-06 1.70714e-06 2.91944e-07  6.45581e-07 8.6811e-08 -2.0417e-06  -1.70566e-09 -3.78095e-09 -4.89053e-08  -5.00459e-10 -4.10444e-10 -1.61686e-08  3.02478e-10 1.52077e-10 -2.48345e-09  4.7706e-09 -2.26858e-09 -4.5593e-08  2.44544e-08 -8.71715e-10 -1.40602e-06  4.2282e-06 -7.33044e-07 7.91842e-07  3.69206e-08 -3.77733e-10 -1.7816e-06  -7.77893e-09 -1.88697e-08 -1.40569e-06  2.79997e-07 -5.54383e-07 4.53771e-07  -9.3441e-09 6.93877e-09 -2.34122e-07  -1.98694e-09 -1.61376e-08 -4.28265e-07  -1.14603e-09 2.68505e-10 -1.18171e-08  1.22003e-09 -2.23092e-09 -6.96043e-09  1.09856e-06 6.79187e-07 -2.05074e-06  1.68089e-06 5.48419e-07 -2.00593e-06  -9.30537e-08 -1.00067e-07 -1.67341e-06  -3.81632e-07 -2.41461e-07 -1.98177e-06  -7.92568e-09 -4.84708e-09 -1.3385e-07  1.11904e-09 2.08004e-09 -6.41199e-09  2.1342e-09 -6.33249e-10 -2.28439e-08  -1.38789e-10 1.63198e-11 -1.65033e-08  2.25597e-08 -7.65628e-10 -1.37163e-06  5.5812e-09 2.34381e-09 -1.5178e-06  1.43021e-08 -5.91937e-09 -1.2228e-06  -3.3708e-08 1.04083e-08 -1.54114e-06  6.53325e-07 -9.41539e-07 -2.1738e-06  4.60406e-06 -2.53897e-06 8.21323e-07  -6.06226e-08 -3.81044e-08 -1.78807e-06  6.39593e-11 3.28205e-10 -3.34675e-08  -1.69289e-06 7.72819e-06 2.10296e-08  1.72292e-08 1.6658e-08 -1.1384e-06  -6.94179e-09 -4.99159e-09 -9.55447e-07  -9.48479e-09 -6.50557e-10 -1.64452e-06  5.56456e-09 3.46685e-09 -1.3035e-06  -1.16728e-06 -2.20755e-07 -1.89991e-06  1.68939e-10 4.8723e-09 -1.08665e-07  -1.91373e-06 -1.26712e-06 -2.38479e-06  -3.52924e-06 -6.29213e-06 -1.84281e-06  -8.13989e-09 4.45534e-09 -2.43652e-07  4.88842e-08 -4.4589e-09 -1.68251e-06  5.57343e-06 5.32098e-06 2.27161e-07  -2.1973e-08 2.29059e-09 -4.94665e-07  -1.7974e-09 -2.62914e-09 -9.35386e-08  -4.19596e-07 1.44833e-06 -1.78452e-06  7.12933e-09 1.02207e-08 -4.0173e-07  1.20291e-08 9.53133e-09 -3.80333e-07  4.66157e-08 4.57142e-08 -1.82253e-06  1.29989e-06 2.5425e-07 -1.91888e-06  2.49129e-06 3.87322e-07 -2.47746e-06  1.84186e-06 7.77944e-07 -1.951e-06  5.12577e-09 -1.03659e-08 -2.36254e-07  2.39877e-06 -4.9372e-06 7.20757e-07  3.32465e-06 -7.23523e-06 -4.98014e-08  1.03676e-08 3.78925e-08 -1.68553e-06  -4.31474e-07 -3.33635e-07 -1.55391e-06  -1.48051e-08 8.88078e-09 -3.63538e-07  -1.93426e-08 1.13152e-08 -5.36171e-07  3.20776e-08 3.86619e-08 -1.74322e-06  -8.11134e-07 1.32481e-06 -2.21636e-06  -1.77631e-06 -2.54028e-06 -2.69607e-06  1.01633e-08 -7.19789e-09 -2.29838e-07  1.39479e-09 1.35389e-09 -4.73248e-09  2.11769e-07 -6.68599e-07 -1.91714e-06  8.90504e-09 -6.22441e-09 -3.90658e-07  7.41634e-09 -1.19085e-08 -3.24904e-07  -2.34265e-08 1.09396e-08 -1.31139e-06  7.09743e-06 -2.86278e-07 -2.04723e-06  6.74474e-06 -1.727e-06 -1.93095e-06  2.24948e-09 4.74292e-10 -7.09423e-08  1.90381e-09 -1.765e-08 -5.82616e-07  -1.43174e-09 -1.87862e-09 -8.73716e-09  -8.86079e-07 -8.20156e-06 1.59872e-07  -6.63392e-10 5.21748e-10 -5.02185e-09  2.42111e-07 -5.3892e-07 -1.88254e-06  -2.90132e-06 -5.3127e-06 6.26518e-07  -2.42218e-08 -1.80712e-08 -1.37597e-06  -1.18474e-08 -1.32769e-08 -1.18823e-06  -3.49267e-10 7.45956e-10 -7.84158e-09  1.56633e-07 1.70537e-08 -1.8041e-06  7.79823e-08 -2.37768e-08 -1.84752e-06  -4.55294e-09 8.44656e-09 -4.76823e-07  1.64017e-09 1.13094e-08 -1.67006e-06  -2.24666e-09 2.78313e-09 -1.9192e-08  2.21928e-07 -8.81022e-08 -1.72647e-06  3.41121e-08 7.97988e-08 -1.66985e-06  -1.12478e-06 -4.93271e-07 6.77684e-07  2.89784e-09 -1.13513e-08 -2.2217e-07  -3.72306e-07 -8.86536e-08 -2.04129e-06  1.97955e-08 -3.5261e-09 -4.74781e-07  6.45651e-08 3.37559e-08 -1.79017e-06  -1.77203e-08 5.44524e-08 -1.85194e-06  -1.13992e-08 9.08006e-08 -1.75573e-06  3.01305e-07 -9.43225e-07 -1.53813e-06  1.09656e-06 -1.41519e-06 -2.32008e-06  4.11166e-06 -3.25625e-06 -2.56289e-06  -4.31969e-10 1.41589e-09 -6.22283e-09  7.94993e-09 -9.53179e-09 -4.72506e-07  4.13633e-07 -1.23024e-06 -2.04373e-06  -7.08829e-10 -1.62672e-09 -3.44099e-08  7.15423e-08 7.76232e-08 -1.83775e-06  -1.49926e-08 -3.16067e-08 -8.0003e-07  -1.1031e-08 4.26022e-10 -3.07983e-07  1.40847e-08 -3.4548e-08 -9.92772e-07  -1.7269e-07 3.95389e-07 -2.069e-06  -6.77646e-08 6.02651e-07 -2.07273e-06  -9.18748e-09 -8.09222e-09 -1.51329e-06  9.28507e-09 2.2271e-09 -1.82755e-07  9.57462e-08 -1.68996e-07 -1.84177e-06  -3.823e-06 -6.55818e-07 -2.62207e-06  -6.12188e-07 4.5169e-07 -2.05823e-06  1.70492e-09 -3.55454e-09 -4.81831e-08  -2.89498e-09 2.27946e-08 -4.41197e-07  -4.55814e-09 1.40796e-08 -2.88128e-07  1.2998e-07 -1.46543e-07 -1.72952e-06  -2.53471e-10 -3.28975e-09 -4.96594e-08  -1.79855e-09 -1.57718e-09 -5.70684e-09  -1.30268e-09 9.25231e-10 -7.59832e-09  7.93289e-08 2.17808e-07 -1.72154e-06  5.04552e-09 1.32421e-08 -4.42476e-07  -6.83312e-11 1.39529e-08 -4.41525e-07  3.48304e-09 -1.87372e-09 -7.29667e-08  -9.00234e-10 2.31961e-09 -2.53062e-08  4.33607e-06 1.17342e-06 -2.56668e-06  2.42692e-06 -8.2885e-07 -2.47841e-06  -7.65983e-09 2.59325e-09 -1.40615e-07  -7.43307e-09 5.94824e-10 -1.85993e-07  -7.95834e-09 6.91036e-10 -1.26231e-07  2.40175e-10 1.18664e-09 -1.68221e-08  4.94045e-06 2.70948e-06 -2.48216e-06  3.27065e-08 -1.45013e-07 -1.6992e-06  -9.04208e-08 -3.50135e-06 -2.62053e-06  2.94199e-08 -1.2053e-09 -1.32003e-06  9.96783e-08 2.19858e-09 -1.85555e-06  6.40966e-07 -9.16458e-07 -1.6136e-06  -7.2468e-07 -7.23445e-07 -1.88806e-06  -1.91347e-09 -7.28907e-09 -6.56055e-09  -2.07171e-09 3.53676e-10 -1.02636e-08  -7.40698e-08 1.61632e-07 -1.69585e-06  -1.39977e-08 9.57707e-09 -3.72629e-07  1.24728e-07 1.7788e-07 -1.8148e-06  5.66549e-09 -1.90187e-08 -3.68044e-07  -2.93282e-09 -1.63048e-08 -3.03181e-07  7.83735e-08 -5.65278e-08 -1.84121e-06  -2.24571e-09 -3.89671e-10 -5.57194e-08  -2.09093e-08 -2.45847e-08 -1.54519e-06  3.80624e-08 -1.68707e-06 -2.18946e-06  -1.35434e-06 1.08146e-06 -1.88118e-06  1.29527e-09 -4.72492e-10 -6.87375e-09  3.97146e-07 9.4122e-08 -1.98051e-06  7.11529e-09 1.52851e-07 -1.87007e-06  -1.24394e-09 -4.57258e-10 -2.51686e-08  -2.39392e-07 -6.40222e-08 -1.81754e-06  2.64391e-09 1.05469e-08 -1.62348e-07  -2.35583e-08 -3.04862e-08 -9.25443e-07  -2.48736e-08 -1.11853e-08 -1.77034e-06  2.18348e-09 1.94724e-08 -5.72818e-07  -3.25575e-08 9.19433e-09 -1.5155e-06  -4.53003e-08 4.67515e-09 -1.61098e-06  1.23953e-07 6.3057e-07 -1.61418e-06  -2.3885e-09 -1.21591e-09 -5.63539e-08  -4.14756e-09 2.10019e-09 -5.72471e-08  7.45148e-10 2.77349e-09 -3.00313e-08  1.07419e-09 8.8042e-10 -3.03482e-08  -1.9658e-09 7.23947e-10 -4.41982e-08  2.12654e-07 8.49883e-08 -1.80623e-06  8.48334e-10 -2.5241e-08 -1.64902e-06  7.67717e-09 -8.5845e-09 -1.58266e-06  5.83592e-11 -5.26566e-10 -1.25511e-08  2.23837e-06 -1.65626e-06 -2.53307e-06  2.6254e-09 -7.19808e-10 -8.62116e-09  -3.83818e-09 -3.55884e-08 -1.65003e-06  -3.24383e-09 5.79501e-09 -8.99237e-08  -1.06423e-09 1.60195e-08 -3.20016e-07  5.71892e-08 4.85928e-09 -1.57054e-06  -5.16409e-06 4.84009e-06 -2.79089e-08  -1.41409e-08 4.58355e-09 -4.057e-07  4.12158e-09 -1.64295e-09 -5.88392e-08  -7.57442e-07 5.53635e-08 -2.01806e-06  -7.74288e-08 -1.13482e-07 -1.70301e-06  1.00458e-06 -4.35399e-07 -1.70506e-06  -3.82374e-09 -9.65024e-09 -2.84676e-07  1.03964e-07 3.66878e-08 -1.8914e-06  -7.53082e-09 -9.40798e-11 -1.71885e-07  -1.05974e-08 -3.42701e-09 -1.95769e-07  -8.6226e-10 -1.40795e-09 -7.44156e-09  -1.51194e-08 -7.77961e-10 -2.42147e-07  1.62827e-08 1.83657e-08 -1.52905e-06  -1.6808e-11 -5.01504e-09 -6.71808e-08  2.64241e-10 1.63819e-09 -7.87646e-09  4.84836e-06 -2.22196e-06 -2.45114e-06  4.27167e-07 -8.80448e-07 -1.89894e-06  2.31824e-10 1.85302e-09 -3.28045e-08  -1.76248e-07 -1.60412e-06 -1.87597e-06  -3.20581e-08 1.3476e-08 -1.12371e-06  -2.36954e-08 1.869e-08 -1.19587e-06  7.7956e-09 1.04196e-08 -1.46365e-06  1.1031e-09 1.62336e-09 -1.50411e-08  3.71436e-06 -3.74923e-07 -2.63671e-06  1.90501e-06 -2.0805e-07 -2.36204e-06  2.00043e-07 -1.86837e-07 -1.80015e-06  7.8706e-07 -2.55082e-07 4.11769e-07  2.61683e-06 -5.6145e-06 -2.43568e-06  2.05245e-08 -3.32642e-08 -1.08701e-06  -7.54477e-07 7.26108e-07 -1.97513e-06  1.25879e-07 5.54266e-08 -1.8218e-06  6.24124e-10 -1.73493e-09 -1.10893e-08  -8.42214e-09 -1.54376e-08 -1.565e-06  -2.57569e-07 -1.28387e-07 -1.77702e-06  -1.38389e-08 4.64874e-09 -1.44013e-06  7.3356e-11 1.00106e-09 -3.72183e-08  -2.60855e-09 6.61464e-09 -1.06326e-06  2.78797e-09 9.57061e-09 -1.72632e-07  -1.92118e-08 1.40336e-08 -8.7379e-07  7.05498e-08 -1.48477e-06 -1.89276e-06  9.18933e-09 2.42097e-08 -7.83513e-07  1.43592e-07 -2.25195e-07 -1.77508e-06  1.77841e-06 3.46232e-07 -1.89407e-06  2.30106e-09 -1.46443e-08 -3.017e-07  1.96042e-08 -4.46604e-08 -1.11869e-06  -1.78027e-07 1.75768e-07 -1.75594e-06  -3.35872e-09 -8.20759e-10 -8.43697e-09  -4.24144e-09 -6.09259e-08 -1.84956e-06  -1.66178e-08 -2.11985e-08 -9.60863e-07  
            </DataArray>
            <DataArray type="Float64" Name="Force" NumberOfComponents="3" format="ascii">
               0 0 0  -9.35969e-08 -4.02222e-08 3.2851e-09  1.31749e-05 -3.66187e-05 4.79455e-08  9.38079e-06 -2.20893e-05 4.77615e-08  -2.21997e-07 -8.57687e-07 1.31718e-08  -1.79698e-07 -3.90146e-07 -5.8785e-09  0.000149102 -0.000561089 -2.38886e-05  1.68336e-06 -1.60473e-05 4.50604e-08  -2.4663e-06 -1.29369e-05 -1.44217e-07  -9.19453e-07 -1.5558e-05 -4.48542e-08  2.10049e-07 5.2298e-07 -7.94483e-09  0.000898127 -0.000720311 -4.01877e-05  0.00162674 -0.000138269 -3.207e-05  0.000212865 0.000587468 1.01687e-05  0.000258272 0.000453127 3.219e-06  0.000459559 0.000607539 9.90913e-06  -3.84941e-07 -4.97325e-07 1.9087e-08  0.000402996 -0.000437485 1.04989e-05  8.50307e-09 1.5313e-06 -2.68394e-09  7.9295e-07 3.79607e-06 -5.73309e-09  -2.68003e-07 5.48901e-06 8.23303e-08  0 0 0  0.00113931 0.000551481 -1.93292e-05  3.28867e-07 -4.83317e-07 -2.5048e-09  -3.21372e-08 -3.66846e-07 -2.31195e-09  -4.52149e-07 -1.28863e-07 -5.87285e-09  2.16152e-07 -4.78937e-08 -4.8014e-09  0 0 0  2.49994e-07 -2.63921e-07 -1.02906e-08  1.04803e-07 -9.00923e-08 4.48495e-09  0.000914448 0.000866137 -3.43574e-06  0.00106737 0.000778414 -4.14228e-05  -9.78121e-07 -2.44527e-06 3.26671e-08  0 0 0  -0.000261139 0.000541953 1.21161e-05  -0.000489845 0.000999292 -3.89945e-05  1.0545e-07 -5.86267e-08 3.72051e-09  7.35719e-07 -1.05715e-06 -1.52869e-09  0.00195216 8.5486e-05 1.80308e-05  0.00105821 0.000159607 2.86526e-05  0.00104466 -0.000158187 2.97699e-05  -0.000335048 -0.00113435 -3.3405e-05  -0.000178561 -0.00112722 -4.3613e-05  9.86795e-07 -9.32441e-07 -4.77202e-09  3.26576e-06 -3.50917e-06 7.40155e-08  0 0 0  -3.66635e-05 5.06029e-05 5.10521e-07  -9.57086e-05 8.24135e-05 1.19343e-06  -0.000373029 0.00115704 -1.47608e-06  0 0 0  0.00033504 0.000545703 1.08385e-05  -0.000763304 -0.000869964 -2.01511e-05  -0.000583932 -0.00101488 -3.65947e-05  0.000489857 0.000443057 -1.72668e-05  0 0 0  0.00106099 0.000863774 -9.46239e-06  0.00026861 0.000555542 -2.56199e-05  0.00124008 0.000581296 -3.58284e-05  -0.0021239 0.00078335 -4.29872e-05  -0.000499013 0.000285144 9.683e-07  -0.00105509 0.00037683 -2.56501e-05  9.00809e-08 -4.91927e-07 -5.50911e-09  0 0 0  -0.000480438 -0.00110826 -2.6174e-05  0.000610686 -5.67471e-05 -2.77544e-05  0 0 0  -2.13954e-05 4.43126e-06 3.65903e-07  -1.22382e-05 -2.72069e-06 1.65477e-08  -1.80715e-05 -1.35753e-06 1.9671e-07  0.000442262 0.000456521 -4.18225e-05  -3.47207e-06 -4.74166e-05 3.25427e-07  -3.81055e-06 -0.000168296 7.68006e-07  -0.00076929 -0.000881258 1.77449e-07  0 0 0  -1.05303e-07 1.10769e-07 4.99872e-09  0.00302196 3.14526e-05 -9.14458e-05  -0.000226092 -0.00117157 -4.29023e-06  -3.63846e-07 -2.18978e-05 1.16763e-07  2.66362e-06 -1.42043e-05 7.40009e-08  9.53525e-06 -1.13923e-05 -3.70556e-08  8.74758e-06 -7.37243e-06 1.18954e-08  0 0 0  6.27718e-07 -1.45315e-06 -2.5055e-09  3.07374e-07 -1.47326e-06 -1.9382e-09  -3.99656e-05 -0.00058897 9.10598e-06  7.70136e-07 6.25254e-07 -2.99692e-08  2.60401e-06 2.61036e-06 9.18829e-10  0 0 0  4.4784e-07 -1.7943e-07 -6.02732e-09  -3.67744e-08 4.76185e-07 -5.91058e-09  2.26626e-05 -5.33829e-05 4.74807e-07  3.53703e-05 -4.16515e-05 4.66929e-07  -2.74155e-05 -1.45011e-05 1.44062e-07  4.65256e-05 0.000110692 7.37544e-07  0.000102735 0.000163743 7.21303e-07  3.6551e-05 5.25655e-05 4.36629e-07  0 0 0  -7.46225e-05 4.06489e-05 6.5854e-07  -6.92798e-05 3.73269e-05 7.39298e-07  -7.94889e-05 1.93341e-05 5.09796e-07  -1.25196e-07 4.32545e-07 -4.82916e-09  -4.91472e-07 6.33872e-08 -6.22352e-09  0.00057829 -0.00267144 5.02578e-06  0.00126498 -0.0019114 -6.43807e-06  0.000423525 -0.0010162 -1.95319e-05  0.000238398 9.92844e-05 1.47488e-06  0.000301992 6.53071e-05 1.88739e-06  0 0 0  -7.16051e-08 3.07488e-08 2.51996e-09  0.00127702 -0.000384994 -2.38468e-05  -0.00218914 -0.000804376 -5.6995e-05  0 0 0  0.00254691 -0.000967635 -5.7511e-05  0.00155925 -0.000871071 -2.78079e-05  0.00145395 -0.00105996 -2.13596e-05  -0.00174642 -0.000251281 -4.3621e-05  -0.00043225 -0.000379084 1.46922e-05  -4.29032e-06 -2.3789e-06 -5.13283e-08  -1.51667e-07 -1.4352e-06 -2.61266e-09  5.21457e-09 -1.03563e-07 3.36631e-09  -2.37214e-07 -3.06363e-07 -1.11111e-08  -7.84718e-08 -8.23899e-08 3.63814e-09  -0.000446593 0.000393999 1.37797e-05  -0.000401534 0.00042312 -1.62286e-05  0 0 0  0.000490742 -0.000215007 2.5603e-06  0.0010246 -0.000645899 -2.605e-05  5.54084e-08 3.58257e-07 -1.02625e-08  -0.000526986 0.00158911 -5.12763e-05  -0.000539553 0.00156306 4.40031e-06  -0.000255201 0.0016892 -2.08262e-06  2.50057e-05 -4.71149e-05 4.86826e-07  3.45329e-05 -3.72106e-05 5.8745e-07  -0.000433615 0.000516581 1.70712e-05  -0.000783422 0.00109824 4.48269e-05  -0.000396709 0.000872256 2.59766e-05  0.000363698 -0.000470516 -2.15582e-05  0.00116123 -0.000560781 -1.01037e-05  0.000466748 -0.00110124 -2.63417e-05  0.000197459 -0.000548133 -4.18198e-05  -0.000360955 -0.00109948 2.04096e-05  0.00013835 0.000561324 -1.1143e-05  1.68263e-07 -1.7163e-08 5.82521e-09  0.000221509 -0.00114015 -2.82759e-05  0.000448835 -0.00101137 -3.095e-05  0.000117152 -0.00116822 -1.7267e-05  -2.23464e-07 3.07798e-07 -3.77299e-09  -0.000580751 7.12869e-05 1.1315e-05  -0.00115384 0.000291428 -2.35274e-07  1.23115e-06 4.29347e-07 -1.68683e-09  3.4284e-07 1.66835e-07 9.28212e-10  0.000887297 0.00157713 4.01318e-05  0.000415321 0.000830188 -2.41649e-06  0.000863473 0.00102425 -1.07068e-05  7.03684e-07 -4.88361e-07 1.21062e-08  -1.25104e-07 8.21988e-07 -2.40548e-08  -6.01865e-05 -0.00112298 -3.21919e-05  0.000282957 -0.00159655 -8.20154e-05  2.08268e-05 -2.28754e-05 1.23577e-08  -1.32769e-06 -8.52549e-06 3.31752e-09  0.0010267 -0.00129812 -7.35303e-05  3.54121e-06 -2.91329e-06 -3.11243e-08  -0.000484183 -0.00145746 2.51283e-05  0 0 0  0.000621713 0.00018484 -1.8524e-05  3.51282e-08 1.3602e-07 4.52404e-09  2.35174e-07 6.27353e-07 2.04309e-08  -8.70194e-05 0.000595622 -2.41554e-05  -1.46576e-06 -2.32733e-07 -3.62732e-09  -6.74832e-07 -2.11794e-07 2.12333e-08  3.61053e-06 1.92637e-06 9.11348e-08  3.12306e-06 1.24658e-06 -9.20716e-10  1.09426e-05 2.29963e-06 5.81471e-08  -4.2016e-07 -6.74086e-07 -2.31488e-08  3.08683e-05 0.000598596 -2.57821e-05  0 0 0  0 0 0  0.000331135 -0.000519875 8.57389e-06  -0.000326722 2.67009e-05 4.31013e-06  -0.000406694 -7.12481e-05 -3.79012e-06  -0.000599397 3.2097e-05 1.75776e-06  0.000263808 -0.000372658 6.00833e-06  0.000199085 -0.00031902 4.02885e-06  -0.00172094 7.76073e-05 -7.06096e-05  -1.04164e-06 4.46959e-07 3.42765e-08  2.93985e-06 4.15404e-06 6.44021e-08  -3.30121e-05 3.76495e-05 5.08442e-07  -3.14032e-05 4.29811e-05 4.98576e-07  -8.03454e-05 -0.000366903 2.32865e-06  -0.000186787 -0.000335864 2.2745e-06  2.4033e-05 -1.37569e-05 1.12692e-07  0.000399735 0.00113113 -3.13858e-05  2.41951e-06 4.43257e-07 9.27494e-10  -0.000530814 0.000231921 -6.8327e-06  0.000676976 0.000198735 -1.55746e-05  0.000907526 6.84521e-05 -3.27346e-05  -3.17432e-05 2.00236e-05 2.8705e-07  -1.46283e-05 1.3326e-05 1.07803e-07  -1.45447e-06 6.88716e-08 -1.79269e-09  -3.49242e-06 3.5368e-07 3.1e-08  -1.30968e-05 1.65663e-05 1.83593e-08  1.19303e-06 -9.79888e-08 -5.00703e-09  3.90559e-07 -8.96912e-08 6.0756e-09  0.00124432 -0.000377289 -2.56836e-05  -2.01412e-07 1.72873e-07 -7.56909e-09  -0.000996089 -0.00201104 -5.2986e-05  -0.000479716 -0.00162004 -2.27766e-05  -0.000457092 -0.00218047 -6.27789e-06  1.52285e-05 -7.72209e-06 7.13255e-09  8.92934e-06 -2.36142e-06 4.93277e-09  1.30451e-05 -5.98207e-06 3.73585e-10  0.000145456 0.000566579 -1.75456e-05  1.55157e-05 -1.21269e-05 5.10242e-08  2.40724e-05 -9.88372e-06 7.77521e-08  6.40624e-06 -1.69855e-06 4.93828e-09  1.04186e-05 3.0735e-09 5.13241e-09  1.49116e-05 -3.39372e-06 5.16307e-09  5.33712e-05 -3.17543e-05 4.77551e-07  0.000118438 0.00170104 -8.51235e-06  2.28252e-06 6.21954e-06 -8.06674e-08  2.66265e-06 3.99374e-06 8.59985e-09  7.82203e-07 1.40213e-06 -3.52087e-09  2.61943e-07 -1.01443e-06 3.08118e-08  1.30439e-07 -3.20545e-07 -3.15632e-09  -1.27241e-06 2.1619e-06 3.14269e-08  -2.22367e-06 4.13232e-06 -4.05295e-08  -8.41616e-07 2.47304e-06 3.17334e-08  -0.00110823 0.000280159 -6.10431e-05  -5.55508e-07 -3.08352e-07 1.92133e-08  -0.000291396 0.000358496 5.32629e-06  -0.000377915 0.000398818 8.0485e-06  -0.000354434 0.000298518 6.44048e-07  -2.39414e-05 -2.83043e-05 1.71437e-07  -1.37797e-05 -2.45537e-05 1.16541e-07  -1.28886e-05 -3.51253e-05 1.82636e-07  -2.12161e-07 6.6624e-08 -6.32391e-09  -8.76623e-05 -0.000228595 8.18611e-07  6.32847e-09 1.25102e-07 4.00868e-09  0.000242218 0.000505253 -4.59937e-05  0.000314798 0.00105467 -6.10767e-05  4.90804e-07 1.32801e-07 7.3983e-10  5.22954e-07 5.39321e-07 2.11009e-08  -3.50603e-06 -2.17755e-06 -2.68459e-09  0 0 0  -0.000813779 0.00027098 2.41301e-05  1.52901e-06 8.8761e-07 -6.24682e-09  2.29893e-07 1.57038e-07 -6.95954e-09  9.06282e-07 -2.15291e-06 -4.27781e-09  1.43742e-06 -6.88837e-07 -1.53505e-08  0 0 0  1.33331e-06 -3.79191e-07 8.56462e-09  1.0104e-07 8.6567e-08 4.00504e-09  1.24811e-05 1.20926e-05 -2.4959e-08  1.00396e-05 7.43421e-06 1.70743e-08  9.588e-06 7.53632e-06 1.152e-08  0.000454365 -0.000390319 -2.84375e-05  -4.63214e-07 -3.40268e-08 -5.39431e-09  3.24154e-06 2.20334e-06 -4.35472e-08  -2.7128e-06 -5.55845e-06 -9.02202e-08  -0.00050431 0.000261209 1.59018e-05  -0.000362972 8.42963e-05 6.76976e-06  -0.000462226 0.000251697 -4.52308e-07  -6.43693e-08 -1.03307e-07 3.93809e-09  -1.60504e-05 -1.12448e-05 3.16936e-08  -2.01488e-05 -8.18766e-06 -1.26504e-07  3.52192e-05 -0.000558645 -4.01447e-05  0.000146071 -0.000449572 1.97036e-06  -9.2113e-06 2.16948e-05 5.05336e-08  -0.000745235 -0.00150564 -8.02372e-05  1.02713e-05 7.22634e-06 1.12143e-08  1.15617e-05 6.24115e-06 5.07416e-09  1.75396e-07 1.81122e-07 -6.80529e-09  -0.00107677 0.000535302 -2.00812e-05  -0.000479752 0.000332936 -2.63747e-05  -6.4463e-06 2.02721e-06 6.34079e-08  -5.071e-06 2.16528e-09 4.61995e-08  -0.00148727 -0.000921228 -3.76044e-05  -0.000437255 -0.000383231 -2.23446e-05  -0.00138074 -0.000916223 -4.40927e-05  0.000551291 -0.000909259 -4.67148e-05  0.000685879 0.00020941 -1.23786e-05  -1.62621e-06 4.15088e-07 -2.82987e-09  -0.00110021 0.000195219 -1.31572e-05  -0.0018122 0.0012667 2.85353e-05  -1.88896e-05 2.7547e-06 -7.50314e-08  -0.000191072 -0.000243833 1.41507e-06  -0.00018562 -0.000137437 4.36322e-07  -0.000121482 -0.000125176 1.06074e-06  0 0 0  0.000185785 0.00113436 -2.52922e-05  6.09243e-07 -1.8145e-05 2.41864e-08  0 0 0  -1.2402e-05 1.54247e-05 9.66466e-08  0.000119406 6.19313e-05 7.32963e-07  8.19034e-05 4.70966e-05 3.31003e-07  0.000587737 0.000180605 -1.11746e-05  -0.000305488 -0.000496402 -2.71873e-05  -2.03051e-05 3.21177e-05 1.22811e-07  4.87133e-07 -4.33992e-06 -3.46133e-08  3.61133e-05 -0.00057885 6.10938e-06  -0.00151114 0.000204021 2.85473e-05  -0.00104266 -0.000162288 3.69056e-05  2.07858e-05 1.2793e-05 1.76202e-07  1.17105e-05 1.17066e-05 1.05141e-07  2.56345e-05 1.62615e-05 1.82898e-07  4.22419e-05 -2.92392e-05 2.83737e-07  7.75364e-05 -7.02665e-05 7.23399e-07  7.1066e-05 -5.8756e-05 5.69592e-07  -0.000666706 0.000946593 -1.06088e-05  -9.0422e-08 6.299e-08 3.61659e-09  0 0 0  -1.64002e-06 6.41783e-06 -9.46971e-08  1.79629e-05 1.95885e-05 7.22289e-08  2.06102e-05 1.57375e-05 6.43471e-08  1.06957e-05 6.14233e-06 2.33732e-08  2.77057e-05 1.05505e-05 4.60058e-08  0.000253322 0.000531821 -6.04867e-06  1.28958e-05 4.74078e-05 3.16813e-07  8.5848e-06 3.41106e-06 1.30496e-08  1.42508e-05 4.19455e-06 -3.52833e-09  -1.32552e-06 -1.39439e-06 1.36382e-08  -1.1476e-06 -9.85039e-07 4.52839e-08  -2.34702e-06 -3.22684e-06 4.20947e-08  -2.9486e-06 6.04258e-06 6.21886e-08  -6.38361e-06 1.02142e-05 -1.73566e-07  -3.32034e-07 -2.01242e-07 -2.1154e-09  1.6459e-05 -0.000118534 8.78749e-07  1.61256e-05 8.68967e-05 7.2534e-07  -0.000872095 0.000721143 -2.68325e-05  -0.000407782 0.00105996 -4.21948e-05  0.000588053 -0.000259911 1.81264e-05  0.00170314 -0.000366517 4.21513e-05  -2.45885e-06 -2.1462e-05 7.59623e-08  -1.62976e-06 -1.6158e-05 1.05266e-07  7.50153e-05 -2.38203e-06 5.99304e-07  -1.8314e-07 -1.5722e-07 -6.89943e-09  0.000566025 -0.000975592 -1.34875e-05  0 0 0  -1.67133e-05 -6.59574e-05 5.59202e-07  -7.21977e-05 -0.000127768 1.04045e-06  -3.23965e-05 -0.000107584 8.31224e-07  1.49056e-06 -5.18143e-06 5.6786e-08  -0.00010878 0.00110522 -2.91266e-05  -0.000136971 0.000532828 1.70772e-06  -9.74253e-07 1.11555e-06 -6.61228e-09  3.75903e-05 2.38474e-05 3.37199e-07  4.24233e-05 2.19591e-05 3.65262e-07  -0.000544705 0.00102813 -4.07947e-05  -0.000522005 0.00029121 -4.21386e-05  -0.000434405 0.000383184 -4.52216e-05  5.39077e-07 4.90062e-08 6.3514e-09  -6.89016e-07 4.79665e-07 -2.44969e-08  -3.97326e-06 1.08293e-05 1.76353e-07  -3.73526e-06 1.38945e-05 -2.00438e-07  -3.39178e-05 -1.6189e-05 3.08204e-07  -2.00976e-05 -1.45106e-05 2.45498e-07  1.45649e-05 2.30081e-05 1.06385e-07  6.11104e-06 1.84527e-05 7.27325e-08  5.39086e-06 1.16801e-05 3.45127e-08  1.21682e-05 1.91684e-05 2.32184e-08  6.15221e-06 8.84069e-06 7.71877e-09  1.66329e-05 1.5229e-05 2.66053e-08  3.70757e-05 -1.21664e-05 3.39906e-07  6.58123e-05 -1.13056e-06 6.61336e-07  7.95542e-07 -4.33815e-07 -3.19744e-08  2.01414e-06 -1.47563e-06 8.46644e-09  1.13531e-06 -6.07641e-07 4.42437e-08  0 0 0  -0.000150497 0.000561291 -4.03462e-05  -6.2608e-07 -4.3586e-07 -2.22033e-08  -3.15742e-05 2.30168e-05 3.34197e-07  -4.57094e-05 5.9503e-05 5.9242e-07  -3.18665e-05 4.9915e-05 4.85113e-07  0 0 0  0.000317672 0.000514825 -4.13237e-05  -1.629e-07 3.32135e-07 -1.05639e-08  6.47313e-06 9.60914e-06 4.94455e-09  -6.22146e-07 -3.93105e-05 3.40542e-07  9.00971e-06 -4.13291e-05 3.64143e-07  1.2971e-05 -6.31958e-05 6.01872e-07  -0.000192384 0.00112191 -3.38904e-05  0.00128792 -0.00116798 5.54839e-06  0.000768094 -0.000638468 1.17119e-05  0.0010558 -0.00132116 7.71707e-06  0 0 0  -0.00030815 -0.000289902 3.62335e-06  -0.000281847 -0.000157306 -3.26812e-06  3.61963e-05 1.30872e-05 9.54778e-08  -8.36377e-06 -4.03145e-05 3.18288e-07  5.61219e-06 -3.92569e-05 2.92888e-07  -4.31585e-06 -3.69864e-05 2.69178e-07  -1.9696e-05 -7.26262e-06 1.42693e-07  -4.62112e-05 -1.47203e-05 3.67131e-07  -4.37779e-05 -7.62426e-06 3.52278e-07  -1.86838e-06 2.41563e-06 7.60155e-09  2.91345e-05 -1.4989e-05 1.95693e-07  1.44072e-05 -5.20735e-06 6.82502e-08  2.15345e-05 -1.64527e-05 2.39754e-08  -4.01931e-05 -0.000590873 -3.92765e-05  -4.55433e-06 9.77888e-06 1.16111e-07  -0.00177075 0.00280978 1.94681e-05  -0.00119767 0.00102635 2.17157e-05  -1.05944e-05 4.37929e-05 3.52216e-07  -1.06699e-05 2.2347e-05 1.39599e-07  0.000304183 -0.000210978 1.70424e-06  0.000297886 -0.000320753 2.65909e-06  -0.000950688 0.000661037 -3.71256e-05  7.44606e-06 -7.54468e-05 4.28608e-07  -1.68755e-06 1.59709e-06 -2.46324e-09  9.53151e-08 -1.88553e-06 7.64679e-09  -0.00100843 -0.000386262 -4.76727e-06  -0.00221272 -0.000296635 -7.48033e-05  6.36712e-05 6.92653e-05 4.54673e-07  4.37209e-05 8.44474e-05 5.37826e-07  4.77151e-05 6.85818e-05 4.9035e-07  0 0 0  -1.10449e-05 -1.71059e-05 6.36784e-08  1.64218e-05 4.36635e-06 2.30552e-08  1.95881e-05 1.01194e-05 1.7373e-08  1.49599e-05 2.18332e-06 1.19672e-08  2.34853e-05 -4.1787e-07 1.31807e-08  1.85116e-05 2.46617e-05 5.51879e-08  -1.49037e-05 -1.32018e-05 -1.18369e-07  -2.29395e-05 -2.26331e-05 1.41786e-07  -1.26035e-05 -1.98338e-05 7.71905e-09  1.70025e-05 -7.30315e-05 4.90056e-07  3.25214e-05 -8.71383e-05 5.95801e-07  -2.85034e-05 0.00056674 -4.79826e-05  -2.83518e-06 2.18731e-06 -3.02942e-09  -4.09223e-06 4.64353e-06 -5.94013e-08  -7.72424e-05 2.99963e-05 7.25929e-07  -3.94852e-05 6.5904e-06 4.23779e-07  0.000874268 0.00103507 2.5637e-05  -1.8153e-05 1.64384e-05 1.7899e-07  -2.37275e-05 3.84601e-05 3.99241e-07  -8.79765e-07 6.1227e-07 3.219e-08  0 0 0  -0.000754985 -0.000793742 -1.96337e-05  -0.00109041 -0.00131071 1.73392e-05  -2.90206e-05 0.000580657 9.8366e-06  2.30415e-05 1.00112e-06 3.30387e-08  0 0 0  -1.77144e-05 3.9187e-05 3.44868e-07  -0.00036585 0.000461342 -5.79293e-05  3.30654e-05 -2.64379e-05 3.49023e-07  2.83283e-06 2.0019e-05 2.49382e-08  3.44296e-06 1.88041e-05 2.51423e-08  1.12945e-05 -1.40873e-05 2.47152e-09  8.65002e-06 -1.7758e-05 4.54311e-08  -1.90961e-05 -6.61665e-06 4.38857e-09  7.52129e-05 -1.99047e-05 7.71973e-07  -0.000891399 -0.00142095 -2.53076e-05  0.000294378 0.00050142 -1.37509e-05  -8.07776e-07 3.46548e-07 -2.55812e-08  -3.0299e-05 -2.78961e-05 4.08479e-07  -3.8714e-05 -3.35112e-05 5.34059e-07  -0.000417165 -0.000719124 1.10264e-05  -0.00121216 -0.00136896 2.91395e-05  -1.05709e-06 7.49055e-06 8.01368e-08  -5.03856e-05 -1.04721e-05 4.22216e-07  -3.91029e-05 -3.08764e-06 2.40985e-07  -6.41644e-05 -2.15788e-05 4.40561e-07  -0.00341312 0.000189407 -5.46468e-05  1.3464e-05 3.28068e-05 2.70559e-07  1.15047e-05 3.77722e-05 2.27162e-07  2.14699e-06 3.45495e-05 2.82507e-07  2.27922e-06 -4.0659e-06 -3.77962e-08  -1.63022e-05 -1.67013e-06 -2.38512e-07  -1.72345e-05 2.6277e-06 4.89776e-10  -4.53112e-06 1.23178e-06 -3.98265e-08  -0.00110921 0.000472213 3.57456e-05  0.00016389 3.50159e-05 7.26517e-07  9.57356e-05 -6.63563e-05 5.79056e-07  4.54062e-05 -4.50823e-05 4.20208e-07  0 0 0  2.69392e-05 1.14838e-06 1.0256e-07  1.77105e-05 1.61941e-05 3.9172e-08  -1.62659e-05 -2.1778e-05 -6.3753e-08  -3.25183e-06 -9.22808e-06 8.91626e-08  0.000184031 -0.000181325 1.42961e-06  0.000486606 0.00154189 -7.32636e-06  9.91661e-06 -0.000271115 1.44199e-06  -2.19369e-05 -0.00013396 4.43095e-07  7.02797e-06 -9.88102e-06 2.82083e-08  9.68566e-06 1.6876e-05 1.6829e-07  2.22092e-05 2.89781e-05 2.93494e-07  3.0366e-05 2.78724e-05 3.58009e-07  -6.425e-06 -2.23137e-06 6.8564e-08  -3.86486e-06 2.40181e-06 -2.35939e-09  0.000206795 0.000376209 2.84821e-06  1.9917e-07 3.15458e-07 -1.05981e-08  -1.23806e-05 2.34099e-05 1.40868e-07  -1.52535e-05 1.56599e-05 -2.06044e-07  -1.45203e-05 1.90922e-05 9.25617e-08  -1.9862e-06 -6.63831e-05 4.803e-07  -2.38672e-05 -4.6058e-06 1.78882e-07  -1.95878e-05 -5.46254e-06 -5.81107e-09  -3.34613e-05 -4.13218e-05 5.24481e-07  -1.75752e-05 -5.06174e-05 6.19278e-07  -2.10298e-05 -3.52438e-05 3.94578e-07  3.84379e-06 -3.88715e-06 -4.86222e-08  0.000519484 0.000658963 2.70687e-05  4.19887e-05 0.000120984 7.70663e-07  7.7503e-07 -2.10986e-07 -2.11287e-08  6.74715e-07 -2.91396e-07 1.66138e-08  -4.72105e-07 -4.0544e-07 1.88341e-08  1.23616e-05 6.40927e-06 -3.71236e-09  -2.53714e-05 -4.37024e-06 2.00312e-07  -4.86391e-05 -1.5474e-05 4.36394e-07  0 0 0  -3.14813e-06 1.90351e-05 4.10187e-08  -3.86018e-06 3.08166e-05 8.23328e-08  2.93309e-07 2.97791e-08 4.32201e-10  2.66462e-07 -1.84015e-08 4.72335e-10  0.00118801 0.000664649 -1.42877e-05  2.53341e-05 3.9995e-05 3.8645e-07  0.000198476 0.000223782 7.8388e-07  0.000471732 0.000381037 3.46454e-06  2.05545e-05 2.24344e-05 1.5086e-07  7.61119e-06 1.32551e-05 9.29155e-08  -0.00013701 -3.87228e-05 -7.76832e-07  -0.000286915 -2.4121e-05 2.38188e-06  -1.90921e-06 -1.48843e-06 -3.89771e-09  2.40275e-05 -6.38694e-06 1.95346e-07  -0.00165215 0.000168659 2.78459e-05  -0.00251564 0.00102633 -1.54812e-06  -4.71284e-05 4.18928e-05 6.532e-07  0.00133341 0.000909353 3.74668e-05  2.28125e-05 2.15028e-05 1.90822e-08  -0.000248763 -0.000239971 3.41247e-06  0.00163239 0.000346934 -4.47887e-05  0.00228832 -0.000114562 -1.31166e-05  4.03913e-05 1.53752e-05 3.01086e-07  3.54491e-05 1.55017e-06 3.06304e-07  1.87991e-05 4.99764e-06 1.57417e-07  1.86334e-06 2.9285e-05 1.78635e-07  -0.000275217 0.000545167 4.95228e-06  -1.01596e-05 -2.41082e-05 5.08048e-08  -1.16911e-05 -1.96205e-05 8.34955e-09  -0.00020517 -0.000292673 -1.3886e-08  7.13914e-06 -0.000212545 1.10445e-06  1.2045e-05 0.00112316 -7.2227e-06  -0.00020784 8.27223e-05 1.53998e-06  -0.000155993 9.88468e-05 1.27424e-06  -2.28128e-06 -3.39164e-07 -4.82156e-09  2.40158e-05 -3.14959e-06 5.13638e-08  -0.000412205 0.00042108 -2.06471e-05  -0.00102885 0.0013678 -6.53574e-05  0.000408791 0.00044687 1.05004e-05  1.96439e-05 -2.7629e-05 4.73207e-08  4.78269e-06 -1.19832e-05 3.49823e-08  2.08834e-06 -1.08956e-05 -1.18494e-07  2.80727e-06 -1.82522e-05 3.79077e-08  7.27717e-07 -1.91973e-05 4.52314e-08  -3.19465e-06 -2.51747e-05 4.76415e-08  -1.42866e-05 2.31333e-05 1.55063e-07  -1.188e-05 4.35392e-05 3.4832e-07  0.000526241 0.000421992 1.21269e-05  0.000709286 6.70609e-05 -1.26698e-05  -4.04883e-05 0.00135704 3.91002e-05  -2.32882e-05 -2.48965e-05 1.46297e-07  3.35508e-05 6.86574e-06 2.53821e-07  -1.05995e-05 -3.11462e-05 1.09411e-07  -5.06524e-07 2.81241e-07 1.75633e-08  -1.72528e-07 9.57395e-08 -5.60752e-09  0.000413921 -2.66889e-07 2.33847e-06  3.53533e-05 1.20989e-05 2.08737e-07  2.63859e-05 8.2596e-06 9.43491e-08  2.89624e-05 1.26188e-06 1.5195e-07  2.55234e-05 -1.17987e-05 1.81188e-07  3.60393e-05 -7.92512e-06 3.7116e-07  1.97665e-05 -4.06302e-06 7.90171e-08  1.92055e-05 -1.66778e-06 5.94888e-08  1.79225e-05 -5.87856e-06 5.91078e-08  -1.6042e-05 6.17367e-05 5.93379e-07  -4.35014e-06 4.90786e-05 4.51456e-07  3.88421e-07 8.48377e-06 -1.04327e-08  0.000208855 -0.00138713 3.51816e-05  0.000257848 -0.00177902 5.2957e-05  0.000407133 -0.0010677 3.06834e-05  0.000398957 0.000990022 -1.35728e-05  2.69352e-05 2.25389e-05 3.06022e-07  -0.00143222 0.00178203 -1.50508e-05  -0.000796974 -0.000628308 7.00454e-06  -0.00177912 -0.00139648 -2.96517e-06  -2.08999e-05 2.15713e-05 7.0851e-08  -4.77158e-06 9.6837e-05 6.62663e-07  -4.54238e-05 -2.42103e-05 5.44046e-07  0.00113636 0.00170814 3.07195e-05  0 0 0  -3.11741e-05 2.0763e-05 3.07269e-07  -1.26816e-05 -1.87666e-05 1.96427e-07  -0.000276247 -0.00075087 5.17016e-06  -0.000268271 -0.000608697 -1.45084e-06  -6.27485e-06 7.00525e-05 5.852e-07  -1.77612e-05 4.24457e-05 4.18729e-07  -6.77262e-06 5.41874e-05 4.70478e-07  0 0 0  0.000834324 0.000267777 8.9508e-06  -3.1626e-06 -8.07385e-07 -5.60881e-09  -2.31324e-05 -2.39168e-05 3.17837e-07  -1.87122e-05 -2.45109e-05 3.19578e-07  5.45402e-05 -1.87391e-05 5.38481e-07  4.87663e-05 -8.58343e-06 3.92827e-07  -8.50371e-06 -2.06646e-06 -7.98404e-08  3.00888e-05 4.74999e-05 5.36343e-07  0.00204702 0.000726544 5.70796e-06  0.00209925 0.000358153 -3.18308e-06  -0.000251756 0.000147062 2.89792e-06  -0.000183794 0.000204625 1.56686e-06  -0.000292554 0.00026371 1.59812e-06  -1.97687e-05 4.70945e-05 4.43873e-07  2.43269e-05 -0.000988246 2.81819e-05  7.39302e-08 9.54477e-08 3.67529e-09  -2.65108e-05 -2.43457e-05 3.07085e-07  -3.62587e-05 8.39121e-05 6.53059e-07  2.33499e-05 4.79899e-06 1.62275e-07  4.05172e-05 -7.74351e-07 2.93518e-07  0.000251863 0.000289702 2.43935e-06  -0.000194484 1.54619e-06 6.07386e-08  4.062e-05 0.000564823 -8.52105e-06  -1.44922e-05 -1.88614e-05 1.26581e-07  -2.58494e-05 -2.03852e-05 2.04974e-07  -2.3706e-06 1.3157e-06 6.82643e-09  -0.00114387 -0.00119965 -7.54224e-05  3.45662e-05 2.1204e-05 3.38764e-07  5.35047e-05 1.67614e-05 4.13747e-07  -0.00157422 0.00086945 -2.3045e-06  -4.51977e-05 2.47553e-05 5.11262e-07  0.000160336 -0.000291854 1.81804e-06  0.000330767 -0.000896501 1.41429e-05  -1.95789e-05 5.54823e-05 5.03494e-07  1.20437e-05 -7.50176e-06 2.58523e-08  9.46673e-06 -9.81269e-06 -1.52036e-08  -0.000347533 0.000647898 1.77775e-05  -9.80863e-05 -0.000223218 1.36425e-06  -2.56274e-06 2.93188e-05 2.18048e-07  5.15482e-06 1.55763e-05 1.68125e-08  7.83844e-06 1.90547e-05 9.65978e-09  -3.1967e-05 3.26738e-06 2.96449e-07  0.000146505 -9.16196e-05 8.48636e-07  0.000237249 -8.52448e-05 1.52368e-06  0.000487977 -0.000176561 2.44375e-06  -2.00422e-05 -6.57859e-06 -1.18273e-07  7.36083e-06 1.42587e-05 6.08852e-10  2.57204e-06 1.15466e-05 -3.63959e-10  1.83301e-06 7.00391e-06 -6.66079e-08  2.30014e-05 3.63104e-05 3.87161e-07  1.70083e-05 4.13709e-05 3.93115e-07  -0.00224548 -0.000378985 2.75465e-05  -0.000994141 -0.000145951 5.64622e-06  -0.000147719 -0.000476902 2.61078e-05  -0.000275288 8.3165e-05 2.60566e-06  1.46781e-05 1.87502e-06 4.17973e-09  -0.00052684 0.000332786 1.05003e-05  6.19096e-06 -1.73547e-07 4.375e-09  5.40522e-05 -1.4364e-05 3.75518e-07  1.98385e-05 -2.78922e-05 2.57565e-07  1.69492e-05 -3.97123e-05 4.15455e-07  0.00127828 0.000963778 7.96377e-06  0.000949056 0.000777578 -3.06167e-05  0.00194959 0.000903723 -5.47148e-05  4.32096e-06 2.33009e-05 5.82576e-08  -0.000668376 -0.000751938 3.0448e-05  0.000189849 0.0013248 4.76829e-05  -2.74626e-05 -2.33901e-06 1.53541e-07  -9.88594e-06 4.88634e-07 -2.64053e-09  -1.52722e-05 2.59765e-06 -1.53695e-07  0.000382709 0.000497266 -2.52781e-05  -0.000578432 -0.000722009 2.95755e-05  -0.000697488 -0.000477271 1.49066e-05  3.77477e-06 -9.28787e-06 7.1441e-09  3.68618e-06 -1.08169e-05 3.68156e-08  -8.71629e-07 1.35847e-05 1.53318e-08  -5.61723e-06 1.20074e-05 8.00411e-08  0.000102972 8.3923e-05 8.74153e-07  0.000131333 0.00011361 1.13591e-06  4.30278e-05 3.40394e-05 4.5615e-07  9.6246e-05 5.32674e-05 5.13123e-07  -0.000329999 0.00144023 3.55604e-05  -0.000166413 0.00221305 1.10355e-05  -9.45978e-06 0.000172687 8.25507e-07  -2.24736e-05 0.000220168 7.15254e-07  -0.00047294 0.000124654 4.92273e-06  0.000271214 0.00172262 3.24503e-05  -3.65216e-06 0.000599316 8.42356e-06  -0.000128512 0.000505012 9.52758e-06  0.000255897 0.00163497 -3.34521e-05  3.57337e-05 -2.63613e-05 2.05284e-07  -2.94263e-05 8.55195e-06 2.45884e-07  3.3218e-05 -2.30258e-05 3.15833e-07  4.38316e-05 -5.34935e-05 5.67097e-07  4.46454e-05 -2.81696e-05 3.98228e-07  3.735e-07 -3.09394e-05 2.244e-07  0.00104945 -0.00121927 4.43457e-05  0.000432535 -0.000427894 1.80035e-05  0.000334958 -0.000475983 1.27248e-05  -0.000166733 -4.96342e-05 1.75469e-06  8.02035e-07 6.95461e-08 4.02434e-10  -2.61386e-06 -7.71831e-06 -2.29132e-08  -0.000127828 -0.00275186 7.4839e-06  0.00048823 -0.00196648 -1.85389e-05  -1.77504e-05 -1.03347e-05 -9.11401e-10  2.22372e-05 -3.21847e-06 1.22527e-07  2.88453e-06 1.32286e-08 9.49201e-10  1.73827e-06 -1.55104e-07 5.54334e-09  -0.000319859 0.000147504 1.49104e-06  0.00086094 -0.000599092 2.94628e-05  -2.08514e-05 9.20476e-06 -3.35433e-07  -2.63391e-06 -1.62308e-05 1.20742e-07  -0.00181328 9.78021e-05 4.72807e-05  -0.000806569 -0.000120078 2.22099e-05  -5.23176e-06 -8.30167e-06 9.36957e-08  1.14034e-06 -1.00389e-07 -5.3285e-09  1.33908e-05 6.6331e-05 5.27289e-07  -0.000581167 -0.000362025 4.47027e-06  -0.000393154 -0.000148407 8.16964e-06  3.54976e-05 1.17296e-05 3.5147e-07  -1.79491e-05 -3.60022e-05 3.58091e-07  -1.85019e-05 -2.14215e-05 2.01332e-07  -1.56641e-05 1.93102e-05 -8.18815e-08  -1.72037e-06 -7.38434e-07 8.32201e-09  -1.45616e-05 6.94367e-06 2.01687e-07  -5.45102e-06 -5.74612e-06 -1.14257e-07  -5.6815e-06 -5.61596e-06 8.1116e-08  -6.07722e-06 -1.74944e-05 1.55935e-07  -6.58717e-05 -4.20368e-05 5.44127e-07  -5.96433e-05 -2.22233e-05 4.22701e-07  -4.34093e-05 -1.59819e-05 3.6527e-07  -0.000216184 -0.00116572 3.47143e-05  -0.000113107 0.000172563 7.99822e-07  -1.61108e-06 6.9141e-07 -5.14212e-08  2.79375e-05 -9.55271e-06 4.73825e-08  2.09897e-05 -1.32615e-05 4.93189e-08  9.10655e-05 0.000347113 2.91747e-06  2.07983e-05 4.50649e-05 3.64398e-07  5.58876e-05 1.48276e-05 4.73919e-07  7.70589e-05 3.36384e-06 5.97742e-07  0.000543651 -0.000641895 2.50918e-05  1.43504e-05 1.00005e-05 2.41032e-08  -0.000221187 0.000312541 2.87241e-06  -0.000116005 0.000273125 2.38306e-06  2.97756e-05 9.03774e-07 2.99857e-07  -1.70798e-05 1.01148e-05 5.65757e-09  -0.000891619 0.000737384 1.30203e-07  -0.000356026 -0.000126507 5.93379e-06  -0.000766165 -6.83072e-05 9.5496e-06  0.000309656 -6.39772e-05 9.34175e-07  2.49893e-05 -7.32239e-05 6.13611e-07  5.61401e-05 -8.62351e-05 6.94894e-07  -1.96227e-05 -1.75006e-05 2.09147e-07  -2.54844e-05 7.41525e-06 2.39634e-07  -3.88239e-05 1.70419e-06 3.86998e-07  0.00156749 -0.000792935 3.39336e-05  3.2457e-06 -8.95262e-07 1.55356e-08  1.79592e-06 9.93057e-06 -1.4579e-07  -3.74843e-05 3.85869e-06 3.70789e-07  0.000188025 0.000155711 9.83237e-07  -2.10038e-05 6.55585e-06 1.28475e-08  -1.11621e-05 7.70879e-06 2.04834e-07  -8.57311e-06 3.6569e-06 -9.38657e-08  4.70228e-05 2.4323e-05 4.79581e-07  3.94025e-05 8.05192e-06 3.11812e-07  1.28845e-05 -7.36912e-06 -6.73852e-09  -6.25345e-06 2.10375e-05 1.27788e-08  -4.73078e-06 3.00151e-05 3.01027e-08  1.44083e-05 5.67939e-06 9.73462e-09  -1.54762e-05 0.000152448 8.25889e-07  -2.40351e-05 -9.90088e-06 -1.40965e-08  -2.94989e-05 -1.69171e-05 1.33982e-07  0.000548627 0.000315909 1.0384e-05  -0.00316751 -0.00101767 -8.03403e-05  -1.11452e-06 -3.49702e-07 -3.42016e-08  -1.07817e-06 -5.98478e-07 -3.61034e-08  -0.00106215 -0.000731956 4.33295e-05  -0.000992401 -0.000372444 3.32818e-05  8.3536e-06 5.87868e-11 3.42976e-09  1.26347e-05 -2.56662e-06 7.95866e-09  -3.65188e-05 -5.93756e-05 5.52343e-07  -3.63155e-05 -3.32945e-05 3.84854e-07  0.000495825 0.00117657 3.73401e-05  -4.51045e-07 1.78932e-05 2.84914e-08  0.000585811 0.00227191 6.70295e-05  -5.32748e-06 -7.13649e-05 4.09377e-07  -1.61008e-05 1.75721e-07 4.50426e-08  -2.09432e-05 3.78772e-06 6.50782e-08  -3.82486e-05 -1.02431e-05 3.19571e-07  8.66415e-05 3.02871e-06 6.84555e-07  5.6526e-06 -8.13947e-06 -2.06738e-09  -0.0014841 -0.000765054 4.38449e-06  6.53293e-07 -4.59009e-06 1.02511e-08  -2.76116e-05 8.0468e-06 2.33133e-07  -3.17467e-05 1.24207e-05 3.10653e-07  -0.00248125 -0.00107151 8.18506e-05  5.8683e-05 4.91311e-05 5.71374e-07  -1.65575e-05 -1.15457e-05 1.15513e-07  -1.84297e-05 9.19062e-06 -1.10879e-07  1.78927e-05 -1.48379e-05 3.06517e-08  1.35747e-05 -1.19521e-05 3.48812e-08  6.31743e-06 1.59712e-05 2.09299e-08  -5.61364e-07 4.81908e-07 2.21887e-08  -3.50456e-05 1.01811e-05 3.52841e-07  -1.18313e-05 -6.54807e-06 9.23e-08  2.44382e-05 -1.33844e-05 2.87206e-08  1.26623e-05 0.000836919 1.46026e-05  9.67095e-05 0.000406284 7.01969e-06  -0.000103683 0.000291505 1.38685e-06  -8.04657e-05 0.00029445 2.27992e-06  -0.000947705 0.00158833 2.7155e-05  0 0 0  0.00250713 0.000896596 7.53287e-05  1.39907e-05 0.000100562 8.51612e-07  4.13396e-06 0.000146133 8.38701e-07  3.16843e-05 -2.77637e-05 3.96856e-07  7.96661e-07 1.32524e-05 1.03121e-07  -1.44645e-05 3.12527e-05 3.06064e-07  -2.92908e-08 -4.24275e-06 -2.88361e-09  -1.1952e-05 1.51701e-05 1.62011e-08  -1.00935e-05 2.23652e-05 5.92696e-08  -9.64657e-05 3.24479e-05 6.34164e-07  -6.10441e-05 0.000117073 1.0246e-06  0.000503857 -0.000276854 4.38925e-06  9.83508e-06 -3.01519e-05 2.17637e-07  4.49351e-05 -2.08863e-05 3.70698e-07  -5.51951e-05 -0.000388343 3.84486e-06  -3.25247e-05 0.00013428 8.30981e-07  4.98735e-05 0.00015695 1.01428e-06  0.000194869 -1.85774e-05 1.32519e-06  -1.49719e-05 -4.98485e-05 5.87453e-07  8.08662e-06 -1.35632e-05 -1.4561e-08  3.95072e-05 -3.09776e-05 4.08362e-07  4.43179e-06 -2.28387e-06 1.70546e-09  -4.72495e-05 4.84154e-06 3.95085e-07  -7.16163e-06 7.20155e-06 9.33456e-09  1.04106e-05 1.56503e-09 7.92689e-09  0.000374921 0.000490201 -3.8135e-06  -2.12062e-05 -8.07923e-06 1.78146e-07  -1.84949e-05 -4.64625e-05 4.26923e-07  -1.5718e-06 -6.0325e-06 6.21982e-08  -2.39473e-05 -1.14093e-05 2.89443e-07  -3.27538e-05 -2.67681e-05 4.19543e-07  -2.09264e-05 1.65842e-05 1.42716e-07  5.87164e-05 -7.4627e-06 6.70364e-07  5.43523e-05 -2.23871e-05 4.91553e-07  4.90437e-05 0.00034359 1.09753e-06  1.48425e-05 -1.8487e-05 1.70173e-07  1.83793e-05 -2.83093e-05 2.98429e-07  -1.3697e-05 -2.02603e-05 1.96337e-07  -8.38645e-05 0.000158379 6.1715e-07  1.86569e-05 0.000507972 2.26341e-06  -2.4372e-05 -6.49138e-06 1.7656e-07  6.25557e-07 1.19315e-05 2.68548e-08  -2.70494e-06 1.45545e-05 -6.10903e-08  3.45736e-07 2.16488e-05 1.68633e-07  0.00094592 0.00128007 -3.04067e-05  0.000765959 0.000886933 -5.55111e-05  1.00146e-05 -5.26735e-06 2.35969e-09  8.92788e-06 1.0124e-05 1.64092e-10  -2.42478e-05 5.52942e-06 1.6059e-07  1.01274e-06 3.86945e-05 2.18929e-07  3.14071e-07 -2.752e-05 1.23297e-07  -9.10568e-06 -9.19099e-07 1.39701e-07  -1.85328e-05 -1.88682e-06 2.7703e-07  -1.15686e-05 -6.41905e-06 -1.90329e-07  -3.14141e-06 -4.18971e-05 3.7022e-07  -2.42133e-06 -1.53122e-05 -2.0514e-07  2.12907e-06 -1.52305e-05 9.89766e-08  -3.25753e-05 -1.07654e-06 2.85395e-07  -1.80286e-05 -1.3885e-06 1.34439e-07  1.50961e-05 -3.28075e-06 7.22351e-09  1.03882e-05 6.18806e-05 5.30128e-07  3.08268e-05 5.60189e-05 5.8817e-07  -9.94717e-05 2.89761e-05 7.15894e-07  -1.18085e-05 -5.7119e-05 4.84298e-07  -1.65576e-05 -2.1099e-05 -9.29237e-09  -5.38571e-06 -4.49398e-05 3.78311e-07  -5.88866e-06 -4.9621e-05 4.45782e-07  9.43309e-06 1.846e-05 1.25035e-07  1.06173e-05 1.292e-05 5.42026e-08  -1.46745e-06 -4.58926e-06 -2.48207e-09  1.13209e-06 -2.30134e-05 9.91571e-09  0.000175734 -1.50315e-05 8.55109e-07  -5.14918e-05 -3.26989e-05 4.50735e-07  5.40156e-06 -8.06134e-06 1.05479e-07  -8.93796e-05 -3.30918e-05 6.70663e-07  -8.14976e-05 -5.35179e-05 7.17487e-07  2.11371e-05 -2.33996e-05 2.3634e-07  -1.73062e-05 6.87056e-06 1.40967e-08  -1.45301e-05 -4.64558e-05 4.16207e-07  -1.98658e-05 -3.81275e-05 4.52375e-07  -0.00082156 1.76292e-05 2.09227e-05  -2.04915e-05 1.32158e-05 2.23716e-07  -1.53798e-05 -1.40013e-05 7.66117e-08  -2.19897e-05 1.14013e-05 6.22786e-08  1.91572e-06 -3.44214e-05 2.25166e-07  -1.52818e-05 1.55188e-05 1.78422e-07  0.000251689 0.000583361 3.28195e-06  3.17648e-05 -9.39423e-07 3.47946e-07  -0.000295722 7.03654e-05 2.28565e-06  2.71793e-05 5.25753e-05 3.77194e-07  7.18199e-05 8.7969e-06 6.43768e-07  -0.00134463 0.000379838 1.60968e-05  7.55476e-05 1.57251e-05 6.23493e-07  2.59766e-06 -1.57168e-05 -2.19955e-08  -5.41098e-06 2.21813e-05 -9.83427e-08  4.07253e-06 -5.83919e-06 -9.17621e-08  1.95523e-05 -4.28545e-06 1.3956e-08  4.17203e-05 9.16014e-06 4.2162e-07  0.00206412 -0.000353446 2.25121e-05  -0.000121931 3.80051e-06 7.22005e-07  5.12085e-06 -3.2543e-05 2.95334e-07  0.00175877 -0.0016767 -8.19491e-05  -2.04599e-05 1.73374e-05 6.86867e-08  -5.23075e-06 -2.05748e-05 8.87657e-08  -1.45076e-05 7.35846e-07 -2.16885e-09  -3.82948e-06 -7.72215e-06 8.10348e-08  0.000283014 0.000197726 2.20507e-06  0.00032242 0.000132202 1.78973e-06  -7.07508e-05 -8.45008e-05 5.91553e-07  -5.62065e-05 -5.8258e-05 5.0887e-07  -3.19226e-05 -2.44705e-05 1.19552e-07  4.75824e-06 9.39477e-06 -1.42301e-07  1.30648e-05 2.69414e-06 7.67254e-09  1.90447e-05 6.52311e-06 7.22086e-09  3.83456e-05 -1.98017e-05 3.18492e-07  1.90241e-05 -1.31906e-05 1.56944e-07  2.43834e-05 -1.68993e-05 2.07719e-07  -5.87692e-05 1.69042e-06 5.28369e-07  0.000242731 -0.000285716 1.59014e-06  0.00138809 -0.00074464 4.29354e-06  -5.26583e-05 -1.71262e-06 7.34086e-07  2.25338e-05 8.59038e-06 1.21961e-08  -0.000318819 0.00124421 5.00566e-05  2.4768e-05 1.52758e-05 2.54473e-07  -2.49569e-05 -1.18293e-05 2.21893e-07  -3.76529e-05 -2.99939e-06 3.45152e-07  2.82297e-05 1.30718e-05 2.01936e-07  -8.5748e-05 -1.21438e-05 5.51745e-07  5.05412e-07 2.06506e-05 3.33845e-08  -0.000635463 -0.000418405 1.65544e-05  -0.000445251 -0.000826524 1.91963e-05  -3.13243e-05 1.28893e-05 6.11237e-08  2.43016e-05 2.10932e-06 2.38624e-07  0.00169671 0.00142764 4.82651e-05  -3.41333e-05 1.6242e-06 2.02029e-07  -3.90895e-06 -1.84759e-05 2.60673e-08  -0.0001138 0.00042648 1.36168e-06  1.42072e-05 1.59963e-05 7.94783e-08  2.9853e-05 1.78536e-05 1.37285e-07  9.00457e-05 -3.72054e-05 5.14068e-07  0.000338038 9.2708e-06 2.47201e-06  0.000585207 7.5652e-05 3.40311e-06  0.00067897 0.000246057 6.01624e-06  1.18759e-05 -2.24029e-05 6.46677e-08  0.000712438 -0.00134655 -4.46817e-06  0.000705527 -0.00160578 5.07716e-05  -1.00669e-05 4.22299e-05 2.96997e-07  -0.000143809 -8.0532e-05 1.22589e-06  -2.18491e-05 1.33645e-05 7.71817e-08  -3.46879e-05 1.4171e-05 2.16354e-07  -4.74108e-06 5.76429e-05 5.04681e-07  -0.000191885 0.000322702 3.39617e-06  -0.000404056 -0.00055258 6.92579e-06  1.2696e-05 -1.40945e-05 4.74149e-08  -5.88895e-06 -9.84929e-06 6.86906e-08  4.30491e-05 -0.000153757 8.66837e-07  1.46909e-05 -1.45166e-05 8.72357e-08  1.45824e-05 -2.25409e-05 1.02864e-07  -4.79699e-05 1.94939e-05 3.87755e-07  0.00151169 3.99634e-06 3.71212e-05  0.000705672 -0.000185588 1.02959e-05  1.59568e-05 2.30985e-06 1.10285e-08  1.17229e-05 -2.75787e-05 1.79294e-07  -8.93822e-06 -8.89605e-06 -1.71101e-07  -0.000190371 -0.00177153 4.58357e-05  -6.83408e-06 3.78688e-06 -7.92678e-08  0.000218824 -0.000373149 2.19655e-06  -0.000781592 -0.00133584 4.7394e-05  -3.73435e-05 -2.20759e-05 3.48312e-07  -2.52051e-05 -1.59438e-05 2.24183e-07  -6.8098e-06 5.82625e-06 8.95292e-08  6.88082e-05 -1.87952e-06 3.75556e-07  5.23713e-05 -9.13363e-06 6.00492e-07  -1.25063e-05 2.02231e-05 1.1424e-07  -3.33128e-05 3.35149e-05 4.46124e-07  -8.592e-06 1.31589e-05 2.19707e-07  5.21886e-05 -2.79487e-05 3.30161e-07  1.12152e-05 5.56067e-05 4.51729e-07  -0.00135881 -0.000943674 -3.00379e-05  5.05084e-06 -1.81867e-05 4.55064e-08  -7.24609e-05 -1.01193e-05 6.88135e-07  2.72699e-05 -7.27566e-06 1.39184e-07  2.89187e-05 2.89105e-05 4.68097e-07  -5.05203e-05 8.42539e-05 7.16905e-07  -2.49135e-05 9.48596e-05 6.33464e-07  3.87311e-05 -0.000138942 6.52324e-07  0.0001863 -0.000185112 2.82406e-06  0.000675791 -0.000502257 2.53144e-05  1.57045e-06 -1.29808e-05 -5.12657e-08  1.80558e-05 -2.31473e-05 1.48853e-07  0.000132869 -0.000355741 2.09724e-06  -4.35586e-06 -1.24134e-05 1.55785e-07  2.96607e-05 3.34204e-05 4.25294e-07  -1.41014e-05 -3.84385e-05 3.22079e-07  -2.06153e-05 3.64269e-06 2.48256e-09  1.09679e-05 -3.38542e-05 2.36221e-07  -3.75922e-05 0.000107433 7.34451e-07  -1.34479e-05 0.000124038 8.52308e-07  -1.21322e-05 -3.18333e-05 3.1443e-07  3.08445e-05 3.74706e-06 6.80192e-08  2.11636e-05 -5.67781e-05 5.62241e-07  -0.00064113 -0.000193127 -4.71967e-06  -6.21775e-05 3.47535e-05 5.87196e-07  6.44914e-06 -1.30936e-05 2.82628e-08  -1.02346e-05 3.87626e-05 1.98433e-07  -7.29539e-06 2.52008e-05 1.02082e-07  5.09591e-05 -6.57472e-05 6.70467e-07  -6.60481e-06 -1.60223e-05 -1.90247e-07  -9.73406e-07 -7.4753e-06 7.7217e-08  -1.85328e-07 -1.11008e-05 1.57832e-08  1.21508e-05 5.72753e-05 3.95262e-07  1.01909e-05 1.90105e-05 8.99762e-08  4.12918e-06 1.94164e-05 8.65132e-08  3.252e-05 -5.68353e-06 3.71797e-08  -1.39188e-05 1.18001e-05 2.57238e-07  0.000757427 0.000160049 1.56155e-05  0.000834246 -0.000301984 1.17699e-05  -1.30832e-05 3.58765e-06 1.31027e-07  -1.84745e-05 2.67784e-06 2.76968e-08  -1.56297e-05 8.57076e-07 -6.89927e-08  -8.78703e-06 7.92392e-06 -1.00582e-07  0.000760814 0.000388538 2.58373e-05  2.72074e-06 -6.29648e-05 3.54765e-07  -1.45916e-06 -0.00103143 1.53175e-05  3.00951e-05 -6.19185e-06 2.895e-07  9.40803e-05 2.06851e-05 6.87894e-07  9.95437e-05 -0.00016452 9.37738e-07  -0.000150897 -0.000181525 1.79482e-06  -7.32745e-07 -2.66905e-06 -7.07111e-08  -1.39618e-05 -3.61346e-06 -4.63044e-09  -8.22706e-05 8.98396e-05 7.80134e-07  -2.23344e-05 1.99994e-05 1.21487e-07  4.14327e-05 5.42185e-05 5.75988e-07  1.14411e-05 -3.22201e-05 1.34263e-07  -4.37381e-06 -2.63249e-05 9.10797e-08  4.93405e-05 -2.02642e-05 4.93077e-07  -1.96257e-05 -1.37357e-05 -2.00201e-07  -3.8682e-05 -2.53672e-05 3.45633e-07  6.07766e-05 -0.000389373 1.47537e-06  -0.000384659 0.000315649 4.4843e-06  9.42642e-06 -8.66531e-06 6.64575e-08  6.83003e-05 3.16057e-05 5.98131e-07  4.59498e-06 0.000113477 6.80417e-07  -8.21922e-06 -1.62269e-05 2.62906e-07  -5.42477e-05 -9.47163e-06 5.48068e-07  5.60485e-06 2.78301e-05 5.20225e-08  -1.79968e-05 -2.93351e-05 2.48257e-07  -3.61007e-05 -5.35936e-05 6.36289e-07  6.80709e-06 2.05568e-05 8.74956e-08  -3.20457e-05 1.13455e-05 2.94074e-07  -3.06113e-05 1.73139e-05 3.2256e-07  9.88652e-05 0.000398385 1.69219e-06  -1.65754e-05 -6.19837e-06 -1.672e-07  -9.91041e-06 6.54582e-06 -7.47532e-08  1.23212e-05 2.05914e-05 6.51652e-09  1.89561e-05 1.53308e-05 1.69327e-08  -1.4278e-05 6.21249e-06 -1.56613e-07  5.90071e-05 2.43008e-05 3.76424e-07  2.30885e-05 -4.34164e-05 4.33295e-07  3.22886e-05 -3.48533e-05 3.7025e-07  -1.34617e-05 -7.44571e-06 2.29939e-07  0.00046905 -0.000357619 7.43383e-06  1.12525e-05 -5.81061e-06 3.25225e-09  3.5656e-06 -3.60654e-05 3.07972e-07  -9.94875e-06 2.44729e-05 6.54384e-08  5.89976e-07 4.0748e-05 1.51092e-07  3.35662e-05 -1.00932e-06 3.33862e-07  -0.00152053 0.00135881 6.65753e-05  -1.42138e-05 4.15159e-06 6.45712e-08  1.80413e-05 -1.02695e-05 1.03547e-08  -8.61198e-05 9.01087e-06 5.25815e-07  -3.67922e-05 -0.000100031 7.01341e-07  9.20434e-05 -3.57095e-05 5.71877e-07  -1.36305e-05 -2.40159e-05 9.03281e-08  7.57278e-05 -1.55098e-05 4.93175e-07  -1.84036e-05 -1.50602e-06 1.0316e-07  -2.53929e-05 -7.00855e-06 4.42239e-08  9.08008e-06 2.6232e-07 1.37767e-09  -2.61876e-05 -2.66968e-06 8.36533e-08  2.4786e-05 2.47884e-05 2.70729e-07  -3.61261e-06 -1.74887e-05 -4.40933e-08  1.85668e-06 7.86673e-06 4.12252e-08  0.000576837 -0.000269005 1.64547e-05  3.39447e-05 -8.41649e-05 5.99239e-07  4.252e-06 1.26432e-05 -5.98301e-09  -2.71998e-05 -0.000331578 1.45497e-06  -4.92254e-05 -3.58446e-07 5.23014e-07  -3.45563e-05 4.07331e-05 4.48579e-07  8.11476e-06 6.13236e-05 5.17711e-07  3.16754e-06 1.2062e-05 -3.10969e-08  0.000526173 -7.50875e-05 1.22128e-05  0.000526292 -6.72553e-05 5.50259e-06  2.85219e-05 -3.55647e-05 4.36011e-07  0.00120691 -0.00035997 -3.5439e-05  0.000184471 -0.000391153 1.50665e-05  2.53301e-05 -2.72551e-05 3.35312e-07  -5.15043e-05 4.66638e-05 4.7003e-07  4.87868e-05 3.7485e-05 4.94136e-07  1.4229e-05 -6.55884e-07 4.74505e-09  9.45799e-06 -3.39312e-05 3.28311e-07  -5.61493e-05 -2.98325e-05 5.97823e-07  -3.59031e-05 2.38319e-05 4.19542e-07  7.69248e-06 -2.2259e-05 -8.51005e-08  -2.81462e-05 -7.50423e-06 2.36953e-07  7.65886e-06 1.6597e-05 3.30717e-08  -1.78967e-05 1.8879e-06 1.53444e-07  3.05346e-05 -0.000324603 1.42933e-06  1.28956e-05 2.10165e-05 1.21023e-07  3.39773e-05 -6.41501e-05 5.4967e-07  0.000282978 4.15313e-05 1.33912e-06  3.03873e-06 -1.94349e-05 6.81863e-08  1.78112e-05 -3.34217e-05 2.8719e-07  -4.16858e-05 3.57673e-05 4.39323e-07  -9.46457e-06 -6.56512e-07 1.00773e-07  9.99475e-06 -7.45616e-05 6.24826e-07  -2.73239e-05 -2.35378e-05 2.87913e-07  
            </DataArray>
         </PointData> 
      </Piece>
   </UnstructuredGrid> 
</VTKFile>
