<?xml version="1.0"?>
<VTKFile type="UnstructuredGrid" version="0.1" byte_order="LittleEndian">
   <UnstructuredGrid>
      <Piece NumberOfPoints="1126" NumberOfCells="0" > 
         <Points> 
            <DataArray type="Float64" Name="Position" NumberOfComponents="3" format="ascii"> 
               -0.00460669  -0.00193719  0.048973  
               -0.00456781  -0.00200993  0.0494405  
               0.00160798  -0.00471205  0.037189  
               0.00200235  -0.00457186  0.0356426  
               -0.00139233  -0.00477747  0.0491934  
               -0.00220156  -0.00446538  0.0493789  
               0.00144515  -0.00476144  0.000519076  
               0.00055569  -0.00494527  0.0428234  
               -0.000726652  -0.00492843  0.0430252  
               -0.000329968  -0.0049675  0.0418745  
               0.00212629  0.00450561  0.0493708  
               0.0039017  -0.00308936  0.000931061  
               0.00492654  -0.000745812  0.000639472  
               0.00158607  0.0047187  0.00947666  
               0.00235331  0.00438427  0.0106703  
               0.00305025  0.00393379  0.00917739  
               -0.00328297  -0.00374281  0.0489824  
               0.00362748  -0.00342349  0.000621582  
               -2.70975e-05  0.00499733  0.0489422  
               0.000860549  0.00491524  0.0484703  
               -0.000320539  0.00496843  0.0474879  
               0.00465954  0.00178107  0.000747089  
               0.00446995  0.00219301  0.000660817  
               0.00277785  -0.00415735  0.0494309  
               -0.000541918  -0.00494663  0.0494155  
               -0.00471424  -0.00160076  0.0492902  
               0.00490393  -0.000975452  0.0493445  
               0.00282105  0.00412189  0.000766351  
               0.0031146  -0.00388099  0.0492498  
               0.00374281  -0.00328297  0.0493879  
               0.00346852  0.00359053  0.000640672  
               0.00402934  0.00293383  0.000826627  
               -0.0018087  -0.00465116  0.0485934  
               -0.00170791  0.00468174  0.000893579  
               -0.00218173  0.00447598  0.000661621  
               -0.00216439  0.00448525  0.00251426  
               0.00446538  -0.00220156  0.0493674  
               0.00281927  -0.00412336  0.0489452  
               0.00496479  0.000357461  0.00554857  
               0.00493509  0.000659086  0.00662799  
               0.00495694  -0.000437193  0.00686191  
               -0.0015826  -0.00471975  0.00106305  
               -0.000709477  -0.00493012  0.00153217  
               0.00345094  -0.00360496  0.0487281  
               0.00334747  -0.00368988  0.047679  
               0.00263182  -0.0042354  0.0482347  
               -0.00309965  0.00389326  0.0171823  
               -0.00382784  0.00317936  0.0175693  
               -0.00133353  0.0047953  0.000590372  
               0.00210912  0.00451479  0.00103012  
               0.00242218  0.00434746  0.000712353  
               -0.0031642  -0.00384028  0.00120854  
               -0.00241032  -0.0043538  0.000966192  
               0.00375506  0.00326804  0.00145335  
               0.00459897  0.00195164  0.00206904  
               0.00372093  0.00330962  0.00239369  
               0.00204124  0.00455107  0.000559948  
               0.00446995  0.00219301  0.00123799  
               -0.00465459  0.00179741  0.00292777  
               -0.00439295  0.00233707  0.00193126  
               -0.00470852  0.0016196  0.00198529  
               0.00118389  -0.0048407  0.0494153  
               -0.00177342  0.00466186  0.0491404  
               -0.00200909  -0.00456826  0.000644285  
               0.00496893  -0.000315496  0.00098358  
               0.00498864  0.000115337  0.000617708  
               -0.00491673  0.000845485  0.0382039  
               -0.00490619  -0.000952446  0.0378922  
               -0.00496255  -0.000380251  0.0369558  
               0.00313435  0.00386477  0.000986872  
               -0.000592085  -0.00494168  0.0168272  
               -0.00031728  -0.00496875  0.0155755  
               -0.0031642  -0.00384028  0.000558407  
               -0.00280948  -0.00413139  0.000646067  
               -0.00329239  0.00373508  0.0494205  
               0.00498207  0.000182048  0.00184135  
               -0.00115057  -0.0048508  0.000589541  
               -0.000268126  -0.00497359  0.0312726  
               0.000865782  -0.00491473  0.0316316  
               0.00308673  -0.00390386  0.0408176  
               0.00387264  -0.00312477  0.0414405  
               -0.000709477  -0.00493012  0.000799284  
               0.00181565  -0.00464905  0.0486639  
               0.00118389  -0.0048407  0.0489248  
               -0.000302776  -0.00497018  0.000577366  
               0.00357428  0.00348833  0.04829  
               0.00359097  0.00346798  0.0473824  
               0.00477133  -0.00141256  0.0492505  
               0.00465116  -0.0018087  0.0494652  
               -0.000471224  0.00495359  0.0493952  
               0.0019825  -0.00458247  0.0221109  
               0.00317204  -0.00383385  0.0228372  
               -0.00439147  -0.00233984  0.0305348  
               0.00206269  0.00453961  0.016277  
               0.00276219  0.00416572  0.0150202  
               0.00307496  0.00391352  0.0163742  
               0.00385489  0.0031464  0.0490609  
               -0.00435937  0.0023999  0.0186585  
               -0.00442263  0.00228154  0.0200365  
               -0.00486287  0.00111078  0.0191247  
               -0.00134589  0.00479156  0.049395  
               -0.00494207  0.000588188  0.049335  
               0.00103133  -0.00488698  0.00365727  
               0.00254311  -0.00428282  0.00362288  
               0.0018011  -0.00465347  0.00304545  
               0.00462706  0.00188815  0.0142772  
               0.00490868  0.000927155  0.0132928  
               -0.0046053  0.0019398  0.0490015  
               -0.0046053  0.0019398  0.0494491  
               0.00484535  -0.00116854  0.00133133  
               -0.00458211  -0.00198317  0.0010801  
               0.00289487  0.00406131  0.0493716  
               0.00467538  -0.00172887  0.00378754  
               0.00417103  -0.00275225  0.00202276  
               0.00405424  -0.00290349  0.00362402  
               -0.00493563  -0.000653604  0.000832155  
               -0.00348843  -0.00357419  0.000728813  
               -0.00437404  -0.00237244  0.0472217  
               -0.000541918  -0.00494663  0.0489253  
               0.000325151  -0.00496798  0.0491569  
               -0.00294623  -0.00401917  0.0493798  
               -0.00360496  -0.00345094  0.0494293  
               -0.00389297  0.0031  0.000579026  
               -0.0032683  0.00375485  0.000576398  
               -0.00360435  0.00345168  0.000731285  
               0.00457846  -0.00199001  0.000574555  
               0.00417103  -0.00275225  0.000621103  
               0.000860549  0.00491524  0.049202  
               -0.00152331  0.00473774  0.00335005  
               -0.00160522  0.00471289  0.00473283  
               -0.000806583  0.00492056  0.00403441  
               0.00239643  -0.00436122  0.0232657  
               0.00339592  -0.00365011  0.0238269  
               -0.00315359  0.00384899  0.00830286  
               -0.00291931  0.00404125  0.00692363  
               -0.00191497  0.00461857  0.0071687  
               0.00297872  -0.0039925  0.000825007  
               0.00437494  -0.00237077  0.00108321  
               0.0018581  -0.00463618  0.000619668  
               0.00144515  -0.00476144  0.000926498  
               -0.00138183  -0.00478065  0.00669094  
               0.00122412  0.00482849  0.00156352  
               0.00494871  -0.000520792  0.0492639  
               0.000875595  -0.00491376  0.00130593  
               0.0018581  -0.00463618  0.00194485  
               0.000603286  -0.00494058  0.000660413  
               -0.00294591  0.00401942  0.0492406  
               -0.00492481  0.000763448  0.000801445  
               -0.00478488  0.00136791  0.000685958  
               0.00471124  0.00161066  0.0490532  
               0.00455949  0.0020255  0.0493706  
               0.00241955  0.00434886  0.00489836  
               0.0025034  0.00430405  0.00345401  
               0.0031931  0.00381656  0.0037968  
               0.00401917  -0.00294623  0.0490989  
               -0.000915408  0.00490984  0.0491406  
               -0.000645703  -0.0049364  0.00251569  
               0.000860585  -0.00491524  0.00246484  
               0.00332445  -0.00370876  0.0383299  
               -0.000849478  -0.00491633  0.0472765  
               0.00331297  -0.00371819  0.00144961  
               0.00382785  -0.00317935  0.0467244  
               -0.00147564  -0.00475219  0.00568086  
               0.00477841  0.00138923  0.000960172  
               0.00466416  0.00176587  0.00121653  
               0.00129203  0.00480789  0.0494137  
               0.00171818  0.00467862  0.0489434  
               -0.00091689  0.00490969  0.00051962  
               -0.00493027  -0.00070803  0.0490194  
               -0.00471424  -0.00160076  0.0486558  
               0.00441891  0.00228851  0.0469543  
               0.00462299  0.00190157  0.0480705  
               0.0048885  0.00102629  0.0467781  
               -0.00258575  -0.00426003  0.0490711  
               0.000373196  0.00496324  0.000559487  
               -5.70684e-05  0.00499438  0.000712726  
               0.000297996  0.00497065  0.00103067  
               0.00262539  -0.00423884  0.000587789  
               -0.00495619  0.000444845  0.0116668  
               -0.00490947  -0.000919187  0.0115808  
               -0.00496542  0.000351071  0.0129559  
               0.0027707  -0.00416117  0.00957373  
               0.00257259  -0.00426706  0.0106679  
               -0.00499225  7.87121e-05  0.00110401  
               -0.00460335  0.00194344  0.047883  
               0.00301323  0.00396418  0.0466006  
               -0.00332702  0.00370665  0.0256473  
               -0.00285015  0.00409801  0.0246867  
               -0.00096725  -0.00490473  0.0131268  
               -0.00231659  -0.0044039  0.0129125  
               0.00436277  -0.00239352  0.0324924  
               0.0016379  0.00470298  0.000874665  
               0.00491243  0.000889072  0.0477575  
               -0.00459067  0.00196716  0.00104357  
               0.00483697  0.00119618  0.00170021  
               0.00494627  0.00054548  0.000919325  
               -0.00426307  0.00258005  0.0302056  
               -0.00356471  0.00349998  0.0315334  
               -0.00497969  0.000206226  0.0489112  
               -0.00494207  0.000588188  0.0479497  
               -0.00302921  0.00395106  0.0428455  
               0.00495057  -0.000501827  0.0487881  
               0.00490393  -0.000975452  0.0487715  
               0.00471987  -0.00158219  0.000774727  
               -0.00362087  0.00343155  0.0494498  
               -0.00228905  -0.00441862  0.00424504  
               -0.0015826  -0.00471975  0.00273184  
               -0.000900222  -0.00491134  0.00363452  
               0.00454505  -0.00205252  0.0411614  
               0.0048193  -0.00125444  0.0401778  
               0.00455975  -0.00202501  0.0392656  
               0.00122412  0.00482849  0.000602455  
               0.0040323  -0.00293023  0.0332894  
               0.00453236  -0.00207624  0.0335201  
               0.00482022  -0.00125138  0.0458763  
               0.00499808  1.95244e-05  0.045295  
               0.004858  -0.00112684  0.0443596  
               0.00421134  -0.00267683  0.0243275  
               0.000289553  0.00497148  0.00385996  
               0.00196206  0.0045934  0.0470062  
               0.00289487  0.00406131  0.0482934  
               0.00251873  0.00429585  0.0490596  
               0.00124047  -0.00482353  0.0481088  
               0.00200993  -0.00456781  0.049328  
               -0.00257441  0.00426609  0.0487159  
               -0.00234982  0.00438614  0.0471137  
               -0.00134589  0.00479156  0.0484794  
               -0.00484235  0.00117845  0.00134909  
               -0.0043627  -0.00239366  0.0490104  
               -0.0031449  0.00385612  0.00938227  
               -0.00362814  0.00342269  0.0102447  
               -0.00390128  0.00308988  0.0093047  
               -0.00332028  -0.00371219  0.0310328  
               -0.00210252  -0.00451832  0.0322683  
               -0.00189307  -0.00462557  0.0309241  
               -0.00474136  0.00151137  0.04939  
               -0.00176917  -0.00466316  0.0138002  
               0.000417233  0.00495891  0.0494131  
               0.00187926  0.00462976  0.00167426  
               0.00145379  0.00475883  0.00225138  
               0.0048283  0.00122475  0.0493796  
               0.00323809  0.00377964  0.0490595  
               -0.00427951  -0.0025493  0.0459901  
               0.00465116  -0.0018087  0.0490358  
               -0.00474225  0.00150841  0.00836831  
               0.00435081  0.00241591  0.0489187  
               0.0041362  0.00280362  0.0493723  
               0.00200993  -0.00456781  0.0479998  
               0.00462908  -0.0018815  0.0475827  
               0.00470702  -0.00162458  0.0481034  
               0.00483699  -0.0011961  0.0477954  
               0.00385489  0.0031464  0.049477  
               0.00342822  0.00362361  0.0436348  
               0.00404777  0.00291138  0.0445795  
               0.00392394  0.00306226  0.0457276  
               0.0039017  -0.00308936  0.000521064  
               -0.00496807  -0.000324195  0.0493771  
               0.0041362  0.00280362  0.0479846  
               -0.00220156  -0.00446538  0.0469429  
               -0.00442985  0.00226804  0.00963771  
               -0.00486882  0.00109119  0.0105134  
               -0.00438214  0.0023573  0.0108464  
               -0.00258575  -0.00426003  0.049481  
               -0.00418035  -0.00273481  0.0394671  
               -0.0045236  -0.00209264  0.041254  
               -4.0336e-05  -0.00499603  0.00174019  
               0.00155261  -0.00472885  0.0113523  
               -0.00182918  0.00464495  0.0358232  
               -0.00209369  -0.00452304  0.00189744  
               0.00395503  0.00302438  0.0418706  
               0.00445656  0.00221806  0.0411219  
               0.00357351  0.00348927  0.0493721  
               -0.00439295  0.00233707  0.000639557  
               -0.00417664  0.00274176  0.000527436  
               -0.00475979  0.00145062  0.0462851  
               -0.00498468  -0.000155563  0.0471633  
               -0.00425777  -0.00258998  0.000755944  
               -0.00389718  -0.00309487  0.00108632  
               -0.00427486  -0.00255799  0.00157127  
               0.00258965  -0.00425794  0.0025406  
               0.00490396  0.000975104  0.000617259  
               -0.00486013  0.00111982  0.0490714  
               -0.0049151  0.000862  0.00196025  
               -0.00389297  0.0031  0.00360185  
               -0.00492418  0.000769846  0.044976  
               -0.00316208  -0.00384202  0.0144819  
               -0.00381835  -0.00319092  0.0140847  
               -0.00341081  -0.00363789  0.0154353  
               -0.00388099  -0.0031146  0.0485558  
               0.000803405  0.00492087  0.000874252  
               4.28867e-05  -0.00499578  0.0363621  
               0.00105282  -0.00488046  0.000722787  
               -0.00290687  0.00405147  0.0306249  
               0.00446288  0.00220624  0.0160652  
               0.00431474  0.00248339  0.0150426  
               0.00477841  0.00138923  0.000534007  
               -0.00241032  -0.0043538  0.000537489  
               -0.00271595  0.00419044  0.0331452  
               0.000538396  -0.00494697  0.0473781  
               0.00021372  -0.00497895  0.00108404  
               -0.0049455  0.000553334  0.00737865  
               -0.00493137  -0.000696779  0.00767567  
               0.00410441  0.00284235  0.0296435  
               0.00347252  0.00358725  0.0298909  
               0.00415066  0.002786  0.0307516  
               0.00417692  -0.00274123  0.017341  
               0.00361713  -0.00343611  0.0168422  
               0.00381218  -0.00319844  0.0181794  
               -0.00291931  0.00404125  0.00080145  
               -0.00418188  0.00273195  0.0493135  
               -0.00389035  0.00310318  0.0492262  
               -0.00134589  0.00479156  0.0469927  
               0.00323378  0.00378318  0.0337014  
               0.00404653  0.00291289  0.0339496  
               0.00433909  0.00243784  0.034903  
               0.00462694  0.00188856  0.0359453  
               0.00242218  0.00434746  0.00134788  
               0.00151124  0.0047414  0.0272731  
               0.00455399  0.00203578  0.0458139  
               0.00483269  0.0012103  0.0443319  
               -0.00343053  -0.00362171  0.0482725  
               -0.00366465  -0.00337821  0.0472791  
               -0.00298432  -0.0039879  0.0477953  
               -0.00236447  0.00437831  0.0460065  
               -0.00274216  0.00417642  0.0443464  
               -0.00415735  -0.00277785  0.0494292  
               0.00088075  -0.00491325  0.0162229  
               0.000947886  0.00490664  0.020251  
               -0.00383633  0.00316901  0.00245724  
               -0.00133353  0.0047953  0.00168248  
               0.00458315  -0.00198123  0.00709132  
               0.00481417  -0.00127133  0.00592485  
               -0.0006065  -0.00494026  0.0386546  
               -0.000513945  -0.00494938  0.0396567  
               0.00496601  -0.00034509  0.0171083  
               -0.00388099  -0.0031146  0.0492428  
               0.00224434  -0.00444252  0.00104704  
               0.00499116  8.97942e-05  0.0483349  
               -0.00129662  -0.0048065  0.0175232  
               -0.00223214  -0.00444904  0.016779  
               -0.00128418  -0.00481027  0.0160161  
               0.00144964  -0.00476008  0.046665  
               -0.000497353  0.00495101  0.00307581  
               -0.000990233  0.00489944  0.00242109  
               -0.00317259  0.00383339  0.0485408  
               0.00418566  0.00272489  0.0258044  
               0.00453507  0.00207119  0.0249786  
               -0.00254215  0.00428333  0.00138348  
               -0.00417664  0.00274176  0.000942246  
               -0.00383446  0.0031713  0.00105926  
               0.0049292  0.000718823  0.0493197  
               -0.00418188  0.00273195  0.0487067  
               -0.00165578  0.00469755  0.0450367  
               -0.0013338  0.00479522  0.0434398  
               -0.00444045  -0.0022482  0.0244864  
               -0.00415415  -0.00278175  0.0236768  
               0.00248903  0.00431173  0.0331426  
               0.00157  0.00472357  0.0331908  
               0.00218884  0.00447218  0.0340916  
               0.00269167  0.00420341  0.0371015  
               0.00283485  0.00411057  0.0381836  
               0.00355578  0.00351086  0.0376173  
               0.00479398  -0.00133789  0.0234308  
               0.00499987  1.30523e-06  0.0231523  
               0.00426003  -0.00258575  0.048376  
               0.00416377  -0.00276583  0.0474769  
               0.00449125  -0.00215317  0.0480831  
               0.00239366  -0.0043627  0.0489272  
               -0.00091689  0.00490969  0.000927513  
               -0.00420542  -0.00268792  0.0484073  
               -0.00401947  0.00294585  0.021869  
               -0.00304379  0.0039391  0.0209119  
               -0.00274958  0.00417246  0.0221883  
               0.00273508  0.00418021  0.00182876  
               0.00282442  0.00411913  0.00124104  
               -0.00217951  0.00447717  0.049395  
               0.00264061  0.0042307  0.0455914  
               -2.56631e-05  -0.00499747  0.0233609  
               0.00085216  -0.00491607  0.0226743  
               0.000905026  -0.00491086  0.0238552  
               -0.000661252  0.00493487  0.00166959  
               0.00384666  -0.00315643  0.0046434  
               0.00390874  -0.00308078  0.00566597  
               0.00320808  -0.00380427  0.00524606  
               -0.00362087  0.00343155  0.0490027  
               -0.00364272  -0.00340492  0.0125703  
               -0.00430661  -0.00249859  0.0133265  
               0.00468771  0.00168823  0.0341704  
               -0.00109526  -0.00486758  0.0270601  
               0.000608526  -0.00494007  0.0277203  
               -0.000579528  -0.00494292  0.0282045  
               -0.00465094  -0.00180944  0.0275069  
               -0.00470527  -0.00163033  0.0254095  
               -0.00492099  -0.00080225  0.0272295  
               -0.00317249  0.00383347  0.0475661  
               0.0043982  -0.00232724  0.0295262  
               0.00470938  -0.00161679  0.0304448  
               0.00402267  -0.00294196  0.0396826  
               -0.000292531  -0.00497119  0.00108357  
               -0.00206734  0.00453713  0.0426934  
               -0.00251221  0.00429934  0.00428689  
               -0.00389533  0.00309713  0.00480689  
               -0.0010628  0.00487743  0.0299494  
               -0.00199157  0.00457763  0.0309152  
               0.00421184  -0.00267591  0.0126239  
               0.0033328  -0.00370191  0.0115638  
               -0.0040174  0.00294838  0.00174273  
               0.000543035  -0.00494652  0.017454  
               -0.00375062  0.00327345  0.0481159  
               0.000325151  -0.00496798  0.0483762  
               -0.00468912  -0.00168359  0.0021757  
               -0.00493929  -0.000616405  0.00185935  
               0.00326432  0.00375811  0.0184676  
               0.0021414  0.00449754  0.0187265  
               0.00271537  0.00419074  0.0176614  
               0.00498927  -0.000108907  0.0490543  
               -0.00275673  -0.00416864  0.0363584  
               0.00473642  0.00152765  0.0369051  
               0.00441334  0.00229892  0.0375086  
               0.00492089  0.00080319  0.0391848  
               0.0049954  -4.67415e-05  0.0403112  
               0.00291044  0.00404853  0.0351759  
               -0.00377174  -0.00324772  0.0419357  
               -0.00367249  -0.00336865  0.0406011  
               -0.00256809  -0.00426947  0.0422023  
               0.00115397  -0.00484977  0.0193198  
               0.00149459  -0.00474645  0.0183118  
               -0.000410696  0.00495955  0.00103067  
               -0.00381837  0.0031909  0.0470964  
               -0.00314558  0.00385556  0.0465921  
               -0.00467669  0.00172454  0.0221205  
               -0.00490756  0.000938585  0.0212418  
               0.00324845  0.00377113  0.00480862  
               -0.00367074  0.00337079  0.0283976  
               -0.0028509  0.00409739  0.0284768  
               -0.00406721  0.00288769  0.0477336  
               -0.0043136  0.00248553  0.0481492  
               -0.00347768  -0.00358301  0.00355674  
               -0.0031642  -0.00384028  0.00475288  
               -0.000487432  0.00495199  0.000560129  
               0.00498426  0.000159765  0.0363883  
               0.0044274  -0.00227261  0.0488114  
               -0.00214877  0.0044936  0.0267785  
               -0.00325816  0.00376317  0.00111545  
               0.00384365  -0.0031601  0.0290539  
               0.000593949  0.0049415  0.0374722  
               0.000934891  0.00490792  0.0390462  
               0.00313659  -0.00386294  0.0395491  
               0.00216488  -0.00448499  0.0410838  
               -0.00475187  -0.0014767  0.039834  
               0.00488792  -0.0010282  0.0163588  
               -0.00262827  -0.0042373  0.00288917  
               0.00256848  0.00426926  0.00239571  
               -0.00462421  0.00189754  0.0484787  
               -0.00351821  -0.00354975  0.0214102  
               -0.00390285  -0.00308796  0.0227552  
               -0.00231996  -0.0044021  0.00661043  
               -0.00325141  -0.00376871  0.00583356  
               -0.000818776  0.00491936  0.0457579  
               -0.00481411  -0.00127153  0.0198654  
               -0.00494811  -0.000526868  0.0192139  
               -0.00474746  -0.00149125  0.0188355  
               -0.00498983  0.000103292  0.00347803  
               0.00209756  0.00452097  0.0287436  
               0.00158408  0.0047193  0.0296539  
               0.000380794  0.0049625  0.0282379  
               0.00258462  -0.00426063  0.0472198  
               -0.00496244  -0.000381345  0.0419094  
               -0.00494166  0.000592286  0.04134  
               -0.00482117  0.00124825  0.0473135  
               -0.00447812  0.00217772  0.00754074  
               0.00488598  0.00103461  0.015211  
               0.00417294  -0.00274869  0.0155329  
               0.00357577  -0.00348651  0.0158451  
               0.0049292  0.000718823  0.0487318  
               0.00496078  0.000398188  0.0329193  
               0.00366252  0.0033808  0.0361382  
               -0.00304124  -0.00394119  0.0389535  
               -0.00169626  -0.00468527  0.0432756  
               0.00346813  -0.00359085  0.0144567  
               0.00139306  0.00477725  0.00391761  
               6.60707e-05  -0.00499349  0.0130876  
               -0.000786279  -0.00492256  0.0141487  
               0.00298635  -0.00398624  0.0350338  
               0.00246156  0.00432641  0.0274526  
               0.00310581  0.0038882  0.0283102  
               0.00367346  0.00336746  0.0274052  
               -0.00470705  -0.00162448  0.0460732  
               -0.00427688  0.00255423  0.0464367  
               0.00240096  0.0043588  0.0130031  
               0.00251873  0.00429585  0.0494761  
               -0.00233412  0.00439453  0.0386794  
               -0.00362549  0.00342593  0.0384836  
               -0.00297403  0.00399635  0.0375265  
               -0.000435419  -0.00495711  0.020076  
               -0.00490504  -0.000964194  0.0326201  
               -0.00479356  -0.00133929  0.0314339  
               -0.00312367  -0.00387354  0.0223524  
               -0.00165654  -0.00469732  0.0220662  
               -0.00254171  -0.00428357  0.0215515  
               0.00335707  -0.003682  0.0455597  
               0.00286185  0.00408841  0.00771134  
               0.00176021  0.00466587  0.0176444  
               0.00476638  -0.00142887  0.048777  
               0.00463972  -0.00184642  0.0485416  
               -0.00363692  -0.00341199  0.0489461  
               0.00442977  0.00226818  0.0429977  
               -0.00491786  -0.00083402  0.0229013  
               -0.00472137  -0.00157725  0.0237842  
               0.000551453  0.00494569  0.0016737  
               -0.000962718  0.00490518  0.036271  
               -0.0006815  0.00493288  0.0347988  
               0.0049723  0.000281255  0.0492639  
               0.00498927  -0.000108907  0.0494735  
               0.00430166  0.00250786  0.00389799  
               0.00271781  0.00418944  0.0250095  
               0.00341562  0.00363394  0.0121892  
               0.00390573  0.00308445  0.0111877  
               0.00328612  0.00374022  0.0309202  
               0.00243863  0.00433866  0.0307171  
               -0.00478923  -0.00135357  0.0134323  
               -0.00494476  -0.000560834  0.0140378  
               -0.00393962  -0.00304315  0.0478472  
               0.00478389  -0.00137116  0.0294429  
               -0.00494107  0.000598377  0.00490682  
               -0.00469788  0.00165469  0.00452819  
               -0.00388149  0.00311399  0.022857  
               0.00401082  0.00295639  0.00705658  
               0.00362499  0.00342653  0.0388543  
               -0.00361455  -0.00343925  0.0106794  
               0.00490396  0.000975104  0.00243164  
               0.00496238  -0.000381937  0.00342949  
               0.00467911  0.00171657  0.028936  
               0.00499153  8.59849e-05  0.0283505  
               0.00481411  0.00127155  0.0277498  
               0.000253138  0.00497507  0.029735  
               -0.00230638  0.00440936  0.0100023  
               -0.00199814  -0.00457411  0.0356532  
               -0.0022276  -0.00445146  0.037295  
               -0.002772  -0.00416048  0.0111892  
               0.000253331  -0.00497505  0.0141121  
               -5.67795e-05  0.00499441  0.00208381  
               -0.0046313  0.00187418  0.0146973  
               -0.00431378  0.0024852  0.015553  
               -0.00491754  -0.000837263  0.0480025  
               0.00492152  -0.000796809  0.0352554  
               -0.00360435  0.00345168  0.00138724  
               -0.0030945  0.00389748  0.0020127  
               0.00342598  0.00362544  0.0102595  
               0.00294412  -0.0040209  0.036698  
               0.00189259  -0.00462571  0.0422137  
               0.000972787  -0.00490419  0.0415452  
               0.000675468  -0.00493347  0.0354475  
               0.000134925  -0.00498671  0.0341691  
               -0.000653489  -0.00493564  0.0350434  
               -0.00263202  0.00423529  0.0295811  
               -0.00127649  0.00481261  0.0282992  
               0.00390872  0.00308081  0.00831475  
               0.00494627  0.00054548  0.000515898  
               -0.000109763  0.00498919  0.00650299  
               -0.00338135  -0.00366207  0.0337341  
               0.00487007  0.00108705  0.0250923  
               -0.00152525  -0.00473715  0.03427  
               -0.0044117  0.00230199  0.048737  
               -0.00440469  0.00231511  0.0492253  
               0.00499544  4.62911e-05  0.014044  
               0.00472115  0.001578  0.0307672  
               0.00473973  0.00151675  0.0325257  
               0.00495884  0.000417894  0.0317132  
               0.0045076  -0.00212258  0.0284444  
               0.00484801  -0.00115979  0.0279859  
               0.00476778  -0.00142428  0.0326804  
               0.00494805  -0.000527436  0.0340286  
               0.00474202  -0.00150919  0.0344044  
               -0.00140292  0.00477426  0.020774  
               -0.000414604  0.00495917  0.0213213  
               0.000240767  0.00497629  0.0462368  
               0.000691939  -0.00493185  0.00797838  
               0.000876019  -0.00491372  0.00598035  
               0.00187927  -0.00462976  0.00748897  
               0.00189547  0.00462484  0.00296056  
               0.00390116  0.00309002  0.0286881  
               -0.00324079  0.00377742  0.00309918  
               -0.00394857  -0.00303225  0.00544341  
               -0.00399898  -0.00297082  0.0043845  
               -0.0035841  0.00347636  0.0357297  
               -5.16771e-05  0.00499491  0.0196315  
               -0.00442354  -0.00227984  0.0224686  
               0.00292131  0.00403961  0.00657464  
               -0.00475504  0.00146628  0.0482097  
               -0.00411828  0.00282546  0.0276076  
               -0.00269425  -0.00420203  0.0258898  
               -0.00165183  -0.00469875  0.011469  
               -0.00210212  -0.00451853  0.00955846  
               -0.000399729  0.00496063  0.024761  
               -0.00184312  0.00464072  0.0257142  
               -0.000808351  0.00492038  0.0266185  
               -0.00412592  -0.00281614  0.0489427  
               0.00473301  0.00153889  0.00747036  
               -0.00482907  -0.00122222  0.0470564  
               -0.00355216  -0.00351528  0.0259351  
               -0.00303358  -0.00394747  0.0268034  
               0.00473083  -0.00154607  0.0253137  
               0.00491626  -0.000850193  0.0244972  
               -0.00490892  -0.000924706  0.0448222  
               0.00268695  0.00420594  0.0227585  
               0.00462641  0.00189032  0.00470019  
               0.00490664  0.000947913  0.004057  
               -0.00438042  0.00236052  0.0136352  
               -0.00341431  0.00363502  0.0152379  
               -0.00374762  0.0032771  0.0131888  
               -0.00197799  0.00458488  0.024401  
               -8.85391e-05  -0.00499128  0.00707179  
               0.00323809  0.00377964  0.0494762  
               -0.00367698  -0.00336318  0.024853  
               -0.00176425  0.00466465  0.019602  
               0.00486545  0.0011023  0.0298066  
               0.00497724  -0.000231046  0.0296987  
               0.00336226  0.00367774  0.0134459  
               -0.00498456  0.000156717  0.0153718  
               -5.70684e-05  0.00499438  0.00134861  
               -0.00297383  -0.00399652  0.0300175  
               -0.00377112  -0.00324847  0.0298266  
               -0.00437304  0.00237433  0.0475385  
               -0.00348843  -0.00357419  0.00229379  
               0.00417017  0.00275386  0.0221469  
               0.00471194  0.00160834  0.0220196  
               -0.00434426  0.00242816  0.00569531  
               -0.00437109  0.00237796  0.0233491  
               0.00246454  -0.00432482  0.011726  
               0.00178312  -0.00465892  0.00941678  
               -0.00166795  0.00469386  0.0218847  
               0.0041737  -0.00274726  0.0431473  
               0.00338143  -0.003662  0.0427194  
               -0.00245456  0.00433015  0.00883381  
               -0.00209985  -0.00451975  0.0151714  
               -0.000532671  0.00494754  0.0290671  
               0.00154409  0.00473143  0.0372383  
               0.00203304  0.00455546  0.0388986  
               -0.0049488  0.000519824  0.0270966  
               0.00422406  -0.00265305  0.0144484  
               0.00468677  -0.00169133  0.0142275  
               0.00470072  -0.00164534  0.0130746  
               -0.00471946  -0.00158355  0.0357152  
               0.00237538  0.00437247  0.0416769  
               0.00119712  0.00483668  0.0409561  
               0.00133664  0.00479436  0.0459485  
               0.00287528  0.00407739  0.0265175  
               0.001919  0.00461641  0.0257593  
               -0.00487014  -0.00108683  0.00444678  
               -0.00493032  -0.000707477  0.00561854  
               -0.00113124  -0.00485667  0.00913082  
               -0.00474441  0.00150132  0.0115137  
               0.00494303  0.000578404  0.0426502  
               -0.00431638  0.00248032  0.00858232  
               0.00497701  -0.000233416  0.0464976  
               0.00475274  -0.00147384  0.019686  
               0.00276898  -0.00416209  0.0260834  
               0.00210596  -0.00451648  0.0267439  
               0.00395299  0.00302687  0.00475787  
               0.00375506  0.00326804  0.00333402  
               0.00437258  0.00237519  0.00280041  
               0.000873633  0.00491395  0.034049  
               -0.00321649  -0.00379737  0.00733851  
               0.000693589  0.00493169  0.00735023  
               -0.00495306  -0.000476614  0.0388149  
               -0.00496602  0.000345041  0.0399731  
               -0.00490412  0.000973469  0.0391951  
               0.00313435  0.00386477  0.000545829  
               -0.00319481  -0.00381516  0.00871657  
               -0.00419884  -0.00270023  0.00850667  
               0.00193489  -0.00460792  0.0456979  
               0.00150837  -0.00474227  0.0442183  
               -0.000399718  0.00496063  0.0444548  
               -0.0022165  0.00445739  0.0405656  
               0.00392385  0.00306237  0.0171378  
               0.00378268  0.00323439  0.0161585  
               0.00391243  0.00307629  0.0198951  
               0.0044698  0.00219329  0.0190729  
               -0.00105597  0.0048795  0.00806006  
               -0.000455396  0.00495515  0.00524265  
               -0.000293801  0.00497106  0.0123745  
               -0.000524419  0.00494835  0.0135572  
               -0.00478991  0.00135132  0.00937447  
               0.000791455  0.00492205  0.00500367  
               0.000104135  0.00498974  0.0101562  
               -0.00121126  0.00483239  0.00987814  
               0.00109011  0.00486915  0.00287293  
               0.00414879  -0.00278828  0.031106  
               -0.00480207  0.00131124  0.0201046  
               0.00412129  -0.00282179  0.021363  
               0.003493  -0.00357044  0.0216155  
               0.00414976  -0.00278709  0.0227818  
               0.000163119  -0.00498393  0.0302864  
               0.0033368  -0.00369863  0.00640606  
               0.00354315  -0.00352626  0.0075243  
               0.00276302  -0.00416528  0.0076154  
               -0.00478223  -0.00137665  0.0146099  
               0.00497306  0.0002735  0.0488097  
               -0.00180229  -0.00465311  0.041666  
               6.06468e-05  -0.00499403  0.00440008  
               0.00111388  -0.00486194  0.00478209  
               -0.00430386  -0.00250374  0.0350426  
               0.00493349  -0.000675334  0.0307698  
               0.00498927  -0.000108907  0.0475163  
               0.00492904  -0.000720492  0.0473997  
               -0.00447543  0.00218276  0.0124523  
               0.00402864  -0.00293469  0.00686129  
               -0.00459316  0.00196251  0.0375079  
               -0.000754099  -0.00492573  0.0294497  
               -0.00497316  0.000272543  0.00593359  
               -0.00492352  -0.000776553  0.00664651  
               -0.00262125  -0.00424106  0.0435619  
               0.00492983  -0.00071244  0.0480252  
               0.000834172  0.00491784  0.0218591  
               -0.00425855  -0.00258851  0.0112183  
               -0.00462887  -0.00188218  0.0125352  
               0.00467916  0.00171641  0.0240054  
               -0.00218161  -0.00447605  0.0269003  
               -0.003338  -0.00369764  0.0278138  
               -0.00298854  0.00398444  0.0398198  
               -0.00446039  -0.0022109  0.0482779  
               -0.00455088  0.0020416  0.0364232  
               -0.00340348  -0.00364391  0.0462983  
               -0.00359392  -0.00346439  0.0450285  
               -0.00179646  -0.00465488  0.0280726  
               -0.00421259  -0.0026745  0.0161838  
               -0.00467524  -0.00172934  0.015571  
               -0.00466501  -0.00176305  0.0167882  
               -0.0010561  -0.00487946  0.00776886  
               -0.00280445  0.00413552  0.0136109  
               -0.00463472  0.00186289  0.0472426  
               0.00465994  -0.00177976  0.0357343  
               0.00432322  -0.00246752  0.0346802  
               0.00124923  0.00482088  0.0107506  
               0.00192732  0.00461197  0.0202322  
               0.00483713  0.00119564  0.0196312  
               0.00498129  0.000189935  0.0195964  
               0.00321085  -0.00380199  0.00844015  
               0.00423834  0.00262633  0.0365486  
               -0.00276051  0.00416662  0.011768  
               -0.00169079  0.00468693  0.0107651  
               0.00496087  0.000397304  0.0272733  
               -0.0043241  0.00246589  0.0399268  
               -0.00366284  0.00338042  0.00742812  
               -0.00468372  -0.00170138  0.0105042  
               -0.00494064  -0.000602689  0.0104982  
               0.00490919  -0.000921994  0.0118547  
               0.00156846  -0.00472404  0.0172447  
               0.00256801  -0.00426951  0.0170096  
               -0.00376583  -0.00325492  0.0373049  
               -0.00486387  0.0011075  0.0233878  
               -0.00498447  0.000157713  0.0230097  
               0.00445196  -0.00222668  0.00609383  
               0.0047473  -0.00149178  0.0471615  
               0.000864087  0.00491489  0.0449096  
               -0.00497071  0.00029738  0.0240556  
               0.003798  0.00321572  0.0145585  
               -0.00480885  0.00128887  0.0432944  
               -0.0040603  0.0028961  0.0431964  
               -0.00465842  0.00178477  0.0443826  
               0.00445318  0.0022244  0.0230305  
               0.00488897  0.00102477  0.0231468  
               0.00442779  -0.0022719  0.0453183  
               -0.00123143  0.00482628  0.0393287  
               -0.000716337  0.00492945  0.0378041  
               0.00460183  0.00194628  0.0387191  
               -0.000667187  0.00493429  0.0146567  
               -0.00470749  -0.00162302  0.0333561  
               -0.00436477  -0.0023898  0.0316985  
               0.00434966  0.00241805  0.00971661  
               -0.00474812  -0.00148906  0.00346257  
               -0.00471795  -0.00158852  0.0478669  
               -0.00427562  -0.00255658  0.047835  
               -0.00411162  -0.00283357  0.00728007  
               -0.0046897  -0.00168167  0.0078685  
               0.00499071  9.42744e-05  0.0413535  
               0.00490475  -0.000967067  0.0412886  
               -0.00284789  -0.00409987  0.0195281  
               -0.0036889  -0.00334865  0.0195312  
               0.00177183  0.00466235  0.00782127  
               -0.000157874  0.00498445  0.0392621  
               0.00119973  0.00483589  0.00618193  
               -0.000398345  -0.00496077  0.0179334  
               -0.00499141  -8.72135e-05  0.0331082  
               -0.00488354  0.00104264  0.0366986  
               -0.00477784  -0.00139111  0.0219085  
               0.00497386  0.000265391  0.0162991  
               0.0028874  -0.00406744  0.0419093  
               -0.00452823  -0.00208398  0.00463155  
               0.000929382  -0.00490846  0.0457634  
               -0.00477352  0.00140536  0.0279776  
               -0.00467865  0.0017181  0.0291598  
               -0.00463801  -0.00185207  0.00598377  
               0.00382589  0.00318173  0.0242203  
               -0.00412875  -0.0028127  0.0334913  
               -0.00446303  0.00220595  0.0419571  
               0.00398288  -0.00299044  0.0362761  
               0.00374926  -0.00327511  0.0351115  
               0.0020456  0.00454875  0.0362497  
               -0.00388105  0.00311452  0.0487387  
               -0.00479643  0.00132982  0.0245021  
               -0.00439175  -0.00233932  0.0449959  
               0.00447026  -0.00219243  0.0370871  
               0.000181928  0.00498208  0.00898691  
               0.00111151  0.00486265  0.0085861  
               -0.00162556  0.00470672  0.0139204  
               -0.00127444  0.00481323  0.0127943  
               -0.00252147  0.00429438  0.0056474  
               0.00483368  -0.00120703  0.0483388  
               0.00465694  0.00178966  0.00609567  
               0.000443184  0.00495635  0.0164617  
               3.03822e-05  0.00499701  0.0155164  
               0.00368033  -0.0033591  0.020631  
               0.000530725  0.00494773  0.0432854  
               -0.00198337  0.00458201  0.0230954  
               -0.000121005  -0.00498808  0.0460308  
               -0.00320107  0.00381002  0.0347951  
               -0.00210356  0.00451776  0.0347015  
               -0.00480424  0.00130408  0.0173753  
               -0.00249428  0.00430892  0.0162354  
               0.00441339  -0.00229883  0.0114161  
               0.00116479  -0.00484649  0.0299171  
               0.00458044  -0.00198631  0.0166562  
               -0.000726776  -0.00492842  0.0106609  
               -0.000977105  0.00490342  0.0157209  
               0.0011854  0.00484024  0.0155689  
               0.004954  -0.000467011  0.015513  
               -0.00138145  -0.00478077  0.0232921  
               0.00268418  -0.00420742  0.0432495  
               0.00382659  -0.00318088  0.0196331  
               0.00441244  -0.00230062  0.0465454  
               -0.00496765  0.00032844  0.0202087  
               -0.00352449  0.0035446  0.0455269  
               0.00499381  -6.28902e-05  0.0385868  
               0.00326658  0.00375626  0.0017  
               -0.00468931  -0.00168296  0.036924  
               -0.00184297  -0.00464077  0.0247755  
               -0.00137142  -0.00478381  0.0463594  
               -0.00445804  -0.00221529  0.0212396  
               -0.00403865  -0.00292248  0.020645  
               -0.0039576  0.00302124  0.0370638  
               0.00492718  -0.000739382  0.0204519  
               0.0045629  -0.00201911  0.0205932  
               0.000595915  0.00494131  0.0128374  
               0.00285617  -0.00409307  0.030203  
               0.0027604  -0.00416668  0.028969  
               -0.0027372  -0.00417908  0.0248793  
               -0.00218824  0.0044725  0.014936  
               0.000229057  0.00497744  0.0115181  
               -0.00480972  -0.001286  0.0302712  
               0.000552382  0.0049456  0.0401227  
               -0.00100592  0.00489468  0.0403901  
               0.000260385  0.00497435  0.0414311  
               0.00291998  0.00404071  0.00295656  
               0.00308041  0.00390905  0.00228778  
               0.00448754  -0.00216011  0.0421972  
               0.00333204  0.00370254  0.0414644  
               -0.00492102  0.000801884  0.0302354  
               -6.01608e-05  0.00499407  0.0311398  
               2.71997e-05  -0.00499732  0.0322829  
               -0.00494253  -0.00058354  0.0460072  
               -0.00497466  -0.000257304  0.0407882  
               -0.00425731  -0.00259084  0.0438141  
               -0.000391273  -0.00496146  0.021952  
               -0.000934947  -0.00490792  0.040577  
               0.000572282  -0.00494364  0.0399813  
               -0.00498735  -0.000128481  0.0306312  
               -0.0049763  -0.000240629  0.0293162  
               0.00483433  -0.00120487  0.0424319  
               0.00102091  0.00489014  0.0230993  
               0.0021612  0.00448696  0.0238293  
               -0.00472048  0.00158019  0.0160242  
               -0.00110148  -0.0048657  0.0212335  
               -0.00316395  -0.00384049  0.0351372  
               -0.000455046  -0.00495518  0.0257873  
               -0.000361873  -0.00496436  0.0243629  
               0.00235949  0.00438097  0.0433943  
               0.00323742  0.00378019  0.0424634  
               -0.00146325  -0.00475595  0.0452379  
               0.000154432  -0.00498479  0.0374302  
               0.00497927  -0.000210449  0.0128477  
               -0.00428669  -0.00253587  0.0188193  
               0.0028021  -0.00413745  0.0448584  
               -0.0046632  -0.00176903  0.017821  
               -0.00423312  -0.0026361  0.0174605  
               0.00331388  -0.00371744  0.0267953  
               -0.00464665  0.00182358  0.0406266  
               -0.00144454  -0.00476163  0.0197004  
               -0.00214999  -0.00449295  0.0205404  
               -0.00499089  9.24999e-05  0.00907943  
               -0.00406487  0.00289054  0.0291922  
               -0.00382069  -0.00318807  0.0323635  
               -0.00438366  0.00235445  0.0353095  
               0.000282439  -0.00497218  0.0289607  
               -0.00356609  0.0034983  0.029824  
               0.00186495  0.0046341  0.0117516  
               0.00499328  -6.82738e-05  0.026357  
               -0.0048612  0.00111632  0.0138027  
               0.00222736  0.00445159  0.0217518  
               0.00494947  0.000513061  0.0212654  
               -0.00477935  0.00138611  0.0056243  
               0.0048822  0.00104706  0.016938  
               0.000764234  -0.00492473  0.0388641  
               -0.00118915  0.0048391  0.0421461  
               0.00277785  -0.00415735  0.0462274  
               0.00487808  -0.00106067  0.0389727  
               0.00490611  0.000953276  0.0264362  
               0.00492498  -0.00076174  0.00470248  
               -0.00499139  8.74526e-05  0.0182357  
               0.00090464  -0.0049109  0.0264536  
               0.00350461  -0.00356092  0.00252274  
               -0.00377408  0.00324487  0.0340995  
               -0.00106304  -0.00487736  0.0320558  
               -0.00497969  0.000206226  0.0428723  
               -0.00217805  -0.00447795  0.0445012  
               0.00399161  0.0029798  0.0128667  
               0.00456186  0.00202106  0.0124778  
               -0.00311383  -0.00388162  0.0184542  
               -0.00365484  -0.00339016  0.0168534  
               -0.00381676  -0.00319286  0.0357949  
               0.00205941  0.00454136  0.0446689  
               0.00487432  0.00107307  0.0409865  
               0.00471365  0.00160271  0.0420808  
               0.00441675  -0.00229254  0.0265857  
               0.00415765  -0.00277728  0.0257492  
               0.00411812  -0.00282565  0.0273785  
               -0.00496552  0.000350073  0.0254715  
               0.00305109  -0.00393311  0.0127695  
               0.00438405  -0.00235372  0.00499284  
               -0.00499198  -8.1473e-05  0.0220389  
               0.00467323  0.00173594  0.0399745  
               -0.00117661  0.0048429  0.00612149  
               0.00434538  0.00242607  0.027774  
               -0.00443573  -0.00225703  0.0287552  
               -0.00494276  -0.000581128  0.0246396  
               0.00462783  0.00188562  0.0269373  
               -0.00491254  -0.000887961  0.0162936  
               0.000319509  0.00496853  0.0365101  
               -0.00420787  -0.00268334  0.00996842  
               -0.00239792  -0.00436043  0.00764699  
               -0.00466588  0.0017602  0.0339847  
               0.00497664  0.000237166  0.0241541  
               0.00366157  0.00338195  0.00587803  
               -0.00496846  0.000320238  0.0315394  
               -0.00091887  -0.0049095  0.0368321  
               -0.00112259  0.00485929  0.0116898  
               0.00345891  0.00359842  0.0323001  
               0.00426568  0.00257518  0.032465  
               0.00463584  -0.00185921  0.0182229  
               0.00497821  0.000221232  0.0111233  
               0.00495165  0.00049091  0.00995103  
               0.00456706  0.00201134  0.0109199  
               0.0025139  -0.00429844  0.0340628  
               0.00234423  -0.00438912  0.00492609  
               0.00207287  -0.00453417  0.00622761  
               -0.00124488  0.0048222  0.0237446  
               -0.00439715  -0.00232922  0.0145483  
               -0.00426916  0.00256867  0.0326702  
               -0.00452956  0.00208149  0.0312687  
               -0.00033205  0.0049673  0.0230896  
               -0.00242923  0.00434369  0.0127011  
               -0.00300635  -0.00396982  0.00976662  
               0.00341617  -0.00363349  0.0341481  
               -0.00257304  -0.00426682  0.0454657  
               0.00134487  -0.00479186  0.0138372  
               0.00343967  -0.0036142  0.0323694  
               0.00281944  -0.00412322  0.0329954  
               -0.00464659  0.00182377  0.0268735  
               0.00498851  -0.000116655  0.00808277  
               0.00480075  -0.00131557  0.00791888  
               0.00494174  0.000591543  0.037761  
               0.00194586  -0.00460205  0.030943  
               -0.00343895  -0.0036148  0.0438938  
               -0.000514174  -0.00494936  0.0060958  
               -0.00427384  0.00255991  0.0453163  
               0.00236644  -0.00437725  0.0139662  
               -0.00251618  -0.00429722  0.00538167  
               -0.0041515  -0.00278498  0.0265859  
               -0.00419494  -0.00270752  0.0275929  
               -0.00383063  0.00317596  0.0445993  
               0.0049701  -0.000303558  0.0187077  
               0.00491254  -0.000888007  0.0217816  
               -0.00267461  0.00421253  0.0316656  
               -0.00341806  0.00363195  0.0239521  
               -0.00278989  0.00414747  0.0417134  
               0.00442426  -0.00227849  0.0191372  
               0.00114237  0.00485329  0.0242562  
               -0.00403106  -0.00293174  0.00293445  
               0.00144461  -0.00476161  0.0342436  
               -0.00493116  -0.000698977  0.0173112  
               0.00483522  -0.00120193  0.0316388  
               0.00356282  0.00350229  0.0226075  
               -0.00247456  0.00431946  0.0180883  
               -0.00132039  0.00479929  0.0184354  
               0.00121733  -0.00483055  0.0149939  
               0.00344341  -0.00361114  0.0103189  
               0.00400263  -0.00296637  0.00874286  
               0.000565082  -0.00494434  0.0446429  
               0.00284254  -0.00410426  0.0317068  
               0.0016249  -0.00470692  0.0127664  
               -0.00157067  -0.00472337  0.0398103  
               0.00323805  0.00377967  0.0211425  
               -0.0017452  -0.00467043  0.0296124  
               -0.00490425  0.000972165  0.0332685  
               0.00156306  -0.00472568  0.0286403  
               -0.00160963  0.00471155  0.0170944  
               -0.000478917  0.00495283  0.0168528  
               -0.00172959  -0.00467516  0.0258443  
               0.00496942  0.000310464  0.0348563  
               0.00188866  -0.00462691  0.0207313  
               -0.00484605  -0.00116625  0.00933814  
               -0.00433138  0.00245225  0.0167548  
               0.00228748  -0.00441946  0.0388316  
               -0.00127281  0.00481372  0.0319698  
               -0.00124132  0.00482327  0.0334416  
               0.00302782  -0.0039522  0.0189233  
               -0.00158608  -0.0047187  0.038719  
               -0.000465678  -0.00495413  0.0448627  
               -0.000176439  -0.00498262  0.0438949  
               0.00112052  0.00485992  0.0192438  
               0.00204011  0.00455168  0.0319631  
               0.0010695  0.0048754  0.0319785  
               0.00486273  -0.00111125  0.0376853  
               -0.00384299  0.0031609  0.0408662  
               0.00483478  0.0012034  0.00896335  
               0.00471521  -0.00159756  0.0100202  
               -0.00479754  0.00132615  0.0356805  
               -0.00493061  0.000704533  0.0348125  
               -0.00498184  0.00018435  0.0359966  
               -0.00364822  0.00339823  0.041995  
               0.00445436  0.00222219  0.00866414  
               0.000245168  -0.00497585  0.0187712  
               -0.00016701  -0.00498355  0.00967301  
               0.00482192  -0.00124578  0.0268702  
               0.00479072  0.00134864  0.0181498  
               0.00263891  -0.00423161  0.0154438  
               -0.00324341  -0.00377528  0.0134514  
               -0.00124694  -0.00482157  0.0442356  
               -0.00485619  -0.00113282  0.0430308  
               -0.0033599  0.00367967  0.0196327  
               -0.0036487  0.00339765  0.0325657  
               0.00313696  0.00386263  0.0200657  
               0.00138662  -0.0047792  0.0325506  
               -0.000512899  -0.00494948  0.0331854  
               0.00453792  -0.00206585  0.0220463  
               -0.00418313  -0.00272961  0.0384472  
               -0.00415183  -0.00278457  0.025548  
               0.00040625  -0.00495999  0.0107479  
               -0.0038095  0.00320171  0.0117502  
               0.00378811  -0.00322777  0.0445836  
               0.00453384  0.00207348  0.0171616  
               5.40806e-05  0.00499467  0.0176998  
               -0.0023156  -0.00440443  0.0408318  
               -0.00491557  -0.000857243  0.0207682  
               0.0010302  0.00488732  0.0352554  
               -0.00247427  -0.00431962  0.0289648  
               -0.00287896  -0.00407437  0.0235604  
               0.00140466  0.00477373  0.031017  
               -0.0046597  0.00178056  0.0256868  
               -0.00438314  0.00235542  0.0247733  
               0.00107777  0.00487289  0.0141605  
               -0.00464695  -0.00182257  0.0383978  
               -0.00427008  0.00256694  0.0383369  
               0.00255061  0.00427881  0.0401772  
               0.00379394  0.00322067  0.0401543  
               -0.00461204  0.00192719  0.0391311  
               0.0045287  0.0020831  0.020413  
               0.00219646  -0.00446811  0.0249458  
               0.00341465  -0.00363474  0.0253883  
               -0.00441951  -0.00228737  0.0425434  
               0.00409111  -0.00285856  0.0097493  
               0.00449948  -0.00213777  0.0442509  
               0.000596583  -0.00494124  0.0249198  
               -0.00165058  0.00469913  0.0369804  
               -5.17994e-05  0.0049949  0.0330801  
               0.00498472  -0.000155167  0.0253324  
               -0.00369131  0.00334572  0.00610773  
               -0.00476356  0.00143816  0.03231  
               0.00437624  -0.00236833  0.038283  
               -0.00493196  0.000690806  0.0165357  
               -0.00172917  -0.00467529  0.0186472  
               0.00466351  -0.00176801  0.0155945  
               -0.00223137  -0.00444945  0.033409  
               0.00490799  -0.000934179  0.017924  
               -0.00494636  -0.000544637  0.0350496  
               -0.00474215  -0.00150877  0.0346574  
               0.00498121  0.000190759  0.0442778  
               -0.00493169  -0.000693599  0.033989  
               0.00335123  0.00368679  0.0256724  
               -0.00115806  -0.00484853  0.0378124  
               0.00131957  0.00479954  0.0439725  
               0.00451896  -0.00210133  0.00861062  
               0.00189014  -0.00462646  0.0162502  
               0.0015916  0.00471702  0.039962  
               -0.000485966  -0.00495214  0.0118405  
               -0.00499351  -6.59363e-05  0.0279243  
               -0.0032526  0.00376773  0.0275092  
               0.000783888  0.00492279  0.0260547  
               0.00124353  0.00482261  0.0422326  
               0.00495042  -0.000503366  0.00930344  
               0.00493781  -0.000631387  0.010336  
               0.00314119  -0.00385917  0.0199181  
               0.00485495  -0.00113691  0.00261355  
               0.00221968  -0.00445569  0.0084751  
               0.00337605  -0.00366642  0.0281027  
               -0.00370876  0.00332446  0.0164787  
               0.00397722  0.00299733  0.021008  
               0.00495957  -0.00041045  0.0432998  
               0.00136867  -0.00478465  0.0255598  
               -0.00444304  -0.00224335  0.0200087  
               -0.004211  0.00267748  0.0261723  
               0.00149095  -0.00474755  0.0395673  
               -0.00488352  -0.00104274  0.0282296  
               0.00203433  0.00455477  0.0350917  
               -0.00492592  0.000752189  0.0292396  
               0.000476882  -0.00495303  0.0121607  
               0.0025188  0.00429581  0.0296941  
               0.00229023  -0.00441799  0.0195591  
               0.0049342  0.000668072  0.012277  
               0.000512027  -0.00494957  0.0332163  
               0.00254552  -0.00428153  0.0279536  
               -0.00381034  0.00320068  0.0205462  
               -0.00496427  -0.000362796  0.0438368  
               0.000659174  -0.00493508  0.0215748  
               -0.00383302  -0.00317304  0.0287342  
            </DataArray>
         </Points> 

         <Cells>
            <DataArray type="Int32" Name="connectivity" NumberOfComponents="1" format="ascii">
               
            </DataArray> 
            <DataArray type="Int32" Name="offsets" NumberOfComponents="1" format="ascii">
               
            </DataArray>
            <DataArray type="UInt8"  Name="types" NumberOfComponents="1" format="ascii">
               
            </DataArray>
         </Cells>
         <PointData Scalars="Rank " Vectors="DisplacementDelta Force ">
            <DataArray type="UInt32" Name="Rank" NumberOfComponents="1" format="ascii">
               0 0 0 0 0 0 0 0 0 0 0 0 0 0 0 0 0 0 0 0 0 0 0 0 0 0 0 0 0 0 0 0 0 0 0 0 0 0 0 0 0 0 0 0 0 0 0 0 0 0 0 0 0 0 0 0 0 0 0 0 0 0 0 0 0 0 0 0 0 0 0 0 0 0 0 0 0 0 0 0 0 0 0 0 0 0 0 0 0 0 0 0 0 0 0 0 0 0 0 0 0 0 0 0 0 0 0 0 0 0 0 0 0 0 0 0 0 0 0 0 0 0 0 0 0 0 0 0 0 0 0 0 0 0 0 0 0 0 0 0 0 0 0 0 0 0 0 0 0 0 0 0 0 0 0 0 0 0 0 0 0 0 0 0 0 0 0 0 0 0 0 0 0 0 0 0 0 0 0 0 0 0 0 0 0 0 0 0 0 0 0 0 0 0 0 0 0 0 0 0 0 0 0 0 0 0 0 0 0 0 0 0 0 0 0 0 0 0 0 0 0 0 0 0 0 0 0 0 0 0 0 0 0 0 0 0 0 0 0 0 0 0 0 0 0 0 0 0 0 0 0 0 0 0 0 0 0 0 0 0 0 0 0 0 0 0 0 0 0 0 0 0 0 0 0 0 0 0 0 0 0 0 0 0 0 0 0 0 0 0 0 0 0 0 0 0 0 0 0 0 0 0 0 0 0 0 0 0 0 0 0 0 0 0 0 0 0 0 0 0 0 0 0 0 0 0 0 0 0 0 0 0 0 0 0 0 0 0 0 0 0 0 0 0 0 0 0 0 0 0 0 0 0 0 0 0 0 0 0 0 0 0 0 0 0 0 0 0 0 0 0 0 0 0 0 0 0 0 0 0 0 0 0 0 0 0 0 0 0 0 0 0 0 0 0 0 0 0 0 0 0 0 0 0 0 0 0 0 0 0 0 0 0 0 0 0 0 0 0 0 0 0 0 0 0 0 0 0 0 0 0 0 0 0 0 0 0 0 0 0 0 0 0 0 0 0 0 0 0 0 0 0 0 0 0 0 0 0 0 0 0 0 0 0 0 0 0 0 0 0 0 0 0 0 0 0 0 0 0 0 0 0 0 0 0 0 0 0 0 0 0 0 0 0 0 0 0 0 0 0 0 0 0 0 0 0 0 0 0 0 0 0 0 0 0 0 0 0 0 0 0 0 0 0 0 0 0 0 0 0 0 0 0 0 0 0 0 0 0 0 0 0 0 0 0 0 0 0 0 0 0 0 0 0 0 0 0 0 0 0 0 0 0 0 0 0 0 0 0 0 0 0 0 0 0 0 0 0 0 0 0 0 0 0 0 0 0 0 0 0 0 0 0 0 0 0 0 0 0 0 0 0 0 0 0 0 0 0 0 0 0 0 0 0 0 0 0 0 0 0 0 0 0 0 0 0 0 0 0 0 0 0 0 0 0 0 0 0 0 0 0 0 0 0 0 0 0 0 0 0 0 0 0 0 0 0 0 0 0 0 0 0 0 0 0 0 0 0 0 0 0 0 0 0 0 0 0 0 0 0 0 0 0 0 0 0 0 0 0 0 0 0 0 0 0 0 0 0 0 0 0 0 0 0 0 0 0 0 0 0 0 0 0 0 0 0 0 0 0 0 0 0 0 0 0 0 0 0 0 0 0 0 0 0 0 0 0 0 0 0 0 0 0 0 0 0 0 0 0 0 0 0 0 0 0 0 0 0 0 0 0 0 0 0 0 0 0 0 0 0 0 0 0 0 0 0 0 0 0 0 0 0 0 0 0 0 0 0 0 0 0 0 0 0 0 0 0 0 0 0 0 0 0 0 0 0 0 0 0 0 0 0 0 0 0 0 0 0 0 0 0 0 0 0 0 0 0 0 0 0 0 0 0 0 0 0 0 0 0 0 0 0 0 0 0 0 0 0 0 0 0 0 0 0 0 0 0 0 0 0 0 0 0 0 0 0 0 0 0 0 0 0 0 0 0 0 0 0 0 0 0 0 0 0 0 0 0 0 0 0 0 0 0 0 0 0 0 0 0 0 0 0 0 0 0 0 0 0 0 0 0 0 0 0 0 0 0 0 0 0 0 0 0 0 0 0 0 0 0 0 0 0 0 0 0 0 0 0 0 0 0 0 0 0 0 0 0 0 0 0 0 0 0 0 0 0 0 0 0 0 0 0 0 0 0 0 0 0 0 0 0 0 0 0 0 0 0 0 0 0 0 0 0 0 0 0 0 0 0 0 0 0 0 0 0 0 0 0 0 0 0 0 0 0 0 0 0 0 0 0 0 0 0 0 0 0 0 0 0 0 0 0 0 0 0 0 0 0 0 0 0 0 0 0 0 0 0 0 0 0 0 0 0 0 0 0 0 0 0 0 0 0 0 0 0 0 0 0 0 0 0 0 0 0 0 0 0 0 0 0 0 0 0 0 0 0 0 0 0 0 0 0 0 0 0 0 0 0 0 0 0 0 0 0 0 0 0 0 0 0 0 0 0 0 0 0 0 0 0 0 0 0 0 0 0 0 0 0 0 0 0 0 0 0 0 0 
            </DataArray>
            <DataArray type="Float64" Name="DisplacementDelta" NumberOfComponents="3" format="ascii">
               3.88195e-10 2.29562e-10 2.67804e-10  1.55061e-10 1.07428e-10 1.68002e-10  -5.26124e-10 1.24572e-09 8.77357e-12  -4.1721e-10 4.98889e-10 -1.16511e-11  -2.0702e-11 3.19391e-10 2.89047e-10  1.48797e-11 1.77058e-10 2.12383e-10  1.17732e-06 -3.83454e-06 1.84405e-06  5.04865e-11 1.61509e-09 -1.30315e-10  4.83187e-10 1.83208e-09 -1.67432e-10  3.25103e-10 1.69068e-09 -2.68361e-10  -4.5543e-11 -1.66433e-10 1.18458e-10  4.9813e-06 -3.94362e-06 2.20933e-06  5.68489e-06 -6.09201e-07 2.13305e-06  1.05156e-07 3.02227e-07 -9.42408e-08  7.58594e-08 1.41486e-07 -5.61188e-08  2.15536e-07 2.74534e-07 -1.27958e-07  1.80318e-10 2.23294e-10 2.52232e-10  3.31108e-06 -3.09174e-06 2.12763e-06  6.6847e-11 -4.16526e-10 2.50052e-10  1.7892e-11 -7.41547e-10 2.23831e-10  2.82478e-10 -1.25155e-09 1.7748e-10  4.04493e-06 1.52761e-06 2.1711e-06  4.77985e-06 2.40403e-06 2.09663e-06  -1.68329e-10 2.97167e-10 2.87704e-10  -6.65172e-11 2.48228e-10 2.56959e-10  2.13671e-10 1.55283e-10 2.10059e-10  -9.63784e-11 9.98507e-11 1.54683e-10  2.82665e-06 4.19981e-06 2.44479e-06  -2.25999e-10 4.16001e-10 3.57095e-10  -1.73526e-10 2.5217e-10 2.80009e-10  3.97536e-06 4.22356e-06 2.24523e-06  4.37274e-06 3.43207e-06 2.42237e-06  1.10285e-10 6.94795e-10 3.2685e-10  -2.07577e-06 5.12151e-06 2.40038e-06  -2.20877e-06 4.13246e-06 2.40886e-06  -4.21854e-06 7.93211e-06 -8.37914e-07  -1.16094e-10 2.23465e-10 2.178e-10  -3.56658e-10 6.67934e-10 4.42296e-10  1.55337e-06 7.16223e-08 -3.88094e-07  9.98161e-07 1.45087e-07 -2.48148e-07  9.11318e-07 -1.21982e-07 -2.51113e-07  -2.29831e-06 -6.74496e-06 2.28449e-06  -1.31449e-06 -8.42424e-06 1.5354e-06  -4.73734e-10 7.35236e-10 4.22933e-10  -9.22408e-10 1.46655e-09 2.49709e-10  -5.84113e-10 1.28158e-09 4.77679e-10  -4.36107e-09 8.58086e-09 -2.92867e-09  -7.01275e-09 5.41138e-09 -1.80787e-09  -1.60935e-06 5.04217e-06 2.02502e-06  2.90657e-06 6.10651e-06 2.49347e-06  2.5304e-06 4.53935e-06 2.56347e-06  -5.05024e-06 -6.11629e-06 2.05891e-06  -3.19945e-06 -5.91212e-06 2.29873e-06  6.22758e-06 5.73041e-06 1.77569e-06  7.98133e-06 3.5785e-06 1.73068e-07  6.37348e-06 6.08655e-06 -5.03913e-07  1.90707e-06 4.08848e-06 2.1263e-06  6.53263e-06 3.32677e-06 2.06274e-06  -6.19311e-06 2.61776e-06 -1.32151e-06  -8.07309e-06 4.71218e-06 5.51971e-07  -8.35322e-06 3.08397e-06 3.54723e-07  -7.41059e-11 1.31786e-10 2.89618e-10  6.42454e-11 -3.62449e-10 2.5448e-10  -2.16086e-06 -5.00512e-06 2.19591e-06  6.30629e-06 -3.3905e-07 2.34195e-06  3.60577e-06 1.48269e-07 2.02353e-06  1.1546e-09 -4.47489e-11 7.13151e-11  1.38842e-09 2.80614e-10 9.9866e-11  1.55802e-09 2.24814e-10 1.41465e-10  4.21264e-06 5.31902e-06 2.43937e-06  1.32225e-09 -1.03302e-08 -4.54227e-09  -8.74787e-10 -1.90694e-08 -1.14216e-08  -3.74004e-06 -4.30305e-06 2.04299e-06  -2.30631e-06 -3.3623e-06 2.12285e-06  -7.73509e-11 -7.56812e-11 7.50096e-11  9.27338e-06 3.32998e-07 7.04743e-07  -1.15332e-06 -4.92574e-06 2.06011e-06  2.88843e-10 1.51915e-10 -2.13927e-10  3.0508e-10 4.25834e-11 -2.73752e-10  -5.51774e-10 9.17674e-10 -2.53299e-10  -6.09865e-10 6.72438e-10 -2.50322e-10  -7.63086e-07 -4.81346e-06 2.25488e-06  -3.924e-10 8.70572e-10 5.70231e-10  -2.13706e-10 5.16111e-10 4.97738e-10  -2.4341e-07 -3.94237e-06 1.83909e-06  -3.4329e-10 -3.59816e-10 1.01201e-10  -2.92189e-10 -3.94201e-10 -7.75319e-11  -1.29392e-10 1.67694e-10 1.97663e-10  -3.43938e-11 1.38789e-10 1.55553e-10  5.50244e-11 -2.08508e-10 1.90553e-10  2.29996e-09 -3.33395e-09 -1.12393e-09  1.29593e-09 -2.32204e-09 -5.28129e-10  1.27567e-09 3.7447e-10 -4.10121e-11  6.60504e-09 1.28153e-08 -7.44374e-09  1.8736e-08 2.81838e-08 -1.1257e-08  1.01075e-08 1.34952e-08 -7.35474e-09  -1.45874e-10 -1.06412e-10 1.22123e-10  -7.57592e-09 4.56394e-09 -3.48292e-09  -2.7252e-09 1.91908e-09 -1.82118e-09  -3.348e-09 6.00607e-10 -2.7843e-09  4.63715e-11 -2.25847e-10 2.03919e-10  7.37978e-11 1.31911e-10 6.795e-11  9.42562e-07 -4.26238e-06 -1.2929e-06  2.29558e-06 -3.88547e-06 -1.2085e-06  2.29815e-06 -6.021e-06 -1.3704e-06  3.97561e-08 2.00789e-08 -1.24865e-08  2.69731e-08 9.42483e-09 -2.0015e-08  -1.41287e-10 1.13508e-10 2.69023e-11  -8.1921e-11 7.38536e-11 -1.08592e-11  7.68442e-06 -1.76532e-06 1.79812e-06  -7.48784e-06 -3.0033e-06 2.29627e-06  -5.79266e-11 -1.15383e-10 1.13392e-10  3.05408e-06 -1.13198e-06 -1.14922e-06  7.47098e-06 -4.87412e-06 2.54585e-07  3.38027e-06 -2.68473e-06 -1.27702e-06  -6.66977e-06 -9.00362e-07 2.51867e-06  -3.74918e-06 -3.92707e-06 2.33715e-06  1.26266e-09 7.35102e-10 2.07394e-10  -1.1268e-10 5.40951e-10 3.80648e-10  -1.0022e-10 3.62755e-10 3.84174e-10  6.12456e-11 1.19985e-10 1.76086e-10  9.95489e-11 8.45538e-11 1.49064e-10  -3.69641e-06 3.05516e-06 2.21154e-06  -3.06315e-06 3.60745e-06 2.21012e-06  -3.42638e-06 3.36023e-06 2.41618e-06  3.83173e-06 -1.56777e-06 1.94684e-06  4.51341e-06 -2.9917e-06 2.00169e-06  2.43327e-11 -2.69868e-10 1.98152e-10  -1.8013e-06 4.92447e-06 -1.49968e-06  -7.64374e-07 2.16568e-06 -7.14441e-07  -5.03076e-07 3.186e-06 -1.1761e-06  1.39438e-09 -2.73065e-09 -3.88153e-10  1.47523e-09 -1.87863e-09 -1.05188e-10  -3.74843e-07 3.88533e-07 -1.17031e-07  -4.64397e-07 6.37157e-07 -2.31694e-07  -3.09824e-07 7.33667e-07 -2.20787e-07  3.36091e-06 -4.40436e-06 2.33127e-06  5.99895e-06 -3.17538e-06 2.16452e-06  2.04853e-06 -5.02121e-06 2.06097e-06  1.76527e-06 -5.58317e-06 2.25365e-06  -2.85196e-07 -8.75529e-07 -2.46915e-07  2.4266e-06 8.86928e-06 1.53188e-06  -1.65837e-10 8.30833e-11 1.67545e-10  1.35079e-06 -7.73916e-06 1.99198e-06  3.32008e-06 -8.21708e-06 4.98127e-07  6.1777e-07 -5.18707e-06 2.19064e-06  -6.37857e-11 -1.84877e-10 1.50875e-10  -5.34797e-06 8.70778e-07 2.39195e-06  -5.29569e-06 1.56228e-06 2.30842e-06  -3.14156e-10 -9.75456e-12 1.09781e-10  -1.91838e-10 -2.66696e-11 8.96326e-11  1.11988e-06 1.95056e-06 -7.56658e-07  2.94625e-06 4.91582e-06 -1.50115e-06  2.83548e-06 3.49723e-06 -1.35696e-06  -3.38137e-10 4.27266e-10 3.35721e-10  1.00055e-10 -3.73223e-10 2.45153e-10  -9.69721e-07 -8.14508e-06 -8.49018e-07  1.38481e-06 -8.23875e-06 -6.21478e-07  -3.25537e-10 7.12228e-10 -1.74094e-10  -5.80367e-11 1.76089e-09 2.20803e-10  5.63372e-06 -6.4019e-06 1.63743e-06  -1.00022e-09 1.38045e-09 -8.81508e-11  -4.26469e-07 -1.47709e-06 -3.92601e-07  5.39447e-06 1.48134e-06 2.30991e-06  6.65365e-06 2.54657e-06 2.04558e-06  1.27788e-11 -1.33413e-10 1.39845e-10  -2.18164e-11 -3.0198e-10 1.73026e-10  -8.39281e-07 4.05688e-06 1.7759e-06  2.918e-10 2.49213e-10 2.25339e-10  5.75101e-10 3.24738e-10 3.08824e-10  -4.21348e-10 -1.40901e-10 -1.04742e-10  -4.15784e-10 -5.72091e-11 5.52615e-11  -7.63453e-10 8.80555e-11 -2.29569e-10  6.92259e-11 2.58902e-10 2.63354e-10  4.95329e-07 4.23823e-06 2.04128e-06  1.14288e-07 4.1928e-06 2.26171e-06  6.58386e-07 6.23904e-06 2.39511e-06  2.23726e-06 -3.45016e-06 2.03985e-06  -1.1211e-07 1.03519e-08 -5.06963e-08  -1.1999e-07 -2.98794e-08 -2.82549e-08  -2.83804e-08 -2.0898e-10 -2.8496e-08  1.69298e-07 -2.33586e-07 -7.94107e-08  8.39037e-08 -1.40269e-07 -6.53232e-08  -7.63988e-06 7.39342e-08 2.27873e-06  1.24315e-10 4.14554e-11 1.67092e-10  -1.20907e-10 -5.32213e-10 -1.01954e-10  -4.28541e-10 2.17982e-10 -1.65908e-10  -8.07978e-10 1.52721e-09 -4.00468e-10  -7.27796e-09 -5.23546e-08 -2.07007e-08  -2.73027e-08 -4.91815e-08 -2.76589e-08  -1.41052e-09 3.59705e-10 -1.90563e-10  2.39599e-06 6.51386e-06 2.52514e-06  -7.47725e-10 1.19717e-10 8.52155e-11  -5.9546e-06 2.72952e-06 2.31328e-06  8.29038e-06 2.01508e-06 1.10401e-06  6.50363e-06 7.08852e-07 2.25319e-06  1.05856e-09 -5.51314e-10 1.45172e-10  7.18545e-10 -3.98934e-10 1.44984e-10  1.90405e-10 2.38068e-10 1.53498e-10  5.70332e-10 3.07809e-10 2.14555e-10  7.23888e-10 -9.78623e-10 -1.43486e-10  -4.03926e-10 1.77081e-10 2.23623e-10  -3.60414e-10 2.32183e-10 2.42301e-10  5.64409e-06 -1.73402e-06 2.3151e-06  -7.19198e-11 -4.88293e-11 4.23729e-11  -1.3583e-06 -2.60865e-06 -9.8044e-07  -2.44109e-06 -7.01474e-06 -1.19319e-06  -6.92054e-07 -4.24567e-06 -1.19882e-06  -1.03763e-09 6.91306e-10 -3.05209e-10  -7.12666e-10 5.05535e-10 -2.32419e-10  -8.17166e-10 5.96088e-10 -9.19723e-11  1.21835e-06 4.43379e-06 2.2059e-06  -1.15029e-09 2.73207e-10 1.03217e-11  -1.65442e-09 6.17455e-10 3.55488e-11  -4.85582e-10 6.20496e-10 -2.58535e-10  -3.81396e-10 4.24072e-10 -1.72557e-10  -7.02285e-10 7.0685e-10 -1.27594e-10  2.18123e-09 -1.91247e-09 -3.55419e-10  2.57522e-07 3.80724e-06 -1.31056e-06  -2.93496e-11 -8.80559e-10 -2.3221e-11  -2.81812e-10 -4.91616e-10 9.59737e-11  -1.43876e-10 -3.13366e-10 1.48178e-10  -4.94652e-10 1.45346e-09 5.55586e-10  -1.41324e-10 2.14932e-10 3.51322e-10  7.61651e-11 -5.93673e-10 2.62105e-10  4.56219e-10 -1.45434e-09 2.27883e-10  2.25369e-10 -7.7622e-10 3.15355e-10  -8.06413e-06 1.97725e-06 1.91162e-06  3.54047e-10 2.02623e-10 2.63762e-10  -2.31166e-07 2.29518e-07 -9.20358e-08  -1.79992e-07 1.47912e-07 -6.39163e-08  -3.13116e-07 2.34444e-07 -9.97827e-08  7.73693e-10 3.63856e-10 1.86905e-10  3.29852e-10 6.50623e-10 1.19148e-10  6.22722e-10 4.76506e-10 4.73133e-12  -3.34794e-11 1.05257e-10 -4.08616e-13  -1.63117e-08 -4.38445e-08 -1.47002e-08  3.52044e-11 -1.54701e-10 1.6651e-10  3.67729e-06 8.6846e-06 1.27853e-06  2.93878e-06 8.96219e-06 -2.37874e-07  -2.93455e-10 3.12503e-12 1.01356e-10  -1.40901e-10 -1.90266e-10 1.35283e-10  1.29812e-09 8.22226e-10 1.07897e-10  -2.27706e-10 2.9863e-10 2.53423e-10  -3.84697e-07 1.13405e-07 -1.50551e-07  -2.37115e-10 -8.64228e-11 1.16153e-10  -8.53289e-11 -3.63841e-11 8.71184e-11  -6.72438e-10 1.64342e-09 4.78149e-10  -9.55606e-10 7.6972e-10 1.13711e-10  -7.48268e-10 5.77928e-10 2.49624e-10  -8.66815e-10 5.09464e-10 1.67234e-10  -7.95436e-11 -5.85686e-11 7.61312e-11  -2.27558e-10 -9.12292e-10 3.33184e-11  -6.63172e-11 -3.72114e-10 -1.75425e-10  -4.42246e-10 -4.00296e-10 -1.70992e-10  3.40138e-06 -2.74248e-06 1.829e-06  9.38792e-11 1.55334e-10 1.27908e-10  -4.51359e-10 -3.20181e-10 2.77844e-11  4.20302e-10 1.26442e-09 1.5465e-10  -2.5336e-07 1.33866e-07 -7.41075e-08  -2.34378e-07 4.94412e-08 -7.1105e-08  -1.46369e-07 7.35663e-08 -6.30463e-08  1.95809e-11 1.03348e-10 1.60352e-10  6.55944e-10 4.29517e-10 6.67733e-11  1.1621e-09 2.9899e-10 -3.55167e-10  -1.396e-07 -8.80749e-06 1.02457e-06  2.96733e-08 -1.34975e-07 -5.19815e-08  3.57203e-10 -1.64998e-10 2.48476e-11  -3.78534e-06 -8.18578e-06 5.8938e-07  2.67436e-10 -3.37735e-10 -2.13293e-10  8.44398e-11 2.57898e-10 -2.49501e-10  -9.22732e-11 -8.94265e-11 9.61492e-11  -5.03256e-06 2.82865e-06 2.36049e-06  -3.62139e-06 2.47045e-06 1.96986e-06  6.16749e-10 6.66326e-11 1.86851e-10  1.02199e-09 4.62976e-10 1.35592e-10  -5.40727e-06 -3.17873e-06 2.2828e-06  -5.30744e-06 -4.24381e-06 2.24457e-06  -7.53298e-06 -4.36677e-06 1.40237e-06  4.21427e-06 -6.91918e-06 -7.84741e-07  4.67005e-06 9.10118e-07 2.04358e-06  1.16809e-10 1.42043e-10 4.44319e-11  -8.93278e-06 1.50966e-06 4.96593e-07  -3.74331e-06 3.24565e-06 -1.46004e-06  1.72675e-09 8.12092e-12 1.28205e-10  -9.10002e-09 -1.7286e-08 -1.03926e-08  -2.26514e-08 -1.44147e-08 -1.31695e-08  -1.51108e-08 -1.35603e-08 -5.35162e-09  4.30289e-10 3.13351e-10 3.12556e-10  1.27257e-06 6.64366e-06 2.42672e-06  -9.5507e-11 4.91818e-10 -1.2517e-10  9.35614e-07 -4.26755e-06 2.13778e-06  9.08991e-10 -5.47876e-10 1.50627e-10  1.49319e-08 1.67952e-09 -9.26068e-09  3.0919e-08 1.39099e-08 -1.32577e-08  3.95264e-06 1.0474e-06 1.94996e-06  -2.02218e-06 -3.7435e-06 2.00373e-06  8.66881e-10 -2.00727e-10 2.34216e-10  -5.15534e-10 2.02849e-09 2.86382e-10  1.86118e-07 -6.8064e-06 2.31472e-06  -6.8106e-07 1.05814e-07 -2.16594e-07  -5.8947e-07 -8.34286e-08 -1.61913e-07  -4.08264e-10 1.91137e-10 5.5996e-11  -7.61324e-11 5.23329e-10 9.65271e-11  -3.43501e-10 3.83585e-10 1.43382e-10  9.82859e-09 -5.06156e-09 -4.7494e-09  8.74608e-09 -9.63256e-09 -4.68884e-09  4.66798e-09 -4.97984e-09 -4.02751e-09  -4.01556e-06 5.54024e-06 2.54018e-06  -1.12397e-10 4.25241e-12 1.6754e-11  -1.13458e-10 -3.81179e-11 5.0156e-11  5.17578e-10 -1.57457e-09 1.54121e-10  -2.75893e-10 -1.76036e-10 -7.21479e-11  -3.74802e-10 2.21281e-10 9.92189e-11  -1.63852e-10 5.38653e-10 1.52259e-10  -7.20084e-10 -1.40261e-10 6.26016e-11  4.20474e-06 7.5973e-06 2.09821e-06  2.10162e-10 1.11782e-09 7.40834e-11  -2.54332e-10 -2.09077e-10 -2.78355e-10  -1.6468e-10 1.79452e-10 -1.9505e-10  4.3886e-10 5.02756e-10 3.19258e-10  8.55056e-10 7.61664e-10 2.52487e-10  4.97426e-10 8.21252e-10 2.82716e-10  6.09496e-10 -1.57327e-09 2.30116e-11  6.00689e-10 -1.10246e-09 -2.52557e-10  1.47285e-10 9.2676e-11 1.53171e-10  2.2789e-09 -1.38693e-08 -7.96366e-09  8.15763e-10 2.16345e-09 -9.8003e-10  -6.97895e-06 5.98491e-06 -7.51413e-07  -2.66283e-06 8.491e-06 1.28349e-06  8.79475e-07 -4.22999e-07 -2.08855e-07  1.42899e-06 -4.40741e-07 -3.43498e-07  3.40147e-10 1.56199e-09 -2.84431e-10  2.95865e-10 1.74444e-09 -1.88803e-10  8.7082e-09 1.08582e-09 -3.12283e-09  1.76781e-10 1.24401e-10 1.97913e-10  3.03596e-06 -5.78342e-06 2.26437e-06  -5.7855e-10 1.96401e-10 1.71637e-10  -1.06776e-09 -7.22225e-09 -2.62465e-09  -1.04251e-08 -1.01687e-08 -5.64485e-09  -4.14287e-09 -1.10202e-08 -1.05394e-08  -5.98694e-10 2.1555e-09 -2.65057e-11  -4.82389e-07 6.18892e-06 -1.42512e-06  -1.76537e-06 8.17775e-06 -5.52669e-07  -2.34486e-11 -4.15501e-10 2.27917e-10  6.42992e-10 6.13634e-10 1.57024e-10  8.39677e-10 5.43094e-10 6.2046e-11  -4.79342e-06 7.6816e-06 1.94968e-06  -5.34186e-06 3.64765e-06 2.37294e-06  -5.52094e-06 4.69703e-06 2.46507e-06  -3.58023e-10 1.91663e-11 1.19512e-10  -4.47246e-11 -1.15879e-10 9.3591e-11  5.67073e-10 -1.59651e-09 -1.84112e-10  3.55583e-10 -1.39633e-09 -1.77563e-10  -8.07488e-10 -6.05856e-10 -2.78366e-10  -1.496e-10 -6.62003e-10 -3.01337e-10  -3.03045e-10 -2.80539e-10 -2.01224e-10  -6.43034e-11 1.25943e-10 -6.11995e-11  -2.3785e-10 -2.45258e-11 -3.41508e-11  -3.53862e-11 -1.12891e-10 9.3178e-11  2.67637e-10 5.00813e-10 2.71051e-11  1.13565e-10 -1.39516e-10 1.0824e-11  1.03197e-09 -1.31681e-09 -7.03541e-10  1.37966e-09 -4.99542e-10 -8.79985e-10  -6.80395e-10 7.31148e-10 3.35899e-10  -1.0194e-09 1.11913e-09 1.35471e-10  -8.20395e-10 7.61544e-10 2.71426e-10  -3.35145e-10 6.46152e-10 4.98379e-10  -1.16685e-06 5.71549e-06 2.19584e-06  6.43412e-10 3.75439e-10 3.21514e-10  -2.28403e-09 2.46571e-09 -9.0692e-10  -1.69497e-09 3.74923e-09 -5.08286e-10  -2.38389e-09 4.01046e-09 -5.49183e-10  5.30551e-06 8.32525e-06 8.8034e-07  4.50689e-06 6.76244e-06 2.15823e-06  4.49021e-12 -2.04234e-10 1.87054e-10  -4.84796e-11 -7.80629e-10 -1.70358e-10  -3.14615e-10 -1.88968e-09 -4.46896e-10  5.95503e-10 -1.29043e-09 -3.08449e-10  9.0415e-10 -2.2605e-09 -3.42013e-10  -1.1037e-06 8.59941e-06 1.28497e-06  1.80503e-06 -1.59559e-06 -7.24279e-07  1.27543e-06 -9.66338e-07 -3.4465e-07  1.13373e-06 -1.4402e-06 -5.18698e-07  -9.96419e-11 -1.16058e-10 1.09739e-10  -5.31917e-08 -4.92518e-08 -3.75471e-08  -4.20863e-08 -2.11647e-08 -2.43084e-08  -1.15503e-09 -7.14268e-11 1.38587e-10  7.42268e-12 -5.72057e-10 -1.54794e-10  3.00122e-10 -5.34801e-10 -1.35683e-10  7.73655e-11 -1.58191e-10 -8.16164e-11  4.46606e-10 -4.56149e-11 -3.50836e-10  -1.02031e-09 -1.8615e-10 6.13629e-11  2.20877e-11 6.01456e-11 -5.13624e-10  2.16752e-10 -8.97299e-10 2.56212e-10  -3.64705e-10 -1.51443e-10 -9.59501e-11  -6.88774e-10 4.41396e-11 -9.21474e-11  -9.05504e-10 8.57763e-10 -1.31262e-10  -5.28211e-07 -6.75424e-06 2.24893e-06  3.55663e-10 -1.14975e-09 -1.96312e-10  -1.60392e-06 2.42824e-06 -1.09959e-06  -1.83805e-06 1.69303e-06 -7.55684e-07  6.57717e-10 -3.17971e-10 1.50328e-10  7.90122e-10 -1.97838e-10 1.54506e-10  4.83554e-08 -3.74616e-08 -2.34681e-08  6.79592e-08 -6.04518e-08 -4.8744e-08  -7.69324e-06 5.94842e-06 1.07298e-06  -2.06541e-10 -1.16224e-08 -3.94549e-09  9.2045e-11 -4.46549e-10 1.97119e-10  -2.93804e-10 1.10559e-09 5.38304e-10  -8.74334e-06 -3.03849e-06 4.63708e-08  -9.50955e-06 -1.20404e-06 7.16336e-07  9.21303e-09 6.68584e-09 -3.02606e-09  2.09895e-09 5.0657e-09 -2.93982e-09  5.48035e-09 6.48283e-09 -3.96632e-09  -2.946e-10 9.57177e-11 1.7402e-10  6.58707e-10 3.57543e-10 1.66969e-11  -3.03473e-10 5.36216e-11 2.66081e-10  5.47741e-11 3.42633e-10 4.54778e-10  -1.7698e-11 6.27254e-10 -2.69021e-10  -8.16342e-10 6.61859e-10 -1.81142e-10  -2.82218e-10 -5.6233e-10 1.3655e-10  8.77586e-10 9.48613e-10 -2.74185e-10  9.56974e-10 1.07115e-09 -2.47377e-10  8.6578e-10 1.99087e-09 -3.07094e-10  -2.38479e-10 -4.19905e-09 -1.37767e-09  2.6571e-09 -5.53645e-09 -3.08433e-09  -4.41664e-07 6.28631e-06 2.36311e-06  1.99951e-10 -6.09925e-10 1.82181e-10  4.97238e-10 -1.25391e-09 1.77462e-10  -2.64842e-09 1.68886e-09 -1.4782e-09  -2.17582e-09 4.25277e-10 -1.17618e-09  1.62316e-06 1.7813e-06 -7.92157e-07  6.00569e-10 -9.06955e-10 -2.04449e-10  1.0213e-09 -7.3521e-10 -4.57404e-11  1.2785e-10 -3.59728e-10 1.76051e-10  -9.15209e-11 -5.5515e-11 1.56236e-10  -3.32302e-06 -3.3506e-06 -1.31765e-06  -1.43905e-06 -1.6615e-06 -7.0635e-07  -3.63394e-07 4.10766e-06 2.06517e-06  -8.02893e-11 3.9089e-10 2.826e-10  -4.0997e-10 4.90494e-10 3.28757e-10  4.12397e-10 3.48173e-10 -2.33759e-10  -5.09277e-06 5.95873e-06 2.34415e-06  -4.27454e-12 -2.3551e-10 3.0033e-11  2.41965e-10 1.53309e-10 1.7538e-11  1.06919e-10 -5.30225e-10 -5.1833e-10  -5.46502e-10 7.20296e-10 -1.33598e-10  -3.68911e-10 1.08507e-09 -3.09829e-10  9.79763e-10 1.1017e-10 -1.96241e-11  1.24852e-08 -4.49307e-09 -7.18982e-09  -3.60598e-06 -5.88131e-06 -1.18035e-06  4.82418e-06 8.16197e-06 -5.60397e-07  4.99804e-13 7.85532e-11 1.10174e-10  -1.93939e-09 -2.54146e-09 -1.67533e-09  -1.10295e-09 -1.18676e-09 -5.41557e-10  -5.37536e-07 -9.73416e-07 -2.55677e-07  -9.68283e-07 -1.03842e-06 -3.24137e-07  5.19149e-10 -1.57717e-09 -2.78305e-11  -5.56558e-09 -1.11992e-09 -2.06746e-09  -5.81797e-09 -1.63769e-09 -2.12307e-09  -6.86533e-09 -1.5975e-09 -1.68488e-09  -5.00154e-06 6.56174e-08 -1.47742e-06  7.26286e-11 6.2362e-10 -1.29188e-10  8.49344e-11 3.98919e-10 6.90396e-11  7.07324e-10 1.40684e-09 -1.15274e-10  -8.07802e-10 1.86683e-09 1.30055e-10  2.07847e-09 1.32912e-10 -2.75363e-10  1.77473e-09 1.86948e-10 -3.06803e-10  5.86183e-10 1.5287e-10 1.91982e-10  -6.86784e-07 3.61269e-07 -2.3464e-07  3.1647e-08 6.48156e-09 -8.99743e-09  1.61695e-08 -7.25587e-09 -8.24302e-09  1.21483e-08 -1.3562e-08 -6.31631e-09  -3.9462e-10 8.90262e-11 1.37659e-10  -9.35208e-10 3.56468e-10 6.11851e-11  8.1024e-11 1.27616e-10 7.54293e-11  4.78509e-10 6.95725e-10 -8.98729e-11  6.93651e-10 1.87295e-09 -1.56643e-10  2.49009e-08 -2.12335e-08 -1.61253e-08  1.26161e-06 3.67935e-06 -1.31309e-06  2.90096e-09 -6.07337e-08 -2.26618e-08  -7.86624e-09 -4.12441e-08 -1.10067e-08  -3.57078e-10 2.27495e-10 2.31961e-10  1.81131e-10 7.5851e-10 -2.61516e-11  5.24991e-11 5.74245e-10 -8.7158e-11  5.18479e-10 6.50669e-10 -2.39564e-10  1.3685e-09 6.72228e-10 9.32583e-11  2.97349e-10 -3.32572e-10 1.79878e-10  2.93939e-08 5.80093e-08 -2.73142e-08  -6.82442e-11 -1.55271e-10 1.02149e-10  7.49151e-10 -3.75641e-10 -2.40835e-10  7.39668e-10 -4.91299e-10 4.48277e-11  6.52056e-10 2.77991e-10 -2.64006e-10  4.97539e-11 -6.53198e-09 -1.98103e-09  1.28717e-09 3.3991e-10 4.58139e-11  1.19586e-09 3.16413e-10 1.5667e-10  -9.80255e-10 -2.06142e-09 -9.25909e-10  -7.36078e-10 -2.41869e-09 -6.30539e-10  -2.03203e-09 -3.27811e-09 -1.24923e-09  -8.7852e-10 1.66255e-09 -1.70041e-10  4.32363e-07 5.76351e-07 -1.54979e-07  9.23971e-10 1.12634e-08 -4.60931e-09  -2.56657e-10 2.86618e-10 2.73861e-10  -4.71505e-10 4.70343e-10 2.98637e-10  2.41776e-10 2.17992e-10 2.49929e-10  3.95663e-10 8.85516e-11 1.54298e-11  5.91307e-11 -2.47987e-10 -5.48947e-10  -1.56756e-09 -7.5249e-10 -2.09553e-10  1.2734e-06 8.96954e-06 1.29764e-06  5.92475e-10 1.61862e-10 -1.51312e-10  3.60358e-10 5.0342e-10 1.60079e-10  -2.44269e-10 4.6198e-11 1.35926e-10  -1.26746e-10 3.78323e-11 1.20669e-10  3.1437e-06 2.06729e-06 -1.1511e-06  5.7661e-10 1.61216e-09 -1.05813e-10  7.33299e-08 8.77428e-08 -3.84218e-08  1.05576e-07 8.33015e-08 -4.31862e-08  -7.31085e-11 6.11582e-10 2.54535e-10  3.35011e-10 7.88528e-10 2.95262e-10  -5.93841e-08 -1.57502e-08 -2.77446e-08  -3.35219e-08 -5.11709e-09 -1.43412e-08  8.22722e-10 5.83612e-10 3.18506e-10  -4.93438e-10 7.44049e-11 -2.30838e-10  -2.08984e-06 1.02309e-07 -6.11025e-07  -2.07216e-06 8.01978e-07 -8.70801e-07  -1.63991e-09 2.85984e-09 -9.53617e-10  8.09617e-07 5.50682e-07 -2.45081e-07  -1.41491e-10 -5.05025e-10 -1.0299e-10  -1.35596e-07 -1.37928e-07 -5.11223e-08  7.96936e-06 1.59487e-06 -6.05059e-07  4.77689e-06 -1.92547e-07 -1.36749e-06  -8.10071e-11 1.22708e-10 -3.36941e-11  1.83358e-10 -6.12139e-11 -1.16991e-10  -1.88369e-10 1.00858e-10 -6.55976e-11  7.34486e-10 4.14734e-10 2.62863e-11  -1.04613e-07 1.82664e-07 -5.98926e-08  2.5373e-10 2.22714e-10 -6.91081e-12  2.87971e-10 2.98923e-10 -1.25393e-10  -1.00176e-07 -1.37864e-07 -4.18089e-08  5.5084e-09 -4.1111e-08 -1.31279e-08  1.8201e-07 9.12011e-06 1.59763e-07  -2.90179e-08 9.47838e-09 -1.10634e-08  -1.36302e-08 7.39769e-09 -1.05896e-08  9.11234e-10 4.856e-10 2.75119e-10  -1.52156e-09 6.06448e-10 4.45322e-10  -6.29496e-06 6.1472e-06 1.93423e-06  -6.3032e-06 7.8648e-06 3.8202e-07  1.38868e-07 1.30657e-07 -6.57906e-08  -4.65949e-10 8.61545e-10 1.76029e-11  -3.46267e-10 1.32776e-09 -1.65874e-10  -3.70496e-11 1.18602e-09 -2.65769e-10  -9.65078e-11 1.83505e-10 1.14777e-10  -3.99628e-11 7.83792e-10 1.8281e-10  -1.5866e-11 7.81219e-10 2.46023e-10  9.56102e-10 -3.81323e-10 1.13743e-10  7.76638e-10 1.59989e-10 -1.55468e-10  4.46844e-07 3.64266e-07 -1.70361e-07  4.47678e-06 4.67541e-07 1.87837e-06  -5.46688e-08 1.07365e-06 -2.70414e-07  8.17715e-10 2.73949e-10 1.4538e-10  7.96424e-10 3.55904e-10 1.56616e-10  1.32878e-10 1.00392e-09 1.48602e-10  -1.38659e-10 4.10807e-11 7.32852e-11  -1.28913e-10 5.23383e-11 5.33316e-12  2.89166e-08 -7.28361e-09 -8.32298e-09  -6.51122e-10 2.9021e-10 5.02794e-11  -7.597e-10 3.84415e-10 -6.22845e-11  -9.08173e-10 3.43437e-10 -6.71453e-11  1.70762e-10 -2.3827e-10 -2.81143e-10  6.76911e-10 -3.94789e-10 -1.88543e-10  -1.37799e-09 5.75503e-10 -2.37214e-11  -1.27019e-09 5.16429e-10 -6.92808e-11  -1.51675e-09 5.82356e-10 4.51443e-11  -1.37468e-09 4.73906e-09 -5.32274e-10  -7.41476e-10 4.89629e-09 7.90026e-11  3.06247e-10 -1.38401e-09 -1.08314e-11  6.70755e-08 -5.47554e-07 -1.43808e-07  2.77839e-07 -1.47326e-06 -3.46513e-07  2.82152e-07 -6.46822e-07 -1.8319e-07  2.95885e-06 6.78466e-06 -1.34029e-06  -1.48641e-10 2.58445e-10 -2.45742e-11  -4.48081e-06 5.28172e-06 -1.55329e-06  -1.50264e-06 -1.09896e-06 -4.36474e-07  -2.29091e-06 -1.56242e-06 -9.40658e-07  1.24716e-09 -2.93043e-10 7.48828e-11  -5.3656e-10 4.2194e-09 -3.39263e-09  -2.27331e-09 -1.51597e-09 -7.8088e-10  5.82606e-07 7.49024e-07 -2.47466e-07  1.25768e-11 2.11254e-10 1.72756e-10  -2.384e-10 -2.0988e-10 -2.14256e-10  7.36744e-11 -1.44014e-10 -2.19827e-10  -2.97045e-08 -8.81214e-08 -4.10372e-08  -1.05714e-07 -2.54853e-07 -8.63827e-08  4.06731e-10 2.57745e-09 -2.79974e-10  2.55536e-10 1.11608e-09 -6.46137e-11  5.89014e-10 1.23949e-09 -1.98522e-10  3.2488e-10 1.98344e-10 2.55386e-10  7.81794e-07 2.82948e-07 -2.03428e-07  1.32395e-09 6.11784e-10 1.59268e-10  -2.51766e-11 -5.02817e-10 -8.99008e-11  -1.7599e-10 -6.61384e-10 1.36336e-10  7.58451e-10 -8.39422e-10 -1.88023e-10  4.75469e-10 -6.32643e-10 -2.5574e-10  1.62213e-09 4.8743e-10 8.51819e-11  8.24801e-10 2.12568e-09 -7.37014e-10  2.02487e-06 9.79582e-07 -6.44329e-07  3.2373e-06 6.19697e-07 -1.04889e-06  -3.91097e-08 2.02143e-08 -1.58704e-08  -1.34415e-08 1.49485e-08 -1.44529e-08  -3.32394e-08 3.0287e-08 -1.78942e-08  -3.26327e-10 1.69468e-09 -5.59149e-10  2.07256e-08 -8.19636e-07 -2.10401e-07  -5.80084e-11 -7.51813e-11 8.93709e-11  -6.16659e-10 -1.30541e-09 -3.90184e-10  -2.09168e-09 5.37995e-09 -2.20661e-09  -5.14452e-10 7.01475e-11 -7.87726e-11  -3.71209e-10 1.424e-10 -1.51548e-10  2.33707e-08 2.45987e-08 -2.11583e-08  -2.80925e-08 2.898e-09 -8.55259e-09  1.61321e-07 7.88505e-06 1.93042e-06  6.73753e-10 4.30556e-10 -9.99024e-11  8.33033e-10 2.28512e-10 -1.13973e-10  2.89557e-10 -2.36981e-10 1.81599e-10  -6.13552e-06 -6.31441e-06 -3.73191e-07  1.95376e-09 1.0623e-09 -9.73423e-10  2.82958e-09 7.53731e-10 -1.66614e-09  -1.2858e-06 7.43604e-07 -3.69606e-07  -4.30255e-10 8.12238e-10 -1.97208e-10  3.12158e-08 -7.26274e-08 -3.93337e-08  7.93815e-08 -2.53456e-07 -8.02455e-08  -1.06326e-09 3.69281e-09 -5.3457e-10  -8.60861e-10 1.11152e-09 -6.3725e-11  -7.60138e-10 1.17762e-09 -1.78133e-10  -2.05993e-07 3.13072e-07 -1.02215e-07  -1.08984e-08 -2.58332e-08 -1.13311e-08  8.767e-10 -9.42894e-11 -1.28147e-10  1.90233e-10 2.79005e-10 1.93712e-10  4.74416e-10 -2.11683e-10 -4.54404e-10  -3.6147e-10 2.52108e-10 -3.13802e-10  3.00513e-08 -2.02287e-08 -1.35804e-08  3.62046e-08 -6.7137e-09 -8.79604e-09  3.11215e-08 1.53281e-09 -2.29433e-08  1.94489e-09 1.86065e-10 4.02801e-11  -4.19482e-11 -8.25186e-10 -2.66215e-10  1.11081e-10 -1.07231e-09 -2.14487e-10  1.29645e-10 -1.04818e-09 -8.10929e-11  6.26569e-10 1.13142e-09 -4.21297e-11  2.48183e-10 1.51468e-09 -2.26362e-10  -2.63991e-06 -5.56796e-07 -8.23907e-07  -1.81448e-06 -2.46648e-07 -4.39083e-07  -8.49704e-08 -3.74175e-07 -1.19575e-07  -1.27648e-07 3.7661e-08 -5.2139e-08  1.11846e-11 2.72916e-10 -9.24362e-11  -3.6748e-07 2.62752e-07 -1.31745e-07  -7.59444e-10 4.37395e-10 -2.55933e-10  4.05281e-09 -2.11369e-09 -1.50786e-09  6.30211e-10 -3.11727e-10 -2.58563e-10  2.84646e-10 -5.10011e-10 -7.40414e-11  2.03808e-06 1.61356e-06 -7.31995e-07  4.14693e-06 3.98503e-06 -1.40685e-06  6.10113e-06 3.56874e-06 -1.12303e-06  -1.26029e-10 9.32607e-11 4.14032e-11  -4.47642e-07 -5.9244e-07 -2.37665e-07  6.90903e-08 7.26394e-07 -1.73871e-07  1.59747e-09 1.90423e-10 1.139e-10  7.20052e-10 1.31255e-10 -1.78495e-10  1.17959e-09 -4.30939e-11 9.78664e-11  2.86848e-06 3.5287e-06 2.05404e-06  -2.10088e-07 -2.63073e-07 -1.08237e-07  -3.44449e-07 -1.97811e-07 -9.67504e-08  -5.35984e-10 1.77945e-09 -1.56562e-10  -4.24044e-10 1.68852e-09 -2.10223e-10  3.87057e-10 -1.59256e-09 -1.99642e-10  1.51939e-10 -3.31492e-10 -6.67864e-11  7.88663e-09 6.00634e-09 -1.8815e-09  5.60593e-09 6.39552e-09 -8.31307e-09  3.13721e-09 3.24784e-09 -2.85704e-09  3.80282e-09 3.98491e-09 -4.24283e-09  -5.4046e-08 4.33531e-07 -1.49564e-07  -1.89865e-07 1.72451e-06 -5.22628e-07  6.48187e-10 9.8432e-08 -3.06195e-08  -1.53073e-09 5.77229e-08 -1.76154e-08  -3.23267e-07 6.7932e-08 -7.11076e-08  3.07916e-07 1.88453e-06 -6.60914e-07  1.02917e-08 2.14753e-07 -6.243e-08  -5.93439e-08 2.53822e-07 -7.55774e-08  1.76099e-06 7.18589e-06 -1.37146e-06  -5.42971e-10 -1.83557e-10 -1.93248e-10  -2.5627e-09 6.27851e-10 -1.52029e-09  2.77854e-09 -2.02615e-09 -1.27467e-09  2.13755e-09 -3.48848e-09 -9.75161e-10  1.8587e-09 -1.11923e-09 -1.40002e-10  2.68285e-10 -5.02627e-11 5.80464e-11  7.72509e-07 -8.25384e-07 -2.7326e-07  5.7609e-07 -5.64151e-07 -2.03485e-07  4.28825e-07 -6.21834e-07 -1.88576e-07  -2.5286e-08 -8.49488e-09 -9.84742e-09  -3.91053e-10 1.05159e-10 1.60281e-10  5.23696e-10 1.5982e-09 -3.14267e-10  1.30989e-07 -2.68198e-06 -7.94528e-07  6.34873e-07 -2.2969e-06 -6.10263e-07  1.22425e-09 -1.15269e-10 -2.36355e-10  -7.87419e-10 2.25806e-10 -1.12987e-10  -9.64257e-10 3.2489e-10 4.30762e-11  -1.06134e-09 4.81171e-10 1.62994e-11  -7.15062e-08 3.1104e-08 -3.07414e-08  8.55178e-07 -6.3591e-07 -2.09469e-07  1.43203e-09 -2.36479e-10 1.8186e-10  2.85839e-10 1.72891e-10 1.06612e-10  -1.32332e-06 1.24636e-08 -3.65694e-07  -1.05592e-06 -1.55117e-07 -2.95472e-07  8.23314e-10 1.66095e-09 -1.22374e-10  -7.9075e-10 3.66406e-10 2.00749e-10  2.82002e-10 4.30122e-09 -3.20041e-10  -9.12614e-08 -5.09101e-08 -3.94304e-08  -8.5446e-08 -3.1332e-08 -3.24578e-08  8.2279e-10 2.77307e-10 -1.16581e-11  -3.27715e-10 -6.64007e-10 6.03688e-11  -1.15117e-10 -7.14874e-10 -1.36744e-10  5.13322e-10 -6.88339e-10 1.63886e-11  8.39376e-10 4.47128e-10 3.31163e-10  1.37395e-09 -8.3158e-11 -7.25321e-11  1.01641e-09 1.08391e-09 1.42357e-10  1.08226e-09 1.16238e-09 2.1205e-11  -7.3092e-11 -2.60303e-11 -1.19029e-10  -1.68448e-08 -1.28539e-08 -1.01493e-08  -2.26099e-08 -1.18367e-08 -9.10949e-09  -6.84425e-09 -2.18825e-09 -7.64221e-09  -1.47949e-07 -5.90697e-07 -1.33738e-07  -2.94235e-08 4.10575e-08 -1.18824e-08  3.88775e-10 -2.56959e-11 1.63311e-10  -1.29966e-09 7.11824e-10 3.89562e-10  -1.45473e-09 6.28543e-10 1.33575e-10  4.19106e-08 1.78343e-07 -5.78501e-08  2.79441e-09 2.82475e-09 -1.11643e-09  4.00671e-09 2.85284e-11 -1.92632e-09  5.47679e-09 1.72529e-10 -2.53863e-09  2.94588e-07 -3.56752e-07 -1.53149e-07  -5.49844e-10 1.23796e-10 1.4131e-10  -7.25072e-08 1.05087e-07 -4.91748e-08  -6.08304e-08 1.80207e-07 -5.33423e-08  1.28153e-10 -1.37868e-10 -3.14925e-11  1.04137e-09 -3.34716e-11 -1.54933e-10  -5.73254e-07 4.72101e-07 -1.47757e-07  -1.71718e-07 -6.62065e-08 -6.41017e-08  -1.2691e-07 -7.05217e-09 -6.79729e-08  1.2909e-07 -2.33177e-08 -3.61016e-08  3.91637e-09 -8.90242e-09 -3.62807e-09  8.63628e-09 -1.12225e-08 -3.94047e-09  9.64113e-10 1.45202e-10 -2.39664e-11  2.68187e-10 2.30867e-10 -1.79325e-10  -6.10199e-10 -6.1368e-11 -3.81387e-10  1.18379e-06 -6.0763e-07 -3.03171e-07  -1.01108e-09 6.86863e-10 -5.26683e-11  1.89518e-10 -1.16321e-09 -8.40307e-11  -4.59015e-10 2.20571e-10 -6.75255e-11  2.65739e-08 1.82332e-08 -1.03941e-08  2.0626e-09 -1.58134e-10 -1.75328e-10  8.29808e-10 -2.34826e-10 -1.75278e-10  1.29444e-09 -1.49686e-10 -6.09256e-12  1.30748e-09 1.14675e-09 -6.69523e-10  2.62609e-10 9.0169e-11 -5.9452e-10  -8.13128e-10 1.02168e-09 -1.60461e-10  3.82715e-10 -6.66511e-10 -2.9561e-10  3.313e-10 -4.56512e-11 1.57334e-11  9.06804e-10 9.60698e-10 -1.91329e-10  -5.81812e-09 3.79026e-08 -1.36534e-08  1.46195e-09 1.08613e-10 4.90298e-12  1.28944e-09 3.6757e-10 1.92909e-10  2.11027e-07 1.14413e-07 -8.03083e-08  -4.66601e-06 -1.53555e-06 -1.52252e-06  1.03784e-09 5.27318e-10 2.81173e-10  9.95423e-10 5.86272e-10 3.05488e-10  -5.58579e-07 -4.01488e-07 -2.53254e-07  -5.21581e-07 -1.71859e-07 -1.49113e-07  -9.47268e-11 6.65913e-10 5.35647e-11  -8.87715e-10 8.58608e-10 -4.49311e-11  -2.16511e-09 -2.86092e-09 -1.64002e-09  -4.2042e-09 -2.75938e-09 -1.91826e-09  2.25362e-07 5.37979e-07 -1.48171e-07  2.87412e-10 -3.91366e-10 -3.7565e-10  2.72436e-07 9.52659e-07 -3.31474e-07  -1.06996e-10 -1.08636e-08 -3.01952e-09  9.31632e-10 3.23675e-10 -3.19649e-11  1.6593e-09 -8.32874e-11 1.0515e-10  -1.82617e-09 -1.02545e-09 -9.59292e-10  1.49982e-08 4.7383e-09 -7.92703e-09  -5.8854e-10 1.1374e-09 -1.99692e-10  -2.24381e-06 -1.04859e-06 -7.28963e-07  -3.72946e-10 1.87836e-09 -1.57208e-10  -1.5113e-10 6.14822e-11 -1.99677e-10  3.21521e-10 -1.75342e-10 -2.09602e-10  -1.16096e-06 -4.32893e-07 -3.59155e-07  1.17354e-09 1.67901e-09 -1.92384e-10  6.63697e-10 6.12678e-11 1.48728e-10  1.34853e-09 -1.4362e-10 -2.13609e-10  -6.79814e-10 4.07048e-10 2.17587e-10  -1.04827e-09 4.76922e-10 1.84174e-10  -8.06404e-11 -8.70228e-11 2.6527e-10  -2.60637e-11 -2.05769e-10 1.18812e-10  -1.19455e-09 7.72305e-10 -1.40453e-10  1.59353e-09 9.15122e-10 4.45106e-11  -1.23408e-09 6.48373e-10 6.6943e-11  3.4666e-08 3.78228e-07 -1.05196e-07  1.08552e-07 4.92164e-07 -1.19282e-07  -9.50833e-09 3.63109e-08 -1.22088e-08  -9.96932e-09 6.27488e-08 -2.8023e-08  -8.14049e-07 1.31834e-06 -4.35795e-07  -6.04689e-10 3.84324e-10 2.65369e-10  1.09246e-06 5.64329e-07 -3.09182e-07  2.82429e-09 1.21826e-08 -3.63035e-09  -2.62998e-09 1.82148e-08 -1.04138e-08  3.40256e-09 -2.87367e-09 -1.18249e-09  8.19063e-11 -1.04216e-09 -1.4012e-10  -7.21784e-10 2.40263e-09 -8.39076e-10  -1.55798e-10 1.80254e-09 -2.09313e-11  9.43227e-10 -6.80135e-11 -4.56607e-11  4.15165e-10 2.18628e-10 -7.42341e-11  -9.64967e-09 3.09089e-09 -3.68655e-09  -3.83151e-09 1.38952e-08 -8.03888e-09  1.04201e-07 -4.9526e-08 -5.18106e-08  3.49065e-10 -1.4228e-10 6.77635e-11  1.66129e-08 -6.85686e-09 -5.04268e-09  -2.65327e-08 -1.4887e-07 -5.22162e-08  -5.98907e-09 1.8746e-08 -9.39681e-09  4.73291e-09 1.3596e-08 -9.468e-09  2.11211e-08 -2.42186e-09 -1.30912e-08  -8.48439e-10 -3.10367e-09 -3.90358e-10  -6.33137e-10 1.39097e-09 -1.50208e-10  4.511e-09 -2.52397e-09 -1.76451e-09  -8.83514e-10 9.90523e-10 -1.57203e-10  -3.9895e-09 -7.61695e-10 -1.46435e-09  7.65106e-10 -1.1465e-09 6.07463e-11  -1.49579e-10 6.54818e-10 -8.39359e-11  6.05603e-06 7.35505e-06 1.19209e-06  1.56711e-09 1.32837e-10 5.0797e-11  -4.36714e-10 -1.53485e-09 -5.96678e-10  1.4628e-10 1.44205e-09 1.17608e-10  -1.77279e-09 -1.35225e-09 -1.08932e-09  -3.01634e-09 -3.24943e-09 -1.33311e-09  1.11859e-09 -1.70985e-10 1.28263e-11  3.8672e-09 -8.68515e-10 -1.20526e-09  3.86541e-09 -2.04943e-09 -1.46331e-09  1.23417e-08 8.1818e-08 -2.62654e-08  3.43038e-10 -7.31613e-10 -4.15955e-12  -7.23422e-11 -1.47043e-10 2.18178e-10  -2.71855e-10 -6.77904e-10 -6.08146e-10  -1.37144e-08 3.03732e-08 -1.11245e-08  9.34546e-09 1.22002e-07 -4.09641e-08  1.02422e-09 1.93677e-10 -7.3182e-11  5.78438e-13 -8.06994e-10 -2.35999e-10  2.15053e-10 -6.62426e-10 -1.35668e-10  1.4944e-11 -1.38808e-09 -2.57734e-10  4.08349e-06 5.85291e-06 -1.31904e-06  5.69456e-06 7.58328e-06 -3.51517e-07  -1.06037e-09 9.5104e-10 -5.18048e-11  -4.31048e-11 -7.42407e-10 -3.78908e-10  1.01372e-09 7.12664e-11 -4.43534e-11  5.46804e-10 1.73112e-10 1.75829e-10  1.40737e-10 1.1241e-09 -1.78835e-10  1.32371e-09 5.17657e-10 1.24298e-10  1.75165e-09 1.18528e-10 -3.78909e-10  1.44839e-09 8.61767e-10 -1.17225e-10  -1.53236e-10 -1.89468e-09 -6.36382e-10  2.95217e-10 1.59128e-09 -1.18862e-10  -3.26003e-11 1.40671e-09 -6.95086e-11  1.47429e-09 1.39894e-10 7.96164e-12  8.98827e-10 1.99757e-10 -1.24304e-10  -7.06986e-10 8.59835e-10 2.3253e-11  -2.24492e-10 2.89819e-09 -7.04702e-10  9.42897e-10 2.4964e-09 -1.35519e-10  -1.59879e-08 1.98807e-09 -7.92826e-09  -4.3078e-10 -3.0528e-09 -1.08399e-09  8.70281e-10 1.80555e-10 -1.86042e-10  -6.05476e-11 -1.29168e-09 -8.64683e-11  -4.09948e-10 -1.65571e-09 -4.84539e-10  -2.98751e-10 -1.14972e-09 -6.61421e-11  -3.44236e-10 -1.13879e-09 -1.72008e-10  4.41259e-10 1.76103e-09 3.77062e-11  3.94906e-12 9.22271e-10 -1.02442e-10  6.98574e-08 -1.23955e-08 -3.07077e-08  -6.25641e-09 -3.72061e-09 -1.99569e-09  -6.65275e-10 1.54015e-09 -1.78175e-10  -6.63238e-09 -9.85472e-10 -1.89443e-09  -3.85158e-09 -4.90597e-09 -4.14643e-09  7.14116e-10 -3.72484e-10 -1.71659e-10  1.22121e-09 -1.94912e-10 -1.68197e-10  -6.27591e-10 -5.34423e-09 -1.7729e-09  -2.45088e-09 -3.74536e-09 -1.30065e-09  -3.7999e-07 1.56256e-08 -9.07699e-08  7.81307e-10 -8.31824e-10 -1.69722e-10  8.21489e-10 1.05829e-10 1.33287e-10  9.68069e-10 -1.72542e-12 -1.3535e-10  2.88692e-10 2.24652e-10 2.10812e-11  1.02843e-09 -7.77691e-10 1.57045e-10  3.41284e-08 7.88381e-08 -3.15908e-08  4.90689e-10 -1.45737e-10 1.14615e-10  -3.56568e-08 1.03582e-08 -1.19825e-08  1.90036e-09 4.39192e-09 -9.90288e-10  4.19172e-09 7.32782e-10 -1.30108e-09  -1.45459e-06 4.2847e-07 -3.08995e-07  1.41921e-08 3.73691e-09 -5.38868e-09  -1.00098e-10 1.05263e-09 -3.86373e-10  2.68171e-10 -1.42268e-09 -2.53687e-10  -7.46947e-10 1.68582e-09 -8.79146e-11  -7.72144e-10 6.42281e-10 -5.39144e-11  6.69274e-10 2.74573e-10 -1.8741e-11  2.23802e-06 -3.36857e-07 -5.48857e-07  -8.16843e-09 -1.32057e-09 -3.45408e-09  1.03697e-10 -5.8492e-10 -9.88666e-11  5.66434e-06 -5.8679e-06 -7.43686e-07  6.64416e-10 -1.72998e-10 -5.8425e-11  3.08124e-10 6.04559e-10 -4.55439e-11  2.09954e-09 1.47318e-10 -1.5861e-10  6.84684e-10 1.70222e-09 -2.84523e-11  5.58127e-08 3.66329e-08 -2.64291e-08  7.51168e-08 3.85346e-08 -2.90015e-08  -5.0557e-09 -5.07682e-09 -4.83185e-09  -1.05169e-08 -1.40248e-08 -6.81019e-09  1.6583e-09 7.01978e-10 -4.7752e-11  -7.38932e-12 -1.00061e-09 -4.41811e-11  -2.01386e-10 3.038e-10 -5.24072e-11  -6.14822e-10 -5.75619e-11 -5.861e-11  7.17757e-10 -6.5566e-10 3.38275e-11  4.46216e-10 -7.08076e-10 -1.85887e-10  8.03363e-10 -5.72155e-10 -1.00072e-10  -9.08583e-10 5.30665e-11 1.25382e-10  3.58958e-08 -4.33595e-08 -1.64716e-08  1.85706e-06 -9.67273e-07 -4.46754e-07  -2.47426e-09 -2.71364e-10 -1.31373e-09  -4.59323e-10 3.39063e-10 -3.36281e-10  -3.20175e-07 1.30126e-06 -3.183e-07  2.06595e-10 3.6178e-10 -2.09355e-10  8.79212e-10 1.37482e-10 -1.54362e-10  -6.89017e-10 -2.27695e-10 1.69225e-10  4.4278e-10 5.94526e-10 -1.15846e-10  -1.48846e-08 -7.46192e-10 -7.83078e-09  5.17148e-11 5.37983e-10 -1.90788e-10  -1.94145e-07 -1.18522e-07 -8.19609e-08  -3.11454e-07 -6.31436e-07 -1.86839e-07  1.32481e-09 -7.78667e-11 -4.90038e-11  -4.7521e-10 1.02801e-10 -1.78894e-10  1.12952e-06 8.55524e-07 -3.81593e-07  1.16607e-09 2.28248e-10 3.21982e-10  -4.68697e-11 3.54648e-10 -3.04315e-10  -2.29852e-08 1.08308e-07 -4.50234e-08  1.60271e-10 8.3444e-10 -1.34155e-10  -6.85095e-10 2.90546e-10 -8.07081e-11  6.85383e-09 -2.54956e-09 -3.89293e-09  1.67501e-07 1.5268e-08 -5.19872e-08  2.56149e-07 3.41195e-08 -6.42729e-08  1.30203e-07 4.5154e-08 -4.92608e-08  -7.32606e-10 8.23885e-10 7.96403e-11  1.07652e-06 -2.16168e-06 -6.19254e-07  5.24447e-07 -1.14452e-06 -3.16536e-07  -1.66017e-10 2.4029e-09 -9.09769e-10  -3.1541e-08 -1.88043e-08 -7.40288e-09  5.17848e-10 -1.94981e-10 1.41664e-10  8.15103e-10 -2.87763e-10 2.76227e-10  -2.50716e-10 3.44297e-09 -9.10848e-10  -2.27644e-08 4.82815e-08 -3.0616e-08  -1.40156e-07 -1.66705e-07 -6.22624e-08  -7.19769e-10 5.4137e-10 5.88091e-11  7.36998e-10 1.50794e-09 8.68548e-11  1.09777e-08 -5.33285e-08 -1.63609e-08  -7.56956e-10 3.85348e-10 -1.95214e-10  -7.78107e-10 6.58451e-10 -9.11522e-11  -5.97652e-10 6.02895e-11 -1.11738e-10  4.0251e-07 -4.10386e-09 -1.61803e-07  5.83232e-07 -2.10158e-07 -1.75794e-07  2.07208e-10 6.28248e-10 -1.13607e-11  -7.32705e-12 -2.36109e-10 -1.20875e-10  1.02337e-09 1.26848e-09 -1.34682e-10  -5.6974e-08 -1.1969e-06 -3.74001e-07  7.45129e-10 -5.33094e-10 1.11314e-10  7.58573e-09 -2.42139e-08 -1.64331e-08  -8.25199e-07 -1.39433e-06 -4.22575e-07  -3.70155e-10 -3.59973e-10 -3.16833e-11  1.28312e-10 -3.55843e-10 -2.64675e-10  8.5793e-10 -7.73071e-10 -2.14952e-10  7.51663e-09 5.18937e-10 -3.2526e-09  3.23305e-09 -8.84171e-10 -7.91229e-10  8.21365e-10 -2.88709e-10 2.00096e-10  -5.92516e-10 1.36879e-09 -4.90662e-10  4.39642e-10 -6.42812e-10 -2.77832e-10  4.67386e-09 -2.73513e-09 -1.8077e-09  9.15214e-11 2.72861e-09 -1.49752e-10  -5.7742e-06 -3.92393e-06 -1.3324e-06  -2.14831e-10 4.09639e-10 1.12139e-10  -1.08508e-08 2.27396e-10 -4.94388e-09  -1.15062e-09 2.69437e-10 -1.25786e-10  1.04487e-09 1.60084e-09 -5.04992e-10  -5.48145e-09 9.43234e-09 -2.85418e-09  -1.2939e-09 8.00982e-09 -2.79752e-09  6.09853e-09 -3.2582e-08 -1.11219e-08  1.83974e-07 -1.85476e-07 -6.11495e-08  2.64999e-07 -2.05486e-07 -1.44655e-07  -1.46064e-10 1.97851e-09 -1.61856e-10  -4.53161e-10 6.68082e-11 -3.29551e-10  1.52521e-08 -6.40305e-08 -2.28989e-08  9.24725e-11 1.4249e-09 -1.25669e-10  6.78594e-10 2.62398e-09 -1.16362e-09  4.83663e-10 1.29095e-10 -7.39031e-11  8.55687e-10 2.07946e-11 -1.02081e-10  3.27178e-10 -4.68966e-10 7.44577e-11  -4.21258e-09 1.12521e-08 -4.74372e-09  -5.07964e-10 8.30511e-09 -3.24945e-09  1.51445e-11 -7.1729e-10 -2.98541e-10  -1.1112e-09 5.71513e-10 2.80706e-10  1.78688e-09 -4.20456e-09 -5.72805e-10  -3.306e-07 -7.50111e-08 -1.01392e-07  -9.56671e-09 3.44044e-09 -3.15713e-09  -7.53429e-11 4.07018e-10 -2.182e-10  5.23908e-10 -8.03268e-11 1.76233e-10  2.77754e-10 7.57344e-11 1.57334e-10  3.5644e-09 -5.56253e-09 -4.12788e-09  2.47315e-10 1.35574e-09 -2.09899e-10  2.14669e-10 1.95677e-09 -7.88781e-11  2.62392e-10 1.9075e-09 -1.6706e-10  2.86503e-10 4.75589e-09 -3.81566e-09  4.73115e-10 6.17155e-10 -9.72475e-11  2.80162e-10 5.41767e-10 -1.50502e-11  -1.17475e-09 7.04579e-10 -1.33825e-10  4.04783e-10 8.29943e-12 -1.86269e-10  3.52493e-07 7.44266e-08 -1.15386e-07  1.68341e-07 -4.71943e-08 -7.02374e-08  1.48431e-09 3.37937e-11 -1.63469e-10  1.25769e-09 7.11506e-11 -1.35075e-10  1.80457e-09 1.07282e-10 -2.5122e-11  6.24686e-10 -4.70098e-10 -2.82347e-10  3.50161e-07 1.63001e-07 -1.68104e-07  -1.10294e-09 -7.0637e-09 -2.24614e-09  1.36316e-08 -2.10483e-07 -9.63008e-08  5.545e-10 -3.40947e-10 4.69203e-11  9.06211e-09 1.77263e-09 -4.10721e-09  9.50258e-09 -1.76168e-08 -6.66095e-09  -2.20487e-08 -3.09914e-08 -2.43492e-08  5.01073e-10 1.76986e-09 -8.57847e-11  1.92308e-09 3.92373e-10 -2.09748e-10  -2.78731e-09 4.63347e-09 -3.13064e-09  9.00921e-10 -4.91603e-10 1.91833e-10  2.79381e-09 4.64445e-09 -2.10026e-09  4.26704e-11 4.94102e-10 -1.35632e-10  -5.13161e-12 1.00617e-09 1.58939e-10  2.8741e-09 -1.3221e-09 -6.37575e-10  1.40099e-09 6.07717e-10 2.57866e-11  -4.50335e-10 -4.85207e-10 -1.89695e-10  3.31624e-08 -1.79732e-07 -5.3273e-08  -6.96029e-08 6.9258e-08 -4.80393e-08  -7.60918e-10 1.30562e-09 -1.82764e-10  1.28017e-08 3.92555e-09 -3.77466e-09  2.89218e-09 1.39482e-08 -2.258e-09  6.44161e-11 1.0892e-09 -3.75706e-10  -3.6035e-09 -7.80123e-10 -1.70881e-09  -4.01334e-10 -1.08337e-10 9.98491e-11  2.00126e-10 9.84085e-11 -2.81165e-10  -1.02101e-09 -2.62063e-09 -2.65981e-10  4.31892e-10 7.0709e-10 1.34093e-10  -3.40448e-10 2.45014e-10 -3.18712e-10  -1.27463e-09 8.2884e-10 -1.65828e-10  6.19525e-09 2.88518e-08 -1.85499e-08  1.27301e-09 3.76065e-10 9.20167e-11  6.90941e-10 -6.52427e-11 1.67393e-10  2.79882e-10 -6.76268e-10 -3.10922e-10  3.69091e-10 -1.64879e-10 -2.51404e-10  9.96161e-10 -9.14365e-11 -2.24628e-11  4.05056e-09 1.13632e-09 -8.78499e-10  1.0745e-09 -1.68527e-09 -5.79324e-10  1.42975e-09 -1.4627e-09 -3.37363e-10  1.46177e-09 6.20593e-10 -3.15707e-10  1.86012e-07 -1.35068e-07 -6.06255e-08  -6.70183e-10 9.83134e-10 -1.64254e-10  3.10423e-10 -7.70558e-10 -2.66243e-10  3.8126e-10 -3.87065e-10 1.6263e-11  2.97172e-10 -1.71048e-10 4.86979e-11  6.28605e-10 -3.35854e-11 1.72482e-10  -8.7644e-07 7.88966e-07 -3.65055e-07  3.67728e-10 9.72353e-11 1.3075e-10  -7.22736e-10 3.09696e-10 -9.42357e-11  -1.52039e-08 1.18399e-09 -7.24478e-09  -8.16524e-10 -6.81812e-09 -2.48928e-09  2.49215e-08 -5.86578e-09 -9.51784e-09  1.90239e-10 3.27402e-10 1.91977e-10  8.8444e-09 -1.07927e-09 -3.51664e-09  1.9142e-09 3.40636e-10 -9.62565e-11  2.10484e-09 1.55067e-10 -1.69076e-10  -3.41442e-10 4.04395e-10 -1.595e-10  1.87004e-09 4.11724e-10 -1.44839e-10  4.89449e-10 8.32654e-10 -6.46924e-11  2.05913e-10 1.1779e-09 -3.06001e-10  3.58503e-11 -1.07784e-09 -1.20412e-10  4.09995e-07 -1.80642e-07 -1.56453e-07  6.29175e-09 -1.29139e-08 -7.55626e-09  3.45967e-11 -1.15613e-09 -2.99997e-10  -5.83274e-09 -1.16216e-07 -3.26807e-08  1.23402e-10 4.14912e-10 -2.8926e-10  -6.27506e-12 -8.46287e-11 -2.68824e-10  1.40376e-10 1.92555e-09 -2.85404e-10  5.91431e-11 -1.1949e-09 -1.27869e-10  3.1862e-07 -3.72094e-08 -9.43332e-08  1.89503e-07 -1.34238e-08 -6.45458e-08  2.75723e-09 -2.95059e-09 -1.17684e-09  7.48938e-06 -1.64118e-06 -1.09475e-06  2.25257e-07 -4.26061e-07 -1.44078e-07  4.08473e-10 -1.38459e-10 -1.21485e-10  -5.3236e-09 4.51922e-09 -5.33426e-09  2.77704e-09 1.8074e-09 -9.40059e-10  -6.23161e-10 5.8999e-10 -1.28497e-10  5.13356e-10 -8.73956e-10 -4.27148e-10  -4.8861e-09 -2.82548e-09 -1.65099e-09  -6.30707e-10 3.51657e-10 -3.55776e-10  -1.5966e-10 1.69772e-09 -1.67805e-10  1.12307e-09 1.98266e-10 -1.85598e-10  -3.51621e-10 -4.05119e-10 9.46619e-11  5.27734e-10 9.4321e-11 -2.16874e-10  9.18302e-09 -9.75732e-08 -3.27666e-08  1.07078e-10 2.60214e-10 1.21128e-10  2.97685e-09 -4.63253e-09 -1.75329e-09  7.57027e-08 1.05782e-08 -4.2413e-08  4.50376e-11 1.17285e-09 1.09136e-10  4.00733e-11 -1.74771e-10 -3.23259e-11  -1.97114e-09 2.09035e-09 -8.8526e-10  1.87552e-09 3.85337e-10 1.85056e-12  7.25797e-10 -3.63661e-09 -1.38314e-09  6.28705e-10 -6.13038e-11 -2.51969e-10  
            </DataArray>
            <DataArray type="Float64" Name="Force" NumberOfComponents="3" format="ascii">
               0 0 0  -6.36577e-08 -2.73361e-08 2.16317e-09  1.02078e-05 -2.83802e-05 1.33958e-10  7.46779e-06 -1.75685e-05 1.51437e-09  -1.59989e-07 -6.18218e-07 9.53997e-09  -1.28794e-07 -2.79124e-07 -4.51139e-09  0.000165389 -0.000624588 -1.92264e-05  1.21825e-06 -1.16367e-05 3.01724e-08  -1.81457e-06 -9.51017e-06 -1.08884e-07  -6.79811e-07 -1.15071e-05 -3.70545e-08  1.41371e-07 3.53153e-07 -5.69992e-09  0.000668411 -0.000519637 -4.69133e-06  0.00167772 -0.0001455 -1.59682e-05  8.71171e-06 2.4258e-05 8.63167e-08  1.14928e-05 2.02089e-05 3.498e-08  1.71973e-05 2.29031e-05 6.36443e-08  -2.62799e-07 -3.39587e-07 1.29272e-08  0.000490279 -0.00052719 1.74063e-05  5.74695e-09 1.03336e-06 -2.0605e-09  5.36634e-07 2.56823e-06 -4.54985e-09  -1.82012e-07 3.72332e-06 5.56629e-08  0 0 0  0.00120434 0.000601663 -4.36375e-06  2.24068e-07 -3.29514e-07 -1.85993e-09  -2.249e-08 -2.56606e-07 -1.84367e-09  -3.20322e-07 -9.1458e-08 -4.45954e-09  1.59418e-07 -3.53573e-08 -3.62324e-09  0 0 0  1.71654e-07 -1.81189e-07 -7.16191e-09  7.24763e-08 -6.23249e-08 3.00889e-09  0.00105336 0.00100172 6.74703e-06  0.000993117 0.000704526 6.55032e-06  -7.03795e-07 -1.75886e-06 2.30727e-08  0 0 0  -0.000310834 0.000650728 1.69975e-05  -0.000138432 0.000282546 5.17443e-06  7.2405e-08 -4.02425e-08 2.47409e-09  5.14633e-07 -7.39451e-07 -1.32057e-09  9.65765e-05 3.50648e-06 8.4653e-07  3.45094e-05 4.97217e-06 2.98613e-07  3.66464e-05 -5.26648e-06 2.39475e-07  -0.000269124 -0.000885327 -5.4411e-06  -9.7341e-05 -0.000640285 1.38715e-06  6.89015e-07 -6.50478e-07 -3.87806e-09  2.302e-06 -2.47346e-06 5.16896e-08  0 0 0  -9.17706e-06 1.26824e-05 -8.96069e-11  -2.59779e-05 2.22615e-05 5.11497e-09  -0.000395312 0.00122461 7.46719e-06  0 0 0  0.000326465 0.000530767 1.62078e-05  -0.000604104 -0.000699882 -6.09487e-06  -0.000447972 -0.00081245 -4.35221e-06  0.000266816 0.000229697 8.33589e-06  0 0 0  0.000276963 0.000222195 -8.82404e-09  0.000300933 0.000616196 -2.08619e-05  0.000747923 0.00036309 5.11801e-06  -0.000378924 0.000138157 3.30819e-06  -0.000144644 7.88097e-05 6.17823e-06  -0.000344045 0.000131368 2.47971e-06  6.12825e-08 -3.34732e-07 -3.97338e-09  0 0 0  -0.000561168 -0.00129126 -9.5007e-06  0.000447134 -3.93992e-05 -5.48423e-06  0 0 0  -1.65426e-05 3.42692e-06 2.70052e-07  -9.55765e-06 -2.12462e-06 4.82385e-09  -1.43061e-05 -1.07806e-06 1.40311e-07  0.000335937 0.000351359 -1.74968e-05  -9.106e-07 -1.21818e-05 1.14842e-09  -7.73345e-07 -2.36319e-05 4.95412e-09  -0.000904031 -0.00104828 1.06041e-05  0 0 0  -6.77948e-08 7.13146e-08 3.15072e-09  0.00134703 2.93323e-05 5.64559e-06  -0.000266983 -0.00134039 8.56987e-06  -2.90874e-07 -1.72521e-05 1.98947e-09  2.09389e-06 -1.11921e-05 5.79391e-10  7.15656e-06 -8.55127e-06 -3.33505e-08  6.4735e-06 -5.45755e-06 5.70097e-09  0 0 0  4.45768e-07 -1.03014e-06 -2.44173e-09  2.17313e-07 -1.04096e-06 -1.61903e-09  -4.22014e-05 -0.000707802 1.67964e-05  5.2965e-07 4.29986e-07 -2.06672e-08  1.80965e-06 1.81406e-06 5.85867e-11  0 0 0  3.29766e-07 -1.32347e-07 -4.7181e-09  -2.49549e-08 3.24564e-07 -4.20396e-09  9.97637e-06 -2.34765e-05 4.72042e-10  1.66034e-05 -1.95207e-05 3.59322e-10  -2.06659e-05 -1.09537e-05 -8.27845e-09  8.90139e-06 2.16198e-05 4.23296e-09  1.21479e-05 1.91517e-05 9.92459e-09  6.93126e-06 9.95594e-06 3.20548e-09  0 0 0  -2.13843e-05 1.17095e-05 2.91207e-09  -2.75934e-05 1.47947e-05 1.41718e-09  -2.49217e-05 6.03221e-06 9.22799e-10  -8.37366e-08 2.89694e-07 -3.50194e-09  -3.34588e-07 4.2976e-08 -4.39695e-09  6.70126e-05 -0.000352 1.1749e-05  0.000142161 -0.00022007 4.92439e-06  6.60641e-05 -0.000157625 1.60508e-06  2.07433e-05 8.51803e-06 1.04257e-08  2.17205e-05 4.79316e-06 1.95849e-08  0 0 0  -4.69935e-08 2.01817e-08 1.61579e-09  0.000779982 -0.000222648 1.16862e-05  -0.00194814 -0.000708928 -5.20715e-06  0 0 0  0.000272034 -0.000106664 3.94558e-06  0.000616716 -0.00035619 2.56373e-07  0.000175769 -0.000128529 4.02409e-06  -0.00182977 -0.000255939 -1.26884e-05  -0.00054185 -0.000472436 1.80092e-05  -3.01818e-06 -1.67391e-06 -3.65078e-08  -1.07859e-07 -1.01907e-06 -2.18835e-09  3.43511e-09 -6.80492e-08 2.10417e-09  -1.62893e-07 -2.10426e-07 -7.68509e-09  -5.013e-08 -5.27034e-08 2.30589e-09  -0.000552528 0.000482028 2.17731e-05  -0.000442919 0.000466804 -1.42214e-05  0 0 0  0.000603215 -0.000271371 8.25945e-06  0.00108831 -0.000680521 -1.04479e-05  3.72791e-08 2.40925e-07 -6.95721e-09  -5.10915e-05 0.000156875 1.88769e-06  -1.85934e-05 5.56019e-05 3.0164e-07  -1.34777e-05 7.57092e-05 2.24361e-06  1.20229e-05 -2.26354e-05 2.76407e-10  1.74635e-05 -1.88136e-05 2.08037e-10  -1.76394e-05 2.07994e-05 2.08065e-07  -3.49223e-05 4.80357e-05 1.16753e-07  -1.33039e-05 2.97684e-05 4.59521e-07  0.000407102 -0.00052726 -2.04664e-05  0.000832653 -0.000413201 5.91098e-06  0.000550779 -0.00129654 -9.00528e-06  0.000166067 -0.000455362 -1.61248e-05  -1.42532e-05 -4.37948e-05 -7.31819e-08  9.78153e-05 0.00039169 7.23828e-06  1.2295e-07 -1.25227e-08 4.21305e-09  0.000174312 -0.00086543 -6.79093e-06  0.000169955 -0.000387093 -7.53327e-07  0.000140004 -0.00136521 5.81168e-07  -1.45623e-07 2.00544e-07 -2.6023e-09  -0.000704515 7.86605e-05 1.68242e-05  -0.00123232 0.000312087 4.33911e-06  8.58946e-07 2.98746e-07 -1.60486e-09  2.26278e-07 1.09938e-07 2.92864e-10  4.53959e-05 8.1989e-05 1.35249e-06  2.35575e-05 4.87216e-05 4.54498e-07  4.19262e-05 4.82981e-05 4.57641e-07  4.9727e-07 -3.45148e-07 8.51793e-09  -8.3975e-08 5.51427e-07 -1.63072e-08  -1.44423e-05 -0.000271821 4.84744e-06  8.95652e-05 -0.000455575 -3.2273e-07  1.59164e-05 -1.74862e-05 -1.46239e-08  -9.36087e-07 -6.0241e-06 1.67516e-09  0.000661192 -0.000808253 -1.47041e-05  2.52968e-06 -2.08105e-06 -2.22912e-08  -2.22796e-05 -6.59833e-05 1.10302e-06  0 0 0  0.000396565 0.000112988 4.24539e-06  2.24844e-08 8.70088e-08 2.83576e-09  1.58901e-07 4.23905e-07 1.37348e-08  -9.72865e-05 0.000666282 -1.96355e-05  -1.03768e-06 -1.65093e-07 -2.88136e-09  -4.77724e-07 -1.49909e-07 1.49691e-08  2.50274e-06 1.33549e-06 6.31336e-08  2.14258e-06 8.55063e-07 -8.08942e-10  7.53694e-06 1.58374e-06 3.94693e-08  -2.98581e-07 -4.7902e-07 -1.65537e-08  3.40721e-05 0.000663055 -1.99143e-05  0 0 0  0 0 0  0.000338037 -0.000541084 1.46688e-05  -1.50356e-05 1.21439e-06 1.56988e-07  -2.03339e-05 -3.59924e-06 -2.51672e-07  -3.53245e-05 1.94266e-06 -6.33113e-08  1.21214e-05 -1.7004e-05 7.03329e-08  9.0786e-06 -1.45795e-05 4.84583e-08  -0.00143208 5.75314e-05 -2.58316e-05  -7.11302e-07 3.05156e-07 2.33636e-08  2.01216e-06 2.84251e-06 4.34342e-08  -1.87134e-05 2.13467e-05 1.39321e-09  -1.62441e-05 2.22784e-05 3.33729e-10  -4.79221e-06 -2.24969e-05 2.36877e-08  -1.04787e-05 -1.87283e-05 4.29597e-08  1.92755e-05 -1.10294e-05 6.23527e-10  0.000429939 0.0011773 1.04457e-06  1.69388e-06 3.0847e-07 2.89808e-10  -0.000373056 0.000160253 9.73863e-06  0.000323295 9.30963e-05 1.25239e-06  0.000850641 7.57704e-05 -1.17575e-05  -2.43395e-05 1.53505e-05 4.33604e-09  -1.15196e-05 1.0495e-05 1.34333e-09  -1.00963e-06 4.71646e-08 -1.80486e-09  -2.40938e-06 2.42225e-07 2.12965e-08  -9.33284e-06 1.1801e-05 1.07147e-08  8.74244e-07 -7.19557e-08 -3.89861e-09  2.81409e-07 -6.4657e-08 4.23021e-09  0.00127847 -0.000378867 -1.66627e-05  -1.30522e-07 1.1202e-07 -4.94061e-09  -7.90231e-05 -0.000165565 -2.26967e-08  -0.000102224 -0.000360202 7.93586e-06  -4.68002e-05 -0.000246405 4.11888e-06  1.1218e-05 -5.68933e-06 7.23305e-10  6.74405e-06 -1.78358e-06 2.28219e-10  9.89359e-06 -4.53678e-06 -5.06169e-09  0.000161246 0.000627053 -1.80519e-05  1.25666e-05 -9.82269e-06 6.10756e-10  1.96198e-05 -8.05487e-06 6.56441e-10  4.44905e-06 -1.17981e-06 2.7323e-09  7.17065e-06 4.3497e-10 2.62007e-09  1.04419e-05 -2.37772e-06 1.75136e-09  2.7442e-05 -1.63338e-05 3.90192e-10  8.77648e-06 0.000123572 3.58816e-06  1.54191e-06 4.20308e-06 -5.51203e-08  1.8283e-06 2.73827e-06 5.62254e-09  5.37372e-07 9.63328e-07 -2.6561e-09  1.87247e-07 -7.24931e-07 2.18684e-08  8.49514e-08 -2.09513e-07 -2.41352e-09  -8.54448e-07 1.45079e-06 2.09753e-08  -1.52734e-06 2.83844e-06 -2.8008e-08  -5.70323e-07 1.67462e-06 2.12166e-08  -0.000799542 0.000209307 -8.75348e-06  -3.75014e-07 -2.08087e-07 1.2872e-08  -1.17479e-05 1.44327e-05 -7.50623e-08  -1.63918e-05 1.74398e-05 1.08704e-07  -1.19524e-05 1.02781e-05 -5.39309e-08  -1.85652e-05 -2.19675e-05 1.92965e-09  -1.0929e-05 -1.94746e-05 6.10362e-09  -9.97274e-06 -2.71364e-05 5.70723e-09  -1.40958e-07 4.42661e-08 -4.24635e-09  -5.97082e-06 -1.56661e-05 3.60426e-09  4.14341e-09 8.18729e-08 2.58811e-09  0.000101337 0.000209043 -4.74864e-06  0.00011292 0.000381174 1.81052e-06  3.42815e-07 9.25979e-08 4.06363e-10  3.58389e-07 3.69589e-07 1.44293e-08  -2.50721e-06 -1.5571e-06 -2.14364e-09  0 0 0  -2.90117e-05 9.5826e-06 1.42658e-07  1.03293e-06 5.99576e-07 -4.30596e-09  1.50514e-07 1.02853e-07 -4.6554e-09  6.49542e-07 -1.54198e-06 -3.19626e-09  1.03172e-06 -4.94537e-07 -1.11214e-08  0 0 0  9.53466e-07 -2.71129e-07 6.07171e-09  6.51742e-08 5.58125e-08 2.49074e-09  8.75709e-06 8.47853e-06 -1.90762e-08  6.93838e-06 5.13346e-06 1.07442e-08  6.53667e-06 5.13649e-06 6.98147e-09  0.000504861 -0.000434432 -2.36114e-05  -3.18873e-07 -2.36111e-08 -3.92563e-09  2.25349e-06 1.53301e-06 -2.98952e-08  -1.9156e-06 -3.92717e-06 -6.43297e-08  -2.06173e-05 1.06876e-05 3.64825e-07  -1.45828e-05 3.40287e-06 1.74539e-07  -1.97189e-05 1.07961e-05 -1.05292e-07  -4.47513e-08 -7.18653e-08 2.69173e-09  -1.20026e-05 -8.41543e-06 1.6632e-08  -1.46561e-05 -5.96306e-06 -9.96743e-08  1.05314e-05 -0.000223659 -5.76397e-06  7.12165e-06 -2.20657e-05 4.0744e-08  -7.29123e-06 1.71691e-05 9.81866e-09  -0.000263707 -0.000536689 -1.90287e-06  7.45435e-06 5.24464e-06 5.10749e-09  8.49951e-06 4.59013e-06 7.19227e-10  1.19053e-07 1.22958e-07 -4.67169e-09  -0.00126016 0.000625991 -3.09658e-06  -0.0005269 0.000365631 -2.12781e-05  -4.40223e-06 1.38623e-06 4.28427e-08  -3.48112e-06 3.99271e-10 3.15565e-08  -0.00155876 -0.000951174 -1.36334e-05  -0.000372128 -0.000323993 -1.37059e-05  -0.00065895 -0.000444564 1.52773e-05  0.000162883 -0.000267606 4.71913e-06  0.000698813 0.000195407 1.86495e-06  -1.09981e-06 2.80348e-07 -2.19617e-09  -0.000423898 6.4721e-05 4.46669e-07  -0.000221028 0.000153454 8.34841e-06  -1.29747e-05 1.89037e-06 -5.49771e-08  -1.74994e-05 -2.24433e-05 2.41861e-08  -1.44766e-05 -1.07282e-05 -4.29578e-08  -2.03982e-05 -2.11039e-05 4.63952e-09  0 0 0  0.000176971 0.00115354 2.23593e-06  4.76477e-07 -1.42866e-05 6.72469e-10  0 0 0  -9.53276e-06 1.18593e-05 7.15755e-10  2.089e-05 1.08083e-05 4.65905e-09  1.004e-05 5.76971e-06 5.9221e-09  0.000654661 0.000201689 -1.02234e-05  -0.000337686 -0.000552087 -2.10358e-05  -1.64396e-05 2.60106e-05 3.61178e-09  3.52384e-07 -3.14402e-06 -2.51472e-08  2.00827e-05 -0.000416494 1.08402e-05  -6.03188e-05 7.82653e-06 1.6127e-07  -3.94183e-05 -6.06686e-06 1.82378e-07  1.53336e-05 9.42346e-06 1.08602e-10  8.65217e-06 8.6491e-06 1.5611e-10  1.96339e-05 1.24553e-05 8.33864e-11  9.92716e-06 -6.88164e-06 7.76375e-10  1.77683e-05 -1.6112e-05 3.83651e-09  1.89524e-05 -1.57218e-05 2.18397e-09  -0.000784437 0.00110424 -5.38027e-06  -5.62333e-08 3.92018e-08 2.20358e-09  0 0 0  -1.12375e-06 4.39226e-06 -6.53104e-08  1.44372e-05 1.57508e-05 9.33454e-10  1.65935e-05 1.26747e-05 1.1601e-09  8.59747e-06 4.93821e-06 1.92155e-10  2.20537e-05 8.39302e-06 4.29645e-10  0.000177489 0.000367935 8.13526e-06  7.9004e-06 2.89159e-05 5.42445e-10  5.89385e-06 2.34236e-06 8.25662e-09  9.87623e-06 2.90648e-06 -4.42615e-09  -9.13652e-07 -9.61115e-07 9.76122e-09  -8.06887e-07 -6.92516e-07 3.17294e-08  -1.65644e-06 -2.27826e-06 2.96897e-08  -2.02767e-06 4.15438e-06 4.21173e-08  -4.45653e-06 7.12986e-06 -1.22195e-07  -2.23631e-07 -1.35278e-07 -1.63283e-09  3.37468e-06 -2.36513e-05 5.77693e-09  6.4626e-06 3.4912e-05 1.09289e-09  -0.000205105 0.000178198 5.25578e-06  -0.000228389 0.00061955 8.66977e-07  1.83319e-05 -8.41696e-06 8.66858e-08  8.32768e-05 -1.84249e-05 5.5837e-07  -1.88144e-06 -1.64172e-05 4.61242e-08  -1.22744e-06 -1.21472e-05 7.20892e-08  1.80245e-05 -5.23556e-07 2.28967e-09  -1.18683e-07 -1.01861e-07 -4.52051e-09  0.000389691 -0.000695899 -2.66809e-06  0 0 0  -4.5233e-06 -1.78711e-05 1.55987e-09  -1.74968e-05 -3.14441e-05 5.26099e-09  -6.82295e-06 -2.27854e-05 9.31361e-09  1.07903e-06 -3.75354e-06 4.0638e-08  -9.56309e-06 0.000104564 8.10114e-07  -4.25488e-05 0.000164412 5.93147e-06  -6.52518e-07 7.4629e-07 -4.90373e-09  2.16724e-05 1.37487e-05 1.08053e-10  2.28865e-05 1.18462e-05 6.23697e-11  -0.000450983 0.000834714 -9.38728e-06  -0.00041802 0.000231578 -1.67086e-05  -0.000329543 0.000287643 -1.89585e-05  3.85011e-07 3.49946e-08 4.53178e-09  -4.68711e-07 3.26305e-07 -1.66562e-08  -2.74634e-06 7.48495e-06 1.21033e-07  -2.62693e-06 9.77583e-06 -1.4306e-07  -1.8233e-05 -8.70462e-06 1.27877e-09  -1.07488e-05 -7.76027e-06 5.95659e-10  1.17281e-05 1.85227e-05 8.7454e-10  4.96753e-06 1.49979e-05 6.98735e-10  4.39341e-06 9.52038e-06 4.22952e-10  9.54973e-06 1.50299e-05 6.74766e-10  4.7235e-06 6.78782e-06 -5.35341e-10  1.29629e-05 1.18676e-05 1.45302e-09  1.8247e-05 -5.99551e-06 1.41084e-10  3.20535e-05 -5.55242e-07 6.40094e-10  5.77699e-07 -3.15046e-07 -2.34109e-08  1.42385e-06 -1.04326e-06 5.85381e-09  8.13148e-07 -4.3522e-07 3.156e-08  0 0 0  -0.00012152 0.00045791 -1.91041e-05  -4.21141e-07 -2.93122e-07 -1.50258e-08  -1.49314e-05 1.08863e-05 2.97303e-10  -2.01873e-05 2.62265e-05 8.12457e-10  -1.45444e-05 2.27459e-05 3.31813e-10  0 0 0  0.000243916 0.000395162 -1.63275e-05  -1.0883e-07 2.21899e-07 -7.11003e-09  4.42669e-06 6.5721e-06 2.55827e-09  -3.26267e-07 -1.92366e-05 2.78662e-10  4.07502e-06 -1.87345e-05 3.58959e-10  6.44106e-06 -3.13681e-05 3.61954e-10  -9.40276e-05 0.000612697 3.93939e-06  0.000112968 -0.000102196 3.68925e-06  3.71245e-05 -3.06262e-05 2.85149e-07  5.68134e-05 -6.98384e-05 2.5161e-07  0 0 0  -1.56087e-05 -1.45965e-05 1.31069e-07  -1.74568e-05 -9.60323e-06 -2.6977e-07  2.91779e-05 1.05473e-05 1.01109e-09  -5.07895e-06 -2.4483e-05 3.0717e-10  3.51606e-06 -2.4616e-05 3.22021e-10  -2.87887e-06 -2.43938e-05 3.39168e-10  -1.22869e-05 -4.53203e-06 1.63441e-10  -2.56333e-05 -8.16828e-06 -2.10073e-09  -2.61274e-05 -4.53745e-06 1.68977e-09  -1.28915e-06 1.66696e-06 5.23876e-09  2.13249e-05 -1.09913e-05 6.47807e-10  1.09552e-05 -3.95467e-06 1.49269e-10  1.61486e-05 -1.23364e-05 7.17746e-09  -2.981e-05 -0.000493399 -1.8404e-05  -3.24543e-06 6.96654e-06 7.92453e-08  -0.000142507 0.000224598 3.72745e-06  -0.000102551 8.7789e-05 1.47971e-06  -7.95309e-06 3.29856e-05 9.09131e-10  -8.19558e-06 1.71731e-05 -1.83046e-10  1.81873e-05 -1.26134e-05 2.28169e-08  1.4407e-05 -1.56317e-05 3.74388e-08  -0.000481317 0.000332148 3.10742e-06  1.81687e-06 -1.83713e-05 1.41274e-09  -1.16196e-06 1.09878e-06 -2.34014e-09  6.7718e-08 -1.33953e-06 5.29794e-09  -0.000392084 -0.000147065 -5.25898e-07  -0.00101667 -0.000140777 1.10583e-05  1.70665e-05 1.86482e-05 1.86923e-09  1.13985e-05 2.207e-05 1.45085e-09  1.06751e-05 1.53354e-05 2.03118e-09  0 0 0  -8.72914e-06 -1.35087e-05 3.41188e-08  1.28346e-05 3.41279e-06 5.38791e-10  1.52137e-05 7.85437e-06 4.25508e-10  1.13533e-05 1.65744e-06 7.34419e-10  1.77294e-05 -3.22611e-07 1.1433e-09  1.49026e-05 1.98566e-05 5.32628e-10  -1.08372e-05 -9.59679e-06 -9.06968e-08  -1.69641e-05 -1.67497e-05 9.59346e-08  -9.19083e-06 -1.44676e-05 1.05528e-09  5.6704e-06 -2.43758e-05 7.67481e-10  8.62385e-06 -2.30406e-05 1.8021e-09  -2.24161e-05 0.000450983 -1.6806e-05  -1.97553e-06 1.52408e-06 -2.47016e-09  -2.82755e-06 3.20867e-06 -4.15299e-08  -3.64376e-05 1.41339e-05 8.10127e-10  -1.97012e-05 3.21813e-06 -4.67859e-09  2.91363e-05 3.47382e-05 6.98479e-07  -1.26411e-05 1.1458e-05 1.38045e-09  -1.63772e-05 2.64648e-05 1.86494e-11  -6.05876e-07 4.21651e-07 2.20974e-08  0 0 0  -0.000117601 -0.000123631 3.26999e-06  -7.42851e-05 -8.99521e-05 2.60489e-06  -3.04158e-05 0.000627994 1.7155e-05  1.81953e-05 7.88618e-07 2.58036e-10  0 0 0  -1.05857e-05 2.34314e-05 5.99929e-10  -0.000319612 0.000402185 -2.32923e-05  2.35923e-05 -1.8896e-05 3.25892e-10  2.18302e-06 1.54424e-05 3.64826e-09  2.62639e-06 1.43563e-05 1.00611e-08  8.50381e-06 -1.06108e-05 -9.16989e-09  6.43338e-06 -1.32054e-05 2.83695e-08  -1.42654e-05 -4.94671e-06 -2.35319e-09  1.71715e-05 -4.56263e-06 4.81252e-09  -0.000164295 -0.000256353 -7.17919e-07  9.71411e-05 0.000164324 6.81132e-06  -5.47682e-07 2.34945e-07 -1.7345e-08  -1.43608e-05 -1.31673e-05 7.62964e-10  -1.97982e-05 -1.71144e-05 8.74226e-11  -1.50485e-05 -2.73294e-05 8.66082e-08  -5.61128e-05 -6.27061e-05 -4.27509e-07  -7.24651e-07 5.15612e-06 5.51088e-08  -1.9613e-05 -4.01993e-06 2.60227e-09  -1.32002e-05 -1.0455e-06 -2.57941e-09  -1.87443e-05 -6.26455e-06 -2.6414e-10  -0.000440246 1.47621e-05 2.19166e-07  9.27155e-06 2.25024e-05 4.84055e-10  8.47952e-06 2.77582e-05 7.32177e-10  1.39058e-06 2.20838e-05 3.41072e-10  1.63291e-06 -2.91493e-06 -2.76129e-08  -1.17265e-05 -1.20256e-06 -1.75149e-07  -1.25412e-05 1.9112e-06 -4.82563e-09  -3.09296e-06 8.40525e-07 -2.79543e-08  -4.61051e-05 1.98731e-05 1.08274e-06  2.25466e-05 4.97287e-06 4.88217e-09  1.44585e-05 -1.00224e-05 3.85489e-09  8.3842e-06 -8.28765e-06 2.36497e-09  0 0 0  2.16719e-05 9.26674e-07 5.10854e-10  1.4138e-05 1.29203e-05 4.39108e-10  -1.23649e-05 -1.65533e-05 -5.92623e-08  -2.40572e-06 -6.83671e-06 6.49876e-08  1.63921e-05 -1.62004e-05 1.07858e-08  3.41933e-05 0.000109398 -4.45315e-08  6.30716e-07 -1.68525e-05 1.28581e-08  -1.84668e-06 -1.12727e-05 1.61572e-09  5.63256e-06 -7.91903e-06 1.83106e-10  6.25388e-06 1.08944e-05 6.76434e-12  1.5228e-05 1.99202e-05 3.08665e-10  1.89141e-05 1.7329e-05 6.32751e-10  -4.4934e-06 -1.56165e-06 4.80133e-08  -2.66683e-06 1.65761e-06 -1.99583e-09  1.30746e-05 2.37254e-05 2.51902e-08  1.35393e-07 2.14419e-07 -7.21098e-09  -9.45471e-06 1.78775e-05 9.49118e-08  -1.17176e-05 1.20292e-05 -1.68081e-07  -1.14164e-05 1.5007e-05 5.91204e-08  -7.90211e-07 -2.51036e-05 1.04637e-09  -1.92278e-05 -3.71118e-06 6.40417e-08  -1.52547e-05 -4.25656e-06 -7.91417e-08  -1.62424e-05 -2.00016e-05 1.01512e-09  -8.41144e-06 -2.42095e-05 6.11099e-10  -9.7914e-06 -1.64594e-05 4.49402e-11  2.76597e-06 -2.79711e-06 -3.56501e-08  2.13226e-05 2.81122e-05 7.19201e-08  9.64018e-06 2.80154e-05 3.15908e-09  5.603e-07 -1.5246e-07 -1.54577e-08  4.95859e-07 -2.14073e-07 1.20142e-08  -3.13069e-07 -2.68821e-07 1.23901e-08  8.74011e-06 4.53392e-06 -4.13161e-09  -1.34184e-05 -2.30913e-06 1.72774e-10  -2.59146e-05 -8.24403e-06 -1.14339e-09  0 0 0  -2.48441e-06 1.50093e-05 6.99468e-09  -3.11617e-06 2.48572e-05 5.40396e-09  2.07853e-07 2.10222e-08 2.87671e-10  1.93732e-07 -1.33311e-08 2.54993e-10  0.000108804 6.0718e-05 1.50886e-06  1.39775e-05 2.20579e-05 5.57226e-11  1.11091e-05 1.2496e-05 1.6832e-08  2.31595e-05 1.86387e-05 5.34077e-08  1.58817e-05 1.73485e-05 3.26752e-10  5.85005e-06 1.01893e-05 5.14635e-11  -8.39479e-06 -2.40829e-06 -8.31577e-08  -2.16337e-05 -1.71875e-06 9.55816e-08  -1.32038e-06 -1.02975e-06 -3.07075e-09  1.74947e-05 -4.65016e-06 5.88623e-10  -0.000106003 1.10669e-05 1.6522e-06  -0.000214695 8.7979e-05 1.5787e-06  -2.23209e-05 1.97803e-05 8.43099e-10  5.56502e-05 3.75165e-05 3.71203e-07  1.72298e-05 1.624e-05 -1.20046e-09  -1.11401e-05 -1.07299e-05 8.37616e-08  0.000330403 6.71661e-05 5.47326e-07  0.000291196 -1.31885e-05 1.8383e-06  2.84554e-05 1.08467e-05 7.38234e-10  2.44922e-05 1.06182e-06 2.23081e-10  1.20494e-05 3.20394e-06 1.26246e-10  1.34952e-06 2.1364e-05 4.3711e-10  -1.23067e-05 2.40609e-05 -1.34336e-08  -8.06053e-06 -1.91047e-05 9.03152e-09  -9.07633e-06 -1.52403e-05 -6.18235e-09  -9.43435e-06 -1.34483e-05 -2.18812e-08  6.83093e-07 -1.70535e-05 1.11353e-08  9.20763e-07 0.000392162 -6.60322e-07  -2.07297e-05 8.23244e-06 4.87341e-08  -2.41081e-05 1.50712e-05 5.48672e-09  -1.61135e-06 -2.40263e-07 -3.27756e-09  1.93206e-05 -2.54102e-06 5.59958e-10  -0.000260536 0.000272669 3.5547e-06  -0.000458507 0.000610607 -1.92925e-06  1.71643e-05 1.87228e-05 9.18093e-08  1.54096e-05 -2.16774e-05 -3.01875e-09  3.48472e-06 -8.73623e-06 2.26505e-08  1.54266e-06 -8.05203e-06 -9.06726e-08  2.2374e-06 -1.45759e-05 4.98867e-09  5.8746e-07 -1.55993e-05 -1.63356e-09  -2.55462e-06 -2.01766e-05 4.30349e-09  -1.05992e-05 1.71406e-05 -9.6195e-10  -7.94715e-06 2.89529e-05 1.96141e-10  1.85962e-05 1.4568e-05 1.21109e-07  0.000811408 7.61611e-05 -8.73302e-06  -1.90135e-06 4.80103e-05 9.14523e-07  -1.8701e-05 -1.99861e-05 4.78473e-08  1.87745e-05 3.84753e-06 1.05963e-10  -8.54443e-06 -2.51077e-05 2.49788e-08  -3.36143e-07 1.86639e-07 1.16285e-08  -1.10993e-07 6.15757e-08 -3.63291e-09  3.36943e-05 3.35364e-09 2.06507e-08  2.72927e-05 9.33391e-06 5.60097e-10  2.10231e-05 6.57959e-06 5.69601e-10  2.27505e-05 9.88257e-07 6.33541e-10  1.68458e-05 -7.78697e-06 2.64522e-10  2.41603e-05 -5.31427e-06 4.49919e-10  1.59416e-05 -3.27429e-06 5.34246e-10  1.55342e-05 -1.34874e-06 3.12674e-10  1.46364e-05 -4.80232e-06 6.1453e-10  -6.44539e-06 2.48315e-05 2.93712e-10  -1.8938e-06 2.13788e-05 -4.90794e-11  2.63674e-07 5.79124e-06 -7.7848e-09  8.66685e-06 -5.95829e-05 2.06036e-07  1.17563e-05 -8.03291e-05 5.80298e-07  1.67312e-05 -4.39957e-05 2.6109e-07  6.43379e-05 0.00016188 2.11554e-06  1.90041e-05 1.59166e-05 4.00046e-10  -0.0002393 0.000293414 3.00697e-06  -3.19083e-05 -2.48261e-05 3.63498e-07  -0.00012025 -9.36761e-05 1.74818e-06  -1.68632e-05 1.73906e-05 1.91127e-08  -1.57355e-06 3.19237e-05 1.45058e-09  -2.36583e-05 -1.2594e-05 8.65284e-10  4.77055e-05 7.18801e-05 2.23934e-07  0 0 0  -2.02232e-05 1.34281e-05 8.04169e-10  -7.13782e-06 -1.05598e-05 4.02003e-11  -1.3326e-05 -3.66862e-05 4.05936e-08  -1.20679e-05 -2.75214e-05 -1.73737e-07  -3.39091e-06 3.76682e-05 6.35621e-10  -1.00148e-05 2.39573e-05 6.71356e-10  -3.92152e-06 3.139e-05 5.99362e-10  0 0 0  2.9186e-05 9.86045e-06 8.25013e-08  -2.19807e-06 -5.61939e-07 -3.81988e-09  -1.3405e-05 -1.38562e-05 9.92813e-10  -1.15114e-05 -1.50553e-05 5.04302e-10  3.01182e-05 -1.02815e-05 2.29285e-10  2.52286e-05 -4.40916e-06 2.92737e-10  -6.0203e-06 -1.46414e-06 -5.69433e-08  1.39932e-05 2.20803e-05 4.56153e-10  0.00013328 4.91457e-05 1.45359e-06  0.000199705 3.57338e-05 3.05793e-06  -1.91742e-05 1.13642e-05 1.18529e-07  -2.06471e-05 2.29302e-05 1.73121e-08  -1.82894e-05 1.63994e-05 -8.2002e-09  -1.00607e-05 2.40731e-05 5.44704e-10  1.16285e-06 -3.90726e-05 4.06281e-07  4.91591e-08 6.34814e-08 2.37378e-09  -1.4366e-05 -1.31766e-05 7.81192e-11  -1.21407e-05 2.79182e-05 1.38195e-09  1.74764e-05 3.58582e-06 5.9498e-10  2.98585e-05 -5.34139e-07 7.38777e-10  1.82382e-05 2.10149e-05 2.20758e-08  -2.61225e-05 2.02571e-07 -1.23667e-07  2.00891e-05 0.000390629 7.95607e-06  -1.08364e-05 -1.41233e-05 -1.51707e-09  -1.89325e-05 -1.49133e-05 -1.8172e-09  -1.63664e-06 9.08225e-07 4.416e-09  -0.000415869 -0.000436005 5.65003e-06  1.65645e-05 1.01731e-05 1.67981e-10  2.44632e-05 7.65731e-06 6.50935e-10  -0.000102786 5.7061e-05 -1.25458e-06  -2.24155e-05 1.22675e-05 1.20601e-09  8.13249e-06 -1.48829e-05 2.58971e-08  1.54826e-05 -4.18286e-05 1.05245e-07  -8.5908e-06 2.43753e-05 7.14407e-10  8.69993e-06 -5.42156e-06 1.65643e-08  6.83858e-06 -7.08654e-06 -1.25862e-08  -1.3728e-05 2.61037e-05 6.61801e-08  -1.1739e-05 -2.61873e-05 8.83261e-09  -1.8134e-06 2.05064e-05 3.58923e-10  4.01175e-06 1.21165e-05 2.09543e-10  6.01122e-06 1.46113e-05 -2.67489e-09  -1.96442e-05 2.01068e-06 -2.31335e-09  1.47777e-05 -9.03111e-06 8.82436e-09  2.15515e-05 -7.78936e-06 1.34749e-08  3.06009e-05 -1.10893e-05 3.53336e-08  -1.61684e-05 -5.31124e-06 -1.17162e-07  5.39301e-06 1.04501e-05 -2.62435e-09  1.90807e-06 8.56627e-06 -3.28835e-09  1.25395e-06 4.79265e-06 -4.63684e-08  1.37992e-05 2.17738e-05 4.41434e-10  9.69172e-06 2.35128e-05 1.21985e-10  -0.000153262 -2.56634e-05 1.96473e-06  -4.2842e-05 -6.60827e-06 1.50252e-07  -5.70262e-06 -1.88329e-05 5.9154e-07  -1.34339e-05 4.07036e-06 1.20681e-07  1.05709e-05 1.34352e-06 -6.24175e-11  -2.00484e-05 1.24314e-05 -6.55172e-08  4.29496e-06 -1.20715e-07 2.53932e-09  1.82644e-05 -4.85475e-06 7.18628e-10  1.102e-05 -1.54953e-05 3.91497e-10  9.84465e-06 -2.31583e-05 4.63725e-10  6.95755e-05 5.17245e-05 1.42992e-06  0.000103904 8.77972e-05 1.23847e-06  0.000464032 0.000230934 -2.61346e-06  3.51312e-06 1.89379e-05 9.09904e-10  -2.69521e-05 -3.00513e-05 5.98067e-07  7.54963e-06 5.60456e-05 9.61711e-08  -2.09088e-05 -1.77281e-06 1.01918e-07  -7.33961e-06 3.62043e-07 -5.93937e-09  -1.15495e-05 1.9609e-06 -1.22824e-07  0.000404077 0.000527988 -1.86334e-05  -2.26622e-05 -2.76605e-05 1.76939e-07  -2.43922e-05 -1.67607e-05 -2.695e-07  2.70392e-06 -6.65663e-06 4.41588e-09  2.65865e-06 -7.80898e-06 2.39647e-08  -6.07469e-07 9.52103e-06 9.55595e-09  -4.15975e-06 8.88912e-06 5.66491e-08  2.40082e-05 1.93833e-05 3.56622e-09  2.24309e-05 1.94671e-05 8.23146e-09  1.50629e-05 1.18763e-05 1.32754e-09  2.73555e-05 1.50824e-05 1.64424e-09  -1.01022e-05 4.58427e-05 2.2664e-07  -6.04272e-06 8.06524e-05 -1.08907e-07  -5.32628e-07 9.73602e-06 8.08816e-09  -1.40461e-06 1.37279e-05 8.27812e-09  -1.98337e-05 5.30791e-06 -1.13925e-07  7.53474e-06 5.06023e-05 1.60298e-06  -2.42299e-07 2.70921e-05 9.77609e-08  -5.3295e-06 2.18727e-05 3.1436e-08  5.72386e-05 0.000336571 7.65603e-06  2.76814e-05 -2.03994e-05 7.25305e-10  -1.25838e-05 3.65497e-06 9.95483e-10  1.57769e-05 -1.09375e-05 4.43283e-10  2.02217e-05 -2.46248e-05 6.47349e-10  2.16805e-05 -1.36822e-05 2.86222e-10  2.81944e-07 -2.34804e-05 7.97582e-10  4.43925e-05 -5.23777e-05 5.32044e-07  1.19356e-05 -1.17659e-05 1.30436e-07  1.09483e-05 -1.51337e-05 1.36696e-07  -1.56642e-05 -4.6208e-06 1.02962e-07  5.92988e-07 5.13605e-08 1.76805e-10  -1.92464e-06 -5.68266e-06 -1.88849e-08  -2.20941e-06 -0.000183956 1.90498e-06  2.87905e-05 -0.000121197 -1.46677e-06  -1.44301e-05 -8.39682e-06 -3.38334e-08  1.72034e-05 -2.49561e-06 3.17468e-10  2.03545e-06 7.68662e-09 5.29516e-10  1.22825e-06 -1.09652e-07 3.7935e-09  -1.86684e-05 8.63436e-06 1.95866e-08  2.39218e-05 -1.65987e-05 1.51914e-07  -1.64185e-05 7.24911e-06 -2.80652e-07  -1.91853e-06 -1.17965e-05 2.37891e-10  -7.39787e-05 3.71587e-06 6.803e-07  -3.21636e-05 -4.90803e-06 1.35293e-07  -3.81711e-06 -6.06408e-06 6.72613e-08  8.12166e-07 -7.15509e-08 -3.84524e-09  5.95684e-06 2.95155e-05 2.82683e-10  -2.82234e-05 -1.74975e-05 1.31017e-07  -2.03857e-05 -7.70658e-06 3.39036e-07  1.8368e-05 6.04256e-06 2.11542e-11  -1.11778e-05 -2.23229e-05 4.03937e-10  -1.21815e-05 -1.41265e-05 1.26488e-09  -1.17201e-05 1.44427e-05 -6.69746e-08  -1.20705e-06 -5.18088e-07 5.69151e-09  -1.16093e-05 5.53259e-06 1.43945e-07  -3.88891e-06 -4.09665e-06 -8.21145e-08  -4.07641e-06 -4.02976e-06 5.7322e-08  -4.03661e-06 -1.1614e-05 4.39995e-10  -1.53032e-05 -9.71759e-06 -9.14886e-10  -1.14491e-05 -4.27715e-06 2.15297e-09  -1.17668e-05 -4.34144e-06 9.43073e-10  -7.89274e-06 -4.27771e-05 1.52123e-07  -7.77621e-06 1.18824e-05 1.70204e-08  -1.11191e-06 4.77318e-07 -3.56558e-08  2.22806e-05 -7.62445e-06 -1.42571e-10  1.70755e-05 -1.07888e-05 5.81006e-10  4.23565e-06 1.59815e-05 5.26757e-08  7.98959e-06 1.73138e-05 6.88089e-10  1.8201e-05 4.83897e-06 9.63785e-10  2.49537e-05 1.08364e-06 1.16557e-09  1.87268e-05 -2.19627e-05 2.12285e-07  1.13226e-05 7.89041e-06 3.44248e-10  -1.13564e-05 1.60794e-05 7.69701e-08  -5.47133e-06 1.28599e-05 5.4711e-08  1.87564e-05 5.45153e-07 2.73446e-10  -1.27733e-05 7.57038e-06 -3.65769e-09  -3.45637e-05 2.87438e-05 -5.15211e-07  -1.60105e-05 -5.66899e-06 1.77766e-07  -3.43252e-05 -3.18038e-06 7.64878e-08  1.52727e-05 -3.13879e-06 1.93912e-08  5.88371e-06 -1.72304e-05 3.1164e-09  1.30956e-05 -2.02225e-05 3.24572e-09  -1.5328e-05 -1.36577e-05 1.40915e-07  -1.28071e-05 3.72506e-06 2.9782e-12  -2.0106e-05 8.50231e-07 -6.51811e-09  6.93779e-05 -3.52704e-05 5.53252e-07  2.3235e-06 -6.41055e-07 1.10098e-08  1.24934e-06 6.90243e-06 -1.0285e-07  -2.00583e-05 2.06507e-06 2.21615e-09  1.74974e-05 1.46816e-05 5.85727e-09  -1.47685e-05 4.60774e-06 5.94461e-09  -7.85406e-06 5.42597e-06 1.42769e-07  -5.95056e-06 2.53819e-06 -6.66961e-08  2.29815e-05 1.1896e-05 4.13574e-10  1.89013e-05 3.87653e-06 3.49868e-10  8.98887e-06 -5.14897e-06 -6.43676e-09  -4.72414e-06 1.58989e-05 -1.59224e-10  -3.66597e-06 2.32419e-05 1.96306e-09  1.0938e-05 4.30835e-06 1.18027e-09  -1.41818e-06 1.41248e-05 9.9809e-09  -1.94817e-05 -8.0222e-06 -7.09997e-08  -2.34127e-05 -1.34245e-05 -1.44446e-08  2.36889e-05 1.35921e-05 8.75019e-08  -0.000366839 -0.00011132 6.35702e-06  -7.88645e-07 -2.47484e-07 -2.43854e-08  -7.4881e-07 -4.15603e-07 -2.5182e-08  -3.4577e-05 -2.40788e-05 8.87877e-07  -3.7185e-05 -1.38394e-05 1.6065e-07  6.20144e-06 1.0052e-09 4.09738e-10  9.31362e-06 -1.88727e-06 1.36111e-09  -1.31612e-05 -2.14107e-05 1.69647e-09  -1.4145e-05 -1.2984e-05 4.37837e-10  2.13796e-05 4.96109e-05 -3.14356e-09  -3.44228e-07 1.36216e-05 1.34179e-08  2.24187e-05 8.18641e-05 1.26367e-06  -1.38474e-06 -1.85258e-05 1.21698e-09  -1.3072e-05 1.44416e-07 -1.73856e-08  -1.6676e-05 3.01809e-06 2.92328e-08  -1.97773e-05 -5.30426e-06 1.84812e-09  1.7738e-05 5.08288e-07 3.55882e-09  4.12969e-06 -5.94386e-06 -3.28943e-09  -0.000100331 -5.24202e-05 2.96568e-06  4.7278e-07 -3.32184e-06 6.83665e-09  -1.84534e-05 5.37849e-06 4.83029e-09  -2.30262e-05 8.99719e-06 -9.03257e-09  -9.50096e-05 -4.02866e-05 8.44419e-07  3.00169e-05 2.51449e-05 2.80888e-10  -1.3329e-05 -9.29368e-06 4.5635e-08  -1.32354e-05 6.60232e-06 -8.33603e-08  1.41851e-05 -1.17632e-05 9.11944e-11  1.08824e-05 -9.58327e-06 -9.66809e-13  5.00424e-06 1.26516e-05 3.54297e-10  -3.78375e-07 3.24863e-07 1.49557e-08  -1.91396e-05 5.55635e-06 1.54051e-09  -8.39427e-06 -4.64901e-06 6.38006e-08  1.90773e-05 -1.04434e-05 -9.10743e-10  3.95127e-07 3.50726e-05 9.11025e-08  3.96061e-06 1.62918e-05 7.80456e-08  -7.7063e-06 2.17926e-05 1.18226e-08  -4.80037e-06 1.74664e-05 3.81031e-08  -4.3953e-05 7.20208e-05 5.47266e-07  0 0 0  0.000114391 4.20759e-05 9.59232e-07  3.13987e-06 2.19967e-05 5.12614e-09  5.11823e-07 2.03613e-05 4.87591e-09  1.4306e-05 -1.25929e-05 3.20922e-10  5.68337e-07 9.43238e-06 7.05748e-08  -6.60279e-06 1.4266e-05 5.22369e-10  -2.10788e-08 -3.07477e-06 -2.27936e-09  -9.67348e-06 1.22772e-05 -1.72581e-08  -8.15138e-06 1.80604e-05 6.05709e-10  -2.33776e-05 7.90502e-06 3.0135e-09  -1.13334e-05 2.15811e-05 7.92869e-09  2.42841e-05 -1.3291e-05 4.19497e-08  7.31035e-06 -2.24325e-05 2.51151e-10  1.0815e-05 -5.00075e-06 1.18212e-09  -2.61541e-06 -1.85239e-05 3.92139e-08  -4.35619e-06 1.83739e-05 6.35863e-09  6.68345e-06 2.12431e-05 1.00107e-08  2.87124e-05 -2.49572e-06 1.2292e-08  -7.35351e-06 -2.45513e-05 6.63383e-10  5.79808e-06 -9.73172e-06 -1.2358e-08  1.49062e-05 -1.16586e-05 9.1128e-10  3.12891e-06 -1.61365e-06 7.49575e-10  -1.97753e-05 2.03105e-06 4.76524e-09  -4.94911e-06 4.97929e-06 5.52501e-09  7.9591e-06 1.96294e-10 2.53455e-10  0.000249201 0.00032993 9.57837e-06  -1.67929e-05 -6.39205e-06 1.21406e-07  -9.41386e-06 -2.37161e-05 3.33647e-10  -1.13698e-06 -4.36118e-06 4.38372e-08  -1.21486e-05 -5.79114e-06 -1.72097e-09  -1.51253e-05 -1.23134e-05 2.64362e-09  -1.66663e-05 1.32058e-05 8.81897e-08  2.51611e-05 -3.2888e-06 1.04155e-09  2.34972e-05 -9.65191e-06 6.17571e-10  2.72981e-06 1.92358e-05 1.76153e-08  1.10325e-05 -1.37482e-05 5.68338e-10  1.3163e-05 -2.02979e-05 2.66771e-10  -7.18347e-06 -1.06268e-05 -3.20328e-11  -8.7842e-06 1.66885e-05 7.05502e-09  9.17011e-07 2.58765e-05 3.42792e-08  -1.77477e-05 -4.72593e-06 6.20283e-09  4.70867e-07 8.92486e-06 1.58623e-08  -2.00739e-06 1.08198e-05 -4.98097e-08  2.50027e-07 1.57351e-05 1.16283e-07  0.000118347 0.000163381 2.56649e-07  0.000240691 0.000294606 1.18279e-06  7.25274e-06 -3.81739e-06 -2.70756e-10  6.53476e-06 7.41477e-06 -3.27953e-09  -1.82444e-05 4.17459e-06 -2.16637e-09  7.77421e-07 3.03554e-05 9.90851e-10  2.48283e-07 -2.21892e-05 2.88456e-09  -6.20012e-06 -6.27828e-07 9.48405e-08  -1.3577e-05 -1.38204e-06 1.96645e-07  -8.23115e-06 -4.56747e-06 -1.37204e-07  -1.43388e-06 -1.91829e-05 3.93774e-10  -1.80487e-06 -1.14008e-05 -1.58041e-07  1.59163e-06 -1.13941e-05 6.83845e-08  -2.46698e-05 -8.07036e-07 4.0727e-08  -1.26389e-05 -9.729e-07 -3.34392e-09  1.09052e-05 -2.36582e-06 1.69783e-09  4.96133e-06 2.94927e-05 2.72748e-10  1.56908e-05 2.84931e-05 4.69313e-10  -1.73594e-05 5.07022e-06 5.55439e-09  -5.16076e-06 -2.48509e-05 3.86068e-10  -1.33155e-05 -1.69566e-05 -4.28066e-08  -2.97919e-06 -2.51332e-05 3.34663e-10  -3.00676e-06 -2.54004e-05 5.19539e-10  6.70328e-06 1.31307e-05 8.54305e-08  7.64118e-06 9.29805e-06 3.533e-08  -1.07791e-06 -3.37073e-06 -2.63646e-09  8.73828e-07 -1.78321e-05 -8.88461e-09  1.05002e-05 -9.15011e-07 1.50309e-08  -1.63727e-05 -1.03594e-05 2.53221e-09  3.86956e-06 -5.77498e-06 7.42727e-08  -2.43771e-05 -8.9744e-06 3.02001e-09  -2.09871e-05 -1.37267e-05 3.62111e-09  1.25921e-05 -1.3963e-05 2.21832e-10  -1.27173e-05 5.03977e-06 5.29266e-09  -5.68957e-06 -1.80354e-05 1.15787e-09  -8.78047e-06 -1.6919e-05 3.2677e-10  -3.49386e-05 6.95411e-07 4.00862e-07  -1.49078e-05 9.61899e-06 3.86709e-09  -1.23024e-05 -1.11917e-05 -8.16477e-09  -1.78703e-05 9.25536e-06 1.29527e-08  1.33991e-06 -2.41306e-05 3.08149e-11  -1.14433e-05 1.16252e-05 -3.33069e-09  1.33001e-05 3.06664e-05 4.53114e-08  1.8969e-05 -5.50213e-07 1.27227e-10  -2.23665e-05 5.17444e-06 8.03856e-08  1.1823e-05 2.28903e-05 3.42577e-10  3.15745e-05 3.84509e-06 1.00106e-09  -7.39326e-05 2.02526e-05 -1.32367e-07  1.76186e-05 3.61276e-06 4.18518e-09  1.98702e-06 -1.20109e-05 -2.34479e-08  -3.90471e-06 1.59876e-05 -7.5959e-08  2.90675e-06 -4.1685e-06 -6.65085e-08  1.49792e-05 -3.28492e-06 -1.2005e-09  2.47104e-05 5.43494e-06 4.71192e-10  0.000162105 -2.85051e-05 1.64061e-06  -3.21876e-05 9.41874e-07 5.33143e-09  2.94316e-06 -1.86881e-05 5.35617e-10  0.000565788 -0.000533928 -2.48641e-06  -1.66968e-05 1.41445e-05 -3.42564e-10  -4.17166e-06 -1.64046e-05 -2.40407e-10  -1.03486e-05 5.24218e-07 -5.22371e-09  -2.78995e-06 -5.64086e-06 5.76833e-08  1.75563e-05 1.22283e-05 3.20516e-08  1.95299e-05 8.0101e-06 3.42643e-08  -1.99693e-05 -2.37166e-05 2.54148e-09  -1.26388e-05 -1.30597e-05 4.79063e-09  -2.55569e-05 -1.95914e-05 4.69666e-08  3.32713e-06 6.56189e-06 -1.01334e-07  9.73016e-06 2.00464e-06 1.46862e-09  1.38284e-05 4.73231e-06 1.62349e-09  2.23893e-05 -1.1548e-05 3.74688e-10  1.04358e-05 -7.23486e-06 1.25046e-10  1.53838e-05 -1.06652e-05 3.79429e-10  -3.31358e-05 9.52187e-07 -1.98857e-09  1.44094e-05 -1.70123e-05 2.06368e-08  8.30861e-05 -4.4257e-05 8.25766e-07  -2.70831e-05 -9.14694e-07 6.56056e-09  1.68275e-05 6.4069e-06 1.76775e-09  -9.34618e-06 3.78289e-05 5.72776e-07  1.60241e-05 9.84879e-06 2.49478e-10  -1.70581e-05 -8.08449e-06 2.00158e-09  -2.03089e-05 -1.61853e-06 4.93776e-09  1.71952e-05 7.96228e-06 2.95569e-10  -1.89251e-05 -2.69924e-06 7.79658e-09  4.00178e-07 1.63069e-05 1.00129e-09  -2.69691e-05 -1.77293e-05 2.42397e-07  -1.56215e-05 -2.9635e-05 -7.89637e-08  -2.55068e-05 1.05038e-05 -3.35901e-08  1.28384e-05 1.11461e-06 1.40109e-10  8.07931e-05 6.87889e-05 7.04454e-07  -2.70781e-05 1.28673e-06 4.96717e-09  -3.05358e-06 -1.44313e-05 4.65657e-09  -6.00455e-06 2.25498e-05 2.20455e-08  1.12843e-05 1.27049e-05 4.7321e-10  2.37229e-05 1.41886e-05 6.1723e-10  2.27695e-05 -9.34733e-06 2.61834e-09  1.52189e-05 4.22094e-07 4.07162e-08  2.46634e-05 3.2724e-06 6.16025e-08  3.12567e-05 1.14353e-05 6.54716e-08  9.60968e-06 -1.81301e-05 8.67429e-10  4.29564e-05 -7.96604e-05 -5.90922e-07  2.8312e-05 -6.47111e-05 8.74913e-07  -4.82515e-06 2.03475e-05 3.74736e-10  -1.53766e-05 -8.73803e-06 4.01892e-08  -1.76231e-05 1.07739e-05 -1.46837e-08  -2.73641e-05 1.1185e-05 2.26031e-08  -2.20176e-06 2.7083e-05 2.11965e-10  -1.12581e-05 1.8992e-05 6.11108e-08  -1.95547e-05 -2.65423e-05 -9.11716e-09  1.0336e-05 -1.14741e-05 6.11055e-10  -4.21004e-06 -7.04782e-06 4.77356e-08  3.05331e-06 -1.0973e-05 4.00473e-09  1.17158e-05 -1.15754e-05 3.11678e-10  1.17117e-05 -1.80951e-05 7.95874e-10  -2.95331e-05 1.20322e-05 -5.2605e-09  5.25061e-05 1.74863e-08 2.6471e-07  2.33474e-05 -6.13648e-06 1.60579e-07  1.22881e-05 1.77535e-06 3.98991e-10  8.99921e-06 -2.11808e-05 9.26882e-10  -6.42903e-06 -6.40272e-06 -1.25099e-07  -7.99269e-06 -7.27601e-05 6.55093e-07  -4.71676e-06 2.61523e-06 -5.5685e-08  1.74009e-05 -2.95997e-05 1.59034e-08  -3.86551e-05 -6.65594e-05 1.36489e-06  -2.24175e-05 -1.32728e-05 8.44057e-10  -1.62079e-05 -1.02516e-05 -1.11572e-09  -4.76141e-06 4.07487e-06 6.12706e-08  1.84702e-05 -5.40237e-07 7.78272e-10  2.511e-05 -4.3948e-06 9.16718e-10  -9.89168e-06 1.60049e-05 -6.18e-10  -1.64412e-05 1.64444e-05 3.09945e-10  -6.28801e-06 9.62964e-06 1.57469e-07  1.6542e-05 -8.83372e-06 6.71516e-10  5.99136e-06 2.96664e-05 4.6246e-10  -0.000257956 -0.000182926 -9.29901e-07  4.06972e-06 -1.46547e-05 1.24382e-09  -1.91622e-05 -2.7137e-06 2.27486e-09  2.16781e-05 -5.77586e-06 3.48865e-10  1.39838e-05 1.3979e-05 4.40312e-10  -1.31848e-05 2.20024e-05 1.65515e-09  -6.26018e-06 2.41309e-05 2.33556e-09  4.6654e-06 -1.67474e-05 5.18601e-09  8.10699e-06 -8.02818e-06 4.7649e-08  2.23345e-05 -1.68015e-05 1.50873e-07  1.13533e-06 -9.38837e-06 -3.85148e-08  1.39558e-05 -1.7909e-05 5.78931e-10  8.01199e-06 -2.14764e-05 2.67977e-08  -3.28193e-06 -9.34523e-06 1.12416e-07  1.30054e-05 1.46298e-05 6.42176e-10  -1.02975e-05 -2.80392e-05 1.46921e-09  -1.67296e-05 2.95466e-06 -5.82891e-08  7.54371e-06 -2.3181e-05 2.79065e-12  -8.09522e-06 2.29425e-05 2.1027e-09  -2.75262e-06 2.50182e-05 3.56639e-09  -6.75253e-06 -1.77539e-05 2.37598e-10  2.48318e-05 3.01696e-06 7.80306e-10  8.8732e-06 -2.3685e-05 5.3725e-10  -2.89068e-05 -8.72841e-06 -3.31891e-07  -1.54594e-05 8.74922e-06 5.41142e-09  4.8839e-06 -9.91662e-06 1.58227e-08  -8.17131e-06 3.09625e-05 5.86515e-10  -5.96608e-06 2.06009e-05 4.12834e-10  1.5183e-05 -1.94875e-05 1.60078e-09  -5.05878e-06 -1.22656e-05 -1.51632e-07  -7.20229e-07 -5.5103e-06 5.68355e-08  -1.42135e-07 -8.1377e-06 9.46178e-09  3.66111e-06 1.71849e-05 1.04407e-09  8.05426e-06 1.5024e-05 3.24655e-10  3.29106e-06 1.54745e-05 3.24745e-10  2.52831e-05 -4.4192e-06 5.06663e-10  -1.02261e-05 8.67342e-06 1.8576e-07  2.85588e-05 6.20368e-06 1.26039e-07  3.3591e-05 -1.21222e-05 1.20535e-07  -1.0565e-05 2.89816e-06 8.94352e-08  -1.50068e-05 2.17561e-06 -1.53147e-08  -1.25486e-05 6.90762e-07 -7.39292e-08  -6.34378e-06 5.72391e-06 -7.5315e-08  3.08281e-05 1.56894e-05 1.85269e-07  7.62001e-07 -1.86412e-05 9.46149e-10  -1.02069e-07 -4.47746e-05 -1.09778e-07  1.8469e-05 -3.78621e-06 2.69642e-10  2.37793e-05 5.2342e-06 2.82936e-09  1.52748e-05 -2.49545e-05 8.117e-09  -9.36828e-06 -1.11705e-05 5.87228e-08  -5.52831e-07 -2.01305e-06 -5.36105e-08  -9.99743e-06 -2.58709e-06 -5.98934e-09  -2.61998e-05 2.86701e-05 1.69463e-09  -1.80516e-05 1.61612e-05 1.03372e-09  1.56774e-05 2.0521e-05 1.21565e-09  9.14398e-06 -2.5771e-05 1.28664e-09  -3.53571e-06 -2.13316e-05 6.06345e-09  2.366e-05 -9.71761e-06 6.79405e-10  -1.50782e-05 -1.05557e-05 -1.63055e-07  -2.1957e-05 -1.4386e-05 -2.35439e-09  2.83958e-06 -1.84693e-05 5.44415e-08  -1.98659e-05 1.62751e-05 1.37574e-07  6.7446e-06 -6.2009e-06 4.62843e-08  1.66897e-05 7.72973e-06 2.53158e-09  1.09446e-06 2.69332e-05 2.98088e-09  -6.0934e-06 -1.20325e-05 1.89105e-07  -2.65133e-05 -4.58716e-06 -9.16581e-10  4.51651e-06 2.24116e-05 3.37213e-10  -1.26955e-05 -2.06497e-05 1.10269e-09  -1.79725e-05 -2.65476e-05 2.5927e-10  5.28679e-06 1.59576e-05 2.38932e-10  -1.84122e-05 6.51026e-06 3.92538e-10  -1.65686e-05 9.36139e-06 1.43472e-09  7.34755e-06 3.01028e-05 1.84379e-08  -1.27537e-05 -4.77668e-06 -1.367e-07  -7.65565e-06 5.06032e-06 -6.52985e-08  9.21922e-06 1.54141e-05 -1.13616e-09  1.39956e-05 1.13134e-05 3.96466e-09  -1.08122e-05 4.70671e-06 -1.27209e-07  2.35531e-05 9.6943e-06 1.25986e-09  1.19666e-05 -2.25287e-05 5.32148e-10  1.73025e-05 -1.86462e-05 6.96537e-10  -9.62932e-06 -5.32754e-06 1.61958e-07  1.96334e-05 -1.49321e-05 5.65617e-08  8.0153e-06 -4.14368e-06 7.62485e-10  1.89089e-06 -1.91174e-05 3.52437e-10  -7.82111e-06 1.92172e-05 2.61945e-08  4.74873e-07 3.29698e-05 1.34015e-09  1.91328e-05 -5.54761e-07 8.22888e-11  -8.46491e-05 7.60569e-05 1.08339e-06  -1.14628e-05 3.34707e-06 5.96286e-09  1.38549e-05 -7.88163e-06 -4.16963e-09  -1.85877e-05 1.92045e-06 -8.26908e-09  -1.0687e-05 -2.91323e-05 1.9414e-09  1.61982e-05 -6.38907e-06 4.23654e-09  -1.08898e-05 -1.91943e-05 9.68255e-09  1.78601e-05 -3.65823e-06 1.6365e-09  -1.4906e-05 -1.21641e-06 5.56143e-08  -2.06899e-05 -5.70648e-06 -1.44681e-08  6.2785e-06 1.80481e-07 -4.73306e-10  -2.13189e-05 -2.17094e-06 3.90782e-09  1.39006e-05 1.3896e-05 5.45513e-12  -2.79373e-06 -1.35317e-05 -4.47526e-08  1.30964e-06 5.55301e-06 2.79813e-08  2.01221e-05 -9.28477e-06 1.28929e-07  6.69291e-06 -1.63922e-05 2.54378e-09  3.20049e-06 9.51911e-06 -9.38489e-09  -1.51928e-06 -1.83302e-05 1.69842e-08  -3.23641e-05 -1.87465e-07 5.85528e-09  -2.1608e-05 2.5426e-05 -2.25287e-10  4.60923e-06 3.45771e-05 1.4774e-10  2.2896e-06 8.71934e-06 -2.40156e-08  1.8713e-05 -2.64331e-06 8.97252e-08  2.2052e-05 -2.91756e-06 3.72317e-08  1.1883e-05 -1.48203e-05 3.97511e-10  0.000312894 -8.72187e-05 -1.64907e-07  6.85409e-06 -1.4383e-05 7.80711e-08  1.68286e-05 -1.8129e-05 2.49409e-10  -1.23925e-05 1.11988e-05 5.25637e-09  2.05309e-05 1.5701e-05 9.07447e-10  1.01444e-05 -4.7318e-07 8.85652e-10  5.13639e-06 -1.84306e-05 1.65293e-10  -2.32938e-05 -1.24162e-05 1.63468e-09  -2.06346e-05 1.36811e-05 -5.98452e-10  5.75799e-06 -1.66651e-05 -7.22733e-08  -1.86554e-05 -4.97227e-06 4.24396e-09  6.20997e-06 1.34569e-05 4.68733e-10  -1.27319e-05 1.34359e-06 3.81896e-09  1.65175e-06 -1.75702e-05 2.2222e-08  9.49116e-06 1.54734e-05 1.26277e-10  1.17406e-05 -2.20986e-05 1.19197e-09  1.55081e-05 2.24395e-06 2.28614e-08  2.47627e-06 -1.58307e-05 2.54055e-09  1.16073e-05 -2.1842e-05 1.32005e-10  -1.79762e-05 1.54123e-05 4.23811e-10  -6.71475e-06 -4.6814e-07 7.00025e-08  4.21437e-06 -3.14504e-05 7.34897e-10  -1.87452e-05 -1.61661e-05 2.45912e-09  
            </DataArray>
         </PointData> 
      </Piece>
   </UnstructuredGrid> 
</VTKFile>
