<?xml version="1.0"?>
<VTKFile type="UnstructuredGrid" version="0.1" byte_order="LittleEndian">
   <UnstructuredGrid>
      <Piece NumberOfPoints="1126" NumberOfCells="0" > 
         <Points> 
            <DataArray type="Float64" Name="Position" NumberOfComponents="3" format="ascii"> 
               -0.00460669  -0.00193719  0.048973  
               -0.00456781  -0.00200993  0.0494405  
               0.00160798  -0.00471205  0.037189  
               0.00200235  -0.00457186  0.0356426  
               -0.00139233  -0.00477747  0.0491934  
               -0.00220156  -0.00446538  0.0493789  
               0.00144515  -0.00476144  0.000519076  
               0.00055569  -0.00494527  0.0428234  
               -0.000726652  -0.00492843  0.0430252  
               -0.000329968  -0.0049675  0.0418745  
               0.00212629  0.00450561  0.0493708  
               0.0039017  -0.00308936  0.000931061  
               0.00492654  -0.000745812  0.000639472  
               0.00158607  0.0047187  0.00947666  
               0.00235331  0.00438427  0.0106703  
               0.00305025  0.00393379  0.00917739  
               -0.00328297  -0.00374281  0.0489824  
               0.00362748  -0.00342349  0.000621582  
               -2.70975e-05  0.00499733  0.0489422  
               0.000860549  0.00491524  0.0484703  
               -0.000320539  0.00496843  0.0474879  
               0.00465954  0.00178107  0.000747089  
               0.00446995  0.00219301  0.000660817  
               0.00277785  -0.00415735  0.0494309  
               -0.000541918  -0.00494663  0.0494155  
               -0.00471424  -0.00160076  0.0492902  
               0.00490393  -0.000975452  0.0493445  
               0.00282105  0.00412189  0.000766351  
               0.0031146  -0.00388099  0.0492498  
               0.00374281  -0.00328297  0.0493879  
               0.00346852  0.00359053  0.000640672  
               0.00402934  0.00293383  0.000826627  
               -0.0018087  -0.00465116  0.0485934  
               -0.00170791  0.00468174  0.000893579  
               -0.00218173  0.00447598  0.000661621  
               -0.00216439  0.00448525  0.00251426  
               0.00446538  -0.00220156  0.0493674  
               0.00281927  -0.00412336  0.0489452  
               0.00496479  0.000357461  0.00554857  
               0.00493509  0.000659086  0.00662799  
               0.00495694  -0.000437193  0.00686191  
               -0.0015826  -0.00471975  0.00106305  
               -0.000709477  -0.00493012  0.00153217  
               0.00345094  -0.00360496  0.0487281  
               0.00334747  -0.00368988  0.047679  
               0.00263182  -0.0042354  0.0482347  
               -0.00309965  0.00389326  0.0171823  
               -0.00382784  0.00317936  0.0175693  
               -0.00133353  0.0047953  0.000590372  
               0.00210912  0.00451479  0.00103012  
               0.00242218  0.00434746  0.000712353  
               -0.0031642  -0.00384028  0.00120854  
               -0.00241032  -0.0043538  0.000966192  
               0.00375506  0.00326804  0.00145335  
               0.00459897  0.00195164  0.00206904  
               0.00372093  0.00330962  0.00239369  
               0.00204124  0.00455107  0.000559948  
               0.00446995  0.00219301  0.00123799  
               -0.00465459  0.00179741  0.00292777  
               -0.00439295  0.00233707  0.00193126  
               -0.00470852  0.0016196  0.00198529  
               0.00118389  -0.0048407  0.0494153  
               -0.00177342  0.00466186  0.0491404  
               -0.00200909  -0.00456826  0.000644285  
               0.00496893  -0.000315496  0.00098358  
               0.00498864  0.000115337  0.000617708  
               -0.00491673  0.000845485  0.0382039  
               -0.00490619  -0.000952446  0.0378922  
               -0.00496255  -0.000380251  0.0369558  
               0.00313435  0.00386477  0.000986872  
               -0.000592085  -0.00494168  0.0168272  
               -0.00031728  -0.00496875  0.0155755  
               -0.0031642  -0.00384028  0.000558407  
               -0.00280948  -0.00413139  0.000646067  
               -0.00329239  0.00373508  0.0494205  
               0.00498207  0.000182048  0.00184135  
               -0.00115057  -0.0048508  0.000589541  
               -0.000268126  -0.00497359  0.0312726  
               0.000865782  -0.00491473  0.0316316  
               0.00308673  -0.00390386  0.0408176  
               0.00387264  -0.00312477  0.0414405  
               -0.000709477  -0.00493012  0.000799284  
               0.00181565  -0.00464905  0.0486639  
               0.00118389  -0.0048407  0.0489248  
               -0.000302776  -0.00497018  0.000577366  
               0.00357428  0.00348833  0.04829  
               0.00359097  0.00346798  0.0473824  
               0.00477133  -0.00141256  0.0492505  
               0.00465116  -0.0018087  0.0494652  
               -0.000471224  0.00495359  0.0493952  
               0.0019825  -0.00458247  0.0221109  
               0.00317204  -0.00383385  0.0228372  
               -0.00439147  -0.00233984  0.0305348  
               0.00206269  0.00453961  0.016277  
               0.00276219  0.00416572  0.0150202  
               0.00307496  0.00391352  0.0163742  
               0.00385489  0.0031464  0.0490609  
               -0.00435937  0.0023999  0.0186585  
               -0.00442263  0.00228154  0.0200365  
               -0.00486287  0.00111078  0.0191247  
               -0.00134589  0.00479156  0.049395  
               -0.00494207  0.000588188  0.049335  
               0.00103133  -0.00488698  0.00365727  
               0.00254311  -0.00428282  0.00362288  
               0.0018011  -0.00465347  0.00304545  
               0.00462706  0.00188815  0.0142772  
               0.00490868  0.000927155  0.0132928  
               -0.0046053  0.0019398  0.0490015  
               -0.0046053  0.0019398  0.0494491  
               0.00484535  -0.00116854  0.00133133  
               -0.00458211  -0.00198317  0.0010801  
               0.00289487  0.00406131  0.0493716  
               0.00467538  -0.00172887  0.00378754  
               0.00417103  -0.00275225  0.00202276  
               0.00405424  -0.00290349  0.00362402  
               -0.00493563  -0.000653604  0.000832155  
               -0.00348843  -0.00357419  0.000728813  
               -0.00437404  -0.00237244  0.0472217  
               -0.000541918  -0.00494663  0.0489253  
               0.000325151  -0.00496798  0.0491569  
               -0.00294623  -0.00401917  0.0493798  
               -0.00360496  -0.00345094  0.0494293  
               -0.00389297  0.0031  0.000579026  
               -0.0032683  0.00375485  0.000576398  
               -0.00360435  0.00345168  0.000731285  
               0.00457846  -0.00199001  0.000574555  
               0.00417103  -0.00275225  0.000621103  
               0.000860549  0.00491524  0.049202  
               -0.00152331  0.00473774  0.00335005  
               -0.00160522  0.00471289  0.00473283  
               -0.000806583  0.00492056  0.00403441  
               0.00239643  -0.00436122  0.0232657  
               0.00339592  -0.00365011  0.0238269  
               -0.00315359  0.00384899  0.00830286  
               -0.00291931  0.00404125  0.00692363  
               -0.00191497  0.00461857  0.0071687  
               0.00297872  -0.0039925  0.000825007  
               0.00437494  -0.00237077  0.00108321  
               0.0018581  -0.00463618  0.000619668  
               0.00144515  -0.00476144  0.000926498  
               -0.00138183  -0.00478065  0.00669094  
               0.00122412  0.00482849  0.00156352  
               0.00494871  -0.000520792  0.0492639  
               0.000875595  -0.00491376  0.00130593  
               0.0018581  -0.00463618  0.00194485  
               0.000603286  -0.00494058  0.000660413  
               -0.00294591  0.00401942  0.0492406  
               -0.00492481  0.000763448  0.000801445  
               -0.00478488  0.00136791  0.000685958  
               0.00471124  0.00161066  0.0490532  
               0.00455949  0.0020255  0.0493706  
               0.00241955  0.00434886  0.00489836  
               0.0025034  0.00430405  0.00345401  
               0.0031931  0.00381656  0.0037968  
               0.00401917  -0.00294623  0.0490989  
               -0.000915408  0.00490984  0.0491406  
               -0.000645703  -0.0049364  0.00251569  
               0.000860585  -0.00491524  0.00246484  
               0.00332445  -0.00370876  0.0383299  
               -0.000849478  -0.00491633  0.0472765  
               0.00331297  -0.00371819  0.00144961  
               0.00382785  -0.00317935  0.0467244  
               -0.00147564  -0.00475219  0.00568086  
               0.00477841  0.00138923  0.000960172  
               0.00466416  0.00176587  0.00121653  
               0.00129203  0.00480789  0.0494137  
               0.00171818  0.00467862  0.0489434  
               -0.00091689  0.00490969  0.00051962  
               -0.00493027  -0.00070803  0.0490194  
               -0.00471424  -0.00160076  0.0486558  
               0.00441891  0.00228851  0.0469543  
               0.00462299  0.00190157  0.0480705  
               0.0048885  0.00102629  0.0467781  
               -0.00258575  -0.00426003  0.0490711  
               0.000373196  0.00496324  0.000559487  
               -5.70684e-05  0.00499438  0.000712726  
               0.000297996  0.00497065  0.00103067  
               0.00262539  -0.00423884  0.000587789  
               -0.00495619  0.000444845  0.0116668  
               -0.00490947  -0.000919187  0.0115808  
               -0.00496542  0.000351071  0.0129559  
               0.0027707  -0.00416117  0.00957373  
               0.00257259  -0.00426706  0.0106679  
               -0.00499225  7.87121e-05  0.00110401  
               -0.00460335  0.00194344  0.047883  
               0.00301323  0.00396418  0.0466006  
               -0.00332702  0.00370665  0.0256473  
               -0.00285015  0.00409801  0.0246867  
               -0.00096725  -0.00490473  0.0131268  
               -0.00231659  -0.0044039  0.0129125  
               0.00436277  -0.00239352  0.0324924  
               0.0016379  0.00470298  0.000874665  
               0.00491243  0.000889072  0.0477575  
               -0.00459067  0.00196716  0.00104357  
               0.00483697  0.00119618  0.00170021  
               0.00494627  0.00054548  0.000919325  
               -0.00426307  0.00258005  0.0302056  
               -0.00356471  0.00349998  0.0315334  
               -0.00497969  0.000206226  0.0489112  
               -0.00494207  0.000588188  0.0479497  
               -0.00302921  0.00395106  0.0428455  
               0.00495057  -0.000501827  0.0487881  
               0.00490393  -0.000975452  0.0487715  
               0.00471987  -0.00158219  0.000774727  
               -0.00362087  0.00343155  0.0494498  
               -0.00228905  -0.00441862  0.00424504  
               -0.0015826  -0.00471975  0.00273184  
               -0.000900222  -0.00491134  0.00363452  
               0.00454505  -0.00205252  0.0411614  
               0.0048193  -0.00125444  0.0401778  
               0.00455975  -0.00202501  0.0392656  
               0.00122412  0.00482849  0.000602455  
               0.0040323  -0.00293023  0.0332894  
               0.00453236  -0.00207624  0.0335201  
               0.00482022  -0.00125138  0.0458763  
               0.00499808  1.95244e-05  0.045295  
               0.004858  -0.00112684  0.0443596  
               0.00421134  -0.00267683  0.0243275  
               0.000289553  0.00497148  0.00385996  
               0.00196206  0.0045934  0.0470062  
               0.00289487  0.00406131  0.0482934  
               0.00251873  0.00429585  0.0490596  
               0.00124047  -0.00482353  0.0481088  
               0.00200993  -0.00456781  0.049328  
               -0.00257441  0.00426609  0.0487159  
               -0.00234982  0.00438614  0.0471137  
               -0.00134589  0.00479156  0.0484794  
               -0.00484235  0.00117845  0.00134909  
               -0.0043627  -0.00239366  0.0490104  
               -0.0031449  0.00385612  0.00938227  
               -0.00362814  0.00342269  0.0102447  
               -0.00390128  0.00308988  0.0093047  
               -0.00332028  -0.00371219  0.0310328  
               -0.00210252  -0.00451832  0.0322683  
               -0.00189307  -0.00462557  0.0309241  
               -0.00474136  0.00151137  0.04939  
               -0.00176917  -0.00466316  0.0138002  
               0.000417233  0.00495891  0.0494131  
               0.00187926  0.00462976  0.00167426  
               0.00145379  0.00475883  0.00225138  
               0.0048283  0.00122475  0.0493796  
               0.00323809  0.00377964  0.0490595  
               -0.00427951  -0.0025493  0.0459901  
               0.00465116  -0.0018087  0.0490358  
               -0.00474225  0.00150841  0.00836831  
               0.00435081  0.00241591  0.0489187  
               0.0041362  0.00280362  0.0493723  
               0.00200993  -0.00456781  0.0479998  
               0.00462908  -0.0018815  0.0475827  
               0.00470702  -0.00162458  0.0481034  
               0.00483699  -0.0011961  0.0477954  
               0.00385489  0.0031464  0.049477  
               0.00342822  0.00362361  0.0436348  
               0.00404777  0.00291138  0.0445795  
               0.00392394  0.00306226  0.0457276  
               0.0039017  -0.00308936  0.000521064  
               -0.00496807  -0.000324195  0.0493771  
               0.0041362  0.00280362  0.0479846  
               -0.00220156  -0.00446538  0.0469429  
               -0.00442985  0.00226804  0.00963771  
               -0.00486882  0.00109119  0.0105134  
               -0.00438214  0.0023573  0.0108464  
               -0.00258575  -0.00426003  0.049481  
               -0.00418035  -0.00273481  0.0394671  
               -0.0045236  -0.00209264  0.041254  
               -4.0336e-05  -0.00499603  0.00174019  
               0.00155261  -0.00472885  0.0113523  
               -0.00182918  0.00464495  0.0358232  
               -0.00209369  -0.00452304  0.00189744  
               0.00395503  0.00302438  0.0418706  
               0.00445656  0.00221806  0.0411219  
               0.00357351  0.00348927  0.0493721  
               -0.00439295  0.00233707  0.000639557  
               -0.00417664  0.00274176  0.000527436  
               -0.00475979  0.00145062  0.0462851  
               -0.00498468  -0.000155563  0.0471633  
               -0.00425777  -0.00258998  0.000755944  
               -0.00389718  -0.00309487  0.00108632  
               -0.00427486  -0.00255799  0.00157127  
               0.00258965  -0.00425794  0.0025406  
               0.00490396  0.000975104  0.000617259  
               -0.00486013  0.00111982  0.0490714  
               -0.0049151  0.000862  0.00196025  
               -0.00389297  0.0031  0.00360185  
               -0.00492418  0.000769846  0.044976  
               -0.00316208  -0.00384202  0.0144819  
               -0.00381835  -0.00319092  0.0140847  
               -0.00341081  -0.00363789  0.0154353  
               -0.00388099  -0.0031146  0.0485558  
               0.000803405  0.00492087  0.000874252  
               4.28867e-05  -0.00499578  0.0363621  
               0.00105282  -0.00488046  0.000722787  
               -0.00290687  0.00405147  0.0306249  
               0.00446288  0.00220624  0.0160652  
               0.00431474  0.00248339  0.0150426  
               0.00477841  0.00138923  0.000534007  
               -0.00241032  -0.0043538  0.000537489  
               -0.00271595  0.00419044  0.0331452  
               0.000538396  -0.00494697  0.0473781  
               0.00021372  -0.00497895  0.00108404  
               -0.0049455  0.000553334  0.00737865  
               -0.00493137  -0.000696779  0.00767567  
               0.00410441  0.00284235  0.0296435  
               0.00347252  0.00358725  0.0298909  
               0.00415066  0.002786  0.0307516  
               0.00417692  -0.00274123  0.017341  
               0.00361713  -0.00343611  0.0168422  
               0.00381218  -0.00319844  0.0181794  
               -0.00291931  0.00404125  0.00080145  
               -0.00418188  0.00273195  0.0493135  
               -0.00389035  0.00310318  0.0492262  
               -0.00134589  0.00479156  0.0469927  
               0.00323378  0.00378318  0.0337014  
               0.00404653  0.00291289  0.0339496  
               0.00433909  0.00243784  0.034903  
               0.00462694  0.00188856  0.0359453  
               0.00242218  0.00434746  0.00134788  
               0.00151124  0.0047414  0.0272731  
               0.00455399  0.00203578  0.0458139  
               0.00483269  0.0012103  0.0443319  
               -0.00343053  -0.00362171  0.0482725  
               -0.00366465  -0.00337821  0.0472791  
               -0.00298432  -0.0039879  0.0477953  
               -0.00236447  0.00437831  0.0460065  
               -0.00274216  0.00417642  0.0443464  
               -0.00415735  -0.00277785  0.0494292  
               0.00088075  -0.00491325  0.0162229  
               0.000947886  0.00490664  0.020251  
               -0.00383633  0.00316901  0.00245724  
               -0.00133353  0.0047953  0.00168248  
               0.00458315  -0.00198123  0.00709132  
               0.00481417  -0.00127133  0.00592485  
               -0.0006065  -0.00494026  0.0386546  
               -0.000513945  -0.00494938  0.0396567  
               0.00496601  -0.00034509  0.0171083  
               -0.00388099  -0.0031146  0.0492428  
               0.00224434  -0.00444252  0.00104704  
               0.00499116  8.97942e-05  0.0483349  
               -0.00129662  -0.0048065  0.0175232  
               -0.00223214  -0.00444904  0.016779  
               -0.00128418  -0.00481027  0.0160161  
               0.00144964  -0.00476008  0.046665  
               -0.000497353  0.00495101  0.00307581  
               -0.000990233  0.00489944  0.00242109  
               -0.00317259  0.00383339  0.0485408  
               0.00418566  0.00272489  0.0258044  
               0.00453507  0.00207119  0.0249786  
               -0.00254215  0.00428333  0.00138348  
               -0.00417664  0.00274176  0.000942246  
               -0.00383446  0.0031713  0.00105926  
               0.0049292  0.000718823  0.0493197  
               -0.00418188  0.00273195  0.0487067  
               -0.00165578  0.00469755  0.0450367  
               -0.0013338  0.00479522  0.0434398  
               -0.00444045  -0.0022482  0.0244864  
               -0.00415415  -0.00278175  0.0236768  
               0.00248903  0.00431173  0.0331426  
               0.00157  0.00472357  0.0331908  
               0.00218884  0.00447218  0.0340916  
               0.00269167  0.00420341  0.0371015  
               0.00283485  0.00411057  0.0381836  
               0.00355578  0.00351086  0.0376173  
               0.00479398  -0.00133789  0.0234308  
               0.00499987  1.30523e-06  0.0231523  
               0.00426003  -0.00258575  0.048376  
               0.00416377  -0.00276583  0.0474769  
               0.00449125  -0.00215317  0.0480831  
               0.00239366  -0.0043627  0.0489272  
               -0.00091689  0.00490969  0.000927513  
               -0.00420542  -0.00268792  0.0484073  
               -0.00401947  0.00294585  0.021869  
               -0.00304379  0.0039391  0.0209119  
               -0.00274958  0.00417246  0.0221883  
               0.00273508  0.00418021  0.00182876  
               0.00282442  0.00411913  0.00124104  
               -0.00217951  0.00447717  0.049395  
               0.00264061  0.0042307  0.0455914  
               -2.56631e-05  -0.00499747  0.0233609  
               0.00085216  -0.00491607  0.0226743  
               0.000905026  -0.00491086  0.0238552  
               -0.000661252  0.00493487  0.00166959  
               0.00384666  -0.00315643  0.0046434  
               0.00390874  -0.00308078  0.00566597  
               0.00320808  -0.00380427  0.00524606  
               -0.00362087  0.00343155  0.0490027  
               -0.00364272  -0.00340492  0.0125703  
               -0.00430661  -0.00249859  0.0133265  
               0.00468771  0.00168823  0.0341704  
               -0.00109526  -0.00486758  0.0270601  
               0.000608526  -0.00494007  0.0277203  
               -0.000579528  -0.00494292  0.0282045  
               -0.00465094  -0.00180944  0.0275069  
               -0.00470527  -0.00163033  0.0254095  
               -0.00492099  -0.00080225  0.0272295  
               -0.00317249  0.00383347  0.0475661  
               0.0043982  -0.00232724  0.0295262  
               0.00470938  -0.00161679  0.0304448  
               0.00402267  -0.00294196  0.0396826  
               -0.000292531  -0.00497119  0.00108357  
               -0.00206734  0.00453713  0.0426934  
               -0.00251221  0.00429934  0.00428689  
               -0.00389533  0.00309713  0.00480689  
               -0.0010628  0.00487743  0.0299494  
               -0.00199157  0.00457763  0.0309152  
               0.00421184  -0.00267591  0.0126239  
               0.0033328  -0.00370191  0.0115638  
               -0.0040174  0.00294838  0.00174273  
               0.000543035  -0.00494652  0.017454  
               -0.00375062  0.00327345  0.0481159  
               0.000325151  -0.00496798  0.0483762  
               -0.00468912  -0.00168359  0.0021757  
               -0.00493929  -0.000616405  0.00185935  
               0.00326432  0.00375811  0.0184676  
               0.0021414  0.00449754  0.0187265  
               0.00271537  0.00419074  0.0176614  
               0.00498927  -0.000108907  0.0490543  
               -0.00275673  -0.00416864  0.0363584  
               0.00473642  0.00152765  0.0369051  
               0.00441334  0.00229892  0.0375086  
               0.00492089  0.00080319  0.0391848  
               0.0049954  -4.67415e-05  0.0403112  
               0.00291044  0.00404853  0.0351759  
               -0.00377174  -0.00324772  0.0419357  
               -0.00367249  -0.00336865  0.0406011  
               -0.00256809  -0.00426947  0.0422023  
               0.00115397  -0.00484977  0.0193198  
               0.00149459  -0.00474645  0.0183118  
               -0.000410696  0.00495955  0.00103067  
               -0.00381837  0.0031909  0.0470964  
               -0.00314558  0.00385556  0.0465921  
               -0.00467669  0.00172454  0.0221205  
               -0.00490756  0.000938585  0.0212418  
               0.00324845  0.00377113  0.00480862  
               -0.00367074  0.00337079  0.0283976  
               -0.0028509  0.00409739  0.0284768  
               -0.00406721  0.00288769  0.0477336  
               -0.0043136  0.00248553  0.0481492  
               -0.00347768  -0.00358301  0.00355674  
               -0.0031642  -0.00384028  0.00475288  
               -0.000487432  0.00495199  0.000560129  
               0.00498426  0.000159765  0.0363883  
               0.0044274  -0.00227261  0.0488114  
               -0.00214877  0.0044936  0.0267785  
               -0.00325816  0.00376317  0.00111545  
               0.00384365  -0.0031601  0.0290539  
               0.000593949  0.0049415  0.0374722  
               0.000934891  0.00490792  0.0390462  
               0.00313659  -0.00386294  0.0395491  
               0.00216488  -0.00448499  0.0410838  
               -0.00475187  -0.0014767  0.039834  
               0.00488792  -0.0010282  0.0163588  
               -0.00262827  -0.0042373  0.00288917  
               0.00256848  0.00426926  0.00239571  
               -0.00462421  0.00189754  0.0484787  
               -0.00351821  -0.00354975  0.0214102  
               -0.00390285  -0.00308796  0.0227552  
               -0.00231996  -0.0044021  0.00661043  
               -0.00325141  -0.00376871  0.00583356  
               -0.000818776  0.00491936  0.0457579  
               -0.00481411  -0.00127153  0.0198654  
               -0.00494811  -0.000526868  0.0192139  
               -0.00474746  -0.00149125  0.0188355  
               -0.00498983  0.000103292  0.00347803  
               0.00209756  0.00452097  0.0287436  
               0.00158408  0.0047193  0.0296539  
               0.000380794  0.0049625  0.0282379  
               0.00258462  -0.00426063  0.0472198  
               -0.00496244  -0.000381345  0.0419094  
               -0.00494166  0.000592286  0.04134  
               -0.00482117  0.00124825  0.0473135  
               -0.00447812  0.00217772  0.00754074  
               0.00488598  0.00103461  0.015211  
               0.00417294  -0.00274869  0.0155329  
               0.00357577  -0.00348651  0.0158451  
               0.0049292  0.000718823  0.0487318  
               0.00496078  0.000398188  0.0329193  
               0.00366252  0.0033808  0.0361382  
               -0.00304124  -0.00394119  0.0389535  
               -0.00169626  -0.00468527  0.0432756  
               0.00346813  -0.00359085  0.0144567  
               0.00139306  0.00477725  0.00391761  
               6.60707e-05  -0.00499349  0.0130876  
               -0.000786279  -0.00492256  0.0141487  
               0.00298635  -0.00398624  0.0350338  
               0.00246156  0.00432641  0.0274526  
               0.00310581  0.0038882  0.0283102  
               0.00367346  0.00336746  0.0274052  
               -0.00470705  -0.00162448  0.0460732  
               -0.00427688  0.00255423  0.0464367  
               0.00240096  0.0043588  0.0130031  
               0.00251873  0.00429585  0.0494761  
               -0.00233412  0.00439453  0.0386794  
               -0.00362549  0.00342593  0.0384836  
               -0.00297403  0.00399635  0.0375265  
               -0.000435419  -0.00495711  0.020076  
               -0.00490504  -0.000964194  0.0326201  
               -0.00479356  -0.00133929  0.0314339  
               -0.00312367  -0.00387354  0.0223524  
               -0.00165654  -0.00469732  0.0220662  
               -0.00254171  -0.00428357  0.0215515  
               0.00335707  -0.003682  0.0455597  
               0.00286185  0.00408841  0.00771134  
               0.00176021  0.00466587  0.0176444  
               0.00476638  -0.00142887  0.048777  
               0.00463972  -0.00184642  0.0485416  
               -0.00363692  -0.00341199  0.0489461  
               0.00442977  0.00226818  0.0429977  
               -0.00491786  -0.00083402  0.0229013  
               -0.00472137  -0.00157725  0.0237842  
               0.000551453  0.00494569  0.0016737  
               -0.000962718  0.00490518  0.036271  
               -0.0006815  0.00493288  0.0347988  
               0.0049723  0.000281255  0.0492639  
               0.00498927  -0.000108907  0.0494735  
               0.00430166  0.00250786  0.00389799  
               0.00271781  0.00418944  0.0250095  
               0.00341562  0.00363394  0.0121892  
               0.00390573  0.00308445  0.0111877  
               0.00328612  0.00374022  0.0309202  
               0.00243863  0.00433866  0.0307171  
               -0.00478923  -0.00135357  0.0134323  
               -0.00494476  -0.000560834  0.0140378  
               -0.00393962  -0.00304315  0.0478472  
               0.00478389  -0.00137116  0.0294429  
               -0.00494107  0.000598377  0.00490682  
               -0.00469788  0.00165469  0.00452819  
               -0.00388149  0.00311399  0.022857  
               0.00401082  0.00295639  0.00705658  
               0.00362499  0.00342653  0.0388543  
               -0.00361455  -0.00343925  0.0106794  
               0.00490396  0.000975104  0.00243164  
               0.00496238  -0.000381937  0.00342949  
               0.00467911  0.00171657  0.028936  
               0.00499153  8.59849e-05  0.0283505  
               0.00481411  0.00127155  0.0277498  
               0.000253138  0.00497507  0.029735  
               -0.00230638  0.00440936  0.0100023  
               -0.00199814  -0.00457411  0.0356532  
               -0.0022276  -0.00445146  0.037295  
               -0.002772  -0.00416048  0.0111892  
               0.000253331  -0.00497505  0.0141121  
               -5.67795e-05  0.00499441  0.00208381  
               -0.0046313  0.00187418  0.0146973  
               -0.00431378  0.0024852  0.015553  
               -0.00491754  -0.000837263  0.0480025  
               0.00492152  -0.000796809  0.0352554  
               -0.00360435  0.00345168  0.00138724  
               -0.0030945  0.00389748  0.0020127  
               0.00342598  0.00362544  0.0102595  
               0.00294412  -0.0040209  0.036698  
               0.00189259  -0.00462571  0.0422137  
               0.000972787  -0.00490419  0.0415452  
               0.000675468  -0.00493347  0.0354475  
               0.000134925  -0.00498671  0.0341691  
               -0.000653489  -0.00493564  0.0350434  
               -0.00263202  0.00423529  0.0295811  
               -0.00127649  0.00481261  0.0282992  
               0.00390872  0.00308081  0.00831475  
               0.00494627  0.00054548  0.000515898  
               -0.000109763  0.00498919  0.00650299  
               -0.00338135  -0.00366207  0.0337341  
               0.00487007  0.00108705  0.0250923  
               -0.00152525  -0.00473715  0.03427  
               -0.0044117  0.00230199  0.048737  
               -0.00440469  0.00231511  0.0492253  
               0.00499544  4.62911e-05  0.014044  
               0.00472115  0.001578  0.0307672  
               0.00473973  0.00151675  0.0325257  
               0.00495884  0.000417894  0.0317132  
               0.0045076  -0.00212258  0.0284444  
               0.00484801  -0.00115979  0.0279859  
               0.00476778  -0.00142428  0.0326804  
               0.00494805  -0.000527436  0.0340286  
               0.00474202  -0.00150919  0.0344044  
               -0.00140292  0.00477426  0.020774  
               -0.000414604  0.00495917  0.0213213  
               0.000240767  0.00497629  0.0462368  
               0.000691939  -0.00493185  0.00797838  
               0.000876019  -0.00491372  0.00598035  
               0.00187927  -0.00462976  0.00748897  
               0.00189547  0.00462484  0.00296056  
               0.00390116  0.00309002  0.0286881  
               -0.00324079  0.00377742  0.00309918  
               -0.00394857  -0.00303225  0.00544341  
               -0.00399898  -0.00297082  0.0043845  
               -0.0035841  0.00347636  0.0357297  
               -5.16771e-05  0.00499491  0.0196315  
               -0.00442354  -0.00227984  0.0224686  
               0.00292131  0.00403961  0.00657464  
               -0.00475504  0.00146628  0.0482097  
               -0.00411828  0.00282546  0.0276076  
               -0.00269425  -0.00420203  0.0258898  
               -0.00165183  -0.00469875  0.011469  
               -0.00210212  -0.00451853  0.00955846  
               -0.000399729  0.00496063  0.024761  
               -0.00184312  0.00464072  0.0257142  
               -0.000808351  0.00492038  0.0266185  
               -0.00412592  -0.00281614  0.0489427  
               0.00473301  0.00153889  0.00747036  
               -0.00482907  -0.00122222  0.0470564  
               -0.00355216  -0.00351528  0.0259351  
               -0.00303358  -0.00394747  0.0268034  
               0.00473083  -0.00154607  0.0253137  
               0.00491626  -0.000850193  0.0244972  
               -0.00490892  -0.000924706  0.0448222  
               0.00268695  0.00420594  0.0227585  
               0.00462641  0.00189032  0.00470019  
               0.00490664  0.000947913  0.004057  
               -0.00438042  0.00236052  0.0136352  
               -0.00341431  0.00363502  0.0152379  
               -0.00374762  0.0032771  0.0131888  
               -0.00197799  0.00458488  0.024401  
               -8.85391e-05  -0.00499128  0.00707179  
               0.00323809  0.00377964  0.0494762  
               -0.00367698  -0.00336318  0.024853  
               -0.00176425  0.00466465  0.019602  
               0.00486545  0.0011023  0.0298066  
               0.00497724  -0.000231046  0.0296987  
               0.00336226  0.00367774  0.0134459  
               -0.00498456  0.000156717  0.0153718  
               -5.70684e-05  0.00499438  0.00134861  
               -0.00297383  -0.00399652  0.0300175  
               -0.00377112  -0.00324847  0.0298266  
               -0.00437304  0.00237433  0.0475385  
               -0.00348843  -0.00357419  0.00229379  
               0.00417017  0.00275386  0.0221469  
               0.00471194  0.00160834  0.0220196  
               -0.00434426  0.00242816  0.00569531  
               -0.00437109  0.00237796  0.0233491  
               0.00246454  -0.00432482  0.011726  
               0.00178312  -0.00465892  0.00941678  
               -0.00166795  0.00469386  0.0218847  
               0.0041737  -0.00274726  0.0431473  
               0.00338143  -0.003662  0.0427194  
               -0.00245456  0.00433015  0.00883381  
               -0.00209985  -0.00451975  0.0151714  
               -0.000532671  0.00494754  0.0290671  
               0.00154409  0.00473143  0.0372383  
               0.00203304  0.00455546  0.0388986  
               -0.0049488  0.000519824  0.0270966  
               0.00422406  -0.00265305  0.0144484  
               0.00468677  -0.00169133  0.0142275  
               0.00470072  -0.00164534  0.0130746  
               -0.00471946  -0.00158355  0.0357152  
               0.00237538  0.00437247  0.0416769  
               0.00119712  0.00483668  0.0409561  
               0.00133664  0.00479436  0.0459485  
               0.00287528  0.00407739  0.0265175  
               0.001919  0.00461641  0.0257593  
               -0.00487014  -0.00108683  0.00444678  
               -0.00493032  -0.000707477  0.00561854  
               -0.00113124  -0.00485667  0.00913082  
               -0.00474441  0.00150132  0.0115137  
               0.00494303  0.000578404  0.0426502  
               -0.00431638  0.00248032  0.00858232  
               0.00497701  -0.000233416  0.0464976  
               0.00475274  -0.00147384  0.019686  
               0.00276898  -0.00416209  0.0260834  
               0.00210596  -0.00451648  0.0267439  
               0.00395299  0.00302687  0.00475787  
               0.00375506  0.00326804  0.00333402  
               0.00437258  0.00237519  0.00280041  
               0.000873633  0.00491395  0.034049  
               -0.00321649  -0.00379737  0.00733851  
               0.000693589  0.00493169  0.00735023  
               -0.00495306  -0.000476614  0.0388149  
               -0.00496602  0.000345041  0.0399731  
               -0.00490412  0.000973469  0.0391951  
               0.00313435  0.00386477  0.000545829  
               -0.00319481  -0.00381516  0.00871657  
               -0.00419884  -0.00270023  0.00850667  
               0.00193489  -0.00460792  0.0456979  
               0.00150837  -0.00474227  0.0442183  
               -0.000399718  0.00496063  0.0444548  
               -0.0022165  0.00445739  0.0405656  
               0.00392385  0.00306237  0.0171378  
               0.00378268  0.00323439  0.0161585  
               0.00391243  0.00307629  0.0198951  
               0.0044698  0.00219329  0.0190729  
               -0.00105597  0.0048795  0.00806006  
               -0.000455396  0.00495515  0.00524265  
               -0.000293801  0.00497106  0.0123745  
               -0.000524419  0.00494835  0.0135572  
               -0.00478991  0.00135132  0.00937447  
               0.000791455  0.00492205  0.00500367  
               0.000104135  0.00498974  0.0101562  
               -0.00121126  0.00483239  0.00987814  
               0.00109011  0.00486915  0.00287293  
               0.00414879  -0.00278828  0.031106  
               -0.00480207  0.00131124  0.0201046  
               0.00412129  -0.00282179  0.021363  
               0.003493  -0.00357044  0.0216155  
               0.00414976  -0.00278709  0.0227818  
               0.000163119  -0.00498393  0.0302864  
               0.0033368  -0.00369863  0.00640606  
               0.00354315  -0.00352626  0.0075243  
               0.00276302  -0.00416528  0.0076154  
               -0.00478223  -0.00137665  0.0146099  
               0.00497306  0.0002735  0.0488097  
               -0.00180229  -0.00465311  0.041666  
               6.06468e-05  -0.00499403  0.00440008  
               0.00111388  -0.00486194  0.00478209  
               -0.00430386  -0.00250374  0.0350426  
               0.00493349  -0.000675334  0.0307698  
               0.00498927  -0.000108907  0.0475163  
               0.00492904  -0.000720492  0.0473997  
               -0.00447543  0.00218276  0.0124523  
               0.00402864  -0.00293469  0.00686129  
               -0.00459316  0.00196251  0.0375079  
               -0.000754099  -0.00492573  0.0294497  
               -0.00497316  0.000272543  0.00593359  
               -0.00492352  -0.000776553  0.00664651  
               -0.00262125  -0.00424106  0.0435619  
               0.00492983  -0.00071244  0.0480252  
               0.000834172  0.00491784  0.0218591  
               -0.00425855  -0.00258851  0.0112183  
               -0.00462887  -0.00188218  0.0125352  
               0.00467916  0.00171641  0.0240054  
               -0.00218161  -0.00447605  0.0269003  
               -0.003338  -0.00369764  0.0278138  
               -0.00298854  0.00398444  0.0398198  
               -0.00446039  -0.0022109  0.0482779  
               -0.00455088  0.0020416  0.0364232  
               -0.00340348  -0.00364391  0.0462983  
               -0.00359392  -0.00346439  0.0450285  
               -0.00179646  -0.00465488  0.0280726  
               -0.00421259  -0.0026745  0.0161838  
               -0.00467524  -0.00172934  0.015571  
               -0.00466501  -0.00176305  0.0167882  
               -0.0010561  -0.00487946  0.00776886  
               -0.00280445  0.00413552  0.0136109  
               -0.00463472  0.00186289  0.0472426  
               0.00465994  -0.00177976  0.0357343  
               0.00432322  -0.00246752  0.0346802  
               0.00124923  0.00482088  0.0107506  
               0.00192732  0.00461197  0.0202322  
               0.00483713  0.00119564  0.0196312  
               0.00498129  0.000189935  0.0195964  
               0.00321085  -0.00380199  0.00844015  
               0.00423834  0.00262633  0.0365486  
               -0.00276051  0.00416662  0.011768  
               -0.00169079  0.00468693  0.0107651  
               0.00496087  0.000397304  0.0272733  
               -0.0043241  0.00246589  0.0399268  
               -0.00366284  0.00338042  0.00742812  
               -0.00468372  -0.00170138  0.0105042  
               -0.00494064  -0.000602689  0.0104982  
               0.00490919  -0.000921994  0.0118547  
               0.00156846  -0.00472404  0.0172447  
               0.00256801  -0.00426951  0.0170096  
               -0.00376583  -0.00325492  0.0373049  
               -0.00486387  0.0011075  0.0233878  
               -0.00498447  0.000157713  0.0230097  
               0.00445196  -0.00222668  0.00609383  
               0.0047473  -0.00149178  0.0471615  
               0.000864087  0.00491489  0.0449096  
               -0.00497071  0.00029738  0.0240556  
               0.003798  0.00321572  0.0145585  
               -0.00480885  0.00128887  0.0432944  
               -0.0040603  0.0028961  0.0431964  
               -0.00465842  0.00178477  0.0443826  
               0.00445318  0.0022244  0.0230305  
               0.00488897  0.00102477  0.0231468  
               0.00442779  -0.0022719  0.0453183  
               -0.00123143  0.00482628  0.0393287  
               -0.000716337  0.00492945  0.0378041  
               0.00460183  0.00194628  0.0387191  
               -0.000667187  0.00493429  0.0146567  
               -0.00470749  -0.00162302  0.0333561  
               -0.00436477  -0.0023898  0.0316985  
               0.00434966  0.00241805  0.00971661  
               -0.00474812  -0.00148906  0.00346257  
               -0.00471795  -0.00158852  0.0478669  
               -0.00427562  -0.00255658  0.047835  
               -0.00411162  -0.00283357  0.00728007  
               -0.0046897  -0.00168167  0.0078685  
               0.00499071  9.42744e-05  0.0413535  
               0.00490475  -0.000967067  0.0412886  
               -0.00284789  -0.00409987  0.0195281  
               -0.0036889  -0.00334865  0.0195312  
               0.00177183  0.00466235  0.00782127  
               -0.000157874  0.00498445  0.0392621  
               0.00119973  0.00483589  0.00618193  
               -0.000398345  -0.00496077  0.0179334  
               -0.00499141  -8.72135e-05  0.0331082  
               -0.00488354  0.00104264  0.0366986  
               -0.00477784  -0.00139111  0.0219085  
               0.00497386  0.000265391  0.0162991  
               0.0028874  -0.00406744  0.0419093  
               -0.00452823  -0.00208398  0.00463155  
               0.000929382  -0.00490846  0.0457634  
               -0.00477352  0.00140536  0.0279776  
               -0.00467865  0.0017181  0.0291598  
               -0.00463801  -0.00185207  0.00598377  
               0.00382589  0.00318173  0.0242203  
               -0.00412875  -0.0028127  0.0334913  
               -0.00446303  0.00220595  0.0419571  
               0.00398288  -0.00299044  0.0362761  
               0.00374926  -0.00327511  0.0351115  
               0.0020456  0.00454875  0.0362497  
               -0.00388105  0.00311452  0.0487387  
               -0.00479643  0.00132982  0.0245021  
               -0.00439175  -0.00233932  0.0449959  
               0.00447026  -0.00219243  0.0370871  
               0.000181928  0.00498208  0.00898691  
               0.00111151  0.00486265  0.0085861  
               -0.00162556  0.00470672  0.0139204  
               -0.00127444  0.00481323  0.0127943  
               -0.00252147  0.00429438  0.0056474  
               0.00483368  -0.00120703  0.0483388  
               0.00465694  0.00178966  0.00609567  
               0.000443184  0.00495635  0.0164617  
               3.03822e-05  0.00499701  0.0155164  
               0.00368033  -0.0033591  0.020631  
               0.000530725  0.00494773  0.0432854  
               -0.00198337  0.00458201  0.0230954  
               -0.000121005  -0.00498808  0.0460308  
               -0.00320107  0.00381002  0.0347951  
               -0.00210356  0.00451776  0.0347015  
               -0.00480424  0.00130408  0.0173753  
               -0.00249428  0.00430892  0.0162354  
               0.00441339  -0.00229883  0.0114161  
               0.00116479  -0.00484649  0.0299171  
               0.00458044  -0.00198631  0.0166562  
               -0.000726776  -0.00492842  0.0106609  
               -0.000977105  0.00490342  0.0157209  
               0.0011854  0.00484024  0.0155689  
               0.004954  -0.000467011  0.015513  
               -0.00138145  -0.00478077  0.0232921  
               0.00268418  -0.00420742  0.0432495  
               0.00382659  -0.00318088  0.0196331  
               0.00441244  -0.00230062  0.0465454  
               -0.00496765  0.00032844  0.0202087  
               -0.00352449  0.0035446  0.0455269  
               0.00499381  -6.28902e-05  0.0385868  
               0.00326658  0.00375626  0.0017  
               -0.00468931  -0.00168296  0.036924  
               -0.00184297  -0.00464077  0.0247755  
               -0.00137142  -0.00478381  0.0463594  
               -0.00445804  -0.00221529  0.0212396  
               -0.00403865  -0.00292248  0.020645  
               -0.0039576  0.00302124  0.0370638  
               0.00492718  -0.000739382  0.0204519  
               0.0045629  -0.00201911  0.0205932  
               0.000595915  0.00494131  0.0128374  
               0.00285617  -0.00409307  0.030203  
               0.0027604  -0.00416668  0.028969  
               -0.0027372  -0.00417908  0.0248793  
               -0.00218824  0.0044725  0.014936  
               0.000229057  0.00497744  0.0115181  
               -0.00480972  -0.001286  0.0302712  
               0.000552382  0.0049456  0.0401227  
               -0.00100592  0.00489468  0.0403901  
               0.000260385  0.00497435  0.0414311  
               0.00291998  0.00404071  0.00295656  
               0.00308041  0.00390905  0.00228778  
               0.00448754  -0.00216011  0.0421972  
               0.00333204  0.00370254  0.0414644  
               -0.00492102  0.000801884  0.0302354  
               -6.01608e-05  0.00499407  0.0311398  
               2.71997e-05  -0.00499732  0.0322829  
               -0.00494253  -0.00058354  0.0460072  
               -0.00497466  -0.000257304  0.0407882  
               -0.00425731  -0.00259084  0.0438141  
               -0.000391273  -0.00496146  0.021952  
               -0.000934947  -0.00490792  0.040577  
               0.000572282  -0.00494364  0.0399813  
               -0.00498735  -0.000128481  0.0306312  
               -0.0049763  -0.000240629  0.0293162  
               0.00483433  -0.00120487  0.0424319  
               0.00102091  0.00489014  0.0230993  
               0.0021612  0.00448696  0.0238293  
               -0.00472048  0.00158019  0.0160242  
               -0.00110148  -0.0048657  0.0212335  
               -0.00316395  -0.00384049  0.0351372  
               -0.000455046  -0.00495518  0.0257873  
               -0.000361873  -0.00496436  0.0243629  
               0.00235949  0.00438097  0.0433943  
               0.00323742  0.00378019  0.0424634  
               -0.00146325  -0.00475595  0.0452379  
               0.000154432  -0.00498479  0.0374302  
               0.00497927  -0.000210449  0.0128477  
               -0.00428669  -0.00253587  0.0188193  
               0.0028021  -0.00413745  0.0448584  
               -0.0046632  -0.00176903  0.017821  
               -0.00423312  -0.0026361  0.0174605  
               0.00331388  -0.00371744  0.0267953  
               -0.00464665  0.00182358  0.0406266  
               -0.00144454  -0.00476163  0.0197004  
               -0.00214999  -0.00449295  0.0205404  
               -0.00499089  9.24999e-05  0.00907943  
               -0.00406487  0.00289054  0.0291922  
               -0.00382069  -0.00318807  0.0323635  
               -0.00438366  0.00235445  0.0353095  
               0.000282439  -0.00497218  0.0289607  
               -0.00356609  0.0034983  0.029824  
               0.00186495  0.0046341  0.0117516  
               0.00499328  -6.82738e-05  0.026357  
               -0.0048612  0.00111632  0.0138027  
               0.00222736  0.00445159  0.0217518  
               0.00494947  0.000513061  0.0212654  
               -0.00477935  0.00138611  0.0056243  
               0.0048822  0.00104706  0.016938  
               0.000764234  -0.00492473  0.0388641  
               -0.00118915  0.0048391  0.0421461  
               0.00277785  -0.00415735  0.0462274  
               0.00487808  -0.00106067  0.0389727  
               0.00490611  0.000953276  0.0264362  
               0.00492498  -0.00076174  0.00470248  
               -0.00499139  8.74526e-05  0.0182357  
               0.00090464  -0.0049109  0.0264536  
               0.00350461  -0.00356092  0.00252274  
               -0.00377408  0.00324487  0.0340995  
               -0.00106304  -0.00487736  0.0320558  
               -0.00497969  0.000206226  0.0428723  
               -0.00217805  -0.00447795  0.0445012  
               0.00399161  0.0029798  0.0128667  
               0.00456186  0.00202106  0.0124778  
               -0.00311383  -0.00388162  0.0184542  
               -0.00365484  -0.00339016  0.0168534  
               -0.00381676  -0.00319286  0.0357949  
               0.00205941  0.00454136  0.0446689  
               0.00487432  0.00107307  0.0409865  
               0.00471365  0.00160271  0.0420808  
               0.00441675  -0.00229254  0.0265857  
               0.00415765  -0.00277728  0.0257492  
               0.00411812  -0.00282565  0.0273785  
               -0.00496552  0.000350073  0.0254715  
               0.00305109  -0.00393311  0.0127695  
               0.00438405  -0.00235372  0.00499284  
               -0.00499198  -8.1473e-05  0.0220389  
               0.00467323  0.00173594  0.0399745  
               -0.00117661  0.0048429  0.00612149  
               0.00434538  0.00242607  0.027774  
               -0.00443573  -0.00225703  0.0287552  
               -0.00494276  -0.000581128  0.0246396  
               0.00462783  0.00188562  0.0269373  
               -0.00491254  -0.000887961  0.0162936  
               0.000319509  0.00496853  0.0365101  
               -0.00420787  -0.00268334  0.00996842  
               -0.00239792  -0.00436043  0.00764699  
               -0.00466588  0.0017602  0.0339847  
               0.00497664  0.000237166  0.0241541  
               0.00366157  0.00338195  0.00587803  
               -0.00496846  0.000320238  0.0315394  
               -0.00091887  -0.0049095  0.0368321  
               -0.00112259  0.00485929  0.0116898  
               0.00345891  0.00359842  0.0323001  
               0.00426568  0.00257518  0.032465  
               0.00463584  -0.00185921  0.0182229  
               0.00497821  0.000221232  0.0111233  
               0.00495165  0.00049091  0.00995103  
               0.00456706  0.00201134  0.0109199  
               0.0025139  -0.00429844  0.0340628  
               0.00234423  -0.00438912  0.00492609  
               0.00207287  -0.00453417  0.00622761  
               -0.00124488  0.0048222  0.0237446  
               -0.00439715  -0.00232922  0.0145483  
               -0.00426916  0.00256867  0.0326702  
               -0.00452956  0.00208149  0.0312687  
               -0.00033205  0.0049673  0.0230896  
               -0.00242923  0.00434369  0.0127011  
               -0.00300635  -0.00396982  0.00976662  
               0.00341617  -0.00363349  0.0341481  
               -0.00257304  -0.00426682  0.0454657  
               0.00134487  -0.00479186  0.0138372  
               0.00343967  -0.0036142  0.0323694  
               0.00281944  -0.00412322  0.0329954  
               -0.00464659  0.00182377  0.0268735  
               0.00498851  -0.000116655  0.00808277  
               0.00480075  -0.00131557  0.00791888  
               0.00494174  0.000591543  0.037761  
               0.00194586  -0.00460205  0.030943  
               -0.00343895  -0.0036148  0.0438938  
               -0.000514174  -0.00494936  0.0060958  
               -0.00427384  0.00255991  0.0453163  
               0.00236644  -0.00437725  0.0139662  
               -0.00251618  -0.00429722  0.00538167  
               -0.0041515  -0.00278498  0.0265859  
               -0.00419494  -0.00270752  0.0275929  
               -0.00383063  0.00317596  0.0445993  
               0.0049701  -0.000303558  0.0187077  
               0.00491254  -0.000888007  0.0217816  
               -0.00267461  0.00421253  0.0316656  
               -0.00341806  0.00363195  0.0239521  
               -0.00278989  0.00414747  0.0417134  
               0.00442426  -0.00227849  0.0191372  
               0.00114237  0.00485329  0.0242562  
               -0.00403106  -0.00293174  0.00293445  
               0.00144461  -0.00476161  0.0342436  
               -0.00493116  -0.000698977  0.0173112  
               0.00483522  -0.00120193  0.0316388  
               0.00356282  0.00350229  0.0226075  
               -0.00247456  0.00431946  0.0180883  
               -0.00132039  0.00479929  0.0184354  
               0.00121733  -0.00483055  0.0149939  
               0.00344341  -0.00361114  0.0103189  
               0.00400263  -0.00296637  0.00874286  
               0.000565082  -0.00494434  0.0446429  
               0.00284254  -0.00410426  0.0317068  
               0.0016249  -0.00470692  0.0127664  
               -0.00157067  -0.00472337  0.0398103  
               0.00323805  0.00377967  0.0211425  
               -0.0017452  -0.00467043  0.0296124  
               -0.00490425  0.000972165  0.0332685  
               0.00156306  -0.00472568  0.0286403  
               -0.00160963  0.00471155  0.0170944  
               -0.000478917  0.00495283  0.0168528  
               -0.00172959  -0.00467516  0.0258443  
               0.00496942  0.000310464  0.0348563  
               0.00188866  -0.00462691  0.0207313  
               -0.00484605  -0.00116625  0.00933814  
               -0.00433138  0.00245225  0.0167548  
               0.00228748  -0.00441946  0.0388316  
               -0.00127281  0.00481372  0.0319698  
               -0.00124132  0.00482327  0.0334416  
               0.00302782  -0.0039522  0.0189233  
               -0.00158608  -0.0047187  0.038719  
               -0.000465678  -0.00495413  0.0448627  
               -0.000176439  -0.00498262  0.0438949  
               0.00112052  0.00485992  0.0192438  
               0.00204011  0.00455168  0.0319631  
               0.0010695  0.0048754  0.0319785  
               0.00486273  -0.00111125  0.0376853  
               -0.00384299  0.0031609  0.0408662  
               0.00483478  0.0012034  0.00896335  
               0.00471521  -0.00159756  0.0100202  
               -0.00479754  0.00132615  0.0356805  
               -0.00493061  0.000704533  0.0348125  
               -0.00498184  0.00018435  0.0359966  
               -0.00364822  0.00339823  0.041995  
               0.00445436  0.00222219  0.00866414  
               0.000245168  -0.00497585  0.0187712  
               -0.00016701  -0.00498355  0.00967301  
               0.00482192  -0.00124578  0.0268702  
               0.00479072  0.00134864  0.0181498  
               0.00263891  -0.00423161  0.0154438  
               -0.00324341  -0.00377528  0.0134514  
               -0.00124694  -0.00482157  0.0442356  
               -0.00485619  -0.00113282  0.0430308  
               -0.0033599  0.00367967  0.0196327  
               -0.0036487  0.00339765  0.0325657  
               0.00313696  0.00386263  0.0200657  
               0.00138662  -0.0047792  0.0325506  
               -0.000512899  -0.00494948  0.0331854  
               0.00453792  -0.00206585  0.0220463  
               -0.00418313  -0.00272961  0.0384472  
               -0.00415183  -0.00278457  0.025548  
               0.00040625  -0.00495999  0.0107479  
               -0.0038095  0.00320171  0.0117502  
               0.00378811  -0.00322777  0.0445836  
               0.00453384  0.00207348  0.0171616  
               5.40806e-05  0.00499467  0.0176998  
               -0.0023156  -0.00440443  0.0408318  
               -0.00491557  -0.000857243  0.0207682  
               0.0010302  0.00488732  0.0352554  
               -0.00247427  -0.00431962  0.0289648  
               -0.00287896  -0.00407437  0.0235604  
               0.00140466  0.00477373  0.031017  
               -0.0046597  0.00178056  0.0256868  
               -0.00438314  0.00235542  0.0247733  
               0.00107777  0.00487289  0.0141605  
               -0.00464695  -0.00182257  0.0383978  
               -0.00427008  0.00256694  0.0383369  
               0.00255061  0.00427881  0.0401772  
               0.00379394  0.00322067  0.0401543  
               -0.00461204  0.00192719  0.0391311  
               0.0045287  0.0020831  0.020413  
               0.00219646  -0.00446811  0.0249458  
               0.00341465  -0.00363474  0.0253883  
               -0.00441951  -0.00228737  0.0425434  
               0.00409111  -0.00285856  0.0097493  
               0.00449948  -0.00213777  0.0442509  
               0.000596583  -0.00494124  0.0249198  
               -0.00165058  0.00469913  0.0369804  
               -5.17994e-05  0.0049949  0.0330801  
               0.00498472  -0.000155167  0.0253324  
               -0.00369131  0.00334572  0.00610773  
               -0.00476356  0.00143816  0.03231  
               0.00437624  -0.00236833  0.038283  
               -0.00493196  0.000690806  0.0165357  
               -0.00172917  -0.00467529  0.0186472  
               0.00466351  -0.00176801  0.0155945  
               -0.00223137  -0.00444945  0.033409  
               0.00490799  -0.000934179  0.017924  
               -0.00494636  -0.000544637  0.0350496  
               -0.00474215  -0.00150877  0.0346574  
               0.00498121  0.000190759  0.0442778  
               -0.00493169  -0.000693599  0.033989  
               0.00335123  0.00368679  0.0256724  
               -0.00115806  -0.00484853  0.0378124  
               0.00131957  0.00479954  0.0439725  
               0.00451896  -0.00210133  0.00861062  
               0.00189014  -0.00462646  0.0162502  
               0.0015916  0.00471702  0.039962  
               -0.000485966  -0.00495214  0.0118405  
               -0.00499351  -6.59363e-05  0.0279243  
               -0.0032526  0.00376773  0.0275092  
               0.000783888  0.00492279  0.0260547  
               0.00124353  0.00482261  0.0422326  
               0.00495042  -0.000503366  0.00930344  
               0.00493781  -0.000631387  0.010336  
               0.00314119  -0.00385917  0.0199181  
               0.00485495  -0.00113691  0.00261355  
               0.00221968  -0.00445569  0.0084751  
               0.00337605  -0.00366642  0.0281027  
               -0.00370876  0.00332446  0.0164787  
               0.00397722  0.00299733  0.021008  
               0.00495957  -0.00041045  0.0432998  
               0.00136867  -0.00478465  0.0255598  
               -0.00444304  -0.00224335  0.0200087  
               -0.004211  0.00267748  0.0261723  
               0.00149095  -0.00474755  0.0395673  
               -0.00488352  -0.00104274  0.0282296  
               0.00203433  0.00455477  0.0350917  
               -0.00492592  0.000752189  0.0292396  
               0.000476882  -0.00495303  0.0121607  
               0.0025188  0.00429581  0.0296941  
               0.00229023  -0.00441799  0.0195591  
               0.0049342  0.000668072  0.012277  
               0.000512027  -0.00494957  0.0332163  
               0.00254552  -0.00428153  0.0279536  
               -0.00381034  0.00320068  0.0205462  
               -0.00496427  -0.000362796  0.0438368  
               0.000659174  -0.00493508  0.0215748  
               -0.00383302  -0.00317304  0.0287342  
            </DataArray>
         </Points> 

         <Cells>
            <DataArray type="Int32" Name="connectivity" NumberOfComponents="1" format="ascii">
               
            </DataArray> 
            <DataArray type="Int32" Name="offsets" NumberOfComponents="1" format="ascii">
               
            </DataArray>
            <DataArray type="UInt8"  Name="types" NumberOfComponents="1" format="ascii">
               
            </DataArray>
         </Cells>
         <PointData Scalars="Rank " Vectors="DisplacementDelta Force ">
            <DataArray type="UInt32" Name="Rank" NumberOfComponents="1" format="ascii">
               0 0 0 0 0 0 0 0 0 0 0 0 0 0 0 0 0 0 0 0 0 0 0 0 0 0 0 0 0 0 0 0 0 0 0 0 0 0 0 0 0 0 0 0 0 0 0 0 0 0 0 0 0 0 0 0 0 0 0 0 0 0 0 0 0 0 0 0 0 0 0 0 0 0 0 0 0 0 0 0 0 0 0 0 0 0 0 0 0 0 0 0 0 0 0 0 0 0 0 0 0 0 0 0 0 0 0 0 0 0 0 0 0 0 0 0 0 0 0 0 0 0 0 0 0 0 0 0 0 0 0 0 0 0 0 0 0 0 0 0 0 0 0 0 0 0 0 0 0 0 0 0 0 0 0 0 0 0 0 0 0 0 0 0 0 0 0 0 0 0 0 0 0 0 0 0 0 0 0 0 0 0 0 0 0 0 0 0 0 0 0 0 0 0 0 0 0 0 0 0 0 0 0 0 0 0 0 0 0 0 0 0 0 0 0 0 0 0 0 0 0 0 0 0 0 0 0 0 0 0 0 0 0 0 0 0 0 0 0 0 0 0 0 0 0 0 0 0 0 0 0 0 0 0 0 0 0 0 0 0 0 0 0 0 0 0 0 0 0 0 0 0 0 0 0 0 0 0 0 0 0 0 0 0 0 0 0 0 0 0 0 0 0 0 0 0 0 0 0 0 0 0 0 0 0 0 0 0 0 0 0 0 0 0 0 0 0 0 0 0 0 0 0 0 0 0 0 0 0 0 0 0 0 0 0 0 0 0 0 0 0 0 0 0 0 0 0 0 0 0 0 0 0 0 0 0 0 0 0 0 0 0 0 0 0 0 0 0 0 0 0 0 0 0 0 0 0 0 0 0 0 0 0 0 0 0 0 0 0 0 0 0 0 0 0 0 0 0 0 0 0 0 0 0 0 0 0 0 0 0 0 0 0 0 0 0 0 0 0 0 0 0 0 0 0 0 0 0 0 0 0 0 0 0 0 0 0 0 0 0 0 0 0 0 0 0 0 0 0 0 0 0 0 0 0 0 0 0 0 0 0 0 0 0 0 0 0 0 0 0 0 0 0 0 0 0 0 0 0 0 0 0 0 0 0 0 0 0 0 0 0 0 0 0 0 0 0 0 0 0 0 0 0 0 0 0 0 0 0 0 0 0 0 0 0 0 0 0 0 0 0 0 0 0 0 0 0 0 0 0 0 0 0 0 0 0 0 0 0 0 0 0 0 0 0 0 0 0 0 0 0 0 0 0 0 0 0 0 0 0 0 0 0 0 0 0 0 0 0 0 0 0 0 0 0 0 0 0 0 0 0 0 0 0 0 0 0 0 0 0 0 0 0 0 0 0 0 0 0 0 0 0 0 0 0 0 0 0 0 0 0 0 0 0 0 0 0 0 0 0 0 0 0 0 0 0 0 0 0 0 0 0 0 0 0 0 0 0 0 0 0 0 0 0 0 0 0 0 0 0 0 0 0 0 0 0 0 0 0 0 0 0 0 0 0 0 0 0 0 0 0 0 0 0 0 0 0 0 0 0 0 0 0 0 0 0 0 0 0 0 0 0 0 0 0 0 0 0 0 0 0 0 0 0 0 0 0 0 0 0 0 0 0 0 0 0 0 0 0 0 0 0 0 0 0 0 0 0 0 0 0 0 0 0 0 0 0 0 0 0 0 0 0 0 0 0 0 0 0 0 0 0 0 0 0 0 0 0 0 0 0 0 0 0 0 0 0 0 0 0 0 0 0 0 0 0 0 0 0 0 0 0 0 0 0 0 0 0 0 0 0 0 0 0 0 0 0 0 0 0 0 0 0 0 0 0 0 0 0 0 0 0 0 0 0 0 0 0 0 0 0 0 0 0 0 0 0 0 0 0 0 0 0 0 0 0 0 0 0 0 0 0 0 0 0 0 0 0 0 0 0 0 0 0 0 0 0 0 0 0 0 0 0 0 0 0 0 0 0 0 0 0 0 0 0 0 0 0 0 0 0 0 0 0 0 0 0 0 0 0 0 0 0 0 0 0 0 0 0 0 0 0 0 0 0 0 0 0 0 0 0 0 0 0 0 0 0 0 0 0 0 0 0 0 0 0 0 0 0 0 0 0 0 0 0 0 0 0 0 0 0 0 0 0 0 0 0 0 0 0 0 0 0 0 0 0 0 0 0 0 0 0 0 0 0 0 0 0 0 0 0 0 0 0 0 0 0 0 0 0 0 0 0 0 0 0 0 0 0 0 0 0 0 0 0 0 0 0 0 0 0 0 0 0 0 0 0 0 0 0 0 0 0 0 0 0 0 0 0 0 0 0 0 0 0 0 0 0 0 0 0 0 0 0 0 0 0 0 0 0 0 0 0 0 0 0 0 0 0 0 0 0 0 0 0 0 0 0 0 0 0 0 0 0 0 0 0 0 0 0 0 0 0 0 0 0 0 0 0 0 0 0 0 0 0 0 0 0 0 0 0 0 0 0 0 0 0 0 0 0 0 0 0 0 0 0 0 0 0 0 0 0 0 0 0 0 0 0 0 0 0 0 0 0 0 0 
            </DataArray>
            <DataArray type="Float64" Name="DisplacementDelta" NumberOfComponents="3" format="ascii">
               5.57257e-11 2.36156e-11 1.44673e-11  5.65387e-11 2.49987e-11 1.37592e-11  5.6309e-12 -3.56091e-11 -1.65949e-12  2.73372e-11 -8.15037e-11 4.1457e-12  5.59587e-11 2.22668e-10 1.71166e-11  4.09074e-11 9.882e-11 1.57156e-11  3.92731e-07 -1.38709e-06 2.44746e-08  -4.59929e-11 5.09863e-10 5.7278e-12  1.2369e-10 6.64094e-10 4.41122e-12  1.84419e-11 2.86412e-10 -1.2292e-11  -3.3637e-11 -6.29302e-11 5.68068e-12  1.05053e-06 -7.95207e-07 -4.70903e-09  2.10126e-06 -1.78544e-07 9.17414e-08  3.14631e-08 9.25103e-08 -4.33223e-09  2.9349e-08 5.65002e-08 -5.62977e-10  5.77409e-08 8.26025e-08 2.5669e-09  9.03556e-11 1.02223e-10 1.59195e-11  7.52901e-07 -7.01322e-07 8.29402e-08  1.46537e-12 -1.18165e-10 4.23999e-12  -3.2545e-11 -1.98319e-10 4.33234e-12  4.52236e-11 -3.84528e-10 9.44886e-12  3.39412e-07 1.70759e-07 2.8067e-08  1.82545e-06 9.23508e-07 2.69976e-08  -1.47363e-10 2.14462e-10 2.17733e-11  1.58992e-11 1.79769e-10 1.61852e-11  1.28884e-10 3.99309e-11 1.66485e-11  -1.06618e-10 2.41966e-11 2.13407e-11  2.34357e-07 2.8529e-07 5.12927e-08  -1.05136e-10 1.37454e-10 2.6831e-11  -5.93798e-11 4.86608e-11 1.59071e-11  1.51003e-06 1.47649e-06 5.94933e-08  1.00838e-06 7.11222e-07 5.7117e-08  9.39488e-11 2.82742e-10 -4.14044e-12  -8.01198e-08 3.10494e-07 3.07008e-08  -3.80317e-07 7.85699e-07 9.17696e-08  -2.39042e-07 5.05266e-07 -5.25736e-09  -7.0915e-11 3.30285e-11 1.21969e-11  -2.69373e-10 3.823e-10 1.68558e-11  2.99591e-07 2.07367e-08 1.37372e-09  1.79497e-07 2.4549e-08 -2.75737e-09  1.75943e-07 -1.64722e-08 -6.65817e-09  -3.4242e-07 -1.03719e-06 -4.97345e-09  -1.21183e-07 -8.411e-07 -3.2754e-08  -2.14541e-10 2.09954e-10 2.23918e-11  -5.47341e-10 5.95126e-10 1.9698e-12  -4.73143e-11 9.7739e-11 1.89293e-11  -4.20923e-09 5.71149e-09 -2.03674e-10  -6.89594e-09 5.76737e-09 -2.91528e-10  -6.81755e-07 2.14144e-06 1.48949e-08  1.35731e-07 3.49358e-07 -1.87408e-08  5.43051e-07 9.45661e-07 6.60099e-08  -7.04693e-07 -8.12468e-07 -3.12773e-08  -6.26864e-07 -1.15573e-06 1.76985e-08  4.49231e-07 4.28667e-07 -2.46852e-08  1.35151e-07 5.11658e-08 -1.95984e-08  5.08569e-07 4.41276e-07 -1.32644e-08  5.80674e-07 1.24058e-06 3.65746e-08  1.08817e-06 5.51043e-07 1.33073e-08  -7.24438e-07 2.37385e-07 -1.54228e-08  -3.72061e-07 2.1364e-07 -1.06788e-08  -7.19026e-07 2.51097e-07 -9.75358e-09  -5.37972e-11 2.45641e-10 3.30353e-11  7.93523e-12 -2.34737e-11 8.76699e-12  -7.20169e-07 -1.70775e-06 8.47508e-08  7.39802e-07 -7.62729e-08 4.20047e-08  2.13937e-07 2.48879e-08 3.55482e-08  2.58061e-10 -6.03669e-11 -1.01457e-11  1.66837e-10 2.85913e-11 6.94148e-12  2.83647e-10 2.02772e-11 -1.01399e-11  7.43635e-07 8.22356e-07 -2.79885e-08  -1.11415e-09 -6.76417e-09 -2.49189e-13  -6.04986e-10 -1.48907e-08 5.58148e-11  -1.6793e-06 -1.86534e-06 5.35589e-08  -1.87431e-07 -2.91019e-07 4.73586e-08  2.47462e-11 -3.22666e-11 4.68356e-12  1.62915e-06 2.93114e-08 -2.62005e-08  -4.09333e-07 -1.8891e-06 8.21783e-08  1.18459e-11 -2.02441e-10 -5.88065e-12  2.44195e-11 -1.10361e-10 -1.05492e-11  -1.1247e-11 1.65721e-11 -6.67557e-12  -1.00395e-10 7.47823e-11 -3.5345e-12  -5.01269e-08 -3.83513e-07 1.03812e-08  -2.11166e-10 5.07354e-10 6.67108e-12  -1.30233e-10 5.30915e-10 2.45894e-11  1.78448e-09 -9.42201e-07 3.60644e-08  -9.17107e-11 -7.95333e-11 7.57744e-12  -1.02675e-10 -1.01724e-10 -5.08316e-12  -6.01299e-11 2.28811e-11 2.51232e-11  -1.81742e-10 6.47394e-11 1.4766e-11  6.81523e-12 -3.15475e-11 1.04227e-11  1.08293e-09 -2.70308e-09 3.4112e-11  1.37545e-09 -1.70142e-09 -2.94798e-11  1.3311e-10 5.06734e-11 -2.13396e-12  4.37721e-09 1.08651e-08 3.17084e-11  8.01543e-09 1.27788e-08 -2.85212e-10  3.57061e-09 4.99023e-09 -2.15907e-11  -2.24809e-11 -1.27993e-11 4.64543e-12  -4.85639e-09 2.6775e-09 -1.44612e-11  -3.75166e-09 2.11867e-09 -3.32897e-10  -5.34958e-09 1.05446e-09 -1.18745e-10  1.90006e-11 -8.29457e-11 9.58644e-12  8.33163e-11 -7.11504e-12 9.73237e-12  1.52929e-07 -7.14457e-07 3.74901e-08  2.90401e-07 -4.75646e-07 -2.30098e-08  1.47183e-07 -3.31555e-07 1.12662e-08  1.95626e-08 7.58407e-09 -2.1265e-10  2.73149e-08 5.65928e-09 3.52348e-10  2.59055e-11 -1.08541e-11 3.71076e-12  1.6023e-11 -4.70955e-12 4.24714e-12  9.66958e-07 -2.38525e-07 -5.75059e-08  -1.81588e-06 -7.20928e-07 -1.97916e-08  -1.67033e-11 -2.5527e-11 1.01295e-11  6.26863e-07 -2.37243e-07 2.41569e-08  6.65697e-07 -4.21606e-07 -3.54766e-08  3.83052e-07 -2.75095e-07 2.38497e-09  -1.88286e-06 -2.20623e-07 7.81824e-08  -7.864e-07 -7.6715e-07 1.0094e-07  3.88044e-10 2.0674e-10 -6.73866e-13  3.77915e-11 3.71172e-10 4.68325e-12  -8.53984e-12 7.74206e-11 2.22911e-11  4.10568e-11 5.44656e-11 1.5235e-11  4.0418e-11 3.73097e-11 1.26793e-11  -9.91644e-07 8.05156e-07 7.99765e-08  -8.54043e-07 1.02475e-06 5.04849e-08  -2.20758e-07 2.19061e-07 4.97375e-08  9.09615e-07 -3.81514e-07 7.92453e-08  1.86306e-06 -1.16783e-06 2.64045e-08  -1.23123e-12 -1.93351e-11 9.05285e-12  -1.98348e-07 6.28311e-07 -1.1108e-08  -1.0522e-07 2.86609e-07 -2.18668e-08  -7.75831e-08 4.91916e-07 1.11567e-08  9.89873e-10 -1.70974e-09 -3.88632e-11  1.15745e-09 -1.2298e-09 -3.89322e-11  -7.26697e-08 9.02401e-08 -6.13598e-09  -1.39579e-07 1.95464e-07 -4.94138e-09  -4.92929e-08 1.29839e-07 -2.60266e-09  5.59856e-07 -7.54016e-07 4.36999e-08  9.85547e-07 -5.11582e-07 -1.24146e-09  8.09329e-07 -1.98563e-06 7.60769e-08  3.24746e-07 -9.24353e-07 -3.40677e-08  -6.42417e-08 -1.84894e-07 -7.92013e-09  2.03889e-07 7.19895e-07 -5.51112e-08  -1.18764e-10 1.86064e-11 1.76456e-11  1.93997e-07 -1.08696e-06 1.91783e-09  2.236e-07 -5.50103e-07 -3.00643e-08  2.4636e-07 -1.78274e-06 5.16186e-08  3.69058e-11 -5.72287e-11 1.02234e-11  -8.94451e-07 1.28716e-07 8.12347e-08  -1.7267e-06 4.63302e-07 5.0982e-08  -9.78924e-11 -4.19309e-11 1.2395e-11  -6.16954e-11 -3.41913e-11 1.38131e-11  1.65122e-07 3.00371e-07 3.74212e-09  1.67167e-07 3.03937e-07 -2.22742e-08  2.94038e-07 3.23418e-07 -2.42697e-08  -1.80366e-10 1.25307e-10 1.73222e-11  2.01958e-11 -1.22195e-10 1.42184e-11  -6.23527e-08 -5.06422e-07 -1.3511e-08  1.24369e-07 -7.0711e-07 5.99615e-09  -5.57421e-11 6.31646e-11 -5.94031e-13  1.14421e-10 8.07422e-10 1.30397e-11  6.86635e-07 -8.05578e-07 -3.34134e-08  -2.27927e-10 1.9616e-10 -1.25646e-11  -7.43157e-08 -2.19456e-07 -1.62195e-09  2.97538e-07 1.02771e-07 2.86151e-09  8.20775e-07 3.11528e-07 3.02854e-09  -9.99359e-12 -4.24794e-11 6.10242e-12  -2.2645e-11 -5.21146e-11 6.29541e-13  -2.68402e-07 1.44172e-06 4.84039e-08  2.72462e-10 4.39527e-11 6.505e-12  1.85906e-10 5.76833e-11 7.48295e-12  -8.52503e-11 -4.22885e-11 -1.44965e-11  -3.04373e-10 -1.31575e-10 -2.43543e-12  -2.21587e-10 -4.03167e-11 -2.67742e-12  6.9054e-11 1.25354e-10 1.25161e-11  1.16471e-07 1.26721e-06 4.03751e-08  -1.0169e-08 3.04094e-07 5.22706e-08  3.67553e-08 3.11446e-07 5.10633e-09  5.27366e-07 -8.36215e-07 6.66079e-08  -4.31725e-08 5.69962e-09 6.80752e-10  -4.34429e-08 -7.96052e-09 -3.73093e-09  -4.5724e-08 2.55716e-09 -7.25004e-10  4.57495e-08 -7.01886e-08 -6.23325e-10  3.20565e-08 -4.97644e-08 1.00974e-10  -1.67416e-06 -7.22498e-09 7.17752e-09  4.0687e-11 -1.07374e-11 3.20566e-13  -6.45457e-11 -1.07304e-10 -2.177e-12  -4.56023e-10 5.29601e-10 6.12319e-12  -7.65193e-10 1.08407e-09 3.2875e-11  -7.09346e-09 -3.82617e-08 -1.64522e-09  -1.30975e-08 -2.58666e-08 4.88824e-10  -4.93381e-12 -9.09767e-12 -4.41897e-12  6.46304e-07 1.71192e-06 -1.03073e-08  -2.54176e-10 -5.20917e-11 6.07597e-12  -6.83056e-07 2.95691e-07 9.81113e-09  6.40409e-07 1.3248e-07 -1.69265e-08  1.29149e-06 1.40782e-07 -1.59589e-08  6.94774e-11 -4.23522e-11 -6.64486e-12  6.20909e-11 -5.91651e-11 1.92735e-12  1.45937e-10 -3.22394e-12 4.74527e-12  2.3513e-10 -2.63522e-11 -3.71513e-12  9.99931e-11 -1.48097e-10 -1.22643e-12  -3.56825e-10 3.48341e-11 1.0479e-11  -2.14193e-10 4.16348e-11 1.45823e-11  1.61025e-06 -4.77529e-07 8.73791e-08  5.62563e-11 -5.44015e-11 4.69726e-12  -2.08399e-07 -3.98047e-07 -2.5122e-08  -1.9057e-07 -7.23902e-07 1.04448e-08  -9.43568e-08 -5.35288e-07 -3.48483e-08  -1.88875e-10 9.21548e-11 -1.52959e-11  -6.26438e-11 2.08107e-11 -6.16516e-12  -6.61609e-11 3.10394e-11 -7.5169e-12  3.10049e-07 1.24349e-06 2.7569e-08  -5.99822e-12 -1.67458e-11 -3.68766e-12  -2.16043e-10 8.07113e-11 -5.32237e-12  -2.81224e-10 9.29714e-11 -2.81389e-12  -4.78654e-11 1.3682e-11 -8.20297e-12  -5.80576e-11 2.89123e-11 -1.80947e-12  1.56608e-09 -9.43329e-10 -9.96062e-12  3.49964e-08 5.21677e-07 -1.13057e-08  -1.00233e-10 -2.91912e-10 1.12899e-11  -1.42284e-10 -2.27993e-10 4.23429e-12  -8.79088e-11 -1.47323e-10 1.50831e-11  -8.92931e-11 3.12254e-10 -3.69702e-12  -7.36132e-11 1.88647e-10 2.64695e-11  1.3338e-10 -2.39572e-10 -2.09617e-12  1.83426e-10 -3.46917e-10 1.59688e-11  7.71878e-11 -2.56878e-10 1.83969e-12  -1.13558e-06 2.49437e-07 -1.49214e-09  1.89305e-10 1.08358e-10 3.44776e-12  -5.03922e-08 6.33565e-08 -5.56325e-09  -4.99693e-08 5.39987e-08 -2.29277e-09  -6.28419e-08 5.68579e-08 -4.74125e-09  -2.0968e-11 -1.46411e-11 -3.61734e-12  -8.26583e-12 -1.84905e-11 -2.43935e-12  -1.0775e-11 -4.70385e-11 -4.98431e-12  5.75774e-11 -1.23867e-11 6.91246e-12  -6.14989e-09 -2.01518e-08 -8.91984e-10  -1.80077e-12 -3.50285e-11 7.78886e-12  2.29411e-07 5.56519e-07 -2.37975e-08  2.40311e-07 8.89443e-07 -3.27654e-08  -7.81476e-11 -2.03068e-11 7.23051e-12  -7.58911e-11 -8.99939e-11 1.02921e-11  2.14505e-10 1.28165e-10 2.14761e-11  -7.75614e-11 2.12218e-11 1.7521e-11  -1.29395e-07 4.46207e-08 -4.91335e-11  -2.50365e-10 -1.48792e-10 1.11928e-11  -9.26937e-11 -5.86823e-11 1.35261e-11  -2.37808e-10 5.52506e-10 -8.06713e-12  -2.70885e-10 1.1979e-10 -3.76763e-13  -1.0837e-10 4.66073e-11 7.21066e-12  -3.40452e-10 1.11287e-10 -1.22421e-11  -3.86716e-11 -2.92288e-11 6.44685e-12  2.79754e-11 1.80665e-11 2.16203e-12  1.81294e-11 1.03193e-11 -1.93451e-12  -4.55192e-11 -4.03348e-11 -4.2268e-13  1.15959e-06 -9.33301e-07 5.71825e-08  1.2983e-10 1.4208e-11 1.54336e-11  -2.25616e-10 -1.42613e-10 1.7218e-12  1.78435e-10 3.98559e-10 1.30447e-11  -8.39959e-08 4.3186e-08 -4.30778e-09  -5.46916e-08 1.27531e-08 7.32449e-10  -5.3669e-08 3.01366e-08 -1.48488e-09  3.09341e-11 5.64289e-11 1.2053e-11  1.15195e-10 7.42174e-11 5.73553e-12  2.07026e-10 8.23613e-11 -1.17806e-11  -1.02775e-08 -4.95754e-07 -6.03833e-08  1.43599e-08 -4.57797e-08 -1.11842e-10  -5.28357e-11 1.92068e-10 3.36392e-12  -3.44016e-07 -7.60645e-07 -3.00785e-08  1.27168e-10 8.21162e-11 -4.19236e-12  2.10353e-10 1.14598e-10 1.37564e-12  -3.87488e-11 -3.94961e-11 1.01308e-11  -1.92387e-06 9.96355e-07 1.3481e-07  -1.19394e-06 7.94448e-07 1.89237e-08  1.97336e-10 -5.86428e-11 5.04187e-12  2.50937e-10 9.11446e-12 -5.66286e-12  -1.86978e-06 -1.07196e-06 5.97225e-08  -5.53343e-07 -3.9332e-07 -3.1929e-08  -7.80257e-07 -4.59155e-07 -2.91824e-08  2.83721e-07 -4.30737e-07 -8.61391e-10  1.23542e-06 2.87381e-07 6.38135e-08  1.70225e-10 -3.75793e-11 4.13212e-13  -6.11996e-07 1.00737e-07 -6.06748e-08  -4.73511e-07 3.43594e-07 1.50256e-09  5.38268e-10 -9.06727e-11 8.34994e-12  -1.72084e-08 -1.94798e-08 4.06138e-10  -1.75123e-08 -1.32487e-08 3.11462e-10  -1.17818e-08 -1.30914e-08 -4.21219e-10  5.27889e-11 3.69527e-11 1.83647e-11  3.24175e-07 1.73934e-06 7.16511e-09  -1.05628e-13 -1.33997e-10 -5.95707e-12  1.1895e-07 -4.53939e-07 3.74683e-08  4.81858e-11 -5.51661e-11 1.82821e-12  1.30153e-08 6.98981e-09 -1.89228e-11  8.35159e-09 5.03367e-09 -6.6733e-10  1.30222e-06 3.92557e-07 1.84764e-09  -6.66639e-07 -1.18015e-06 4.29148e-08  -1.05763e-10 1.94895e-10 -1.89094e-12  -7.10833e-11 5.8923e-10 -1.67241e-11  3.50149e-08 -8.69305e-07 1.70903e-08  -2.06272e-07 2.1199e-08 -6.97023e-09  -1.73574e-07 -2.38678e-08 -6.67231e-09  2.0244e-10 1.27959e-10 -6.93039e-12  1.98732e-10 2.06573e-10 1.19908e-11  2.50098e-10 1.65705e-10 3.50945e-12  4.91454e-09 -3.63787e-09 2.77317e-11  8.01014e-09 -7.41267e-09 -8.4436e-11  5.71704e-09 -4.67878e-09 1.37311e-10  -1.03675e-06 1.53282e-06 6.26822e-08  2.4432e-11 -1.51988e-11 2.45847e-12  7.98621e-12 -7.82128e-12 3.48936e-12  1.0762e-10 -4.65039e-10 -4.79182e-13  2.05086e-10 2.09366e-10 -1.33595e-11  1.64296e-10 1.24066e-10 3.1549e-12  9.78198e-11 4.10304e-11 1.7133e-12  3.0391e-10 1.33574e-10 1.94158e-11  4.7106e-07 8.63148e-07 -2.37131e-08  1.91996e-10 9.30222e-10 -2.32715e-11  1.3764e-11 5.99393e-12 -3.25655e-12  1.58288e-10 4.09695e-11 4.68072e-12  1.87681e-10 2.112e-10 5.12322e-12  1.1262e-10 9.73579e-11 -9.58939e-12  2.0234e-10 2.79868e-10 5.06413e-12  1.85881e-10 -3.80768e-10 -1.20534e-11  1.69042e-10 -2.69101e-10 -2.18084e-12  1.15356e-10 7.1542e-11 1.32023e-11  2.18029e-09 -1.38612e-08 8.16779e-11  9.82281e-10 5.21277e-09 9.09765e-11  -4.63484e-07 4.07477e-07 -1.45011e-08  -2.68099e-07 8.43886e-07 -3.3389e-08  9.56408e-08 -4.95048e-08 -7.06468e-09  2.63355e-07 -5.89942e-08 1.21652e-10  1.21157e-11 2.82576e-10 -2.8148e-12  2.26413e-11 2.03386e-10 -1.26462e-11  7.45651e-09 -4.14323e-10 -2.35995e-10  9.05465e-11 7.24262e-11 1.6869e-11  4.9915e-07 -9.84355e-07 -5.63764e-08  -3.98516e-11 6.19213e-12 1.02686e-11  -1.95025e-09 -6.47893e-09 -1.30069e-10  -5.63982e-09 -1.10476e-08 4.97382e-11  -3.61628e-09 -1.25385e-08 -3.1277e-10  -2.00468e-10 6.91654e-10 -1.30047e-11  -5.28483e-08 5.28841e-07 -7.00766e-09  -1.01593e-07 4.12207e-07 -1.47939e-08  8.21149e-11 -1.28023e-10 7.08347e-12  8.68902e-10 5.18642e-10 -1.94707e-11  1.05146e-09 5.56279e-10 -2.98232e-11  -5.82559e-07 9.05355e-07 -4.18377e-09  -8.56282e-07 4.97029e-07 -2.58862e-08  -8.27812e-07 6.63451e-07 1.0623e-08  -9.55376e-11 -7.67044e-12 8.52603e-12  1.37658e-11 -5.87939e-12 1.74103e-12  1.68877e-10 -4.76164e-10 -2.43629e-11  8.29514e-11 -2.96163e-10 -5.58005e-12  -1.10894e-09 -5.03965e-10 -3.57112e-11  -6.70213e-10 -4.51918e-10 -2.90123e-11  2.71158e-10 4.15797e-10 -3.20865e-11  1.00225e-10 2.70672e-10 -1.08209e-11  5.87012e-11 1.22146e-10 -7.0927e-12  2.08495e-10 3.17212e-10 1.68829e-11  1.53256e-10 2.09928e-10 -1.36777e-12  3.88705e-10 3.56528e-10 3.24753e-11  1.1191e-09 -3.63846e-10 -5.00384e-12  1.85739e-09 6.58919e-12 -2.33783e-11  -2.34326e-10 1.31429e-10 8.29992e-12  -3.21123e-10 2.22586e-10 4.30211e-13  -2.67383e-10 1.33119e-10 5.50697e-12  -5.93814e-11 1.1828e-10 1.67341e-11  -2.03458e-07 1.00428e-06 -1.40604e-08  2.19844e-10 1.3572e-10 1.91325e-11  -1.51605e-09 1.02751e-09 -4.32979e-11  -2.3979e-09 3.08981e-09 -1.50766e-10  -1.29645e-09 2.1409e-09 1.43738e-11  1.53591e-07 2.23739e-07 1.23329e-08  5.50165e-07 7.77234e-07 -3.61928e-08  1.91636e-11 -3.83855e-11 1.2266e-11  -5.79177e-11 -1.01538e-10 -2.20484e-12  6.46682e-12 -1.54019e-09 -6.13371e-11  4.08837e-10 -1.93493e-09 5.60446e-11  3.28288e-10 -1.98297e-09 1.426e-11  -1.65357e-07 1.23064e-06 -9.38537e-09  2.98354e-07 -2.57606e-07 -2.67451e-10  1.7538e-07 -1.39693e-07 -1.19861e-08  1.80676e-07 -2.13003e-07 -1.76106e-08  9.76501e-12 -1.53503e-11 4.82101e-12  -2.71899e-08 -2.59281e-08 8.27797e-10  -2.71994e-08 -1.48252e-08 -2.15198e-09  2.09642e-10 9.09132e-11 2.27468e-13  -1.4537e-10 -6.36064e-10 -9.38413e-13  4.5175e-11 -4.36909e-10 6.80451e-13  -5.58636e-11 -4.9362e-10 4.97292e-12  -1.76455e-10 -4.44383e-11 -9.14321e-12  -7.83578e-10 -2.85717e-10 -2.84914e-11  -5.16985e-10 -8.04837e-11 -4.36703e-12  1.3001e-10 -1.94026e-10 9.31666e-12  3.16811e-10 -1.66254e-10 -1.69032e-11  1.60719e-11 -7.3218e-12 -1.26723e-11  -3.28629e-11 1.37725e-11 3.23818e-12  -8.26779e-08 -9.97003e-07 -1.6867e-08  4.51829e-11 -1.22664e-10 -1.4197e-11  -3.84055e-07 6.10054e-07 3.66131e-08  -2.40387e-07 2.0166e-07 4.28682e-09  -3.31667e-11 2.80958e-10 -3.80865e-12  -1.69942e-11 7.67128e-11 -3.2839e-12  2.69081e-08 -1.53552e-08 -1.40663e-09  3.33393e-08 -3.61535e-08 7.27496e-10  -8.49421e-07 6.07289e-07 -2.71495e-08  8.61565e-10 -8.56083e-09 -3.85925e-10  4.12785e-11 -5.80595e-11 1.9731e-12  -2.25572e-11 4.34896e-10 9.45482e-12  -5.17726e-07 -1.79727e-07 -5.30171e-08  -1.11405e-06 -1.77885e-07 -1.25456e-07  3.6346e-09 4.40572e-09 -9.33697e-11  3.19927e-09 6.20857e-09 -2.97192e-10  4.20582e-09 6.3806e-09 2.38935e-10  -6.8646e-11 9.67056e-12 1.29946e-11  -6.8857e-11 -1.25267e-10 -9.66878e-12  2.74729e-10 9.41493e-11 1.62818e-11  4.56281e-10 2.40988e-10 1.16326e-11  2.04557e-10 5.25869e-11 -7.21243e-12  -1.68278e-12 1.80003e-11 -1.15676e-12  1.45912e-10 1.82748e-10 7.52248e-12  1.57792e-10 1.50496e-10 -1.95843e-12  -4.43504e-12 7.58994e-14 -2.51521e-12  2.24649e-10 3.93344e-10 1.05882e-11  1.10719e-09 -4.78039e-09 -2.94982e-10  2.34511e-09 -6.56752e-09 -1.22118e-10  -9.44048e-08 1.06788e-06 4.76106e-09  9.8439e-11 -9.26093e-11 9.38227e-12  1.96051e-10 -2.26629e-10 6.36088e-12  -3.26063e-09 1.19592e-09 -1.55271e-10  -2.27575e-09 4.65136e-10 -4.62992e-12  2.01354e-07 2.31948e-07 -1.20134e-08  -8.43765e-11 7.62088e-11 -6.51667e-12  -6.00158e-11 1.02809e-10 -2.52942e-12  -1.43232e-11 2.02385e-12 1.83369e-12  1.36273e-11 -4.36733e-12 -2.02996e-12  -2.59812e-07 -2.5714e-07 -4.53225e-09  -2.38258e-07 -2.90211e-07 -4.76767e-09  -1.16049e-07 1.25269e-06 4.22581e-08  2.49834e-10 2.13045e-11 -1.17695e-13  -5.58925e-11 2.1086e-11 1.66648e-11  -1.11866e-10 2.44596e-10 -1.36233e-11  -6.17534e-07 7.92528e-07 -3.91722e-08  3.61895e-10 -2.81522e-10 -1.53249e-11  4.20266e-11 3.32464e-10 2.52299e-13  5.36624e-11 2.48805e-10 -7.75317e-12  -4.29858e-11 6.20857e-11 5.94588e-12  -8.82142e-11 1.86391e-10 -5.24435e-12  9.06808e-11 2.45322e-11 5.19517e-14  9.97574e-09 -2.34268e-09 -6.27879e-10  -3.17406e-07 -5.3797e-07 -5.73601e-08  2.63969e-07 4.02513e-07 -6.13418e-09  7.09593e-11 -2.78317e-11 1.26931e-12  -1.79578e-09 -1.69691e-09 -2.31204e-12  -1.29892e-09 -1.10101e-09 -9.51438e-12  -7.9143e-08 -1.44984e-07 9.63848e-09  -1.94876e-07 -2.30966e-07 -1.44152e-08  5.11732e-11 -3.62053e-10 -1.35443e-11  -4.07454e-09 -1.05609e-09 -1.39387e-10  -3.09728e-09 -2.89402e-10 -1.35283e-10  -5.52375e-09 -1.9132e-09 -3.3403e-11  -7.42877e-07 1.90284e-08 -2.06539e-08  1.95727e-10 5.03724e-10 1.5418e-11  2.13701e-10 6.92435e-10 -6.9886e-13  5.73734e-11 5.09578e-10 -8.86835e-12  -3.67665e-10 6.26777e-10 2.85319e-11  3.62385e-10 2.651e-11 4.83854e-12  2.94329e-10 -3.70077e-11 -3.75854e-12  1.80646e-10 -4.31635e-11 1.37499e-11  -1.39627e-07 5.9343e-08 1.52427e-08  1.43703e-08 3.34715e-09 -3.12805e-10  1.14898e-08 -8.75809e-09 -6.9152e-11  6.34251e-09 -6.12109e-09 -2.43758e-10  -4.42764e-11 -4.17991e-12 4.43353e-12  -6.34347e-11 -5.95565e-13 -4.98449e-13  2.62308e-10 2.39076e-10 9.65236e-13  2.59683e-11 3.11575e-11 2.84503e-12  1.78247e-10 5.03635e-10 -2.45053e-11  1.38925e-08 -1.39274e-08 -6.446e-10  9.71154e-08 4.07109e-07 -1.17021e-08  -1.16647e-09 -2.74099e-08 -8.64182e-10  -1.85402e-09 -1.24014e-08 -1.57879e-09  -2.78472e-11 2.81327e-11 -2.88363e-13  1.31772e-10 2.78659e-10 -2.1552e-11  2.74742e-10 3.3255e-10 -2.51452e-11  6.02279e-10 5.48185e-10 -2.16668e-11  4.41738e-10 1.61537e-10 5.73943e-12  1.75836e-10 -1.11724e-10 9.26471e-12  1.58997e-08 2.77755e-08 -2.03342e-09  -3.10263e-11 -5.10759e-11 1.01994e-11  -2.21019e-11 4.81418e-11 -9.6537e-12  -5.46596e-11 5.68867e-11 7.11578e-13  -3.14886e-11 6.12345e-11 6.3847e-12  -2.7769e-10 -4.06006e-09 -7.15656e-11  1.60366e-10 4.04324e-11 -4.46118e-12  2.08259e-10 6.46937e-11 -7.58283e-12  -1.53189e-09 -1.94145e-09 -6.48232e-11  -8.35836e-10 -2.56827e-09 -2.37148e-10  -1.43591e-09 -2.49831e-09 1.01034e-10  -1.26164e-10 1.54997e-10 -2.27003e-12  7.13919e-08 1.00204e-07 -3.30016e-09  3.78824e-09 9.80341e-09 2.6227e-10  -4.56935e-10 1.20085e-10 3.87377e-11  -2.87715e-10 1.19927e-10 6.93431e-12  1.63404e-10 1.47864e-10 5.13718e-12  -1.34455e-12 -4.16845e-12 -6.1449e-12  -1.10404e-09 -1.38506e-10 -5.4664e-11  -1.57205e-09 -5.08721e-10 -3.80933e-11  2.36937e-08 1.71728e-07 -2.95908e-08  -4.61508e-11 2.78294e-10 -5.93796e-13  -5.4847e-11 3.75051e-10 -9.83489e-12  -1.61529e-10 -1.06335e-11 8.0244e-12  -1.34078e-10 9.23978e-12 1.15303e-11  4.00085e-07 2.65912e-07 -1.83838e-08  5.53101e-10 9.12552e-10 2.73241e-11  2.40066e-08 2.54313e-08 -3.70683e-10  4.9466e-08 4.28751e-08 -1.02461e-09  5.04875e-10 5.46748e-10 1.45205e-11  1.74014e-10 2.60933e-10 1.45082e-12  -1.3784e-08 -3.90272e-09 -1.07566e-10  -2.42667e-08 -2.22248e-09 -1.01574e-09  3.68505e-10 2.71275e-10 1.50843e-11  2.20095e-10 -5.99202e-11 -1.9282e-11  -2.70019e-07 4.13362e-08 -1.62245e-08  -5.48013e-07 2.16808e-07 1.23275e-09  -1.78806e-09 1.44919e-09 -5.13727e-11  1.80115e-07 1.27163e-07 2.25845e-09  4.40957e-10 4.30947e-10 1.35893e-11  -3.16721e-08 -3.08464e-08 -2.42048e-09  6.84402e-07 1.19877e-07 -3.35818e-08  5.93259e-07 -2.0899e-08 6.08123e-09  6.18412e-10 2.03968e-10 3.01046e-11  4.1085e-10 2.46504e-11 -1.88144e-11  3.76121e-10 1.00925e-10 -4.27582e-12  3.801e-11 4.8129e-10 -1.58777e-11  -3.95484e-08 7.898e-08 -6.2755e-09  -8.34027e-11 -1.97621e-10 -6.50085e-12  4.77794e-11 5.62401e-11 -4.50675e-12  -2.13575e-08 -3.24405e-08 2.68049e-10  -1.97959e-10 -1.83092e-08 2.29524e-10  -1.75495e-08 8.16886e-07 -2.58478e-08  -1.63124e-08 7.20716e-09 -6.21513e-10  -1.69873e-08 1.0141e-08 -1.04162e-09  2.31238e-10 4.60873e-11 -5.57717e-12  -6.23834e-11 2.41814e-11 5.55726e-12  -5.65381e-07 5.82692e-07 -1.13537e-08  -7.2426e-07 9.41933e-07 -3.86576e-08  4.67666e-08 5.63612e-08 7.30441e-10  7.12948e-12 -2.20494e-11 -2.39314e-13  -1.0992e-10 2.55819e-10 -1.3952e-12  -1.93361e-11 8.95961e-11 -2.68352e-12  1.33743e-11 -7.51299e-11 1.41543e-12  -6.42363e-12 1.4554e-11 4.60116e-12  -2.4058e-11 -1.05584e-10 -2.12777e-13  2.74521e-11 -3.29159e-11 -6.98647e-12  -5.80391e-11 2.94846e-10 2.43345e-12  7.6664e-08 5.83842e-08 1.05283e-09  1.469e-06 1.48504e-07 4.21827e-08  -6.55732e-09 2.25887e-07 9.09599e-10  -1.22993e-10 -1.38196e-10 2.44865e-12  8.09681e-10 2.05054e-10 2.48077e-11  -5.16539e-11 -1.57457e-10 3.22513e-12  1.05408e-10 -5.60816e-11 9.6919e-14  4.65171e-11 -2.55521e-11 5.37379e-12  3.17892e-08 -2.1829e-10 -1.31855e-09  1.93175e-10 8.13669e-11 -1.67017e-11  8.38542e-11 5.65537e-11 4.03417e-13  9.06117e-12 5.15726e-12 -2.57684e-13  4.17695e-10 -1.94864e-10 -7.49443e-12  5.88936e-10 -1.8694e-10 -2.47733e-11  -1.15807e-10 2.43318e-11 5.59035e-12  -1.09274e-10 2.29965e-11 5.79323e-13  -2.06903e-10 7.82138e-11 1.13634e-11  -1.06588e-09 3.63758e-09 2.23746e-10  -3.21908e-10 2.6111e-09 2.88117e-11  -1.41096e-12 -4.26399e-10 1.32817e-11  2.85662e-08 -1.85851e-07 -2.78678e-09  4.89048e-08 -2.6084e-07 -1.13425e-08  5.28715e-08 -1.57813e-07 -8.1658e-09  2.10281e-07 5.20644e-07 -1.13476e-09  3.19051e-10 2.76623e-10 -1.17412e-11  -4.43919e-07 5.57866e-07 5.69694e-09  -1.46203e-07 -1.16077e-07 -8.11706e-09  -3.58678e-07 -2.59104e-07 1.62564e-08  1.59646e-11 5.03517e-12 2.28182e-16  -1.06937e-10 5.06133e-09 -6.7266e-11  -2.27281e-09 -1.19667e-09 4.32511e-13  1.51181e-07 2.21629e-07 -5.61679e-10  2.08018e-11 -5.12072e-13 3.45452e-12  -3.06099e-10 1.85086e-10 -2.54857e-11  -3.55781e-10 -5.45223e-10 -7.46287e-12  -2.82202e-08 -7.39316e-08 -3.49732e-09  -3.71882e-08 -8.40299e-08 -1.84236e-09  -1.22307e-10 1.50371e-09 -8.94921e-11  -2.84365e-10 6.67662e-10 1.92993e-12  -8.92671e-11 8.17437e-10 -5.03343e-12  5.89789e-11 3.29514e-11 1.67803e-11  1.24329e-07 4.22926e-08 -3.03396e-09  2.15827e-10 5.22782e-11 3.12155e-12  -6.88514e-10 -6.44891e-10 3.3155e-11  -4.13348e-10 -5.99345e-10 3.60465e-11  1.11136e-09 -3.82051e-10 -8.19803e-11  1.32485e-09 -1.93179e-10 -2.40746e-11  3.80067e-10 8.98205e-11 -2.55219e-12  9.54426e-10 1.60453e-09 -1.40092e-11  4.13518e-07 1.85521e-07 -2.10924e-08  4.62053e-07 1.0319e-07 1.46419e-08  -2.0669e-08 1.22748e-08 -1.2658e-09  -1.52014e-08 1.57123e-08 2.3048e-10  -2.47046e-08 2.19191e-08 4.63625e-10  -5.96109e-10 1.24845e-09 -2.07114e-11  1.57312e-10 -1.73511e-07 -4.74194e-09  -3.1361e-11 -3.77303e-11 9.01387e-12  -7.28761e-10 -7.15355e-10 3.25495e-11  -1.96836e-09 4.88314e-09 1.43951e-10  2.43774e-10 6.46603e-11 -9.5792e-12  2.49595e-10 9.61274e-13 3.78743e-12  2.18992e-08 2.4363e-08 -2.54674e-09  -1.53231e-08 3.18482e-10 -3.00271e-10  -1.43841e-08 8.89227e-07 -1.79009e-09  -7.02012e-11 -8.24405e-11 -1.21776e-11  -5.75746e-11 -6.59091e-11 -9.05792e-12  2.74362e-11 -1.31275e-11 4.96923e-12  -5.22142e-07 -5.41437e-07 -1.16721e-09  1.56992e-09 8.76588e-10 -1.12795e-10  2.30623e-09 6.08288e-10 -1.17846e-10  -2.43289e-07 1.35729e-07 -1.58516e-09  -1.31835e-09 7.76278e-10 -7.37368e-11  2.07549e-08 -3.76715e-08 5.59458e-10  4.28722e-08 -1.15409e-07 -5.67253e-09  -9.61245e-10 2.65857e-09 5.04627e-11  -2.58304e-10 1.78646e-10 2.16985e-13  -3.00118e-10 3.35821e-10 -6.16318e-12  -5.53626e-08 1.02643e-07 -6.5493e-09  -8.49307e-09 -1.74595e-08 -6.18032e-10  -3.60803e-11 4.73189e-10 -6.17588e-12  9.21927e-11 2.89207e-10 -8.42094e-12  1.49084e-10 3.2859e-10 -1.11253e-11  -5.03515e-10 5.52668e-11 1.75421e-11  1.3444e-08 -8.193e-09 5.53679e-10  2.03545e-08 -7.71944e-09 -1.2035e-09  4.222e-08 -1.79468e-08 -3.5653e-10  3.23118e-10 9.32162e-11 6.27359e-12  -4.74558e-11 -1.02711e-10 -4.59645e-12  -3.30089e-12 -4.27761e-11 -8.39801e-12  -5.36425e-11 -2.27083e-10 -1.33061e-11  5.43205e-10 8.14845e-10 -9.40172e-12  3.36855e-10 9.23823e-10 -1.6609e-11  -4.29906e-07 -9.54516e-08 -1.97811e-08  -1.68065e-07 -2.59311e-08 -3.1971e-09  -1.66417e-08 -6.70191e-08 3.07937e-09  -3.80382e-08 1.1997e-08 -1.48405e-09  1.69721e-10 3.23901e-11 -1.80115e-12  -9.81622e-08 6.06e-08 9.64329e-10  -2.02276e-10 5.73019e-12 3.4056e-12  4.19167e-09 -1.55543e-09 -1.27509e-10  4.15585e-10 -5.50749e-10 2.03551e-11  2.81353e-10 -6.38293e-10 -3.0358e-11  2.98074e-07 2.31007e-07 -1.53649e-09  4.49768e-07 3.62281e-07 -4.24808e-09  7.52736e-07 3.79831e-07 -3.16087e-08  4.69436e-11 3.10117e-10 7.0122e-12  -1.08254e-07 -1.11775e-07 -1.99731e-09  2.76773e-08 1.93898e-07 -7.72881e-09  1.28464e-10 1.52626e-12 6.54852e-12  1.88793e-10 -1.50436e-11 -1.09403e-11  8.02064e-11 -1.58432e-11 -9.34642e-13  9.77132e-07 1.12675e-06 1.79512e-08  -8.38777e-08 -9.94968e-08 -1.75531e-09  -1.00738e-07 -6.60332e-08 -2.49727e-09  -3.16557e-10 7.50662e-10 -5.81836e-12  -1.34721e-10 4.15403e-10 -2.55183e-11  1.86516e-11 -1.86917e-10 -3.88877e-12  3.17876e-11 -5.99509e-11 1.69279e-12  8.00071e-09 6.50957e-09 -2.07717e-10  1.3714e-08 1.16393e-08 8.99913e-11  3.33317e-09 2.54786e-09 2.57417e-10  6.07495e-09 3.28354e-09 -4.65755e-11  -3.57494e-08 1.66531e-07 1.12403e-09  -3.0731e-08 3.95102e-07 -3.4258e-09  -1.7017e-09 2.04616e-08 -1.3213e-09  -2.81249e-09 2.08133e-08 -1.26051e-09  -8.13214e-08 2.53685e-08 1.37009e-09  5.30425e-08 3.27864e-07 -4.20446e-10  -1.39397e-09 7.95372e-08 -4.90672e-09  -1.8243e-08 7.50506e-08 4.71008e-09  1.77697e-07 7.05664e-07 -1.23648e-08  7.44621e-11 -5.68511e-11 3.16047e-13  -2.53013e-09 9.76023e-10 -1.88344e-10  2.40984e-09 -1.70716e-09 -7.5973e-11  2.30196e-09 -2.54843e-09 1.52558e-11  1.58321e-09 -1.0537e-09 -4.27097e-11  4.77113e-11 -4.16895e-10 -8.22843e-12  1.6628e-07 -1.87528e-07 7.22162e-09  7.81175e-08 -7.30608e-08 -2.19909e-09  6.18552e-08 -8.99079e-08 5.41271e-09  -1.66335e-08 -4.67129e-09 -1.02492e-09  -1.83051e-10 -4.73947e-12 2.41752e-13  1.10799e-10 2.64747e-10 -1.17719e-11  2.86083e-09 -4.76202e-07 -2.96979e-08  1.04706e-07 -4.56533e-07 -2.58575e-08  3.59359e-11 -3.80516e-12 -2.87233e-12  -2.75213e-11 2.86446e-12 -1.48048e-11  -2.84391e-10 7.34116e-12 -6.57905e-12  -1.79142e-10 2.5111e-11 1.50672e-12  -3.05257e-08 1.51097e-08 -1.03441e-09  1.35898e-07 -9.32114e-08 -1.61792e-08  1.18628e-10 -4.42393e-11 1.41471e-11  -9.08035e-12 -1.41334e-10 -2.14575e-13  -3.02656e-07 1.80282e-08 -1.00135e-09  -1.38929e-07 -2.3439e-08 -5.04535e-09  2.71429e-10 4.01424e-10 -1.09606e-11  -2.71291e-10 5.23631e-11 -2.48303e-12  6.02854e-10 2.74323e-09 -1.27139e-10  -6.16383e-08 -3.8984e-08 -6.25933e-10  -3.48083e-08 -1.18857e-08 9.38442e-10  9.58309e-10 2.88757e-10 -1.22088e-12  -3.66546e-10 -7.59471e-10 3.82249e-12  -2.44049e-10 -2.68054e-10 -1.85611e-11  4.91227e-11 -7.1759e-11 -7.08228e-12  4.13544e-10 1.89623e-10 1.6195e-11  2.13114e-10 -7.92248e-11 -3.01796e-12  2.56175e-10 2.66104e-10 2.18269e-11  2.83232e-10 2.53264e-10 7.92191e-12  -9.55907e-11 -2.60412e-10 -1.11794e-11  -9.12261e-09 -5.7947e-09 -2.4948e-10  -9.11978e-09 -3.05509e-09 -6.21004e-10  -7.42287e-09 -2.84985e-09 3.35273e-11  -2.5987e-08 -1.50645e-07 -5.02435e-09  -1.01613e-08 1.40442e-08 -1.67801e-09  -1.47897e-11 1.71795e-11 -3.26131e-13  -5.14097e-11 2.4083e-11 1.10164e-11  -2.30819e-10 1.37835e-10 5.00003e-12  1.21793e-08 4.56673e-08 -1.58173e-10  1.11717e-09 2.76478e-09 -1.53234e-10  3.94412e-09 1.14028e-09 -1.07482e-10  5.0675e-09 1.9923e-10 -2.22856e-10  7.63928e-08 -9.35557e-08 -2.44075e-09  3.13393e-10 2.10953e-10 2.27207e-11  -2.35782e-08 3.55314e-08 3.18057e-10  -1.58221e-08 3.93877e-08 -2.31725e-09  4.73627e-10 3.47377e-11 -1.74607e-11  -4.12485e-12 4.27963e-12 -3.97988e-12  -1.3302e-07 1.14734e-07 -1.03699e-08  -5.76691e-08 -2.08006e-08 -1.68732e-09  -9.50974e-08 -9.90827e-09 1.7023e-09  3.5913e-08 -8.16348e-09 -1.77151e-09  3.79512e-09 -9.25128e-09 7.14702e-11  4.89248e-09 -8.01045e-09 -4.37341e-10  2.23086e-10 2.04927e-10 -2.40632e-12  -8.09228e-10 2.14899e-10 -6.87153e-11  -1.33163e-09 7.24852e-11 -3.71418e-11  2.89749e-07 -1.43031e-07 -1.81701e-08  -3.39985e-10 1.0835e-10 -4.13161e-12  -4.09984e-11 -2.2975e-10 -3.56414e-12  -1.00725e-09 8.81058e-11 -2.3202e-11  1.45059e-08 1.18271e-08 -1.55164e-09  5.47685e-10 -1.66038e-10 -1.22912e-11  1.62398e-10 -1.01423e-10 1.32516e-12  2.70952e-10 -8.77925e-11 1.46736e-11  1.53909e-09 8.14613e-10 -7.47422e-11  1.23052e-09 2.11614e-10 -2.68994e-12  -3.83354e-10 2.14657e-10 -6.26825e-12  6.14049e-12 1.07056e-11 4.01166e-14  -4.24635e-11 3.77958e-10 -1.40006e-11  3.68756e-10 1.67555e-10 6.699e-12  -1.34001e-09 1.38569e-08 -2.48618e-10  1.57688e-10 5.3994e-11 2.32252e-13  1.76076e-10 8.55052e-11 1.2065e-11  7.14326e-08 3.7239e-08 7.17211e-10  -7.61431e-07 -2.09876e-07 2.38984e-08  2.18158e-10 8.08087e-11 2.60289e-12  2.68207e-10 1.59704e-10 1.12584e-11  -1.401e-07 -9.14559e-08 8.34324e-09  -1.57923e-07 -4.86565e-08 3.09686e-09  1.00952e-10 2.33911e-11 6.28038e-12  -1.48727e-10 4.30855e-11 -3.30037e-12  -2.90521e-09 -4.30029e-09 -4.87549e-10  -2.44255e-09 -2.36486e-09 -1.64872e-10  5.94006e-08 1.54546e-07 -4.6178e-09  9.15772e-12 8.13656e-11 -3.14874e-12  7.84047e-08 3.26833e-07 -5.76199e-09  -4.82488e-10 -5.92458e-09 7.55811e-11  3.08473e-12 1.57266e-11 -2.69595e-12  3.69048e-10 -4.83567e-11 2.06547e-11  -2.06148e-09 -5.75908e-10 -3.65298e-11  1.01737e-08 6.01254e-10 -2.58864e-10  -1.54742e-10 2.21052e-10 -1.6192e-11  -2.91981e-07 -1.55869e-07 -1.0787e-08  -7.74415e-11 4.08045e-10 -3.32301e-11  -3.59313e-10 1.01084e-10 -1.44813e-11  -7.47103e-11 3.74309e-11 -6.34393e-12  -3.39253e-07 -1.65974e-07 -5.05947e-09  1.2529e-09 1.03032e-09 -7.77752e-12  3.06378e-11 9.96978e-12 2.6964e-12  1.45669e-10 -5.55045e-11 -5.10217e-12  -1.58466e-11 1.37352e-11 4.84618e-12  -6.80822e-11 4.96473e-11 6.38455e-12  8.55136e-11 1.95101e-10 -1.13057e-12  2.64576e-11 -2.78904e-11 2.54577e-12  -1.095e-09 2.96124e-10 -4.07118e-11  5.77586e-10 3.44381e-10 -3.49898e-12  1.2651e-10 -6.74061e-11 4.45339e-12  4.52342e-09 1.22922e-07 -5.10943e-09  2.26265e-08 7.97424e-08 -8.02118e-10  -8.55505e-09 2.33823e-08 -7.59291e-10  -9.21207e-09 2.98662e-08 -1.17501e-09  -1.45565e-07 2.4913e-07 -5.07395e-09  -1.10479e-10 3.69913e-11 8.77034e-12  3.57447e-07 1.29283e-07 9.80501e-11  7.98052e-10 1.10207e-08 -5.77697e-10  5.48767e-10 1.38371e-08 -6.55484e-10  2.49703e-09 -2.28792e-09 -5.96912e-11  -2.32381e-11 -1.92683e-10 5.94939e-12  -4.7016e-10 1.34604e-09 -2.25881e-13  -8.57547e-12 4.22542e-10 1.5678e-12  3.13266e-11 -1.83061e-11 -5.96718e-13  -7.03584e-11 2.00788e-10 9.23657e-12  -8.3573e-09 2.36574e-09 -3.12518e-10  -5.11078e-09 9.56569e-09 -2.06291e-10  5.10654e-08 -2.72403e-08 1.0026e-09  1.56222e-10 -5.00567e-10 -1.19418e-11  6.12654e-09 -2.95919e-09 -1.86184e-10  -3.90045e-09 -5.01878e-08 -3.53675e-10  -3.15716e-09 1.28999e-08 -3.63237e-10  4.83554e-09 1.64359e-08 -7.42477e-11  2.0196e-08 -1.5087e-09 1.89459e-10  -5.56955e-10 -1.71727e-09 -8.34651e-11  -2.8741e-10 4.94701e-10 1.73803e-11  3.32997e-09 -2.7047e-09 -1.19341e-10  -3.64892e-10 2.11237e-10 5.3991e-12  -3.53415e-09 3.50987e-10 -1.99217e-11  2.68258e-10 -2.66018e-10 2.34559e-12  1.23914e-10 1.60362e-11 -1.07146e-11  5.24038e-07 6.56252e-07 2.17135e-09  2.82349e-10 9.81166e-11 1.11688e-11  -4.98969e-10 -1.17522e-09 -2.45242e-11  1.80762e-10 5.33646e-10 -2.95472e-11  -1.90841e-09 -9.59508e-10 -1.11387e-10  -2.2813e-09 -1.98616e-09 -7.36411e-11  8.68943e-11 -5.2094e-11 8.34418e-12  3.72575e-09 -4.54765e-10 -6.29349e-11  3.52295e-09 -1.30105e-09 4.8622e-11  3.59061e-09 2.84384e-08 6.31933e-10  1.38202e-10 -1.92534e-10 -1.00242e-11  3.60899e-10 -5.24885e-10 -3.72732e-12  -3.74731e-10 -5.68499e-10 -3.2037e-11  -6.90057e-09 1.40106e-08 -3.34668e-10  -2.8769e-10 5.8466e-08 -1.77005e-09  2.26891e-10 6.78051e-11 -1.08732e-11  8.4362e-12 4.09899e-11 -1.28235e-11  1.01339e-11 -2.28653e-11 -4.09464e-12  -1.18157e-11 -2.22893e-10 -3.53893e-12  5.363e-07 7.40879e-07 -2.44455e-08  5.00074e-07 6.21486e-07 -1.16992e-08  -1.65952e-10 9.11271e-11 -3.73672e-12  2.29645e-11 -4.94737e-12 -3.48857e-12  4.46234e-11 -1.00821e-11 -2.60397e-12  2.18235e-11 4.2577e-10 -4.68533e-13  8.40121e-12 -1.40299e-10 -1.14261e-12  5.12231e-10 5.92982e-11 8.02945e-12  2.94686e-10 9.37005e-12 -4.19734e-12  4.87269e-10 3.14804e-10 -2.04756e-12  -2.18925e-10 -2.316e-09 -2.44932e-11  5.0942e-11 3.97121e-10 -1.22301e-11  -3.15122e-11 1.96208e-10 1.41909e-11  6.05103e-11 1.54249e-11 -1.06457e-12  6.75808e-11 6.63377e-12 -8.17061e-12  -9.41284e-11 3.7917e-11 5.81785e-12  2.66262e-10 2.28866e-09 -2.78303e-11  8.86543e-10 1.72516e-09 2.49753e-11  -1.08127e-08 3.4031e-09 -2.82478e-10  -6.52292e-10 -3.9306e-09 1.77167e-10  -1.55695e-10 -2.13948e-10 -8.76896e-12  -1.22888e-10 -9.64855e-10 4.19757e-12  -1.72209e-10 -1.4304e-09 -3.67833e-11  -8.49303e-11 -1.65314e-10 -5.01197e-12  5.6098e-12 -3.01483e-11 -5.17034e-12  9.99848e-11 2.91866e-10 7.32907e-12  -4.8447e-12 2.60696e-11 -8.03504e-12  1.87367e-08 -1.3942e-09 -3.91967e-10  -4.69919e-09 -2.39544e-09 -9.76304e-11  -2.43007e-10 3.73217e-10 -3.41129e-11  -8.525e-09 -2.6848e-09 1.30341e-10  -7.9484e-09 -5.0579e-09 -1.02081e-10  3.73085e-10 -4.34692e-10 -1.70483e-11  1.19194e-10 -4.32352e-11 -8.05809e-12  -1.2543e-09 -3.82269e-09 1.19215e-10  -1.33161e-09 -2.48253e-09 -7.21562e-11  -1.15259e-07 1.91193e-09 -9.3715e-10  -6.35255e-11 4.05631e-11 -1.304e-11  4.64622e-12 -5.90206e-12 5.32057e-12  1.56706e-10 -7.35158e-11 -4.97762e-12  3.70267e-11 -4.86379e-10 -2.83657e-12  9.33525e-12 -1.13558e-11 -5.49276e-12  2.64348e-08 6.33205e-08 -2.83532e-09  5.95405e-10 9.85063e-12 2.23449e-11  -2.41542e-08 6.40373e-09 -2.08235e-09  1.41846e-09 2.66287e-09 -5.18402e-11  3.35723e-09 4.47939e-10 -1.18956e-10  -2.07743e-07 5.4748e-08 -1.56577e-08  8.64677e-09 1.93479e-09 1.02959e-10  -1.92552e-11 1.27536e-10 -5.6153e-12  2.0454e-11 -1.10023e-10 -7.78962e-12  -4.02471e-10 6.07506e-10 -1.15092e-12  3.55675e-12 8.04819e-12 -6.02083e-12  7.73548e-10 1.68688e-10 2.09023e-11  3.7477e-07 -5.39055e-08 -1.77322e-08  -1.04884e-08 3.39679e-10 3.61039e-10  1.24618e-10 -5.85955e-10 -2.79665e-11  7.69031e-07 -7.13052e-07 -3.2827e-08  1.60962e-11 -9.50544e-12 -2.48232e-12  -6.26316e-12 -6.47608e-11 -6.59493e-12  4.52232e-10 -3.53571e-11 -1.38068e-11  2.89875e-10 5.98e-10 -2.99833e-11  2.76196e-08 2.00526e-08 -2.21209e-09  3.21768e-08 1.55876e-08 -9.10727e-10  -5.18336e-09 -6.09204e-09 -1.8017e-10  -6.14995e-09 -5.71146e-09 -2.60084e-10  1.73851e-10 9.93895e-11 -2.90424e-12  9.24044e-12 -1.25112e-11 -2.7823e-13  1.85709e-10 5.4134e-11 -3.67048e-12  2.31461e-10 6.83606e-11 -2.16795e-12  8.74718e-10 -4.67175e-10 -8.13765e-12  5.70949e-10 -3.88045e-10 -8.4324e-12  4.35047e-10 -2.69359e-10 -6.33357e-12  -8.85854e-10 7.21248e-11 -9.64214e-12  2.23088e-08 -2.71777e-08 -8.78591e-10  2.88135e-07 -1.61863e-07 -1.19691e-08  -2.47607e-09 -1.10308e-11 -2.0062e-10  4.53229e-10 1.99705e-10 -3.86584e-12  -4.45543e-08 2.02215e-07 -1.37144e-08  3.82019e-10 2.52922e-10 -1.50951e-11  1.98287e-12 -9.57238e-12 -8.07794e-12  -9.14872e-10 -7.91203e-11 1.30418e-11  6.68962e-10 2.96325e-10 -2.59468e-11  -1.21817e-08 -2.04274e-09 -5.08965e-10  1.18986e-11 2.62873e-10 3.47088e-12  -8.01485e-08 -5.07818e-08 -1.02059e-09  -7.27296e-08 -1.20435e-07 -2.87204e-09  -5.1712e-11 2.35916e-11 -4.8149e-12  6.75761e-10 2.22066e-11 -4.69241e-11  2.59468e-07 2.3932e-07 -1.23464e-08  8.00177e-11 -1.0578e-12 4.05043e-12  -3.20748e-11 -1.3831e-10 -7.03855e-12  -1.21012e-08 5.22767e-08 -1.83049e-09  3.29336e-10 3.57914e-10 9.91058e-12  3.75867e-10 2.48406e-10 2.53736e-12  7.58859e-09 -3.13347e-09 -7.38897e-11  3.76417e-08 5.85643e-10 -8.49869e-10  8.23142e-08 5.41945e-09 -4.53413e-09  7.67856e-08 2.95699e-08 -2.69465e-09  3.5435e-12 -6.60326e-12 -4.82774e-12  1.14346e-07 -2.30425e-07 -2.36974e-08  7.49123e-08 -2.04796e-07 -7.77872e-10  -4.74329e-10 1.91266e-09 -1.6161e-10  -1.41985e-08 -7.98275e-09 -1.2612e-09  3.0413e-12 -2.91752e-12 4.2974e-12  1.45473e-10 -5.6527e-11 3.29274e-12  -1.65486e-10 2.24267e-09 -2.2833e-11  -2.15266e-08 3.35116e-08 -2.4057e-09  -6.03676e-08 -8.68206e-08 -5.93573e-09  9.54305e-12 -1.92761e-11 -5.8139e-12  3.07509e-10 5.04334e-10 1.33874e-11  4.03019e-09 -1.30007e-08 2.152e-11  8.29695e-11 -9.60991e-11 2.39884e-13  9.09666e-11 -1.3777e-10 -7.765e-12  -8.49166e-10 3.47761e-10 1.54299e-11  2.10868e-07 -6.75712e-09 9.26039e-09  1.24863e-07 -3.2046e-08 3.12328e-09  2.54443e-10 5.24988e-11 -2.81067e-12  1.8599e-10 -4.40182e-10 -1.33005e-11  4.33424e-10 4.33965e-10 -3.16895e-12  -3.96166e-08 -2.97177e-07 9.38471e-09  2.45609e-10 -1.41854e-10 1.42284e-12  1.75833e-08 -2.93275e-08 1.23181e-10  -1.43899e-07 -2.62326e-07 -5.22676e-09  -4.27031e-10 -2.84017e-10 -4.39973e-11  -2.07647e-10 -1.45381e-10 -2.40782e-11  1.27427e-10 -1.18867e-10 -1.18308e-11  4.45787e-09 -2.00059e-10 -1.52685e-10  2.29871e-09 -3.94827e-10 -1.15467e-11  2.76827e-11 -3.01291e-11 3.75374e-12  -7.69881e-10 8.42578e-10 3.47036e-11  -6.4673e-11 8.18621e-11 -4.98867e-12  4.15728e-09 -2.16516e-09 -5.13813e-11  3.24409e-10 1.50768e-09 -7.29352e-11  -4.53698e-07 -3.0417e-07 -1.85503e-08  -7.30118e-12 2.34366e-11 5.27366e-13  -7.76321e-09 -1.03647e-09 1.242e-10  -7.78813e-12 2.31251e-12 -2.6805e-12  1.11017e-09 1.08271e-09 3.98782e-12  -2.86375e-09 5.56891e-09 -1.13012e-10  -1.69128e-09 6.14496e-09 -3.98801e-10  3.50057e-09 -1.33187e-08 5.23557e-11  3.16752e-08 -3.44335e-08 -1.18709e-09  1.05518e-07 -7.8061e-08 -4.95857e-10  -9.75921e-11 6.48217e-10 -1.47515e-12  1.15211e-10 -1.53192e-10 -5.34518e-12  1.19705e-08 -3.38356e-08 -2.39257e-10  6.25586e-11 2.28523e-10 -1.17851e-11  1.63545e-09 1.73147e-09 -2.59384e-11  -7.52007e-11 -2.14034e-10 -1.20003e-11  -2.35524e-11 1.37162e-11 1.32924e-12  1.73281e-10 -4.68157e-10 -5.75125e-12  -3.03378e-09 9.99575e-09 -3.24194e-10  -1.3367e-09 1.2622e-08 -1.03151e-10  -2.63822e-10 -7.47082e-10 -2.40013e-11  7.30318e-11 1.75966e-11 1.42717e-12  9.60995e-10 -2.73442e-09 -9.03019e-11  -8.56053e-08 -2.47455e-08 2.43133e-09  -7.36349e-09 4.25074e-09 -7.82758e-11  -4.00772e-11 8.15773e-11 -7.60076e-12  -3.94179e-11 2.02068e-10 -6.03338e-12  -1.02276e-10 3.71093e-10 -6.27262e-12  3.75342e-09 -4.87965e-09 -2.4676e-11  -8.40842e-13 3.07334e-11 -5.87408e-12  8.03573e-12 5.47028e-10 7.61791e-12  -1.11009e-12 4.78094e-10 5.07109e-12  9.26285e-10 3.74032e-09 1.85753e-10  2.07687e-10 4.20832e-10 -1.04293e-12  6.84282e-11 2.7789e-10 -1.18591e-11  1.37078e-10 -1.84174e-11 -3.57861e-12  6.83373e-11 -5.09616e-11 1.15969e-12  1.04361e-07 2.47232e-08 -7.05311e-10  1.09789e-07 -3.99728e-08 -2.9424e-09  2.67905e-10 -6.01635e-11 -1.74557e-11  1.66446e-10 -2.09423e-11 -1.56118e-11  4.17125e-10 -2.96148e-11 5.29246e-12  -9.64063e-11 8.99533e-11 -4.8686e-12  1.31669e-07 6.97291e-08 1.1208e-08  3.12544e-10 -4.61477e-09 -3.14852e-11  1.449e-09 -1.47798e-07 -8.3685e-10  5.34596e-10 -1.40112e-10 -2.90497e-11  7.25823e-09 2.37775e-09 5.70947e-11  1.16299e-08 -1.78103e-08 -2.30645e-10  -1.54178e-08 -1.73853e-08 -2.62947e-11  3.72984e-11 1.86749e-10 1.64676e-11  4.75514e-10 1.28226e-10 -1.28726e-11  -4.47397e-09 4.99092e-09 -1.47778e-11  1.61097e-11 -6.17131e-12 3.8692e-12  2.43179e-09 3.20179e-09 6.49343e-11  3.81897e-11 -1.05314e-10 -4.44415e-12  1.82765e-12 -1.8713e-12 -3.85983e-12  2.05589e-09 -9.72179e-10 -6.7299e-11  1.45948e-10 1.01247e-10 -1.84381e-12  -8.73873e-10 -5.59425e-10 -2.36887e-11  7.11034e-09 -5.59957e-08 -2.03128e-09  -4.24709e-08 3.50177e-08 1.79672e-10  -2.40734e-10 2.45081e-10 -2.29724e-11  6.43895e-09 3.28007e-09 -3.93861e-10  3.78528e-10 7.54889e-09 -5.3233e-10  1.25812e-10 2.76104e-10 -1.62471e-11  -3.23665e-09 -6.54269e-10 -1.45919e-10  6.67992e-11 3.8078e-10 1.08043e-12  -2.00793e-10 -3.17724e-10 -1.69952e-11  -9.9813e-10 -1.60194e-09 -8.7001e-11  1.08843e-10 3.40454e-10 8.22118e-12  -7.2757e-10 3.01415e-10 -4.16814e-11  -7.64956e-10 4.04519e-10 -7.04952e-12  7.29904e-09 2.8719e-08 -4.91353e-10  7.93458e-11 3.27215e-11 4.83318e-12  3.58315e-11 -9.50476e-12 1.92646e-12  9.98798e-11 1.45439e-10 -2.08688e-12  2.78844e-10 2.39252e-10 -8.33587e-12  5.47375e-11 -1.66795e-11 5.37532e-13  3.73785e-09 1.76443e-09 -1.73423e-10  6.36477e-10 -1.17381e-09 1.40339e-11  9.53662e-10 -9.64604e-10 2.53715e-11  4.13137e-10 2.2699e-10 -3.13703e-11  6.44539e-08 -5.29681e-08 -4.59721e-09  -1.91432e-10 1.14085e-10 -1.07759e-11  9.51777e-11 -1.02592e-09 -1.85274e-11  -1.26686e-10 3.92636e-10 -1.92437e-11  -3.02958e-12 4.42276e-10 -1.33523e-13  8.25834e-10 -5.18473e-11 -1.2736e-11  -2.35847e-07 2.20023e-07 -9.41029e-09  3.90014e-11 -1.07092e-11 4.61948e-12  6.37022e-11 -3.71964e-11 -6.72795e-12  -1.06635e-08 1.03288e-09 -3.00386e-11  -2.74148e-09 -7.17664e-09 3.35132e-10  1.13687e-08 -4.45193e-09 3.35989e-10  1.06905e-11 1.91743e-11 2.69123e-12  7.18318e-09 -1.27279e-09 -1.5696e-11  3.36425e-10 2.94992e-11 -6.67109e-12  3.30388e-10 7.1399e-11 9.8573e-13  4.622e-11 8.44596e-12 1.75984e-13  2.3798e-10 2.89653e-11 -1.29562e-11  5.73414e-10 6.03964e-10 -3.88725e-11  8.15629e-12 3.31268e-11 -8.09779e-12  -2.93664e-11 -1.61718e-10 7.73599e-12  9.00477e-08 -4.59792e-08 2.08718e-09  3.72395e-09 -9.10141e-09 -9.7742e-11  2.41678e-11 6.4483e-11 -1.00222e-11  -4.38838e-09 -4.27906e-08 -8.08324e-10  -5.39183e-10 -5.15903e-12 -1.03655e-11  -1.6114e-10 2.10404e-10 7.94958e-12  1.32217e-10 1.30459e-09 -4.42727e-12  -3.33176e-11 -1.48681e-10 2.845e-12  8.35032e-08 -9.30713e-09 9.57149e-10  7.19453e-08 -1.59859e-08 -2.73315e-09  2.5628e-09 -3.25348e-09 -6.72577e-11  4.68391e-07 -1.0883e-07 -9.74463e-09  3.59067e-08 -7.7284e-08 1.32696e-11  4.79357e-10 -5.37658e-10 -2.79984e-12  -7.544e-09 6.29278e-09 -4.54955e-10  2.97324e-09 2.39982e-09 -1.30921e-10  1.12552e-10 1.23359e-11 -3.79614e-12  2.98274e-10 -8.73953e-10 -4.75146e-11  -4.94043e-09 -2.36265e-09 1.61117e-10  -7.02907e-10 4.0978e-10 -1.20202e-11  -1.14501e-10 3.1703e-10 -2.49028e-12  -7.96819e-11 -6.42752e-12 -2.17244e-11  6.70377e-11 1.70717e-10 -3.74955e-12  7.87457e-11 -5.33307e-12 -8.4269e-12  5.93219e-10 -3.9043e-08 -2.52897e-09  2.32173e-10 4.10218e-10 3.40571e-12  3.31221e-09 -5.06679e-09 1.56165e-10  3.19157e-08 5.00173e-09 -3.63341e-10  5.52095e-13 -8.29721e-12 -5.71072e-12  2.317e-10 -4.34187e-10 -5.12153e-13  -2.47456e-09 2.32177e-09 -1.56893e-10  4.13682e-10 4.47565e-11 1.31366e-11  4.4753e-10 -3.68569e-09 2.54496e-10  -2.42654e-10 -1.9807e-10 -4.20932e-12  
            </DataArray>
            <DataArray type="Float64" Name="Force" NumberOfComponents="3" format="ascii">
               0 0 0  1.80876e-08 7.76873e-09 -6.53858e-10  -1.31639e-06 3.64252e-06 3.60988e-10  -8.43139e-07 1.98416e-06 -9.20925e-11  4.24507e-08 1.63833e-07 -2.14203e-09  3.08077e-08 6.79428e-08 7.31487e-10  5.97612e-05 -0.000229989 -5.12846e-06  -2.13659e-07 2.0525e-06 -5.14557e-09  3.30441e-07 1.73061e-06 1.94569e-08  1.13568e-07 1.87778e-06 6.04714e-09  -3.09497e-08 -7.56187e-08 8.04931e-10  0.000259718 -0.000202408 7.44855e-08  0.000595089 -5.56358e-05 -2.15302e-06  1.17815e-05 3.28025e-05 -8.92886e-10  1.15062e-05 2.04816e-05 -1.31856e-09  2.58617e-05 3.4242e-05 -3.41473e-08  6.11521e-08 7.90145e-08 -3.05403e-09  0.000169348 -0.000180641 7.23137e-06  -8.54512e-10 -2.08318e-07 1.79987e-10  -1.1171e-07 -5.34586e-07 7.11931e-10  4.09948e-08 -8.10348e-07 -1.18388e-08  0 0 0  0.000438853 0.00022183 3.15108e-07  -6.46129e-08 9.49304e-08 4.77444e-10  7.04988e-09 8.02656e-08 4.63151e-10  7.97457e-08 2.26445e-08 9.48752e-10  -4.07653e-08 9.02271e-09 8.93564e-10  0 0 0  -4.74729e-08 5.01374e-08 1.94094e-09  -2.13226e-08 1.83137e-08 -9.43591e-10  0.000373178 0.000355647 2.92157e-06  0.000383251 0.000269273 2.84643e-06  1.56092e-07 3.90379e-07 -4.6486e-09  0 0 0  -0.000112286 0.000231325 7.44992e-06  -9.77241e-05 0.000199164 9.63619e-07  -2.21827e-08 1.23345e-08 -8.0559e-10  -1.41166e-07 2.02911e-07 2.22969e-10  0.000128573 5.47728e-06 1.20714e-07  5.96923e-05 8.55091e-06 5.36463e-08  6.23609e-05 -8.94821e-06 3.52703e-08  -0.000111385 -0.000358689 -1.05259e-07  -4.63304e-05 -0.000303688 1.66584e-06  -1.81487e-07 1.72068e-07 5.6944e-10  -5.73495e-07 6.18786e-07 -1.30286e-08  0 0 0  -1.26825e-06 1.75286e-06 6.22094e-10  -2.78495e-06 2.39443e-06 2.66358e-09  -0.000143311 0.000449118 3.19245e-06  0 0 0  0.000125013 0.000202653 7.11313e-06  -0.000231849 -0.000270641 -1.52723e-07  -0.000176097 -0.000320177 -8.239e-08  0.000129441 0.000112432 5.32322e-06  0 0 0  0.000209262 0.000166627 -2.26742e-07  0.000111984 0.000228112 -5.65649e-06  0.000344048 0.000170054 4.21469e-06  -0.000332983 0.000124792 -3.91738e-07  -0.000100563 5.57911e-05 3.43523e-06  -0.000222031 8.32201e-05 -1.90321e-07  -1.79126e-08 9.85154e-08 1.11514e-09  0 0 0  -0.000198724 -0.000460701 2.19773e-06  0.000179902 -1.613e-05 -4.65036e-07  0 0 0  2.28493e-06 -4.73446e-07 -3.68201e-08  1.29069e-06 2.86901e-07 -5.83983e-10  1.90883e-06 1.43467e-07 -1.8539e-08  0.000143158 0.000150915 -5.51245e-06  -1.37649e-07 -1.84481e-06 5.00032e-10  -1.54187e-07 -5.73157e-06 1.35696e-09  -0.000315625 -0.000367672 3.81818e-06  0 0 0  1.59504e-08 -1.67892e-08 -7.67432e-10  0.000668821 1.3736e-05 1.10972e-06  -9.90951e-05 -0.000483129 4.20344e-06  2.25653e-08 1.21688e-06 1.19459e-11  -1.55536e-07 8.24747e-07 1.1894e-10  -1.05975e-06 1.26534e-06 4.99576e-09  -1.02017e-06 8.60007e-07 -8.12537e-10  0 0 0  -1.22568e-07 2.8455e-07 3.20308e-10  -5.93947e-08 2.84898e-07 4.04858e-10  -1.31266e-05 -0.000249653 7.53404e-06  -1.15035e-07 -9.34103e-08 4.48823e-09  -3.39119e-07 -3.4003e-07 2.46776e-10  0 0 0  -8.47134e-08 3.35611e-08 8.95725e-10  4.79749e-09 -5.95955e-08 5.94088e-10  3.01886e-07 -7.06963e-07 3.5183e-10  3.04149e-07 -3.58336e-07 3.88578e-10  1.53842e-06 8.15487e-07 7.78977e-10  1.64619e-06 3.96724e-06 8.04135e-10  3.20646e-06 5.09852e-06 2.93572e-09  1.24201e-06 1.78377e-06 9.11569e-10  0 0 0  -1.81415e-06 9.82632e-07 1.32229e-09  -1.48461e-06 8.0319e-07 4.73057e-10  -1.89071e-06 4.57711e-07 7.05774e-10  1.91735e-08 -6.56259e-08 6.06657e-10  7.06831e-08 -9.2791e-09 7.79268e-10  6.7664e-05 -0.000336185 6.73057e-06  0.000157339 -0.000241834 1.3792e-06  6.59427e-05 -0.000157537 -2.53537e-08  7.37824e-06 3.08562e-06 2.44541e-09  9.60063e-06 2.0865e-06 4.69792e-09  0 0 0  1.28971e-08 -5.53517e-09 -4.62401e-10  0.000331363 -9.45261e-05 4.77002e-06  -0.000705265 -0.00026068 1.64572e-06  0 0 0  0.00029474 -0.000112756 -4.04214e-07  0.000332339 -0.000192348 1.76147e-08  0.00017082 -0.00012522 7.00061e-07  -0.000650971 -8.99478e-05 -2.77604e-06  -0.00018165 -0.000156868 6.69701e-06  6.49527e-07 3.59507e-07 7.73908e-09  2.8395e-08 2.72922e-07 2.15908e-10  -1.21349e-09 2.42298e-08 -8.08443e-10  3.58848e-08 4.63636e-08 1.67726e-09  1.40416e-08 1.47416e-08 -6.75125e-10  -0.00019571 0.000168685 8.14832e-06  -0.000163537 0.000172242 -4.39568e-06  0 0 0  0.000209212 -9.464e-05 4.86027e-06  0.000393977 -0.000245886 9.44917e-07  -7.35511e-09 -4.75717e-08 1.35027e-09  -7.27198e-05 0.000221576 -1.76605e-06  -3.69165e-05 0.000112032 -9.37165e-07  -2.79932e-05 0.000180226 1.62472e-06  1.24621e-07 -2.34785e-07 3.21915e-10  8.97387e-08 -9.85139e-08 2.94767e-10  -2.53541e-05 2.99693e-05 2.28083e-07  -4.82786e-05 6.67783e-05 -2.17445e-07  -2.31768e-05 5.22627e-05 5.59315e-07  0.000147461 -0.000190469 -5.3104e-06  0.000336055 -0.000168935 3.8791e-06  0.000198047 -0.000464207 1.92576e-06  6.63603e-05 -0.000180762 -5.18496e-06  -2.05783e-05 -6.26829e-05 -4.67108e-07  4.44998e-05 0.000176599 5.72376e-06  -3.14012e-08 3.1987e-09 -1.08912e-09  7.05844e-05 -0.000350644 -4.81453e-07  9.3414e-05 -0.000218897 -2.56533e-07  4.97189e-05 -0.000488252 3.38253e-06  3.21097e-08 -4.43386e-08 4.83939e-10  -0.000244398 2.53471e-05 6.97336e-06  -0.000443402 0.000113378 2.29262e-06  -1.72244e-07 -6.0433e-08 1.30541e-10  -5.1466e-08 -2.52572e-08 -2.77455e-10  7.55361e-05 0.000135842 6.7554e-07  4.77102e-05 9.58376e-05 -5.66222e-07  9.50638e-05 0.000112991 -1.50609e-06  -1.30845e-07 9.08031e-08 -2.02129e-09  1.85556e-08 -1.22062e-07 3.5547e-09  -1.06681e-05 -0.000201583 8.13244e-07  5.79735e-05 -0.000304969 -2.32713e-06  -2.1894e-06 2.40424e-06 2.43931e-09  2.08682e-07 1.35023e-06 -1.3781e-10  0.000272327 -0.000331792 -3.7343e-06  -5.03673e-07 4.16908e-07 4.74831e-09  -3.34611e-05 -9.85496e-05 1.14978e-06  0 0 0  0.00018045 4.99104e-05 4.05519e-06  -6.04566e-09 -2.33982e-08 -7.99604e-10  -3.32798e-08 -8.87882e-08 -2.90194e-09  -3.6121e-05 0.000239845 -5.25799e-06  2.50013e-07 4.03511e-08 1.07092e-09  1.24543e-07 3.90711e-08 -3.89994e-09  -4.50179e-07 -2.40654e-07 -1.15274e-08  -4.57278e-07 -1.8307e-07 1.2523e-10  -1.33852e-06 -2.7999e-07 -6.87087e-09  6.58652e-08 1.05706e-07 3.63462e-09  1.24313e-05 0.000242744 -4.84063e-06  0 0 0  0 0 0  0.000123242 -0.000199044 6.88218e-06  -1.2543e-05 1.05547e-06 1.3147e-07  -1.43402e-05 -2.53111e-06 -1.8652e-07  -1.70035e-05 9.71149e-07 -5.54129e-08  1.3985e-05 -1.96405e-05 1.58742e-08  8.60532e-06 -1.37848e-05 9.84222e-09  -0.000562049 1.94728e-05 -5.20542e-06  1.28181e-07 -5.50324e-08 -4.1816e-09  -3.65314e-07 -5.17397e-07 -8.11585e-09  3.72727e-07 -4.26295e-07 3.5919e-10  1.24059e-07 -1.71936e-07 3.22673e-10  -2.1953e-06 -1.00568e-05 5.79513e-09  -5.18364e-06 -9.26755e-06 1.38412e-08  -1.63781e-06 9.34813e-07 6.31738e-11  0.000166623 0.000449311 2.43512e-06  -3.66181e-07 -6.77011e-08 -1.42644e-10  -0.000161772 6.95659e-05 5.40566e-06  0.000168933 4.86892e-05 2.49849e-07  0.000313744 2.90179e-05 -2.29008e-06  1.67741e-06 -1.05804e-06 -6.87951e-11  9.24167e-07 -8.42554e-07 -2.75338e-11  2.18633e-07 -1.02726e-08 3.59359e-10  4.76863e-07 -4.65787e-08 -4.07744e-09  1.57747e-06 -2.00351e-06 -1.39423e-09  -1.99813e-07 1.63051e-08 9.24246e-10  -7.60552e-08 1.74397e-08 -1.19459e-09  0.000459929 -0.000133859 -3.28226e-06  3.16385e-08 -2.71604e-08 1.18602e-09  -0.000101892 -0.000207977 -3.26919e-06  -7.956e-05 -0.000273486 3.27915e-06  -4.99363e-05 -0.000252244 1.19505e-06  -1.77612e-06 8.9926e-07 -1.01044e-11  -1.01752e-06 2.69089e-07 -7.50647e-12  -1.44177e-06 6.61147e-07 8.04657e-10  5.9647e-05 0.000231053 -5.31561e-06  -1.19656e-06 9.37247e-07 1.22567e-10  -1.96695e-06 8.08297e-07 1.36258e-10  -8.6175e-07 2.28435e-07 -5.41431e-10  -1.24536e-06 2.08673e-09 -3.40517e-10  -1.76825e-06 4.03449e-07 -1.20816e-10  -1.62105e-08 1.16443e-08 3.79029e-10  1.4753e-05 0.000200689 2.06535e-06  -3.16534e-07 -8.6161e-07 1.11983e-08  -3.75597e-07 -5.64037e-07 -1.16059e-09  -1.11526e-07 -1.9948e-07 3.82963e-10  -4.88182e-08 1.89156e-07 -5.74332e-09  -2.7978e-08 6.84477e-08 5.5677e-10  1.93405e-07 -3.28905e-07 -4.95245e-09  3.27511e-07 -6.09731e-07 5.97786e-09  1.28584e-07 -3.77949e-07 -4.74999e-09  -0.00033115 8.66805e-05 -2.19187e-07  9.96376e-08 5.53016e-08 -3.4521e-09  -1.55569e-05 1.9066e-05 -1.64341e-07  -1.76499e-05 1.87675e-05 1.17569e-07  -1.77861e-05 1.52476e-05 -1.66223e-07  1.41344e-06 1.6848e-06 1.88726e-12  9.57856e-07 1.70652e-06 -3.4907e-10  7.48268e-07 2.01394e-06 -2.69039e-10  3.32647e-08 -1.0444e-08 9.90186e-10  -2.16733e-06 -5.63595e-06 5.40185e-10  -1.03021e-09 -2.03562e-08 -6.65827e-10  5.9303e-05 0.00012245 -3.90169e-06  7.29783e-05 0.000243093 -5.34267e-07  -7.57244e-08 -2.05134e-08 -9.96894e-11  -8.04914e-08 -8.302e-08 -3.23447e-09  4.88938e-07 3.0394e-07 3.70035e-10  0 0 0  -4.47771e-05 1.47958e-05 1.41843e-08  -2.39711e-07 -1.3931e-07 9.74411e-10  -3.98484e-08 -2.72035e-08 1.20092e-09  -1.70219e-07 4.02601e-07 4.32911e-10  -2.17026e-07 1.03983e-07 2.38102e-09  0 0 0  -2.22651e-07 6.3325e-08 -1.36631e-09  -1.99013e-08 -1.70777e-08 -7.95767e-10  -1.44159e-06 -1.39745e-06 3.18934e-09  -1.1618e-06 -8.60979e-07 -1.78085e-09  -1.15109e-06 -9.05175e-07 -1.17991e-09  0.000181226 -0.000156007 -5.50043e-06  7.9511e-08 5.7928e-09 8.77562e-10  -4.43299e-07 -3.00407e-07 6.4057e-09  3.99159e-07 8.16802e-07 1.33192e-08  -2.41223e-05 1.25508e-05 3.46266e-07  -1.62144e-05 3.75394e-06 1.53648e-07  -1.93523e-05 1.05649e-05 -1.37996e-07  1.10719e-08 1.77739e-08 -6.94157e-10  1.78942e-06 1.2511e-06 -2.90737e-09  2.39524e-06 9.65614e-07 1.41107e-08  5.77951e-06 -0.000123232 -3.46593e-06  5.5682e-06 -1.69882e-05 7.82382e-09  8.29968e-07 -1.95095e-06 -8.89616e-10  -0.000153106 -0.000312175 -3.28064e-06  -1.12715e-06 -7.92921e-07 -6.56749e-10  -1.22801e-06 -6.61907e-07 7.9553e-11  -2.97474e-08 -3.07191e-08 1.1645e-09  -0.000454016 0.000223856 2.7831e-06  -0.00019569 0.000136303 -5.46319e-06  8.37778e-07 -2.62952e-07 -8.19416e-09  6.83959e-07 9.10611e-10 -6.16095e-09  -0.000551212 -0.000333269 -2.50689e-06  -0.000136727 -0.00011798 -4.77394e-06  -0.000320719 -0.000210239 5.53242e-06  0.000106148 -0.000174516 1.17161e-06  0.000258045 6.88765e-05 2.17805e-06  2.26804e-07 -5.80321e-08 3.66986e-10  -0.000238757 3.71744e-05 -2.92888e-07  -0.000236241 0.000164872 4.65037e-06  2.43235e-06 -3.54343e-07 1.02389e-08  -5.26921e-06 -6.71884e-06 7.18618e-09  -5.07965e-06 -3.76969e-06 -1.93656e-08  -4.21823e-06 -4.32393e-06 2.93305e-09  0 0 0  6.58679e-05 0.000439998 2.38372e-06  -5.67372e-08 1.65644e-06 9.39661e-12  0 0 0  6.95147e-07 -8.65453e-07 3.18838e-11  4.09872e-06 2.12135e-06 1.12165e-09  2.57835e-06 1.48063e-06 2.36362e-09  0.00023779 7.41011e-05 -3.96359e-06  -0.000124374 -0.000200674 -5.28032e-06  1.49827e-06 -2.36373e-06 -9.27486e-11  -8.29301e-08 7.25684e-07 6.17958e-09  8.28253e-06 -0.000174646 5.23033e-06  -8.79742e-05 1.11967e-05 -2.42246e-07  -5.91983e-05 -9.01492e-06 -5.74097e-08  -9.54906e-07 -5.83287e-07 1.44226e-10  -4.96734e-07 -4.96651e-07 3.33352e-11  -1.40939e-06 -8.90838e-07 7.52576e-11  1.44305e-06 -1.00017e-06 1.44085e-10  2.71978e-06 -2.43615e-06 1.67548e-09  1.91615e-06 -1.58168e-06 9.22591e-10  -0.000277217 0.000395357 1.87669e-06  1.57193e-08 -1.09561e-08 -6.45234e-10  0 0 0  2.43054e-07 -9.50397e-07 1.40877e-08  -1.37135e-06 -1.50565e-06 2.05246e-10  -1.65555e-06 -1.27115e-06 1.10087e-10  -9.2478e-07 -5.31554e-07 -2.04495e-11  -2.47503e-06 -9.42212e-07 -8.60163e-11  8.01759e-05 0.000166394 5.29123e-06  -2.33051e-07 -8.56303e-07 2.94509e-10  -9.97802e-07 -3.96582e-07 -1.36861e-09  -1.59945e-06 -4.71746e-07 7.25897e-10  2.09404e-07 2.20324e-07 -1.95445e-09  1.6824e-07 1.4444e-07 -6.61089e-09  3.50164e-07 4.81754e-07 -5.99706e-09  4.19433e-07 -8.61595e-07 -8.66669e-09  8.55732e-07 -1.36662e-06 2.34677e-08  6.04999e-08 3.656e-08 3.97604e-10  5.98497e-07 -4.34606e-06 2.16108e-09  3.3642e-07 1.79867e-06 7.6314e-10  -0.000158218 0.000135782 9.35202e-07  -0.000108426 0.000293231 1.36603e-06  3.4858e-05 -1.60712e-05 1.54836e-08  0.000109489 -2.41366e-05 8.34595e-08  2.71302e-07 2.37074e-06 -6.50709e-09  1.86199e-07 1.84215e-06 -1.08334e-08  2.42676e-06 -7.90045e-08 8.5478e-10  3.14414e-08 2.69984e-08 1.17947e-09  0.000155743 -0.000282426 -1.89462e-07  0 0 0  -5.29988e-07 -2.09183e-06 7.58853e-10  -2.39192e-06 -4.2751e-06 1.74139e-09  -1.21263e-06 -4.05436e-06 2.66842e-09  -2.42318e-07 8.38307e-07 -8.74062e-09  -1.64466e-05 0.00016198 -6.87427e-08  -2.98551e-05 0.000114972 3.69903e-06  1.33873e-07 -1.54697e-07 3.81947e-10  -4.16269e-07 -2.62753e-07 2.22951e-10  -2.29776e-07 -1.195e-07 7.81728e-11  -0.000185637 0.000338217 -9.31643e-08  -0.000177707 9.8449e-05 -5.59826e-06  -0.00014121 0.000121749 -5.61416e-06  -7.9913e-08 -7.28335e-09 -9.19611e-10  8.16855e-08 -5.68697e-08 2.92938e-09  5.41157e-07 -1.47152e-06 -2.3439e-08  4.71944e-07 -1.75193e-06 2.57286e-08  1.01794e-07 4.85942e-08 2.04329e-10  -3.24994e-09 -2.43543e-09 1.17236e-10  -1.02355e-06 -1.61188e-06 2.5803e-10  -4.3156e-07 -1.29693e-06 8.01127e-11  -4.25654e-07 -9.22519e-07 4.08107e-11  -1.13979e-06 -1.80053e-06 -1.10296e-10  -5.9918e-07 -8.6096e-07 1.38499e-10  -1.54793e-06 -1.41731e-06 -2.57638e-10  1.49398e-07 -4.86953e-08 1.41322e-10  3.54095e-07 -6.40998e-09 3.66201e-10  -1.40812e-07 7.67971e-08 5.66331e-09  -3.2944e-07 2.41377e-07 -1.07634e-09  -1.86232e-07 9.96729e-08 -7.23963e-09  0 0 0  -4.89938e-05 0.00018711 -5.78154e-06  1.06939e-07 7.44531e-08 3.78145e-09  -4.58962e-07 3.34552e-07 3.14605e-10  -8.96502e-07 1.18052e-06 6.10163e-10  -3.91448e-07 6.31765e-07 3.09704e-10  0 0 0  0.00010387 0.000167814 -5.33771e-06  2.3846e-08 -4.86138e-08 1.54466e-09  -7.86846e-07 -1.17495e-06 -7.7134e-10  -1.76248e-09 -2.14941e-07 2.65874e-10  7.23583e-08 -3.49347e-07 1.97546e-10  2.32941e-08 -1.15025e-07 3.63231e-10  -4.59042e-05 0.000298758 1.58871e-06  0.000118666 -0.000108386 1.86431e-06  5.09799e-05 -4.24225e-05 2.5259e-08  7.76363e-05 -9.68074e-05 -3.74024e-07  0 0 0  -9.40309e-06 -8.89636e-06 7.63584e-08  -7.50695e-06 -4.23632e-06 -1.37e-07  -2.89138e-06 -1.04433e-06 9.31844e-11  1.63631e-07 7.93081e-07 2.01192e-10  -1.33411e-07 9.40041e-07 1.48374e-10  1.31192e-07 1.07928e-06 1.28347e-10  4.91057e-07 1.8174e-07 7.0282e-11  4.25645e-07 1.33397e-07 3.32875e-10  8.25073e-07 1.45323e-07 1.16074e-10  2.61885e-07 -3.38547e-07 -9.41234e-10  -1.20935e-06 6.26676e-07 1.75622e-10  -7.80795e-07 2.80631e-07 6.21641e-11  -2.35117e-06 1.79162e-06 -9.32599e-10  -1.06619e-05 -0.000201528 -5.75742e-06  5.52401e-07 -1.18744e-06 -1.50469e-08  -0.000176551 0.000280545 3.55182e-07  -0.000110622 9.46049e-05 1.23911e-06  5.06233e-07 -2.10989e-06 2.62736e-10  5.87528e-07 -1.22997e-06 9.38005e-11  9.79987e-06 -6.79537e-06 4.87672e-09  1.08551e-05 -1.157e-05 8.34422e-09  -0.000246789 0.000171151 1.66876e-06  2.2306e-07 -2.25635e-06 7.66762e-10  2.05795e-07 -1.95731e-07 -1.27032e-10  -1.78422e-08 3.52419e-07 -1.1638e-09  -0.000221677 -8.23006e-05 -6.05378e-08  -0.000510003 -6.77283e-05 1.85445e-06  1.58842e-06 1.7232e-06 7.59934e-10  1.00415e-06 1.93794e-06 5.1791e-10  1.303e-06 1.87206e-06 1.00826e-09  0 0 0  1.03355e-06 1.60341e-06 -3.74779e-09  -1.52969e-06 -4.06758e-07 -4.65253e-11  -1.82991e-06 -9.46947e-07 -7.5515e-11  -1.51726e-06 -2.17431e-07 -1.12759e-11  -2.58682e-06 4.78011e-08 -2.24589e-11  -1.63006e-06 -2.17323e-06 -3.09383e-11  1.75948e-06 1.56348e-06 1.26871e-08  2.5356e-06 2.50197e-06 -1.40611e-08  1.56232e-06 2.47071e-06 3.6838e-10  4.03555e-07 -1.7267e-06 6.98784e-10  8.54869e-07 -2.28271e-06 5.65294e-10  -9.22975e-06 0.000185575 -5.41819e-06  3.54962e-07 -2.7409e-07 2.5998e-10  5.44146e-07 -6.18081e-07 8.04152e-09  -9.15152e-07 3.62443e-07 7.30223e-10  -6.69843e-07 1.18586e-07 2.32215e-10  7.36837e-05 8.78871e-05 6.6796e-07  6.24585e-07 -5.67003e-07 3.6908e-11  8.14265e-07 -1.30882e-06 3.35817e-10  9.93687e-08 -6.91616e-08 -3.62712e-09  0 0 0  -0.000110524 -0.00011624 7.04702e-07  -9.5542e-05 -0.000116109 1.71649e-06  -1.10074e-05 0.000224642 7.17641e-06  -2.11805e-06 -9.09807e-08 -9.24539e-11  0 0 0  3.76129e-07 -8.41921e-07 2.66708e-10  -0.000128779 0.000164948 -6.26991e-06  -1.2398e-06 9.95906e-07 2.5483e-10  -2.65441e-07 -1.87823e-06 -2.84805e-10  -3.4716e-07 -1.89039e-06 -1.26095e-09  -1.2259e-06 1.53196e-06 1.20066e-09  -1.00566e-06 2.06699e-06 -4.35562e-09  2.13515e-06 7.37976e-07 6.83466e-10  2.83463e-06 -7.52795e-07 1.60533e-09  -0.000143729 -0.000228609 -2.60104e-06  6.31529e-05 0.000106628 3.33161e-06  1.05301e-07 -4.51873e-08 3.37205e-09  -5.35031e-07 -4.96225e-07 5.77188e-10  -1.88114e-07 -1.59e-07 4.9664e-10  -2.31074e-05 -4.19013e-05 -1.88472e-08  -8.04411e-05 -8.94175e-05 -1.51486e-06  1.49347e-07 -1.03e-06 -9.99606e-09  -1.20067e-06 -2.50449e-07 5.61243e-10  -9.82395e-07 -7.76467e-08 2.09058e-10  -1.64309e-06 -5.53398e-07 7.34324e-10  -0.000407197 1.70074e-05 -4.14225e-06  -4.18282e-07 -1.00601e-06 8.4046e-11  -4.64807e-07 -1.50384e-06 1.53755e-10  -5.62632e-08 -8.82757e-07 1.43249e-10  -3.92343e-07 6.95802e-07 6.69715e-09  2.05082e-06 2.0912e-07 3.02657e-08  2.06889e-06 -3.15464e-07 5.9844e-10  5.78164e-07 -1.56948e-07 5.07663e-09  -6.62766e-05 2.82905e-05 1.10294e-06  5.46734e-06 1.18163e-06 1.43376e-09  3.3727e-06 -2.33782e-06 1.3157e-09  1.74286e-06 -1.72381e-06 7.66056e-10  0 0 0  -2.01096e-06 -9.03253e-08 1.5416e-11  -1.57783e-06 -1.4439e-06 -5.31575e-11  1.73492e-06 2.32549e-06 7.84427e-09  4.4871e-07 1.27312e-06 -1.14993e-08  5.17831e-06 -5.11758e-06 2.62185e-09  5.22055e-05 0.000169184 -1.17481e-06  2.74447e-07 -7.70846e-06 3.08537e-09  -5.90311e-07 -3.63471e-06 6.35249e-10  -6.35247e-07 8.93178e-07 2.82795e-11  -2.51139e-07 -4.37737e-07 1.2768e-10  -7.16596e-07 -9.43109e-07 1.12085e-10  -5.7081e-07 -5.19065e-07 2.51329e-10  9.2075e-07 3.20866e-07 -9.71137e-09  5.08674e-07 -3.16044e-07 3.9983e-10  6.19858e-06 1.12333e-05 6.3981e-09  -2.9242e-08 -4.63273e-08 1.5702e-09  1.29816e-06 -2.45397e-06 -1.3022e-08  1.57795e-06 -1.61888e-06 2.28458e-08  1.43365e-06 -1.88255e-06 -7.6625e-09  -4.32822e-08 -1.50462e-06 5.61752e-10  1.71127e-06 3.33269e-07 -5.69254e-09  1.27797e-06 3.56859e-07 6.92579e-09  -3.28462e-07 -4.15253e-07 5.75019e-10  -2.12886e-07 -6.0695e-07 5.79505e-10  -3.92788e-07 -6.55913e-07 2.71117e-10  -5.06807e-07 5.12369e-07 6.67672e-09  3.08072e-05 4.01872e-05 -3.17401e-08  1.16704e-06 3.35504e-06 1.34124e-09  -1.49217e-07 4.0618e-08 4.07298e-09  -1.24238e-07 5.36787e-08 -3.07032e-09  7.99415e-08 6.86532e-08 -3.19936e-09  -1.4367e-06 -7.43772e-07 8.32729e-10  -1.27616e-07 -2.54241e-08 1.29765e-10  -3.42344e-08 -1.66281e-08 2.80126e-10  0 0 0  2.80407e-07 -1.69595e-06 -6.67077e-10  3.08754e-07 -2.50811e-06 -3.59851e-10  -5.45122e-08 -5.54727e-09 -7.66168e-11  -4.88396e-08 3.3701e-09 -9.1077e-11  0.000146531 8.323e-05 2.06314e-07  -1.43452e-07 -2.19187e-07 1.98673e-10  7.03195e-06 7.94094e-06 3.28682e-09  1.87133e-05 1.50509e-05 1.01741e-08  -1.03721e-06 -1.13377e-06 7.71566e-11  -3.74794e-07 -6.55943e-07 1.05773e-10  -3.80832e-06 -1.08259e-06 -4.72692e-08  -7.69443e-06 -6.72633e-07 4.00826e-08  3.02375e-07 2.35372e-07 5.23684e-10  -9.93147e-07 2.6403e-07 1.69396e-10  -0.000124781 1.24763e-05 1.25668e-06  -0.000241247 9.78665e-05 -1.50061e-06  -2.93387e-07 2.7204e-07 6.34059e-10  8.21206e-05 5.63134e-05 1.33577e-07  -2.24209e-06 -2.11653e-06 1.65712e-10  -1.06896e-05 -1.02916e-05 6.2107e-08  0.000277673 5.77903e-05 -2.66608e-06  0.000293892 -1.36256e-05 -2.68459e-07  -1.42738e-06 -5.51483e-07 2.06644e-10  -1.17143e-06 -5.05556e-08 2.10847e-10  -4.51376e-07 -1.20058e-07 6.82256e-11  -7.18185e-08 -1.17745e-06 1.68074e-10  -1.36029e-05 2.66999e-05 -5.5848e-08  9.13713e-07 2.17058e-06 -8.63747e-10  1.19273e-06 1.98872e-06 8.61982e-10  -7.63525e-06 -1.08691e-05 -3.86553e-08  2.24717e-07 -5.8586e-06 3.08207e-09  1.17437e-07 0.000249559 -3.81254e-07  -5.64175e-06 2.24804e-06 1.05709e-08  -5.05314e-06 3.1906e-06 1.42153e-09  3.51699e-07 5.33563e-08 1.63521e-10  -2.19334e-06 2.85173e-07 -2.8524e-11  -0.00011846 0.000124511 4.70734e-06  -0.000245899 0.000322845 -3.85612e-06  1.95305e-05 2.12651e-05 2.09762e-08  -1.89919e-06 2.66373e-06 5.67039e-10  -5.88844e-07 1.47219e-06 -3.91287e-09  -2.42058e-07 1.26197e-06 1.43339e-08  -2.48114e-07 1.61287e-06 -5.83443e-10  -6.30622e-08 1.618e-06 2.53017e-10  2.81762e-07 2.21848e-06 -4.08841e-10  6.71071e-07 -1.0798e-06 1.55172e-10  3.78822e-07 -1.36086e-06 1.45377e-10  3.03406e-05 2.37685e-05 1.46758e-08  0.000285029 2.81164e-05 -3.66713e-07  -3.19968e-06 8.14596e-05 9.18129e-07  1.80556e-06 1.93361e-06 -4.75317e-09  -2.5638e-07 -5.41778e-08 1.48506e-10  8.89502e-07 2.61959e-06 -2.57983e-09  7.76278e-08 -4.3098e-08 -2.67379e-09  2.83414e-08 -1.57297e-08 9.19059e-10  1.12822e-05 1.27184e-11 4.55462e-09  -2.02569e-06 -6.91092e-07 1.58663e-10  -1.82213e-06 -5.68782e-07 4.49865e-11  -1.80238e-06 -7.79849e-08 1.12579e-10  -6.94466e-07 3.21028e-07 1.30283e-10  -1.02318e-06 2.25505e-07 2.99404e-10  -1.50327e-06 3.05546e-07 1.45242e-10  -1.60985e-06 1.39705e-07 1.67391e-11  -1.58175e-06 5.21976e-07 4.73159e-11  -3.22258e-07 1.23689e-06 2.74725e-10  -7.13728e-08 8.36311e-07 2.59001e-10  -5.33143e-08 -1.16767e-06 2.12566e-09  1.15268e-05 -7.82324e-05 -4.63723e-09  1.62223e-05 -0.000110095 8.65875e-08  2.41637e-05 -6.36699e-05 -2.24603e-08  6.3193e-05 0.000157374 -2.64325e-07  -9.91797e-07 -8.29239e-07 1.6253e-10  -0.00021863 0.000269528 2.56345e-07  -5.34948e-05 -4.13344e-05 3.94695e-09  -0.000165054 -0.000127867 -4.53406e-08  1.9108e-06 -1.97174e-06 -1.97597e-09  -1.03173e-07 2.13603e-06 7.977e-10  -4.7687e-07 -2.6048e-07 4.99486e-10  6.93446e-05 0.000104906 -2.30265e-07  0 0 0  7.85159e-07 -5.17812e-07 2.27687e-10  1.20183e-07 1.77778e-07 1.07838e-10  -9.69799e-06 -2.64706e-05 -9.00604e-09  -1.31383e-05 -3.03036e-05 -2.50765e-07  3.97049e-08 -2.57977e-07 5.24757e-10  2.02298e-07 -4.89612e-07 3.20896e-10  1.04655e-07 -8.37682e-07 3.15292e-10  0 0 0  4.70845e-05 1.57622e-05 9.86703e-09  4.57071e-07 1.17474e-07 3.83193e-10  2.60716e-07 2.69509e-07 2.19652e-10  3.12625e-07 4.05526e-07 1.78467e-10  -4.30162e-07 1.39222e-07 3.09091e-10  -1.00988e-07 1.29932e-08 2.44016e-10  1.17817e-06 2.86429e-07 1.11731e-08  2.43277e-07 3.83189e-07 5.40968e-10  0.000174979 6.37422e-05 1.31377e-07  0.000239251 4.24477e-05 8.12651e-07  -7.49939e-06 4.37854e-06 5.18933e-08  -5.52619e-06 6.11902e-06 5.07089e-09  -8.75228e-06 7.84868e-06 -9.40629e-09  1.86135e-08 -6.07762e-08 3.34679e-10  1.83756e-06 -5.76256e-05 5.1325e-07  -1.28528e-08 -1.65867e-08 -6.51782e-10  1.05416e-07 9.80507e-08 1.26923e-10  -8.35333e-07 1.92326e-06 9.55725e-10  -1.05961e-06 -2.14599e-07 2.17305e-10  -1.80953e-06 2.6219e-08 2.31525e-10  7.57222e-06 8.74712e-06 6.11014e-09  -6.37605e-06 3.43084e-08 -3.25462e-08  8.81496e-06 0.000176336 5.09225e-06  7.12737e-07 9.36854e-07 2.74062e-10  1.21718e-06 9.50492e-07 3.04161e-10  2.75131e-07 -1.5276e-07 -8.71981e-10  -0.000234861 -0.000246873 3.58101e-06  3.44381e-07 2.09976e-07 2.35824e-10  6.29942e-07 1.99374e-07 4.18559e-10  -0.00011674 6.4998e-05 -1.93468e-06  -8.25394e-08 4.17268e-08 3.11274e-10  5.81831e-06 -1.05688e-05 3.18493e-09  1.70035e-05 -4.58319e-05 1.9238e-08  -3.04434e-07 8.33996e-07 5.22035e-10  -1.50187e-06 9.3639e-07 -2.85738e-09  -1.21901e-06 1.26517e-06 2.31694e-09  -1.89725e-05 3.62478e-05 -8.87087e-08  -2.74853e-06 -6.22383e-06 2.66386e-09  9.07305e-08 -1.00941e-06 1.93856e-10  -4.82021e-07 -1.45196e-06 3.40622e-11  -7.75207e-07 -1.88263e-06 4.7572e-10  6.45812e-07 -6.62152e-08 3.02547e-10  4.40249e-06 -2.72257e-06 2.08478e-09  6.82208e-06 -2.4748e-06 3.72039e-09  1.49653e-05 -5.447e-06 8.86184e-09  1.99892e-06 6.49777e-07 1.59398e-08  -8.8139e-07 -1.70509e-06 5.87369e-10  -2.96844e-07 -1.32766e-06 6.4144e-10  -2.40759e-07 -9.20986e-07 8.48833e-09  -3.19415e-07 -5.01601e-07 1.25111e-10  -1.36978e-07 -3.22678e-07 1.01538e-10  -0.000181487 -3.16367e-05 3.59609e-07  -6.62536e-05 -1.02988e-05 -6.74019e-08  -7.66897e-06 -2.49084e-05 7.60358e-07  -1.07433e-05 3.26835e-06 6.87262e-08  -1.63535e-06 -2.09357e-07 3.40607e-11  -2.91278e-05 1.80295e-05 -2.59741e-07  -7.84192e-07 2.34898e-08 -4.05854e-10  1.29779e-06 -3.44936e-07 5.00587e-10  -2.45847e-07 3.45731e-07 1.91738e-10  -2.84614e-07 6.81083e-07 3.094e-10  0.000115333 8.79492e-05 1.52293e-07  0.000140832 0.000116606 -5.76854e-07  0.000354051 0.000173457 -3.41786e-06  -3.39032e-07 -1.83506e-06 3.15579e-11  -4.02894e-05 -4.5099e-05 6.96009e-07  1.01664e-05 7.66454e-05 -1.47313e-07  2.91908e-06 2.48743e-07 -1.50934e-08  1.14793e-06 -5.75758e-08 4.60599e-10  1.65877e-06 -2.84374e-07 1.75428e-08  0.000149328 0.000193798 -4.81624e-06  -3.10723e-05 -3.84885e-05 9.78059e-08  -3.71177e-05 -2.55705e-05 -6.37287e-07  -5.44394e-07 1.33819e-06 -8.3691e-10  -4.92957e-07 1.44006e-06 -4.91679e-09  1.10499e-07 -1.68525e-06 -9.61411e-10  6.37955e-07 -1.36357e-06 -8.86171e-09  3.02119e-06 2.47231e-06 1.67492e-09  4.34211e-06 3.75911e-06 2.26992e-09  9.76292e-07 7.74734e-07 7.68739e-10  2.33134e-06 1.29495e-06 6.45553e-10  -1.75439e-05 7.81701e-05 -2.44418e-08  -1.25707e-05 0.000164911 -2.01753e-06  -3.04901e-07 5.5788e-06 5.5048e-10  -6.16731e-07 6.03217e-06 2.46671e-09  -2.55183e-05 6.77789e-06 -2.08654e-07  2.14038e-05 0.00013818 1.65041e-06  -1.43747e-07 2.87724e-05 4.34654e-08  -6.13443e-06 2.50954e-05 -5.24082e-08  4.90089e-05 0.000283571 3.02595e-06  -2.05632e-06 1.51394e-06 1.76914e-10  -6.27739e-07 1.82318e-07 3.96122e-10  5.79288e-07 -4.0159e-07 3.91242e-10  7.06815e-07 -8.73162e-07 3.60056e-10  3.36458e-07 -2.12877e-07 1.96527e-10  -1.23245e-08 1.44483e-06 1.57753e-10  6.52809e-05 -7.57452e-05 1.74931e-07  2.50906e-05 -2.45883e-05 4.83276e-08  2.03354e-05 -2.81978e-05 5.23352e-08  -4.99145e-06 -1.47804e-06 3.28945e-08  -1.21119e-07 -1.05272e-08 -6.1989e-11  3.28695e-07 9.73097e-07 2.80321e-09  -6.57063e-06 -0.000228859 8.77398e-07  3.69395e-05 -0.000152686 -2.44453e-06  1.55678e-06 9.01093e-07 3.64475e-09  -1.29165e-06 1.87902e-07 9.22843e-11  -4.13301e-07 -1.28662e-09 -6.95493e-11  -2.31539e-07 2.06488e-08 -6.74097e-10  -1.07384e-05 4.9962e-06 -9.89742e-09  4.78451e-05 -3.30772e-05 2.06541e-08  2.11471e-06 -9.32974e-07 3.64578e-08  1.11192e-07 6.77574e-07 5.10299e-11  -0.000110594 5.5523e-06 -3.22813e-08  -5.08886e-05 -7.72156e-06 -3.16991e-08  7.33334e-07 1.16542e-06 -1.31389e-08  -1.84199e-07 1.6192e-08 8.94065e-10  1.86734e-07 9.37741e-07 3.93538e-10  -2.18502e-05 -1.35542e-05 5.37464e-08  -1.15704e-05 -4.36164e-06 1.83532e-07  -7.6661e-08 -2.14242e-08 1.64047e-10  3.66759e-07 7.25904e-07 1.78075e-10  5.10334e-07 5.94752e-07 7.91255e-11  1.73691e-06 -2.14669e-06 1.14629e-08  2.98052e-07 1.27859e-07 -1.02301e-09  1.45639e-06 -6.939e-07 -1.76333e-08  7.45607e-07 7.86803e-07 1.57061e-08  7.70578e-07 7.61556e-07 -1.10776e-08  1.71032e-07 4.94347e-07 1.44153e-10  -2.84676e-06 -1.79162e-06 6.87336e-10  -2.58954e-06 -9.66227e-07 1.40592e-09  -2.12088e-06 -7.81056e-07 -4.10093e-10  -1.16996e-05 -6.23952e-05 -2.18585e-08  -3.16551e-06 4.81638e-06 6.35623e-09  1.83209e-07 -7.85906e-08 5.85613e-09  -2.6417e-06 9.0077e-07 4.44083e-11  -1.90287e-06 1.1978e-06 5.03712e-11  3.99586e-06 1.51078e-05 1.65325e-08  4.71055e-07 1.02051e-06 3.47962e-10  1.27537e-06 3.38717e-07 4.50458e-10  1.73612e-06 7.42414e-08 6.06719e-10  3.06786e-05 -3.61962e-05 5.89882e-08  -1.30071e-06 -9.06373e-07 3.85048e-11  -8.65276e-06 1.21684e-05 4.39359e-08  -5.20426e-06 1.235e-05 4.09404e-08  -6.79564e-07 -1.85518e-08 1.29455e-10  1.84527e-06 -1.09234e-06 5.60741e-11  -5.01714e-05 4.1874e-05 -9.26394e-07  -1.55442e-05 -5.57134e-06 1.56777e-07  -3.46512e-05 -3.08231e-06 -6.54639e-09  1.16667e-05 -2.42276e-06 3.34385e-09  7.57795e-07 -2.20266e-06 1.78063e-09  1.79496e-06 -2.74091e-06 1.66971e-09  2.07267e-06 1.84837e-06 -2.04872e-08  -6.98335e-08 2.02953e-08 1.77494e-10  -1.34341e-07 1.42048e-08 2.41543e-10  9.78673e-05 -5.02171e-05 7.96729e-08  -4.65767e-07 1.28544e-07 -2.25139e-09  -2.25828e-07 -1.25896e-06 1.82739e-08  9.57714e-08 -9.86288e-09 2.12781e-10  5.50142e-06 4.56475e-06 7.55689e-10  2.7078e-06 -8.43332e-07 -8.87874e-10  1.38025e-06 -9.52698e-07 -2.47754e-08  1.11633e-06 -4.75558e-07 1.20121e-08  2.10841e-07 1.0888e-07 3.35248e-10  1.57911e-07 2.81403e-08 1.91384e-10  -1.64556e-06 9.41376e-07 1.30235e-09  6.7632e-07 -2.26813e-06 2.88505e-10  4.59448e-07 -2.88994e-06 7.86341e-11  -1.37819e-06 -5.43373e-07 -7.78652e-11  -4.26989e-07 4.20821e-06 3.02272e-09  1.89682e-06 7.8088e-07 6.96905e-09  1.99328e-06 1.13702e-06 1.26994e-09  2.70887e-05 1.55855e-05 1.69334e-08  -0.000403744 -0.000127279 3.93174e-07  1.82482e-07 5.72405e-08 5.61251e-09  1.72163e-07 9.55781e-08 5.79027e-09  -6.14976e-05 -4.27299e-05 1.14293e-06  -5.68185e-05 -2.09484e-05 -9.60401e-08  -9.225e-07 1.11591e-09 -4.16181e-11  -1.47559e-06 3.00367e-07 -1.85019e-10  -8.96787e-07 -1.46335e-06 8.0383e-10  -9.11371e-07 -8.31581e-07 3.82638e-10  2.96945e-05 6.84496e-05 -2.60508e-07  4.80203e-08 -1.88264e-06 -1.7317e-09  3.76293e-05 0.000141638 8.88939e-07  -1.50457e-07 -2.01309e-06 7.23913e-10  1.18667e-06 -1.09934e-08 1.29774e-09  2.16027e-06 -3.87262e-07 -3.447e-09  -4.83823e-07 -1.29657e-07 3.28323e-10  3.2532e-06 1.07691e-07 1.10625e-09  -6.94046e-07 1.00023e-06 5.27148e-10  -0.000130738 -6.77537e-05 1.68434e-06  -9.68744e-08 6.8091e-07 -6.12403e-10  7.84316e-07 -2.28746e-07 4.57607e-11  1.32485e-06 -5.13189e-07 7.71414e-10  -0.000156827 -6.6928e-05 1.44452e-07  -4.95367e-08 -4.16651e-08 3.79577e-10  1.28855e-06 8.98344e-07 -4.44624e-09  2.17921e-06 -1.08134e-06 1.2949e-08  -1.69069e-06 1.40187e-06 -3.00757e-11  -1.24898e-06 1.09758e-06 6.45083e-11  -5.80967e-07 -1.46691e-06 8.87179e-12  6.97683e-08 -5.98825e-08 -2.73726e-09  1.2372e-07 -3.59353e-08 1.32505e-10  1.61512e-06 8.94261e-07 -1.28925e-08  -2.39603e-06 1.30987e-06 1.96559e-10  3.79267e-07 4.69363e-05 -5.92272e-08  5.80981e-06 2.38869e-05 2.41786e-08  -2.81028e-06 7.91649e-06 3.28508e-09  -2.48593e-06 8.94949e-06 1.36393e-08  -6.38375e-05 0.000105498 2.09704e-07  0 0 0  0.000154545 5.58478e-05 2.02887e-07  4.85259e-07 3.50374e-06 2.12971e-09  1.19432e-07 4.74812e-06 5.02811e-10  7.21057e-07 -6.2543e-07 2.55671e-10  -1.01015e-07 -1.64797e-06 -1.23339e-08  -1.03463e-07 2.26923e-07 3.67098e-10  4.52468e-09 6.75795e-07 4.73937e-10  1.04957e-06 -1.33241e-06 2.01269e-09  8.4226e-07 -1.8588e-06 1.60793e-10  -2.76146e-06 9.32237e-07 1.24792e-09  -2.03553e-06 3.87422e-06 2.94666e-09  2.00506e-05 -1.10577e-05 8.40408e-09  -4.32158e-07 1.32404e-06 1.56012e-10  1.76513e-06 -8.1659e-07 4.43253e-10  -2.34283e-06 -1.63158e-05 -3.83343e-09  -9.7414e-07 4.08052e-06 2.35315e-09  1.55982e-06 4.90698e-06 2.27268e-09  6.4025e-06 -5.71019e-07 4.25224e-09  -8.40067e-08 -2.61512e-07 4.87681e-10  -1.07124e-06 1.79481e-06 2.23439e-09  9.84998e-07 -7.72834e-07 7.70105e-10  -6.38758e-07 3.30958e-07 -9.55012e-11  -1.0828e-06 1.11199e-07 8.58805e-10  9.55172e-07 -9.61548e-07 -1.14598e-09  -1.05226e-06 9.12147e-10 -6.95255e-11  0.000113509 0.000150209 5.75533e-06  2.23511e-06 8.51987e-07 -1.5441e-08  5.07704e-08 1.4378e-07 2.67828e-10  2.28478e-07 8.87863e-07 -9.08557e-09  -4.79466e-07 -2.28511e-07 2.40631e-10  -7.37207e-07 -6.03446e-07 2.33566e-10  2.04792e-06 -1.62245e-06 -1.12268e-08  1.20664e-06 -1.53983e-07 7.11918e-10  1.27108e-06 -5.24614e-07 4.93863e-10  1.42524e-06 1.00038e-05 3.8114e-09  -6.98762e-07 8.73855e-07 2.77134e-10  -6.62514e-07 1.02388e-06 1.52235e-10  5.6265e-08 8.32752e-08 7.50395e-11  -2.33619e-06 4.41956e-06 2.23909e-09  7.08045e-07 1.96969e-05 5.59176e-09  1.26874e-06 3.37965e-07 -3.05407e-10  -6.77809e-08 -1.31921e-06 -2.36623e-09  3.05817e-07 -1.63994e-06 7.79146e-09  -4.421e-08 -2.58613e-06 -1.94657e-08  0.000143778 0.000196714 -2.49946e-06  0.000161478 0.0001953 -6.26337e-07  -1.20518e-06 6.34244e-07 6.64651e-11  -1.012e-06 -1.15248e-06 6.09265e-10  1.24506e-06 -2.86554e-07 2.14814e-10  -5.07144e-08 -2.17614e-06 2.03672e-10  -2.0672e-08 1.86084e-06 -7.72428e-11  1.24136e-06 1.26738e-07 -1.86211e-08  2.19835e-06 2.23686e-07 -3.24473e-08  1.57404e-06 8.7369e-07 2.60428e-08  -3.98649e-08 -5.32483e-07 2.94357e-10  2.95508e-07 1.8602e-06 2.57708e-08  -2.45265e-07 1.75071e-06 -1.04926e-08  1.74994e-06 6.01945e-08 -2.96677e-09  7.97877e-07 6.14106e-08 2.61142e-10  -1.76587e-06 3.84254e-07 -3.22338e-10  7.35921e-08 4.66465e-07 3.50315e-10  5.72916e-08 1.13957e-07 3.8887e-10  -3.26768e-06 9.54334e-07 1.77908e-09  -2.25095e-07 -1.08908e-06 2.53907e-10  1.40998e-06 1.79435e-06 4.75543e-09  5.22101e-08 4.79623e-07 2.46088e-10  1.07711e-08 8.76426e-08 2.5199e-10  -1.13791e-06 -2.22895e-06 -1.45321e-08  -1.22634e-06 -1.50121e-06 -5.85904e-09  2.09587e-07 6.57903e-07 2.28324e-11  -1.16966e-07 2.31289e-06 1.5497e-09  5.7041e-06 -4.9655e-07 3.82886e-09  -1.33184e-06 -8.50221e-07 9.73364e-10  -7.22151e-07 1.07808e-06 -1.40397e-08  -2.79435e-06 -1.02589e-06 9.46754e-10  -2.64227e-06 -1.71405e-06 1.49032e-09  -3.97842e-07 4.45308e-07 1.84077e-10  1.96343e-06 -7.80874e-07 -2.08944e-10  -3.44934e-07 -1.10787e-06 6.15523e-10  -4.22e-07 -8.05293e-07 3.84071e-10  -4.56736e-05 8.61413e-07 4.03162e-07  8.18987e-07 -5.29837e-07 -2.43469e-11  1.07305e-06 9.75724e-07 7.98115e-10  2.01516e-06 -1.04868e-06 -1.36456e-09  -6.6301e-08 1.22691e-06 1.1071e-10  7.13138e-07 -7.24439e-07 3.77006e-10  9.10004e-06 2.06769e-05 7.79526e-09  -4.98434e-07 1.1473e-08 1.54783e-10  -8.35326e-06 2.01198e-06 2.59859e-08  3.89664e-07 7.51193e-07 3.05289e-10  1.1821e-06 1.49493e-07 7.02764e-10  -8.95758e-05 2.43749e-05 -7.52282e-07  2.65278e-06 5.53234e-07 1.966e-09  -2.79824e-07 1.70834e-06 3.44674e-09  6.3014e-07 -2.60525e-06 1.2503e-08  -6.0755e-07 8.6562e-07 1.26566e-08  -2.10446e-06 4.62748e-07 3.76327e-10  -6.69948e-07 -1.52118e-07 2.14619e-10  0.000181104 -3.10906e-05 2.20864e-07  -3.31571e-06 1.01054e-07 1.43443e-09  -7.27623e-08 4.54292e-07 2.26213e-10  0.000327455 -0.000309391 -3.93777e-06  1.69064e-06 -1.429e-06 2.288e-11  3.41989e-07 1.34481e-06 1.52491e-10  1.89107e-06 -9.49144e-08 2.68248e-10  5.4942e-07 1.109e-06 -1.15128e-08  8.94192e-06 6.22831e-06 8.70182e-09  1.09314e-05 4.45704e-06 9.21227e-09  -1.89982e-06 -2.2703e-06 8.75653e-10  -1.8501e-06 -1.9122e-06 1.17162e-09  3.11405e-06 2.37569e-06 -5.5453e-09  -5.6446e-07 -1.12058e-06 1.66914e-08  -1.39932e-06 -2.88155e-07 -1.80764e-10  -2.10143e-06 -7.21916e-07 -2.02559e-10  -5.13175e-07 2.64532e-07 2.41706e-10  -1.50261e-07 1.04179e-07 1.17225e-10  -5.60225e-07 3.88469e-07 1.35671e-10  6.88129e-07 -1.28333e-08 3.67684e-10  7.07327e-06 -8.34254e-06 5.10831e-09  0.000103822 -5.55017e-05 9.56472e-08  -5.48927e-07 -1.9989e-08 8.52435e-10  -2.2909e-06 -8.69594e-07 -1.73051e-10  -1.90785e-05 7.68932e-05 7.72271e-07  -6.31141e-07 -3.81621e-07 2.50865e-10  9.94766e-07 4.71442e-07 1.26142e-10  1.60881e-07 1.28668e-08 1.21079e-10  -5.10369e-07 -2.36338e-07 1.17113e-10  -3.61808e-06 -5.30735e-07 2.42283e-09  -4.40875e-08 -1.8522e-06 -1.20256e-10  -3.0793e-05 -2.01479e-05 2.64362e-07  -2.47165e-05 -4.64035e-05 -4.39013e-07  2.5072e-06 -1.03192e-06 3.76294e-09  -8.64204e-08 -7.50459e-09 1.00857e-10  0.000116868 0.000100017 1.90744e-07  2.18495e-06 -1.04109e-07 -4.10294e-10  3.67468e-07 1.73714e-06 -4.03219e-10  -4.42468e-06 1.65744e-05 2.27142e-10  -8.2234e-07 -9.25156e-07 6.49557e-11  -1.94123e-06 -1.1574e-06 1.03636e-10  2.48435e-06 -1.03761e-06 1.2228e-09  1.3715e-05 4.2991e-07 9.39675e-09  2.86187e-05 3.7006e-06 1.22733e-08  2.83977e-05 1.02969e-05 1.50422e-08  -9.88921e-07 1.86074e-06 -1.35399e-11  5.49939e-05 -0.00010361 -1.45032e-06  4.51653e-05 -0.000103831 7.2266e-07  -5.80781e-08 2.45216e-07 2.6657e-10  -4.30642e-06 -2.4248e-06 1.22073e-08  1.51724e-06 -9.27038e-07 1.30687e-09  2.16299e-06 -8.83255e-07 -1.55625e-09  -4.63113e-08 5.20225e-07 3.01713e-10  -5.95901e-06 1.00901e-05 2.66366e-08  -2.0232e-05 -2.75883e-05 -1.18035e-07  -1.04924e-06 1.16109e-06 -3.3517e-11  8.16147e-07 1.36442e-06 -9.23647e-09  1.16004e-06 -4.17009e-06 8.30091e-10  -9.98434e-07 9.86586e-07 1.39629e-10  -1.04856e-06 1.61722e-06 1.59234e-10  8.54067e-07 -3.53107e-07 5.41932e-10  8.27823e-05 -1.36074e-07 3.31313e-08  4.17404e-05 -1.10732e-05 2.62473e-08  -1.52855e-06 -2.20862e-07 4.78676e-11  -6.15394e-07 1.44575e-06 2.54832e-10  1.22167e-06 1.21585e-06 2.37103e-08  -1.1092e-05 -0.000104583 -2.36158e-08  8.91962e-07 -4.94062e-07 1.05285e-08  5.88863e-06 -1.00246e-05 3.87743e-09  -5.45243e-05 -9.33979e-05 1.25084e-06  7.25604e-07 4.25896e-07 2.46821e-10  6.98919e-07 4.39043e-07 1.92361e-10  8.6453e-07 -7.40686e-07 -1.12588e-08  1.70824e-06 -4.54225e-08 5.13453e-10  7.01193e-07 -1.23154e-07 6.30707e-10  8.15609e-07 -1.32185e-06 1.05359e-10  -3.66757e-09 2.04483e-08 3.43528e-10  9.52092e-07 -1.46067e-06 -2.41536e-08  1.34584e-06 -7.23125e-07 4.34612e-10  -7.80404e-09 -4.42391e-08 4.10136e-10  -0.00022538 -0.000157381 -2.73537e-06  -4.36161e-07 1.5706e-06 -7.87774e-11  -2.54396e-06 -3.67284e-07 1.47126e-09  -1.78119e-06 4.70968e-07 9.46672e-11  2.37157e-07 2.36994e-07 3.58096e-10  -1.32323e-06 2.21364e-06 1.10549e-09  -6.08109e-07 2.30133e-06 1.35582e-09  1.23704e-06 -4.44018e-06 1.67663e-09  8.62813e-06 -8.52869e-06 1.44749e-08  3.81937e-05 -2.88847e-05 2.16528e-08  -2.11559e-07 1.744e-06 7.54222e-09  -1.05962e-06 1.35998e-06 1.57926e-10  3.90988e-06 -1.04787e-05 7.17497e-09  5.06823e-07 1.44977e-06 -1.74562e-08  4.7378e-07 5.41643e-07 3.36152e-10  6.26019e-07 1.70259e-06 2.33736e-10  1.57549e-06 -2.73122e-07 5.88108e-09  -3.57811e-07 1.08682e-06 1.06086e-10  -1.16371e-06 3.31159e-06 1.04858e-09  -4.2183e-07 3.94586e-06 1.74855e-09  1.34916e-07 3.59775e-07 2.14346e-10  -2.65737e-06 -3.23152e-07 9.29246e-12  4.23832e-07 -1.12185e-06 3.82415e-10  -3.56334e-05 -1.07566e-05 -5.0136e-07  -2.22367e-06 1.25428e-06 1.68873e-09  -7.00701e-07 1.42231e-06 -2.24087e-09  6.63924e-07 -2.51507e-06 1.3197e-10  5.30792e-07 -1.83794e-06 -2.91401e-11  1.32608e-06 -1.71452e-06 6.41802e-10  6.97417e-07 1.70179e-06 2.14437e-08  1.38865e-07 1.07776e-06 -1.07711e-08  2.59576e-08 1.45965e-06 -1.79378e-09  2.8242e-07 1.33741e-06 5.22422e-10  -5.71879e-07 -1.07212e-06 -4.67814e-11  -2.53381e-07 -1.19499e-06 6.01109e-11  -3.24676e-06 5.70247e-07 1.29392e-10  1.56996e-06 -1.32954e-06 -2.78496e-08  4.06782e-05 9.03165e-06 2.53534e-08  3.91786e-05 -1.42279e-05 2.36609e-08  1.27933e-06 -3.49746e-07 -1.08544e-08  1.65025e-06 -2.39492e-07 2.63819e-09  1.61204e-06 -8.72297e-08 9.90138e-09  9.68642e-07 -8.71832e-07 1.1348e-08  4.18725e-05 2.12904e-05 3.95579e-08  6.77854e-08 -1.58267e-06 5.99723e-10  -2.93014e-07 -4.95294e-05 -2.27506e-07  -5.3388e-07 1.06953e-07 1.72837e-10  2.5918e-06 5.71675e-07 1.45655e-09  3.35432e-06 -5.52936e-06 2.65635e-09  -4.16516e-06 -4.98218e-06 2.06911e-08  1.02809e-07 3.74496e-07 9.98679e-09  1.82739e-06 4.74132e-07 3.44391e-10  -1.89159e-06 2.06776e-06 8.81631e-10  1.58639e-06 -1.41829e-06 3.94001e-12  9.349e-07 1.22247e-06 7.95347e-10  -8.01381e-07 2.25848e-06 1.35822e-10  3.40214e-07 2.0466e-06 -4.12674e-10  5.66606e-07 -2.43951e-07 5.41569e-10  2.09163e-06 1.46509e-06 2.28519e-08  4.09925e-07 2.60104e-07 2.41287e-10  2.62497e-06 -1.66714e-05 1.79277e-08  -1.43515e-05 1.17064e-05 5.71365e-08  -1.20708e-06 1.11158e-06 -8.44746e-09  2.01201e-06 9.32508e-07 1.17164e-09  1.19173e-07 2.86862e-06 1.64782e-09  9.72651e-07 1.92609e-06 -3.01696e-08  -1.15297e-06 -2.03691e-07 5.03317e-10  -4.75597e-07 -2.36335e-06 8.8975e-11  6.7675e-07 1.09335e-06 1.94558e-10  -6.256e-08 -1.1235e-07 5.5351e-10  -3.68236e-07 -1.11333e-06 4.98006e-11  2.77536e-07 -9.48498e-08 1.04467e-10  1.17366e-07 -6.69206e-08 8.26229e-11  2.7032e-06 1.08889e-05 4.59201e-09  1.75224e-06 6.55238e-07 1.93905e-08  1.03754e-06 -6.84404e-07 8.23803e-09  -1.31673e-06 -2.20468e-06 3.23725e-10  -1.97329e-06 -1.60183e-06 -3.29018e-10  1.53584e-06 -6.67542e-07 1.79848e-08  1.17979e-06 4.84708e-07 6.2006e-10  -6.16032e-08 1.29628e-07 3.30073e-10  -1.91664e-07 1.98358e-07 3.07862e-10  1.72819e-06 9.56113e-07 -2.92644e-08  2.3246e-05 -1.78253e-05 1.31336e-08  -1.38462e-06 7.16293e-07 -1.14329e-10  -1.47438e-08 1.48364e-07 1.85323e-10  9.33506e-07 -2.29275e-06 -2.64316e-09  -3.92396e-08 -2.93703e-06 1.45348e-10  -3.19975e-07 7.70408e-09 1.36181e-10  -0.000103538 9.31909e-05 4.93272e-07  9.78518e-07 -2.85736e-07 -5.54932e-10  -1.869e-06 1.06197e-06 6.71933e-10  -3.10314e-06 3.2031e-07 -9.16398e-10  -9.82666e-07 -2.67198e-06 8.847e-10  3.4969e-06 -1.37149e-06 1.39895e-09  1.04102e-06 1.8348e-06 -8.49222e-10  2.07068e-06 -4.27621e-07 9.18559e-10  1.79029e-06 1.49554e-07 -6.47002e-09  2.3043e-06 6.32852e-07 2.0139e-09  -1.04511e-06 -2.99188e-08 1.16434e-10  2.20796e-06 2.22054e-07 -2.80636e-10  -1.85521e-07 -1.85483e-07 4.69044e-11  3.73051e-07 1.80007e-06 6.3248e-09  -2.3053e-07 -9.77335e-07 -4.88435e-09  3.36076e-05 -1.55057e-05 2.54931e-08  1.21092e-06 -3.00309e-06 7.00708e-10  -4.63732e-07 -1.3771e-06 1.4929e-09  -9.18314e-07 -1.10877e-05 9.64669e-10  1.47446e-06 2.00968e-09 3.42714e-10  8.36029e-07 -9.76886e-07 2.72379e-10  -8.18505e-08 -5.8047e-07 2.08294e-10  -3.8518e-07 -1.46661e-06 4.60042e-09  2.70332e-05 -4.01423e-06 1.48457e-08  2.25439e-05 -2.84636e-06 4.77734e-09  6.76096e-07 -8.37936e-07 2.18715e-10  0.000213387 -6.00113e-05 -1.18131e-06  1.06224e-05 -2.22011e-05 9.21949e-09  -6.94324e-07 7.48522e-07 1.0288e-10  -2.07633e-06 1.87896e-06 1.19954e-09  8.84247e-07 6.91659e-07 1.66686e-10  -1.60775e-06 7.63737e-08 -1.29595e-10  -7.80375e-08 2.80066e-07 2.11416e-10  -1.3734e-06 -7.30908e-07 5.86791e-10  3.88097e-07 -2.59306e-07 3.08103e-10  -8.75429e-07 2.53283e-06 1.15015e-08  9.90467e-07 2.63878e-07 -5.06127e-12  -6.60245e-07 -1.43088e-06 3.01801e-12  8.06411e-07 -8.5148e-08 -1.69561e-10  1.06417e-06 -1.13128e-05 4.44171e-09  -5.16837e-07 -8.43e-07 7.43537e-11  8.09865e-07 -1.52661e-06 7.65441e-10  1.06814e-05 1.58095e-06 4.15808e-09  -2.37831e-07 1.51215e-06 -1.08393e-10  -4.7484e-07 8.99038e-07 8.43775e-11  -8.65969e-07 7.43578e-07 3.36323e-10  1.27312e-06 8.91116e-08 -1.27588e-08  1.54665e-07 -1.18422e-06 4.71204e-10  9.62844e-07 8.26708e-07 7.55113e-11  
            </DataArray>
         </PointData> 
      </Piece>
   </UnstructuredGrid> 
</VTKFile>
