<?xml version="1.0"?>
<VTKFile type="UnstructuredGrid" version="0.1" byte_order="LittleEndian">
   <UnstructuredGrid>
      <Piece NumberOfPoints="1126" NumberOfCells="0" > 
         <Points> 
            <DataArray type="Float64" Name="Position" NumberOfComponents="3" format="ascii"> 
               -0.00460669  -0.00193719  0.048973  
               -0.00456781  -0.00200993  0.0494405  
               0.00160798  -0.00471205  0.037189  
               0.00200235  -0.00457186  0.0356426  
               -0.00139233  -0.00477747  0.0491934  
               -0.00220156  -0.00446538  0.0493789  
               0.00144515  -0.00476144  0.000519076  
               0.00055569  -0.00494527  0.0428234  
               -0.000726652  -0.00492843  0.0430252  
               -0.000329968  -0.0049675  0.0418745  
               0.00212629  0.00450561  0.0493708  
               0.0039017  -0.00308936  0.000931061  
               0.00492654  -0.000745812  0.000639472  
               0.00158607  0.0047187  0.00947666  
               0.00235331  0.00438427  0.0106703  
               0.00305025  0.00393379  0.00917739  
               -0.00328297  -0.00374281  0.0489824  
               0.00362748  -0.00342349  0.000621582  
               -2.70975e-05  0.00499733  0.0489422  
               0.000860549  0.00491524  0.0484703  
               -0.000320539  0.00496843  0.0474879  
               0.00465954  0.00178107  0.000747089  
               0.00446995  0.00219301  0.000660817  
               0.00277785  -0.00415735  0.0494309  
               -0.000541918  -0.00494663  0.0494155  
               -0.00471424  -0.00160076  0.0492902  
               0.00490393  -0.000975452  0.0493445  
               0.00282105  0.00412189  0.000766351  
               0.0031146  -0.00388099  0.0492498  
               0.00374281  -0.00328297  0.0493879  
               0.00346852  0.00359053  0.000640672  
               0.00402934  0.00293383  0.000826627  
               -0.0018087  -0.00465116  0.0485934  
               -0.00170791  0.00468174  0.000893579  
               -0.00218173  0.00447598  0.000661621  
               -0.00216439  0.00448525  0.00251426  
               0.00446538  -0.00220156  0.0493674  
               0.00281927  -0.00412336  0.0489452  
               0.00496479  0.000357461  0.00554857  
               0.00493509  0.000659086  0.00662799  
               0.00495694  -0.000437193  0.00686191  
               -0.0015826  -0.00471975  0.00106305  
               -0.000709477  -0.00493012  0.00153217  
               0.00345094  -0.00360496  0.0487281  
               0.00334747  -0.00368988  0.047679  
               0.00263182  -0.0042354  0.0482347  
               -0.00309965  0.00389326  0.0171823  
               -0.00382784  0.00317936  0.0175693  
               -0.00133353  0.0047953  0.000590372  
               0.00210912  0.00451479  0.00103012  
               0.00242218  0.00434746  0.000712353  
               -0.0031642  -0.00384028  0.00120854  
               -0.00241032  -0.0043538  0.000966192  
               0.00375506  0.00326804  0.00145335  
               0.00459897  0.00195164  0.00206904  
               0.00372093  0.00330962  0.00239369  
               0.00204124  0.00455107  0.000559948  
               0.00446995  0.00219301  0.00123799  
               -0.00465459  0.00179741  0.00292777  
               -0.00439295  0.00233707  0.00193126  
               -0.00470852  0.0016196  0.00198529  
               0.00118389  -0.0048407  0.0494153  
               -0.00177342  0.00466186  0.0491404  
               -0.00200909  -0.00456826  0.000644285  
               0.00496893  -0.000315496  0.00098358  
               0.00498864  0.000115337  0.000617708  
               -0.00491673  0.000845485  0.0382039  
               -0.00490619  -0.000952446  0.0378922  
               -0.00496255  -0.000380251  0.0369558  
               0.00313435  0.00386477  0.000986872  
               -0.000592085  -0.00494168  0.0168272  
               -0.00031728  -0.00496875  0.0155755  
               -0.0031642  -0.00384028  0.000558407  
               -0.00280948  -0.00413139  0.000646067  
               -0.00329239  0.00373508  0.0494205  
               0.00498207  0.000182048  0.00184135  
               -0.00115057  -0.0048508  0.000589541  
               -0.000268126  -0.00497359  0.0312726  
               0.000865782  -0.00491473  0.0316316  
               0.00308673  -0.00390386  0.0408176  
               0.00387264  -0.00312477  0.0414405  
               -0.000709477  -0.00493012  0.000799284  
               0.00181565  -0.00464905  0.0486639  
               0.00118389  -0.0048407  0.0489248  
               -0.000302776  -0.00497018  0.000577366  
               0.00357428  0.00348833  0.04829  
               0.00359097  0.00346798  0.0473824  
               0.00477133  -0.00141256  0.0492505  
               0.00465116  -0.0018087  0.0494652  
               -0.000471224  0.00495359  0.0493952  
               0.0019825  -0.00458247  0.0221109  
               0.00317204  -0.00383385  0.0228372  
               -0.00439147  -0.00233984  0.0305348  
               0.00206269  0.00453961  0.016277  
               0.00276219  0.00416572  0.0150202  
               0.00307496  0.00391352  0.0163742  
               0.00385489  0.0031464  0.0490609  
               -0.00435937  0.0023999  0.0186585  
               -0.00442263  0.00228154  0.0200365  
               -0.00486287  0.00111078  0.0191247  
               -0.00134589  0.00479156  0.049395  
               -0.00494207  0.000588188  0.049335  
               0.00103133  -0.00488698  0.00365727  
               0.00254311  -0.00428282  0.00362288  
               0.0018011  -0.00465347  0.00304545  
               0.00462706  0.00188815  0.0142772  
               0.00490868  0.000927155  0.0132928  
               -0.0046053  0.0019398  0.0490015  
               -0.0046053  0.0019398  0.0494491  
               0.00484535  -0.00116854  0.00133133  
               -0.00458211  -0.00198317  0.0010801  
               0.00289487  0.00406131  0.0493716  
               0.00467538  -0.00172887  0.00378754  
               0.00417103  -0.00275225  0.00202276  
               0.00405424  -0.00290349  0.00362402  
               -0.00493563  -0.000653604  0.000832155  
               -0.00348843  -0.00357419  0.000728813  
               -0.00437404  -0.00237244  0.0472217  
               -0.000541918  -0.00494663  0.0489253  
               0.000325151  -0.00496798  0.0491569  
               -0.00294623  -0.00401917  0.0493798  
               -0.00360496  -0.00345094  0.0494293  
               -0.00389297  0.0031  0.000579026  
               -0.0032683  0.00375485  0.000576398  
               -0.00360435  0.00345168  0.000731285  
               0.00457846  -0.00199001  0.000574555  
               0.00417103  -0.00275225  0.000621103  
               0.000860549  0.00491524  0.049202  
               -0.00152331  0.00473774  0.00335005  
               -0.00160522  0.00471289  0.00473283  
               -0.000806583  0.00492056  0.00403441  
               0.00239643  -0.00436122  0.0232657  
               0.00339592  -0.00365011  0.0238269  
               -0.00315359  0.00384899  0.00830286  
               -0.00291931  0.00404125  0.00692363  
               -0.00191497  0.00461857  0.0071687  
               0.00297872  -0.0039925  0.000825007  
               0.00437494  -0.00237077  0.00108321  
               0.0018581  -0.00463618  0.000619668  
               0.00144515  -0.00476144  0.000926498  
               -0.00138183  -0.00478065  0.00669094  
               0.00122412  0.00482849  0.00156352  
               0.00494871  -0.000520792  0.0492639  
               0.000875595  -0.00491376  0.00130593  
               0.0018581  -0.00463618  0.00194485  
               0.000603286  -0.00494058  0.000660413  
               -0.00294591  0.00401942  0.0492406  
               -0.00492481  0.000763448  0.000801445  
               -0.00478488  0.00136791  0.000685958  
               0.00471124  0.00161066  0.0490532  
               0.00455949  0.0020255  0.0493706  
               0.00241955  0.00434886  0.00489836  
               0.0025034  0.00430405  0.00345401  
               0.0031931  0.00381656  0.0037968  
               0.00401917  -0.00294623  0.0490989  
               -0.000915408  0.00490984  0.0491406  
               -0.000645703  -0.0049364  0.00251569  
               0.000860585  -0.00491524  0.00246484  
               0.00332445  -0.00370876  0.0383299  
               -0.000849478  -0.00491633  0.0472765  
               0.00331297  -0.00371819  0.00144961  
               0.00382785  -0.00317935  0.0467244  
               -0.00147564  -0.00475219  0.00568086  
               0.00477841  0.00138923  0.000960172  
               0.00466416  0.00176587  0.00121653  
               0.00129203  0.00480789  0.0494137  
               0.00171818  0.00467862  0.0489434  
               -0.00091689  0.00490969  0.00051962  
               -0.00493027  -0.00070803  0.0490194  
               -0.00471424  -0.00160076  0.0486558  
               0.00441891  0.00228851  0.0469543  
               0.00462299  0.00190157  0.0480705  
               0.0048885  0.00102629  0.0467781  
               -0.00258575  -0.00426003  0.0490711  
               0.000373196  0.00496324  0.000559487  
               -5.70684e-05  0.00499438  0.000712726  
               0.000297996  0.00497065  0.00103067  
               0.00262539  -0.00423884  0.000587789  
               -0.00495619  0.000444845  0.0116668  
               -0.00490947  -0.000919187  0.0115808  
               -0.00496542  0.000351071  0.0129559  
               0.0027707  -0.00416117  0.00957373  
               0.00257259  -0.00426706  0.0106679  
               -0.00499225  7.87121e-05  0.00110401  
               -0.00460335  0.00194344  0.047883  
               0.00301323  0.00396418  0.0466006  
               -0.00332702  0.00370665  0.0256473  
               -0.00285015  0.00409801  0.0246867  
               -0.00096725  -0.00490473  0.0131268  
               -0.00231659  -0.0044039  0.0129125  
               0.00436277  -0.00239352  0.0324924  
               0.0016379  0.00470298  0.000874665  
               0.00491243  0.000889072  0.0477575  
               -0.00459067  0.00196716  0.00104357  
               0.00483697  0.00119618  0.00170021  
               0.00494627  0.00054548  0.000919325  
               -0.00426307  0.00258005  0.0302056  
               -0.00356471  0.00349998  0.0315334  
               -0.00497969  0.000206226  0.0489112  
               -0.00494207  0.000588188  0.0479497  
               -0.00302921  0.00395106  0.0428455  
               0.00495057  -0.000501827  0.0487881  
               0.00490393  -0.000975452  0.0487715  
               0.00471987  -0.00158219  0.000774727  
               -0.00362087  0.00343155  0.0494498  
               -0.00228905  -0.00441862  0.00424504  
               -0.0015826  -0.00471975  0.00273184  
               -0.000900222  -0.00491134  0.00363452  
               0.00454505  -0.00205252  0.0411614  
               0.0048193  -0.00125444  0.0401778  
               0.00455975  -0.00202501  0.0392656  
               0.00122412  0.00482849  0.000602455  
               0.0040323  -0.00293023  0.0332894  
               0.00453236  -0.00207624  0.0335201  
               0.00482022  -0.00125138  0.0458763  
               0.00499808  1.95244e-05  0.045295  
               0.004858  -0.00112684  0.0443596  
               0.00421134  -0.00267683  0.0243275  
               0.000289553  0.00497148  0.00385996  
               0.00196206  0.0045934  0.0470062  
               0.00289487  0.00406131  0.0482934  
               0.00251873  0.00429585  0.0490596  
               0.00124047  -0.00482353  0.0481088  
               0.00200993  -0.00456781  0.049328  
               -0.00257441  0.00426609  0.0487159  
               -0.00234982  0.00438614  0.0471137  
               -0.00134589  0.00479156  0.0484794  
               -0.00484235  0.00117845  0.00134909  
               -0.0043627  -0.00239366  0.0490104  
               -0.0031449  0.00385612  0.00938227  
               -0.00362814  0.00342269  0.0102447  
               -0.00390128  0.00308988  0.0093047  
               -0.00332028  -0.00371219  0.0310328  
               -0.00210252  -0.00451832  0.0322683  
               -0.00189307  -0.00462557  0.0309241  
               -0.00474136  0.00151137  0.04939  
               -0.00176917  -0.00466316  0.0138002  
               0.000417233  0.00495891  0.0494131  
               0.00187926  0.00462976  0.00167426  
               0.00145379  0.00475883  0.00225138  
               0.0048283  0.00122475  0.0493796  
               0.00323809  0.00377964  0.0490595  
               -0.00427951  -0.0025493  0.0459901  
               0.00465116  -0.0018087  0.0490358  
               -0.00474225  0.00150841  0.00836831  
               0.00435081  0.00241591  0.0489187  
               0.0041362  0.00280362  0.0493723  
               0.00200993  -0.00456781  0.0479998  
               0.00462908  -0.0018815  0.0475827  
               0.00470702  -0.00162458  0.0481034  
               0.00483699  -0.0011961  0.0477954  
               0.00385489  0.0031464  0.049477  
               0.00342822  0.00362361  0.0436348  
               0.00404777  0.00291138  0.0445795  
               0.00392394  0.00306226  0.0457276  
               0.0039017  -0.00308936  0.000521064  
               -0.00496807  -0.000324195  0.0493771  
               0.0041362  0.00280362  0.0479846  
               -0.00220156  -0.00446538  0.0469429  
               -0.00442985  0.00226804  0.00963771  
               -0.00486882  0.00109119  0.0105134  
               -0.00438214  0.0023573  0.0108464  
               -0.00258575  -0.00426003  0.049481  
               -0.00418035  -0.00273481  0.0394671  
               -0.0045236  -0.00209264  0.041254  
               -4.0336e-05  -0.00499603  0.00174019  
               0.00155261  -0.00472885  0.0113523  
               -0.00182918  0.00464495  0.0358232  
               -0.00209369  -0.00452304  0.00189744  
               0.00395503  0.00302438  0.0418706  
               0.00445656  0.00221806  0.0411219  
               0.00357351  0.00348927  0.0493721  
               -0.00439295  0.00233707  0.000639557  
               -0.00417664  0.00274176  0.000527436  
               -0.00475979  0.00145062  0.0462851  
               -0.00498468  -0.000155563  0.0471633  
               -0.00425777  -0.00258998  0.000755944  
               -0.00389718  -0.00309487  0.00108632  
               -0.00427486  -0.00255799  0.00157127  
               0.00258965  -0.00425794  0.0025406  
               0.00490396  0.000975104  0.000617259  
               -0.00486013  0.00111982  0.0490714  
               -0.0049151  0.000862  0.00196025  
               -0.00389297  0.0031  0.00360185  
               -0.00492418  0.000769846  0.044976  
               -0.00316208  -0.00384202  0.0144819  
               -0.00381835  -0.00319092  0.0140847  
               -0.00341081  -0.00363789  0.0154353  
               -0.00388099  -0.0031146  0.0485558  
               0.000803405  0.00492087  0.000874252  
               4.28867e-05  -0.00499578  0.0363621  
               0.00105282  -0.00488046  0.000722787  
               -0.00290687  0.00405147  0.0306249  
               0.00446288  0.00220624  0.0160652  
               0.00431474  0.00248339  0.0150426  
               0.00477841  0.00138923  0.000534007  
               -0.00241032  -0.0043538  0.000537489  
               -0.00271595  0.00419044  0.0331452  
               0.000538396  -0.00494697  0.0473781  
               0.00021372  -0.00497895  0.00108404  
               -0.0049455  0.000553334  0.00737865  
               -0.00493137  -0.000696779  0.00767567  
               0.00410441  0.00284235  0.0296435  
               0.00347252  0.00358725  0.0298909  
               0.00415066  0.002786  0.0307516  
               0.00417692  -0.00274123  0.017341  
               0.00361713  -0.00343611  0.0168422  
               0.00381218  -0.00319844  0.0181794  
               -0.00291931  0.00404125  0.00080145  
               -0.00418188  0.00273195  0.0493135  
               -0.00389035  0.00310318  0.0492262  
               -0.00134589  0.00479156  0.0469927  
               0.00323378  0.00378318  0.0337014  
               0.00404653  0.00291289  0.0339496  
               0.00433909  0.00243784  0.034903  
               0.00462694  0.00188856  0.0359453  
               0.00242218  0.00434746  0.00134788  
               0.00151124  0.0047414  0.0272731  
               0.00455399  0.00203578  0.0458139  
               0.00483269  0.0012103  0.0443319  
               -0.00343053  -0.00362171  0.0482725  
               -0.00366465  -0.00337821  0.0472791  
               -0.00298432  -0.0039879  0.0477953  
               -0.00236447  0.00437831  0.0460065  
               -0.00274216  0.00417642  0.0443464  
               -0.00415735  -0.00277785  0.0494292  
               0.00088075  -0.00491325  0.0162229  
               0.000947886  0.00490664  0.020251  
               -0.00383633  0.00316901  0.00245724  
               -0.00133353  0.0047953  0.00168248  
               0.00458315  -0.00198123  0.00709132  
               0.00481417  -0.00127133  0.00592485  
               -0.0006065  -0.00494026  0.0386546  
               -0.000513945  -0.00494938  0.0396567  
               0.00496601  -0.00034509  0.0171083  
               -0.00388099  -0.0031146  0.0492428  
               0.00224434  -0.00444252  0.00104704  
               0.00499116  8.97942e-05  0.0483349  
               -0.00129662  -0.0048065  0.0175232  
               -0.00223214  -0.00444904  0.016779  
               -0.00128418  -0.00481027  0.0160161  
               0.00144964  -0.00476008  0.046665  
               -0.000497353  0.00495101  0.00307581  
               -0.000990233  0.00489944  0.00242109  
               -0.00317259  0.00383339  0.0485408  
               0.00418566  0.00272489  0.0258044  
               0.00453507  0.00207119  0.0249786  
               -0.00254215  0.00428333  0.00138348  
               -0.00417664  0.00274176  0.000942246  
               -0.00383446  0.0031713  0.00105926  
               0.0049292  0.000718823  0.0493197  
               -0.00418188  0.00273195  0.0487067  
               -0.00165578  0.00469755  0.0450367  
               -0.0013338  0.00479522  0.0434398  
               -0.00444045  -0.0022482  0.0244864  
               -0.00415415  -0.00278175  0.0236768  
               0.00248903  0.00431173  0.0331426  
               0.00157  0.00472357  0.0331908  
               0.00218884  0.00447218  0.0340916  
               0.00269167  0.00420341  0.0371015  
               0.00283485  0.00411057  0.0381836  
               0.00355578  0.00351086  0.0376173  
               0.00479398  -0.00133789  0.0234308  
               0.00499987  1.30523e-06  0.0231523  
               0.00426003  -0.00258575  0.048376  
               0.00416377  -0.00276583  0.0474769  
               0.00449125  -0.00215317  0.0480831  
               0.00239366  -0.0043627  0.0489272  
               -0.00091689  0.00490969  0.000927513  
               -0.00420542  -0.00268792  0.0484073  
               -0.00401947  0.00294585  0.021869  
               -0.00304379  0.0039391  0.0209119  
               -0.00274958  0.00417246  0.0221883  
               0.00273508  0.00418021  0.00182876  
               0.00282442  0.00411913  0.00124104  
               -0.00217951  0.00447717  0.049395  
               0.00264061  0.0042307  0.0455914  
               -2.56631e-05  -0.00499747  0.0233609  
               0.00085216  -0.00491607  0.0226743  
               0.000905026  -0.00491086  0.0238552  
               -0.000661252  0.00493487  0.00166959  
               0.00384666  -0.00315643  0.0046434  
               0.00390874  -0.00308078  0.00566597  
               0.00320808  -0.00380427  0.00524606  
               -0.00362087  0.00343155  0.0490027  
               -0.00364272  -0.00340492  0.0125703  
               -0.00430661  -0.00249859  0.0133265  
               0.00468771  0.00168823  0.0341704  
               -0.00109526  -0.00486758  0.0270601  
               0.000608526  -0.00494007  0.0277203  
               -0.000579528  -0.00494292  0.0282045  
               -0.00465094  -0.00180944  0.0275069  
               -0.00470527  -0.00163033  0.0254095  
               -0.00492099  -0.00080225  0.0272295  
               -0.00317249  0.00383347  0.0475661  
               0.0043982  -0.00232724  0.0295262  
               0.00470938  -0.00161679  0.0304448  
               0.00402267  -0.00294196  0.0396826  
               -0.000292531  -0.00497119  0.00108357  
               -0.00206734  0.00453713  0.0426934  
               -0.00251221  0.00429934  0.00428689  
               -0.00389533  0.00309713  0.00480689  
               -0.0010628  0.00487743  0.0299494  
               -0.00199157  0.00457763  0.0309152  
               0.00421184  -0.00267591  0.0126239  
               0.0033328  -0.00370191  0.0115638  
               -0.0040174  0.00294838  0.00174273  
               0.000543035  -0.00494652  0.017454  
               -0.00375062  0.00327345  0.0481159  
               0.000325151  -0.00496798  0.0483762  
               -0.00468912  -0.00168359  0.0021757  
               -0.00493929  -0.000616405  0.00185935  
               0.00326432  0.00375811  0.0184676  
               0.0021414  0.00449754  0.0187265  
               0.00271537  0.00419074  0.0176614  
               0.00498927  -0.000108907  0.0490543  
               -0.00275673  -0.00416864  0.0363584  
               0.00473642  0.00152765  0.0369051  
               0.00441334  0.00229892  0.0375086  
               0.00492089  0.00080319  0.0391848  
               0.0049954  -4.67415e-05  0.0403112  
               0.00291044  0.00404853  0.0351759  
               -0.00377174  -0.00324772  0.0419357  
               -0.00367249  -0.00336865  0.0406011  
               -0.00256809  -0.00426947  0.0422023  
               0.00115397  -0.00484977  0.0193198  
               0.00149459  -0.00474645  0.0183118  
               -0.000410696  0.00495955  0.00103067  
               -0.00381837  0.0031909  0.0470964  
               -0.00314558  0.00385556  0.0465921  
               -0.00467669  0.00172454  0.0221205  
               -0.00490756  0.000938585  0.0212418  
               0.00324845  0.00377113  0.00480862  
               -0.00367074  0.00337079  0.0283976  
               -0.0028509  0.00409739  0.0284768  
               -0.00406721  0.00288769  0.0477336  
               -0.0043136  0.00248553  0.0481492  
               -0.00347768  -0.00358301  0.00355674  
               -0.0031642  -0.00384028  0.00475288  
               -0.000487432  0.00495199  0.000560129  
               0.00498426  0.000159765  0.0363883  
               0.0044274  -0.00227261  0.0488114  
               -0.00214877  0.0044936  0.0267785  
               -0.00325816  0.00376317  0.00111545  
               0.00384365  -0.0031601  0.0290539  
               0.000593949  0.0049415  0.0374722  
               0.000934891  0.00490792  0.0390462  
               0.00313659  -0.00386294  0.0395491  
               0.00216488  -0.00448499  0.0410838  
               -0.00475187  -0.0014767  0.039834  
               0.00488792  -0.0010282  0.0163588  
               -0.00262827  -0.0042373  0.00288917  
               0.00256848  0.00426926  0.00239571  
               -0.00462421  0.00189754  0.0484787  
               -0.00351821  -0.00354975  0.0214102  
               -0.00390285  -0.00308796  0.0227552  
               -0.00231996  -0.0044021  0.00661043  
               -0.00325141  -0.00376871  0.00583356  
               -0.000818776  0.00491936  0.0457579  
               -0.00481411  -0.00127153  0.0198654  
               -0.00494811  -0.000526868  0.0192139  
               -0.00474746  -0.00149125  0.0188355  
               -0.00498983  0.000103292  0.00347803  
               0.00209756  0.00452097  0.0287436  
               0.00158408  0.0047193  0.0296539  
               0.000380794  0.0049625  0.0282379  
               0.00258462  -0.00426063  0.0472198  
               -0.00496244  -0.000381345  0.0419094  
               -0.00494166  0.000592286  0.04134  
               -0.00482117  0.00124825  0.0473135  
               -0.00447812  0.00217772  0.00754074  
               0.00488598  0.00103461  0.015211  
               0.00417294  -0.00274869  0.0155329  
               0.00357577  -0.00348651  0.0158451  
               0.0049292  0.000718823  0.0487318  
               0.00496078  0.000398188  0.0329193  
               0.00366252  0.0033808  0.0361382  
               -0.00304124  -0.00394119  0.0389535  
               -0.00169626  -0.00468527  0.0432756  
               0.00346813  -0.00359085  0.0144567  
               0.00139306  0.00477725  0.00391761  
               6.60707e-05  -0.00499349  0.0130876  
               -0.000786279  -0.00492256  0.0141487  
               0.00298635  -0.00398624  0.0350338  
               0.00246156  0.00432641  0.0274526  
               0.00310581  0.0038882  0.0283102  
               0.00367346  0.00336746  0.0274052  
               -0.00470705  -0.00162448  0.0460732  
               -0.00427688  0.00255423  0.0464367  
               0.00240096  0.0043588  0.0130031  
               0.00251873  0.00429585  0.0494761  
               -0.00233412  0.00439453  0.0386794  
               -0.00362549  0.00342593  0.0384836  
               -0.00297403  0.00399635  0.0375265  
               -0.000435419  -0.00495711  0.020076  
               -0.00490504  -0.000964194  0.0326201  
               -0.00479356  -0.00133929  0.0314339  
               -0.00312367  -0.00387354  0.0223524  
               -0.00165654  -0.00469732  0.0220662  
               -0.00254171  -0.00428357  0.0215515  
               0.00335707  -0.003682  0.0455597  
               0.00286185  0.00408841  0.00771134  
               0.00176021  0.00466587  0.0176444  
               0.00476638  -0.00142887  0.048777  
               0.00463972  -0.00184642  0.0485416  
               -0.00363692  -0.00341199  0.0489461  
               0.00442977  0.00226818  0.0429977  
               -0.00491786  -0.00083402  0.0229013  
               -0.00472137  -0.00157725  0.0237842  
               0.000551453  0.00494569  0.0016737  
               -0.000962718  0.00490518  0.036271  
               -0.0006815  0.00493288  0.0347988  
               0.0049723  0.000281255  0.0492639  
               0.00498927  -0.000108907  0.0494735  
               0.00430166  0.00250786  0.00389799  
               0.00271781  0.00418944  0.0250095  
               0.00341562  0.00363394  0.0121892  
               0.00390573  0.00308445  0.0111877  
               0.00328612  0.00374022  0.0309202  
               0.00243863  0.00433866  0.0307171  
               -0.00478923  -0.00135357  0.0134323  
               -0.00494476  -0.000560834  0.0140378  
               -0.00393962  -0.00304315  0.0478472  
               0.00478389  -0.00137116  0.0294429  
               -0.00494107  0.000598377  0.00490682  
               -0.00469788  0.00165469  0.00452819  
               -0.00388149  0.00311399  0.022857  
               0.00401082  0.00295639  0.00705658  
               0.00362499  0.00342653  0.0388543  
               -0.00361455  -0.00343925  0.0106794  
               0.00490396  0.000975104  0.00243164  
               0.00496238  -0.000381937  0.00342949  
               0.00467911  0.00171657  0.028936  
               0.00499153  8.59849e-05  0.0283505  
               0.00481411  0.00127155  0.0277498  
               0.000253138  0.00497507  0.029735  
               -0.00230638  0.00440936  0.0100023  
               -0.00199814  -0.00457411  0.0356532  
               -0.0022276  -0.00445146  0.037295  
               -0.002772  -0.00416048  0.0111892  
               0.000253331  -0.00497505  0.0141121  
               -5.67795e-05  0.00499441  0.00208381  
               -0.0046313  0.00187418  0.0146973  
               -0.00431378  0.0024852  0.015553  
               -0.00491754  -0.000837263  0.0480025  
               0.00492152  -0.000796809  0.0352554  
               -0.00360435  0.00345168  0.00138724  
               -0.0030945  0.00389748  0.0020127  
               0.00342598  0.00362544  0.0102595  
               0.00294412  -0.0040209  0.036698  
               0.00189259  -0.00462571  0.0422137  
               0.000972787  -0.00490419  0.0415452  
               0.000675468  -0.00493347  0.0354475  
               0.000134925  -0.00498671  0.0341691  
               -0.000653489  -0.00493564  0.0350434  
               -0.00263202  0.00423529  0.0295811  
               -0.00127649  0.00481261  0.0282992  
               0.00390872  0.00308081  0.00831475  
               0.00494627  0.00054548  0.000515898  
               -0.000109763  0.00498919  0.00650299  
               -0.00338135  -0.00366207  0.0337341  
               0.00487007  0.00108705  0.0250923  
               -0.00152525  -0.00473715  0.03427  
               -0.0044117  0.00230199  0.048737  
               -0.00440469  0.00231511  0.0492253  
               0.00499544  4.62911e-05  0.014044  
               0.00472115  0.001578  0.0307672  
               0.00473973  0.00151675  0.0325257  
               0.00495884  0.000417894  0.0317132  
               0.0045076  -0.00212258  0.0284444  
               0.00484801  -0.00115979  0.0279859  
               0.00476778  -0.00142428  0.0326804  
               0.00494805  -0.000527436  0.0340286  
               0.00474202  -0.00150919  0.0344044  
               -0.00140292  0.00477426  0.020774  
               -0.000414604  0.00495917  0.0213213  
               0.000240767  0.00497629  0.0462368  
               0.000691939  -0.00493185  0.00797838  
               0.000876019  -0.00491372  0.00598035  
               0.00187927  -0.00462976  0.00748897  
               0.00189547  0.00462484  0.00296056  
               0.00390116  0.00309002  0.0286881  
               -0.00324079  0.00377742  0.00309918  
               -0.00394857  -0.00303225  0.00544341  
               -0.00399898  -0.00297082  0.0043845  
               -0.0035841  0.00347636  0.0357297  
               -5.16771e-05  0.00499491  0.0196315  
               -0.00442354  -0.00227984  0.0224686  
               0.00292131  0.00403961  0.00657464  
               -0.00475504  0.00146628  0.0482097  
               -0.00411828  0.00282546  0.0276076  
               -0.00269425  -0.00420203  0.0258898  
               -0.00165183  -0.00469875  0.011469  
               -0.00210212  -0.00451853  0.00955846  
               -0.000399729  0.00496063  0.024761  
               -0.00184312  0.00464072  0.0257142  
               -0.000808351  0.00492038  0.0266185  
               -0.00412592  -0.00281614  0.0489427  
               0.00473301  0.00153889  0.00747036  
               -0.00482907  -0.00122222  0.0470564  
               -0.00355216  -0.00351528  0.0259351  
               -0.00303358  -0.00394747  0.0268034  
               0.00473083  -0.00154607  0.0253137  
               0.00491626  -0.000850193  0.0244972  
               -0.00490892  -0.000924706  0.0448222  
               0.00268695  0.00420594  0.0227585  
               0.00462641  0.00189032  0.00470019  
               0.00490664  0.000947913  0.004057  
               -0.00438042  0.00236052  0.0136352  
               -0.00341431  0.00363502  0.0152379  
               -0.00374762  0.0032771  0.0131888  
               -0.00197799  0.00458488  0.024401  
               -8.85391e-05  -0.00499128  0.00707179  
               0.00323809  0.00377964  0.0494762  
               -0.00367698  -0.00336318  0.024853  
               -0.00176425  0.00466465  0.019602  
               0.00486545  0.0011023  0.0298066  
               0.00497724  -0.000231046  0.0296987  
               0.00336226  0.00367774  0.0134459  
               -0.00498456  0.000156717  0.0153718  
               -5.70684e-05  0.00499438  0.00134861  
               -0.00297383  -0.00399652  0.0300175  
               -0.00377112  -0.00324847  0.0298266  
               -0.00437304  0.00237433  0.0475385  
               -0.00348843  -0.00357419  0.00229379  
               0.00417017  0.00275386  0.0221469  
               0.00471194  0.00160834  0.0220196  
               -0.00434426  0.00242816  0.00569531  
               -0.00437109  0.00237796  0.0233491  
               0.00246454  -0.00432482  0.011726  
               0.00178312  -0.00465892  0.00941678  
               -0.00166795  0.00469386  0.0218847  
               0.0041737  -0.00274726  0.0431473  
               0.00338143  -0.003662  0.0427194  
               -0.00245456  0.00433015  0.00883381  
               -0.00209985  -0.00451975  0.0151714  
               -0.000532671  0.00494754  0.0290671  
               0.00154409  0.00473143  0.0372383  
               0.00203304  0.00455546  0.0388986  
               -0.0049488  0.000519824  0.0270966  
               0.00422406  -0.00265305  0.0144484  
               0.00468677  -0.00169133  0.0142275  
               0.00470072  -0.00164534  0.0130746  
               -0.00471946  -0.00158355  0.0357152  
               0.00237538  0.00437247  0.0416769  
               0.00119712  0.00483668  0.0409561  
               0.00133664  0.00479436  0.0459485  
               0.00287528  0.00407739  0.0265175  
               0.001919  0.00461641  0.0257593  
               -0.00487014  -0.00108683  0.00444678  
               -0.00493032  -0.000707477  0.00561854  
               -0.00113124  -0.00485667  0.00913082  
               -0.00474441  0.00150132  0.0115137  
               0.00494303  0.000578404  0.0426502  
               -0.00431638  0.00248032  0.00858232  
               0.00497701  -0.000233416  0.0464976  
               0.00475274  -0.00147384  0.019686  
               0.00276898  -0.00416209  0.0260834  
               0.00210596  -0.00451648  0.0267439  
               0.00395299  0.00302687  0.00475787  
               0.00375506  0.00326804  0.00333402  
               0.00437258  0.00237519  0.00280041  
               0.000873633  0.00491395  0.034049  
               -0.00321649  -0.00379737  0.00733851  
               0.000693589  0.00493169  0.00735023  
               -0.00495306  -0.000476614  0.0388149  
               -0.00496602  0.000345041  0.0399731  
               -0.00490412  0.000973469  0.0391951  
               0.00313435  0.00386477  0.000545829  
               -0.00319481  -0.00381516  0.00871657  
               -0.00419884  -0.00270023  0.00850667  
               0.00193489  -0.00460792  0.0456979  
               0.00150837  -0.00474227  0.0442183  
               -0.000399718  0.00496063  0.0444548  
               -0.0022165  0.00445739  0.0405656  
               0.00392385  0.00306237  0.0171378  
               0.00378268  0.00323439  0.0161585  
               0.00391243  0.00307629  0.0198951  
               0.0044698  0.00219329  0.0190729  
               -0.00105597  0.0048795  0.00806006  
               -0.000455396  0.00495515  0.00524265  
               -0.000293801  0.00497106  0.0123745  
               -0.000524419  0.00494835  0.0135572  
               -0.00478991  0.00135132  0.00937447  
               0.000791455  0.00492205  0.00500367  
               0.000104135  0.00498974  0.0101562  
               -0.00121126  0.00483239  0.00987814  
               0.00109011  0.00486915  0.00287293  
               0.00414879  -0.00278828  0.031106  
               -0.00480207  0.00131124  0.0201046  
               0.00412129  -0.00282179  0.021363  
               0.003493  -0.00357044  0.0216155  
               0.00414976  -0.00278709  0.0227818  
               0.000163119  -0.00498393  0.0302864  
               0.0033368  -0.00369863  0.00640606  
               0.00354315  -0.00352626  0.0075243  
               0.00276302  -0.00416528  0.0076154  
               -0.00478223  -0.00137665  0.0146099  
               0.00497306  0.0002735  0.0488097  
               -0.00180229  -0.00465311  0.041666  
               6.06468e-05  -0.00499403  0.00440008  
               0.00111388  -0.00486194  0.00478209  
               -0.00430386  -0.00250374  0.0350426  
               0.00493349  -0.000675334  0.0307698  
               0.00498927  -0.000108907  0.0475163  
               0.00492904  -0.000720492  0.0473997  
               -0.00447543  0.00218276  0.0124523  
               0.00402864  -0.00293469  0.00686129  
               -0.00459316  0.00196251  0.0375079  
               -0.000754099  -0.00492573  0.0294497  
               -0.00497316  0.000272543  0.00593359  
               -0.00492352  -0.000776553  0.00664651  
               -0.00262125  -0.00424106  0.0435619  
               0.00492983  -0.00071244  0.0480252  
               0.000834172  0.00491784  0.0218591  
               -0.00425855  -0.00258851  0.0112183  
               -0.00462887  -0.00188218  0.0125352  
               0.00467916  0.00171641  0.0240054  
               -0.00218161  -0.00447605  0.0269003  
               -0.003338  -0.00369764  0.0278138  
               -0.00298854  0.00398444  0.0398198  
               -0.00446039  -0.0022109  0.0482779  
               -0.00455088  0.0020416  0.0364232  
               -0.00340348  -0.00364391  0.0462983  
               -0.00359392  -0.00346439  0.0450285  
               -0.00179646  -0.00465488  0.0280726  
               -0.00421259  -0.0026745  0.0161838  
               -0.00467524  -0.00172934  0.015571  
               -0.00466501  -0.00176305  0.0167882  
               -0.0010561  -0.00487946  0.00776886  
               -0.00280445  0.00413552  0.0136109  
               -0.00463472  0.00186289  0.0472426  
               0.00465994  -0.00177976  0.0357343  
               0.00432322  -0.00246752  0.0346802  
               0.00124923  0.00482088  0.0107506  
               0.00192732  0.00461197  0.0202322  
               0.00483713  0.00119564  0.0196312  
               0.00498129  0.000189935  0.0195964  
               0.00321085  -0.00380199  0.00844015  
               0.00423834  0.00262633  0.0365486  
               -0.00276051  0.00416662  0.011768  
               -0.00169079  0.00468693  0.0107651  
               0.00496087  0.000397304  0.0272733  
               -0.0043241  0.00246589  0.0399268  
               -0.00366284  0.00338042  0.00742812  
               -0.00468372  -0.00170138  0.0105042  
               -0.00494064  -0.000602689  0.0104982  
               0.00490919  -0.000921994  0.0118547  
               0.00156846  -0.00472404  0.0172447  
               0.00256801  -0.00426951  0.0170096  
               -0.00376583  -0.00325492  0.0373049  
               -0.00486387  0.0011075  0.0233878  
               -0.00498447  0.000157713  0.0230097  
               0.00445196  -0.00222668  0.00609383  
               0.0047473  -0.00149178  0.0471615  
               0.000864087  0.00491489  0.0449096  
               -0.00497071  0.00029738  0.0240556  
               0.003798  0.00321572  0.0145585  
               -0.00480885  0.00128887  0.0432944  
               -0.0040603  0.0028961  0.0431964  
               -0.00465842  0.00178477  0.0443826  
               0.00445318  0.0022244  0.0230305  
               0.00488897  0.00102477  0.0231468  
               0.00442779  -0.0022719  0.0453183  
               -0.00123143  0.00482628  0.0393287  
               -0.000716337  0.00492945  0.0378041  
               0.00460183  0.00194628  0.0387191  
               -0.000667187  0.00493429  0.0146567  
               -0.00470749  -0.00162302  0.0333561  
               -0.00436477  -0.0023898  0.0316985  
               0.00434966  0.00241805  0.00971661  
               -0.00474812  -0.00148906  0.00346257  
               -0.00471795  -0.00158852  0.0478669  
               -0.00427562  -0.00255658  0.047835  
               -0.00411162  -0.00283357  0.00728007  
               -0.0046897  -0.00168167  0.0078685  
               0.00499071  9.42744e-05  0.0413535  
               0.00490475  -0.000967067  0.0412886  
               -0.00284789  -0.00409987  0.0195281  
               -0.0036889  -0.00334865  0.0195312  
               0.00177183  0.00466235  0.00782127  
               -0.000157874  0.00498445  0.0392621  
               0.00119973  0.00483589  0.00618193  
               -0.000398345  -0.00496077  0.0179334  
               -0.00499141  -8.72135e-05  0.0331082  
               -0.00488354  0.00104264  0.0366986  
               -0.00477784  -0.00139111  0.0219085  
               0.00497386  0.000265391  0.0162991  
               0.0028874  -0.00406744  0.0419093  
               -0.00452823  -0.00208398  0.00463155  
               0.000929382  -0.00490846  0.0457634  
               -0.00477352  0.00140536  0.0279776  
               -0.00467865  0.0017181  0.0291598  
               -0.00463801  -0.00185207  0.00598377  
               0.00382589  0.00318173  0.0242203  
               -0.00412875  -0.0028127  0.0334913  
               -0.00446303  0.00220595  0.0419571  
               0.00398288  -0.00299044  0.0362761  
               0.00374926  -0.00327511  0.0351115  
               0.0020456  0.00454875  0.0362497  
               -0.00388105  0.00311452  0.0487387  
               -0.00479643  0.00132982  0.0245021  
               -0.00439175  -0.00233932  0.0449959  
               0.00447026  -0.00219243  0.0370871  
               0.000181928  0.00498208  0.00898691  
               0.00111151  0.00486265  0.0085861  
               -0.00162556  0.00470672  0.0139204  
               -0.00127444  0.00481323  0.0127943  
               -0.00252147  0.00429438  0.0056474  
               0.00483368  -0.00120703  0.0483388  
               0.00465694  0.00178966  0.00609567  
               0.000443184  0.00495635  0.0164617  
               3.03822e-05  0.00499701  0.0155164  
               0.00368033  -0.0033591  0.020631  
               0.000530725  0.00494773  0.0432854  
               -0.00198337  0.00458201  0.0230954  
               -0.000121005  -0.00498808  0.0460308  
               -0.00320107  0.00381002  0.0347951  
               -0.00210356  0.00451776  0.0347015  
               -0.00480424  0.00130408  0.0173753  
               -0.00249428  0.00430892  0.0162354  
               0.00441339  -0.00229883  0.0114161  
               0.00116479  -0.00484649  0.0299171  
               0.00458044  -0.00198631  0.0166562  
               -0.000726776  -0.00492842  0.0106609  
               -0.000977105  0.00490342  0.0157209  
               0.0011854  0.00484024  0.0155689  
               0.004954  -0.000467011  0.015513  
               -0.00138145  -0.00478077  0.0232921  
               0.00268418  -0.00420742  0.0432495  
               0.00382659  -0.00318088  0.0196331  
               0.00441244  -0.00230062  0.0465454  
               -0.00496765  0.00032844  0.0202087  
               -0.00352449  0.0035446  0.0455269  
               0.00499381  -6.28902e-05  0.0385868  
               0.00326658  0.00375626  0.0017  
               -0.00468931  -0.00168296  0.036924  
               -0.00184297  -0.00464077  0.0247755  
               -0.00137142  -0.00478381  0.0463594  
               -0.00445804  -0.00221529  0.0212396  
               -0.00403865  -0.00292248  0.020645  
               -0.0039576  0.00302124  0.0370638  
               0.00492718  -0.000739382  0.0204519  
               0.0045629  -0.00201911  0.0205932  
               0.000595915  0.00494131  0.0128374  
               0.00285617  -0.00409307  0.030203  
               0.0027604  -0.00416668  0.028969  
               -0.0027372  -0.00417908  0.0248793  
               -0.00218824  0.0044725  0.014936  
               0.000229057  0.00497744  0.0115181  
               -0.00480972  -0.001286  0.0302712  
               0.000552382  0.0049456  0.0401227  
               -0.00100592  0.00489468  0.0403901  
               0.000260385  0.00497435  0.0414311  
               0.00291998  0.00404071  0.00295656  
               0.00308041  0.00390905  0.00228778  
               0.00448754  -0.00216011  0.0421972  
               0.00333204  0.00370254  0.0414644  
               -0.00492102  0.000801884  0.0302354  
               -6.01608e-05  0.00499407  0.0311398  
               2.71997e-05  -0.00499732  0.0322829  
               -0.00494253  -0.00058354  0.0460072  
               -0.00497466  -0.000257304  0.0407882  
               -0.00425731  -0.00259084  0.0438141  
               -0.000391273  -0.00496146  0.021952  
               -0.000934947  -0.00490792  0.040577  
               0.000572282  -0.00494364  0.0399813  
               -0.00498735  -0.000128481  0.0306312  
               -0.0049763  -0.000240629  0.0293162  
               0.00483433  -0.00120487  0.0424319  
               0.00102091  0.00489014  0.0230993  
               0.0021612  0.00448696  0.0238293  
               -0.00472048  0.00158019  0.0160242  
               -0.00110148  -0.0048657  0.0212335  
               -0.00316395  -0.00384049  0.0351372  
               -0.000455046  -0.00495518  0.0257873  
               -0.000361873  -0.00496436  0.0243629  
               0.00235949  0.00438097  0.0433943  
               0.00323742  0.00378019  0.0424634  
               -0.00146325  -0.00475595  0.0452379  
               0.000154432  -0.00498479  0.0374302  
               0.00497927  -0.000210449  0.0128477  
               -0.00428669  -0.00253587  0.0188193  
               0.0028021  -0.00413745  0.0448584  
               -0.0046632  -0.00176903  0.017821  
               -0.00423312  -0.0026361  0.0174605  
               0.00331388  -0.00371744  0.0267953  
               -0.00464665  0.00182358  0.0406266  
               -0.00144454  -0.00476163  0.0197004  
               -0.00214999  -0.00449295  0.0205404  
               -0.00499089  9.24999e-05  0.00907943  
               -0.00406487  0.00289054  0.0291922  
               -0.00382069  -0.00318807  0.0323635  
               -0.00438366  0.00235445  0.0353095  
               0.000282439  -0.00497218  0.0289607  
               -0.00356609  0.0034983  0.029824  
               0.00186495  0.0046341  0.0117516  
               0.00499328  -6.82738e-05  0.026357  
               -0.0048612  0.00111632  0.0138027  
               0.00222736  0.00445159  0.0217518  
               0.00494947  0.000513061  0.0212654  
               -0.00477935  0.00138611  0.0056243  
               0.0048822  0.00104706  0.016938  
               0.000764234  -0.00492473  0.0388641  
               -0.00118915  0.0048391  0.0421461  
               0.00277785  -0.00415735  0.0462274  
               0.00487808  -0.00106067  0.0389727  
               0.00490611  0.000953276  0.0264362  
               0.00492498  -0.00076174  0.00470248  
               -0.00499139  8.74526e-05  0.0182357  
               0.00090464  -0.0049109  0.0264536  
               0.00350461  -0.00356092  0.00252274  
               -0.00377408  0.00324487  0.0340995  
               -0.00106304  -0.00487736  0.0320558  
               -0.00497969  0.000206226  0.0428723  
               -0.00217805  -0.00447795  0.0445012  
               0.00399161  0.0029798  0.0128667  
               0.00456186  0.00202106  0.0124778  
               -0.00311383  -0.00388162  0.0184542  
               -0.00365484  -0.00339016  0.0168534  
               -0.00381676  -0.00319286  0.0357949  
               0.00205941  0.00454136  0.0446689  
               0.00487432  0.00107307  0.0409865  
               0.00471365  0.00160271  0.0420808  
               0.00441675  -0.00229254  0.0265857  
               0.00415765  -0.00277728  0.0257492  
               0.00411812  -0.00282565  0.0273785  
               -0.00496552  0.000350073  0.0254715  
               0.00305109  -0.00393311  0.0127695  
               0.00438405  -0.00235372  0.00499284  
               -0.00499198  -8.1473e-05  0.0220389  
               0.00467323  0.00173594  0.0399745  
               -0.00117661  0.0048429  0.00612149  
               0.00434538  0.00242607  0.027774  
               -0.00443573  -0.00225703  0.0287552  
               -0.00494276  -0.000581128  0.0246396  
               0.00462783  0.00188562  0.0269373  
               -0.00491254  -0.000887961  0.0162936  
               0.000319509  0.00496853  0.0365101  
               -0.00420787  -0.00268334  0.00996842  
               -0.00239792  -0.00436043  0.00764699  
               -0.00466588  0.0017602  0.0339847  
               0.00497664  0.000237166  0.0241541  
               0.00366157  0.00338195  0.00587803  
               -0.00496846  0.000320238  0.0315394  
               -0.00091887  -0.0049095  0.0368321  
               -0.00112259  0.00485929  0.0116898  
               0.00345891  0.00359842  0.0323001  
               0.00426568  0.00257518  0.032465  
               0.00463584  -0.00185921  0.0182229  
               0.00497821  0.000221232  0.0111233  
               0.00495165  0.00049091  0.00995103  
               0.00456706  0.00201134  0.0109199  
               0.0025139  -0.00429844  0.0340628  
               0.00234423  -0.00438912  0.00492609  
               0.00207287  -0.00453417  0.00622761  
               -0.00124488  0.0048222  0.0237446  
               -0.00439715  -0.00232922  0.0145483  
               -0.00426916  0.00256867  0.0326702  
               -0.00452956  0.00208149  0.0312687  
               -0.00033205  0.0049673  0.0230896  
               -0.00242923  0.00434369  0.0127011  
               -0.00300635  -0.00396982  0.00976662  
               0.00341617  -0.00363349  0.0341481  
               -0.00257304  -0.00426682  0.0454657  
               0.00134487  -0.00479186  0.0138372  
               0.00343967  -0.0036142  0.0323694  
               0.00281944  -0.00412322  0.0329954  
               -0.00464659  0.00182377  0.0268735  
               0.00498851  -0.000116655  0.00808277  
               0.00480075  -0.00131557  0.00791888  
               0.00494174  0.000591543  0.037761  
               0.00194586  -0.00460205  0.030943  
               -0.00343895  -0.0036148  0.0438938  
               -0.000514174  -0.00494936  0.0060958  
               -0.00427384  0.00255991  0.0453163  
               0.00236644  -0.00437725  0.0139662  
               -0.00251618  -0.00429722  0.00538167  
               -0.0041515  -0.00278498  0.0265859  
               -0.00419494  -0.00270752  0.0275929  
               -0.00383063  0.00317596  0.0445993  
               0.0049701  -0.000303558  0.0187077  
               0.00491254  -0.000888007  0.0217816  
               -0.00267461  0.00421253  0.0316656  
               -0.00341806  0.00363195  0.0239521  
               -0.00278989  0.00414747  0.0417134  
               0.00442426  -0.00227849  0.0191372  
               0.00114237  0.00485329  0.0242562  
               -0.00403106  -0.00293174  0.00293445  
               0.00144461  -0.00476161  0.0342436  
               -0.00493116  -0.000698977  0.0173112  
               0.00483522  -0.00120193  0.0316388  
               0.00356282  0.00350229  0.0226075  
               -0.00247456  0.00431946  0.0180883  
               -0.00132039  0.00479929  0.0184354  
               0.00121733  -0.00483055  0.0149939  
               0.00344341  -0.00361114  0.0103189  
               0.00400263  -0.00296637  0.00874286  
               0.000565082  -0.00494434  0.0446429  
               0.00284254  -0.00410426  0.0317068  
               0.0016249  -0.00470692  0.0127664  
               -0.00157067  -0.00472337  0.0398103  
               0.00323805  0.00377967  0.0211425  
               -0.0017452  -0.00467043  0.0296124  
               -0.00490425  0.000972165  0.0332685  
               0.00156306  -0.00472568  0.0286403  
               -0.00160963  0.00471155  0.0170944  
               -0.000478917  0.00495283  0.0168528  
               -0.00172959  -0.00467516  0.0258443  
               0.00496942  0.000310464  0.0348563  
               0.00188866  -0.00462691  0.0207313  
               -0.00484605  -0.00116625  0.00933814  
               -0.00433138  0.00245225  0.0167548  
               0.00228748  -0.00441946  0.0388316  
               -0.00127281  0.00481372  0.0319698  
               -0.00124132  0.00482327  0.0334416  
               0.00302782  -0.0039522  0.0189233  
               -0.00158608  -0.0047187  0.038719  
               -0.000465678  -0.00495413  0.0448627  
               -0.000176439  -0.00498262  0.0438949  
               0.00112052  0.00485992  0.0192438  
               0.00204011  0.00455168  0.0319631  
               0.0010695  0.0048754  0.0319785  
               0.00486273  -0.00111125  0.0376853  
               -0.00384299  0.0031609  0.0408662  
               0.00483478  0.0012034  0.00896335  
               0.00471521  -0.00159756  0.0100202  
               -0.00479754  0.00132615  0.0356805  
               -0.00493061  0.000704533  0.0348125  
               -0.00498184  0.00018435  0.0359966  
               -0.00364822  0.00339823  0.041995  
               0.00445436  0.00222219  0.00866414  
               0.000245168  -0.00497585  0.0187712  
               -0.00016701  -0.00498355  0.00967301  
               0.00482192  -0.00124578  0.0268702  
               0.00479072  0.00134864  0.0181498  
               0.00263891  -0.00423161  0.0154438  
               -0.00324341  -0.00377528  0.0134514  
               -0.00124694  -0.00482157  0.0442356  
               -0.00485619  -0.00113282  0.0430308  
               -0.0033599  0.00367967  0.0196327  
               -0.0036487  0.00339765  0.0325657  
               0.00313696  0.00386263  0.0200657  
               0.00138662  -0.0047792  0.0325506  
               -0.000512899  -0.00494948  0.0331854  
               0.00453792  -0.00206585  0.0220463  
               -0.00418313  -0.00272961  0.0384472  
               -0.00415183  -0.00278457  0.025548  
               0.00040625  -0.00495999  0.0107479  
               -0.0038095  0.00320171  0.0117502  
               0.00378811  -0.00322777  0.0445836  
               0.00453384  0.00207348  0.0171616  
               5.40806e-05  0.00499467  0.0176998  
               -0.0023156  -0.00440443  0.0408318  
               -0.00491557  -0.000857243  0.0207682  
               0.0010302  0.00488732  0.0352554  
               -0.00247427  -0.00431962  0.0289648  
               -0.00287896  -0.00407437  0.0235604  
               0.00140466  0.00477373  0.031017  
               -0.0046597  0.00178056  0.0256868  
               -0.00438314  0.00235542  0.0247733  
               0.00107777  0.00487289  0.0141605  
               -0.00464695  -0.00182257  0.0383978  
               -0.00427008  0.00256694  0.0383369  
               0.00255061  0.00427881  0.0401772  
               0.00379394  0.00322067  0.0401543  
               -0.00461204  0.00192719  0.0391311  
               0.0045287  0.0020831  0.020413  
               0.00219646  -0.00446811  0.0249458  
               0.00341465  -0.00363474  0.0253883  
               -0.00441951  -0.00228737  0.0425434  
               0.00409111  -0.00285856  0.0097493  
               0.00449948  -0.00213777  0.0442509  
               0.000596583  -0.00494124  0.0249198  
               -0.00165058  0.00469913  0.0369804  
               -5.17994e-05  0.0049949  0.0330801  
               0.00498472  -0.000155167  0.0253324  
               -0.00369131  0.00334572  0.00610773  
               -0.00476356  0.00143816  0.03231  
               0.00437624  -0.00236833  0.038283  
               -0.00493196  0.000690806  0.0165357  
               -0.00172917  -0.00467529  0.0186472  
               0.00466351  -0.00176801  0.0155945  
               -0.00223137  -0.00444945  0.033409  
               0.00490799  -0.000934179  0.017924  
               -0.00494636  -0.000544637  0.0350496  
               -0.00474215  -0.00150877  0.0346574  
               0.00498121  0.000190759  0.0442778  
               -0.00493169  -0.000693599  0.033989  
               0.00335123  0.00368679  0.0256724  
               -0.00115806  -0.00484853  0.0378124  
               0.00131957  0.00479954  0.0439725  
               0.00451896  -0.00210133  0.00861062  
               0.00189014  -0.00462646  0.0162502  
               0.0015916  0.00471702  0.039962  
               -0.000485966  -0.00495214  0.0118405  
               -0.00499351  -6.59363e-05  0.0279243  
               -0.0032526  0.00376773  0.0275092  
               0.000783888  0.00492279  0.0260547  
               0.00124353  0.00482261  0.0422326  
               0.00495042  -0.000503366  0.00930344  
               0.00493781  -0.000631387  0.010336  
               0.00314119  -0.00385917  0.0199181  
               0.00485495  -0.00113691  0.00261355  
               0.00221968  -0.00445569  0.0084751  
               0.00337605  -0.00366642  0.0281027  
               -0.00370876  0.00332446  0.0164787  
               0.00397722  0.00299733  0.021008  
               0.00495957  -0.00041045  0.0432998  
               0.00136867  -0.00478465  0.0255598  
               -0.00444304  -0.00224335  0.0200087  
               -0.004211  0.00267748  0.0261723  
               0.00149095  -0.00474755  0.0395673  
               -0.00488352  -0.00104274  0.0282296  
               0.00203433  0.00455477  0.0350917  
               -0.00492592  0.000752189  0.0292396  
               0.000476882  -0.00495303  0.0121607  
               0.0025188  0.00429581  0.0296941  
               0.00229023  -0.00441799  0.0195591  
               0.0049342  0.000668072  0.012277  
               0.000512027  -0.00494957  0.0332163  
               0.00254552  -0.00428153  0.0279536  
               -0.00381034  0.00320068  0.0205462  
               -0.00496427  -0.000362796  0.0438368  
               0.000659174  -0.00493508  0.0215748  
               -0.00383302  -0.00317304  0.0287342  
            </DataArray>
         </Points> 

         <Cells>
            <DataArray type="Int32" Name="connectivity" NumberOfComponents="1" format="ascii">
               
            </DataArray> 
            <DataArray type="Int32" Name="offsets" NumberOfComponents="1" format="ascii">
               
            </DataArray>
            <DataArray type="UInt8"  Name="types" NumberOfComponents="1" format="ascii">
               
            </DataArray>
         </Cells>
         <PointData Scalars="Rank " Vectors="DisplacementDelta Force ">
            <DataArray type="UInt32" Name="Rank" NumberOfComponents="1" format="ascii">
               0 0 0 0 0 0 0 0 0 0 0 0 0 0 0 0 0 0 0 0 0 0 0 0 0 0 0 0 0 0 0 0 0 0 0 0 0 0 0 0 0 0 0 0 0 0 0 0 0 0 0 0 0 0 0 0 0 0 0 0 0 0 0 0 0 0 0 0 0 0 0 0 0 0 0 0 0 0 0 0 0 0 0 0 0 0 0 0 0 0 0 0 0 0 0 0 0 0 0 0 0 0 0 0 0 0 0 0 0 0 0 0 0 0 0 0 0 0 0 0 0 0 0 0 0 0 0 0 0 0 0 0 0 0 0 0 0 0 0 0 0 0 0 0 0 0 0 0 0 0 0 0 0 0 0 0 0 0 0 0 0 0 0 0 0 0 0 0 0 0 0 0 0 0 0 0 0 0 0 0 0 0 0 0 0 0 0 0 0 0 0 0 0 0 0 0 0 0 0 0 0 0 0 0 0 0 0 0 0 0 0 0 0 0 0 0 0 0 0 0 0 0 0 0 0 0 0 0 0 0 0 0 0 0 0 0 0 0 0 0 0 0 0 0 0 0 0 0 0 0 0 0 0 0 0 0 0 0 0 0 0 0 0 0 0 0 0 0 0 0 0 0 0 0 0 0 0 0 0 0 0 0 0 0 0 0 0 0 0 0 0 0 0 0 0 0 0 0 0 0 0 0 0 0 0 0 0 0 0 0 0 0 0 0 0 0 0 0 0 0 0 0 0 0 0 0 0 0 0 0 0 0 0 0 0 0 0 0 0 0 0 0 0 0 0 0 0 0 0 0 0 0 0 0 0 0 0 0 0 0 0 0 0 0 0 0 0 0 0 0 0 0 0 0 0 0 0 0 0 0 0 0 0 0 0 0 0 0 0 0 0 0 0 0 0 0 0 0 0 0 0 0 0 0 0 0 0 0 0 0 0 0 0 0 0 0 0 0 0 0 0 0 0 0 0 0 0 0 0 0 0 0 0 0 0 0 0 0 0 0 0 0 0 0 0 0 0 0 0 0 0 0 0 0 0 0 0 0 0 0 0 0 0 0 0 0 0 0 0 0 0 0 0 0 0 0 0 0 0 0 0 0 0 0 0 0 0 0 0 0 0 0 0 0 0 0 0 0 0 0 0 0 0 0 0 0 0 0 0 0 0 0 0 0 0 0 0 0 0 0 0 0 0 0 0 0 0 0 0 0 0 0 0 0 0 0 0 0 0 0 0 0 0 0 0 0 0 0 0 0 0 0 0 0 0 0 0 0 0 0 0 0 0 0 0 0 0 0 0 0 0 0 0 0 0 0 0 0 0 0 0 0 0 0 0 0 0 0 0 0 0 0 0 0 0 0 0 0 0 0 0 0 0 0 0 0 0 0 0 0 0 0 0 0 0 0 0 0 0 0 0 0 0 0 0 0 0 0 0 0 0 0 0 0 0 0 0 0 0 0 0 0 0 0 0 0 0 0 0 0 0 0 0 0 0 0 0 0 0 0 0 0 0 0 0 0 0 0 0 0 0 0 0 0 0 0 0 0 0 0 0 0 0 0 0 0 0 0 0 0 0 0 0 0 0 0 0 0 0 0 0 0 0 0 0 0 0 0 0 0 0 0 0 0 0 0 0 0 0 0 0 0 0 0 0 0 0 0 0 0 0 0 0 0 0 0 0 0 0 0 0 0 0 0 0 0 0 0 0 0 0 0 0 0 0 0 0 0 0 0 0 0 0 0 0 0 0 0 0 0 0 0 0 0 0 0 0 0 0 0 0 0 0 0 0 0 0 0 0 0 0 0 0 0 0 0 0 0 0 0 0 0 0 0 0 0 0 0 0 0 0 0 0 0 0 0 0 0 0 0 0 0 0 0 0 0 0 0 0 0 0 0 0 0 0 0 0 0 0 0 0 0 0 0 0 0 0 0 0 0 0 0 0 0 0 0 0 0 0 0 0 0 0 0 0 0 0 0 0 0 0 0 0 0 0 0 0 0 0 0 0 0 0 0 0 0 0 0 0 0 0 0 0 0 0 0 0 0 0 0 0 0 0 0 0 0 0 0 0 0 0 0 0 0 0 0 0 0 0 0 0 0 0 0 0 0 0 0 0 0 0 0 0 0 0 0 0 0 0 0 0 0 0 0 0 0 0 0 0 0 0 0 0 0 0 0 0 0 0 0 0 0 0 0 0 0 0 0 0 0 0 0 0 0 0 0 0 0 0 0 0 0 0 0 0 0 0 0 0 0 0 0 0 0 0 0 0 0 0 0 0 0 0 0 0 0 0 0 0 0 0 0 0 0 0 0 0 0 0 0 0 0 0 0 0 0 0 0 0 0 0 0 0 0 0 0 0 0 0 0 0 0 0 0 0 0 0 0 0 0 0 0 0 0 0 0 0 0 0 0 0 0 0 0 0 0 0 0 0 0 0 0 0 0 0 0 0 0 0 0 0 0 0 0 0 0 0 0 0 0 0 0 0 0 0 0 0 0 0 0 0 0 0 0 0 0 0 0 0 0 0 0 0 0 0 0 0 0 0 0 0 0 0 0 0 0 
            </DataArray>
            <DataArray type="Float64" Name="DisplacementDelta" NumberOfComponents="3" format="ascii">
               -1.23255e-10 -8.44475e-12 -2.95697e-10  -5.77659e-11 2.8209e-11 -1.29538e-10  -3.05477e-10 6.50159e-10 2.42835e-10  6.56625e-10 -2.57489e-10 -6.81028e-10  3.09151e-10 -1.02545e-10 -9.55697e-11  2.95896e-10 -6.21125e-12 -5.6421e-11  3.6951e-08 2.10266e-07 4.21416e-07  2.69291e-10 1.47424e-09 -3.76293e-10  5.79215e-11 1.02724e-09 -2.99803e-10  6.2179e-11 -7.53011e-10 -2.02719e-10  -2.13925e-10 -1.53676e-10 -1.48511e-10  5.99071e-07 -8.81236e-07 7.68215e-07  -7.79036e-07 1.16974e-07 3.97808e-07  2.98955e-07 1.08398e-06 -1.1275e-06  3.83427e-07 6.82311e-07 -1.05007e-06  6.82312e-07 9.10422e-07 -1.1286e-06  4.79872e-10 3.10638e-10 -2.03986e-10  1.75342e-09 -1.99205e-07 6.02494e-07  2.91978e-11 -2.31396e-10 -4.55172e-10  1.44089e-11 3.01145e-10 -5.5683e-10  4.56671e-11 9.01164e-10 -3.60045e-10  6.24378e-07 1.11443e-07 7.12702e-07  -1.15087e-07 -1.67362e-07 6.42013e-07  1.01519e-10 -1.48079e-10 -2.20929e-10  1.90909e-10 -2.31125e-10 -1.69328e-10  -7.24811e-11 -3.17408e-11 -1.94348e-10  6.99536e-11 1.5098e-11 -8.92961e-11  4.00979e-07 3.64332e-07 7.16959e-07  1.37032e-10 -2.22369e-10 -2.65248e-10  9.97532e-11 -1.816e-10 -1.88418e-10  -1.08615e-07 -1.20473e-07 6.16332e-07  2.79654e-07 2.12e-07 7.50975e-07  4.25729e-10 1.52786e-10 -2.5853e-10  -1.50542e-08 4.2158e-07 7.25947e-07  1.71545e-07 -3.03312e-07 4.57843e-07  -1.93543e-06 4.67486e-06 1.16325e-06  5.86279e-11 -1.9776e-10 -1.4243e-10  1.52773e-10 -2.8439e-10 -4.01439e-10  6.2499e-06 2.94329e-07 -2.29714e-06  2.54819e-06 4.24509e-07 -2.7052e-06  1.80496e-06 -1.1195e-07 -2.61775e-06  -4.06174e-07 -9.36469e-07 9.79689e-07  -3.63205e-07 -2.55078e-06 1.10212e-06  1.57775e-10 -3.15299e-10 -4.29644e-10  5.7245e-10 -7.08945e-10 -5.70727e-10  4.6592e-10 -8.2359e-10 -6.07636e-10  -3.09233e-08 4.77304e-08 -1.37416e-07  -4.8979e-08 4.08367e-08 -1.14163e-07  2.10131e-07 -3.45832e-07 4.82814e-07  4.61448e-07 6.47422e-07 9.38206e-07  1.15338e-07 -3.81945e-08 6.6539e-07  -6.69839e-07 -9.44607e-07 1.04455e-06  -4.23622e-07 -8.16459e-07 9.18046e-07  1.93331e-06 1.82829e-06 1.21243e-06  3.33703e-06 1.27815e-06 9.13981e-07  4.4716e-06 4.33473e-06 1.15221e-06  -1.83052e-08 -1.94452e-07 4.87897e-07  1.69948e-06 7.01424e-07 9.37231e-07  -7.1622e-06 2.70412e-06 4.65024e-07  -4.17116e-06 1.88673e-06 1.10846e-06  -4.61779e-06 1.69512e-06 1.09058e-06  8.86482e-11 -8.06355e-12 -3.04988e-10  -4.64259e-11 4.83203e-10 -3.70318e-10  6.00826e-08 1.54592e-07 6.14129e-07  8.31648e-07 1.46487e-07 7.41282e-07  4.53577e-07 1.01782e-07 5.47222e-07  2.07127e-10 5.55134e-11 -7.12462e-10  -1.10451e-09 3.85804e-10 -8.22957e-10  -2.1566e-09 9.25606e-11 -8.83857e-10  6.98333e-07 6.91586e-07 9.78726e-07  2.52367e-09 -6.56019e-08 -1.64455e-07  -1.01185e-08 -1.0492e-07 -2.61057e-07  5.55355e-07 4.98784e-07 4.53714e-07  -3.68595e-08 -2.34586e-07 5.97512e-07  3.87171e-10 1.52833e-11 -7.67517e-11  4.50514e-06 2.70802e-07 9.08468e-07  5.12458e-08 3.0625e-07 5.38177e-07  -4.0968e-10 -3.34881e-09 -1.07102e-09  1.8938e-10 -2.06244e-09 -9.46751e-10  7.38168e-10 7.07063e-10 -4.46565e-11  1.25434e-09 -8.4301e-11 -1.50259e-10  -7.85906e-08 -5.0798e-07 7.57938e-07  2.74793e-10 -4.87286e-10 -6.23341e-10  2.34914e-10 -1.99965e-10 -5.66778e-10  -2.97032e-08 7.29465e-08 5.14696e-07  2.43765e-10 4.65963e-11 -3.61427e-10  4.14634e-10 3.09821e-10 -1.44856e-10  -2.08242e-11 -6.8084e-11 -1.17453e-10  -3.47293e-11 -1.16391e-10 -1.01204e-10  -4.47786e-11 -2.02511e-10 -2.20058e-10  7.31021e-09 -1.09647e-08 -2.67718e-08  1.06552e-09 -4.85342e-09 -1.93801e-08  -3.73374e-09 -1.10848e-09 -1.89225e-09  4.64783e-08 8.64558e-08 -2.13536e-07  8.77354e-08 1.36458e-07 -3.09072e-07  6.32098e-08 9.08085e-08 -2.04376e-07  -1.08068e-10 -2.24531e-10 -2.20128e-10  -4.10354e-08 2.85941e-08 -9.1876e-08  -1.05336e-08 2.06812e-09 -5.52645e-08  -1.74729e-08 3.40286e-09 -7.61049e-08  -7.2927e-11 7.74877e-11 -2.60446e-10  3.13687e-10 -1.96396e-10 1.88882e-12  2.30613e-06 -8.99649e-06 8.96779e-08  4.40621e-06 -7.65529e-06 -2.57862e-08  2.98735e-06 -7.10116e-06 6.87337e-07  2.2345e-07 9.16951e-08 -3.76896e-07  1.83709e-07 3.62812e-08 -5.09149e-07  7.3587e-10 -1.69703e-10 6.8997e-11  3.25487e-10 -7.7827e-11 1.08359e-10  1.36733e-06 -2.41009e-07 7.02974e-07  -1.17219e-06 -3.43323e-07 9.59314e-07  -2.25742e-10 -1.65094e-10 -5.85344e-11  8.20106e-06 -3.35248e-06 1.8902e-07  3.06957e-06 -2.60603e-06 9.47614e-07  6.39565e-06 -4.8464e-06 2.2264e-07  -4.61839e-07 -4.94978e-08 7.70686e-07  2.1844e-07 2.28182e-07 5.67552e-07  -3.50879e-10 -4.68278e-10 -7.04627e-10  4.24583e-10 -1.2126e-10 -2.67986e-10  2.00811e-10 -3.08495e-10 -3.72001e-10  3.22143e-10 1.81493e-10 -4.52012e-11  2.03703e-10 1.75822e-10 -3.64042e-11  -2.02697e-08 -3.25125e-07 4.88907e-07  -6.61513e-08 -2.6269e-07 3.69372e-07  -4.41401e-07 2.10359e-08 5.44569e-07  -4.46517e-07 3.76807e-08 3.02018e-07  -2.64913e-07 -8.25121e-08 4.50039e-07  5.08254e-11 5.72618e-11 -3.21313e-10  -2.34927e-06 8.6487e-06 5.73985e-07  -2.74206e-06 8.20645e-06 -1.43443e-06  -1.76008e-06 9.99012e-06 -4.08576e-07  3.28121e-09 -6.47522e-09 -1.70606e-08  1.9301e-09 -2.28259e-09 -1.20507e-08  -6.63625e-07 7.20772e-07 -1.19387e-06  -1.26966e-06 1.36065e-06 -2.49907e-06  -5.89e-07 8.41193e-07 -2.23817e-06  6.06796e-07 -6.6377e-07 8.91829e-07  6.81517e-07 -7.29331e-07 6.95175e-07  3.16112e-10 5.61492e-07 5.45455e-07  3.19835e-07 -4.23297e-07 8.259e-07  -7.28907e-07 -2.35379e-06 -2.76581e-06  4.57337e-07 2.21065e-06 1.24759e-06  2.45725e-10 2.89596e-11 -8.89417e-11  3.9384e-07 -1.42895e-06 1.04726e-06  1.87804e-06 -3.81389e-06 1.25689e-06  -1.97109e-08 2.71461e-07 5.37899e-07  4.11669e-10 1.33293e-10 -2.11942e-10  -3.62659e-07 3.7557e-08 7.2528e-07  -1.35925e-07 8.71089e-08 6.73777e-07  3.02708e-11 -2.21645e-10 -1.24224e-10  -3.29116e-11 -1.80581e-10 -7.15981e-11  4.07304e-06 6.73695e-06 -1.64398e-06  4.46354e-06 6.73071e-06 1.54945e-07  6.3468e-06 7.12425e-06 -2.28918e-07  1.00632e-10 -2.22994e-10 -2.59961e-10  -1.0148e-10 -6.55927e-11 -3.52637e-10  -5.96141e-07 -5.46853e-06 9.31884e-07  1.37473e-06 -5.90894e-06 1.07801e-06  -2.43644e-10 1.25309e-09 -3.50779e-10  9.43591e-10 1.14e-10 -5.12025e-10  1.82412e-06 -2.33998e-06 1.13142e-06  7.62763e-10 -1.05857e-09 -1.14705e-10  -1.96557e-06 -5.8486e-06 -2.58676e-06  1.12758e-06 2.26527e-07 8.90846e-07  1.80536e-06 5.00179e-07 9.3019e-07  -3.07546e-11 3.20459e-11 -2.09834e-10  -1.71404e-10 1.47296e-10 -3.61465e-10  7.97729e-08 -1.57991e-07 4.41195e-07  6.87853e-11 -2.26261e-10 -2.70026e-10  -1.80318e-10 -1.2487e-10 -4.24695e-10  2.30331e-10 1.08479e-10 1.56969e-11  9.98113e-11 -1.86663e-11 -3.20883e-10  -1.78366e-10 -1.9564e-10 -1.27792e-10  4.4285e-10 1.87185e-10 -1.55933e-10  -5.99653e-08 2.14169e-08 5.20823e-07  -2.45267e-08 4.28596e-07 6.77127e-07  -6.34554e-08 1.0061e-06 9.99919e-07  1.90106e-07 -2.55619e-08 6.20402e-07  -4.57578e-07 9.05808e-08 -9.31958e-07  -4.44712e-07 -8.73151e-08 -8.74307e-07  -2.27314e-07 8.24738e-09 -6.02748e-07  7.02752e-07 -1.02406e-06 -1.18663e-06  3.94779e-07 -6.53471e-07 -1.12448e-06  -1.56679e-06 -5.39045e-08 8.87043e-07  1.19299e-09 -1.77557e-10 -5.49289e-10  1.29145e-10 2.84286e-10 6.2713e-11  -3.78547e-09 4.4649e-09 -6.75771e-09  -4.51626e-09 5.03525e-09 -9.02979e-09  -6.27251e-08 -2.87708e-07 -5.72724e-07  -1.1889e-07 -2.84719e-07 -6.12775e-07  3.3569e-09 -7.73306e-10 -7.60577e-10  -5.38314e-08 -1.79417e-07 7.97424e-07  3.89717e-10 1.79557e-11 -2.98378e-10  -1.44915e-06 6.03158e-07 9.60415e-07  3.33226e-06 6.25559e-07 1.02419e-06  6.36853e-07 1.01898e-07 8.68929e-07  -2.53368e-09 2.16115e-09 -1.57733e-09  -1.6086e-09 1.9543e-09 -1.40531e-09  4.01524e-10 -3.41606e-10 -1.84982e-10  7.02767e-10 -5.12923e-10 -5.96643e-10  1.67642e-09 -1.59421e-09 4.29197e-10  1.2372e-10 -1.65011e-11 -1.16948e-10  6.5688e-11 -6.00887e-11 -1.52296e-10  -2.97386e-07 4.24051e-08 4.20086e-07  4.29028e-10 -9.48408e-11 -1.31167e-11  -4.23464e-06 -7.71873e-06 -7.08788e-07  -2.12684e-06 -6.27879e-06 7.94759e-07  -1.40561e-06 -7.71499e-06 -5.67376e-08  7.52986e-11 1.61783e-10 -4.90147e-10  1.86781e-09 -2.41656e-10 -1.27296e-10  8.23987e-10 2.60706e-10 1.76995e-10  -6.12228e-08 -6.84768e-08 5.26545e-07  2.98412e-09 -9.84185e-10 -5.07548e-10  2.39752e-09 -5.79143e-10 -9.29624e-10  -1.66331e-10 4.49026e-11 2.87767e-10  -7.21453e-10 -3.38648e-11 3.33435e-10  -1.48104e-09 1.88992e-10 -1.14316e-10  7.70686e-09 -2.68047e-09 -1.12182e-08  -1.03761e-07 9.39849e-06 -1.62899e-07  -2.9764e-10 1.53952e-10 1.22298e-10  -3.43911e-10 -4.95293e-10 -3.08383e-10  -3.72344e-10 -3.45115e-10 -1.85324e-10  5.91513e-10 -1.1501e-09 -7.6438e-10  1.46264e-10 -1.48708e-10 -3.12334e-10  5.1211e-10 2.35748e-10 -5.1716e-10  1.7907e-10 1.37135e-09 -3.7948e-10  -7.40569e-11 4.11947e-10 -6.39265e-10  -2.12115e-06 5.71471e-07 1.01168e-06  5.23987e-11 1.4663e-10 -2.58467e-10  -8.71288e-07 1.03035e-06 -1.09024e-06  -7.41034e-07 7.16963e-07 -1.16601e-06  -9.19576e-07 8.49725e-07 -1.08386e-06  -1.60256e-09 -1.81195e-09 -9.95351e-10  -5.4747e-10 -2.47582e-09 -1.03274e-09  -6.73939e-10 -3.16923e-09 -1.04901e-09  3.68257e-10 -1.34087e-10 1.14648e-10  -8.81985e-08 -2.25833e-07 -4.5695e-07  4.42454e-11 -8.23568e-11 -2.16725e-10  1.08818e-06 2.41118e-06 1.16071e-06  1.24324e-06 4.64191e-06 1.20213e-06  2.22743e-10 -1.45119e-10 -8.87639e-11  -2.94698e-10 -3.09335e-10 -1.61546e-10  -5.45616e-10 -3.97549e-10 -3.09913e-10  -1.91823e-12 -2.08019e-10 -1.78272e-10  -5.58556e-07 2.75944e-07 -1.18593e-06  -2.25556e-10 -2.63886e-10 -2.18132e-10  -1.51392e-10 -2.31073e-10 -8.11723e-11  4.38871e-10 -9.22912e-10 -6.50851e-10  2.50034e-10 -5.45385e-10 -3.68303e-10  1.35729e-10 -3.75651e-10 -3.42071e-10  1.29281e-10 -2.8938e-10 -3.28953e-10  -1.77276e-10 -2.34056e-10 -4.98231e-11  -5.59857e-10 -2.13021e-10 1.59957e-10  -7.63099e-10 1.65837e-10 -3.54083e-11  -1.275e-09 -2.69195e-10 8.52351e-11  -1.41995e-07 -1.14307e-07 4.43224e-07  7.26222e-11 -1.87483e-10 -1.13995e-10  1.02604e-10 7.00086e-11 -3.36831e-10  4.12527e-10 3.86976e-10 -4.04991e-10  -9.90376e-07 5.40664e-07 -1.06525e-06  -1.05252e-06 2.71948e-07 -1.16608e-06  -7.41447e-07 3.55722e-07 -1.115e-06  2.83024e-10 9.13467e-11 -3.70708e-11  1.15374e-09 1.53658e-09 -1.62061e-12  1.34165e-10 8.28692e-10 -6.59273e-11  1.03888e-07 -3.08725e-06 1.09674e-06  1.26343e-07 -5.44573e-07 -9.64021e-07  -3.89554e-10 9.30864e-12 -4.46786e-11  -1.93142e-06 -4.00302e-06 1.1196e-06  -1.58691e-10 6.14295e-10 -2.03869e-11  -8.43295e-10 2.29696e-10 1.04305e-10  -2.62266e-10 -2.82653e-10 -6.24827e-11  -5.20011e-09 -1.02947e-07 6.41926e-07  -2.32051e-07 -6.7949e-08 4.86836e-07  3.2773e-10 -1.16654e-10 -5.21351e-10  -9.27191e-11 -4.00804e-10 -6.86849e-10  -1.19909e-07 1.16163e-07 6.75506e-07  -7.91059e-07 -4.08013e-07 9.58864e-07  -2.73882e-06 -1.35458e-06 1.234e-06  3.30225e-06 -5.3298e-06 1.01926e-06  6.71502e-09 -2.58144e-08 5.68418e-07  6.64021e-10 -2.73462e-10 2.7559e-11  -3.97552e-06 7.29909e-07 9.74641e-07  -6.68936e-06 4.99664e-06 1.05489e-07  1.34875e-09 -6.18748e-10 -3.86319e-10  -1.03022e-07 -1.36755e-07 -3.63285e-07  -1.50402e-07 -1.19154e-07 -4.12432e-07  -1.01953e-07 -1.02174e-07 -2.68668e-07  2.5916e-10 2.42366e-10 -4.65226e-10  -9.43634e-08 1.21808e-07 7.88387e-07  6.6937e-10 -1.07187e-09 -7.50962e-11  1.24054e-07 -1.29755e-07 5.84586e-07  -2.15243e-09 3.55583e-09 -1.50815e-09  7.82043e-08 2.31017e-08 -2.33292e-07  1.83827e-07 8.13213e-08 -3.12201e-07  1.15273e-07 -3.52661e-08 5.38532e-07  -2.87015e-09 -6.15881e-08 5.29935e-07  -4.26918e-10 1.39733e-09 -7.19092e-10  8.74093e-10 -1.33044e-09 -5.98399e-10  9.53901e-08 -9.75209e-07 8.95194e-07  -6.5549e-07 2.53839e-07 -2.07244e-06  -4.69954e-07 3.87377e-08 -1.6433e-06  2.00408e-09 3.77268e-10 -2.10638e-09  1.64837e-09 8.8118e-10 -1.8151e-09  2.16041e-09 8.93631e-10 -1.45578e-09  5.19118e-08 -3.1609e-08 -1.31468e-07  4.44899e-08 -4.9729e-08 -1.49786e-07  2.69246e-08 -2.69173e-08 -1.06149e-07  1.30116e-07 -4.46311e-07 5.44334e-07  4.43949e-10 -6.26445e-11 5.69272e-11  5.13167e-10 -6.82317e-11 -1.76152e-11  -9.7979e-11 7.96602e-10 -2.89452e-10  1.29357e-09 1.13114e-09 -4.5174e-10  1.32277e-09 7.14104e-10 -2.79452e-10  1.71717e-09 1.80435e-09 -5.51081e-10  -7.80973e-10 7.02987e-12 -1.15776e-09  1.06587e-06 1.42497e-06 1.16146e-06  7.01341e-10 2.7415e-09 -4.13454e-09  -4.83731e-10 -4.5142e-10 -5.41906e-11  -1.58796e-09 -7.27172e-11 2.48164e-11  4.54464e-10 2.2066e-10 -6.07017e-10  -4.84154e-10 -4.72268e-10 -7.83697e-10  3.06192e-10 4.37655e-11 -6.4655e-10  2.45443e-10 1.30545e-09 -3.82463e-10  1.17126e-10 1.05401e-09 1.99096e-10  7.84678e-11 1.20415e-10 -7.14305e-11  1.53632e-08 -8.6009e-08 -2.03561e-07  2.81391e-09 6.60029e-09 -4.69436e-08  -4.61437e-06 3.13793e-06 9.03694e-07  -6.06096e-07 2.93412e-06 1.31935e-06  1.05238e-06 -4.85685e-07 -2.34975e-06  5.1239e-06 -1.47387e-06 -2.88286e-06  1.01103e-09 6.20177e-10 5.26532e-11  7.46456e-10 4.59587e-11 6.4907e-10  4.50147e-08 4.07162e-09 -1.41946e-07  2.00331e-10 2.05022e-10 -8.64485e-11  9.00668e-07 -1.07528e-06 1.03128e-06  3.25985e-10 -7.59221e-11 -1.73386e-10  -2.25969e-09 -4.50702e-08 -1.23219e-07  -3.43615e-08 -4.28262e-08 -1.7152e-07  -2.65349e-08 -7.73346e-08 -2.31797e-07  2.77032e-10 -9.43162e-10 -2.62744e-11  -1.0803e-06 8.66333e-06 8.86341e-07  -1.03623e-06 5.83752e-06 1.3147e-06  7.18646e-10 2.74592e-10 -4.86937e-10  3.04518e-09 1.24744e-09 -6.9203e-09  5.27221e-09 1.78562e-09 -8.26489e-09  -5.75612e-07 8.77736e-07 9.75475e-07  -1.04975e-06 3.42196e-07 8.44333e-07  -1.13388e-06 4.00205e-07 8.57789e-07  3.97879e-10 -1.06544e-10 -9.84004e-11  9.82422e-10 -1.1685e-10 -1.51558e-10  -5.96018e-11 6.18111e-10 -1.38349e-10  8.19062e-10 -6.91268e-10 4.09364e-10  -5.48351e-09 -1.81684e-09 -1.17134e-08  -3.30437e-09 -3.94516e-10 -1.43361e-08  1.07968e-09 1.68139e-09 -9.19666e-10  7.96871e-10 2.03483e-09 -7.55649e-10  1.13888e-09 1.66414e-09 -4.39672e-10  3.66783e-10 2.74558e-10 -4.0664e-10  -1.5544e-10 8.10124e-10 -4.78106e-11  -5.78106e-10 1.6944e-10 -4.50411e-10  7.38742e-09 -2.43088e-09 -1.57218e-08  4.76744e-09 -9.37124e-10 -1.86793e-08  1.95466e-10 -4.71372e-10 -4.6238e-10  5.78316e-10 -9.23132e-10 -4.55387e-10  8.42803e-11 -4.78844e-10 -4.56601e-10  2.22561e-10 -3.84669e-10 -4.61282e-10  -2.85386e-08 6.61685e-07 8.55403e-07  1.46396e-11 1.06524e-10 -5.4244e-10  -1.13266e-08 5.77031e-09 -2.67323e-08  -2.37415e-09 7.22307e-09 -3.61735e-08  -7.31302e-09 9.94801e-09 -2.47251e-08  2.2637e-06 2.78012e-06 1.30735e-06  1.08367e-06 1.18998e-06 1.09833e-06  1.13509e-10 2.56835e-10 -2.4293e-10  -1.88196e-10 -1.93429e-10 2.26972e-10  -2.19614e-09 -4.41627e-09 -1.48703e-08  2.41893e-09 -1.34155e-09 -2.11441e-08  9.46291e-10 -4.59327e-09 -1.23864e-08  -4.47776e-07 3.44568e-06 1.40826e-06  6.49056e-06 -5.26774e-06 -1.06781e-06  5.01655e-06 -3.7663e-06 -2.57315e-06  4.58538e-06 -5.40048e-06 -1.99189e-06  6.2344e-10 5.24986e-12 -1.7506e-10  -2.0462e-07 -1.7344e-07 -6.84182e-07  -2.4897e-07 -1.06981e-07 -5.44343e-07  1.01132e-09 -2.15008e-10 -7.6077e-10  3.85122e-10 -4.72682e-09 -4.08666e-09  7.04433e-10 -4.908e-09 -4.06054e-09  -1.61502e-10 -4.07872e-09 -3.71913e-09  -1.80834e-09 -2.4145e-10 -3.65774e-09  -5.21829e-09 -4.32707e-10 -7.90802e-09  -3.9575e-09 -1.08124e-09 -4.65695e-09  6.04021e-10 8.71765e-10 -5.50913e-10  2.6864e-09 -1.09011e-09 -1.68988e-09  1.29402e-09 -6.30074e-11 -1.04232e-09  -6.57546e-11 1.2981e-09 4.11391e-10  -4.60823e-08 -1.0081e-06 9.25304e-07  1.23201e-09 -6.60731e-10 8.96227e-11  -4.6181e-06 7.76891e-06 -5.36134e-07  -6.46718e-06 5.20251e-06 -1.37385e-06  -1.35194e-09 2.95881e-09 -1.60121e-09  -1.61802e-09 3.14173e-09 -1.42977e-09  2.09278e-07 -1.45914e-07 -6.65681e-07  3.36939e-07 -3.25662e-07 -9.27312e-07  -3.23119e-06 1.6826e-06 1.01499e-06  1.36834e-09 -5.39561e-08 -1.30972e-07  9.95683e-10 1.82087e-10 -5.2319e-10  5.9148e-10 -5.98253e-10 -6.87412e-10  -4.86068e-06 -1.59198e-06 1.15907e-06  -4.30153e-06 -6.65517e-07 1.034e-06  4.11401e-08 2.88548e-08 -9.21972e-08  3.55366e-09 1.59932e-08 -8.66053e-08  2.24314e-08 3.03372e-08 -1.28483e-07  3.96752e-10 -1.71107e-11 -8.76288e-11  -4.79637e-10 -4.26201e-10 1.40149e-10  -8.16031e-10 -4.5464e-10 -5.89645e-10  -1.19744e-09 -2.89972e-10 -3.04967e-10  -2.33688e-10 -1.88072e-10 -3.96377e-10  -1.26984e-10 -4.65017e-10 -2.74987e-10  1.87552e-09 1.02976e-09 -4.67349e-10  7.02521e-10 8.1751e-10 3.73106e-10  2.00576e-09 1.61934e-09 1.11961e-10  7.24297e-10 5.09406e-10 2.66355e-10  -9.35519e-10 -1.76625e-08 -6.49829e-08  7.94375e-09 -2.28468e-08 -9.71402e-08  -9.03645e-08 1.09628e-06 1.00691e-06  9.04832e-10 5.03768e-10 -4.92191e-10  1.02308e-09 7.06618e-10 -3.64646e-10  -1.37988e-08 5.05395e-09 -2.78571e-08  -1.41756e-08 2.91194e-09 -3.46639e-08  5.98599e-06 6.50157e-06 -1.56679e-06  -1.37509e-09 2.24557e-09 -2.52472e-09  -1.90559e-09 4.04988e-09 -2.66373e-09  9.19003e-10 3.67373e-10 -5.68778e-10  1.09256e-09 4.73202e-11 -4.17502e-10  -5.70781e-06 -5.5114e-06 1.03708e-07  -5.38162e-06 -6.30634e-06 -1.3439e-06  2.32364e-08 -3.01621e-08 5.11751e-07  1.15311e-09 -6.51747e-10 -8.48811e-10  1.08811e-10 -3.43044e-10 -2.78441e-10  -2.47874e-09 4.87044e-09 -4.82609e-09  -6.53451e-07 2.53821e-07 7.70879e-07  2.17834e-09 -1.37751e-09 -1.98919e-09  5.73507e-10 -2.0963e-10 1.46005e-10  5.16474e-11 -4.99698e-10 -4.96475e-12  -4.94577e-11 1.08185e-09 2.70029e-10  -4.11439e-10 1.35756e-09 -9.05245e-11  -7.96377e-10 5.07481e-10 2.70036e-10  7.48642e-08 -1.28869e-08 -1.99091e-07  -3.86564e-06 -5.99443e-06 5.82068e-07  3.22875e-06 4.45735e-06 1.15397e-06  1.2329e-09 -2.99163e-10 -1.98646e-10  -8.34643e-09 -9.10666e-09 -3.38751e-08  -4.91646e-09 -1.877e-09 -1.95523e-08  -1.2943e-06 -2.55044e-06 -2.90217e-06  -3.56807e-06 -4.19665e-06 -2.70767e-06  -2.95213e-10 3.00837e-10 -7.47568e-11  -2.64155e-08 -5.24026e-09 -5.95352e-08  -3.65841e-08 -9.29385e-09 -7.18627e-08  -4.23481e-08 -6.88837e-09 -7.64727e-08  -8.61591e-06 6.60361e-08 1.8699e-07  1.63049e-09 3.15351e-09 -2.69937e-09  1.09555e-09 2.83846e-09 -2.28037e-09  3.41417e-10 1.61859e-09 -3.18237e-09  5.8795e-10 -6.47229e-10 -2.99183e-10  4.8735e-10 5.98277e-10 -2.15666e-10  2.27092e-10 5.81707e-10 4.64976e-11  8.35427e-10 -3.5388e-10 -6.50181e-10  -7.37703e-07 5.5516e-07 -1.97321e-06  1.76245e-07 3.77757e-08 -3.00932e-07  9.40027e-08 -4.50542e-08 -2.5811e-07  6.19176e-08 -6.04731e-08 -2.24461e-07  3.63331e-10 -1.24162e-10 -1.35946e-10  2.72877e-09 -5.44657e-10 -7.1105e-10  1.16753e-09 1.68436e-09 -9.98217e-10  1.04296e-10 -7.82876e-10 -1.99892e-10  5.73999e-11 1.15526e-10 -2.86375e-11  1.42262e-07 -1.67058e-07 -3.68023e-07  1.8792e-06 7.83029e-06 -3.24953e-07  -2.62089e-09 -3.04661e-07 -5.7737e-07  -5.14911e-08 -2.10233e-07 -4.01089e-07  1.82949e-09 -5.09471e-10 -5.85276e-10  1.31571e-09 8.86364e-10 -3.95211e-09  2.64547e-09 2.4623e-09 -3.44829e-09  3.89795e-09 2.96455e-09 -4.14634e-09  -1.69881e-10 -6.76908e-11 -5.62656e-10  8.80773e-10 1.30938e-10 -5.2053e-10  1.31892e-07 2.73399e-07 -6.30416e-07  -2.25391e-10 -1.87624e-10 -5.3957e-11  9.90158e-10 -4.21124e-10 -9.41892e-11  -1.41535e-10 3.31403e-10 -1.51593e-10  -3.99458e-10 1.13843e-09 -4.89327e-10  -5.36051e-10 -2.03603e-08 -5.40364e-08  -1.98218e-09 9.56125e-11 -7.35019e-10  -2.18755e-09 -3.42385e-10 -1.61929e-09  -4.0502e-09 -5.08088e-09 -2.33614e-08  -3.57177e-09 -6.48488e-09 -2.39492e-08  -8.05284e-09 -7.75557e-09 -3.05201e-08  5.99556e-10 -4.35396e-10 3.18103e-11  4.68333e-07 8.01413e-07 -1.66726e-06  -4.73394e-10 4.90263e-08 -1.31861e-07  -7.59764e-11 -1.3855e-10 -1.93297e-10  8.44192e-12 -3.02262e-10 -2.83628e-10  3.86603e-10 2.97262e-10 -2.13229e-10  -6.53839e-10 2.94405e-10 -4.61028e-11  -4.23582e-09 -1.01419e-09 -1.90062e-08  -7.82136e-09 -2.55611e-09 -1.43237e-08  7.69731e-08 2.76385e-06 1.34616e-06  3.15392e-10 9.77203e-12 -2.45601e-10  1.08902e-09 3.2825e-10 -6.09973e-10  4.18513e-10 -5.66876e-11 -9.73781e-11  3.10334e-10 3.52151e-12 -9.94098e-11  7.27605e-06 4.91318e-06 -1.46412e-07  4.1145e-09 4.20956e-09 -9.3909e-09  3.27314e-07 3.69356e-07 -7.95645e-07  5.76557e-07 4.55022e-07 -9.78683e-07  2.59947e-09 1.54951e-09 -1.20238e-09  1.05839e-09 7.54503e-10 -1.34291e-09  -3.28314e-07 -8.66318e-08 -5.53609e-07  -1.89775e-07 -1.41534e-08 -4.4395e-07  4.47229e-11 2.01647e-11 -7.99584e-10  1.6038e-09 4.91427e-10 -2.11144e-09  -7.77289e-06 9.5491e-07 -1.58747e-06  -8.06221e-06 2.92034e-06 -9.19971e-07  -7.56886e-09 6.43386e-09 -2.08597e-08  1.42578e-06 1.06385e-06 -2.4634e-06  -1.44736e-09 -1.3283e-09 8.99386e-11  -6.71796e-07 -6.08103e-07 -1.1597e-06  5.54797e-06 9.14227e-07 6.56749e-07  7.60121e-06 -7.44443e-07 3.5218e-07  4.18761e-09 1.37453e-09 -1.92996e-09  2.54148e-09 -5.05906e-11 -2.59501e-09  -4.36464e-11 2.25977e-10 -3.12217e-09  4.51845e-11 2.5297e-09 -1.95534e-09  -5.08419e-07 9.39541e-07 -1.1686e-06  -1.16742e-10 -1.04084e-09 -3.93402e-10  -1.92674e-10 -2.59499e-10 1.27194e-10  -3.78753e-07 -5.47913e-07 -1.00724e-06  1.09419e-08 -1.93863e-07 -4.0932e-07  -3.3197e-07 4.93233e-06 1.39786e-06  -1.79633e-07 6.24093e-08 -3.49813e-07  -7.6535e-08 3.95634e-08 -2.69823e-07  -2.69384e-10 -3.62551e-10 -6.24224e-10  1.25672e-09 3.02421e-10 -5.60052e-10  -1.61922e-06 9.0934e-07 9.10572e-07  -2.5081e-06 2.70458e-06 1.07473e-06  7.0954e-07 7.10409e-07 -1.0847e-06  6.36173e-10 1.18844e-09 -1.45064e-10  -2.70725e-10 7.10511e-10 1.677e-10  -1.41817e-10 -7.01684e-10 1.39761e-10  8.78646e-10 -1.41292e-09 -5.20252e-10  9.06665e-10 -2.13047e-09 -3.89509e-10  2.64654e-10 -1.18835e-09 -5.06864e-10  -1.95017e-09 3.52258e-09 -1.65869e-09  -1.82869e-09 3.16978e-09 -3.2356e-09  5.84189e-07 5.67323e-07 -1.25213e-06  -3.87042e-07 2.3018e-08 4.88231e-07  -1.01656e-07 2.74989e-06 -2.88956e-06  -3.31377e-10 1.81389e-10 -8.69459e-10  6.01873e-09 1.46185e-09 -7.56291e-09  -1.61278e-10 -1.96367e-09 -4.61328e-10  1.04027e-09 -1.80469e-10 -6.84302e-11  5.59224e-10 -1.10276e-10 1.08934e-10  2.2347e-07 -2.07244e-08 -4.00739e-07  2.96437e-09 6.37466e-10 -1.64082e-09  1.97297e-09 -1.80199e-10 -8.07822e-10  2.51053e-09 -1.54184e-10 -7.8089e-10  2.00263e-09 -3.20072e-10 -3.07588e-09  4.95862e-09 -1.24064e-09 -3.50533e-09  3.50076e-09 -3.25115e-10 -8.14471e-10  2.53791e-09 -7.90492e-11 -1.1274e-09  1.49032e-09 -9.87055e-11 -9.87331e-10  -2.80318e-09 1.34787e-08 -3.97987e-08  -1.82561e-09 1.43415e-08 -3.08525e-08  -2.6973e-10 -3.68827e-11 3.28479e-10  1.1375e-07 -6.49775e-07 -1.34849e-06  9.21082e-07 -5.17729e-06 -2.92753e-06  3.92381e-07 -7.27348e-07 -1.86668e-06  2.60896e-06 6.12575e-06 6.87967e-07  3.27688e-09 2.34774e-09 -3.11733e-09  -4.89468e-06 5.35631e-06 6.7908e-07  -5.35056e-06 -3.92852e-06 -2.3482e-06  -7.17504e-06 -5.01843e-06 -8.35668e-07  -7.75972e-10 5.31393e-10 -2.8283e-10  -1.15608e-09 1.46924e-08 -6.86578e-08  -8.28314e-09 -2.76117e-09 -2.08514e-08  1.73471e-06 2.37917e-06 -2.86308e-06  1.02709e-09 -3.63418e-10 -3.9183e-10  -1.11532e-09 1.96649e-09 -3.50843e-09  6.66587e-11 5.68824e-10 -7.28457e-09  -1.44153e-07 -4.51997e-07 -9.09965e-07  -4.69661e-07 -1.03255e-06 -1.11871e-06  9.80278e-10 4.76967e-09 -8.58149e-09  -1.86626e-09 4.75042e-09 -5.79674e-09  -1.02789e-09 4.6137e-09 -5.34346e-09  1.72739e-10 2.19521e-10 -2.50932e-10  1.03005e-06 4.22115e-07 -1.9252e-06  -5.00088e-10 -3.97819e-10 -6.22984e-10  -1.37876e-09 -1.42124e-09 -7.09795e-09  -8.56731e-10 -2.23759e-09 -3.67108e-09  2.39813e-09 -7.33177e-10 -8.89926e-09  3.8152e-09 -4.13892e-10 -1.16193e-08  -1.57734e-09 1.50018e-10 -6.54799e-10  5.36951e-09 5.35599e-09 -2.15043e-08  7.49456e-06 3.48998e-06 -1.06397e-06  7.66037e-06 1.38644e-06 -2.54616e-07  -2.26004e-07 1.22349e-07 -4.74202e-07  -7.27695e-08 8.97968e-08 -3.05742e-07  -1.91128e-07 1.82451e-07 -5.50519e-07  -1.66231e-09 1.86487e-09 -1.03666e-08  -7.47657e-08 -1.40877e-06 -2.36657e-06  -2.3982e-10 -2.08164e-10 -2.03437e-11  -3.38102e-09 -3.56326e-09 -1.05106e-08  -7.02169e-09 1.91256e-08 -6.80882e-08  3.10897e-09 7.34037e-10 -1.89501e-09  3.50226e-09 8.02529e-10 -1.6306e-09  1.32482e-07 1.49105e-07 -5.30486e-07  -1.43953e-07 1.97338e-08 -2.74526e-07  -1.22665e-07 2.05516e-06 1.21401e-06  -1.18995e-09 -1.60192e-09 -1.6048e-09  -2.84033e-09 -1.46371e-09 -1.82497e-09  1.2671e-09 -2.4e-13 -5.95303e-10  -3.76878e-06 -3.61803e-06 1.08693e-06  1.08682e-08 3.54752e-09 -2.38117e-08  1.78786e-08 5.93328e-09 -2.75479e-08  -5.32611e-06 3.13736e-06 -2.43186e-06  -3.18353e-09 1.30726e-09 -1.67155e-08  1.74255e-07 -3.4894e-07 -8.54507e-07  4.77717e-07 -1.15265e-06 -1.16076e-06  -2.60072e-09 1.29009e-08 -2.80354e-08  1.68344e-10 1.6975e-10 -2.18246e-10  2.77892e-10 1.169e-09 1.72615e-11  -6.50369e-07 9.22232e-07 -1.02896e-06  -7.37836e-08 -1.36565e-07 -2.99147e-07  -7.22859e-10 2.63499e-09 -2.47392e-09  5.40885e-10 6.06964e-10 7.78162e-11  -2.11884e-10 1.23535e-11 -8.20342e-11  -5.26935e-10 -7.42693e-10 -4.09205e-09  1.49406e-07 -9.31213e-08 -3.63624e-07  2.18325e-07 -3.16545e-08 -3.79053e-07  2.31333e-07 -3.0531e-08 -5.59477e-07  -2.25713e-09 -3.97802e-10 2.34326e-10  1.90238e-10 8.92741e-10 1.3348e-10  8.24257e-10 3.60128e-10 7.05551e-10  -3.93037e-10 -6.08232e-10 3.66709e-10  3.18424e-09 3.07485e-09 -5.67579e-09  1.72339e-09 3.74747e-09 -7.47273e-09  -8.55609e-06 -1.8657e-06 -9.57352e-07  -6.15681e-06 -7.29124e-07 -2.58213e-06  -2.27195e-07 -1.17964e-06 -1.07758e-06  -5.62435e-07 2.03802e-07 -9.92057e-07  -5.53573e-10 -3.32813e-10 -2.51669e-10  -6.67171e-07 5.59371e-07 -1.09292e-06  2.25662e-10 -1.64584e-10 -3.61046e-11  1.91857e-08 -4.78748e-09 -6.22811e-08  1.50047e-09 -1.83327e-09 -6.29808e-09  6.67331e-10 -3.33395e-09 -4.62768e-09  7.17195e-06 5.74566e-06 -1.35308e-06  6.4595e-06 6.05952e-06 3.89869e-07  5.58333e-06 3.3331e-06 7.2567e-07  9.61782e-10 2.69237e-09 -3.53761e-10  -3.42404e-07 -5.64023e-07 -2.11195e-06  2.40009e-07 8.12757e-07 -1.98822e-06  1.05758e-09 6.72837e-10 -3.19628e-10  -2.76403e-10 1.46142e-10 -2.34408e-10  5.02523e-10 1.79117e-10 -3.8637e-10  6.70858e-08 2.89287e-08 5.29452e-07  -5.4406e-07 -6.75408e-07 -1.03454e-06  -7.46275e-07 -3.3228e-07 -1.00047e-06  -2.17283e-10 1.06255e-09 -1.0364e-10  7.46169e-10 3.5407e-10 -1.88481e-10  -2.264e-10 -4.43411e-10 7.16402e-11  6.20516e-10 8.89449e-10 2.02632e-10  3.5774e-08 3.47752e-08 -1.40991e-07  4.50997e-08 5.15109e-08 -2.19823e-07  9.68337e-09 1.2398e-08 -6.20451e-08  1.89515e-08 1.51383e-08 -8.36701e-08  -1.02151e-07 3.79605e-07 -1.23234e-06  -1.01987e-06 7.8903e-06 -2.27144e-06  6.43232e-09 4.25043e-07 -7.56197e-07  -9.92193e-09 2.83502e-07 -5.11713e-07  -1.16135e-06 3.14225e-07 -1.0027e-06  8.25048e-07 7.99376e-06 -1.75631e-06  -9.92985e-09 1.12879e-06 -1.16066e-06  -2.6445e-07 1.16805e-06 -1.17145e-06  1.07735e-06 6.81699e-06 8.49402e-07  2.69053e-09 -9.51035e-10 -8.6866e-10  -1.47286e-08 1.04752e-09 -5.21024e-08  1.07248e-08 -4.81639e-09 -3.40369e-08  4.28754e-09 -6.65489e-09 -3.06387e-08  3.81086e-09 1.88653e-09 -1.78453e-08  -7.6351e-11 -3.11492e-09 -1.14445e-09  2.25922e-06 -2.43783e-06 -2.83511e-06  7.03936e-07 -8.11411e-07 -1.79673e-06  6.41594e-07 -7.23277e-07 -1.66073e-06  -1.31505e-07 -3.99229e-08 -3.57485e-07  3.12038e-10 -7.82332e-11 -1.05802e-10  4.7276e-10 -1.06241e-09 2.02517e-11  4.23995e-07 -8.7947e-06 -8.33026e-07  2.08243e-06 -8.49504e-06 -1.49528e-06  -2.25635e-09 -3.74333e-10 -2.05682e-10  2.01971e-09 3.42019e-10 -9.31437e-10  2.25233e-10 -1.41989e-10 -3.06844e-10  3.65641e-10 -2.51353e-10 -2.79423e-10  -2.94312e-07 1.54877e-07 -7.17179e-07  1.45911e-06 -1.11666e-06 -2.56773e-06  1.97203e-10 1.83938e-10 -2.78039e-10  -3.45651e-10 -7.99771e-10 -1.68961e-09  -4.98132e-06 4.04933e-07 -2.7409e-06  -2.43138e-06 -1.99816e-07 -2.7732e-06  -1.2419e-10 -2.55909e-10 -1.08983e-10  8.7743e-11 -1.5081e-10 -2.84027e-10  3.21339e-09 1.2141e-08 -2.70808e-08  -4.85297e-07 -2.99562e-07 -1.02074e-06  -3.9903e-07 -1.35684e-07 -6.79507e-07  2.2236e-09 1.12961e-09 -1.14902e-08  -1.20098e-09 -3.80557e-09 -3.69204e-09  -1.7558e-09 -2.76281e-09 -2.85483e-09  5.8484e-10 -3.66111e-10 4.39074e-11  -8.08985e-11 -4.57023e-11 -6.03425e-10  -7.92138e-10 3.93234e-10 -7.11516e-10  -2.54284e-10 -5.84573e-11 -2.28873e-10  1.92244e-10 2.12608e-10 -2.2102e-10  -1.11082e-09 -2.05229e-09 -3.43362e-09  -8.94754e-08 -6.64803e-08 -2.22705e-07  -1.13925e-07 -5.43411e-08 -2.5656e-07  -5.17455e-08 -1.53704e-08 -1.78785e-07  -1.65503e-07 -7.38148e-07 -1.55949e-06  -1.31697e-07 2.04078e-07 -4.84137e-07  8.56646e-10 -9.08323e-11 -6.93305e-10  2.75664e-10 2.95526e-10 -2.62756e-10  1.61035e-09 -5.43696e-10 -7.35066e-10  1.55433e-07 8.06427e-07 -1.07451e-06  9.57556e-09 1.08514e-08 -4.59791e-08  1.63263e-08 -2.16339e-09 -6.40236e-08  2.21877e-08 -1.17677e-09 -6.61857e-08  7.38883e-07 -9.12343e-07 -1.19634e-06  -2.8018e-10 8.34492e-10 -1.05931e-09  -2.1225e-07 3.89571e-07 -8.8281e-07  -2.39583e-07 8.20453e-07 -1.13545e-06  1.93962e-09 -4.84715e-10 -4.21785e-09  9.26669e-10 4.84128e-10 -2.8917e-10  -8.72317e-07 7.29752e-07 -1.97913e-06  -7.86181e-07 -3.23464e-07 -1.19748e-06  -7.69918e-07 -1.07835e-08 -1.2088e-06  4.63524e-07 -1.00836e-07 -8.55733e-07  2.0073e-08 -4.96937e-08 -1.39249e-07  4.54509e-08 -7.08822e-08 -1.41709e-07  -1.00615e-09 2.70669e-10 -2.66333e-10  -1.00653e-09 -3.40788e-10 -1.6277e-08  -4.45467e-09 -4.56937e-10 -1.87804e-08  4.03542e-06 -2.06411e-06 -2.89718e-06  2.12124e-10 -4.25466e-10 -2.02853e-10  -5.64404e-10 -1.14038e-09 1.33263e-10  -4.3728e-09 -7.86832e-11 -1.1606e-08  1.44616e-07 9.50737e-08 -3.47091e-07  3.46601e-10 1.03057e-10 -5.806e-10  1.08028e-10 -1.95069e-11 8.73348e-11  3.80454e-10 2.14534e-10 -5.44541e-10  6.37688e-09 4.54384e-09 -1.96652e-08  1.75914e-09 1.53527e-09 -1.8946e-08  -1.68998e-09 6.15934e-10 2.12019e-10  7.08241e-10 5.572e-10 2.46985e-10  5.19186e-11 -6.15524e-10 2.80903e-10  -6.08962e-12 1.46907e-10 -2.24789e-10  -3.65971e-08 2.02724e-07 -3.69787e-07  -2.15845e-09 -4.36525e-10 -7.15374e-10  -1.90575e-09 -8.49215e-10 -1.20403e-09  9.61842e-07 5.22156e-07 -1.0885e-06  -8.82803e-06 -2.69643e-06 3.56555e-07  -4.16432e-10 -3.3519e-10 -6.44619e-10  -3.00469e-10 -2.351e-10 -7.45649e-10  -4.75375e-07 -2.28838e-07 -2.14983e-06  -4.65631e-07 -2.80648e-08 -1.39859e-06  9.4565e-10 -1.89905e-10 -4.63968e-11  4.53376e-10 4.78255e-10 -2.83779e-10  -1.39824e-08 -1.18272e-08 -6.2351e-08  -2.33611e-08 -1.53748e-08 -6.23977e-08  3.84546e-07 7.84038e-07 -1.57624e-06  -2.15169e-10 3.03838e-10 1.70304e-10  1.05663e-06 4.01956e-06 -2.84298e-06  -6.33012e-10 -5.81184e-08 -1.06306e-07  -2.34524e-09 6.11839e-11 -8.36402e-10  -9.6936e-10 1.15252e-10 -7.07644e-10  -5.83476e-09 2.50401e-10 -2.5334e-08  8.21177e-08 1.57952e-08 -2.08977e-07  2.20997e-10 1.29878e-09 -4.86966e-11  -7.95468e-06 -3.47797e-06 -1.2077e-06  2.67993e-10 -5.50352e-10 1.0435e-10  -2.28616e-09 1.10388e-09 -2.09951e-09  -4.06779e-09 1.92131e-09 -1.92583e-09  -4.52358e-06 -1.6099e-06 -2.85756e-06  5.03846e-09 4.96757e-09 -1.19006e-08  -2.20943e-09 -5.32415e-10 -6.86036e-10  2.7052e-10 -7.08243e-10 3.07881e-10  2.00879e-09 -1.89045e-10 -3.08733e-10  1.84292e-09 -4.18126e-10 -4.95242e-10  8.09302e-10 5.69578e-10 -2.57535e-10  8.69083e-10 -7.77183e-11 -2.27341e-10  -5.70421e-09 8.83671e-10 -9.89274e-09  7.11486e-10 9.26644e-10 -4.99257e-10  4.03063e-10 1.96693e-10 -7.51837e-10  3.89706e-08 1.2182e-06 -1.00052e-06  2.40904e-07 9.78686e-07 -1.11737e-06  -4.9922e-08 2.08209e-07 -4.41892e-07  -3.52843e-08 2.91967e-07 -6.64767e-07  -3.28759e-06 5.21928e-06 -2.67251e-06  5.68014e-11 -1.94333e-10 -2.60945e-10  4.34568e-06 2.04778e-06 -2.79995e-06  1.21675e-08 7.33773e-08 -1.84127e-07  -1.30322e-08 1.015e-07 -2.78584e-07  1.11936e-08 -8.19668e-09 -4.18011e-08  3.33766e-10 -1.3121e-10 -5.03738e-12  -1.5857e-09 2.82662e-09 -2.02843e-08  6.01316e-10 -9.21442e-10 -2.21584e-11  -1.00085e-09 1.17386e-09 -4.55654e-10  -4.55194e-10 1.03971e-09 -6.26181e-10  -4.765e-08 1.81307e-08 -1.2779e-07  -2.65775e-08 7.39408e-08 -2.14861e-07  4.90872e-07 -2.35523e-07 -1.01224e-06  7.48912e-10 -1.44296e-09 -1.56062e-09  7.58149e-08 -2.69193e-08 -1.69304e-07  -8.11399e-08 -7.72731e-07 -1.10248e-06  -2.9008e-08 1.12666e-07 -2.5996e-07  3.10742e-08 8.48525e-08 -2.68533e-07  1.33879e-07 -6.55855e-09 -2.81801e-07  -2.96871e-09 -9.24509e-09 -1.47497e-08  -1.621e-10 1.0251e-09 3.31629e-10  1.33687e-08 -8.33901e-09 -6.04807e-08  4.41068e-11 -5.23709e-10 7.03119e-11  -1.55834e-08 -2.10326e-09 -5.07609e-08  1.05631e-09 4.17908e-10 -5.63823e-10  4.23979e-10 -1.62516e-10 -4.91651e-10  2.36233e-06 2.52598e-06 1.36156e-06  -2.3772e-09 -3.88755e-10 -6.18936e-10  -1.98519e-09 -4.83622e-09 -1.13424e-08  8.6426e-10 9.95358e-11 -4.27096e-10  -2.53542e-09 -2.06265e-09 -3.40363e-08  -1.22519e-08 -1.13454e-08 -4.38095e-08  -1.08455e-10 5.04744e-10 -1.98511e-10  1.0584e-08 -2.01437e-09 -4.57273e-08  1.30102e-08 -6.9154e-09 -4.25196e-08  5.13613e-08 3.60007e-07 -6.60212e-07  1.53348e-09 -8.69705e-10 -1.08457e-09  2.08182e-09 -2.54717e-09 -2.16326e-09  -2.06434e-09 -2.41499e-09 -1.1083e-08  -6.50459e-08 1.67315e-07 -3.26091e-07  3.6002e-08 5.81654e-07 -9.57266e-07  -4.61137e-09 -1.33604e-09 -1.97442e-09  9.25876e-11 -6.35632e-10 4.80387e-10  1.64308e-10 1.39922e-09 4.15219e-10  4.48899e-10 -8.56689e-10 5.46687e-10  5.34036e-06 6.60047e-06 7.26474e-07  3.92903e-06 4.52736e-06 1.23464e-06  -1.19594e-11 -9.72251e-11 -1.0871e-10  4.65391e-11 9.3735e-10 4.26501e-11  -1.9501e-09 5.50907e-10 -1.97593e-09  -1.3304e-10 2.60369e-09 -1.08811e-09  1.9607e-10 -3.0283e-09 -7.68682e-10  9.53888e-11 -1.1451e-10 -6.38643e-10  2.10686e-10 1.99275e-10 -3.10553e-10  1.65767e-10 4.82258e-10 -4.81711e-10  -2.93253e-10 -4.06449e-09 -2.55e-08  2.45388e-10 -1.0372e-09 6.46356e-10  2.04002e-10 -6.8423e-10 5.49796e-10  -3.9755e-09 -5.91886e-10 -1.99821e-09  -2.23805e-09 -3.66984e-10 -1.65997e-09  -4.27198e-10 3.94432e-10 -1.39297e-10  2.86748e-10 4.82581e-09 -1.98496e-08  4.50327e-09 2.42201e-09 -1.34528e-08  -9.01976e-08 1.2783e-08 -2.21195e-07  -2.21935e-09 -7.11162e-09 -3.30675e-08  2.96083e-10 6.12451e-10 -5.25708e-10  7.07596e-10 -3.92842e-09 -5.98666e-09  -1.76796e-09 -6.02751e-09 -1.14954e-08  -1.11935e-09 -1.29981e-09 -1.14755e-10  -6.9e-10 -2.07636e-10 -3.58348e-11  3.68467e-10 -6.06869e-10 -7.15891e-11  7.89387e-10 -1.29083e-09 7.51029e-11  3.05903e-07 -4.92882e-08 -6.04233e-07  -2.74935e-08 -1.10976e-08 -7.54366e-08  1.9803e-10 4.3325e-10 -3.4447e-10  -3.37326e-08 -1.49475e-09 -1.09609e-07  -2.06475e-08 -1.59673e-08 -1.33353e-07  1.46096e-09 -9.9592e-10 -4.79897e-09  8.46349e-10 -1.7649e-10 -1.7516e-11  -1.40249e-09 -2.12369e-08 -6.1508e-08  -7.99198e-09 -8.5701e-09 -4.30548e-08  -1.21945e-06 3.49951e-08 -9.99371e-07  -2.1639e-09 1.2602e-09 -1.77493e-09  -1.54839e-09 -1.10058e-09 -9.11688e-10  -1.28853e-09 8.27468e-10 -5.0396e-10  4.13807e-10 -2.27198e-09 -2.66365e-09  -1.82768e-09 2.49274e-09 -1.36766e-09  1.82821e-07 4.54035e-07 -8.49688e-07  3.32198e-09 6.85174e-10 -5.37126e-09  -2.31356e-07 6.45165e-08 -4.49417e-07  8.90023e-09 1.6351e-08 -2.94977e-08  1.56193e-08 5.18857e-09 -3.27094e-08  -5.90464e-06 1.86354e-06 -2.47935e-06  6.23672e-08 1.70812e-08 -1.57762e-07  6.41092e-10 -1.76451e-09 7.89104e-11  1.18754e-09 -6.37851e-10 -1.41084e-10  3.89654e-10 3.64698e-10 -5.55627e-11  -7.99083e-11 3.42049e-11 -7.01123e-11  4.29735e-09 7.83484e-10 -6.05947e-09  7.95848e-06 -1.52154e-06 -1.08955e-06  -3.36787e-08 -5.69858e-09 -9.86267e-08  5.92863e-10 -4.53484e-09 -4.81767e-09  4.39787e-06 -4.89936e-06 8.12991e-07  -8.76341e-10 9.62877e-10 -5.15333e-10  -6.10873e-10 -3.96138e-09 -1.04587e-09  -1.54914e-10 5.04403e-10 -2.2972e-10  4.0731e-10 1.06906e-10 -1.72912e-10  2.44173e-07 1.95387e-07 -6.34815e-07  2.88525e-07 1.93586e-07 -7.1228e-07  -2.27177e-08 -2.539e-08 -9.28844e-08  -5.24445e-08 -5.7184e-08 -1.73118e-07  -5.82146e-10 1.43686e-09 1.09216e-10  -1.42926e-10 -5.43951e-10 1.94356e-10  -6.5785e-10 -5.91773e-10 -6.72802e-12  -1.39506e-09 -1.87781e-10 1.4214e-11  3.39642e-09 -1.41786e-09 -4.77821e-09  9.8841e-10 -7.4267e-10 -7.10563e-09  2.46758e-09 -7.83312e-10 -3.90922e-09  -4.62565e-09 -8.87187e-10 -8.06964e-09  1.62792e-07 -2.32104e-07 -5.94874e-07  7.1668e-06 -3.84276e-06 -1.60625e-06  -1.11222e-08 1.06943e-09 -2.69817e-08  -1.60457e-09 -5.5783e-10 -3.72157e-10  -1.16162e-06 4.1462e-06 -3.04714e-06  2.09123e-09 2.10469e-09 -3.65438e-09  -3.25912e-09 -1.30634e-09 -2.06221e-09  -4.96129e-09 -6.95026e-10 -9.35192e-09  1.53303e-09 1.18409e-09 -5.03561e-09  -8.84858e-08 -6.96107e-09 -2.03413e-07  8.69894e-10 2.87813e-10 -3.14827e-10  -1.10001e-06 -6.76616e-07 -1.20869e-06  -1.74814e-07 -5.97182e-07 -1.6723e-06  -4.55091e-10 3.48565e-10 -5.40572e-10  1.19269e-09 3.5466e-10 -1.14303e-08  4.4958e-06 3.94555e-06 -2.80979e-06  -1.62166e-09 7.14454e-11 -1.37778e-09  3.98356e-10 -5.88116e-10 -2.30319e-10  -8.25699e-08 5.00952e-07 -9.41396e-07  1.29959e-09 9.4627e-10 -1.27242e-09  1.07739e-09 2.4894e-10 -1.10065e-09  4.28638e-08 -1.37121e-08 -9.98444e-08  6.32215e-07 3.72438e-08 -1.05043e-06  1.15216e-06 1.03967e-07 -1.18554e-06  6.58812e-07 3.31085e-07 -1.03892e-06  1.29025e-09 -8.26316e-10 -4.15348e-10  3.5649e-06 -7.01158e-06 -1.65867e-06  1.66759e-06 -3.67524e-06 -2.9657e-06  8.41803e-10 1.80653e-09 -1.57541e-08  -1.51432e-07 -9.2364e-08 -3.53435e-07  -1.06369e-09 1.17069e-09 -1.15634e-09  -1.71145e-09 1.54268e-09 -1.4059e-09  9.96312e-10 7.35344e-09 -2.08036e-08  -1.12729e-07 2.51409e-07 -6.67504e-07  -7.41507e-07 -8.52977e-07 -1.11967e-06  2.61247e-09 -9.98388e-10 -5.15777e-10  6.3791e-10 6.42319e-10 -2.59256e-10  6.45246e-08 -2.48476e-07 -4.46336e-07  1.76363e-09 1.22923e-10 -7.63178e-10  1.32351e-09 -5.18255e-10 -4.30016e-10  -1.07928e-09 1.61045e-09 -4.45112e-09  9.06981e-07 1.299e-07 -1.26722e-06  5.04902e-07 1.40468e-08 -1.41258e-06  1.75694e-10 -3.30223e-10 -6.99756e-10  1.16582e-09 -1.81072e-09 -9.34681e-10  1.05032e-10 -4.77083e-12 -3.36939e-10  -4.52636e-07 -4.52796e-06 -2.86131e-06  7.9554e-10 2.89522e-10 -5.33423e-10  9.81795e-08 -1.96016e-07 -4.2266e-07  -3.6981e-06 -6.13209e-06 -2.21335e-06  -2.00859e-09 -4.01177e-10 -5.11824e-09  -2.48784e-09 -1.59439e-09 -3.16755e-09  1.55716e-10 8.61545e-10 -4.81029e-10  4.09443e-08 -1.20644e-09 -8.53831e-08  9.06008e-09 -1.54808e-09 -2.69118e-08  -1.27112e-09 2.59149e-09 -1.17816e-09  -2.6415e-09 3.02311e-09 -1.27807e-08  1.28375e-09 -3.93536e-10 -4.339e-10  2.37339e-08 -7.22305e-09 -7.52122e-08  1.14334e-09 2.80502e-09 -1.10361e-08  -6.01263e-06 -3.9532e-06 7.70053e-07  1.30456e-09 -2.39569e-09 -3.82288e-10  -5.7615e-08 -9.17405e-10 -1.4133e-07  2.59214e-09 -1.51785e-10 -3.80123e-10  6.70405e-09 6.02936e-09 -2.07433e-08  -2.9054e-08 4.94953e-08 -1.05894e-07  -8.59055e-09 3.79403e-08 -9.62143e-08  3.80631e-08 -1.56135e-07 -3.07003e-07  6.93878e-07 -6.9287e-07 -1.17174e-06  7.36833e-07 -6.59552e-07 -1.07934e-06  2.1508e-10 1.665e-09 3.28996e-10  1.74004e-09 -1.05073e-09 -9.82701e-10  6.42613e-08 -3.15794e-07 -6.08204e-07  -6.33562e-11 -4.16252e-10 4.71005e-10  3.1906e-09 1.25786e-08 -3.4213e-08  -1.36472e-09 -3.91e-09 -1.86558e-09  -9.6033e-10 -1.67146e-10 -9.18256e-10  1.44464e-09 -2.95356e-09 -2.89635e-09  -1.33376e-08 5.24991e-08 -1.49623e-07  2.40719e-09 6.11837e-08 -1.59581e-07  5.19612e-10 -1.24675e-09 -6.89642e-09  1.49826e-09 -7.10276e-11 -8.69229e-10  8.35218e-09 -1.49154e-08 -3.79646e-08  -1.32064e-06 -2.89453e-07 -1.11456e-06  -5.40367e-08 2.84335e-08 -1.53053e-07  4.71275e-11 -2.91442e-10 -1.02242e-10  -6.13687e-10 2.39176e-09 -9.95961e-10  -3.68246e-10 1.72983e-09 -6.98006e-10  1.38983e-08 -2.0883e-08 -8.41355e-08  9.03813e-11 2.40863e-10 1.4486e-10  1.45863e-11 3.52423e-10 3.90684e-10  -5.63334e-11 2.04016e-09 2.0494e-10  -1.31109e-09 2.42309e-08 -7.88285e-08  9.91854e-10 1.93798e-09 -1.05524e-09  5.58265e-10 2.93529e-09 -9.55341e-10  -8.16066e-10 2.94252e-10 -9.61029e-10  1.17045e-09 -1.80939e-11 -3.27991e-10  1.17715e-06 2.03152e-07 -1.09997e-06  1.1143e-06 -2.82151e-07 -1.2227e-06  -1.91102e-09 3.76262e-10 -6.0492e-10  -1.63493e-09 3.26214e-10 -3.61628e-10  -2.43004e-09 1.2051e-10 -2.38284e-10  1.16388e-09 -6.47176e-10 -3.9807e-11  8.17842e-07 3.77373e-07 -1.11638e-06  -5.88451e-09 -4.23853e-08 -8.1261e-08  3.57364e-08 -1.14159e-06 -1.16222e-06  2.50974e-09 -1.36318e-10 -4.34581e-09  4.67129e-08 9.85373e-09 -1.03251e-07  4.31239e-08 -8.74242e-08 -2.65303e-07  -1.36083e-07 -1.74869e-07 -5.13513e-07  -2.55439e-10 -5.74572e-10 2.87291e-10  -3.73192e-10 4.98628e-10 -2.65173e-11  -5.41247e-09 1.00921e-08 -7.14769e-08  -1.2476e-09 1.65803e-09 -1.15907e-09  1.24535e-08 1.73315e-08 -5.3659e-08  4.75784e-10 -1.24626e-09 -3.88697e-10  1.86051e-11 -2.29023e-09 -5.9358e-10  1.13362e-08 -1.95535e-09 -2.47295e-08  5.41679e-10 7.83813e-10 -7.03341e-10  -3.2418e-09 -1.36522e-09 -8.51165e-09  9.7746e-08 -8.12284e-07 -1.09523e-06  -3.19421e-07 2.78906e-07 -8.82306e-07  -4.97297e-10 5.45051e-10 -1.61185e-10  5.11948e-08 1.90417e-08 -1.41289e-07  1.15062e-08 7.42242e-08 -1.20904e-07  4.51996e-10 -4.46838e-10 -4.07636e-11  -1.16641e-08 7.17417e-10 -4.21879e-08  8.74265e-10 2.03986e-09 -5.12483e-10  -2.10339e-09 -3.04419e-09 -2.89867e-09  -2.65411e-09 -6.45993e-09 -1.36954e-08  3.40168e-10 2.0628e-09 -1.11271e-09  -2.10278e-09 1.68649e-09 -8.24666e-09  -3.88362e-09 1.73597e-09 -8.67117e-09  2.74022e-08 1.59551e-07 -4.4149e-07  -3.36978e-10 6.15945e-10 -6.3578e-10  -7.27494e-10 9.28293e-10 -1.50041e-10  -4.98037e-10 -3.6384e-10 5.83088e-10  -8.10466e-10 -2.22546e-10 2.46941e-10  3.39414e-10 5.38356e-10 -3.38464e-10  9.32582e-09 -7.48017e-10 -4.3742e-08  2.4395e-09 -5.25486e-09 -9.01131e-09  3.46357e-09 -3.52452e-09 -7.97466e-09  6.18396e-11 4.37659e-10 -1.56427e-11  9.04224e-07 -5.72927e-07 -1.14759e-06  -8.37768e-10 4.09518e-10 -3.21168e-10  8.05963e-10 -3.85184e-09 -8.81093e-09  -4.91217e-10 1.83322e-10 4.9177e-11  5.94708e-10 1.31357e-09 -7.86526e-10  4.33241e-09 1.78084e-09 -7.73078e-09  -3.73557e-06 3.22924e-06 -2.82141e-06  -7.21206e-10 3.17819e-10 -1.11721e-09  1.57286e-10 5.71006e-10 -4.63843e-10  -8.50906e-08 6.76707e-09 -1.84507e-07  -1.90672e-09 -2.98816e-08 -8.43295e-08  1.30135e-07 -2.48462e-08 -2.61053e-07  -1.0444e-10 -1.96673e-09 -7.2698e-10  4.46714e-08 -8.75499e-09 -1.04718e-07  -1.19985e-09 2.3148e-10 -1.59895e-11  -1.20886e-09 -3.87299e-10 -2.72679e-10  -1.21101e-09 -2.52477e-10 -1.34908e-11  -1.53905e-09 9.21234e-11 -7.35672e-10  2.84303e-09 2.45607e-09 -7.9251e-09  5.1106e-10 7.654e-11 -1.4742e-10  -5.59048e-11 -4.79028e-10 2.30749e-11  7.36957e-07 -2.76527e-07 -1.05103e-06  2.80316e-08 -8.26656e-08 -1.9518e-07  2.90868e-10 1.89749e-10 5.06991e-10  -3.44856e-08 -5.10698e-07 -8.20863e-07  -5.25241e-09 6.84622e-11 -3.0756e-09  -2.51378e-09 4.85862e-09 -3.98051e-09  2.76033e-10 5.91779e-09 -6.66315e-09  5.84874e-10 9.05932e-10 2.24906e-10  1.48009e-06 -8.66356e-08 -1.14251e-06  9.96267e-07 -1.1032e-07 -1.22245e-06  9.9915e-09 -1.21803e-08 -5.26625e-08  4.70648e-06 -1.13121e-06 9.01219e-07  5.80678e-07 -8.8444e-07 -1.16505e-06  3.05894e-09 -3.08202e-09 -2.85281e-09  -3.73062e-08 4.11711e-08 -1.82483e-07  3.57518e-09 1.26189e-09 -3.46745e-08  -8.47465e-10 -2.6546e-10 -1.83937e-10  1.61941e-09 -4.62093e-09 -7.53486e-09  -1.93013e-08 -8.61415e-09 -5.56075e-08  -2.29676e-09 3.40006e-09 -6.94482e-09  -4.16391e-10 6.83716e-10 1.02004e-10  -1.58184e-09 -8.22077e-10 -2.70341e-09  8.92488e-10 1.02302e-09 -4.46386e-10  -2.69092e-09 9.79759e-10 -2.05532e-09  3.12835e-08 -4.6517e-07 -7.50294e-07  1.40867e-09 1.65542e-09 -2.22631e-09  9.14452e-09 -1.52287e-08 -6.11154e-08  2.73998e-07 4.89427e-08 -7.55171e-07  1.06727e-09 -2.82204e-09 -2.71796e-10  1.51445e-09 -3.16864e-09 -2.93489e-09  -4.21037e-09 6.556e-10 -4.30303e-08  -1.36152e-09 -7.64377e-11 -2.268e-10  5.03634e-09 -8.82409e-09 -3.12445e-08  -3.2764e-09 -2.27147e-09 -2.56271e-09  
            </DataArray>
            <DataArray type="Float64" Name="Force" NumberOfComponents="3" format="ascii">
               0 0 0  2.20857e-07 9.48916e-08 -7.87699e-09  -3.59623e-05 9.99979e-05 1.59842e-09  -2.63867e-05 6.20827e-05 -5.62218e-09  5.43946e-07 2.10082e-06 -3.28995e-08  4.38301e-07 9.5208e-07 1.41599e-08  0.000166517 -0.000627485 -2.45158e-05  -4.2243e-06 4.03343e-05 -1.04578e-07  6.26133e-06 3.28326e-05 3.75405e-07  2.3582e-06 3.99783e-05 1.28204e-07  -4.87801e-07 -1.21675e-06 1.88049e-08  0.000924361 -0.000738227 -2.69311e-05  0.00144378 -0.000125488 -2.37151e-05  2.85419e-05 7.9838e-05 6.2938e-07  3.48665e-06 7.80491e-06 4.54045e-07  7.35351e-05 9.61794e-05 5.49824e-07  8.92358e-07 1.15306e-06 -4.43018e-08  0.000382679 -0.000415426 1.02496e-05  -2.05324e-08 -3.59149e-06 7.03087e-09  -1.8657e-06 -8.93178e-06 1.4638e-08  6.30665e-07 -1.29219e-05 -1.93419e-07  0 0 0  0.00103762 0.000513708 -1.85812e-05  -7.59023e-07 1.11629e-06 5.75218e-09  7.69976e-08 8.75869e-07 5.20786e-09  1.07314e-06 3.06324e-07 1.41143e-08  -5.35182e-07 1.18589e-07 1.18185e-08  0 0 0  -5.81162e-07 6.13607e-07 2.37824e-08  -2.44587e-07 2.10275e-07 -1.06531e-08  0.000999612 0.000942373 -1.32837e-06  0.000979815 0.000710235 -2.56454e-05  2.39878e-06 5.99527e-06 -7.89956e-08  0 0 0  -0.000247044 0.000512993 1.1626e-05  -0.000423298 0.000863696 -1.04735e-05  -2.50785e-07 1.39449e-07 -9.00751e-09  -1.75025e-06 2.51467e-06 3.84631e-09  0.000345428 1.38432e-05 5.72716e-06  0.000151136 2.29264e-05 2.53651e-06  0.000154091 -2.32002e-05 2.32702e-06  -0.000317607 -0.00106587 -2.30675e-05  -0.000170755 -0.0010985 -2.68937e-05  -2.34715e-06 2.21619e-06 1.20991e-08  -7.87657e-06 8.46139e-06 -1.77693e-07  0 0 0  3.08073e-05 -4.25669e-05 6.08879e-08  9.04867e-05 -7.75257e-05 9.19353e-08  -0.000376053 0.00115593 -5.49226e-07  0 0 0  0.000303366 0.000494229 1.18862e-05  -0.00075633 -0.00086477 -1.60553e-05  -0.000549556 -0.000961235 -2.33746e-05  0.00049898 0.000441747 -4.23125e-06  0 0 0  0.000966059 0.000778134 -3.68844e-06  0.000271826 0.000559819 -2.3568e-05  0.00122644 0.000585329 -1.33306e-05  -0.00171146 0.000642987 -3.83583e-06  -0.000470425 0.000262971 1.01409e-05  -0.00102659 0.000377676 -6.49439e-06  -2.05785e-07 1.12631e-06 1.25525e-08  0 0 0  -0.000460381 -0.00107353 -2.20817e-05  0.000554561 -5.04758e-05 -1.98854e-05  0 0 0  5.78577e-05 -1.19864e-05 -9.45011e-07  3.34568e-05 7.43764e-06 -1.83367e-08  5.01445e-05 3.77977e-06 -4.91811e-07  0.000390731 0.000404964 -3.04732e-05  2.99192e-06 3.99658e-05 3.50796e-08  2.40297e-06 7.2278e-05 7.9851e-08  -0.000821143 -0.00093558 -1.38553e-06  0 0 0  2.32772e-07 -2.44938e-07 -1.10967e-08  0.00278647 2.38755e-05 -2.86641e-05  -0.000226117 -0.00119083 -5.0768e-06  1.03197e-06 6.13075e-05 -6.07419e-09  -7.44512e-06 3.97824e-05 -9.09691e-10  -2.50021e-05 2.98682e-05 1.17401e-07  -2.25734e-05 1.90284e-05 -1.92525e-08  0 0 0  -1.50903e-06 3.48729e-06 7.51214e-09  -7.37563e-07 3.5321e-06 5.18812e-09  -3.87097e-05 -0.000592766 1.05391e-05  -1.83455e-06 -1.48947e-06 7.14434e-08  -6.28944e-06 -6.30508e-06 -3.93334e-11  0 0 0  -1.09527e-06 4.39212e-07 1.4735e-08  8.51024e-08 -1.10889e-06 1.40393e-08  -3.60651e-05 8.48832e-05 1.11191e-08  -5.97176e-05 7.02287e-05 6.85416e-09  7.33633e-05 3.88838e-05 2.98225e-08  -2.97679e-05 -7.22168e-05 8.17999e-08  -3.9097e-05 -6.1493e-05 1.65318e-07  -2.33199e-05 -3.35114e-05 3.85405e-08  0 0 0  7.64909e-05 -4.19042e-05 4.16225e-08  9.92412e-05 -5.32109e-05 3.26055e-08  8.87817e-05 -2.1518e-05 3.68884e-08  2.87934e-07 -9.96112e-07 1.13628e-08  1.14059e-06 -1.46372e-07 1.4733e-08  0.00030706 -0.00158319 5.73827e-05  0.000754373 -0.00115848 4.087e-05  0.000338128 -0.000808592 -8.27092e-07  -5.90843e-05 -2.40864e-05 1.49849e-07  -5.06042e-05 -1.13606e-05 2.07248e-07  0 0 0  1.68003e-07 -7.213e-08 -5.97694e-09  0.00126978 -0.000375604 -8.25657e-06  -0.00233825 -0.000855064 -3.98765e-05  0 0 0  0.00157797 -0.000603499 1.02256e-05  0.00155076 -0.000869795 -1.63204e-05  0.00085196 -0.000623556 2.13463e-05  -0.00176951 -0.000255952 -3.85119e-05  -0.000465922 -0.000408839 1.51262e-05  1.03429e-05 5.73636e-06 1.25538e-07  3.67938e-07 3.47085e-06 7.07953e-09  -1.22123e-08 2.43747e-07 -8.04754e-09  5.48053e-07 7.08018e-07 2.56463e-08  1.73722e-07 1.82423e-07 -8.29394e-09  -0.000434156 0.000381588 1.43551e-05  -0.000454418 0.000477445 -1.77997e-05  0 0 0  0.000450765 -0.000197837 3.15862e-06  0.00104847 -0.00064962 -2.60564e-05  -1.29041e-07 -8.34379e-07 2.38267e-08  -0.000370464 0.00113884 -3.39417e-06  -0.000103946 0.000306295 2.72476e-06  -0.000136125 0.000838847 1.92344e-05  -4.3393e-05 8.17079e-05 7.45008e-09  -6.27889e-05 6.76558e-05 7.11082e-09  -7.27968e-05 8.6368e-05 1.19157e-06  -0.000111675 0.000154332 2.89411e-06  -5.52032e-05 0.00012252 2.17313e-06  0.000374414 -0.000485827 -2.26325e-05  0.00114182 -0.000558467 -7.10749e-07  0.000449401 -0.0010495 -2.32201e-05  0.000186347 -0.000517685 -3.18119e-05  -4.16381e-05 -0.000127511 1.1212e-06  0.000136138 0.000546405 -1.92538e-06  -4.13322e-07 4.21622e-08 -1.43636e-08  0.00022303 -0.00112214 -2.04499e-05  0.000433947 -0.000994378 -1.43537e-05  0.000117606 -0.00122972 -1.71752e-05  4.9804e-07 -6.86001e-07 8.38647e-09  -0.00059489 7.17902e-05 1.17567e-05  -0.00121212 0.000306079 1.32225e-06  -2.9638e-06 -1.03054e-06 4.91063e-09  -7.78693e-07 -3.78438e-07 -1.84228e-09  0.000227983 0.000417884 1.15123e-05  0.000202603 0.000421363 8.63733e-06  0.000420366 0.000502215 3.77844e-06  -1.69144e-06 1.17375e-06 -2.96799e-08  2.90885e-07 -1.91103e-06 5.60797e-08  -5.62091e-05 -0.00103098 -2.13216e-06  0.000284482 -0.00155881 -3.82283e-05  -5.59606e-05 6.14798e-05 5.18991e-08  3.20293e-06 2.05908e-05 -5.83448e-09  0.00106229 -0.00133927 -5.62687e-05  -8.70431e-06 7.1606e-06 7.70991e-08  -9.28019e-05 -0.000274148 9.54191e-06  0 0 0  0.000622099 0.000183699 -8.41968e-06  -7.94122e-08 -3.07538e-07 -1.0435e-08  -5.55874e-07 -1.48289e-06 -4.8299e-08  -9.238e-05 0.000627638 -2.41891e-05  3.52965e-06 5.61152e-07 9.41799e-09  1.61701e-06 5.07362e-07 -5.07938e-08  -8.72175e-06 -4.65372e-06 -2.19172e-07  -7.42653e-06 -2.96431e-06 2.76505e-09  -2.6204e-05 -5.51249e-06 -1.36574e-07  1.01747e-06 1.63264e-06 5.61835e-08  3.31389e-05 0.00063312 -2.47577e-05  0 0 0  0 0 0  0.000270862 -0.000427739 7.73274e-06  1.66665e-05 -1.09112e-06 2.55528e-07  2.78487e-05 4.92833e-06 7.08788e-07  8.06075e-05 -4.53305e-06 7.4608e-07  2.55736e-05 -3.59048e-05 4.91665e-07  -2.18678e-06 2.96772e-06 4.28601e-07  -0.00186122 8.01777e-05 -5.76119e-05  2.46101e-06 -1.05617e-06 -8.07228e-08  -7.0157e-06 -9.91083e-06 -1.52036e-07  6.72769e-05 -7.67582e-05 -4.82731e-10  5.85558e-05 -8.02973e-05 5.80259e-09  1.10416e-05 5.2962e-05 2.9997e-07  2.51008e-05 4.49155e-05 2.70128e-07  -6.83143e-05 3.90909e-05 -1.72089e-09  0.000368207 0.00102532 -1.9554e-05  -5.83067e-06 -1.06286e-06 -1.44125e-09  -0.000522981 0.000227911 7.0952e-08  0.000672214 0.000197071 -7.0744e-06  0.000862022 6.82386e-05 -2.47129e-05  8.64146e-05 -5.44994e-05 -1.43944e-08  4.08493e-05 -3.72161e-05 -4.96261e-09  3.44986e-06 -1.61673e-07 5.63366e-09  8.29381e-06 -8.36285e-07 -7.27942e-08  3.25055e-05 -4.11008e-05 -3.64744e-08  -2.97886e-06 2.44691e-07 1.27098e-08  -9.64697e-07 2.21574e-07 -1.49356e-08  0.00119003 -0.000358729 -2.41787e-05  4.48769e-07 -3.85187e-07 1.68201e-08  -0.000470941 -0.000964449 4.48821e-06  -0.000408351 -0.00141825 1.2059e-05  -0.000237249 -0.00118422 1.81634e-05  -3.92156e-05 1.98866e-05 -2.18108e-09  -2.35942e-05 6.23965e-06 -6.62096e-10  -3.4683e-05 1.59046e-05 1.81308e-08  0.000167229 0.000646472 -2.05088e-05  -4.44367e-05 3.47336e-05 -1.47805e-09  -6.92373e-05 2.84231e-05 -1.44858e-09  -1.53645e-05 4.07367e-06 -9.50211e-09  -2.49891e-05 -7.3235e-09 -8.66757e-09  -3.63869e-05 8.28266e-06 -5.40525e-09  -9.86117e-05 5.86967e-05 4.29623e-09  7.16189e-05 0.000912076 1.18232e-05  -5.36314e-06 -1.46192e-05 1.91309e-07  -6.34936e-06 -9.50954e-06 -1.95843e-08  -1.86183e-06 -3.33718e-06 8.58031e-09  -6.34517e-07 2.45689e-06 -7.44321e-08  -2.95613e-07 7.26671e-07 6.93122e-09  2.96269e-06 -5.03131e-06 -7.35475e-08  5.28133e-06 -9.81373e-06 9.63853e-08  1.97467e-06 -5.79924e-06 -7.43698e-08  -0.00115254 0.000292765 -4.62967e-05  1.27293e-06 7.06323e-07 -4.4034e-08  -3.37554e-05 4.1863e-05 3.13176e-08  -1.35359e-05 1.45998e-05 6.30088e-07  -3.91296e-05 3.39509e-05 1.19168e-07  6.58973e-05 7.79748e-05 -6.90567e-09  3.87639e-05 6.90776e-05 -2.14901e-08  3.54245e-05 9.64112e-05 -1.96197e-08  4.81116e-07 -1.5109e-07 1.43556e-08  1.6499e-05 4.3422e-05 2.19304e-07  -1.43772e-08 -2.83849e-07 -9.23565e-09  0.000214842 0.000446267 -2.38626e-05  0.0002949 0.000985585 -2.50504e-05  -1.19834e-06 -3.23721e-07 -1.30303e-09  -1.24634e-06 -1.2854e-06 -5.02659e-08  8.59438e-06 5.33929e-06 6.95171e-09  0 0 0  -0.000151249 4.99031e-05 1.06467e-06  -3.57915e-06 -2.07775e-06 1.47728e-08  -5.14315e-07 -3.51341e-07 1.56421e-08  -2.20117e-06 5.22571e-06 1.01819e-08  -3.52143e-06 1.68768e-06 3.80891e-08  0 0 0  -3.24997e-06 9.24241e-07 -2.06667e-08  -2.33013e-07 -1.99676e-07 -9.28434e-09  -3.06935e-05 -2.97152e-05 6.70075e-08  -2.43031e-05 -1.79816e-05 -3.72223e-08  -2.28551e-05 -1.79587e-05 -2.39799e-08  0.000471365 -0.000405479 -2.90597e-05  1.08413e-06 8.00921e-08 1.26887e-08  -7.81872e-06 -5.31886e-06 1.04055e-07  6.55293e-06 1.34312e-05 2.19637e-07  -3.76934e-05 1.97667e-05 1.21866e-06  -1.10177e-06 -3.57656e-09 4.87529e-07  6.66005e-06 -3.50011e-06 4.92577e-07  1.51613e-07 2.43473e-07 -9.39732e-09  4.20468e-05 2.94844e-05 -5.84901e-08  5.11996e-05 2.08345e-05 3.49161e-07  3.14835e-05 -0.000552661 -2.88893e-05  -6.18195e-06 2.03283e-05 4.58221e-07  2.57672e-05 -6.06831e-05 -3.51366e-08  -0.00072195 -0.00146419 -3.98358e-05  -2.61926e-05 -1.84279e-05 -1.79379e-08  -2.98823e-05 -1.61388e-05 -1.53183e-09  -4.09773e-07 -4.23168e-07 1.60011e-08  -0.00105762 0.000522571 -1.71356e-05  -0.000531521 0.000369577 -2.70715e-05  1.52241e-05 -4.7939e-06 -1.4794e-07  1.20048e-05 -2.88247e-09 -1.08815e-07  -0.00157223 -0.000976385 -3.71849e-05  -0.000436742 -0.000382813 -2.06193e-05  -0.00140404 -0.000935828 -9.07089e-06  0.000480211 -0.000790761 -1.37009e-05  0.000633275 0.000187539 -7.14424e-06  3.78285e-06 -9.64792e-07 7.39558e-09  -0.00110536 0.000172809 -5.44033e-07  -0.00106093 0.00074132 4.56952e-05  4.4998e-05 -6.55613e-06 1.89549e-07  4.88467e-05 6.29993e-05 1.53205e-07  3.74967e-05 2.77834e-05 2.73042e-07  6.64573e-05 6.89012e-05 1.41429e-07  0 0 0  0.000190016 0.00118235 -1.7196e-05  -1.68399e-06 5.04786e-05 -2.36995e-09  0 0 0  3.38692e-05 -4.21352e-05 -2.42453e-09  -7.04891e-05 -3.64548e-05 9.07254e-08  -3.18236e-05 -1.82587e-05 8.8489e-08  0.000587727 0.000181315 -1.19172e-05  -0.000341208 -0.000555561 -2.79998e-05  5.82284e-05 -9.21381e-05 -1.25513e-08  -1.19781e-06 1.0694e-05 8.54739e-08  3.16994e-05 -0.000557401 9.06301e-06  -0.000244893 3.08175e-05 1.26103e-06  -0.000177529 -2.7013e-05 1.56956e-06  -5.46346e-05 -3.35778e-05 -1.10595e-10  -3.08427e-05 -3.08326e-05 -6.45927e-10  -6.99263e-05 -4.43624e-05 -9.42832e-10  -3.3664e-05 2.33402e-05 2.21597e-08  -5.95812e-05 5.40915e-05 7.3826e-08  -6.60055e-05 5.48194e-05 3.69383e-08  -0.000724533 0.00103671 -1.27375e-05  2.01351e-07 -1.40359e-07 -8.21282e-09  0 0 0  3.89644e-06 -1.52359e-05 2.26117e-07  -5.11994e-05 -5.58509e-05 -1.38109e-09  -5.88673e-05 -4.49638e-05 -2.49275e-09  -3.04497e-05 -1.74909e-05 -1.04149e-09  -7.79708e-05 -2.96699e-05 -2.89235e-09  0.000245958 0.000513737 1.40699e-06  -2.83597e-05 -0.000103865 5.43639e-10  -2.06052e-05 -8.19066e-06 -2.87549e-08  -3.46505e-05 -1.01964e-05 1.54185e-08  3.10431e-06 3.26576e-06 -3.37098e-08  2.76117e-06 2.37004e-06 -1.08638e-07  5.66265e-06 7.78716e-06 -1.01634e-07  7.02646e-06 -1.43967e-05 -1.4659e-07  1.54959e-05 -2.47923e-05 4.25626e-07  7.49074e-07 4.53307e-07 4.71968e-09  -1.10235e-05 7.66451e-05 8.29747e-08  -2.31786e-05 -0.000125444 3.19623e-08  -0.000782136 0.00066738 -1.45056e-06  -0.000421983 0.00110231 -2.71011e-05  8.05558e-05 -3.66583e-05 1.03461e-06  0.00025203 -5.49637e-05 4.97422e-06  6.58196e-06 5.74427e-05 -1.61916e-07  4.29072e-06 4.24581e-05 -2.50724e-07  -6.196e-05 1.75802e-06 4.59345e-08  3.9905e-07 3.42597e-07 1.50021e-08  0.000570083 -0.000998829 -9.13739e-06  0 0 0  1.54046e-05 6.08856e-05 4.84242e-08  6.00893e-05 0.00010787 1.03121e-07  2.23726e-05 7.45332e-05 1.12763e-07  -3.67938e-06 1.28001e-05 -1.39042e-07  -9.31617e-05 0.000904034 -2.93513e-06  -0.000145488 0.000557187 1.14766e-05  2.2584e-06 -2.58275e-06 1.677e-08  -7.78881e-05 -4.94141e-05 2.47977e-09  -8.22986e-05 -4.26101e-05 1.87758e-09  -0.00052771 0.000986912 -2.76253e-05  -0.000438841 0.000245178 -2.95782e-05  -0.000433416 0.000381031 -3.87968e-05  -1.3485e-06 -1.22519e-07 -1.57536e-08  1.63332e-06 -1.13712e-06 5.81953e-08  9.54911e-06 -2.6031e-05 -4.20196e-07  9.16044e-06 -3.41026e-05 4.98955e-07  6.51514e-05 3.1104e-05 -9.19695e-10  3.82876e-05 2.76416e-05 1.20657e-09  -4.16179e-05 -6.57338e-05 -1.24861e-09  -1.76258e-05 -5.32217e-05 -1.80532e-09  -1.55447e-05 -3.3685e-05 -1.01005e-09  -3.37744e-05 -5.31523e-05 -3.2275e-09  -1.66753e-05 -2.39626e-05 1.74315e-09  -4.57535e-05 -4.18893e-05 -5.85611e-09  -6.55605e-05 2.15397e-05 4.58751e-09  -0.000115385 1.99764e-06 7.98157e-09  -1.95156e-06 1.06427e-06 7.87058e-08  -4.89276e-06 3.58465e-06 -2.05013e-08  -2.7655e-06 1.48018e-06 -1.07535e-07  0 0 0  -0.000151384 0.00056298 -3.51617e-05  1.42865e-06 9.94456e-07 5.06616e-08  5.36696e-05 -3.91301e-05 9.03102e-09  7.27689e-05 -9.45419e-05 2.08121e-08  5.25897e-05 -8.22531e-05 7.77823e-09  0 0 0  0.000310249 0.000503196 -3.18372e-05  3.73657e-07 -7.6183e-07 2.42352e-08  -1.54897e-05 -2.29929e-05 -8.54146e-09  1.17249e-06 6.89787e-05 5.06832e-09  -1.47114e-05 6.75732e-05 5.44473e-09  -2.31873e-05 0.000112859 7.3355e-09  -0.000190873 0.00117132 -2.04702e-05  0.000466777 -0.000430615 2.24298e-05  0.000119349 -9.95865e-05 3.41187e-06  0.000200703 -0.000248687 2.02285e-06  0 0 0  3.08261e-05 2.87548e-05 1.28594e-07  4.14232e-05 2.23184e-05 8.30506e-07  -0.000103414 -3.73875e-05 -3.32806e-09  1.81536e-05 8.75353e-05 6.49847e-10  -1.25806e-05 8.80772e-05 4.11944e-10  1.02785e-05 8.71293e-05 -9.62807e-10  4.37801e-05 1.61453e-05 3.23692e-10  9.1677e-05 2.92097e-05 1.14455e-08  9.34336e-05 1.62167e-05 -5.14524e-09  4.46157e-06 -5.76865e-06 -1.80867e-08  -7.58402e-05 3.90899e-05 -9.2088e-10  -3.88769e-05 1.40377e-05 -1.40638e-10  -5.66123e-05 4.32447e-05 -2.58353e-08  -3.60845e-05 -0.00054633 -3.06081e-05  1.13065e-05 -2.4274e-05 -2.75249e-07  -0.00071115 0.00112841 3.52945e-05  -0.000355008 0.000300742 6.80463e-06  2.83666e-05 -0.000117649 -1.923e-09  2.91596e-05 -6.11092e-05 5.89563e-10  -3.67143e-05 2.54225e-05 2.69367e-07  -2.05481e-05 2.23564e-05 4.04575e-07  -0.00090741 0.000629436 -2.2229e-05  -6.16941e-06 6.23651e-05 4.27771e-08  4.03287e-06 -3.81394e-06 7.409e-09  -2.29481e-07 4.53797e-06 -1.86391e-08  -0.00108638 -0.000410373 -2.63941e-06  -0.00225149 -0.000289718 -2.14462e-05  -6.04797e-05 -6.61124e-05 2.36258e-08  -4.0581e-05 -7.85616e-05 3.82179e-08  -3.73124e-05 -5.35994e-05 4.89329e-08  0 0 0  3.0769e-05 4.76164e-05 -1.19449e-07  -4.53879e-05 -1.20687e-05 -2.37942e-09  -5.37613e-05 -2.77524e-05 -2.30389e-09  -3.99666e-05 -5.84318e-06 -2.03402e-09  -6.21322e-05 1.1247e-06 -3.35928e-09  -5.27317e-05 -7.02527e-05 -2.66536e-09  3.77426e-05 3.3412e-05 3.17421e-07  5.93497e-05 5.85992e-05 -3.35856e-07  3.19106e-05 5.02271e-05 -2.97882e-09  -2.01087e-05 8.64836e-05 2.80977e-08  -3.01973e-05 8.05962e-05 3.75379e-08  -2.98179e-05 0.00060886 -4.00719e-05  6.80925e-06 -5.25322e-06 7.92419e-09  9.7843e-06 -1.11029e-05 1.43432e-07  0.000130632 -5.06968e-05 1.71799e-08  7.01751e-05 -1.14688e-05 3.31137e-08  0.000241426 0.000288141 1.25694e-05  4.507e-05 -4.08554e-05 -3.90076e-09  5.85406e-05 -9.46092e-05 2.13786e-09  2.11342e-06 -1.47089e-06 -7.71286e-08  0 0 0  -0.000513695 -0.000540105 1.43308e-05  -0.00035864 -0.00043218 1.43008e-05  -3.11341e-05 0.000645111 1.36616e-05  -6.43558e-05 -2.79315e-06 -2.0636e-09  0 0 0  3.8039e-05 -8.41979e-05 6.96963e-10  -0.000315336 0.000397188 -3.99254e-05  -8.40965e-05 6.73608e-05 -1.74518e-10  -7.70613e-06 -5.45319e-05 -1.29471e-08  -9.2397e-06 -5.05068e-05 -3.47115e-08  -2.97858e-05 3.71659e-05 3.11356e-08  -2.24137e-05 4.59985e-05 -9.88575e-08  4.99488e-05 1.73191e-05 8.39661e-09  -5.82465e-05 1.5486e-05 8.78959e-08  -0.000752085 -0.00119841 -7.64578e-06  0.000244548 0.000417754 3.80377e-06  1.89002e-06 -8.10876e-07 6.00445e-08  5.10893e-05 4.68508e-05 1.48812e-08  7.06595e-05 6.10938e-05 1.14201e-08  -4.65123e-05 -8.17939e-05 1.1723e-06  -0.000183713 -0.000204408 3.08981e-06  2.51652e-06 -1.79072e-05 -1.91233e-07  6.92342e-05 1.41851e-05 9.83625e-09  4.65268e-05 3.6859e-06 2.46814e-08  6.50629e-05 2.17169e-05 4.03194e-08  -0.00206419 8.02549e-05 1.51863e-06  -3.31406e-05 -8.04521e-05 -4.1359e-10  -3.02699e-05 -9.91095e-05 -1.43494e-09  -4.98485e-06 -7.92519e-05 -2.35638e-10  -5.55888e-06 9.92267e-06 9.34886e-08  4.07448e-05 4.17823e-06 6.09566e-07  4.36815e-05 -6.65952e-06 1.77225e-08  1.07078e-05 -2.91202e-06 9.52274e-08  -0.000189176 8.01545e-05 5.24551e-06  -7.3175e-05 -1.62256e-05 1.10585e-07  -4.46164e-05 3.09427e-05 7.37735e-08  -2.64189e-05 2.6088e-05 5.99466e-08  0 0 0  -7.68574e-05 -3.28456e-06 -1.71675e-09  -5.00795e-05 -4.57637e-05 -2.11649e-09  4.34137e-05 5.81196e-05 2.07286e-07  8.27378e-06 2.35053e-05 -2.23923e-07  -4.48426e-05 4.42637e-05 1.41608e-07  0.000226176 0.000710042 7.39498e-08  -1.59027e-06 4.06762e-05 1.56021e-07  5.37996e-06 3.2778e-05 5.95339e-08  -1.98772e-05 2.79462e-05 -1.10638e-09  -2.23798e-05 -3.89877e-05 1.16675e-09  -5.44315e-05 -7.11991e-05 -4.81627e-11  -6.7883e-05 -6.21978e-05 6.52197e-10  1.54775e-05 5.37782e-06 -1.65221e-07  9.21476e-06 -5.72709e-06 6.81855e-09  -3.11285e-05 -5.66836e-05 2.3126e-07  -4.66299e-07 -7.38593e-07 2.48366e-08  3.32432e-05 -6.2858e-05 -3.32665e-07  4.1163e-05 -4.22667e-05 5.90682e-07  4.01881e-05 -5.28245e-05 -2.07863e-07  2.84248e-06 9.00457e-05 2.2452e-08  6.79567e-05 1.31133e-05 -2.26793e-07  5.4035e-05 1.50766e-05 2.79941e-07  5.81487e-05 7.16235e-05 1.07736e-08  3.01466e-05 8.67577e-05 1.56186e-08  3.48596e-05 5.86058e-05 1.30895e-08  -9.53261e-06 9.63974e-06 1.22872e-07  9.09924e-05 0.000116833 9.95835e-07  -3.3957e-05 -9.87612e-05 6.26613e-08  -1.8927e-06 5.15084e-07 5.17641e-08  -1.6655e-06 7.19248e-07 -4.09372e-08  1.06523e-06 9.1478e-07 -4.2517e-08  -3.07067e-05 -1.59311e-05 1.46253e-08  4.76349e-05 8.19681e-06 3.54229e-09  9.24229e-05 2.93949e-05 9.59455e-09  0 0 0  8.77887e-06 -5.30255e-05 -2.48294e-08  1.10411e-05 -8.80426e-05 -1.86515e-08  -7.16444e-07 -7.26399e-08 -1.24829e-09  -6.59402e-07 4.54852e-08 -1.21152e-09  0.000730409 0.000401478 7.1628e-06  -5.04163e-05 -7.95663e-05 2.18135e-09  -1.94918e-05 -2.17401e-05 2.16177e-07  -1.24757e-05 -1.07123e-05 5.50073e-07  -5.65955e-05 -6.18253e-05 -1.29029e-09  -2.08577e-05 -3.63301e-05 -2.25542e-10  2.08623e-05 5.98463e-06 2.74987e-07  5.74468e-05 4.44254e-06 -4.46354e-08  4.50847e-06 3.51702e-06 1.08068e-08  -6.21894e-05 1.65308e-05 -1.14257e-09  -0.000411711 3.85136e-05 8.29053e-06  -0.000994745 0.000401815 2.17749e-05  8.05495e-05 -7.13866e-05 1.15214e-08  0.000226642 0.00015572 2.95905e-06  -6.08177e-05 -5.73123e-05 4.3549e-09  2.97976e-06 3.20867e-06 3.84538e-07  0.00135561 0.000282844 -6.55444e-06  0.00151114 -7.45953e-05 5.53753e-06  -0.00010146 -3.86742e-05 -3.08228e-10  -8.72951e-05 -3.78622e-06 9.93195e-10  -4.29922e-05 -1.14316e-05 2.59271e-10  -4.81967e-06 -7.63138e-05 -3.97731e-10  -1.80479e-05 3.73245e-05 5.88393e-07  2.84816e-05 6.75082e-05 -3.20887e-08  3.19014e-05 5.35758e-05 2.15474e-08  1.28816e-05 1.84558e-05 3.52821e-07  -1.95882e-06 4.84471e-05 1.12372e-07  7.17402e-06 0.00104902 -4.70307e-06  6.24517e-05 -2.47751e-05 3.98714e-08  7.54163e-05 -4.69474e-05 1.70195e-07  5.50299e-06 8.19391e-07 1.14574e-08  -6.81794e-05 8.96191e-06 -2.36245e-09  -0.000391669 0.00040567 -1.10521e-05  -0.000957284 0.00124949 -2.83508e-05  3.14322e-05 3.36728e-05 6.5603e-07  -5.4302e-05 7.63962e-05 1.06693e-08  -1.21019e-05 3.03411e-05 -7.81045e-08  -5.37227e-06 2.80384e-05 3.15021e-07  -7.91555e-06 5.15675e-05 -1.85402e-08  -2.07779e-06 5.51712e-05 5.60062e-09  9.03267e-06 7.13475e-05 -1.59761e-08  3.77512e-05 -6.10605e-05 3.43808e-09  2.84386e-05 -0.000103659 3.37774e-10  0.000101972 8.05986e-05 8.68748e-07  0.000679166 6.45711e-05 -1.02383e-05  -5.04765e-06 0.000145937 4.57356e-06  6.6133e-05 7.06748e-05 -1.69347e-07  -6.7285e-05 -1.37939e-05 1.91289e-09  3.0239e-05 8.88598e-05 -8.92238e-08  1.16047e-06 -6.44326e-07 -4.02015e-08  3.82067e-07 -2.12005e-07 1.24044e-08  -9.1502e-05 -2.97558e-08 3.2201e-07  -9.70551e-05 -3.31985e-05 -1.56849e-09  -7.46185e-05 -2.33544e-05 -1.44726e-09  -8.07444e-05 -3.50977e-06 -1.1921e-09  -6.0132e-05 2.77963e-05 4.9663e-11  -8.62454e-05 1.89698e-05 7.8933e-10  -5.64291e-05 1.15887e-05 -7.91351e-10  -5.48639e-05 4.76289e-06 -1.41307e-09  -5.15395e-05 1.6906e-05 -2.12329e-09  2.33521e-05 -8.99882e-05 1.89641e-08  6.86335e-06 -7.74666e-05 1.33207e-08  -9.17449e-07 -2.0126e-05 2.6633e-08  3.5285e-05 -0.000244981 1.47925e-06  3.59006e-05 -0.000255431 6.68778e-06  6.68611e-05 -0.000176774 2.09573e-06  0.000277156 0.000697936 7.74339e-06  -6.78357e-05 -5.68195e-05 -2.88033e-10  -0.00103975 0.00128214 1.16266e-05  -0.000110323 -8.68419e-05 1.51941e-06  -0.000672111 -0.000530446 1.53672e-05  5.94074e-05 -6.12699e-05 -6.80797e-08  5.71073e-06 -0.000115319 3.87577e-08  8.40713e-05 4.47587e-05 9.58936e-09  0.000165601 0.000244348 2.67473e-06  0 0 0  7.22212e-05 -4.79589e-05 -6.57467e-10  2.54399e-05 3.76361e-05 1.33809e-09  1.25722e-05 3.44734e-05 7.10034e-07  -2.31386e-05 -5.52708e-05 4.45188e-08  1.22222e-05 -0.000135912 5.74442e-09  3.60088e-05 -8.61384e-05 1.60721e-09  1.41183e-05 -0.000113064 1.04165e-09  0 0 0  0.000143011 4.73419e-05 7.10942e-07  7.54337e-06 1.92721e-06 1.32936e-08  4.77883e-05 4.93979e-05 -1.12665e-09  4.10453e-05 5.36806e-05 6.13683e-10  -0.000107939 3.68591e-05 3.51131e-09  -9.04218e-05 1.5816e-05 4.05763e-09  2.08513e-05 5.07081e-06 1.97164e-07  -5.07584e-05 -8.0108e-05 1.20113e-08  0.000659138 0.00023943 1.40755e-05  0.00109798 0.000197327 1.70905e-05  4.91191e-05 -2.94063e-05 -7.82476e-08  6.11993e-05 -6.81984e-05 1.94452e-07  3.98601e-05 -3.5829e-05 3.50352e-07  3.62056e-05 -8.66127e-05 5.38147e-09  3.54059e-06 -0.000136797 2.31921e-06  -1.70724e-07 -2.20334e-07 -8.54003e-09  5.12319e-05 4.69946e-05 2.10951e-09  4.38632e-05 -0.0001009 3.48395e-08  -6.22184e-05 -1.27691e-05 -7.70863e-10  -0.000106189 1.89906e-06 -1.15018e-09  -4.75149e-05 -5.4766e-05 2.41817e-07  8.16927e-05 -6.88038e-07 5.6302e-07  3.81984e-05 0.000581431 -5.20533e-07  3.85086e-05 5.01868e-05 6.7589e-09  6.7316e-05 5.30315e-05 7.59541e-09  5.65477e-06 -3.13874e-06 -1.58563e-08  -0.00113803 -0.00119237 -3.85948e-05  -5.96799e-05 -3.66541e-05 8.47627e-09  -8.81675e-05 -2.75878e-05 9.13572e-09  -0.000261981 0.000145745 -1.39983e-06  8.04764e-05 -4.40508e-05 2.87416e-09  -1.02464e-05 1.87757e-05 2.89635e-07  3.61423e-05 -9.82108e-05 8.17888e-07  3.11244e-05 -8.83033e-05 1.10836e-08  -3.02178e-05 1.8827e-05 -5.76164e-08  -2.37057e-05 2.45597e-05 4.37158e-08  -5.44881e-05 0.000104697 4.01371e-07  3.71952e-05 8.25724e-05 1.47229e-07  6.47588e-06 -7.32878e-05 2.86591e-10  -1.41933e-05 -4.28772e-05 -9.33896e-10  -2.11987e-05 -5.15363e-05 9.67419e-09  7.01813e-05 -7.18375e-06 1.03303e-08  -4.1949e-05 2.54502e-05 9.69545e-08  -5.9821e-05 2.16016e-05 1.56999e-07  -6.83286e-05 2.45778e-05 4.61019e-07  5.68127e-05 1.86666e-05 4.1164e-07  -1.88988e-05 -3.66181e-05 9.28643e-09  -6.68298e-06 -3.00027e-05 1.17031e-08  -4.37218e-06 -1.6705e-05 1.6123e-07  -4.95818e-05 -7.82355e-05 4.18944e-10  -3.49043e-05 -8.47032e-05 1.18298e-09  -0.000655167 -9.99861e-05 1.68572e-05  -0.000139108 -2.04702e-05 9.14679e-07  -2.07825e-05 -6.56997e-05 2.44745e-06  1.88686e-05 -5.52168e-06 7.04866e-08  -3.7045e-05 -4.71241e-06 -2.45284e-10  -8.95448e-05 5.51059e-05 -1.66259e-07  -1.48528e-05 4.17608e-07 -8.64041e-09  -6.45369e-05 1.7154e-05 2.02064e-08  -3.95239e-05 5.55748e-05 8.27912e-10  -3.52474e-05 8.2905e-05 2.04531e-09  0.000414272 0.000318591 1.56059e-05  0.000654681 0.000543666 -2.7915e-06  0.00162476 0.000774251 -1.83197e-05  -1.24551e-05 -6.71447e-05 -2.89178e-09  -0.0001101 -0.000123791 3.18681e-06  2.88073e-05 0.000218011 1.50121e-06  7.31844e-05 6.20461e-06 -3.57968e-07  2.56343e-05 -1.2641e-06 2.11816e-08  4.04031e-05 -6.85966e-06 4.30656e-07  0.000413792 0.000540456 -2.48821e-05  -0.000106535 -0.000131642 1.31067e-06  -0.00013748 -9.46615e-05 -1.2382e-06  -9.26762e-06 2.28105e-05 -1.47439e-08  -9.16715e-06 2.69226e-05 -8.34427e-08  2.11803e-06 -3.32095e-05 -3.21509e-08  1.45807e-05 -3.11578e-05 -1.99201e-07  -8.3096e-05 -6.70659e-05 8.57261e-08  -7.49897e-05 -6.51491e-05 1.19234e-07  -5.4041e-05 -4.26106e-05 2.78608e-08  -9.7373e-05 -5.36724e-05 2.69248e-08  -5.89062e-05 0.000260333 1.86629e-06  -3.40796e-05 0.000459594 8.1188e-06  9.7122e-07 -1.76702e-05 1.1376e-07  3.47966e-06 -3.53853e-05 1.66434e-07  -6.35875e-05 1.63202e-05 1.90573e-08  7.85957e-05 0.000503513 1.83442e-05  -3.78759e-07 3.22114e-05 7.92656e-07  -1.3365e-05 5.2321e-05 3.66271e-07  0.000221169 0.0013073 1.14109e-05  -9.84063e-05 7.25335e-05 -1.69068e-09  4.48673e-05 -1.3034e-05 1.01333e-08  -5.6355e-05 3.90686e-05 8.50659e-09  -7.2596e-05 8.84186e-05 1.16718e-08  -7.77344e-05 4.90592e-05 5.62636e-09  -1.00772e-06 8.35098e-05 -2.13552e-09  0.000121614 -0.000144791 4.35009e-06  5.83792e-05 -5.73777e-05 1.13305e-06  5.17687e-05 -7.20983e-05 1.03529e-06  4.46343e-05 1.31291e-05 -1.86065e-07  -2.0094e-06 -1.74293e-07 -9.12608e-10  6.67463e-06 1.97014e-05 6.65371e-08  -2.84032e-05 -0.000992031 1.53827e-05  0.000119072 -0.0004933 -4.74162e-06  5.0823e-05 2.95829e-05 1.19636e-07  -6.10098e-05 8.84739e-06 -6.9709e-10  -7.01099e-06 -3.01771e-08 -1.83583e-09  -4.22954e-06 3.7747e-07 -1.27584e-08  3.71074e-05 -1.68328e-05 3.12107e-07  9.0654e-05 -6.29661e-05 1.73286e-06  5.74549e-05 -2.53684e-05 9.81577e-07  6.82749e-06 4.19798e-05 -5.55509e-10  -0.000221579 9.35671e-06 5.12737e-06  -8.95337e-05 -1.37265e-05 1.90514e-06  1.31203e-05 2.08392e-05 -2.31288e-07  -2.79061e-06 2.45654e-07 1.32231e-08  -2.15777e-05 -0.000106898 1.3398e-08  2.78739e-05 1.73868e-05 3.20548e-07  4.14762e-05 1.57244e-05 -2.6449e-07  -6.59003e-05 -2.16937e-05 3.15191e-09  3.98916e-05 7.96704e-05 4.14141e-10  4.34333e-05 5.03695e-05 -3.56344e-09  4.10814e-05 -5.06213e-05 2.34985e-07  4.11419e-06 1.76563e-06 -1.98181e-08  4.07153e-05 -1.94035e-05 -5.06035e-07  1.33291e-05 1.40419e-05 2.80531e-07  1.40126e-05 1.38524e-05 -1.97944e-07  1.43928e-05 4.14159e-05 1.32258e-10  5.20086e-05 3.30929e-05 9.40352e-08  3.6396e-05 1.36313e-05 9.66514e-08  3.89564e-05 1.44004e-05 4.66964e-08  -3.43271e-05 -0.00018634 1.75651e-06  1.92511e-05 -2.95237e-05 1.10857e-07  3.84116e-06 -1.64849e-06 1.23072e-07  -7.85324e-05 2.68732e-05 -3.76629e-10  -6.01729e-05 3.80222e-05 -1.88244e-09  3.04613e-07 9.78689e-07 4.32771e-07  -2.85389e-05 -6.1849e-05 1.56129e-08  -6.51744e-05 -1.73356e-05 2.12339e-08  -8.93217e-05 -3.8922e-06 3.14745e-08  9.1433e-05 -0.000108281 1.16252e-06  -4.00217e-05 -2.78906e-05 -1.64578e-09  1.18641e-05 -1.70137e-05 4.2212e-07  6.13718e-07 -8.67662e-07 2.49779e-07  -6.69774e-05 -1.94785e-06 3.81485e-10  4.47241e-05 -2.65101e-05 1.2829e-08  -0.00013445 0.000111696 -1.35829e-06  2.60281e-07 -9.12449e-08 4.012e-07  -2.03525e-05 -1.85197e-06 7.2588e-07  -2.28471e-05 4.56343e-06 3.49019e-07  -2.00556e-05 5.87424e-05 6.55309e-08  -4.46073e-05 6.89822e-05 7.43274e-08  5.38582e-05 4.80087e-05 -4.97397e-07  4.56736e-05 -1.32848e-05 4.44397e-09  7.14531e-05 -3.02349e-06 3.04523e-08  0.000196227 -9.73317e-05 5.03874e-06  -7.93937e-06 2.19009e-06 -3.70186e-08  -4.34317e-06 -2.39982e-05 3.57967e-07  7.15018e-05 -7.3621e-06 -3.05071e-09  -5.13409e-05 -4.3218e-05 1.70354e-07  5.14534e-05 -1.60569e-05 -2.07003e-08  2.73704e-05 -1.89094e-05 -4.97143e-07  2.0653e-05 -8.8101e-06 2.31856e-07  -8.29303e-05 -4.29326e-05 8.09167e-09  -6.79473e-05 -1.39336e-05 4.63079e-09  -3.10734e-05 1.77955e-05 2.26645e-08  1.65956e-05 -5.58597e-05 1.20849e-09  1.29092e-05 -8.1854e-05 -5.51116e-09  -3.87117e-05 -1.52485e-05 -4.01736e-09  4.35093e-06 -4.31212e-05 1.24446e-07  6.87933e-05 2.83291e-05 2.50499e-07  8.28941e-05 4.75343e-05 5.16111e-08  5.41091e-05 3.14161e-05 6.6543e-07  -0.00208997 -0.000662336 2.0458e-05  2.69087e-06 8.44291e-07 8.29756e-08  2.55564e-06 1.41854e-06 8.58662e-08  -0.000174571 -0.000120854 5.26778e-06  -0.000176431 -6.51971e-05 1.25148e-06  -2.16946e-05 -5.16108e-09 -1.33179e-09  -3.25252e-05 6.58736e-06 -4.96753e-09  4.63904e-05 7.54773e-05 2.64103e-08  4.98404e-05 4.57579e-05 2.20134e-08  8.14323e-05 0.000188846 1.3428e-06  1.21132e-06 -4.78736e-05 -4.59268e-08  8.67033e-05 0.00031526 1.01097e-05  4.76175e-06 6.36947e-05 2.71251e-08  4.61949e-05 -5.11674e-07 6.13844e-08  5.84113e-05 -1.05708e-05 -1.02785e-07  7.00165e-05 1.8779e-05 1.39994e-09  -5.91264e-05 -1.67477e-06 5.7913e-08  -1.43473e-05 2.06479e-05 1.19425e-08  -0.000481457 -0.000251699 1.41337e-05  -1.61634e-06 1.13573e-05 -2.33372e-08  6.57691e-05 -1.91696e-05 -1.49913e-08  8.19143e-05 -3.20075e-05 3.3885e-08  -0.000335475 -0.000143406 1.02433e-05  -0.000108509 -9.09125e-05 6.60539e-09  4.71449e-05 3.28729e-05 -1.61705e-07  4.62624e-05 -2.3087e-05 2.93061e-07  -5.00268e-05 4.14857e-05 -7.52294e-10  -3.83898e-05 3.38108e-05 -7.37728e-10  -1.77083e-05 -4.477e-05 -1.26491e-09  1.31169e-06 -1.1261e-06 -5.17447e-08  6.84597e-05 -1.98747e-05 -2.22708e-09  2.89307e-05 1.60187e-05 -2.21381e-07  -6.72048e-05 3.67937e-05 3.06631e-09  6.53429e-07 0.000156944 6.12462e-07  2.01455e-05 8.29553e-05 4.87184e-07  2.01806e-05 -5.72579e-05 1.92631e-07  9.10591e-06 -3.38152e-05 2.46807e-07  -0.000130051 0.000214479 2.85516e-06  0 0 0  0.000425649 0.000155735 1.01546e-05  -1.05738e-05 -7.35492e-05 8.56723e-08  -1.58342e-06 -6.4352e-05 1.139e-07  -5.0833e-05 4.4775e-05 1.44007e-08  -1.98487e-06 -3.29537e-05 -2.48109e-07  2.38157e-05 -5.14559e-05 6.69751e-09  7.16562e-08 1.04913e-05 7.52407e-09  3.41705e-05 -4.33672e-05 6.09722e-08  2.88683e-05 -6.39684e-05 -1.45745e-09  8.15367e-05 -2.75444e-05 5.83973e-08  3.74673e-05 -7.14352e-05 1.12667e-07  -2.23425e-05 1.21176e-05 3.86488e-07  -2.60581e-05 7.99504e-05 -5.38202e-10  -3.6448e-05 1.68458e-05 3.55234e-08  -6.99421e-07 -2.41866e-06 4.12482e-07  1.42312e-05 -5.99681e-05 1.29852e-07  -2.14191e-05 -6.79386e-05 1.36096e-07  -9.30968e-05 7.89121e-06 1.95701e-07  2.64775e-05 8.84003e-05 7.90158e-09  -2.00291e-05 3.36084e-05 4.22125e-08  -5.23583e-05 4.09572e-05 2.57987e-08  -1.07598e-05 5.54824e-06 -2.70987e-09  7.00329e-05 -7.19457e-06 6.11729e-09  1.71384e-05 -1.72442e-05 -1.93045e-08  -2.80477e-05 -2.31459e-09 -1.0201e-09  0.000344145 0.000453099 3.47185e-06  5.89049e-05 2.24201e-05 -4.27436e-07  3.38118e-05 8.51772e-05 2.56093e-09  3.88181e-06 1.48878e-05 -1.49463e-07  4.28819e-05 2.0442e-05 1.73829e-08  5.36401e-05 4.36706e-05 2.01575e-09  5.84881e-05 -4.63452e-05 -3.08787e-07  -9.0437e-05 1.18172e-05 2.43214e-08  -8.34707e-05 3.42612e-05 1.89737e-08  -6.6518e-06 -4.71516e-05 2.9595e-07  -3.9336e-05 4.90205e-05 -5.47409e-10  -4.69591e-05 7.24128e-05 -8.861e-10  2.56777e-05 3.79863e-05 1.25387e-09  2.74573e-05 -5.2221e-05 1.6134e-07  -9.07856e-07 -2.248e-05 4.41382e-07  6.30318e-05 1.67843e-05 -2.07769e-08  -1.65092e-06 -3.1296e-05 -5.56835e-08  7.04244e-06 -3.79603e-05 1.74456e-07  -8.77958e-07 -5.51448e-05 -4.06311e-07  0.000678373 0.000927077 6.19653e-07  0.000695015 0.000825885 -2.20054e-05  -2.5241e-05 1.3284e-05 6.53676e-10  -2.29936e-05 -2.6087e-05 1.16293e-08  6.47445e-05 -1.48156e-05 7.29512e-09  -2.77169e-06 -0.000108137 -2.48698e-09  -8.81134e-07 7.86609e-05 -9.33403e-09  2.14613e-05 2.17198e-06 -3.28442e-07  4.7455e-05 4.8332e-06 -6.87261e-07  2.84663e-05 1.57958e-05 4.74458e-07  5.13484e-06 6.8707e-05 8.47348e-09  6.28573e-06 3.97112e-05 5.51253e-07  -5.56098e-06 3.98143e-05 -2.38427e-07  8.74909e-05 2.86242e-06 -1.44709e-07  4.48851e-05 3.45527e-06 1.20538e-08  -3.80405e-05 8.25074e-06 -6.43504e-09  -1.79887e-05 -0.000106952 8.38747e-09  -5.68227e-05 -0.000103192 7.3242e-09  5.72026e-05 -1.67069e-05 7.35951e-08  1.84379e-05 8.89264e-05 1.25298e-08  4.70039e-05 5.9861e-05 1.50685e-07  1.06848e-05 9.01299e-05 1.36742e-09  1.08162e-05 9.13495e-05 3.1503e-09  -2.34102e-05 -4.58506e-05 -2.99571e-07  -2.68046e-05 -3.2601e-05 -1.24328e-07  3.67802e-06 1.14998e-05 8.66085e-09  -3.0742e-06 6.2759e-05 3.22324e-08  -2.29151e-05 1.9577e-06 1.89346e-07  5.71897e-05 3.61787e-05 2.53063e-08  -1.32992e-05 1.98455e-05 -2.55701e-07  8.27972e-05 3.04658e-05 5.52312e-08  7.19415e-05 4.71221e-05 6.80033e-08  -4.50179e-05 4.99176e-05 1.2848e-09  4.44709e-05 -1.76263e-05 -1.84802e-08  2.01468e-05 6.3889e-05 2.07177e-08  3.11095e-05 5.99576e-05 1.8786e-08  -0.000121644 1.53187e-06 2.17043e-06  5.30013e-05 -3.41987e-05 -1.2326e-08  4.35953e-05 3.96618e-05 2.93345e-08  6.2911e-05 -3.25804e-05 -4.47988e-08  -4.78343e-06 8.60415e-05 5.88098e-11  4.06687e-05 -4.13143e-05 1.25728e-08  -1.58249e-05 -3.8591e-05 5.18542e-07  -6.78372e-05 1.96733e-06 1.09435e-09  5.78203e-05 -1.3135e-05 4.25304e-08  -4.27993e-05 -8.28675e-05 1.00161e-08  -0.000114154 -1.38875e-05 2.00332e-08  -0.000192444 5.27992e-05 8.65105e-07  -5.98506e-05 -1.22444e-05 7.4022e-08  -6.97481e-06 4.21447e-05 8.23148e-08  1.36451e-05 -5.58809e-05 2.67305e-07  -9.96005e-06 1.42833e-05 2.26437e-07  -5.25346e-05 1.15205e-05 4.96756e-09  -8.85084e-05 -1.94665e-05 2.62319e-10  0.000671987 -0.000110643 2.05375e-05  0.00011276 -3.33502e-06 3.62617e-08  -1.05507e-05 6.69935e-05 1.15343e-09  0.00153631 -0.00145613 -3.58436e-05  5.89765e-05 -4.99674e-05 2.14836e-09  1.48057e-05 5.82234e-05 1.34065e-09  3.59201e-05 -1.82126e-06 1.92135e-08  9.58577e-06 1.93697e-05 -1.98252e-07  -4.18392e-05 -2.92247e-05 3.34542e-07  -4.17853e-05 -1.73758e-05 3.56101e-07  7.00009e-05 8.31399e-05 4.98599e-08  4.35653e-05 4.50235e-05 2.51288e-08  8.99105e-05 6.89264e-05 -1.63524e-07  -1.16184e-05 -2.29154e-05 3.54059e-07  -3.40981e-05 -7.02772e-06 -5.04101e-09  -4.8546e-05 -1.6617e-05 -5.76488e-09  -8.01781e-05 4.13554e-05 1.12681e-09  -3.74388e-05 2.59556e-05 8.22635e-10  -5.49779e-05 3.81146e-05 1.1073e-11  0.000118847 -3.41534e-06 1.18543e-08  -2.94946e-05 3.4534e-05 3.14518e-07  0.000330813 -0.000176203 5.26359e-06  9.62389e-05 3.24687e-06 -4.28453e-09  -5.93041e-05 -2.25902e-05 -5.96548e-09  -3.17037e-05 0.000126569 4.2956e-06  -5.73176e-05 -3.52374e-05 1.22174e-09  6.06934e-05 2.87653e-05 -5.34028e-09  7.25495e-05 5.78262e-06 -1.48818e-08  -6.16041e-05 -2.85258e-05 -6.02803e-11  6.21304e-05 8.75917e-06 7.34126e-08  -1.4182e-06 -5.76543e-05 -3.77248e-09  -5.87816e-05 -3.85892e-05 1.77038e-06  -6.70606e-05 -0.000127068 2.18781e-07  9.00258e-05 -3.70736e-05 1.20096e-07  -4.59361e-05 -3.98787e-06 2.30239e-09  0.000290568 0.000248014 7.79964e-06  9.58889e-05 -4.55496e-06 -1.81002e-08  1.07634e-05 5.0874e-05 -1.54838e-08  5.87646e-06 -2.21893e-05 4.11445e-07  -4.01873e-05 -4.52449e-05 -1.52415e-09  -8.43435e-05 -5.04516e-05 -1.59023e-09  -7.85915e-05 3.22216e-05 3.78279e-08  -1.94695e-05 -5.12446e-07 3.54761e-07  2.62113e-05 3.40565e-06 5.18821e-07  -1.46687e-05 -4.61515e-06 6.5416e-07  -3.39808e-05 6.41127e-05 -3.87786e-09  0.000157063 -0.000289513 -1.07917e-06  8.71379e-05 -0.000198577 5.86982e-06  1.74218e-05 -7.3471e-05 5.12173e-09  4.57535e-05 2.60601e-05 -2.43066e-08  6.23667e-05 -3.81301e-05 5.15774e-08  9.70104e-05 -3.96545e-05 -8.04467e-08  7.98401e-06 -9.81936e-05 7.52753e-09  2.1003e-05 -3.528e-05 2.69644e-07  -3.69063e-05 -5.12864e-05 1.52014e-07  -3.65023e-05 4.05251e-05 -2.06741e-09  1.44395e-05 2.41631e-05 -1.64677e-07  -7.97271e-06 2.8779e-05 1.14147e-07  -4.15127e-05 4.10163e-05 -6.31191e-10  -4.14715e-05 6.40794e-05 -2.19914e-09  0.000105612 -4.30271e-05 2.22544e-08  0.000276027 -9.34049e-07 1.99025e-06  0.000142546 -3.76858e-05 9.10219e-07  -4.34043e-05 -6.27364e-06 -1.09333e-09  -3.20361e-05 7.53916e-05 -1.35763e-09  2.21414e-05 2.20463e-05 4.29804e-07  -2.85596e-05 -0.000241401 6.1814e-06  1.63216e-05 -9.04855e-06 1.92759e-07  -4.63109e-05 7.89205e-05 2.63413e-07  -0.000155809 -0.000266419 1.12951e-05  7.99521e-05 4.73383e-05 -6.40861e-10  5.77372e-05 3.65227e-05 5.21096e-09  1.65332e-05 -1.41506e-05 -2.12024e-07  -6.5205e-05 1.89928e-06 2.78118e-08  -9.0621e-05 1.584e-05 1.68093e-08  3.51152e-05 -5.68221e-05 1.98936e-09  5.92338e-05 -5.92604e-05 6.63924e-09  2.19768e-05 -3.36566e-05 -5.50237e-07  -5.78212e-05 3.08739e-05 2.31587e-08  -2.16427e-05 -0.000107208 4.875e-09  -0.00115872 -0.000808954 -9.5494e-06  -1.44023e-05 5.18607e-05 -4.64723e-09  6.54425e-05 9.18039e-06 7.50443e-08  -7.68454e-05 2.04756e-05 -7.65509e-10  -5.04929e-05 -5.04778e-05 1.00313e-08  4.67273e-05 -7.79976e-05 5.61195e-08  2.23708e-05 -8.64279e-05 5.15948e-08  -1.4278e-05 5.13145e-05 1.10426e-07  3.04466e-06 -3.09015e-06 3.57549e-07  0.000112478 -8.50248e-05 9.81848e-07  -3.89714e-06 3.22442e-05 1.31957e-07  -4.96385e-05 6.36935e-05 -1.14946e-09  -1.63148e-05 4.3963e-05 3.16489e-07  1.14603e-05 3.26238e-05 -3.91368e-07  -4.68301e-05 -5.26979e-05 1.18674e-08  3.66489e-05 9.9796e-05 -2.91498e-09  5.90789e-05 -1.04392e-05 2.0607e-07  -2.69494e-05 8.28113e-05 -1.71311e-10  2.75652e-05 -7.81573e-05 7.03869e-08  9.38312e-06 -8.47939e-05 7.08741e-08  2.4111e-05 6.34043e-05 2.20543e-09  -8.78617e-05 -1.06766e-05 -2.72065e-09  -3.19006e-05 8.51876e-05 1.52147e-08  -8.38251e-05 -2.5966e-05 -7.3259e-07  5.09984e-05 -2.88306e-05 6.03948e-08  -1.71508e-05 3.48239e-05 -5.51851e-08  2.90523e-05 -0.00011009 -2.08217e-09  2.11466e-05 -7.30325e-05 -2.63491e-09  -5.36386e-05 6.88655e-05 3.84289e-08  1.77427e-05 4.30014e-05 5.30489e-07  2.4626e-06 1.88482e-05 -1.94049e-07  4.83792e-07 2.80082e-05 -3.3771e-08  -1.307e-05 -6.13952e-05 2.83516e-08  -2.86889e-05 -5.35109e-05 -1.02145e-09  -1.17053e-05 -5.50453e-05 -9.47992e-10  -8.90167e-05 1.55554e-05 -9.30618e-10  3.5823e-05 -3.03841e-05 -6.51469e-07  0.000103428 2.30346e-05 9.04138e-07  5.60994e-05 -2.08459e-05 9.38535e-07  3.71102e-05 -1.01823e-05 -3.13762e-07  5.28077e-05 -7.65616e-06 5.49498e-08  4.40563e-05 -2.42517e-06 2.59087e-07  2.21784e-05 -2.00121e-05 2.62474e-07  0.00012976 6.61702e-05 1.12249e-06  -2.67029e-06 6.57093e-05 2.35232e-08  -1.60001e-06 -0.000123139 2.42868e-07  -6.60171e-05 1.35343e-05 1.0426e-09  -8.36279e-05 -1.8423e-05 5.65166e-08  -4.77556e-05 7.79354e-05 1.67037e-07  2.2321e-05 2.66049e-05 7.6974e-08  1.89061e-06 6.88552e-06 1.83418e-07  3.46451e-05 8.96364e-06 2.14461e-08  9.42765e-05 -0.000103173 4.6937e-08  6.39028e-05 -5.7211e-05 -3.96719e-09  -5.62438e-05 -7.35988e-05 2.89554e-08  -3.24166e-05 9.13614e-05 -3.36857e-09  1.25212e-05 7.55253e-05 -2.12177e-08  -8.48463e-05 3.48395e-05 9.77678e-09  5.28613e-05 3.70198e-05 5.69978e-07  7.83789e-05 5.13525e-05 1.09126e-08  2.29097e-07 -5.35715e-08 3.78514e-07  2.48829e-05 -2.05572e-05 2.07541e-07  -2.33002e-05 2.1417e-05 -1.60331e-07  -5.79777e-05 -2.68352e-05 4.97168e-08  -3.90688e-06 -9.63235e-05 5.62665e-08  2.12681e-05 4.19902e-05 -6.5934e-07  9.38908e-05 1.62353e-05 2.46633e-08  -1.59841e-05 -7.93431e-05 -1.38291e-09  4.52193e-05 7.3554e-05 -2.20936e-09  6.44832e-05 9.53119e-05 9.58417e-09  -1.88433e-05 -5.68721e-05 -9.50795e-10  6.59932e-05 -2.33362e-05 -8.44283e-11  5.94127e-05 -3.35741e-05 -2.4904e-09  -2.09801e-05 -8.63537e-05 2.64983e-07  4.46486e-05 1.67219e-05 4.7874e-07  2.68192e-05 -1.77317e-05 2.30281e-07  -3.24381e-05 -5.42305e-05 4.85739e-09  -4.93492e-05 -3.98842e-05 -1.28354e-08  3.78655e-05 -1.64861e-05 4.4414e-07  -8.43018e-05 -3.46877e-05 1.51635e-08  -4.3058e-05 8.10496e-05 2.84615e-09  -6.21388e-05 6.69692e-05 1.01088e-09  3.34817e-05 1.85204e-05 -5.62783e-07  3.71501e-05 -2.92029e-05 5.31119e-07  -2.78404e-05 1.43863e-05 -2.94087e-09  -6.78909e-06 6.86294e-05 1.35431e-09  2.7551e-05 -6.76834e-05 -9.19045e-08  -1.68848e-06 -0.000117101 -4.32448e-09  -6.84872e-05 1.98616e-06 1.88999e-09  -0.000245774 0.000224333 8.85416e-06  4.05476e-05 -1.18402e-05 -2.1709e-08  -4.87004e-05 2.77096e-05 1.46622e-08  6.33552e-05 -6.55796e-06 1.02475e-07  3.72889e-05 0.000101622 4.34006e-08  -5.27291e-05 2.07937e-05 1.01629e-07  3.85788e-05 6.80012e-05 -3.42329e-08  -6.19528e-05 1.26721e-05 4.41184e-08  5.23593e-05 4.27147e-06 -1.94547e-07  7.27582e-05 2.00747e-05 5.04712e-08  -2.19263e-05 -6.32849e-07 1.40904e-09  7.5114e-05 7.65224e-06 -1.36101e-08  -5.00931e-05 -5.00778e-05 8.47554e-10  9.80257e-06 4.74992e-05 1.57612e-07  -4.56492e-06 -1.93512e-05 -9.7684e-08  0.000105135 -4.84368e-05 7.65757e-07  -2.20154e-05 5.39087e-05 5.11761e-08  -1.12262e-05 -3.33803e-05 3.3683e-08  2.13573e-06 2.63672e-05 2.95146e-07  0.000115326 6.77328e-07 -1.62769e-08  7.74553e-05 -9.11527e-05 3.14745e-09  -1.66224e-05 -0.000124798 2.13871e-09  -8.01749e-06 -3.05306e-05 8.39792e-08  7.59321e-05 -1.23586e-05 6.32456e-07  -7.86945e-07 4.83684e-07 4.6567e-07  -4.21738e-05 5.26233e-05 2.12643e-08  0.00106751 -0.000306869 -1.43272e-05  3.34389e-05 -7.00646e-05 5.64136e-07  -6.00926e-05 6.47355e-05 9.10553e-11  3.92834e-05 -3.55301e-05 5.5898e-08  -7.37139e-05 -5.63758e-05 1.37705e-08  -3.54689e-05 1.64929e-06 -3.07625e-09  -1.84374e-05 6.61588e-05 2.00463e-09  8.24125e-05 4.3937e-05 2.07154e-08  7.40756e-05 -4.91145e-05 6.07696e-09  -2.01682e-05 5.83679e-05 2.52726e-07  6.63828e-05 1.76932e-05 -1.33768e-08  -2.1934e-05 -4.75316e-05 -2.04936e-09  4.51846e-05 -4.76875e-06 -1.33861e-08  -2.48561e-06 2.6357e-05 2.36205e-07  -3.38575e-05 -5.51993e-05 -3.00102e-10  -4.1716e-05 7.8545e-05 3.07652e-08  -2.71072e-05 -3.86483e-06 2.41602e-07  -8.76177e-06 5.6007e-05 -8.95979e-09  -4.14699e-05 7.80336e-05 5.69763e-12  6.45836e-05 -5.53695e-05 1.91926e-08  2.33079e-05 1.62409e-06 -2.43481e-07  -1.52084e-05 0.000113448 1.62219e-08  6.67857e-05 5.75983e-05 -7.15157e-09  
            </DataArray>
         </PointData> 
      </Piece>
   </UnstructuredGrid> 
</VTKFile>
