<?xml version="1.0"?>
<VTKFile type="UnstructuredGrid" version="0.1" byte_order="LittleEndian">
   <UnstructuredGrid>
      <Piece NumberOfPoints="1126" NumberOfCells="0" > 
         <Points> 
            <DataArray type="Float64" Name="Position" NumberOfComponents="3" format="ascii"> 
               -0.00460669  -0.00193719  0.048973  
               -0.00456781  -0.00200993  0.0494405  
               0.00160798  -0.00471205  0.037189  
               0.00200235  -0.00457186  0.0356426  
               -0.00139233  -0.00477747  0.0491934  
               -0.00220156  -0.00446538  0.0493789  
               0.00144515  -0.00476144  0.000519076  
               0.00055569  -0.00494527  0.0428234  
               -0.000726652  -0.00492843  0.0430252  
               -0.000329968  -0.0049675  0.0418745  
               0.00212629  0.00450561  0.0493708  
               0.0039017  -0.00308936  0.000931061  
               0.00492654  -0.000745812  0.000639472  
               0.00158607  0.0047187  0.00947666  
               0.00235331  0.00438427  0.0106703  
               0.00305025  0.00393379  0.00917739  
               -0.00328297  -0.00374281  0.0489824  
               0.00362748  -0.00342349  0.000621582  
               -2.70975e-05  0.00499733  0.0489422  
               0.000860549  0.00491524  0.0484703  
               -0.000320539  0.00496843  0.0474879  
               0.00465954  0.00178107  0.000747089  
               0.00446995  0.00219301  0.000660817  
               0.00277785  -0.00415735  0.0494309  
               -0.000541918  -0.00494663  0.0494155  
               -0.00471424  -0.00160076  0.0492902  
               0.00490393  -0.000975452  0.0493445  
               0.00282105  0.00412189  0.000766351  
               0.0031146  -0.00388099  0.0492498  
               0.00374281  -0.00328297  0.0493879  
               0.00346852  0.00359053  0.000640672  
               0.00402934  0.00293383  0.000826627  
               -0.0018087  -0.00465116  0.0485934  
               -0.00170791  0.00468174  0.000893579  
               -0.00218173  0.00447598  0.000661621  
               -0.00216439  0.00448525  0.00251426  
               0.00446538  -0.00220156  0.0493674  
               0.00281927  -0.00412336  0.0489452  
               0.00496479  0.000357461  0.00554857  
               0.00493509  0.000659086  0.00662799  
               0.00495694  -0.000437193  0.00686191  
               -0.0015826  -0.00471975  0.00106305  
               -0.000709477  -0.00493012  0.00153217  
               0.00345094  -0.00360496  0.0487281  
               0.00334747  -0.00368988  0.047679  
               0.00263182  -0.0042354  0.0482347  
               -0.00309965  0.00389326  0.0171823  
               -0.00382784  0.00317936  0.0175693  
               -0.00133353  0.0047953  0.000590372  
               0.00210912  0.00451479  0.00103012  
               0.00242218  0.00434746  0.000712353  
               -0.0031642  -0.00384028  0.00120854  
               -0.00241032  -0.0043538  0.000966192  
               0.00375506  0.00326804  0.00145335  
               0.00459897  0.00195164  0.00206904  
               0.00372093  0.00330962  0.00239369  
               0.00204124  0.00455107  0.000559948  
               0.00446995  0.00219301  0.00123799  
               -0.00465459  0.00179741  0.00292777  
               -0.00439295  0.00233707  0.00193126  
               -0.00470852  0.0016196  0.00198529  
               0.00118389  -0.0048407  0.0494153  
               -0.00177342  0.00466186  0.0491404  
               -0.00200909  -0.00456826  0.000644285  
               0.00496893  -0.000315496  0.00098358  
               0.00498864  0.000115337  0.000617708  
               -0.00491673  0.000845485  0.0382039  
               -0.00490619  -0.000952446  0.0378922  
               -0.00496255  -0.000380251  0.0369558  
               0.00313435  0.00386477  0.000986872  
               -0.000592085  -0.00494168  0.0168272  
               -0.00031728  -0.00496875  0.0155755  
               -0.0031642  -0.00384028  0.000558407  
               -0.00280948  -0.00413139  0.000646067  
               -0.00329239  0.00373508  0.0494205  
               0.00498207  0.000182048  0.00184135  
               -0.00115057  -0.0048508  0.000589541  
               -0.000268126  -0.00497359  0.0312726  
               0.000865782  -0.00491473  0.0316316  
               0.00308673  -0.00390386  0.0408176  
               0.00387264  -0.00312477  0.0414405  
               -0.000709477  -0.00493012  0.000799284  
               0.00181565  -0.00464905  0.0486639  
               0.00118389  -0.0048407  0.0489248  
               -0.000302776  -0.00497018  0.000577366  
               0.00357428  0.00348833  0.04829  
               0.00359097  0.00346798  0.0473824  
               0.00477133  -0.00141256  0.0492505  
               0.00465116  -0.0018087  0.0494652  
               -0.000471224  0.00495359  0.0493952  
               0.0019825  -0.00458247  0.0221109  
               0.00317204  -0.00383385  0.0228372  
               -0.00439147  -0.00233984  0.0305348  
               0.00206269  0.00453961  0.016277  
               0.00276219  0.00416572  0.0150202  
               0.00307496  0.00391352  0.0163742  
               0.00385489  0.0031464  0.0490609  
               -0.00435937  0.0023999  0.0186585  
               -0.00442263  0.00228154  0.0200365  
               -0.00486287  0.00111078  0.0191247  
               -0.00134589  0.00479156  0.049395  
               -0.00494207  0.000588188  0.049335  
               0.00103133  -0.00488698  0.00365727  
               0.00254311  -0.00428282  0.00362288  
               0.0018011  -0.00465347  0.00304545  
               0.00462706  0.00188815  0.0142772  
               0.00490868  0.000927155  0.0132928  
               -0.0046053  0.0019398  0.0490015  
               -0.0046053  0.0019398  0.0494491  
               0.00484535  -0.00116854  0.00133133  
               -0.00458211  -0.00198317  0.0010801  
               0.00289487  0.00406131  0.0493716  
               0.00467538  -0.00172887  0.00378754  
               0.00417103  -0.00275225  0.00202276  
               0.00405424  -0.00290349  0.00362402  
               -0.00493563  -0.000653604  0.000832155  
               -0.00348843  -0.00357419  0.000728813  
               -0.00437404  -0.00237244  0.0472217  
               -0.000541918  -0.00494663  0.0489253  
               0.000325151  -0.00496798  0.0491569  
               -0.00294623  -0.00401917  0.0493798  
               -0.00360496  -0.00345094  0.0494293  
               -0.00389297  0.0031  0.000579026  
               -0.0032683  0.00375485  0.000576398  
               -0.00360435  0.00345168  0.000731285  
               0.00457846  -0.00199001  0.000574555  
               0.00417103  -0.00275225  0.000621103  
               0.000860549  0.00491524  0.049202  
               -0.00152331  0.00473774  0.00335005  
               -0.00160522  0.00471289  0.00473283  
               -0.000806583  0.00492056  0.00403441  
               0.00239643  -0.00436122  0.0232657  
               0.00339592  -0.00365011  0.0238269  
               -0.00315359  0.00384899  0.00830286  
               -0.00291931  0.00404125  0.00692363  
               -0.00191497  0.00461857  0.0071687  
               0.00297872  -0.0039925  0.000825007  
               0.00437494  -0.00237077  0.00108321  
               0.0018581  -0.00463618  0.000619668  
               0.00144515  -0.00476144  0.000926498  
               -0.00138183  -0.00478065  0.00669094  
               0.00122412  0.00482849  0.00156352  
               0.00494871  -0.000520792  0.0492639  
               0.000875595  -0.00491376  0.00130593  
               0.0018581  -0.00463618  0.00194485  
               0.000603286  -0.00494058  0.000660413  
               -0.00294591  0.00401942  0.0492406  
               -0.00492481  0.000763448  0.000801445  
               -0.00478488  0.00136791  0.000685958  
               0.00471124  0.00161066  0.0490532  
               0.00455949  0.0020255  0.0493706  
               0.00241955  0.00434886  0.00489836  
               0.0025034  0.00430405  0.00345401  
               0.0031931  0.00381656  0.0037968  
               0.00401917  -0.00294623  0.0490989  
               -0.000915408  0.00490984  0.0491406  
               -0.000645703  -0.0049364  0.00251569  
               0.000860585  -0.00491524  0.00246484  
               0.00332445  -0.00370876  0.0383299  
               -0.000849478  -0.00491633  0.0472765  
               0.00331297  -0.00371819  0.00144961  
               0.00382785  -0.00317935  0.0467244  
               -0.00147564  -0.00475219  0.00568086  
               0.00477841  0.00138923  0.000960172  
               0.00466416  0.00176587  0.00121653  
               0.00129203  0.00480789  0.0494137  
               0.00171818  0.00467862  0.0489434  
               -0.00091689  0.00490969  0.00051962  
               -0.00493027  -0.00070803  0.0490194  
               -0.00471424  -0.00160076  0.0486558  
               0.00441891  0.00228851  0.0469543  
               0.00462299  0.00190157  0.0480705  
               0.0048885  0.00102629  0.0467781  
               -0.00258575  -0.00426003  0.0490711  
               0.000373196  0.00496324  0.000559487  
               -5.70684e-05  0.00499438  0.000712726  
               0.000297996  0.00497065  0.00103067  
               0.00262539  -0.00423884  0.000587789  
               -0.00495619  0.000444845  0.0116668  
               -0.00490947  -0.000919187  0.0115808  
               -0.00496542  0.000351071  0.0129559  
               0.0027707  -0.00416117  0.00957373  
               0.00257259  -0.00426706  0.0106679  
               -0.00499225  7.87121e-05  0.00110401  
               -0.00460335  0.00194344  0.047883  
               0.00301323  0.00396418  0.0466006  
               -0.00332702  0.00370665  0.0256473  
               -0.00285015  0.00409801  0.0246867  
               -0.00096725  -0.00490473  0.0131268  
               -0.00231659  -0.0044039  0.0129125  
               0.00436277  -0.00239352  0.0324924  
               0.0016379  0.00470298  0.000874665  
               0.00491243  0.000889072  0.0477575  
               -0.00459067  0.00196716  0.00104357  
               0.00483697  0.00119618  0.00170021  
               0.00494627  0.00054548  0.000919325  
               -0.00426307  0.00258005  0.0302056  
               -0.00356471  0.00349998  0.0315334  
               -0.00497969  0.000206226  0.0489112  
               -0.00494207  0.000588188  0.0479497  
               -0.00302921  0.00395106  0.0428455  
               0.00495057  -0.000501827  0.0487881  
               0.00490393  -0.000975452  0.0487715  
               0.00471987  -0.00158219  0.000774727  
               -0.00362087  0.00343155  0.0494498  
               -0.00228905  -0.00441862  0.00424504  
               -0.0015826  -0.00471975  0.00273184  
               -0.000900222  -0.00491134  0.00363452  
               0.00454505  -0.00205252  0.0411614  
               0.0048193  -0.00125444  0.0401778  
               0.00455975  -0.00202501  0.0392656  
               0.00122412  0.00482849  0.000602455  
               0.0040323  -0.00293023  0.0332894  
               0.00453236  -0.00207624  0.0335201  
               0.00482022  -0.00125138  0.0458763  
               0.00499808  1.95244e-05  0.045295  
               0.004858  -0.00112684  0.0443596  
               0.00421134  -0.00267683  0.0243275  
               0.000289553  0.00497148  0.00385996  
               0.00196206  0.0045934  0.0470062  
               0.00289487  0.00406131  0.0482934  
               0.00251873  0.00429585  0.0490596  
               0.00124047  -0.00482353  0.0481088  
               0.00200993  -0.00456781  0.049328  
               -0.00257441  0.00426609  0.0487159  
               -0.00234982  0.00438614  0.0471137  
               -0.00134589  0.00479156  0.0484794  
               -0.00484235  0.00117845  0.00134909  
               -0.0043627  -0.00239366  0.0490104  
               -0.0031449  0.00385612  0.00938227  
               -0.00362814  0.00342269  0.0102447  
               -0.00390128  0.00308988  0.0093047  
               -0.00332028  -0.00371219  0.0310328  
               -0.00210252  -0.00451832  0.0322683  
               -0.00189307  -0.00462557  0.0309241  
               -0.00474136  0.00151137  0.04939  
               -0.00176917  -0.00466316  0.0138002  
               0.000417233  0.00495891  0.0494131  
               0.00187926  0.00462976  0.00167426  
               0.00145379  0.00475883  0.00225138  
               0.0048283  0.00122475  0.0493796  
               0.00323809  0.00377964  0.0490595  
               -0.00427951  -0.0025493  0.0459901  
               0.00465116  -0.0018087  0.0490358  
               -0.00474225  0.00150841  0.00836831  
               0.00435081  0.00241591  0.0489187  
               0.0041362  0.00280362  0.0493723  
               0.00200993  -0.00456781  0.0479998  
               0.00462908  -0.0018815  0.0475827  
               0.00470702  -0.00162458  0.0481034  
               0.00483699  -0.0011961  0.0477954  
               0.00385489  0.0031464  0.049477  
               0.00342822  0.00362361  0.0436348  
               0.00404777  0.00291138  0.0445795  
               0.00392394  0.00306226  0.0457276  
               0.0039017  -0.00308936  0.000521064  
               -0.00496807  -0.000324195  0.0493771  
               0.0041362  0.00280362  0.0479846  
               -0.00220156  -0.00446538  0.0469429  
               -0.00442985  0.00226804  0.00963771  
               -0.00486882  0.00109119  0.0105134  
               -0.00438214  0.0023573  0.0108464  
               -0.00258575  -0.00426003  0.049481  
               -0.00418035  -0.00273481  0.0394671  
               -0.0045236  -0.00209264  0.041254  
               -4.0336e-05  -0.00499603  0.00174019  
               0.00155261  -0.00472885  0.0113523  
               -0.00182918  0.00464495  0.0358232  
               -0.00209369  -0.00452304  0.00189744  
               0.00395503  0.00302438  0.0418706  
               0.00445656  0.00221806  0.0411219  
               0.00357351  0.00348927  0.0493721  
               -0.00439295  0.00233707  0.000639557  
               -0.00417664  0.00274176  0.000527436  
               -0.00475979  0.00145062  0.0462851  
               -0.00498468  -0.000155563  0.0471633  
               -0.00425777  -0.00258998  0.000755944  
               -0.00389718  -0.00309487  0.00108632  
               -0.00427486  -0.00255799  0.00157127  
               0.00258965  -0.00425794  0.0025406  
               0.00490396  0.000975104  0.000617259  
               -0.00486013  0.00111982  0.0490714  
               -0.0049151  0.000862  0.00196025  
               -0.00389297  0.0031  0.00360185  
               -0.00492418  0.000769846  0.044976  
               -0.00316208  -0.00384202  0.0144819  
               -0.00381835  -0.00319092  0.0140847  
               -0.00341081  -0.00363789  0.0154353  
               -0.00388099  -0.0031146  0.0485558  
               0.000803405  0.00492087  0.000874252  
               4.28867e-05  -0.00499578  0.0363621  
               0.00105282  -0.00488046  0.000722787  
               -0.00290687  0.00405147  0.0306249  
               0.00446288  0.00220624  0.0160652  
               0.00431474  0.00248339  0.0150426  
               0.00477841  0.00138923  0.000534007  
               -0.00241032  -0.0043538  0.000537489  
               -0.00271595  0.00419044  0.0331452  
               0.000538396  -0.00494697  0.0473781  
               0.00021372  -0.00497895  0.00108404  
               -0.0049455  0.000553334  0.00737865  
               -0.00493137  -0.000696779  0.00767567  
               0.00410441  0.00284235  0.0296435  
               0.00347252  0.00358725  0.0298909  
               0.00415066  0.002786  0.0307516  
               0.00417692  -0.00274123  0.017341  
               0.00361713  -0.00343611  0.0168422  
               0.00381218  -0.00319844  0.0181794  
               -0.00291931  0.00404125  0.00080145  
               -0.00418188  0.00273195  0.0493135  
               -0.00389035  0.00310318  0.0492262  
               -0.00134589  0.00479156  0.0469927  
               0.00323378  0.00378318  0.0337014  
               0.00404653  0.00291289  0.0339496  
               0.00433909  0.00243784  0.034903  
               0.00462694  0.00188856  0.0359453  
               0.00242218  0.00434746  0.00134788  
               0.00151124  0.0047414  0.0272731  
               0.00455399  0.00203578  0.0458139  
               0.00483269  0.0012103  0.0443319  
               -0.00343053  -0.00362171  0.0482725  
               -0.00366465  -0.00337821  0.0472791  
               -0.00298432  -0.0039879  0.0477953  
               -0.00236447  0.00437831  0.0460065  
               -0.00274216  0.00417642  0.0443464  
               -0.00415735  -0.00277785  0.0494292  
               0.00088075  -0.00491325  0.0162229  
               0.000947886  0.00490664  0.020251  
               -0.00383633  0.00316901  0.00245724  
               -0.00133353  0.0047953  0.00168248  
               0.00458315  -0.00198123  0.00709132  
               0.00481417  -0.00127133  0.00592485  
               -0.0006065  -0.00494026  0.0386546  
               -0.000513945  -0.00494938  0.0396567  
               0.00496601  -0.00034509  0.0171083  
               -0.00388099  -0.0031146  0.0492428  
               0.00224434  -0.00444252  0.00104704  
               0.00499116  8.97942e-05  0.0483349  
               -0.00129662  -0.0048065  0.0175232  
               -0.00223214  -0.00444904  0.016779  
               -0.00128418  -0.00481027  0.0160161  
               0.00144964  -0.00476008  0.046665  
               -0.000497353  0.00495101  0.00307581  
               -0.000990233  0.00489944  0.00242109  
               -0.00317259  0.00383339  0.0485408  
               0.00418566  0.00272489  0.0258044  
               0.00453507  0.00207119  0.0249786  
               -0.00254215  0.00428333  0.00138348  
               -0.00417664  0.00274176  0.000942246  
               -0.00383446  0.0031713  0.00105926  
               0.0049292  0.000718823  0.0493197  
               -0.00418188  0.00273195  0.0487067  
               -0.00165578  0.00469755  0.0450367  
               -0.0013338  0.00479522  0.0434398  
               -0.00444045  -0.0022482  0.0244864  
               -0.00415415  -0.00278175  0.0236768  
               0.00248903  0.00431173  0.0331426  
               0.00157  0.00472357  0.0331908  
               0.00218884  0.00447218  0.0340916  
               0.00269167  0.00420341  0.0371015  
               0.00283485  0.00411057  0.0381836  
               0.00355578  0.00351086  0.0376173  
               0.00479398  -0.00133789  0.0234308  
               0.00499987  1.30523e-06  0.0231523  
               0.00426003  -0.00258575  0.048376  
               0.00416377  -0.00276583  0.0474769  
               0.00449125  -0.00215317  0.0480831  
               0.00239366  -0.0043627  0.0489272  
               -0.00091689  0.00490969  0.000927513  
               -0.00420542  -0.00268792  0.0484073  
               -0.00401947  0.00294585  0.021869  
               -0.00304379  0.0039391  0.0209119  
               -0.00274958  0.00417246  0.0221883  
               0.00273508  0.00418021  0.00182876  
               0.00282442  0.00411913  0.00124104  
               -0.00217951  0.00447717  0.049395  
               0.00264061  0.0042307  0.0455914  
               -2.56631e-05  -0.00499747  0.0233609  
               0.00085216  -0.00491607  0.0226743  
               0.000905026  -0.00491086  0.0238552  
               -0.000661252  0.00493487  0.00166959  
               0.00384666  -0.00315643  0.0046434  
               0.00390874  -0.00308078  0.00566597  
               0.00320808  -0.00380427  0.00524606  
               -0.00362087  0.00343155  0.0490027  
               -0.00364272  -0.00340492  0.0125703  
               -0.00430661  -0.00249859  0.0133265  
               0.00468771  0.00168823  0.0341704  
               -0.00109526  -0.00486758  0.0270601  
               0.000608526  -0.00494007  0.0277203  
               -0.000579528  -0.00494292  0.0282045  
               -0.00465094  -0.00180944  0.0275069  
               -0.00470527  -0.00163033  0.0254095  
               -0.00492099  -0.00080225  0.0272295  
               -0.00317249  0.00383347  0.0475661  
               0.0043982  -0.00232724  0.0295262  
               0.00470938  -0.00161679  0.0304448  
               0.00402267  -0.00294196  0.0396826  
               -0.000292531  -0.00497119  0.00108357  
               -0.00206734  0.00453713  0.0426934  
               -0.00251221  0.00429934  0.00428689  
               -0.00389533  0.00309713  0.00480689  
               -0.0010628  0.00487743  0.0299494  
               -0.00199157  0.00457763  0.0309152  
               0.00421184  -0.00267591  0.0126239  
               0.0033328  -0.00370191  0.0115638  
               -0.0040174  0.00294838  0.00174273  
               0.000543035  -0.00494652  0.017454  
               -0.00375062  0.00327345  0.0481159  
               0.000325151  -0.00496798  0.0483762  
               -0.00468912  -0.00168359  0.0021757  
               -0.00493929  -0.000616405  0.00185935  
               0.00326432  0.00375811  0.0184676  
               0.0021414  0.00449754  0.0187265  
               0.00271537  0.00419074  0.0176614  
               0.00498927  -0.000108907  0.0490543  
               -0.00275673  -0.00416864  0.0363584  
               0.00473642  0.00152765  0.0369051  
               0.00441334  0.00229892  0.0375086  
               0.00492089  0.00080319  0.0391848  
               0.0049954  -4.67415e-05  0.0403112  
               0.00291044  0.00404853  0.0351759  
               -0.00377174  -0.00324772  0.0419357  
               -0.00367249  -0.00336865  0.0406011  
               -0.00256809  -0.00426947  0.0422023  
               0.00115397  -0.00484977  0.0193198  
               0.00149459  -0.00474645  0.0183118  
               -0.000410696  0.00495955  0.00103067  
               -0.00381837  0.0031909  0.0470964  
               -0.00314558  0.00385556  0.0465921  
               -0.00467669  0.00172454  0.0221205  
               -0.00490756  0.000938585  0.0212418  
               0.00324845  0.00377113  0.00480862  
               -0.00367074  0.00337079  0.0283976  
               -0.0028509  0.00409739  0.0284768  
               -0.00406721  0.00288769  0.0477336  
               -0.0043136  0.00248553  0.0481492  
               -0.00347768  -0.00358301  0.00355674  
               -0.0031642  -0.00384028  0.00475288  
               -0.000487432  0.00495199  0.000560129  
               0.00498426  0.000159765  0.0363883  
               0.0044274  -0.00227261  0.0488114  
               -0.00214877  0.0044936  0.0267785  
               -0.00325816  0.00376317  0.00111545  
               0.00384365  -0.0031601  0.0290539  
               0.000593949  0.0049415  0.0374722  
               0.000934891  0.00490792  0.0390462  
               0.00313659  -0.00386294  0.0395491  
               0.00216488  -0.00448499  0.0410838  
               -0.00475187  -0.0014767  0.039834  
               0.00488792  -0.0010282  0.0163588  
               -0.00262827  -0.0042373  0.00288917  
               0.00256848  0.00426926  0.00239571  
               -0.00462421  0.00189754  0.0484787  
               -0.00351821  -0.00354975  0.0214102  
               -0.00390285  -0.00308796  0.0227552  
               -0.00231996  -0.0044021  0.00661043  
               -0.00325141  -0.00376871  0.00583356  
               -0.000818776  0.00491936  0.0457579  
               -0.00481411  -0.00127153  0.0198654  
               -0.00494811  -0.000526868  0.0192139  
               -0.00474746  -0.00149125  0.0188355  
               -0.00498983  0.000103292  0.00347803  
               0.00209756  0.00452097  0.0287436  
               0.00158408  0.0047193  0.0296539  
               0.000380794  0.0049625  0.0282379  
               0.00258462  -0.00426063  0.0472198  
               -0.00496244  -0.000381345  0.0419094  
               -0.00494166  0.000592286  0.04134  
               -0.00482117  0.00124825  0.0473135  
               -0.00447812  0.00217772  0.00754074  
               0.00488598  0.00103461  0.015211  
               0.00417294  -0.00274869  0.0155329  
               0.00357577  -0.00348651  0.0158451  
               0.0049292  0.000718823  0.0487318  
               0.00496078  0.000398188  0.0329193  
               0.00366252  0.0033808  0.0361382  
               -0.00304124  -0.00394119  0.0389535  
               -0.00169626  -0.00468527  0.0432756  
               0.00346813  -0.00359085  0.0144567  
               0.00139306  0.00477725  0.00391761  
               6.60707e-05  -0.00499349  0.0130876  
               -0.000786279  -0.00492256  0.0141487  
               0.00298635  -0.00398624  0.0350338  
               0.00246156  0.00432641  0.0274526  
               0.00310581  0.0038882  0.0283102  
               0.00367346  0.00336746  0.0274052  
               -0.00470705  -0.00162448  0.0460732  
               -0.00427688  0.00255423  0.0464367  
               0.00240096  0.0043588  0.0130031  
               0.00251873  0.00429585  0.0494761  
               -0.00233412  0.00439453  0.0386794  
               -0.00362549  0.00342593  0.0384836  
               -0.00297403  0.00399635  0.0375265  
               -0.000435419  -0.00495711  0.020076  
               -0.00490504  -0.000964194  0.0326201  
               -0.00479356  -0.00133929  0.0314339  
               -0.00312367  -0.00387354  0.0223524  
               -0.00165654  -0.00469732  0.0220662  
               -0.00254171  -0.00428357  0.0215515  
               0.00335707  -0.003682  0.0455597  
               0.00286185  0.00408841  0.00771134  
               0.00176021  0.00466587  0.0176444  
               0.00476638  -0.00142887  0.048777  
               0.00463972  -0.00184642  0.0485416  
               -0.00363692  -0.00341199  0.0489461  
               0.00442977  0.00226818  0.0429977  
               -0.00491786  -0.00083402  0.0229013  
               -0.00472137  -0.00157725  0.0237842  
               0.000551453  0.00494569  0.0016737  
               -0.000962718  0.00490518  0.036271  
               -0.0006815  0.00493288  0.0347988  
               0.0049723  0.000281255  0.0492639  
               0.00498927  -0.000108907  0.0494735  
               0.00430166  0.00250786  0.00389799  
               0.00271781  0.00418944  0.0250095  
               0.00341562  0.00363394  0.0121892  
               0.00390573  0.00308445  0.0111877  
               0.00328612  0.00374022  0.0309202  
               0.00243863  0.00433866  0.0307171  
               -0.00478923  -0.00135357  0.0134323  
               -0.00494476  -0.000560834  0.0140378  
               -0.00393962  -0.00304315  0.0478472  
               0.00478389  -0.00137116  0.0294429  
               -0.00494107  0.000598377  0.00490682  
               -0.00469788  0.00165469  0.00452819  
               -0.00388149  0.00311399  0.022857  
               0.00401082  0.00295639  0.00705658  
               0.00362499  0.00342653  0.0388543  
               -0.00361455  -0.00343925  0.0106794  
               0.00490396  0.000975104  0.00243164  
               0.00496238  -0.000381937  0.00342949  
               0.00467911  0.00171657  0.028936  
               0.00499153  8.59849e-05  0.0283505  
               0.00481411  0.00127155  0.0277498  
               0.000253138  0.00497507  0.029735  
               -0.00230638  0.00440936  0.0100023  
               -0.00199814  -0.00457411  0.0356532  
               -0.0022276  -0.00445146  0.037295  
               -0.002772  -0.00416048  0.0111892  
               0.000253331  -0.00497505  0.0141121  
               -5.67795e-05  0.00499441  0.00208381  
               -0.0046313  0.00187418  0.0146973  
               -0.00431378  0.0024852  0.015553  
               -0.00491754  -0.000837263  0.0480025  
               0.00492152  -0.000796809  0.0352554  
               -0.00360435  0.00345168  0.00138724  
               -0.0030945  0.00389748  0.0020127  
               0.00342598  0.00362544  0.0102595  
               0.00294412  -0.0040209  0.036698  
               0.00189259  -0.00462571  0.0422137  
               0.000972787  -0.00490419  0.0415452  
               0.000675468  -0.00493347  0.0354475  
               0.000134925  -0.00498671  0.0341691  
               -0.000653489  -0.00493564  0.0350434  
               -0.00263202  0.00423529  0.0295811  
               -0.00127649  0.00481261  0.0282992  
               0.00390872  0.00308081  0.00831475  
               0.00494627  0.00054548  0.000515898  
               -0.000109763  0.00498919  0.00650299  
               -0.00338135  -0.00366207  0.0337341  
               0.00487007  0.00108705  0.0250923  
               -0.00152525  -0.00473715  0.03427  
               -0.0044117  0.00230199  0.048737  
               -0.00440469  0.00231511  0.0492253  
               0.00499544  4.62911e-05  0.014044  
               0.00472115  0.001578  0.0307672  
               0.00473973  0.00151675  0.0325257  
               0.00495884  0.000417894  0.0317132  
               0.0045076  -0.00212258  0.0284444  
               0.00484801  -0.00115979  0.0279859  
               0.00476778  -0.00142428  0.0326804  
               0.00494805  -0.000527436  0.0340286  
               0.00474202  -0.00150919  0.0344044  
               -0.00140292  0.00477426  0.020774  
               -0.000414604  0.00495917  0.0213213  
               0.000240767  0.00497629  0.0462368  
               0.000691939  -0.00493185  0.00797838  
               0.000876019  -0.00491372  0.00598035  
               0.00187927  -0.00462976  0.00748897  
               0.00189547  0.00462484  0.00296056  
               0.00390116  0.00309002  0.0286881  
               -0.00324079  0.00377742  0.00309918  
               -0.00394857  -0.00303225  0.00544341  
               -0.00399898  -0.00297082  0.0043845  
               -0.0035841  0.00347636  0.0357297  
               -5.16771e-05  0.00499491  0.0196315  
               -0.00442354  -0.00227984  0.0224686  
               0.00292131  0.00403961  0.00657464  
               -0.00475504  0.00146628  0.0482097  
               -0.00411828  0.00282546  0.0276076  
               -0.00269425  -0.00420203  0.0258898  
               -0.00165183  -0.00469875  0.011469  
               -0.00210212  -0.00451853  0.00955846  
               -0.000399729  0.00496063  0.024761  
               -0.00184312  0.00464072  0.0257142  
               -0.000808351  0.00492038  0.0266185  
               -0.00412592  -0.00281614  0.0489427  
               0.00473301  0.00153889  0.00747036  
               -0.00482907  -0.00122222  0.0470564  
               -0.00355216  -0.00351528  0.0259351  
               -0.00303358  -0.00394747  0.0268034  
               0.00473083  -0.00154607  0.0253137  
               0.00491626  -0.000850193  0.0244972  
               -0.00490892  -0.000924706  0.0448222  
               0.00268695  0.00420594  0.0227585  
               0.00462641  0.00189032  0.00470019  
               0.00490664  0.000947913  0.004057  
               -0.00438042  0.00236052  0.0136352  
               -0.00341431  0.00363502  0.0152379  
               -0.00374762  0.0032771  0.0131888  
               -0.00197799  0.00458488  0.024401  
               -8.85391e-05  -0.00499128  0.00707179  
               0.00323809  0.00377964  0.0494762  
               -0.00367698  -0.00336318  0.024853  
               -0.00176425  0.00466465  0.019602  
               0.00486545  0.0011023  0.0298066  
               0.00497724  -0.000231046  0.0296987  
               0.00336226  0.00367774  0.0134459  
               -0.00498456  0.000156717  0.0153718  
               -5.70684e-05  0.00499438  0.00134861  
               -0.00297383  -0.00399652  0.0300175  
               -0.00377112  -0.00324847  0.0298266  
               -0.00437304  0.00237433  0.0475385  
               -0.00348843  -0.00357419  0.00229379  
               0.00417017  0.00275386  0.0221469  
               0.00471194  0.00160834  0.0220196  
               -0.00434426  0.00242816  0.00569531  
               -0.00437109  0.00237796  0.0233491  
               0.00246454  -0.00432482  0.011726  
               0.00178312  -0.00465892  0.00941678  
               -0.00166795  0.00469386  0.0218847  
               0.0041737  -0.00274726  0.0431473  
               0.00338143  -0.003662  0.0427194  
               -0.00245456  0.00433015  0.00883381  
               -0.00209985  -0.00451975  0.0151714  
               -0.000532671  0.00494754  0.0290671  
               0.00154409  0.00473143  0.0372383  
               0.00203304  0.00455546  0.0388986  
               -0.0049488  0.000519824  0.0270966  
               0.00422406  -0.00265305  0.0144484  
               0.00468677  -0.00169133  0.0142275  
               0.00470072  -0.00164534  0.0130746  
               -0.00471946  -0.00158355  0.0357152  
               0.00237538  0.00437247  0.0416769  
               0.00119712  0.00483668  0.0409561  
               0.00133664  0.00479436  0.0459485  
               0.00287528  0.00407739  0.0265175  
               0.001919  0.00461641  0.0257593  
               -0.00487014  -0.00108683  0.00444678  
               -0.00493032  -0.000707477  0.00561854  
               -0.00113124  -0.00485667  0.00913082  
               -0.00474441  0.00150132  0.0115137  
               0.00494303  0.000578404  0.0426502  
               -0.00431638  0.00248032  0.00858232  
               0.00497701  -0.000233416  0.0464976  
               0.00475274  -0.00147384  0.019686  
               0.00276898  -0.00416209  0.0260834  
               0.00210596  -0.00451648  0.0267439  
               0.00395299  0.00302687  0.00475787  
               0.00375506  0.00326804  0.00333402  
               0.00437258  0.00237519  0.00280041  
               0.000873633  0.00491395  0.034049  
               -0.00321649  -0.00379737  0.00733851  
               0.000693589  0.00493169  0.00735023  
               -0.00495306  -0.000476614  0.0388149  
               -0.00496602  0.000345041  0.0399731  
               -0.00490412  0.000973469  0.0391951  
               0.00313435  0.00386477  0.000545829  
               -0.00319481  -0.00381516  0.00871657  
               -0.00419884  -0.00270023  0.00850667  
               0.00193489  -0.00460792  0.0456979  
               0.00150837  -0.00474227  0.0442183  
               -0.000399718  0.00496063  0.0444548  
               -0.0022165  0.00445739  0.0405656  
               0.00392385  0.00306237  0.0171378  
               0.00378268  0.00323439  0.0161585  
               0.00391243  0.00307629  0.0198951  
               0.0044698  0.00219329  0.0190729  
               -0.00105597  0.0048795  0.00806006  
               -0.000455396  0.00495515  0.00524265  
               -0.000293801  0.00497106  0.0123745  
               -0.000524419  0.00494835  0.0135572  
               -0.00478991  0.00135132  0.00937447  
               0.000791455  0.00492205  0.00500367  
               0.000104135  0.00498974  0.0101562  
               -0.00121126  0.00483239  0.00987814  
               0.00109011  0.00486915  0.00287293  
               0.00414879  -0.00278828  0.031106  
               -0.00480207  0.00131124  0.0201046  
               0.00412129  -0.00282179  0.021363  
               0.003493  -0.00357044  0.0216155  
               0.00414976  -0.00278709  0.0227818  
               0.000163119  -0.00498393  0.0302864  
               0.0033368  -0.00369863  0.00640606  
               0.00354315  -0.00352626  0.0075243  
               0.00276302  -0.00416528  0.0076154  
               -0.00478223  -0.00137665  0.0146099  
               0.00497306  0.0002735  0.0488097  
               -0.00180229  -0.00465311  0.041666  
               6.06468e-05  -0.00499403  0.00440008  
               0.00111388  -0.00486194  0.00478209  
               -0.00430386  -0.00250374  0.0350426  
               0.00493349  -0.000675334  0.0307698  
               0.00498927  -0.000108907  0.0475163  
               0.00492904  -0.000720492  0.0473997  
               -0.00447543  0.00218276  0.0124523  
               0.00402864  -0.00293469  0.00686129  
               -0.00459316  0.00196251  0.0375079  
               -0.000754099  -0.00492573  0.0294497  
               -0.00497316  0.000272543  0.00593359  
               -0.00492352  -0.000776553  0.00664651  
               -0.00262125  -0.00424106  0.0435619  
               0.00492983  -0.00071244  0.0480252  
               0.000834172  0.00491784  0.0218591  
               -0.00425855  -0.00258851  0.0112183  
               -0.00462887  -0.00188218  0.0125352  
               0.00467916  0.00171641  0.0240054  
               -0.00218161  -0.00447605  0.0269003  
               -0.003338  -0.00369764  0.0278138  
               -0.00298854  0.00398444  0.0398198  
               -0.00446039  -0.0022109  0.0482779  
               -0.00455088  0.0020416  0.0364232  
               -0.00340348  -0.00364391  0.0462983  
               -0.00359392  -0.00346439  0.0450285  
               -0.00179646  -0.00465488  0.0280726  
               -0.00421259  -0.0026745  0.0161838  
               -0.00467524  -0.00172934  0.015571  
               -0.00466501  -0.00176305  0.0167882  
               -0.0010561  -0.00487946  0.00776886  
               -0.00280445  0.00413552  0.0136109  
               -0.00463472  0.00186289  0.0472426  
               0.00465994  -0.00177976  0.0357343  
               0.00432322  -0.00246752  0.0346802  
               0.00124923  0.00482088  0.0107506  
               0.00192732  0.00461197  0.0202322  
               0.00483713  0.00119564  0.0196312  
               0.00498129  0.000189935  0.0195964  
               0.00321085  -0.00380199  0.00844015  
               0.00423834  0.00262633  0.0365486  
               -0.00276051  0.00416662  0.011768  
               -0.00169079  0.00468693  0.0107651  
               0.00496087  0.000397304  0.0272733  
               -0.0043241  0.00246589  0.0399268  
               -0.00366284  0.00338042  0.00742812  
               -0.00468372  -0.00170138  0.0105042  
               -0.00494064  -0.000602689  0.0104982  
               0.00490919  -0.000921994  0.0118547  
               0.00156846  -0.00472404  0.0172447  
               0.00256801  -0.00426951  0.0170096  
               -0.00376583  -0.00325492  0.0373049  
               -0.00486387  0.0011075  0.0233878  
               -0.00498447  0.000157713  0.0230097  
               0.00445196  -0.00222668  0.00609383  
               0.0047473  -0.00149178  0.0471615  
               0.000864087  0.00491489  0.0449096  
               -0.00497071  0.00029738  0.0240556  
               0.003798  0.00321572  0.0145585  
               -0.00480885  0.00128887  0.0432944  
               -0.0040603  0.0028961  0.0431964  
               -0.00465842  0.00178477  0.0443826  
               0.00445318  0.0022244  0.0230305  
               0.00488897  0.00102477  0.0231468  
               0.00442779  -0.0022719  0.0453183  
               -0.00123143  0.00482628  0.0393287  
               -0.000716337  0.00492945  0.0378041  
               0.00460183  0.00194628  0.0387191  
               -0.000667187  0.00493429  0.0146567  
               -0.00470749  -0.00162302  0.0333561  
               -0.00436477  -0.0023898  0.0316985  
               0.00434966  0.00241805  0.00971661  
               -0.00474812  -0.00148906  0.00346257  
               -0.00471795  -0.00158852  0.0478669  
               -0.00427562  -0.00255658  0.047835  
               -0.00411162  -0.00283357  0.00728007  
               -0.0046897  -0.00168167  0.0078685  
               0.00499071  9.42744e-05  0.0413535  
               0.00490475  -0.000967067  0.0412886  
               -0.00284789  -0.00409987  0.0195281  
               -0.0036889  -0.00334865  0.0195312  
               0.00177183  0.00466235  0.00782127  
               -0.000157874  0.00498445  0.0392621  
               0.00119973  0.00483589  0.00618193  
               -0.000398345  -0.00496077  0.0179334  
               -0.00499141  -8.72135e-05  0.0331082  
               -0.00488354  0.00104264  0.0366986  
               -0.00477784  -0.00139111  0.0219085  
               0.00497386  0.000265391  0.0162991  
               0.0028874  -0.00406744  0.0419093  
               -0.00452823  -0.00208398  0.00463155  
               0.000929382  -0.00490846  0.0457634  
               -0.00477352  0.00140536  0.0279776  
               -0.00467865  0.0017181  0.0291598  
               -0.00463801  -0.00185207  0.00598377  
               0.00382589  0.00318173  0.0242203  
               -0.00412875  -0.0028127  0.0334913  
               -0.00446303  0.00220595  0.0419571  
               0.00398288  -0.00299044  0.0362761  
               0.00374926  -0.00327511  0.0351115  
               0.0020456  0.00454875  0.0362497  
               -0.00388105  0.00311452  0.0487387  
               -0.00479643  0.00132982  0.0245021  
               -0.00439175  -0.00233932  0.0449959  
               0.00447026  -0.00219243  0.0370871  
               0.000181928  0.00498208  0.00898691  
               0.00111151  0.00486265  0.0085861  
               -0.00162556  0.00470672  0.0139204  
               -0.00127444  0.00481323  0.0127943  
               -0.00252147  0.00429438  0.0056474  
               0.00483368  -0.00120703  0.0483388  
               0.00465694  0.00178966  0.00609567  
               0.000443184  0.00495635  0.0164617  
               3.03822e-05  0.00499701  0.0155164  
               0.00368033  -0.0033591  0.020631  
               0.000530725  0.00494773  0.0432854  
               -0.00198337  0.00458201  0.0230954  
               -0.000121005  -0.00498808  0.0460308  
               -0.00320107  0.00381002  0.0347951  
               -0.00210356  0.00451776  0.0347015  
               -0.00480424  0.00130408  0.0173753  
               -0.00249428  0.00430892  0.0162354  
               0.00441339  -0.00229883  0.0114161  
               0.00116479  -0.00484649  0.0299171  
               0.00458044  -0.00198631  0.0166562  
               -0.000726776  -0.00492842  0.0106609  
               -0.000977105  0.00490342  0.0157209  
               0.0011854  0.00484024  0.0155689  
               0.004954  -0.000467011  0.015513  
               -0.00138145  -0.00478077  0.0232921  
               0.00268418  -0.00420742  0.0432495  
               0.00382659  -0.00318088  0.0196331  
               0.00441244  -0.00230062  0.0465454  
               -0.00496765  0.00032844  0.0202087  
               -0.00352449  0.0035446  0.0455269  
               0.00499381  -6.28902e-05  0.0385868  
               0.00326658  0.00375626  0.0017  
               -0.00468931  -0.00168296  0.036924  
               -0.00184297  -0.00464077  0.0247755  
               -0.00137142  -0.00478381  0.0463594  
               -0.00445804  -0.00221529  0.0212396  
               -0.00403865  -0.00292248  0.020645  
               -0.0039576  0.00302124  0.0370638  
               0.00492718  -0.000739382  0.0204519  
               0.0045629  -0.00201911  0.0205932  
               0.000595915  0.00494131  0.0128374  
               0.00285617  -0.00409307  0.030203  
               0.0027604  -0.00416668  0.028969  
               -0.0027372  -0.00417908  0.0248793  
               -0.00218824  0.0044725  0.014936  
               0.000229057  0.00497744  0.0115181  
               -0.00480972  -0.001286  0.0302712  
               0.000552382  0.0049456  0.0401227  
               -0.00100592  0.00489468  0.0403901  
               0.000260385  0.00497435  0.0414311  
               0.00291998  0.00404071  0.00295656  
               0.00308041  0.00390905  0.00228778  
               0.00448754  -0.00216011  0.0421972  
               0.00333204  0.00370254  0.0414644  
               -0.00492102  0.000801884  0.0302354  
               -6.01608e-05  0.00499407  0.0311398  
               2.71997e-05  -0.00499732  0.0322829  
               -0.00494253  -0.00058354  0.0460072  
               -0.00497466  -0.000257304  0.0407882  
               -0.00425731  -0.00259084  0.0438141  
               -0.000391273  -0.00496146  0.021952  
               -0.000934947  -0.00490792  0.040577  
               0.000572282  -0.00494364  0.0399813  
               -0.00498735  -0.000128481  0.0306312  
               -0.0049763  -0.000240629  0.0293162  
               0.00483433  -0.00120487  0.0424319  
               0.00102091  0.00489014  0.0230993  
               0.0021612  0.00448696  0.0238293  
               -0.00472048  0.00158019  0.0160242  
               -0.00110148  -0.0048657  0.0212335  
               -0.00316395  -0.00384049  0.0351372  
               -0.000455046  -0.00495518  0.0257873  
               -0.000361873  -0.00496436  0.0243629  
               0.00235949  0.00438097  0.0433943  
               0.00323742  0.00378019  0.0424634  
               -0.00146325  -0.00475595  0.0452379  
               0.000154432  -0.00498479  0.0374302  
               0.00497927  -0.000210449  0.0128477  
               -0.00428669  -0.00253587  0.0188193  
               0.0028021  -0.00413745  0.0448584  
               -0.0046632  -0.00176903  0.017821  
               -0.00423312  -0.0026361  0.0174605  
               0.00331388  -0.00371744  0.0267953  
               -0.00464665  0.00182358  0.0406266  
               -0.00144454  -0.00476163  0.0197004  
               -0.00214999  -0.00449295  0.0205404  
               -0.00499089  9.24999e-05  0.00907943  
               -0.00406487  0.00289054  0.0291922  
               -0.00382069  -0.00318807  0.0323635  
               -0.00438366  0.00235445  0.0353095  
               0.000282439  -0.00497218  0.0289607  
               -0.00356609  0.0034983  0.029824  
               0.00186495  0.0046341  0.0117516  
               0.00499328  -6.82738e-05  0.026357  
               -0.0048612  0.00111632  0.0138027  
               0.00222736  0.00445159  0.0217518  
               0.00494947  0.000513061  0.0212654  
               -0.00477935  0.00138611  0.0056243  
               0.0048822  0.00104706  0.016938  
               0.000764234  -0.00492473  0.0388641  
               -0.00118915  0.0048391  0.0421461  
               0.00277785  -0.00415735  0.0462274  
               0.00487808  -0.00106067  0.0389727  
               0.00490611  0.000953276  0.0264362  
               0.00492498  -0.00076174  0.00470248  
               -0.00499139  8.74526e-05  0.0182357  
               0.00090464  -0.0049109  0.0264536  
               0.00350461  -0.00356092  0.00252274  
               -0.00377408  0.00324487  0.0340995  
               -0.00106304  -0.00487736  0.0320558  
               -0.00497969  0.000206226  0.0428723  
               -0.00217805  -0.00447795  0.0445012  
               0.00399161  0.0029798  0.0128667  
               0.00456186  0.00202106  0.0124778  
               -0.00311383  -0.00388162  0.0184542  
               -0.00365484  -0.00339016  0.0168534  
               -0.00381676  -0.00319286  0.0357949  
               0.00205941  0.00454136  0.0446689  
               0.00487432  0.00107307  0.0409865  
               0.00471365  0.00160271  0.0420808  
               0.00441675  -0.00229254  0.0265857  
               0.00415765  -0.00277728  0.0257492  
               0.00411812  -0.00282565  0.0273785  
               -0.00496552  0.000350073  0.0254715  
               0.00305109  -0.00393311  0.0127695  
               0.00438405  -0.00235372  0.00499284  
               -0.00499198  -8.1473e-05  0.0220389  
               0.00467323  0.00173594  0.0399745  
               -0.00117661  0.0048429  0.00612149  
               0.00434538  0.00242607  0.027774  
               -0.00443573  -0.00225703  0.0287552  
               -0.00494276  -0.000581128  0.0246396  
               0.00462783  0.00188562  0.0269373  
               -0.00491254  -0.000887961  0.0162936  
               0.000319509  0.00496853  0.0365101  
               -0.00420787  -0.00268334  0.00996842  
               -0.00239792  -0.00436043  0.00764699  
               -0.00466588  0.0017602  0.0339847  
               0.00497664  0.000237166  0.0241541  
               0.00366157  0.00338195  0.00587803  
               -0.00496846  0.000320238  0.0315394  
               -0.00091887  -0.0049095  0.0368321  
               -0.00112259  0.00485929  0.0116898  
               0.00345891  0.00359842  0.0323001  
               0.00426568  0.00257518  0.032465  
               0.00463584  -0.00185921  0.0182229  
               0.00497821  0.000221232  0.0111233  
               0.00495165  0.00049091  0.00995103  
               0.00456706  0.00201134  0.0109199  
               0.0025139  -0.00429844  0.0340628  
               0.00234423  -0.00438912  0.00492609  
               0.00207287  -0.00453417  0.00622761  
               -0.00124488  0.0048222  0.0237446  
               -0.00439715  -0.00232922  0.0145483  
               -0.00426916  0.00256867  0.0326702  
               -0.00452956  0.00208149  0.0312687  
               -0.00033205  0.0049673  0.0230896  
               -0.00242923  0.00434369  0.0127011  
               -0.00300635  -0.00396982  0.00976662  
               0.00341617  -0.00363349  0.0341481  
               -0.00257304  -0.00426682  0.0454657  
               0.00134487  -0.00479186  0.0138372  
               0.00343967  -0.0036142  0.0323694  
               0.00281944  -0.00412322  0.0329954  
               -0.00464659  0.00182377  0.0268735  
               0.00498851  -0.000116655  0.00808277  
               0.00480075  -0.00131557  0.00791888  
               0.00494174  0.000591543  0.037761  
               0.00194586  -0.00460205  0.030943  
               -0.00343895  -0.0036148  0.0438938  
               -0.000514174  -0.00494936  0.0060958  
               -0.00427384  0.00255991  0.0453163  
               0.00236644  -0.00437725  0.0139662  
               -0.00251618  -0.00429722  0.00538167  
               -0.0041515  -0.00278498  0.0265859  
               -0.00419494  -0.00270752  0.0275929  
               -0.00383063  0.00317596  0.0445993  
               0.0049701  -0.000303558  0.0187077  
               0.00491254  -0.000888007  0.0217816  
               -0.00267461  0.00421253  0.0316656  
               -0.00341806  0.00363195  0.0239521  
               -0.00278989  0.00414747  0.0417134  
               0.00442426  -0.00227849  0.0191372  
               0.00114237  0.00485329  0.0242562  
               -0.00403106  -0.00293174  0.00293445  
               0.00144461  -0.00476161  0.0342436  
               -0.00493116  -0.000698977  0.0173112  
               0.00483522  -0.00120193  0.0316388  
               0.00356282  0.00350229  0.0226075  
               -0.00247456  0.00431946  0.0180883  
               -0.00132039  0.00479929  0.0184354  
               0.00121733  -0.00483055  0.0149939  
               0.00344341  -0.00361114  0.0103189  
               0.00400263  -0.00296637  0.00874286  
               0.000565082  -0.00494434  0.0446429  
               0.00284254  -0.00410426  0.0317068  
               0.0016249  -0.00470692  0.0127664  
               -0.00157067  -0.00472337  0.0398103  
               0.00323805  0.00377967  0.0211425  
               -0.0017452  -0.00467043  0.0296124  
               -0.00490425  0.000972165  0.0332685  
               0.00156306  -0.00472568  0.0286403  
               -0.00160963  0.00471155  0.0170944  
               -0.000478917  0.00495283  0.0168528  
               -0.00172959  -0.00467516  0.0258443  
               0.00496942  0.000310464  0.0348563  
               0.00188866  -0.00462691  0.0207313  
               -0.00484605  -0.00116625  0.00933814  
               -0.00433138  0.00245225  0.0167548  
               0.00228748  -0.00441946  0.0388316  
               -0.00127281  0.00481372  0.0319698  
               -0.00124132  0.00482327  0.0334416  
               0.00302782  -0.0039522  0.0189233  
               -0.00158608  -0.0047187  0.038719  
               -0.000465678  -0.00495413  0.0448627  
               -0.000176439  -0.00498262  0.0438949  
               0.00112052  0.00485992  0.0192438  
               0.00204011  0.00455168  0.0319631  
               0.0010695  0.0048754  0.0319785  
               0.00486273  -0.00111125  0.0376853  
               -0.00384299  0.0031609  0.0408662  
               0.00483478  0.0012034  0.00896335  
               0.00471521  -0.00159756  0.0100202  
               -0.00479754  0.00132615  0.0356805  
               -0.00493061  0.000704533  0.0348125  
               -0.00498184  0.00018435  0.0359966  
               -0.00364822  0.00339823  0.041995  
               0.00445436  0.00222219  0.00866414  
               0.000245168  -0.00497585  0.0187712  
               -0.00016701  -0.00498355  0.00967301  
               0.00482192  -0.00124578  0.0268702  
               0.00479072  0.00134864  0.0181498  
               0.00263891  -0.00423161  0.0154438  
               -0.00324341  -0.00377528  0.0134514  
               -0.00124694  -0.00482157  0.0442356  
               -0.00485619  -0.00113282  0.0430308  
               -0.0033599  0.00367967  0.0196327  
               -0.0036487  0.00339765  0.0325657  
               0.00313696  0.00386263  0.0200657  
               0.00138662  -0.0047792  0.0325506  
               -0.000512899  -0.00494948  0.0331854  
               0.00453792  -0.00206585  0.0220463  
               -0.00418313  -0.00272961  0.0384472  
               -0.00415183  -0.00278457  0.025548  
               0.00040625  -0.00495999  0.0107479  
               -0.0038095  0.00320171  0.0117502  
               0.00378811  -0.00322777  0.0445836  
               0.00453384  0.00207348  0.0171616  
               5.40806e-05  0.00499467  0.0176998  
               -0.0023156  -0.00440443  0.0408318  
               -0.00491557  -0.000857243  0.0207682  
               0.0010302  0.00488732  0.0352554  
               -0.00247427  -0.00431962  0.0289648  
               -0.00287896  -0.00407437  0.0235604  
               0.00140466  0.00477373  0.031017  
               -0.0046597  0.00178056  0.0256868  
               -0.00438314  0.00235542  0.0247733  
               0.00107777  0.00487289  0.0141605  
               -0.00464695  -0.00182257  0.0383978  
               -0.00427008  0.00256694  0.0383369  
               0.00255061  0.00427881  0.0401772  
               0.00379394  0.00322067  0.0401543  
               -0.00461204  0.00192719  0.0391311  
               0.0045287  0.0020831  0.020413  
               0.00219646  -0.00446811  0.0249458  
               0.00341465  -0.00363474  0.0253883  
               -0.00441951  -0.00228737  0.0425434  
               0.00409111  -0.00285856  0.0097493  
               0.00449948  -0.00213777  0.0442509  
               0.000596583  -0.00494124  0.0249198  
               -0.00165058  0.00469913  0.0369804  
               -5.17994e-05  0.0049949  0.0330801  
               0.00498472  -0.000155167  0.0253324  
               -0.00369131  0.00334572  0.00610773  
               -0.00476356  0.00143816  0.03231  
               0.00437624  -0.00236833  0.038283  
               -0.00493196  0.000690806  0.0165357  
               -0.00172917  -0.00467529  0.0186472  
               0.00466351  -0.00176801  0.0155945  
               -0.00223137  -0.00444945  0.033409  
               0.00490799  -0.000934179  0.017924  
               -0.00494636  -0.000544637  0.0350496  
               -0.00474215  -0.00150877  0.0346574  
               0.00498121  0.000190759  0.0442778  
               -0.00493169  -0.000693599  0.033989  
               0.00335123  0.00368679  0.0256724  
               -0.00115806  -0.00484853  0.0378124  
               0.00131957  0.00479954  0.0439725  
               0.00451896  -0.00210133  0.00861062  
               0.00189014  -0.00462646  0.0162502  
               0.0015916  0.00471702  0.039962  
               -0.000485966  -0.00495214  0.0118405  
               -0.00499351  -6.59363e-05  0.0279243  
               -0.0032526  0.00376773  0.0275092  
               0.000783888  0.00492279  0.0260547  
               0.00124353  0.00482261  0.0422326  
               0.00495042  -0.000503366  0.00930344  
               0.00493781  -0.000631387  0.010336  
               0.00314119  -0.00385917  0.0199181  
               0.00485495  -0.00113691  0.00261355  
               0.00221968  -0.00445569  0.0084751  
               0.00337605  -0.00366642  0.0281027  
               -0.00370876  0.00332446  0.0164787  
               0.00397722  0.00299733  0.021008  
               0.00495957  -0.00041045  0.0432998  
               0.00136867  -0.00478465  0.0255598  
               -0.00444304  -0.00224335  0.0200087  
               -0.004211  0.00267748  0.0261723  
               0.00149095  -0.00474755  0.0395673  
               -0.00488352  -0.00104274  0.0282296  
               0.00203433  0.00455477  0.0350917  
               -0.00492592  0.000752189  0.0292396  
               0.000476882  -0.00495303  0.0121607  
               0.0025188  0.00429581  0.0296941  
               0.00229023  -0.00441799  0.0195591  
               0.0049342  0.000668072  0.012277  
               0.000512027  -0.00494957  0.0332163  
               0.00254552  -0.00428153  0.0279536  
               -0.00381034  0.00320068  0.0205462  
               -0.00496427  -0.000362796  0.0438368  
               0.000659174  -0.00493508  0.0215748  
               -0.00383302  -0.00317304  0.0287342  
            </DataArray>
         </Points> 

         <Cells>
            <DataArray type="Int32" Name="connectivity" NumberOfComponents="1" format="ascii">
               
            </DataArray> 
            <DataArray type="Int32" Name="offsets" NumberOfComponents="1" format="ascii">
               
            </DataArray>
            <DataArray type="UInt8"  Name="types" NumberOfComponents="1" format="ascii">
               
            </DataArray>
         </Cells>
         <PointData Scalars="Rank " Vectors="DisplacementDelta Force ">
            <DataArray type="UInt32" Name="Rank" NumberOfComponents="1" format="ascii">
               0 0 0 0 0 0 0 0 0 0 0 0 0 0 0 0 0 0 0 0 0 0 0 0 0 0 0 0 0 0 0 0 0 0 0 0 0 0 0 0 0 0 0 0 0 0 0 0 0 0 0 0 0 0 0 0 0 0 0 0 0 0 0 0 0 0 0 0 0 0 0 0 0 0 0 0 0 0 0 0 0 0 0 0 0 0 0 0 0 0 0 0 0 0 0 0 0 0 0 0 0 0 0 0 0 0 0 0 0 0 0 0 0 0 0 0 0 0 0 0 0 0 0 0 0 0 0 0 0 0 0 0 0 0 0 0 0 0 0 0 0 0 0 0 0 0 0 0 0 0 0 0 0 0 0 0 0 0 0 0 0 0 0 0 0 0 0 0 0 0 0 0 0 0 0 0 0 0 0 0 0 0 0 0 0 0 0 0 0 0 0 0 0 0 0 0 0 0 0 0 0 0 0 0 0 0 0 0 0 0 0 0 0 0 0 0 0 0 0 0 0 0 0 0 0 0 0 0 0 0 0 0 0 0 0 0 0 0 0 0 0 0 0 0 0 0 0 0 0 0 0 0 0 0 0 0 0 0 0 0 0 0 0 0 0 0 0 0 0 0 0 0 0 0 0 0 0 0 0 0 0 0 0 0 0 0 0 0 0 0 0 0 0 0 0 0 0 0 0 0 0 0 0 0 0 0 0 0 0 0 0 0 0 0 0 0 0 0 0 0 0 0 0 0 0 0 0 0 0 0 0 0 0 0 0 0 0 0 0 0 0 0 0 0 0 0 0 0 0 0 0 0 0 0 0 0 0 0 0 0 0 0 0 0 0 0 0 0 0 0 0 0 0 0 0 0 0 0 0 0 0 0 0 0 0 0 0 0 0 0 0 0 0 0 0 0 0 0 0 0 0 0 0 0 0 0 0 0 0 0 0 0 0 0 0 0 0 0 0 0 0 0 0 0 0 0 0 0 0 0 0 0 0 0 0 0 0 0 0 0 0 0 0 0 0 0 0 0 0 0 0 0 0 0 0 0 0 0 0 0 0 0 0 0 0 0 0 0 0 0 0 0 0 0 0 0 0 0 0 0 0 0 0 0 0 0 0 0 0 0 0 0 0 0 0 0 0 0 0 0 0 0 0 0 0 0 0 0 0 0 0 0 0 0 0 0 0 0 0 0 0 0 0 0 0 0 0 0 0 0 0 0 0 0 0 0 0 0 0 0 0 0 0 0 0 0 0 0 0 0 0 0 0 0 0 0 0 0 0 0 0 0 0 0 0 0 0 0 0 0 0 0 0 0 0 0 0 0 0 0 0 0 0 0 0 0 0 0 0 0 0 0 0 0 0 0 0 0 0 0 0 0 0 0 0 0 0 0 0 0 0 0 0 0 0 0 0 0 0 0 0 0 0 0 0 0 0 0 0 0 0 0 0 0 0 0 0 0 0 0 0 0 0 0 0 0 0 0 0 0 0 0 0 0 0 0 0 0 0 0 0 0 0 0 0 0 0 0 0 0 0 0 0 0 0 0 0 0 0 0 0 0 0 0 0 0 0 0 0 0 0 0 0 0 0 0 0 0 0 0 0 0 0 0 0 0 0 0 0 0 0 0 0 0 0 0 0 0 0 0 0 0 0 0 0 0 0 0 0 0 0 0 0 0 0 0 0 0 0 0 0 0 0 0 0 0 0 0 0 0 0 0 0 0 0 0 0 0 0 0 0 0 0 0 0 0 0 0 0 0 0 0 0 0 0 0 0 0 0 0 0 0 0 0 0 0 0 0 0 0 0 0 0 0 0 0 0 0 0 0 0 0 0 0 0 0 0 0 0 0 0 0 0 0 0 0 0 0 0 0 0 0 0 0 0 0 0 0 0 0 0 0 0 0 0 0 0 0 0 0 0 0 0 0 0 0 0 0 0 0 0 0 0 0 0 0 0 0 0 0 0 0 0 0 0 0 0 0 0 0 0 0 0 0 0 0 0 0 0 0 0 0 0 0 0 0 0 0 0 0 0 0 0 0 0 0 0 0 0 0 0 0 0 0 0 0 0 0 0 0 0 0 0 0 0 0 0 0 0 0 0 0 0 0 0 0 0 0 0 0 0 0 0 0 0 0 0 0 0 0 0 0 0 0 0 0 0 0 0 0 0 0 0 0 0 0 0 0 0 0 0 0 0 0 0 0 0 0 0 0 0 0 0 0 0 0 0 0 0 0 0 0 0 0 0 0 0 0 0 0 0 0 0 0 0 0 0 0 0 0 0 0 0 0 0 0 0 0 0 0 0 0 0 0 0 0 0 0 0 0 0 0 0 0 0 0 0 0 0 0 0 0 0 0 0 0 0 0 0 0 0 0 0 0 0 0 0 0 0 0 0 0 0 0 0 0 0 0 0 0 0 0 0 0 0 0 0 0 0 0 0 0 0 0 0 0 0 0 0 0 0 0 0 0 0 0 0 0 0 0 0 0 0 0 0 0 0 0 0 0 0 0 0 0 0 0 0 0 0 0 0 0 0 0 0 0 0 0 0 0 0 0 0 0 0 0 
            </DataArray>
            <DataArray type="Float64" Name="DisplacementDelta" NumberOfComponents="3" format="ascii">
               5.57547e-10 2.99808e-10 2.9836e-10  2.62392e-10 1.51717e-10 2.30636e-10  -4.99402e-10 1.19921e-09 -1.04573e-10  -2.05587e-10 2.57982e-10 4.62093e-11  -4.21855e-11 2.48998e-10 3.18118e-10  4.08332e-11 1.20033e-10 2.10827e-10  1.31425e-06 -4.57298e-06 1.58132e-06  -4.55698e-11 1.40862e-09 -1.83799e-10  4.89273e-10 1.55279e-09 -1.38391e-10  3.12614e-10 1.40783e-09 -1.87966e-10  -4.41152e-11 -9.44587e-11 1.0981e-10  5.38845e-06 -4.14501e-06 1.66601e-06  6.82609e-06 -6.69458e-07 1.78202e-06  7.8938e-08 2.67374e-07 -6.01078e-08  7.28174e-08 1.39914e-07 -3.37827e-08  1.64668e-07 2.07903e-07 -7.52606e-08  3.36437e-10 2.72265e-10 2.59978e-10  3.80656e-06 -3.40195e-06 1.81566e-06  7.94721e-11 -3.82642e-10 2.09206e-10  -1.20774e-11 -5.04952e-10 1.96584e-10  2.12615e-10 -1.02792e-09 1.53642e-10  4.12158e-06 1.4957e-06 1.698e-06  5.77696e-06 2.85755e-06 1.6616e-06  -1.04209e-10 2.77817e-10 3.68265e-10  -8.60387e-11 2.25825e-10 2.954e-10  3.01951e-10 1.87538e-10 2.65225e-10  -2.53296e-10 1.2166e-10 2.26299e-10  2.78379e-06 4.122e-06 1.98171e-06  -2.20207e-10 4.10581e-10 4.34846e-10  -2.13663e-10 2.76211e-10 3.36893e-10  4.66293e-06 4.81357e-06 1.89674e-06  4.88381e-06 3.71424e-06 1.84872e-06  1.06433e-10 6.91516e-10 3.39118e-10  -1.81208e-06 4.93889e-06 1.79852e-06  -2.28278e-06 4.46017e-06 1.95299e-06  -2.85649e-06 5.31684e-06 -8.09949e-07  -2.63059e-10 1.94362e-10 2.76805e-10  -3.5981e-10 7.31114e-10 5.39286e-10  1.33436e-06 8.91114e-08 -2.14798e-07  8.69336e-07 1.32164e-07 -1.56652e-07  7.96143e-07 -9.7441e-08 -1.45521e-07  -2.42947e-06 -7.04036e-06 1.53356e-06  -1.22339e-06 -7.36193e-06 5.92202e-07  -5.31531e-10 7.91439e-10 4.53109e-10  -7.97953e-10 1.27351e-09 1.51325e-10  -8.52694e-10 1.61615e-09 4.05205e-10  -6.32014e-09 7.67708e-09 -3.81792e-09  -3.18071e-10 7.91633e-10 -3.53785e-09  -1.80987e-06 6.07199e-06 1.69242e-06  2.70411e-06 5.71709e-06 1.78391e-06  2.75651e-06 4.9274e-06 2.12587e-06  -4.58746e-06 -5.73112e-06 1.22359e-06  -3.2951e-06 -6.31901e-06 1.68286e-06  5.43469e-06 5.06185e-06 9.18917e-07  5.72902e-06 2.45568e-06 -3.50766e-07  4.64594e-06 4.57762e-06 -6.10774e-07  2.17965e-06 4.67266e-06 1.80431e-06  6.27979e-06 3.11065e-06 1.25372e-06  -4.18404e-06 1.71384e-06 -9.57003e-07  -6.2574e-06 3.57335e-06 -2.26052e-07  -6.66839e-06 2.34846e-06 -3.59651e-07  -1.13396e-10 2.88251e-10 3.51365e-10  9.23511e-11 -3.11854e-10 2.29746e-10  -2.56065e-06 -6.03385e-06 1.88428e-06  6.50496e-06 -2.794e-07 1.69607e-06  3.88387e-06 1.37178e-07 1.72822e-06  1.05096e-09 -1.33262e-10 6.57793e-11  5.59375e-10 7.6975e-11 2.16357e-10  1.26843e-09 1.08403e-10 1.51798e-10  4.28104e-06 5.32458e-06 1.81503e-06  -1.55024e-10 -1.57185e-08 -3.81403e-09  -1.36678e-09 -1.28538e-08 -7.60285e-09  -4.37994e-06 -5.13642e-06 1.68611e-06  -2.17443e-06 -3.4684e-06 1.75099e-06  -2.95206e-11 -9.52932e-11 6.74644e-11  8.31944e-06 3.33566e-07 -1.06434e-07  -1.45914e-06 -6.02433e-06 1.77623e-06  2.31711e-10 -2.40572e-11 -1.54502e-10  2.68063e-10 -7.9048e-10 -2.2461e-10  -2.65325e-10 4.19334e-10 -1.8729e-10  -5.38822e-10 4.64019e-10 -2.63189e-10  -7.94795e-07 -4.86053e-06 1.72181e-06  -4.60652e-10 9.91043e-10 5.44045e-10  -2.39042e-10 6.64672e-10 5.02605e-10  -2.21912e-07 -4.53551e-06 1.50149e-06  -3.29801e-10 -2.85828e-10 4.35664e-11  -3.33563e-10 -4.02651e-10 -1.19613e-10  -3.43353e-10 1.71119e-10 2.74102e-10  -1.60086e-10 1.11028e-10 2.17967e-10  4.73972e-11 -1.69688e-10 1.71389e-10  3.04724e-10 9.21838e-10 -6.92407e-10  -1.12356e-10 3.43071e-10 -5.44201e-10  1.40888e-09 4.12677e-10 -1.09747e-11  3.68956e-09 8.63962e-09 -3.8109e-09  1.56331e-08 1.80971e-08 -8.15098e-09  1.43584e-08 1.56631e-08 -4.6284e-09  -2.41618e-10 -1.68654e-10 1.29464e-10  -1.48253e-09 1.13455e-09 -2.83821e-09  1.55752e-09 -5.7261e-10 -1.71375e-10  1.06636e-09 -7.25677e-10 -1.95161e-09  5.23843e-11 -1.58135e-10 1.80658e-10  9.53454e-11 9.21409e-11 8.59547e-11  8.02223e-07 -3.39078e-06 -5.77654e-07  1.55292e-06 -2.79611e-06 -6.43166e-07  1.56576e-06 -4.15524e-06 -7.84078e-07  3.11518e-08 1.20605e-08 -9.55675e-09  4.08141e-08 6.84515e-09 -1.02805e-08  -2.92888e-11 8.76957e-11 -3.01668e-12  -7.47612e-12 4.80256e-11 -3.08023e-12  7.0095e-06 -1.5304e-06 8.0399e-07  -7.85878e-06 -3.20435e-06 1.54843e-06  -9.11079e-11 -8.5979e-11 1.07909e-10  2.46595e-06 -8.91861e-07 -3.91361e-07  5.71294e-06 -3.99047e-06 -4.68148e-07  2.33805e-06 -1.83683e-06 -6.04545e-07  -7.25081e-06 -9.33273e-07 1.95874e-06  -3.9603e-06 -4.006e-06 1.87569e-06  1.13873e-09 5.90197e-10 5.84155e-11  -9.55542e-11 6.31563e-10 4.31637e-10  -1.42401e-10 6.24165e-10 4.23838e-10  1.3275e-10 1.3069e-10 2.03497e-10  2.15922e-10 1.33378e-10 2.02351e-10  -4.22115e-06 3.53087e-06 1.91255e-06  -3.48213e-06 3.92787e-06 1.88814e-06  -3.51502e-06 3.3791e-06 1.98873e-06  4.45618e-06 -1.92445e-06 1.63108e-06  5.55416e-06 -3.59808e-06 1.6807e-06  6.04648e-12 -1.49287e-10 1.46875e-10  -1.17808e-06 3.51673e-06 -7.55513e-07  -6.489e-07 1.98672e-06 -3.7464e-07  -4.44586e-07 2.63467e-06 -5.33245e-07  -1.69495e-10 -1.85436e-10 -2.7011e-10  1.24233e-10 -2.88711e-10 -2.2249e-10  -3.30464e-07 3.65846e-07 -7.97859e-08  -4.66793e-07 5.77053e-07 -1.22059e-07  -2.71195e-07 5.78776e-07 -1.25888e-07  3.4249e-06 -4.38034e-06 1.74184e-06  6.14692e-06 -3.40498e-06 1.3625e-06  2.38949e-06 -6.15426e-06 1.72845e-06  1.78967e-06 -5.89597e-06 1.62955e-06  -2.58952e-07 -8.35398e-07 -1.39362e-07  2.09901e-06 7.61442e-06 6.25437e-07  -2.69782e-10 1.15209e-10 2.29643e-10  1.38625e-06 -7.49881e-06 1.11125e-06  2.49785e-06 -6.41767e-06 -1.3782e-07  8.00955e-07 -6.12683e-06 1.82229e-06  -5.37229e-12 -1.72818e-10 1.28149e-10  -5.82033e-06 9.09706e-07 1.94504e-06  -6.15418e-06 1.74585e-06 1.94129e-06  -3.51461e-10 -7.79742e-11 1.61921e-10  -1.71124e-10 -5.24699e-11 1.29683e-10  8.74408e-07 1.43375e-06 -4.12543e-07  2.10508e-06 3.46823e-06 -9.44663e-07  2.16707e-06 2.55753e-06 -8.03908e-07  -3.69466e-10 3.85178e-10 3.89562e-10  7.98093e-11 -2.91353e-10 2.22096e-10  -6.96581e-07 -5.4872e-06 -8.46936e-07  1.09466e-06 -5.79989e-06 -6.69179e-07  -5.53344e-10 8.18613e-10 -3.97884e-11  -4.21293e-11 1.22911e-09 1.13329e-10  5.19898e-06 -5.50945e-06 7.71146e-07  -9.55923e-10 1.1971e-09 -1.58741e-10  -4.18465e-07 -1.2058e-06 -1.92322e-07  5.30596e-06 1.35819e-06 1.68942e-06  6.36096e-06 2.27132e-06 1.24058e-06  -1.56893e-11 -8.88673e-11 1.14386e-10  -8.29365e-11 -2.43274e-10 1.60053e-10  -8.6291e-07 4.75016e-06 1.56277e-06  3.42254e-10 2.14444e-10 2.41584e-10  7.12731e-10 3.7012e-10 2.99464e-10  -3.84022e-10 -1.64657e-10 -2.12648e-10  -5.76001e-10 -1.92657e-10 -1.66993e-11  -9.33525e-10 -5.16837e-11 -2.03733e-10  1.63641e-10 2.77976e-10 2.58811e-10  4.34847e-07 4.79474e-06 1.73558e-06  -1.06126e-08 4.36841e-06 1.88527e-06  4.60077e-07 5.87562e-06 1.69989e-06  2.41217e-06 -3.82977e-06 1.65851e-06  -9.61587e-08 6.79915e-10 -3.44519e-08  -1.13042e-07 -3.08176e-08 -2.71589e-08  -1.5938e-08 3.30358e-09 -1.52642e-08  1.6016e-07 -2.29442e-07 -6.46002e-08  7.26984e-08 -1.36891e-07 -4.74956e-08  -7.84831e-06 1.93232e-07 1.54267e-06  -1.40435e-11 1.13079e-10 4.4899e-11  -1.24014e-10 -4.5894e-10 -1.34398e-10  3.82743e-10 -6.88738e-10 -2.18435e-10  1.42049e-09 -1.30643e-09 -4.56457e-10  -8.77641e-09 -4.26263e-08 -1.76599e-08  -2.16104e-08 -5.04556e-08 -1.53605e-08  -1.04651e-09 2.48674e-10 -5.23474e-11  2.66963e-06 7.1947e-06 1.93446e-06  -5.22669e-10 6.60239e-11 -5.73252e-11  -5.99803e-06 2.64383e-06 1.65573e-06  7.13996e-06 1.53424e-06 2.4148e-07  7.01227e-06 7.15939e-07 1.71409e-06  1.1352e-09 -7.20026e-10 3.86748e-11  5.04909e-10 -3.68089e-10 1.76523e-10  2.70326e-10 1.68904e-10 1.46619e-10  4.74479e-10 2.35284e-10 7.71899e-11  4.46526e-10 -6.16528e-10 -2.23804e-10  -5.18547e-10 1.85571e-10 2.56723e-10  -5.90658e-10 2.40693e-10 2.74508e-10  6.40033e-06 -2.03717e-06 1.77447e-06  -4.19949e-11 -6.00471e-11 3.16484e-11  -1.13249e-06 -2.03268e-06 -4.48465e-07  -1.70606e-06 -4.94388e-06 -9.58171e-07  -4.56453e-07 -2.90944e-06 -6.29374e-07  -8.8524e-10 5.59157e-10 -2.44385e-10  -9.78259e-11 2.47205e-10 -1.85181e-10  -2.31349e-10 1.68239e-10 -2.17777e-10  1.33877e-06 4.90594e-06 1.83574e-06  -5.83863e-10 4.55297e-11 -3.67063e-11  -1.32038e-09 3.99513e-10 4.50682e-12  -5.7861e-10 4.68994e-10 -3.06111e-10  -3.21186e-10 2.5735e-10 -2.29968e-10  -6.00976e-10 5.31676e-10 -1.17859e-10  -7.98347e-10 1.34932e-11 -2.97035e-10  1.58883e-07 2.89933e-06 -6.25022e-07  -6.59879e-11 -6.7599e-10 -4.62466e-11  -3.00977e-10 -4.72661e-10 8.45387e-11  -1.32369e-10 -2.27855e-10 1.37686e-10  -5.46539e-10 1.57011e-09 4.32976e-10  -2.25968e-10 4.47553e-10 4.24904e-10  9.9331e-11 -4.82045e-10 2.31302e-10  3.69963e-10 -1.1546e-09 1.40562e-10  2.21456e-10 -7.09423e-10 2.91903e-10  -7.69015e-06 1.8085e-06 1.10029e-06  5.17282e-10 2.93478e-10 3.13721e-10  -2.05889e-07 2.26477e-07 -5.83071e-08  -1.58477e-07 1.36741e-07 -4.90246e-08  -2.71663e-07 1.95317e-07 -6.39702e-08  8.35725e-10 7.41554e-10 2.39661e-11  2.87136e-10 5.46574e-10 1.04519e-10  6.33504e-10 8.84412e-10 -3.4285e-12  1.77083e-11 6.58166e-11 1.55934e-11  -1.79096e-08 -3.83396e-08 -1.0381e-08  3.06436e-11 -1.20384e-10 1.30781e-10  3.12199e-06 7.28647e-06 4.74759e-07  2.25404e-06 6.73419e-06 -5.56369e-07  -2.44653e-10 -3.84936e-11 1.47406e-10  -1.99375e-10 -1.70883e-10 1.25778e-10  1.06585e-09 6.01617e-10 -5.85281e-13  -4.66922e-10 2.65525e-10 3.04379e-10  -3.98024e-07 1.15272e-07 -6.73044e-08  -3.19458e-10 -1.58522e-10 1.35232e-10  -1.51973e-10 -9.48161e-11 1.20771e-10  -7.35229e-10 1.6144e-09 3.76536e-10  -1.02849e-09 6.01055e-10 4.55634e-11  -9.42921e-10 4.7601e-10 1.8918e-10  -9.81814e-10 4.40991e-10 8.55952e-11  -1.36831e-10 -9.37297e-11 1.07842e-10  -3.079e-10 -5.75139e-10 -5.76261e-11  -7.46288e-11 -2.22843e-10 -5.36603e-11  -3.1775e-10 -3.60066e-10 -1.10547e-10  3.99259e-06 -3.14055e-06 1.5989e-06  1.36927e-10 1.16344e-10 1.53703e-10  -5.47598e-10 -3.49619e-10 -3.1462e-11  3.3732e-10 1.08928e-09 6.60004e-11  -2.54398e-07 1.27841e-07 -6.05597e-08  -1.84545e-07 4.2903e-08 -5.65858e-08  -1.34673e-07 7.50208e-08 -4.843e-08  7.51444e-11 1.05461e-10 1.73696e-10  4.29566e-10 2.22248e-10 8.92363e-11  1.1031e-09 1.35707e-10 -3.09789e-10  -7.09966e-08 -6.97183e-06 1.82027e-07  3.26332e-08 -1.07404e-07 -3.26814e-08  2.6641e-10 2.28409e-10 6.28412e-11  -3.0588e-06 -6.79535e-06 -1.64385e-07  3.04762e-10 -1.99764e-10 -1.96675e-10  7.87381e-10 2.99995e-10 -2.26448e-10  -1.45915e-10 -9.92776e-11 1.14496e-10  -6.02728e-06 3.26581e-06 2.09175e-06  -4.07418e-06 2.79077e-06 1.70133e-06  5.16142e-10 1.38442e-11 1.33096e-10  8.1923e-10 3.41871e-10 7.0929e-11  -6.36691e-06 -3.68411e-06 1.82065e-06  -5.2581e-06 -3.96135e-06 1.44094e-06  -6.6996e-06 -3.80297e-06 4.55617e-07  2.92024e-06 -4.71247e-06 -7.18899e-07  5.33508e-06 1.02273e-06 1.78317e-06  1.71328e-10 8.05947e-11 4.67238e-11  -7.18566e-06 1.18639e-06 -2.43871e-07  -2.62846e-06 2.33194e-06 -8.24318e-07  1.52193e-09 -6.45127e-11 9.51428e-11  -1.14256e-08 -1.6907e-08 -1.07778e-08  -2.89961e-08 -2.64212e-08 -9.65673e-09  -1.08852e-08 -1.08785e-08 -7.84174e-09  7.02926e-10 4.48516e-10 2.61055e-10  1.3186e-06 7.16608e-06 1.85662e-06  -7.76507e-11 3.7322e-11 3.11889e-11  1.01188e-06 -4.50016e-06 1.72081e-06  7.76446e-10 -6.42298e-10 1.49381e-10  1.01404e-08 2.97649e-09 -6.71246e-09  2.90982e-08 1.65836e-08 -7.38506e-09  4.69672e-06 1.23891e-06 1.67595e-06  -2.30199e-06 -4.40765e-06 1.73632e-06  7.17053e-10 -4.91983e-10 1.81783e-10  -4.02095e-10 1.71269e-09 1.6699e-10  2.36515e-07 -6.727e-06 1.57284e-06  -5.81574e-07 4.89308e-08 -1.10148e-07  -5.39026e-07 -7.74374e-08 -1.05562e-07  -2.26404e-10 1.52417e-10 8.0483e-11  1.96292e-10 7.63341e-10 8.88256e-11  -2.50833e-10 3.87372e-10 1.42916e-10  9.06709e-09 -3.89393e-09 -4.06928e-09  2.63291e-09 -3.83046e-09 -4.53535e-09  1.35082e-09 -1.15717e-09 -2.74128e-09  -4.38168e-06 5.91673e-06 2.01238e-06  -6.12493e-11 1.23405e-11 -6.75477e-12  -8.10377e-11 -3.02424e-11 1.56095e-11  4.16926e-10 -1.34557e-09 1.15243e-10  -3.11332e-10 2.69021e-11 -1.01932e-10  -2.49225e-10 -4.95989e-11 -9.89547e-11  3.76504e-10 5.06661e-10 2.37898e-10  -3.05947e-10 1.79183e-11 9.982e-11  3.88548e-06 6.97153e-06 1.24422e-06  2.46253e-10 3.18238e-11 1.38315e-11  -1.90984e-10 -1.07363e-10 -2.40026e-10  -2.19451e-10 -9.48944e-11 -2.00808e-10  5.62483e-10 4.51546e-10 2.07033e-10  8.32291e-10 6.16836e-10 7.26732e-11  4.78742e-10 6.7652e-10 1.53691e-10  5.57313e-10 -1.37186e-09 1.30186e-11  5.12829e-10 -9.92298e-10 -2.58402e-10  2.25207e-10 1.29486e-10 2.27291e-10  1.64928e-09 -6.80146e-09 -5.37784e-09  -5.21498e-10 -3.80635e-09 -7.7106e-10  -4.97457e-06 4.45434e-06 -8.72311e-07  -2.04416e-06 7.3154e-06 4.00951e-07  7.34276e-07 -3.46355e-07 -1.54318e-07  1.16723e-06 -3.79692e-07 -2.18236e-07  1.86008e-11 1.07244e-09 -2.2327e-10  1.07778e-10 1.04225e-09 -2.33147e-10  1.09356e-08 -4.30192e-10 -3.68758e-09  3.30222e-10 1.99483e-10 2.74679e-10  2.845e-06 -5.7718e-06 1.46608e-06  -6.57938e-10 1.65867e-10 1.27579e-10  -6.11324e-10 -8.21463e-09 -3.39066e-09  -1.90134e-09 -2.93797e-09 -5.29673e-09  -2.07859e-09 -8.94499e-09 -6.05332e-09  -6.19231e-10 1.86621e-09 -1.0283e-10  -3.80788e-07 4.31987e-06 -8.82889e-07  -1.1923e-06 5.9896e-06 -6.91603e-07  1.34107e-11 -3.80845e-10 1.60198e-10  -1.78516e-10 1.38006e-10 1.08691e-10  -8.76941e-10 -4.74796e-10 8.69189e-11  -4.41164e-06 6.83598e-06 1.04101e-06  -5.427e-06 3.64257e-06 1.76415e-06  -5.5126e-06 4.72538e-06 1.74612e-06  -2.63097e-10 1.61828e-12 1.70127e-10  -9.12358e-11 -1.09873e-11 6.99914e-12  6.02555e-10 -1.44038e-09 -2.01349e-10  3.02174e-10 -1.09151e-09 -2.10174e-10  1.29827e-09 3.22132e-10 -2.35294e-10  3.75921e-11 -2.57363e-10 -2.43259e-10  -2.05229e-10 -3.44146e-11 -3.22673e-11  1.84613e-10 7.403e-10 1.97761e-11  3.25227e-10 1.00131e-09 -3.71417e-11  2.64926e-10 3.22307e-11 2.90353e-11  9.61211e-10 1.05576e-09 1.58083e-11  6.62132e-10 4.91901e-10 -5.14335e-11  -3.83599e-10 -5.1037e-10 -4.82707e-10  -2.39236e-09 -1.04589e-10 -5.76841e-10  -7.99765e-10 6.88285e-10 3.07058e-10  -9.86133e-10 9.24722e-10 2.8368e-11  -9.02947e-10 6.10098e-10 2.08007e-10  -4.61471e-10 8.98637e-10 5.7162e-10  -1.0906e-06 6.03484e-06 1.67188e-06  7.95061e-10 4.6555e-10 2.4616e-10  -8.45529e-10 1.62118e-09 -1.1709e-09  4.73573e-10 5.23474e-10 -2.41851e-10  -4.59579e-10 4.22015e-10 -8.42445e-10  4.2554e-06 6.60622e-06 2.30698e-07  4.30422e-06 6.364e-06 1.40117e-06  3.35118e-11 -1.77714e-10 1.69462e-10  -1.69234e-10 -6.85234e-10 -1.66588e-10  -1.80796e-10 -1.65878e-10 -5.49095e-10  -1.88219e-10 2.86493e-10 -3.47272e-10  2.58975e-10 8.78593e-10 -5.13956e-10  -1.01258e-06 7.76786e-06 3.96278e-07  1.52466e-06 -1.24643e-06 -2.81512e-07  1.21143e-06 -9.15018e-07 -1.83157e-07  9.94034e-07 -1.15239e-06 -2.24513e-07  -7.72533e-11 -1.09439e-10 5.82323e-11  -4.41524e-08 -3.08608e-08 -2.16355e-08  -3.28587e-08 -2.4025e-08 -1.15297e-08  -1.12046e-09 -2.61278e-10 3.84615e-11  1.22362e-10 8.75888e-10 -1.81438e-10  1.26556e-10 5.8591e-10 -2.22695e-11  1.32748e-10 9.70367e-10 -5.35971e-12  7.60931e-10 1.29722e-10 -2.53348e-10  7.74927e-10 2.77229e-10 -2.87297e-11  1.0904e-09 3.41772e-10 -3.62578e-10  1.1693e-10 -6.97581e-10 1.66965e-10  -5.00136e-10 7.66679e-11 -1.51318e-10  -1.80879e-10 -7.71928e-11 -1.36382e-10  -9.44779e-10 7.25733e-10 -1.25768e-10  -5.05653e-07 -6.70274e-06 1.46157e-06  -1.02137e-11 -4.42727e-10 -2.50398e-10  -1.26201e-06 2.07111e-06 -5.34943e-07  -1.4851e-06 1.25065e-06 -3.64443e-07  6.28501e-10 -5.81859e-10 4.56047e-11  7.30333e-10 -2.68786e-10 1.36693e-10  4.97649e-08 -3.35743e-08 -1.20317e-08  4.84508e-08 -5.56713e-08 -2.95681e-08  -6.46252e-06 5.06166e-06 2.2957e-07  3.65687e-10 -6.99436e-09 -3.64692e-09  -1.24442e-11 -3.10625e-10 9.45958e-11  -2.50713e-10 1.2051e-09 4.23716e-10  -6.43375e-06 -2.28098e-06 -4.6428e-07  -7.71924e-06 -9.6631e-07 -1.23497e-07  3.49618e-09 2.4918e-09 -2.8103e-09  -8.3709e-10 -6.37158e-10 -1.45185e-09  3.77671e-09 4.4862e-09 -4.60874e-09  -3.69458e-10 1.06653e-10 2.34326e-10  1.10293e-10 -1.13458e-10 -9.54503e-11  6.12658e-10 4.95645e-10 1.28884e-10  2.9161e-10 4.65389e-10 8.72464e-11  4.36993e-10 5.16258e-10 -3.63991e-11  -9.53002e-10 5.43616e-10 -1.49658e-10  -6.16974e-10 -4.3293e-10 5.92283e-11  5.24351e-10 6.25366e-10 -4.08898e-10  5.1625e-10 7.49191e-10 -8.2286e-11  6.37076e-10 1.52536e-09 -3.07031e-10  -1.12942e-10 -5.66023e-10 -1.19273e-09  4.90804e-10 -2.27632e-09 -3.08662e-09  -5.191e-07 6.57646e-06 1.69954e-06  1.05109e-10 -4.42709e-10 1.71124e-10  4.37601e-10 -1.03068e-09 1.37732e-10  3.94986e-09 -9.96405e-10 -8.54133e-10  6.52238e-10 -1.23746e-10 -1.08776e-09  1.35745e-06 1.40593e-06 -4.34376e-07  7.12648e-10 -1.03174e-09 -9.01024e-11  1.14685e-09 -1.27135e-09 5.58581e-12  -9.88725e-11 -1.34942e-10 9.77476e-11  -1.81317e-10 7.01398e-11 4.10762e-11  -2.31371e-06 -2.39101e-06 -6.29647e-07  -1.32044e-06 -1.56844e-06 -3.18616e-07  -4.09885e-07 4.83098e-06 1.84037e-06  -1.68468e-10 3.05228e-10 1.71052e-10  -5.93482e-10 4.26509e-10 3.51138e-10  7.10034e-10 -7.7383e-10 -2.43142e-10  -5.12047e-06 5.80789e-06 1.60087e-06  -3.99747e-10 9.69844e-11 -8.62906e-11  2.14466e-11 3.65502e-10 2.2159e-11  1.04653e-10 -2.12226e-11 -2.92016e-10  -2.2954e-10 4.59763e-10 -1.53653e-11  -3.29528e-10 7.9029e-10 -1.88711e-10  7.31808e-10 9.53256e-11 -1.04342e-10  1.17596e-08 -1.79591e-09 -4.23378e-09  -2.37496e-06 -3.97971e-06 -8.9167e-07  3.61745e-06 5.99332e-06 -6.97735e-07  9.41928e-12 1.04983e-10 9.89209e-12  -1.99418e-10 -6.27776e-10 -1.4092e-09  9.86202e-10 8.10792e-10 -6.1964e-10  -4.65055e-07 -8.77829e-07 -1.91262e-07  -8.03952e-07 -9.63974e-07 -2.42948e-07  4.22376e-10 -1.32753e-09 -1.29078e-10  -9.20486e-10 -4.33828e-10 -2.0078e-09  -6.29852e-09 -1.81117e-09 -2.24749e-09  -4.41945e-09 -7.27244e-10 -2.62068e-09  -3.38768e-06 -3.59467e-08 -7.90736e-07  9.76112e-11 3.89301e-10 -3.44094e-11  7.18535e-11 4.69884e-11 7.8545e-11  4.0522e-10 5.54025e-10 3.98098e-12  -8.19714e-10 1.76745e-09 -4.68744e-12  1.39491e-09 1.34873e-10 -2.09152e-10  1.41807e-09 -1.09453e-11 -2.63351e-10  3.6833e-10 1.46582e-10 1.238e-10  -5.19216e-07 2.86961e-07 -1.33292e-07  2.90961e-08 3.94831e-09 -7.90206e-09  1.34013e-08 -5.41188e-09 -5.39383e-09  1.42535e-08 -1.65633e-08 -5.57285e-09  -4.64936e-10 2.24566e-11 1.64663e-10  -9.43133e-10 2.79641e-10 1.11569e-10  4.84989e-11 9.29179e-13 3.29097e-10  5.78959e-10 9.39996e-10 6.27926e-11  5.83206e-10 1.58318e-09 -1.78523e-10  1.38326e-08 -1.83451e-08 -7.99367e-09  8.84097e-07 2.77852e-06 -7.26567e-07  2.71944e-09 -5.58676e-08 -1.74097e-08  -9.04432e-09 -4.66168e-08 -7.90979e-09  -1.0114e-11 -2.18046e-10 1.51312e-10  3.25991e-10 8.58875e-10 -4.37592e-11  -3.91554e-10 6.54908e-11 5.68345e-11  -3.49244e-10 -2.0578e-10 -2.51559e-10  1.23259e-09 5.40945e-10 3.42079e-12  2.76456e-10 -2.99816e-10 1.73829e-10  2.60609e-08 4.51613e-08 -1.84413e-08  -5.62342e-11 -7.51949e-11 9.6244e-11  5.67832e-10 -3.90513e-10 -1.49575e-10  4.8017e-10 -2.50234e-10 -3.37406e-11  6.06319e-10 -9.64281e-11 -1.90638e-10  -6.00486e-11 -6.81941e-10 -1.54145e-09  9.36953e-10 2.97735e-10 6.33136e-11  1.07493e-09 3.55306e-10 1.44522e-10  1.48202e-09 1.1622e-09 -6.92523e-10  2.31121e-11 1.68634e-10 -1.97505e-10  3.16344e-10 -1.30982e-11 -1.3489e-09  -5.50434e-10 1.08342e-09 -2.46338e-10  3.7468e-07 4.91453e-07 -1.1345e-07  -1.57087e-09 1.16952e-09 -5.0814e-09  -5.2166e-10 2.68609e-10 3.02761e-10  -7.01088e-10 3.94533e-10 2.90048e-10  4.18729e-10 2.73624e-10 2.73893e-10  4.02525e-11 -2.17798e-10 -9.48691e-11  6.96938e-10 -4.11356e-10 -3.68524e-10  1.507e-09 3.21131e-10 -2.91376e-10  9.59258e-07 7.20883e-06 4.01682e-07  3.69055e-11 9.85745e-10 6.07354e-11  9.07009e-11 1.09049e-10 9.69638e-11  -2.52102e-10 4.61707e-11 1.8797e-10  -1.47232e-10 5.9638e-11 1.64241e-10  2.43284e-06 1.64922e-06 -5.53597e-07  -3.66189e-10 -1.85758e-10 -1.78364e-10  7.12647e-08 7.97028e-08 -2.83469e-08  1.08621e-07 7.58432e-08 -3.20721e-08  -1.44191e-10 2.68295e-10 1.1759e-10  5.71028e-10 1.2139e-09 8.42726e-11  -5.60984e-08 -1.41177e-08 -1.49569e-08  -2.96339e-08 -1.45076e-09 -8.57673e-09  8.7366e-10 5.51692e-10 1.49444e-10  -3.00758e-10 -5.103e-11 -1.67289e-10  -1.79716e-06 1.48301e-07 -3.00214e-07  -1.90277e-06 7.0493e-07 -3.44286e-07  1.9336e-09 -7.45504e-10 -7.90412e-10  6.81692e-07 5.0666e-07 -1.83352e-07  -8.55145e-11 -3.26097e-10 -2.44036e-10  -1.41988e-07 -1.27645e-07 -3.85932e-08  5.82283e-06 1.00168e-06 -8.03742e-07  3.47588e-06 -1.70045e-07 -7.40699e-07  -7.43298e-10 -1.80307e-10 -1.64215e-10  -3.08774e-10 -2.04774e-11 -4.40159e-11  9.26618e-11 1.3278e-10 -2.62701e-11  4.16583e-10 3.90512e-10 1.04241e-10  -1.08906e-07 1.73915e-07 -4.45273e-08  -1.20363e-11 -1.15047e-11 2.47641e-11  4.05426e-10 1.22545e-10 -1.05952e-10  -7.74741e-08 -1.13045e-07 -3.65807e-08  4.81128e-09 -3.56113e-08 -1.21191e-08  2.77242e-10 7.06375e-06 -3.78359e-07  -2.3912e-08 6.14699e-09 -7.60956e-09  -5.58542e-09 3.08324e-09 -5.03703e-09  8.35315e-10 4.22935e-10 1.7088e-10  -1.04722e-09 3.7692e-10 2.20988e-10  -5.84001e-06 5.73519e-06 1.0682e-06  -5.3696e-06 6.45183e-06 -2.37069e-07  1.38789e-07 1.18762e-07 -3.59284e-08  -5.98333e-10 7.23856e-10 -2.15962e-11  -3.09819e-10 9.305e-10 -2.37087e-10  6.3526e-11 6.47981e-10 -1.37894e-10  -1.5565e-10 9.44361e-11 1.91425e-10  -1.22174e-10 2.80226e-10 9.71464e-11  -1.11757e-10 3.76578e-10 2.01997e-10  8.76544e-10 -7.00146e-10 7.17185e-11  6.11509e-10 -3.88603e-10 2.28656e-11  3.6532e-07 2.95256e-07 -1.12386e-07  5.2909e-06 4.86547e-07 1.67816e-06  3.2411e-09 9.87941e-07 -1.7951e-07  4.83751e-10 2.53501e-10 2.29311e-10  -4.96335e-10 -1.0946e-10 -1.09686e-10  1.97795e-10 7.57851e-10 2.08906e-10  -8.23923e-11 7.3337e-11 -6.11881e-12  -5.34095e-11 5.3129e-11 -1.35054e-11  2.33775e-08 -3.1803e-09 -6.3913e-09  -9.0936e-10 5.32141e-11 9.69301e-11  -5.39739e-10 2.53212e-10 1.64906e-11  -8.25946e-10 2.08416e-10 -7.85637e-11  7.49264e-11 -2.14759e-10 -1.75703e-10  -4.19069e-10 5.21674e-11 -8.64109e-11  -8.67005e-10 2.08419e-10 5.78777e-11  -7.71111e-10 3.06379e-10 4.78884e-11  -8.40496e-10 3.77749e-10 1.46851e-10  -2.19967e-11 -5.99769e-10 -1.22005e-09  3.08092e-10 1.78993e-09 -6.53292e-10  2.17304e-10 -1.15307e-09 -7.34784e-11  5.66203e-08 -4.58763e-07 -9.63856e-08  1.96743e-07 -1.19223e-06 -2.26953e-07  2.57613e-07 -5.67456e-07 -1.03021e-07  2.14388e-06 4.78696e-06 -9.31438e-07  -6.1094e-10 -3.68603e-10 2.39441e-11  -3.25362e-06 3.7813e-06 -1.04361e-06  -1.21749e-06 -9.33312e-07 -2.80319e-07  -1.77018e-06 -1.23503e-06 -4.02643e-07  7.99629e-10 -4.15907e-10 2.3883e-11  -1.33318e-10 -1.23215e-09 -1.69342e-09  1.88141e-09 8.76686e-10 -8.87559e-10  5.79809e-07 6.73066e-07 -1.44012e-07  3.15721e-12 1.82291e-10 3.91158e-11  4.17689e-10 -7.53232e-10 -1.65273e-10  -1.63044e-10 -2.27646e-10 -9.99212e-11  -6.0037e-09 -6.47805e-08 -2.75421e-08  -1.04427e-07 -2.14264e-07 -4.73461e-08  3.14432e-10 1.93738e-10 -2.52013e-10  6.28192e-10 -1.81666e-10 -3.66797e-10  5.09777e-10 -2.19994e-10 -2.1715e-10  5.59005e-10 3.4028e-10 2.9586e-10  6.33126e-07 2.14579e-07 -1.38511e-07  1.09813e-09 5.18673e-10 4.11845e-11  6.92448e-10 9.75999e-11 -1.58256e-10  1.2357e-10 5.77287e-11 -2.06218e-10  -9.87669e-10 -8.79898e-11 1.15306e-10  -1.96868e-09 -8.22068e-11 -8.33159e-11  1.34682e-09 4.45192e-10 6.35659e-11  -7.45931e-10 -7.89585e-10 -5.22975e-10  1.76008e-06 8.50121e-07 -2.7781e-07  2.32709e-06 4.2816e-07 -4.71778e-07  -3.75488e-08 1.59339e-08 -1.03257e-08  -3.99093e-09 2.37055e-09 -7.89882e-09  -2.96683e-08 2.51286e-08 -1.51475e-08  7.25551e-10 -2.2564e-10 -4.91897e-10  -2.72754e-08 -7.57932e-07 -1.28757e-07  -1.03373e-10 -7.34987e-11 9.8491e-11  4.86642e-10 1.63323e-10 -3.97713e-10  8.63201e-11 -7.07237e-10 -1.51224e-09  -2.94753e-10 9.1346e-11 -9.78832e-11  -8.00401e-10 5.30059e-11 -1.99761e-10  2.51091e-08 2.32426e-08 -1.25889e-08  -1.88595e-08 2.34082e-09 -8.22741e-09  -3.04445e-08 7.38773e-06 1.08076e-06  4.09691e-10 2.28706e-10 -6.02919e-11  9.13768e-10 3.44337e-10 -1.00621e-10  5.05173e-11 -7.06143e-11 1.07786e-10  -4.31812e-06 -4.46589e-06 -6.26362e-07  -6.15922e-10 5.56183e-11 -7.7671e-10  -1.44717e-09 4.78421e-11 -1.10923e-09  -1.19894e-06 6.50232e-07 -2.20361e-07  1.21139e-09 -7.36376e-10 -1.07672e-10  4.07864e-08 -7.98441e-08 -2.42419e-08  9.01187e-08 -2.23402e-07 -5.80278e-08  7.16523e-11 5.89652e-11 -6.86885e-10  -8.6787e-10 1.00182e-09 -1.51443e-11  -8.22708e-10 1.0131e-09 -1.75376e-10  -1.9171e-07 3.02682e-07 -6.45612e-08  -7.90778e-09 -1.39659e-08 -8.30708e-09  4.95468e-10 -8.76101e-11 5.5779e-11  2.70311e-10 5.96392e-10 1.40705e-10  2.68528e-10 -1.62372e-10 -2.11815e-10  1.15643e-11 3.07146e-10 -3.29192e-10  2.93875e-08 -1.49558e-08 -1.03672e-08  3.51281e-08 -6.28152e-09 -6.20417e-09  2.50439e-08 4.98546e-10 -1.34261e-08  1.4624e-09 1.6004e-10 -4.66753e-11  -5.17159e-12 -6.68116e-10 -2.03458e-10  1.59733e-10 -3.74241e-10 -2.88634e-10  7.11569e-11 -7.4292e-10 -1.34563e-10  -2.49335e-10 -1.60345e-10 -5.47248e-11  -2.00189e-11 2.51019e-10 -1.41745e-10  -2.30949e-06 -5.34178e-07 -3.68958e-07  -1.48707e-06 -2.54322e-07 -2.90872e-07  -6.22653e-08 -2.97918e-07 -7.401e-08  -1.02876e-07 3.73396e-08 -3.15267e-08  5.22456e-11 1.42629e-10 -6.6574e-11  -3.6811e-07 2.1969e-07 -6.89895e-08  -6.98675e-10 3.51995e-10 -2.2794e-10  2.39679e-09 -7.12825e-10 -1.44176e-09  -1.51939e-10 3.02379e-10 -2.7463e-10  -7.27965e-11 5.18129e-10 -2.71433e-11  1.71203e-06 1.32422e-06 -3.91523e-07  3.04511e-06 2.95934e-06 -8.18886e-07  4.18878e-06 2.4856e-06 -8.05536e-07  7.68213e-11 3.18391e-10 -7.07922e-11  -3.71501e-07 -5.00256e-07 -1.39779e-07  9.6218e-08 7.06159e-07 -1.09083e-07  1.2977e-09 2.93262e-11 7.9549e-11  3.91945e-10 4.02532e-11 -1.69765e-10  6.18009e-10 1.7856e-11 -4.15215e-13  3.20434e-06 3.93987e-06 1.74549e-06  -2.20258e-07 -2.57443e-07 -6.37055e-08  -2.94303e-07 -1.88667e-07 -5.11717e-08  -5.88339e-10 1.66401e-09 -1.88131e-10  -4.46924e-10 1.50722e-09 -1.54788e-10  2.51904e-10 -1.25728e-09 -1.70052e-10  1.39323e-10 -2.79149e-10 -3.21849e-11  4.6905e-09 2.72745e-09 -3.17629e-09  1.87842e-09 9.72135e-10 -6.25941e-09  4.10069e-10 2.52053e-10 -1.99852e-09  -1.78429e-09 -6.85034e-10 -2.56229e-09  -4.84225e-08 3.56641e-07 -8.20808e-08  -1.69673e-07 1.60981e-06 -3.23361e-07  -4.75979e-09 1.00908e-07 -2.0716e-08  -7.26981e-09 5.65181e-08 -1.31791e-08  -3.20163e-07 9.54057e-08 -6.55891e-08  1.73369e-07 1.66783e-06 -3.56325e-07  1.50467e-08 1.96503e-07 -3.64651e-08  -5.60559e-08 2.3105e-07 -5.74716e-08  1.25368e-06 4.95667e-06 -9.42522e-07  -1.03148e-09 4.94894e-10 -9.57572e-11  -4.36933e-10 -8.4226e-10 -6.61925e-10  2.23565e-10 -1.12401e-11 -1.05329e-09  -6.67929e-10 6.90826e-10 -9.85313e-10  7.94169e-11 -6.1321e-10 -4.07505e-10  2.93296e-10 -4.8514e-11 2.8117e-11  7.23889e-07 -7.56477e-07 -1.77319e-07  4.83675e-07 -4.99594e-07 -1.43788e-07  3.85184e-07 -5.62738e-07 -1.2108e-07  -2.35655e-08 -7.60791e-09 -6.37377e-09  -4.55527e-10 8.41093e-11 2.06346e-10  3.15873e-10 1.13355e-09 -2.54758e-10  2.05659e-07 -2.28363e-06 -3.75911e-07  5.01719e-07 -2.08707e-06 -3.77024e-07  7.54629e-10 -2.05245e-10 -1.49857e-10  -6.16778e-10 1.12224e-10 -9.59022e-11  -8.1875e-10 3.01338e-10 -6.84149e-11  -9.67057e-10 4.12348e-10 -5.40948e-11  -6.91455e-08 3.1834e-08 -1.92844e-08  7.17595e-07 -5.54937e-07 -1.71908e-07  1.02968e-09 -1.47755e-10 2.49807e-10  2.79908e-10 -2.9474e-10 5.44791e-11  -1.08254e-06 2.87588e-08 -2.3204e-07  -9.40355e-07 -1.67734e-07 -1.80166e-07  7.32211e-10 1.39025e-09 -1.54668e-10  -8.98065e-10 3.38924e-10 1.20044e-10  -3.9643e-10 5.40207e-10 -4.92582e-10  -9.45245e-08 -4.33477e-08 -3.35953e-08  -5.58834e-08 -2.83224e-08 -2.79287e-08  -8.0967e-10 -1.25894e-10 -1.26054e-10  1.72342e-10 6.94241e-10 -1.25593e-10  2.77907e-10 -1.72918e-10 -1.72291e-10  4.42188e-10 -6.31947e-10 -1.02381e-10  8.65288e-10 4.47867e-10 2.41935e-10  8.22977e-10 1.40049e-11 -5.53177e-12  7.14191e-10 7.4767e-10 4.28473e-11  9.7846e-10 1.006e-09 1.14513e-10  -1.23723e-10 -6.03956e-12 -1.18545e-10  -1.13928e-08 -7.007e-09 -7.35168e-09  -2.15267e-08 -9.34991e-09 -5.88798e-09  -1.10266e-08 -3.3095e-09 -4.48055e-09  -1.18836e-07 -5.31587e-07 -1.13444e-07  -2.75642e-08 4.62201e-08 -8.85531e-09  3.47461e-11 8.33942e-11 1.00259e-10  -1.16815e-09 5.34966e-10 3.47203e-10  -1.0179e-09 5.58825e-10 1.10275e-10  4.09678e-08 1.84697e-07 -3.91944e-08  1.63215e-09 1.98651e-09 -8.33697e-10  2.17207e-09 1.53634e-11 -1.18091e-09  -1.00102e-09 -1.97434e-10 -1.26669e-09  2.61898e-07 -3.25217e-07 -9.33941e-08  4.98362e-10 3.81679e-10 1.87196e-10  -5.0921e-08 7.92244e-08 -3.17211e-08  -5.31794e-08 1.56817e-07 -3.51385e-08  -5.09047e-10 -7.30541e-11 3.71616e-11  5.41903e-10 -2.0465e-13 -1.52189e-10  -5.03769e-07 4.49965e-07 -9.65786e-08  -1.84293e-07 -6.98152e-08 -3.87522e-08  -1.25703e-07 -2.26361e-08 -4.8494e-08  1.11282e-07 -2.60758e-08 -2.8281e-08  -3.84453e-10 -3.89229e-09 -3.65702e-09  4.36228e-09 -7.35908e-09 -3.33596e-09  9.85966e-10 5.18483e-10 -7.0471e-11  3.91151e-10 1.65002e-10 -1.44523e-10  1.95149e-09 -4.81852e-11 -3.55408e-10  1.00776e-06 -5.65651e-07 -2.13488e-07  -1.03058e-09 5.48033e-10 -9.61042e-11  9.33618e-11 -8.46758e-10 -1.02858e-10  1.67935e-09 -1.06281e-10 -1.42217e-10  2.5329e-08 2.04879e-08 -7.42804e-09  1.8693e-09 -2.57061e-10 -1.32586e-10  7.369e-10 -1.77941e-10 -2.43173e-10  1.01386e-09 -2.24941e-10 3.95744e-11  -1.67619e-09 -7.58581e-10 -3.15866e-10  -1.00423e-09 -6.89564e-11 -4.38677e-10  -7.94649e-10 7.27823e-10 -2.39493e-10  3.33674e-10 -3.52528e-10 -3.76471e-10  1.11303e-10 -9.72744e-11 -5.30553e-11  7.911e-10 6.4618e-10 -1.2118e-10  -5.30952e-09 3.56509e-08 -9.73661e-09  1.08907e-09 2.83435e-10 6.65206e-11  1.31421e-09 5.26011e-10 2.28004e-10  2.22978e-07 1.2531e-07 -4.3956e-08  -3.37388e-06 -1.05974e-06 -7.69811e-07  1.06621e-09 5.10623e-10 1.67077e-10  9.84346e-10 5.38576e-10 1.53733e-10  -4.61415e-07 -3.0758e-07 -1.4235e-07  -4.71586e-07 -1.54088e-07 -1.10064e-07  2.96834e-10 6.11757e-10 3.92644e-11  -6.04222e-10 5.37717e-10 -6.529e-12  6.10639e-10 5.50297e-10 -7.79184e-11  -3.02138e-09 -1.28124e-09 -1.29667e-09  1.83241e-07 5.35296e-07 -9.87437e-08  1.4685e-10 8.10136e-11 -3.9269e-10  1.90126e-07 9.07657e-07 -1.54841e-07  -1.93106e-10 -7.20497e-09 -3.88152e-09  4.66222e-10 1.88893e-10 -2.7799e-11  1.46893e-09 3.73777e-11 1.84084e-10  8.039e-10 -3.84046e-10 -1.02811e-09  1.45025e-08 1.52661e-09 -6.19861e-09  -4.13008e-10 6.02437e-10 -2.54144e-10  -2.04996e-06 -8.93424e-07 -3.51989e-07  -3.32959e-10 1.64153e-09 -1.95914e-10  2.13576e-10 -4.49047e-13 -2.99762e-10  8.96036e-10 -3.37109e-10 -2.6686e-10  -1.00544e-06 -3.42568e-07 -2.49096e-07  -1.46957e-09 -8.57016e-10 -1.83682e-10  4.58716e-10 -4.75286e-12 1.93962e-10  1.11026e-09 -8.48114e-11 -2.26087e-10  -3.43222e-10 3.53941e-10 1.55442e-10  -6.8245e-10 2.95836e-10 1.46311e-10  2.71302e-10 6.48388e-10 1.57628e-10  -8.66177e-11 -1.06112e-10 3.5512e-11  1.1345e-09 -1.20991e-11 -9.04929e-11  1.33929e-09 7.20669e-10 4.41425e-11  -6.05713e-10 4.20373e-10 1.18513e-10  3.38536e-08 3.31683e-07 -6.76615e-08  9.55866e-08 4.60289e-07 -8.60943e-08  -9.83905e-09 3.6099e-08 -1.17559e-08  -1.49132e-08 6.85543e-08 -1.67161e-08  -6.48842e-07 1.13372e-06 -2.65911e-07  -8.50466e-10 3.60139e-10 2.25464e-10  1.02354e-06 4.74916e-07 -2.0331e-07  2.10987e-09 1.48748e-08 -3.56966e-09  -1.11687e-09 2.04003e-08 -5.17304e-09  8.27656e-10 -2.62397e-10 -1.24521e-09  -4.2518e-12 -8.8853e-10 -2.34534e-11  -3.72598e-10 1.2334e-09 -5.66649e-10  -9.13679e-11 1.71385e-09 -8.18755e-11  5.04101e-10 2.20619e-11 -6.94249e-11  3.97906e-10 1.881e-10 -9.47115e-11  -2.68928e-09 1.16799e-09 -3.45682e-09  -5.40968e-09 9.68848e-09 -4.40189e-09  9.20016e-08 -3.68464e-08 -3.98964e-08  1.14232e-10 -2.43511e-10 4.50142e-11  1.5842e-08 -5.76093e-09 -4.29037e-09  -3.38541e-08 -1.82434e-07 -2.94275e-08  -1.80097e-09 1.76458e-08 -5.02339e-09  -3.81446e-10 1.25512e-08 -4.62e-09  1.00356e-08 -1.17916e-09 -1.03495e-08  2.15922e-10 -3.42396e-10 -5.43016e-10  -6.55103e-10 1.22287e-09 -1.36206e-10  2.80752e-09 -1.14287e-09 -1.23216e-09  -8.64982e-10 7.12787e-10 -2.10336e-10  -2.46208e-10 -1.1788e-09 -1.64886e-09  6.21122e-10 -9.48805e-10 2.19923e-11  5.25195e-10 2.4521e-10 -6.115e-12  5.19174e-06 6.31673e-06 4.63595e-07  1.33163e-09 2.74746e-10 1.49457e-10  5.45027e-10 7.78838e-10 -2.61073e-10  2.06723e-10 1.39542e-09 7.87176e-11  -1.52953e-09 -7.5248e-10 -9.58999e-10  -7.84573e-10 3.037e-11 -1.09002e-09  8.47328e-10 -3.00905e-10 1.65966e-10  2.20508e-10 -7.26782e-10 -1.22682e-09  3.82737e-10 -1.21807e-09 -1.615e-09  8.73044e-09 6.88768e-08 -2.39384e-08  5.30523e-11 -4.79722e-10 -8.29772e-11  -2.14919e-10 8.65367e-11 7.32672e-11  -9.61552e-11 -9.32021e-11 -1.24967e-10  -8.82751e-09 2.37435e-08 -8.34071e-09  1.27414e-08 1.09405e-07 -2.97868e-08  1.36778e-09 3.58176e-10 -9.90572e-11  1.84097e-10 -8.32884e-12 -2.72188e-10  1.61163e-10 -4.37256e-10 -1.68297e-10  -1.70502e-11 -1.30308e-09 -2.37038e-10  3.06219e-06 4.27635e-06 -9.54294e-07  4.39702e-06 5.80865e-06 -5.54889e-07  -6.57089e-10 6.30478e-10 -6.29108e-11  1.55026e-10 -3.44391e-10 -2.58853e-10  9.82305e-10 -9.44893e-11 -5.09908e-12  2.60186e-10 -3.17061e-10 4.37463e-11  1.01389e-10 5.94197e-10 -1.86513e-10  1.23394e-09 3.69735e-10 5.41344e-11  1.19207e-09 9.41151e-11 -2.55936e-10  1.3202e-09 8.15095e-10 -8.4999e-11  -2.07186e-10 -5.0631e-10 -3.55634e-10  1.99132e-10 1.14386e-09 -1.80624e-10  -1.51883e-11 8.71247e-10 -3.53488e-11  1.47225e-09 2.14628e-10 2.91164e-11  7.93349e-10 2.13478e-10 -1.71922e-10  -7.33354e-10 6.15678e-10 2.87046e-11  -4.95585e-11 -1.72814e-10 -4.2254e-10  -9.226e-10 -8.81592e-10 -2.9615e-10  -1.381e-08 5.18571e-09 -5.85355e-09  -1.99309e-10 2.06058e-09 -1.10538e-09  3.07626e-10 -7.48639e-11 -5.95363e-11  1.63223e-10 5.34038e-10 -2.414e-10  1.65785e-10 6.87686e-10 -3.42445e-10  -3.26118e-10 -1.06099e-09 -9.93594e-11  -2.46369e-10 -7.23684e-10 -2.34788e-11  3.74354e-10 1.49638e-09 3.27772e-11  -7.35206e-11 4.79583e-10 -1.81876e-10  7.51062e-08 -8.57921e-09 -1.42398e-08  -4.27372e-09 -2.25939e-09 -2.12798e-09  -5.19772e-10 1.26059e-09 -1.22103e-10  -2.52396e-09 -7.09654e-10 -2.48259e-09  -3.08232e-09 -1.98417e-12 -2.45989e-09  1.98628e-10 1.26218e-10 -6.92556e-11  8.16745e-10 -5.38303e-11 -1.95771e-10  -3.01316e-10 -2.18551e-09 -2.01356e-09  -1.04877e-09 -2.31719e-09 -1.06698e-09  -3.29998e-07 1.74378e-08 -6.97171e-08  6.61842e-10 -6.06624e-10 -1.40032e-10  4.1695e-10 3.77305e-11 1.42526e-10  8.36881e-10 -1.10911e-10 -6.0302e-11  2.07949e-10 3.86297e-10 1.66902e-10  7.46545e-10 -6.45016e-10 4.65746e-11  2.39191e-08 6.79846e-08 -2.29316e-08  -5.22219e-10 -2.67418e-10 -1.02928e-10  -3.90791e-08 8.5489e-09 -5.51174e-09  -8.40572e-10 -1.20945e-10 -1.00075e-09  -1.1126e-09 -2.17788e-10 -1.26056e-09  -1.33955e-06 4.08645e-07 -2.1218e-07  9.70975e-09 1.61806e-09 -5.08126e-09  -1.04737e-10 5.37452e-10 -1.97756e-10  1.47171e-10 -1.16382e-09 -1.78007e-10  -7.4932e-10 1.58092e-09 -2.11743e-10  -6.3298e-10 3.83524e-10 -1.79204e-10  -9.479e-10 -5.48205e-12 -1.49429e-10  1.96823e-06 -3.70242e-07 -2.67578e-07  4.29367e-09 -2.53503e-09 -3.61262e-09  -1.09069e-10 3.60508e-10 -1.54229e-10  4.29381e-06 -4.30399e-06 -8.11232e-07  5.3448e-10 -2.21383e-10 -8.05512e-11  2.97797e-10 3.25061e-10 5.35234e-11  1.6242e-09 3.46522e-11 -1.33273e-10  6.92918e-10 1.60378e-09 2.17629e-11  4.845e-08 3.66321e-08 -1.68657e-08  6.16356e-08 3.24273e-08 -1.93772e-08  1.69651e-09 1.65072e-09 -2.43024e-09  -5.72659e-09 -6.31614e-09 -4.66872e-09  1.3764e-09 4.60607e-10 -1.07753e-10  1.96196e-11 -4.96019e-10 -1.12317e-10  6.18416e-10 4.83054e-10 -9.2504e-11  -3.64386e-10 -5.15098e-11 -1.9214e-10  -2.32813e-10 4.68927e-11 -1.06046e-10  5.81618e-10 -4.91899e-10 -1.91623e-10  2.51402e-10 -2.86901e-10 -5.15723e-11  1.08617e-09 9.54743e-11 9.68484e-11  2.49132e-08 -4.47461e-08 -1.32136e-08  1.68217e-06 -8.73796e-07 -2.12904e-07  2.53014e-09 -9.5878e-11 -6.03724e-10  -1.55491e-10 1.27117e-10 -9.06403e-11  -2.39098e-07 1.06371e-06 -2.38421e-07  -4.19134e-11 -6.74894e-11 -1.2943e-10  9.39317e-10 2.27698e-10 -1.09786e-10  1.1572e-09 -1.45611e-10 -1.66958e-10  -1.83588e-10 1.47428e-10 -1.08046e-10  -1.0427e-08 -2.01654e-09 -4.298e-09  -2.99925e-13 5.8396e-10 1.34543e-11  -1.5888e-07 -1.08243e-07 -4.73633e-08  -2.45837e-07 -5.0942e-07 -1.24366e-07  9.99895e-10 -1.93157e-10 -1.01106e-10  -7.3811e-10 1.14384e-10 5.34271e-11  1.03296e-06 8.39029e-07 -2.1577e-07  1.12629e-09 1.44522e-10 2.60817e-10  -4.70929e-11 -1.19164e-10 -1.67492e-10  -1.78627e-08 9.45944e-08 -2.53297e-08  5.20686e-10 8.72878e-10 -1.06183e-10  -4.08136e-10 2.49387e-10 -4.10733e-11  2.64011e-10 2.24018e-10 -2.64349e-09  1.40602e-07 2.2424e-09 -4.06116e-08  2.27951e-07 2.25721e-08 -5.15553e-08  1.00883e-07 5.16478e-08 -3.76641e-08  -3.72824e-10 6.93339e-10 2.67215e-11  7.66091e-07 -1.68564e-06 -3.27569e-07  4.51379e-07 -9.28069e-07 -1.76392e-07  3.15721e-10 -1.75841e-10 -3.87323e-10  -2.83642e-08 -1.97463e-08 -6.25124e-09  4.42472e-10 -2.10635e-10 2.01471e-10  1.15209e-09 -4.12234e-10 2.28791e-10  -7.10779e-11 6.47431e-10 -5.78794e-10  -1.49357e-08 4.70252e-08 -1.41647e-08  -1.37263e-07 -1.53746e-07 -4.23021e-08  -3.54335e-10 1.37127e-10 -4.61133e-11  5.94668e-10 1.25765e-09 9.98839e-11  1.47174e-08 -5.28794e-08 -1.36088e-08  -2.93346e-10 3.03038e-11 -7.57324e-11  -2.34338e-10 2.45417e-10 -4.34711e-11  4.26411e-10 -3.93408e-10 -2.07406e-10  3.93559e-07 -1.12917e-08 -9.11088e-08  4.88449e-07 -1.37341e-07 -1.07497e-07  4.09549e-10 4.34926e-10 1.353e-11  -1.44784e-10 -1.07908e-10 -7.86782e-11  1.09554e-09 1.29709e-09 -1.06566e-10  -7.3824e-08 -1.03972e-06 -1.92093e-07  7.13095e-10 -4.57596e-10 6.4608e-11  2.36301e-09 -1.53439e-08 -1.17136e-08  -8.34422e-07 -1.29166e-06 -2.162e-07  9.91786e-10 2.68701e-10 -3.67815e-11  8.71575e-10 1.72754e-10 -1.42997e-10  6.80344e-10 -6.50444e-10 -1.22928e-10  4.83151e-09 -5.9486e-10 -2.56352e-09  -2.71149e-10 -3.25653e-10 -1.02495e-09  5.38728e-10 -3.34309e-10 2.76405e-10  6.72342e-10 -3.51663e-10 -5.71177e-10  1.39068e-10 -3.55302e-10 -5.50849e-11  3.11164e-09 -1.81402e-09 -1.1857e-09  -3.28157e-10 3.75639e-10 -8.85972e-11  -3.81061e-06 -2.5516e-06 -8.94067e-07  -1.12538e-10 2.42066e-10 6.89471e-11  -9.56281e-09 -1.94456e-09 -3.59678e-09  -1.14797e-09 2.14104e-10 -1.02499e-10  -2.50414e-10 1.11901e-11 -6.45035e-10  -2.66811e-09 3.67692e-09 -3.08975e-09  2.28796e-10 3.08582e-09 -2.6843e-09  8.89048e-09 -2.78112e-08 -8.55834e-09  1.49288e-07 -1.53067e-07 -5.51325e-08  2.39763e-07 -1.98975e-07 -8.16803e-08  -1.80739e-10 1.46861e-09 -1.55933e-10  -3.53884e-10 -4.98539e-11 -6.02435e-11  1.94498e-08 -5.73305e-08 -1.62182e-08  1.30806e-10 7.67118e-10 -1.80034e-10  5.57912e-11 8.31709e-10 -9.92606e-10  6.06175e-10 1.07063e-09 -2.16451e-11  4.06012e-10 1.29108e-10 -2.61675e-11  7.70964e-11 5.27983e-11 1.54152e-10  -9.48405e-10 5.17206e-09 -4.07268e-09  4.82679e-10 5.61454e-09 -4.65176e-09  1.12007e-10 4.26169e-10 -1.11611e-10  -8.30081e-10 2.95391e-10 2.54448e-10  1.08316e-09 -4.62081e-10 -7.6796e-10  -3.00607e-07 -6.94617e-08 -6.41553e-08  -1.10069e-08 6.39798e-09 -4.834e-09  -2.25156e-11 2.85732e-10 -2.05079e-10  4.25359e-10 -3.40212e-10 2.80448e-10  1.05475e-10 6.21283e-10 1.57157e-10  -1.17452e-10 -1.61621e-10 -2.90877e-09  2.06115e-10 5.13317e-10 -1.89625e-10  2.20288e-10 1.35721e-09 -1.00353e-10  1.94604e-10 1.43021e-09 -9.83165e-11  8.36915e-10 2.76079e-09 -2.97369e-09  4.73859e-10 6.52684e-10 -3.6244e-11  3.22377e-10 9.0671e-10 1.00991e-10  -9.45218e-10 2.64597e-10 4.65752e-11  3.03892e-10 -1.6122e-10 -6.89937e-11  3.18453e-07 6.14295e-08 -5.94502e-08  1.63779e-07 -4.87837e-08 -4.9984e-08  9.47196e-10 1.04781e-10 -1.63961e-10  9.22e-10 7.68306e-11 -2.77567e-10  1.39523e-09 4.56715e-11 -2.08835e-11  1.61564e-10 1.80699e-11 -1.71485e-10  3.00796e-07 1.44679e-07 -9.2567e-08  -5.40645e-10 -4.39645e-09 -2.68155e-09  3.11955e-09 -1.66845e-07 -5.59373e-08  2.57389e-10 -2.65978e-10 -2.85152e-11  1.54454e-09 -8.38804e-10 -3.50242e-09  4.5372e-09 -9.57798e-09 -6.14615e-09  -2.85036e-08 -3.48532e-08 -1.03029e-08  5.06154e-10 1.49259e-09 -4.65807e-11  1.67137e-09 4.256e-10 -1.87761e-10  2.47941e-09 -2.16973e-09 -1.82906e-09  7.66755e-10 -3.51023e-10 2.72241e-10  -3.45921e-11 4.94632e-10 -1.58691e-09  -2.47123e-10 7.07265e-10 -1.69184e-10  9.4448e-11 6.68419e-10 1.2777e-10  -5.90187e-10 -1.92985e-10 -7.27137e-10  1.02066e-09 5.63113e-10 8.98777e-11  1.39252e-09 6.24159e-10 -1.37211e-10  1.17708e-08 -1.63242e-07 -3.12197e-08  -6.50018e-08 5.26488e-08 -3.21067e-08  -5.4002e-10 9.72871e-10 -9.01077e-11  9.92086e-09 4.59635e-09 -3.73263e-09  3.278e-10 7.33257e-09 -3.07814e-09  2.14327e-10 1.17006e-09 -2.38189e-10  6.06456e-10 -1.56042e-10 -1.25975e-09  -3.17176e-11 -8.65701e-11 2.76557e-11  3.79978e-10 5.0001e-10 -1.57712e-10  8.84959e-10 1.04144e-09 -3.1201e-10  3.68733e-10 6.20647e-10 -5.70568e-11  1.93967e-10 -1.34201e-10 1.23174e-11  2.50165e-10 1.34661e-11 -1.88794e-10  -2.93925e-10 1.19509e-08 -1.05426e-08  6.23101e-10 2.13934e-10 1.46986e-10  -2.83887e-11 1.54267e-10 6.38211e-11  -4.55504e-11 -7.62247e-10 -3.59324e-10  3.09991e-10 -1.60304e-10 -2.31548e-10  3.87288e-10 3.39979e-11 -3.02711e-11  7.02767e-10 -8.68603e-11 -6.97296e-10  2.36653e-11 -2.57544e-12 -5.99186e-10  -1.54848e-10 2.37542e-10 -4.07386e-10  1.13037e-09 4.43633e-10 -3.46567e-10  1.90685e-07 -1.2185e-07 -4.29655e-08  -5.75172e-10 7.00969e-10 -9.98216e-11  1.59486e-10 2.82897e-10 -2.77565e-10  3.80922e-10 2.68603e-11 1.18117e-10  1.64837e-10 -3.1655e-10 5.87025e-11  -8.81692e-10 3.88213e-11 2.71487e-11  -8.04544e-07 7.02636e-07 -1.86499e-07  8.68542e-11 9.96784e-11 1.87167e-10  -1.24422e-10 2.47746e-10 -7.86507e-11  -8.27996e-09 1.30245e-09 -4.98977e-09  6.27703e-10 -6.44524e-10 -2.92734e-09  2.0228e-08 -4.80599e-09 -8.53952e-09  1.76648e-10 3.2533e-10 2.12451e-10  3.84326e-09 -6.78739e-10 -3.35842e-09  1.27932e-09 1.17035e-10 -1.7473e-10  1.50115e-09 1.31825e-10 -1.29971e-10  2.78742e-10 1.79785e-10 -2.36718e-10  1.38296e-09 2.12185e-10 -1.46253e-10  -1.47566e-11 1.21397e-10 5.28177e-11  2.61388e-11 2.62475e-10 -2.41634e-10  1.1618e-10 -5.96752e-10 -7.64894e-12  3.36593e-07 -1.48344e-07 -8.03622e-08  5.99375e-09 -1.21716e-08 -5.98207e-09  1.72471e-10 4.09262e-11 -2.746e-10  -1.13104e-08 -1.1518e-07 -2.46056e-08  1.51772e-09 3.40259e-10 -2.35786e-10  9.98333e-10 -1.49239e-09 -3.09872e-10  1.07566e-10 -1.31936e-10 -2.82021e-10  -3.97619e-11 -8.8105e-10 -6.2752e-11  3.40408e-07 -3.9138e-08 -6.29263e-08  1.82409e-07 -1.78226e-08 -5.10402e-08  6.35687e-10 4.67291e-11 -8.34274e-10  4.79693e-06 -8.58861e-07 -8.88349e-07  2.22569e-07 -4.17503e-07 -9.0729e-08  -1.39825e-10 3.37439e-10 -5.85535e-11  -9.40869e-09 8.7735e-09 -3.67616e-09  -9.90582e-10 -1.35744e-09 -8.62806e-10  -3.39501e-10 3.47218e-10 4.99149e-11  -1.43483e-10 4.25103e-10 -3.12584e-10  1.39202e-09 8.4845e-10 -2.16274e-09  3.74623e-10 -4.31172e-10 -1.77288e-10  -3.58261e-10 1.43697e-09 -6.65133e-11  1.11803e-09 2.76193e-10 -8.07828e-11  8.69482e-11 4.30579e-10 5.41818e-11  6.01718e-10 2.81455e-11 -2.31655e-10  8.1344e-09 -8.49562e-08 -1.99961e-08  2.75621e-10 5.63022e-10 1.33787e-10  -1.99456e-09 1.77902e-09 -1.98102e-09  6.93628e-08 8.66642e-09 -2.204e-08  -4.9314e-11 4.083e-10 -5.76259e-12  -7.07754e-12 2.35344e-10 2.69753e-11  -1.22159e-10 -1.65719e-10 -1.37289e-10  1.49244e-09 2.4703e-10 -9.80302e-13  -4.58779e-10 2.32616e-09 -1.43049e-09  9.73919e-10 2.56751e-10 -1.53167e-10  
            </DataArray>
            <DataArray type="Float64" Name="Force" NumberOfComponents="3" format="ascii">
               0 0 0  -3.68927e-07 -1.58483e-07 1.29731e-08  5.55501e-05 -0.000154424 -3.05839e-09  4.02542e-05 -9.47395e-05 8.81764e-09  -9.03401e-07 -3.48936e-06 5.38333e-08  -7.29056e-07 -1.58389e-06 -2.38772e-08  0.000148304 -0.000562109 -1.61126e-05  6.72383e-06 -6.41599e-05 1.65524e-07  -9.9668e-06 -5.22575e-05 -5.9778e-07  -3.72606e-06 -6.30844e-05 -2.02736e-07  7.94461e-07 1.98126e-06 -3.07765e-08  0.000601408 -0.000466364 -1.52724e-06  0.0015285 -0.000134984 -1.12407e-05  2.74255e-05 7.69613e-05 5.64327e-08  4.17501e-05 7.30662e-05 1.18574e-08  5.23294e-05 6.93555e-05 2.49408e-09  -1.47565e-06 -1.90678e-06 7.30198e-08  0.000449506 -0.000482719 1.6998e-05  3.23645e-08 5.776e-06 -1.10907e-08  3.00352e-06 1.43744e-05 -2.37623e-08  -1.01429e-06 2.07569e-05 3.10178e-07  0 0 0  0.00110589 0.000553915 -1.38464e-06  1.26571e-06 -1.86135e-06 -1.0028e-08  -1.28624e-07 -1.46073e-06 -8.98688e-09  -1.78547e-06 -5.09785e-07 -2.39117e-08  8.90453e-07 -1.97347e-07 -1.98671e-08  0 0 0  9.64594e-07 -1.01836e-06 -3.97735e-08  4.04843e-07 -3.48024e-07 1.73678e-08  0.000951972 0.000907104 6.97934e-06  0.00092424 0.000652823 8.41666e-06  -3.94077e-06 -9.84735e-06 1.28584e-07  0 0 0  -0.000289118 0.000604006 1.67176e-05  -0.000145418 0.000296615 4.7711e-06  4.14267e-07 -2.30299e-07 1.46386e-08  2.88495e-06 -4.14548e-06 -6.59442e-09  0.000151141 6.16832e-06 6.86123e-07  7.04283e-05 1.02292e-05 2.67792e-07  7.12687e-05 -1.02679e-05 2.18137e-07  -0.000248993 -0.000814388 -2.32966e-06  -9.06138e-05 -0.000599093 3.3302e-06  3.85505e-06 -3.64127e-06 -1.97726e-08  1.28183e-05 -1.37733e-05 2.88956e-07  0 0 0  -4.23361e-05 5.85071e-05 -8.76649e-09  -0.000122666 0.000105088 7.6548e-09  -0.000360018 0.00111721 8.02362e-06  0 0 0  0.000300006 0.000487788 1.56953e-05  -0.000548757 -0.000637319 -3.65752e-06  -0.000409872 -0.00074559 -1.45901e-06  0.000248766 0.000214157 9.28306e-06  0 0 0  0.000283925 0.000226436 3.18193e-07  0.000274615 0.00056145 -1.75056e-05  0.000696268 0.000339462 7.47264e-06  -0.000435927 0.000160656 2.90453e-06  -0.000149103 8.15214e-05 6.22369e-06  -0.000343769 0.000130937 2.12314e-06  3.43946e-07 -1.8826e-06 -2.15276e-08  0 0 0  -0.000514706 -0.00118344 -4.61151e-06  0.00040625 -3.61792e-05 -3.43707e-06  0 0 0  -8.97023e-05 1.85822e-05 1.4641e-06  -5.1724e-05 -1.14983e-05 2.55898e-08  -7.72456e-05 -5.81758e-06 7.5681e-07  0.00031716 0.000332585 -1.46281e-05  -4.12778e-06 -5.5174e-05 -1.2623e-09  -3.42084e-06 -0.000103708 3.19187e-09  -0.00081762 -0.000950779 1.07161e-05  0 0 0  -3.80862e-07 4.00719e-07 1.80581e-08  0.00128263 2.68407e-05 7.15045e-06  -0.000245988 -0.00122171 9.73939e-06  -1.5349e-06 -9.08831e-05 9.32559e-09  1.10643e-05 -5.90986e-05 1.6898e-09  3.92496e-05 -4.68919e-05 -1.83861e-07  3.55049e-05 -2.99336e-05 3.0579e-08  0 0 0  2.489e-06 -5.7555e-06 -1.21065e-08  1.2175e-06 -5.83175e-06 -8.82948e-09  -3.72869e-05 -0.000647132 1.66117e-05  2.97284e-06 2.4136e-06 -1.159e-07  1.00845e-05 1.01096e-05 -7.06086e-10  0 0 0  1.82161e-06 -7.30578e-07 -2.49978e-08  -1.37604e-07 1.79151e-06 -2.28024e-08  4.98887e-05 -0.000117417 -2.3688e-10  8.3496e-05 -9.81769e-05 -7.74213e-10  -0.000108591 -5.75706e-05 -4.39592e-08  4.10546e-05 9.96414e-05 3.84622e-09  5.57698e-05 8.79166e-05 6.09724e-09  3.19767e-05 4.59367e-05 2.6164e-09  0 0 0  -0.000103175 5.65351e-05 2.81249e-09  -0.000135424 7.26054e-05 1.09904e-09  -0.0001203 2.91409e-05 -2.79213e-09  -4.67452e-07 1.61718e-06 -1.87287e-08  -1.88393e-06 2.41952e-07 -2.43785e-08  8.20441e-05 -0.000419848 1.17893e-05  0.00018231 -0.00028167 4.39828e-06  7.79529e-05 -0.000185403 1.38218e-06  9.03558e-05 3.70801e-05 1.26702e-08  9.13526e-05 2.01985e-05 2.0448e-08  0 0 0  -2.79068e-07 1.19821e-07 9.85341e-09  0.000722132 -0.000205258 1.24622e-05  -0.00174869 -0.000637625 -7.74519e-08  0 0 0  0.000365253 -0.000140836 3.01375e-06  0.000586613 -0.000339238 9.28366e-07  0.000218661 -0.000159947 3.35976e-06  -0.00166422 -0.0002309 -8.55018e-06  -0.000490044 -0.000426659 1.64825e-05  -1.67668e-05 -9.29806e-06 -2.02861e-07  -6.08054e-07 -5.74058e-06 -1.17963e-08  2.03662e-08 -4.05716e-07 1.31442e-08  -9.09755e-07 -1.17527e-06 -4.271e-08  -2.88016e-07 -3.02513e-07 1.35745e-08  -0.000510244 0.000443872 2.07473e-05  -0.000397636 0.000419287 -1.22861e-05  0 0 0  0.000560696 -0.000253005 9.11927e-06  0.000986707 -0.000617436 -5.68869e-06  2.08863e-07 1.35039e-06 -3.87235e-08  -7.0918e-05 0.000215468 8.90451e-07  -3.1547e-05 9.46752e-05 -2.46479e-07  -2.33422e-05 0.000141184 2.71327e-06  6.09374e-05 -0.000114724 -7.15969e-10  8.86829e-05 -9.5549e-05 1.15861e-10  -3.79394e-05 4.49858e-05 4.22702e-07  -6.11908e-05 8.44257e-05 2.21511e-09  -2.76039e-05 6.17184e-05 7.07062e-07  0.000368548 -0.000477227 -1.72601e-05  0.000768591 -0.000382892 7.26908e-06  0.000507148 -0.00119402 -3.81187e-06  0.00015429 -0.000421692 -1.30818e-05  -2.42924e-05 -7.38942e-05 -4.06486e-07  9.04374e-05 0.00036169 8.75909e-06  6.86671e-07 -6.9996e-08 2.37302e-08  0.000159777 -0.000791732 -4.25616e-06  0.0001613 -0.000370808 2.38009e-08  0.000127999 -0.00124077 3.90556e-06  -8.11978e-07 1.11876e-06 -1.36995e-08  -0.000641984 7.00453e-05 1.62106e-05  -0.00111114 0.000282392 4.56009e-06  4.79446e-06 1.66735e-06 -8.09906e-09  1.27059e-06 6.18029e-07 2.96872e-09  7.4693e-05 0.000134593 1.46622e-06  3.94766e-05 8.06287e-05 1.91159e-07  7.48734e-05 8.77154e-05 -2.54039e-07  2.77813e-06 -1.92792e-06 4.80572e-08  -4.6919e-07 3.08223e-06 -9.05787e-08  -1.51211e-05 -0.000283049 4.02904e-06  8.79167e-05 -0.000450039 -2.72475e-07  8.68667e-05 -9.54337e-05 -8.14821e-08  -5.21581e-06 -3.35278e-05 9.07494e-09  0.000593802 -0.00072422 -1.03963e-05  1.39739e-05 -1.14987e-05 -1.23932e-07  -3.47529e-05 -0.000102809 1.49002e-06  0 0 0  0.000370834 0.000104825 6.08952e-06  1.28545e-07 4.97679e-07 1.67145e-08  8.97998e-07 2.39551e-06 7.78777e-08  -8.82177e-05 0.000601012 -1.65454e-05  -5.82014e-06 -9.25569e-07 -1.59756e-08  -2.68495e-06 -8.42453e-07 8.42506e-08  1.39579e-05 7.44824e-06 3.51401e-07  1.19854e-05 4.78455e-06 -4.41698e-09  4.19817e-05 8.82749e-06 2.19018e-07  -1.67402e-06 -2.68598e-06 -9.25881e-08  3.07899e-05 0.00059837 -1.63274e-05  0 0 0  0 0 0  0.000315106 -0.000505869 1.49474e-05  -5.81338e-05 4.5859e-06 5.11693e-07  -7.79687e-05 -1.37371e-05 -1.04187e-06  -0.000147906 8.30515e-06 -3.97121e-07  3.29255e-05 -4.62474e-05 6.01529e-08  3.10773e-05 -4.97311e-05 5.27315e-08  -0.00129082 4.97534e-05 -1.86826e-05  -3.99391e-06 1.7139e-06 1.30895e-07  1.12036e-05 1.58287e-05 2.42756e-07  -9.60451e-05 0.000109577 4.88434e-09  -8.29235e-05 0.000113739 1.51934e-10  -1.93227e-05 -9.1189e-05 1.81105e-08  -4.33994e-05 -7.75122e-05 9.91359e-08  0.00010198 -5.83524e-05 2.40172e-09  0.000402321 0.00109585 4.12072e-06  9.44687e-06 1.72206e-06 2.11753e-09  -0.00034287 0.000147292 1.05604e-05  0.000306294 8.83794e-05 1.47238e-06  0.000766308 6.96759e-05 -8.12419e-06  -0.000127558 8.04454e-05 2.24869e-08  -6.07251e-05 5.53258e-05 7.50086e-09  -5.67052e-06 2.65857e-07 -9.4302e-09  -1.3498e-05 1.36041e-06 1.18765e-07  -5.1557e-05 6.51996e-05 5.75059e-08  4.87272e-06 -4.00242e-07 -2.13451e-08  1.59631e-06 -3.6659e-07 2.44547e-08  0.001169 -0.00034415 -1.27024e-05  -7.33346e-07 6.29409e-07 -2.75578e-08  -0.000112119 -0.000232497 -1.69667e-06  -0.000111759 -0.000389911 7.87444e-06  -6.20039e-05 -0.000318186 3.53408e-06  6.15141e-05 -3.1195e-05 3.57566e-09  3.68626e-05 -9.74857e-06 1.01816e-09  5.40443e-05 -2.4783e-05 -2.81903e-08  0.000144836 0.000562949 -1.55783e-05  6.68353e-05 -5.22522e-05 2.22063e-09  0.000104245 -4.28021e-05 2.19649e-09  2.46653e-05 -6.53975e-06 1.54076e-08  3.99022e-05 8.80566e-09 1.39594e-08  5.79405e-05 -1.31905e-05 8.44587e-09  0.000139655 -8.31465e-05 1.91629e-11  1.34683e-05 0.000181928 3.70934e-06  8.6073e-06 2.34617e-05 -3.07249e-07  1.02321e-05 1.53243e-05 3.11072e-08  3.012e-06 5.39731e-06 -1.37703e-08  1.04227e-06 -4.03581e-06 1.22096e-07  4.92867e-07 -1.21217e-06 -1.21639e-08  -4.78702e-06 8.13085e-06 1.18411e-07  -8.48907e-06 1.57746e-05 -1.55566e-07  -3.1878e-06 9.36258e-06 1.19333e-07  -0.000720099 0.000188949 -3.98487e-06  -2.11612e-06 -1.17422e-06 7.30195e-08  -3.29545e-05 4.01935e-05 -3.25467e-07  -5.43983e-05 5.75536e-05 2.56072e-07  -3.71404e-05 3.16278e-05 -3.30878e-07  -9.79106e-05 -0.000115876 1.01727e-08  -5.80301e-05 -0.000103404 3.11217e-08  -5.25583e-05 -0.000142982 2.98628e-08  -7.93724e-07 2.49269e-07 -2.37459e-08  -2.51146e-05 -6.59392e-05 -2.48142e-08  2.33334e-08 4.60907e-07 1.48769e-08  9.77103e-05 0.000201502 -4.61467e-06  0.000110221 0.000370841 1.97497e-06  1.95582e-06 5.2824e-07 1.96454e-09  2.01957e-06 2.08282e-06 8.13406e-08  -1.38211e-05 -8.58634e-06 -1.11062e-08  0 0 0  -7.40038e-05 2.46349e-05 1.38237e-07  5.80601e-06 3.37107e-06 -2.39697e-08  8.49313e-07 5.80221e-07 -2.59101e-08  3.61133e-06 -8.57174e-06 -1.65885e-08  5.70729e-06 -2.73522e-06 -6.17227e-08  0 0 0  5.31349e-06 -1.51107e-06 3.35683e-08  3.82354e-07 3.27611e-07 1.50702e-08  4.86107e-05 4.70651e-05 -1.07078e-07  3.85652e-05 2.85371e-05 5.89937e-08  3.64383e-05 2.86311e-05 3.83979e-08  0.000454892 -0.000391553 -1.95595e-05  -1.80027e-06 -1.32972e-07 -2.13411e-08  1.25726e-05 8.55354e-06 -1.67024e-07  -1.06553e-05 -2.18381e-05 -3.57192e-07  -6.24348e-05 3.23889e-05 8.93457e-07  -5.2595e-05 1.23173e-05 4.68159e-07  -7.24673e-05 3.96919e-05 -4.87926e-07  -2.50968e-07 -4.03004e-07 1.5402e-08  -6.58631e-05 -4.61738e-05 9.19013e-08  -8.08754e-05 -3.28983e-05 -5.47786e-07  9.64199e-06 -0.000212779 -5.11323e-06  2.56025e-05 -7.96131e-05 4.11461e-08  -3.94067e-05 9.28095e-05 5.30783e-08  -0.000257022 -0.000523471 -1.52896e-06  4.12314e-05 2.90086e-05 2.78714e-08  4.68781e-05 2.53142e-05 2.66231e-09  6.71478e-07 6.93447e-07 -2.62512e-08  -0.0011597 0.000576037 6.43609e-07  -0.000474974 0.000329765 -1.77024e-05  -2.4512e-05 7.71788e-06 2.38277e-07  -1.938e-05 3.82055e-09 1.75887e-07  -0.00140859 -0.00085589 -9.34021e-06  -0.00033659 -0.000292672 -1.18236e-05  -0.00061367 -0.000411004 1.51679e-05  0.000164868 -0.00027086 4.5085e-06  0.000644401 0.000177519 3.64001e-06  -6.20395e-06 1.58263e-06 -1.1859e-08  -0.000402089 6.16035e-05 2.22365e-07  -0.000286761 0.000199405 8.72507e-06  -7.21017e-05 1.05115e-05 -3.02945e-07  -7.40528e-05 -9.51402e-05 6.41679e-08  -6.04501e-05 -4.48033e-05 -2.19052e-07  -9.16176e-05 -9.4912e-05 -1.15026e-08  0 0 0  0.000160075 0.00105328 4.66161e-06  2.5845e-06 -7.7281e-05 3.6866e-09  0 0 0  -5.00441e-05 6.22596e-05 3.49168e-09  9.56209e-05 4.94664e-05 5.89854e-09  4.48602e-05 2.57783e-05 3.75397e-09  0.000594197 0.00018361 -9.21408e-06  -0.000303938 -0.00049565 -1.74444e-05  -8.75448e-05 0.000138523 1.79651e-08  1.94872e-06 -1.73742e-05 -1.39682e-07  1.77904e-05 -0.000383396 1.08072e-05  -0.000116614 1.46549e-05 -2.54771e-07  -8.21102e-05 -1.24681e-05 1.80064e-07  8.04061e-05 4.94079e-05 -1.62497e-10  4.53445e-05 4.53294e-05 8.01086e-10  0.000103648 6.57497e-05 1.23659e-09  4.60116e-05 -3.18996e-05 1.04787e-09  8.18004e-05 -7.42361e-05 2.83845e-09  8.97813e-05 -7.45283e-05 1.36114e-09  -0.000710191 0.00100053 -2.32545e-06  -3.31895e-07 2.31371e-07 1.34133e-08  0 0 0  -6.24942e-06 2.44336e-05 -3.63062e-07  7.71266e-05 8.4155e-05 3.24882e-09  8.88586e-05 6.78882e-05 3.75209e-09  4.61902e-05 2.65318e-05 1.44321e-09  0.000118992 4.5287e-05 3.79675e-09  0.000163014 0.000337818 8.89327e-06  4.09456e-05 0.000149923 4.41026e-10  3.28562e-05 1.30587e-05 4.58856e-08  5.50256e-05 1.61923e-05 -2.45465e-08  -5.09618e-06 -5.36114e-06 5.42403e-08  -4.4789e-06 -3.84433e-06 1.76149e-07  -9.22311e-06 -1.26872e-05 1.65189e-07  -1.12503e-05 2.30484e-05 2.34823e-07  -2.47113e-05 3.95335e-05 -6.78409e-07  -1.25366e-06 -7.58858e-07 -8.16676e-09  1.52495e-05 -0.000106458 3.70959e-09  3.18105e-05 0.000172075 -1.04763e-09  -0.000219029 0.000189715 4.53003e-06  -0.00021039 0.000571473 2.66121e-06  3.82657e-05 -1.76053e-05 8.78583e-08  0.000127157 -2.80146e-05 4.9648e-07  -1.0268e-05 -8.95938e-05 2.52057e-07  -6.72308e-06 -6.65413e-05 3.92755e-07  8.40805e-05 -2.4012e-06 2.06073e-09  -6.68983e-07 -5.74269e-07 -2.52616e-08  0.000352045 -0.000632108 -1.68149e-06  0 0 0  -2.10206e-05 -8.30562e-05 -5.01458e-10  -8.16988e-05 -0.000146713 5.35213e-09  -3.08416e-05 -0.000102893 1.42712e-08  5.96102e-06 -2.07302e-05 2.24518e-07  -1.35721e-05 0.000139426 8.76844e-07  -4.10825e-05 0.000158228 5.87437e-06  -3.64892e-06 4.17404e-06 -2.68803e-08  0.000111534 7.07559e-05 -9.09877e-10  0.000116894 6.05149e-05 3.00447e-10  -0.000420295 0.000774309 -5.00638e-06  -0.000398088 0.000220385 -1.37952e-05  -0.0003045 0.000265034 -1.53775e-05  2.2011e-06 2.00109e-07 2.56131e-08  -2.63225e-06 1.83253e-06 -9.38105e-08  -1.5232e-05 4.15173e-05 6.70363e-07  -1.45536e-05 5.41604e-05 -7.92205e-07  -9.25912e-05 -4.42036e-05 5.66963e-09  -5.41879e-05 -3.91217e-05 2.39138e-09  6.24549e-05 9.86308e-05 3.01877e-09  2.64461e-05 7.98387e-05 3.16236e-09  2.34469e-05 5.08095e-05 1.26056e-09  5.18224e-05 8.15726e-05 4.05127e-09  2.57642e-05 3.70235e-05 -2.91105e-09  7.04462e-05 6.44954e-05 8.39548e-09  9.19527e-05 -3.02218e-05 7.08209e-11  0.000161192 -2.793e-06 -2.09029e-10  3.20348e-06 -1.74692e-06 -1.29384e-07  7.91909e-06 -5.80203e-06 3.23354e-08  4.49946e-06 -2.40818e-06 1.74834e-07  0 0 0  -0.00011067 0.000417623 -1.55592e-05  -2.37098e-06 -1.65034e-06 -8.42474e-08  -7.44243e-05 5.42639e-05 -2.8958e-10  -0.000100256 0.000130244 -1.79347e-09  -7.30899e-05 0.000114267 -9.52326e-10  0 0 0  0.000222113 0.000359912 -1.31707e-05  -6.08689e-07 1.24104e-06 -3.95933e-08  2.46589e-05 3.66114e-05 1.39343e-08  -1.65138e-06 -9.6918e-05 -2.74688e-10  2.0511e-05 -9.42005e-05 -3.7124e-10  3.27085e-05 -0.000159209 -3.95383e-11  -8.46462e-05 0.000554432 4.81176e-06  0.000143756 -0.000130611 3.74277e-06  5.30434e-05 -4.40091e-05 2.04627e-07  8.19605e-05 -0.000101512 -3.86743e-08  0 0 0  -6.40873e-05 -5.99411e-05 4.40843e-07  -7.2312e-05 -3.96446e-05 -1.15877e-06  0.000156101 5.64346e-05 4.16839e-09  -2.62228e-05 -0.000126423 7.00813e-10  1.82044e-05 -0.000127453 1.28778e-09  -1.49727e-05 -0.000126759 4.84531e-10  -6.34705e-05 -2.34086e-05 3.90066e-10  -0.000131014 -4.17432e-05 -1.26654e-08  -0.0001348 -2.33939e-05 7.82727e-09  -7.17785e-06 9.28071e-06 2.87178e-08  0.000111454 -5.74575e-05 2.51985e-09  5.7484e-05 -2.07548e-05 4.76017e-10  8.84122e-05 -6.75451e-05 3.96999e-08  -2.66777e-05 -0.000457351 -1.50063e-05  -1.79254e-05 3.84837e-05 4.39133e-07  -0.000200633 0.000316777 3.17762e-06  -0.000134701 0.000115315 1.74101e-06  -4.17337e-05 0.000173191 3.13144e-09  -4.31046e-05 9.03471e-05 -8.60187e-10  7.42562e-05 -5.14835e-05 2.2167e-08  5.63286e-05 -6.09669e-05 4.08709e-08  -0.000458572 0.000316371 4.31302e-06  8.40903e-06 -8.50173e-05 -1.81507e-10  -6.47813e-06 6.12735e-06 -1.17626e-08  3.77411e-07 -7.4633e-06 2.97912e-08  -0.000370498 -0.000138205 -2.25893e-07  -0.000951582 -0.000131131 1.07051e-05  8.20509e-05 8.96977e-05 2.07282e-09  5.48843e-05 0.000106281 1.48069e-09  5.04598e-05 7.2486e-05 1.07459e-09  0 0 0  -4.72648e-05 -7.31585e-05 1.83343e-07  6.97052e-05 1.85351e-05 2.98708e-09  8.2828e-05 4.27672e-05 2.8857e-09  6.20849e-05 9.06914e-06 3.62398e-09  9.70152e-05 -1.75536e-06 5.06936e-09  8.01672e-05 0.00010681 3.5559e-09  -5.98038e-05 -5.29556e-05 -4.98922e-07  -9.33069e-05 -9.2107e-05 5.28164e-07  -5.06356e-05 -7.97015e-05 4.66242e-09  2.73902e-05 -0.000117771 -1.15388e-09  4.07809e-05 -0.000108867 2.29124e-09  -1.98977e-05 0.000402338 -1.31241e-05  -1.09428e-05 8.4424e-06 -1.28173e-08  -1.57024e-05 1.78164e-05 -2.30004e-07  -0.000181404 7.03866e-05 -1.24563e-09  -9.69374e-05 1.58218e-05 -2.56217e-08  5.91745e-05 7.0485e-05 9.54762e-07  -6.56474e-05 5.95102e-05 6.30254e-09  -8.51399e-05 0.000137571 -2.36664e-09  -3.38989e-06 2.35925e-06 1.23641e-07  0 0 0  -0.000139427 -0.0001466 2.67761e-06  -0.000101415 -0.000123137 2.67885e-06  -2.70846e-05 0.000562393 1.6284e-05  9.84729e-05 4.27435e-06 2.47225e-09  0 0 0  -5.47027e-05 0.000121109 1.48176e-09  -0.000302758 0.000382349 -1.87883e-05  0.000123234 -9.87253e-05 1.23452e-09  1.18664e-05 8.39487e-05 1.95002e-08  1.43195e-05 7.82426e-05 5.39484e-08  4.65329e-05 -5.80577e-05 -4.90238e-08  3.52916e-05 -7.24326e-05 1.55039e-07  -7.82417e-05 -2.71249e-05 -1.40792e-08  7.90044e-05 -2.09974e-05 3.49358e-09  -0.000187395 -0.000294631 -1.64296e-06  9.57198e-05 0.000161951 6.56319e-06  -3.08506e-06 1.32359e-06 -9.80046e-08  -7.09244e-05 -6.50221e-05 -6.2989e-10  -9.92769e-05 -8.58427e-05 -3.78289e-09  -2.42822e-05 -4.39661e-05 7.19918e-08  -8.30657e-05 -9.24085e-05 -1.09831e-06  -4.02266e-06 2.85953e-05 3.04567e-07  -9.47053e-05 -1.93925e-05 1.05014e-08  -6.33358e-05 -5.01765e-06 -1.50719e-08  -8.86729e-05 -2.96105e-05 -8.8744e-09  -0.000538413 2.02872e-05 -1.82152e-06  4.83218e-05 0.000117275 2.22532e-09  4.44705e-05 0.000145549 2.34565e-09  7.24052e-06 0.000114959 7.82031e-10  9.03833e-06 -1.61288e-05 -1.5254e-07  -6.46513e-05 -6.62666e-06 -9.66217e-07  -6.90369e-05 1.05244e-05 -2.65209e-08  -1.73199e-05 4.71116e-06 -1.54545e-07  -8.79324e-05 3.7578e-05 1.6734e-06  0.000101075 2.23426e-05 4.3972e-09  6.40525e-05 -4.44058e-05 2.76893e-09  3.72799e-05 -3.68375e-05 1.13259e-09  0 0 0  0.000115099 4.93199e-06 2.62156e-09  7.63584e-05 6.97961e-05 3.14522e-09  -6.76342e-05 -9.05473e-05 -3.21083e-07  -1.32082e-05 -3.75282e-05 3.56157e-07  6.99917e-05 -6.91552e-05 1.15949e-08  5.10779e-05 0.000163827 -6.09167e-07  2.60269e-06 -6.88269e-05 2.28899e-08  -7.89935e-06 -4.8198e-05 3.06345e-09  3.02537e-05 -4.25351e-05 1.24495e-09  3.24638e-05 5.65578e-05 -4.45184e-10  7.93193e-05 0.000103777 1.13223e-09  9.78408e-05 8.96333e-05 1.73827e-09  -2.48642e-05 -8.64212e-06 2.65615e-07  -1.48284e-05 9.21582e-06 -1.11114e-08  5.64488e-05 0.000102561 2.93647e-08  7.58924e-07 1.20202e-06 -4.04604e-08  -5.16314e-05 9.76207e-05 5.16235e-07  -6.38624e-05 6.55725e-05 -9.18051e-07  -6.18453e-05 8.1299e-05 3.20121e-07  -3.87723e-06 -0.000122734 7.1772e-10  -0.000101697 -1.96288e-05 3.39303e-07  -8.03758e-05 -2.24275e-05 -4.17552e-07  -8.1226e-05 -0.000100026 1.45716e-09  -4.20621e-05 -0.000121063 -9.32366e-10  -4.83258e-05 -8.12614e-05 -1.02405e-09  1.5223e-05 -1.53938e-05 -1.9627e-07  4.55868e-05 5.93661e-05 5.60634e-08  4.57237e-05 0.000132969 2.60452e-09  3.12768e-06 -8.51207e-07 -8.57808e-08  2.75144e-06 -1.18816e-06 6.72681e-08  -1.76714e-06 -1.51749e-06 7.03537e-08  4.85928e-05 2.52094e-05 -2.35074e-08  -6.70263e-05 -1.15324e-05 -9.35914e-11  -0.000130746 -4.15686e-05 -6.99165e-09  0 0 0  -1.34391e-05 8.11813e-05 3.76168e-08  -1.67386e-05 0.000133516 2.81964e-08  1.18388e-06 1.2003e-07 1.79674e-09  1.09047e-06 -7.51473e-08 1.76795e-09  0.000160095 8.98543e-05 1.38574e-06  7.15555e-05 0.000112916 -7.89646e-10  4.49498e-05 5.05463e-05 1.51303e-08  8.34758e-05 6.74422e-05 4.66822e-08  8.38007e-05 9.15481e-05 1.8817e-09  3.08371e-05 5.37144e-05 -1.83287e-10  -3.51461e-05 -1.00844e-05 -3.54296e-07  -9.09059e-05 -7.18551e-06 3.61177e-07  -7.37894e-06 -5.75424e-06 -1.6984e-08  9.1333e-05 -2.42767e-05 1.57312e-09  -0.000140548 1.45419e-05 1.74907e-06  -0.000292085 0.000118972 4.04076e-07  -0.000112535 9.97115e-05 -8.47158e-10  0.000107339 7.36801e-05 3.98302e-07  9.43649e-05 8.89329e-05 -5.91432e-09  -3.76042e-05 -3.63657e-05 1.86194e-07  0.000368566 7.45972e-05 -5.39003e-07  0.00038007 -1.74217e-05 1.19791e-06  0.000148328 5.65485e-05 2.84336e-09  0.000127367 5.52293e-06 3.95539e-10  6.23873e-05 1.65889e-05 6.04163e-10  7.07084e-06 0.000112035 1.1928e-09  -3.88507e-05 7.57327e-05 -1.92374e-07  -4.35988e-05 -0.000103362 4.81971e-08  -4.93249e-05 -8.28097e-05 -3.34055e-08  -3.60643e-05 -5.14642e-05 -1.63853e-07  2.92099e-06 -7.26028e-05 1.81779e-08  4.83116e-07 0.000380357 -4.93031e-07  -9.07102e-05 3.60355e-05 1.75065e-07  -0.000107745 6.72737e-05 -1.2014e-08  -8.98008e-06 -1.33923e-06 -1.77366e-08  0.000103779 -1.3632e-05 3.27739e-09  -0.000243274 0.000255205 5.7109e-06  -0.000448192 0.000595428 -1.67108e-06  5.73056e-05 6.27297e-05 9.92915e-08  8.35077e-05 -0.000117472 -1.67565e-08  1.92081e-05 -4.81505e-05 1.24458e-07  8.47082e-06 -4.42055e-05 -4.96822e-07  1.20529e-05 -7.84781e-05 2.76039e-08  3.1449e-06 -8.34703e-05 -9.0602e-09  -1.37741e-05 -0.000108667 2.28307e-08  -5.53634e-05 8.95344e-05 -5.44545e-09  -4.13457e-05 0.000150644 6.65954e-10  5.00855e-05 3.95362e-05 1.12247e-07  0.000735357 6.9441e-05 -6.19233e-06  -3.19134e-06 8.44064e-05 1.21783e-06  -9.98869e-05 -0.000106765 2.56795e-07  9.58428e-05 1.96544e-05 -1.15193e-10  -4.59256e-05 -0.000134983 1.34937e-07  -1.89945e-06 1.05462e-06 6.5733e-08  -6.28998e-07 3.48977e-07 -2.04666e-08  0.000144566 8.64067e-09 2.05927e-08  0.000143819 4.91982e-05 2.77335e-09  0.000111512 3.49034e-05 2.55571e-09  0.000119905 5.20922e-06 2.54354e-09  8.74398e-05 -4.04184e-05 7.67084e-10  0.000125452 -2.75966e-05 8.79687e-10  8.45577e-05 -1.73593e-05 1.34451e-09  8.2828e-05 -7.19067e-06 2.0563e-09  7.80337e-05 -2.56068e-05 3.06738e-09  -3.19459e-05 0.000123076 -4.42982e-10  -9.45036e-06 0.000106591 -1.04914e-09  1.47057e-06 3.22132e-05 -4.28536e-08  1.78893e-05 -0.000125453 1.80832e-07  1.85838e-05 -0.000125175 5.37568e-07  3.10125e-05 -8.23132e-05 1.71342e-07  7.43159e-05 0.00018635 1.4251e-06  9.91175e-05 8.30288e-05 1.44428e-09  -0.000285657 0.000350918 2.46514e-06  -4.82406e-05 -3.74739e-05 2.80636e-07  -0.000169251 -0.000131545 1.21756e-06  -9.05961e-05 9.3453e-05 1.03561e-07  -7.73094e-06 0.000156474 -7.55543e-10  -0.000117811 -6.26955e-05 2.18015e-09  8.49532e-05 0.000127477 1.91976e-08  0 0 0  -0.000104629 6.94547e-05 2.37287e-09  -3.6563e-05 -5.40914e-05 1.76621e-11  -4.93254e-05 -0.000135422 -4.00342e-08  -3.55631e-05 -8.0591e-05 -6.43078e-07  -1.73918e-05 0.000193007 -3.67046e-11  -5.1413e-05 0.00012301 1.17277e-09  -2.02593e-05 0.000162298 1.20576e-09  0 0 0  6.42705e-05 2.13626e-05 7.22524e-08  -1.22019e-05 -3.11875e-06 -2.08782e-08  -6.87523e-05 -7.10661e-05 4.55471e-09  -5.93029e-05 -7.755e-05 1.74e-09  0.000154093 -5.26036e-05 -1.17362e-09  0.000127959 -2.23703e-05 1.07637e-09  -3.33152e-05 -8.10155e-06 -3.15247e-07  7.04926e-05 0.000111255 -1.54571e-09  0.000206515 7.54641e-05 1.14014e-06  0.000286983 5.06803e-05 2.87535e-06  -8.12019e-05 4.82726e-05 4.54474e-07  -9.11164e-05 0.000101282 2.06828e-08  -7.62297e-05 6.84377e-05 -8.57842e-08  -5.12328e-05 0.000122623 1.46846e-09  2.04761e-06 -7.12373e-05 6.27118e-07  2.79057e-07 3.60206e-07 1.38376e-08  -7.29798e-05 -6.69535e-05 8.15506e-10  -5.95057e-05 0.000136815 -5.54088e-10  9.15023e-05 1.87735e-05 1.17244e-09  0.000156101 -2.77499e-06 2.14443e-09  7.91026e-05 9.12164e-05 2.65567e-08  -0.000115672 9.21783e-07 -5.73719e-07  1.79541e-05 0.000356269 8.77117e-06  -5.68457e-05 -7.41023e-05 -8.95303e-09  -9.91487e-05 -7.80917e-05 -1.01668e-08  -9.10522e-06 5.05366e-06 2.50944e-08  -0.000401551 -0.00042137 7.61499e-06  8.28023e-05 5.08657e-05 -7.26618e-10  0.000122012 3.81726e-05 -3.79209e-10  -0.000141518 7.8768e-05 -2.04093e-06  -0.000113213 6.19823e-05 3.7775e-09  3.02459e-05 -5.52888e-05 2.35093e-08  4.17723e-05 -0.000112865 1.11579e-07  -4.30318e-05 0.000122159 -1.05033e-09  4.79e-05 -2.98448e-05 9.1362e-08  3.76441e-05 -3.90091e-05 -6.96025e-08  -3.4686e-05 6.59697e-05 -2.12709e-08  -5.19152e-05 -0.000115581 1.50867e-08  -9.46812e-06 0.000107054 1.12556e-09  2.17883e-05 6.58175e-05 1.23708e-09  3.27741e-05 7.96681e-05 -1.48423e-08  -0.000101545 1.03934e-05 -1.27303e-08  6.37606e-05 -3.88859e-05 9.58745e-09  9.25194e-05 -3.34264e-05 1.35495e-08  0.000128475 -4.64455e-05 3.4601e-08  -8.6889e-05 -2.85313e-05 -6.3303e-07  2.96797e-05 5.75038e-05 -1.49434e-08  1.04711e-05 4.70069e-05 -1.85883e-08  6.98472e-06 2.66899e-05 -2.57102e-07  7.11779e-05 0.000112313 9.65421e-10  4.97787e-05 0.000120763 5.36958e-10  -0.000201174 -3.39194e-05 1.58258e-06  -6.02584e-05 -9.27163e-06 9.48308e-08  -1.51067e-05 -5.05799e-05 1.49344e-06  -5.27453e-05 1.58829e-05 4.22849e-07  5.84154e-05 7.43631e-06 -5.18463e-11  -4.94087e-05 3.07579e-05 -3.96763e-07  2.38195e-05 -6.70404e-07 1.38663e-08  8.82067e-05 -2.34457e-05 -2.55522e-10  5.67003e-05 -7.97261e-05 5.10663e-10  5.07775e-05 -0.000119462 8.13628e-10  0.000114441 8.59887e-05 1.29901e-06  0.000139217 0.000116265 8.87976e-07  0.00049923 0.000246933 -3.01993e-06  1.87984e-05 0.00010139 4.36527e-09  -4.98861e-05 -5.60302e-05 9.21209e-07  1.43585e-05 0.00010906 -3.57669e-08  -0.000113879 -9.66667e-06 5.60723e-07  -4.02053e-05 1.98365e-06 -3.2445e-08  -6.30247e-05 1.07054e-05 -6.71976e-07  0.000363136 0.000474003 -1.55315e-05  -5.64505e-05 -6.9081e-05 2.45818e-07  -6.51899e-05 -4.49193e-05 -1.00813e-06  1.49118e-05 -3.67045e-05 2.43131e-08  1.46715e-05 -4.30828e-05 1.33698e-07  -3.36742e-06 5.27418e-05 5.05043e-08  -2.28491e-05 4.88296e-05 3.10792e-07  0.000112778 9.10099e-05 2.50482e-09  0.000102907 8.93698e-05 8.98638e-09  7.36134e-05 5.80307e-05 -1.1053e-09  0.00013219 7.28506e-05 1.19309e-09  -2.65935e-05 0.000118544 1.30507e-07  -1.04448e-05 0.00014195 -1.0429e-06  -2.12574e-06 3.88281e-05 6.21188e-10  -5.92951e-06 5.87992e-05 6.65478e-09  -5.52299e-05 1.48979e-05 -4.83665e-07  1.6882e-05 0.000109548 2.21306e-06  -5.04774e-07 9.29689e-05 1.45775e-07  -1.68609e-05 6.97211e-05 -7.16063e-08  6.20086e-05 0.000359 7.01646e-06  0.000145873 -0.000107523 2.00432e-09  -6.15311e-05 1.7873e-05 7.94716e-10  7.81478e-05 -5.41781e-05 -3.04239e-10  0.000100465 -0.000122306 9.2433e-10  0.000108988 -6.87916e-05 2.90925e-10  1.4855e-06 -0.000123252 3.32055e-09  6.82311e-05 -8.01666e-05 5.01424e-07  2.49632e-05 -2.45153e-05 1.32481e-07  2.13691e-05 -2.96114e-05 1.38896e-07  -6.72516e-05 -1.98186e-05 4.2272e-07  3.26484e-06 2.83136e-07 1.28675e-09  -1.05604e-05 -3.1176e-05 -1.04354e-07  -6.09018e-06 -0.000269002 1.94056e-06  4.00575e-05 -0.000168103 -2.39654e-06  -7.72002e-05 -4.49277e-05 -1.81127e-07  9.03652e-05 -1.31096e-05 1.40501e-09  1.13333e-05 4.70635e-08 2.83565e-09  6.81471e-06 -6.0824e-07 2.07384e-08  -7.64518e-05 3.52016e-05 -5.83256e-09  4.78258e-05 -3.30939e-05 1.47245e-07  -8.8708e-05 3.91626e-05 -1.51676e-06  -1.00344e-05 -6.16855e-05 1.19758e-09  -0.000111811 5.66085e-06 5.54141e-07  -4.95331e-05 -7.53179e-06 1.04618e-07  -2.10066e-05 -3.33677e-05 3.7063e-07  4.5366e-06 -3.99385e-07 -2.15744e-08  2.98029e-05 0.000147663 -3.97958e-10  -0.000100336 -6.23029e-05 3.71969e-07  -8.32447e-05 -3.1483e-05 1.26398e-06  9.3079e-05 3.06237e-05 -2.69368e-10  -5.77601e-05 -0.000115331 6.03955e-10  -6.31642e-05 -7.32594e-05 5.88545e-09  -6.42037e-05 7.91239e-05 -3.70855e-07  -6.78546e-06 -2.91209e-06 3.15319e-08  -6.25264e-05 2.98014e-05 7.75354e-07  -2.14596e-05 -2.26092e-05 -4.52027e-07  -2.24956e-05 -2.22392e-05 3.17361e-07  -2.09514e-05 -6.029e-05 8.93918e-10  -6.99314e-05 -4.44549e-05 -1.5588e-08  -5.08966e-05 -1.90339e-05 -1.00375e-08  -5.32767e-05 -1.9671e-05 7.87074e-10  -1.71358e-05 -9.34744e-05 2.17803e-07  -3.28224e-05 5.0183e-05 4.06147e-08  -6.18154e-06 2.65306e-06 -1.98077e-07  0.000120042 -4.10645e-05 -3.7279e-10  9.13109e-05 -5.76852e-05 2.61123e-09  1.54761e-05 5.84843e-05 6.2815e-08  3.91258e-05 8.47873e-05 -1.44989e-10  8.85848e-05 2.35562e-05 2.97305e-10  0.000121206 5.27977e-06 7.78058e-10  4.54241e-05 -5.30341e-05 2.23462e-07  6.13196e-05 4.27326e-05 2.00097e-09  -4.50637e-05 6.38377e-05 1.6758e-07  -1.96732e-05 4.60651e-05 1.43695e-07  9.69224e-05 2.81009e-06 5.71285e-10  -6.98876e-05 4.14161e-05 -1.979e-08  -6.73179e-05 5.61374e-05 -1.14559e-06  -5.33623e-05 -1.89166e-05 5.18209e-07  -0.00011383 -1.01346e-05 7.16817e-08  6.10698e-05 -1.24952e-05 1.26494e-08  2.72254e-05 -7.97362e-05 1.1455e-09  6.06836e-05 -9.37865e-05 1.28717e-10  -8.32144e-05 -7.41796e-05 7.72525e-07  -6.42914e-05 1.87013e-05 -1.31465e-09  -0.000100499 4.21656e-06 -3.4515e-08  0.000104478 -5.31724e-05 4.77434e-07  1.28503e-05 -3.54498e-06 6.02282e-08  6.91503e-06 3.82149e-05 -5.69334e-07  -0.00010139 1.04378e-05 1.07155e-08  7.7049e-05 6.47368e-05 4.46545e-09  -8.20063e-05 2.55862e-05 3.28044e-08  -4.35288e-05 3.00705e-05 7.90159e-07  -3.30413e-05 1.40947e-05 -3.69793e-07  0.0001157 5.98978e-05 -7.48691e-11  9.50738e-05 1.95058e-05 4.75785e-11  4.97145e-05 -2.84655e-05 -3.59696e-08  -2.58383e-05 8.69515e-05 -2.2109e-09  -1.99392e-05 0.00012634 8.39613e-09  5.99631e-05 2.36233e-05 6.25489e-09  -6.29984e-06 6.27501e-05 1.12467e-08  -0.000103581 -4.26551e-05 -3.77578e-07  -0.000123708 -7.09362e-05 -7.65731e-08  7.25954e-05 4.17324e-05 8.73537e-08  -0.000463754 -0.000142504 5.27885e-06  -4.40649e-06 -1.38262e-06 -1.35992e-07  -4.18267e-06 -2.32157e-06 -1.40591e-07  -7.24095e-05 -5.045e-05 1.54195e-06  -7.87795e-05 -2.91333e-05 1.54751e-07  3.4022e-05 6.9804e-09 2.07316e-09  5.10609e-05 -1.03463e-05 7.68355e-09  -6.36112e-05 -0.000103479 -1.61383e-09  -6.82782e-05 -6.26966e-05 -2.05837e-09  4.41221e-05 0.000101708 -1.92719e-07  -1.87994e-06 7.4355e-05 7.17316e-08  3.96093e-05 0.000147397 1.44097e-06  -6.48384e-06 -8.67403e-05 4.54342e-10  -6.93956e-05 7.64126e-07 -9.23944e-08  -8.98876e-05 1.62634e-05 1.57833e-07  -9.79122e-05 -2.62615e-05 7.46807e-09  8.08649e-05 2.30101e-06 3.7843e-09  2.27326e-05 -3.27219e-05 -1.87319e-08  -0.000136925 -7.14328e-05 2.91508e-06  2.60446e-06 -1.83002e-05 3.72559e-08  -9.58019e-05 2.79238e-05 2.3244e-08  -0.000120146 4.69326e-05 -4.80669e-08  -0.000149435 -6.39248e-05 7.70298e-07  0.000152624 0.000127875 2.59785e-11  -7.10406e-05 -4.9533e-05 2.43276e-07  -7.3106e-05 3.64678e-05 -4.60452e-07  7.6555e-05 -6.34863e-05 1.05842e-09  5.84743e-05 -5.14924e-05 1.4445e-10  2.70689e-05 6.84336e-05 1.88798e-09  -2.11868e-06 1.81889e-06 8.35574e-08  -9.7294e-05 2.82453e-05 8.00445e-09  -4.63792e-05 -2.56854e-05 3.54967e-07  0.000103475 -5.66554e-05 -4.82474e-09  6.88061e-07 0.000100307 -8.33968e-08  1.00418e-05 4.12633e-05 5.8358e-08  -3.27514e-05 9.26971e-05 1.26022e-08  -1.93503e-05 7.0586e-05 7.65185e-08  -6.95336e-05 0.000114519 4.94726e-07  0 0 0  0.000189278 6.89416e-05 9.02863e-07  1.44875e-05 0.000101196 3.15728e-09  2.3158e-06 9.15239e-05 4.94699e-09  6.99966e-05 -6.16575e-05 5.48273e-12  3.13765e-06 5.21151e-05 3.92737e-07  -3.33652e-05 7.20803e-05 -7.18924e-10  -1.15632e-07 -1.69406e-05 -1.22732e-08  -5.18682e-05 6.58351e-05 -9.28912e-08  -4.38003e-05 9.70564e-05 2.07751e-09  -0.000110384 3.73106e-05 4.95362e-09  -5.17461e-05 9.85771e-05 3.41248e-09  9.12945e-05 -4.9955e-05 5.57095e-08  3.84161e-05 -0.000117867 5.96662e-10  4.97095e-05 -2.29804e-05 7.57151e-10  -8.89484e-06 -6.26169e-05 -2.89921e-08  -1.9638e-05 8.28334e-05 5.185e-09  3.05476e-05 9.69676e-05 8.04532e-09  0.000128908 -1.11082e-05 1.05873e-08  -3.71654e-05 -0.000124131 -1.33731e-10  3.19697e-05 -5.36507e-05 -6.76264e-08  7.19061e-05 -5.62382e-05 -1.29246e-09  1.73303e-05 -8.93693e-06 4.42345e-09  -9.60008e-05 9.86106e-06 1.81813e-08  -2.74818e-05 2.7643e-05 3.01905e-08  4.34584e-05 1.85945e-09 1.73557e-09  0.000230583 0.000305659 1.03307e-05  -9.07156e-05 -3.45379e-05 6.54682e-07  -4.79785e-05 -0.000120913 -5.49368e-10  -6.26733e-06 -2.40424e-05 2.42089e-07  -5.96253e-05 -2.8424e-05 -1.09163e-08  -7.39667e-05 -6.02034e-05 1.19611e-08  -8.98079e-05 7.11623e-05 4.76752e-07  0.000123888 -1.62068e-05 9.91396e-11  0.00011476 -4.71202e-05 -3.98912e-11  1.18679e-05 8.35369e-05 4.71775e-09  5.80248e-05 -7.23199e-05 5.30657e-10  6.87958e-05 -0.0001061 8.11265e-10  -3.65842e-05 -5.41218e-05 -9.47095e-10  -3.92107e-05 7.44798e-05 3.82728e-09  3.52235e-06 9.65611e-05 2.1548e-08  -9.28808e-05 -2.47333e-05 3.16532e-08  2.57445e-06 4.88937e-05 8.71135e-08  -1.10196e-05 5.93779e-05 -2.7388e-07  1.38404e-06 8.67375e-05 6.40038e-07  0.000144731 0.000199637 -6.48976e-07  0.000232813 0.00028458 1.0884e-06  3.98673e-05 -2.098e-05 -1.35081e-09  3.60686e-05 4.09156e-05 -1.85148e-08  -9.56141e-05 2.1883e-05 -1.0355e-08  4.0993e-06 0.000160403 4.22545e-09  1.31715e-06 -0.000117577 1.53213e-08  -3.44632e-05 -3.48877e-06 5.27041e-07  -7.47359e-05 -7.61145e-06 1.08335e-06  -4.55036e-05 -2.52511e-05 -7.57955e-07  -7.15227e-06 -9.57016e-05 -7.73189e-10  -9.88535e-06 -6.24533e-05 -8.6651e-07  8.71207e-06 -6.2365e-05 3.73328e-07  -0.000129408 -4.23394e-06 2.15219e-07  -6.59359e-05 -5.0756e-06 -1.6943e-08  6.00155e-05 -1.30234e-05 9.94924e-09  2.51293e-05 0.000149398 -8.72374e-11  7.97773e-05 0.000144872 8.5356e-10  -7.89678e-05 2.30652e-05 9.3777e-09  -2.54637e-05 -0.000122672 5.78185e-10  -7.16067e-05 -9.11982e-05 -2.30289e-07  -1.52865e-05 -0.000129064 2.75195e-10  -1.53119e-05 -0.000129337 1.27489e-09  3.70479e-05 7.25516e-05 4.73309e-07  4.22526e-05 5.13928e-05 1.95948e-07  -5.91539e-06 -1.84983e-05 -1.36422e-08  4.75729e-06 -9.69084e-05 -5.01278e-08  4.43882e-05 -3.8528e-06 1.43311e-08  -7.81267e-05 -4.94297e-05 5.06253e-09  2.12784e-05 -3.1754e-05 4.09358e-07  -0.000113245 -4.16986e-05 5.41741e-09  -9.79079e-05 -6.41049e-05 1.21607e-10  6.5033e-05 -7.21193e-05 7.26429e-10  -6.98503e-05 2.76921e-05 2.76498e-08  -2.76863e-05 -8.77564e-05 -3.32294e-10  -4.29803e-05 -8.28587e-05 -9.24401e-10  -9.60935e-05 2.20109e-06 7.04283e-07  -7.75981e-05 5.00706e-05 1.89591e-08  -6.52465e-05 -5.93588e-05 -4.43124e-08  -9.58065e-05 4.96347e-05 6.90942e-08  6.99439e-06 -0.000125928 2.95292e-10  -5.97195e-05 6.06686e-05 -1.85567e-08  5.14658e-05 0.000119501 3.02418e-08  9.75337e-05 -2.82356e-06 1.54228e-11  -9.41844e-05 2.17399e-05 2.8826e-07  5.89984e-05 0.000114243 -2.20692e-10  0.000156814 1.90759e-05 -7.32149e-10  -0.000101327 2.78038e-05 -5.31903e-07  8.17394e-05 1.67436e-05 1.3153e-09  1.08412e-05 -6.55514e-05 -1.28483e-07  -2.15164e-05 8.81232e-05 -4.21194e-07  1.60238e-05 -2.29741e-05 -3.63586e-07  8.17091e-05 -1.79183e-05 -7.8184e-09  0.000127151 2.79798e-05 1.32114e-09  0.000223402 -3.86856e-05 1.37419e-06  -0.000152629 4.49323e-06 1.44272e-08  1.51492e-05 -9.61613e-05 7.43726e-10  0.00055635 -0.000524771 -2.58881e-06  -8.91471e-05 7.55187e-05 -2.76753e-09  -2.20833e-05 -8.68408e-05 -1.96932e-09  -5.72537e-05 2.90125e-06 -2.89288e-08  -1.53987e-05 -3.11134e-05 3.19099e-07  7.54364e-05 5.25705e-05 3.11968e-08  8.29296e-05 3.41097e-05 2.80615e-08  -9.54381e-05 -0.00011335 -1.4483e-09  -5.90547e-05 -6.1019e-05 1.46954e-08  -0.000137879 -0.000105696 2.51092e-07  1.84488e-05 3.64016e-05 -5.60601e-07  5.33964e-05 1.10051e-05 7.78581e-09  7.64169e-05 2.61608e-05 8.88504e-09  0.000115418 -5.9532e-05 5.754e-10  5.3613e-05 -3.7169e-05 -4.13391e-12  7.96613e-05 -5.5228e-05 1.24552e-09  -0.000170161 4.88003e-06 -1.19965e-08  5.831e-05 -6.85978e-05 1.36975e-08  0.000113898 -6.06638e-05 5.74447e-07  -0.000134248 -4.53553e-06 2.66756e-08  9.247e-05 3.5227e-05 9.36039e-09  -1.77795e-05 7.22568e-05 8.61944e-07  8.31113e-05 5.10731e-05 -3.09403e-10  -8.89032e-05 -4.21349e-05 9.11054e-09  -0.000103074 -8.21463e-06 2.51375e-08  8.88279e-05 4.11323e-05 2.90385e-10  -8.56341e-05 -1.21393e-05 1.81985e-08  2.16536e-06 8.81676e-05 5.43764e-09  -7.99669e-05 -5.25416e-05 5.32784e-07  -3.26763e-05 -6.2306e-05 -4.07212e-07  -0.000136026 5.60139e-05 -1.80719e-07  6.505e-05 5.64768e-06 3.53464e-10  0.000130791 0.000111468 7.00468e-07  -0.000142885 6.78997e-06 2.67329e-08  -1.65611e-05 -7.82496e-05 2.40101e-08  -2.26911e-05 8.5159e-05 -1.11926e-08  5.9884e-05 6.74174e-05 1.44558e-09  0.000126076 7.54074e-05 2.66498e-09  0.000107238 -4.3969e-05 1.25121e-09  6.14431e-05 1.76422e-06 4.37392e-08  7.93549e-05 1.046e-05 5.32072e-08  0.000117369 4.26011e-05 7.40759e-08  5.1391e-05 -9.69435e-05 4.59521e-09  5.92576e-05 -0.000110537 -1.2342e-06  4.63503e-05 -0.000106126 1.06018e-06  -2.4484e-05 0.00010328 5.75741e-11  -6.64492e-05 -3.7785e-05 1.61056e-07  -9.33205e-05 5.70498e-05 -7.75022e-08  -0.000144244 5.89622e-05 1.1777e-07  -1.11282e-05 0.000137066 -3.54022e-11  -4.60023e-05 7.75496e-05 1.70342e-07  -5.46299e-05 -7.40622e-05 -1.86221e-07  5.51815e-05 -6.12567e-05 3.31835e-09  -2.32477e-05 -3.89048e-05 2.64538e-07  1.25968e-05 -4.53401e-05 -1.43817e-09  6.21834e-05 -6.14398e-05 9.28028e-10  6.23167e-05 -9.62703e-05 3.26842e-09  -0.0001525 6.21355e-05 -2.90415e-08  0.000125908 2.31564e-08 2.49498e-07  5.82761e-05 -1.54238e-05 1.38037e-07  6.69474e-05 9.68033e-06 1.52324e-09  4.75231e-05 -0.000111833 2.82405e-09  -3.54535e-05 -3.53043e-05 -6.89548e-07  -1.27631e-05 -0.000118224 5.31698e-07  -2.62175e-05 1.45335e-05 -3.09172e-07  7.32458e-05 -0.000124487 1.43721e-08  -5.54722e-05 -9.53821e-05 1.66864e-06  -0.000115452 -6.83676e-05 2.25032e-09  -8.39622e-05 -5.31046e-05 -6.91533e-09  -2.64005e-05 2.25934e-05 3.39327e-07  8.83498e-05 -2.58528e-06 -2.8581e-10  0.000125199 -2.19028e-05 -1.64103e-11  -5.2284e-05 8.46128e-05 -2.69651e-09  -8.35308e-05 8.35236e-05 -4.96516e-10  -3.45915e-05 5.29757e-05 8.66267e-07  7.90628e-05 -4.22067e-05 -6.75647e-10  3.06299e-05 0.000151735 -4.92106e-10  -0.00028909 -0.000204218 -1.75637e-06  2.18251e-05 -7.85896e-05 6.72081e-09  -8.90416e-05 -1.25465e-05 -7.6298e-09  0.000114399 -3.04719e-05 1.81259e-09  7.02113e-05 7.01887e-05 -1.85281e-10  -6.30141e-05 0.000105179 2.09545e-10  -3.01085e-05 0.000116256 -5.66482e-10  2.04122e-05 -7.33054e-05 -1.75202e-09  2.67946e-05 -2.64851e-05 4.37892e-08  5.86209e-05 -4.41272e-05 1.539e-07  6.25602e-06 -5.17574e-05 -2.12396e-07  7.38108e-05 -9.47332e-05 2.19146e-09  3.15839e-05 -8.47148e-05 1.55707e-08  -1.79501e-05 -5.11139e-05 6.13584e-07  6.45037e-05 7.25554e-05 -1.40986e-10  -5.38974e-05 -0.00014676 6.33498e-09  -8.90045e-05 1.57152e-05 -3.10629e-07  3.93397e-05 -0.000120824 7.927e-11  -3.7613e-05 0.000106605 1.50068e-09  -1.27816e-05 0.00011587 2.35724e-09  -3.46245e-05 -9.10596e-05 5.12998e-11  0.000133208 1.61917e-05 4.00073e-09  4.37403e-05 -0.000116783 4.24416e-10  -7.62032e-05 -2.30048e-05 -1.06101e-06  -7.08366e-05 4.00695e-05 1.32833e-08  2.67084e-05 -5.42299e-05 8.64947e-08  -4.32957e-05 0.00016407 2.86583e-09  -3.18275e-05 0.000109913 2.94974e-09  7.26355e-05 -9.32162e-05 1.57915e-09  -2.76079e-05 -6.69544e-05 -8.28593e-07  -3.95686e-06 -3.02954e-05 3.11591e-07  -7.75921e-07 -4.48069e-05 5.36684e-08  1.77486e-05 8.33164e-05 -6.99046e-10  4.26479e-05 7.95633e-05 2.18636e-09  1.7448e-05 8.20502e-05 1.58057e-09  0.000137284 -2.39987e-05 1.64567e-09  -5.62314e-05 4.76905e-05 1.02092e-06  7.94882e-05 1.74931e-05 1.2402e-07  0.000108693 -3.92337e-05 1.23981e-07  -5.67076e-05 1.55548e-05 4.80067e-07  -8.02083e-05 1.16291e-05 -8.47221e-08  -6.75062e-05 3.71224e-06 -3.98788e-07  -3.49983e-05 3.15755e-05 -4.14483e-07  7.82314e-05 4.02894e-05 1.91118e-07  3.6159e-06 -8.91102e-05 2.51126e-11  -8.62779e-08 -0.000127542 -4.77026e-07  9.52896e-05 -1.95312e-05 7.8939e-10  0.000113216 2.49304e-05 1.85786e-09  6.76366e-05 -0.000110443 3.27436e-09  -3.92317e-05 -4.67617e-05 1.91837e-07  -3.02929e-06 -1.10319e-05 -2.93811e-07  -5.51824e-05 -1.42778e-05 -3.29259e-08  -0.000127973 0.000140072 1.34709e-09  -9.57205e-05 8.56917e-05 5.81459e-09  7.69042e-05 0.000100657 -1.02641e-09  4.85673e-05 -0.000136878 5.42653e-09  -1.8867e-05 -0.000113792 3.15427e-08  0.000118072 -4.84718e-05 -8.96001e-10  -8.21381e-05 -5.75149e-05 -8.86887e-07  -0.000112302 -7.35631e-05 -1.293e-08  9.39558e-06 -6.12164e-05 6.97175e-08  -7.90905e-05 6.49928e-05 4.50975e-07  3.71376e-05 -3.41395e-05 2.55446e-07  7.85445e-05 3.63703e-05 2.48379e-09  5.23767e-06 0.000129009 1.10715e-09  -3.34566e-05 -6.60563e-05 1.03733e-06  -0.000129661 -2.24222e-05 -9.12247e-09  2.42986e-05 0.000120621 1.24745e-09  -6.62581e-05 -0.000107749 4.93427e-09  -9.09102e-05 -0.000134297 -3.1767e-09  2.79198e-05 8.42599e-05 1.11645e-09  -9.4449e-05 3.33841e-05 1.49376e-09  -8.4365e-05 4.7675e-05 7.36476e-09  3.29768e-05 0.000135013 2.16505e-08  -6.93339e-05 -2.59585e-05 -7.45747e-07  -4.15726e-05 2.74797e-05 -3.54466e-07  5.05676e-05 8.45339e-05 -7.5701e-09  7.70686e-05 6.23016e-05 1.98792e-08  -5.90007e-05 2.56834e-05 -6.91433e-07  0.000115803 4.76562e-05 -3.01604e-10  6.11756e-05 -0.000115186 3.48474e-11  8.86721e-05 -9.55412e-05 7.9869e-10  -5.32312e-05 -2.94472e-05 8.95072e-07  6.08029e-05 -4.6029e-05 5.30859e-08  4.42968e-05 -2.28891e-05 4.42074e-09  9.64986e-06 -9.75579e-05 2.37915e-10  -4.2365e-05 0.000104116 1.40111e-07  2.53085e-06 0.000175852 5.89447e-09  9.77823e-05 -2.83043e-06 -2.99619e-10  -0.000127751 0.000114604 1.22644e-06  -6.05769e-05 1.76884e-05 3.194e-08  7.55123e-05 -4.29647e-05 -2.34127e-08  -8.58901e-05 8.87413e-06 -5.01294e-08  -5.09142e-05 -0.000138769 7.20815e-10  7.30242e-05 -2.8815e-05 2.24467e-09  -5.80817e-05 -0.000102385 5.16182e-08  8.40503e-05 -1.72016e-05 6.93077e-10  -7.98906e-05 -6.52615e-06 2.97025e-07  -0.00011059 -3.05002e-05 -7.82634e-08  3.49217e-05 1.00713e-06 -2.50901e-09  -0.00011361 -1.15644e-05 2.05728e-08  7.13217e-05 7.12978e-05 -5.14747e-12  -1.51918e-05 -7.35773e-05 -2.44628e-07  7.24172e-06 3.06951e-05 1.55389e-07  5.28679e-05 -2.44005e-05 1.28179e-07  3.02615e-05 -7.40815e-05 3.52161e-09  1.75087e-05 5.20626e-05 -5.24738e-08  -5.56546e-06 -6.74225e-05 -1.55974e-08  -0.000168055 -9.69755e-07 2.53699e-08  -0.000111683 0.000131413 -1.64404e-09  2.37739e-05 0.000178356 6.62496e-10  1.26275e-05 4.80855e-05 -1.33816e-07  5.54117e-05 -7.95414e-06 8.73162e-08  7.75661e-05 -1.02395e-05 4.76599e-08  5.78485e-05 -7.21853e-05 -4.43024e-10  0.000333099 -9.27355e-05 -1.27855e-07  1.59305e-05 -3.33448e-05 7.13317e-08  8.74302e-05 -9.41895e-05 1.72918e-09  -5.56414e-05 5.02979e-05 1.39173e-08  0.000101344 7.74784e-05 1.66544e-09  5.60975e-05 -2.60483e-06 4.74324e-09  2.63259e-05 -9.44626e-05 1.01019e-10  -0.000112859 -6.0172e-05 2.81442e-09  -0.000105964 7.02501e-05 -4.78699e-09  3.15601e-05 -9.13247e-05 -3.97153e-07  -9.69607e-05 -2.58427e-05 2.04309e-08  3.33246e-05 7.22154e-05 2.65586e-09  -6.6416e-05 7.00933e-06 2.04934e-08  6.19715e-06 -6.58637e-05 2.09754e-08  4.97394e-05 8.10878e-05 6.45706e-10  5.68811e-05 -0.000107072 -4.26824e-10  6.44137e-05 9.33413e-06 2.42115e-08  1.3196e-05 -8.43352e-05 1.26861e-08  6.02715e-05 -0.00011344 7.5221e-10  -8.87447e-05 7.60984e-05 -3.81907e-09  -3.72086e-05 -2.59232e-06 3.88541e-07  2.09349e-05 -0.000156139 6.58373e-10  -9.76414e-05 -8.42117e-05 1.23504e-08  
            </DataArray>
         </PointData> 
      </Piece>
   </UnstructuredGrid> 
</VTKFile>
