<?xml version="1.0"?>
<VTKFile type="UnstructuredGrid" version="0.1" byte_order="LittleEndian">
   <UnstructuredGrid>
      <Piece NumberOfPoints="2352" NumberOfCells="0" > 
         <Points> 
            <DataArray type="Float64" Name="Position" NumberOfComponents="3" format="ascii"> 
               0.005  0  0.001  
               0.005  0  0.002  
               0.005  0  0.003  
               0.005  0  0.004  
               0.005  0  0.005  
               0.005  0  0.006  
               0.005  0  0.007  
               0.005  0  0.008  
               0.005  0  0.009  
               0.005  0  0.01  
               0.005  0  0.011  
               0.005  0  0.012  
               0.005  0  0.013  
               0.005  0  0.014  
               0.005  0  0.015  
               0.005  0  0.016  
               0.005  0  0.017  
               0.005  0  0.018  
               0.005  0  0.019  
               0.005  0  0.02  
               0.005  0  0.021  
               0.005  0  0.022  
               0.005  0  0.023  
               0.005  0  0.024  
               0.005  0  0.025  
               0.005  0  0.026  
               0.005  0  0.027  
               0.005  0  0.028  
               0.005  0  0.029  
               0.005  0  0.03  
               0.005  0  0.031  
               0.005  0  0.032  
               0.005  0  0.033  
               0.005  0  0.034  
               0.005  0  0.035  
               0.005  0  0.036  
               0.005  0  0.037  
               0.005  0  0.038  
               0.005  0  0.039  
               0.005  0  0.04  
               0.005  0  0.041  
               0.005  0  0.042  
               0.005  0  0.043  
               0.005  0  0.044  
               0.005  0  0.045  
               0.005  0  0.046  
               0.005  0  0.047  
               0.005  0  0.048  
               0.005  0  0.049  
               0  0.005  0.001  
               0  0.005  0.002  
               0  0.005  0.003  
               0  0.005  0.004  
               0  0.005  0.005  
               0  0.005  0.006  
               0  0.005  0.007  
               0  0.005  0.008  
               0  0.005  0.009  
               0  0.005  0.01  
               0  0.005  0.011  
               0  0.005  0.012  
               0  0.005  0.013  
               0  0.005  0.014  
               0  0.005  0.015  
               0  0.005  0.016  
               0  0.005  0.017  
               0  0.005  0.018  
               0  0.005  0.019  
               0  0.005  0.02  
               0  0.005  0.021  
               0  0.005  0.022  
               0  0.005  0.023  
               0  0.005  0.024  
               0  0.005  0.025  
               0  0.005  0.026  
               0  0.005  0.027  
               0  0.005  0.028  
               0  0.005  0.029  
               0  0.005  0.03  
               0  0.005  0.031  
               0  0.005  0.032  
               0  0.005  0.033  
               0  0.005  0.034  
               0  0.005  0.035  
               0  0.005  0.036  
               0  0.005  0.037  
               0  0.005  0.038  
               0  0.005  0.039  
               0  0.005  0.04  
               0  0.005  0.041  
               0  0.005  0.042  
               0  0.005  0.043  
               0  0.005  0.044  
               0  0.005  0.045  
               0  0.005  0.046  
               0  0.005  0.047  
               0  0.005  0.048  
               0  0.005  0.049  
               -0.005  0  0.001  
               -0.005  0  0.002  
               -0.005  0  0.003  
               -0.005  0  0.004  
               -0.005  0  0.005  
               -0.005  0  0.006  
               -0.005  0  0.007  
               -0.005  0  0.008  
               -0.005  0  0.009  
               -0.005  0  0.01  
               -0.005  0  0.011  
               -0.005  0  0.012  
               -0.005  0  0.013  
               -0.005  0  0.014  
               -0.005  0  0.015  
               -0.005  0  0.016  
               -0.005  0  0.017  
               -0.005  0  0.018  
               -0.005  0  0.019  
               -0.005  0  0.02  
               -0.005  0  0.021  
               -0.005  0  0.022  
               -0.005  0  0.023  
               -0.005  0  0.024  
               -0.005  0  0.025  
               -0.005  0  0.026  
               -0.005  0  0.027  
               -0.005  0  0.028  
               -0.005  0  0.029  
               -0.005  0  0.03  
               -0.005  0  0.031  
               -0.005  0  0.032  
               -0.005  0  0.033  
               -0.005  0  0.034  
               -0.005  0  0.035  
               -0.005  0  0.036  
               -0.005  0  0.037  
               -0.005  0  0.038  
               -0.005  0  0.039  
               -0.005  0  0.04  
               -0.005  0  0.041  
               -0.005  0  0.042  
               -0.005  0  0.043  
               -0.005  0  0.044  
               -0.005  0  0.045  
               -0.005  0  0.046  
               -0.005  0  0.047  
               -0.005  0  0.048  
               -0.005  0  0.049  
               0  -0.005  0.001  
               0  -0.005  0.002  
               0  -0.005  0.003  
               0  -0.005  0.004  
               0  -0.005  0.005  
               0  -0.005  0.006  
               0  -0.005  0.007  
               0  -0.005  0.008  
               0  -0.005  0.009  
               0  -0.005  0.01  
               0  -0.005  0.011  
               0  -0.005  0.012  
               0  -0.005  0.013  
               0  -0.005  0.014  
               0  -0.005  0.015  
               0  -0.005  0.016  
               0  -0.005  0.017  
               0  -0.005  0.018  
               0  -0.005  0.019  
               0  -0.005  0.02  
               0  -0.005  0.021  
               0  -0.005  0.022  
               0  -0.005  0.023  
               0  -0.005  0.024  
               0  -0.005  0.025  
               0  -0.005  0.026  
               0  -0.005  0.027  
               0  -0.005  0.028  
               0  -0.005  0.029  
               0  -0.005  0.03  
               0  -0.005  0.031  
               0  -0.005  0.032  
               0  -0.005  0.033  
               0  -0.005  0.034  
               0  -0.005  0.035  
               0  -0.005  0.036  
               0  -0.005  0.037  
               0  -0.005  0.038  
               0  -0.005  0.039  
               0  -0.005  0.04  
               0  -0.005  0.041  
               0  -0.005  0.042  
               0  -0.005  0.043  
               0  -0.005  0.044  
               0  -0.005  0.045  
               0  -0.005  0.046  
               0  -0.005  0.047  
               0  -0.005  0.048  
               0  -0.005  0.049  
               0.00495722  0.000652631  0.001  
               0.00495722  0.000652631  0.002  
               0.00495722  0.000652631  0.003  
               0.00495722  0.000652631  0.004  
               0.00495722  0.000652631  0.005  
               0.00495722  0.000652631  0.006  
               0.00495722  0.000652631  0.007  
               0.00495722  0.000652631  0.008  
               0.00495722  0.000652631  0.009  
               0.00495722  0.000652631  0.01  
               0.00495722  0.000652631  0.011  
               0.00495722  0.000652631  0.012  
               0.00495722  0.000652631  0.013  
               0.00495722  0.000652631  0.014  
               0.00495722  0.000652631  0.015  
               0.00495722  0.000652631  0.016  
               0.00495722  0.000652631  0.017  
               0.00495722  0.000652631  0.018  
               0.00495722  0.000652631  0.019  
               0.00495722  0.000652631  0.02  
               0.00495722  0.000652631  0.021  
               0.00495722  0.000652631  0.022  
               0.00495722  0.000652631  0.023  
               0.00495722  0.000652631  0.024  
               0.00495722  0.000652631  0.025  
               0.00495722  0.000652631  0.026  
               0.00495722  0.000652631  0.027  
               0.00495722  0.000652631  0.028  
               0.00495722  0.000652631  0.029  
               0.00495722  0.000652631  0.03  
               0.00495722  0.000652631  0.031  
               0.00495722  0.000652631  0.032  
               0.00495722  0.000652631  0.033  
               0.00495722  0.000652631  0.034  
               0.00495722  0.000652631  0.035  
               0.00495722  0.000652631  0.036  
               0.00495722  0.000652631  0.037  
               0.00495722  0.000652631  0.038  
               0.00495722  0.000652631  0.039  
               0.00495722  0.000652631  0.04  
               0.00495722  0.000652631  0.041  
               0.00495722  0.000652631  0.042  
               0.00495722  0.000652631  0.043  
               0.00495722  0.000652631  0.044  
               0.00495722  0.000652631  0.045  
               0.00495722  0.000652631  0.046  
               0.00495722  0.000652631  0.047  
               0.00495722  0.000652631  0.048  
               0.00495722  0.000652631  0.049  
               0.00482963  0.0012941  0.001  
               0.00482963  0.0012941  0.002  
               0.00482963  0.0012941  0.003  
               0.00482963  0.0012941  0.004  
               0.00482963  0.0012941  0.005  
               0.00482963  0.0012941  0.006  
               0.00482963  0.0012941  0.007  
               0.00482963  0.0012941  0.008  
               0.00482963  0.0012941  0.009  
               0.00482963  0.0012941  0.01  
               0.00482963  0.0012941  0.011  
               0.00482963  0.0012941  0.012  
               0.00482963  0.0012941  0.013  
               0.00482963  0.0012941  0.014  
               0.00482963  0.0012941  0.015  
               0.00482963  0.0012941  0.016  
               0.00482963  0.0012941  0.017  
               0.00482963  0.0012941  0.018  
               0.00482963  0.0012941  0.019  
               0.00482963  0.0012941  0.02  
               0.00482963  0.0012941  0.021  
               0.00482963  0.0012941  0.022  
               0.00482963  0.0012941  0.023  
               0.00482963  0.0012941  0.024  
               0.00482963  0.0012941  0.025  
               0.00482963  0.0012941  0.026  
               0.00482963  0.0012941  0.027  
               0.00482963  0.0012941  0.028  
               0.00482963  0.0012941  0.029  
               0.00482963  0.0012941  0.03  
               0.00482963  0.0012941  0.031  
               0.00482963  0.0012941  0.032  
               0.00482963  0.0012941  0.033  
               0.00482963  0.0012941  0.034  
               0.00482963  0.0012941  0.035  
               0.00482963  0.0012941  0.036  
               0.00482963  0.0012941  0.037  
               0.00482963  0.0012941  0.038  
               0.00482963  0.0012941  0.039  
               0.00482963  0.0012941  0.04  
               0.00482963  0.0012941  0.041  
               0.00482963  0.0012941  0.042  
               0.00482963  0.0012941  0.043  
               0.00482963  0.0012941  0.044  
               0.00482963  0.0012941  0.045  
               0.00482963  0.0012941  0.046  
               0.00482963  0.0012941  0.047  
               0.00482963  0.0012941  0.048  
               0.00482963  0.0012941  0.049  
               0.0046194  0.00191342  0.001  
               0.0046194  0.00191342  0.002  
               0.0046194  0.00191342  0.003  
               0.0046194  0.00191342  0.004  
               0.0046194  0.00191342  0.005  
               0.0046194  0.00191342  0.006  
               0.0046194  0.00191342  0.007  
               0.0046194  0.00191342  0.008  
               0.0046194  0.00191342  0.009  
               0.0046194  0.00191342  0.01  
               0.0046194  0.00191342  0.011  
               0.0046194  0.00191342  0.012  
               0.0046194  0.00191342  0.013  
               0.0046194  0.00191342  0.014  
               0.0046194  0.00191342  0.015  
               0.0046194  0.00191342  0.016  
               0.0046194  0.00191342  0.017  
               0.0046194  0.00191342  0.018  
               0.0046194  0.00191342  0.019  
               0.0046194  0.00191342  0.02  
               0.0046194  0.00191342  0.021  
               0.0046194  0.00191342  0.022  
               0.0046194  0.00191342  0.023  
               0.0046194  0.00191342  0.024  
               0.0046194  0.00191342  0.025  
               0.0046194  0.00191342  0.026  
               0.0046194  0.00191342  0.027  
               0.0046194  0.00191342  0.028  
               0.0046194  0.00191342  0.029  
               0.0046194  0.00191342  0.03  
               0.0046194  0.00191342  0.031  
               0.0046194  0.00191342  0.032  
               0.0046194  0.00191342  0.033  
               0.0046194  0.00191342  0.034  
               0.0046194  0.00191342  0.035  
               0.0046194  0.00191342  0.036  
               0.0046194  0.00191342  0.037  
               0.0046194  0.00191342  0.038  
               0.0046194  0.00191342  0.039  
               0.0046194  0.00191342  0.04  
               0.0046194  0.00191342  0.041  
               0.0046194  0.00191342  0.042  
               0.0046194  0.00191342  0.043  
               0.0046194  0.00191342  0.044  
               0.0046194  0.00191342  0.045  
               0.0046194  0.00191342  0.046  
               0.0046194  0.00191342  0.047  
               0.0046194  0.00191342  0.048  
               0.0046194  0.00191342  0.049  
               0.00433013  0.0025  0.001  
               0.00433013  0.0025  0.002  
               0.00433013  0.0025  0.003  
               0.00433013  0.0025  0.004  
               0.00433013  0.0025  0.005  
               0.00433013  0.0025  0.006  
               0.00433013  0.0025  0.007  
               0.00433013  0.0025  0.008  
               0.00433013  0.0025  0.009  
               0.00433013  0.0025  0.01  
               0.00433013  0.0025  0.011  
               0.00433013  0.0025  0.012  
               0.00433013  0.0025  0.013  
               0.00433013  0.0025  0.014  
               0.00433013  0.0025  0.015  
               0.00433013  0.0025  0.016  
               0.00433013  0.0025  0.017  
               0.00433013  0.0025  0.018  
               0.00433013  0.0025  0.019  
               0.00433013  0.0025  0.02  
               0.00433013  0.0025  0.021  
               0.00433013  0.0025  0.022  
               0.00433013  0.0025  0.023  
               0.00433013  0.0025  0.024  
               0.00433013  0.0025  0.025  
               0.00433013  0.0025  0.026  
               0.00433013  0.0025  0.027  
               0.00433013  0.0025  0.028  
               0.00433013  0.0025  0.029  
               0.00433013  0.0025  0.03  
               0.00433013  0.0025  0.031  
               0.00433013  0.0025  0.032  
               0.00433013  0.0025  0.033  
               0.00433013  0.0025  0.034  
               0.00433013  0.0025  0.035  
               0.00433013  0.0025  0.036  
               0.00433013  0.0025  0.037  
               0.00433013  0.0025  0.038  
               0.00433013  0.0025  0.039  
               0.00433013  0.0025  0.04  
               0.00433013  0.0025  0.041  
               0.00433013  0.0025  0.042  
               0.00433013  0.0025  0.043  
               0.00433013  0.0025  0.044  
               0.00433013  0.0025  0.045  
               0.00433013  0.0025  0.046  
               0.00433013  0.0025  0.047  
               0.00433013  0.0025  0.048  
               0.00433013  0.0025  0.049  
               0.00396677  0.00304381  0.001  
               0.00396677  0.00304381  0.002  
               0.00396677  0.00304381  0.003  
               0.00396677  0.00304381  0.004  
               0.00396677  0.00304381  0.005  
               0.00396677  0.00304381  0.006  
               0.00396677  0.00304381  0.007  
               0.00396677  0.00304381  0.008  
               0.00396677  0.00304381  0.009  
               0.00396677  0.00304381  0.01  
               0.00396677  0.00304381  0.011  
               0.00396677  0.00304381  0.012  
               0.00396677  0.00304381  0.013  
               0.00396677  0.00304381  0.014  
               0.00396677  0.00304381  0.015  
               0.00396677  0.00304381  0.016  
               0.00396677  0.00304381  0.017  
               0.00396677  0.00304381  0.018  
               0.00396677  0.00304381  0.019  
               0.00396677  0.00304381  0.02  
               0.00396677  0.00304381  0.021  
               0.00396677  0.00304381  0.022  
               0.00396677  0.00304381  0.023  
               0.00396677  0.00304381  0.024  
               0.00396677  0.00304381  0.025  
               0.00396677  0.00304381  0.026  
               0.00396677  0.00304381  0.027  
               0.00396677  0.00304381  0.028  
               0.00396677  0.00304381  0.029  
               0.00396677  0.00304381  0.03  
               0.00396677  0.00304381  0.031  
               0.00396677  0.00304381  0.032  
               0.00396677  0.00304381  0.033  
               0.00396677  0.00304381  0.034  
               0.00396677  0.00304381  0.035  
               0.00396677  0.00304381  0.036  
               0.00396677  0.00304381  0.037  
               0.00396677  0.00304381  0.038  
               0.00396677  0.00304381  0.039  
               0.00396677  0.00304381  0.04  
               0.00396677  0.00304381  0.041  
               0.00396677  0.00304381  0.042  
               0.00396677  0.00304381  0.043  
               0.00396677  0.00304381  0.044  
               0.00396677  0.00304381  0.045  
               0.00396677  0.00304381  0.046  
               0.00396677  0.00304381  0.047  
               0.00396677  0.00304381  0.048  
               0.00396677  0.00304381  0.049  
               0.00353553  0.00353553  0.001  
               0.00353553  0.00353553  0.002  
               0.00353553  0.00353553  0.003  
               0.00353553  0.00353553  0.004  
               0.00353553  0.00353553  0.005  
               0.00353553  0.00353553  0.006  
               0.00353553  0.00353553  0.007  
               0.00353553  0.00353553  0.008  
               0.00353553  0.00353553  0.009  
               0.00353553  0.00353553  0.01  
               0.00353553  0.00353553  0.011  
               0.00353553  0.00353553  0.012  
               0.00353553  0.00353553  0.013  
               0.00353553  0.00353553  0.014  
               0.00353553  0.00353553  0.015  
               0.00353553  0.00353553  0.016  
               0.00353553  0.00353553  0.017  
               0.00353553  0.00353553  0.018  
               0.00353553  0.00353553  0.019  
               0.00353553  0.00353553  0.02  
               0.00353553  0.00353553  0.021  
               0.00353553  0.00353553  0.022  
               0.00353553  0.00353553  0.023  
               0.00353553  0.00353553  0.024  
               0.00353553  0.00353553  0.025  
               0.00353553  0.00353553  0.026  
               0.00353553  0.00353553  0.027  
               0.00353553  0.00353553  0.028  
               0.00353553  0.00353553  0.029  
               0.00353553  0.00353553  0.03  
               0.00353553  0.00353553  0.031  
               0.00353553  0.00353553  0.032  
               0.00353553  0.00353553  0.033  
               0.00353553  0.00353553  0.034  
               0.00353553  0.00353553  0.035  
               0.00353553  0.00353553  0.036  
               0.00353553  0.00353553  0.037  
               0.00353553  0.00353553  0.038  
               0.00353553  0.00353553  0.039  
               0.00353553  0.00353553  0.04  
               0.00353553  0.00353553  0.041  
               0.00353553  0.00353553  0.042  
               0.00353553  0.00353553  0.043  
               0.00353553  0.00353553  0.044  
               0.00353553  0.00353553  0.045  
               0.00353553  0.00353553  0.046  
               0.00353553  0.00353553  0.047  
               0.00353553  0.00353553  0.048  
               0.00353553  0.00353553  0.049  
               0.00304381  0.00396677  0.001  
               0.00304381  0.00396677  0.002  
               0.00304381  0.00396677  0.003  
               0.00304381  0.00396677  0.004  
               0.00304381  0.00396677  0.005  
               0.00304381  0.00396677  0.006  
               0.00304381  0.00396677  0.007  
               0.00304381  0.00396677  0.008  
               0.00304381  0.00396677  0.009  
               0.00304381  0.00396677  0.01  
               0.00304381  0.00396677  0.011  
               0.00304381  0.00396677  0.012  
               0.00304381  0.00396677  0.013  
               0.00304381  0.00396677  0.014  
               0.00304381  0.00396677  0.015  
               0.00304381  0.00396677  0.016  
               0.00304381  0.00396677  0.017  
               0.00304381  0.00396677  0.018  
               0.00304381  0.00396677  0.019  
               0.00304381  0.00396677  0.02  
               0.00304381  0.00396677  0.021  
               0.00304381  0.00396677  0.022  
               0.00304381  0.00396677  0.023  
               0.00304381  0.00396677  0.024  
               0.00304381  0.00396677  0.025  
               0.00304381  0.00396677  0.026  
               0.00304381  0.00396677  0.027  
               0.00304381  0.00396677  0.028  
               0.00304381  0.00396677  0.029  
               0.00304381  0.00396677  0.03  
               0.00304381  0.00396677  0.031  
               0.00304381  0.00396677  0.032  
               0.00304381  0.00396677  0.033  
               0.00304381  0.00396677  0.034  
               0.00304381  0.00396677  0.035  
               0.00304381  0.00396677  0.036  
               0.00304381  0.00396677  0.037  
               0.00304381  0.00396677  0.038  
               0.00304381  0.00396677  0.039  
               0.00304381  0.00396677  0.04  
               0.00304381  0.00396677  0.041  
               0.00304381  0.00396677  0.042  
               0.00304381  0.00396677  0.043  
               0.00304381  0.00396677  0.044  
               0.00304381  0.00396677  0.045  
               0.00304381  0.00396677  0.046  
               0.00304381  0.00396677  0.047  
               0.00304381  0.00396677  0.048  
               0.00304381  0.00396677  0.049  
               0.0025  0.00433013  0.001  
               0.0025  0.00433013  0.002  
               0.0025  0.00433013  0.003  
               0.0025  0.00433013  0.004  
               0.0025  0.00433013  0.005  
               0.0025  0.00433013  0.006  
               0.0025  0.00433013  0.007  
               0.0025  0.00433013  0.008  
               0.0025  0.00433013  0.009  
               0.0025  0.00433013  0.01  
               0.0025  0.00433013  0.011  
               0.0025  0.00433013  0.012  
               0.0025  0.00433013  0.013  
               0.0025  0.00433013  0.014  
               0.0025  0.00433013  0.015  
               0.0025  0.00433013  0.016  
               0.0025  0.00433013  0.017  
               0.0025  0.00433013  0.018  
               0.0025  0.00433013  0.019  
               0.0025  0.00433013  0.02  
               0.0025  0.00433013  0.021  
               0.0025  0.00433013  0.022  
               0.0025  0.00433013  0.023  
               0.0025  0.00433013  0.024  
               0.0025  0.00433013  0.025  
               0.0025  0.00433013  0.026  
               0.0025  0.00433013  0.027  
               0.0025  0.00433013  0.028  
               0.0025  0.00433013  0.029  
               0.0025  0.00433013  0.03  
               0.0025  0.00433013  0.031  
               0.0025  0.00433013  0.032  
               0.0025  0.00433013  0.033  
               0.0025  0.00433013  0.034  
               0.0025  0.00433013  0.035  
               0.0025  0.00433013  0.036  
               0.0025  0.00433013  0.037  
               0.0025  0.00433013  0.038  
               0.0025  0.00433013  0.039  
               0.0025  0.00433013  0.04  
               0.0025  0.00433013  0.041  
               0.0025  0.00433013  0.042  
               0.0025  0.00433013  0.043  
               0.0025  0.00433013  0.044  
               0.0025  0.00433013  0.045  
               0.0025  0.00433013  0.046  
               0.0025  0.00433013  0.047  
               0.0025  0.00433013  0.048  
               0.0025  0.00433013  0.049  
               0.00191342  0.0046194  0.001  
               0.00191342  0.0046194  0.002  
               0.00191342  0.0046194  0.003  
               0.00191342  0.0046194  0.004  
               0.00191342  0.0046194  0.005  
               0.00191342  0.0046194  0.006  
               0.00191342  0.0046194  0.007  
               0.00191342  0.0046194  0.008  
               0.00191342  0.0046194  0.009  
               0.00191342  0.0046194  0.01  
               0.00191342  0.0046194  0.011  
               0.00191342  0.0046194  0.012  
               0.00191342  0.0046194  0.013  
               0.00191342  0.0046194  0.014  
               0.00191342  0.0046194  0.015  
               0.00191342  0.0046194  0.016  
               0.00191342  0.0046194  0.017  
               0.00191342  0.0046194  0.018  
               0.00191342  0.0046194  0.019  
               0.00191342  0.0046194  0.02  
               0.00191342  0.0046194  0.021  
               0.00191342  0.0046194  0.022  
               0.00191342  0.0046194  0.023  
               0.00191342  0.0046194  0.024  
               0.00191342  0.0046194  0.025  
               0.00191342  0.0046194  0.026  
               0.00191342  0.0046194  0.027  
               0.00191342  0.0046194  0.028  
               0.00191342  0.0046194  0.029  
               0.00191342  0.0046194  0.03  
               0.00191342  0.0046194  0.031  
               0.00191342  0.0046194  0.032  
               0.00191342  0.0046194  0.033  
               0.00191342  0.0046194  0.034  
               0.00191342  0.0046194  0.035  
               0.00191342  0.0046194  0.036  
               0.00191342  0.0046194  0.037  
               0.00191342  0.0046194  0.038  
               0.00191342  0.0046194  0.039  
               0.00191342  0.0046194  0.04  
               0.00191342  0.0046194  0.041  
               0.00191342  0.0046194  0.042  
               0.00191342  0.0046194  0.043  
               0.00191342  0.0046194  0.044  
               0.00191342  0.0046194  0.045  
               0.00191342  0.0046194  0.046  
               0.00191342  0.0046194  0.047  
               0.00191342  0.0046194  0.048  
               0.00191342  0.0046194  0.049  
               0.0012941  0.00482963  0.001  
               0.0012941  0.00482963  0.002  
               0.0012941  0.00482963  0.003  
               0.0012941  0.00482963  0.004  
               0.0012941  0.00482963  0.005  
               0.0012941  0.00482963  0.006  
               0.0012941  0.00482963  0.007  
               0.0012941  0.00482963  0.008  
               0.0012941  0.00482963  0.009  
               0.0012941  0.00482963  0.01  
               0.0012941  0.00482963  0.011  
               0.0012941  0.00482963  0.012  
               0.0012941  0.00482963  0.013  
               0.0012941  0.00482963  0.014  
               0.0012941  0.00482963  0.015  
               0.0012941  0.00482963  0.016  
               0.0012941  0.00482963  0.017  
               0.0012941  0.00482963  0.018  
               0.0012941  0.00482963  0.019  
               0.0012941  0.00482963  0.02  
               0.0012941  0.00482963  0.021  
               0.0012941  0.00482963  0.022  
               0.0012941  0.00482963  0.023  
               0.0012941  0.00482963  0.024  
               0.0012941  0.00482963  0.025  
               0.0012941  0.00482963  0.026  
               0.0012941  0.00482963  0.027  
               0.0012941  0.00482963  0.028  
               0.0012941  0.00482963  0.029  
               0.0012941  0.00482963  0.03  
               0.0012941  0.00482963  0.031  
               0.0012941  0.00482963  0.032  
               0.0012941  0.00482963  0.033  
               0.0012941  0.00482963  0.034  
               0.0012941  0.00482963  0.035  
               0.0012941  0.00482963  0.036  
               0.0012941  0.00482963  0.037  
               0.0012941  0.00482963  0.038  
               0.0012941  0.00482963  0.039  
               0.0012941  0.00482963  0.04  
               0.0012941  0.00482963  0.041  
               0.0012941  0.00482963  0.042  
               0.0012941  0.00482963  0.043  
               0.0012941  0.00482963  0.044  
               0.0012941  0.00482963  0.045  
               0.0012941  0.00482963  0.046  
               0.0012941  0.00482963  0.047  
               0.0012941  0.00482963  0.048  
               0.0012941  0.00482963  0.049  
               0.000652631  0.00495722  0.001  
               0.000652631  0.00495722  0.002  
               0.000652631  0.00495722  0.003  
               0.000652631  0.00495722  0.004  
               0.000652631  0.00495722  0.005  
               0.000652631  0.00495722  0.006  
               0.000652631  0.00495722  0.007  
               0.000652631  0.00495722  0.008  
               0.000652631  0.00495722  0.009  
               0.000652631  0.00495722  0.01  
               0.000652631  0.00495722  0.011  
               0.000652631  0.00495722  0.012  
               0.000652631  0.00495722  0.013  
               0.000652631  0.00495722  0.014  
               0.000652631  0.00495722  0.015  
               0.000652631  0.00495722  0.016  
               0.000652631  0.00495722  0.017  
               0.000652631  0.00495722  0.018  
               0.000652631  0.00495722  0.019  
               0.000652631  0.00495722  0.02  
               0.000652631  0.00495722  0.021  
               0.000652631  0.00495722  0.022  
               0.000652631  0.00495722  0.023  
               0.000652631  0.00495722  0.024  
               0.000652631  0.00495722  0.025  
               0.000652631  0.00495722  0.026  
               0.000652631  0.00495722  0.027  
               0.000652631  0.00495722  0.028  
               0.000652631  0.00495722  0.029  
               0.000652631  0.00495722  0.03  
               0.000652631  0.00495722  0.031  
               0.000652631  0.00495722  0.032  
               0.000652631  0.00495722  0.033  
               0.000652631  0.00495722  0.034  
               0.000652631  0.00495722  0.035  
               0.000652631  0.00495722  0.036  
               0.000652631  0.00495722  0.037  
               0.000652631  0.00495722  0.038  
               0.000652631  0.00495722  0.039  
               0.000652631  0.00495722  0.04  
               0.000652631  0.00495722  0.041  
               0.000652631  0.00495722  0.042  
               0.000652631  0.00495722  0.043  
               0.000652631  0.00495722  0.044  
               0.000652631  0.00495722  0.045  
               0.000652631  0.00495722  0.046  
               0.000652631  0.00495722  0.047  
               0.000652631  0.00495722  0.048  
               0.000652631  0.00495722  0.049  
               -0.000652631  0.00495722  0.001  
               -0.000652631  0.00495722  0.002  
               -0.000652631  0.00495722  0.003  
               -0.000652631  0.00495722  0.004  
               -0.000652631  0.00495722  0.005  
               -0.000652631  0.00495722  0.006  
               -0.000652631  0.00495722  0.007  
               -0.000652631  0.00495722  0.008  
               -0.000652631  0.00495722  0.009  
               -0.000652631  0.00495722  0.01  
               -0.000652631  0.00495722  0.011  
               -0.000652631  0.00495722  0.012  
               -0.000652631  0.00495722  0.013  
               -0.000652631  0.00495722  0.014  
               -0.000652631  0.00495722  0.015  
               -0.000652631  0.00495722  0.016  
               -0.000652631  0.00495722  0.017  
               -0.000652631  0.00495722  0.018  
               -0.000652631  0.00495722  0.019  
               -0.000652631  0.00495722  0.02  
               -0.000652631  0.00495722  0.021  
               -0.000652631  0.00495722  0.022  
               -0.000652631  0.00495722  0.023  
               -0.000652631  0.00495722  0.024  
               -0.000652631  0.00495722  0.025  
               -0.000652631  0.00495722  0.026  
               -0.000652631  0.00495722  0.027  
               -0.000652631  0.00495722  0.028  
               -0.000652631  0.00495722  0.029  
               -0.000652631  0.00495722  0.03  
               -0.000652631  0.00495722  0.031  
               -0.000652631  0.00495722  0.032  
               -0.000652631  0.00495722  0.033  
               -0.000652631  0.00495722  0.034  
               -0.000652631  0.00495722  0.035  
               -0.000652631  0.00495722  0.036  
               -0.000652631  0.00495722  0.037  
               -0.000652631  0.00495722  0.038  
               -0.000652631  0.00495722  0.039  
               -0.000652631  0.00495722  0.04  
               -0.000652631  0.00495722  0.041  
               -0.000652631  0.00495722  0.042  
               -0.000652631  0.00495722  0.043  
               -0.000652631  0.00495722  0.044  
               -0.000652631  0.00495722  0.045  
               -0.000652631  0.00495722  0.046  
               -0.000652631  0.00495722  0.047  
               -0.000652631  0.00495722  0.048  
               -0.000652631  0.00495722  0.049  
               -0.0012941  0.00482963  0.001  
               -0.0012941  0.00482963  0.002  
               -0.0012941  0.00482963  0.003  
               -0.0012941  0.00482963  0.004  
               -0.0012941  0.00482963  0.005  
               -0.0012941  0.00482963  0.006  
               -0.0012941  0.00482963  0.007  
               -0.0012941  0.00482963  0.008  
               -0.0012941  0.00482963  0.009  
               -0.0012941  0.00482963  0.01  
               -0.0012941  0.00482963  0.011  
               -0.0012941  0.00482963  0.012  
               -0.0012941  0.00482963  0.013  
               -0.0012941  0.00482963  0.014  
               -0.0012941  0.00482963  0.015  
               -0.0012941  0.00482963  0.016  
               -0.0012941  0.00482963  0.017  
               -0.0012941  0.00482963  0.018  
               -0.0012941  0.00482963  0.019  
               -0.0012941  0.00482963  0.02  
               -0.0012941  0.00482963  0.021  
               -0.0012941  0.00482963  0.022  
               -0.0012941  0.00482963  0.023  
               -0.0012941  0.00482963  0.024  
               -0.0012941  0.00482963  0.025  
               -0.0012941  0.00482963  0.026  
               -0.0012941  0.00482963  0.027  
               -0.0012941  0.00482963  0.028  
               -0.0012941  0.00482963  0.029  
               -0.0012941  0.00482963  0.03  
               -0.0012941  0.00482963  0.031  
               -0.0012941  0.00482963  0.032  
               -0.0012941  0.00482963  0.033  
               -0.0012941  0.00482963  0.034  
               -0.0012941  0.00482963  0.035  
               -0.0012941  0.00482963  0.036  
               -0.0012941  0.00482963  0.037  
               -0.0012941  0.00482963  0.038  
               -0.0012941  0.00482963  0.039  
               -0.0012941  0.00482963  0.04  
               -0.0012941  0.00482963  0.041  
               -0.0012941  0.00482963  0.042  
               -0.0012941  0.00482963  0.043  
               -0.0012941  0.00482963  0.044  
               -0.0012941  0.00482963  0.045  
               -0.0012941  0.00482963  0.046  
               -0.0012941  0.00482963  0.047  
               -0.0012941  0.00482963  0.048  
               -0.0012941  0.00482963  0.049  
               -0.00191342  0.0046194  0.001  
               -0.00191342  0.0046194  0.002  
               -0.00191342  0.0046194  0.003  
               -0.00191342  0.0046194  0.004  
               -0.00191342  0.0046194  0.005  
               -0.00191342  0.0046194  0.006  
               -0.00191342  0.0046194  0.007  
               -0.00191342  0.0046194  0.008  
               -0.00191342  0.0046194  0.009  
               -0.00191342  0.0046194  0.01  
               -0.00191342  0.0046194  0.011  
               -0.00191342  0.0046194  0.012  
               -0.00191342  0.0046194  0.013  
               -0.00191342  0.0046194  0.014  
               -0.00191342  0.0046194  0.015  
               -0.00191342  0.0046194  0.016  
               -0.00191342  0.0046194  0.017  
               -0.00191342  0.0046194  0.018  
               -0.00191342  0.0046194  0.019  
               -0.00191342  0.0046194  0.02  
               -0.00191342  0.0046194  0.021  
               -0.00191342  0.0046194  0.022  
               -0.00191342  0.0046194  0.023  
               -0.00191342  0.0046194  0.024  
               -0.00191342  0.0046194  0.025  
               -0.00191342  0.0046194  0.026  
               -0.00191342  0.0046194  0.027  
               -0.00191342  0.0046194  0.028  
               -0.00191342  0.0046194  0.029  
               -0.00191342  0.0046194  0.03  
               -0.00191342  0.0046194  0.031  
               -0.00191342  0.0046194  0.032  
               -0.00191342  0.0046194  0.033  
               -0.00191342  0.0046194  0.034  
               -0.00191342  0.0046194  0.035  
               -0.00191342  0.0046194  0.036  
               -0.00191342  0.0046194  0.037  
               -0.00191342  0.0046194  0.038  
               -0.00191342  0.0046194  0.039  
               -0.00191342  0.0046194  0.04  
               -0.00191342  0.0046194  0.041  
               -0.00191342  0.0046194  0.042  
               -0.00191342  0.0046194  0.043  
               -0.00191342  0.0046194  0.044  
               -0.00191342  0.0046194  0.045  
               -0.00191342  0.0046194  0.046  
               -0.00191342  0.0046194  0.047  
               -0.00191342  0.0046194  0.048  
               -0.00191342  0.0046194  0.049  
               -0.0025  0.00433013  0.001  
               -0.0025  0.00433013  0.002  
               -0.0025  0.00433013  0.003  
               -0.0025  0.00433013  0.004  
               -0.0025  0.00433013  0.005  
               -0.0025  0.00433013  0.006  
               -0.0025  0.00433013  0.007  
               -0.0025  0.00433013  0.008  
               -0.0025  0.00433013  0.009  
               -0.0025  0.00433013  0.01  
               -0.0025  0.00433013  0.011  
               -0.0025  0.00433013  0.012  
               -0.0025  0.00433013  0.013  
               -0.0025  0.00433013  0.014  
               -0.0025  0.00433013  0.015  
               -0.0025  0.00433013  0.016  
               -0.0025  0.00433013  0.017  
               -0.0025  0.00433013  0.018  
               -0.0025  0.00433013  0.019  
               -0.0025  0.00433013  0.02  
               -0.0025  0.00433013  0.021  
               -0.0025  0.00433013  0.022  
               -0.0025  0.00433013  0.023  
               -0.0025  0.00433013  0.024  
               -0.0025  0.00433013  0.025  
               -0.0025  0.00433013  0.026  
               -0.0025  0.00433013  0.027  
               -0.0025  0.00433013  0.028  
               -0.0025  0.00433013  0.029  
               -0.0025  0.00433013  0.03  
               -0.0025  0.00433013  0.031  
               -0.0025  0.00433013  0.032  
               -0.0025  0.00433013  0.033  
               -0.0025  0.00433013  0.034  
               -0.0025  0.00433013  0.035  
               -0.0025  0.00433013  0.036  
               -0.0025  0.00433013  0.037  
               -0.0025  0.00433013  0.038  
               -0.0025  0.00433013  0.039  
               -0.0025  0.00433013  0.04  
               -0.0025  0.00433013  0.041  
               -0.0025  0.00433013  0.042  
               -0.0025  0.00433013  0.043  
               -0.0025  0.00433013  0.044  
               -0.0025  0.00433013  0.045  
               -0.0025  0.00433013  0.046  
               -0.0025  0.00433013  0.047  
               -0.0025  0.00433013  0.048  
               -0.0025  0.00433013  0.049  
               -0.00304381  0.00396677  0.001  
               -0.00304381  0.00396677  0.002  
               -0.00304381  0.00396677  0.003  
               -0.00304381  0.00396677  0.004  
               -0.00304381  0.00396677  0.005  
               -0.00304381  0.00396677  0.006  
               -0.00304381  0.00396677  0.007  
               -0.00304381  0.00396677  0.008  
               -0.00304381  0.00396677  0.009  
               -0.00304381  0.00396677  0.01  
               -0.00304381  0.00396677  0.011  
               -0.00304381  0.00396677  0.012  
               -0.00304381  0.00396677  0.013  
               -0.00304381  0.00396677  0.014  
               -0.00304381  0.00396677  0.015  
               -0.00304381  0.00396677  0.016  
               -0.00304381  0.00396677  0.017  
               -0.00304381  0.00396677  0.018  
               -0.00304381  0.00396677  0.019  
               -0.00304381  0.00396677  0.02  
               -0.00304381  0.00396677  0.021  
               -0.00304381  0.00396677  0.022  
               -0.00304381  0.00396677  0.023  
               -0.00304381  0.00396677  0.024  
               -0.00304381  0.00396677  0.025  
               -0.00304381  0.00396677  0.026  
               -0.00304381  0.00396677  0.027  
               -0.00304381  0.00396677  0.028  
               -0.00304381  0.00396677  0.029  
               -0.00304381  0.00396677  0.03  
               -0.00304381  0.00396677  0.031  
               -0.00304381  0.00396677  0.032  
               -0.00304381  0.00396677  0.033  
               -0.00304381  0.00396677  0.034  
               -0.00304381  0.00396677  0.035  
               -0.00304381  0.00396677  0.036  
               -0.00304381  0.00396677  0.037  
               -0.00304381  0.00396677  0.038  
               -0.00304381  0.00396677  0.039  
               -0.00304381  0.00396677  0.04  
               -0.00304381  0.00396677  0.041  
               -0.00304381  0.00396677  0.042  
               -0.00304381  0.00396677  0.043  
               -0.00304381  0.00396677  0.044  
               -0.00304381  0.00396677  0.045  
               -0.00304381  0.00396677  0.046  
               -0.00304381  0.00396677  0.047  
               -0.00304381  0.00396677  0.048  
               -0.00304381  0.00396677  0.049  
               -0.00353553  0.00353553  0.001  
               -0.00353553  0.00353553  0.002  
               -0.00353553  0.00353553  0.003  
               -0.00353553  0.00353553  0.004  
               -0.00353553  0.00353553  0.005  
               -0.00353553  0.00353553  0.006  
               -0.00353553  0.00353553  0.007  
               -0.00353553  0.00353553  0.008  
               -0.00353553  0.00353553  0.009  
               -0.00353553  0.00353553  0.01  
               -0.00353553  0.00353553  0.011  
               -0.00353553  0.00353553  0.012  
               -0.00353553  0.00353553  0.013  
               -0.00353553  0.00353553  0.014  
               -0.00353553  0.00353553  0.015  
               -0.00353553  0.00353553  0.016  
               -0.00353553  0.00353553  0.017  
               -0.00353553  0.00353553  0.018  
               -0.00353553  0.00353553  0.019  
               -0.00353553  0.00353553  0.02  
               -0.00353553  0.00353553  0.021  
               -0.00353553  0.00353553  0.022  
               -0.00353553  0.00353553  0.023  
               -0.00353553  0.00353553  0.024  
               -0.00353553  0.00353553  0.025  
               -0.00353553  0.00353553  0.026  
               -0.00353553  0.00353553  0.027  
               -0.00353553  0.00353553  0.028  
               -0.00353553  0.00353553  0.029  
               -0.00353553  0.00353553  0.03  
               -0.00353553  0.00353553  0.031  
               -0.00353553  0.00353553  0.032  
               -0.00353553  0.00353553  0.033  
               -0.00353553  0.00353553  0.034  
               -0.00353553  0.00353553  0.035  
               -0.00353553  0.00353553  0.036  
               -0.00353553  0.00353553  0.037  
               -0.00353553  0.00353553  0.038  
               -0.00353553  0.00353553  0.039  
               -0.00353553  0.00353553  0.04  
               -0.00353553  0.00353553  0.041  
               -0.00353553  0.00353553  0.042  
               -0.00353553  0.00353553  0.043  
               -0.00353553  0.00353553  0.044  
               -0.00353553  0.00353553  0.045  
               -0.00353553  0.00353553  0.046  
               -0.00353553  0.00353553  0.047  
               -0.00353553  0.00353553  0.048  
               -0.00353553  0.00353553  0.049  
               -0.00396677  0.00304381  0.001  
               -0.00396677  0.00304381  0.002  
               -0.00396677  0.00304381  0.003  
               -0.00396677  0.00304381  0.004  
               -0.00396677  0.00304381  0.005  
               -0.00396677  0.00304381  0.006  
               -0.00396677  0.00304381  0.007  
               -0.00396677  0.00304381  0.008  
               -0.00396677  0.00304381  0.009  
               -0.00396677  0.00304381  0.01  
               -0.00396677  0.00304381  0.011  
               -0.00396677  0.00304381  0.012  
               -0.00396677  0.00304381  0.013  
               -0.00396677  0.00304381  0.014  
               -0.00396677  0.00304381  0.015  
               -0.00396677  0.00304381  0.016  
               -0.00396677  0.00304381  0.017  
               -0.00396677  0.00304381  0.018  
               -0.00396677  0.00304381  0.019  
               -0.00396677  0.00304381  0.02  
               -0.00396677  0.00304381  0.021  
               -0.00396677  0.00304381  0.022  
               -0.00396677  0.00304381  0.023  
               -0.00396677  0.00304381  0.024  
               -0.00396677  0.00304381  0.025  
               -0.00396677  0.00304381  0.026  
               -0.00396677  0.00304381  0.027  
               -0.00396677  0.00304381  0.028  
               -0.00396677  0.00304381  0.029  
               -0.00396677  0.00304381  0.03  
               -0.00396677  0.00304381  0.031  
               -0.00396677  0.00304381  0.032  
               -0.00396677  0.00304381  0.033  
               -0.00396677  0.00304381  0.034  
               -0.00396677  0.00304381  0.035  
               -0.00396677  0.00304381  0.036  
               -0.00396677  0.00304381  0.037  
               -0.00396677  0.00304381  0.038  
               -0.00396677  0.00304381  0.039  
               -0.00396677  0.00304381  0.04  
               -0.00396677  0.00304381  0.041  
               -0.00396677  0.00304381  0.042  
               -0.00396677  0.00304381  0.043  
               -0.00396677  0.00304381  0.044  
               -0.00396677  0.00304381  0.045  
               -0.00396677  0.00304381  0.046  
               -0.00396677  0.00304381  0.047  
               -0.00396677  0.00304381  0.048  
               -0.00396677  0.00304381  0.049  
               -0.00433013  0.0025  0.001  
               -0.00433013  0.0025  0.002  
               -0.00433013  0.0025  0.003  
               -0.00433013  0.0025  0.004  
               -0.00433013  0.0025  0.005  
               -0.00433013  0.0025  0.006  
               -0.00433013  0.0025  0.007  
               -0.00433013  0.0025  0.008  
               -0.00433013  0.0025  0.009  
               -0.00433013  0.0025  0.01  
               -0.00433013  0.0025  0.011  
               -0.00433013  0.0025  0.012  
               -0.00433013  0.0025  0.013  
               -0.00433013  0.0025  0.014  
               -0.00433013  0.0025  0.015  
               -0.00433013  0.0025  0.016  
               -0.00433013  0.0025  0.017  
               -0.00433013  0.0025  0.018  
               -0.00433013  0.0025  0.019  
               -0.00433013  0.0025  0.02  
               -0.00433013  0.0025  0.021  
               -0.00433013  0.0025  0.022  
               -0.00433013  0.0025  0.023  
               -0.00433013  0.0025  0.024  
               -0.00433013  0.0025  0.025  
               -0.00433013  0.0025  0.026  
               -0.00433013  0.0025  0.027  
               -0.00433013  0.0025  0.028  
               -0.00433013  0.0025  0.029  
               -0.00433013  0.0025  0.03  
               -0.00433013  0.0025  0.031  
               -0.00433013  0.0025  0.032  
               -0.00433013  0.0025  0.033  
               -0.00433013  0.0025  0.034  
               -0.00433013  0.0025  0.035  
               -0.00433013  0.0025  0.036  
               -0.00433013  0.0025  0.037  
               -0.00433013  0.0025  0.038  
               -0.00433013  0.0025  0.039  
               -0.00433013  0.0025  0.04  
               -0.00433013  0.0025  0.041  
               -0.00433013  0.0025  0.042  
               -0.00433013  0.0025  0.043  
               -0.00433013  0.0025  0.044  
               -0.00433013  0.0025  0.045  
               -0.00433013  0.0025  0.046  
               -0.00433013  0.0025  0.047  
               -0.00433013  0.0025  0.048  
               -0.00433013  0.0025  0.049  
               -0.0046194  0.00191342  0.001  
               -0.0046194  0.00191342  0.002  
               -0.0046194  0.00191342  0.003  
               -0.0046194  0.00191342  0.004  
               -0.0046194  0.00191342  0.005  
               -0.0046194  0.00191342  0.006  
               -0.0046194  0.00191342  0.007  
               -0.0046194  0.00191342  0.008  
               -0.0046194  0.00191342  0.009  
               -0.0046194  0.00191342  0.01  
               -0.0046194  0.00191342  0.011  
               -0.0046194  0.00191342  0.012  
               -0.0046194  0.00191342  0.013  
               -0.0046194  0.00191342  0.014  
               -0.0046194  0.00191342  0.015  
               -0.0046194  0.00191342  0.016  
               -0.0046194  0.00191342  0.017  
               -0.0046194  0.00191342  0.018  
               -0.0046194  0.00191342  0.019  
               -0.0046194  0.00191342  0.02  
               -0.0046194  0.00191342  0.021  
               -0.0046194  0.00191342  0.022  
               -0.0046194  0.00191342  0.023  
               -0.0046194  0.00191342  0.024  
               -0.0046194  0.00191342  0.025  
               -0.0046194  0.00191342  0.026  
               -0.0046194  0.00191342  0.027  
               -0.0046194  0.00191342  0.028  
               -0.0046194  0.00191342  0.029  
               -0.0046194  0.00191342  0.03  
               -0.0046194  0.00191342  0.031  
               -0.0046194  0.00191342  0.032  
               -0.0046194  0.00191342  0.033  
               -0.0046194  0.00191342  0.034  
               -0.0046194  0.00191342  0.035  
               -0.0046194  0.00191342  0.036  
               -0.0046194  0.00191342  0.037  
               -0.0046194  0.00191342  0.038  
               -0.0046194  0.00191342  0.039  
               -0.0046194  0.00191342  0.04  
               -0.0046194  0.00191342  0.041  
               -0.0046194  0.00191342  0.042  
               -0.0046194  0.00191342  0.043  
               -0.0046194  0.00191342  0.044  
               -0.0046194  0.00191342  0.045  
               -0.0046194  0.00191342  0.046  
               -0.0046194  0.00191342  0.047  
               -0.0046194  0.00191342  0.048  
               -0.0046194  0.00191342  0.049  
               -0.00482963  0.0012941  0.001  
               -0.00482963  0.0012941  0.002  
               -0.00482963  0.0012941  0.003  
               -0.00482963  0.0012941  0.004  
               -0.00482963  0.0012941  0.005  
               -0.00482963  0.0012941  0.006  
               -0.00482963  0.0012941  0.007  
               -0.00482963  0.0012941  0.008  
               -0.00482963  0.0012941  0.009  
               -0.00482963  0.0012941  0.01  
               -0.00482963  0.0012941  0.011  
               -0.00482963  0.0012941  0.012  
               -0.00482963  0.0012941  0.013  
               -0.00482963  0.0012941  0.014  
               -0.00482963  0.0012941  0.015  
               -0.00482963  0.0012941  0.016  
               -0.00482963  0.0012941  0.017  
               -0.00482963  0.0012941  0.018  
               -0.00482963  0.0012941  0.019  
               -0.00482963  0.0012941  0.02  
               -0.00482963  0.0012941  0.021  
               -0.00482963  0.0012941  0.022  
               -0.00482963  0.0012941  0.023  
               -0.00482963  0.0012941  0.024  
               -0.00482963  0.0012941  0.025  
               -0.00482963  0.0012941  0.026  
               -0.00482963  0.0012941  0.027  
               -0.00482963  0.0012941  0.028  
               -0.00482963  0.0012941  0.029  
               -0.00482963  0.0012941  0.03  
               -0.00482963  0.0012941  0.031  
               -0.00482963  0.0012941  0.032  
               -0.00482963  0.0012941  0.033  
               -0.00482963  0.0012941  0.034  
               -0.00482963  0.0012941  0.035  
               -0.00482963  0.0012941  0.036  
               -0.00482963  0.0012941  0.037  
               -0.00482963  0.0012941  0.038  
               -0.00482963  0.0012941  0.039  
               -0.00482963  0.0012941  0.04  
               -0.00482963  0.0012941  0.041  
               -0.00482963  0.0012941  0.042  
               -0.00482963  0.0012941  0.043  
               -0.00482963  0.0012941  0.044  
               -0.00482963  0.0012941  0.045  
               -0.00482963  0.0012941  0.046  
               -0.00482963  0.0012941  0.047  
               -0.00482963  0.0012941  0.048  
               -0.00482963  0.0012941  0.049  
               -0.00495722  0.000652631  0.001  
               -0.00495722  0.000652631  0.002  
               -0.00495722  0.000652631  0.003  
               -0.00495722  0.000652631  0.004  
               -0.00495722  0.000652631  0.005  
               -0.00495722  0.000652631  0.006  
               -0.00495722  0.000652631  0.007  
               -0.00495722  0.000652631  0.008  
               -0.00495722  0.000652631  0.009  
               -0.00495722  0.000652631  0.01  
               -0.00495722  0.000652631  0.011  
               -0.00495722  0.000652631  0.012  
               -0.00495722  0.000652631  0.013  
               -0.00495722  0.000652631  0.014  
               -0.00495722  0.000652631  0.015  
               -0.00495722  0.000652631  0.016  
               -0.00495722  0.000652631  0.017  
               -0.00495722  0.000652631  0.018  
               -0.00495722  0.000652631  0.019  
               -0.00495722  0.000652631  0.02  
               -0.00495722  0.000652631  0.021  
               -0.00495722  0.000652631  0.022  
               -0.00495722  0.000652631  0.023  
               -0.00495722  0.000652631  0.024  
               -0.00495722  0.000652631  0.025  
               -0.00495722  0.000652631  0.026  
               -0.00495722  0.000652631  0.027  
               -0.00495722  0.000652631  0.028  
               -0.00495722  0.000652631  0.029  
               -0.00495722  0.000652631  0.03  
               -0.00495722  0.000652631  0.031  
               -0.00495722  0.000652631  0.032  
               -0.00495722  0.000652631  0.033  
               -0.00495722  0.000652631  0.034  
               -0.00495722  0.000652631  0.035  
               -0.00495722  0.000652631  0.036  
               -0.00495722  0.000652631  0.037  
               -0.00495722  0.000652631  0.038  
               -0.00495722  0.000652631  0.039  
               -0.00495722  0.000652631  0.04  
               -0.00495722  0.000652631  0.041  
               -0.00495722  0.000652631  0.042  
               -0.00495722  0.000652631  0.043  
               -0.00495722  0.000652631  0.044  
               -0.00495722  0.000652631  0.045  
               -0.00495722  0.000652631  0.046  
               -0.00495722  0.000652631  0.047  
               -0.00495722  0.000652631  0.048  
               -0.00495722  0.000652631  0.049  
               -0.00495722  -0.000652631  0.001  
               -0.00495722  -0.000652631  0.002  
               -0.00495722  -0.000652631  0.003  
               -0.00495722  -0.000652631  0.004  
               -0.00495722  -0.000652631  0.005  
               -0.00495722  -0.000652631  0.006  
               -0.00495722  -0.000652631  0.007  
               -0.00495722  -0.000652631  0.008  
               -0.00495722  -0.000652631  0.009  
               -0.00495722  -0.000652631  0.01  
               -0.00495722  -0.000652631  0.011  
               -0.00495722  -0.000652631  0.012  
               -0.00495722  -0.000652631  0.013  
               -0.00495722  -0.000652631  0.014  
               -0.00495722  -0.000652631  0.015  
               -0.00495722  -0.000652631  0.016  
               -0.00495722  -0.000652631  0.017  
               -0.00495722  -0.000652631  0.018  
               -0.00495722  -0.000652631  0.019  
               -0.00495722  -0.000652631  0.02  
               -0.00495722  -0.000652631  0.021  
               -0.00495722  -0.000652631  0.022  
               -0.00495722  -0.000652631  0.023  
               -0.00495722  -0.000652631  0.024  
               -0.00495722  -0.000652631  0.025  
               -0.00495722  -0.000652631  0.026  
               -0.00495722  -0.000652631  0.027  
               -0.00495722  -0.000652631  0.028  
               -0.00495722  -0.000652631  0.029  
               -0.00495722  -0.000652631  0.03  
               -0.00495722  -0.000652631  0.031  
               -0.00495722  -0.000652631  0.032  
               -0.00495722  -0.000652631  0.033  
               -0.00495722  -0.000652631  0.034  
               -0.00495722  -0.000652631  0.035  
               -0.00495722  -0.000652631  0.036  
               -0.00495722  -0.000652631  0.037  
               -0.00495722  -0.000652631  0.038  
               -0.00495722  -0.000652631  0.039  
               -0.00495722  -0.000652631  0.04  
               -0.00495722  -0.000652631  0.041  
               -0.00495722  -0.000652631  0.042  
               -0.00495722  -0.000652631  0.043  
               -0.00495722  -0.000652631  0.044  
               -0.00495722  -0.000652631  0.045  
               -0.00495722  -0.000652631  0.046  
               -0.00495722  -0.000652631  0.047  
               -0.00495722  -0.000652631  0.048  
               -0.00495722  -0.000652631  0.049  
               -0.00482963  -0.0012941  0.001  
               -0.00482963  -0.0012941  0.002  
               -0.00482963  -0.0012941  0.003  
               -0.00482963  -0.0012941  0.004  
               -0.00482963  -0.0012941  0.005  
               -0.00482963  -0.0012941  0.006  
               -0.00482963  -0.0012941  0.007  
               -0.00482963  -0.0012941  0.008  
               -0.00482963  -0.0012941  0.009  
               -0.00482963  -0.0012941  0.01  
               -0.00482963  -0.0012941  0.011  
               -0.00482963  -0.0012941  0.012  
               -0.00482963  -0.0012941  0.013  
               -0.00482963  -0.0012941  0.014  
               -0.00482963  -0.0012941  0.015  
               -0.00482963  -0.0012941  0.016  
               -0.00482963  -0.0012941  0.017  
               -0.00482963  -0.0012941  0.018  
               -0.00482963  -0.0012941  0.019  
               -0.00482963  -0.0012941  0.02  
               -0.00482963  -0.0012941  0.021  
               -0.00482963  -0.0012941  0.022  
               -0.00482963  -0.0012941  0.023  
               -0.00482963  -0.0012941  0.024  
               -0.00482963  -0.0012941  0.025  
               -0.00482963  -0.0012941  0.026  
               -0.00482963  -0.0012941  0.027  
               -0.00482963  -0.0012941  0.028  
               -0.00482963  -0.0012941  0.029  
               -0.00482963  -0.0012941  0.03  
               -0.00482963  -0.0012941  0.031  
               -0.00482963  -0.0012941  0.032  
               -0.00482963  -0.0012941  0.033  
               -0.00482963  -0.0012941  0.034  
               -0.00482963  -0.0012941  0.035  
               -0.00482963  -0.0012941  0.036  
               -0.00482963  -0.0012941  0.037  
               -0.00482963  -0.0012941  0.038  
               -0.00482963  -0.0012941  0.039  
               -0.00482963  -0.0012941  0.04  
               -0.00482963  -0.0012941  0.041  
               -0.00482963  -0.0012941  0.042  
               -0.00482963  -0.0012941  0.043  
               -0.00482963  -0.0012941  0.044  
               -0.00482963  -0.0012941  0.045  
               -0.00482963  -0.0012941  0.046  
               -0.00482963  -0.0012941  0.047  
               -0.00482963  -0.0012941  0.048  
               -0.00482963  -0.0012941  0.049  
               -0.0046194  -0.00191342  0.001  
               -0.0046194  -0.00191342  0.002  
               -0.0046194  -0.00191342  0.003  
               -0.0046194  -0.00191342  0.004  
               -0.0046194  -0.00191342  0.005  
               -0.0046194  -0.00191342  0.006  
               -0.0046194  -0.00191342  0.007  
               -0.0046194  -0.00191342  0.008  
               -0.0046194  -0.00191342  0.009  
               -0.0046194  -0.00191342  0.01  
               -0.0046194  -0.00191342  0.011  
               -0.0046194  -0.00191342  0.012  
               -0.0046194  -0.00191342  0.013  
               -0.0046194  -0.00191342  0.014  
               -0.0046194  -0.00191342  0.015  
               -0.0046194  -0.00191342  0.016  
               -0.0046194  -0.00191342  0.017  
               -0.0046194  -0.00191342  0.018  
               -0.0046194  -0.00191342  0.019  
               -0.0046194  -0.00191342  0.02  
               -0.0046194  -0.00191342  0.021  
               -0.0046194  -0.00191342  0.022  
               -0.0046194  -0.00191342  0.023  
               -0.0046194  -0.00191342  0.024  
               -0.0046194  -0.00191342  0.025  
               -0.0046194  -0.00191342  0.026  
               -0.0046194  -0.00191342  0.027  
               -0.0046194  -0.00191342  0.028  
               -0.0046194  -0.00191342  0.029  
               -0.0046194  -0.00191342  0.03  
               -0.0046194  -0.00191342  0.031  
               -0.0046194  -0.00191342  0.032  
               -0.0046194  -0.00191342  0.033  
               -0.0046194  -0.00191342  0.034  
               -0.0046194  -0.00191342  0.035  
               -0.0046194  -0.00191342  0.036  
               -0.0046194  -0.00191342  0.037  
               -0.0046194  -0.00191342  0.038  
               -0.0046194  -0.00191342  0.039  
               -0.0046194  -0.00191342  0.04  
               -0.0046194  -0.00191342  0.041  
               -0.0046194  -0.00191342  0.042  
               -0.0046194  -0.00191342  0.043  
               -0.0046194  -0.00191342  0.044  
               -0.0046194  -0.00191342  0.045  
               -0.0046194  -0.00191342  0.046  
               -0.0046194  -0.00191342  0.047  
               -0.0046194  -0.00191342  0.048  
               -0.0046194  -0.00191342  0.049  
               -0.00433013  -0.0025  0.001  
               -0.00433013  -0.0025  0.002  
               -0.00433013  -0.0025  0.003  
               -0.00433013  -0.0025  0.004  
               -0.00433013  -0.0025  0.005  
               -0.00433013  -0.0025  0.006  
               -0.00433013  -0.0025  0.007  
               -0.00433013  -0.0025  0.008  
               -0.00433013  -0.0025  0.009  
               -0.00433013  -0.0025  0.01  
               -0.00433013  -0.0025  0.011  
               -0.00433013  -0.0025  0.012  
               -0.00433013  -0.0025  0.013  
               -0.00433013  -0.0025  0.014  
               -0.00433013  -0.0025  0.015  
               -0.00433013  -0.0025  0.016  
               -0.00433013  -0.0025  0.017  
               -0.00433013  -0.0025  0.018  
               -0.00433013  -0.0025  0.019  
               -0.00433013  -0.0025  0.02  
               -0.00433013  -0.0025  0.021  
               -0.00433013  -0.0025  0.022  
               -0.00433013  -0.0025  0.023  
               -0.00433013  -0.0025  0.024  
               -0.00433013  -0.0025  0.025  
               -0.00433013  -0.0025  0.026  
               -0.00433013  -0.0025  0.027  
               -0.00433013  -0.0025  0.028  
               -0.00433013  -0.0025  0.029  
               -0.00433013  -0.0025  0.03  
               -0.00433013  -0.0025  0.031  
               -0.00433013  -0.0025  0.032  
               -0.00433013  -0.0025  0.033  
               -0.00433013  -0.0025  0.034  
               -0.00433013  -0.0025  0.035  
               -0.00433013  -0.0025  0.036  
               -0.00433013  -0.0025  0.037  
               -0.00433013  -0.0025  0.038  
               -0.00433013  -0.0025  0.039  
               -0.00433013  -0.0025  0.04  
               -0.00433013  -0.0025  0.041  
               -0.00433013  -0.0025  0.042  
               -0.00433013  -0.0025  0.043  
               -0.00433013  -0.0025  0.044  
               -0.00433013  -0.0025  0.045  
               -0.00433013  -0.0025  0.046  
               -0.00433013  -0.0025  0.047  
               -0.00433013  -0.0025  0.048  
               -0.00433013  -0.0025  0.049  
               -0.00396677  -0.00304381  0.001  
               -0.00396677  -0.00304381  0.002  
               -0.00396677  -0.00304381  0.003  
               -0.00396677  -0.00304381  0.004  
               -0.00396677  -0.00304381  0.005  
               -0.00396677  -0.00304381  0.006  
               -0.00396677  -0.00304381  0.007  
               -0.00396677  -0.00304381  0.008  
               -0.00396677  -0.00304381  0.009  
               -0.00396677  -0.00304381  0.01  
               -0.00396677  -0.00304381  0.011  
               -0.00396677  -0.00304381  0.012  
               -0.00396677  -0.00304381  0.013  
               -0.00396677  -0.00304381  0.014  
               -0.00396677  -0.00304381  0.015  
               -0.00396677  -0.00304381  0.016  
               -0.00396677  -0.00304381  0.017  
               -0.00396677  -0.00304381  0.018  
               -0.00396677  -0.00304381  0.019  
               -0.00396677  -0.00304381  0.02  
               -0.00396677  -0.00304381  0.021  
               -0.00396677  -0.00304381  0.022  
               -0.00396677  -0.00304381  0.023  
               -0.00396677  -0.00304381  0.024  
               -0.00396677  -0.00304381  0.025  
               -0.00396677  -0.00304381  0.026  
               -0.00396677  -0.00304381  0.027  
               -0.00396677  -0.00304381  0.028  
               -0.00396677  -0.00304381  0.029  
               -0.00396677  -0.00304381  0.03  
               -0.00396677  -0.00304381  0.031  
               -0.00396677  -0.00304381  0.032  
               -0.00396677  -0.00304381  0.033  
               -0.00396677  -0.00304381  0.034  
               -0.00396677  -0.00304381  0.035  
               -0.00396677  -0.00304381  0.036  
               -0.00396677  -0.00304381  0.037  
               -0.00396677  -0.00304381  0.038  
               -0.00396677  -0.00304381  0.039  
               -0.00396677  -0.00304381  0.04  
               -0.00396677  -0.00304381  0.041  
               -0.00396677  -0.00304381  0.042  
               -0.00396677  -0.00304381  0.043  
               -0.00396677  -0.00304381  0.044  
               -0.00396677  -0.00304381  0.045  
               -0.00396677  -0.00304381  0.046  
               -0.00396677  -0.00304381  0.047  
               -0.00396677  -0.00304381  0.048  
               -0.00396677  -0.00304381  0.049  
               -0.00353553  -0.00353553  0.001  
               -0.00353553  -0.00353553  0.002  
               -0.00353553  -0.00353553  0.003  
               -0.00353553  -0.00353553  0.004  
               -0.00353553  -0.00353553  0.005  
               -0.00353553  -0.00353553  0.006  
               -0.00353553  -0.00353553  0.007  
               -0.00353553  -0.00353553  0.008  
               -0.00353553  -0.00353553  0.009  
               -0.00353553  -0.00353553  0.01  
               -0.00353553  -0.00353553  0.011  
               -0.00353553  -0.00353553  0.012  
               -0.00353553  -0.00353553  0.013  
               -0.00353553  -0.00353553  0.014  
               -0.00353553  -0.00353553  0.015  
               -0.00353553  -0.00353553  0.016  
               -0.00353553  -0.00353553  0.017  
               -0.00353553  -0.00353553  0.018  
               -0.00353553  -0.00353553  0.019  
               -0.00353553  -0.00353553  0.02  
               -0.00353553  -0.00353553  0.021  
               -0.00353553  -0.00353553  0.022  
               -0.00353553  -0.00353553  0.023  
               -0.00353553  -0.00353553  0.024  
               -0.00353553  -0.00353553  0.025  
               -0.00353553  -0.00353553  0.026  
               -0.00353553  -0.00353553  0.027  
               -0.00353553  -0.00353553  0.028  
               -0.00353553  -0.00353553  0.029  
               -0.00353553  -0.00353553  0.03  
               -0.00353553  -0.00353553  0.031  
               -0.00353553  -0.00353553  0.032  
               -0.00353553  -0.00353553  0.033  
               -0.00353553  -0.00353553  0.034  
               -0.00353553  -0.00353553  0.035  
               -0.00353553  -0.00353553  0.036  
               -0.00353553  -0.00353553  0.037  
               -0.00353553  -0.00353553  0.038  
               -0.00353553  -0.00353553  0.039  
               -0.00353553  -0.00353553  0.04  
               -0.00353553  -0.00353553  0.041  
               -0.00353553  -0.00353553  0.042  
               -0.00353553  -0.00353553  0.043  
               -0.00353553  -0.00353553  0.044  
               -0.00353553  -0.00353553  0.045  
               -0.00353553  -0.00353553  0.046  
               -0.00353553  -0.00353553  0.047  
               -0.00353553  -0.00353553  0.048  
               -0.00353553  -0.00353553  0.049  
               -0.00304381  -0.00396677  0.001  
               -0.00304381  -0.00396677  0.002  
               -0.00304381  -0.00396677  0.003  
               -0.00304381  -0.00396677  0.004  
               -0.00304381  -0.00396677  0.005  
               -0.00304381  -0.00396677  0.006  
               -0.00304381  -0.00396677  0.007  
               -0.00304381  -0.00396677  0.008  
               -0.00304381  -0.00396677  0.009  
               -0.00304381  -0.00396677  0.01  
               -0.00304381  -0.00396677  0.011  
               -0.00304381  -0.00396677  0.012  
               -0.00304381  -0.00396677  0.013  
               -0.00304381  -0.00396677  0.014  
               -0.00304381  -0.00396677  0.015  
               -0.00304381  -0.00396677  0.016  
               -0.00304381  -0.00396677  0.017  
               -0.00304381  -0.00396677  0.018  
               -0.00304381  -0.00396677  0.019  
               -0.00304381  -0.00396677  0.02  
               -0.00304381  -0.00396677  0.021  
               -0.00304381  -0.00396677  0.022  
               -0.00304381  -0.00396677  0.023  
               -0.00304381  -0.00396677  0.024  
               -0.00304381  -0.00396677  0.025  
               -0.00304381  -0.00396677  0.026  
               -0.00304381  -0.00396677  0.027  
               -0.00304381  -0.00396677  0.028  
               -0.00304381  -0.00396677  0.029  
               -0.00304381  -0.00396677  0.03  
               -0.00304381  -0.00396677  0.031  
               -0.00304381  -0.00396677  0.032  
               -0.00304381  -0.00396677  0.033  
               -0.00304381  -0.00396677  0.034  
               -0.00304381  -0.00396677  0.035  
               -0.00304381  -0.00396677  0.036  
               -0.00304381  -0.00396677  0.037  
               -0.00304381  -0.00396677  0.038  
               -0.00304381  -0.00396677  0.039  
               -0.00304381  -0.00396677  0.04  
               -0.00304381  -0.00396677  0.041  
               -0.00304381  -0.00396677  0.042  
               -0.00304381  -0.00396677  0.043  
               -0.00304381  -0.00396677  0.044  
               -0.00304381  -0.00396677  0.045  
               -0.00304381  -0.00396677  0.046  
               -0.00304381  -0.00396677  0.047  
               -0.00304381  -0.00396677  0.048  
               -0.00304381  -0.00396677  0.049  
               -0.0025  -0.00433013  0.001  
               -0.0025  -0.00433013  0.002  
               -0.0025  -0.00433013  0.003  
               -0.0025  -0.00433013  0.004  
               -0.0025  -0.00433013  0.005  
               -0.0025  -0.00433013  0.006  
               -0.0025  -0.00433013  0.007  
               -0.0025  -0.00433013  0.008  
               -0.0025  -0.00433013  0.009  
               -0.0025  -0.00433013  0.01  
               -0.0025  -0.00433013  0.011  
               -0.0025  -0.00433013  0.012  
               -0.0025  -0.00433013  0.013  
               -0.0025  -0.00433013  0.014  
               -0.0025  -0.00433013  0.015  
               -0.0025  -0.00433013  0.016  
               -0.0025  -0.00433013  0.017  
               -0.0025  -0.00433013  0.018  
               -0.0025  -0.00433013  0.019  
               -0.0025  -0.00433013  0.02  
               -0.0025  -0.00433013  0.021  
               -0.0025  -0.00433013  0.022  
               -0.0025  -0.00433013  0.023  
               -0.0025  -0.00433013  0.024  
               -0.0025  -0.00433013  0.025  
               -0.0025  -0.00433013  0.026  
               -0.0025  -0.00433013  0.027  
               -0.0025  -0.00433013  0.028  
               -0.0025  -0.00433013  0.029  
               -0.0025  -0.00433013  0.03  
               -0.0025  -0.00433013  0.031  
               -0.0025  -0.00433013  0.032  
               -0.0025  -0.00433013  0.033  
               -0.0025  -0.00433013  0.034  
               -0.0025  -0.00433013  0.035  
               -0.0025  -0.00433013  0.036  
               -0.0025  -0.00433013  0.037  
               -0.0025  -0.00433013  0.038  
               -0.0025  -0.00433013  0.039  
               -0.0025  -0.00433013  0.04  
               -0.0025  -0.00433013  0.041  
               -0.0025  -0.00433013  0.042  
               -0.0025  -0.00433013  0.043  
               -0.0025  -0.00433013  0.044  
               -0.0025  -0.00433013  0.045  
               -0.0025  -0.00433013  0.046  
               -0.0025  -0.00433013  0.047  
               -0.0025  -0.00433013  0.048  
               -0.0025  -0.00433013  0.049  
               -0.00191342  -0.0046194  0.001  
               -0.00191342  -0.0046194  0.002  
               -0.00191342  -0.0046194  0.003  
               -0.00191342  -0.0046194  0.004  
               -0.00191342  -0.0046194  0.005  
               -0.00191342  -0.0046194  0.006  
               -0.00191342  -0.0046194  0.007  
               -0.00191342  -0.0046194  0.008  
               -0.00191342  -0.0046194  0.009  
               -0.00191342  -0.0046194  0.01  
               -0.00191342  -0.0046194  0.011  
               -0.00191342  -0.0046194  0.012  
               -0.00191342  -0.0046194  0.013  
               -0.00191342  -0.0046194  0.014  
               -0.00191342  -0.0046194  0.015  
               -0.00191342  -0.0046194  0.016  
               -0.00191342  -0.0046194  0.017  
               -0.00191342  -0.0046194  0.018  
               -0.00191342  -0.0046194  0.019  
               -0.00191342  -0.0046194  0.02  
               -0.00191342  -0.0046194  0.021  
               -0.00191342  -0.0046194  0.022  
               -0.00191342  -0.0046194  0.023  
               -0.00191342  -0.0046194  0.024  
               -0.00191342  -0.0046194  0.025  
               -0.00191342  -0.0046194  0.026  
               -0.00191342  -0.0046194  0.027  
               -0.00191342  -0.0046194  0.028  
               -0.00191342  -0.0046194  0.029  
               -0.00191342  -0.0046194  0.03  
               -0.00191342  -0.0046194  0.031  
               -0.00191342  -0.0046194  0.032  
               -0.00191342  -0.0046194  0.033  
               -0.00191342  -0.0046194  0.034  
               -0.00191342  -0.0046194  0.035  
               -0.00191342  -0.0046194  0.036  
               -0.00191342  -0.0046194  0.037  
               -0.00191342  -0.0046194  0.038  
               -0.00191342  -0.0046194  0.039  
               -0.00191342  -0.0046194  0.04  
               -0.00191342  -0.0046194  0.041  
               -0.00191342  -0.0046194  0.042  
               -0.00191342  -0.0046194  0.043  
               -0.00191342  -0.0046194  0.044  
               -0.00191342  -0.0046194  0.045  
               -0.00191342  -0.0046194  0.046  
               -0.00191342  -0.0046194  0.047  
               -0.00191342  -0.0046194  0.048  
               -0.00191342  -0.0046194  0.049  
               -0.0012941  -0.00482963  0.001  
               -0.0012941  -0.00482963  0.002  
               -0.0012941  -0.00482963  0.003  
               -0.0012941  -0.00482963  0.004  
               -0.0012941  -0.00482963  0.005  
               -0.0012941  -0.00482963  0.006  
               -0.0012941  -0.00482963  0.007  
               -0.0012941  -0.00482963  0.008  
               -0.0012941  -0.00482963  0.009  
               -0.0012941  -0.00482963  0.01  
               -0.0012941  -0.00482963  0.011  
               -0.0012941  -0.00482963  0.012  
               -0.0012941  -0.00482963  0.013  
               -0.0012941  -0.00482963  0.014  
               -0.0012941  -0.00482963  0.015  
               -0.0012941  -0.00482963  0.016  
               -0.0012941  -0.00482963  0.017  
               -0.0012941  -0.00482963  0.018  
               -0.0012941  -0.00482963  0.019  
               -0.0012941  -0.00482963  0.02  
               -0.0012941  -0.00482963  0.021  
               -0.0012941  -0.00482963  0.022  
               -0.0012941  -0.00482963  0.023  
               -0.0012941  -0.00482963  0.024  
               -0.0012941  -0.00482963  0.025  
               -0.0012941  -0.00482963  0.026  
               -0.0012941  -0.00482963  0.027  
               -0.0012941  -0.00482963  0.028  
               -0.0012941  -0.00482963  0.029  
               -0.0012941  -0.00482963  0.03  
               -0.0012941  -0.00482963  0.031  
               -0.0012941  -0.00482963  0.032  
               -0.0012941  -0.00482963  0.033  
               -0.0012941  -0.00482963  0.034  
               -0.0012941  -0.00482963  0.035  
               -0.0012941  -0.00482963  0.036  
               -0.0012941  -0.00482963  0.037  
               -0.0012941  -0.00482963  0.038  
               -0.0012941  -0.00482963  0.039  
               -0.0012941  -0.00482963  0.04  
               -0.0012941  -0.00482963  0.041  
               -0.0012941  -0.00482963  0.042  
               -0.0012941  -0.00482963  0.043  
               -0.0012941  -0.00482963  0.044  
               -0.0012941  -0.00482963  0.045  
               -0.0012941  -0.00482963  0.046  
               -0.0012941  -0.00482963  0.047  
               -0.0012941  -0.00482963  0.048  
               -0.0012941  -0.00482963  0.049  
               -0.000652631  -0.00495722  0.001  
               -0.000652631  -0.00495722  0.002  
               -0.000652631  -0.00495722  0.003  
               -0.000652631  -0.00495722  0.004  
               -0.000652631  -0.00495722  0.005  
               -0.000652631  -0.00495722  0.006  
               -0.000652631  -0.00495722  0.007  
               -0.000652631  -0.00495722  0.008  
               -0.000652631  -0.00495722  0.009  
               -0.000652631  -0.00495722  0.01  
               -0.000652631  -0.00495722  0.011  
               -0.000652631  -0.00495722  0.012  
               -0.000652631  -0.00495722  0.013  
               -0.000652631  -0.00495722  0.014  
               -0.000652631  -0.00495722  0.015  
               -0.000652631  -0.00495722  0.016  
               -0.000652631  -0.00495722  0.017  
               -0.000652631  -0.00495722  0.018  
               -0.000652631  -0.00495722  0.019  
               -0.000652631  -0.00495722  0.02  
               -0.000652631  -0.00495722  0.021  
               -0.000652631  -0.00495722  0.022  
               -0.000652631  -0.00495722  0.023  
               -0.000652631  -0.00495722  0.024  
               -0.000652631  -0.00495722  0.025  
               -0.000652631  -0.00495722  0.026  
               -0.000652631  -0.00495722  0.027  
               -0.000652631  -0.00495722  0.028  
               -0.000652631  -0.00495722  0.029  
               -0.000652631  -0.00495722  0.03  
               -0.000652631  -0.00495722  0.031  
               -0.000652631  -0.00495722  0.032  
               -0.000652631  -0.00495722  0.033  
               -0.000652631  -0.00495722  0.034  
               -0.000652631  -0.00495722  0.035  
               -0.000652631  -0.00495722  0.036  
               -0.000652631  -0.00495722  0.037  
               -0.000652631  -0.00495722  0.038  
               -0.000652631  -0.00495722  0.039  
               -0.000652631  -0.00495722  0.04  
               -0.000652631  -0.00495722  0.041  
               -0.000652631  -0.00495722  0.042  
               -0.000652631  -0.00495722  0.043  
               -0.000652631  -0.00495722  0.044  
               -0.000652631  -0.00495722  0.045  
               -0.000652631  -0.00495722  0.046  
               -0.000652631  -0.00495722  0.047  
               -0.000652631  -0.00495722  0.048  
               -0.000652631  -0.00495722  0.049  
               0.000652631  -0.00495722  0.001  
               0.000652631  -0.00495722  0.002  
               0.000652631  -0.00495722  0.003  
               0.000652631  -0.00495722  0.004  
               0.000652631  -0.00495722  0.005  
               0.000652631  -0.00495722  0.006  
               0.000652631  -0.00495722  0.007  
               0.000652631  -0.00495722  0.008  
               0.000652631  -0.00495722  0.009  
               0.000652631  -0.00495722  0.01  
               0.000652631  -0.00495722  0.011  
               0.000652631  -0.00495722  0.012  
               0.000652631  -0.00495722  0.013  
               0.000652631  -0.00495722  0.014  
               0.000652631  -0.00495722  0.015  
               0.000652631  -0.00495722  0.016  
               0.000652631  -0.00495722  0.017  
               0.000652631  -0.00495722  0.018  
               0.000652631  -0.00495722  0.019  
               0.000652631  -0.00495722  0.02  
               0.000652631  -0.00495722  0.021  
               0.000652631  -0.00495722  0.022  
               0.000652631  -0.00495722  0.023  
               0.000652631  -0.00495722  0.024  
               0.000652631  -0.00495722  0.025  
               0.000652631  -0.00495722  0.026  
               0.000652631  -0.00495722  0.027  
               0.000652631  -0.00495722  0.028  
               0.000652631  -0.00495722  0.029  
               0.000652631  -0.00495722  0.03  
               0.000652631  -0.00495722  0.031  
               0.000652631  -0.00495722  0.032  
               0.000652631  -0.00495722  0.033  
               0.000652631  -0.00495722  0.034  
               0.000652631  -0.00495722  0.035  
               0.000652631  -0.00495722  0.036  
               0.000652631  -0.00495722  0.037  
               0.000652631  -0.00495722  0.038  
               0.000652631  -0.00495722  0.039  
               0.000652631  -0.00495722  0.04  
               0.000652631  -0.00495722  0.041  
               0.000652631  -0.00495722  0.042  
               0.000652631  -0.00495722  0.043  
               0.000652631  -0.00495722  0.044  
               0.000652631  -0.00495722  0.045  
               0.000652631  -0.00495722  0.046  
               0.000652631  -0.00495722  0.047  
               0.000652631  -0.00495722  0.048  
               0.000652631  -0.00495722  0.049  
               0.0012941  -0.00482963  0.001  
               0.0012941  -0.00482963  0.002  
               0.0012941  -0.00482963  0.003  
               0.0012941  -0.00482963  0.004  
               0.0012941  -0.00482963  0.005  
               0.0012941  -0.00482963  0.006  
               0.0012941  -0.00482963  0.007  
               0.0012941  -0.00482963  0.008  
               0.0012941  -0.00482963  0.009  
               0.0012941  -0.00482963  0.01  
               0.0012941  -0.00482963  0.011  
               0.0012941  -0.00482963  0.012  
               0.0012941  -0.00482963  0.013  
               0.0012941  -0.00482963  0.014  
               0.0012941  -0.00482963  0.015  
               0.0012941  -0.00482963  0.016  
               0.0012941  -0.00482963  0.017  
               0.0012941  -0.00482963  0.018  
               0.0012941  -0.00482963  0.019  
               0.0012941  -0.00482963  0.02  
               0.0012941  -0.00482963  0.021  
               0.0012941  -0.00482963  0.022  
               0.0012941  -0.00482963  0.023  
               0.0012941  -0.00482963  0.024  
               0.0012941  -0.00482963  0.025  
               0.0012941  -0.00482963  0.026  
               0.0012941  -0.00482963  0.027  
               0.0012941  -0.00482963  0.028  
               0.0012941  -0.00482963  0.029  
               0.0012941  -0.00482963  0.03  
               0.0012941  -0.00482963  0.031  
               0.0012941  -0.00482963  0.032  
               0.0012941  -0.00482963  0.033  
               0.0012941  -0.00482963  0.034  
               0.0012941  -0.00482963  0.035  
               0.0012941  -0.00482963  0.036  
               0.0012941  -0.00482963  0.037  
               0.0012941  -0.00482963  0.038  
               0.0012941  -0.00482963  0.039  
               0.0012941  -0.00482963  0.04  
               0.0012941  -0.00482963  0.041  
               0.0012941  -0.00482963  0.042  
               0.0012941  -0.00482963  0.043  
               0.0012941  -0.00482963  0.044  
               0.0012941  -0.00482963  0.045  
               0.0012941  -0.00482963  0.046  
               0.0012941  -0.00482963  0.047  
               0.0012941  -0.00482963  0.048  
               0.0012941  -0.00482963  0.049  
               0.00191342  -0.0046194  0.001  
               0.00191342  -0.0046194  0.002  
               0.00191342  -0.0046194  0.003  
               0.00191342  -0.0046194  0.004  
               0.00191342  -0.0046194  0.005  
               0.00191342  -0.0046194  0.006  
               0.00191342  -0.0046194  0.007  
               0.00191342  -0.0046194  0.008  
               0.00191342  -0.0046194  0.009  
               0.00191342  -0.0046194  0.01  
               0.00191342  -0.0046194  0.011  
               0.00191342  -0.0046194  0.012  
               0.00191342  -0.0046194  0.013  
               0.00191342  -0.0046194  0.014  
               0.00191342  -0.0046194  0.015  
               0.00191342  -0.0046194  0.016  
               0.00191342  -0.0046194  0.017  
               0.00191342  -0.0046194  0.018  
               0.00191342  -0.0046194  0.019  
               0.00191342  -0.0046194  0.02  
               0.00191342  -0.0046194  0.021  
               0.00191342  -0.0046194  0.022  
               0.00191342  -0.0046194  0.023  
               0.00191342  -0.0046194  0.024  
               0.00191342  -0.0046194  0.025  
               0.00191342  -0.0046194  0.026  
               0.00191342  -0.0046194  0.027  
               0.00191342  -0.0046194  0.028  
               0.00191342  -0.0046194  0.029  
               0.00191342  -0.0046194  0.03  
               0.00191342  -0.0046194  0.031  
               0.00191342  -0.0046194  0.032  
               0.00191342  -0.0046194  0.033  
               0.00191342  -0.0046194  0.034  
               0.00191342  -0.0046194  0.035  
               0.00191342  -0.0046194  0.036  
               0.00191342  -0.0046194  0.037  
               0.00191342  -0.0046194  0.038  
               0.00191342  -0.0046194  0.039  
               0.00191342  -0.0046194  0.04  
               0.00191342  -0.0046194  0.041  
               0.00191342  -0.0046194  0.042  
               0.00191342  -0.0046194  0.043  
               0.00191342  -0.0046194  0.044  
               0.00191342  -0.0046194  0.045  
               0.00191342  -0.0046194  0.046  
               0.00191342  -0.0046194  0.047  
               0.00191342  -0.0046194  0.048  
               0.00191342  -0.0046194  0.049  
               0.0025  -0.00433013  0.001  
               0.0025  -0.00433013  0.002  
               0.0025  -0.00433013  0.003  
               0.0025  -0.00433013  0.004  
               0.0025  -0.00433013  0.005  
               0.0025  -0.00433013  0.006  
               0.0025  -0.00433013  0.007  
               0.0025  -0.00433013  0.008  
               0.0025  -0.00433013  0.009  
               0.0025  -0.00433013  0.01  
               0.0025  -0.00433013  0.011  
               0.0025  -0.00433013  0.012  
               0.0025  -0.00433013  0.013  
               0.0025  -0.00433013  0.014  
               0.0025  -0.00433013  0.015  
               0.0025  -0.00433013  0.016  
               0.0025  -0.00433013  0.017  
               0.0025  -0.00433013  0.018  
               0.0025  -0.00433013  0.019  
               0.0025  -0.00433013  0.02  
               0.0025  -0.00433013  0.021  
               0.0025  -0.00433013  0.022  
               0.0025  -0.00433013  0.023  
               0.0025  -0.00433013  0.024  
               0.0025  -0.00433013  0.025  
               0.0025  -0.00433013  0.026  
               0.0025  -0.00433013  0.027  
               0.0025  -0.00433013  0.028  
               0.0025  -0.00433013  0.029  
               0.0025  -0.00433013  0.03  
               0.0025  -0.00433013  0.031  
               0.0025  -0.00433013  0.032  
               0.0025  -0.00433013  0.033  
               0.0025  -0.00433013  0.034  
               0.0025  -0.00433013  0.035  
               0.0025  -0.00433013  0.036  
               0.0025  -0.00433013  0.037  
               0.0025  -0.00433013  0.038  
               0.0025  -0.00433013  0.039  
               0.0025  -0.00433013  0.04  
               0.0025  -0.00433013  0.041  
               0.0025  -0.00433013  0.042  
               0.0025  -0.00433013  0.043  
               0.0025  -0.00433013  0.044  
               0.0025  -0.00433013  0.045  
               0.0025  -0.00433013  0.046  
               0.0025  -0.00433013  0.047  
               0.0025  -0.00433013  0.048  
               0.0025  -0.00433013  0.049  
               0.00304381  -0.00396677  0.001  
               0.00304381  -0.00396677  0.002  
               0.00304381  -0.00396677  0.003  
               0.00304381  -0.00396677  0.004  
               0.00304381  -0.00396677  0.005  
               0.00304381  -0.00396677  0.006  
               0.00304381  -0.00396677  0.007  
               0.00304381  -0.00396677  0.008  
               0.00304381  -0.00396677  0.009  
               0.00304381  -0.00396677  0.01  
               0.00304381  -0.00396677  0.011  
               0.00304381  -0.00396677  0.012  
               0.00304381  -0.00396677  0.013  
               0.00304381  -0.00396677  0.014  
               0.00304381  -0.00396677  0.015  
               0.00304381  -0.00396677  0.016  
               0.00304381  -0.00396677  0.017  
               0.00304381  -0.00396677  0.018  
               0.00304381  -0.00396677  0.019  
               0.00304381  -0.00396677  0.02  
               0.00304381  -0.00396677  0.021  
               0.00304381  -0.00396677  0.022  
               0.00304381  -0.00396677  0.023  
               0.00304381  -0.00396677  0.024  
               0.00304381  -0.00396677  0.025  
               0.00304381  -0.00396677  0.026  
               0.00304381  -0.00396677  0.027  
               0.00304381  -0.00396677  0.028  
               0.00304381  -0.00396677  0.029  
               0.00304381  -0.00396677  0.03  
               0.00304381  -0.00396677  0.031  
               0.00304381  -0.00396677  0.032  
               0.00304381  -0.00396677  0.033  
               0.00304381  -0.00396677  0.034  
               0.00304381  -0.00396677  0.035  
               0.00304381  -0.00396677  0.036  
               0.00304381  -0.00396677  0.037  
               0.00304381  -0.00396677  0.038  
               0.00304381  -0.00396677  0.039  
               0.00304381  -0.00396677  0.04  
               0.00304381  -0.00396677  0.041  
               0.00304381  -0.00396677  0.042  
               0.00304381  -0.00396677  0.043  
               0.00304381  -0.00396677  0.044  
               0.00304381  -0.00396677  0.045  
               0.00304381  -0.00396677  0.046  
               0.00304381  -0.00396677  0.047  
               0.00304381  -0.00396677  0.048  
               0.00304381  -0.00396677  0.049  
               0.00353553  -0.00353553  0.001  
               0.00353553  -0.00353553  0.002  
               0.00353553  -0.00353553  0.003  
               0.00353553  -0.00353553  0.004  
               0.00353553  -0.00353553  0.005  
               0.00353553  -0.00353553  0.006  
               0.00353553  -0.00353553  0.007  
               0.00353553  -0.00353553  0.008  
               0.00353553  -0.00353553  0.009  
               0.00353553  -0.00353553  0.01  
               0.00353553  -0.00353553  0.011  
               0.00353553  -0.00353553  0.012  
               0.00353553  -0.00353553  0.013  
               0.00353553  -0.00353553  0.014  
               0.00353553  -0.00353553  0.015  
               0.00353553  -0.00353553  0.016  
               0.00353553  -0.00353553  0.017  
               0.00353553  -0.00353553  0.018  
               0.00353553  -0.00353553  0.019  
               0.00353553  -0.00353553  0.02  
               0.00353553  -0.00353553  0.021  
               0.00353553  -0.00353553  0.022  
               0.00353553  -0.00353553  0.023  
               0.00353553  -0.00353553  0.024  
               0.00353553  -0.00353553  0.025  
               0.00353553  -0.00353553  0.026  
               0.00353553  -0.00353553  0.027  
               0.00353553  -0.00353553  0.028  
               0.00353553  -0.00353553  0.029  
               0.00353553  -0.00353553  0.03  
               0.00353553  -0.00353553  0.031  
               0.00353553  -0.00353553  0.032  
               0.00353553  -0.00353553  0.033  
               0.00353553  -0.00353553  0.034  
               0.00353553  -0.00353553  0.035  
               0.00353553  -0.00353553  0.036  
               0.00353553  -0.00353553  0.037  
               0.00353553  -0.00353553  0.038  
               0.00353553  -0.00353553  0.039  
               0.00353553  -0.00353553  0.04  
               0.00353553  -0.00353553  0.041  
               0.00353553  -0.00353553  0.042  
               0.00353553  -0.00353553  0.043  
               0.00353553  -0.00353553  0.044  
               0.00353553  -0.00353553  0.045  
               0.00353553  -0.00353553  0.046  
               0.00353553  -0.00353553  0.047  
               0.00353553  -0.00353553  0.048  
               0.00353553  -0.00353553  0.049  
               0.00396677  -0.00304381  0.001  
               0.00396677  -0.00304381  0.002  
               0.00396677  -0.00304381  0.003  
               0.00396677  -0.00304381  0.004  
               0.00396677  -0.00304381  0.005  
               0.00396677  -0.00304381  0.006  
               0.00396677  -0.00304381  0.007  
               0.00396677  -0.00304381  0.008  
               0.00396677  -0.00304381  0.009  
               0.00396677  -0.00304381  0.01  
               0.00396677  -0.00304381  0.011  
               0.00396677  -0.00304381  0.012  
               0.00396677  -0.00304381  0.013  
               0.00396677  -0.00304381  0.014  
               0.00396677  -0.00304381  0.015  
               0.00396677  -0.00304381  0.016  
               0.00396677  -0.00304381  0.017  
               0.00396677  -0.00304381  0.018  
               0.00396677  -0.00304381  0.019  
               0.00396677  -0.00304381  0.02  
               0.00396677  -0.00304381  0.021  
               0.00396677  -0.00304381  0.022  
               0.00396677  -0.00304381  0.023  
               0.00396677  -0.00304381  0.024  
               0.00396677  -0.00304381  0.025  
               0.00396677  -0.00304381  0.026  
               0.00396677  -0.00304381  0.027  
               0.00396677  -0.00304381  0.028  
               0.00396677  -0.00304381  0.029  
               0.00396677  -0.00304381  0.03  
               0.00396677  -0.00304381  0.031  
               0.00396677  -0.00304381  0.032  
               0.00396677  -0.00304381  0.033  
               0.00396677  -0.00304381  0.034  
               0.00396677  -0.00304381  0.035  
               0.00396677  -0.00304381  0.036  
               0.00396677  -0.00304381  0.037  
               0.00396677  -0.00304381  0.038  
               0.00396677  -0.00304381  0.039  
               0.00396677  -0.00304381  0.04  
               0.00396677  -0.00304381  0.041  
               0.00396677  -0.00304381  0.042  
               0.00396677  -0.00304381  0.043  
               0.00396677  -0.00304381  0.044  
               0.00396677  -0.00304381  0.045  
               0.00396677  -0.00304381  0.046  
               0.00396677  -0.00304381  0.047  
               0.00396677  -0.00304381  0.048  
               0.00396677  -0.00304381  0.049  
               0.00433013  -0.0025  0.001  
               0.00433013  -0.0025  0.002  
               0.00433013  -0.0025  0.003  
               0.00433013  -0.0025  0.004  
               0.00433013  -0.0025  0.005  
               0.00433013  -0.0025  0.006  
               0.00433013  -0.0025  0.007  
               0.00433013  -0.0025  0.008  
               0.00433013  -0.0025  0.009  
               0.00433013  -0.0025  0.01  
               0.00433013  -0.0025  0.011  
               0.00433013  -0.0025  0.012  
               0.00433013  -0.0025  0.013  
               0.00433013  -0.0025  0.014  
               0.00433013  -0.0025  0.015  
               0.00433013  -0.0025  0.016  
               0.00433013  -0.0025  0.017  
               0.00433013  -0.0025  0.018  
               0.00433013  -0.0025  0.019  
               0.00433013  -0.0025  0.02  
               0.00433013  -0.0025  0.021  
               0.00433013  -0.0025  0.022  
               0.00433013  -0.0025  0.023  
               0.00433013  -0.0025  0.024  
               0.00433013  -0.0025  0.025  
               0.00433013  -0.0025  0.026  
               0.00433013  -0.0025  0.027  
               0.00433013  -0.0025  0.028  
               0.00433013  -0.0025  0.029  
               0.00433013  -0.0025  0.03  
               0.00433013  -0.0025  0.031  
               0.00433013  -0.0025  0.032  
               0.00433013  -0.0025  0.033  
               0.00433013  -0.0025  0.034  
               0.00433013  -0.0025  0.035  
               0.00433013  -0.0025  0.036  
               0.00433013  -0.0025  0.037  
               0.00433013  -0.0025  0.038  
               0.00433013  -0.0025  0.039  
               0.00433013  -0.0025  0.04  
               0.00433013  -0.0025  0.041  
               0.00433013  -0.0025  0.042  
               0.00433013  -0.0025  0.043  
               0.00433013  -0.0025  0.044  
               0.00433013  -0.0025  0.045  
               0.00433013  -0.0025  0.046  
               0.00433013  -0.0025  0.047  
               0.00433013  -0.0025  0.048  
               0.00433013  -0.0025  0.049  
               0.0046194  -0.00191342  0.001  
               0.0046194  -0.00191342  0.002  
               0.0046194  -0.00191342  0.003  
               0.0046194  -0.00191342  0.004  
               0.0046194  -0.00191342  0.005  
               0.0046194  -0.00191342  0.006  
               0.0046194  -0.00191342  0.007  
               0.0046194  -0.00191342  0.008  
               0.0046194  -0.00191342  0.009  
               0.0046194  -0.00191342  0.01  
               0.0046194  -0.00191342  0.011  
               0.0046194  -0.00191342  0.012  
               0.0046194  -0.00191342  0.013  
               0.0046194  -0.00191342  0.014  
               0.0046194  -0.00191342  0.015  
               0.0046194  -0.00191342  0.016  
               0.0046194  -0.00191342  0.017  
               0.0046194  -0.00191342  0.018  
               0.0046194  -0.00191342  0.019  
               0.0046194  -0.00191342  0.02  
               0.0046194  -0.00191342  0.021  
               0.0046194  -0.00191342  0.022  
               0.0046194  -0.00191342  0.023  
               0.0046194  -0.00191342  0.024  
               0.0046194  -0.00191342  0.025  
               0.0046194  -0.00191342  0.026  
               0.0046194  -0.00191342  0.027  
               0.0046194  -0.00191342  0.028  
               0.0046194  -0.00191342  0.029  
               0.0046194  -0.00191342  0.03  
               0.0046194  -0.00191342  0.031  
               0.0046194  -0.00191342  0.032  
               0.0046194  -0.00191342  0.033  
               0.0046194  -0.00191342  0.034  
               0.0046194  -0.00191342  0.035  
               0.0046194  -0.00191342  0.036  
               0.0046194  -0.00191342  0.037  
               0.0046194  -0.00191342  0.038  
               0.0046194  -0.00191342  0.039  
               0.0046194  -0.00191342  0.04  
               0.0046194  -0.00191342  0.041  
               0.0046194  -0.00191342  0.042  
               0.0046194  -0.00191342  0.043  
               0.0046194  -0.00191342  0.044  
               0.0046194  -0.00191342  0.045  
               0.0046194  -0.00191342  0.046  
               0.0046194  -0.00191342  0.047  
               0.0046194  -0.00191342  0.048  
               0.0046194  -0.00191342  0.049  
               0.00482963  -0.0012941  0.001  
               0.00482963  -0.0012941  0.002  
               0.00482963  -0.0012941  0.003  
               0.00482963  -0.0012941  0.004  
               0.00482963  -0.0012941  0.005  
               0.00482963  -0.0012941  0.006  
               0.00482963  -0.0012941  0.007  
               0.00482963  -0.0012941  0.008  
               0.00482963  -0.0012941  0.009  
               0.00482963  -0.0012941  0.01  
               0.00482963  -0.0012941  0.011  
               0.00482963  -0.0012941  0.012  
               0.00482963  -0.0012941  0.013  
               0.00482963  -0.0012941  0.014  
               0.00482963  -0.0012941  0.015  
               0.00482963  -0.0012941  0.016  
               0.00482963  -0.0012941  0.017  
               0.00482963  -0.0012941  0.018  
               0.00482963  -0.0012941  0.019  
               0.00482963  -0.0012941  0.02  
               0.00482963  -0.0012941  0.021  
               0.00482963  -0.0012941  0.022  
               0.00482963  -0.0012941  0.023  
               0.00482963  -0.0012941  0.024  
               0.00482963  -0.0012941  0.025  
               0.00482963  -0.0012941  0.026  
               0.00482963  -0.0012941  0.027  
               0.00482963  -0.0012941  0.028  
               0.00482963  -0.0012941  0.029  
               0.00482963  -0.0012941  0.03  
               0.00482963  -0.0012941  0.031  
               0.00482963  -0.0012941  0.032  
               0.00482963  -0.0012941  0.033  
               0.00482963  -0.0012941  0.034  
               0.00482963  -0.0012941  0.035  
               0.00482963  -0.0012941  0.036  
               0.00482963  -0.0012941  0.037  
               0.00482963  -0.0012941  0.038  
               0.00482963  -0.0012941  0.039  
               0.00482963  -0.0012941  0.04  
               0.00482963  -0.0012941  0.041  
               0.00482963  -0.0012941  0.042  
               0.00482963  -0.0012941  0.043  
               0.00482963  -0.0012941  0.044  
               0.00482963  -0.0012941  0.045  
               0.00482963  -0.0012941  0.046  
               0.00482963  -0.0012941  0.047  
               0.00482963  -0.0012941  0.048  
               0.00482963  -0.0012941  0.049  
               0.00495722  -0.000652631  0.001  
               0.00495722  -0.000652631  0.002  
               0.00495722  -0.000652631  0.003  
               0.00495722  -0.000652631  0.004  
               0.00495722  -0.000652631  0.005  
               0.00495722  -0.000652631  0.006  
               0.00495722  -0.000652631  0.007  
               0.00495722  -0.000652631  0.008  
               0.00495722  -0.000652631  0.009  
               0.00495722  -0.000652631  0.01  
               0.00495722  -0.000652631  0.011  
               0.00495722  -0.000652631  0.012  
               0.00495722  -0.000652631  0.013  
               0.00495722  -0.000652631  0.014  
               0.00495722  -0.000652631  0.015  
               0.00495722  -0.000652631  0.016  
               0.00495722  -0.000652631  0.017  
               0.00495722  -0.000652631  0.018  
               0.00495722  -0.000652631  0.019  
               0.00495722  -0.000652631  0.02  
               0.00495722  -0.000652631  0.021  
               0.00495722  -0.000652631  0.022  
               0.00495722  -0.000652631  0.023  
               0.00495722  -0.000652631  0.024  
               0.00495722  -0.000652631  0.025  
               0.00495722  -0.000652631  0.026  
               0.00495722  -0.000652631  0.027  
               0.00495722  -0.000652631  0.028  
               0.00495722  -0.000652631  0.029  
               0.00495722  -0.000652631  0.03  
               0.00495722  -0.000652631  0.031  
               0.00495722  -0.000652631  0.032  
               0.00495722  -0.000652631  0.033  
               0.00495722  -0.000652631  0.034  
               0.00495722  -0.000652631  0.035  
               0.00495722  -0.000652631  0.036  
               0.00495722  -0.000652631  0.037  
               0.00495722  -0.000652631  0.038  
               0.00495722  -0.000652631  0.039  
               0.00495722  -0.000652631  0.04  
               0.00495722  -0.000652631  0.041  
               0.00495722  -0.000652631  0.042  
               0.00495722  -0.000652631  0.043  
               0.00495722  -0.000652631  0.044  
               0.00495722  -0.000652631  0.045  
               0.00495722  -0.000652631  0.046  
               0.00495722  -0.000652631  0.047  
               0.00495722  -0.000652631  0.048  
               0.00495722  -0.000652631  0.049  
            </DataArray>
         </Points> 

         <Cells>
            <DataArray type="Int32" Name="connectivity" NumberOfComponents="1" format="ascii">
               
            </DataArray> 
            <DataArray type="Int32" Name="offsets" NumberOfComponents="1" format="ascii">
               
            </DataArray>
            <DataArray type="UInt8"  Name="types" NumberOfComponents="1" format="ascii">
               
            </DataArray>
         </Cells>
         <PointData Scalars="Rank " Vectors="DisplacementDelta Force ">
            <DataArray type="UInt32" Name="Rank" NumberOfComponents="1" format="ascii">
               0 0 0 0 0 0 0 0 0 0 0 0 0 0 0 0 0 0 0 0 0 0 0 0 0 0 0 0 0 0 0 0 0 0 0 0 0 0 0 0 0 0 0 0 0 0 0 0 0 0 0 0 0 0 0 0 0 0 0 0 0 0 0 0 0 0 0 0 0 0 0 0 0 0 0 0 0 0 0 0 0 0 0 0 0 0 0 0 0 0 0 0 0 0 0 0 0 0 0 0 0 0 0 0 0 0 0 0 0 0 0 0 0 0 0 0 0 0 0 0 0 0 0 0 0 0 0 0 0 0 0 0 0 0 0 0 0 0 0 0 0 0 0 0 0 0 0 0 0 0 0 0 0 0 0 0 0 0 0 0 0 0 0 0 0 0 0 0 0 0 0 0 0 0 0 0 0 0 0 0 0 0 0 0 0 0 0 0 0 0 0 0 0 0 0 0 0 0 0 0 0 0 0 0 0 0 0 0 0 0 0 0 0 0 0 0 0 0 0 0 0 0 0 0 0 0 0 0 0 0 0 0 0 0 0 0 0 0 0 0 0 0 0 0 0 0 0 0 0 0 0 0 0 0 0 0 0 0 0 0 0 0 0 0 0 0 0 0 0 0 0 0 0 0 0 0 0 0 0 0 0 0 0 0 0 0 0 0 0 0 0 0 0 0 0 0 0 0 0 0 0 0 0 0 0 0 0 0 0 0 0 0 0 0 0 0 0 0 0 0 0 0 0 0 0 0 0 0 0 0 0 0 0 0 0 0 0 0 0 0 0 0 0 0 0 0 0 0 0 0 0 0 0 0 0 0 0 0 0 0 0 0 0 0 0 0 0 0 0 0 0 0 0 0 0 0 0 0 0 0 0 0 0 0 0 0 0 0 0 0 0 0 0 0 0 0 0 0 0 0 0 0 0 0 0 0 0 0 0 0 0 0 0 0 0 0 0 0 0 0 0 0 0 0 0 0 0 0 0 0 0 0 0 0 0 0 0 0 0 0 0 0 0 0 0 0 0 0 0 0 0 0 0 0 0 0 0 0 0 0 0 0 0 0 0 0 0 0 0 0 0 0 0 0 0 0 0 0 0 0 0 0 0 0 0 0 0 0 0 0 0 0 0 0 0 0 0 0 0 0 0 0 0 0 0 0 0 0 0 0 0 0 0 0 0 0 0 0 0 0 0 0 0 0 0 0 0 0 0 0 0 0 0 0 0 0 0 0 0 0 0 0 0 0 0 0 0 0 0 0 0 0 0 0 0 0 0 0 0 0 0 0 0 0 0 0 0 0 0 0 0 0 0 0 0 0 0 0 0 0 0 0 0 0 0 0 0 0 0 0 0 0 0 0 0 0 0 0 0 0 0 0 0 0 0 0 0 0 0 0 0 0 0 0 0 0 0 0 0 0 0 0 0 0 0 0 0 0 0 0 0 0 0 0 0 0 0 0 0 0 0 0 0 0 0 0 0 0 0 0 0 0 0 0 0 0 0 0 0 0 0 0 0 0 0 0 0 0 0 0 0 0 0 0 0 0 0 0 0 0 0 0 0 0 0 0 0 0 0 0 0 0 0 0 0 0 0 0 0 0 0 0 0 0 0 0 0 0 0 0 0 0 0 0 0 0 0 0 0 0 0 0 0 0 0 0 0 0 0 0 0 0 0 0 0 0 0 0 0 0 0 0 0 0 0 0 0 0 0 0 0 0 0 0 0 0 0 0 0 0 0 0 0 0 0 0 0 0 0 0 0 0 0 0 0 0 0 0 0 0 0 0 0 0 0 0 0 0 0 0 0 0 0 0 0 0 0 0 0 0 0 0 0 0 0 0 0 0 0 0 0 0 0 0 0 0 0 0 0 0 0 0 0 0 0 0 0 0 0 0 0 0 0 0 0 0 0 0 0 0 0 0 0 0 0 0 0 0 0 0 0 0 0 0 0 0 0 0 0 0 0 0 0 0 0 0 0 0 0 0 0 0 0 0 0 0 0 0 0 0 0 0 0 0 0 0 0 0 0 0 0 0 0 0 0 0 0 0 0 0 0 0 0 0 0 0 0 0 0 0 0 0 0 0 0 0 0 0 0 0 0 0 0 0 0 0 0 0 0 0 0 0 0 0 0 0 0 0 0 0 0 0 0 0 0 0 0 0 0 0 0 0 0 0 0 0 0 0 0 0 0 0 0 0 0 0 0 0 0 0 0 0 0 0 0 0 0 0 0 0 0 0 0 0 0 0 0 0 0 0 0 0 0 0 0 0 0 0 0 0 0 0 0 0 0 0 0 0 0 0 0 0 0 0 0 0 0 0 0 0 0 0 0 0 0 0 0 0 0 0 0 0 0 0 0 0 0 0 0 0 0 0 0 0 0 0 0 0 0 0 0 0 0 0 0 0 0 0 0 0 0 0 0 0 0 0 0 0 0 0 0 0 0 0 0 0 0 0 0 0 0 0 0 0 0 0 0 0 0 0 0 0 0 0 0 0 0 0 0 0 0 0 0 0 0 0 0 0 0 0 0 0 0 0 0 0 0 0 0 0 0 0 0 0 0 0 0 0 0 0 0 0 0 0 0 0 0 0 0 0 0 0 0 0 0 0 0 0 0 0 0 0 0 0 0 0 0 0 0 0 0 0 0 0 0 0 0 0 0 0 0 0 0 0 0 0 0 0 0 0 0 0 0 0 0 0 0 0 0 0 0 0 0 0 0 0 0 0 0 0 0 0 0 0 0 0 0 0 0 0 0 0 0 0 0 0 0 0 0 0 0 0 0 0 0 0 0 0 0 0 0 0 0 0 0 0 0 0 0 0 0 0 0 0 0 0 0 0 0 0 0 0 0 0 0 0 0 0 0 0 0 0 0 0 0 0 0 0 0 0 0 0 0 0 0 0 0 0 0 0 0 0 0 0 0 0 0 0 0 0 0 0 0 0 0 0 0 0 0 0 0 0 0 0 0 0 0 0 0 0 0 0 0 0 0 0 0 0 0 0 0 0 0 0 0 0 0 0 0 0 0 0 0 0 0 0 0 0 0 0 0 0 0 0 0 0 0 0 0 0 0 0 0 0 0 0 0 0 0 0 0 0 0 0 0 0 0 0 0 0 0 0 0 0 0 0 0 0 0 0 0 0 0 0 0 0 0 0 0 0 0 0 0 0 0 0 0 0 0 0 0 0 0 0 0 0 0 0 0 0 0 0 0 0 0 0 0 0 0 0 0 0 0 0 0 0 0 0 0 0 0 0 0 0 0 0 0 0 0 0 0 0 0 0 0 0 0 0 0 0 0 0 0 0 0 0 0 0 0 0 0 0 0 0 0 0 0 0 0 0 0 0 0 0 0 0 0 0 0 0 0 0 0 0 0 0 0 0 0 0 0 0 0 0 0 0 0 0 0 0 0 0 0 0 0 0 0 0 0 0 0 0 0 0 0 0 0 0 0 0 0 0 0 0 0 0 0 0 0 0 0 0 0 0 0 0 0 0 0 0 0 0 0 0 0 0 0 0 0 0 0 0 0 0 0 0 0 0 0 0 0 0 0 0 0 0 0 0 0 0 0 0 0 0 0 0 0 0 0 0 0 0 0 0 0 0 0 0 0 0 0 0 0 0 0 0 0 0 0 0 0 0 0 0 0 0 0 0 0 0 0 0 0 0 0 0 0 0 0 0 0 0 0 0 0 0 0 0 0 0 0 0 0 0 0 0 0 0 0 0 0 0 0 0 0 0 0 0 0 0 0 0 0 0 0 0 0 0 0 0 0 0 0 0 0 0 0 0 0 0 0 0 0 0 0 0 0 0 0 0 0 0 0 0 0 0 0 0 0 0 0 0 0 0 0 0 0 0 0 0 0 0 0 0 0 0 0 0 0 0 0 0 0 0 0 0 0 0 0 0 0 0 0 0 0 0 0 0 0 0 0 0 0 0 0 0 0 0 0 0 0 0 0 0 0 0 0 0 0 0 0 0 0 0 0 0 0 0 0 0 0 0 0 0 0 0 0 0 0 0 0 0 0 0 0 0 0 0 0 0 0 0 0 0 0 0 0 0 0 0 0 0 0 0 0 0 0 0 0 0 0 0 0 0 0 0 0 0 0 0 0 0 0 0 0 0 0 0 0 0 0 0 0 0 0 0 0 0 0 0 0 0 0 0 0 0 0 0 0 0 0 0 0 0 0 0 0 0 0 0 0 0 0 0 0 0 0 0 0 0 0 0 0 0 0 0 0 0 0 0 0 0 0 0 0 0 0 0 0 0 0 0 0 0 0 0 0 0 0 0 0 0 0 0 0 0 0 0 0 0 0 0 0 0 0 0 0 0 0 0 0 0 0 0 0 0 0 0 0 0 0 0 0 0 0 0 0 0 0 0 0 0 0 0 0 0 0 0 0 0 0 0 0 0 0 0 0 0 0 0 0 0 0 0 0 0 0 0 0 0 0 0 0 0 0 0 0 0 0 0 0 0 0 0 0 0 0 0 0 0 0 0 0 0 0 0 0 0 0 0 0 0 0 0 0 0 0 0 0 0 0 0 0 0 0 0 0 0 0 0 0 0 0 0 0 0 0 0 0 0 0 0 0 0 0 0 0 0 0 0 0 0 0 0 0 0 0 0 0 0 0 0 0 0 0 0 0 0 0 0 0 0 0 0 0 0 0 0 0 0 0 0 0 0 0 0 0 0 0 0 0 0 0 0 0 0 0 0 0 0 0 0 0 0 0 0 0 0 0 0 0 0 0 0 0 0 0 0 0 0 0 0 0 0 0 0 0 0 0 0 0 0 0 0 0 0 0 0 0 0 0 0 0 0 0 0 0 0 0 0 0 0 0 0 0 0 0 0 0 0 0 0 0 0 0 0 0 0 0 0 0 0 0 0 0 0 0 0 0 0 0 0 0 0 0 0 0 0 0 0 0 0 0 0 0 0 0 0 0 0 0 0 0 0 0 0 0 0 0 0 0 0 0 0 0 0 0 0 0 0 0 0 0 0 0 0 0 0 0 0 0 0 0 0 0 0 0 0 0 0 0 0 0 0 0 0 0 0 0 0 0 0 0 0 0 0 0 0 0 0 0 0 0 0 0 0 0 0 0 0 0 0 0 0 0 0 0 0 0 0 0 0 0 0 0 0 0 0 0 0 0 0 0 0 0 0 0 0 0 0 0 0 0 0 0 0 0 0 0 0 0 0 0 0 0 0 0 0 0 0 0 0 0 0 0 0 0 0 0 0 0 0 0 0 0 0 0 0 0 0 0 0 0 0 0 0 0 0 0 0 0 0 0 0 0 0 0 0 0 0 0 0 0 0 0 0 0 0 0 0 0 0 
            </DataArray>
            <DataArray type="Float64" Name="DisplacementDelta" NumberOfComponents="3" format="ascii">
               3.86702e-07 1.48817e-07 7.74735e-07  3.45988e-06 3.49618e-07 1.40862e-06  6.90547e-06 4.05747e-07 1.02657e-06  8.3903e-06 3.54591e-07 -1.13064e-07  8.30141e-06 1.14034e-07 -1.34501e-06  6.05416e-06 -6.598e-08 -2.21955e-06  3.34169e-06 -1.67382e-07 -2.41424e-06  1.28037e-06 -1.99328e-07 -2.10501e-06  3.09531e-07 -1.72985e-07 -1.62786e-06  2.29421e-07 -1.09814e-07 -1.21427e-06  5.74754e-07 -5.7683e-08 -1.00022e-06  8.33178e-07 -3.86618e-08 -1.00932e-06  6.36123e-07 -3.27866e-08 -1.05325e-06  2.19415e-07 -1.50386e-08 -9.09756e-07  4.91818e-08 2.77234e-09 -6.31599e-07  1.26295e-07 6.08786e-09 -4.26105e-07  1.61361e-07 1.09294e-09 -3.33132e-07  9.53737e-08 -1.07733e-09 -2.58363e-07  5.63901e-08 -8.92445e-10 -1.74805e-07  3.10489e-08 1.47548e-09 -1.13382e-07  2.97478e-08 2.24909e-09 -7.92841e-08  2.11538e-08 1.63931e-09 -5.76472e-08  1.53824e-08 1.07226e-09 -4.09487e-08  6.10279e-09 9.16829e-11 -2.90256e-08  9.24075e-09 8.68032e-10 -2.03333e-08  8.28597e-09 1.11325e-10 -1.44553e-08  7.03281e-09 -3.5266e-11 -1.07598e-08  7.25835e-09 1.61668e-10 -7.6124e-09  4.84472e-09 -2.82856e-11 -5.44681e-09  4.25085e-09 -5.4128e-10 -4.19827e-09  2.39916e-09 1.28178e-11 -2.99357e-09  3.7627e-09 1.03823e-10 -2.14256e-09  3.0802e-09 -7.52763e-11 -2.00656e-09  2.79515e-09 -2.58693e-10 -1.85773e-09  6.56153e-10 1.63e-10 -1.25211e-09  1.00161e-09 1.8078e-10 -7.86744e-10  1.08649e-09 -5.14364e-11 -6.05141e-10  -4.68567e-10 -9.56129e-11 -4.02314e-10  7.12445e-10 5.83521e-11 -3.14114e-10  1.42222e-10 -4.17047e-11 -3.07919e-10  9.17939e-10 1.08867e-10 -1.43543e-10  -1.10971e-10 -1.28647e-10 6.216e-11  1.80671e-10 -2.41434e-10 1.14329e-10  1.36964e-10 -1.4197e-10 4.87063e-11  -4.87057e-10 -8.18488e-11 4.10962e-11  5.042e-10 -1.4055e-10 1.47902e-11  5.50514e-10 -1.99318e-10 -5.68531e-11  3.04045e-10 -1.08019e-10 4.43504e-13  1.65189e-10 -1.1176e-11 5.54882e-11  9.9366e-08 -1.74924e-07 7.88153e-07  1.63733e-07 3.47719e-06 1.45624e-06  1.64927e-07 6.98933e-06 1.11252e-06  9.93487e-08 8.96791e-06 -6.85614e-08  3.99897e-08 8.65588e-06 -1.41033e-06  1.68831e-08 6.19916e-06 -2.36839e-06  3.29625e-08 3.1011e-06 -2.56684e-06  5.30294e-08 9.61091e-07 -2.15642e-06  6.55339e-08 9.46384e-08 -1.58896e-06  5.94744e-08 3.18487e-07 -1.1661e-06  4.95435e-08 8.15683e-07 -1.0074e-06  4.30916e-08 9.66593e-07 -1.06211e-06  4.05032e-08 6.58817e-07 -1.10179e-06  2.99761e-08 1.50811e-07 -9.21464e-07  1.6042e-08 -4.56263e-09 -6.14552e-07  8.2975e-09 1.15631e-07 -4.12819e-07  7.17978e-09 1.60744e-07 -3.34302e-07  7.49561e-09 8.17396e-08 -2.62429e-07  3.78996e-09 2.70774e-08 -1.73994e-07  7.26714e-10 2.49703e-08 -1.11047e-07  1.25704e-09 2.56329e-08 -7.94449e-08  1.18572e-09 1.64273e-08 -5.92996e-08  -4.34857e-10 8.68261e-09 -4.22682e-08  -1.14194e-09 6.32138e-09 -2.96896e-08  -9.69127e-10 5.49387e-09 -2.13186e-08  -9.56693e-10 4.98147e-09 -1.54304e-08  -1.08153e-09 4.75188e-09 -1.11406e-08  -9.75399e-10 4.40789e-09 -8.07415e-09  -8.54206e-10 4.03865e-09 -5.88569e-09  -6.69353e-10 3.55382e-09 -4.30442e-09  -2.94363e-10 2.89601e-09 -3.18204e-09  8.86889e-11 2.13779e-09 -2.39213e-09  2.19336e-10 1.49134e-09 -1.80517e-09  2.78114e-10 1.26232e-09 -1.48583e-09  4.7519e-10 5.14215e-10 -1.29261e-09  3.99937e-10 -4.48039e-10 -9.03364e-10  1.49222e-10 -6.44244e-10 -5.78661e-10  1.42172e-10 -4.63438e-10 -4.45324e-10  1.37229e-10 -5.76449e-11 -3.72949e-10  1.6895e-10 -2.91773e-10 -2.80068e-10  4.38586e-11 9.38305e-10 -2.02349e-10  1.58697e-10 -5.39268e-10 5.85328e-11  6.19209e-11 8.47838e-10 2.10418e-10  7.87398e-11 8.24089e-10 3.17388e-10  -4.62548e-11 8.42328e-10 4.18038e-10  -1.07986e-10 8.94021e-10 3.19787e-10  -1.87665e-10 7.16958e-10 2.10615e-10  -2.0424e-10 5.42229e-10 1.9028e-10  -1.02811e-10 5.86368e-10 7.39295e-11  -4.22414e-07 2.70804e-08 8.11589e-07  -3.20367e-06 7.06592e-08 1.4031e-06  -6.42465e-06 1.24651e-07 1.10199e-06  -8.29118e-06 1.75109e-07 -1.5552e-08  -8.25979e-06 1.87923e-07 -1.28897e-06  -5.86836e-06 1.51757e-07 -2.23316e-06  -3.28911e-06 9.33079e-08 -2.44399e-06  -1.32181e-06 3.51992e-08 -2.14751e-06  -3.47163e-07 4.26646e-10 -1.66333e-06  -2.51942e-07 -4.46021e-09 -1.23991e-06  -5.94925e-07 3.3954e-09 -1.01337e-06  -8.9178e-07 3.32289e-09 -1.00457e-06  -6.75049e-07 1.34807e-09 -1.05164e-06  -2.4723e-07 -8.61939e-10 -9.03134e-07  -4.57801e-08 -3.45944e-09 -6.13247e-07  -1.04098e-07 -4.3778e-09 -3.99275e-07  -1.8082e-07 -9.20509e-09 -3.15863e-07  -9.12091e-08 -8.70611e-09 -2.51667e-07  -3.00273e-08 -4.5763e-09 -1.63192e-07  -3.66688e-08 -1.39595e-09 -1.01343e-07  -4.08016e-08 -8.97344e-10 -7.73504e-08  -2.08794e-08 -1.53394e-09 -6.19044e-08  -8.37068e-09 -1.04871e-09 -4.25856e-08  -1.09626e-08 8.92425e-11 -2.80654e-08  -1.28017e-08 1.23918e-10 -2.12658e-08  -7.39232e-09 -4.72704e-11 -1.57177e-08  -5.47512e-09 4.03289e-10 -9.98354e-09  -6.23656e-09 4.49102e-10 -6.92519e-09  -5.67677e-09 -7.61571e-11 -5.4391e-09  -4.95932e-09 3.20309e-10 -4.07653e-09  -3.84375e-09 3.78768e-10 -3.18777e-09  -4.40838e-09 4.0538e-10 -2.52604e-09  -1.64326e-09 -8.89602e-11 -1.82872e-09  -1.39974e-09 -4.63798e-11 -1.4671e-09  -1.42499e-09 -8.87281e-11 -1.22683e-09  -1.50745e-09 2.3513e-10 -9.02511e-10  1.33012e-09 1.87031e-10 -6.06551e-10  -2.18599e-09 2.18989e-10 -4.32321e-10  -4.18394e-11 4.31867e-11 -3.9977e-10  2.72476e-10 2.85196e-10 -4.38793e-10  1.72443e-10 5.40369e-10 -2.23238e-10  8.21479e-10 1.84497e-10 -1.24615e-10  -1.66742e-09 2.55707e-10 1.12507e-11  6.99626e-10 2.24787e-10 -1.1883e-10  -1.47549e-09 -1.37917e-10 -3.55199e-10  2.87091e-10 -2.32018e-10 -3.7298e-10  4.35992e-11 -1.75879e-10 -3.29884e-10  3.83314e-10 -1.22981e-10 -3.12307e-10  5.51033e-10 -5.48006e-11 -7.88184e-11  5.87855e-08 -2.3622e-09 8.28691e-07  1.20698e-07 -3.64892e-06 1.42445e-06  1.78693e-07 -6.81948e-06 1.06957e-06  1.89119e-07 -8.72756e-06 -3.57056e-08  1.88738e-07 -8.68831e-06 -1.33531e-06  1.98462e-07 -6.23604e-06 -2.26058e-06  1.76896e-07 -3.55581e-06 -2.48511e-06  1.50795e-07 -1.48211e-06 -2.20252e-06  1.25218e-07 -4.56496e-07 -1.72389e-06  9.32965e-08 -2.96543e-07 -1.3006e-06  7.11672e-08 -6.10757e-07 -1.05957e-06  4.55043e-08 -8.21777e-07 -1.03734e-06  2.43948e-08 -5.89163e-07 -1.05774e-06  1.29065e-08 -1.72723e-07 -9.02616e-07  7.93285e-09 6.25241e-09 -6.1492e-07  4.79487e-09 -8.54226e-08 -4.03729e-07  2.18312e-09 -1.411e-07 -3.15751e-07  -1.5932e-09 -7.84292e-08 -2.49286e-07  -2.25942e-09 -2.46729e-08 -1.68227e-07  5.25192e-10 -2.15747e-08 -1.08447e-07  1.18352e-09 -2.42863e-08 -7.84871e-08  -7.08143e-10 -1.55131e-08 -5.91221e-08  -1.44288e-09 -9.65278e-09 -4.22694e-08  -1.85128e-10 -7.83743e-09 -2.97935e-08  -1.82956e-11 -7.13843e-09 -2.14802e-08  -5.00867e-10 -5.95726e-09 -1.54231e-08  -3.06634e-10 -5.17071e-09 -1.0741e-08  -5.07512e-10 -5.41651e-09 -7.5615e-09  -3.96448e-10 -4.89318e-09 -5.49256e-09  -4.34944e-10 -4.59335e-09 -3.93498e-09  -2.86536e-10 -3.74143e-09 -2.71777e-09  -4.13985e-10 -3.29696e-09 -2.14531e-09  2.9612e-11 -1.34925e-09 -1.62375e-09  1.60289e-10 -1.3416e-09 -1.00814e-09  1.31748e-10 -5.98716e-10 -8.83224e-10  3.70662e-10 -9.52553e-10 -8.75699e-10  6.61912e-10 -4.6938e-10 -6.96875e-10  1.46721e-10 5.86901e-10 -4.02993e-10  -2.84866e-10 7.92956e-11 -2.44553e-10  5.29701e-11 4.74225e-10 -5.09901e-11  2.71392e-10 -9.78107e-10 -7.47072e-11  5.00743e-11 2.75863e-10 -2.21476e-10  8.05877e-11 -2.12578e-10 -2.48496e-10  2.52312e-10 1.37899e-09 7.00441e-11  3.44394e-10 -1.39086e-09 2.96995e-10  5.50897e-10 -8.55557e-10 7.05188e-11  4.58214e-10 -7.20295e-10 -5.42184e-11  2.19303e-10 -4.04616e-10 -5.48338e-11  1.86657e-10 -2.53082e-10 -5.84021e-12  -9.87417e-08 1.74855e-07 8.33219e-07  3.51002e-06 6.97785e-07 1.47209e-06  6.87327e-06 1.22048e-06 1.02563e-06  8.62552e-06 1.38186e-06 -1.54877e-07  8.13622e-06 1.13788e-06 -1.4166e-06  5.94077e-06 6.93437e-07 -2.25201e-06  3.21315e-06 2.64413e-07 -2.42374e-06  1.16424e-06 -2.0028e-08 -2.09954e-06  1.94235e-07 -1.1975e-07 -1.60883e-06  1.2433e-07 -7.63539e-08 -1.1934e-06  5.1293e-07 1.78509e-08 -9.91818e-07  7.88807e-07 6.55408e-08 -1.01004e-06  5.99626e-07 5.26893e-08 -1.0515e-06  2.06373e-07 2.0848e-08 -9.0434e-07  4.82263e-08 1.48034e-08 -6.29116e-07  1.2605e-07 2.44203e-08 -4.29996e-07  1.51204e-07 2.07965e-08 -3.37278e-07  8.44652e-08 1.01401e-08 -2.5935e-07  3.42987e-08 6.13433e-09 -1.74457e-07  2.91049e-08 7.76017e-09 -1.13529e-07  2.52421e-08 6.97989e-09 -8.01657e-08  1.64684e-08 4.56269e-09 -5.84154e-08  9.39386e-09 2.80233e-09 -4.10471e-08  7.41357e-09 2.20237e-09 -2.86762e-08  4.94697e-09 2.25683e-09 -2.03914e-08  4.52367e-09 9.4028e-10 -1.46003e-08  3.90022e-09 1.78773e-10 -1.07027e-08  2.41501e-09 3.61893e-10 -7.5435e-09  3.03856e-09 4.36507e-11 -5.49123e-09  1.59811e-09 -1.38135e-10 -4.2101e-09  1.83842e-09 -2.05737e-10 -2.92399e-09  1.53699e-09 -3.06493e-10 -2.18342e-09  1.4218e-09 -4.8891e-10 -1.98395e-09  -1.97029e-11 -4.01936e-10 -1.74633e-09  -2.16167e-10 -1.8158e-10 -1.22225e-09  -1.49901e-10 -3.76043e-10 -8.96695e-10  -6.21603e-10 -5.79478e-10 -6.27314e-10  -6.45417e-10 -4.52045e-10 -3.30723e-10  -6.67861e-10 -3.78766e-10 -2.5711e-10  -7.49362e-10 -4.30497e-10 -2.75866e-10  -9.96048e-10 -3.1861e-10 -1.46818e-10  -8.50666e-10 -3.08716e-10 -3.42882e-12  -7.06186e-10 -3.86757e-10 7.76757e-11  -4.68995e-10 -2.16276e-10 1.19923e-10  9.50594e-11 -2.2613e-11 5.32819e-11  1.99449e-10 -6.20757e-11 -4.41194e-11  3.18979e-10 -1.36758e-10 -1.02086e-10  5.05527e-11 -1.15291e-10 -1.28795e-11  2.59775e-10 -8.849e-12 3.95267e-11  1.11178e-07 1.46372e-07 8.51704e-07  3.58857e-06 1.09796e-06 1.4615e-06  7.0214e-06 2.01124e-06 1.04337e-06  8.77968e-06 2.45491e-06 -1.78265e-07  8.12327e-06 2.16728e-06 -1.45378e-06  5.79033e-06 1.44965e-06 -2.28078e-06  3.0806e-06 6.88245e-07 -2.434e-06  1.08225e-06 1.629e-07 -2.09764e-06  1.69458e-07 -5.53417e-08 -1.60331e-06  1.55341e-07 -2.87439e-08 -1.185e-06  5.41129e-07 1.04251e-07 -9.89835e-07  7.39663e-07 1.68763e-07 -1.01115e-06  6.02114e-07 1.43823e-07 -1.04628e-06  2.16805e-07 5.81492e-08 -9.00058e-07  8.05408e-08 2.7544e-08 -6.29028e-07  1.529e-07 4.14285e-08 -4.33967e-07  1.61845e-07 4.02292e-08 -3.40074e-07  9.18266e-08 2.32109e-08 -2.59277e-07  4.6701e-08 1.47278e-08 -1.74077e-07  4.1074e-08 1.41626e-08 -1.14206e-07  3.49352e-08 1.21876e-08 -8.1254e-08  2.35299e-08 8.38329e-09 -5.89992e-08  1.536e-08 6.05918e-09 -4.1177e-08  1.2381e-08 5.1134e-09 -2.85254e-08  1.06968e-08 4.63427e-09 -2.0529e-08  7.50532e-09 2.93905e-09 -1.49058e-08  5.29918e-09 1.77654e-09 -1.05172e-08  5.00237e-09 1.95245e-09 -7.38569e-09  4.35161e-09 1.28106e-09 -5.62153e-09  2.7557e-09 1.03792e-09 -4.24651e-09  2.13415e-09 5.6104e-10 -2.95621e-09  1.91867e-09 3.67887e-10 -2.19765e-09  1.60807e-09 2.96222e-11 -1.9231e-09  8.35577e-10 1.74827e-10 -1.64685e-09  5.24271e-10 7.28818e-11 -1.2492e-09  2.51984e-10 -2.51888e-10 -1.00656e-09  -4.58463e-10 -3.86649e-10 -6.72582e-10  -5.46564e-10 -3.54287e-10 -3.07026e-10  -3.08676e-10 -2.76509e-10 -2.14529e-10  -5.51022e-10 -2.95352e-10 -2.32773e-10  -7.02165e-10 -2.06097e-10 -1.17111e-10  4.68245e-10 -1.40877e-12 -5.28073e-11  -8.22823e-10 -3.56713e-10 6.61133e-11  -2.56274e-12 -8.36791e-11 1.90976e-10  -1.4813e-10 -1.10221e-10 9.64416e-11  7.98941e-10 9.57715e-11 -5.49785e-11  8.3782e-10 8.65216e-11 -1.08486e-10  3.19959e-10 -8.69469e-12 -3.49199e-11  3.01228e-10 -5.68244e-11 1.89169e-11  5.02349e-07 2.59749e-07 8.47714e-07  3.39708e-06 1.43775e-06 1.48035e-06  6.8043e-06 2.75018e-06 1.03125e-06  8.22488e-06 3.33357e-06 -1.88574e-07  7.68237e-06 3.08414e-06 -1.48521e-06  5.48058e-06 2.14203e-06 -2.30038e-06  2.94951e-06 1.10306e-06 -2.44756e-06  1.04187e-06 3.4464e-07 -2.10437e-06  1.5502e-07 3.91287e-09 -1.60959e-06  2.57717e-08 -3.60963e-08 -1.18768e-06  4.69432e-07 1.63429e-07 -9.88516e-07  7.10002e-07 2.78173e-07 -1.01019e-06  5.44688e-07 2.23029e-07 -1.04205e-06  2.03262e-07 9.17516e-08 -8.97293e-07  6.72138e-08 3.01462e-08 -6.32251e-07  1.27128e-07 4.59216e-08 -4.36679e-07  1.39334e-07 5.22546e-08 -3.40205e-07  7.5407e-08 3.08277e-08 -2.58819e-07  3.60814e-08 1.6391e-08 -1.74284e-07  3.12732e-08 1.38798e-08 -1.14898e-07  2.68555e-08 1.22619e-08 -8.18625e-08  1.60405e-08 8.19079e-09 -5.92469e-08  1.04379e-08 6.16919e-09 -4.11392e-08  9.27854e-09 5.24822e-09 -2.87099e-08  8.12384e-09 4.12833e-09 -2.08057e-08  5.38781e-09 3.07779e-09 -1.4992e-08  3.57492e-09 2.52717e-09 -1.04146e-08  3.83821e-09 2.09894e-09 -7.41838e-09  3.40128e-09 1.46595e-09 -5.6416e-09  2.58713e-09 1.25489e-09 -4.22063e-09  1.65621e-09 9.70954e-10 -2.9998e-09  1.47162e-09 6.57748e-10 -2.26727e-09  1.03137e-09 2.52326e-10 -1.92196e-09  4.42259e-10 1.08894e-10 -1.58712e-09  1.38485e-10 -1.17463e-10 -1.28965e-09  -5.38071e-10 -3.83127e-10 -1.05635e-09  -1.16781e-09 -3.54356e-10 -7.16878e-10  -1.266e-09 -3.75997e-10 -3.52097e-10  -1.03107e-09 -4.0234e-10 -2.03247e-10  -1.20305e-09 -2.94916e-10 -1.58629e-10  -1.06502e-09 -1.93261e-10 -1.15965e-10  -1.38002e-09 -3.95105e-10 -7.29119e-11  -6.71234e-10 -4.71871e-11 1.1648e-10  -3.98893e-10 -7.95363e-11 2.58795e-10  2.93173e-10 1.27921e-10 1.62025e-10  1.21294e-11 -4.83369e-11 -1.75797e-11  1.15022e-10 -6.34215e-12 -1.23239e-10  1.87874e-10 -2.02029e-11 -4.0274e-11  6.46178e-11 -1.83596e-10 3.25824e-11  6.18307e-07 3.45402e-07 8.84554e-07  3.17486e-06 1.73944e-06 1.39697e-06  5.96122e-06 3.25964e-06 1.03165e-06  8.01141e-06 4.38578e-06 -1.80117e-07  7.38983e-06 4.03449e-06 -1.48346e-06  5.29691e-06 2.87496e-06 -2.30425e-06  2.8084e-06 1.49798e-06 -2.45334e-06  9.86563e-07 5.05974e-07 -2.11926e-06  1.68781e-07 6.29212e-08 -1.62251e-06  1.36284e-07 5.15702e-08 -1.19933e-06  4.66175e-07 2.47648e-07 -9.92442e-07  6.67826e-07 3.84973e-07 -1.00604e-06  5.24746e-07 3.20475e-07 -1.03911e-06  2.17778e-07 1.41323e-07 -8.99296e-07  8.37869e-08 4.97602e-08 -6.37222e-07  1.26913e-07 6.58371e-08 -4.37822e-07  1.34535e-07 7.47492e-08 -3.38346e-07  8.01942e-08 4.89559e-08 -2.58348e-07  4.22647e-08 2.5996e-08 -1.75307e-07  3.50685e-08 2.00013e-08 -1.15566e-07  3.0118e-08 1.7663e-08 -8.19237e-08  1.97946e-08 1.32531e-08 -5.92963e-08  1.4359e-08 9.71258e-09 -4.14918e-08  1.25151e-08 7.4546e-09 -2.91752e-08  1.02316e-08 5.55816e-09 -2.09154e-08  7.73379e-09 4.61676e-09 -1.4792e-08  6.83841e-09 4.41234e-09 -1.04513e-08  5.61981e-09 2.92318e-09 -7.6417e-09  5.0007e-09 1.94636e-09 -5.69395e-09  3.97106e-09 1.42953e-09 -4.15064e-09  3.30132e-09 1.49311e-09 -3.011e-09  2.94365e-09 1.12523e-09 -2.35858e-09  2.35967e-09 6.89862e-10 -1.97366e-09  1.69841e-09 2.85666e-10 -1.6205e-09  1.14168e-09 -5.5841e-11 -1.2944e-09  5.78254e-10 -2.15327e-11 -1.00749e-09  1.62454e-10 1.75917e-10 -7.33131e-10  -9.97994e-11 3.75231e-11 -4.50779e-10  -1.36542e-10 -1.8145e-10 -2.15313e-10  2.44788e-11 -8.20723e-12 -9.68757e-11  6.74677e-11 1.29127e-10 -7.69495e-11  -2.40701e-10 2.97415e-10 -2.60539e-11  -3.88869e-10 2.9533e-10 1.27339e-10  -7.58005e-10 -7.52925e-11 3.06583e-10  -2.03029e-10 8.37066e-11 2.32034e-10  -1.71117e-11 1.09251e-10 2.54412e-11  8.49042e-10 4.96903e-10 -6.34081e-11  -1.20227e-10 -1.91594e-10 -7.87168e-11  -9.91264e-11 -2.22642e-10 3.42324e-11  1.65329e-07 4.8198e-08 8.36758e-07  2.97639e-06 2.08193e-06 1.39739e-06  5.75284e-06 4.13394e-06 1.00215e-06  7.01048e-06 5.01868e-06 -1.82091e-07  6.58466e-06 4.72666e-06 -1.48156e-06  4.76262e-06 3.41075e-06 -2.3074e-06  2.57046e-06 1.83668e-06 -2.4634e-06  9.49246e-07 6.76536e-07 -2.13176e-06  1.34854e-07 9.19873e-08 -1.642e-06  7.31612e-08 4.24255e-08 -1.21321e-06  3.91329e-07 2.92884e-07 -9.93979e-07  6.26045e-07 4.94304e-07 -1.00317e-06  4.96121e-07 4.08741e-07 -1.04156e-06  2.01136e-07 1.71193e-07 -9.04852e-07  6.59341e-08 4.98132e-08 -6.41607e-07  1.04918e-07 7.32805e-08 -4.37722e-07  1.21238e-07 9.16755e-08 -3.36214e-07  7.14459e-08 5.79448e-08 -2.58178e-07  3.43304e-08 2.71901e-08 -1.7644e-07  2.64757e-08 1.88283e-08 -1.1589e-07  2.30137e-08 1.74423e-08 -8.14439e-08  1.54704e-08 1.33652e-08 -5.93218e-08  1.0397e-08 8.55312e-09 -4.20963e-08  8.27623e-09 5.66579e-09 -2.94803e-08  6.33825e-09 4.20463e-09 -2.08271e-08  5.42808e-09 3.73854e-09 -1.47537e-08  4.67316e-09 3.01596e-09 -1.05516e-08  3.94331e-09 1.99809e-09 -7.78969e-09  2.56508e-09 5.95774e-10 -5.73134e-09  2.00361e-09 3.75732e-10 -4.05291e-09  1.97813e-09 6.43955e-10 -2.99602e-09  1.63934e-09 3.45821e-10 -2.45078e-09  1.04215e-09 -1.01494e-10 -2.04876e-09  2.70993e-10 -5.83858e-10 -1.641e-09  -2.54249e-10 -8.25799e-10 -1.24659e-09  -3.34955e-10 -6.16759e-10 -9.13907e-10  -3.27293e-10 -3.79908e-10 -7.09366e-10  -7.02558e-10 -5.4187e-10 -5.38472e-10  -1.04474e-09 -8.51084e-10 -3.08017e-10  -9.68803e-10 -9.19907e-10 -1.05475e-10  -7.09248e-10 -6.22267e-10 3.54052e-11  -4.27079e-10 -1.05173e-11 8.50264e-11  -4.55076e-10 2.08671e-10 1.27424e-10  7.66509e-11 3.46536e-10 2.48021e-10  5.13679e-10 6.19339e-10 2.92772e-10  2.65649e-10 2.24502e-10 1.1507e-10  -1.62175e-10 -1.94207e-10 -4.13854e-11  4.88435e-10 1.82826e-10 -3.94818e-11  -2.27014e-11 -1.78785e-10 3.11563e-11  3.46497e-07 1.95742e-07 7.95235e-07  2.59636e-06 2.31737e-06 1.40694e-06  5.03696e-06 4.635e-06 1.01452e-06  6.33033e-06 5.90213e-06 -1.63334e-07  5.91451e-06 5.57685e-06 -1.46173e-06  4.29997e-06 4.01707e-06 -2.30552e-06  2.30909e-06 2.15607e-06 -2.45793e-06  8.91982e-07 8.30914e-07 -2.13984e-06  1.82753e-07 1.7873e-07 -1.65793e-06  1.11779e-07 1.21356e-07 -1.22684e-06  3.91982e-07 4.05989e-07 -9.98413e-07  5.93735e-07 6.11966e-07 -1.00437e-06  4.79114e-07 4.96293e-07 -1.04699e-06  2.09092e-07 2.11281e-07 -9.11595e-07  8.21936e-08 6.95242e-08 -6.44837e-07  1.09782e-07 9.60217e-08 -4.36822e-07  1.22734e-07 1.16435e-07 -3.34505e-07  7.79061e-08 7.59909e-08 -2.5825e-07  4.11001e-08 3.78365e-08 -1.7729e-07  3.11829e-08 2.67985e-08 -1.15817e-07  2.73116e-08 2.51467e-08 -8.08781e-08  2.00274e-08 1.9527e-08 -5.94132e-08  1.40022e-08 1.30971e-08 -4.25621e-08  1.03627e-08 9.01903e-09 -2.96237e-08  8.59746e-09 7.67282e-09 -2.07849e-08  7.1689e-09 6.40035e-09 -1.4895e-08  5.81005e-09 4.87668e-09 -1.07634e-08  4.43862e-09 3.53658e-09 -7.8599e-09  2.78286e-09 2.28703e-09 -5.69096e-09  2.24221e-09 2.03808e-09 -4.05506e-09  2.30167e-09 1.90032e-09 -3.07504e-09  2.05402e-09 1.55485e-09 -2.53471e-09  1.45732e-09 1.12515e-09 -2.08442e-09  9.04138e-10 7.52149e-10 -1.63072e-09  6.07677e-10 5.49545e-10 -1.24719e-09  5.33414e-10 3.96716e-10 -9.33259e-10  4.90697e-10 2.77012e-10 -7.03647e-10  6.34853e-11 1.58275e-10 -5.63424e-10  -4.40064e-10 -3.66497e-14 -4.08101e-10  -6.45065e-10 -2.40642e-10 -1.65004e-10  -3.92489e-10 -1.15773e-10 6.54983e-11  2.18224e-10 4.17437e-10 1.52547e-10  4.66081e-10 7.78418e-10 1.50437e-10  2.6432e-10 4.26575e-10 2.04305e-10  -3.50954e-10 -2.82083e-10 3.36825e-10  5.21637e-10 4.42912e-10 2.10051e-10  1.20653e-10 6.02695e-11 3.53887e-11  8.87397e-11 -1.60732e-10 -1.90171e-11  -3.0025e-11 -2.17041e-10 7.25965e-11  4.12962e-07 3.64453e-07 8.17364e-07  2.04861e-06 2.39349e-06 1.34385e-06  4.15292e-06 4.97555e-06 1.01642e-06  5.32341e-06 6.50672e-06 -1.45291e-07  5.19209e-06 6.36735e-06 -1.4409e-06  3.61025e-06 4.42528e-06 -2.30675e-06  2.03951e-06 2.46933e-06 -2.4504e-06  8.18086e-07 9.65947e-07 -2.14389e-06  2.05537e-07 2.3186e-07 -1.66554e-06  1.056e-07 1.56876e-07 -1.23335e-06  3.10981e-07 4.4106e-07 -1.00749e-06  4.94976e-07 6.6852e-07 -1.01201e-06  4.14571e-07 5.37594e-07 -1.0542e-06  1.82919e-07 2.12467e-07 -9.17998e-07  6.20939e-08 4.88916e-08 -6.452e-07  8.17039e-08 8.47862e-08 -4.34331e-07  9.64304e-08 1.15042e-07 -3.33104e-07  6.07965e-08 7.25381e-08 -2.58281e-07  2.8913e-08 3.03649e-08 -1.77579e-07  1.95947e-08 1.93591e-08 -1.15341e-07  1.76854e-08 1.98677e-08 -8.02021e-08  1.27352e-08 1.51034e-08 -5.92972e-08  7.58457e-09 8.58585e-09 -4.27051e-08  4.86473e-09 5.35933e-09 -2.9575e-08  4.25532e-09 4.94696e-09 -2.0739e-08  3.61834e-09 4.16783e-09 -1.4973e-08  2.91563e-09 3.28452e-09 -1.08673e-08  1.96604e-09 2.42182e-09 -7.82987e-09  1.37853e-09 2.30116e-09 -5.62277e-09  1.23882e-09 2.11454e-09 -4.13802e-09  1.36458e-09 1.71658e-09 -3.18078e-09  1.29368e-09 1.3816e-09 -2.53845e-09  9.71381e-10 1.06816e-09 -2.03877e-09  7.69998e-10 7.36342e-10 -1.62114e-09  4.63365e-10 3.21143e-10 -1.29146e-09  5.62064e-11 -1.91868e-10 -1.00298e-09  -2.39036e-10 -5.02097e-10 -7.33453e-10  -4.19088e-10 -3.8422e-10 -5.52564e-10  -5.57383e-10 -1.6639e-10 -4.14406e-10  -7.31612e-10 -2.61831e-10 -2.02032e-10  -7.49266e-10 -3.23976e-10 4.14984e-11  -5.64649e-10 -3.34713e-10 1.63067e-10  -2.13052e-10 2.41704e-11 1.84218e-10  -5.73727e-10 -3.4045e-10 2.80763e-10  -9.9549e-11 2.15142e-10 3.30106e-10  8.05028e-11 1.67568e-10 2.76275e-10  -5.86192e-11 -4.07056e-11 9.78466e-11  -3.1251e-11 -7.17736e-11 6.55891e-11  -2.59426e-10 -3.85207e-10 1.09188e-10  2.02063e-07 2.24352e-07 7.73831e-07  1.72401e-06 2.72596e-06 1.37823e-06  3.27578e-06 5.39853e-06 1.01521e-06  4.33158e-06 7.14628e-06 -1.34199e-07  4.01166e-06 6.64098e-06 -1.44625e-06  2.9504e-06 4.89244e-06 -2.28652e-06  1.67704e-06 2.68774e-06 -2.45669e-06  7.30758e-07 1.06421e-06 -2.14059e-06  2.05824e-07 2.55067e-07 -1.65906e-06  1.08753e-07 1.8927e-07 -1.23044e-06  3.13546e-07 5.90795e-07 -1.01441e-06  4.35774e-07 7.82262e-07 -1.02496e-06  3.51935e-07 5.91433e-07 -1.06564e-06  1.53945e-07 2.12192e-07 -9.22468e-07  5.78259e-08 5.05676e-08 -6.4248e-07  7.5113e-08 1.06695e-07 -4.30296e-07  8.42173e-08 1.37849e-07 -3.32149e-07  5.40591e-08 8.68829e-08 -2.59052e-07  2.69702e-08 3.88112e-08 -1.77599e-07  1.95285e-08 2.9172e-08 -1.14547e-07  1.7566e-08 2.91764e-08 -7.96747e-08  1.36673e-08 2.28875e-08 -5.92726e-08  8.71503e-09 1.42684e-08 -4.27139e-08  6.51197e-09 1.09685e-08 -2.95124e-08  5.45433e-09 9.37495e-09 -2.08195e-08  4.43964e-09 7.54739e-09 -1.50991e-08  3.69964e-09 6.32161e-09 -1.09198e-08  2.66011e-09 4.89389e-09 -7.82498e-09  2.44673e-09 4.54501e-09 -5.65053e-09  2.48484e-09 4.0048e-09 -4.23054e-09  2.18945e-09 2.91467e-09 -3.23236e-09  1.96112e-09 2.39618e-09 -2.50465e-09  1.72659e-09 1.90151e-09 -2.00984e-09  1.4127e-09 1.21817e-09 -1.64456e-09  1.05755e-09 7.99803e-10 -1.32546e-09  6.94119e-10 4.93567e-10 -1.02995e-09  4.65315e-10 4.18963e-10 -7.6701e-10  3.79035e-10 5.09741e-10 -6.0309e-10  3.56251e-10 5.26027e-10 -4.54675e-10  2.98864e-10 5.44265e-10 -1.91056e-10  4.93255e-11 5.60337e-10 7.17584e-11  1.7282e-11 6.72122e-10 1.83826e-10  -4.47314e-10 -2.4048e-10 2.62689e-10  3.32736e-10 1.20216e-09 3.14151e-10  -1.26338e-10 3.48882e-10 3.13476e-10  -2.10736e-10 -8.71459e-12 3.01671e-10  -6.42401e-11 6.18108e-11 2.07777e-10  -1.03205e-10 4.90696e-11 1.25323e-10  -7.29034e-11 6.52813e-11 1.24121e-10  -4.84857e-08 -2.33931e-07 7.70675e-07  1.32154e-06 3.02894e-06 1.38322e-06  2.55776e-06 6.01769e-06 1.02461e-06  3.25758e-06 7.66995e-06 -1.40266e-07  3.1193e-06 7.41704e-06 -1.41242e-06  2.3037e-06 5.41733e-06 -2.28066e-06  1.30491e-06 2.89009e-06 -2.47825e-06  5.95004e-07 1.07417e-06 -2.13542e-06  2.22335e-07 2.99443e-07 -1.63681e-06  1.52241e-07 3.08597e-07 -1.22067e-06  2.23913e-07 5.84413e-07 -1.02076e-06  3.26073e-07 8.25066e-07 -1.03745e-06  2.65317e-07 6.10339e-07 -1.07895e-06  1.17668e-07 1.99984e-07 -9.25513e-07  3.81408e-08 2.47672e-08 -6.3686e-07  4.83104e-08 9.66426e-08 -4.25464e-07  6.0124e-08 1.41343e-07 -3.3194e-07  3.97224e-08 8.64111e-08 -2.60428e-07  1.88175e-08 3.44339e-08 -1.77401e-07  1.27808e-08 2.55455e-08 -1.13458e-07  1.21047e-08 2.72001e-08 -7.93719e-08  9.70042e-09 1.99833e-08 -5.93989e-08  6.17451e-09 1.11123e-08 -4.2672e-08  4.38922e-09 7.5446e-09 -2.94518e-08  3.80584e-09 6.72331e-09 -2.08805e-08  3.0253e-09 5.34992e-09 -1.52077e-08  2.27832e-09 4.09025e-09 -1.09539e-08  1.8408e-09 3.41365e-09 -7.85265e-09  1.7169e-09 2.79869e-09 -5.74421e-09  1.67368e-09 1.92294e-09 -4.28446e-09  1.50902e-09 1.22783e-09 -3.18091e-09  1.29087e-09 9.4397e-10 -2.42948e-09  1.0974e-09 5.02792e-10 -1.97992e-09  7.43162e-10 -4.91286e-11 -1.6347e-09  4.70082e-10 -3.05087e-10 -1.35287e-09  3.87122e-10 -5.21013e-10 -1.07523e-09  3.62047e-10 -4.87662e-10 -7.91005e-10  3.55878e-10 -3.21445e-10 -6.31362e-10  2.03125e-10 -5.17897e-10 -4.92127e-10  6.01163e-11 -6.0389e-10 -1.74268e-10  5.29729e-11 -1.33989e-10 8.55258e-11  -1.21393e-10 -1.28652e-10 1.82148e-10  3.00223e-10 9.5226e-10 2.81508e-10  -4.21725e-11 1.69757e-10 2.67927e-10  -1.26688e-10 1.98868e-10 3.9679e-10  4.55219e-12 4.86459e-10 3.51233e-10  -3.05063e-11 2.35611e-10 2.34797e-10  -2.39987e-10 -1.47165e-10 1.8716e-10  -1.34005e-10 4.73985e-11 1.50611e-10  1.55798e-07 3.70133e-07 8.06232e-07  8.9412e-07 3.1762e-06 1.41155e-06  1.72867e-06 6.33947e-06 1.04956e-06  2.15238e-06 8.06554e-06 -1.29583e-07  2.06831e-06 7.80312e-06 -1.40047e-06  1.5628e-06 5.75672e-06 -2.31665e-06  9.05583e-07 3.0105e-06 -2.50759e-06  4.36684e-07 1.04507e-06 -2.14035e-06  1.94366e-07 2.50233e-07 -1.60766e-06  1.40922e-07 3.28028e-07 -1.19929e-06  1.86404e-07 7.18589e-07 -1.01792e-06  2.30765e-07 9.23153e-07 -1.0499e-06  1.88259e-07 6.46832e-07 -1.0932e-06  8.95998e-08 1.97804e-07 -9.26302e-07  3.46755e-08 3.19074e-08 -6.28856e-07  3.96613e-08 1.26836e-07 -4.20178e-07  4.63531e-08 1.66491e-07 -3.3281e-07  3.34008e-08 9.93377e-08 -2.61948e-07  1.80581e-08 4.32142e-08 -1.76638e-07  1.29292e-08 3.56224e-08 -1.12326e-07  1.22941e-08 3.60471e-08 -7.92439e-08  9.59525e-09 2.49431e-08 -5.9561e-08  6.27911e-09 1.43383e-08 -4.26034e-08  4.43829e-09 9.7847e-09 -2.94265e-08  3.69412e-09 8.43272e-09 -2.09323e-08  2.75496e-09 6.61337e-09 -1.52671e-08  1.90935e-09 5.09389e-09 -1.10002e-08  1.38823e-09 4.05578e-09 -7.91123e-09  1.0533e-09 3.07487e-09 -5.81466e-09  8.02439e-10 1.99489e-09 -4.30324e-09  6.76513e-10 1.34259e-09 -3.12763e-09  7.25861e-10 1.29891e-09 -2.36568e-09  7.08117e-10 1.0513e-09 -1.92648e-09  5.11066e-10 8.32766e-10 -1.6099e-09  4.86382e-10 6.62714e-10 -1.4028e-09  5.23111e-10 4.81851e-11 -1.11782e-09  4.84695e-10 -1.84519e-10 -7.65965e-10  4.3232e-10 -1.07072e-10 -5.69566e-10  2.52074e-10 -8.31553e-11 -4.26125e-10  3.5845e-13 -1.92353e-10 -2.18131e-10  2.25469e-10 1.17266e-10 1.18377e-11  3.32048e-10 7.61916e-10 1.65698e-10  1.33386e-11 -3.12185e-10 1.9698e-10  -1.14003e-11 3.01263e-11 3.97729e-10  -9.49717e-11 1.31385e-10 4.0186e-10  -2.05722e-10 1.0355e-10 3.96636e-10  -2.4035e-10 3.93483e-12 2.32112e-10  -2.83348e-10 -9.36886e-11 2.36778e-10  -1.59721e-10 9.06228e-11 1.5007e-10  9.92126e-08 2.25099e-07 8.06514e-07  5.37543e-07 3.3963e-06 1.45206e-06  9.1177e-07 6.63493e-06 1.07037e-06  1.10443e-06 8.54933e-06 -8.74696e-08  1.04251e-06 8.25621e-06 -1.42379e-06  7.87149e-07 5.98499e-06 -2.33821e-06  4.87353e-07 3.12573e-06 -2.53888e-06  2.48136e-07 9.61261e-07 -2.1475e-06  1.36011e-07 1.62446e-07 -1.59552e-06  9.62211e-08 2.7169e-07 -1.17685e-06  1.09747e-07 7.20036e-07 -1.00947e-06  1.39231e-07 1.0075e-06 -1.0583e-06  1.13728e-07 6.61579e-07 -1.1031e-06  5.99596e-08 1.73964e-07 -9.25696e-07  2.6786e-08 1.70531e-08 -6.20189e-07  2.63299e-08 1.33106e-07 -4.1541e-07  2.88189e-08 1.73671e-07 -3.33953e-07  2.21798e-08 9.44994e-08 -2.62864e-07  1.25789e-08 3.7654e-08 -1.75377e-07  8.42935e-09 3.3206e-08 -1.114e-07  8.16553e-09 3.39358e-08 -7.91983e-08  6.10572e-09 2.23207e-08 -5.94924e-08  3.24792e-09 1.19927e-08 -4.24517e-08  1.84715e-09 8.52275e-09 -2.94699e-08  1.34045e-09 7.2977e-09 -2.10538e-08  7.16199e-10 5.77083e-09 -1.53218e-08  1.66839e-10 4.96122e-09 -1.10604e-08  -1.84844e-10 3.94712e-09 -7.97642e-09  -3.41346e-10 3.55217e-09 -5.84469e-09  -4.77812e-10 2.61057e-09 -4.30255e-09  -3.21101e-10 2.1413e-09 -3.14306e-09  6.13949e-11 1.9147e-09 -2.37937e-09  2.38488e-10 1.54927e-09 -1.88386e-09  2.27085e-10 1.34924e-09 -1.57449e-09  3.69299e-10 9.38373e-10 -1.38115e-09  4.1834e-10 6.97563e-11 -1.04696e-09  2.83537e-10 -2.50442e-10 -6.77432e-10  2.04086e-10 -8.39247e-11 -4.89799e-10  2.53677e-11 -1.32228e-10 -3.67859e-10  2.65774e-11 9.29382e-10 -2.64347e-10  -5.64017e-11 -2.33173e-10 -9.49646e-11  6.69657e-11 -3.09843e-10 7.8878e-11  8.33346e-12 -6.8505e-11 2.81961e-10  -1.32696e-10 -6.08944e-11 3.1129e-10  -2.02982e-10 3.34144e-11 4.78061e-10  -2.0467e-10 4.09507e-10 3.59336e-10  -2.77987e-10 2.3872e-10 2.40191e-10  -2.98411e-10 1.4885e-10 2.10351e-10  -1.61299e-10 2.16306e-10 1.29748e-10  9.60927e-08 2.5404e-07 7.87194e-07  -1.91224e-07 3.21067e-06 1.45189e-06  -5.93693e-07 6.69121e-06 1.13798e-06  -8.98889e-07 8.66074e-06 -5.64739e-08  -9.64509e-07 8.38715e-06 -1.3919e-06  -7.65669e-07 6.12105e-06 -2.36843e-06  -4.29687e-07 3.15252e-06 -2.5694e-06  -1.51138e-07 9.62307e-07 -2.16898e-06  -2.10008e-08 1.857e-07 -1.60395e-06  2.82995e-08 2.5167e-07 -1.1783e-06  -1.79474e-08 7.73067e-07 -1.00867e-06  -4.92092e-08 9.56434e-07 -1.05665e-06  -3.51397e-08 6.31532e-07 -1.08942e-06  -1.91542e-09 1.64567e-07 -9.12386e-07  5.76453e-09 1.47576e-08 -6.12452e-07  -9.88602e-09 1.28758e-07 -4.12975e-07  -1.43781e-08 1.64317e-07 -3.33371e-07  -6.4779e-09 8.83497e-08 -2.60401e-07  -3.9459e-09 3.82054e-08 -1.72532e-07  -6.19619e-09 3.46983e-08 -1.11142e-07  -4.76587e-09 3.17522e-08 -8.00708e-08  -2.26745e-09 2.08937e-08 -5.92092e-08  -2.38367e-09 1.45728e-08 -4.20379e-08  -2.53649e-09 1.15456e-08 -2.99581e-08  -1.74719e-09 9.07156e-09 -2.16655e-08  -1.21726e-09 7.55073e-09 -1.55491e-08  -1.01504e-09 6.75219e-09 -1.11884e-08  -6.31894e-10 5.75791e-09 -8.11758e-09  -4.26331e-10 4.88325e-09 -5.88315e-09  -1.51579e-10 3.90933e-09 -4.27503e-09  2.09965e-10 2.9164e-09 -3.12997e-09  3.67858e-10 2.12435e-09 -2.27618e-09  3.30959e-10 1.68002e-09 -1.65777e-09  4.64118e-10 1.52936e-09 -1.37106e-09  6.42471e-10 6.63386e-10 -1.1245e-09  3.08947e-10 -2.37527e-10 -7.62366e-10  3.76237e-11 1.00975e-09 -5.35558e-10  1.94144e-10 2.09864e-10 -4.50017e-10  5.04709e-10 -3.46705e-10 -3.53089e-10  4.61785e-10 9.28881e-11 -3.24322e-10  5.11647e-10 -1.39755e-09 -1.81968e-10  2.11139e-10 8.09076e-10 -4.46583e-11  2.42058e-10 5.98766e-10 9.31865e-11  3.02826e-10 -2.31321e-10 3.40941e-10  9.92887e-11 4.66968e-10 3.61632e-10  -4.08158e-11 5.58868e-10 2.96443e-10  -1.82173e-10 4.97772e-10 1.4274e-10  -1.08096e-10 3.88522e-10 1.36645e-10  -6.03292e-11 3.25278e-10 4.02382e-11  6.45824e-08 1.79946e-07 7.58674e-07  -5.84937e-07 3.03894e-06 1.4303e-06  -1.37404e-06 6.28757e-06 1.11654e-06  -1.93142e-06 8.28511e-06 -2.30312e-09  -2.01851e-06 8.1442e-06 -1.37193e-06  -1.56222e-06 5.99748e-06 -2.33787e-06  -8.97819e-07 3.08536e-06 -2.56668e-06  -3.67972e-07 1.03001e-06 -2.17809e-06  -1.03355e-07 2.22474e-07 -1.63012e-06  -2.6916e-08 2.99721e-07 -1.20762e-06  -7.63351e-08 6.87895e-07 -1.01771e-06  -1.39631e-07 8.54924e-07 -1.04243e-06  -1.1685e-07 5.92997e-07 -1.07161e-06  -3.58802e-08 1.72123e-07 -9.02842e-07  -2.26737e-09 2.7002e-08 -6.12785e-07  -2.43711e-08 1.19886e-07 -4.13882e-07  -3.40903e-08 1.54786e-07 -3.31314e-07  -1.7812e-08 8.6599e-08 -2.57795e-07  -8.01411e-09 4.09559e-08 -1.70846e-07  -1.03594e-08 3.74658e-08 -1.10972e-07  -8.644e-09 3.04498e-08 -8.07271e-08  -3.86848e-09 1.87236e-08 -5.92996e-08  -2.64939e-09 1.33094e-08 -4.16777e-08  -2.85125e-09 1.06315e-08 -2.9957e-08  -1.98211e-09 7.38657e-09 -2.18881e-08  -1.38618e-09 5.76013e-09 -1.56185e-08  -1.05071e-09 4.61096e-09 -1.11632e-08  -8.06107e-10 3.57463e-09 -8.05481e-09  -7.73157e-10 2.75396e-09 -5.8058e-09  -5.99535e-10 1.89072e-09 -4.20797e-09  -3.17668e-10 1.2168e-09 -3.04351e-09  -1.56731e-10 7.91039e-10 -2.15108e-09  -1.60561e-10 8.6946e-10 -1.57739e-09  1.855e-10 5.74747e-10 -1.30031e-09  3.36345e-10 -3.63286e-10 -9.14665e-10  -1.39207e-10 2.73187e-10 -6.56833e-10  3.90095e-10 -8.3927e-10 -6.05489e-10  2.24064e-10 3.86197e-10 -4.89493e-10  5.19743e-10 3.76073e-11 -3.77566e-10  3.63541e-10 5.39245e-10 -2.36056e-10  3.4512e-10 2.14589e-10 -1.88518e-10  2.15294e-10 4.57492e-10 -1.20241e-10  7.00763e-10 -1.4681e-09 2.18792e-11  -3.1108e-11 8.67521e-10 2.79616e-10  8.42816e-11 1.78762e-10 3.45549e-10  -8.57848e-11 7.40035e-10 2.09397e-10  -2.80691e-10 6.24803e-10 1.03262e-10  -1.60667e-10 4.35547e-10 1.71852e-11  -6.91213e-11 2.73033e-10 3.01205e-12  2.08842e-07 -3.63493e-07 7.19732e-07  -1.01971e-06 2.86411e-06 1.38433e-06  -2.1674e-06 5.91327e-06 1.11612e-06  -2.99068e-06 7.90297e-06 1.36635e-08  -3.0988e-06 7.87665e-06 -1.31184e-06  -2.33966e-06 5.70253e-06 -2.30867e-06  -1.38199e-06 3.08164e-06 -2.53697e-06  -6.08292e-07 1.1438e-06 -2.19327e-06  -1.87896e-07 3.30802e-07 -1.66726e-06  -7.12097e-08 3.02985e-07 -1.24069e-06  -1.24007e-07 5.52919e-07 -1.02323e-06  -2.54349e-07 7.9256e-07 -1.02182e-06  -2.07875e-07 5.63252e-07 -1.0561e-06  -6.86675e-08 1.77162e-07 -8.98475e-07  -7.88063e-09 3.56165e-08 -6.13161e-07  -4.12254e-08 1.1845e-07 -4.12854e-07  -5.6289e-08 1.48608e-07 -3.28837e-07  -2.86067e-08 8.35384e-08 -2.55918e-07  -1.0264e-08 4.10079e-08 -1.69162e-07  -1.3281e-08 3.84712e-08 -1.09803e-07  -1.26437e-08 3.02504e-08 -8.09145e-08  -5.86027e-09 1.66406e-08 -5.96791e-08  -3.25829e-09 1.12946e-08 -4.13474e-08  -3.96719e-09 1.03381e-08 -2.96407e-08  -3.37768e-09 7.42614e-09 -2.19414e-08  -2.72564e-09 5.47716e-09 -1.56684e-08  -2.46556e-09 4.41067e-09 -1.11053e-08  -2.46282e-09 3.70228e-09 -7.96421e-09  -2.45029e-09 3.16361e-09 -5.7331e-09  -2.29508e-09 2.76785e-09 -4.18788e-09  -1.82237e-09 2.02138e-09 -3.06492e-09  -1.42004e-09 1.49821e-09 -2.16824e-09  -1.06862e-09 1.41945e-09 -1.61699e-09  -4.4673e-10 6.46018e-10 -1.25319e-09  -5.64029e-10 2.52116e-10 -8.41717e-10  -7.50113e-11 -4.79494e-10 -6.6694e-10  -2.79059e-10 7.93977e-10 -7.41956e-10  8.29265e-10 -1.11195e-09 -5.65361e-10  5.64958e-11 9.3706e-10 -3.37427e-10  7.84545e-10 -9.20839e-10 -2.34125e-10  5.44834e-10 -2.16454e-10 -9.01705e-11  6.25303e-10 -5.38618e-10 -1.27603e-10  -1.27213e-11 7.52817e-10 3.7095e-11  3.75858e-10 -1.32919e-10 2.25015e-10  -1.69677e-10 1.34092e-09 1.97826e-10  -4.20912e-11 1.02289e-09 1.48357e-10  -3.68294e-10 1.16758e-09 6.97986e-11  -2.33175e-10 7.3101e-10 -7.59903e-11  -5.15502e-11 3.50032e-10 -6.50583e-11  -1.13628e-07 2.12314e-07 7.30567e-07  -1.32494e-06 2.39001e-06 1.35994e-06  -2.8883e-06 5.28042e-06 1.09617e-06  -3.83719e-06 6.97139e-06 1.79315e-08  -4.02512e-06 7.15299e-06 -1.25542e-06  -3.12228e-06 5.38493e-06 -2.24732e-06  -1.84477e-06 3.00055e-06 -2.52089e-06  -8.11148e-07 1.21184e-06 -2.21013e-06  -2.34012e-07 3.51205e-07 -1.70122e-06  -9.2712e-08 2.67096e-07 -1.26097e-06  -2.24725e-07 5.29626e-07 -1.02235e-06  -3.55917e-07 6.99466e-07 -1.00819e-06  -2.9893e-07 5.32441e-07 -1.04564e-06  -9.40329e-08 1.67225e-07 -8.9827e-07  -3.78825e-09 2.36559e-08 -6.12269e-07  -5.34961e-08 1.05124e-07 -4.08998e-07  -7.68454e-08 1.36093e-07 -3.26473e-07  -3.61593e-08 7.0553e-08 -2.55287e-07  -8.21494e-09 2.86479e-08 -1.67606e-07  -1.26382e-08 2.96586e-08 -1.07583e-07  -1.45234e-08 2.42192e-08 -8.02939e-08  -6.27864e-09 9.8048e-09 -6.01494e-08  -2.6752e-09 5.25426e-09 -4.12793e-08  -3.76958e-09 6.67054e-09 -2.92751e-08  -3.53498e-09 5.52052e-09 -2.18322e-08  -2.90262e-09 4.16778e-09 -1.56572e-08  -2.86888e-09 3.85762e-09 -1.10191e-08  -2.98614e-09 3.85717e-09 -7.88286e-09  -2.91475e-09 3.99294e-09 -5.70969e-09  -2.52398e-09 3.71767e-09 -4.19007e-09  -2.06959e-09 2.87677e-09 -3.06939e-09  -1.57872e-09 2.16823e-09 -2.22541e-09  -9.88769e-10 1.61511e-09 -1.689e-09  -3.74844e-10 5.04844e-10 -1.20299e-09  -3.89597e-10 2.56612e-10 -7.59072e-10  -7.34005e-10 1.06767e-09 -7.41908e-10  -6.40773e-11 6.88304e-11 -7.70586e-10  -1.42794e-10 6.65721e-10 -5.74839e-10  1.82449e-10 -2.50035e-10 -3.52069e-10  3.9443e-10 -1.8014e-10 -1.97314e-10  4.15839e-10 7.59708e-11 -6.53446e-11  3.58976e-11 8.7814e-10 -7.58426e-11  5.24094e-10 1.03687e-10 4.7885e-11  -5.00918e-11 1.34129e-09 1.33619e-10  5.94904e-10 3.57583e-10 6.47833e-12  3.61176e-10 4.97109e-10 1.38322e-10  -6.47219e-11 9.17847e-10 3.40328e-11  -2.15117e-12 5.31749e-10 -1.2849e-10  1.43738e-10 9.06361e-11 -8.03195e-11  -1.15349e-07 7.05576e-08 7.36854e-07  -1.87963e-06 2.33799e-06 1.33498e-06  -3.61618e-06 4.63269e-06 1.05879e-06  -4.87167e-06 6.27821e-06 4.34437e-08  -4.92599e-06 6.32303e-06 -1.24111e-06  -3.89425e-06 4.99263e-06 -2.21243e-06  -2.27274e-06 2.83949e-06 -2.51111e-06  -9.77992e-07 1.2131e-06 -2.21658e-06  -2.88324e-07 3.90161e-07 -1.72933e-06  -9.567e-08 1.95676e-07 -1.27117e-06  -3.01746e-07 4.61505e-07 -1.01302e-06  -4.92952e-07 6.73063e-07 -9.99737e-07  -3.90146e-07 5.08452e-07 -1.04257e-06  -1.26764e-07 1.67559e-07 -8.9957e-07  -1.56729e-08 3.69901e-08 -6.09826e-07  -8.03203e-08 1.1664e-07 -4.04241e-07  -1.08481e-07 1.42485e-07 -3.24295e-07  -5.28978e-08 7.16013e-08 -2.55405e-07  -1.52401e-08 2.86409e-08 -1.66659e-07  -1.96252e-08 3.13213e-08 -1.05296e-07  -2.28658e-08 2.8211e-08 -7.91323e-08  -1.27624e-08 1.32539e-08 -6.05503e-08  -7.14992e-09 7.54831e-09 -4.16928e-08  -7.24909e-09 8.76151e-09 -2.92508e-08  -5.98865e-09 7.81136e-09 -2.17556e-08  -4.61349e-09 6.4079e-09 -1.56063e-08  -4.05446e-09 5.76985e-09 -1.09395e-08  -3.54879e-09 5.31561e-09 -7.86428e-09  -2.81574e-09 4.95306e-09 -5.7383e-09  -2.09364e-09 4.24192e-09 -4.13456e-09  -1.79361e-09 3.44405e-09 -3.00587e-09  -1.28775e-09 2.78886e-09 -2.25653e-09  -7.68805e-10 1.8903e-09 -1.70876e-09  -9.16413e-10 1.7264e-09 -1.19915e-09  -1.06486e-10 7.38748e-10 -7.24359e-10  -2.76105e-10 9.59102e-10 -5.84143e-10  -1.87654e-11 -1.81198e-10 -7.00204e-10  1.73349e-10 -5.96704e-10 -5.0442e-10  2.86081e-11 -3.94413e-10 -4.17297e-10  4.90188e-10 -5.7346e-10 -2.93252e-10  8.75632e-10 -7.35513e-10 -1.1141e-10  2.02165e-10 3.90201e-10 -4.9878e-11  1.49676e-09 -1.31412e-09 -2.07517e-11  3.18383e-10 5.95967e-10 2.44727e-11  8.18499e-10 -1.88607e-10 -3.712e-11  4.53837e-10 2.0181e-10 3.1923e-11  1.78021e-10 5.72713e-10 2.63706e-11  8.35269e-11 3.72496e-10 -1.65388e-10  2.48191e-10 -7.30728e-11 -5.76392e-11  -3.53707e-07 2.37883e-07 7.71437e-07  -2.25455e-06 2.06427e-06 1.34847e-06  -4.47443e-06 4.2031e-06 1.07596e-06  -5.86944e-06 5.58295e-06 3.83323e-08  -6.06246e-06 5.81763e-06 -1.22917e-06  -4.48138e-06 4.35147e-06 -2.22744e-06  -2.66813e-06 2.6291e-06 -2.49846e-06  -1.12667e-06 1.15174e-06 -2.22589e-06  -3.3747e-07 4.05564e-07 -1.72482e-06  -1.6452e-07 2.16003e-07 -1.26975e-06  -4.17107e-07 4.39196e-07 -1.0109e-06  -5.81967e-07 5.88487e-07 -9.95538e-07  -4.69878e-07 4.65917e-07 -1.04352e-06  -1.54549e-07 1.59223e-07 -9.00803e-07  -1.99206e-08 3.71132e-08 -6.08407e-07  -9.25568e-08 1.08678e-07 -3.99913e-07  -1.27623e-07 1.32118e-07 -3.21403e-07  -6.53209e-08 6.65112e-08 -2.55293e-07  -1.8909e-08 2.3145e-08 -1.664e-07  -2.2147e-08 2.52186e-08 -1.03649e-07  -2.67329e-08 2.5309e-08 -7.79546e-08  -1.58214e-08 1.28227e-08 -6.06891e-08  -9.0372e-09 6.73559e-09 -4.21756e-08  -8.59112e-09 7.1555e-09 -2.94682e-08  -6.48709e-09 6.34214e-09 -2.17485e-08  -4.38642e-09 5.07274e-09 -1.54587e-08  -3.57972e-09 4.21926e-09 -1.07664e-08  -3.05099e-09 3.72364e-09 -7.80835e-09  -1.9817e-09 3.08429e-09 -5.68071e-09  -1.46401e-09 2.45376e-09 -4.00833e-09  -1.22221e-09 1.90453e-09 -2.99506e-09  -5.05307e-10 1.27214e-09 -2.24251e-09  -4.76279e-10 9.14585e-10 -1.65209e-09  -1.45745e-11 3.42979e-10 -1.24877e-09  1.49482e-10 1.66585e-10 -8.27495e-10  4.57945e-10 7.56354e-12 -5.29166e-10  -7.68526e-10 1.06816e-09 -4.48867e-10  -8.92599e-10 5.23564e-10 -4.19907e-10  3.5973e-12 -1.01851e-10 -3.91764e-10  3.17667e-10 -1.02866e-10 -4.73343e-10  5.92541e-10 -1.99422e-10 -1.6445e-10  8.18797e-10 -4.68893e-10 -9.14768e-11  -2.33335e-10 4.00464e-10 -7.68491e-11  1.27976e-09 -8.59811e-10 -3.55616e-11  -1.93301e-10 6.74627e-10 -9.30818e-11  5.58075e-10 6.90267e-11 -6.64065e-11  1.74194e-10 5.06722e-10 -3.18234e-11  9.72558e-11 2.75423e-10 -1.42362e-10  2.24722e-10 1.70706e-12 -6.95613e-11  -1.36607e-08 -5.26005e-08 7.8057e-07  -2.80769e-06 1.99046e-06 1.37138e-06  -5.29432e-06 3.8144e-06 1.08269e-06  -6.92612e-06 5.06993e-06 4.89487e-08  -7.08559e-06 5.26496e-06 -1.24281e-06  -5.21799e-06 3.93727e-06 -2.23321e-06  -2.96736e-06 2.3239e-06 -2.50854e-06  -1.21986e-06 1.02995e-06 -2.21915e-06  -3.39972e-07 3.50636e-07 -1.71584e-06  -1.73431e-07 1.76263e-07 -1.2585e-06  -4.7438e-07 3.62404e-07 -1.00349e-06  -7.01932e-07 5.35049e-07 -9.97418e-07  -5.3428e-07 4.02184e-07 -1.04615e-06  -1.79013e-07 1.41909e-07 -9.03433e-07  -2.13823e-08 3.01533e-08 -6.08606e-07  -9.97354e-08 9.09411e-08 -3.96558e-07  -1.42847e-07 1.14994e-07 -3.17911e-07  -7.71507e-08 5.97318e-08 -2.54463e-07  -2.42235e-08 1.89245e-08 -1.66148e-07  -2.67464e-08 1.9627e-08 -1.02667e-07  -3.10517e-08 2.14552e-08 -7.73025e-08  -1.81675e-08 1.1594e-08 -6.06453e-08  -1.12641e-08 6.67603e-09 -4.22691e-08  -1.09693e-08 6.42916e-09 -2.95546e-08  -8.15768e-09 5.29301e-09 -2.17706e-08  -5.37518e-09 4.21958e-09 -1.52169e-08  -4.79888e-09 3.48213e-09 -1.04324e-08  -4.33916e-09 2.97816e-09 -7.65891e-09  -3.07776e-09 2.49124e-09 -5.55454e-09  -2.72717e-09 1.95834e-09 -3.86791e-09  -2.34469e-09 1.38931e-09 -2.9633e-09  -1.44125e-09 6.63309e-10 -2.25523e-09  -1.25351e-09 5.41448e-10 -1.65282e-09  -6.31479e-10 3.661e-11 -1.29976e-09  -4.37916e-10 -1.60162e-10 -9.9192e-10  -4.90297e-10 1.49874e-10 -6.53065e-10  3.78457e-10 -2.34921e-10 -3.09214e-10  -2.04459e-10 4.40201e-10 -3.81461e-10  -7.50614e-10 9.15803e-10 -5.14649e-10  3.32954e-10 2.58812e-10 -5.43244e-10  6.91922e-10 7.42455e-11 -1.6837e-10  -5.72236e-10 9.24592e-10 -5.31301e-11  -3.99877e-11 3.88058e-10 -6.32449e-11  -1.55906e-12 5.2175e-10 -7.93805e-11  -3.77156e-10 9.25692e-10 -1.80545e-10  5.0201e-10 3.72906e-10 -1.49314e-10  1.39118e-10 5.63394e-10 -3.66574e-11  5.16702e-11 4.24469e-10 -1.4329e-10  3.04878e-10 7.90449e-11 -5.9205e-11  -3.68911e-07 1.93707e-07 8.14457e-07  -3.03525e-06 1.66654e-06 1.41786e-06  -5.75745e-06 3.1899e-06 1.09142e-06  -7.53701e-06 4.22305e-06 4.46508e-08  -7.47678e-06 4.27627e-06 -1.26772e-06  -5.71226e-06 3.36591e-06 -2.24366e-06  -3.20188e-06 1.96709e-06 -2.52173e-06  -1.2629e-06 8.69755e-07 -2.20499e-06  -3.80695e-07 3.21553e-07 -1.69629e-06  -2.51834e-07 1.85335e-07 -1.2436e-06  -6.10294e-07 3.53366e-07 -1.00198e-06  -7.71474e-07 4.43462e-07 -1.00181e-06  -6.08788e-07 3.50459e-07 -1.04969e-06  -1.90271e-07 1.12066e-07 -9.07078e-07  -1.08046e-08 1.30821e-08 -6.09863e-07  -9.68738e-08 6.26556e-08 -3.94514e-07  -1.49545e-07 9.07587e-08 -3.15261e-07  -8.02842e-08 4.71891e-08 -2.52983e-07  -2.36123e-08 1.22575e-08 -1.65216e-07  -2.78446e-08 1.28868e-08 -1.02117e-07  -3.07342e-08 1.472e-08 -7.73635e-08  -1.57764e-08 7.4303e-09 -6.0743e-08  -8.77495e-09 4.39363e-09 -4.20217e-08  -1.00425e-08 4.73283e-09 -2.93354e-08  -7.51095e-09 3.57815e-09 -2.18066e-08  -4.25462e-09 2.81096e-09 -1.50243e-08  -4.62069e-09 2.92948e-09 -1.00424e-08  -4.41717e-09 2.74695e-09 -7.52197e-09  -2.75817e-09 2.31156e-09 -5.48832e-09  -2.7557e-09 2.03641e-09 -3.73053e-09  -2.7123e-09 1.60048e-09 -2.9014e-09  -2.04302e-09 9.22814e-10 -2.31469e-09  -1.34833e-09 5.99833e-10 -1.70743e-09  -1.87872e-09 6.95963e-10 -1.35063e-09  -4.73984e-10 -1.07035e-10 -1.10598e-09  -8.59022e-10 3.82816e-10 -7.72354e-10  -1.51838e-09 9.16915e-10 -5.75464e-10  6.43001e-10 2.93545e-10 -3.33261e-10  1.0423e-10 4.9835e-10 -5.39648e-10  1.15627e-09 -4.2824e-10 -5.21353e-10  1.39307e-09 -5.90375e-10 -1.47262e-10  -6.04685e-11 5.63257e-10 8.37039e-12  1.57538e-09 -4.03388e-10 -4.47432e-11  -2.41034e-10 6.16418e-10 -1.27655e-10  1.16911e-09 -2.06804e-10 -2.77933e-10  9.76446e-10 -9.21543e-11 -1.96322e-10  7.55112e-10 -2.26956e-12 -4.80103e-11  4.40777e-10 1.63186e-10 -1.49576e-10  6.68457e-10 -1.35287e-10 -1.32919e-11  -3.98732e-07 1.78299e-07 8.29017e-07  -3.17251e-06 1.3051e-06 1.42799e-06  -6.20488e-06 2.52794e-06 1.11963e-06  -8.05149e-06 3.31467e-06 2.63006e-08  -8.09473e-06 3.40349e-06 -1.27744e-06  -5.85908e-06 2.58228e-06 -2.26661e-06  -3.3409e-06 1.56543e-06 -2.50296e-06  -1.31348e-06 6.98067e-07 -2.19904e-06  -3.17854e-07 2.27484e-07 -1.67526e-06  -2.47258e-07 1.43484e-07 -1.23003e-06  -5.80276e-07 2.54834e-07 -1.0021e-06  -8.55028e-07 3.60185e-07 -1.00327e-06  -6.36583e-07 2.74608e-07 -1.05352e-06  -2.18535e-07 9.62378e-08 -9.06816e-07  -2.1598e-08 1.04645e-08 -6.1085e-07  -1.04644e-07 4.39136e-08 -3.94828e-07  -1.57166e-07 6.84589e-08 -3.14176e-07  -8.60004e-08 3.81721e-08 -2.51036e-07  -2.81788e-08 1.15324e-08 -1.63745e-07  -3.25375e-08 1.14746e-08 -1.01674e-07  -3.40751e-08 1.20099e-08 -7.78018e-08  -1.56025e-08 5.51246e-09 -6.11849e-08  -7.02354e-09 3.49249e-09 -4.18515e-08  -9.14908e-09 4.06864e-09 -2.89633e-08  -7.11039e-09 2.65375e-09 -2.18415e-08  -3.00855e-09 1.88312e-09 -1.50719e-08  -3.35118e-09 2.49417e-09 -9.84111e-09  -3.14783e-09 2.29321e-09 -7.44808e-09  -1.14511e-09 1.64352e-09 -5.51189e-09  -1.29314e-09 1.57819e-09 -3.71035e-09  -1.75254e-09 1.45117e-09 -2.90594e-09  -1.21198e-09 8.52936e-10 -2.39247e-09  -1.83012e-09 1.22595e-09 -1.74321e-09  -7.46219e-10 6.26664e-10 -1.34188e-09  -1.34323e-09 1.02546e-09 -1.21929e-09  -1.01069e-09 8.52268e-10 -9.6732e-10  1.53793e-09 -1.07074e-10 -6.89062e-10  -5.01926e-10 7.68943e-10 -4.48972e-10  6.28651e-10 1.14051e-10 -3.82894e-10  6.22032e-10 -3.60755e-10 -4.25063e-10  4.63478e-10 -4.79216e-10 -1.16955e-10  9.80629e-10 -2.13973e-10 -3.89012e-11  -4.00223e-10 2.4877e-10 -3.4964e-11  1.42372e-09 -7.13388e-10 -1.35602e-10  -2.46734e-10 -4.82709e-11 -3.03806e-10  9.55306e-10 -5.2317e-10 -2.40172e-10  5.21771e-10 -2.1733e-10 -1.22289e-10  5.43724e-10 -6.04112e-11 -1.69149e-10  6.04103e-10 -1.98808e-10 -1.08333e-11  5.94327e-08 7.26198e-09 8.04608e-07  -3.37372e-06 9.56448e-07 1.43717e-06  -6.5528e-06 1.81849e-06 1.12024e-06  -8.5348e-06 2.40716e-06 2.59322e-08  -8.53631e-06 2.46007e-06 -1.29277e-06  -6.10312e-06 1.85496e-06 -2.26158e-06  -3.34082e-06 1.09944e-06 -2.49189e-06  -1.25257e-06 4.68958e-07 -2.17233e-06  -3.56108e-07 1.68428e-07 -1.66223e-06  -2.89324e-07 1.15174e-07 -1.22769e-06  -6.51135e-07 1.95461e-07 -1.00194e-06  -9.17261e-07 2.65132e-07 -1.00708e-06  -6.59232e-07 1.92412e-07 -1.05455e-06  -2.33222e-07 6.99186e-08 -9.04808e-07  -3.72205e-08 9.37117e-09 -6.1038e-07  -1.36445e-07 3.64796e-08 -3.97068e-07  -1.72609e-07 4.73068e-08 -3.14534e-07  -9.45351e-08 2.72167e-08 -2.49491e-07  -3.72238e-08 1.0683e-08 -1.62256e-07  -4.26252e-08 1.1071e-08 -1.01259e-07  -4.27753e-08 1.02365e-08 -7.79745e-08  -2.13025e-08 4.39249e-09 -6.16866e-08  -1.04822e-08 2.8784e-09 -4.19693e-08  -1.22817e-08 3.26967e-09 -2.85537e-08  -1.06483e-08 1.62424e-09 -2.17737e-08  -5.30507e-09 8.24349e-10 -1.53715e-08  -4.31372e-09 1.3999e-09 -9.82718e-09  -4.10482e-09 1.09528e-09 -7.29556e-09  -1.89277e-09 2.23193e-10 -5.58633e-09  -1.65794e-09 1.87034e-10 -3.82192e-09  -2.03806e-09 4.65528e-10 -2.89703e-09  -1.88255e-09 4.89145e-10 -2.44352e-09  -8.16502e-10 2.70141e-10 -1.81902e-09  -1.82404e-10 4.19811e-10 -1.38462e-09  6.86932e-10 4.59143e-10 -1.25841e-09  -7.33099e-10 5.38343e-10 -1.02919e-09  4.15115e-11 3.63722e-10 -7.18971e-10  -8.28221e-10 2.96807e-10 -4.10822e-10  -2.89706e-10 3.05192e-10 -3.66509e-10  -5.77038e-10 2.06972e-10 -3.08408e-10  -7.47533e-10 1.24214e-10 -1.38531e-10  -1.13395e-09 4.26229e-10 -1.20497e-10  -4.81285e-10 6.19849e-12 2.32326e-11  -1.00622e-09 -1.19793e-11 -1.05861e-10  -1.22651e-09 4.72143e-11 -3.51069e-10  -7.05579e-11 -2.04434e-10 -2.94137e-10  -1.45391e-10 -6.71726e-11 -2.06907e-10  2.31057e-10 -2.19265e-11 -2.37002e-10  3.67771e-10 -9.91746e-11 -3.5445e-11  -2.44659e-07 6.3632e-08 8.0483e-07  -3.29992e-06 4.99655e-07 1.4414e-06  -6.45331e-06 9.98415e-07 1.10252e-06  -8.44265e-06 1.31323e-06 1.77399e-08  -8.24403e-06 1.33733e-06 -1.308e-06  -6.10833e-06 1.03966e-06 -2.24291e-06  -3.32872e-06 6.04946e-07 -2.47538e-06  -1.25756e-06 2.53504e-07 -2.15041e-06  -3.42256e-07 8.39574e-08 -1.65683e-06  -2.35155e-07 5.25166e-08 -1.23556e-06  -6.01858e-07 1.00977e-07 -1.00347e-06  -8.80136e-07 1.33936e-07 -1.00805e-06  -6.81082e-07 1.00477e-07 -1.05305e-06  -2.21792e-07 3.32126e-08 -9.03594e-07  -6.31177e-08 6.26931e-09 -6.11156e-07  -1.13251e-07 1.44716e-08 -3.99163e-07  -1.814e-07 1.98945e-08 -3.15066e-07  -9.35231e-08 8.9675e-09 -2.49733e-07  -3.62195e-08 3.36516e-09 -1.61828e-07  -4.27042e-08 4.98982e-09 -1.01004e-07  -4.38171e-08 4.40583e-09 -7.77328e-08  -2.2573e-08 7.74379e-10 -6.19171e-08  -1.07833e-08 1.93335e-10 -4.22679e-08  -1.31191e-08 9.35804e-10 -2.81658e-08  -1.33015e-08 -4.09203e-11 -2.1564e-08  -7.10786e-09 -6.52123e-10 -1.56569e-08  -5.59292e-09 -2.23011e-11 -9.89379e-09  -5.9797e-09 -9.13095e-11 -7.12158e-09  -4.45663e-09 -8.93941e-10 -5.55993e-09  -3.92566e-09 -7.53346e-10 -3.96736e-09  -3.97928e-09 -2.63819e-10 -3.06027e-09  -1.41379e-09 -2.42034e-10 -2.43627e-09  -2.20182e-09 -3.14343e-10 -1.85799e-09  -1.26686e-09 -1.37665e-11 -1.44318e-09  -7.15744e-10 1.17987e-10 -1.24135e-09  1.16057e-09 -9.057e-11 -9.11235e-10  -1.3933e-09 2.51745e-10 -6.85114e-10  6.97892e-10 -2.71631e-10 -4.42741e-10  -1.11219e-10 1.23863e-10 -4.3176e-10  2.83614e-10 2.5299e-10 -2.8544e-10  -1.07179e-12 4.09856e-10 -2.07868e-10  -8.07974e-10 3.78586e-10 -1.23782e-10  9.10525e-10 -3.15113e-11 5.27247e-11  -2.04372e-09 3.84987e-10 -1.1158e-10  -5.36273e-11 -9.40726e-11 -3.90942e-10  -1.70586e-11 -7.57458e-11 -3.43608e-10  1.52475e-10 -5.76817e-11 -2.59557e-10  3.66039e-10 -4.74189e-11 -2.98963e-10  5.0382e-10 -3.75159e-11 -5.19819e-11  -2.15844e-07 -9.41943e-09 7.86927e-07  -3.18403e-06 -3.62275e-07 1.42151e-06  -6.253e-06 -7.71737e-07 1.07727e-06  -8.15237e-06 -9.91879e-07 -3.93981e-09  -7.95504e-06 -9.8277e-07 -1.29965e-06  -5.96005e-06 -7.4473e-07 -2.21637e-06  -3.26932e-06 -4.1434e-07 -2.45067e-06  -1.28751e-06 -1.71738e-07 -2.13656e-06  -4.17678e-07 -7.34654e-08 -1.66455e-06  -3.09167e-07 -5.34484e-08 -1.25161e-06  -6.37978e-07 -8.81339e-08 -1.01438e-06  -9.36076e-07 -1.20027e-07 -1.00674e-06  -6.79502e-07 -9.04507e-08 -1.04932e-06  -2.57178e-07 -3.415e-08 -9.03599e-07  -3.97044e-08 -4.24173e-09 -6.12863e-07  -1.33669e-07 -2.16508e-08 -3.98338e-07  -1.79922e-07 -3.13684e-08 -3.17777e-07  -1.01704e-07 -2.13665e-08 -2.53741e-07  -3.32631e-08 -8.94446e-09 -1.65839e-07  -3.63572e-08 -5.07203e-09 -1.02278e-07  -4.02845e-08 -4.09369e-09 -7.71937e-08  -2.13403e-08 -2.32347e-09 -6.16335e-08  -7.99741e-09 -1.01166e-09 -4.27138e-08  -8.8275e-09 -6.60009e-11 -2.8323e-08  -9.87484e-09 6.98018e-10 -2.11087e-08  -5.16014e-09 8.49118e-10 -1.55053e-08  -2.91204e-09 9.33725e-10 -9.93143e-09  -3.72772e-09 9.3203e-10 -6.79761e-09  -3.54882e-09 9.76781e-10 -5.39043e-09  -2.22231e-09 1.31169e-09 -3.97742e-09  -2.30517e-09 1.05139e-09 -2.99777e-09  -1.05919e-09 6.29372e-10 -2.45915e-09  -2.50542e-09 3.27105e-10 -1.92212e-09  -1.14107e-09 5.19273e-10 -1.49532e-09  -7.33371e-10 2.66961e-10 -1.21779e-09  -1.10171e-09 2.52036e-10 -9.4941e-10  -1.72003e-09 4.03728e-10 -6.37182e-10  1.79568e-10 6.2755e-10 -2.91648e-10  -9.13897e-10 1.50042e-10 -4.56784e-10  3.66691e-11 3.68434e-10 -5.21228e-10  6.64105e-10 5.99596e-10 -3.20535e-10  -8.70763e-10 7.10144e-11 -7.6925e-11  9.36208e-10 5.24729e-10 -2.76913e-11  -1.84677e-09 -1.53649e-12 -5.90277e-11  -5.06395e-10 -1.79802e-10 -2.89745e-10  -6.2049e-10 -3.5066e-10 -4.2217e-10  -2.87882e-10 -2.33055e-10 -3.62314e-10  8.2877e-11 -1.65625e-10 -3.54499e-10  3.77989e-10 -6.15876e-11 -1.01593e-10  1.75689e-07 5.24523e-08 7.71892e-07  -3.13417e-06 -8.27867e-07 1.40373e-06  -6.29504e-06 -1.66842e-06 1.08598e-06  -8.07027e-06 -2.16095e-06 -9.8776e-09  -8.08987e-06 -2.16535e-06 -1.29085e-06  -5.83023e-06 -1.5789e-06 -2.22498e-06  -3.24376e-06 -8.91779e-07 -2.44697e-06  -1.27926e-06 -3.66485e-07 -2.14862e-06  -3.9072e-07 -1.21745e-07 -1.67063e-06  -2.56138e-07 -8.29963e-08 -1.2559e-06  -5.8473e-07 -1.55235e-07 -1.01735e-06  -8.51233e-07 -2.2027e-07 -1.00638e-06  -6.76959e-07 -1.77199e-07 -1.04726e-06  -2.32654e-07 -5.70347e-08 -9.04913e-07  -4.43121e-08 -6.92846e-09 -6.11278e-07  -1.47743e-07 -3.50699e-08 -3.97659e-07  -1.94105e-07 -5.29483e-08 -3.18332e-07  -1.10192e-07 -3.16824e-08 -2.56048e-07  -4.37231e-08 -1.39178e-08 -1.68238e-07  -4.28719e-08 -1.02208e-08 -1.03652e-07  -4.4216e-08 -9.11892e-09 -7.73895e-08  -2.60341e-08 -5.69742e-09 -6.11029e-08  -1.29622e-08 -3.99499e-09 -4.26428e-08  -1.18497e-08 -3.30772e-09 -2.88493e-08  -1.04019e-08 -2.0079e-09 -2.12208e-08  -5.88656e-09 -1.56866e-09 -1.52103e-08  -3.54035e-09 -1.60742e-09 -9.89056e-09  -3.82541e-09 -1.56921e-09 -6.92418e-09  -1.93239e-09 -7.37056e-10 -5.39444e-09  -2.88415e-09 -7.98567e-10 -3.82901e-09  -1.31557e-09 -3.40478e-10 -2.76218e-09  -1.73512e-09 -4.92447e-10 -2.43372e-09  -1.37338e-09 2.81552e-10 -1.93523e-09  -1.33027e-09 1.54373e-10 -1.41093e-09  -1.58412e-10 5.53137e-10 -1.14988e-09  -3.27865e-10 1.03028e-10 -8.44052e-10  3.83187e-10 8.40325e-10 -6.20355e-10  -1.2046e-09 1.71752e-10 -3.72276e-10  -1.1928e-09 3.23e-10 -4.03436e-10  -6.6771e-10 3.76292e-10 -6.27336e-10  2.24855e-10 6.46153e-10 -3.37487e-10  -9.75555e-10 1.64653e-10 -9.11871e-11  -5.69445e-10 4.47641e-10 -8.22844e-11  -8.79251e-10 2.92791e-10 -2.5807e-11  -1.883e-09 -3.1672e-10 -2.0298e-10  -1.00983e-09 -1.95906e-10 -4.40292e-10  -6.62001e-10 -9.76638e-11 -3.91689e-10  -1.5587e-10 -9.38068e-11 -3.32023e-10  1.36468e-10 1.63516e-11 -1.18169e-10  -3.35927e-07 -1.55996e-07 7.8858e-07  -2.85501e-06 -1.21059e-06 1.40262e-06  -5.87864e-06 -2.46229e-06 1.0927e-06  -7.59392e-06 -3.18617e-06 -1.6785e-08  -7.63731e-06 -3.19987e-06 -1.29756e-06  -5.47723e-06 -2.31334e-06 -2.24362e-06  -3.12887e-06 -1.33117e-06 -2.45217e-06  -1.26287e-06 -5.60748e-07 -2.1596e-06  -3.41476e-07 -1.7324e-07 -1.67426e-06  -2.45827e-07 -1.21049e-07 -1.25604e-06  -5.40476e-07 -2.25726e-07 -1.02517e-06  -8.0844e-07 -3.27827e-07 -1.00145e-06  -6.36648e-07 -2.57929e-07 -1.04734e-06  -1.91783e-07 -7.39004e-08 -9.0613e-07  -1.00183e-08 -6.41554e-10 -6.11184e-07  -1.09563e-07 -4.04669e-08 -3.97347e-07  -1.71298e-07 -6.60609e-08 -3.18148e-07  -9.42146e-08 -3.7122e-08 -2.57166e-07  -3.21321e-08 -1.34775e-08 -1.69858e-07  -3.11553e-08 -1.14106e-08 -1.05213e-07  -3.4294e-08 -1.11638e-08 -7.76857e-08  -2.04286e-08 -6.74232e-09 -6.04408e-08  -1.05073e-08 -5.19285e-09 -4.24768e-08  -1.01414e-08 -4.82497e-09 -2.93774e-08  -8.70012e-09 -3.72091e-09 -2.13935e-08  -5.51141e-09 -3.57238e-09 -1.50098e-08  -4.54253e-09 -3.66084e-09 -9.93841e-09  -4.30825e-09 -3.56046e-09 -7.11614e-09  -4.82991e-09 -3.57552e-09 -5.46846e-09  -1.53715e-09 -2.12462e-09 -3.86395e-09  -2.55758e-09 -1.96292e-09 -2.9209e-09  -2.09265e-09 -9.1813e-10 -2.51484e-09  -5.0666e-10 2.45438e-10 -1.74115e-09  -1.59272e-09 -6.08374e-10 -1.17533e-09  -1.57285e-09 -3.86606e-10 -1.03523e-09  -1.03149e-10 1.28322e-10 -9.17278e-10  -1.65528e-09 -8.11832e-11 -7.28402e-10  2.71735e-10 6.18312e-10 -4.39985e-10  -1.16971e-10 5.46781e-10 -3.13777e-10  3.33586e-10 5.97629e-10 -6.44636e-10  1.05456e-09 8.54751e-10 -3.70776e-10  1.22241e-09 7.39847e-10 -1.02122e-10  -4.24681e-10 2.38631e-10 -1.42919e-10  1.39931e-09 1.04889e-09 -2.59455e-11  -1.25467e-09 -2.5641e-10 -1.48004e-10  -1.08297e-10 6.53385e-11 -4.36783e-10  2.89467e-11 6.72921e-11 -3.71343e-10  2.06311e-10 5.20957e-11 -2.84489e-10  3.60189e-10 1.61285e-10 -9.75827e-11  -2.02696e-07 -1.55603e-07 7.82884e-07  -2.78532e-06 -1.67613e-06 1.40641e-06  -5.45798e-06 -3.23166e-06 1.07305e-06  -7.17947e-06 -4.23114e-06 -3.2501e-09  -7.07154e-06 -4.16507e-06 -1.31721e-06  -5.29144e-06 -3.12494e-06 -2.24413e-06  -2.90896e-06 -1.73935e-06 -2.47e-06  -1.14277e-06 -7.27987e-07 -2.15729e-06  -3.07528e-07 -2.36087e-07 -1.6823e-06  -2.47892e-07 -1.68129e-07 -1.26181e-06  -5.22724e-07 -3.05822e-07 -1.02134e-06  -7.6402e-07 -4.33829e-07 -1.00281e-06  -5.76249e-07 -3.32141e-07 -1.04614e-06  -1.78427e-07 -1.05095e-07 -9.03818e-07  -7.92842e-09 -9.6269e-09 -6.12158e-07  -9.33016e-08 -5.8142e-08 -3.99039e-07  -1.4808e-07 -8.30862e-08 -3.18918e-07  -8.55899e-08 -4.74394e-08 -2.56676e-07  -2.9831e-08 -1.68621e-08 -1.70508e-07  -2.7786e-08 -1.52761e-08 -1.06606e-07  -3.03265e-08 -1.45892e-08 -7.82582e-08  -1.92299e-08 -8.11889e-09 -6.00033e-08  -1.24051e-08 -5.80652e-09 -4.23606e-08  -1.14614e-08 -4.75024e-09 -2.97881e-08  -9.70204e-09 -3.57525e-09 -2.14375e-08  -7.15703e-09 -3.52528e-09 -1.4898e-08  -6.50164e-09 -3.17224e-09 -1.00177e-08  -6.9563e-09 -3.30813e-09 -7.28872e-09  -4.94931e-09 -2.223e-09 -5.48491e-09  -4.69974e-09 -2.5769e-09 -3.94709e-09  -4.06936e-09 -1.64449e-09 -3.25019e-09  -2.08958e-09 -2.5403e-10 -2.52607e-09  -1.89892e-09 -2.74511e-10 -1.45354e-09  -1.01902e-09 -2.69716e-10 -9.05839e-10  -9.03144e-10 -3.20574e-10 -9.49261e-10  -1.10718e-09 -5.62485e-11 -9.59541e-10  -7.84084e-10 1.06834e-10 -8.35434e-10  1.94556e-10 6.64909e-10 -2.23681e-10  -1.20765e-10 1.39318e-10 -2.86093e-10  2.66557e-10 2.87267e-10 -5.97819e-10  1.28602e-09 7.14648e-10 -4.1422e-10  -3.81583e-11 -3.13051e-10 -1.30476e-10  1.7103e-09 8.87318e-10 -2.04181e-10  -1.80148e-10 -1.04637e-10 -3.1932e-12  9.94943e-11 1.93864e-11 -8.1518e-11  -2.16004e-10 -3.76079e-10 -4.01616e-10  2.41305e-10 -1.82228e-10 -3.49937e-10  2.55112e-10 -8.5073e-11 -2.91446e-10  4.61984e-10 1.72236e-10 -8.0642e-11  1.41474e-07 4.06706e-08 7.72256e-07  -2.64383e-06 -2.11869e-06 1.37977e-06  -5.09679e-06 -3.98143e-06 1.06925e-06  -6.74133e-06 -5.23601e-06 -1.08257e-08  -6.78864e-06 -5.26318e-06 -1.31456e-06  -4.7981e-06 -3.74413e-06 -2.25297e-06  -2.65373e-06 -2.14046e-06 -2.4616e-06  -1.03637e-06 -9.15713e-07 -2.16536e-06  -3.04451e-07 -3.16599e-07 -1.69314e-06  -1.55442e-07 -1.6559e-07 -1.27119e-06  -4.13848e-07 -3.31893e-07 -1.02035e-06  -6.45661e-07 -5.01152e-07 -1.0008e-06  -5.24567e-07 -4.05524e-07 -1.04109e-06  -1.8025e-07 -1.4302e-07 -9.02666e-07  -6.89321e-09 -1.61696e-08 -6.11139e-07  -1.1003e-07 -9.14843e-08 -4.00004e-07  -1.47539e-07 -1.139e-07 -3.21084e-07  -8.61352e-08 -6.33277e-08 -2.56253e-07  -3.53031e-08 -2.59231e-08 -1.70285e-07  -3.31918e-08 -2.44162e-08 -1.07556e-07  -3.28689e-08 -2.20539e-08 -7.88967e-08  -2.09743e-08 -1.26183e-08 -5.99595e-08  -1.45851e-08 -7.73431e-09 -4.23593e-08  -1.22216e-08 -5.62492e-09 -2.99097e-08  -9.53793e-09 -4.01986e-09 -2.12815e-08  -7.23992e-09 -3.61245e-09 -1.47658e-08  -5.849e-09 -2.5408e-09 -1.0162e-08  -5.379e-09 -1.67315e-09 -7.32115e-09  -5.26466e-09 -2.05376e-09 -5.42114e-09  -3.57592e-09 -1.1298e-09 -4.0602e-09  -2.92631e-09 -5.55045e-10 -3.27218e-09  -1.99773e-09 -1.51114e-10 -2.37111e-09  1.85343e-10 7.37602e-10 -1.26482e-09  -1.11173e-09 -2.25449e-10 -7.45983e-10  -1.44096e-09 -5.32775e-10 -1.00013e-09  7.15915e-10 1.46626e-09 -1.04751e-09  -8.05644e-10 -1.00279e-10 -6.59262e-10  9.66425e-11 8.17861e-10 -2.9731e-10  -8.84116e-10 -5.28383e-10 -1.63537e-10  -4.09163e-10 -2.73815e-10 -6.0508e-10  4.17675e-10 1.39027e-10 -3.94264e-10  -9.21085e-10 -9.18991e-10 -1.85585e-10  2.45791e-11 -1.50193e-10 -2.72014e-10  3.09382e-10 1.3366e-11 -9.87867e-13  -1.08206e-09 -8.82929e-10 1.75078e-12  -6.30554e-10 -6.51396e-10 -3.29557e-10  -2.75056e-10 -5.50585e-10 -3.38718e-10  -9.1595e-12 -2.81225e-10 -3.04505e-10  3.00656e-10 9.68822e-11 -9.81464e-11  -2.73065e-07 -3.38268e-07 7.94973e-07  -2.21552e-06 -2.32495e-06 1.36942e-06  -4.45701e-06 -4.52823e-06 1.05477e-06  -5.80276e-06 -5.83575e-06 -3.41559e-08  -5.84842e-06 -5.87953e-06 -1.3136e-06  -4.16712e-06 -4.27099e-06 -2.25129e-06  -2.36526e-06 -2.52104e-06 -2.45574e-06  -9.58381e-07 -1.11149e-06 -2.18011e-06  -2.31158e-07 -3.49196e-07 -1.70518e-06  -1.19071e-07 -1.99596e-07 -1.27421e-06  -3.70433e-07 -4.13888e-07 -1.02579e-06  -5.76737e-07 -5.97265e-07 -9.97493e-07  -4.57615e-07 -4.62703e-07 -1.04081e-06  -1.58484e-07 -1.56737e-07 -8.98457e-07  -3.36452e-08 -3.35029e-08 -6.1053e-07  -1.06412e-07 -1.00633e-07 -4.01493e-07  -1.41492e-07 -1.32729e-07 -3.21434e-07  -7.92197e-08 -7.09289e-08 -2.56441e-07  -3.25225e-08 -2.85277e-08 -1.70258e-07  -3.06706e-08 -2.71559e-08 -1.08168e-07  -2.9139e-08 -2.49545e-08 -7.93095e-08  -1.82273e-08 -1.51507e-08 -5.99642e-08  -1.16294e-08 -8.5944e-09 -4.24666e-08  -8.9388e-09 -6.51758e-09 -2.98236e-08  -6.18566e-09 -5.09037e-09 -2.10413e-08  -4.65588e-09 -4.68057e-09 -1.46167e-08  -3.36832e-09 -3.65797e-09 -1.02775e-08  -2.48878e-09 -2.15052e-09 -7.33398e-09  -2.69001e-09 -3.04553e-09 -5.36222e-09  -1.63946e-09 -1.616e-09 -4.159e-09  -1.22568e-09 -1.10004e-09 -3.2902e-09  -4.77815e-10 -4.14225e-10 -2.19851e-09  -5.808e-10 -1.12862e-09 -1.1602e-09  -2.01265e-09 -1.25399e-09 -8.51389e-10  -6.13741e-10 1.00242e-10 -1.01463e-09  -9.03469e-10 -4.26971e-10 -1.03792e-09  8.15396e-10 1.21553e-09 -7.86555e-10  3.55469e-10 1.13099e-09 -1.1764e-10  -2.58303e-10 5.27736e-11 -6.99962e-11  4.62788e-11 1.25624e-10 -5.70924e-10  7.4246e-10 4.52425e-10 -3.615e-10  4.64072e-10 5.00294e-10 -2.13142e-10  -4.9903e-10 -4.28426e-10 -2.74764e-10  1.45726e-09 1.16523e-09 -2.29204e-11  -6.52394e-10 -6.25907e-10 -1.42055e-11  -3.13608e-11 3.84669e-11 -2.45487e-10  -4.82817e-11 -1.99226e-10 -2.64899e-10  1.54011e-10 -3.0535e-11 -2.73195e-10  3.57971e-10 2.38723e-10 -9.36994e-11  -1.46348e-07 -2.85252e-07 7.89156e-07  -1.96588e-06 -2.70581e-06 1.35611e-06  -3.74244e-06 -5.03657e-06 1.02223e-06  -4.9405e-06 -6.59005e-06 -3.12323e-08  -4.8637e-06 -6.48477e-06 -1.31926e-06  -3.63744e-06 -4.94867e-06 -2.22534e-06  -2.04154e-06 -2.86451e-06 -2.47668e-06  -7.97725e-07 -1.20572e-06 -2.19074e-06  -2.10058e-07 -4.1547e-07 -1.71804e-06  -1.18966e-07 -2.65737e-07 -1.28388e-06  -2.70422e-07 -4.33944e-07 -1.02755e-06  -4.65049e-07 -6.40946e-07 -9.99551e-07  -3.792e-07 -5.03223e-07 -1.03871e-06  -1.28046e-07 -1.59406e-07 -8.98901e-07  -1.93523e-08 -1.02841e-08 -6.09661e-07  -8.03957e-08 -8.58717e-08 -4.01258e-07  -1.14558e-07 -1.26233e-07 -3.20482e-07  -6.20424e-08 -6.65316e-08 -2.55394e-07  -2.22029e-08 -2.30126e-08 -1.70609e-07  -2.14297e-08 -2.20788e-08 -1.09016e-07  -2.014e-08 -2.10964e-08 -7.95947e-08  -1.23607e-08 -1.32941e-08 -5.99199e-08  -6.90959e-09 -7.48394e-09 -4.24745e-08  -5.01495e-09 -6.10751e-09 -2.98349e-08  -3.56906e-09 -5.67321e-09 -2.08986e-08  -3.22832e-09 -5.7012e-09 -1.46262e-08  -2.69846e-09 -5.00234e-09 -1.04482e-08  -1.9245e-09 -3.66259e-09 -7.25886e-09  -1.82806e-09 -4.08882e-09 -5.30789e-09  -1.93087e-09 -3.25186e-09 -4.35002e-09  -9.66709e-10 -2.00189e-09 -3.19513e-09  -4.95474e-10 -1.67857e-09 -1.99646e-09  -1.16614e-09 -1.76409e-09 -1.41284e-09  -8.01239e-10 -1.15131e-10 -1.07603e-09  -3.15783e-10 1.98042e-10 -8.28955e-10  -2.6459e-10 -7.02279e-10 -9.30318e-10  -1.65693e-10 -2.48924e-10 -7.73836e-10  -1.85758e-10 -2.18039e-11 -1.9674e-10  1.37153e-10 4.74499e-10 -5.58242e-11  2.3238e-10 1.26374e-10 -3.45317e-10  9.12288e-10 4.20039e-10 -3.44822e-10  -7.13247e-11 -5.2341e-10 -2.68288e-10  1.34909e-09 1.63045e-09 -2.40664e-10  7.35206e-11 -4.69626e-10 2.05172e-11  5.20148e-10 3.37358e-10 -3.82918e-11  2.00114e-10 -7.66919e-12 -1.86592e-10  3.04895e-10 1.49505e-11 -1.50607e-10  2.65743e-10 -1.61792e-11 -2.29504e-10  3.52018e-10 2.68566e-10 -6.65686e-11  -1.85725e-07 -4.41851e-07 8.0386e-07  -1.55361e-06 -2.87553e-06 1.36232e-06  -3.06746e-06 -5.59879e-06 1.04125e-06  -4.00484e-06 -7.26242e-06 -5.79638e-08  -3.92159e-06 -7.14389e-06 -1.30592e-06  -2.99611e-06 -5.46651e-06 -2.24148e-06  -1.65635e-06 -3.10081e-06 -2.49052e-06  -6.6493e-07 -1.33834e-06 -2.20805e-06  -1.38162e-07 -3.89903e-07 -1.72259e-06  -8.70044e-08 -3.01387e-07 -1.28136e-06  -2.37007e-07 -5.258e-07 -1.02963e-06  -3.47178e-07 -6.74601e-07 -1.00528e-06  -3.1174e-07 -5.5684e-07 -1.04081e-06  -9.14566e-08 -1.57364e-07 -8.98907e-07  -2.36003e-09 5.06886e-09 -6.08202e-07  -7.55284e-08 -1.03888e-07 -4.0149e-07  -8.50694e-08 -1.20409e-07 -3.20085e-07  -4.85907e-08 -6.87286e-08 -2.52893e-07  -1.83025e-08 -2.59749e-08 -1.7105e-07  -9.94212e-09 -1.3094e-08 -1.10315e-07  -1.77283e-08 -2.36104e-08 -7.96049e-08  -1.06282e-08 -1.45427e-08 -5.98171e-08  -6.38501e-09 -9.42817e-09 -4.25571e-08  -5.27524e-09 -7.93985e-09 -3.0042e-08  -4.53768e-09 -7.215e-09 -2.10288e-08  -4.6061e-09 -6.78754e-09 -1.4849e-08  -3.77e-09 -4.97614e-09 -1.06729e-08  -4.32183e-09 -5.65033e-09 -7.24576e-09  -3.3194e-09 -4.12175e-09 -5.32751e-09  -2.81851e-09 -2.89255e-09 -4.36099e-09  -1.66535e-09 -1.82523e-09 -2.87366e-09  -1.8048e-09 -2.62892e-09 -1.88305e-09  -8.08823e-10 -5.56768e-12 -1.65059e-09  -9.2816e-10 -7.15226e-10 -1.12374e-09  -2.89499e-10 -3.47357e-10 -6.56801e-10  3.81635e-10 -1.34575e-10 -7.78495e-10  2.60029e-10 4.90187e-10 -8.21997e-10  1.03823e-09 9.15854e-10 -2.22558e-10  4.7714e-10 4.23398e-10 3.21703e-11  -1.53227e-10 -7.02725e-10 -2.5786e-10  9.17585e-11 -6.65365e-10 -2.21806e-10  -1.53492e-10 -1.27739e-09 -3.37902e-10  5.50989e-10 1.81918e-10 -2.70784e-10  3.44552e-10 -1.3583e-10 6.43628e-11  3.72356e-11 -5.95698e-10 5.12429e-12  3.59534e-10 -4.08604e-11 -1.01254e-10  2.5823e-10 -2.35942e-10 -1.06014e-10  2.5981e-10 -1.67085e-10 -1.62838e-10  2.84869e-10 2.1666e-10 -7.15146e-11  7.17364e-08 6.52836e-08 7.90633e-07  -1.24344e-06 -3.2461e-06 1.37177e-06  -2.3925e-06 -6.14453e-06 1.04076e-06  -3.11035e-06 -7.91818e-06 -3.52128e-08  -3.1475e-06 -8.03927e-06 -1.31451e-06  -2.24538e-06 -5.76185e-06 -2.25703e-06  -1.2573e-06 -3.30749e-06 -2.50012e-06  -4.47227e-07 -1.3348e-06 -2.20883e-06  -8.21359e-08 -4.3846e-07 -1.73172e-06  2.11908e-08 -1.7184e-07 -1.28429e-06  -1.62143e-07 -5.56266e-07 -1.02639e-06  -2.87908e-07 -7.91314e-07 -1.01413e-06  -2.24101e-07 -5.77977e-07 -1.04671e-06  -6.58441e-08 -1.81048e-07 -8.96409e-07  -6.86396e-09 -2.46043e-08 -6.08787e-07  -4.98457e-08 -9.9151e-08 -4.02679e-07  -6.83545e-08 -1.41545e-07 -3.18328e-07  -3.91562e-08 -8.13481e-08 -2.51225e-07  -1.70163e-08 -3.58876e-08 -1.70684e-07  -1.48938e-08 -3.06999e-08 -1.11334e-07  -1.40657e-08 -2.60779e-08 -7.98949e-08  -1.00015e-08 -1.94294e-08 -5.93483e-08  -6.65315e-09 -1.3846e-08 -4.27866e-08  -5.29474e-09 -1.03298e-08 -3.03877e-08  -4.44022e-09 -8.15683e-09 -2.1304e-08  -4.19528e-09 -6.57339e-09 -1.51092e-08  -3.41628e-09 -4.49295e-09 -1.07925e-08  -2.41109e-09 -2.8695e-09 -7.38228e-09  -2.95405e-09 -2.92268e-09 -5.41671e-09  -1.84425e-09 -1.42216e-09 -4.13074e-09  -1.26713e-09 -1.47865e-09 -2.60593e-09  -7.70087e-10 -9.34307e-10 -1.89978e-09  -1.20881e-09 -1.21001e-09 -1.63099e-09  6.24196e-10 9.65281e-10 -9.37429e-10  7.38276e-10 1.67801e-10 -5.5542e-10  1.92983e-10 -4.13691e-10 -8.65849e-10  4.19824e-10 8.43128e-10 -8.10399e-10  1.07868e-09 7.58003e-10 -1.16507e-10  1.89823e-10 -1.22857e-09 -1.82218e-10  3.66416e-10 4.25667e-10 -3.40795e-10  -1.56144e-12 -2.39908e-10 -9.36357e-11  4.43435e-10 -6.06999e-11 -2.83677e-10  2.07637e-10 -7.26771e-10 -3.09115e-10  1.01325e-09 1.55703e-09 4.06637e-11  -2.68994e-10 -1.2426e-09 1.08991e-10  1.57329e-10 -3.0623e-10 -9.4837e-11  5.52452e-11 -4.39688e-10 -4.08932e-11  9.84454e-11 -3.51623e-10 -1.2955e-10  1.60324e-10 5.58757e-11 -5.54683e-11  -2.77049e-08 -3.49966e-07 8.09462e-07  -7.71515e-07 -3.29545e-06 1.40317e-06  -1.52661e-06 -6.26349e-06 1.04246e-06  -2.01422e-06 -8.15404e-06 -3.18874e-08  -1.99026e-06 -8.02126e-06 -1.33158e-06  -1.50213e-06 -6.10899e-06 -2.26148e-06  -7.77675e-07 -3.39698e-06 -2.50882e-06  -2.4181e-07 -1.37938e-06 -2.21055e-06  1.3437e-08 -3.82146e-07 -1.72527e-06  2.53866e-08 -3.12836e-07 -1.28081e-06  -1.04084e-07 -6.23065e-07 -1.04073e-06  -1.85997e-07 -8.11827e-07 -1.0238e-06  -1.43557e-07 -6.02096e-07 -1.04861e-06  -3.90399e-08 -1.93675e-07 -8.97816e-07  -3.86537e-09 -2.75522e-08 -6.10925e-07  -3.28807e-08 -1.06111e-07 -4.03502e-07  -4.56854e-08 -1.46381e-07 -3.16995e-07  -2.76896e-08 -8.65613e-08 -2.49728e-07  -1.40362e-08 -3.87323e-08 -1.70136e-07  -1.14994e-08 -3.00595e-08 -1.11461e-07  -9.61814e-09 -2.70486e-08 -7.95249e-08  -7.28182e-09 -2.0519e-08 -5.89636e-08  -5.11839e-09 -1.49751e-08 -4.28846e-08  -3.46572e-09 -1.05443e-08 -3.04415e-08  -2.60814e-09 -8.20409e-09 -2.14555e-08  -2.12514e-09 -6.34838e-09 -1.52825e-08  -1.27986e-09 -4.36963e-09 -1.07363e-08  -5.27227e-10 -3.74298e-09 -7.48473e-09  -5.44521e-10 -2.46317e-09 -5.55774e-09  3.08666e-10 -1.52989e-09 -3.93866e-09  3.11443e-10 -1.90402e-09 -2.43899e-09  1.539e-10 -1.67122e-09 -1.98895e-09  1.59544e-10 -1.12422e-09 -1.60825e-09  6.25674e-10 -1.23857e-09 -7.6665e-10  3.5992e-10 -1.93661e-09 -5.80755e-10  -1.59048e-10 -1.55637e-09 -9.55807e-10  3.06109e-10 -1.80754e-10 -7.99167e-10  5.35123e-10 -6.02537e-10 -2.21529e-10  2.42652e-10 -1.45339e-09 -2.72953e-10  3.70109e-10 3.26991e-10 -3.35832e-10  1.60833e-10 2.83911e-10 -1.17047e-10  2.59172e-11 -1.22103e-09 -1.77435e-10  8.08711e-10 1.33926e-09 -2.81902e-10  3.37042e-10 -4.99269e-10 3.72261e-11  4.9782e-10 5.50555e-10 1.20862e-10  4.21973e-10 1.14093e-11 -3.32618e-11  3.15115e-10 1.30569e-10 -1.8668e-11  2.12343e-10 -5.70578e-11 -7.25034e-11  2.57314e-10 2.55306e-10 -6.49035e-12  1.76214e-08 -4.81707e-07 8.29057e-07  -3.02285e-07 -3.34701e-06 1.41023e-06  -6.64841e-07 -6.5281e-06 1.06845e-06  -8.89371e-07 -8.38206e-06 -4.32701e-08  -9.06954e-07 -8.41126e-06 -1.32966e-06  -6.27541e-07 -6.03387e-06 -2.2742e-06  -2.96455e-07 -3.53761e-06 -2.48578e-06  -5.10521e-08 -1.45391e-06 -2.208e-06  7.41824e-08 -4.51072e-07 -1.72501e-06  6.17548e-08 -2.70581e-07 -1.29491e-06  -8.93561e-09 -5.56106e-07 -1.05048e-06  -6.68401e-08 -7.83209e-07 -1.02714e-06  -5.84817e-08 -6.00559e-07 -1.05375e-06  -1.33175e-08 -1.85383e-07 -9.00562e-07  2.88642e-09 -4.22355e-09 -6.13668e-07  -1.25438e-08 -8.60829e-08 -4.03916e-07  -2.04151e-08 -1.35335e-07 -3.15753e-07  -1.38919e-08 -7.94456e-08 -2.48819e-07  -8.23132e-09 -2.82968e-08 -1.69456e-07  -5.22859e-09 -2.11824e-08 -1.10247e-07  -3.53423e-09 -2.14796e-08 -7.88474e-08  -3.55335e-09 -1.57269e-08 -5.88986e-08  -2.82254e-09 -1.05991e-08 -4.26197e-08  -1.2773e-09 -7.58791e-09 -3.01889e-08  -7.19843e-10 -6.32463e-09 -2.14342e-08  -6.13995e-10 -5.34092e-09 -1.53274e-08  -5.97507e-11 -4.65931e-09 -1.07155e-08  2.13824e-10 -4.65104e-09 -7.52689e-09  4.30589e-10 -4.0392e-09 -5.52244e-09  8.35564e-10 -3.57454e-09 -3.91032e-09  7.1616e-10 -3.42906e-09 -2.54825e-09  2.42582e-10 -2.2582e-09 -2.05458e-09  4.99129e-10 -1.81992e-09 -1.63619e-09  6.30356e-10 -1.2297e-09 -8.94746e-10  3.09828e-10 -1.17077e-09 -7.21274e-10  1.24594e-10 -3.98058e-10 -9.08178e-10  6.27388e-10 6.603e-10 -7.70673e-10  4.10012e-10 -3.21673e-11 -3.44341e-10  7.16429e-11 -4.13277e-10 -2.84477e-10  -1.21743e-11 -1.32915e-09 -2.81434e-10  3.25664e-10 5.32385e-10 -7.73241e-14  9.50174e-11 -9.68367e-10 -1.68212e-10  1.27563e-10 -9.60007e-10 -2.99948e-10  4.46374e-10 4.87145e-11 7.52601e-11  4.53607e-10 -4.87974e-10 1.92352e-10  6.58793e-10 -1.19651e-10 5.00699e-11  4.99011e-10 -7.91092e-11 -5.03547e-11  2.9791e-10 -6.41935e-11 -2.34539e-11  2.58371e-10 5.07487e-11 2.36818e-13  7.86537e-08 -4.30411e-07 8.52381e-07  5.29986e-07 -3.61058e-06 1.4527e-06  9.73211e-07 -6.71075e-06 1.06382e-06  1.26253e-06 -8.56859e-06 -4.22224e-08  1.25147e-06 -8.28968e-06 -1.33882e-06  1.02606e-06 -6.28888e-06 -2.25257e-06  6.43149e-07 -3.50415e-06 -2.49401e-06  3.51416e-07 -1.46621e-06 -2.19438e-06  1.72666e-07 -4.69002e-07 -1.72567e-06  1.39828e-07 -2.75274e-07 -1.30331e-06  1.50998e-07 -5.477e-07 -1.06671e-06  1.59453e-07 -7.53328e-07 -1.04493e-06  1.11664e-07 -5.909e-07 -1.06296e-06  4.19852e-08 -1.72158e-07 -9.04397e-07  1.64398e-08 -9.74167e-09 -6.14193e-07  2.49596e-08 -1.02417e-07 -4.04411e-07  2.52848e-08 -1.52221e-07 -3.17368e-07  1.15436e-08 -8.56574e-08 -2.49412e-07  5.36697e-09 -3.39882e-08 -1.66724e-07  7.2342e-09 -3.28498e-08 -1.07184e-07  6.40054e-09 -3.31503e-08 -7.85881e-08  2.78331e-09 -2.12868e-08 -5.95177e-08  9.88714e-10 -1.27615e-08 -4.19573e-08  1.79276e-09 -1.12524e-08 -2.94725e-08  1.54399e-09 -9.74274e-09 -2.15957e-08  4.34268e-10 -7.1502e-09 -1.55546e-08  3.34218e-10 -5.60005e-09 -1.0799e-08  -1.07837e-10 -4.63826e-09 -7.58701e-09  -3.20722e-10 -3.63197e-09 -5.50624e-09  -6.27221e-10 -2.61897e-09 -3.93369e-09  -4.73451e-10 -2.47378e-09 -2.70346e-09  -1.6249e-10 -7.01115e-10 -2.05877e-09  2.82799e-10 -1.4188e-09 -1.63929e-09  9.3602e-11 -8.40488e-10 -1.12385e-09  2.99684e-10 -1.02328e-09 -8.5324e-10  7.1403e-10 2.71374e-10 -7.76984e-10  7.4456e-10 4.48656e-10 -6.90272e-10  1.99175e-10 -3.42543e-10 -5.34216e-10  -1.06782e-10 3.71327e-10 -2.22213e-10  2.81601e-10 -1.30589e-10 -3.33417e-11  3.37649e-10 -5.8536e-10 -1.20613e-10  -3.99301e-11 4.41591e-10 -2.08871e-10  1.14118e-10 -4.59035e-11 -1.67459e-10  1.48756e-10 2.11706e-10 5.76021e-11  1.67697e-10 2.05201e-10 3.05471e-10  3.58014e-10 -7.18694e-10 1.2517e-10  3.25168e-10 -4.64299e-10 -8.00084e-11  1.48268e-10 -8.95691e-11 -7.58434e-11  1.086e-10 -1.54965e-10 7.11825e-12  1.2288e-07 -5.56306e-07 8.54981e-07  8.81216e-07 -3.47484e-06 1.42908e-06  1.75267e-06 -6.59187e-06 1.07925e-06  2.30041e-06 -8.3349e-06 -5.08018e-08  2.35706e-06 -8.23652e-06 -1.32273e-06  1.79897e-06 -6.04373e-06 -2.25196e-06  1.12781e-06 -3.46431e-06 -2.48349e-06  5.31562e-07 -1.39893e-06 -2.20636e-06  2.35349e-07 -4.1894e-07 -1.72159e-06  1.97988e-07 -3.67739e-07 -1.29612e-06  2.54935e-07 -5.93645e-07 -1.07063e-06  2.90483e-07 -7.87612e-07 -1.05457e-06  1.96308e-07 -5.55514e-07 -1.07339e-06  7.23233e-08 -1.59123e-07 -9.06639e-07  2.43869e-08 -9.38312e-09 -6.13231e-07  4.34089e-08 -1.04586e-07 -4.05613e-07  4.57897e-08 -1.48377e-07 -3.18967e-07  2.34271e-08 -8.28427e-08 -2.49128e-07  1.08603e-08 -3.54725e-08 -1.6535e-07  1.15957e-08 -3.59031e-08 -1.06581e-07  9.81247e-09 -3.46471e-08 -7.88106e-08  5.16943e-09 -2.10401e-08 -5.95508e-08  3.03654e-09 -1.31807e-08 -4.15549e-08  3.63316e-09 -1.24965e-08 -2.92238e-08  3.0655e-09 -1.01254e-08 -2.17118e-08  1.80585e-09 -7.18583e-09 -1.55861e-08  1.5322e-09 -5.81827e-09 -1.07055e-08  1.7836e-09 -4.15705e-09 -7.55367e-09  1.33552e-09 -2.67124e-09 -5.50101e-09  9.82402e-10 -1.35397e-09 -3.98244e-09  7.46789e-10 -6.06999e-10 -2.65817e-09  1.25463e-09 -1.57321e-09 -1.93579e-09  8.84075e-10 4.1688e-10 -1.69783e-09  7.38273e-10 6.66721e-11 -1.21109e-09  9.89918e-10 -1.31625e-09 -7.48305e-10  1.14044e-09 -1.13053e-09 -7.00272e-10  1.00002e-09 -1.05545e-09 -8.13137e-10  2.73234e-10 3.36268e-10 -6.51719e-10  3.19448e-10 5.75695e-10 -2.26562e-10  3.27465e-10 5.85564e-10 -1.02193e-10  -1.07856e-10 1.3134e-09 -1.93567e-10  1.28701e-10 -5.76417e-10 -2.11971e-10  -1.18514e-10 7.96241e-10 -8.15621e-11  2.73913e-10 -4.11862e-10 1.41981e-10  1.70905e-10 3.45066e-10 2.51697e-10  3.41796e-10 -5.01478e-10 1.76756e-10  3.63845e-10 -4.37222e-10 -1.11752e-10  2.03184e-10 -5.23039e-11 -6.16168e-11  1.17268e-10 -1.08558e-10 -8.01447e-12  -5.32747e-08 -8.08111e-08 8.06102e-07  1.20849e-06 -3.35989e-06 1.4018e-06  2.48243e-06 -6.38083e-06 1.07326e-06  3.2876e-06 -8.10652e-06 -2.39597e-08  3.38893e-06 -8.0671e-06 -1.31141e-06  2.5441e-06 -5.76769e-06 -2.25079e-06  1.56209e-06 -3.2944e-06 -2.48673e-06  7.37649e-07 -1.35174e-06 -2.21102e-06  3.01941e-07 -3.95024e-07 -1.72736e-06  2.1131e-07 -2.65346e-07 -1.29402e-06  3.36832e-07 -5.62084e-07 -1.06643e-06  4.02936e-07 -7.61299e-07 -1.06203e-06  2.82711e-07 -5.36451e-07 -1.08075e-06  1.00102e-07 -1.40399e-07 -9.09887e-07  2.83804e-08 4.71757e-09 -6.14505e-07  5.73266e-08 -9.02093e-08 -4.06668e-07  6.34042e-08 -1.316e-07 -3.20141e-07  3.25321e-08 -6.87237e-08 -2.48783e-07  1.2878e-08 -2.47648e-08 -1.64779e-07  1.15573e-08 -2.70329e-08 -1.06445e-07  1.02826e-08 -2.6849e-08 -7.8578e-08  5.1784e-09 -1.47996e-08 -5.91883e-08  2.76095e-09 -9.03583e-09 -4.11956e-08  3.00448e-09 -9.80781e-09 -2.90006e-08  2.81101e-09 -8.25611e-09 -2.1658e-08  1.77298e-09 -5.59774e-09 -1.55989e-08  1.2278e-09 -4.98717e-09 -1.04139e-08  2.7468e-09 -4.91891e-09 -7.31737e-09  2.50432e-09 -3.60225e-09 -5.64134e-09  2.05463e-09 -2.29805e-09 -4.06565e-09  1.79767e-09 -1.38338e-09 -2.78477e-09  1.54756e-09 -1.3734e-09 -2.02739e-09  1.55658e-09 -1.03114e-09 -1.67137e-09  1.30155e-09 2.06327e-10 -1.25154e-09  1.00439e-09 4.34721e-10 -8.5297e-10  6.69015e-10 -3.70355e-10 -8.11564e-10  3.45528e-10 1.19641e-10 -8.69991e-10  1.69352e-10 1.10177e-09 -6.60807e-10  1.6329e-10 1.44494e-09 -2.67107e-10  4.4665e-10 -3.51947e-10 -9.43136e-11  1.42596e-10 -4.8141e-10 -2.51628e-10  -6.52146e-10 1.23765e-09 -2.61635e-10  -1.68505e-10 2.28728e-10 -3.03487e-11  -2.72769e-10 9.46113e-10 2.31719e-10  4.53241e-10 -6.29657e-10 3.26877e-10  5.65558e-10 -8.86403e-10 1.29355e-10  5.21772e-10 -8.37073e-10 -9.7819e-11  2.79605e-10 -4.05926e-10 -9.14015e-11  2.13445e-10 -3.50469e-10 -2.36229e-11  9.37493e-08 -4.20679e-07 7.68259e-07  1.40946e-06 -2.85895e-06 1.37108e-06  2.9818e-06 -5.65196e-06 1.05842e-06  4.06889e-06 -7.34556e-06 2.05975e-09  4.13642e-06 -7.22676e-06 -1.29558e-06  3.25764e-06 -5.41557e-06 -2.2172e-06  2.01416e-06 -3.14487e-06 -2.48489e-06  9.43614e-07 -1.27398e-06 -2.21608e-06  3.73627e-07 -3.66164e-07 -1.73444e-06  2.49262e-07 -2.34001e-07 -1.29111e-06  4.6628e-07 -6.69143e-07 -1.06277e-06  5.23668e-07 -7.72082e-07 -1.06798e-06  3.60336e-07 -5.16682e-07 -1.08516e-06  1.34957e-07 -1.50642e-07 -9.11953e-07  3.97965e-08 -6.88236e-09 -6.16389e-07  7.47849e-08 -8.78394e-08 -4.08593e-07  8.52717e-08 -1.19953e-07 -3.20925e-07  4.69326e-08 -6.33338e-08 -2.48474e-07  1.93839e-08 -2.19075e-08 -1.65307e-07  1.4118e-08 -2.13111e-08 -1.07036e-07  1.2805e-08 -2.11831e-08 -7.79346e-08  6.98186e-09 -1.1454e-08 -5.86349e-08  3.05023e-09 -6.35498e-09 -4.12582e-08  2.26254e-09 -7.20289e-09 -2.88663e-08  2.27337e-09 -5.72708e-09 -2.12978e-08  1.64595e-09 -4.7372e-09 -1.5521e-08  2.42742e-10 -2.88952e-09 -1.02506e-08  2.07155e-09 -4.83729e-09 -7.02362e-09  2.09452e-09 -4.04295e-09 -5.70572e-09  1.33082e-09 -2.73413e-09 -4.20873e-09  1.32557e-09 -1.91449e-09 -2.86264e-09  1.00289e-09 -1.44658e-09 -2.20254e-09  8.28418e-10 -1.08942e-09 -1.67189e-09  1.2286e-09 -6.25797e-10 -1.20356e-09  1.26741e-09 -3.0009e-10 -1.05647e-09  2.58637e-10 8.76337e-11 -1.00815e-09  -1.36383e-10 4.98471e-10 -8.08536e-10  5.00704e-11 1.06939e-09 -5.62328e-10  1.41371e-10 1.06207e-09 -2.7928e-10  -3.07923e-10 8.10648e-10 -1.53904e-10  -4.61954e-10 5.53542e-10 -2.80629e-10  -7.14791e-11 2.02563e-10 -2.86974e-10  -9.86077e-10 1.66599e-09 -6.10623e-11  -4.82533e-11 1.98757e-10 3.10197e-10  1.06216e-10 -2.42037e-11 4.2614e-10  5.28508e-10 -7.83067e-10 8.50295e-11  2.94251e-10 -6.00409e-10 -1.33507e-10  9.72788e-11 -3.19797e-10 -1.08317e-10  8.91177e-11 -2.32503e-10 -1.29317e-11  6.95886e-08 -2.83727e-07 7.27066e-07  1.62457e-06 -2.42606e-06 1.30922e-06  3.53557e-06 -4.94554e-06 1.0606e-06  4.84099e-06 -6.5217e-06 2.5118e-09  4.9296e-06 -6.44926e-06 -1.23554e-06  3.97219e-06 -5.03302e-06 -2.18485e-06  2.4097e-06 -2.88992e-06 -2.47868e-06  1.13625e-06 -1.20606e-06 -2.21679e-06  4.67396e-07 -3.795e-07 -1.7337e-06  3.46582e-07 -3.07705e-07 -1.29779e-06  4.50492e-07 -5.18945e-07 -1.06775e-06  5.81261e-07 -6.95646e-07 -1.06171e-06  4.42765e-07 -5.10799e-07 -1.08343e-06  1.67041e-07 -1.60624e-07 -9.1481e-07  5.74402e-08 -3.17725e-08 -6.1802e-07  1.01609e-07 -1.0122e-07 -4.09903e-07  1.18137e-07 -1.27154e-07 -3.21355e-07  6.89692e-08 -6.82859e-08 -2.49626e-07  3.34452e-08 -3.01439e-08 -1.66811e-07  2.4143e-08 -2.50986e-08 -1.07521e-07  2.22409e-08 -2.42867e-08 -7.73712e-08  1.43334e-08 -1.49315e-08 -5.8236e-08  7.85958e-09 -8.73629e-09 -4.15753e-08  5.34967e-09 -7.18232e-09 -2.8776e-08  6.15612e-09 -7.32296e-09 -2.09515e-08  1.65903e-09 -1.17863e-09 -1.54129e-08  4.37265e-09 -5.62798e-09 -1.02543e-08  2.09071e-09 -2.84294e-09 -6.99941e-09  2.34599e-09 -3.21141e-09 -5.65591e-09  8.50465e-10 -1.6348e-09 -4.25539e-09  1.20167e-09 -7.88374e-10 -2.88056e-09  9.24305e-10 -4.74846e-10 -2.30968e-09  4.90395e-10 -3.25176e-10 -1.711e-09  9.36903e-10 -7.432e-10 -1.17756e-09  1.29108e-09 -8.27405e-10 -1.19672e-09  3.98799e-10 1.66522e-10 -1.15681e-09  -2.08504e-10 5.62632e-10 -7.07781e-10  2.45269e-10 4.90342e-10 -3.94314e-10  3.97132e-10 4.57022e-10 -3.06923e-10  1.14459e-10 5.70146e-10 -2.58292e-10  -1.20572e-10 8.56763e-10 -2.59347e-10  -2.77742e-10 1.07547e-09 -2.91022e-10  -2.85881e-10 9.07294e-10 -7.06116e-11  -5.60855e-10 1.09035e-09 3.32896e-10  2.3585e-10 -1.92429e-10 4.03875e-10  5.10734e-10 -6.67664e-10 1.13704e-10  2.48667e-10 -4.85379e-10 -1.77497e-10  -2.22943e-12 -2.07264e-10 -9.70347e-11  1.03619e-11 -1.92687e-10 -1.22426e-11  1.02045e-08 -7.88453e-08 6.78004e-07  1.86204e-06 -2.04379e-06 1.27966e-06  4.09358e-06 -4.25166e-06 1.04493e-06  5.6326e-06 -5.72199e-06 3.55078e-08  5.83712e-06 -5.83124e-06 -1.20946e-06  4.52536e-06 -4.44519e-06 -2.16276e-06  2.7584e-06 -2.60765e-06 -2.45917e-06  1.31042e-06 -1.12559e-06 -2.20539e-06  5.46619e-07 -3.87187e-07 -1.73753e-06  3.68918e-07 -2.85567e-07 -1.3045e-06  5.45909e-07 -5.14767e-07 -1.06563e-06  6.7027e-07 -6.48773e-07 -1.05424e-06  5.02143e-07 -4.71597e-07 -1.08097e-06  1.82533e-07 -1.48713e-07 -9.16578e-07  7.20449e-08 -4.86569e-08 -6.20689e-07  1.12619e-07 -9.42239e-08 -4.1161e-07  1.2698e-07 -1.09147e-07 -3.21621e-07  9.34945e-08 -7.80551e-08 -2.5142e-07  3.71263e-08 -2.79771e-08 -1.68871e-07  2.93168e-08 -2.44256e-08 -1.07498e-07  2.68968e-08 -2.418e-08 -7.69783e-08  1.83276e-08 -1.66006e-08 -5.80058e-08  1.0337e-08 -9.55606e-09 -4.1603e-08  8.6676e-09 -8.16709e-09 -2.86899e-08  5.77962e-09 -4.67304e-09 -2.06007e-08  7.59061e-09 -6.10907e-09 -1.52943e-08  4.29576e-09 -2.53218e-09 -1.0364e-08  6.24409e-09 -5.17366e-09 -7.0856e-09  3.21418e-09 -1.80567e-09 -5.81947e-09  1.61973e-09 -4.6723e-10 -4.12997e-09  2.70096e-09 -4.68337e-10 -2.8111e-09  2.25725e-09 9.01686e-11 -2.49982e-09  9.75956e-10 5.90824e-10 -1.87091e-09  7.2403e-10 2.51236e-10 -1.24209e-09  9.6301e-10 -2.5434e-10 -1.24905e-09  5.42558e-10 5.70801e-10 -1.2168e-09  -1.73432e-10 1.19307e-09 -6.73143e-10  1.2777e-10 6.47499e-10 -2.70609e-10  3.84505e-10 4.24714e-10 -2.71571e-10  4.78887e-10 6.66699e-10 -2.84648e-10  5.61955e-10 6.54905e-10 -2.68207e-10  2.54257e-10 6.44263e-10 -2.5551e-10  -4.8756e-11 6.35306e-10 -3.86381e-11  2.2453e-10 2.10101e-10 3.13767e-10  7.03463e-10 -7.03023e-10 3.74266e-10  8.13504e-10 -9.40917e-10 7.22541e-11  4.76766e-10 -6.87928e-10 -1.30243e-10  5.04825e-11 -2.67242e-10 -1.37173e-10  -4.13826e-11 -1.33837e-10 -2.56669e-11  -2.2838e-07 1.87829e-07 6.41328e-07  2.16043e-06 -1.68927e-06 1.26136e-06  4.43465e-06 -3.4044e-06 1.03536e-06  6.15149e-06 -4.67404e-06 3.9355e-08  6.30967e-06 -4.78371e-06 -1.20511e-06  5.00073e-06 -3.77707e-06 -2.14781e-06  3.04567e-06 -2.26333e-06 -2.43659e-06  1.45262e-06 -1.0228e-06 -2.18967e-06  5.77159e-07 -3.57858e-07 -1.73658e-06  3.54582e-07 -2.29153e-07 -1.30919e-06  5.32e-07 -4.04643e-07 -1.06228e-06  7.12437e-07 -5.51892e-07 -1.04353e-06  5.47359e-07 -4.09778e-07 -1.07314e-06  1.97484e-07 -1.29594e-07 -9.18549e-07  4.22235e-08 -1.47188e-08 -6.25289e-07  1.10646e-07 -7.19e-08 -4.12742e-07  1.41694e-07 -9.81947e-08 -3.23142e-07  9.17114e-08 -6.04319e-08 -2.53318e-07  3.21103e-08 -1.77986e-08 -1.69753e-07  2.51611e-08 -1.49396e-08 -1.08053e-07  2.25034e-08 -1.69044e-08 -7.69506e-08  1.37888e-08 -1.17318e-08 -5.76104e-08  6.52777e-09 -5.53342e-09 -4.13479e-08  5.69498e-09 -4.56817e-09 -2.84613e-08  3.32877e-09 -2.88643e-09 -2.03957e-08  5.62384e-09 -4.4763e-09 -1.50077e-08  4.74838e-09 -3.34916e-09 -1.0241e-08  4.27894e-09 -3.18568e-09 -7.19875e-09  4.10947e-09 -2.04765e-09 -5.80874e-09  3.48949e-09 -1.07327e-09 -4.11114e-09  3.09037e-09 -1.01037e-09 -2.76388e-09  3.44259e-09 -6.15451e-10 -2.5889e-09  1.53303e-09 7.68246e-10 -2.05061e-09  7.87091e-10 9.62404e-10 -1.41746e-09  4.12593e-10 6.34991e-10 -1.35981e-09  2.99872e-10 9.84722e-10 -1.16214e-09  -2.32016e-11 1.51103e-09 -6.84054e-10  -2.72749e-10 1.17654e-09 -3.0028e-10  -5.63999e-11 8.39044e-10 -1.82828e-10  5.49731e-10 5.72681e-10 -2.20719e-10  5.45481e-10 4.77219e-10 -2.8755e-10  6.33124e-11 4.8917e-10 -2.47254e-10  -2.92067e-10 6.46025e-10 -6.15143e-12  -4.71127e-11 1.80141e-10 2.45366e-10  2.09495e-10 -3.22713e-10 2.70741e-10  4.35175e-10 -7.2039e-10 1.14016e-10  2.60662e-10 -6.34124e-10 -6.42741e-11  2.46847e-10 -5.37425e-10 -1.34189e-10  3.88293e-11 -2.16215e-10 -5.12235e-11  2.22511e-07 -8.46921e-08 6.54338e-07  2.2643e-06 -1.2065e-06 1.23679e-06  5.08707e-06 -2.81293e-06 1.03483e-06  6.91499e-06 -3.82968e-06 4.63938e-08  7.00862e-06 -3.92921e-06 -1.20325e-06  5.382e-06 -3.05333e-06 -2.14201e-06  3.2431e-06 -1.86741e-06 -2.41977e-06  1.54469e-06 -8.96873e-07 -2.16963e-06  6.44227e-07 -3.72328e-07 -1.72558e-06  4.07827e-07 -2.3981e-07 -1.30506e-06  5.8825e-07 -3.58241e-07 -1.05485e-06  7.63237e-07 -4.58852e-07 -1.03242e-06  5.97755e-07 -3.4796e-07 -1.0656e-06  2.35717e-07 -1.25081e-07 -9.18079e-07  6.90922e-08 -2.6518e-08 -6.29632e-07  1.26721e-07 -6.54433e-08 -4.16658e-07  1.57045e-07 -8.51846e-08 -3.25408e-07  9.40216e-08 -4.63044e-08 -2.53922e-07  4.45943e-08 -1.77683e-08 -1.7027e-07  3.49674e-08 -1.52474e-08 -1.09249e-07  2.87794e-08 -1.62755e-08 -7.74292e-08  1.66067e-08 -1.0445e-08 -5.72864e-08  1.07521e-08 -5.86395e-09 -4.08025e-08  7.8711e-09 -4.19965e-09 -2.83061e-08  8.74929e-09 -5.79339e-09 -2.04178e-08  5.14648e-09 -3.3389e-09 -1.495e-08  4.83114e-09 -3.87921e-09 -1.01204e-08  4.60483e-09 -3.52902e-09 -7.06626e-09  4.86279e-09 -3.25816e-09 -5.5935e-09  3.70787e-09 -1.29075e-09 -4.23563e-09  3.18104e-09 -2.21686e-09 -2.89941e-09  3.759e-09 -2.12295e-09 -2.41223e-09  2.76632e-09 -6.18516e-10 -2.01031e-09  2.17482e-09 -2.03055e-10 -1.61084e-09  1.29459e-09 -1.38986e-10 -1.49311e-09  1.04202e-09 -1.53221e-12 -1.10459e-09  1.1629e-09 2.23809e-10 -6.6622e-10  6.70457e-10 2.61554e-10 -3.79911e-10  8.4538e-10 -3.84441e-12 -1.874e-10  2.76363e-10 6.97256e-11 -1.916e-10  4.35627e-10 -1.09999e-10 -2.76233e-10  -1.99691e-10 2.66909e-10 -2.17559e-10  4.04014e-10 -9.9782e-12 -4.11521e-11  2.69255e-10 -2.58235e-10 1.50694e-10  5.28949e-10 -6.3389e-10 2.38461e-10  1.12768e-10 -5.94003e-10 1.294e-10  3.79205e-10 -7.42336e-10 -4.51422e-11  5.7634e-11 -4.21284e-10 -9.67703e-11  -3.17169e-10 7.23933e-11 -1.06628e-11  1.03307e-07 3.17983e-08 6.58322e-07  2.60005e-06 -8.7892e-07 1.24818e-06  5.14897e-06 -1.87092e-06 1.03875e-06  7.31178e-06 -2.76869e-06 3.30549e-08  7.37571e-06 -2.90205e-06 -1.23244e-06  5.73053e-06 -2.33994e-06 -2.15062e-06  3.3881e-06 -1.45978e-06 -2.41278e-06  1.54982e-06 -7.34847e-07 -2.15112e-06  5.66463e-07 -3.16262e-07 -1.70504e-06  3.41723e-07 -1.97082e-07 -1.28948e-06  5.67672e-07 -2.71576e-07 -1.04352e-06  7.90125e-07 -3.52678e-07 -1.02365e-06  6.25215e-07 -2.73505e-07 -1.05947e-06  2.33999e-07 -1.0056e-07 -9.16943e-07  5.41807e-08 -2.16335e-08 -6.32769e-07  1.18779e-07 -4.88966e-08 -4.20232e-07  1.53744e-07 -6.14188e-08 -3.27179e-07  9.20256e-08 -3.08851e-08 -2.54385e-07  5.22907e-08 -1.4604e-08 -1.71323e-07  3.01522e-08 -7.68355e-09 -1.1087e-07  2.40068e-08 -8.7151e-09 -7.80895e-08  1.31444e-08 -3.64078e-09 -5.70945e-08  7.86936e-09 -9.34927e-10 -4.03458e-08  6.52944e-09 -8.28478e-10 -2.85873e-08  8.22764e-10 1.80368e-10 -2.04503e-08  5.3846e-09 -1.43134e-09 -1.48092e-08  1.81572e-09 -3.73511e-10 -1.03974e-08  2.42647e-09 -1.08422e-09 -7.12073e-09  2.05844e-09 -1.22976e-09 -5.24098e-09  2.97395e-09 -7.90155e-10 -4.21743e-09  2.0476e-09 -1.52559e-09 -3.23351e-09  5.33662e-10 -7.68324e-10 -2.1854e-09  1.32047e-09 -1.62692e-10 -1.76762e-09  1.06642e-09 -9.19473e-11 -1.71574e-09  1.92573e-10 -2.43396e-11 -1.53318e-09  -3.80685e-10 2.05586e-10 -1.02564e-09  -5.18299e-11 2.0164e-10 -6.23607e-10  -1.80606e-10 1.94964e-10 -4.47281e-10  -4.33184e-10 2.58303e-10 -2.88271e-10  4.59026e-10 -3.90025e-10 -2.60869e-10  1.24679e-10 -3.14818e-10 -2.00939e-10  3.87472e-10 -1.77526e-10 -1.02352e-10  -3.39281e-10 2.2535e-10 -5.546e-11  -2.65026e-10 -5.20354e-11 7.65913e-11  -2.38527e-10 -3.03077e-10 2.08607e-10  5.3764e-10 -6.66286e-10 1.0507e-10  -5.9305e-11 -3.62221e-10 -6.83163e-11  -5.56511e-10 4.85224e-11 -3.73204e-11  1.44659e-10 -4.69826e-11 2.33266e-11  -1.11335e-07 1.55879e-07 6.90334e-07  2.84218e-06 -4.72338e-07 1.27792e-06  5.77307e-06 -1.12727e-06 1.0328e-06  8.00837e-06 -1.81334e-06 7.53779e-09  7.89906e-06 -1.94486e-06 -1.2617e-06  5.98933e-06 -1.60322e-06 -2.16392e-06  3.4463e-06 -1.03471e-06 -2.41175e-06  1.49049e-06 -5.55852e-07 -2.13421e-06  5.25401e-07 -2.79723e-07 -1.6791e-06  3.51311e-07 -1.85881e-07 -1.26684e-06  6.20905e-07 -2.1739e-07 -1.02924e-06  8.38047e-07 -2.58229e-07 -1.01607e-06  6.53373e-07 -2.0128e-07 -1.05571e-06  2.46177e-07 -8.36261e-08 -9.16128e-07  6.49338e-08 -2.71323e-08 -6.34194e-07  1.30989e-07 -4.03539e-08 -4.22424e-07  1.65078e-07 -4.55162e-08 -3.285e-07  1.04287e-07 -2.50382e-08 -2.55145e-07  6.56775e-08 -1.50305e-08 -1.72761e-07  4.05337e-08 -9.50848e-09 -1.12456e-07  3.25686e-08 -7.77942e-09 -7.87333e-08  2.25216e-08 -3.69016e-09 -5.69525e-08  1.6362e-08 -1.9637e-09 -4.05089e-08  1.20707e-08 -1.3116e-09 -2.89149e-08  1.05842e-08 -2.15263e-09 -2.05126e-08  4.91653e-09 -4.02164e-11 -1.46036e-08  7.32631e-09 -2.7714e-10 -1.05999e-08  4.43646e-09 -3.54688e-10 -7.44267e-09  5.88728e-09 -8.94597e-10 -5.19764e-09  2.60256e-09 -4.07098e-10 -4.23809e-09  1.90661e-09 -2.31906e-10 -3.30996e-09  2.62822e-09 -4.49004e-10 -2.06125e-09  1.84245e-09 1.77724e-10 -1.6823e-09  1.63091e-09 -2.65039e-10 -1.79671e-09  4.84877e-10 -1.18401e-10 -1.48631e-09  -1.00832e-10 2.0717e-10 -8.94613e-10  2.85119e-10 5.48072e-11 -5.85054e-10  1.2744e-10 4.12112e-11 -4.80195e-10  1.64141e-10 -2.45522e-11 -3.40725e-10  -1.0202e-10 -4.71455e-11 -3.07305e-10  -2.58689e-10 -9.23088e-11 -1.48537e-10  1.60311e-10 -7.14413e-11 3.67819e-11  5.17559e-10 -1.5052e-10 1.35189e-11  2.0737e-10 -2.04767e-10 3.14194e-11  7.50104e-11 -3.78314e-10 1.46021e-10  5.0558e-10 -5.24689e-10 8.87969e-11  1.64827e-11 -1.92253e-10 -5.54103e-11  4.58083e-10 -1.98938e-10 -8.65288e-13  2.15068e-10 -3.8924e-11 2.57771e-11  -1.49933e-07 1.38229e-07 7.34491e-07  3.06765e-06 -4.23406e-08 1.35983e-06  6.28778e-06 -3.45367e-07 1.02223e-06  8.18552e-06 -7.26599e-07 -4.84709e-08  7.98953e-06 -8.97657e-07 -1.30839e-06  6.00947e-06 -8.24228e-07 -2.19265e-06  3.40867e-06 -6.00042e-07 -2.41051e-06  1.40901e-06 -3.79537e-07 -2.1179e-06  4.09724e-07 -2.25846e-07 -1.65262e-06  2.44183e-07 -1.43012e-07 -1.24016e-06  5.53651e-07 -1.30965e-07 -1.0139e-06  8.10664e-07 -1.43978e-07 -1.01115e-06  6.35821e-07 -1.17292e-07 -1.0541e-06  2.20601e-07 -5.12692e-08 -9.14075e-07  3.17115e-08 -1.1912e-08 -6.33699e-07  1.03054e-07 -1.56092e-08 -4.23954e-07  1.47339e-07 -2.0701e-08 -3.29817e-07  9.28732e-08 -1.28429e-08 -2.56777e-07  3.87968e-08 -5.73363e-09 -1.74219e-07  2.99577e-08 -4.90116e-09 -1.12923e-07  2.39424e-08 -2.43042e-09 -7.90274e-08  1.70691e-08 -8.54933e-10 -5.70547e-08  1.12123e-08 -1.9418e-10 -4.07191e-08  8.56092e-09 -4.4692e-10 -2.91729e-08  4.89982e-09 -4.38758e-10 -2.03874e-08  6.62129e-09 -1.32819e-10 -1.43581e-08  5.43662e-09 3.60333e-10 -1.07242e-08  3.53924e-09 2.00842e-10 -7.6297e-09  3.46034e-09 3.31367e-10 -5.28947e-09  3.53828e-09 -4.73879e-10 -4.18179e-09  2.2719e-09 3.12345e-10 -3.20076e-09  1.23534e-09 5.83002e-10 -2.07663e-09  2.00886e-09 4.39726e-10 -1.81568e-09  5.1805e-10 1.29847e-10 -1.87756e-09  -4.48948e-10 3.51236e-10 -1.3544e-09  -6.16028e-10 5.99763e-10 -7.81692e-10  -3.48968e-10 3.54749e-10 -5.73717e-10  -5.29726e-10 2.83504e-10 -4.59368e-10  -7.28624e-10 2.9317e-10 -3.28728e-10  -6.11882e-10 2.61574e-10 -3.08161e-10  -9.88231e-10 2.91768e-10 -1.3296e-10  -4.03678e-10 7.88188e-11 9.92032e-11  -1.6198e-10 -1.14119e-10 9.29851e-11  -3.02724e-10 -1.13323e-10 2.17816e-11  -3.57646e-10 -1.9731e-10 7.98487e-11  -5.70534e-11 -2.73416e-10 7.13731e-11  3.29734e-10 -2.02577e-10 -3.37941e-11  1.10801e-11 -9.90134e-11 -5.9735e-12  8.1075e-11 -2.97447e-11 4.67659e-11  
            </DataArray>
            <DataArray type="Float64" Name="Force" NumberOfComponents="3" format="ascii">
               0.00109576 -2.97908e-07 -3.43631e-05  0.0011214 -7.90424e-06 -1.1694e-05  0.000873409 -5.33051e-06 1.04234e-05  0.000279459 2.06959e-05 5.28626e-06  0.000409961 -1.62129e-05 8.54712e-06  0.00019503 -8.97199e-06 4.81183e-06  0.000116506 -1.96785e-06 1.92595e-06  0.000118961 4.21838e-07 1.0301e-06  0.000137166 4.25695e-07 5.89952e-07  0.000132745 -1.03677e-06 3.97318e-07  0.000103271 -1.42659e-06 3.40275e-07  7.05303e-05 -1.1054e-06 3.46342e-07  4.95958e-05 -5.61696e-07 2.65495e-07  4.38201e-05 -6.53082e-08 2.19406e-07  4.41086e-05 -3.13795e-08 1.77763e-07  4.16797e-05 -2.24445e-07 1.19914e-07  3.62944e-05 -2.06246e-07 9.28932e-08  3.28265e-05 -1.02326e-07 5.96833e-08  4.72268e-05 -1.39489e-06 7.28973e-08  3.06951e-05 -1.83866e-09 3.2082e-08  3.00504e-05 -2.16104e-09 2.05055e-08  2.96052e-05 -2.90652e-09 1.42769e-08  2.93429e-05 -1.93688e-09 1.06735e-08  1.45554e-05 -1.26351e-06 3.67597e-09  2.89013e-05 1.47673e-08 5.7724e-09  2.85487e-05 1.33247e-08 4.76405e-09  2.82174e-05 1.53033e-08 3.93476e-09  4.16226e-05 1.21658e-06 4.11058e-09  2.71284e-05 2.76328e-09 1.31459e-09  2.64834e-05 7.32069e-10 1.23863e-09  1.29342e-05 1.12297e-06 5.39754e-10  2.54976e-05 -3.09264e-08 1.16387e-09  2.47708e-05 -3.57734e-08 1.03125e-09  3.56302e-05 -1.0545e-06 1.30623e-09  2.25692e-05 1.06199e-09 7.89633e-10  2.14885e-05 1.99289e-09 7.16335e-10  2.03844e-05 -4.86439e-10 6.554e-10  9.6484e-06 -8.36577e-07 4.77946e-10  1.87653e-05 4.94627e-08 1.18046e-09  1.75851e-05 6.64107e-08 1.3095e-09  2.38483e-05 7.36298e-07 1.32185e-09  1.38957e-05 -1.54492e-09 1.18384e-09  1.18585e-05 -1.18199e-08 1.23495e-09  1.02258e-05 -1.19029e-08 1.60925e-09  4.23091e-06 -3.64967e-07 5.54542e-10  7.51829e-06 7.41624e-08 1.13143e-09  5.9705e-06 9.68249e-08 1.28622e-09  4.06352e-06 1.21107e-07 1.32155e-09  1.94832e-06 9.16575e-08 1.34864e-09  -4.97926e-06 0.00237874 -2.73678e-05  -2.67053e-06 0.00104975 -1.51047e-05  -6.57634e-06 0.00098101 2.28089e-07  8.48177e-07 0.000754193 5.83574e-06  -1.50693e-06 0.000528252 1.05665e-05  1.25877e-06 0.000238288 5.47121e-06  2.08294e-07 5.18299e-05 2.20284e-06  8.85742e-07 6.06219e-05 -5.09564e-07  3.9724e-06 7.15955e-05 -4.7361e-07  7.7331e-07 0.0001438 1.7091e-07  2.24599e-06 0.000108815 2.49676e-07  -1.85291e-06 3.29122e-05 1.49548e-07  -1.15824e-06 2.09997e-05 1.01508e-07  -9.30409e-07 1.73898e-05 9.31392e-08  -1.05375e-06 1.95495e-05 8.55923e-08  -1.00237e-06 1.88795e-05 5.08535e-08  -8.64834e-07 1.62313e-05 2.41966e-08  -7.44991e-07 1.38628e-05 3.43037e-08  -7.0343e-07 1.31662e-05 2.43133e-08  -6.9963e-07 1.31174e-05 1.27186e-08  -6.79668e-07 1.2717e-05 1.2612e-08  -6.6218e-07 1.2416e-05 6.81387e-09  -6.50253e-07 1.21857e-05 6.1382e-09  -6.46054e-07 1.21063e-05 3.38224e-09  -6.43476e-07 1.20563e-05 2.17868e-09  -6.38917e-07 1.1967e-05 2.20027e-09  -6.34927e-07 1.18918e-05 1.42281e-09  -6.28531e-07 1.17747e-05 1.25732e-09  -6.226e-07 1.1664e-05 9.14792e-10  -6.14352e-07 1.15092e-05 6.0457e-10  -6.03823e-07 1.13151e-05 6.86869e-10  -5.90756e-07 1.10683e-05 6.15092e-10  -5.73871e-07 1.07448e-05 4.3451e-10  -5.57154e-07 1.04105e-05 7.91578e-11  -5.39961e-07 1.00537e-05 -2.5282e-10  -5.21617e-07 9.67806e-06 1.26056e-09  -5.05001e-07 9.28301e-06 7.35265e-10  -4.982e-07 8.8119e-06 -5.90522e-09  -5.26676e-07 8.48332e-06 -1.22973e-08  -5.66128e-07 8.3145e-06 6.96285e-09  -7.04314e-07 1.47601e-05 -4.23406e-08  4.32063e-07 8.1512e-06 2.13946e-07  1.07544e-08 1.49226e-05 -4.40758e-08  9.88253e-08 1.24863e-05 2.78714e-09  1.30526e-07 1.02615e-05 -2.47705e-08  2.49377e-08 7.94898e-06 -1.18511e-08  2.70613e-08 6.01143e-06 -4.25252e-09  -7.97472e-09 4.11844e-06 -7.80581e-09  -4.30676e-09 3.22046e-06 -1.43806e-08  -0.00122791 -5.7287e-07 -1.75468e-05  -0.000557304 -4.58365e-08 -2.33999e-05  -0.000493004 -4.00359e-07 1.54024e-05  -0.0003874 -2.35444e-07 -8.50378e-06  -0.000370189 -1.12759e-07 1.14491e-05  0 0 0  -0.000120685 2.45847e-07 2.12906e-06  -7.33086e-05 2.13555e-07 2.50533e-06  -7.73314e-05 2.12484e-07 -1.94192e-06  -6.80783e-05 6.37467e-07 1.98979e-06  -5.99928e-05 5.02297e-07 -1.46772e-06  -5.92845e-05 1.33237e-06 5.51238e-07  -2.18983e-05 -1.35235e-06 -4.62993e-07  -4.59549e-05 1.60767e-06 2.67134e-07  -2.74939e-05 -2.22452e-06 3.54977e-08  0 0 0  -2.14078e-05 -1.70152e-06 4.53432e-08  -1.72703e-05 -1.36864e-06 3.3569e-08  -1.67948e-05 -1.32963e-06 4.07222e-08  -1.6324e-05 -1.29814e-06 6.45388e-09  -1.58715e-05 -1.26948e-06 1.59973e-08  -1.55146e-05 -1.22613e-06 2.5672e-08  -1.54214e-05 -1.20951e-06 8.95543e-09  -1.52091e-05 -1.20543e-06 -7.50407e-09  -1.51828e-05 -1.20935e-06 7.85852e-09  -1.48776e-05 -1.1944e-06 -8.75472e-09  -1.48745e-05 -1.19892e-06 5.96471e-09  -1.47105e-05 -1.16972e-06 1.15157e-08  -1.45406e-05 -1.13172e-06 1.02044e-08  -1.44132e-05 -1.10697e-06 1.82059e-09  -1.43909e-05 -1.14094e-06 -3.87711e-08  -3.20781e-05 1.21081e-07 2.69019e-08  -1.47356e-05 -1.13618e-06 1.98658e-07  -1.29606e-05 -6.6534e-07 1.38511e-07  -2.28449e-05 -6.1971e-07 -9.38764e-08  -2.13078e-05 3.90859e-07 -4.35963e-08  0 0 0  -2.15729e-05 -1.28254e-07 1.5655e-08  -9.65842e-06 -1.34064e-08 2.89926e-07  -9.13812e-06 -8.46652e-09 -2.73161e-07  -8.17177e-06 -1.6402e-09 2.38436e-07  -7.50621e-06 -1.79312e-09 -2.20042e-07  -1.28057e-05 -4.87765e-09 1.21606e-08  0 0 0  -9.82692e-06 -7.20967e-10 2.11195e-08  -3.62661e-06 -1.10629e-10 1.08322e-07  -3.01046e-06 1.1842e-10 -8.8593e-08  -1.95992e-06 -6.84798e-12 5.86515e-08  -1.57168e-06 -9.26833e-11 -3.2084e-08  1.74614e-06 -0.00227805 -3.11671e-05  -2.5101e-06 -0.00110209 -1.50121e-05  -4.83915e-06 -0.000998094 5.01143e-07  1.55947e-07 -0.000686584 5.13473e-06  4.4704e-07 -0.000621462 8.57828e-06  -9.86778e-06 -0.000182379 5.80736e-06  5.55184e-06 -0.000191133 4.65619e-06  -3.35859e-06 -5.91609e-05 -3.65338e-07  6.6113e-06 -7.08155e-05 2.56802e-07  2.02137e-06 -0.000132259 2.45429e-07  4.57821e-07 -0.000106799 3.02038e-07  2.45411e-07 -7.47847e-05 2.60095e-07  -2.04066e-06 -2.52227e-05 1.43952e-07  -1.65331e-06 -2.12981e-05 1.18695e-07  -1.70731e-06 -2.25886e-05 7.27844e-08  -1.60976e-06 -2.14372e-05 5.46711e-08  -1.43165e-06 -1.91472e-05 3.42764e-08  -1.24766e-06 -1.66317e-05 2.97045e-08  -1.19307e-06 -1.59528e-05 2.29239e-08  -1.17446e-06 -1.56873e-05 1.8379e-08  -1.15068e-06 -1.53882e-05 1.05545e-08  -1.1169e-06 -1.49301e-05 9.82275e-09  -1.09974e-06 -1.47092e-05 6.5461e-09  -1.0886e-06 -1.45608e-05 4.60686e-09  -1.07761e-06 -1.44202e-05 2.43551e-09  -1.06412e-06 -1.42354e-05 2.07967e-09  -1.05044e-06 -1.40528e-05 1.71844e-09  -1.03495e-06 -1.3847e-05 1.14921e-09  -1.01428e-06 -1.35702e-05 8.85583e-10  -9.95827e-07 -1.33226e-05 6.42413e-10  -9.80085e-07 -1.30949e-05 -2.36475e-11  -9.56938e-07 -1.27118e-05 -1.91758e-09  -9.4372e-07 -1.23876e-05 -4.27467e-09  -9.4884e-07 -1.21371e-05 -9.83956e-09  -9.55986e-07 -1.17701e-05 -1.08084e-08  9.92711e-08 -2.26063e-05 7.6983e-10  7.63953e-08 -2.17906e-05 1.79264e-09  -7.98366e-07 -1.03215e-05 4.58752e-08  -5.74474e-07 -9.59433e-06 5.7612e-08  -4.7632e-07 -1.04874e-05 1.71687e-07  -1.96838e-07 -1.71353e-05 -1.28045e-07  1.64898e-07 -6.82009e-06 -1.57516e-07  -8.64768e-08 -1.06697e-05 1.79903e-08  0 0 0  3.18459e-08 -1.37925e-05 1.31845e-07  -5.27402e-08 -7.71569e-06 -5.76983e-09  7.64813e-09 -5.6842e-06 -7.20153e-09  -2.04657e-08 -4.22442e-06 -9.69198e-09  2.77975e-09 -3.35087e-06 -1.32403e-08  0.00146241 0.000136653 -3.57922e-06  0.000591282 6.13866e-05 -1.56467e-05  0.000515488 4.76327e-05 -7.06393e-06  0.00035969 2.86359e-05 4.30679e-06  0.000181522 1.40171e-05 4.30224e-06  9.46395e-05 7.40533e-06 2.05628e-06  4.9083e-05 3.78386e-06 1.1759e-06  5.74824e-05 4.70033e-06 7.76502e-07  6.90257e-05 5.90112e-06 4.62714e-07  6.78009e-05 5.93174e-06 1.5773e-07  5.41545e-05 4.74665e-06 1.44553e-07  3.68014e-05 3.2165e-06 1.2052e-07  2.39098e-05 2.04967e-06 1.54323e-07  2.14063e-05 1.83545e-06 1.42233e-07  2.19921e-05 1.91237e-06 8.73605e-08  2.12135e-05 1.84564e-06 5.05677e-08  1.7869e-05 1.553e-06 6.00603e-08  1.61796e-05 1.40376e-06 3.74689e-08  1.55879e-05 1.35489e-06 2.90331e-08  1.5437e-05 1.34111e-06 2.22952e-08  1.51462e-05 1.31385e-06 1.43242e-08  1.48663e-05 1.28977e-06 1.0062e-08  1.4721e-05 1.27848e-06 5.14584e-09  1.45761e-05 1.26559e-06 4.56037e-09  1.44284e-05 1.25306e-06 1.7965e-09  1.42679e-05 1.23898e-06 1.79027e-09  1.41153e-05 1.2256e-06 1.77435e-09  1.39096e-05 1.20775e-06 1.12202e-09  1.36803e-05 1.18759e-06 8.46829e-10  1.34211e-05 1.1653e-06 6.48813e-10  1.31392e-05 1.14088e-06 6.99106e-10  1.27914e-05 1.11049e-06 5.36892e-10  1.24388e-05 1.07996e-06 6.76075e-10  1.20271e-05 1.04423e-06 3.18801e-10  1.15863e-05 1.00591e-06 5.73224e-10  1.10737e-05 9.61271e-07 3.64995e-10  1.05099e-05 9.12268e-07 3.92155e-10  9.85049e-06 8.5505e-07 1.28787e-10  9.41165e-06 8.16986e-07 3.01647e-10  8.81492e-06 7.65369e-07 6.10368e-10  8.09781e-06 7.03173e-07 6.42921e-10  7.244e-06 6.28313e-07 -1.38205e-09  6.17538e-06 5.32074e-07 -4.10564e-09  5.46194e-06 4.66568e-07 -2.9353e-09  4.74759e-06 4.06817e-07 5.21407e-09  4.02707e-06 3.59554e-07 2.23103e-08  3.29982e-06 3.08897e-07 8.12506e-09  2.173e-06 2.0024e-07 -1.46124e-08  1.52936e-06 1.44853e-07 1.21938e-08  0.00182333 0.000511933 -8.48641e-06  0.0012591 0.000340868 -4.31615e-05  0.000828483 0.000206765 3.85171e-06  0.000655225 0.00017731 8.99653e-06  0.000314191 8.65543e-05 7.92417e-06  0.000155451 4.29049e-05 3.6229e-06  0.000101521 2.79447e-05 1.50069e-06  0.000116173 3.13092e-05 1.14542e-06  0.000133657 3.57434e-05 4.92194e-07  0.000127472 3.39872e-05 2.22252e-07  9.85969e-05 2.62216e-05 3.30291e-07  3.60181e-05 9.56687e-06 1.26807e-07  5.43792e-05 1.44912e-05 2.09781e-07  4.45365e-05 1.1865e-05 1.86063e-07  4.28463e-05 1.13939e-05 1.93516e-07  4.16804e-05 1.10756e-05 1.14416e-07  3.5865e-05 9.53438e-06 9.89983e-08  3.23694e-05 8.60481e-06 7.85538e-08  3.05142e-05 8.11359e-06 6.30224e-08  3.01018e-05 8.0022e-06 4.88328e-08  2.95784e-05 7.86467e-06 2.06469e-08  2.89944e-05 7.70912e-06 1.37229e-08  2.85835e-05 7.59967e-06 1.19715e-08  2.82974e-05 7.52457e-06 1.0126e-08  2.80222e-05 7.45068e-06 5.44141e-09  2.77053e-05 7.36648e-06 4.27607e-09  2.74266e-05 7.29249e-06 4.11102e-09  2.70993e-05 7.20556e-06 2.54236e-09  2.66547e-05 7.08752e-06 1.7948e-09  2.61734e-05 6.95953e-06 1.58608e-09  2.56034e-05 6.80797e-06 1.03683e-09  2.50163e-05 6.65197e-06 1.33213e-09  2.43016e-05 6.4619e-06 7.96164e-10  2.35141e-05 6.2525e-06 1.00602e-09  2.26692e-05 6.02799e-06 9.02446e-10  2.17677e-05 5.78794e-06 8.48829e-10  2.06681e-05 5.49563e-06 9.61828e-10  1.96196e-05 5.21726e-06 7.51696e-10  1.85282e-05 4.92702e-06 1.05429e-09  1.73712e-05 4.62072e-06 1.34541e-09  1.60418e-05 4.2712e-06 2.94823e-09  2.13511e-05 5.67996e-06 -3.9871e-09  1.17297e-05 3.09088e-06 -7.79302e-09  1.01136e-05 2.63251e-06 -6.44758e-10  4.4836e-06 1.16419e-06 -3.59344e-09  7.86197e-06 2.08497e-06 -3.4328e-09  7.62311e-06 2.255e-06 8.58773e-08  4.82601e-06 1.39557e-06 -3.1979e-08  2.01769e-06 5.41862e-07 -1.87193e-08  0.000977044 0.000446623 -1.41167e-05  0 0 0  0.000995954 0.000449661 2.8985e-06  0.000255815 0.000111919 5.71317e-06  0.000131923 5.81915e-05 3.7992e-06  6.44664e-05 2.86802e-05 1.52562e-06  5.31304e-05 2.41107e-05 5.78894e-07  6.15002e-05 2.83633e-05 2.9124e-07  6.51505e-05 3.01343e-05 1.56661e-07  0 0 0  5.72053e-05 2.64697e-05 1.27127e-07  3.89208e-05 1.80444e-05 1.12944e-07  2.5997e-05 1.20832e-05 1.53749e-07  2.23008e-05 1.03442e-05 9.27295e-08  2.11278e-05 9.79372e-06 7.52314e-08  1.98986e-05 9.22041e-06 6.74819e-08  1.72736e-05 7.99719e-06 4.07325e-08  1.53391e-05 7.11047e-06 4.33771e-08  1.46812e-05 6.80099e-06 2.38593e-08  1.43888e-05 6.66285e-06 1.2065e-08  1.39671e-05 6.46868e-06 9.15882e-09  1.36385e-05 6.31626e-06 8.11712e-09  1.34902e-05 6.24703e-06 4.66351e-09  1.3347e-05 6.17994e-06 4.13389e-09  1.3227e-05 6.12437e-06 3.30374e-09  1.3047e-05 6.04152e-06 1.56053e-09  1.29144e-05 5.9802e-06 1.38478e-09  1.27738e-05 5.91499e-06 1.022e-09  1.26193e-05 5.84331e-06 1.07744e-09  1.23986e-05 5.74123e-06 5.79234e-10  1.21786e-05 5.63925e-06 9.15304e-10  1.18859e-05 5.50366e-06 7.72904e-10  1.1536e-05 5.34197e-06 3.92041e-10  1.11899e-05 5.18138e-06 5.22236e-10  1.07576e-05 4.98136e-06 2.83075e-10  1.04455e-05 4.83682e-06 3.72733e-10  9.89157e-06 4.58023e-06 4.86858e-10  9.39741e-06 4.35163e-06 2.49783e-10  8.76744e-06 4.06003e-06 1.12373e-10  8.3703e-06 3.87823e-06 -2.67269e-10  7.75101e-06 3.59765e-06 -1.13432e-09  7.11575e-06 3.31084e-06 3.24624e-10  1.1857e-05 5.4669e-06 2.20006e-08  9.40693e-06 4.23319e-06 -2.26588e-08  7.59858e-06 3.39841e-06 -1.49263e-08  2.93765e-06 1.34025e-06 1.98211e-08  3.08112e-06 1.43948e-06 -5.18485e-08  2.58572e-06 1.31413e-06 4.54646e-08  1.30038e-06 5.70913e-07 8.55028e-09  0.000575344 0.00031784 -1.34737e-05  0.00138341 0.000738853 -2.959e-05  0 0 0  0.000847042 0.000477436 1.11797e-06  0.000396736 0.000222871 1.06637e-05  0.000194318 0.00010942 5.55686e-06  0.000113228 6.53281e-05 2.5716e-06  0.000107183 6.10717e-05 1.42005e-06  0.000126971 7.31316e-05 7.57737e-07  0.000120654 6.92128e-05 2.90196e-07  9.60224e-05 5.50021e-05 3.1629e-07  5.71731e-05 3.28434e-05 3.2436e-07  4.30516e-05 2.47441e-05 2.4128e-07  4.08433e-05 2.34013e-05 2.04861e-07  3.95506e-05 2.27252e-05 1.43945e-07  3.61547e-05 2.07782e-05 9.23676e-08  3.04672e-05 1.75118e-05 9.39973e-08  2.83822e-05 1.63091e-05 6.30101e-08  2.77807e-05 1.59637e-05 3.08555e-08  2.69268e-05 1.54746e-05 2.65761e-08  2.63803e-05 1.51538e-05 1.40113e-08  2.58498e-05 1.48508e-05 1.2222e-08  2.55356e-05 1.46704e-05 1.19997e-08  2.53197e-05 1.45474e-05 5.4987e-09  2.50449e-05 1.43891e-05 4.47916e-09  2.47457e-05 1.42175e-05 2.92621e-09  2.45733e-05 1.41185e-05 2.43053e-09  2.42438e-05 1.39305e-05 1.87826e-09  2.39878e-05 1.37836e-05 1.896e-09  2.34922e-05 1.34995e-05 1.12651e-09  2.29678e-05 1.3198e-05 8.10986e-10  2.24749e-05 1.29137e-05 1.29284e-09  2.16559e-05 1.24438e-05 3.85241e-10  2.1141e-05 1.21494e-05 9.53935e-10  2.0259e-05 1.16398e-05 8.2134e-10  1.92652e-05 1.10706e-05 4.57868e-10  1.85845e-05 1.06766e-05 9.2393e-10  1.75491e-05 1.00832e-05 8.4054e-10  1.64393e-05 9.45114e-06 7.66206e-10  1.54556e-05 8.91014e-06 6.77811e-10  1.41233e-05 8.1564e-06 4.91133e-10  1.31322e-05 7.60417e-06 1.47199e-09  1.15528e-05 6.66525e-06 3.60001e-09  4.47813e-06 3.01971e-06 2.8215e-08  3.42006e-06 2.23655e-06 2.73699e-09  2.5689e-06 1.71071e-06 -1.76738e-08  6.42966e-06 3.82356e-06 4.98922e-08  1.46258e-06 7.31835e-07 -4.25216e-08  2.44252e-07 1.35498e-07 8.9753e-09  0.00149337 0.00112472 -3.95378e-05  0.000998986 0.000867267 -2.68801e-05  0.000988975 0.000712239 6.92485e-06  0.000222732 0.000157954 4.95314e-06  0.000112133 7.86536e-05 4.00227e-06  6.96376e-05 4.91953e-05 1.72379e-06  4.56311e-05 3.22684e-05 9.02559e-07  0 0 0  5.63502e-05 3.95022e-05 3.74898e-07  6.03115e-05 4.20485e-05 1.11312e-07  5.07423e-05 3.53915e-05 1.08901e-07  3.86353e-05 2.69525e-05 1.16743e-07  2.36591e-05 1.64301e-05 1.51882e-07  1.88753e-05 1.31434e-05 1.52699e-07  1.89797e-05 1.32269e-05 9.52967e-08  1.81137e-05 1.2617e-05 6.50267e-08  1.61368e-05 1.1252e-05 4.17452e-08  1.39738e-05 9.7301e-06 4.36473e-08  1.3416e-05 9.34517e-06 2.382e-08  1.29687e-05 9.03778e-06 2.30502e-08  1.27087e-05 8.85813e-06 1.23008e-08  1.23753e-05 8.62568e-06 9.38194e-09  1.22051e-05 8.50668e-06 7.54076e-09  1.21245e-05 8.44912e-06 4.64604e-09  1.19782e-05 8.34739e-06 3.14129e-09  1.18567e-05 8.26316e-06 2.07991e-09  1.17455e-05 8.1854e-06 1.6433e-09  1.16658e-05 8.12992e-06 1.27141e-09  1.15046e-05 8.01776e-06 1.09898e-09  1.13648e-05 7.92012e-06 8.12781e-10  1.11266e-05 7.75429e-06 9.01113e-10  1.08334e-05 7.55014e-06 7.93549e-10  1.05343e-05 7.34137e-06 3.66339e-10  1.02005e-05 7.10897e-06 4.83868e-10  9.91548e-06 6.91008e-06 3.71432e-10  9.50857e-06 6.62654e-06 6.34035e-10  9.00052e-06 6.27211e-06 1.34753e-10  8.67017e-06 6.04244e-06 9.28326e-10  8.18794e-06 5.70797e-06 2.25277e-09  7.62645e-06 5.32232e-06 5.06519e-09  7.13197e-06 4.99127e-06 8.69358e-09  6.56185e-06 4.61209e-06 1.08639e-08  5.87049e-06 4.13193e-06 -3.3841e-10  8.75748e-06 5.94078e-06 -1.09779e-07  8.65702e-06 7.05203e-06 3.38645e-08  2.75995e-06 1.85355e-06 4.84318e-09  0 0 0  3.60462e-06 2.9219e-06 3.17629e-08  1.67757e-06 1.17864e-06 2.7136e-08  0.000804062 0.000861197 -1.59697e-05  0.000384587 0.000429377 7.17337e-06  0.000619242 0.000652724 3.21039e-06  0.000417684 0.000410375 9.7787e-06  0.000252486 0.000249674 9.37299e-06  0.000153419 0.000150513 2.65639e-06  8.38399e-05 8.27673e-05 2.32145e-06  4.48687e-05 4.46354e-05 7.82003e-07  0.000105872 0.000106296 5.29511e-07  0.00010269 0.000102808 2.14373e-07  8.22107e-05 8.21916e-05 3.16113e-07  5.87618e-05 5.88019e-05 2.51244e-07  4.01319e-05 4.01715e-05 2.15332e-07  3.2829e-05 3.28115e-05 2.74926e-07  3.29221e-05 3.29285e-05 1.61293e-07  3.03482e-05 3.03455e-05 1.17435e-07  2.68729e-05 2.68727e-05 7.92369e-08  2.42548e-05 2.42493e-05 5.50121e-08  2.31397e-05 2.31412e-05 3.86166e-08  2.24002e-05 2.23926e-05 4.09778e-08  2.19006e-05 2.18928e-05 2.40975e-08  2.13872e-05 2.13798e-05 1.93432e-08  2.11381e-05 2.11315e-05 1.41793e-08  2.09566e-05 2.09507e-05 6.40255e-09  2.07606e-05 2.07548e-05 4.54226e-09  2.05689e-05 2.05625e-05 4.03958e-09  2.03976e-05 2.03911e-05 3.26464e-09  2.01969e-05 2.01905e-05 2.17685e-09  1.99492e-05 1.99431e-05 2.06426e-09  1.96507e-05 1.96445e-05 1.56925e-09  1.92093e-05 1.92031e-05 1.20715e-09  1.86801e-05 1.86741e-05 9.28429e-10  1.81843e-05 1.81784e-05 7.86566e-10  1.76173e-05 1.76117e-05 7.52806e-10  1.70469e-05 1.70418e-05 1.12432e-09  1.63115e-05 1.63063e-05 1.0089e-09  1.55581e-05 1.55539e-05 9.41492e-10  1.47991e-05 1.47968e-05 2.02148e-09  1.39067e-05 1.39138e-05 2.08668e-09  1.29275e-05 1.29576e-05 1.95535e-09  1.2139e-05 1.22113e-05 2.77171e-09  1.11614e-05 1.13015e-05 1.75971e-08  1.05786e-05 1.0814e-05 5.04255e-08  8.45501e-06 8.49413e-06 -1.08663e-07  2.54471e-06 2.28608e-06 6.72536e-09  5.02978e-06 4.66478e-06 2.69474e-08  2.29742e-06 2.27681e-06 1.0919e-07  2.15356e-06 2.18536e-06 -1.09886e-07  1.19568e-06 1.23355e-06 2.4416e-08  0.000403605 0.000522913 -1.51724e-05  0.00068537 0.000901215 -2.81792e-05  0.000244778 0.000348382 1.23397e-05  0.000329277 0.00043947 9.59307e-07  0.00033232 0.000436417 1.90793e-05  6.7819e-05 9.65712e-05 -8.09284e-07  3.65604e-05 5.50254e-05 1.02763e-06  4.08359e-05 6.01257e-05 1.0728e-06  4.38981e-05 6.36726e-05 2.30031e-07  4.01613e-05 5.79455e-05 2.12744e-07  3.14647e-05 4.52152e-05 1.44861e-07  2.019e-05 2.89361e-05 1.29995e-07  1.44106e-05 2.07091e-05 1.13355e-07  1.34051e-05 1.92429e-05 8.01106e-08  1.31135e-05 1.88396e-05 7.59857e-08  1.19307e-05 1.71374e-05 3.67494e-08  1.0348e-05 1.48571e-05 3.87163e-08  9.42871e-06 1.35478e-05 3.26674e-08  9.27159e-06 1.33122e-05 1.6253e-08  8.95199e-06 1.28601e-05 1.76838e-08  8.73469e-06 1.25465e-05 9.7043e-09  8.56817e-06 1.23065e-05 6.11329e-09  8.45076e-06 1.21399e-05 6.37074e-09  8.39932e-06 1.20647e-05 3.17509e-09  8.34202e-06 1.19824e-05 1.80415e-09  8.25308e-06 1.18551e-05 2.24028e-09  8.21373e-06 1.17983e-05 1.30941e-09  8.11831e-06 1.16615e-05 1.19238e-09  8.02305e-06 1.15249e-05 8.84469e-10  7.86905e-06 1.13037e-05 5.66983e-10  7.70705e-06 1.10708e-05 7.22984e-10  7.49986e-06 1.07735e-05 3.71252e-10  7.29447e-06 1.04777e-05 5.9883e-10  7.07109e-06 1.01577e-05 3.84012e-10  6.78469e-06 9.74605e-06 3.60021e-10  6.47452e-06 9.30033e-06 3.53772e-10  6.24128e-06 8.96655e-06 3.36234e-10  5.80417e-06 8.34053e-06 -8.32344e-10  5.5212e-06 7.93586e-06 -2.33462e-09  5.08478e-06 7.31629e-06 -5.08798e-09  4.69312e-06 6.77713e-06 -8.70038e-09  4.21637e-06 6.13645e-06 -2.31925e-08  4.2346e-06 6.41603e-06 -4.51636e-08  2.95785e-06 3.59318e-06 7.8985e-08  4.27746e-06 5.24736e-06 -2.87377e-08  3.49454e-06 4.45513e-06 6.77366e-08  1.73865e-06 2.34846e-06 -7.23845e-08  2.34425e-06 2.93509e-06 2.23331e-08  1.23652e-07 1.59613e-07 6.14779e-09  0.000606252 0.000958998 -1.69053e-05  0.000263771 0.000444015 6.5133e-06  0.000235268 0.000393657 -1.25202e-05  0.000242582 0.000433238 1.07394e-05  6.63777e-05 0.000133147 1.59639e-06  4.33479e-05 6.43553e-05 2.24754e-06  0 0 0  3.85106e-05 5.70301e-05 4.01231e-07  4.36033e-05 6.3317e-05 1.00604e-07  4.30187e-05 6.21815e-05 1.34191e-08  6.12661e-05 0.000106866 2.41071e-07  4.01572e-05 7.00812e-05 2.96653e-07  2.66018e-05 4.62001e-05 2.78648e-07  2.27097e-05 3.9496e-05 1.69117e-07  2.26439e-05 3.94288e-05 1.97312e-07  2.18949e-05 3.81592e-05 1.15664e-07  1.87658e-05 3.26812e-05 9.54228e-08  1.64715e-05 2.86691e-05 8.19629e-08  1.5739e-05 2.74069e-05 5.15646e-08  1.55731e-05 2.71177e-05 3.25761e-08  1.51262e-05 2.635e-05 2.84042e-08  1.48136e-05 2.57894e-05 1.26831e-08  1.45078e-05 2.52667e-05 1.65121e-08  1.44078e-05 2.50959e-05 9.37294e-09  1.43349e-05 2.49631e-05 5.53369e-09  1.42013e-05 2.47372e-05 5.69726e-09  1.41238e-05 2.46027e-05 3.42654e-09  1.39757e-05 2.43454e-05 2.58724e-09  1.38615e-05 2.41459e-05 2.17313e-09  1.36354e-05 2.37449e-05 1.02238e-09  1.33515e-05 2.32601e-05 9.75551e-10  1.31117e-05 2.28424e-05 1.42788e-09  1.26822e-05 2.20983e-05 4.77724e-10  1.23945e-05 2.15953e-05 1.19793e-09  1.19308e-05 2.0787e-05 8.36926e-10  1.14683e-05 1.99828e-05 1.17396e-09  1.09106e-05 1.90071e-05 1.03994e-09  1.03386e-05 1.80135e-05 8.34714e-10  9.72151e-06 1.69279e-05 1.05339e-09  9.10863e-06 1.58326e-05 6.1595e-10  8.45636e-06 1.47173e-05 9.88031e-10  7.4549e-06 1.3088e-05 7.32012e-10  4.14554e-06 6.14321e-06 8.27028e-08  7.92231e-06 1.31524e-05 3.86686e-08  4.26803e-06 7.42672e-06 -5.28261e-08  1.51666e-06 2.53013e-06 -5.82661e-08  1.47422e-06 2.33048e-06 8.92415e-08  2.14161e-06 3.77949e-06 -9.31114e-09  1.64554e-06 2.87863e-06 -2.32787e-08  0.000871461 0.00203144 -3.08391e-05  0.000394128 0.000944506 -1.54396e-05  0.000332221 0.000828766 -1.6173e-06  0.000258804 0.000642277 4.91357e-06  0.000183575 0.00043909 1.02257e-05  0.000103998 0.000234549 9.42679e-06  3.31126e-05 7.77691e-05 9.47852e-07  5.91529e-05 0.000136182 7.95824e-07  6.51042e-05 0.000144721 3.98589e-07  5.8511e-05 0.000128127 2.90104e-07  1.94166e-05 4.22587e-05 1.23951e-07  1.4285e-05 3.10215e-05 1.01933e-07  9.74505e-06 2.11137e-05 1.07532e-07  9.31115e-06 2.02322e-05 8.25263e-08  9.38927e-06 2.03471e-05 6.93752e-08  8.56841e-06 1.85865e-05 3.98196e-08  7.3422e-06 1.59114e-05 3.4477e-08  6.66176e-06 1.44295e-05 3.26635e-08  6.53606e-06 1.41748e-05 2.1623e-08  6.41319e-06 1.39042e-05 1.31795e-08  6.21629e-06 1.34712e-05 7.71055e-09  6.09791e-06 1.32183e-05 6.33923e-09  6.03173e-06 1.30703e-05 6.03657e-09  5.99531e-06 1.29937e-05 3.30521e-09  5.95776e-06 1.29122e-05 1.87786e-09  5.91486e-06 1.2818e-05 2.18284e-09  5.86566e-06 1.2712e-05 1.06767e-09  5.81623e-06 1.26047e-05 1.17534e-09  5.73685e-06 1.24324e-05 8.51399e-10  5.64701e-06 1.22375e-05 6.06843e-10  5.5334e-06 1.19918e-05 6.70622e-10  5.38763e-06 1.16754e-05 3.36085e-10  5.25582e-06 1.139e-05 5.95818e-10  5.05847e-06 1.0962e-05 2.69327e-10  4.86515e-06 1.05431e-05 5.08761e-10  4.65333e-06 1.0085e-05 8.8011e-10  4.39627e-06 9.52996e-06 2.39648e-10  4.20062e-06 9.10286e-06 -3.4179e-09  3.84214e-06 8.30682e-06 -8.93677e-09  3.60259e-06 7.77236e-06 -6.2998e-10  3.24664e-06 7.03353e-06 1.63848e-08  2.62799e-06 5.70074e-06 -2.3865e-08  5.04768e-06 1.16188e-05 1.64171e-07  2.86253e-06 7.29361e-06 -1.96512e-07  1.96764e-06 5.25927e-06 7.75101e-08  2.94034e-06 6.90818e-06 -3.18023e-09  2.22154e-06 5.22285e-06 9.7981e-09  7.59283e-07 2.04304e-06 -6.2593e-08  7.35484e-07 1.90121e-06 2.07203e-08  0.000297066 0.00116935 -1.78989e-05  0.000137097 0.000541173 -2.30152e-05  0.00011055 0.000455186 1.28594e-05  9.56937e-05 0.000394514 -6.97873e-06  6.64593e-05 0.000247066 1.21964e-05  3.89091e-05 0.000148048 2.81957e-07  1.51931e-05 6.99451e-05 2.15251e-06  1.78474e-05 7.34716e-05 8.6614e-07  3.78509e-05 0.000150735 2.71873e-07  3.49416e-05 0.000134278 1.83685e-07  2.51322e-05 9.44358e-05 2.76122e-07  1.63243e-05 6.10559e-05 3.03219e-07  1.10526e-05 4.12488e-05 2.35879e-07  1.06892e-05 3.98035e-05 1.83509e-07  1.10819e-05 4.13784e-05 1.616e-07  1.03955e-05 3.87975e-05 9.28077e-08  8.86208e-06 3.3092e-05 8.9915e-08  8.01806e-06 2.99049e-05 5.71457e-08  7.68058e-06 2.86672e-05 5.37953e-08  7.60552e-06 2.83839e-05 3.07068e-08  7.39757e-06 2.76187e-05 1.96751e-08  7.2081e-06 2.6908e-05 1.4845e-08  7.14204e-06 2.66613e-05 1.03364e-08  7.09171e-06 2.64754e-05 7.44091e-09  7.05214e-06 2.63273e-05 4.38708e-09  7.00562e-06 2.61539e-05 3.317e-09  6.94906e-06 2.59433e-05 2.46153e-09  6.88642e-06 2.57096e-05 2.14323e-09  6.81242e-06 2.54336e-05 1.99525e-09  6.70204e-06 2.50223e-05 1.10794e-09  6.56655e-06 2.45162e-05 9.42974e-10  6.4085e-06 2.39262e-05 8.49308e-10  6.26173e-06 2.33786e-05 1.30932e-09  6.05596e-06 2.26114e-05 9.07144e-10  5.80486e-06 2.16763e-05 8.76847e-10  5.547e-06 2.07153e-05 3.33581e-10  5.25762e-06 1.96332e-05 4.92472e-10  4.96874e-06 1.85418e-05 4.24328e-09  4.66693e-06 1.73389e-05 4.33963e-09  4.25232e-06 1.55852e-05 -2.29275e-08  3.96481e-06 1.4615e-05 4.59525e-09  3.89183e-06 1.48601e-05 1.08882e-07  1.76242e-06 6.67108e-06 -1.6775e-07  2.12269e-06 6.96545e-06 2.63483e-07  1.86269e-06 6.26396e-06 -2.22635e-07  9.89325e-07 3.81242e-06 9.85851e-08  7.58574e-07 2.92064e-06 -8.05433e-08  4.91931e-07 1.87324e-06 5.75737e-08  3.8418e-07 1.47051e-06 -3.06618e-08  0.000179752 0.00113688 -1.59197e-05  7.99266e-05 0.0005379 7.9245e-06  7.34003e-05 0.00049226 -1.27145e-05  4.91295e-05 0.000329047 1.19192e-05  4.1731e-05 0.000279948 -1.05644e-06  2.07859e-05 0.000126444 7.60992e-06  1.32661e-05 7.64477e-05 -5.75905e-07  1.85011e-05 0.000131319 1.1548e-06  5.5799e-06 7.39266e-05 8.04989e-07  6.16701e-06 6.88381e-05 4.35872e-07  4.65798e-06 4.85233e-05 1.70394e-07  6.57745e-06 6.71355e-05 3.13708e-07  4.1125e-06 4.14011e-05 2.40615e-07  3.70812e-06 3.75487e-05 1.94241e-07  4.01326e-06 4.02868e-05 2.14137e-07  3.92253e-06 3.9422e-05 1.08887e-07  3.38197e-06 3.38379e-05 9.51159e-08  2.92469e-06 2.93462e-05 6.91633e-08  2.78796e-06 2.79957e-05 5.42031e-08  2.7601e-06 2.77174e-05 3.50284e-08  2.69199e-06 2.69901e-05 2.29605e-08  2.61843e-06 2.62649e-05 1.46243e-08  2.5749e-06 2.58369e-05 1.2948e-08  2.5607e-06 2.56864e-05 7.70677e-09  2.54983e-06 2.55658e-05 4.74346e-09  2.52837e-06 2.53566e-05 4.48133e-09  2.51126e-06 2.51831e-05 2.96101e-09  2.48731e-06 2.49429e-05 2.75407e-09  2.46714e-06 2.47417e-05 1.86859e-09  2.42267e-06 2.42952e-05 1.30048e-09  2.38934e-06 2.39606e-05 1.46501e-09  2.33676e-06 2.34341e-05 1.18813e-09  2.27289e-06 2.27982e-05 1.3106e-09  2.19861e-06 2.20602e-05 1.20477e-09  2.12335e-06 2.1323e-05 1.22076e-09  2.03343e-06 2.04128e-05 1.38352e-10  1.92794e-06 1.9344e-05 1.20546e-09  1.81781e-06 1.83433e-05 7.7319e-09  1.713e-06 1.75115e-05 1.97885e-08  2.29555e-06 2.26344e-05 -5.87306e-08  1.37164e-06 1.29209e-05 1.25098e-07  7.13423e-07 8.45302e-06 -7.49308e-08  1.38622e-06 8.22352e-06 2.18279e-07  1.07777e-06 6.59917e-06 -1.94782e-07  8.2563e-07 5.02507e-06 1.36935e-07  6.68047e-07 4.13049e-06 -1.16288e-07  4.41156e-07 2.83974e-06 8.09389e-08  3.22629e-07 2.08449e-06 -6.00712e-08  2.41843e-07 1.56056e-06 1.36636e-08  -0.000185232 0.00117857 -1.58705e-05  -8.71972e-05 0.000559081 -2.3601e-05  -7.89698e-05 0.00050512 1.59615e-05  -6.64948e-05 0.000428014 -9.04536e-06  -3.51818e-05 0.000222999 1.1577e-05  -2.03324e-05 0.000129858 -1.96489e-07  -1.32523e-05 0.000109119 2.46799e-06  -1.62414e-05 0.000121871 8.42386e-07  -1.34945e-05 0.000143193 5.27236e-07  -4.10224e-06 5.68227e-05 -2.07775e-07  -1.31249e-05 8.89332e-05 4.04738e-07  -8.58536e-06 5.88142e-05 2.91391e-07  -5.03056e-06 3.81165e-05 2.82955e-07  -4.65827e-06 3.73964e-05 1.85161e-07  -4.71904e-06 3.76683e-05 1.35924e-07  -4.55946e-06 3.54744e-05 9.26203e-08  -3.94288e-06 3.0093e-05 7.2845e-08  -3.37325e-06 2.65957e-05 6.69044e-08  -3.22749e-06 2.57849e-05 4.0564e-08  -3.15975e-06 2.5123e-05 3.4415e-08  -3.06695e-06 2.4466e-05 2.16359e-08  -2.99922e-06 2.39256e-05 1.41243e-08  -2.9605e-06 2.36347e-05 8.9095e-09  -2.93268e-06 2.34645e-05 6.24901e-09  -2.91506e-06 2.3309e-05 5.09347e-09  -2.89225e-06 2.31326e-05 3.82307e-09  -2.87501e-06 2.29764e-05 2.8311e-09  -2.84928e-06 2.27691e-05 2.08484e-09  -2.81876e-06 2.25102e-05 1.37203e-09  -2.78622e-06 2.2218e-05 1.3313e-09  -2.73577e-06 2.17978e-05 1.20676e-09  -2.67684e-06 2.12784e-05 1.15133e-09  -2.60051e-06 2.06548e-05 9.11838e-10  -2.52375e-06 2.0069e-05 1.11596e-09  -2.44851e-06 1.92726e-05 1.85531e-09  -2.35226e-06 1.83129e-05 2.36187e-09  -3.98816e-06 2.56229e-05 -1.51456e-09  -2.16641e-06 1.61485e-05 2.48296e-09  -5.38691e-07 8.35391e-06 4.28512e-08  -5.83272e-07 8.77279e-06 -4.30848e-08  0 0 0  -1.54247e-06 1.57246e-05 -3.0267e-09  -2.30813e-06 1.36696e-05 1.3741e-08  -8.17751e-07 5.62462e-06 1.69548e-07  -7.54419e-07 5.01608e-06 -1.50163e-07  -5.54144e-07 3.71494e-06 1.0901e-07  -4.59615e-07 3.04894e-06 -8.93925e-08  -2.87534e-07 1.89372e-06 5.67789e-08  -2.29893e-07 1.50943e-06 -3.21643e-08  -0.000276617 0.00108324 -1.52953e-05  -0.000141729 0.000547895 9.02931e-06  -0.000134409 0.000520104 -1.43216e-05  -9.42611e-05 0.000363584 1.40415e-05  -6.59411e-05 0.000255522 -1.34716e-06  -4.53682e-05 0.00016655 5.35977e-06  -8.98976e-06 4.76668e-05 -3.13979e-07  -1.4963e-05 4.55843e-05 1.50374e-06  -3.60207e-05 0.000131769 4.48454e-07  -2.93392e-05 0.000123264 3.78439e-07  -2.1231e-05 7.49161e-05 2.34784e-07  -1.29657e-05 4.69439e-05 2.27111e-07  -9.64458e-06 3.48726e-05 1.97372e-07  -1.00196e-05 3.63853e-05 1.48981e-07  -9.8895e-06 3.60571e-05 1.38363e-07  -8.64447e-06 3.15556e-05 6.9264e-08  -7.43983e-06 2.71225e-05 6.04404e-08  -6.83433e-06 2.48791e-05 5.22668e-08  -6.64007e-06 2.41914e-05 3.91544e-08  -6.49615e-06 2.36565e-05 1.98035e-08  -6.26752e-06 2.28268e-05 1.73175e-08  -6.17785e-06 2.24968e-05 1.08946e-08  -6.13494e-06 2.23357e-05 5.60475e-09  -6.07117e-06 2.21064e-05 5.23317e-09  -6.02335e-06 2.19348e-05 4.15781e-09  -5.99801e-06 2.18393e-05 2.53251e-09  -5.95393e-06 2.168e-05 2.31976e-09  -5.89604e-06 2.14716e-05 1.63384e-09  -5.82996e-06 2.1229e-05 1.54276e-09  -5.74285e-06 2.0914e-05 1.4542e-09  -5.61841e-06 2.04599e-05 8.41889e-10  -5.48809e-06 1.99864e-05 9.98142e-10  -5.32023e-06 1.93754e-05 1.09298e-09  -5.12647e-06 1.8657e-05 8.01083e-10  -4.93587e-06 1.78371e-05 1.13715e-09  -4.80584e-06 1.69659e-05 -4.39379e-12  -1.61104e-06 7.81972e-06 5.62452e-09  -3.99896e-06 1.42244e-05 5.72076e-09  -3.49762e-06 1.55023e-05 2.68456e-08  -4.64258e-06 1.88899e-05 2.06338e-07  -3.479e-06 1.46999e-05 -2.57117e-07  -3.69046e-06 1.24484e-05 9.78456e-09  0 0 0  -3.05225e-06 1.16267e-05 1.16192e-08  -1.13997e-06 4.49326e-06 1.373e-07  -9.84537e-07 3.84146e-06 -1.16269e-07  -6.84333e-07 2.66339e-06 8.11409e-08  -5.21377e-07 2.02296e-06 -6.10441e-08  -3.98883e-07 1.544e-06 1.79525e-08  -0.000881854 0.00206034 -2.99584e-05  -0.000427957 0.00100096 -1.52034e-05  -0.000389448 0.000903364 6.56097e-07  -0.000306655 0.000721476 4.9191e-06  -0.000196653 0.00045288 1.00993e-05  -4.60039e-05 0.000124865 -2.54467e-07  -4.0342e-05 0.000100931 2.11742e-06  -4.63158e-05 0.000116998 6.07474e-07  -5.47876e-05 0.000123443 4.65139e-08  -4.22219e-05 0.000105735 -2.21677e-08  -1.49691e-05 3.94127e-05 -1.94764e-07  -2.0951e-05 4.83659e-05 2.56131e-07  -1.53649e-05 3.54288e-05 2.15748e-07  -1.48931e-05 3.42629e-05 1.48827e-07  -1.48629e-05 3.42127e-05 1.28432e-07  -1.3327e-05 3.06753e-05 7.79686e-08  -1.14171e-05 2.63033e-05 6.8855e-08  -1.03976e-05 2.39561e-05 5.73462e-08  -1.01519e-05 2.33541e-05 3.14729e-08  -9.82285e-06 2.26091e-05 2.35386e-08  -9.50834e-06 2.18865e-05 1.74443e-08  -9.37073e-06 2.15564e-05 1.06874e-08  -9.2642e-06 2.13187e-05 8.50785e-09  -9.18257e-06 2.11279e-05 5.69326e-09  -9.10571e-06 2.09507e-05 4.40138e-09  -9.05839e-06 2.08391e-05 3.12777e-09  -9.00098e-06 2.07073e-05 2.19882e-09  -8.92059e-06 2.05221e-05 1.70902e-09  -8.79446e-06 2.02404e-05 1.40489e-09  -8.67773e-06 1.99762e-05 1.22869e-09  -8.48437e-06 1.95388e-05 7.96432e-10  -8.28684e-06 1.90851e-05 7.63138e-10  -8.01769e-06 1.84586e-05 7.78625e-10  -7.67072e-06 1.76282e-05 5.791e-10  -7.23997e-06 1.66298e-05 7.29226e-10  -2.9205e-06 8.16741e-06 3.96723e-08  -5.82606e-06 1.57426e-05 3.86558e-08  -2.388e-06 6.45406e-06 -6.30489e-08  -8.02411e-06 2.03678e-05 8.65335e-08  -2.98993e-06 7.24266e-06 -9.45449e-08  -2.82344e-06 6.7636e-06 1.03329e-07  -2.38737e-06 5.73865e-06 -1.43538e-07  -4.59565e-06 1.18397e-05 1.90913e-08  -1.89413e-06 5.15427e-06 1.63659e-07  -3.65072e-06 8.56649e-06 -6.66455e-09  -2.97942e-06 6.94587e-06 -6.41754e-09  -2.22306e-06 5.22825e-06 -5.82152e-09  -1.56225e-06 3.62116e-06 -5.35401e-09  -1.21263e-06 2.81557e-06 -1.73967e-08  -0.000625346 0.000993629 -1.67793e-05  -0.000275914 0.000439943 -2.28315e-05  -0.00025337 0.000405066 1.48414e-05  -0.000223065 0.000355975 -9.40265e-06  -0.00018642 0.000297999 1.01231e-05  -8.59761e-05 0.00017115 6.06421e-06  -6.19333e-05 9.54362e-05 2.26035e-06  -5.68249e-05 0.000104021 9.51558e-07  -3.40035e-05 5.41735e-05 1.15714e-06  -5.7649e-05 9.66103e-05 -9.78044e-08  -3.98325e-05 7.28145e-05 -1.48332e-08  -1.34734e-05 2.55689e-05 4.15879e-08  -8.81056e-06 1.70678e-05 1.71582e-07  -8.30158e-06 1.597e-05 1.12465e-07  -8.61721e-06 1.64963e-05 7.97709e-08  -8.16802e-06 1.56444e-05 4.33214e-08  -6.99388e-06 1.34135e-05 3.74312e-08  -6.08569e-06 1.16859e-05 3.69336e-08  -5.97602e-06 1.14841e-05 1.73477e-08  -5.80463e-06 1.1152e-05 1.60284e-08  -5.61343e-06 1.07853e-05 9.564e-09  -5.48594e-06 1.05407e-05 6.40821e-09  -5.4379e-06 1.04491e-05 6.73232e-09  -5.39364e-06 1.03625e-05 4.04187e-09  -5.3497e-06 1.02788e-05 3.20127e-09  -5.31204e-06 1.02062e-05 2.36386e-09  -5.28413e-06 1.01524e-05 1.30653e-09  -5.23938e-06 1.00663e-05 1.01744e-09  -5.18134e-06 9.95541e-06 5.33329e-10  -5.11024e-06 9.82043e-06 -2.46972e-11  -5.00516e-06 9.62043e-06 -2.21155e-10  -4.88675e-06 9.39462e-06 -1.64991e-11  -4.70308e-06 9.04209e-06 1.39631e-09  -4.4549e-06 8.55979e-06 4.29561e-09  -4.16774e-06 7.99669e-06 9.8665e-10  -8.20356e-06 1.54264e-05 8.3636e-09  -8.8248e-06 1.58244e-05 8.00761e-08  -1.28776e-05 2.29611e-05 -7.92431e-08  -1.02134e-05 1.67209e-05 1.38481e-07  -7.78522e-06 1.41711e-05 1.73248e-07  -8.05707e-06 1.4333e-05 -1.1389e-07  -1.01059e-05 1.78478e-05 -1.76727e-07  -6.68258e-06 1.0432e-05 1.68922e-08  -7.81862e-06 1.4636e-05 1.65737e-07  -2.5174e-06 4.02736e-06 -1.39529e-07  -1.92699e-06 3.10006e-06 1.08635e-07  -1.56636e-06 2.51671e-06 -8.75677e-08  -9.90085e-07 1.5898e-06 5.59625e-08  -7.26177e-07 1.16551e-06 -2.90029e-08  -0.000650768 0.000841899 -1.29206e-05  -0.000322524 0.000418294 7.97593e-06  -0.000315729 0.00040862 -1.48388e-05  -0.000232863 0.000302059 1.35333e-05  -0.000164147 0.000212794 -2.68216e-06  -0.000132815 0.000170008 6.26797e-06  0 0 0  -0.000106253 0.00013601 2.63668e-06  -3.86674e-05 5.48232e-05 -1.24277e-06  -3.436e-05 4.32186e-05 8.98505e-07  -5.0238e-05 6.59484e-05 -1.52187e-07  -3.32242e-05 4.64526e-05 1.6877e-07  -2.32312e-05 3.25798e-05 3.22732e-07  -2.21047e-05 3.04996e-05 1.90955e-07  -2.24209e-05 3.08505e-05 1.88045e-07  -2.17827e-05 3.00296e-05 1.08655e-07  -1.89382e-05 2.61635e-05 7.61693e-08  -1.61337e-05 2.23278e-05 7.62816e-08  -1.56483e-05 2.16497e-05 4.71664e-08  -1.54108e-05 2.13341e-05 3.61071e-08  -1.49737e-05 2.07291e-05 2.06819e-08  -1.45668e-05 2.01675e-05 1.3296e-08  -1.44303e-05 1.9979e-05 1.17351e-08  -1.43237e-05 1.98328e-05 9.57893e-09  -1.42147e-05 1.96787e-05 6.55594e-09  -1.41149e-05 1.95383e-05 5.09608e-09  -1.40363e-05 1.94278e-05 2.96535e-09  -1.39151e-05 1.92622e-05 2.05469e-09  -1.37515e-05 1.90435e-05 7.68579e-10  -1.35351e-05 1.87574e-05 -8.56522e-10  -1.32413e-05 1.83653e-05 -7.81366e-10  -1.28694e-05 1.7863e-05 -5.04213e-10  -1.23633e-05 1.71645e-05 -4.9522e-10  -1.73503e-05 2.40212e-05 1.87604e-08  -1.01875e-05 1.40616e-05 -4.04344e-08  -9.67427e-06 1.30973e-05 1.83429e-07  -6.1303e-06 7.81074e-06 -1.48685e-07  -8.52241e-06 1.00351e-05 1.81629e-08  -6.79963e-06 8.2083e-06 -1.4064e-07  -6.20021e-06 7.86716e-06 2.27172e-07  -4.98205e-06 6.35534e-06 -2.19267e-07  -8.49873e-06 1.06306e-05 1.10743e-08  0 0 0  -6.7541e-06 8.64921e-06 1.58815e-08  -2.72372e-06 3.52439e-06 1.32877e-07  -2.3464e-06 3.03287e-06 -1.13302e-07  -1.67875e-06 2.17081e-06 8.19321e-08  -1.44065e-06 1.86239e-06 -6.94062e-08  -8.53462e-07 1.10271e-06 1.7838e-08  -0.000822782 0.000875884 -1.68175e-05  -0.000379858 0.000402889 -2.45925e-05  -0.000348896 0.000370099 1.48992e-05  -0.000272836 0.000288976 -9.11571e-06  -0.000256521 0.000270764 1.01324e-05  0 0 0  -7.22887e-05 7.42911e-05 2.38981e-06  -4.27604e-05 4.17668e-05 1.71048e-06  -9.23352e-05 9.66076e-05 1.7367e-07  -8.44449e-05 8.52872e-05 1.1742e-07  -8.14865e-05 7.91461e-05 -5.58232e-07  -3.05885e-05 3.29233e-05 7.81919e-07  -3.00536e-05 3.06596e-05 1.21404e-07  -2.89249e-05 2.91714e-05 1.30857e-07  -2.88798e-05 2.90383e-05 1.43716e-07  -2.69405e-05 2.71624e-05 1.08181e-07  -2.29952e-05 2.32641e-05 8.81425e-08  -2.00581e-05 2.03083e-05 7.89332e-08  -1.96592e-05 1.99164e-05 4.6943e-08  -1.94895e-05 1.97449e-05 2.1718e-08  -1.89589e-05 1.92068e-05 1.30423e-08  -1.84776e-05 1.87257e-05 1.52111e-08  -1.82815e-05 1.85271e-05 1.27808e-08  -1.81903e-05 1.84332e-05 8.21097e-09  -1.80573e-05 1.82948e-05 6.35969e-09  -1.793e-05 1.81583e-05 4.40903e-09  -1.78125e-05 1.80375e-05 1.59971e-09  -1.76317e-05 1.78643e-05 -1.67999e-09  -1.74001e-05 1.76533e-05 -2.10158e-09  -1.70932e-05 1.73732e-05 -1.0182e-09  -1.65761e-05 1.68765e-05 -1.96101e-10  -1.59962e-05 1.63095e-05 -5.45789e-10  -1.52076e-05 1.5522e-05 -4.1931e-09  -1.45262e-05 1.48076e-05 9.0739e-09  -1.47276e-05 1.48824e-05 3.44048e-08  -1.32205e-05 1.33784e-05 -1.40486e-07  -1.70514e-05 1.74163e-05 3.70903e-08  -1.50505e-05 1.53335e-05 -5.69801e-08  -6.26366e-06 6.73802e-06 3.24222e-07  -7.00252e-06 7.4308e-06 -3.19866e-07  -5.54314e-06 5.69173e-06 2.11396e-07  -5.02602e-06 5.1636e-06 -1.96614e-07  -8.64147e-06 8.94787e-06 2.12806e-08  0 0 0  -6.6711e-06 7.00652e-06 1.69817e-08  -2.39882e-06 2.52617e-06 1.03992e-07  -2.12825e-06 2.24013e-06 -9.109e-08  -1.26256e-06 1.32865e-06 5.48482e-08  -1.13294e-06 1.19197e-06 -3.3335e-08  -0.00182599 0.00141055 -3.21543e-05  -0.000868658 0.000675447 -1.55099e-05  -0.000807512 0.000629178 -5.22783e-07  -0.000601748 0.000465048 5.16744e-06  -0.000533445 0.00040418 8.28487e-06  -0.000160069 0.000136941 7.79896e-06  -9.47256e-05 6.53657e-05 2.33183e-06  -0.00013786 0.000105696 2.91882e-06  -5.27444e-05 4.15442e-05 1.71671e-06  -4.86962e-05 3.84547e-05 -1.27069e-06  -5.92385e-05 4.38298e-05 3.18195e-07  -5.01109e-05 4.05981e-05 8.57298e-07  -3.22717e-05 2.38335e-05 2.25193e-07  -3.35133e-05 2.42594e-05 2.05364e-07  -3.4494e-05 2.49562e-05 1.35344e-07  -3.20191e-05 2.32767e-05 1.15714e-07  -2.70374e-05 1.96871e-05 9.18343e-08  -2.43787e-05 1.77795e-05 6.83796e-08  -2.38165e-05 1.73599e-05 5.845e-08  -2.35077e-05 1.71323e-05 3.44053e-08  -2.30133e-05 1.67758e-05 1.69259e-08  -2.24299e-05 1.6356e-05 1.57144e-08  -2.22519e-05 1.62288e-05 1.19537e-08  -2.21878e-05 1.61751e-05 8.45558e-09  -2.19946e-05 1.60246e-05 6.73055e-09  -2.1817e-05 1.58862e-05 5.40257e-09  -2.16561e-05 1.57707e-05 3.31677e-09  -2.14244e-05 1.56257e-05 -3.36519e-10  -2.11593e-05 1.5475e-05 -1.15929e-09  -2.08056e-05 1.52587e-05 5.35489e-10  -2.01856e-05 1.48325e-05 2.24008e-09  -1.9373e-05 1.42645e-05 -7.25608e-10  -1.78742e-05 1.32218e-05 -1.47491e-08  -1.63272e-05 1.21717e-05 -5.48848e-08  -1.69386e-05 1.24804e-05 -2.21355e-09  -1.9851e-05 1.54006e-05 -2.70189e-08  -1.03704e-05 7.81252e-06 4.84778e-07  -9.83045e-06 7.32189e-06 -4.50448e-07  -1.44735e-05 1.11781e-05 5.81204e-08  -1.42519e-05 1.10149e-05 -5.28162e-10  -1.28498e-05 9.87012e-06 -1.40561e-08  -1.69039e-05 1.32753e-05 -2.0032e-07  -1.01655e-05 7.01106e-06 1.97487e-08  -8.31304e-06 7.09699e-06 1.21397e-08  -1.12176e-05 8.33771e-06 1.50116e-07  -6.04839e-06 4.69323e-06 -3.87667e-09  -4.78231e-06 3.68906e-06 -5.78861e-09  -3.00406e-06 2.34133e-06 -6.42541e-09  -2.51316e-06 1.94919e-06 -1.06884e-08  -0.000906582 0.00049789 -1.53251e-05  -0.000488315 0.00027015 9.1182e-06  -0.000463158 0.000255298 -1.50077e-05  -0.000320692 0.00017723 1.3542e-05  -0.000232745 0.000128779 -2.10366e-06  -0.000172445 9.47607e-05 6.28681e-06  0 0 0  -0.000107181 5.81545e-05 9.69901e-07  -0.000121204 7.23088e-05 2.99675e-07  -0.000108822 6.26761e-05 -5.94858e-08  -0.000118703 6.55821e-05 -5.35763e-07  -4.20472e-05 2.57619e-05 3.20929e-07  -3.20629e-05 1.67495e-05 4.63606e-07  -2.04488e-05 9.79451e-06 6.57821e-09  -1.93161e-05 9.52649e-06 1.50938e-07  -1.88248e-05 9.318e-06 9.95831e-08  -1.63182e-05 8.07739e-06 4.61419e-08  -1.42282e-05 7.03731e-06 3.68334e-08  -1.3788e-05 6.82124e-06 3.64236e-08  -1.36879e-05 6.77172e-06 2.03237e-08  -1.34083e-05 6.63583e-06 1.24241e-08  -1.31145e-05 6.49353e-06 7.50586e-09  -1.2974e-05 6.42391e-06 6.89769e-09  -1.29221e-05 6.39553e-06 2.91935e-09  -1.28113e-05 6.33346e-06 6.49267e-11  -1.26861e-05 6.26428e-06 4.60564e-10  -1.25957e-05 6.22133e-06 3.67752e-09  -1.24783e-05 6.18048e-06 8.88661e-09  -1.23427e-05 6.1413e-06 1.18791e-08  -1.21927e-05 6.08809e-06 8.92069e-09  -1.19678e-05 5.97627e-06 4.24775e-09  -1.15861e-05 5.79089e-06 8.06309e-09  -1.06388e-05 5.37489e-06 2.42365e-08  -1.70517e-05 8.91729e-06 -8.24397e-08  -7.70585e-06 4.13866e-06 -3.36515e-08  -1.79142e-05 1.0722e-05 7.60556e-08  -1.92455e-05 1.0951e-05 -2.44896e-10  -8.67447e-06 4.90905e-06 2.92989e-07  -8.50041e-06 4.79835e-06 -2.86387e-07  -7.55948e-06 4.18223e-06 2.46252e-07  -7.27492e-06 4.02466e-06 -2.36915e-07  -1.26007e-05 6.92246e-06 9.9244e-09  0 0 0  -9.69433e-06 5.36141e-06 1.20869e-08  -3.76964e-06 2.09259e-06 1.28605e-07  -3.47024e-06 1.9257e-06 -1.16806e-07  -2.13091e-06 1.18265e-06 7.26745e-08  -1.83326e-06 1.01764e-06 -6.14359e-08  -1.11051e-06 6.16471e-07 2.00389e-08  -0.00107201 0.000464235 -1.65281e-05  -0.000523269 0.000224772 -2.4673e-05  -0.000469064 0.000201207 1.51377e-05  -0.000365706 0.000157371 -8.66529e-06  -0.000334676 0.000143835 1.13376e-05  0 0 0  -0.000111593 4.75819e-05 2.85037e-06  -6.146e-05 2.57271e-05 2.24857e-06  -6.39936e-05 2.67524e-05 -1.69155e-06  -5.80596e-05 2.36042e-05 1.6868e-06  -5.1328e-05 2.08821e-05 -1.21011e-06  -5.21882e-05 2.10949e-05 4.84608e-07  -2.02849e-05 9.95731e-06 5.70186e-07  -2.21627e-05 1.06821e-05 -1.46954e-07  -1.94926e-05 9.64535e-06 7.89204e-08  -1.72116e-05 8.5233e-06 6.28061e-08  -1.49322e-05 7.38388e-06 3.58847e-08  -1.39955e-05 6.92741e-06 2.74086e-08  -1.37796e-05 6.81973e-06 2.74592e-08  -1.35603e-05 6.70986e-06 1.53646e-08  -1.32718e-05 6.56849e-06 5.75864e-09  -1.3041e-05 6.45779e-06 8.33833e-09  -1.29737e-05 6.4236e-06 7.71778e-09  -1.28602e-05 6.36203e-06 7.24045e-09  -1.27487e-05 6.29861e-06 5.9968e-09  -1.26452e-05 6.24368e-06 8.30343e-10  -1.2542e-05 6.20043e-06 -6.93347e-09  -1.24269e-05 6.16607e-06 -1.12425e-08  -1.23116e-05 6.13576e-06 -6.75169e-09  -1.21508e-05 6.06849e-06 5.35528e-09  -1.18629e-05 5.92446e-06 2.33121e-09  -1.12097e-05 5.62162e-06 -2.99846e-08  -2.10721e-05 8.51926e-06 6.30269e-09  -9.28861e-06 3.2134e-06 1.45313e-07  -1.63354e-05 6.88255e-06 -1.16585e-08  -1.81695e-05 7.73636e-06 -8.06528e-09  0 0 0  -1.94855e-05 8.64342e-06 1.66495e-08  -8.58763e-06 3.71537e-06 2.74864e-07  -8.31336e-06 3.59453e-06 -2.64116e-07  -7.49355e-06 3.19348e-06 2.33013e-07  -6.95378e-06 2.96278e-06 -2.16147e-07  -1.18544e-05 5.05774e-06 2.11777e-08  0 0 0  -8.95632e-06 3.83987e-06 2.07941e-08  -3.46385e-06 1.4866e-06 1.12187e-07  -2.70328e-06 1.16022e-06 -8.65816e-08  -1.75079e-06 7.51364e-07 5.72636e-08  -1.47832e-06 6.343e-07 -3.86411e-08  -0.00226511 0.000586219 -2.89958e-05  -0.00107165 0.000275676 -1.54341e-05  -0.000946301 0.00024709 4.00423e-07  -0.00069472 0.000177153 5.13679e-06  -0.000592384 0.000148409 7.73834e-06  -0.00018157 5.64018e-05 6.45053e-06  -0.000114001 2.34721e-05 2.347e-06  -0.000174765 4.70632e-05 3.11032e-06  -0.000137817 3.47702e-05 1.166e-07  -0.000127886 3.24266e-05 2.762e-07  -0.000106511 2.63746e-05 -6.26212e-08  -9.47425e-05 2.31963e-05 -2.58748e-07  -4.24776e-05 1.37725e-05 3.74109e-07  -4.50972e-05 1.10313e-05 2.43357e-07  -3.91185e-05 1.17027e-05 4.88589e-07  -4.2103e-05 1.23175e-05 1.27092e-07  -3.62724e-05 1.05537e-05 8.31099e-08  -3.24952e-05 9.44775e-06 6.33943e-08  -3.12197e-05 9.07076e-06 5.1342e-08  -3.05522e-05 8.87446e-06 2.9344e-08  -2.97531e-05 8.64456e-06 1.6876e-08  -2.91197e-05 8.46853e-06 1.61014e-08  -2.88667e-05 8.39917e-06 1.64229e-08  -2.86332e-05 8.3246e-06 9.3085e-09  -2.83273e-05 8.21985e-06 6.94474e-09  -2.80969e-05 8.13706e-06 1.55092e-09  -2.79023e-05 8.08282e-06 -3.19679e-09  -2.76854e-05 8.05506e-06 -1.69274e-09  -2.74758e-05 8.0494e-06 5.54529e-09  -2.736e-05 8.05003e-06 1.84317e-08  -2.74278e-05 8.0282e-06 3.59776e-08  -2.70544e-05 7.85257e-06 -2.18894e-08  -2.54753e-05 7.53599e-06 -7.52865e-08  -1.18749e-05 3.75931e-06 -1.47696e-07  -8.97357e-06 2.76661e-06 8.65748e-08  -2.55365e-05 6.11972e-06 -1.57277e-07  -1.94142e-05 6.19101e-06 8.70324e-09  -2.97189e-05 7.2368e-06 3.26438e-07  -1.83695e-05 4.83204e-06 -1.42581e-08  -1.75107e-05 4.53389e-06 -1.56286e-08  -1.5937e-05 4.13405e-06 -6.91542e-09  -2.09883e-05 5.75485e-06 -2.07298e-07  -1.26894e-05 2.5957e-06 1.89038e-08  -1.09967e-05 3.44129e-06 1.32716e-08  -1.38067e-05 3.28535e-06 1.4335e-07  -7.35461e-06 1.91932e-06 -7.28189e-09  -5.60472e-06 1.44002e-06 -5.12872e-09  -3.89009e-06 1.01916e-06 -5.63216e-09  -3.29195e-06 8.49636e-07 -8.47809e-09  -0.00111486 0.000106195 -1.60139e-05  -0.00055092 5.37446e-05 8.82959e-06  -0.000495889 4.79425e-05 -1.37344e-05  -0.000346346 3.40215e-05 1.35836e-05  -0.000265287 2.56458e-05 -2.14064e-06  -0.000180999 1.75082e-05 6.26776e-06  0 0 0  -0.0001299 1.30777e-05 8.21913e-07  -7.3825e-05 7.62965e-06 2.23173e-06  -7.00216e-05 7.20119e-06 -1.76688e-06  -5.37067e-05 5.85619e-06 1.47553e-06  -3.90683e-05 4.20468e-06 -7.97704e-07  -4.35491e-05 5.52037e-06 3.03755e-07  -2.25492e-05 2.73985e-06 7.13539e-07  -4.91932e-05 5.34255e-06 -8.25056e-09  -2.14907e-05 2.21831e-06 2.11964e-08  -3.93442e-05 4.0648e-06 5.61994e-08  -3.4114e-05 3.50898e-06 6.79364e-08  -3.28816e-05 3.3989e-06 3.54773e-08  -3.20815e-05 3.29684e-06 4.24191e-08  -3.11434e-05 3.19839e-06 2.4124e-08  -3.03813e-05 3.14538e-06 1.32617e-08  -3.01291e-05 3.12914e-06 1.02427e-08  -2.99677e-05 3.08771e-06 1.92647e-08  -2.97082e-05 3.05344e-06 -3.86104e-09  -2.93685e-05 2.99523e-06 1.52393e-08  -2.9353e-05 2.99648e-06 7.00728e-09  -2.91179e-05 3.00976e-06 6.01486e-09  -2.89519e-05 3.03916e-06 3.56224e-09  -2.88728e-05 3.04982e-06 -8.05177e-09  -2.9156e-05 2.9731e-06 3.01952e-09  -1.56957e-05 1.38237e-06 2.6454e-08  -2.88549e-05 2.99661e-06 -1.24892e-07  -2.5913e-05 3.39666e-06 3.36542e-08  -2.19972e-05 3.2404e-06 -2.09819e-07  -8.42145e-06 1.2417e-06 -1.32475e-07  -2.07102e-05 2.12164e-06 5.05981e-09  -1.00926e-05 1.01454e-06 3.22992e-07  -9.84115e-06 9.99063e-07 -3.06622e-07  -8.78697e-06 8.94817e-07 2.59581e-07  -8.3115e-06 8.4647e-07 -2.45027e-07  -1.42789e-05 1.44184e-06 1.26937e-08  0 0 0  -1.14097e-05 1.15667e-06 1.8401e-08  -4.36673e-06 4.44082e-07 1.30786e-07  -3.8186e-06 3.88036e-07 -1.13042e-07  -2.77228e-06 2.81959e-07 8.32913e-08  -2.1432e-06 2.17874e-07 -6.33893e-08  -1.76982e-06 1.79976e-07 1.72326e-08  -0.0010729 -0.000103142 -1.64802e-05  -0.000535128 -5.2991e-05 8.74436e-06  -0.000500397 -4.91813e-05 -1.38744e-05  -0.000343879 -3.42786e-05 1.32917e-05  -0.000271836 -2.65154e-05 -2.24599e-06  -0.000198681 -1.98224e-05 5.78766e-06  0 0 0  -0.000133545 -1.34655e-05 1.06076e-06  -0.000148793 -2.1716e-05 3.24348e-07  -0.000137189 -1.8881e-05 1.429e-07  -0.000110736 -1.53462e-05 -2.01059e-08  -0.000104998 -1.43083e-05 -4.12093e-07  -4.19851e-05 -4.29287e-06 1.23354e-06  -4.45305e-05 -5.28376e-06 6.71867e-07  -2.6404e-05 -2.31449e-06 -2.09239e-07  -2.24176e-05 -1.81205e-06 9.75025e-09  -1.84806e-05 -1.46228e-06 3.95399e-08  -1.69944e-05 -1.34669e-06 2.96172e-08  -1.66455e-05 -1.31433e-06 2.44291e-08  -1.62099e-05 -1.29652e-06 1.37825e-08  -1.5647e-05 -1.24653e-06 3.13727e-09  -1.54721e-05 -1.21396e-06 9.16935e-09  -1.543e-05 -1.21324e-06 1.00636e-08  -1.51768e-05 -1.21077e-06 5.02553e-09  -1.51104e-05 -1.20396e-06 7.6908e-09  -1.48812e-05 -1.20127e-06 3.08601e-09  -1.47683e-05 -1.18406e-06 -5.93121e-09  -1.45913e-05 -1.14781e-06 -1.18862e-08  -1.43434e-05 -1.10691e-06 -7.83163e-09  -1.40098e-05 -1.08419e-06 1.59547e-08  -1.34133e-05 -1.13609e-06 7.65443e-08  -1.21912e-05 -1.39103e-06 2.06377e-07  -2.4575e-05 -2.31927e-06 -4.01904e-07  -1.2366e-05 -5.61668e-07 -1.28025e-07  -1.20699e-05 -2.68197e-06 1.30605e-07  -2.42366e-05 -4.34815e-06 -6.43109e-08  -2.32719e-05 -2.48642e-06 -1.79965e-08  -1.05749e-05 -1.15881e-06 3.24245e-07  -1.00272e-05 -1.08016e-06 -3.06878e-07  -8.85196e-06 -9.04733e-07 2.5906e-07  -8.45149e-06 -8.63565e-07 -2.48419e-07  -1.4075e-05 -1.43469e-06 9.98328e-09  0 0 0  -1.1442e-05 -1.16501e-06 1.78774e-08  -4.35523e-06 -4.4308e-07 1.30414e-07  -3.77971e-06 -3.84239e-07 -1.11749e-07  -2.77339e-06 -2.81952e-07 8.29938e-08  -2.15539e-06 -2.19121e-07 -6.3627e-08  -1.74451e-06 -1.77498e-07 1.83258e-08  -0.00221482 -0.000570867 -2.9947e-05  -0.00106086 -0.000273598 -1.49889e-05  -0.000950317 -0.000247444 1.02784e-06  -0.00073011 -0.000186122 4.86162e-06  -0.00056919 -0.000141316 8.43967e-06  -0.000204901 -6.43043e-05 5.99869e-06  -0.000139551 -2.84792e-05 2.81862e-06  -0.000194152 -5.26457e-05 3.5747e-06  -7.08778e-05 -2.10575e-05 2.14483e-06  -6.78576e-05 -2.02406e-05 -1.75269e-06  -5.56885e-05 -1.56052e-05 1.58489e-06  -4.05281e-05 -1.13959e-05 -9.81388e-07  -4.34532e-05 -1.12576e-05 2.98196e-07  -3.51774e-05 -1.09068e-05 6.83243e-07  -4.40712e-05 -1.27609e-05 2.21474e-07  -4.47708e-05 -1.22611e-05 8.08946e-08  -3.82558e-05 -1.02967e-05 7.29046e-08  -3.3288e-05 -8.91821e-06 7.22535e-08  -3.23747e-05 -8.69111e-06 5.6903e-08  -3.18535e-05 -8.57085e-06 4.1059e-08  -3.08591e-05 -8.29483e-06 2.36715e-08  -3.03075e-05 -8.12741e-06 1.41068e-08  -3.0056e-05 -8.06519e-06 7.68598e-09  -2.97701e-05 -8.0057e-06 1.01213e-08  -2.94193e-05 -7.91556e-06 -1.62557e-09  -2.9133e-05 -7.85361e-06 6.98801e-09  -2.89026e-05 -7.7888e-06 9.47903e-09  -2.85596e-05 -7.65466e-06 3.01843e-09  -2.80895e-05 -7.47249e-06 -2.84942e-09  -4.0608e-05 -1.08135e-05 1.52728e-08  -2.4891e-05 -6.84294e-06 -6.89899e-09  -2.00384e-05 -5.87452e-06 -2.02507e-07  -2.17048e-05 -5.90392e-06 8.89661e-08  -2.40071e-05 -5.85415e-06 1.92032e-08  -1.24754e-05 -2.68225e-06 -1.65651e-07  -1.37617e-05 -4.78585e-06 4.21039e-07  -1.17033e-05 -2.62607e-06 3.69686e-07  -2.18541e-05 -5.95998e-06 -4.11266e-08  -1.88652e-05 -5.06066e-06 -1.30142e-08  -1.75966e-05 -4.58327e-06 -1.38295e-08  -1.58053e-05 -4.10294e-06 -1.95968e-09  -2.12133e-05 -5.84142e-06 -2.12712e-07  -1.26564e-05 -2.60267e-06 1.71613e-08  -1.07849e-05 -3.38424e-06 1.21404e-08  -1.38548e-05 -3.29328e-06 1.48433e-07  -7.24857e-06 -1.89392e-06 -8.73289e-09  -5.41947e-06 -1.3854e-06 -9.05564e-09  -3.80373e-06 -9.9478e-07 -4.64824e-09  -3.45587e-06 -9.0639e-07 -1.56561e-08  -0.00109803 -0.000475008 -1.57295e-05  -0.000525128 -0.000225494 -2.42145e-05  -0.000448922 -0.000192762 1.55696e-05  -0.000381 -0.000163766 -9.35484e-06  -0.000328145 -0.00014034 1.04954e-05  0 0 0  -0.00012075 -5.21381e-05 2.51108e-06  -6.83162e-05 -2.86038e-05 2.5805e-06  -6.96969e-05 -2.93258e-05 -1.97396e-06  -6.28712e-05 -2.47795e-05 1.91196e-06  -5.64823e-05 -2.23031e-05 -1.43088e-06  -5.96047e-05 -2.29185e-05 5.33456e-07  -4.73923e-05 -2.28146e-05 6.783e-07  0 0 0  -1.91029e-05 -9.49105e-06 2.18514e-07  -2.02278e-05 -9.80701e-06 1.84096e-07  -1.85751e-05 -8.87499e-06 7.14904e-08  -1.56153e-05 -7.44821e-06 3.87108e-08  -1.49401e-05 -7.1215e-06 2.60564e-08  -1.47758e-05 -7.05312e-06 1.48357e-08  -1.44627e-05 -6.90264e-06 2.05129e-08  -1.40556e-05 -6.69969e-06 9.85365e-09  -1.39155e-05 -6.6374e-06 3.57942e-09  -1.37965e-05 -6.588e-06 1.2576e-09  -1.36356e-05 -6.5082e-06 4.70223e-09  -1.35456e-05 -6.47143e-06 -1.86414e-09  -1.33809e-05 -6.39083e-06 2.39423e-09  -1.33033e-05 -6.34478e-06 1.35138e-08  -2.58516e-05 -1.22556e-05 1.37921e-08  -1.20868e-05 -5.74411e-06 -2.55534e-08  -1.11312e-05 -5.35537e-06 -6.14674e-08  -1.07813e-05 -5.17836e-06 3.95465e-08  -1.07852e-05 -4.9798e-06 1.3307e-07  -2.29838e-05 -1.02156e-05 2.85727e-08  -2.42747e-05 -1.00965e-05 5.8942e-08  -1.37454e-05 -5.42044e-06 -1.7526e-07  -2.61879e-05 -1.04247e-05 -1.33905e-07  -1.05176e-05 -4.88216e-06 -3.54955e-07  -8.83025e-06 -3.83806e-06 2.6737e-07  -8.36544e-06 -3.63816e-06 -2.59872e-07  -7.34154e-06 -3.14584e-06 2.30843e-07  -6.87243e-06 -2.94445e-06 -2.17713e-07  -1.18892e-05 -5.10209e-06 2.01908e-08  0 0 0  -9.08373e-06 -3.89801e-06 1.31254e-08  -3.27664e-06 -1.40603e-06 1.06159e-07  -2.7134e-06 -1.16447e-06 -8.68851e-08  -1.71961e-06 -7.3815e-07 5.61958e-08  -1.51118e-06 -6.4835e-07 -3.64475e-08  -0.000960969 -0.000527684 -1.65372e-05  -0.00048476 -0.000267938 9.42697e-06  -0.000455199 -0.000252102 -1.46617e-05  -0.000301251 -0.000167103 1.33828e-05  -0.000244019 -0.000135632 -2.16054e-06  -0.000164956 -9.17683e-05 6.32454e-06  0 0 0  -0.00011449 -6.31333e-05 7.47067e-07  -6.54725e-05 -3.44631e-05 2.1603e-06  -0.000116167 -6.7064e-05 -3.29043e-08  -9.4665e-05 -5.40464e-05 4.67234e-08  -7.3508e-05 -4.18139e-05 4.5766e-07  -3.20874e-05 -2.083e-05 -8.10715e-07  -2.09892e-05 -1.05373e-05 9.29138e-08  -2.08107e-05 -1.02015e-05 9.08755e-09  -1.9646e-05 -9.42716e-06 2.21137e-08  -1.6338e-05 -7.79262e-06 3.45552e-08  -1.51683e-05 -7.23321e-06 2.86228e-08  -1.49068e-05 -7.11085e-06 3.04042e-08  -1.4574e-05 -6.96176e-06 1.6256e-08  -1.4236e-05 -6.78823e-06 6.66505e-09  -1.39711e-05 -6.65966e-06 1.16689e-08  -1.38569e-05 -6.61239e-06 9.73345e-09  -1.37215e-05 -6.55248e-06 4.08376e-10  -1.3598e-05 -6.49174e-06 6.50505e-09  -1.34419e-05 -6.4225e-06 -1.10575e-09  -1.33052e-05 -6.35352e-06 5.59504e-10  -1.32383e-05 -6.29939e-06 -1.02379e-08  -1.3009e-05 -6.16274e-06 -7.4539e-09  -1.26306e-05 -5.98296e-06 6.38488e-09  -1.19768e-05 -5.71445e-06 1.33267e-08  -1.10028e-05 -5.32178e-06 -1.20862e-08  -2.10102e-05 -1.23381e-05 5.4534e-09  -1.03704e-05 -7.11666e-06 1.02265e-07  -1.09217e-05 -7.20698e-06 1.31415e-07  -1.24964e-05 -7.85602e-06 1.91401e-07  -2.07263e-05 -1.28986e-05 -3.52561e-07  -9.33249e-06 -5.3743e-06 3.0294e-07  -8.76787e-06 -5.05939e-06 -2.91206e-07  -7.74705e-06 -4.29463e-06 2.49228e-07  -7.18451e-06 -3.98332e-06 -2.3401e-07  -1.24891e-05 -6.92354e-06 1.17861e-08  0 0 0  -9.8747e-06 -5.48108e-06 1.98414e-08  -3.82279e-06 -2.12184e-06 1.29998e-07  -3.27824e-06 -1.81967e-06 -1.10543e-07  -2.40484e-06 -1.33485e-06 8.20819e-08  -1.87919e-06 -1.04306e-06 -6.31836e-08  -1.33164e-06 -7.38981e-07 2.12448e-08  -0.00182233 -0.00140716 -2.91934e-05  -0.000859732 -0.00066723 -1.44297e-05  -0.000786036 -0.000611123 -5.23788e-08  -0.000575449 -0.000443525 5.28788e-06  -0.000522188 -0.000397162 9.27019e-06  -0.000145426 -0.000124586 6.34399e-06  -9.33895e-05 -6.47337e-05 2.09977e-06  -0.000161001 -0.000127313 3.49589e-06  -0.000119597 -8.92125e-05 3.46395e-07  -5.22215e-05 -4.27783e-05 -1.72927e-06  -3.72999e-05 -2.79544e-05 1.02355e-06  -2.89495e-05 -2.15507e-05 -3.92466e-07  -3.98889e-05 -3.02911e-05 5.34696e-07  -3.8363e-05 -2.82355e-05 2.21471e-07  -1.84575e-05 -1.34805e-05 1.53271e-07  -3.51483e-05 -2.54927e-05 1.18037e-07  -3.07321e-05 -2.21697e-05 7.47593e-08  -2.7337e-05 -1.96947e-05 6.02688e-08  -2.62836e-05 -1.89669e-05 5.21208e-08  -2.58882e-05 -1.86937e-05 3.6055e-08  -2.52816e-05 -1.82481e-05 2.48718e-08  -2.47786e-05 -1.78743e-05 1.62477e-08  -2.45146e-05 -1.76972e-05 1.26017e-08  -2.42832e-05 -1.75321e-05 9.65357e-09  -2.40523e-05 -1.73639e-05 3.83649e-09  -2.37736e-05 -1.71671e-05 4.50374e-09  -2.36007e-05 -1.7034e-05 3.81883e-09  -2.33763e-05 -1.68568e-05 1.08118e-08  -3.44663e-05 -2.47729e-05 -7.77792e-10  -2.21352e-05 -1.58966e-05 -4.54781e-09  -2.11064e-05 -1.51786e-05 -2.38306e-08  -2.05995e-05 -1.4745e-05 -2.07065e-08  -1.02668e-05 -7.17868e-06 -6.16911e-08  -1.0594e-05 -7.16675e-06 -8.43795e-08  -1.07271e-05 -6.95038e-06 -1.02862e-07  0 0 0  -1.70746e-05 -1.45323e-05 5.80332e-07  -1.02911e-05 -8.0866e-06 -4.9781e-07  -1.42285e-05 -1.11112e-05 3.89067e-08  -1.38427e-05 -1.07001e-05 1.55528e-09  -1.28621e-05 -9.9096e-06 4.8135e-10  -1.71706e-05 -1.36511e-05 -2.09202e-07  -1.0395e-05 -7.23129e-06 1.079e-08  -8.57249e-06 -7.35742e-06 1.84067e-08  -1.12774e-05 -8.38724e-06 1.4763e-07  -5.74303e-06 -4.45797e-06 -4.53411e-09  -4.40671e-06 -3.39344e-06 -7.06024e-09  -3.33065e-06 -2.59725e-06 -7.75283e-09  -2.39853e-06 -1.85038e-06 -9.53575e-09  -0.000816635 -0.000867576 -1.6841e-05  -0.000382129 -0.000404554 -2.3993e-05  -0.000341726 -0.00036162 1.46779e-05  -0.000269095 -0.000284447 -8.70183e-06  -0.000262674 -0.000277568 1.05797e-05  0 0 0  -8.72137e-05 -9.21832e-05 2.26205e-06  -5.34629e-05 -5.5053e-05 2.72149e-06  -5.37524e-05 -5.59384e-05 -2.08214e-06  -4.67659e-05 -4.36875e-05 1.7018e-06  -6.37209e-05 -6.26618e-05 -7.90695e-07  -5.06041e-05 -5.08981e-05 1.17685e-06  -3.23797e-05 -3.36831e-05 -4.25646e-07  -2.95033e-05 -3.10543e-05 3.29308e-07  -3.17281e-05 -3.29933e-05 1.45953e-07  -3.01414e-05 -3.1208e-05 1.12338e-07  -2.67863e-05 -2.76853e-05 8.39041e-08  -2.34221e-05 -2.42041e-05 5.77121e-08  -2.20594e-05 -2.27958e-05 5.33476e-08  -2.18443e-05 -2.25816e-05 3.76111e-08  -2.1383e-05 -2.21007e-05 2.55583e-08  -2.09435e-05 -2.16464e-05 1.69276e-08  -2.06916e-05 -2.13917e-05 1.17339e-08  -2.05425e-05 -2.12355e-05 9.94906e-09  -2.02886e-05 -2.09757e-05 3.61641e-09  -2.00857e-05 -2.07635e-05 5.84648e-09  -1.98883e-05 -2.05568e-05 2.79095e-09  -1.96672e-05 -2.03171e-05 3.42471e-09  -2.90659e-05 -2.99795e-05 1.12506e-08  -1.88533e-05 -1.94142e-05 -3.38108e-09  -1.82954e-05 -1.88094e-05 6.6916e-09  -1.79719e-05 -1.83589e-05 1.64113e-08  -1.79234e-05 -1.80587e-05 2.59456e-08  -1.80728e-05 -1.78136e-05 2.75466e-08  -9.11062e-06 -8.81147e-06 -6.52805e-08  -1.84095e-05 -1.7385e-05 2.50242e-08  -8.78667e-06 -8.04914e-06 -1.89371e-07  -7.87572e-06 -6.8749e-06 9.4917e-08  -5.67205e-06 -5.96571e-06 2.60464e-07  -6.15379e-06 -6.43824e-06 -2.50757e-07  -5.52456e-06 -5.75867e-06 2.24626e-07  -5.14852e-06 -5.35635e-06 -2.0842e-07  -8.90393e-06 -9.33913e-06 1.86325e-08  0 0 0  -6.85444e-06 -7.20924e-06 1.37988e-08  -2.44707e-06 -2.57451e-06 1.05672e-07  -1.97822e-06 -2.081e-06 -8.45879e-08  -1.42491e-06 -1.49889e-06 6.16994e-08  -1.01092e-06 -1.06331e-06 -3.1249e-08  -0.000659077 -0.000852134 -1.56037e-05  -0.000341765 -0.000441586 9.1366e-06  -0.000317072 -0.000408722 -1.47106e-05  -0.000214875 -0.000277518 1.34767e-05  -0.000171509 -0.0002223 -2.53004e-06  -0.000114266 -0.000147926 6.16066e-06  0 0 0  -8.02941e-05 -0.000104106 9.02044e-07  -5.11837e-05 -6.2186e-05 2.43109e-06  -8.29792e-05 -0.000107709 -5.42177e-07  -3.01664e-05 -4.20074e-05 -4.04931e-07  -1.8062e-05 -2.6198e-05 4.08371e-08  -1.30713e-05 -1.92606e-05 4.44953e-08  -1.23544e-05 -1.8337e-05 1.28102e-07  -1.28382e-05 -1.90148e-05 8.7122e-08  -1.18869e-05 -1.75784e-05 5.49489e-08  -1.01962e-05 -1.50849e-05 4.21035e-08  -9.10338e-06 -1.34632e-05 2.89595e-08  -8.78361e-06 -1.29963e-05 2.6627e-08  -8.701e-06 -1.28753e-05 2.08894e-08  -8.49955e-06 -1.25743e-05 1.00702e-08  -8.35295e-06 -1.23569e-05 6.88139e-09  -8.264e-06 -1.22262e-05 5.82017e-09  -8.17286e-06 -1.20903e-05 4.46572e-09  -8.08047e-06 -1.19538e-05 2.02514e-09  -7.98497e-06 -1.18128e-05 2.24815e-09  -7.91785e-06 -1.17118e-05 2.99365e-09  -7.80948e-06 -1.15485e-05 2.1312e-09  -7.6897e-06 -1.13661e-05 3.7855e-09  -7.58763e-06 -1.12045e-05 4.78535e-09  -7.42824e-06 -1.09491e-05 7.57985e-09  -7.25024e-06 -1.06405e-05 2.12936e-08  -7.27134e-06 -1.05679e-05 3.92042e-08  -7.19304e-06 -1.02849e-05 5.8106e-08  -7.3212e-06 -1.02553e-05 6.56494e-08  -1.46493e-05 -2.01587e-05 1.98689e-08  -1.61918e-05 -2.13637e-05 2.14766e-07  -1.72617e-05 -2.19572e-05 -1.61792e-07  -6.2711e-06 -7.95093e-06 -2.74774e-07  -5.40186e-06 -6.88139e-06 2.38603e-07  -5.07517e-06 -6.44706e-06 -2.25143e-07  -8.77392e-06 -1.1209e-05 1.07738e-08  0 0 0  -6.94018e-06 -8.94282e-06 1.89876e-08  -2.61517e-06 -3.3775e-06 1.26769e-07  -2.36475e-06 -3.05463e-06 -1.13506e-07  -1.62724e-06 -2.10238e-06 7.92729e-08  -1.41492e-06 -1.82769e-06 -6.79297e-08  -1.08204e-06 -1.39805e-06 1.37679e-08  -0.000628833 -0.000998969 -1.67288e-05  -0.000291473 -0.000464972 -2.40111e-05  -0.000265453 -0.000423516 1.48733e-05  -0.000209413 -0.000333565 -8.34517e-06  -0.000131101 -0.00020909 1.17915e-05  -7.47611e-05 -0.000119272 -1.39446e-07  -6.01361e-05 -9.67469e-05 1.86669e-06  0 0 0  -8.69694e-05 -0.000140112 4.02105e-07  -8.21309e-05 -0.000162299 1.5933e-06  -4.68757e-05 -8.15716e-05 3.2466e-07  0 0 0  -1.65542e-05 -2.4209e-05 1.98737e-07  -1.22533e-05 -1.81908e-05 1.3616e-07  -1.27805e-05 -1.89508e-05 7.99853e-08  -2.39429e-05 -3.54197e-05 1.00057e-07  -9.64814e-06 -1.42795e-05 3.35169e-08  -8.88782e-06 -1.3159e-05 3.18516e-08  -8.76477e-06 -1.29674e-05 1.81275e-08  0 0 0  -8.63518e-06 -1.27731e-05 1.18877e-08  -8.43841e-06 -1.24823e-05 7.80107e-09  -8.30024e-06 -1.22779e-05 7.9465e-09  -8.22682e-06 -1.21709e-05 4.80915e-09  -8.14066e-06 -1.20424e-05 3.03287e-09  -8.03893e-06 -1.18925e-05 1.88948e-09  -7.95022e-06 -1.17612e-05 2.09039e-09  -1.56122e-05 -2.30867e-05 1.5937e-09  -7.65489e-06 -1.13101e-05 -8.29923e-10  -7.50091e-06 -1.10679e-05 -3.86215e-09  -7.31907e-06 -1.07725e-05 -8.51584e-09  -7.24533e-06 -1.05926e-05 -2.01565e-08  0 0 0  -1.25547e-05 -2.20659e-05 6.25896e-10  -1.25109e-05 -2.15943e-05 4.68571e-10  -5.32172e-06 -1.12255e-05 5.62296e-08  -5.64545e-06 -1.15964e-05 8.87816e-08  -6.13372e-06 -1.24165e-05 1.80384e-08  -5.98083e-06 -9.42659e-06 2.35209e-07  -8.69977e-06 -1.52879e-05 1.5598e-08  -8.06319e-06 -1.41554e-05 -2.569e-09  -1.05484e-05 -1.91723e-05 -1.95111e-07  -6.88344e-06 -1.09078e-05 1.81932e-08  -5.094e-06 -1.02448e-05 1.15923e-08  -5.0902e-06 -8.14722e-06 2.242e-08  -1.93908e-06 -3.11039e-06 1.09126e-07  -1.52104e-06 -2.44008e-06 -8.48207e-08  -1.11871e-06 -1.79469e-06 6.29954e-08  -8.72795e-07 -1.40057e-06 -3.50761e-08  -0.000850829 -0.00198922 -2.96651e-05  -0.000436741 -0.00101365 -1.47163e-05  -0.000406882 -0.000940862 3.74264e-07  -0.000292649 -0.000686669 5.39331e-06  -0.000249372 -0.000588927 8.43064e-06  -8.16918e-05 -0.000165323 5.99714e-06  -4.44146e-05 -0.000121483 2.51784e-06  -6.17001e-05 -0.000127621 1.20964e-06  -6.61589e-05 -0.00019534 5.51858e-07  0 0 0  -3.27702e-05 -6.93143e-05 3.00482e-07  -2.85447e-05 -6.20869e-05 3.65679e-07  -1.88558e-05 -4.16183e-05 2.95089e-07  -1.75284e-05 -3.90147e-05 2.37678e-07  -1.83805e-05 -4.09567e-05 1.70786e-07  -1.68936e-05 -3.77175e-05 1.23588e-07  -1.47116e-05 -3.28384e-05 8.20798e-08  -1.31858e-05 -2.94439e-05 6.57374e-08  -1.28018e-05 -2.85876e-05 5.64655e-08  -1.26586e-05 -2.82661e-05 4.06341e-08  -1.2346e-05 -2.75741e-05 2.70917e-08  -1.21127e-05 -2.70517e-05 1.93578e-08  -1.19943e-05 -2.67866e-05 1.19142e-08  -1.1871e-05 -2.65112e-05 7.72448e-09  -1.17328e-05 -2.62025e-05 5.78827e-09  -1.16105e-05 -2.5929e-05 4.68087e-09  -1.14554e-05 -2.55819e-05 3.43401e-09  -1.13187e-05 -2.52755e-05 2.98102e-09  -1.11563e-05 -2.49076e-05 3.27863e-09  -1.09597e-05 -2.44521e-05 4.78056e-09  -1.07334e-05 -2.38983e-05 5.90137e-09  -5.28914e-06 -1.17441e-05 -7.53184e-09  -1.0504e-05 -2.3189e-05 3.97166e-09  -5.21673e-06 -1.13311e-05 -2.78612e-08  -5.191e-06 -1.10708e-05 -3.43526e-08  -5.25171e-06 -1.09483e-05 -4.0866e-08  -5.6041e-06 -1.1374e-05 -1.0122e-08  -5.36677e-06 -1.10964e-05 1.50708e-07  -7.97568e-06 -1.80185e-05 -2.18353e-07  -2.83437e-06 -7.1184e-06 -1.73971e-07  -2.90054e-06 -7.50564e-06 2.2974e-07  -2.8091e-06 -7.24214e-06 -2.14667e-07  -4.5217e-06 -1.16631e-05 1.79241e-08  0 0 0  -5.31201e-06 -1.29677e-05 1.43064e-07  -3.01408e-06 -6.98957e-06 -3.34825e-09  -2.28676e-06 -5.37574e-06 -9.5647e-09  -1.74972e-06 -4.05518e-06 -3.89646e-09  -1.38225e-06 -3.19809e-06 -1.63458e-08  -0.000265318 -0.00103809 -1.63135e-05  -0.000137573 -0.000531935 8.66487e-06  -0.000131625 -0.000506569 -1.45832e-05  -9.2095e-05 -0.000353051 1.32896e-05  -6.54487e-05 -0.000248931 -1.76318e-06  -4.91617e-05 -0.000188865 5.91986e-06  0 0 0  -3.30801e-05 -0.00013275 1.25158e-06  0 0 0  -3.93834e-05 -0.000152508 1.40449e-06  -3.16699e-05 -0.000118304 2.16473e-07  -1.80826e-05 -6.87293e-05 2.72944e-07  -1.19293e-05 -4.64591e-05 2.26045e-07  -1.08208e-05 -4.24996e-05 2.02794e-07  -1.11275e-05 -4.38839e-05 1.59507e-07  -1.02757e-05 -4.05693e-05 1.20048e-07  -8.8671e-06 -3.50253e-05 8.84528e-08  -8.00561e-06 -3.16485e-05 6.27956e-08  -7.75785e-06 -3.067e-05 4.8789e-08  -7.64472e-06 -3.0225e-05 2.9878e-08  -7.45166e-06 -2.94557e-05 2.11535e-08  -7.28882e-06 -2.88092e-05 1.98726e-08  -7.20514e-06 -2.84835e-05 1.52379e-08  -7.13637e-06 -2.82104e-05 8.31559e-09  -7.05405e-06 -2.78837e-05 5.60071e-09  -6.9706e-06 -2.75522e-05 3.45565e-09  -6.88585e-06 -2.72174e-05 3.28004e-09  -6.79068e-06 -2.68408e-05 2.3269e-09  -6.68252e-06 -2.64129e-05 2.15389e-09  -6.55816e-06 -2.59106e-05 1.28908e-09  -6.42627e-06 -2.53461e-05 1.5153e-09  -3.16566e-06 -1.24518e-05 8.4889e-09  -6.27731e-06 -2.45675e-05 1.2151e-08  -6.20679e-06 -2.39939e-05 1.47788e-08  -6.19603e-06 -2.35112e-05 1.39538e-08  -6.20542e-06 -2.30359e-05 1.90397e-08  -6.2593e-06 -2.28334e-05 5.66272e-10  -5.76891e-06 -2.1436e-05 -6.83693e-08  -4.3655e-06 -1.78903e-05 -6.5573e-08  -2.12476e-06 -8.14033e-06 3.12516e-07  -2.52865e-06 -9.39387e-06 -3.28873e-07  -3.77519e-06 -1.31933e-05 7.89648e-09  0 0 0  -2.8621e-06 -1.04139e-05 1.03949e-08  -1.07208e-06 -4.09586e-06 1.22712e-07  -9.78907e-07 -3.73905e-06 -1.10347e-07  -7.3203e-07 -2.82625e-06 8.7014e-08  -5.89162e-07 -2.27501e-06 -6.90281e-08  -4.13261e-07 -1.59607e-06 2.44457e-08  -0.000185796 -0.00117809 -1.74266e-05  -8.5178e-05 -0.000547005 -2.42448e-05  -7.60814e-05 -0.00048481 1.44966e-05  -6.09959e-05 -0.000385489 -8.42983e-06  -5.65342e-05 -0.000355237 1.10892e-05  0 0 0  -2.08454e-05 -0.000135583 2.57935e-06  -7.48372e-06 -8.30936e-05 2.61403e-06  -1.56028e-05 -0.000159833 -1.69341e-06  -4.35664e-06 -5.5788e-05 6.78526e-07  -3.95201e-06 -4.67068e-05 1.42602e-07  -2.46452e-06 -3.01346e-05 1.04612e-07  -1.76503e-06 -2.25579e-05 9.36193e-08  -1.68112e-06 -2.20581e-05 5.96834e-08  -1.69777e-06 -2.25473e-05 3.40113e-08  -1.52287e-06 -2.0362e-05 4.21172e-08  -1.29216e-06 -1.72853e-05 3.233e-08  -1.21443e-06 -1.62515e-05 2.37151e-08  -1.18201e-06 -1.5807e-05 2.03377e-08  -1.16054e-06 -1.55335e-05 1.38381e-08  -1.13202e-06 -1.51303e-05 7.7115e-09  -1.10749e-06 -1.48087e-05 7.16098e-09  -1.09348e-06 -1.46305e-05 4.60547e-09  -1.08343e-06 -1.44921e-05 3.12543e-09  -1.06943e-06 -1.43065e-05 2.58572e-09  -1.05578e-06 -1.41239e-05 1.83193e-09  -1.04565e-06 -1.39889e-05 1.26193e-09  -1.02645e-06 -1.37329e-05 1.04465e-09  -1.00825e-06 -1.34886e-05 9.3111e-10  -9.88583e-07 -1.32163e-05 1.6797e-09  -9.69891e-07 -1.29277e-05 3.60888e-09  0 0 0  -9.56605e-07 -1.26408e-05 6.97056e-09  -9.4863e-07 -1.23142e-05 1.41674e-08  -9.58229e-07 -1.20287e-05 2.09861e-08  -9.63107e-07 -1.16343e-05 2.17121e-08  -9.57944e-07 -1.12515e-05 9.92076e-09  -8.94392e-07 -1.08166e-05 -3.94571e-08  -6.89868e-07 -9.75508e-06 -9.02028e-08  -2.52696e-06 -1.92623e-05 4.25471e-09  -1.61731e-06 -9.1713e-06 2.01308e-07  -1.9506e-06 -1.40506e-05 -6.7205e-08  -2.72016e-06 -1.74068e-05 -1.11007e-07  -8.34579e-07 -1.02924e-05 1.03273e-08  -1.55019e-06 -9.41219e-06 1.80776e-08  -5.6756e-07 -3.67725e-06 1.09869e-07  -4.73285e-07 -3.06339e-06 -8.99917e-08  -3.2089e-07 -2.09562e-06 6.33076e-08  -2.5526e-07 -1.6663e-06 -3.37234e-08  0.000168523 -0.00107189 -1.66686e-05  8.48852e-05 -0.000558788 9.28503e-06  7.85976e-05 -0.000511903 -1.40572e-05  4.98252e-05 -0.000340444 1.3121e-05  3.95355e-05 -0.000271596 -2.30279e-06  2.92722e-05 -0.000203364 6.30585e-06  0 0 0  1.26766e-05 -0.000120876 2.15622e-06  1.34157e-05 -0.000143488 2.94738e-07  5.75548e-06 -5.99904e-05 1.74254e-07  4.28892e-06 -4.56564e-05 1.47569e-07  2.67679e-06 -2.79003e-05 1.7108e-07  4.57044e-06 -4.69196e-05 2.06481e-07  4.32865e-06 -4.42486e-05 1.65451e-07  4.4007e-06 -4.4599e-05 1.21367e-07  4.10471e-06 -4.15825e-05 8.81165e-08  3.57493e-06 -3.62225e-05 6.91947e-08  3.22052e-06 -3.24693e-05 6.09348e-08  3.13247e-06 -3.16548e-05 4.42407e-08  3.09372e-06 -3.12556e-05 2.88246e-08  3.01564e-06 -3.04656e-05 2.05883e-08  2.95072e-06 -2.98244e-05 1.32416e-08  2.90144e-06 -2.93276e-05 1.07762e-08  2.86747e-06 -2.89879e-05 7.46591e-09  2.83791e-06 -2.86876e-05 4.76692e-09  2.80133e-06 -2.83151e-05 4.48462e-09  2.76621e-06 -2.79613e-05 2.8462e-09  2.72468e-06 -2.75429e-05 2.15152e-09  2.66828e-06 -2.69747e-05 1.66878e-09  2.61419e-06 -2.64288e-05 1.5704e-09  2.56366e-06 -2.59331e-05 1.36193e-09  1.24905e-06 -1.26532e-05 2.67236e-09  2.44057e-06 -2.48008e-05 4.25937e-09  2.3561e-06 -2.41537e-05 7.39236e-09  2.24839e-06 -2.33946e-05 7.3384e-09  1.07292e-06 -1.12986e-05 -3.73005e-09  1.01991e-06 -1.08519e-05 8.79485e-10  2.00175e-06 -2.04842e-05 -2.4051e-08  2.11224e-06 -1.95784e-05 -1.31101e-08  2.36354e-06 -1.84504e-05 -2.86337e-08  2.97091e-06 -1.73739e-05 3.01665e-08  1.29846e-06 -9.84571e-06 -8.79973e-09  1.85775e-06 -1.39877e-05 -6.81666e-08  1.00802e-06 -9.78628e-06 1.19879e-08  6.36867e-07 -4.44373e-06 1.24751e-07  5.46211e-07 -3.86886e-06 -1.08032e-07  4.29511e-07 -2.81965e-06 8.36726e-08  3.1644e-07 -2.08576e-06 -6.1077e-08  2.90964e-07 -1.89997e-06 1.98406e-08  0.000292829 -0.00114892 -1.77704e-05  0.000140891 -0.000551593 -2.44705e-05  0.000122534 -0.000485515 1.49276e-05  8.78214e-05 -0.000348864 -8.0949e-06  7.85312e-05 -0.000327709 9.8875e-06  2.96659e-05 -8.62415e-05 4.96777e-06  4.29733e-05 -0.000149237 4.48121e-06  3.55688e-05 -0.000125583 4.57297e-07  3.77856e-05 -0.000135321 6.67533e-07  5.28204e-05 -0.000192015 4.80607e-07  2.61565e-05 -9.49955e-05 3.76687e-07  1.69507e-05 -6.16673e-05 2.64791e-07  1.15332e-05 -4.1601e-05 2.92051e-07  1.13791e-05 -4.09601e-05 1.93469e-07  1.18605e-05 -4.25955e-05 1.40622e-07  1.11345e-05 -3.99703e-05 1.0095e-07  9.56312e-06 -3.43012e-05 8.98648e-08  8.76426e-06 -3.1453e-05 6.3363e-08  8.60407e-06 -3.0894e-05 4.127e-08  8.43237e-06 -3.02647e-05 3.57642e-08  8.21481e-06 -2.94833e-05 2.10071e-08  8.04146e-06 -2.88508e-05 1.57966e-08  7.92775e-06 -2.84449e-05 1.22628e-08  7.84246e-06 -2.81411e-05 8.22626e-09  7.74106e-06 -2.77762e-05 5.63935e-09  7.64141e-06 -2.74193e-05 4.22886e-09  7.54748e-06 -2.70819e-05 2.95134e-09  7.4409e-06 -2.66988e-05 1.72038e-09  7.27481e-06 -2.61032e-05 1.85128e-09  7.12093e-06 -2.55515e-05 1.51718e-09  6.97056e-06 -2.50135e-05 1.56196e-09  6.76786e-06 -2.42924e-05 1.73706e-09  3.2929e-06 -1.18248e-05 -2.43079e-10  6.44681e-06 -2.3179e-05 3.51583e-09  9.1968e-06 -3.31515e-05 8.76911e-09  5.79029e-06 -2.09138e-05 2.32604e-10  5.57408e-06 -2.00495e-05 -1.0031e-08  5.34209e-06 -1.88522e-05 -1.88613e-08  5.17378e-06 -1.74222e-05 -3.37952e-08  2.75815e-06 -8.34454e-06 -1.49214e-07  0 0 0  3.72336e-06 -1.35303e-05 1.94544e-09  2.76275e-06 -9.85071e-06 1.77162e-08  3.9223e-06 -1.44933e-05 1.27617e-07  1.0057e-06 -4.51339e-06 -1.13769e-07  9.29551e-07 -3.63944e-06 1.07357e-07  7.65961e-07 -3.02317e-06 -8.86603e-08  4.80811e-07 -1.86196e-06 5.63044e-08  4.33641e-07 -1.68137e-06 -3.43236e-08  0.000864415 -0.0020159 -3.0341e-05  0.000426602 -0.00100753 -1.5281e-05  0.000382096 -0.000909662 1.80175e-06  0.000286851 -0.000670779 3.59451e-06  0.000212385 -0.000516483 8.89622e-06  5.26151e-05 -0.000128096 2.84237e-06  2.70282e-05 -5.64471e-05 1.15853e-06  2.67734e-05 -5.62434e-05 3.88408e-07  3.07411e-05 -6.45911e-05 2.57599e-07  2.92677e-05 -6.16437e-05 1.5257e-07  2.29186e-05 -4.84058e-05 1.65391e-07  1.52792e-05 -3.22099e-05 1.27517e-07  9.23988e-06 -1.94076e-05 1.62299e-07  8.59674e-06 -1.80372e-05 9.94114e-08  9.37407e-06 -1.96552e-05 7.63113e-08  9.15818e-06 -1.92004e-05 5.01005e-08  7.87855e-06 -1.6527e-05 4.93467e-08  7.12515e-06 -1.49474e-05 3.28322e-08  6.92149e-06 -1.45069e-05 2.20411e-08  6.79598e-06 -1.42473e-05 2.0655e-08  6.65751e-06 -1.39595e-05 1.13914e-08  6.47107e-06 -1.35695e-05 8.00347e-09  6.3803e-06 -1.33788e-05 6.46554e-09  6.31108e-06 -1.32325e-05 4.13363e-09  6.22405e-06 -1.30514e-05 2.96493e-09  6.14443e-06 -1.28845e-05 2.76225e-09  6.06862e-06 -1.27253e-05 1.76953e-09  5.99848e-06 -1.25779e-05 1.30149e-09  5.8674e-06 -1.23032e-05 1.02909e-09  5.74535e-06 -1.20474e-05 9.3175e-10  5.60914e-06 -1.17617e-05 6.04957e-10  5.46293e-06 -1.14554e-05 6.59145e-10  5.28766e-06 -1.10894e-05 1.11081e-09  5.10759e-06 -1.07141e-05 1.87909e-09  4.90326e-06 -1.02886e-05 1.77469e-09  4.69259e-06 -9.84696e-06 6.58998e-10  4.47305e-06 -9.36851e-06 -5.99275e-09  4.23018e-06 -8.79002e-06 -2.30611e-08  3.92081e-06 -7.97787e-06 -5.3733e-08  6.1342e-06 -1.49356e-05 5.13674e-09  4.45463e-06 -1.18051e-05 5.15873e-08  1.86584e-06 -5.13332e-06 -3.54972e-08  4.11621e-06 -9.80495e-06 1.38617e-08  2.15399e-06 -4.86128e-06 1.15612e-07  3.58464e-06 -9.02031e-06 1.78243e-08  3.16606e-06 -7.5952e-06 -7.05808e-09  2.42717e-06 -5.69152e-06 -7.69908e-09  1.65966e-06 -3.93674e-06 -7.06173e-09  1.38301e-06 -3.23341e-06 -1.10215e-08  0.0005649 -0.000902593 -1.83797e-05  0.00027546 -0.000448872 6.45797e-06  0.000262676 -0.000428863 -1.24443e-05  0.000236322 -0.000378422 1.79779e-05  0.000144599 -0.000227991 -3.14477e-06  3.91027e-05 -7.93102e-05 3.10248e-06  3.46356e-05 -7.1444e-05 1.14144e-06  2.54997e-05 -5.38458e-05 7.15855e-07  2.99152e-05 -6.29968e-05 3.75138e-07  3.0499e-05 -6.42677e-05 1.81006e-07  7.68901e-05 -0.000138669 5.66514e-07  5.03689e-05 -7.8838e-05 4.41231e-07  8.69303e-06 -1.82969e-05 1.34452e-07  9.30243e-06 -1.95185e-05 9.76286e-08  9.40028e-06 -1.97217e-05 5.49601e-08  8.72164e-06 -1.82917e-05 3.54619e-08  7.43845e-06 -1.56122e-05 4.37625e-08  6.98639e-06 -1.46495e-05 2.77732e-08  6.85943e-06 -1.43822e-05 2.00551e-08  6.73099e-06 -1.41157e-05 1.49054e-08  6.5668e-06 -1.37659e-05 8.53404e-09  6.41906e-06 -1.34601e-05 7.99513e-09  6.34212e-06 -1.32984e-05 4.732e-09  6.28296e-06 -1.31742e-05 2.77581e-09  6.17073e-06 -1.29399e-05 2.96319e-09  6.11365e-06 -1.28198e-05 2.36792e-09  6.04181e-06 -1.26688e-05 1.55426e-09  5.92839e-06 -1.24309e-05 7.64682e-10  5.81979e-06 -1.22033e-05 9.30849e-10  5.68745e-06 -1.19257e-05 9.95027e-10  5.5524e-06 -1.16426e-05 6.72981e-10  5.3581e-06 -1.1236e-05 2.94754e-10  5.17127e-06 -1.0846e-05 2.81837e-10  5.02707e-06 -1.05465e-05 5.761e-10  4.81769e-06 -1.01098e-05 1.24856e-09  4.56755e-06 -9.57978e-06 3.93543e-09  4.3232e-06 -9.02915e-06 1.28348e-08  4.0672e-06 -8.37868e-06 3.16985e-08  3.80574e-06 -7.58846e-06 6.01534e-08  3.40644e-06 -6.41615e-06 7.49334e-08  5.4871e-06 -9.83372e-06 -1.11606e-07  8.04397e-06 -1.46782e-05 6.19096e-08  2.69598e-06 -5.09023e-06 -4.76429e-08  5.61467e-06 -9.47391e-06 1.21473e-08  3.04466e-06 -4.85722e-06 1.60662e-07  2.728e-06 -4.40751e-06 -1.71869e-07  1.58021e-06 -2.58264e-06 7.87036e-08  1.12204e-06 -1.83019e-06 -5.79675e-08  9.17903e-07 -1.47677e-06 1.50225e-08  0.000714744 -0.00093223 -1.77598e-05  0.000329754 -0.000437217 -2.27862e-05  0.000276091 -0.000364125 1.26891e-05  0.000278085 -0.000369884 -7.32239e-06  0.000127948 -0.000180117 9.65435e-06  0.00013575 -0.000184074 3.3909e-06  7.98745e-05 -0.000108327 2.53011e-06  7.16974e-05 -9.91929e-05 1.26088e-06  8.09293e-05 -0.000113308 6.59119e-07  7.73514e-05 -0.000108842 4.41403e-07  2.88746e-05 -4.04819e-05 1.61761e-07  1.77318e-05 -2.4929e-05 1.81369e-07  2.55427e-05 -3.58641e-05 2.35242e-07  2.49048e-05 -3.50413e-05 1.45238e-07  2.50693e-05 -3.52794e-05 1.80457e-07  2.35551e-05 -3.31266e-05 9.7801e-08  2.07195e-05 -2.91249e-05 7.53313e-08  1.89104e-05 -2.65783e-05 6.78892e-08  1.8443e-05 -2.59316e-05 5.14333e-08  1.8128e-05 -2.54899e-05 3.63798e-08  1.77541e-05 -2.49653e-05 2.05773e-08  1.73708e-05 -2.44247e-05 1.41732e-08  1.7136e-05 -2.4095e-05 1.24425e-08  1.69559e-05 -2.38412e-05 8.29784e-09  1.67132e-05 -2.35005e-05 4.7317e-09  8.27442e-06 -1.16344e-05 1.94989e-09  2.4543e-05 -3.45092e-05 3.933e-09  1.60757e-05 -2.26034e-05 2.24805e-09  1.57619e-05 -2.21628e-05 2.34893e-09  1.538e-05 -2.16256e-05 1.46074e-09  1.50116e-05 -2.11077e-05 1.27762e-09  1.45479e-05 -2.04563e-05 1.2233e-09  1.40723e-05 -1.97876e-05 1.22344e-09  1.36422e-05 -1.91823e-05 8.83171e-10  1.30243e-05 -1.83114e-05 8.76802e-10  1.2478e-05 -1.75303e-05 -2.69251e-10  1.17805e-05 -1.6507e-05 -4.54476e-09  1.10276e-05 -1.53398e-05 -1.42674e-08  1.01347e-05 -1.38618e-05 -2.39129e-08  9.02602e-06 -1.199e-05 -2.78545e-08  8.09829e-06 -1.04718e-05 6.62419e-09  7.46062e-06 -9.67615e-06 2.50408e-08  7.24554e-06 -9.67218e-06 2.40161e-08  3.39395e-06 -4.6487e-06 -4.27282e-08  3.34232e-06 -4.86676e-06 -5.88881e-08  2.61704e-06 -3.47467e-06 8.94635e-08  1.90585e-06 -2.51044e-06 -8.05887e-08  1.18212e-06 -1.54528e-06 5.60912e-08  1.02168e-06 -1.3308e-06 -2.29617e-08  0.000744549 -0.000800045 -1.908e-05  0.000741793 -0.000720378 -1.74306e-05  0.000576924 -0.00058429 -2.68159e-06  0.000536021 -0.000513964 1.15484e-05  0.000377701 -0.000381148 9.27283e-06  0.000175693 -0.000176843 5.07848e-06  9.52084e-05 -9.44878e-05 2.34553e-06  8.92205e-05 -8.8383e-05 1.26e-06  9.84305e-05 -9.72622e-05 6.88332e-07  9.38675e-05 -9.27248e-05 4.59708e-07  7.52478e-05 -7.45058e-05 3.91328e-07  4.81211e-05 -4.75772e-05 3.53591e-07  3.36412e-05 -3.3299e-05 2.65937e-07  3.04284e-05 -3.01059e-05 1.70739e-07  4.60064e-05 -4.54625e-05 2.51432e-07  2.87334e-05 -2.84015e-05 1.00227e-07  1.31882e-05 -1.30375e-05 3.02556e-08  3.49786e-05 -3.45877e-05 1.13433e-07  2.25222e-05 -2.2258e-05 5.24291e-08  2.21728e-05 -2.191e-05 3.75351e-08  2.17255e-05 -2.14669e-05 2.08302e-08  2.13271e-05 -2.10726e-05 1.35345e-08  2.10589e-05 -2.08077e-05 1.23041e-08  2.08599e-05 -2.0611e-05 9.96513e-09  1.03132e-05 -1.01899e-05 2.42986e-09  2.03753e-05 -2.01319e-05 4.23973e-09  2.01521e-05 -1.99115e-05 3.40002e-09  2.98008e-05 -2.94453e-05 3.95854e-09  1.93897e-05 -1.91579e-05 2.38779e-09  1.89585e-05 -1.87321e-05 1.63685e-09  1.84394e-05 -1.82194e-05 1.12629e-09  1.79041e-05 -1.76901e-05 1.00645e-09  1.73214e-05 -1.71143e-05 1.07445e-09  1.67664e-05 -1.65659e-05 9.98315e-10  1.60227e-05 -1.58275e-05 1.19273e-09  1.5331e-05 -1.5134e-05 2.01308e-09  1.44706e-05 -1.42535e-05 6.85147e-10  1.35534e-05 -1.3283e-05 1.39244e-09  1.24069e-05 -1.2026e-05 -8.36499e-09  1.12373e-05 -1.07166e-05 -2.76099e-08  1.03473e-05 -9.76447e-06 -1.95511e-08  9.45596e-06 -8.95788e-06 -1.67578e-09  8.76668e-06 -8.45511e-06 1.28353e-08  8.10859e-06 -8.03835e-06 2.64004e-08  7.67027e-06 -7.83085e-06 1.02094e-07  5.4546e-06 -5.28309e-06 -8.591e-08  3.49585e-06 -3.49487e-06 1.62328e-08  1.43338e-06 -1.5545e-06 -5.58005e-08  1.18834e-06 -1.25275e-06 1.46708e-08  0.00179422 -0.00140831 -2.50704e-05  0.000418676 -0.000311107 6.23799e-06  0.000312674 -0.000229861 -1.1783e-05  0.00025812 -0.000173448 6.75922e-06  0.000200173 -0.000136359 5.65221e-06  0.000131997 -9.03027e-05 2.65186e-06  6.14153e-05 -4.17541e-05 1.14298e-06  5.16194e-05 -3.51423e-05 7.19365e-07  5.63349e-05 -3.87435e-05 4.21529e-07  5.6095e-05 -3.87463e-05 3.03678e-07  4.51354e-05 -3.12398e-05 1.59893e-07  3.19895e-05 -2.21879e-05 1.52176e-07  2.1332e-05 -1.48091e-05 1.39397e-07  1.87875e-05 -1.30237e-05 9.71654e-08  1.83743e-05 -1.27178e-05 8.61275e-08  1.81432e-05 -1.25729e-05 4.6753e-08  1.57246e-05 -1.08964e-05 4.43647e-08  2.73819e-05 -1.89797e-05 5.19602e-08  1.29907e-05 -9.00709e-06 2.03815e-08  1.28019e-05 -8.87576e-06 1.05819e-08  1.25262e-05 -8.68475e-06 6.36205e-09  1.22915e-05 -8.5207e-06 6.12047e-09  1.21565e-05 -8.42852e-06 3.17638e-09  1.20126e-05 -8.32823e-06 3.01412e-09  0 0 0  1.18389e-05 -8.20776e-06 1.53958e-09  1.16778e-05 -8.09606e-06 1.65537e-09  1.15312e-05 -7.99456e-06 1.10701e-09  1.13402e-05 -7.86205e-06 7.62876e-10  2.20322e-05 -1.52748e-05 1.31649e-09  1.05581e-05 -7.31967e-06 3.61139e-10  1.03516e-05 -7.17674e-06 5.34865e-10  9.92348e-06 -6.87984e-06 2.31699e-10  9.60158e-06 -6.65647e-06 1.89571e-10  9.18114e-06 -6.36386e-06 -5.67849e-10  8.72681e-06 -6.04429e-06 -2.89375e-09  8.25264e-06 -5.70613e-06 -6.13761e-09  7.67055e-06 -5.27976e-06 -1.47616e-08  6.97314e-06 -4.76419e-06 -2.06992e-08  6.42546e-06 -4.35718e-06 -1.2818e-08  6.04243e-06 -4.09186e-06 2.92724e-09  5.47025e-06 -3.72529e-06 1.6319e-08  4.98768e-06 -3.43685e-06 2.35436e-08  4.48873e-06 -3.13301e-06 2.21862e-08  3.58006e-06 -2.48384e-06 -2.46111e-08  2.40277e-06 -1.61108e-06 -4.25484e-08  1.81258e-06 -1.31861e-06 7.33939e-08  3.28502e-06 -2.61412e-06 5.32086e-09  2.50196e-06 -1.94836e-06 -1.19427e-08  0.00116764 -0.000643472 -9.33272e-06  0.000548517 -0.000299094 -3.11396e-05  0.000712309 -0.000395343 2.71721e-06  0.000568423 -0.000323913 1.15835e-05  0.000344205 -0.000198673 8.79178e-06  0.000175832 -9.99064e-05 3.9963e-06  0.000115911 -6.5708e-05 1.71808e-06  0.000120946 -6.88755e-05 9.2653e-07  0.000123169 -7.02792e-05 6.19208e-07  0.000113784 -6.50161e-05 3.12637e-07  8.42456e-05 -4.81735e-05 2.72845e-07  5.45821e-05 -3.11603e-05 2.935e-07  4.23086e-05 -2.42092e-05 2.01448e-07  3.97451e-05 -2.27353e-05 1.8168e-07  3.8927e-05 -2.22601e-05 1.14415e-07  3.5013e-05 -2.00331e-05 1.01816e-07  3.12199e-05 -1.78635e-05 6.4044e-08  2.81962e-05 -1.61292e-05 6.01092e-08  2.75192e-05 -1.57421e-05 3.65257e-08  2.70631e-05 -1.54806e-05 3.21875e-08  2.66046e-05 -1.52124e-05 1.88333e-08  2.60173e-05 -1.48817e-05 1.67655e-08  2.57741e-05 -1.47427e-05 8.29531e-09  2.53982e-05 -1.45272e-05 8.08608e-09  2.5066e-05 -1.43361e-05 4.9893e-09  2.47105e-05 -1.4134e-05 3.42172e-09  2.44742e-05 -1.39995e-05 2.22348e-09  2.40808e-05 -1.37776e-05 2.00453e-09  2.36312e-05 -1.35164e-05 1.36078e-09  2.32553e-05 -1.33011e-05 1.42569e-09  2.25709e-05 -1.29118e-05 7.76732e-10  2.20249e-05 -1.25957e-05 1.22218e-09  2.13095e-05 -1.21921e-05 7.4876e-10  2.05385e-05 -1.17461e-05 6.79688e-10  1.99557e-05 -1.1412e-05 7.99127e-10  1.9011e-05 -1.08712e-05 6.83078e-10  1.79127e-05 -1.0232e-05 9.0875e-10  1.67826e-05 -9.56884e-06 7.4328e-10  1.5848e-05 -8.97813e-06 5.36712e-10  6.7739e-06 -4.61017e-06 7.76567e-09  6.29615e-06 -4.26154e-06 5.1831e-10  5.57728e-06 -3.78108e-06 -4.24932e-09  1.12021e-05 -6.33241e-06 1.47701e-09  9.91347e-06 -5.67559e-06 1.20668e-09  8.15947e-06 -4.71173e-06 1.56774e-09  3.22179e-06 -2.20938e-06 1.66585e-08  4.80928e-06 -2.66058e-06 1.21301e-08  3.50262e-06 -1.88944e-06 2.00159e-08  1.91235e-07 -1.06298e-07 6.73567e-09  0.000917834 -0.000414358 -1.30509e-05  0.000552459 -0.000263705 1.95141e-06  0 0 0  0.000366927 -0.0001693 3.18615e-06  0.000224744 -0.000106407 4.68382e-06  0.000140575 -6.70832e-05 3.04658e-06  6.99739e-05 -3.31004e-05 1.59614e-06  5.92143e-05 -2.76848e-05 6.86037e-07  6.40303e-05 -2.96656e-05 3.69719e-07  6.31667e-05 -2.92357e-05 2.69903e-07  5.20503e-05 -2.4049e-05 1.51573e-07  3.53494e-05 -1.63586e-05 1.16005e-07  2.41039e-05 -1.11715e-05 1.51269e-07  2.09683e-05 -9.71337e-06 1.00388e-07  2.0796e-05 -9.6309e-06 8.08485e-08  1.97292e-05 -9.12342e-06 5.66033e-08  1.73024e-05 -8.00264e-06 4.5459e-08  1.57064e-05 -7.2617e-06 2.50668e-08  2.89103e-05 -1.33701e-05 4.65065e-08  1.40947e-05 -6.51477e-06 1.22221e-08  1.38027e-05 -6.37941e-06 8.10287e-09  1.36044e-05 -6.28928e-06 5.78688e-09  1.34472e-05 -6.2153e-06 4.30904e-09  1.32708e-05 -6.13411e-06 2.87073e-09  0 0 0  1.30982e-05 -6.05464e-06 1.72487e-09  1.29128e-05 -5.96899e-06 1.58511e-09  1.27361e-05 -5.88714e-06 9.47162e-10  1.2555e-05 -5.80345e-06 9.66864e-10  1.2331e-05 -5.69997e-06 8.24841e-10  2.37061e-05 -1.09583e-05 9.06472e-10  1.13968e-05 -5.26817e-06 3.04378e-10  1.10533e-05 -5.10942e-06 4.49923e-10  1.06679e-05 -4.93117e-06 5.51715e-10  1.02114e-05 -4.71977e-06 4.50144e-10  9.58718e-06 -4.42942e-06 9.12786e-10  9.23304e-06 -4.26142e-06 2.19823e-09  8.65358e-06 -3.98275e-06 3.87481e-09  8.05874e-06 -3.69534e-06 2.61747e-09  1.50368e-05 -6.87678e-06 -5.89297e-09  1.39179e-05 -6.36045e-06 -6.81759e-10  1.24349e-05 -5.69624e-06 3.58353e-09  5.42909e-06 -2.50274e-06 -1.42191e-09  4.64305e-06 -2.14896e-06 2.21244e-09  3.90598e-06 -1.79704e-06 4.79061e-09  6.44388e-06 -2.94043e-06 -2.47375e-08  2.58065e-06 -1.2367e-06 -2.7954e-08  0 0 0  1.89764e-06 -8.17272e-07 1.25066e-08  0.0017036 -0.000486363 -8.74703e-06  0.00135931 -0.00038335 -3.32255e-05  0.000533852 -0.000147002 -3.83221e-06  0.000822613 -0.000222173 1.01821e-05  0.000462058 -0.000117248 9.4668e-06  0.000236752 -5.96502e-05 5.11789e-06  0.000135697 -3.45008e-05 2.26869e-06  0.000125457 -3.25466e-05 1.17423e-06  0.000139213 -3.65692e-05 7.42836e-07  0.000134374 -3.54935e-05 4.94003e-07  0.000106983 -2.8281e-05 3.77497e-07  7.13319e-05 -1.88415e-05 3.52779e-07  4.89016e-05 -1.2934e-05 3.17574e-07  4.35356e-05 -1.15216e-05 2.08989e-07  4.45343e-05 -1.1818e-05 2.02727e-07  4.14158e-05 -1.09996e-05 1.56759e-07  3.56181e-05 -9.45624e-06 1.01407e-07  3.20147e-05 -8.49845e-06 7.30987e-08  4.61673e-05 -1.22682e-05 6.1234e-08  3.00175e-05 -7.98006e-06 4.33876e-08  2.94221e-05 -7.82014e-06 2.724e-08  2.89752e-05 -7.7015e-06 1.84655e-08  2.86911e-05 -7.62664e-06 1.10918e-08  2.83955e-05 -7.54817e-06 5.3634e-09  2.80296e-05 -7.45074e-06 6.51513e-09  1.38634e-05 -3.68493e-06 2.65956e-09  2.74517e-05 -7.2968e-06 4.04866e-09  2.71088e-05 -7.20571e-06 3.46111e-09  3.99034e-05 -1.06065e-05 3.81302e-09  1.30089e-05 -3.45779e-06 5.84944e-10  2.54636e-05 -6.76841e-06 1.4814e-09  3.7048e-05 -9.84774e-06 1.47182e-09  2.38274e-05 -6.3337e-06 9.82202e-10  2.30362e-05 -6.12322e-06 1.24087e-09  2.20619e-05 -5.86408e-06 7.72823e-10  2.10201e-05 -5.58656e-06 5.93479e-10  2.00228e-05 -5.31883e-06 -4.63715e-10  1.88525e-05 -5.00205e-06 -1.44687e-09  1.77079e-05 -4.68997e-06 -8.62035e-10  1.65543e-05 -4.37796e-06 4.92692e-10  1.50763e-05 -3.98704e-06 2.35085e-09  1.35698e-05 -3.59301e-06 3.61135e-09  1.20478e-05 -3.19462e-06 2.87578e-09  1.02765e-05 -2.72604e-06 2.44289e-10  8.5103e-06 -2.2505e-06 -1.48425e-09  7.09547e-06 -1.88535e-06 9.91764e-09  2.91649e-06 -7.90597e-07 -7.7689e-09  5.30414e-06 -1.49792e-06 5.01153e-08  2.77353e-06 -7.11289e-07 -3.0425e-08  0.00137455 -0.000132179 -3.07252e-06  0.000643632 -6.94235e-05 -1.43062e-05  0.000554787 -5.53463e-05 -7.80692e-06  0.000390377 -3.70238e-05 9.53561e-06  0.000214725 -2.15857e-05 4.69999e-06  0.000103454 -1.0021e-05 1.82374e-06  6.14791e-05 -5.71872e-06 7.82054e-07  6.47959e-05 -5.75249e-06 3.64279e-07  7.28362e-05 -6.34356e-06 2.22187e-07  6.81545e-05 -5.94416e-06 1.84533e-07  5.25599e-05 -4.61199e-06 1.53013e-07  3.4434e-05 -3.0437e-06 1.33934e-07  2.35849e-05 -2.08548e-06 1.35702e-07  2.25899e-05 -1.98238e-06 9.58733e-08  2.28075e-05 -1.98415e-06 8.73215e-08  2.07209e-05 -1.80526e-06 6.58831e-08  1.78761e-05 -1.56165e-06 4.51864e-08  1.63011e-05 -1.42217e-06 3.40744e-08  1.57487e-05 -1.36645e-06 2.5744e-08  1.54929e-05 -1.34426e-06 2.46966e-08  1.52083e-05 -1.32156e-06 1.46665e-08  1.49384e-05 -1.29792e-06 1.0385e-08  1.47722e-05 -1.28303e-06 7.03209e-09  1.4618e-05 -1.26881e-06 5.00821e-09  1.44657e-05 -1.25607e-06 3.57016e-09  1.42875e-05 -1.24053e-06 2.46583e-09  1.41192e-05 -1.22586e-06 1.78061e-09  1.39312e-05 -1.20959e-06 1.65653e-09  1.37165e-05 -1.19079e-06 1.1961e-09  1.34253e-05 -1.1657e-06 6.81674e-10  1.30801e-05 -1.13553e-06 6.36497e-10  1.27368e-05 -1.10577e-06 4.44447e-10  1.23729e-05 -1.07409e-06 3.98076e-10  1.19567e-05 -1.03799e-06 5.21925e-10  1.15471e-05 -1.00254e-06 5.72979e-10  1.10416e-05 -9.58477e-07 3.35183e-10  1.05045e-05 -9.1172e-07 1.77882e-10  9.86939e-06 -8.55855e-07 -4.91712e-10  9.31565e-06 -8.07127e-07 -2.39133e-10  8.82801e-06 -7.64592e-07 2.13143e-11  8.04524e-06 -6.96377e-07 9.36139e-10  7.31025e-06 -6.3314e-07 4.67865e-10  6.49466e-06 -5.62637e-07 5.23323e-10  5.47567e-06 -4.73736e-07 -4.40098e-10  4.65962e-06 -4.0239e-07 -2.05767e-10  3.85582e-06 -3.35127e-07 4.91488e-09  3.05175e-06 -2.72403e-07 9.29866e-09  2.04917e-06 -1.80349e-07 -9.79228e-09  1.04061e-06 -8.70247e-08 3.6179e-10  
            </DataArray>
         </PointData> 
      </Piece>
   </UnstructuredGrid> 
</VTKFile>
