<?xml version="1.0"?>
<VTKFile type="UnstructuredGrid" version="0.1" byte_order="LittleEndian">
   <UnstructuredGrid>
      <Piece NumberOfPoints="2352" NumberOfCells="0" > 
         <Points> 
            <DataArray type="Float64" Name="Position" NumberOfComponents="3" format="ascii"> 
               0.005  0  0.001  
               0.005  0  0.002  
               0.005  0  0.003  
               0.005  0  0.004  
               0.005  0  0.005  
               0.005  0  0.006  
               0.005  0  0.007  
               0.005  0  0.008  
               0.005  0  0.009  
               0.005  0  0.01  
               0.005  0  0.011  
               0.005  0  0.012  
               0.005  0  0.013  
               0.005  0  0.014  
               0.005  0  0.015  
               0.005  0  0.016  
               0.005  0  0.017  
               0.005  0  0.018  
               0.005  0  0.019  
               0.005  0  0.02  
               0.005  0  0.021  
               0.005  0  0.022  
               0.005  0  0.023  
               0.005  0  0.024  
               0.005  0  0.025  
               0.005  0  0.026  
               0.005  0  0.027  
               0.005  0  0.028  
               0.005  0  0.029  
               0.005  0  0.03  
               0.005  0  0.031  
               0.005  0  0.032  
               0.005  0  0.033  
               0.005  0  0.034  
               0.005  0  0.035  
               0.005  0  0.036  
               0.005  0  0.037  
               0.005  0  0.038  
               0.005  0  0.039  
               0.005  0  0.04  
               0.005  0  0.041  
               0.005  0  0.042  
               0.005  0  0.043  
               0.005  0  0.044  
               0.005  0  0.045  
               0.005  0  0.046  
               0.005  0  0.047  
               0.005  0  0.048  
               0.005  0  0.049  
               0  0.005  0.001  
               0  0.005  0.002  
               0  0.005  0.003  
               0  0.005  0.004  
               0  0.005  0.005  
               0  0.005  0.006  
               0  0.005  0.007  
               0  0.005  0.008  
               0  0.005  0.009  
               0  0.005  0.01  
               0  0.005  0.011  
               0  0.005  0.012  
               0  0.005  0.013  
               0  0.005  0.014  
               0  0.005  0.015  
               0  0.005  0.016  
               0  0.005  0.017  
               0  0.005  0.018  
               0  0.005  0.019  
               0  0.005  0.02  
               0  0.005  0.021  
               0  0.005  0.022  
               0  0.005  0.023  
               0  0.005  0.024  
               0  0.005  0.025  
               0  0.005  0.026  
               0  0.005  0.027  
               0  0.005  0.028  
               0  0.005  0.029  
               0  0.005  0.03  
               0  0.005  0.031  
               0  0.005  0.032  
               0  0.005  0.033  
               0  0.005  0.034  
               0  0.005  0.035  
               0  0.005  0.036  
               0  0.005  0.037  
               0  0.005  0.038  
               0  0.005  0.039  
               0  0.005  0.04  
               0  0.005  0.041  
               0  0.005  0.042  
               0  0.005  0.043  
               0  0.005  0.044  
               0  0.005  0.045  
               0  0.005  0.046  
               0  0.005  0.047  
               0  0.005  0.048  
               0  0.005  0.049  
               -0.005  0  0.001  
               -0.005  0  0.002  
               -0.005  0  0.003  
               -0.005  0  0.004  
               -0.005  0  0.005  
               -0.005  0  0.006  
               -0.005  0  0.007  
               -0.005  0  0.008  
               -0.005  0  0.009  
               -0.005  0  0.01  
               -0.005  0  0.011  
               -0.005  0  0.012  
               -0.005  0  0.013  
               -0.005  0  0.014  
               -0.005  0  0.015  
               -0.005  0  0.016  
               -0.005  0  0.017  
               -0.005  0  0.018  
               -0.005  0  0.019  
               -0.005  0  0.02  
               -0.005  0  0.021  
               -0.005  0  0.022  
               -0.005  0  0.023  
               -0.005  0  0.024  
               -0.005  0  0.025  
               -0.005  0  0.026  
               -0.005  0  0.027  
               -0.005  0  0.028  
               -0.005  0  0.029  
               -0.005  0  0.03  
               -0.005  0  0.031  
               -0.005  0  0.032  
               -0.005  0  0.033  
               -0.005  0  0.034  
               -0.005  0  0.035  
               -0.005  0  0.036  
               -0.005  0  0.037  
               -0.005  0  0.038  
               -0.005  0  0.039  
               -0.005  0  0.04  
               -0.005  0  0.041  
               -0.005  0  0.042  
               -0.005  0  0.043  
               -0.005  0  0.044  
               -0.005  0  0.045  
               -0.005  0  0.046  
               -0.005  0  0.047  
               -0.005  0  0.048  
               -0.005  0  0.049  
               0  -0.005  0.001  
               0  -0.005  0.002  
               0  -0.005  0.003  
               0  -0.005  0.004  
               0  -0.005  0.005  
               0  -0.005  0.006  
               0  -0.005  0.007  
               0  -0.005  0.008  
               0  -0.005  0.009  
               0  -0.005  0.01  
               0  -0.005  0.011  
               0  -0.005  0.012  
               0  -0.005  0.013  
               0  -0.005  0.014  
               0  -0.005  0.015  
               0  -0.005  0.016  
               0  -0.005  0.017  
               0  -0.005  0.018  
               0  -0.005  0.019  
               0  -0.005  0.02  
               0  -0.005  0.021  
               0  -0.005  0.022  
               0  -0.005  0.023  
               0  -0.005  0.024  
               0  -0.005  0.025  
               0  -0.005  0.026  
               0  -0.005  0.027  
               0  -0.005  0.028  
               0  -0.005  0.029  
               0  -0.005  0.03  
               0  -0.005  0.031  
               0  -0.005  0.032  
               0  -0.005  0.033  
               0  -0.005  0.034  
               0  -0.005  0.035  
               0  -0.005  0.036  
               0  -0.005  0.037  
               0  -0.005  0.038  
               0  -0.005  0.039  
               0  -0.005  0.04  
               0  -0.005  0.041  
               0  -0.005  0.042  
               0  -0.005  0.043  
               0  -0.005  0.044  
               0  -0.005  0.045  
               0  -0.005  0.046  
               0  -0.005  0.047  
               0  -0.005  0.048  
               0  -0.005  0.049  
               0.00495722  0.000652631  0.001  
               0.00495722  0.000652631  0.002  
               0.00495722  0.000652631  0.003  
               0.00495722  0.000652631  0.004  
               0.00495722  0.000652631  0.005  
               0.00495722  0.000652631  0.006  
               0.00495722  0.000652631  0.007  
               0.00495722  0.000652631  0.008  
               0.00495722  0.000652631  0.009  
               0.00495722  0.000652631  0.01  
               0.00495722  0.000652631  0.011  
               0.00495722  0.000652631  0.012  
               0.00495722  0.000652631  0.013  
               0.00495722  0.000652631  0.014  
               0.00495722  0.000652631  0.015  
               0.00495722  0.000652631  0.016  
               0.00495722  0.000652631  0.017  
               0.00495722  0.000652631  0.018  
               0.00495722  0.000652631  0.019  
               0.00495722  0.000652631  0.02  
               0.00495722  0.000652631  0.021  
               0.00495722  0.000652631  0.022  
               0.00495722  0.000652631  0.023  
               0.00495722  0.000652631  0.024  
               0.00495722  0.000652631  0.025  
               0.00495722  0.000652631  0.026  
               0.00495722  0.000652631  0.027  
               0.00495722  0.000652631  0.028  
               0.00495722  0.000652631  0.029  
               0.00495722  0.000652631  0.03  
               0.00495722  0.000652631  0.031  
               0.00495722  0.000652631  0.032  
               0.00495722  0.000652631  0.033  
               0.00495722  0.000652631  0.034  
               0.00495722  0.000652631  0.035  
               0.00495722  0.000652631  0.036  
               0.00495722  0.000652631  0.037  
               0.00495722  0.000652631  0.038  
               0.00495722  0.000652631  0.039  
               0.00495722  0.000652631  0.04  
               0.00495722  0.000652631  0.041  
               0.00495722  0.000652631  0.042  
               0.00495722  0.000652631  0.043  
               0.00495722  0.000652631  0.044  
               0.00495722  0.000652631  0.045  
               0.00495722  0.000652631  0.046  
               0.00495722  0.000652631  0.047  
               0.00495722  0.000652631  0.048  
               0.00495722  0.000652631  0.049  
               0.00482963  0.0012941  0.001  
               0.00482963  0.0012941  0.002  
               0.00482963  0.0012941  0.003  
               0.00482963  0.0012941  0.004  
               0.00482963  0.0012941  0.005  
               0.00482963  0.0012941  0.006  
               0.00482963  0.0012941  0.007  
               0.00482963  0.0012941  0.008  
               0.00482963  0.0012941  0.009  
               0.00482963  0.0012941  0.01  
               0.00482963  0.0012941  0.011  
               0.00482963  0.0012941  0.012  
               0.00482963  0.0012941  0.013  
               0.00482963  0.0012941  0.014  
               0.00482963  0.0012941  0.015  
               0.00482963  0.0012941  0.016  
               0.00482963  0.0012941  0.017  
               0.00482963  0.0012941  0.018  
               0.00482963  0.0012941  0.019  
               0.00482963  0.0012941  0.02  
               0.00482963  0.0012941  0.021  
               0.00482963  0.0012941  0.022  
               0.00482963  0.0012941  0.023  
               0.00482963  0.0012941  0.024  
               0.00482963  0.0012941  0.025  
               0.00482963  0.0012941  0.026  
               0.00482963  0.0012941  0.027  
               0.00482963  0.0012941  0.028  
               0.00482963  0.0012941  0.029  
               0.00482963  0.0012941  0.03  
               0.00482963  0.0012941  0.031  
               0.00482963  0.0012941  0.032  
               0.00482963  0.0012941  0.033  
               0.00482963  0.0012941  0.034  
               0.00482963  0.0012941  0.035  
               0.00482963  0.0012941  0.036  
               0.00482963  0.0012941  0.037  
               0.00482963  0.0012941  0.038  
               0.00482963  0.0012941  0.039  
               0.00482963  0.0012941  0.04  
               0.00482963  0.0012941  0.041  
               0.00482963  0.0012941  0.042  
               0.00482963  0.0012941  0.043  
               0.00482963  0.0012941  0.044  
               0.00482963  0.0012941  0.045  
               0.00482963  0.0012941  0.046  
               0.00482963  0.0012941  0.047  
               0.00482963  0.0012941  0.048  
               0.00482963  0.0012941  0.049  
               0.0046194  0.00191342  0.001  
               0.0046194  0.00191342  0.002  
               0.0046194  0.00191342  0.003  
               0.0046194  0.00191342  0.004  
               0.0046194  0.00191342  0.005  
               0.0046194  0.00191342  0.006  
               0.0046194  0.00191342  0.007  
               0.0046194  0.00191342  0.008  
               0.0046194  0.00191342  0.009  
               0.0046194  0.00191342  0.01  
               0.0046194  0.00191342  0.011  
               0.0046194  0.00191342  0.012  
               0.0046194  0.00191342  0.013  
               0.0046194  0.00191342  0.014  
               0.0046194  0.00191342  0.015  
               0.0046194  0.00191342  0.016  
               0.0046194  0.00191342  0.017  
               0.0046194  0.00191342  0.018  
               0.0046194  0.00191342  0.019  
               0.0046194  0.00191342  0.02  
               0.0046194  0.00191342  0.021  
               0.0046194  0.00191342  0.022  
               0.0046194  0.00191342  0.023  
               0.0046194  0.00191342  0.024  
               0.0046194  0.00191342  0.025  
               0.0046194  0.00191342  0.026  
               0.0046194  0.00191342  0.027  
               0.0046194  0.00191342  0.028  
               0.0046194  0.00191342  0.029  
               0.0046194  0.00191342  0.03  
               0.0046194  0.00191342  0.031  
               0.0046194  0.00191342  0.032  
               0.0046194  0.00191342  0.033  
               0.0046194  0.00191342  0.034  
               0.0046194  0.00191342  0.035  
               0.0046194  0.00191342  0.036  
               0.0046194  0.00191342  0.037  
               0.0046194  0.00191342  0.038  
               0.0046194  0.00191342  0.039  
               0.0046194  0.00191342  0.04  
               0.0046194  0.00191342  0.041  
               0.0046194  0.00191342  0.042  
               0.0046194  0.00191342  0.043  
               0.0046194  0.00191342  0.044  
               0.0046194  0.00191342  0.045  
               0.0046194  0.00191342  0.046  
               0.0046194  0.00191342  0.047  
               0.0046194  0.00191342  0.048  
               0.0046194  0.00191342  0.049  
               0.00433013  0.0025  0.001  
               0.00433013  0.0025  0.002  
               0.00433013  0.0025  0.003  
               0.00433013  0.0025  0.004  
               0.00433013  0.0025  0.005  
               0.00433013  0.0025  0.006  
               0.00433013  0.0025  0.007  
               0.00433013  0.0025  0.008  
               0.00433013  0.0025  0.009  
               0.00433013  0.0025  0.01  
               0.00433013  0.0025  0.011  
               0.00433013  0.0025  0.012  
               0.00433013  0.0025  0.013  
               0.00433013  0.0025  0.014  
               0.00433013  0.0025  0.015  
               0.00433013  0.0025  0.016  
               0.00433013  0.0025  0.017  
               0.00433013  0.0025  0.018  
               0.00433013  0.0025  0.019  
               0.00433013  0.0025  0.02  
               0.00433013  0.0025  0.021  
               0.00433013  0.0025  0.022  
               0.00433013  0.0025  0.023  
               0.00433013  0.0025  0.024  
               0.00433013  0.0025  0.025  
               0.00433013  0.0025  0.026  
               0.00433013  0.0025  0.027  
               0.00433013  0.0025  0.028  
               0.00433013  0.0025  0.029  
               0.00433013  0.0025  0.03  
               0.00433013  0.0025  0.031  
               0.00433013  0.0025  0.032  
               0.00433013  0.0025  0.033  
               0.00433013  0.0025  0.034  
               0.00433013  0.0025  0.035  
               0.00433013  0.0025  0.036  
               0.00433013  0.0025  0.037  
               0.00433013  0.0025  0.038  
               0.00433013  0.0025  0.039  
               0.00433013  0.0025  0.04  
               0.00433013  0.0025  0.041  
               0.00433013  0.0025  0.042  
               0.00433013  0.0025  0.043  
               0.00433013  0.0025  0.044  
               0.00433013  0.0025  0.045  
               0.00433013  0.0025  0.046  
               0.00433013  0.0025  0.047  
               0.00433013  0.0025  0.048  
               0.00433013  0.0025  0.049  
               0.00396677  0.00304381  0.001  
               0.00396677  0.00304381  0.002  
               0.00396677  0.00304381  0.003  
               0.00396677  0.00304381  0.004  
               0.00396677  0.00304381  0.005  
               0.00396677  0.00304381  0.006  
               0.00396677  0.00304381  0.007  
               0.00396677  0.00304381  0.008  
               0.00396677  0.00304381  0.009  
               0.00396677  0.00304381  0.01  
               0.00396677  0.00304381  0.011  
               0.00396677  0.00304381  0.012  
               0.00396677  0.00304381  0.013  
               0.00396677  0.00304381  0.014  
               0.00396677  0.00304381  0.015  
               0.00396677  0.00304381  0.016  
               0.00396677  0.00304381  0.017  
               0.00396677  0.00304381  0.018  
               0.00396677  0.00304381  0.019  
               0.00396677  0.00304381  0.02  
               0.00396677  0.00304381  0.021  
               0.00396677  0.00304381  0.022  
               0.00396677  0.00304381  0.023  
               0.00396677  0.00304381  0.024  
               0.00396677  0.00304381  0.025  
               0.00396677  0.00304381  0.026  
               0.00396677  0.00304381  0.027  
               0.00396677  0.00304381  0.028  
               0.00396677  0.00304381  0.029  
               0.00396677  0.00304381  0.03  
               0.00396677  0.00304381  0.031  
               0.00396677  0.00304381  0.032  
               0.00396677  0.00304381  0.033  
               0.00396677  0.00304381  0.034  
               0.00396677  0.00304381  0.035  
               0.00396677  0.00304381  0.036  
               0.00396677  0.00304381  0.037  
               0.00396677  0.00304381  0.038  
               0.00396677  0.00304381  0.039  
               0.00396677  0.00304381  0.04  
               0.00396677  0.00304381  0.041  
               0.00396677  0.00304381  0.042  
               0.00396677  0.00304381  0.043  
               0.00396677  0.00304381  0.044  
               0.00396677  0.00304381  0.045  
               0.00396677  0.00304381  0.046  
               0.00396677  0.00304381  0.047  
               0.00396677  0.00304381  0.048  
               0.00396677  0.00304381  0.049  
               0.00353553  0.00353553  0.001  
               0.00353553  0.00353553  0.002  
               0.00353553  0.00353553  0.003  
               0.00353553  0.00353553  0.004  
               0.00353553  0.00353553  0.005  
               0.00353553  0.00353553  0.006  
               0.00353553  0.00353553  0.007  
               0.00353553  0.00353553  0.008  
               0.00353553  0.00353553  0.009  
               0.00353553  0.00353553  0.01  
               0.00353553  0.00353553  0.011  
               0.00353553  0.00353553  0.012  
               0.00353553  0.00353553  0.013  
               0.00353553  0.00353553  0.014  
               0.00353553  0.00353553  0.015  
               0.00353553  0.00353553  0.016  
               0.00353553  0.00353553  0.017  
               0.00353553  0.00353553  0.018  
               0.00353553  0.00353553  0.019  
               0.00353553  0.00353553  0.02  
               0.00353553  0.00353553  0.021  
               0.00353553  0.00353553  0.022  
               0.00353553  0.00353553  0.023  
               0.00353553  0.00353553  0.024  
               0.00353553  0.00353553  0.025  
               0.00353553  0.00353553  0.026  
               0.00353553  0.00353553  0.027  
               0.00353553  0.00353553  0.028  
               0.00353553  0.00353553  0.029  
               0.00353553  0.00353553  0.03  
               0.00353553  0.00353553  0.031  
               0.00353553  0.00353553  0.032  
               0.00353553  0.00353553  0.033  
               0.00353553  0.00353553  0.034  
               0.00353553  0.00353553  0.035  
               0.00353553  0.00353553  0.036  
               0.00353553  0.00353553  0.037  
               0.00353553  0.00353553  0.038  
               0.00353553  0.00353553  0.039  
               0.00353553  0.00353553  0.04  
               0.00353553  0.00353553  0.041  
               0.00353553  0.00353553  0.042  
               0.00353553  0.00353553  0.043  
               0.00353553  0.00353553  0.044  
               0.00353553  0.00353553  0.045  
               0.00353553  0.00353553  0.046  
               0.00353553  0.00353553  0.047  
               0.00353553  0.00353553  0.048  
               0.00353553  0.00353553  0.049  
               0.00304381  0.00396677  0.001  
               0.00304381  0.00396677  0.002  
               0.00304381  0.00396677  0.003  
               0.00304381  0.00396677  0.004  
               0.00304381  0.00396677  0.005  
               0.00304381  0.00396677  0.006  
               0.00304381  0.00396677  0.007  
               0.00304381  0.00396677  0.008  
               0.00304381  0.00396677  0.009  
               0.00304381  0.00396677  0.01  
               0.00304381  0.00396677  0.011  
               0.00304381  0.00396677  0.012  
               0.00304381  0.00396677  0.013  
               0.00304381  0.00396677  0.014  
               0.00304381  0.00396677  0.015  
               0.00304381  0.00396677  0.016  
               0.00304381  0.00396677  0.017  
               0.00304381  0.00396677  0.018  
               0.00304381  0.00396677  0.019  
               0.00304381  0.00396677  0.02  
               0.00304381  0.00396677  0.021  
               0.00304381  0.00396677  0.022  
               0.00304381  0.00396677  0.023  
               0.00304381  0.00396677  0.024  
               0.00304381  0.00396677  0.025  
               0.00304381  0.00396677  0.026  
               0.00304381  0.00396677  0.027  
               0.00304381  0.00396677  0.028  
               0.00304381  0.00396677  0.029  
               0.00304381  0.00396677  0.03  
               0.00304381  0.00396677  0.031  
               0.00304381  0.00396677  0.032  
               0.00304381  0.00396677  0.033  
               0.00304381  0.00396677  0.034  
               0.00304381  0.00396677  0.035  
               0.00304381  0.00396677  0.036  
               0.00304381  0.00396677  0.037  
               0.00304381  0.00396677  0.038  
               0.00304381  0.00396677  0.039  
               0.00304381  0.00396677  0.04  
               0.00304381  0.00396677  0.041  
               0.00304381  0.00396677  0.042  
               0.00304381  0.00396677  0.043  
               0.00304381  0.00396677  0.044  
               0.00304381  0.00396677  0.045  
               0.00304381  0.00396677  0.046  
               0.00304381  0.00396677  0.047  
               0.00304381  0.00396677  0.048  
               0.00304381  0.00396677  0.049  
               0.0025  0.00433013  0.001  
               0.0025  0.00433013  0.002  
               0.0025  0.00433013  0.003  
               0.0025  0.00433013  0.004  
               0.0025  0.00433013  0.005  
               0.0025  0.00433013  0.006  
               0.0025  0.00433013  0.007  
               0.0025  0.00433013  0.008  
               0.0025  0.00433013  0.009  
               0.0025  0.00433013  0.01  
               0.0025  0.00433013  0.011  
               0.0025  0.00433013  0.012  
               0.0025  0.00433013  0.013  
               0.0025  0.00433013  0.014  
               0.0025  0.00433013  0.015  
               0.0025  0.00433013  0.016  
               0.0025  0.00433013  0.017  
               0.0025  0.00433013  0.018  
               0.0025  0.00433013  0.019  
               0.0025  0.00433013  0.02  
               0.0025  0.00433013  0.021  
               0.0025  0.00433013  0.022  
               0.0025  0.00433013  0.023  
               0.0025  0.00433013  0.024  
               0.0025  0.00433013  0.025  
               0.0025  0.00433013  0.026  
               0.0025  0.00433013  0.027  
               0.0025  0.00433013  0.028  
               0.0025  0.00433013  0.029  
               0.0025  0.00433013  0.03  
               0.0025  0.00433013  0.031  
               0.0025  0.00433013  0.032  
               0.0025  0.00433013  0.033  
               0.0025  0.00433013  0.034  
               0.0025  0.00433013  0.035  
               0.0025  0.00433013  0.036  
               0.0025  0.00433013  0.037  
               0.0025  0.00433013  0.038  
               0.0025  0.00433013  0.039  
               0.0025  0.00433013  0.04  
               0.0025  0.00433013  0.041  
               0.0025  0.00433013  0.042  
               0.0025  0.00433013  0.043  
               0.0025  0.00433013  0.044  
               0.0025  0.00433013  0.045  
               0.0025  0.00433013  0.046  
               0.0025  0.00433013  0.047  
               0.0025  0.00433013  0.048  
               0.0025  0.00433013  0.049  
               0.00191342  0.0046194  0.001  
               0.00191342  0.0046194  0.002  
               0.00191342  0.0046194  0.003  
               0.00191342  0.0046194  0.004  
               0.00191342  0.0046194  0.005  
               0.00191342  0.0046194  0.006  
               0.00191342  0.0046194  0.007  
               0.00191342  0.0046194  0.008  
               0.00191342  0.0046194  0.009  
               0.00191342  0.0046194  0.01  
               0.00191342  0.0046194  0.011  
               0.00191342  0.0046194  0.012  
               0.00191342  0.0046194  0.013  
               0.00191342  0.0046194  0.014  
               0.00191342  0.0046194  0.015  
               0.00191342  0.0046194  0.016  
               0.00191342  0.0046194  0.017  
               0.00191342  0.0046194  0.018  
               0.00191342  0.0046194  0.019  
               0.00191342  0.0046194  0.02  
               0.00191342  0.0046194  0.021  
               0.00191342  0.0046194  0.022  
               0.00191342  0.0046194  0.023  
               0.00191342  0.0046194  0.024  
               0.00191342  0.0046194  0.025  
               0.00191342  0.0046194  0.026  
               0.00191342  0.0046194  0.027  
               0.00191342  0.0046194  0.028  
               0.00191342  0.0046194  0.029  
               0.00191342  0.0046194  0.03  
               0.00191342  0.0046194  0.031  
               0.00191342  0.0046194  0.032  
               0.00191342  0.0046194  0.033  
               0.00191342  0.0046194  0.034  
               0.00191342  0.0046194  0.035  
               0.00191342  0.0046194  0.036  
               0.00191342  0.0046194  0.037  
               0.00191342  0.0046194  0.038  
               0.00191342  0.0046194  0.039  
               0.00191342  0.0046194  0.04  
               0.00191342  0.0046194  0.041  
               0.00191342  0.0046194  0.042  
               0.00191342  0.0046194  0.043  
               0.00191342  0.0046194  0.044  
               0.00191342  0.0046194  0.045  
               0.00191342  0.0046194  0.046  
               0.00191342  0.0046194  0.047  
               0.00191342  0.0046194  0.048  
               0.00191342  0.0046194  0.049  
               0.0012941  0.00482963  0.001  
               0.0012941  0.00482963  0.002  
               0.0012941  0.00482963  0.003  
               0.0012941  0.00482963  0.004  
               0.0012941  0.00482963  0.005  
               0.0012941  0.00482963  0.006  
               0.0012941  0.00482963  0.007  
               0.0012941  0.00482963  0.008  
               0.0012941  0.00482963  0.009  
               0.0012941  0.00482963  0.01  
               0.0012941  0.00482963  0.011  
               0.0012941  0.00482963  0.012  
               0.0012941  0.00482963  0.013  
               0.0012941  0.00482963  0.014  
               0.0012941  0.00482963  0.015  
               0.0012941  0.00482963  0.016  
               0.0012941  0.00482963  0.017  
               0.0012941  0.00482963  0.018  
               0.0012941  0.00482963  0.019  
               0.0012941  0.00482963  0.02  
               0.0012941  0.00482963  0.021  
               0.0012941  0.00482963  0.022  
               0.0012941  0.00482963  0.023  
               0.0012941  0.00482963  0.024  
               0.0012941  0.00482963  0.025  
               0.0012941  0.00482963  0.026  
               0.0012941  0.00482963  0.027  
               0.0012941  0.00482963  0.028  
               0.0012941  0.00482963  0.029  
               0.0012941  0.00482963  0.03  
               0.0012941  0.00482963  0.031  
               0.0012941  0.00482963  0.032  
               0.0012941  0.00482963  0.033  
               0.0012941  0.00482963  0.034  
               0.0012941  0.00482963  0.035  
               0.0012941  0.00482963  0.036  
               0.0012941  0.00482963  0.037  
               0.0012941  0.00482963  0.038  
               0.0012941  0.00482963  0.039  
               0.0012941  0.00482963  0.04  
               0.0012941  0.00482963  0.041  
               0.0012941  0.00482963  0.042  
               0.0012941  0.00482963  0.043  
               0.0012941  0.00482963  0.044  
               0.0012941  0.00482963  0.045  
               0.0012941  0.00482963  0.046  
               0.0012941  0.00482963  0.047  
               0.0012941  0.00482963  0.048  
               0.0012941  0.00482963  0.049  
               0.000652631  0.00495722  0.001  
               0.000652631  0.00495722  0.002  
               0.000652631  0.00495722  0.003  
               0.000652631  0.00495722  0.004  
               0.000652631  0.00495722  0.005  
               0.000652631  0.00495722  0.006  
               0.000652631  0.00495722  0.007  
               0.000652631  0.00495722  0.008  
               0.000652631  0.00495722  0.009  
               0.000652631  0.00495722  0.01  
               0.000652631  0.00495722  0.011  
               0.000652631  0.00495722  0.012  
               0.000652631  0.00495722  0.013  
               0.000652631  0.00495722  0.014  
               0.000652631  0.00495722  0.015  
               0.000652631  0.00495722  0.016  
               0.000652631  0.00495722  0.017  
               0.000652631  0.00495722  0.018  
               0.000652631  0.00495722  0.019  
               0.000652631  0.00495722  0.02  
               0.000652631  0.00495722  0.021  
               0.000652631  0.00495722  0.022  
               0.000652631  0.00495722  0.023  
               0.000652631  0.00495722  0.024  
               0.000652631  0.00495722  0.025  
               0.000652631  0.00495722  0.026  
               0.000652631  0.00495722  0.027  
               0.000652631  0.00495722  0.028  
               0.000652631  0.00495722  0.029  
               0.000652631  0.00495722  0.03  
               0.000652631  0.00495722  0.031  
               0.000652631  0.00495722  0.032  
               0.000652631  0.00495722  0.033  
               0.000652631  0.00495722  0.034  
               0.000652631  0.00495722  0.035  
               0.000652631  0.00495722  0.036  
               0.000652631  0.00495722  0.037  
               0.000652631  0.00495722  0.038  
               0.000652631  0.00495722  0.039  
               0.000652631  0.00495722  0.04  
               0.000652631  0.00495722  0.041  
               0.000652631  0.00495722  0.042  
               0.000652631  0.00495722  0.043  
               0.000652631  0.00495722  0.044  
               0.000652631  0.00495722  0.045  
               0.000652631  0.00495722  0.046  
               0.000652631  0.00495722  0.047  
               0.000652631  0.00495722  0.048  
               0.000652631  0.00495722  0.049  
               -0.000652631  0.00495722  0.001  
               -0.000652631  0.00495722  0.002  
               -0.000652631  0.00495722  0.003  
               -0.000652631  0.00495722  0.004  
               -0.000652631  0.00495722  0.005  
               -0.000652631  0.00495722  0.006  
               -0.000652631  0.00495722  0.007  
               -0.000652631  0.00495722  0.008  
               -0.000652631  0.00495722  0.009  
               -0.000652631  0.00495722  0.01  
               -0.000652631  0.00495722  0.011  
               -0.000652631  0.00495722  0.012  
               -0.000652631  0.00495722  0.013  
               -0.000652631  0.00495722  0.014  
               -0.000652631  0.00495722  0.015  
               -0.000652631  0.00495722  0.016  
               -0.000652631  0.00495722  0.017  
               -0.000652631  0.00495722  0.018  
               -0.000652631  0.00495722  0.019  
               -0.000652631  0.00495722  0.02  
               -0.000652631  0.00495722  0.021  
               -0.000652631  0.00495722  0.022  
               -0.000652631  0.00495722  0.023  
               -0.000652631  0.00495722  0.024  
               -0.000652631  0.00495722  0.025  
               -0.000652631  0.00495722  0.026  
               -0.000652631  0.00495722  0.027  
               -0.000652631  0.00495722  0.028  
               -0.000652631  0.00495722  0.029  
               -0.000652631  0.00495722  0.03  
               -0.000652631  0.00495722  0.031  
               -0.000652631  0.00495722  0.032  
               -0.000652631  0.00495722  0.033  
               -0.000652631  0.00495722  0.034  
               -0.000652631  0.00495722  0.035  
               -0.000652631  0.00495722  0.036  
               -0.000652631  0.00495722  0.037  
               -0.000652631  0.00495722  0.038  
               -0.000652631  0.00495722  0.039  
               -0.000652631  0.00495722  0.04  
               -0.000652631  0.00495722  0.041  
               -0.000652631  0.00495722  0.042  
               -0.000652631  0.00495722  0.043  
               -0.000652631  0.00495722  0.044  
               -0.000652631  0.00495722  0.045  
               -0.000652631  0.00495722  0.046  
               -0.000652631  0.00495722  0.047  
               -0.000652631  0.00495722  0.048  
               -0.000652631  0.00495722  0.049  
               -0.0012941  0.00482963  0.001  
               -0.0012941  0.00482963  0.002  
               -0.0012941  0.00482963  0.003  
               -0.0012941  0.00482963  0.004  
               -0.0012941  0.00482963  0.005  
               -0.0012941  0.00482963  0.006  
               -0.0012941  0.00482963  0.007  
               -0.0012941  0.00482963  0.008  
               -0.0012941  0.00482963  0.009  
               -0.0012941  0.00482963  0.01  
               -0.0012941  0.00482963  0.011  
               -0.0012941  0.00482963  0.012  
               -0.0012941  0.00482963  0.013  
               -0.0012941  0.00482963  0.014  
               -0.0012941  0.00482963  0.015  
               -0.0012941  0.00482963  0.016  
               -0.0012941  0.00482963  0.017  
               -0.0012941  0.00482963  0.018  
               -0.0012941  0.00482963  0.019  
               -0.0012941  0.00482963  0.02  
               -0.0012941  0.00482963  0.021  
               -0.0012941  0.00482963  0.022  
               -0.0012941  0.00482963  0.023  
               -0.0012941  0.00482963  0.024  
               -0.0012941  0.00482963  0.025  
               -0.0012941  0.00482963  0.026  
               -0.0012941  0.00482963  0.027  
               -0.0012941  0.00482963  0.028  
               -0.0012941  0.00482963  0.029  
               -0.0012941  0.00482963  0.03  
               -0.0012941  0.00482963  0.031  
               -0.0012941  0.00482963  0.032  
               -0.0012941  0.00482963  0.033  
               -0.0012941  0.00482963  0.034  
               -0.0012941  0.00482963  0.035  
               -0.0012941  0.00482963  0.036  
               -0.0012941  0.00482963  0.037  
               -0.0012941  0.00482963  0.038  
               -0.0012941  0.00482963  0.039  
               -0.0012941  0.00482963  0.04  
               -0.0012941  0.00482963  0.041  
               -0.0012941  0.00482963  0.042  
               -0.0012941  0.00482963  0.043  
               -0.0012941  0.00482963  0.044  
               -0.0012941  0.00482963  0.045  
               -0.0012941  0.00482963  0.046  
               -0.0012941  0.00482963  0.047  
               -0.0012941  0.00482963  0.048  
               -0.0012941  0.00482963  0.049  
               -0.00191342  0.0046194  0.001  
               -0.00191342  0.0046194  0.002  
               -0.00191342  0.0046194  0.003  
               -0.00191342  0.0046194  0.004  
               -0.00191342  0.0046194  0.005  
               -0.00191342  0.0046194  0.006  
               -0.00191342  0.0046194  0.007  
               -0.00191342  0.0046194  0.008  
               -0.00191342  0.0046194  0.009  
               -0.00191342  0.0046194  0.01  
               -0.00191342  0.0046194  0.011  
               -0.00191342  0.0046194  0.012  
               -0.00191342  0.0046194  0.013  
               -0.00191342  0.0046194  0.014  
               -0.00191342  0.0046194  0.015  
               -0.00191342  0.0046194  0.016  
               -0.00191342  0.0046194  0.017  
               -0.00191342  0.0046194  0.018  
               -0.00191342  0.0046194  0.019  
               -0.00191342  0.0046194  0.02  
               -0.00191342  0.0046194  0.021  
               -0.00191342  0.0046194  0.022  
               -0.00191342  0.0046194  0.023  
               -0.00191342  0.0046194  0.024  
               -0.00191342  0.0046194  0.025  
               -0.00191342  0.0046194  0.026  
               -0.00191342  0.0046194  0.027  
               -0.00191342  0.0046194  0.028  
               -0.00191342  0.0046194  0.029  
               -0.00191342  0.0046194  0.03  
               -0.00191342  0.0046194  0.031  
               -0.00191342  0.0046194  0.032  
               -0.00191342  0.0046194  0.033  
               -0.00191342  0.0046194  0.034  
               -0.00191342  0.0046194  0.035  
               -0.00191342  0.0046194  0.036  
               -0.00191342  0.0046194  0.037  
               -0.00191342  0.0046194  0.038  
               -0.00191342  0.0046194  0.039  
               -0.00191342  0.0046194  0.04  
               -0.00191342  0.0046194  0.041  
               -0.00191342  0.0046194  0.042  
               -0.00191342  0.0046194  0.043  
               -0.00191342  0.0046194  0.044  
               -0.00191342  0.0046194  0.045  
               -0.00191342  0.0046194  0.046  
               -0.00191342  0.0046194  0.047  
               -0.00191342  0.0046194  0.048  
               -0.00191342  0.0046194  0.049  
               -0.0025  0.00433013  0.001  
               -0.0025  0.00433013  0.002  
               -0.0025  0.00433013  0.003  
               -0.0025  0.00433013  0.004  
               -0.0025  0.00433013  0.005  
               -0.0025  0.00433013  0.006  
               -0.0025  0.00433013  0.007  
               -0.0025  0.00433013  0.008  
               -0.0025  0.00433013  0.009  
               -0.0025  0.00433013  0.01  
               -0.0025  0.00433013  0.011  
               -0.0025  0.00433013  0.012  
               -0.0025  0.00433013  0.013  
               -0.0025  0.00433013  0.014  
               -0.0025  0.00433013  0.015  
               -0.0025  0.00433013  0.016  
               -0.0025  0.00433013  0.017  
               -0.0025  0.00433013  0.018  
               -0.0025  0.00433013  0.019  
               -0.0025  0.00433013  0.02  
               -0.0025  0.00433013  0.021  
               -0.0025  0.00433013  0.022  
               -0.0025  0.00433013  0.023  
               -0.0025  0.00433013  0.024  
               -0.0025  0.00433013  0.025  
               -0.0025  0.00433013  0.026  
               -0.0025  0.00433013  0.027  
               -0.0025  0.00433013  0.028  
               -0.0025  0.00433013  0.029  
               -0.0025  0.00433013  0.03  
               -0.0025  0.00433013  0.031  
               -0.0025  0.00433013  0.032  
               -0.0025  0.00433013  0.033  
               -0.0025  0.00433013  0.034  
               -0.0025  0.00433013  0.035  
               -0.0025  0.00433013  0.036  
               -0.0025  0.00433013  0.037  
               -0.0025  0.00433013  0.038  
               -0.0025  0.00433013  0.039  
               -0.0025  0.00433013  0.04  
               -0.0025  0.00433013  0.041  
               -0.0025  0.00433013  0.042  
               -0.0025  0.00433013  0.043  
               -0.0025  0.00433013  0.044  
               -0.0025  0.00433013  0.045  
               -0.0025  0.00433013  0.046  
               -0.0025  0.00433013  0.047  
               -0.0025  0.00433013  0.048  
               -0.0025  0.00433013  0.049  
               -0.00304381  0.00396677  0.001  
               -0.00304381  0.00396677  0.002  
               -0.00304381  0.00396677  0.003  
               -0.00304381  0.00396677  0.004  
               -0.00304381  0.00396677  0.005  
               -0.00304381  0.00396677  0.006  
               -0.00304381  0.00396677  0.007  
               -0.00304381  0.00396677  0.008  
               -0.00304381  0.00396677  0.009  
               -0.00304381  0.00396677  0.01  
               -0.00304381  0.00396677  0.011  
               -0.00304381  0.00396677  0.012  
               -0.00304381  0.00396677  0.013  
               -0.00304381  0.00396677  0.014  
               -0.00304381  0.00396677  0.015  
               -0.00304381  0.00396677  0.016  
               -0.00304381  0.00396677  0.017  
               -0.00304381  0.00396677  0.018  
               -0.00304381  0.00396677  0.019  
               -0.00304381  0.00396677  0.02  
               -0.00304381  0.00396677  0.021  
               -0.00304381  0.00396677  0.022  
               -0.00304381  0.00396677  0.023  
               -0.00304381  0.00396677  0.024  
               -0.00304381  0.00396677  0.025  
               -0.00304381  0.00396677  0.026  
               -0.00304381  0.00396677  0.027  
               -0.00304381  0.00396677  0.028  
               -0.00304381  0.00396677  0.029  
               -0.00304381  0.00396677  0.03  
               -0.00304381  0.00396677  0.031  
               -0.00304381  0.00396677  0.032  
               -0.00304381  0.00396677  0.033  
               -0.00304381  0.00396677  0.034  
               -0.00304381  0.00396677  0.035  
               -0.00304381  0.00396677  0.036  
               -0.00304381  0.00396677  0.037  
               -0.00304381  0.00396677  0.038  
               -0.00304381  0.00396677  0.039  
               -0.00304381  0.00396677  0.04  
               -0.00304381  0.00396677  0.041  
               -0.00304381  0.00396677  0.042  
               -0.00304381  0.00396677  0.043  
               -0.00304381  0.00396677  0.044  
               -0.00304381  0.00396677  0.045  
               -0.00304381  0.00396677  0.046  
               -0.00304381  0.00396677  0.047  
               -0.00304381  0.00396677  0.048  
               -0.00304381  0.00396677  0.049  
               -0.00353553  0.00353553  0.001  
               -0.00353553  0.00353553  0.002  
               -0.00353553  0.00353553  0.003  
               -0.00353553  0.00353553  0.004  
               -0.00353553  0.00353553  0.005  
               -0.00353553  0.00353553  0.006  
               -0.00353553  0.00353553  0.007  
               -0.00353553  0.00353553  0.008  
               -0.00353553  0.00353553  0.009  
               -0.00353553  0.00353553  0.01  
               -0.00353553  0.00353553  0.011  
               -0.00353553  0.00353553  0.012  
               -0.00353553  0.00353553  0.013  
               -0.00353553  0.00353553  0.014  
               -0.00353553  0.00353553  0.015  
               -0.00353553  0.00353553  0.016  
               -0.00353553  0.00353553  0.017  
               -0.00353553  0.00353553  0.018  
               -0.00353553  0.00353553  0.019  
               -0.00353553  0.00353553  0.02  
               -0.00353553  0.00353553  0.021  
               -0.00353553  0.00353553  0.022  
               -0.00353553  0.00353553  0.023  
               -0.00353553  0.00353553  0.024  
               -0.00353553  0.00353553  0.025  
               -0.00353553  0.00353553  0.026  
               -0.00353553  0.00353553  0.027  
               -0.00353553  0.00353553  0.028  
               -0.00353553  0.00353553  0.029  
               -0.00353553  0.00353553  0.03  
               -0.00353553  0.00353553  0.031  
               -0.00353553  0.00353553  0.032  
               -0.00353553  0.00353553  0.033  
               -0.00353553  0.00353553  0.034  
               -0.00353553  0.00353553  0.035  
               -0.00353553  0.00353553  0.036  
               -0.00353553  0.00353553  0.037  
               -0.00353553  0.00353553  0.038  
               -0.00353553  0.00353553  0.039  
               -0.00353553  0.00353553  0.04  
               -0.00353553  0.00353553  0.041  
               -0.00353553  0.00353553  0.042  
               -0.00353553  0.00353553  0.043  
               -0.00353553  0.00353553  0.044  
               -0.00353553  0.00353553  0.045  
               -0.00353553  0.00353553  0.046  
               -0.00353553  0.00353553  0.047  
               -0.00353553  0.00353553  0.048  
               -0.00353553  0.00353553  0.049  
               -0.00396677  0.00304381  0.001  
               -0.00396677  0.00304381  0.002  
               -0.00396677  0.00304381  0.003  
               -0.00396677  0.00304381  0.004  
               -0.00396677  0.00304381  0.005  
               -0.00396677  0.00304381  0.006  
               -0.00396677  0.00304381  0.007  
               -0.00396677  0.00304381  0.008  
               -0.00396677  0.00304381  0.009  
               -0.00396677  0.00304381  0.01  
               -0.00396677  0.00304381  0.011  
               -0.00396677  0.00304381  0.012  
               -0.00396677  0.00304381  0.013  
               -0.00396677  0.00304381  0.014  
               -0.00396677  0.00304381  0.015  
               -0.00396677  0.00304381  0.016  
               -0.00396677  0.00304381  0.017  
               -0.00396677  0.00304381  0.018  
               -0.00396677  0.00304381  0.019  
               -0.00396677  0.00304381  0.02  
               -0.00396677  0.00304381  0.021  
               -0.00396677  0.00304381  0.022  
               -0.00396677  0.00304381  0.023  
               -0.00396677  0.00304381  0.024  
               -0.00396677  0.00304381  0.025  
               -0.00396677  0.00304381  0.026  
               -0.00396677  0.00304381  0.027  
               -0.00396677  0.00304381  0.028  
               -0.00396677  0.00304381  0.029  
               -0.00396677  0.00304381  0.03  
               -0.00396677  0.00304381  0.031  
               -0.00396677  0.00304381  0.032  
               -0.00396677  0.00304381  0.033  
               -0.00396677  0.00304381  0.034  
               -0.00396677  0.00304381  0.035  
               -0.00396677  0.00304381  0.036  
               -0.00396677  0.00304381  0.037  
               -0.00396677  0.00304381  0.038  
               -0.00396677  0.00304381  0.039  
               -0.00396677  0.00304381  0.04  
               -0.00396677  0.00304381  0.041  
               -0.00396677  0.00304381  0.042  
               -0.00396677  0.00304381  0.043  
               -0.00396677  0.00304381  0.044  
               -0.00396677  0.00304381  0.045  
               -0.00396677  0.00304381  0.046  
               -0.00396677  0.00304381  0.047  
               -0.00396677  0.00304381  0.048  
               -0.00396677  0.00304381  0.049  
               -0.00433013  0.0025  0.001  
               -0.00433013  0.0025  0.002  
               -0.00433013  0.0025  0.003  
               -0.00433013  0.0025  0.004  
               -0.00433013  0.0025  0.005  
               -0.00433013  0.0025  0.006  
               -0.00433013  0.0025  0.007  
               -0.00433013  0.0025  0.008  
               -0.00433013  0.0025  0.009  
               -0.00433013  0.0025  0.01  
               -0.00433013  0.0025  0.011  
               -0.00433013  0.0025  0.012  
               -0.00433013  0.0025  0.013  
               -0.00433013  0.0025  0.014  
               -0.00433013  0.0025  0.015  
               -0.00433013  0.0025  0.016  
               -0.00433013  0.0025  0.017  
               -0.00433013  0.0025  0.018  
               -0.00433013  0.0025  0.019  
               -0.00433013  0.0025  0.02  
               -0.00433013  0.0025  0.021  
               -0.00433013  0.0025  0.022  
               -0.00433013  0.0025  0.023  
               -0.00433013  0.0025  0.024  
               -0.00433013  0.0025  0.025  
               -0.00433013  0.0025  0.026  
               -0.00433013  0.0025  0.027  
               -0.00433013  0.0025  0.028  
               -0.00433013  0.0025  0.029  
               -0.00433013  0.0025  0.03  
               -0.00433013  0.0025  0.031  
               -0.00433013  0.0025  0.032  
               -0.00433013  0.0025  0.033  
               -0.00433013  0.0025  0.034  
               -0.00433013  0.0025  0.035  
               -0.00433013  0.0025  0.036  
               -0.00433013  0.0025  0.037  
               -0.00433013  0.0025  0.038  
               -0.00433013  0.0025  0.039  
               -0.00433013  0.0025  0.04  
               -0.00433013  0.0025  0.041  
               -0.00433013  0.0025  0.042  
               -0.00433013  0.0025  0.043  
               -0.00433013  0.0025  0.044  
               -0.00433013  0.0025  0.045  
               -0.00433013  0.0025  0.046  
               -0.00433013  0.0025  0.047  
               -0.00433013  0.0025  0.048  
               -0.00433013  0.0025  0.049  
               -0.0046194  0.00191342  0.001  
               -0.0046194  0.00191342  0.002  
               -0.0046194  0.00191342  0.003  
               -0.0046194  0.00191342  0.004  
               -0.0046194  0.00191342  0.005  
               -0.0046194  0.00191342  0.006  
               -0.0046194  0.00191342  0.007  
               -0.0046194  0.00191342  0.008  
               -0.0046194  0.00191342  0.009  
               -0.0046194  0.00191342  0.01  
               -0.0046194  0.00191342  0.011  
               -0.0046194  0.00191342  0.012  
               -0.0046194  0.00191342  0.013  
               -0.0046194  0.00191342  0.014  
               -0.0046194  0.00191342  0.015  
               -0.0046194  0.00191342  0.016  
               -0.0046194  0.00191342  0.017  
               -0.0046194  0.00191342  0.018  
               -0.0046194  0.00191342  0.019  
               -0.0046194  0.00191342  0.02  
               -0.0046194  0.00191342  0.021  
               -0.0046194  0.00191342  0.022  
               -0.0046194  0.00191342  0.023  
               -0.0046194  0.00191342  0.024  
               -0.0046194  0.00191342  0.025  
               -0.0046194  0.00191342  0.026  
               -0.0046194  0.00191342  0.027  
               -0.0046194  0.00191342  0.028  
               -0.0046194  0.00191342  0.029  
               -0.0046194  0.00191342  0.03  
               -0.0046194  0.00191342  0.031  
               -0.0046194  0.00191342  0.032  
               -0.0046194  0.00191342  0.033  
               -0.0046194  0.00191342  0.034  
               -0.0046194  0.00191342  0.035  
               -0.0046194  0.00191342  0.036  
               -0.0046194  0.00191342  0.037  
               -0.0046194  0.00191342  0.038  
               -0.0046194  0.00191342  0.039  
               -0.0046194  0.00191342  0.04  
               -0.0046194  0.00191342  0.041  
               -0.0046194  0.00191342  0.042  
               -0.0046194  0.00191342  0.043  
               -0.0046194  0.00191342  0.044  
               -0.0046194  0.00191342  0.045  
               -0.0046194  0.00191342  0.046  
               -0.0046194  0.00191342  0.047  
               -0.0046194  0.00191342  0.048  
               -0.0046194  0.00191342  0.049  
               -0.00482963  0.0012941  0.001  
               -0.00482963  0.0012941  0.002  
               -0.00482963  0.0012941  0.003  
               -0.00482963  0.0012941  0.004  
               -0.00482963  0.0012941  0.005  
               -0.00482963  0.0012941  0.006  
               -0.00482963  0.0012941  0.007  
               -0.00482963  0.0012941  0.008  
               -0.00482963  0.0012941  0.009  
               -0.00482963  0.0012941  0.01  
               -0.00482963  0.0012941  0.011  
               -0.00482963  0.0012941  0.012  
               -0.00482963  0.0012941  0.013  
               -0.00482963  0.0012941  0.014  
               -0.00482963  0.0012941  0.015  
               -0.00482963  0.0012941  0.016  
               -0.00482963  0.0012941  0.017  
               -0.00482963  0.0012941  0.018  
               -0.00482963  0.0012941  0.019  
               -0.00482963  0.0012941  0.02  
               -0.00482963  0.0012941  0.021  
               -0.00482963  0.0012941  0.022  
               -0.00482963  0.0012941  0.023  
               -0.00482963  0.0012941  0.024  
               -0.00482963  0.0012941  0.025  
               -0.00482963  0.0012941  0.026  
               -0.00482963  0.0012941  0.027  
               -0.00482963  0.0012941  0.028  
               -0.00482963  0.0012941  0.029  
               -0.00482963  0.0012941  0.03  
               -0.00482963  0.0012941  0.031  
               -0.00482963  0.0012941  0.032  
               -0.00482963  0.0012941  0.033  
               -0.00482963  0.0012941  0.034  
               -0.00482963  0.0012941  0.035  
               -0.00482963  0.0012941  0.036  
               -0.00482963  0.0012941  0.037  
               -0.00482963  0.0012941  0.038  
               -0.00482963  0.0012941  0.039  
               -0.00482963  0.0012941  0.04  
               -0.00482963  0.0012941  0.041  
               -0.00482963  0.0012941  0.042  
               -0.00482963  0.0012941  0.043  
               -0.00482963  0.0012941  0.044  
               -0.00482963  0.0012941  0.045  
               -0.00482963  0.0012941  0.046  
               -0.00482963  0.0012941  0.047  
               -0.00482963  0.0012941  0.048  
               -0.00482963  0.0012941  0.049  
               -0.00495722  0.000652631  0.001  
               -0.00495722  0.000652631  0.002  
               -0.00495722  0.000652631  0.003  
               -0.00495722  0.000652631  0.004  
               -0.00495722  0.000652631  0.005  
               -0.00495722  0.000652631  0.006  
               -0.00495722  0.000652631  0.007  
               -0.00495722  0.000652631  0.008  
               -0.00495722  0.000652631  0.009  
               -0.00495722  0.000652631  0.01  
               -0.00495722  0.000652631  0.011  
               -0.00495722  0.000652631  0.012  
               -0.00495722  0.000652631  0.013  
               -0.00495722  0.000652631  0.014  
               -0.00495722  0.000652631  0.015  
               -0.00495722  0.000652631  0.016  
               -0.00495722  0.000652631  0.017  
               -0.00495722  0.000652631  0.018  
               -0.00495722  0.000652631  0.019  
               -0.00495722  0.000652631  0.02  
               -0.00495722  0.000652631  0.021  
               -0.00495722  0.000652631  0.022  
               -0.00495722  0.000652631  0.023  
               -0.00495722  0.000652631  0.024  
               -0.00495722  0.000652631  0.025  
               -0.00495722  0.000652631  0.026  
               -0.00495722  0.000652631  0.027  
               -0.00495722  0.000652631  0.028  
               -0.00495722  0.000652631  0.029  
               -0.00495722  0.000652631  0.03  
               -0.00495722  0.000652631  0.031  
               -0.00495722  0.000652631  0.032  
               -0.00495722  0.000652631  0.033  
               -0.00495722  0.000652631  0.034  
               -0.00495722  0.000652631  0.035  
               -0.00495722  0.000652631  0.036  
               -0.00495722  0.000652631  0.037  
               -0.00495722  0.000652631  0.038  
               -0.00495722  0.000652631  0.039  
               -0.00495722  0.000652631  0.04  
               -0.00495722  0.000652631  0.041  
               -0.00495722  0.000652631  0.042  
               -0.00495722  0.000652631  0.043  
               -0.00495722  0.000652631  0.044  
               -0.00495722  0.000652631  0.045  
               -0.00495722  0.000652631  0.046  
               -0.00495722  0.000652631  0.047  
               -0.00495722  0.000652631  0.048  
               -0.00495722  0.000652631  0.049  
               -0.00495722  -0.000652631  0.001  
               -0.00495722  -0.000652631  0.002  
               -0.00495722  -0.000652631  0.003  
               -0.00495722  -0.000652631  0.004  
               -0.00495722  -0.000652631  0.005  
               -0.00495722  -0.000652631  0.006  
               -0.00495722  -0.000652631  0.007  
               -0.00495722  -0.000652631  0.008  
               -0.00495722  -0.000652631  0.009  
               -0.00495722  -0.000652631  0.01  
               -0.00495722  -0.000652631  0.011  
               -0.00495722  -0.000652631  0.012  
               -0.00495722  -0.000652631  0.013  
               -0.00495722  -0.000652631  0.014  
               -0.00495722  -0.000652631  0.015  
               -0.00495722  -0.000652631  0.016  
               -0.00495722  -0.000652631  0.017  
               -0.00495722  -0.000652631  0.018  
               -0.00495722  -0.000652631  0.019  
               -0.00495722  -0.000652631  0.02  
               -0.00495722  -0.000652631  0.021  
               -0.00495722  -0.000652631  0.022  
               -0.00495722  -0.000652631  0.023  
               -0.00495722  -0.000652631  0.024  
               -0.00495722  -0.000652631  0.025  
               -0.00495722  -0.000652631  0.026  
               -0.00495722  -0.000652631  0.027  
               -0.00495722  -0.000652631  0.028  
               -0.00495722  -0.000652631  0.029  
               -0.00495722  -0.000652631  0.03  
               -0.00495722  -0.000652631  0.031  
               -0.00495722  -0.000652631  0.032  
               -0.00495722  -0.000652631  0.033  
               -0.00495722  -0.000652631  0.034  
               -0.00495722  -0.000652631  0.035  
               -0.00495722  -0.000652631  0.036  
               -0.00495722  -0.000652631  0.037  
               -0.00495722  -0.000652631  0.038  
               -0.00495722  -0.000652631  0.039  
               -0.00495722  -0.000652631  0.04  
               -0.00495722  -0.000652631  0.041  
               -0.00495722  -0.000652631  0.042  
               -0.00495722  -0.000652631  0.043  
               -0.00495722  -0.000652631  0.044  
               -0.00495722  -0.000652631  0.045  
               -0.00495722  -0.000652631  0.046  
               -0.00495722  -0.000652631  0.047  
               -0.00495722  -0.000652631  0.048  
               -0.00495722  -0.000652631  0.049  
               -0.00482963  -0.0012941  0.001  
               -0.00482963  -0.0012941  0.002  
               -0.00482963  -0.0012941  0.003  
               -0.00482963  -0.0012941  0.004  
               -0.00482963  -0.0012941  0.005  
               -0.00482963  -0.0012941  0.006  
               -0.00482963  -0.0012941  0.007  
               -0.00482963  -0.0012941  0.008  
               -0.00482963  -0.0012941  0.009  
               -0.00482963  -0.0012941  0.01  
               -0.00482963  -0.0012941  0.011  
               -0.00482963  -0.0012941  0.012  
               -0.00482963  -0.0012941  0.013  
               -0.00482963  -0.0012941  0.014  
               -0.00482963  -0.0012941  0.015  
               -0.00482963  -0.0012941  0.016  
               -0.00482963  -0.0012941  0.017  
               -0.00482963  -0.0012941  0.018  
               -0.00482963  -0.0012941  0.019  
               -0.00482963  -0.0012941  0.02  
               -0.00482963  -0.0012941  0.021  
               -0.00482963  -0.0012941  0.022  
               -0.00482963  -0.0012941  0.023  
               -0.00482963  -0.0012941  0.024  
               -0.00482963  -0.0012941  0.025  
               -0.00482963  -0.0012941  0.026  
               -0.00482963  -0.0012941  0.027  
               -0.00482963  -0.0012941  0.028  
               -0.00482963  -0.0012941  0.029  
               -0.00482963  -0.0012941  0.03  
               -0.00482963  -0.0012941  0.031  
               -0.00482963  -0.0012941  0.032  
               -0.00482963  -0.0012941  0.033  
               -0.00482963  -0.0012941  0.034  
               -0.00482963  -0.0012941  0.035  
               -0.00482963  -0.0012941  0.036  
               -0.00482963  -0.0012941  0.037  
               -0.00482963  -0.0012941  0.038  
               -0.00482963  -0.0012941  0.039  
               -0.00482963  -0.0012941  0.04  
               -0.00482963  -0.0012941  0.041  
               -0.00482963  -0.0012941  0.042  
               -0.00482963  -0.0012941  0.043  
               -0.00482963  -0.0012941  0.044  
               -0.00482963  -0.0012941  0.045  
               -0.00482963  -0.0012941  0.046  
               -0.00482963  -0.0012941  0.047  
               -0.00482963  -0.0012941  0.048  
               -0.00482963  -0.0012941  0.049  
               -0.0046194  -0.00191342  0.001  
               -0.0046194  -0.00191342  0.002  
               -0.0046194  -0.00191342  0.003  
               -0.0046194  -0.00191342  0.004  
               -0.0046194  -0.00191342  0.005  
               -0.0046194  -0.00191342  0.006  
               -0.0046194  -0.00191342  0.007  
               -0.0046194  -0.00191342  0.008  
               -0.0046194  -0.00191342  0.009  
               -0.0046194  -0.00191342  0.01  
               -0.0046194  -0.00191342  0.011  
               -0.0046194  -0.00191342  0.012  
               -0.0046194  -0.00191342  0.013  
               -0.0046194  -0.00191342  0.014  
               -0.0046194  -0.00191342  0.015  
               -0.0046194  -0.00191342  0.016  
               -0.0046194  -0.00191342  0.017  
               -0.0046194  -0.00191342  0.018  
               -0.0046194  -0.00191342  0.019  
               -0.0046194  -0.00191342  0.02  
               -0.0046194  -0.00191342  0.021  
               -0.0046194  -0.00191342  0.022  
               -0.0046194  -0.00191342  0.023  
               -0.0046194  -0.00191342  0.024  
               -0.0046194  -0.00191342  0.025  
               -0.0046194  -0.00191342  0.026  
               -0.0046194  -0.00191342  0.027  
               -0.0046194  -0.00191342  0.028  
               -0.0046194  -0.00191342  0.029  
               -0.0046194  -0.00191342  0.03  
               -0.0046194  -0.00191342  0.031  
               -0.0046194  -0.00191342  0.032  
               -0.0046194  -0.00191342  0.033  
               -0.0046194  -0.00191342  0.034  
               -0.0046194  -0.00191342  0.035  
               -0.0046194  -0.00191342  0.036  
               -0.0046194  -0.00191342  0.037  
               -0.0046194  -0.00191342  0.038  
               -0.0046194  -0.00191342  0.039  
               -0.0046194  -0.00191342  0.04  
               -0.0046194  -0.00191342  0.041  
               -0.0046194  -0.00191342  0.042  
               -0.0046194  -0.00191342  0.043  
               -0.0046194  -0.00191342  0.044  
               -0.0046194  -0.00191342  0.045  
               -0.0046194  -0.00191342  0.046  
               -0.0046194  -0.00191342  0.047  
               -0.0046194  -0.00191342  0.048  
               -0.0046194  -0.00191342  0.049  
               -0.00433013  -0.0025  0.001  
               -0.00433013  -0.0025  0.002  
               -0.00433013  -0.0025  0.003  
               -0.00433013  -0.0025  0.004  
               -0.00433013  -0.0025  0.005  
               -0.00433013  -0.0025  0.006  
               -0.00433013  -0.0025  0.007  
               -0.00433013  -0.0025  0.008  
               -0.00433013  -0.0025  0.009  
               -0.00433013  -0.0025  0.01  
               -0.00433013  -0.0025  0.011  
               -0.00433013  -0.0025  0.012  
               -0.00433013  -0.0025  0.013  
               -0.00433013  -0.0025  0.014  
               -0.00433013  -0.0025  0.015  
               -0.00433013  -0.0025  0.016  
               -0.00433013  -0.0025  0.017  
               -0.00433013  -0.0025  0.018  
               -0.00433013  -0.0025  0.019  
               -0.00433013  -0.0025  0.02  
               -0.00433013  -0.0025  0.021  
               -0.00433013  -0.0025  0.022  
               -0.00433013  -0.0025  0.023  
               -0.00433013  -0.0025  0.024  
               -0.00433013  -0.0025  0.025  
               -0.00433013  -0.0025  0.026  
               -0.00433013  -0.0025  0.027  
               -0.00433013  -0.0025  0.028  
               -0.00433013  -0.0025  0.029  
               -0.00433013  -0.0025  0.03  
               -0.00433013  -0.0025  0.031  
               -0.00433013  -0.0025  0.032  
               -0.00433013  -0.0025  0.033  
               -0.00433013  -0.0025  0.034  
               -0.00433013  -0.0025  0.035  
               -0.00433013  -0.0025  0.036  
               -0.00433013  -0.0025  0.037  
               -0.00433013  -0.0025  0.038  
               -0.00433013  -0.0025  0.039  
               -0.00433013  -0.0025  0.04  
               -0.00433013  -0.0025  0.041  
               -0.00433013  -0.0025  0.042  
               -0.00433013  -0.0025  0.043  
               -0.00433013  -0.0025  0.044  
               -0.00433013  -0.0025  0.045  
               -0.00433013  -0.0025  0.046  
               -0.00433013  -0.0025  0.047  
               -0.00433013  -0.0025  0.048  
               -0.00433013  -0.0025  0.049  
               -0.00396677  -0.00304381  0.001  
               -0.00396677  -0.00304381  0.002  
               -0.00396677  -0.00304381  0.003  
               -0.00396677  -0.00304381  0.004  
               -0.00396677  -0.00304381  0.005  
               -0.00396677  -0.00304381  0.006  
               -0.00396677  -0.00304381  0.007  
               -0.00396677  -0.00304381  0.008  
               -0.00396677  -0.00304381  0.009  
               -0.00396677  -0.00304381  0.01  
               -0.00396677  -0.00304381  0.011  
               -0.00396677  -0.00304381  0.012  
               -0.00396677  -0.00304381  0.013  
               -0.00396677  -0.00304381  0.014  
               -0.00396677  -0.00304381  0.015  
               -0.00396677  -0.00304381  0.016  
               -0.00396677  -0.00304381  0.017  
               -0.00396677  -0.00304381  0.018  
               -0.00396677  -0.00304381  0.019  
               -0.00396677  -0.00304381  0.02  
               -0.00396677  -0.00304381  0.021  
               -0.00396677  -0.00304381  0.022  
               -0.00396677  -0.00304381  0.023  
               -0.00396677  -0.00304381  0.024  
               -0.00396677  -0.00304381  0.025  
               -0.00396677  -0.00304381  0.026  
               -0.00396677  -0.00304381  0.027  
               -0.00396677  -0.00304381  0.028  
               -0.00396677  -0.00304381  0.029  
               -0.00396677  -0.00304381  0.03  
               -0.00396677  -0.00304381  0.031  
               -0.00396677  -0.00304381  0.032  
               -0.00396677  -0.00304381  0.033  
               -0.00396677  -0.00304381  0.034  
               -0.00396677  -0.00304381  0.035  
               -0.00396677  -0.00304381  0.036  
               -0.00396677  -0.00304381  0.037  
               -0.00396677  -0.00304381  0.038  
               -0.00396677  -0.00304381  0.039  
               -0.00396677  -0.00304381  0.04  
               -0.00396677  -0.00304381  0.041  
               -0.00396677  -0.00304381  0.042  
               -0.00396677  -0.00304381  0.043  
               -0.00396677  -0.00304381  0.044  
               -0.00396677  -0.00304381  0.045  
               -0.00396677  -0.00304381  0.046  
               -0.00396677  -0.00304381  0.047  
               -0.00396677  -0.00304381  0.048  
               -0.00396677  -0.00304381  0.049  
               -0.00353553  -0.00353553  0.001  
               -0.00353553  -0.00353553  0.002  
               -0.00353553  -0.00353553  0.003  
               -0.00353553  -0.00353553  0.004  
               -0.00353553  -0.00353553  0.005  
               -0.00353553  -0.00353553  0.006  
               -0.00353553  -0.00353553  0.007  
               -0.00353553  -0.00353553  0.008  
               -0.00353553  -0.00353553  0.009  
               -0.00353553  -0.00353553  0.01  
               -0.00353553  -0.00353553  0.011  
               -0.00353553  -0.00353553  0.012  
               -0.00353553  -0.00353553  0.013  
               -0.00353553  -0.00353553  0.014  
               -0.00353553  -0.00353553  0.015  
               -0.00353553  -0.00353553  0.016  
               -0.00353553  -0.00353553  0.017  
               -0.00353553  -0.00353553  0.018  
               -0.00353553  -0.00353553  0.019  
               -0.00353553  -0.00353553  0.02  
               -0.00353553  -0.00353553  0.021  
               -0.00353553  -0.00353553  0.022  
               -0.00353553  -0.00353553  0.023  
               -0.00353553  -0.00353553  0.024  
               -0.00353553  -0.00353553  0.025  
               -0.00353553  -0.00353553  0.026  
               -0.00353553  -0.00353553  0.027  
               -0.00353553  -0.00353553  0.028  
               -0.00353553  -0.00353553  0.029  
               -0.00353553  -0.00353553  0.03  
               -0.00353553  -0.00353553  0.031  
               -0.00353553  -0.00353553  0.032  
               -0.00353553  -0.00353553  0.033  
               -0.00353553  -0.00353553  0.034  
               -0.00353553  -0.00353553  0.035  
               -0.00353553  -0.00353553  0.036  
               -0.00353553  -0.00353553  0.037  
               -0.00353553  -0.00353553  0.038  
               -0.00353553  -0.00353553  0.039  
               -0.00353553  -0.00353553  0.04  
               -0.00353553  -0.00353553  0.041  
               -0.00353553  -0.00353553  0.042  
               -0.00353553  -0.00353553  0.043  
               -0.00353553  -0.00353553  0.044  
               -0.00353553  -0.00353553  0.045  
               -0.00353553  -0.00353553  0.046  
               -0.00353553  -0.00353553  0.047  
               -0.00353553  -0.00353553  0.048  
               -0.00353553  -0.00353553  0.049  
               -0.00304381  -0.00396677  0.001  
               -0.00304381  -0.00396677  0.002  
               -0.00304381  -0.00396677  0.003  
               -0.00304381  -0.00396677  0.004  
               -0.00304381  -0.00396677  0.005  
               -0.00304381  -0.00396677  0.006  
               -0.00304381  -0.00396677  0.007  
               -0.00304381  -0.00396677  0.008  
               -0.00304381  -0.00396677  0.009  
               -0.00304381  -0.00396677  0.01  
               -0.00304381  -0.00396677  0.011  
               -0.00304381  -0.00396677  0.012  
               -0.00304381  -0.00396677  0.013  
               -0.00304381  -0.00396677  0.014  
               -0.00304381  -0.00396677  0.015  
               -0.00304381  -0.00396677  0.016  
               -0.00304381  -0.00396677  0.017  
               -0.00304381  -0.00396677  0.018  
               -0.00304381  -0.00396677  0.019  
               -0.00304381  -0.00396677  0.02  
               -0.00304381  -0.00396677  0.021  
               -0.00304381  -0.00396677  0.022  
               -0.00304381  -0.00396677  0.023  
               -0.00304381  -0.00396677  0.024  
               -0.00304381  -0.00396677  0.025  
               -0.00304381  -0.00396677  0.026  
               -0.00304381  -0.00396677  0.027  
               -0.00304381  -0.00396677  0.028  
               -0.00304381  -0.00396677  0.029  
               -0.00304381  -0.00396677  0.03  
               -0.00304381  -0.00396677  0.031  
               -0.00304381  -0.00396677  0.032  
               -0.00304381  -0.00396677  0.033  
               -0.00304381  -0.00396677  0.034  
               -0.00304381  -0.00396677  0.035  
               -0.00304381  -0.00396677  0.036  
               -0.00304381  -0.00396677  0.037  
               -0.00304381  -0.00396677  0.038  
               -0.00304381  -0.00396677  0.039  
               -0.00304381  -0.00396677  0.04  
               -0.00304381  -0.00396677  0.041  
               -0.00304381  -0.00396677  0.042  
               -0.00304381  -0.00396677  0.043  
               -0.00304381  -0.00396677  0.044  
               -0.00304381  -0.00396677  0.045  
               -0.00304381  -0.00396677  0.046  
               -0.00304381  -0.00396677  0.047  
               -0.00304381  -0.00396677  0.048  
               -0.00304381  -0.00396677  0.049  
               -0.0025  -0.00433013  0.001  
               -0.0025  -0.00433013  0.002  
               -0.0025  -0.00433013  0.003  
               -0.0025  -0.00433013  0.004  
               -0.0025  -0.00433013  0.005  
               -0.0025  -0.00433013  0.006  
               -0.0025  -0.00433013  0.007  
               -0.0025  -0.00433013  0.008  
               -0.0025  -0.00433013  0.009  
               -0.0025  -0.00433013  0.01  
               -0.0025  -0.00433013  0.011  
               -0.0025  -0.00433013  0.012  
               -0.0025  -0.00433013  0.013  
               -0.0025  -0.00433013  0.014  
               -0.0025  -0.00433013  0.015  
               -0.0025  -0.00433013  0.016  
               -0.0025  -0.00433013  0.017  
               -0.0025  -0.00433013  0.018  
               -0.0025  -0.00433013  0.019  
               -0.0025  -0.00433013  0.02  
               -0.0025  -0.00433013  0.021  
               -0.0025  -0.00433013  0.022  
               -0.0025  -0.00433013  0.023  
               -0.0025  -0.00433013  0.024  
               -0.0025  -0.00433013  0.025  
               -0.0025  -0.00433013  0.026  
               -0.0025  -0.00433013  0.027  
               -0.0025  -0.00433013  0.028  
               -0.0025  -0.00433013  0.029  
               -0.0025  -0.00433013  0.03  
               -0.0025  -0.00433013  0.031  
               -0.0025  -0.00433013  0.032  
               -0.0025  -0.00433013  0.033  
               -0.0025  -0.00433013  0.034  
               -0.0025  -0.00433013  0.035  
               -0.0025  -0.00433013  0.036  
               -0.0025  -0.00433013  0.037  
               -0.0025  -0.00433013  0.038  
               -0.0025  -0.00433013  0.039  
               -0.0025  -0.00433013  0.04  
               -0.0025  -0.00433013  0.041  
               -0.0025  -0.00433013  0.042  
               -0.0025  -0.00433013  0.043  
               -0.0025  -0.00433013  0.044  
               -0.0025  -0.00433013  0.045  
               -0.0025  -0.00433013  0.046  
               -0.0025  -0.00433013  0.047  
               -0.0025  -0.00433013  0.048  
               -0.0025  -0.00433013  0.049  
               -0.00191342  -0.0046194  0.001  
               -0.00191342  -0.0046194  0.002  
               -0.00191342  -0.0046194  0.003  
               -0.00191342  -0.0046194  0.004  
               -0.00191342  -0.0046194  0.005  
               -0.00191342  -0.0046194  0.006  
               -0.00191342  -0.0046194  0.007  
               -0.00191342  -0.0046194  0.008  
               -0.00191342  -0.0046194  0.009  
               -0.00191342  -0.0046194  0.01  
               -0.00191342  -0.0046194  0.011  
               -0.00191342  -0.0046194  0.012  
               -0.00191342  -0.0046194  0.013  
               -0.00191342  -0.0046194  0.014  
               -0.00191342  -0.0046194  0.015  
               -0.00191342  -0.0046194  0.016  
               -0.00191342  -0.0046194  0.017  
               -0.00191342  -0.0046194  0.018  
               -0.00191342  -0.0046194  0.019  
               -0.00191342  -0.0046194  0.02  
               -0.00191342  -0.0046194  0.021  
               -0.00191342  -0.0046194  0.022  
               -0.00191342  -0.0046194  0.023  
               -0.00191342  -0.0046194  0.024  
               -0.00191342  -0.0046194  0.025  
               -0.00191342  -0.0046194  0.026  
               -0.00191342  -0.0046194  0.027  
               -0.00191342  -0.0046194  0.028  
               -0.00191342  -0.0046194  0.029  
               -0.00191342  -0.0046194  0.03  
               -0.00191342  -0.0046194  0.031  
               -0.00191342  -0.0046194  0.032  
               -0.00191342  -0.0046194  0.033  
               -0.00191342  -0.0046194  0.034  
               -0.00191342  -0.0046194  0.035  
               -0.00191342  -0.0046194  0.036  
               -0.00191342  -0.0046194  0.037  
               -0.00191342  -0.0046194  0.038  
               -0.00191342  -0.0046194  0.039  
               -0.00191342  -0.0046194  0.04  
               -0.00191342  -0.0046194  0.041  
               -0.00191342  -0.0046194  0.042  
               -0.00191342  -0.0046194  0.043  
               -0.00191342  -0.0046194  0.044  
               -0.00191342  -0.0046194  0.045  
               -0.00191342  -0.0046194  0.046  
               -0.00191342  -0.0046194  0.047  
               -0.00191342  -0.0046194  0.048  
               -0.00191342  -0.0046194  0.049  
               -0.0012941  -0.00482963  0.001  
               -0.0012941  -0.00482963  0.002  
               -0.0012941  -0.00482963  0.003  
               -0.0012941  -0.00482963  0.004  
               -0.0012941  -0.00482963  0.005  
               -0.0012941  -0.00482963  0.006  
               -0.0012941  -0.00482963  0.007  
               -0.0012941  -0.00482963  0.008  
               -0.0012941  -0.00482963  0.009  
               -0.0012941  -0.00482963  0.01  
               -0.0012941  -0.00482963  0.011  
               -0.0012941  -0.00482963  0.012  
               -0.0012941  -0.00482963  0.013  
               -0.0012941  -0.00482963  0.014  
               -0.0012941  -0.00482963  0.015  
               -0.0012941  -0.00482963  0.016  
               -0.0012941  -0.00482963  0.017  
               -0.0012941  -0.00482963  0.018  
               -0.0012941  -0.00482963  0.019  
               -0.0012941  -0.00482963  0.02  
               -0.0012941  -0.00482963  0.021  
               -0.0012941  -0.00482963  0.022  
               -0.0012941  -0.00482963  0.023  
               -0.0012941  -0.00482963  0.024  
               -0.0012941  -0.00482963  0.025  
               -0.0012941  -0.00482963  0.026  
               -0.0012941  -0.00482963  0.027  
               -0.0012941  -0.00482963  0.028  
               -0.0012941  -0.00482963  0.029  
               -0.0012941  -0.00482963  0.03  
               -0.0012941  -0.00482963  0.031  
               -0.0012941  -0.00482963  0.032  
               -0.0012941  -0.00482963  0.033  
               -0.0012941  -0.00482963  0.034  
               -0.0012941  -0.00482963  0.035  
               -0.0012941  -0.00482963  0.036  
               -0.0012941  -0.00482963  0.037  
               -0.0012941  -0.00482963  0.038  
               -0.0012941  -0.00482963  0.039  
               -0.0012941  -0.00482963  0.04  
               -0.0012941  -0.00482963  0.041  
               -0.0012941  -0.00482963  0.042  
               -0.0012941  -0.00482963  0.043  
               -0.0012941  -0.00482963  0.044  
               -0.0012941  -0.00482963  0.045  
               -0.0012941  -0.00482963  0.046  
               -0.0012941  -0.00482963  0.047  
               -0.0012941  -0.00482963  0.048  
               -0.0012941  -0.00482963  0.049  
               -0.000652631  -0.00495722  0.001  
               -0.000652631  -0.00495722  0.002  
               -0.000652631  -0.00495722  0.003  
               -0.000652631  -0.00495722  0.004  
               -0.000652631  -0.00495722  0.005  
               -0.000652631  -0.00495722  0.006  
               -0.000652631  -0.00495722  0.007  
               -0.000652631  -0.00495722  0.008  
               -0.000652631  -0.00495722  0.009  
               -0.000652631  -0.00495722  0.01  
               -0.000652631  -0.00495722  0.011  
               -0.000652631  -0.00495722  0.012  
               -0.000652631  -0.00495722  0.013  
               -0.000652631  -0.00495722  0.014  
               -0.000652631  -0.00495722  0.015  
               -0.000652631  -0.00495722  0.016  
               -0.000652631  -0.00495722  0.017  
               -0.000652631  -0.00495722  0.018  
               -0.000652631  -0.00495722  0.019  
               -0.000652631  -0.00495722  0.02  
               -0.000652631  -0.00495722  0.021  
               -0.000652631  -0.00495722  0.022  
               -0.000652631  -0.00495722  0.023  
               -0.000652631  -0.00495722  0.024  
               -0.000652631  -0.00495722  0.025  
               -0.000652631  -0.00495722  0.026  
               -0.000652631  -0.00495722  0.027  
               -0.000652631  -0.00495722  0.028  
               -0.000652631  -0.00495722  0.029  
               -0.000652631  -0.00495722  0.03  
               -0.000652631  -0.00495722  0.031  
               -0.000652631  -0.00495722  0.032  
               -0.000652631  -0.00495722  0.033  
               -0.000652631  -0.00495722  0.034  
               -0.000652631  -0.00495722  0.035  
               -0.000652631  -0.00495722  0.036  
               -0.000652631  -0.00495722  0.037  
               -0.000652631  -0.00495722  0.038  
               -0.000652631  -0.00495722  0.039  
               -0.000652631  -0.00495722  0.04  
               -0.000652631  -0.00495722  0.041  
               -0.000652631  -0.00495722  0.042  
               -0.000652631  -0.00495722  0.043  
               -0.000652631  -0.00495722  0.044  
               -0.000652631  -0.00495722  0.045  
               -0.000652631  -0.00495722  0.046  
               -0.000652631  -0.00495722  0.047  
               -0.000652631  -0.00495722  0.048  
               -0.000652631  -0.00495722  0.049  
               0.000652631  -0.00495722  0.001  
               0.000652631  -0.00495722  0.002  
               0.000652631  -0.00495722  0.003  
               0.000652631  -0.00495722  0.004  
               0.000652631  -0.00495722  0.005  
               0.000652631  -0.00495722  0.006  
               0.000652631  -0.00495722  0.007  
               0.000652631  -0.00495722  0.008  
               0.000652631  -0.00495722  0.009  
               0.000652631  -0.00495722  0.01  
               0.000652631  -0.00495722  0.011  
               0.000652631  -0.00495722  0.012  
               0.000652631  -0.00495722  0.013  
               0.000652631  -0.00495722  0.014  
               0.000652631  -0.00495722  0.015  
               0.000652631  -0.00495722  0.016  
               0.000652631  -0.00495722  0.017  
               0.000652631  -0.00495722  0.018  
               0.000652631  -0.00495722  0.019  
               0.000652631  -0.00495722  0.02  
               0.000652631  -0.00495722  0.021  
               0.000652631  -0.00495722  0.022  
               0.000652631  -0.00495722  0.023  
               0.000652631  -0.00495722  0.024  
               0.000652631  -0.00495722  0.025  
               0.000652631  -0.00495722  0.026  
               0.000652631  -0.00495722  0.027  
               0.000652631  -0.00495722  0.028  
               0.000652631  -0.00495722  0.029  
               0.000652631  -0.00495722  0.03  
               0.000652631  -0.00495722  0.031  
               0.000652631  -0.00495722  0.032  
               0.000652631  -0.00495722  0.033  
               0.000652631  -0.00495722  0.034  
               0.000652631  -0.00495722  0.035  
               0.000652631  -0.00495722  0.036  
               0.000652631  -0.00495722  0.037  
               0.000652631  -0.00495722  0.038  
               0.000652631  -0.00495722  0.039  
               0.000652631  -0.00495722  0.04  
               0.000652631  -0.00495722  0.041  
               0.000652631  -0.00495722  0.042  
               0.000652631  -0.00495722  0.043  
               0.000652631  -0.00495722  0.044  
               0.000652631  -0.00495722  0.045  
               0.000652631  -0.00495722  0.046  
               0.000652631  -0.00495722  0.047  
               0.000652631  -0.00495722  0.048  
               0.000652631  -0.00495722  0.049  
               0.0012941  -0.00482963  0.001  
               0.0012941  -0.00482963  0.002  
               0.0012941  -0.00482963  0.003  
               0.0012941  -0.00482963  0.004  
               0.0012941  -0.00482963  0.005  
               0.0012941  -0.00482963  0.006  
               0.0012941  -0.00482963  0.007  
               0.0012941  -0.00482963  0.008  
               0.0012941  -0.00482963  0.009  
               0.0012941  -0.00482963  0.01  
               0.0012941  -0.00482963  0.011  
               0.0012941  -0.00482963  0.012  
               0.0012941  -0.00482963  0.013  
               0.0012941  -0.00482963  0.014  
               0.0012941  -0.00482963  0.015  
               0.0012941  -0.00482963  0.016  
               0.0012941  -0.00482963  0.017  
               0.0012941  -0.00482963  0.018  
               0.0012941  -0.00482963  0.019  
               0.0012941  -0.00482963  0.02  
               0.0012941  -0.00482963  0.021  
               0.0012941  -0.00482963  0.022  
               0.0012941  -0.00482963  0.023  
               0.0012941  -0.00482963  0.024  
               0.0012941  -0.00482963  0.025  
               0.0012941  -0.00482963  0.026  
               0.0012941  -0.00482963  0.027  
               0.0012941  -0.00482963  0.028  
               0.0012941  -0.00482963  0.029  
               0.0012941  -0.00482963  0.03  
               0.0012941  -0.00482963  0.031  
               0.0012941  -0.00482963  0.032  
               0.0012941  -0.00482963  0.033  
               0.0012941  -0.00482963  0.034  
               0.0012941  -0.00482963  0.035  
               0.0012941  -0.00482963  0.036  
               0.0012941  -0.00482963  0.037  
               0.0012941  -0.00482963  0.038  
               0.0012941  -0.00482963  0.039  
               0.0012941  -0.00482963  0.04  
               0.0012941  -0.00482963  0.041  
               0.0012941  -0.00482963  0.042  
               0.0012941  -0.00482963  0.043  
               0.0012941  -0.00482963  0.044  
               0.0012941  -0.00482963  0.045  
               0.0012941  -0.00482963  0.046  
               0.0012941  -0.00482963  0.047  
               0.0012941  -0.00482963  0.048  
               0.0012941  -0.00482963  0.049  
               0.00191342  -0.0046194  0.001  
               0.00191342  -0.0046194  0.002  
               0.00191342  -0.0046194  0.003  
               0.00191342  -0.0046194  0.004  
               0.00191342  -0.0046194  0.005  
               0.00191342  -0.0046194  0.006  
               0.00191342  -0.0046194  0.007  
               0.00191342  -0.0046194  0.008  
               0.00191342  -0.0046194  0.009  
               0.00191342  -0.0046194  0.01  
               0.00191342  -0.0046194  0.011  
               0.00191342  -0.0046194  0.012  
               0.00191342  -0.0046194  0.013  
               0.00191342  -0.0046194  0.014  
               0.00191342  -0.0046194  0.015  
               0.00191342  -0.0046194  0.016  
               0.00191342  -0.0046194  0.017  
               0.00191342  -0.0046194  0.018  
               0.00191342  -0.0046194  0.019  
               0.00191342  -0.0046194  0.02  
               0.00191342  -0.0046194  0.021  
               0.00191342  -0.0046194  0.022  
               0.00191342  -0.0046194  0.023  
               0.00191342  -0.0046194  0.024  
               0.00191342  -0.0046194  0.025  
               0.00191342  -0.0046194  0.026  
               0.00191342  -0.0046194  0.027  
               0.00191342  -0.0046194  0.028  
               0.00191342  -0.0046194  0.029  
               0.00191342  -0.0046194  0.03  
               0.00191342  -0.0046194  0.031  
               0.00191342  -0.0046194  0.032  
               0.00191342  -0.0046194  0.033  
               0.00191342  -0.0046194  0.034  
               0.00191342  -0.0046194  0.035  
               0.00191342  -0.0046194  0.036  
               0.00191342  -0.0046194  0.037  
               0.00191342  -0.0046194  0.038  
               0.00191342  -0.0046194  0.039  
               0.00191342  -0.0046194  0.04  
               0.00191342  -0.0046194  0.041  
               0.00191342  -0.0046194  0.042  
               0.00191342  -0.0046194  0.043  
               0.00191342  -0.0046194  0.044  
               0.00191342  -0.0046194  0.045  
               0.00191342  -0.0046194  0.046  
               0.00191342  -0.0046194  0.047  
               0.00191342  -0.0046194  0.048  
               0.00191342  -0.0046194  0.049  
               0.0025  -0.00433013  0.001  
               0.0025  -0.00433013  0.002  
               0.0025  -0.00433013  0.003  
               0.0025  -0.00433013  0.004  
               0.0025  -0.00433013  0.005  
               0.0025  -0.00433013  0.006  
               0.0025  -0.00433013  0.007  
               0.0025  -0.00433013  0.008  
               0.0025  -0.00433013  0.009  
               0.0025  -0.00433013  0.01  
               0.0025  -0.00433013  0.011  
               0.0025  -0.00433013  0.012  
               0.0025  -0.00433013  0.013  
               0.0025  -0.00433013  0.014  
               0.0025  -0.00433013  0.015  
               0.0025  -0.00433013  0.016  
               0.0025  -0.00433013  0.017  
               0.0025  -0.00433013  0.018  
               0.0025  -0.00433013  0.019  
               0.0025  -0.00433013  0.02  
               0.0025  -0.00433013  0.021  
               0.0025  -0.00433013  0.022  
               0.0025  -0.00433013  0.023  
               0.0025  -0.00433013  0.024  
               0.0025  -0.00433013  0.025  
               0.0025  -0.00433013  0.026  
               0.0025  -0.00433013  0.027  
               0.0025  -0.00433013  0.028  
               0.0025  -0.00433013  0.029  
               0.0025  -0.00433013  0.03  
               0.0025  -0.00433013  0.031  
               0.0025  -0.00433013  0.032  
               0.0025  -0.00433013  0.033  
               0.0025  -0.00433013  0.034  
               0.0025  -0.00433013  0.035  
               0.0025  -0.00433013  0.036  
               0.0025  -0.00433013  0.037  
               0.0025  -0.00433013  0.038  
               0.0025  -0.00433013  0.039  
               0.0025  -0.00433013  0.04  
               0.0025  -0.00433013  0.041  
               0.0025  -0.00433013  0.042  
               0.0025  -0.00433013  0.043  
               0.0025  -0.00433013  0.044  
               0.0025  -0.00433013  0.045  
               0.0025  -0.00433013  0.046  
               0.0025  -0.00433013  0.047  
               0.0025  -0.00433013  0.048  
               0.0025  -0.00433013  0.049  
               0.00304381  -0.00396677  0.001  
               0.00304381  -0.00396677  0.002  
               0.00304381  -0.00396677  0.003  
               0.00304381  -0.00396677  0.004  
               0.00304381  -0.00396677  0.005  
               0.00304381  -0.00396677  0.006  
               0.00304381  -0.00396677  0.007  
               0.00304381  -0.00396677  0.008  
               0.00304381  -0.00396677  0.009  
               0.00304381  -0.00396677  0.01  
               0.00304381  -0.00396677  0.011  
               0.00304381  -0.00396677  0.012  
               0.00304381  -0.00396677  0.013  
               0.00304381  -0.00396677  0.014  
               0.00304381  -0.00396677  0.015  
               0.00304381  -0.00396677  0.016  
               0.00304381  -0.00396677  0.017  
               0.00304381  -0.00396677  0.018  
               0.00304381  -0.00396677  0.019  
               0.00304381  -0.00396677  0.02  
               0.00304381  -0.00396677  0.021  
               0.00304381  -0.00396677  0.022  
               0.00304381  -0.00396677  0.023  
               0.00304381  -0.00396677  0.024  
               0.00304381  -0.00396677  0.025  
               0.00304381  -0.00396677  0.026  
               0.00304381  -0.00396677  0.027  
               0.00304381  -0.00396677  0.028  
               0.00304381  -0.00396677  0.029  
               0.00304381  -0.00396677  0.03  
               0.00304381  -0.00396677  0.031  
               0.00304381  -0.00396677  0.032  
               0.00304381  -0.00396677  0.033  
               0.00304381  -0.00396677  0.034  
               0.00304381  -0.00396677  0.035  
               0.00304381  -0.00396677  0.036  
               0.00304381  -0.00396677  0.037  
               0.00304381  -0.00396677  0.038  
               0.00304381  -0.00396677  0.039  
               0.00304381  -0.00396677  0.04  
               0.00304381  -0.00396677  0.041  
               0.00304381  -0.00396677  0.042  
               0.00304381  -0.00396677  0.043  
               0.00304381  -0.00396677  0.044  
               0.00304381  -0.00396677  0.045  
               0.00304381  -0.00396677  0.046  
               0.00304381  -0.00396677  0.047  
               0.00304381  -0.00396677  0.048  
               0.00304381  -0.00396677  0.049  
               0.00353553  -0.00353553  0.001  
               0.00353553  -0.00353553  0.002  
               0.00353553  -0.00353553  0.003  
               0.00353553  -0.00353553  0.004  
               0.00353553  -0.00353553  0.005  
               0.00353553  -0.00353553  0.006  
               0.00353553  -0.00353553  0.007  
               0.00353553  -0.00353553  0.008  
               0.00353553  -0.00353553  0.009  
               0.00353553  -0.00353553  0.01  
               0.00353553  -0.00353553  0.011  
               0.00353553  -0.00353553  0.012  
               0.00353553  -0.00353553  0.013  
               0.00353553  -0.00353553  0.014  
               0.00353553  -0.00353553  0.015  
               0.00353553  -0.00353553  0.016  
               0.00353553  -0.00353553  0.017  
               0.00353553  -0.00353553  0.018  
               0.00353553  -0.00353553  0.019  
               0.00353553  -0.00353553  0.02  
               0.00353553  -0.00353553  0.021  
               0.00353553  -0.00353553  0.022  
               0.00353553  -0.00353553  0.023  
               0.00353553  -0.00353553  0.024  
               0.00353553  -0.00353553  0.025  
               0.00353553  -0.00353553  0.026  
               0.00353553  -0.00353553  0.027  
               0.00353553  -0.00353553  0.028  
               0.00353553  -0.00353553  0.029  
               0.00353553  -0.00353553  0.03  
               0.00353553  -0.00353553  0.031  
               0.00353553  -0.00353553  0.032  
               0.00353553  -0.00353553  0.033  
               0.00353553  -0.00353553  0.034  
               0.00353553  -0.00353553  0.035  
               0.00353553  -0.00353553  0.036  
               0.00353553  -0.00353553  0.037  
               0.00353553  -0.00353553  0.038  
               0.00353553  -0.00353553  0.039  
               0.00353553  -0.00353553  0.04  
               0.00353553  -0.00353553  0.041  
               0.00353553  -0.00353553  0.042  
               0.00353553  -0.00353553  0.043  
               0.00353553  -0.00353553  0.044  
               0.00353553  -0.00353553  0.045  
               0.00353553  -0.00353553  0.046  
               0.00353553  -0.00353553  0.047  
               0.00353553  -0.00353553  0.048  
               0.00353553  -0.00353553  0.049  
               0.00396677  -0.00304381  0.001  
               0.00396677  -0.00304381  0.002  
               0.00396677  -0.00304381  0.003  
               0.00396677  -0.00304381  0.004  
               0.00396677  -0.00304381  0.005  
               0.00396677  -0.00304381  0.006  
               0.00396677  -0.00304381  0.007  
               0.00396677  -0.00304381  0.008  
               0.00396677  -0.00304381  0.009  
               0.00396677  -0.00304381  0.01  
               0.00396677  -0.00304381  0.011  
               0.00396677  -0.00304381  0.012  
               0.00396677  -0.00304381  0.013  
               0.00396677  -0.00304381  0.014  
               0.00396677  -0.00304381  0.015  
               0.00396677  -0.00304381  0.016  
               0.00396677  -0.00304381  0.017  
               0.00396677  -0.00304381  0.018  
               0.00396677  -0.00304381  0.019  
               0.00396677  -0.00304381  0.02  
               0.00396677  -0.00304381  0.021  
               0.00396677  -0.00304381  0.022  
               0.00396677  -0.00304381  0.023  
               0.00396677  -0.00304381  0.024  
               0.00396677  -0.00304381  0.025  
               0.00396677  -0.00304381  0.026  
               0.00396677  -0.00304381  0.027  
               0.00396677  -0.00304381  0.028  
               0.00396677  -0.00304381  0.029  
               0.00396677  -0.00304381  0.03  
               0.00396677  -0.00304381  0.031  
               0.00396677  -0.00304381  0.032  
               0.00396677  -0.00304381  0.033  
               0.00396677  -0.00304381  0.034  
               0.00396677  -0.00304381  0.035  
               0.00396677  -0.00304381  0.036  
               0.00396677  -0.00304381  0.037  
               0.00396677  -0.00304381  0.038  
               0.00396677  -0.00304381  0.039  
               0.00396677  -0.00304381  0.04  
               0.00396677  -0.00304381  0.041  
               0.00396677  -0.00304381  0.042  
               0.00396677  -0.00304381  0.043  
               0.00396677  -0.00304381  0.044  
               0.00396677  -0.00304381  0.045  
               0.00396677  -0.00304381  0.046  
               0.00396677  -0.00304381  0.047  
               0.00396677  -0.00304381  0.048  
               0.00396677  -0.00304381  0.049  
               0.00433013  -0.0025  0.001  
               0.00433013  -0.0025  0.002  
               0.00433013  -0.0025  0.003  
               0.00433013  -0.0025  0.004  
               0.00433013  -0.0025  0.005  
               0.00433013  -0.0025  0.006  
               0.00433013  -0.0025  0.007  
               0.00433013  -0.0025  0.008  
               0.00433013  -0.0025  0.009  
               0.00433013  -0.0025  0.01  
               0.00433013  -0.0025  0.011  
               0.00433013  -0.0025  0.012  
               0.00433013  -0.0025  0.013  
               0.00433013  -0.0025  0.014  
               0.00433013  -0.0025  0.015  
               0.00433013  -0.0025  0.016  
               0.00433013  -0.0025  0.017  
               0.00433013  -0.0025  0.018  
               0.00433013  -0.0025  0.019  
               0.00433013  -0.0025  0.02  
               0.00433013  -0.0025  0.021  
               0.00433013  -0.0025  0.022  
               0.00433013  -0.0025  0.023  
               0.00433013  -0.0025  0.024  
               0.00433013  -0.0025  0.025  
               0.00433013  -0.0025  0.026  
               0.00433013  -0.0025  0.027  
               0.00433013  -0.0025  0.028  
               0.00433013  -0.0025  0.029  
               0.00433013  -0.0025  0.03  
               0.00433013  -0.0025  0.031  
               0.00433013  -0.0025  0.032  
               0.00433013  -0.0025  0.033  
               0.00433013  -0.0025  0.034  
               0.00433013  -0.0025  0.035  
               0.00433013  -0.0025  0.036  
               0.00433013  -0.0025  0.037  
               0.00433013  -0.0025  0.038  
               0.00433013  -0.0025  0.039  
               0.00433013  -0.0025  0.04  
               0.00433013  -0.0025  0.041  
               0.00433013  -0.0025  0.042  
               0.00433013  -0.0025  0.043  
               0.00433013  -0.0025  0.044  
               0.00433013  -0.0025  0.045  
               0.00433013  -0.0025  0.046  
               0.00433013  -0.0025  0.047  
               0.00433013  -0.0025  0.048  
               0.00433013  -0.0025  0.049  
               0.0046194  -0.00191342  0.001  
               0.0046194  -0.00191342  0.002  
               0.0046194  -0.00191342  0.003  
               0.0046194  -0.00191342  0.004  
               0.0046194  -0.00191342  0.005  
               0.0046194  -0.00191342  0.006  
               0.0046194  -0.00191342  0.007  
               0.0046194  -0.00191342  0.008  
               0.0046194  -0.00191342  0.009  
               0.0046194  -0.00191342  0.01  
               0.0046194  -0.00191342  0.011  
               0.0046194  -0.00191342  0.012  
               0.0046194  -0.00191342  0.013  
               0.0046194  -0.00191342  0.014  
               0.0046194  -0.00191342  0.015  
               0.0046194  -0.00191342  0.016  
               0.0046194  -0.00191342  0.017  
               0.0046194  -0.00191342  0.018  
               0.0046194  -0.00191342  0.019  
               0.0046194  -0.00191342  0.02  
               0.0046194  -0.00191342  0.021  
               0.0046194  -0.00191342  0.022  
               0.0046194  -0.00191342  0.023  
               0.0046194  -0.00191342  0.024  
               0.0046194  -0.00191342  0.025  
               0.0046194  -0.00191342  0.026  
               0.0046194  -0.00191342  0.027  
               0.0046194  -0.00191342  0.028  
               0.0046194  -0.00191342  0.029  
               0.0046194  -0.00191342  0.03  
               0.0046194  -0.00191342  0.031  
               0.0046194  -0.00191342  0.032  
               0.0046194  -0.00191342  0.033  
               0.0046194  -0.00191342  0.034  
               0.0046194  -0.00191342  0.035  
               0.0046194  -0.00191342  0.036  
               0.0046194  -0.00191342  0.037  
               0.0046194  -0.00191342  0.038  
               0.0046194  -0.00191342  0.039  
               0.0046194  -0.00191342  0.04  
               0.0046194  -0.00191342  0.041  
               0.0046194  -0.00191342  0.042  
               0.0046194  -0.00191342  0.043  
               0.0046194  -0.00191342  0.044  
               0.0046194  -0.00191342  0.045  
               0.0046194  -0.00191342  0.046  
               0.0046194  -0.00191342  0.047  
               0.0046194  -0.00191342  0.048  
               0.0046194  -0.00191342  0.049  
               0.00482963  -0.0012941  0.001  
               0.00482963  -0.0012941  0.002  
               0.00482963  -0.0012941  0.003  
               0.00482963  -0.0012941  0.004  
               0.00482963  -0.0012941  0.005  
               0.00482963  -0.0012941  0.006  
               0.00482963  -0.0012941  0.007  
               0.00482963  -0.0012941  0.008  
               0.00482963  -0.0012941  0.009  
               0.00482963  -0.0012941  0.01  
               0.00482963  -0.0012941  0.011  
               0.00482963  -0.0012941  0.012  
               0.00482963  -0.0012941  0.013  
               0.00482963  -0.0012941  0.014  
               0.00482963  -0.0012941  0.015  
               0.00482963  -0.0012941  0.016  
               0.00482963  -0.0012941  0.017  
               0.00482963  -0.0012941  0.018  
               0.00482963  -0.0012941  0.019  
               0.00482963  -0.0012941  0.02  
               0.00482963  -0.0012941  0.021  
               0.00482963  -0.0012941  0.022  
               0.00482963  -0.0012941  0.023  
               0.00482963  -0.0012941  0.024  
               0.00482963  -0.0012941  0.025  
               0.00482963  -0.0012941  0.026  
               0.00482963  -0.0012941  0.027  
               0.00482963  -0.0012941  0.028  
               0.00482963  -0.0012941  0.029  
               0.00482963  -0.0012941  0.03  
               0.00482963  -0.0012941  0.031  
               0.00482963  -0.0012941  0.032  
               0.00482963  -0.0012941  0.033  
               0.00482963  -0.0012941  0.034  
               0.00482963  -0.0012941  0.035  
               0.00482963  -0.0012941  0.036  
               0.00482963  -0.0012941  0.037  
               0.00482963  -0.0012941  0.038  
               0.00482963  -0.0012941  0.039  
               0.00482963  -0.0012941  0.04  
               0.00482963  -0.0012941  0.041  
               0.00482963  -0.0012941  0.042  
               0.00482963  -0.0012941  0.043  
               0.00482963  -0.0012941  0.044  
               0.00482963  -0.0012941  0.045  
               0.00482963  -0.0012941  0.046  
               0.00482963  -0.0012941  0.047  
               0.00482963  -0.0012941  0.048  
               0.00482963  -0.0012941  0.049  
               0.00495722  -0.000652631  0.001  
               0.00495722  -0.000652631  0.002  
               0.00495722  -0.000652631  0.003  
               0.00495722  -0.000652631  0.004  
               0.00495722  -0.000652631  0.005  
               0.00495722  -0.000652631  0.006  
               0.00495722  -0.000652631  0.007  
               0.00495722  -0.000652631  0.008  
               0.00495722  -0.000652631  0.009  
               0.00495722  -0.000652631  0.01  
               0.00495722  -0.000652631  0.011  
               0.00495722  -0.000652631  0.012  
               0.00495722  -0.000652631  0.013  
               0.00495722  -0.000652631  0.014  
               0.00495722  -0.000652631  0.015  
               0.00495722  -0.000652631  0.016  
               0.00495722  -0.000652631  0.017  
               0.00495722  -0.000652631  0.018  
               0.00495722  -0.000652631  0.019  
               0.00495722  -0.000652631  0.02  
               0.00495722  -0.000652631  0.021  
               0.00495722  -0.000652631  0.022  
               0.00495722  -0.000652631  0.023  
               0.00495722  -0.000652631  0.024  
               0.00495722  -0.000652631  0.025  
               0.00495722  -0.000652631  0.026  
               0.00495722  -0.000652631  0.027  
               0.00495722  -0.000652631  0.028  
               0.00495722  -0.000652631  0.029  
               0.00495722  -0.000652631  0.03  
               0.00495722  -0.000652631  0.031  
               0.00495722  -0.000652631  0.032  
               0.00495722  -0.000652631  0.033  
               0.00495722  -0.000652631  0.034  
               0.00495722  -0.000652631  0.035  
               0.00495722  -0.000652631  0.036  
               0.00495722  -0.000652631  0.037  
               0.00495722  -0.000652631  0.038  
               0.00495722  -0.000652631  0.039  
               0.00495722  -0.000652631  0.04  
               0.00495722  -0.000652631  0.041  
               0.00495722  -0.000652631  0.042  
               0.00495722  -0.000652631  0.043  
               0.00495722  -0.000652631  0.044  
               0.00495722  -0.000652631  0.045  
               0.00495722  -0.000652631  0.046  
               0.00495722  -0.000652631  0.047  
               0.00495722  -0.000652631  0.048  
               0.00495722  -0.000652631  0.049  
            </DataArray>
         </Points> 

         <Cells>
            <DataArray type="Int32" Name="connectivity" NumberOfComponents="1" format="ascii">
               
            </DataArray> 
            <DataArray type="Int32" Name="offsets" NumberOfComponents="1" format="ascii">
               
            </DataArray>
            <DataArray type="UInt8"  Name="types" NumberOfComponents="1" format="ascii">
               
            </DataArray>
         </Cells>
         <PointData Scalars="Rank " Vectors="DisplacementDelta Force ">
            <DataArray type="UInt32" Name="Rank" NumberOfComponents="1" format="ascii">
               0 0 0 0 0 0 0 0 0 0 0 0 0 0 0 0 0 0 0 0 0 0 0 0 0 0 0 0 0 0 0 0 0 0 0 0 0 0 0 0 0 0 0 0 0 0 0 0 0 0 0 0 0 0 0 0 0 0 0 0 0 0 0 0 0 0 0 0 0 0 0 0 0 0 0 0 0 0 0 0 0 0 0 0 0 0 0 0 0 0 0 0 0 0 0 0 0 0 0 0 0 0 0 0 0 0 0 0 0 0 0 0 0 0 0 0 0 0 0 0 0 0 0 0 0 0 0 0 0 0 0 0 0 0 0 0 0 0 0 0 0 0 0 0 0 0 0 0 0 0 0 0 0 0 0 0 0 0 0 0 0 0 0 0 0 0 0 0 0 0 0 0 0 0 0 0 0 0 0 0 0 0 0 0 0 0 0 0 0 0 0 0 0 0 0 0 0 0 0 0 0 0 0 0 0 0 0 0 0 0 0 0 0 0 0 0 0 0 0 0 0 0 0 0 0 0 0 0 0 0 0 0 0 0 0 0 0 0 0 0 0 0 0 0 0 0 0 0 0 0 0 0 0 0 0 0 0 0 0 0 0 0 0 0 0 0 0 0 0 0 0 0 0 0 0 0 0 0 0 0 0 0 0 0 0 0 0 0 0 0 0 0 0 0 0 0 0 0 0 0 0 0 0 0 0 0 0 0 0 0 0 0 0 0 0 0 0 0 0 0 0 0 0 0 0 0 0 0 0 0 0 0 0 0 0 0 0 0 0 0 0 0 0 0 0 0 0 0 0 0 0 0 0 0 0 0 0 0 0 0 0 0 0 0 0 0 0 0 0 0 0 0 0 0 0 0 0 0 0 0 0 0 0 0 0 0 0 0 0 0 0 0 0 0 0 0 0 0 0 0 0 0 0 0 0 0 0 0 0 0 0 0 0 0 0 0 0 0 0 0 0 0 0 0 0 0 0 0 0 0 0 0 0 0 0 0 0 0 0 0 0 0 0 0 0 0 0 0 0 0 0 0 0 0 0 0 0 0 0 0 0 0 0 0 0 0 0 0 0 0 0 0 0 0 0 0 0 0 0 0 0 0 0 0 0 0 0 0 0 0 0 0 0 0 0 0 0 0 0 0 0 0 0 0 0 0 0 0 0 0 0 0 0 0 0 0 0 0 0 0 0 0 0 0 0 0 0 0 0 0 0 0 0 0 0 0 0 0 0 0 0 0 0 0 0 0 0 0 0 0 0 0 0 0 0 0 0 0 0 0 0 0 0 0 0 0 0 0 0 0 0 0 0 0 0 0 0 0 0 0 0 0 0 0 0 0 0 0 0 0 0 0 0 0 0 0 0 0 0 0 0 0 0 0 0 0 0 0 0 0 0 0 0 0 0 0 0 0 0 0 0 0 0 0 0 0 0 0 0 0 0 0 0 0 0 0 0 0 0 0 0 0 0 0 0 0 0 0 0 0 0 0 0 0 0 0 0 0 0 0 0 0 0 0 0 0 0 0 0 0 0 0 0 0 0 0 0 0 0 0 0 0 0 0 0 0 0 0 0 0 0 0 0 0 0 0 0 0 0 0 0 0 0 0 0 0 0 0 0 0 0 0 0 0 0 0 0 0 0 0 0 0 0 0 0 0 0 0 0 0 0 0 0 0 0 0 0 0 0 0 0 0 0 0 0 0 0 0 0 0 0 0 0 0 0 0 0 0 0 0 0 0 0 0 0 0 0 0 0 0 0 0 0 0 0 0 0 0 0 0 0 0 0 0 0 0 0 0 0 0 0 0 0 0 0 0 0 0 0 0 0 0 0 0 0 0 0 0 0 0 0 0 0 0 0 0 0 0 0 0 0 0 0 0 0 0 0 0 0 0 0 0 0 0 0 0 0 0 0 0 0 0 0 0 0 0 0 0 0 0 0 0 0 0 0 0 0 0 0 0 0 0 0 0 0 0 0 0 0 0 0 0 0 0 0 0 0 0 0 0 0 0 0 0 0 0 0 0 0 0 0 0 0 0 0 0 0 0 0 0 0 0 0 0 0 0 0 0 0 0 0 0 0 0 0 0 0 0 0 0 0 0 0 0 0 0 0 0 0 0 0 0 0 0 0 0 0 0 0 0 0 0 0 0 0 0 0 0 0 0 0 0 0 0 0 0 0 0 0 0 0 0 0 0 0 0 0 0 0 0 0 0 0 0 0 0 0 0 0 0 0 0 0 0 0 0 0 0 0 0 0 0 0 0 0 0 0 0 0 0 0 0 0 0 0 0 0 0 0 0 0 0 0 0 0 0 0 0 0 0 0 0 0 0 0 0 0 0 0 0 0 0 0 0 0 0 0 0 0 0 0 0 0 0 0 0 0 0 0 0 0 0 0 0 0 0 0 0 0 0 0 0 0 0 0 0 0 0 0 0 0 0 0 0 0 0 0 0 0 0 0 0 0 0 0 0 0 0 0 0 0 0 0 0 0 0 0 0 0 0 0 0 0 0 0 0 0 0 0 0 0 0 0 0 0 0 0 0 0 0 0 0 0 0 0 0 0 0 0 0 0 0 0 0 0 0 0 0 0 0 0 0 0 0 0 0 0 0 0 0 0 0 0 0 0 0 0 0 0 0 0 0 0 0 0 0 0 0 0 0 0 0 0 0 0 0 0 0 0 0 0 0 0 0 0 0 0 0 0 0 0 0 0 0 0 0 0 0 0 0 0 0 0 0 0 0 0 0 0 0 0 0 0 0 0 0 0 0 0 0 0 0 0 0 0 0 0 0 0 0 0 0 0 0 0 0 0 0 0 0 0 0 0 0 0 0 0 0 0 0 0 0 0 0 0 0 0 0 0 0 0 0 0 0 0 0 0 0 0 0 0 0 0 0 0 0 0 0 0 0 0 0 0 0 0 0 0 0 0 0 0 0 0 0 0 0 0 0 0 0 0 0 0 0 0 0 0 0 0 0 0 0 0 0 0 0 0 0 0 0 0 0 0 0 0 0 0 0 0 0 0 0 0 0 0 0 0 0 0 0 0 0 0 0 0 0 0 0 0 0 0 0 0 0 0 0 0 0 0 0 0 0 0 0 0 0 0 0 0 0 0 0 0 0 0 0 0 0 0 0 0 0 0 0 0 0 0 0 0 0 0 0 0 0 0 0 0 0 0 0 0 0 0 0 0 0 0 0 0 0 0 0 0 0 0 0 0 0 0 0 0 0 0 0 0 0 0 0 0 0 0 0 0 0 0 0 0 0 0 0 0 0 0 0 0 0 0 0 0 0 0 0 0 0 0 0 0 0 0 0 0 0 0 0 0 0 0 0 0 0 0 0 0 0 0 0 0 0 0 0 0 0 0 0 0 0 0 0 0 0 0 0 0 0 0 0 0 0 0 0 0 0 0 0 0 0 0 0 0 0 0 0 0 0 0 0 0 0 0 0 0 0 0 0 0 0 0 0 0 0 0 0 0 0 0 0 0 0 0 0 0 0 0 0 0 0 0 0 0 0 0 0 0 0 0 0 0 0 0 0 0 0 0 0 0 0 0 0 0 0 0 0 0 0 0 0 0 0 0 0 0 0 0 0 0 0 0 0 0 0 0 0 0 0 0 0 0 0 0 0 0 0 0 0 0 0 0 0 0 0 0 0 0 0 0 0 0 0 0 0 0 0 0 0 0 0 0 0 0 0 0 0 0 0 0 0 0 0 0 0 0 0 0 0 0 0 0 0 0 0 0 0 0 0 0 0 0 0 0 0 0 0 0 0 0 0 0 0 0 0 0 0 0 0 0 0 0 0 0 0 0 0 0 0 0 0 0 0 0 0 0 0 0 0 0 0 0 0 0 0 0 0 0 0 0 0 0 0 0 0 0 0 0 0 0 0 0 0 0 0 0 0 0 0 0 0 0 0 0 0 0 0 0 0 0 0 0 0 0 0 0 0 0 0 0 0 0 0 0 0 0 0 0 0 0 0 0 0 0 0 0 0 0 0 0 0 0 0 0 0 0 0 0 0 0 0 0 0 0 0 0 0 0 0 0 0 0 0 0 0 0 0 0 0 0 0 0 0 0 0 0 0 0 0 0 0 0 0 0 0 0 0 0 0 0 0 0 0 0 0 0 0 0 0 0 0 0 0 0 0 0 0 0 0 0 0 0 0 0 0 0 0 0 0 0 0 0 0 0 0 0 0 0 0 0 0 0 0 0 0 0 0 0 0 0 0 0 0 0 0 0 0 0 0 0 0 0 0 0 0 0 0 0 0 0 0 0 0 0 0 0 0 0 0 0 0 0 0 0 0 0 0 0 0 0 0 0 0 0 0 0 0 0 0 0 0 0 0 0 0 0 0 0 0 0 0 0 0 0 0 0 0 0 0 0 0 0 0 0 0 0 0 0 0 0 0 0 0 0 0 0 0 0 0 0 0 0 0 0 0 0 0 0 0 0 0 0 0 0 0 0 0 0 0 0 0 0 0 0 0 0 0 0 0 0 0 0 0 0 0 0 0 0 0 0 0 0 0 0 0 0 0 0 0 0 0 0 0 0 0 0 0 0 0 0 0 0 0 0 0 0 0 0 0 0 0 0 0 0 0 0 0 0 0 0 0 0 0 0 0 0 0 0 0 0 0 0 0 0 0 0 0 0 0 0 0 0 0 0 0 0 0 0 0 0 0 0 0 0 0 0 0 0 0 0 0 0 0 0 0 0 0 0 0 0 0 0 0 0 0 0 0 0 0 0 0 0 0 0 0 0 0 0 0 0 0 0 0 0 0 0 0 0 0 0 0 0 0 0 0 0 0 0 0 0 0 0 0 0 0 0 0 0 0 0 0 0 0 0 0 0 0 0 0 0 0 0 0 0 0 0 0 0 0 0 0 0 0 0 0 0 0 0 0 0 0 0 0 0 0 0 0 0 0 0 0 0 0 0 0 0 0 0 0 0 0 0 0 0 0 0 0 0 0 0 0 0 0 0 0 0 0 0 0 0 0 0 0 0 0 0 0 0 0 0 0 0 0 0 0 0 0 0 0 0 0 0 0 0 0 0 0 0 0 0 0 0 0 0 0 0 0 0 0 0 0 0 0 0 0 0 0 0 0 0 0 0 0 0 0 0 0 0 0 0 0 0 0 0 0 0 0 0 0 0 0 0 0 0 0 0 0 0 0 0 0 0 0 0 0 0 0 0 0 0 0 0 0 0 0 0 0 0 0 0 0 0 0 0 0 0 0 0 0 0 0 0 0 0 0 0 0 0 0 0 0 0 0 0 0 0 0 0 0 0 0 0 0 0 0 0 0 0 0 0 0 0 0 0 0 0 0 
            </DataArray>
            <DataArray type="Float64" Name="DisplacementDelta" NumberOfComponents="3" format="ascii">
               0 0 0  0 0 0  0 0 0  0 0 0  0 0 0  0 0 0  0 0 0  0 0 0  0 0 0  0 0 0  0 0 0  0 0 0  0 0 0  0 0 0  0 0 0  0 0 0  0 0 0  0 0 0  0 0 0  0 0 0  0 0 0  0 0 0  0 0 0  0 0 0  0 0 0  0 0 0  0 0 0  0 0 0  0 0 0  0 0 0  0 0 0  0 0 0  0 0 0  0 0 0  0 0 0  0 0 0  0 0 0  0 0 0  0 0 0  0 0 0  0 0 0  0 0 0  0 0 0  0 0 0  0 0 0  0 0 0  0 0 0  0 0 0  0 0 0  0 0 0  0 0 0  0 0 0  0 0 0  0 0 0  0 0 0  0 0 0  0 0 0  0 0 0  0 0 0  0 0 0  0 0 0  0 0 0  0 0 0  0 0 0  0 0 0  0 0 0  0 0 0  0 0 0  0 0 0  0 0 0  0 0 0  0 0 0  0 0 0  0 0 0  0 0 0  0 0 0  0 0 0  0 0 0  0 0 0  0 0 0  0 0 0  0 0 0  0 0 0  0 0 0  0 0 0  0 0 0  0 0 0  0 0 0  0 0 0  0 0 0  0 0 0  0 0 0  0 0 0  0 0 0  0 0 0  0 0 0  0 0 0  0 0 0  0 0 0  0 0 0  0 0 0  0 0 0  0 0 0  0 0 0  0 0 0  0 0 0  0 0 0  0 0 0  0 0 0  0 0 0  0 0 0  0 0 0  0 0 0  0 0 0  0 0 0  0 0 0  0 0 0  0 0 0  0 0 0  0 0 0  0 0 0  0 0 0  0 0 0  0 0 0  0 0 0  0 0 0  0 0 0  0 0 0  0 0 0  0 0 0  0 0 0  0 0 0  0 0 0  0 0 0  0 0 0  0 0 0  0 0 0  0 0 0  0 0 0  0 0 0  0 0 0  0 0 0  0 0 0  0 0 0  0 0 0  0 0 0  0 0 0  0 0 0  0 0 0  0 0 0  0 0 0  0 0 0  0 0 0  0 0 0  0 0 0  0 0 0  0 0 0  0 0 0  0 0 0  0 0 0  0 0 0  0 0 0  0 0 0  0 0 0  0 0 0  0 0 0  0 0 0  0 0 0  0 0 0  0 0 0  0 0 0  0 0 0  0 0 0  0 0 0  0 0 0  0 0 0  0 0 0  0 0 0  0 0 0  0 0 0  0 0 0  0 0 0  0 0 0  0 0 0  0 0 0  0 0 0  0 0 0  0 0 0  0 0 0  0 0 0  0 0 0  0 0 0  0 0 0  0 0 0  0 0 0  0 0 0  0 0 0  0 0 0  0 0 0  0 0 0  0 0 0  0 0 0  0 0 0  0 0 0  0 0 0  0 0 0  0 0 0  0 0 0  0 0 0  0 0 0  0 0 0  0 0 0  0 0 0  0 0 0  0 0 0  0 0 0  0 0 0  0 0 0  0 0 0  0 0 0  0 0 0  0 0 0  0 0 0  0 0 0  0 0 0  0 0 0  0 0 0  0 0 0  0 0 0  0 0 0  0 0 0  0 0 0  0 0 0  0 0 0  0 0 0  0 0 0  0 0 0  0 0 0  0 0 0  0 0 0  0 0 0  0 0 0  0 0 0  0 0 0  0 0 0  0 0 0  0 0 0  0 0 0  0 0 0  0 0 0  0 0 0  0 0 0  0 0 0  0 0 0  0 0 0  0 0 0  0 0 0  0 0 0  0 0 0  0 0 0  0 0 0  0 0 0  0 0 0  0 0 0  0 0 0  0 0 0  0 0 0  0 0 0  0 0 0  0 0 0  0 0 0  0 0 0  0 0 0  0 0 0  0 0 0  0 0 0  0 0 0  0 0 0  0 0 0  0 0 0  0 0 0  0 0 0  0 0 0  0 0 0  0 0 0  0 0 0  0 0 0  0 0 0  0 0 0  0 0 0  0 0 0  0 0 0  0 0 0  0 0 0  0 0 0  0 0 0  0 0 0  0 0 0  0 0 0  0 0 0  0 0 0  0 0 0  0 0 0  0 0 0  0 0 0  0 0 0  0 0 0  0 0 0  0 0 0  0 0 0  0 0 0  0 0 0  0 0 0  0 0 0  0 0 0  0 0 0  0 0 0  0 0 0  0 0 0  0 0 0  0 0 0  0 0 0  0 0 0  0 0 0  0 0 0  0 0 0  0 0 0  0 0 0  0 0 0  0 0 0  0 0 0  0 0 0  0 0 0  0 0 0  0 0 0  0 0 0  0 0 0  0 0 0  0 0 0  0 0 0  0 0 0  0 0 0  0 0 0  0 0 0  0 0 0  0 0 0  0 0 0  0 0 0  0 0 0  0 0 0  0 0 0  0 0 0  0 0 0  0 0 0  0 0 0  0 0 0  0 0 0  0 0 0  0 0 0  0 0 0  0 0 0  0 0 0  0 0 0  0 0 0  0 0 0  0 0 0  0 0 0  0 0 0  0 0 0  0 0 0  0 0 0  0 0 0  0 0 0  0 0 0  0 0 0  0 0 0  0 0 0  0 0 0  0 0 0  0 0 0  0 0 0  0 0 0  0 0 0  0 0 0  0 0 0  0 0 0  0 0 0  0 0 0  0 0 0  0 0 0  0 0 0  0 0 0  0 0 0  0 0 0  0 0 0  0 0 0  0 0 0  0 0 0  0 0 0  0 0 0  0 0 0  0 0 0  0 0 0  0 0 0  0 0 0  0 0 0  0 0 0  0 0 0  0 0 0  0 0 0  0 0 0  0 0 0  0 0 0  0 0 0  0 0 0  0 0 0  0 0 0  0 0 0  0 0 0  0 0 0  0 0 0  0 0 0  0 0 0  0 0 0  0 0 0  0 0 0  0 0 0  0 0 0  0 0 0  0 0 0  0 0 0  0 0 0  0 0 0  0 0 0  0 0 0  0 0 0  0 0 0  0 0 0  0 0 0  0 0 0  0 0 0  0 0 0  0 0 0  0 0 0  0 0 0  0 0 0  0 0 0  0 0 0  0 0 0  0 0 0  0 0 0  0 0 0  0 0 0  0 0 0  0 0 0  0 0 0  0 0 0  0 0 0  0 0 0  0 0 0  0 0 0  0 0 0  0 0 0  0 0 0  0 0 0  0 0 0  0 0 0  0 0 0  0 0 0  0 0 0  0 0 0  0 0 0  0 0 0  0 0 0  0 0 0  0 0 0  0 0 0  0 0 0  0 0 0  0 0 0  0 0 0  0 0 0  0 0 0  0 0 0  0 0 0  0 0 0  0 0 0  0 0 0  0 0 0  0 0 0  0 0 0  0 0 0  0 0 0  0 0 0  0 0 0  0 0 0  0 0 0  0 0 0  0 0 0  0 0 0  0 0 0  0 0 0  0 0 0  0 0 0  0 0 0  0 0 0  0 0 0  0 0 0  0 0 0  0 0 0  0 0 0  0 0 0  0 0 0  0 0 0  0 0 0  0 0 0  0 0 0  0 0 0  0 0 0  0 0 0  0 0 0  0 0 0  0 0 0  0 0 0  0 0 0  0 0 0  0 0 0  0 0 0  0 0 0  0 0 0  0 0 0  0 0 0  0 0 0  0 0 0  0 0 0  0 0 0  0 0 0  0 0 0  0 0 0  0 0 0  0 0 0  0 0 0  0 0 0  0 0 0  0 0 0  0 0 0  0 0 0  0 0 0  0 0 0  0 0 0  0 0 0  0 0 0  0 0 0  0 0 0  0 0 0  0 0 0  0 0 0  0 0 0  0 0 0  0 0 0  0 0 0  0 0 0  0 0 0  0 0 0  0 0 0  0 0 0  0 0 0  0 0 0  0 0 0  0 0 0  0 0 0  0 0 0  0 0 0  0 0 0  0 0 0  0 0 0  0 0 0  0 0 0  0 0 0  0 0 0  0 0 0  0 0 0  0 0 0  0 0 0  0 0 0  0 0 0  0 0 0  0 0 0  0 0 0  0 0 0  0 0 0  0 0 0  0 0 0  0 0 0  0 0 0  0 0 0  0 0 0  0 0 0  0 0 0  0 0 0  0 0 0  0 0 0  0 0 0  0 0 0  0 0 0  0 0 0  0 0 0  0 0 0  0 0 0  0 0 0  0 0 0  0 0 0  0 0 0  0 0 0  0 0 0  0 0 0  0 0 0  0 0 0  0 0 0  0 0 0  0 0 0  0 0 0  0 0 0  0 0 0  0 0 0  0 0 0  0 0 0  0 0 0  0 0 0  0 0 0  0 0 0  0 0 0  0 0 0  0 0 0  0 0 0  0 0 0  0 0 0  0 0 0  0 0 0  0 0 0  0 0 0  0 0 0  0 0 0  0 0 0  0 0 0  0 0 0  0 0 0  0 0 0  0 0 0  0 0 0  0 0 0  0 0 0  0 0 0  0 0 0  0 0 0  0 0 0  0 0 0  0 0 0  0 0 0  0 0 0  0 0 0  0 0 0  0 0 0  0 0 0  0 0 0  0 0 0  0 0 0  0 0 0  0 0 0  0 0 0  0 0 0  0 0 0  0 0 0  0 0 0  0 0 0  0 0 0  0 0 0  0 0 0  0 0 0  0 0 0  0 0 0  0 0 0  0 0 0  0 0 0  0 0 0  0 0 0  0 0 0  0 0 0  0 0 0  0 0 0  0 0 0  0 0 0  0 0 0  0 0 0  0 0 0  0 0 0  0 0 0  0 0 0  0 0 0  0 0 0  0 0 0  0 0 0  0 0 0  0 0 0  0 0 0  0 0 0  0 0 0  0 0 0  0 0 0  0 0 0  0 0 0  0 0 0  0 0 0  0 0 0  0 0 0  0 0 0  0 0 0  0 0 0  0 0 0  0 0 0  0 0 0  0 0 0  0 0 0  0 0 0  0 0 0  0 0 0  0 0 0  0 0 0  0 0 0  0 0 0  0 0 0  0 0 0  0 0 0  0 0 0  0 0 0  0 0 0  0 0 0  0 0 0  0 0 0  0 0 0  0 0 0  0 0 0  0 0 0  0 0 0  0 0 0  0 0 0  0 0 0  0 0 0  0 0 0  0 0 0  0 0 0  0 0 0  0 0 0  0 0 0  0 0 0  0 0 0  0 0 0  0 0 0  0 0 0  0 0 0  0 0 0  0 0 0  0 0 0  0 0 0  0 0 0  0 0 0  0 0 0  0 0 0  0 0 0  0 0 0  0 0 0  0 0 0  0 0 0  0 0 0  0 0 0  0 0 0  0 0 0  0 0 0  0 0 0  0 0 0  0 0 0  0 0 0  0 0 0  0 0 0  0 0 0  0 0 0  0 0 0  0 0 0  0 0 0  0 0 0  0 0 0  0 0 0  0 0 0  0 0 0  0 0 0  0 0 0  0 0 0  0 0 0  0 0 0  0 0 0  0 0 0  0 0 0  0 0 0  0 0 0  0 0 0  0 0 0  0 0 0  0 0 0  0 0 0  0 0 0  0 0 0  0 0 0  0 0 0  0 0 0  0 0 0  0 0 0  0 0 0  0 0 0  0 0 0  0 0 0  0 0 0  0 0 0  0 0 0  0 0 0  0 0 0  0 0 0  0 0 0  0 0 0  0 0 0  0 0 0  0 0 0  0 0 0  0 0 0  0 0 0  0 0 0  0 0 0  0 0 0  0 0 0  0 0 0  0 0 0  0 0 0  0 0 0  0 0 0  0 0 0  0 0 0  0 0 0  0 0 0  0 0 0  0 0 0  0 0 0  0 0 0  0 0 0  0 0 0  0 0 0  0 0 0  0 0 0  0 0 0  0 0 0  0 0 0  0 0 0  0 0 0  0 0 0  0 0 0  0 0 0  0 0 0  0 0 0  0 0 0  0 0 0  0 0 0  0 0 0  0 0 0  0 0 0  0 0 0  0 0 0  0 0 0  0 0 0  0 0 0  0 0 0  0 0 0  0 0 0  0 0 0  0 0 0  0 0 0  0 0 0  0 0 0  0 0 0  0 0 0  0 0 0  0 0 0  0 0 0  0 0 0  0 0 0  0 0 0  0 0 0  0 0 0  0 0 0  0 0 0  0 0 0  0 0 0  0 0 0  0 0 0  0 0 0  0 0 0  0 0 0  0 0 0  0 0 0  0 0 0  0 0 0  0 0 0  0 0 0  0 0 0  0 0 0  0 0 0  0 0 0  0 0 0  0 0 0  0 0 0  0 0 0  0 0 0  0 0 0  0 0 0  0 0 0  0 0 0  0 0 0  0 0 0  0 0 0  0 0 0  0 0 0  0 0 0  0 0 0  0 0 0  0 0 0  0 0 0  0 0 0  0 0 0  0 0 0  0 0 0  0 0 0  0 0 0  0 0 0  0 0 0  0 0 0  0 0 0  0 0 0  0 0 0  0 0 0  0 0 0  0 0 0  0 0 0  0 0 0  0 0 0  0 0 0  0 0 0  0 0 0  0 0 0  0 0 0  0 0 0  0 0 0  0 0 0  0 0 0  0 0 0  0 0 0  0 0 0  0 0 0  0 0 0  0 0 0  0 0 0  0 0 0  0 0 0  0 0 0  0 0 0  0 0 0  0 0 0  0 0 0  0 0 0  0 0 0  0 0 0  0 0 0  0 0 0  0 0 0  0 0 0  0 0 0  0 0 0  0 0 0  0 0 0  0 0 0  0 0 0  0 0 0  0 0 0  0 0 0  0 0 0  0 0 0  0 0 0  0 0 0  0 0 0  0 0 0  0 0 0  0 0 0  0 0 0  0 0 0  0 0 0  0 0 0  0 0 0  0 0 0  0 0 0  0 0 0  0 0 0  0 0 0  0 0 0  0 0 0  0 0 0  0 0 0  0 0 0  0 0 0  0 0 0  0 0 0  0 0 0  0 0 0  0 0 0  0 0 0  0 0 0  0 0 0  0 0 0  0 0 0  0 0 0  0 0 0  0 0 0  0 0 0  0 0 0  0 0 0  0 0 0  0 0 0  0 0 0  0 0 0  0 0 0  0 0 0  0 0 0  0 0 0  0 0 0  0 0 0  0 0 0  0 0 0  0 0 0  0 0 0  0 0 0  0 0 0  0 0 0  0 0 0  0 0 0  0 0 0  0 0 0  0 0 0  0 0 0  0 0 0  0 0 0  0 0 0  0 0 0  0 0 0  0 0 0  0 0 0  0 0 0  0 0 0  0 0 0  0 0 0  0 0 0  0 0 0  0 0 0  0 0 0  0 0 0  0 0 0  0 0 0  0 0 0  0 0 0  0 0 0  0 0 0  0 0 0  0 0 0  0 0 0  0 0 0  0 0 0  0 0 0  0 0 0  0 0 0  0 0 0  0 0 0  0 0 0  0 0 0  0 0 0  0 0 0  0 0 0  0 0 0  0 0 0  0 0 0  0 0 0  0 0 0  0 0 0  0 0 0  0 0 0  0 0 0  0 0 0  0 0 0  0 0 0  0 0 0  0 0 0  0 0 0  0 0 0  0 0 0  0 0 0  0 0 0  0 0 0  0 0 0  0 0 0  0 0 0  0 0 0  0 0 0  0 0 0  0 0 0  0 0 0  0 0 0  0 0 0  0 0 0  0 0 0  0 0 0  0 0 0  0 0 0  0 0 0  0 0 0  0 0 0  0 0 0  0 0 0  0 0 0  0 0 0  0 0 0  0 0 0  0 0 0  0 0 0  0 0 0  0 0 0  0 0 0  0 0 0  0 0 0  0 0 0  0 0 0  0 0 0  0 0 0  0 0 0  0 0 0  0 0 0  0 0 0  0 0 0  0 0 0  0 0 0  0 0 0  0 0 0  0 0 0  0 0 0  0 0 0  0 0 0  0 0 0  0 0 0  0 0 0  0 0 0  0 0 0  0 0 0  0 0 0  0 0 0  0 0 0  0 0 0  0 0 0  0 0 0  0 0 0  0 0 0  0 0 0  0 0 0  0 0 0  0 0 0  0 0 0  0 0 0  0 0 0  0 0 0  0 0 0  0 0 0  0 0 0  0 0 0  0 0 0  0 0 0  0 0 0  0 0 0  0 0 0  0 0 0  0 0 0  0 0 0  0 0 0  0 0 0  0 0 0  0 0 0  0 0 0  0 0 0  0 0 0  0 0 0  0 0 0  0 0 0  0 0 0  0 0 0  0 0 0  0 0 0  0 0 0  0 0 0  0 0 0  0 0 0  0 0 0  0 0 0  0 0 0  0 0 0  0 0 0  0 0 0  0 0 0  0 0 0  0 0 0  0 0 0  0 0 0  0 0 0  0 0 0  0 0 0  0 0 0  0 0 0  0 0 0  0 0 0  0 0 0  0 0 0  0 0 0  0 0 0  0 0 0  0 0 0  0 0 0  0 0 0  0 0 0  0 0 0  0 0 0  0 0 0  0 0 0  0 0 0  0 0 0  0 0 0  0 0 0  0 0 0  0 0 0  0 0 0  0 0 0  0 0 0  0 0 0  0 0 0  0 0 0  0 0 0  0 0 0  0 0 0  0 0 0  0 0 0  0 0 0  0 0 0  0 0 0  0 0 0  0 0 0  0 0 0  0 0 0  0 0 0  0 0 0  0 0 0  0 0 0  0 0 0  0 0 0  0 0 0  0 0 0  0 0 0  0 0 0  0 0 0  0 0 0  0 0 0  0 0 0  0 0 0  0 0 0  0 0 0  0 0 0  0 0 0  0 0 0  0 0 0  0 0 0  0 0 0  0 0 0  0 0 0  0 0 0  0 0 0  0 0 0  0 0 0  0 0 0  0 0 0  0 0 0  0 0 0  0 0 0  0 0 0  0 0 0  0 0 0  0 0 0  0 0 0  0 0 0  0 0 0  0 0 0  0 0 0  0 0 0  0 0 0  0 0 0  0 0 0  0 0 0  0 0 0  0 0 0  0 0 0  0 0 0  0 0 0  0 0 0  0 0 0  0 0 0  0 0 0  0 0 0  0 0 0  0 0 0  0 0 0  0 0 0  0 0 0  0 0 0  0 0 0  0 0 0  0 0 0  0 0 0  0 0 0  0 0 0  0 0 0  0 0 0  0 0 0  0 0 0  0 0 0  0 0 0  0 0 0  0 0 0  0 0 0  0 0 0  0 0 0  0 0 0  0 0 0  0 0 0  0 0 0  0 0 0  0 0 0  0 0 0  0 0 0  0 0 0  0 0 0  0 0 0  0 0 0  0 0 0  0 0 0  0 0 0  0 0 0  0 0 0  0 0 0  0 0 0  0 0 0  0 0 0  0 0 0  0 0 0  0 0 0  0 0 0  0 0 0  0 0 0  0 0 0  0 0 0  0 0 0  0 0 0  0 0 0  0 0 0  0 0 0  0 0 0  0 0 0  0 0 0  0 0 0  0 0 0  0 0 0  0 0 0  0 0 0  0 0 0  0 0 0  0 0 0  0 0 0  0 0 0  0 0 0  0 0 0  0 0 0  0 0 0  0 0 0  0 0 0  0 0 0  0 0 0  0 0 0  0 0 0  0 0 0  0 0 0  0 0 0  0 0 0  0 0 0  0 0 0  0 0 0  0 0 0  0 0 0  0 0 0  0 0 0  0 0 0  0 0 0  0 0 0  0 0 0  0 0 0  0 0 0  0 0 0  0 0 0  0 0 0  0 0 0  0 0 0  0 0 0  0 0 0  0 0 0  0 0 0  0 0 0  0 0 0  0 0 0  0 0 0  0 0 0  0 0 0  0 0 0  0 0 0  0 0 0  0 0 0  0 0 0  0 0 0  0 0 0  0 0 0  0 0 0  0 0 0  0 0 0  0 0 0  0 0 0  0 0 0  0 0 0  0 0 0  0 0 0  0 0 0  0 0 0  0 0 0  0 0 0  0 0 0  0 0 0  0 0 0  0 0 0  0 0 0  0 0 0  0 0 0  0 0 0  0 0 0  0 0 0  0 0 0  0 0 0  0 0 0  0 0 0  0 0 0  0 0 0  0 0 0  0 0 0  0 0 0  0 0 0  0 0 0  0 0 0  0 0 0  0 0 0  0 0 0  0 0 0  0 0 0  0 0 0  0 0 0  0 0 0  0 0 0  0 0 0  0 0 0  0 0 0  0 0 0  0 0 0  0 0 0  0 0 0  0 0 0  0 0 0  0 0 0  0 0 0  0 0 0  0 0 0  0 0 0  0 0 0  0 0 0  0 0 0  0 0 0  0 0 0  0 0 0  0 0 0  0 0 0  0 0 0  0 0 0  0 0 0  0 0 0  0 0 0  0 0 0  0 0 0  0 0 0  0 0 0  0 0 0  0 0 0  0 0 0  0 0 0  0 0 0  0 0 0  0 0 0  0 0 0  0 0 0  0 0 0  0 0 0  0 0 0  0 0 0  0 0 0  0 0 0  0 0 0  0 0 0  0 0 0  0 0 0  0 0 0  0 0 0  0 0 0  0 0 0  0 0 0  0 0 0  0 0 0  0 0 0  0 0 0  0 0 0  0 0 0  0 0 0  0 0 0  0 0 0  0 0 0  0 0 0  0 0 0  0 0 0  0 0 0  0 0 0  0 0 0  0 0 0  0 0 0  0 0 0  0 0 0  0 0 0  0 0 0  0 0 0  0 0 0  0 0 0  0 0 0  0 0 0  0 0 0  0 0 0  0 0 0  0 0 0  0 0 0  0 0 0  0 0 0  0 0 0  0 0 0  0 0 0  0 0 0  0 0 0  0 0 0  0 0 0  0 0 0  0 0 0  0 0 0  0 0 0  0 0 0  0 0 0  0 0 0  0 0 0  0 0 0  0 0 0  0 0 0  0 0 0  0 0 0  0 0 0  0 0 0  0 0 0  0 0 0  0 0 0  0 0 0  0 0 0  0 0 0  0 0 0  0 0 0  0 0 0  0 0 0  0 0 0  0 0 0  0 0 0  0 0 0  0 0 0  0 0 0  0 0 0  0 0 0  0 0 0  0 0 0  0 0 0  0 0 0  0 0 0  0 0 0  0 0 0  0 0 0  0 0 0  0 0 0  0 0 0  0 0 0  0 0 0  0 0 0  0 0 0  0 0 0  0 0 0  0 0 0  0 0 0  0 0 0  0 0 0  0 0 0  0 0 0  0 0 0  0 0 0  0 0 0  0 0 0  0 0 0  0 0 0  0 0 0  0 0 0  0 0 0  0 0 0  0 0 0  0 0 0  0 0 0  0 0 0  0 0 0  0 0 0  0 0 0  0 0 0  0 0 0  0 0 0  0 0 0  0 0 0  0 0 0  0 0 0  0 0 0  0 0 0  0 0 0  0 0 0  0 0 0  0 0 0  0 0 0  0 0 0  0 0 0  0 0 0  0 0 0  0 0 0  0 0 0  0 0 0  0 0 0  0 0 0  0 0 0  0 0 0  0 0 0  0 0 0  0 0 0  0 0 0  0 0 0  0 0 0  0 0 0  0 0 0  0 0 0  0 0 0  0 0 0  0 0 0  0 0 0  0 0 0  0 0 0  0 0 0  0 0 0  0 0 0  0 0 0  0 0 0  0 0 0  0 0 0  0 0 0  0 0 0  0 0 0  0 0 0  0 0 0  0 0 0  0 0 0  0 0 0  0 0 0  0 0 0  0 0 0  0 0 0  0 0 0  0 0 0  0 0 0  0 0 0  0 0 0  0 0 0  0 0 0  0 0 0  0 0 0  0 0 0  0 0 0  0 0 0  0 0 0  0 0 0  0 0 0  0 0 0  0 0 0  0 0 0  0 0 0  0 0 0  0 0 0  0 0 0  0 0 0  0 0 0  0 0 0  0 0 0  0 0 0  0 0 0  0 0 0  0 0 0  0 0 0  0 0 0  0 0 0  0 0 0  0 0 0  0 0 0  0 0 0  0 0 0  0 0 0  0 0 0  0 0 0  0 0 0  0 0 0  0 0 0  0 0 0  0 0 0  0 0 0  0 0 0  0 0 0  0 0 0  0 0 0  0 0 0  0 0 0  0 0 0  0 0 0  0 0 0  0 0 0  0 0 0  0 0 0  0 0 0  0 0 0  0 0 0  0 0 0  0 0 0  0 0 0  0 0 0  0 0 0  0 0 0  0 0 0  0 0 0  0 0 0  0 0 0  0 0 0  0 0 0  0 0 0  0 0 0  0 0 0  0 0 0  0 0 0  0 0 0  0 0 0  0 0 0  0 0 0  0 0 0  0 0 0  0 0 0  0 0 0  0 0 0  0 0 0  0 0 0  0 0 0  0 0 0  0 0 0  0 0 0  0 0 0  0 0 0  0 0 0  0 0 0  0 0 0  0 0 0  0 0 0  0 0 0  0 0 0  0 0 0  0 0 0  0 0 0  0 0 0  0 0 0  0 0 0  0 0 0  0 0 0  0 0 0  0 0 0  0 0 0  0 0 0  0 0 0  0 0 0  0 0 0  0 0 0  0 0 0  0 0 0  0 0 0  0 0 0  0 0 0  0 0 0  0 0 0  0 0 0  0 0 0  0 0 0  0 0 0  0 0 0  0 0 0  0 0 0  0 0 0  0 0 0  0 0 0  0 0 0  0 0 0  0 0 0  0 0 0  0 0 0  0 0 0  0 0 0  0 0 0  0 0 0  0 0 0  0 0 0  0 0 0  0 0 0  0 0 0  0 0 0  0 0 0  0 0 0  0 0 0  0 0 0  0 0 0  0 0 0  0 0 0  0 0 0  0 0 0  0 0 0  0 0 0  0 0 0  0 0 0  0 0 0  0 0 0  0 0 0  0 0 0  0 0 0  0 0 0  0 0 0  0 0 0  0 0 0  0 0 0  0 0 0  0 0 0  0 0 0  0 0 0  0 0 0  0 0 0  0 0 0  0 0 0  0 0 0  0 0 0  0 0 0  0 0 0  0 0 0  0 0 0  0 0 0  0 0 0  0 0 0  0 0 0  0 0 0  0 0 0  0 0 0  0 0 0  0 0 0  0 0 0  0 0 0  0 0 0  0 0 0  0 0 0  0 0 0  0 0 0  0 0 0  0 0 0  0 0 0  0 0 0  0 0 0  0 0 0  0 0 0  0 0 0  0 0 0  0 0 0  0 0 0  0 0 0  0 0 0  0 0 0  0 0 0  0 0 0  0 0 0  0 0 0  0 0 0  0 0 0  0 0 0  0 0 0  0 0 0  0 0 0  0 0 0  0 0 0  0 0 0  0 0 0  0 0 0  0 0 0  0 0 0  0 0 0  0 0 0  0 0 0  0 0 0  0 0 0  0 0 0  0 0 0  0 0 0  0 0 0  0 0 0  0 0 0  0 0 0  0 0 0  0 0 0  0 0 0  0 0 0  0 0 0  0 0 0  0 0 0  0 0 0  0 0 0  0 0 0  0 0 0  0 0 0  0 0 0  0 0 0  0 0 0  0 0 0  0 0 0  0 0 0  0 0 0  0 0 0  0 0 0  0 0 0  0 0 0  0 0 0  0 0 0  0 0 0  0 0 0  0 0 0  0 0 0  0 0 0  0 0 0  0 0 0  0 0 0  0 0 0  0 0 0  0 0 0  0 0 0  0 0 0  0 0 0  0 0 0  0 0 0  0 0 0  0 0 0  0 0 0  0 0 0  0 0 0  0 0 0  0 0 0  0 0 0  0 0 0  0 0 0  0 0 0  0 0 0  0 0 0  0 0 0  0 0 0  0 0 0  0 0 0  0 0 0  0 0 0  0 0 0  0 0 0  0 0 0  0 0 0  0 0 0  0 0 0  0 0 0  0 0 0  0 0 0  0 0 0  0 0 0  0 0 0  0 0 0  0 0 0  0 0 0  0 0 0  0 0 0  0 0 0  0 0 0  0 0 0  0 0 0  0 0 0  0 0 0  0 0 0  0 0 0  0 0 0  0 0 0  0 0 0  0 0 0  0 0 0  0 0 0  0 0 0  0 0 0  0 0 0  0 0 0  0 0 0  0 0 0  0 0 0  0 0 0  0 0 0  0 0 0  0 0 0  0 0 0  0 0 0  0 0 0  0 0 0  0 0 0  0 0 0  0 0 0  0 0 0  0 0 0  0 0 0  0 0 0  0 0 0  0 0 0  0 0 0  0 0 0  0 0 0  0 0 0  0 0 0  0 0 0  0 0 0  0 0 0  0 0 0  0 0 0  0 0 0  0 0 0  0 0 0  0 0 0  0 0 0  0 0 0  0 0 0  0 0 0  0 0 0  0 0 0  0 0 0  0 0 0  0 0 0  0 0 0  0 0 0  0 0 0  0 0 0  0 0 0  0 0 0  0 0 0  0 0 0  0 0 0  0 0 0  0 0 0  0 0 0  0 0 0  0 0 0  0 0 0  0 0 0  0 0 0  0 0 0  0 0 0  0 0 0  0 0 0  0 0 0  0 0 0  0 0 0  0 0 0  0 0 0  0 0 0  0 0 0  0 0 0  0 0 0  0 0 0  0 0 0  0 0 0  0 0 0  0 0 0  0 0 0  0 0 0  0 0 0  0 0 0  0 0 0  0 0 0  0 0 0  0 0 0  0 0 0  0 0 0  0 0 0  0 0 0  0 0 0  0 0 0  0 0 0  0 0 0  0 0 0  0 0 0  0 0 0  0 0 0  0 0 0  0 0 0  0 0 0  0 0 0  0 0 0  0 0 0  0 0 0  0 0 0  0 0 0  0 0 0  0 0 0  0 0 0  0 0 0  0 0 0  0 0 0  0 0 0  0 0 0  0 0 0  0 0 0  0 0 0  0 0 0  0 0 0  0 0 0  0 0 0  0 0 0  0 0 0  0 0 0  0 0 0  0 0 0  0 0 0  0 0 0  0 0 0  0 0 0  0 0 0  0 0 0  0 0 0  0 0 0  0 0 0  0 0 0  0 0 0  0 0 0  0 0 0  0 0 0  0 0 0  0 0 0  0 0 0  0 0 0  0 0 0  0 0 0  0 0 0  0 0 0  0 0 0  0 0 0  0 0 0  0 0 0  0 0 0  0 0 0  0 0 0  0 0 0  0 0 0  0 0 0  0 0 0  0 0 0  0 0 0  0 0 0  0 0 0  0 0 0  0 0 0  0 0 0  0 0 0  0 0 0  0 0 0  0 0 0  0 0 0  0 0 0  0 0 0  0 0 0  0 0 0  0 0 0  0 0 0  0 0 0  0 0 0  0 0 0  0 0 0  0 0 0  0 0 0  0 0 0  0 0 0  0 0 0  0 0 0  0 0 0  0 0 0  0 0 0  0 0 0  0 0 0  0 0 0  0 0 0  0 0 0  0 0 0  0 0 0  0 0 0  0 0 0  0 0 0  0 0 0  0 0 0  0 0 0  0 0 0  0 0 0  0 0 0  0 0 0  0 0 0  0 0 0  0 0 0  0 0 0  0 0 0  0 0 0  0 0 0  0 0 0  0 0 0  0 0 0  0 0 0  0 0 0  0 0 0  0 0 0  0 0 0  0 0 0  0 0 0  0 0 0  0 0 0  0 0 0  0 0 0  0 0 0  0 0 0  0 0 0  0 0 0  0 0 0  0 0 0  0 0 0  0 0 0  0 0 0  0 0 0  0 0 0  0 0 0  0 0 0  0 0 0  0 0 0  0 0 0  0 0 0  0 0 0  0 0 0  0 0 0  0 0 0  0 0 0  0 0 0  0 0 0  0 0 0  0 0 0  0 0 0  0 0 0  0 0 0  0 0 0  0 0 0  0 0 0  0 0 0  0 0 0  0 0 0  0 0 0  0 0 0  0 0 0  0 0 0  0 0 0  0 0 0  0 0 0  0 0 0  0 0 0  0 0 0  0 0 0  0 0 0  0 0 0  0 0 0  0 0 0  0 0 0  0 0 0  0 0 0  0 0 0  0 0 0  0 0 0  0 0 0  0 0 0  0 0 0  0 0 0  0 0 0  0 0 0  0 0 0  0 0 0  0 0 0  0 0 0  
            </DataArray>
            <DataArray type="Float64" Name="Force" NumberOfComponents="3" format="ascii">
               0.000129324 -2.82301e-07 -2.1433e-08  0.000104746 -6.62758e-07 5.52182e-08  8.83685e-05 -3.17712e-07 4.81157e-08  4.07156e-05 3.52343e-06 -1.09609e-08  7.723e-05 -3.66321e-07 9.91465e-10  7.3215e-05 -1.04632e-07 1.75293e-08  7.39134e-05 9.71739e-08 3.5257e-09  7.73319e-05 1.51344e-07 2.92508e-09  8.16442e-05 1.89079e-07 3.3896e-09  8.68334e-05 2.00271e-07 3.15943e-09  9.08423e-05 1.41039e-07 1.64754e-09  9.3887e-05 9.21248e-08 3.08532e-10  9.58043e-05 5.45911e-08 4.07906e-09  9.6264e-05 -1.99091e-08 6.37689e-09  9.46623e-05 -1.0867e-07 3.36049e-09  9.15079e-05 -1.75048e-07 2.77636e-09  8.6947e-05 -2.39007e-07 6.09304e-09  8.05354e-05 -2.98257e-07 8.533e-09  0.000105705 -3.38146e-06 4.99188e-09  5.634e-05 -1.15023e-08 8.49722e-09  4.6058e-05 -5.19522e-09 9.18292e-09  3.39264e-05 1.76897e-09 9.45119e-09  1.96357e-05 5.56258e-09 8.19508e-09  3.2527e-06 -2.81536e-07 5.97508e-09  -4.7239e-07 5.90217e-07 7.56629e-09  -1.38759e-05 5.77513e-07 8.43553e-09  -2.70764e-05 5.73236e-07 1.00006e-08  -6.42754e-05 -1.46877e-06 1.26834e-08  -5.82717e-05 4.5175e-08 8.48944e-09  -6.94291e-05 1.39095e-09 4.07517e-09  -3.92368e-05 -3.40954e-06 7.00645e-09  -8.32968e-05 -3.77298e-07 9.9114e-09  -9.09701e-05 -3.31396e-07 7.69901e-09  -0.000148097 4.13532e-06 6.25288e-09  -0.000103951 -1.03952e-09 3.5967e-09  -0.000105948 -3.01533e-09 2.12814e-09  -0.000105633 1.13349e-08 -9.5449e-09  -5.26102e-05 4.56404e-06 3.72833e-09  -0.000104256 -9.78021e-08 6.89222e-10  -0.000101441 -2.02212e-07 -4.50714e-09  -0.000143399 -4.34158e-06 -1.06981e-08  -8.65143e-05 7.60762e-09 -8.91168e-09  -7.60905e-05 7.24699e-08 -7.15839e-09  -6.71169e-05 7.77824e-08 -1.48707e-08  -2.8296e-05 2.44218e-06 -2.089e-09  -5.07181e-05 -4.58825e-07 -6.98929e-09  -4.08764e-05 -6.62701e-07 -7.26704e-09  -2.79097e-05 -8.21108e-07 -9.00465e-09  -1.3482e-05 -6.39333e-07 -9.42959e-09  8.8791e-07 0.00030476 6.5375e-07  -1.38301e-07 0.000110632 -5.96118e-08  -4.78773e-07 8.98521e-05 -6.50471e-08  -1.72124e-07 8.06838e-05 2.68322e-08  1.33536e-07 7.7952e-05 1.03305e-07  -1.60572e-07 7.85121e-05 3.32522e-08  3.69027e-07 4.01416e-05 9.46778e-07  6.70254e-07 4.1845e-05 -8.36094e-07  2.35199e-06 4.12767e-05 -4.85333e-07  4.06435e-07 8.13764e-05 -3.33939e-08  1.36159e-06 8.22133e-05 -1.24846e-08  -2.27184e-06 4.04561e-05 4.90597e-08  -2.21631e-06 4.10397e-05 1.81668e-08  -2.21323e-06 4.13233e-05 6.78078e-09  -2.17682e-06 4.07882e-05 1.92548e-09  -2.12158e-06 3.96618e-05 9.95318e-10  -1.98173e-06 3.70982e-05 7.8649e-10  -1.85389e-06 3.47471e-05 3.54535e-09  -1.68553e-06 3.15516e-05 4.60557e-09  -1.4663e-06 2.74548e-05 3.12052e-09  -1.24276e-06 2.32958e-05 5.08132e-09  -9.38467e-07 1.75641e-05 2.71524e-09  -6.38763e-07 1.19716e-05 4.96008e-09  -3.87988e-07 7.27427e-06 3.61405e-09  -6.95514e-08 1.32469e-06 3.40993e-09  2.14278e-07 -4.00424e-06 3.988e-09  5.08567e-07 -9.53364e-06 3.96179e-09  8.57418e-07 -1.60747e-05 4.14767e-09  1.11826e-06 -2.09811e-05 4.14204e-09  1.3933e-06 -2.61088e-05 3.02192e-09  1.63426e-06 -3.06634e-05 3.31508e-09  1.85051e-06 -3.47176e-05 2.85294e-09  2.04366e-06 -3.83113e-05 2.24768e-09  2.20239e-06 -4.12287e-05 4.4895e-09  2.30365e-06 -4.29394e-05 3.38719e-09  2.41342e-06 -4.48364e-05 -2.57997e-09  2.4864e-06 -4.57943e-05 -2.24861e-09  2.57519e-06 -4.55868e-05 3.17511e-08  2.84129e-06 -4.57618e-05 6.72603e-08  3.18311e-06 -4.67598e-05 -3.93901e-08  4.18093e-06 -8.73469e-05 2.64556e-07  -2.70572e-06 -5.10041e-05 -1.33438e-06  -5.06894e-08 -9.6203e-05 2.68501e-07  -6.67377e-07 -8.30162e-05 -2.27016e-08  -8.86913e-07 -6.98879e-05 1.67761e-07  -1.85159e-07 -5.55915e-05 7.80412e-08  -1.89838e-07 -4.29985e-05 2.57627e-08  5.10867e-08 -2.98371e-05 5.1684e-08  3.57425e-08 -2.39852e-05 1.04555e-07  -0.000168843 4.96e-08 -2.12366e-08  -5.81136e-05 1.74091e-08 -1.69763e-06  -4.56166e-05 -5.53438e-10 1.35458e-06  -4.02715e-05 2.65918e-11 -1.1697e-06  -7.39403e-05 -2.13233e-09 1.88972e-08  0 0 0  -7.86658e-05 -5.85346e-09 -2.56471e-08  -4.06605e-05 1.08076e-07 1.16454e-06  -4.18732e-05 1.00187e-07 -1.19699e-06  -4.24397e-05 3.85849e-07 1.12776e-06  -4.30576e-05 3.6688e-07 -1.1435e-06  -8.95018e-05 1.91052e-06 -1.18672e-08  -4.48536e-05 -2.74103e-06 -1.12459e-06  -9.87282e-05 3.4341e-06 5.05385e-08  -5.61577e-05 -4.56711e-06 -1.04986e-07  0 0 0  -4.78323e-05 -3.81464e-06 3.48478e-08  -4.32439e-05 -3.42374e-06 -1.27262e-08  -3.91704e-05 -3.09858e-06 2.26532e-08  -3.35659e-05 -2.66992e-06 -2.39961e-08  -2.84622e-05 -2.27795e-06 5.29068e-09  -2.27817e-05 -1.80245e-06 1.97267e-08  -1.76398e-05 -1.38268e-06 6.20299e-09  -9.4187e-06 -7.47891e-07 -3.76429e-09  -2.12187e-06 -1.69286e-07 5.41658e-09  5.92724e-06 4.74559e-07 7.80059e-09  1.13999e-05 9.20003e-07 1.71575e-09  1.84223e-05 1.46592e-06 -7.26683e-09  2.47258e-05 1.92582e-06 -1.09119e-08  3.19348e-05 2.45151e-06 2.40546e-09  3.67424e-05 2.91568e-06 1.04108e-07  9.76292e-05 -3.94402e-07 -6.47785e-08  5.37147e-05 4.14001e-06 -7.20236e-07  5.19441e-05 2.6669e-06 -5.49363e-07  0.000100776 2.73247e-06 4.57828e-07  0.000100597 -1.86533e-06 2.4696e-07  0 0 0  0.000111456 6.58261e-07 1.43166e-09  5.3716e-05 7.42938e-08 -1.6113e-06  5.26023e-05 4.83574e-08 1.57468e-06  4.87178e-05 1.02057e-08 -1.42007e-06  4.55749e-05 1.15574e-08 1.33606e-06  7.92835e-05 2.94823e-08 -6.823e-08  0 0 0  6.36703e-05 4.80185e-09 -1.12547e-07  2.43767e-05 6.21577e-10 -7.28409e-07  2.04174e-05 -1.74647e-10 6.014e-07  1.35507e-05 4.17435e-11 -4.06126e-07  1.10185e-05 7.93245e-10 2.2453e-07  5.17607e-08 -0.000329274 8.9861e-07  -6.37259e-09 -0.000106931 -5.15283e-08  -3.03534e-07 -9.13912e-05 -3.06429e-08  -1.75599e-07 -7.72596e-05 -5.92309e-08  9.59753e-07 -0.000104818 -1.009e-06  -3.92068e-06 -7.16764e-05 5.87369e-09  3.0105e-06 -0.000111119 7.9446e-07  -1.98771e-06 -3.49043e-05 -4.44772e-07  3.81838e-06 -4.0799e-05 4.59064e-08  1.21466e-06 -8.27362e-05 -1.75367e-08  3.91355e-07 -9.23628e-05 1.36694e-09  5.17641e-07 -9.63855e-05 4.50021e-09  -3.86664e-06 -4.86763e-05 5.15119e-08  -3.70818e-06 -4.82653e-05 3.81007e-08  -3.52979e-06 -4.67338e-05 1.37095e-08  -3.34416e-06 -4.45853e-05 4.45819e-09  -3.18343e-06 -4.25592e-05 4.51126e-09  -2.89887e-06 -3.88104e-05 2.64932e-09  -2.53876e-06 -3.39509e-05 1.94762e-09  -2.21779e-06 -2.9693e-05 2.6308e-09  -1.89206e-06 -2.5339e-05 3.84698e-09  -1.32737e-06 -1.77548e-05 3.04116e-09  -8.76641e-07 -1.17194e-05 2.95953e-09  -4.29083e-07 -5.7426e-06 4.45471e-09  -3.71231e-08 -5.00698e-07 2.84789e-09  5.01154e-07 6.69799e-06 4.34916e-09  1.01553e-06 1.35948e-05 5.80827e-09  1.48688e-06 1.98843e-05 4.0157e-09  2.00182e-06 2.68098e-05 3.87513e-09  2.40609e-06 3.2213e-05 5.02995e-09  2.67942e-06 3.57974e-05 3.07757e-09  3.09943e-06 4.11387e-05 1.19856e-08  3.43804e-06 4.5111e-05 2.00593e-08  3.79385e-06 4.85511e-05 4.15983e-08  4.20423e-06 5.17589e-05 5.39088e-08  -4.75108e-07 0.000107524 4.12016e-10  -3.74866e-07 0.000110912 -1.14629e-08  4.26572e-06 5.5162e-05 -2.42998e-07  3.20666e-06 5.35586e-05 -3.19926e-07  2.77237e-06 6.11232e-05 -9.97941e-07  1.16193e-06 0.000101815 7.46619e-07  -9.94304e-07 4.11135e-05 9.49524e-07  5.36083e-07 6.63022e-05 -1.02084e-07  0 0 0  -1.89779e-07 8.87763e-05 -8.45211e-07  3.31554e-07 5.04285e-05 2.893e-08  -4.66546e-08 3.79048e-05 4.69783e-08  1.37417e-07 2.83506e-05 6.41002e-08  -1.37274e-08 2.26326e-05 8.77412e-08  0.000204626 1.96687e-05 -8.31434e-07  5.99986e-05 5.27761e-06 3.37277e-08  4.78428e-05 4.09516e-06 -1.10643e-07  4.23936e-05 3.62318e-06 9.78684e-08  3.78801e-05 3.3032e-06 2.30013e-08  3.64151e-05 3.16768e-06 -5.78499e-09  3.71834e-05 3.22562e-06 7.82569e-09  3.89283e-05 3.37688e-06 4.34928e-09  4.08516e-05 3.54637e-06 2.73125e-09  4.33381e-05 3.76076e-06 1.34839e-09  4.54347e-05 3.94153e-06 7.87297e-10  4.68179e-05 4.06054e-06 8.01476e-10  4.79205e-05 4.1583e-06 -1.55149e-09  4.80274e-05 4.16851e-06 -1.04714e-09  4.72631e-05 4.0981e-06 5.10485e-10  4.56585e-05 3.95918e-06 1.1648e-09  4.3191e-05 3.74556e-06 -6.41222e-10  3.99587e-05 3.4669e-06 5.53192e-10  3.59583e-05 3.11645e-06 2.70196e-09  3.12492e-05 2.71223e-06 7.3251e-09  2.50801e-05 2.17661e-06 1.35157e-09  1.93278e-05 1.67793e-06 2.57505e-09  1.36742e-05 1.18699e-06 2.33742e-09  6.03678e-06 5.23076e-07 2.99169e-09  -1.60915e-07 -1.34941e-08 2.05434e-09  -6.8306e-06 -5.91681e-07 3.39029e-09  -1.34591e-05 -1.16641e-06 4.48597e-09  -2.02756e-05 -1.7618e-06 4.27349e-09  -2.67098e-05 -2.31986e-06 5.87178e-09  -3.18912e-05 -2.76888e-06 3.89659e-09  -3.63608e-05 -3.157e-06 2.17803e-09  -4.12163e-05 -3.57863e-06 2.1393e-09  -4.53313e-05 -3.936e-06 1.23049e-09  -4.84028e-05 -4.20641e-06 1.18226e-11  -5.10365e-05 -4.43168e-06 -6.84902e-10  -5.24247e-05 -4.55167e-06 3.67138e-10  -5.30815e-05 -4.60927e-06 -1.02528e-09  -5.26257e-05 -4.56545e-06 6.87974e-10  -5.22711e-05 -4.54205e-06 3.16831e-09  -5.06102e-05 -4.39535e-06 -2.36175e-09  -4.84034e-05 -4.20716e-06 -3.11736e-09  -4.45896e-05 -3.86899e-06 1.01885e-08  -3.92699e-05 -3.38387e-06 2.62669e-08  -3.54798e-05 -3.03247e-06 2.03117e-08  -3.14441e-05 -2.69241e-06 -3.45e-08  -2.72552e-05 -2.43459e-06 -1.50236e-07  -2.25219e-05 -2.10964e-06 -5.65592e-08  -1.49658e-05 -1.37914e-06 9.98636e-08  -1.05744e-05 -1.0005e-06 -8.47793e-08  0.00025485 7.32724e-05 4.57181e-07  0.000124116 3.49764e-05 -1.24911e-06  8.36141e-05 2.13168e-05 5.20099e-07  8.24404e-05 2.17831e-05 -7.79364e-08  7.3318e-05 1.94253e-05 1.73134e-08  7.12263e-05 1.8889e-05 1.6407e-08  7.25534e-05 1.92659e-05 1.19201e-08  7.66302e-05 2.03646e-05 6.409e-09  8.04293e-05 2.13852e-05 1.38302e-09  8.51842e-05 2.26504e-05 1.47612e-09  8.86758e-05 2.35792e-05 1.33099e-09  4.53526e-05 1.206e-05 4.67064e-10  9.20162e-05 2.44678e-05 2.0855e-09  9.24675e-05 2.4587e-05 1.28315e-09  9.18102e-05 2.44145e-05 2.83542e-09  8.90352e-05 2.36769e-05 3.66018e-09  8.3927e-05 2.23175e-05 -2.23482e-10  7.89767e-05 2.1003e-05 5.66482e-09  7.07608e-05 1.88156e-05 6.67163e-09  6.18869e-05 1.6456e-05 8.81244e-09  5.08301e-05 1.35149e-05 6.37875e-09  3.98181e-05 1.05872e-05 5.11635e-09  2.88416e-05 7.66834e-06 7.41294e-09  1.55843e-05 4.14477e-06 8.56347e-09  3.04325e-06 8.10397e-07 9.33544e-09  -1.15083e-05 -3.0606e-06 1.01484e-08  -2.39821e-05 -6.38034e-06 1.04728e-08  -3.56774e-05 -9.48851e-06 8.62182e-09  -4.83369e-05 -1.28525e-05 7.7671e-09  -6.00189e-05 -1.59612e-05 8.40804e-09  -6.98738e-05 -1.85791e-05 6.63747e-09  -7.86993e-05 -2.09289e-05 7.06991e-09  -8.58877e-05 -2.28377e-05 4.14185e-09  -9.28032e-05 -2.46784e-05 3.73544e-09  -9.78486e-05 -2.60215e-05 2.38207e-09  -0.000101003 -2.68596e-05 2.70636e-09  -0.000103029 -2.73968e-05 2.83667e-09  -0.000102601 -2.72822e-05 -4.15031e-10  -0.000101378 -2.69584e-05 -3.74136e-09  -9.86024e-05 -2.62294e-05 -5.44317e-09  -9.48639e-05 -2.52601e-05 -1.43657e-08  -0.000130888 -3.48189e-05 2.83194e-08  -7.50309e-05 -1.97694e-05 5.10544e-08  -6.61408e-05 -1.72151e-05 4.76499e-09  -2.97753e-05 -7.73084e-06 2.26728e-08  -5.27774e-05 -1.39975e-05 2.30329e-08  -5.1645e-05 -1.52774e-05 -5.80688e-07  -3.30603e-05 -9.55966e-06 2.17962e-07  -1.39707e-05 -3.75238e-06 1.29516e-07  0.000143049 6.4491e-05 7.63918e-07  0 0 0  0.000105549 4.73092e-05 7.43473e-07  3.7909e-05 1.73408e-05 -5.98805e-09  3.40773e-05 1.5617e-05 1.39039e-08  3.38541e-05 1.55765e-05 -3.11062e-09  3.46942e-05 1.60268e-05 -8.98325e-09  3.68756e-05 1.70672e-05 -3.67526e-09  3.86901e-05 1.79189e-05 -1.34753e-09  0 0 0  4.05868e-05 1.87968e-05 -9.6935e-10  4.22808e-05 1.95833e-05 5.82603e-10  4.36376e-05 2.02081e-05 4.55991e-10  4.38977e-05 2.03317e-05 3.78578e-09  4.35081e-05 2.01491e-05 2.52643e-09  4.2568e-05 1.97113e-05 2.03682e-09  3.99648e-05 1.85108e-05 6.56814e-10  3.79414e-05 1.75669e-05 1.81656e-09  3.40278e-05 1.57579e-05 1.05125e-09  2.96072e-05 1.37111e-05 1.28524e-09  2.5173e-05 1.16557e-05 2.85239e-09  1.95295e-05 9.04337e-06 2.44761e-09  1.54687e-05 7.1615e-06 3.42739e-09  8.93632e-06 4.13893e-06 2.75069e-09  3.32584e-06 1.5392e-06 2.84982e-09  -4.0378e-06 -1.86992e-06 2.57545e-09  -9.90087e-06 -4.58405e-06 4.4072e-09  -1.57065e-05 -7.27235e-06 3.42198e-09  -2.14829e-05 -9.94532e-06 6.21394e-09  -2.661e-05 -1.23214e-05 2.29166e-09  -3.20503e-05 -1.48389e-05 3.21839e-09  -3.65081e-05 -1.69005e-05 4.52209e-09  -3.98603e-05 -1.8456e-05 2.18174e-09  -4.33273e-05 -2.00571e-05 2.95168e-09  -4.56638e-05 -2.11409e-05 2.81181e-09  -4.68312e-05 -2.16826e-05 -1.46507e-09  -4.843e-05 -2.24199e-05 5.08646e-10  -4.85265e-05 -2.2467e-05 1.78613e-09  -4.79405e-05 -2.21964e-05 1.40396e-09  -4.71805e-05 -2.18568e-05 1.41756e-09  -4.54447e-05 -2.10907e-05 7.19672e-09  -4.31978e-05 -2.00948e-05 -1.33383e-09  -7.49454e-05 -3.45479e-05 -1.36038e-07  -6.11036e-05 -2.74976e-05 1.42726e-07  -5.05981e-05 -2.26314e-05 9.94956e-08  -1.98031e-05 -9.03448e-06 -1.33254e-07  -2.0819e-05 -9.72582e-06 3.50493e-07  -1.76076e-05 -8.94861e-06 -3.10192e-07  -9.03837e-06 -3.96868e-06 -5.85847e-08  9.93826e-05 5.50997e-05 -1.94284e-06  0.000151121 8.14895e-05 3.90536e-07  0 0 0  9.83095e-05 5.57699e-05 -9.61999e-08  6.93715e-05 3.90592e-05 4.06774e-08  6.45416e-05 3.66645e-05 6.33612e-09  6.62051e-05 3.80269e-05 7.39272e-09  6.90279e-05 3.96502e-05 5.64839e-09  7.26381e-05 4.17757e-05 1.23826e-08  7.64118e-05 4.39367e-05 8.97496e-10  7.91556e-05 4.55343e-05 4.234e-09  8.28913e-05 4.76354e-05 -3.93542e-09  8.42817e-05 4.84321e-05 3.36913e-09  8.40274e-05 4.8328e-05 7.46871e-10  8.23695e-05 4.7324e-05 -6.08366e-09  8.00141e-05 4.59713e-05 7.73599e-09  7.40494e-05 4.25375e-05 -5.01273e-09  6.99207e-05 4.0164e-05 1.22898e-08  6.23074e-05 3.58032e-05 6.27549e-09  5.23932e-05 3.02229e-05 4.869e-09  4.50215e-05 2.58843e-05 5.05724e-09  3.3698e-05 1.9363e-05 6.14291e-09  2.2609e-05 1.29875e-05 7.69941e-09  1.15283e-05 6.6213e-06 5.68454e-09  -2.17991e-07 -1.24591e-07 7.56151e-09  -1.4786e-05 -8.4998e-06 5.32763e-09  -2.29006e-05 -1.31756e-05 8.26214e-09  -3.71187e-05 -2.13335e-05 1.08363e-08  -4.517e-05 -2.59566e-05 4.42874e-09  -5.73028e-05 -3.29216e-05 1.45017e-08  -6.67793e-05 -3.83688e-05 1.22235e-08  -7.26519e-05 -4.1749e-05 -7.67896e-10  -8.09237e-05 -4.65069e-05 1.02454e-08  -8.48476e-05 -4.87548e-05 -1.90476e-09  -8.90424e-05 -5.12059e-05 5.08339e-09  -9.20377e-05 -5.28893e-05 5.00179e-09  -9.33081e-05 -5.36447e-05 -1.19055e-09  -9.28167e-05 -5.33569e-05 -3.15241e-10  -9.14363e-05 -5.25599e-05 -1.88645e-09  -8.89515e-05 -5.12632e-05 -2.35309e-09  -8.48362e-05 -4.89968e-05 4.80065e-10  -8.08798e-05 -4.68577e-05 -8.81884e-09  -7.32495e-05 -4.22871e-05 -2.34988e-08  -2.90497e-05 -1.95878e-05 -1.85153e-07  -2.26908e-05 -1.48366e-05 -1.90727e-08  -1.73726e-05 -1.15693e-05 1.2012e-07  -4.36188e-05 -2.59398e-05 -3.34423e-07  -1.00258e-05 -5.01652e-06 2.91445e-07  -1.68401e-06 -9.34335e-07 -6.18819e-08  0.000230594 0.000175115 -1.13371e-06  0.000101875 8.82609e-05 4.3619e-07  0.000104593 7.5692e-05 7.15906e-07  3.46964e-05 2.3761e-05 -9.05181e-08  3.05597e-05 2.08995e-05 1.38107e-07  3.06717e-05 2.12115e-05 1.06786e-07  3.22381e-05 2.24558e-05 4.77661e-08  0 0 0  3.3954e-05 2.36959e-05 -3.32493e-09  3.53643e-05 2.46662e-05 -8.61166e-09  3.74552e-05 2.61127e-05 -5.17423e-09  3.85166e-05 2.68416e-05 -6.29826e-10  3.98675e-05 2.77848e-05 -3.70511e-10  4.03792e-05 2.81354e-05 -2.05751e-09  4.00509e-05 2.79045e-05 4.3425e-09  3.87084e-05 2.69766e-05 2.2909e-09  3.7008e-05 2.5786e-05 2.39007e-09  3.43843e-05 2.39652e-05 2.6777e-09  3.09973e-05 2.16006e-05 7.12163e-10  2.71932e-05 1.89469e-05 1.59981e-09  2.41395e-05 1.68223e-05 3.52886e-09  1.86504e-05 1.29957e-05 2.37009e-09  1.34876e-05 9.39763e-06 3.20928e-09  8.87008e-06 6.18275e-06 5.00885e-09  2.00741e-06 1.39799e-06 3.64972e-09  -3.50378e-06 -2.4423e-06 3.55029e-09  -9.19585e-06 -6.40973e-06 4.34317e-09  -1.29474e-05 -9.02101e-06 1.89315e-09  -1.98437e-05 -1.38313e-05 5.96967e-09  -2.3747e-05 -1.65475e-05 1.86879e-09  -2.89814e-05 -2.02013e-05 4.24513e-09  -3.34079e-05 -2.32873e-05 4.45898e-09  -3.65286e-05 -2.54607e-05 2.91277e-09  -3.97012e-05 -2.76737e-05 2.41367e-09  -4.15146e-05 -2.89323e-05 3.0865e-10  -4.32945e-05 -3.01737e-05 -8.00411e-10  -4.44725e-05 -3.09934e-05 3.81922e-09  -4.46765e-05 -3.11379e-05 -5.43582e-09  -4.42434e-05 -3.08443e-05 -1.22181e-08  -4.32549e-05 -3.0189e-05 -2.55696e-08  -4.19749e-05 -2.93778e-05 -4.92556e-08  -4.00626e-05 -2.81603e-05 -6.3387e-08  -3.70553e-05 -2.60829e-05 3.49796e-09  -5.68722e-05 -3.85707e-05 7.12195e-07  -5.79536e-05 -4.71879e-05 -2.2754e-07  -1.87276e-05 -1.25773e-05 -3.3272e-08  0 0 0  -2.47424e-05 -2.00544e-05 -2.15358e-07  -1.15659e-05 -8.12624e-06 -1.86678e-07  0.000123835 0.00013125 5.45916e-07  3.89067e-05 4.32618e-05 1.56095e-06  6.48919e-05 6.75354e-05 -5.0894e-07  5.60061e-05 5.38897e-05 -3.10937e-07  5.2855e-05 5.10031e-05 1.48444e-07  5.49485e-05 5.43453e-05 1.67597e-07  5.70348e-05 5.71933e-05 7.33308e-08  2.93447e-05 2.94986e-05 -2.0528e-08  6.0403e-05 6.06657e-05 -3.89222e-08  6.27513e-05 6.28912e-05 -1.31105e-08  6.57464e-05 6.57983e-05 -3.42785e-09  6.76185e-05 6.76259e-05 1.21051e-09  6.91529e-05 6.9142e-05 1.17967e-09  6.99542e-05 6.99437e-05 -6.83782e-10  6.89374e-05 6.89183e-05 3.38679e-09  6.63211e-05 6.63044e-05 1.58703e-09  6.3383e-05 6.33603e-05 4.96882e-09  5.77697e-05 5.77509e-05 1.89801e-09  5.28086e-05 5.2788e-05 5.44326e-09  4.55789e-05 4.55692e-05 6.92339e-09  3.85021e-05 3.84878e-05 5.58595e-09  2.94929e-05 2.9483e-05 9.78765e-09  2.17826e-05 2.17752e-05 1.23012e-08  1.14938e-05 1.14879e-05 5.85417e-09  2.50064e-06 2.50042e-06 7.36073e-09  -7.7495e-06 -7.74645e-06 8.5899e-09  -1.76803e-05 -1.76751e-05 1.19021e-08  -2.63265e-05 -2.63204e-05 6.24505e-09  -3.68457e-05 -3.68323e-05 1.1596e-08  -4.41888e-05 -4.4176e-05 7.14816e-09  -5.18301e-05 -5.18111e-05 5.96543e-09  -5.96349e-05 -5.96139e-05 7.74625e-09  -6.45126e-05 -6.44899e-05 2.89879e-09  -7.02288e-05 -7.02055e-05 7.72989e-09  -7.33544e-05 -7.33344e-05 1.9317e-09  -7.56316e-05 -7.56091e-05 -1.13457e-09  -7.74655e-05 -7.74482e-05 3.40941e-09  -7.73671e-05 -7.73582e-05 -8.06469e-09  -7.62306e-05 -7.6271e-05 -9.07596e-09  -7.41434e-05 -7.43192e-05 -8.7909e-09  -7.18375e-05 -7.22679e-05 -1.54513e-08  -6.85333e-05 -6.93996e-05 -1.05575e-07  -6.70335e-05 -6.85299e-05 -3.20654e-07  -5.4864e-05 -5.51154e-05 7.27311e-07  -1.69579e-05 -1.52368e-05 -4.53058e-08  -3.4197e-05 -3.17124e-05 -1.81935e-07  -1.5804e-05 -1.56615e-05 -7.51665e-07  -1.4828e-05 -1.50468e-05 7.56658e-07  -8.31808e-06 -8.58194e-06 -1.69668e-07  6.58727e-05 8.50656e-05 -1.84418e-06  8.1737e-05 0.000107296 4.18666e-07  2.41717e-05 3.46153e-05 1.00739e-06  3.56071e-05 4.81775e-05 -6.4058e-07  6.03532e-05 8.15001e-05 8.42066e-07  2.28696e-05 3.25316e-05 -3.14116e-07  2.38418e-05 3.5012e-05 -1.19292e-07  2.42595e-05 3.54737e-05 3.0323e-08  2.48825e-05 3.60824e-05 4.10198e-08  2.59033e-05 3.73599e-05 2.43387e-08  2.66339e-05 3.83171e-05 1.30057e-08  2.76463e-05 3.97365e-05 6.03064e-09  2.81496e-05 4.04419e-05 1.67342e-09  2.80467e-05 4.0294e-05 1.03303e-09  2.78205e-05 3.99677e-05 1.35384e-09  2.65209e-05 3.8101e-05 1.07502e-09  2.5238e-05 3.62592e-05 3.83518e-09  2.31678e-05 3.32776e-05 3.86022e-09  2.08534e-05 2.99612e-05 1.23378e-09  1.73257e-05 2.48918e-05 3.60359e-10  1.47593e-05 2.12016e-05 5.90498e-09  1.08464e-05 1.55801e-05 2.52145e-09  7.80953e-06 1.12183e-05 6.55629e-09  3.31448e-06 4.76271e-06 3.214e-09  2.89723e-07 4.14156e-07 2.94472e-09  -4.03892e-06 -5.80111e-06 7.3149e-09  -7.82793e-06 -1.12475e-05 3.53278e-09  -1.22404e-05 -1.75828e-05 6.30511e-09  -1.54961e-05 -2.2262e-05 2.93768e-09  -1.8901e-05 -2.71515e-05 3.7313e-09  -2.21363e-05 -3.17953e-05 5.11917e-09  -2.46108e-05 -3.53528e-05 2.91329e-09  -2.70557e-05 -3.88556e-05 3.81215e-09  -2.863e-05 -4.11266e-05 1.20868e-09  -3.00753e-05 -4.31968e-05 3.53639e-09  -3.10012e-05 -4.45243e-05 3.04283e-09  -3.12944e-05 -4.49532e-05 -1.32103e-09  -3.11394e-05 -4.47407e-05 8.19734e-09  -3.06671e-05 -4.40749e-05 1.20818e-08  -2.93406e-05 -4.22114e-05 3.11332e-08  -2.78528e-05 -4.02164e-05 5.1876e-08  -2.60143e-05 -3.78572e-05 1.43897e-07  -2.69322e-05 -4.08066e-05 2.85923e-07  -1.95458e-05 -2.37429e-05 -5.20999e-07  -2.87119e-05 -3.52185e-05 1.93532e-07  -2.38669e-05 -3.04313e-05 -4.63751e-07  -1.20271e-05 -1.62457e-05 5.00409e-07  -1.64716e-05 -2.06217e-05 -1.54467e-07  -8.68795e-07 -1.12139e-06 -4.31895e-08  8.39179e-05 0.0001346 4.77063e-07  2.87034e-05 4.83169e-05 1.57009e-06  2.29104e-05 3.82285e-05 -1.29157e-06  2.81755e-05 5.05196e-05 2.14898e-07  1.63381e-05 3.3329e-05 -5.77048e-07  2.36074e-05 3.42741e-05 3.3112e-07  0 0 0  2.45999e-05 3.61225e-05 -1.20108e-07  2.4868e-05 3.62331e-05 -1.16266e-07  2.55182e-05 3.69074e-05 -6.82616e-08  4.55339e-05 7.96229e-05 2.43371e-09  4.72083e-05 8.23439e-05 1.11836e-09  4.83534e-05 8.42843e-05 -1.1938e-09  4.85718e-05 8.46385e-05 6.05668e-09  4.82132e-05 8.39945e-05 -3.40858e-09  4.71653e-05 8.21529e-05 9.31593e-09  4.42937e-05 7.71358e-05 -1.68373e-10  4.12558e-05 7.18719e-05 -3.42044e-09  3.81688e-05 6.64857e-05 1.00451e-08  3.28916e-05 5.72938e-05 4.26681e-09  2.75319e-05 4.78994e-05 9.42235e-09  2.17367e-05 3.77956e-05 4.73705e-09  1.53315e-05 2.66461e-05 3.82303e-09  1.02417e-05 1.77648e-05 9.99314e-09  2.79518e-06 4.80665e-06 1.0576e-08  -4.63754e-06 -8.12248e-06 1.02148e-08  -9.81483e-06 -1.71387e-05 5.81392e-09  -1.88888e-05 -3.2937e-05 9.44723e-09  -2.36994e-05 -4.13046e-05 6.02093e-09  -2.95242e-05 -5.16987e-05 5.53401e-09  -3.62471e-05 -6.31588e-05 1.15399e-08  -3.99247e-05 -6.95503e-05 2.58901e-10  -4.52798e-05 -7.89045e-05 1.15221e-08  -4.79512e-05 -8.35495e-05 -1.27658e-09  -5.04653e-05 -8.79532e-05 -8.26278e-11  -5.25796e-05 -9.16498e-05 -7.82655e-10  -5.38422e-05 -9.38011e-05 5.28813e-10  -5.36628e-05 -9.35502e-05 -3.83589e-10  -5.32479e-05 -9.26887e-05 -1.13572e-09  -5.14043e-05 -8.9345e-05 -2.71023e-09  -4.93532e-05 -8.58697e-05 -6.92367e-09  -4.5613e-05 -8.01088e-05 -1.39422e-09  -2.61091e-05 -3.86908e-05 -5.21782e-07  -5.18022e-05 -8.60154e-05 -2.32347e-07  -2.89881e-05 -5.04299e-05 3.55579e-07  -1.04361e-05 -1.74075e-05 3.99935e-07  -1.02754e-05 -1.62432e-05 -6.2211e-07  -1.51197e-05 -2.67001e-05 6.03172e-08  -1.17986e-05 -2.06482e-05 1.68139e-07  0.000134277 0.000314818 5.08768e-07  4.31764e-05 0.00010279 -1.99823e-07  3.28909e-05 8.17699e-05 -1.96581e-07  2.78693e-05 6.93968e-05 -2.46508e-08  2.8705e-05 6.7908e-05 1.26419e-07  3.82835e-05 8.86916e-05 9.80703e-07  2.0212e-05 4.76103e-05 -5.4872e-07  3.5961e-05 8.22522e-05 -1.85681e-07  3.617e-05 8.04953e-05 -4.01664e-08  3.72192e-05 8.15763e-05 -7.97778e-09  1.9638e-05 4.27016e-05 -3.14407e-08  1.99462e-05 4.32694e-05 -8.82256e-09  2.03431e-05 4.4098e-05 -2.76213e-09  2.02576e-05 4.38934e-05 -2.14458e-10  1.99346e-05 4.32018e-05 1.48148e-09  1.90548e-05 4.12812e-05 1.90469e-09  1.8024e-05 3.90551e-05 3.46826e-09  1.6572e-05 3.59145e-05 3.57797e-09  1.47595e-05 3.19762e-05 2.3881e-09  1.2571e-05 2.72348e-05 1.69828e-09  9.76644e-06 2.11599e-05 9.49077e-10  7.60863e-06 1.6486e-05 2.25185e-09  5.12565e-06 1.11075e-05 6.79247e-09  2.05625e-06 4.4537e-06 3.88001e-09  -1.67256e-07 -3.58029e-07 2.69327e-09  -3.22133e-06 -6.98404e-06 6.93741e-09  -6.18744e-06 -1.34056e-05 3.5637e-09  -9.03748e-06 -1.95889e-05 5.94466e-09  -1.14005e-05 -2.47014e-05 2.48722e-09  -1.37762e-05 -2.98515e-05 2.32731e-09  -1.60221e-05 -3.47312e-05 4.395e-09  -1.77858e-05 -3.85455e-05 1.3471e-09  -1.95648e-05 -4.2411e-05 3.95178e-09  -2.07822e-05 -4.50455e-05 2.86905e-09  -2.18374e-05 -4.73278e-05 3.51298e-09  -2.23428e-05 -4.84247e-05 -1.61386e-09  -2.24901e-05 -4.87614e-05 1.60033e-09  -2.22693e-05 -4.82641e-05 1.7866e-08  -2.14663e-05 -4.64175e-05 5.14484e-08  -2.08167e-05 -4.49132e-05 5.4421e-09  -1.94853e-05 -4.2218e-05 -9.87246e-08  -1.63226e-05 -3.54157e-05 1.52225e-07  -3.19612e-05 -7.35981e-05 -1.06508e-06  -1.8656e-05 -4.75292e-05 1.28242e-06  -1.34133e-05 -3.58529e-05 -5.3002e-07  -2.04024e-05 -4.7932e-05 2.05171e-08  -1.56981e-05 -3.69235e-05 -7.53329e-08  -5.40836e-06 -1.45548e-05 4.45823e-07  -5.34184e-06 -1.38054e-05 -1.49163e-07  4.25424e-05 0.000166565 7.98985e-08  1.4134e-05 5.5704e-05 -1.60649e-06  1.01355e-05 4.15574e-05 1.1131e-06  9.58198e-06 3.94546e-05 -1.01541e-06  1.01993e-05 3.78836e-05 1.09106e-06  1.15553e-05 4.36861e-05 -9.93153e-07  1.03871e-05 4.82723e-05 4.85414e-07  1.02203e-05 4.23623e-05 2.71801e-07  2.09179e-05 8.3372e-05 -1.53262e-07  2.20698e-05 8.46346e-05 -8.32082e-08  2.30372e-05 8.68345e-05 -4.0261e-08  2.37238e-05 8.88373e-05 -1.27647e-08  2.40997e-05 9.00508e-05 -3.60093e-09  2.40872e-05 8.99636e-05 2.55235e-10  2.36844e-05 8.84354e-05 3.22009e-09  2.28022e-05 8.51515e-05 1.82283e-09  2.15753e-05 8.05561e-05 3.44784e-09  1.9814e-05 7.39977e-05 3.56838e-09  1.7835e-05 6.66029e-05 6.75062e-09  1.51743e-05 5.66743e-05 6.37474e-09  1.23848e-05 4.62376e-05 6.67848e-09  9.26516e-06 3.45982e-05 7.79469e-09  6.09147e-06 2.27437e-05 6.03616e-09  2.66273e-06 9.94297e-06 8.42288e-09  2.72992e-08 9.98945e-08 7.78655e-09  -3.63893e-06 -1.35882e-05 6.79386e-09  -7.1205e-06 -2.65875e-05 8.31778e-09  -1.03798e-05 -3.876e-05 7.20679e-09  -1.3336e-05 -4.97927e-05 9.27791e-09  -1.61562e-05 -6.03229e-05 5.46511e-09  -1.86096e-05 -6.94805e-05 5.71569e-09  -2.10849e-05 -7.86998e-05 8.28234e-09  -2.28741e-05 -8.5389e-05 3.67128e-09  -2.42401e-05 -9.05027e-05 2.16438e-09  -2.55861e-05 -9.55235e-05 2.59634e-09  -2.64309e-05 -9.86986e-05 4.71407e-09  -2.67045e-05 -9.96961e-05 3.56833e-09  -2.65012e-05 -9.88658e-05 -1.64088e-08  -2.5858e-05 -9.60426e-05 -2.52287e-08  -2.46096e-05 -9.01643e-05 1.38149e-07  -2.37713e-05 -8.76006e-05 -2.85851e-08  -2.41017e-05 -9.20206e-05 -6.69363e-07  -1.12654e-05 -4.2648e-05 1.07369e-06  -1.40047e-05 -4.59565e-05 -1.73957e-06  -1.26116e-05 -4.24229e-05 1.50969e-06  -6.91442e-06 -2.66429e-05 -6.89381e-07  -5.38683e-06 -2.07417e-05 5.72679e-07  -3.54192e-06 -1.34835e-05 -4.14857e-07  -2.78084e-06 -1.06463e-05 2.20596e-07  2.42202e-05 0.000158049 6.88356e-07  7.81157e-06 5.33543e-05 1.50896e-06  6.82136e-06 4.66146e-05 -1.28139e-06  5.62307e-06 3.79609e-05 1.02976e-06  5.55307e-06 3.76905e-05 -9.30099e-07  7.66928e-06 4.615e-05 1.72541e-06  8.33879e-06 4.82374e-05 -1.43153e-06  1.17571e-05 8.47509e-05 -9.18635e-08  3.0803e-06 4.05866e-05 2.72948e-07  3.6943e-06 4.13436e-05 1.37349e-07  4.02867e-06 4.20234e-05 6.08812e-08  8.41187e-06 8.61354e-05 -3.304e-08  8.66816e-06 8.73899e-05 -1.04274e-08  8.70561e-06 8.73468e-05 -1.43362e-09  8.63457e-06 8.65719e-05 5.05283e-09  8.33513e-06 8.35208e-05 2.57362e-09  7.8841e-06 7.90186e-05 4.74533e-09  7.29672e-06 7.31011e-05 4.27205e-09  6.58174e-06 6.59772e-05 3.26837e-09  5.67059e-06 5.68138e-05 3.49936e-09  4.7905e-06 4.80345e-05 7.03502e-09  3.60154e-06 3.61144e-05 4.04135e-09  2.4215e-06 2.42344e-05 7.28511e-09  1.34201e-06 1.34885e-05 6.33696e-09  2.78303e-07 2.78071e-06 7.82599e-09  -1.05212e-06 -1.05564e-05 7.57131e-09  -2.18492e-06 -2.19097e-05 7.8813e-09  -3.50385e-06 -3.515e-05 1.04881e-08  -4.42907e-06 -4.44357e-05 5.87167e-09  -5.67522e-06 -5.69137e-05 7.30563e-09  -6.48457e-06 -6.50643e-05 7.31288e-09  -7.34314e-06 -7.37051e-05 5.83504e-09  -8.09971e-06 -8.13337e-05 3.43248e-09  -8.71329e-06 -8.74775e-05 3.72416e-09  -9.09824e-06 -9.14596e-05 1.83611e-10  -9.42451e-06 -9.46919e-05 5.07074e-09  -9.58772e-06 -9.6261e-05 8.19e-10  -9.50989e-06 -9.60594e-05 -3.49747e-08  -9.33163e-06 -9.55046e-05 -1.05935e-07  -1.31629e-05 -0.000129833 3.55059e-07  -8.23481e-06 -7.76323e-05 -7.59449e-07  -4.38663e-06 -5.20111e-05 4.61409e-07  -8.94321e-06 -5.30539e-05 -1.40837e-06  -7.08567e-06 -4.33838e-05 1.27999e-06  -5.65951e-06 -3.44406e-05 -9.38545e-07  -4.67042e-06 -2.88759e-05 8.138e-07  -3.14973e-06 -2.0278e-05 -5.78327e-07  -2.33411e-06 -1.50773e-05 4.3535e-07  -1.78965e-06 -1.15462e-05 -9.94033e-08  -2.53682e-05 0.000164573 -1.0377e-07  -8.76926e-06 5.66829e-05 -1.63792e-06  -6.64515e-06 4.28272e-05 1.24868e-06  -6.3036e-06 4.08241e-05 -1.17411e-06  -5.82535e-06 3.74125e-05 1.11017e-06  -5.63489e-06 3.68581e-05 -1.06853e-06  -9.13297e-06 7.53833e-05 -1.42949e-07  -1.01631e-05 7.69339e-05 4.09837e-08  -7.4929e-06 7.88925e-05 1.27767e-08  -2.91906e-06 4.08114e-05 -2.31985e-07  -1.06739e-05 7.85888e-05 9.42017e-08  -1.00968e-05 7.91969e-05 5.86124e-08  -1.00437e-05 8.02045e-05 2.61521e-08  -1.00448e-05 8.0123e-05 6.64637e-09  -9.92795e-06 7.89627e-05 3.6547e-09  -9.6713e-06 7.63475e-05 2.82373e-09  -9.14591e-06 7.16829e-05 1.41199e-09  -8.41501e-06 6.57575e-05 1.37448e-09  -7.56588e-06 5.85992e-05 1.79801e-09  -6.61779e-06 5.09233e-05 5.94464e-09  -5.58854e-06 4.24562e-05 6.10242e-09  -4.28424e-06 3.09922e-05 5.51352e-09  -2.97931e-06 2.13356e-05 9.45723e-09  -1.6942e-06 1.04731e-05 5.18551e-09  -2.74415e-07 -6.08892e-07 8.97666e-09  1.16456e-06 -1.18202e-05 1.02112e-08  2.43996e-06 -2.29449e-05 7.91161e-09  3.92731e-06 -3.40911e-05 8.43685e-09  5.18129e-06 -4.404e-05 7.19625e-09  6.33851e-06 -5.33379e-05 8.13121e-09  7.48636e-06 -6.20827e-05 8.72055e-09  8.46316e-06 -6.97049e-05 6.22079e-09  9.33962e-06 -7.62701e-05 6.11941e-09  9.97566e-06 -8.05816e-05 -6.58684e-10  1.04495e-05 -8.43025e-05 -1.5817e-09  1.0926e-05 -8.64398e-05 -1.31944e-09  2.00394e-05 -0.000129323 1.25014e-08  1.15957e-05 -8.6451e-05 -1.4375e-08  2.99642e-06 -4.64461e-05 -2.3399e-07  3.38091e-06 -5.08369e-05 2.47398e-07  0 0 0  9.44683e-06 -9.63339e-05 4.32625e-08  1.46357e-05 -8.6584e-05 -6.26087e-08  5.45022e-06 -3.74617e-05 -1.12904e-06  5.08973e-06 -3.38432e-05 1.01322e-06  3.88162e-06 -2.60179e-05 -7.64377e-07  3.2679e-06 -2.16643e-05 6.35531e-07  2.08842e-06 -1.37634e-05 -4.12693e-07  1.70538e-06 -1.1188e-05 2.37113e-07  -3.74947e-05 0.000145361 4.74233e-07  -1.35533e-05 5.22408e-05 1.5808e-06  -1.15295e-05 4.44942e-05 -1.30485e-06  -1.00023e-05 3.85416e-05 1.15809e-06  -9.1088e-06 3.53092e-05 -1.03161e-06  -1.92963e-05 7.13266e-05 1.22595e-08  -7.02335e-06 3.76065e-05 -8.46899e-07  -1.13618e-05 3.45579e-05 7.3187e-07  -2.0071e-05 7.33599e-05 6.58193e-09  -1.7804e-05 7.48606e-05 7.14186e-09  -2.09649e-05 7.37522e-05 -2.15916e-08  -2.07495e-05 7.51551e-05 -1.33501e-09  -2.10012e-05 7.63284e-05 3.18922e-09  -2.08689e-05 7.58078e-05 2.33222e-09  -2.05687e-05 7.47824e-05 1.68165e-09  -1.95989e-05 7.13443e-05 2.83419e-09  -1.83478e-05 6.68391e-05 5.00622e-09  -1.65857e-05 6.04504e-05 5.52606e-09  -1.46785e-05 5.3522e-05 4.98466e-09  -1.29847e-05 4.73962e-05 5.71884e-09  -1.00072e-05 3.66085e-05 7.13898e-09  -7.33193e-06 2.67586e-05 8.0253e-09  -4.59442e-06 1.68516e-05 4.07431e-09  -1.66489e-06 6.21147e-06 8.2967e-09  1.40604e-06 -4.9852e-06 7.56576e-09  3.52225e-06 -1.27012e-05 4.92094e-09  6.67075e-06 -2.41607e-05 7.58163e-09  9.58568e-06 -3.47824e-05 6.43375e-09  1.22687e-05 -4.45545e-05 8.9538e-09  1.45156e-05 -5.27054e-05 6.14129e-09  1.67425e-05 -6.09567e-05 5.68979e-09  1.86094e-05 -6.76441e-05 2.9804e-09  2.0248e-05 -7.36112e-05 2.59109e-09  2.1338e-05 -7.75841e-05 3.13716e-09  2.21552e-05 -7.99756e-05 1.96842e-09  2.31183e-05 -8.15806e-05 5.8117e-10  8.21575e-06 -3.98454e-05 -2.24139e-08  2.1064e-05 -7.49173e-05 -3.01732e-08  1.93764e-05 -8.58988e-05 -1.40911e-07  2.67595e-05 -0.000108883 -1.18981e-06  2.08051e-05 -8.79441e-05 1.54757e-06  2.29006e-05 -7.72217e-05 -5.03085e-08  0 0 0  1.98099e-05 -7.54552e-05 -5.36527e-08  7.75302e-06 -3.05621e-05 -9.34502e-07  6.8202e-06 -2.66061e-05 8.05393e-07  4.8656e-06 -1.8941e-05 -5.77222e-07  3.77266e-06 -1.46383e-05 4.42743e-07  2.97198e-06 -1.15055e-05 -1.3295e-07  -0.000130787 0.000304646 7.4725e-07  -4.44776e-05 0.000103784 1.37152e-08  -3.78935e-05 8.7575e-05 -1.60785e-07  -3.17919e-05 7.41463e-05 2.96467e-08  -2.8792e-05 6.67627e-05 -2.61985e-08  -1.24885e-05 3.36389e-05 -1.03046e-06  -2.73895e-05 6.81935e-05 1.1007e-08  -2.72497e-05 6.89684e-05 -8.00626e-08  -3.02478e-05 6.81625e-05 -1.53688e-07  -2.77975e-05 6.97822e-05 -1.80153e-07  -1.35308e-05 3.57804e-05 -2.82218e-07  -3.02632e-05 6.96319e-05 -5.01992e-09  -3.11854e-05 7.17048e-05 1.24858e-10  -3.1448e-05 7.21318e-05 4.93677e-10  -3.09269e-05 7.10037e-05 -5.40566e-10  -2.97292e-05 6.83779e-05 2.0187e-09  -2.79853e-05 6.44365e-05 3.26251e-09  -2.54958e-05 5.86912e-05 3.96181e-09  -2.25971e-05 5.20322e-05 2.26799e-09  -1.97738e-05 4.56991e-05 7.31157e-09  -1.53664e-05 3.54874e-05 6.37739e-09  -1.22206e-05 2.80922e-05 4.33785e-09  -7.2869e-06 1.69208e-05 7.813e-09  -3.18369e-06 7.43787e-06 6.15223e-09  1.38682e-06 -3.17111e-06 7.18975e-09  4.94359e-06 -1.12009e-05 8.91657e-09  9.15105e-06 -2.10162e-05 7.77414e-09  1.34513e-05 -3.09585e-05 7.30024e-09  1.78959e-05 -4.11309e-05 8.50351e-09  2.12005e-05 -4.87814e-05 1.02687e-08  2.46929e-05 -5.675e-05 8.32558e-09  2.74167e-05 -6.31239e-05 7.75979e-09  2.98741e-05 -6.87558e-05 7.82263e-09  3.14207e-05 -7.21874e-05 6.09524e-09  3.1901e-05 -7.32809e-05 -2.4371e-09  1.38339e-05 -3.86731e-05 -1.84472e-07  2.92409e-05 -7.90129e-05 -1.78701e-07  1.24074e-05 -3.35262e-05 3.24986e-07  4.42031e-05 -0.000112168 -4.58109e-07  1.70921e-05 -4.14059e-05 5.40953e-07  1.67876e-05 -4.02164e-05 -6.11836e-07  1.46076e-05 -3.51147e-05 8.77744e-07  2.90532e-05 -7.48623e-05 -9.14024e-08  1.24864e-05 -3.39835e-05 -1.07932e-06  2.4704e-05 -5.79592e-05 4.33434e-08  2.04987e-05 -4.78225e-05 3.61881e-08  1.56603e-05 -3.68301e-05 4.27938e-08  1.1211e-05 -2.60108e-05 3.18257e-08  8.96835e-06 -2.08269e-05 1.28196e-07  -9.37306e-05 0.000149938 4.22131e-07  -3.53645e-05 5.66833e-05 -1.95158e-06  -2.50225e-05 4.01107e-05 1.40688e-06  -2.28602e-05 3.66473e-05 -1.26571e-06  -3.85907e-05 6.16373e-05 5.05588e-08  -3.22576e-05 6.42801e-05 2.5572e-09  -3.97605e-05 6.11744e-05 1.23377e-08  -3.53092e-05 6.46013e-05 -1.0173e-10  -1.93469e-05 3.08575e-05 5.74075e-07  -3.70198e-05 6.22143e-05 -1.5115e-07  -3.51211e-05 6.42119e-05 -1.61533e-07  -1.75351e-05 3.32569e-05 -1.42784e-07  -1.74571e-05 3.37608e-05 7.93066e-08  -1.82242e-05 3.49722e-05 2.83694e-08  -1.82345e-05 3.49018e-05 -5.70891e-10  -1.76371e-05 3.37798e-05 -1.44137e-08  -1.6694e-05 3.20259e-05 -9.17964e-09  -1.5358e-05 2.94974e-05 -1.99959e-09  -1.36459e-05 2.62175e-05 3.87116e-10  -1.18872e-05 2.28421e-05 1.34059e-09  -9.4728e-06 1.82032e-05 1.2597e-09  -7.73912e-06 1.48711e-05 3.97768e-09  -4.77227e-06 9.17196e-06 2.03096e-09  -2.78642e-06 5.35497e-06 5.25026e-09  4.75173e-08 -8.81944e-08 4.35595e-09  2.4892e-06 -4.78075e-06 3.53121e-09  4.75331e-06 -9.13105e-06 3.95324e-09  7.22576e-06 -1.38804e-05 5.75702e-09  9.50035e-06 -1.82554e-05 4.61836e-09  1.14691e-05 -2.2037e-05 3.73661e-09  1.35551e-05 -2.60534e-05 3.35995e-09  1.53302e-05 -2.94715e-05 3.26455e-09  1.66647e-05 -3.20361e-05 -2.6893e-09  1.77888e-05 -3.41739e-05 -1.34302e-08  1.76982e-05 -3.39555e-05 -4.11021e-09  3.82587e-05 -7.19435e-05 -2.60579e-08  4.32623e-05 -7.7564e-05 -3.80671e-07  6.74166e-05 -0.000120225 4.39935e-07  5.65467e-05 -9.25642e-05 -7.57132e-07  4.4538e-05 -8.11514e-05 -1.01662e-06  4.75768e-05 -8.46109e-05 6.6826e-07  6.20985e-05 -0.000109802 1.08798e-06  4.23128e-05 -6.60369e-05 -8.18161e-08  5.12211e-05 -9.58258e-05 -1.07834e-06  1.68078e-05 -2.68884e-05 9.30383e-07  1.31634e-05 -2.11766e-05 -7.42344e-07  1.08651e-05 -1.74575e-05 6.07799e-07  7.06819e-06 -1.13484e-05 -3.99426e-07  5.30789e-06 -8.51875e-06 2.1226e-07  -0.000106591 0.000137709 5.07633e-07  -3.51674e-05 4.54252e-05 1.71851e-06  -3.18662e-05 4.11573e-05 -1.53971e-06  -2.61384e-05 3.37664e-05 1.26587e-06  -2.44435e-05 3.15851e-05 -1.17941e-06  -4.55216e-05 5.80839e-05 -1.91093e-08  0 0 0  -6.76504e-05 8.64424e-05 7.78693e-07  -2.1954e-05 3.10927e-05 -8.06412e-07  -2.17997e-05 2.7383e-05 5.28716e-07  -4.12457e-05 5.42775e-05 -1.86799e-07  -4.16524e-05 5.82633e-05 -1.06263e-07  -4.50778e-05 6.31229e-05 1.63096e-07  -4.83203e-05 6.67192e-05 4.08745e-08  -4.85826e-05 6.6856e-05 1.40012e-08  -4.71199e-05 6.49242e-05 -8.99486e-09  -4.46926e-05 6.17299e-05 -2.19806e-09  -4.11472e-05 5.6914e-05 1.33966e-09  -3.69713e-05 5.11689e-05 3.46316e-09  -3.17373e-05 4.39282e-05 4.70025e-09  -2.6638e-05 3.68686e-05 5.16473e-09  -2.1262e-05 2.94352e-05 7.44904e-09  -1.38848e-05 1.92186e-05 4.10966e-09  -8.42933e-06 1.16733e-05 9.88031e-09  -1.31889e-06 1.82519e-06 8.36302e-09  5.39953e-06 -7.47498e-06 9.47421e-09  1.16162e-05 -1.60805e-05 6.05934e-09  1.86923e-05 -2.58741e-05 9.82055e-09  2.49291e-05 -3.45243e-05 1.18981e-08  2.99148e-05 -4.14583e-05 9.7395e-09  3.54529e-05 -4.91777e-05 1.21361e-08  3.99014e-05 -5.53873e-05 9.96271e-09  4.30825e-05 -5.98159e-05 9.07289e-09  6.99288e-05 -9.68296e-05 -6.60425e-08  4.45836e-05 -6.15482e-05 1.86126e-07  4.50317e-05 -6.09574e-05 -8.61658e-07  2.99477e-05 -3.81643e-05 7.26114e-07  4.40834e-05 -5.19114e-05 -8.90352e-08  3.73964e-05 -4.51387e-05 7.75724e-07  3.54317e-05 -4.49549e-05 -1.29817e-06  2.92378e-05 -3.72924e-05 1.2861e-06  5.25829e-05 -6.57628e-05 -5.73663e-08  0 0 0  4.36135e-05 -5.58321e-05 -7.81628e-08  1.81947e-05 -2.35425e-05 -8.88354e-07  1.59073e-05 -2.05602e-05 7.68248e-07  1.16875e-05 -1.51125e-05 -5.69726e-07  1.01122e-05 -1.30727e-05 4.86476e-07  6.23337e-06 -8.05328e-06 -1.29119e-07  -0.000118235 0.0001247 2.49802e-07  -4.02265e-05 4.23458e-05 -1.69368e-06  -3.34408e-05 3.52038e-05 1.42397e-06  -2.9775e-05 3.13408e-05 -1.25901e-06  -5.13621e-05 5.39567e-05 4.89443e-08  0 0 0  -5.20724e-05 5.36019e-05 1.09986e-09  -2.59981e-05 2.53865e-05 8.34115e-07  -5.19496e-05 5.43701e-05 -1.21949e-07  -5.11993e-05 5.16939e-05 -3.9463e-08  -6.96852e-05 6.80137e-05 -7.71359e-07  -4.35672e-05 4.68548e-05 8.67795e-07  -6.15703e-05 6.29849e-05 -1.80526e-07  -6.11525e-05 6.16718e-05 -3.00262e-08  -6.1426e-05 6.17529e-05 -4.91872e-08  -5.92529e-05 5.97803e-05 4.52015e-09  -5.56268e-05 5.62672e-05 8.52331e-09  -5.13887e-05 5.20504e-05 1.00202e-08  -4.59036e-05 4.65072e-05 9.36981e-09  -3.88778e-05 3.93909e-05 4.13792e-09  -3.29331e-05 3.33714e-05 4.47509e-09  -2.46127e-05 2.49428e-05 2.49477e-09  -1.63582e-05 1.6584e-05 9.40592e-09  -9.33661e-06 9.4616e-06 9.3309e-09  1.19092e-07 -1.1848e-07 4.5998e-09  7.97438e-06 -8.07727e-06 9.47013e-09  1.65752e-05 -1.67896e-05 1.15552e-08  2.54031e-05 -2.57412e-05 1.14411e-08  3.32398e-05 -3.37241e-05 1.92081e-08  3.97026e-05 -4.03596e-05 1.3845e-08  4.65022e-05 -4.73459e-05 1.20896e-08  5.11215e-05 -5.21264e-05 1.45254e-08  5.39751e-05 -5.50937e-05 2.28217e-08  5.74822e-05 -5.85944e-05 -3.03661e-08  6.39539e-05 -6.46221e-05 -1.53638e-07  6.11397e-05 -6.18776e-05 6.71654e-07  8.52503e-05 -8.70823e-05 -1.82973e-07  8.06584e-05 -8.2112e-05 2.87556e-07  3.50428e-05 -3.76962e-05 -1.80852e-06  3.96418e-05 -4.20659e-05 1.80979e-06  3.30214e-05 -3.39112e-05 -1.2578e-06  3.07613e-05 -3.16065e-05 1.20376e-06  5.4342e-05 -5.62795e-05 -1.20164e-07  0 0 0  4.39925e-05 -4.62131e-05 -9.15702e-08  1.63901e-05 -1.72611e-05 -7.09238e-07  1.46882e-05 -1.54622e-05 6.28347e-07  8.98354e-06 -9.45483e-06 -3.9e-07  8.19897e-06 -8.62669e-06 2.38913e-07  -0.000260587 0.000201413 7.69147e-07  -8.79416e-05 6.78848e-05 -4.49842e-08  -7.60234e-05 5.89217e-05 -2.84364e-08  -6.57027e-05 5.07809e-05 -2.11659e-08  -8.94531e-05 6.68865e-05 -1.12633e-06  -5.65494e-05 4.82705e-05 -1.52941e-08  -6.20413e-05 4.26324e-05 -1.56628e-09  -8.95334e-05 6.91309e-05 9.93192e-07  -2.9505e-05 2.32294e-05 8.29648e-07  -2.90971e-05 2.29514e-05 -8.47543e-07  -5.46091e-05 4.03303e-05 -2.72179e-08  -7.37459e-05 5.91612e-05 7.05258e-07  -6.87229e-05 5.05147e-05 5.70141e-08  -7.30437e-05 5.28381e-05 1.07956e-07  -7.36612e-05 5.32816e-05 -5.78001e-08  -7.07749e-05 5.14454e-05 6.73539e-09  -6.61306e-05 4.81679e-05 6.3702e-09  -6.12277e-05 4.4623e-05 6.52124e-09  -5.38807e-05 3.92857e-05 3.71987e-09  -4.73519e-05 3.45184e-05 9.14553e-09  -3.95025e-05 2.87973e-05 5.85961e-09  -2.82392e-05 2.05889e-05 3.96185e-09  -1.88459e-05 1.37407e-05 8.81542e-09  -9.92064e-06 7.23221e-06 7.59055e-09  1.2091e-06 -8.84094e-07 8.71058e-09  1.09754e-05 -7.9894e-06 8.45739e-09  2.15802e-05 -1.57121e-05 1.06549e-08  3.20019e-05 -2.33402e-05 7.46435e-09  4.14352e-05 -3.0302e-05 1.20153e-08  4.97391e-05 -3.64762e-05 7.43772e-09  5.77592e-05 -4.24383e-05 3.00301e-09  6.19106e-05 -4.55737e-05 1.00038e-08  6.60992e-05 -4.88869e-05 6.16638e-08  6.49505e-05 -4.8414e-05 2.2332e-07  7.36912e-05 -5.42784e-05 2.58793e-08  9.47381e-05 -7.35051e-05 1.18902e-07  5.28227e-05 -3.9789e-05 -2.46768e-06  5.22274e-05 -3.88919e-05 2.39728e-06  8.08261e-05 -6.23838e-05 -3.37597e-07  8.13314e-05 -6.28577e-05 1.55454e-09  7.64229e-05 -5.86737e-05 7.57185e-08  0.000103819 -8.16217e-05 1.23022e-06  6.38783e-05 -4.40464e-05 -1.02461e-07  5.37282e-05 -4.58781e-05 -5.95584e-08  7.45908e-05 -5.54771e-05 -9.92021e-07  4.09831e-05 -3.18028e-05 2.50522e-08  3.29298e-05 -2.54142e-05 3.38705e-08  2.13807e-05 -1.66579e-05 4.35625e-08  1.82137e-05 -1.41313e-05 7.50757e-08  -0.000148318 8.20669e-05 6.91622e-07  -4.67685e-05 2.59174e-05 1.60711e-06  -4.26949e-05 2.36537e-05 -1.43733e-06  -3.55073e-05 1.96864e-05 1.19916e-06  -3.28257e-05 1.82084e-05 -1.09554e-06  -6.59216e-05 3.64314e-05 -1.94161e-08  0 0 0  -6.76088e-05 3.67941e-05 -2.68025e-08  -6.77882e-05 4.0326e-05 -3.48561e-08  -6.73959e-05 3.88876e-05 -2.15249e-07  -9.90205e-05 5.41369e-05 -8.72465e-07  -5.50398e-05 3.37204e-05 -5.55908e-09  -6.11422e-05 3.20136e-05 4.81498e-07  -4.59335e-05 2.20072e-05 -2.17067e-07  -4.13357e-05 2.04018e-05 1.01312e-07  -4.06924e-05 2.01448e-05 2.86434e-08  -3.88236e-05 1.92111e-05 1.02394e-08  -3.52137e-05 1.74246e-05 9.32334e-10  -3.18746e-05 1.57698e-05 -1.60266e-09  -2.86032e-05 1.4151e-05 5.12494e-09  -2.37987e-05 1.17771e-05 6.56966e-09  -1.74051e-05 8.61647e-06 3.83971e-09  -1.2291e-05 6.08734e-06 5.56309e-09  -7.0028e-06 3.46694e-06 3.69334e-09  -1.38497e-06 6.85868e-07 3.4373e-09  6.01372e-06 -2.97024e-06 5.48213e-09  1.18117e-05 -5.83408e-06 2.94143e-09  1.7523e-05 -8.6794e-06 -6.41313e-09  2.31451e-05 -1.1516e-05 -1.43891e-08  2.82907e-05 -1.41259e-05 -1.30818e-08  3.3216e-05 -1.65875e-05 -3.20471e-09  3.54417e-05 -1.77131e-05 -2.28507e-08  3.78405e-05 -1.91205e-05 -8.4386e-08  6.90159e-05 -3.60914e-05 3.5797e-07  3.26467e-05 -1.75354e-05 1.42609e-07  8.24716e-05 -4.94124e-05 -3.45791e-07  9.55737e-05 -5.43646e-05 4.01515e-08  4.71422e-05 -2.66753e-05 -1.58711e-06  4.71825e-05 -2.66289e-05 1.58944e-06  4.41767e-05 -2.44385e-05 -1.4345e-06  4.31085e-05 -2.38484e-05 1.40267e-06  7.69553e-05 -4.22659e-05 -5.44655e-08  0 0 0  6.21975e-05 -3.43901e-05 -5.86263e-08  2.5155e-05 -1.39644e-05 -8.56677e-07  2.3304e-05 -1.29326e-05 7.83691e-07  1.48993e-05 -8.26865e-06 -5.0694e-07  1.29736e-05 -7.202e-06 4.34207e-07  8.02386e-06 -4.454e-06 -1.40848e-07  -0.000154219 6.63239e-05 -1.2659e-07  -5.14957e-05 2.21163e-05 -1.61149e-06  -4.27655e-05 1.83662e-05 1.35861e-06  -3.81107e-05 1.63812e-05 -1.212e-06  -6.8299e-05 2.93361e-05 3.1282e-08  0 0 0  -7.06021e-05 3.01311e-05 -4.76609e-09  -3.59241e-05 1.50315e-05 1.04785e-06  -3.66564e-05 1.5333e-05 -1.07204e-06  -3.70637e-05 1.50809e-05 9.7005e-07  -3.71009e-05 1.50613e-05 -9.86613e-07  -7.37132e-05 2.97038e-05 2.2385e-08  -4.44147e-05 2.18903e-05 1.05097e-06  -4.80477e-05 2.32096e-05 -5.34126e-07  -4.14018e-05 2.04834e-05 1.96784e-08  -3.92148e-05 1.94132e-05 1.98458e-08  -3.68576e-05 1.82424e-05 4.28568e-09  -3.386e-05 1.67533e-05 5.40019e-09  -3.01691e-05 1.49236e-05 6.90706e-09  -2.55817e-05 1.26555e-05 2.15673e-09  -2.04146e-05 1.01036e-05 -4.61845e-11  -1.41636e-05 7.01336e-06 3.73683e-09  -8.86982e-06 4.39112e-06 5.63295e-09  -3.44246e-06 1.70315e-06 6.3116e-09  2.67769e-06 -1.32464e-06 4.17225e-09  9.78462e-06 -4.82968e-06 4.92374e-09  1.55435e-05 -7.68351e-06 1.46002e-08  2.12617e-05 -1.05488e-05 2.67891e-08  2.65791e-05 -1.32454e-05 2.29657e-08  3.1815e-05 -1.58876e-05 -8.28635e-09  3.51854e-05 -1.75698e-05 -2.04885e-09  3.71007e-05 -1.86093e-05 1.05221e-07  8.00553e-05 -3.23614e-05 -2.75267e-08  3.85702e-05 -1.33418e-05 -5.96043e-07  7.01298e-05 -2.95675e-05 4.72735e-08  8.67093e-05 -3.69156e-05 9.3042e-08  0 0 0  0.000101388 -4.49888e-05 -4.90992e-09  4.84846e-05 -2.09806e-05 -1.54699e-06  4.78292e-05 -2.0685e-05 1.51814e-06  4.46737e-05 -1.90409e-05 -1.38878e-06  4.20768e-05 -1.79292e-05 1.30708e-06  7.38201e-05 -3.15053e-05 -1.15995e-07  0 0 0  5.86482e-05 -2.5149e-05 -1.09672e-07  2.33424e-05 -1.0018e-05 -7.56344e-07  1.85708e-05 -7.97053e-06 5.95104e-07  1.23922e-05 -5.31822e-06 -4.05529e-07  1.05312e-05 -4.51922e-06 2.73989e-07  -0.000291711 7.44489e-05 5.5902e-07  -0.000105749 2.71568e-05 -6.64536e-08  -9.19784e-05 2.38894e-05 -2.95724e-08  -7.66188e-05 1.97437e-05 -5.28168e-09  -0.000106017 2.55967e-05 -1.08551e-06  -7.06342e-05 2.21416e-05 -1.78176e-08  -7.51772e-05 1.53836e-05 -2.06452e-08  -0.000112738 3.08756e-05 1.10561e-06  -7.8642e-05 1.9902e-05 -1.0587e-07  -8.08399e-05 2.04665e-05 -7.31174e-09  -8.03736e-05 2.00738e-05 -1.58187e-07  -0.000125269 2.9837e-05 -9.54236e-07  -8.77881e-05 2.83129e-05 1.48131e-07  -9.62553e-05 2.35379e-05 5.80682e-08  -8.2324e-05 2.46198e-05 7.22392e-07  -9.02393e-05 2.64014e-05 4.0163e-08  -8.64388e-05 2.51489e-05 -6.90438e-09  -8.04996e-05 2.33849e-05 -1.18073e-09  -7.19662e-05 2.09099e-05 3.4276e-09  -6.29161e-05 1.82703e-05 3.2076e-09  -5.37255e-05 1.56063e-05 5.61397e-09  -4.16514e-05 1.21113e-05 8.87437e-09  -2.93266e-05 8.53119e-06 1.18631e-08  -1.5206e-05 4.4224e-06 7.66155e-09  -1.94357e-06 5.64224e-07 1.01619e-08  1.15608e-05 -3.34699e-06 9.0466e-09  2.50516e-05 -7.25688e-06 1.49681e-08  3.81079e-05 -1.10889e-05 1.80069e-08  5.07127e-05 -1.48588e-05 6.96185e-09  6.23026e-05 -1.83329e-05 -2.93608e-08  7.38803e-05 -2.16255e-05 -9.75758e-08  8.50931e-05 -2.4702e-05 8.52582e-08  8.97691e-05 -2.65631e-05 2.96068e-07  4.81632e-05 -1.52477e-05 6.02263e-07  3.97074e-05 -1.22463e-05 -3.75938e-07  0.000120676 -2.88577e-05 7.64791e-07  9.71038e-05 -3.09733e-05 7.39818e-09  0.000157071 -3.83264e-05 -1.71455e-06  0.000103328 -2.71504e-05 7.16364e-08  0.000100689 -2.60964e-05 7.27003e-08  9.485e-05 -2.45772e-05 2.81167e-08  0.000129024 -3.54159e-05 1.28636e-06  7.91264e-05 -1.61768e-05 -1.1184e-07  6.99154e-05 -2.18871e-05 -7.03104e-08  9.05234e-05 -2.15828e-05 -9.41107e-07  4.94224e-05 -1.28943e-05 4.68452e-08  3.84589e-05 -9.88585e-06 3.39298e-08  2.72583e-05 -7.14043e-06 3.98211e-08  2.33645e-05 -6.03569e-06 5.77759e-08  -0.00015899 1.59888e-05 7.60669e-07  -5.41435e-05 5.48568e-06 1.61562e-06  -4.7599e-05 4.808e-06 -1.39945e-06  -3.89193e-05 3.93136e-06 1.17378e-06  -3.70106e-05 3.74258e-06 -1.10046e-06  -7.48706e-05 7.56681e-06 -1.82155e-08  0 0 0  -7.94256e-05 8.05131e-06 -2.64967e-08  -4.12096e-05 4.27898e-06 1.14108e-06  -4.24162e-05 4.39106e-06 -1.17481e-06  -4.23391e-05 4.60712e-06 1.08539e-06  -4.40681e-05 4.76478e-06 -1.11168e-06  -9.13319e-05 1.16351e-05 -9.08991e-09  -4.68334e-05 5.70087e-06 1.31603e-06  -0.000100877 1.09751e-05 -3.48989e-07  -4.67669e-05 4.84436e-06 -4.5408e-08  -9.22228e-05 9.52593e-06 -2.88713e-08  -8.35055e-05 8.60043e-06 2.05924e-08  -7.4721e-05 7.7212e-06 -2.2084e-08  -6.51175e-05 6.6979e-06 2.99564e-08  -5.52382e-05 5.67869e-06 5.11601e-09  -4.30816e-05 4.46732e-06 -8.04444e-09  -3.15066e-05 3.27089e-06 7.29822e-09  -1.57256e-05 1.6234e-06 1.74107e-08  -5.19497e-08 5.53423e-09 6.40355e-09  1.4533e-05 -1.48004e-06 6.95789e-09  2.723e-05 -2.78217e-06 6.1009e-09  4.07647e-05 -4.21611e-06 5.269e-09  5.3146e-05 -5.58026e-06 2.83278e-09  6.69156e-05 -7.06568e-06 3.82007e-08  7.91757e-05 -8.06445e-06 1.29332e-08  5.23176e-05 -4.61044e-06 -7.85299e-08  0.000105864 -1.10097e-05 4.3856e-07  0.000104638 -1.37335e-05 -1.44653e-07  9.51479e-05 -1.40188e-05 9.22371e-07  3.89272e-05 -5.73474e-06 6.10205e-07  0.0001026 -1.05026e-05 2.38925e-08  5.38731e-05 -5.41236e-06 -1.72181e-06  5.42197e-05 -5.50181e-06 1.689e-06  5.09938e-05 -5.19146e-06 -1.50309e-06  4.9362e-05 -5.02399e-06 1.45663e-06  8.7844e-05 -8.85831e-06 -6.95925e-08  0 0 0  7.20932e-05 -7.3024e-06 -9.24648e-08  2.88097e-05 -2.92973e-06 -8.62205e-07  2.55731e-05 -2.5992e-06 7.57617e-07  1.90019e-05 -1.93225e-06 -5.70885e-07  1.47914e-05 -1.5039e-06 4.37556e-07  1.25006e-05 -1.27168e-06 -1.21516e-07  -0.000162941 -1.63816e-05 7.66502e-07  -5.51194e-05 -5.59419e-06 1.64576e-06  -4.76674e-05 -4.82115e-06 -1.39293e-06  -3.90466e-05 -3.94327e-06 1.17793e-06  -3.74856e-05 -3.78577e-06 -1.11612e-06  -7.50181e-05 -7.60562e-06 -2.22473e-08  0 0 0  -7.93689e-05 -7.96583e-06 -2.17315e-08  -8.27597e-05 -1.20808e-05 -3.07373e-08  -8.51493e-05 -1.18454e-05 -5.62013e-08  -8.65289e-05 -1.15497e-05 -8.95833e-09  -0.000131308 -1.86346e-05 -1.16244e-06  -8.0761e-05 -8.34894e-06 1.94193e-06  -9.07563e-05 -1.07555e-05 1.02987e-06  -5.36382e-05 -4.7168e-06 -6.28772e-07  -4.80988e-05 -3.91029e-06 -9.54532e-08  -4.46162e-05 -3.5345e-06 -1.47651e-08  -4.17749e-05 -3.31775e-06 4.34368e-09  -3.70489e-05 -2.92625e-06 1.47912e-08  -3.15197e-05 -2.52312e-06 8.01925e-09  -2.6079e-05 -2.07966e-06 -5.81607e-09  -2.00881e-05 -1.57976e-06 6.66416e-09  -1.33376e-05 -1.04817e-06 7.97186e-09  -6.77147e-06 -5.40485e-07 6.42154e-09  7.27008e-07 5.74926e-08 4.97776e-09  8.47967e-06 6.84855e-07 6.94556e-09  1.58275e-05 1.27036e-06 1.42857e-08  2.21028e-05 1.73995e-06 2.74359e-08  2.78132e-05 2.1469e-06 2.17426e-08  3.30723e-05 2.56167e-06 -2.90568e-08  3.80669e-05 3.22412e-06 -2.09177e-07  3.96563e-05 4.52803e-06 -6.63225e-07  8.92549e-05 8.31628e-06 1.44289e-06  5.1624e-05 2.34767e-06 5.39899e-07  5.10288e-05 1.13378e-05 -5.47026e-07  0.000113487 2.03509e-05 3.67039e-07  0.000114959 1.22684e-05 1.31475e-07  5.629e-05 6.16484e-06 -1.72351e-06  5.52422e-05 5.94753e-06 1.69133e-06  5.14478e-05 5.25653e-06 -1.50102e-06  4.98295e-05 5.0884e-06 1.46231e-06  8.64553e-05 8.80034e-06 -5.39093e-08  0 0 0  7.21221e-05 7.33713e-06 -9.10661e-08  2.86284e-05 2.91256e-06 -8.56993e-07  2.52083e-05 2.56289e-06 7.45732e-07  1.87872e-05 1.90928e-06 -5.62011e-07  1.48174e-05 1.5067e-06 4.37544e-07  1.21839e-05 1.24021e-06 -1.28675e-07  -0.000301398 -7.70278e-05 3.94207e-07  -0.000107726 -2.7778e-05 -1.07896e-08  -8.82529e-05 -2.29253e-05 -1.92324e-08  -7.97322e-05 -2.05915e-05 1.40457e-09  -0.000105714 -2.55383e-05 -1.05073e-06  -7.09824e-05 -2.23152e-05 -4.50441e-08  -7.58466e-05 -1.55552e-05 -2.31632e-08  -0.00011513 -3.14467e-05 1.1432e-06  -3.99434e-05 -1.18605e-05 1.14101e-06  -4.1291e-05 -1.2305e-05 -1.17736e-06  -4.22524e-05 -1.18201e-05 1.14965e-06  -4.26707e-05 -1.20162e-05 -1.18118e-06  -8.04855e-05 -2.07891e-05 4.68496e-08  -7.32382e-05 -2.26712e-05 1.01857e-06  -9.07833e-05 -2.62754e-05 1.75496e-07  -9.41233e-05 -2.57392e-05 -1.50472e-07  -8.88104e-05 -2.3885e-05 -4.35285e-08  -8.26584e-05 -2.21653e-05 9.38816e-10  -7.37462e-05 -1.97953e-05 5.0271e-09  -6.39481e-05 -1.72043e-05 1.51888e-08  -5.31267e-05 -1.42809e-05 7.07603e-09  -4.14581e-05 -1.11214e-05 7.84327e-09  -2.87841e-05 -7.72325e-06 4.45986e-09  -1.55679e-05 -4.18661e-06 1.01555e-08  -1.33171e-06 -3.57056e-07 8.41695e-09  1.06428e-05 2.868e-06 8.28261e-09  2.53827e-05 6.8385e-06 1.78344e-10  3.81945e-05 1.02367e-05 1.65309e-09  5.22859e-05 1.39044e-05 1.67402e-08  9.54488e-05 2.54228e-05 -2.61023e-08  7.14382e-05 1.96464e-05 1.96814e-08  6.53727e-05 1.91753e-05 6.61162e-07  7.83252e-05 2.12962e-05 -2.6573e-07  9.63389e-05 2.34767e-05 -4.53515e-08  5.47609e-05 1.17708e-05 7.3046e-07  6.6844e-05 2.32402e-05 -2.04193e-06  6.03272e-05 1.35287e-05 -1.89896e-06  0.000115823 3.16172e-05 1.93282e-07  0.000106081 2.843e-05 6.41848e-08  0.000101543 2.64728e-05 6.56329e-08  9.44296e-05 2.45006e-05 8.80954e-09  0.000129738 3.57665e-05 1.30383e-06  7.8706e-05 1.61781e-05 -9.75122e-08  6.83082e-05 2.14437e-05 -6.17031e-08  9.00436e-05 2.14339e-05 -9.59959e-07  4.80966e-05 1.25575e-05 5.17538e-08  3.66217e-05 9.36809e-06 5.8431e-08  2.61607e-05 6.83764e-06 3.12797e-08  2.39966e-05 6.29258e-06 1.05869e-07  -0.000151431 -6.51645e-05 -1.04128e-07  -5.23372e-05 -2.24631e-05 -1.66021e-06  -4.113e-05 -1.76504e-05 1.33582e-06  -3.91706e-05 -1.68221e-05 -1.25525e-06  -6.68306e-05 -2.87058e-05 3.23758e-08  0 0 0  -7.19942e-05 -3.09165e-05 -1.46755e-08  -3.79473e-05 -1.58828e-05 1.17933e-06  -3.85721e-05 -1.6207e-05 -1.19609e-06  -3.94773e-05 -1.55756e-05 1.09189e-06  -4.05067e-05 -1.60332e-05 -1.12045e-06  -8.91013e-05 -3.43109e-05 2.89211e-08  -9.55761e-05 -4.61268e-05 6.05164e-07  0 0 0  -4.16863e-05 -2.07453e-05 3.14937e-07  -4.22014e-05 -2.0453e-05 2.21985e-07  -4.18143e-05 -1.99856e-05 6.72557e-08  -3.87743e-05 -1.84686e-05 7.09568e-09  -3.53872e-05 -1.687e-05 -7.04883e-09  -3.12309e-05 -1.49088e-05 -4.77538e-09  -2.62516e-05 -1.25331e-05 1.46063e-08  -2.1207e-05 -1.01049e-05 5.90473e-09  -1.51465e-05 -7.2217e-06 1.94102e-09  -8.92006e-06 -4.25748e-06 2.6932e-09  -1.79312e-06 -8.57103e-07 2.89587e-09  2.75494e-06 1.31687e-06 4.4094e-09  9.5589e-06 4.56657e-06 2.8148e-09  1.55915e-05 7.43672e-06 -1.0098e-08  5.03638e-05 2.38734e-05 -9.87439e-09  3.16819e-05 1.50552e-05 7.24755e-08  3.25206e-05 1.5646e-05 1.82697e-07  3.58094e-05 1.71991e-05 -1.28067e-07  4.06365e-05 1.87615e-05 -4.92232e-07  9.26241e-05 4.1151e-05 -1.43606e-07  0.000106041 4.40946e-05 -2.6845e-07  6.43424e-05 2.53724e-05 8.29371e-07  0.000134628 5.36518e-05 6.6174e-07  5.55363e-05 2.57887e-05 1.87124e-06  4.97791e-05 2.16406e-05 -1.50385e-06  4.80587e-05 2.09042e-05 1.49268e-06  4.40218e-05 1.88663e-05 -1.38294e-06  4.1796e-05 1.79091e-05 1.32415e-06  7.35773e-05 3.15833e-05 -1.16037e-07  0 0 0  5.87283e-05 2.52066e-05 -7.08984e-08  2.17277e-05 9.32334e-06 -7.03764e-07  1.81818e-05 7.80289e-06 5.82545e-07  1.17933e-05 5.06354e-06 -3.85068e-07  1.04087e-05 4.46637e-06 2.50431e-07  -0.000143293 -7.92895e-05 7.85717e-07  -4.64116e-05 -2.57482e-05 1.59455e-06  -4.23049e-05 -2.3472e-05 -1.42455e-06  -3.47313e-05 -1.9276e-05 1.19194e-06  -3.28482e-05 -1.82368e-05 -1.10363e-06  -6.59885e-05 -3.66402e-05 -1.61154e-08  0 0 0  -7.08656e-05 -3.90926e-05 -4.13875e-08  -3.68782e-05 -1.94061e-05 1.13604e-06  -7.28401e-05 -4.21774e-05 -1.58803e-07  -7.47228e-05 -4.22135e-05 7.78546e-09  -8.42799e-05 -4.8659e-05 5.4507e-07  -5.33553e-05 -3.45228e-05 -1.61929e-06  -4.84216e-05 -2.43713e-05 -8.31571e-08  -4.3834e-05 -2.1486e-05 -1.56648e-07  -4.273e-05 -2.05189e-05 -8.41714e-08  -3.99042e-05 -1.90215e-05 -1.94857e-08  -3.74824e-05 -1.78572e-05 1.03849e-08  -3.29224e-05 -1.57065e-05 1.0757e-08  -2.83445e-05 -1.35377e-05 4.30435e-09  -2.32776e-05 -1.10997e-05 -5.80317e-09  -1.75743e-05 -8.37709e-06 8.33898e-09  -1.13756e-05 -5.42789e-06 7.63766e-09  -4.99348e-06 -2.38363e-06 2.33843e-09  3.05212e-07 1.4595e-07 4.88606e-09  7.23678e-06 3.45761e-06 6.86828e-09  1.31542e-05 6.28309e-06 7.00865e-09  1.92383e-05 9.15272e-06 2.15552e-08  2.50569e-05 1.18701e-05 1.94089e-08  2.96557e-05 1.40467e-05 -1.09767e-08  3.33739e-05 1.59231e-05 -3.09782e-08  3.51488e-05 1.70003e-05 4.3793e-08  7.60384e-05 4.46664e-05 -4.27788e-09  4.13822e-05 2.83971e-05 -4.06297e-07  4.77579e-05 3.15118e-05 -5.68767e-07  5.96829e-05 3.753e-05 -9.02576e-07  0.000103955 6.47153e-05 1.80982e-06  4.94195e-05 2.84555e-05 -1.60205e-06  4.81165e-05 2.77627e-05 1.59755e-06  4.4688e-05 2.47716e-05 -1.43552e-06  4.24108e-05 2.35096e-05 1.38052e-06  7.64255e-05 4.23588e-05 -6.46552e-08  0 0 0  6.22775e-05 3.45611e-05 -1.01944e-07  2.49817e-05 1.38647e-05 -8.48948e-07  2.17588e-05 1.20767e-05 7.3432e-07  1.62284e-05 9.00736e-06 -5.5413e-07  1.28019e-05 7.10516e-06 4.30516e-07  9.1944e-06 5.10178e-06 -1.45675e-07  -0.0002595 -0.000200619 8.30268e-07  -8.64866e-05 -6.67987e-05 -2.84995e-08  -7.57591e-05 -5.87773e-05 -6.09413e-08  -6.1221e-05 -4.72873e-05 2.57558e-08  -8.70074e-05 -6.50245e-05 -1.08035e-06  -5.75755e-05 -4.9509e-05 -1.47049e-08  -6.40348e-05 -4.45764e-05 -2.48584e-08  -9.78642e-05 -7.76894e-05 1.18795e-06  -6.8119e-05 -5.08347e-05 -1.85917e-08  -3.26785e-05 -2.67652e-05 -1.19715e-06  -2.89225e-05 -2.16678e-05 7.44638e-07  -3.3676e-05 -2.50645e-05 -6.09027e-07  -7.7261e-05 -5.85752e-05 5.50972e-07  -8.21508e-05 -6.04841e-05 8.75608e-09  -3.8801e-05 -2.83291e-05 1.54392e-07  -7.49928e-05 -5.43917e-05 3.99597e-08  -7.20435e-05 -5.20029e-05 -3.69096e-09  -6.74552e-05 -4.86525e-05 3.49881e-09  -5.99131e-05 -4.32346e-05 1.37658e-09  -5.2448e-05 -3.78738e-05 1.02535e-08  -4.38235e-05 -3.16331e-05 1.29333e-08  -3.38492e-05 -2.44147e-05 4.8221e-09  -2.2855e-05 -1.64959e-05 8.16199e-09  -1.26996e-05 -9.17251e-06 8.5129e-09  -2.70405e-06 -1.95138e-06 1.03622e-08  1.0697e-05 7.72366e-06 5.61083e-09  2.02797e-05 1.46376e-05 8.32236e-09  3.15693e-05 2.27633e-05 -5.94502e-09  6.72073e-05 4.82889e-05 1.82801e-08  5.49478e-05 3.94571e-05 1.8669e-08  6.19028e-05 4.45133e-05 7.93217e-08  6.77442e-05 4.84809e-05 7.78486e-08  3.96066e-05 2.76968e-05 2.42424e-07  4.38965e-05 2.96933e-05 3.51735e-07  4.84938e-05 3.14213e-05 4.6208e-07  0 0 0  8.60422e-05 7.30667e-05 -2.98242e-06  5.40983e-05 4.25109e-05 2.62143e-06  7.97166e-05 6.2225e-05 -2.22713e-07  7.95824e-05 6.15442e-05 -2.34476e-08  7.65067e-05 5.89283e-05 -6.30493e-09  0.000104554 8.32043e-05 1.27471e-06  6.46285e-05 4.4949e-05 -6.14862e-08  5.41872e-05 4.65161e-05 -9.42713e-08  7.321e-05 5.44724e-05 -9.53423e-07  3.82322e-05 2.96711e-05 2.71694e-08  2.97178e-05 2.28875e-05 4.71855e-08  2.26335e-05 1.76444e-05 4.9026e-08  1.64901e-05 1.27237e-05 6.50767e-08  -0.000119828 -0.000126219 2.53602e-07  -3.94764e-05 -4.15526e-05 -1.65716e-06  -3.28778e-05 -3.46073e-05 1.39662e-06  -2.93478e-05 -3.08855e-05 -1.24493e-06  -5.12416e-05 -5.39592e-05 2.95883e-08  0 0 0  -5.61532e-05 -5.92405e-05 -2.73975e-08  -3.10687e-05 -3.20297e-05 1.31749e-06  -3.06527e-05 -3.19378e-05 -1.30302e-06  -3.13836e-05 -2.93291e-05 1.01984e-06  -5.28531e-05 -5.21763e-05 -6.7895e-07  -6.69558e-05 -6.72326e-05 1.07318e-06  -5.91098e-05 -6.149e-05 -1.04416e-06  -5.97365e-05 -6.28208e-05 2.99944e-07  -6.41787e-05 -6.6702e-05 4.61627e-08  -6.31098e-05 -6.53226e-05 3.99098e-08  -6.04537e-05 -6.24557e-05 2.53618e-08  -5.60775e-05 -5.79227e-05 2.96455e-09  -5.04423e-05 -5.21275e-05 -1.86592e-10  -4.40958e-05 -4.55886e-05 5.58907e-10  -3.69091e-05 -3.81421e-05 1.58111e-08  -2.84703e-05 -2.94257e-05 6.01762e-09  -1.93036e-05 -1.99578e-05 6.62059e-09  -1.08331e-05 -1.11944e-05 1.04832e-08  -1.01542e-06 -1.04819e-06 7.90678e-09  9.15372e-06 9.46505e-06 8.18846e-09  1.73894e-05 1.79684e-05 1.19761e-08  2.73928e-05 2.82972e-05 5.19838e-09  5.71077e-05 5.89106e-05 -5.92996e-09  4.68222e-05 4.8217e-05 1.71074e-08  5.35173e-05 5.50259e-05 -1.46071e-08  6.05057e-05 6.18092e-05 -5.09091e-08  6.68858e-05 6.73773e-05 -1.02595e-07  7.41628e-05 7.30947e-05 -1.16884e-07  4.02181e-05 3.88982e-05 2.97965e-07  8.58337e-05 8.10252e-05 -9.89564e-08  4.40009e-05 4.03147e-05 9.45482e-07  4.19737e-05 3.66431e-05 -5.05491e-07  3.19349e-05 3.35923e-05 -1.46258e-06  3.53357e-05 3.69729e-05 1.43985e-06  3.29409e-05 3.43411e-05 -1.33743e-06  3.13003e-05 3.2567e-05 1.26716e-06  5.50771e-05 5.77801e-05 -1.10512e-07  0 0 0  4.41357e-05 4.64277e-05 -7.64497e-08  1.62196e-05 1.70659e-05 -7.00515e-07  1.32664e-05 1.39563e-05 5.67827e-07  9.65355e-06 1.01552e-05 -4.18617e-07  6.90065e-06 7.25798e-06 2.12712e-07  -0.000105373 -0.000136134 7.99858e-07  -3.35511e-05 -4.33244e-05 1.64184e-06  -3.09119e-05 -3.9908e-05 -1.49255e-06  -2.42765e-05 -3.13542e-05 1.18407e-06  -2.31847e-05 -2.99456e-05 -1.10476e-06  -4.72967e-05 -6.11294e-05 -1.54998e-08  0 0 0  -5.39743e-05 -6.99874e-05 -2.6937e-08  -3.04706e-05 -3.70793e-05 1.33506e-06  -5.68666e-05 -7.40992e-05 -4.35884e-07  -2.72577e-05 -3.80104e-05 -5.39744e-07  -2.50981e-05 -3.63947e-05 -1.57687e-07  -2.57135e-05 -3.79649e-05 -1.96486e-07  -2.51871e-05 -3.74457e-05 9.70269e-08  -2.57479e-05 -3.81212e-05 3.12813e-08  -2.5193e-05 -3.7271e-05 9.44628e-09  -2.35897e-05 -3.48793e-05 6.66161e-10  -2.17356e-05 -3.21505e-05 -1.52042e-09  -1.93511e-05 -2.86297e-05 -8.01158e-10  -1.66151e-05 -2.45747e-05 4.23674e-09  -1.36765e-05 -2.0232e-05 2.93322e-09  -1.03872e-05 -1.53661e-05 3.74527e-09  -6.9742e-06 -1.03165e-05 7.17716e-09  -3.08212e-06 -4.56088e-06 5.64698e-09  1.04957e-06 1.55113e-06 3.64163e-09  4.82333e-06 7.13372e-06 3.64235e-09  7.6274e-06 1.12872e-05 2.52691e-09  1.20801e-05 1.78634e-05 1.74384e-09  1.56886e-05 2.31875e-05 -2.97162e-09  1.79142e-05 2.64549e-05 -7.76644e-09  2.08708e-05 3.07614e-05 -1.59465e-08  2.39839e-05 3.51971e-05 -6.55141e-08  2.60139e-05 3.78163e-05 -1.37581e-07  2.95758e-05 4.22811e-05 -2.33807e-07  3.2195e-05 4.5094e-05 -2.83562e-07  6.87792e-05 9.46476e-05 -1.02938e-07  8.05901e-05 0.000106282 -1.10455e-06  9.07486e-05 0.000115444 8.60936e-07  3.43647e-05 4.35648e-05 1.50584e-06  3.11771e-05 3.9714e-05 -1.37446e-06  3.00354e-05 3.81471e-05 1.33206e-06  5.37532e-05 6.86579e-05 -5.90352e-08  0 0 0  4.36732e-05 5.62645e-05 -9.61908e-08  1.7032e-05 2.19965e-05 -8.24925e-07  1.55452e-05 2.00794e-05 7.45958e-07  1.09202e-05 1.41099e-05 -5.31688e-07  9.52454e-06 1.23037e-05 4.56836e-07  7.38993e-06 9.54858e-06 -9.39677e-08  -9.27431e-05 -0.000148406 -4.70579e-08  -2.99768e-05 -4.80713e-05 -1.64628e-06  -2.47639e-05 -3.9694e-05 1.37832e-06  -2.14605e-05 -3.4377e-05 -1.16971e-06  -1.92508e-05 -3.08066e-05 1.04449e-06  -1.93887e-05 -3.10214e-05 -1.02557e-06  -4.33461e-05 -6.98058e-05 -2.76976e-08  0 0 0  -5.25385e-05 -8.46929e-05 1.84339e-08  -5.2621e-05 -0.000104027 4.94857e-07  -4.86457e-05 -8.47543e-05 -3.67902e-08  0 0 0  -2.66618e-05 -3.90446e-05 1.4804e-07  -2.55387e-05 -3.80062e-05 6.14471e-08  -2.6119e-05 -3.8711e-05 -6.46241e-09  -5.06554e-05 -7.49313e-05 9.12543e-09  -2.30288e-05 -3.40543e-05 5.87652e-09  -2.07373e-05 -3.06713e-05 2.70852e-09  -1.82465e-05 -2.69948e-05 1.80691e-09  0 0 0  -1.55067e-05 -2.29399e-05 6.35951e-09  -1.24926e-05 -1.84838e-05 4.07584e-09  -8.37529e-06 -1.23879e-05 2.08391e-09  -5.50763e-06 -8.15169e-06 4.23913e-09  -1.64346e-06 -2.43162e-06 4.5553e-09  2.55205e-06 3.7749e-06 4.18219e-09  6.06184e-06 8.96984e-06 7.26731e-09  2.38255e-05 3.52296e-05 8.06176e-09  1.68978e-05 2.49676e-05 8.16877e-09  1.98564e-05 2.92992e-05 1.60318e-08  2.26407e-05 3.33225e-05 3.11191e-08  2.5023e-05 3.65868e-05 7.02582e-08  0 0 0  4.73311e-05 8.32398e-05 1.48127e-08  5.31868e-05 9.17686e-05 5.42015e-09  2.44988e-05 5.16787e-05 -2.60995e-07  2.77537e-05 5.70021e-05 -4.31205e-07  3.19431e-05 6.46627e-05 -9.1999e-08  3.31387e-05 5.22228e-05 -1.30393e-06  5.00646e-05 8.80201e-05 -9.81729e-08  4.79305e-05 8.41099e-05 6.39917e-09  6.4058e-05 0.000116481 1.19574e-06  4.25269e-05 6.73765e-05 -1.0576e-07  3.18559e-05 6.40866e-05 -6.2008e-08  3.27374e-05 5.23892e-05 -1.28667e-07  1.27974e-05 2.05272e-05 -7.2048e-07  1.0169e-05 1.63117e-05 5.67264e-07  7.56442e-06 1.21341e-05 -4.26187e-07  5.9505e-06 9.5483e-06 2.37691e-07  -0.000132259 -0.000308307 8.75144e-07  -4.23966e-05 -9.91023e-05 -2.74476e-08  -3.60656e-05 -8.36839e-05 -5.85e-08  -3.1325e-05 -7.31932e-05 -5.33801e-08  -4.10677e-05 -9.97604e-05 -1.06467e-06  -3.33238e-05 -6.78029e-05 -2.41342e-08  -2.86002e-05 -7.76826e-05 -2.23003e-08  -4.04162e-05 -8.3864e-05 -1.88361e-08  -3.98134e-05 -0.000117114 -2.26292e-08  0 0 0  -2.5272e-05 -5.33795e-05 1.1147e-07  -4.08461e-05 -8.90287e-05 4.02392e-09  -3.96409e-05 -8.77452e-05 3.14439e-08  -3.88817e-05 -8.66572e-05 5.60535e-08  -3.83674e-05 -8.55948e-05 2.15722e-08  -3.67782e-05 -8.20726e-05 8.14037e-10  -3.44929e-05 -7.70257e-05 7.99335e-09  -3.12139e-05 -6.97133e-05 5.23571e-09  -2.73036e-05 -6.09799e-05 2.89859e-09  -2.33038e-05 -5.20606e-05 9.37908e-09  -1.91131e-05 -4.26809e-05 8.7045e-09  -1.38621e-05 -3.0954e-05 1.013e-08  -8.70484e-06 -1.94439e-05 6.9556e-09  -3.56066e-06 -7.95699e-06 9.06136e-09  2.18283e-06 4.87174e-06 9.30172e-09  7.20948e-06 1.61027e-05 1.07075e-08  1.36114e-05 3.03929e-05 1.01738e-08  1.86356e-05 4.16115e-05 8.84128e-09  2.32997e-05 5.20139e-05 6.20208e-09  2.75974e-05 6.15613e-05 -6.97047e-10  3.17787e-05 7.07434e-05 -8.40331e-09  1.70962e-05 3.79618e-05 2.82449e-08  3.73739e-05 8.24772e-05 -7.01238e-09  2.12966e-05 4.62639e-05 1.20315e-07  2.32009e-05 4.94875e-05 1.59048e-07  2.52368e-05 5.26093e-05 2.01065e-07  2.82328e-05 5.72979e-05 5.05731e-08  2.89732e-05 5.99027e-05 -8.05403e-07  4.44303e-05 0.000100469 1.18588e-06  1.62351e-05 4.07811e-05 9.94614e-07  1.71929e-05 4.44977e-05 -1.3587e-06  1.69019e-05 4.35815e-05 1.29123e-06  2.78366e-05 7.18247e-05 -1.0336e-07  0 0 0  3.41677e-05 8.3318e-05 -9.13484e-07  1.98406e-05 4.60256e-05 1.81978e-08  1.53049e-05 3.59596e-05 6.03067e-08  1.18486e-05 2.74633e-05 2.51306e-08  9.42698e-06 2.17989e-05 1.08413e-07  -4.09221e-05 -0.000158706 7.13874e-07  -1.32382e-05 -5.10241e-05 1.57436e-06  -1.19926e-05 -4.61955e-05 -1.40095e-06  -1.00554e-05 -3.85194e-05 1.15716e-06  -9.1732e-06 -3.50507e-05 -1.03575e-06  -1.89058e-05 -7.24183e-05 -3.45471e-08  0 0 0  -2.22864e-05 -8.9701e-05 1.02067e-07  0 0 0  -2.54911e-05 -9.88386e-05 5.46555e-07  -2.78509e-05 -0.000103974 -6.70755e-08  -2.54177e-05 -9.66794e-05 -6.04247e-08  -2.44944e-05 -9.49402e-05 -2.79903e-08  -2.37647e-05 -9.31917e-05 -1.73494e-08  -2.29645e-05 -9.04703e-05 -2.45094e-10  -2.20386e-05 -8.69895e-05 2.11715e-09  -2.06186e-05 -8.14435e-05 5.29082e-09  -1.8972e-05 -7.49564e-05 6.24249e-09  -1.58503e-05 -6.26387e-05 3.24864e-09  -1.39615e-05 -5.51637e-05 7.34656e-09  -1.11646e-05 -4.41219e-05 4.83414e-09  -8.0413e-06 -3.17827e-05 6.27865e-09  -5.51447e-06 -2.17836e-05 1.31483e-08  -2.30002e-06 -9.08946e-06 9.50602e-09  1.13886e-06 4.49498e-06 8.82387e-09  4.42489e-06 1.74907e-05 5.2545e-09  7.68354e-06 3.03733e-05 1.04582e-08  1.08772e-05 4.29977e-05 6.96957e-09  1.37605e-05 5.4387e-05 9.93895e-09  1.61636e-05 6.38778e-05 5.35564e-09  1.85348e-05 7.3127e-05 -5.90025e-11  1.01939e-05 4.01127e-05 -1.98197e-08  2.19544e-05 8.59488e-05 -3.85645e-08  2.46183e-05 9.51572e-05 -5.40862e-08  2.6899e-05 0.000102064 -5.9799e-08  2.92116e-05 0.000108432 -8.87687e-08  3.12827e-05 0.000114134 -1.03535e-09  3.03752e-05 0.000112896 3.79554e-07  2.42388e-05 9.93839e-05 3.76418e-07  1.23576e-05 4.73238e-05 -1.81086e-06  1.48742e-05 5.52392e-05 1.93213e-06  2.30118e-05 8.04053e-05 -4.07814e-08  0 0 0  1.79872e-05 6.54203e-05 -5.54312e-08  6.97991e-06 2.66692e-05 -7.96879e-07  6.43522e-06 2.45837e-05 7.25725e-07  4.88021e-06 1.88435e-05 -5.80445e-07  3.95016e-06 1.52525e-05 4.62828e-07  2.82245e-06 1.09e-05 -1.66576e-07  -2.58556e-05 -0.000167988 3.10224e-07  -8.52484e-06 -5.54106e-05 -1.61762e-06  -7.08796e-06 -4.56305e-05 1.34557e-06  -6.37339e-06 -4.08986e-05 -1.20406e-06  -1.10717e-05 -7.00722e-05 9.54714e-09  0 0 0  -1.19261e-05 -7.74486e-05 -1.97087e-08  -4.54807e-06 -4.97006e-05 1.24072e-06  -9.11798e-06 -9.41612e-05 -1.22022e-06  -3.22094e-06 -4.15301e-05 4.05763e-07  -4.07486e-06 -4.87137e-05 -4.33025e-08  -4.01326e-06 -4.94497e-05 -9.33361e-08  -3.81433e-06 -4.88386e-05 -6.70614e-08  -3.63547e-06 -4.78134e-05 -2.72823e-08  -3.42868e-06 -4.55938e-05 -1.08087e-08  -3.27677e-06 -4.37467e-05 -1.64242e-09  -2.98603e-06 -3.99216e-05 -5.41611e-10  -2.79299e-06 -3.73568e-05 2.3155e-09  -2.29259e-06 -3.06704e-05 1.17354e-09  -2.05553e-06 -2.74823e-05 4.9951e-09  -1.58876e-06 -2.12655e-05 3.13718e-09  -1.14396e-06 -1.52839e-05 5.91928e-09  -7.03159e-07 -9.40986e-06 4.97646e-09  -2.47618e-07 -3.30218e-06 4.29728e-09  2.99399e-07 3.99837e-06 5.00996e-09  8.34651e-07 1.11563e-05 4.39249e-09  1.17447e-06 1.57231e-05 2.88883e-09  1.7416e-06 2.33155e-05 3.97911e-09  2.15981e-06 2.88907e-05 3.64047e-09  2.55547e-06 3.41369e-05 3.29936e-09  2.88722e-06 3.84825e-05 -9.15809e-09  0 0 0  3.23424e-06 4.27107e-05 -1.63616e-08  3.6594e-06 4.75004e-05 -4.8402e-08  4.06916e-06 5.10681e-05 -8.39426e-08  4.47072e-06 5.3946e-05 -9.63465e-08  4.7828e-06 5.61222e-05 -4.47517e-08  4.64727e-06 5.62269e-05 2.0513e-07  3.79375e-06 5.3644e-05 4.98133e-07  1.45085e-05 0.000110585 -8.37166e-09  9.60397e-06 5.44499e-05 -1.19944e-06  1.1772e-05 8.4859e-05 4.05586e-07  1.6813e-05 0.000107388 6.97051e-07  5.26446e-06 6.5016e-05 -5.83877e-08  9.93377e-06 6.02886e-05 -1.06156e-07  3.72315e-06 2.41262e-05 -7.20742e-07  3.1415e-06 2.03347e-05 5.97448e-07  2.15791e-06 1.409e-05 -4.26631e-07  1.73149e-06 1.13024e-05 2.27802e-07  2.5004e-05 -0.000162955 8.07413e-07  7.6958e-06 -5.10981e-05 1.53193e-06  6.99098e-06 -4.63437e-05 -1.37046e-06  5.4976e-06 -3.78481e-05 1.11422e-06  5.23169e-06 -3.62461e-05 -1.06035e-06  1.02892e-05 -7.20191e-05 7.15437e-08  0 0 0  7.52829e-06 -6.99994e-05 6.86255e-07  7.85731e-06 -8.31819e-05 -1.63403e-07  4.20181e-06 -4.40885e-05 1.12015e-08  4.39419e-06 -4.70177e-05 4.55368e-09  4.60753e-06 -4.86232e-05 3.23666e-08  9.38198e-06 -9.74157e-05 -2.76298e-08  9.35908e-06 -9.56174e-05 -2.01042e-08  9.16303e-06 -9.2918e-05 -7.10044e-09  8.73107e-06 -8.82339e-05 -3.38721e-09  8.18527e-06 -8.26984e-05 1.65116e-09  7.56437e-06 -7.64677e-05 7.27586e-09  6.6498e-06 -6.71829e-05 4.17234e-09  5.81968e-06 -5.88231e-05 7.16591e-09  4.72826e-06 -4.77845e-05 7.05404e-09  3.47574e-06 -3.51355e-05 7.34615e-09  2.017e-06 -2.03952e-05 4.87112e-09  8.46632e-07 -8.54899e-06 7.49395e-09  -2.60964e-07 2.63199e-06 7.50792e-09  -1.71046e-06 1.73148e-05 9.79752e-09  -2.95785e-06 2.99395e-05 7.44843e-09  -4.12031e-06 4.16618e-05 8.00018e-09  -5.48926e-06 5.55201e-05 1.09013e-08  -6.60643e-06 6.68389e-05 9.14108e-09  -7.35025e-06 7.44194e-05 2.72386e-09  -4.05827e-06 4.11041e-05 -4.69173e-09  -8.68308e-06 8.82853e-05 -5.31458e-09  -9.30973e-06 9.5539e-05 -2.49659e-08  -9.76698e-06 0.000101733 -1.98025e-08  -4.98205e-06 5.24558e-05 2.01181e-08  -5.06865e-06 5.38744e-05 -6.201e-10  -1.05216e-05 0.000107745 1.38947e-07  -1.16221e-05 0.000107782 7.81096e-08  -1.3521e-05 0.000105514 1.80569e-07  -1.75141e-05 0.000102309 -1.61622e-07  -7.92218e-06 6.00762e-05 5.54242e-08  -1.15765e-05 8.69234e-05 4.32279e-07  -6.37397e-06 6.1938e-05 -7.05749e-08  -4.13082e-06 2.88259e-05 -8.08657e-07  -3.58633e-06 2.53997e-05 7.09339e-07  -2.86985e-06 1.88378e-05 -5.5946e-07  -2.12017e-06 1.39734e-05 4.09562e-07  -1.95684e-06 1.27774e-05 -1.34849e-07  4.22941e-05 -0.000164889 -1.11889e-07  1.33349e-05 -5.22319e-05 -1.51186e-06  1.11087e-05 -4.40113e-05 1.31897e-06  9.85048e-06 -3.89605e-05 -1.19876e-06  1.52948e-05 -6.40573e-05 8.65355e-09  8.52766e-06 -2.53821e-05 6.00926e-07  2.17488e-05 -7.69153e-05 6.97414e-07  2.18794e-05 -7.82603e-05 -3.51745e-07  2.15542e-05 -7.75387e-05 9.59363e-08  3.47016e-05 -0.000126064 4.4378e-09  2.46623e-05 -8.95455e-05 5.02097e-09  2.56539e-05 -9.29348e-05 -1.15017e-08  2.60756e-05 -9.41204e-05 -1.29095e-08  2.58161e-05 -9.28812e-05 -1.32995e-09  2.51249e-05 -9.02337e-05 1.65372e-09  2.40322e-05 -8.62698e-05 3.75689e-09  2.24718e-05 -8.06833e-05 2.6574e-09  2.08533e-05 -7.48444e-05 5.44682e-09  1.85637e-05 -6.66198e-05 6.03163e-09  1.56776e-05 -5.62611e-05 8.13319e-09  1.29661e-05 -4.65335e-05 7.33748e-09  9.54613e-06 -3.42533e-05 5.41638e-09  5.98665e-06 -2.14748e-05 1.0127e-08  2.79943e-06 -1.00497e-05 9.24601e-09  -1.10906e-06 3.97656e-06 1.04171e-08  -4.73497e-06 1.69862e-05 6.06968e-09  -8.19362e-06 2.93917e-05 7.46333e-09  -1.11509e-05 4.00141e-05 4.55576e-09  -1.51276e-05 5.42729e-05 8.491e-09  -1.81747e-05 6.52003e-05 6.37168e-09  -2.04832e-05 7.35004e-05 4.48894e-09  -2.27446e-05 8.16393e-05 5.61159e-09  -1.22875e-05 4.41069e-05 7.24929e-09  -2.57225e-05 9.24616e-05 -6.50465e-09  -4.10992e-05 0.000148114 -3.2767e-08  -2.82631e-05 0.00010209 5.04344e-09  -2.85405e-05 0.000102645 5.86312e-08  -2.87453e-05 0.000101405 1.0867e-07  -2.90589e-05 9.78096e-05 1.97711e-07  -1.604e-05 4.85393e-05 8.64298e-07  0 0 0  -2.24034e-05 8.13855e-05 1.19871e-09  -1.70989e-05 6.0963e-05 -1.13417e-07  -2.49864e-05 9.23663e-05 -8.1319e-07  -6.5231e-06 2.92745e-05 7.38555e-07  -6.13397e-06 2.40183e-05 -7.08559e-07  -5.09551e-06 2.01106e-05 5.89891e-07  -3.22286e-06 1.24785e-05 -3.77151e-07  -2.92003e-06 1.13224e-05 2.28878e-07  0.000126941 -0.000298043 5.50605e-07  4.21098e-05 -9.90952e-05 -9.67076e-08  3.53783e-05 -8.4144e-05 -1.05408e-08  3.11687e-05 -7.40629e-05 1.63155e-08  3.63967e-05 -8.6462e-05 -1.03423e-06  2.11018e-05 -5.08502e-05 4.81466e-08  1.56519e-05 -3.21102e-05 2.392e-07  1.67973e-05 -3.50483e-05 1.70611e-08  1.75657e-05 -3.68477e-05 4.74519e-08  1.86563e-05 -3.92725e-05 8.66892e-09  1.97267e-05 -4.15318e-05 -4.73781e-09  2.0503e-05 -4.31074e-05 -1.35928e-08  2.09048e-05 -4.39121e-05 -1.68578e-08  2.08513e-05 -4.37526e-05 -7.11942e-09  2.03464e-05 -4.26712e-05 -2.78866e-10  1.94868e-05 -4.08683e-05 7.97833e-10  1.8311e-05 -3.83941e-05 -3.98785e-10  1.71982e-05 -3.60632e-05 3.8986e-09  1.54365e-05 -3.23712e-05 3.15628e-09  1.27557e-05 -2.67472e-05 1.84677e-09  1.11193e-05 -2.33195e-05 3.62999e-09  8.38721e-06 -1.75868e-05 3.91511e-09  5.6472e-06 -1.18427e-05 5.56948e-09  2.64057e-06 -5.53758e-06 5.42094e-09  -4.29972e-07 9.03863e-07 5.13096e-09  -3.31473e-06 6.95289e-06 8.2004e-09  -6.4416e-06 1.35083e-05 4.05364e-09  -8.54524e-06 1.79181e-05 4.03292e-09  -1.1432e-05 2.3973e-05 5.78003e-09  -1.3994e-05 2.93448e-05 7.1629e-09  -1.61848e-05 3.39388e-05 5.65142e-09  -1.78514e-05 3.74334e-05 2.10978e-09  -1.95143e-05 4.09278e-05 -8.35484e-10  -2.0963e-05 4.39759e-05 -1.59968e-09  -2.19533e-05 4.60649e-05 -1.55557e-09  -2.24123e-05 4.70286e-05 2.66312e-10  -2.26901e-05 4.75207e-05 3.13363e-08  -2.24657e-05 4.66778e-05 1.22704e-07  -2.16747e-05 4.41047e-05 2.9828e-07  -3.49023e-05 8.49964e-05 -2.2734e-08  -2.652e-05 7.03063e-05 -3.02771e-07  -1.14767e-05 3.15615e-05 2.219e-07  -2.58334e-05 6.15451e-05 -9.0172e-08  -1.37664e-05 3.10707e-05 -7.38784e-07  -2.3317e-05 5.86837e-05 -1.14949e-07  -2.09526e-05 5.0247e-05 4.38883e-08  -1.62682e-05 3.81451e-05 5.18665e-08  -1.11221e-05 2.63787e-05 4.60119e-08  -9.31305e-06 2.177e-05 7.31601e-08  7.79442e-05 -0.000125753 6.99976e-07  2.78182e-05 -4.5646e-05 1.46004e-06  2.46494e-05 -4.058e-05 -1.23138e-06  2.52139e-05 -4.04398e-05 1.65932e-06  2.18096e-05 -3.43802e-05 -1.36804e-06  1.24855e-05 -2.44421e-05 2.4007e-07  1.54546e-05 -3.12058e-05 -1.46108e-07  1.64379e-05 -3.41307e-05 -1.03179e-07  1.71655e-05 -3.5892e-05 -3.92881e-08  1.82945e-05 -3.84696e-05 -2.19402e-08  6.56105e-05 -0.000119959 1.65074e-08  7.60347e-05 -0.000121401 -1.14391e-08  2.08864e-05 -4.38429e-05 6.18887e-09  2.05204e-05 -4.30405e-05 1.36149e-09  1.97838e-05 -4.14861e-05 -2.97995e-10  1.90819e-05 -4.00098e-05 2.53038e-09  1.775e-05 -3.72123e-05 3.46494e-09  1.60788e-05 -3.3714e-05 1.51082e-09  1.39878e-05 -2.93308e-05 2.72745e-09  1.19137e-05 -2.49782e-05 4.83385e-09  9.9477e-06 -2.086e-05 2.89282e-09  6.66102e-06 -1.3967e-05 4.14899e-09  3.64483e-06 -7.64347e-06 3.26602e-09  1.54262e-06 -3.23127e-06 3.19608e-09  -2.35147e-06 4.92753e-06 4.73668e-09  -4.45069e-06 9.32776e-06 5.69465e-09  -7.4653e-06 1.56547e-05 6.40216e-09  -1.02713e-05 2.15398e-05 2.36608e-09  -1.23581e-05 2.59116e-05 3.13221e-09  -1.49877e-05 3.14291e-05 2.81218e-09  -1.69073e-05 3.54519e-05 1.42109e-09  -1.88922e-05 3.96162e-05 4.10481e-09  -2.04922e-05 4.29778e-05 4.05327e-09  -2.13484e-05 4.47874e-05 -1.22214e-12  -2.20942e-05 4.63604e-05 -3.57978e-09  -2.26615e-05 4.75258e-05 -1.41476e-08  -2.25287e-05 4.70489e-05 -6.32999e-08  -2.19968e-05 4.53138e-05 -1.70178e-07  -2.13267e-05 4.25256e-05 -3.37321e-07  -1.98275e-05 3.73422e-05 -4.33627e-07  -3.25979e-05 5.84148e-05 6.60002e-07  -4.90867e-05 8.95925e-05 -3.76595e-07  -1.67731e-05 3.1665e-05 2.97767e-07  -3.58346e-05 6.04557e-05 -8.09508e-08  -1.99695e-05 3.18586e-05 -1.05141e-06  -1.80696e-05 2.91961e-05 1.13663e-06  -1.05979e-05 1.73182e-05 -5.28372e-07  -7.54223e-06 1.23017e-05 3.90116e-07  -6.19017e-06 9.96041e-06 -1.02466e-07  9.82776e-05 -0.000127905 -1.27102e-07  3.37936e-05 -4.46882e-05 -1.57305e-06  2.65087e-05 -3.50747e-05 1.15799e-06  2.8318e-05 -3.77437e-05 -9.57146e-07  2.29056e-05 -3.27928e-05 4.2239e-07  4.0193e-05 -5.58309e-05 -2.3563e-07  4.08868e-05 -5.63905e-05 1.03797e-07  4.3523e-05 -6.06404e-05 5.72385e-08  4.6759e-05 -6.55447e-05 1.57824e-08  5.00451e-05 -7.03567e-05 1.00474e-08  2.65788e-05 -3.74224e-05 -3.42705e-10  2.78039e-05 -3.9132e-05 2.83958e-09  5.64205e-05 -7.93497e-05 -3.18242e-09  5.58651e-05 -7.85519e-05 -9.12934e-10  5.4761e-05 -7.6996e-05 -6.63885e-12  5.24305e-05 -7.37132e-05 4.42038e-09  4.89303e-05 -6.87944e-05 3.92717e-09  4.50555e-05 -6.33478e-05 7.08216e-09  4.0255e-05 -5.6599e-05 9.66303e-09  3.46073e-05 -4.86575e-05 9.71345e-09  2.85515e-05 -4.01424e-05 8.02816e-09  2.05591e-05 -2.89061e-05 6.79398e-09  1.24437e-05 -1.74971e-05 1.0531e-08  5.40432e-06 -7.59661e-06 9.45154e-09  -2.60814e-06 3.668e-06 9.27314e-09  -4.18524e-06 5.88698e-06 4.25806e-09  -2.47738e-05 3.48392e-05 8.92245e-09  -2.60096e-05 3.65747e-05 6.10803e-09  -3.26311e-05 4.58887e-05 1.24132e-08  -3.9363e-05 5.5356e-05 9.83815e-09  -4.47713e-05 6.29626e-05 5.72144e-09  -5.01893e-05 7.05838e-05 8.22144e-09  -5.45033e-05 7.66536e-05 8.92019e-09  -5.70828e-05 8.02795e-05 -1.3858e-09  -5.9732e-05 8.39997e-05 7.37475e-09  -6.06416e-05 8.52112e-05 2.8863e-09  -6.07881e-05 8.5193e-05 2.86476e-08  -5.95104e-05 8.27973e-05 8.38126e-08  -5.67797e-05 7.76731e-05 1.41381e-07  -5.24342e-05 6.9662e-05 1.70712e-07  -4.83899e-05 6.2575e-05 -3.62121e-08  -4.55301e-05 5.90511e-05 -1.58308e-07  -4.49338e-05 5.99894e-05 -1.47116e-07  -2.14467e-05 2.9376e-05 2.68041e-07  -2.17616e-05 3.16857e-05 3.85229e-07  -1.73249e-05 2.30017e-05 -5.92017e-07  -1.27657e-05 1.68156e-05 5.38419e-07  -7.94827e-06 1.03891e-05 -3.77494e-07  -6.88063e-06 8.96216e-06 1.54044e-07  0.000104133 -0.00011099 7.99622e-07  7.43172e-05 -7.25072e-05 -2.77862e-07  5.94595e-05 -6.0482e-05 -4.76672e-07  5.78022e-05 -5.58805e-05 7.71435e-07  6.06007e-05 -6.1499e-05 -7.25324e-07  5.15817e-05 -5.09768e-05 -1.80966e-08  5.07533e-05 -4.96648e-05 9.56046e-08  5.36495e-05 -5.26438e-05 3.93955e-08  5.73539e-05 -5.64844e-05 9.1248e-09  6.13132e-05 -6.05193e-05 -1.27576e-09  6.4476e-05 -6.36995e-05 -2.24135e-09  6.72368e-05 -6.64497e-05 -1.99256e-09  6.89353e-05 -6.81301e-05 -9.96991e-10  6.90885e-05 -6.82765e-05 7.94617e-10  0.000101753 -0.000100545 1.04164e-09  6.44856e-05 -6.3724e-05 4.82273e-09  3.08084e-05 -3.0445e-05 2.82921e-09  8.51155e-05 -8.40906e-05 8.62345e-09  4.98332e-05 -4.92432e-05 8.668e-09  4.30688e-05 -4.25611e-05 8.0621e-09  3.43322e-05 -3.39272e-05 8.99291e-09  2.52017e-05 -2.49032e-05 8.24827e-09  1.56917e-05 -1.55077e-05 9.7876e-09  7.78079e-06 -7.68727e-06 1.21793e-08  2.06108e-07 -2.04198e-07 4.38508e-09  -8.20341e-06 8.1034e-06 1.00451e-08  -1.86704e-05 1.84447e-05 9.92519e-09  -4.33861e-05 4.28657e-05 1.40804e-08  -4.01497e-05 3.96673e-05 1.43782e-08  -4.76127e-05 4.70438e-05 7.95587e-09  -5.50987e-05 5.44365e-05 7.37075e-09  -6.15147e-05 6.07702e-05 9.37831e-09  -6.67108e-05 6.59014e-05 9.58298e-09  -7.00765e-05 6.92269e-05 -1.71233e-09  -7.36328e-05 7.27225e-05 5.7913e-09  -7.46668e-05 7.36978e-05 -8.47189e-09  -7.50806e-05 7.39411e-05 3.33136e-09  -7.34027e-05 7.19246e-05 -5.50047e-09  -6.992e-05 6.77589e-05 4.75287e-08  -6.5529e-05 6.2479e-05 1.59579e-07  -6.17126e-05 5.82283e-05 1.15711e-07  -5.7699e-05 5.46521e-05 1.14004e-08  -5.46603e-05 5.27149e-05 -7.66948e-08  -5.16906e-05 5.12445e-05 -1.67058e-07  -5.0352e-05 5.1405e-05 -6.66644e-07  -3.61705e-05 3.50316e-05 5.67165e-07  -2.34612e-05 2.34604e-05 -1.10008e-07  -9.67867e-06 1.04979e-05 3.76251e-07  -8.03242e-06 8.4664e-06 -9.89307e-08  0.000244095 -0.000191832 6.15573e-07  4.3599e-05 -3.25166e-05 1.47492e-06  3.29862e-05 -2.42457e-05 -1.33569e-06  2.77175e-05 -1.8695e-05 4.67982e-07  3.04542e-05 -2.11575e-05 1.7761e-07  3.04972e-05 -2.12809e-05 -1.13966e-07  2.9692e-05 -2.05462e-05 -5.03171e-08  3.09134e-05 -2.13314e-05 1.31536e-08  3.26303e-05 -2.25474e-05 2.23579e-08  3.45625e-05 -2.39237e-05 1.54091e-08  3.68051e-05 -2.55011e-05 6.7148e-09  3.82859e-05 -2.65336e-05 3.18415e-09  3.94362e-05 -2.73334e-05 1.60805e-09  3.97185e-05 -2.75311e-05 1.25605e-09  3.95746e-05 -2.74363e-05 8.07756e-10  3.86812e-05 -2.68148e-05 2.72255e-09  3.66816e-05 -2.54307e-05 1.93398e-09  6.48896e-05 -4.49851e-05 2.39486e-09  2.73068e-05 -1.89304e-05 1.44986e-09  2.40776e-05 -1.66914e-05 3.64825e-09  1.87496e-05 -1.29993e-05 3.61771e-09  1.32732e-05 -9.20325e-06 5.34171e-09  7.67925e-06 -5.32447e-06 2.23135e-09  2.78533e-06 -1.92992e-06 4.95913e-09  0 0 0  -3.1852e-06 2.20702e-06 3.37227e-09  -9.09953e-06 6.30919e-06 5.23311e-09  -1.43297e-05 9.93704e-06 5.26686e-09  -1.95107e-05 1.35283e-05 3.27411e-09  -5.24222e-05 3.63484e-05 7.29384e-09  -3.29551e-05 2.28473e-05 2.92331e-09  -3.54029e-05 2.45482e-05 1.5917e-09  -3.87762e-05 2.68849e-05 2.00442e-09  -4.09892e-05 2.84221e-05 3.09671e-09  -4.23712e-05 2.93733e-05 6.24832e-09  -4.30887e-05 2.98453e-05 1.62414e-08  -4.30917e-05 2.97981e-05 3.1871e-08  -4.18252e-05 2.87926e-05 7.97064e-08  -3.95605e-05 2.70324e-05 1.18478e-07  -3.77761e-05 2.56161e-05 7.70877e-08  -3.62688e-05 2.45604e-05 -1.80373e-08  -3.37251e-05 2.29677e-05 -9.99288e-08  -3.15906e-05 2.17709e-05 -1.47115e-07  -2.90318e-05 2.0265e-05 -1.43316e-07  -2.37356e-05 1.64713e-05 1.63653e-07  -1.60166e-05 1.07393e-05 2.83206e-07  -1.21697e-05 8.85354e-06 -4.92811e-07  -2.22558e-05 1.77103e-05 -3.64844e-08  -1.70345e-05 1.32662e-05 8.04741e-08  0.000161316 -8.94287e-05 6.97107e-07  5.80337e-05 -3.16567e-05 -2.26512e-06  7.06265e-05 -3.93268e-05 -1.54846e-07  6.63723e-05 -3.78127e-05 -7.81147e-09  6.31623e-05 -3.64701e-05 6.30592e-09  6.30545e-05 -3.60348e-05 1.38842e-08  6.43427e-05 -3.66716e-05 8.11372e-09  6.78983e-05 -3.87189e-05 7.09342e-09  7.14831e-05 -4.08183e-05 3.32231e-09  7.46038e-05 -4.2653e-05 4.5929e-09  7.88212e-05 -4.50914e-05 3.6373e-09  8.18518e-05 -4.68285e-05 1.17428e-09  8.31025e-05 -4.75337e-05 3.05876e-09  8.33103e-05 -4.76659e-05 -3.42703e-09  8.25216e-05 -4.72194e-05 4.56878e-09  7.89232e-05 -4.51326e-05 -4.10048e-09  7.56436e-05 -4.32573e-05 8.95388e-09  6.85737e-05 -3.92171e-05 6.15862e-10  6.31324e-05 -3.60695e-05 7.18631e-09  5.40766e-05 -3.09417e-05 8.06848e-09  4.44105e-05 -2.53184e-05 4.94303e-09  3.2213e-05 -1.84284e-05 2.61022e-09  2.401e-05 -1.37281e-05 8.05789e-09  1.02532e-05 -5.86431e-06 6.28091e-09  -1.90859e-06 1.14323e-06 7.53677e-09  -1.4249e-05 8.1596e-06 8.92144e-09  -2.2938e-05 1.31281e-05 4.28002e-09  -3.54946e-05 2.02173e-05 8.46286e-09  -4.72304e-05 2.70196e-05 1.00962e-08  -5.44275e-05 3.11346e-05 1.96725e-09  -6.47722e-05 3.70607e-05 4.25201e-09  -7.25187e-05 4.14834e-05 7.14181e-09  -7.88111e-05 4.5003e-05 6.18292e-09  -8.49019e-05 4.85555e-05 9.50125e-09  -8.78089e-05 5.02181e-05 -3.58477e-09  -8.97961e-05 5.137e-05 -1.58556e-09  -9.1574e-05 5.23134e-05 2.19763e-09  -9.04054e-05 5.1527e-05 2.16544e-09  -8.80375e-05 4.9871e-05 -1.14144e-09  -3.91579e-05 2.66531e-05 -4.77499e-08  -3.74695e-05 2.53603e-05 -1.03641e-09  -3.41317e-05 2.31397e-05 2.64039e-08  -6.99366e-05 3.95227e-05 -5.50168e-09  -6.35533e-05 3.63586e-05 -9.90109e-09  -5.39484e-05 3.11419e-05 -5.65168e-09  -2.15274e-05 1.47647e-05 -1.14072e-07  -3.2339e-05 1.78783e-05 -8.22734e-08  -2.36735e-05 1.27695e-05 -1.37547e-07  -1.2891e-06 7.1668e-07 -4.57494e-08  0.000147046 -6.63731e-05 7.12309e-07  5.74365e-05 -2.78689e-05 7.6441e-07  0 0 0  3.87529e-05 -1.78306e-05 1.53438e-07  3.47866e-05 -1.60915e-05 -5.12452e-10  3.36922e-05 -1.56341e-05 -2.7621e-09  3.37904e-05 -1.56231e-05 1.9197e-08  3.45199e-05 -1.59268e-05 6.0891e-09  3.64003e-05 -1.67981e-05 -1.85338e-09  3.84343e-05 -1.77527e-05 -2.94044e-09  4.02996e-05 -1.86266e-05 -3.63497e-10  4.21568e-05 -1.94893e-05 9.89612e-10  4.33843e-05 -2.00575e-05 -9.78788e-10  4.35895e-05 -2.01529e-05 -2.05096e-10  4.34111e-05 -2.00671e-05 1.07466e-09  4.23021e-05 -1.95577e-05 9.57799e-10  4.06922e-05 -1.88103e-05 2.62775e-09  3.7863e-05 -1.75045e-05 1.22662e-09  6.46733e-05 -2.98914e-05 5.2062e-09  2.54799e-05 -1.17805e-05 2.04868e-09  2.02508e-05 -9.36121e-06 2.99122e-09  1.47614e-05 -6.82258e-06 4.65881e-09  9.23207e-06 -4.26824e-06 3.24908e-09  3.10613e-06 -1.43567e-06 4.42092e-09  0 0 0  -3.02139e-06 1.39658e-06 4.01693e-09  -9.87436e-06 4.56396e-06 5.33538e-09  -1.55182e-05 7.17309e-06 2.78133e-09  -2.12532e-05 9.82379e-06 3.37899e-09  -2.65551e-05 1.22714e-05 5.14538e-09  -6.80801e-05 3.14691e-05 7.07054e-09  -3.97341e-05 1.83665e-05 2.14655e-09  -4.28125e-05 1.9787e-05 1.07529e-09  -4.54499e-05 2.10036e-05 2.27478e-09  -4.65902e-05 2.15325e-05 -1.08493e-10  -4.78896e-05 2.21223e-05 -1.45527e-09  -4.81674e-05 2.22267e-05 -1.06309e-08  -4.74357e-05 2.18264e-05 -1.96128e-08  -4.5751e-05 2.09768e-05 -1.06594e-08  -8.74828e-05 4.00139e-05 3.23371e-08  -8.32679e-05 3.80589e-05 5.64791e-09  -7.66732e-05 3.51272e-05 -2.27552e-08  -3.46165e-05 1.59555e-05 1.07511e-08  -3.01929e-05 1.39726e-05 -1.45713e-08  -2.6103e-05 1.20055e-05 -3.04236e-08  -4.33034e-05 1.97607e-05 1.63739e-07  -1.74357e-05 8.35541e-06 1.88245e-07  0 0 0  -1.27962e-05 5.51105e-06 -8.47963e-08  0.000252272 -7.30075e-05 4.03138e-07  0.000130936 -3.80275e-05 -9.07497e-07  4.82276e-05 -1.32931e-05 2.00619e-07  8.59106e-05 -2.30878e-05 -1.45346e-07  7.57914e-05 -2.01726e-05 2.89697e-08  7.18621e-05 -1.91344e-05 1.58746e-08  7.22512e-05 -1.92086e-05 -4.04129e-09  7.50414e-05 -1.99278e-05 -1.08235e-09  7.87347e-05 -2.09078e-05 5.04951e-09  8.29332e-05 -2.20344e-05 4.52195e-09  8.70111e-05 -2.31243e-05 2.32915e-09  9.04989e-05 -2.40548e-05 2.8907e-09  9.26529e-05 -2.46273e-05 -9.02957e-10  9.30426e-05 -2.47316e-05 4.50666e-09  9.2026e-05 -2.44625e-05 -1.71368e-09  8.97148e-05 -2.38506e-05 6.12257e-09  8.52442e-05 -2.26607e-05 5.35098e-09  7.91505e-05 -2.10402e-05 5.5248e-09  0.000102513 -2.72542e-05 7.24291e-09  5.63353e-05 -1.49792e-05 4.6385e-09  4.64392e-05 -1.23447e-05 1.00974e-08  3.47053e-05 -9.22451e-06 1.02114e-08  2.30303e-05 -6.12078e-06 8.74257e-09  1.00153e-05 -2.66239e-06 5.82378e-09  -3.08581e-06 8.18902e-07 1.10909e-08  -6.80342e-06 1.8085e-06 6.25177e-09  -2.38783e-05 6.34853e-06 1.03992e-08  -3.6451e-05 9.69118e-06 1.13521e-08  -7.62661e-05 2.02732e-05 1.60153e-08  -3.05236e-05 8.1141e-06 3.74246e-09  -7.07765e-05 1.88112e-05 1.31985e-08  -0.000121316 3.22461e-05 3.54491e-09  -9.01912e-05 2.3977e-05 6.72673e-09  -9.56839e-05 2.54346e-05 5.23843e-09  -9.941e-05 2.64268e-05 4.94364e-09  -0.000101756 2.70462e-05 2.67818e-09  -0.000102579 2.72502e-05 5.63259e-09  -0.000101927 2.70452e-05 1.42149e-08  -9.97356e-05 2.64174e-05 1.33019e-08  -9.60654e-05 2.54018e-05 -3.94757e-09  -9.06981e-05 2.39844e-05 -1.00483e-08  -8.38667e-05 2.22053e-05 -2.4268e-08  -7.62069e-05 2.02086e-05 -1.81024e-08  -6.69032e-05 1.77487e-05 -1.31048e-09  -5.65573e-05 1.49576e-05 1.23148e-08  -4.78082e-05 1.27026e-05 -6.81764e-08  -1.97722e-05 5.36116e-06 5.25706e-08  -3.57537e-05 1.00967e-05 -3.39409e-07  -1.88618e-05 4.83529e-06 2.04108e-07  0.000210085 -2.01691e-05 -8.04219e-07  6.13247e-05 -5.61072e-06 2.75483e-07  5.01675e-05 -4.55877e-06 -1.42587e-07  4.34088e-05 -3.81494e-06 -5.46402e-08  3.89173e-05 -3.40304e-06 9.05091e-10  3.66408e-05 -3.19484e-06 -2.37396e-09  3.71835e-05 -3.23773e-06 -1.03368e-09  3.89542e-05 -3.38549e-06 2.04515e-10  4.09839e-05 -3.55908e-06 1.48173e-09  4.32347e-05 -3.75256e-06 9.53066e-10  4.53578e-05 -3.93614e-06 2.28773e-09  4.70629e-05 -4.08304e-06 3.45816e-09  4.80295e-05 -4.16522e-06 -9.25437e-10  4.80647e-05 -4.16794e-06 5.45454e-10  4.73451e-05 -4.1044e-06 -1.05417e-09  4.58715e-05 -3.97606e-06 1.0908e-09  4.35403e-05 -3.77454e-06 2.2747e-09  4.02074e-05 -3.48677e-06 3.91941e-10  3.57855e-05 -3.10372e-06 1.06866e-09  3.0085e-05 -2.60881e-06 -1.97454e-09  2.6111e-05 -2.26708e-06 5.85837e-09  2.00881e-05 -1.74346e-06 3.52472e-09  1.36054e-05 -1.18069e-06 3.88608e-09  5.65138e-06 -4.89811e-07 3.79151e-09  -4.5952e-07 4.06068e-08 4.20436e-09  -7.01052e-06 6.08512e-07 3.80798e-09  -1.34048e-05 1.16264e-06 3.73021e-09  -2.00413e-05 1.73922e-06 4.70584e-09  -2.62087e-05 2.27413e-06 3.72793e-09  -3.15789e-05 2.74178e-06 2.60722e-09  -3.72677e-05 3.23313e-06 3.43935e-09  -4.20875e-05 3.6554e-06 6.0744e-09  -4.59038e-05 3.98421e-06 2.51451e-09  -4.90208e-05 4.25956e-06 1.0129e-09  -5.10381e-05 4.43177e-06 -9.61911e-10  -5.24419e-05 4.55256e-06 7.36402e-10  -5.2965e-05 4.59842e-06 -2.79555e-10  -5.27879e-05 4.57522e-06 5.14824e-09  -5.2146e-05 4.52102e-06 4.84215e-09  -5.07833e-05 4.39891e-06 -6.31545e-10  -4.81639e-05 4.17271e-06 -4.76049e-09  -4.49058e-05 3.88863e-06 -2.13056e-09  -4.08404e-05 3.53815e-06 -3.35463e-09  -3.54693e-05 3.06857e-06 3.26471e-09  -3.07861e-05 2.65724e-06 1.22582e-09  -2.59997e-05 2.25947e-06 -3.29161e-08  -2.07996e-05 1.85573e-06 -6.35148e-08  -1.40018e-05 1.2327e-06 6.63289e-08  -7.15979e-06 5.98845e-07 -2.79927e-09  
            </DataArray>
         </PointData> 
      </Piece>
   </UnstructuredGrid> 
</VTKFile>
