/*--------------------------------*- C++ -*----------------------------------*\
| =========                 |                                                 |
| \\      /  F ield         | OpenFOAM: The Open Source CFD Toolbox           |
|  \\    /   O peration     | Version:  2412                                  |
|   \\  /    A nd           | Website:  www.openfoam.com                      |
|    \\/     M anipulation  |                                                 |
\*---------------------------------------------------------------------------*/
FoamFile
{
    version     2.0;
    format      ascii;
    arch        "LSB;label=32;scalar=64";
    class       vectorField;
    location    "constant/polyMesh";
    object      points;
}
// * * * * * * * * * * * * * * * * * * * * * * * * * * * * * * * * * * * * * //


2510
(
(0.0017365262642241 0.0046887606607354 0)
(0.00075713888752288 0.0049423416216406 0)
(-0.00025324584419356 0.0049935825358553 0)
(-0.00025324584419352 -0.0049935825358553 0)
(0.00075713888752292 -0.0049423416216406 0)
(0.0017365262642241 -0.0046887606607354 0)
(0.0017365262642241 0.0046887606607354 0.05)
(0.00075713888752288 0.0049423416216406 0.05)
(-0.00025324584419356 0.0049935825358553 0.05)
(-0.00025324584419352 -0.0049935825358553 0.05)
(0.00075713888752292 -0.0049423416216406 0.05)
(0.0017365262642241 -0.0046887606607354 0.05)
(0.0015657126314862 0.0032947442617143 0)
(0.000590792377057 0.0040480064914566 0)
(-0.00051787945056038 0.0039328171809089 0)
(-0.00024084192719078 -0.0042049541312765 0)
(0.00077600111556367 -0.0039094108939613 0)
(0.0017648530809982 -0.0035041817505317 0)
(0.0021724342773596 0.0022127318032029 0)
(0.00017821271766305 0.0029545700534927 0)
(-0.00022075442789376 -0.0032631286121252 0)
(0.0008004429975208 -0.0028974000887939 0)
(0.0018573383255907 -0.0022968259731282 0)
(0.0024133928837142 -0.0012945870152075 0)
(0.00082597641639427 0.001876094544272 0)
(0.0017392852504634 -0.00036022467359618 0)
(0.0018140418675813 0.00131192060872 0)
(-0.00016269163642992 -0.0022585650663431 0)
(0.00077240867408719 -0.0019848765981097 0)
(0.0012588395521832 -0.001220162653335 0)
(0.0022689490095173 0.00046966091110894 0)
(-7.0052571300235e-05 0.00073767229001048 0)
(0.0011467003208586 0.00061261076595274 0)
(0.00011529015375934 -0.0012444752951037 0)
(0.00058436904250196 -0.00029629863670434 0)
(0.0010453934139015 0.0041504285072133 0.05)
(0.0010702343569119 -0.0041317519094932 0.05)
(0.0017291108970489 0.0037041577900547 0.05)
(0.00021258212211229 0.0041031046131083 0.05)
(0.0002389514154574 -0.0040776865693189 0.05)
(0.0017714608674285 -0.0036872732711231 0.05)
(0.0015072492269126 0.0027302403970643 0.05)
(0.00076683936003953 0.0033010585917891 0.05)
(-0.00021906913351492 0.0031483758611367 0.05)
(-0.00016262188457122 -0.0031051264268858 0.05)
(0.000837532865128 -0.0032535190769016 0.05)
(0.0016433391235755 -0.0026690223813464 0.05)
(0.0023061172320696 0.0022232994472885 0.05)
(0.00038336600115254 0.0021834458884871 0.05)
(-0.00078745312814496 -0.0021521784699214 0.05)
(0.00051968331839536 -0.0021010109308835 0.05)
(0.0016919681285736 -0.0016266408414514 0.05)
(0.0014042246937482 0.0017569516680539 0.05)
(0.0019362644330551 -0.00062293834038302 0.05)
(0.0021785863246052 0.00032253538524946 0.05)
(-0.00046287002475147 0.0011106846521256 0.05)
(-0.00037742897125481 -0.0010549826066709 0.05)
(0.00081547068566992 -0.00090678297916056 0.05)
(0.0015126918979986 0.00088870179546032 0.05)
(0.00062011209271503 0.0010206181000697 0.05)
(8.6160628692655e-05 3.4712677300218e-05 0.05)
(0.0011623022107063 8.1289216840143e-05 0.05)
(0.0022227750166804 0.0044787577770205 0.049107235046796)
(0.0012643771711966 0.0048374942241781 0.049120796373815)
(0.00025904686393854 0.0049932849630562 0.049127177030739)
(0.00025326947011079 -0.0049935813376283 0.049133667122954)
(0.0012523908880915 -0.0048406112282877 0.04913283593934)
(0.0021980377022455 -0.0044909498170774 0.049132247453731)
(0.0021939966256704 0.0044929254174254 0.00088153758239207)
(0.00024992822783239 0.0049937496814451 0.00086660560534415)
(0.00025027218331874 -0.0049937324552139 0.00086558343008498)
(0.0021884056008813 -0.004495651335016 0.00086073754694436)
(0.0012461413115614 0.0048422238518701 0.00087007186919579)
(0.0012457053089973 -0.0048423360357513 0.00086449516168846)
(0.0017548451635246 0.0046819353318958 0.04823325698218)
(0.00076783271502706 0.0049406915428646 0.048245984412952)
(-0.00024618052594575 0.0049939358374578 0.04825479304158)
(-0.00025332003759072 -0.0049935787726394 0.048267441108603)
(0.00075576499800172 -0.0049425518983411 0.048264841058535)
(0.0017296757159536 -0.0046912921373157 0.048260510989431)
(0.0017080488387767 0.0046992094190782 0.0017441898801715)
(-0.00025996339392388 0.0049932373300114 0.001734317762377)
(0.00073914432289182 0.0049450647791446 0.0017367094619904)
(-0.00025717137658236 -0.004993381908393 0.001731795294649)
(0.0017171675340174 -0.0046958849709204 0.0017299447940333)
(0.00074707706149429 -0.0049438725574381 0.0017318305945554)
(0.0022068562881673 0.0044866229308219 0.047346702320285)
(0.0012605546372536 0.0048384917078051 0.047353681749647)
(0.00026412261938034 0.004993019050828 0.047364468920428)
(0.000250321722237 -0.0049937299722128 0.047398023234736)
(0.0012451302560179 -0.0048424839334322 0.047386943297423)
(0.0021819429327168 -0.0044987915086573 0.047374712894631)
(0.0012340278982601 -0.0048453250815931 0.0025985002717547)
(0.001205645379028 0.0048524652724186 0.0026076913357171)
(0.0021684496738125 -0.0045053108674255 0.0025988196437765)
(0.0021230441544426 0.0045268845267234 0.0026119110965811)
(0.00024170720990589 -0.0049941543453001 0.0025963048487123)
(0.00023117442634865 0.0049946529793973 0.0026092024217697)
(0.0017266936169222 0.0046923905584766 0.046453388794798)
(0.00077391895249794 0.0049397418409229 0.046448266611879)
(-0.00023453162742705 0.0049944964626813 0.046475836724206)
(-0.00026210618937055 -0.0049931253084109 0.04653414154711)
(0.00073991163945127 -0.0049449500266236 0.046519315026491)
(0.0017130267321424 -0.0046973970893427 0.046487485190788)
(-0.0002646835991648 0.004992989344304 0.0034900427248651)
(0.0017080125800415 -0.0046992225980922 0.0034639675489662)
(0.00071569299135417 0.0049485132658331 0.0034918476974566)
(-0.00026655395447232 -0.004992889843503 0.0034585500101131)
(0.00073230008854438 -0.0049460829532386 0.0034543777619448)
(0.0016401302318146 0.004723343394534 0.0034695699843561)
(0.0025859973311419 0.0042793244564215 0.046492463939724)
(0.00029520000322328 0.0049912780886359 0.04553348499313)
(0.00021039371203648 -0.0049955714874212 0.045660491694706)
(0.0011910091074719 -0.0048560783875386 0.045622410188242)
(0.0021482294257942 -0.0045149873016601 0.04554940211632)
(0.00022178363694586 -0.0049950787799977 0.0043108422969105)
(0.0020720967093605 0.0045504302243917 0.0042978336338901)
(0.0021933385335273 0.0044932467189488 0.045566797225185)
(0.00024478396982511 0.0049940044861931 0.0043945365379574)
(0.0013053973663465 0.0048265865490982 0.045487035035605)
(0.0021657637820786 -0.0045066026272833 0.0043291234099213)
(0.0012068448173887 0.0048521671021042 0.0043805143396876)
(0.0012022767657445 -0.0048533009981404 0.0042954102282218)
(-0.0003313741014969 -0.0049890070359599 0.044806323579348)
(0.00062488621349038 -0.0049607980426731 0.044779334255521)
(0.0015587092101781 -0.0047508342002333 0.044704682759137)
(0.0025340858580118 -0.0043102678413556 0.013999613495961)
(0.00253165547677 -0.0043116957855281 0.011999456381275)
(0.00069564960631448 -0.0049513706814613 0.0051488673906497)
(0.0017782560694581 0.0046730937666 0.0052476359564049)
(0.0025731829800957 -0.0042870420281292 0.0071064997971588)
(0.0025345500976188 -0.0043099948726954 0.021999999994255)
(-0.00025126730192633 0.0049936824831964 0.0052928138971054)
(0.0025052086362154 -0.0043271156315763 0.0052121245333403)
(0.002534550101171 -0.0043099948706065 0.024999999998092)
(0.0024038083832215 0.0043842565226905 0.0069827919002994)
(0.002429283844436 0.0043701922158141 0.0080383175670023)
(0.002455928437718 0.0043552744470134 0.0090744606832843)
(0.0024711794810811 0.0043466391582789 0.01009471087439)
(0.0024817775432845 0.0043405967591621 0.014113830381876)
(0.0024818752252004 0.0043405409071378 0.016114450530138)
(0.0024818821636801 0.0043405369397813 0.019114558851231)
(0.0024818822185745 0.0043405369083932 0.02011456261321)
(0.0024818822233632 0.0043405369056551 0.022114564453292)
(0.002481882221204 0.0043405369068897 0.02411456467968)
(0.0024818822208735 0.0043405369070786 0.02511456469937)
(0.0024818822205862 0.0043405369072429 0.02711456470835)
(0.0024818822205284 0.004340536907276 0.029114564709726)
(0.0024818822205407 0.0043405369072689 0.030114564709982)
(0.00248188222054 0.0043405369072694 0.032114564710125)
(0.0024818066424186 0.0043405801213256 0.036114612512488)
(0.0024823883644444 0.0043402474593128 0.039118540399766)
(0.0024828756885932 0.0043399686997711 0.040127125804809)
(0.0024772312630745 0.0043431929808893 0.04114277752628)
(0.0023524317345832 0.0044120363704446 0.043236343642712)
(-0.00028208751220475 -0.0049920363215283 0.005177831039111)
(0.00078697220297562 0.0049376790855364 0.0053354764263996)
(0.0016190542551442 -0.0047306091910979 0.0050988885936721)
(0.0020039920787365 0.0045808313381265 0.044421408348965)
(0.0025345488995819 -0.0043099955772168 0.031999950172384)
(-0.00021262305668786 0.0049954770979121 0.044632963837036)
(0.0008569382867731 0.0049260183487947 0.044537463628582)
(5.6489031308567e-05 -0.004999680888751 0.043948730299683)
(0.00096302805907354 -0.0049063812486839 0.04390218295377)
(0.0018226515939235 -0.004655957599374 0.04377210582872)
(0.0017473362181507 -0.0046847429108478 0.012495246814667)
(0.0017422379220052 -0.0046866413371547 0.010498739341197)
(0.0017538645413765 -0.0046823027636519 0.024499999999999)
(0.0011734080988173 -0.0048603614509242 0.0059651912202576)
(0.0019619902745541 -0.0045989775127255 0.0058173912779942)
(0.0017528642302513 -0.0046826773314318 0.014498882152604)
(0.0017538645411527 -0.0046823027637357 0.021499999999106)
(0.0017538645427043 -0.0046823027631546 0.023499999998467)
(0.0017538644044379 -0.0046823028149454 0.018499999584036)
(0.001757552949388 -0.0046809195282655 0.03747426603418)
(0.0017505933463144 -0.0046835267625839 0.013496812477536)
(0.0017538645494566 -0.0046823027606253 0.026499999988422)
(0.0017538264438463 -0.0046823170337842 0.01649993877648)
(0.0014245918783491 0.0047927589111222 0.0063751107357765)
(0.0019879815838944 -0.0045878022213361 0.042830791897114)
(0.0017538646407007 -0.0046823027264477 0.028499999786432)
(0.0017445757722137 -0.0046857715880104 0.0095115325492386)
(0.0017438862414917 -0.0046860282518073 0.011494965911722)
(0.0017538645775139 -0.0046823027501158 0.027499999888758)
(0.0013402216371658 0.0048170329003727 0.04352223393002)
(0.0017538645415992 -0.0046823027635685 0.025500000000681)
(0.0017538645428996 -0.0046823027630814 0.022499999997873)
(0.0015501909000031 0.0047536205331881 0.0075884525994412)
(0.0016236747201802 0.0047290253121598 0.0086670562694949)
(0.001663285925849 0.0047152391168288 0.0097045322361323)
(0.0016816707864765 0.0047087135574286 0.010723654581706)
(0.0016889055549623 0.0047061234606008 0.011733329376085)
(0.0016913160879259 0.0047052576859002 0.012738007341802)
(0.0016920185784479 0.0047050051147886 0.013740152831243)
(0.0016922000385672 0.0047049398539698 0.014741090630827)
(0.0016922405585146 0.0047049252801844 0.015741484041683)
(0.001692247440808 0.0047049228047949 0.016741643427513)
(0.0016922476854325 0.0047049227168093 0.017741706104634)
(0.0016922471579793 0.0047049229065215 0.018741730123867)
(0.0016922468054915 0.0047049230333029 0.019741739122733)
(0.0016922466374697 0.0047049230937362 0.02074174242736)
(0.0016922465671489 0.0047049231190289 0.021741743619383)
(0.0016922465397146 0.0047049231288964 0.022741744042443)
(0.0016922465294987 0.0047049231325708 0.02374174419035)
(0.0016922465258158 0.0047049231338954 0.024741744241331)
(0.001692246524506 0.0047049231343665 0.025741744258688)
(0.0016922465240376 0.004704923134535 0.026741744264576)
(0.0016922465238723 0.0047049231345945 0.027741744266625)
(0.0016922465238207 0.004704923134613 0.028741744267406)
(0.0016922465238084 0.0047049231346175 0.029741744267751)
(0.0016922465238004 0.0047049231346203 0.030741744267917)
(0.0016922465237846 0.004704923134626 0.031741744267982)
(0.0016922465237672 0.0047049231346323 0.032741744267991)
(0.0016922465237571 0.0047049231346359 0.033741744267982)
(0.0016922455264669 0.0047049234933368 0.034741746745041)
(0.0016921079848667 0.0047049729614048 0.03574187016363)
(0.0016915614221414 0.0047051694927094 0.03674229490373)
(0.0016915927438005 0.0047051582321024 0.037742361638102)
(0.0016957470818289 0.0047036625978559 0.038739934045285)
(0.0017066272386749 0.0046997258928807 0.039732926771889)
(0.0017076942672996 0.004699338282081 0.040732597709583)
(0.0016851483951127 0.0047074701153007 0.041730040898607)
(0.001724899448502 0.0046930503824866 0.042637389077431)
(0.0017538599479995 -0.0046823044842047 0.017499984804679)
(0.00023235851916816 -0.004994598033733 0.0060371984681878)
(0.0017567405791831 -0.0046812244698851 0.0085348995109881)
(0.0017615032643646 -0.0046794343942012 0.0075586053894101)
(0.00023663216675148 0.0049943973828339 0.0062586827459498)
(0.0017538645394132 -0.0046823027643873 0.020499999996466)
(0.0017538686686485 -0.0046823012176848 0.030499991160236)
(0.0017538661733318 -0.0046823021523651 0.029499996202182)
(0.002067391202223 -0.0045525700013257 0.041921706033329)
(0.0017508605511745 -0.0046834268789361 0.035495847064011)
(0.0017832022681769 -0.0046712085878035 0.038450194607625)
(0.00028901358777971 0.0049916401258583 0.043621410258073)
(0.0017536246287734 -0.0046823926214446 0.015499582996609)
(0.0017520268953676 -0.0046829906852255 0.034498617308682)
(0.0017506841901768 -0.0046834928062574 0.036488538320016)
(0.0017538645260398 -0.0046823027693966 0.019499999899359)
(0.0018282710046921 -0.0046537538754647 0.0066342058683741)
(0.0017538505980048 -0.0046823079864398 0.03149994825826)
(-0.00047046367563674 -0.0049778171852637 0.043091083629696)
(0.00039054482981474 -0.0049847241383957 0.043134027751601)
(0.0012320609253511 -0.0048458256134763 0.043042125527376)
(0.00092069753915501 -0.0049145005892149 0.025999999971895)
(0.00089923077649759 -0.0049184737480848 0.0099895391676976)
(0.00092069751990468 -0.0049145005928213 0.019999999961846)
(0.00092069753401129 -0.0049145005901786 0.023999999999833)
(0.001753092921606 -0.004682591719146 0.033499538037418)
(0.00092069753526872 -0.004914500589943 0.024999999991882)
(0.00090470355444186 -0.0049174700282341 0.0090085129605364)
(0.00091940354993786 -0.0049147428327799 0.014998101942397)
(0.00092070167546648 -0.0049144998143039 0.028999991156242)
(0.00090993150733286 -0.0049165053291909 0.012989692987319)
(0.00092069753320381 -0.0049145005903298 0.021999999999399)
(0.00092069740975403 -0.0049145006134573 0.018999999484444)
(0.00091574167650628 -0.004915426449649 0.013994132767012)
(0.00092065975886703 -0.0049145076669391 0.016999909065063)
(0.00057138217603342 0.0049672449515714 0.007282101055172)
(0.000902615871634 -0.0049178536566549 0.011984651240834)
(0.00092069884738828 -0.0049145003441263 0.027999996164544)
(0.00092069264716386 -0.004914501505693 0.017999976270726)
(0.00090193422334627 -0.0049179787165823 0.010985705947207)
(0.0009206975337824 -0.0049145005902215 0.022999999999171)
(0.00073152348721477 0.0049461978718661 0.00834186265969)
(0.00081643894914574 0.0049328924012508 0.0093808517006266)
(0.00085867726183865 0.0049257155175671 0.010404032463028)
(0.00087691584823077 0.0049225012539482 0.011417439262527)
(0.00088346767824706 0.0049213295826934 0.012424803269041)
(0.00088537450362123 0.0049209868917055 0.013428533245651)
(0.00088583688428477 0.0049209036786388 0.014430276397615)
(0.00088592562319348 0.0049208877034707 0.015431040180467)
(0.00088593400991511 0.0049208861935708 0.016431358630094)
(0.00088593032854247 0.004920886856347 0.017431486339287)
(0.00088592717170155 0.0049208874246868 0.018431535975871)
(0.00088592555264092 0.0049208877161725 0.019431554774912)
(0.00088592484840681 0.0049208878429584 0.020431561740521)
(0.00088592456647491 0.0049208878937155 0.021431564273204)
(0.00088592445917232 0.0049208879130336 0.02243156517894)
(0.00088592441972872 0.0049208879201348 0.023431565498076)
(0.00088592440560417 0.0049208879226777 0.024431565609003)
(0.00088592440064907 0.0049208879235697 0.025431565647078)
(0.00088592439894011 0.0049208879238774 0.026431565660012)
(0.00088592439836299 0.0049208879239813 0.027431565664395)
(0.00088592439817562 0.0049208879240151 0.02843156566591)
(0.00088592439811696 0.0049208879240256 0.029431565666467)
(0.0008859243980935 0.0049208879240298 0.030431565666692)
(0.00088592439807377 0.0049208879240334 0.031431565666787)
(0.00088592059703944 0.0049208886083452 0.032431568583582)
(0.0008858836933413 0.0049208952520727 0.033431595386067)
(0.00088576557964407 0.0049209165140162 0.03443167222065)
(0.00088558992023151 0.0049209481294954 0.035431823337077)
(0.00088562103527049 0.0049209425298297 0.036431878613758)
(0.00088619508202734 0.004920839184183 0.037430616951949)
(0.00088619333523694 0.0049208394987625 0.038421982356125)
(0.00089298159744895 0.0049196121662807 0.039397013661493)
(0.00092802075144505 0.0049131229869491 0.040351007105258)
(0.00089956951604494 0.0049184118052276 0.04135352839428)
(0.00094320016793849 -0.0049102315060698 0.008037572974179)
(0.00092069753164161 -0.0049145005906225 0.020999999990595)
(0.00078192106621083 0.0049384814919382 0.042489855006171)
(-0.00032351256281105 0.0049895229853868 0.042777483861497)
(0.0017536702477821 -0.0046823755362042 0.032499791634111)
(0.00092069789529626 -0.0049145005224943 0.026999998713891)
(0.00090729805902425 -0.0049169919902407 0.036000422176549)
(0.0018473329364996 -0.0046462200789162 0.039413296600737)
(0.0013546676995034 -0.0048129902788103 0.042117561077921)
(0.00092067277457858 -0.0049145052286217 0.030999912952458)
(0.0021716364293131 -0.0045037756625836 0.041140328218765)
(0.00092030207834012 -0.0049145746595817 0.015999226095446)
(0.00085353923195085 -0.0049266084459312 0.0069528653420328)
(0.00091149836776543 -0.0049162150812959 0.035001538401084)
(0.00092738513780803 -0.0049132430029638 0.037994224551595)
(0.00090792431710579 -0.0049168763899866 0.036999438748922)
(-0.00026114876746003 -0.0049931754747109 0.0068838447470103)
(0.00092070778985138 -0.0049144986688071 0.029999958106584)
(0.0019688988436402 -0.0045960240799535 0.040342045919922)
(0.00091922413094451 -0.0049147763933967 0.032999971922095)
(-6.1331698359313e-05 -0.0049996238281271 0.042278132278909)
(0.00069620311146866 -0.0049512928844476 0.042423905447687)
(5.9980187911704e-05 -0.004999640224762 0.020499999951419)
(5.9980396971994e-05 -0.0049996402222539 0.02649999884822)
(0.00091585701116223 -0.0049154049614559 0.034001028339698)
(3.3871837121725e-05 -0.0049998852685487 0.012473989200566)
(-2.2312501783175e-05 0.0049999502149786 0.041770097922872)
(5.9974559580706e-05 -0.0049996402922813 0.018499987640693)
(1.8000932282501e-05 -0.0049999675965387 0.0094721678557225)
(5.998019531468e-05 -0.0049996402246732 0.0245)
(5.9979533278554e-05 -0.0049996402326155 0.019499996949787)
(5.994997262269e-05 -0.0049996405871605 0.030499796510559)
(0.00097942225489506 -0.004903134920295 0.038999307552045)
(5.5105043750604e-05 -0.004999696334194 0.014493507243129)
(4.6289385767193e-05 -0.0049997857246851 0.013484732816865)
(5.9980192526675e-05 -0.0049996402247066 0.022499999998239)
(5.9939375152101e-05 -0.004999640714222 0.017499903426968)
(5.9980276522436e-05 -0.0049996402236989 0.025499999633782)
(5.9998683533913e-05 -0.0049996400028376 0.029499902724033)
(5.998019352798e-05 -0.0049996402246946 0.021499999987157)
(5.9677057273751e-05 -0.0049996438521994 0.016499321604679)
(5.9989763527017e-05 -0.0049996401098751 0.028499961321997)
(5.9980193502353e-05 -0.0049996402246949 0.023499999997364)
(2.4726261161165e-05 -0.0049999388608271 0.01146444390315)
(-0.00019216574667955 0.0049963058679191 0.0081184903066735)
(-4.3556933150082e-05 0.0049998102757579 0.0091311586719535)
(3.8697222560273e-05 0.0049998502502541 0.010146002566349)
(7.9228480089982e-05 0.0049993722453867 0.01115845031071)
(9.6043224194401e-05 0.0049990774848052 0.012167469460405)
(0.00010160822064927 0.0049989674703379 0.013173139799709)
(0.00010300158295289 0.0049989389548092 0.014176196798219)
(0.00010327211650398 0.004998933373226 0.015177645877041)
(0.00010330241399215 0.0049989327472235 0.016178274939843)
(0.00010329535648432 0.0049989328930612 0.017178532023277)
(0.00010328809184098 0.0049989330431687 0.018178632593605)
(0.00010328424869114 0.0049989331225745 0.019178670657801)
(0.00010328255491396 0.0049989331575698 0.020178684697141)
(0.00010328187109549 0.004998933171698 0.021178689769409)
(0.00010328160915756 0.0049989331771099 0.022178691571198)
(0.00010328151234255 0.0049989331791101 0.023178692202197)
(0.00010328147749172 0.0049989331798302 0.024178692420474)
(0.00010328146520565 0.004998933180084 0.025178692495157)
(0.00010328146095128 0.0049989331801719 0.02617869252046)
(0.00010328145950525 0.0049989331802018 0.027178692528969)
(0.00010328145902582 0.0049989331802117 0.028178692531827)
(0.00010328145887097 0.0049989331802149 0.029178692532802)
(0.00010328145881829 0.004998933180216 0.030178692533149)
(0.00010327960650454 0.0049989332184857 0.031178694097292)
(0.00010325385544748 0.0049989337504447 0.032178716948583)
(0.00010308983849262 0.0049989371355519 0.033178862482751)
(0.00010256450681324 0.0049989479415115 0.034179294063602)
(0.00010191006295213 0.0049989613260225 0.035179733921675)
(0.00010284637178183 0.0049989421504766 0.036178233880255)
(0.00010293148936864 0.0049989403985741 0.037168885886444)
(9.3637988989105e-05 0.0049991231158092 0.038148054767692)
(7.5212656995268e-05 0.0049994342736181 0.039114676908031)
(8.3686930437036e-05 0.0049992996007115 0.040052859648216)
(0.00021763071714413 0.0049952614417021 0.040892310499106)
(3.0035595474166e-05 -0.0049999097854866 0.0085129681021298)
(5.9983361244494e-05 -0.0049996401866908 0.027499986542919)
(0.00092022615874066 -0.0049145888756609 0.03199990267859)
(0.00017481510996963 -0.004996943033228 0.0076351051063897)
(2.4330008914263e-05 -0.0049999408047162 0.036522594418568)
(0.0013469428038677 -0.004815157846126 0.041096788084031)
(0.0010988797290721 -0.0048777518736642 0.040016714594585)
(5.9361396134017e-05 -0.004999647610047 0.031499705027552)
(4.4172131500959e-05 -0.0049998048784726 0.010473687463196)
(8.5300759992664e-05 -0.0049992723250834 0.038550948738749)
(3.5216320718041e-05 -0.0049998759795374 0.037536892168811)
(3.2282352898995e-05 -0.004999895783883 0.035514995323906)
(5.8303144955322e-05 -0.0049996600627731 0.015497128284521)
(-0.00037705114050953 -0.0049857629744544 0.04135008004241)
(0.00015932435325902 -0.0049974609303584 0.039604484600494)
(0.00055612209373986 -0.0049689765764043 0.041599353244986)
(5.2934547428822e-05 -0.0049997197855168 0.033502078567408)
(4.3155652128803e-05 -0.0049998137555002 0.034508272201095)
(0.00033688763022937 -0.0049886377624156 0.040642269792024)
(5.7281180359855e-05 -0.0049996718758711 0.032500396532433)
(0.0017098219688381 -0.00088938229377844 0.0062377287162368)
(0.0023310059795171 0.0017152360000773 0.0034166215636049)
(0.0014356980760971 0.0019779307672909 0.0060423524329252)
(0.0022858833384914 -0.0012226991257306 0.0081892653285996)
(0.0017346858298538 0.0015238132662678 0.0081813564380458)
(0.0016917863394971 0.0013215483601348 0.01130671752852)
(0.0020576306798755 0.0012374453614513 0.013412477177083)
(0.0023161006693201 0.0010763934358397 0.00121196823337)
(0.0012696727417727 0.0010958957170997 0.0013657961927615)
(0.001399392220181 0.0021612510345844 0.0015603722883187)
(-0.00014034008180927 0.0023110610759073 0.0016325077967944)
(0.00029960404770081 0.0038495441122112 0.0012266912576486)
(-0.00045608205243724 0.0027365962287114 0.0027466068941687)
(-7.5465561349359e-05 0.0038219430934615 0.0024830823915451)
(0.00012704747679994 0.0040314959203545 0.0036219788316822)
(-0.00013246584492889 0.0023118309112088 0.0041553749085009)
(-0.00033746578257831 0.0019495284359496 0.010901238648687)
(-0.00030361413593448 0.0017756944054787 0.016195886235993)
(-0.00025422274377052 0.0035957643142132 0.0052635651403197)
(-8.1814116597153e-05 -0.00030064588338178 0.0012566882084027)
(0.0002687490999197 0.00055914947109609 0.0014465394696236)
(-0.00011472985616364 0.0010373039943885 0.0022596045507162)
(2.2229169420895e-05 -0.0016018321209847 0.0013344286981584)
(0.0010248616237632 -0.0025955718457855 0.0009691055611621)
(-0.00014831206110396 -0.0028666356760891 0.00093140682481851)
(-0.00010189935917138 -0.0027899009217364 0.0027657993476141)
(0.00083796956334718 -0.0016401424752158 0.00090842823141432)
(0.0014655397037131 -0.0019782371944478 0.0025716081258192)
(0.0013457204306638 -0.0028636017044403 0.0028652584448058)
(0.00040550051308611 -0.0012900766074168 0.0028211920429055)
(0.00012551657986245 -0.0026973686765233 0.0037100011845898)
(0.0023834258252846 -0.00052193031112238 0.0012068735152514)
(0.0021622711200478 6.6558797029474e-05 0.0028885877273422)
(0.0022852225905713 -0.0013301634824392 0.0029318955431753)
(0.0017004951544003 -0.00067220008544347 0.010984808654181)
(0.0022370554253977 -0.0012203674965491 0.013360215191432)
(0.0020965961971218 -0.0011251657429651 0.016404863428855)
(0.0013043920184782 -2.9356870535437e-05 0.0012147612695582)
(9.5705778984976e-05 0.00022469600714314 0.0023149727208393)
(0.0013789496986488 8.6926235108163e-05 0.002899280308211)
(0.00081743992450031 0.0010024415676181 0.0023099907190387)
(0.0014926215815346 -0.00045810360731659 0.0042842800884654)
(0.0023527625888832 -6.0955978977567e-05 0.0037597643454213)
(0.0013178315078983 -0.0016278376420273 0.00401389278864)
(0.0024368590935676 0.0015457635877677 0.0025686139222499)
(0.0025017786676208 0.0010740944430018 0.0050419851727582)
(0.0023855755668747 -0.00034961750746337 0.0069612073219325)
(0.0022164885124096 0.00075272643902054 0.006306781402235)
(0.0015735503375109 0.0014104836417479 0.016397341914577)
(0.0011581622368884 0.00098434827353587 0.0040579048195988)
(0.00029484595278335 0.00089306832702297 0.0041582502025655)
(0.0015016675973178 0.0028545381242148 0.003796995172372)
(0.0011553379119403 0.0021351723196245 0.00522273121607)
(0.0011284157420585 0.00091806780977889 0.0050894810679262)
(0.0009052028080807 0.0010891540345881 0.0066599556584738)
(0.0022289917808069 0.0020801468121901 0.005433659056636)
(0.001668759821493 -0.0016841727663539 0.0062339843395933)
(0.00029452677775767 -0.00126960044973 0.0063556960322772)
(0.0019995440138474 -0.0030048660315864 0.0062799954969791)
(0.001275786932698 -0.0012635756781766 0.007896250304001)
(0.0019047388523835 -0.00048375806794511 0.018922339091472)
(0.0013720438970468 -0.00024535374366396 0.0079031726801495)
(0.0011831664146939 9.954948256954e-05 0.0089275709245456)
(0.0021492314933101 0.00013554904621474 0.0093045588443369)
(0.0014323974976264 6.5645515455926e-05 0.0061125932771528)
(-0.00027136314837413 -0.00028581426857472 0.0063896726545177)
(0.00011070946792236 0.00081429161327306 0.0069425426423569)
(-0.00028584679068042 0.0010940104964813 0.0077158718717636)
(0.00013600524466283 -0.00067592087544811 0.0080174541131845)
(0.00011662123597996 -8.7412801428329e-05 0.0047847504615461)
(1.7325229232446e-05 -0.0016075547369131 0.0055269267295018)
(0.00091156361961779 0.0028493546652659 0.0067924053808551)
(0.0012595633668584 0.0008273054438943 0.0073942087406727)
(0.00098638975542168 -0.00026719009147023 0.005115924780499)
(0.00076304761877812 -0.0021154847128211 0.0053281519032068)
(0.0011992460211738 -0.0031087013798038 0.005125977128466)
(0.002479433939651 0.0010896383258423 0.0091389143389138)
(0.00091453555294658 0.0012999163771464 0.009389823938438)
(-1.3063553300745e-05 0.0012137124035125 0.0089501368873249)
(0.0010641150409665 0.00125439779029 0.010344245284467)
(0.0024188740930816 0.003095442652881 0.0094041391770989)
(0.0020886906787021 0.0012641206906388 0.010519687829354)
(0.0016850801283019 0.001921702380426 0.018344713502055)
(0.0023194515905863 0.0019075293764312 0.021272512227494)
(0.0016168970494374 0.0013231331432564 0.024214910975897)
(-3.4192611046279e-05 -0.0015707724156916 0.0078928087306925)
(-0.00039959052493202 -0.0028844923402728 0.0082666279704789)
(0.0012314375816469 -0.0029022792926771 0.008135017523252)
(0.0017662467633428 -0.0017576775170314 0.009714158935026)
(0.00014499928953162 0.00015668812813124 0.0089648719982737)
(-0.00022421241401546 -0.00038745928769073 0.010809856169236)
(0.0013852320000343 -1.0382474014383e-05 0.010675051104989)
(0.0020813685555574 -0.0027255057892633 0.0076667206771362)
(0.0026380826855155 -0.0031363673425502 0.0094002808916048)
(0.002140140908778 -0.0025851713775966 0.010082890656877)
(0.0021395358037474 -0.0018478235428778 0.010572365416719)
(0.0023508619029702 -0.00024132226335047 0.010379283082428)
(0.0022225071919592 -3.4912377817244e-05 0.011946036840432)
(0.0024409382821558 4.1746009003857e-06 0.012918745942983)
(-0.00054220000270081 -0.00054603437584355 0.021086336071241)
(-0.00027027349070784 -0.0018508559794332 0.010745026983884)
(-0.00030542650150994 -0.0013822984972605 0.012219605024851)
(0.00018508651672733 0.00023376277098754 0.011656434773908)
(0.0017597671076595 0.0026410860767018 0.010047896767781)
(0.0012604951103147 0.0023588286500461 0.011661023870129)
(0.0012151758832678 0.0010075017163987 0.011680061196938)
(0.0012411165869592 -0.0014793351199321 0.010437002666868)
(0.0012276544195972 -0.0024259542991271 0.010373183755042)
(0.0015285417439996 -0.0029643177393056 0.011926462428277)
(0.0016614915808707 -0.00183750701783 0.011938049455291)
(0.00062025586982461 -0.0013423020710579 0.013038352772355)
(0.0012533107606704 -0.00024984252872129 0.011690921497073)
(0.00077449788565061 3.8017992315782e-06 0.01309605260262)
(0.0016207408595853 -0.00050871816187289 0.014131341661281)
(0.0014795250140872 -0.0014595341725163 0.021621922712584)
(0.0017298404440909 -0.00053882361849777 0.02403874748316)
(0.0017245279161435 -0.0011693360197822 0.026253181847839)
(0.0022414776008613 0.0021181457544854 0.01170910254782)
(0.0024864327006026 -0.0014138165892128 0.014203212948313)
(0.00090361479612352 0.0012782804213608 0.012811079444603)
(-0.00041953125261704 0.0012794499066664 0.013305475770552)
(-0.0001341343418077 0.0022458487327329 0.013366337649525)
(-2.1596385845825e-05 0.00093745133193117 0.014097910271329)
(-0.000420567107269 0.0018743744051852 0.023999419560384)
(0.0010933331584255 0.0020384174381062 0.012891110087274)
(0.0014336270398088 0.00084696250135635 0.014453262600854)
(0.0012746096463021 0.0011776290837389 0.015635411134484)
(0.0024558138866969 0.0029330578277435 0.014201035170366)
(0.0023559952503974 0.00099443512731644 0.014312589789557)
(0.0024192076860466 0.00096933945022369 0.016706556982683)
(0.0015149133186445 0.0014011970574317 0.026876206469969)
(-0.00032081873634175 -2.6693908713585e-05 0.013012803679843)
(-0.00033248555474008 -0.0017483221132111 0.013093491730931)
(-0.00017665145236299 -0.0032610009720299 0.012519910559806)
(0.00030153143946345 -0.000454156844249 0.014434804731639)
(-0.00014600191668468 -0.00049785002847566 0.015992612859399)
(0.0012527212330943 -0.0030208204029046 0.012994998634188)
(0.0015751343464819 -0.0012599483126203 0.014066695288406)
(0.0011275687831287 -0.00052187995967014 0.01530446477762)
(0.0026263956669286 -0.0031802201166043 0.013241093947672)
(0.0026102615215445 -0.0029178771734421 0.014265020532886)
(0.0019825377748402 -0.002684750081761 0.015427583216015)
(0.0020698938893608 -0.0018558631661451 0.015390875167607)
(0.0024088995667991 -0.00014178720263903 0.0180954578083)
(0.00022726126468839 0.0012225491379353 0.015652575533496)
(0.000122824507153 -0.0016747955693424 0.015661585894809)
(0.00028335780548762 -0.0013111284300242 0.016287837469586)
(0.0015388076020201 0.0022161474003089 0.015776146625171)
(0.001386090751236 0.0025771183148867 0.016717945682741)
(0.0015501441168588 0.00068065760863429 0.017015742852672)
(0.0007869846287897 -0.0017297920683611 0.015706160758565)
(0.001029112296779 -0.0029183918439333 0.015562765215436)
(0.0013109554911744 -0.0031587238962401 0.01698240431716)
(0.00088754518911167 -0.0013711014569724 0.016990185959292)
(0.0012597373780567 -0.0016734691039513 0.017996956291769)
(0.0014256460158242 -0.00025179643234779 0.01660488278489)
(0.001564790715702 -0.00062941017746278 0.017966141513391)
(0.00087008350396784 -0.00012175801409373 0.019769216284926)
(0.0017846591943906 -0.00085358507198352 0.029015132570848)
(0.0023204121920894 0.0012723649167288 0.018348886336444)
(0.0024791949774982 -0.0029409434377029 0.016677069500164)
(0.0025158145335349 -0.0015886117167161 0.01704217320016)
(0.0024748417377948 -0.001275900982892 0.018341195579341)
(0.0026210339996018 -0.0012388890159482 0.019488174271297)
(0.0012163123074518 0.00089448585558519 0.017979780467905)
(0.00021132384870933 0.0011217612361154 0.017804428830777)
(-0.00012865196619919 0.0024864172632832 0.018371661566419)
(-7.9140394891863e-05 0.00088427302700206 0.019396466726742)
(0.0017943575442583 0.0027152708616559 0.017639738166873)
(0.0010198563239541 0.0011823585819819 0.01977824033764)
(0.00096340787782953 0.0013118735396497 0.02065790071581)
(0.0022665235929255 0.0013274934718953 0.028672949726339)
(0.0019015867112818 0.0015962408178954 0.031790408059443)
(0.0023417358782777 0.0014550524334133 0.033759021141991)
(0.0011721093271833 -0.0013886534502709 0.019257700506787)
(0.0022680411297276 -0.0024325625894401 0.019286600313176)
(0.0023696207655112 -9.2678490710816e-06 0.020681045446091)
(0.00087029663176568 -0.00021589626267819 0.020761763946628)
(0.00011841550987794 -0.00046121286030349 0.020444299213281)
(0.0024413873156459 -0.00019026858529887 0.023770095220441)
(-7.3967355539366e-05 -0.00028406975622457 0.019334882051721)
(-0.00031292563803408 -0.0013043487439565 0.019628906638245)
(-8.1957109491014e-05 -0.0028838997638648 0.019311006955408)
(0.00024848557210304 -0.0015001784260897 0.020440314362852)
(-4.2961671901351e-06 -0.00019228035298435 0.018110405120184)
(0.00099624980152573 0.0007127067536696 0.02168671022596)
(0.0012244698197841 0.0023479612212194 0.021886937239452)
(0.0023054891932264 0.0020924188603694 0.022375952596878)
(-0.00020022518200377 0.00084762159549677 0.020702796591122)
(0.00025386484357129 5.5115235364277e-05 0.021803774751809)
(0.00010159585913044 -0.0013805895443242 0.022099151494945)
(0.0011270480856515 0.0023171074716346 0.020731974976519)
(0.0012108902734528 -0.0017532086864898 0.020510513831916)
(0.0011560691226608 -0.0030160221040224 0.020791353418248)
(0.0013832567117041 -0.0026483195607254 0.021660994295598)
(0.0015573506801137 -0.0019237923287261 0.023462666619478)
(0.0015360993247118 -0.00042801247402916 0.021970324168643)
(0.00085483861571528 -0.00048871772293435 0.022989641897327)
(0.0015373412403091 0.00027628977685157 0.024350749091657)
(0.0022154856858188 -0.00075893242071568 0.031977036401656)
(0.0021551990903761 -0.00068266586976489 0.034465907850427)
(0.0020924657701668 -0.00072334628681984 0.037041522600018)
(0.002591019333384 -0.002995209792351 0.021785309649751)
(0.0025711554144464 -0.0013318417510509 0.024544321634113)
(0.0025683395011304 -3.2936092379886e-05 0.024651320752807)
(0.0011898227953954 0.00091701832691217 0.023100949332965)
(-0.00035688331118445 0.0013434234531503 0.023306580022009)
(-0.00033160610418252 0.0025321211229817 0.023477078599698)
(0.00012510921060242 0.0010271429237482 0.024378473631716)
(-0.00045923278263954 0.002119557779739 0.036883349685824)
(0.00086237751821317 0.0026838684232671 0.023637190258172)
(0.0010029928067351 0.001213105307275 0.024802009615335)
(0.0011963496937637 0.001106476348665 0.025992411319087)
(0.0023902870522457 0.0017532695702618 0.024260886197626)
(0.002578746607164 0.00096940897048542 0.024777946674485)
(0.0023101751232087 0.0014900243277513 0.026437410575721)
(0.0024826034861505 0.00095113508375748 0.027151147734629)
(0.000961239793395 -0.0018090541756694 0.02472542792695)
(0.0025327876745314 -0.0030532608951099 0.024713488933839)
(0.0025722762811928 -0.003190651100631 0.025806839181672)
(0.0012391901848993 -0.00017908689745651 0.025962445577468)
(-0.00027798287118433 -6.4794277330819e-05 0.025624327083547)
(0.002302465596002 -0.00037587879651955 0.02881407391685)
(-0.00017406254159754 2.3370812084424e-05 0.024395715677002)
(-0.0002901105961064 -0.0010015573311986 0.024678657876515)
(-0.0003234863861456 -0.0029811794967343 0.02475521068915)
(-0.00019972524293448 -0.0014207020771765 0.025820947107876)
(4.1167134980894e-05 -0.00049926034638325 0.023275429554221)
(0.0011250771194995 0.002333786894067 0.027118643484172)
(0.0021739258676358 0.0022476143117328 0.026884308389694)
(-4.2500137046437e-05 0.0010036962073794 0.025864975843561)
(-0.00020249407823663 0.00010046641631512 0.027414634208551)
(-9.8170592581175e-05 -0.0017291193060197 0.027154919301816)
(0.0016459937341847 0.0027629265954958 0.025503467583699)
(0.0011482697532287 -0.0017823208611716 0.025792165206383)
(0.0011965221522216 -0.003037749065687 0.026018367066229)
(0.00099542321504325 -0.0030938089825674 0.027174600452297)
(0.0010816364954509 -0.0015775920929376 0.026881877960259)
(0.00084300911825591 -0.001389440838644 0.02859911664129)
(0.0014782066863066 -8.038613445396e-05 0.027364093082675)
(0.00067879471577605 -0.00016929625670103 0.028770628445048)
(0.0015605362345907 -0.00039703524896783 0.029629127331893)
(0.0015302163425743 -0.00029191559080678 0.039060164052791)
(0.0023569275910768 -0.001600915968722 0.027081338487518)
(0.0023077896028441 0.00013481744381726 0.029613272080436)
(-0.00011196501832476 -0.00037735248487835 0.028566742646551)
(-0.00027533439956238 0.0014012755990066 0.028909807487703)
(-0.00016912157875144 0.0025931820413331 0.028316690774011)
(-0.00010952870946806 0.001017872044608 0.029570590465186)
(-0.00028854079350871 -0.0017983438105342 0.028260585567586)
(-0.0001390157114488 -0.0026009853566682 0.028269228625969)
(0.00016895043795761 0.00015248175400799 0.029500112863726)
(-0.00017720082212087 -0.00041452246153548 0.031060954726737)
(0.0014251953995647 0.00076812072634004 0.028388355942038)
(0.00098614437214791 0.0029186326833128 0.028669661019832)
(0.0010179759807095 0.00066001605403598 0.029877544451297)
(0.00086894105132321 0.00082758055984324 0.031297419186036)
(0.0015157466942512 -0.0030869638335996 0.02872365887047)
(0.0014420120861771 -0.00126937529034 0.029187309165967)
(0.00080515755429746 -0.00053399649766874 0.030836488449495)
(0.0024114152270246 0.0010950423156715 0.029680971343805)
(0.0023474503491845 0.0011397788688177 0.032009986539585)
(0.0015903363329192 0.0018918837673113 0.039224608660139)
(0.0021359499691284 0.0021125899951061 0.042026427468797)
(0.0014638131124649 0.0014071132683031 0.044800887854678)
(0.0022956426524181 -0.0033576797632826 0.028665644823953)
(0.0020542231948223 -0.0033032429318748 0.029552644775356)
(0.0024514683918314 -0.00034782522393388 0.031026858308382)
(0.0024159497944825 -0.00035205643315703 0.033835976126754)
(0.00011752043976187 0.00099243205367088 0.031213085474026)
(0.0015134675458827 0.0020776274772351 0.031216573613725)
(0.0010923571857895 0.0022801699957768 0.032344220359854)
(0.001318130706105 0.0003426097371133 0.032480802997633)
(-0.00022633730577127 -0.0018080116520658 0.030843620074029)
(-0.00033210913825075 -0.0013282399104647 0.032213011781528)
(0.00023736556079402 -0.0003065352607195 0.03203512700613)
(0.0011266521017708 -0.0012449350451898 0.030756774616078)
(0.0014790927225488 -0.0029881428816676 0.031275329730325)
(0.0013091226743727 -0.0027979044137689 0.032044527219251)
(0.00095813189997857 -0.0020173022845578 0.032011298970911)
(0.00091272576162595 -0.0019222077903193 0.03371520446088)
(0.0015354659636885 -0.00045243408168746 0.032152717388469)
(0.00090444415249333 -0.00052071362803918 0.033363831258071)
(0.0014420499876268 -0.00026145991524394 0.034828205380194)
(0.0021581131183574 -0.00079937665685385 0.042320485287193)
(0.0015765658020332 -0.0010875016003173 0.044712701782435)
(0.0018452350286097 -0.00074851706091146 0.047122867464965)
(0.0024696528659546 -0.0016145625731969 0.032319836511739)
(0.0024749354178548 -0.0015635655066623 0.034732520705316)
(-0.00020254973144905 -0.00052936955732729 0.034080069532385)
(-4.6714438271382e-05 0.00061743248432651 0.033905569438937)
(0.00031102022753406 0.0022331695146928 0.03352951162443)
(0.00012471850246697 0.00094170617507645 0.034794347076818)
(2.8650990264912e-05 -0.0030659724120602 0.033526374876426)
(3.9921621082541e-05 -0.00061711634743265 0.0353764042228)
(3.7057063390238e-05 -0.00043340399759058 0.036311388433569)
(0.0014050816946312 0.0012444878380091 0.03374793137558)
(0.00095998669489639 0.0028506258685704 0.033987441003031)
(0.0015955572976853 0.00085158259776363 0.035209426594604)
(0.0011954717364942 0.00084147676580413 0.03629954072222)
(0.0016342515591975 -0.0028734222832941 0.033846600671554)
(0.0011077780685426 -0.0016266975549456 0.034824696081882)
(0.0009297010990534 -6.2614149312962e-05 0.0362719173069)
(0.002423582435132 0.0010798901522603 0.034811509823985)
(0.0023446898544292 0.001512246269666 0.036310570053107)
(0.0014382678655197 0.0019183425033784 0.04677095673385)
(0.0025734040552265 -0.0028790379067903 0.034490488335606)
(0.0024145931005897 -0.00027453281235191 0.036166895719508)
(9.3943870507821e-05 0.0012979464364333 0.036416469979564)
(0.0016298484000043 0.0029723541931444 0.035720454729634)
(0.0010535208591126 0.0023015184995935 0.037554123922939)
(0.0016422142334864 0.00080227444993965 0.037753108020739)
(0.0025293650044843 -0.0015665322435274 0.037361015441742)
(0.0015223776864901 -0.0012861256505714 0.037700572493311)
(-7.7472426122879e-05 -0.0012526390885872 0.037487850524398)
(0.0012259035944948 -0.0030796665336783 0.037815331626808)
(0.0010136078445964 -0.001253864774524 0.038648175442234)
(0.0023841334614516 -0.0016722937698481 0.039942919454905)
(0.0011938795172209 -0.00048128583977593 0.040220113585696)
(0.0020922156709605 -8.3640280923655e-05 0.040328430184269)
(0.0010965662014681 7.8822831700585e-05 0.037729244806147)
(3.7891929436601e-05 -0.00033632192374232 0.037436310729138)
(-0.00018630604943527 0.00120055393105 0.037548092772506)
(-0.00027143688323621 0.0010639787197436 0.038761005948713)
(-0.00035340702975127 0.00016692296766463 0.038973583530052)
(0.0024945580639881 0.0010069728747747 0.039978599805563)
(0.0011686487096597 0.0011045602730556 0.03998795522456)
(0.00011605764029939 0.0013468014013825 0.040080108189003)
(0.0012548786504059 0.00057907280228694 0.041202587801272)
(0.0022478388865591 0.00199501064486 0.039733380064106)
(0.0023933238027795 0.0026242552274126 0.04118589106155)
(0.0011769016443859 0.0012520603041207 0.03903534647939)
(0.0013584218064405 0.0026910628186885 0.038586488887296)
(0.00016057299708055 0.0023543760714726 0.038827186956327)
(-0.00034638657112316 -0.0018316585901248 0.038542838428792)
(0.00019427472449367 -0.002974487550725 0.03876860976723)
(0.0010073627638937 -0.002578540407267 0.039097551299097)
(0.00073773809871717 -0.0012378807690977 0.040399244004826)
(0.00031974944696153 -0.0004173191277145 0.040353267215199)
(-0.00038996200188546 -0.00030311427133772 0.041536357492111)
(0.0012095837516085 -0.0001439042210361 0.041231432324115)
(0.0024090995643897 0.0021698731435221 0.038626257307868)
(0.0022616956752278 -0.0032816538093333 0.039080358153012)
(0.0025536854790869 -0.0031670763232069 0.041410990144514)
(0.0021711892474487 -0.0014650112669355 0.041591252386436)
(0.0024276229305796 -0.00036288765097861 0.041229522295405)
(3.3456407016426e-05 0.0012046928197888 0.040997337780071)
(0.00018160859836302 -0.0012373214630145 0.040843072825395)
(-0.0001480762298568 -0.0015128722027532 0.042813194659728)
(0.0001059952694983 3.9818685259155e-05 0.042428511995394)
(0.0013225677469002 0.0021038061098586 0.040962229745141)
(0.0013866065974251 0.0023997885629049 0.04244390434561)
(0.0012146758104099 0.0010139644132586 0.042483742880963)
(0.0013920308984881 -0.0020537846570925 0.041343407893383)
(0.00096732466843934 -0.0030367080596347 0.041470109433827)
(0.0011548414447708 -0.0028716256589852 0.042476012124121)
(0.0012024880596254 -0.0015016525198748 0.042548898558739)
(0.0011317963385331 -0.0013527806630073 0.043741326106221)
(0.001585798121773 -0.00035011713866923 0.042577443640632)
(0.0016541265547442 -0.00041002780553413 0.044135247924445)
(0.0011901355483666 -0.00034544000075376 0.045259999171497)
(0.0021833573818377 0.001257507547666 0.044126529563375)
(0.002386531889441 0.001052729657777 0.045064315387602)
(-0.00019882402588066 0.00095628559426644 0.045119242470848)
(0.0010007329143122 0.00088032727177635 0.046676125018214)
(0.0022608858421481 0.0021725522396998 0.045169202192921)
(0.0025912079969648 0.0029733748045246 0.045866338468825)
(0.0020801124230018 0.0013269443808472 0.046788912435823)
(0.0024499627113733 0.0010018184901011 0.047711458914601)
(-0.00020100506642742 -0.00040500180311376 0.044229745191311)
(6.6868859790233e-05 0.00060857388383461 0.044105970370851)
(9.7464304692802e-06 0.0021139795240988 0.043716349494556)
(0.00020654193262703 -0.0017521989511915 0.043556397256338)
(-0.00042972987738812 -0.0031157569095093 0.044317260077913)
(0.00022348075442707 -0.00031652816907643 0.045626207393023)
(-0.00021896048075935 -0.00040786716830344 0.046606197901949)
(0.0012864546235942 0.00094607905205301 0.043651109189895)
(0.00071276655886436 0.0025470159109283 0.043637507143767)
(0.0010067609948669 -0.0028875110569627 0.044138090313419)
(0.001116722479643 -0.0018629329870084 0.045035287515626)
(0.00085362618929692 -0.00059295882479697 0.046193440990676)
(0.0021940703060779 -0.0019970580644906 0.046200738018324)
(0.0022649548999785 -0.00040387448950432 0.04681160255247)
(4.6312224184261e-05 0.00093357430258353 0.046479598937813)
(-2.4452705728779e-05 -0.0016649777424408 0.046335469961455)
(-0.00026961642860629 -0.0012401510842459 0.047553807064018)
(-6.5785197039956e-05 -0.00048910465768155 0.048069454638165)
(0.0015724973257161 0.0026611235849539 0.046173338935831)
(0.0011827820800113 0.0023134611826474 0.047723031015435)
(0.0015130461998725 0.00074646327191759 0.047989643325901)
(0.0012492878214786 -0.0016513363413133 0.046059550581973)
(0.0014687410383137 -0.0027464256348824 0.045975029328927)
(0.0011895485907732 -0.003350243421971 0.047717908271156)
(0.0014138135234283 -0.0013185179654829 0.048092714509872)
(0.0013413435257158 -0.0016815572111854 0.049099921801493)
(0.0015587553098229 -0.00033861214422876 0.047601799967896)
(0.0014906145583055 -0.00063794109967045 0.048653897880176)
(0.0022292708089796 0.0021035921204211 0.047584325864598)
(0.0022726147870544 0.0011647987435198 0.048653977359636)
(0.002486504647587 -0.0016707916507588 0.047888362309638)
(0.0022582841460331 -0.0017575693027873 0.048738438631894)
(0.0011250631244229 0.0012481619264355 0.049123342882345)
(0.0002593309722265 0.0011772048670766 0.048679364166032)
(-0.00035905980311705 0.0025604492293672 0.049163973230817)
(0.00092282574744464 0.0019941585849236 0.048709956666749)
(0.00021315537591631 0.0037020138636717 0.048663207441757)
(-0.00014663372975568 0.0038044913409839 0.047662968359826)
(0.00032048094995048 0.0028456647995021 0.047528280152809)
(-0.00032236724654352 0.0033934419274256 0.046060660489454)
(0.00039853621907543 -0.0026681677054919 0.049107689018215)
(-0.00038726983560587 -0.0019298042398573 0.048724231833028)
(0.0013694132929279 -0.002961240226842 0.048957792270255)
(-0.00010240730445924 -0.002918327222455 0.047976554606424)
(0.0004336284330755 -0.0026884291971392 0.046726023984135)
(-0.00044255663895391 -0.0028435568767582 0.045610311135495)
(0.00032016589616038 0.0010140078807348 0.021854114552514)
(4.3542256985704e-05 0.0026954497220453 0.024436402645439)
(0.00013802741380436 0.0026204445221451 0.020530015597671)
(-0.00020645360832832 0.0036947042050965 0.020451950985356)
(0.00020828064318407 0.0022492067166057 0.019500153864045)
(0.0015156308742661 0.0021867828344154 0.019447535729133)
(-5.1319103041922e-05 0.0039700068693455 0.01960545189214)
(-0.00049955291111829 0.00079716368075573 0.017007602755688)
(0.00024542205897113 0.0026420415987414 0.016596337269754)
(-0.00020281649793319 0.0037308363707969 0.016873394548774)
(-0.00038415598994001 0.0039242610182011 0.015846479323475)
(0.00016776095116408 0.0026184553941054 0.015413285392163)
(5.741168097812e-05 0.0022467089967822 0.014333865430812)
(0.0012949927950849 0.0025101202777151 0.014151534991365)
(-0.00014302094230918 0.0039671357828258 0.014248249136746)
(2.5407608568724e-05 0.0011771641142852 0.011619861755501)
(5.7988856275265e-05 0.0022287589048862 0.011726259083176)
(0.00010354094900297 0.0038273832684261 0.011687027130612)
(-0.00042372686682157 0.0035681126984406 0.010298426860968)
(0.00027350730894545 0.0025712910056226 0.0099466270753547)
(-4.1615664164591e-05 0.0023101402800372 0.0090654178609494)
(0.0010475782954159 0.0028619291455808 0.0091691741528979)
(0.00028771695912016 0.0033716392801542 0.0089355869152115)
(-0.00030602492046942 0.0026156770680927 0.0080782285125147)
(-0.00028770987270515 0.0023098523022606 0.0065565635271076)
(0.00032418193237142 0.0020957114796772 0.005717471151763)
(4.1427287471505e-05 0.0007560995122408 0.0049106312763784)
(-0.00030569725003943 0.0026763598696157 0.032681372130069)
(-0.00019803299130079 0.0035969536550911 0.032218449344698)
(0.00021531886786281 0.0023591432151511 0.036393475304534)
(-0.00014785107107886 0.0038361799610295 0.036131244149889)
(-0.00015760760706772 -0.0017531878726476 0.035491387255556)
(-0.00027581136135606 0.0012352455662062 0.032154006174556)
(-0.00022365525085626 0.0023483997263699 0.030919170920361)
(-7.8703963468223e-05 0.0037266966512045 0.031102257873225)
(0.00033335372892553 0.0027429399511813 0.029495282413838)
(0.00034886421413407 0.0041666582056916 0.028035826725868)
(-0.00016758147303499 0.0037106938953513 0.02713311171118)
(0.00022543048286258 0.0019757403815599 0.027532006249495)
(-0.00033335095109282 0.0013200879401068 0.026851447201867)
(0.0012701980439846 0.0022941022709757 0.024552479955618)
(-6.421898425231e-05 0.0040008613128314 0.02453866102524)
(-0.00052408497914961 0.0021773888704775 0.026102903646093)
(0.00021199366158286 0.0037553142204267 0.038736404379745)
(-0.00023570071598069 0.0040946717526361 0.037398736537641)
(0.00038809590673517 0.00261676578649 0.039663119224878)
(0.00017689593625612 0.0019512089625046 0.037260439654744)
(-9.9492973022759e-05 0.001357270938268 0.042577914955142)
(-9.7281505431882e-05 0.0028351339374199 0.043106212746141)
(-0.00010024051714371 0.0038034555008047 0.042633954613312)
(-0.00047660636661842 0.0034016982112014 0.033221532510657)
(-0.00018714754811929 0.0020400742169812 0.041739324884639)
(5.344306471855e-05 0.0033852679668331 0.0409786800962)
(-0.00021910969635362 0.0036872629011838 0.043789974661419)
(-0.00022743711246433 0.0022795805344215 0.044943985195639)
(-0.00020367567266129 0.0010408174982582 0.047650878081659)
(9.0389704598553e-05 -0.0012991149984282 0.014074607172931)
(-0.00011483713321316 -0.0029082185463999 0.014257193881641)
(0.00024913983203426 -0.0017790110918535 0.009125080678702)
(-0.000183445629846 -0.0030228230076746 0.0091900358860793)
(-0.00025005290161124 -0.00012311216573952 0.0038755273105749)
(-9.2442117306511e-05 -0.0016053851348636 0.0040262655090393)
(-1.8976833301941e-05 0.0025642664643209 0.022201258131637)
(4.3812489144804e-05 0.0040039872447084 0.021797033045758)
(0.0012422775533686 0.0023820725675956 0.039818026348913)
(0.0012258393780307 0.0024086920665108 0.045276003819204)
(-0.00020498204863834 -0.0024850950853062 0.005521574667049)
(9.2781962575097e-05 -0.0033328104661102 0.010809379410044)
(-0.00010572604319881 -0.0017918195935454 0.017950341452981)
(-0.00034052655034097 -0.0025847107808936 0.01841613688062)
(0.00028652258033846 -0.002411243769781 0.020480591488953)
(-0.00012994007842164 -0.0017544793217634 0.023111885346051)
(6.3103440872355e-05 -0.0026587014875876 0.022881869500384)
(0.00031057674177424 -0.0022566979644063 0.025754225653694)
(-0.00027192661157454 -0.0012084709687697 0.034716750486394)
(-5.331010052863e-06 -0.0025669008423652 0.034549324322439)
(0.00021220666900425 -0.0025555630889775 0.032057982318839)
(-4.9318678558205e-05 -0.0012475699428859 0.029743587404615)
(0.00029785758189425 -0.0032330540543596 0.030120734757232)
(-0.00031495284950922 -0.0025834531443368 0.037874313762233)
(0.00031736041344119 -0.002704524406888 0.039853554918859)
(-0.0002766026814075 -0.0012404470524431 0.039963920811768)
(-0.00024381569711744 -0.0026301238674921 0.042298702856209)
(-0.00025225861862198 -0.0011347009917147 0.04502363380646)
(0.00021486715891752 -0.0031005515124147 0.015881014611943)
(0.0014568324332464 -0.0033018481397569 0.019688178607727)
(-0.00016221474545302 -0.0028705235823536 0.016766626380599)
(0.0011249525299266 -0.0027845896423282 0.014528709815784)
(-2.042728912506e-05 -0.0029862669999342 0.02725268914472)
(0.0015234529037167 -0.0015051678466617 0.036273975487667)
(0.0013054995341897 -0.002894778655808 0.036096253133195)
(-0.00018553104463148 -0.0024622333097455 0.036304655493918)
(-0.00024487383187657 -0.0025565928501437 0.030943125820199)
(1.3918587555151e-05 -0.0032050608448844 0.041238969864894)
(-2.4478480889468e-05 -0.0029106271236382 0.0065445519141649)
(0.0011400385070865 -0.0029938269637902 0.0094168041335079)
(0.00024339291358474 -0.0029670306821677 0.011791685906721)
(-0.00012232230660082 -0.0028306373054593 0.021905688687595)
(0.00089146591617977 0.0027956679951194 0.0028167987986502)
(0.000793846576584 0.0026504249709367 0.0080876304413991)
(0.0014109851677532 0.0023621627011529 0.029600561556791)
(0.0009795005103915 0.0022850848776597 0.034912721190222)
(-0.00032652940530095 0.0021776460628454 0.04690506428261)
(0.00024322326204142 0.0032171854199006 0.013500747854772)
(0.00028772520007055 0.0033198624356413 0.023691618284263)
(0.00032276977617833 0.0041606128233573 0.017886078264995)
(0.0012474162682172 -0.0027797684387664 0.0039798661415646)
(0.0012995318915295 -0.0031026852643903 0.024801394929258)
(0.001273332046197 -0.0030750234991418 0.034952451551925)
(0.0012414159656059 -0.0027658973722299 0.029614395459249)
(0.0011786124988251 -0.0030521752392737 0.040032078510905)
(0.001245480237457 -0.0029209100452837 0.04501806967222)
(0.0011767855871905 -0.0028886452909308 0.018022623369507)
(0.0014411089420148 -0.0029465225327397 0.02332504826036)
(0.002329186483686 0.0032791505314946 0.0031558350730095)
(0.0024444970251318 0.0030221445001645 0.024438752422029)
(-8.0993209758872e-05 0.0038973800646002 0.044997585743504)
(-0.00026039685986227 0.0037605993233937 0.034811701681474)
(-0.00028325235237057 0.0037383597889168 0.0077093075336158)
(-0.00016168902912068 0.0039915115408882 0.029703264358862)
(-2.3586423256876e-06 0.0037793864463103 0.040034463054457)
(0.0018818429875491 0.0033155478303115 0.0011815276525033)
(0.0022973225271534 0.003522914910822 0.0040618780563243)
(0.0021936654131863 0.0034462240969857 0.0067638161409355)
(0.0023390362567036 0.0034681052598032 0.010454837568535)
(0.0018394494346714 0.0035276359253534 0.013035507593913)
(0.0020637772086327 0.0036488341824414 0.018186519317083)
(0.0023626567632289 0.0035301093925302 0.020616191909905)
(0.0021506615591443 0.0036969210383149 0.02310667884612)
(0.0021739276570378 0.0035450605272113 0.01519488150893)
(0.0021389458964612 0.0036008368594154 0.028228811870742)
(0.0026439121828896 0.0030269585757805 0.030144022949514)
(0.0020938174393033 0.0036997944066837 0.033166353288239)
(0.0022191725817704 0.003490959607856 0.036479581250069)
(0.0020952165719849 0.0033791094214972 0.044124303183218)
(0.0026118782972673 0.0028359703930423 0.018662356966515)
(0.0022732268417076 0.0034203334327281 0.038528930979793)
(0.0022271716807759 0.0035238924050447 0.03107913076866)
(0.0022486818790255 0.0035627090411215 0.048613126861674)
(0.002049997735078 0.0032534406829505 0.0058289631703239)
(0.0021396967220078 0.0036804352221784 0.025979260799318)
(0.0015929730529106 0.0039890472689 0.044810202349309)
(0.0016268502937799 0.0036396527735704 0.045771444676351)
(0.00076036041087755 0.0040007938629108 0.0045717956977869)
(0.0015846947178472 0.0032209037756962 0.0048947555922512)
(0.0011088330186204 0.0037309735225411 0.027061869251746)
(0.00068815722414441 0.0041084417596488 0.037207377688486)
(0.0014815494188891 0.0036574099699664 0.037556463019429)
(0.00074425593937027 0.0041160604617017 0.042089727764083)
(0.001649129892631 0.0037595030839216 0.042140106840653)
(0.0005613482231559 0.0041428704518711 0.031736879973937)
(0.0014120702224483 0.0034571491708317 0.032005237183727)
(0.00068449313191822 0.0039825902518059 0.034707784350815)
(0.0018209309084223 0.0033529614274969 0.034482970152718)
(0.00078614740052652 0.0042095004850065 0.017063532058973)
(0.0016398721384628 0.0037339432377335 0.017081047518503)
(0.00071444122010979 0.0043437580693952 0.014792450616496)
(0.0011191985064895 0.0038381096402951 0.014133135972313)
(0.0012438396349449 0.0039251631915917 0.020060195626232)
(0.0020271839714097 0.0034243292890831 0.019577802622105)
(0.0009651114219901 0.0039825176105563 0.022188947494045)
(0.0015089324043106 0.0034709997423832 0.021661366898596)
(0.00062441764620471 0.0038929233886137 0.0076719931521144)
(0.0014729741790605 0.0037147460814139 0.0075878025611419)
(0.00080253962763616 0.0041322931581952 0.0095082758658199)
(0.0015087596172494 0.0036741645801163 0.0094952773911717)
(0.00090602744588328 0.0042462060323572 0.011863937405213)
(0.0015256983698928 0.0036152947481853 0.011559729958969)
(0.00054480107494003 0.0042128092529045 0.049165225902885)
(0.0012592705294796 0.0037972199959618 0.048968038465452)
(0.0011290306974152 0.0038620493691097 0.043846873423522)
(0.0010123196966725 0.003918532492232 0.046958457303147)
(0.00074363830393647 0.0041156273282233 0.045014689093188)
(0.00096845400925615 0.0031679906050512 0.044584779551771)
(0.0011441363425428 0.004083977242044 0.040136091130694)
(0.00074598133561851 0.0041654058540188 0.038365708851296)
(0.0015706399912149 0.0039355808323687 0.035412872206205)
(0.00078793455583896 0.003285475757678 0.035409054618226)
(-6.2318784238931e-05 0.004325203626676 0.036557648790144)
(0.0011926274151583 0.0039776815265777 0.036255814223864)
(0.00090111010075821 0.0041745306998134 0.032700294385474)
(0.00063369078185749 0.0033048800747114 0.032511825918352)
(-0.00014644607702619 -0.0040728659315956 0.0025801050742006)
(-0.0003974101543616 -0.0040835329464359 0.0086803335041903)
(-0.00019042027231788 -0.0040243131876233 0.016637715705098)
(-0.00027030820458967 -0.0040610506185549 0.013921206468392)
(7.050569650076e-06 -0.0041100036057758 0.006264186556934)
(0.0001477853724271 -0.0041196613815186 0.024528319616809)
(-0.00019047865908113 -0.0040889849566583 0.026901962679968)
(-0.00049141965020118 -0.0039603528169852 0.031369745825618)
(-0.00015023342606369 -0.0042344015585721 0.03043398067758)
(4.9100938608294e-05 -0.0040126763262104 0.027947784638654)
(-0.00047884809744785 -0.0037685843184667 0.038230310095149)
(0.00022658179920998 -0.0040458419933307 0.038989197189511)
(0.00025847451843804 -0.0041812948491397 0.044602723199962)
(0.00022295978645119 -0.0039864146333906 0.033948766656281)
(0.00033092363366131 -0.0038529664788917 0.014827927068519)
(0.0003704233371446 -0.0040036303838191 0.019429768894349)
(0.00043920250226653 -0.0039890475610062 0.009576467015726)
(0.00024744383707111 -0.0039639957136558 0.012116864581164)
(0.0010912285717716 0.0039058023676812 0.003399828056478)
(0.00088932195091007 0.0041374052778264 0.0056275382931352)
(0.00086495811953119 0.0031517455442178 0.005720057888061)
(0.00098198540082907 0.0039024723855925 0.016233521298099)
(0.0010183374138573 0.0040231400473807 0.0084870128291495)
(-0.00024140058107643 0.004248912192912 0.0067753374113702)
(0.00096557266870928 0.0039569015751327 0.0067347782028785)
(0.00028781161925941 0.0043062970658148 0.01015543225561)
(0.0012228249939118 0.0039675449272368 0.010414678566118)
(0.0010251858425375 0.0040735466968631 0.028969898956594)
(0.00033349855010452 0.0042464733240688 0.033884341445239)
(0.00099442439680444 0.0038470753358155 0.033707429211115)
(0.0011208813919457 0.0038601798206899 0.024503426431928)
(0.0011192890872935 0.0038724770928066 0.018014382692134)
(0.00033743971182853 0.0042165244173667 0.020404094953682)
(0.00094487486110492 0.0039674901826596 0.020941804836784)
(-0.0005346904641506 -0.0041150982446803 0.047630201224209)
(0.00079750742437833 -0.0038145845346102 0.0012459226201348)
(0.00058425494649765 -0.004088634326345 0.0054791035772537)
(0.00078872634492491 -0.0040743048979611 0.018254862247886)
(0.00068074937933034 -0.004063110817889 0.012917618971071)
(0.00079255387302783 -0.0040370693499126 0.015737862223688)
(0.0011153519570093 -0.0037478980814296 0.0072903462704754)
(0.0012738864523876 -0.0039475520516486 0.02515768194681)
(0.00074847575122362 -0.0040810734076191 0.034639348649199)
(0.00065770571258548 -0.0040197855178289 0.035655880421291)
(0.00099914917653825 -0.0040892928893497 0.03946015850786)
(0.0010961737776415 -0.0040770387207993 0.044996404928708)
(0.0009444050879212 -0.0041451503602572 0.020230188818275)
(0.00097318816830594 -0.0040926061977426 0.023809997775224)
(0.00078172759390463 0.0040566633664899 0.041201311731032)
(0.00045554475189438 0.0040113557681906 0.045991758643517)
(0.0010718103792865 0.0035987715539915 0.039298528056216)
(0.0011252827379782 0.003895363865647 0.028094214420992)
(0.0012169026468464 0.0036593764258821 0.029932219028724)
(0.00041069047338186 0.0042024645535265 0.026378317536194)
(0.0011034050968921 0.0037661611630232 0.025930805094014)
(-7.2466297967929e-05 0.0041671674570521 0.023188907738794)
(0.0010182959920397 0.0039262956286758 0.023193999137746)
(0.0010900538024989 0.0036775964762519 0.031011481448255)
(0.0009637341993522 -0.0038922349720387 0.049269114838238)
(0.0010063714403815 0.0039580665996909 0.0022697326230911)
(0.0010285917286806 0.0041075428684681 0.018994097395968)
(0.0010962669315305 0.0031902121312085 0.019181999258746)
(0.00021399173018417 0.0042292412784193 0.015300621814489)
(0.0010945085230049 0.0038044680654331 0.015227635793973)
(0.002088274815376 -0.0034974204426756 0.0034091688739387)
(0.0013725870339712 -0.0040785095079173 0.0048298953845346)
(0.0015525262029535 -0.0039601943559711 0.017427718368184)
(0.0021211846184861 -0.0034966771432605 0.021053041030788)
(0.0015025442601976 -0.003949627583653 0.022811580013624)
(0.0015573058070433 -0.0040214447954282 0.013480475426779)
(0.0017330205485081 -0.0036908124949664 0.012604996155934)
(0.0016567475647066 -0.0035928308117085 0.016122316329296)
(0.0015343699416999 -0.0037940923238971 0.014776284877346)
(0.0017843086948381 -0.0033594766497872 0.013901995771725)
(0.0017197940579164 -0.0036849736869478 0.0088374384984034)
(0.0017765481986137 -0.0038456854810304 0.0079322532373817)
(0.0016105064259292 -0.003724313621082 0.0099060863810528)
(0.0016851361267081 -0.003995129966361 0.010861034036721)
(0.001649172868973 -0.0039869672538831 0.0057086078740876)
(0.0017032259405372 -0.0039898302912226 0.026083365022111)
(0.001838043395188 -0.00367454367953 0.027645706425602)
(0.001504525756222 -0.0038923800475762 0.029164844681941)
(0.00047126667299027 -0.003725946100712 0.029122109793697)
(0.0016834307290012 -0.0039567904254489 0.030275121842155)
(0.0017650456083975 -0.0038179589746371 0.034124598540168)
(0.001574964367426 -0.0040353315797596 0.035127530287363)
(0.0017554508406043 -0.0035705312049661 0.032919604845343)
(0.00079996659832877 -0.0040771723969823 0.032593375115796)
(0.0014680102282215 -0.0038626405995119 0.032052280693712)
(0.0014715501674914 -0.0038579569232676 0.036060747508566)
(0.0015989489259209 -0.0040029839986877 0.037660513074675)
(0.00080490210249107 -0.0040893258921534 0.037116269623206)
(0.0016338630558104 -0.0040919417398549 0.036826406317433)
(0.0015579577051689 -0.0039462647943372 0.031204494631692)
(0.0014759188395166 -0.003292433694845 0.039077475737868)
(0.0017410314891701 -0.0040604979840416 0.041687408555156)
(0.0013976520927932 -0.0034716477091582 0.041779171089284)
(0.0010620984063691 -0.0040637024388266 0.042488351003709)
(0.00067597695396352 -0.0042087537187299 0.04706522187233)
(0.0016836745976627 -0.0036682938141446 0.046857326225814)
(0.00066755137168585 -0.0040118016345886 0.048352680663312)
(0.0016679871179921 -0.0038878525243662 0.020450412689382)
(0.0015556364703461 -0.0037805478550475 0.021815138113574)
(0.0018477823154223 -0.0035928636191153 0.023975255750945)
(-0.00019950694809154 0.0041839262466932 0.021105730461324)
(-0.00026664905770782 0.004224016747976 0.018635679769985)
(-0.00029661992203715 0.0040019213116351 0.012647325350384)
(-0.00014292058494962 0.0042013041031646 0.0086394659502733)
(-0.0004875055381042 0.0041609768536829 0.033765337267854)
(-4.8880529157977e-05 0.0042682188750265 0.039263931068327)
(-0.00046997842461612 0.0042161995206682 0.041637146613816)
(-0.00039215214139439 0.0041946709506154 0.02865767226351)
(-0.00019606312789103 0.0043150558902543 0.048642071718053)
(-0.00030891004724684 0.0044344837581333 0.00096612282417485)
(0.002233257927426 -0.0035446932717327 0.0051262417856785)
(0.0020274113142125 -0.003309472149581 0.010573602728621)
(0.0024438361208676 -0.0034123199894718 0.012140825611956)
(0.002020759265219 -0.0031166834927317 0.017643872836157)
(0.0021975883953824 -0.00350404321649 0.019719505219223)
(0.0025525708059816 -0.0032338317363976 0.022800864418541)
(0.0022105810053474 -0.0033642390179182 0.031800712658112)
(0.0020264234001074 -0.0033079357295689 0.035433697513646)
(0.0021735477238069 -0.0033661770609929 0.040426093322004)
(0.0021514350499253 -0.0035492964911591 0.042525706775955)
(0.0021867923670654 -0.0036939006867467 0.045233690045527)
(-0.00061411442210209 0.0042106290806076 0.045993976568768)
(-0.00040078664801955 0.0040923999747455 0.0096116946860551)
(-0.00045410963118318 -0.0041752494768081 0.040824460632663)
(0.0025036046111399 -0.0026810800943091 0.042475055848569)
(0.0022483427635501 -0.0035667922356789 0.0016722088629117)
(0.00049841716570756 -0.0037766357062092 0.0042254476659763)
(-0.00017376921951564 0.0043301665794744 0.040726004148978)
(-0.00041517962260903 0.0042036193470616 0.026340243196434)
(-0.00041110633361429 0.0040847980278954 0.0043213743713484)
(0.0016204768874881 -0.0036916787577717 0.0042056735626599)
(0.0013130517065504 -0.0039786036441659 0.011782651395413)
(0.0014591108579603 -0.0032567837309127 0.011175190100286)
(0.0019910087547584 -0.0031633750292807 0.00082675813328781)
(-5.6612767633374e-05 0.0019743849668266 0.00077545313805488)
(0.00010795855282703 -0.0020429621683966 0.00073737672300865)
(0.0016264912505441 -0.0010374180776713 0.00082144904241958)
(0.00086583146652633 -0.00080249750158297 0.0007041340758195)
(-0.00029304130292585 0.0040594223418987 0.049305647981342)
(0.0019670435589173 0.0033035669029506 0.04935096418121)
(0.0025189539629596 -0.0034252296520537 0.049185529535108)
(0.00019829924998334 0.00331780220075 0.049307976584355)
(-0.00060308228215437 0.003433756044102 0.048655524433598)
(-0.00018350163295407 -0.0034249571477948 0.049229187349842)
(0.0021341514150607 -0.0019900177384244 0.049470716716867)
(0.0022554840148841 -0.0012808201795427 0.049326641702284)
(0.0020259572662652 -0.0011316152244967 0.04869499397447)
(0.0023496222056442 0.00065219594742292 0.049263334067219)
(0.00029638786369179 -0.0015244517548642 0.049255988714185)
(0.0008999325374387 0.0019492316868896 0.049467100681283)
(0.00036058118554613 0.0013846927627184 0.049349927640289)
(0.0020715380082698 0.0014776581065001 0.049303917311228)
(-0.00017277462504627 0.00060105100551734 0.049307126559398)
(0.0016719165945475 6.7333290436469e-06 0.049143938946774)
(0.00093963960220661 -0.00053724131861719 0.049215631306949)
(0.001609424443856 -0.00082376951965508 0.049394415208306)
(-0.00039762248444315 0.0015447178181009 0.049232841703116)
(0.00013991443785521 -0.00053022639592338 0.049031584073784)
(0.00068774544578411 0.00044831173689525 0.049356935553613)
(5.6168242446233e-05 0.00027640104851447 0.048490929438542)
(0.0015040733524811 0.00061854781879073 0.04934503827801)
(0.0006624629923774 0.0040872668803386 0.047999609616945)
(0.0014783233908352 0.0035716160875629 0.047859939934678)
(0.002165146434654 -0.0035202431080932 0.048188410169224)
(0.00016735817310716 0.004099020586886 0.044189772623203)
(0.0011297761236076 0.0041172079150936 0.042971603948154)
(0.00085302572594722 0.0032535579542432 0.042822186009932)
(0.0014476976779352 -0.0011118522153628 0.002656317973499)
(0.0019261745733421 -0.00054018028373635 0.0030511721275905)
(0.0023095180637526 -0.0021346166101593 0.0033417055317806)
(0.0022103312016918 -0.0013695368818337 0.0020960512575833)
(0.00087260961983473 -0.0013512706345631 0.0034565604721972)
(0.0017725354188007 -0.00053095297347975 0.0036491272883933)
(0.0015766024669174 -0.0017444336602416 0.0033148710572034)
(0.0016478928713677 -0.0024407306496968 0.0034307457071589)
(0.0017761217827032 -0.0011672235607005 0.0035812499061735)
(0.001642149564357 -0.0013527636260166 0.0016228311032119)
(0.0014702157421435 -0.0015014004316016 0.0053701202430509)
(0.002200405153538 -0.0014760393716844 0.0055783606988109)
(0.0021023163706489 -0.00065846061040531 0.0056633396786939)
(0.0020952924408573 -0.0014423041039766 0.0048090049698206)
(0.00089884782526547 -0.0013250472256996 0.0057332178568741)
(0.0010077458534208 -0.0011807270928709 0.006307326107516)
(0.00067628384728794 -0.0013434466260948 0.0050228702884426)
(0.0016065541971246 -0.00079662119669444 0.0051978783257527)
(0.0014862069124889 -0.0022266491603292 0.0056683388633497)
(0.001667599917813 -0.0021363425152916 0.0048541980611303)
(0.001836696103641 -0.0012474879937494 0.0071959461246268)
(0.0013956722375985 -0.001417226867855 0.0046776183697365)
(-0.00034744690554614 -0.0013083675033146 0.0031040659250462)
(-0.0002721624086935 -0.0006227210560143 0.0030846698914616)
(-0.00017273548486412 -0.002010619801824 0.0031768931869072)
(-0.00028694384728693 -0.0017388948184583 0.002272629041807)
(3.5086272636023e-05 0.0013884264801615 0.0028912305499095)
(-0.00027684697898203 0.0015675150496224 0.0038468263878667)
(0.00017763624841707 0.0012533454929706 0.0054562647070021)
(-8.8626110171668e-07 0.0013762090994998 0.0062127410222868)
(0.0016515280773596 0.0013565537656923 0.0028405027758385)
(0.0023011309814618 0.002363828969567 0.003136026170333)
(0.00089103160137392 0.001642406891027 0.0028004501578011)
(0.00051355728551658 0.00065148712825144 0.0030070403736521)
(0.00049970851949644 0.0018269507460671 0.0019484720370042)
(0.0015627409105135 0.0021682905594821 0.0030741695878676)
(0.0017810624256655 0.0021167427094075 0.0037379322001193)
(0.0013766183193255 0.0007766832147845 0.0031267025443625)
(0.0017646009778967 0.00064902751254695 0.0022695298942675)
(0.0017189084482321 0.0013739716853601 0.0036413293049676)
(0.0015564045387505 0.0014729642714944 0.0020620829557564)
(0.001489963338286 0.001209194261511 0.0054883289299787)
(0.002105030786228 0.0014307140683512 0.0059478901516701)
(0.00076945672087591 0.0013933310772315 0.0058418461235224)
(0.00074254133934358 0.000554031252735 0.0055062503142652)
(0.00075397105897275 0.0013326225421391 0.0050165757645375)
(0.0014682452850561 0.00044600641853608 0.0055499133430001)
(0.0015038720394888 0.00049270921603223 0.0049144444992682)
(0.0015422420338807 0.001042957168419 0.0062232776556683)
(0.001503346478403 0.0012816544651073 0.0047754480823874)
(0.00023906596403067 0.0016579480700829 0.0081663189364468)
(0.002213099436911 0.0011619377618925 0.0082515281259214)
(0.0022032037594275 0.0018167373521079 0.0076377317587497)
(0.0021264391827161 0.00033110035601116 0.0085231443233477)
(0.0021077642214823 0.00071279139535265 0.0075695043963125)
(0.0010548188564234 0.0014466866576359 0.008087397937337)
(0.00032687679056557 0.00071416322432466 0.0082427375328832)
(0.00085317970334625 0.0009148243839457 0.008776499132974)
(0.00075156278837951 0.001482227830576 0.0074526079294935)
(0.0016116866176506 0.0021473566699162 0.0081905403897418)
(0.0016301225173696 0.002326690917941 0.0090570080369605)
(0.001402684073989 0.00077348929295274 0.0081512732693669)
(0.0016622099444388 0.00010605055792398 0.00813400158323)
(0.0017033218306295 0.0007563798343334 0.0088366063855082)
(0.0015401478191204 0.0014690665500498 0.0088575461882278)
(0.0018113726847162 0.0016280009793212 0.009814556683574)
(0.001593778961261 0.0013780949364717 0.0074460065782805)
(0.0014135487912369 0.0014919623512414 0.013213796860498)
(0.0021312630293865 0.00030929190876095 0.013689620307007)
(0.00094506867221339 0.0012489940526487 0.013519866087221)
(0.00029368806913047 0.0014018849670989 0.013522712657629)
(0.00085876514607222 0.0018952584687401 0.013579662248019)
(0.00073561935596275 0.0013703957816289 0.01428367697801)
(0.0018440008037901 0.0021831759210904 0.013391728129311)
(0.0016918876480622 0.0018280738549048 0.012580771658011)
(0.0013601645060048 0.00070304565360852 0.01327294949314)
(0.0016130415175502 -1.0634914252995e-05 0.013314122223285)
(0.001552514276022 0.00047497971191589 0.013989313921542)
(0.0014537983903637 0.0014099435072963 0.013912726435431)
(0.0015750069513751 0.0014298446873775 0.014639454644171)
(0.0016034623151581 0.00098459513722629 0.012613516419365)
(0.0015662072161219 0.0014349254370836 0.012027303891653)
(0.00085049265453736 0.0018874925836363 0.0010389548936217)
(0.0016646061897048 0.0019809177660879 0.00074420046773364)
(0.00081727295818134 0.002685441710147 0.00094922760770382)
(5.1356070859125e-05 0.0028886018107385 0.0010598736012776)
(0.0005771164518399 0.0029986272831295 0.0019149370421886)
(0.00060498794524649 0.0011493753194336 0.00075870953815023)
(0.0022557613433271 0.0021911909142537 0.0017762112123306)
(0.0016000250088958 0.0021642011679597 0.0023489850458637)
(0.0018781185787951 0.0031569798216736 0.0022960839146224)
(-0.00055028407070103 0.0011354972366005 0.00075742827327982)
(-0.00041145618781549 0.0013059307193555 0.0015630912761824)
(0.0003110645038757 0.0029824383644074 0.003518945260445)
(0.00037607908756572 0.0031771710615817 0.0043042014895176)
(-0.0004618892294138 0.0031965731283323 0.0041520233437246)
(-0.00026011473853583 -0.0012148877611598 0.0081156932539051)
(0.00044945376843658 -0.0012775255958796 0.0079304059796586)
(-0.00042578652786654 -0.0019094547940777 0.007952095459722)
(-0.00035741906622469 -0.0012222479315115 0.008704170536746)
(-0.00030852474905736 -0.0013174099737727 0.0075571118050173)
(9.6557459594253e-05 -0.0011712255484633 0.010779511282313)
(-0.00026850849468746 -0.00095066583077263 0.013144440794206)
(0.00028742881988267 0.0014349360903348 0.010900647810427)
(-0.00053021060020777 0.0014124851048141 0.015030705354934)
(4.9066998164304e-05 -0.0010107020536703 0.0008081627274335)
(-0.00046498692399482 -0.0010920815776342 0.0015005029863444)
(0.00027012540423318 -0.0022739482896562 0.0016348124729599)
(-0.00088088502667759 -0.0036176218648425 0.0037851116637813)
(0.0018330337943156 -0.0019190183746155 0.00080962967013293)
(0.001178609312228 -0.0020348716697905 0.0016334689507397)
(0.00066438185460934 -0.0011856214573158 0.0017319428388377)
(0.00073501867326551 -0.0033519154168556 0.0023740197818952)
(0.0016497362578434 -0.0035824460460788 0.0024040769917188)
(0.001292807247786 -0.0028595705951575 0.0018875067319516)
(0.00022483108617444 -0.0031437413969508 0.0018032238481043)
(0.00064008646609094 -0.002338760272279 0.0024552107260971)
(0.0007859822128148 -0.0022306700682799 0.0033510100599547)
(0.0010557952933018 -0.0041901220918668 0.0025855877105179)
(0.00077917981843756 -0.0033932299002776 0.0032370699248747)
(0.0023211174618357 -0.0006471635566522 0.0024234276297106)
(0.0027067076314484 0.00023629232702739 0.0020639557094424)
(0.0016239498187522 -0.00039670487580266 0.0021696477277079)
(0.0023529104877177 -0.0028760099860317 0.0026298587209788)
(0.0021260649864763 -0.0023498106177622 0.0017025990032306)
(0.0015242599086833 -0.0015249363479368 0.015936526972003)
(0.0022067080629538 -0.0013041117342307 0.015707959696309)
(0.002080343776881 -0.0020250012418042 0.016105140767051)
(0.0022246316292971 -0.0008843802543914 0.015021389927784)
(0.00090959786807561 -0.00083624582832227 0.015864480900817)
(0.0011872548829975 -0.0011234154721553 0.016447174084342)
(0.0017071234946791 -0.00074954394918014 0.015840831724233)
(0.0015371722041947 3.4358026373423e-05 0.015762029269353)
(0.0016988192247913 -0.00046808383877052 0.015099802856394)
(0.0013292216077365 -0.0021972583195118 0.015955231992034)
(0.0016582017920775 -0.0017780979125828 0.016620235463012)
(0.0015744568640859 -0.0010645238108131 0.017111285602317)
(0.001529576582871 -0.0012310246431362 0.015352659996075)
(0.0014232012016306 -0.0011240028368485 0.014690032997387)
(-0.000308654547388 -0.00066814762047167 0.002322666503425)
(0.00062704610183001 -0.0004441816382087 0.0021372472531809)
(0.0002973889393987 -0.00029663892069744 0.0029033948231026)
(-0.00034119855960772 0.00011479486451465 0.0030138746960714)
(0.00095514516423273 0.00025626123147131 0.002271157793555)
(0.0010829908466822 -0.00063863630062428 0.0037483057580713)
(0.00029133645317615 -0.00075694379346964 0.0035841564789816)
(0.0006567477110883 0.00014010160715155 0.0035606610892719)
(0.0015281368488373 6.5428969212926e-05 0.0035672904859665)
(0.00086320746901385 2.6594070226406e-05 0.0042342868330349)
(0.00066098890082591 -0.0008891698495059 0.0043417188366772)
(0.0010459170999706 -0.00050737825422823 0.0030233654163824)
(0.0023003220385068 0.00084719815210187 0.0032560904413165)
(0.0019601612362697 0.00059516242534524 0.0041315364190947)
(0.0023610261800637 0.0014382245459923 0.0041609030578297)
(0.0020260343385956 -2.9534541970497e-06 0.0047568757151091)
(0.0020423705514605 -4.7840945095624e-05 0.0054720089078695)
(0.0021708772452808 -0.00082834344250091 0.0043083030354079)
(0.0020755770436633 -0.002719335256883 0.0052037860568326)
(0.0021492260776545 -0.0028692592755562 0.00430002463907)
(0.0020522198344312 -0.0018786772807922 0.004122296124797)
(0.0021669986918799 -1.7349415277394e-06 0.0062549098136555)
(0.0017528166849811 0.00052554567694791 0.0068512187238183)
(0.0022025037923376 0.0013785659442304 0.0067847571809785)
(0.0021451619729002 0.00064140299678554 0.0056064453326486)
(-0.00034557852987117 0.00077468656590919 0.0034707562071471)
(0.00043985224498723 0.0014260833309656 0.0035197430156832)
(0.00095700389764899 0.0021951176336014 0.0034234077185803)
(0.00021640230418768 0.0021478037141792 0.003204356945137)
(0.00083888448450238 0.0019980822953566 0.0042069257767373)
(0.0011317504786567 0.0015341131132973 0.0034265567399166)
(0.0018818739882005 0.0020981564839396 0.0045176771242641)
(0.00080950043504634 0.0006287009036218 0.0047160063394699)
(0.00099226619495972 -0.0019736154625273 0.0063811131253205)
(0.00027270832716967 -0.0020274947069841 0.0061039398582034)
(0.00036591199930181 -0.0019955607194269 0.0068734272604748)
(0.00078506803262716 -0.00267362009603 0.0061208227820201)
(0.00099793863536002 -0.0036673072151383 0.0062548069538614)
(0.0010938658825497 -0.0026435065388185 0.0071311355671302)
(0.00095644269158509 -0.0018146582439223 0.0073559181169643)
(0.0016979702397452 -0.0020298127694001 0.0069437964915776)
(0.001098637320724 -0.0012698284430534 0.0068920755026038)
(-0.00025540342216587 -0.0011368121951809 0.015643201865025)
(-0.00036298010063391 -0.0018865394512973 0.015866995021492)
(-0.00043792219672072 -0.001099624925555 0.014892007864505)
(0.0016306162131978 -0.0019550219250836 0.0076470602968664)
(0.0018924892995141 -0.0019892302455354 0.008289353284346)
(0.001525987395874 -0.0012110937545561 0.018334111353784)
(0.0009068838166296 -0.0013425523365309 0.018653763957974)
(0.0002632719885007 -0.0013192189263096 0.018365813474728)
(0.00079687074260177 -0.00078404422558641 0.018101773151739)
(0.00074718451507319 -0.0020624637828137 0.01828810849793)
(0.00087556022538577 -0.0013123507198449 0.017712825674542)
(0.0015203265724614 0.00012422980515023 0.018434591839496)
(0.0010787311993761 -0.00056607758654445 0.018965334530836)
(0.0015396085698737 -0.0020084884567191 0.018548109615877)
(0.0016304016026412 -0.0017263104192086 0.019077759072927)
(0.0017735133905934 -0.0020942872934187 0.017935177691452)
(0.0016719506981742 -0.0011124253696587 0.018985144432012)
(0.0015095513263495 -0.0010853646158915 0.019679553450203)
(0.0017859551700022 -0.0013485044941195 0.017667139324682)
(0.00098049146592653 -0.00057799045388914 0.0075583256931174)
(0.0018429829363159 -0.00058549392790538 0.0076764819842549)
(0.0014669084353562 0.00014821740420696 0.0074925301727707)
(0.0015479758168442 -0.00060043334954191 0.0084977014984101)
(0.0015301065948938 -0.0003855348671492 0.0068966174768822)
(0.00038438521003351 -0.0010453869676427 0.0072265766177879)
(0.00018890247995999 -6.3131292753546e-06 0.0074263495045497)
(0.00082207954530572 9.1661053531985e-05 0.0075176541201423)
(0.00066929935346978 0.00072335002834603 0.007601347452477)
(0.0008039906573595 4.2233530162609e-05 0.0081562164814993)
(0.00084015796601133 0.00019567001789218 0.0068615522920261)
(0.00079993617432053 -0.00071691975123217 0.0083326360911252)
(0.00083869065966709 -0.00060586736734257 0.006713433772628)
(0.00080167287565294 -0.00045075159080175 0.0060146937593595)
(0.0016460657489598 -0.001461341629892 0.0088281549779226)
(0.0018615120407984 -0.00072393283273745 0.009410581199143)
(0.00028661924405973 0.00052828380114623 0.0061533874258371)
(-0.0003510640809798 0.0001441983239782 0.0055975667396552)
(-0.00036537655787876 0.00084234006219154 0.0055354526888516)
(-1.8739573363267e-05 -0.0010978546160292 0.0048717718593754)
(0.00021278645651873 -0.0006453610938179 0.0055686956974838)
(-0.00038625121421088 -0.00080404659694284 0.0042893886091727)
(0.00064100659058788 0.0019063649291382 0.0064469750147814)
(0.000270016256427 0.0019855789381689 0.0071697316447783)
(0.0014954918842455 0.002036768739435 0.0068807540667167)
(0.00010955791085499 -0.0019666428839818 0.004885119105964)
(0.00034998049618227 -0.0026823924364984 0.0049161672159263)
(0.00069637447251832 -0.0021313577384787 0.0043717201213708)
(0.0012904063638762 0.0021868571376575 0.0075247694021024)
(0.0019561954442973 0.0029053584774489 0.0075590627527929)
(0.0020876498689071 0.0032641857949181 0.0085091051635171)
(0.00050111425016792 0.00072842309798033 0.0094938344526484)
(0.0014260850225275 0.00078973030345731 0.0094683292876509)
(-0.00030180806734167 0.0015949139596239 0.018646781485384)
(0.00069248598698996 0.0015754438781941 0.018656127178086)
(0.0023192529803435 0.0019867931113636 0.0086949782250182)
(0.0022173211017087 0.00071250007988175 0.0099466513499473)
(0.0014903171485354 0.00066999989568888 0.010148356139359)
(0.0016307245979331 4.0641228765878e-05 0.0098706724359879)
(0.0018499397755903 0.00059930700823912 0.010664313999955)
(0.0018235640330666 0.001281655145269 0.021187685081004)
(0.00211780802178 0.00065172490557238 0.02100560014547)
(0.0019898395365812 0.001289734358532 0.020287555959233)
(0.0010136764012211 0.0013344866750675 0.021439321501708)
(0.00021857543732073 0.0013195718364608 0.020997790850813)
(0.000859737309653 0.0019170051225901 0.021151985344462)
(0.0014467315553683 0.0019323084535385 0.021113765725027)
(0.0018040447658753 0.0027719035969997 0.02066316529103)
(0.0016802214499178 0.0019636502778519 0.020419793381784)
(0.0013856906376636 0.00078477761724677 0.021024216040909)
(0.0015764099800935 8.4291283947647e-05 0.021218654929563)
(0.0016961705738315 0.00063236422920011 0.021617495559545)
(0.001591474154307 0.0013491533424943 0.022043548796002)
(0.00016795739544033 -0.0018234473613689 0.0075031650819379)
(0.00034889910134039 -0.0026561533723486 0.0076930573889449)
(0.00017287849754594 -0.0018408662773385 0.0083104253177907)
(-0.00054229838418576 -0.0026198946304245 0.0073636886340399)
(-0.00026483280050643 -0.0038601736887437 0.0074135042179626)
(-0.00048117843855209 -0.0018946804906915 0.0068481141956179)
(-0.00035278739692572 -0.0011565947915926 0.0069281204698548)
(0.00098974508467407 -0.0020094562890366 0.0093582624645085)
(0.0018128103729343 -0.0024832154812554 0.0088772447490154)
(-0.00041376716135377 -0.0020875069503537 0.0087760400160327)
(0.0002522421453559 -0.0011825819310532 0.0085128852237553)
(0.00082812005702204 -0.0012743477838583 0.0087130175467377)
(0.0010698069960784 -0.0012407556442371 0.0094617474061227)
(0.00053537221007516 -0.0025658506281145 0.008735033342515)
(0.00063248490755721 -0.0038204504853915 0.0083889133589556)
(0.00095980528528472 -0.0020074030576891 0.0082483241962889)
(0.00026952594699381 -0.00052964450071976 0.0086814301255678)
(0.00024369834976741 -0.0008725178402106 0.0093967854088556)
(-0.00011289676238128 7.8335018238584e-05 0.0096238896577071)
(-0.00025299755772207 2.1657647420124e-05 0.0080652410479239)
(-0.0004990494308584 -0.0013487643726279 0.0093716454306591)
(0.00072127070428991 -0.00091384898552655 0.010052116473633)
(0.0014593325729803 -0.00072570933755365 0.010111482263977)
(6.733544449353e-05 -0.0006081589748777 0.010122327338237)
(0.00028091390267822 -0.0015956453780182 0.0099854819905763)
(0.0006739268097206 4.0515938342861e-05 0.010046209490673)
(0.00069353247380777 -8.4589509786322e-06 0.011033119212593)
(0.0008415714005818 -0.00076147437948749 0.010889716543074)
(0.00094071718647484 -0.00053735146832104 0.0093010609645679)
(0.0022202197794118 -0.0012065322279836 0.0099930772842448)
(0.0022571853801665 -0.0010845435463451 0.010700142490389)
(0.0023289012338144 -0.00050130652044425 0.011331509552941)
(0.0015179559699191 -0.0013385247976601 0.011256000444081)
(0.0021130547595393 0.0001738973816104 0.011151798573377)
(0.0023776148757515 -0.0014021623727489 0.011402602210074)
(0.0018980399571736 -0.00075377212541989 0.011960683098887)
(-0.00043483132579616 -0.0012071351843379 0.018354906678142)
(-0.00034922975309755 -0.0016668032106169 0.020914993435061)
(0.00054125541699977 -0.00097887678311686 0.021435013913702)
(-0.00042500684450802 -0.0013575893780267 0.021651392139756)
(-0.00056984448818721 -0.0024785875565301 0.021000837423015)
(0.00026946038377748 -0.0012225446425745 0.023788043335647)
(0.00017101088749253 0.00063782905844308 0.010057747058791)
(0.00013196102246639 0.0014593986006246 0.010088813931227)
(-1.0196054937448e-05 0.00054878874070101 0.010770461164311)
(-0.00038420536583595 7.129800162201e-05 0.010223124129649)
(-0.00051746079255384 0.00074607649608856 0.0095635836111782)
(0.00023777336379996 -0.002589546115399 0.0099834820292737)
(0.00035154420369059 -0.0021167099451628 0.010797322348318)
(-0.00048379834268317 -0.0035112840726271 0.010166832680479)
(-0.0005362191135074 -0.0020912599869471 0.0094730434565564)
(0.00021928957397755 -0.0020668306892491 0.011658944827676)
(0.00091947708025431 -0.0017828644644198 0.011235928599054)
(0.00023643542468029 -0.001370409729228 0.01148049610854)
(0.00037630171262522 -0.0023328110850606 0.012609599170316)
(-0.00026880424076663 -0.0025313948929957 0.011272565329056)
(-0.00042710596106693 -0.0024126388207352 0.012123431021001)
(-0.00032575505735205 -0.00066868593517134 0.011652003248921)
(0.00039345335417879 -0.0005675877926354 0.011474965080198)
(0.00020727387926036 -0.00049863366323641 0.012377906744316)
(0.0009960969857209 0.0020322774817136 0.010176344417626)
(0.0014488821052859 0.0020889350648196 0.010777409782708)
(-0.00042951754329031 0.0021689360245957 0.010181161068009)
(0.00054054026672294 0.0021470440385746 0.010746301476132)
(0.00098944760964874 0.0027827187808346 0.010091514606096)
(0.00090350442648642 0.0030313937027201 0.010943835673713)
(0.00090910419160864 0.0020166292204687 0.0095119606946601)
(0.00083670382388168 0.0018749088694894 0.0087376727389727)
(0.00086328837590799 0.0005836069521274 0.011560179720996)
(0.0014720208956878 0.00060053753502465 0.011285320500301)
(0.0014686936319065 0.00062466413180025 0.011976750807923)
(0.00090599833040652 0.0014179969862711 0.011345871489314)
(0.00083093929088499 0.0017912258526013 0.012211594688196)
(0.00079877628967918 0.0010062995653698 0.012100171402921)
(0.00074164209353681 0.00067133537187288 0.010810625540713)
(0.00078246012100711 -0.0033842988896389 0.011485996290564)
(0.00013974638178336 -0.0040801461344588 0.011311960333497)
(0.00079498527976424 -0.0026900119352556 0.011133834908991)
(0.0016747517827788 -0.0022774238595467 0.011218808545864)
(0.00092176243148864 -0.0024300009381215 0.011964310252549)
(0.00086384384600488 -0.0040732434297034 0.010685384977824)
(0.00076604144121405 -0.0032874034654813 0.012343590705087)
(0.0009669479294352 -0.0033071428472456 0.01045122901586)
(0.0008532218638594 -0.00060455902873461 0.012672954705832)
(0.0015683971447495 -0.00066540202253963 0.01271562005973)
(0.0016788734502496 0.00018595308277631 0.012564560006728)
(0.0013067502965347 -0.00079813322909332 0.013400380840411)
(0.00094899052756081 0.00030030660371385 0.012401980815464)
(0.00094113451329226 -0.0012862642978967 0.012070344397677)
(0.00051350033249195 -0.00058366836598844 0.013581718287647)
(0.0014265921472193 -0.0011221588768863 0.023699883434518)
(0.0021343033441496 -0.0010733436901308 0.023669641113077)
(0.00097619391477553 -0.0013928553748348 0.024043028735894)
(0.00089892278755345 -0.00064437981303099 0.023617232387458)
(0.00060645085005116 -0.0021475249482434 0.023948190081668)
(0.00091215852188818 -0.0013749548925903 0.02325860084845)
(0.0013581483165802 3.284451439145e-05 0.023525244140361)
(0.0015730157491037 -0.00064837780028801 0.023026091942694)
(0.0016932071460465 -0.0016948760560484 0.024229790770865)
(0.0017443475433784 -0.0021344373593485 0.022503655247251)
(0.0014846484656522 -0.0011079808377219 0.024399539999023)
(0.0015383597872867 -0.001272539397811 0.025170576698898)
(0.0018829312487984 -0.001308040439243 0.022939629249815)
(0.00171030177284 -0.0011319786193865 0.02227456112029)
(0.0021734341315803 0.0029038884219862 0.011122717987831)
(0.0024570309469985 0.0031794745949399 0.011973873399274)
(0.0023066845223674 0.0019989510566144 0.010774876168506)
(0.0021422761785575 0.00066791542101353 0.012930286764356)
(0.0021413969594231 0.00072336186034109 0.012002094972567)
(0.002248191039573 -0.0036076425601668 0.011370479223465)
(0.0023824112919849 -0.0026830961746156 0.011255998500233)
(0.0022060471874465 -0.0026090514573059 0.012428597443878)
(0.0014426038559471 -0.0019038475904358 0.012830120949991)
(0.0021109986841467 -0.0012995610382362 0.012401792315571)
(0.002209771792716 -0.0021518279523087 0.013473079030739)
(0.002156588291635 0.00015443361641016 0.014572280151827)
(0.0021737966275477 -0.00048353306443048 0.013407439737761)
(0.00022868568941313 0.0004960502902256 0.012489645623915)
(0.00016010676615178 0.0012114059653674 0.012615504335747)
(9.4791861489359e-06 0.00064412372000857 0.013238052737533)
(-0.00031465625218251 0.0018798559599694 0.020907804771876)
(-0.00033435926702943 0.00054112131786838 0.021332749504651)
(-0.00049471517298892 0.0013471196066708 0.020229396697341)
(0.00030346591960889 0.0014184742902566 0.026123826753247)
(-0.00030963103746068 0.0007232709980968 0.026336309861671)
(-0.00025716053852395 0.0013885055152192 0.025390726215837)
(0.00030947800408049 0.0018724651693192 0.012863945797584)
(0.00052520207377235 0.0025026618289614 0.01256904772191)
(0.0015056380534514 0.0026502650312073 0.012509213515391)
(0.00093268782456741 0.0027042161282368 0.013249753574034)
(0.00086288477518708 0.00080315425570759 0.01390003695845)
(0.00023780332275007 0.00019488635626013 0.013784428509036)
(0.0010046415580991 6.3295895476674e-05 0.013827649321554)
(0.0007745443280679 0.00049077488260156 0.014502393143324)
(0.00062449777789012 0.00073198762692496 0.013274785159477)
(0.0022238294168039 0.0019433024161719 0.01437597135485)
(0.0016632054756604 0.00072800599536901 0.015107468183625)
(0.0014469356173774 7.9694787777023e-05 0.014762876167033)
(0.0021113279551334 0.0014159176387091 0.015015131276694)
(0.0021787692425415 0.00140402855318 0.015741704853441)
(0.0022036253671104 0.00013322917601591 0.015267568453189)
(0.0020300125470675 0.00067602732604525 0.015852717291996)
(0.00028454664266616 -0.003221986662124 0.013254920367189)
(-0.00036504238953666 -0.0025783570578285 0.013166319958293)
(-0.00035958588705983 -0.0041039350718475 0.012849111942503)
(-0.0003631674135726 -0.0032262544128696 0.011701533173111)
(-0.00032321476616875 -0.0004146939739577 0.013843748763367)
(-0.00020509944770531 0.00011735445002663 0.014467008842733)
(0.00055923937512263 -0.002232765081618 0.013628382361889)
(0.0014645375911789 -0.0017401111933026 0.013675557139148)
(0.0015693902304938 -0.0025575220745762 0.0136936547481)
(0.0019072783102862 -0.0019408163660673 0.01459875999326)
(-0.00040484618080807 -0.0020506712219489 0.013854250306841)
(0.00011905492576011 -0.0021264690978231 0.0145580502774)
(0.00088872191651934 -0.0011358779325155 0.014009208350518)
(0.00067973174224203 -0.001066782544953 0.014619481728944)
(0.00083475336505892 -0.0034547566113403 0.013884108431393)
(0.00089228029735039 -0.0017997287415562 0.014506156695259)
(0.00025286731438762 -0.00052055556912179 0.015260103740444)
(0.00020563913066144 -0.0013050143945621 0.015094093317257)
(0.00094426369788076 0.00020075770655605 0.015201418255686)
(0.00067601701389207 -0.00010429637983173 0.015943528696384)
(0.00091155174724163 -0.001227519810772 0.015123149120881)
(0.0010158493698776 -0.00048526815253792 0.014600075345516)
(0.0012539274903624 -0.0019937668849424 0.015154103102608)
(0.0021327171685241 -0.00036053497596609 0.016453958297202)
(0.00212410005484 0.00025258006805658 0.016414428694582)
(0.0022214740839945 0.00013789887063529 0.01714875330865)
(0.0021801023439441 -0.00064775948313058 0.01721185244346)
(0.00050940493792742 -0.00085621455455353 0.02655374246263)
(-0.00027407078941913 0.00077657445408543 0.015291828510967)
(0.00029380680312811 0.00047698812814331 0.015155519304848)
(0.00019519891654415 0.0011735259017168 0.014823741315348)
(4.5659024323783e-05 0.00032930095951061 0.015841429429545)
(0.00027907638498814 -0.0019863777954265 0.01520944135896)
(0.00045865349584907 -0.0026464728697082 0.015129958083993)
(0.0003006323255818 -0.0023135144928354 0.015922590894111)
(-0.00044951764883648 -0.0024983041202965 0.015276952871316)
(-0.00050888089684984 -0.0035474207863445 0.015562516089254)
(4.3853101659725e-05 -0.0020771425053511 0.01647299788512)
(0.00090131460910192 -0.0019498595001527 0.016535701824888)
(0.00029053102345973 -0.0017643535020032 0.017176669761576)
(-0.00042104137741932 -0.0019468063366463 0.017024838474102)
(-0.00045255659476418 -0.0012173299107834 0.017086862350932)
(-0.0001508203526836 -0.00060701700117621 0.016638206927612)
(0.00061368262626101 -0.00056799281426272 0.016550326110619)
(0.00013000277128358 4.6442927070823e-05 0.016581500519536)
(0.00031160563618407 -0.00065040727577151 0.017196057169563)
(0.001091087029101 0.0019861866124583 0.015260337587254)
(0.0016585252761486 0.0019068067724856 0.015070423218688)
(0.0016432390335626 0.0027069370027542 0.015015956629142)
(0.00041655683837738 0.001850099312141 0.015048531231527)
(-0.00024447722119996 0.0020450894261226 0.01530880316191)
(0.0006770886431089 0.0019693726696321 0.015835329035472)
(0.00088355529926615 0.0026798172130271 0.015097044398523)
(0.0010333838808541 0.0029966948577782 0.015789980014916)
(0.00089957112745579 0.001254562957984 0.014988285756622)
(0.00095876639610382 0.0019761403528902 0.014612900938887)
(0.0008334762533593 0.00060575611689644 0.016173462648173)
(0.0015917833661176 0.000616544442745 0.016291784069822)
(7.6991282344007e-05 0.00080743750531572 0.016366593507075)
(0.00068613915425356 0.0014125260100552 0.016749655811053)
(0.00073079323658657 0.00030667008745338 0.017023975197295)
(0.00063964196843324 -0.0034169669608345 0.016480189704536)
(0.0015166935985185 -0.0026145810234177 0.016415597220447)
(0.00078139046638251 -0.0027230551396059 0.016352660167318)
(0.00073298881765569 -0.0026213565747959 0.017048103748709)
(0.00097533505927816 -0.0040616668717748 0.016666180185523)
(0.00051951585025214 -0.0036072328155896 0.017403027628791)
(0.00084714966987571 -0.0021002724009041 0.017577473387598)
(0.00023509356513782 -0.002623988094853 0.017714323470723)
(0.0015429825393853 -0.0021065132511195 0.017227595390604)
(1.107876012033e-05 -0.00081325095687744 0.017832644504895)
(5.2384174276292e-05 0.00015269651225634 0.01759280341628)
(0.00027944471837918 -0.00049312369134907 0.018565463329457)
(0.00075837349983893 -0.00010821370384375 0.017986173424497)
(0.0015552948645342 -2.5891300278243e-05 0.017500170886173)
(0.0010297615119685 -0.00059647326899508 0.017257768001501)
(8.5926232815729e-05 -0.001058706631329 0.018987748062161)
(0.00083354484973355 0.0004028146014405 0.018937164214778)
(0.0016232771576401 0.00024357254832623 0.019359848545915)
(0.0018104931468862 -0.00042583751998931 0.020009075140422)
(0.00062998970605011 -0.0012359447351219 0.01960642956867)
(0.0010096618822508 -0.0008884774331561 0.02034956149273)
(0.0014468304298494 -0.00094501376827511 0.028367992354146)
(0.0021009541582811 -0.001252175158653 0.028616461095797)
(0.0019898570382235 -0.0022009232810527 0.028988144639131)
(0.0019026648365372 -0.00089313258552224 0.027734894459746)
(-0.00015268976180928 -0.0011674328549962 0.028841649459729)
(0.000598045614771 -0.0008237533978964 0.029248780179247)
(0.0012371749157855 -0.00055124710452868 0.028878290371246)
(0.0014789017694797 9.5181369143295e-05 0.028821394519798)
(0.0014208636713865 -0.00024309238759965 0.02813096781672)
(0.0015131188607329 -0.0017638536882663 0.028335549632856)
(0.0018788656013367 -0.0011091872988573 0.03029921860714)
(0.0021329283613197 0.0020738721469717 0.016279946480697)
(0.002102042663873 0.0031515281512285 0.01613642308118)
(0.0024714459818692 0.0033424750324725 0.016990646006783)
(0.0019922319285325 0.001690600134349 0.017306095648259)
(0.0021983526984654 0.00067187981146718 0.01772943331994)
(0.0022136727652305 0.00051068288068684 0.018680426039896)
(0.00017206060818236 0.00052848493354264 0.018504563433386)
(0.0010405438276807 0.0019962020642658 0.01758015172165)
(0.00013091449085453 0.0019786689611392 0.017555218611432)
(0.00059497285939365 0.00313275582976 0.017486407774762)
(0.0010427706094579 0.0026413336888765 0.018400184860019)
(0.0023404277885294 0.0018258861627623 0.018874545740947)
(0.0016649908859415 0.0011671831744853 0.019099456337575)
(0.0020216009894762 0.00054647281800822 0.019984612060766)
(0.0014076990849349 0.00036956041694943 0.020437581681434)
(0.0016309555766805 0.0012620364943091 0.031315583927006)
(0.0021134874007317 0.0011846613573688 0.031067579673397)
(0.0021101451834138 0.00060510981198598 0.031366389668547)
(0.002369875093391 0.0013153541972281 0.030513015819163)
(0.0010787207499202 0.001589220071823 0.031234681870065)
(0.00036772634833332 0.0016950891537168 0.031635002377469)
(0.00082808931524526 0.0012030960917759 0.032056771027164)
(0.0018003572656649 0.0026750325045942 0.031618184790351)
(0.0017695174148797 0.0018257532196589 0.030642795255)
(0.0015324300145235 0.00068010569324561 0.031300786825294)
(0.0014549837894908 7.1861751619525e-05 0.031245398014758)
(0.0015281661139445 0.00062537280982145 0.031867009206337)
(0.0015003177068244 0.0012807907326195 0.03191703099027)
(0.0013799498938416 0.0013152529192849 0.032602560804712)
(0.0015155535320716 0.0012721321539834 0.030455266862134)
(0.0016869449654409 0.0015490420884677 0.029879316347906)
(0.00091015325954775 -0.00189318577564 0.01896212634787)
(0.00025030212479178 -0.0018540961611346 0.018928779013973)
(0.00013316679199332 -0.0020881560961649 0.019643276892872)
(0.00059203036759074 -0.0025890163439301 0.018888424719274)
(0.0013403560159046 -0.0025531777151383 0.019011704355857)
(0.00095751517261601 -0.00335471224833 0.01895216046109)
(0.00084457447282171 -0.002732593743936 0.019818314896637)
(0.00084065645535746 -0.002016204268844 0.01957819392859)
(0.0015418716749758 -0.0019143860503876 0.019733235838999)
(0.0018767564451649 -0.003531584793101 0.018631595774455)
(0.0022122868925765 -0.0026213892685625 0.018387190702775)
(0.0020715979603539 -0.0014445728486053 0.020296280071074)
(0.0021732108897614 -0.0013622867577058 0.021227387932552)
(0.0020691216670634 -0.0025981203037075 0.020301041869459)
(0.0020239382203891 -0.0022684695757801 0.021178196786477)
(0.0020757228685681 -0.00076706169100801 0.021660630992657)
(0.0014874330594054 -0.00067651288489242 0.020958018866989)
(0.0022471968273077 1.9807589973733e-05 0.021625840726738)
(0.0023183352975506 0.00015591341990635 0.022345387329438)
(0.00212944208399 -0.00057826660538018 0.022421494302249)
(0.00056562835000932 0.00050476303410426 0.02105054166333)
(0.0010373594794437 1.8642163661114e-05 0.02179145351817)
(0.00086882662595394 0.00066129469819536 0.022323146650554)
(0.0016637110814864 0.00054093477590291 0.022269660337391)
(0.0008730697897895 0.0014358021942625 0.022148936855158)
(0.002280120588756 0.0030261770591008 0.021443828531718)
(0.0023608669348277 0.0031495370297309 0.022287807017656)
(0.0021776279269764 0.0002207528070609 0.023085445378419)
(0.0014309440830314 8.4350065381036e-06 0.022643089960621)
(0.0020935982151833 0.0011063833703913 0.022727513734627)
(0.0023345444286423 0.0014943182322183 0.023477071072761)
(0.0020619024842756 0.00072302803502898 0.023776831910722)
(-0.0004351551437527 0.00024391263767143 0.020266847610936)
(0.00046841663527176 0.00050329548500903 0.020262432134106)
(0.00018864129953466 0.0011505236506129 0.02011872210399)
(-0.0004323422468894 -0.00061486873975959 0.021946086127504)
(0.00014263197643384 -0.0004560819239921 0.022439856613151)
(-0.00043479418052168 -0.0010711205181745 0.022619882339159)
(-0.00032519593325353 -0.0012550025568447 0.031333036267227)
(0.00031921156474992 -0.00099829161042917 0.031407576590325)
(-0.00027925640019645 -0.001969067628761 0.031498588959064)
(0.00011687970635741 -0.0019844072745982 0.021530680973092)
(0.00088455748189718 -0.0020317001645692 0.021157420391483)
(0.00024073795962176 -0.0020606266763768 0.022376628160378)
(0.00097900441603101 0.0019312014050405 0.020333833610681)
(0.00026160626946239 0.0018607340232588 0.020346867473444)
(0.00042581751921144 0.0021475521523786 0.020867202322921)
(0.00093567330586204 0.0027296639929457 0.020256381822968)
(0.00095372830180357 0.0026952969760258 0.021131659493835)
(0.00073893301610296 -0.0031873098348369 0.021689492664843)
(0.00039248549128079 -0.0039765510759342 0.02188727512221)
(0.00021976751061447 -0.0032249911380513 0.021014393238074)
(0.00053082855389254 -0.0026024149637653 0.021372527021142)
(0.00066784477153191 -0.0026198049784507 0.022164829870521)
(0.00087484655773678 -0.0040666412338547 0.021092450742802)
(0.00048495573553797 -0.0035158155537737 0.022763996548467)
(0.0013611207745673 -0.0031396846641294 0.022405950958772)
(0.00082854045046093 -0.0023248389600454 0.022925737520774)
(0.00083727761709114 -0.00190164048749 0.021936669465412)
(0.00081289282912953 -0.001238211981239 0.022518624103365)
(0.00072557233191466 7.548906606838e-05 0.022686517515217)
(0.00065070074810803 6.4280731459916e-05 0.023409652038633)
(0.00087485175151986 -0.000457067044057 0.022308107339024)
(0.00098727476042131 -0.00062442054829419 0.024289230948514)
(0.00026820194437167 -0.00052883207386454 0.024157183829488)
(0.00038017597018108 -0.0014085847603511 0.024373582623667)
(0.00070404192564244 0.00011391592981352 0.024067362279869)
(0.00099330929631736 0.00074530233059761 0.023953542073156)
(0.00064869203765646 0.00024606461261163 0.024736161370161)
(0.0006176261591106 -0.00050371818056564 0.025285559624209)
(0.0015731703222944 -0.00044557245060302 0.024879489332352)
(0.00068379445306098 -0.0011890764557184 0.024908412073623)
(0.0016554289922801 -0.0013236948676141 0.033894661494319)
(0.0022443686101346 -0.0019749667313749 0.034022207022284)
(0.0021081603365523 -0.0011042122953256 0.033243227067031)
(0.0009100586986053 -0.0012607026993051 0.034318897251721)
(0.00024672140312974 -0.0011750283521267 0.034008485304734)
(0.00070341279017458 -0.00069330490124315 0.034081692182123)
(0.0013751792071544 -0.0006270898284553 0.033980108755317)
(0.0015021510788334 7.9747276732315e-05 0.033895320878574)
(0.0015573922687169 -0.00070195497830239 0.033259965668923)
(0.0015576325467089 -0.0021346758205397 0.033823458317702)
(0.0015223883304814 -0.002016714651963 0.034541493799624)
(0.001574996148628 -0.0011083829124746 0.03480375501426)
(0.0014240442912294 -0.001638453106645 0.035384340132586)
(0.0015586663004424 -0.0013559138115799 0.033278121607592)
(0.0015250959856466 -0.0013010961743754 0.032607205793799)
(0.002210616370345 -0.0011453456529416 0.036370495882474)
(0.0022904915147471 -0.0019144406354999 0.036649014448463)
(0.0021627050498043 -0.0013225758517279 0.03556148838654)
(0.00097990268103503 -0.0011245198379277 0.036357056630396)
(0.00033935094703852 -0.0010760202724774 0.036724641691907)
(0.00079496251635094 -0.00064562661268201 0.036772737469568)
(0.00071998575450128 -0.0019850491071556 0.036460139705388)
(0.00097327166390221 -0.0013524568913495 0.037024337208647)
(0.00067195105704893 -0.0013358870798037 0.03584142410252)
(0.0014499649455421 -0.00067547187212173 0.036469083717562)
(0.0016372579067172 4.1446364351865e-05 0.036514597396733)
(0.0014050137924409 -0.00059880236390376 0.037156597206086)
(0.0015150481813823 -0.00087904580760329 0.035716158635409)
(0.0016169976467935 -0.0022206310198536 0.036474979569995)
(0.0014972234373585 -0.0019069283403679 0.037051818377126)
(0.0013583704889816 -0.0020748755832138 0.035966168321975)
(0.0017322515531659 -0.00127522398983 0.036911604434401)
(0.00013923260843599 0.00045238770913548 0.022748069484311)
(0.00030258307580008 0.0012936779710168 0.02274013119836)
(0.00019452528942896 0.00054273825563177 0.023574210605047)
(-0.00050279007969678 0.00074162145916586 0.022305164944193)
(0.00028973709808693 0.0013952779760508 0.03397736597118)
(0.0011181576711518 0.001956691801188 0.022804555608419)
(0.0015848797926427 0.0029427501997067 0.02298196306061)
(0.0016867611691558 0.0020303361902827 0.023475259147817)
(0.00016615206550572 0.0021657641488694 0.022949436551672)
(0.00038332767716104 0.0019049279792821 0.022330031200832)
(0.00049601458142614 0.0030316049428804 0.022698871800992)
(0.00059599785460753 0.0016902512441087 0.02377363869578)
(0.0020474617800871 0.001778247962263 0.025262757795731)
(0.0023469378484947 0.0009862753528767 0.025642882391181)
(0.0015709174176665 0.0005607818637834 0.025208438363585)
(0.0022573324076929 0.00012850889674305 0.025534713570228)
(0.0020103310213005 0.00058752094591016 0.026273480443346)
(-0.000449943387853 -0.0018515594469544 0.024190244477249)
(3.4489010642288e-05 -0.0019442963255398 0.024882733538618)
(0.0017102233467835 -0.0025137857372533 0.024343528289778)
(0.00055238865876645 -0.003193846306278 0.023961445888978)
(0.00086051397203312 -0.0025454235852064 0.024995402517244)
(0.0015287925380232 -0.0020094342831543 0.025065085007428)
(0.0020037460817205 -0.001744497137518 0.025674382389414)
(0.0021619922332306 -0.00087594005547236 0.025485979511243)
(0.0018752327945252 -0.0026272912799471 0.025402951218603)
(0.0021996255889505 -0.0021650424715011 0.026294213357166)
(0.0021526335696404 -0.0018586355867896 0.02505812461948)
(0.0022507317281709 -0.00062674720551198 0.026924920443476)
(0.0014840691159393 -0.00068313772269955 0.026834091970644)
(0.0019004628999596 8.3055578629261e-06 0.026764262168782)
(0.0021657821257331 7.8723457543846e-05 0.027495160484021)
(0.0022237796171675 -0.00036152040271303 0.026216378753289)
(0.0007813569357385 0.00085966344635668 0.026714043556252)
(0.0015021827995764 0.00061083145874392 0.026910085771643)
(0.0015712884541991 0.00070004188727452 0.027630784072497)
(0.0001766522644088 0.00079767182786756 0.026869273057573)
(0.00025693166491123 -3.3909204008596e-05 0.026771960605151)
(0.00037540626541979 0.0005358267415822 0.026118432546466)
(0.00066764570307734 0.0016114823552165 0.026732710558905)
(0.00072966694275104 0.0013183569648223 0.02739087190074)
(0.0010030499322582 3.9216627659338e-05 0.02681245174005)
(0.00075007493069808 0.00060713387701357 0.027440590097638)
(0.001584408483238 0.0020308993706753 0.026249569782993)
(0.0018607004970769 0.0029435091435724 0.026501566553122)
(0.0022837598978808 0.0029340308988221 0.027481718854618)
(0.0018913924835351 0.0017013365729905 0.027729837118805)
(0.0021891535379182 0.00087267883681025 0.027960256217474)
(0.0020698211958394 0.0001269976201444 0.028193462341218)
(0.0021445138296703 0.00058965020062789 0.028807226782628)
(-0.00049041761011405 0.0007250236614245 0.025670405080151)
(0.00043456185202692 0.00071789718018977 0.025404994805502)
(0.00048723763831562 0.0014394576298993 0.025350135601924)
(-0.00038142694182831 0.00062617979511514 0.024782026699652)
(-0.00029184859322284 -0.00077679380754588 0.027080070793981)
(0.00019760782830174 -0.00064372120695012 0.027649390026444)
(-0.0002589152708423 -0.0014275382869717 0.036513358259128)
(0.00098656158716521 0.0020082493542263 0.025443607318164)
(-7.6434308048483e-05 0.0023199735317256 0.025433789521097)
(0.00031491629825659 0.0018958805350139 0.024739939529297)
(0.0005858191608281 0.0029817269018344 0.025234196315733)
(0.0007396608601988 0.0024397847488305 0.026186175423373)
(0.0020136665011288 -0.0032949809263256 0.026616707735816)
(0.0016041326288087 -0.0025071794100254 0.027037278508194)
(0.00026202708101003 -0.0032837053133089 0.026351585993234)
(0.00069288813424783 -0.0025087946968453 0.026692089765315)
(0.00067033496482503 -0.0021808659243432 0.027818405671329)
(0.00082987683891127 -0.0039698801472666 0.027069373502235)
(0.00070583501345233 -0.0041427705216743 0.02619134996604)
(0.00084277613872249 -0.0035158913104939 0.028155858686709)
(0.00068510450018715 -0.00072427488227772 0.028335433230113)
(0.00020845601537667 -0.001321925726188 0.0281191447859)
(0.00070441970755171 4.9454427303256e-05 0.027981481588823)
(0.00084442514498961 -0.0013173735486945 0.02772786930175)
(0.0010150329732547 -0.00061151520118846 0.027469773486041)
(0.0014026388824151 -0.0026451331456284 0.028010124717091)
(0.001623596925282 -0.0018579116587299 0.027611122183397)
(0.0022517609450999 -0.0025397031064879 0.0279484436185)
(0.0021706333170654 -0.0011456003036002 0.029430799196308)
(-0.00035540857899753 0.00093881150199333 0.028230470696645)
(0.00036294422354496 0.00074804028078981 0.028010528506113)
(0.00015877268721174 0.0014045624061745 0.028242433504094)
(0.00012929520766972 0.00066764756023112 0.028696215574606)
(-0.00049179195435924 0.0016431403921698 0.02808777395507)
(-0.00034090163998083 0.00024593092520038 0.028106318064316)
(-0.00026944154637346 0.00099649966191997 0.027484310779039)
(0.00038067725084698 0.0013524939203696 0.039153072823862)
(0.00028117542157529 -0.0018152521186735 0.029024890898808)
(-0.00035362133084071 -0.00061265841692764 0.029534161581772)
(0.00027735058171292 -0.00056156850962268 0.030090922569623)
(-0.00027310418117757 4.445936278757e-05 0.030353048756345)
(0.0010398948794784 0.0021592403076949 0.02795785743427)
(0.0015634840144239 0.0027722253125214 0.027979926728354)
(0.0015674833568446 0.0020277316968179 0.028600499505925)
(0.00036548726269761 0.0021034279659842 0.028183578981682)
(0.00050928838093677 0.0030020159478198 0.02778752960207)
(0.00089879922285982 0.0013889482775585 0.028237678554133)
(0.00067063986107629 0.0020565944693044 0.028811975675812)
(0.00085844437932122 0.00060140682011527 0.028935888794616)
(0.0015547271965789 0.00052058901693832 0.029283050699707)
(0.0014334267798807 0.0013295263268784 0.029216747333834)
(0.0017672930259589 0.00064323731453448 0.02997949543571)
(0.00064014570734331 0.0013715722804109 0.02918088612069)
(0.00066968208347764 0.0012964524980353 0.030004740324387)
(0.00088661523419696 -7.1705778745977e-05 0.029450236442377)
(0.0010714084965759 -0.0019046952557125 0.029217735422274)
(0.00017851999545067 -0.0025831342688433 0.02942615185612)
(0.00084958793266181 -0.0025472300341962 0.028709315133413)
(0.00078193111567696 -0.0020187152473144 0.029966023032081)
(0.0016158346618267 -0.0018415207988196 0.029881117371547)
(0.00089454866392014 -0.0012896867160213 0.029834681561516)
(0.0016250813534797 -0.00019287951480049 0.030467684591363)
(0.0016898922752883 -0.00065692033010949 0.031257483285976)
(0.00028455436383037 -0.0012613972340302 0.030614019427749)
(0.00074450829870238 0.0001247250200993 0.030468290852354)
(0.00060997587691695 -9.5093187680886e-05 0.031297140700996)
(0.0009807495059705 -0.00057702581015303 0.031603956115023)
(0.00097856757410314 -0.00066111545598644 0.030155995092259)
(0.0020425115808543 0.0019423814377566 0.02918929781898)
(0.0020082855143387 0.0030898835685333 0.02916204792646)
(0.002329333529547 0.0020180581448267 0.030005311421294)
(0.0022466837368152 0.00041015926853428 0.030609989516848)
(0.0015641641265153 0.00067445213701915 0.030721458314556)
(0.0019161322695054 0.0013521355247684 0.041492694447213)
(0.0020389987284195 0.00051495259468713 0.041537288223211)
(0.0021767604923925 0.0016660230625344 0.040732121157018)
(0.0010606075713071 0.0011920715316943 0.041825549689978)
(0.0003068910917106 0.001376019752795 0.041760020627701)
(0.00070378924099542 0.001993938230422 0.041754257599847)
(0.00083107223199588 0.001436119636926 0.042401901499832)
(0.0014396964889867 0.0019875293801372 0.041733519326172)
(0.001719620504449 0.003057334042831 0.041612045176478)
(0.0015699816534395 3.4545342001805e-05 0.041691411554304)
(0.0015198449082489 0.00059586771976836 0.042003377033372)
(0.0016818313103029 0.0013829109539804 0.042282153798567)
(0.0015441325728798 0.0014565620734785 0.042966859257222)
(0.0015853003875744 0.0012246434491863 0.040893644509631)
(0.0014941522493292 0.0015334738646656 0.040249752362223)
(0.0022783490499292 -0.0019349731450134 0.030544007950436)
(0.0014493673883262 -0.0018770432633085 0.030694244739109)
(0.0015311101414002 -0.0025738866377505 0.030553069368147)
(0.0022458624187957 -0.0013381169940781 0.03117872992658)
(0.0022746022626293 -0.0026468892721524 0.030697005400024)
(0.0021667883361015 -0.0025275334175519 0.029963542710858)
(0.0019872185269489 -0.0022717560745699 0.03150133551399)
(0.0015806728393595 -0.0014025534654535 0.031690603535997)
(0.0022162154484298 7.611713343242e-05 0.031888272660532)
(0.0020751799586426 7.2374867411233e-05 0.032645124121866)
(0.0021531136208615 -0.00066545312910802 0.032812262082915)
(-0.00039889095825029 0.00080895622461134 0.030767544490899)
(0.00022707183617895 0.00076510590709907 0.030415380912652)
(0.00034186822001332 0.0016160026019019 0.030798037847708)
(0.00015824023344784 0.00033363587411999 0.03123018920019)
(-0.00036984609855678 0.001430100944321 0.030350896762425)
(-0.00048900297197792 0.0014072510157306 0.031316542857479)
(0.0010824489163199 0.001958885097448 0.030743777657096)
(0.00015594053318157 0.0020918102474371 0.030130897700866)
(0.00075623103845655 0.0026439982241919 0.030509207110947)
(0.0016632650265044 0.0026103072657906 0.030665582796871)
(0.00091300729513654 0.0024440254693509 0.031348200219928)
(0.00092700298798396 0.0011197786632804 0.030662517452239)
(0.00098340111175651 0.0019234649298564 0.03009980567428)
(0.00084342048592909 0.00021242981990571 0.031939335674276)
(0.00017425426711293 0.00070409326059237 0.031869666037939)
(0.00045831142087897 0.00077182150525723 0.032597177621484)
(0.00032245459779405 0.0017968763647289 0.032546029277559)
(0.0020706253560847 0.0019729757487008 0.03235886796672)
(0.0013970550856005 0.001913675016501 0.031787717661072)
(0.0022069142121287 0.0019024408663817 0.031402143549121)
(0.0020357114497623 0.0007632489317169 0.033257536438763)
(0.0013249652043722 0.00059267526921491 0.033169023621028)
(0.0013973167788168 -9.4719035987122e-05 0.033013568587782)
(0.0020497796150097 0.0013800493563303 0.032978658120872)
(0.0021105299258508 1.0040850819592e-05 0.033269789488272)
(0.0020723117140307 0.00064663853763828 0.033907826610857)
(0.0020052202784527 0.00069555990957021 0.032511159366604)
(0.00020927138864964 -0.0011178371102367 0.03922779074165)
(-0.00035675993520885 -0.0010776888328208 0.043540283821946)
(0.00017707134384128 -0.0012339690406081 0.04418544218317)
(-0.00042144781189702 -0.0019416720076464 0.044190267882144)
(0.00036746506200304 -0.0021429181458332 0.030556519296992)
(0.00030276321523437 -0.0019066647486978 0.031352590863164)
(-0.00053220727126984 -0.0027343617148164 0.030089457887609)
(-0.00030163067417585 -0.0019060608490957 0.029970519291765)
(0.00031966035488724 -0.00072960452757088 0.032752511815505)
(-0.00044286651329221 0.00021247880217294 0.031930714100438)
(-0.00029462615753832 5.218371396879e-05 0.032634381778147)
(0.0010300202965518 -0.003376053258608 0.030816188969127)
(0.0018327379464863 -0.0031745497332624 0.030419979749715)
(0.00018652986336255 -0.0033857647309295 0.030908893521199)
(0.00080193497013427 -0.0026871800425554 0.030622339349208)
(0.00057891022062248 -0.0027020963009377 0.031358161596601)
(0.00067771503196765 -0.0041496290209155 0.030793887623044)
(0.00066615954451263 -0.0042081715725573 0.029842143226464)
(0.0005639450457371 -0.003610445689377 0.031708030833772)
(0.0011223178370087 -0.0034296063662607 0.030053228308078)
(0.0016089998869984 -0.0021113074952248 0.032509955006278)
(0.00015240285679233 -0.0017866129989079 0.031977365114521)
(0.00079557111588823 -0.0012437079190833 0.031972561116557)
(0.00066198864168906 -0.0017015381617204 0.032680975095381)
(0.0010212419049617 -0.0020176631826107 0.031260634651061)
(0.00011482303669276 -0.0007529132463932 0.03348404571135)
(6.6335985353342e-05 -0.0013816286828117 0.033161459768283)
(0.00056990127731754 -2.1850458127662e-05 0.032907669303985)
(0.00056376727203893 -1.7847630798502e-05 0.033790174707571)
(0.00082812761119447 -0.0012290743928814 0.033405238499785)
(0.00095837380936768 -0.00059750399087804 0.032578952047293)
(0.0014136969308905 -0.001478487646082 0.041730116175134)
(0.0022016425187803 -0.0022375993694659 0.041732414932606)
(0.0021565231811699 -0.0012632530742973 0.040818422017983)
(0.00086212914974735 -0.0013339330805899 0.041316999051796)
(0.0001823475398807 -0.00081287901138624 0.042046658215147)
(0.00078199693636578 -0.00067115064888768 0.041688387818577)
(0.0010079312406588 -0.0010189100379748 0.042256808951734)
(0.001532759689115 -0.00068761179162717 0.041633844302358)
(0.0014907376263137 -0.00067822946632434 0.040856011294699)
(0.0015869798587429 -0.0027071336772348 0.041644851500344)
(0.0017685926151998 -0.0020358811645264 0.042128541732797)
(0.001672455165922 -0.0014065658086556 0.042271857221243)
(0.0016280170786166 -0.0012353539599567 0.042950400308362)
(0.0015900915821813 -0.001440028593799 0.041125542807076)
(0.0014987446954739 -0.0012318375326667 0.040447543816702)
(0.0018723018298214 -0.0012162231141555 0.046728962748223)
(0.0022119613683179 -0.0019797032069603 0.046988061173288)
(0.0022238392361677 -0.0011240771319426 0.04612388589947)
(0.0010413578406094 -0.0012028031407199 0.04672136085035)
(0.00023846872052985 -0.0012321369631986 0.046950415924041)
(0.00077454322558752 -0.00066226937410159 0.046982625821802)
(0.00075237707839476 -0.0010297519029444 0.047497674509508)
(0.0013865821093289 -0.00047627731199651 0.046794374587193)
(0.0014727133138203 0.0001481148293448 0.046981074227864)
(0.0016157111646183 -0.00069753076387895 0.046053933203732)
(0.0014302867812443 -0.0017253259534467 0.046802270161069)
(0.0013804925112193 -0.0024714593332804 0.04677677282721)
(0.0016981644967976 -0.0018327509877761 0.04742783084238)
(0.0015033533371158 -0.0010638410631809 0.04735444761659)
(0.0017473395389086 -0.0014014896252443 0.045430602320998)
(0.002154674576882 -0.0017830864090894 0.033261893290852)
(0.0013837326918228 -0.0020547989124058 0.033216010342094)
(0.0014315732361918 -0.0027783184650148 0.032961395509863)
(0.0022004128480432 -0.0025322544228512 0.033221414330864)
(0.0021846521947791 -0.002668177948867 0.032353688028469)
(0.0021130465655232 0.00020146527420936 0.034558781238508)
(0.0022536880719196 0.00019621348630844 0.035314108494915)
(0.0022429182056635 -0.00056563148627087 0.035176611679271)
(0.00018626590926424 0.00055115079726664 0.033235211249343)
(6.2376412390575e-05 0.0013163867033644 0.033273399810638)
(-0.0003141312321184 -0.00018079153199705 0.033366215108149)
(-0.00051486451462253 0.00080803777598251 0.032670456078877)
(-0.00023518061484161 0.00056092962999455 0.041605574060206)
(0.00023837921322721 0.0013833785620789 0.046878153907655)
(-0.00024829804411438 0.0013723470056159 0.045974236844223)
(0.00016395633598826 -0.0022193499776766 0.033130967552247)
(0.00021165875833552 -0.001958248743863 0.033878871526077)
(-0.00036742960712849 -0.0013502020134897 0.033885218999267)
(-0.00029008034486184 -0.0019431165925074 0.032672692115225)
(-0.00035796898161256 -0.00050597651230432 0.034712351024058)
(0.00030049978828668 -0.00071296590754753 0.034599749177588)
(0.00021091512403927 9.7907380183006e-05 0.034701458143042)
(0.0014575900215186 0.0020631043244891 0.033301737460006)
(0.0015163158951353 0.0029896525552696 0.033029105253601)
(0.0019215860867828 0.0022219581249211 0.03418603229176)
(0.00067070091973829 0.0024906509544269 0.032916108787174)
(0.00079977047432799 0.0014540815145013 0.033216675965392)
(0.00094035192999918 0.001960176067036 0.034063391905135)
(0.00073524501952208 0.00064975806085297 0.034586247403682)
(0.0014100735076005 0.00066096493564085 0.034461037985428)
(0.001608295614233 0.0014707720014659 0.034548126820933)
(0.00090331746439779 0.001269043748056 0.034527867637516)
(0.00087062358948718 0.0015389032831441 0.035182780208342)
(0.00089570253080746 1.8884445764665e-05 0.03448049342601)
(0.00087119284248179 0.00064809435342906 0.035177348673422)
(0.00067496731596991 0.00071534381862695 0.033938454880575)
(0.00080062824328692 -0.0033497088376135 0.033206370796802)
(0.00011080610034054 -0.0041256315345328 0.033085906255577)
(0.00018619307364026 -0.0032818066364981 0.032654389076962)
(0.00078632331481355 -0.0025353463589601 0.032835426155027)
(0.00078004094966701 -0.0026565798475596 0.033671423392458)
(0.00099708679690667 -0.0041739898412336 0.033458972565798)
(0.00097921683042839 -0.0034379941269314 0.033990009435716)
(0.00092267791990748 -0.0032682398341187 0.032486618945214)
(0.00081174087899685 -0.0018644144937827 0.034447506891426)
(0.00019499428787446 -0.0017402986128688 0.034555120130157)
(0.0008242995095691 -0.0025212623088191 0.034373967176959)
(0.00076796728520383 -0.002163668568056 0.035001471307648)
(0.0015271708629118 -0.0024009084590812 0.035456161076372)
(0.00061203253225147 -0.0013859967205198 0.035069931246474)
(0.00073232862499293 -0.0022745438704851 0.035696669976921)
(0.00081902264095319 -0.0006206223002362 0.036000322608437)
(0.00069444975025463 6.1052052858335e-07 0.035557430780418)
(0.0015001293013227 -5.4801588311373e-05 0.035730200034788)
(0.00086729550578073 -0.00068997432383256 0.035146797256549)
(0.001955534982859 0.0019468511969337 0.035387614524535)
(0.0022162563440964 0.00073625440567573 0.035834110326352)
(0.0021299616564157 0.00071764478198409 0.03661533937648)
(0.0021105873743423 -0.0019256610597887 0.035922456692712)
(0.0021991478357747 -0.0025931199196313 0.03601340792629)
(0.0021906115168778 -0.0023254854180986 0.03519230170642)
(0.00010207194786071 0.00051449629332087 0.035608319432842)
(0.00023480884520493 0.0013202537311563 0.035524970174695)
(0.00024058743916815 0.00039861422044661 0.036353557541299)
(0.0010443919873902 0.0023062971561138 0.035830271961926)
(0.0017389593039749 0.0022037379088 0.03635491619398)
(0.00041117723324531 0.0019221644287638 0.035762400556129)
(-0.00044079994188814 0.0019542673950124 0.035901200005296)
(0.00017607015548002 0.0026726597558513 0.035583347792987)
(-6.0481020278854e-05 0.0018831274230461 0.035128498883261)
(0.0010776693920379 0.002956039251143 0.036563423318625)
(0.00091427216808049 0.0014114942048531 0.035845674224906)
(0.00086700129639894 0.0019733214845832 0.036625081928445)
(0.0010715715307313 0.0008019091663915 0.037241656278322)
(0.0016352979938687 0.0006378117642944 0.03706701506427)
(0.0015702156709267 0.0014660852786073 0.037065951480182)
(0.0019618727889757 5.7698693923379e-05 0.037134922948198)
(0.0003215595414995 0.0005304024698007 0.037195232910267)
(0.00069198349166259 0.0013706830229019 0.037018868169189)
(0.00084827810948481 0.0013873370986018 0.037717271462073)
(0.00095085803641922 1.9952580740975e-05 0.036943160585607)
(0.00076563872859453 -0.00089322867717968 0.037637832923747)
(0.00081273689002113 0.00070822708598551 0.03790097950352)
(0.0016199308811245 0.0022299338704037 0.037064916182846)
(0.002166476148364 0.0029704637233671 0.037408896726563)
(0.0024006094862671 0.0012726171992175 0.03710667391624)
(0.0021772281932146 0.0018227975432372 0.037755375509174)
(0.0021856615309232 0.0010384467682296 0.038319630760512)
(0.0014311987540756 0.00093968338772335 0.038453272000919)
(0.0020063484716211 0.00020944622870227 0.038294182595257)
(0.00216472012607 0.001370397817431 0.039023782640068)
(0.001946545011367 0.00056581618040554 0.039013938282588)
(0.00078360045338871 -0.0020254041160364 0.037060200521589)
(0.00012876217955679 -0.0018802407064189 0.037151984989202)
(0.00025487494902968 -0.0025600341461957 0.037072075699247)
(0.0010927326628962 -0.0025879849807328 0.037023892937006)
(0.00082293202067968 -0.0020113894744524 0.037648497259539)
(0.001638579004708 -0.0023038289155165 0.037697458891622)
(0.0022571202398629 -0.0035648859435045 0.037334977016814)
(0.0014936734126365 -0.0032685644467565 0.037063797027119)
(0.0020887322390407 -0.0026597140600259 0.036901494922972)
(0.0022626165746508 -0.0027684275506582 0.037647501166749)
(0.0019752702497384 -0.0034840868247986 0.038164038390945)
(0.0022477003781663 -0.003439843525238 0.036419872807051)
(0.0023249124538732 -0.0019398302382643 0.038124051979244)
(0.0015002437678263 -0.0019881866599407 0.038353053325115)
(0.0016007490178033 -0.002762338558922 0.038411621177156)
(0.0021071655615904 -0.0011677150002643 0.038155656689201)
(0.0021580432579458 -0.00096610224209173 0.038956999043273)
(0.0023188924901143 -0.0026033109076305 0.038392801962269)
(0.0019258016853932 -0.0020359789000758 0.038973530923992)
(0.00095845165611548 -0.00046765815994232 0.038365861510985)
(0.0017270559670502 -0.00045099145782899 0.038418433417765)
(0.0017868556328105 -0.00038572994837635 0.037710286752438)
(0.00028308510711407 -0.00060817140797299 0.038126185765211)
(-0.00051163676936011 -0.00032186077742786 0.038355969801487)
(0.00027058418399428 0.00025608349438425 0.038241826783515)
(0.00011446918799667 -0.0013042321033647 0.038434167595458)
(0.00012239363988241 -0.0005248405695746 0.03888866985147)
(0.0011942119565125 0.00028591447314278 0.038409332071149)
(0.00083548083848429 0.00040577519368749 0.039041215998143)
(0.00086009113599086 -0.00058314422696246 0.0393096698812)
(0.0021892881586731 -0.00058397406049368 0.039634504046878)
(0.0015481741062775 -0.00046750358619919 0.039723656044555)
(0.0014760165004941 -0.0012605517104738 0.03963561088587)
(0.0017075916266571 0.00021750602743628 0.039696610767211)
(0.0019769322748794 -0.00081605600462016 0.040268469065972)
(0.0008870130214331 0.00074540801340817 0.039701169704504)
(0.0016069871126745 0.0010554154359171 0.039591385542949)
(0.0013776369684972 0.00062148776790284 0.040351824352083)
(0.00018321958596893 0.00079170328940807 0.039660788018873)
(0.00024369180306503 3.1416602669675e-05 0.039627174572107)
(0.0008843379223383 0.0014948003407659 0.039698561786696)
(0.0007423559569418 0.0011765601764915 0.04028443772965)
(0.00091724718758527 6.4197356646497e-06 0.039815248714629)
(0.00046707990229611 0.00055442733020897 0.040378135144678)
(0.0021029516233765 0.0030613601926676 0.039348055007154)
(0.0022142501309991 0.0032084983885313 0.040242080811458)
(0.0018960071854674 0.0023394895660766 0.040440275121688)
(0.0021654184069916 0.00074150735809055 0.040807506415385)
(0.0016760891688802 3.1075719955533e-05 0.040941740778442)
(0.00083678878556761 0.0021216730924995 0.038273064115341)
(0.0014850361837607 0.0016681045327691 0.038321579667498)
(0.00015023988460258 0.0019313667849614 0.038107903817976)
(0.00027638397149779 0.0031086845775696 0.03815389192125)
(0.00065027914798767 0.0011572573204252 0.038445662819353)
(0.0008442532373629 0.0019090360935805 0.038980133628602)
(0.00023059473963171 -0.0019338827197101 0.038216985581837)
(0.00022736103309305 -0.0019538894928047 0.039147440126847)
(-0.00048517177473335 -0.0025746759091187 0.038751267109954)
(0.00098322205416475 -0.0031126776315314 0.038489718640755)
(0.00078506924415514 -0.0039479072939543 0.038299672266742)
(0.00043411979940892 -0.0031432356815283 0.037607593931537)
(0.00081688678919133 -0.0024202859469997 0.038331374927306)
(0.00075280083569392 -0.0033259705928577 0.039176575920376)
(0.00082307082984822 -0.002069771692443 0.039915741500431)
(0.0015196443240019 -0.002226295255084 0.039667450635356)
(0.0013987114107159 -0.0019765233858605 0.040484454266034)
(-2.9525730073579e-05 -0.0019148048991717 0.040152223925518)
(0.00067775016964422 -0.0013205939226847 0.039620443053465)
(0.00042504542367112 -0.0020794405069132 0.040845463523147)
(0.0010539951946592 -0.0018787389939474 0.039138097908057)
(-0.00034548575188042 -0.00048041732811477 0.039656139016285)
(0.00040024383257176 -0.00067003091880274 0.039765126661338)
(-0.00033770699299061 8.409950184189e-05 0.040270505048026)
(-0.00046028320284191 -0.00062405356626759 0.04054589270585)
(0.00083031537680719 -0.0006389776915592 0.040962872466644)
(0.00014877670771431 -0.00049172113354853 0.041113525022847)
(0.00088801640621278 -1.1687719555547e-05 0.040745643563883)
(0.00067014455752787 2.723780191577e-05 0.041633293938675)
(0.0018922853271945 -0.0035313033144118 0.039780489753283)
(0.0021397050921983 -0.0026017988284941 0.039573966252654)
(0.0019536093646685 -0.0026013628152094 0.04021290951103)
(0.0021179196069283 -0.00230634844642 0.040978409975721)
(0.0015334316088741 -0.0026855934478817 0.040729839281301)
(0.0022605647604885 1.4219219686291e-05 0.04214254974111)
(0.0024522735626887 -7.7640918717907e-05 0.042970489177908)
(0.0020954322795933 -0.00072303272107619 0.043378305761959)
(0.00022405171200226 0.0003463454974033 0.041002854534415)
(-0.00057099919371719 0.00084197431091586 0.04034850873066)
(-0.00026905247246649 -0.0017929545818569 0.04100989978848)
(0.00011582461285924 -0.0017191377749764 0.041875268624542)
(-0.00037173164183699 -0.0024526086238493 0.041232773963518)
(-0.00029851492571514 -0.0026291429551895 0.040469089977514)
(0.00036556628969019 -0.00050269853442234 0.042855931914773)
(-0.00042672569016918 0.00012729789158438 0.042953182550521)
(-0.00039729507752063 -0.0006255506390083 0.04292085126759)
(0.00034835355220512 0.0021875465745307 0.041055628522295)
(0.00051983172023612 0.0019561690351491 0.040345503223002)
(0.001123680474799 0.0031141030908497 0.040631239670951)
(0.00072993213864315 0.0028939464092646 0.041673020026681)
(0.00089301086403643 0.0013029031748399 0.041059913060457)
(0.00093371946645561 0.00063560731237021 0.042215645413182)
(0.00027268334798073 0.00076300826140107 0.042265720042124)
(0.00091468788435204 -0.00012420479097903 0.042333345759932)
(0.00077546874618739 0.00058398519051942 0.0427614620065)
(0.0014818723448786 0.00051595435891215 0.042773808885918)
(0.00076707928040858 0.001235861116623 0.043028371680725)
(0.00062154323651574 0.00075103339324986 0.041573300649495)
(0.000827947290213 -0.0035218351564558 0.041022838140405)
(0.0016476311901179 -0.0034597053505519 0.041005705983236)
(0.00031454883031471 -0.0041257580475998 0.041172092668663)
(0.0002921613144394 -0.0034403589375335 0.040450055975673)
(0.00084170104594074 -0.0027458018232518 0.040799668946406)
(0.000580682041595 -0.0024370430750911 0.041695502444468)
(0.0011492561061699 -0.0041055544982728 0.041251929990033)
(0.00094785859090363 -0.0040724097889134 0.04035054860389)
(0.00058567877372976 -0.0034323645848512 0.041896496126836)
(0.0010118989092105 -0.0018846979291023 0.042124428681078)
(0.00050654569406243 -0.0021611810648474 0.042790178974428)
(0.0013855809299499 -0.0020348616738876 0.042852755961734)
(0.00068139134288965 -0.0013830867122787 0.042831677512831)
(0.0010617705877846 -0.00062031408996636 0.043253162089027)
(0.0016318886236506 0.00011325537834593 0.04348394411659)
(0.00021121515944487 -0.00033332523846537 0.043545238124642)
(0.00037121567786803 -0.0010278325904829 0.043403207493974)
(0.00091362385267873 7.692240253713e-05 0.043108552445193)
(0.00078769530428688 8.9344454823586e-05 0.043904086328573)
(0.00079198232041776 -0.00058534943392128 0.044233353456671)
(0.002485803505567 0.0030368275867226 0.0422872677674)
(0.0021699366706952 0.0033613180010158 0.043039712848877)
(0.0023677062892007 0.0021515142384943 0.042837639961234)
(0.002140719465796 0.000698726274889 0.043657766084006)
(0.0022975824869918 0.0014554775729276 0.043374649189045)
(0.0020658705700662 0.00037648177423824 0.044241379421382)
(0.002201861344215 0.00066635203560376 0.042891814761202)
(0.0017733697293685 -0.0018494650743242 0.043589202441695)
(0.001668386203897 -0.002640855931809 0.043481155859993)
(0.0022860916067318 -0.0012255898466287 0.044120561843638)
(0.0018549507619747 -0.0020822692087641 0.044555373248591)
(0.0022596428024037 -0.0020017792324414 0.042963187032076)
(0.0019460855219976 -7.0182826718578e-05 0.044859607352573)
(0.0023260361314435 1.6856876102857e-05 0.045493877106366)
(0.0022221003869909 -0.00081155599421848 0.045471508795464)
(0.00067846019620712 0.00094035497144645 0.044873253018495)
(0.0013145393786556 0.00041041608064973 0.044579858679366)
(0.0015539230902286 0.00072430654894647 0.045376358542182)
(0.00037321576049105 0.00017270419042289 0.044764529070266)
(0.00038158184800473 0.001747934189533 0.044531284978837)
(0.00084026443160814 0.0014486722928563 0.045423440423098)
(0.00069401062105472 0.00056971358439498 0.045561718546278)
(0.00074724213613612 0.00078918278550984 0.044174863616747)
(0.0014001348245024 0.0021908215774254 0.044309377579988)
(0.0019854115941714 0.003045385579677 0.044920371824217)
(0.0022999965880489 0.0021684595385042 0.044314393395183)
(0.0022038654020208 0.00080192492495062 0.04599516204112)
(0.0014298743885256 0.0010138062243516 0.04612205867815)
(0.00148790585975 0.0001335161626281 0.046180443224139)
(0.0017637616464853 0.0017313514770961 0.045845451930264)
(0.0019947334682349 0.00053548119152031 0.046715806187806)
(0.00026960138318223 0.00051227649210504 0.043252075335089)
(0.00019489343412573 0.0012356591840286 0.043562408318993)
(-0.00040834063394348 0.0014751714596914 0.043379046303208)
(-0.00045195005089256 0.0013790125528399 0.044159026858208)
(-0.0004254947917776 -4.3988328559688e-05 0.043631769973208)
(-0.00039181175263461 0.00080774576415148 0.042895104733945)
(0.00021238501042447 -0.0024252635783023 0.044180362294866)
(-0.00023852982810304 -0.002511889710619 0.043329445625059)
(-0.00044185601658443 -0.00010163564487614 0.044852161037412)
(0.00032115472875757 -0.00059097110845829 0.044859425835312)
(-0.00032001102369162 0.0002027986119225 0.045487260869867)
(0.00083119207126409 0.0017444111021349 0.043583228745864)
(0.0016782516205166 0.0019788380894359 0.043510265277169)
(0.0016170103418543 0.0027991110955479 0.043505381737704)
(0.00027571646959237 0.0018889460750287 0.043069169020509)
(0.0009443585464349 0.0021265314734527 0.042984638009791)
(0.00082811906731274 -0.0034646181169809 0.043380459486502)
(0.0016168141994009 -0.003530782612721 0.043403082427433)
(0.001891246620451 -0.0035022821508055 0.044331962111432)
(0.00020742321489759 -0.0032936122360853 0.043826052355891)
(0.00023293476929576 -0.0041202429465212 0.043494039434116)
(0.00029285778033357 -0.0032264676388466 0.042909898511109)
(0.00081427129524551 -0.0025129261218831 0.043433131705314)
(0.0011585106035567 -0.0041923223277239 0.043669770758428)
(0.00092205798702702 -0.0036056684990723 0.044178526328061)
(0.0016542346501761 -0.0021621475327787 0.04545864660822)
(0.00020959189052014 -0.0018135958152571 0.04491835128141)
(0.00033233700305186 -0.0025895376935097 0.04500403024335)
(0.00073592376767363 -0.0012079650560902 0.044684706873215)
(0.00079898560743124 -0.0011829353683266 0.045435791085825)
(0.00075247444982027 -0.0022572570210879 0.045535938205179)
(0.00093345477381994 -0.0020435033180143 0.044279971867859)
(0.00025872010697127 -0.0011097458054631 0.046137250371587)
(0.00064061394414919 9.1299019619492e-05 0.046189437978987)
(0.00076563468902541 2.8513999863514e-05 0.046886268004193)
(0.0024377807634152 -0.0031060468977492 0.046489309222457)
(0.0021760062561199 -0.0026851927678086 0.045326144060516)
(0.0021935527064844 -0.00054156215948752 0.047569987164539)
(0.0023913228307409 8.5593607448129e-05 0.047346006402612)
(0.0022063268211902 0.00012686388599805 0.047957718151824)
(0.0022355738391445 -0.0011562244251824 0.04739374588718)
(0.0020673630959482 -0.00073684517441035 0.048134321563015)
(0.0001020661170699 0.00047501154635146 0.046096083044377)
(0.0001712234328136 0.0004604661164405 0.046952713396898)
(-0.00033563535146818 -0.0019348295331245 0.045679125384249)
(0.00043142235674523 -0.0017562084199606 0.045860433860632)
(0.00017045991470888 -0.0024970391779052 0.0461114763367)
(0.00055544335427197 -0.0019263872159725 0.046680026623957)
(-0.0003993709279184 -0.001186385302466 0.046738856729505)
(-0.00024686240453404 -0.0033570469994404 0.046290907835272)
(-0.00029337844032965 -0.0026040384754154 0.046984315489143)
(-0.00051091163340282 -0.001900985343421 0.046748339262658)
(0.00026494946932676 -0.00048225013214628 0.047437713386713)
(0.00028982815786455 0.00021116471290645 0.047759709783634)
(-0.00043413479489943 7.0999866662649e-05 0.047335571095956)
(0.00093470237310195 0.0021825967886093 0.046048085676875)
(0.00016306680434558 0.002144769022472 0.046249926083778)
(0.000299304353965 0.0021207205535223 0.045494803957853)
(0.00046449161644807 0.003023663045515 0.045700141582646)
(0.00090679965512261 0.0028513864882299 0.046722027308918)
(0.00066969232025188 0.001445546223738 0.046175122564436)
(0.00067672852743145 0.0019805671968405 0.046892708579604)
(0.00082404707010875 0.00068887379332898 0.047362613388175)
(0.0016729793958854 0.00060470943846095 0.047368829661388)
(0.0015718671034185 0.001378971387441 0.047469885475712)
(0.000808985524961 0.0014313654769794 0.047523988508669)
(0.001083610629761 0.0014849312322192 0.048238814859799)
(0.0009709129105837 2.3549662854486e-05 0.047605088042667)
(0.00070360102641985 0.00086070452599796 0.048130487623948)
(0.00055127577934823 -0.0032641498690636 0.045606265629637)
(0.0015498780039137 -0.0037038500940444 0.045873172160023)
(8.9553115405824e-05 -0.0035105055022316 0.047095451222304)
(0.00084232362913318 -0.0024316515286069 0.046206647534247)
(0.00060551937875786 -0.0041065590904991 0.046076327953382)
(0.00082823585925629 -0.0032446546268911 0.046521379773594)
(0.00096374695773387 -0.0017075606781729 0.04739131424157)
(0.00023421014735733 -0.0018583889696603 0.047432650551313)
(0.00079934188113689 -0.0025373214533471 0.047417294515734)
(0.00060319688901065 -0.0020489835629785 0.048318724580183)
(0.0014886862237059 -0.00215740338091 0.048133682913123)
(0.00044198992011728 -0.0012834413166042 0.047990389944518)
(1.1028995831084e-05 -0.001230251910358 0.048494896911275)
(0.00093692772103888 0.00026379756136762 0.048635448914405)
(0.0015664020773424 2.9821211843351e-05 0.048312820782797)
(0.00076872452398797 -0.0011753232185652 0.048651902267461)
(0.00073068625224311 -0.0005138368821984 0.048227303236834)
(0.0020550667059027 0.0031680338064385 0.046931576678455)
(0.0023851142446217 0.0031916104394428 0.047827725889214)
(0.0017670335126886 0.001695997894279 0.048392732445937)
(0.0024133128750208 0.0022348905958972 0.046629897028199)
(0.0020836371396124 0.00051408912262629 0.048485727581798)
(0.0015776576978189 0.0008342709679851 0.048717481493519)
(0.0022236919641067 -7.2789985375189e-05 0.048594152184821)
(0.002174898686311 -0.002538182259631 0.048661938328465)
(0.0020080925905743 -0.0026061769453042 0.047513833282044)
(0.0017100161091362 0.0027047175068559 0.048679417928357)
(0.0015892800329977 0.0020412529859106 0.04921701056573)
(0.00018236758178499 0.002079562550349 0.048900820909723)
(0.00028919412918689 0.0018998437965324 0.048123120888718)
(0.00048046051099945 0.002962516489517 0.048436194070179)
(0.00086658528714533 0.0027402641368173 0.049227699188184)
(-0.00051286801249326 0.0021595037663179 0.047689923561899)
(0.00026498058366707 0.0019260350449228 0.047445263569734)
(-0.00054915085176192 0.0027671855833958 0.048184919696951)
(0.00010176988922672 0.0031932153279803 0.046717728773741)
(-0.00034707730056349 0.0026634263697901 0.04614853521286)
(-0.00049964794785188 0.0026873998002888 0.045499336146443)
(-0.00015276813938953 0.0041718505818929 0.046780183077619)
(-0.00052911757245453 0.0034205368112727 0.045354876629282)
(-0.00039061424622629 -0.0019014442773321 0.04787582523282)
(-0.00019276180198515 -0.0031280960476727 0.045072983040121)
(0.00041409932551549 -0.0032867725859843 0.044658705915937)
(-0.00051112571988529 -0.0025078291970033 0.044941891396298)
(-0.00033587793611811 -0.0039444936030804 0.045326727996904)
(0.0004078784414776 0.0033573917872227 0.020136366426527)
(0.00023251640505449 0.0033796578657791 0.021034076940138)
(-0.00049997744744703 0.00297936995888 0.020160950500695)
(-0.00035506934655419 0.0026109551048525 0.021048400861168)
(0.00024106649659315 0.0033821609043239 0.014889518327207)
(0.00030375587772317 0.0033750527172355 0.015820675288258)
(-0.00050143624535574 0.0029440049242227 0.015750404394835)
(0.00042726178939021 0.0034452544547306 0.0099852308193316)
(0.0004192731464994 0.0039413109669633 0.010888897971831)
(-0.00064011469115119 0.0030194904911479 0.0096617919719456)
(-0.00021127889384421 0.002931583940875 0.010850482099998)
(0.00010130985005283 0.0029261662771688 0.0072163091832747)
(0.00016914744097533 0.003059384793238 0.0061818373321979)
(0.00018855240833759 0.0039430611877825 0.0060846697344903)
(0.00019408695003351 0.0035628402200344 0.0068754224341402)
(-0.00036383296991116 0.0021656889637613 0.0051223085393805)
(0.00023591754127694 0.0017629894086318 0.0048200137683945)
(0.0003389813617703 0.0027339722328441 0.0050871993169203)
(-0.00047853733791887 0.0019723836006733 0.03200967521422)
(0.00027055403642917 0.0026042223948147 0.031971452654469)
(-0.00041490321311578 0.0018480621678596 0.032924768177243)
(-0.00039699194559231 0.0034197158399535 0.035688904649181)
(0.00036431262918934 0.0041233283208409 0.035701458908719)
(0.0002723832438288 0.0034237584450054 0.036381466899787)
(-0.00051542584474466 0.002770451631052 0.036257966844349)
(0.00024692678451342 0.0018145985940414 0.034494955334829)
(9.4107446645921e-05 0.0026540973455744 0.034501825578228)
(-0.00047548385308917 0.0013032155413246 0.034582288173671)
(-0.00041323626844766 0.0019074233476031 0.033845544135436)
(0.00021940038144871 0.0032126026988319 0.030491305370388)
(0.00030454826646279 0.0042041764442219 0.030602547993479)
(0.00039207953648386 0.0032214302204404 0.031434079649379)
(-0.00041936598582764 0.0028983285221931 0.029956576562615)
(-0.00053304971666119 0.0042554132386325 0.031535499222367)
(-0.00052195796925222 0.0020693811630522 0.029663681317263)
(0.00029240885772039 0.0019013950803483 0.029464488016331)
(-0.0001557249704029 0.0020862863014667 0.02883044089353)
(-0.00036448648666652 0.0034399329385835 0.02810018182953)
(0.00026286973763985 0.0034340216859912 0.028757708643901)
(-0.00042378092765852 0.0027623352894171 0.027544384055174)
(-9.7825005973712e-05 0.0020445439245476 0.02675927005872)
(0.00020740366685784 0.0028332178141342 0.026916092249582)
(-0.00048652324431085 0.0033328958697887 0.025129576413176)
(0.00026584781349585 0.0040091752270009 0.025545130562618)
(0.00012269587255471 0.0032659042752039 0.026157406742571)
(-0.00040842267597097 0.0040870345592698 0.038355048251673)
(-0.0005391677101547 0.0025698717322728 0.03763367791745)
(-0.00031359944983171 0.0033286971047457 0.039071313805929)
(-0.00037757377549808 0.0019516756758244 0.039860429928639)
(0.00030997869398393 0.0018728643919412 0.039579531439985)
(-0.00034128390137165 0.0027274082467995 0.040379013914)
(-0.00039341732557899 0.0012694192861029 0.039589085960572)
(-0.00046027338889775 0.0017340000806477 0.04054327707094)
(-0.00044234454331465 0.001996682239551 0.039188011374615)
(0.00021070438543931 0.0029099869901547 0.037165527681555)
(-0.00048196908697853 0.0021002981064698 0.042895451952908)
(0.00036201497594981 0.0019222383649886 0.042373444902897)
(0.00027855828240772 0.0026044607989828 0.042499788618783)
(0.00031131122261352 0.0031295687641121 0.03322640467128)
(0.00018732709092492 0.003993666777331 0.033143268102074)
(0.00010105368887683 0.0033772952720958 0.033910631043703)
(-0.00035645910708072 0.0026678077708824 0.033509917853439)
(-0.00017620651810406 0.0033441192608523 0.041878438915471)
(-0.00047532165903815 0.0027317640811629 0.041266145690115)
(0.00013635193063487 0.0031669280902863 0.04392268399273)
(0.00021810707893423 0.0039346650323647 0.043341801451096)
(9.8116175347356e-05 0.002790431590645 0.044758235867013)
(0.00022983411707919 0.0020144489733103 0.021599526075538)
(0.00032337478240801 0.0029208677790239 0.021636428932226)
(-0.00028789331367163 0.0013881322995847 0.02179213015533)
(-0.00059645411900685 0.0018828545804945 0.022438195616031)
(-6.4420474196955e-05 -0.0033386557691745 0.0049897860779006)
(0.00038935619592674 -0.003150333789834 0.0056794985328623)
(-0.00040813174320366 -0.0026013659297933 0.0044159338242467)
(-0.00037036364618001 -0.0041500940901095 0.0047972789461334)
(-0.00041862081423276 -0.0034070341042164 0.0057360922115094)
(-0.00033073655276515 -0.0032578110936476 0.017632588183181)
(0.00035008323269794 -0.0032717713562296 0.018351070523861)
(-0.0002692239430681 -0.0039683350541873 0.018193330448839)
(-0.00031205679159966 -0.0031591088300767 0.020289486474236)
(0.00049649030234161 -0.0033839025873169 0.020281796660218)
(-0.00022465503244305 -0.0041194282981172 0.020417127243008)
(-0.00017347507849202 -0.0032398861815269 0.023171004268832)
(-0.00044651636187798 -0.0025072851992341 0.023637249658425)
(-0.00021573915106664 -0.0041113897804847 0.023266337602005)
(-0.00047400383324879 -0.004190429312596 0.022416981967841)
(-0.0003775849315598 -0.003402461133562 0.022469947468927)
(-0.00039472833711966 -0.0031071066767319 0.025753770285638)
(0.00048437593774175 -0.003303975732019 0.02534763919733)
(-0.00039091855608997 -0.0025098724132649 0.026395763373952)
(-0.00010080663212361 -0.0040667851334962 0.025661052249241)
(0.0002830621828587 -0.0032809311627091 0.034407954926695)
(0.00026167668315812 -0.0030482970875363 0.035316106850476)
(-0.00034442150149255 -0.0040446323558153 0.034776913762479)
(-0.00043585953605819 -0.0037745090635221 0.035916799864953)
(-0.00030152021748049 -0.0033469729704388 0.03210875291661)
(-0.00012868299970187 -0.0041857527141775 0.032236958668437)
(-0.00028954608898564 -0.0031253737694766 0.031429431881217)
(-0.00034172517815464 -0.0032460289248563 0.029522246735533)
(-0.00036395141177434 -0.0040267256125511 0.029446052318567)
(-0.00014574635067713 -0.0032993815982569 0.02874007825128)
(-0.00043467467119428 -0.0031616656204843 0.037035786991741)
(0.00045356208420083 -0.0032544421908267 0.036521461517124)
(-0.00040394753978605 -0.0040955086925187 0.037162850306097)
(-0.00046701395849948 -0.0034410213785473 0.040114354719713)
(0.00018969497695935 -0.0035183157896138 0.039629683297063)
(-0.00056219029799065 -0.0027257357039942 0.03954486425474)
(-0.00021433544786125 -0.0042756326161431 0.039991171468903)
(-0.0004892168481916 -0.0033951342480385 0.039088494402936)
(-6.7438649226595e-05 -0.0040086332272243 0.042358164534537)
(-0.00055919164634522 -0.0041780849520635 0.041641390782168)
(-0.00029096642489259 0.0032374667949261 0.012695391034205)
(0.00058501229326066 0.0032313231474806 0.012328122635659)
(0.0007201841324197 0.004110552950359 0.012901032199949)
(-0.00035577621844658 0.0025385851113796 0.012610782360205)
(-9.031384468701e-05 0.0042300003467722 0.013503800007028)
(-0.00049578299329818 0.0032542320164747 0.011979768005423)
(-0.00028514297886162 0.0033242134763605 0.023144756427119)
(-0.00038971404718218 0.0035418901860525 0.022350552453634)
(-0.00030563100134532 0.0035146125103001 0.018013279517158)
(0.00031206530574693 0.0033761851081937 0.0186127201861)
(-0.00056456403382237 0.0027208575300533 0.017526220021498)
)


// ************************************************************************* //
